S1_A10,S2_A10,S3_A10,S4_A10,S5_A10,S6_A10,S7_A10,S8_A10
0.499,1.971,0.357,1.832,2.143,0.32,0.655,2.076
0.498,1.966,0.355,1.828,2.137,0.319,0.654,2.071
0.498,1.965,0.355,1.826,2.135,0.318,0.653,2.066
0.5,1.972,0.357,1.831,2.14,0.319,0.654,2.07
0.501,1.976,0.357,1.836,2.146,0.32,0.656,2.076
0.5,1.974,0.357,1.835,2.146,0.32,0.657,2.078
0.499,1.971,0.356,1.832,2.142,0.32,0.656,2.075
0.498,1.965,0.355,1.827,2.137,0.319,0.654,2.07
0.498,1.965,0.355,1.825,2.134,0.318,0.653,2.066
0.5,1.971,0.356,1.831,2.14,0.319,0.654,2.069
0.501,1.975,0.357,1.835,2.145,0.32,0.656,2.075
0.5,1.973,0.357,1.834,2.145,0.32,0.656,2.077
0.499,1.97,0.356,1.831,2.142,0.319,0.655,2.074
0.498,1.965,0.355,1.827,2.136,0.318,0.654,2.069
0.498,1.963,0.355,1.824,2.133,0.318,0.653,2.064
0.5,1.97,0.356,1.829,2.139,0.319,0.654,2.068
0.501,1.974,0.357,1.834,2.145,0.319,0.656,2.074
0.501,1.972,0.357,1.833,2.144,0.319,0.656,2.075
0.499,1.969,0.356,1.831,2.142,0.319,0.656,2.074
0.498,1.964,0.355,1.826,2.136,0.318,0.654,2.069
0.499,1.963,0.355,1.824,2.133,0.318,0.653,2.064
0.5,1.969,0.356,1.828,2.138,0.318,0.654,2.067
0.501,1.973,0.357,1.834,2.144,0.319,0.656,2.074
0.501,1.972,0.357,1.833,2.145,0.319,0.656,2.076
0.5,1.969,0.356,1.831,2.142,0.319,0.656,2.073
0.499,1.964,0.355,1.826,2.136,0.318,0.654,2.069
0.499,1.963,0.355,1.824,2.133,0.318,0.653,2.064
0.501,1.969,0.356,1.828,2.138,0.318,0.654,2.066
0.502,1.973,0.357,1.833,2.144,0.319,0.656,2.073
0.501,1.972,0.357,1.833,2.145,0.319,0.657,2.075
0.501,1.969,0.356,1.831,2.142,0.319,0.656,2.073
0.499,1.964,0.355,1.826,2.137,0.318,0.655,2.068
0.499,1.962,0.355,1.823,2.133,0.317,0.653,2.063
0.501,1.968,0.356,1.827,2.137,0.318,0.654,2.066
0.502,1.973,0.357,1.833,2.144,0.319,0.656,2.073
0.502,1.972,0.356,1.833,2.144,0.319,0.657,2.074
0.501,1.969,0.356,1.83,2.141,0.319,0.656,2.072
0.5,1.964,0.355,1.825,2.136,0.318,0.655,2.067
0.499,1.961,0.354,1.822,2.132,0.317,0.653,2.062
0.501,1.967,0.356,1.828,2.14,0.318,0.655,2.069
0.501,1.968,0.356,1.829,2.14,0.318,0.655,2.07
0.501,1.968,0.356,1.828,2.139,0.318,0.655,2.069
0.501,1.968,0.356,1.828,2.139,0.318,0.655,2.069
0.501,1.968,0.356,1.828,2.139,0.318,0.656,2.069
0.501,1.968,0.356,1.828,2.139,0.318,0.655,2.069
0.501,1.968,0.355,1.828,2.139,0.318,0.655,2.069
0.501,1.968,0.355,1.828,2.139,0.318,0.655,2.068
0.501,1.967,0.355,1.828,2.139,0.318,0.656,2.068
0.501,1.967,0.355,1.828,2.139,0.318,0.655,2.069
0.502,1.967,0.355,1.828,2.139,0.318,0.655,2.068
0.502,1.967,0.356,1.828,2.139,0.318,0.656,2.068
0.502,1.967,0.355,1.828,2.139,0.318,0.656,2.069
0.502,1.967,0.355,1.827,2.139,0.318,0.656,2.068
0.502,1.967,0.355,1.827,2.139,0.318,0.655,2.068
0.502,1.967,0.355,1.827,2.138,0.318,0.656,2.067
0.502,1.966,0.355,1.826,2.138,0.318,0.655,2.067
0.502,1.966,0.355,1.826,2.138,0.317,0.655,2.067
0.502,1.966,0.355,1.826,2.138,0.318,0.655,2.067
0.502,1.965,0.355,1.826,2.138,0.317,0.655,2.067
0.502,1.966,0.355,1.826,2.138,0.318,0.655,2.067
0.502,1.965,0.355,1.826,2.138,0.317,0.655,2.066
0.502,1.965,0.355,1.826,2.138,0.318,0.656,2.066
0.502,1.965,0.355,1.826,2.138,0.318,0.656,2.066
0.502,1.965,0.355,1.826,2.138,0.317,0.655,2.066
0.502,1.965,0.355,1.826,2.138,0.317,0.655,2.066
0.502,1.965,0.355,1.826,2.137,0.317,0.656,2.066
0.502,1.965,0.355,1.825,2.137,0.317,0.655,2.066
0.502,1.965,0.355,1.825,2.137,0.317,0.655,2.065
0.502,1.964,0.355,1.825,2.137,0.317,0.655,2.065
0.502,1.964,0.355,1.825,2.137,0.317,0.655,2.065
0.502,1.963,0.354,1.825,2.136,0.317,0.655,2.065
0.502,1.964,0.355,1.825,2.137,0.317,0.656,2.065
0.502,1.963,0.355,1.824,2.137,0.317,0.655,2.065
0.502,1.963,0.355,1.824,2.136,0.317,0.655,2.064
0.502,1.963,0.354,1.824,2.136,0.317,0.655,2.064
0.502,1.963,0.354,1.824,2.136,0.317,0.655,2.064
0.502,1.963,0.354,1.824,2.136,0.317,0.655,2.064
0.502,1.963,0.354,1.824,2.136,0.317,0.655,2.064
0.502,1.962,0.354,1.824,2.136,0.317,0.655,2.064
0.503,1.962,0.354,1.824,2.136,0.317,0.655,2.064
0.503,1.963,0.354,1.824,2.136,0.317,0.656,2.064
0.503,1.963,0.354,1.824,2.136,0.317,0.656,2.064
0.503,1.963,0.354,1.824,2.136,0.317,0.656,2.064
0.503,1.962,0.354,1.823,2.136,0.317,0.656,2.064
0.503,1.962,0.354,1.823,2.136,0.317,0.656,2.064
0.503,1.963,0.354,1.824,2.136,0.317,0.656,2.064
0.503,1.962,0.354,1.823,2.136,0.317,0.656,2.064
0.503,1.962,0.354,1.823,2.136,0.316,0.656,2.063
0.503,1.962,0.354,1.823,2.136,0.317,0.656,2.063
0.503,1.962,0.354,1.823,2.136,0.317,0.656,2.064
0.503,1.962,0.354,1.823,2.136,0.317,0.656,2.063
0.503,1.962,0.354,1.823,2.136,0.316,0.656,2.063
0.503,1.962,0.354,1.823,2.136,0.316,0.656,2.063
0.503,1.962,0.354,1.823,2.136,0.316,0.656,2.063
0.503,1.962,0.354,1.823,2.136,0.316,0.656,2.063
0.503,1.962,0.354,1.823,2.136,0.316,0.656,2.063
0.503,1.962,0.354,1.823,2.136,0.316,0.656,2.063
0.504,1.962,0.354,1.822,2.136,0.316,0.656,2.062
0.504,1.962,0.354,1.823,2.135,0.316,0.656,2.063
0.504,1.961,0.354,1.822,2.135,0.316,0.656,2.062
0.504,1.961,0.354,1.822,2.135,0.316,0.656,2.063
0.504,1.961,0.354,1.822,2.136,0.316,0.656,2.062
0.504,1.961,0.354,1.822,2.135,0.316,0.657,2.064
0.503,1.959,0.354,1.821,2.135,0.316,0.656,2.062
0.502,1.956,0.353,1.817,2.13,0.315,0.655,2.058
0.503,1.958,0.353,1.818,2.13,0.315,0.654,2.056
0.505,1.963,0.354,1.823,2.136,0.316,0.656,2.061
0.505,1.963,0.354,1.825,2.138,0.317,0.657,2.065
0.504,1.962,0.354,1.823,2.137,0.316,0.657,2.063
0.503,1.959,0.354,1.821,2.134,0.316,0.656,2.062
0.503,1.955,0.353,1.816,2.13,0.315,0.654,2.057
0.503,1.957,0.353,1.817,2.129,0.315,0.654,2.055
0.505,1.962,0.354,1.822,2.135,0.316,0.656,2.06
0.505,1.963,0.354,1.824,2.138,0.316,0.657,2.064
0.505,1.961,0.354,1.822,2.136,0.316,0.657,2.063
0.504,1.958,0.353,1.82,2.134,0.316,0.656,2.061
0.503,1.954,0.352,1.816,2.129,0.315,0.654,2.056
0.504,1.956,0.353,1.816,2.128,0.315,0.654,2.054
0.505,1.961,0.354,1.821,2.134,0.316,0.656,2.059
0.505,1.962,0.354,1.823,2.137,0.316,0.657,2.063
0.505,1.96,0.353,1.821,2.135,0.316,0.656,2.062
0.504,1.957,0.353,1.819,2.133,0.315,0.656,2.06
0.503,1.953,0.352,1.815,2.128,0.315,0.654,2.055
0.503,1.954,0.352,1.815,2.128,0.315,0.654,2.053
0.505,1.96,0.354,1.82,2.134,0.316,0.656,2.058
0.505,1.961,0.354,1.822,2.136,0.316,0.657,2.062
0.505,1.959,0.353,1.82,2.135,0.316,0.656,2.061
0.504,1.957,0.353,1.818,2.133,0.315,0.656,2.059
0.503,1.952,0.352,1.814,2.127,0.315,0.654,2.054
0.504,1.953,0.352,1.814,2.127,0.314,0.654,2.052
0.505,1.959,0.353,1.819,2.133,0.315,0.656,2.057
0.505,1.96,0.353,1.821,2.135,0.316,0.657,2.061
0.505,1.958,0.353,1.819,2.134,0.315,0.656,2.06
0.504,1.956,0.353,1.817,2.132,0.315,0.656,2.058
0.503,1.952,0.352,1.814,2.127,0.314,0.654,2.054
0.504,1.953,0.352,1.813,2.126,0.314,0.654,2.051
0.505,1.958,0.353,1.818,2.132,0.315,0.655,2.056
0.505,1.959,0.353,1.82,2.135,0.316,0.657,2.06
0.505,1.958,0.353,1.819,2.133,0.315,0.656,2.059
0.504,1.955,0.352,1.817,2.132,0.315,0.656,2.057
0.503,1.951,0.352,1.813,2.127,0.314,0.654,2.054
0.504,1.952,0.352,1.813,2.126,0.314,0.654,2.051
0.505,1.957,0.353,1.817,2.131,0.315,0.655,2.055
0.506,1.959,0.353,1.82,2.135,0.315,0.657,2.059
0.505,1.957,0.353,1.818,2.133,0.315,0.656,2.058
0.505,1.955,0.352,1.817,2.131,0.315,0.656,2.057
0.503,1.951,0.351,1.813,2.127,0.314,0.654,2.053
0.504,1.951,0.352,1.812,2.125,0.314,0.654,2.05
0.506,1.956,0.353,1.817,2.131,0.314,0.655,2.054
0.506,1.958,0.353,1.819,2.134,0.315,0.657,2.059
0.505,1.957,0.353,1.818,2.133,0.315,0.656,2.058
0.505,1.955,0.352,1.816,2.131,0.315,0.656,2.056
0.504,1.95,0.352,1.812,2.127,0.314,0.654,2.052
0.504,1.951,0.352,1.811,2.125,0.313,0.654,2.049
0.506,1.956,0.353,1.816,2.129,0.314,0.655,2.053
0.506,1.957,0.353,1.818,2.133,0.315,0.656,2.057
0.506,1.956,0.353,1.817,2.132,0.315,0.656,2.057
0.505,1.953,0.352,1.815,2.13,0.314,0.656,2.055
0.504,1.949,0.351,1.812,2.126,0.314,0.655,2.052
0.504,1.95,0.351,1.81,2.124,0.313,0.654,2.048
0.506,1.955,0.352,1.815,2.129,0.314,0.655,2.052
0.506,1.957,0.353,1.818,2.133,0.315,0.657,2.057
0.506,1.956,0.353,1.817,2.132,0.315,0.656,2.057
0.506,1.954,0.352,1.815,2.13,0.314,0.656,2.054
0.506,1.954,0.352,1.815,2.13,0.314,0.656,2.054
0.506,1.954,0.352,1.815,2.13,0.314,0.655,2.054
0.506,1.954,0.352,1.814,2.13,0.314,0.655,2.053
0.506,1.954,0.352,1.814,2.129,0.314,0.655,2.053
0.506,1.953,0.352,1.814,2.13,0.314,0.656,2.053
0.506,1.953,0.352,1.814,2.13,0.314,0.655,2.053
0.506,1.953,0.352,1.814,2.129,0.314,0.655,2.053
0.506,1.953,0.352,1.814,2.129,0.314,0.655,2.053
0.506,1.953,0.352,1.814,2.129,0.314,0.655,2.052
0.506,1.953,0.352,1.813,2.129,0.314,0.655,2.052
0.506,1.953,0.352,1.813,2.129,0.314,0.656,2.053
0.506,1.953,0.352,1.813,2.129,0.314,0.656,2.052
0.506,1.953,0.352,1.813,2.129,0.314,0.656,2.052
0.506,1.953,0.352,1.813,2.129,0.314,0.656,2.052
0.506,1.953,0.352,1.813,2.129,0.313,0.655,2.052
0.506,1.952,0.352,1.813,2.128,0.313,0.655,2.052
0.506,1.952,0.352,1.813,2.129,0.314,0.655,2.051
0.506,1.952,0.352,1.812,2.128,0.314,0.655,2.051
0.506,1.952,0.352,1.812,2.128,0.313,0.655,2.051
0.506,1.952,0.352,1.812,2.128,0.313,0.655,2.051
0.506,1.952,0.352,1.812,2.128,0.313,0.655,2.051
0.506,1.952,0.352,1.812,2.128,0.313,0.655,2.051
0.506,1.951,0.352,1.812,2.128,0.313,0.655,2.051
0.506,1.952,0.352,1.812,2.128,0.313,0.655,2.051
0.506,1.951,0.352,1.812,2.128,0.313,0.655,2.051
0.506,1.951,0.351,1.812,2.128,0.313,0.656,2.05
0.506,1.951,0.351,1.812,2.128,0.313,0.655,2.05
0.506,1.951,0.351,1.812,2.128,0.313,0.655,2.05
0.506,1.951,0.351,1.811,2.128,0.313,0.655,2.05
0.506,1.951,0.351,1.811,2.128,0.313,0.655,2.05
0.506,1.951,0.351,1.811,2.128,0.313,0.656,2.05
0.506,1.951,0.351,1.811,2.128,0.313,0.655,2.05
0.506,1.95,0.351,1.811,2.128,0.313,0.655,2.05
0.506,1.95,0.351,1.811,2.127,0.313,0.655,2.05
0.506,1.95,0.351,1.811,2.127,0.313,0.655,2.05
0.507,1.95,0.351,1.81,2.127,0.313,0.655,2.05
0.507,1.95,0.351,1.811,2.127,0.313,0.655,2.049
0.507,1.95,0.351,1.811,2.127,0.313,0.655,2.05
0.507,1.95,0.351,1.81,2.127,0.313,0.655,2.049
0.507,1.95,0.351,1.81,2.127,0.313,0.655,2.049
0.507,1.95,0.351,1.81,2.127,0.313,0.655,2.049
0.507,1.949,0.351,1.81,2.127,0.313,0.656,2.05
0.507,1.95,0.351,1.811,2.128,0.313,0.655,2.05
0.507,1.95,0.351,1.811,2.128,0.313,0.656,2.049
0.507,1.95,0.351,1.811,2.128,0.313,0.656,2.049
0.507,1.95,0.351,1.81,2.127,0.313,0.656,2.049
0.507,1.95,0.351,1.81,2.127,0.313,0.655,2.049
0.507,1.95,0.351,1.81,2.127,0.313,0.656,2.049
0.507,1.95,0.351,1.81,2.127,0.313,0.656,2.049
0.507,1.95,0.351,1.81,2.127,0.313,0.656,2.048
0.507,1.95,0.351,1.81,2.127,0.313,0.656,2.049
0.507,1.949,0.351,1.81,2.127,0.312,0.656,2.048
0.507,1.949,0.351,1.81,2.127,0.312,0.656,2.048
0.507,1.949,0.351,1.81,2.127,0.313,0.656,2.049
0.507,1.949,0.351,1.809,2.127,0.312,0.655,2.048
0.507,1.949,0.351,1.809,2.127,0.312,0.656,2.048
0.507,1.949,0.351,1.809,2.127,0.313,0.656,2.049
0.507,1.949,0.351,1.81,2.127,0.313,0.656,2.048
0.508,1.95,0.351,1.81,2.127,0.312,0.656,2.048
0.508,1.949,0.351,1.809,2.127,0.313,0.656,2.048
0.508,1.949,0.351,1.81,2.127,0.312,0.656,2.049
0.508,1.949,0.351,1.809,2.127,0.312,0.656,2.048
0.508,1.949,0.351,1.809,2.125,0.312,0.655,2.046
0.508,1.951,0.351,1.811,2.129,0.313,0.656,2.049
0.508,1.95,0.351,1.81,2.129,0.312,0.656,2.049
0.508,1.95,0.351,1.809,2.127,0.312,0.656,2.048
0.507,1.947,0.351,1.808,2.126,0.312,0.656,2.047
0.507,1.946,0.35,1.806,2.123,0.312,0.655,2.044
0.508,1.948,0.351,1.807,2.125,0.312,0.655,2.044
0.508,1.95,0.351,1.81,2.128,0.312,0.656,2.048
0.508,1.95,0.351,1.81,2.128,0.312,0.656,2.049
0.508,1.949,0.351,1.809,2.127,0.312,0.656,2.048
0.507,1.947,0.351,1.807,2.125,0.312,0.656,2.047
0.507,1.945,0.35,1.805,2.123,0.312,0.655,2.044
0.508,1.947,0.351,1.807,2.124,0.312,0.655,2.044
0.508,1.95,0.351,1.809,2.128,0.312,0.656,2.048
0.508,1.95,0.351,1.809,2.128,0.312,0.656,2.048
0.508,1.949,0.351,1.808,2.127,0.312,0.656,2.048
0.508,1.947,0.351,1.807,2.126,0.312,0.656,2.047
0.507,1.945,0.35,1.805,2.123,0.312,0.655,2.044
0.508,1.947,0.35,1.806,2.124,0.312,0.655,2.044
0.509,1.95,0.351,1.809,2.128,0.312,0.657,2.047
0.509,1.949,0.351,1.809,2.128,0.312,0.657,2.048
0.509,1.949,0.351,1.808,2.127,0.312,0.656,2.047
0.508,1.947,0.35,1.807,2.126,0.312,0.656,2.046
0.508,1.945,0.35,1.805,2.123,0.312,0.655,2.044
0.508,1.947,0.35,1.806,2.124,0.312,0.655,2.043
0.509,1.949,0.351,1.808,2.127,0.312,0.656,2.046
0.509,1.949,0.351,1.808,2.127,0.312,0.657,2.047
0.509,1.948,0.35,1.807,2.127,0.312,0.657,2.047
0.508,1.947,0.35,1.806,2.126,0.312,0.656,2.046
0.508,1.944,0.35,1.804,2.123,0.311,0.655,2.043
0.509,1.946,0.35,1.805,2.124,0.311,0.655,2.043
0.509,1.949,0.351,1.808,2.127,0.312,0.656,2.046
0.509,1.949,0.351,1.808,2.128,0.312,0.657,2.048
0.509,1.948,0.351,1.808,2.127,0.312,0.657,2.047
0.508,1.946,0.35,1.806,2.126,0.312,0.656,2.046
0.508,1.944,0.35,1.804,2.123,0.311,0.655,2.043
0.509,1.946,0.35,1.805,2.124,0.311,0.655,2.043
0.51,1.948,0.351,1.807,2.127,0.312,0.656,2.045
0.509,1.948,0.35,1.808,2.127,0.312,0.657,2.047
0.509,1.947,0.35,1.807,2.127,0.312,0.656,2.046
0.509,1.946,0.35,1.806,2.126,0.312,0.656,2.045
0.508,1.944,0.35,1.804,2.123,0.311,0.655,2.043
0.509,1.945,0.35,1.804,2.123,0.311,0.655,2.042
0.51,1.948,0.35,1.807,2.126,0.312,0.656,2.044
0.509,1.947,0.35,1.807,2.127,0.312,0.657,2.046
0.509,1.946,0.35,1.806,2.126,0.311,0.656,2.045
0.509,1.945,0.35,1.805,2.125,0.311,0.656,2.044
0.508,1.943,0.349,1.803,2.123,0.311,0.655,2.042
0.509,1.944,0.35,1.803,2.123,0.311,0.655,2.041
0.51,1.947,0.35,1.806,2.126,0.312,0.656,2.044
0.51,1.947,0.35,1.807,2.127,0.311,0.657,2.046
0.51,1.946,0.35,1.805,2.126,0.311,0.656,2.045
0.509,1.945,0.35,1.805,2.125,0.311,0.656,2.044
0.509,1.942,0.349,1.802,2.122,0.311,0.655,2.042
0.509,1.943,0.349,1.802,2.122,0.311,0.655,2.04
0.51,1.946,0.35,1.805,2.125,0.311,0.656,2.043
0.51,1.946,0.35,1.806,2.127,0.311,0.657,2.045
0.51,1.945,0.35,1.805,2.125,0.311,0.656,2.044
0.509,1.944,0.35,1.804,2.125,0.311,0.656,2.043
0.509,1.942,0.349,1.802,2.122,0.311,0.655,2.041
0.509,1.943,0.349,1.802,2.122,0.311,0.655,2.043
0.51,1.944,0.35,1.804,2.124,0.311,0.656,2.042
0.51,1.944,0.35,1.804,2.124,0.311,0.656,2.042
0.51,1.944,0.35,1.804,2.124,0.311,0.656,2.042
0.51,1.944,0.35,1.804,2.124,0.311,0.656,2.042
0.51,1.944,0.35,1.803,2.124,0.311,0.656,2.042
0.51,1.944,0.35,1.803,2.124,0.311,0.656,2.042
0.51,1.944,0.35,1.803,2.124,0.311,0.656,2.042
0.51,1.944,0.349,1.803,2.124,0.311,0.656,2.041
0.51,1.944,0.349,1.803,2.124,0.311,0.656,2.041
0.51,1.944,0.349,1.803,2.123,0.311,0.656,2.041
0.51,1.944,0.349,1.803,2.124,0.311,0.656,2.041
0.51,1.943,0.349,1.803,2.123,0.311,0.656,2.041
0.51,1.943,0.349,1.802,2.123,0.311,0.656,2.041
0.51,1.943,0.349,1.802,2.123,0.311,0.656,2.041
0.51,1.943,0.349,1.802,2.123,0.311,0.656,2.04
0.51,1.943,0.349,1.802,2.123,0.311,0.656,2.04
0.51,1.942,0.349,1.802,2.123,0.311,0.656,2.04
0.51,1.943,0.349,1.802,2.123,0.311,0.656,2.04
0.51,1.943,0.349,1.802,2.123,0.311,0.656,2.04
0.51,1.942,0.349,1.802,2.122,0.31,0.656,2.04
0.51,1.942,0.349,1.802,2.122,0.311,0.656,2.04
0.51,1.942,0.349,1.801,2.122,0.31,0.656,2.04
0.51,1.942,0.349,1.801,2.122,0.31,0.656,2.039
0.51,1.942,0.349,1.801,2.122,0.31,0.656,2.04
0.51,1.942,0.349,1.801,2.122,0.31,0.656,2.039
0.51,1.942,0.349,1.801,2.122,0.31,0.656,2.039
0.51,1.942,0.349,1.801,2.122,0.31,0.656,2.039
0.51,1.942,0.349,1.801,2.122,0.31,0.656,2.039
0.51,1.941,0.349,1.801,2.122,0.31,0.656,2.039
0.51,1.941,0.349,1.801,2.122,0.31,0.656,2.039
0.51,1.942,0.349,1.801,2.122,0.31,0.656,2.039
0.51,1.941,0.349,1.801,2.122,0.31,0.656,2.039
0.51,1.942,0.349,1.8,2.122,0.31,0.656,2.039
0.51,1.941,0.349,1.801,2.122,0.31,0.656,2.039
0.511,1.941,0.349,1.8,2.122,0.31,0.656,2.039
0.51,1.941,0.349,1.8,2.122,0.31,0.656,2.039
0.511,1.941,0.349,1.8,2.122,0.31,0.656,2.039
0.51,1.941,0.349,1.8,2.122,0.31,0.656,2.038
0.51,1.941,0.349,1.8,2.122,0.31,0.656,2.038
0.511,1.941,0.349,1.8,2.122,0.31,0.656,2.038
0.51,1.941,0.348,1.8,2.122,0.31,0.656,2.038
0.511,1.94,0.349,1.8,2.121,0.31,0.656,2.038
0.51,1.94,0.349,1.8,2.121,0.31,0.656,2.038
0.511,1.94,0.349,1.799,2.121,0.31,0.656,2.038
0.511,1.94,0.348,1.799,2.121,0.31,0.656,2.038
0.511,1.94,0.349,1.8,2.121,0.31,0.656,2.038
0.511,1.94,0.349,1.799,2.121,0.31,0.656,2.037
0.511,1.94,0.349,1.799,2.121,0.31,0.656,2.037
0.511,1.94,0.349,1.799,2.121,0.31,0.656,2.037
0.511,1.94,0.349,1.799,2.121,0.31,0.656,2.037
0.511,1.94,0.349,1.799,2.121,0.31,0.656,2.037
0.511,1.94,0.349,1.799,2.121,0.31,0.656,2.037
0.511,1.94,0.348,1.799,2.121,0.31,0.656,2.037
0.511,1.94,0.349,1.799,2.121,0.31,0.656,2.037
0.511,1.94,0.349,1.799,2.121,0.31,0.656,2.037
0.511,1.94,0.348,1.799,2.121,0.31,0.656,2.037
0.511,1.94,0.349,1.799,2.121,0.31,0.656,2.037
0.511,1.94,0.348,1.799,2.121,0.31,0.656,2.037
0.511,1.94,0.349,1.799,2.121,0.31,0.656,2.036
0.511,1.94,0.348,1.799,2.121,0.31,0.656,2.036
0.511,1.939,0.348,1.798,2.12,0.31,0.656,2.036
0.511,1.939,0.348,1.798,2.12,0.31,0.656,2.036
0.511,1.939,0.348,1.798,2.12,0.31,0.656,2.036
0.511,1.939,0.348,1.798,2.121,0.31,0.656,2.037
0.51,1.935,0.348,1.795,2.117,0.309,0.655,2.034
0.51,1.934,0.347,1.793,2.114,0.309,0.654,2.03
0.511,1.939,0.348,1.797,2.118,0.309,0.655,2.032
0.512,1.942,0.349,1.8,2.123,0.31,0.657,2.037
0.512,1.94,0.349,1.799,2.122,0.31,0.657,2.037
0.511,1.938,0.348,1.797,2.119,0.309,0.656,2.036
0.51,1.934,0.347,1.794,2.116,0.309,0.655,2.033
0.51,1.933,0.347,1.792,2.114,0.308,0.654,2.029
0.511,1.938,0.348,1.796,2.118,0.309,0.655,2.031
0.512,1.941,0.349,1.8,2.123,0.31,0.657,2.037
0.512,1.94,0.348,1.799,2.122,0.31,0.657,2.038
0.511,1.938,0.348,1.797,2.12,0.31,0.656,2.036
0.51,1.934,0.347,1.794,2.116,0.309,0.655,2.033
0.51,1.933,0.347,1.792,2.113,0.308,0.654,2.029
0.511,1.938,0.348,1.795,2.117,0.309,0.655,2.031
0.512,1.941,0.349,1.799,2.122,0.31,0.657,2.037
0.512,1.939,0.348,1.798,2.121,0.31,0.657,2.037
0.511,1.938,0.348,1.797,2.12,0.309,0.657,2.035
0.51,1.934,0.347,1.794,2.116,0.309,0.655,2.033
0.51,1.932,0.347,1.791,2.113,0.308,0.654,2.029
0.512,1.937,0.348,1.794,2.117,0.309,0.655,2.03
0.512,1.94,0.348,1.798,2.121,0.309,0.657,2.035
0.512,1.939,0.348,1.797,2.121,0.309,0.657,2.036
0.512,1.937,0.348,1.796,2.119,0.309,0.656,2.035
0.51,1.933,0.347,1.793,2.116,0.309,0.655,2.032
0.51,1.931,0.347,1.79,2.112,0.308,0.654,2.027
0.511,1.936,0.347,1.794,2.115,0.308,0.655,2.029
0.512,1.939,0.348,1.798,2.12,0.309,0.657,2.035
0.512,1.938,0.348,1.797,2.12,0.309,0.657,2.036
0.512,1.936,0.348,1.796,2.119,0.309,0.656,2.034
0.51,1.933,0.347,1.792,2.115,0.308,0.655,2.032
0.51,1.931,0.347,1.79,2.112,0.308,0.654,2.027
0.512,1.935,0.347,1.793,2.115,0.308,0.655,2.028
0.512,1.939,0.348,1.797,2.12,0.309,0.657,2.034
0.512,1.938,0.348,1.797,2.12,0.309,0.657,2.035
0.512,1.936,0.348,1.795,2.119,0.309,0.656,2.034
0.511,1.932,0.347,1.792,2.115,0.308,0.655,2.031
0.51,1.93,0.346,1.789,2.111,0.308,0.654,2.027
0.512,1.934,0.347,1.792,2.114,0.308,0.655,2.027
0.512,1.938,0.348,1.796,2.12,0.309,0.656,2.033
0.512,1.937,0.348,1.796,2.12,0.309,0.657,2.035
0.512,1.935,0.347,1.795,2.118,0.309,0.656,2.033
0.511,1.932,0.347,1.792,2.115,0.308,0.655,2.03
0.51,1.929,0.347,1.788,2.11,0.308,0.654,2.026
0.512,1.934,0.347,1.791,2.113,0.308,0.654,2.026
0.513,1.938,0.348,1.795,2.119,0.309,0.656,2.032
0.512,1.937,0.348,1.795,2.119,0.309,0.656,2.033
0.512,1.935,0.347,1.794,2.117,0.309,0.656,2.032
0.511,1.931,0.347,1.791,2.114,0.308,0.655,2.03
0.51,1.929,0.346,1.788,2.11,0.307,0.654,2.025
0.511,1.933,0.347,1.79,2.112,0.308,0.654,2.025
0.512,1.937,0.348,1.795,2.118,0.309,0.656,2.031
0.512,1.936,0.348,1.795,2.118,0.309,0.657,2.033
0.512,1.935,0.347,1.793,2.117,0.308,0.656,2.031
0.511,1.931,0.347,1.79,2.114,0.308,0.655,2.029
0.51,1.928,0.346,1.787,2.109,0.307,0.654,2.024
0.512,1.932,0.347,1.789,2.112,0.308,0.654,2.025
0.512,1.936,0.348,1.794,2.117,0.308,0.656,2.03
0.512,1.935,0.348,1.794,2.118,0.308,0.656,2.032
0.512,1.933,0.347,1.792,2.116,0.308,0.655,2.028
0.512,1.933,0.347,1.791,2.115,0.308,0.655,2.029
0.512,1.933,0.347,1.791,2.115,0.308,0.655,2.028
0.512,1.933,0.347,1.791,2.115,0.308,0.655,2.029
0.512,1.933,0.347,1.791,2.115,0.308,0.655,2.029
0.512,1.933,0.347,1.791,2.115,0.308,0.655,2.028
0.512,1.933,0.347,1.791,2.114,0.308,0.655,2.028
0.512,1.932,0.347,1.791,2.114,0.308,0.655,2.028
0.512,1.932,0.347,1.791,2.114,0.308,0.655,2.028
0.512,1.932,0.347,1.79,2.114,0.308,0.655,2.028
0.512,1.932,0.347,1.791,2.114,0.308,0.655,2.028
0.512,1.932,0.347,1.791,2.114,0.308,0.655,2.027
0.512,1.932,0.347,1.79,2.114,0.308,0.655,2.028
0.512,1.932,0.347,1.79,2.114,0.308,0.655,2.028
0.512,1.932,0.347,1.79,2.114,0.308,0.655,2.028
0.512,1.932,0.347,1.79,2.114,0.308,0.655,2.027
0.512,1.932,0.347,1.79,2.114,0.308,0.655,2.028
0.512,1.932,0.347,1.79,2.114,0.308,0.655,2.027
0.512,1.932,0.347,1.79,2.114,0.308,0.655,2.027
0.512,1.932,0.347,1.79,2.114,0.307,0.655,2.027
0.512,1.931,0.347,1.79,2.114,0.308,0.655,2.027
0.512,1.931,0.347,1.79,2.114,0.308,0.655,2.027
0.512,1.931,0.347,1.789,2.114,0.308,0.655,2.027
0.512,1.931,0.347,1.789,2.114,0.307,0.655,2.027
0.512,1.931,0.347,1.789,2.114,0.308,0.655,2.026
0.512,1.931,0.347,1.789,2.114,0.307,0.655,2.027
0.512,1.931,0.347,1.789,2.114,0.307,0.655,2.027
0.512,1.931,0.347,1.789,2.114,0.307,0.655,2.027
0.512,1.931,0.347,1.789,2.114,0.307,0.655,2.026
0.512,1.931,0.346,1.789,2.113,0.307,0.655,2.026
0.512,1.931,0.347,1.789,2.113,0.307,0.655,2.026
0.512,1.931,0.347,1.789,2.113,0.307,0.655,2.026
0.512,1.93,0.347,1.789,2.113,0.307,0.655,2.026
0.512,1.931,0.347,1.789,2.114,0.307,0.655,2.026
0.512,1.931,0.347,1.789,2.113,0.307,0.655,2.026
0.512,1.93,0.347,1.789,2.113,0.307,0.655,2.025
0.512,1.93,0.346,1.788,2.113,0.307,0.655,2.025
0.512,1.93,0.346,1.788,2.113,0.307,0.655,2.025
0.512,1.93,0.346,1.788,2.113,0.307,0.655,2.025
0.512,1.93,0.347,1.788,2.112,0.307,0.655,2.025
0.512,1.93,0.346,1.788,2.113,0.307,0.655,2.025
0.512,1.93,0.347,1.788,2.113,0.307,0.655,2.025
0.512,1.93,0.346,1.788,2.112,0.307,0.655,2.025
0.512,1.93,0.346,1.788,2.112,0.307,0.655,2.025
0.512,1.93,0.346,1.788,2.113,0.307,0.655,2.025
0.513,1.93,0.346,1.788,2.113,0.307,0.655,2.024
0.513,1.93,0.346,1.788,2.112,0.307,0.655,2.025
0.513,1.93,0.346,1.787,2.112,0.307,0.655,2.025
0.513,1.93,0.346,1.788,2.112,0.307,0.655,2.025
0.513,1.93,0.347,1.787,2.112,0.307,0.655,2.024
0.513,1.93,0.346,1.787,2.112,0.307,0.655,2.024
0.513,1.93,0.346,1.787,2.112,0.307,0.655,2.024
0.513,1.929,0.346,1.787,2.112,0.307,0.655,2.024
0.513,1.929,0.346,1.787,2.112,0.307,0.655,2.023
0.512,1.929,0.346,1.786,2.111,0.307,0.655,2.023
0.513,1.929,0.346,1.786,2.111,0.307,0.655,2.023
0.512,1.929,0.346,1.786,2.111,0.307,0.655,2.023
0.513,1.929,0.346,1.786,2.111,0.307,0.655,2.023
0.513,1.929,0.346,1.786,2.111,0.307,0.655,2.023
0.513,1.928,0.346,1.786,2.111,0.307,0.655,2.023
0.513,1.928,0.346,1.786,2.111,0.307,0.655,2.023
0.513,1.928,0.346,1.786,2.111,0.307,0.655,2.023
0.513,1.929,0.346,1.786,2.111,0.307,0.655,2.023
0.513,1.929,0.346,1.786,2.111,0.307,0.655,2.023
0.513,1.93,0.346,1.786,2.111,0.307,0.655,2.022
0.513,1.93,0.346,1.787,2.113,0.307,0.655,2.024
0.513,1.929,0.346,1.787,2.112,0.307,0.655,2.024
0.513,1.928,0.346,1.786,2.111,0.307,0.655,2.023
0.512,1.926,0.345,1.784,2.109,0.306,0.654,2.02
0.512,1.926,0.346,1.783,2.108,0.306,0.654,2.019
0.513,1.929,0.346,1.786,2.111,0.307,0.655,2.021
0.513,1.93,0.346,1.787,2.112,0.307,0.655,2.024
0.513,1.929,0.346,1.786,2.112,0.307,0.655,2.023
0.513,1.928,0.346,1.785,2.11,0.307,0.655,2.022
0.512,1.926,0.345,1.783,2.108,0.306,0.654,2.02
0.512,1.926,0.345,1.783,2.107,0.306,0.654,2.019
0.513,1.929,0.346,1.785,2.11,0.307,0.654,2.021
0.513,1.93,0.346,1.787,2.112,0.307,0.655,2.024
0.513,1.929,0.346,1.786,2.111,0.307,0.655,2.023
0.513,1.928,0.346,1.785,2.11,0.306,0.655,2.022
0.512,1.925,0.345,1.783,2.108,0.306,0.654,2.02
0.512,1.925,0.345,1.782,2.107,0.306,0.654,2.018
0.513,1.928,0.346,1.784,2.109,0.306,0.655,2.02
0.513,1.929,0.346,1.786,2.112,0.307,0.655,2.023
0.513,1.928,0.346,1.785,2.111,0.307,0.655,2.022
0.513,1.927,0.346,1.784,2.11,0.307,0.655,2.021
0.512,1.925,0.345,1.782,2.108,0.306,0.654,2.02
0.512,1.925,0.345,1.782,2.107,0.306,0.654,2.018
0.513,1.928,0.346,1.784,2.109,0.306,0.654,2.019
0.513,1.929,0.346,1.786,2.111,0.306,0.655,2.022
0.513,1.928,0.346,1.785,2.111,0.306,0.655,2.022
0.513,1.927,0.346,1.784,2.11,0.306,0.655,2.021
0.512,1.924,0.345,1.782,2.107,0.306,0.654,2.019
0.513,1.925,0.345,1.781,2.107,0.306,0.654,2.017
0.514,1.928,0.346,1.784,2.109,0.306,0.654,2.019
0.514,1.929,0.346,1.785,2.111,0.306,0.655,2.022
0.513,1.927,0.346,1.784,2.11,0.306,0.655,2.021
0.513,1.927,0.346,1.784,2.11,0.306,0.655,2.021
0.513,1.924,0.345,1.782,2.108,0.306,0.654,2.019
0.513,1.924,0.345,1.781,2.106,0.306,0.654,2.017
0.514,1.928,0.346,1.784,2.109,0.306,0.654,2.019
0.514,1.929,0.346,1.785,2.112,0.306,0.655,2.022
0.514,1.928,0.346,1.784,2.111,0.306,0.655,2.021
0.513,1.927,0.345,1.784,2.11,0.306,0.655,2.02
0.513,1.924,0.345,1.781,2.107,0.306,0.654,2.019
0.513,1.924,0.345,1.78,2.106,0.305,0.654,2.016
0.514,1.927,0.345,1.783,2.108,0.306,0.654,2.018
0.514,1.928,0.346,1.784,2.111,0.306,0.655,2.021
0.514,1.927,0.346,1.784,2.11,0.306,0.655,2.021
0.514,1.926,0.345,1.783,2.109,0.306,0.655,2.02
0.513,1.924,0.345,1.781,2.108,0.306,0.654,2.018
0.513,1.924,0.345,1.78,2.106,0.306,0.654,2.016
0.514,1.926,0.345,1.782,2.108,0.306,0.654,2.017
0.514,1.928,0.346,1.784,2.11,0.306,0.655,2.02
0.514,1.927,0.346,1.783,2.11,0.306,0.655,2.02
0.514,1.926,0.345,1.783,2.109,0.306,0.655,2.02
0.513,1.924,0.345,1.781,2.107,0.306,0.654,2.019
0.513,1.923,0.345,1.78,2.106,0.305,0.654,2.016
0.514,1.926,0.345,1.782,2.108,0.306,0.654,2.017
0.514,1.928,0.346,1.784,2.111,0.306,0.655,2.02
0.514,1.927,0.345,1.783,2.11,0.306,0.655,2.02
0.514,1.926,0.345,1.783,2.109,0.306,0.655,2.019
0.513,1.923,0.345,1.781,2.107,0.306,0.655,2.018
0.513,1.923,0.345,1.779,2.106,0.305,0.654,2.016
0.514,1.925,0.345,1.782,2.108,0.306,0.655,2.018
0.514,1.925,0.345,1.782,2.109,0.306,0.655,2.018
0.514,1.925,0.345,1.782,2.109,0.306,0.655,2.018
0.514,1.925,0.345,1.782,2.108,0.306,0.655,2.018
0.514,1.925,0.345,1.782,2.109,0.306,0.655,2.018
0.514,1.925,0.345,1.782,2.108,0.306,0.655,2.018
0.514,1.925,0.345,1.781,2.108,0.306,0.655,2.017
0.514,1.924,0.345,1.781,2.107,0.306,0.654,2.017
0.514,1.924,0.345,1.781,2.107,0.306,0.654,2.017
0.514,1.924,0.345,1.781,2.107,0.305,0.654,2.017
0.514,1.924,0.345,1.78,2.107,0.306,0.654,2.017
0.514,1.924,0.345,1.781,2.107,0.305,0.654,2.017
0.514,1.924,0.345,1.78,2.107,0.305,0.654,2.017
0.514,1.924,0.345,1.78,2.107,0.305,0.654,2.017
0.514,1.924,0.345,1.78,2.107,0.305,0.654,2.017
0.514,1.924,0.345,1.78,2.107,0.306,0.654,2.016
0.514,1.923,0.345,1.78,2.107,0.306,0.654,2.016
0.514,1.923,0.345,1.78,2.108,0.305,0.655,2.017
0.514,1.924,0.345,1.781,2.108,0.305,0.655,2.017
0.514,1.924,0.345,1.78,2.107,0.305,0.655,2.016
0.514,1.923,0.345,1.78,2.107,0.306,0.654,2.016
0.514,1.923,0.345,1.78,2.107,0.305,0.654,2.016
0.514,1.923,0.345,1.78,2.107,0.305,0.655,2.016
0.514,1.923,0.345,1.78,2.107,0.305,0.655,2.016
0.514,1.923,0.345,1.78,2.107,0.305,0.655,2.016
0.514,1.923,0.345,1.78,2.107,0.305,0.655,2.016
0.514,1.923,0.345,1.78,2.107,0.305,0.655,2.016
0.514,1.923,0.345,1.78,2.107,0.305,0.654,2.016
0.514,1.923,0.345,1.779,2.107,0.305,0.655,2.016
0.514,1.923,0.345,1.779,2.107,0.305,0.655,2.016
0.514,1.923,0.345,1.779,2.107,0.305,0.655,2.016
0.514,1.923,0.345,1.78,2.107,0.305,0.655,2.016
0.514,1.923,0.345,1.78,2.107,0.305,0.655,2.016
0.515,1.923,0.345,1.78,2.107,0.305,0.655,2.016
0.515,1.923,0.345,1.779,2.107,0.305,0.655,2.016
0.515,1.923,0.345,1.78,2.107,0.305,0.655,2.016
0.515,1.923,0.345,1.779,2.107,0.305,0.655,2.016
0.515,1.923,0.345,1.779,2.107,0.305,0.655,2.016
0.515,1.923,0.345,1.779,2.107,0.305,0.655,2.015
0.515,1.923,0.345,1.779,2.107,0.305,0.655,2.015
0.515,1.923,0.345,1.779,2.107,0.305,0.655,2.016
0.515,1.923,0.345,1.779,2.107,0.305,0.655,2.015
0.515,1.923,0.345,1.779,2.107,0.305,0.655,2.015
0.515,1.922,0.345,1.779,2.106,0.305,0.655,2.015
0.515,1.922,0.345,1.779,2.106,0.305,0.655,2.015
0.515,1.923,0.345,1.779,2.107,0.305,0.655,2.015
0.515,1.923,0.345,1.779,2.107,0.305,0.655,2.015
0.515,1.923,0.345,1.779,2.107,0.305,0.655,2.015
0.515,1.923,0.345,1.779,2.107,0.305,0.655,2.015
0.515,1.922,0.345,1.779,2.107,0.305,0.655,2.015
0.515,1.922,0.345,1.779,2.106,0.305,0.655,2.015
0.515,1.922,0.345,1.779,2.107,0.305,0.655,2.015
0.515,1.922,0.345,1.779,2.106,0.305,0.655,2.015
0.515,1.922,0.345,1.779,2.107,0.305,0.655,2.015
0.515,1.922,0.345,1.779,2.107,0.305,0.655,2.015
0.515,1.922,0.344,1.778,2.106,0.305,0.655,2.014
0.515,1.922,0.344,1.778,2.106,0.305,0.655,2.015
0.515,1.922,0.345,1.779,2.107,0.305,0.655,2.015
0.515,1.922,0.345,1.779,2.107,0.305,0.655,2.015
0.515,1.922,0.344,1.778,2.106,0.305,0.655,2.015
0.515,1.922,0.345,1.778,2.106,0.305,0.655,2.014
0.515,1.922,0.345,1.778,2.106,0.305,0.655,2.014
0.515,1.922,0.345,1.778,2.107,0.305,0.655,2.014
0.515,1.922,0.345,1.778,2.106,0.305,0.655,2.016
0.515,1.92,0.344,1.777,2.106,0.305,0.655,2.015
0.514,1.917,0.344,1.774,2.101,0.304,0.653,2.01
0.515,1.92,0.344,1.775,2.102,0.304,0.653,2.009
0.516,1.925,0.345,1.78,2.108,0.305,0.655,2.015
0.516,1.925,0.345,1.781,2.109,0.305,0.656,2.018
0.516,1.923,0.345,1.779,2.108,0.305,0.656,2.016
0.515,1.92,0.344,1.777,2.106,0.305,0.655,2.014
0.514,1.917,0.344,1.773,2.101,0.304,0.653,2.01
0.515,1.919,0.344,1.774,2.102,0.304,0.653,2.009
0.516,1.924,0.345,1.779,2.107,0.305,0.655,2.014
0.516,1.924,0.345,1.78,2.109,0.305,0.656,2.017
0.516,1.923,0.345,1.779,2.107,0.305,0.655,2.016
0.515,1.92,0.344,1.777,2.105,0.305,0.655,2.014
0.514,1.916,0.344,1.773,2.101,0.304,0.653,2.01
0.515,1.919,0.344,1.774,2.101,0.304,0.653,2.009
0.516,1.925,0.345,1.779,2.107,0.305,0.655,2.014
0.517,1.925,0.345,1.78,2.109,0.305,0.656,2.017
0.516,1.923,0.345,1.779,2.108,0.305,0.656,2.016
0.515,1.921,0.344,1.777,2.105,0.305,0.655,2.014
0.514,1.917,0.344,1.773,2.101,0.304,0.654,2.01
0.515,1.919,0.344,1.774,2.101,0.304,0.653,2.008
0.517,1.924,0.345,1.779,2.107,0.305,0.655,2.013
0.517,1.925,0.345,1.78,2.109,0.305,0.656,2.017
0.516,1.923,0.345,1.778,2.108,0.305,0.656,2.016
0.515,1.921,0.344,1.777,2.106,0.305,0.655,2.014
0.514,1.917,0.343,1.773,2.101,0.304,0.654,2.01
0.515,1.919,0.344,1.774,2.101,0.304,0.653,2.008
0.517,1.924,0.345,1.778,2.107,0.305,0.655,2.012
0.517,1.925,0.345,1.779,2.109,0.305,0.656,2.016
0.516,1.923,0.345,1.778,2.107,0.305,0.656,2.015
0.516,1.92,0.344,1.776,2.105,0.305,0.655,2.013
0.515,1.916,0.343,1.772,2.1,0.304,0.654,2.009
0.515,1.918,0.344,1.772,2.1,0.304,0.653,2.007
0.517,1.923,0.345,1.778,2.106,0.305,0.655,2.012
0.517,1.924,0.345,1.779,2.108,0.305,0.656,2.016
0.516,1.923,0.345,1.778,2.107,0.305,0.656,2.014
0.516,1.92,0.344,1.776,2.105,0.305,0.655,2.013
0.515,1.916,0.343,1.772,2.1,0.304,0.654,2.009
0.515,1.918,0.344,1.772,2.099,0.304,0.653,2.006
0.517,1.923,0.345,1.777,2.105,0.305,0.655,2.011
0.517,1.924,0.345,1.779,2.108,0.305,0.656,2.015
0.517,1.922,0.344,1.777,2.106,0.305,0.656,2.014
0.516,1.92,0.344,1.775,2.104,0.305,0.655,2.013
0.515,1.916,0.343,1.771,2.099,0.304,0.654,2.008
0.516,1.917,0.344,1.771,2.099,0.304,0.653,2.005
0.517,1.922,0.345,1.776,2.105,0.305,0.655,2.01
0.517,1.924,0.345,1.778,2.107,0.305,0.656,2.014
0.517,1.922,0.344,1.777,2.106,0.305,0.656,2.014
0.516,1.92,0.344,1.775,2.104,0.304,0.655,2.012
0.515,1.915,0.343,1.771,2.099,0.304,0.654,2.008
0.516,1.916,0.344,1.771,2.098,0.304,0.653,2.005
0.517,1.922,0.345,1.776,2.104,0.305,0.655,2.009
0.517,1.923,0.345,1.778,2.107,0.305,0.656,2.014
0.517,1.921,0.345,1.776,2.105,0.305,0.656,2.013
0.516,1.919,0.344,1.774,2.104,0.304,0.655,2.012
0.515,1.916,0.343,1.771,2.099,0.304,0.654,2.008
0.516,1.916,0.343,1.771,2.098,0.304,0.653,2.005
0.517,1.922,0.345,1.775,2.103,0.304,0.654,2.009
0.517,1.923,0.345,1.777,2.107,0.305,0.656,2.013
0.517,1.921,0.344,1.776,2.105,0.305,0.656,2.013
0.517,1.92,0.344,1.774,2.103,0.304,0.655,2.01
0.516,1.919,0.344,1.774,2.102,0.304,0.655,2.009
0.516,1.919,0.344,1.774,2.102,0.304,0.655,2.009
0.516,1.919,0.344,1.774,2.103,0.304,0.655,2.009
0.516,1.919,0.344,1.774,2.103,0.304,0.655,2.01
0.517,1.92,0.344,1.774,2.103,0.304,0.655,2.01
0.517,1.919,0.344,1.774,2.103,0.304,0.655,2.01
0.517,1.919,0.344,1.774,2.103,0.304,0.655,2.009
0.517,1.919,0.344,1.774,2.102,0.304,0.655,2.009
0.517,1.919,0.344,1.774,2.103,0.304,0.655,2.009
0.517,1.919,0.344,1.774,2.103,0.304,0.655,2.009
0.517,1.919,0.344,1.774,2.103,0.304,0.655,2.009
0.517,1.919,0.344,1.774,2.102,0.304,0.655,2.009
0.517,1.918,0.344,1.773,2.102,0.304,0.655,2.009
0.517,1.918,0.344,1.773,2.102,0.304,0.655,2.009
0.517,1.918,0.344,1.773,2.102,0.304,0.655,2.009
0.517,1.918,0.344,1.773,2.102,0.304,0.655,2.009
0.517,1.918,0.344,1.773,2.103,0.304,0.655,2.009
0.517,1.918,0.344,1.773,2.102,0.304,0.655,2.009
0.517,1.919,0.344,1.773,2.103,0.304,0.655,2.009
0.517,1.918,0.344,1.773,2.102,0.304,0.655,2.009
0.517,1.918,0.344,1.773,2.102,0.304,0.655,2.009
0.517,1.918,0.344,1.773,2.102,0.304,0.655,2.009
0.517,1.918,0.344,1.773,2.102,0.304,0.655,2.009
0.517,1.918,0.344,1.773,2.102,0.304,0.655,2.009
0.517,1.918,0.344,1.772,2.102,0.304,0.655,2.009
0.517,1.918,0.344,1.773,2.102,0.304,0.655,2.009
0.517,1.918,0.344,1.773,2.102,0.304,0.655,2.009
0.517,1.918,0.344,1.773,2.103,0.304,0.655,2.009
0.517,1.918,0.344,1.773,2.102,0.304,0.655,2.009
0.517,1.918,0.344,1.773,2.102,0.304,0.655,2.009
0.517,1.918,0.344,1.773,2.102,0.304,0.655,2.008
0.517,1.918,0.344,1.773,2.102,0.304,0.655,2.009
0.517,1.918,0.344,1.773,2.102,0.304,0.655,2.009
0.517,1.918,0.344,1.773,2.102,0.304,0.655,2.009
0.517,1.918,0.344,1.773,2.102,0.304,0.655,2.008
0.517,1.918,0.344,1.772,2.102,0.304,0.655,2.008
0.517,1.918,0.344,1.772,2.101,0.304,0.655,2.008
0.517,1.918,0.344,1.772,2.102,0.304,0.655,2.008
0.518,1.918,0.344,1.773,2.102,0.304,0.655,2.008
0.518,1.918,0.344,1.773,2.102,0.304,0.655,2.008
0.518,1.918,0.344,1.773,2.102,0.304,0.655,2.008
0.518,1.918,0.344,1.772,2.102,0.304,0.655,2.008
0.518,1.918,0.344,1.772,2.102,0.304,0.655,2.008
0.518,1.918,0.344,1.772,2.102,0.304,0.655,2.008
0.518,1.918,0.344,1.772,2.102,0.304,0.655,2.008
0.518,1.918,0.344,1.772,2.102,0.304,0.655,2.008
0.518,1.918,0.344,1.772,2.102,0.304,0.655,2.007
0.518,1.918,0.343,1.772,2.101,0.304,0.655,2.007
0.518,1.918,0.344,1.772,2.102,0.304,0.655,2.008
0.518,1.918,0.343,1.772,2.102,0.304,0.655,2.007
0.518,1.918,0.344,1.772,2.102,0.304,0.655,2.007
0.518,1.918,0.344,1.772,2.102,0.304,0.655,2.007
0.518,1.918,0.344,1.772,2.101,0.304,0.655,2.007
0.518,1.918,0.343,1.772,2.101,0.304,0.655,2.007
0.518,1.918,0.344,1.772,2.101,0.304,0.655,2.007
0.518,1.917,0.343,1.771,2.101,0.304,0.655,2.007
0.518,1.917,0.343,1.771,2.101,0.304,0.655,2.007
0.518,1.917,0.343,1.771,2.101,0.304,0.655,2.007
0.518,1.917,0.343,1.771,2.101,0.304,0.655,2.007
0.518,1.917,0.343,1.771,2.101,0.304,0.655,2.007
0.518,1.917,0.343,1.772,2.101,0.304,0.655,2.007
0.518,1.917,0.343,1.772,2.101,0.304,0.655,2.007
0.518,1.917,0.343,1.771,2.1,0.304,0.655,2.005
0.519,1.919,0.344,1.773,2.103,0.304,0.656,2.008
0.518,1.918,0.344,1.772,2.102,0.304,0.656,2.009
0.518,1.917,0.343,1.772,2.102,0.304,0.656,2.007
0.518,1.915,0.343,1.77,2.1,0.304,0.655,2.006
0.517,1.914,0.343,1.768,2.098,0.303,0.654,2.004
0.518,1.916,0.343,1.77,2.099,0.304,0.655,2.004
0.519,1.918,0.344,1.772,2.102,0.304,0.656,2.007
0.519,1.917,0.343,1.772,2.102,0.304,0.656,2.008
0.518,1.917,0.343,1.771,2.101,0.304,0.655,2.007
0.518,1.915,0.343,1.77,2.1,0.304,0.655,2.006
0.518,1.913,0.342,1.768,2.098,0.303,0.654,2.004
0.518,1.916,0.343,1.769,2.099,0.304,0.655,2.004
0.519,1.918,0.343,1.772,2.102,0.304,0.656,2.007
0.518,1.917,0.344,1.771,2.102,0.304,0.656,2.007
0.518,1.916,0.343,1.771,2.101,0.304,0.655,2.007
0.518,1.914,0.343,1.769,2.099,0.304,0.655,2.006
0.518,1.913,0.343,1.767,2.097,0.303,0.654,2.003
0.518,1.915,0.343,1.769,2.098,0.303,0.654,2.003
0.519,1.917,0.343,1.771,2.101,0.304,0.655,2.006
0.519,1.916,0.343,1.77,2.101,0.304,0.656,2.006
0.518,1.915,0.343,1.77,2.1,0.304,0.655,2.006
0.518,1.914,0.343,1.768,2.099,0.304,0.655,2.005
0.517,1.912,0.342,1.766,2.096,0.303,0.654,2.002
0.518,1.914,0.343,1.768,2.097,0.303,0.654,2.002
0.519,1.916,0.343,1.77,2.101,0.304,0.655,2.005
0.519,1.916,0.343,1.77,2.101,0.304,0.655,2.006
0.518,1.915,0.343,1.769,2.1,0.304,0.655,2.005
0.518,1.913,0.343,1.768,2.099,0.304,0.655,2.004
0.517,1.912,0.342,1.766,2.096,0.303,0.654,2.002
0.518,1.914,0.343,1.768,2.097,0.303,0.654,2.002
0.519,1.917,0.343,1.77,2.101,0.304,0.655,2.005
0.519,1.916,0.343,1.77,2.101,0.304,0.656,2.006
0.519,1.915,0.343,1.769,2.1,0.304,0.655,2.005
0.518,1.913,0.343,1.768,2.099,0.304,0.655,2.004
0.518,1.912,0.342,1.766,2.096,0.303,0.654,2.002
0.518,1.913,0.343,1.767,2.097,0.303,0.654,2.001
0.519,1.916,0.343,1.77,2.1,0.304,0.655,2.004
0.519,1.916,0.343,1.77,2.101,0.304,0.656,2.006
0.519,1.915,0.343,1.769,2.1,0.304,0.655,2.005
0.518,1.913,0.343,1.768,2.099,0.304,0.655,2.004
0.518,1.911,0.342,1.766,2.096,0.303,0.654,2.001
0.518,1.913,0.342,1.767,2.097,0.303,0.654,2.001
0.519,1.916,0.343,1.769,2.1,0.304,0.655,2.004
0.519,1.915,0.343,1.769,2.1,0.304,0.656,2.005
0.519,1.915,0.343,1.769,2.1,0.304,0.655,2.004
0.518,1.913,0.342,1.767,2.098,0.303,0.655,2.004
0.518,1.911,0.342,1.765,2.096,0.303,0.654,2.001
0.519,1.913,0.342,1.766,2.096,0.303,0.654,2.001
0.519,1.915,0.343,1.769,2.1,0.304,0.655,2.004
0.519,1.915,0.343,1.769,2.101,0.304,0.656,2.005
0.519,1.914,0.343,1.768,2.099,0.304,0.655,2.004
0.519,1.913,0.342,1.768,2.098,0.304,0.655,2.004
0.518,1.911,0.342,1.765,2.096,0.303,0.654,2.001
0.519,1.913,0.342,1.766,2.096,0.303,0.654,2.0
0.519,1.915,0.343,1.769,2.1,0.304,0.655,2.003
0.519,1.915,0.343,1.769,2.1,0.304,0.656,2.004
0.519,1.914,0.343,1.768,2.099,0.303,0.656,2.004
0.518,1.912,0.342,1.767,2.098,0.303,0.655,2.003
0.518,1.91,0.342,1.765,2.096,0.303,0.654,2.001
0.519,1.912,0.342,1.765,2.096,0.303,0.655,2.003
0.519,1.913,0.342,1.767,2.098,0.303,0.655,2.003
0.519,1.913,0.342,1.768,2.098,0.303,0.655,2.002
0.519,1.913,0.342,1.767,2.098,0.303,0.655,2.003
0.519,1.914,0.342,1.767,2.098,0.304,0.655,2.003
0.519,1.913,0.342,1.767,2.099,0.303,0.655,2.003
0.519,1.914,0.343,1.768,2.099,0.304,0.656,2.003
0.519,1.914,0.342,1.768,2.099,0.304,0.655,2.003
0.519,1.914,0.343,1.768,2.099,0.303,0.655,2.003
0.519,1.914,0.343,1.768,2.099,0.304,0.655,2.003
0.519,1.914,0.342,1.768,2.099,0.304,0.656,2.003
0.519,1.914,0.343,1.768,2.099,0.304,0.656,2.004
0.52,1.914,0.342,1.768,2.098,0.303,0.655,2.003
0.519,1.914,0.342,1.767,2.098,0.303,0.655,2.003
0.519,1.913,0.342,1.767,2.098,0.303,0.655,2.002
0.52,1.913,0.342,1.767,2.098,0.303,0.655,2.002
0.519,1.913,0.342,1.767,2.098,0.304,0.655,2.003
0.52,1.913,0.342,1.767,2.098,0.303,0.655,2.002
0.519,1.913,0.342,1.767,2.098,0.303,0.655,2.002
0.519,1.913,0.342,1.767,2.098,0.303,0.655,2.002
0.519,1.913,0.342,1.767,2.098,0.304,0.655,2.002
0.52,1.913,0.342,1.767,2.098,0.303,0.655,2.002
0.52,1.913,0.342,1.767,2.098,0.303,0.655,2.002
0.52,1.913,0.342,1.767,2.098,0.303,0.655,2.002
0.52,1.913,0.342,1.767,2.098,0.303,0.656,2.002
0.52,1.913,0.342,1.767,2.098,0.303,0.655,2.002
0.52,1.912,0.342,1.766,2.098,0.303,0.655,2.001
0.52,1.912,0.342,1.766,2.097,0.303,0.655,2.001
0.52,1.912,0.342,1.766,2.097,0.303,0.655,2.001
0.52,1.912,0.342,1.766,2.098,0.303,0.656,2.001
0.52,1.912,0.342,1.766,2.097,0.303,0.655,2.001
0.52,1.912,0.342,1.766,2.098,0.303,0.656,2.001
0.52,1.913,0.342,1.766,2.098,0.303,0.655,2.001
0.52,1.913,0.342,1.766,2.098,0.303,0.655,2.001
0.52,1.913,0.342,1.766,2.097,0.303,0.655,2.001
0.52,1.913,0.342,1.766,2.097,0.303,0.655,2.001
0.52,1.912,0.342,1.766,2.098,0.303,0.656,2.002
0.52,1.913,0.342,1.767,2.098,0.303,0.656,2.002
0.52,1.913,0.342,1.767,2.098,0.303,0.656,2.002
0.52,1.913,0.342,1.767,2.098,0.303,0.656,2.002
0.52,1.913,0.342,1.766,2.098,0.303,0.656,2.001
0.52,1.913,0.342,1.766,2.098,0.303,0.656,2.001
0.52,1.913,0.342,1.766,2.098,0.303,0.656,2.001
0.52,1.913,0.342,1.766,2.098,0.303,0.656,2.001
0.52,1.913,0.342,1.766,2.098,0.303,0.656,2.001
0.52,1.912,0.342,1.766,2.098,0.303,0.656,2.002
0.52,1.913,0.342,1.766,2.098,0.303,0.656,2.002
0.52,1.913,0.342,1.767,2.098,0.303,0.656,2.002
0.52,1.913,0.342,1.767,2.098,0.303,0.656,2.002
0.521,1.913,0.342,1.766,2.098,0.303,0.656,2.001
0.52,1.913,0.342,1.766,2.098,0.303,0.656,2.002
0.52,1.913,0.342,1.766,2.098,0.303,0.656,2.001
0.521,1.913,0.342,1.766,2.098,0.303,0.656,2.001
0.521,1.913,0.342,1.766,2.098,0.303,0.656,2.001
0.521,1.913,0.342,1.766,2.098,0.303,0.656,2.001
0.521,1.912,0.342,1.766,2.098,0.304,0.656,2.001
0.521,1.912,0.342,1.766,2.098,0.303,0.656,2.001
0.521,1.912,0.342,1.766,2.098,0.303,0.656,2.001
0.521,1.912,0.342,1.766,2.098,0.303,0.656,2.001
0.521,1.912,0.342,1.766,2.098,0.303,0.656,2.001
0.521,1.912,0.342,1.766,2.098,0.303,0.656,2.001
0.521,1.912,0.342,1.766,2.098,0.303,0.656,2.001
0.521,1.912,0.342,1.766,2.098,0.303,0.656,2.001
0.521,1.912,0.342,1.765,2.097,0.303,0.656,2.0
0.521,1.911,0.342,1.765,2.097,0.303,0.656,2.0
0.521,1.911,0.342,1.765,2.097,0.303,0.656,2.0
0.521,1.912,0.342,1.765,2.097,0.303,0.656,2.0
0.521,1.912,0.342,1.765,2.097,0.303,0.656,2.0
0.521,1.912,0.342,1.765,2.097,0.303,0.656,2.0
0.521,1.912,0.342,1.765,2.097,0.303,0.656,2.0
0.521,1.911,0.342,1.765,2.098,0.303,0.656,2.0
0.521,1.912,0.342,1.765,2.098,0.303,0.656,2.001
0.521,1.912,0.342,1.766,2.098,0.303,0.656,2.0
0.521,1.911,0.342,1.765,2.097,0.303,0.656,2.0
0.521,1.911,0.342,1.765,2.097,0.303,0.656,2.0
0.521,1.911,0.342,1.765,2.097,0.303,0.656,2.0
0.521,1.911,0.342,1.765,2.097,0.303,0.656,2.0
0.521,1.911,0.342,1.765,2.097,0.303,0.656,2.0
0.521,1.911,0.342,1.765,2.097,0.303,0.656,1.999
0.521,1.911,0.342,1.765,2.097,0.303,0.656,2.0
0.521,1.911,0.342,1.765,2.097,0.303,0.656,1.999
0.521,1.911,0.342,1.765,2.097,0.303,0.656,1.999
0.521,1.911,0.342,1.764,2.097,0.303,0.656,1.999
0.521,1.911,0.342,1.764,2.096,0.303,0.656,1.999
0.521,1.911,0.342,1.764,2.096,0.303,0.656,1.999
0.521,1.911,0.342,1.764,2.096,0.303,0.656,1.999
0.521,1.911,0.342,1.764,2.096,0.303,0.656,1.999
0.521,1.911,0.342,1.764,2.096,0.303,0.656,1.999
0.521,1.911,0.342,1.764,2.097,0.303,0.656,1.999
0.521,1.911,0.342,1.764,2.097,0.303,0.656,1.999
0.521,1.911,0.342,1.764,2.097,0.303,0.656,1.999
0.521,1.911,0.342,1.764,2.096,0.303,0.656,1.999
0.521,1.91,0.342,1.764,2.096,0.303,0.656,1.999
0.521,1.91,0.342,1.764,2.096,0.303,0.656,1.999
0.521,1.911,0.342,1.764,2.096,0.303,0.656,1.999
0.521,1.911,0.342,1.764,2.097,0.303,0.656,1.999
0.521,1.911,0.342,1.764,2.097,0.303,0.656,1.999
0.522,1.911,0.342,1.764,2.097,0.303,0.656,1.999
0.522,1.911,0.342,1.764,2.097,0.303,0.656,1.999
0.522,1.91,0.342,1.764,2.096,0.303,0.656,1.998
0.521,1.91,0.342,1.764,2.096,0.303,0.656,1.998
0.521,1.91,0.342,1.764,2.096,0.303,0.656,1.998
0.521,1.91,0.342,1.764,2.096,0.303,0.656,1.998
0.521,1.91,0.342,1.763,2.096,0.303,0.656,1.999
0.522,1.911,0.342,1.764,2.097,0.303,0.656,1.999
0.522,1.911,0.342,1.764,2.097,0.303,0.656,1.998
0.522,1.91,0.342,1.764,2.096,0.303,0.656,1.998
0.522,1.911,0.342,1.764,2.096,0.303,0.656,1.998
0.522,1.91,0.342,1.764,2.096,0.303,0.656,1.998
0.522,1.91,0.342,1.764,2.097,0.303,0.656,1.998
0.522,1.911,0.342,1.764,2.097,0.303,0.656,1.998
0.522,1.91,0.342,1.764,2.096,0.303,0.656,1.998
0.522,1.91,0.342,1.764,2.096,0.303,0.656,1.998
0.522,1.91,0.342,1.764,2.096,0.303,0.656,1.998
0.522,1.91,0.342,1.764,2.096,0.303,0.656,1.998
0.522,1.91,0.342,1.764,2.096,0.303,0.656,1.998
0.522,1.91,0.342,1.764,2.097,0.303,0.656,1.998
0.522,1.91,0.342,1.764,2.097,0.303,0.656,1.998
0.522,1.91,0.342,1.764,2.097,0.303,0.656,1.998
0.522,1.91,0.342,1.764,2.096,0.303,0.656,1.998
0.522,1.91,0.342,1.764,2.097,0.303,0.656,1.998
0.522,1.91,0.342,1.764,2.097,0.303,0.657,1.998
0.522,1.91,0.342,1.763,2.096,0.303,0.656,1.998
0.522,1.911,0.342,1.764,2.097,0.303,0.657,1.998
0.522,1.911,0.342,1.764,2.097,0.303,0.657,1.998
0.522,1.91,0.342,1.764,2.097,0.303,0.657,1.998
0.522,1.911,0.342,1.764,2.097,0.303,0.657,1.998
0.523,1.91,0.342,1.764,2.097,0.303,0.657,1.998
0.522,1.91,0.342,1.764,2.097,0.303,0.657,1.998
0.522,1.91,0.342,1.764,2.097,0.303,0.657,1.998
0.523,1.91,0.342,1.764,2.097,0.303,0.657,1.998
0.523,1.91,0.342,1.763,2.097,0.303,0.657,1.998
0.522,1.91,0.342,1.763,2.096,0.303,0.657,1.997
0.522,1.91,0.342,1.763,2.096,0.303,0.656,1.997
0.522,1.91,0.342,1.763,2.096,0.303,0.656,1.997
0.522,1.91,0.342,1.763,2.096,0.303,0.657,1.997
0.523,1.91,0.342,1.763,2.096,0.303,0.656,1.997
0.522,1.909,0.342,1.763,2.096,0.303,0.657,1.997
0.523,1.909,0.342,1.762,2.096,0.303,0.656,1.997
0.523,1.909,0.342,1.762,2.096,0.303,0.656,1.997
0.522,1.909,0.342,1.763,2.096,0.303,0.656,1.997
0.523,1.909,0.342,1.763,2.096,0.303,0.657,1.997
0.523,1.91,0.342,1.763,2.097,0.303,0.657,1.997
0.523,1.909,0.342,1.763,2.097,0.303,0.657,1.997
0.523,1.909,0.342,1.763,2.097,0.303,0.657,1.997
0.523,1.909,0.342,1.762,2.096,0.303,0.657,1.997
0.523,1.909,0.342,1.762,2.096,0.303,0.656,1.996
0.523,1.908,0.342,1.762,2.095,0.303,0.656,1.996
0.522,1.908,0.341,1.762,2.096,0.303,0.656,1.996
0.523,1.908,0.341,1.761,2.096,0.303,0.656,1.996
0.523,1.908,0.341,1.762,2.096,0.303,0.656,1.996
0.523,1.908,0.341,1.762,2.096,0.303,0.656,1.996
0.523,1.908,0.341,1.762,2.096,0.303,0.656,1.996
0.523,1.908,0.341,1.762,2.096,0.303,0.656,1.996
0.523,1.908,0.342,1.762,2.096,0.303,0.656,1.996
0.523,1.908,0.342,1.762,2.096,0.303,0.656,1.996
0.523,1.908,0.341,1.761,2.096,0.303,0.657,1.996
0.523,1.908,0.342,1.762,2.096,0.303,0.657,1.996
0.523,1.908,0.341,1.762,2.096,0.303,0.657,1.996
0.523,1.908,0.341,1.762,2.096,0.303,0.657,1.996
0.523,1.908,0.341,1.762,2.096,0.303,0.657,1.996
0.523,1.908,0.341,1.762,2.096,0.303,0.657,1.996
0.523,1.908,0.341,1.762,2.096,0.303,0.657,1.996
0.523,1.909,0.341,1.762,2.096,0.303,0.657,1.996
0.523,1.908,0.341,1.762,2.096,0.303,0.657,1.995
0.523,1.908,0.341,1.761,2.096,0.303,0.657,1.995
0.523,1.908,0.341,1.761,2.096,0.303,0.657,1.995
0.523,1.908,0.341,1.761,2.096,0.303,0.657,1.995
0.523,1.908,0.341,1.761,2.096,0.303,0.657,1.995
0.523,1.908,0.341,1.761,2.096,0.303,0.657,1.995
0.523,1.908,0.341,1.761,2.096,0.303,0.657,1.995
0.523,1.908,0.341,1.761,2.096,0.303,0.657,1.995
0.523,1.908,0.341,1.761,2.097,0.303,0.657,1.995
0.523,1.908,0.342,1.761,2.097,0.303,0.657,1.995
0.523,1.908,0.341,1.761,2.097,0.303,0.657,1.995
0.523,1.908,0.341,1.761,2.096,0.303,0.657,1.995
0.523,1.908,0.341,1.761,2.096,0.303,0.657,1.995
0.523,1.908,0.341,1.761,2.096,0.303,0.657,1.995
0.523,1.908,0.342,1.761,2.096,0.303,0.657,1.994
0.523,1.908,0.341,1.761,2.096,0.303,0.657,1.995
0.523,1.908,0.341,1.761,2.096,0.303,0.657,1.995
0.523,1.908,0.341,1.761,2.096,0.303,0.657,1.995
0.523,1.908,0.341,1.76,2.095,0.303,0.656,1.994
0.523,1.907,0.341,1.76,2.095,0.303,0.656,1.994
0.523,1.907,0.341,1.76,2.095,0.303,0.657,1.993
0.523,1.907,0.341,1.76,2.095,0.303,0.656,1.993
0.523,1.907,0.341,1.76,2.095,0.303,0.656,1.993
0.523,1.907,0.341,1.76,2.095,0.303,0.657,1.993
0.523,1.907,0.341,1.76,2.095,0.303,0.657,1.994
0.523,1.907,0.341,1.76,2.095,0.303,0.657,1.993
0.523,1.907,0.341,1.76,2.096,0.303,0.657,1.993
0.523,1.907,0.341,1.759,2.095,0.303,0.656,1.993
0.523,1.907,0.341,1.759,2.095,0.303,0.657,1.993
0.523,1.906,0.341,1.76,2.095,0.303,0.657,1.993
0.523,1.906,0.341,1.759,2.095,0.303,0.656,1.993
0.523,1.906,0.341,1.759,2.095,0.303,0.656,1.993
0.523,1.906,0.341,1.759,2.095,0.303,0.657,1.993
0.523,1.906,0.341,1.759,2.095,0.303,0.656,1.993
0.523,1.906,0.341,1.759,2.095,0.303,0.657,1.993
0.523,1.906,0.341,1.759,2.095,0.303,0.657,1.993
0.523,1.906,0.341,1.759,2.095,0.303,0.656,1.992
0.523,1.906,0.341,1.759,2.095,0.303,0.657,1.992
0.523,1.906,0.341,1.759,2.095,0.303,0.656,1.992
0.523,1.906,0.341,1.759,2.095,0.303,0.656,1.992
0.523,1.906,0.341,1.759,2.095,0.303,0.657,1.992
0.523,1.906,0.341,1.759,2.095,0.303,0.657,1.992
0.523,1.906,0.341,1.759,2.095,0.303,0.657,1.992
0.524,1.906,0.341,1.759,2.095,0.303,0.657,1.992
0.524,1.906,0.341,1.759,2.095,0.303,0.657,1.992
0.523,1.906,0.341,1.759,2.095,0.303,0.656,1.992
0.523,1.906,0.341,1.759,2.095,0.303,0.657,1.992
0.524,1.906,0.341,1.759,2.095,0.303,0.657,1.992
0.524,1.906,0.341,1.759,2.095,0.303,0.657,1.992
0.524,1.906,0.341,1.759,2.096,0.303,0.657,1.992
0.524,1.906,0.341,1.759,2.095,0.303,0.657,1.992
0.524,1.906,0.341,1.759,2.095,0.303,0.657,1.992
0.524,1.906,0.341,1.759,2.095,0.303,0.657,1.992
0.524,1.906,0.341,1.759,2.095,0.303,0.657,1.992
0.524,1.906,0.341,1.759,2.095,0.303,0.657,1.992
0.524,1.906,0.341,1.759,2.096,0.303,0.657,1.992
0.524,1.906,0.341,1.759,2.095,0.303,0.657,1.992
0.524,1.906,0.341,1.759,2.096,0.303,0.657,1.992
0.524,1.906,0.341,1.759,2.096,0.303,0.657,1.992
0.524,1.906,0.341,1.759,2.096,0.303,0.657,1.992
0.524,1.906,0.341,1.759,2.096,0.303,0.657,1.992
0.524,1.906,0.341,1.759,2.095,0.303,0.657,1.992
0.524,1.906,0.341,1.759,2.096,0.303,0.657,1.992
0.524,1.906,0.341,1.759,2.096,0.303,0.657,1.992
0.524,1.906,0.341,1.759,2.096,0.303,0.657,1.992
0.524,1.906,0.341,1.759,2.096,0.303,0.657,1.992
0.524,1.906,0.341,1.759,2.096,0.303,0.657,1.992
0.524,1.906,0.341,1.759,2.096,0.303,0.657,1.992
0.524,1.906,0.341,1.759,2.096,0.303,0.657,1.992
0.524,1.906,0.341,1.759,2.096,0.303,0.657,1.992
0.524,1.906,0.341,1.759,2.096,0.303,0.657,1.992
0.524,1.906,0.341,1.759,2.096,0.303,0.657,1.992
0.524,1.906,0.341,1.759,2.096,0.303,0.657,1.992
0.524,1.906,0.341,1.759,2.096,0.303,0.657,1.992
0.524,1.906,0.341,1.759,2.096,0.303,0.657,1.992
0.524,1.906,0.341,1.758,2.095,0.303,0.657,1.991
0.524,1.906,0.341,1.758,2.095,0.303,0.657,1.992
0.524,1.906,0.341,1.758,2.096,0.303,0.657,1.992
0.524,1.906,0.341,1.758,2.095,0.303,0.657,1.991
0.524,1.906,0.341,1.758,2.095,0.303,0.657,1.991
0.524,1.906,0.341,1.758,2.096,0.303,0.657,1.991
0.524,1.906,0.341,1.758,2.096,0.303,0.657,1.991
0.524,1.906,0.341,1.758,2.095,0.303,0.657,1.991
0.524,1.905,0.341,1.758,2.095,0.303,0.657,1.991
0.524,1.905,0.341,1.758,2.095,0.303,0.657,1.991
0.524,1.905,0.341,1.758,2.095,0.303,0.657,1.991
0.524,1.905,0.341,1.758,2.095,0.303,0.657,1.991
0.524,1.905,0.341,1.758,2.095,0.303,0.657,1.991
0.524,1.905,0.341,1.758,2.095,0.303,0.657,1.99
0.524,1.905,0.341,1.758,2.095,0.303,0.657,1.991
0.524,1.905,0.341,1.757,2.095,0.303,0.657,1.991
0.525,1.905,0.341,1.758,2.095,0.303,0.657,1.991
0.524,1.905,0.341,1.757,2.095,0.303,0.657,1.99
0.524,1.905,0.34,1.757,2.095,0.303,0.657,1.99
0.525,1.905,0.341,1.757,2.095,0.303,0.657,1.99
0.524,1.904,0.341,1.757,2.095,0.303,0.657,1.99
0.524,1.905,0.341,1.757,2.095,0.303,0.657,1.99
0.525,1.905,0.341,1.757,2.095,0.303,0.657,1.99
0.524,1.905,0.341,1.757,2.094,0.303,0.657,1.99
0.525,1.904,0.34,1.757,2.094,0.303,0.657,1.99
0.525,1.904,0.34,1.757,2.095,0.303,0.657,1.99
0.525,1.904,0.34,1.757,2.094,0.303,0.657,1.99
0.525,1.904,0.341,1.757,2.094,0.303,0.657,1.99
0.525,1.904,0.34,1.757,2.094,0.303,0.657,1.99
0.525,1.904,0.34,1.757,2.094,0.303,0.657,1.99
0.525,1.904,0.34,1.757,2.094,0.303,0.657,1.99
0.525,1.904,0.34,1.757,2.094,0.303,0.657,1.99
0.525,1.904,0.34,1.757,2.094,0.303,0.657,1.989
0.525,1.904,0.341,1.757,2.094,0.303,0.657,1.99
0.525,1.904,0.34,1.757,2.094,0.303,0.657,1.99
0.525,1.904,0.34,1.757,2.094,0.303,0.657,1.989
0.525,1.904,0.34,1.757,2.094,0.303,0.657,1.989
0.525,1.904,0.34,1.757,2.094,0.303,0.657,1.989
0.525,1.904,0.34,1.757,2.094,0.302,0.657,1.989
0.525,1.904,0.34,1.756,2.094,0.303,0.657,1.989
0.525,1.903,0.34,1.756,2.094,0.303,0.657,1.989
0.525,1.903,0.34,1.756,2.094,0.302,0.657,1.989
0.525,1.903,0.34,1.756,2.093,0.302,0.657,1.989
0.525,1.903,0.34,1.756,2.093,0.303,0.657,1.989
0.525,1.903,0.34,1.756,2.094,0.303,0.657,1.989
0.525,1.903,0.34,1.756,2.093,0.302,0.657,1.989
0.525,1.903,0.34,1.756,2.093,0.303,0.657,1.989
0.525,1.903,0.34,1.756,2.093,0.302,0.657,1.989
0.525,1.903,0.34,1.756,2.093,0.303,0.657,1.989
0.525,1.903,0.34,1.756,2.093,0.302,0.657,1.989
0.525,1.903,0.34,1.756,2.093,0.303,0.657,1.989
0.525,1.903,0.34,1.756,2.093,0.303,0.657,1.988
0.525,1.903,0.34,1.756,2.093,0.303,0.657,1.988
0.525,1.903,0.34,1.756,2.093,0.303,0.657,1.988
0.525,1.903,0.34,1.756,2.093,0.302,0.657,1.988
0.525,1.903,0.34,1.756,2.093,0.303,0.657,1.988
0.525,1.903,0.34,1.756,2.093,0.302,0.657,1.988
0.525,1.903,0.34,1.756,2.093,0.303,0.657,1.988
0.525,1.903,0.34,1.756,2.093,0.303,0.657,1.988
0.525,1.903,0.34,1.756,2.093,0.303,0.657,1.988
0.525,1.903,0.34,1.755,2.093,0.302,0.657,1.988
0.525,1.902,0.34,1.756,2.093,0.303,0.657,1.988
0.525,1.903,0.34,1.756,2.093,0.303,0.657,1.988
0.525,1.902,0.34,1.755,2.093,0.302,0.657,1.988
0.525,1.902,0.34,1.755,2.092,0.303,0.657,1.988
0.525,1.902,0.34,1.755,2.092,0.303,0.657,1.988
0.525,1.902,0.34,1.755,2.092,0.303,0.657,1.988
0.525,1.902,0.34,1.755,2.092,0.303,0.657,1.987
0.525,1.902,0.34,1.755,2.092,0.302,0.657,1.988
0.525,1.902,0.34,1.755,2.092,0.303,0.657,1.987
0.525,1.902,0.34,1.755,2.092,0.303,0.657,1.987
0.525,1.902,0.34,1.755,2.092,0.303,0.657,1.987
0.525,1.902,0.34,1.755,2.092,0.303,0.658,1.989
0.524,1.9,0.34,1.754,2.091,0.302,0.657,1.987
0.524,1.897,0.339,1.75,2.086,0.302,0.656,1.982
0.525,1.9,0.34,1.752,2.088,0.302,0.656,1.982
0.526,1.904,0.341,1.757,2.094,0.303,0.658,1.988
0.526,1.904,0.34,1.757,2.095,0.303,0.658,1.99
0.525,1.903,0.34,1.756,2.093,0.303,0.658,1.989
0.524,1.9,0.34,1.753,2.091,0.302,0.657,1.987
0.524,1.896,0.339,1.75,2.086,0.302,0.656,1.983
0.525,1.9,0.34,1.752,2.088,0.302,0.656,1.982
0.526,1.905,0.341,1.757,2.094,0.303,0.658,1.987
0.526,1.905,0.34,1.757,2.095,0.303,0.658,1.99
0.526,1.903,0.34,1.756,2.093,0.303,0.658,1.989
0.525,1.9,0.34,1.753,2.091,0.302,0.657,1.987
0.524,1.897,0.339,1.75,2.086,0.302,0.656,1.983
0.525,1.899,0.339,1.751,2.087,0.302,0.656,1.982
0.526,1.905,0.34,1.756,2.093,0.303,0.658,1.987
0.526,1.904,0.34,1.757,2.095,0.303,0.658,1.99
0.526,1.903,0.34,1.756,2.093,0.303,0.658,1.988
0.525,1.9,0.34,1.753,2.09,0.302,0.657,1.986
0.524,1.896,0.339,1.75,2.086,0.302,0.656,1.982
0.525,1.899,0.339,1.751,2.087,0.302,0.656,1.981
0.526,1.904,0.34,1.756,2.093,0.302,0.657,1.986
0.526,1.904,0.341,1.757,2.094,0.303,0.658,1.99
0.526,1.903,0.34,1.755,2.093,0.303,0.658,1.988
0.525,1.9,0.34,1.753,2.09,0.302,0.657,1.986
0.524,1.896,0.339,1.75,2.085,0.302,0.656,1.982
0.525,1.899,0.339,1.751,2.086,0.302,0.656,1.981
0.526,1.904,0.34,1.755,2.092,0.302,0.657,1.986
0.526,1.904,0.34,1.757,2.094,0.303,0.659,1.989
0.526,1.903,0.34,1.755,2.092,0.303,0.658,1.987
0.525,1.9,0.34,1.753,2.09,0.302,0.657,1.986
0.524,1.896,0.339,1.749,2.085,0.302,0.656,1.982
0.525,1.898,0.34,1.75,2.085,0.302,0.656,1.98
0.526,1.903,0.341,1.755,2.091,0.302,0.658,1.985
0.526,1.904,0.34,1.756,2.094,0.303,0.658,1.989
0.526,1.902,0.34,1.755,2.092,0.303,0.658,1.987
0.525,1.899,0.34,1.753,2.09,0.302,0.657,1.985
0.524,1.896,0.339,1.749,2.085,0.302,0.656,1.982
0.525,1.898,0.339,1.749,2.085,0.302,0.656,1.98
0.526,1.903,0.34,1.755,2.091,0.302,0.657,1.984
0.526,1.903,0.34,1.756,2.093,0.303,0.658,1.988
0.526,1.902,0.34,1.755,2.092,0.303,0.658,1.987
0.525,1.9,0.34,1.753,2.09,0.302,0.658,1.985
0.524,1.896,0.339,1.749,2.085,0.302,0.656,1.981
0.525,1.897,0.339,1.749,2.085,0.301,0.655,1.979
0.526,1.903,0.34,1.754,2.09,0.302,0.657,1.984
0.526,1.903,0.34,1.756,2.093,0.303,0.658,1.988
0.526,1.902,0.34,1.754,2.091,0.302,0.658,1.987
0.525,1.9,0.339,1.753,2.089,0.302,0.657,1.985
0.524,1.895,0.339,1.749,2.085,0.302,0.656,1.981
0.525,1.897,0.339,1.749,2.084,0.302,0.656,1.979
0.526,1.902,0.34,1.754,2.09,0.302,0.657,1.984
0.526,1.903,0.34,1.756,2.093,0.303,0.659,1.988
0.526,1.902,0.34,1.754,2.091,0.303,0.658,1.987
0.525,1.9,0.34,1.753,2.089,0.302,0.658,1.985
0.524,1.895,0.339,1.749,2.085,0.302,0.656,1.981
0.525,1.897,0.339,1.749,2.084,0.301,0.656,1.979
0.526,1.902,0.34,1.754,2.09,0.302,0.657,1.983
0.527,1.903,0.34,1.755,2.093,0.303,0.659,1.987
0.526,1.901,0.34,1.754,2.091,0.303,0.658,1.987
0.526,1.9,0.34,1.753,2.089,0.302,0.657,1.984
0.526,1.9,0.34,1.752,2.089,0.302,0.657,1.984
0.526,1.9,0.34,1.752,2.089,0.302,0.657,1.984
0.526,1.9,0.34,1.752,2.089,0.302,0.658,1.984
0.526,1.9,0.34,1.752,2.089,0.302,0.657,1.984
0.526,1.9,0.34,1.752,2.089,0.302,0.657,1.984
0.526,1.9,0.34,1.752,2.089,0.302,0.657,1.984
0.526,1.9,0.34,1.752,2.089,0.302,0.657,1.984
0.526,1.9,0.34,1.752,2.089,0.302,0.658,1.984
0.526,1.901,0.34,1.752,2.088,0.302,0.657,1.984
0.526,1.9,0.34,1.752,2.089,0.302,0.658,1.984
0.526,1.9,0.34,1.752,2.089,0.302,0.657,1.984
0.526,1.9,0.34,1.752,2.089,0.302,0.657,1.983
0.526,1.9,0.34,1.752,2.089,0.302,0.658,1.984
0.526,1.9,0.34,1.752,2.088,0.302,0.657,1.983
0.526,1.9,0.34,1.752,2.089,0.302,0.657,1.983
0.526,1.9,0.34,1.752,2.088,0.302,0.657,1.983
0.526,1.9,0.34,1.752,2.088,0.302,0.657,1.983
0.526,1.9,0.34,1.752,2.088,0.302,0.658,1.983
0.526,1.9,0.34,1.752,2.088,0.302,0.657,1.983
0.526,1.9,0.34,1.752,2.088,0.302,0.658,1.983
0.526,1.9,0.34,1.752,2.088,0.302,0.657,1.983
0.526,1.9,0.34,1.751,2.088,0.302,0.657,1.983
0.526,1.9,0.34,1.751,2.088,0.302,0.657,1.983
0.526,1.9,0.34,1.751,2.088,0.302,0.658,1.983
0.526,1.9,0.34,1.751,2.088,0.302,0.657,1.983
0.526,1.9,0.34,1.751,2.088,0.302,0.657,1.983
0.526,1.9,0.34,1.751,2.088,0.302,0.657,1.983
0.526,1.9,0.34,1.751,2.088,0.302,0.657,1.983
0.526,1.9,0.34,1.751,2.088,0.302,0.657,1.982
0.526,1.9,0.34,1.751,2.088,0.302,0.658,1.982
0.526,1.9,0.34,1.751,2.088,0.302,0.658,1.982
0.526,1.899,0.34,1.751,2.087,0.302,0.657,1.982
0.526,1.899,0.34,1.751,2.087,0.302,0.658,1.982
0.526,1.899,0.34,1.751,2.087,0.302,0.657,1.982
0.526,1.899,0.34,1.751,2.087,0.302,0.658,1.982
0.526,1.899,0.34,1.751,2.087,0.302,0.657,1.982
0.526,1.899,0.34,1.751,2.087,0.302,0.657,1.982
0.526,1.899,0.34,1.751,2.087,0.302,0.658,1.982
0.526,1.899,0.34,1.751,2.087,0.302,0.658,1.982
0.526,1.899,0.34,1.751,2.087,0.302,0.658,1.982
0.526,1.899,0.34,1.751,2.087,0.302,0.657,1.982
0.526,1.899,0.34,1.751,2.087,0.302,0.657,1.982
0.526,1.899,0.34,1.75,2.087,0.302,0.658,1.981
0.526,1.899,0.34,1.75,2.087,0.302,0.657,1.981
0.526,1.899,0.34,1.75,2.087,0.302,0.658,1.981
0.526,1.899,0.34,1.75,2.087,0.302,0.657,1.981
0.526,1.899,0.34,1.75,2.086,0.302,0.657,1.981
0.526,1.899,0.34,1.75,2.087,0.302,0.657,1.981
0.526,1.899,0.339,1.75,2.087,0.302,0.657,1.981
0.526,1.898,0.339,1.75,2.087,0.302,0.657,1.981
0.526,1.898,0.339,1.75,2.086,0.302,0.657,1.981
0.526,1.898,0.339,1.75,2.086,0.302,0.657,1.981
0.526,1.898,0.339,1.75,2.086,0.302,0.658,1.981
0.526,1.898,0.339,1.75,2.087,0.302,0.658,1.981
0.526,1.898,0.339,1.75,2.086,0.302,0.657,1.981
0.526,1.898,0.339,1.75,2.086,0.302,0.657,1.981
0.526,1.898,0.339,1.75,2.086,0.302,0.657,1.981
0.526,1.898,0.339,1.75,2.086,0.302,0.657,1.981
0.526,1.898,0.34,1.75,2.086,0.302,0.657,1.981
0.527,1.898,0.339,1.75,2.086,0.302,0.657,1.981
0.526,1.898,0.339,1.75,2.086,0.302,0.658,1.981
0.526,1.898,0.339,1.75,2.086,0.302,0.658,1.981
0.526,1.898,0.339,1.749,2.086,0.302,0.658,1.98
0.526,1.898,0.339,1.75,2.086,0.302,0.658,1.98
0.526,1.898,0.339,1.749,2.086,0.302,0.658,1.98
0.526,1.898,0.339,1.749,2.086,0.302,0.658,1.98
0.526,1.898,0.339,1.749,2.086,0.302,0.658,1.98
0.526,1.898,0.339,1.749,2.086,0.302,0.658,1.98
0.526,1.898,0.339,1.75,2.086,0.302,0.658,1.98
0.526,1.898,0.339,1.749,2.086,0.302,0.658,1.98
0.526,1.897,0.339,1.749,2.086,0.302,0.657,1.98
0.526,1.898,0.339,1.749,2.086,0.302,0.658,1.98
0.526,1.897,0.339,1.749,2.086,0.302,0.658,1.98
0.527,1.898,0.339,1.749,2.085,0.302,0.658,1.98
0.527,1.898,0.339,1.749,2.086,0.302,0.658,1.98
0.527,1.898,0.339,1.749,2.086,0.302,0.658,1.98
0.526,1.897,0.339,1.749,2.085,0.302,0.657,1.98
0.526,1.898,0.339,1.749,2.085,0.302,0.658,1.98
0.527,1.898,0.339,1.749,2.086,0.302,0.658,1.98
0.526,1.897,0.339,1.749,2.085,0.302,0.658,1.98
0.527,1.897,0.339,1.749,2.085,0.302,0.658,1.98
0.527,1.897,0.339,1.749,2.085,0.302,0.658,1.98
0.527,1.897,0.339,1.749,2.086,0.302,0.658,1.979
0.527,1.897,0.339,1.749,2.085,0.302,0.658,1.979
0.527,1.897,0.339,1.749,2.085,0.302,0.658,1.979
0.527,1.897,0.339,1.749,2.085,0.302,0.658,1.979
0.527,1.897,0.339,1.749,2.085,0.302,0.658,1.979
0.527,1.897,0.339,1.749,2.085,0.302,0.658,1.979
0.527,1.897,0.339,1.748,2.085,0.302,0.658,1.979
0.527,1.897,0.339,1.748,2.085,0.302,0.658,1.979
0.527,1.897,0.339,1.748,2.085,0.302,0.658,1.979
0.527,1.897,0.339,1.749,2.085,0.302,0.658,1.979
0.527,1.897,0.339,1.749,2.085,0.302,0.658,1.979
0.527,1.897,0.339,1.748,2.085,0.302,0.658,1.979
0.527,1.897,0.339,1.748,2.085,0.302,0.658,1.979
0.527,1.897,0.339,1.748,2.085,0.302,0.658,1.979
0.527,1.897,0.339,1.748,2.085,0.302,0.658,1.979
0.527,1.897,0.339,1.748,2.085,0.302,0.658,1.979
0.527,1.897,0.339,1.748,2.085,0.302,0.658,1.979
0.527,1.897,0.339,1.748,2.085,0.302,0.658,1.979
0.527,1.897,0.339,1.748,2.085,0.302,0.658,1.979
0.527,1.897,0.339,1.748,2.085,0.302,0.658,1.979
0.527,1.897,0.339,1.748,2.085,0.302,0.658,1.979
0.527,1.897,0.339,1.748,2.085,0.302,0.658,1.979
0.527,1.897,0.339,1.748,2.085,0.302,0.658,1.979
0.527,1.897,0.339,1.748,2.085,0.302,0.658,1.979
0.527,1.896,0.339,1.748,2.085,0.302,0.658,1.979
0.527,1.896,0.339,1.748,2.085,0.302,0.658,1.978
0.527,1.896,0.339,1.748,2.085,0.302,0.658,1.978
0.527,1.896,0.339,1.748,2.084,0.302,0.658,1.978
0.527,1.896,0.339,1.748,2.085,0.302,0.658,1.978
0.527,1.896,0.339,1.748,2.085,0.302,0.658,1.978
0.527,1.896,0.339,1.748,2.084,0.302,0.658,1.978
0.527,1.896,0.339,1.748,2.084,0.302,0.658,1.978
0.527,1.896,0.339,1.748,2.084,0.302,0.658,1.978
0.527,1.896,0.339,1.748,2.084,0.302,0.658,1.978
0.527,1.896,0.339,1.748,2.084,0.302,0.658,1.978
0.527,1.896,0.339,1.748,2.084,0.302,0.658,1.978
0.527,1.896,0.339,1.747,2.084,0.302,0.658,1.978
0.527,1.896,0.339,1.747,2.084,0.302,0.658,1.978
0.527,1.896,0.339,1.747,2.084,0.302,0.658,1.978
0.527,1.896,0.339,1.747,2.084,0.302,0.658,1.978
0.527,1.896,0.339,1.747,2.084,0.302,0.658,1.977
0.527,1.896,0.339,1.747,2.084,0.302,0.658,1.978
0.527,1.896,0.339,1.747,2.084,0.302,0.658,1.978
0.527,1.896,0.339,1.747,2.084,0.302,0.658,1.977
0.527,1.896,0.339,1.747,2.084,0.302,0.658,1.977
0.527,1.896,0.339,1.747,2.084,0.302,0.658,1.977
0.527,1.896,0.339,1.747,2.084,0.302,0.658,1.977
0.527,1.896,0.339,1.747,2.084,0.302,0.658,1.977
0.527,1.896,0.339,1.747,2.084,0.301,0.658,1.977
0.527,1.896,0.339,1.747,2.084,0.302,0.658,1.977
0.527,1.896,0.339,1.747,2.084,0.302,0.658,1.977
0.527,1.896,0.339,1.747,2.084,0.302,0.658,1.977
0.527,1.896,0.339,1.747,2.084,0.302,0.658,1.977
0.527,1.896,0.339,1.747,2.084,0.302,0.658,1.977
0.527,1.896,0.339,1.747,2.084,0.302,0.658,1.977
0.527,1.896,0.339,1.747,2.084,0.302,0.658,1.977
0.527,1.896,0.339,1.747,2.084,0.302,0.658,1.977
0.527,1.896,0.339,1.747,2.083,0.302,0.658,1.977
0.527,1.895,0.339,1.747,2.083,0.302,0.658,1.977
0.527,1.896,0.339,1.747,2.084,0.302,0.658,1.977
0.527,1.895,0.339,1.746,2.083,0.302,0.658,1.977
0.527,1.896,0.339,1.746,2.083,0.302,0.658,1.977
0.527,1.895,0.339,1.746,2.083,0.302,0.658,1.977
0.527,1.895,0.339,1.746,2.083,0.302,0.658,1.977
0.527,1.895,0.339,1.747,2.083,0.302,0.658,1.976
0.527,1.895,0.339,1.747,2.083,0.302,0.658,1.977
0.527,1.895,0.339,1.746,2.083,0.302,0.658,1.977
0.527,1.895,0.339,1.746,2.083,0.302,0.658,1.976
0.527,1.895,0.339,1.746,2.083,0.302,0.658,1.976
0.527,1.895,0.339,1.746,2.083,0.302,0.658,1.976
0.527,1.895,0.339,1.746,2.083,0.302,0.658,1.976
0.527,1.895,0.339,1.746,2.083,0.302,0.658,1.976
0.527,1.895,0.339,1.746,2.083,0.302,0.658,1.976
0.527,1.895,0.338,1.746,2.083,0.302,0.658,1.976
0.527,1.895,0.339,1.746,2.083,0.302,0.658,1.976
0.527,1.895,0.339,1.746,2.083,0.302,0.658,1.976
0.527,1.895,0.339,1.746,2.083,0.302,0.658,1.976
0.527,1.895,0.339,1.746,2.083,0.302,0.658,1.976
0.527,1.895,0.339,1.746,2.083,0.302,0.658,1.976
0.527,1.895,0.339,1.746,2.083,0.302,0.658,1.976
0.527,1.895,0.339,1.746,2.083,0.302,0.658,1.976
0.527,1.895,0.339,1.746,2.083,0.302,0.658,1.976
0.527,1.895,0.339,1.746,2.083,0.302,0.658,1.976
0.527,1.895,0.339,1.746,2.083,0.302,0.658,1.976
0.528,1.895,0.339,1.746,2.083,0.302,0.658,1.976
0.527,1.895,0.339,1.746,2.083,0.302,0.658,1.976
0.527,1.895,0.339,1.746,2.083,0.302,0.658,1.976
0.528,1.895,0.339,1.746,2.083,0.302,0.658,1.976
0.527,1.895,0.339,1.746,2.082,0.301,0.658,1.976
0.528,1.895,0.339,1.745,2.082,0.302,0.658,1.975
0.527,1.895,0.338,1.745,2.082,0.302,0.658,1.975
0.528,1.895,0.339,1.745,2.082,0.302,0.658,1.976
0.528,1.895,0.339,1.745,2.082,0.301,0.658,1.975
0.528,1.895,0.339,1.745,2.083,0.302,0.658,1.975
0.528,1.894,0.339,1.745,2.082,0.302,0.658,1.975
0.528,1.894,0.339,1.745,2.082,0.302,0.658,1.975
0.528,1.895,0.338,1.745,2.082,0.302,0.658,1.975
0.528,1.895,0.339,1.745,2.082,0.302,0.658,1.975
0.528,1.895,0.338,1.745,2.082,0.302,0.658,1.975
0.528,1.894,0.338,1.745,2.082,0.302,0.658,1.975
0.528,1.895,0.339,1.745,2.082,0.302,0.658,1.975
0.528,1.894,0.338,1.745,2.082,0.302,0.658,1.975
0.528,1.894,0.338,1.745,2.082,0.302,0.658,1.975
0.528,1.894,0.339,1.745,2.082,0.302,0.658,1.975
0.528,1.895,0.338,1.745,2.083,0.302,0.658,1.976
0.527,1.892,0.338,1.743,2.08,0.301,0.658,1.974
0.527,1.892,0.338,1.742,2.079,0.301,0.657,1.972
0.528,1.895,0.338,1.745,2.082,0.302,0.658,1.973
0.528,1.896,0.339,1.746,2.084,0.302,0.659,1.977
0.528,1.895,0.339,1.746,2.083,0.302,0.658,1.976
0.528,1.894,0.338,1.745,2.082,0.302,0.658,1.975
0.527,1.892,0.338,1.743,2.08,0.301,0.658,1.974
0.527,1.891,0.338,1.742,2.079,0.301,0.657,1.971
0.528,1.894,0.338,1.745,2.081,0.302,0.658,1.973
0.528,1.896,0.339,1.746,2.084,0.302,0.659,1.976
0.528,1.895,0.338,1.746,2.083,0.302,0.658,1.976
0.528,1.894,0.338,1.745,2.082,0.302,0.658,1.975
0.527,1.892,0.338,1.743,2.08,0.301,0.658,1.974
0.527,1.891,0.338,1.742,2.078,0.301,0.657,1.971
0.528,1.894,0.338,1.744,2.081,0.301,0.658,1.973
0.528,1.895,0.339,1.746,2.084,0.302,0.659,1.976
0.528,1.894,0.338,1.745,2.083,0.302,0.658,1.976
0.528,1.894,0.338,1.745,2.082,0.302,0.658,1.975
0.527,1.891,0.338,1.743,2.08,0.301,0.658,1.973
0.527,1.891,0.338,1.741,2.078,0.301,0.657,1.971
0.528,1.894,0.338,1.744,2.081,0.301,0.658,1.972
0.528,1.895,0.339,1.746,2.083,0.302,0.659,1.975
0.528,1.894,0.338,1.745,2.083,0.302,0.659,1.975
0.528,1.894,0.338,1.744,2.082,0.302,0.658,1.974
0.527,1.891,0.338,1.742,2.08,0.301,0.658,1.973
0.527,1.891,0.338,1.741,2.078,0.301,0.657,1.971
0.528,1.893,0.338,1.743,2.081,0.301,0.658,1.972
0.528,1.895,0.339,1.745,2.083,0.302,0.659,1.975
0.528,1.894,0.338,1.745,2.082,0.302,0.659,1.975
0.528,1.893,0.338,1.744,2.082,0.302,0.658,1.974
0.527,1.891,0.338,1.742,2.08,0.301,0.658,1.973
0.527,1.89,0.338,1.741,2.078,0.301,0.657,1.971
0.528,1.893,0.338,1.743,2.08,0.301,0.658,1.972
0.528,1.895,0.339,1.745,2.083,0.302,0.659,1.975
0.528,1.894,0.338,1.745,2.083,0.301,0.658,1.975
0.528,1.893,0.338,1.744,2.082,0.302,0.658,1.974
0.527,1.891,0.338,1.742,2.08,0.301,0.658,1.973
0.527,1.89,0.338,1.741,2.078,0.301,0.657,1.97
0.528,1.893,0.338,1.743,2.08,0.301,0.658,1.971
0.528,1.894,0.338,1.745,2.083,0.302,0.659,1.974
0.528,1.894,0.338,1.744,2.082,0.302,0.659,1.974
0.528,1.893,0.338,1.744,2.082,0.301,0.658,1.974
0.527,1.891,0.338,1.742,2.08,0.301,0.658,1.972
0.527,1.89,0.338,1.74,2.078,0.301,0.657,1.97
0.528,1.892,0.338,1.742,2.08,0.301,0.658,1.971
0.529,1.894,0.339,1.745,2.083,0.302,0.659,1.974
0.528,1.893,0.338,1.744,2.082,0.302,0.659,1.974
0.528,1.893,0.338,1.743,2.081,0.301,0.658,1.973
0.527,1.891,0.338,1.741,2.08,0.301,0.658,1.972
0.527,1.889,0.338,1.74,2.078,0.301,0.657,1.97
0.528,1.892,0.338,1.742,2.08,0.301,0.658,1.97
0.529,1.894,0.338,1.744,2.082,0.302,0.659,1.973
0.528,1.893,0.338,1.744,2.082,0.302,0.659,1.974
0.528,1.892,0.338,1.743,2.081,0.302,0.658,1.973
0.527,1.891,0.338,1.742,2.08,0.301,0.658,1.972
0.527,1.889,0.338,1.74,2.078,0.301,0.657,1.97
0.528,1.892,0.338,1.742,2.079,0.301,0.657,1.97
0.528,1.894,0.338,1.744,2.082,0.302,0.658,1.973
0.528,1.893,0.338,1.743,2.082,0.302,0.658,1.974
0.528,1.892,0.338,1.743,2.081,0.302,0.658,1.972
0.528,1.892,0.338,1.742,2.08,0.301,0.658,1.972
0.528,1.892,0.338,1.742,2.08,0.301,0.658,1.972
0.528,1.892,0.338,1.742,2.08,0.301,0.658,1.972
0.528,1.892,0.338,1.742,2.08,0.301,0.658,1.972
0.528,1.892,0.338,1.742,2.08,0.301,0.658,1.972
0.528,1.892,0.338,1.742,2.08,0.301,0.658,1.972
0.528,1.892,0.338,1.742,2.081,0.301,0.658,1.972
0.528,1.892,0.338,1.742,2.08,0.301,0.658,1.972
0.528,1.892,0.338,1.742,2.08,0.301,0.658,1.971
0.528,1.892,0.338,1.742,2.08,0.301,0.658,1.971
0.528,1.892,0.338,1.742,2.08,0.301,0.658,1.971
0.528,1.892,0.338,1.742,2.08,0.301,0.658,1.971
0.528,1.891,0.338,1.742,2.08,0.301,0.658,1.971
0.528,1.892,0.338,1.742,2.08,0.301,0.658,1.971
0.528,1.892,0.338,1.742,2.08,0.301,0.658,1.971
0.528,1.891,0.338,1.742,2.08,0.301,0.658,1.971
0.528,1.891,0.338,1.742,2.08,0.301,0.658,1.971
0.528,1.891,0.338,1.742,2.08,0.301,0.658,1.971
0.528,1.891,0.338,1.742,2.08,0.301,0.658,1.971
0.528,1.891,0.338,1.742,2.08,0.301,0.658,1.971
0.528,1.891,0.338,1.742,2.08,0.301,0.658,1.971
0.528,1.891,0.338,1.742,2.08,0.301,0.658,1.971
0.528,1.891,0.338,1.742,2.08,0.301,0.658,1.971
0.528,1.891,0.338,1.742,2.08,0.301,0.658,1.971
0.528,1.891,0.338,1.742,2.08,0.301,0.658,1.971
0.528,1.891,0.338,1.742,2.08,0.301,0.658,1.971
0.528,1.891,0.338,1.742,2.08,0.301,0.658,1.971
0.528,1.891,0.338,1.742,2.08,0.301,0.658,1.971
0.528,1.891,0.338,1.742,2.08,0.301,0.658,1.97
0.528,1.891,0.338,1.741,2.08,0.301,0.658,1.971
0.528,1.891,0.338,1.741,2.08,0.301,0.658,1.97
0.528,1.891,0.338,1.741,2.08,0.301,0.658,1.971
0.528,1.891,0.338,1.742,2.08,0.301,0.658,1.971
0.528,1.891,0.338,1.741,2.08,0.301,0.658,1.97
0.528,1.891,0.337,1.741,2.08,0.301,0.658,1.97
0.528,1.891,0.337,1.741,2.08,0.301,0.658,1.97
0.528,1.891,0.338,1.741,2.08,0.301,0.658,1.97
0.528,1.891,0.338,1.741,2.08,0.301,0.658,1.97
0.528,1.891,0.338,1.741,2.08,0.301,0.658,1.97
0.528,1.891,0.338,1.741,2.08,0.301,0.658,1.97
0.528,1.89,0.338,1.741,2.079,0.301,0.658,1.97
0.528,1.89,0.337,1.741,2.08,0.301,0.658,1.97
0.528,1.89,0.338,1.741,2.08,0.301,0.658,1.97
0.528,1.89,0.338,1.741,2.08,0.301,0.658,1.97
0.528,1.89,0.337,1.741,2.08,0.301,0.658,1.97
0.528,1.89,0.337,1.741,2.079,0.301,0.658,1.97
0.528,1.89,0.337,1.741,2.079,0.301,0.658,1.97
0.528,1.89,0.337,1.741,2.08,0.301,0.658,1.97
0.528,1.89,0.337,1.741,2.079,0.301,0.658,1.97
0.528,1.89,0.337,1.74,2.08,0.301,0.658,1.97
0.528,1.89,0.337,1.74,2.079,0.301,0.658,1.97
0.528,1.89,0.337,1.74,2.079,0.301,0.658,1.97
0.528,1.89,0.337,1.741,2.079,0.301,0.658,1.97
0.528,1.89,0.337,1.741,2.079,0.301,0.658,1.97
0.529,1.89,0.337,1.74,2.079,0.301,0.658,1.97
0.529,1.89,0.337,1.74,2.079,0.301,0.658,1.969
0.528,1.889,0.337,1.741,2.079,0.301,0.658,1.97
0.528,1.889,0.337,1.74,2.079,0.301,0.658,1.969
0.528,1.889,0.337,1.74,2.079,0.301,0.658,1.969
0.528,1.889,0.337,1.74,2.079,0.301,0.658,1.97
0.529,1.889,0.337,1.74,2.079,0.301,0.658,1.969
0.528,1.889,0.337,1.74,2.079,0.301,0.658,1.969
0.529,1.889,0.337,1.74,2.079,0.301,0.658,1.969
0.529,1.889,0.337,1.74,2.079,0.301,0.658,1.969
0.529,1.889,0.337,1.74,2.079,0.301,0.659,1.969
0.529,1.889,0.337,1.74,2.079,0.301,0.658,1.969
0.529,1.889,0.337,1.74,2.079,0.301,0.658,1.969
0.529,1.889,0.337,1.74,2.079,0.301,0.658,1.969
0.529,1.889,0.337,1.74,2.079,0.301,0.658,1.969
0.529,1.889,0.337,1.74,2.079,0.301,0.659,1.969
0.529,1.889,0.337,1.74,2.079,0.301,0.659,1.969
0.529,1.889,0.337,1.74,2.079,0.301,0.659,1.969
0.528,1.889,0.337,1.74,2.079,0.301,0.658,1.969
0.529,1.889,0.337,1.74,2.079,0.301,0.658,1.969
0.529,1.889,0.337,1.74,2.079,0.301,0.658,1.969
0.529,1.889,0.337,1.74,2.079,0.301,0.659,1.969
0.529,1.889,0.337,1.74,2.079,0.301,0.658,1.969
0.529,1.889,0.337,1.74,2.079,0.301,0.658,1.969
0.529,1.889,0.337,1.74,2.079,0.301,0.658,1.969
0.529,1.889,0.337,1.74,2.079,0.301,0.658,1.969
0.529,1.889,0.337,1.739,2.079,0.301,0.658,1.969
0.529,1.889,0.337,1.74,2.079,0.301,0.659,1.969
0.529,1.889,0.337,1.74,2.079,0.301,0.658,1.969
0.529,1.889,0.337,1.739,2.079,0.301,0.659,1.969
0.529,1.889,0.337,1.74,2.079,0.301,0.659,1.969
0.529,1.889,0.337,1.74,2.079,0.301,0.659,1.969
0.529,1.889,0.337,1.74,2.079,0.301,0.658,1.969
0.529,1.889,0.337,1.74,2.079,0.301,0.659,1.968
0.529,1.889,0.337,1.74,2.079,0.301,0.658,1.968
0.529,1.889,0.337,1.739,2.079,0.301,0.658,1.968
0.529,1.889,0.337,1.74,2.079,0.301,0.658,1.968
0.529,1.889,0.337,1.739,2.079,0.301,0.659,1.968
0.529,1.889,0.337,1.739,2.079,0.301,0.658,1.968
0.529,1.889,0.337,1.739,2.079,0.301,0.659,1.968
0.529,1.889,0.337,1.739,2.079,0.301,0.659,1.968
0.529,1.889,0.337,1.739,2.079,0.301,0.659,1.968
0.529,1.889,0.337,1.739,2.079,0.301,0.659,1.968
0.529,1.889,0.337,1.739,2.079,0.301,0.659,1.968
0.529,1.889,0.337,1.739,2.079,0.301,0.658,1.968
0.529,1.889,0.337,1.739,2.079,0.301,0.658,1.968
0.529,1.889,0.338,1.739,2.079,0.301,0.659,1.968
0.529,1.889,0.337,1.739,2.079,0.301,0.659,1.968
0.529,1.889,0.337,1.739,2.079,0.301,0.659,1.968
0.529,1.889,0.337,1.739,2.079,0.301,0.659,1.968
0.529,1.889,0.337,1.739,2.079,0.301,0.659,1.968
0.529,1.889,0.337,1.739,2.079,0.301,0.659,1.968
0.529,1.889,0.337,1.739,2.079,0.301,0.659,1.968
0.529,1.889,0.337,1.739,2.079,0.301,0.659,1.968
0.529,1.889,0.337,1.739,2.079,0.301,0.659,1.968
0.529,1.889,0.337,1.739,2.079,0.301,0.659,1.968
0.529,1.889,0.337,1.739,2.079,0.301,0.659,1.968
0.529,1.889,0.337,1.739,2.079,0.301,0.659,1.968
0.529,1.889,0.337,1.739,2.079,0.301,0.659,1.968
0.529,1.889,0.337,1.739,2.079,0.301,0.659,1.968
0.529,1.889,0.337,1.739,2.079,0.301,0.659,1.968
0.529,1.888,0.337,1.739,2.079,0.301,0.659,1.968
0.529,1.888,0.337,1.738,2.078,0.301,0.659,1.967
0.529,1.888,0.337,1.738,2.078,0.301,0.659,1.967
0.529,1.888,0.337,1.738,2.078,0.301,0.659,1.967
0.529,1.888,0.337,1.738,2.078,0.301,0.659,1.967
0.529,1.888,0.337,1.738,2.078,0.301,0.659,1.967
0.529,1.888,0.337,1.738,2.078,0.301,0.659,1.967
0.529,1.888,0.337,1.738,2.078,0.301,0.659,1.967
0.529,1.888,0.337,1.738,2.078,0.301,0.658,1.967
0.529,1.888,0.337,1.738,2.078,0.301,0.659,1.967
0.529,1.888,0.337,1.738,2.078,0.301,0.659,1.967
0.529,1.888,0.337,1.738,2.078,0.301,0.658,1.967
0.529,1.887,0.337,1.738,2.078,0.301,0.659,1.967
0.529,1.887,0.337,1.738,2.078,0.301,0.658,1.967
0.529,1.887,0.337,1.737,2.078,0.301,0.658,1.967
0.529,1.887,0.337,1.738,2.078,0.301,0.658,1.966
0.529,1.887,0.337,1.737,2.078,0.301,0.659,1.967
0.529,1.887,0.337,1.738,2.078,0.301,0.658,1.967
0.529,1.887,0.337,1.737,2.078,0.301,0.659,1.966
0.529,1.887,0.337,1.738,2.078,0.301,0.659,1.966
0.529,1.887,0.337,1.738,2.078,0.301,0.659,1.967
0.529,1.887,0.337,1.738,2.078,0.301,0.658,1.966
0.529,1.887,0.337,1.737,2.078,0.301,0.658,1.967
0.529,1.887,0.337,1.738,2.078,0.301,0.659,1.967
0.529,1.887,0.337,1.738,2.078,0.301,0.659,1.967
0.529,1.887,0.337,1.737,2.078,0.301,0.659,1.966
0.529,1.887,0.337,1.738,2.078,0.301,0.659,1.966
0.529,1.887,0.337,1.738,2.078,0.301,0.659,1.966
0.529,1.887,0.337,1.737,2.078,0.301,0.659,1.966
0.529,1.887,0.337,1.737,2.078,0.301,0.659,1.966
0.529,1.887,0.337,1.737,2.078,0.301,0.659,1.966
0.529,1.887,0.337,1.737,2.078,0.301,0.659,1.966
0.529,1.887,0.337,1.737,2.078,0.301,0.659,1.966
0.529,1.887,0.337,1.737,2.078,0.301,0.659,1.966
0.529,1.887,0.337,1.737,2.078,0.301,0.659,1.966
0.529,1.887,0.337,1.737,2.078,0.301,0.659,1.966
0.529,1.887,0.337,1.737,2.078,0.301,0.659,1.966
0.529,1.887,0.337,1.737,2.078,0.301,0.659,1.966
0.529,1.887,0.337,1.737,2.078,0.301,0.659,1.966
0.529,1.887,0.337,1.737,2.078,0.301,0.659,1.966
0.529,1.887,0.337,1.737,2.078,0.301,0.659,1.966
0.529,1.887,0.337,1.737,2.078,0.301,0.659,1.966
0.529,1.887,0.337,1.737,2.078,0.301,0.659,1.966
0.529,1.887,0.337,1.737,2.078,0.301,0.659,1.966
0.529,1.887,0.337,1.737,2.078,0.301,0.659,1.966
0.529,1.887,0.337,1.737,2.078,0.301,0.659,1.966
0.529,1.887,0.337,1.737,2.078,0.301,0.659,1.966
0.529,1.887,0.337,1.737,2.078,0.301,0.659,1.966
0.529,1.886,0.336,1.737,2.078,0.301,0.659,1.966
0.529,1.886,0.337,1.737,2.078,0.301,0.659,1.965
0.529,1.887,0.337,1.737,2.078,0.301,0.659,1.966
0.529,1.886,0.337,1.737,2.078,0.301,0.659,1.966
0.53,1.887,0.337,1.737,2.078,0.301,0.659,1.966
0.529,1.887,0.337,1.737,2.078,0.301,0.659,1.966
0.53,1.886,0.336,1.737,2.078,0.301,0.659,1.966
0.53,1.887,0.337,1.737,2.078,0.301,0.659,1.966
0.529,1.887,0.336,1.737,2.078,0.301,0.659,1.966
0.53,1.886,0.337,1.737,2.078,0.301,0.659,1.966
0.53,1.886,0.337,1.736,2.078,0.301,0.659,1.965
0.529,1.886,0.336,1.736,2.078,0.301,0.659,1.965
0.529,1.886,0.336,1.737,2.078,0.301,0.659,1.966
0.53,1.886,0.337,1.737,2.078,0.301,0.659,1.966
0.53,1.887,0.336,1.737,2.078,0.301,0.659,1.966
0.53,1.886,0.337,1.737,2.078,0.301,0.659,1.966
0.53,1.886,0.336,1.736,2.078,0.301,0.659,1.966
0.53,1.886,0.336,1.737,2.078,0.301,0.659,1.965
0.53,1.886,0.336,1.736,2.078,0.301,0.659,1.965
0.53,1.886,0.336,1.736,2.078,0.301,0.659,1.965
0.53,1.886,0.336,1.736,2.078,0.301,0.659,1.965
0.53,1.886,0.336,1.736,2.078,0.301,0.659,1.965
0.53,1.886,0.337,1.736,2.078,0.301,0.659,1.965
0.53,1.886,0.337,1.736,2.078,0.301,0.66,1.967
0.529,1.883,0.336,1.734,2.076,0.301,0.659,1.965
0.528,1.881,0.335,1.731,2.072,0.3,0.657,1.96
0.529,1.884,0.336,1.734,2.074,0.301,0.658,1.961
0.53,1.889,0.337,1.738,2.08,0.301,0.659,1.966
0.53,1.888,0.337,1.739,2.081,0.302,0.66,1.968
0.53,1.887,0.336,1.737,2.079,0.301,0.66,1.967
0.529,1.883,0.336,1.735,2.076,0.301,0.659,1.965
0.528,1.88,0.335,1.731,2.072,0.3,0.657,1.961
0.529,1.884,0.336,1.733,2.074,0.301,0.658,1.96
0.531,1.888,0.337,1.738,2.08,0.301,0.659,1.965
0.53,1.888,0.337,1.738,2.081,0.302,0.66,1.968
0.53,1.886,0.337,1.737,2.079,0.301,0.66,1.966
0.529,1.883,0.336,1.734,2.077,0.301,0.659,1.965
0.528,1.88,0.336,1.731,2.072,0.3,0.657,1.96
0.529,1.883,0.336,1.733,2.073,0.3,0.658,1.96
0.53,1.888,0.337,1.738,2.079,0.301,0.659,1.965
0.53,1.888,0.337,1.738,2.08,0.302,0.66,1.968
0.53,1.886,0.337,1.737,2.079,0.301,0.66,1.966
0.529,1.883,0.336,1.734,2.076,0.301,0.659,1.964
0.528,1.88,0.335,1.731,2.072,0.3,0.658,1.96
0.529,1.883,0.336,1.733,2.074,0.3,0.658,1.959
0.531,1.888,0.337,1.737,2.079,0.301,0.659,1.965
0.53,1.888,0.337,1.738,2.081,0.302,0.66,1.968
0.53,1.886,0.337,1.737,2.079,0.301,0.66,1.966
0.529,1.883,0.336,1.734,2.077,0.301,0.659,1.964
0.528,1.88,0.335,1.731,2.072,0.3,0.657,1.96
0.529,1.882,0.336,1.732,2.073,0.3,0.657,1.959
0.531,1.888,0.337,1.737,2.079,0.301,0.659,1.964
0.53,1.888,0.337,1.738,2.081,0.301,0.66,1.967
0.53,1.886,0.337,1.737,2.079,0.301,0.66,1.966
0.529,1.883,0.336,1.734,2.077,0.301,0.659,1.964
0.528,1.88,0.335,1.73,2.072,0.3,0.658,1.96
0.529,1.882,0.336,1.732,2.073,0.3,0.657,1.959
0.531,1.887,0.337,1.737,2.079,0.301,0.659,1.964
0.53,1.888,0.337,1.738,2.08,0.301,0.66,1.967
0.53,1.886,0.337,1.736,2.079,0.301,0.66,1.966
0.529,1.883,0.336,1.734,2.077,0.301,0.659,1.964
0.528,1.88,0.335,1.73,2.072,0.3,0.657,1.96
0.529,1.882,0.336,1.731,2.072,0.3,0.657,1.958
0.531,1.887,0.337,1.736,2.079,0.301,0.659,1.963
0.531,1.887,0.337,1.738,2.08,0.301,0.66,1.967
0.53,1.886,0.337,1.736,2.079,0.301,0.66,1.966
0.529,1.884,0.336,1.734,2.077,0.301,0.659,1.964
0.528,1.879,0.335,1.73,2.072,0.3,0.658,1.96
0.529,1.882,0.336,1.731,2.073,0.3,0.657,1.958
0.531,1.887,0.337,1.736,2.078,0.301,0.659,1.963
0.53,1.887,0.337,1.737,2.081,0.301,0.66,1.967
0.53,1.886,0.336,1.736,2.079,0.301,0.66,1.966
0.529,1.884,0.336,1.734,2.077,0.301,0.659,1.964
0.528,1.88,0.335,1.73,2.072,0.3,0.658,1.96
0.529,1.881,0.336,1.731,2.072,0.3,0.657,1.958
0.53,1.887,0.337,1.736,2.078,0.301,0.659,1.962
0.531,1.888,0.337,1.737,2.081,0.301,0.66,1.966
0.53,1.886,0.336,1.736,2.079,0.301,0.66,1.965
0.529,1.884,0.336,1.734,2.077,0.301,0.659,1.964
0.528,1.88,0.335,1.73,2.073,0.3,0.658,1.96
0.529,1.881,0.335,1.73,2.071,0.3,0.657,1.957
0.531,1.886,0.336,1.735,2.077,0.301,0.659,1.962
0.53,1.887,0.337,1.737,2.08,0.301,0.66,1.966
0.53,1.886,0.336,1.735,2.079,0.301,0.659,1.965
0.53,1.884,0.336,1.734,2.077,0.301,0.659,1.962
0.53,1.884,0.336,1.734,2.077,0.301,0.659,1.962
0.53,1.884,0.336,1.734,2.077,0.301,0.659,1.963
0.53,1.884,0.336,1.734,2.077,0.301,0.659,1.963
0.53,1.885,0.336,1.734,2.077,0.301,0.659,1.963
0.53,1.884,0.336,1.734,2.077,0.301,0.659,1.963
0.53,1.884,0.336,1.734,2.077,0.301,0.659,1.963
0.53,1.884,0.336,1.734,2.077,0.301,0.659,1.963
0.53,1.884,0.336,1.734,2.077,0.301,0.659,1.962
0.53,1.884,0.336,1.734,2.077,0.301,0.659,1.963
0.53,1.884,0.336,1.734,2.077,0.301,0.659,1.963
0.53,1.884,0.336,1.734,2.077,0.301,0.659,1.962
0.53,1.884,0.336,1.734,2.077,0.301,0.659,1.962
0.53,1.884,0.336,1.734,2.077,0.301,0.659,1.962
0.53,1.884,0.336,1.734,2.077,0.301,0.659,1.962
0.53,1.884,0.336,1.734,2.077,0.301,0.659,1.962
0.53,1.884,0.336,1.734,2.077,0.301,0.659,1.962
0.53,1.884,0.336,1.734,2.077,0.301,0.659,1.962
0.53,1.884,0.336,1.734,2.077,0.301,0.659,1.962
0.53,1.884,0.336,1.733,2.077,0.301,0.659,1.962
0.53,1.883,0.336,1.733,2.077,0.301,0.659,1.962
0.53,1.884,0.336,1.733,2.077,0.301,0.659,1.962
0.53,1.883,0.336,1.733,2.076,0.301,0.659,1.962
0.53,1.883,0.336,1.733,2.076,0.301,0.659,1.962
0.53,1.883,0.336,1.733,2.076,0.301,0.659,1.961
0.53,1.883,0.336,1.733,2.076,0.301,0.659,1.962
0.53,1.883,0.336,1.733,2.077,0.301,0.659,1.962
0.53,1.884,0.336,1.733,2.077,0.301,0.659,1.962
0.53,1.884,0.336,1.733,2.076,0.301,0.659,1.962
0.53,1.883,0.336,1.733,2.077,0.301,0.659,1.962
0.53,1.883,0.336,1.733,2.077,0.301,0.659,1.962
0.53,1.884,0.336,1.733,2.077,0.301,0.659,1.962
0.53,1.883,0.336,1.734,2.077,0.301,0.659,1.962
0.53,1.884,0.336,1.733,2.077,0.301,0.659,1.962
0.53,1.884,0.336,1.733,2.077,0.301,0.659,1.962
0.53,1.883,0.336,1.733,2.077,0.301,0.659,1.962
0.53,1.883,0.336,1.733,2.077,0.301,0.659,1.962
0.53,1.883,0.336,1.733,2.077,0.301,0.659,1.961
0.53,1.883,0.336,1.733,2.077,0.301,0.659,1.962
0.53,1.883,0.336,1.733,2.077,0.301,0.659,1.962
0.53,1.884,0.336,1.733,2.077,0.301,0.659,1.962
0.53,1.883,0.336,1.733,2.077,0.301,0.659,1.962
0.53,1.883,0.336,1.733,2.077,0.301,0.659,1.961
0.53,1.883,0.336,1.733,2.077,0.301,0.659,1.961
0.53,1.883,0.336,1.733,2.077,0.301,0.659,1.961
0.53,1.883,0.336,1.733,2.077,0.301,0.659,1.961
0.53,1.883,0.336,1.733,2.077,0.301,0.659,1.961
0.53,1.883,0.336,1.733,2.076,0.301,0.659,1.961
0.53,1.883,0.336,1.733,2.076,0.301,0.659,1.961
0.53,1.883,0.336,1.732,2.077,0.301,0.659,1.961
0.53,1.883,0.336,1.733,2.077,0.301,0.659,1.961
0.53,1.883,0.336,1.733,2.077,0.301,0.659,1.961
0.53,1.883,0.336,1.732,2.077,0.301,0.659,1.961
0.53,1.883,0.336,1.733,2.076,0.301,0.659,1.961
0.53,1.883,0.336,1.732,2.077,0.301,0.659,1.961
0.53,1.883,0.336,1.732,2.077,0.301,0.659,1.961
0.53,1.883,0.336,1.733,2.077,0.301,0.659,1.961
0.53,1.882,0.336,1.732,2.076,0.301,0.659,1.961
0.53,1.882,0.336,1.732,2.077,0.301,0.659,1.961
0.53,1.883,0.336,1.732,2.077,0.301,0.659,1.961
0.53,1.883,0.336,1.732,2.077,0.301,0.659,1.961
0.53,1.883,0.336,1.733,2.077,0.301,0.659,1.961
0.53,1.883,0.336,1.733,2.077,0.301,0.659,1.961
0.53,1.883,0.336,1.732,2.077,0.301,0.659,1.961
0.53,1.882,0.335,1.733,2.077,0.301,0.659,1.961
0.53,1.883,0.335,1.732,2.077,0.301,0.659,1.961
0.53,1.883,0.336,1.732,2.077,0.301,0.659,1.96
0.53,1.883,0.336,1.732,2.077,0.301,0.659,1.961
0.53,1.882,0.335,1.732,2.077,0.301,0.659,1.961
0.53,1.882,0.335,1.732,2.077,0.301,0.659,1.961
0.53,1.882,0.336,1.732,2.077,0.301,0.659,1.96
0.53,1.882,0.335,1.732,2.077,0.301,0.659,1.96
0.53,1.882,0.336,1.732,2.077,0.301,0.659,1.961
0.53,1.882,0.335,1.732,2.077,0.301,0.659,1.961
0.53,1.882,0.335,1.732,2.078,0.301,0.659,1.961
0.53,1.883,0.336,1.732,2.078,0.301,0.66,1.96
0.53,1.882,0.335,1.732,2.078,0.301,0.66,1.961
0.53,1.883,0.335,1.732,2.078,0.301,0.66,1.96
0.53,1.882,0.335,1.732,2.077,0.301,0.66,1.96
0.53,1.882,0.335,1.732,2.078,0.301,0.659,1.96
0.53,1.882,0.336,1.732,2.078,0.301,0.66,1.961
0.53,1.882,0.336,1.732,2.077,0.301,0.66,1.96
0.53,1.882,0.335,1.732,2.077,0.301,0.66,1.96
0.53,1.882,0.336,1.732,2.078,0.301,0.659,1.96
0.53,1.882,0.336,1.732,2.078,0.301,0.659,1.96
0.53,1.882,0.336,1.732,2.078,0.301,0.659,1.96
0.53,1.882,0.335,1.732,2.077,0.301,0.66,1.96
0.53,1.882,0.336,1.732,2.078,0.301,0.66,1.96
0.53,1.882,0.336,1.732,2.078,0.301,0.66,1.96
0.531,1.882,0.335,1.732,2.078,0.301,0.659,1.96
0.53,1.882,0.335,1.732,2.077,0.301,0.659,1.96
0.53,1.882,0.335,1.732,2.077,0.301,0.659,1.96
0.53,1.882,0.335,1.731,2.077,0.301,0.659,1.96
0.53,1.882,0.336,1.732,2.077,0.301,0.659,1.96
0.53,1.882,0.336,1.732,2.078,0.301,0.659,1.96
0.531,1.883,0.336,1.732,2.078,0.301,0.66,1.96
0.531,1.882,0.336,1.732,2.078,0.301,0.66,1.96
0.53,1.882,0.336,1.732,2.078,0.301,0.66,1.96
0.531,1.882,0.336,1.732,2.078,0.301,0.66,1.96
0.531,1.882,0.335,1.732,2.078,0.301,0.66,1.96
0.531,1.882,0.336,1.731,2.078,0.301,0.66,1.96
0.531,1.882,0.336,1.732,2.078,0.301,0.66,1.96
0.531,1.882,0.336,1.732,2.078,0.301,0.66,1.96
0.531,1.882,0.336,1.732,2.078,0.301,0.66,1.96
0.531,1.882,0.335,1.732,2.078,0.301,0.66,1.96
0.531,1.882,0.336,1.732,2.078,0.301,0.66,1.96
0.531,1.882,0.335,1.731,2.078,0.301,0.66,1.96
0.531,1.882,0.335,1.731,2.078,0.301,0.66,1.96
0.531,1.882,0.336,1.732,2.078,0.301,0.66,1.96
0.531,1.882,0.335,1.731,2.078,0.301,0.66,1.96
0.531,1.882,0.335,1.731,2.077,0.301,0.66,1.96
0.531,1.882,0.335,1.731,2.077,0.301,0.66,1.959
0.531,1.882,0.335,1.731,2.077,0.301,0.66,1.959
0.531,1.882,0.335,1.731,2.077,0.301,0.66,1.959
0.531,1.882,0.335,1.731,2.077,0.301,0.66,1.959
0.531,1.882,0.335,1.731,2.078,0.301,0.66,1.959
0.531,1.882,0.336,1.731,2.077,0.301,0.66,1.959
0.531,1.882,0.335,1.731,2.077,0.301,0.66,1.959
0.531,1.882,0.335,1.731,2.077,0.301,0.66,1.959
0.531,1.882,0.335,1.731,2.077,0.301,0.66,1.959
0.531,1.882,0.335,1.731,2.077,0.301,0.66,1.959
0.531,1.882,0.335,1.731,2.077,0.301,0.66,1.959
0.531,1.882,0.335,1.731,2.078,0.301,0.66,1.959
0.531,1.882,0.336,1.731,2.078,0.301,0.66,1.959
0.531,1.882,0.335,1.731,2.077,0.301,0.66,1.959
0.531,1.882,0.335,1.731,2.078,0.301,0.66,1.959
0.531,1.881,0.335,1.731,2.078,0.301,0.66,1.959
0.531,1.882,0.335,1.731,2.078,0.301,0.66,1.959
0.531,1.882,0.335,1.731,2.077,0.301,0.66,1.959
0.531,1.882,0.335,1.731,2.077,0.301,0.66,1.959
0.531,1.881,0.335,1.731,2.078,0.301,0.66,1.959
0.531,1.881,0.335,1.731,2.077,0.301,0.66,1.959
0.531,1.881,0.335,1.731,2.077,0.301,0.66,1.959
0.531,1.881,0.335,1.731,2.078,0.301,0.66,1.959
0.531,1.881,0.335,1.73,2.077,0.301,0.66,1.959
0.531,1.881,0.335,1.731,2.077,0.301,0.66,1.959
0.531,1.881,0.335,1.731,2.077,0.301,0.66,1.959
0.531,1.881,0.335,1.731,2.078,0.301,0.66,1.959
0.531,1.881,0.335,1.731,2.078,0.301,0.66,1.959
0.531,1.881,0.335,1.731,2.078,0.301,0.66,1.959
0.531,1.881,0.335,1.731,2.077,0.301,0.66,1.959
0.531,1.881,0.335,1.731,2.078,0.301,0.66,1.959
0.531,1.881,0.335,1.731,2.078,0.301,0.66,1.959
0.531,1.881,0.335,1.73,2.077,0.301,0.66,1.959
0.531,1.881,0.335,1.73,2.077,0.301,0.66,1.959
0.531,1.881,0.335,1.73,2.077,0.301,0.66,1.958
0.531,1.881,0.335,1.73,2.077,0.301,0.66,1.958
0.531,1.881,0.335,1.731,2.078,0.301,0.66,1.959
0.531,1.881,0.335,1.73,2.077,0.301,0.66,1.959
0.531,1.881,0.335,1.73,2.077,0.301,0.66,1.959
0.531,1.881,0.335,1.73,2.077,0.301,0.66,1.958
0.531,1.88,0.335,1.73,2.077,0.301,0.66,1.958
0.531,1.881,0.335,1.73,2.077,0.301,0.66,1.958
0.531,1.881,0.335,1.73,2.077,0.301,0.66,1.958
0.531,1.881,0.335,1.73,2.077,0.301,0.66,1.958
0.531,1.881,0.335,1.73,2.077,0.301,0.66,1.958
0.531,1.881,0.335,1.73,2.077,0.301,0.66,1.958
0.531,1.881,0.335,1.73,2.077,0.301,0.66,1.958
0.531,1.881,0.335,1.73,2.077,0.301,0.66,1.958
0.531,1.881,0.335,1.73,2.077,0.301,0.66,1.958
0.531,1.881,0.335,1.73,2.077,0.301,0.66,1.958
0.531,1.88,0.335,1.73,2.077,0.301,0.66,1.958
0.531,1.88,0.335,1.73,2.077,0.301,0.66,1.958
0.531,1.88,0.335,1.73,2.077,0.301,0.66,1.958
0.531,1.88,0.335,1.73,2.077,0.301,0.66,1.958
0.531,1.88,0.335,1.73,2.077,0.301,0.66,1.958
0.531,1.88,0.335,1.73,2.077,0.301,0.66,1.958
0.531,1.88,0.335,1.73,2.077,0.301,0.66,1.958
0.531,1.88,0.335,1.73,2.077,0.301,0.66,1.958
0.531,1.88,0.335,1.73,2.077,0.301,0.66,1.958
0.531,1.88,0.335,1.73,2.077,0.301,0.66,1.957
0.531,1.88,0.335,1.73,2.077,0.301,0.66,1.957
0.531,1.88,0.335,1.73,2.077,0.301,0.66,1.958
0.531,1.88,0.335,1.729,2.077,0.301,0.66,1.958
0.531,1.88,0.335,1.73,2.077,0.301,0.66,1.958
0.531,1.88,0.335,1.73,2.077,0.301,0.66,1.958
0.531,1.88,0.335,1.73,2.077,0.301,0.66,1.958
0.531,1.88,0.335,1.73,2.077,0.301,0.66,1.957
0.531,1.88,0.335,1.73,2.077,0.301,0.66,1.957
0.531,1.88,0.335,1.73,2.077,0.301,0.66,1.957
0.531,1.88,0.335,1.729,2.077,0.301,0.66,1.957
0.531,1.88,0.335,1.729,2.077,0.301,0.66,1.957
0.531,1.88,0.335,1.729,2.077,0.301,0.66,1.957
0.531,1.88,0.335,1.729,2.077,0.301,0.66,1.957
0.531,1.88,0.335,1.729,2.077,0.301,0.66,1.957
0.531,1.88,0.335,1.729,2.077,0.301,0.66,1.957
0.531,1.88,0.335,1.729,2.077,0.301,0.66,1.957
0.531,1.88,0.335,1.729,2.077,0.301,0.66,1.957
0.531,1.88,0.335,1.729,2.077,0.301,0.66,1.957
0.531,1.88,0.335,1.729,2.077,0.301,0.66,1.957
0.531,1.88,0.335,1.729,2.077,0.301,0.66,1.957
0.531,1.88,0.335,1.729,2.077,0.301,0.66,1.957
0.531,1.88,0.335,1.729,2.077,0.301,0.66,1.957
0.531,1.88,0.335,1.729,2.077,0.301,0.66,1.957
0.531,1.88,0.335,1.729,2.077,0.301,0.66,1.957
0.531,1.88,0.335,1.729,2.077,0.301,0.66,1.957
0.531,1.88,0.335,1.729,2.077,0.301,0.66,1.957
0.531,1.88,0.335,1.729,2.077,0.301,0.66,1.957
0.531,1.88,0.335,1.729,2.077,0.301,0.66,1.956
0.531,1.88,0.335,1.729,2.077,0.301,0.66,1.956
0.531,1.88,0.335,1.729,2.077,0.301,0.66,1.956
0.531,1.88,0.335,1.729,2.077,0.301,0.66,1.956
0.531,1.88,0.335,1.729,2.077,0.301,0.66,1.956
0.531,1.88,0.335,1.729,2.077,0.301,0.66,1.957
0.531,1.88,0.335,1.729,2.077,0.301,0.66,1.957
0.532,1.88,0.335,1.729,2.077,0.301,0.66,1.957
0.531,1.88,0.335,1.729,2.077,0.301,0.66,1.957
0.531,1.88,0.335,1.729,2.077,0.301,0.66,1.957
0.531,1.88,0.335,1.729,2.077,0.301,0.66,1.957
0.531,1.88,0.335,1.729,2.077,0.301,0.66,1.956
0.531,1.88,0.335,1.729,2.077,0.301,0.66,1.956
0.531,1.88,0.335,1.729,2.077,0.301,0.66,1.956
0.531,1.88,0.335,1.729,2.077,0.301,0.66,1.956
0.531,1.88,0.335,1.729,2.077,0.301,0.66,1.956
0.531,1.88,0.335,1.729,2.077,0.301,0.66,1.956
0.531,1.88,0.335,1.729,2.077,0.301,0.66,1.956
0.531,1.88,0.335,1.729,2.077,0.301,0.66,1.956
0.531,1.88,0.335,1.729,2.077,0.301,0.66,1.956
0.532,1.88,0.335,1.729,2.077,0.301,0.66,1.956
0.531,1.88,0.335,1.729,2.077,0.301,0.66,1.956
0.531,1.88,0.335,1.729,2.077,0.301,0.66,1.956
0.532,1.88,0.335,1.729,2.077,0.301,0.66,1.956
0.532,1.88,0.335,1.729,2.077,0.301,0.66,1.956
0.532,1.88,0.335,1.729,2.077,0.301,0.66,1.956
0.531,1.88,0.335,1.729,2.077,0.301,0.66,1.956
0.532,1.88,0.335,1.728,2.077,0.301,0.66,1.956
0.532,1.88,0.335,1.729,2.077,0.301,0.66,1.956
0.532,1.88,0.335,1.729,2.077,0.301,0.661,1.956
0.532,1.88,0.335,1.729,2.077,0.301,0.66,1.956
0.532,1.88,0.335,1.729,2.077,0.301,0.66,1.956
0.532,1.88,0.335,1.729,2.077,0.301,0.66,1.956
0.532,1.88,0.335,1.728,2.077,0.301,0.66,1.956
0.532,1.88,0.335,1.728,2.077,0.301,0.66,1.956
0.532,1.88,0.335,1.728,2.077,0.301,0.66,1.956
0.532,1.88,0.335,1.728,2.077,0.301,0.66,1.956
0.532,1.88,0.335,1.728,2.077,0.301,0.66,1.956
0.532,1.88,0.335,1.728,2.077,0.301,0.66,1.956
0.532,1.88,0.335,1.728,2.077,0.301,0.66,1.956
0.532,1.88,0.335,1.728,2.077,0.301,0.66,1.956
0.532,1.88,0.335,1.728,2.077,0.301,0.66,1.956
0.532,1.88,0.335,1.728,2.077,0.301,0.66,1.956
0.532,1.88,0.335,1.728,2.077,0.301,0.66,1.955
0.532,1.88,0.335,1.728,2.077,0.301,0.66,1.955
0.532,1.88,0.335,1.728,2.077,0.301,0.66,1.956
0.532,1.88,0.335,1.728,2.077,0.301,0.66,1.956
0.532,1.88,0.335,1.728,2.077,0.301,0.66,1.955
0.532,1.88,0.335,1.728,2.077,0.301,0.661,1.955
0.532,1.88,0.335,1.728,2.077,0.301,0.66,1.956
0.532,1.88,0.335,1.728,2.077,0.301,0.661,1.955
0.532,1.88,0.335,1.728,2.077,0.301,0.661,1.955
0.532,1.88,0.335,1.728,2.077,0.301,0.661,1.956
0.532,1.88,0.335,1.728,2.077,0.301,0.661,1.955
0.532,1.88,0.335,1.728,2.077,0.301,0.661,1.955
0.532,1.88,0.335,1.728,2.077,0.301,0.66,1.955
0.532,1.88,0.335,1.728,2.077,0.301,0.661,1.955
0.532,1.879,0.335,1.728,2.077,0.301,0.66,1.956
0.532,1.879,0.335,1.728,2.077,0.301,0.66,1.955
0.532,1.88,0.335,1.728,2.077,0.301,0.661,1.955
0.532,1.88,0.335,1.728,2.077,0.301,0.661,1.955
0.532,1.88,0.335,1.728,2.077,0.301,0.661,1.955
0.532,1.879,0.335,1.728,2.077,0.301,0.661,1.955
0.532,1.879,0.335,1.728,2.077,0.301,0.66,1.955
0.532,1.879,0.335,1.728,2.077,0.301,0.661,1.955
0.532,1.879,0.335,1.728,2.077,0.301,0.66,1.955
0.532,1.879,0.335,1.728,2.077,0.301,0.66,1.955
0.532,1.879,0.335,1.728,2.077,0.301,0.661,1.955
0.532,1.879,0.335,1.728,2.077,0.301,0.66,1.955
0.532,1.879,0.335,1.728,2.077,0.301,0.661,1.955
0.532,1.879,0.335,1.728,2.077,0.301,0.661,1.955
0.532,1.879,0.335,1.728,2.077,0.301,0.661,1.955
0.532,1.879,0.335,1.727,2.077,0.301,0.661,1.955
0.532,1.879,0.335,1.727,2.077,0.301,0.661,1.954
0.532,1.879,0.335,1.727,2.077,0.301,0.661,1.955
0.532,1.879,0.335,1.727,2.077,0.301,0.661,1.955
0.532,1.879,0.335,1.727,2.077,0.301,0.661,1.955
0.532,1.879,0.335,1.727,2.077,0.301,0.661,1.955
0.532,1.879,0.335,1.727,2.077,0.301,0.661,1.955
0.532,1.879,0.335,1.727,2.077,0.301,0.661,1.954
0.532,1.879,0.335,1.727,2.077,0.301,0.661,1.955
0.532,1.879,0.335,1.727,2.077,0.301,0.661,1.954
0.532,1.879,0.335,1.727,2.077,0.301,0.661,1.954
0.532,1.879,0.335,1.727,2.077,0.301,0.661,1.955
0.532,1.879,0.335,1.727,2.077,0.301,0.661,1.955
0.532,1.879,0.335,1.727,2.077,0.301,0.661,1.954
0.532,1.879,0.335,1.727,2.077,0.301,0.661,1.954
0.532,1.879,0.335,1.727,2.077,0.301,0.661,1.954
0.532,1.879,0.335,1.727,2.077,0.301,0.661,1.955
0.532,1.879,0.335,1.727,2.077,0.301,0.661,1.954
0.532,1.879,0.335,1.727,2.077,0.301,0.661,1.954
0.532,1.879,0.335,1.727,2.077,0.301,0.661,1.954
0.532,1.879,0.335,1.727,2.077,0.301,0.661,1.954
0.532,1.879,0.335,1.727,2.077,0.301,0.661,1.954
0.532,1.879,0.335,1.727,2.077,0.301,0.661,1.954
0.532,1.879,0.335,1.727,2.077,0.301,0.661,1.954
0.532,1.879,0.335,1.727,2.077,0.301,0.661,1.954
0.532,1.879,0.335,1.727,2.078,0.301,0.661,1.954
0.532,1.879,0.335,1.727,2.078,0.301,0.661,1.954
0.532,1.878,0.335,1.727,2.077,0.301,0.661,1.954
0.532,1.878,0.335,1.727,2.077,0.301,0.661,1.954
0.532,1.878,0.335,1.727,2.077,0.301,0.661,1.954
0.532,1.878,0.335,1.727,2.077,0.301,0.661,1.954
0.532,1.878,0.335,1.727,2.077,0.301,0.661,1.954
0.532,1.878,0.335,1.727,2.077,0.301,0.661,1.954
0.532,1.878,0.335,1.727,2.078,0.301,0.661,1.954
0.532,1.878,0.335,1.727,2.077,0.301,0.661,1.954
0.532,1.878,0.335,1.727,2.078,0.301,0.661,1.954
0.532,1.878,0.335,1.727,2.078,0.301,0.661,1.954
0.532,1.878,0.335,1.727,2.077,0.301,0.661,1.954
0.532,1.878,0.335,1.727,2.078,0.301,0.661,1.954
0.532,1.878,0.335,1.727,2.078,0.301,0.661,1.954
0.532,1.878,0.335,1.727,2.077,0.301,0.661,1.954
0.532,1.878,0.335,1.727,2.077,0.301,0.661,1.954
0.532,1.878,0.335,1.727,2.077,0.301,0.661,1.954
0.532,1.878,0.335,1.727,2.078,0.301,0.661,1.954
0.532,1.878,0.335,1.727,2.078,0.301,0.661,1.954
0.532,1.878,0.335,1.727,2.078,0.301,0.661,1.954
0.532,1.878,0.335,1.727,2.078,0.301,0.661,1.954
0.532,1.878,0.335,1.727,2.078,0.301,0.661,1.954
0.532,1.878,0.335,1.727,2.078,0.301,0.661,1.954
0.532,1.878,0.335,1.727,2.077,0.301,0.661,1.954
0.532,1.878,0.335,1.726,2.078,0.301,0.661,1.954
0.532,1.878,0.335,1.726,2.078,0.301,0.661,1.954
0.532,1.878,0.335,1.726,2.078,0.301,0.661,1.954
0.532,1.878,0.335,1.726,2.078,0.301,0.661,1.954
0.532,1.878,0.335,1.727,2.078,0.301,0.661,1.953
0.532,1.878,0.334,1.726,2.078,0.301,0.661,1.954
0.532,1.878,0.335,1.726,2.078,0.301,0.661,1.953
0.532,1.878,0.335,1.726,2.078,0.301,0.661,1.953
0.532,1.878,0.335,1.726,2.078,0.301,0.661,1.953
0.532,1.878,0.334,1.726,2.078,0.301,0.661,1.953
0.532,1.878,0.334,1.726,2.078,0.301,0.661,1.953
0.532,1.878,0.334,1.726,2.078,0.301,0.661,1.953
0.532,1.878,0.334,1.726,2.078,0.301,0.661,1.953
0.532,1.878,0.334,1.726,2.078,0.301,0.661,1.953
0.532,1.877,0.334,1.726,2.078,0.301,0.661,1.953
0.532,1.878,0.335,1.726,2.078,0.301,0.661,1.953
0.532,1.878,0.334,1.726,2.078,0.301,0.661,1.953
0.532,1.877,0.334,1.726,2.078,0.301,0.661,1.953
0.532,1.878,0.334,1.726,2.078,0.301,0.661,1.953
0.532,1.878,0.334,1.726,2.078,0.301,0.661,1.953
0.532,1.877,0.334,1.726,2.078,0.301,0.661,1.953
0.532,1.877,0.334,1.726,2.078,0.301,0.661,1.953
0.532,1.877,0.334,1.726,2.078,0.301,0.661,1.953
0.532,1.877,0.334,1.726,2.078,0.301,0.661,1.953
0.532,1.877,0.334,1.726,2.078,0.301,0.661,1.953
0.532,1.877,0.335,1.726,2.078,0.301,0.661,1.953
0.532,1.877,0.334,1.726,2.078,0.301,0.661,1.953
0.532,1.877,0.334,1.726,2.078,0.301,0.661,1.953
0.532,1.877,0.334,1.726,2.078,0.301,0.661,1.953
0.532,1.877,0.335,1.726,2.078,0.301,0.661,1.953
0.532,1.877,0.334,1.726,2.078,0.301,0.661,1.953
0.532,1.877,0.334,1.726,2.078,0.301,0.661,1.953
0.532,1.877,0.334,1.726,2.078,0.301,0.661,1.952
0.532,1.877,0.334,1.725,2.078,0.301,0.661,1.952
0.532,1.877,0.334,1.726,2.078,0.301,0.661,1.952
0.532,1.877,0.334,1.725,2.078,0.301,0.661,1.952
0.532,1.877,0.334,1.726,2.078,0.301,0.661,1.952
0.532,1.877,0.334,1.725,2.078,0.301,0.661,1.952
0.532,1.877,0.334,1.726,2.078,0.301,0.661,1.952
0.532,1.877,0.334,1.725,2.078,0.301,0.661,1.952
0.532,1.877,0.334,1.725,2.078,0.301,0.661,1.952
0.532,1.877,0.334,1.725,2.078,0.301,0.661,1.952
0.532,1.877,0.334,1.725,2.078,0.301,0.661,1.952
0.532,1.877,0.334,1.725,2.078,0.301,0.661,1.952
0.532,1.877,0.334,1.725,2.078,0.301,0.661,1.952
0.532,1.877,0.334,1.725,2.078,0.301,0.661,1.952
0.532,1.877,0.334,1.725,2.078,0.301,0.661,1.952
0.532,1.877,0.335,1.725,2.078,0.301,0.661,1.952
0.532,1.877,0.334,1.725,2.078,0.301,0.661,1.952
0.532,1.877,0.334,1.725,2.078,0.301,0.661,1.952
0.532,1.877,0.334,1.725,2.078,0.301,0.661,1.952
0.532,1.877,0.334,1.725,2.078,0.301,0.661,1.952
0.532,1.877,0.335,1.725,2.078,0.301,0.661,1.952
0.532,1.877,0.334,1.725,2.078,0.301,0.661,1.952
0.532,1.877,0.334,1.725,2.079,0.301,0.661,1.952
0.532,1.877,0.334,1.725,2.078,0.301,0.661,1.952
0.532,1.877,0.334,1.725,2.078,0.301,0.661,1.952
0.532,1.877,0.334,1.725,2.078,0.301,0.661,1.952
0.532,1.877,0.334,1.725,2.078,0.301,0.661,1.952
0.532,1.877,0.334,1.725,2.079,0.301,0.661,1.952
0.532,1.877,0.334,1.725,2.078,0.301,0.661,1.952
0.532,1.877,0.334,1.725,2.078,0.301,0.661,1.952
0.533,1.877,0.334,1.725,2.078,0.301,0.661,1.952
0.532,1.877,0.334,1.725,2.078,0.301,0.661,1.952
0.532,1.877,0.334,1.725,2.079,0.301,0.661,1.952
0.532,1.877,0.334,1.725,2.078,0.301,0.661,1.952
0.532,1.876,0.334,1.725,2.078,0.301,0.661,1.951
0.532,1.877,0.334,1.725,2.078,0.301,0.661,1.951
0.533,1.877,0.334,1.725,2.078,0.301,0.661,1.951
0.533,1.876,0.334,1.725,2.078,0.301,0.661,1.951
0.532,1.876,0.334,1.725,2.078,0.301,0.661,1.951
0.532,1.876,0.334,1.724,2.078,0.301,0.661,1.951
0.532,1.876,0.334,1.724,2.078,0.301,0.661,1.951
0.533,1.876,0.334,1.724,2.078,0.301,0.661,1.951
0.533,1.876,0.334,1.724,2.078,0.301,0.661,1.951
0.532,1.876,0.334,1.724,2.078,0.301,0.661,1.951
0.532,1.876,0.334,1.724,2.078,0.301,0.661,1.951
0.532,1.876,0.334,1.724,2.078,0.301,0.661,1.951
0.533,1.876,0.334,1.724,2.078,0.301,0.661,1.951
0.532,1.876,0.334,1.724,2.078,0.301,0.661,1.951
0.532,1.876,0.334,1.724,2.078,0.301,0.661,1.951
0.533,1.876,0.334,1.724,2.078,0.301,0.661,1.951
0.532,1.876,0.334,1.724,2.078,0.301,0.661,1.951
0.532,1.876,0.334,1.724,2.078,0.301,0.661,1.951
0.533,1.876,0.334,1.725,2.079,0.301,0.661,1.951
0.533,1.876,0.334,1.724,2.079,0.301,0.661,1.951
0.533,1.876,0.334,1.724,2.079,0.301,0.661,1.951
0.533,1.876,0.334,1.725,2.079,0.301,0.661,1.951
0.533,1.876,0.334,1.724,2.079,0.301,0.661,1.951
0.533,1.876,0.334,1.724,2.079,0.301,0.661,1.951
0.533,1.876,0.334,1.724,2.079,0.301,0.661,1.951
0.533,1.876,0.334,1.724,2.079,0.301,0.661,1.951
0.533,1.876,0.334,1.724,2.079,0.301,0.661,1.951
0.533,1.876,0.334,1.724,2.079,0.301,0.661,1.951
0.533,1.876,0.334,1.724,2.079,0.301,0.661,1.951
0.533,1.876,0.334,1.724,2.079,0.301,0.661,1.951
0.533,1.876,0.334,1.724,2.079,0.301,0.661,1.951
0.533,1.876,0.334,1.724,2.079,0.301,0.661,1.951
0.533,1.876,0.334,1.724,2.079,0.301,0.661,1.951
0.533,1.876,0.334,1.724,2.079,0.301,0.661,1.951
0.533,1.876,0.334,1.724,2.079,0.301,0.661,1.951
0.533,1.876,0.334,1.724,2.079,0.301,0.661,1.951
0.533,1.876,0.334,1.724,2.079,0.301,0.661,1.951
0.533,1.876,0.334,1.724,2.079,0.301,0.661,1.951
0.533,1.876,0.334,1.724,2.079,0.301,0.661,1.951
0.533,1.876,0.334,1.724,2.079,0.301,0.661,1.951
0.533,1.876,0.334,1.724,2.079,0.301,0.661,1.951
0.533,1.876,0.334,1.724,2.079,0.301,0.661,1.95
0.533,1.876,0.334,1.724,2.079,0.301,0.661,1.951
0.533,1.876,0.334,1.724,2.079,0.301,0.661,1.951
0.533,1.876,0.334,1.724,2.079,0.301,0.661,1.951
0.533,1.876,0.334,1.724,2.079,0.301,0.661,1.951
0.533,1.875,0.334,1.724,2.079,0.301,0.661,1.95
0.533,1.875,0.334,1.724,2.079,0.301,0.661,1.95
0.533,1.875,0.334,1.724,2.079,0.301,0.661,1.95
0.533,1.875,0.334,1.724,2.079,0.301,0.661,1.95
0.533,1.875,0.334,1.724,2.079,0.301,0.661,1.95
0.533,1.875,0.334,1.724,2.079,0.301,0.661,1.95
0.533,1.875,0.334,1.724,2.079,0.301,0.661,1.95
0.533,1.875,0.334,1.724,2.079,0.301,0.661,1.95
0.533,1.875,0.334,1.724,2.079,0.301,0.661,1.95
0.533,1.875,0.334,1.723,2.079,0.301,0.662,1.95
0.533,1.875,0.334,1.724,2.079,0.301,0.661,1.95
0.533,1.875,0.334,1.723,2.079,0.301,0.661,1.95
0.533,1.875,0.334,1.723,2.079,0.301,0.661,1.95
0.533,1.875,0.334,1.724,2.079,0.301,0.661,1.95
0.533,1.875,0.334,1.723,2.079,0.301,0.662,1.95
0.533,1.875,0.334,1.723,2.079,0.301,0.661,1.95
0.533,1.875,0.334,1.723,2.079,0.301,0.662,1.95
0.533,1.875,0.334,1.724,2.079,0.301,0.662,1.95
0.533,1.875,0.334,1.723,2.079,0.301,0.661,1.95
0.533,1.875,0.334,1.723,2.079,0.301,0.661,1.949
0.533,1.875,0.334,1.723,2.079,0.301,0.661,1.95
0.533,1.875,0.334,1.723,2.079,0.301,0.662,1.95
0.533,1.875,0.334,1.723,2.079,0.301,0.661,1.95
0.533,1.875,0.334,1.723,2.079,0.301,0.662,1.95
0.533,1.875,0.334,1.723,2.079,0.301,0.661,1.95
0.533,1.875,0.334,1.723,2.079,0.301,0.662,1.95
0.533,1.875,0.334,1.723,2.079,0.301,0.661,1.95
0.533,1.875,0.334,1.723,2.079,0.301,0.661,1.95
0.533,1.875,0.334,1.723,2.079,0.301,0.661,1.95
0.533,1.875,0.334,1.723,2.079,0.301,0.661,1.95
0.533,1.875,0.334,1.723,2.079,0.301,0.661,1.95
0.533,1.875,0.334,1.723,2.079,0.301,0.662,1.95
0.533,1.875,0.334,1.723,2.079,0.301,0.662,1.95
0.533,1.875,0.334,1.723,2.079,0.301,0.662,1.95
0.533,1.875,0.334,1.723,2.079,0.301,0.662,1.95
0.533,1.875,0.334,1.723,2.079,0.301,0.662,1.95
0.533,1.875,0.334,1.723,2.079,0.301,0.662,1.95
0.533,1.875,0.334,1.723,2.079,0.301,0.661,1.949
0.533,1.875,0.334,1.723,2.079,0.301,0.662,1.949
0.533,1.875,0.334,1.723,2.079,0.301,0.662,1.949
0.533,1.875,0.334,1.723,2.079,0.301,0.662,1.95
0.533,1.875,0.334,1.723,2.079,0.301,0.662,1.949
0.533,1.875,0.334,1.723,2.079,0.301,0.662,1.95
0.533,1.875,0.334,1.723,2.079,0.301,0.662,1.949
0.533,1.875,0.334,1.723,2.079,0.301,0.662,1.949
0.533,1.874,0.334,1.723,2.079,0.301,0.662,1.949
0.533,1.875,0.334,1.723,2.079,0.301,0.662,1.949
0.533,1.875,0.334,1.723,2.079,0.301,0.662,1.949
0.533,1.875,0.334,1.723,2.079,0.301,0.662,1.949
0.533,1.875,0.334,1.723,2.079,0.301,0.662,1.949
0.533,1.874,0.334,1.723,2.079,0.301,0.662,1.949
0.533,1.875,0.334,1.723,2.079,0.301,0.662,1.949
0.533,1.875,0.334,1.723,2.079,0.301,0.662,1.949
0.533,1.874,0.334,1.723,2.079,0.301,0.662,1.949
0.533,1.875,0.334,1.723,2.08,0.301,0.662,1.949
0.533,1.875,0.334,1.723,2.08,0.301,0.662,1.949
0.533,1.875,0.334,1.723,2.08,0.301,0.662,1.949
0.533,1.875,0.334,1.723,2.08,0.301,0.662,1.949
0.533,1.875,0.334,1.723,2.08,0.301,0.662,1.949
0.533,1.875,0.334,1.723,2.08,0.301,0.662,1.949
0.533,1.875,0.334,1.723,2.08,0.301,0.662,1.949
0.533,1.875,0.334,1.723,2.08,0.301,0.662,1.949
0.533,1.875,0.334,1.723,2.08,0.301,0.662,1.949
0.533,1.875,0.334,1.723,2.08,0.301,0.662,1.949
0.533,1.875,0.334,1.723,2.08,0.301,0.662,1.949
0.533,1.875,0.334,1.723,2.08,0.301,0.662,1.949
0.533,1.875,0.334,1.723,2.08,0.301,0.662,1.949
0.533,1.875,0.334,1.723,2.08,0.301,0.662,1.949
0.533,1.874,0.334,1.723,2.08,0.301,0.662,1.949
0.533,1.875,0.334,1.723,2.08,0.301,0.662,1.949
0.533,1.874,0.334,1.723,2.08,0.301,0.662,1.949
0.533,1.875,0.334,1.723,2.08,0.301,0.662,1.949
0.533,1.875,0.334,1.723,2.08,0.301,0.662,1.949
0.533,1.874,0.334,1.723,2.08,0.301,0.662,1.949
0.533,1.875,0.334,1.723,2.08,0.301,0.662,1.949
0.533,1.874,0.334,1.723,2.08,0.301,0.662,1.949
0.533,1.874,0.334,1.723,2.08,0.301,0.662,1.949
0.533,1.874,0.334,1.723,2.08,0.301,0.662,1.949
0.533,1.874,0.334,1.722,2.08,0.301,0.662,1.948
0.533,1.874,0.334,1.723,2.08,0.301,0.662,1.949
0.533,1.874,0.334,1.722,2.08,0.301,0.662,1.949
0.533,1.874,0.334,1.723,2.08,0.301,0.662,1.949
0.533,1.874,0.334,1.723,2.081,0.301,0.662,1.949
0.533,1.874,0.334,1.722,2.08,0.301,0.662,1.949
0.533,1.874,0.334,1.722,2.08,0.301,0.662,1.949
0.534,1.874,0.334,1.722,2.08,0.301,0.662,1.949
0.533,1.874,0.334,1.722,2.08,0.301,0.662,1.948
0.533,1.874,0.334,1.722,2.08,0.301,0.662,1.948
0.533,1.874,0.334,1.722,2.08,0.301,0.662,1.948
0.533,1.874,0.334,1.722,2.08,0.301,0.662,1.948
0.533,1.874,0.334,1.722,2.08,0.301,0.662,1.948
0.533,1.874,0.334,1.722,2.08,0.301,0.662,1.948
0.533,1.874,0.334,1.722,2.08,0.301,0.662,1.948
0.534,1.874,0.334,1.722,2.08,0.301,0.662,1.948
0.534,1.874,0.334,1.722,2.08,0.301,0.662,1.948
0.533,1.874,0.334,1.722,2.08,0.301,0.662,1.948
0.534,1.874,0.334,1.722,2.08,0.301,0.662,1.948
0.534,1.874,0.334,1.722,2.08,0.301,0.662,1.948
0.534,1.874,0.334,1.722,2.08,0.301,0.662,1.948
0.534,1.874,0.334,1.722,2.08,0.301,0.662,1.948
0.533,1.874,0.334,1.722,2.08,0.301,0.662,1.948
0.533,1.874,0.334,1.722,2.08,0.301,0.662,1.948
0.533,1.874,0.334,1.722,2.08,0.301,0.662,1.948
0.533,1.874,0.334,1.722,2.08,0.301,0.662,1.948
0.533,1.874,0.334,1.722,2.08,0.301,0.662,1.948
0.534,1.874,0.334,1.722,2.08,0.301,0.662,1.948
0.534,1.874,0.334,1.722,2.08,0.301,0.662,1.948
0.534,1.874,0.334,1.722,2.08,0.301,0.662,1.948
0.534,1.874,0.333,1.722,2.08,0.301,0.662,1.948
0.534,1.874,0.334,1.722,2.08,0.301,0.662,1.948
0.534,1.874,0.334,1.722,2.08,0.301,0.662,1.948
0.534,1.874,0.334,1.722,2.08,0.301,0.662,1.948
0.534,1.873,0.333,1.722,2.08,0.301,0.662,1.948
0.534,1.873,0.333,1.722,2.08,0.301,0.662,1.948
0.534,1.873,0.333,1.722,2.08,0.301,0.662,1.948
0.534,1.874,0.333,1.722,2.08,0.301,0.662,1.948
0.534,1.873,0.333,1.722,2.08,0.301,0.662,1.948
0.534,1.873,0.333,1.722,2.08,0.301,0.662,1.948
0.534,1.873,0.334,1.722,2.08,0.301,0.662,1.948
0.534,1.873,0.333,1.722,2.08,0.301,0.662,1.948
0.534,1.873,0.333,1.722,2.08,0.301,0.662,1.948
0.534,1.873,0.333,1.722,2.081,0.301,0.662,1.948
0.534,1.873,0.333,1.722,2.08,0.301,0.662,1.948
0.534,1.873,0.333,1.722,2.08,0.301,0.662,1.948
0.534,1.873,0.333,1.722,2.08,0.301,0.662,1.948
0.534,1.873,0.333,1.721,2.08,0.301,0.662,1.948
0.534,1.873,0.333,1.721,2.079,0.301,0.662,1.946
0.534,1.875,0.334,1.723,2.082,0.301,0.663,1.949
0.534,1.874,0.334,1.723,2.082,0.301,0.663,1.949
0.534,1.873,0.334,1.722,2.081,0.301,0.663,1.949
0.533,1.871,0.333,1.72,2.079,0.301,0.662,1.947
0.533,1.87,0.333,1.719,2.077,0.301,0.661,1.945
0.534,1.873,0.333,1.721,2.079,0.301,0.662,1.946
0.534,1.875,0.334,1.723,2.082,0.301,0.663,1.949
0.534,1.874,0.334,1.723,2.082,0.301,0.663,1.949
0.534,1.873,0.334,1.722,2.081,0.301,0.663,1.948
0.533,1.871,0.333,1.72,2.079,0.301,0.662,1.947
0.533,1.871,0.333,1.719,2.077,0.301,0.661,1.945
0.534,1.873,0.333,1.721,2.079,0.301,0.662,1.946
0.534,1.875,0.334,1.723,2.082,0.301,0.663,1.949
0.534,1.874,0.334,1.723,2.082,0.301,0.663,1.949
0.534,1.873,0.334,1.722,2.081,0.301,0.663,1.948
0.533,1.871,0.333,1.72,2.079,0.301,0.662,1.947
0.533,1.87,0.333,1.719,2.077,0.301,0.661,1.945
0.534,1.873,0.333,1.721,2.079,0.301,0.662,1.945
0.534,1.874,0.334,1.723,2.082,0.301,0.663,1.948
0.534,1.874,0.334,1.722,2.081,0.301,0.663,1.949
0.534,1.873,0.334,1.721,2.081,0.301,0.663,1.948
0.533,1.871,0.333,1.72,2.079,0.301,0.662,1.947
0.533,1.87,0.333,1.719,2.077,0.301,0.661,1.944
0.534,1.872,0.333,1.72,2.079,0.301,0.662,1.945
0.534,1.874,0.334,1.722,2.082,0.301,0.663,1.948
0.534,1.874,0.334,1.722,2.081,0.301,0.663,1.949
0.534,1.873,0.333,1.722,2.081,0.301,0.663,1.948
0.533,1.871,0.333,1.72,2.079,0.301,0.662,1.947
0.533,1.87,0.333,1.718,2.077,0.301,0.662,1.944
0.534,1.872,0.333,1.72,2.079,0.301,0.662,1.945
0.534,1.874,0.334,1.722,2.082,0.301,0.663,1.948
0.534,1.874,0.333,1.722,2.082,0.301,0.663,1.949
0.534,1.873,0.333,1.721,2.081,0.301,0.663,1.947
0.533,1.871,0.333,1.72,2.079,0.301,0.662,1.947
0.533,1.87,0.333,1.718,2.077,0.301,0.661,1.944
0.534,1.872,0.333,1.72,2.078,0.301,0.662,1.944
0.535,1.874,0.333,1.722,2.082,0.301,0.663,1.948
0.534,1.874,0.334,1.722,2.082,0.301,0.663,1.949
0.534,1.873,0.333,1.721,2.081,0.301,0.663,1.947
0.533,1.871,0.333,1.72,2.079,0.301,0.662,1.946
0.533,1.869,0.333,1.718,2.077,0.301,0.662,1.944
0.534,1.872,0.333,1.72,2.078,0.301,0.662,1.944
0.534,1.874,0.334,1.722,2.081,0.301,0.663,1.947
0.534,1.874,0.334,1.722,2.082,0.301,0.663,1.948
0.534,1.873,0.333,1.721,2.081,0.301,0.663,1.947
0.534,1.871,0.333,1.72,2.079,0.301,0.662,1.946
0.533,1.87,0.333,1.718,2.077,0.301,0.662,1.944
0.534,1.872,0.333,1.719,2.078,0.301,0.662,1.944
0.534,1.874,0.334,1.722,2.081,0.301,0.663,1.947
0.534,1.873,0.334,1.722,2.082,0.301,0.663,1.948
0.534,1.873,0.333,1.721,2.081,0.301,0.663,1.947
0.534,1.871,0.333,1.72,2.08,0.301,0.662,1.946
0.533,1.87,0.333,1.718,2.077,0.301,0.662,1.944
0.534,1.872,0.333,1.719,2.078,0.301,0.662,1.944
0.535,1.874,0.334,1.722,2.081,0.301,0.663,1.947
0.534,1.874,0.333,1.722,2.082,0.302,0.663,1.948
0.534,1.873,0.333,1.721,2.081,0.301,0.663,1.947
0.534,1.871,0.333,1.72,2.08,0.301,0.663,1.946
0.533,1.869,0.333,1.718,2.077,0.301,0.662,1.944
0.534,1.871,0.333,1.719,2.078,0.301,0.663,1.946
0.534,1.872,0.333,1.72,2.08,0.301,0.663,1.946
0.534,1.872,0.333,1.72,2.08,0.301,0.663,1.946
0.534,1.872,0.333,1.72,2.08,0.301,0.663,1.946
0.534,1.872,0.333,1.72,2.08,0.301,0.663,1.946
0.534,1.872,0.333,1.72,2.08,0.301,0.663,1.946
0.534,1.872,0.333,1.72,2.08,0.301,0.663,1.946
0.534,1.872,0.333,1.72,2.08,0.301,0.663,1.946
0.534,1.872,0.333,1.72,2.08,0.301,0.663,1.946
0.534,1.872,0.333,1.721,2.08,0.301,0.663,1.946
0.534,1.872,0.334,1.72,2.08,0.301,0.663,1.946
0.534,1.872,0.333,1.72,2.08,0.301,0.663,1.946
0.534,1.872,0.333,1.72,2.08,0.301,0.663,1.946
0.534,1.872,0.333,1.72,2.08,0.301,0.663,1.946
0.534,1.872,0.333,1.72,2.08,0.301,0.663,1.946
0.534,1.872,0.333,1.72,2.08,0.301,0.663,1.946
0.534,1.872,0.333,1.72,2.08,0.301,0.663,1.946
0.534,1.872,0.333,1.72,2.08,0.301,0.663,1.946
0.534,1.872,0.333,1.72,2.08,0.301,0.663,1.946
0.534,1.872,0.333,1.72,2.08,0.301,0.663,1.946
0.534,1.872,0.333,1.72,2.08,0.301,0.663,1.946
0.534,1.872,0.333,1.72,2.08,0.301,0.663,1.946
0.534,1.872,0.333,1.72,2.08,0.301,0.663,1.946
0.534,1.872,0.333,1.72,2.08,0.301,0.663,1.946
0.534,1.872,0.333,1.72,2.08,0.301,0.663,1.946
0.534,1.872,0.333,1.72,2.079,0.301,0.663,1.945
0.534,1.872,0.333,1.72,2.079,0.301,0.663,1.945
0.534,1.872,0.333,1.72,2.079,0.301,0.663,1.945
0.534,1.872,0.333,1.72,2.079,0.301,0.662,1.945
0.534,1.872,0.333,1.719,2.079,0.301,0.663,1.945
0.534,1.872,0.333,1.719,2.079,0.301,0.663,1.946
0.534,1.872,0.333,1.72,2.08,0.301,0.663,1.945
0.534,1.872,0.333,1.72,2.08,0.301,0.663,1.946
0.534,1.872,0.333,1.72,2.08,0.301,0.663,1.945
0.534,1.872,0.333,1.72,2.08,0.301,0.663,1.945
0.534,1.872,0.333,1.72,2.08,0.301,0.663,1.945
0.534,1.872,0.333,1.72,2.08,0.301,0.663,1.945
0.534,1.872,0.333,1.72,2.08,0.301,0.663,1.945
0.534,1.872,0.333,1.72,2.08,0.301,0.663,1.945
0.534,1.872,0.333,1.719,2.079,0.301,0.663,1.945
0.534,1.871,0.333,1.719,2.08,0.301,0.663,1.945
0.534,1.871,0.333,1.719,2.08,0.301,0.663,1.945
0.534,1.872,0.333,1.719,2.079,0.301,0.663,1.945
0.534,1.871,0.333,1.719,2.08,0.301,0.663,1.945
0.534,1.871,0.333,1.719,2.079,0.301,0.663,1.945
0.534,1.871,0.333,1.719,2.08,0.301,0.663,1.945
0.534,1.872,0.333,1.719,2.08,0.301,0.663,1.945
0.534,1.871,0.333,1.72,2.08,0.301,0.663,1.945
0.534,1.871,0.333,1.719,2.079,0.301,0.663,1.945
0.534,1.871,0.333,1.719,2.079,0.301,0.663,1.945
0.535,1.871,0.333,1.719,2.08,0.301,0.663,1.945
0.534,1.871,0.333,1.719,2.079,0.301,0.663,1.945
0.534,1.871,0.333,1.719,2.08,0.301,0.663,1.945
0.534,1.871,0.333,1.719,2.079,0.301,0.663,1.945
0.534,1.871,0.333,1.719,2.079,0.301,0.663,1.945
0.534,1.871,0.333,1.719,2.079,0.301,0.663,1.945
0.534,1.871,0.333,1.719,2.08,0.301,0.663,1.945
0.534,1.871,0.333,1.719,2.08,0.301,0.663,1.945
0.534,1.871,0.333,1.719,2.08,0.301,0.663,1.945
0.534,1.871,0.333,1.719,2.08,0.301,0.663,1.945
0.534,1.871,0.333,1.719,2.08,0.301,0.663,1.945
0.534,1.871,0.333,1.719,2.079,0.301,0.663,1.945
0.534,1.871,0.333,1.719,2.079,0.301,0.663,1.945
0.534,1.871,0.333,1.719,2.08,0.301,0.663,1.945
0.534,1.871,0.333,1.719,2.08,0.301,0.663,1.945
0.534,1.871,0.333,1.719,2.08,0.301,0.663,1.945
0.535,1.871,0.333,1.719,2.08,0.301,0.663,1.944
0.534,1.871,0.333,1.719,2.079,0.301,0.663,1.945
0.534,1.871,0.333,1.719,2.079,0.301,0.663,1.945
0.534,1.871,0.333,1.719,2.079,0.301,0.663,1.945
0.534,1.871,0.333,1.719,2.08,0.301,0.663,1.945
0.535,1.871,0.333,1.719,2.079,0.301,0.663,1.945
0.535,1.871,0.333,1.719,2.079,0.301,0.663,1.945
0.534,1.871,0.333,1.719,2.079,0.301,0.663,1.944
0.534,1.87,0.333,1.719,2.079,0.301,0.663,1.944
0.535,1.87,0.333,1.719,2.079,0.301,0.663,1.944
0.534,1.871,0.333,1.719,2.079,0.301,0.663,1.944
0.535,1.87,0.333,1.719,2.079,0.301,0.663,1.944
0.534,1.871,0.333,1.719,2.079,0.301,0.663,1.944
0.535,1.87,0.333,1.719,2.079,0.301,0.663,1.944
0.534,1.87,0.333,1.719,2.08,0.301,0.663,1.944
0.535,1.87,0.333,1.719,2.079,0.301,0.663,1.944
0.535,1.87,0.333,1.719,2.079,0.301,0.663,1.944
0.534,1.87,0.333,1.719,2.079,0.301,0.663,1.944
0.535,1.87,0.333,1.719,2.08,0.301,0.663,1.944
0.535,1.87,0.333,1.719,2.079,0.301,0.663,1.944
0.534,1.87,0.333,1.719,2.08,0.301,0.663,1.944
0.535,1.87,0.333,1.718,2.08,0.301,0.663,1.944
0.535,1.871,0.333,1.719,2.08,0.301,0.663,1.944
0.535,1.871,0.333,1.719,2.079,0.301,0.663,1.944
0.535,1.87,0.333,1.719,2.08,0.301,0.663,1.944
0.535,1.87,0.333,1.719,2.08,0.301,0.663,1.944
0.535,1.87,0.333,1.719,2.08,0.301,0.663,1.944
0.535,1.87,0.333,1.719,2.08,0.301,0.663,1.944
0.535,1.871,0.333,1.719,2.08,0.301,0.663,1.944
0.535,1.87,0.333,1.719,2.08,0.301,0.663,1.944
0.535,1.87,0.333,1.719,2.08,0.301,0.663,1.944
0.535,1.87,0.333,1.718,2.08,0.301,0.663,1.944
0.535,1.87,0.333,1.718,2.08,0.301,0.663,1.944
0.535,1.87,0.333,1.718,2.08,0.301,0.663,1.944
0.535,1.87,0.333,1.718,2.08,0.301,0.663,1.944
0.535,1.87,0.333,1.718,2.08,0.301,0.663,1.944
0.535,1.87,0.333,1.719,2.08,0.301,0.663,1.944
0.535,1.87,0.333,1.718,2.08,0.301,0.663,1.944
0.535,1.87,0.333,1.718,2.08,0.301,0.663,1.944
0.535,1.87,0.333,1.719,2.08,0.301,0.663,1.944
0.535,1.87,0.333,1.718,2.08,0.301,0.663,1.944
0.535,1.87,0.333,1.718,2.08,0.301,0.663,1.944
0.535,1.87,0.333,1.718,2.08,0.301,0.663,1.944
0.535,1.87,0.333,1.718,2.08,0.301,0.663,1.944
0.535,1.87,0.333,1.718,2.08,0.301,0.663,1.943
0.535,1.87,0.333,1.718,2.08,0.301,0.663,1.944
0.535,1.87,0.333,1.718,2.08,0.301,0.663,1.943
0.535,1.87,0.333,1.718,2.08,0.301,0.663,1.944
0.535,1.87,0.333,1.718,2.08,0.301,0.663,1.943
0.535,1.87,0.333,1.718,2.08,0.301,0.663,1.943
0.535,1.87,0.333,1.718,2.08,0.301,0.663,1.943
0.535,1.87,0.333,1.718,2.08,0.301,0.663,1.943
0.535,1.87,0.333,1.718,2.08,0.301,0.663,1.943
0.535,1.87,0.333,1.718,2.08,0.301,0.663,1.943
0.535,1.87,0.333,1.718,2.08,0.301,0.663,1.943
0.535,1.87,0.333,1.718,2.08,0.301,0.663,1.943
0.535,1.87,0.333,1.718,2.08,0.301,0.663,1.943
0.535,1.87,0.333,1.718,2.08,0.301,0.663,1.943
0.535,1.87,0.333,1.718,2.08,0.301,0.663,1.943
0.535,1.87,0.333,1.718,2.08,0.301,0.663,1.943
0.535,1.87,0.333,1.718,2.08,0.301,0.663,1.943
0.535,1.87,0.333,1.718,2.08,0.301,0.663,1.943
0.535,1.87,0.333,1.718,2.08,0.301,0.663,1.943
0.535,1.87,0.333,1.718,2.08,0.301,0.663,1.943
0.535,1.87,0.333,1.718,2.08,0.301,0.663,1.943
0.535,1.87,0.333,1.718,2.08,0.301,0.663,1.943
0.535,1.87,0.333,1.718,2.08,0.301,0.663,1.943
0.535,1.87,0.333,1.718,2.08,0.301,0.663,1.943
0.535,1.87,0.333,1.718,2.08,0.301,0.663,1.943
0.535,1.87,0.333,1.718,2.08,0.301,0.663,1.943
0.535,1.87,0.333,1.718,2.08,0.301,0.663,1.943
0.535,1.87,0.333,1.718,2.08,0.301,0.663,1.943
0.535,1.87,0.333,1.718,2.08,0.301,0.663,1.943
0.535,1.87,0.333,1.718,2.08,0.301,0.663,1.943
0.535,1.87,0.333,1.718,2.08,0.301,0.663,1.943
0.535,1.87,0.333,1.718,2.08,0.301,0.663,1.943
0.535,1.87,0.333,1.718,2.08,0.301,0.663,1.943
0.535,1.87,0.333,1.718,2.08,0.301,0.663,1.943
0.535,1.87,0.333,1.718,2.08,0.301,0.663,1.943
0.535,1.87,0.333,1.718,2.08,0.301,0.663,1.943
0.535,1.87,0.333,1.718,2.08,0.301,0.663,1.943
0.535,1.87,0.333,1.718,2.08,0.301,0.664,1.943
0.535,1.87,0.333,1.718,2.08,0.301,0.663,1.943
0.535,1.87,0.333,1.718,2.08,0.301,0.663,1.943
0.535,1.87,0.333,1.718,2.08,0.301,0.664,1.943
0.535,1.87,0.333,1.718,2.08,0.301,0.663,1.943
0.535,1.87,0.333,1.717,2.08,0.301,0.663,1.943
0.535,1.87,0.333,1.717,2.08,0.301,0.663,1.942
0.535,1.87,0.333,1.718,2.08,0.301,0.663,1.943
0.535,1.87,0.333,1.718,2.08,0.301,0.663,1.943
0.535,1.87,0.333,1.718,2.08,0.301,0.664,1.942
0.535,1.87,0.333,1.717,2.08,0.301,0.664,1.942
0.535,1.87,0.333,1.717,2.08,0.301,0.663,1.942
0.535,1.87,0.333,1.717,2.08,0.301,0.663,1.942
0.535,1.87,0.333,1.717,2.08,0.301,0.663,1.942
0.535,1.87,0.333,1.718,2.08,0.301,0.664,1.942
0.535,1.87,0.333,1.717,2.08,0.301,0.664,1.942
0.535,1.87,0.333,1.717,2.08,0.301,0.663,1.942
0.535,1.87,0.333,1.717,2.08,0.301,0.664,1.942
0.535,1.87,0.333,1.717,2.08,0.301,0.664,1.942
0.535,1.87,0.333,1.717,2.08,0.301,0.664,1.942
0.535,1.87,0.333,1.717,2.08,0.301,0.664,1.942
0.535,1.87,0.333,1.717,2.08,0.301,0.664,1.942
0.535,1.87,0.333,1.717,2.08,0.301,0.664,1.942
0.535,1.87,0.333,1.717,2.08,0.301,0.664,1.942
0.535,1.87,0.333,1.717,2.08,0.301,0.664,1.942
0.535,1.87,0.333,1.717,2.08,0.301,0.664,1.942
0.535,1.87,0.333,1.717,2.08,0.301,0.664,1.942
0.535,1.87,0.333,1.717,2.08,0.301,0.664,1.942
0.535,1.87,0.333,1.717,2.08,0.301,0.664,1.942
0.535,1.87,0.333,1.717,2.08,0.301,0.664,1.942
0.535,1.87,0.333,1.717,2.08,0.301,0.664,1.942
0.535,1.87,0.333,1.717,2.08,0.301,0.664,1.942
0.535,1.87,0.333,1.717,2.08,0.301,0.663,1.942
0.535,1.87,0.333,1.717,2.08,0.301,0.664,1.942
0.535,1.87,0.333,1.717,2.08,0.301,0.664,1.942
0.535,1.87,0.333,1.717,2.079,0.301,0.664,1.942
0.535,1.87,0.333,1.717,2.08,0.301,0.664,1.942
0.535,1.87,0.333,1.717,2.08,0.301,0.664,1.942
0.535,1.87,0.333,1.717,2.08,0.301,0.664,1.942
0.535,1.87,0.333,1.717,2.08,0.301,0.664,1.942
0.535,1.87,0.333,1.717,2.08,0.301,0.664,1.942
0.535,1.87,0.333,1.717,2.08,0.301,0.664,1.942
0.535,1.869,0.333,1.717,2.08,0.301,0.664,1.942
0.535,1.87,0.333,1.717,2.08,0.301,0.664,1.942
0.535,1.87,0.333,1.717,2.08,0.301,0.663,1.942
0.535,1.87,0.333,1.717,2.08,0.301,0.664,1.942
0.535,1.87,0.333,1.717,2.08,0.301,0.664,1.942
0.535,1.87,0.333,1.717,2.08,0.301,0.664,1.942
0.535,1.87,0.333,1.717,2.08,0.302,0.664,1.942
0.535,1.87,0.333,1.717,2.08,0.301,0.664,1.942
0.535,1.87,0.333,1.717,2.08,0.301,0.664,1.942
0.535,1.87,0.333,1.717,2.08,0.301,0.664,1.942
0.535,1.87,0.333,1.717,2.08,0.301,0.664,1.942
0.535,1.87,0.333,1.717,2.08,0.301,0.664,1.942
0.535,1.87,0.333,1.717,2.08,0.301,0.664,1.942
0.535,1.87,0.333,1.716,2.08,0.301,0.664,1.942
0.535,1.87,0.333,1.717,2.08,0.301,0.664,1.942
0.535,1.87,0.333,1.717,2.08,0.301,0.664,1.942
0.535,1.87,0.333,1.717,2.08,0.301,0.664,1.942
0.535,1.87,0.333,1.717,2.08,0.302,0.664,1.941
0.535,1.87,0.333,1.717,2.08,0.301,0.664,1.942
0.535,1.87,0.333,1.716,2.08,0.301,0.664,1.941
0.535,1.87,0.333,1.717,2.08,0.301,0.664,1.942
0.535,1.87,0.333,1.717,2.08,0.301,0.664,1.942
0.535,1.869,0.333,1.717,2.08,0.302,0.664,1.941
0.535,1.87,0.333,1.717,2.08,0.301,0.664,1.941
0.535,1.87,0.333,1.717,2.08,0.301,0.664,1.942
0.535,1.869,0.333,1.717,2.08,0.301,0.664,1.941
0.535,1.869,0.333,1.717,2.08,0.301,0.664,1.942
0.535,1.869,0.333,1.716,2.08,0.301,0.664,1.941
0.535,1.869,0.333,1.717,2.08,0.301,0.664,1.941
0.535,1.869,0.333,1.717,2.08,0.301,0.664,1.942
0.535,1.869,0.333,1.717,2.08,0.302,0.664,1.941
0.535,1.869,0.333,1.716,2.08,0.301,0.664,1.941
0.535,1.869,0.333,1.716,2.08,0.301,0.664,1.941
0.535,1.869,0.333,1.716,2.08,0.301,0.664,1.941
0.535,1.869,0.333,1.716,2.08,0.301,0.664,1.941
0.535,1.869,0.333,1.716,2.08,0.301,0.664,1.941
0.535,1.869,0.333,1.716,2.08,0.301,0.664,1.941
0.535,1.869,0.333,1.716,2.08,0.301,0.664,1.941
0.535,1.869,0.333,1.716,2.08,0.301,0.664,1.941
0.535,1.869,0.333,1.716,2.08,0.301,0.664,1.941
0.535,1.869,0.333,1.716,2.08,0.301,0.664,1.941
0.535,1.869,0.333,1.716,2.08,0.301,0.664,1.941
0.535,1.869,0.333,1.716,2.08,0.301,0.664,1.941
0.535,1.869,0.333,1.716,2.08,0.301,0.664,1.941
0.535,1.869,0.333,1.716,2.08,0.302,0.664,1.941
0.535,1.869,0.333,1.716,2.08,0.301,0.664,1.941
0.535,1.869,0.333,1.716,2.08,0.301,0.664,1.941
0.535,1.869,0.333,1.716,2.08,0.301,0.664,1.941
0.535,1.869,0.333,1.716,2.08,0.301,0.664,1.941
0.535,1.869,0.333,1.716,2.08,0.301,0.664,1.941
0.535,1.869,0.333,1.716,2.08,0.301,0.664,1.941
0.535,1.869,0.333,1.716,2.08,0.301,0.664,1.941
0.535,1.869,0.333,1.716,2.08,0.302,0.664,1.941
0.535,1.869,0.333,1.716,2.08,0.301,0.664,1.941
0.535,1.869,0.333,1.716,2.08,0.301,0.664,1.941
0.535,1.868,0.333,1.716,2.08,0.301,0.664,1.941
0.535,1.868,0.333,1.716,2.08,0.302,0.664,1.941
0.535,1.869,0.333,1.716,2.08,0.301,0.664,1.941
0.535,1.869,0.333,1.716,2.08,0.301,0.664,1.941
0.535,1.869,0.333,1.716,2.08,0.302,0.664,1.941
0.535,1.869,0.333,1.716,2.08,0.301,0.664,1.941
0.535,1.868,0.333,1.716,2.08,0.302,0.664,1.941
0.535,1.868,0.333,1.716,2.08,0.301,0.664,1.941
0.535,1.868,0.333,1.716,2.08,0.301,0.664,1.941
0.535,1.868,0.333,1.716,2.08,0.301,0.664,1.941
0.535,1.868,0.333,1.716,2.08,0.301,0.664,1.941
0.535,1.868,0.333,1.716,2.08,0.301,0.664,1.94
0.535,1.868,0.333,1.716,2.08,0.302,0.664,1.941
0.535,1.868,0.333,1.716,2.08,0.301,0.664,1.941
0.535,1.868,0.333,1.716,2.08,0.301,0.664,1.941
0.535,1.868,0.333,1.716,2.08,0.301,0.664,1.941
0.535,1.868,0.333,1.716,2.08,0.301,0.664,1.941
0.535,1.868,0.333,1.716,2.08,0.301,0.664,1.941
0.535,1.868,0.333,1.716,2.08,0.301,0.664,1.941
0.535,1.868,0.333,1.716,2.08,0.301,0.664,1.941
0.535,1.868,0.333,1.716,2.08,0.302,0.664,1.94
0.535,1.868,0.333,1.716,2.08,0.301,0.664,1.941
0.535,1.868,0.333,1.716,2.08,0.301,0.664,1.941
0.536,1.868,0.333,1.716,2.08,0.302,0.664,1.94
0.535,1.868,0.333,1.716,2.081,0.302,0.664,1.94
0.535,1.868,0.333,1.716,2.08,0.301,0.664,1.94
0.535,1.868,0.333,1.715,2.08,0.301,0.664,1.941
0.535,1.868,0.333,1.715,2.08,0.301,0.664,1.94
0.535,1.868,0.333,1.716,2.08,0.301,0.664,1.94
0.535,1.868,0.333,1.716,2.08,0.301,0.664,1.94
0.535,1.868,0.333,1.715,2.08,0.301,0.664,1.94
0.535,1.868,0.333,1.715,2.08,0.301,0.664,1.94
0.535,1.868,0.333,1.715,2.08,0.301,0.664,1.94
0.535,1.868,0.333,1.715,2.08,0.302,0.664,1.94
0.535,1.868,0.333,1.715,2.08,0.301,0.664,1.94
0.535,1.868,0.333,1.715,2.08,0.302,0.664,1.94
0.536,1.868,0.333,1.715,2.08,0.302,0.664,1.94
0.536,1.868,0.333,1.716,2.081,0.302,0.664,1.94
0.535,1.868,0.333,1.715,2.08,0.301,0.664,1.94
0.536,1.868,0.333,1.715,2.081,0.302,0.664,1.94
0.536,1.868,0.333,1.715,2.08,0.302,0.664,1.94
0.535,1.868,0.333,1.715,2.08,0.301,0.664,1.94
0.536,1.867,0.332,1.715,2.08,0.302,0.664,1.94
0.535,1.867,0.332,1.715,2.08,0.301,0.664,1.94
0.535,1.867,0.332,1.715,2.08,0.302,0.664,1.94
0.535,1.867,0.333,1.715,2.08,0.302,0.664,1.94
0.536,1.868,0.333,1.715,2.08,0.301,0.664,1.94
0.536,1.868,0.332,1.715,2.08,0.301,0.664,1.94
0.535,1.867,0.333,1.715,2.081,0.302,0.664,1.94
0.536,1.868,0.332,1.715,2.08,0.301,0.664,1.94
0.535,1.867,0.333,1.715,2.08,0.301,0.664,1.94
0.536,1.867,0.332,1.715,2.08,0.302,0.664,1.94
0.535,1.867,0.333,1.715,2.08,0.301,0.664,1.94
0.536,1.867,0.333,1.715,2.08,0.301,0.664,1.94
0.535,1.867,0.333,1.715,2.08,0.301,0.664,1.94
0.536,1.868,0.333,1.715,2.081,0.302,0.664,1.94
0.535,1.867,0.333,1.715,2.08,0.302,0.664,1.94
0.536,1.867,0.332,1.715,2.081,0.302,0.664,1.94
0.535,1.867,0.333,1.715,2.08,0.301,0.664,1.94
0.535,1.867,0.333,1.715,2.08,0.302,0.664,1.94
0.536,1.867,0.332,1.715,2.081,0.301,0.664,1.94
0.536,1.867,0.333,1.715,2.081,0.301,0.664,1.94
0.536,1.867,0.333,1.715,2.081,0.302,0.664,1.94
0.536,1.867,0.333,1.715,2.081,0.302,0.664,1.94
0.536,1.868,0.333,1.715,2.081,0.301,0.664,1.94
0.536,1.867,0.332,1.715,2.081,0.302,0.664,1.94
0.536,1.867,0.332,1.715,2.081,0.302,0.664,1.94
0.536,1.867,0.333,1.715,2.081,0.302,0.664,1.939
0.536,1.867,0.332,1.715,2.081,0.302,0.664,1.94
0.536,1.867,0.332,1.715,2.081,0.302,0.664,1.939
0.536,1.867,0.332,1.715,2.081,0.301,0.664,1.94
0.536,1.867,0.332,1.715,2.082,0.302,0.664,1.94
0.536,1.867,0.332,1.715,2.082,0.302,0.664,1.939
0.536,1.867,0.332,1.715,2.082,0.301,0.664,1.939
0.536,1.867,0.332,1.715,2.081,0.302,0.664,1.939
0.536,1.867,0.332,1.715,2.082,0.302,0.664,1.939
0.536,1.867,0.332,1.715,2.082,0.302,0.664,1.939
0.536,1.867,0.332,1.715,2.082,0.302,0.664,1.94
0.536,1.867,0.332,1.715,2.082,0.301,0.664,1.939
0.536,1.867,0.332,1.715,2.082,0.302,0.664,1.939
0.536,1.867,0.332,1.715,2.082,0.302,0.664,1.939
0.536,1.867,0.332,1.715,2.082,0.301,0.665,1.939
0.536,1.867,0.333,1.715,2.082,0.302,0.664,1.94
0.536,1.867,0.332,1.715,2.082,0.302,0.664,1.939
0.536,1.867,0.332,1.715,2.083,0.302,0.664,1.939
0.536,1.867,0.332,1.715,2.083,0.301,0.664,1.94
0.536,1.867,0.332,1.715,2.083,0.302,0.664,1.939
0.536,1.867,0.332,1.715,2.083,0.301,0.665,1.939
0.536,1.867,0.333,1.715,2.083,0.301,0.664,1.939
0.536,1.867,0.333,1.715,2.083,0.302,0.665,1.939
0.536,1.867,0.332,1.715,2.083,0.302,0.665,1.939
0.536,1.867,0.333,1.714,2.083,0.302,0.664,1.939
0.536,1.867,0.333,1.714,2.083,0.302,0.665,1.939
0.536,1.867,0.333,1.714,2.082,0.302,0.664,1.939
0.536,1.867,0.332,1.714,2.082,0.301,0.664,1.939
0.536,1.867,0.332,1.714,2.082,0.302,0.664,1.939
0.536,1.867,0.332,1.714,2.082,0.302,0.664,1.939
0.536,1.867,0.332,1.714,2.083,0.302,0.664,1.939
0.536,1.867,0.332,1.714,2.083,0.302,0.664,1.939
0.536,1.867,0.332,1.714,2.083,0.301,0.664,1.939
0.536,1.867,0.332,1.714,2.083,0.302,0.665,1.939
0.536,1.867,0.332,1.714,2.083,0.302,0.665,1.939
0.536,1.867,0.332,1.714,2.083,0.302,0.664,1.939
0.536,1.867,0.332,1.714,2.083,0.302,0.664,1.939
0.536,1.867,0.332,1.714,2.083,0.302,0.665,1.939
0.536,1.867,0.332,1.714,2.083,0.302,0.665,1.939
0.536,1.867,0.332,1.714,2.083,0.302,0.664,1.938
0.536,1.866,0.332,1.714,2.083,0.302,0.664,1.939
0.536,1.867,0.332,1.714,2.083,0.302,0.664,1.939
0.536,1.867,0.332,1.714,2.083,0.301,0.665,1.938
0.536,1.866,0.332,1.714,2.083,0.301,0.665,1.939
0.536,1.867,0.332,1.714,2.083,0.301,0.665,1.939
0.536,1.867,0.332,1.714,2.083,0.302,0.665,1.939
0.536,1.867,0.332,1.714,2.083,0.302,0.665,1.939
0.536,1.867,0.332,1.714,2.083,0.302,0.665,1.938
0.536,1.867,0.332,1.714,2.084,0.302,0.665,1.939
0.536,1.867,0.332,1.714,2.083,0.301,0.665,1.939
0.536,1.867,0.332,1.714,2.084,0.302,0.665,1.939
0.536,1.867,0.332,1.714,2.084,0.302,0.665,1.938
0.536,1.867,0.332,1.714,2.084,0.302,0.665,1.938
0.536,1.866,0.332,1.714,2.083,0.301,0.664,1.938
0.536,1.866,0.333,1.714,2.083,0.302,0.665,1.938
0.536,1.866,0.332,1.714,2.083,0.301,0.664,1.938
0.536,1.866,0.332,1.714,2.083,0.301,0.665,1.938
0.536,1.866,0.332,1.714,2.084,0.302,0.664,1.938
0.536,1.866,0.332,1.714,2.083,0.302,0.665,1.938
0.536,1.866,0.332,1.714,2.084,0.302,0.665,1.938
0.536,1.866,0.332,1.714,2.084,0.302,0.665,1.938
0.536,1.866,0.332,1.714,2.083,0.302,0.664,1.938
0.536,1.866,0.332,1.714,2.084,0.301,0.665,1.938
0.536,1.866,0.332,1.714,2.084,0.302,0.665,1.938
0.536,1.866,0.332,1.714,2.084,0.301,0.664,1.938
0.536,1.866,0.332,1.714,2.084,0.302,0.664,1.938
0.536,1.866,0.332,1.714,2.084,0.301,0.665,1.938
0.536,1.866,0.332,1.713,2.084,0.301,0.665,1.938
0.536,1.866,0.332,1.714,2.084,0.302,0.665,1.938
0.536,1.866,0.332,1.713,2.084,0.302,0.665,1.938
0.536,1.866,0.332,1.714,2.084,0.302,0.665,1.938
0.536,1.866,0.332,1.714,2.084,0.302,0.665,1.938
0.536,1.866,0.332,1.713,2.084,0.302,0.665,1.938
0.536,1.866,0.333,1.714,2.084,0.302,0.665,1.938
0.536,1.866,0.332,1.713,2.084,0.302,0.665,1.938
0.536,1.866,0.332,1.713,2.084,0.301,0.664,1.938
0.536,1.866,0.332,1.713,2.084,0.302,0.665,1.938
0.536,1.866,0.332,1.713,2.084,0.302,0.665,1.938
0.536,1.866,0.332,1.713,2.084,0.301,0.665,1.938
0.536,1.866,0.332,1.714,2.084,0.302,0.665,1.938
0.536,1.866,0.332,1.714,2.084,0.302,0.665,1.938
0.536,1.867,0.332,1.714,2.084,0.302,0.665,1.938
0.536,1.866,0.332,1.714,2.084,0.302,0.665,1.938
0.536,1.866,0.332,1.713,2.084,0.302,0.665,1.938
0.536,1.866,0.332,1.714,2.084,0.302,0.665,1.938
0.536,1.866,0.332,1.714,2.085,0.301,0.665,1.938
0.536,1.867,0.332,1.714,2.085,0.302,0.665,1.938
0.536,1.866,0.333,1.713,2.084,0.302,0.665,1.938
0.536,1.867,0.332,1.713,2.084,0.302,0.665,1.938
0.536,1.867,0.332,1.714,2.085,0.302,0.665,1.938
0.536,1.867,0.332,1.713,2.084,0.302,0.665,1.938
0.536,1.866,0.332,1.713,2.084,0.302,0.665,1.938
0.536,1.867,0.332,1.713,2.084,0.302,0.665,1.938
0.536,1.866,0.332,1.713,2.084,0.302,0.665,1.938
0.536,1.866,0.332,1.713,2.084,0.302,0.665,1.937
0.536,1.866,0.332,1.713,2.084,0.302,0.665,1.938
0.536,1.866,0.332,1.713,2.084,0.302,0.665,1.938
0.536,1.866,0.332,1.713,2.085,0.302,0.665,1.938
0.536,1.866,0.332,1.713,2.085,0.302,0.665,1.938
0.536,1.866,0.332,1.713,2.084,0.302,0.665,1.938
0.536,1.866,0.332,1.713,2.084,0.301,0.665,1.938
0.536,1.866,0.332,1.713,2.085,0.302,0.665,1.938
0.536,1.866,0.332,1.713,2.084,0.302,0.665,1.937
0.536,1.866,0.332,1.713,2.085,0.302,0.665,1.938
0.536,1.866,0.332,1.713,2.085,0.302,0.665,1.937
0.536,1.866,0.332,1.713,2.085,0.302,0.665,1.938
0.536,1.866,0.332,1.713,2.085,0.302,0.665,1.938
0.536,1.866,0.332,1.713,2.085,0.302,0.665,1.937
0.536,1.866,0.332,1.713,2.085,0.301,0.665,1.938
0.536,1.866,0.332,1.713,2.085,0.302,0.665,1.938
0.536,1.866,0.332,1.713,2.085,0.302,0.665,1.937
0.536,1.866,0.332,1.713,2.085,0.302,0.665,1.938
0.536,1.866,0.332,1.713,2.085,0.301,0.665,1.938
0.536,1.866,0.332,1.713,2.085,0.302,0.665,1.937
0.536,1.866,0.332,1.713,2.085,0.302,0.665,1.937
0.536,1.866,0.332,1.713,2.085,0.302,0.665,1.937
0.536,1.866,0.332,1.713,2.085,0.302,0.665,1.938
0.536,1.866,0.332,1.713,2.085,0.302,0.665,1.938
0.536,1.866,0.332,1.713,2.085,0.302,0.665,1.938
0.536,1.866,0.332,1.713,2.085,0.302,0.665,1.938
0.536,1.866,0.332,1.713,2.085,0.302,0.665,1.938
0.536,1.866,0.332,1.713,2.085,0.302,0.665,1.938
0.536,1.866,0.332,1.713,2.085,0.302,0.665,1.937
0.536,1.866,0.332,1.713,2.085,0.302,0.665,1.937
0.536,1.866,0.332,1.713,2.085,0.302,0.665,1.937
0.536,1.866,0.332,1.713,2.085,0.302,0.665,1.937
0.536,1.866,0.332,1.713,2.085,0.302,0.665,1.937
0.536,1.866,0.332,1.713,2.085,0.302,0.665,1.938
0.536,1.866,0.332,1.713,2.085,0.302,0.665,1.938
0.536,1.866,0.332,1.713,2.085,0.302,0.665,1.937
0.536,1.866,0.332,1.713,2.085,0.302,0.665,1.938
0.537,1.866,0.332,1.713,2.085,0.302,0.665,1.937
0.536,1.866,0.332,1.713,2.085,0.302,0.665,1.938
0.537,1.866,0.332,1.713,2.086,0.302,0.665,1.937
0.536,1.866,0.332,1.713,2.085,0.302,0.665,1.937
0.536,1.865,0.332,1.713,2.085,0.302,0.665,1.937
0.536,1.865,0.332,1.713,2.085,0.302,0.665,1.937
0.536,1.865,0.332,1.713,2.085,0.302,0.665,1.937
0.536,1.865,0.332,1.713,2.085,0.302,0.665,1.937
0.536,1.865,0.332,1.713,2.085,0.302,0.665,1.937
0.536,1.865,0.332,1.713,2.086,0.302,0.665,1.937
0.536,1.866,0.332,1.713,2.085,0.302,0.665,1.937
0.537,1.865,0.332,1.713,2.085,0.302,0.665,1.937
0.536,1.865,0.332,1.713,2.085,0.302,0.665,1.937
0.536,1.865,0.332,1.713,2.085,0.302,0.665,1.937
0.537,1.865,0.332,1.713,2.085,0.302,0.665,1.937
0.536,1.865,0.332,1.713,2.085,0.301,0.665,1.937
0.536,1.865,0.332,1.712,2.085,0.302,0.665,1.937
0.537,1.865,0.332,1.713,2.085,0.302,0.665,1.937
0.536,1.865,0.332,1.713,2.085,0.302,0.665,1.937
0.536,1.865,0.332,1.713,2.085,0.302,0.665,1.937
0.537,1.865,0.332,1.713,2.086,0.302,0.665,1.937
0.537,1.865,0.332,1.713,2.085,0.302,0.665,1.937
0.537,1.865,0.332,1.713,2.086,0.302,0.665,1.937
0.537,1.865,0.332,1.713,2.085,0.302,0.665,1.937
0.537,1.865,0.332,1.713,2.085,0.302,0.665,1.937
0.536,1.865,0.332,1.713,2.085,0.302,0.665,1.937
0.537,1.865,0.332,1.713,2.085,0.302,0.665,1.937
0.536,1.865,0.332,1.712,2.085,0.302,0.665,1.937
0.536,1.865,0.332,1.713,2.085,0.302,0.665,1.937
0.537,1.865,0.332,1.713,2.086,0.302,0.665,1.937
0.537,1.865,0.332,1.713,2.086,0.302,0.665,1.937
0.537,1.865,0.332,1.713,2.085,0.302,0.665,1.937
0.537,1.865,0.332,1.713,2.085,0.302,0.665,1.937
0.537,1.865,0.332,1.713,2.085,0.302,0.665,1.937
0.537,1.865,0.332,1.713,2.085,0.302,0.665,1.937
0.537,1.865,0.332,1.713,2.085,0.302,0.665,1.937
0.537,1.865,0.332,1.713,2.085,0.302,0.665,1.937
0.537,1.865,0.332,1.712,2.085,0.302,0.666,1.937
0.537,1.865,0.332,1.713,2.085,0.302,0.665,1.937
0.537,1.865,0.332,1.712,2.085,0.302,0.665,1.937
0.537,1.865,0.331,1.712,2.085,0.302,0.665,1.937
0.537,1.865,0.332,1.713,2.085,0.302,0.665,1.937
0.537,1.865,0.332,1.713,2.085,0.302,0.665,1.937
0.537,1.864,0.332,1.712,2.085,0.302,0.665,1.937
0.537,1.865,0.332,1.712,2.085,0.302,0.665,1.937
0.537,1.864,0.332,1.712,2.085,0.302,0.665,1.937
0.537,1.864,0.332,1.712,2.085,0.302,0.666,1.937
0.537,1.865,0.332,1.712,2.085,0.302,0.665,1.937
0.537,1.865,0.332,1.712,2.085,0.302,0.665,1.937
0.537,1.865,0.332,1.712,2.085,0.302,0.666,1.937
0.537,1.865,0.332,1.712,2.085,0.302,0.665,1.937
0.537,1.865,0.332,1.712,2.085,0.302,0.665,1.937
0.537,1.865,0.332,1.713,2.085,0.302,0.666,1.937
0.537,1.865,0.332,1.712,2.085,0.302,0.666,1.937
0.537,1.865,0.332,1.712,2.085,0.302,0.665,1.937
0.537,1.865,0.332,1.712,2.085,0.302,0.666,1.937
0.537,1.865,0.332,1.712,2.085,0.302,0.666,1.937
0.537,1.865,0.332,1.712,2.085,0.302,0.666,1.937
0.537,1.865,0.332,1.712,2.085,0.302,0.666,1.937
0.537,1.865,0.332,1.713,2.085,0.302,0.666,1.937
0.537,1.865,0.331,1.713,2.085,0.302,0.666,1.937
0.537,1.865,0.332,1.713,2.085,0.302,0.666,1.937
0.537,1.865,0.332,1.713,2.085,0.302,0.666,1.937
0.537,1.865,0.332,1.712,2.085,0.302,0.666,1.937
0.537,1.865,0.332,1.713,2.085,0.302,0.666,1.937
0.537,1.865,0.332,1.712,2.085,0.302,0.666,1.937
0.537,1.865,0.332,1.713,2.085,0.302,0.666,1.937
0.537,1.865,0.332,1.713,2.086,0.302,0.666,1.937
0.537,1.865,0.331,1.713,2.085,0.302,0.666,1.937
0.537,1.865,0.332,1.712,2.085,0.302,0.666,1.937
0.537,1.865,0.332,1.712,2.085,0.302,0.666,1.937
0.537,1.865,0.332,1.713,2.085,0.302,0.666,1.937
0.537,1.865,0.332,1.712,2.085,0.302,0.666,1.937
0.537,1.865,0.332,1.712,2.085,0.302,0.666,1.937
0.537,1.865,0.332,1.712,2.085,0.302,0.666,1.937
0.537,1.865,0.332,1.713,2.085,0.302,0.666,1.937
0.537,1.865,0.332,1.712,2.085,0.302,0.666,1.937
0.537,1.865,0.332,1.712,2.085,0.302,0.666,1.937
0.537,1.865,0.332,1.712,2.085,0.302,0.666,1.937
0.537,1.865,0.332,1.712,2.085,0.302,0.666,1.937
0.537,1.865,0.331,1.712,2.085,0.302,0.666,1.937
0.537,1.865,0.332,1.712,2.085,0.302,0.666,1.937
0.537,1.865,0.331,1.712,2.085,0.302,0.666,1.937
0.537,1.865,0.332,1.712,2.085,0.302,0.666,1.937
0.537,1.865,0.332,1.712,2.085,0.302,0.666,1.937
0.537,1.865,0.332,1.712,2.085,0.302,0.666,1.937
0.537,1.865,0.332,1.712,2.085,0.302,0.666,1.937
0.537,1.865,0.332,1.712,2.085,0.302,0.666,1.937
0.537,1.865,0.332,1.712,2.085,0.302,0.666,1.936
0.537,1.865,0.332,1.712,2.085,0.302,0.666,1.936
0.537,1.864,0.332,1.712,2.085,0.302,0.666,1.936
0.537,1.864,0.332,1.712,2.084,0.302,0.666,1.936
0.537,1.864,0.331,1.712,2.084,0.302,0.666,1.936
0.537,1.864,0.332,1.712,2.084,0.302,0.666,1.937
0.537,1.865,0.332,1.712,2.085,0.302,0.666,1.936
0.537,1.865,0.332,1.712,2.085,0.302,0.666,1.936
0.537,1.864,0.332,1.712,2.085,0.302,0.666,1.936
0.537,1.864,0.332,1.712,2.085,0.302,0.666,1.937
0.537,1.865,0.332,1.712,2.085,0.302,0.666,1.936
0.537,1.865,0.332,1.712,2.085,0.302,0.666,1.936
0.537,1.865,0.332,1.712,2.085,0.302,0.666,1.937
0.537,1.865,0.331,1.712,2.085,0.302,0.666,1.937
0.537,1.865,0.332,1.712,2.085,0.302,0.666,1.937
0.537,1.865,0.332,1.712,2.085,0.302,0.666,1.936
0.537,1.864,0.332,1.712,2.085,0.302,0.666,1.936
0.537,1.865,0.332,1.712,2.085,0.302,0.666,1.937
0.538,1.865,0.332,1.712,2.085,0.302,0.666,1.937
0.537,1.865,0.332,1.712,2.085,0.302,0.666,1.936
0.537,1.865,0.332,1.712,2.085,0.302,0.666,1.936
0.537,1.865,0.331,1.712,2.085,0.302,0.666,1.936
0.537,1.865,0.332,1.712,2.085,0.302,0.666,1.937
0.537,1.865,0.332,1.712,2.085,0.302,0.666,1.936
0.537,1.865,0.331,1.712,2.085,0.302,0.666,1.937
0.537,1.865,0.332,1.712,2.085,0.302,0.666,1.936
0.537,1.865,0.332,1.712,2.085,0.302,0.666,1.936
0.537,1.865,0.332,1.712,2.085,0.302,0.666,1.936
0.537,1.865,0.332,1.712,2.085,0.302,0.666,1.936
0.537,1.865,0.332,1.712,2.085,0.302,0.666,1.936
0.537,1.865,0.332,1.712,2.085,0.302,0.666,1.936
0.537,1.865,0.332,1.712,2.085,0.302,0.666,1.937
0.537,1.865,0.332,1.712,2.085,0.302,0.667,1.937
0.538,1.865,0.332,1.713,2.085,0.302,0.667,1.937
0.538,1.865,0.332,1.713,2.086,0.302,0.667,1.937
0.538,1.865,0.332,1.712,2.085,0.302,0.667,1.937
0.538,1.865,0.332,1.713,2.085,0.302,0.667,1.937
0.538,1.865,0.332,1.713,2.086,0.302,0.667,1.937
0.538,1.865,0.332,1.713,2.085,0.302,0.667,1.937
0.538,1.865,0.332,1.713,2.086,0.302,0.667,1.937
0.538,1.865,0.332,1.713,2.086,0.302,0.667,1.937
0.538,1.865,0.332,1.713,2.086,0.302,0.667,1.937
0.538,1.866,0.332,1.713,2.086,0.302,0.667,1.937
0.538,1.866,0.332,1.713,2.086,0.302,0.667,1.937
0.538,1.866,0.332,1.713,2.086,0.302,0.667,1.937
0.538,1.866,0.332,1.713,2.086,0.302,0.667,1.937
0.538,1.866,0.332,1.713,2.085,0.302,0.667,1.937
0.538,1.866,0.332,1.713,2.085,0.302,0.667,1.937
0.538,1.866,0.332,1.713,2.086,0.302,0.667,1.938
0.538,1.866,0.332,1.713,2.086,0.302,0.667,1.937
0.538,1.866,0.332,1.713,2.086,0.302,0.667,1.937
0.538,1.866,0.332,1.713,2.086,0.302,0.667,1.937
0.538,1.866,0.332,1.713,2.086,0.302,0.667,1.937
0.538,1.866,0.332,1.713,2.086,0.302,0.667,1.937
0.538,1.866,0.332,1.713,2.086,0.302,0.667,1.937
0.538,1.866,0.332,1.713,2.086,0.302,0.667,1.937
0.538,1.866,0.332,1.713,2.086,0.302,0.667,1.937
0.538,1.866,0.332,1.713,2.086,0.302,0.667,1.937
0.538,1.866,0.332,1.713,2.086,0.302,0.667,1.937
0.538,1.866,0.332,1.713,2.086,0.302,0.667,1.937
0.538,1.866,0.332,1.713,2.086,0.302,0.667,1.937
0.538,1.866,0.332,1.713,2.086,0.302,0.667,1.937
0.538,1.866,0.332,1.713,2.086,0.302,0.667,1.937
0.538,1.865,0.332,1.713,2.086,0.302,0.667,1.937
0.538,1.865,0.332,1.713,2.086,0.302,0.667,1.937
0.538,1.865,0.332,1.713,2.086,0.302,0.667,1.937
0.538,1.865,0.332,1.713,2.086,0.302,0.667,1.937
0.538,1.865,0.331,1.712,2.085,0.302,0.667,1.936
0.538,1.865,0.331,1.712,2.086,0.302,0.667,1.937
0.538,1.865,0.331,1.712,2.086,0.302,0.667,1.937
0.538,1.865,0.332,1.712,2.086,0.302,0.667,1.937
0.538,1.865,0.331,1.713,2.086,0.302,0.667,1.937
0.538,1.865,0.331,1.712,2.085,0.302,0.667,1.937
0.538,1.865,0.331,1.712,2.085,0.302,0.667,1.936
0.538,1.865,0.331,1.712,2.086,0.302,0.667,1.937
0.538,1.865,0.331,1.712,2.085,0.302,0.667,1.937
0.538,1.865,0.331,1.712,2.085,0.302,0.667,1.937
0.538,1.865,0.331,1.712,2.085,0.302,0.667,1.937
0.538,1.865,0.331,1.712,2.085,0.302,0.667,1.937
0.538,1.865,0.332,1.712,2.085,0.302,0.667,1.937
0.538,1.865,0.331,1.713,2.085,0.302,0.667,1.937
0.538,1.865,0.332,1.713,2.086,0.302,0.667,1.937
0.538,1.865,0.332,1.712,2.086,0.303,0.667,1.937
0.538,1.865,0.332,1.713,2.086,0.303,0.667,1.937
0.538,1.865,0.332,1.713,2.086,0.303,0.668,1.937
0.539,1.865,0.332,1.713,2.086,0.303,0.667,1.937
0.538,1.865,0.332,1.713,2.086,0.302,0.667,1.937
0.538,1.865,0.332,1.713,2.086,0.302,0.668,1.937
0.538,1.865,0.331,1.713,2.086,0.302,0.667,1.937
0.538,1.865,0.332,1.713,2.086,0.302,0.668,1.937
0.538,1.865,0.332,1.712,2.086,0.303,0.668,1.937
0.538,1.865,0.332,1.713,2.086,0.303,0.667,1.937
0.538,1.865,0.331,1.712,2.085,0.302,0.668,1.937
0.538,1.865,0.332,1.712,2.085,0.302,0.667,1.936
0.538,1.865,0.331,1.712,2.085,0.302,0.667,1.937
0.538,1.865,0.331,1.712,2.085,0.302,0.667,1.936
0.538,1.865,0.331,1.712,2.085,0.302,0.667,1.936
0.538,1.865,0.331,1.712,2.085,0.303,0.667,1.936
0.538,1.865,0.331,1.712,2.085,0.302,0.667,1.936
0.538,1.865,0.331,1.712,2.085,0.302,0.667,1.936
0.538,1.865,0.332,1.712,2.085,0.303,0.667,1.936
0.538,1.865,0.331,1.712,2.085,0.303,0.668,1.937
0.538,1.865,0.332,1.712,2.085,0.302,0.668,1.937
0.539,1.865,0.332,1.712,2.085,0.303,0.668,1.937
0.539,1.865,0.331,1.712,2.085,0.303,0.668,1.937
0.539,1.865,0.331,1.712,2.085,0.302,0.668,1.937
0.539,1.865,0.332,1.712,2.085,0.303,0.668,1.937
0.539,1.865,0.331,1.712,2.085,0.303,0.668,1.937
0.539,1.865,0.331,1.712,2.085,0.303,0.668,1.937
0.539,1.865,0.332,1.712,2.085,0.303,0.668,1.937
0.539,1.865,0.331,1.712,2.085,0.303,0.668,1.937
0.539,1.865,0.331,1.712,2.085,0.303,0.668,1.937
0.539,1.865,0.331,1.712,2.085,0.303,0.668,1.937
0.539,1.865,0.331,1.712,2.085,0.303,0.668,1.936
0.539,1.865,0.331,1.712,2.085,0.303,0.668,1.937
0.539,1.865,0.331,1.712,2.085,0.303,0.668,1.937
0.539,1.865,0.331,1.712,2.085,0.303,0.668,1.936
0.539,1.865,0.331,1.712,2.085,0.303,0.668,1.937
0.539,1.865,0.331,1.712,2.085,0.302,0.668,1.936
0.539,1.864,0.331,1.712,2.085,0.303,0.668,1.937
0.539,1.865,0.331,1.712,2.085,0.303,0.668,1.936
0.539,1.865,0.331,1.712,2.085,0.302,0.668,1.936
0.539,1.865,0.331,1.712,2.085,0.303,0.668,1.937
0.539,1.865,0.331,1.712,2.085,0.303,0.668,1.936
0.539,1.865,0.331,1.712,2.085,0.303,0.668,1.936
0.539,1.865,0.331,1.712,2.085,0.303,0.668,1.936
0.539,1.864,0.331,1.712,2.085,0.303,0.668,1.937
0.539,1.864,0.331,1.712,2.085,0.303,0.668,1.936
0.539,1.865,0.331,1.712,2.085,0.303,0.668,1.936
0.539,1.865,0.331,1.712,2.085,0.303,0.668,1.936
0.539,1.864,0.331,1.712,2.085,0.303,0.668,1.936
0.539,1.865,0.331,1.712,2.085,0.302,0.668,1.936
0.539,1.865,0.331,1.712,2.085,0.303,0.668,1.936
0.539,1.864,0.331,1.712,2.085,0.303,0.668,1.936
0.539,1.864,0.331,1.712,2.085,0.303,0.668,1.936
0.539,1.864,0.331,1.712,2.085,0.303,0.668,1.936
0.539,1.864,0.331,1.712,2.084,0.303,0.668,1.936
0.539,1.864,0.331,1.712,2.085,0.303,0.668,1.936
0.539,1.864,0.331,1.712,2.085,0.303,0.668,1.936
0.539,1.864,0.331,1.712,2.084,0.303,0.668,1.936
0.539,1.864,0.331,1.712,2.085,0.303,0.668,1.936
0.539,1.864,0.331,1.712,2.084,0.303,0.668,1.936
0.539,1.864,0.331,1.712,2.084,0.303,0.668,1.936
0.539,1.864,0.331,1.712,2.084,0.303,0.668,1.936
0.539,1.864,0.331,1.712,2.085,0.303,0.668,1.936
0.539,1.864,0.331,1.712,2.084,0.303,0.668,1.936
0.539,1.864,0.331,1.712,2.084,0.303,0.668,1.936
0.539,1.864,0.331,1.712,2.084,0.303,0.668,1.936
0.539,1.864,0.331,1.712,2.084,0.303,0.668,1.936
0.539,1.864,0.331,1.712,2.084,0.303,0.668,1.936
0.539,1.864,0.331,1.712,2.084,0.303,0.668,1.936
0.539,1.864,0.331,1.712,2.084,0.303,0.668,1.936
0.539,1.864,0.331,1.711,2.084,0.303,0.668,1.936
0.539,1.864,0.331,1.712,2.084,0.303,0.668,1.936
0.539,1.864,0.331,1.712,2.084,0.303,0.668,1.936
0.539,1.864,0.331,1.712,2.084,0.303,0.668,1.936
0.539,1.864,0.331,1.712,2.084,0.303,0.668,1.936
0.539,1.864,0.331,1.711,2.084,0.303,0.668,1.936
0.539,1.864,0.331,1.711,2.084,0.303,0.668,1.935
0.539,1.864,0.331,1.711,2.084,0.303,0.668,1.935
0.539,1.864,0.331,1.711,2.084,0.303,0.668,1.935
0.539,1.864,0.331,1.711,2.084,0.303,0.668,1.935
0.539,1.864,0.331,1.711,2.084,0.303,0.668,1.935
0.539,1.864,0.331,1.711,2.084,0.303,0.668,1.936
0.539,1.864,0.331,1.711,2.084,0.303,0.668,1.935
0.539,1.864,0.331,1.711,2.084,0.303,0.668,1.935
0.539,1.864,0.331,1.711,2.084,0.303,0.668,1.935
0.539,1.864,0.331,1.711,2.084,0.303,0.668,1.935
0.539,1.864,0.331,1.711,2.084,0.303,0.668,1.935
0.539,1.864,0.331,1.711,2.084,0.303,0.668,1.935
0.539,1.864,0.331,1.711,2.084,0.303,0.668,1.935
0.539,1.864,0.331,1.711,2.084,0.303,0.668,1.935
0.539,1.864,0.331,1.711,2.084,0.303,0.668,1.935
0.539,1.864,0.331,1.711,2.084,0.303,0.669,1.935
0.539,1.864,0.331,1.711,2.084,0.303,0.668,1.935
0.539,1.864,0.331,1.711,2.084,0.303,0.668,1.935
0.539,1.864,0.331,1.712,2.084,0.303,0.669,1.936
0.539,1.864,0.331,1.712,2.084,0.303,0.668,1.936
0.539,1.864,0.331,1.711,2.084,0.303,0.669,1.935
0.539,1.864,0.331,1.712,2.084,0.303,0.668,1.935
0.539,1.864,0.331,1.711,2.084,0.303,0.669,1.935
0.539,1.864,0.331,1.711,2.084,0.303,0.669,1.935
0.539,1.864,0.331,1.711,2.084,0.303,0.669,1.935
0.539,1.864,0.331,1.711,2.084,0.303,0.669,1.935
0.539,1.864,0.331,1.711,2.084,0.303,0.669,1.935
0.539,1.864,0.331,1.711,2.084,0.303,0.669,1.935
0.539,1.864,0.331,1.711,2.084,0.303,0.669,1.935
0.539,1.864,0.331,1.711,2.084,0.303,0.669,1.935
0.539,1.864,0.331,1.711,2.084,0.303,0.669,1.935
0.539,1.864,0.331,1.711,2.084,0.303,0.668,1.935
0.539,1.863,0.331,1.711,2.084,0.303,0.668,1.935
0.539,1.864,0.331,1.711,2.084,0.303,0.669,1.935
0.539,1.864,0.331,1.711,2.084,0.303,0.669,1.935
0.539,1.863,0.331,1.711,2.084,0.303,0.669,1.935
0.539,1.864,0.331,1.711,2.084,0.303,0.669,1.934
0.539,1.863,0.331,1.711,2.084,0.303,0.669,1.935
0.539,1.863,0.331,1.711,2.084,0.303,0.668,1.935
0.539,1.863,0.331,1.711,2.084,0.303,0.669,1.935
0.539,1.863,0.331,1.711,2.084,0.303,0.669,1.934
0.539,1.863,0.331,1.711,2.084,0.303,0.669,1.934
0.539,1.863,0.331,1.71,2.084,0.303,0.669,1.934
0.539,1.863,0.331,1.71,2.083,0.303,0.668,1.934
0.539,1.863,0.331,1.711,2.084,0.303,0.669,1.934
0.539,1.863,0.331,1.71,2.083,0.303,0.669,1.934
0.539,1.863,0.331,1.71,2.083,0.303,0.669,1.934
0.539,1.863,0.331,1.71,2.084,0.303,0.669,1.934
0.539,1.863,0.331,1.711,2.084,0.303,0.669,1.934
0.539,1.863,0.331,1.71,2.084,0.303,0.669,1.934
0.539,1.863,0.331,1.71,2.083,0.303,0.669,1.934
0.539,1.863,0.331,1.71,2.084,0.303,0.669,1.935
0.539,1.863,0.331,1.711,2.084,0.303,0.669,1.935
0.539,1.864,0.331,1.71,2.084,0.303,0.669,1.934
0.539,1.863,0.331,1.711,2.084,0.303,0.669,1.934
0.539,1.863,0.331,1.711,2.084,0.303,0.669,1.934
0.539,1.863,0.331,1.71,2.084,0.303,0.669,1.934
0.539,1.863,0.331,1.71,2.084,0.303,0.669,1.934
0.539,1.863,0.331,1.71,2.084,0.303,0.669,1.934
0.539,1.863,0.331,1.71,2.084,0.303,0.669,1.935
0.539,1.863,0.331,1.711,2.084,0.303,0.669,1.935
0.539,1.863,0.331,1.711,2.084,0.303,0.669,1.935
0.539,1.863,0.331,1.711,2.084,0.303,0.669,1.934
0.539,1.863,0.331,1.71,2.084,0.303,0.669,1.934
0.539,1.863,0.331,1.71,2.084,0.303,0.669,1.934
0.539,1.863,0.331,1.71,2.084,0.303,0.669,1.934
0.539,1.863,0.331,1.71,2.084,0.303,0.669,1.934
0.539,1.863,0.331,1.71,2.084,0.303,0.669,1.934
0.539,1.863,0.331,1.71,2.084,0.303,0.669,1.934
0.539,1.863,0.331,1.71,2.084,0.303,0.669,1.934
0.539,1.863,0.331,1.71,2.083,0.303,0.669,1.934
0.539,1.863,0.331,1.71,2.083,0.303,0.669,1.934
0.539,1.863,0.331,1.71,2.083,0.303,0.669,1.934
0.539,1.863,0.331,1.71,2.083,0.303,0.669,1.934
0.539,1.863,0.331,1.71,2.083,0.303,0.669,1.934
0.539,1.863,0.331,1.71,2.083,0.303,0.669,1.934
0.539,1.863,0.331,1.71,2.083,0.303,0.669,1.934
0.539,1.863,0.331,1.71,2.083,0.303,0.669,1.934
0.539,1.863,0.331,1.71,2.084,0.303,0.669,1.934
0.539,1.863,0.331,1.71,2.083,0.303,0.669,1.934
0.539,1.863,0.331,1.71,2.083,0.303,0.669,1.934
0.539,1.863,0.331,1.71,2.083,0.303,0.669,1.934
0.539,1.863,0.331,1.71,2.083,0.303,0.669,1.933
0.539,1.862,0.331,1.71,2.083,0.303,0.669,1.933
0.539,1.862,0.331,1.709,2.083,0.303,0.669,1.933
0.539,1.862,0.331,1.71,2.083,0.303,0.669,1.933
0.539,1.862,0.331,1.71,2.083,0.303,0.669,1.933
0.539,1.863,0.331,1.71,2.083,0.303,0.669,1.933
0.539,1.862,0.331,1.71,2.083,0.303,0.669,1.933
0.539,1.862,0.331,1.709,2.083,0.303,0.669,1.933
0.539,1.862,0.331,1.709,2.083,0.303,0.669,1.933
0.539,1.862,0.331,1.709,2.083,0.303,0.669,1.933
0.539,1.862,0.331,1.709,2.083,0.303,0.669,1.933
0.539,1.862,0.331,1.709,2.083,0.303,0.669,1.933
0.539,1.862,0.331,1.71,2.083,0.303,0.669,1.933
0.539,1.862,0.331,1.709,2.083,0.303,0.669,1.933
0.539,1.862,0.331,1.709,2.083,0.303,0.669,1.933
0.539,1.862,0.331,1.709,2.083,0.303,0.669,1.933
0.539,1.862,0.331,1.709,2.083,0.303,0.669,1.933
0.539,1.862,0.331,1.709,2.083,0.303,0.669,1.933
0.539,1.862,0.331,1.709,2.083,0.303,0.669,1.933
0.539,1.862,0.331,1.709,2.083,0.303,0.669,1.933
0.539,1.862,0.331,1.709,2.083,0.303,0.669,1.933
0.539,1.862,0.331,1.709,2.083,0.303,0.669,1.933
0.539,1.862,0.331,1.709,2.083,0.303,0.669,1.932
0.539,1.862,0.331,1.709,2.082,0.303,0.669,1.933
0.539,1.862,0.331,1.709,2.083,0.303,0.669,1.933
0.539,1.862,0.331,1.709,2.083,0.303,0.669,1.933
0.539,1.862,0.331,1.709,2.083,0.303,0.669,1.933
0.539,1.862,0.331,1.709,2.083,0.303,0.669,1.933
0.539,1.862,0.331,1.709,2.083,0.303,0.669,1.933
0.539,1.862,0.331,1.709,2.083,0.303,0.669,1.933
0.539,1.862,0.331,1.709,2.083,0.303,0.669,1.933
0.539,1.862,0.331,1.709,2.083,0.303,0.669,1.933
0.539,1.862,0.331,1.709,2.083,0.303,0.669,1.933
0.539,1.862,0.331,1.709,2.083,0.303,0.669,1.933
0.539,1.862,0.331,1.709,2.083,0.303,0.669,1.933
0.539,1.862,0.331,1.709,2.083,0.303,0.669,1.932
0.539,1.862,0.331,1.709,2.083,0.303,0.669,1.933
0.539,1.862,0.331,1.709,2.083,0.303,0.669,1.932
0.539,1.862,0.331,1.709,2.083,0.303,0.669,1.933
0.539,1.862,0.331,1.709,2.083,0.303,0.669,1.932
0.539,1.862,0.331,1.709,2.083,0.303,0.669,1.932
0.539,1.862,0.331,1.709,2.083,0.303,0.669,1.932
0.539,1.862,0.331,1.709,2.083,0.303,0.669,1.932
0.539,1.862,0.331,1.709,2.084,0.303,0.669,1.933
0.539,1.862,0.331,1.709,2.084,0.303,0.669,1.933
0.539,1.862,0.331,1.709,2.083,0.303,0.669,1.933
0.539,1.862,0.331,1.709,2.083,0.303,0.669,1.933
0.539,1.862,0.331,1.709,2.084,0.303,0.669,1.932
0.539,1.862,0.331,1.709,2.083,0.303,0.669,1.932
0.539,1.862,0.331,1.709,2.084,0.303,0.669,1.932
0.539,1.862,0.331,1.709,2.083,0.303,0.669,1.933
0.539,1.862,0.331,1.709,2.083,0.303,0.669,1.932
0.539,1.862,0.331,1.709,2.083,0.303,0.669,1.932
0.539,1.862,0.331,1.709,2.083,0.303,0.669,1.932
0.539,1.861,0.331,1.709,2.083,0.303,0.669,1.932
0.539,1.862,0.331,1.709,2.083,0.303,0.669,1.932
0.539,1.862,0.33,1.709,2.083,0.303,0.669,1.932
0.539,1.862,0.331,1.709,2.083,0.303,0.669,1.932
0.539,1.862,0.331,1.709,2.083,0.303,0.669,1.932
0.539,1.862,0.331,1.709,2.083,0.303,0.669,1.932
0.539,1.862,0.331,1.709,2.083,0.303,0.669,1.932
0.539,1.862,0.331,1.709,2.083,0.303,0.669,1.932
0.539,1.862,0.331,1.709,2.083,0.303,0.669,1.932
0.539,1.862,0.331,1.709,2.083,0.303,0.669,1.932
0.539,1.862,0.331,1.709,2.083,0.303,0.669,1.932
0.539,1.862,0.331,1.708,2.083,0.303,0.669,1.932
0.539,1.862,0.331,1.709,2.083,0.303,0.669,1.932
0.539,1.862,0.331,1.708,2.083,0.303,0.669,1.932
0.539,1.862,0.331,1.709,2.083,0.303,0.669,1.932
0.539,1.862,0.331,1.709,2.083,0.303,0.669,1.932
0.539,1.862,0.331,1.708,2.083,0.303,0.669,1.932
0.539,1.862,0.331,1.708,2.083,0.303,0.669,1.932
0.539,1.862,0.331,1.708,2.083,0.303,0.669,1.932
0.539,1.862,0.331,1.708,2.083,0.303,0.669,1.932
0.539,1.862,0.331,1.708,2.083,0.303,0.669,1.932
0.539,1.862,0.331,1.708,2.083,0.303,0.669,1.932
0.539,1.862,0.331,1.708,2.083,0.303,0.669,1.931
0.539,1.862,0.331,1.708,2.083,0.303,0.669,1.931
0.539,1.862,0.331,1.708,2.083,0.303,0.669,1.931
0.539,1.862,0.331,1.708,2.083,0.303,0.669,1.931
0.539,1.862,0.331,1.708,2.083,0.303,0.669,1.931
0.539,1.862,0.331,1.708,2.083,0.303,0.669,1.931
0.539,1.862,0.331,1.708,2.083,0.303,0.669,1.931
0.539,1.862,0.331,1.708,2.083,0.303,0.669,1.932
0.539,1.862,0.331,1.708,2.083,0.303,0.669,1.932
0.539,1.862,0.331,1.708,2.083,0.303,0.669,1.931
0.539,1.862,0.331,1.708,2.083,0.303,0.669,1.931
0.539,1.862,0.331,1.708,2.083,0.303,0.669,1.932
0.539,1.862,0.331,1.708,2.083,0.303,0.669,1.932
0.539,1.862,0.331,1.708,2.083,0.303,0.669,1.931
0.539,1.862,0.331,1.708,2.083,0.303,0.669,1.931
0.539,1.862,0.331,1.708,2.083,0.303,0.669,1.931
0.539,1.862,0.331,1.708,2.083,0.303,0.669,1.931
0.539,1.862,0.331,1.708,2.082,0.303,0.669,1.931
0.539,1.862,0.331,1.708,2.083,0.303,0.669,1.931
0.539,1.862,0.331,1.708,2.083,0.303,0.669,1.931
0.539,1.861,0.331,1.708,2.082,0.303,0.669,1.931
0.539,1.861,0.331,1.708,2.082,0.303,0.669,1.931
0.539,1.861,0.331,1.708,2.082,0.303,0.669,1.931
0.539,1.861,0.331,1.708,2.082,0.303,0.669,1.931
0.539,1.861,0.331,1.707,2.082,0.303,0.669,1.931
0.539,1.861,0.331,1.707,2.082,0.303,0.669,1.93
0.539,1.861,0.331,1.707,2.082,0.303,0.669,1.93
0.539,1.861,0.331,1.707,2.082,0.303,0.669,1.93
0.539,1.861,0.331,1.707,2.082,0.303,0.669,1.93
0.539,1.861,0.331,1.707,2.082,0.303,0.669,1.93
0.539,1.861,0.331,1.707,2.082,0.303,0.669,1.93
0.539,1.861,0.331,1.707,2.082,0.303,0.669,1.93
0.539,1.861,0.331,1.707,2.082,0.303,0.669,1.93
0.539,1.861,0.331,1.707,2.082,0.303,0.669,1.93
0.539,1.861,0.331,1.707,2.082,0.302,0.669,1.93
0.539,1.861,0.331,1.707,2.082,0.303,0.669,1.93
0.539,1.861,0.331,1.707,2.082,0.303,0.669,1.93
0.539,1.861,0.331,1.707,2.082,0.303,0.669,1.93
0.539,1.861,0.33,1.707,2.082,0.303,0.669,1.93
0.539,1.861,0.331,1.707,2.082,0.303,0.669,1.93
0.539,1.861,0.331,1.707,2.081,0.303,0.669,1.93
0.539,1.861,0.33,1.707,2.081,0.303,0.669,1.93
0.539,1.861,0.331,1.707,2.082,0.302,0.669,1.93
0.539,1.861,0.33,1.707,2.081,0.303,0.669,1.929
0.539,1.861,0.331,1.707,2.081,0.303,0.669,1.93
0.539,1.86,0.331,1.707,2.081,0.303,0.669,1.93
0.539,1.86,0.33,1.707,2.081,0.302,0.669,1.93
0.539,1.861,0.33,1.707,2.082,0.303,0.669,1.93
0.539,1.861,0.331,1.707,2.081,0.303,0.669,1.929
0.539,1.86,0.331,1.707,2.082,0.303,0.669,1.929
0.539,1.861,0.33,1.707,2.082,0.303,0.669,1.93
0.539,1.86,0.33,1.707,2.081,0.303,0.669,1.929
0.539,1.86,0.331,1.707,2.081,0.303,0.669,1.929
0.539,1.86,0.33,1.706,2.082,0.303,0.669,1.929
0.539,1.86,0.33,1.706,2.082,0.303,0.669,1.929
0.539,1.86,0.331,1.706,2.082,0.302,0.669,1.929
0.539,1.86,0.331,1.706,2.082,0.303,0.669,1.929
0.539,1.86,0.33,1.706,2.082,0.303,0.669,1.929
0.539,1.86,0.33,1.706,2.082,0.303,0.669,1.929
0.538,1.86,0.33,1.706,2.082,0.303,0.669,1.929
0.539,1.86,0.33,1.706,2.082,0.303,0.669,1.929
0.538,1.86,0.33,1.706,2.082,0.302,0.669,1.929
0.539,1.86,0.33,1.706,2.082,0.303,0.669,1.929
0.539,1.86,0.33,1.706,2.082,0.302,0.669,1.929
0.539,1.86,0.33,1.706,2.082,0.303,0.669,1.929
0.539,1.86,0.33,1.706,2.082,0.303,0.669,1.929
0.538,1.86,0.33,1.706,2.082,0.303,0.669,1.929
0.539,1.86,0.33,1.706,2.082,0.303,0.669,1.929
0.539,1.86,0.33,1.706,2.082,0.303,0.669,1.929
0.539,1.86,0.33,1.706,2.082,0.303,0.669,1.929
0.539,1.86,0.33,1.706,2.082,0.303,0.669,1.929
0.539,1.86,0.33,1.706,2.082,0.303,0.669,1.929
0.539,1.86,0.33,1.706,2.082,0.303,0.669,1.929
0.539,1.86,0.33,1.706,2.082,0.303,0.669,1.929
0.539,1.86,0.331,1.706,2.082,0.303,0.669,1.929
0.539,1.86,0.33,1.706,2.082,0.303,0.669,1.929
0.539,1.86,0.33,1.706,2.082,0.302,0.669,1.929
0.539,1.86,0.33,1.706,2.082,0.302,0.669,1.929
0.539,1.86,0.33,1.706,2.082,0.302,0.669,1.929
0.539,1.86,0.33,1.706,2.082,0.303,0.669,1.929
0.539,1.86,0.33,1.706,2.082,0.303,0.669,1.929
0.539,1.86,0.33,1.706,2.082,0.303,0.669,1.929
0.539,1.86,0.33,1.706,2.082,0.303,0.669,1.929
0.539,1.86,0.33,1.706,2.082,0.303,0.669,1.929
0.539,1.86,0.33,1.706,2.082,0.303,0.669,1.929
0.539,1.86,0.33,1.706,2.081,0.302,0.669,1.929
0.539,1.86,0.33,1.706,2.081,0.302,0.669,1.929
0.539,1.86,0.33,1.706,2.081,0.303,0.669,1.929
0.539,1.86,0.33,1.706,2.082,0.303,0.669,1.929
0.539,1.86,0.33,1.706,2.082,0.303,0.669,1.929
0.539,1.86,0.33,1.706,2.081,0.303,0.669,1.928
0.539,1.86,0.33,1.706,2.081,0.303,0.669,1.929
0.539,1.86,0.33,1.706,2.082,0.303,0.669,1.929
0.539,1.859,0.33,1.706,2.081,0.302,0.669,1.928
0.539,1.86,0.33,1.706,2.081,0.303,0.669,1.929
0.539,1.859,0.33,1.706,2.081,0.302,0.669,1.929
0.538,1.859,0.33,1.706,2.081,0.303,0.669,1.929
0.538,1.859,0.33,1.706,2.081,0.302,0.669,1.928
0.539,1.859,0.33,1.705,2.081,0.302,0.669,1.928
0.539,1.859,0.33,1.705,2.081,0.302,0.669,1.928
0.538,1.859,0.33,1.705,2.081,0.302,0.669,1.928
0.539,1.859,0.33,1.705,2.081,0.302,0.669,1.928
0.538,1.859,0.33,1.705,2.081,0.302,0.669,1.928
0.539,1.859,0.33,1.705,2.081,0.302,0.669,1.928
0.538,1.859,0.33,1.705,2.081,0.302,0.669,1.928
0.539,1.859,0.33,1.706,2.081,0.303,0.669,1.928
0.538,1.859,0.33,1.705,2.081,0.302,0.669,1.928
0.538,1.859,0.33,1.705,2.081,0.303,0.669,1.928
0.538,1.859,0.33,1.705,2.081,0.303,0.669,1.928
0.539,1.859,0.33,1.705,2.081,0.302,0.669,1.928
0.538,1.859,0.33,1.705,2.081,0.302,0.669,1.928
0.539,1.859,0.33,1.705,2.081,0.302,0.669,1.928
0.538,1.859,0.33,1.705,2.08,0.302,0.669,1.928
0.539,1.859,0.33,1.705,2.081,0.303,0.669,1.928
0.538,1.859,0.33,1.705,2.08,0.302,0.669,1.928
0.538,1.859,0.33,1.705,2.081,0.302,0.669,1.928
0.538,1.859,0.33,1.706,2.081,0.302,0.669,1.928
0.538,1.859,0.33,1.706,2.081,0.302,0.669,1.928
0.539,1.859,0.33,1.705,2.081,0.302,0.669,1.928
0.539,1.859,0.33,1.705,2.081,0.302,0.669,1.928
0.539,1.859,0.33,1.705,2.08,0.303,0.669,1.928
0.538,1.859,0.33,1.705,2.08,0.302,0.669,1.928
0.538,1.859,0.33,1.705,2.08,0.302,0.669,1.928
0.539,1.859,0.33,1.705,2.08,0.302,0.669,1.928
0.538,1.859,0.33,1.705,2.08,0.303,0.669,1.928
0.539,1.859,0.33,1.705,2.08,0.303,0.669,1.928
0.539,1.859,0.33,1.705,2.08,0.302,0.669,1.928
0.538,1.859,0.33,1.705,2.08,0.302,0.669,1.928
0.538,1.859,0.33,1.705,2.08,0.302,0.669,1.928
0.538,1.859,0.33,1.705,2.08,0.302,0.669,1.928
0.538,1.859,0.33,1.705,2.08,0.302,0.669,1.928
0.539,1.859,0.33,1.705,2.08,0.302,0.669,1.928
0.538,1.859,0.33,1.705,2.08,0.302,0.669,1.928
0.538,1.859,0.33,1.705,2.08,0.303,0.669,1.928
0.538,1.859,0.33,1.705,2.08,0.302,0.669,1.927
0.538,1.859,0.33,1.705,2.08,0.302,0.669,1.927
0.538,1.859,0.33,1.705,2.08,0.302,0.669,1.927
0.538,1.859,0.33,1.705,2.08,0.302,0.669,1.928
0.538,1.859,0.33,1.705,2.08,0.302,0.669,1.927
0.538,1.859,0.33,1.705,2.08,0.303,0.669,1.928
0.538,1.859,0.33,1.705,2.079,0.302,0.669,1.927
0.538,1.859,0.33,1.705,2.079,0.302,0.669,1.927
0.538,1.859,0.33,1.705,2.079,0.302,0.669,1.927
0.538,1.858,0.33,1.705,2.079,0.302,0.669,1.927
0.538,1.859,0.33,1.705,2.079,0.302,0.669,1.927
0.538,1.858,0.33,1.705,2.079,0.302,0.669,1.927
0.538,1.858,0.33,1.705,2.079,0.302,0.669,1.927
0.538,1.858,0.33,1.704,2.079,0.302,0.669,1.927
0.538,1.858,0.33,1.704,2.079,0.302,0.669,1.927
0.538,1.859,0.33,1.705,2.079,0.302,0.669,1.927
0.538,1.858,0.33,1.704,2.079,0.302,0.669,1.927
0.538,1.858,0.33,1.704,2.079,0.302,0.669,1.927
0.538,1.858,0.33,1.704,2.079,0.302,0.669,1.927
0.538,1.858,0.33,1.704,2.079,0.302,0.669,1.927
0.538,1.858,0.33,1.704,2.078,0.302,0.669,1.927
0.538,1.858,0.33,1.704,2.078,0.302,0.669,1.927
0.538,1.858,0.33,1.704,2.078,0.302,0.669,1.927
0.538,1.858,0.33,1.704,2.078,0.302,0.669,1.927
0.538,1.858,0.33,1.704,2.078,0.302,0.669,1.926
0.538,1.858,0.33,1.704,2.078,0.302,0.669,1.927
0.538,1.858,0.33,1.704,2.078,0.302,0.669,1.926
0.538,1.858,0.33,1.704,2.078,0.302,0.669,1.927
0.538,1.858,0.33,1.704,2.078,0.302,0.669,1.926
0.538,1.858,0.33,1.704,2.078,0.302,0.669,1.926
0.538,1.858,0.33,1.704,2.078,0.302,0.669,1.926
0.538,1.858,0.33,1.704,2.078,0.302,0.669,1.926
0.538,1.858,0.33,1.704,2.078,0.302,0.669,1.926
0.538,1.858,0.33,1.704,2.078,0.302,0.669,1.926
0.538,1.858,0.33,1.704,2.078,0.302,0.669,1.926
0.538,1.858,0.33,1.704,2.077,0.302,0.669,1.926
0.538,1.858,0.33,1.704,2.077,0.302,0.669,1.926
0.538,1.858,0.33,1.704,2.078,0.302,0.669,1.926
0.538,1.858,0.33,1.704,2.077,0.302,0.669,1.926
0.538,1.858,0.33,1.703,2.077,0.302,0.669,1.926
0.538,1.858,0.33,1.703,2.077,0.302,0.669,1.926
0.538,1.858,0.33,1.704,2.077,0.302,0.669,1.926
0.538,1.858,0.33,1.703,2.077,0.302,0.669,1.926
0.538,1.858,0.33,1.704,2.077,0.302,0.669,1.926
0.538,1.858,0.33,1.704,2.077,0.302,0.669,1.926
0.538,1.858,0.33,1.704,2.077,0.302,0.669,1.926
0.538,1.858,0.33,1.703,2.077,0.302,0.669,1.926
0.538,1.857,0.33,1.703,2.077,0.302,0.669,1.926
0.538,1.857,0.33,1.703,2.077,0.302,0.669,1.926
0.538,1.857,0.33,1.703,2.077,0.302,0.669,1.926
0.538,1.858,0.33,1.704,2.077,0.302,0.669,1.926
0.538,1.858,0.33,1.703,2.077,0.302,0.669,1.926
0.538,1.858,0.33,1.703,2.077,0.302,0.669,1.926
0.538,1.857,0.33,1.703,2.077,0.302,0.669,1.926
0.538,1.857,0.33,1.703,2.077,0.302,0.669,1.926
0.538,1.858,0.33,1.703,2.077,0.302,0.669,1.926
0.538,1.857,0.33,1.703,2.077,0.302,0.669,1.926
0.538,1.857,0.33,1.703,2.077,0.302,0.669,1.926
0.538,1.857,0.33,1.703,2.077,0.302,0.669,1.926
0.538,1.858,0.33,1.704,2.077,0.302,0.669,1.926
0.538,1.858,0.33,1.704,2.077,0.302,0.669,1.926
0.538,1.858,0.33,1.704,2.077,0.302,0.669,1.926
0.538,1.858,0.33,1.703,2.077,0.302,0.669,1.926
0.538,1.858,0.33,1.703,2.077,0.302,0.669,1.926
0.538,1.858,0.33,1.703,2.077,0.302,0.669,1.926
0.538,1.858,0.33,1.703,2.077,0.302,0.669,1.926
0.538,1.858,0.33,1.703,2.077,0.302,0.669,1.926
0.538,1.858,0.33,1.703,2.077,0.302,0.669,1.926
0.538,1.858,0.33,1.703,2.077,0.302,0.669,1.926
0.538,1.858,0.33,1.703,2.076,0.302,0.669,1.925
0.538,1.857,0.33,1.703,2.076,0.302,0.669,1.925
0.538,1.857,0.33,1.703,2.076,0.302,0.669,1.925
0.538,1.857,0.33,1.703,2.076,0.302,0.669,1.925
0.538,1.857,0.33,1.703,2.076,0.302,0.669,1.925
0.538,1.857,0.33,1.703,2.076,0.302,0.669,1.925
0.538,1.857,0.33,1.703,2.076,0.302,0.669,1.925
0.538,1.857,0.33,1.703,2.076,0.302,0.669,1.925
0.538,1.857,0.33,1.703,2.076,0.302,0.669,1.925
0.538,1.857,0.33,1.703,2.076,0.302,0.669,1.925
0.538,1.857,0.33,1.703,2.076,0.302,0.669,1.925
0.538,1.857,0.33,1.703,2.076,0.302,0.669,1.925
0.538,1.857,0.33,1.703,2.076,0.302,0.669,1.925
0.538,1.857,0.33,1.703,2.076,0.302,0.669,1.925
0.538,1.857,0.33,1.703,2.076,0.302,0.669,1.925
0.538,1.857,0.33,1.703,2.076,0.302,0.669,1.925
0.538,1.857,0.33,1.703,2.076,0.302,0.669,1.925
0.538,1.857,0.33,1.703,2.076,0.302,0.669,1.925
0.538,1.857,0.33,1.703,2.076,0.302,0.669,1.925
0.538,1.857,0.33,1.703,2.076,0.302,0.669,1.925
0.538,1.857,0.33,1.703,2.076,0.302,0.669,1.925
0.538,1.857,0.33,1.703,2.076,0.302,0.669,1.925
0.538,1.857,0.33,1.703,2.076,0.302,0.669,1.925
0.538,1.857,0.33,1.703,2.076,0.302,0.669,1.925
0.538,1.857,0.33,1.703,2.076,0.302,0.669,1.925
0.538,1.857,0.33,1.703,2.076,0.302,0.669,1.925
0.538,1.857,0.33,1.702,2.075,0.302,0.669,1.925
0.538,1.857,0.33,1.703,2.075,0.302,0.669,1.925
0.538,1.856,0.33,1.702,2.075,0.302,0.669,1.925
0.538,1.857,0.33,1.702,2.075,0.302,0.669,1.925
0.538,1.857,0.33,1.702,2.075,0.302,0.669,1.925
0.538,1.857,0.33,1.702,2.076,0.302,0.669,1.925
0.538,1.857,0.33,1.702,2.075,0.302,0.669,1.925
0.538,1.857,0.33,1.702,2.075,0.302,0.669,1.924
0.538,1.857,0.33,1.702,2.075,0.302,0.669,1.924
0.538,1.856,0.33,1.702,2.074,0.302,0.669,1.924
0.538,1.856,0.33,1.702,2.075,0.302,0.669,1.925
0.538,1.857,0.33,1.702,2.075,0.302,0.669,1.924
0.538,1.857,0.329,1.702,2.075,0.302,0.669,1.924
0.538,1.856,0.329,1.702,2.075,0.302,0.669,1.924
0.538,1.856,0.33,1.702,2.075,0.302,0.669,1.924
0.538,1.857,0.33,1.702,2.075,0.302,0.669,1.925
0.538,1.856,0.33,1.702,2.075,0.302,0.669,1.924
0.538,1.857,0.33,1.702,2.075,0.302,0.669,1.924
0.538,1.857,0.33,1.702,2.075,0.302,0.669,1.924
0.538,1.857,0.329,1.702,2.075,0.302,0.669,1.924
0.538,1.857,0.33,1.702,2.075,0.302,0.669,1.925
0.538,1.857,0.33,1.702,2.075,0.302,0.669,1.924
0.538,1.857,0.33,1.702,2.075,0.302,0.669,1.924
0.538,1.857,0.33,1.702,2.075,0.302,0.669,1.925
0.538,1.857,0.33,1.702,2.075,0.302,0.669,1.925
0.538,1.857,0.33,1.702,2.075,0.302,0.669,1.924
0.538,1.856,0.329,1.702,2.074,0.302,0.669,1.924
0.538,1.856,0.33,1.702,2.074,0.302,0.669,1.924
0.538,1.856,0.33,1.702,2.074,0.302,0.669,1.924
0.538,1.856,0.33,1.701,2.074,0.302,0.669,1.924
0.538,1.856,0.33,1.701,2.074,0.302,0.669,1.924
0.538,1.856,0.329,1.701,2.074,0.302,0.669,1.924
0.537,1.856,0.329,1.701,2.074,0.302,0.669,1.924
0.538,1.856,0.33,1.701,2.074,0.302,0.669,1.923
0.538,1.856,0.329,1.701,2.074,0.302,0.669,1.924
0.538,1.856,0.33,1.701,2.074,0.302,0.669,1.923
0.537,1.856,0.329,1.701,2.074,0.302,0.669,1.923
0.538,1.856,0.329,1.701,2.073,0.302,0.669,1.923
0.537,1.856,0.329,1.701,2.074,0.302,0.669,1.923
0.537,1.855,0.329,1.701,2.074,0.302,0.669,1.923
0.538,1.856,0.329,1.701,2.073,0.302,0.669,1.923
0.537,1.856,0.329,1.701,2.074,0.302,0.669,1.924
0.538,1.856,0.329,1.702,2.074,0.302,0.669,1.924
0.537,1.856,0.329,1.701,2.074,0.302,0.669,1.923
0.538,1.856,0.329,1.701,2.074,0.302,0.669,1.923
0.538,1.856,0.329,1.701,2.073,0.302,0.669,1.923
0.538,1.855,0.329,1.701,2.073,0.302,0.669,1.923
0.537,1.856,0.329,1.701,2.073,0.302,0.669,1.923
0.538,1.856,0.329,1.701,2.074,0.302,0.669,1.923
0.538,1.855,0.329,1.701,2.073,0.302,0.669,1.923
0.537,1.856,0.329,1.701,2.073,0.302,0.669,1.923
0.537,1.855,0.329,1.701,2.073,0.302,0.669,1.923
0.538,1.855,0.329,1.701,2.073,0.302,0.669,1.923
0.537,1.855,0.329,1.701,2.073,0.302,0.669,1.923
0.537,1.855,0.329,1.701,2.073,0.302,0.669,1.923
0.537,1.855,0.329,1.701,2.073,0.302,0.669,1.923
0.537,1.855,0.329,1.701,2.073,0.302,0.669,1.923
0.537,1.855,0.329,1.701,2.073,0.302,0.669,1.923
0.537,1.855,0.329,1.701,2.073,0.302,0.669,1.923
0.537,1.855,0.329,1.701,2.073,0.302,0.669,1.923
0.538,1.856,0.329,1.701,2.073,0.302,0.669,1.923
0.538,1.855,0.329,1.701,2.073,0.302,0.669,1.923
0.538,1.855,0.329,1.701,2.073,0.302,0.669,1.923
0.538,1.855,0.329,1.701,2.073,0.302,0.669,1.923
0.537,1.855,0.329,1.701,2.073,0.302,0.669,1.923
0.537,1.856,0.329,1.701,2.073,0.302,0.669,1.923
0.538,1.856,0.329,1.701,2.073,0.302,0.669,1.923
0.537,1.855,0.329,1.701,2.073,0.302,0.669,1.923
0.538,1.855,0.329,1.701,2.073,0.302,0.669,1.923
0.537,1.855,0.329,1.701,2.073,0.302,0.669,1.923
0.538,1.856,0.329,1.701,2.073,0.302,0.669,1.923
0.538,1.855,0.329,1.701,2.073,0.302,0.669,1.923
0.537,1.855,0.329,1.701,2.073,0.302,0.669,1.923
0.537,1.855,0.329,1.701,2.073,0.302,0.669,1.923
0.537,1.855,0.329,1.701,2.073,0.302,0.669,1.923
0.537,1.855,0.329,1.701,2.073,0.302,0.669,1.923
0.537,1.855,0.329,1.701,2.072,0.302,0.669,1.923
0.537,1.855,0.329,1.701,2.072,0.302,0.669,1.923
0.537,1.855,0.329,1.701,2.072,0.302,0.669,1.923
0.537,1.855,0.329,1.701,2.072,0.302,0.669,1.923
0.537,1.855,0.329,1.7,2.072,0.302,0.669,1.923
0.537,1.855,0.329,1.7,2.072,0.302,0.669,1.923
0.537,1.855,0.329,1.7,2.072,0.302,0.669,1.923
0.537,1.855,0.329,1.7,2.072,0.302,0.669,1.922
0.537,1.855,0.329,1.7,2.072,0.302,0.669,1.922
0.537,1.855,0.329,1.7,2.072,0.302,0.669,1.922
0.537,1.855,0.329,1.7,2.072,0.302,0.669,1.922
0.537,1.855,0.329,1.7,2.072,0.302,0.669,1.923
0.537,1.855,0.329,1.7,2.072,0.302,0.669,1.923
0.537,1.855,0.329,1.7,2.072,0.302,0.669,1.922
0.537,1.855,0.329,1.7,2.072,0.302,0.669,1.923
0.537,1.855,0.329,1.7,2.072,0.302,0.669,1.923
0.537,1.855,0.329,1.7,2.072,0.302,0.669,1.923
0.537,1.855,0.329,1.7,2.072,0.302,0.669,1.923
0.537,1.855,0.329,1.701,2.072,0.302,0.669,1.923
0.537,1.855,0.329,1.7,2.072,0.302,0.669,1.923
0.537,1.855,0.329,1.7,2.072,0.302,0.669,1.923
0.538,1.855,0.329,1.7,2.072,0.302,0.669,1.923
0.537,1.855,0.329,1.7,2.071,0.302,0.669,1.922
0.537,1.855,0.329,1.7,2.072,0.302,0.669,1.922
0.537,1.855,0.329,1.7,2.072,0.302,0.669,1.922
0.537,1.855,0.329,1.7,2.072,0.302,0.669,1.922
0.537,1.855,0.329,1.7,2.071,0.302,0.669,1.922
0.537,1.855,0.329,1.7,2.071,0.302,0.669,1.922
0.537,1.855,0.329,1.7,2.071,0.302,0.669,1.922
0.537,1.855,0.329,1.7,2.072,0.302,0.669,1.922
0.537,1.855,0.329,1.7,2.071,0.302,0.669,1.922
0.537,1.855,0.329,1.7,2.071,0.302,0.669,1.922
0.537,1.855,0.329,1.7,2.071,0.302,0.669,1.922
0.537,1.854,0.329,1.7,2.072,0.302,0.669,1.922
0.537,1.855,0.329,1.7,2.071,0.302,0.669,1.922
0.537,1.855,0.329,1.7,2.071,0.302,0.669,1.922
0.537,1.855,0.329,1.7,2.071,0.302,0.669,1.922
0.537,1.855,0.329,1.7,2.071,0.302,0.669,1.922
0.537,1.855,0.329,1.7,2.071,0.302,0.669,1.922
0.537,1.854,0.329,1.7,2.071,0.302,0.669,1.922
0.537,1.854,0.329,1.7,2.071,0.302,0.669,1.922
0.537,1.854,0.329,1.7,2.071,0.302,0.668,1.922
0.537,1.855,0.329,1.7,2.071,0.302,0.669,1.922
0.537,1.854,0.329,1.7,2.071,0.302,0.669,1.922
0.537,1.854,0.329,1.699,2.071,0.302,0.669,1.922
0.537,1.854,0.329,1.699,2.07,0.302,0.668,1.921
0.537,1.854,0.329,1.699,2.071,0.302,0.669,1.922
0.537,1.854,0.329,1.699,2.071,0.302,0.668,1.921
0.537,1.854,0.329,1.7,2.071,0.302,0.669,1.921
0.537,1.854,0.329,1.7,2.071,0.302,0.668,1.921
0.537,1.854,0.329,1.699,2.071,0.302,0.669,1.922
0.537,1.854,0.329,1.699,2.071,0.302,0.669,1.922
0.537,1.854,0.329,1.699,2.071,0.302,0.669,1.921
0.537,1.854,0.329,1.699,2.07,0.302,0.669,1.922
0.537,1.855,0.329,1.7,2.071,0.302,0.669,1.922
0.537,1.854,0.329,1.699,2.07,0.302,0.668,1.921
0.537,1.854,0.329,1.699,2.07,0.302,0.668,1.921
0.537,1.854,0.329,1.699,2.07,0.302,0.669,1.921
0.537,1.854,0.329,1.699,2.07,0.302,0.668,1.921
0.537,1.854,0.329,1.699,2.07,0.302,0.669,1.921
0.537,1.854,0.329,1.699,2.07,0.302,0.669,1.921
0.537,1.854,0.329,1.7,2.071,0.302,0.668,1.921
0.537,1.854,0.329,1.699,2.07,0.302,0.669,1.921
0.537,1.854,0.329,1.699,2.07,0.302,0.668,1.921
0.537,1.854,0.329,1.699,2.07,0.302,0.669,1.921
0.537,1.854,0.329,1.699,2.07,0.302,0.668,1.921
0.537,1.854,0.329,1.699,2.07,0.302,0.668,1.921
0.537,1.854,0.329,1.699,2.07,0.301,0.669,1.921
0.537,1.854,0.329,1.699,2.07,0.302,0.668,1.921
0.537,1.854,0.329,1.699,2.07,0.301,0.668,1.921
0.537,1.854,0.329,1.699,2.07,0.302,0.669,1.921
0.537,1.854,0.329,1.699,2.07,0.302,0.668,1.921
0.537,1.854,0.329,1.699,2.07,0.302,0.669,1.921
0.537,1.854,0.329,1.699,2.07,0.302,0.668,1.921
0.537,1.854,0.329,1.699,2.07,0.302,0.668,1.921
0.537,1.854,0.329,1.699,2.07,0.302,0.669,1.921
0.537,1.854,0.329,1.699,2.07,0.302,0.668,1.921
0.537,1.854,0.329,1.699,2.07,0.302,0.668,1.921
0.537,1.854,0.329,1.699,2.07,0.302,0.669,1.921
0.537,1.855,0.329,1.699,2.07,0.302,0.669,1.921
0.537,1.854,0.329,1.699,2.07,0.302,0.669,1.921
0.537,1.854,0.329,1.699,2.07,0.302,0.669,1.921
0.537,1.854,0.329,1.699,2.07,0.302,0.669,1.921
0.537,1.854,0.329,1.699,2.069,0.301,0.668,1.921
0.537,1.854,0.329,1.699,2.07,0.302,0.668,1.921
0.537,1.854,0.329,1.699,2.07,0.302,0.669,1.921
0.537,1.854,0.329,1.699,2.069,0.302,0.669,1.921
0.537,1.854,0.329,1.699,2.069,0.302,0.669,1.921
0.537,1.854,0.329,1.699,2.069,0.302,0.669,1.92
0.537,1.854,0.329,1.699,2.069,0.302,0.668,1.921
0.537,1.854,0.329,1.698,2.069,0.302,0.668,1.92
0.537,1.854,0.329,1.698,2.069,0.301,0.668,1.92
0.537,1.854,0.329,1.698,2.069,0.302,0.668,1.92
0.537,1.854,0.329,1.698,2.069,0.302,0.668,1.92
0.537,1.854,0.329,1.698,2.068,0.302,0.668,1.92
0.537,1.854,0.329,1.698,2.068,0.301,0.668,1.92
0.537,1.854,0.329,1.698,2.068,0.302,0.668,1.92
0.537,1.854,0.329,1.698,2.068,0.301,0.668,1.92
0.537,1.854,0.329,1.698,2.068,0.302,0.668,1.92
0.537,1.854,0.329,1.698,2.068,0.301,0.668,1.92
0.537,1.854,0.329,1.698,2.068,0.302,0.668,1.92
0.537,1.854,0.329,1.698,2.068,0.302,0.668,1.92
0.537,1.853,0.329,1.698,2.068,0.301,0.668,1.92
0.537,1.853,0.329,1.698,2.068,0.302,0.668,1.92
0.537,1.854,0.329,1.698,2.068,0.302,0.668,1.92
0.537,1.854,0.329,1.698,2.068,0.301,0.668,1.92
0.537,1.854,0.329,1.698,2.068,0.301,0.668,1.92
0.537,1.854,0.329,1.698,2.068,0.302,0.668,1.92
0.537,1.854,0.329,1.698,2.068,0.301,0.668,1.92
0.537,1.853,0.329,1.698,2.068,0.301,0.668,1.92
0.537,1.854,0.329,1.698,2.068,0.302,0.668,1.92
0.537,1.853,0.329,1.698,2.068,0.301,0.668,1.92
0.537,1.853,0.329,1.698,2.067,0.301,0.668,1.92
0.537,1.853,0.329,1.698,2.067,0.301,0.668,1.92
0.537,1.853,0.329,1.698,2.067,0.302,0.668,1.92
0.537,1.853,0.329,1.698,2.067,0.301,0.668,1.919
0.537,1.854,0.329,1.698,2.067,0.301,0.668,1.919
0.537,1.853,0.329,1.698,2.067,0.302,0.668,1.92
0.537,1.854,0.329,1.698,2.067,0.301,0.668,1.919
0.537,1.854,0.329,1.698,2.068,0.301,0.668,1.92
0.537,1.854,0.329,1.698,2.068,0.301,0.668,1.92
0.537,1.854,0.329,1.698,2.067,0.301,0.668,1.92
0.537,1.854,0.329,1.698,2.067,0.301,0.668,1.919
0.537,1.854,0.329,1.698,2.067,0.301,0.668,1.919
0.537,1.853,0.329,1.698,2.067,0.301,0.668,1.92
0.537,1.854,0.329,1.698,2.067,0.302,0.668,1.92
0.537,1.854,0.329,1.698,2.067,0.301,0.668,1.919
0.537,1.854,0.329,1.698,2.067,0.302,0.668,1.919
0.537,1.854,0.329,1.698,2.067,0.302,0.668,1.92
0.537,1.854,0.329,1.698,2.067,0.301,0.668,1.92
0.537,1.854,0.329,1.698,2.067,0.301,0.668,1.92
0.537,1.854,0.329,1.698,2.067,0.301,0.668,1.919
0.537,1.854,0.329,1.698,2.067,0.301,0.668,1.92
0.537,1.854,0.329,1.698,2.067,0.301,0.668,1.919
0.537,1.853,0.329,1.698,2.066,0.301,0.668,1.92
0.537,1.854,0.329,1.698,2.067,0.301,0.668,1.92
0.537,1.854,0.329,1.698,2.067,0.301,0.668,1.92
0.537,1.854,0.329,1.698,2.067,0.302,0.668,1.92
0.537,1.854,0.329,1.698,2.067,0.301,0.668,1.92
0.537,1.854,0.329,1.698,2.067,0.301,0.668,1.919
0.537,1.854,0.329,1.698,2.067,0.301,0.668,1.92
0.537,1.854,0.329,1.698,2.066,0.302,0.668,1.92
0.537,1.854,0.329,1.698,2.067,0.301,0.668,1.919
0.537,1.854,0.329,1.698,2.066,0.301,0.668,1.919
0.537,1.854,0.329,1.697,2.066,0.301,0.668,1.919
0.537,1.854,0.329,1.697,2.066,0.301,0.668,1.92
0.537,1.854,0.329,1.697,2.067,0.301,0.668,1.919
0.537,1.854,0.329,1.698,2.066,0.301,0.668,1.919
0.537,1.854,0.329,1.697,2.066,0.301,0.669,1.92
0.537,1.853,0.329,1.697,2.066,0.301,0.668,1.919
0.537,1.853,0.329,1.698,2.066,0.301,0.668,1.919
0.537,1.854,0.329,1.697,2.066,0.302,0.668,1.919
0.537,1.854,0.329,1.698,2.066,0.301,0.668,1.92
0.537,1.854,0.329,1.698,2.066,0.301,0.668,1.919
0.537,1.854,0.329,1.697,2.066,0.301,0.668,1.919
0.537,1.853,0.329,1.697,2.066,0.301,0.668,1.919
0.537,1.853,0.329,1.697,2.066,0.301,0.668,1.919
0.537,1.853,0.329,1.697,2.066,0.301,0.668,1.919
0.537,1.854,0.329,1.698,2.066,0.302,0.668,1.919
0.537,1.853,0.329,1.697,2.066,0.302,0.668,1.919
0.537,1.853,0.329,1.697,2.066,0.302,0.668,1.919
0.537,1.854,0.329,1.697,2.066,0.301,0.668,1.919
0.537,1.853,0.329,1.697,2.066,0.301,0.668,1.919
0.537,1.853,0.329,1.697,2.066,0.301,0.668,1.919
0.537,1.853,0.329,1.697,2.065,0.301,0.668,1.919
0.537,1.853,0.329,1.697,2.065,0.301,0.668,1.919
0.537,1.853,0.329,1.697,2.065,0.301,0.668,1.919
0.537,1.853,0.329,1.697,2.066,0.301,0.668,1.919
0.537,1.853,0.329,1.697,2.066,0.301,0.668,1.919
0.537,1.853,0.329,1.697,2.065,0.301,0.668,1.919
0.537,1.853,0.329,1.697,2.065,0.301,0.668,1.919
0.537,1.853,0.329,1.697,2.065,0.301,0.668,1.919
0.537,1.853,0.329,1.697,2.065,0.301,0.668,1.919
0.537,1.853,0.329,1.697,2.065,0.301,0.668,1.919
0.537,1.853,0.329,1.697,2.065,0.301,0.668,1.918
0.537,1.853,0.329,1.697,2.065,0.301,0.668,1.919
0.537,1.853,0.329,1.697,2.065,0.301,0.668,1.918
0.537,1.853,0.329,1.697,2.065,0.301,0.668,1.918
0.537,1.853,0.329,1.697,2.064,0.301,0.668,1.918
0.537,1.853,0.329,1.697,2.064,0.301,0.668,1.918
0.537,1.853,0.329,1.697,2.064,0.301,0.668,1.918
0.537,1.853,0.329,1.697,2.064,0.301,0.668,1.919
0.537,1.853,0.329,1.697,2.064,0.301,0.668,1.919
0.537,1.853,0.329,1.697,2.064,0.301,0.668,1.918
0.537,1.853,0.329,1.697,2.064,0.301,0.668,1.918
0.537,1.853,0.329,1.696,2.064,0.301,0.668,1.918
0.537,1.853,0.329,1.697,2.064,0.301,0.668,1.918
0.537,1.853,0.329,1.697,2.064,0.301,0.668,1.918
0.537,1.853,0.329,1.697,2.064,0.301,0.668,1.918
0.537,1.853,0.329,1.697,2.064,0.301,0.668,1.918
0.537,1.853,0.329,1.697,2.064,0.301,0.668,1.918
0.537,1.853,0.329,1.696,2.064,0.301,0.668,1.918
0.537,1.853,0.329,1.696,2.064,0.301,0.668,1.919
0.537,1.853,0.329,1.697,2.064,0.301,0.668,1.919
0.537,1.853,0.329,1.697,2.064,0.301,0.668,1.919
0.537,1.853,0.329,1.697,2.064,0.301,0.668,1.919
0.537,1.853,0.329,1.697,2.064,0.301,0.668,1.918
0.537,1.853,0.329,1.697,2.064,0.301,0.668,1.918
0.537,1.853,0.329,1.697,2.064,0.301,0.668,1.919
0.537,1.853,0.329,1.697,2.064,0.301,0.668,1.919
0.537,1.853,0.329,1.697,2.064,0.301,0.668,1.919
0.537,1.853,0.329,1.697,2.064,0.302,0.668,1.919
0.537,1.853,0.329,1.697,2.064,0.301,0.668,1.919
0.537,1.853,0.329,1.697,2.064,0.301,0.668,1.919
0.537,1.853,0.329,1.697,2.064,0.301,0.668,1.919
0.537,1.853,0.329,1.697,2.064,0.301,0.668,1.919
0.537,1.854,0.329,1.697,2.064,0.301,0.668,1.919
0.537,1.853,0.329,1.696,2.064,0.301,0.668,1.919
0.537,1.853,0.329,1.697,2.064,0.301,0.668,1.919
0.537,1.853,0.329,1.697,2.064,0.301,0.668,1.918
0.537,1.853,0.329,1.697,2.064,0.301,0.668,1.918
0.537,1.853,0.329,1.697,2.064,0.301,0.668,1.919
0.537,1.853,0.329,1.697,2.064,0.301,0.668,1.918
0.537,1.853,0.329,1.697,2.064,0.302,0.668,1.919
0.537,1.853,0.329,1.697,2.064,0.301,0.668,1.918
0.537,1.853,0.329,1.697,2.064,0.301,0.668,1.918
0.537,1.853,0.329,1.697,2.064,0.301,0.668,1.919
0.537,1.853,0.329,1.697,2.064,0.301,0.668,1.918
0.537,1.853,0.329,1.697,2.064,0.301,0.668,1.918
0.537,1.853,0.329,1.697,2.064,0.301,0.668,1.918
0.537,1.853,0.329,1.696,2.064,0.301,0.668,1.918
0.537,1.853,0.329,1.697,2.064,0.301,0.668,1.918
0.537,1.853,0.329,1.697,2.064,0.301,0.668,1.919
0.537,1.853,0.329,1.697,2.064,0.301,0.668,1.919
0.537,1.853,0.329,1.697,2.064,0.301,0.668,1.919
0.537,1.853,0.329,1.697,2.064,0.302,0.668,1.918
0.537,1.853,0.329,1.696,2.064,0.301,0.668,1.918
0.537,1.853,0.329,1.696,2.064,0.301,0.668,1.918
0.537,1.853,0.329,1.696,2.064,0.301,0.668,1.918
0.537,1.853,0.329,1.696,2.064,0.301,0.668,1.918
0.537,1.853,0.329,1.697,2.064,0.301,0.668,1.918
0.537,1.853,0.329,1.696,2.064,0.301,0.668,1.918
0.537,1.853,0.329,1.696,2.064,0.302,0.668,1.918
0.537,1.853,0.329,1.696,2.064,0.301,0.668,1.918
0.537,1.853,0.329,1.696,2.064,0.301,0.668,1.918
0.537,1.853,0.329,1.696,2.064,0.301,0.668,1.918
0.537,1.853,0.329,1.696,2.064,0.301,0.668,1.918
0.537,1.853,0.329,1.696,2.064,0.301,0.668,1.918
0.537,1.853,0.329,1.696,2.064,0.301,0.668,1.918
0.537,1.853,0.329,1.696,2.064,0.301,0.668,1.918
0.537,1.853,0.329,1.696,2.064,0.302,0.668,1.918
0.537,1.853,0.329,1.696,2.064,0.301,0.668,1.918
0.537,1.853,0.329,1.696,2.064,0.301,0.668,1.918
0.537,1.853,0.329,1.696,2.064,0.301,0.668,1.918
0.537,1.853,0.329,1.696,2.064,0.301,0.668,1.918
0.537,1.853,0.329,1.696,2.064,0.301,0.668,1.918
0.537,1.853,0.329,1.696,2.064,0.301,0.668,1.918
0.537,1.853,0.329,1.696,2.064,0.301,0.668,1.918
0.537,1.853,0.329,1.696,2.064,0.301,0.668,1.918
0.537,1.853,0.329,1.696,2.064,0.301,0.668,1.918
0.537,1.853,0.329,1.696,2.064,0.301,0.668,1.918
0.537,1.853,0.329,1.696,2.064,0.301,0.668,1.917
0.537,1.853,0.329,1.696,2.064,0.301,0.668,1.918
0.537,1.853,0.329,1.696,2.064,0.301,0.668,1.918
0.537,1.853,0.329,1.696,2.064,0.301,0.668,1.918
0.537,1.853,0.329,1.696,2.064,0.301,0.668,1.918
0.537,1.853,0.329,1.696,2.064,0.301,0.668,1.918
0.537,1.853,0.329,1.696,2.064,0.301,0.668,1.917
0.537,1.853,0.329,1.696,2.064,0.301,0.668,1.917
0.537,1.852,0.329,1.696,2.064,0.301,0.668,1.918
0.537,1.852,0.329,1.696,2.064,0.301,0.668,1.918
0.537,1.852,0.329,1.696,2.064,0.301,0.668,1.918
0.537,1.853,0.329,1.696,2.064,0.301,0.668,1.917
0.537,1.853,0.329,1.696,2.064,0.301,0.668,1.918
0.537,1.852,0.329,1.695,2.064,0.301,0.668,1.917
0.537,1.852,0.329,1.695,2.064,0.301,0.668,1.917
0.537,1.852,0.329,1.695,2.064,0.301,0.668,1.917
0.537,1.853,0.329,1.696,2.064,0.301,0.668,1.917
0.537,1.852,0.329,1.696,2.064,0.301,0.668,1.917
0.537,1.852,0.329,1.696,2.064,0.301,0.668,1.917
0.537,1.852,0.329,1.695,2.064,0.301,0.668,1.917
0.537,1.853,0.329,1.696,2.064,0.301,0.668,1.917
0.537,1.853,0.329,1.696,2.064,0.301,0.668,1.917
0.537,1.853,0.329,1.696,2.064,0.301,0.668,1.917
0.537,1.853,0.329,1.696,2.064,0.301,0.668,1.917
0.537,1.853,0.329,1.696,2.064,0.301,0.668,1.917
0.537,1.853,0.329,1.696,2.064,0.301,0.668,1.917
0.537,1.853,0.329,1.696,2.064,0.301,0.668,1.917
0.537,1.853,0.329,1.696,2.064,0.301,0.668,1.917
0.537,1.852,0.329,1.695,2.064,0.301,0.668,1.917
0.537,1.853,0.329,1.696,2.064,0.301,0.668,1.917
0.537,1.852,0.329,1.695,2.064,0.301,0.668,1.917
0.537,1.853,0.329,1.695,2.064,0.301,0.668,1.917
0.537,1.852,0.329,1.695,2.064,0.301,0.668,1.917
0.536,1.852,0.329,1.695,2.064,0.301,0.668,1.917
0.537,1.853,0.329,1.695,2.064,0.301,0.668,1.917
0.537,1.853,0.329,1.695,2.064,0.301,0.668,1.917
0.537,1.853,0.329,1.695,2.064,0.301,0.668,1.916
0.537,1.853,0.329,1.695,2.064,0.301,0.668,1.917
0.537,1.853,0.329,1.695,2.064,0.301,0.668,1.916
0.537,1.853,0.329,1.695,2.064,0.301,0.668,1.917
0.537,1.853,0.329,1.695,2.064,0.301,0.668,1.916
0.537,1.853,0.329,1.695,2.064,0.301,0.668,1.917
0.537,1.853,0.329,1.695,2.064,0.301,0.668,1.916
0.537,1.853,0.329,1.695,2.064,0.301,0.668,1.916
0.537,1.852,0.329,1.695,2.064,0.301,0.668,1.916
0.537,1.852,0.329,1.695,2.064,0.301,0.668,1.916
0.537,1.853,0.329,1.695,2.063,0.301,0.668,1.916
0.537,1.852,0.328,1.695,2.063,0.301,0.668,1.916
0.537,1.852,0.329,1.695,2.064,0.301,0.668,1.916
0.537,1.852,0.329,1.695,2.064,0.301,0.668,1.916
0.537,1.852,0.329,1.695,2.064,0.301,0.668,1.916
0.537,1.852,0.329,1.695,2.064,0.301,0.668,1.916
0.536,1.852,0.329,1.695,2.064,0.301,0.668,1.916
0.537,1.852,0.329,1.695,2.064,0.301,0.668,1.916
0.536,1.852,0.329,1.695,2.063,0.301,0.668,1.916
0.536,1.852,0.329,1.695,2.063,0.301,0.668,1.916
0.537,1.852,0.329,1.695,2.064,0.301,0.668,1.916
0.536,1.852,0.328,1.695,2.063,0.301,0.668,1.916
0.536,1.852,0.328,1.695,2.064,0.301,0.668,1.916
0.536,1.852,0.328,1.695,2.063,0.301,0.668,1.916
0.537,1.852,0.329,1.695,2.064,0.301,0.668,1.916
0.537,1.852,0.329,1.695,2.064,0.301,0.668,1.916
0.537,1.852,0.329,1.695,2.064,0.301,0.668,1.916
0.537,1.852,0.329,1.695,2.064,0.301,0.668,1.916
0.536,1.852,0.329,1.695,2.063,0.301,0.668,1.916
0.536,1.852,0.328,1.695,2.063,0.301,0.668,1.916
0.536,1.852,0.329,1.695,2.063,0.301,0.668,1.916
0.537,1.852,0.328,1.695,2.063,0.301,0.668,1.916
0.537,1.852,0.329,1.695,2.063,0.301,0.668,1.916
0.536,1.852,0.329,1.695,2.063,0.301,0.668,1.916
0.537,1.852,0.328,1.695,2.063,0.301,0.668,1.916
0.537,1.852,0.328,1.694,2.063,0.301,0.668,1.915
0.536,1.852,0.329,1.695,2.063,0.301,0.668,1.915
0.537,1.852,0.328,1.695,2.064,0.301,0.668,1.915
0.536,1.852,0.328,1.695,2.063,0.301,0.668,1.915
0.536,1.852,0.328,1.695,2.063,0.301,0.668,1.916
0.536,1.852,0.328,1.695,2.063,0.301,0.668,1.916
0.536,1.852,0.329,1.695,2.063,0.301,0.668,1.915
0.537,1.852,0.328,1.695,2.063,0.301,0.668,1.915
0.537,1.852,0.329,1.694,2.063,0.301,0.668,1.915
0.537,1.852,0.329,1.695,2.063,0.301,0.668,1.916
0.537,1.852,0.328,1.695,2.064,0.301,0.668,1.916
0.537,1.852,0.329,1.695,2.064,0.301,0.668,1.916
0.537,1.852,0.329,1.695,2.064,0.301,0.668,1.916
0.537,1.852,0.329,1.695,2.064,0.301,0.668,1.916
0.537,1.852,0.329,1.695,2.064,0.301,0.668,1.916
0.537,1.852,0.328,1.695,2.064,0.301,0.668,1.916
0.537,1.852,0.329,1.695,2.064,0.301,0.668,1.916
0.537,1.852,0.328,1.695,2.063,0.301,0.668,1.916
0.537,1.852,0.328,1.695,2.064,0.301,0.668,1.916
0.537,1.852,0.328,1.695,2.064,0.301,0.668,1.916
0.537,1.852,0.329,1.695,2.064,0.301,0.668,1.916
0.537,1.852,0.328,1.695,2.064,0.301,0.668,1.916
0.537,1.852,0.329,1.695,2.064,0.301,0.668,1.916
0.537,1.852,0.329,1.695,2.064,0.301,0.668,1.916
0.537,1.852,0.329,1.695,2.063,0.301,0.668,1.916
0.537,1.852,0.329,1.695,2.063,0.301,0.668,1.916
0.537,1.852,0.329,1.695,2.064,0.301,0.668,1.915
0.536,1.852,0.329,1.695,2.064,0.301,0.668,1.916
0.537,1.852,0.329,1.695,2.064,0.301,0.668,1.916
0.536,1.852,0.329,1.695,2.063,0.301,0.668,1.915
0.537,1.852,0.329,1.695,2.063,0.301,0.668,1.916
0.537,1.852,0.329,1.694,2.063,0.301,0.668,1.915
0.536,1.852,0.329,1.694,2.063,0.301,0.668,1.915
0.536,1.852,0.329,1.694,2.063,0.301,0.668,1.916
0.536,1.852,0.329,1.694,2.063,0.301,0.668,1.916
0.537,1.852,0.329,1.695,2.063,0.301,0.668,1.915
0.536,1.852,0.329,1.694,2.063,0.301,0.668,1.915
0.536,1.852,0.328,1.695,2.063,0.301,0.668,1.916
0.537,1.853,0.328,1.695,2.063,0.301,0.668,1.916
0.537,1.853,0.329,1.695,2.063,0.301,0.668,1.916
0.537,1.853,0.328,1.695,2.063,0.301,0.668,1.915
0.537,1.853,0.329,1.695,2.063,0.301,0.668,1.915
0.537,1.852,0.329,1.694,2.063,0.301,0.668,1.915
0.537,1.852,0.329,1.694,2.062,0.301,0.668,1.915
0.537,1.852,0.329,1.694,2.062,0.301,0.668,1.915
0.537,1.853,0.329,1.695,2.062,0.301,0.668,1.915
0.537,1.852,0.328,1.694,2.062,0.301,0.668,1.915
0.536,1.852,0.329,1.694,2.062,0.301,0.668,1.915
0.537,1.852,0.329,1.694,2.062,0.301,0.668,1.916
0.537,1.853,0.329,1.695,2.063,0.301,0.668,1.916
0.537,1.853,0.329,1.695,2.063,0.301,0.668,1.916
0.537,1.853,0.329,1.695,2.063,0.301,0.668,1.916
0.537,1.853,0.329,1.695,2.062,0.301,0.668,1.916
0.537,1.853,0.329,1.695,2.062,0.301,0.668,1.916
0.537,1.853,0.329,1.695,2.062,0.301,0.669,1.916
0.537,1.853,0.329,1.695,2.062,0.301,0.668,1.916
0.537,1.853,0.329,1.695,2.061,0.301,0.668,1.916
0.537,1.853,0.329,1.695,2.062,0.301,0.668,1.916
0.537,1.853,0.329,1.695,2.062,0.302,0.669,1.916
0.537,1.853,0.329,1.695,2.062,0.301,0.668,1.916
0.537,1.853,0.329,1.695,2.061,0.301,0.668,1.916
0.537,1.853,0.329,1.695,2.061,0.301,0.668,1.916
0.537,1.853,0.329,1.695,2.061,0.301,0.668,1.916
0.537,1.853,0.329,1.694,2.061,0.301,0.668,1.916
0.537,1.852,0.329,1.694,2.061,0.301,0.668,1.915
0.537,1.852,0.328,1.695,2.061,0.301,0.668,1.916
0.537,1.852,0.328,1.694,2.06,0.301,0.668,1.915
0.537,1.852,0.328,1.694,2.06,0.301,0.668,1.915
0.537,1.852,0.329,1.694,2.06,0.301,0.668,1.915
0.537,1.852,0.329,1.694,2.06,0.301,0.668,1.915
0.537,1.852,0.329,1.694,2.06,0.301,0.668,1.915
0.537,1.852,0.329,1.694,2.06,0.301,0.668,1.915
0.537,1.852,0.329,1.694,2.06,0.301,0.668,1.915
0.537,1.852,0.329,1.694,2.06,0.301,0.668,1.915
0.537,1.852,0.329,1.694,2.059,0.301,0.668,1.915
0.537,1.852,0.329,1.694,2.06,0.301,0.668,1.915
0.537,1.852,0.329,1.694,2.059,0.301,0.668,1.915
0.537,1.852,0.328,1.694,2.06,0.301,0.668,1.915
0.537,1.852,0.329,1.694,2.059,0.301,0.668,1.915
0.537,1.852,0.329,1.694,2.059,0.301,0.668,1.916
0.537,1.853,0.329,1.695,2.059,0.301,0.668,1.915
0.537,1.853,0.329,1.695,2.059,0.301,0.668,1.915
0.537,1.853,0.328,1.694,2.059,0.301,0.668,1.915
0.537,1.852,0.328,1.694,2.059,0.301,0.668,1.915
0.537,1.852,0.328,1.694,2.059,0.301,0.668,1.915
0.537,1.852,0.329,1.694,2.059,0.301,0.668,1.915
0.537,1.852,0.328,1.694,2.059,0.301,0.668,1.915
0.537,1.852,0.328,1.694,2.059,0.301,0.668,1.915
0.537,1.852,0.328,1.694,2.059,0.301,0.668,1.915
0.537,1.852,0.329,1.694,2.058,0.302,0.668,1.915
0.537,1.852,0.329,1.694,2.058,0.301,0.668,1.915
0.537,1.852,0.329,1.694,2.058,0.302,0.668,1.915
0.537,1.852,0.329,1.694,2.058,0.301,0.668,1.915
0.537,1.852,0.328,1.694,2.058,0.301,0.668,1.915
0.537,1.852,0.328,1.694,2.058,0.301,0.668,1.915
0.537,1.852,0.328,1.694,2.058,0.302,0.668,1.915
0.537,1.852,0.329,1.694,2.058,0.301,0.668,1.915
0.537,1.852,0.328,1.694,2.057,0.301,0.668,1.915
0.537,1.852,0.329,1.694,2.057,0.301,0.668,1.915
0.537,1.852,0.328,1.694,2.057,0.301,0.668,1.914
0.537,1.852,0.328,1.694,2.057,0.301,0.668,1.915
0.537,1.852,0.328,1.694,2.057,0.301,0.668,1.915
0.537,1.852,0.328,1.694,2.057,0.301,0.668,1.915
0.537,1.852,0.328,1.694,2.057,0.301,0.668,1.914
0.537,1.852,0.328,1.694,2.057,0.301,0.668,1.915
0.537,1.852,0.328,1.694,2.057,0.301,0.668,1.915
0.537,1.852,0.328,1.694,2.057,0.301,0.668,1.915
0.537,1.852,0.328,1.694,2.057,0.302,0.668,1.914
0.537,1.852,0.328,1.694,2.056,0.301,0.668,1.915
0.537,1.852,0.328,1.694,2.056,0.301,0.668,1.914
0.537,1.852,0.328,1.694,2.056,0.301,0.668,1.914
0.537,1.852,0.328,1.694,2.056,0.301,0.668,1.915
0.537,1.852,0.328,1.694,2.056,0.302,0.668,1.914
0.537,1.851,0.328,1.693,2.056,0.301,0.668,1.914
0.537,1.851,0.328,1.694,2.056,0.301,0.668,1.914
0.537,1.851,0.328,1.693,2.056,0.301,0.668,1.914
0.537,1.852,0.329,1.694,2.056,0.302,0.668,1.914
0.537,1.852,0.328,1.694,2.056,0.301,0.668,1.915
0.537,1.852,0.328,1.694,2.056,0.301,0.668,1.914
0.537,1.852,0.328,1.694,2.056,0.301,0.668,1.915
0.537,1.852,0.329,1.694,2.056,0.301,0.668,1.915
0.537,1.852,0.329,1.694,2.056,0.301,0.668,1.914
0.537,1.852,0.328,1.694,2.056,0.301,0.668,1.914
0.537,1.852,0.328,1.694,2.056,0.301,0.668,1.915
0.537,1.852,0.328,1.694,2.056,0.302,0.668,1.915
0.537,1.852,0.329,1.694,2.056,0.302,0.668,1.915
0.537,1.852,0.328,1.694,2.056,0.301,0.668,1.915
0.537,1.853,0.329,1.694,2.056,0.301,0.669,1.915
0.537,1.853,0.329,1.694,2.056,0.301,0.669,1.915
0.537,1.853,0.329,1.694,2.056,0.302,0.668,1.915
0.537,1.853,0.329,1.694,2.056,0.301,0.669,1.915
0.537,1.853,0.329,1.694,2.056,0.302,0.669,1.915
0.537,1.852,0.328,1.694,2.056,0.302,0.668,1.915
0.537,1.853,0.329,1.694,2.056,0.301,0.669,1.915
0.537,1.853,0.329,1.694,2.055,0.301,0.669,1.915
0.537,1.853,0.329,1.694,2.056,0.302,0.669,1.915
0.537,1.853,0.329,1.694,2.055,0.301,0.668,1.915
0.537,1.853,0.329,1.694,2.055,0.302,0.668,1.915
0.537,1.852,0.329,1.694,2.055,0.302,0.668,1.915
0.537,1.853,0.329,1.694,2.055,0.302,0.669,1.915
0.537,1.853,0.329,1.694,2.055,0.301,0.669,1.915
0.537,1.853,0.329,1.694,2.055,0.301,0.669,1.915
0.537,1.853,0.329,1.694,2.055,0.301,0.669,1.915
0.537,1.853,0.329,1.694,2.055,0.302,0.669,1.915
0.537,1.853,0.328,1.694,2.055,0.302,0.668,1.915
0.537,1.852,0.328,1.694,2.054,0.302,0.669,1.914
0.537,1.852,0.328,1.694,2.054,0.301,0.669,1.914
0.537,1.852,0.328,1.694,2.054,0.301,0.668,1.915
0.537,1.852,0.328,1.694,2.054,0.302,0.669,1.915
0.537,1.852,0.328,1.694,2.054,0.301,0.668,1.914
0.537,1.852,0.328,1.694,2.054,0.302,0.669,1.914
0.537,1.852,0.328,1.694,2.054,0.301,0.668,1.914
0.537,1.852,0.328,1.693,2.053,0.301,0.668,1.914
0.537,1.852,0.328,1.693,2.053,0.302,0.669,1.914
0.537,1.852,0.328,1.694,2.054,0.302,0.668,1.914
0.537,1.852,0.328,1.694,2.054,0.302,0.669,1.915
0.537,1.853,0.328,1.694,2.054,0.302,0.669,1.915
0.537,1.853,0.329,1.694,2.054,0.302,0.669,1.915
0.537,1.853,0.329,1.694,2.054,0.302,0.669,1.915
0.537,1.853,0.328,1.694,2.054,0.302,0.669,1.915
0.537,1.853,0.328,1.695,2.054,0.302,0.669,1.915
0.537,1.853,0.329,1.694,2.053,0.302,0.669,1.914
0.537,1.852,0.328,1.694,2.053,0.301,0.669,1.914
0.537,1.852,0.329,1.694,2.053,0.301,0.669,1.914
0.537,1.852,0.328,1.694,2.052,0.302,0.669,1.915
0.537,1.853,0.329,1.694,2.053,0.302,0.669,1.914
0.537,1.853,0.328,1.694,2.053,0.302,0.669,1.915
0.537,1.853,0.328,1.694,2.053,0.302,0.669,1.915
0.537,1.853,0.329,1.694,2.053,0.302,0.669,1.915
0.537,1.853,0.328,1.694,2.053,0.302,0.669,1.915
0.537,1.853,0.329,1.694,2.053,0.302,0.669,1.915
0.537,1.853,0.328,1.694,2.053,0.302,0.669,1.914
0.537,1.852,0.328,1.694,2.053,0.302,0.669,1.915
0.537,1.852,0.328,1.694,2.053,0.302,0.669,1.914
0.537,1.852,0.328,1.694,2.053,0.302,0.669,1.915
0.537,1.853,0.329,1.694,2.053,0.302,0.669,1.914
0.537,1.853,0.328,1.694,2.052,0.302,0.669,1.915
0.537,1.852,0.329,1.694,2.053,0.302,0.669,1.915
0.537,1.852,0.329,1.694,2.053,0.302,0.669,1.915
0.537,1.853,0.328,1.694,2.053,0.302,0.669,1.914
0.537,1.853,0.329,1.694,2.053,0.302,0.669,1.915
0.537,1.852,0.329,1.694,2.052,0.302,0.669,1.914
0.537,1.852,0.328,1.694,2.052,0.302,0.669,1.914
0.537,1.852,0.328,1.694,2.052,0.302,0.669,1.914
0.537,1.852,0.328,1.694,2.052,0.302,0.669,1.914
0.537,1.853,0.329,1.694,2.053,0.302,0.669,1.915
0.537,1.853,0.328,1.694,2.052,0.302,0.669,1.915
0.537,1.853,0.328,1.694,2.052,0.302,0.669,1.915
0.537,1.853,0.328,1.694,2.052,0.302,0.669,1.915
0.537,1.852,0.329,1.694,2.052,0.302,0.669,1.914
0.537,1.853,0.328,1.694,2.052,0.302,0.669,1.914
0.537,1.853,0.329,1.694,2.052,0.302,0.669,1.915
0.537,1.852,0.328,1.694,2.052,0.302,0.669,1.914
0.537,1.852,0.328,1.694,2.052,0.302,0.669,1.914
0.537,1.852,0.328,1.694,2.052,0.302,0.669,1.914
0.537,1.852,0.328,1.694,2.052,0.302,0.669,1.914
0.537,1.852,0.328,1.694,2.052,0.302,0.669,1.915
0.537,1.852,0.328,1.694,2.052,0.302,0.669,1.915
0.537,1.852,0.328,1.694,2.052,0.302,0.669,1.914
0.537,1.852,0.328,1.694,2.052,0.301,0.667,1.909
0.538,1.854,0.329,1.695,2.053,0.302,0.669,1.914
0.538,1.855,0.329,1.697,2.055,0.302,0.67,1.918
0.538,1.854,0.328,1.695,2.054,0.302,0.67,1.917
0.537,1.851,0.328,1.693,2.052,0.302,0.669,1.915
0.536,1.847,0.327,1.689,2.047,0.301,0.667,1.911
0.537,1.849,0.328,1.69,2.047,0.301,0.667,1.909
0.538,1.854,0.329,1.695,2.053,0.302,0.669,1.914
0.538,1.855,0.329,1.697,2.056,0.302,0.67,1.918
0.538,1.854,0.329,1.696,2.054,0.302,0.67,1.917
0.537,1.851,0.328,1.694,2.052,0.302,0.669,1.915
0.536,1.848,0.328,1.69,2.048,0.301,0.668,1.911
0.537,1.849,0.328,1.69,2.047,0.301,0.667,1.909
0.538,1.854,0.329,1.695,2.053,0.302,0.669,1.913
0.538,1.855,0.329,1.697,2.055,0.302,0.67,1.917
0.538,1.853,0.329,1.695,2.054,0.302,0.669,1.916
0.537,1.851,0.328,1.693,2.052,0.302,0.669,1.915
0.536,1.847,0.327,1.689,2.047,0.301,0.668,1.911
0.536,1.848,0.328,1.689,2.047,0.301,0.667,1.908
0.538,1.853,0.329,1.694,2.052,0.302,0.669,1.913
0.538,1.855,0.329,1.696,2.055,0.302,0.67,1.917
0.538,1.853,0.328,1.695,2.054,0.302,0.67,1.916
0.537,1.851,0.328,1.693,2.052,0.302,0.669,1.915
0.536,1.847,0.327,1.689,2.048,0.301,0.668,1.911
0.536,1.848,0.327,1.689,2.047,0.301,0.667,1.908
0.538,1.853,0.328,1.694,2.053,0.302,0.669,1.912
0.538,1.854,0.329,1.696,2.056,0.302,0.67,1.917
0.538,1.853,0.328,1.695,2.055,0.302,0.67,1.916
0.537,1.851,0.328,1.693,2.053,0.302,0.669,1.915
0.536,1.847,0.327,1.689,2.049,0.301,0.668,1.911
0.536,1.847,0.327,1.689,2.047,0.301,0.667,1.908
0.538,1.853,0.328,1.694,2.053,0.302,0.669,1.912
0.538,1.855,0.329,1.696,2.057,0.302,0.67,1.917
0.538,1.853,0.329,1.695,2.055,0.302,0.67,1.917
0.537,1.851,0.328,1.694,2.054,0.302,0.669,1.915
0.536,1.847,0.327,1.69,2.049,0.301,0.668,1.912
0.536,1.848,0.328,1.689,2.048,0.301,0.667,1.909
0.538,1.853,0.329,1.694,2.053,0.302,0.669,1.912
0.538,1.855,0.329,1.696,2.056,0.302,0.67,1.917
0.538,1.853,0.329,1.695,2.055,0.302,0.67,1.916
0.537,1.851,0.328,1.693,2.053,0.302,0.669,1.915
0.536,1.847,0.327,1.69,2.049,0.301,0.668,1.911
0.536,1.847,0.327,1.688,2.047,0.301,0.667,1.908
0.538,1.852,0.328,1.693,2.052,0.302,0.668,1.912
0.538,1.855,0.329,1.696,2.056,0.302,0.67,1.917
0.538,1.853,0.329,1.695,2.055,0.302,0.67,1.916
0.537,1.851,0.328,1.693,2.053,0.302,0.669,1.915
0.536,1.847,0.328,1.69,2.049,0.301,0.668,1.912
0.536,1.847,0.327,1.689,2.047,0.301,0.667,1.908
0.538,1.853,0.328,1.693,2.052,0.302,0.668,1.912
0.538,1.855,0.329,1.696,2.056,0.302,0.67,1.916
0.538,1.853,0.328,1.695,2.055,0.302,0.67,1.916
0.537,1.851,0.328,1.693,2.053,0.302,0.669,1.915
0.536,1.847,0.328,1.69,2.049,0.301,0.668,1.911
0.536,1.847,0.327,1.688,2.047,0.301,0.667,1.908
0.538,1.852,0.328,1.693,2.052,0.301,0.668,1.911
0.538,1.855,0.329,1.696,2.056,0.302,0.67,1.916
0.538,1.853,0.329,1.694,2.054,0.302,0.67,1.916
0.537,1.851,0.328,1.693,2.053,0.302,0.669,1.914
0.536,1.847,0.327,1.689,2.049,0.301,0.668,1.911
0.536,1.847,0.327,1.688,2.046,0.301,0.667,1.908
0.537,1.851,0.328,1.693,2.053,0.302,0.669,1.913
