S1_A03,S2_A03,S3_A03,S4_A03,S5_A03,S6_A03,S7_A03,S8_A03
0.518,1.89,0.328,1.655,1.663,0.305,0.664,1.739
0.518,1.89,0.328,1.655,1.663,0.306,0.664,1.739
0.518,1.89,0.328,1.655,1.663,0.306,0.664,1.739
0.518,1.89,0.328,1.655,1.663,0.306,0.664,1.739
0.518,1.89,0.328,1.655,1.663,0.306,0.664,1.739
0.519,1.89,0.328,1.655,1.663,0.306,0.664,1.739
0.518,1.89,0.328,1.655,1.663,0.306,0.664,1.739
0.518,1.89,0.328,1.655,1.663,0.306,0.663,1.739
0.518,1.89,0.328,1.655,1.663,0.305,0.663,1.739
0.518,1.89,0.328,1.655,1.663,0.305,0.663,1.739
0.518,1.89,0.329,1.655,1.663,0.306,0.663,1.739
0.518,1.89,0.328,1.655,1.663,0.306,0.664,1.739
0.518,1.891,0.328,1.656,1.663,0.306,0.664,1.739
0.518,1.89,0.328,1.656,1.663,0.305,0.663,1.739
0.518,1.89,0.329,1.656,1.663,0.306,0.664,1.739
0.518,1.89,0.328,1.656,1.663,0.306,0.664,1.739
0.518,1.89,0.328,1.656,1.663,0.306,0.664,1.739
0.518,1.89,0.329,1.656,1.663,0.306,0.664,1.739
0.518,1.89,0.329,1.656,1.663,0.305,0.664,1.739
0.518,1.89,0.329,1.656,1.663,0.306,0.663,1.739
0.518,1.89,0.328,1.656,1.663,0.306,0.663,1.739
0.518,1.89,0.328,1.656,1.663,0.305,0.663,1.739
0.518,1.89,0.328,1.656,1.663,0.305,0.663,1.739
0.518,1.89,0.329,1.656,1.663,0.306,0.664,1.739
0.519,1.89,0.328,1.656,1.663,0.306,0.664,1.739
0.518,1.89,0.328,1.656,1.663,0.305,0.663,1.739
0.518,1.89,0.328,1.656,1.663,0.305,0.663,1.739
0.518,1.89,0.328,1.656,1.663,0.306,0.663,1.739
0.518,1.89,0.328,1.656,1.663,0.306,0.664,1.739
0.518,1.89,0.328,1.657,1.663,0.305,0.664,1.739
0.519,1.89,0.328,1.657,1.663,0.306,0.663,1.739
0.519,1.89,0.328,1.657,1.663,0.306,0.664,1.739
0.518,1.89,0.328,1.657,1.663,0.305,0.663,1.739
0.518,1.89,0.328,1.656,1.663,0.305,0.663,1.739
0.518,1.89,0.328,1.657,1.663,0.306,0.663,1.739
0.518,1.89,0.328,1.657,1.663,0.306,0.663,1.739
0.518,1.89,0.328,1.657,1.663,0.306,0.663,1.739
0.518,1.89,0.328,1.657,1.663,0.305,0.663,1.739
0.518,1.89,0.328,1.657,1.663,0.305,0.663,1.739
0.518,1.89,0.328,1.657,1.663,0.306,0.663,1.739
0.518,1.89,0.328,1.657,1.663,0.305,0.663,1.739
0.518,1.89,0.328,1.657,1.663,0.305,0.663,1.739
0.518,1.89,0.328,1.657,1.663,0.305,0.664,1.739
0.518,1.89,0.328,1.657,1.663,0.305,0.663,1.739
0.518,1.89,0.328,1.657,1.663,0.305,0.663,1.739
0.518,1.89,0.328,1.657,1.663,0.305,0.663,1.739
0.519,1.89,0.328,1.658,1.663,0.306,0.664,1.739
0.519,1.89,0.328,1.658,1.663,0.306,0.663,1.74
0.519,1.89,0.328,1.658,1.663,0.305,0.663,1.74
0.519,1.89,0.328,1.658,1.663,0.305,0.663,1.74
0.519,1.89,0.328,1.658,1.663,0.306,0.663,1.74
0.518,1.89,0.328,1.658,1.663,0.306,0.663,1.74
0.518,1.89,0.328,1.658,1.663,0.305,0.663,1.74
0.519,1.89,0.328,1.658,1.663,0.305,0.663,1.74
0.518,1.89,0.328,1.658,1.663,0.305,0.663,1.739
0.519,1.89,0.328,1.658,1.663,0.305,0.663,1.74
0.518,1.89,0.328,1.658,1.663,0.306,0.663,1.739
0.519,1.89,0.328,1.658,1.663,0.305,0.663,1.739
0.518,1.89,0.328,1.658,1.663,0.305,0.663,1.74
0.519,1.89,0.328,1.658,1.663,0.306,0.663,1.74
0.519,1.89,0.328,1.658,1.663,0.305,0.663,1.74
0.519,1.89,0.328,1.659,1.663,0.305,0.663,1.74
0.519,1.89,0.328,1.658,1.663,0.305,0.663,1.74
0.519,1.89,0.328,1.659,1.663,0.305,0.663,1.74
0.519,1.89,0.328,1.659,1.663,0.305,0.663,1.74
0.519,1.89,0.328,1.659,1.663,0.306,0.663,1.74
0.519,1.89,0.328,1.659,1.663,0.306,0.663,1.74
0.519,1.89,0.328,1.659,1.663,0.305,0.663,1.739
0.518,1.89,0.328,1.659,1.663,0.305,0.663,1.74
0.519,1.89,0.328,1.659,1.663,0.306,0.663,1.74
0.519,1.89,0.328,1.659,1.663,0.305,0.663,1.74
0.519,1.89,0.328,1.659,1.663,0.305,0.663,1.74
0.518,1.89,0.328,1.659,1.663,0.305,0.663,1.74
0.519,1.89,0.328,1.659,1.663,0.305,0.663,1.74
0.519,1.89,0.328,1.659,1.663,0.305,0.663,1.74
0.519,1.89,0.328,1.659,1.663,0.305,0.663,1.74
0.518,1.89,0.328,1.659,1.663,0.305,0.663,1.74
0.519,1.889,0.328,1.659,1.663,0.305,0.663,1.74
0.519,1.889,0.328,1.659,1.663,0.305,0.663,1.74
0.519,1.889,0.328,1.659,1.663,0.305,0.663,1.74
0.518,1.889,0.328,1.659,1.663,0.305,0.663,1.74
0.519,1.889,0.328,1.659,1.663,0.305,0.663,1.74
0.518,1.889,0.328,1.659,1.663,0.305,0.663,1.74
0.518,1.889,0.328,1.659,1.663,0.305,0.663,1.74
0.518,1.889,0.328,1.659,1.663,0.305,0.663,1.74
0.519,1.889,0.328,1.659,1.663,0.305,0.663,1.74
0.519,1.889,0.328,1.659,1.663,0.305,0.663,1.74
0.519,1.889,0.328,1.659,1.663,0.305,0.663,1.74
0.519,1.889,0.328,1.659,1.663,0.305,0.663,1.74
0.519,1.889,0.328,1.66,1.663,0.305,0.663,1.74
0.519,1.889,0.328,1.66,1.663,0.305,0.663,1.74
0.518,1.889,0.328,1.66,1.663,0.305,0.663,1.74
0.519,1.889,0.328,1.66,1.663,0.305,0.663,1.74
0.519,1.889,0.328,1.66,1.663,0.305,0.663,1.74
0.519,1.889,0.328,1.66,1.663,0.305,0.663,1.74
0.519,1.889,0.328,1.66,1.663,0.305,0.663,1.74
0.519,1.889,0.328,1.66,1.663,0.305,0.663,1.74
0.519,1.889,0.328,1.66,1.663,0.305,0.663,1.74
0.518,1.889,0.328,1.66,1.663,0.305,0.663,1.74
0.519,1.889,0.328,1.66,1.663,0.305,0.663,1.74
0.519,1.889,0.328,1.66,1.663,0.305,0.663,1.74
0.519,1.889,0.328,1.661,1.663,0.305,0.663,1.74
0.519,1.889,0.328,1.66,1.663,0.305,0.663,1.74
0.519,1.889,0.328,1.66,1.663,0.305,0.663,1.74
0.519,1.889,0.328,1.66,1.663,0.305,0.663,1.74
0.519,1.889,0.328,1.661,1.663,0.305,0.663,1.74
0.519,1.889,0.328,1.661,1.663,0.305,0.663,1.74
0.519,1.889,0.328,1.661,1.663,0.305,0.663,1.74
0.519,1.889,0.328,1.661,1.663,0.305,0.663,1.74
0.519,1.889,0.328,1.661,1.663,0.305,0.663,1.74
0.519,1.889,0.328,1.661,1.663,0.305,0.663,1.74
0.519,1.889,0.328,1.661,1.663,0.305,0.663,1.74
0.519,1.889,0.328,1.661,1.663,0.305,0.663,1.74
0.519,1.889,0.328,1.661,1.663,0.305,0.663,1.74
0.519,1.889,0.328,1.661,1.663,0.305,0.663,1.74
0.519,1.889,0.328,1.661,1.663,0.305,0.663,1.74
0.519,1.889,0.328,1.661,1.663,0.305,0.663,1.74
0.519,1.889,0.328,1.661,1.663,0.305,0.663,1.74
0.519,1.889,0.328,1.661,1.663,0.305,0.663,1.74
0.519,1.889,0.328,1.661,1.663,0.305,0.663,1.74
0.519,1.889,0.328,1.661,1.663,0.305,0.663,1.74
0.519,1.889,0.328,1.661,1.663,0.305,0.663,1.74
0.519,1.889,0.328,1.661,1.663,0.305,0.663,1.74
0.519,1.889,0.328,1.661,1.663,0.305,0.663,1.74
0.519,1.889,0.328,1.661,1.663,0.305,0.663,1.74
0.519,1.889,0.328,1.661,1.663,0.305,0.663,1.74
0.519,1.889,0.328,1.661,1.663,0.305,0.663,1.74
0.519,1.889,0.328,1.661,1.663,0.305,0.663,1.74
0.519,1.889,0.328,1.661,1.663,0.305,0.663,1.74
0.519,1.889,0.328,1.662,1.663,0.305,0.663,1.74
0.519,1.889,0.328,1.662,1.663,0.305,0.663,1.74
0.519,1.889,0.328,1.662,1.663,0.305,0.663,1.74
0.519,1.889,0.328,1.661,1.663,0.305,0.663,1.74
0.519,1.889,0.328,1.662,1.663,0.305,0.663,1.74
0.519,1.888,0.328,1.662,1.663,0.305,0.663,1.74
0.519,1.889,0.328,1.662,1.663,0.305,0.663,1.741
0.519,1.889,0.328,1.662,1.663,0.305,0.663,1.74
0.519,1.889,0.328,1.662,1.663,0.305,0.663,1.74
0.519,1.889,0.328,1.662,1.663,0.305,0.663,1.741
0.519,1.889,0.328,1.662,1.663,0.305,0.663,1.74
0.519,1.889,0.328,1.662,1.663,0.305,0.663,1.74
0.519,1.888,0.328,1.662,1.663,0.305,0.663,1.74
0.519,1.888,0.328,1.662,1.663,0.305,0.663,1.74
0.519,1.888,0.328,1.662,1.663,0.305,0.663,1.74
0.519,1.888,0.328,1.662,1.663,0.305,0.663,1.74
0.519,1.889,0.328,1.662,1.663,0.305,0.662,1.74
0.519,1.889,0.328,1.662,1.663,0.305,0.663,1.74
0.519,1.888,0.328,1.662,1.663,0.305,0.663,1.74
0.519,1.888,0.328,1.662,1.663,0.305,0.663,1.74
0.519,1.888,0.328,1.662,1.663,0.305,0.663,1.74
0.519,1.889,0.328,1.663,1.663,0.305,0.663,1.741
0.519,1.889,0.328,1.662,1.663,0.305,0.663,1.741
0.519,1.889,0.328,1.662,1.663,0.305,0.663,1.741
0.519,1.889,0.328,1.663,1.663,0.305,0.663,1.741
0.519,1.889,0.328,1.663,1.663,0.305,0.663,1.74
0.519,1.889,0.328,1.663,1.663,0.305,0.663,1.741
0.519,1.889,0.328,1.663,1.663,0.305,0.663,1.741
0.519,1.889,0.328,1.663,1.663,0.305,0.663,1.741
0.519,1.889,0.328,1.663,1.663,0.305,0.663,1.741
0.519,1.889,0.328,1.663,1.663,0.305,0.663,1.741
0.519,1.889,0.328,1.663,1.663,0.305,0.663,1.741
0.519,1.889,0.328,1.663,1.663,0.305,0.663,1.741
0.519,1.889,0.328,1.663,1.663,0.305,0.663,1.741
0.519,1.889,0.328,1.663,1.663,0.305,0.663,1.741
0.519,1.889,0.328,1.663,1.663,0.305,0.663,1.741
0.519,1.889,0.328,1.664,1.663,0.305,0.663,1.741
0.519,1.889,0.328,1.663,1.663,0.305,0.663,1.741
0.519,1.889,0.328,1.663,1.663,0.305,0.663,1.741
0.519,1.889,0.328,1.663,1.663,0.305,0.663,1.741
0.519,1.889,0.328,1.663,1.663,0.305,0.663,1.741
0.519,1.889,0.328,1.664,1.663,0.305,0.663,1.741
0.519,1.889,0.328,1.664,1.663,0.305,0.663,1.741
0.519,1.889,0.328,1.664,1.663,0.305,0.663,1.741
0.519,1.889,0.328,1.664,1.663,0.305,0.663,1.741
0.519,1.889,0.328,1.664,1.664,0.305,0.663,1.741
0.519,1.889,0.328,1.663,1.663,0.305,0.663,1.741
0.519,1.889,0.328,1.664,1.663,0.305,0.663,1.741
0.519,1.889,0.328,1.664,1.664,0.305,0.663,1.741
0.519,1.889,0.328,1.664,1.664,0.305,0.663,1.741
0.519,1.889,0.328,1.664,1.663,0.305,0.663,1.741
0.519,1.889,0.328,1.664,1.663,0.305,0.663,1.741
0.519,1.889,0.328,1.664,1.663,0.305,0.662,1.74
0.52,1.892,0.329,1.667,1.666,0.306,0.664,1.744
0.519,1.89,0.328,1.665,1.665,0.305,0.663,1.743
0.518,1.888,0.328,1.664,1.663,0.305,0.663,1.742
0.517,1.884,0.327,1.66,1.66,0.304,0.661,1.738
0.518,1.885,0.327,1.66,1.659,0.304,0.661,1.736
0.519,1.891,0.328,1.665,1.664,0.305,0.663,1.74
0.52,1.892,0.329,1.667,1.666,0.306,0.664,1.744
0.519,1.89,0.328,1.666,1.665,0.305,0.663,1.743
0.519,1.888,0.328,1.664,1.664,0.305,0.663,1.742
0.517,1.884,0.327,1.661,1.66,0.304,0.661,1.739
0.518,1.885,0.327,1.66,1.659,0.304,0.661,1.736
0.52,1.89,0.328,1.665,1.663,0.305,0.662,1.74
0.52,1.892,0.329,1.667,1.666,0.306,0.664,1.744
0.519,1.89,0.328,1.666,1.665,0.305,0.663,1.743
0.518,1.888,0.328,1.664,1.663,0.305,0.663,1.742
0.517,1.883,0.327,1.661,1.66,0.304,0.661,1.739
0.518,1.884,0.327,1.66,1.659,0.304,0.66,1.736
0.519,1.89,0.328,1.665,1.663,0.305,0.662,1.74
0.519,1.891,0.328,1.667,1.666,0.305,0.664,1.744
0.519,1.89,0.328,1.666,1.665,0.305,0.663,1.743
0.518,1.888,0.328,1.665,1.664,0.305,0.663,1.742
0.517,1.883,0.327,1.661,1.66,0.304,0.661,1.739
0.518,1.884,0.327,1.661,1.659,0.304,0.66,1.736
0.519,1.89,0.328,1.665,1.663,0.305,0.662,1.74
0.52,1.891,0.328,1.668,1.666,0.305,0.664,1.744
0.519,1.89,0.328,1.667,1.665,0.305,0.663,1.744
0.518,1.888,0.328,1.665,1.664,0.305,0.663,1.742
0.517,1.883,0.327,1.661,1.66,0.304,0.661,1.739
0.518,1.884,0.327,1.661,1.659,0.304,0.661,1.736
0.519,1.889,0.328,1.665,1.663,0.305,0.662,1.739
0.52,1.891,0.329,1.668,1.666,0.305,0.664,1.744
0.519,1.89,0.328,1.667,1.665,0.305,0.663,1.744
0.518,1.888,0.328,1.665,1.664,0.305,0.663,1.742
0.517,1.883,0.327,1.662,1.661,0.304,0.662,1.739
0.518,1.884,0.327,1.661,1.659,0.304,0.66,1.736
0.519,1.889,0.328,1.665,1.663,0.305,0.662,1.74
0.52,1.891,0.329,1.668,1.666,0.305,0.664,1.744
0.519,1.889,0.328,1.667,1.665,0.305,0.663,1.744
0.518,1.888,0.328,1.666,1.664,0.305,0.663,1.743
0.517,1.883,0.327,1.662,1.66,0.304,0.661,1.739
0.518,1.883,0.327,1.661,1.659,0.304,0.66,1.736
0.519,1.889,0.328,1.665,1.663,0.305,0.662,1.739
0.52,1.891,0.328,1.668,1.666,0.305,0.664,1.743
0.519,1.89,0.328,1.667,1.665,0.305,0.663,1.744
0.518,1.888,0.328,1.666,1.664,0.305,0.663,1.742
0.517,1.883,0.327,1.662,1.66,0.304,0.661,1.739
0.517,1.882,0.327,1.66,1.658,0.304,0.66,1.736
0.519,1.888,0.328,1.665,1.662,0.305,0.662,1.739
0.519,1.891,0.328,1.668,1.666,0.305,0.663,1.744
0.519,1.889,0.328,1.667,1.665,0.305,0.663,1.744
0.518,1.887,0.328,1.666,1.664,0.305,0.663,1.742
0.517,1.883,0.327,1.662,1.66,0.304,0.661,1.739
0.517,1.882,0.327,1.66,1.658,0.304,0.66,1.736
0.519,1.887,0.328,1.664,1.662,0.304,0.661,1.738
0.519,1.89,0.328,1.668,1.665,0.305,0.663,1.743
0.519,1.889,0.328,1.667,1.665,0.305,0.663,1.743
0.518,1.887,0.328,1.666,1.664,0.305,0.663,1.742
0.517,1.883,0.327,1.663,1.66,0.304,0.661,1.739
0.517,1.882,0.327,1.661,1.658,0.304,0.66,1.736
0.519,1.887,0.328,1.665,1.662,0.305,0.661,1.738
0.519,1.887,0.328,1.666,1.663,0.305,0.662,1.741
0.518,1.887,0.328,1.665,1.663,0.305,0.662,1.741
0.519,1.887,0.328,1.666,1.663,0.305,0.662,1.741
0.518,1.887,0.328,1.666,1.663,0.304,0.662,1.741
0.518,1.887,0.328,1.666,1.663,0.305,0.662,1.741
0.518,1.887,0.328,1.666,1.663,0.305,0.662,1.741
0.518,1.887,0.328,1.666,1.663,0.305,0.662,1.741
0.518,1.888,0.328,1.666,1.663,0.305,0.662,1.741
0.518,1.887,0.328,1.666,1.663,0.305,0.662,1.741
0.518,1.888,0.328,1.666,1.663,0.305,0.662,1.741
0.518,1.887,0.328,1.666,1.663,0.305,0.662,1.741
0.518,1.887,0.328,1.666,1.663,0.305,0.662,1.741
0.518,1.887,0.328,1.666,1.663,0.305,0.662,1.741
0.518,1.888,0.328,1.666,1.663,0.305,0.662,1.741
0.518,1.888,0.328,1.666,1.663,0.305,0.662,1.741
0.518,1.888,0.328,1.666,1.663,0.305,0.662,1.741
0.519,1.888,0.328,1.666,1.663,0.304,0.662,1.741
0.518,1.887,0.328,1.666,1.663,0.305,0.662,1.741
0.518,1.888,0.328,1.666,1.663,0.304,0.662,1.741
0.519,1.888,0.328,1.666,1.663,0.305,0.662,1.741
0.519,1.887,0.328,1.666,1.663,0.305,0.662,1.741
0.518,1.888,0.328,1.666,1.663,0.305,0.662,1.741
0.519,1.888,0.328,1.666,1.663,0.305,0.662,1.741
0.519,1.888,0.328,1.666,1.664,0.305,0.662,1.742
0.519,1.888,0.328,1.667,1.663,0.305,0.662,1.742
0.518,1.888,0.328,1.667,1.663,0.305,0.662,1.742
0.518,1.888,0.328,1.667,1.664,0.305,0.662,1.742
0.519,1.888,0.328,1.667,1.663,0.305,0.662,1.742
0.519,1.888,0.328,1.667,1.663,0.305,0.662,1.742
0.519,1.888,0.328,1.667,1.663,0.305,0.662,1.742
0.519,1.888,0.328,1.667,1.663,0.305,0.662,1.742
0.519,1.888,0.328,1.667,1.663,0.305,0.662,1.742
0.519,1.888,0.328,1.667,1.663,0.304,0.662,1.742
0.519,1.888,0.328,1.667,1.663,0.305,0.662,1.742
0.519,1.888,0.328,1.667,1.663,0.305,0.662,1.742
0.519,1.888,0.328,1.667,1.663,0.305,0.662,1.742
0.519,1.888,0.328,1.667,1.663,0.305,0.662,1.742
0.519,1.888,0.328,1.667,1.663,0.305,0.662,1.742
0.519,1.888,0.328,1.667,1.663,0.305,0.662,1.742
0.519,1.888,0.328,1.667,1.663,0.305,0.662,1.742
0.519,1.888,0.328,1.667,1.663,0.305,0.662,1.742
0.519,1.888,0.328,1.667,1.663,0.304,0.662,1.742
0.519,1.888,0.328,1.667,1.663,0.304,0.662,1.742
0.519,1.888,0.328,1.667,1.664,0.305,0.662,1.742
0.519,1.888,0.328,1.667,1.663,0.305,0.662,1.742
0.519,1.888,0.328,1.667,1.663,0.305,0.662,1.742
0.519,1.888,0.328,1.667,1.664,0.305,0.662,1.742
0.519,1.888,0.328,1.667,1.663,0.305,0.662,1.742
0.519,1.888,0.328,1.667,1.664,0.305,0.662,1.742
0.519,1.888,0.328,1.667,1.663,0.304,0.662,1.742
0.519,1.888,0.328,1.667,1.663,0.305,0.662,1.742
0.519,1.888,0.328,1.667,1.663,0.305,0.662,1.742
0.519,1.888,0.328,1.667,1.664,0.304,0.662,1.742
0.519,1.887,0.328,1.667,1.663,0.304,0.662,1.742
0.519,1.888,0.328,1.667,1.663,0.305,0.662,1.742
0.519,1.888,0.328,1.667,1.664,0.305,0.662,1.742
0.519,1.888,0.328,1.667,1.663,0.305,0.662,1.742
0.519,1.888,0.328,1.667,1.663,0.305,0.662,1.742
0.519,1.888,0.328,1.667,1.663,0.305,0.662,1.742
0.519,1.888,0.328,1.667,1.663,0.305,0.662,1.742
0.519,1.888,0.328,1.667,1.663,0.304,0.662,1.742
0.519,1.888,0.328,1.667,1.663,0.304,0.662,1.742
0.519,1.888,0.328,1.667,1.663,0.304,0.662,1.742
0.519,1.887,0.328,1.667,1.663,0.304,0.662,1.742
0.518,1.884,0.328,1.665,1.661,0.304,0.661,1.74
0.518,1.886,0.328,1.666,1.662,0.304,0.661,1.74
0.519,1.889,0.328,1.669,1.664,0.305,0.662,1.742
0.519,1.889,0.328,1.669,1.665,0.305,0.662,1.744
0.519,1.888,0.328,1.668,1.664,0.305,0.662,1.743
0.518,1.887,0.328,1.667,1.663,0.304,0.662,1.742
0.518,1.884,0.328,1.665,1.661,0.304,0.661,1.74
0.519,1.886,0.328,1.666,1.662,0.304,0.661,1.74
0.519,1.889,0.328,1.669,1.664,0.305,0.662,1.742
0.519,1.889,0.328,1.669,1.665,0.305,0.662,1.744
0.519,1.888,0.328,1.668,1.664,0.305,0.662,1.743
0.518,1.886,0.328,1.667,1.663,0.305,0.662,1.743
0.518,1.884,0.328,1.665,1.661,0.304,0.661,1.74
0.518,1.886,0.328,1.666,1.662,0.304,0.661,1.74
0.519,1.889,0.329,1.669,1.664,0.305,0.662,1.743
0.519,1.889,0.328,1.669,1.665,0.305,0.663,1.744
0.519,1.888,0.328,1.668,1.664,0.305,0.662,1.743
0.518,1.887,0.328,1.667,1.663,0.304,0.662,1.743
0.518,1.884,0.328,1.665,1.661,0.304,0.661,1.74
0.518,1.886,0.328,1.666,1.662,0.304,0.661,1.74
0.519,1.889,0.328,1.668,1.664,0.305,0.662,1.743
0.519,1.889,0.328,1.668,1.665,0.305,0.662,1.744
0.519,1.888,0.328,1.668,1.664,0.305,0.662,1.743
0.518,1.887,0.328,1.667,1.663,0.305,0.662,1.743
0.518,1.884,0.327,1.664,1.661,0.304,0.661,1.741
0.518,1.886,0.328,1.665,1.661,0.304,0.661,1.74
0.519,1.889,0.328,1.667,1.664,0.305,0.662,1.743
0.519,1.888,0.328,1.668,1.665,0.305,0.662,1.744
0.519,1.888,0.328,1.667,1.664,0.305,0.662,1.743
0.518,1.886,0.328,1.666,1.663,0.304,0.662,1.743
0.518,1.884,0.327,1.664,1.661,0.304,0.661,1.741
0.519,1.886,0.328,1.664,1.661,0.304,0.661,1.74
0.519,1.889,0.328,1.667,1.664,0.305,0.662,1.742
0.519,1.889,0.328,1.667,1.665,0.305,0.662,1.744
0.519,1.888,0.328,1.666,1.664,0.305,0.662,1.743
0.518,1.886,0.328,1.665,1.664,0.305,0.662,1.743
0.518,1.884,0.327,1.663,1.661,0.304,0.661,1.741
0.518,1.885,0.328,1.663,1.661,0.304,0.661,1.74
0.519,1.888,0.328,1.666,1.664,0.305,0.662,1.743
0.519,1.889,0.328,1.667,1.665,0.305,0.662,1.744
0.519,1.888,0.328,1.666,1.664,0.305,0.662,1.744
0.518,1.887,0.328,1.665,1.664,0.304,0.662,1.743
0.518,1.884,0.328,1.663,1.661,0.304,0.661,1.741
0.518,1.885,0.328,1.663,1.661,0.304,0.661,1.74
0.519,1.888,0.328,1.666,1.664,0.304,0.662,1.743
0.519,1.888,0.328,1.666,1.665,0.305,0.662,1.744
0.519,1.888,0.328,1.666,1.664,0.304,0.662,1.744
0.519,1.887,0.328,1.665,1.664,0.305,0.662,1.743
0.518,1.884,0.328,1.663,1.662,0.304,0.661,1.741
0.518,1.885,0.328,1.663,1.661,0.304,0.661,1.74
0.519,1.888,0.328,1.666,1.664,0.305,0.662,1.743
0.519,1.889,0.328,1.667,1.665,0.305,0.662,1.745
0.519,1.888,0.328,1.667,1.664,0.305,0.662,1.744
0.519,1.887,0.328,1.666,1.664,0.305,0.662,1.744
0.518,1.884,0.327,1.664,1.662,0.304,0.661,1.741
0.518,1.885,0.328,1.664,1.661,0.304,0.661,1.74
0.519,1.889,0.328,1.666,1.664,0.305,0.662,1.743
0.519,1.889,0.328,1.668,1.665,0.305,0.662,1.745
0.519,1.888,0.328,1.667,1.664,0.305,0.662,1.744
0.519,1.887,0.328,1.666,1.664,0.305,0.662,1.743
0.519,1.887,0.328,1.666,1.664,0.304,0.662,1.743
0.519,1.887,0.328,1.666,1.664,0.304,0.662,1.743
0.519,1.887,0.328,1.667,1.664,0.304,0.662,1.743
0.519,1.887,0.328,1.667,1.664,0.304,0.662,1.743
0.519,1.887,0.328,1.667,1.663,0.305,0.662,1.743
0.519,1.887,0.328,1.667,1.663,0.305,0.662,1.743
0.519,1.887,0.328,1.667,1.663,0.304,0.662,1.743
0.519,1.887,0.328,1.667,1.663,0.304,0.662,1.743
0.519,1.887,0.328,1.667,1.664,0.305,0.662,1.743
0.519,1.887,0.328,1.667,1.663,0.304,0.662,1.743
0.519,1.887,0.328,1.667,1.663,0.305,0.661,1.743
0.519,1.887,0.328,1.668,1.663,0.304,0.661,1.743
0.519,1.887,0.328,1.667,1.664,0.305,0.662,1.743
0.519,1.887,0.328,1.668,1.663,0.304,0.661,1.743
0.519,1.887,0.328,1.667,1.663,0.304,0.662,1.743
0.519,1.887,0.328,1.668,1.663,0.304,0.661,1.743
0.519,1.887,0.328,1.668,1.663,0.304,0.661,1.743
0.519,1.887,0.328,1.668,1.663,0.304,0.661,1.743
0.519,1.887,0.328,1.668,1.663,0.304,0.662,1.743
0.519,1.887,0.328,1.668,1.663,0.304,0.661,1.743
0.519,1.887,0.328,1.668,1.663,0.304,0.661,1.743
0.519,1.887,0.328,1.668,1.663,0.304,0.661,1.743
0.519,1.887,0.328,1.668,1.663,0.304,0.661,1.743
0.519,1.887,0.328,1.668,1.663,0.304,0.661,1.743
0.519,1.887,0.328,1.669,1.663,0.304,0.661,1.743
0.519,1.887,0.328,1.668,1.663,0.304,0.661,1.743
0.519,1.887,0.328,1.669,1.663,0.304,0.661,1.743
0.519,1.887,0.328,1.669,1.663,0.304,0.661,1.743
0.519,1.887,0.328,1.669,1.663,0.304,0.661,1.743
0.519,1.887,0.328,1.669,1.663,0.304,0.661,1.743
0.519,1.887,0.328,1.669,1.663,0.304,0.661,1.743
0.519,1.887,0.328,1.669,1.663,0.304,0.661,1.743
0.519,1.887,0.328,1.669,1.663,0.304,0.662,1.743
0.519,1.887,0.328,1.669,1.663,0.304,0.661,1.743
0.519,1.887,0.328,1.669,1.663,0.304,0.661,1.743
0.519,1.887,0.328,1.67,1.663,0.304,0.661,1.743
0.519,1.887,0.328,1.67,1.663,0.304,0.661,1.743
0.519,1.887,0.328,1.67,1.663,0.304,0.661,1.743
0.519,1.887,0.328,1.67,1.663,0.304,0.661,1.743
0.519,1.887,0.328,1.67,1.663,0.304,0.661,1.743
0.519,1.887,0.328,1.67,1.663,0.304,0.661,1.744
0.519,1.887,0.328,1.67,1.663,0.304,0.662,1.743
0.519,1.887,0.328,1.67,1.663,0.304,0.661,1.743
0.519,1.887,0.328,1.67,1.663,0.304,0.661,1.743
0.519,1.887,0.328,1.671,1.663,0.304,0.661,1.743
0.519,1.887,0.328,1.671,1.663,0.304,0.661,1.743
0.519,1.887,0.328,1.671,1.664,0.304,0.661,1.743
0.519,1.887,0.328,1.671,1.664,0.304,0.661,1.743
0.519,1.887,0.328,1.671,1.663,0.304,0.661,1.743
0.519,1.887,0.328,1.671,1.664,0.304,0.661,1.743
0.519,1.887,0.328,1.671,1.663,0.304,0.661,1.743
0.519,1.887,0.328,1.671,1.664,0.304,0.661,1.743
0.519,1.887,0.328,1.671,1.663,0.304,0.661,1.743
0.519,1.887,0.328,1.672,1.664,0.304,0.662,1.744
0.519,1.887,0.328,1.672,1.664,0.305,0.662,1.744
0.519,1.887,0.328,1.672,1.664,0.304,0.662,1.744
0.519,1.887,0.328,1.672,1.664,0.304,0.661,1.744
0.519,1.887,0.328,1.672,1.663,0.304,0.661,1.744
0.519,1.887,0.328,1.672,1.664,0.304,0.661,1.744
0.519,1.887,0.328,1.672,1.663,0.304,0.661,1.744
0.519,1.887,0.328,1.672,1.663,0.304,0.661,1.744
0.519,1.887,0.328,1.672,1.664,0.304,0.661,1.744
0.519,1.887,0.328,1.672,1.664,0.304,0.662,1.744
0.519,1.887,0.328,1.672,1.663,0.304,0.661,1.744
0.519,1.887,0.328,1.672,1.663,0.304,0.661,1.744
0.519,1.887,0.328,1.672,1.663,0.304,0.661,1.743
0.519,1.887,0.328,1.673,1.663,0.304,0.661,1.744
0.519,1.887,0.328,1.673,1.664,0.304,0.661,1.744
0.519,1.887,0.328,1.673,1.664,0.304,0.661,1.744
0.519,1.888,0.328,1.673,1.664,0.304,0.661,1.744
0.519,1.887,0.328,1.673,1.664,0.304,0.661,1.744
0.519,1.888,0.328,1.674,1.664,0.304,0.661,1.744
0.519,1.887,0.328,1.673,1.664,0.304,0.661,1.744
0.519,1.888,0.328,1.674,1.664,0.305,0.661,1.745
0.519,1.888,0.328,1.674,1.664,0.304,0.661,1.744
0.519,1.888,0.328,1.674,1.664,0.304,0.662,1.744
0.519,1.888,0.328,1.674,1.664,0.304,0.661,1.744
0.519,1.887,0.328,1.674,1.664,0.304,0.661,1.744
0.519,1.888,0.328,1.674,1.664,0.304,0.661,1.744
0.519,1.888,0.328,1.674,1.664,0.304,0.661,1.744
0.519,1.888,0.328,1.674,1.664,0.304,0.661,1.744
0.519,1.888,0.328,1.674,1.664,0.304,0.661,1.744
0.519,1.887,0.328,1.675,1.664,0.304,0.661,1.744
0.519,1.888,0.328,1.674,1.664,0.304,0.661,1.744
0.519,1.888,0.328,1.675,1.664,0.304,0.661,1.744
0.519,1.887,0.328,1.675,1.664,0.304,0.661,1.744
0.519,1.887,0.328,1.675,1.664,0.304,0.661,1.744
0.519,1.887,0.328,1.675,1.664,0.304,0.662,1.744
0.519,1.888,0.328,1.675,1.664,0.304,0.661,1.745
0.519,1.888,0.328,1.675,1.664,0.304,0.661,1.745
0.519,1.887,0.328,1.675,1.664,0.304,0.661,1.744
0.519,1.887,0.328,1.675,1.664,0.304,0.661,1.745
0.519,1.888,0.328,1.675,1.664,0.304,0.661,1.745
0.519,1.887,0.328,1.675,1.664,0.304,0.661,1.744
0.519,1.887,0.328,1.675,1.664,0.304,0.661,1.744
0.519,1.887,0.328,1.675,1.663,0.304,0.661,1.744
0.519,1.887,0.328,1.675,1.663,0.304,0.661,1.744
0.519,1.887,0.328,1.675,1.664,0.304,0.661,1.744
0.519,1.887,0.328,1.676,1.664,0.304,0.661,1.744
0.519,1.887,0.328,1.676,1.663,0.304,0.661,1.744
0.519,1.887,0.328,1.676,1.663,0.304,0.661,1.744
0.519,1.887,0.328,1.676,1.664,0.304,0.661,1.744
0.519,1.887,0.328,1.676,1.664,0.304,0.661,1.745
0.519,1.887,0.328,1.676,1.664,0.304,0.661,1.745
0.519,1.888,0.328,1.676,1.664,0.304,0.661,1.745
0.519,1.887,0.328,1.677,1.664,0.304,0.661,1.745
0.519,1.888,0.328,1.676,1.664,0.304,0.661,1.745
0.519,1.888,0.328,1.677,1.664,0.304,0.662,1.745
0.519,1.888,0.328,1.677,1.664,0.304,0.661,1.745
0.519,1.888,0.328,1.677,1.664,0.304,0.661,1.745
0.519,1.888,0.328,1.677,1.664,0.304,0.661,1.745
0.519,1.888,0.328,1.677,1.664,0.304,0.661,1.745
0.519,1.888,0.328,1.677,1.664,0.304,0.661,1.745
0.519,1.887,0.328,1.677,1.664,0.304,0.661,1.745
0.519,1.887,0.328,1.677,1.664,0.304,0.661,1.745
0.519,1.887,0.328,1.677,1.664,0.304,0.661,1.745
0.519,1.887,0.328,1.677,1.664,0.304,0.661,1.745
0.519,1.887,0.328,1.677,1.664,0.304,0.661,1.745
0.519,1.887,0.328,1.677,1.664,0.304,0.661,1.745
0.519,1.887,0.328,1.677,1.664,0.304,0.661,1.745
0.519,1.888,0.328,1.678,1.664,0.304,0.661,1.746
0.519,1.888,0.328,1.678,1.664,0.304,0.661,1.745
0.519,1.888,0.328,1.678,1.664,0.305,0.661,1.746
0.519,1.888,0.328,1.678,1.665,0.304,0.661,1.746
0.519,1.888,0.328,1.678,1.664,0.304,0.661,1.746
0.519,1.888,0.328,1.678,1.664,0.304,0.661,1.746
0.519,1.888,0.328,1.678,1.664,0.304,0.661,1.746
0.519,1.888,0.328,1.678,1.664,0.304,0.661,1.746
0.519,1.888,0.328,1.679,1.664,0.304,0.661,1.746
0.519,1.888,0.328,1.678,1.664,0.304,0.661,1.746
0.519,1.888,0.328,1.678,1.664,0.304,0.661,1.746
0.519,1.888,0.328,1.679,1.664,0.304,0.661,1.746
0.519,1.888,0.328,1.679,1.664,0.305,0.661,1.746
0.519,1.888,0.328,1.679,1.665,0.304,0.661,1.746
0.519,1.888,0.328,1.679,1.665,0.305,0.662,1.746
0.519,1.888,0.328,1.679,1.665,0.304,0.661,1.746
0.519,1.888,0.328,1.679,1.664,0.305,0.661,1.746
0.519,1.888,0.328,1.679,1.664,0.305,0.661,1.746
0.519,1.888,0.328,1.679,1.665,0.304,0.661,1.746
0.519,1.888,0.328,1.679,1.664,0.304,0.661,1.746
0.519,1.888,0.328,1.68,1.665,0.304,0.661,1.746
0.519,1.888,0.328,1.68,1.665,0.305,0.661,1.746
0.519,1.888,0.328,1.68,1.665,0.305,0.661,1.746
0.519,1.888,0.328,1.68,1.664,0.305,0.661,1.746
0.519,1.888,0.328,1.68,1.665,0.305,0.661,1.746
0.519,1.888,0.328,1.68,1.665,0.304,0.661,1.746
0.519,1.888,0.328,1.68,1.665,0.305,0.661,1.746
0.519,1.888,0.328,1.68,1.664,0.305,0.661,1.746
0.519,1.888,0.328,1.68,1.665,0.304,0.661,1.746
0.519,1.888,0.328,1.68,1.665,0.304,0.661,1.746
0.519,1.888,0.328,1.68,1.665,0.305,0.661,1.746
0.519,1.888,0.328,1.68,1.664,0.304,0.661,1.746
0.519,1.888,0.328,1.68,1.664,0.304,0.661,1.746
0.519,1.887,0.328,1.68,1.665,0.304,0.661,1.746
0.519,1.887,0.328,1.68,1.664,0.305,0.661,1.746
0.519,1.887,0.328,1.68,1.664,0.304,0.662,1.746
0.519,1.887,0.328,1.68,1.664,0.305,0.661,1.746
0.519,1.887,0.328,1.68,1.664,0.304,0.661,1.746
0.519,1.887,0.328,1.681,1.665,0.304,0.661,1.746
0.519,1.888,0.328,1.681,1.665,0.305,0.661,1.746
0.519,1.888,0.328,1.681,1.665,0.304,0.661,1.746
0.519,1.888,0.328,1.681,1.665,0.304,0.661,1.746
0.519,1.888,0.328,1.681,1.665,0.304,0.661,1.746
0.519,1.888,0.328,1.681,1.664,0.304,0.661,1.746
0.519,1.888,0.328,1.681,1.665,0.305,0.661,1.746
0.519,1.888,0.328,1.681,1.665,0.305,0.661,1.747
0.519,1.888,0.328,1.682,1.665,0.304,0.661,1.746
0.519,1.888,0.328,1.682,1.665,0.305,0.661,1.747
0.519,1.888,0.328,1.682,1.665,0.304,0.662,1.747
0.52,1.888,0.329,1.682,1.665,0.305,0.661,1.747
0.52,1.888,0.328,1.682,1.665,0.304,0.661,1.747
0.52,1.888,0.328,1.682,1.665,0.305,0.662,1.747
0.519,1.888,0.329,1.682,1.665,0.305,0.662,1.747
0.52,1.888,0.328,1.682,1.665,0.304,0.661,1.747
0.519,1.888,0.329,1.682,1.665,0.305,0.661,1.747
0.52,1.888,0.328,1.682,1.665,0.305,0.661,1.747
0.519,1.888,0.328,1.682,1.665,0.305,0.661,1.747
0.519,1.888,0.328,1.682,1.665,0.305,0.662,1.747
0.519,1.888,0.329,1.682,1.665,0.304,0.662,1.747
0.519,1.888,0.328,1.683,1.665,0.305,0.661,1.747
0.519,1.888,0.328,1.683,1.665,0.304,0.661,1.747
0.52,1.888,0.329,1.683,1.665,0.305,0.661,1.747
0.52,1.888,0.329,1.683,1.665,0.304,0.661,1.747
0.52,1.888,0.329,1.683,1.665,0.305,0.662,1.747
0.52,1.888,0.329,1.683,1.665,0.305,0.662,1.747
0.52,1.888,0.329,1.683,1.665,0.305,0.662,1.747
0.52,1.888,0.329,1.683,1.665,0.305,0.662,1.747
0.52,1.888,0.329,1.683,1.665,0.305,0.662,1.747
0.52,1.889,0.329,1.683,1.665,0.305,0.661,1.747
0.52,1.889,0.329,1.684,1.665,0.305,0.662,1.748
0.52,1.889,0.328,1.684,1.665,0.305,0.661,1.747
0.52,1.889,0.329,1.684,1.665,0.305,0.662,1.747
0.52,1.889,0.329,1.684,1.665,0.305,0.662,1.748
0.52,1.889,0.329,1.684,1.665,0.304,0.661,1.747
0.52,1.888,0.329,1.684,1.665,0.305,0.662,1.748
0.52,1.889,0.328,1.684,1.665,0.305,0.662,1.748
0.52,1.888,0.329,1.684,1.666,0.305,0.662,1.748
0.52,1.889,0.329,1.685,1.666,0.305,0.662,1.748
0.52,1.889,0.329,1.684,1.666,0.305,0.662,1.748
0.52,1.889,0.329,1.685,1.666,0.305,0.662,1.748
0.52,1.889,0.329,1.685,1.666,0.305,0.662,1.749
0.52,1.889,0.329,1.686,1.666,0.305,0.662,1.749
0.52,1.889,0.329,1.685,1.666,0.305,0.662,1.748
0.52,1.889,0.329,1.685,1.666,0.305,0.662,1.749
0.52,1.889,0.329,1.685,1.666,0.305,0.662,1.748
0.52,1.889,0.329,1.685,1.666,0.305,0.662,1.748
0.52,1.889,0.329,1.685,1.666,0.305,0.662,1.748
0.52,1.889,0.329,1.685,1.666,0.305,0.662,1.749
0.52,1.889,0.329,1.685,1.666,0.305,0.662,1.748
0.52,1.889,0.329,1.686,1.666,0.305,0.662,1.749
0.52,1.889,0.329,1.686,1.666,0.305,0.662,1.749
0.52,1.889,0.329,1.686,1.666,0.305,0.662,1.749
0.52,1.889,0.329,1.686,1.666,0.305,0.662,1.749
0.52,1.889,0.329,1.686,1.667,0.305,0.662,1.749
0.52,1.889,0.329,1.686,1.666,0.305,0.662,1.749
0.52,1.89,0.329,1.687,1.667,0.305,0.662,1.749
0.52,1.889,0.329,1.686,1.666,0.305,0.662,1.749
0.52,1.889,0.329,1.687,1.666,0.305,0.662,1.749
0.52,1.889,0.329,1.686,1.666,0.305,0.662,1.749
0.52,1.889,0.329,1.686,1.666,0.305,0.662,1.749
0.52,1.889,0.329,1.686,1.666,0.305,0.662,1.749
0.52,1.889,0.329,1.686,1.666,0.305,0.662,1.749
0.52,1.889,0.329,1.686,1.666,0.305,0.662,1.749
0.52,1.889,0.329,1.686,1.666,0.305,0.662,1.749
0.52,1.889,0.329,1.687,1.666,0.305,0.662,1.749
0.52,1.889,0.329,1.687,1.666,0.305,0.662,1.749
0.52,1.889,0.328,1.687,1.667,0.305,0.662,1.749
0.52,1.889,0.329,1.687,1.667,0.305,0.662,1.749
0.52,1.889,0.329,1.687,1.667,0.305,0.662,1.749
0.52,1.889,0.329,1.687,1.667,0.305,0.662,1.749
0.52,1.889,0.329,1.687,1.667,0.305,0.662,1.749
0.52,1.889,0.328,1.687,1.667,0.305,0.662,1.75
0.52,1.889,0.329,1.687,1.667,0.305,0.662,1.75
0.52,1.889,0.328,1.688,1.667,0.305,0.662,1.75
0.521,1.889,0.328,1.688,1.667,0.305,0.662,1.75
0.521,1.889,0.328,1.688,1.667,0.305,0.662,1.75
0.521,1.889,0.329,1.688,1.667,0.305,0.662,1.75
0.521,1.889,0.329,1.688,1.667,0.305,0.662,1.75
0.521,1.889,0.329,1.688,1.667,0.305,0.662,1.75
0.521,1.889,0.329,1.688,1.667,0.305,0.662,1.75
0.521,1.889,0.329,1.688,1.667,0.305,0.662,1.75
0.521,1.889,0.329,1.688,1.667,0.305,0.662,1.75
0.521,1.889,0.329,1.688,1.667,0.305,0.662,1.75
0.521,1.889,0.329,1.688,1.667,0.305,0.662,1.75
0.521,1.889,0.329,1.688,1.667,0.305,0.662,1.75
0.521,1.889,0.329,1.688,1.667,0.305,0.662,1.75
0.521,1.889,0.329,1.688,1.667,0.305,0.662,1.75
0.521,1.889,0.329,1.688,1.667,0.305,0.662,1.75
0.521,1.889,0.329,1.688,1.667,0.305,0.662,1.75
0.521,1.889,0.329,1.688,1.667,0.305,0.662,1.75
0.521,1.889,0.329,1.689,1.667,0.305,0.662,1.75
0.521,1.889,0.329,1.688,1.667,0.305,0.662,1.75
0.521,1.889,0.328,1.689,1.667,0.305,0.662,1.75
0.521,1.889,0.329,1.689,1.667,0.305,0.662,1.75
0.521,1.889,0.329,1.689,1.667,0.305,0.662,1.75
0.521,1.889,0.329,1.689,1.667,0.305,0.662,1.75
0.521,1.889,0.329,1.689,1.667,0.305,0.662,1.75
0.521,1.889,0.329,1.689,1.667,0.305,0.662,1.75
0.521,1.889,0.329,1.689,1.667,0.305,0.662,1.75
0.521,1.889,0.328,1.689,1.667,0.305,0.662,1.75
0.521,1.889,0.329,1.689,1.667,0.305,0.662,1.75
0.521,1.889,0.329,1.689,1.667,0.305,0.662,1.75
0.521,1.889,0.329,1.689,1.667,0.305,0.662,1.75
0.521,1.889,0.329,1.689,1.667,0.305,0.662,1.75
0.521,1.889,0.329,1.689,1.667,0.305,0.662,1.75
0.521,1.889,0.329,1.69,1.667,0.305,0.662,1.75
0.521,1.889,0.329,1.689,1.667,0.305,0.663,1.75
0.521,1.889,0.329,1.689,1.667,0.305,0.662,1.75
0.521,1.889,0.329,1.689,1.667,0.305,0.663,1.751
0.521,1.889,0.329,1.689,1.667,0.305,0.663,1.75
0.521,1.889,0.329,1.689,1.667,0.305,0.663,1.751
0.521,1.889,0.329,1.69,1.667,0.305,0.662,1.751
0.521,1.889,0.329,1.69,1.667,0.305,0.663,1.751
0.521,1.889,0.329,1.69,1.668,0.305,0.663,1.751
0.521,1.889,0.329,1.69,1.667,0.305,0.663,1.751
0.521,1.889,0.329,1.69,1.667,0.305,0.663,1.75
0.521,1.889,0.329,1.69,1.668,0.305,0.663,1.751
0.521,1.89,0.329,1.69,1.668,0.305,0.663,1.751
0.521,1.89,0.329,1.69,1.667,0.305,0.663,1.75
0.521,1.889,0.329,1.69,1.667,0.305,0.662,1.751
0.521,1.889,0.329,1.69,1.668,0.305,0.663,1.751
0.521,1.89,0.329,1.691,1.668,0.305,0.663,1.751
0.521,1.89,0.329,1.691,1.668,0.305,0.663,1.751
0.521,1.89,0.329,1.691,1.668,0.305,0.663,1.751
0.521,1.89,0.329,1.69,1.668,0.305,0.663,1.751
0.521,1.889,0.329,1.69,1.668,0.305,0.663,1.751
0.521,1.89,0.329,1.69,1.667,0.305,0.663,1.751
0.521,1.889,0.329,1.691,1.668,0.305,0.663,1.751
0.521,1.889,0.329,1.691,1.668,0.305,0.663,1.751
0.521,1.89,0.329,1.691,1.668,0.305,0.663,1.751
0.521,1.89,0.329,1.691,1.668,0.305,0.663,1.751
0.521,1.89,0.329,1.691,1.668,0.305,0.662,1.751
0.521,1.889,0.329,1.691,1.668,0.305,0.663,1.751
0.521,1.889,0.329,1.691,1.668,0.305,0.663,1.751
0.521,1.889,0.329,1.69,1.667,0.305,0.663,1.751
0.521,1.889,0.329,1.691,1.668,0.305,0.663,1.751
0.521,1.889,0.329,1.691,1.667,0.305,0.663,1.751
0.521,1.889,0.329,1.691,1.668,0.305,0.663,1.751
0.521,1.889,0.329,1.691,1.667,0.305,0.663,1.751
0.521,1.889,0.329,1.691,1.668,0.305,0.663,1.751
0.521,1.889,0.329,1.691,1.668,0.305,0.663,1.751
0.521,1.889,0.329,1.691,1.668,0.305,0.663,1.751
0.521,1.889,0.329,1.691,1.668,0.305,0.663,1.751
0.521,1.889,0.329,1.691,1.667,0.305,0.663,1.751
0.521,1.889,0.329,1.691,1.668,0.305,0.663,1.751
0.521,1.889,0.329,1.692,1.668,0.305,0.663,1.752
0.521,1.89,0.329,1.692,1.668,0.305,0.663,1.751
0.521,1.889,0.329,1.692,1.668,0.305,0.663,1.751
0.521,1.889,0.329,1.691,1.668,0.305,0.663,1.751
0.521,1.889,0.329,1.692,1.668,0.305,0.663,1.752
0.521,1.889,0.329,1.691,1.668,0.306,0.663,1.752
0.522,1.892,0.33,1.694,1.671,0.306,0.664,1.755
0.522,1.89,0.329,1.693,1.669,0.306,0.664,1.753
0.521,1.887,0.329,1.691,1.667,0.305,0.663,1.752
0.52,1.884,0.328,1.687,1.663,0.305,0.661,1.747
0.521,1.886,0.328,1.688,1.664,0.305,0.661,1.746
0.522,1.891,0.329,1.693,1.669,0.306,0.663,1.751
0.522,1.891,0.329,1.695,1.671,0.306,0.664,1.755
0.522,1.891,0.329,1.693,1.669,0.306,0.664,1.753
0.521,1.887,0.329,1.691,1.667,0.305,0.663,1.752
0.52,1.884,0.328,1.687,1.664,0.305,0.661,1.748
0.521,1.886,0.328,1.688,1.664,0.305,0.661,1.747
0.522,1.892,0.329,1.694,1.669,0.306,0.663,1.751
0.522,1.892,0.329,1.695,1.671,0.306,0.664,1.755
0.522,1.891,0.329,1.694,1.669,0.306,0.664,1.753
0.521,1.888,0.329,1.691,1.667,0.305,0.663,1.752
0.52,1.884,0.328,1.688,1.664,0.305,0.661,1.748
0.521,1.886,0.328,1.689,1.664,0.305,0.661,1.747
0.522,1.892,0.329,1.694,1.669,0.306,0.663,1.752
0.522,1.892,0.329,1.695,1.671,0.306,0.664,1.755
0.522,1.891,0.329,1.694,1.67,0.306,0.664,1.754
0.521,1.888,0.329,1.692,1.668,0.305,0.663,1.752
0.52,1.884,0.328,1.688,1.664,0.305,0.662,1.749
0.521,1.886,0.328,1.689,1.664,0.305,0.661,1.747
0.522,1.892,0.329,1.694,1.669,0.306,0.663,1.752
0.522,1.892,0.329,1.696,1.671,0.306,0.664,1.755
0.522,1.891,0.329,1.695,1.67,0.306,0.664,1.755
0.521,1.889,0.329,1.693,1.668,0.306,0.663,1.753
0.52,1.885,0.328,1.689,1.665,0.305,0.662,1.749
0.521,1.886,0.328,1.689,1.664,0.305,0.661,1.748
0.523,1.892,0.329,1.694,1.669,0.306,0.663,1.752
0.523,1.893,0.329,1.696,1.671,0.306,0.664,1.756
0.522,1.891,0.329,1.695,1.67,0.306,0.664,1.755
0.521,1.888,0.329,1.693,1.668,0.306,0.663,1.753
0.52,1.885,0.328,1.689,1.665,0.305,0.662,1.75
0.521,1.886,0.328,1.69,1.664,0.305,0.661,1.748
0.523,1.892,0.329,1.695,1.669,0.306,0.663,1.752
0.523,1.893,0.329,1.697,1.671,0.306,0.664,1.756
0.522,1.891,0.329,1.695,1.67,0.306,0.664,1.755
0.521,1.889,0.329,1.693,1.669,0.305,0.663,1.753
0.52,1.885,0.328,1.689,1.665,0.305,0.662,1.75
0.521,1.886,0.328,1.689,1.664,0.305,0.661,1.748
0.523,1.891,0.329,1.694,1.669,0.306,0.663,1.751
0.523,1.893,0.33,1.696,1.672,0.306,0.664,1.756
0.522,1.891,0.329,1.695,1.671,0.306,0.664,1.755
0.522,1.889,0.329,1.694,1.669,0.306,0.663,1.753
0.52,1.885,0.328,1.69,1.665,0.305,0.662,1.75
0.521,1.886,0.328,1.69,1.664,0.305,0.661,1.748
0.523,1.892,0.329,1.695,1.669,0.306,0.663,1.752
0.523,1.893,0.33,1.697,1.672,0.306,0.664,1.756
0.522,1.892,0.329,1.696,1.671,0.306,0.664,1.755
0.522,1.889,0.329,1.694,1.669,0.306,0.663,1.754
0.52,1.885,0.328,1.69,1.666,0.305,0.662,1.75
0.521,1.886,0.328,1.69,1.664,0.305,0.661,1.748
0.523,1.891,0.329,1.694,1.669,0.306,0.663,1.751
0.523,1.893,0.329,1.697,1.671,0.306,0.664,1.756
0.522,1.891,0.329,1.696,1.67,0.306,0.664,1.755
0.522,1.889,0.329,1.694,1.669,0.306,0.664,1.754
0.52,1.885,0.328,1.691,1.665,0.305,0.662,1.751
0.521,1.886,0.328,1.69,1.664,0.305,0.661,1.747
0.522,1.89,0.329,1.695,1.668,0.305,0.663,1.751
0.523,1.89,0.329,1.694,1.669,0.306,0.663,1.753
0.522,1.89,0.329,1.694,1.668,0.306,0.663,1.753
0.522,1.89,0.329,1.694,1.668,0.306,0.663,1.753
0.522,1.889,0.329,1.694,1.668,0.306,0.663,1.753
0.522,1.889,0.329,1.694,1.668,0.306,0.663,1.753
0.522,1.89,0.329,1.694,1.668,0.306,0.663,1.753
0.522,1.889,0.329,1.694,1.668,0.306,0.663,1.753
0.522,1.89,0.329,1.694,1.669,0.306,0.663,1.753
0.522,1.889,0.329,1.694,1.669,0.306,0.663,1.753
0.522,1.89,0.329,1.695,1.669,0.306,0.663,1.753
0.522,1.89,0.329,1.694,1.669,0.306,0.663,1.753
0.522,1.889,0.329,1.695,1.669,0.306,0.663,1.753
0.522,1.89,0.329,1.695,1.669,0.306,0.663,1.753
0.522,1.89,0.329,1.695,1.669,0.306,0.663,1.753
0.522,1.89,0.329,1.695,1.669,0.306,0.663,1.753
0.522,1.89,0.329,1.695,1.669,0.306,0.663,1.754
0.522,1.89,0.329,1.695,1.669,0.306,0.663,1.754
0.522,1.89,0.329,1.695,1.669,0.306,0.663,1.754
0.523,1.89,0.329,1.695,1.669,0.306,0.663,1.754
0.522,1.89,0.329,1.695,1.669,0.306,0.664,1.754
0.523,1.89,0.329,1.696,1.669,0.306,0.664,1.754
0.522,1.89,0.329,1.695,1.669,0.306,0.664,1.754
0.522,1.89,0.329,1.695,1.669,0.306,0.664,1.754
0.523,1.89,0.329,1.695,1.669,0.306,0.664,1.754
0.523,1.891,0.329,1.696,1.67,0.306,0.664,1.754
0.523,1.891,0.329,1.696,1.67,0.306,0.664,1.754
0.523,1.89,0.329,1.696,1.67,0.306,0.664,1.754
0.523,1.891,0.329,1.696,1.67,0.306,0.664,1.754
0.523,1.891,0.329,1.696,1.67,0.306,0.664,1.754
0.523,1.891,0.329,1.696,1.67,0.306,0.664,1.754
0.523,1.891,0.329,1.696,1.67,0.306,0.664,1.754
0.523,1.891,0.329,1.696,1.67,0.306,0.664,1.754
0.523,1.89,0.329,1.696,1.669,0.306,0.664,1.754
0.523,1.89,0.329,1.696,1.669,0.306,0.664,1.754
0.523,1.89,0.329,1.696,1.669,0.306,0.664,1.754
0.523,1.89,0.329,1.696,1.669,0.306,0.664,1.754
0.523,1.89,0.329,1.696,1.669,0.306,0.664,1.754
0.523,1.89,0.329,1.696,1.669,0.306,0.664,1.754
0.523,1.89,0.329,1.696,1.67,0.306,0.664,1.754
0.523,1.89,0.329,1.696,1.67,0.306,0.664,1.754
0.523,1.89,0.329,1.696,1.67,0.306,0.664,1.754
0.523,1.89,0.329,1.696,1.669,0.306,0.664,1.754
0.523,1.89,0.329,1.696,1.67,0.306,0.664,1.754
0.523,1.89,0.329,1.696,1.67,0.306,0.664,1.754
0.523,1.89,0.329,1.696,1.669,0.306,0.664,1.754
0.523,1.89,0.329,1.696,1.669,0.306,0.664,1.754
0.523,1.89,0.329,1.696,1.669,0.306,0.664,1.754
0.523,1.891,0.329,1.696,1.67,0.306,0.664,1.754
0.523,1.89,0.329,1.696,1.67,0.306,0.664,1.754
0.523,1.89,0.329,1.697,1.67,0.306,0.664,1.754
0.523,1.891,0.329,1.697,1.67,0.306,0.664,1.755
0.523,1.891,0.329,1.696,1.67,0.306,0.664,1.755
0.523,1.891,0.329,1.696,1.67,0.306,0.664,1.755
0.523,1.891,0.329,1.697,1.67,0.306,0.664,1.755
0.523,1.891,0.329,1.697,1.67,0.306,0.664,1.755
0.523,1.891,0.329,1.697,1.67,0.306,0.664,1.755
0.523,1.891,0.329,1.697,1.67,0.306,0.664,1.755
0.523,1.89,0.329,1.697,1.67,0.306,0.664,1.755
0.523,1.891,0.329,1.697,1.67,0.306,0.664,1.755
0.523,1.89,0.329,1.697,1.67,0.306,0.664,1.755
0.523,1.89,0.329,1.697,1.67,0.306,0.664,1.755
0.523,1.89,0.329,1.697,1.67,0.306,0.664,1.754
0.523,1.89,0.329,1.697,1.67,0.306,0.664,1.755
0.523,1.89,0.329,1.697,1.67,0.306,0.664,1.755
0.523,1.89,0.329,1.697,1.67,0.306,0.664,1.755
0.523,1.89,0.329,1.697,1.67,0.306,0.664,1.755
0.523,1.89,0.329,1.697,1.67,0.306,0.664,1.755
0.523,1.89,0.329,1.697,1.67,0.306,0.664,1.755
0.523,1.89,0.329,1.697,1.67,0.306,0.664,1.755
0.523,1.89,0.329,1.697,1.67,0.306,0.664,1.755
0.523,1.89,0.329,1.697,1.67,0.306,0.664,1.755
0.523,1.89,0.329,1.697,1.67,0.306,0.664,1.755
0.523,1.89,0.329,1.697,1.67,0.306,0.664,1.755
0.523,1.89,0.329,1.697,1.67,0.306,0.664,1.755
0.523,1.891,0.329,1.697,1.67,0.306,0.664,1.755
0.523,1.89,0.329,1.697,1.67,0.306,0.664,1.755
0.523,1.89,0.329,1.698,1.67,0.306,0.664,1.755
0.523,1.891,0.329,1.698,1.67,0.306,0.664,1.755
0.523,1.891,0.329,1.698,1.67,0.306,0.664,1.755
0.523,1.891,0.329,1.698,1.671,0.306,0.664,1.755
0.523,1.89,0.329,1.698,1.671,0.306,0.664,1.756
0.523,1.891,0.329,1.698,1.67,0.306,0.664,1.755
0.523,1.891,0.329,1.698,1.671,0.306,0.664,1.756
0.523,1.89,0.329,1.697,1.67,0.306,0.664,1.755
0.523,1.89,0.329,1.698,1.67,0.306,0.664,1.755
0.523,1.89,0.329,1.698,1.67,0.306,0.664,1.755
0.523,1.89,0.329,1.698,1.67,0.306,0.664,1.755
0.523,1.89,0.329,1.698,1.67,0.306,0.664,1.755
0.523,1.89,0.329,1.698,1.67,0.306,0.664,1.755
0.523,1.89,0.329,1.698,1.67,0.306,0.664,1.755
0.523,1.891,0.329,1.698,1.67,0.306,0.664,1.756
0.523,1.89,0.329,1.698,1.671,0.306,0.664,1.756
0.524,1.891,0.329,1.698,1.67,0.306,0.664,1.756
0.524,1.89,0.329,1.698,1.671,0.306,0.664,1.756
0.523,1.891,0.329,1.698,1.671,0.306,0.664,1.756
0.523,1.89,0.329,1.698,1.671,0.306,0.664,1.756
0.523,1.891,0.329,1.698,1.671,0.306,0.664,1.756
0.524,1.891,0.329,1.698,1.671,0.306,0.665,1.756
0.524,1.891,0.329,1.698,1.671,0.307,0.665,1.756
0.524,1.891,0.329,1.698,1.671,0.306,0.665,1.756
0.524,1.891,0.329,1.698,1.671,0.306,0.665,1.756
0.524,1.891,0.329,1.698,1.671,0.306,0.665,1.756
0.524,1.891,0.329,1.698,1.671,0.306,0.664,1.756
0.524,1.891,0.329,1.698,1.671,0.306,0.665,1.756
0.524,1.891,0.329,1.699,1.671,0.306,0.665,1.756
0.524,1.891,0.329,1.698,1.671,0.306,0.665,1.756
0.524,1.891,0.329,1.699,1.671,0.306,0.665,1.756
0.524,1.891,0.329,1.699,1.671,0.306,0.665,1.756
0.524,1.891,0.329,1.699,1.671,0.306,0.665,1.756
0.524,1.891,0.329,1.699,1.671,0.306,0.665,1.756
0.524,1.891,0.329,1.699,1.671,0.306,0.665,1.756
0.524,1.891,0.329,1.699,1.671,0.306,0.665,1.756
0.524,1.891,0.329,1.699,1.671,0.306,0.665,1.756
0.524,1.891,0.329,1.699,1.671,0.307,0.665,1.756
0.524,1.89,0.329,1.698,1.671,0.306,0.665,1.756
0.524,1.89,0.329,1.698,1.67,0.306,0.665,1.756
0.524,1.89,0.329,1.698,1.671,0.306,0.665,1.756
0.524,1.891,0.329,1.698,1.671,0.306,0.664,1.756
0.524,1.891,0.329,1.698,1.671,0.307,0.665,1.756
0.524,1.89,0.329,1.698,1.671,0.306,0.665,1.756
0.524,1.891,0.329,1.698,1.671,0.306,0.665,1.756
0.524,1.89,0.329,1.698,1.67,0.306,0.665,1.756
0.524,1.89,0.329,1.698,1.671,0.306,0.665,1.756
0.524,1.89,0.329,1.698,1.671,0.306,0.665,1.756
0.524,1.891,0.329,1.699,1.671,0.306,0.665,1.756
0.524,1.89,0.329,1.698,1.671,0.306,0.665,1.756
0.524,1.89,0.329,1.699,1.671,0.306,0.665,1.756
0.524,1.891,0.329,1.699,1.671,0.306,0.665,1.756
0.524,1.89,0.329,1.699,1.671,0.306,0.665,1.756
0.524,1.89,0.329,1.699,1.671,0.307,0.665,1.756
0.524,1.89,0.329,1.699,1.671,0.306,0.665,1.756
0.524,1.891,0.329,1.699,1.671,0.307,0.665,1.756
0.524,1.89,0.329,1.699,1.671,0.307,0.665,1.756
0.524,1.89,0.329,1.699,1.671,0.306,0.665,1.756
0.524,1.89,0.329,1.699,1.671,0.306,0.665,1.756
0.524,1.89,0.329,1.698,1.671,0.306,0.665,1.756
0.524,1.891,0.329,1.699,1.671,0.306,0.665,1.756
0.524,1.891,0.329,1.699,1.671,0.307,0.665,1.756
0.524,1.89,0.329,1.699,1.671,0.307,0.665,1.757
0.524,1.89,0.329,1.699,1.671,0.307,0.665,1.757
0.524,1.89,0.329,1.699,1.671,0.306,0.665,1.757
0.524,1.89,0.329,1.699,1.671,0.307,0.665,1.757
0.524,1.891,0.329,1.699,1.671,0.306,0.665,1.757
0.524,1.891,0.329,1.699,1.671,0.306,0.665,1.757
0.524,1.89,0.329,1.699,1.671,0.306,0.665,1.756
0.524,1.89,0.329,1.699,1.671,0.307,0.665,1.756
0.524,1.89,0.329,1.699,1.671,0.306,0.665,1.756
0.524,1.89,0.329,1.699,1.671,0.306,0.665,1.756
0.524,1.89,0.329,1.699,1.67,0.306,0.665,1.756
0.524,1.89,0.329,1.699,1.671,0.306,0.665,1.756
0.524,1.89,0.329,1.699,1.67,0.307,0.665,1.756
0.524,1.89,0.329,1.699,1.671,0.306,0.665,1.756
0.524,1.89,0.329,1.699,1.67,0.306,0.665,1.756
0.524,1.89,0.329,1.699,1.671,0.306,0.665,1.756
0.524,1.89,0.329,1.699,1.67,0.307,0.665,1.756
0.524,1.889,0.329,1.698,1.67,0.306,0.665,1.756
0.524,1.89,0.329,1.699,1.67,0.306,0.665,1.756
0.524,1.89,0.329,1.699,1.67,0.306,0.665,1.756
0.524,1.889,0.329,1.699,1.67,0.307,0.665,1.756
0.524,1.89,0.329,1.699,1.67,0.307,0.665,1.756
0.524,1.89,0.329,1.699,1.67,0.307,0.665,1.756
0.524,1.89,0.329,1.699,1.671,0.306,0.665,1.756
0.524,1.89,0.329,1.699,1.67,0.306,0.665,1.756
0.524,1.89,0.329,1.699,1.671,0.306,0.665,1.756
0.524,1.89,0.329,1.699,1.671,0.306,0.665,1.756
0.524,1.89,0.329,1.699,1.671,0.307,0.665,1.756
0.524,1.89,0.329,1.699,1.67,0.307,0.665,1.756
0.524,1.89,0.329,1.699,1.67,0.306,0.665,1.756
0.524,1.89,0.329,1.698,1.67,0.306,0.665,1.756
0.524,1.89,0.329,1.698,1.67,0.306,0.665,1.756
0.524,1.89,0.329,1.698,1.67,0.306,0.665,1.756
0.524,1.89,0.329,1.699,1.67,0.306,0.665,1.756
0.524,1.889,0.329,1.699,1.67,0.306,0.664,1.756
0.524,1.889,0.329,1.698,1.67,0.306,0.665,1.756
0.524,1.889,0.329,1.698,1.67,0.306,0.664,1.755
0.524,1.889,0.329,1.698,1.67,0.306,0.665,1.756
0.524,1.889,0.329,1.698,1.67,0.306,0.665,1.756
0.524,1.889,0.329,1.698,1.67,0.306,0.665,1.756
0.524,1.889,0.329,1.698,1.67,0.306,0.665,1.756
0.524,1.89,0.329,1.699,1.671,0.306,0.665,1.756
0.524,1.89,0.329,1.699,1.671,0.307,0.665,1.757
0.524,1.89,0.329,1.699,1.671,0.306,0.665,1.757
0.524,1.89,0.329,1.699,1.671,0.307,0.665,1.757
0.524,1.89,0.329,1.699,1.671,0.307,0.665,1.757
0.524,1.89,0.329,1.699,1.671,0.307,0.665,1.757
0.524,1.89,0.329,1.699,1.671,0.307,0.665,1.757
0.524,1.89,0.329,1.699,1.671,0.307,0.665,1.757
0.524,1.89,0.329,1.699,1.671,0.306,0.665,1.757
0.524,1.89,0.329,1.699,1.671,0.307,0.665,1.757
0.524,1.89,0.329,1.699,1.671,0.306,0.665,1.757
0.524,1.89,0.329,1.699,1.671,0.306,0.665,1.757
0.524,1.89,0.329,1.699,1.671,0.307,0.665,1.757
0.524,1.89,0.329,1.699,1.671,0.307,0.665,1.757
0.525,1.89,0.329,1.699,1.671,0.307,0.665,1.757
0.524,1.89,0.329,1.699,1.671,0.306,0.665,1.757
0.524,1.89,0.329,1.699,1.671,0.307,0.665,1.757
0.524,1.89,0.329,1.7,1.671,0.307,0.665,1.757
0.524,1.89,0.329,1.7,1.671,0.306,0.665,1.757
0.524,1.89,0.329,1.7,1.671,0.306,0.665,1.757
0.525,1.89,0.329,1.7,1.671,0.307,0.665,1.757
0.524,1.89,0.329,1.7,1.671,0.307,0.665,1.757
0.525,1.89,0.329,1.7,1.671,0.307,0.665,1.757
0.525,1.89,0.329,1.7,1.671,0.307,0.665,1.757
0.525,1.89,0.329,1.7,1.671,0.307,0.665,1.757
0.525,1.89,0.329,1.7,1.671,0.307,0.665,1.757
0.525,1.89,0.329,1.7,1.671,0.307,0.665,1.757
0.525,1.89,0.329,1.7,1.671,0.306,0.665,1.757
0.525,1.89,0.329,1.7,1.671,0.307,0.665,1.757
0.525,1.89,0.329,1.7,1.671,0.307,0.665,1.757
0.525,1.89,0.329,1.7,1.671,0.307,0.665,1.757
0.525,1.89,0.329,1.7,1.671,0.307,0.665,1.757
0.525,1.89,0.329,1.699,1.671,0.307,0.665,1.757
0.525,1.89,0.329,1.699,1.671,0.307,0.665,1.757
0.525,1.89,0.329,1.699,1.671,0.307,0.665,1.757
0.525,1.89,0.329,1.7,1.671,0.307,0.665,1.757
0.525,1.89,0.329,1.699,1.671,0.306,0.665,1.757
0.524,1.89,0.329,1.699,1.671,0.307,0.665,1.757
0.524,1.89,0.329,1.699,1.67,0.306,0.665,1.757
0.524,1.89,0.329,1.699,1.671,0.307,0.665,1.757
0.524,1.89,0.329,1.699,1.671,0.306,0.665,1.757
0.524,1.889,0.329,1.699,1.671,0.307,0.665,1.757
0.524,1.89,0.329,1.699,1.671,0.306,0.665,1.757
0.525,1.89,0.329,1.699,1.671,0.307,0.665,1.757
0.524,1.89,0.329,1.699,1.67,0.306,0.665,1.757
0.525,1.89,0.329,1.699,1.67,0.306,0.665,1.756
0.524,1.89,0.329,1.699,1.671,0.306,0.665,1.757
0.525,1.89,0.329,1.699,1.671,0.306,0.665,1.757
0.525,1.89,0.329,1.699,1.671,0.306,0.665,1.757
0.525,1.89,0.329,1.699,1.671,0.307,0.665,1.757
0.525,1.89,0.329,1.699,1.671,0.307,0.665,1.757
0.525,1.89,0.329,1.699,1.671,0.307,0.665,1.757
0.525,1.89,0.329,1.699,1.671,0.306,0.665,1.757
0.525,1.89,0.329,1.699,1.67,0.306,0.665,1.757
0.525,1.889,0.329,1.699,1.67,0.306,0.665,1.757
0.524,1.89,0.329,1.699,1.67,0.307,0.665,1.757
0.525,1.89,0.329,1.699,1.671,0.306,0.665,1.757
0.525,1.89,0.329,1.699,1.671,0.307,0.665,1.757
0.525,1.89,0.329,1.7,1.671,0.307,0.665,1.757
0.525,1.89,0.329,1.7,1.671,0.307,0.665,1.757
0.525,1.89,0.329,1.7,1.671,0.307,0.665,1.757
0.525,1.89,0.329,1.7,1.671,0.306,0.665,1.757
0.525,1.89,0.329,1.7,1.671,0.307,0.665,1.757
0.525,1.891,0.329,1.7,1.671,0.306,0.665,1.757
0.525,1.89,0.329,1.7,1.671,0.307,0.665,1.758
0.525,1.89,0.329,1.7,1.671,0.307,0.665,1.758
0.525,1.89,0.329,1.7,1.671,0.306,0.665,1.757
0.525,1.89,0.329,1.699,1.671,0.307,0.665,1.757
0.525,1.89,0.329,1.7,1.671,0.307,0.665,1.757
0.525,1.89,0.329,1.7,1.671,0.306,0.665,1.757
0.525,1.89,0.329,1.7,1.671,0.306,0.665,1.757
0.525,1.89,0.329,1.7,1.671,0.307,0.665,1.757
0.525,1.89,0.329,1.7,1.671,0.307,0.665,1.757
0.525,1.89,0.329,1.7,1.671,0.306,0.665,1.757
0.525,1.89,0.329,1.7,1.671,0.307,0.665,1.757
0.525,1.89,0.329,1.7,1.671,0.306,0.665,1.757
0.525,1.89,0.329,1.7,1.671,0.307,0.665,1.757
0.525,1.89,0.329,1.7,1.671,0.307,0.665,1.757
0.525,1.89,0.329,1.699,1.671,0.307,0.665,1.757
0.525,1.89,0.329,1.7,1.671,0.307,0.665,1.758
0.525,1.89,0.329,1.7,1.671,0.307,0.665,1.758
0.525,1.89,0.329,1.7,1.671,0.307,0.665,1.758
0.525,1.891,0.329,1.7,1.671,0.307,0.666,1.758
0.525,1.89,0.329,1.7,1.671,0.307,0.666,1.758
0.525,1.891,0.329,1.7,1.671,0.307,0.666,1.758
0.525,1.891,0.329,1.7,1.671,0.307,0.666,1.758
0.525,1.89,0.329,1.7,1.671,0.307,0.665,1.758
0.525,1.889,0.329,1.699,1.671,0.306,0.665,1.757
0.525,1.889,0.329,1.699,1.67,0.306,0.665,1.757
0.525,1.89,0.329,1.699,1.671,0.306,0.665,1.757
0.525,1.89,0.329,1.699,1.671,0.307,0.665,1.757
0.525,1.89,0.329,1.7,1.671,0.307,0.665,1.757
0.525,1.889,0.329,1.699,1.67,0.307,0.665,1.757
0.525,1.889,0.329,1.699,1.67,0.306,0.665,1.757
0.525,1.889,0.329,1.699,1.67,0.307,0.665,1.757
0.525,1.889,0.329,1.699,1.67,0.306,0.665,1.757
0.525,1.889,0.329,1.699,1.67,0.306,0.665,1.757
0.525,1.889,0.329,1.699,1.67,0.306,0.665,1.757
0.525,1.889,0.329,1.699,1.67,0.306,0.665,1.757
0.525,1.889,0.329,1.699,1.671,0.307,0.665,1.757
0.525,1.89,0.329,1.699,1.671,0.307,0.665,1.757
0.525,1.89,0.329,1.699,1.67,0.306,0.665,1.757
0.525,1.889,0.329,1.699,1.67,0.307,0.665,1.757
0.525,1.889,0.329,1.698,1.67,0.306,0.665,1.757
0.525,1.889,0.329,1.699,1.67,0.306,0.665,1.757
0.525,1.888,0.329,1.699,1.67,0.306,0.665,1.756
0.525,1.889,0.329,1.699,1.67,0.306,0.665,1.757
0.525,1.89,0.329,1.7,1.671,0.307,0.665,1.758
0.525,1.89,0.329,1.7,1.671,0.307,0.665,1.758
0.525,1.89,0.329,1.7,1.671,0.307,0.665,1.758
0.525,1.89,0.329,1.7,1.671,0.307,0.665,1.758
0.525,1.89,0.329,1.7,1.671,0.307,0.665,1.758
0.525,1.89,0.329,1.7,1.671,0.306,0.665,1.758
0.525,1.89,0.329,1.7,1.671,0.307,0.665,1.758
0.525,1.89,0.329,1.7,1.671,0.307,0.666,1.758
0.525,1.89,0.329,1.7,1.671,0.306,0.666,1.758
0.525,1.89,0.329,1.7,1.671,0.307,0.666,1.758
0.525,1.89,0.329,1.7,1.671,0.307,0.666,1.758
0.525,1.89,0.329,1.7,1.671,0.307,0.666,1.758
0.525,1.89,0.329,1.7,1.671,0.307,0.666,1.758
0.525,1.89,0.329,1.7,1.671,0.307,0.665,1.758
0.525,1.89,0.329,1.7,1.671,0.306,0.665,1.757
0.525,1.889,0.329,1.699,1.671,0.306,0.665,1.757
0.525,1.889,0.329,1.699,1.67,0.306,0.665,1.757
0.525,1.889,0.329,1.699,1.67,0.306,0.665,1.757
0.525,1.889,0.329,1.699,1.67,0.306,0.665,1.757
0.525,1.889,0.329,1.699,1.67,0.306,0.665,1.757
0.525,1.888,0.329,1.699,1.67,0.306,0.665,1.757
0.525,1.889,0.329,1.699,1.67,0.306,0.665,1.757
0.525,1.889,0.329,1.699,1.67,0.306,0.665,1.757
0.525,1.889,0.329,1.699,1.67,0.306,0.665,1.757
0.525,1.889,0.329,1.699,1.67,0.306,0.665,1.757
0.525,1.889,0.329,1.699,1.671,0.307,0.666,1.758
0.525,1.889,0.329,1.699,1.671,0.307,0.665,1.757
0.525,1.889,0.329,1.7,1.671,0.307,0.665,1.758
0.525,1.889,0.329,1.7,1.671,0.307,0.665,1.758
0.525,1.889,0.329,1.7,1.671,0.307,0.665,1.758
0.525,1.889,0.329,1.7,1.671,0.306,0.665,1.758
0.525,1.889,0.329,1.699,1.67,0.307,0.665,1.757
0.525,1.889,0.329,1.699,1.67,0.306,0.665,1.757
0.525,1.889,0.329,1.699,1.67,0.306,0.665,1.757
0.525,1.888,0.329,1.699,1.67,0.306,0.665,1.757
0.525,1.889,0.329,1.699,1.67,0.306,0.665,1.757
0.525,1.889,0.329,1.699,1.67,0.307,0.665,1.757
0.525,1.889,0.329,1.699,1.671,0.306,0.665,1.757
0.525,1.889,0.329,1.699,1.67,0.306,0.665,1.757
0.525,1.889,0.329,1.699,1.671,0.306,0.665,1.757
0.525,1.889,0.329,1.699,1.67,0.306,0.665,1.757
0.525,1.889,0.329,1.699,1.67,0.306,0.665,1.757
0.525,1.889,0.329,1.699,1.67,0.306,0.665,1.757
0.525,1.889,0.329,1.699,1.67,0.307,0.665,1.757
0.525,1.889,0.329,1.699,1.67,0.306,0.665,1.758
0.525,1.889,0.329,1.699,1.67,0.307,0.665,1.757
0.525,1.889,0.329,1.699,1.671,0.306,0.666,1.758
0.525,1.89,0.329,1.699,1.671,0.306,0.665,1.758
0.525,1.889,0.329,1.699,1.671,0.306,0.665,1.758
0.525,1.89,0.329,1.7,1.671,0.306,0.665,1.757
0.525,1.889,0.329,1.699,1.67,0.306,0.665,1.757
0.525,1.889,0.329,1.699,1.671,0.306,0.665,1.758
0.525,1.889,0.329,1.699,1.671,0.306,0.665,1.757
0.525,1.889,0.329,1.699,1.671,0.306,0.665,1.758
0.525,1.89,0.329,1.7,1.671,0.306,0.665,1.758
0.525,1.89,0.329,1.699,1.671,0.307,0.666,1.758
0.525,1.89,0.329,1.699,1.671,0.307,0.665,1.758
0.525,1.89,0.329,1.699,1.67,0.306,0.665,1.758
0.525,1.889,0.329,1.699,1.67,0.306,0.665,1.757
0.525,1.889,0.329,1.699,1.671,0.306,0.665,1.758
0.525,1.889,0.329,1.699,1.671,0.306,0.665,1.758
0.525,1.89,0.329,1.699,1.671,0.306,0.665,1.758
0.525,1.889,0.329,1.7,1.671,0.307,0.666,1.758
0.525,1.889,0.329,1.699,1.671,0.306,0.665,1.758
0.525,1.89,0.329,1.7,1.671,0.307,0.666,1.758
0.525,1.889,0.329,1.699,1.671,0.306,0.666,1.758
0.525,1.889,0.329,1.7,1.671,0.306,0.665,1.758
0.525,1.889,0.329,1.699,1.671,0.307,0.666,1.758
0.525,1.889,0.329,1.699,1.671,0.307,0.665,1.757
0.525,1.889,0.329,1.699,1.671,0.307,0.665,1.757
0.525,1.889,0.329,1.699,1.67,0.306,0.665,1.757
0.525,1.889,0.329,1.699,1.67,0.306,0.665,1.757
0.525,1.889,0.329,1.699,1.671,0.306,0.665,1.758
0.525,1.889,0.329,1.699,1.67,0.307,0.665,1.758
0.525,1.889,0.329,1.699,1.671,0.306,0.666,1.758
0.525,1.889,0.329,1.699,1.671,0.306,0.666,1.758
0.525,1.889,0.329,1.699,1.671,0.307,0.666,1.758
0.525,1.889,0.329,1.699,1.671,0.307,0.665,1.758
0.525,1.889,0.329,1.699,1.671,0.306,0.666,1.758
0.525,1.889,0.329,1.699,1.67,0.306,0.665,1.758
0.525,1.889,0.329,1.699,1.67,0.306,0.666,1.758
0.525,1.889,0.329,1.699,1.67,0.306,0.665,1.758
0.525,1.889,0.329,1.699,1.67,0.306,0.665,1.758
0.525,1.889,0.329,1.699,1.67,0.306,0.665,1.758
0.525,1.889,0.329,1.699,1.67,0.306,0.665,1.758
0.525,1.889,0.329,1.699,1.671,0.306,0.666,1.757
0.525,1.889,0.329,1.699,1.67,0.306,0.665,1.757
0.525,1.889,0.329,1.699,1.671,0.306,0.665,1.758
0.525,1.889,0.329,1.699,1.67,0.306,0.666,1.758
0.525,1.889,0.329,1.699,1.67,0.306,0.665,1.758
0.525,1.889,0.329,1.699,1.671,0.306,0.665,1.758
0.525,1.889,0.329,1.699,1.67,0.306,0.666,1.758
0.525,1.889,0.329,1.699,1.67,0.306,0.665,1.757
0.525,1.889,0.329,1.699,1.67,0.306,0.665,1.757
0.525,1.888,0.329,1.699,1.67,0.306,0.665,1.757
0.525,1.888,0.329,1.699,1.67,0.306,0.665,1.757
0.525,1.888,0.329,1.699,1.67,0.306,0.665,1.757
0.525,1.888,0.329,1.698,1.67,0.306,0.665,1.757
0.525,1.889,0.329,1.699,1.67,0.306,0.665,1.757
0.525,1.888,0.329,1.699,1.67,0.306,0.665,1.757
0.525,1.889,0.329,1.699,1.67,0.306,0.665,1.757
0.525,1.889,0.329,1.699,1.67,0.306,0.666,1.758
0.525,1.888,0.329,1.699,1.67,0.306,0.666,1.758
0.525,1.889,0.329,1.699,1.67,0.306,0.666,1.758
0.525,1.889,0.329,1.699,1.67,0.306,0.665,1.758
0.525,1.889,0.329,1.699,1.67,0.306,0.665,1.757
0.525,1.889,0.329,1.699,1.67,0.306,0.665,1.758
0.525,1.889,0.329,1.699,1.67,0.306,0.665,1.758
0.525,1.889,0.329,1.699,1.67,0.306,0.665,1.758
0.525,1.889,0.329,1.699,1.67,0.306,0.665,1.757
0.525,1.888,0.329,1.698,1.67,0.306,0.665,1.757
0.525,1.889,0.329,1.699,1.67,0.306,0.665,1.757
0.525,1.888,0.329,1.698,1.67,0.306,0.665,1.757
0.525,1.889,0.329,1.699,1.67,0.306,0.665,1.757
0.525,1.888,0.329,1.699,1.67,0.306,0.665,1.757
0.525,1.889,0.329,1.699,1.67,0.306,0.665,1.758
0.525,1.888,0.329,1.699,1.67,0.306,0.665,1.757
0.525,1.888,0.329,1.698,1.67,0.306,0.665,1.757
0.525,1.888,0.329,1.699,1.67,0.306,0.665,1.758
0.525,1.889,0.329,1.699,1.67,0.306,0.665,1.758
0.525,1.889,0.329,1.699,1.67,0.306,0.666,1.758
0.525,1.889,0.329,1.699,1.67,0.306,0.665,1.758
0.525,1.889,0.329,1.699,1.67,0.306,0.665,1.758
0.525,1.889,0.329,1.699,1.67,0.306,0.665,1.758
0.525,1.889,0.329,1.699,1.67,0.306,0.665,1.758
0.525,1.889,0.329,1.699,1.671,0.306,0.666,1.758
0.525,1.889,0.329,1.699,1.671,0.306,0.666,1.758
0.525,1.889,0.329,1.699,1.671,0.307,0.666,1.758
0.525,1.889,0.329,1.699,1.671,0.306,0.666,1.758
0.525,1.89,0.329,1.699,1.671,0.306,0.666,1.758
0.526,1.889,0.329,1.699,1.671,0.306,0.666,1.758
0.526,1.89,0.329,1.699,1.671,0.306,0.666,1.758
0.526,1.889,0.329,1.7,1.67,0.306,0.666,1.758
0.525,1.889,0.329,1.699,1.671,0.306,0.665,1.758
0.525,1.889,0.329,1.699,1.67,0.306,0.665,1.758
0.525,1.888,0.329,1.698,1.67,0.306,0.666,1.757
0.525,1.889,0.329,1.699,1.67,0.306,0.665,1.757
0.525,1.889,0.329,1.699,1.67,0.306,0.666,1.758
0.525,1.889,0.329,1.699,1.67,0.306,0.666,1.758
0.525,1.889,0.329,1.699,1.67,0.306,0.666,1.758
0.526,1.889,0.329,1.699,1.67,0.306,0.666,1.758
0.525,1.889,0.329,1.699,1.67,0.306,0.665,1.758
0.525,1.889,0.329,1.699,1.67,0.306,0.666,1.758
0.525,1.889,0.329,1.698,1.67,0.306,0.665,1.757
0.525,1.888,0.329,1.699,1.67,0.306,0.665,1.757
0.525,1.889,0.329,1.698,1.67,0.306,0.665,1.758
0.525,1.889,0.329,1.699,1.67,0.306,0.666,1.757
0.525,1.889,0.329,1.699,1.67,0.306,0.666,1.758
0.525,1.889,0.329,1.699,1.67,0.306,0.665,1.758
0.526,1.889,0.329,1.699,1.671,0.306,0.666,1.758
0.526,1.889,0.329,1.699,1.67,0.306,0.666,1.758
0.525,1.889,0.329,1.699,1.67,0.306,0.666,1.758
0.526,1.889,0.329,1.699,1.67,0.306,0.666,1.758
0.526,1.889,0.329,1.699,1.671,0.306,0.666,1.758
0.525,1.889,0.329,1.699,1.67,0.306,0.666,1.758
0.525,1.888,0.329,1.698,1.67,0.306,0.665,1.758
0.525,1.888,0.329,1.698,1.67,0.306,0.665,1.758
0.525,1.889,0.329,1.698,1.67,0.306,0.666,1.758
0.525,1.888,0.329,1.698,1.67,0.306,0.665,1.757
0.525,1.888,0.329,1.698,1.67,0.306,0.666,1.758
0.525,1.889,0.329,1.698,1.67,0.306,0.666,1.758
0.526,1.889,0.329,1.698,1.67,0.306,0.666,1.758
0.525,1.888,0.329,1.698,1.67,0.306,0.665,1.757
0.525,1.889,0.329,1.698,1.67,0.306,0.666,1.757
0.525,1.889,0.329,1.698,1.67,0.306,0.666,1.758
0.525,1.889,0.329,1.699,1.67,0.306,0.666,1.758
0.525,1.889,0.329,1.698,1.67,0.306,0.666,1.758
0.525,1.889,0.329,1.698,1.67,0.306,0.665,1.758
0.525,1.889,0.329,1.698,1.67,0.306,0.666,1.758
0.525,1.889,0.329,1.699,1.67,0.306,0.666,1.758
0.525,1.889,0.329,1.699,1.67,0.306,0.666,1.758
0.525,1.889,0.329,1.699,1.67,0.306,0.666,1.758
0.525,1.889,0.329,1.699,1.67,0.306,0.666,1.758
0.526,1.889,0.329,1.699,1.67,0.306,0.666,1.758
0.525,1.889,0.329,1.699,1.67,0.306,0.666,1.758
0.525,1.889,0.329,1.699,1.67,0.306,0.666,1.758
0.526,1.888,0.329,1.699,1.67,0.306,0.666,1.758
0.526,1.889,0.329,1.698,1.67,0.306,0.666,1.758
0.526,1.889,0.329,1.699,1.67,0.306,0.666,1.758
0.526,1.889,0.329,1.699,1.67,0.306,0.666,1.758
0.526,1.889,0.329,1.699,1.67,0.306,0.666,1.758
0.526,1.889,0.329,1.699,1.67,0.306,0.666,1.758
0.526,1.888,0.329,1.698,1.67,0.306,0.665,1.757
0.525,1.888,0.329,1.698,1.67,0.306,0.665,1.757
0.525,1.888,0.329,1.698,1.67,0.306,0.665,1.757
0.525,1.888,0.329,1.698,1.67,0.306,0.665,1.757
0.525,1.888,0.329,1.698,1.669,0.306,0.665,1.757
0.525,1.888,0.329,1.698,1.67,0.306,0.665,1.757
0.525,1.888,0.329,1.698,1.67,0.306,0.665,1.757
0.525,1.888,0.329,1.698,1.669,0.306,0.665,1.757
0.525,1.888,0.329,1.698,1.67,0.306,0.665,1.757
0.525,1.888,0.329,1.698,1.67,0.306,0.665,1.757
0.525,1.888,0.329,1.698,1.67,0.306,0.665,1.757
0.525,1.888,0.329,1.698,1.67,0.306,0.665,1.757
0.525,1.889,0.329,1.698,1.67,0.306,0.665,1.758
0.525,1.888,0.329,1.698,1.67,0.306,0.665,1.758
0.525,1.888,0.329,1.698,1.67,0.306,0.665,1.757
0.525,1.888,0.329,1.698,1.669,0.306,0.665,1.757
0.525,1.888,0.329,1.697,1.669,0.306,0.665,1.757
0.525,1.888,0.329,1.698,1.67,0.306,0.665,1.757
0.525,1.888,0.329,1.698,1.669,0.306,0.665,1.757
0.525,1.888,0.329,1.698,1.669,0.306,0.665,1.757
0.525,1.888,0.329,1.698,1.67,0.306,0.666,1.758
0.526,1.888,0.329,1.698,1.67,0.306,0.666,1.758
0.526,1.889,0.329,1.699,1.67,0.306,0.666,1.758
0.526,1.889,0.329,1.698,1.67,0.306,0.665,1.757
0.525,1.888,0.329,1.698,1.67,0.306,0.665,1.757
0.525,1.888,0.329,1.698,1.67,0.306,0.665,1.757
0.525,1.888,0.329,1.698,1.67,0.306,0.665,1.757
0.525,1.888,0.329,1.698,1.67,0.306,0.665,1.757
0.526,1.888,0.329,1.698,1.67,0.306,0.665,1.757
0.525,1.888,0.329,1.698,1.67,0.306,0.666,1.757
0.525,1.888,0.329,1.698,1.67,0.306,0.665,1.757
0.525,1.889,0.329,1.698,1.67,0.306,0.666,1.758
0.525,1.889,0.329,1.698,1.67,0.306,0.666,1.758
0.526,1.889,0.329,1.698,1.67,0.306,0.666,1.758
0.526,1.889,0.329,1.698,1.67,0.306,0.666,1.758
0.526,1.889,0.329,1.698,1.67,0.306,0.665,1.758
0.526,1.889,0.329,1.698,1.67,0.306,0.665,1.757
0.525,1.888,0.329,1.698,1.67,0.306,0.665,1.757
0.525,1.888,0.329,1.698,1.67,0.306,0.665,1.757
0.525,1.888,0.329,1.698,1.67,0.306,0.665,1.758
0.525,1.888,0.329,1.698,1.67,0.306,0.665,1.757
0.525,1.888,0.329,1.698,1.67,0.306,0.665,1.758
0.525,1.888,0.329,1.698,1.669,0.306,0.665,1.757
0.525,1.888,0.329,1.698,1.669,0.306,0.665,1.757
0.526,1.888,0.329,1.698,1.67,0.306,0.666,1.758
0.526,1.889,0.329,1.698,1.67,0.306,0.665,1.758
0.526,1.888,0.329,1.698,1.67,0.306,0.665,1.757
0.526,1.888,0.329,1.698,1.67,0.306,0.665,1.758
0.525,1.889,0.329,1.698,1.67,0.306,0.665,1.758
0.525,1.889,0.329,1.698,1.67,0.306,0.666,1.758
0.526,1.889,0.329,1.698,1.67,0.306,0.666,1.758
0.526,1.889,0.329,1.698,1.67,0.306,0.665,1.758
0.525,1.889,0.329,1.698,1.67,0.306,0.665,1.758
0.525,1.888,0.329,1.698,1.67,0.306,0.665,1.758
0.526,1.889,0.329,1.698,1.67,0.306,0.665,1.757
0.526,1.889,0.329,1.698,1.67,0.306,0.666,1.757
0.525,1.889,0.329,1.698,1.67,0.306,0.665,1.757
0.526,1.889,0.329,1.698,1.67,0.306,0.665,1.757
0.525,1.889,0.329,1.698,1.67,0.306,0.665,1.757
0.525,1.888,0.329,1.698,1.67,0.306,0.665,1.758
0.526,1.888,0.329,1.698,1.67,0.306,0.665,1.758
0.526,1.888,0.329,1.698,1.67,0.306,0.666,1.757
0.525,1.888,0.329,1.698,1.67,0.306,0.666,1.758
0.526,1.888,0.329,1.698,1.67,0.306,0.666,1.758
0.525,1.888,0.329,1.698,1.67,0.306,0.666,1.758
0.526,1.889,0.329,1.698,1.67,0.306,0.666,1.758
0.526,1.889,0.329,1.698,1.67,0.306,0.666,1.758
0.526,1.889,0.329,1.698,1.67,0.306,0.666,1.758
0.526,1.889,0.329,1.698,1.67,0.306,0.666,1.758
0.526,1.889,0.329,1.698,1.67,0.306,0.666,1.758
0.526,1.889,0.329,1.698,1.67,0.306,0.666,1.758
0.526,1.889,0.329,1.698,1.67,0.306,0.666,1.758
0.526,1.889,0.329,1.698,1.67,0.306,0.666,1.758
0.526,1.889,0.329,1.698,1.671,0.306,0.666,1.758
0.526,1.889,0.329,1.698,1.67,0.306,0.666,1.758
0.526,1.889,0.329,1.698,1.67,0.306,0.666,1.758
0.526,1.889,0.329,1.698,1.67,0.306,0.666,1.758
0.526,1.889,0.329,1.698,1.67,0.306,0.666,1.758
0.526,1.889,0.329,1.698,1.67,0.306,0.666,1.758
0.526,1.889,0.329,1.698,1.67,0.306,0.666,1.758
0.526,1.888,0.329,1.698,1.67,0.306,0.666,1.758
0.526,1.888,0.329,1.698,1.67,0.306,0.666,1.758
0.526,1.889,0.329,1.698,1.67,0.306,0.666,1.758
0.526,1.888,0.329,1.698,1.67,0.306,0.666,1.758
0.526,1.889,0.329,1.698,1.67,0.306,0.666,1.758
0.526,1.889,0.329,1.698,1.67,0.306,0.666,1.758
0.526,1.889,0.329,1.698,1.67,0.306,0.666,1.758
0.526,1.889,0.329,1.698,1.67,0.306,0.666,1.758
0.526,1.888,0.329,1.698,1.67,0.306,0.666,1.758
0.526,1.888,0.329,1.698,1.67,0.306,0.665,1.758
0.526,1.888,0.329,1.698,1.67,0.306,0.666,1.758
0.526,1.888,0.329,1.698,1.67,0.306,0.666,1.758
0.526,1.888,0.329,1.698,1.67,0.306,0.666,1.758
0.526,1.888,0.329,1.698,1.67,0.306,0.666,1.758
0.526,1.888,0.329,1.698,1.67,0.306,0.666,1.758
0.526,1.888,0.329,1.698,1.67,0.306,0.666,1.758
0.526,1.888,0.329,1.698,1.67,0.306,0.666,1.758
0.526,1.888,0.329,1.698,1.67,0.306,0.666,1.758
0.526,1.888,0.329,1.698,1.67,0.306,0.666,1.758
0.526,1.888,0.329,1.698,1.67,0.306,0.666,1.758
0.526,1.888,0.329,1.698,1.67,0.306,0.666,1.758
0.526,1.888,0.329,1.698,1.67,0.306,0.666,1.758
0.526,1.888,0.329,1.697,1.67,0.306,0.666,1.757
0.526,1.889,0.329,1.698,1.67,0.306,0.665,1.758
0.526,1.888,0.329,1.697,1.67,0.306,0.666,1.758
0.526,1.888,0.329,1.698,1.67,0.306,0.665,1.757
0.526,1.888,0.329,1.697,1.67,0.306,0.666,1.758
0.526,1.888,0.329,1.697,1.67,0.306,0.666,1.758
0.526,1.888,0.329,1.697,1.67,0.306,0.665,1.758
0.526,1.889,0.329,1.697,1.67,0.306,0.666,1.758
0.526,1.888,0.329,1.697,1.67,0.306,0.666,1.758
0.526,1.888,0.329,1.697,1.67,0.306,0.666,1.758
0.526,1.889,0.329,1.698,1.67,0.306,0.666,1.758
0.526,1.889,0.329,1.698,1.67,0.306,0.666,1.758
0.526,1.889,0.329,1.698,1.67,0.306,0.666,1.758
0.526,1.889,0.329,1.698,1.67,0.306,0.666,1.758
0.526,1.889,0.329,1.698,1.671,0.306,0.666,1.758
0.526,1.889,0.329,1.698,1.67,0.306,0.666,1.758
0.526,1.889,0.329,1.698,1.67,0.306,0.666,1.758
0.526,1.889,0.329,1.698,1.671,0.306,0.666,1.758
0.526,1.889,0.329,1.698,1.67,0.306,0.666,1.758
0.526,1.889,0.329,1.698,1.67,0.306,0.666,1.758
0.526,1.889,0.329,1.698,1.67,0.306,0.666,1.758
0.526,1.889,0.329,1.698,1.67,0.306,0.666,1.758
0.526,1.889,0.329,1.698,1.671,0.306,0.666,1.758
0.526,1.889,0.329,1.698,1.671,0.306,0.666,1.759
0.526,1.889,0.329,1.698,1.671,0.306,0.666,1.759
0.526,1.889,0.329,1.698,1.671,0.306,0.666,1.758
0.526,1.889,0.329,1.698,1.67,0.306,0.666,1.758
0.526,1.889,0.329,1.698,1.67,0.306,0.666,1.758
0.526,1.889,0.329,1.698,1.671,0.306,0.666,1.759
0.526,1.889,0.329,1.698,1.671,0.306,0.666,1.759
0.526,1.889,0.329,1.698,1.671,0.306,0.666,1.758
0.526,1.889,0.329,1.698,1.671,0.306,0.666,1.758
0.526,1.889,0.329,1.698,1.671,0.306,0.666,1.758
0.526,1.889,0.329,1.698,1.671,0.306,0.666,1.759
0.526,1.889,0.329,1.698,1.671,0.306,0.666,1.759
0.526,1.889,0.329,1.698,1.671,0.306,0.666,1.759
0.526,1.889,0.329,1.698,1.671,0.306,0.666,1.758
0.526,1.889,0.329,1.698,1.67,0.306,0.666,1.758
0.526,1.889,0.329,1.698,1.67,0.306,0.666,1.758
0.526,1.889,0.329,1.698,1.67,0.306,0.666,1.758
0.526,1.889,0.329,1.698,1.67,0.306,0.666,1.758
0.526,1.889,0.329,1.698,1.67,0.306,0.666,1.758
0.526,1.889,0.329,1.698,1.67,0.306,0.666,1.758
0.526,1.889,0.329,1.698,1.67,0.306,0.666,1.758
0.526,1.889,0.329,1.698,1.67,0.306,0.666,1.759
0.526,1.889,0.329,1.698,1.67,0.306,0.666,1.759
0.526,1.889,0.329,1.698,1.671,0.306,0.666,1.759
0.526,1.889,0.329,1.698,1.671,0.306,0.666,1.758
0.526,1.889,0.329,1.698,1.67,0.306,0.666,1.758
0.526,1.889,0.329,1.698,1.67,0.306,0.666,1.758
0.526,1.889,0.329,1.697,1.67,0.306,0.666,1.758
0.526,1.889,0.329,1.697,1.67,0.306,0.666,1.758
0.526,1.889,0.329,1.698,1.67,0.306,0.666,1.758
0.526,1.889,0.329,1.697,1.67,0.306,0.666,1.758
0.526,1.889,0.329,1.697,1.67,0.306,0.666,1.758
0.526,1.889,0.329,1.698,1.67,0.306,0.666,1.758
0.526,1.889,0.329,1.697,1.67,0.306,0.666,1.758
0.526,1.889,0.329,1.697,1.67,0.306,0.666,1.758
0.526,1.889,0.329,1.697,1.67,0.306,0.666,1.758
0.526,1.889,0.329,1.698,1.67,0.306,0.666,1.758
0.526,1.889,0.329,1.698,1.67,0.306,0.666,1.758
0.526,1.889,0.329,1.698,1.67,0.306,0.666,1.758
0.526,1.889,0.329,1.698,1.67,0.306,0.666,1.758
0.526,1.889,0.329,1.698,1.67,0.306,0.666,1.758
0.526,1.889,0.329,1.698,1.671,0.306,0.666,1.758
0.526,1.889,0.329,1.697,1.67,0.306,0.666,1.758
0.526,1.889,0.329,1.697,1.67,0.306,0.666,1.758
0.526,1.889,0.329,1.697,1.67,0.306,0.666,1.758
0.526,1.889,0.329,1.698,1.67,0.306,0.666,1.758
0.526,1.889,0.329,1.697,1.67,0.306,0.666,1.758
0.526,1.889,0.329,1.697,1.67,0.306,0.666,1.758
0.526,1.889,0.329,1.697,1.67,0.306,0.666,1.758
0.526,1.889,0.329,1.697,1.67,0.306,0.666,1.758
0.526,1.889,0.329,1.697,1.67,0.306,0.666,1.758
0.526,1.889,0.329,1.697,1.67,0.306,0.666,1.758
0.526,1.889,0.329,1.697,1.67,0.306,0.666,1.758
0.526,1.889,0.329,1.697,1.67,0.306,0.666,1.758
0.526,1.889,0.329,1.697,1.67,0.306,0.666,1.758
0.526,1.889,0.329,1.697,1.67,0.306,0.666,1.758
0.526,1.889,0.329,1.697,1.67,0.306,0.666,1.758
0.526,1.889,0.329,1.697,1.67,0.306,0.666,1.758
0.526,1.889,0.329,1.697,1.67,0.306,0.666,1.758
0.526,1.889,0.329,1.697,1.67,0.306,0.666,1.758
0.526,1.889,0.329,1.698,1.671,0.306,0.666,1.758
0.526,1.889,0.329,1.698,1.671,0.306,0.666,1.758
0.526,1.889,0.329,1.698,1.671,0.306,0.666,1.758
0.526,1.889,0.329,1.698,1.671,0.306,0.666,1.758
0.526,1.889,0.329,1.697,1.67,0.306,0.666,1.758
0.526,1.889,0.329,1.697,1.67,0.306,0.666,1.758
0.526,1.889,0.329,1.697,1.67,0.306,0.666,1.758
0.526,1.889,0.329,1.697,1.67,0.306,0.666,1.758
0.526,1.889,0.329,1.697,1.67,0.306,0.666,1.758
0.526,1.889,0.329,1.697,1.67,0.306,0.666,1.758
0.526,1.889,0.329,1.697,1.67,0.306,0.666,1.758
0.526,1.889,0.329,1.698,1.67,0.306,0.666,1.758
0.526,1.889,0.329,1.698,1.67,0.306,0.666,1.758
0.526,1.889,0.329,1.698,1.67,0.306,0.666,1.758
0.526,1.889,0.329,1.698,1.67,0.306,0.666,1.758
0.526,1.889,0.329,1.697,1.671,0.306,0.666,1.758
0.526,1.889,0.329,1.697,1.67,0.306,0.666,1.758
0.526,1.889,0.329,1.697,1.67,0.306,0.666,1.758
0.526,1.889,0.329,1.698,1.67,0.306,0.666,1.758
0.526,1.889,0.329,1.697,1.67,0.306,0.666,1.758
0.526,1.89,0.329,1.698,1.67,0.306,0.666,1.758
0.526,1.889,0.329,1.698,1.671,0.306,0.666,1.758
0.526,1.889,0.329,1.698,1.671,0.306,0.666,1.758
0.526,1.889,0.329,1.697,1.671,0.306,0.666,1.758
0.526,1.89,0.329,1.698,1.671,0.306,0.666,1.759
0.527,1.89,0.329,1.698,1.671,0.306,0.666,1.759
0.527,1.89,0.329,1.698,1.671,0.306,0.666,1.759
0.526,1.89,0.329,1.698,1.671,0.306,0.666,1.759
0.526,1.89,0.329,1.698,1.671,0.306,0.666,1.758
0.527,1.89,0.329,1.698,1.671,0.306,0.666,1.759
0.526,1.89,0.329,1.698,1.671,0.306,0.666,1.759
0.526,1.889,0.329,1.698,1.671,0.306,0.666,1.759
0.527,1.889,0.329,1.698,1.671,0.306,0.666,1.759
0.526,1.889,0.329,1.698,1.671,0.306,0.666,1.759
0.526,1.889,0.329,1.698,1.671,0.306,0.666,1.759
0.527,1.889,0.329,1.697,1.67,0.306,0.666,1.758
0.526,1.889,0.329,1.697,1.671,0.306,0.666,1.758
0.527,1.889,0.329,1.698,1.671,0.306,0.666,1.759
0.526,1.889,0.329,1.698,1.671,0.306,0.666,1.759
0.526,1.889,0.329,1.697,1.671,0.306,0.666,1.759
0.526,1.889,0.329,1.698,1.671,0.306,0.666,1.759
0.527,1.889,0.329,1.698,1.671,0.306,0.666,1.758
0.527,1.89,0.329,1.698,1.671,0.306,0.666,1.759
0.527,1.89,0.329,1.698,1.671,0.306,0.666,1.759
0.527,1.889,0.329,1.698,1.671,0.306,0.666,1.759
0.527,1.89,0.329,1.698,1.671,0.306,0.666,1.759
0.527,1.89,0.329,1.698,1.671,0.306,0.666,1.759
0.527,1.89,0.329,1.698,1.671,0.306,0.666,1.759
0.527,1.89,0.329,1.698,1.671,0.306,0.666,1.759
0.527,1.889,0.329,1.698,1.671,0.306,0.666,1.759
0.527,1.889,0.329,1.698,1.671,0.306,0.666,1.759
0.526,1.889,0.329,1.698,1.671,0.306,0.666,1.759
0.527,1.889,0.329,1.698,1.671,0.306,0.666,1.759
0.527,1.889,0.329,1.698,1.671,0.306,0.666,1.759
0.527,1.889,0.329,1.697,1.671,0.306,0.666,1.758
0.526,1.889,0.329,1.697,1.67,0.306,0.666,1.758
0.527,1.889,0.329,1.697,1.67,0.306,0.666,1.758
0.526,1.889,0.329,1.697,1.67,0.306,0.666,1.759
0.526,1.889,0.329,1.697,1.671,0.306,0.666,1.759
0.527,1.889,0.329,1.697,1.67,0.306,0.666,1.758
0.527,1.889,0.329,1.697,1.671,0.306,0.666,1.759
0.527,1.889,0.329,1.697,1.671,0.306,0.666,1.759
0.527,1.889,0.329,1.697,1.671,0.306,0.666,1.759
0.527,1.889,0.329,1.697,1.671,0.306,0.666,1.759
0.527,1.889,0.329,1.697,1.671,0.306,0.666,1.758
0.527,1.889,0.329,1.697,1.671,0.306,0.666,1.759
0.527,1.889,0.329,1.697,1.671,0.306,0.666,1.759
0.527,1.889,0.329,1.697,1.671,0.306,0.666,1.759
0.527,1.889,0.329,1.697,1.671,0.306,0.666,1.759
0.527,1.889,0.329,1.698,1.671,0.306,0.666,1.759
0.527,1.889,0.329,1.697,1.671,0.306,0.666,1.759
0.527,1.889,0.329,1.698,1.671,0.306,0.666,1.759
0.527,1.889,0.329,1.697,1.671,0.306,0.666,1.759
0.527,1.889,0.329,1.697,1.671,0.306,0.666,1.759
0.527,1.889,0.329,1.698,1.671,0.306,0.666,1.759
0.527,1.89,0.329,1.698,1.671,0.306,0.666,1.759
0.527,1.889,0.329,1.698,1.671,0.306,0.666,1.759
0.527,1.889,0.329,1.697,1.671,0.306,0.666,1.759
0.527,1.889,0.329,1.697,1.67,0.306,0.666,1.759
0.527,1.889,0.329,1.697,1.671,0.306,0.667,1.759
0.527,1.89,0.329,1.698,1.671,0.306,0.667,1.759
0.527,1.89,0.329,1.698,1.671,0.306,0.666,1.759
0.527,1.89,0.329,1.698,1.671,0.306,0.666,1.759
0.527,1.89,0.329,1.698,1.671,0.306,0.666,1.759
0.527,1.889,0.329,1.698,1.671,0.306,0.666,1.759
0.527,1.89,0.329,1.698,1.671,0.306,0.667,1.759
0.527,1.89,0.329,1.698,1.671,0.306,0.666,1.759
0.527,1.89,0.329,1.698,1.671,0.306,0.666,1.759
0.527,1.89,0.329,1.698,1.671,0.306,0.667,1.759
0.527,1.89,0.329,1.698,1.671,0.306,0.666,1.759
0.527,1.89,0.329,1.698,1.671,0.306,0.667,1.759
0.527,1.89,0.329,1.698,1.671,0.306,0.667,1.759
0.527,1.89,0.329,1.698,1.671,0.306,0.666,1.759
0.527,1.89,0.329,1.698,1.671,0.306,0.666,1.759
0.527,1.89,0.329,1.698,1.671,0.306,0.666,1.759
0.527,1.89,0.329,1.698,1.672,0.306,0.667,1.759
0.527,1.89,0.329,1.698,1.671,0.306,0.667,1.759
0.527,1.89,0.329,1.698,1.672,0.306,0.667,1.759
0.527,1.89,0.329,1.698,1.671,0.306,0.667,1.759
0.527,1.89,0.329,1.698,1.671,0.306,0.666,1.759
0.527,1.89,0.329,1.698,1.672,0.306,0.667,1.759
0.527,1.89,0.329,1.698,1.672,0.306,0.667,1.759
0.527,1.89,0.329,1.698,1.671,0.306,0.667,1.759
0.527,1.89,0.329,1.698,1.672,0.307,0.666,1.759
0.527,1.89,0.329,1.698,1.672,0.306,0.667,1.759
0.527,1.89,0.329,1.698,1.671,0.306,0.667,1.759
0.527,1.89,0.329,1.698,1.671,0.306,0.667,1.759
0.527,1.89,0.329,1.698,1.672,0.306,0.667,1.759
0.527,1.89,0.329,1.698,1.672,0.306,0.667,1.759
0.527,1.89,0.329,1.698,1.672,0.307,0.667,1.76
0.527,1.89,0.329,1.698,1.672,0.306,0.667,1.759
0.527,1.89,0.329,1.698,1.672,0.306,0.667,1.76
0.527,1.89,0.329,1.698,1.672,0.306,0.667,1.76
0.527,1.89,0.329,1.698,1.672,0.306,0.667,1.759
0.527,1.89,0.329,1.698,1.672,0.307,0.667,1.759
0.527,1.89,0.329,1.698,1.672,0.307,0.667,1.76
0.527,1.89,0.329,1.698,1.672,0.306,0.667,1.76
0.527,1.89,0.329,1.698,1.672,0.307,0.667,1.76
0.527,1.89,0.329,1.698,1.672,0.307,0.667,1.76
0.527,1.89,0.329,1.698,1.672,0.307,0.667,1.76
0.527,1.89,0.329,1.698,1.672,0.306,0.667,1.76
0.527,1.89,0.329,1.698,1.672,0.307,0.667,1.76
0.527,1.89,0.329,1.698,1.672,0.306,0.667,1.759
0.527,1.89,0.329,1.698,1.672,0.307,0.667,1.76
0.527,1.89,0.33,1.698,1.672,0.306,0.667,1.759
0.527,1.89,0.329,1.698,1.672,0.306,0.667,1.759
0.527,1.89,0.329,1.698,1.672,0.306,0.667,1.759
0.527,1.89,0.329,1.698,1.672,0.306,0.667,1.759
0.527,1.89,0.329,1.698,1.672,0.307,0.667,1.76
0.527,1.89,0.329,1.698,1.672,0.307,0.667,1.76
0.528,1.891,0.329,1.698,1.672,0.306,0.667,1.76
0.528,1.891,0.329,1.698,1.672,0.307,0.667,1.76
0.528,1.891,0.329,1.699,1.672,0.307,0.667,1.76
0.527,1.89,0.329,1.698,1.672,0.307,0.667,1.76
0.528,1.89,0.329,1.698,1.672,0.307,0.667,1.76
0.528,1.89,0.33,1.698,1.672,0.307,0.667,1.76
0.527,1.89,0.329,1.698,1.672,0.307,0.667,1.76
0.528,1.89,0.329,1.698,1.672,0.307,0.667,1.76
0.528,1.89,0.33,1.698,1.672,0.307,0.667,1.76
0.528,1.89,0.329,1.698,1.672,0.307,0.667,1.76
0.528,1.89,0.329,1.698,1.672,0.307,0.667,1.76
0.528,1.89,0.329,1.698,1.672,0.306,0.667,1.76
0.528,1.89,0.329,1.698,1.672,0.307,0.667,1.76
0.528,1.89,0.329,1.698,1.672,0.307,0.667,1.76
0.528,1.89,0.329,1.698,1.672,0.306,0.667,1.76
0.528,1.89,0.329,1.698,1.672,0.307,0.667,1.76
0.528,1.89,0.329,1.698,1.672,0.307,0.667,1.76
0.528,1.89,0.329,1.698,1.672,0.307,0.667,1.76
0.528,1.89,0.329,1.698,1.672,0.307,0.667,1.76
0.528,1.89,0.329,1.698,1.672,0.307,0.667,1.76
0.528,1.89,0.329,1.699,1.673,0.307,0.667,1.76
0.528,1.89,0.329,1.698,1.673,0.307,0.667,1.76
0.528,1.89,0.329,1.698,1.672,0.307,0.667,1.76
0.528,1.89,0.329,1.698,1.673,0.307,0.667,1.76
0.528,1.891,0.329,1.699,1.673,0.307,0.667,1.761
0.528,1.891,0.329,1.699,1.673,0.307,0.667,1.761
0.528,1.891,0.33,1.699,1.673,0.307,0.667,1.761
0.528,1.891,0.329,1.699,1.673,0.307,0.667,1.76
0.528,1.891,0.329,1.699,1.673,0.307,0.667,1.761
0.528,1.891,0.329,1.699,1.673,0.307,0.667,1.76
0.528,1.891,0.33,1.699,1.673,0.307,0.667,1.761
0.528,1.891,0.33,1.699,1.673,0.307,0.667,1.76
0.528,1.891,0.33,1.699,1.673,0.307,0.667,1.761
0.528,1.891,0.329,1.699,1.673,0.307,0.667,1.761
0.528,1.891,0.329,1.699,1.673,0.307,0.667,1.76
0.528,1.891,0.329,1.699,1.673,0.307,0.667,1.761
0.528,1.891,0.329,1.699,1.673,0.307,0.667,1.76
0.528,1.891,0.33,1.699,1.673,0.307,0.667,1.761
0.528,1.891,0.33,1.699,1.673,0.307,0.667,1.761
0.528,1.891,0.33,1.699,1.673,0.307,0.667,1.761
0.528,1.891,0.33,1.699,1.673,0.307,0.667,1.761
0.528,1.891,0.33,1.699,1.673,0.307,0.667,1.761
0.528,1.891,0.33,1.699,1.673,0.307,0.667,1.761
0.528,1.891,0.329,1.699,1.673,0.307,0.668,1.761
0.528,1.891,0.33,1.699,1.673,0.307,0.667,1.761
0.528,1.891,0.33,1.699,1.673,0.307,0.668,1.761
0.528,1.891,0.33,1.699,1.673,0.307,0.667,1.761
0.528,1.891,0.33,1.699,1.673,0.307,0.668,1.761
0.528,1.891,0.33,1.699,1.673,0.307,0.668,1.761
0.528,1.891,0.33,1.699,1.673,0.307,0.668,1.761
0.528,1.891,0.33,1.699,1.673,0.307,0.668,1.761
0.528,1.891,0.329,1.699,1.674,0.307,0.668,1.761
0.528,1.891,0.33,1.699,1.673,0.307,0.668,1.761
0.528,1.891,0.33,1.699,1.674,0.307,0.668,1.761
0.528,1.891,0.33,1.699,1.674,0.307,0.668,1.761
0.528,1.892,0.33,1.699,1.673,0.307,0.668,1.761
0.528,1.891,0.329,1.699,1.673,0.307,0.668,1.761
0.528,1.891,0.33,1.699,1.674,0.307,0.668,1.761
0.528,1.891,0.33,1.699,1.673,0.307,0.668,1.761
0.528,1.891,0.33,1.699,1.673,0.307,0.668,1.761
0.529,1.891,0.33,1.699,1.674,0.307,0.668,1.761
0.529,1.891,0.33,1.699,1.674,0.307,0.668,1.761
0.529,1.892,0.33,1.699,1.674,0.307,0.668,1.761
0.529,1.891,0.33,1.699,1.674,0.307,0.668,1.761
0.529,1.892,0.33,1.699,1.674,0.307,0.668,1.761
0.529,1.892,0.33,1.699,1.674,0.307,0.668,1.761
0.529,1.892,0.33,1.699,1.674,0.307,0.668,1.761
0.529,1.892,0.33,1.7,1.674,0.307,0.668,1.762
0.529,1.892,0.33,1.699,1.674,0.307,0.668,1.761
0.529,1.892,0.33,1.699,1.674,0.307,0.668,1.761
0.529,1.892,0.33,1.699,1.674,0.307,0.668,1.761
0.529,1.892,0.33,1.7,1.674,0.307,0.668,1.761
0.529,1.892,0.33,1.699,1.674,0.307,0.668,1.762
0.529,1.892,0.33,1.699,1.674,0.307,0.668,1.761
0.529,1.892,0.33,1.699,1.674,0.307,0.668,1.762
0.529,1.892,0.33,1.699,1.674,0.307,0.668,1.761
0.529,1.892,0.33,1.699,1.674,0.307,0.668,1.761
0.529,1.892,0.33,1.699,1.674,0.307,0.668,1.761
0.529,1.892,0.33,1.699,1.674,0.307,0.668,1.762
0.529,1.892,0.33,1.699,1.674,0.307,0.668,1.761
0.529,1.891,0.33,1.699,1.674,0.307,0.668,1.762
0.529,1.892,0.33,1.699,1.674,0.307,0.668,1.762
0.529,1.892,0.33,1.699,1.674,0.307,0.668,1.762
0.529,1.892,0.33,1.699,1.674,0.307,0.668,1.762
0.529,1.892,0.33,1.699,1.674,0.307,0.668,1.761
0.529,1.892,0.33,1.699,1.674,0.307,0.668,1.761
0.529,1.892,0.33,1.699,1.674,0.307,0.668,1.762
0.529,1.892,0.33,1.699,1.674,0.307,0.668,1.761
0.529,1.892,0.33,1.699,1.674,0.307,0.668,1.761
0.529,1.892,0.33,1.699,1.674,0.307,0.668,1.761
0.529,1.892,0.33,1.699,1.674,0.307,0.668,1.761
0.529,1.892,0.33,1.699,1.674,0.307,0.668,1.761
0.529,1.892,0.33,1.699,1.674,0.307,0.668,1.761
0.529,1.892,0.33,1.699,1.674,0.307,0.668,1.761
0.529,1.892,0.33,1.699,1.674,0.307,0.668,1.761
0.529,1.891,0.33,1.699,1.674,0.307,0.668,1.761
0.529,1.891,0.33,1.699,1.674,0.307,0.668,1.761
0.529,1.891,0.33,1.699,1.674,0.307,0.668,1.761
0.529,1.891,0.33,1.699,1.674,0.307,0.668,1.761
0.529,1.891,0.33,1.699,1.674,0.307,0.668,1.761
0.529,1.892,0.33,1.699,1.674,0.307,0.668,1.761
0.529,1.891,0.33,1.699,1.674,0.307,0.668,1.761
0.529,1.892,0.33,1.699,1.674,0.307,0.668,1.761
0.529,1.892,0.33,1.699,1.674,0.307,0.668,1.761
0.529,1.892,0.33,1.699,1.674,0.307,0.668,1.761
0.529,1.892,0.33,1.699,1.674,0.307,0.668,1.761
0.529,1.892,0.33,1.699,1.674,0.307,0.668,1.761
0.529,1.892,0.33,1.699,1.674,0.307,0.668,1.761
0.529,1.892,0.33,1.699,1.674,0.307,0.668,1.761
0.529,1.892,0.33,1.699,1.674,0.307,0.668,1.761
0.529,1.892,0.33,1.699,1.674,0.307,0.668,1.761
0.529,1.892,0.33,1.699,1.674,0.307,0.668,1.761
0.529,1.892,0.33,1.699,1.674,0.307,0.668,1.761
0.529,1.892,0.33,1.699,1.674,0.307,0.668,1.761
0.529,1.892,0.33,1.699,1.674,0.307,0.668,1.761
0.529,1.892,0.33,1.699,1.674,0.307,0.668,1.761
0.529,1.892,0.33,1.699,1.674,0.307,0.668,1.761
0.529,1.892,0.33,1.699,1.674,0.307,0.668,1.761
0.529,1.892,0.33,1.699,1.674,0.307,0.668,1.762
0.529,1.892,0.33,1.699,1.674,0.307,0.668,1.762
0.529,1.892,0.33,1.699,1.674,0.307,0.668,1.762
0.529,1.892,0.33,1.699,1.674,0.307,0.668,1.761
0.529,1.892,0.33,1.699,1.674,0.307,0.668,1.762
0.529,1.892,0.33,1.699,1.674,0.307,0.668,1.761
0.529,1.892,0.33,1.699,1.674,0.307,0.668,1.762
0.529,1.892,0.33,1.699,1.674,0.307,0.668,1.762
0.529,1.892,0.33,1.699,1.674,0.307,0.669,1.762
0.529,1.892,0.33,1.699,1.674,0.307,0.668,1.762
0.529,1.892,0.33,1.699,1.674,0.307,0.668,1.762
0.529,1.892,0.33,1.699,1.674,0.307,0.668,1.762
0.529,1.892,0.33,1.699,1.674,0.307,0.668,1.762
0.529,1.892,0.33,1.699,1.674,0.307,0.669,1.762
0.529,1.892,0.33,1.699,1.674,0.307,0.668,1.762
0.529,1.892,0.33,1.699,1.674,0.307,0.668,1.762
0.529,1.892,0.33,1.699,1.674,0.307,0.669,1.762
0.529,1.892,0.33,1.699,1.674,0.307,0.668,1.761
0.529,1.891,0.33,1.699,1.674,0.307,0.668,1.761
0.529,1.891,0.33,1.699,1.674,0.307,0.668,1.761
0.529,1.891,0.33,1.699,1.674,0.307,0.668,1.761
0.529,1.891,0.33,1.698,1.673,0.307,0.668,1.761
0.529,1.891,0.33,1.699,1.674,0.307,0.668,1.761
0.529,1.891,0.33,1.699,1.674,0.307,0.669,1.762
0.529,1.892,0.33,1.699,1.674,0.307,0.669,1.762
0.529,1.892,0.33,1.699,1.674,0.307,0.669,1.762
0.529,1.892,0.33,1.699,1.674,0.307,0.669,1.762
0.529,1.892,0.33,1.699,1.674,0.307,0.669,1.761
0.529,1.892,0.33,1.699,1.674,0.307,0.669,1.763
0.53,1.893,0.33,1.7,1.675,0.308,0.669,1.763
0.529,1.892,0.33,1.699,1.675,0.307,0.669,1.762
0.529,1.89,0.329,1.698,1.673,0.307,0.668,1.761
0.529,1.889,0.329,1.696,1.672,0.307,0.668,1.759
0.53,1.892,0.33,1.698,1.673,0.307,0.668,1.76
0.53,1.894,0.33,1.7,1.675,0.308,0.669,1.763
0.53,1.893,0.33,1.7,1.675,0.308,0.669,1.763
0.53,1.892,0.33,1.699,1.675,0.307,0.669,1.762
0.529,1.89,0.329,1.698,1.673,0.307,0.668,1.761
0.529,1.889,0.329,1.696,1.671,0.307,0.667,1.759
0.53,1.891,0.33,1.698,1.673,0.307,0.668,1.76
0.53,1.893,0.33,1.7,1.676,0.308,0.669,1.762
0.53,1.892,0.33,1.7,1.675,0.308,0.669,1.763
0.529,1.892,0.33,1.699,1.675,0.307,0.669,1.762
0.529,1.89,0.329,1.698,1.673,0.307,0.668,1.761
0.529,1.889,0.329,1.696,1.672,0.307,0.668,1.759
0.53,1.891,0.33,1.698,1.673,0.307,0.668,1.759
0.53,1.893,0.33,1.7,1.675,0.308,0.669,1.762
0.53,1.893,0.33,1.7,1.675,0.308,0.669,1.763
0.53,1.893,0.33,1.7,1.675,0.308,0.669,1.762
0.529,1.891,0.329,1.698,1.674,0.307,0.669,1.761
0.529,1.889,0.329,1.696,1.672,0.307,0.668,1.759
0.53,1.892,0.33,1.698,1.673,0.307,0.668,1.76
0.53,1.894,0.33,1.7,1.676,0.308,0.669,1.763
0.53,1.893,0.33,1.7,1.676,0.308,0.669,1.763
0.53,1.892,0.33,1.7,1.675,0.308,0.669,1.763
0.529,1.89,0.329,1.698,1.674,0.307,0.669,1.762
0.529,1.889,0.329,1.696,1.672,0.307,0.668,1.759
0.53,1.891,0.33,1.698,1.673,0.307,0.668,1.76
0.53,1.894,0.33,1.7,1.676,0.308,0.669,1.762
0.53,1.893,0.33,1.7,1.676,0.308,0.669,1.763
0.53,1.892,0.33,1.7,1.675,0.308,0.669,1.763
0.529,1.89,0.33,1.698,1.674,0.307,0.669,1.762
0.529,1.889,0.329,1.696,1.672,0.307,0.668,1.759
0.53,1.891,0.33,1.697,1.673,0.307,0.668,1.759
0.53,1.893,0.33,1.7,1.676,0.308,0.669,1.762
0.53,1.893,0.33,1.7,1.676,0.308,0.669,1.763
0.53,1.892,0.33,1.699,1.675,0.307,0.669,1.762
0.529,1.89,0.329,1.698,1.674,0.307,0.669,1.762
0.529,1.889,0.329,1.696,1.672,0.307,0.668,1.759
0.53,1.891,0.329,1.698,1.673,0.307,0.668,1.759
0.53,1.894,0.33,1.7,1.675,0.308,0.669,1.762
0.53,1.893,0.33,1.7,1.676,0.308,0.67,1.763
0.53,1.892,0.33,1.699,1.675,0.307,0.669,1.762
0.529,1.89,0.33,1.698,1.674,0.307,0.669,1.762
0.529,1.889,0.329,1.696,1.672,0.307,0.668,1.76
0.53,1.891,0.33,1.697,1.673,0.307,0.668,1.759
0.53,1.894,0.33,1.7,1.676,0.308,0.669,1.762
0.53,1.893,0.33,1.7,1.676,0.308,0.669,1.763
0.53,1.892,0.33,1.699,1.675,0.308,0.669,1.763
0.529,1.891,0.33,1.698,1.674,0.307,0.669,1.762
0.529,1.889,0.329,1.696,1.672,0.307,0.668,1.759
0.53,1.891,0.329,1.697,1.673,0.307,0.668,1.759
0.53,1.893,0.33,1.7,1.675,0.308,0.669,1.762
0.53,1.893,0.33,1.7,1.676,0.308,0.67,1.763
0.53,1.892,0.33,1.7,1.675,0.308,0.669,1.763
0.529,1.891,0.33,1.698,1.674,0.308,0.669,1.762
0.529,1.889,0.329,1.696,1.672,0.307,0.668,1.76
0.53,1.891,0.33,1.697,1.673,0.307,0.668,1.759
0.53,1.893,0.33,1.7,1.675,0.308,0.669,1.762
0.53,1.892,0.33,1.699,1.675,0.308,0.669,1.762
0.53,1.892,0.33,1.699,1.675,0.307,0.669,1.762
0.53,1.892,0.33,1.699,1.675,0.307,0.669,1.762
0.53,1.892,0.33,1.699,1.675,0.307,0.669,1.762
0.53,1.892,0.33,1.699,1.675,0.308,0.669,1.762
0.53,1.892,0.33,1.699,1.675,0.307,0.669,1.762
0.53,1.892,0.33,1.699,1.675,0.307,0.669,1.762
0.53,1.892,0.33,1.699,1.675,0.308,0.669,1.762
0.53,1.892,0.33,1.699,1.674,0.307,0.669,1.762
0.53,1.892,0.33,1.699,1.675,0.308,0.669,1.762
0.53,1.892,0.33,1.699,1.675,0.308,0.669,1.762
0.53,1.892,0.33,1.699,1.675,0.307,0.669,1.762
0.53,1.892,0.33,1.699,1.675,0.308,0.669,1.762
0.53,1.892,0.33,1.699,1.675,0.308,0.669,1.762
0.53,1.892,0.33,1.699,1.675,0.308,0.669,1.762
0.53,1.892,0.33,1.699,1.675,0.308,0.669,1.762
0.53,1.892,0.33,1.699,1.675,0.308,0.669,1.762
0.53,1.892,0.33,1.699,1.675,0.308,0.669,1.762
0.53,1.892,0.33,1.699,1.675,0.308,0.669,1.762
0.53,1.892,0.33,1.699,1.674,0.308,0.669,1.762
0.53,1.891,0.33,1.698,1.674,0.308,0.669,1.761
0.53,1.891,0.33,1.698,1.674,0.308,0.669,1.761
0.53,1.891,0.33,1.698,1.674,0.308,0.669,1.761
0.53,1.891,0.33,1.698,1.674,0.307,0.669,1.761
0.53,1.891,0.33,1.699,1.675,0.308,0.669,1.762
0.53,1.892,0.33,1.699,1.675,0.308,0.669,1.762
0.53,1.892,0.33,1.699,1.675,0.308,0.669,1.762
0.53,1.892,0.33,1.699,1.675,0.308,0.669,1.762
0.53,1.892,0.33,1.699,1.675,0.307,0.669,1.762
0.53,1.892,0.33,1.699,1.675,0.308,0.669,1.762
0.53,1.892,0.33,1.699,1.675,0.308,0.669,1.762
0.53,1.892,0.33,1.699,1.675,0.307,0.669,1.762
0.53,1.892,0.33,1.699,1.675,0.308,0.669,1.762
0.53,1.892,0.33,1.699,1.675,0.308,0.669,1.762
0.53,1.892,0.33,1.699,1.675,0.308,0.669,1.762
0.53,1.892,0.33,1.699,1.675,0.308,0.669,1.762
0.53,1.892,0.33,1.699,1.675,0.308,0.669,1.762
0.53,1.892,0.33,1.699,1.675,0.308,0.669,1.762
0.53,1.892,0.33,1.699,1.675,0.308,0.669,1.762
0.53,1.892,0.33,1.699,1.675,0.308,0.669,1.762
0.53,1.892,0.33,1.699,1.675,0.308,0.669,1.762
0.53,1.892,0.33,1.699,1.675,0.307,0.669,1.762
0.53,1.892,0.33,1.699,1.675,0.308,0.669,1.762
0.53,1.892,0.33,1.698,1.675,0.308,0.669,1.762
0.53,1.892,0.33,1.699,1.675,0.308,0.669,1.762
0.53,1.892,0.33,1.699,1.675,0.308,0.669,1.762
0.53,1.892,0.33,1.698,1.675,0.308,0.669,1.762
0.53,1.892,0.33,1.699,1.675,0.308,0.669,1.762
0.53,1.892,0.33,1.699,1.675,0.308,0.669,1.762
0.53,1.892,0.33,1.699,1.675,0.307,0.67,1.762
0.53,1.892,0.33,1.699,1.675,0.308,0.669,1.762
0.53,1.892,0.33,1.699,1.675,0.308,0.669,1.762
0.53,1.892,0.33,1.699,1.675,0.308,0.669,1.762
0.53,1.892,0.33,1.699,1.675,0.308,0.669,1.762
0.53,1.892,0.33,1.699,1.675,0.308,0.669,1.762
0.53,1.892,0.33,1.699,1.675,0.308,0.669,1.762
0.53,1.892,0.33,1.699,1.675,0.308,0.669,1.762
0.53,1.892,0.33,1.699,1.675,0.308,0.67,1.762
0.53,1.892,0.33,1.699,1.675,0.308,0.669,1.762
0.53,1.892,0.33,1.699,1.675,0.308,0.669,1.762
0.53,1.892,0.33,1.699,1.675,0.308,0.669,1.762
0.53,1.892,0.33,1.699,1.675,0.308,0.669,1.762
0.53,1.892,0.33,1.699,1.675,0.308,0.669,1.762
0.53,1.892,0.33,1.699,1.675,0.308,0.67,1.762
0.53,1.892,0.33,1.699,1.675,0.308,0.669,1.762
0.53,1.892,0.33,1.699,1.675,0.308,0.67,1.762
0.53,1.892,0.33,1.699,1.675,0.308,0.669,1.762
0.53,1.892,0.33,1.698,1.675,0.308,0.67,1.762
0.53,1.892,0.33,1.699,1.675,0.308,0.67,1.762
0.53,1.892,0.33,1.699,1.675,0.308,0.67,1.762
0.531,1.892,0.33,1.699,1.675,0.308,0.67,1.762
0.531,1.892,0.33,1.699,1.675,0.308,0.67,1.762
0.531,1.892,0.33,1.699,1.675,0.308,0.67,1.762
0.531,1.892,0.33,1.698,1.675,0.308,0.67,1.762
0.531,1.892,0.33,1.699,1.675,0.308,0.67,1.762
0.531,1.892,0.33,1.699,1.675,0.308,0.67,1.762
0.531,1.892,0.33,1.698,1.675,0.308,0.67,1.762
0.531,1.892,0.33,1.699,1.675,0.308,0.67,1.762
0.53,1.892,0.33,1.699,1.675,0.308,0.67,1.762
0.531,1.892,0.33,1.699,1.675,0.308,0.67,1.762
0.531,1.892,0.33,1.699,1.675,0.308,0.67,1.762
0.531,1.892,0.33,1.698,1.675,0.308,0.67,1.762
0.531,1.892,0.33,1.699,1.675,0.308,0.67,1.762
0.531,1.892,0.33,1.698,1.675,0.308,0.67,1.762
0.531,1.892,0.33,1.698,1.675,0.308,0.67,1.762
0.531,1.892,0.33,1.699,1.675,0.308,0.67,1.762
0.53,1.892,0.33,1.699,1.675,0.308,0.67,1.762
0.531,1.892,0.33,1.698,1.675,0.308,0.67,1.762
0.531,1.892,0.33,1.699,1.675,0.308,0.67,1.762
0.531,1.892,0.33,1.699,1.675,0.308,0.67,1.762
0.531,1.892,0.33,1.699,1.675,0.308,0.67,1.762
0.531,1.892,0.33,1.699,1.675,0.308,0.67,1.762
0.531,1.892,0.329,1.699,1.675,0.308,0.67,1.762
0.531,1.892,0.33,1.699,1.675,0.308,0.67,1.762
0.531,1.892,0.33,1.699,1.675,0.308,0.67,1.762
0.531,1.892,0.33,1.699,1.675,0.308,0.67,1.762
0.531,1.892,0.33,1.699,1.675,0.308,0.67,1.762
0.531,1.892,0.33,1.699,1.676,0.308,0.67,1.762
0.531,1.893,0.33,1.699,1.675,0.308,0.67,1.762
0.531,1.893,0.33,1.699,1.675,0.308,0.67,1.763
0.531,1.893,0.33,1.699,1.675,0.308,0.67,1.763
0.531,1.893,0.33,1.699,1.675,0.308,0.67,1.762
0.531,1.893,0.33,1.699,1.675,0.308,0.67,1.763
0.531,1.893,0.33,1.699,1.675,0.308,0.67,1.762
0.531,1.893,0.33,1.699,1.676,0.308,0.67,1.763
0.531,1.893,0.33,1.699,1.676,0.308,0.67,1.763
0.531,1.892,0.33,1.699,1.676,0.308,0.67,1.763
0.531,1.893,0.33,1.699,1.676,0.308,0.67,1.763
0.531,1.893,0.33,1.699,1.675,0.308,0.67,1.762
0.531,1.893,0.33,1.699,1.676,0.308,0.67,1.762
0.531,1.893,0.33,1.699,1.675,0.308,0.67,1.762
0.531,1.892,0.33,1.699,1.676,0.308,0.67,1.762
0.531,1.893,0.33,1.699,1.676,0.308,0.67,1.763
0.531,1.892,0.33,1.699,1.675,0.308,0.67,1.763
0.531,1.893,0.33,1.699,1.676,0.308,0.67,1.762
0.531,1.893,0.33,1.699,1.676,0.308,0.67,1.763
0.531,1.893,0.33,1.699,1.676,0.308,0.67,1.763
0.531,1.893,0.33,1.699,1.676,0.308,0.67,1.763
0.531,1.893,0.33,1.699,1.676,0.308,0.67,1.763
0.531,1.893,0.33,1.699,1.675,0.308,0.67,1.763
0.531,1.893,0.33,1.699,1.675,0.308,0.67,1.762
0.531,1.893,0.33,1.699,1.676,0.308,0.67,1.763
0.531,1.893,0.33,1.699,1.676,0.308,0.67,1.762
0.531,1.893,0.33,1.699,1.676,0.308,0.67,1.763
0.531,1.893,0.33,1.699,1.676,0.308,0.67,1.763
0.531,1.893,0.33,1.699,1.676,0.308,0.67,1.763
0.531,1.893,0.33,1.699,1.676,0.308,0.67,1.763
0.531,1.893,0.33,1.699,1.676,0.308,0.67,1.763
0.531,1.892,0.329,1.699,1.676,0.308,0.67,1.763
0.531,1.893,0.33,1.699,1.676,0.308,0.67,1.763
0.531,1.893,0.329,1.699,1.676,0.308,0.67,1.763
0.531,1.893,0.329,1.699,1.676,0.308,0.67,1.763
0.531,1.893,0.329,1.699,1.676,0.308,0.67,1.763
0.531,1.893,0.33,1.699,1.676,0.308,0.67,1.763
0.531,1.893,0.329,1.699,1.676,0.308,0.67,1.763
0.531,1.893,0.33,1.699,1.676,0.308,0.67,1.763
0.531,1.893,0.33,1.699,1.676,0.308,0.671,1.763
0.531,1.893,0.329,1.699,1.676,0.308,0.671,1.763
0.531,1.893,0.329,1.699,1.676,0.308,0.671,1.763
0.531,1.892,0.33,1.699,1.676,0.308,0.67,1.763
0.531,1.893,0.329,1.699,1.676,0.308,0.671,1.762
0.531,1.892,0.329,1.699,1.676,0.308,0.67,1.762
0.531,1.892,0.329,1.699,1.676,0.308,0.67,1.763
0.531,1.892,0.329,1.699,1.676,0.308,0.67,1.762
0.531,1.892,0.329,1.699,1.676,0.308,0.67,1.762
0.531,1.892,0.329,1.699,1.676,0.308,0.671,1.762
0.531,1.892,0.329,1.699,1.676,0.308,0.67,1.763
0.531,1.892,0.329,1.699,1.676,0.308,0.671,1.763
0.532,1.892,0.33,1.699,1.676,0.308,0.671,1.762
0.531,1.892,0.329,1.699,1.676,0.308,0.671,1.763
0.531,1.892,0.329,1.699,1.676,0.308,0.671,1.762
0.531,1.892,0.329,1.699,1.676,0.308,0.671,1.763
0.531,1.892,0.33,1.699,1.676,0.308,0.671,1.763
0.532,1.892,0.329,1.699,1.676,0.308,0.671,1.763
0.532,1.893,0.329,1.699,1.676,0.308,0.671,1.763
0.531,1.892,0.329,1.699,1.676,0.308,0.671,1.763
0.531,1.892,0.329,1.699,1.676,0.308,0.671,1.763
0.531,1.892,0.329,1.699,1.676,0.308,0.671,1.763
0.531,1.892,0.329,1.699,1.676,0.308,0.671,1.763
0.532,1.893,0.329,1.699,1.676,0.308,0.671,1.763
0.532,1.893,0.329,1.699,1.676,0.308,0.671,1.763
0.532,1.893,0.33,1.699,1.676,0.308,0.671,1.763
0.532,1.893,0.329,1.699,1.676,0.308,0.671,1.763
0.532,1.893,0.329,1.699,1.676,0.308,0.671,1.763
0.532,1.893,0.329,1.699,1.676,0.308,0.671,1.763
0.532,1.893,0.33,1.699,1.676,0.308,0.671,1.763
0.532,1.892,0.329,1.699,1.676,0.308,0.671,1.763
0.531,1.892,0.329,1.699,1.676,0.308,0.671,1.763
0.532,1.893,0.329,1.699,1.676,0.308,0.671,1.763
0.532,1.893,0.33,1.699,1.676,0.308,0.671,1.763
0.532,1.893,0.329,1.699,1.676,0.308,0.671,1.763
0.532,1.893,0.329,1.699,1.676,0.308,0.671,1.763
0.532,1.893,0.33,1.699,1.676,0.308,0.671,1.763
0.532,1.893,0.33,1.699,1.676,0.308,0.671,1.763
0.532,1.893,0.33,1.699,1.676,0.308,0.671,1.763
0.532,1.893,0.329,1.699,1.676,0.308,0.671,1.763
0.532,1.893,0.329,1.699,1.676,0.308,0.671,1.763
0.532,1.893,0.329,1.699,1.676,0.308,0.671,1.763
0.532,1.893,0.329,1.699,1.676,0.308,0.671,1.763
0.532,1.893,0.329,1.699,1.676,0.308,0.671,1.763
0.532,1.892,0.329,1.698,1.676,0.308,0.671,1.762
0.532,1.892,0.329,1.699,1.676,0.308,0.671,1.763
0.532,1.892,0.329,1.699,1.676,0.308,0.671,1.762
0.532,1.892,0.329,1.699,1.676,0.308,0.671,1.762
0.532,1.892,0.329,1.699,1.676,0.308,0.671,1.763
0.532,1.892,0.329,1.698,1.676,0.308,0.671,1.763
0.532,1.892,0.329,1.699,1.676,0.308,0.671,1.763
0.532,1.892,0.329,1.699,1.676,0.308,0.671,1.763
0.532,1.892,0.329,1.699,1.676,0.308,0.671,1.763
0.532,1.892,0.329,1.699,1.676,0.308,0.671,1.763
0.532,1.892,0.329,1.699,1.676,0.308,0.671,1.763
0.532,1.892,0.329,1.699,1.676,0.308,0.671,1.763
0.532,1.892,0.329,1.699,1.676,0.308,0.671,1.763
0.532,1.892,0.329,1.698,1.676,0.308,0.671,1.762
0.532,1.892,0.329,1.699,1.676,0.308,0.671,1.762
0.532,1.892,0.329,1.698,1.676,0.308,0.671,1.762
0.532,1.892,0.329,1.699,1.676,0.308,0.671,1.763
0.532,1.892,0.329,1.699,1.676,0.308,0.671,1.763
0.532,1.892,0.329,1.698,1.676,0.308,0.671,1.763
0.532,1.892,0.329,1.699,1.676,0.308,0.671,1.763
0.532,1.892,0.329,1.698,1.676,0.308,0.671,1.763
0.532,1.892,0.329,1.698,1.676,0.308,0.671,1.762
0.532,1.892,0.329,1.698,1.676,0.308,0.671,1.763
0.532,1.892,0.329,1.699,1.676,0.308,0.671,1.763
0.532,1.892,0.329,1.698,1.676,0.308,0.671,1.763
0.532,1.892,0.329,1.698,1.676,0.308,0.671,1.762
0.532,1.892,0.329,1.698,1.676,0.308,0.671,1.763
0.532,1.892,0.329,1.699,1.676,0.308,0.671,1.762
0.532,1.892,0.329,1.699,1.676,0.308,0.671,1.763
0.532,1.892,0.329,1.699,1.676,0.308,0.671,1.763
0.532,1.892,0.329,1.698,1.676,0.308,0.671,1.763
0.532,1.892,0.329,1.699,1.676,0.308,0.671,1.763
0.532,1.892,0.329,1.699,1.676,0.308,0.671,1.763
0.532,1.892,0.329,1.699,1.676,0.308,0.671,1.763
0.532,1.892,0.33,1.699,1.676,0.308,0.671,1.763
0.532,1.892,0.329,1.699,1.676,0.308,0.671,1.763
0.532,1.892,0.33,1.698,1.676,0.308,0.671,1.763
0.532,1.892,0.33,1.699,1.676,0.308,0.671,1.763
0.532,1.892,0.329,1.698,1.676,0.308,0.671,1.762
0.532,1.892,0.329,1.699,1.676,0.308,0.671,1.763
0.532,1.892,0.33,1.698,1.676,0.308,0.671,1.762
0.532,1.892,0.329,1.698,1.676,0.308,0.671,1.762
0.532,1.892,0.329,1.698,1.676,0.308,0.671,1.762
0.532,1.892,0.33,1.698,1.676,0.308,0.671,1.762
0.532,1.893,0.329,1.698,1.676,0.308,0.671,1.762
0.532,1.893,0.329,1.698,1.676,0.308,0.671,1.762
0.532,1.892,0.329,1.698,1.676,0.308,0.671,1.763
0.532,1.892,0.329,1.698,1.676,0.308,0.671,1.762
0.532,1.892,0.329,1.698,1.676,0.308,0.671,1.762
0.532,1.893,0.33,1.698,1.676,0.308,0.672,1.762
0.532,1.893,0.329,1.698,1.676,0.308,0.671,1.763
0.532,1.893,0.33,1.698,1.676,0.308,0.671,1.763
0.532,1.893,0.329,1.699,1.676,0.308,0.672,1.763
0.532,1.893,0.329,1.698,1.676,0.308,0.672,1.763
0.532,1.893,0.329,1.698,1.676,0.308,0.672,1.763
0.532,1.893,0.33,1.698,1.676,0.308,0.672,1.763
0.532,1.893,0.329,1.698,1.676,0.308,0.671,1.763
0.532,1.893,0.329,1.698,1.676,0.308,0.672,1.763
0.532,1.893,0.329,1.698,1.676,0.308,0.671,1.763
0.532,1.893,0.33,1.699,1.676,0.308,0.672,1.763
0.532,1.893,0.33,1.698,1.676,0.308,0.672,1.763
0.532,1.893,0.33,1.699,1.676,0.308,0.672,1.763
0.532,1.893,0.33,1.699,1.676,0.308,0.672,1.763
0.532,1.893,0.33,1.699,1.676,0.308,0.672,1.763
0.532,1.893,0.33,1.698,1.676,0.308,0.672,1.763
0.532,1.893,0.33,1.699,1.676,0.308,0.672,1.763
0.532,1.893,0.33,1.698,1.676,0.308,0.672,1.763
0.532,1.893,0.33,1.698,1.676,0.308,0.672,1.763
0.532,1.893,0.329,1.698,1.676,0.308,0.672,1.763
0.532,1.893,0.33,1.699,1.676,0.308,0.672,1.763
0.532,1.893,0.329,1.698,1.676,0.308,0.672,1.763
0.532,1.893,0.33,1.699,1.676,0.308,0.672,1.763
0.532,1.893,0.33,1.699,1.676,0.308,0.672,1.763
0.532,1.893,0.33,1.698,1.676,0.308,0.672,1.763
0.532,1.893,0.33,1.698,1.676,0.308,0.672,1.763
0.532,1.893,0.33,1.699,1.676,0.308,0.672,1.763
0.532,1.893,0.33,1.699,1.676,0.308,0.672,1.763
0.532,1.893,0.33,1.699,1.676,0.308,0.672,1.763
0.532,1.893,0.33,1.699,1.676,0.308,0.672,1.763
0.532,1.894,0.33,1.699,1.676,0.308,0.672,1.763
0.532,1.894,0.33,1.699,1.677,0.308,0.672,1.763
0.532,1.894,0.33,1.699,1.677,0.308,0.672,1.763
0.532,1.894,0.33,1.698,1.676,0.308,0.672,1.763
0.532,1.894,0.33,1.698,1.676,0.308,0.672,1.763
0.532,1.894,0.33,1.699,1.677,0.308,0.672,1.763
0.532,1.894,0.33,1.699,1.677,0.308,0.672,1.763
0.533,1.894,0.33,1.699,1.677,0.308,0.672,1.763
0.532,1.894,0.33,1.699,1.677,0.309,0.672,1.763
0.533,1.894,0.33,1.699,1.677,0.308,0.672,1.763
0.533,1.894,0.33,1.699,1.677,0.308,0.672,1.763
0.533,1.894,0.33,1.699,1.676,0.308,0.672,1.763
0.533,1.894,0.33,1.699,1.677,0.308,0.672,1.763
0.532,1.894,0.33,1.699,1.677,0.309,0.672,1.763
0.533,1.894,0.33,1.699,1.677,0.308,0.672,1.763
0.533,1.894,0.33,1.699,1.677,0.308,0.672,1.763
0.533,1.894,0.33,1.699,1.677,0.308,0.672,1.763
0.533,1.894,0.33,1.699,1.677,0.309,0.672,1.763
0.533,1.894,0.33,1.699,1.677,0.309,0.672,1.763
0.533,1.893,0.33,1.699,1.677,0.308,0.672,1.763
0.533,1.893,0.33,1.699,1.677,0.309,0.672,1.763
0.533,1.894,0.33,1.699,1.676,0.308,0.672,1.763
0.532,1.893,0.33,1.699,1.677,0.308,0.672,1.763
0.533,1.893,0.33,1.699,1.677,0.308,0.672,1.763
0.533,1.893,0.33,1.699,1.677,0.308,0.672,1.763
0.533,1.893,0.33,1.698,1.677,0.308,0.672,1.763
0.533,1.893,0.33,1.698,1.677,0.308,0.672,1.763
0.532,1.893,0.329,1.698,1.676,0.308,0.672,1.763
0.533,1.893,0.329,1.698,1.676,0.308,0.672,1.763
0.533,1.893,0.33,1.698,1.677,0.308,0.672,1.763
0.533,1.893,0.33,1.698,1.677,0.308,0.672,1.763
0.533,1.893,0.33,1.698,1.676,0.308,0.672,1.763
0.533,1.893,0.329,1.698,1.676,0.308,0.672,1.763
0.533,1.893,0.33,1.698,1.676,0.308,0.672,1.763
0.533,1.893,0.329,1.698,1.676,0.308,0.672,1.763
0.533,1.893,0.329,1.698,1.676,0.309,0.672,1.763
0.533,1.893,0.329,1.698,1.676,0.308,0.672,1.763
0.533,1.893,0.33,1.698,1.677,0.308,0.672,1.763
0.533,1.893,0.329,1.698,1.676,0.308,0.672,1.763
0.533,1.893,0.329,1.698,1.676,0.308,0.672,1.763
0.533,1.893,0.329,1.698,1.677,0.308,0.672,1.763
0.533,1.893,0.329,1.698,1.677,0.308,0.672,1.763
0.533,1.893,0.329,1.698,1.676,0.308,0.672,1.763
0.533,1.893,0.329,1.698,1.677,0.309,0.672,1.763
0.533,1.893,0.329,1.698,1.677,0.309,0.672,1.763
0.533,1.893,0.33,1.698,1.677,0.308,0.672,1.763
0.533,1.893,0.329,1.698,1.677,0.308,0.672,1.763
0.533,1.893,0.33,1.698,1.677,0.309,0.672,1.763
0.533,1.893,0.329,1.698,1.676,0.308,0.672,1.763
0.533,1.893,0.329,1.698,1.677,0.308,0.672,1.763
0.533,1.893,0.329,1.698,1.676,0.308,0.672,1.763
0.533,1.893,0.329,1.698,1.676,0.308,0.672,1.763
0.533,1.893,0.329,1.698,1.676,0.308,0.672,1.763
0.533,1.893,0.329,1.698,1.676,0.309,0.672,1.763
0.533,1.893,0.329,1.698,1.676,0.308,0.672,1.763
0.533,1.893,0.329,1.698,1.677,0.309,0.672,1.763
0.533,1.893,0.329,1.698,1.676,0.308,0.672,1.763
0.533,1.893,0.329,1.698,1.676,0.308,0.672,1.763
0.533,1.893,0.329,1.698,1.676,0.308,0.672,1.763
0.533,1.893,0.329,1.698,1.676,0.308,0.672,1.763
0.533,1.893,0.329,1.698,1.676,0.309,0.672,1.763
0.533,1.893,0.329,1.698,1.676,0.308,0.672,1.763
0.533,1.893,0.329,1.698,1.676,0.308,0.673,1.763
0.533,1.893,0.329,1.698,1.676,0.309,0.672,1.763
0.533,1.893,0.329,1.698,1.676,0.309,0.672,1.763
0.533,1.893,0.329,1.698,1.676,0.308,0.672,1.763
0.533,1.893,0.329,1.698,1.677,0.308,0.672,1.763
0.533,1.893,0.329,1.698,1.676,0.308,0.672,1.763
0.533,1.893,0.329,1.698,1.676,0.308,0.672,1.762
0.533,1.893,0.329,1.698,1.676,0.308,0.672,1.762
0.533,1.892,0.329,1.698,1.676,0.308,0.672,1.762
0.533,1.893,0.329,1.698,1.676,0.308,0.672,1.763
0.533,1.893,0.329,1.698,1.676,0.309,0.672,1.763
0.533,1.892,0.329,1.698,1.676,0.308,0.672,1.763
0.533,1.893,0.329,1.698,1.676,0.308,0.672,1.763
0.533,1.893,0.329,1.698,1.676,0.308,0.672,1.763
0.533,1.893,0.329,1.698,1.676,0.308,0.673,1.763
0.533,1.893,0.329,1.698,1.676,0.308,0.672,1.763
0.533,1.893,0.329,1.698,1.676,0.308,0.673,1.763
0.533,1.893,0.329,1.698,1.676,0.308,0.673,1.763
0.533,1.893,0.329,1.698,1.676,0.309,0.673,1.763
0.533,1.893,0.329,1.698,1.676,0.308,0.673,1.763
0.533,1.893,0.329,1.698,1.676,0.308,0.673,1.763
0.533,1.893,0.329,1.698,1.676,0.309,0.673,1.763
0.533,1.893,0.329,1.698,1.677,0.309,0.673,1.763
0.533,1.893,0.329,1.698,1.677,0.308,0.673,1.763
0.533,1.893,0.329,1.698,1.677,0.308,0.673,1.763
0.533,1.893,0.329,1.698,1.677,0.308,0.672,1.763
0.533,1.893,0.329,1.698,1.677,0.308,0.673,1.763
0.533,1.893,0.329,1.698,1.676,0.308,0.673,1.762
0.533,1.892,0.329,1.698,1.676,0.308,0.673,1.763
0.533,1.893,0.329,1.698,1.677,0.308,0.673,1.762
0.533,1.892,0.329,1.698,1.676,0.308,0.673,1.763
0.533,1.892,0.329,1.698,1.677,0.309,0.673,1.763
0.533,1.892,0.329,1.698,1.676,0.308,0.673,1.763
0.533,1.893,0.329,1.698,1.676,0.309,0.673,1.763
0.533,1.893,0.329,1.698,1.676,0.308,0.673,1.763
0.533,1.893,0.329,1.698,1.677,0.309,0.673,1.763
0.533,1.893,0.329,1.698,1.677,0.308,0.673,1.763
0.533,1.893,0.329,1.698,1.677,0.309,0.673,1.763
0.533,1.893,0.329,1.698,1.677,0.309,0.673,1.763
0.533,1.893,0.329,1.698,1.677,0.308,0.673,1.763
0.533,1.893,0.329,1.698,1.677,0.309,0.673,1.763
0.533,1.893,0.329,1.698,1.676,0.308,0.673,1.763
0.533,1.893,0.329,1.698,1.676,0.309,0.673,1.762
0.533,1.893,0.329,1.698,1.676,0.309,0.673,1.763
0.533,1.893,0.329,1.698,1.676,0.308,0.673,1.762
0.533,1.893,0.329,1.698,1.677,0.309,0.673,1.763
0.533,1.893,0.329,1.698,1.676,0.308,0.673,1.762
0.533,1.893,0.329,1.698,1.676,0.308,0.673,1.762
0.533,1.892,0.329,1.698,1.676,0.309,0.673,1.762
0.533,1.893,0.329,1.698,1.676,0.308,0.673,1.762
0.533,1.892,0.329,1.697,1.676,0.308,0.673,1.762
0.533,1.892,0.329,1.698,1.676,0.308,0.673,1.762
0.533,1.892,0.329,1.697,1.676,0.308,0.673,1.762
0.533,1.892,0.329,1.697,1.676,0.308,0.673,1.762
0.533,1.892,0.329,1.697,1.676,0.308,0.673,1.762
0.533,1.892,0.329,1.697,1.676,0.309,0.673,1.762
0.533,1.892,0.329,1.697,1.676,0.308,0.673,1.762
0.533,1.892,0.329,1.697,1.676,0.308,0.673,1.762
0.533,1.892,0.329,1.697,1.676,0.308,0.673,1.762
0.533,1.892,0.329,1.697,1.676,0.308,0.673,1.762
0.533,1.892,0.329,1.697,1.676,0.308,0.673,1.762
0.533,1.892,0.329,1.697,1.676,0.308,0.673,1.762
0.533,1.892,0.329,1.697,1.676,0.308,0.673,1.762
0.533,1.892,0.329,1.697,1.676,0.308,0.673,1.762
0.533,1.892,0.329,1.697,1.676,0.308,0.673,1.762
0.533,1.892,0.329,1.697,1.676,0.308,0.673,1.762
0.533,1.892,0.329,1.697,1.676,0.308,0.673,1.762
0.533,1.892,0.329,1.697,1.676,0.308,0.673,1.762
0.533,1.892,0.329,1.697,1.676,0.309,0.673,1.762
0.533,1.892,0.329,1.697,1.676,0.308,0.673,1.762
0.533,1.892,0.329,1.697,1.676,0.308,0.673,1.762
0.533,1.892,0.329,1.697,1.676,0.308,0.673,1.762
0.533,1.892,0.329,1.697,1.676,0.308,0.673,1.762
0.533,1.892,0.329,1.697,1.676,0.308,0.673,1.762
0.533,1.891,0.329,1.697,1.676,0.308,0.673,1.762
0.533,1.892,0.329,1.697,1.676,0.308,0.673,1.762
0.533,1.891,0.329,1.697,1.676,0.308,0.673,1.762
0.533,1.892,0.329,1.697,1.676,0.308,0.673,1.762
0.533,1.892,0.329,1.697,1.676,0.308,0.673,1.762
0.533,1.892,0.329,1.697,1.676,0.308,0.673,1.762
0.533,1.892,0.329,1.697,1.676,0.308,0.673,1.762
0.533,1.892,0.329,1.697,1.676,0.308,0.673,1.762
0.533,1.892,0.329,1.697,1.676,0.308,0.673,1.762
0.533,1.892,0.329,1.697,1.676,0.308,0.673,1.762
0.533,1.892,0.329,1.697,1.676,0.308,0.673,1.762
0.533,1.892,0.329,1.697,1.676,0.308,0.673,1.762
0.533,1.892,0.329,1.697,1.676,0.308,0.673,1.762
0.533,1.892,0.329,1.697,1.676,0.308,0.673,1.762
0.533,1.892,0.329,1.697,1.676,0.308,0.673,1.762
0.533,1.892,0.329,1.697,1.676,0.308,0.673,1.762
0.533,1.891,0.329,1.697,1.676,0.309,0.673,1.762
0.533,1.892,0.329,1.697,1.676,0.308,0.673,1.762
0.533,1.891,0.329,1.696,1.675,0.308,0.673,1.761
0.533,1.891,0.329,1.696,1.675,0.308,0.673,1.761
0.533,1.891,0.329,1.697,1.675,0.308,0.673,1.761
0.533,1.891,0.329,1.696,1.675,0.308,0.673,1.761
0.533,1.891,0.329,1.696,1.675,0.308,0.673,1.761
0.533,1.891,0.329,1.696,1.675,0.308,0.673,1.761
0.533,1.891,0.329,1.696,1.675,0.308,0.673,1.761
0.533,1.891,0.329,1.696,1.675,0.308,0.673,1.761
0.533,1.891,0.329,1.696,1.675,0.308,0.673,1.761
0.533,1.891,0.329,1.696,1.675,0.308,0.673,1.761
0.533,1.891,0.329,1.696,1.676,0.308,0.673,1.762
0.533,1.892,0.329,1.696,1.676,0.308,0.673,1.762
0.533,1.892,0.329,1.696,1.676,0.308,0.673,1.762
0.533,1.892,0.329,1.697,1.676,0.308,0.673,1.762
0.533,1.892,0.329,1.696,1.676,0.308,0.673,1.762
0.533,1.892,0.329,1.697,1.676,0.308,0.673,1.761
0.533,1.892,0.329,1.697,1.676,0.308,0.673,1.761
0.533,1.892,0.329,1.696,1.676,0.308,0.673,1.762
0.533,1.892,0.329,1.697,1.676,0.308,0.673,1.762
0.533,1.892,0.329,1.697,1.676,0.308,0.673,1.762
0.533,1.892,0.329,1.696,1.676,0.308,0.673,1.761
0.533,1.892,0.329,1.697,1.676,0.308,0.673,1.762
0.533,1.892,0.329,1.696,1.676,0.308,0.673,1.761
0.533,1.892,0.329,1.696,1.676,0.308,0.673,1.762
0.533,1.892,0.329,1.696,1.676,0.308,0.673,1.761
0.533,1.892,0.329,1.696,1.676,0.308,0.673,1.762
0.533,1.892,0.329,1.696,1.676,0.308,0.673,1.761
0.533,1.892,0.329,1.696,1.676,0.308,0.673,1.762
0.533,1.892,0.329,1.696,1.676,0.308,0.673,1.761
0.533,1.892,0.328,1.696,1.676,0.308,0.673,1.761
0.533,1.891,0.329,1.696,1.675,0.308,0.673,1.761
0.533,1.892,0.329,1.696,1.676,0.308,0.673,1.761
0.533,1.891,0.329,1.696,1.676,0.308,0.673,1.761
0.533,1.891,0.329,1.696,1.676,0.308,0.673,1.761
0.533,1.891,0.329,1.696,1.676,0.308,0.673,1.761
0.533,1.891,0.329,1.696,1.676,0.308,0.673,1.761
0.533,1.891,0.329,1.696,1.676,0.308,0.673,1.761
0.533,1.891,0.329,1.696,1.675,0.308,0.673,1.761
0.533,1.891,0.329,1.696,1.675,0.308,0.673,1.761
0.533,1.891,0.328,1.696,1.675,0.308,0.673,1.761
0.533,1.891,0.329,1.696,1.676,0.308,0.673,1.761
0.533,1.891,0.329,1.696,1.675,0.308,0.673,1.761
0.533,1.891,0.328,1.696,1.675,0.308,0.673,1.761
0.533,1.891,0.329,1.696,1.675,0.308,0.673,1.761
0.533,1.891,0.328,1.696,1.675,0.308,0.673,1.761
0.533,1.891,0.329,1.696,1.675,0.308,0.673,1.761
0.533,1.891,0.328,1.696,1.675,0.308,0.673,1.761
0.533,1.891,0.329,1.696,1.676,0.308,0.673,1.761
0.533,1.891,0.329,1.696,1.675,0.308,0.673,1.761
0.533,1.891,0.328,1.696,1.675,0.308,0.673,1.761
0.533,1.891,0.329,1.696,1.675,0.308,0.673,1.761
0.533,1.891,0.328,1.696,1.675,0.308,0.673,1.761
0.533,1.891,0.328,1.696,1.675,0.308,0.673,1.761
0.533,1.891,0.329,1.696,1.676,0.308,0.673,1.761
0.533,1.891,0.329,1.696,1.675,0.308,0.673,1.761
0.533,1.891,0.329,1.696,1.675,0.308,0.673,1.761
0.533,1.891,0.329,1.696,1.675,0.308,0.673,1.761
0.533,1.891,0.329,1.696,1.675,0.308,0.673,1.761
0.533,1.891,0.329,1.696,1.675,0.308,0.673,1.761
0.533,1.891,0.329,1.696,1.675,0.308,0.673,1.761
0.533,1.891,0.328,1.696,1.675,0.308,0.673,1.761
0.533,1.891,0.329,1.696,1.675,0.308,0.673,1.761
0.533,1.891,0.329,1.696,1.675,0.308,0.673,1.761
0.533,1.891,0.329,1.695,1.675,0.308,0.673,1.761
0.533,1.891,0.329,1.696,1.675,0.308,0.673,1.761
0.533,1.891,0.328,1.696,1.675,0.308,0.673,1.761
0.533,1.891,0.329,1.696,1.675,0.308,0.673,1.761
0.533,1.891,0.329,1.696,1.675,0.308,0.673,1.761
0.533,1.891,0.328,1.696,1.675,0.308,0.673,1.761
0.533,1.891,0.329,1.695,1.675,0.308,0.673,1.761
0.533,1.891,0.329,1.696,1.675,0.308,0.673,1.761
0.533,1.89,0.329,1.695,1.675,0.308,0.673,1.761
0.533,1.891,0.328,1.696,1.675,0.308,0.673,1.761
0.533,1.89,0.329,1.696,1.675,0.308,0.673,1.761
0.533,1.89,0.328,1.695,1.675,0.308,0.673,1.761
0.533,1.89,0.329,1.695,1.675,0.308,0.673,1.761
0.533,1.891,0.329,1.695,1.675,0.308,0.673,1.761
0.533,1.891,0.328,1.695,1.675,0.308,0.673,1.761
0.533,1.891,0.328,1.696,1.675,0.308,0.673,1.761
0.533,1.891,0.328,1.695,1.675,0.308,0.673,1.761
0.533,1.891,0.328,1.695,1.675,0.308,0.673,1.761
0.533,1.891,0.328,1.695,1.675,0.308,0.673,1.761
0.533,1.891,0.328,1.696,1.675,0.308,0.673,1.761
0.533,1.891,0.328,1.695,1.675,0.308,0.673,1.761
0.533,1.891,0.328,1.695,1.675,0.308,0.673,1.761
0.533,1.89,0.328,1.695,1.675,0.308,0.673,1.761
0.533,1.891,0.328,1.695,1.675,0.308,0.673,1.761
0.533,1.891,0.328,1.696,1.675,0.308,0.673,1.761
0.533,1.891,0.328,1.695,1.675,0.308,0.673,1.76
0.533,1.891,0.328,1.695,1.675,0.308,0.673,1.761
0.533,1.89,0.328,1.695,1.675,0.308,0.673,1.76
0.533,1.89,0.328,1.695,1.675,0.308,0.673,1.76
0.533,1.89,0.328,1.695,1.675,0.308,0.673,1.761
0.533,1.891,0.328,1.695,1.675,0.308,0.673,1.761
0.533,1.891,0.328,1.695,1.675,0.308,0.673,1.76
0.533,1.891,0.328,1.695,1.675,0.308,0.673,1.761
0.533,1.891,0.328,1.695,1.675,0.308,0.673,1.761
0.533,1.89,0.328,1.695,1.675,0.308,0.673,1.761
0.533,1.89,0.328,1.695,1.675,0.308,0.673,1.761
0.533,1.891,0.328,1.695,1.675,0.308,0.673,1.76
0.533,1.891,0.329,1.695,1.675,0.308,0.673,1.76
0.533,1.891,0.328,1.695,1.675,0.308,0.673,1.76
0.533,1.891,0.328,1.695,1.675,0.308,0.673,1.76
0.533,1.891,0.329,1.695,1.675,0.308,0.673,1.76
0.533,1.891,0.329,1.695,1.675,0.308,0.673,1.76
0.533,1.891,0.328,1.695,1.675,0.308,0.673,1.76
0.533,1.891,0.328,1.695,1.675,0.308,0.673,1.761
0.533,1.891,0.328,1.695,1.675,0.308,0.673,1.76
0.533,1.891,0.328,1.695,1.675,0.308,0.673,1.76
0.533,1.891,0.328,1.695,1.675,0.308,0.673,1.76
0.533,1.891,0.328,1.695,1.675,0.308,0.673,1.76
0.533,1.891,0.328,1.695,1.675,0.308,0.673,1.76
0.533,1.891,0.328,1.695,1.675,0.308,0.673,1.76
0.533,1.891,0.328,1.695,1.675,0.308,0.673,1.76
0.533,1.891,0.328,1.695,1.675,0.308,0.673,1.76
0.533,1.89,0.328,1.695,1.675,0.308,0.673,1.76
0.533,1.89,0.328,1.695,1.675,0.308,0.673,1.76
0.533,1.89,0.328,1.695,1.675,0.308,0.673,1.76
0.533,1.89,0.328,1.695,1.675,0.308,0.673,1.76
0.533,1.89,0.328,1.695,1.675,0.308,0.673,1.76
0.533,1.89,0.328,1.695,1.675,0.308,0.673,1.76
0.533,1.89,0.328,1.695,1.675,0.308,0.673,1.76
0.532,1.89,0.328,1.695,1.675,0.308,0.673,1.76
0.533,1.89,0.328,1.695,1.675,0.308,0.673,1.76
0.533,1.891,0.328,1.694,1.675,0.308,0.673,1.76
0.533,1.89,0.328,1.695,1.675,0.308,0.673,1.76
0.533,1.89,0.328,1.695,1.675,0.308,0.673,1.76
0.533,1.89,0.328,1.695,1.675,0.308,0.673,1.76
0.533,1.89,0.329,1.694,1.675,0.308,0.673,1.76
0.533,1.89,0.328,1.694,1.675,0.308,0.673,1.76
0.533,1.89,0.328,1.695,1.675,0.308,0.673,1.76
0.533,1.89,0.328,1.694,1.675,0.308,0.673,1.76
0.532,1.89,0.328,1.694,1.675,0.308,0.673,1.76
0.533,1.89,0.328,1.694,1.674,0.308,0.673,1.76
0.532,1.891,0.328,1.694,1.674,0.308,0.673,1.76
0.532,1.89,0.328,1.694,1.675,0.308,0.673,1.76
0.533,1.89,0.328,1.694,1.675,0.308,0.673,1.76
0.533,1.89,0.328,1.694,1.675,0.308,0.673,1.76
0.532,1.89,0.328,1.694,1.674,0.308,0.673,1.76
0.532,1.89,0.328,1.694,1.675,0.308,0.673,1.76
0.533,1.89,0.328,1.694,1.674,0.308,0.673,1.76
0.532,1.89,0.329,1.694,1.674,0.308,0.673,1.76
0.532,1.89,0.328,1.694,1.675,0.308,0.673,1.76
0.532,1.89,0.328,1.694,1.674,0.308,0.673,1.76
0.532,1.89,0.328,1.694,1.674,0.308,0.673,1.76
0.532,1.89,0.328,1.694,1.675,0.308,0.673,1.76
0.532,1.89,0.328,1.694,1.674,0.308,0.673,1.76
0.532,1.89,0.328,1.694,1.674,0.308,0.673,1.76
0.532,1.89,0.328,1.694,1.674,0.308,0.673,1.76
0.532,1.89,0.328,1.694,1.674,0.308,0.673,1.76
0.532,1.89,0.328,1.694,1.674,0.308,0.673,1.76
0.532,1.89,0.328,1.694,1.674,0.308,0.673,1.76
0.532,1.89,0.328,1.694,1.674,0.308,0.673,1.76
0.533,1.89,0.328,1.694,1.674,0.308,0.673,1.76
0.532,1.89,0.328,1.694,1.674,0.308,0.673,1.76
0.532,1.89,0.328,1.694,1.674,0.308,0.673,1.76
0.532,1.89,0.328,1.694,1.674,0.308,0.673,1.76
0.532,1.89,0.328,1.694,1.674,0.308,0.673,1.76
0.532,1.89,0.328,1.694,1.674,0.308,0.673,1.76
0.532,1.89,0.329,1.694,1.674,0.308,0.673,1.76
0.532,1.89,0.328,1.694,1.674,0.308,0.673,1.76
0.532,1.89,0.328,1.694,1.674,0.308,0.673,1.76
0.532,1.89,0.328,1.694,1.674,0.308,0.673,1.76
0.532,1.89,0.328,1.694,1.674,0.308,0.673,1.759
0.532,1.89,0.328,1.694,1.674,0.308,0.673,1.76
0.532,1.89,0.328,1.694,1.674,0.308,0.673,1.76
0.532,1.89,0.328,1.694,1.674,0.308,0.673,1.76
0.532,1.89,0.328,1.694,1.674,0.308,0.673,1.76
0.532,1.89,0.328,1.694,1.674,0.308,0.673,1.76
0.532,1.89,0.328,1.694,1.674,0.308,0.673,1.76
0.532,1.89,0.328,1.694,1.674,0.308,0.673,1.759
0.532,1.89,0.328,1.694,1.674,0.308,0.673,1.759
0.532,1.89,0.328,1.694,1.674,0.308,0.673,1.759
0.532,1.89,0.328,1.694,1.674,0.308,0.673,1.76
0.532,1.89,0.328,1.694,1.674,0.308,0.673,1.759
0.532,1.89,0.328,1.694,1.674,0.308,0.673,1.759
0.532,1.89,0.328,1.694,1.674,0.308,0.673,1.76
0.532,1.89,0.328,1.694,1.674,0.308,0.673,1.76
0.532,1.89,0.328,1.694,1.674,0.308,0.673,1.759
0.532,1.89,0.328,1.694,1.674,0.308,0.673,1.759
0.532,1.89,0.328,1.694,1.674,0.308,0.673,1.759
0.532,1.89,0.328,1.694,1.674,0.308,0.673,1.759
0.532,1.89,0.328,1.694,1.674,0.308,0.673,1.759
0.532,1.89,0.328,1.694,1.674,0.308,0.673,1.759
0.532,1.89,0.328,1.694,1.674,0.308,0.673,1.76
0.532,1.89,0.328,1.693,1.674,0.308,0.673,1.759
0.532,1.89,0.328,1.694,1.674,0.308,0.673,1.759
0.532,1.89,0.328,1.694,1.674,0.308,0.673,1.759
0.532,1.89,0.328,1.693,1.674,0.308,0.673,1.759
0.532,1.89,0.328,1.694,1.674,0.308,0.673,1.759
0.532,1.889,0.328,1.694,1.674,0.308,0.673,1.76
0.532,1.889,0.328,1.693,1.674,0.308,0.673,1.76
0.532,1.89,0.328,1.694,1.674,0.308,0.673,1.759
0.532,1.889,0.328,1.693,1.674,0.308,0.673,1.759
0.532,1.89,0.328,1.693,1.674,0.308,0.673,1.759
0.532,1.89,0.328,1.693,1.674,0.308,0.673,1.759
0.532,1.89,0.328,1.693,1.674,0.308,0.673,1.759
0.532,1.89,0.328,1.693,1.674,0.308,0.673,1.759
0.532,1.89,0.328,1.693,1.674,0.308,0.673,1.759
0.532,1.89,0.328,1.693,1.674,0.308,0.673,1.759
0.532,1.89,0.328,1.694,1.674,0.308,0.673,1.759
0.532,1.89,0.328,1.693,1.674,0.308,0.673,1.759
0.532,1.89,0.328,1.693,1.674,0.308,0.673,1.759
0.532,1.89,0.328,1.693,1.674,0.308,0.673,1.759
0.532,1.89,0.328,1.693,1.674,0.308,0.673,1.759
0.532,1.889,0.328,1.693,1.674,0.308,0.673,1.759
0.532,1.89,0.328,1.693,1.674,0.308,0.673,1.759
0.532,1.889,0.328,1.693,1.674,0.308,0.673,1.759
0.532,1.89,0.328,1.693,1.674,0.308,0.673,1.759
0.532,1.89,0.328,1.693,1.674,0.308,0.673,1.759
0.532,1.89,0.328,1.693,1.674,0.308,0.673,1.759
0.532,1.89,0.328,1.693,1.674,0.308,0.673,1.759
0.532,1.89,0.328,1.693,1.674,0.308,0.673,1.759
0.532,1.89,0.328,1.693,1.674,0.308,0.673,1.759
0.532,1.889,0.328,1.693,1.674,0.308,0.673,1.759
0.532,1.889,0.328,1.693,1.674,0.308,0.673,1.759
0.532,1.889,0.328,1.693,1.674,0.308,0.673,1.759
0.532,1.89,0.328,1.693,1.674,0.308,0.673,1.759
0.532,1.889,0.328,1.693,1.674,0.308,0.673,1.759
0.532,1.889,0.328,1.693,1.674,0.308,0.673,1.759
0.532,1.889,0.328,1.693,1.674,0.308,0.673,1.759
0.532,1.889,0.328,1.693,1.674,0.308,0.673,1.759
0.532,1.889,0.328,1.693,1.674,0.308,0.673,1.759
0.532,1.889,0.328,1.693,1.674,0.308,0.673,1.759
0.532,1.889,0.328,1.693,1.674,0.308,0.673,1.759
0.532,1.889,0.328,1.693,1.673,0.308,0.673,1.759
0.532,1.889,0.328,1.693,1.674,0.308,0.673,1.759
0.532,1.889,0.328,1.693,1.674,0.308,0.673,1.759
0.532,1.889,0.328,1.693,1.674,0.308,0.673,1.759
0.532,1.889,0.328,1.693,1.674,0.308,0.673,1.759
0.532,1.889,0.328,1.692,1.673,0.308,0.673,1.759
0.532,1.889,0.328,1.693,1.673,0.308,0.673,1.759
0.532,1.889,0.328,1.693,1.673,0.308,0.673,1.759
0.532,1.889,0.328,1.692,1.673,0.308,0.673,1.759
0.532,1.889,0.328,1.692,1.673,0.308,0.673,1.759
0.532,1.889,0.328,1.693,1.673,0.308,0.673,1.759
0.532,1.889,0.328,1.693,1.673,0.308,0.673,1.759
0.532,1.889,0.328,1.693,1.673,0.308,0.673,1.758
0.532,1.889,0.328,1.692,1.673,0.308,0.673,1.759
0.532,1.889,0.328,1.693,1.673,0.308,0.673,1.759
0.532,1.889,0.328,1.692,1.673,0.308,0.673,1.758
0.532,1.889,0.328,1.692,1.673,0.308,0.673,1.759
0.532,1.889,0.328,1.692,1.673,0.308,0.673,1.758
0.532,1.889,0.328,1.692,1.673,0.308,0.673,1.759
0.532,1.889,0.328,1.692,1.673,0.308,0.673,1.759
0.532,1.889,0.328,1.692,1.673,0.308,0.673,1.758
0.532,1.889,0.328,1.692,1.673,0.308,0.673,1.758
0.532,1.889,0.328,1.692,1.673,0.308,0.673,1.758
0.532,1.889,0.328,1.692,1.673,0.308,0.673,1.758
0.532,1.889,0.328,1.692,1.673,0.308,0.673,1.758
0.532,1.889,0.328,1.692,1.673,0.308,0.673,1.758
0.532,1.889,0.328,1.692,1.673,0.308,0.673,1.758
0.532,1.889,0.328,1.692,1.673,0.308,0.673,1.758
0.532,1.889,0.328,1.692,1.673,0.308,0.673,1.758
0.532,1.889,0.328,1.692,1.673,0.308,0.673,1.758
0.532,1.889,0.328,1.692,1.673,0.308,0.673,1.758
0.532,1.889,0.328,1.692,1.673,0.308,0.673,1.758
0.532,1.889,0.328,1.692,1.673,0.308,0.673,1.758
0.532,1.889,0.328,1.692,1.673,0.308,0.673,1.758
0.532,1.889,0.328,1.691,1.673,0.308,0.673,1.758
0.532,1.889,0.328,1.692,1.673,0.308,0.673,1.758
0.532,1.889,0.328,1.692,1.673,0.308,0.673,1.758
0.532,1.889,0.328,1.692,1.673,0.308,0.673,1.758
0.532,1.889,0.328,1.692,1.673,0.308,0.673,1.758
0.532,1.889,0.328,1.692,1.673,0.308,0.673,1.758
0.532,1.889,0.328,1.692,1.673,0.308,0.673,1.758
0.532,1.889,0.328,1.692,1.673,0.308,0.673,1.758
0.532,1.889,0.328,1.692,1.673,0.308,0.673,1.758
0.532,1.889,0.328,1.692,1.673,0.308,0.673,1.758
0.532,1.889,0.328,1.692,1.673,0.307,0.673,1.758
0.532,1.889,0.328,1.692,1.673,0.308,0.673,1.758
0.532,1.889,0.328,1.692,1.673,0.307,0.673,1.758
0.532,1.889,0.328,1.692,1.673,0.307,0.673,1.758
0.531,1.889,0.328,1.692,1.673,0.308,0.673,1.758
0.532,1.889,0.328,1.692,1.673,0.308,0.673,1.758
0.532,1.889,0.328,1.692,1.673,0.308,0.673,1.758
0.531,1.889,0.328,1.692,1.673,0.308,0.673,1.758
0.532,1.889,0.328,1.692,1.673,0.307,0.673,1.758
0.532,1.889,0.328,1.691,1.673,0.308,0.673,1.757
0.532,1.889,0.328,1.692,1.673,0.308,0.673,1.758
0.531,1.889,0.328,1.692,1.672,0.308,0.673,1.758
0.532,1.889,0.328,1.691,1.673,0.308,0.673,1.758
0.531,1.889,0.328,1.691,1.673,0.308,0.673,1.758
0.531,1.889,0.328,1.692,1.673,0.307,0.673,1.758
0.532,1.889,0.328,1.692,1.672,0.307,0.673,1.758
0.531,1.889,0.328,1.691,1.672,0.307,0.673,1.757
0.531,1.888,0.328,1.691,1.672,0.307,0.673,1.757
0.531,1.888,0.328,1.691,1.672,0.307,0.673,1.757
0.531,1.889,0.328,1.691,1.673,0.307,0.673,1.757
0.531,1.889,0.328,1.691,1.672,0.308,0.673,1.758
0.531,1.889,0.328,1.691,1.672,0.308,0.673,1.757
0.531,1.889,0.328,1.691,1.672,0.308,0.673,1.758
0.531,1.889,0.328,1.691,1.672,0.308,0.673,1.758
0.531,1.889,0.328,1.691,1.673,0.308,0.673,1.757
0.531,1.889,0.328,1.691,1.673,0.308,0.673,1.758
0.531,1.889,0.328,1.691,1.672,0.308,0.673,1.758
0.531,1.889,0.328,1.691,1.672,0.308,0.673,1.758
0.531,1.889,0.328,1.691,1.672,0.308,0.673,1.758
0.531,1.889,0.328,1.691,1.673,0.308,0.673,1.757
0.531,1.889,0.328,1.691,1.672,0.307,0.673,1.757
0.531,1.889,0.328,1.691,1.672,0.308,0.673,1.757
0.531,1.889,0.328,1.691,1.672,0.307,0.673,1.757
0.531,1.888,0.328,1.691,1.672,0.307,0.673,1.757
0.531,1.888,0.328,1.691,1.672,0.307,0.673,1.756
0.531,1.888,0.328,1.69,1.672,0.307,0.673,1.756
0.531,1.888,0.328,1.69,1.672,0.307,0.673,1.757
0.531,1.888,0.328,1.69,1.672,0.307,0.673,1.756
0.531,1.888,0.328,1.69,1.672,0.307,0.673,1.757
0.531,1.888,0.328,1.691,1.672,0.307,0.673,1.757
0.531,1.888,0.328,1.691,1.672,0.307,0.673,1.757
0.531,1.889,0.328,1.691,1.672,0.307,0.673,1.757
0.531,1.888,0.328,1.691,1.672,0.307,0.673,1.757
0.531,1.888,0.328,1.691,1.672,0.307,0.673,1.757
0.531,1.888,0.328,1.691,1.672,0.307,0.673,1.757
0.531,1.888,0.328,1.691,1.672,0.307,0.673,1.757
0.531,1.888,0.328,1.69,1.672,0.307,0.673,1.757
0.531,1.888,0.328,1.691,1.672,0.307,0.673,1.757
0.531,1.888,0.328,1.691,1.672,0.307,0.673,1.757
0.531,1.888,0.328,1.691,1.672,0.307,0.673,1.757
0.531,1.888,0.328,1.69,1.672,0.307,0.673,1.757
0.531,1.888,0.328,1.691,1.672,0.307,0.673,1.757
0.531,1.888,0.328,1.69,1.672,0.307,0.673,1.757
0.531,1.888,0.328,1.69,1.672,0.307,0.673,1.757
0.531,1.888,0.328,1.691,1.672,0.307,0.673,1.757
0.531,1.888,0.328,1.69,1.672,0.307,0.673,1.757
0.531,1.888,0.328,1.69,1.672,0.307,0.673,1.757
0.531,1.888,0.328,1.691,1.672,0.307,0.673,1.757
0.531,1.888,0.328,1.691,1.672,0.307,0.673,1.757
0.531,1.888,0.328,1.69,1.672,0.307,0.673,1.757
0.531,1.888,0.328,1.691,1.672,0.307,0.673,1.757
0.531,1.888,0.328,1.691,1.672,0.307,0.673,1.757
0.531,1.888,0.328,1.691,1.672,0.307,0.673,1.757
0.531,1.888,0.328,1.691,1.672,0.307,0.673,1.757
0.531,1.888,0.328,1.69,1.672,0.307,0.673,1.757
0.531,1.888,0.328,1.69,1.672,0.307,0.673,1.757
0.531,1.888,0.328,1.69,1.672,0.307,0.673,1.757
0.531,1.888,0.328,1.69,1.672,0.307,0.673,1.757
0.531,1.888,0.328,1.69,1.672,0.307,0.673,1.757
0.531,1.888,0.328,1.691,1.672,0.307,0.673,1.757
0.531,1.888,0.328,1.69,1.672,0.307,0.673,1.757
0.531,1.888,0.328,1.69,1.672,0.307,0.673,1.757
0.531,1.888,0.328,1.691,1.672,0.307,0.673,1.757
0.531,1.888,0.328,1.69,1.672,0.307,0.673,1.757
0.531,1.888,0.328,1.69,1.672,0.307,0.673,1.757
0.531,1.888,0.328,1.69,1.672,0.307,0.673,1.757
0.531,1.888,0.328,1.691,1.672,0.307,0.673,1.757
0.531,1.888,0.328,1.691,1.672,0.307,0.673,1.757
0.531,1.888,0.328,1.69,1.672,0.307,0.673,1.757
0.531,1.888,0.328,1.691,1.672,0.307,0.673,1.757
0.531,1.888,0.328,1.691,1.672,0.307,0.673,1.757
0.531,1.888,0.328,1.691,1.672,0.307,0.673,1.757
0.531,1.888,0.328,1.69,1.672,0.307,0.673,1.757
0.531,1.888,0.328,1.69,1.672,0.307,0.673,1.757
0.531,1.888,0.328,1.69,1.672,0.307,0.673,1.757
0.531,1.888,0.328,1.69,1.672,0.307,0.673,1.757
0.531,1.888,0.328,1.69,1.672,0.307,0.673,1.757
0.531,1.888,0.328,1.69,1.672,0.307,0.673,1.757
0.531,1.888,0.328,1.69,1.672,0.307,0.673,1.757
0.531,1.888,0.328,1.69,1.672,0.307,0.673,1.757
0.531,1.888,0.328,1.69,1.672,0.307,0.673,1.756
0.531,1.887,0.328,1.69,1.671,0.307,0.673,1.756
0.531,1.887,0.328,1.69,1.671,0.307,0.673,1.756
0.531,1.887,0.328,1.69,1.671,0.307,0.673,1.756
0.531,1.887,0.328,1.69,1.672,0.307,0.673,1.756
0.531,1.888,0.328,1.69,1.672,0.307,0.673,1.756
0.531,1.887,0.328,1.69,1.671,0.307,0.672,1.756
0.531,1.887,0.328,1.69,1.672,0.307,0.673,1.756
0.531,1.887,0.328,1.69,1.671,0.307,0.673,1.756
0.531,1.887,0.328,1.69,1.672,0.307,0.673,1.756
0.531,1.887,0.328,1.69,1.672,0.307,0.673,1.756
0.531,1.888,0.328,1.69,1.671,0.307,0.673,1.756
0.531,1.887,0.328,1.69,1.671,0.307,0.673,1.756
0.531,1.888,0.328,1.69,1.671,0.307,0.672,1.756
0.531,1.887,0.328,1.689,1.671,0.307,0.673,1.756
0.531,1.887,0.328,1.689,1.671,0.307,0.672,1.756
0.531,1.887,0.328,1.689,1.671,0.307,0.672,1.756
0.531,1.887,0.328,1.69,1.672,0.307,0.673,1.756
0.531,1.887,0.328,1.689,1.671,0.307,0.673,1.756
0.531,1.887,0.328,1.689,1.671,0.307,0.672,1.756
0.531,1.888,0.328,1.69,1.672,0.307,0.673,1.756
0.531,1.888,0.328,1.69,1.671,0.307,0.673,1.756
0.531,1.887,0.328,1.69,1.671,0.307,0.673,1.756
0.531,1.887,0.328,1.689,1.671,0.307,0.672,1.756
0.531,1.887,0.328,1.689,1.671,0.307,0.672,1.756
0.531,1.888,0.328,1.689,1.671,0.307,0.672,1.756
0.531,1.887,0.328,1.689,1.672,0.307,0.672,1.756
0.531,1.887,0.328,1.689,1.671,0.307,0.672,1.756
0.531,1.887,0.328,1.689,1.671,0.307,0.672,1.756
0.531,1.887,0.328,1.689,1.671,0.307,0.672,1.756
0.531,1.887,0.328,1.689,1.671,0.307,0.672,1.756
0.531,1.887,0.328,1.689,1.671,0.307,0.672,1.756
0.531,1.887,0.328,1.689,1.671,0.307,0.672,1.756
0.531,1.887,0.328,1.689,1.671,0.307,0.672,1.755
0.531,1.887,0.328,1.689,1.671,0.307,0.672,1.756
0.531,1.887,0.328,1.689,1.671,0.307,0.672,1.756
0.531,1.887,0.328,1.689,1.671,0.307,0.672,1.756
0.531,1.887,0.328,1.689,1.671,0.307,0.672,1.756
0.531,1.887,0.328,1.689,1.671,0.307,0.672,1.755
0.53,1.887,0.328,1.689,1.671,0.307,0.672,1.756
0.531,1.887,0.328,1.689,1.671,0.307,0.672,1.755
0.53,1.887,0.328,1.689,1.671,0.307,0.672,1.755
0.531,1.887,0.327,1.689,1.671,0.307,0.672,1.755
0.531,1.887,0.328,1.689,1.671,0.307,0.672,1.756
0.53,1.887,0.328,1.689,1.671,0.307,0.672,1.756
0.53,1.887,0.328,1.689,1.671,0.307,0.672,1.755
0.53,1.887,0.328,1.689,1.671,0.307,0.672,1.755
0.53,1.887,0.328,1.689,1.671,0.307,0.672,1.755
0.53,1.887,0.328,1.689,1.671,0.307,0.672,1.755
0.53,1.887,0.328,1.688,1.671,0.307,0.672,1.755
0.53,1.887,0.328,1.689,1.671,0.307,0.672,1.755
0.53,1.887,0.328,1.689,1.671,0.307,0.672,1.755
0.53,1.887,0.328,1.689,1.671,0.307,0.672,1.755
0.531,1.887,0.327,1.689,1.671,0.307,0.672,1.755
0.53,1.886,0.327,1.689,1.671,0.307,0.672,1.755
0.53,1.887,0.328,1.689,1.671,0.307,0.672,1.755
0.53,1.887,0.328,1.688,1.671,0.307,0.672,1.755
0.53,1.887,0.328,1.688,1.67,0.307,0.672,1.755
0.53,1.887,0.328,1.688,1.671,0.307,0.672,1.755
0.531,1.887,0.328,1.689,1.671,0.307,0.672,1.755
0.53,1.887,0.328,1.688,1.671,0.307,0.672,1.755
0.53,1.887,0.328,1.689,1.671,0.307,0.672,1.755
0.53,1.887,0.328,1.689,1.67,0.307,0.673,1.756
0.531,1.887,0.328,1.689,1.671,0.307,0.672,1.756
0.531,1.887,0.328,1.689,1.671,0.307,0.672,1.756
0.531,1.887,0.328,1.689,1.671,0.307,0.672,1.756
0.531,1.887,0.328,1.689,1.671,0.307,0.672,1.756
0.531,1.888,0.328,1.689,1.671,0.307,0.672,1.756
0.531,1.887,0.328,1.689,1.671,0.307,0.673,1.756
0.531,1.887,0.328,1.689,1.671,0.307,0.672,1.756
0.531,1.887,0.328,1.689,1.671,0.307,0.672,1.756
0.531,1.887,0.328,1.689,1.671,0.307,0.672,1.756
0.531,1.887,0.328,1.689,1.671,0.307,0.672,1.755
0.53,1.887,0.328,1.689,1.671,0.307,0.672,1.756
0.53,1.887,0.328,1.689,1.671,0.307,0.672,1.756
0.53,1.887,0.328,1.688,1.67,0.307,0.672,1.755
0.53,1.886,0.328,1.688,1.67,0.307,0.672,1.755
0.53,1.887,0.328,1.688,1.67,0.307,0.672,1.755
0.53,1.887,0.327,1.688,1.67,0.307,0.672,1.755
0.53,1.887,0.328,1.688,1.67,0.307,0.672,1.755
0.53,1.886,0.328,1.688,1.67,0.307,0.672,1.755
0.53,1.886,0.328,1.688,1.67,0.307,0.672,1.755
0.53,1.886,0.328,1.688,1.67,0.307,0.672,1.755
0.53,1.886,0.328,1.688,1.67,0.307,0.672,1.755
0.53,1.886,0.328,1.688,1.67,0.307,0.672,1.755
0.53,1.886,0.328,1.688,1.67,0.307,0.672,1.754
0.53,1.886,0.327,1.688,1.67,0.307,0.672,1.754
0.53,1.886,0.328,1.688,1.67,0.307,0.672,1.754
0.53,1.886,0.328,1.688,1.67,0.307,0.672,1.754
0.53,1.886,0.327,1.688,1.67,0.307,0.672,1.754
0.53,1.886,0.328,1.688,1.67,0.307,0.672,1.754
0.53,1.886,0.327,1.687,1.67,0.307,0.672,1.754
0.53,1.886,0.327,1.687,1.67,0.307,0.672,1.754
0.53,1.886,0.328,1.687,1.669,0.307,0.672,1.754
0.53,1.886,0.328,1.687,1.67,0.307,0.672,1.755
0.53,1.886,0.327,1.688,1.67,0.307,0.672,1.754
0.53,1.886,0.327,1.687,1.67,0.307,0.672,1.754
0.53,1.886,0.327,1.687,1.67,0.306,0.672,1.754
0.53,1.885,0.327,1.687,1.67,0.307,0.672,1.754
0.53,1.885,0.328,1.687,1.669,0.307,0.672,1.754
0.53,1.885,0.327,1.687,1.669,0.306,0.672,1.754
0.53,1.885,0.327,1.687,1.669,0.306,0.672,1.754
0.53,1.886,0.327,1.687,1.669,0.306,0.672,1.754
0.53,1.885,0.327,1.687,1.669,0.306,0.672,1.754
0.53,1.885,0.327,1.687,1.669,0.306,0.671,1.753
0.529,1.885,0.327,1.686,1.669,0.306,0.671,1.753
0.53,1.885,0.327,1.686,1.669,0.306,0.671,1.753
0.529,1.885,0.327,1.686,1.669,0.306,0.671,1.753
0.53,1.885,0.327,1.687,1.669,0.306,0.671,1.753
0.53,1.886,0.328,1.687,1.67,0.307,0.672,1.754
0.53,1.886,0.327,1.687,1.67,0.307,0.672,1.754
0.53,1.886,0.327,1.687,1.669,0.306,0.672,1.754
0.53,1.886,0.327,1.687,1.669,0.306,0.672,1.754
0.53,1.886,0.327,1.687,1.67,0.307,0.672,1.754
0.53,1.886,0.327,1.687,1.67,0.306,0.672,1.754
0.53,1.886,0.327,1.687,1.669,0.306,0.672,1.754
0.53,1.886,0.328,1.687,1.67,0.306,0.672,1.754
0.53,1.886,0.327,1.687,1.67,0.306,0.672,1.754
0.53,1.886,0.327,1.687,1.67,0.306,0.672,1.754
0.53,1.885,0.327,1.687,1.669,0.307,0.672,1.754
0.53,1.886,0.328,1.687,1.669,0.307,0.672,1.754
0.53,1.885,0.327,1.687,1.669,0.306,0.672,1.754
0.53,1.885,0.327,1.687,1.669,0.306,0.671,1.754
0.53,1.886,0.327,1.687,1.669,0.306,0.671,1.754
0.53,1.886,0.328,1.687,1.669,0.306,0.671,1.754
0.53,1.886,0.327,1.687,1.669,0.306,0.672,1.754
0.53,1.886,0.327,1.687,1.669,0.306,0.672,1.754
0.53,1.885,0.327,1.687,1.669,0.306,0.671,1.754
0.53,1.885,0.327,1.687,1.669,0.306,0.672,1.754
0.53,1.885,0.327,1.687,1.669,0.306,0.671,1.754
0.53,1.886,0.327,1.687,1.669,0.306,0.672,1.754
0.53,1.886,0.327,1.687,1.669,0.306,0.671,1.754
0.53,1.886,0.328,1.687,1.67,0.306,0.672,1.754
0.53,1.885,0.327,1.686,1.669,0.306,0.672,1.754
0.53,1.886,0.328,1.687,1.67,0.306,0.672,1.754
0.53,1.886,0.328,1.687,1.67,0.306,0.672,1.754
0.53,1.886,0.327,1.687,1.67,0.307,0.672,1.754
0.53,1.886,0.328,1.687,1.67,0.307,0.671,1.754
0.53,1.886,0.328,1.687,1.67,0.306,0.672,1.754
0.53,1.886,0.328,1.687,1.67,0.306,0.672,1.754
0.53,1.886,0.328,1.687,1.67,0.306,0.672,1.754
0.53,1.886,0.328,1.687,1.67,0.307,0.672,1.754
0.53,1.886,0.328,1.687,1.67,0.306,0.672,1.754
0.53,1.886,0.327,1.687,1.67,0.307,0.672,1.754
0.53,1.886,0.328,1.687,1.669,0.306,0.671,1.753
0.529,1.886,0.327,1.686,1.669,0.306,0.671,1.753
0.529,1.886,0.327,1.687,1.669,0.306,0.672,1.754
0.53,1.886,0.328,1.686,1.67,0.306,0.671,1.754
0.529,1.885,0.327,1.686,1.669,0.306,0.672,1.754
0.53,1.886,0.327,1.687,1.67,0.306,0.672,1.754
0.53,1.886,0.328,1.687,1.67,0.306,0.672,1.754
0.53,1.886,0.328,1.687,1.669,0.307,0.672,1.754
0.53,1.886,0.328,1.687,1.67,0.306,0.672,1.754
0.53,1.886,0.328,1.687,1.67,0.306,0.672,1.754
0.53,1.886,0.327,1.687,1.67,0.306,0.672,1.753
0.53,1.885,0.328,1.686,1.669,0.306,0.671,1.753
0.529,1.885,0.327,1.686,1.669,0.306,0.671,1.753
0.529,1.885,0.328,1.686,1.669,0.306,0.671,1.753
0.529,1.885,0.327,1.686,1.669,0.306,0.671,1.753
0.529,1.885,0.327,1.686,1.669,0.306,0.671,1.753
0.529,1.885,0.327,1.686,1.668,0.306,0.671,1.753
0.529,1.885,0.327,1.686,1.668,0.306,0.671,1.753
0.529,1.885,0.327,1.686,1.668,0.306,0.671,1.753
0.529,1.885,0.327,1.686,1.669,0.306,0.671,1.753
0.529,1.885,0.327,1.686,1.668,0.306,0.671,1.753
0.529,1.885,0.327,1.685,1.668,0.306,0.671,1.753
0.529,1.885,0.327,1.685,1.668,0.306,0.671,1.753
0.529,1.885,0.327,1.685,1.668,0.306,0.671,1.752
0.529,1.885,0.327,1.686,1.668,0.306,0.671,1.753
0.529,1.885,0.327,1.686,1.668,0.306,0.671,1.753
0.529,1.885,0.327,1.685,1.668,0.306,0.671,1.752
0.529,1.884,0.327,1.685,1.668,0.306,0.671,1.752
0.529,1.884,0.327,1.685,1.668,0.306,0.671,1.752
0.529,1.884,0.327,1.685,1.668,0.306,0.671,1.753
0.529,1.884,0.327,1.685,1.668,0.306,0.671,1.753
0.529,1.884,0.327,1.685,1.668,0.306,0.671,1.752
0.529,1.884,0.327,1.685,1.668,0.306,0.671,1.752
0.529,1.884,0.327,1.685,1.668,0.306,0.671,1.752
0.529,1.884,0.327,1.685,1.668,0.306,0.671,1.752
0.529,1.884,0.327,1.685,1.668,0.306,0.671,1.752
0.529,1.885,0.327,1.686,1.669,0.306,0.671,1.753
0.529,1.885,0.327,1.686,1.669,0.306,0.671,1.753
0.529,1.885,0.327,1.686,1.669,0.306,0.671,1.753
0.529,1.885,0.327,1.686,1.669,0.306,0.671,1.753
0.529,1.885,0.327,1.685,1.668,0.306,0.671,1.753
0.529,1.885,0.327,1.686,1.669,0.306,0.671,1.753
0.529,1.885,0.327,1.685,1.668,0.306,0.671,1.752
0.529,1.884,0.327,1.685,1.668,0.306,0.671,1.753
0.529,1.885,0.327,1.685,1.668,0.306,0.671,1.753
0.529,1.885,0.328,1.686,1.669,0.306,0.671,1.753
0.529,1.885,0.327,1.686,1.669,0.306,0.671,1.753
0.529,1.885,0.327,1.685,1.669,0.306,0.671,1.753
0.529,1.885,0.327,1.686,1.669,0.306,0.671,1.753
0.529,1.885,0.327,1.686,1.669,0.306,0.671,1.753
0.529,1.885,0.327,1.686,1.668,0.306,0.671,1.753
0.529,1.885,0.328,1.685,1.669,0.306,0.671,1.753
0.529,1.885,0.327,1.685,1.668,0.306,0.671,1.753
0.529,1.885,0.327,1.686,1.669,0.306,0.671,1.753
0.529,1.885,0.327,1.686,1.669,0.306,0.671,1.753
0.529,1.885,0.328,1.686,1.669,0.306,0.671,1.753
0.529,1.885,0.328,1.686,1.669,0.306,0.671,1.753
0.529,1.885,0.328,1.686,1.669,0.306,0.671,1.753
0.529,1.885,0.327,1.686,1.669,0.306,0.671,1.753
0.529,1.886,0.328,1.686,1.669,0.306,0.671,1.753
0.529,1.885,0.327,1.686,1.669,0.306,0.671,1.753
0.529,1.885,0.327,1.686,1.669,0.306,0.671,1.754
0.529,1.886,0.328,1.686,1.669,0.306,0.671,1.754
0.529,1.886,0.327,1.686,1.669,0.306,0.671,1.754
0.529,1.886,0.328,1.686,1.669,0.306,0.671,1.754
0.529,1.886,0.328,1.686,1.669,0.306,0.671,1.754
0.529,1.886,0.327,1.686,1.669,0.306,0.671,1.754
0.529,1.886,0.328,1.686,1.67,0.306,0.671,1.754
0.529,1.886,0.328,1.686,1.669,0.306,0.671,1.754
0.529,1.886,0.328,1.686,1.669,0.306,0.671,1.754
0.529,1.886,0.328,1.686,1.669,0.306,0.671,1.754
0.529,1.886,0.328,1.686,1.669,0.306,0.671,1.754
0.529,1.886,0.328,1.686,1.669,0.306,0.671,1.754
0.529,1.886,0.328,1.686,1.669,0.306,0.671,1.754
0.529,1.886,0.327,1.686,1.67,0.306,0.671,1.754
0.529,1.886,0.328,1.686,1.669,0.306,0.671,1.754
0.529,1.886,0.327,1.686,1.67,0.306,0.671,1.754
0.529,1.886,0.328,1.686,1.67,0.306,0.671,1.754
0.529,1.886,0.328,1.687,1.669,0.306,0.671,1.754
0.529,1.886,0.328,1.686,1.67,0.306,0.671,1.754
0.529,1.886,0.328,1.686,1.669,0.306,0.671,1.754
0.529,1.886,0.328,1.686,1.669,0.306,0.671,1.754
0.529,1.886,0.328,1.686,1.669,0.306,0.671,1.754
0.529,1.886,0.328,1.686,1.669,0.306,0.671,1.754
0.529,1.886,0.328,1.686,1.669,0.306,0.671,1.754
0.529,1.886,0.328,1.686,1.669,0.306,0.671,1.754
0.529,1.886,0.328,1.686,1.669,0.306,0.671,1.754
0.529,1.886,0.327,1.686,1.669,0.306,0.671,1.754
0.529,1.886,0.328,1.686,1.669,0.306,0.671,1.754
0.529,1.886,0.328,1.686,1.669,0.306,0.671,1.754
0.529,1.886,0.328,1.686,1.669,0.306,0.671,1.754
0.529,1.886,0.328,1.686,1.669,0.306,0.671,1.753
0.529,1.885,0.327,1.686,1.669,0.306,0.671,1.753
0.529,1.886,0.328,1.686,1.669,0.306,0.671,1.753
0.529,1.886,0.328,1.686,1.669,0.306,0.671,1.753
0.529,1.885,0.327,1.686,1.669,0.306,0.671,1.753
0.529,1.886,0.328,1.685,1.669,0.306,0.671,1.753
0.529,1.885,0.328,1.685,1.669,0.306,0.671,1.753
0.529,1.886,0.328,1.686,1.669,0.306,0.671,1.753
0.529,1.886,0.328,1.686,1.669,0.306,0.671,1.753
0.529,1.886,0.328,1.686,1.669,0.306,0.671,1.753
0.529,1.886,0.328,1.686,1.669,0.306,0.671,1.754
0.529,1.886,0.328,1.686,1.669,0.306,0.671,1.754
0.529,1.886,0.328,1.686,1.669,0.306,0.671,1.753
0.529,1.886,0.328,1.686,1.669,0.306,0.671,1.753
0.529,1.886,0.328,1.686,1.669,0.306,0.671,1.753
0.529,1.886,0.328,1.686,1.669,0.306,0.671,1.754
0.529,1.886,0.328,1.686,1.669,0.306,0.671,1.753
0.529,1.886,0.328,1.686,1.669,0.306,0.671,1.753
0.529,1.886,0.328,1.686,1.669,0.306,0.671,1.753
0.529,1.886,0.328,1.686,1.669,0.306,0.671,1.753
0.529,1.886,0.327,1.685,1.669,0.306,0.671,1.753
0.529,1.886,0.328,1.685,1.669,0.306,0.671,1.753
0.529,1.886,0.328,1.685,1.669,0.306,0.671,1.753
0.529,1.886,0.328,1.686,1.669,0.306,0.671,1.753
0.529,1.886,0.327,1.686,1.669,0.306,0.671,1.753
0.529,1.886,0.328,1.686,1.669,0.306,0.671,1.753
0.529,1.886,0.328,1.685,1.669,0.306,0.671,1.753
0.529,1.886,0.327,1.685,1.669,0.306,0.671,1.753
0.529,1.886,0.328,1.685,1.669,0.306,0.671,1.753
0.529,1.886,0.328,1.685,1.669,0.306,0.671,1.753
0.529,1.885,0.327,1.685,1.668,0.306,0.671,1.752
0.529,1.885,0.327,1.685,1.668,0.306,0.671,1.753
0.529,1.885,0.327,1.685,1.668,0.306,0.671,1.753
0.529,1.885,0.327,1.685,1.668,0.306,0.671,1.753
0.529,1.885,0.328,1.685,1.669,0.306,0.671,1.753
0.529,1.885,0.327,1.685,1.669,0.306,0.671,1.753
0.529,1.885,0.328,1.685,1.669,0.306,0.671,1.753
0.529,1.885,0.327,1.685,1.669,0.306,0.671,1.753
0.529,1.885,0.327,1.685,1.669,0.306,0.671,1.753
0.529,1.885,0.327,1.685,1.669,0.306,0.671,1.753
0.529,1.885,0.328,1.685,1.669,0.306,0.671,1.753
0.529,1.885,0.328,1.685,1.668,0.306,0.671,1.753
0.529,1.885,0.327,1.685,1.668,0.306,0.671,1.753
0.529,1.885,0.327,1.685,1.668,0.306,0.671,1.753
0.529,1.885,0.327,1.685,1.668,0.306,0.671,1.753
0.529,1.885,0.328,1.685,1.668,0.306,0.671,1.753
0.529,1.885,0.327,1.685,1.668,0.306,0.671,1.753
0.529,1.885,0.328,1.685,1.668,0.306,0.671,1.753
0.529,1.885,0.327,1.685,1.669,0.306,0.671,1.753
0.529,1.885,0.328,1.685,1.669,0.306,0.671,1.753
0.529,1.885,0.328,1.685,1.669,0.306,0.671,1.753
0.529,1.885,0.328,1.685,1.669,0.306,0.671,1.753
0.529,1.886,0.328,1.685,1.668,0.306,0.671,1.753
0.529,1.885,0.327,1.685,1.668,0.306,0.671,1.753
0.529,1.885,0.327,1.685,1.668,0.306,0.671,1.753
0.529,1.885,0.327,1.685,1.669,0.306,0.671,1.753
0.529,1.886,0.327,1.685,1.669,0.306,0.671,1.753
0.529,1.886,0.328,1.686,1.669,0.306,0.671,1.753
0.529,1.886,0.328,1.686,1.669,0.306,0.671,1.753
0.529,1.886,0.327,1.685,1.669,0.306,0.671,1.753
0.529,1.886,0.328,1.686,1.669,0.306,0.671,1.753
0.529,1.886,0.327,1.685,1.669,0.306,0.671,1.753
0.529,1.886,0.328,1.685,1.669,0.306,0.671,1.753
0.529,1.886,0.328,1.686,1.669,0.306,0.671,1.753
0.529,1.886,0.328,1.686,1.669,0.306,0.671,1.753
0.529,1.886,0.328,1.685,1.669,0.306,0.671,1.753
0.529,1.885,0.327,1.685,1.669,0.306,0.671,1.753
0.529,1.885,0.328,1.686,1.669,0.306,0.671,1.753
0.529,1.886,0.328,1.686,1.669,0.306,0.671,1.753
0.529,1.885,0.328,1.685,1.669,0.306,0.671,1.753
0.529,1.885,0.327,1.685,1.669,0.306,0.671,1.753
0.529,1.885,0.327,1.685,1.669,0.306,0.671,1.753
0.529,1.885,0.328,1.685,1.669,0.306,0.671,1.753
0.529,1.885,0.327,1.685,1.668,0.306,0.671,1.752
0.529,1.885,0.327,1.684,1.668,0.306,0.671,1.752
0.529,1.885,0.327,1.685,1.669,0.306,0.671,1.753
0.529,1.885,0.327,1.685,1.669,0.306,0.671,1.753
0.529,1.885,0.327,1.685,1.668,0.306,0.671,1.752
0.529,1.885,0.327,1.684,1.668,0.306,0.671,1.752
0.529,1.885,0.327,1.684,1.668,0.306,0.671,1.752
0.529,1.884,0.327,1.684,1.668,0.306,0.671,1.752
0.529,1.885,0.327,1.684,1.668,0.306,0.67,1.752
0.529,1.884,0.327,1.684,1.668,0.306,0.671,1.752
0.529,1.884,0.327,1.684,1.668,0.306,0.67,1.752
0.529,1.884,0.327,1.684,1.668,0.306,0.67,1.752
0.529,1.884,0.327,1.684,1.668,0.306,0.67,1.752
0.529,1.884,0.327,1.684,1.668,0.306,0.671,1.752
0.529,1.884,0.327,1.684,1.668,0.306,0.671,1.752
0.529,1.884,0.327,1.684,1.668,0.306,0.671,1.752
0.529,1.884,0.327,1.684,1.668,0.306,0.67,1.752
0.529,1.884,0.327,1.684,1.668,0.306,0.67,1.752
0.529,1.884,0.327,1.684,1.668,0.306,0.67,1.752
0.529,1.884,0.327,1.684,1.668,0.306,0.67,1.752
0.529,1.884,0.327,1.684,1.668,0.306,0.67,1.752
0.529,1.884,0.327,1.684,1.668,0.306,0.67,1.752
0.529,1.884,0.327,1.684,1.668,0.306,0.67,1.752
0.529,1.884,0.327,1.684,1.668,0.306,0.67,1.752
0.528,1.884,0.327,1.684,1.668,0.306,0.67,1.752
0.529,1.884,0.327,1.684,1.668,0.306,0.67,1.752
0.529,1.884,0.327,1.684,1.668,0.306,0.67,1.752
0.528,1.884,0.327,1.683,1.668,0.306,0.67,1.752
0.529,1.884,0.327,1.684,1.667,0.306,0.67,1.752
0.528,1.884,0.327,1.684,1.668,0.306,0.67,1.752
0.529,1.884,0.327,1.684,1.668,0.306,0.67,1.752
0.529,1.884,0.327,1.684,1.668,0.306,0.67,1.752
0.529,1.884,0.327,1.684,1.668,0.306,0.67,1.752
0.529,1.885,0.327,1.684,1.668,0.306,0.671,1.752
0.529,1.884,0.327,1.684,1.668,0.306,0.67,1.752
0.529,1.885,0.327,1.684,1.668,0.306,0.67,1.752
0.529,1.884,0.327,1.684,1.668,0.306,0.67,1.752
0.529,1.884,0.327,1.684,1.668,0.306,0.67,1.752
0.529,1.884,0.327,1.684,1.668,0.306,0.67,1.752
0.529,1.884,0.327,1.684,1.668,0.306,0.67,1.752
0.529,1.884,0.327,1.684,1.668,0.306,0.671,1.752
0.529,1.885,0.327,1.684,1.668,0.306,0.67,1.752
0.529,1.884,0.327,1.684,1.668,0.306,0.671,1.752
0.529,1.884,0.327,1.684,1.668,0.306,0.67,1.752
0.529,1.885,0.327,1.684,1.668,0.306,0.67,1.752
0.529,1.884,0.327,1.684,1.668,0.306,0.67,1.752
0.529,1.885,0.327,1.684,1.668,0.306,0.67,1.752
0.529,1.885,0.327,1.684,1.668,0.306,0.67,1.752
0.529,1.885,0.328,1.684,1.668,0.306,0.67,1.752
0.529,1.885,0.327,1.684,1.668,0.306,0.67,1.752
0.529,1.885,0.327,1.684,1.668,0.306,0.67,1.752
0.529,1.884,0.327,1.684,1.668,0.306,0.67,1.752
0.529,1.884,0.327,1.684,1.668,0.306,0.67,1.752
0.529,1.884,0.327,1.684,1.668,0.306,0.67,1.752
0.529,1.884,0.327,1.684,1.668,0.306,0.67,1.752
0.529,1.884,0.327,1.684,1.668,0.306,0.67,1.752
0.529,1.884,0.327,1.684,1.668,0.306,0.67,1.752
0.529,1.884,0.327,1.684,1.668,0.306,0.67,1.752
0.529,1.885,0.327,1.684,1.668,0.306,0.67,1.752
0.529,1.884,0.327,1.684,1.668,0.306,0.67,1.752
0.529,1.884,0.327,1.684,1.668,0.306,0.67,1.752
0.529,1.884,0.327,1.684,1.668,0.306,0.67,1.752
0.529,1.884,0.327,1.684,1.668,0.306,0.67,1.752
0.529,1.884,0.327,1.684,1.668,0.306,0.67,1.752
0.528,1.884,0.327,1.684,1.668,0.306,0.67,1.752
0.528,1.884,0.327,1.684,1.668,0.306,0.67,1.752
0.529,1.884,0.328,1.684,1.668,0.306,0.67,1.752
0.529,1.884,0.327,1.684,1.667,0.306,0.67,1.752
0.528,1.884,0.327,1.684,1.668,0.306,0.67,1.752
0.528,1.884,0.327,1.684,1.668,0.306,0.67,1.752
0.528,1.884,0.327,1.684,1.668,0.306,0.67,1.752
0.529,1.884,0.328,1.683,1.668,0.306,0.67,1.752
0.528,1.884,0.327,1.684,1.668,0.306,0.67,1.752
0.528,1.884,0.327,1.684,1.668,0.306,0.67,1.752
0.529,1.884,0.327,1.683,1.667,0.306,0.67,1.752
0.528,1.884,0.328,1.683,1.667,0.306,0.67,1.752
0.528,1.884,0.327,1.684,1.668,0.306,0.67,1.752
0.528,1.884,0.327,1.683,1.667,0.306,0.67,1.751
0.528,1.884,0.328,1.683,1.667,0.306,0.67,1.751
0.528,1.884,0.327,1.683,1.667,0.306,0.67,1.752
0.528,1.884,0.327,1.683,1.667,0.306,0.67,1.752
0.528,1.884,0.327,1.683,1.667,0.306,0.67,1.752
0.528,1.884,0.327,1.683,1.667,0.306,0.67,1.751
0.528,1.884,0.327,1.683,1.667,0.306,0.67,1.751
0.528,1.884,0.327,1.683,1.667,0.306,0.67,1.751
0.528,1.883,0.327,1.683,1.667,0.306,0.67,1.751
0.528,1.884,0.327,1.683,1.667,0.306,0.67,1.751
0.528,1.884,0.327,1.683,1.667,0.306,0.67,1.751
0.528,1.883,0.327,1.683,1.667,0.306,0.67,1.751
0.528,1.884,0.327,1.683,1.667,0.305,0.67,1.751
0.528,1.884,0.327,1.683,1.667,0.306,0.67,1.751
0.528,1.884,0.327,1.683,1.667,0.306,0.67,1.751
0.528,1.884,0.327,1.683,1.667,0.305,0.67,1.751
0.528,1.884,0.327,1.683,1.667,0.306,0.67,1.751
0.528,1.884,0.327,1.683,1.667,0.306,0.67,1.751
0.528,1.884,0.327,1.683,1.667,0.306,0.67,1.751
0.528,1.884,0.327,1.683,1.667,0.306,0.67,1.751
0.528,1.884,0.327,1.683,1.667,0.306,0.67,1.751
0.528,1.884,0.327,1.683,1.667,0.306,0.67,1.751
0.528,1.884,0.327,1.683,1.667,0.306,0.67,1.751
0.528,1.884,0.327,1.683,1.667,0.306,0.67,1.751
0.528,1.884,0.327,1.683,1.667,0.305,0.67,1.751
0.528,1.884,0.327,1.683,1.667,0.306,0.67,1.751
0.528,1.884,0.327,1.683,1.667,0.306,0.67,1.751
0.528,1.884,0.327,1.683,1.667,0.305,0.67,1.751
0.528,1.884,0.327,1.683,1.667,0.305,0.67,1.751
0.528,1.884,0.327,1.683,1.667,0.306,0.67,1.751
0.528,1.884,0.327,1.683,1.667,0.306,0.67,1.751
0.528,1.884,0.327,1.683,1.667,0.305,0.669,1.751
0.528,1.884,0.327,1.683,1.667,0.306,0.669,1.751
0.528,1.884,0.327,1.683,1.667,0.306,0.67,1.751
0.528,1.884,0.327,1.683,1.667,0.305,0.67,1.751
0.528,1.884,0.327,1.682,1.667,0.306,0.669,1.751
0.528,1.884,0.327,1.682,1.667,0.305,0.669,1.751
0.528,1.884,0.327,1.683,1.667,0.305,0.669,1.751
0.528,1.884,0.327,1.683,1.667,0.306,0.67,1.751
0.528,1.884,0.327,1.683,1.667,0.306,0.669,1.751
0.528,1.883,0.327,1.682,1.667,0.305,0.67,1.751
0.528,1.884,0.327,1.683,1.667,0.306,0.669,1.751
0.528,1.884,0.327,1.682,1.667,0.305,0.669,1.751
0.528,1.884,0.327,1.683,1.667,0.305,0.669,1.751
0.528,1.884,0.327,1.683,1.667,0.306,0.669,1.751
0.528,1.884,0.327,1.683,1.667,0.306,0.669,1.751
0.528,1.884,0.327,1.682,1.667,0.306,0.669,1.751
0.528,1.884,0.327,1.682,1.667,0.306,0.669,1.751
0.528,1.883,0.327,1.683,1.667,0.306,0.669,1.751
0.528,1.884,0.327,1.683,1.667,0.305,0.669,1.751
0.528,1.883,0.327,1.682,1.667,0.305,0.669,1.75
0.528,1.883,0.327,1.682,1.667,0.305,0.669,1.751
0.528,1.883,0.327,1.682,1.666,0.305,0.669,1.75
0.528,1.883,0.327,1.682,1.667,0.305,0.669,1.75
0.528,1.883,0.327,1.682,1.667,0.305,0.669,1.751
0.528,1.883,0.327,1.682,1.667,0.305,0.669,1.75
0.528,1.883,0.327,1.682,1.666,0.306,0.669,1.751
0.528,1.883,0.327,1.682,1.666,0.305,0.669,1.751
0.528,1.883,0.327,1.682,1.667,0.305,0.669,1.751
0.528,1.883,0.327,1.682,1.666,0.305,0.669,1.751
0.528,1.883,0.327,1.682,1.667,0.305,0.669,1.75
0.528,1.883,0.327,1.682,1.667,0.305,0.669,1.75
0.528,1.883,0.327,1.682,1.666,0.305,0.669,1.751
0.528,1.883,0.327,1.682,1.667,0.305,0.669,1.75
0.528,1.883,0.327,1.682,1.667,0.306,0.669,1.751
0.528,1.883,0.328,1.682,1.666,0.305,0.669,1.75
0.528,1.883,0.327,1.682,1.667,0.305,0.669,1.751
0.528,1.883,0.327,1.682,1.667,0.306,0.669,1.75
0.528,1.883,0.327,1.682,1.667,0.305,0.669,1.75
0.528,1.883,0.327,1.682,1.666,0.305,0.669,1.75
0.528,1.883,0.327,1.682,1.667,0.305,0.669,1.75
0.528,1.883,0.327,1.682,1.666,0.305,0.669,1.75
0.528,1.883,0.327,1.682,1.666,0.305,0.669,1.75
0.528,1.883,0.327,1.682,1.666,0.305,0.669,1.75
0.528,1.883,0.327,1.682,1.666,0.305,0.669,1.75
0.528,1.883,0.327,1.682,1.666,0.305,0.669,1.75
0.528,1.883,0.327,1.682,1.666,0.305,0.669,1.75
0.528,1.883,0.327,1.682,1.666,0.305,0.669,1.75
0.528,1.883,0.327,1.682,1.666,0.305,0.669,1.75
0.528,1.883,0.327,1.682,1.666,0.305,0.669,1.75
0.528,1.883,0.327,1.682,1.666,0.305,0.669,1.75
0.528,1.883,0.327,1.682,1.667,0.305,0.669,1.75
0.528,1.883,0.327,1.682,1.666,0.305,0.669,1.75
0.528,1.883,0.327,1.682,1.666,0.305,0.669,1.75
0.528,1.883,0.327,1.682,1.667,0.305,0.669,1.75
0.528,1.883,0.327,1.682,1.666,0.305,0.669,1.75
0.528,1.883,0.327,1.682,1.666,0.305,0.669,1.75
0.528,1.883,0.327,1.682,1.666,0.305,0.669,1.75
0.528,1.883,0.327,1.682,1.666,0.305,0.669,1.75
0.528,1.883,0.327,1.682,1.666,0.305,0.669,1.75
0.528,1.883,0.327,1.682,1.666,0.305,0.669,1.75
0.528,1.883,0.327,1.682,1.666,0.305,0.669,1.75
0.528,1.883,0.327,1.682,1.666,0.305,0.669,1.75
0.528,1.883,0.327,1.682,1.666,0.305,0.669,1.751
0.528,1.883,0.327,1.682,1.666,0.305,0.669,1.751
0.528,1.883,0.327,1.682,1.667,0.305,0.669,1.75
0.528,1.883,0.327,1.682,1.667,0.305,0.669,1.751
0.528,1.883,0.327,1.682,1.666,0.305,0.669,1.75
0.528,1.883,0.327,1.682,1.667,0.305,0.669,1.75
0.528,1.883,0.327,1.682,1.666,0.305,0.669,1.75
0.528,1.883,0.327,1.682,1.667,0.305,0.669,1.751
0.528,1.883,0.327,1.682,1.667,0.305,0.669,1.751
0.528,1.883,0.328,1.682,1.667,0.305,0.669,1.751
0.528,1.883,0.328,1.682,1.666,0.305,0.669,1.751
0.528,1.884,0.328,1.682,1.666,0.305,0.669,1.751
0.528,1.884,0.327,1.682,1.667,0.305,0.669,1.751
0.528,1.883,0.328,1.682,1.667,0.305,0.669,1.751
0.528,1.884,0.328,1.682,1.666,0.305,0.669,1.751
0.528,1.884,0.328,1.682,1.667,0.305,0.669,1.75
0.528,1.884,0.327,1.682,1.667,0.305,0.669,1.751
0.528,1.884,0.327,1.682,1.667,0.305,0.669,1.751
0.528,1.884,0.327,1.682,1.667,0.305,0.669,1.751
0.528,1.884,0.328,1.682,1.667,0.305,0.669,1.751
0.528,1.884,0.327,1.682,1.667,0.305,0.669,1.751
0.528,1.884,0.327,1.682,1.667,0.305,0.669,1.751
0.528,1.884,0.328,1.682,1.667,0.305,0.669,1.751
0.528,1.884,0.327,1.682,1.667,0.305,0.669,1.751
0.528,1.884,0.327,1.682,1.667,0.305,0.669,1.751
0.528,1.884,0.327,1.682,1.667,0.305,0.669,1.751
0.528,1.884,0.327,1.682,1.666,0.305,0.669,1.75
0.528,1.883,0.327,1.682,1.666,0.305,0.669,1.75
0.528,1.883,0.327,1.681,1.666,0.305,0.669,1.75
0.528,1.883,0.327,1.682,1.666,0.305,0.669,1.75
0.528,1.883,0.327,1.682,1.666,0.305,0.669,1.75
0.528,1.883,0.327,1.681,1.667,0.305,0.669,1.75
0.528,1.883,0.327,1.682,1.666,0.305,0.669,1.751
0.528,1.883,0.327,1.682,1.667,0.305,0.669,1.75
0.528,1.883,0.327,1.682,1.666,0.305,0.669,1.75
0.528,1.883,0.327,1.682,1.666,0.305,0.669,1.75
0.528,1.883,0.328,1.682,1.666,0.305,0.669,1.751
0.528,1.883,0.327,1.682,1.667,0.305,0.669,1.751
0.528,1.883,0.327,1.682,1.666,0.305,0.669,1.751
0.528,1.883,0.327,1.682,1.666,0.305,0.669,1.75
0.528,1.883,0.327,1.682,1.666,0.305,0.669,1.75
0.528,1.883,0.327,1.681,1.666,0.305,0.669,1.75
0.528,1.883,0.328,1.681,1.666,0.305,0.669,1.75
0.528,1.883,0.328,1.682,1.666,0.305,0.669,1.75
0.528,1.883,0.327,1.682,1.666,0.305,0.669,1.75
0.528,1.883,0.327,1.682,1.667,0.305,0.669,1.75
0.528,1.884,0.328,1.681,1.666,0.305,0.669,1.75
0.528,1.883,0.327,1.682,1.666,0.305,0.669,1.751
0.528,1.883,0.328,1.682,1.666,0.305,0.669,1.75
0.528,1.883,0.327,1.681,1.666,0.305,0.669,1.75
0.528,1.883,0.328,1.681,1.666,0.305,0.668,1.75
0.528,1.883,0.328,1.681,1.666,0.305,0.669,1.75
0.528,1.883,0.328,1.681,1.666,0.305,0.669,1.75
0.528,1.883,0.328,1.681,1.666,0.305,0.669,1.75
0.528,1.883,0.328,1.681,1.666,0.305,0.669,1.75
0.528,1.883,0.327,1.681,1.666,0.305,0.669,1.75
0.528,1.883,0.327,1.681,1.666,0.305,0.668,1.75
0.528,1.883,0.328,1.681,1.666,0.305,0.669,1.75
0.528,1.883,0.327,1.681,1.666,0.305,0.669,1.75
0.528,1.883,0.328,1.681,1.666,0.305,0.669,1.75
0.528,1.883,0.328,1.681,1.666,0.305,0.668,1.75
0.528,1.883,0.328,1.681,1.666,0.305,0.668,1.75
0.528,1.883,0.328,1.681,1.666,0.305,0.669,1.75
0.528,1.883,0.327,1.681,1.666,0.305,0.669,1.75
0.528,1.883,0.327,1.681,1.666,0.305,0.669,1.75
0.528,1.883,0.327,1.681,1.666,0.305,0.668,1.75
0.528,1.883,0.328,1.681,1.666,0.305,0.668,1.75
0.528,1.883,0.328,1.681,1.666,0.305,0.668,1.75
0.528,1.883,0.328,1.681,1.666,0.305,0.668,1.75
0.527,1.883,0.327,1.681,1.666,0.305,0.668,1.75
0.528,1.883,0.327,1.681,1.666,0.305,0.668,1.75
0.528,1.883,0.327,1.681,1.666,0.305,0.668,1.75
0.528,1.883,0.328,1.681,1.666,0.305,0.668,1.75
0.528,1.883,0.327,1.681,1.666,0.305,0.668,1.75
0.528,1.883,0.328,1.681,1.666,0.305,0.668,1.75
0.528,1.883,0.328,1.681,1.666,0.305,0.668,1.75
0.527,1.883,0.327,1.681,1.666,0.305,0.668,1.75
0.528,1.883,0.328,1.681,1.666,0.305,0.668,1.75
0.527,1.883,0.328,1.681,1.666,0.305,0.668,1.75
0.528,1.883,0.328,1.681,1.666,0.305,0.668,1.75
0.527,1.883,0.327,1.681,1.666,0.305,0.668,1.75
0.527,1.883,0.328,1.681,1.666,0.305,0.668,1.75
0.527,1.883,0.328,1.681,1.666,0.305,0.668,1.75
0.528,1.883,0.328,1.681,1.666,0.305,0.668,1.75
0.527,1.883,0.328,1.681,1.666,0.305,0.668,1.75
0.527,1.883,0.327,1.681,1.666,0.305,0.668,1.75
0.527,1.883,0.327,1.681,1.666,0.305,0.668,1.75
0.527,1.883,0.327,1.681,1.666,0.305,0.668,1.75
0.527,1.883,0.328,1.681,1.666,0.305,0.668,1.75
0.527,1.883,0.328,1.681,1.666,0.305,0.668,1.75
0.528,1.883,0.328,1.681,1.666,0.305,0.668,1.75
0.527,1.883,0.327,1.681,1.666,0.305,0.668,1.75
0.527,1.883,0.328,1.681,1.666,0.305,0.668,1.75
0.528,1.883,0.327,1.681,1.666,0.305,0.668,1.75
0.527,1.883,0.328,1.681,1.666,0.305,0.668,1.75
0.528,1.883,0.328,1.681,1.666,0.305,0.668,1.75
0.528,1.883,0.328,1.681,1.666,0.305,0.668,1.75
0.528,1.883,0.328,1.681,1.666,0.305,0.668,1.75
0.528,1.883,0.328,1.681,1.666,0.305,0.668,1.75
0.528,1.883,0.328,1.681,1.666,0.305,0.668,1.75
0.528,1.883,0.328,1.681,1.666,0.305,0.668,1.75
0.527,1.883,0.328,1.681,1.666,0.305,0.668,1.75
0.527,1.883,0.328,1.681,1.666,0.305,0.668,1.75
0.527,1.883,0.328,1.681,1.666,0.305,0.668,1.75
0.528,1.883,0.327,1.681,1.666,0.305,0.668,1.75
0.528,1.883,0.328,1.681,1.666,0.305,0.668,1.75
0.527,1.883,0.328,1.681,1.666,0.305,0.668,1.75
0.527,1.883,0.328,1.681,1.666,0.305,0.668,1.75
0.528,1.883,0.328,1.681,1.666,0.305,0.668,1.75
0.527,1.883,0.327,1.681,1.666,0.305,0.668,1.75
0.527,1.883,0.327,1.681,1.666,0.305,0.668,1.75
0.527,1.883,0.327,1.681,1.666,0.305,0.668,1.75
0.527,1.883,0.328,1.681,1.666,0.305,0.668,1.75
0.528,1.883,0.328,1.681,1.666,0.305,0.668,1.75
0.527,1.883,0.328,1.681,1.666,0.305,0.668,1.75
0.528,1.883,0.328,1.681,1.666,0.305,0.668,1.75
0.528,1.883,0.328,1.681,1.666,0.305,0.668,1.75
0.528,1.883,0.328,1.681,1.666,0.305,0.668,1.75
0.527,1.883,0.328,1.681,1.666,0.305,0.668,1.75
0.527,1.883,0.328,1.681,1.666,0.305,0.668,1.75
0.528,1.883,0.328,1.681,1.666,0.305,0.668,1.75
0.528,1.883,0.328,1.681,1.666,0.305,0.668,1.75
0.528,1.883,0.328,1.681,1.666,0.305,0.668,1.75
0.527,1.883,0.328,1.681,1.666,0.305,0.668,1.75
0.528,1.883,0.328,1.681,1.666,0.305,0.668,1.75
0.528,1.883,0.328,1.681,1.666,0.305,0.668,1.75
0.527,1.883,0.328,1.681,1.666,0.305,0.668,1.75
0.528,1.883,0.328,1.681,1.666,0.305,0.668,1.75
0.528,1.883,0.328,1.681,1.666,0.305,0.668,1.75
0.527,1.883,0.328,1.681,1.666,0.305,0.668,1.75
0.527,1.883,0.328,1.681,1.666,0.305,0.668,1.75
0.528,1.883,0.328,1.681,1.666,0.305,0.668,1.75
0.527,1.883,0.328,1.681,1.666,0.305,0.668,1.75
0.527,1.883,0.328,1.681,1.666,0.305,0.668,1.75
0.527,1.883,0.328,1.681,1.666,0.305,0.668,1.75
0.527,1.883,0.328,1.681,1.666,0.305,0.668,1.749
0.527,1.883,0.328,1.681,1.666,0.305,0.668,1.75
0.527,1.883,0.328,1.681,1.666,0.305,0.668,1.75
0.527,1.883,0.328,1.681,1.666,0.305,0.668,1.75
0.527,1.883,0.328,1.681,1.666,0.305,0.668,1.75
0.527,1.883,0.328,1.681,1.666,0.305,0.668,1.75
0.528,1.883,0.328,1.681,1.666,0.305,0.668,1.75
0.527,1.883,0.328,1.681,1.666,0.305,0.668,1.75
0.527,1.883,0.328,1.681,1.666,0.305,0.668,1.75
0.527,1.883,0.328,1.681,1.666,0.305,0.668,1.75
0.527,1.883,0.328,1.681,1.666,0.305,0.668,1.75
0.527,1.883,0.328,1.681,1.666,0.305,0.668,1.75
0.527,1.883,0.328,1.681,1.666,0.305,0.668,1.75
0.528,1.883,0.328,1.681,1.666,0.305,0.668,1.75
0.528,1.883,0.328,1.681,1.666,0.305,0.668,1.75
0.527,1.883,0.328,1.681,1.666,0.305,0.668,1.75
0.527,1.883,0.328,1.681,1.666,0.305,0.668,1.75
0.527,1.883,0.328,1.681,1.666,0.305,0.668,1.75
0.527,1.883,0.328,1.681,1.666,0.305,0.668,1.75
0.527,1.883,0.328,1.681,1.666,0.305,0.668,1.75
0.527,1.883,0.328,1.681,1.666,0.305,0.668,1.75
0.527,1.883,0.328,1.681,1.666,0.305,0.668,1.75
0.527,1.883,0.328,1.681,1.666,0.305,0.668,1.75
0.528,1.883,0.328,1.68,1.666,0.305,0.668,1.749
0.527,1.883,0.328,1.681,1.666,0.305,0.668,1.75
0.527,1.883,0.328,1.681,1.666,0.305,0.668,1.75
0.528,1.883,0.328,1.681,1.666,0.305,0.668,1.75
0.527,1.883,0.328,1.681,1.666,0.305,0.668,1.75
0.528,1.883,0.328,1.681,1.666,0.305,0.668,1.75
0.527,1.883,0.328,1.681,1.666,0.305,0.668,1.75
0.527,1.883,0.328,1.681,1.666,0.305,0.668,1.75
0.528,1.883,0.328,1.681,1.667,0.305,0.668,1.75
0.527,1.883,0.328,1.681,1.666,0.305,0.668,1.75
0.527,1.883,0.328,1.681,1.667,0.305,0.668,1.75
0.527,1.883,0.328,1.681,1.666,0.305,0.668,1.75
0.527,1.883,0.328,1.681,1.666,0.305,0.668,1.75
0.527,1.883,0.328,1.681,1.666,0.305,0.668,1.75
0.527,1.883,0.328,1.681,1.666,0.305,0.668,1.75
0.527,1.883,0.328,1.681,1.666,0.305,0.668,1.75
0.527,1.883,0.328,1.681,1.666,0.305,0.668,1.75
0.527,1.883,0.328,1.681,1.666,0.305,0.668,1.75
0.527,1.883,0.328,1.681,1.666,0.305,0.668,1.75
0.527,1.883,0.328,1.681,1.666,0.305,0.668,1.75
0.527,1.883,0.328,1.681,1.666,0.305,0.668,1.75
0.527,1.883,0.328,1.681,1.666,0.305,0.668,1.75
0.527,1.883,0.328,1.681,1.666,0.305,0.667,1.75
0.527,1.883,0.328,1.681,1.666,0.305,0.668,1.75
0.527,1.883,0.328,1.681,1.666,0.305,0.668,1.749
0.527,1.883,0.328,1.681,1.666,0.305,0.668,1.75
0.527,1.882,0.328,1.681,1.666,0.305,0.668,1.75
0.527,1.882,0.328,1.681,1.666,0.305,0.667,1.75
0.527,1.883,0.328,1.681,1.666,0.305,0.668,1.75
0.527,1.883,0.328,1.681,1.666,0.305,0.668,1.75
0.527,1.883,0.328,1.681,1.666,0.305,0.667,1.75
0.527,1.883,0.328,1.681,1.666,0.305,0.667,1.75
0.527,1.883,0.328,1.681,1.666,0.305,0.668,1.75
0.527,1.883,0.328,1.681,1.666,0.305,0.668,1.75
0.527,1.883,0.328,1.681,1.666,0.305,0.668,1.75
0.527,1.883,0.328,1.681,1.666,0.305,0.668,1.75
0.527,1.883,0.328,1.681,1.666,0.305,0.668,1.75
0.527,1.883,0.328,1.681,1.666,0.305,0.668,1.75
0.527,1.883,0.328,1.681,1.666,0.305,0.668,1.75
0.527,1.883,0.328,1.681,1.666,0.305,0.668,1.75
0.527,1.883,0.328,1.681,1.666,0.305,0.668,1.75
0.528,1.883,0.328,1.681,1.666,0.305,0.668,1.75
0.527,1.883,0.328,1.681,1.666,0.305,0.667,1.75
0.527,1.883,0.328,1.681,1.667,0.305,0.667,1.75
0.527,1.883,0.328,1.681,1.666,0.305,0.668,1.75
0.527,1.883,0.328,1.681,1.666,0.305,0.668,1.75
0.527,1.883,0.328,1.681,1.666,0.305,0.667,1.75
0.527,1.883,0.328,1.681,1.666,0.305,0.667,1.749
0.527,1.883,0.328,1.681,1.666,0.305,0.667,1.75
0.527,1.883,0.328,1.681,1.666,0.305,0.667,1.75
0.527,1.882,0.328,1.68,1.666,0.305,0.667,1.75
0.527,1.883,0.328,1.68,1.666,0.305,0.667,1.749
0.527,1.883,0.328,1.681,1.666,0.305,0.667,1.75
0.527,1.883,0.328,1.681,1.666,0.305,0.667,1.75
0.527,1.883,0.328,1.681,1.666,0.305,0.667,1.749
0.527,1.883,0.328,1.681,1.666,0.305,0.667,1.75
0.527,1.883,0.328,1.68,1.666,0.305,0.667,1.749
0.527,1.883,0.328,1.68,1.666,0.305,0.667,1.749
0.527,1.883,0.328,1.68,1.666,0.305,0.667,1.75
0.527,1.883,0.328,1.68,1.666,0.305,0.667,1.749
0.527,1.883,0.328,1.68,1.666,0.305,0.667,1.749
0.527,1.882,0.328,1.68,1.666,0.305,0.667,1.75
0.527,1.883,0.328,1.68,1.666,0.305,0.667,1.749
0.527,1.882,0.328,1.68,1.666,0.305,0.667,1.749
0.527,1.883,0.328,1.68,1.666,0.305,0.667,1.749
0.527,1.883,0.328,1.68,1.666,0.305,0.667,1.749
0.527,1.882,0.328,1.68,1.666,0.305,0.667,1.749
0.527,1.882,0.328,1.68,1.666,0.305,0.667,1.749
0.527,1.882,0.328,1.68,1.666,0.305,0.667,1.749
0.527,1.882,0.328,1.68,1.666,0.305,0.667,1.749
0.527,1.882,0.328,1.68,1.666,0.305,0.667,1.749
0.527,1.883,0.328,1.68,1.666,0.305,0.667,1.749
0.527,1.882,0.328,1.68,1.666,0.305,0.667,1.749
0.527,1.882,0.328,1.68,1.666,0.305,0.667,1.749
0.527,1.882,0.328,1.68,1.666,0.305,0.667,1.749
0.527,1.882,0.328,1.68,1.666,0.305,0.667,1.749
0.527,1.882,0.328,1.68,1.666,0.305,0.667,1.749
0.527,1.882,0.328,1.68,1.666,0.305,0.667,1.749
0.527,1.882,0.328,1.68,1.666,0.305,0.667,1.749
0.527,1.882,0.328,1.68,1.666,0.305,0.667,1.749
0.527,1.883,0.328,1.68,1.666,0.305,0.667,1.749
0.527,1.882,0.328,1.68,1.666,0.305,0.667,1.749
0.527,1.882,0.328,1.68,1.665,0.305,0.667,1.749
0.527,1.882,0.328,1.68,1.666,0.305,0.667,1.749
0.527,1.882,0.328,1.68,1.666,0.305,0.667,1.749
0.527,1.882,0.328,1.68,1.666,0.305,0.667,1.749
0.527,1.882,0.328,1.68,1.666,0.305,0.667,1.749
0.527,1.882,0.328,1.68,1.666,0.305,0.667,1.749
0.527,1.882,0.328,1.68,1.666,0.305,0.667,1.749
0.527,1.882,0.328,1.68,1.666,0.305,0.667,1.749
0.527,1.882,0.328,1.68,1.666,0.305,0.667,1.749
0.527,1.882,0.328,1.68,1.666,0.305,0.667,1.749
0.527,1.882,0.328,1.68,1.666,0.305,0.667,1.749
0.527,1.882,0.328,1.68,1.666,0.305,0.667,1.749
0.527,1.882,0.328,1.68,1.666,0.305,0.667,1.749
0.527,1.882,0.328,1.68,1.666,0.305,0.667,1.749
0.527,1.882,0.328,1.68,1.666,0.305,0.667,1.75
0.527,1.883,0.328,1.68,1.666,0.305,0.667,1.749
0.527,1.882,0.328,1.68,1.666,0.305,0.667,1.749
0.527,1.882,0.328,1.68,1.666,0.305,0.667,1.749
0.527,1.882,0.328,1.68,1.666,0.305,0.667,1.749
0.527,1.882,0.328,1.68,1.666,0.305,0.667,1.749
0.527,1.882,0.328,1.68,1.666,0.305,0.667,1.749
0.527,1.882,0.328,1.68,1.666,0.305,0.667,1.749
0.527,1.882,0.328,1.68,1.666,0.305,0.667,1.749
0.527,1.882,0.328,1.68,1.666,0.305,0.667,1.749
0.527,1.882,0.328,1.68,1.666,0.305,0.667,1.749
0.527,1.882,0.328,1.68,1.666,0.305,0.667,1.749
0.527,1.882,0.328,1.68,1.666,0.305,0.667,1.749
0.527,1.882,0.328,1.68,1.666,0.305,0.667,1.749
0.527,1.882,0.328,1.68,1.666,0.305,0.667,1.749
0.527,1.883,0.328,1.68,1.666,0.305,0.667,1.75
0.527,1.883,0.328,1.68,1.666,0.305,0.667,1.75
0.527,1.883,0.328,1.68,1.666,0.305,0.667,1.749
0.527,1.883,0.328,1.68,1.666,0.305,0.667,1.749
0.527,1.882,0.328,1.68,1.666,0.305,0.667,1.749
0.527,1.883,0.328,1.68,1.666,0.305,0.667,1.75
0.527,1.883,0.328,1.68,1.666,0.305,0.667,1.749
0.527,1.882,0.328,1.68,1.666,0.305,0.667,1.749
0.527,1.882,0.328,1.68,1.666,0.305,0.667,1.75
0.527,1.882,0.328,1.68,1.666,0.305,0.667,1.749
0.527,1.882,0.328,1.68,1.666,0.305,0.667,1.749
0.527,1.882,0.328,1.679,1.665,0.305,0.667,1.749
0.527,1.882,0.328,1.68,1.666,0.305,0.667,1.749
0.527,1.882,0.328,1.68,1.665,0.305,0.667,1.749
0.527,1.882,0.328,1.68,1.666,0.305,0.667,1.749
0.527,1.882,0.328,1.68,1.666,0.305,0.667,1.749
0.527,1.882,0.328,1.68,1.666,0.305,0.667,1.749
0.527,1.882,0.328,1.68,1.666,0.305,0.667,1.749
0.527,1.882,0.328,1.68,1.666,0.305,0.667,1.749
0.527,1.882,0.328,1.68,1.666,0.305,0.667,1.749
0.527,1.882,0.328,1.68,1.666,0.305,0.667,1.749
0.527,1.882,0.328,1.68,1.666,0.305,0.667,1.749
0.527,1.882,0.328,1.68,1.666,0.305,0.667,1.749
0.527,1.882,0.328,1.68,1.666,0.305,0.667,1.749
0.527,1.882,0.328,1.679,1.665,0.305,0.667,1.749
0.527,1.882,0.328,1.68,1.665,0.305,0.666,1.749
0.527,1.882,0.328,1.679,1.665,0.305,0.666,1.749
0.527,1.883,0.328,1.68,1.665,0.305,0.667,1.749
0.527,1.882,0.328,1.68,1.665,0.305,0.667,1.749
0.527,1.882,0.328,1.68,1.665,0.305,0.666,1.749
0.527,1.882,0.328,1.68,1.666,0.305,0.667,1.749
0.527,1.882,0.328,1.679,1.665,0.305,0.667,1.749
0.527,1.882,0.328,1.68,1.665,0.305,0.666,1.749
0.527,1.882,0.328,1.68,1.665,0.305,0.667,1.749
0.527,1.882,0.328,1.68,1.665,0.305,0.666,1.749
0.527,1.882,0.328,1.68,1.665,0.305,0.666,1.749
0.527,1.882,0.328,1.68,1.666,0.305,0.666,1.749
0.527,1.882,0.328,1.679,1.665,0.304,0.667,1.749
0.527,1.882,0.328,1.68,1.666,0.305,0.666,1.749
0.527,1.882,0.328,1.679,1.666,0.305,0.666,1.749
0.527,1.883,0.328,1.68,1.666,0.305,0.667,1.749
0.527,1.883,0.328,1.68,1.666,0.305,0.667,1.749
0.527,1.883,0.328,1.68,1.666,0.305,0.666,1.749
0.527,1.882,0.328,1.679,1.665,0.305,0.667,1.749
0.527,1.882,0.328,1.679,1.665,0.305,0.666,1.749
0.527,1.882,0.328,1.68,1.665,0.305,0.666,1.749
0.527,1.882,0.328,1.68,1.666,0.305,0.666,1.749
0.527,1.882,0.328,1.68,1.666,0.305,0.666,1.749
0.527,1.882,0.328,1.68,1.665,0.305,0.666,1.749
0.527,1.882,0.328,1.68,1.665,0.305,0.666,1.749
0.527,1.882,0.328,1.679,1.665,0.305,0.666,1.749
0.527,1.883,0.328,1.68,1.666,0.305,0.666,1.749
0.527,1.882,0.328,1.68,1.665,0.305,0.667,1.749
0.527,1.882,0.328,1.68,1.666,0.305,0.667,1.749
0.527,1.883,0.328,1.68,1.666,0.305,0.666,1.749
0.527,1.883,0.328,1.68,1.665,0.305,0.666,1.749
0.527,1.883,0.328,1.68,1.665,0.305,0.667,1.749
0.527,1.883,0.328,1.68,1.666,0.305,0.667,1.749
0.527,1.883,0.328,1.68,1.665,0.305,0.666,1.749
0.527,1.882,0.328,1.68,1.665,0.305,0.666,1.749
0.527,1.883,0.328,1.68,1.666,0.305,0.666,1.749
0.527,1.883,0.328,1.68,1.666,0.305,0.666,1.749
0.527,1.883,0.328,1.68,1.666,0.305,0.667,1.749
0.527,1.883,0.328,1.68,1.666,0.305,0.666,1.749
0.527,1.883,0.328,1.68,1.666,0.305,0.667,1.749
0.527,1.883,0.328,1.68,1.666,0.305,0.666,1.749
0.527,1.883,0.328,1.68,1.666,0.305,0.666,1.749
0.527,1.883,0.328,1.68,1.666,0.305,0.666,1.749
0.527,1.883,0.328,1.68,1.665,0.305,0.666,1.749
0.527,1.883,0.328,1.68,1.665,0.305,0.666,1.749
0.527,1.883,0.328,1.68,1.666,0.305,0.666,1.749
0.527,1.883,0.328,1.68,1.665,0.305,0.666,1.749
0.527,1.883,0.328,1.68,1.666,0.305,0.666,1.749
0.527,1.883,0.329,1.68,1.665,0.305,0.667,1.749
0.527,1.883,0.328,1.68,1.666,0.305,0.666,1.749
0.527,1.883,0.328,1.68,1.666,0.305,0.666,1.749
0.527,1.883,0.328,1.679,1.665,0.305,0.666,1.749
0.527,1.883,0.328,1.68,1.665,0.305,0.666,1.749
0.527,1.883,0.328,1.679,1.665,0.305,0.666,1.749
0.527,1.883,0.328,1.679,1.665,0.305,0.666,1.749
0.527,1.883,0.328,1.679,1.665,0.305,0.666,1.749
0.527,1.883,0.328,1.679,1.665,0.305,0.666,1.749
0.527,1.883,0.328,1.679,1.665,0.305,0.666,1.749
0.527,1.883,0.328,1.679,1.665,0.305,0.666,1.749
0.527,1.883,0.328,1.68,1.665,0.304,0.666,1.749
0.527,1.883,0.328,1.679,1.665,0.304,0.666,1.749
0.527,1.883,0.328,1.679,1.665,0.305,0.666,1.749
0.527,1.883,0.328,1.679,1.665,0.304,0.666,1.749
0.527,1.883,0.328,1.679,1.665,0.305,0.666,1.749
0.527,1.883,0.328,1.679,1.665,0.305,0.666,1.749
0.527,1.883,0.328,1.679,1.665,0.305,0.666,1.749
0.527,1.883,0.328,1.679,1.665,0.304,0.666,1.748
0.527,1.883,0.328,1.679,1.665,0.305,0.666,1.749
0.527,1.883,0.328,1.679,1.665,0.305,0.666,1.749
0.527,1.883,0.328,1.679,1.665,0.305,0.666,1.749
0.527,1.883,0.328,1.679,1.665,0.305,0.666,1.749
0.527,1.883,0.328,1.679,1.665,0.305,0.666,1.749
0.527,1.883,0.328,1.679,1.665,0.304,0.666,1.749
0.527,1.883,0.328,1.679,1.665,0.304,0.666,1.749
0.527,1.883,0.328,1.679,1.665,0.305,0.666,1.749
0.527,1.883,0.328,1.679,1.665,0.304,0.666,1.749
0.527,1.883,0.328,1.679,1.665,0.304,0.666,1.749
0.527,1.883,0.328,1.679,1.665,0.305,0.666,1.749
0.527,1.883,0.328,1.679,1.665,0.304,0.666,1.749
0.527,1.883,0.328,1.679,1.665,0.304,0.666,1.749
0.527,1.883,0.328,1.679,1.665,0.305,0.666,1.749
0.527,1.883,0.328,1.679,1.665,0.305,0.666,1.749
0.527,1.883,0.328,1.679,1.665,0.305,0.666,1.749
0.527,1.883,0.328,1.679,1.665,0.305,0.666,1.749
0.527,1.883,0.328,1.679,1.665,0.305,0.666,1.748
0.527,1.882,0.328,1.679,1.665,0.304,0.666,1.748
0.526,1.882,0.328,1.679,1.665,0.304,0.666,1.748
0.527,1.882,0.328,1.679,1.665,0.304,0.666,1.749
0.527,1.882,0.328,1.679,1.665,0.304,0.666,1.748
0.527,1.882,0.328,1.679,1.665,0.305,0.666,1.749
0.527,1.882,0.328,1.679,1.665,0.304,0.666,1.748
0.527,1.882,0.328,1.679,1.665,0.304,0.666,1.748
0.527,1.882,0.328,1.679,1.665,0.304,0.666,1.748
0.527,1.882,0.328,1.679,1.665,0.304,0.666,1.748
0.527,1.882,0.328,1.679,1.664,0.304,0.666,1.748
0.527,1.882,0.328,1.679,1.665,0.304,0.666,1.748
0.527,1.882,0.328,1.678,1.664,0.304,0.666,1.748
0.527,1.882,0.328,1.679,1.664,0.304,0.666,1.748
0.526,1.882,0.328,1.679,1.664,0.304,0.666,1.748
0.527,1.882,0.328,1.679,1.664,0.304,0.666,1.748
0.526,1.882,0.328,1.678,1.664,0.304,0.666,1.748
0.527,1.882,0.328,1.678,1.664,0.304,0.666,1.748
0.526,1.882,0.328,1.678,1.664,0.304,0.666,1.748
0.527,1.882,0.328,1.678,1.664,0.304,0.666,1.748
0.526,1.882,0.328,1.678,1.664,0.304,0.666,1.748
0.526,1.882,0.328,1.678,1.664,0.304,0.666,1.748
0.526,1.882,0.328,1.678,1.664,0.304,0.665,1.748
0.527,1.882,0.328,1.678,1.664,0.304,0.666,1.748
0.526,1.882,0.328,1.678,1.664,0.304,0.665,1.748
0.526,1.882,0.328,1.678,1.664,0.304,0.666,1.748
0.526,1.882,0.328,1.678,1.664,0.304,0.666,1.748
0.526,1.881,0.328,1.678,1.664,0.304,0.665,1.748
0.526,1.881,0.328,1.678,1.664,0.304,0.665,1.748
0.526,1.881,0.328,1.678,1.664,0.304,0.665,1.747
0.526,1.881,0.328,1.678,1.664,0.304,0.665,1.748
0.526,1.881,0.328,1.678,1.664,0.304,0.665,1.748
0.526,1.881,0.328,1.678,1.664,0.304,0.666,1.748
0.526,1.882,0.328,1.678,1.664,0.304,0.665,1.748
0.526,1.881,0.328,1.678,1.664,0.304,0.665,1.748
0.526,1.881,0.328,1.678,1.664,0.304,0.665,1.748
0.526,1.882,0.328,1.678,1.664,0.304,0.665,1.748
0.526,1.882,0.328,1.678,1.664,0.304,0.665,1.748
0.526,1.882,0.328,1.678,1.664,0.304,0.665,1.748
0.526,1.882,0.328,1.678,1.664,0.304,0.665,1.748
0.526,1.882,0.328,1.678,1.664,0.304,0.665,1.748
0.526,1.882,0.328,1.678,1.664,0.304,0.666,1.748
0.526,1.882,0.328,1.678,1.664,0.304,0.666,1.748
0.526,1.882,0.328,1.678,1.664,0.304,0.665,1.748
0.526,1.882,0.328,1.678,1.664,0.304,0.666,1.748
0.526,1.882,0.328,1.678,1.664,0.304,0.665,1.748
0.526,1.882,0.328,1.678,1.664,0.304,0.665,1.748
0.526,1.881,0.328,1.678,1.664,0.304,0.665,1.748
0.526,1.881,0.328,1.678,1.664,0.304,0.665,1.747
0.526,1.881,0.328,1.678,1.664,0.304,0.665,1.747
0.526,1.881,0.328,1.678,1.664,0.304,0.665,1.747
0.526,1.881,0.328,1.678,1.664,0.304,0.665,1.747
0.526,1.881,0.328,1.678,1.664,0.304,0.665,1.747
0.526,1.881,0.328,1.678,1.664,0.304,0.665,1.747
0.526,1.881,0.328,1.678,1.664,0.304,0.665,1.747
0.526,1.881,0.328,1.678,1.664,0.304,0.665,1.747
0.526,1.881,0.328,1.678,1.664,0.304,0.665,1.747
0.526,1.881,0.328,1.678,1.664,0.304,0.665,1.747
0.526,1.881,0.328,1.678,1.664,0.304,0.665,1.747
0.526,1.881,0.328,1.677,1.664,0.304,0.665,1.747
0.526,1.881,0.328,1.678,1.664,0.304,0.665,1.747
0.526,1.881,0.328,1.678,1.664,0.304,0.665,1.747
0.526,1.881,0.328,1.678,1.664,0.304,0.665,1.747
0.526,1.882,0.328,1.678,1.664,0.304,0.665,1.748
0.526,1.881,0.328,1.678,1.664,0.304,0.665,1.748
0.526,1.881,0.328,1.678,1.664,0.304,0.665,1.747
0.526,1.881,0.328,1.678,1.664,0.304,0.665,1.747
0.526,1.881,0.328,1.678,1.664,0.304,0.665,1.747
0.526,1.881,0.328,1.677,1.664,0.304,0.665,1.747
0.526,1.881,0.328,1.678,1.664,0.304,0.665,1.747
0.526,1.881,0.328,1.677,1.664,0.304,0.665,1.747
0.526,1.881,0.328,1.677,1.664,0.304,0.665,1.747
0.526,1.881,0.328,1.677,1.664,0.304,0.665,1.747
0.526,1.881,0.328,1.677,1.664,0.304,0.665,1.747
0.526,1.881,0.328,1.677,1.664,0.304,0.665,1.747
0.526,1.881,0.328,1.677,1.664,0.304,0.665,1.747
0.526,1.881,0.328,1.677,1.663,0.304,0.665,1.747
0.526,1.881,0.328,1.677,1.664,0.304,0.665,1.747
0.526,1.881,0.328,1.677,1.663,0.304,0.665,1.747
0.526,1.881,0.328,1.677,1.664,0.304,0.665,1.747
0.526,1.881,0.328,1.677,1.664,0.304,0.665,1.747
0.526,1.881,0.328,1.677,1.664,0.304,0.665,1.747
0.526,1.881,0.328,1.677,1.663,0.304,0.665,1.747
0.526,1.881,0.328,1.677,1.663,0.304,0.665,1.747
0.526,1.881,0.328,1.677,1.663,0.304,0.665,1.747
0.526,1.881,0.328,1.677,1.663,0.304,0.665,1.747
0.526,1.881,0.328,1.677,1.663,0.304,0.665,1.747
0.526,1.881,0.328,1.677,1.663,0.304,0.665,1.747
0.526,1.881,0.328,1.677,1.664,0.304,0.665,1.747
0.526,1.881,0.328,1.677,1.664,0.304,0.665,1.747
0.526,1.881,0.328,1.677,1.663,0.304,0.665,1.747
0.526,1.881,0.328,1.677,1.664,0.304,0.665,1.747
0.526,1.881,0.328,1.677,1.663,0.304,0.665,1.747
0.526,1.881,0.328,1.677,1.663,0.304,0.665,1.747
0.526,1.881,0.328,1.677,1.663,0.304,0.665,1.747
0.526,1.881,0.328,1.677,1.663,0.304,0.665,1.747
0.526,1.881,0.328,1.677,1.663,0.304,0.665,1.747
0.526,1.881,0.328,1.677,1.663,0.304,0.665,1.747
0.526,1.881,0.328,1.677,1.663,0.304,0.665,1.747
0.526,1.881,0.328,1.677,1.664,0.304,0.665,1.747
0.526,1.881,0.328,1.677,1.663,0.304,0.665,1.747
0.526,1.881,0.328,1.677,1.663,0.304,0.665,1.747
0.526,1.881,0.328,1.677,1.663,0.304,0.665,1.747
0.526,1.881,0.328,1.677,1.663,0.304,0.665,1.746
0.526,1.881,0.328,1.677,1.663,0.304,0.665,1.747
0.526,1.881,0.328,1.677,1.663,0.304,0.664,1.746
0.526,1.881,0.328,1.677,1.663,0.304,0.664,1.747
0.526,1.881,0.328,1.677,1.663,0.304,0.665,1.747
0.526,1.881,0.328,1.677,1.663,0.304,0.665,1.747
0.526,1.881,0.328,1.677,1.663,0.304,0.664,1.746
0.526,1.881,0.328,1.677,1.663,0.304,0.665,1.746
0.526,1.881,0.328,1.677,1.663,0.304,0.664,1.746
0.526,1.881,0.328,1.676,1.663,0.304,0.664,1.746
0.526,1.881,0.328,1.677,1.663,0.304,0.664,1.746
0.526,1.881,0.328,1.676,1.663,0.304,0.664,1.746
0.526,1.881,0.328,1.676,1.663,0.304,0.664,1.746
0.525,1.881,0.328,1.676,1.663,0.304,0.664,1.746
0.525,1.88,0.328,1.676,1.663,0.304,0.664,1.746
0.526,1.881,0.328,1.676,1.663,0.304,0.664,1.746
0.526,1.881,0.328,1.676,1.663,0.304,0.664,1.746
0.526,1.881,0.328,1.676,1.663,0.304,0.664,1.746
0.526,1.881,0.328,1.676,1.663,0.304,0.664,1.746
0.526,1.881,0.328,1.676,1.663,0.304,0.664,1.746
0.525,1.881,0.328,1.677,1.663,0.304,0.664,1.746
0.526,1.881,0.328,1.676,1.663,0.304,0.664,1.746
0.526,1.88,0.328,1.676,1.663,0.304,0.664,1.746
0.525,1.881,0.328,1.676,1.663,0.304,0.664,1.746
0.525,1.881,0.328,1.676,1.663,0.304,0.664,1.746
0.525,1.881,0.328,1.676,1.663,0.304,0.664,1.746
0.526,1.881,0.328,1.676,1.663,0.304,0.664,1.746
0.526,1.881,0.328,1.676,1.663,0.304,0.664,1.746
0.525,1.881,0.328,1.676,1.663,0.304,0.664,1.746
0.525,1.881,0.328,1.676,1.663,0.304,0.664,1.746
0.525,1.881,0.328,1.676,1.663,0.304,0.664,1.746
0.526,1.881,0.328,1.676,1.663,0.304,0.664,1.746
0.525,1.881,0.328,1.676,1.663,0.304,0.664,1.746
0.525,1.881,0.328,1.676,1.663,0.304,0.664,1.746
0.525,1.881,0.328,1.676,1.663,0.304,0.664,1.746
0.525,1.881,0.328,1.676,1.663,0.304,0.664,1.746
0.525,1.881,0.328,1.676,1.663,0.304,0.664,1.746
0.525,1.881,0.328,1.676,1.663,0.303,0.664,1.746
0.525,1.881,0.328,1.676,1.663,0.304,0.664,1.746
0.525,1.881,0.328,1.676,1.663,0.304,0.664,1.746
0.525,1.881,0.328,1.676,1.663,0.303,0.664,1.746
0.525,1.881,0.328,1.676,1.663,0.304,0.664,1.746
0.525,1.881,0.328,1.676,1.663,0.304,0.664,1.746
0.525,1.881,0.328,1.676,1.663,0.304,0.664,1.746
0.525,1.881,0.328,1.676,1.663,0.304,0.664,1.746
0.525,1.881,0.328,1.676,1.663,0.303,0.664,1.746
0.525,1.88,0.328,1.676,1.663,0.304,0.664,1.746
0.525,1.881,0.328,1.676,1.663,0.304,0.664,1.746
0.525,1.881,0.328,1.676,1.663,0.303,0.664,1.746
0.525,1.881,0.328,1.676,1.663,0.304,0.664,1.746
0.525,1.881,0.328,1.676,1.663,0.304,0.664,1.746
0.525,1.881,0.328,1.676,1.663,0.304,0.664,1.746
0.525,1.881,0.328,1.676,1.663,0.304,0.664,1.746
0.525,1.881,0.328,1.676,1.663,0.304,0.664,1.746
0.525,1.881,0.328,1.676,1.663,0.304,0.664,1.747
0.525,1.881,0.328,1.676,1.663,0.304,0.664,1.747
0.525,1.881,0.328,1.676,1.663,0.304,0.664,1.746
0.525,1.881,0.328,1.676,1.663,0.304,0.664,1.747
0.525,1.881,0.328,1.676,1.663,0.304,0.664,1.746
0.525,1.881,0.328,1.676,1.663,0.304,0.664,1.746
0.525,1.881,0.328,1.676,1.663,0.304,0.664,1.747
0.525,1.881,0.328,1.677,1.663,0.304,0.664,1.747
0.525,1.881,0.328,1.676,1.663,0.304,0.664,1.747
0.525,1.881,0.328,1.676,1.663,0.304,0.664,1.747
0.525,1.881,0.328,1.676,1.663,0.304,0.664,1.747
0.525,1.881,0.328,1.676,1.663,0.304,0.664,1.747
0.526,1.881,0.328,1.677,1.663,0.303,0.664,1.746
0.525,1.881,0.328,1.676,1.663,0.304,0.664,1.747
0.525,1.881,0.328,1.676,1.663,0.304,0.664,1.746
0.525,1.881,0.328,1.677,1.663,0.304,0.664,1.747
0.525,1.881,0.328,1.676,1.663,0.304,0.664,1.747
0.526,1.881,0.328,1.676,1.663,0.304,0.664,1.747
0.525,1.881,0.328,1.677,1.663,0.304,0.664,1.747
0.526,1.881,0.328,1.676,1.663,0.304,0.664,1.746
0.525,1.881,0.328,1.677,1.663,0.303,0.664,1.746
0.525,1.881,0.328,1.676,1.663,0.304,0.664,1.747
0.525,1.881,0.328,1.677,1.663,0.304,0.664,1.747
0.526,1.881,0.328,1.677,1.663,0.304,0.664,1.747
0.525,1.881,0.328,1.676,1.663,0.303,0.664,1.747
0.526,1.881,0.328,1.676,1.663,0.304,0.664,1.747
0.525,1.881,0.328,1.676,1.663,0.304,0.664,1.747
0.526,1.881,0.328,1.677,1.663,0.304,0.664,1.747
0.526,1.881,0.328,1.676,1.663,0.304,0.664,1.747
0.525,1.881,0.328,1.676,1.663,0.303,0.664,1.747
0.526,1.881,0.328,1.676,1.663,0.304,0.664,1.747
0.525,1.881,0.328,1.676,1.663,0.303,0.664,1.747
0.525,1.881,0.328,1.676,1.663,0.303,0.664,1.747
0.525,1.881,0.328,1.676,1.663,0.304,0.664,1.747
0.525,1.881,0.328,1.676,1.663,0.303,0.664,1.746
0.525,1.88,0.328,1.676,1.663,0.304,0.664,1.746
0.525,1.881,0.328,1.676,1.663,0.303,0.664,1.746
0.525,1.881,0.328,1.676,1.663,0.303,0.664,1.746
0.525,1.88,0.328,1.676,1.663,0.304,0.664,1.746
0.525,1.881,0.328,1.676,1.663,0.304,0.664,1.746
0.525,1.881,0.328,1.676,1.663,0.303,0.664,1.746
0.525,1.88,0.328,1.676,1.663,0.304,0.664,1.746
0.525,1.88,0.328,1.676,1.663,0.303,0.664,1.746
0.525,1.881,0.328,1.676,1.663,0.304,0.664,1.747
0.525,1.881,0.328,1.676,1.663,0.303,0.664,1.746
0.525,1.881,0.328,1.676,1.663,0.303,0.664,1.746
0.525,1.881,0.328,1.676,1.663,0.303,0.664,1.747
0.525,1.881,0.328,1.676,1.663,0.303,0.664,1.747
0.525,1.881,0.328,1.676,1.663,0.303,0.664,1.746
0.525,1.881,0.328,1.676,1.663,0.304,0.664,1.747
0.525,1.881,0.328,1.676,1.663,0.304,0.664,1.747
0.525,1.881,0.328,1.676,1.663,0.303,0.664,1.746
0.525,1.88,0.328,1.676,1.663,0.303,0.664,1.747
0.525,1.88,0.328,1.676,1.663,0.303,0.664,1.746
0.525,1.88,0.328,1.676,1.663,0.303,0.664,1.746
0.525,1.88,0.328,1.676,1.663,0.304,0.664,1.746
0.525,1.88,0.328,1.676,1.663,0.303,0.664,1.746
0.525,1.88,0.328,1.676,1.663,0.303,0.664,1.746
0.525,1.88,0.328,1.676,1.663,0.303,0.663,1.746
0.525,1.88,0.328,1.676,1.663,0.303,0.663,1.746
0.525,1.88,0.328,1.676,1.663,0.304,0.664,1.746
0.525,1.88,0.328,1.676,1.663,0.304,0.664,1.746
0.525,1.88,0.328,1.676,1.663,0.303,0.664,1.746
0.525,1.88,0.328,1.676,1.663,0.304,0.664,1.747
0.525,1.881,0.328,1.676,1.663,0.304,0.664,1.747
0.525,1.881,0.328,1.676,1.663,0.303,0.664,1.746
0.525,1.88,0.328,1.676,1.663,0.304,0.664,1.747
0.525,1.881,0.328,1.676,1.663,0.303,0.664,1.747
0.525,1.881,0.328,1.676,1.663,0.303,0.664,1.746
0.525,1.881,0.328,1.676,1.663,0.304,0.664,1.747
0.525,1.88,0.328,1.676,1.663,0.303,0.664,1.746
0.525,1.881,0.328,1.676,1.663,0.303,0.664,1.747
0.525,1.88,0.328,1.676,1.663,0.303,0.664,1.747
0.525,1.881,0.328,1.676,1.663,0.303,0.664,1.747
0.525,1.88,0.328,1.676,1.663,0.303,0.664,1.746
0.525,1.88,0.328,1.676,1.663,0.303,0.664,1.747
0.525,1.881,0.328,1.676,1.663,0.304,0.664,1.746
0.525,1.88,0.328,1.676,1.663,0.303,0.664,1.746
0.525,1.88,0.328,1.676,1.663,0.303,0.664,1.747
0.525,1.881,0.328,1.676,1.663,0.303,0.664,1.747
0.525,1.881,0.328,1.676,1.663,0.303,0.664,1.747
0.525,1.881,0.328,1.676,1.663,0.303,0.664,1.747
0.525,1.881,0.328,1.676,1.663,0.303,0.664,1.747
0.525,1.881,0.328,1.676,1.663,0.304,0.664,1.747
0.525,1.881,0.328,1.676,1.663,0.304,0.664,1.747
0.525,1.881,0.328,1.676,1.663,0.304,0.664,1.747
0.525,1.881,0.328,1.676,1.663,0.303,0.664,1.747
0.525,1.881,0.328,1.676,1.663,0.304,0.664,1.747
0.525,1.881,0.328,1.676,1.663,0.303,0.664,1.747
0.525,1.881,0.328,1.676,1.663,0.303,0.664,1.746
0.525,1.881,0.328,1.676,1.663,0.304,0.664,1.746
0.525,1.881,0.328,1.676,1.663,0.303,0.664,1.746
0.525,1.881,0.328,1.676,1.663,0.303,0.664,1.747
0.525,1.881,0.328,1.676,1.663,0.303,0.664,1.746
0.525,1.881,0.328,1.676,1.663,0.304,0.663,1.747
0.525,1.881,0.328,1.676,1.663,0.303,0.663,1.746
0.525,1.881,0.328,1.676,1.663,0.303,0.664,1.747
0.525,1.881,0.328,1.676,1.663,0.303,0.664,1.746
0.525,1.881,0.328,1.676,1.663,0.303,0.664,1.747
0.525,1.881,0.328,1.676,1.663,0.303,0.664,1.746
0.525,1.88,0.328,1.676,1.663,0.303,0.663,1.746
0.525,1.88,0.328,1.676,1.663,0.303,0.663,1.746
0.525,1.88,0.328,1.676,1.663,0.303,0.663,1.746
0.525,1.88,0.328,1.676,1.663,0.303,0.663,1.746
0.525,1.88,0.328,1.676,1.663,0.303,0.663,1.746
0.525,1.88,0.328,1.675,1.662,0.303,0.663,1.746
0.525,1.88,0.328,1.675,1.663,0.303,0.663,1.746
0.525,1.88,0.328,1.676,1.663,0.304,0.663,1.746
0.525,1.88,0.328,1.676,1.663,0.303,0.663,1.746
0.525,1.88,0.328,1.675,1.662,0.303,0.663,1.746
0.525,1.88,0.328,1.676,1.663,0.303,0.663,1.746
0.525,1.88,0.328,1.676,1.663,0.303,0.663,1.746
0.525,1.88,0.328,1.675,1.663,0.303,0.663,1.746
0.525,1.88,0.328,1.676,1.663,0.303,0.663,1.746
0.525,1.88,0.328,1.676,1.663,0.303,0.663,1.746
0.525,1.88,0.328,1.676,1.663,0.303,0.663,1.746
0.525,1.88,0.328,1.676,1.662,0.303,0.663,1.746
0.525,1.88,0.328,1.676,1.662,0.303,0.663,1.746
0.525,1.88,0.328,1.676,1.663,0.303,0.663,1.746
0.525,1.88,0.328,1.676,1.663,0.303,0.663,1.746
0.525,1.88,0.328,1.676,1.663,0.303,0.663,1.746
0.525,1.88,0.328,1.676,1.663,0.303,0.663,1.746
0.525,1.88,0.328,1.676,1.663,0.303,0.663,1.746
0.525,1.88,0.328,1.676,1.663,0.303,0.663,1.746
0.525,1.88,0.328,1.676,1.663,0.303,0.663,1.746
0.525,1.88,0.328,1.676,1.663,0.303,0.663,1.746
0.525,1.88,0.328,1.675,1.663,0.303,0.663,1.746
0.525,1.88,0.328,1.675,1.663,0.303,0.663,1.746
0.525,1.88,0.328,1.676,1.663,0.303,0.663,1.746
0.525,1.88,0.328,1.676,1.663,0.303,0.663,1.746
0.525,1.88,0.328,1.676,1.663,0.303,0.663,1.746
0.525,1.88,0.328,1.676,1.663,0.303,0.663,1.746
0.525,1.88,0.328,1.676,1.663,0.303,0.663,1.746
0.525,1.88,0.328,1.676,1.663,0.303,0.663,1.746
0.525,1.88,0.328,1.676,1.663,0.303,0.663,1.746
0.525,1.88,0.328,1.676,1.663,0.303,0.663,1.746
0.525,1.88,0.328,1.676,1.663,0.303,0.663,1.746
0.525,1.88,0.328,1.675,1.663,0.303,0.663,1.746
0.525,1.88,0.328,1.676,1.663,0.303,0.663,1.746
0.525,1.88,0.328,1.676,1.663,0.303,0.663,1.746
0.525,1.88,0.328,1.676,1.663,0.303,0.663,1.746
0.525,1.88,0.328,1.676,1.663,0.303,0.663,1.746
0.525,1.88,0.328,1.676,1.663,0.303,0.663,1.746
0.525,1.88,0.328,1.676,1.663,0.303,0.663,1.746
0.525,1.88,0.328,1.676,1.663,0.303,0.663,1.746
0.525,1.88,0.328,1.676,1.663,0.303,0.663,1.746
0.525,1.88,0.328,1.676,1.662,0.303,0.663,1.746
0.525,1.88,0.328,1.675,1.663,0.303,0.663,1.746
0.525,1.88,0.328,1.676,1.663,0.303,0.663,1.746
0.525,1.88,0.328,1.676,1.662,0.303,0.663,1.746
0.525,1.88,0.328,1.675,1.663,0.303,0.663,1.746
0.525,1.88,0.328,1.676,1.663,0.303,0.663,1.746
0.525,1.88,0.328,1.676,1.663,0.303,0.663,1.746
0.525,1.88,0.328,1.675,1.663,0.303,0.663,1.746
0.525,1.88,0.328,1.676,1.663,0.303,0.663,1.746
0.525,1.879,0.328,1.675,1.663,0.303,0.663,1.746
0.525,1.88,0.328,1.675,1.663,0.303,0.663,1.746
0.525,1.88,0.328,1.676,1.663,0.303,0.663,1.746
0.525,1.88,0.328,1.676,1.663,0.303,0.663,1.746
0.525,1.88,0.328,1.675,1.662,0.303,0.663,1.746
0.525,1.879,0.328,1.675,1.663,0.303,0.663,1.746
0.525,1.879,0.328,1.675,1.662,0.303,0.663,1.746
0.525,1.879,0.328,1.675,1.662,0.303,0.663,1.746
0.525,1.879,0.328,1.675,1.663,0.303,0.663,1.746
0.525,1.88,0.328,1.676,1.662,0.303,0.663,1.746
0.525,1.88,0.328,1.675,1.662,0.303,0.663,1.746
0.525,1.88,0.328,1.675,1.662,0.303,0.663,1.746
0.525,1.88,0.328,1.675,1.663,0.303,0.663,1.745
0.525,1.88,0.328,1.675,1.662,0.303,0.663,1.745
0.525,1.88,0.328,1.675,1.662,0.303,0.663,1.745
0.525,1.88,0.328,1.675,1.662,0.303,0.663,1.745
0.525,1.88,0.328,1.675,1.662,0.303,0.663,1.745
0.525,1.88,0.328,1.675,1.662,0.303,0.663,1.745
0.525,1.88,0.328,1.675,1.663,0.303,0.663,1.746
0.525,1.88,0.328,1.675,1.662,0.303,0.663,1.746
0.525,1.88,0.328,1.675,1.662,0.303,0.663,1.746
0.525,1.88,0.328,1.675,1.662,0.303,0.663,1.746
0.525,1.88,0.328,1.675,1.662,0.303,0.663,1.745
0.525,1.88,0.328,1.675,1.662,0.303,0.663,1.745
0.525,1.88,0.328,1.675,1.662,0.303,0.663,1.745
0.525,1.88,0.328,1.675,1.662,0.303,0.663,1.745
0.525,1.88,0.328,1.675,1.662,0.303,0.662,1.745
0.525,1.88,0.328,1.675,1.662,0.303,0.663,1.745
0.525,1.88,0.328,1.675,1.662,0.303,0.662,1.745
0.525,1.879,0.328,1.675,1.662,0.303,0.662,1.745
0.524,1.879,0.328,1.675,1.662,0.303,0.662,1.745
0.525,1.879,0.328,1.675,1.662,0.303,0.662,1.745
0.524,1.88,0.328,1.674,1.662,0.303,0.662,1.744
0.524,1.879,0.328,1.674,1.661,0.303,0.662,1.745
0.524,1.879,0.328,1.675,1.662,0.303,0.662,1.745
0.524,1.879,0.328,1.675,1.662,0.303,0.662,1.745
0.525,1.879,0.328,1.675,1.662,0.303,0.663,1.745
0.524,1.879,0.328,1.675,1.662,0.303,0.662,1.745
0.524,1.879,0.328,1.674,1.662,0.303,0.662,1.745
0.524,1.879,0.328,1.674,1.661,0.303,0.662,1.745
0.524,1.879,0.328,1.674,1.662,0.303,0.662,1.745
0.524,1.88,0.328,1.675,1.662,0.303,0.662,1.745
0.524,1.88,0.328,1.675,1.662,0.303,0.662,1.745
0.524,1.88,0.328,1.675,1.662,0.303,0.662,1.745
0.524,1.88,0.328,1.675,1.662,0.303,0.662,1.745
0.524,1.879,0.328,1.675,1.662,0.303,0.662,1.745
0.524,1.88,0.328,1.675,1.662,0.303,0.662,1.745
0.524,1.879,0.328,1.675,1.662,0.303,0.662,1.745
0.524,1.879,0.328,1.675,1.662,0.303,0.662,1.745
0.524,1.879,0.328,1.675,1.662,0.303,0.662,1.745
0.525,1.879,0.328,1.675,1.662,0.303,0.662,1.745
0.524,1.88,0.328,1.675,1.662,0.303,0.662,1.745
0.524,1.879,0.328,1.675,1.662,0.303,0.662,1.745
0.524,1.879,0.328,1.675,1.662,0.303,0.662,1.745
0.524,1.879,0.328,1.675,1.662,0.303,0.662,1.745
0.524,1.879,0.328,1.674,1.662,0.303,0.662,1.745
0.524,1.879,0.328,1.675,1.662,0.303,0.662,1.745
0.524,1.88,0.328,1.675,1.662,0.303,0.662,1.745
0.524,1.88,0.328,1.675,1.662,0.303,0.662,1.745
0.524,1.88,0.328,1.675,1.662,0.303,0.662,1.745
0.524,1.879,0.328,1.674,1.662,0.303,0.662,1.745
0.524,1.879,0.328,1.674,1.661,0.303,0.662,1.745
0.524,1.879,0.328,1.674,1.661,0.303,0.662,1.745
0.524,1.879,0.328,1.674,1.661,0.303,0.662,1.745
0.524,1.879,0.328,1.674,1.662,0.303,0.662,1.744
0.524,1.879,0.328,1.674,1.661,0.303,0.662,1.744
0.524,1.879,0.328,1.674,1.661,0.303,0.662,1.745
0.524,1.879,0.328,1.674,1.662,0.303,0.662,1.745
0.524,1.879,0.328,1.674,1.662,0.303,0.662,1.745
0.524,1.879,0.328,1.674,1.662,0.303,0.662,1.745
0.524,1.879,0.328,1.674,1.662,0.303,0.662,1.745
0.524,1.879,0.328,1.675,1.662,0.303,0.662,1.745
0.524,1.879,0.328,1.675,1.662,0.303,0.662,1.744
0.524,1.879,0.328,1.674,1.662,0.303,0.662,1.744
0.524,1.879,0.328,1.674,1.661,0.303,0.662,1.744
0.524,1.879,0.328,1.674,1.661,0.303,0.662,1.745
0.524,1.879,0.328,1.674,1.661,0.303,0.662,1.744
0.524,1.878,0.328,1.674,1.661,0.303,0.662,1.744
0.524,1.879,0.328,1.674,1.661,0.303,0.662,1.744
0.524,1.879,0.328,1.674,1.661,0.303,0.662,1.744
0.524,1.879,0.328,1.674,1.661,0.303,0.662,1.744
0.524,1.879,0.328,1.674,1.661,0.303,0.662,1.744
0.524,1.878,0.328,1.674,1.661,0.303,0.662,1.744
0.524,1.879,0.328,1.674,1.662,0.303,0.661,1.744
0.524,1.879,0.328,1.674,1.661,0.303,0.662,1.744
0.524,1.879,0.328,1.674,1.661,0.303,0.662,1.744
0.524,1.879,0.328,1.674,1.661,0.303,0.662,1.744
0.524,1.879,0.328,1.674,1.661,0.303,0.662,1.744
0.524,1.879,0.328,1.674,1.661,0.303,0.662,1.744
0.524,1.879,0.328,1.674,1.661,0.303,0.662,1.744
0.524,1.879,0.328,1.674,1.661,0.303,0.662,1.744
0.524,1.878,0.328,1.674,1.661,0.303,0.662,1.744
0.524,1.878,0.328,1.674,1.661,0.303,0.661,1.744
0.524,1.878,0.328,1.674,1.661,0.303,0.661,1.744
0.524,1.878,0.328,1.674,1.661,0.303,0.661,1.744
0.524,1.878,0.328,1.674,1.661,0.303,0.661,1.744
0.524,1.878,0.328,1.674,1.661,0.303,0.661,1.744
0.524,1.878,0.328,1.674,1.661,0.303,0.661,1.744
0.524,1.878,0.328,1.674,1.661,0.303,0.661,1.744
0.524,1.878,0.328,1.674,1.661,0.303,0.661,1.744
0.524,1.878,0.328,1.673,1.661,0.303,0.661,1.744
0.524,1.878,0.328,1.674,1.661,0.303,0.661,1.744
0.524,1.878,0.328,1.674,1.661,0.303,0.661,1.744
0.524,1.878,0.328,1.673,1.661,0.303,0.661,1.744
0.524,1.878,0.328,1.673,1.661,0.303,0.661,1.743
0.524,1.878,0.328,1.673,1.661,0.303,0.661,1.744
0.524,1.878,0.328,1.673,1.661,0.303,0.661,1.744
0.524,1.878,0.328,1.673,1.661,0.303,0.661,1.744
0.524,1.878,0.328,1.673,1.661,0.303,0.661,1.744
0.524,1.878,0.328,1.673,1.661,0.303,0.661,1.744
0.524,1.878,0.328,1.673,1.661,0.303,0.661,1.744
0.524,1.878,0.328,1.673,1.661,0.303,0.661,1.744
0.524,1.878,0.328,1.673,1.661,0.303,0.661,1.744
0.524,1.878,0.328,1.673,1.661,0.303,0.661,1.744
0.524,1.878,0.328,1.673,1.661,0.303,0.661,1.743
0.524,1.877,0.328,1.673,1.661,0.303,0.661,1.743
0.523,1.877,0.328,1.673,1.66,0.303,0.661,1.743
0.523,1.877,0.328,1.673,1.66,0.303,0.661,1.743
0.523,1.878,0.328,1.673,1.66,0.302,0.661,1.743
0.523,1.877,0.328,1.673,1.66,0.303,0.661,1.743
0.523,1.878,0.328,1.673,1.661,0.303,0.661,1.743
0.524,1.878,0.328,1.673,1.661,0.303,0.661,1.743
0.523,1.878,0.328,1.673,1.66,0.303,0.661,1.744
0.524,1.878,0.328,1.673,1.66,0.303,0.661,1.743
0.523,1.878,0.328,1.673,1.66,0.303,0.661,1.743
0.523,1.878,0.328,1.673,1.66,0.302,0.661,1.743
0.523,1.877,0.328,1.673,1.66,0.303,0.661,1.743
0.524,1.878,0.328,1.673,1.661,0.303,0.661,1.744
0.523,1.878,0.328,1.673,1.661,0.303,0.661,1.743
0.523,1.878,0.328,1.673,1.66,0.302,0.661,1.743
0.523,1.878,0.328,1.673,1.66,0.303,0.661,1.743
0.523,1.878,0.328,1.673,1.66,0.302,0.661,1.743
0.523,1.878,0.328,1.673,1.66,0.302,0.661,1.743
0.523,1.877,0.328,1.673,1.66,0.302,0.661,1.743
0.523,1.877,0.328,1.673,1.66,0.302,0.661,1.743
0.523,1.877,0.328,1.673,1.66,0.302,0.661,1.743
0.523,1.878,0.328,1.673,1.66,0.302,0.661,1.743
0.523,1.878,0.328,1.673,1.66,0.302,0.661,1.743
0.523,1.878,0.328,1.673,1.66,0.303,0.661,1.743
0.523,1.878,0.328,1.673,1.66,0.302,0.661,1.743
0.523,1.877,0.328,1.673,1.66,0.302,0.661,1.743
0.523,1.877,0.328,1.673,1.66,0.302,0.66,1.743
0.523,1.877,0.328,1.673,1.66,0.302,0.66,1.743
0.523,1.877,0.328,1.673,1.66,0.302,0.66,1.743
0.523,1.877,0.328,1.673,1.66,0.302,0.661,1.743
0.523,1.877,0.328,1.673,1.66,0.302,0.661,1.743
0.523,1.877,0.328,1.672,1.66,0.302,0.661,1.743
0.523,1.877,0.328,1.673,1.66,0.302,0.661,1.743
0.523,1.878,0.328,1.673,1.661,0.302,0.661,1.743
0.523,1.878,0.328,1.673,1.661,0.302,0.661,1.744
0.523,1.878,0.328,1.673,1.661,0.302,0.661,1.743
0.523,1.878,0.328,1.673,1.66,0.302,0.661,1.743
0.523,1.878,0.328,1.673,1.66,0.302,0.661,1.743
0.523,1.878,0.328,1.673,1.661,0.303,0.661,1.744
0.523,1.878,0.328,1.673,1.661,0.302,0.661,1.743
0.523,1.878,0.328,1.673,1.661,0.302,0.66,1.743
0.523,1.878,0.328,1.673,1.661,0.302,0.66,1.743
0.523,1.878,0.328,1.673,1.66,0.302,0.66,1.743
0.523,1.878,0.328,1.673,1.66,0.302,0.66,1.743
0.523,1.878,0.328,1.673,1.66,0.302,0.66,1.743
0.523,1.878,0.328,1.673,1.66,0.302,0.66,1.743
0.523,1.878,0.328,1.673,1.66,0.302,0.66,1.743
0.523,1.877,0.328,1.673,1.66,0.302,0.66,1.743
0.523,1.877,0.328,1.673,1.66,0.302,0.66,1.743
0.523,1.877,0.328,1.673,1.66,0.302,0.66,1.743
0.523,1.878,0.328,1.673,1.66,0.302,0.66,1.743
0.523,1.878,0.328,1.673,1.66,0.302,0.66,1.743
0.523,1.878,0.328,1.673,1.66,0.302,0.66,1.743
0.523,1.877,0.328,1.673,1.66,0.302,0.66,1.743
0.523,1.877,0.328,1.673,1.66,0.302,0.66,1.743
0.523,1.877,0.328,1.672,1.66,0.302,0.66,1.743
0.523,1.877,0.328,1.673,1.66,0.302,0.66,1.743
0.523,1.878,0.328,1.673,1.661,0.302,0.66,1.743
0.523,1.877,0.328,1.673,1.66,0.302,0.66,1.744
0.523,1.878,0.328,1.673,1.661,0.302,0.66,1.743
0.523,1.878,0.328,1.673,1.66,0.302,0.66,1.743
0.523,1.878,0.328,1.673,1.66,0.302,0.66,1.743
0.523,1.877,0.328,1.672,1.66,0.302,0.66,1.743
0.523,1.878,0.328,1.673,1.66,0.302,0.66,1.743
0.523,1.878,0.328,1.673,1.661,0.302,0.66,1.743
0.523,1.878,0.328,1.673,1.66,0.302,0.66,1.744
0.523,1.878,0.328,1.673,1.66,0.302,0.66,1.744
0.523,1.878,0.328,1.673,1.661,0.302,0.66,1.744
0.523,1.878,0.328,1.673,1.66,0.302,0.66,1.743
0.523,1.878,0.328,1.673,1.661,0.302,0.66,1.744
0.523,1.878,0.328,1.673,1.661,0.302,0.66,1.744
0.523,1.878,0.328,1.673,1.661,0.302,0.66,1.744
0.523,1.878,0.328,1.673,1.661,0.302,0.66,1.744
0.523,1.878,0.328,1.673,1.661,0.302,0.66,1.744
0.523,1.878,0.328,1.673,1.661,0.302,0.66,1.744
0.523,1.878,0.328,1.673,1.661,0.302,0.66,1.743
0.523,1.878,0.328,1.673,1.661,0.302,0.66,1.744
0.523,1.878,0.328,1.673,1.661,0.302,0.66,1.743
0.523,1.878,0.328,1.673,1.66,0.302,0.66,1.743
0.523,1.878,0.328,1.673,1.66,0.302,0.66,1.743
0.523,1.878,0.328,1.673,1.661,0.302,0.66,1.743
0.523,1.878,0.328,1.673,1.661,0.302,0.66,1.743
0.523,1.878,0.328,1.673,1.66,0.302,0.66,1.744
0.523,1.878,0.328,1.673,1.661,0.302,0.66,1.744
0.523,1.878,0.328,1.673,1.661,0.302,0.66,1.744
0.523,1.878,0.328,1.673,1.661,0.302,0.66,1.743
0.523,1.878,0.328,1.673,1.661,0.302,0.66,1.743
0.523,1.878,0.328,1.673,1.661,0.302,0.66,1.744
0.523,1.878,0.328,1.673,1.661,0.302,0.66,1.744
0.523,1.878,0.328,1.673,1.661,0.302,0.66,1.744
0.523,1.878,0.328,1.673,1.661,0.302,0.66,1.744
0.523,1.878,0.328,1.673,1.661,0.302,0.66,1.743
0.523,1.878,0.328,1.673,1.661,0.302,0.66,1.744
0.523,1.878,0.328,1.673,1.661,0.302,0.66,1.744
0.523,1.878,0.328,1.673,1.661,0.302,0.66,1.743
0.523,1.878,0.328,1.673,1.661,0.302,0.66,1.743
0.523,1.878,0.328,1.672,1.66,0.302,0.66,1.743
0.523,1.877,0.328,1.672,1.66,0.302,0.66,1.743
0.523,1.877,0.328,1.673,1.66,0.302,0.66,1.743
0.523,1.877,0.328,1.672,1.66,0.302,0.66,1.743
0.523,1.877,0.328,1.672,1.66,0.302,0.66,1.743
0.523,1.877,0.328,1.672,1.66,0.302,0.66,1.743
0.523,1.877,0.328,1.673,1.66,0.302,0.66,1.743
0.523,1.877,0.328,1.672,1.661,0.302,0.66,1.743
0.523,1.877,0.328,1.673,1.66,0.302,0.66,1.743
0.523,1.877,0.328,1.673,1.66,0.302,0.66,1.743
0.523,1.878,0.328,1.673,1.661,0.302,0.66,1.743
0.523,1.878,0.328,1.673,1.66,0.302,0.66,1.744
0.523,1.878,0.328,1.673,1.661,0.302,0.66,1.743
0.523,1.878,0.328,1.673,1.661,0.302,0.66,1.744
0.523,1.878,0.328,1.673,1.661,0.302,0.66,1.743
0.523,1.878,0.328,1.673,1.661,0.302,0.66,1.744
0.523,1.878,0.328,1.673,1.661,0.302,0.66,1.744
0.523,1.878,0.328,1.673,1.661,0.302,0.66,1.743
0.523,1.878,0.328,1.673,1.661,0.302,0.66,1.744
0.523,1.878,0.328,1.673,1.661,0.302,0.66,1.744
0.523,1.878,0.328,1.673,1.661,0.302,0.66,1.743
0.523,1.878,0.328,1.673,1.661,0.302,0.66,1.744
0.523,1.878,0.328,1.673,1.661,0.302,0.66,1.744
0.523,1.878,0.328,1.673,1.661,0.302,0.66,1.744
0.523,1.878,0.328,1.673,1.661,0.302,0.66,1.744
0.523,1.878,0.328,1.673,1.661,0.302,0.66,1.744
0.523,1.878,0.328,1.673,1.661,0.302,0.66,1.744
0.523,1.878,0.328,1.673,1.661,0.302,0.66,1.744
0.523,1.878,0.328,1.673,1.661,0.302,0.66,1.743
0.523,1.878,0.328,1.673,1.661,0.302,0.66,1.743
0.523,1.878,0.328,1.673,1.661,0.302,0.66,1.744
0.523,1.878,0.328,1.673,1.661,0.302,0.66,1.743
0.523,1.878,0.328,1.672,1.66,0.302,0.66,1.743
0.523,1.877,0.328,1.672,1.661,0.302,0.66,1.743
0.523,1.878,0.328,1.673,1.661,0.302,0.66,1.743
0.523,1.878,0.328,1.673,1.661,0.302,0.66,1.743
0.523,1.878,0.328,1.673,1.661,0.302,0.66,1.743
0.523,1.878,0.328,1.673,1.66,0.302,0.66,1.743
0.523,1.878,0.328,1.672,1.66,0.302,0.66,1.743
0.523,1.878,0.328,1.673,1.661,0.302,0.66,1.743
0.523,1.878,0.328,1.673,1.66,0.302,0.66,1.743
0.523,1.878,0.328,1.672,1.66,0.302,0.66,1.743
0.523,1.878,0.328,1.673,1.661,0.302,0.66,1.743
0.523,1.878,0.328,1.673,1.66,0.302,0.66,1.743
0.523,1.878,0.328,1.673,1.66,0.302,0.66,1.743
0.523,1.878,0.328,1.672,1.661,0.302,0.66,1.743
0.523,1.878,0.328,1.673,1.661,0.302,0.659,1.744
0.523,1.878,0.328,1.673,1.661,0.302,0.66,1.744
0.523,1.878,0.328,1.673,1.661,0.302,0.66,1.744
0.523,1.878,0.328,1.673,1.661,0.302,0.66,1.744
0.523,1.878,0.328,1.673,1.661,0.302,0.66,1.744
0.523,1.878,0.328,1.673,1.661,0.302,0.659,1.744
0.523,1.878,0.328,1.673,1.661,0.302,0.66,1.743
0.523,1.878,0.328,1.673,1.661,0.302,0.66,1.744
0.523,1.878,0.328,1.673,1.661,0.302,0.66,1.744
0.523,1.878,0.328,1.673,1.661,0.302,0.66,1.744
0.523,1.878,0.328,1.673,1.661,0.302,0.66,1.744
0.523,1.878,0.328,1.673,1.661,0.302,0.66,1.743
0.523,1.877,0.328,1.673,1.661,0.302,0.659,1.743
0.523,1.878,0.328,1.672,1.661,0.302,0.66,1.744
0.523,1.878,0.328,1.673,1.661,0.302,0.66,1.744
0.523,1.878,0.328,1.673,1.661,0.302,0.66,1.743
0.523,1.878,0.328,1.673,1.661,0.302,0.66,1.743
0.523,1.878,0.328,1.673,1.661,0.302,0.659,1.743
0.523,1.878,0.328,1.673,1.661,0.302,0.66,1.744
0.523,1.878,0.328,1.673,1.661,0.302,0.66,1.744
0.523,1.878,0.328,1.673,1.661,0.302,0.66,1.744
0.523,1.878,0.328,1.673,1.661,0.302,0.66,1.744
0.523,1.878,0.328,1.673,1.661,0.302,0.66,1.744
0.523,1.878,0.328,1.673,1.661,0.302,0.66,1.744
0.523,1.878,0.328,1.673,1.661,0.302,0.66,1.744
0.523,1.878,0.328,1.673,1.661,0.302,0.66,1.744
0.523,1.878,0.328,1.673,1.661,0.302,0.66,1.744
0.523,1.879,0.328,1.673,1.661,0.302,0.66,1.744
0.523,1.879,0.328,1.673,1.661,0.302,0.66,1.744
0.523,1.879,0.328,1.673,1.661,0.302,0.66,1.744
0.523,1.879,0.328,1.673,1.661,0.302,0.66,1.744
0.523,1.879,0.328,1.673,1.661,0.302,0.66,1.744
0.523,1.879,0.328,1.673,1.661,0.302,0.66,1.744
0.523,1.879,0.328,1.673,1.661,0.302,0.66,1.744
0.523,1.879,0.328,1.673,1.662,0.302,0.66,1.744
0.523,1.879,0.328,1.673,1.661,0.302,0.66,1.744
0.523,1.879,0.328,1.673,1.662,0.302,0.66,1.744
0.523,1.879,0.328,1.674,1.662,0.302,0.66,1.744
0.523,1.879,0.328,1.673,1.662,0.302,0.66,1.744
0.523,1.879,0.328,1.673,1.662,0.302,0.66,1.744
0.523,1.879,0.328,1.673,1.662,0.302,0.66,1.744
0.523,1.879,0.328,1.673,1.662,0.302,0.66,1.744
0.523,1.878,0.328,1.673,1.661,0.302,0.66,1.744
0.523,1.879,0.328,1.673,1.661,0.302,0.66,1.744
0.523,1.878,0.328,1.673,1.661,0.302,0.659,1.744
0.523,1.878,0.328,1.673,1.661,0.302,0.659,1.744
0.523,1.878,0.328,1.673,1.661,0.302,0.66,1.744
0.523,1.878,0.328,1.673,1.661,0.302,0.659,1.744
0.523,1.878,0.328,1.673,1.661,0.302,0.66,1.744
0.523,1.878,0.328,1.673,1.661,0.302,0.659,1.744
0.523,1.878,0.328,1.673,1.661,0.302,0.66,1.744
0.523,1.878,0.328,1.674,1.662,0.302,0.66,1.744
0.523,1.879,0.328,1.673,1.662,0.302,0.66,1.745
0.523,1.879,0.328,1.673,1.662,0.302,0.66,1.745
0.523,1.879,0.328,1.673,1.662,0.302,0.66,1.745
0.523,1.879,0.328,1.674,1.662,0.302,0.66,1.744
0.523,1.879,0.328,1.673,1.662,0.302,0.66,1.745
0.523,1.879,0.328,1.674,1.662,0.302,0.66,1.745
0.523,1.879,0.328,1.673,1.662,0.302,0.66,1.745
0.523,1.879,0.328,1.673,1.662,0.302,0.66,1.745
0.523,1.879,0.328,1.673,1.662,0.302,0.66,1.745
0.523,1.879,0.328,1.673,1.662,0.302,0.66,1.744
0.523,1.878,0.328,1.673,1.662,0.302,0.66,1.744
0.523,1.879,0.328,1.673,1.661,0.302,0.66,1.744
0.523,1.879,0.328,1.674,1.662,0.302,0.66,1.745
0.523,1.879,0.328,1.673,1.662,0.302,0.66,1.745
0.523,1.879,0.328,1.673,1.662,0.302,0.66,1.745
0.523,1.879,0.328,1.674,1.662,0.302,0.66,1.745
0.523,1.879,0.328,1.673,1.662,0.302,0.66,1.745
0.523,1.879,0.328,1.674,1.662,0.302,0.66,1.745
0.523,1.879,0.328,1.674,1.662,0.302,0.66,1.745
0.523,1.879,0.328,1.674,1.662,0.302,0.66,1.745
0.523,1.879,0.328,1.674,1.662,0.302,0.66,1.745
0.523,1.879,0.328,1.674,1.662,0.303,0.66,1.745
0.523,1.879,0.328,1.674,1.662,0.303,0.66,1.745
0.523,1.879,0.328,1.674,1.662,0.302,0.66,1.745
