S1_C0201,S2_C0201,S3_C0201,S4_C0201,S5_C0201,S6_C0201,S7_C0201,S8_C0201
0.179,0.276,0.444,0.431,0.452,0.059,0.191,0.266
0.179,0.276,0.444,0.431,0.453,0.059,0.191,0.267
0.179,0.276,0.444,0.431,0.452,0.059,0.191,0.266
0.179,0.276,0.444,0.431,0.452,0.059,0.191,0.266
0.179,0.276,0.443,0.431,0.452,0.059,0.191,0.266
0.179,0.276,0.444,0.43,0.453,0.059,0.191,0.266
0.179,0.276,0.444,0.431,0.452,0.059,0.191,0.266
0.179,0.276,0.443,0.431,0.453,0.059,0.191,0.266
0.179,0.276,0.443,0.431,0.453,0.059,0.191,0.266
0.179,0.276,0.443,0.431,0.453,0.059,0.191,0.267
0.179,0.276,0.443,0.431,0.453,0.059,0.191,0.266
0.179,0.276,0.443,0.431,0.453,0.059,0.191,0.267
0.179,0.276,0.443,0.431,0.453,0.059,0.191,0.266
0.179,0.276,0.443,0.431,0.453,0.059,0.191,0.266
0.179,0.276,0.443,0.431,0.453,0.059,0.191,0.267
0.179,0.276,0.443,0.431,0.453,0.059,0.191,0.267
0.179,0.276,0.443,0.431,0.453,0.059,0.191,0.267
0.18,0.276,0.443,0.431,0.453,0.059,0.191,0.267
0.179,0.276,0.443,0.431,0.453,0.059,0.191,0.267
0.179,0.276,0.443,0.431,0.453,0.059,0.191,0.267
0.179,0.276,0.443,0.431,0.453,0.059,0.191,0.267
0.179,0.276,0.443,0.431,0.453,0.059,0.191,0.267
0.179,0.276,0.443,0.43,0.453,0.059,0.191,0.267
0.179,0.276,0.443,0.431,0.453,0.059,0.191,0.267
0.18,0.276,0.443,0.431,0.453,0.059,0.191,0.267
0.179,0.276,0.443,0.43,0.453,0.059,0.191,0.267
0.179,0.276,0.443,0.43,0.453,0.059,0.191,0.267
0.18,0.276,0.443,0.431,0.453,0.059,0.191,0.267
0.18,0.277,0.443,0.43,0.453,0.059,0.191,0.267
0.179,0.276,0.443,0.43,0.453,0.059,0.191,0.267
0.179,0.276,0.443,0.431,0.453,0.059,0.191,0.267
0.18,0.276,0.443,0.431,0.453,0.059,0.191,0.267
0.179,0.276,0.443,0.431,0.453,0.059,0.191,0.267
0.18,0.276,0.443,0.43,0.453,0.059,0.191,0.267
0.18,0.277,0.443,0.43,0.454,0.059,0.191,0.267
0.18,0.277,0.443,0.431,0.453,0.059,0.191,0.267
0.18,0.277,0.443,0.43,0.454,0.059,0.191,0.267
0.179,0.277,0.443,0.431,0.454,0.059,0.191,0.267
0.179,0.277,0.443,0.43,0.454,0.059,0.191,0.267
0.179,0.277,0.443,0.431,0.454,0.059,0.191,0.267
0.18,0.276,0.443,0.431,0.454,0.059,0.191,0.267
0.18,0.277,0.443,0.431,0.454,0.059,0.191,0.267
0.18,0.276,0.443,0.431,0.454,0.059,0.191,0.267
0.18,0.276,0.443,0.431,0.454,0.059,0.191,0.267
0.18,0.276,0.443,0.431,0.454,0.059,0.191,0.267
0.18,0.277,0.443,0.431,0.454,0.059,0.191,0.267
0.18,0.277,0.443,0.431,0.454,0.059,0.191,0.267
0.18,0.276,0.442,0.431,0.454,0.059,0.191,0.267
0.18,0.277,0.442,0.431,0.454,0.059,0.191,0.267
0.18,0.277,0.443,0.431,0.454,0.059,0.191,0.267
0.18,0.277,0.442,0.431,0.454,0.059,0.191,0.267
0.18,0.277,0.442,0.431,0.454,0.059,0.191,0.267
0.18,0.277,0.442,0.431,0.454,0.059,0.191,0.267
0.18,0.277,0.442,0.431,0.454,0.059,0.191,0.267
0.18,0.276,0.442,0.431,0.454,0.059,0.191,0.267
0.18,0.276,0.442,0.431,0.454,0.059,0.191,0.267
0.179,0.276,0.442,0.431,0.454,0.059,0.191,0.267
0.18,0.276,0.442,0.431,0.454,0.059,0.191,0.267
0.18,0.276,0.442,0.431,0.454,0.059,0.191,0.267
0.18,0.276,0.442,0.431,0.454,0.059,0.191,0.267
0.18,0.276,0.442,0.431,0.454,0.059,0.191,0.267
0.18,0.277,0.442,0.431,0.454,0.059,0.191,0.267
0.18,0.277,0.442,0.431,0.454,0.059,0.191,0.266
0.18,0.276,0.442,0.431,0.454,0.059,0.191,0.267
0.18,0.276,0.442,0.431,0.454,0.059,0.191,0.267
0.18,0.276,0.442,0.431,0.454,0.059,0.191,0.267
0.18,0.276,0.442,0.431,0.454,0.059,0.191,0.267
0.18,0.276,0.442,0.431,0.454,0.059,0.191,0.267
0.179,0.276,0.442,0.431,0.454,0.059,0.191,0.267
0.18,0.276,0.442,0.431,0.454,0.059,0.191,0.267
0.18,0.276,0.442,0.431,0.454,0.059,0.19,0.267
0.179,0.276,0.442,0.431,0.454,0.059,0.19,0.267
0.18,0.276,0.442,0.431,0.454,0.059,0.191,0.267
0.18,0.276,0.442,0.431,0.454,0.059,0.19,0.267
0.18,0.276,0.442,0.431,0.454,0.059,0.19,0.267
0.179,0.276,0.442,0.431,0.454,0.059,0.19,0.267
0.18,0.276,0.442,0.431,0.454,0.059,0.19,0.267
0.18,0.276,0.442,0.431,0.454,0.059,0.19,0.267
0.18,0.276,0.442,0.431,0.454,0.059,0.19,0.267
0.179,0.276,0.442,0.431,0.454,0.059,0.19,0.266
0.18,0.276,0.442,0.431,0.454,0.059,0.19,0.267
0.18,0.276,0.441,0.431,0.454,0.059,0.19,0.267
0.18,0.276,0.442,0.431,0.454,0.059,0.19,0.267
0.18,0.276,0.441,0.431,0.454,0.059,0.19,0.267
0.18,0.276,0.441,0.431,0.454,0.059,0.19,0.267
0.18,0.276,0.441,0.431,0.454,0.059,0.19,0.267
0.18,0.276,0.441,0.431,0.454,0.059,0.19,0.267
0.18,0.276,0.441,0.431,0.454,0.059,0.19,0.267
0.18,0.276,0.441,0.431,0.455,0.059,0.19,0.267
0.18,0.276,0.441,0.431,0.454,0.059,0.19,0.267
0.18,0.276,0.441,0.431,0.455,0.059,0.19,0.267
0.179,0.276,0.441,0.431,0.454,0.059,0.19,0.267
0.179,0.276,0.441,0.431,0.454,0.059,0.19,0.267
0.18,0.276,0.441,0.431,0.455,0.059,0.19,0.267
0.18,0.276,0.441,0.431,0.455,0.059,0.19,0.266
0.18,0.276,0.441,0.431,0.454,0.06,0.19,0.267
0.18,0.276,0.441,0.43,0.455,0.059,0.19,0.267
0.18,0.276,0.441,0.431,0.455,0.059,0.19,0.267
0.18,0.276,0.441,0.43,0.455,0.06,0.19,0.267
0.18,0.276,0.441,0.43,0.455,0.059,0.19,0.267
0.18,0.276,0.441,0.431,0.455,0.059,0.19,0.267
0.18,0.276,0.441,0.43,0.455,0.059,0.19,0.267
0.18,0.276,0.441,0.43,0.455,0.059,0.19,0.267
0.18,0.276,0.441,0.431,0.455,0.059,0.19,0.267
0.18,0.276,0.441,0.431,0.455,0.059,0.19,0.267
0.18,0.276,0.441,0.43,0.455,0.059,0.19,0.267
0.18,0.276,0.441,0.431,0.455,0.059,0.19,0.267
0.18,0.276,0.441,0.431,0.455,0.059,0.19,0.267
0.18,0.276,0.441,0.431,0.455,0.06,0.19,0.267
0.18,0.276,0.441,0.431,0.455,0.059,0.19,0.267
0.18,0.276,0.441,0.431,0.455,0.059,0.19,0.267
0.18,0.276,0.441,0.431,0.455,0.059,0.19,0.267
0.18,0.276,0.441,0.431,0.455,0.059,0.19,0.267
0.18,0.276,0.441,0.431,0.455,0.06,0.19,0.267
0.18,0.276,0.44,0.431,0.455,0.059,0.19,0.267
0.18,0.276,0.441,0.431,0.455,0.06,0.19,0.267
0.18,0.276,0.44,0.431,0.455,0.059,0.19,0.267
0.18,0.276,0.44,0.431,0.455,0.059,0.19,0.267
0.18,0.276,0.44,0.431,0.455,0.059,0.19,0.267
0.18,0.276,0.44,0.431,0.455,0.059,0.19,0.267
0.179,0.276,0.44,0.431,0.455,0.059,0.19,0.267
0.18,0.276,0.44,0.431,0.455,0.059,0.19,0.267
0.18,0.276,0.44,0.431,0.455,0.059,0.19,0.267
0.18,0.276,0.44,0.431,0.455,0.059,0.19,0.267
0.18,0.276,0.44,0.431,0.455,0.06,0.19,0.267
0.18,0.276,0.441,0.432,0.455,0.06,0.19,0.267
0.18,0.276,0.44,0.432,0.455,0.06,0.19,0.267
0.18,0.276,0.44,0.432,0.456,0.06,0.19,0.267
0.18,0.276,0.44,0.432,0.456,0.059,0.19,0.267
0.18,0.276,0.44,0.432,0.456,0.06,0.19,0.267
0.18,0.276,0.44,0.432,0.455,0.059,0.19,0.267
0.18,0.276,0.44,0.432,0.456,0.06,0.19,0.267
0.18,0.276,0.44,0.432,0.456,0.059,0.19,0.267
0.18,0.276,0.44,0.432,0.456,0.059,0.19,0.267
0.18,0.276,0.44,0.432,0.456,0.059,0.19,0.267
0.18,0.277,0.44,0.433,0.456,0.06,0.19,0.267
0.18,0.277,0.44,0.433,0.456,0.06,0.19,0.267
0.18,0.277,0.44,0.433,0.456,0.059,0.19,0.267
0.18,0.277,0.44,0.433,0.456,0.06,0.19,0.267
0.18,0.277,0.44,0.434,0.456,0.059,0.19,0.267
0.18,0.277,0.44,0.434,0.457,0.06,0.19,0.267
0.18,0.277,0.44,0.434,0.457,0.059,0.19,0.267
0.18,0.277,0.44,0.435,0.457,0.059,0.19,0.267
0.18,0.278,0.44,0.435,0.457,0.06,0.19,0.268
0.18,0.278,0.44,0.436,0.457,0.06,0.19,0.268
0.18,0.278,0.44,0.437,0.458,0.06,0.19,0.268
0.18,0.278,0.44,0.437,0.458,0.06,0.19,0.268
0.18,0.278,0.44,0.438,0.458,0.06,0.19,0.268
0.18,0.279,0.44,0.438,0.458,0.06,0.19,0.269
0.18,0.279,0.44,0.439,0.459,0.06,0.19,0.268
0.18,0.279,0.44,0.44,0.459,0.059,0.19,0.269
0.18,0.279,0.44,0.44,0.459,0.06,0.19,0.269
0.18,0.28,0.44,0.441,0.46,0.06,0.19,0.269
0.18,0.28,0.44,0.442,0.46,0.06,0.19,0.27
0.18,0.28,0.44,0.442,0.46,0.059,0.19,0.27
0.18,0.28,0.44,0.443,0.461,0.06,0.19,0.27
0.18,0.28,0.44,0.444,0.461,0.06,0.19,0.27
0.18,0.281,0.44,0.444,0.461,0.06,0.19,0.27
0.181,0.281,0.44,0.445,0.462,0.06,0.19,0.271
0.181,0.281,0.44,0.446,0.462,0.059,0.19,0.271
0.18,0.282,0.44,0.447,0.462,0.06,0.189,0.271
0.181,0.282,0.44,0.447,0.463,0.06,0.19,0.272
0.181,0.282,0.44,0.448,0.463,0.06,0.19,0.272
0.181,0.283,0.44,0.449,0.464,0.06,0.19,0.272
0.181,0.283,0.44,0.449,0.464,0.06,0.19,0.272
0.181,0.283,0.44,0.45,0.464,0.06,0.19,0.273
0.181,0.284,0.44,0.451,0.465,0.06,0.19,0.273
0.181,0.284,0.44,0.452,0.465,0.06,0.19,0.273
0.181,0.284,0.44,0.452,0.466,0.06,0.19,0.274
0.181,0.285,0.44,0.453,0.466,0.06,0.19,0.274
0.181,0.285,0.44,0.454,0.467,0.06,0.19,0.274
0.181,0.286,0.44,0.454,0.467,0.06,0.19,0.275
0.181,0.286,0.44,0.455,0.467,0.06,0.189,0.275
0.181,0.286,0.44,0.456,0.468,0.06,0.19,0.275
0.181,0.287,0.44,0.457,0.468,0.06,0.19,0.276
0.181,0.287,0.441,0.457,0.469,0.06,0.19,0.276
0.181,0.287,0.441,0.458,0.469,0.06,0.19,0.276
0.181,0.288,0.441,0.459,0.47,0.06,0.189,0.276
0.181,0.288,0.441,0.46,0.47,0.06,0.19,0.277
0.181,0.289,0.441,0.46,0.47,0.06,0.189,0.277
0.181,0.289,0.441,0.461,0.471,0.06,0.19,0.277
0.181,0.289,0.441,0.462,0.472,0.06,0.19,0.278
0.181,0.29,0.441,0.462,0.472,0.06,0.189,0.278
0.182,0.29,0.441,0.463,0.472,0.06,0.19,0.278
0.182,0.29,0.441,0.464,0.473,0.06,0.189,0.279
0.182,0.291,0.441,0.464,0.473,0.06,0.19,0.279
0.182,0.291,0.441,0.465,0.474,0.06,0.189,0.279
0.182,0.291,0.441,0.466,0.474,0.06,0.19,0.28
0.182,0.292,0.441,0.467,0.475,0.06,0.189,0.28
0.182,0.292,0.441,0.467,0.475,0.06,0.189,0.28
0.182,0.293,0.441,0.468,0.475,0.06,0.19,0.281
0.182,0.293,0.441,0.468,0.476,0.06,0.19,0.281
0.182,0.293,0.441,0.469,0.476,0.06,0.189,0.281
0.182,0.294,0.441,0.47,0.477,0.06,0.19,0.281
0.182,0.294,0.441,0.471,0.477,0.06,0.189,0.282
0.182,0.295,0.441,0.471,0.478,0.06,0.189,0.282
0.182,0.295,0.441,0.472,0.478,0.06,0.189,0.282
0.182,0.295,0.441,0.473,0.479,0.06,0.189,0.283
0.182,0.296,0.441,0.473,0.479,0.06,0.189,0.283
0.182,0.296,0.441,0.474,0.48,0.06,0.189,0.283
0.183,0.296,0.441,0.475,0.48,0.06,0.189,0.284
0.183,0.297,0.441,0.476,0.48,0.06,0.189,0.284
0.183,0.297,0.441,0.476,0.481,0.06,0.189,0.284
0.183,0.298,0.442,0.477,0.481,0.06,0.19,0.285
0.183,0.298,0.441,0.477,0.482,0.06,0.19,0.285
0.183,0.298,0.442,0.478,0.482,0.06,0.189,0.285
0.183,0.299,0.442,0.479,0.483,0.06,0.189,0.286
0.183,0.299,0.442,0.479,0.484,0.06,0.19,0.286
0.183,0.3,0.442,0.48,0.484,0.06,0.189,0.286
0.183,0.3,0.442,0.481,0.484,0.06,0.189,0.286
0.183,0.3,0.442,0.481,0.485,0.06,0.19,0.287
0.183,0.301,0.442,0.482,0.485,0.06,0.19,0.287
0.183,0.301,0.442,0.483,0.486,0.06,0.189,0.288
0.183,0.302,0.442,0.484,0.486,0.06,0.189,0.288
0.183,0.302,0.442,0.484,0.487,0.06,0.189,0.288
0.184,0.302,0.442,0.485,0.487,0.06,0.189,0.289
0.184,0.303,0.442,0.486,0.488,0.06,0.189,0.289
0.184,0.303,0.442,0.486,0.488,0.06,0.189,0.289
0.184,0.304,0.442,0.487,0.489,0.06,0.19,0.289
0.184,0.304,0.442,0.488,0.489,0.06,0.189,0.29
0.184,0.304,0.443,0.489,0.49,0.06,0.189,0.29
0.184,0.305,0.442,0.489,0.49,0.06,0.189,0.291
0.184,0.305,0.443,0.49,0.491,0.06,0.189,0.291
0.184,0.306,0.443,0.491,0.491,0.06,0.19,0.291
0.184,0.306,0.443,0.492,0.492,0.06,0.189,0.291
0.184,0.306,0.443,0.492,0.492,0.06,0.19,0.292
0.184,0.307,0.443,0.493,0.493,0.06,0.19,0.292
0.184,0.307,0.443,0.493,0.493,0.06,0.189,0.292
0.184,0.308,0.443,0.494,0.494,0.06,0.19,0.293
0.185,0.308,0.443,0.495,0.494,0.06,0.189,0.293
0.185,0.309,0.443,0.496,0.495,0.06,0.189,0.293
0.185,0.309,0.443,0.496,0.495,0.06,0.189,0.294
0.185,0.309,0.443,0.497,0.496,0.061,0.19,0.294
0.185,0.31,0.443,0.498,0.496,0.06,0.19,0.294
0.185,0.31,0.443,0.498,0.497,0.06,0.189,0.295
0.185,0.311,0.443,0.499,0.497,0.061,0.189,0.295
0.185,0.311,0.443,0.5,0.498,0.061,0.189,0.295
0.185,0.312,0.443,0.501,0.498,0.061,0.19,0.296
0.185,0.312,0.444,0.501,0.499,0.061,0.189,0.296
0.185,0.312,0.444,0.502,0.499,0.061,0.189,0.296
0.185,0.313,0.444,0.503,0.5,0.061,0.19,0.297
0.185,0.313,0.444,0.503,0.5,0.061,0.189,0.297
0.185,0.314,0.444,0.504,0.501,0.061,0.19,0.297
0.186,0.314,0.444,0.505,0.501,0.061,0.189,0.298
0.186,0.315,0.444,0.505,0.502,0.061,0.19,0.298
0.186,0.315,0.444,0.506,0.502,0.061,0.19,0.298
0.186,0.316,0.444,0.507,0.503,0.061,0.19,0.299
0.186,0.316,0.444,0.508,0.503,0.061,0.19,0.299
0.186,0.316,0.445,0.508,0.504,0.061,0.189,0.299
0.186,0.317,0.445,0.509,0.504,0.061,0.19,0.299
0.186,0.317,0.445,0.509,0.505,0.061,0.19,0.3
0.186,0.318,0.445,0.51,0.505,0.061,0.19,0.3
0.186,0.318,0.445,0.511,0.506,0.061,0.19,0.3
0.186,0.319,0.445,0.512,0.507,0.061,0.19,0.301
0.186,0.319,0.445,0.513,0.507,0.061,0.19,0.301
0.186,0.32,0.445,0.513,0.508,0.061,0.19,0.301
0.187,0.32,0.445,0.514,0.508,0.061,0.19,0.302
0.187,0.321,0.446,0.515,0.509,0.061,0.19,0.302
0.187,0.322,0.446,0.519,0.509,0.061,0.19,0.303
0.187,0.328,0.447,0.528,0.51,0.061,0.19,0.303
0.187,0.336,0.447,0.539,0.511,0.061,0.19,0.304
0.187,0.347,0.448,0.549,0.513,0.061,0.19,0.307
0.188,0.359,0.449,0.559,0.516,0.061,0.19,0.312
0.188,0.373,0.45,0.57,0.521,0.062,0.191,0.32
0.189,0.388,0.451,0.58,0.528,0.062,0.191,0.33
0.19,0.404,0.452,0.588,0.536,0.062,0.192,0.342
0.19,0.422,0.453,0.597,0.546,0.063,0.192,0.354
0.191,0.439,0.454,0.605,0.556,0.063,0.193,0.366
0.192,0.456,0.455,0.614,0.567,0.064,0.193,0.378
0.193,0.475,0.456,0.623,0.578,0.064,0.194,0.39
0.194,0.493,0.457,0.629,0.589,0.065,0.195,0.401
0.195,0.513,0.459,0.638,0.6,0.065,0.195,0.411
0.196,0.533,0.46,0.645,0.611,0.066,0.196,0.421
0.197,0.553,0.461,0.654,0.622,0.067,0.196,0.431
0.199,0.574,0.462,0.66,0.633,0.067,0.197,0.44
0.2,0.595,0.464,0.669,0.644,0.068,0.197,0.449
0.201,0.616,0.465,0.677,0.654,0.068,0.198,0.458
0.202,0.636,0.467,0.685,0.664,0.069,0.198,0.466
0.203,0.658,0.468,0.69,0.675,0.07,0.199,0.474
0.205,0.679,0.47,0.701,0.685,0.07,0.199,0.483
0.206,0.699,0.471,0.708,0.695,0.071,0.2,0.491
0.208,0.717,0.473,0.718,0.705,0.072,0.2,0.499
0.209,0.737,0.475,0.724,0.714,0.072,0.201,0.506
0.21,0.755,0.476,0.733,0.724,0.073,0.202,0.514
0.212,0.773,0.478,0.74,0.734,0.074,0.202,0.521
0.213,0.791,0.48,0.748,0.743,0.074,0.203,0.529
0.215,0.808,0.481,0.754,0.753,0.075,0.203,0.536
0.216,0.825,0.483,0.763,0.762,0.076,0.204,0.543
0.217,0.842,0.485,0.769,0.771,0.076,0.204,0.55
0.219,0.859,0.487,0.777,0.78,0.077,0.205,0.558
0.22,0.876,0.488,0.788,0.788,0.078,0.205,0.564
0.222,0.892,0.49,0.794,0.797,0.079,0.206,0.571
0.223,0.908,0.492,0.8,0.805,0.079,0.206,0.578
0.225,0.923,0.493,0.807,0.814,0.08,0.207,0.585
0.226,0.937,0.495,0.814,0.822,0.081,0.207,0.591
0.228,0.952,0.497,0.821,0.83,0.081,0.208,0.598
0.229,0.966,0.499,0.83,0.838,0.082,0.208,0.605
0.231,0.98,0.501,0.835,0.846,0.083,0.209,0.612
0.232,0.994,0.502,0.841,0.854,0.084,0.209,0.618
0.234,1.008,0.504,0.848,0.862,0.084,0.21,0.625
0.235,1.021,0.506,0.854,0.87,0.085,0.21,0.631
0.237,1.034,0.508,0.86,0.878,0.086,0.21,0.637
0.238,1.046,0.509,0.868,0.886,0.087,0.211,0.644
0.24,1.059,0.511,0.876,0.894,0.087,0.211,0.65
0.241,1.071,0.513,0.879,0.902,0.088,0.212,0.656
0.243,1.083,0.515,0.887,0.909,0.089,0.212,0.662
0.245,1.095,0.516,0.893,0.917,0.09,0.213,0.669
0.246,1.107,0.518,0.901,0.925,0.091,0.213,0.675
0.248,1.119,0.52,0.907,0.932,0.092,0.214,0.681
0.249,1.131,0.522,0.912,0.939,0.093,0.214,0.687
0.251,1.143,0.523,0.918,0.947,0.093,0.215,0.693
0.252,1.155,0.525,0.925,0.954,0.094,0.215,0.699
0.254,1.167,0.527,0.933,0.962,0.095,0.215,0.706
0.256,1.178,0.529,0.94,0.969,0.096,0.216,0.712
0.257,1.189,0.53,0.947,0.977,0.097,0.216,0.717
0.259,1.199,0.532,0.955,0.984,0.098,0.217,0.724
0.261,1.209,0.534,0.96,0.991,0.099,0.217,0.73
0.262,1.219,0.536,0.967,0.999,0.099,0.217,0.736
0.264,1.229,0.537,0.972,1.006,0.101,0.218,0.742
0.265,1.239,0.539,0.982,1.013,0.102,0.218,0.748
0.267,1.248,0.541,0.985,1.02,0.102,0.219,0.753
0.268,1.257,0.543,0.99,1.027,0.103,0.219,0.76
0.27,1.267,0.545,0.998,1.035,0.104,0.22,0.766
0.272,1.276,0.546,1.003,1.041,0.105,0.22,0.772
0.273,1.285,0.548,1.008,1.048,0.106,0.22,0.777
0.275,1.293,0.55,1.017,1.055,0.107,0.221,0.783
0.277,1.302,0.551,1.023,1.063,0.108,0.221,0.789
0.278,1.311,0.553,1.027,1.069,0.109,0.222,0.795
0.28,1.32,0.555,1.034,1.076,0.11,0.222,0.801
0.282,1.329,0.557,1.037,1.083,0.112,0.223,0.807
0.283,1.338,0.558,1.045,1.09,0.113,0.223,0.813
0.285,1.346,0.56,1.052,1.097,0.114,0.223,0.818
0.287,1.354,0.562,1.057,1.103,0.115,0.224,0.824
0.289,1.362,0.564,1.066,1.11,0.116,0.224,0.83
0.29,1.37,0.565,1.07,1.117,0.117,0.225,0.835
0.292,1.379,0.567,1.077,1.124,0.118,0.225,0.841
0.293,1.387,0.569,1.081,1.131,0.119,0.225,0.847
0.295,1.394,0.571,1.086,1.138,0.12,0.226,0.853
0.297,1.402,0.572,1.094,1.144,0.122,0.226,0.859
0.299,1.409,0.574,1.099,1.151,0.123,0.227,0.864
0.3,1.417,0.576,1.103,1.158,0.124,0.227,0.87
0.302,1.424,0.577,1.109,1.164,0.125,0.227,0.876
0.304,1.432,0.579,1.113,1.171,0.126,0.228,0.882
0.306,1.44,0.581,1.122,1.178,0.128,0.228,0.888
0.307,1.447,0.582,1.126,1.184,0.129,0.229,0.893
0.309,1.454,0.584,1.137,1.191,0.13,0.229,0.899
0.311,1.462,0.586,1.141,1.198,0.131,0.229,0.905
0.313,1.469,0.587,1.145,1.204,0.133,0.23,0.911
0.314,1.476,0.589,1.151,1.211,0.134,0.23,0.916
0.316,1.483,0.591,1.156,1.217,0.135,0.231,0.922
0.318,1.49,0.593,1.164,1.224,0.136,0.231,0.928
0.32,1.497,0.594,1.169,1.23,0.138,0.231,0.934
0.322,1.504,0.596,1.175,1.237,0.139,0.232,0.939
0.323,1.51,0.597,1.18,1.243,0.141,0.232,0.945
0.325,1.516,0.599,1.186,1.249,0.142,0.232,0.95
0.327,1.523,0.601,1.192,1.256,0.144,0.233,0.956
0.329,1.53,0.603,1.199,1.262,0.145,0.233,0.962
0.331,1.536,0.605,1.205,1.269,0.146,0.234,0.968
0.333,1.543,0.606,1.211,1.275,0.148,0.234,0.973
0.335,1.55,0.608,1.217,1.281,0.149,0.234,0.979
0.336,1.556,0.609,1.224,1.288,0.151,0.235,0.985
0.338,1.563,0.611,1.229,1.294,0.153,0.235,0.99
0.34,1.569,0.613,1.232,1.3,0.154,0.236,0.996
0.342,1.575,0.614,1.239,1.307,0.156,0.236,1.002
0.344,1.581,0.616,1.245,1.313,0.157,0.236,1.007
0.346,1.587,0.618,1.249,1.319,0.159,0.236,1.013
0.348,1.593,0.62,1.256,1.325,0.16,0.237,1.018
0.35,1.599,0.621,1.26,1.332,0.162,0.237,1.024
0.352,1.605,0.623,1.264,1.338,0.164,0.237,1.029
0.353,1.611,0.625,1.27,1.344,0.165,0.238,1.035
0.355,1.617,0.626,1.278,1.35,0.167,0.238,1.041
0.357,1.623,0.628,1.284,1.356,0.168,0.239,1.046
0.359,1.628,0.63,1.29,1.362,0.17,0.239,1.051
0.361,1.634,0.631,1.293,1.368,0.172,0.239,1.057
0.363,1.64,0.633,1.297,1.374,0.173,0.24,1.063
0.365,1.645,0.635,1.304,1.38,0.175,0.24,1.068
0.367,1.651,0.636,1.311,1.386,0.177,0.24,1.074
0.369,1.656,0.638,1.313,1.392,0.179,0.241,1.079
0.371,1.661,0.639,1.322,1.398,0.18,0.241,1.084
0.373,1.666,0.641,1.331,1.404,0.182,0.242,1.09
0.375,1.671,0.643,1.333,1.41,0.184,0.242,1.095
0.377,1.676,0.644,1.339,1.415,0.186,0.242,1.101
0.379,1.68,0.646,1.347,1.421,0.187,0.243,1.106
0.381,1.686,0.647,1.351,1.427,0.189,0.243,1.111
0.383,1.691,0.649,1.358,1.432,0.191,0.243,1.117
0.385,1.695,0.651,1.364,1.438,0.193,0.244,1.122
0.387,1.7,0.652,1.369,1.443,0.194,0.244,1.127
0.389,1.705,0.654,1.376,1.449,0.196,0.245,1.132
0.391,1.709,0.655,1.383,1.454,0.198,0.245,1.138
0.393,1.713,0.657,1.389,1.46,0.2,0.246,1.143
0.395,1.717,0.659,1.395,1.465,0.201,0.246,1.148
0.397,1.722,0.66,1.401,1.47,0.203,0.246,1.153
0.399,1.726,0.662,1.407,1.476,0.205,0.247,1.158
0.401,1.73,0.664,1.413,1.481,0.207,0.247,1.163
0.403,1.734,0.665,1.419,1.486,0.209,0.248,1.169
0.405,1.738,0.667,1.425,1.491,0.211,0.248,1.174
0.407,1.742,0.668,1.431,1.496,0.212,0.249,1.179
0.409,1.746,0.67,1.436,1.502,0.214,0.249,1.184
0.411,1.749,0.672,1.442,1.506,0.216,0.25,1.189
0.414,1.753,0.673,1.447,1.512,0.218,0.25,1.194
0.415,1.757,0.675,1.452,1.516,0.219,0.25,1.198
0.418,1.76,0.676,1.458,1.521,0.221,0.251,1.204
0.42,1.764,0.678,1.463,1.526,0.223,0.251,1.209
0.422,1.767,0.68,1.469,1.531,0.225,0.252,1.214
0.424,1.771,0.681,1.474,1.536,0.226,0.252,1.219
0.426,1.774,0.683,1.479,1.541,0.228,0.253,1.223
0.428,1.778,0.684,1.484,1.546,0.23,0.253,1.228
0.43,1.781,0.686,1.489,1.55,0.232,0.254,1.233
0.432,1.784,0.687,1.494,1.555,0.234,0.254,1.238
0.434,1.788,0.689,1.499,1.56,0.236,0.255,1.243
0.436,1.791,0.691,1.504,1.564,0.237,0.255,1.248
0.438,1.795,0.692,1.51,1.569,0.239,0.255,1.253
0.44,1.798,0.694,1.515,1.574,0.241,0.256,1.257
0.442,1.801,0.695,1.52,1.579,0.243,0.256,1.262
0.444,1.804,0.697,1.524,1.583,0.244,0.257,1.267
0.446,1.808,0.698,1.529,1.588,0.247,0.257,1.272
0.449,1.811,0.7,1.534,1.592,0.248,0.258,1.276
0.451,1.814,0.702,1.539,1.597,0.25,0.258,1.281
0.453,1.817,0.703,1.544,1.601,0.252,0.259,1.286
0.455,1.82,0.705,1.549,1.606,0.254,0.259,1.291
0.457,1.824,0.706,1.554,1.61,0.255,0.26,1.295
0.459,1.827,0.708,1.558,1.615,0.257,0.26,1.3
0.461,1.83,0.709,1.563,1.619,0.259,0.26,1.305
0.463,1.833,0.711,1.568,1.624,0.261,0.261,1.309
0.465,1.836,0.712,1.572,1.628,0.263,0.261,1.314
0.468,1.839,0.714,1.577,1.633,0.265,0.262,1.319
0.47,1.842,0.715,1.582,1.637,0.266,0.262,1.323
0.472,1.845,0.717,1.586,1.641,0.268,0.263,1.328
0.474,1.848,0.719,1.591,1.646,0.27,0.263,1.332
0.476,1.851,0.72,1.596,1.65,0.272,0.264,1.337
0.478,1.854,0.722,1.6,1.655,0.273,0.264,1.342
0.481,1.857,0.723,1.605,1.659,0.275,0.265,1.346
0.483,1.86,0.725,1.609,1.663,0.277,0.265,1.351
0.485,1.863,0.726,1.614,1.667,0.279,0.266,1.355
0.487,1.866,0.728,1.618,1.672,0.281,0.266,1.36
0.489,1.869,0.729,1.623,1.676,0.283,0.266,1.364
0.491,1.871,0.731,1.627,1.68,0.285,0.267,1.369
0.494,1.874,0.733,1.631,1.684,0.287,0.267,1.373
0.496,1.877,0.734,1.636,1.688,0.288,0.268,1.378
0.498,1.88,0.736,1.64,1.692,0.29,0.269,1.382
0.5,1.883,0.737,1.645,1.697,0.292,0.269,1.386
0.502,1.885,0.739,1.649,1.701,0.294,0.269,1.391
0.505,1.888,0.74,1.653,1.705,0.294,0.269,1.392
0.506,1.886,0.74,1.654,1.705,0.297,0.27,1.396
0.508,1.889,0.741,1.658,1.709,0.298,0.27,1.401
0.51,1.892,0.743,1.662,1.713,0.3,0.27,1.405
0.512,1.894,0.745,1.666,1.717,0.302,0.271,1.409
0.515,1.897,0.746,1.671,1.721,0.304,0.271,1.414
0.517,1.9,0.748,1.675,1.725,0.305,0.272,1.418
0.519,1.902,0.749,1.679,1.729,0.307,0.272,1.422
0.521,1.905,0.751,1.683,1.733,0.309,0.273,1.426
0.524,1.907,0.752,1.688,1.737,0.311,0.273,1.43
0.526,1.91,0.754,1.692,1.74,0.312,0.274,1.434
0.528,1.912,0.756,1.696,1.744,0.314,0.274,1.438
0.53,1.915,0.757,1.7,1.748,0.316,0.275,1.443
0.532,1.917,0.758,1.704,1.752,0.318,0.275,1.447
0.535,1.92,0.76,1.708,1.756,0.319,0.275,1.451
0.537,1.922,0.761,1.712,1.759,0.321,0.276,1.455
0.539,1.925,0.763,1.716,1.763,0.323,0.276,1.459
0.541,1.927,0.764,1.72,1.767,0.324,0.277,1.463
0.544,1.929,0.766,1.724,1.77,0.326,0.277,1.467
0.546,1.932,0.768,1.728,1.774,0.328,0.278,1.471
0.548,1.934,0.769,1.732,1.777,0.329,0.278,1.475
0.55,1.936,0.77,1.735,1.781,0.331,0.278,1.479
0.553,1.939,0.772,1.739,1.785,0.333,0.279,1.483
0.555,1.941,0.773,1.743,1.788,0.334,0.28,1.487
0.557,1.943,0.775,1.747,1.792,0.336,0.28,1.49
0.559,1.945,0.776,1.751,1.795,0.337,0.28,1.494
0.562,1.948,0.778,1.755,1.799,0.339,0.281,1.498
0.564,1.949,0.78,1.758,1.802,0.341,0.281,1.502
0.566,1.952,0.781,1.762,1.806,0.342,0.282,1.506
0.568,1.954,0.782,1.766,1.809,0.344,0.282,1.51
0.571,1.956,0.784,1.769,1.812,0.345,0.282,1.513
0.573,1.958,0.785,1.773,1.816,0.347,0.283,1.517
0.575,1.96,0.787,1.777,1.819,0.349,0.284,1.52
0.577,1.962,0.788,1.78,1.823,0.35,0.284,1.524
0.58,1.964,0.79,1.784,1.826,0.352,0.284,1.528
0.582,1.966,0.791,1.787,1.829,0.353,0.285,1.531
0.584,1.968,0.793,1.791,1.832,0.355,0.285,1.535
0.587,1.97,0.794,1.794,1.836,0.356,0.285,1.539
0.589,1.972,0.796,1.798,1.839,0.358,0.286,1.542
0.591,1.973,0.797,1.801,1.842,0.359,0.286,1.545
0.593,1.975,0.798,1.804,1.845,0.361,0.287,1.549
0.596,1.977,0.8,1.808,1.848,0.362,0.287,1.552
0.598,1.978,0.801,1.811,1.851,0.364,0.288,1.556
0.6,1.98,0.803,1.814,1.854,0.365,0.288,1.559
0.603,1.982,0.804,1.817,1.857,0.367,0.288,1.563
0.605,1.984,0.806,1.821,1.861,0.368,0.289,1.566
0.607,1.985,0.807,1.824,1.863,0.369,0.289,1.569
0.609,1.987,0.809,1.827,1.866,0.371,0.29,1.573
0.612,1.988,0.81,1.83,1.87,0.372,0.29,1.576
0.614,1.99,0.811,1.833,1.872,0.373,0.291,1.579
0.616,1.992,0.813,1.837,1.875,0.375,0.291,1.582
0.619,1.993,0.815,1.84,1.878,0.376,0.291,1.585
0.621,1.994,0.816,1.843,1.881,0.378,0.292,1.588
0.623,1.996,0.817,1.846,1.884,0.379,0.292,1.591
0.625,1.997,0.819,1.849,1.887,0.38,0.292,1.595
0.628,1.999,0.82,1.852,1.889,0.382,0.293,1.598
0.63,2.001,0.821,1.854,1.892,0.383,0.293,1.601
0.632,2.002,0.823,1.858,1.894,0.384,0.294,1.604
0.635,2.004,0.824,1.86,1.897,0.386,0.294,1.607
0.637,2.005,0.826,1.863,1.9,0.387,0.295,1.61
0.64,2.006,0.827,1.866,1.903,0.388,0.295,1.613
0.642,2.016,0.83,1.873,1.909,0.39,0.296,1.619
0.645,2.013,0.832,1.876,1.912,0.392,0.297,1.622
0.648,2.015,0.833,1.878,1.915,0.393,0.297,1.625
0.65,2.016,0.835,1.881,1.917,0.394,0.298,1.628
0.653,2.017,0.836,1.884,1.92,0.395,0.298,1.631
0.656,2.018,0.838,1.886,1.922,0.397,0.298,1.634
0.658,2.02,0.839,1.889,1.924,0.398,0.299,1.637
0.66,2.021,0.841,1.891,1.927,0.399,0.299,1.639
0.663,2.022,0.842,1.894,1.929,0.4,0.3,1.642
0.665,2.024,0.843,1.896,1.931,0.402,0.3,1.645
0.668,2.025,0.845,1.899,1.934,0.403,0.3,1.647
0.67,2.026,0.846,1.901,1.936,0.404,0.301,1.65
0.673,2.027,0.848,1.904,1.938,0.406,0.301,1.652
0.675,2.029,0.849,1.907,1.941,0.407,0.302,1.655
0.677,2.03,0.851,1.909,1.943,0.408,0.302,1.657
0.68,2.031,0.852,1.911,1.945,0.409,0.303,1.66
0.682,2.032,0.853,1.913,1.947,0.41,0.303,1.662
0.685,2.033,0.855,1.915,1.949,0.412,0.303,1.665
0.687,2.034,0.856,1.918,1.951,0.413,0.304,1.667
0.689,2.035,0.858,1.92,1.953,0.414,0.304,1.67
0.692,2.037,0.859,1.922,1.955,0.415,0.305,1.672
0.694,2.038,0.86,1.924,1.957,0.416,0.305,1.674
0.696,2.039,0.862,1.926,1.959,0.418,0.305,1.677
0.699,2.04,0.863,1.928,1.961,0.419,0.306,1.679
0.701,2.041,0.865,1.93,1.963,0.42,0.306,1.682
0.703,2.042,0.866,1.932,1.965,0.421,0.307,1.684
0.706,2.044,0.867,1.934,1.967,0.422,0.307,1.686
0.708,2.045,0.869,1.936,1.968,0.424,0.307,1.688
0.71,2.046,0.87,1.938,1.97,0.425,0.308,1.69
0.712,2.047,0.872,1.939,1.971,0.426,0.308,1.693
0.714,2.048,0.873,1.941,1.973,0.427,0.309,1.695
0.717,2.05,0.874,1.943,1.974,0.428,0.309,1.697
0.719,2.051,0.876,1.944,1.976,0.429,0.31,1.7
0.721,2.052,0.877,1.946,1.977,0.431,0.31,1.702
0.723,2.053,0.879,1.948,1.978,0.432,0.31,1.704
0.726,2.054,0.88,1.949,1.98,0.433,0.311,1.706
0.728,2.055,0.881,1.951,1.981,0.434,0.311,1.708
0.73,2.056,0.883,1.952,1.983,0.435,0.312,1.711
0.733,2.057,0.884,1.954,1.984,0.436,0.312,1.712
0.735,2.058,0.885,1.955,1.985,0.437,0.312,1.715
0.737,2.06,0.887,1.956,1.986,0.438,0.313,1.717
0.74,2.06,0.888,1.958,1.987,0.439,0.313,1.719
0.742,2.061,0.89,1.959,1.988,0.44,0.314,1.721
0.744,2.062,0.891,1.96,1.99,0.441,0.314,1.723
0.746,2.063,0.892,1.962,1.991,0.442,0.314,1.725
0.749,2.064,0.894,1.963,1.992,0.443,0.315,1.727
0.751,2.065,0.895,1.964,1.993,0.444,0.315,1.729
0.753,2.066,0.896,1.965,1.994,0.445,0.316,1.731
0.756,2.067,0.898,1.967,1.995,0.446,0.316,1.732
0.758,2.068,0.899,1.968,1.996,0.447,0.316,1.735
0.76,2.069,0.901,1.969,1.997,0.448,0.317,1.736
0.762,2.07,0.902,1.97,1.998,0.449,0.317,1.738
0.764,2.071,0.903,1.971,1.998,0.45,0.318,1.74
0.766,2.073,0.905,1.972,1.999,0.451,0.318,1.742
0.769,2.073,0.906,1.974,2.0,0.452,0.318,1.744
0.771,2.074,0.907,1.975,2.001,0.453,0.319,1.746
0.773,2.075,0.909,1.976,2.001,0.454,0.319,1.747
0.775,2.076,0.91,1.977,2.002,0.455,0.32,1.749
0.778,2.077,0.911,1.978,2.003,0.456,0.32,1.751
0.78,2.078,0.913,1.979,2.003,0.457,0.32,1.753
0.782,2.079,0.914,1.98,2.004,0.458,0.321,1.754
0.784,2.08,0.915,1.981,2.005,0.459,0.321,1.756
0.787,2.08,0.917,1.982,2.005,0.46,0.321,1.757
0.789,2.081,0.918,1.983,2.006,0.457,0.321,1.755
0.79,2.077,0.917,1.979,2.002,0.46,0.322,1.757
0.792,2.078,0.919,1.98,2.003,0.461,0.322,1.758
0.795,2.079,0.92,1.981,2.003,0.462,0.322,1.76
0.797,2.079,0.921,1.982,2.003,0.463,0.323,1.761
0.799,2.08,0.922,1.983,2.004,0.464,0.323,1.763
0.802,2.081,0.924,1.983,2.004,0.464,0.323,1.764
0.804,2.081,0.925,1.984,2.005,0.465,0.324,1.765
0.806,2.082,0.926,1.985,2.005,0.466,0.324,1.767
0.808,2.083,0.928,1.986,2.006,0.467,0.325,1.768
0.81,2.084,0.929,1.987,2.006,0.468,0.325,1.77
0.813,2.084,0.93,1.988,2.007,0.468,0.326,1.771
0.815,2.085,0.932,1.988,2.007,0.469,0.326,1.772
0.817,2.086,0.933,1.989,2.007,0.47,0.327,1.773
0.819,2.087,0.934,1.99,2.008,0.471,0.327,1.775
0.822,2.087,0.936,1.991,2.008,0.471,0.327,1.776
0.824,2.088,0.936,1.991,2.008,0.472,0.327,1.777
0.826,2.089,0.938,1.992,2.009,0.473,0.328,1.779
0.828,2.089,0.939,1.993,2.009,0.474,0.328,1.78
0.83,2.09,0.941,1.994,2.009,0.474,0.329,1.781
0.832,2.091,0.942,1.994,2.01,0.475,0.329,1.783
0.835,2.091,0.943,1.995,2.01,0.476,0.329,1.784
0.837,2.092,0.944,1.996,2.01,0.476,0.33,1.785
0.839,2.093,0.946,1.997,2.01,0.477,0.33,1.786
0.841,2.093,0.947,1.997,2.011,0.478,0.33,1.787
0.843,2.094,0.948,1.998,2.011,0.478,0.331,1.789
0.845,2.094,0.949,1.999,2.011,0.479,0.331,1.79
0.847,2.095,0.951,1.999,2.012,0.479,0.332,1.791
0.85,2.096,0.952,2.0,2.012,0.48,0.332,1.792
0.852,2.097,0.953,2.0,2.012,0.481,0.332,1.793
0.854,2.097,0.954,2.001,2.012,0.481,0.332,1.794
0.856,2.098,0.956,2.002,2.012,0.482,0.333,1.795
0.858,2.099,0.957,2.002,2.012,0.482,0.334,1.796
0.86,2.099,0.958,2.003,2.012,0.483,0.334,1.797
0.862,2.1,0.96,2.003,2.012,0.484,0.334,1.799
0.864,2.101,0.961,2.004,2.012,0.484,0.335,1.799
0.866,2.101,0.962,2.004,2.012,0.485,0.335,1.801
0.868,2.102,0.963,2.005,2.012,0.485,0.335,1.802
0.87,2.103,0.964,2.005,2.011,0.485,0.335,1.803
0.872,2.103,0.966,2.006,2.012,0.486,0.336,1.804
0.874,2.104,0.967,2.006,2.012,0.487,0.336,1.805
0.875,2.105,0.968,2.006,2.011,0.487,0.336,1.806
0.877,2.106,0.969,2.007,2.011,0.487,0.337,1.807
0.879,2.106,0.97,2.007,2.011,0.488,0.337,1.808
0.881,2.107,0.972,2.008,2.01,0.488,0.337,1.809
0.883,2.108,0.973,2.007,2.01,0.489,0.338,1.81
0.885,2.108,0.974,2.008,2.009,0.489,0.338,1.81
0.887,2.109,0.975,2.008,2.009,0.489,0.338,1.811
0.889,2.109,0.976,2.008,2.009,0.49,0.338,1.812
0.891,2.11,0.978,2.008,2.008,0.49,0.339,1.813
0.893,2.111,0.979,2.008,2.008,0.49,0.339,1.813
0.895,2.111,0.98,2.009,2.007,0.491,0.34,1.815
0.896,2.112,0.981,2.009,2.007,0.491,0.34,1.815
0.898,2.112,0.982,2.009,2.006,0.491,0.34,1.816
0.9,2.113,0.983,2.009,2.006,0.491,0.341,1.817
0.902,2.113,0.985,2.009,2.005,0.492,0.341,1.817
0.904,2.114,0.986,2.009,2.005,0.492,0.341,1.818
0.906,2.114,0.987,2.009,2.004,0.492,0.342,1.819
0.908,2.115,0.988,2.009,2.004,0.492,0.342,1.82
0.91,2.115,0.989,2.01,2.004,0.492,0.342,1.82
0.913,2.116,0.99,2.01,2.004,0.493,0.343,1.821
0.915,2.116,0.992,2.01,2.003,0.493,0.343,1.821
0.917,2.116,0.993,2.01,2.003,0.493,0.343,1.822
0.919,2.116,0.994,2.01,2.003,0.493,0.343,1.822
0.921,2.117,0.995,2.011,2.003,0.493,0.344,1.823
0.923,2.117,0.996,2.011,2.002,0.493,0.344,1.823
0.925,2.118,0.997,2.011,2.002,0.494,0.345,1.824
0.927,2.118,0.998,2.011,2.002,0.494,0.345,1.824
0.929,2.118,1.0,2.012,2.001,0.494,0.345,1.825
0.931,2.119,1.001,2.012,2.001,0.494,0.346,1.825
0.933,2.119,1.002,2.012,2.001,0.494,0.346,1.826
0.934,2.119,1.003,2.013,2.001,0.494,0.346,1.827
0.936,2.12,1.004,2.013,2.001,0.495,0.347,1.827
0.938,2.12,1.005,2.013,2.0,0.495,0.347,1.827
0.94,2.121,1.006,2.014,2.0,0.495,0.347,1.828
0.942,2.121,1.007,2.013,1.999,0.495,0.348,1.828
0.943,2.121,1.008,2.014,1.999,0.495,0.348,1.828
0.945,2.121,1.01,2.014,1.999,0.495,0.348,1.829
0.947,2.122,1.011,2.014,1.999,0.495,0.348,1.83
0.949,2.122,1.012,2.015,1.998,0.495,0.349,1.83
0.951,2.122,1.013,2.015,1.998,0.495,0.349,1.83
0.953,2.122,1.014,2.015,1.997,0.495,0.349,1.831
0.955,2.123,1.015,2.015,1.997,0.496,0.35,1.831
0.957,2.123,1.016,2.015,1.997,0.495,0.35,1.831
0.959,2.123,1.018,2.015,1.996,0.495,0.35,1.831
0.961,2.123,1.018,2.015,1.996,0.496,0.351,1.832
0.962,2.124,1.02,2.016,1.996,0.495,0.351,1.832
0.964,2.124,1.021,2.015,1.995,0.495,0.351,1.832
0.966,2.124,1.022,2.015,1.995,0.495,0.352,1.832
0.968,2.124,1.023,2.016,1.994,0.495,0.352,1.832
0.97,2.124,1.024,2.016,1.994,0.495,0.352,1.833
0.972,2.124,1.025,2.016,1.993,0.495,0.352,1.833
0.973,2.124,1.026,2.015,1.993,0.495,0.353,1.833
0.975,2.124,1.027,2.015,1.992,0.495,0.353,1.833
0.977,2.125,1.028,2.015,1.992,0.495,0.353,1.833
0.978,2.125,1.029,2.015,1.991,0.495,0.354,1.834
0.98,2.125,1.03,2.015,1.991,0.495,0.354,1.834
0.982,2.125,1.031,2.015,1.99,0.495,0.354,1.834
0.984,2.125,1.032,2.015,1.99,0.494,0.355,1.834
0.985,2.125,1.033,2.015,1.989,0.494,0.355,1.834
0.987,2.125,1.035,2.015,1.989,0.494,0.355,1.834
0.989,2.125,1.035,2.015,1.988,0.494,0.355,1.834
0.991,2.125,1.037,2.015,1.987,0.494,0.356,1.834
0.992,2.125,1.037,2.015,1.987,0.493,0.356,1.834
0.994,2.125,1.039,2.015,1.986,0.493,0.356,1.835
0.996,2.125,1.04,2.015,1.986,0.493,0.357,1.834
0.997,2.125,1.041,2.015,1.985,0.493,0.357,1.835
0.999,2.125,1.042,2.015,1.984,0.492,0.357,1.834
1.001,2.125,1.043,2.015,1.984,0.492,0.357,1.835
1.002,2.125,1.044,2.015,1.983,0.492,0.358,1.835
1.004,2.125,1.045,2.015,1.983,0.492,0.358,1.835
1.006,2.125,1.046,2.015,1.982,0.491,0.358,1.835
1.007,2.125,1.047,2.015,1.982,0.491,0.358,1.835
1.009,2.125,1.048,2.015,1.981,0.491,0.359,1.835
1.011,2.125,1.049,2.015,1.98,0.491,0.359,1.835
1.012,2.125,1.05,2.015,1.98,0.49,0.359,1.835
1.014,2.125,1.051,2.015,1.979,0.49,0.36,1.835
1.015,2.125,1.052,2.015,1.979,0.49,0.36,1.835
1.017,2.124,1.053,2.015,1.978,0.49,0.36,1.835
1.019,2.124,1.054,2.015,1.977,0.489,0.36,1.835
1.02,2.124,1.055,2.015,1.977,0.489,0.361,1.835
1.022,2.124,1.056,2.015,1.976,0.489,0.361,1.834
1.023,2.124,1.057,2.015,1.975,0.488,0.361,1.834
1.025,2.124,1.058,2.015,1.975,0.488,0.362,1.834
1.026,2.123,1.059,2.015,1.974,0.488,0.363,1.838
1.03,2.128,1.062,2.019,1.978,0.489,0.363,1.838
1.032,2.128,1.063,2.019,1.977,0.488,0.363,1.838
1.034,2.128,1.064,2.02,1.977,0.488,0.363,1.838
1.035,2.128,1.065,2.019,1.976,0.487,0.364,1.837
1.037,2.127,1.066,2.019,1.976,0.487,0.364,1.837
1.038,2.127,1.067,2.019,1.975,0.487,0.364,1.837
1.04,2.127,1.068,2.019,1.974,0.487,0.364,1.837
1.042,2.126,1.069,2.019,1.974,0.486,0.365,1.837
1.043,2.126,1.07,2.019,1.974,0.486,0.365,1.837
1.045,2.126,1.071,2.019,1.973,0.486,0.365,1.836
1.046,2.126,1.072,2.019,1.973,0.485,0.365,1.836
1.048,2.125,1.073,2.019,1.972,0.485,0.366,1.836
1.049,2.125,1.074,2.019,1.971,0.485,0.366,1.836
1.051,2.125,1.075,2.018,1.971,0.485,0.366,1.835
1.052,2.124,1.076,2.019,1.97,0.484,0.367,1.835
1.054,2.124,1.077,2.018,1.97,0.484,0.367,1.835
1.055,2.124,1.078,2.018,1.969,0.483,0.367,1.835
1.057,2.123,1.079,2.018,1.968,0.483,0.367,1.834
1.058,2.123,1.08,2.018,1.968,0.483,0.368,1.834
1.06,2.123,1.081,2.018,1.967,0.482,0.368,1.834
1.061,2.122,1.082,2.018,1.966,0.482,0.368,1.834
1.063,2.122,1.083,2.018,1.966,0.482,0.369,1.833
1.064,2.121,1.084,2.017,1.965,0.481,0.369,1.833
1.066,2.121,1.085,2.017,1.964,0.481,0.369,1.833
1.067,2.12,1.086,2.017,1.964,0.481,0.369,1.833
1.069,2.12,1.087,2.017,1.963,0.48,0.369,1.832
1.07,2.12,1.088,2.017,1.963,0.48,0.37,1.832
1.072,2.119,1.089,2.017,1.962,0.479,0.37,1.832
1.073,2.118,1.09,2.017,1.961,0.479,0.37,1.832
1.074,2.118,1.091,2.017,1.961,0.479,0.37,1.831
1.076,2.117,1.092,2.016,1.96,0.478,0.371,1.831
1.077,2.117,1.093,2.016,1.959,0.478,0.371,1.831
1.079,2.116,1.093,2.016,1.959,0.477,0.371,1.831
1.08,2.116,1.094,2.016,1.958,0.477,0.372,1.83
1.081,2.115,1.095,2.016,1.957,0.476,0.372,1.83
1.083,2.115,1.096,2.015,1.957,0.476,0.372,1.83
1.084,2.114,1.097,2.015,1.956,0.475,0.372,1.829
1.085,2.113,1.098,2.015,1.955,0.475,0.372,1.829
1.087,2.113,1.099,2.015,1.954,0.474,0.373,1.829
1.088,2.112,1.1,2.015,1.954,0.474,0.373,1.828
1.089,2.111,1.101,2.014,1.953,0.474,0.373,1.828
1.091,2.111,1.102,2.014,1.952,0.473,0.374,1.827
1.092,2.11,1.103,2.014,1.951,0.473,0.374,1.827
1.093,2.109,1.104,2.014,1.951,0.472,0.374,1.827
1.095,2.109,1.105,2.014,1.95,0.471,0.374,1.826
1.096,2.108,1.106,2.014,1.949,0.471,0.375,1.826
1.097,2.107,1.107,2.013,1.948,0.471,0.375,1.825
1.098,2.106,1.108,2.013,1.948,0.47,0.375,1.825
1.1,2.106,1.109,2.013,1.947,0.469,0.375,1.825
1.101,2.105,1.109,2.013,1.947,0.469,0.375,1.825
1.102,2.104,1.11,2.013,1.946,0.469,0.376,1.824
1.104,2.104,1.111,2.013,1.945,0.468,0.376,1.824
1.105,2.103,1.112,2.013,1.944,0.468,0.376,1.823
1.106,2.102,1.113,2.013,1.944,0.467,0.376,1.823
1.107,2.101,1.114,2.013,1.943,0.467,0.377,1.823
1.108,2.1,1.115,2.012,1.942,0.466,0.377,1.822
1.11,2.1,1.116,2.012,1.942,0.466,0.377,1.822
1.111,2.099,1.117,2.012,1.941,0.465,0.377,1.821
1.112,2.099,1.118,2.012,1.94,0.465,0.378,1.821
1.114,2.097,1.119,2.012,1.94,0.464,0.378,1.82
1.115,2.094,1.117,2.007,1.934,0.462,0.377,1.816
1.113,2.091,1.118,2.007,1.933,0.462,0.377,1.815
1.114,2.09,1.119,2.007,1.933,0.461,0.378,1.815
1.116,2.089,1.119,2.007,1.932,0.461,0.378,1.814
1.117,2.089,1.12,2.006,1.932,0.46,0.378,1.814
1.118,2.088,1.121,2.006,1.931,0.46,0.378,1.813
1.119,2.087,1.122,2.006,1.931,0.459,0.378,1.813
1.12,2.086,1.123,2.006,1.93,0.459,0.379,1.812
1.121,2.085,1.124,2.006,1.93,0.458,0.379,1.812
1.122,2.084,1.125,2.005,1.929,0.458,0.379,1.811
1.123,2.083,1.125,2.006,1.928,0.457,0.379,1.811
1.125,2.082,1.126,2.005,1.927,0.456,0.379,1.81
1.126,2.082,1.127,2.005,1.927,0.456,0.38,1.809
1.127,2.081,1.128,2.005,1.926,0.455,0.38,1.809
1.128,2.08,1.129,2.005,1.925,0.455,0.38,1.808
1.129,2.079,1.13,2.004,1.924,0.454,0.38,1.808
1.13,2.078,1.131,2.004,1.924,0.454,0.381,1.807
1.131,2.077,1.132,2.004,1.923,0.453,0.381,1.807
1.132,2.076,1.133,2.004,1.922,0.453,0.381,1.806
1.133,2.075,1.133,2.004,1.921,0.452,0.381,1.806
1.134,2.074,1.134,2.003,1.921,0.451,0.381,1.805
1.135,2.073,1.135,2.003,1.92,0.451,0.381,1.804
1.136,2.073,1.136,2.003,1.92,0.45,0.382,1.804
1.137,2.072,1.137,2.003,1.919,0.45,0.382,1.804
1.138,2.071,1.138,2.003,1.919,0.449,0.382,1.803
1.139,2.07,1.138,2.003,1.918,0.449,0.382,1.803
1.14,2.069,1.139,2.003,1.917,0.448,0.383,1.802
1.141,2.068,1.14,2.003,1.917,0.448,0.383,1.802
1.142,2.067,1.141,2.003,1.916,0.447,0.383,1.801
1.143,2.066,1.142,2.002,1.915,0.447,0.383,1.8
1.144,2.065,1.142,2.002,1.914,0.446,0.383,1.799
1.145,2.064,1.143,2.002,1.914,0.445,0.383,1.799
1.146,2.063,1.144,2.002,1.912,0.445,0.384,1.798
1.147,2.062,1.145,2.001,1.912,0.444,0.384,1.798
1.148,2.061,1.145,2.001,1.911,0.443,0.384,1.797
1.149,2.06,1.146,2.001,1.91,0.443,0.384,1.797
1.149,2.059,1.147,2.0,1.909,0.442,0.384,1.796
1.15,2.058,1.148,2.0,1.909,0.442,0.385,1.795
1.151,2.057,1.149,2.0,1.908,0.441,0.385,1.794
1.152,2.056,1.149,1.999,1.907,0.441,0.385,1.794
1.153,2.055,1.15,1.999,1.907,0.44,0.385,1.793
1.154,2.053,1.151,1.999,1.906,0.439,0.385,1.793
1.155,2.052,1.152,1.999,1.905,0.439,0.385,1.792
1.156,2.051,1.153,1.999,1.904,0.438,0.386,1.791
1.157,2.05,1.153,1.998,1.904,0.438,0.386,1.791
1.157,2.049,1.154,1.998,1.903,0.437,0.386,1.79
1.158,2.048,1.155,1.998,1.902,0.437,0.386,1.789
1.159,2.047,1.156,1.998,1.902,0.436,0.386,1.789
1.16,2.046,1.157,1.998,1.901,0.435,0.386,1.788
1.161,2.045,1.157,1.997,1.9,0.435,0.387,1.788
1.161,2.044,1.158,1.997,1.9,0.434,0.387,1.787
1.162,2.042,1.159,1.997,1.899,0.434,0.387,1.786
1.163,2.041,1.159,1.997,1.898,0.433,0.387,1.785
1.164,2.04,1.16,1.996,1.898,0.432,0.387,1.785
1.165,2.039,1.161,1.996,1.897,0.432,0.387,1.784
1.165,2.038,1.162,1.996,1.896,0.431,0.388,1.784
1.166,2.037,1.163,1.996,1.895,0.431,0.388,1.783
1.167,2.036,1.163,1.995,1.894,0.43,0.388,1.782
1.168,2.034,1.164,1.995,1.893,0.43,0.388,1.782
1.168,2.033,1.165,1.995,1.892,0.429,0.388,1.781
1.169,2.032,1.166,1.995,1.892,0.428,0.388,1.78
1.17,2.031,1.166,1.994,1.891,0.428,0.388,1.78
1.171,2.03,1.167,1.994,1.89,0.427,0.389,1.779
1.171,2.028,1.168,1.994,1.889,0.427,0.391,1.782
1.174,2.032,1.171,1.998,1.893,0.427,0.39,1.782
1.175,2.03,1.172,1.998,1.892,0.426,0.39,1.781
1.176,2.029,1.173,1.998,1.891,0.426,0.39,1.78
1.177,2.028,1.173,1.997,1.891,0.425,0.39,1.779
1.178,2.027,1.174,1.997,1.89,0.425,0.39,1.779
1.178,2.026,1.175,1.997,1.889,0.424,0.391,1.778
1.179,2.025,1.176,1.997,1.889,0.424,0.391,1.778
1.18,2.024,1.177,1.997,1.888,0.423,0.391,1.777
1.18,2.022,1.177,1.997,1.887,0.422,0.391,1.776
1.181,2.021,1.178,1.996,1.887,0.422,0.391,1.775
1.182,2.02,1.179,1.996,1.886,0.421,0.391,1.775
1.183,2.019,1.18,1.996,1.885,0.421,0.392,1.774
1.183,2.017,1.18,1.996,1.885,0.42,0.392,1.773
1.184,2.016,1.181,1.995,1.884,0.42,0.392,1.773
1.184,2.015,1.182,1.995,1.883,0.419,0.392,1.772
1.185,2.014,1.183,1.995,1.883,0.419,0.392,1.771
1.186,2.013,1.183,1.995,1.882,0.418,0.392,1.771
1.186,2.012,1.184,1.995,1.882,0.417,0.393,1.77
1.187,2.01,1.185,1.994,1.881,0.417,0.393,1.769
1.188,2.009,1.186,1.994,1.88,0.416,0.393,1.769
1.188,2.008,1.186,1.994,1.879,0.416,0.393,1.768
1.189,2.007,1.187,1.994,1.879,0.415,0.393,1.767
1.19,2.006,1.188,1.994,1.878,0.415,0.393,1.767
1.19,2.005,1.189,1.993,1.877,0.414,0.393,1.766
1.191,2.003,1.189,1.993,1.877,0.413,0.393,1.765
1.192,2.002,1.19,1.993,1.876,0.413,0.394,1.764
1.192,2.001,1.191,1.993,1.876,0.412,0.394,1.763
1.193,2.0,1.192,1.992,1.875,0.412,0.394,1.763
1.193,1.998,1.192,1.992,1.874,0.411,0.394,1.762
1.194,1.997,1.193,1.992,1.874,0.411,0.394,1.762
1.194,1.996,1.194,1.992,1.873,0.41,0.394,1.761
1.195,1.994,1.195,1.992,1.873,0.41,0.395,1.76
1.196,1.993,1.195,1.992,1.872,0.409,0.395,1.759
1.196,1.992,1.196,1.991,1.871,0.409,0.395,1.759
1.197,1.991,1.197,1.991,1.871,0.408,0.395,1.758
1.197,1.99,1.198,1.991,1.87,0.408,0.395,1.757
1.198,1.988,1.198,1.99,1.869,0.407,0.395,1.756
1.198,1.987,1.199,1.99,1.869,0.407,0.395,1.755
1.199,1.986,1.2,1.99,1.868,0.406,0.396,1.755
1.199,1.984,1.2,1.99,1.867,0.405,0.396,1.754
1.2,1.983,1.201,1.989,1.866,0.405,0.396,1.753
1.201,1.982,1.202,1.989,1.866,0.404,0.396,1.752
1.201,1.98,1.203,1.989,1.865,0.404,0.396,1.752
1.201,1.979,1.203,1.989,1.864,0.403,0.396,1.751
1.202,1.978,1.204,1.988,1.864,0.403,0.396,1.75
1.202,1.976,1.205,1.988,1.863,0.402,0.397,1.749
1.203,1.975,1.206,1.988,1.863,0.402,0.397,1.749
1.203,1.974,1.206,1.987,1.862,0.401,0.397,1.748
1.204,1.972,1.207,1.987,1.861,0.4,0.397,1.747
1.204,1.971,1.207,1.987,1.86,0.4,0.397,1.746
1.205,1.97,1.208,1.986,1.86,0.399,0.397,1.746
1.205,1.968,1.209,1.986,1.859,0.399,0.397,1.745
1.206,1.967,1.21,1.986,1.858,0.398,0.398,1.744
1.206,1.965,1.21,1.985,1.858,0.398,0.398,1.744
1.207,1.964,1.211,1.985,1.857,0.397,0.398,1.742
1.207,1.963,1.212,1.985,1.856,0.397,0.398,1.742
1.208,1.961,1.212,1.985,1.855,0.396,0.398,1.741
1.208,1.96,1.213,1.984,1.855,0.396,0.398,1.74
1.208,1.958,1.214,1.984,1.854,0.395,0.398,1.739
1.209,1.957,1.214,1.984,1.853,0.394,0.399,1.739
1.209,1.955,1.21,1.979,1.848,0.393,0.398,1.734
1.207,1.95,1.213,1.979,1.847,0.392,0.398,1.733
1.207,1.948,1.214,1.978,1.847,0.392,0.398,1.733
1.208,1.947,1.214,1.978,1.846,0.391,0.398,1.732
1.208,1.946,1.215,1.978,1.845,0.391,0.398,1.731
1.208,1.944,1.216,1.977,1.845,0.39,0.398,1.73
1.209,1.942,1.217,1.977,1.844,0.39,0.398,1.729
1.209,1.941,1.217,1.976,1.843,0.389,0.399,1.729
1.209,1.94,1.218,1.976,1.842,0.388,0.399,1.728
1.21,1.938,1.219,1.976,1.842,0.388,0.399,1.727
1.21,1.937,1.219,1.976,1.841,0.387,0.399,1.726
1.21,1.935,1.22,1.975,1.84,0.387,0.399,1.725
1.21,1.933,1.22,1.975,1.84,0.386,0.399,1.724
1.211,1.932,1.221,1.975,1.839,0.386,0.399,1.723
1.211,1.931,1.222,1.974,1.838,0.385,0.399,1.722
1.212,1.929,1.222,1.974,1.838,0.385,0.4,1.722
1.212,1.928,1.223,1.974,1.837,0.384,0.4,1.721
1.212,1.926,1.224,1.974,1.837,0.384,0.4,1.72
1.213,1.925,1.224,1.973,1.836,0.383,0.4,1.719
1.213,1.924,1.225,1.973,1.835,0.382,0.4,1.718
1.213,1.922,1.226,1.973,1.835,0.382,0.4,1.717
1.213,1.921,1.226,1.972,1.834,0.381,0.4,1.717
1.213,1.919,1.227,1.972,1.833,0.381,0.4,1.716
1.214,1.918,1.227,1.972,1.833,0.38,0.4,1.715
1.214,1.916,1.228,1.972,1.832,0.38,0.401,1.714
1.215,1.915,1.229,1.971,1.831,0.379,0.401,1.713
1.215,1.913,1.23,1.971,1.831,0.379,0.401,1.713
1.215,1.912,1.23,1.971,1.83,0.378,0.401,1.711
1.215,1.911,1.231,1.97,1.829,0.378,0.401,1.711
1.215,1.909,1.231,1.97,1.829,0.377,0.401,1.71
1.216,1.908,1.232,1.97,1.828,0.377,0.401,1.709
1.216,1.906,1.232,1.97,1.828,0.376,0.401,1.708
1.216,1.905,1.233,1.969,1.827,0.375,0.401,1.707
1.216,1.903,1.234,1.969,1.827,0.375,0.401,1.706
1.217,1.902,1.234,1.969,1.826,0.374,0.402,1.705
1.217,1.9,1.235,1.968,1.825,0.374,0.402,1.705
1.217,1.899,1.236,1.968,1.824,0.373,0.402,1.704
1.217,1.897,1.236,1.967,1.823,0.373,0.402,1.703
1.217,1.896,1.237,1.967,1.823,0.372,0.402,1.702
1.217,1.895,1.237,1.967,1.822,0.372,0.402,1.701
1.218,1.893,1.238,1.967,1.822,0.371,0.402,1.7
1.218,1.891,1.239,1.966,1.821,0.371,0.402,1.7
1.218,1.89,1.239,1.966,1.82,0.37,0.402,1.699
1.218,1.889,1.24,1.965,1.819,0.37,0.402,1.698
1.218,1.887,1.24,1.965,1.819,0.369,0.403,1.697
1.219,1.886,1.241,1.965,1.818,0.369,0.403,1.696
1.219,1.884,1.242,1.965,1.818,0.368,0.403,1.695
1.219,1.883,1.242,1.964,1.817,0.368,0.403,1.695
1.219,1.881,1.243,1.964,1.816,0.367,0.403,1.694
1.219,1.879,1.243,1.964,1.816,0.367,0.403,1.693
1.219,1.878,1.244,1.963,1.815,0.366,0.403,1.692
1.22,1.877,1.245,1.963,1.814,0.365,0.403,1.691
1.22,1.875,1.245,1.963,1.814,0.365,0.403,1.69
1.22,1.874,1.246,1.963,1.813,0.364,0.403,1.689
1.22,1.872,1.246,1.962,1.812,0.364,0.403,1.689
1.22,1.871,1.247,1.962,1.812,0.364,0.404,1.688
1.22,1.869,1.248,1.962,1.811,0.363,0.404,1.687
1.22,1.868,1.248,1.961,1.811,0.363,0.404,1.686
1.22,1.866,1.249,1.961,1.81,0.362,0.404,1.685
1.22,1.865,1.249,1.961,1.809,0.361,0.404,1.684
1.22,1.863,1.25,1.96,1.809,0.361,0.404,1.683
1.22,1.862,1.251,1.96,1.808,0.36,0.404,1.682
1.221,1.86,1.251,1.96,1.807,0.36,0.404,1.681
1.221,1.859,1.252,1.959,1.806,0.359,0.407,1.685
1.223,1.861,1.255,1.963,1.81,0.36,0.405,1.684
1.223,1.86,1.256,1.963,1.809,0.359,0.405,1.683
1.224,1.858,1.256,1.963,1.808,0.359,0.405,1.682
1.224,1.857,1.257,1.962,1.808,0.358,0.405,1.681
1.223,1.855,1.257,1.962,1.807,0.358,0.406,1.68
1.224,1.854,1.258,1.962,1.806,0.357,0.406,1.679
1.224,1.852,1.259,1.961,1.806,0.357,0.406,1.678
1.224,1.851,1.259,1.961,1.805,0.356,0.406,1.677
1.224,1.849,1.26,1.961,1.804,0.356,0.406,1.676
1.224,1.848,1.26,1.96,1.804,0.355,0.406,1.676
1.224,1.846,1.261,1.96,1.803,0.355,0.406,1.675
1.224,1.845,1.262,1.96,1.802,0.354,0.406,1.674
1.224,1.843,1.262,1.959,1.802,0.353,0.406,1.673
1.224,1.842,1.262,1.959,1.801,0.353,0.406,1.672
1.224,1.84,1.263,1.959,1.8,0.353,0.406,1.671
1.224,1.839,1.263,1.958,1.799,0.352,0.406,1.671
1.224,1.837,1.264,1.958,1.799,0.352,0.406,1.67
1.224,1.836,1.265,1.958,1.798,0.351,0.407,1.669
1.224,1.834,1.265,1.957,1.798,0.351,0.407,1.668
1.224,1.833,1.266,1.957,1.797,0.35,0.407,1.667
1.224,1.832,1.266,1.957,1.796,0.35,0.407,1.666
1.224,1.83,1.267,1.957,1.796,0.349,0.407,1.665
1.224,1.829,1.268,1.956,1.795,0.349,0.407,1.664
1.224,1.827,1.268,1.956,1.794,0.348,0.407,1.664
1.224,1.826,1.269,1.956,1.794,0.348,0.407,1.663
1.224,1.824,1.27,1.956,1.793,0.347,0.407,1.662
1.224,1.823,1.27,1.955,1.793,0.347,0.407,1.661
1.224,1.821,1.271,1.955,1.792,0.346,0.407,1.66
1.224,1.82,1.271,1.955,1.791,0.346,0.408,1.659
1.224,1.819,1.272,1.954,1.791,0.345,0.408,1.658
1.224,1.817,1.272,1.954,1.79,0.345,0.408,1.657
1.224,1.815,1.273,1.954,1.789,0.344,0.408,1.657
1.224,1.814,1.274,1.954,1.789,0.344,0.408,1.656
1.224,1.813,1.274,1.953,1.788,0.343,0.408,1.655
1.224,1.811,1.275,1.953,1.788,0.343,0.408,1.654
1.224,1.81,1.275,1.953,1.787,0.343,0.408,1.653
1.224,1.808,1.276,1.952,1.786,0.342,0.408,1.652
1.224,1.807,1.276,1.952,1.786,0.342,0.408,1.651
1.224,1.805,1.277,1.952,1.785,0.341,0.408,1.651
1.224,1.804,1.278,1.952,1.784,0.341,0.408,1.65
1.224,1.803,1.278,1.951,1.784,0.34,0.408,1.649
1.224,1.801,1.279,1.951,1.783,0.34,0.409,1.648
1.224,1.8,1.279,1.95,1.783,0.339,0.409,1.647
1.224,1.798,1.28,1.95,1.782,0.339,0.409,1.646
1.224,1.797,1.28,1.95,1.781,0.338,0.409,1.645
1.224,1.796,1.281,1.95,1.781,0.338,0.409,1.645
1.223,1.794,1.281,1.949,1.78,0.337,0.409,1.644
1.223,1.793,1.282,1.949,1.779,0.337,0.409,1.643
1.223,1.791,1.282,1.948,1.779,0.336,0.409,1.642
1.223,1.79,1.283,1.948,1.778,0.336,0.409,1.641
1.223,1.788,1.283,1.948,1.777,0.336,0.409,1.64
1.223,1.787,1.284,1.947,1.776,0.335,0.409,1.639
1.223,1.785,1.285,1.947,1.776,0.335,0.409,1.638
1.223,1.784,1.285,1.947,1.775,0.334,0.409,1.637
1.222,1.782,1.286,1.946,1.774,0.334,0.409,1.636
1.222,1.781,1.286,1.946,1.773,0.333,0.41,1.636
1.222,1.78,1.287,1.946,1.773,0.333,0.41,1.635
1.222,1.778,1.287,1.945,1.772,0.332,0.41,1.634
1.222,1.777,1.288,1.945,1.771,0.332,0.41,1.633
1.222,1.775,1.288,1.945,1.771,0.332,0.41,1.632
1.222,1.773,1.28,1.94,1.766,0.33,0.409,1.628
1.219,1.768,1.286,1.939,1.766,0.33,0.409,1.627
1.219,1.766,1.287,1.939,1.765,0.329,0.409,1.626
1.219,1.765,1.287,1.939,1.764,0.329,0.409,1.625
1.218,1.764,1.288,1.939,1.763,0.328,0.409,1.624
1.219,1.763,1.289,1.939,1.763,0.328,0.409,1.624
1.218,1.761,1.289,1.938,1.762,0.328,0.409,1.623
1.218,1.76,1.289,1.938,1.761,0.327,0.409,1.621
1.217,1.758,1.29,1.937,1.761,0.327,0.409,1.62
1.218,1.757,1.29,1.937,1.76,0.326,0.409,1.62
1.217,1.755,1.291,1.937,1.76,0.326,0.41,1.618
1.217,1.754,1.292,1.937,1.76,0.325,0.41,1.618
1.217,1.753,1.292,1.936,1.76,0.325,0.41,1.617
1.217,1.751,1.292,1.936,1.759,0.324,0.41,1.615
1.217,1.749,1.293,1.935,1.758,0.324,0.41,1.614
1.217,1.748,1.293,1.935,1.757,0.324,0.41,1.614
1.217,1.747,1.294,1.935,1.757,0.323,0.41,1.613
1.217,1.746,1.295,1.935,1.756,0.323,0.41,1.613
1.216,1.744,1.295,1.934,1.756,0.322,0.41,1.612
1.215,1.742,1.295,1.933,1.755,0.322,0.41,1.61
1.215,1.741,1.296,1.933,1.754,0.321,0.41,1.609
1.215,1.74,1.296,1.933,1.753,0.321,0.41,1.609
1.215,1.738,1.297,1.933,1.752,0.32,0.41,1.608
1.215,1.737,1.298,1.933,1.752,0.32,0.41,1.607
1.214,1.736,1.298,1.932,1.751,0.32,0.41,1.606
1.214,1.734,1.298,1.931,1.75,0.319,0.411,1.605
1.213,1.733,1.299,1.931,1.749,0.319,0.41,1.604
1.213,1.731,1.299,1.931,1.748,0.318,0.41,1.604
1.213,1.73,1.3,1.931,1.747,0.318,0.41,1.603
1.213,1.729,1.3,1.931,1.747,0.317,0.411,1.602
1.213,1.728,1.301,1.93,1.746,0.317,0.411,1.602
1.212,1.726,1.301,1.929,1.745,0.316,0.41,1.6
1.212,1.724,1.302,1.929,1.744,0.316,0.41,1.599
1.212,1.723,1.302,1.929,1.743,0.316,0.411,1.599
1.212,1.721,1.302,1.929,1.743,0.315,0.411,1.598
1.212,1.72,1.303,1.928,1.742,0.315,0.411,1.597
1.211,1.719,1.304,1.928,1.742,0.314,0.411,1.597
1.211,1.717,1.304,1.927,1.741,0.314,0.411,1.595
1.21,1.716,1.304,1.927,1.74,0.313,0.411,1.594
1.21,1.715,1.305,1.927,1.74,0.313,0.411,1.593
1.21,1.713,1.305,1.926,1.739,0.312,0.411,1.592
1.21,1.712,1.306,1.927,1.739,0.312,0.411,1.592
1.209,1.71,1.306,1.926,1.738,0.312,0.411,1.591
1.209,1.709,1.306,1.925,1.737,0.311,0.411,1.59
1.208,1.707,1.307,1.925,1.736,0.311,0.411,1.589
1.208,1.706,1.307,1.925,1.735,0.31,0.411,1.588
1.208,1.705,1.308,1.925,1.735,0.31,0.411,1.587
1.208,1.704,1.308,1.925,1.735,0.309,0.411,1.586
1.208,1.702,1.309,1.924,1.734,0.309,0.411,1.585
1.207,1.701,1.309,1.923,1.733,0.309,0.411,1.584
1.207,1.699,1.309,1.923,1.732,0.308,0.411,1.583
1.207,1.698,1.31,1.923,1.732,0.308,0.411,1.583
1.206,1.697,1.31,1.923,1.731,0.307,0.411,1.582
1.207,1.696,1.311,1.923,1.731,0.307,0.411,1.581
1.206,1.695,1.311,1.922,1.73,0.307,0.411,1.58
1.205,1.693,1.312,1.922,1.73,0.306,0.411,1.579
1.205,1.692,1.312,1.921,1.729,0.306,0.411,1.578
1.205,1.691,1.312,1.921,1.729,0.305,0.411,1.577
1.205,1.689,1.313,1.921,1.728,0.305,0.412,1.576
1.204,1.688,1.314,1.921,1.728,0.304,0.412,1.576
1.204,1.687,1.314,1.921,1.727,0.304,0.412,1.575
1.203,1.686,1.314,1.92,1.727,0.304,0.411,1.573
1.203,1.684,1.314,1.92,1.726,0.303,0.411,1.572
1.203,1.683,1.315,1.92,1.726,0.303,0.412,1.576
1.205,1.686,1.318,1.924,1.729,0.303,0.412,1.574
1.205,1.685,1.319,1.924,1.729,0.303,0.413,1.573
1.205,1.684,1.319,1.923,1.728,0.302,0.412,1.573
1.204,1.683,1.32,1.923,1.728,0.302,0.413,1.572
1.204,1.681,1.32,1.923,1.727,0.302,0.413,1.571
1.204,1.68,1.321,1.923,1.727,0.301,0.413,1.57
1.203,1.679,1.321,1.922,1.726,0.301,0.413,1.569
1.203,1.678,1.322,1.922,1.726,0.301,0.413,1.568
1.203,1.677,1.322,1.922,1.726,0.3,0.413,1.567
1.203,1.676,1.323,1.922,1.725,0.3,0.413,1.567
1.202,1.675,1.323,1.922,1.725,0.299,0.413,1.566
1.202,1.674,1.324,1.921,1.724,0.299,0.413,1.565
1.202,1.673,1.324,1.921,1.724,0.299,0.413,1.564
1.201,1.671,1.325,1.921,1.723,0.298,0.413,1.563
1.201,1.67,1.325,1.92,1.722,0.298,0.413,1.563
1.201,1.669,1.325,1.92,1.722,0.298,0.413,1.562
1.2,1.668,1.326,1.92,1.721,0.297,0.413,1.561
1.2,1.667,1.326,1.92,1.721,0.297,0.413,1.56
1.2,1.665,1.327,1.919,1.72,0.297,0.413,1.559
1.199,1.664,1.327,1.919,1.72,0.296,0.413,1.558
1.199,1.664,1.328,1.919,1.719,0.296,0.413,1.557
1.199,1.662,1.328,1.919,1.718,0.296,0.414,1.557
1.198,1.661,1.329,1.918,1.718,0.295,0.414,1.556
1.198,1.66,1.328,1.917,1.716,0.295,0.413,1.555
1.197,1.658,1.329,1.917,1.717,0.295,0.413,1.554
1.197,1.657,1.33,1.917,1.716,0.294,0.414,1.553
1.197,1.656,1.33,1.916,1.716,0.294,0.414,1.552
1.196,1.655,1.33,1.916,1.715,0.294,0.414,1.551
1.196,1.654,1.331,1.916,1.715,0.293,0.414,1.55
1.196,1.653,1.331,1.916,1.714,0.293,0.414,1.549
1.195,1.651,1.332,1.916,1.714,0.293,0.414,1.549
1.195,1.651,1.332,1.916,1.713,0.292,0.414,1.548
1.195,1.649,1.333,1.915,1.713,0.292,0.414,1.547
1.194,1.648,1.333,1.915,1.713,0.292,0.414,1.546
1.194,1.647,1.334,1.915,1.712,0.291,0.414,1.545
1.194,1.647,1.334,1.915,1.711,0.291,0.414,1.545
1.194,1.645,1.335,1.915,1.711,0.291,0.414,1.544
1.193,1.644,1.335,1.914,1.71,0.29,0.414,1.543
1.193,1.643,1.335,1.914,1.709,0.29,0.414,1.542
1.192,1.642,1.336,1.914,1.709,0.29,0.414,1.541
1.192,1.641,1.336,1.913,1.708,0.289,0.414,1.54
1.191,1.64,1.337,1.913,1.707,0.289,0.414,1.539
1.191,1.639,1.337,1.912,1.706,0.289,0.414,1.539
1.191,1.638,1.338,1.913,1.706,0.288,0.414,1.538
1.191,1.637,1.338,1.912,1.706,0.288,0.414,1.537
1.19,1.636,1.339,1.912,1.705,0.288,0.414,1.537
1.19,1.635,1.339,1.912,1.704,0.287,0.415,1.536
1.189,1.634,1.339,1.912,1.704,0.287,0.414,1.535
1.189,1.633,1.34,1.912,1.703,0.287,0.415,1.534
1.189,1.632,1.34,1.912,1.703,0.286,0.414,1.534
1.188,1.631,1.341,1.911,1.702,0.286,0.415,1.532
1.188,1.63,1.341,1.911,1.701,0.286,0.415,1.532
1.188,1.629,1.342,1.911,1.701,0.286,0.415,1.531
1.187,1.628,1.342,1.91,1.7,0.285,0.415,1.53
1.187,1.627,1.342,1.91,1.7,0.285,0.415,1.529
1.187,1.626,1.343,1.91,1.699,0.285,0.415,1.528
1.186,1.625,1.343,1.91,1.699,0.284,0.415,1.528
1.186,1.624,1.343,1.91,1.699,0.284,0.415,1.527
1.186,1.623,1.344,1.91,1.698,0.284,0.415,1.526
1.185,1.622,1.345,1.909,1.698,0.284,0.415,1.525
1.185,1.621,1.345,1.909,1.698,0.283,0.415,1.524
1.184,1.62,1.345,1.909,1.697,0.283,0.415,1.523
1.184,1.619,1.346,1.909,1.697,0.283,0.415,1.522
1.184,1.619,1.346,1.909,1.696,0.283,0.415,1.522
1.183,1.618,1.346,1.908,1.696,0.282,0.415,1.521
1.183,1.617,1.347,1.908,1.695,0.282,0.415,1.521
1.183,1.616,1.348,1.908,1.695,0.282,0.415,1.52
1.182,1.615,1.348,1.908,1.695,0.281,0.415,1.519
1.182,1.615,1.348,1.908,1.694,0.281,0.415,1.518
1.181,1.614,1.349,1.908,1.694,0.281,0.415,1.518
1.181,1.613,1.349,1.908,1.693,0.281,0.415,1.517
1.181,1.612,1.35,1.908,1.693,0.28,0.415,1.516
1.18,1.611,1.35,1.908,1.692,0.28,0.415,1.516
1.18,1.611,1.351,1.907,1.692,0.28,0.416,1.515
1.18,1.61,1.351,1.907,1.692,0.279,0.416,1.514
1.179,1.609,1.351,1.907,1.691,0.279,0.416,1.513
1.179,1.608,1.352,1.907,1.691,0.279,0.416,1.512
1.178,1.607,1.352,1.907,1.69,0.279,0.416,1.512
1.178,1.606,1.353,1.906,1.689,0.278,0.416,1.511
1.177,1.605,1.353,1.906,1.689,0.278,0.416,1.51
1.177,1.604,1.354,1.906,1.688,0.278,0.416,1.509
1.177,1.604,1.354,1.905,1.688,0.277,0.416,1.509
1.176,1.602,1.354,1.905,1.687,0.277,0.416,1.508
1.176,1.602,1.355,1.904,1.686,0.277,0.416,1.507
1.176,1.601,1.355,1.904,1.686,0.277,0.416,1.507
1.175,1.6,1.355,1.904,1.685,0.276,0.416,1.506
1.175,1.599,1.356,1.903,1.684,0.276,0.416,1.505
1.174,1.598,1.356,1.903,1.684,0.276,0.416,1.504
1.174,1.597,1.357,1.903,1.683,0.275,0.416,1.504
1.173,1.596,1.357,1.902,1.683,0.275,0.416,1.503
1.173,1.595,1.357,1.902,1.682,0.275,0.416,1.502
1.173,1.594,1.358,1.901,1.682,0.275,0.416,1.501
1.172,1.593,1.358,1.901,1.681,0.274,0.416,1.501
1.172,1.592,1.359,1.901,1.681,0.274,0.416,1.5
1.172,1.591,1.359,1.901,1.681,0.274,0.416,1.499
1.171,1.59,1.359,1.9,1.68,0.273,0.416,1.499
1.171,1.589,1.36,1.9,1.679,0.273,0.416,1.498
1.17,1.588,1.36,1.899,1.679,0.273,0.416,1.497
1.17,1.587,1.361,1.899,1.678,0.273,0.416,1.496
1.169,1.586,1.361,1.899,1.677,0.272,0.416,1.495
1.169,1.585,1.361,1.898,1.677,0.272,0.416,1.495
1.169,1.584,1.362,1.898,1.677,0.272,0.416,1.494
1.168,1.583,1.362,1.898,1.676,0.272,0.416,1.493
1.168,1.582,1.362,1.898,1.676,0.271,0.416,1.493
1.167,1.581,1.363,1.897,1.675,0.271,0.416,1.492
1.167,1.58,1.363,1.897,1.674,0.271,0.417,1.491
1.167,1.579,1.363,1.897,1.674,0.27,0.417,1.49
1.166,1.578,1.364,1.897,1.673,0.27,0.417,1.49
1.166,1.577,1.364,1.896,1.673,0.27,0.417,1.489
1.165,1.576,1.365,1.896,1.672,0.269,0.417,1.488
1.165,1.575,1.365,1.895,1.671,0.269,0.416,1.487
1.165,1.574,1.365,1.895,1.671,0.269,0.417,1.487
1.164,1.573,1.366,1.894,1.671,0.269,0.417,1.486
1.164,1.572,1.366,1.894,1.67,0.268,0.417,1.485
1.163,1.572,1.366,1.894,1.67,0.268,0.416,1.484
1.163,1.57,1.367,1.893,1.669,0.268,0.417,1.484
1.162,1.569,1.367,1.893,1.669,0.268,0.417,1.483
1.162,1.568,1.368,1.893,1.668,0.267,0.417,1.482
1.162,1.567,1.368,1.892,1.668,0.267,0.417,1.481
1.161,1.566,1.368,1.892,1.667,0.267,0.417,1.481
1.161,1.565,1.369,1.892,1.667,0.266,0.417,1.48
1.16,1.564,1.369,1.891,1.667,0.266,0.417,1.479
1.16,1.563,1.369,1.891,1.666,0.266,0.417,1.478
1.16,1.562,1.37,1.891,1.666,0.266,0.417,1.478
1.159,1.561,1.37,1.89,1.665,0.265,0.417,1.477
1.159,1.56,1.37,1.89,1.665,0.265,0.417,1.476
1.158,1.559,1.371,1.89,1.665,0.265,0.417,1.476
1.158,1.559,1.371,1.889,1.664,0.265,0.417,1.475
1.157,1.558,1.372,1.889,1.663,0.264,0.417,1.474
1.157,1.557,1.372,1.889,1.663,0.264,0.417,1.473
1.157,1.555,1.372,1.888,1.663,0.264,0.417,1.472
1.156,1.554,1.372,1.888,1.662,0.263,0.417,1.472
1.156,1.554,1.373,1.888,1.661,0.263,0.417,1.471
1.155,1.553,1.373,1.887,1.661,0.263,0.417,1.47
1.155,1.552,1.373,1.887,1.66,0.262,0.417,1.47
1.154,1.55,1.374,1.887,1.66,0.262,0.417,1.469
1.154,1.549,1.374,1.886,1.659,0.262,0.417,1.468
1.153,1.549,1.374,1.886,1.659,0.262,0.417,1.467
1.153,1.548,1.375,1.886,1.658,0.261,0.417,1.467
1.153,1.547,1.375,1.885,1.658,0.261,0.417,1.466
1.152,1.546,1.376,1.885,1.657,0.261,0.417,1.465
1.152,1.545,1.376,1.885,1.657,0.261,0.417,1.465
1.151,1.544,1.376,1.884,1.656,0.26,0.417,1.464
1.151,1.543,1.376,1.884,1.656,0.26,0.417,1.463
1.15,1.542,1.377,1.884,1.655,0.26,0.417,1.462
1.15,1.541,1.377,1.883,1.655,0.259,0.417,1.462
1.149,1.54,1.377,1.883,1.654,0.259,0.417,1.461
1.149,1.539,1.378,1.883,1.654,0.259,0.417,1.46
1.148,1.538,1.378,1.883,1.653,0.259,0.417,1.459
1.148,1.537,1.378,1.882,1.653,0.258,0.417,1.459
1.148,1.536,1.379,1.882,1.652,0.258,0.417,1.458
1.147,1.535,1.379,1.881,1.652,0.258,0.417,1.457
1.147,1.534,1.379,1.881,1.651,0.258,0.417,1.457
1.146,1.533,1.379,1.881,1.651,0.257,0.417,1.456
1.146,1.532,1.38,1.88,1.65,0.257,0.417,1.455
1.145,1.532,1.38,1.88,1.65,0.257,0.417,1.454
1.145,1.531,1.381,1.88,1.649,0.257,0.417,1.454
1.144,1.53,1.381,1.879,1.649,0.256,0.417,1.453
1.144,1.529,1.381,1.879,1.648,0.256,0.417,1.452
1.143,1.528,1.381,1.879,1.648,0.256,0.417,1.451
1.143,1.527,1.382,1.878,1.647,0.256,0.417,1.451
1.142,1.526,1.382,1.878,1.647,0.255,0.417,1.45
1.142,1.525,1.382,1.878,1.646,0.255,0.417,1.449
1.142,1.524,1.383,1.877,1.646,0.255,0.418,1.449
1.141,1.523,1.383,1.877,1.645,0.254,0.417,1.448
1.141,1.522,1.383,1.877,1.645,0.254,0.418,1.447
1.14,1.521,1.384,1.876,1.644,0.254,0.417,1.446
1.139,1.52,1.384,1.876,1.644,0.254,0.418,1.446
1.139,1.519,1.384,1.875,1.643,0.253,0.417,1.445
1.139,1.518,1.384,1.875,1.643,0.253,0.417,1.444
1.138,1.517,1.385,1.875,1.642,0.253,0.417,1.444
1.138,1.516,1.385,1.874,1.642,0.253,0.417,1.443
1.137,1.515,1.385,1.874,1.641,0.252,0.418,1.442
1.137,1.514,1.386,1.874,1.641,0.252,0.417,1.441
1.136,1.513,1.386,1.873,1.64,0.252,0.417,1.441
1.136,1.512,1.386,1.873,1.64,0.252,0.418,1.44
1.135,1.511,1.386,1.872,1.639,0.251,0.418,1.439
1.135,1.51,1.386,1.872,1.639,0.251,0.418,1.439
1.135,1.509,1.387,1.872,1.638,0.251,0.418,1.438
1.134,1.508,1.387,1.872,1.638,0.25,0.418,1.437
1.134,1.508,1.388,1.871,1.637,0.25,0.418,1.437
1.133,1.506,1.388,1.871,1.637,0.25,0.418,1.436
1.132,1.506,1.388,1.87,1.636,0.25,0.418,1.436
1.132,1.505,1.389,1.87,1.636,0.249,0.418,1.435
1.132,1.504,1.389,1.87,1.635,0.249,0.418,1.434
1.131,1.503,1.389,1.87,1.635,0.249,0.418,1.433
1.131,1.502,1.389,1.869,1.634,0.249,0.418,1.433
1.13,1.501,1.39,1.869,1.634,0.248,0.418,1.432
1.13,1.5,1.39,1.868,1.633,0.248,0.418,1.431
1.129,1.499,1.39,1.868,1.632,0.248,0.418,1.431
1.129,1.498,1.391,1.868,1.632,0.248,0.418,1.43
1.128,1.497,1.391,1.867,1.632,0.247,0.418,1.429
1.128,1.496,1.391,1.867,1.631,0.247,0.418,1.428
1.127,1.495,1.391,1.867,1.631,0.247,0.418,1.428
1.127,1.494,1.392,1.866,1.63,0.247,0.418,1.427
1.126,1.493,1.392,1.866,1.63,0.246,0.418,1.426
1.126,1.492,1.392,1.866,1.629,0.246,0.418,1.426
1.125,1.491,1.392,1.865,1.628,0.246,0.418,1.425
1.125,1.49,1.392,1.865,1.628,0.246,0.418,1.424
1.124,1.489,1.393,1.864,1.628,0.245,0.418,1.424
1.124,1.489,1.393,1.864,1.627,0.245,0.418,1.423
1.123,1.487,1.394,1.864,1.627,0.245,0.418,1.422
1.123,1.487,1.394,1.863,1.626,0.245,0.418,1.421
1.122,1.486,1.394,1.863,1.625,0.244,0.418,1.421
1.122,1.485,1.394,1.863,1.625,0.244,0.418,1.42
1.122,1.484,1.395,1.862,1.625,0.244,0.418,1.419
1.121,1.483,1.395,1.862,1.624,0.244,0.418,1.419
1.12,1.482,1.395,1.862,1.623,0.243,0.418,1.418
1.12,1.481,1.395,1.861,1.623,0.243,0.418,1.417
1.12,1.48,1.395,1.861,1.623,0.243,0.418,1.417
1.119,1.479,1.396,1.861,1.622,0.242,0.418,1.416
1.119,1.478,1.396,1.86,1.622,0.242,0.418,1.416
1.118,1.477,1.396,1.86,1.621,0.242,0.418,1.415
1.118,1.476,1.397,1.859,1.62,0.242,0.418,1.414
1.117,1.475,1.397,1.859,1.62,0.242,0.418,1.413
1.117,1.474,1.397,1.859,1.62,0.241,0.418,1.413
1.116,1.473,1.397,1.858,1.619,0.241,0.418,1.412
1.116,1.473,1.398,1.858,1.618,0.241,0.418,1.412
1.115,1.472,1.398,1.858,1.618,0.24,0.418,1.41
1.115,1.471,1.398,1.857,1.617,0.24,0.418,1.41
1.114,1.47,1.398,1.857,1.617,0.24,0.418,1.409
1.114,1.469,1.398,1.856,1.616,0.24,0.418,1.409
1.113,1.468,1.399,1.856,1.616,0.24,0.418,1.408
1.113,1.467,1.399,1.856,1.615,0.239,0.418,1.407
1.112,1.466,1.399,1.855,1.615,0.239,0.418,1.407
1.112,1.465,1.4,1.855,1.614,0.239,0.418,1.406
1.111,1.464,1.4,1.855,1.614,0.239,0.418,1.406
1.111,1.463,1.4,1.855,1.613,0.238,0.418,1.405
1.11,1.462,1.4,1.854,1.613,0.238,0.418,1.404
1.11,1.461,1.401,1.854,1.612,0.238,0.418,1.404
1.109,1.46,1.401,1.853,1.612,0.238,0.418,1.403
1.109,1.459,1.401,1.853,1.611,0.238,0.418,1.402
1.108,1.459,1.402,1.853,1.611,0.237,0.418,1.401
1.108,1.458,1.402,1.852,1.61,0.237,0.418,1.401
1.107,1.457,1.402,1.852,1.61,0.237,0.418,1.4
1.107,1.456,1.402,1.852,1.609,0.236,0.418,1.4
1.106,1.455,1.402,1.851,1.609,0.236,0.418,1.399
1.106,1.454,1.403,1.851,1.608,0.236,0.418,1.398
1.105,1.453,1.403,1.851,1.608,0.236,0.418,1.398
1.105,1.452,1.403,1.85,1.607,0.236,0.418,1.397
1.104,1.451,1.404,1.85,1.607,0.235,0.418,1.396
1.104,1.451,1.404,1.85,1.606,0.235,0.418,1.396
1.103,1.449,1.404,1.849,1.606,0.235,0.418,1.395
1.103,1.448,1.404,1.849,1.605,0.234,0.418,1.394
1.102,1.448,1.404,1.848,1.605,0.234,0.418,1.394
1.102,1.447,1.405,1.848,1.604,0.234,0.418,1.393
1.101,1.446,1.405,1.847,1.604,0.234,0.418,1.392
1.101,1.445,1.405,1.847,1.604,0.234,0.418,1.392
1.1,1.444,1.405,1.847,1.603,0.233,0.418,1.391
1.1,1.443,1.406,1.847,1.603,0.233,0.418,1.39
1.099,1.442,1.406,1.846,1.602,0.233,0.418,1.39
1.099,1.441,1.406,1.846,1.602,0.233,0.418,1.389
1.098,1.44,1.407,1.846,1.601,0.232,0.418,1.389
1.098,1.44,1.407,1.845,1.601,0.232,0.418,1.388
1.098,1.439,1.407,1.845,1.601,0.232,0.418,1.387
1.097,1.438,1.407,1.845,1.6,0.232,0.418,1.386
1.096,1.437,1.407,1.844,1.599,0.232,0.418,1.386
1.096,1.436,1.408,1.844,1.599,0.231,0.418,1.385
1.096,1.435,1.408,1.844,1.598,0.231,0.418,1.385
1.095,1.434,1.408,1.843,1.598,0.231,0.418,1.384
1.095,1.434,1.408,1.843,1.598,0.231,0.418,1.383
1.094,1.433,1.409,1.843,1.597,0.231,0.418,1.382
1.093,1.432,1.409,1.842,1.597,0.23,0.418,1.382
1.093,1.431,1.409,1.842,1.596,0.23,0.418,1.381
1.093,1.43,1.409,1.841,1.596,0.23,0.418,1.381
1.092,1.429,1.41,1.841,1.595,0.23,0.418,1.38
1.091,1.428,1.41,1.841,1.595,0.229,0.418,1.379
1.091,1.427,1.41,1.841,1.594,0.229,0.418,1.379
1.09,1.427,1.41,1.84,1.594,0.229,0.418,1.378
1.09,1.426,1.41,1.84,1.593,0.229,0.418,1.377
1.089,1.425,1.411,1.839,1.593,0.229,0.418,1.376
1.089,1.424,1.411,1.839,1.592,0.228,0.418,1.376
1.088,1.423,1.411,1.839,1.592,0.228,0.418,1.375
1.088,1.422,1.411,1.838,1.591,0.228,0.418,1.375
1.087,1.421,1.411,1.838,1.591,0.228,0.418,1.374
1.087,1.42,1.412,1.838,1.59,0.227,0.418,1.373
1.086,1.42,1.412,1.837,1.59,0.227,0.418,1.373
1.086,1.419,1.412,1.837,1.59,0.227,0.418,1.372
1.085,1.418,1.412,1.837,1.589,0.227,0.418,1.371
1.085,1.417,1.413,1.837,1.589,0.227,0.418,1.371
1.084,1.416,1.413,1.836,1.588,0.226,0.417,1.37
1.084,1.415,1.413,1.836,1.588,0.226,0.418,1.37
1.083,1.415,1.413,1.836,1.587,0.226,0.418,1.369
1.083,1.414,1.413,1.835,1.587,0.226,0.418,1.368
1.082,1.413,1.414,1.835,1.586,0.225,0.418,1.368
1.082,1.412,1.414,1.834,1.586,0.225,0.418,1.367
1.081,1.411,1.414,1.834,1.585,0.225,0.418,1.366
1.081,1.41,1.414,1.834,1.585,0.225,0.418,1.366
1.08,1.41,1.415,1.833,1.584,0.225,0.418,1.365
1.08,1.409,1.415,1.833,1.584,0.224,0.418,1.364
1.079,1.408,1.415,1.833,1.583,0.224,0.418,1.364
1.079,1.407,1.415,1.832,1.583,0.224,0.418,1.363
1.078,1.406,1.415,1.832,1.582,0.224,0.418,1.363
1.078,1.405,1.416,1.832,1.582,0.223,0.418,1.362
1.077,1.405,1.416,1.831,1.582,0.223,0.418,1.362
1.077,1.404,1.416,1.831,1.581,0.223,0.418,1.361
1.076,1.403,1.417,1.831,1.581,0.223,0.418,1.36
1.076,1.402,1.416,1.831,1.58,0.223,0.418,1.359
1.075,1.401,1.417,1.83,1.58,0.223,0.418,1.359
1.075,1.401,1.417,1.83,1.579,0.222,0.418,1.358
1.074,1.4,1.417,1.829,1.579,0.222,0.418,1.358
1.074,1.399,1.417,1.829,1.578,0.222,0.418,1.357
1.073,1.398,1.418,1.829,1.578,0.222,0.418,1.356
1.073,1.397,1.418,1.828,1.577,0.222,0.418,1.356
1.072,1.397,1.418,1.828,1.577,0.221,0.418,1.355
1.072,1.396,1.418,1.828,1.577,0.221,0.418,1.355
1.071,1.395,1.418,1.828,1.576,0.221,0.418,1.354
1.071,1.394,1.419,1.827,1.576,0.221,0.418,1.353
1.07,1.394,1.419,1.827,1.575,0.22,0.418,1.353
1.07,1.393,1.419,1.827,1.575,0.22,0.418,1.352
1.07,1.392,1.419,1.827,1.575,0.22,0.418,1.352
1.069,1.391,1.42,1.826,1.574,0.22,0.418,1.351
1.069,1.39,1.42,1.826,1.574,0.22,0.418,1.35
1.068,1.39,1.42,1.825,1.573,0.22,0.418,1.35
1.067,1.389,1.42,1.825,1.573,0.219,0.418,1.349
1.067,1.388,1.42,1.825,1.572,0.219,0.418,1.348
1.066,1.387,1.421,1.825,1.572,0.219,0.418,1.348
1.066,1.387,1.421,1.824,1.571,0.219,0.418,1.347
1.065,1.386,1.421,1.824,1.571,0.219,0.418,1.347
1.065,1.385,1.421,1.823,1.571,0.218,0.418,1.346
1.064,1.384,1.421,1.823,1.57,0.218,0.418,1.345
1.064,1.384,1.422,1.823,1.57,0.218,0.418,1.345
1.064,1.383,1.422,1.823,1.569,0.218,0.418,1.344
1.063,1.382,1.422,1.822,1.569,0.218,0.418,1.344
1.063,1.382,1.422,1.822,1.569,0.217,0.418,1.343
1.062,1.381,1.423,1.822,1.568,0.217,0.418,1.342
1.061,1.38,1.423,1.821,1.568,0.217,0.418,1.342
1.061,1.379,1.423,1.821,1.567,0.217,0.418,1.341
1.061,1.378,1.423,1.821,1.567,0.217,0.418,1.341
1.06,1.378,1.423,1.821,1.567,0.216,0.417,1.34
1.06,1.377,1.424,1.82,1.566,0.216,0.418,1.339
1.059,1.376,1.424,1.82,1.566,0.216,0.418,1.339
1.059,1.375,1.424,1.82,1.565,0.216,0.418,1.338
1.058,1.375,1.424,1.819,1.565,0.216,0.418,1.337
1.057,1.374,1.424,1.819,1.564,0.215,0.417,1.337
1.057,1.373,1.424,1.819,1.564,0.215,0.418,1.336
1.057,1.373,1.425,1.818,1.563,0.215,0.418,1.336
1.056,1.372,1.425,1.818,1.563,0.215,0.418,1.335
1.056,1.371,1.425,1.818,1.562,0.215,0.418,1.335
1.055,1.371,1.426,1.818,1.562,0.215,0.417,1.334
1.055,1.37,1.426,1.817,1.562,0.214,0.417,1.334
1.054,1.369,1.426,1.817,1.561,0.214,0.417,1.333
1.054,1.368,1.426,1.816,1.561,0.214,0.418,1.332
1.053,1.367,1.426,1.816,1.56,0.214,0.418,1.332
1.053,1.367,1.426,1.816,1.56,0.214,0.418,1.331
1.052,1.366,1.426,1.816,1.56,0.213,0.417,1.33
1.052,1.365,1.427,1.816,1.559,0.213,0.417,1.33
1.051,1.365,1.427,1.815,1.559,0.213,0.417,1.329
1.051,1.364,1.427,1.815,1.558,0.213,0.418,1.329
1.05,1.363,1.427,1.814,1.558,0.213,0.417,1.328
1.05,1.363,1.428,1.815,1.558,0.212,0.418,1.327
1.049,1.362,1.428,1.814,1.557,0.212,0.417,1.327
1.049,1.361,1.428,1.814,1.557,0.212,0.417,1.326
1.048,1.361,1.428,1.813,1.556,0.212,0.417,1.326
1.048,1.36,1.428,1.813,1.556,0.212,0.417,1.325
1.047,1.359,1.429,1.813,1.555,0.211,0.417,1.325
1.046,1.358,1.429,1.813,1.555,0.211,0.417,1.324
1.046,1.358,1.429,1.812,1.554,0.211,0.417,1.323
1.046,1.357,1.429,1.812,1.554,0.211,0.417,1.323
1.045,1.356,1.429,1.811,1.554,0.211,0.417,1.322
1.044,1.356,1.429,1.811,1.553,0.211,0.417,1.321
1.044,1.355,1.429,1.811,1.553,0.21,0.417,1.321
1.044,1.354,1.43,1.811,1.552,0.21,0.417,1.32
1.043,1.354,1.43,1.81,1.552,0.21,0.417,1.32
1.043,1.353,1.43,1.81,1.552,0.21,0.417,1.319
1.042,1.352,1.43,1.81,1.551,0.21,0.417,1.318
1.042,1.351,1.43,1.809,1.551,0.209,0.417,1.318
1.041,1.351,1.431,1.809,1.55,0.209,0.417,1.317
1.041,1.35,1.43,1.809,1.55,0.209,0.417,1.317
1.04,1.349,1.431,1.808,1.549,0.209,0.417,1.316
1.04,1.349,1.431,1.808,1.549,0.209,0.417,1.316
1.039,1.348,1.431,1.808,1.549,0.209,0.417,1.315
1.039,1.347,1.431,1.807,1.548,0.209,0.417,1.314
1.038,1.347,1.432,1.807,1.548,0.208,0.417,1.314
1.038,1.346,1.432,1.807,1.547,0.208,0.417,1.313
1.037,1.345,1.432,1.806,1.547,0.208,0.417,1.313
1.037,1.345,1.432,1.806,1.546,0.208,0.417,1.313
1.036,1.344,1.432,1.806,1.546,0.208,0.417,1.311
1.035,1.343,1.433,1.806,1.546,0.207,0.417,1.311
1.035,1.343,1.432,1.806,1.545,0.207,0.417,1.31
1.035,1.342,1.433,1.805,1.545,0.207,0.417,1.31
1.034,1.342,1.433,1.805,1.545,0.207,0.417,1.309
1.034,1.341,1.433,1.805,1.544,0.207,0.417,1.309
1.033,1.34,1.433,1.804,1.544,0.206,0.417,1.308
1.033,1.339,1.434,1.804,1.543,0.206,0.417,1.308
1.032,1.339,1.434,1.804,1.543,0.206,0.417,1.307
1.032,1.338,1.434,1.803,1.543,0.206,0.417,1.306
1.031,1.338,1.434,1.803,1.542,0.206,0.417,1.306
1.031,1.337,1.434,1.803,1.542,0.206,0.417,1.305
1.03,1.336,1.434,1.803,1.542,0.205,0.417,1.305
1.03,1.336,1.434,1.803,1.541,0.205,0.417,1.304
1.029,1.335,1.435,1.802,1.541,0.205,0.417,1.304
1.029,1.334,1.435,1.802,1.54,0.205,0.417,1.303
1.028,1.334,1.435,1.802,1.54,0.205,0.417,1.303
1.028,1.333,1.435,1.802,1.54,0.205,0.417,1.302
1.027,1.333,1.435,1.801,1.539,0.204,0.417,1.301
1.027,1.332,1.436,1.801,1.539,0.204,0.417,1.301
1.026,1.331,1.436,1.801,1.538,0.204,0.417,1.3
1.026,1.331,1.436,1.8,1.538,0.204,0.417,1.3
1.025,1.33,1.436,1.8,1.537,0.204,0.417,1.299
1.025,1.329,1.436,1.8,1.537,0.204,0.417,1.299
1.024,1.329,1.436,1.799,1.537,0.204,0.417,1.298
1.024,1.328,1.437,1.799,1.536,0.203,0.417,1.298
1.023,1.328,1.437,1.799,1.536,0.203,0.417,1.297
1.023,1.327,1.437,1.799,1.535,0.203,0.417,1.297
1.022,1.327,1.437,1.799,1.535,0.203,0.417,1.296
1.022,1.326,1.437,1.798,1.535,0.203,0.417,1.295
1.021,1.325,1.437,1.798,1.535,0.203,0.417,1.295
1.021,1.325,1.438,1.798,1.534,0.202,0.417,1.294
1.02,1.324,1.438,1.797,1.533,0.202,0.417,1.294
1.02,1.323,1.438,1.797,1.533,0.202,0.417,1.293
1.019,1.323,1.438,1.797,1.533,0.202,0.417,1.293
1.019,1.322,1.438,1.797,1.532,0.202,0.417,1.292
1.019,1.321,1.438,1.796,1.532,0.201,0.417,1.291
1.018,1.321,1.439,1.796,1.532,0.201,0.417,1.291
1.018,1.32,1.439,1.796,1.532,0.201,0.417,1.29
1.017,1.32,1.439,1.796,1.531,0.201,0.417,1.29
1.017,1.319,1.439,1.795,1.531,0.201,0.417,1.289
1.016,1.319,1.439,1.795,1.53,0.201,0.417,1.289
1.016,1.318,1.439,1.795,1.53,0.2,0.417,1.288
1.015,1.317,1.44,1.794,1.529,0.2,0.417,1.288
1.015,1.317,1.44,1.794,1.529,0.2,0.417,1.287
1.014,1.316,1.44,1.794,1.529,0.2,0.417,1.286
1.013,1.316,1.44,1.794,1.528,0.2,0.416,1.286
1.013,1.315,1.44,1.793,1.528,0.2,0.416,1.285
1.013,1.315,1.44,1.793,1.528,0.2,0.416,1.285
1.012,1.314,1.44,1.793,1.527,0.199,0.417,1.284
1.012,1.313,1.441,1.792,1.526,0.199,0.416,1.284
1.011,1.313,1.441,1.792,1.526,0.199,0.417,1.283
1.011,1.312,1.441,1.792,1.526,0.199,0.416,1.283
1.01,1.312,1.441,1.791,1.525,0.199,0.416,1.282
1.01,1.311,1.441,1.791,1.525,0.199,0.416,1.281
1.009,1.311,1.441,1.791,1.525,0.198,0.416,1.281
1.009,1.31,1.441,1.791,1.524,0.198,0.416,1.28
1.008,1.309,1.442,1.791,1.524,0.198,0.416,1.28
1.008,1.309,1.442,1.791,1.524,0.198,0.416,1.28
1.007,1.308,1.442,1.79,1.523,0.198,0.416,1.279
1.007,1.308,1.442,1.79,1.523,0.198,0.416,1.278
1.007,1.307,1.442,1.79,1.522,0.198,0.416,1.278
1.006,1.307,1.442,1.789,1.522,0.197,0.416,1.277
1.005,1.306,1.443,1.789,1.522,0.197,0.416,1.277
1.005,1.306,1.443,1.789,1.522,0.197,0.416,1.276
1.004,1.305,1.442,1.788,1.521,0.197,0.416,1.276
1.004,1.305,1.443,1.788,1.521,0.197,0.416,1.275
1.004,1.304,1.443,1.788,1.52,0.197,0.416,1.275
1.003,1.303,1.443,1.788,1.52,0.197,0.416,1.274
1.003,1.303,1.443,1.788,1.52,0.196,0.416,1.274
1.002,1.302,1.444,1.787,1.519,0.196,0.416,1.273
1.002,1.302,1.444,1.787,1.519,0.196,0.416,1.272
1.001,1.301,1.444,1.787,1.519,0.196,0.416,1.272
1.001,1.301,1.444,1.786,1.518,0.196,0.416,1.272
1.0,1.3,1.444,1.786,1.518,0.196,0.416,1.271
1.0,1.3,1.444,1.786,1.518,0.195,0.416,1.27
0.999,1.299,1.444,1.786,1.517,0.195,0.416,1.27
0.999,1.299,1.445,1.786,1.517,0.195,0.416,1.27
0.998,1.298,1.445,1.785,1.517,0.195,0.416,1.269
0.998,1.297,1.445,1.785,1.517,0.195,0.416,1.268
0.997,1.297,1.445,1.785,1.516,0.195,0.416,1.268
0.997,1.296,1.445,1.784,1.516,0.195,0.416,1.267
0.997,1.296,1.445,1.784,1.515,0.195,0.416,1.267
0.996,1.295,1.445,1.784,1.515,0.194,0.416,1.266
0.996,1.295,1.446,1.784,1.515,0.194,0.416,1.266
0.995,1.294,1.446,1.783,1.514,0.194,0.416,1.265
0.995,1.294,1.446,1.783,1.514,0.194,0.416,1.265
0.994,1.293,1.446,1.783,1.514,0.194,0.416,1.264
0.994,1.293,1.446,1.783,1.513,0.194,0.416,1.264
0.993,1.292,1.446,1.782,1.513,0.194,0.416,1.263
0.993,1.292,1.446,1.782,1.512,0.193,0.416,1.263
0.992,1.291,1.446,1.782,1.512,0.193,0.416,1.262
0.992,1.291,1.447,1.782,1.512,0.193,0.416,1.262
0.991,1.29,1.447,1.781,1.511,0.193,0.416,1.261
0.991,1.29,1.447,1.781,1.511,0.193,0.416,1.261
0.991,1.289,1.447,1.781,1.51,0.193,0.416,1.26
0.99,1.289,1.447,1.78,1.51,0.193,0.416,1.259
0.99,1.288,1.448,1.78,1.51,0.192,0.416,1.259
0.989,1.288,1.448,1.78,1.51,0.192,0.416,1.259
0.989,1.287,1.448,1.78,1.509,0.192,0.416,1.258
0.988,1.286,1.448,1.78,1.509,0.192,0.416,1.258
0.988,1.286,1.448,1.779,1.508,0.192,0.416,1.257
0.987,1.286,1.448,1.779,1.508,0.192,0.416,1.257
0.987,1.285,1.448,1.779,1.508,0.192,0.416,1.256
0.986,1.284,1.448,1.779,1.507,0.191,0.416,1.256
0.986,1.284,1.448,1.778,1.507,0.191,0.416,1.255
0.986,1.283,1.449,1.778,1.507,0.191,0.416,1.255
0.985,1.283,1.449,1.778,1.507,0.191,0.416,1.254
0.985,1.283,1.449,1.778,1.506,0.191,0.416,1.254
0.984,1.282,1.449,1.778,1.506,0.191,0.416,1.253
0.984,1.282,1.449,1.777,1.505,0.191,0.416,1.253
0.983,1.281,1.449,1.777,1.505,0.191,0.415,1.252
0.983,1.281,1.45,1.777,1.505,0.19,0.415,1.252
0.982,1.28,1.45,1.777,1.505,0.19,0.416,1.251
0.982,1.28,1.45,1.776,1.504,0.19,0.416,1.251
0.982,1.279,1.45,1.776,1.504,0.19,0.415,1.25
0.981,1.279,1.45,1.776,1.504,0.19,0.416,1.25
0.981,1.278,1.45,1.776,1.503,0.19,0.415,1.249
0.98,1.278,1.45,1.775,1.503,0.19,0.415,1.249
0.98,1.277,1.45,1.775,1.503,0.189,0.415,1.248
0.979,1.277,1.45,1.775,1.502,0.189,0.415,1.248
0.979,1.276,1.451,1.774,1.502,0.189,0.415,1.247
0.978,1.276,1.451,1.774,1.501,0.189,0.415,1.247
0.978,1.275,1.451,1.774,1.501,0.189,0.415,1.246
0.977,1.275,1.451,1.774,1.501,0.189,0.415,1.246
0.977,1.274,1.451,1.773,1.501,0.189,0.415,1.245
0.977,1.274,1.451,1.773,1.5,0.189,0.415,1.245
0.976,1.273,1.451,1.773,1.5,0.188,0.415,1.244
0.976,1.273,1.451,1.773,1.5,0.188,0.415,1.244
0.975,1.272,1.452,1.772,1.499,0.188,0.415,1.243
0.975,1.271,1.452,1.772,1.499,0.188,0.415,1.243
0.974,1.271,1.452,1.772,1.499,0.188,0.415,1.242
0.974,1.271,1.452,1.772,1.498,0.188,0.415,1.242
0.973,1.27,1.452,1.772,1.498,0.188,0.415,1.242
0.973,1.27,1.452,1.771,1.498,0.188,0.415,1.241
0.973,1.27,1.453,1.771,1.497,0.187,0.415,1.241
0.972,1.269,1.453,1.771,1.497,0.187,0.415,1.24
0.972,1.269,1.453,1.771,1.497,0.187,0.415,1.24
0.972,1.268,1.453,1.771,1.496,0.187,0.415,1.239
0.971,1.268,1.453,1.77,1.496,0.187,0.415,1.239
0.97,1.267,1.453,1.77,1.496,0.187,0.415,1.238
0.97,1.267,1.453,1.77,1.495,0.187,0.415,1.238
0.97,1.266,1.453,1.77,1.495,0.187,0.415,1.237
0.969,1.266,1.454,1.769,1.495,0.187,0.415,1.237
0.969,1.265,1.454,1.769,1.494,0.186,0.415,1.236
0.968,1.265,1.454,1.769,1.494,0.186,0.415,1.236
0.968,1.265,1.454,1.768,1.494,0.186,0.415,1.236
0.967,1.264,1.454,1.769,1.494,0.186,0.415,1.235
0.967,1.263,1.454,1.768,1.493,0.186,0.415,1.235
0.967,1.263,1.454,1.768,1.493,0.186,0.415,1.234
0.966,1.263,1.455,1.768,1.493,0.186,0.415,1.233
0.966,1.262,1.455,1.768,1.492,0.186,0.415,1.233
0.965,1.262,1.455,1.767,1.492,0.186,0.415,1.233
0.965,1.261,1.455,1.767,1.492,0.185,0.415,1.232
0.965,1.261,1.455,1.767,1.491,0.185,0.415,1.231
0.964,1.261,1.455,1.767,1.491,0.185,0.415,1.231
0.964,1.26,1.455,1.766,1.491,0.185,0.415,1.231
0.963,1.26,1.455,1.766,1.491,0.185,0.415,1.23
0.963,1.259,1.456,1.766,1.49,0.185,0.415,1.23
0.962,1.259,1.456,1.766,1.49,0.185,0.415,1.229
0.962,1.258,1.456,1.765,1.49,0.185,0.415,1.229
0.962,1.258,1.456,1.765,1.489,0.184,0.415,1.228
0.961,1.257,1.456,1.765,1.489,0.184,0.415,1.228
0.961,1.257,1.456,1.765,1.488,0.184,0.415,1.227
0.961,1.257,1.456,1.765,1.488,0.184,0.415,1.227
0.96,1.256,1.457,1.764,1.488,0.184,0.415,1.227
0.96,1.256,1.457,1.764,1.488,0.184,0.415,1.226
0.959,1.255,1.457,1.764,1.487,0.184,0.415,1.226
0.959,1.255,1.457,1.764,1.487,0.184,0.415,1.225
0.958,1.255,1.457,1.764,1.487,0.183,0.415,1.225
0.958,1.254,1.457,1.763,1.486,0.183,0.415,1.224
0.958,1.254,1.457,1.763,1.486,0.183,0.415,1.224
0.957,1.253,1.457,1.763,1.486,0.183,0.415,1.223
0.957,1.253,1.457,1.762,1.485,0.183,0.415,1.223
0.956,1.252,1.458,1.763,1.485,0.183,0.415,1.222
0.956,1.252,1.458,1.762,1.485,0.183,0.415,1.222
0.955,1.252,1.458,1.762,1.484,0.183,0.415,1.222
0.955,1.251,1.458,1.762,1.484,0.183,0.415,1.221
0.955,1.251,1.458,1.761,1.484,0.183,0.415,1.221
0.954,1.25,1.458,1.761,1.484,0.182,0.415,1.22
0.954,1.25,1.458,1.761,1.483,0.182,0.415,1.22
0.953,1.25,1.458,1.761,1.483,0.182,0.415,1.219
0.953,1.249,1.459,1.761,1.483,0.182,0.415,1.219
0.952,1.249,1.459,1.761,1.482,0.182,0.415,1.218
0.952,1.248,1.459,1.76,1.482,0.182,0.415,1.218
0.952,1.248,1.459,1.76,1.482,0.182,0.415,1.218
0.951,1.247,1.459,1.76,1.481,0.182,0.415,1.217
0.951,1.247,1.459,1.76,1.481,0.181,0.415,1.217
0.951,1.247,1.459,1.759,1.481,0.181,0.415,1.216
0.95,1.246,1.46,1.759,1.48,0.181,0.415,1.216
0.95,1.246,1.46,1.759,1.48,0.181,0.415,1.215
0.949,1.246,1.46,1.759,1.48,0.181,0.415,1.215
0.949,1.245,1.46,1.759,1.48,0.181,0.415,1.215
0.948,1.245,1.46,1.758,1.479,0.181,0.415,1.214
0.948,1.244,1.46,1.758,1.479,0.181,0.415,1.214
0.948,1.244,1.46,1.758,1.479,0.181,0.414,1.213
0.947,1.244,1.46,1.758,1.478,0.181,0.415,1.213
0.947,1.243,1.461,1.757,1.478,0.18,0.414,1.212
0.946,1.243,1.46,1.757,1.478,0.18,0.414,1.212
0.946,1.242,1.461,1.757,1.477,0.18,0.414,1.211
0.946,1.242,1.461,1.757,1.477,0.18,0.414,1.211
0.945,1.241,1.461,1.757,1.477,0.18,0.414,1.211
0.945,1.241,1.461,1.756,1.476,0.18,0.414,1.21
0.944,1.24,1.461,1.756,1.476,0.18,0.414,1.21
0.944,1.24,1.461,1.756,1.476,0.18,0.414,1.209
0.944,1.24,1.461,1.756,1.476,0.179,0.414,1.209
0.943,1.239,1.461,1.755,1.475,0.179,0.414,1.208
0.943,1.239,1.462,1.755,1.475,0.179,0.414,1.208
0.943,1.239,1.462,1.755,1.475,0.179,0.414,1.207
0.942,1.238,1.462,1.755,1.474,0.179,0.414,1.207
0.942,1.238,1.462,1.754,1.474,0.179,0.414,1.207
0.941,1.237,1.462,1.754,1.474,0.179,0.414,1.206
0.941,1.237,1.462,1.754,1.473,0.179,0.414,1.206
0.94,1.237,1.462,1.754,1.473,0.179,0.414,1.205
0.94,1.236,1.462,1.754,1.473,0.179,0.414,1.205
0.94,1.236,1.463,1.753,1.472,0.178,0.414,1.204
0.939,1.235,1.462,1.753,1.472,0.178,0.414,1.204
0.939,1.235,1.463,1.753,1.472,0.178,0.414,1.203
0.938,1.234,1.463,1.753,1.472,0.178,0.414,1.203
0.938,1.234,1.463,1.752,1.471,0.178,0.414,1.203
0.938,1.234,1.463,1.752,1.471,0.178,0.414,1.202
0.937,1.233,1.463,1.752,1.471,0.178,0.414,1.202
0.937,1.233,1.463,1.752,1.47,0.178,0.414,1.201
0.936,1.233,1.463,1.752,1.47,0.178,0.414,1.201
0.936,1.232,1.463,1.751,1.47,0.178,0.414,1.201
0.936,1.232,1.463,1.751,1.47,0.177,0.414,1.2
0.935,1.232,1.464,1.751,1.469,0.177,0.414,1.2
0.935,1.231,1.464,1.751,1.469,0.177,0.414,1.199
0.934,1.231,1.464,1.751,1.469,0.177,0.414,1.199
0.934,1.231,1.464,1.75,1.468,0.177,0.414,1.198
0.934,1.23,1.464,1.75,1.468,0.177,0.414,1.198
0.933,1.23,1.464,1.75,1.468,0.177,0.414,1.197
0.933,1.229,1.464,1.75,1.467,0.177,0.414,1.197
0.932,1.229,1.464,1.75,1.467,0.177,0.414,1.197
0.932,1.229,1.464,1.749,1.467,0.176,0.414,1.196
0.932,1.228,1.465,1.749,1.467,0.176,0.414,1.196
0.931,1.228,1.465,1.749,1.466,0.176,0.414,1.195
0.931,1.228,1.465,1.749,1.466,0.176,0.414,1.195
0.931,1.227,1.465,1.748,1.466,0.176,0.414,1.194
0.93,1.227,1.465,1.748,1.465,0.176,0.414,1.194
0.93,1.226,1.465,1.748,1.465,0.176,0.414,1.194
0.929,1.226,1.465,1.748,1.465,0.176,0.414,1.193
0.929,1.226,1.465,1.748,1.465,0.176,0.414,1.193
0.928,1.225,1.465,1.747,1.464,0.176,0.414,1.193
0.928,1.225,1.465,1.747,1.464,0.176,0.414,1.192
0.928,1.225,1.465,1.747,1.464,0.175,0.414,1.192
0.927,1.224,1.466,1.747,1.463,0.175,0.414,1.191
0.927,1.224,1.466,1.747,1.463,0.175,0.414,1.191
0.927,1.224,1.465,1.746,1.463,0.175,0.414,1.19
0.926,1.223,1.466,1.746,1.462,0.175,0.414,1.19
0.926,1.223,1.466,1.746,1.462,0.175,0.414,1.19
0.925,1.222,1.466,1.746,1.462,0.175,0.414,1.189
0.925,1.222,1.466,1.745,1.462,0.175,0.414,1.189
0.925,1.222,1.466,1.745,1.461,0.175,0.414,1.188
0.924,1.221,1.466,1.745,1.461,0.174,0.414,1.188
0.924,1.221,1.466,1.745,1.461,0.174,0.414,1.187
0.924,1.221,1.467,1.745,1.461,0.174,0.414,1.187
0.923,1.22,1.467,1.744,1.46,0.174,0.414,1.187
0.923,1.22,1.467,1.744,1.46,0.174,0.414,1.186
0.922,1.22,1.467,1.744,1.459,0.174,0.414,1.186
0.922,1.219,1.467,1.744,1.459,0.174,0.414,1.185
0.922,1.219,1.467,1.744,1.459,0.174,0.413,1.185
0.921,1.218,1.467,1.743,1.458,0.174,0.414,1.184
0.921,1.218,1.466,1.742,1.457,0.174,0.413,1.183
0.92,1.217,1.467,1.742,1.457,0.174,0.413,1.183
0.92,1.217,1.467,1.742,1.457,0.173,0.413,1.183
0.919,1.217,1.467,1.742,1.457,0.173,0.413,1.182
0.919,1.216,1.467,1.741,1.456,0.173,0.413,1.182
0.918,1.216,1.467,1.74,1.456,0.173,0.413,1.182
0.918,1.215,1.467,1.739,1.456,0.173,0.413,1.181
0.918,1.214,1.467,1.738,1.455,0.173,0.413,1.181
0.917,1.213,1.466,1.737,1.455,0.173,0.413,1.181
0.917,1.211,1.466,1.736,1.455,0.173,0.413,1.18
0.916,1.208,1.466,1.734,1.454,0.173,0.413,1.18
0.916,1.205,1.466,1.733,1.454,0.173,0.413,1.18
0.916,1.202,1.466,1.732,1.454,0.172,0.413,1.18
0.915,1.199,1.466,1.73,1.454,0.172,0.413,1.18
0.915,1.195,1.465,1.729,1.454,0.172,0.413,1.18
0.914,1.192,1.465,1.728,1.454,0.172,0.413,1.179
0.914,1.188,1.465,1.726,1.453,0.172,0.413,1.179
0.913,1.184,1.465,1.724,1.453,0.172,0.413,1.178
0.913,1.18,1.464,1.723,1.453,0.172,0.413,1.178
0.912,1.176,1.464,1.721,1.453,0.172,0.413,1.177
0.911,1.172,1.464,1.719,1.453,0.172,0.413,1.177
0.911,1.168,1.464,1.718,1.453,0.171,0.413,1.176
0.91,1.164,1.464,1.716,1.453,0.171,0.413,1.175
0.91,1.16,1.463,1.714,1.453,0.171,0.413,1.174
0.909,1.156,1.463,1.713,1.453,0.171,0.413,1.174
0.908,1.151,1.463,1.711,1.453,0.171,0.413,1.172
0.907,1.147,1.462,1.71,1.453,0.171,0.413,1.171
0.907,1.143,1.462,1.708,1.454,0.171,0.413,1.17
0.906,1.139,1.462,1.706,1.454,0.171,0.413,1.169
0.905,1.134,1.461,1.705,1.454,0.171,0.413,1.168
0.904,1.13,1.461,1.703,1.454,0.171,0.412,1.166
0.903,1.125,1.46,1.701,1.454,0.171,0.412,1.165
0.902,1.121,1.46,1.7,1.454,0.171,0.412,1.164
0.902,1.117,1.46,1.698,1.455,0.17,0.412,1.162
0.901,1.112,1.459,1.696,1.455,0.17,0.412,1.161
0.9,1.108,1.459,1.695,1.455,0.17,0.412,1.16
0.899,1.104,1.458,1.693,1.455,0.17,0.412,1.158
0.898,1.099,1.458,1.691,1.455,0.17,0.412,1.156
0.897,1.095,1.457,1.689,1.456,0.17,0.412,1.155
0.897,1.091,1.457,1.688,1.456,0.17,0.412,1.153
0.896,1.087,1.457,1.686,1.456,0.17,0.412,1.152
0.895,1.084,1.456,1.685,1.456,0.17,0.412,1.15
0.894,1.08,1.455,1.683,1.456,0.169,0.412,1.149
0.893,1.076,1.455,1.681,1.456,0.169,0.412,1.147
0.892,1.073,1.454,1.679,1.456,0.169,0.412,1.146
0.891,1.07,1.454,1.677,1.456,0.169,0.412,1.144
0.89,1.066,1.454,1.676,1.456,0.169,0.411,1.143
0.889,1.063,1.453,1.674,1.455,0.169,0.411,1.141
0.888,1.059,1.453,1.672,1.455,0.169,0.412,1.14
0.887,1.056,1.452,1.67,1.455,0.169,0.411,1.138
0.886,1.052,1.452,1.668,1.455,0.169,0.411,1.137
0.885,1.049,1.451,1.667,1.455,0.169,0.411,1.135
0.884,1.046,1.451,1.665,1.454,0.168,0.411,1.134
0.883,1.042,1.45,1.664,1.454,0.168,0.411,1.132
0.882,1.039,1.45,1.662,1.454,0.168,0.411,1.131
0.881,1.036,1.449,1.66,1.453,0.168,0.411,1.129
0.88,1.033,1.448,1.658,1.453,0.168,0.411,1.128
0.879,1.029,1.448,1.657,1.452,0.168,0.411,1.126
0.878,1.026,1.447,1.655,1.452,0.168,0.411,1.124
0.877,1.022,1.447,1.653,1.451,0.167,0.41,1.123
0.876,1.019,1.446,1.651,1.451,0.167,0.41,1.121
0.874,1.016,1.446,1.649,1.45,0.167,0.41,1.12
0.873,1.013,1.445,1.647,1.45,0.167,0.41,1.118
0.872,1.009,1.444,1.645,1.449,0.167,0.41,1.117
0.871,1.006,1.444,1.643,1.449,0.167,0.41,1.115
0.87,1.003,1.443,1.641,1.449,0.167,0.41,1.113
0.869,1.0,1.443,1.639,1.448,0.166,0.41,1.112
0.868,0.997,1.442,1.638,1.447,0.166,0.41,1.11
0.867,0.994,1.442,1.636,1.447,0.166,0.41,1.109
0.866,0.991,1.441,1.634,1.446,0.166,0.409,1.107
0.865,0.988,1.441,1.632,1.446,0.166,0.41,1.106
0.864,0.985,1.44,1.63,1.445,0.166,0.409,1.104
0.863,0.982,1.44,1.628,1.444,0.165,0.409,1.103
0.862,0.978,1.439,1.627,1.444,0.165,0.409,1.101
0.86,0.975,1.438,1.625,1.443,0.165,0.409,1.099
0.859,0.972,1.438,1.623,1.442,0.165,0.409,1.098
0.858,0.969,1.437,1.621,1.442,0.165,0.409,1.096
0.857,0.966,1.436,1.619,1.441,0.164,0.409,1.095
0.856,0.964,1.436,1.617,1.44,0.164,0.409,1.093
0.855,0.961,1.435,1.616,1.44,0.164,0.409,1.092
0.853,0.958,1.434,1.614,1.439,0.164,0.408,1.09
0.852,0.955,1.434,1.612,1.438,0.164,0.408,1.089
0.851,0.953,1.433,1.61,1.437,0.164,0.408,1.087
0.85,0.95,1.432,1.608,1.437,0.163,0.408,1.086
0.849,0.948,1.432,1.606,1.436,0.163,0.408,1.084
0.847,0.945,1.431,1.604,1.435,0.163,0.408,1.083
0.846,0.942,1.43,1.603,1.434,0.163,0.408,1.081
0.845,0.939,1.43,1.601,1.433,0.163,0.408,1.08
0.844,0.936,1.429,1.599,1.432,0.162,0.407,1.078
0.843,0.934,1.428,1.597,1.432,0.162,0.407,1.077
0.842,0.931,1.428,1.595,1.431,0.162,0.407,1.075
0.84,0.928,1.427,1.594,1.43,0.162,0.407,1.074
0.839,0.926,1.426,1.592,1.429,0.161,0.407,1.072
0.838,0.923,1.426,1.59,1.428,0.161,0.407,1.071
0.837,0.921,1.425,1.588,1.427,0.161,0.407,1.069
0.836,0.918,1.424,1.587,1.426,0.161,0.407,1.067
0.834,0.916,1.423,1.585,1.425,0.161,0.407,1.066
0.834,0.913,1.423,1.583,1.424,0.16,0.406,1.065
0.832,0.911,1.422,1.582,1.423,0.16,0.406,1.063
0.831,0.908,1.421,1.58,1.422,0.16,0.406,1.062
0.83,0.906,1.421,1.578,1.421,0.16,0.406,1.06
0.829,0.903,1.42,1.576,1.42,0.16,0.406,1.059
0.828,0.901,1.419,1.575,1.419,0.159,0.406,1.057
0.826,0.898,1.418,1.573,1.418,0.159,0.406,1.056
0.825,0.895,1.418,1.571,1.417,0.159,0.406,1.054
0.824,0.893,1.417,1.569,1.416,0.159,0.405,1.053
0.823,0.89,1.416,1.568,1.415,0.158,0.405,1.051
0.821,0.888,1.416,1.566,1.413,0.158,0.405,1.05
0.82,0.886,1.415,1.564,1.412,0.158,0.405,1.048
0.819,0.884,1.414,1.562,1.41,0.158,0.405,1.047
0.818,0.882,1.413,1.56,1.409,0.158,0.405,1.045
0.817,0.88,1.413,1.559,1.408,0.157,0.405,1.044
0.816,0.877,1.412,1.557,1.407,0.157,0.404,1.042
0.814,0.875,1.411,1.555,1.406,0.157,0.404,1.041
0.813,0.873,1.41,1.553,1.405,0.157,0.404,1.039
0.812,0.871,1.409,1.551,1.403,0.156,0.404,1.038
0.811,0.869,1.409,1.549,1.402,0.156,0.404,1.036
0.81,0.866,1.408,1.547,1.401,0.156,0.404,1.035
0.809,0.864,1.407,1.546,1.4,0.156,0.404,1.033
0.807,0.862,1.407,1.544,1.399,0.155,0.404,1.031
0.806,0.86,1.406,1.542,1.398,0.155,0.403,1.03
0.805,0.858,1.405,1.54,1.397,0.155,0.403,1.029
0.804,0.856,1.404,1.538,1.396,0.155,0.403,1.027
0.803,0.854,1.404,1.537,1.395,0.154,0.403,1.026
0.801,0.852,1.403,1.534,1.394,0.154,0.403,1.024
0.8,0.85,1.402,1.533,1.393,0.154,0.403,1.022
0.799,0.848,1.401,1.531,1.392,0.154,0.403,1.021
0.798,0.846,1.4,1.529,1.391,0.154,0.403,1.019
0.797,0.844,1.4,1.528,1.389,0.153,0.402,1.018
0.796,0.842,1.399,1.526,1.388,0.153,0.402,1.016
0.794,0.84,1.398,1.524,1.387,0.153,0.402,1.015
0.793,0.839,1.397,1.523,1.386,0.153,0.402,1.014
0.792,0.837,1.397,1.521,1.385,0.152,0.402,1.012
0.791,0.835,1.396,1.519,1.384,0.152,0.402,1.011
0.79,0.833,1.395,1.518,1.383,0.152,0.402,1.009
0.789,0.831,1.395,1.516,1.382,0.152,0.402,1.008
0.788,0.83,1.394,1.514,1.381,0.151,0.401,1.006
0.786,0.828,1.393,1.513,1.38,0.151,0.401,1.005
0.785,0.826,1.392,1.511,1.379,0.151,0.401,1.003
0.784,0.824,1.392,1.51,1.378,0.151,0.401,1.002
0.783,0.823,1.391,1.508,1.377,0.15,0.401,1.001
0.782,0.821,1.39,1.506,1.376,0.15,0.401,0.999
0.781,0.819,1.39,1.505,1.375,0.15,0.401,0.998
0.78,0.818,1.389,1.503,1.374,0.15,0.401,0.997
0.778,0.816,1.388,1.501,1.373,0.149,0.401,0.995
0.777,0.814,1.387,1.5,1.371,0.149,0.4,0.994
0.776,0.813,1.386,1.498,1.371,0.149,0.4,0.993
0.775,0.811,1.386,1.496,1.369,0.149,0.4,0.991
0.774,0.809,1.385,1.495,1.368,0.148,0.4,0.99
0.773,0.807,1.384,1.493,1.367,0.148,0.4,0.989
0.772,0.806,1.383,1.491,1.366,0.148,0.4,0.987
0.77,0.804,1.382,1.49,1.365,0.148,0.4,0.986
0.769,0.802,1.382,1.488,1.364,0.147,0.4,0.985
0.768,0.801,1.381,1.486,1.363,0.147,0.399,0.983
0.767,0.799,1.38,1.485,1.362,0.147,0.399,0.982
0.766,0.798,1.379,1.483,1.36,0.147,0.399,0.981
0.765,0.796,1.379,1.481,1.359,0.146,0.399,0.979
0.764,0.794,1.378,1.48,1.358,0.146,0.399,0.978
0.762,0.793,1.377,1.478,1.357,0.146,0.399,0.976
0.761,0.791,1.376,1.477,1.356,0.146,0.399,0.975
0.76,0.79,1.375,1.475,1.355,0.146,0.399,0.973
0.759,0.788,1.375,1.473,1.354,0.145,0.399,0.972
0.758,0.786,1.374,1.472,1.353,0.145,0.398,0.971
0.757,0.784,1.373,1.47,1.352,0.145,0.398,0.969
0.756,0.783,1.372,1.468,1.351,0.145,0.398,0.968
0.754,0.781,1.371,1.466,1.35,0.144,0.398,0.967
0.753,0.78,1.371,1.465,1.349,0.144,0.398,0.965
0.752,0.778,1.37,1.463,1.349,0.144,0.398,0.964
0.751,0.777,1.369,1.462,1.348,0.144,0.398,0.963
0.75,0.775,1.368,1.46,1.347,0.143,0.397,0.961
0.749,0.774,1.368,1.459,1.346,0.143,0.398,0.96
0.748,0.773,1.367,1.457,1.345,0.143,0.397,0.959
0.747,0.771,1.366,1.455,1.344,0.143,0.397,0.957
0.746,0.77,1.365,1.454,1.344,0.142,0.397,0.956
0.745,0.768,1.364,1.452,1.343,0.142,0.397,0.955
0.743,0.767,1.364,1.451,1.342,0.142,0.397,0.954
0.742,0.766,1.363,1.449,1.341,0.142,0.397,0.952
0.741,0.764,1.362,1.448,1.34,0.141,0.397,0.951
0.74,0.763,1.361,1.447,1.339,0.141,0.397,0.95
0.739,0.762,1.36,1.445,1.338,0.141,0.396,0.949
0.738,0.761,1.36,1.444,1.337,0.141,0.396,0.947
0.737,0.759,1.359,1.442,1.336,0.141,0.396,0.946
0.736,0.758,1.358,1.441,1.335,0.14,0.396,0.945
0.735,0.757,1.357,1.439,1.334,0.14,0.396,0.944
0.734,0.755,1.357,1.438,1.333,0.14,0.396,0.942
0.733,0.754,1.356,1.437,1.332,0.14,0.396,0.941
0.732,0.753,1.355,1.435,1.331,0.139,0.395,0.94
0.731,0.752,1.354,1.434,1.33,0.139,0.395,0.938
0.73,0.75,1.354,1.432,1.329,0.139,0.395,0.937
0.728,0.749,1.353,1.431,1.328,0.139,0.395,0.936
0.728,0.748,1.352,1.429,1.327,0.138,0.395,0.935
0.726,0.747,1.351,1.428,1.326,0.138,0.395,0.933
0.726,0.746,1.351,1.426,1.325,0.138,0.395,0.933
0.725,0.744,1.35,1.425,1.324,0.138,0.395,0.931
0.724,0.743,1.349,1.423,1.323,0.138,0.395,0.93
0.722,0.742,1.348,1.422,1.322,0.137,0.395,0.929
0.722,0.741,1.347,1.42,1.321,0.137,0.394,0.928
0.72,0.74,1.347,1.419,1.32,0.137,0.394,0.927
0.719,0.738,1.346,1.417,1.319,0.137,0.394,0.926
0.718,0.737,1.345,1.416,1.318,0.136,0.394,0.924
0.717,0.736,1.345,1.414,1.317,0.136,0.394,0.923
0.716,0.735,1.344,1.412,1.315,0.136,0.394,0.922
0.716,0.734,1.343,1.411,1.314,0.136,0.394,0.921
0.714,0.733,1.342,1.409,1.313,0.136,0.393,0.92
0.713,0.732,1.341,1.408,1.312,0.135,0.393,0.919
0.712,0.731,1.341,1.406,1.311,0.135,0.393,0.917
0.711,0.73,1.34,1.405,1.31,0.135,0.393,0.916
0.71,0.729,1.339,1.403,1.308,0.135,0.393,0.915
0.709,0.727,1.338,1.401,1.307,0.134,0.393,0.914
0.708,0.726,1.337,1.4,1.306,0.134,0.393,0.913
0.707,0.725,1.337,1.399,1.305,0.134,0.393,0.912
0.706,0.724,1.336,1.397,1.304,0.134,0.392,0.911
0.705,0.723,1.335,1.396,1.302,0.133,0.392,0.91
0.705,0.722,1.335,1.394,1.301,0.133,0.392,0.908
0.704,0.721,1.334,1.393,1.3,0.133,0.392,0.907
0.702,0.72,1.333,1.391,1.299,0.133,0.392,0.906
0.702,0.719,1.332,1.39,1.298,0.133,0.392,0.905
0.701,0.718,1.332,1.388,1.297,0.133,0.392,0.904
0.7,0.717,1.331,1.387,1.296,0.132,0.392,0.903
0.698,0.716,1.33,1.386,1.295,0.132,0.391,0.902
0.698,0.715,1.329,1.384,1.294,0.132,0.391,0.901
0.697,0.714,1.329,1.383,1.293,0.132,0.391,0.9
0.696,0.713,1.328,1.381,1.292,0.131,0.391,0.898
0.695,0.712,1.327,1.38,1.291,0.131,0.391,0.897
0.694,0.711,1.326,1.379,1.289,0.131,0.391,0.896
0.693,0.71,1.326,1.377,1.289,0.131,0.391,0.895
0.692,0.709,1.325,1.376,1.288,0.131,0.391,0.894
0.691,0.708,1.324,1.374,1.286,0.13,0.39,0.893
0.69,0.707,1.323,1.373,1.285,0.13,0.39,0.892
0.689,0.706,1.323,1.372,1.284,0.13,0.39,0.891
0.688,0.705,1.322,1.37,1.283,0.13,0.39,0.89
0.687,0.704,1.321,1.369,1.282,0.13,0.39,0.889
0.686,0.703,1.32,1.368,1.281,0.129,0.39,0.888
0.685,0.702,1.32,1.366,1.28,0.129,0.39,0.887
0.684,0.701,1.319,1.364,1.279,0.129,0.39,0.885
0.684,0.7,1.318,1.363,1.278,0.129,0.389,0.885
0.683,0.699,1.317,1.362,1.277,0.129,0.389,0.883
0.682,0.698,1.317,1.36,1.276,0.128,0.389,0.882
0.681,0.697,1.316,1.359,1.275,0.128,0.389,0.881
0.68,0.696,1.315,1.358,1.274,0.128,0.389,0.88
0.679,0.695,1.314,1.357,1.273,0.128,0.389,0.879
0.678,0.695,1.314,1.356,1.272,0.128,0.389,0.879
0.677,0.694,1.313,1.354,1.271,0.127,0.389,0.877
0.676,0.693,1.312,1.353,1.269,0.127,0.388,0.876
0.675,0.692,1.311,1.352,1.268,0.127,0.388,0.875
0.675,0.691,1.31,1.351,1.267,0.127,0.388,0.874
0.674,0.69,1.31,1.349,1.266,0.127,0.388,0.873
0.673,0.69,1.309,1.349,1.266,0.126,0.388,0.872
0.672,0.689,1.308,1.348,1.265,0.126,0.388,0.872
0.671,0.688,1.308,1.347,1.264,0.126,0.388,0.871
0.67,0.687,1.307,1.346,1.263,0.126,0.388,0.87
0.67,0.686,1.307,1.344,1.262,0.126,0.388,0.869
0.669,0.685,1.306,1.343,1.261,0.126,0.387,0.868
0.668,0.684,1.305,1.342,1.26,0.125,0.387,0.867
0.667,0.683,1.304,1.341,1.259,0.125,0.387,0.866
0.666,0.682,1.303,1.34,1.258,0.125,0.387,0.865
0.665,0.681,1.303,1.339,1.257,0.125,0.387,0.864
0.665,0.68,1.302,1.338,1.256,0.125,0.387,0.863
0.664,0.68,1.301,1.337,1.255,0.124,0.387,0.862
0.663,0.679,1.301,1.335,1.255,0.124,0.387,0.861
0.662,0.678,1.3,1.334,1.254,0.124,0.387,0.86
0.661,0.677,1.3,1.333,1.253,0.124,0.387,0.859
0.66,0.676,1.299,1.332,1.252,0.124,0.386,0.858
0.66,0.675,1.298,1.331,1.251,0.124,0.386,0.857
0.659,0.674,1.297,1.33,1.25,0.123,0.386,0.857
0.658,0.673,1.297,1.329,1.249,0.123,0.386,0.856
0.657,0.672,1.296,1.328,1.248,0.123,0.386,0.855
0.656,0.672,1.295,1.327,1.247,0.123,0.386,0.854
0.655,0.671,1.294,1.325,1.246,0.123,0.386,0.853
0.655,0.67,1.294,1.324,1.245,0.123,0.386,0.852
0.654,0.669,1.293,1.323,1.244,0.122,0.386,0.851
0.653,0.668,1.292,1.321,1.243,0.122,0.385,0.85
0.652,0.667,1.291,1.32,1.242,0.122,0.385,0.849
0.651,0.666,1.291,1.319,1.241,0.122,0.385,0.848
0.651,0.666,1.29,1.318,1.241,0.122,0.385,0.847
0.65,0.665,1.29,1.317,1.239,0.122,0.385,0.847
0.649,0.664,1.289,1.316,1.238,0.121,0.385,0.846
0.648,0.663,1.288,1.315,1.237,0.121,0.385,0.844
0.648,0.662,1.287,1.314,1.236,0.121,0.385,0.844
0.647,0.661,1.286,1.312,1.235,0.121,0.385,0.843
0.646,0.66,1.286,1.311,1.233,0.121,0.385,0.842
0.645,0.66,1.285,1.31,1.232,0.12,0.384,0.841
0.644,0.659,1.284,1.309,1.231,0.12,0.384,0.84
0.644,0.658,1.283,1.307,1.229,0.12,0.384,0.839
0.643,0.657,1.283,1.306,1.228,0.12,0.384,0.838
0.642,0.657,1.282,1.305,1.227,0.12,0.384,0.837
0.641,0.656,1.281,1.304,1.226,0.12,0.384,0.836
0.64,0.655,1.28,1.303,1.225,0.12,0.384,0.835
0.64,0.654,1.28,1.302,1.224,0.119,0.383,0.834
0.639,0.653,1.279,1.301,1.223,0.119,0.383,0.833
0.638,0.652,1.278,1.299,1.222,0.119,0.383,0.832
0.637,0.651,1.277,1.298,1.221,0.119,0.383,0.832
0.636,0.651,1.277,1.297,1.22,0.119,0.383,0.831
0.636,0.65,1.276,1.296,1.219,0.118,0.383,0.83
0.635,0.649,1.275,1.295,1.219,0.118,0.383,0.829
0.634,0.649,1.275,1.294,1.218,0.118,0.383,0.828
0.634,0.648,1.274,1.293,1.217,0.118,0.383,0.827
0.633,0.647,1.273,1.292,1.216,0.118,0.382,0.826
0.632,0.647,1.273,1.29,1.215,0.118,0.382,0.825
0.631,0.646,1.272,1.29,1.214,0.118,0.382,0.825
0.631,0.645,1.271,1.288,1.213,0.117,0.382,0.824
0.63,0.645,1.271,1.287,1.212,0.117,0.382,0.823
0.629,0.644,1.27,1.286,1.211,0.117,0.382,0.822
0.629,0.644,1.269,1.285,1.211,0.117,0.382,0.821
0.628,0.643,1.269,1.284,1.21,0.117,0.382,0.82
0.627,0.642,1.268,1.283,1.209,0.117,0.382,0.819
0.626,0.642,1.267,1.282,1.208,0.116,0.382,0.818
0.625,0.641,1.266,1.281,1.207,0.116,0.381,0.818
0.625,0.64,1.265,1.28,1.206,0.116,0.381,0.817
0.624,0.639,1.265,1.279,1.205,0.116,0.381,0.816
0.623,0.638,1.264,1.277,1.204,0.116,0.381,0.815
0.622,0.638,1.263,1.276,1.203,0.116,0.381,0.814
0.622,0.637,1.262,1.275,1.202,0.116,0.381,0.813
0.621,0.636,1.262,1.274,1.202,0.115,0.381,0.813
0.62,0.635,1.261,1.273,1.201,0.115,0.381,0.812
0.62,0.635,1.26,1.272,1.2,0.115,0.381,0.811
0.619,0.634,1.26,1.271,1.199,0.115,0.38,0.81
0.618,0.634,1.259,1.27,1.198,0.115,0.38,0.809
0.617,0.633,1.258,1.269,1.197,0.115,0.38,0.808
0.617,0.632,1.258,1.268,1.196,0.114,0.38,0.807
0.616,0.632,1.257,1.267,1.195,0.114,0.38,0.807
0.615,0.631,1.256,1.266,1.194,0.114,0.38,0.806
0.615,0.631,1.255,1.265,1.194,0.114,0.38,0.805
0.614,0.63,1.255,1.264,1.193,0.114,0.38,0.804
0.613,0.629,1.254,1.263,1.192,0.114,0.38,0.803
0.613,0.629,1.253,1.262,1.191,0.114,0.379,0.802
0.612,0.628,1.252,1.261,1.19,0.114,0.379,0.802
0.611,0.627,1.252,1.26,1.189,0.113,0.379,0.801
0.611,0.627,1.251,1.259,1.189,0.113,0.379,0.8
0.61,0.626,1.251,1.258,1.188,0.113,0.379,0.799
0.609,0.625,1.25,1.257,1.187,0.113,0.379,0.798
0.608,0.625,1.249,1.256,1.186,0.113,0.379,0.797
0.608,0.624,1.248,1.255,1.185,0.113,0.379,0.796
0.607,0.623,1.247,1.254,1.184,0.112,0.378,0.796
0.606,0.622,1.247,1.253,1.184,0.112,0.378,0.795
0.606,0.622,1.246,1.252,1.183,0.112,0.378,0.794
0.605,0.621,1.245,1.252,1.182,0.112,0.378,0.793
0.604,0.621,1.245,1.251,1.182,0.112,0.378,0.792
0.604,0.62,1.244,1.25,1.181,0.112,0.378,0.792
0.603,0.62,1.243,1.249,1.18,0.112,0.378,0.791
0.602,0.619,1.243,1.248,1.179,0.111,0.378,0.79
0.601,0.619,1.242,1.247,1.178,0.112,0.378,0.789
0.601,0.618,1.241,1.245,1.177,0.111,0.377,0.788
0.6,0.618,1.24,1.244,1.176,0.111,0.377,0.787
0.599,0.617,1.239,1.243,1.176,0.111,0.377,0.787
0.599,0.617,1.239,1.242,1.175,0.111,0.377,0.786
0.598,0.616,1.238,1.241,1.174,0.111,0.377,0.785
0.597,0.616,1.237,1.24,1.173,0.111,0.377,0.784
0.597,0.615,1.237,1.239,1.172,0.11,0.377,0.783
0.596,0.615,1.236,1.238,1.171,0.11,0.377,0.783
0.595,0.614,1.235,1.237,1.17,0.11,0.377,0.782
0.595,0.614,1.234,1.236,1.17,0.11,0.376,0.781
0.594,0.613,1.233,1.235,1.169,0.11,0.376,0.78
0.593,0.613,1.233,1.234,1.168,0.11,0.376,0.78
0.593,0.612,1.232,1.233,1.167,0.11,0.376,0.779
0.592,0.612,1.232,1.232,1.166,0.11,0.376,0.778
0.592,0.611,1.231,1.231,1.166,0.109,0.376,0.777
0.591,0.611,1.23,1.23,1.165,0.109,0.376,0.776
0.59,0.61,1.23,1.229,1.164,0.109,0.376,0.775
0.59,0.609,1.229,1.228,1.163,0.109,0.376,0.774
0.589,0.609,1.228,1.227,1.162,0.109,0.376,0.774
0.588,0.609,1.228,1.226,1.161,0.109,0.375,0.773
0.587,0.608,1.227,1.225,1.16,0.108,0.375,0.772
0.587,0.608,1.226,1.224,1.16,0.109,0.375,0.772
0.586,0.607,1.225,1.223,1.159,0.108,0.375,0.771
0.586,0.607,1.225,1.222,1.158,0.108,0.375,0.77
0.585,0.606,1.224,1.221,1.157,0.108,0.375,0.769
0.585,0.606,1.224,1.22,1.156,0.108,0.375,0.769
0.584,0.605,1.223,1.219,1.156,0.108,0.375,0.768
0.583,0.605,1.222,1.218,1.154,0.108,0.374,0.767
0.583,0.604,1.221,1.216,1.154,0.108,0.374,0.766
0.582,0.604,1.221,1.216,1.153,0.107,0.374,0.766
0.582,0.603,1.22,1.215,1.152,0.107,0.374,0.765
0.581,0.603,1.22,1.214,1.151,0.107,0.374,0.764
0.58,0.602,1.219,1.213,1.15,0.107,0.374,0.764
0.58,0.601,1.218,1.212,1.149,0.107,0.374,0.763
0.579,0.601,1.218,1.211,1.148,0.107,0.374,0.762
0.579,0.6,1.217,1.21,1.147,0.107,0.374,0.762
0.578,0.6,1.216,1.21,1.146,0.107,0.374,0.761
0.577,0.599,1.216,1.209,1.145,0.107,0.373,0.761
0.577,0.598,1.215,1.208,1.144,0.106,0.373,0.76
0.576,0.598,1.214,1.207,1.144,0.106,0.373,0.759
0.576,0.597,1.214,1.206,1.143,0.106,0.373,0.759
0.575,0.597,1.213,1.206,1.142,0.106,0.373,0.758
0.575,0.596,1.212,1.205,1.141,0.106,0.373,0.757
0.574,0.596,1.212,1.204,1.14,0.106,0.373,0.757
0.573,0.595,1.211,1.203,1.139,0.106,0.373,0.756
0.573,0.595,1.211,1.202,1.139,0.106,0.373,0.755
0.572,0.594,1.21,1.201,1.138,0.105,0.373,0.755
0.572,0.593,1.209,1.2,1.137,0.105,0.373,0.754
0.571,0.593,1.209,1.199,1.136,0.105,0.372,0.754
0.571,0.592,1.208,1.198,1.135,0.105,0.372,0.753
0.57,0.592,1.207,1.197,1.135,0.105,0.372,0.752
0.57,0.592,1.207,1.196,1.134,0.105,0.372,0.752
0.569,0.591,1.206,1.195,1.133,0.105,0.372,0.751
0.568,0.591,1.205,1.194,1.132,0.105,0.372,0.75
0.568,0.59,1.205,1.193,1.132,0.104,0.372,0.75
0.567,0.59,1.204,1.193,1.132,0.104,0.372,0.749
0.567,0.59,1.204,1.192,1.131,0.104,0.372,0.748
0.566,0.589,1.203,1.191,1.13,0.104,0.371,0.748
0.566,0.589,1.202,1.19,1.13,0.104,0.371,0.747
0.565,0.589,1.202,1.189,1.129,0.104,0.371,0.747
0.564,0.588,1.201,1.188,1.128,0.104,0.371,0.746
0.564,0.588,1.2,1.188,1.127,0.104,0.371,0.745
0.563,0.588,1.2,1.187,1.127,0.104,0.371,0.745
0.563,0.587,1.199,1.186,1.126,0.103,0.371,0.744
0.562,0.587,1.198,1.185,1.125,0.103,0.371,0.743
0.561,0.586,1.198,1.184,1.124,0.103,0.371,0.742
0.561,0.586,1.197,1.183,1.124,0.103,0.371,0.742
0.561,0.585,1.196,1.182,1.123,0.103,0.37,0.741
0.56,0.585,1.196,1.181,1.123,0.103,0.37,0.741
0.559,0.585,1.195,1.18,1.122,0.103,0.37,0.74
0.559,0.584,1.195,1.179,1.121,0.103,0.37,0.739
0.558,0.584,1.194,1.179,1.121,0.103,0.37,0.739
0.558,0.583,1.193,1.178,1.12,0.103,0.37,0.739
0.557,0.583,1.193,1.177,1.119,0.103,0.37,0.738
0.557,0.582,1.192,1.176,1.118,0.102,0.37,0.737
0.556,0.582,1.191,1.175,1.118,0.102,0.37,0.737
0.556,0.581,1.19,1.174,1.117,0.102,0.37,0.736
0.555,0.581,1.19,1.174,1.117,0.102,0.369,0.736
0.554,0.581,1.189,1.173,1.116,0.102,0.369,0.735
0.554,0.58,1.189,1.172,1.115,0.102,0.369,0.734
0.553,0.58,1.188,1.171,1.114,0.102,0.369,0.734
0.553,0.579,1.187,1.17,1.114,0.102,0.369,0.733
0.552,0.579,1.187,1.169,1.113,0.101,0.369,0.732
0.552,0.578,1.186,1.168,1.112,0.101,0.369,0.732
0.551,0.578,1.186,1.167,1.112,0.101,0.369,0.731
0.551,0.578,1.185,1.166,1.111,0.101,0.369,0.73
0.55,0.577,1.184,1.165,1.11,0.101,0.368,0.73
0.55,0.577,1.184,1.164,1.109,0.101,0.368,0.729
0.549,0.576,1.184,1.163,1.109,0.101,0.368,0.728
0.549,0.576,1.182,1.162,1.108,0.101,0.368,0.728
0.548,0.576,1.182,1.161,1.107,0.101,0.368,0.727
0.548,0.575,1.181,1.16,1.107,0.101,0.368,0.726
0.547,0.575,1.181,1.159,1.106,0.101,0.368,0.726
0.547,0.574,1.18,1.158,1.105,0.101,0.368,0.725
0.546,0.574,1.18,1.157,1.104,0.1,0.368,0.724
0.546,0.574,1.179,1.156,1.104,0.1,0.367,0.724
0.545,0.573,1.178,1.155,1.103,0.1,0.367,0.723
0.544,0.573,1.178,1.154,1.102,0.1,0.367,0.722
0.544,0.573,1.177,1.154,1.102,0.1,0.367,0.722
0.543,0.572,1.177,1.153,1.101,0.1,0.367,0.721
0.543,0.572,1.176,1.152,1.1,0.1,0.367,0.721
0.542,0.572,1.175,1.151,1.1,0.1,0.367,0.72
0.542,0.571,1.175,1.15,1.099,0.1,0.367,0.719
0.542,0.571,1.174,1.15,1.098,0.1,0.367,0.719
0.541,0.57,1.174,1.149,1.097,0.1,0.367,0.718
0.54,0.57,1.173,1.148,1.097,0.099,0.367,0.717
0.54,0.57,1.172,1.147,1.096,0.1,0.367,0.717
0.539,0.569,1.172,1.146,1.095,0.099,0.367,0.716
0.539,0.569,1.171,1.146,1.095,0.099,0.366,0.716
0.538,0.569,1.17,1.145,1.094,0.099,0.366,0.715
0.538,0.568,1.17,1.144,1.093,0.099,0.366,0.714
0.537,0.568,1.169,1.143,1.093,0.099,0.366,0.714
0.537,0.567,1.168,1.142,1.092,0.099,0.366,0.713
0.536,0.567,1.168,1.142,1.091,0.099,0.366,0.713
0.536,0.567,1.167,1.141,1.09,0.099,0.366,0.712
0.535,0.566,1.166,1.14,1.09,0.099,0.366,0.712
0.535,0.566,1.166,1.139,1.089,0.099,0.366,0.711
0.534,0.565,1.165,1.139,1.088,0.098,0.365,0.711
0.534,0.565,1.165,1.138,1.088,0.098,0.365,0.71
0.533,0.565,1.164,1.138,1.088,0.098,0.365,0.71
0.533,0.564,1.164,1.137,1.087,0.098,0.365,0.709
0.533,0.564,1.163,1.136,1.086,0.098,0.365,0.709
0.532,0.564,1.162,1.136,1.086,0.098,0.365,0.708
0.532,0.563,1.162,1.135,1.085,0.098,0.365,0.707
0.531,0.563,1.161,1.134,1.084,0.098,0.365,0.707
0.531,0.562,1.16,1.134,1.084,0.098,0.365,0.706
0.531,0.562,1.16,1.133,1.083,0.098,0.365,0.706
0.53,0.561,1.159,1.132,1.083,0.098,0.364,0.705
0.529,0.561,1.159,1.132,1.082,0.098,0.364,0.705
0.529,0.561,1.158,1.131,1.082,0.097,0.364,0.704
0.529,0.56,1.157,1.131,1.081,0.097,0.364,0.704
0.528,0.56,1.157,1.13,1.08,0.097,0.364,0.703
0.527,0.559,1.156,1.129,1.08,0.097,0.364,0.703
0.527,0.559,1.155,1.129,1.079,0.097,0.364,0.702
0.527,0.558,1.155,1.128,1.079,0.097,0.364,0.701
0.526,0.558,1.154,1.127,1.078,0.097,0.364,0.701
0.526,0.558,1.154,1.127,1.078,0.097,0.363,0.7
0.525,0.558,1.153,1.126,1.077,0.097,0.363,0.7
0.525,0.557,1.152,1.125,1.076,0.097,0.363,0.699
0.524,0.557,1.152,1.124,1.076,0.097,0.363,0.699
0.524,0.557,1.151,1.124,1.075,0.097,0.363,0.698
0.523,0.556,1.151,1.123,1.075,0.097,0.363,0.698
0.523,0.556,1.15,1.122,1.074,0.096,0.363,0.697
0.522,0.556,1.149,1.121,1.074,0.096,0.363,0.697
0.522,0.555,1.149,1.12,1.073,0.096,0.363,0.696
0.522,0.555,1.148,1.12,1.072,0.096,0.363,0.696
0.521,0.555,1.148,1.119,1.072,0.096,0.363,0.695
0.521,0.554,1.147,1.119,1.071,0.096,0.362,0.695
0.52,0.554,1.147,1.118,1.07,0.096,0.362,0.695
0.52,0.554,1.146,1.117,1.07,0.096,0.362,0.694
0.52,0.553,1.145,1.117,1.069,0.096,0.362,0.693
0.519,0.553,1.145,1.115,1.069,0.096,0.362,0.693
0.519,0.553,1.144,1.115,1.068,0.096,0.362,0.692
0.518,0.552,1.144,1.115,1.067,0.096,0.362,0.692
0.518,0.552,1.143,1.114,1.067,0.096,0.362,0.691
0.517,0.552,1.142,1.113,1.066,0.095,0.362,0.691
0.517,0.551,1.142,1.113,1.066,0.095,0.362,0.69
0.517,0.551,1.141,1.112,1.065,0.095,0.361,0.69
0.516,0.55,1.141,1.111,1.065,0.095,0.361,0.689
0.516,0.55,1.141,1.111,1.064,0.095,0.361,0.689
0.515,0.55,1.14,1.11,1.064,0.095,0.361,0.688
0.515,0.549,1.139,1.109,1.063,0.095,0.361,0.688
0.514,0.549,1.139,1.108,1.063,0.095,0.361,0.687
0.514,0.549,1.138,1.108,1.062,0.095,0.361,0.687
0.513,0.548,1.138,1.107,1.061,0.095,0.361,0.686
0.513,0.548,1.137,1.106,1.061,0.095,0.361,0.686
0.513,0.547,1.136,1.105,1.06,0.095,0.361,0.685
0.512,0.547,1.136,1.105,1.059,0.095,0.36,0.685
0.512,0.547,1.135,1.104,1.059,0.095,0.36,0.684
0.511,0.547,1.134,1.103,1.058,0.095,0.36,0.684
0.511,0.546,1.134,1.102,1.057,0.094,0.36,0.683
0.511,0.546,1.133,1.102,1.057,0.094,0.36,0.683
0.51,0.545,1.133,1.101,1.056,0.094,0.36,0.682
0.51,0.545,1.132,1.101,1.056,0.094,0.36,0.682
0.509,0.545,1.131,1.1,1.055,0.094,0.36,0.681
0.509,0.545,1.131,1.099,1.054,0.094,0.36,0.681
0.508,0.544,1.13,1.098,1.054,0.094,0.359,0.68
0.508,0.544,1.13,1.098,1.053,0.094,0.359,0.68
0.508,0.543,1.129,1.097,1.053,0.094,0.359,0.679
0.507,0.543,1.129,1.096,1.052,0.094,0.359,0.679
0.507,0.542,1.128,1.096,1.051,0.094,0.359,0.678
0.506,0.542,1.127,1.095,1.051,0.094,0.359,0.678
0.506,0.541,1.127,1.094,1.05,0.094,0.359,0.677
0.505,0.541,1.126,1.093,1.049,0.093,0.359,0.677
0.505,0.54,1.126,1.092,1.048,0.094,0.359,0.676
0.505,0.54,1.125,1.091,1.048,0.094,0.358,0.675
0.504,0.539,1.124,1.091,1.047,0.093,0.358,0.675
0.504,0.539,1.124,1.09,1.046,0.093,0.358,0.674
0.503,0.539,1.123,1.089,1.046,0.093,0.358,0.674
0.503,0.538,1.123,1.088,1.045,0.093,0.358,0.673
0.502,0.538,1.122,1.087,1.044,0.093,0.358,0.672
0.502,0.537,1.121,1.086,1.043,0.093,0.358,0.672
0.502,0.537,1.121,1.085,1.042,0.093,0.358,0.671
0.501,0.536,1.12,1.084,1.041,0.093,0.358,0.67
0.501,0.536,1.119,1.082,1.04,0.093,0.358,0.669
0.5,0.535,1.119,1.082,1.04,0.093,0.357,0.669
0.5,0.535,1.118,1.08,1.039,0.093,0.357,0.668
0.499,0.535,1.118,1.08,1.038,0.093,0.357,0.667
0.499,0.534,1.117,1.078,1.037,0.092,0.357,0.667
0.498,0.534,1.116,1.077,1.036,0.092,0.357,0.666
0.498,0.534,1.116,1.076,1.036,0.092,0.357,0.666
0.498,0.533,1.115,1.076,1.035,0.092,0.357,0.665
0.497,0.533,1.115,1.074,1.034,0.092,0.357,0.664
0.497,0.533,1.114,1.073,1.033,0.092,0.357,0.663
0.496,0.532,1.114,1.072,1.032,0.092,0.357,0.663
0.496,0.532,1.113,1.071,1.032,0.092,0.357,0.662
0.496,0.531,1.113,1.07,1.024,0.092,0.356,0.662
0.495,0.531,1.112,1.069,1.022,0.092,0.356,0.661
0.495,0.53,1.111,1.068,1.021,0.092,0.356,0.66
0.494,0.53,1.111,1.067,1.021,0.092,0.356,0.66
0.494,0.529,1.11,1.066,1.02,0.092,0.356,0.659
0.494,0.529,1.11,1.065,1.019,0.092,0.356,0.658
0.493,0.528,1.109,1.064,1.019,0.092,0.356,0.658
0.493,0.528,1.109,1.063,1.018,0.092,0.356,0.657
0.492,0.527,1.108,1.062,1.017,0.091,0.356,0.656
0.492,0.527,1.107,1.061,1.016,0.091,0.356,0.656
0.491,0.526,1.107,1.059,1.015,0.091,0.355,0.655
0.491,0.525,1.106,1.059,1.015,0.091,0.355,0.654
0.491,0.525,1.106,1.057,1.014,0.091,0.355,0.654
0.49,0.524,1.105,1.056,1.013,0.091,0.355,0.653
0.489,0.524,1.104,1.055,1.012,0.091,0.355,0.652
0.489,0.523,1.104,1.054,1.011,0.091,0.355,0.651
0.488,0.523,1.103,1.053,1.01,0.091,0.355,0.651
0.488,0.522,1.102,1.052,1.009,0.091,0.355,0.65
0.488,0.521,1.102,1.051,1.009,0.091,0.354,0.649
0.487,0.521,1.101,1.05,1.008,0.091,0.354,0.649
0.487,0.52,1.1,1.049,1.007,0.09,0.354,0.648
0.486,0.519,1.1,1.047,1.006,0.09,0.354,0.647
0.486,0.518,1.099,1.046,1.005,0.09,0.354,0.647
0.485,0.518,1.098,1.045,1.004,0.09,0.354,0.646
0.485,0.517,1.098,1.044,1.004,0.09,0.354,0.645
0.485,0.517,1.097,1.043,1.002,0.09,0.354,0.644
0.484,0.516,1.096,1.042,1.002,0.09,0.354,0.644
0.483,0.516,1.096,1.041,1.001,0.09,0.353,0.643
0.483,0.515,1.095,1.04,1.0,0.09,0.354,0.642
0.483,0.514,1.095,1.039,0.999,0.09,0.353,0.641
0.482,0.514,1.094,1.038,0.998,0.09,0.353,0.641
0.482,0.513,1.093,1.037,0.997,0.09,0.353,0.64
0.481,0.513,1.093,1.036,0.996,0.09,0.353,0.639
0.481,0.512,1.093,1.035,0.996,0.089,0.353,0.638
0.481,0.512,1.092,1.034,0.995,0.089,0.353,0.638
0.48,0.511,1.091,1.033,0.994,0.089,0.353,0.637
0.48,0.511,1.091,1.032,0.993,0.089,0.353,0.636
0.479,0.51,1.09,1.031,0.992,0.089,0.353,0.636
0.479,0.509,1.09,1.03,0.991,0.089,0.353,0.635
0.478,0.509,1.089,1.029,0.99,0.089,0.352,0.634
0.478,0.508,1.088,1.028,0.99,0.089,0.352,0.634
0.477,0.508,1.088,1.027,0.988,0.089,0.352,0.633
0.477,0.507,1.087,1.026,0.988,0.089,0.352,0.632
0.476,0.507,1.086,1.025,0.987,0.089,0.352,0.632
0.476,0.506,1.086,1.024,0.986,0.089,0.352,0.631
0.475,0.506,1.085,1.023,0.985,0.088,0.352,0.63
0.475,0.505,1.084,1.021,0.984,0.088,0.352,0.629
0.475,0.505,1.084,1.02,0.983,0.088,0.352,0.629
0.474,0.504,1.083,1.019,0.982,0.088,0.351,0.628
0.474,0.503,1.083,1.018,0.981,0.088,0.351,0.628
0.473,0.503,1.082,1.017,0.981,0.088,0.351,0.627
0.473,0.502,1.082,1.017,0.98,0.088,0.351,0.626
0.472,0.502,1.081,1.016,0.979,0.088,0.351,0.625
0.472,0.501,1.08,1.015,0.978,0.088,0.351,0.625
0.471,0.501,1.079,1.014,0.977,0.088,0.351,0.624
0.471,0.5,1.079,1.013,0.977,0.088,0.351,0.623
0.471,0.5,1.079,1.012,0.976,0.088,0.351,0.623
0.47,0.499,1.078,1.011,0.975,0.088,0.351,0.622
0.47,0.499,1.077,1.01,0.974,0.087,0.35,0.621
0.469,0.499,1.077,1.009,0.974,0.087,0.35,0.621
0.469,0.498,1.076,1.008,0.973,0.087,0.35,0.62
0.468,0.497,1.076,1.007,0.972,0.087,0.35,0.619
0.468,0.497,1.075,1.006,0.971,0.087,0.35,0.618
0.467,0.497,1.074,1.005,0.97,0.087,0.35,0.618
0.467,0.496,1.074,1.004,0.969,0.087,0.35,0.617
0.467,0.496,1.073,1.003,0.969,0.087,0.35,0.617
0.466,0.495,1.073,1.002,0.968,0.087,0.35,0.616
0.466,0.495,1.072,1.001,0.967,0.087,0.35,0.615
0.465,0.494,1.071,1.0,0.966,0.087,0.349,0.615
0.465,0.494,1.071,0.999,0.966,0.087,0.349,0.614
0.464,0.494,1.07,0.998,0.965,0.086,0.349,0.613
0.464,0.493,1.069,0.997,0.966,0.086,0.349,0.613
0.464,0.493,1.069,0.996,0.967,0.086,0.349,0.612
0.463,0.492,1.068,0.995,0.967,0.086,0.349,0.611
0.463,0.492,1.068,0.994,0.966,0.086,0.349,0.611
0.462,0.492,1.067,0.993,0.965,0.086,0.349,0.61
0.462,0.491,1.066,0.992,0.964,0.086,0.349,0.609
0.461,0.491,1.066,0.992,0.963,0.086,0.349,0.609
0.461,0.491,1.065,0.991,0.962,0.086,0.348,0.608
0.46,0.49,1.065,0.99,0.961,0.086,0.348,0.608
0.46,0.49,1.064,0.989,0.96,0.086,0.348,0.607
0.46,0.489,1.063,0.988,0.959,0.086,0.348,0.607
0.459,0.489,1.063,0.987,0.958,0.085,0.348,0.606
0.459,0.489,1.062,0.986,0.957,0.085,0.348,0.605
0.458,0.488,1.061,0.985,0.956,0.085,0.347,0.605
0.458,0.488,1.061,0.984,0.955,0.085,0.348,0.604
0.457,0.487,1.06,0.983,0.954,0.085,0.348,0.604
0.457,0.487,1.06,0.982,0.954,0.085,0.347,0.603
0.456,0.486,1.059,0.981,0.952,0.085,0.347,0.602
0.456,0.486,1.058,0.98,0.951,0.085,0.347,0.602
0.456,0.485,1.058,0.979,0.951,0.085,0.347,0.602
0.455,0.485,1.057,0.979,0.95,0.085,0.347,0.601
0.455,0.484,1.056,0.978,0.949,0.085,0.347,0.6
0.454,0.484,1.056,0.977,0.948,0.085,0.347,0.6
0.454,0.483,1.055,0.976,0.947,0.085,0.347,0.599
0.454,0.483,1.054,0.975,0.946,0.084,0.347,0.598
0.453,0.483,1.054,0.974,0.945,0.084,0.346,0.598
0.453,0.482,1.053,0.973,0.944,0.084,0.346,0.597
0.452,0.482,1.053,0.972,0.944,0.084,0.346,0.597
0.452,0.482,1.052,0.972,0.943,0.084,0.346,0.596
0.451,0.481,1.051,0.97,0.942,0.084,0.346,0.596
0.451,0.481,1.051,0.97,0.941,0.084,0.346,0.595
0.45,0.48,1.05,0.969,0.94,0.084,0.346,0.594
0.45,0.48,1.05,0.968,0.939,0.084,0.346,0.594
0.45,0.48,1.049,0.967,0.938,0.084,0.345,0.593
0.449,0.479,1.048,0.966,0.937,0.084,0.345,0.592
0.449,0.479,1.047,0.965,0.936,0.084,0.345,0.592
0.448,0.478,1.047,0.964,0.935,0.083,0.345,0.591
0.448,0.478,1.046,0.963,0.934,0.083,0.345,0.591
0.447,0.478,1.046,0.963,0.934,0.083,0.345,0.59
0.447,0.477,1.045,0.962,0.933,0.083,0.345,0.589
0.447,0.477,1.044,0.961,0.932,0.083,0.345,0.589
0.446,0.477,1.044,0.96,0.931,0.083,0.345,0.588
0.446,0.476,1.043,0.959,0.931,0.083,0.344,0.588
0.445,0.476,1.043,0.958,0.93,0.083,0.344,0.587
0.445,0.476,1.042,0.958,0.929,0.083,0.344,0.587
0.445,0.476,1.042,0.957,0.928,0.083,0.344,0.586
0.444,0.475,1.041,0.956,0.927,0.083,0.344,0.585
0.444,0.475,1.04,0.955,0.926,0.083,0.344,0.585
0.443,0.474,1.04,0.954,0.925,0.083,0.344,0.584
0.443,0.474,1.039,0.953,0.925,0.082,0.344,0.584
0.442,0.473,1.038,0.952,0.924,0.082,0.344,0.583
0.442,0.473,1.038,0.951,0.923,0.082,0.343,0.583
0.442,0.473,1.037,0.951,0.922,0.082,0.343,0.582
0.441,0.472,1.037,0.95,0.921,0.082,0.343,0.582
0.441,0.472,1.036,0.949,0.921,0.082,0.343,0.581
0.44,0.472,1.035,0.948,0.92,0.082,0.343,0.58
0.44,0.471,1.035,0.947,0.919,0.082,0.343,0.58
0.44,0.471,1.034,0.947,0.918,0.082,0.343,0.579
0.439,0.47,1.034,0.946,0.918,0.082,0.343,0.579
0.439,0.47,1.033,0.945,0.917,0.082,0.343,0.578
0.438,0.47,1.032,0.944,0.916,0.082,0.342,0.577
0.438,0.469,1.032,0.943,0.915,0.082,0.342,0.577
0.437,0.469,1.031,0.942,0.915,0.081,0.342,0.576
0.437,0.468,1.031,0.941,0.914,0.081,0.342,0.576
0.436,0.468,1.03,0.941,0.913,0.081,0.342,0.575
0.436,0.468,1.029,0.94,0.912,0.081,0.342,0.574
0.436,0.467,1.029,0.939,0.912,0.081,0.342,0.574
0.435,0.467,1.028,0.938,0.911,0.081,0.342,0.573
0.435,0.467,1.028,0.937,0.91,0.081,0.342,0.572
0.434,0.466,1.027,0.937,0.909,0.081,0.341,0.572
0.434,0.466,1.026,0.936,0.909,0.081,0.341,0.571
0.434,0.466,1.026,0.935,0.908,0.081,0.341,0.571
0.433,0.465,1.025,0.934,0.907,0.081,0.341,0.57
0.433,0.465,1.025,0.934,0.907,0.081,0.341,0.57
0.432,0.465,1.024,0.933,0.906,0.081,0.341,0.569
0.432,0.465,1.023,0.932,0.905,0.081,0.341,0.568
0.432,0.464,1.023,0.931,0.905,0.081,0.34,0.568
0.431,0.464,1.022,0.931,0.904,0.08,0.34,0.567
0.431,0.464,1.022,0.93,0.903,0.08,0.34,0.567
0.43,0.463,1.021,0.929,0.903,0.08,0.34,0.566
0.43,0.463,1.02,0.929,0.902,0.08,0.34,0.566
0.43,0.463,1.02,0.928,0.902,0.08,0.34,0.565
0.429,0.462,1.019,0.927,0.901,0.08,0.34,0.565
0.429,0.462,1.019,0.926,0.9,0.08,0.34,0.564
0.428,0.461,1.018,0.926,0.9,0.08,0.34,0.564
0.428,0.461,1.017,0.925,0.899,0.08,0.34,0.563
0.428,0.461,1.017,0.924,0.898,0.08,0.339,0.563
0.427,0.46,1.016,0.924,0.898,0.08,0.339,0.562
0.427,0.46,1.016,0.923,0.897,0.08,0.339,0.562
0.426,0.46,1.015,0.922,0.896,0.08,0.339,0.561
0.426,0.46,1.015,0.922,0.896,0.08,0.339,0.561
0.426,0.459,1.014,0.921,0.895,0.08,0.339,0.56
0.425,0.459,1.014,0.92,0.894,0.08,0.339,0.56
0.425,0.459,1.013,0.919,0.894,0.08,0.339,0.559
0.424,0.458,1.013,0.919,0.893,0.079,0.338,0.559
0.424,0.458,1.012,0.918,0.892,0.079,0.338,0.558
0.424,0.458,1.011,0.917,0.892,0.079,0.338,0.557
0.423,0.457,1.011,0.916,0.891,0.079,0.338,0.557
0.423,0.457,1.01,0.915,0.89,0.079,0.338,0.556
0.422,0.457,1.01,0.915,0.89,0.079,0.338,0.556
0.422,0.456,1.009,0.914,0.889,0.079,0.338,0.555
0.422,0.456,1.008,0.913,0.888,0.079,0.338,0.555
0.421,0.456,1.008,0.912,0.887,0.079,0.338,0.554
0.421,0.456,1.007,0.912,0.887,0.079,0.337,0.554
0.42,0.455,1.006,0.911,0.886,0.079,0.337,0.553
0.42,0.455,1.006,0.91,0.885,0.079,0.337,0.553
0.42,0.455,1.005,0.91,0.885,0.079,0.337,0.552
0.42,0.455,1.005,0.909,0.884,0.079,0.337,0.552
0.419,0.454,1.004,0.908,0.884,0.079,0.337,0.551
0.419,0.454,1.004,0.908,0.883,0.079,0.337,0.551
0.418,0.454,1.003,0.907,0.882,0.079,0.337,0.551
0.418,0.454,1.003,0.906,0.882,0.078,0.337,0.55
0.418,0.453,1.002,0.906,0.881,0.078,0.337,0.55
0.417,0.453,1.002,0.905,0.881,0.078,0.336,0.549
0.417,0.453,1.001,0.904,0.88,0.078,0.336,0.549
0.417,0.453,1.001,0.904,0.879,0.078,0.336,0.548
0.416,0.452,1.0,0.903,0.878,0.078,0.336,0.548
0.416,0.452,1.0,0.902,0.878,0.078,0.336,0.548
0.415,0.452,0.999,0.902,0.877,0.078,0.336,0.547
0.415,0.452,0.999,0.901,0.877,0.078,0.336,0.547
0.415,0.451,0.998,0.9,0.876,0.078,0.336,0.546
0.414,0.451,0.998,0.899,0.876,0.078,0.335,0.546
0.414,0.451,0.997,0.899,0.875,0.078,0.335,0.545
0.414,0.451,0.996,0.898,0.874,0.078,0.335,0.545
0.413,0.45,0.996,0.897,0.873,0.078,0.335,0.544
0.413,0.45,0.995,0.896,0.873,0.078,0.335,0.544
0.413,0.45,0.995,0.896,0.872,0.078,0.335,0.544
0.412,0.45,0.994,0.895,0.872,0.078,0.335,0.543
0.412,0.45,0.994,0.895,0.871,0.078,0.335,0.543
0.412,0.449,0.993,0.894,0.87,0.077,0.335,0.542
0.411,0.449,0.992,0.893,0.87,0.077,0.334,0.542
0.411,0.449,0.992,0.892,0.869,0.077,0.334,0.542
0.41,0.449,0.991,0.892,0.869,0.077,0.334,0.541
0.41,0.448,0.991,0.891,0.868,0.077,0.334,0.541
0.41,0.448,0.99,0.89,0.867,0.077,0.334,0.54
0.409,0.448,0.99,0.89,0.867,0.077,0.334,0.54
0.409,0.448,0.989,0.889,0.866,0.077,0.334,0.539
0.409,0.447,0.989,0.888,0.866,0.077,0.334,0.539
0.408,0.447,0.988,0.888,0.865,0.077,0.334,0.539
0.408,0.447,0.988,0.887,0.865,0.077,0.334,0.538
0.408,0.447,0.987,0.886,0.864,0.077,0.333,0.538
0.407,0.446,0.987,0.886,0.863,0.077,0.333,0.537
0.407,0.446,0.986,0.885,0.863,0.077,0.333,0.537
0.407,0.446,0.986,0.884,0.862,0.077,0.333,0.536
0.406,0.445,0.985,0.884,0.862,0.077,0.333,0.536
0.406,0.445,0.984,0.883,0.861,0.077,0.333,0.536
0.406,0.445,0.984,0.882,0.86,0.077,0.333,0.535
0.405,0.445,0.983,0.882,0.86,0.076,0.333,0.535
0.405,0.444,0.983,0.881,0.859,0.077,0.333,0.534
0.404,0.444,0.982,0.881,0.859,0.076,0.332,0.534
0.404,0.444,0.982,0.88,0.858,0.076,0.332,0.534
0.404,0.444,0.981,0.879,0.858,0.076,0.332,0.533
0.404,0.444,0.981,0.879,0.857,0.076,0.332,0.533
0.403,0.443,0.98,0.878,0.856,0.076,0.332,0.533
0.403,0.443,0.98,0.877,0.856,0.076,0.332,0.532
0.402,0.443,0.979,0.877,0.855,0.076,0.332,0.532
0.402,0.442,0.978,0.876,0.855,0.076,0.332,0.531
0.402,0.442,0.978,0.875,0.854,0.076,0.332,0.531
0.401,0.442,0.977,0.875,0.853,0.076,0.331,0.53
0.401,0.441,0.977,0.874,0.853,0.076,0.332,0.53
0.401,0.441,0.977,0.874,0.852,0.076,0.331,0.53
0.4,0.441,0.976,0.873,0.852,0.076,0.331,0.529
0.4,0.441,0.975,0.872,0.851,0.076,0.331,0.529
0.4,0.44,0.975,0.872,0.851,0.076,0.331,0.528
0.4,0.44,0.974,0.871,0.85,0.076,0.331,0.528
0.399,0.44,0.974,0.871,0.85,0.076,0.331,0.528
0.399,0.44,0.973,0.87,0.849,0.076,0.331,0.527
0.399,0.44,0.973,0.869,0.849,0.076,0.331,0.527
0.398,0.439,0.972,0.869,0.848,0.076,0.331,0.526
0.398,0.439,0.972,0.868,0.847,0.075,0.33,0.526
0.398,0.439,0.971,0.867,0.847,0.075,0.33,0.525
0.397,0.439,0.971,0.867,0.846,0.075,0.33,0.525
0.397,0.439,0.97,0.866,0.846,0.075,0.33,0.525
0.397,0.438,0.97,0.866,0.845,0.075,0.33,0.524
0.396,0.438,0.969,0.865,0.844,0.075,0.33,0.524
0.396,0.438,0.969,0.865,0.844,0.075,0.33,0.523
0.396,0.437,0.968,0.864,0.843,0.075,0.33,0.523
0.395,0.437,0.968,0.863,0.843,0.075,0.329,0.523
0.395,0.437,0.967,0.863,0.842,0.075,0.329,0.522
0.395,0.437,0.966,0.862,0.842,0.075,0.329,0.522
0.394,0.437,0.966,0.861,0.841,0.075,0.329,0.521
0.394,0.436,0.965,0.861,0.84,0.075,0.329,0.521
0.394,0.436,0.965,0.86,0.84,0.075,0.329,0.521
0.393,0.436,0.964,0.86,0.839,0.075,0.329,0.52
0.393,0.436,0.964,0.859,0.839,0.075,0.329,0.52
0.393,0.435,0.963,0.858,0.838,0.075,0.329,0.52
0.392,0.435,0.963,0.858,0.838,0.075,0.329,0.519
0.392,0.435,0.962,0.857,0.837,0.075,0.328,0.519
0.392,0.435,0.962,0.857,0.837,0.075,0.328,0.518
0.392,0.435,0.961,0.856,0.836,0.074,0.328,0.518
0.391,0.434,0.961,0.855,0.835,0.075,0.328,0.518
0.391,0.434,0.96,0.855,0.835,0.074,0.328,0.517
0.391,0.434,0.96,0.854,0.834,0.074,0.328,0.517
0.39,0.434,0.959,0.854,0.834,0.074,0.328,0.517
0.39,0.433,0.959,0.853,0.833,0.074,0.328,0.516
0.39,0.433,0.958,0.852,0.833,0.074,0.328,0.516
0.389,0.433,0.958,0.852,0.832,0.074,0.328,0.516
0.389,0.433,0.957,0.851,0.832,0.074,0.328,0.515
0.389,0.433,0.957,0.851,0.831,0.074,0.328,0.515
0.388,0.432,0.956,0.85,0.831,0.074,0.328,0.515
0.388,0.432,0.956,0.85,0.83,0.074,0.327,0.514
0.388,0.432,0.955,0.849,0.83,0.074,0.327,0.514
0.388,0.432,0.955,0.849,0.829,0.074,0.327,0.514
0.387,0.431,0.954,0.848,0.829,0.074,0.327,0.514
0.387,0.431,0.954,0.848,0.828,0.074,0.327,0.513
0.387,0.431,0.953,0.847,0.828,0.074,0.327,0.513
0.386,0.43,0.953,0.847,0.827,0.074,0.327,0.513
0.386,0.43,0.952,0.846,0.827,0.074,0.327,0.512
0.386,0.43,0.952,0.845,0.826,0.074,0.327,0.512
0.385,0.43,0.951,0.845,0.825,0.074,0.326,0.512
0.385,0.429,0.951,0.844,0.825,0.074,0.326,0.511
0.385,0.429,0.95,0.844,0.824,0.073,0.326,0.511
0.385,0.429,0.95,0.843,0.824,0.074,0.326,0.511
0.384,0.429,0.95,0.843,0.823,0.073,0.326,0.51
0.384,0.429,0.949,0.842,0.823,0.074,0.326,0.51
0.384,0.428,0.949,0.842,0.822,0.074,0.326,0.51
0.383,0.428,0.948,0.841,0.822,0.073,0.326,0.509
0.383,0.428,0.948,0.84,0.822,0.073,0.326,0.509
0.383,0.428,0.947,0.84,0.821,0.073,0.326,0.508
0.382,0.428,0.946,0.839,0.821,0.073,0.326,0.508
0.382,0.427,0.946,0.839,0.82,0.073,0.325,0.508
0.382,0.427,0.946,0.838,0.82,0.073,0.325,0.507
0.382,0.427,0.945,0.838,0.819,0.073,0.325,0.507
0.381,0.427,0.945,0.837,0.819,0.073,0.325,0.507
0.381,0.427,0.944,0.837,0.819,0.073,0.325,0.506
0.381,0.426,0.943,0.836,0.818,0.073,0.325,0.506
0.381,0.426,0.943,0.836,0.818,0.073,0.325,0.505
0.379,0.425,0.939,0.832,0.814,0.073,0.323,0.503
0.381,0.427,0.943,0.835,0.817,0.073,0.325,0.505
0.381,0.427,0.944,0.836,0.818,0.073,0.325,0.506
0.38,0.426,0.943,0.835,0.817,0.073,0.325,0.505
0.379,0.425,0.94,0.833,0.815,0.073,0.324,0.504
0.377,0.423,0.936,0.829,0.812,0.072,0.323,0.502
0.377,0.424,0.937,0.829,0.811,0.072,0.322,0.501
0.379,0.426,0.94,0.832,0.814,0.073,0.324,0.503
0.379,0.426,0.941,0.833,0.815,0.073,0.325,0.504
0.378,0.425,0.939,0.831,0.814,0.073,0.324,0.503
0.377,0.424,0.937,0.829,0.812,0.072,0.324,0.502
0.375,0.422,0.933,0.826,0.809,0.072,0.323,0.5
0.376,0.422,0.933,0.825,0.808,0.072,0.322,0.499
0.377,0.424,0.938,0.829,0.811,0.072,0.323,0.5
0.377,0.424,0.938,0.83,0.812,0.073,0.324,0.502
0.376,0.424,0.936,0.828,0.811,0.072,0.324,0.501
0.375,0.423,0.934,0.827,0.809,0.072,0.323,0.5
0.374,0.421,0.93,0.823,0.806,0.072,0.322,0.498
0.374,0.421,0.93,0.822,0.805,0.072,0.321,0.497
0.375,0.423,0.934,0.826,0.808,0.072,0.323,0.498
0.375,0.423,0.935,0.827,0.809,0.072,0.324,0.5
0.375,0.422,0.934,0.825,0.808,0.072,0.323,0.499
0.374,0.421,0.932,0.824,0.806,0.072,0.322,0.498
0.372,0.42,0.928,0.82,0.803,0.072,0.321,0.496
0.372,0.42,0.927,0.819,0.802,0.072,0.321,0.495
0.374,0.422,0.931,0.823,0.805,0.072,0.322,0.497
0.374,0.422,0.932,0.824,0.806,0.072,0.323,0.498
0.373,0.421,0.931,0.822,0.805,0.072,0.322,0.497
0.372,0.42,0.929,0.82,0.803,0.072,0.322,0.496
0.37,0.418,0.925,0.817,0.8,0.072,0.321,0.494
0.371,0.419,0.924,0.816,0.799,0.071,0.32,0.493
0.372,0.42,0.928,0.819,0.802,0.072,0.321,0.495
0.372,0.421,0.929,0.821,0.803,0.072,0.322,0.496
0.371,0.42,0.928,0.819,0.802,0.072,0.322,0.495
0.37,0.419,0.926,0.817,0.801,0.072,0.321,0.494
0.369,0.417,0.922,0.814,0.797,0.071,0.32,0.492
0.369,0.417,0.921,0.813,0.796,0.071,0.32,0.491
0.37,0.419,0.925,0.816,0.799,0.071,0.321,0.493
0.37,0.419,0.926,0.818,0.801,0.072,0.322,0.494
0.37,0.419,0.925,0.816,0.8,0.072,0.321,0.494
0.369,0.418,0.923,0.814,0.798,0.071,0.321,0.493
0.367,0.416,0.919,0.811,0.794,0.071,0.32,0.491
0.367,0.416,0.919,0.81,0.793,0.071,0.319,0.489
0.369,0.418,0.922,0.813,0.796,0.071,0.32,0.491
0.369,0.419,0.924,0.814,0.798,0.071,0.321,0.492
0.368,0.418,0.922,0.813,0.797,0.071,0.321,0.492
0.367,0.417,0.92,0.811,0.795,0.071,0.32,0.491
0.366,0.415,0.917,0.808,0.792,0.071,0.319,0.489
0.366,0.415,0.916,0.807,0.79,0.071,0.318,0.488
0.367,0.417,0.92,0.81,0.793,0.071,0.319,0.489
0.367,0.418,0.921,0.812,0.795,0.071,0.321,0.491
0.367,0.417,0.92,0.81,0.794,0.071,0.32,0.49
0.366,0.416,0.918,0.808,0.792,0.071,0.32,0.489
0.364,0.414,0.914,0.805,0.789,0.071,0.319,0.488
0.364,0.414,0.913,0.804,0.787,0.071,0.318,0.486
0.366,0.416,0.917,0.807,0.79,0.071,0.319,0.487
0.366,0.416,0.918,0.809,0.792,0.071,0.32,0.489
0.365,0.416,0.917,0.807,0.791,0.071,0.32,0.489
0.364,0.415,0.915,0.806,0.79,0.071,0.319,0.488
0.362,0.413,0.911,0.802,0.787,0.071,0.318,0.486
0.363,0.415,0.914,0.805,0.789,0.071,0.319,0.487
0.364,0.415,0.914,0.804,0.788,0.071,0.319,0.487
0.363,0.414,0.913,0.804,0.788,0.071,0.319,0.486
0.363,0.414,0.913,0.803,0.787,0.071,0.319,0.486
0.363,0.414,0.912,0.803,0.787,0.071,0.319,0.486
0.363,0.414,0.912,0.802,0.786,0.071,0.318,0.486
0.363,0.414,0.912,0.802,0.786,0.071,0.318,0.485
0.362,0.414,0.911,0.802,0.786,0.071,0.318,0.485
0.362,0.413,0.911,0.801,0.785,0.07,0.318,0.485
0.362,0.413,0.91,0.801,0.784,0.07,0.318,0.484
0.362,0.413,0.91,0.8,0.784,0.07,0.318,0.484
0.361,0.413,0.909,0.8,0.784,0.07,0.318,0.484
0.361,0.413,0.909,0.799,0.783,0.07,0.318,0.484
0.361,0.413,0.909,0.799,0.783,0.07,0.318,0.483
0.361,0.412,0.908,0.798,0.783,0.07,0.318,0.483
0.36,0.412,0.908,0.798,0.782,0.07,0.318,0.483
0.36,0.412,0.907,0.797,0.782,0.07,0.317,0.482
0.36,0.412,0.907,0.797,0.782,0.07,0.318,0.482
0.36,0.412,0.906,0.797,0.781,0.07,0.317,0.482
0.359,0.412,0.906,0.796,0.781,0.07,0.317,0.482
0.359,0.411,0.906,0.796,0.78,0.07,0.317,0.481
0.359,0.411,0.905,0.795,0.78,0.07,0.317,0.481
0.359,0.411,0.905,0.795,0.779,0.07,0.317,0.481
0.358,0.411,0.904,0.794,0.779,0.07,0.317,0.481
0.358,0.411,0.904,0.794,0.778,0.07,0.317,0.48
0.358,0.411,0.903,0.794,0.778,0.07,0.317,0.48
0.358,0.411,0.903,0.793,0.778,0.07,0.317,0.48
0.358,0.411,0.903,0.793,0.777,0.07,0.316,0.479
0.357,0.41,0.902,0.792,0.777,0.07,0.317,0.479
0.357,0.41,0.902,0.792,0.777,0.07,0.316,0.479
0.357,0.41,0.901,0.791,0.776,0.07,0.316,0.479
0.357,0.41,0.901,0.791,0.776,0.07,0.316,0.478
0.356,0.41,0.901,0.791,0.775,0.07,0.316,0.478
0.356,0.409,0.9,0.79,0.775,0.07,0.316,0.478
0.356,0.409,0.9,0.79,0.774,0.07,0.316,0.477
0.356,0.409,0.899,0.789,0.774,0.07,0.316,0.477
0.355,0.409,0.899,0.789,0.773,0.07,0.316,0.477
0.355,0.409,0.898,0.788,0.773,0.07,0.316,0.477
0.355,0.408,0.898,0.788,0.772,0.07,0.316,0.476
0.355,0.408,0.897,0.788,0.772,0.069,0.316,0.476
0.354,0.408,0.897,0.787,0.771,0.069,0.315,0.476
0.354,0.408,0.897,0.787,0.771,0.069,0.315,0.476
0.354,0.408,0.896,0.786,0.771,0.07,0.315,0.476
0.354,0.407,0.896,0.786,0.77,0.069,0.315,0.475
0.354,0.407,0.895,0.785,0.77,0.069,0.315,0.475
0.353,0.407,0.895,0.785,0.769,0.069,0.315,0.475
0.353,0.407,0.894,0.784,0.769,0.069,0.315,0.475
0.353,0.407,0.894,0.784,0.769,0.069,0.315,0.474
0.353,0.407,0.894,0.784,0.768,0.069,0.315,0.474
0.352,0.406,0.893,0.783,0.768,0.069,0.315,0.474
0.352,0.406,0.893,0.783,0.768,0.069,0.315,0.474
0.352,0.406,0.893,0.782,0.767,0.069,0.315,0.473
0.352,0.406,0.892,0.782,0.767,0.069,0.314,0.473
0.352,0.406,0.892,0.781,0.766,0.069,0.314,0.473
0.351,0.406,0.891,0.781,0.766,0.069,0.314,0.472
0.351,0.405,0.891,0.781,0.766,0.069,0.314,0.472
0.351,0.405,0.891,0.78,0.765,0.069,0.314,0.472
0.351,0.405,0.89,0.78,0.765,0.069,0.314,0.472
0.35,0.405,0.89,0.779,0.765,0.069,0.314,0.471
0.35,0.405,0.889,0.779,0.764,0.069,0.314,0.471
0.35,0.405,0.889,0.778,0.764,0.069,0.314,0.471
0.35,0.405,0.888,0.778,0.764,0.069,0.314,0.47
0.349,0.405,0.888,0.778,0.763,0.069,0.314,0.47
0.349,0.405,0.888,0.777,0.763,0.069,0.314,0.47
0.349,0.404,0.887,0.777,0.763,0.069,0.313,0.469
0.349,0.404,0.887,0.776,0.762,0.069,0.313,0.469
0.349,0.404,0.887,0.776,0.762,0.069,0.313,0.469
0.348,0.404,0.886,0.775,0.762,0.069,0.313,0.469
0.348,0.404,0.886,0.775,0.761,0.069,0.313,0.468
0.348,0.404,0.885,0.774,0.761,0.069,0.313,0.468
0.348,0.404,0.885,0.774,0.761,0.069,0.313,0.468
0.348,0.403,0.884,0.774,0.76,0.069,0.313,0.467
0.347,0.403,0.884,0.773,0.76,0.069,0.313,0.467
0.347,0.403,0.884,0.773,0.76,0.069,0.313,0.467
0.347,0.403,0.883,0.772,0.759,0.068,0.313,0.467
0.347,0.403,0.883,0.772,0.759,0.069,0.312,0.466
0.346,0.403,0.883,0.771,0.758,0.069,0.312,0.466
0.346,0.403,0.882,0.771,0.758,0.068,0.312,0.466
0.346,0.402,0.882,0.771,0.758,0.068,0.312,0.466
0.346,0.402,0.881,0.77,0.757,0.068,0.312,0.465
0.346,0.402,0.881,0.77,0.757,0.068,0.312,0.465
0.345,0.402,0.88,0.77,0.757,0.068,0.312,0.465
0.345,0.402,0.88,0.769,0.756,0.068,0.312,0.465
0.345,0.401,0.88,0.769,0.756,0.068,0.312,0.465
0.345,0.401,0.879,0.768,0.755,0.068,0.312,0.464
0.344,0.401,0.879,0.768,0.755,0.068,0.312,0.464
0.344,0.401,0.879,0.768,0.754,0.068,0.311,0.464
0.344,0.401,0.878,0.767,0.754,0.068,0.311,0.464
0.344,0.401,0.878,0.767,0.754,0.068,0.311,0.463
0.343,0.4,0.877,0.766,0.753,0.068,0.311,0.463
0.343,0.4,0.877,0.766,0.753,0.068,0.311,0.463
0.343,0.4,0.876,0.766,0.753,0.068,0.311,0.462
0.343,0.4,0.876,0.765,0.752,0.068,0.311,0.462
0.343,0.4,0.876,0.765,0.752,0.068,0.311,0.462
0.343,0.4,0.875,0.764,0.751,0.068,0.311,0.462
0.342,0.4,0.875,0.764,0.751,0.068,0.311,0.461
0.342,0.4,0.874,0.764,0.751,0.068,0.311,0.461
0.342,0.4,0.874,0.763,0.75,0.068,0.31,0.461
0.341,0.399,0.873,0.763,0.75,0.068,0.31,0.46
0.342,0.399,0.873,0.762,0.75,0.068,0.31,0.46
0.341,0.399,0.873,0.762,0.749,0.068,0.31,0.46
0.341,0.399,0.872,0.761,0.749,0.068,0.31,0.46
0.341,0.399,0.872,0.761,0.748,0.068,0.31,0.46
0.341,0.399,0.872,0.761,0.748,0.068,0.31,0.459
0.341,0.398,0.871,0.76,0.748,0.068,0.31,0.459
0.34,0.398,0.871,0.76,0.747,0.068,0.31,0.459
0.34,0.398,0.87,0.759,0.747,0.068,0.31,0.458
0.34,0.398,0.87,0.759,0.747,0.068,0.31,0.458
0.339,0.398,0.869,0.759,0.746,0.068,0.309,0.458
0.339,0.398,0.869,0.758,0.746,0.068,0.309,0.458
0.339,0.397,0.869,0.758,0.746,0.068,0.309,0.458
0.339,0.397,0.868,0.757,0.745,0.067,0.309,0.457
0.339,0.397,0.868,0.757,0.745,0.068,0.309,0.457
0.338,0.397,0.867,0.757,0.745,0.067,0.309,0.457
0.338,0.397,0.867,0.756,0.744,0.068,0.309,0.457
0.338,0.397,0.867,0.756,0.744,0.068,0.309,0.456
0.338,0.397,0.866,0.756,0.744,0.067,0.309,0.456
0.337,0.396,0.866,0.755,0.743,0.067,0.309,0.456
0.337,0.396,0.866,0.755,0.743,0.067,0.309,0.456
0.337,0.396,0.865,0.754,0.743,0.067,0.308,0.455
0.337,0.396,0.865,0.754,0.742,0.067,0.309,0.455
0.337,0.396,0.864,0.754,0.742,0.067,0.308,0.455
0.336,0.396,0.864,0.753,0.741,0.067,0.308,0.454
0.336,0.395,0.864,0.753,0.741,0.067,0.308,0.454
0.336,0.395,0.863,0.753,0.741,0.067,0.308,0.454
0.336,0.395,0.863,0.752,0.741,0.067,0.308,0.454
0.336,0.395,0.862,0.752,0.74,0.067,0.308,0.453
0.335,0.395,0.862,0.752,0.74,0.067,0.308,0.453
0.335,0.395,0.862,0.751,0.74,0.067,0.308,0.453
0.335,0.395,0.861,0.751,0.739,0.067,0.308,0.453
0.335,0.395,0.861,0.751,0.739,0.067,0.308,0.452
0.335,0.394,0.861,0.75,0.739,0.067,0.308,0.452
0.334,0.394,0.86,0.75,0.738,0.067,0.307,0.452
0.334,0.394,0.86,0.749,0.738,0.067,0.307,0.452
0.334,0.394,0.859,0.749,0.738,0.067,0.307,0.451
0.334,0.394,0.859,0.749,0.737,0.067,0.307,0.451
0.334,0.394,0.859,0.748,0.737,0.067,0.307,0.451
0.333,0.394,0.858,0.748,0.736,0.067,0.307,0.451
0.333,0.394,0.858,0.748,0.736,0.067,0.307,0.45
0.333,0.394,0.858,0.747,0.736,0.067,0.307,0.45
0.333,0.394,0.857,0.747,0.735,0.067,0.307,0.45
0.333,0.393,0.857,0.746,0.735,0.067,0.307,0.45
0.333,0.393,0.856,0.746,0.735,0.067,0.306,0.449
0.332,0.393,0.856,0.746,0.734,0.067,0.306,0.449
0.332,0.393,0.856,0.745,0.734,0.067,0.306,0.449
0.332,0.393,0.855,0.745,0.734,0.067,0.306,0.449
0.332,0.393,0.855,0.745,0.733,0.067,0.306,0.448
0.332,0.393,0.854,0.744,0.733,0.067,0.306,0.448
0.331,0.393,0.854,0.744,0.732,0.067,0.306,0.448
0.331,0.392,0.854,0.743,0.732,0.067,0.306,0.448
0.331,0.392,0.853,0.743,0.732,0.067,0.306,0.447
0.331,0.392,0.853,0.743,0.731,0.067,0.306,0.447
0.331,0.392,0.852,0.742,0.731,0.067,0.306,0.447
0.33,0.392,0.852,0.742,0.731,0.067,0.305,0.447
0.33,0.392,0.852,0.741,0.73,0.067,0.305,0.447
0.33,0.392,0.851,0.741,0.73,0.067,0.305,0.447
0.33,0.392,0.851,0.741,0.73,0.067,0.305,0.446
0.33,0.392,0.851,0.74,0.729,0.066,0.305,0.446
0.329,0.392,0.85,0.74,0.729,0.067,0.305,0.446
0.329,0.392,0.85,0.74,0.729,0.067,0.305,0.446
0.329,0.391,0.85,0.739,0.728,0.067,0.305,0.446
0.329,0.391,0.849,0.739,0.728,0.067,0.305,0.446
0.329,0.391,0.849,0.739,0.728,0.066,0.305,0.445
0.329,0.391,0.849,0.738,0.727,0.067,0.305,0.445
0.328,0.391,0.848,0.738,0.727,0.066,0.305,0.445
0.328,0.391,0.848,0.737,0.726,0.067,0.305,0.445
0.328,0.391,0.847,0.737,0.726,0.066,0.305,0.444
0.328,0.391,0.847,0.737,0.726,0.066,0.304,0.444
0.327,0.39,0.847,0.737,0.725,0.066,0.304,0.444
0.327,0.39,0.846,0.736,0.725,0.066,0.304,0.444
0.327,0.39,0.846,0.736,0.724,0.066,0.304,0.444
0.327,0.39,0.846,0.736,0.724,0.066,0.304,0.444
0.327,0.39,0.845,0.735,0.724,0.066,0.304,0.443
0.327,0.39,0.845,0.735,0.723,0.066,0.304,0.443
0.326,0.39,0.845,0.734,0.723,0.066,0.304,0.443
0.326,0.389,0.844,0.734,0.723,0.066,0.304,0.443
0.326,0.389,0.844,0.733,0.722,0.066,0.304,0.443
0.326,0.389,0.844,0.733,0.722,0.066,0.304,0.442
0.326,0.389,0.843,0.733,0.722,0.066,0.303,0.442
0.325,0.389,0.843,0.733,0.721,0.066,0.303,0.442
0.325,0.389,0.842,0.732,0.721,0.066,0.303,0.442
0.325,0.389,0.842,0.732,0.72,0.066,0.303,0.442
0.325,0.388,0.842,0.731,0.72,0.066,0.303,0.441
0.325,0.388,0.841,0.731,0.72,0.066,0.303,0.441
0.324,0.388,0.841,0.73,0.719,0.066,0.303,0.441
0.324,0.388,0.84,0.73,0.719,0.066,0.303,0.441
0.324,0.388,0.84,0.73,0.719,0.066,0.303,0.441
0.324,0.388,0.84,0.729,0.718,0.066,0.303,0.44
0.324,0.388,0.839,0.729,0.718,0.066,0.303,0.44
0.324,0.387,0.839,0.729,0.718,0.066,0.303,0.44
0.324,0.387,0.839,0.728,0.717,0.066,0.303,0.44
0.323,0.387,0.838,0.728,0.717,0.066,0.302,0.44
0.323,0.387,0.838,0.728,0.717,0.066,0.302,0.439
0.323,0.387,0.837,0.727,0.716,0.066,0.302,0.439
0.323,0.387,0.837,0.727,0.716,0.066,0.302,0.439
0.323,0.386,0.837,0.727,0.716,0.066,0.302,0.439
0.322,0.386,0.836,0.726,0.715,0.066,0.302,0.439
0.322,0.386,0.836,0.726,0.715,0.066,0.302,0.439
0.322,0.386,0.836,0.726,0.715,0.066,0.302,0.438
0.322,0.386,0.835,0.725,0.715,0.066,0.302,0.438
0.322,0.386,0.835,0.725,0.714,0.066,0.302,0.438
0.321,0.386,0.835,0.725,0.714,0.066,0.302,0.438
0.321,0.386,0.834,0.724,0.714,0.066,0.302,0.437
0.321,0.386,0.834,0.724,0.713,0.066,0.302,0.437
0.321,0.386,0.834,0.724,0.713,0.066,0.301,0.437
0.321,0.386,0.833,0.723,0.713,0.066,0.301,0.437
0.321,0.386,0.833,0.723,0.712,0.066,0.301,0.436
0.32,0.386,0.833,0.723,0.712,0.066,0.301,0.436
0.32,0.386,0.832,0.722,0.712,0.066,0.301,0.436
0.32,0.386,0.832,0.722,0.711,0.065,0.301,0.436
0.32,0.385,0.832,0.722,0.711,0.065,0.301,0.436
0.32,0.385,0.831,0.721,0.711,0.065,0.301,0.435
0.319,0.385,0.831,0.721,0.71,0.066,0.301,0.435
0.319,0.385,0.831,0.721,0.71,0.065,0.301,0.435
0.319,0.385,0.83,0.72,0.71,0.065,0.301,0.435
0.319,0.385,0.83,0.72,0.709,0.065,0.301,0.435
0.319,0.385,0.829,0.72,0.709,0.065,0.3,0.434
0.319,0.385,0.829,0.719,0.709,0.065,0.301,0.434
0.319,0.384,0.829,0.719,0.708,0.065,0.3,0.434
0.318,0.384,0.828,0.719,0.708,0.065,0.3,0.434
0.318,0.384,0.828,0.719,0.708,0.065,0.3,0.434
0.318,0.384,0.828,0.718,0.708,0.065,0.3,0.433
0.318,0.384,0.827,0.718,0.707,0.065,0.3,0.433
0.317,0.384,0.827,0.718,0.707,0.065,0.3,0.433
0.317,0.384,0.827,0.717,0.707,0.065,0.3,0.433
0.317,0.384,0.826,0.717,0.706,0.065,0.3,0.433
0.317,0.383,0.826,0.717,0.706,0.065,0.3,0.433
0.317,0.383,0.826,0.716,0.706,0.065,0.3,0.433
0.317,0.383,0.825,0.716,0.706,0.065,0.3,0.432
0.317,0.383,0.825,0.716,0.705,0.065,0.299,0.432
0.317,0.383,0.825,0.715,0.705,0.065,0.299,0.432
0.316,0.383,0.825,0.715,0.705,0.065,0.299,0.432
0.316,0.383,0.824,0.715,0.704,0.065,0.299,0.432
0.316,0.382,0.824,0.714,0.704,0.065,0.299,0.431
0.316,0.382,0.823,0.714,0.704,0.065,0.299,0.431
0.316,0.382,0.823,0.714,0.704,0.065,0.299,0.431
0.316,0.382,0.823,0.713,0.703,0.065,0.299,0.431
0.315,0.382,0.822,0.713,0.703,0.065,0.299,0.43
0.315,0.382,0.822,0.713,0.703,0.065,0.299,0.43
0.315,0.382,0.822,0.713,0.703,0.065,0.299,0.43
0.315,0.382,0.822,0.712,0.702,0.065,0.299,0.43
0.315,0.382,0.821,0.712,0.702,0.065,0.299,0.43
0.315,0.381,0.821,0.712,0.702,0.065,0.299,0.43
0.314,0.381,0.82,0.711,0.702,0.065,0.298,0.429
0.314,0.381,0.82,0.711,0.701,0.065,0.298,0.429
0.314,0.381,0.82,0.711,0.701,0.065,0.298,0.429
0.314,0.381,0.82,0.71,0.701,0.065,0.298,0.429
0.314,0.381,0.819,0.71,0.701,0.065,0.298,0.429
0.314,0.381,0.819,0.71,0.701,0.065,0.298,0.428
0.313,0.381,0.819,0.709,0.7,0.065,0.298,0.428
0.313,0.381,0.818,0.709,0.7,0.065,0.298,0.428
0.313,0.38,0.818,0.709,0.7,0.065,0.298,0.427
0.313,0.38,0.818,0.708,0.7,0.065,0.298,0.427
0.313,0.38,0.817,0.708,0.699,0.065,0.298,0.427
0.313,0.38,0.817,0.708,0.699,0.065,0.298,0.427
0.312,0.38,0.816,0.708,0.699,0.065,0.297,0.427
0.312,0.38,0.816,0.707,0.698,0.065,0.298,0.427
0.312,0.38,0.816,0.707,0.698,0.065,0.297,0.426
0.312,0.379,0.815,0.707,0.698,0.065,0.297,0.426
0.312,0.38,0.815,0.706,0.698,0.064,0.297,0.426
0.312,0.379,0.815,0.706,0.697,0.065,0.297,0.426
0.311,0.379,0.814,0.706,0.697,0.065,0.297,0.426
0.311,0.379,0.814,0.705,0.697,0.065,0.297,0.426
0.311,0.379,0.814,0.705,0.696,0.065,0.297,0.425
0.311,0.379,0.813,0.705,0.696,0.064,0.297,0.425
0.311,0.379,0.813,0.705,0.696,0.064,0.297,0.425
0.31,0.379,0.813,0.704,0.696,0.064,0.297,0.425
0.31,0.379,0.813,0.704,0.695,0.064,0.297,0.425
0.31,0.378,0.812,0.704,0.695,0.064,0.297,0.424
0.31,0.378,0.812,0.703,0.695,0.064,0.296,0.424
0.31,0.378,0.812,0.703,0.694,0.064,0.296,0.424
0.31,0.378,0.811,0.703,0.694,0.064,0.296,0.424
0.31,0.378,0.811,0.703,0.694,0.064,0.296,0.423
0.309,0.378,0.81,0.702,0.694,0.064,0.296,0.424
0.309,0.378,0.81,0.702,0.693,0.064,0.296,0.423
0.309,0.378,0.81,0.702,0.693,0.064,0.296,0.423
0.309,0.377,0.81,0.701,0.693,0.064,0.296,0.423
0.309,0.377,0.809,0.701,0.693,0.064,0.296,0.423
0.309,0.377,0.809,0.701,0.692,0.064,0.296,0.423
0.309,0.377,0.809,0.7,0.692,0.064,0.296,0.422
0.308,0.377,0.808,0.7,0.692,0.064,0.296,0.422
0.308,0.377,0.808,0.7,0.692,0.064,0.296,0.422
0.308,0.377,0.808,0.7,0.691,0.064,0.296,0.422
0.308,0.376,0.807,0.699,0.691,0.064,0.296,0.422
0.308,0.376,0.807,0.699,0.691,0.064,0.295,0.421
0.308,0.376,0.807,0.699,0.69,0.064,0.295,0.421
0.307,0.376,0.806,0.698,0.69,0.064,0.295,0.421
0.307,0.376,0.806,0.698,0.69,0.064,0.295,0.421
0.307,0.376,0.806,0.698,0.69,0.064,0.295,0.42
0.307,0.376,0.805,0.698,0.689,0.064,0.295,0.42
0.307,0.376,0.805,0.697,0.689,0.064,0.295,0.42
0.307,0.376,0.805,0.697,0.689,0.064,0.295,0.42
0.307,0.375,0.804,0.697,0.689,0.064,0.295,0.42
0.306,0.375,0.804,0.697,0.688,0.064,0.295,0.42
0.306,0.375,0.804,0.696,0.688,0.064,0.295,0.42
0.306,0.375,0.803,0.696,0.688,0.064,0.295,0.419
0.306,0.375,0.803,0.696,0.688,0.064,0.295,0.419
0.306,0.375,0.803,0.695,0.687,0.064,0.294,0.419
0.306,0.375,0.802,0.695,0.687,0.064,0.294,0.419
0.305,0.375,0.802,0.695,0.687,0.064,0.294,0.419
0.305,0.375,0.801,0.695,0.686,0.064,0.294,0.418
0.305,0.374,0.801,0.694,0.686,0.064,0.294,0.418
0.305,0.374,0.801,0.694,0.686,0.064,0.294,0.418
0.305,0.374,0.801,0.694,0.686,0.064,0.294,0.418
0.305,0.374,0.8,0.694,0.685,0.064,0.294,0.418
0.305,0.374,0.8,0.693,0.685,0.064,0.294,0.417
0.304,0.374,0.8,0.693,0.685,0.064,0.294,0.417
0.304,0.374,0.799,0.693,0.685,0.064,0.294,0.417
0.304,0.374,0.799,0.693,0.684,0.064,0.294,0.417
0.304,0.374,0.799,0.692,0.684,0.064,0.294,0.417
0.304,0.374,0.798,0.692,0.684,0.064,0.293,0.416
0.304,0.374,0.798,0.692,0.684,0.064,0.293,0.416
0.304,0.374,0.798,0.691,0.683,0.064,0.293,0.416
0.303,0.374,0.798,0.691,0.683,0.064,0.293,0.416
0.303,0.373,0.797,0.691,0.682,0.064,0.293,0.416
0.303,0.373,0.797,0.69,0.682,0.064,0.293,0.416
0.303,0.373,0.796,0.69,0.682,0.064,0.293,0.416
0.303,0.373,0.796,0.69,0.682,0.064,0.293,0.415
0.303,0.373,0.796,0.689,0.682,0.064,0.293,0.415
0.303,0.373,0.795,0.689,0.681,0.064,0.293,0.415
0.302,0.372,0.795,0.689,0.681,0.064,0.293,0.415
0.302,0.372,0.795,0.689,0.681,0.063,0.293,0.415
0.302,0.372,0.794,0.688,0.681,0.063,0.293,0.415
0.302,0.372,0.794,0.688,0.68,0.064,0.292,0.414
0.302,0.372,0.794,0.688,0.68,0.063,0.292,0.414
0.302,0.372,0.794,0.687,0.68,0.063,0.292,0.414
0.302,0.372,0.793,0.687,0.679,0.063,0.292,0.414
0.301,0.372,0.793,0.687,0.679,0.063,0.292,0.414
0.301,0.372,0.793,0.686,0.679,0.063,0.292,0.414
0.301,0.371,0.792,0.686,0.679,0.063,0.292,0.413
0.301,0.371,0.792,0.686,0.678,0.063,0.292,0.413
0.301,0.371,0.792,0.686,0.678,0.064,0.292,0.413
0.301,0.371,0.791,0.685,0.678,0.063,0.292,0.413
0.301,0.371,0.791,0.685,0.678,0.063,0.292,0.413
0.3,0.371,0.791,0.685,0.677,0.063,0.292,0.412
0.3,0.371,0.791,0.684,0.677,0.063,0.292,0.412
0.3,0.371,0.79,0.684,0.677,0.063,0.292,0.412
0.3,0.371,0.79,0.684,0.677,0.063,0.291,0.412
0.3,0.37,0.789,0.684,0.676,0.063,0.291,0.412
0.3,0.37,0.789,0.683,0.676,0.063,0.291,0.411
0.299,0.37,0.789,0.683,0.676,0.063,0.291,0.411
0.299,0.37,0.788,0.683,0.676,0.063,0.291,0.411
0.299,0.37,0.788,0.683,0.675,0.063,0.291,0.411
0.299,0.37,0.788,0.682,0.675,0.063,0.291,0.411
0.299,0.37,0.788,0.682,0.675,0.063,0.291,0.411
0.299,0.37,0.787,0.681,0.675,0.063,0.291,0.41
0.299,0.369,0.787,0.681,0.674,0.063,0.291,0.41
0.299,0.369,0.787,0.681,0.674,0.063,0.291,0.41
0.299,0.369,0.787,0.681,0.674,0.063,0.291,0.41
0.298,0.369,0.786,0.68,0.673,0.063,0.29,0.41
0.298,0.369,0.786,0.68,0.673,0.063,0.29,0.409
0.298,0.369,0.786,0.68,0.673,0.063,0.29,0.409
0.298,0.369,0.785,0.68,0.673,0.063,0.29,0.409
0.298,0.369,0.785,0.68,0.673,0.063,0.29,0.409
0.298,0.369,0.785,0.679,0.672,0.063,0.29,0.409
0.297,0.368,0.784,0.679,0.672,0.063,0.29,0.409
0.297,0.368,0.784,0.679,0.672,0.063,0.29,0.408
0.297,0.368,0.784,0.679,0.672,0.063,0.29,0.408
0.297,0.368,0.784,0.678,0.671,0.063,0.29,0.408
0.297,0.368,0.783,0.678,0.671,0.063,0.29,0.408
0.297,0.368,0.783,0.678,0.671,0.063,0.29,0.408
0.297,0.368,0.782,0.677,0.671,0.063,0.29,0.408
0.296,0.368,0.782,0.677,0.671,0.063,0.29,0.408
0.296,0.367,0.782,0.677,0.67,0.063,0.289,0.408
0.296,0.367,0.782,0.677,0.67,0.063,0.289,0.407
0.296,0.367,0.781,0.676,0.67,0.063,0.289,0.407
0.296,0.367,0.781,0.676,0.67,0.063,0.289,0.407
0.296,0.367,0.781,0.676,0.669,0.063,0.289,0.407
0.296,0.367,0.78,0.675,0.669,0.063,0.289,0.407
0.296,0.367,0.78,0.675,0.669,0.063,0.289,0.407
0.295,0.367,0.78,0.675,0.669,0.063,0.289,0.407
0.295,0.367,0.78,0.675,0.668,0.063,0.289,0.406
0.295,0.367,0.779,0.674,0.668,0.063,0.289,0.406
0.295,0.367,0.779,0.674,0.668,0.063,0.289,0.406
0.295,0.367,0.779,0.674,0.668,0.063,0.289,0.406
0.295,0.367,0.778,0.673,0.667,0.063,0.289,0.406
0.294,0.366,0.778,0.673,0.667,0.063,0.289,0.406
0.294,0.366,0.778,0.673,0.667,0.063,0.289,0.406
0.294,0.366,0.777,0.672,0.667,0.063,0.289,0.406
0.294,0.366,0.777,0.672,0.666,0.063,0.288,0.405
0.294,0.366,0.777,0.672,0.666,0.063,0.288,0.405
0.294,0.366,0.777,0.672,0.666,0.063,0.288,0.405
0.294,0.366,0.776,0.672,0.665,0.063,0.288,0.405
0.293,0.366,0.776,0.671,0.665,0.063,0.288,0.405
0.293,0.366,0.776,0.671,0.665,0.063,0.288,0.405
0.293,0.366,0.775,0.671,0.665,0.063,0.288,0.405
0.293,0.366,0.775,0.671,0.665,0.063,0.288,0.404
0.293,0.366,0.775,0.67,0.664,0.063,0.288,0.404
0.293,0.366,0.775,0.67,0.664,0.063,0.288,0.404
0.293,0.366,0.774,0.67,0.664,0.063,0.288,0.404
0.293,0.366,0.774,0.669,0.663,0.063,0.288,0.404
0.293,0.365,0.774,0.669,0.663,0.063,0.288,0.404
0.292,0.365,0.773,0.669,0.663,0.063,0.288,0.404
0.292,0.365,0.773,0.669,0.663,0.063,0.288,0.404
0.292,0.365,0.773,0.668,0.662,0.063,0.287,0.404
0.292,0.365,0.772,0.668,0.662,0.063,0.287,0.403
0.292,0.365,0.772,0.668,0.662,0.062,0.287,0.403
0.292,0.365,0.772,0.668,0.662,0.062,0.287,0.403
0.292,0.365,0.771,0.667,0.662,0.063,0.287,0.403
0.292,0.365,0.771,0.667,0.661,0.063,0.287,0.403
0.291,0.364,0.771,0.667,0.661,0.062,0.287,0.403
0.291,0.364,0.771,0.666,0.661,0.062,0.287,0.402
0.291,0.364,0.77,0.666,0.66,0.062,0.287,0.402
0.291,0.364,0.77,0.666,0.66,0.062,0.287,0.402
0.291,0.364,0.77,0.665,0.66,0.062,0.287,0.402
0.291,0.364,0.77,0.665,0.66,0.062,0.287,0.402
0.291,0.364,0.769,0.665,0.659,0.062,0.287,0.402
0.29,0.364,0.769,0.665,0.659,0.063,0.287,0.401
0.29,0.364,0.769,0.665,0.659,0.062,0.286,0.401
0.29,0.364,0.768,0.664,0.659,0.062,0.286,0.401
0.29,0.364,0.768,0.664,0.659,0.062,0.286,0.401
0.29,0.364,0.768,0.664,0.658,0.062,0.286,0.401
0.29,0.364,0.768,0.664,0.658,0.062,0.286,0.4
0.29,0.364,0.767,0.663,0.658,0.062,0.286,0.4
0.289,0.364,0.767,0.663,0.658,0.062,0.286,0.4
0.289,0.364,0.767,0.663,0.658,0.062,0.286,0.4
0.289,0.364,0.766,0.663,0.658,0.062,0.286,0.399
0.289,0.364,0.766,0.663,0.657,0.062,0.286,0.399
0.289,0.363,0.766,0.662,0.657,0.062,0.286,0.399
0.289,0.363,0.766,0.662,0.657,0.062,0.285,0.399
0.289,0.363,0.765,0.662,0.657,0.062,0.286,0.399
0.289,0.363,0.765,0.662,0.657,0.062,0.285,0.399
0.288,0.363,0.765,0.661,0.656,0.062,0.286,0.399
0.288,0.363,0.764,0.661,0.656,0.062,0.285,0.399
0.288,0.363,0.764,0.661,0.656,0.062,0.285,0.398
0.288,0.363,0.764,0.661,0.656,0.062,0.285,0.398
0.288,0.363,0.764,0.66,0.656,0.062,0.285,0.398
0.288,0.363,0.763,0.66,0.655,0.062,0.285,0.398
0.288,0.363,0.763,0.66,0.655,0.062,0.285,0.398
0.288,0.363,0.763,0.66,0.655,0.062,0.285,0.397
0.288,0.362,0.762,0.66,0.654,0.062,0.285,0.397
0.287,0.362,0.762,0.659,0.654,0.062,0.285,0.397
0.287,0.362,0.762,0.659,0.654,0.062,0.285,0.397
0.287,0.362,0.762,0.659,0.654,0.062,0.285,0.397
0.287,0.362,0.761,0.659,0.654,0.062,0.283,0.395
0.287,0.363,0.763,0.66,0.654,0.062,0.285,0.397
0.287,0.363,0.762,0.66,0.654,0.062,0.285,0.397
0.287,0.362,0.761,0.659,0.653,0.062,0.285,0.397
0.286,0.361,0.759,0.657,0.652,0.062,0.284,0.396
0.285,0.36,0.756,0.654,0.649,0.062,0.283,0.394
0.286,0.361,0.758,0.656,0.65,0.062,0.283,0.394
0.287,0.362,0.761,0.658,0.653,0.062,0.284,0.396
0.286,0.362,0.761,0.658,0.653,0.062,0.285,0.396
0.286,0.362,0.759,0.657,0.652,0.062,0.284,0.396
0.285,0.36,0.757,0.655,0.651,0.062,0.284,0.395
0.284,0.359,0.754,0.653,0.648,0.062,0.283,0.393
0.285,0.36,0.756,0.654,0.649,0.062,0.283,0.393
0.286,0.362,0.759,0.657,0.652,0.062,0.284,0.395
0.286,0.362,0.759,0.657,0.652,0.062,0.284,0.395
0.285,0.361,0.758,0.656,0.651,0.062,0.284,0.395
0.284,0.36,0.756,0.654,0.649,0.062,0.283,0.394
0.283,0.359,0.753,0.651,0.647,0.062,0.282,0.392
0.284,0.36,0.754,0.653,0.647,0.062,0.282,0.392
0.285,0.361,0.757,0.655,0.65,0.062,0.284,0.394
0.285,0.361,0.757,0.655,0.651,0.062,0.284,0.395
0.284,0.361,0.756,0.655,0.65,0.062,0.284,0.394
0.283,0.359,0.754,0.653,0.648,0.062,0.283,0.393
0.283,0.358,0.751,0.65,0.645,0.062,0.282,0.391
0.284,0.359,0.753,0.651,0.646,0.061,0.282,0.391
0.284,0.36,0.756,0.654,0.649,0.062,0.283,0.393
0.284,0.36,0.756,0.654,0.649,0.062,0.283,0.393
0.284,0.36,0.755,0.653,0.648,0.062,0.283,0.393
0.283,0.359,0.752,0.651,0.647,0.062,0.283,0.392
0.282,0.358,0.749,0.649,0.644,0.062,0.281,0.391
0.283,0.358,0.751,0.65,0.645,0.061,0.281,0.39
0.284,0.36,0.754,0.652,0.647,0.062,0.283,0.392
0.283,0.36,0.754,0.653,0.648,0.062,0.283,0.393
0.283,0.359,0.753,0.652,0.647,0.062,0.283,0.392
0.282,0.358,0.751,0.65,0.646,0.062,0.282,0.391
0.281,0.357,0.748,0.647,0.643,0.062,0.281,0.389
0.282,0.358,0.749,0.648,0.643,0.061,0.281,0.389
0.283,0.359,0.752,0.651,0.646,0.062,0.282,0.391
0.283,0.359,0.752,0.651,0.647,0.062,0.283,0.392
0.282,0.359,0.751,0.651,0.646,0.062,0.282,0.391
0.281,0.358,0.749,0.649,0.645,0.062,0.282,0.39
0.28,0.357,0.746,0.646,0.642,0.061,0.28,0.389
0.281,0.358,0.747,0.647,0.642,0.062,0.281,0.388
0.282,0.359,0.751,0.65,0.645,0.062,0.282,0.39
0.282,0.359,0.751,0.65,0.646,0.062,0.282,0.391
0.282,0.358,0.75,0.649,0.645,0.062,0.282,0.39
0.281,0.357,0.748,0.648,0.643,0.062,0.281,0.389
0.28,0.356,0.745,0.645,0.641,0.061,0.28,0.388
0.28,0.357,0.746,0.645,0.641,0.062,0.28,0.387
0.281,0.358,0.749,0.648,0.644,0.062,0.281,0.389
0.281,0.358,0.749,0.649,0.644,0.062,0.282,0.39
0.281,0.358,0.748,0.648,0.644,0.062,0.281,0.389
0.28,0.357,0.746,0.646,0.642,0.062,0.281,0.388
0.279,0.356,0.743,0.644,0.64,0.061,0.28,0.387
0.28,0.356,0.744,0.644,0.64,0.061,0.28,0.386
0.281,0.358,0.748,0.647,0.642,0.062,0.281,0.388
0.281,0.358,0.748,0.647,0.643,0.062,0.281,0.389
0.28,0.357,0.747,0.646,0.642,0.062,0.281,0.389
0.279,0.357,0.745,0.645,0.641,0.061,0.28,0.388
0.278,0.355,0.742,0.642,0.638,0.061,0.279,0.386
0.279,0.356,0.743,0.643,0.638,0.061,0.279,0.385
0.28,0.357,0.745,0.645,0.641,0.061,0.28,0.387
0.279,0.357,0.744,0.645,0.64,0.061,0.28,0.387
0.279,0.356,0.744,0.644,0.64,0.061,0.28,0.387
0.279,0.356,0.744,0.644,0.64,0.062,0.28,0.387
0.279,0.356,0.744,0.644,0.64,0.061,0.28,0.387
0.279,0.356,0.743,0.644,0.64,0.061,0.28,0.387
0.279,0.356,0.743,0.643,0.64,0.061,0.28,0.386
0.279,0.356,0.743,0.643,0.639,0.062,0.28,0.386
0.279,0.356,0.743,0.643,0.639,0.061,0.28,0.386
0.278,0.356,0.742,0.643,0.639,0.061,0.28,0.386
0.278,0.356,0.742,0.642,0.639,0.061,0.28,0.386
0.278,0.356,0.742,0.642,0.639,0.061,0.28,0.386
0.278,0.356,0.742,0.642,0.638,0.061,0.28,0.386
0.278,0.356,0.741,0.642,0.638,0.061,0.279,0.386
0.278,0.356,0.741,0.642,0.638,0.061,0.28,0.385
0.278,0.355,0.741,0.641,0.638,0.061,0.279,0.385
0.278,0.355,0.74,0.641,0.637,0.061,0.279,0.385
0.278,0.355,0.74,0.641,0.637,0.061,0.279,0.385
0.277,0.355,0.74,0.641,0.637,0.061,0.279,0.385
0.277,0.355,0.74,0.64,0.637,0.061,0.279,0.385
0.277,0.355,0.74,0.64,0.637,0.061,0.279,0.385
0.277,0.355,0.739,0.64,0.637,0.061,0.279,0.384
0.277,0.355,0.739,0.64,0.636,0.061,0.279,0.384
0.277,0.355,0.739,0.639,0.636,0.061,0.279,0.384
0.277,0.355,0.739,0.639,0.636,0.061,0.279,0.384
0.277,0.354,0.738,0.639,0.636,0.061,0.279,0.384
0.277,0.355,0.738,0.639,0.636,0.061,0.279,0.384
0.276,0.354,0.738,0.638,0.635,0.061,0.279,0.384
0.276,0.354,0.738,0.638,0.635,0.061,0.279,0.383
0.276,0.354,0.737,0.638,0.635,0.061,0.278,0.383
0.276,0.354,0.737,0.638,0.635,0.061,0.278,0.383
0.276,0.354,0.737,0.638,0.635,0.061,0.278,0.383
0.276,0.354,0.737,0.638,0.634,0.061,0.278,0.383
0.276,0.354,0.736,0.637,0.634,0.061,0.278,0.383
0.276,0.353,0.736,0.637,0.634,0.061,0.278,0.383
0.276,0.353,0.736,0.637,0.634,0.061,0.278,0.383
0.275,0.353,0.736,0.637,0.634,0.061,0.278,0.382
0.275,0.353,0.735,0.637,0.634,0.061,0.278,0.382
0.275,0.353,0.735,0.636,0.633,0.061,0.278,0.382
0.275,0.353,0.735,0.636,0.633,0.061,0.278,0.382
0.275,0.353,0.734,0.636,0.633,0.061,0.278,0.382
0.275,0.353,0.734,0.636,0.633,0.061,0.278,0.382
0.275,0.353,0.734,0.636,0.633,0.061,0.278,0.382
0.275,0.353,0.734,0.635,0.632,0.061,0.278,0.382
0.275,0.353,0.733,0.635,0.632,0.061,0.278,0.382
0.274,0.353,0.733,0.635,0.632,0.061,0.278,0.381
0.275,0.352,0.733,0.635,0.632,0.061,0.277,0.381
0.274,0.352,0.733,0.635,0.632,0.061,0.277,0.381
0.274,0.352,0.732,0.634,0.632,0.061,0.277,0.381
0.274,0.352,0.732,0.634,0.631,0.061,0.277,0.381
0.274,0.352,0.732,0.634,0.631,0.061,0.277,0.381
0.274,0.352,0.732,0.634,0.631,0.061,0.277,0.381
0.274,0.352,0.732,0.634,0.631,0.061,0.277,0.38
0.274,0.352,0.731,0.633,0.631,0.061,0.277,0.381
0.274,0.352,0.731,0.633,0.63,0.061,0.277,0.38
0.274,0.352,0.731,0.633,0.63,0.061,0.277,0.38
0.273,0.352,0.731,0.633,0.63,0.061,0.277,0.38
0.273,0.352,0.73,0.632,0.63,0.061,0.277,0.38
0.273,0.352,0.73,0.632,0.63,0.061,0.277,0.38
0.273,0.352,0.73,0.632,0.629,0.061,0.277,0.38
0.273,0.352,0.729,0.632,0.629,0.061,0.277,0.38
0.273,0.351,0.729,0.632,0.629,0.061,0.277,0.38
0.273,0.351,0.729,0.631,0.629,0.061,0.277,0.379
0.273,0.351,0.729,0.631,0.629,0.061,0.276,0.379
0.273,0.351,0.729,0.631,0.628,0.061,0.277,0.379
0.272,0.351,0.728,0.631,0.628,0.061,0.276,0.379
0.272,0.351,0.728,0.63,0.628,0.061,0.276,0.379
0.272,0.351,0.728,0.63,0.628,0.061,0.276,0.379
0.272,0.351,0.728,0.63,0.628,0.061,0.276,0.379
0.272,0.351,0.727,0.63,0.628,0.061,0.276,0.379
0.272,0.351,0.727,0.63,0.627,0.061,0.276,0.379
0.272,0.351,0.727,0.629,0.627,0.061,0.276,0.379
0.272,0.351,0.726,0.629,0.627,0.061,0.276,0.378
0.272,0.351,0.726,0.629,0.627,0.061,0.276,0.378
0.272,0.35,0.726,0.629,0.626,0.061,0.276,0.378
0.271,0.35,0.726,0.629,0.626,0.061,0.276,0.378
0.271,0.35,0.726,0.628,0.626,0.061,0.276,0.378
0.271,0.35,0.725,0.628,0.626,0.061,0.275,0.378
0.271,0.35,0.725,0.628,0.626,0.061,0.276,0.378
0.271,0.35,0.725,0.628,0.626,0.061,0.275,0.377
0.271,0.35,0.725,0.627,0.625,0.061,0.275,0.377
0.271,0.35,0.724,0.627,0.625,0.061,0.275,0.377
0.271,0.35,0.724,0.627,0.625,0.061,0.275,0.377
0.271,0.35,0.724,0.627,0.625,0.061,0.275,0.377
0.271,0.35,0.724,0.627,0.625,0.061,0.275,0.377
0.27,0.35,0.723,0.627,0.624,0.061,0.275,0.377
0.27,0.35,0.723,0.627,0.625,0.061,0.275,0.377
0.27,0.35,0.723,0.626,0.624,0.061,0.275,0.377
0.27,0.35,0.723,0.626,0.624,0.061,0.275,0.376
0.27,0.35,0.723,0.626,0.624,0.061,0.275,0.376
0.27,0.35,0.722,0.626,0.624,0.061,0.275,0.376
0.27,0.35,0.722,0.626,0.624,0.061,0.275,0.376
0.27,0.349,0.722,0.625,0.623,0.061,0.275,0.376
0.27,0.35,0.722,0.625,0.623,0.061,0.275,0.376
0.27,0.349,0.721,0.625,0.623,0.061,0.274,0.376
0.269,0.349,0.721,0.625,0.623,0.061,0.274,0.376
0.269,0.349,0.721,0.624,0.623,0.061,0.274,0.375
0.269,0.349,0.721,0.624,0.623,0.061,0.274,0.375
0.269,0.349,0.72,0.624,0.622,0.061,0.274,0.375
0.269,0.349,0.72,0.624,0.622,0.061,0.274,0.375
0.269,0.349,0.72,0.624,0.622,0.061,0.274,0.375
0.269,0.349,0.72,0.624,0.622,0.061,0.274,0.375
0.269,0.349,0.719,0.623,0.622,0.061,0.274,0.375
0.269,0.349,0.719,0.623,0.621,0.061,0.274,0.375
0.269,0.349,0.719,0.623,0.621,0.061,0.274,0.375
0.269,0.348,0.719,0.623,0.621,0.061,0.274,0.374
0.269,0.348,0.719,0.622,0.621,0.06,0.274,0.374
0.268,0.348,0.718,0.622,0.621,0.061,0.274,0.374
0.268,0.348,0.718,0.622,0.621,0.061,0.274,0.374
0.268,0.348,0.718,0.622,0.621,0.061,0.274,0.374
0.268,0.348,0.718,0.622,0.62,0.061,0.274,0.374
0.268,0.348,0.717,0.622,0.62,0.061,0.274,0.374
0.268,0.348,0.717,0.621,0.62,0.061,0.274,0.374
0.268,0.348,0.717,0.621,0.62,0.061,0.273,0.374
0.268,0.348,0.716,0.621,0.62,0.061,0.273,0.374
0.268,0.348,0.716,0.621,0.619,0.06,0.273,0.374
0.267,0.348,0.716,0.621,0.619,0.061,0.273,0.373
0.267,0.347,0.716,0.62,0.619,0.061,0.273,0.373
0.267,0.347,0.716,0.62,0.619,0.06,0.273,0.373
0.267,0.347,0.715,0.62,0.619,0.06,0.273,0.373
0.267,0.347,0.715,0.62,0.618,0.06,0.273,0.373
0.267,0.347,0.715,0.62,0.618,0.06,0.273,0.373
0.267,0.347,0.715,0.619,0.618,0.06,0.273,0.373
0.267,0.347,0.714,0.619,0.618,0.06,0.273,0.373
0.267,0.347,0.714,0.619,0.618,0.06,0.273,0.372
0.266,0.347,0.714,0.619,0.618,0.06,0.273,0.372
0.266,0.346,0.714,0.619,0.617,0.06,0.273,0.372
0.266,0.347,0.713,0.619,0.617,0.06,0.273,0.372
0.266,0.346,0.713,0.618,0.617,0.06,0.273,0.372
0.266,0.346,0.713,0.618,0.617,0.06,0.272,0.372
0.266,0.346,0.713,0.618,0.617,0.06,0.273,0.372
0.266,0.346,0.712,0.618,0.617,0.06,0.272,0.372
0.266,0.346,0.712,0.618,0.616,0.06,0.272,0.371
0.266,0.346,0.712,0.618,0.616,0.06,0.272,0.371
0.266,0.346,0.712,0.617,0.616,0.06,0.272,0.371
0.266,0.346,0.712,0.617,0.616,0.06,0.272,0.371
0.265,0.346,0.711,0.617,0.616,0.06,0.272,0.371
0.265,0.346,0.711,0.617,0.616,0.06,0.272,0.371
0.265,0.346,0.711,0.617,0.615,0.06,0.272,0.371
0.265,0.346,0.71,0.616,0.615,0.06,0.272,0.37
0.265,0.346,0.71,0.616,0.615,0.06,0.272,0.371
0.265,0.345,0.71,0.616,0.615,0.06,0.272,0.37
0.265,0.345,0.71,0.616,0.615,0.06,0.272,0.37
0.265,0.345,0.71,0.616,0.615,0.06,0.272,0.37
0.265,0.345,0.709,0.615,0.614,0.06,0.272,0.37
0.264,0.345,0.709,0.615,0.614,0.06,0.271,0.37
0.265,0.345,0.709,0.615,0.614,0.06,0.271,0.369
0.264,0.345,0.709,0.615,0.614,0.06,0.271,0.369
0.264,0.345,0.709,0.615,0.614,0.06,0.271,0.369
0.264,0.345,0.708,0.614,0.614,0.06,0.271,0.369
0.264,0.345,0.708,0.614,0.614,0.06,0.271,0.369
0.264,0.345,0.708,0.614,0.613,0.06,0.271,0.369
0.264,0.344,0.708,0.614,0.613,0.06,0.271,0.369
0.264,0.344,0.707,0.614,0.613,0.06,0.271,0.369
0.264,0.344,0.707,0.613,0.613,0.06,0.271,0.369
0.264,0.344,0.707,0.613,0.613,0.06,0.271,0.369
0.264,0.344,0.707,0.613,0.612,0.06,0.271,0.369
0.264,0.344,0.706,0.613,0.612,0.06,0.271,0.369
0.263,0.344,0.706,0.613,0.612,0.06,0.271,0.368
0.263,0.344,0.706,0.612,0.612,0.06,0.271,0.368
0.263,0.344,0.706,0.612,0.612,0.06,0.271,0.368
0.263,0.344,0.705,0.612,0.612,0.06,0.271,0.368
0.263,0.344,0.705,0.612,0.611,0.06,0.271,0.368
0.263,0.344,0.705,0.612,0.611,0.06,0.27,0.368
0.263,0.344,0.705,0.611,0.611,0.06,0.271,0.368
0.263,0.343,0.705,0.611,0.611,0.06,0.27,0.368
0.263,0.343,0.704,0.611,0.611,0.06,0.27,0.368
0.263,0.343,0.704,0.611,0.611,0.06,0.27,0.368
0.262,0.343,0.704,0.611,0.61,0.06,0.27,0.367
0.262,0.343,0.704,0.61,0.61,0.06,0.27,0.367
0.262,0.343,0.703,0.61,0.61,0.06,0.27,0.367
0.262,0.343,0.703,0.61,0.61,0.06,0.27,0.367
0.262,0.343,0.703,0.61,0.61,0.06,0.27,0.367
0.262,0.343,0.703,0.61,0.609,0.06,0.27,0.367
0.262,0.343,0.703,0.609,0.609,0.06,0.27,0.367
0.262,0.343,0.702,0.609,0.609,0.06,0.27,0.367
0.262,0.343,0.702,0.609,0.609,0.06,0.27,0.367
0.262,0.342,0.702,0.609,0.608,0.06,0.27,0.367
0.261,0.343,0.702,0.609,0.608,0.06,0.27,0.367
0.261,0.342,0.701,0.608,0.608,0.06,0.27,0.366
0.261,0.342,0.701,0.608,0.608,0.06,0.269,0.366
0.261,0.342,0.701,0.608,0.608,0.06,0.269,0.366
0.261,0.342,0.701,0.608,0.608,0.06,0.269,0.366
0.261,0.342,0.701,0.608,0.608,0.06,0.269,0.366
0.261,0.342,0.7,0.608,0.607,0.06,0.269,0.366
0.261,0.342,0.7,0.607,0.607,0.06,0.269,0.366
0.261,0.342,0.7,0.607,0.607,0.06,0.269,0.365
0.261,0.342,0.7,0.607,0.607,0.06,0.269,0.365
0.261,0.342,0.699,0.607,0.607,0.06,0.269,0.365
0.261,0.342,0.699,0.607,0.607,0.06,0.269,0.365
0.26,0.342,0.699,0.607,0.607,0.06,0.269,0.365
0.26,0.342,0.699,0.606,0.606,0.06,0.269,0.365
0.26,0.342,0.699,0.606,0.606,0.06,0.269,0.365
0.26,0.342,0.698,0.606,0.606,0.06,0.269,0.365
0.26,0.342,0.698,0.606,0.606,0.06,0.269,0.365
0.26,0.341,0.698,0.606,0.606,0.06,0.269,0.365
0.26,0.341,0.698,0.605,0.606,0.06,0.269,0.364
0.26,0.341,0.697,0.605,0.606,0.06,0.268,0.364
0.26,0.341,0.697,0.605,0.605,0.06,0.268,0.364
0.26,0.341,0.697,0.605,0.605,0.06,0.268,0.364
0.259,0.341,0.697,0.605,0.605,0.06,0.268,0.364
0.259,0.341,0.697,0.604,0.605,0.06,0.268,0.364
0.259,0.341,0.696,0.604,0.605,0.06,0.268,0.364
0.259,0.341,0.696,0.604,0.605,0.06,0.268,0.364
0.259,0.34,0.696,0.604,0.604,0.06,0.268,0.364
0.259,0.34,0.696,0.604,0.604,0.06,0.268,0.364
0.259,0.34,0.695,0.603,0.604,0.06,0.268,0.364
0.259,0.34,0.695,0.603,0.604,0.06,0.268,0.363
0.259,0.34,0.695,0.603,0.604,0.06,0.268,0.363
0.259,0.34,0.695,0.603,0.604,0.06,0.268,0.363
0.259,0.34,0.694,0.603,0.603,0.06,0.268,0.363
0.258,0.34,0.694,0.603,0.603,0.06,0.268,0.363
0.258,0.34,0.694,0.602,0.603,0.06,0.268,0.363
0.258,0.34,0.694,0.602,0.603,0.06,0.268,0.363
0.258,0.34,0.694,0.602,0.603,0.06,0.268,0.363
0.258,0.34,0.693,0.602,0.603,0.06,0.267,0.363
0.258,0.34,0.693,0.602,0.603,0.06,0.267,0.363
0.258,0.34,0.693,0.602,0.603,0.06,0.267,0.362
0.258,0.34,0.693,0.601,0.603,0.06,0.267,0.362
0.258,0.34,0.693,0.601,0.602,0.06,0.267,0.362
0.258,0.34,0.692,0.601,0.602,0.06,0.267,0.362
0.258,0.34,0.692,0.601,0.602,0.06,0.267,0.362
0.257,0.339,0.692,0.601,0.602,0.06,0.267,0.362
0.257,0.339,0.692,0.6,0.602,0.06,0.267,0.362
0.257,0.339,0.691,0.6,0.601,0.06,0.267,0.362
0.257,0.339,0.691,0.6,0.601,0.06,0.267,0.361
0.257,0.339,0.691,0.6,0.601,0.06,0.267,0.361
0.257,0.339,0.691,0.6,0.601,0.06,0.267,0.361
0.257,0.339,0.69,0.6,0.601,0.06,0.267,0.361
0.257,0.339,0.69,0.599,0.601,0.06,0.267,0.361
0.257,0.339,0.69,0.599,0.6,0.06,0.267,0.361
0.257,0.339,0.69,0.599,0.6,0.06,0.267,0.361
0.257,0.339,0.69,0.599,0.6,0.06,0.266,0.361
0.257,0.339,0.69,0.599,0.6,0.06,0.266,0.361
0.257,0.339,0.689,0.599,0.6,0.06,0.266,0.36
0.256,0.339,0.689,0.598,0.6,0.06,0.266,0.36
0.256,0.339,0.689,0.598,0.599,0.06,0.266,0.36
0.256,0.339,0.689,0.598,0.599,0.059,0.266,0.36
0.256,0.339,0.689,0.598,0.599,0.06,0.266,0.36
0.256,0.339,0.688,0.598,0.599,0.06,0.266,0.36
0.256,0.339,0.688,0.598,0.599,0.059,0.266,0.36
0.256,0.339,0.688,0.597,0.599,0.059,0.266,0.36
0.256,0.339,0.688,0.597,0.599,0.059,0.266,0.36
0.256,0.339,0.688,0.597,0.599,0.059,0.266,0.36
0.256,0.338,0.687,0.597,0.598,0.06,0.266,0.359
0.256,0.338,0.687,0.597,0.598,0.059,0.266,0.359
0.256,0.338,0.687,0.597,0.598,0.059,0.266,0.359
0.256,0.338,0.687,0.597,0.598,0.059,0.266,0.359
0.255,0.338,0.687,0.596,0.598,0.06,0.266,0.359
0.255,0.338,0.686,0.596,0.598,0.059,0.266,0.359
0.255,0.338,0.686,0.596,0.598,0.059,0.266,0.359
0.255,0.338,0.686,0.596,0.597,0.059,0.266,0.359
0.255,0.338,0.686,0.596,0.597,0.06,0.266,0.358
0.255,0.338,0.685,0.595,0.597,0.059,0.265,0.358
0.255,0.338,0.685,0.595,0.597,0.059,0.265,0.358
0.255,0.338,0.685,0.595,0.597,0.059,0.265,0.358
0.255,0.338,0.685,0.595,0.597,0.059,0.265,0.358
0.255,0.338,0.684,0.595,0.596,0.06,0.265,0.358
0.255,0.338,0.684,0.595,0.596,0.059,0.265,0.358
0.255,0.338,0.684,0.594,0.596,0.059,0.265,0.357
0.254,0.338,0.684,0.594,0.596,0.059,0.265,0.357
0.254,0.338,0.684,0.594,0.596,0.059,0.265,0.357
0.254,0.338,0.684,0.594,0.596,0.059,0.265,0.357
0.254,0.338,0.683,0.594,0.596,0.059,0.265,0.357
0.254,0.337,0.683,0.594,0.596,0.059,0.265,0.357
0.254,0.337,0.683,0.593,0.595,0.06,0.265,0.357
0.254,0.337,0.683,0.593,0.595,0.059,0.265,0.357
0.254,0.337,0.683,0.593,0.595,0.059,0.265,0.356
0.254,0.337,0.682,0.593,0.595,0.059,0.265,0.356
0.254,0.337,0.682,0.593,0.595,0.059,0.265,0.356
0.254,0.337,0.682,0.593,0.595,0.059,0.264,0.356
0.253,0.337,0.682,0.592,0.594,0.059,0.264,0.356
0.253,0.337,0.681,0.592,0.594,0.059,0.265,0.356
0.253,0.337,0.681,0.592,0.594,0.059,0.264,0.356
0.253,0.337,0.681,0.592,0.594,0.059,0.264,0.356
0.253,0.337,0.681,0.592,0.594,0.06,0.264,0.356
0.253,0.337,0.681,0.592,0.594,0.059,0.264,0.356
0.253,0.337,0.681,0.592,0.593,0.059,0.264,0.356
0.253,0.337,0.68,0.591,0.593,0.059,0.264,0.355
0.253,0.337,0.68,0.591,0.593,0.059,0.264,0.355
0.253,0.337,0.68,0.591,0.593,0.059,0.264,0.355
0.253,0.336,0.68,0.591,0.593,0.059,0.264,0.355
0.253,0.336,0.679,0.591,0.593,0.059,0.264,0.355
0.252,0.336,0.679,0.591,0.593,0.059,0.264,0.355
0.252,0.336,0.679,0.591,0.592,0.059,0.264,0.355
0.252,0.336,0.679,0.59,0.592,0.059,0.264,0.355
0.252,0.336,0.679,0.59,0.592,0.059,0.264,0.355
0.252,0.336,0.679,0.59,0.592,0.059,0.264,0.355
0.252,0.336,0.678,0.59,0.592,0.059,0.264,0.355
0.252,0.336,0.678,0.59,0.591,0.059,0.263,0.355
0.252,0.336,0.678,0.59,0.591,0.059,0.263,0.354
0.252,0.336,0.677,0.589,0.591,0.059,0.263,0.354
0.252,0.336,0.677,0.589,0.591,0.059,0.263,0.354
0.252,0.336,0.677,0.589,0.591,0.059,0.263,0.354
0.251,0.335,0.677,0.589,0.591,0.059,0.263,0.354
0.251,0.335,0.677,0.589,0.591,0.059,0.263,0.354
0.251,0.335,0.676,0.589,0.59,0.059,0.263,0.354
0.251,0.335,0.676,0.588,0.59,0.059,0.263,0.354
0.251,0.335,0.676,0.588,0.59,0.059,0.263,0.354
0.251,0.335,0.676,0.588,0.59,0.059,0.263,0.354
0.251,0.335,0.676,0.588,0.59,0.059,0.263,0.354
0.251,0.335,0.676,0.588,0.59,0.059,0.263,0.353
0.251,0.335,0.675,0.587,0.589,0.059,0.263,0.353
0.251,0.335,0.675,0.587,0.589,0.059,0.263,0.353
0.251,0.335,0.675,0.587,0.589,0.059,0.263,0.353
0.25,0.335,0.675,0.587,0.589,0.059,0.263,0.353
0.251,0.335,0.674,0.587,0.589,0.059,0.263,0.353
0.25,0.335,0.674,0.587,0.589,0.059,0.263,0.353
0.25,0.335,0.674,0.587,0.589,0.059,0.262,0.353
0.25,0.335,0.674,0.586,0.588,0.059,0.262,0.353
0.25,0.335,0.673,0.586,0.588,0.059,0.262,0.352
0.25,0.334,0.673,0.586,0.588,0.059,0.262,0.352
0.25,0.334,0.673,0.586,0.588,0.059,0.262,0.352
0.25,0.334,0.673,0.586,0.588,0.059,0.262,0.352
0.25,0.334,0.673,0.586,0.588,0.059,0.262,0.352
0.25,0.334,0.673,0.585,0.588,0.059,0.262,0.352
0.25,0.334,0.672,0.585,0.587,0.059,0.262,0.352
0.25,0.334,0.672,0.585,0.587,0.059,0.262,0.352
0.25,0.334,0.672,0.585,0.587,0.059,0.262,0.352
0.25,0.334,0.672,0.585,0.587,0.059,0.262,0.351
0.249,0.334,0.672,0.585,0.587,0.059,0.262,0.351
0.249,0.334,0.671,0.584,0.587,0.059,0.262,0.351
0.249,0.334,0.671,0.584,0.586,0.059,0.262,0.351
0.249,0.333,0.671,0.584,0.586,0.059,0.262,0.351
0.249,0.333,0.671,0.584,0.586,0.059,0.262,0.351
0.249,0.333,0.671,0.584,0.586,0.059,0.262,0.351
0.249,0.333,0.67,0.584,0.586,0.059,0.261,0.351
0.249,0.333,0.67,0.583,0.586,0.059,0.261,0.351
0.249,0.333,0.67,0.583,0.586,0.059,0.261,0.351
0.249,0.333,0.67,0.583,0.586,0.059,0.261,0.351
0.249,0.333,0.67,0.583,0.585,0.059,0.261,0.351
0.249,0.333,0.669,0.583,0.585,0.059,0.261,0.35
0.248,0.333,0.669,0.583,0.585,0.059,0.261,0.35
0.248,0.333,0.669,0.583,0.585,0.059,0.261,0.35
0.248,0.332,0.669,0.582,0.585,0.059,0.261,0.35
0.248,0.332,0.668,0.582,0.585,0.059,0.261,0.35
0.248,0.332,0.668,0.582,0.585,0.059,0.261,0.35
0.248,0.332,0.668,0.582,0.584,0.059,0.261,0.35
0.248,0.332,0.668,0.582,0.584,0.059,0.261,0.35
0.248,0.332,0.668,0.582,0.584,0.059,0.261,0.35
0.248,0.332,0.668,0.581,0.584,0.059,0.261,0.35
0.248,0.332,0.668,0.581,0.584,0.059,0.261,0.35
0.248,0.332,0.667,0.581,0.584,0.059,0.261,0.349
0.248,0.332,0.667,0.581,0.584,0.059,0.261,0.35
0.248,0.332,0.667,0.581,0.584,0.059,0.26,0.349
0.248,0.332,0.667,0.581,0.583,0.059,0.261,0.349
0.247,0.332,0.667,0.58,0.583,0.059,0.261,0.349
0.247,0.332,0.666,0.58,0.583,0.059,0.261,0.349
0.247,0.332,0.666,0.58,0.583,0.059,0.26,0.349
0.247,0.332,0.666,0.58,0.583,0.059,0.261,0.349
0.247,0.332,0.666,0.58,0.583,0.059,0.26,0.349
0.247,0.332,0.666,0.58,0.583,0.059,0.26,0.349
0.247,0.332,0.665,0.58,0.583,0.059,0.26,0.349
0.247,0.332,0.665,0.579,0.582,0.059,0.26,0.348
0.247,0.331,0.665,0.579,0.582,0.059,0.26,0.348
0.247,0.331,0.665,0.579,0.582,0.059,0.26,0.348
0.247,0.331,0.665,0.579,0.582,0.059,0.26,0.348
0.247,0.331,0.664,0.579,0.582,0.059,0.26,0.348
0.246,0.331,0.664,0.579,0.582,0.059,0.26,0.348
0.247,0.331,0.664,0.578,0.581,0.059,0.26,0.348
0.246,0.331,0.664,0.578,0.581,0.059,0.26,0.348
0.246,0.331,0.664,0.578,0.581,0.059,0.26,0.348
0.246,0.331,0.663,0.578,0.581,0.059,0.26,0.348
0.246,0.331,0.663,0.578,0.581,0.059,0.26,0.348
0.246,0.331,0.663,0.578,0.581,0.059,0.26,0.348
0.246,0.331,0.663,0.578,0.581,0.059,0.26,0.348
0.246,0.331,0.663,0.577,0.581,0.059,0.26,0.348
0.246,0.331,0.663,0.577,0.58,0.059,0.26,0.348
0.246,0.331,0.662,0.577,0.58,0.059,0.259,0.348
0.246,0.331,0.662,0.577,0.58,0.059,0.259,0.347
0.246,0.33,0.662,0.577,0.58,0.059,0.259,0.347
0.246,0.331,0.662,0.577,0.58,0.059,0.259,0.347
0.246,0.33,0.662,0.577,0.58,0.059,0.259,0.347
0.245,0.33,0.661,0.576,0.58,0.059,0.259,0.347
0.245,0.33,0.661,0.576,0.58,0.059,0.259,0.347
0.245,0.33,0.661,0.576,0.579,0.059,0.259,0.347
0.245,0.33,0.661,0.576,0.579,0.059,0.259,0.347
0.245,0.33,0.661,0.576,0.579,0.059,0.259,0.347
0.245,0.33,0.66,0.576,0.579,0.059,0.259,0.347
0.245,0.33,0.66,0.576,0.579,0.059,0.259,0.347
0.245,0.33,0.66,0.575,0.579,0.059,0.259,0.347
0.245,0.33,0.66,0.575,0.579,0.059,0.259,0.346
0.245,0.33,0.66,0.575,0.578,0.059,0.259,0.347
0.245,0.33,0.66,0.575,0.578,0.059,0.259,0.346
0.245,0.33,0.659,0.575,0.578,0.059,0.259,0.346
0.245,0.33,0.659,0.575,0.578,0.059,0.259,0.346
0.245,0.33,0.659,0.575,0.578,0.059,0.259,0.346
0.245,0.33,0.659,0.574,0.578,0.059,0.259,0.346
0.244,0.33,0.659,0.574,0.578,0.059,0.258,0.346
0.244,0.33,0.658,0.574,0.578,0.059,0.259,0.346
0.244,0.329,0.658,0.574,0.578,0.059,0.258,0.346
0.244,0.33,0.658,0.574,0.577,0.059,0.259,0.346
0.244,0.329,0.658,0.574,0.577,0.059,0.258,0.346
0.244,0.329,0.658,0.574,0.577,0.059,0.258,0.346
0.244,0.329,0.658,0.574,0.577,0.059,0.258,0.345
0.244,0.33,0.658,0.573,0.577,0.059,0.258,0.346
0.244,0.329,0.657,0.573,0.577,0.058,0.258,0.346
0.244,0.329,0.657,0.573,0.577,0.059,0.258,0.345
0.244,0.329,0.657,0.573,0.577,0.059,0.258,0.345
0.244,0.329,0.657,0.573,0.577,0.059,0.258,0.345
0.244,0.329,0.657,0.573,0.577,0.058,0.258,0.345
0.244,0.329,0.656,0.572,0.576,0.059,0.258,0.345
0.243,0.329,0.656,0.572,0.576,0.059,0.258,0.345
0.244,0.329,0.656,0.572,0.576,0.058,0.258,0.345
0.243,0.329,0.656,0.572,0.576,0.059,0.258,0.345
0.243,0.329,0.656,0.572,0.576,0.059,0.258,0.345
0.243,0.329,0.655,0.572,0.576,0.059,0.258,0.345
0.243,0.329,0.655,0.572,0.576,0.058,0.258,0.344
0.243,0.329,0.655,0.571,0.575,0.058,0.258,0.344
0.243,0.329,0.655,0.571,0.575,0.058,0.258,0.344
0.243,0.329,0.655,0.571,0.575,0.059,0.258,0.344
0.243,0.329,0.655,0.571,0.575,0.059,0.258,0.344
0.243,0.329,0.654,0.571,0.575,0.059,0.257,0.344
0.243,0.329,0.654,0.571,0.575,0.059,0.257,0.344
0.243,0.329,0.654,0.571,0.575,0.059,0.257,0.344
0.243,0.329,0.654,0.57,0.575,0.059,0.257,0.344
0.243,0.328,0.654,0.57,0.575,0.058,0.257,0.344
0.243,0.328,0.654,0.57,0.574,0.059,0.257,0.344
0.242,0.328,0.653,0.57,0.574,0.058,0.257,0.344
0.242,0.328,0.653,0.57,0.574,0.058,0.257,0.343
0.242,0.328,0.653,0.57,0.574,0.059,0.257,0.344
0.242,0.328,0.653,0.57,0.574,0.059,0.257,0.343
0.242,0.328,0.653,0.57,0.574,0.059,0.257,0.343
0.242,0.328,0.653,0.569,0.574,0.058,0.257,0.343
0.242,0.328,0.652,0.569,0.574,0.058,0.257,0.343
0.242,0.328,0.652,0.569,0.573,0.058,0.257,0.343
0.242,0.328,0.652,0.569,0.573,0.058,0.257,0.343
0.242,0.328,0.652,0.569,0.573,0.058,0.257,0.343
0.242,0.328,0.652,0.569,0.573,0.059,0.257,0.343
0.242,0.327,0.651,0.569,0.573,0.059,0.257,0.343
0.242,0.327,0.651,0.568,0.573,0.058,0.256,0.343
0.241,0.327,0.651,0.568,0.573,0.059,0.257,0.342
0.241,0.327,0.651,0.568,0.573,0.059,0.256,0.342
0.241,0.327,0.651,0.568,0.572,0.058,0.256,0.342
0.241,0.327,0.651,0.568,0.572,0.059,0.256,0.342
0.241,0.327,0.65,0.568,0.572,0.058,0.256,0.342
0.241,0.327,0.65,0.568,0.572,0.059,0.256,0.342
0.241,0.327,0.65,0.568,0.572,0.058,0.256,0.342
0.241,0.327,0.65,0.567,0.572,0.058,0.256,0.342
0.241,0.327,0.65,0.567,0.572,0.058,0.256,0.342
0.241,0.327,0.65,0.567,0.571,0.058,0.256,0.342
0.241,0.327,0.649,0.567,0.572,0.058,0.256,0.341
0.241,0.327,0.649,0.567,0.571,0.058,0.256,0.341
0.241,0.327,0.649,0.567,0.571,0.058,0.256,0.341
0.241,0.327,0.649,0.567,0.571,0.058,0.256,0.341
0.24,0.327,0.649,0.566,0.571,0.059,0.256,0.341
0.241,0.327,0.649,0.566,0.571,0.058,0.256,0.341
0.24,0.327,0.649,0.566,0.571,0.058,0.256,0.341
0.24,0.327,0.648,0.566,0.571,0.058,0.256,0.341
0.24,0.327,0.648,0.566,0.571,0.058,0.256,0.341
0.24,0.326,0.648,0.566,0.57,0.059,0.256,0.341
0.24,0.326,0.648,0.566,0.57,0.058,0.256,0.341
0.24,0.327,0.648,0.566,0.57,0.058,0.255,0.341
0.24,0.327,0.647,0.565,0.57,0.059,0.256,0.341
0.24,0.326,0.647,0.565,0.57,0.058,0.255,0.341
0.24,0.326,0.647,0.565,0.57,0.058,0.255,0.34
0.24,0.326,0.647,0.565,0.57,0.058,0.255,0.34
0.24,0.326,0.647,0.565,0.57,0.058,0.255,0.34
0.24,0.326,0.647,0.565,0.569,0.058,0.255,0.34
0.24,0.326,0.646,0.565,0.569,0.058,0.255,0.34
0.24,0.326,0.646,0.564,0.569,0.058,0.255,0.34
0.24,0.326,0.646,0.564,0.569,0.058,0.255,0.34
0.239,0.326,0.646,0.564,0.569,0.058,0.255,0.34
0.239,0.326,0.646,0.564,0.569,0.058,0.255,0.34
0.239,0.326,0.646,0.564,0.569,0.059,0.255,0.34
0.239,0.326,0.645,0.564,0.569,0.058,0.255,0.34
0.239,0.326,0.645,0.564,0.568,0.058,0.255,0.339
0.239,0.326,0.645,0.564,0.568,0.058,0.255,0.339
0.239,0.326,0.645,0.564,0.568,0.058,0.255,0.339
0.239,0.326,0.645,0.563,0.568,0.058,0.255,0.339
0.239,0.326,0.645,0.563,0.568,0.058,0.255,0.339
0.239,0.326,0.645,0.563,0.568,0.058,0.255,0.339
0.239,0.326,0.644,0.563,0.568,0.058,0.255,0.339
0.239,0.326,0.644,0.563,0.568,0.058,0.255,0.339
0.239,0.326,0.644,0.563,0.567,0.058,0.255,0.339
0.239,0.326,0.644,0.562,0.567,0.058,0.255,0.339
0.239,0.326,0.644,0.562,0.567,0.058,0.255,0.339
0.238,0.325,0.643,0.562,0.567,0.058,0.255,0.339
0.238,0.326,0.643,0.562,0.567,0.058,0.254,0.339
0.238,0.325,0.643,0.562,0.567,0.058,0.255,0.338
0.238,0.325,0.643,0.562,0.567,0.058,0.254,0.338
0.238,0.325,0.643,0.562,0.567,0.058,0.254,0.338
0.238,0.325,0.643,0.562,0.566,0.058,0.254,0.338
0.238,0.325,0.642,0.561,0.566,0.058,0.254,0.338
0.238,0.325,0.642,0.561,0.566,0.058,0.254,0.338
0.238,0.325,0.642,0.561,0.566,0.058,0.254,0.338
0.238,0.325,0.642,0.561,0.566,0.058,0.254,0.338
0.238,0.325,0.642,0.561,0.566,0.058,0.254,0.338
0.238,0.325,0.642,0.561,0.566,0.058,0.254,0.338
0.238,0.325,0.641,0.561,0.566,0.058,0.254,0.338
0.238,0.325,0.641,0.561,0.566,0.058,0.254,0.338
0.238,0.325,0.641,0.56,0.565,0.058,0.254,0.338
0.237,0.325,0.641,0.56,0.565,0.058,0.254,0.338
0.237,0.325,0.641,0.56,0.565,0.058,0.254,0.338
0.237,0.325,0.64,0.56,0.565,0.058,0.254,0.337
0.237,0.325,0.64,0.56,0.565,0.058,0.254,0.337
0.237,0.325,0.64,0.56,0.565,0.058,0.254,0.337
0.237,0.324,0.64,0.56,0.565,0.058,0.254,0.337
0.237,0.324,0.64,0.559,0.565,0.058,0.254,0.337
0.237,0.324,0.64,0.559,0.564,0.058,0.253,0.337
0.237,0.324,0.639,0.559,0.564,0.058,0.254,0.337
0.237,0.324,0.639,0.559,0.564,0.058,0.254,0.337
0.237,0.324,0.639,0.559,0.564,0.058,0.253,0.337
0.237,0.324,0.639,0.559,0.564,0.058,0.253,0.337
0.237,0.324,0.639,0.559,0.564,0.058,0.253,0.337
0.237,0.324,0.638,0.558,0.564,0.058,0.253,0.337
0.237,0.324,0.638,0.558,0.563,0.058,0.253,0.337
0.236,0.324,0.638,0.558,0.563,0.058,0.253,0.336
0.236,0.324,0.638,0.558,0.563,0.058,0.253,0.336
0.236,0.324,0.638,0.558,0.563,0.058,0.253,0.336
0.236,0.324,0.638,0.558,0.563,0.058,0.253,0.336
0.236,0.323,0.638,0.558,0.563,0.058,0.253,0.336
0.236,0.323,0.637,0.557,0.563,0.058,0.253,0.336
0.236,0.323,0.637,0.557,0.563,0.058,0.253,0.336
0.236,0.323,0.637,0.557,0.563,0.058,0.253,0.336
0.236,0.323,0.637,0.557,0.563,0.058,0.253,0.336
0.236,0.323,0.637,0.557,0.562,0.058,0.253,0.336
0.236,0.323,0.637,0.557,0.563,0.058,0.253,0.336
0.236,0.323,0.636,0.557,0.562,0.058,0.253,0.335
0.236,0.323,0.636,0.557,0.562,0.058,0.253,0.335
0.236,0.323,0.636,0.557,0.562,0.058,0.253,0.335
0.235,0.323,0.636,0.556,0.562,0.058,0.252,0.335
0.236,0.323,0.636,0.556,0.562,0.058,0.252,0.335
0.235,0.323,0.636,0.556,0.562,0.058,0.252,0.335
0.235,0.323,0.635,0.556,0.561,0.058,0.253,0.335
0.235,0.323,0.635,0.556,0.561,0.058,0.252,0.335
0.235,0.323,0.635,0.556,0.561,0.058,0.252,0.335
0.235,0.323,0.635,0.556,0.561,0.058,0.252,0.334
0.235,0.323,0.635,0.555,0.561,0.058,0.252,0.334
0.235,0.323,0.635,0.555,0.561,0.058,0.252,0.335
0.235,0.323,0.634,0.555,0.561,0.058,0.252,0.334
0.235,0.323,0.634,0.555,0.561,0.058,0.252,0.334
0.235,0.323,0.634,0.555,0.56,0.058,0.252,0.334
0.235,0.323,0.634,0.555,0.56,0.058,0.252,0.334
0.235,0.323,0.634,0.555,0.56,0.058,0.252,0.334
0.235,0.323,0.634,0.554,0.56,0.058,0.252,0.334
0.235,0.323,0.633,0.554,0.56,0.058,0.252,0.334
0.235,0.322,0.633,0.554,0.56,0.058,0.252,0.334
0.234,0.322,0.633,0.554,0.56,0.058,0.252,0.334
0.234,0.322,0.633,0.554,0.56,0.058,0.252,0.334
0.234,0.322,0.633,0.554,0.559,0.058,0.252,0.333
0.234,0.322,0.632,0.554,0.559,0.058,0.252,0.334
0.234,0.322,0.632,0.554,0.559,0.058,0.252,0.333
0.234,0.322,0.632,0.554,0.559,0.058,0.252,0.333
0.234,0.322,0.632,0.554,0.559,0.058,0.252,0.333
0.234,0.322,0.632,0.553,0.559,0.058,0.251,0.333
0.234,0.322,0.632,0.553,0.559,0.058,0.251,0.333
0.234,0.322,0.631,0.553,0.559,0.058,0.251,0.333
0.234,0.322,0.631,0.553,0.559,0.058,0.251,0.333
0.234,0.322,0.631,0.553,0.558,0.058,0.251,0.333
0.234,0.322,0.631,0.553,0.558,0.058,0.251,0.333
0.234,0.321,0.631,0.553,0.558,0.058,0.251,0.333
0.234,0.322,0.631,0.553,0.558,0.058,0.251,0.333
0.234,0.321,0.63,0.553,0.558,0.058,0.251,0.333
0.233,0.321,0.63,0.552,0.558,0.058,0.251,0.333
0.233,0.321,0.63,0.552,0.558,0.058,0.251,0.333
0.233,0.321,0.63,0.552,0.558,0.058,0.251,0.332
0.233,0.321,0.63,0.552,0.558,0.058,0.251,0.333
0.233,0.321,0.63,0.552,0.558,0.058,0.251,0.333
0.233,0.321,0.629,0.552,0.557,0.058,0.251,0.332
0.233,0.321,0.629,0.552,0.557,0.058,0.251,0.332
0.233,0.321,0.629,0.552,0.557,0.058,0.251,0.332
0.233,0.321,0.629,0.551,0.557,0.058,0.251,0.332
0.233,0.321,0.629,0.551,0.557,0.058,0.251,0.332
0.233,0.321,0.629,0.551,0.557,0.058,0.251,0.332
0.233,0.321,0.628,0.551,0.557,0.058,0.251,0.332
0.233,0.321,0.628,0.551,0.557,0.058,0.251,0.332
0.233,0.321,0.628,0.551,0.556,0.058,0.251,0.332
0.233,0.321,0.628,0.551,0.556,0.058,0.251,0.332
0.233,0.321,0.628,0.551,0.556,0.058,0.251,0.332
0.233,0.321,0.628,0.551,0.556,0.058,0.25,0.332
0.233,0.321,0.628,0.551,0.556,0.058,0.251,0.332
0.232,0.321,0.627,0.551,0.556,0.058,0.25,0.332
0.232,0.321,0.627,0.55,0.556,0.058,0.25,0.332
0.232,0.321,0.627,0.55,0.556,0.058,0.25,0.332
0.232,0.32,0.627,0.55,0.556,0.058,0.25,0.332
0.232,0.32,0.627,0.55,0.556,0.058,0.25,0.332
0.232,0.32,0.627,0.55,0.556,0.058,0.25,0.332
0.232,0.32,0.627,0.55,0.555,0.058,0.25,0.331
0.232,0.32,0.626,0.55,0.555,0.058,0.25,0.331
0.232,0.32,0.626,0.55,0.555,0.058,0.25,0.331
0.232,0.32,0.626,0.549,0.555,0.058,0.25,0.331
0.232,0.32,0.626,0.549,0.555,0.058,0.25,0.331
0.232,0.32,0.626,0.549,0.555,0.058,0.25,0.331
0.232,0.32,0.626,0.549,0.555,0.058,0.25,0.331
0.232,0.32,0.626,0.549,0.555,0.058,0.25,0.331
0.232,0.32,0.625,0.549,0.555,0.058,0.25,0.331
0.232,0.32,0.625,0.549,0.555,0.058,0.25,0.331
0.232,0.32,0.625,0.549,0.554,0.058,0.25,0.331
0.231,0.32,0.625,0.549,0.554,0.058,0.25,0.331
0.232,0.319,0.625,0.548,0.554,0.058,0.25,0.331
0.231,0.319,0.625,0.548,0.554,0.058,0.25,0.331
0.231,0.319,0.625,0.548,0.554,0.058,0.25,0.331
0.231,0.319,0.624,0.548,0.554,0.058,0.25,0.331
0.231,0.319,0.624,0.548,0.554,0.058,0.25,0.331
0.231,0.319,0.624,0.548,0.554,0.058,0.249,0.331
0.231,0.319,0.624,0.548,0.554,0.058,0.25,0.331
0.231,0.319,0.624,0.548,0.553,0.058,0.249,0.33
0.231,0.319,0.624,0.548,0.553,0.058,0.249,0.33
0.231,0.319,0.623,0.547,0.553,0.058,0.249,0.33
0.231,0.319,0.623,0.547,0.553,0.058,0.249,0.33
0.231,0.319,0.623,0.547,0.553,0.058,0.249,0.33
0.231,0.319,0.623,0.547,0.553,0.058,0.249,0.33
0.231,0.319,0.623,0.547,0.553,0.058,0.249,0.33
0.231,0.319,0.623,0.547,0.553,0.058,0.249,0.33
0.231,0.319,0.623,0.547,0.553,0.058,0.249,0.33
0.231,0.319,0.622,0.547,0.553,0.058,0.249,0.33
0.231,0.319,0.622,0.547,0.553,0.058,0.249,0.33
0.231,0.319,0.622,0.546,0.552,0.058,0.249,0.33
0.231,0.318,0.622,0.546,0.552,0.058,0.249,0.33
0.23,0.318,0.622,0.546,0.552,0.058,0.249,0.329
0.231,0.318,0.622,0.546,0.552,0.058,0.249,0.33
0.231,0.318,0.622,0.546,0.552,0.058,0.249,0.329
0.23,0.318,0.621,0.546,0.552,0.058,0.249,0.329
0.23,0.318,0.621,0.546,0.552,0.058,0.249,0.329
0.23,0.318,0.621,0.546,0.552,0.058,0.249,0.329
0.23,0.318,0.621,0.546,0.552,0.058,0.249,0.329
0.23,0.318,0.621,0.545,0.552,0.058,0.249,0.329
0.23,0.318,0.621,0.545,0.552,0.058,0.249,0.329
0.23,0.318,0.621,0.545,0.552,0.058,0.249,0.329
0.23,0.318,0.621,0.545,0.551,0.058,0.249,0.329
0.23,0.318,0.62,0.545,0.551,0.058,0.249,0.329
0.23,0.318,0.62,0.545,0.551,0.058,0.249,0.329
0.23,0.318,0.62,0.545,0.551,0.058,0.248,0.329
0.23,0.318,0.62,0.545,0.551,0.058,0.249,0.329
0.23,0.318,0.62,0.545,0.551,0.058,0.249,0.329
0.23,0.318,0.62,0.544,0.551,0.058,0.249,0.329
0.23,0.318,0.62,0.544,0.55,0.058,0.248,0.329
0.23,0.318,0.619,0.544,0.551,0.058,0.248,0.329
0.229,0.318,0.619,0.544,0.55,0.058,0.248,0.328
0.23,0.318,0.619,0.544,0.55,0.058,0.248,0.328
0.229,0.317,0.619,0.544,0.55,0.058,0.248,0.329
0.229,0.318,0.619,0.544,0.55,0.058,0.248,0.328
0.229,0.317,0.619,0.544,0.55,0.058,0.248,0.329
0.229,0.317,0.618,0.543,0.55,0.058,0.248,0.328
0.229,0.317,0.618,0.543,0.55,0.058,0.248,0.328
0.229,0.317,0.618,0.543,0.55,0.058,0.248,0.328
0.229,0.317,0.618,0.543,0.55,0.058,0.248,0.328
0.229,0.317,0.618,0.543,0.549,0.058,0.248,0.328
0.229,0.317,0.618,0.543,0.549,0.058,0.248,0.328
0.229,0.317,0.617,0.543,0.549,0.058,0.248,0.328
0.229,0.317,0.617,0.543,0.549,0.057,0.248,0.328
0.229,0.317,0.617,0.542,0.549,0.058,0.248,0.328
0.229,0.317,0.617,0.542,0.549,0.058,0.248,0.328
0.229,0.317,0.617,0.542,0.549,0.057,0.248,0.328
0.229,0.317,0.617,0.542,0.549,0.058,0.248,0.328
0.229,0.317,0.617,0.542,0.549,0.058,0.248,0.328
0.229,0.317,0.617,0.542,0.548,0.057,0.248,0.328
0.229,0.317,0.616,0.542,0.548,0.058,0.248,0.328
0.228,0.316,0.616,0.541,0.548,0.058,0.248,0.327
0.228,0.317,0.616,0.541,0.548,0.057,0.248,0.327
0.228,0.316,0.616,0.541,0.548,0.058,0.248,0.327
0.228,0.316,0.616,0.541,0.548,0.057,0.247,0.327
0.228,0.316,0.616,0.541,0.548,0.058,0.247,0.327
0.228,0.316,0.615,0.541,0.548,0.057,0.247,0.327
0.228,0.316,0.615,0.541,0.548,0.058,0.247,0.327
0.228,0.316,0.615,0.541,0.547,0.058,0.247,0.327
0.228,0.316,0.615,0.54,0.547,0.058,0.247,0.327
0.228,0.316,0.615,0.54,0.547,0.058,0.247,0.327
0.228,0.316,0.615,0.54,0.547,0.057,0.247,0.327
0.228,0.316,0.615,0.54,0.547,0.057,0.247,0.326
0.228,0.316,0.614,0.54,0.547,0.058,0.247,0.326
0.228,0.316,0.614,0.54,0.547,0.057,0.247,0.326
0.228,0.316,0.614,0.54,0.547,0.057,0.247,0.326
0.228,0.316,0.614,0.54,0.547,0.058,0.247,0.326
0.227,0.316,0.614,0.54,0.547,0.058,0.247,0.326
0.227,0.315,0.614,0.539,0.547,0.057,0.247,0.326
0.227,0.316,0.614,0.539,0.547,0.057,0.247,0.326
0.227,0.315,0.613,0.539,0.546,0.058,0.247,0.326
0.227,0.315,0.613,0.539,0.546,0.057,0.247,0.326
0.227,0.315,0.613,0.539,0.546,0.058,0.247,0.326
0.227,0.315,0.613,0.539,0.546,0.057,0.247,0.325
0.227,0.315,0.613,0.539,0.546,0.057,0.247,0.326
0.227,0.315,0.612,0.539,0.546,0.058,0.247,0.325
0.227,0.315,0.612,0.538,0.546,0.057,0.246,0.325
0.227,0.315,0.612,0.538,0.546,0.058,0.246,0.325
0.227,0.315,0.612,0.538,0.546,0.057,0.246,0.325
0.227,0.315,0.612,0.538,0.545,0.058,0.247,0.325
0.227,0.315,0.612,0.538,0.545,0.057,0.246,0.325
0.227,0.315,0.612,0.538,0.545,0.058,0.246,0.325
0.227,0.315,0.611,0.538,0.545,0.057,0.246,0.325
0.227,0.315,0.611,0.538,0.545,0.057,0.246,0.325
0.227,0.315,0.611,0.538,0.545,0.058,0.246,0.325
0.226,0.315,0.611,0.537,0.545,0.057,0.246,0.325
0.226,0.315,0.611,0.537,0.545,0.058,0.246,0.325
0.226,0.315,0.611,0.537,0.545,0.057,0.246,0.325
0.226,0.315,0.611,0.537,0.545,0.057,0.246,0.324
0.226,0.315,0.611,0.537,0.545,0.057,0.246,0.324
0.226,0.315,0.61,0.537,0.544,0.057,0.246,0.325
0.226,0.315,0.61,0.537,0.544,0.058,0.246,0.324
0.226,0.315,0.61,0.537,0.544,0.057,0.246,0.324
0.226,0.315,0.61,0.537,0.544,0.057,0.246,0.324
0.226,0.315,0.61,0.537,0.544,0.057,0.246,0.324
0.226,0.315,0.61,0.536,0.544,0.057,0.246,0.324
0.226,0.314,0.609,0.536,0.544,0.058,0.246,0.324
0.226,0.314,0.609,0.536,0.544,0.058,0.246,0.324
0.226,0.314,0.609,0.536,0.544,0.057,0.246,0.324
0.226,0.314,0.609,0.536,0.544,0.057,0.246,0.324
0.226,0.314,0.609,0.536,0.543,0.057,0.246,0.324
0.225,0.314,0.609,0.536,0.543,0.058,0.246,0.324
0.226,0.314,0.609,0.536,0.543,0.058,0.245,0.323
0.225,0.314,0.608,0.536,0.543,0.057,0.246,0.323
0.225,0.314,0.608,0.535,0.543,0.057,0.246,0.323
0.225,0.314,0.608,0.535,0.543,0.057,0.245,0.323
0.225,0.314,0.608,0.535,0.543,0.057,0.245,0.323
0.225,0.314,0.608,0.535,0.543,0.057,0.245,0.323
0.225,0.314,0.608,0.535,0.543,0.057,0.245,0.323
0.225,0.314,0.608,0.535,0.543,0.057,0.245,0.323
0.225,0.314,0.607,0.535,0.542,0.057,0.245,0.323
0.225,0.314,0.607,0.534,0.542,0.057,0.245,0.323
0.225,0.314,0.607,0.535,0.542,0.057,0.245,0.323
0.225,0.314,0.607,0.534,0.542,0.057,0.245,0.323
0.225,0.314,0.607,0.534,0.542,0.057,0.245,0.323
0.225,0.314,0.607,0.534,0.542,0.057,0.245,0.322
0.225,0.314,0.607,0.534,0.542,0.057,0.245,0.323
0.225,0.314,0.606,0.534,0.542,0.057,0.245,0.322
0.225,0.314,0.606,0.534,0.542,0.057,0.245,0.322
0.224,0.314,0.606,0.534,0.541,0.057,0.245,0.322
0.225,0.313,0.606,0.534,0.541,0.057,0.245,0.322
0.224,0.313,0.606,0.533,0.541,0.057,0.245,0.322
0.224,0.313,0.606,0.533,0.541,0.057,0.245,0.322
0.224,0.313,0.606,0.533,0.541,0.057,0.245,0.322
0.224,0.313,0.605,0.533,0.541,0.057,0.245,0.322
0.224,0.313,0.605,0.533,0.541,0.057,0.245,0.322
0.224,0.313,0.605,0.533,0.541,0.057,0.245,0.322
0.224,0.313,0.605,0.533,0.541,0.057,0.245,0.322
0.224,0.313,0.605,0.533,0.54,0.057,0.244,0.322
0.224,0.313,0.605,0.533,0.541,0.057,0.245,0.321
0.224,0.313,0.604,0.532,0.54,0.057,0.244,0.321
0.224,0.313,0.604,0.532,0.54,0.057,0.244,0.321
0.224,0.313,0.604,0.532,0.54,0.057,0.244,0.321
0.224,0.313,0.604,0.532,0.54,0.057,0.244,0.321
0.224,0.313,0.604,0.532,0.54,0.057,0.244,0.321
0.224,0.313,0.604,0.532,0.54,0.057,0.244,0.321
0.224,0.313,0.604,0.532,0.54,0.057,0.244,0.321
0.224,0.313,0.603,0.532,0.539,0.057,0.244,0.321
0.224,0.313,0.603,0.531,0.539,0.057,0.244,0.321
0.224,0.313,0.603,0.531,0.539,0.057,0.244,0.321
0.224,0.313,0.603,0.531,0.539,0.057,0.244,0.321
0.223,0.313,0.603,0.531,0.539,0.057,0.244,0.321
0.223,0.313,0.603,0.531,0.539,0.057,0.244,0.321
0.223,0.313,0.603,0.531,0.539,0.057,0.244,0.321
0.223,0.313,0.603,0.531,0.539,0.057,0.244,0.321
0.223,0.313,0.602,0.531,0.539,0.057,0.244,0.321
0.223,0.313,0.602,0.53,0.539,0.057,0.244,0.321
0.223,0.313,0.602,0.53,0.539,0.057,0.244,0.321
0.223,0.313,0.602,0.53,0.538,0.057,0.244,0.32
0.223,0.313,0.602,0.53,0.539,0.057,0.244,0.32
0.223,0.313,0.602,0.53,0.538,0.057,0.244,0.321
0.223,0.312,0.601,0.53,0.538,0.057,0.244,0.32
0.223,0.313,0.601,0.53,0.538,0.057,0.243,0.32
0.223,0.312,0.601,0.53,0.538,0.057,0.243,0.32
0.223,0.312,0.601,0.53,0.538,0.057,0.244,0.32
0.223,0.312,0.601,0.529,0.538,0.057,0.243,0.32
0.223,0.312,0.601,0.529,0.538,0.057,0.243,0.32
0.223,0.312,0.601,0.529,0.538,0.057,0.243,0.32
0.223,0.312,0.601,0.529,0.538,0.057,0.243,0.32
0.223,0.312,0.6,0.529,0.537,0.057,0.243,0.32
0.223,0.312,0.6,0.529,0.537,0.057,0.243,0.32
0.223,0.312,0.6,0.529,0.537,0.057,0.243,0.32
0.223,0.312,0.6,0.529,0.537,0.057,0.243,0.32
0.222,0.312,0.6,0.529,0.537,0.057,0.243,0.32
0.222,0.312,0.6,0.528,0.537,0.057,0.243,0.32
0.222,0.312,0.6,0.528,0.537,0.057,0.243,0.32
0.222,0.312,0.6,0.528,0.537,0.057,0.243,0.32
0.222,0.312,0.599,0.528,0.537,0.057,0.243,0.32
0.222,0.311,0.599,0.528,0.537,0.057,0.243,0.32
0.222,0.311,0.599,0.528,0.536,0.057,0.243,0.32
0.222,0.311,0.599,0.528,0.537,0.057,0.243,0.32
0.222,0.311,0.599,0.528,0.536,0.057,0.243,0.319
0.222,0.311,0.599,0.528,0.536,0.057,0.243,0.319
0.222,0.311,0.599,0.528,0.536,0.057,0.243,0.319
0.222,0.311,0.599,0.527,0.536,0.057,0.243,0.319
0.222,0.311,0.598,0.527,0.536,0.057,0.243,0.319
0.222,0.311,0.598,0.527,0.536,0.057,0.243,0.319
0.222,0.311,0.598,0.527,0.536,0.057,0.243,0.319
0.222,0.311,0.598,0.527,0.536,0.057,0.243,0.319
0.222,0.311,0.598,0.527,0.536,0.057,0.242,0.319
0.222,0.311,0.598,0.527,0.536,0.057,0.243,0.319
0.222,0.311,0.598,0.527,0.536,0.057,0.242,0.319
0.222,0.311,0.597,0.527,0.536,0.057,0.243,0.319
0.221,0.311,0.597,0.526,0.536,0.057,0.242,0.319
0.221,0.311,0.597,0.526,0.535,0.057,0.242,0.319
0.221,0.311,0.597,0.526,0.535,0.057,0.242,0.319
0.221,0.311,0.597,0.526,0.535,0.057,0.242,0.319
0.221,0.311,0.597,0.526,0.535,0.057,0.242,0.318
0.221,0.311,0.597,0.526,0.535,0.057,0.242,0.318
0.221,0.31,0.597,0.526,0.535,0.057,0.242,0.318
0.221,0.31,0.596,0.526,0.535,0.057,0.242,0.318
0.221,0.31,0.596,0.526,0.535,0.057,0.242,0.318
0.221,0.31,0.596,0.526,0.535,0.057,0.242,0.318
0.221,0.31,0.596,0.525,0.535,0.057,0.242,0.318
0.221,0.31,0.596,0.526,0.535,0.057,0.242,0.318
0.221,0.31,0.596,0.525,0.535,0.057,0.242,0.318
0.221,0.31,0.596,0.525,0.535,0.057,0.242,0.318
0.221,0.31,0.595,0.525,0.534,0.057,0.242,0.318
0.221,0.31,0.595,0.525,0.534,0.057,0.242,0.318
0.221,0.31,0.595,0.525,0.534,0.057,0.242,0.317
0.221,0.31,0.595,0.525,0.534,0.057,0.242,0.317
0.221,0.31,0.595,0.525,0.534,0.057,0.242,0.317
0.221,0.31,0.595,0.525,0.534,0.057,0.242,0.317
0.22,0.31,0.595,0.525,0.534,0.057,0.242,0.317
0.22,0.31,0.594,0.524,0.534,0.057,0.242,0.317
0.22,0.31,0.594,0.524,0.534,0.057,0.242,0.317
0.22,0.31,0.594,0.524,0.534,0.057,0.242,0.317
0.22,0.31,0.594,0.524,0.534,0.057,0.241,0.316
0.22,0.309,0.592,0.523,0.532,0.057,0.241,0.316
0.221,0.31,0.595,0.525,0.534,0.057,0.242,0.317
0.221,0.31,0.595,0.525,0.535,0.057,0.242,0.318
0.22,0.31,0.594,0.524,0.534,0.057,0.242,0.317
0.22,0.309,0.592,0.523,0.533,0.057,0.241,0.317
0.219,0.308,0.59,0.521,0.53,0.057,0.24,0.315
0.22,0.309,0.592,0.522,0.531,0.057,0.24,0.316
0.221,0.31,0.594,0.524,0.533,0.057,0.241,0.317
0.22,0.31,0.594,0.524,0.534,0.057,0.242,0.317
0.22,0.309,0.593,0.524,0.533,0.057,0.241,0.317
0.219,0.308,0.592,0.522,0.532,0.057,0.241,0.316
0.219,0.308,0.589,0.52,0.53,0.057,0.24,0.315
0.219,0.308,0.591,0.521,0.531,0.057,0.24,0.315
0.22,0.31,0.593,0.524,0.533,0.057,0.241,0.316
0.22,0.31,0.593,0.524,0.533,0.057,0.242,0.317
0.22,0.309,0.593,0.523,0.533,0.057,0.241,0.316
0.219,0.308,0.591,0.521,0.532,0.057,0.241,0.316
0.218,0.307,0.589,0.52,0.53,0.057,0.24,0.315
0.219,0.308,0.59,0.52,0.53,0.057,0.24,0.314
0.22,0.309,0.592,0.523,0.533,0.057,0.241,0.316
0.22,0.309,0.593,0.523,0.533,0.057,0.241,0.316
0.22,0.309,0.592,0.522,0.532,0.057,0.241,0.316
0.219,0.308,0.59,0.521,0.531,0.057,0.241,0.316
0.218,0.307,0.588,0.519,0.529,0.057,0.24,0.314
0.219,0.308,0.589,0.52,0.53,0.057,0.24,0.314
0.22,0.309,0.592,0.522,0.532,0.057,0.241,0.315
0.219,0.309,0.592,0.522,0.532,0.057,0.241,0.316
0.219,0.308,0.591,0.522,0.532,0.057,0.241,0.316
0.219,0.308,0.589,0.52,0.53,0.057,0.24,0.315
0.218,0.307,0.587,0.518,0.529,0.057,0.239,0.314
0.218,0.307,0.588,0.519,0.529,0.057,0.239,0.314
0.219,0.309,0.591,0.521,0.531,0.057,0.24,0.315
0.219,0.309,0.591,0.522,0.532,0.057,0.241,0.316
0.219,0.308,0.59,0.521,0.531,0.057,0.241,0.315
0.218,0.307,0.589,0.52,0.53,0.057,0.24,0.315
0.218,0.307,0.586,0.518,0.528,0.057,0.239,0.313
0.218,0.307,0.587,0.519,0.528,0.057,0.239,0.313
0.219,0.308,0.59,0.521,0.53,0.057,0.24,0.315
0.219,0.309,0.59,0.521,0.531,0.057,0.241,0.315
0.219,0.308,0.589,0.52,0.53,0.057,0.24,0.315
0.218,0.307,0.588,0.519,0.529,0.057,0.24,0.315
0.217,0.306,0.586,0.517,0.527,0.057,0.239,0.313
0.218,0.307,0.587,0.518,0.527,0.057,0.239,0.313
0.219,0.308,0.589,0.52,0.53,0.057,0.24,0.315
0.219,0.308,0.589,0.521,0.53,0.057,0.24,0.315
0.218,0.308,0.589,0.52,0.53,0.057,0.24,0.315
0.218,0.307,0.587,0.519,0.529,0.057,0.24,0.314
0.217,0.306,0.585,0.517,0.527,0.057,0.239,0.313
0.218,0.306,0.586,0.517,0.526,0.057,0.238,0.313
0.218,0.308,0.588,0.52,0.529,0.057,0.24,0.314
0.218,0.308,0.589,0.52,0.529,0.057,0.24,0.315
0.218,0.307,0.588,0.519,0.529,0.057,0.24,0.314
0.218,0.306,0.586,0.518,0.528,0.057,0.24,0.314
0.217,0.305,0.584,0.516,0.526,0.057,0.239,0.313
0.217,0.306,0.585,0.517,0.526,0.056,0.238,0.312
0.218,0.307,0.587,0.519,0.528,0.057,0.239,0.313
0.218,0.307,0.588,0.52,0.529,0.057,0.24,0.314
0.218,0.307,0.587,0.519,0.528,0.057,0.24,0.314
0.217,0.306,0.586,0.518,0.527,0.057,0.239,0.313
0.216,0.305,0.583,0.516,0.525,0.057,0.238,0.312
0.217,0.306,0.586,0.518,0.527,0.057,0.239,0.313
0.217,0.307,0.586,0.518,0.527,0.057,0.239,0.313
0.217,0.306,0.586,0.518,0.527,0.057,0.239,0.313
0.217,0.306,0.586,0.517,0.527,0.057,0.239,0.313
0.217,0.306,0.585,0.517,0.527,0.057,0.239,0.313
0.217,0.306,0.585,0.517,0.527,0.057,0.239,0.313
0.217,0.306,0.585,0.517,0.527,0.057,0.239,0.313
0.217,0.306,0.585,0.517,0.527,0.057,0.239,0.313
0.217,0.306,0.585,0.517,0.527,0.057,0.239,0.312
0.217,0.306,0.585,0.517,0.527,0.057,0.239,0.312
0.217,0.306,0.585,0.517,0.527,0.057,0.239,0.313
0.217,0.306,0.585,0.517,0.527,0.057,0.239,0.312
0.217,0.306,0.584,0.517,0.527,0.057,0.239,0.312
0.217,0.306,0.584,0.517,0.526,0.057,0.239,0.312
0.217,0.306,0.584,0.516,0.526,0.057,0.239,0.312
0.217,0.306,0.584,0.516,0.526,0.057,0.238,0.312
0.217,0.306,0.584,0.516,0.526,0.057,0.238,0.312
0.217,0.306,0.584,0.516,0.526,0.057,0.238,0.312
0.217,0.306,0.584,0.516,0.526,0.057,0.238,0.312
0.217,0.306,0.583,0.516,0.526,0.057,0.238,0.312
0.216,0.306,0.583,0.516,0.526,0.057,0.238,0.312
0.216,0.306,0.583,0.516,0.526,0.057,0.238,0.312
0.217,0.306,0.583,0.516,0.526,0.057,0.238,0.312
0.216,0.306,0.583,0.516,0.525,0.057,0.238,0.312
0.216,0.306,0.583,0.515,0.525,0.057,0.238,0.312
0.216,0.306,0.583,0.515,0.525,0.057,0.238,0.312
0.216,0.305,0.583,0.515,0.525,0.057,0.238,0.311
0.216,0.306,0.582,0.515,0.525,0.057,0.238,0.312
0.216,0.305,0.582,0.515,0.525,0.057,0.238,0.312
0.216,0.305,0.582,0.515,0.525,0.057,0.238,0.312
