S1_C0302,S2_C0302,S3_C0302,S4_C0302,S5_C0302,S6_C0302,S7_C0302,S8_C0302
0.253,0.341,0.452,0.658,0.693,0.066,0.223,0.461
0.252,0.341,0.452,0.658,0.693,0.066,0.223,0.461
0.253,0.341,0.452,0.658,0.693,0.066,0.223,0.461
0.253,0.341,0.452,0.658,0.693,0.066,0.223,0.461
0.253,0.341,0.452,0.658,0.693,0.066,0.223,0.461
0.252,0.341,0.452,0.658,0.693,0.066,0.223,0.461
0.252,0.341,0.452,0.658,0.693,0.066,0.223,0.461
0.252,0.341,0.452,0.658,0.693,0.066,0.223,0.461
0.252,0.341,0.452,0.658,0.693,0.066,0.223,0.46
0.253,0.341,0.452,0.658,0.693,0.066,0.223,0.46
0.252,0.341,0.452,0.658,0.693,0.066,0.223,0.461
0.252,0.341,0.452,0.658,0.693,0.066,0.223,0.46
0.252,0.341,0.452,0.658,0.693,0.066,0.223,0.46
0.252,0.341,0.452,0.658,0.693,0.066,0.223,0.46
0.252,0.341,0.452,0.658,0.693,0.066,0.223,0.46
0.253,0.341,0.452,0.658,0.693,0.066,0.223,0.46
0.253,0.341,0.452,0.658,0.693,0.066,0.223,0.46
0.253,0.341,0.452,0.658,0.693,0.066,0.223,0.46
0.252,0.341,0.452,0.658,0.693,0.066,0.223,0.46
0.252,0.341,0.452,0.658,0.693,0.066,0.223,0.46
0.252,0.341,0.452,0.658,0.693,0.066,0.223,0.46
0.253,0.341,0.452,0.658,0.693,0.066,0.223,0.46
0.253,0.341,0.452,0.658,0.693,0.066,0.223,0.46
0.252,0.341,0.452,0.658,0.693,0.066,0.223,0.46
0.252,0.341,0.452,0.658,0.693,0.066,0.223,0.46
0.252,0.341,0.452,0.658,0.693,0.066,0.223,0.46
0.253,0.341,0.452,0.658,0.693,0.066,0.223,0.46
0.253,0.341,0.452,0.658,0.693,0.066,0.223,0.46
0.252,0.341,0.452,0.658,0.693,0.066,0.223,0.46
0.253,0.342,0.452,0.659,0.694,0.066,0.223,0.461
0.253,0.341,0.452,0.658,0.694,0.066,0.223,0.461
0.253,0.341,0.452,0.658,0.694,0.066,0.223,0.461
0.253,0.341,0.452,0.659,0.694,0.066,0.223,0.461
0.253,0.341,0.452,0.659,0.694,0.066,0.223,0.461
0.252,0.342,0.452,0.659,0.694,0.066,0.223,0.461
0.253,0.342,0.452,0.659,0.694,0.066,0.223,0.461
0.253,0.342,0.452,0.659,0.694,0.066,0.223,0.461
0.253,0.342,0.452,0.659,0.694,0.066,0.223,0.461
0.253,0.342,0.452,0.659,0.694,0.066,0.223,0.461
0.253,0.342,0.452,0.659,0.694,0.066,0.223,0.461
0.253,0.342,0.452,0.66,0.694,0.066,0.223,0.461
0.253,0.342,0.452,0.66,0.694,0.066,0.223,0.461
0.253,0.342,0.452,0.66,0.695,0.066,0.223,0.462
0.253,0.342,0.452,0.661,0.695,0.066,0.223,0.462
0.253,0.342,0.452,0.661,0.695,0.066,0.223,0.462
0.253,0.342,0.452,0.662,0.695,0.066,0.223,0.462
0.253,0.342,0.452,0.662,0.695,0.066,0.223,0.463
0.253,0.342,0.452,0.663,0.696,0.066,0.223,0.463
0.253,0.342,0.452,0.663,0.696,0.066,0.223,0.464
0.253,0.342,0.452,0.664,0.696,0.066,0.223,0.464
0.253,0.342,0.452,0.664,0.696,0.066,0.223,0.465
0.253,0.342,0.452,0.665,0.697,0.066,0.223,0.465
0.253,0.343,0.452,0.665,0.697,0.066,0.223,0.466
0.253,0.343,0.452,0.666,0.698,0.066,0.223,0.466
0.253,0.343,0.452,0.667,0.698,0.066,0.223,0.467
0.253,0.343,0.453,0.667,0.698,0.066,0.223,0.468
0.253,0.343,0.452,0.668,0.699,0.066,0.223,0.468
0.253,0.343,0.452,0.669,0.699,0.066,0.223,0.469
0.253,0.344,0.452,0.669,0.699,0.066,0.223,0.469
0.253,0.344,0.452,0.67,0.7,0.066,0.223,0.47
0.253,0.344,0.453,0.671,0.7,0.066,0.223,0.471
0.253,0.344,0.453,0.671,0.701,0.066,0.223,0.471
0.253,0.344,0.453,0.672,0.701,0.066,0.223,0.472
0.253,0.345,0.453,0.673,0.701,0.066,0.223,0.473
0.253,0.345,0.453,0.673,0.702,0.066,0.223,0.473
0.253,0.345,0.453,0.674,0.702,0.066,0.223,0.474
0.253,0.345,0.453,0.675,0.703,0.066,0.223,0.475
0.253,0.345,0.453,0.675,0.703,0.066,0.223,0.475
0.253,0.346,0.453,0.676,0.704,0.066,0.223,0.476
0.253,0.346,0.453,0.677,0.704,0.066,0.223,0.477
0.253,0.346,0.453,0.678,0.705,0.066,0.223,0.477
0.254,0.347,0.453,0.678,0.705,0.066,0.223,0.478
0.254,0.347,0.453,0.679,0.706,0.066,0.223,0.479
0.254,0.347,0.453,0.68,0.706,0.066,0.223,0.479
0.254,0.347,0.453,0.68,0.706,0.066,0.223,0.48
0.254,0.348,0.453,0.681,0.707,0.066,0.223,0.481
0.254,0.348,0.453,0.682,0.707,0.066,0.223,0.481
0.254,0.348,0.453,0.682,0.708,0.066,0.223,0.482
0.254,0.349,0.453,0.683,0.708,0.066,0.223,0.483
0.254,0.349,0.453,0.684,0.709,0.066,0.223,0.483
0.254,0.349,0.453,0.684,0.709,0.066,0.223,0.484
0.254,0.35,0.453,0.685,0.709,0.066,0.223,0.485
0.254,0.35,0.453,0.686,0.71,0.066,0.223,0.486
0.254,0.35,0.453,0.687,0.71,0.066,0.224,0.486
0.254,0.351,0.453,0.687,0.711,0.066,0.223,0.487
0.254,0.351,0.454,0.688,0.711,0.066,0.224,0.488
0.254,0.351,0.454,0.689,0.712,0.066,0.223,0.488
0.254,0.352,0.454,0.689,0.712,0.066,0.223,0.489
0.254,0.352,0.454,0.69,0.713,0.066,0.223,0.49
0.254,0.353,0.454,0.691,0.713,0.066,0.223,0.491
0.254,0.353,0.454,0.691,0.714,0.066,0.224,0.491
0.254,0.353,0.454,0.692,0.714,0.066,0.224,0.492
0.254,0.354,0.454,0.693,0.715,0.066,0.224,0.493
0.255,0.354,0.454,0.693,0.715,0.066,0.224,0.494
0.255,0.355,0.454,0.694,0.716,0.066,0.224,0.494
0.255,0.355,0.454,0.694,0.716,0.066,0.224,0.495
0.255,0.355,0.454,0.695,0.716,0.066,0.224,0.496
0.255,0.356,0.454,0.695,0.717,0.066,0.224,0.496
0.255,0.356,0.454,0.696,0.717,0.066,0.224,0.497
0.255,0.357,0.455,0.697,0.717,0.067,0.224,0.498
0.255,0.357,0.455,0.699,0.718,0.067,0.224,0.499
0.255,0.358,0.455,0.7,0.718,0.066,0.224,0.499
0.255,0.359,0.455,0.702,0.718,0.067,0.224,0.5
0.255,0.359,0.455,0.704,0.719,0.067,0.224,0.5
0.255,0.36,0.455,0.707,0.719,0.067,0.224,0.501
0.255,0.361,0.455,0.709,0.72,0.067,0.224,0.501
0.255,0.363,0.455,0.712,0.721,0.067,0.224,0.502
0.255,0.366,0.456,0.715,0.722,0.067,0.224,0.502
0.255,0.37,0.456,0.717,0.722,0.067,0.224,0.502
0.256,0.374,0.456,0.72,0.723,0.067,0.224,0.503
0.256,0.378,0.456,0.722,0.724,0.067,0.224,0.504
0.256,0.383,0.456,0.725,0.725,0.067,0.224,0.504
0.256,0.388,0.457,0.727,0.726,0.067,0.224,0.504
0.256,0.394,0.457,0.729,0.727,0.067,0.224,0.505
0.256,0.399,0.457,0.732,0.728,0.067,0.224,0.505
0.256,0.404,0.457,0.735,0.729,0.067,0.224,0.506
0.257,0.41,0.458,0.737,0.73,0.067,0.224,0.506
0.257,0.415,0.458,0.74,0.731,0.067,0.224,0.507
0.257,0.419,0.458,0.743,0.732,0.067,0.224,0.507
0.257,0.424,0.458,0.746,0.734,0.067,0.224,0.508
0.258,0.428,0.459,0.749,0.736,0.067,0.224,0.508
0.258,0.432,0.459,0.752,0.738,0.067,0.224,0.509
0.258,0.436,0.459,0.755,0.739,0.067,0.224,0.509
0.258,0.441,0.46,0.757,0.741,0.068,0.225,0.51
0.258,0.446,0.46,0.76,0.743,0.068,0.225,0.51
0.259,0.451,0.46,0.762,0.744,0.068,0.225,0.511
0.259,0.457,0.461,0.764,0.746,0.068,0.225,0.511
0.259,0.463,0.461,0.766,0.747,0.068,0.225,0.512
0.259,0.47,0.462,0.769,0.748,0.068,0.225,0.512
0.259,0.476,0.462,0.771,0.75,0.068,0.225,0.513
0.26,0.483,0.463,0.774,0.753,0.068,0.225,0.514
0.26,0.49,0.463,0.777,0.756,0.068,0.225,0.515
0.26,0.499,0.464,0.78,0.758,0.069,0.226,0.518
0.261,0.508,0.465,0.783,0.761,0.069,0.226,0.52
0.261,0.517,0.465,0.786,0.763,0.069,0.226,0.523
0.261,0.526,0.466,0.789,0.766,0.069,0.226,0.527
0.262,0.535,0.466,0.791,0.768,0.069,0.227,0.53
0.262,0.544,0.467,0.794,0.77,0.07,0.227,0.534
0.263,0.553,0.467,0.797,0.773,0.07,0.227,0.539
0.263,0.562,0.468,0.8,0.776,0.07,0.227,0.543
0.264,0.572,0.469,0.804,0.78,0.07,0.228,0.547
0.264,0.583,0.469,0.808,0.783,0.071,0.228,0.552
0.265,0.594,0.47,0.813,0.787,0.071,0.228,0.557
0.265,0.606,0.47,0.817,0.792,0.072,0.229,0.563
0.266,0.618,0.471,0.822,0.796,0.072,0.229,0.569
0.267,0.631,0.472,0.827,0.801,0.072,0.23,0.575
0.268,0.644,0.473,0.832,0.806,0.073,0.23,0.581
0.268,0.656,0.474,0.837,0.812,0.073,0.231,0.587
0.269,0.67,0.474,0.843,0.817,0.074,0.231,0.594
0.27,0.684,0.475,0.849,0.823,0.074,0.232,0.601
0.271,0.698,0.476,0.854,0.829,0.075,0.232,0.607
0.272,0.713,0.478,0.86,0.835,0.075,0.233,0.614
0.274,0.727,0.479,0.866,0.842,0.076,0.233,0.621
0.275,0.742,0.48,0.872,0.848,0.076,0.234,0.628
0.276,0.757,0.481,0.877,0.855,0.077,0.234,0.635
0.277,0.771,0.482,0.883,0.861,0.077,0.235,0.642
0.278,0.785,0.483,0.889,0.868,0.078,0.235,0.649
0.28,0.799,0.485,0.895,0.875,0.079,0.236,0.655
0.281,0.813,0.486,0.9,0.881,0.079,0.237,0.662
0.283,0.826,0.487,0.906,0.888,0.08,0.237,0.669
0.284,0.839,0.488,0.912,0.895,0.08,0.238,0.675
0.285,0.851,0.49,0.918,0.902,0.081,0.238,0.682
0.286,0.864,0.491,0.924,0.908,0.082,0.239,0.688
0.288,0.877,0.492,0.93,0.915,0.082,0.24,0.694
0.289,0.89,0.494,0.936,0.922,0.083,0.24,0.7
0.291,0.903,0.495,0.942,0.929,0.083,0.241,0.706
0.292,0.915,0.497,0.948,0.935,0.084,0.241,0.712
0.293,0.927,0.498,0.954,0.942,0.085,0.242,0.718
0.295,0.939,0.499,0.959,0.948,0.085,0.242,0.724
0.296,0.951,0.501,0.965,0.955,0.086,0.243,0.73
0.298,0.963,0.502,0.971,0.962,0.086,0.244,0.736
0.299,0.974,0.503,0.977,0.968,0.087,0.244,0.742
0.3,0.984,0.505,0.982,0.974,0.088,0.245,0.748
0.302,0.995,0.506,0.988,0.98,0.088,0.245,0.753
0.303,1.005,0.508,0.994,0.987,0.089,0.246,0.759
0.305,1.015,0.509,0.999,0.993,0.09,0.246,0.765
0.306,1.025,0.511,1.005,0.999,0.09,0.247,0.77
0.308,1.035,0.512,1.01,1.005,0.091,0.248,0.775
0.309,1.045,0.514,1.016,1.011,0.092,0.248,0.781
0.31,1.055,0.515,1.022,1.017,0.092,0.249,0.786
0.312,1.065,0.516,1.027,1.024,0.093,0.249,0.792
0.313,1.075,0.518,1.033,1.03,0.094,0.25,0.797
0.315,1.084,0.519,1.038,1.036,0.094,0.25,0.802
0.316,1.093,0.521,1.044,1.041,0.095,0.251,0.808
0.318,1.103,0.522,1.049,1.048,0.095,0.251,0.813
0.319,1.112,0.524,1.054,1.053,0.096,0.252,0.818
0.321,1.12,0.525,1.06,1.059,0.097,0.252,0.823
0.322,1.129,0.527,1.065,1.065,0.098,0.253,0.829
0.323,1.138,0.528,1.07,1.071,0.098,0.253,0.834
0.325,1.146,0.53,1.076,1.077,0.099,0.254,0.839
0.327,1.155,0.531,1.081,1.082,0.1,0.254,0.844
0.328,1.164,0.533,1.086,1.088,0.1,0.255,0.849
0.329,1.172,0.534,1.092,1.094,0.101,0.255,0.854
0.331,1.18,0.536,1.097,1.099,0.102,0.256,0.859
0.332,1.188,0.537,1.102,1.105,0.102,0.257,0.864
0.334,1.196,0.539,1.108,1.111,0.103,0.257,0.869
0.335,1.204,0.54,1.113,1.116,0.104,0.258,0.874
0.337,1.213,0.542,1.118,1.122,0.104,0.258,0.879
0.338,1.22,0.543,1.124,1.127,0.105,0.259,0.884
0.34,1.228,0.545,1.129,1.133,0.106,0.259,0.889
0.341,1.236,0.546,1.134,1.139,0.107,0.26,0.894
0.343,1.244,0.548,1.139,1.144,0.107,0.26,0.899
0.345,1.251,0.549,1.145,1.15,0.108,0.261,0.904
0.346,1.259,0.551,1.15,1.155,0.109,0.261,0.909
0.348,1.267,0.552,1.155,1.161,0.11,0.262,0.914
0.349,1.274,0.554,1.16,1.166,0.11,0.262,0.919
0.351,1.281,0.555,1.165,1.171,0.111,0.263,0.924
0.352,1.288,0.557,1.17,1.177,0.112,0.264,0.929
0.354,1.295,0.558,1.175,1.182,0.113,0.264,0.934
0.355,1.303,0.56,1.18,1.188,0.114,0.264,0.938
0.357,1.31,0.561,1.185,1.193,0.114,0.265,0.943
0.358,1.317,0.563,1.19,1.198,0.115,0.265,0.948
0.36,1.324,0.564,1.195,1.204,0.116,0.266,0.953
0.362,1.33,0.566,1.2,1.209,0.117,0.266,0.958
0.363,1.337,0.567,1.205,1.214,0.117,0.267,0.963
0.365,1.344,0.569,1.21,1.219,0.118,0.267,0.967
0.366,1.35,0.57,1.215,1.225,0.119,0.268,0.972
0.368,1.356,0.572,1.219,1.23,0.12,0.268,0.977
0.37,1.363,0.573,1.224,1.235,0.121,0.269,0.981
0.371,1.369,0.575,1.229,1.24,0.121,0.269,0.986
0.373,1.376,0.576,1.234,1.245,0.122,0.27,0.991
0.374,1.382,0.578,1.239,1.25,0.123,0.271,0.996
0.376,1.389,0.579,1.244,1.255,0.124,0.271,1.0
0.378,1.395,0.58,1.249,1.261,0.125,0.272,1.005
0.379,1.401,0.582,1.253,1.266,0.126,0.272,1.01
0.381,1.407,0.583,1.258,1.27,0.127,0.272,1.014
0.382,1.412,0.585,1.263,1.276,0.127,0.273,1.019
0.384,1.418,0.586,1.268,1.281,0.128,0.273,1.024
0.386,1.424,0.588,1.272,1.286,0.129,0.274,1.028
0.387,1.43,0.589,1.277,1.29,0.13,0.274,1.032
0.389,1.435,0.591,1.281,1.296,0.131,0.275,1.037
0.39,1.441,0.592,1.286,1.3,0.132,0.275,1.041
0.392,1.447,0.594,1.291,1.305,0.133,0.276,1.046
0.394,1.452,0.595,1.295,1.31,0.133,0.276,1.05
0.395,1.458,0.597,1.299,1.315,0.134,0.277,1.055
0.397,1.463,0.598,1.304,1.32,0.135,0.277,1.059
0.399,1.468,0.6,1.308,1.324,0.136,0.278,1.063
0.4,1.474,0.601,1.312,1.329,0.137,0.278,1.068
0.402,1.479,0.603,1.317,1.334,0.138,0.279,1.072
0.403,1.484,0.604,1.321,1.339,0.139,0.279,1.076
0.405,1.489,0.605,1.326,1.344,0.14,0.28,1.081
0.407,1.494,0.607,1.33,1.348,0.141,0.28,1.085
0.408,1.5,0.608,1.335,1.353,0.142,0.281,1.089
0.41,1.505,0.61,1.339,1.357,0.143,0.281,1.093
0.412,1.51,0.611,1.343,1.362,0.144,0.281,1.098
0.413,1.515,0.613,1.348,1.366,0.145,0.282,1.102
0.415,1.52,0.614,1.352,1.371,0.146,0.282,1.106
0.416,1.525,0.615,1.356,1.376,0.147,0.283,1.11
0.418,1.53,0.617,1.361,1.38,0.148,0.283,1.114
0.42,1.534,0.619,1.365,1.385,0.148,0.284,1.119
0.421,1.539,0.62,1.369,1.389,0.149,0.284,1.123
0.423,1.544,0.621,1.373,1.394,0.15,0.285,1.127
0.425,1.548,0.623,1.377,1.398,0.152,0.285,1.131
0.426,1.553,0.624,1.381,1.403,0.153,0.286,1.135
0.428,1.557,0.626,1.386,1.407,0.154,0.286,1.139
0.43,1.562,0.627,1.39,1.411,0.155,0.287,1.143
0.431,1.566,0.628,1.394,1.416,0.156,0.287,1.147
0.433,1.571,0.63,1.398,1.42,0.157,0.287,1.151
0.435,1.576,0.631,1.402,1.425,0.158,0.288,1.155
0.436,1.58,0.633,1.406,1.429,0.159,0.288,1.159
0.438,1.585,0.634,1.41,1.433,0.16,0.289,1.164
0.44,1.589,0.636,1.414,1.438,0.161,0.289,1.168
0.441,1.594,0.637,1.418,1.442,0.162,0.29,1.172
0.443,1.598,0.638,1.422,1.446,0.163,0.29,1.176
0.445,1.602,0.64,1.426,1.451,0.164,0.291,1.18
0.447,1.606,0.641,1.43,1.455,0.165,0.291,1.183
0.448,1.611,0.643,1.435,1.46,0.166,0.292,1.188
0.45,1.615,0.644,1.439,1.464,0.167,0.292,1.192
0.452,1.62,0.646,1.443,1.468,0.168,0.293,1.196
0.453,1.624,0.647,1.447,1.472,0.17,0.293,1.2
0.455,1.628,0.648,1.451,1.476,0.171,0.294,1.204
0.457,1.631,0.65,1.455,1.481,0.172,0.294,1.208
0.459,1.636,0.651,1.459,1.485,0.173,0.294,1.212
0.46,1.64,0.653,1.463,1.489,0.174,0.295,1.216
0.462,1.644,0.654,1.467,1.494,0.175,0.295,1.22
0.464,1.648,0.656,1.471,1.498,0.176,0.296,1.224
0.466,1.652,0.657,1.475,1.502,0.177,0.296,1.228
0.467,1.655,0.659,1.479,1.506,0.179,0.297,1.232
0.469,1.659,0.66,1.482,1.51,0.18,0.297,1.236
0.471,1.663,0.661,1.486,1.514,0.181,0.298,1.239
0.473,1.667,0.663,1.49,1.518,0.182,0.298,1.243
0.474,1.67,0.664,1.494,1.522,0.183,0.298,1.247
0.476,1.674,0.666,1.498,1.526,0.185,0.299,1.251
0.478,1.678,0.667,1.502,1.53,0.186,0.299,1.255
0.48,1.682,0.669,1.506,1.535,0.187,0.3,1.259
0.481,1.686,0.67,1.509,1.539,0.188,0.3,1.262
0.483,1.689,0.671,1.513,1.543,0.189,0.301,1.266
0.485,1.693,0.673,1.517,1.547,0.19,0.301,1.27
0.487,1.697,0.674,1.521,1.551,0.192,0.301,1.274
0.489,1.7,0.676,1.525,1.555,0.193,0.302,1.278
0.49,1.704,0.677,1.528,1.559,0.194,0.303,1.281
0.492,1.707,0.678,1.532,1.563,0.195,0.303,1.286
0.494,1.711,0.68,1.536,1.567,0.197,0.303,1.289
0.496,1.714,0.681,1.539,1.57,0.198,0.304,1.293
0.498,1.718,0.683,1.543,1.574,0.199,0.304,1.297
0.499,1.722,0.684,1.547,1.578,0.2,0.305,1.301
0.501,1.725,0.686,1.551,1.582,0.202,0.305,1.304
0.503,1.728,0.687,1.554,1.586,0.203,0.306,1.308
0.505,1.732,0.688,1.558,1.59,0.204,0.306,1.312
0.507,1.735,0.69,1.562,1.594,0.205,0.306,1.316
0.508,1.738,0.691,1.565,1.598,0.207,0.307,1.319
0.51,1.742,0.693,1.569,1.601,0.208,0.307,1.323
0.512,1.745,0.694,1.572,1.605,0.209,0.308,1.327
0.514,1.748,0.695,1.576,1.609,0.211,0.308,1.331
0.516,1.751,0.697,1.58,1.613,0.212,0.309,1.334
0.518,1.755,0.698,1.583,1.617,0.213,0.309,1.338
0.52,1.758,0.7,1.587,1.621,0.215,0.31,1.342
0.521,1.761,0.701,1.59,1.624,0.216,0.31,1.346
0.523,1.764,0.702,1.594,1.628,0.217,0.31,1.349
0.525,1.767,0.704,1.597,1.632,0.219,0.311,1.353
0.527,1.771,0.705,1.601,1.636,0.22,0.311,1.356
0.529,1.774,0.707,1.604,1.64,0.221,0.312,1.36
0.531,1.777,0.708,1.608,1.643,0.223,0.312,1.364
0.533,1.78,0.71,1.612,1.647,0.224,0.313,1.368
0.534,1.783,0.711,1.615,1.651,0.225,0.313,1.371
0.536,1.787,0.712,1.619,1.654,0.227,0.314,1.375
0.538,1.789,0.714,1.622,1.658,0.228,0.314,1.379
0.54,1.793,0.715,1.626,1.662,0.23,0.314,1.382
0.542,1.796,0.717,1.629,1.665,0.231,0.315,1.386
0.544,1.799,0.718,1.633,1.669,0.232,0.315,1.389
0.546,1.802,0.719,1.636,1.673,0.234,0.316,1.393
0.548,1.805,0.721,1.64,1.677,0.235,0.316,1.397
0.55,1.808,0.722,1.643,1.68,0.237,0.317,1.401
0.552,1.811,0.724,1.647,1.684,0.238,0.317,1.404
0.554,1.814,0.725,1.65,1.688,0.239,0.318,1.408
0.556,1.817,0.727,1.654,1.691,0.241,0.318,1.411
0.558,1.82,0.728,1.657,1.695,0.242,0.318,1.415
0.56,1.823,0.729,1.66,1.699,0.244,0.319,1.418
0.561,1.826,0.731,1.664,1.702,0.245,0.319,1.422
0.563,1.828,0.732,1.667,1.706,0.246,0.32,1.425
0.565,1.831,0.733,1.67,1.709,0.248,0.32,1.429
0.567,1.834,0.735,1.674,1.712,0.249,0.321,1.432
0.569,1.836,0.736,1.677,1.716,0.251,0.321,1.436
0.571,1.832,0.736,1.677,1.715,0.252,0.321,1.436
0.572,1.838,0.737,1.68,1.719,0.253,0.321,1.439
0.574,1.841,0.739,1.683,1.723,0.255,0.322,1.442
0.576,1.844,0.74,1.686,1.726,0.256,0.322,1.446
0.578,1.846,0.742,1.69,1.729,0.257,0.322,1.449
0.58,1.849,0.743,1.693,1.733,0.259,0.323,1.453
0.582,1.852,0.744,1.696,1.736,0.26,0.323,1.456
0.584,1.854,0.746,1.7,1.74,0.262,0.324,1.46
0.586,1.857,0.747,1.703,1.743,0.263,0.324,1.463
0.588,1.86,0.748,1.706,1.746,0.265,0.325,1.466
0.59,1.862,0.75,1.709,1.749,0.266,0.325,1.47
0.591,1.865,0.751,1.713,1.753,0.268,0.325,1.473
0.593,1.868,0.753,1.716,1.756,0.269,0.326,1.476
0.595,1.87,0.754,1.719,1.759,0.27,0.326,1.48
0.597,1.872,0.755,1.722,1.762,0.272,0.327,1.483
0.599,1.875,0.757,1.725,1.766,0.273,0.327,1.486
0.601,1.877,0.758,1.729,1.769,0.275,0.328,1.49
0.603,1.88,0.759,1.732,1.772,0.276,0.328,1.493
0.605,1.882,0.761,1.735,1.776,0.277,0.329,1.496
0.607,1.885,0.762,1.738,1.779,0.279,0.329,1.5
0.61,1.887,0.763,1.741,1.782,0.28,0.329,1.503
0.611,1.89,0.765,1.745,1.785,0.282,0.33,1.506
0.613,1.892,0.766,1.748,1.788,0.283,0.33,1.509
0.615,1.894,0.767,1.751,1.792,0.285,0.331,1.512
0.617,1.897,0.769,1.754,1.795,0.286,0.331,1.516
0.619,1.899,0.77,1.757,1.798,0.288,0.331,1.519
0.621,1.901,0.772,1.76,1.801,0.289,0.332,1.522
0.623,1.903,0.773,1.763,1.804,0.291,0.332,1.525
0.625,1.906,0.774,1.766,1.807,0.292,0.333,1.529
0.627,1.908,0.776,1.769,1.811,0.294,0.333,1.532
0.629,1.91,0.777,1.772,1.814,0.295,0.333,1.535
0.632,1.913,0.778,1.775,1.817,0.296,0.334,1.538
0.634,1.915,0.78,1.778,1.82,0.298,0.334,1.541
0.636,1.917,0.781,1.781,1.823,0.299,0.335,1.545
0.638,1.92,0.782,1.784,1.826,0.301,0.335,1.548
0.64,1.922,0.784,1.787,1.829,0.302,0.336,1.551
0.642,1.924,0.785,1.79,1.833,0.304,0.336,1.555
0.644,1.926,0.787,1.793,1.835,0.305,0.336,1.558
0.646,1.929,0.788,1.796,1.838,0.307,0.337,1.561
0.648,1.931,0.789,1.799,1.841,0.308,0.337,1.564
0.65,1.933,0.79,1.802,1.844,0.31,0.338,1.567
0.652,1.936,0.792,1.805,1.847,0.311,0.338,1.571
0.654,1.938,0.793,1.808,1.85,0.313,0.338,1.573
0.656,1.939,0.795,1.811,1.853,0.314,0.339,1.576
0.658,1.942,0.796,1.814,1.856,0.316,0.339,1.58
0.66,1.944,0.797,1.817,1.859,0.317,0.34,1.583
0.662,1.946,0.799,1.82,1.862,0.319,0.34,1.586
0.664,1.948,0.8,1.823,1.865,0.32,0.341,1.589
0.667,1.95,0.801,1.826,1.868,0.322,0.341,1.592
0.669,1.953,0.803,1.829,1.871,0.323,0.341,1.595
0.671,1.955,0.804,1.832,1.874,0.324,0.342,1.598
0.673,1.957,0.806,1.835,1.877,0.326,0.342,1.601
0.675,1.959,0.807,1.837,1.88,0.327,0.343,1.604
0.677,1.961,0.808,1.84,1.883,0.329,0.343,1.608
0.679,1.963,0.81,1.843,1.886,0.33,0.344,1.611
0.681,1.965,0.811,1.846,1.889,0.332,0.344,1.614
0.684,1.967,0.812,1.849,1.892,0.333,0.344,1.617
0.686,1.97,0.814,1.852,1.895,0.335,0.345,1.62
0.688,1.971,0.815,1.855,1.897,0.336,0.345,1.623
0.69,1.974,0.816,1.858,1.9,0.338,0.346,1.626
0.692,1.976,0.818,1.86,1.903,0.341,0.347,1.632
0.696,1.982,0.821,1.867,1.91,0.342,0.347,1.636
0.698,1.984,0.822,1.87,1.913,0.343,0.347,1.638
0.7,1.986,0.823,1.873,1.916,0.344,0.348,1.642
0.702,1.988,0.825,1.875,1.919,0.346,0.348,1.645
0.704,1.99,0.826,1.878,1.922,0.347,0.349,1.648
0.707,1.992,0.828,1.88,1.925,0.349,0.349,1.651
0.709,1.994,0.829,1.883,1.927,0.35,0.35,1.653
0.711,1.996,0.83,1.886,1.93,0.352,0.35,1.656
0.713,1.999,0.832,1.89,1.933,0.353,0.35,1.66
0.715,2.0,0.833,1.893,1.936,0.355,0.351,1.663
0.718,2.003,0.835,1.896,1.939,0.356,0.351,1.666
0.72,2.005,0.836,1.898,1.942,0.358,0.352,1.669
0.722,2.007,0.837,1.901,1.944,0.359,0.352,1.672
0.724,2.008,0.839,1.904,1.947,0.361,0.353,1.675
0.726,2.01,0.84,1.907,1.95,0.362,0.353,1.677
0.729,2.012,0.842,1.91,1.953,0.364,0.353,1.681
0.731,2.015,0.843,1.912,1.956,0.365,0.354,1.684
0.733,2.016,0.844,1.915,1.958,0.367,0.354,1.686
0.735,2.018,0.846,1.917,1.961,0.368,0.355,1.69
0.737,2.02,0.847,1.92,1.964,0.37,0.355,1.692
0.74,2.022,0.849,1.923,1.966,0.371,0.356,1.696
0.742,2.024,0.85,1.926,1.969,0.373,0.356,1.699
0.744,2.026,0.851,1.928,1.972,0.374,0.356,1.701
0.746,2.028,0.853,1.932,1.975,0.376,0.357,1.704
0.748,2.03,0.854,1.933,1.977,0.378,0.357,1.707
0.751,2.032,0.855,1.936,1.98,0.379,0.358,1.71
0.753,2.034,0.857,1.938,1.983,0.38,0.358,1.713
0.755,2.036,0.858,1.941,1.985,0.382,0.359,1.716
0.758,2.038,0.859,1.944,1.988,0.384,0.359,1.719
0.76,2.04,0.861,1.947,1.991,0.385,0.359,1.722
0.762,2.042,0.862,1.95,1.993,0.387,0.36,1.725
0.764,2.044,0.864,1.952,1.996,0.388,0.36,1.728
0.766,2.046,0.865,1.955,1.998,0.39,0.361,1.731
0.769,2.048,0.866,1.958,2.001,0.391,0.361,1.734
0.771,2.05,0.868,1.96,2.004,0.392,0.362,1.736
0.773,2.052,0.869,1.963,2.006,0.394,0.362,1.74
0.776,2.053,0.87,1.965,2.009,0.396,0.363,1.742
0.778,2.055,0.872,1.968,2.012,0.397,0.363,1.745
0.78,2.057,0.873,1.97,2.014,0.398,0.363,1.748
0.782,2.059,0.875,1.973,2.017,0.4,0.364,1.751
0.785,2.061,0.876,1.976,2.019,0.402,0.364,1.754
0.787,2.063,0.877,1.978,2.022,0.403,0.365,1.756
0.789,2.064,0.879,1.981,2.025,0.405,0.365,1.759
0.791,2.066,0.88,1.984,2.027,0.406,0.366,1.762
0.794,2.068,0.881,1.986,2.03,0.408,0.366,1.765
0.796,2.069,0.883,1.988,2.032,0.409,0.366,1.768
0.798,2.071,0.884,1.991,2.035,0.411,0.367,1.77
0.801,2.073,0.886,1.994,2.037,0.412,0.367,1.773
0.803,2.075,0.887,1.996,2.04,0.414,0.368,1.776
0.805,2.077,0.888,1.999,2.043,0.415,0.368,1.779
0.807,2.079,0.89,2.002,2.045,0.417,0.368,1.781
0.81,2.08,0.891,2.004,2.048,0.418,0.369,1.784
0.812,2.082,0.892,2.007,2.05,0.42,0.369,1.787
0.814,2.084,0.894,2.009,2.052,0.421,0.37,1.79
0.817,2.086,0.895,2.011,2.055,0.423,0.37,1.792
0.819,2.087,0.896,2.014,2.057,0.424,0.371,1.795
0.821,2.089,0.898,2.016,2.06,0.426,0.371,1.798
0.823,2.091,0.899,2.018,2.062,0.427,0.371,1.801
0.826,2.092,0.9,2.021,2.064,0.429,0.372,1.803
0.828,2.094,0.902,2.023,2.067,0.43,0.372,1.806
0.831,2.096,0.903,2.026,2.07,0.432,0.373,1.809
0.833,2.097,0.904,2.028,2.072,0.433,0.373,1.811
0.835,2.099,0.906,2.031,2.075,0.435,0.374,1.814
0.837,2.093,0.905,2.028,2.072,0.435,0.373,1.813
0.838,2.098,0.907,2.031,2.075,0.437,0.374,1.815
0.84,2.1,0.908,2.033,2.077,0.438,0.374,1.818
0.843,2.101,0.91,2.036,2.079,0.44,0.375,1.821
0.845,2.103,0.911,2.038,2.082,0.441,0.375,1.823
0.847,2.104,0.912,2.04,2.084,0.443,0.375,1.826
0.849,2.106,0.914,2.043,2.086,0.444,0.376,1.828
0.852,2.107,0.915,2.045,2.089,0.446,0.376,1.831
0.854,2.109,0.916,2.047,2.091,0.447,0.377,1.833
0.856,2.111,0.918,2.05,2.093,0.449,0.377,1.836
0.859,2.113,0.919,2.052,2.096,0.45,0.377,1.838
0.861,2.114,0.92,2.054,2.098,0.451,0.378,1.841
0.863,2.115,0.921,2.056,2.1,0.453,0.378,1.844
0.866,2.117,0.923,2.059,2.102,0.454,0.379,1.846
0.868,2.119,0.924,2.061,2.105,0.456,0.379,1.849
0.87,2.12,0.926,2.064,2.107,0.457,0.379,1.851
0.873,2.122,0.927,2.066,2.109,0.459,0.38,1.853
0.875,2.123,0.928,2.068,2.111,0.46,0.38,1.856
0.877,2.124,0.93,2.07,2.113,0.461,0.381,1.858
0.88,2.126,0.931,2.073,2.116,0.463,0.381,1.861
0.882,2.127,0.932,2.075,2.118,0.464,0.382,1.863
0.884,2.129,0.934,2.077,2.12,0.466,0.382,1.865
0.887,2.13,0.935,2.08,2.122,0.467,0.382,1.868
0.889,2.132,0.936,2.082,2.124,0.468,0.383,1.87
0.891,2.133,0.938,2.084,2.126,0.47,0.383,1.873
0.893,2.134,0.939,2.086,2.129,0.471,0.384,1.875
0.896,2.136,0.94,2.088,2.131,0.473,0.384,1.878
0.898,2.138,0.942,2.091,2.133,0.474,0.384,1.88
0.9,2.139,0.943,2.093,2.135,0.475,0.385,1.883
0.903,2.14,0.945,2.095,2.137,0.477,0.385,1.885
0.906,2.141,0.946,2.097,2.139,0.478,0.386,1.887
0.908,2.143,0.947,2.1,2.142,0.48,0.386,1.89
0.91,2.144,0.948,2.102,2.143,0.481,0.386,1.892
0.913,2.146,0.95,2.104,2.145,0.482,0.387,1.895
0.915,2.147,0.951,2.107,2.148,0.484,0.387,1.897
0.917,2.149,0.952,2.108,2.15,0.485,0.388,1.899
0.919,2.15,0.954,2.111,2.152,0.487,0.388,1.902
0.922,2.151,0.955,2.113,2.154,0.488,0.388,1.904
0.924,2.153,0.957,2.115,2.155,0.489,0.389,1.906
0.926,2.154,0.958,2.117,2.157,0.49,0.389,1.909
0.929,2.156,0.959,2.119,2.16,0.492,0.39,1.911
0.931,2.157,0.961,2.121,2.162,0.493,0.39,1.913
0.933,2.158,0.962,2.123,2.164,0.495,0.39,1.915
0.936,2.16,0.963,2.125,2.165,0.496,0.391,1.918
0.938,2.161,0.964,2.127,2.168,0.497,0.391,1.92
0.94,2.162,0.966,2.129,2.169,0.499,0.392,1.922
0.943,2.164,0.967,2.131,2.171,0.5,0.392,1.925
0.945,2.166,0.968,2.133,2.174,0.501,0.392,1.927
0.947,2.167,0.97,2.135,2.176,0.503,0.393,1.93
0.95,2.168,0.971,2.138,2.178,0.504,0.393,1.932
0.952,2.17,0.972,2.14,2.18,0.505,0.394,1.934
0.954,2.171,0.974,2.142,2.182,0.507,0.394,1.937
0.957,2.173,0.975,2.144,2.184,0.508,0.394,1.939
0.971,2.167,0.976,2.146,2.186,0.509,0.395,1.941
0.973,2.168,0.978,2.148,2.187,0.51,0.395,1.944
0.975,2.17,0.979,2.15,2.189,0.512,0.396,1.946
0.978,2.171,0.98,2.152,2.191,0.513,0.396,1.948
0.98,2.172,0.982,2.154,2.193,0.514,0.396,1.95
0.982,2.173,0.983,2.156,2.195,0.516,0.397,1.952
0.985,2.175,0.984,2.158,2.197,0.517,0.397,1.955
0.987,2.176,0.986,2.16,2.199,0.519,0.398,1.957
0.989,2.178,0.987,2.162,2.201,0.52,0.398,1.96
0.992,2.179,0.988,2.164,2.203,0.521,0.399,1.962
0.994,2.181,0.99,2.166,2.205,0.522,0.399,1.964
0.996,2.182,0.991,2.169,2.207,0.524,0.399,1.967
0.999,2.183,0.992,2.171,2.209,0.525,0.4,1.969
1.001,2.184,0.994,2.173,2.211,0.527,0.4,1.971
1.004,2.186,0.995,2.175,2.213,0.528,0.401,1.974
1.006,2.187,0.996,2.177,2.215,0.529,0.401,1.976
1.008,2.189,0.998,2.179,2.217,0.531,0.402,1.978
1.01,2.19,0.999,2.181,2.219,0.532,0.402,1.981
1.013,2.192,1.001,2.183,2.221,0.534,0.402,1.983
1.015,2.193,1.002,2.185,2.223,0.535,0.403,1.985
1.017,2.194,1.003,2.187,2.225,0.536,0.403,1.987
1.02,2.195,1.004,2.19,2.227,0.538,0.404,1.99
1.022,2.197,1.006,2.192,2.229,0.539,0.404,1.992
1.024,2.198,1.007,2.194,2.231,0.54,0.405,1.994
1.026,2.2,1.009,2.195,2.232,0.542,0.405,1.996
1.028,2.201,1.01,2.198,2.235,0.543,0.405,1.998
1.031,2.203,1.011,2.2,2.236,0.544,0.406,2.0
1.033,2.204,1.012,2.202,2.238,0.546,0.406,2.003
1.027,2.205,1.014,2.203,2.24,0.547,0.407,2.005
1.038,2.206,1.015,2.206,2.242,0.548,0.407,2.007
1.04,2.207,1.016,2.208,2.244,0.55,0.408,2.009
1.043,2.208,1.018,2.209,2.245,0.551,0.408,2.011
1.045,2.21,1.019,2.211,2.247,0.552,0.408,2.013
1.047,2.211,1.02,2.213,2.249,0.553,0.409,2.015
1.049,2.213,1.022,2.215,2.251,0.555,0.409,2.017
1.051,2.214,1.023,2.217,2.253,0.556,0.409,2.019
1.053,2.215,1.024,2.219,2.254,0.557,0.41,2.022
1.058,2.215,1.026,2.221,2.256,0.559,0.41,2.024
1.06,2.217,1.027,2.223,2.258,0.56,0.411,2.026
1.062,2.218,1.028,2.225,2.26,0.561,0.411,2.028
1.065,2.219,1.03,2.227,2.261,0.562,0.412,2.03
1.067,2.22,1.031,2.229,2.263,0.563,0.412,2.032
1.069,2.221,1.032,2.23,2.265,0.565,0.412,2.035
1.072,2.222,1.034,2.233,2.267,0.566,0.413,2.036
1.074,2.224,1.035,2.234,2.269,0.567,0.413,2.039
1.076,2.225,1.036,2.236,2.27,0.568,0.414,2.04
1.079,2.226,1.038,2.238,2.272,0.57,0.414,2.043
1.081,2.228,1.039,2.24,2.274,0.571,0.415,2.045
1.083,2.228,1.041,2.242,2.276,0.572,0.415,2.047
1.085,2.23,1.042,2.244,2.277,0.573,0.415,2.049
1.088,2.231,1.043,2.245,2.279,0.574,0.416,2.051
1.09,2.232,1.044,2.248,2.28,0.576,0.416,2.053
1.092,2.233,1.046,2.249,2.282,0.577,0.417,2.054
1.094,2.234,1.047,2.251,2.284,0.578,0.417,2.056
1.097,2.236,1.048,2.253,2.285,0.579,0.417,2.058
1.099,2.237,1.05,2.254,2.287,0.58,0.418,2.06
1.101,2.238,1.051,2.256,2.289,0.582,0.418,2.063
1.104,2.239,1.052,2.258,2.29,0.583,0.419,2.064
1.106,2.24,1.054,2.26,2.292,0.584,0.419,2.067
1.108,2.241,1.055,2.262,2.293,0.585,0.419,2.068
1.11,2.242,1.057,2.264,2.295,0.586,0.42,2.07
1.112,2.244,1.058,2.266,2.297,0.587,0.42,2.072
1.115,2.245,1.059,2.267,2.298,0.589,0.421,2.074
1.117,2.246,1.061,2.269,2.3,0.59,0.421,2.076
1.119,2.246,1.062,2.271,2.301,0.591,0.422,2.078
1.121,2.247,1.063,2.272,2.303,0.592,0.422,2.08
1.124,2.248,1.064,2.274,2.304,0.593,0.422,2.082
1.125,2.249,1.066,2.275,2.306,0.594,0.423,2.082
1.128,2.25,1.067,2.277,2.307,0.595,0.423,2.083
1.13,2.25,1.068,2.279,2.308,0.596,0.424,2.085
1.132,2.251,1.07,2.28,2.31,0.597,0.424,2.087
1.134,2.252,1.071,2.282,2.311,0.597,0.424,2.087
1.136,2.253,1.072,2.283,2.313,0.598,0.425,2.089
1.139,2.254,1.074,2.285,2.314,0.599,0.425,2.092
1.141,2.254,1.075,2.287,2.315,0.6,0.426,2.093
1.143,2.255,1.076,2.288,2.317,0.601,0.426,2.095
1.145,2.256,1.078,2.289,2.318,0.602,0.426,2.097
1.147,2.256,1.079,2.291,2.319,0.602,0.427,2.097
1.149,2.257,1.08,2.292,2.321,0.603,0.427,2.099
1.151,2.257,1.081,2.294,2.322,0.604,0.428,2.1
1.153,2.258,1.083,2.295,2.323,0.605,0.428,2.103
1.155,2.258,1.084,2.297,2.324,0.606,0.428,2.104
1.157,2.259,1.085,2.298,2.325,0.606,0.429,2.106
1.159,2.26,1.087,2.3,2.327,0.607,0.429,2.107
1.162,2.26,1.088,2.301,2.328,0.608,0.43,2.109
1.164,2.261,1.089,2.303,2.329,0.608,0.43,2.11
1.166,2.261,1.091,2.304,2.33,0.609,0.431,2.111
1.168,2.262,1.092,2.305,2.331,0.61,0.431,2.113
1.17,2.262,1.093,2.306,2.333,0.61,0.431,2.114
1.172,2.263,1.094,2.307,2.334,0.611,0.432,2.116
1.174,2.263,1.096,2.309,2.335,0.612,0.432,2.117
1.176,2.264,1.097,2.31,2.336,0.612,0.432,2.119
1.178,2.264,1.098,2.311,2.337,0.613,0.433,2.12
1.18,2.265,1.1,2.313,2.338,0.613,0.433,2.121
1.181,2.265,1.101,2.314,2.339,0.614,0.434,2.122
1.183,2.266,1.102,2.315,2.34,0.615,0.434,2.124
1.185,2.266,1.103,2.317,2.341,0.615,0.434,2.125
1.187,2.267,1.105,2.318,2.343,0.616,0.435,2.126
1.189,2.267,1.106,2.319,2.343,0.616,0.435,2.127
1.191,2.268,1.107,2.32,2.345,0.617,0.436,2.129
1.193,2.268,1.109,2.321,2.345,0.618,0.436,2.13
1.195,2.269,1.11,2.322,2.346,0.618,0.437,2.132
1.197,2.269,1.111,2.324,2.348,0.619,0.437,2.133
1.199,2.27,1.113,2.325,2.349,0.619,0.437,2.134
1.201,2.27,1.114,2.326,2.35,0.62,0.437,2.135
1.203,2.27,1.115,2.327,2.35,0.621,0.438,2.137
1.205,2.271,1.116,2.328,2.351,0.621,0.438,2.138
1.207,2.271,1.118,2.329,2.352,0.622,0.439,2.139
1.209,2.271,1.119,2.33,2.353,0.622,0.439,2.14
1.211,2.272,1.12,2.331,2.354,0.623,0.439,2.142
1.213,2.272,1.122,2.332,2.355,0.623,0.44,2.143
1.214,2.272,1.123,2.333,2.355,0.624,0.44,2.144
1.216,2.273,1.124,2.334,2.356,0.624,0.441,2.145
1.218,2.273,1.125,2.335,2.357,0.625,0.441,2.146
1.22,2.274,1.127,2.336,2.358,0.625,0.442,2.147
1.222,2.274,1.128,2.337,2.359,0.626,0.442,2.149
1.224,2.274,1.129,2.338,2.36,0.626,0.442,2.15
1.226,2.274,1.13,2.339,2.36,0.627,0.442,2.151
1.228,2.275,1.131,2.34,2.361,0.627,0.443,2.152
1.23,2.275,1.133,2.341,2.362,0.628,0.443,2.153
1.231,2.276,1.134,2.342,2.362,0.628,0.444,2.154
1.233,2.276,1.135,2.343,2.363,0.629,0.444,2.155
1.235,2.276,1.136,2.343,2.364,0.629,0.444,2.156
1.237,2.276,1.138,2.344,2.365,0.63,0.445,2.157
1.239,2.277,1.139,2.345,2.365,0.63,0.445,2.159
1.24,2.277,1.14,2.346,2.366,0.631,0.445,2.16
1.242,2.277,1.141,2.347,2.366,0.631,0.446,2.161
1.244,2.277,1.142,2.347,2.367,0.632,0.446,2.162
1.246,2.278,1.144,2.349,2.368,0.632,0.447,2.163
1.248,2.278,1.145,2.349,2.368,0.632,0.447,2.164
1.25,2.279,1.146,2.35,2.369,0.633,0.448,2.165
1.251,2.279,1.148,2.351,2.369,0.633,0.448,2.166
1.253,2.279,1.149,2.352,2.37,0.634,0.448,2.167
1.254,2.28,1.15,2.352,2.371,0.635,0.449,2.168
1.257,2.279,1.151,2.353,2.371,0.635,0.449,2.169
1.259,2.279,1.152,2.354,2.372,0.635,0.449,2.17
1.255,2.284,1.154,2.355,2.373,0.636,0.449,2.171
1.255,2.284,1.155,2.355,2.373,0.636,0.45,2.172
1.264,2.28,1.156,2.356,2.373,0.637,0.45,2.173
1.266,2.28,1.158,2.356,2.374,0.637,0.451,2.174
1.268,2.281,1.159,2.357,2.374,0.637,0.451,2.174
1.27,2.281,1.16,2.358,2.375,0.638,0.451,2.175
1.271,2.281,1.161,2.359,2.375,0.638,0.452,2.176
1.273,2.282,1.162,2.359,2.376,0.639,0.452,2.176
1.268,2.286,1.164,2.359,2.376,0.639,0.452,2.177
1.271,2.282,1.165,2.36,2.376,0.64,0.453,2.178
1.278,2.282,1.166,2.361,2.377,0.64,0.453,2.179
1.28,2.282,1.167,2.361,2.377,0.64,0.454,2.18
1.282,2.282,1.168,2.362,2.377,0.641,0.454,2.18
1.283,2.283,1.17,2.362,2.378,0.641,0.454,2.181
1.285,2.283,1.171,2.363,2.378,0.641,0.455,2.182
1.287,2.283,1.172,2.364,2.378,0.642,0.455,2.182
1.288,2.283,1.173,2.364,2.378,0.642,0.455,2.183
1.29,2.284,1.174,2.364,2.379,0.643,0.456,2.184
1.292,2.284,1.176,2.365,2.379,0.643,0.456,2.184
1.293,2.284,1.177,2.365,2.38,0.643,0.456,2.185
1.295,2.284,1.178,2.366,2.38,0.644,0.457,2.186
1.297,2.284,1.179,2.366,2.38,0.644,0.457,2.186
1.298,2.285,1.18,2.367,2.38,0.645,0.457,2.187
1.3,2.285,1.182,2.367,2.38,0.645,0.458,2.187
1.301,2.285,1.183,2.368,2.381,0.645,0.458,2.188
1.303,2.285,1.184,2.368,2.381,0.645,0.458,2.188
1.305,2.285,1.185,2.368,2.381,0.646,0.459,2.189
1.306,2.285,1.186,2.369,2.381,0.646,0.459,2.189
1.308,2.286,1.188,2.369,2.381,0.646,0.46,2.19
1.31,2.286,1.189,2.369,2.381,0.647,0.46,2.191
1.311,2.286,1.19,2.37,2.381,0.647,0.46,2.191
1.307,2.29,1.191,2.37,2.381,0.647,0.461,2.192
1.314,2.286,1.192,2.37,2.381,0.648,0.461,2.192
1.316,2.287,1.193,2.371,2.381,0.648,0.461,2.192
1.318,2.287,1.194,2.371,2.381,0.648,0.462,2.193
1.319,2.287,1.196,2.372,2.382,0.648,0.462,2.193
1.321,2.287,1.197,2.372,2.382,0.649,0.462,2.193
1.322,2.287,1.198,2.372,2.382,0.649,0.463,2.194
1.324,2.287,1.199,2.372,2.381,0.649,0.463,2.194
1.325,2.288,1.2,2.372,2.381,0.649,0.463,2.193
1.327,2.288,1.201,2.372,2.381,0.65,0.464,2.193
1.328,2.288,1.202,2.373,2.381,0.65,0.464,2.194
1.33,2.288,1.204,2.373,2.381,0.65,0.464,2.194
1.331,2.288,1.205,2.373,2.381,0.65,0.465,2.194
1.333,2.288,1.206,2.373,2.381,0.651,0.465,2.195
1.334,2.288,1.207,2.373,2.381,0.651,0.465,2.194
1.336,2.289,1.208,2.374,2.381,0.651,0.466,2.197
1.337,2.289,1.209,2.374,2.38,0.651,0.466,2.195
1.339,2.289,1.21,2.374,2.38,0.652,0.466,2.195
1.34,2.289,1.212,2.374,2.38,0.652,0.466,2.195
1.342,2.289,1.213,2.374,2.38,0.652,0.467,2.195
1.343,2.289,1.214,2.374,2.38,0.652,0.467,2.194
1.344,2.29,1.215,2.374,2.379,0.652,0.468,2.194
1.346,2.29,1.216,2.374,2.379,0.652,0.468,2.194
1.347,2.29,1.217,2.375,2.378,0.653,0.468,2.194
1.349,2.29,1.218,2.374,2.379,0.653,0.469,2.194
1.35,2.29,1.22,2.374,2.378,0.653,0.469,2.194
1.351,2.291,1.221,2.375,2.378,0.653,0.469,2.194
1.353,2.29,1.222,2.374,2.378,0.653,0.469,2.193
1.354,2.291,1.223,2.375,2.377,0.654,0.47,2.193
1.356,2.291,1.224,2.375,2.377,0.654,0.47,2.192
1.356,2.291,1.225,2.374,2.376,0.654,0.47,2.192
1.357,2.292,1.226,2.374,2.375,0.654,0.471,2.191
1.359,2.293,1.227,2.374,2.375,0.654,0.471,2.191
1.356,2.294,1.228,2.374,2.374,0.654,0.471,2.191
1.358,2.294,1.229,2.374,2.374,0.654,0.472,2.19
1.359,2.294,1.231,2.374,2.374,0.654,0.472,2.19
1.366,2.292,1.232,2.374,2.373,0.654,0.472,2.189
1.367,2.292,1.233,2.374,2.373,0.655,0.472,2.189
1.369,2.291,1.234,2.374,2.372,0.655,0.473,2.188
1.371,2.29,1.235,2.374,2.371,0.655,0.473,2.187
1.372,2.291,1.236,2.374,2.371,0.655,0.474,2.187
1.373,2.291,1.237,2.374,2.371,0.655,0.474,2.186
1.375,2.291,1.238,2.374,2.371,0.655,0.474,2.186
1.376,2.291,1.239,2.374,2.37,0.655,0.474,2.185
1.377,2.292,1.241,2.374,2.369,0.655,0.475,2.185
1.378,2.291,1.241,2.373,2.369,0.655,0.475,2.184
1.38,2.292,1.243,2.373,2.368,0.655,0.475,2.183
1.381,2.292,1.243,2.373,2.367,0.655,0.476,2.182
1.378,2.295,1.245,2.373,2.367,0.656,0.476,2.182
1.38,2.295,1.246,2.373,2.367,0.656,0.476,2.181
1.381,2.295,1.247,2.373,2.366,0.656,0.477,2.18
1.383,2.295,1.248,2.373,2.365,0.656,0.477,2.18
1.384,2.295,1.249,2.372,2.364,0.656,0.477,2.179
1.385,2.295,1.25,2.372,2.364,0.656,0.477,2.178
1.387,2.295,1.251,2.372,2.363,0.656,0.478,2.177
1.388,2.295,1.252,2.372,2.362,0.656,0.478,2.177
1.389,2.295,1.253,2.372,2.362,0.656,0.478,2.176
1.391,2.295,1.254,2.371,2.361,0.656,0.479,2.175
1.392,2.295,1.255,2.371,2.361,0.656,0.479,2.175
1.393,2.295,1.257,2.371,2.36,0.655,0.479,2.174
1.395,2.295,1.257,2.371,2.359,0.655,0.48,2.173
1.396,2.295,1.259,2.371,2.359,0.656,0.48,2.172
1.397,2.295,1.26,2.371,2.358,0.655,0.48,2.172
1.398,2.295,1.261,2.371,2.358,0.655,0.48,2.171
1.404,2.292,1.262,2.37,2.357,0.655,0.481,2.17
1.401,2.295,1.263,2.37,2.356,0.655,0.481,2.17
1.402,2.295,1.264,2.37,2.356,0.655,0.481,2.169
1.404,2.295,1.265,2.37,2.355,0.655,0.481,2.168
1.405,2.295,1.266,2.37,2.354,0.655,0.482,2.167
1.407,2.294,1.267,2.369,2.354,0.655,0.482,2.167
1.408,2.294,1.268,2.369,2.353,0.655,0.482,2.166
1.409,2.294,1.269,2.369,2.353,0.654,0.483,2.165
1.411,2.294,1.27,2.369,2.352,0.654,0.483,2.164
1.412,2.294,1.271,2.369,2.351,0.654,0.483,2.163
1.413,2.294,1.272,2.368,2.35,0.654,0.483,2.163
1.414,2.294,1.273,2.368,2.35,0.654,0.484,2.162
1.416,2.294,1.274,2.368,2.349,0.654,0.484,2.161
1.417,2.294,1.275,2.367,2.349,0.654,0.484,2.16
1.418,2.294,1.276,2.367,2.348,0.654,0.484,2.159
1.419,2.294,1.277,2.367,2.347,0.653,0.485,2.158
1.42,2.294,1.278,2.367,2.346,0.653,0.485,2.157
1.422,2.294,1.279,2.367,2.346,0.653,0.485,2.157
1.423,2.293,1.28,2.366,2.345,0.653,0.486,2.156
1.424,2.294,1.281,2.366,2.345,0.653,0.486,2.155
1.425,2.293,1.282,2.366,2.344,0.653,0.486,2.155
1.426,2.293,1.283,2.366,2.343,0.653,0.486,2.154
1.427,2.293,1.284,2.366,2.342,0.652,0.487,2.153
1.429,2.293,1.285,2.365,2.341,0.652,0.487,2.152
1.43,2.292,1.286,2.365,2.341,0.652,0.487,2.151
1.431,2.293,1.287,2.365,2.34,0.652,0.487,2.15
1.432,2.292,1.288,2.364,2.34,0.652,0.488,2.149
1.433,2.293,1.289,2.364,2.339,0.651,0.488,2.148
1.434,2.292,1.29,2.364,2.338,0.651,0.488,2.147
1.435,2.292,1.291,2.364,2.337,0.651,0.489,2.146
1.436,2.292,1.292,2.363,2.336,0.651,0.489,2.145
1.438,2.292,1.293,2.363,2.336,0.651,0.489,2.145
1.439,2.291,1.294,2.363,2.335,0.65,0.489,2.143
1.44,2.292,1.295,2.363,2.334,0.65,0.489,2.142
1.441,2.292,1.296,2.362,2.333,0.65,0.49,2.142
1.442,2.291,1.297,2.362,2.333,0.65,0.49,2.14
1.443,2.291,1.298,2.361,2.332,0.649,0.49,2.14
1.444,2.291,1.299,2.361,2.331,0.649,0.49,2.139
1.445,2.291,1.3,2.361,2.33,0.649,0.491,2.138
1.446,2.29,1.301,2.36,2.33,0.649,0.491,2.136
1.447,2.29,1.302,2.36,2.329,0.648,0.491,2.136
1.448,2.29,1.303,2.36,2.328,0.648,0.491,2.134
1.449,2.29,1.304,2.36,2.327,0.648,0.492,2.134
1.451,2.29,1.305,2.359,2.326,0.647,0.492,2.132
1.452,2.289,1.306,2.359,2.326,0.647,0.492,2.131
1.453,2.289,1.306,2.359,2.325,0.647,0.492,2.131
1.454,2.288,1.307,2.358,2.324,0.647,0.493,2.13
1.457,2.287,1.309,2.358,2.323,0.646,0.493,2.129
1.458,2.287,1.309,2.358,2.323,0.646,0.493,2.128
1.46,2.286,1.31,2.358,2.322,0.646,0.493,2.127
1.46,2.286,1.311,2.357,2.321,0.645,0.494,2.125
1.461,2.286,1.312,2.356,2.32,0.645,0.494,2.124
1.462,2.285,1.313,2.356,2.319,0.645,0.494,2.123
1.463,2.285,1.314,2.356,2.318,0.644,0.494,2.122
1.464,2.285,1.315,2.356,2.317,0.644,0.495,2.121
1.465,2.284,1.316,2.355,2.316,0.644,0.495,2.12
1.466,2.284,1.317,2.355,2.316,0.643,0.495,2.119
1.467,2.284,1.318,2.355,2.315,0.643,0.495,2.118
1.468,2.284,1.319,2.355,2.314,0.642,0.495,2.116
1.469,2.284,1.32,2.354,2.313,0.642,0.496,2.116
1.47,2.283,1.32,2.354,2.313,0.642,0.496,2.115
1.471,2.283,1.321,2.353,2.312,0.641,0.496,2.114
1.472,2.283,1.322,2.353,2.311,0.641,0.496,2.112
1.473,2.283,1.323,2.353,2.31,0.64,0.497,2.111
1.473,2.282,1.324,2.352,2.309,0.64,0.497,2.11
1.475,2.282,1.325,2.352,2.308,0.64,0.497,2.109
1.475,2.282,1.326,2.351,2.308,0.639,0.497,2.108
1.476,2.281,1.327,2.351,2.307,0.639,0.498,2.107
1.475,2.282,1.328,2.351,2.306,0.639,0.498,2.106
1.476,2.282,1.329,2.35,2.305,0.638,0.498,2.104
1.476,2.282,1.33,2.35,2.305,0.638,0.498,2.104
1.477,2.282,1.33,2.35,2.304,0.637,0.498,2.102
1.478,2.281,1.331,2.349,2.303,0.637,0.499,2.102
1.479,2.281,1.332,2.349,2.302,0.636,0.499,2.1
1.48,2.281,1.333,2.349,2.301,0.636,0.499,2.099
1.481,2.28,1.334,2.348,2.3,0.635,0.499,2.098
1.482,2.28,1.335,2.348,2.3,0.635,0.499,2.097
1.483,2.279,1.336,2.347,2.299,0.634,0.5,2.096
1.483,2.279,1.337,2.347,2.298,0.634,0.5,2.095
1.484,2.278,1.337,2.346,2.297,0.633,0.5,2.093
1.485,2.278,1.338,2.346,2.296,0.633,0.5,2.092
1.486,2.277,1.339,2.346,2.295,0.633,0.5,2.092
1.486,2.277,1.34,2.345,2.294,0.632,0.501,2.091
1.487,2.277,1.341,2.345,2.293,0.631,0.501,2.089
1.488,2.276,1.342,2.345,2.292,0.631,0.501,2.088
1.489,2.276,1.342,2.344,2.292,0.63,0.501,2.087
1.49,2.275,1.343,2.344,2.291,0.63,0.502,2.086
1.49,2.275,1.344,2.343,2.29,0.629,0.502,2.085
1.491,2.274,1.35,2.348,2.294,0.63,0.503,2.088
1.495,2.279,1.349,2.347,2.293,0.63,0.503,2.087
1.496,2.278,1.35,2.347,2.292,0.629,0.503,2.086
1.497,2.277,1.35,2.346,2.291,0.629,0.504,2.084
1.497,2.277,1.351,2.346,2.29,0.628,0.504,2.083
1.498,2.276,1.352,2.345,2.289,0.627,0.504,2.082
1.499,2.276,1.353,2.345,2.288,0.627,0.504,2.081
1.5,2.275,1.354,2.345,2.288,0.626,0.504,2.08
1.5,2.275,1.355,2.344,2.287,0.626,0.505,2.079
1.501,2.274,1.355,2.344,2.286,0.625,0.505,2.078
1.502,2.274,1.356,2.344,2.285,0.625,0.505,2.077
1.503,2.273,1.357,2.343,2.284,0.624,0.505,2.076
1.504,2.273,1.358,2.343,2.283,0.624,0.506,2.075
1.504,2.272,1.359,2.342,2.282,0.623,0.506,2.073
1.505,2.271,1.36,2.342,2.281,0.623,0.506,2.072
1.506,2.271,1.361,2.341,2.281,0.622,0.506,2.071
1.507,2.271,1.362,2.341,2.28,0.622,0.506,2.07
1.507,2.27,1.362,2.341,2.279,0.621,0.507,2.069
1.508,2.269,1.363,2.34,2.278,0.62,0.507,2.068
1.509,2.269,1.364,2.34,2.277,0.62,0.507,2.067
1.51,2.268,1.365,2.34,2.276,0.619,0.507,2.066
1.51,2.267,1.366,2.339,2.276,0.619,0.507,2.065
1.511,2.267,1.367,2.339,2.275,0.618,0.508,2.064
1.512,2.266,1.368,2.338,2.274,0.617,0.508,2.062
1.512,2.266,1.368,2.338,2.273,0.617,0.508,2.061
1.513,2.265,1.369,2.338,2.272,0.616,0.508,2.06
1.513,2.264,1.37,2.337,2.271,0.616,0.508,2.059
1.514,2.264,1.371,2.337,2.27,0.615,0.509,2.058
1.515,2.263,1.372,2.336,2.27,0.614,0.509,2.057
1.516,2.263,1.373,2.336,2.269,0.614,0.509,2.056
1.516,2.262,1.373,2.336,2.268,0.613,0.509,2.055
1.517,2.261,1.374,2.335,2.267,0.613,0.509,2.054
1.517,2.26,1.375,2.334,2.266,0.612,0.51,2.053
1.518,2.26,1.376,2.334,2.265,0.611,0.51,2.052
1.519,2.259,1.377,2.333,2.264,0.611,0.51,2.051
1.519,2.258,1.377,2.333,2.263,0.61,0.51,2.05
1.52,2.257,1.378,2.333,2.263,0.609,0.51,2.048
1.52,2.257,1.379,2.332,2.261,0.609,0.511,2.047
1.521,2.256,1.38,2.331,2.26,0.608,0.511,2.046
1.522,2.255,1.38,2.331,2.259,0.607,0.511,2.045
1.522,2.254,1.381,2.331,2.259,0.607,0.511,2.044
1.523,2.253,1.382,2.33,2.257,0.606,0.511,2.043
1.523,2.252,1.383,2.329,2.257,0.605,0.512,2.042
1.524,2.252,1.384,2.329,2.256,0.604,0.512,2.041
1.524,2.251,1.384,2.328,2.255,0.604,0.512,2.039
1.525,2.25,1.385,2.328,2.254,0.603,0.512,2.038
1.525,2.249,1.386,2.328,2.253,0.603,0.512,2.037
1.526,2.248,1.387,2.327,2.252,0.602,0.513,2.036
1.526,2.248,1.387,2.327,2.251,0.601,0.513,2.035
1.527,2.246,1.388,2.326,2.25,0.6,0.513,2.034
1.527,2.246,1.389,2.326,2.249,0.6,0.513,2.033
1.528,2.245,1.39,2.325,2.249,0.599,0.513,2.032
1.528,2.244,1.39,2.325,2.247,0.598,0.513,2.031
1.529,2.243,1.391,2.324,2.246,0.598,0.514,2.029
1.529,2.242,1.392,2.324,2.246,0.597,0.514,2.029
1.53,2.241,1.392,2.323,2.245,0.596,0.514,2.027
1.53,2.24,1.393,2.323,2.244,0.595,0.514,2.026
1.531,2.239,1.394,2.322,2.243,0.595,0.514,2.025
1.531,2.239,1.395,2.322,2.242,0.594,0.515,2.024
1.531,2.237,1.396,2.321,2.241,0.593,0.515,2.023
1.532,2.236,1.396,2.321,2.24,0.592,0.515,2.016
1.529,2.23,1.394,2.315,2.234,0.591,0.514,2.016
1.529,2.229,1.395,2.315,2.233,0.59,0.514,2.015
1.53,2.229,1.395,2.314,2.232,0.589,0.514,2.014
1.53,2.227,1.396,2.314,2.232,0.588,0.514,2.013
1.531,2.227,1.397,2.313,2.23,0.588,0.515,2.012
1.531,2.225,1.398,2.313,2.229,0.587,0.515,2.01
1.531,2.225,1.398,2.313,2.228,0.586,0.515,2.009
1.532,2.224,1.399,2.312,2.228,0.586,0.515,2.008
1.532,2.223,1.4,2.311,2.227,0.585,0.515,2.007
1.533,2.222,1.4,2.311,2.226,0.584,0.515,2.006
1.533,2.221,1.401,2.311,2.225,0.583,0.515,2.005
1.533,2.22,1.402,2.31,2.224,0.583,0.516,2.004
1.534,2.219,1.402,2.309,2.223,0.582,0.516,2.003
1.534,2.217,1.403,2.309,2.222,0.581,0.516,2.002
1.534,2.217,1.404,2.308,2.221,0.58,0.516,2.0
1.534,2.215,1.404,2.308,2.22,0.58,0.516,2.0
1.535,2.214,1.405,2.307,2.219,0.579,0.516,1.998
1.535,2.213,1.406,2.307,2.218,0.578,0.516,1.997
1.536,2.212,1.406,2.307,2.218,0.577,0.517,1.996
1.536,2.211,1.407,2.306,2.217,0.577,0.517,1.995
1.536,2.21,1.408,2.306,2.216,0.576,0.517,1.994
1.536,2.209,1.408,2.305,2.215,0.575,0.517,1.993
1.537,2.208,1.409,2.304,2.214,0.574,0.517,1.992
1.537,2.207,1.41,2.304,2.213,0.573,0.517,1.991
1.538,2.205,1.41,2.303,2.212,0.573,0.518,1.99
1.538,2.204,1.411,2.303,2.211,0.572,0.518,1.989
1.538,2.203,1.412,2.303,2.21,0.571,0.518,1.988
1.538,2.202,1.413,2.302,2.21,0.571,0.518,1.987
1.539,2.201,1.413,2.302,2.208,0.57,0.518,1.985
1.539,2.2,1.414,2.301,2.207,0.569,0.518,1.984
1.539,2.199,1.415,2.301,2.207,0.568,0.519,1.983
1.54,2.198,1.416,2.301,2.206,0.567,0.519,1.982
1.54,2.196,1.416,2.3,2.205,0.566,0.519,1.981
1.54,2.195,1.417,2.3,2.204,0.566,0.519,1.98
1.54,2.194,1.418,2.299,2.203,0.565,0.519,1.979
1.54,2.193,1.418,2.298,2.202,0.564,0.519,1.978
1.541,2.191,1.419,2.298,2.201,0.563,0.52,1.977
1.541,2.19,1.419,2.297,2.2,0.563,0.52,1.976
1.541,2.189,1.42,2.297,2.199,0.562,0.52,1.975
1.541,2.188,1.421,2.297,2.198,0.561,0.52,1.973
1.541,2.186,1.421,2.296,2.197,0.56,0.52,1.972
1.541,2.185,1.422,2.295,2.196,0.559,0.52,1.971
1.541,2.184,1.422,2.295,2.195,0.559,0.52,1.97
1.542,2.182,1.423,2.294,2.194,0.558,0.52,1.969
1.542,2.181,1.424,2.293,2.193,0.557,0.521,1.968
1.542,2.18,1.424,2.293,2.192,0.556,0.521,1.967
1.542,2.178,1.425,2.293,2.192,0.555,0.521,1.966
1.542,2.177,1.426,2.292,2.191,0.555,0.521,1.965
1.543,2.176,1.426,2.292,2.19,0.554,0.521,1.964
1.543,2.174,1.427,2.291,2.189,0.553,0.521,1.963
1.543,2.173,1.428,2.291,2.188,0.552,0.521,1.962
1.543,2.172,1.428,2.29,2.188,0.552,0.521,1.961
1.543,2.171,1.429,2.29,2.187,0.551,0.521,1.96
1.544,2.169,1.429,2.289,2.186,0.55,0.522,1.959
1.544,2.168,1.43,2.289,2.185,0.549,0.522,1.958
1.544,2.167,1.431,2.289,2.184,0.548,0.522,1.957
1.544,2.165,1.431,2.288,2.183,0.548,0.522,1.956
1.544,2.164,1.432,2.288,2.182,0.547,0.522,1.955
1.544,2.163,1.433,2.287,2.181,0.546,0.522,1.954
1.544,2.161,1.433,2.286,2.18,0.545,0.522,1.953
1.544,2.16,1.434,2.286,2.179,0.544,0.523,1.952
1.544,2.158,1.434,2.286,2.179,0.544,0.523,1.951
1.545,2.157,1.435,2.285,2.178,0.543,0.523,1.95
1.545,2.156,1.436,2.292,2.181,0.543,0.524,1.953
1.548,2.159,1.439,2.289,2.181,0.542,0.524,1.952
1.548,2.158,1.44,2.289,2.18,0.542,0.524,1.951
1.548,2.156,1.441,2.288,2.179,0.541,0.525,1.95
1.549,2.155,1.441,2.288,2.178,0.54,0.525,1.949
1.549,2.154,1.442,2.287,2.177,0.539,0.525,1.948
1.548,2.152,1.443,2.287,2.176,0.538,0.525,1.947
1.549,2.151,1.443,2.286,2.176,0.538,0.525,1.946
1.549,2.149,1.444,2.286,2.175,0.537,0.525,1.945
1.549,2.148,1.444,2.286,2.174,0.536,0.525,1.945
1.549,2.147,1.445,2.285,2.173,0.535,0.526,1.944
1.549,2.146,1.446,2.285,2.172,0.535,0.525,1.942
1.549,2.144,1.446,2.284,2.171,0.534,0.526,1.942
1.549,2.142,1.447,2.284,2.171,0.533,0.526,1.941
1.549,2.141,1.447,2.284,2.17,0.532,0.526,1.939
1.549,2.139,1.448,2.283,2.169,0.531,0.526,1.938
1.549,2.138,1.448,2.282,2.168,0.531,0.526,1.937
1.549,2.136,1.449,2.282,2.167,0.53,0.526,1.936
1.549,2.135,1.45,2.281,2.166,0.529,0.526,1.935
1.549,2.134,1.45,2.281,2.165,0.528,0.526,1.934
1.549,2.132,1.451,2.28,2.164,0.528,0.527,1.933
1.549,2.131,1.452,2.28,2.163,0.527,0.527,1.932
1.549,2.129,1.452,2.28,2.163,0.526,0.527,1.931
1.549,2.128,1.453,2.28,2.162,0.525,0.527,1.931
1.55,2.126,1.453,2.279,2.161,0.525,0.527,1.93
1.549,2.125,1.454,2.278,2.16,0.524,0.527,1.929
1.55,2.123,1.455,2.278,2.159,0.523,0.527,1.928
1.55,2.122,1.455,2.277,2.159,0.522,0.527,1.927
1.549,2.121,1.456,2.277,2.158,0.521,0.528,1.926
1.55,2.119,1.456,2.277,2.157,0.521,0.528,1.925
1.55,2.118,1.457,2.276,2.156,0.52,0.528,1.923
1.549,2.116,1.458,2.275,2.155,0.519,0.528,1.922
1.549,2.115,1.458,2.275,2.154,0.518,0.528,1.922
1.549,2.113,1.459,2.274,2.153,0.518,0.528,1.921
1.549,2.112,1.459,2.274,2.153,0.517,0.528,1.92
1.549,2.11,1.46,2.274,2.152,0.516,0.529,1.919
1.549,2.109,1.461,2.273,2.151,0.515,0.528,1.918
1.549,2.107,1.461,2.273,2.15,0.515,0.529,1.917
1.549,2.106,1.462,2.272,2.149,0.514,0.529,1.916
1.549,2.104,1.462,2.272,2.148,0.513,0.529,1.915
1.549,2.103,1.463,2.271,2.148,0.512,0.529,1.914
1.549,2.101,1.463,2.271,2.147,0.512,0.529,1.913
1.549,2.1,1.464,2.27,2.146,0.511,0.529,1.912
1.549,2.098,1.464,2.27,2.145,0.51,0.529,1.911
1.549,2.097,1.465,2.269,2.144,0.509,0.529,1.91
1.549,2.095,1.465,2.269,2.143,0.509,0.529,1.909
1.548,2.093,1.466,2.268,2.142,0.508,0.53,1.908
1.548,2.092,1.466,2.268,2.141,0.507,0.53,1.907
1.548,2.09,1.467,2.267,2.14,0.506,0.53,1.906
1.548,2.089,1.467,2.267,2.139,0.506,0.53,1.905
1.548,2.088,1.468,2.266,2.139,0.505,0.53,1.904
1.548,2.086,1.469,2.266,2.138,0.504,0.53,1.903
1.547,2.084,1.469,2.265,2.137,0.503,0.53,1.902
1.547,2.083,1.47,2.265,2.136,0.503,0.53,1.901
1.547,2.081,1.47,2.265,2.135,0.502,0.53,1.9
1.547,2.08,1.471,2.264,2.135,0.501,0.53,1.899
1.547,2.079,1.471,2.264,2.134,0.5,0.531,1.898
1.547,2.077,1.472,2.263,2.133,0.5,0.531,1.897
1.547,2.076,1.473,2.263,2.132,0.499,0.531,1.896
1.547,2.074,1.473,2.263,2.131,0.498,0.531,1.896
1.546,2.073,1.474,2.262,2.131,0.498,0.531,1.885
1.543,2.067,1.471,2.256,2.125,0.496,0.53,1.889
1.543,2.065,1.472,2.256,2.124,0.495,0.53,1.889
1.543,2.064,1.472,2.256,2.123,0.495,0.53,1.887
1.542,2.062,1.473,2.256,2.123,0.494,0.53,1.887
1.542,2.061,1.473,2.255,2.122,0.493,0.53,1.886
1.542,2.06,1.474,2.255,2.121,0.492,0.53,1.885
1.542,2.058,1.474,2.254,2.12,0.492,0.531,1.884
1.541,2.057,1.475,2.253,2.119,0.491,0.531,1.883
1.541,2.055,1.475,2.253,2.118,0.49,0.531,1.882
1.541,2.054,1.476,2.253,2.118,0.49,0.531,1.881
1.541,2.052,1.476,2.252,2.117,0.489,0.531,1.88
1.541,2.051,1.477,2.252,2.116,0.488,0.531,1.879
1.54,2.05,1.477,2.251,2.115,0.487,0.531,1.878
1.54,2.048,1.478,2.251,2.114,0.487,0.531,1.878
1.54,2.046,1.478,2.25,2.113,0.486,0.531,1.876
1.539,2.045,1.479,2.25,2.113,0.485,0.531,1.875
1.539,2.044,1.479,2.25,2.112,0.485,0.532,1.874
1.539,2.042,1.48,2.249,2.111,0.484,0.531,1.874
1.539,2.041,1.48,2.248,2.11,0.483,0.532,1.873
1.538,2.039,1.481,2.248,2.11,0.483,0.532,1.871
1.538,2.038,1.481,2.248,2.109,0.482,0.532,1.871
1.538,2.036,1.482,2.247,2.108,0.481,0.532,1.87
1.538,2.035,1.482,2.247,2.107,0.48,0.532,1.868
1.537,2.033,1.483,2.246,2.106,0.48,0.532,1.868
1.537,2.032,1.483,2.246,2.105,0.479,0.532,1.867
1.537,2.03,1.484,2.245,2.105,0.478,0.532,1.866
1.537,2.029,1.485,2.245,2.104,0.478,0.532,1.865
1.536,2.028,1.485,2.244,2.103,0.477,0.532,1.864
1.536,2.026,1.485,2.244,2.102,0.476,0.532,1.863
1.535,2.025,1.486,2.243,2.101,0.476,0.532,1.862
1.535,2.023,1.486,2.243,2.101,0.475,0.532,1.861
1.535,2.022,1.487,2.243,2.1,0.474,0.533,1.86
1.535,2.02,1.487,2.243,2.099,0.474,0.533,1.859
1.534,2.019,1.488,2.242,2.098,0.473,0.533,1.859
1.534,2.018,1.488,2.241,2.098,0.472,0.533,1.857
1.534,2.016,1.489,2.241,2.097,0.472,0.533,1.857
1.534,2.015,1.489,2.241,2.096,0.471,0.533,1.856
1.533,2.013,1.49,2.24,2.095,0.47,0.533,1.855
1.533,2.012,1.49,2.24,2.094,0.47,0.533,1.854
1.532,2.01,1.491,2.239,2.093,0.469,0.533,1.853
1.532,2.009,1.491,2.239,2.093,0.468,0.533,1.852
1.532,2.008,1.491,2.239,2.092,0.468,0.533,1.851
1.531,2.006,1.492,2.238,2.091,0.467,0.533,1.85
1.531,2.005,1.492,2.238,2.09,0.467,0.534,1.849
1.531,2.004,1.493,2.238,2.09,0.466,0.533,1.848
1.53,2.002,1.494,2.237,2.089,0.465,0.534,1.847
1.53,2.001,1.494,2.236,2.088,0.465,0.534,1.847
1.53,2.0,1.495,2.236,2.087,0.464,0.534,1.846
1.529,1.998,1.495,2.235,2.087,0.463,0.534,1.845
1.529,1.997,1.496,2.235,2.086,0.463,0.534,1.844
1.529,1.995,1.496,2.235,2.085,0.462,0.534,1.843
1.528,1.994,1.496,2.234,2.084,0.461,0.534,1.842
1.528,1.993,1.497,2.234,2.083,0.461,0.534,1.842
1.527,1.991,1.497,2.233,2.082,0.46,0.534,1.841
1.527,1.99,1.498,2.233,2.082,0.46,0.534,1.84
1.527,1.988,1.499,2.233,2.081,0.459,0.534,1.839
1.526,1.987,1.499,2.232,2.08,0.458,0.534,1.838
1.526,1.986,1.5,2.232,2.08,0.458,0.535,1.837
1.526,1.984,1.5,2.231,2.079,0.457,0.535,1.836
1.525,1.983,1.5,2.231,2.078,0.457,0.535,1.835
1.525,1.982,1.501,2.23,2.077,0.456,0.535,1.834
1.524,1.98,1.501,2.23,2.076,0.455,0.535,1.833
1.524,1.979,1.502,2.229,2.076,0.455,0.535,1.833
1.524,1.977,1.502,2.24,2.08,0.455,0.536,1.835
1.527,1.98,1.506,2.234,2.079,0.454,0.536,1.835
1.526,1.979,1.506,2.233,2.078,0.454,0.536,1.834
1.526,1.977,1.507,2.233,2.077,0.453,0.536,1.832
1.525,1.976,1.508,2.232,2.077,0.453,0.536,1.832
1.525,1.974,1.508,2.232,2.076,0.452,0.536,1.831
1.525,1.973,1.508,2.231,2.075,0.451,0.536,1.83
1.524,1.972,1.509,2.231,2.074,0.451,0.537,1.829
1.524,1.97,1.509,2.23,2.073,0.45,0.536,1.828
1.524,1.969,1.51,2.23,2.073,0.45,0.537,1.827
1.523,1.967,1.51,2.23,2.072,0.449,0.537,1.826
1.522,1.966,1.511,2.229,2.071,0.448,0.537,1.825
1.522,1.964,1.511,2.229,2.07,0.448,0.537,1.824
1.522,1.963,1.511,2.228,2.07,0.447,0.537,1.823
1.521,1.962,1.512,2.228,2.069,0.447,0.537,1.823
1.521,1.96,1.512,2.228,2.068,0.446,0.537,1.822
1.521,1.959,1.513,2.227,2.067,0.445,0.537,1.821
1.52,1.958,1.513,2.227,2.066,0.445,0.537,1.82
1.519,1.956,1.514,2.226,2.066,0.444,0.537,1.819
1.519,1.955,1.514,2.226,2.065,0.444,0.537,1.819
1.519,1.954,1.515,2.226,2.065,0.443,0.537,1.818
1.518,1.952,1.515,2.225,2.064,0.442,0.537,1.816
1.518,1.95,1.516,2.225,2.063,0.442,0.538,1.816
1.517,1.949,1.516,2.224,2.062,0.441,0.538,1.815
1.517,1.948,1.517,2.224,2.061,0.441,0.538,1.814
1.517,1.946,1.517,2.223,2.06,0.44,0.538,1.813
1.516,1.945,1.518,2.223,2.06,0.439,0.538,1.812
1.516,1.943,1.518,2.222,2.059,0.439,0.538,1.811
1.515,1.942,1.518,2.222,2.058,0.438,0.538,1.81
1.515,1.941,1.519,2.222,2.057,0.438,0.538,1.809
1.514,1.939,1.52,2.221,2.057,0.437,0.538,1.809
1.514,1.938,1.52,2.221,2.056,0.437,0.538,1.808
1.513,1.937,1.52,2.22,2.055,0.436,0.538,1.807
1.513,1.935,1.521,2.22,2.055,0.435,0.538,1.806
1.512,1.934,1.521,2.22,2.054,0.435,0.538,1.805
1.512,1.933,1.522,2.219,2.053,0.434,0.538,1.805
1.512,1.931,1.522,2.219,2.052,0.434,0.538,1.804
1.511,1.93,1.523,2.218,2.052,0.433,0.538,1.803
1.511,1.929,1.523,2.218,2.051,0.433,0.539,1.802
1.51,1.927,1.523,2.217,2.05,0.432,0.539,1.801
1.51,1.926,1.524,2.217,2.05,0.431,0.539,1.801
1.509,1.924,1.524,2.217,2.049,0.431,0.539,1.8
1.509,1.923,1.525,2.216,2.048,0.43,0.539,1.799
1.508,1.922,1.525,2.216,2.047,0.43,0.539,1.798
1.508,1.92,1.526,2.216,2.047,0.429,0.539,1.797
1.507,1.919,1.526,2.216,2.046,0.429,0.539,1.796
1.507,1.918,1.526,2.215,2.045,0.428,0.539,1.795
1.506,1.917,1.527,2.215,2.045,0.428,0.539,1.794
1.506,1.915,1.527,2.214,2.043,0.427,0.539,1.793
1.505,1.914,1.528,2.214,2.043,0.426,0.539,1.792
1.505,1.912,1.528,2.213,2.042,0.426,0.539,1.792
1.504,1.911,1.529,2.213,2.041,0.425,0.539,1.791
1.504,1.91,1.529,2.212,2.04,0.425,0.539,1.79
1.503,1.908,1.53,2.212,2.04,0.424,0.539,1.789
1.503,1.907,1.53,2.212,2.04,0.424,0.539,1.788
1.502,1.906,1.53,2.211,2.039,0.423,0.54,1.787
1.502,1.905,1.531,2.211,2.038,0.423,0.54,1.786
1.501,1.903,1.531,2.21,2.037,0.422,0.54,1.786
1.501,1.902,1.532,2.21,2.036,0.421,0.54,1.785
1.5,1.901,1.532,2.209,2.036,0.421,0.54,1.784
1.5,1.899,1.532,2.209,2.035,0.42,0.54,1.772
1.496,1.894,1.53,2.204,2.03,0.419,0.539,1.778
1.495,1.892,1.53,2.203,2.029,0.418,0.539,1.777
1.495,1.891,1.53,2.203,2.028,0.418,0.539,1.776
1.494,1.889,1.531,2.202,2.027,0.417,0.539,1.775
1.493,1.888,1.531,2.202,2.027,0.417,0.539,1.775
1.493,1.887,1.532,2.201,2.026,0.416,0.539,1.774
1.492,1.886,1.532,2.201,2.025,0.416,0.539,1.773
1.492,1.884,1.532,2.2,2.024,0.415,0.539,1.772
1.491,1.883,1.533,2.2,2.023,0.415,0.539,1.771
1.491,1.882,1.533,2.2,2.023,0.414,0.539,1.77
1.49,1.88,1.534,2.199,2.022,0.413,0.539,1.77
1.49,1.879,1.534,2.199,2.021,0.413,0.539,1.769
1.489,1.878,1.534,2.199,2.021,0.412,0.539,1.768
1.488,1.876,1.535,2.198,2.02,0.412,0.539,1.767
1.488,1.875,1.535,2.198,2.019,0.411,0.539,1.766
1.487,1.874,1.535,2.198,2.019,0.411,0.539,1.765
1.487,1.872,1.536,2.197,2.018,0.41,0.539,1.764
1.486,1.871,1.536,2.197,2.017,0.41,0.539,1.763
1.485,1.87,1.537,2.196,2.017,0.409,0.54,1.763
1.485,1.869,1.537,2.196,2.016,0.409,0.539,1.762
1.484,1.867,1.538,2.195,2.015,0.408,0.54,1.761
1.484,1.866,1.538,2.195,2.014,0.407,0.54,1.76
1.483,1.865,1.538,2.195,2.014,0.407,0.54,1.759
1.482,1.863,1.539,2.194,2.013,0.406,0.54,1.758
1.482,1.862,1.539,2.193,2.012,0.406,0.54,1.757
1.481,1.86,1.539,2.193,2.011,0.405,0.54,1.757
1.481,1.859,1.54,2.193,2.011,0.405,0.54,1.756
1.48,1.858,1.54,2.192,2.01,0.404,0.54,1.755
1.48,1.857,1.54,2.192,2.009,0.404,0.54,1.754
1.479,1.855,1.541,2.192,2.008,0.403,0.54,1.753
1.478,1.854,1.541,2.191,2.007,0.403,0.54,1.752
1.478,1.853,1.541,2.191,2.007,0.402,0.54,1.751
1.477,1.852,1.542,2.19,2.006,0.402,0.54,1.751
1.476,1.85,1.542,2.19,2.005,0.401,0.54,1.749
1.476,1.848,1.542,2.189,2.005,0.401,0.54,1.749
1.475,1.847,1.543,2.189,2.004,0.4,0.54,1.748
1.475,1.846,1.543,2.188,2.003,0.399,0.54,1.747
1.474,1.845,1.544,2.188,2.002,0.399,0.54,1.746
1.473,1.843,1.544,2.188,2.002,0.399,0.54,1.745
1.473,1.842,1.544,2.187,2.001,0.398,0.54,1.745
1.472,1.841,1.545,2.187,2.0,0.397,0.54,1.743
1.472,1.84,1.545,2.186,2.0,0.397,0.54,1.743
1.471,1.838,1.545,2.186,1.999,0.396,0.54,1.742
1.47,1.837,1.546,2.185,1.998,0.396,0.54,1.741
1.47,1.836,1.546,2.185,1.997,0.395,0.54,1.74
1.469,1.834,1.546,2.184,1.996,0.395,0.54,1.739
1.468,1.833,1.547,2.184,1.996,0.394,0.54,1.738
1.468,1.832,1.547,2.184,1.995,0.394,0.54,1.738
1.467,1.83,1.547,2.183,1.995,0.393,0.54,1.737
1.466,1.829,1.548,2.183,1.994,0.393,0.54,1.736
1.466,1.828,1.548,2.182,1.993,0.392,0.54,1.735
1.465,1.827,1.548,2.182,1.992,0.392,0.54,1.735
1.465,1.825,1.549,2.182,1.992,0.391,0.541,1.734
1.464,1.824,1.549,2.181,1.991,0.391,0.54,1.733
1.464,1.823,1.549,2.181,1.99,0.39,0.541,1.732
1.463,1.822,1.55,2.18,1.99,0.39,0.541,1.731
1.462,1.82,1.55,2.18,1.989,0.389,0.541,1.73
1.461,1.819,1.551,2.18,1.988,0.389,0.541,1.73
1.461,1.818,1.551,2.179,1.988,0.388,0.541,1.728
1.46,1.816,1.551,2.179,1.987,0.388,0.541,1.728
1.46,1.815,1.551,2.178,1.986,0.387,0.541,1.727
1.459,1.814,1.552,2.178,1.985,0.387,0.541,1.726
1.458,1.813,1.552,2.177,1.985,0.386,0.541,1.726
1.458,1.811,1.552,2.188,1.985,0.386,0.541,1.726
1.46,1.814,1.555,2.18,1.986,0.386,0.541,1.726
1.461,1.814,1.558,2.183,1.989,0.386,0.543,1.728
1.46,1.813,1.558,2.183,1.988,0.385,0.543,1.728
1.459,1.811,1.558,2.181,1.987,0.385,0.542,1.726
1.456,1.807,1.557,2.179,1.984,0.384,0.542,1.725
1.455,1.805,1.555,2.176,1.981,0.383,0.541,1.721
1.457,1.806,1.558,2.178,1.982,0.383,0.542,1.721
1.458,1.807,1.561,2.181,1.985,0.383,0.543,1.724
1.456,1.805,1.56,2.181,1.984,0.383,0.543,1.723
1.455,1.804,1.56,2.179,1.983,0.382,0.543,1.721
1.452,1.8,1.559,2.176,1.98,0.381,0.542,1.719
1.451,1.797,1.557,2.174,1.977,0.38,0.541,1.716
1.452,1.798,1.56,2.176,1.978,0.38,0.542,1.716
1.454,1.8,1.563,2.179,1.981,0.38,0.543,1.718
1.452,1.798,1.562,2.178,1.98,0.38,0.543,1.718
1.451,1.796,1.562,2.176,1.979,0.379,0.543,1.716
1.448,1.792,1.561,2.174,1.976,0.378,0.542,1.715
1.447,1.789,1.559,2.171,1.973,0.377,0.542,1.711
1.448,1.791,1.561,2.173,1.974,0.377,0.542,1.711
1.45,1.792,1.564,2.177,1.977,0.377,0.543,1.713
1.448,1.79,1.564,2.176,1.976,0.377,0.543,1.713
1.447,1.788,1.564,2.175,1.975,0.376,0.543,1.712
1.444,1.785,1.562,2.172,1.972,0.375,0.542,1.71
1.443,1.782,1.561,2.169,1.969,0.374,0.542,1.706
1.444,1.783,1.563,2.171,1.97,0.374,0.542,1.706
1.446,1.785,1.566,2.174,1.973,0.374,0.543,1.708
1.444,1.783,1.566,2.173,1.972,0.374,0.543,1.709
1.443,1.781,1.566,2.172,1.971,0.373,0.543,1.707
1.44,1.777,1.564,2.169,1.968,0.372,0.543,1.705
1.439,1.775,1.563,2.166,1.964,0.371,0.542,1.702
1.44,1.776,1.565,2.168,1.965,0.371,0.542,1.701
1.441,1.777,1.568,2.171,1.968,0.371,0.543,1.703
1.44,1.775,1.568,2.171,1.967,0.371,0.543,1.704
1.439,1.774,1.568,2.17,1.966,0.37,0.543,1.702
1.437,1.771,1.566,2.167,1.964,0.37,0.543,1.701
1.435,1.767,1.565,2.164,1.961,0.368,0.542,1.697
1.436,1.769,1.567,2.166,1.961,0.368,0.542,1.697
1.437,1.77,1.57,2.169,1.965,0.368,0.543,1.699
1.436,1.769,1.57,2.169,1.964,0.368,0.543,1.699
1.435,1.767,1.57,2.168,1.963,0.367,0.543,1.698
1.433,1.764,1.568,2.165,1.96,0.367,0.543,1.696
1.431,1.761,1.567,2.162,1.957,0.366,0.542,1.693
1.432,1.762,1.569,2.163,1.958,0.366,0.542,1.692
1.434,1.764,1.572,2.167,1.961,0.366,0.543,1.695
1.432,1.762,1.572,2.167,1.96,0.365,0.543,1.695
1.431,1.76,1.572,2.165,1.959,0.365,0.543,1.693
1.429,1.757,1.571,2.164,1.957,0.364,0.543,1.692
1.426,1.754,1.569,2.16,1.953,0.363,0.542,1.689
1.428,1.754,1.571,2.161,1.953,0.363,0.542,1.688
1.429,1.757,1.574,2.165,1.957,0.363,0.543,1.69
1.428,1.755,1.574,2.164,1.956,0.363,0.544,1.691
1.427,1.753,1.573,2.163,1.955,0.362,0.543,1.689
1.425,1.75,1.572,2.161,1.953,0.362,0.543,1.688
1.422,1.747,1.571,2.158,1.949,0.361,0.542,1.684
1.424,1.748,1.573,2.159,1.95,0.36,0.542,1.683
1.425,1.75,1.575,2.163,1.953,0.36,0.543,1.686
1.424,1.748,1.576,2.162,1.953,0.36,0.544,1.687
1.423,1.746,1.575,2.161,1.951,0.36,0.543,1.685
1.421,1.744,1.574,2.159,1.949,0.359,0.543,1.683
1.418,1.74,1.572,2.156,1.946,0.358,0.542,1.68
1.416,1.739,1.572,2.155,1.944,0.357,0.542,1.678
1.417,1.738,1.573,2.154,1.944,0.357,0.542,1.677
1.416,1.737,1.573,2.154,1.943,0.356,0.542,1.677
1.416,1.736,1.573,2.154,1.943,0.356,0.542,1.676
1.414,1.734,1.573,2.153,1.942,0.356,0.542,1.675
1.414,1.733,1.574,2.153,1.941,0.355,0.542,1.675
1.413,1.732,1.574,2.153,1.941,0.355,0.542,1.674
1.412,1.731,1.574,2.152,1.94,0.354,0.542,1.673
1.412,1.73,1.575,2.152,1.94,0.354,0.542,1.673
1.411,1.729,1.575,2.152,1.939,0.354,0.542,1.672
1.41,1.728,1.575,2.151,1.938,0.353,0.542,1.671
1.409,1.727,1.575,2.15,1.937,0.353,0.542,1.67
1.409,1.726,1.575,2.15,1.937,0.352,0.542,1.669
1.408,1.725,1.576,2.15,1.936,0.352,0.542,1.668
1.408,1.724,1.576,2.15,1.935,0.351,0.542,1.668
1.407,1.723,1.576,2.149,1.935,0.351,0.542,1.667
1.405,1.721,1.576,2.148,1.934,0.35,0.542,1.666
1.405,1.72,1.576,2.148,1.933,0.35,0.542,1.665
1.404,1.719,1.577,2.148,1.933,0.35,0.542,1.665
1.404,1.718,1.577,2.148,1.932,0.349,0.542,1.664
1.403,1.718,1.578,2.148,1.932,0.349,0.542,1.663
1.402,1.717,1.578,2.147,1.931,0.349,0.542,1.663
1.402,1.715,1.578,2.147,1.93,0.348,0.542,1.661
1.401,1.714,1.578,2.146,1.93,0.348,0.542,1.661
1.4,1.713,1.579,2.146,1.929,0.347,0.542,1.66
1.4,1.712,1.579,2.146,1.928,0.347,0.542,1.659
1.399,1.712,1.58,2.146,1.928,0.346,0.542,1.659
1.398,1.711,1.58,2.146,1.927,0.346,0.542,1.658
1.397,1.709,1.58,2.144,1.927,0.345,0.542,1.657
1.396,1.708,1.58,2.144,1.926,0.345,0.542,1.656
1.396,1.707,1.58,2.144,1.925,0.345,0.542,1.655
1.395,1.706,1.58,2.143,1.925,0.344,0.542,1.655
1.395,1.705,1.581,2.143,1.924,0.344,0.542,1.654
1.393,1.704,1.581,2.143,1.923,0.344,0.542,1.653
1.393,1.703,1.581,2.142,1.923,0.343,0.542,1.652
1.392,1.702,1.581,2.142,1.922,0.343,0.542,1.651
1.391,1.701,1.582,2.141,1.921,0.342,0.542,1.651
1.391,1.7,1.581,2.141,1.921,0.342,0.542,1.65
1.39,1.699,1.582,2.141,1.92,0.342,0.542,1.65
1.389,1.698,1.582,2.141,1.92,0.341,0.542,1.649
1.388,1.697,1.582,2.14,1.919,0.341,0.542,1.648
1.387,1.695,1.582,2.139,1.918,0.34,0.541,1.647
1.387,1.694,1.583,2.139,1.917,0.34,0.542,1.646
1.386,1.694,1.583,2.139,1.917,0.339,0.541,1.646
1.386,1.693,1.584,2.139,1.917,0.339,0.542,1.645
1.385,1.692,1.584,2.139,1.916,0.339,0.542,1.645
1.384,1.691,1.584,2.138,1.915,0.338,0.541,1.644
1.383,1.689,1.584,2.137,1.914,0.338,0.541,1.642
1.382,1.689,1.584,2.137,1.914,0.337,0.541,1.642
1.382,1.688,1.585,2.137,1.913,0.337,0.542,1.641
1.381,1.687,1.585,2.137,1.913,0.337,0.541,1.64
1.381,1.686,1.585,2.136,1.913,0.336,0.541,1.64
1.379,1.684,1.585,2.135,1.911,0.336,0.541,1.639
1.379,1.684,1.585,2.135,1.91,0.335,0.541,1.638
1.378,1.682,1.585,2.135,1.91,0.335,0.541,1.637
1.377,1.681,1.586,2.135,1.91,0.335,0.541,1.636
1.377,1.681,1.586,2.134,1.909,0.334,0.541,1.636
1.376,1.68,1.586,2.134,1.909,0.334,0.541,1.635
1.375,1.679,1.586,2.133,1.908,0.334,0.541,1.635
1.374,1.678,1.586,2.132,1.907,0.333,0.541,1.634
1.374,1.677,1.587,2.133,1.906,0.333,0.541,1.633
1.373,1.676,1.587,2.132,1.906,0.333,0.541,1.632
1.372,1.675,1.588,2.132,1.906,0.332,0.541,1.632
1.372,1.674,1.588,2.134,1.91,0.333,0.542,1.635
1.374,1.676,1.591,2.136,1.908,0.332,0.542,1.634
1.373,1.675,1.592,2.136,1.908,0.332,0.542,1.633
1.372,1.675,1.592,2.136,1.907,0.331,0.542,1.633
1.372,1.674,1.592,2.135,1.907,0.331,0.542,1.632
1.371,1.673,1.592,2.135,1.906,0.331,0.542,1.631
1.37,1.672,1.593,2.135,1.906,0.331,0.542,1.631
1.37,1.671,1.593,2.134,1.905,0.33,0.542,1.63
1.369,1.67,1.593,2.134,1.905,0.33,0.542,1.629
1.369,1.669,1.594,2.134,1.904,0.329,0.542,1.629
1.368,1.668,1.594,2.134,1.904,0.329,0.542,1.628
1.367,1.667,1.594,2.133,1.903,0.329,0.542,1.627
1.366,1.666,1.594,2.133,1.902,0.328,0.542,1.626
1.365,1.665,1.594,2.133,1.902,0.328,0.542,1.626
1.365,1.664,1.595,2.132,1.901,0.328,0.542,1.625
1.364,1.663,1.595,2.132,1.9,0.327,0.542,1.624
1.363,1.663,1.595,2.132,1.9,0.327,0.542,1.624
1.363,1.662,1.595,2.131,1.899,0.327,0.542,1.623
1.362,1.661,1.596,2.131,1.899,0.326,0.542,1.622
1.362,1.66,1.596,2.131,1.898,0.326,0.542,1.622
1.361,1.659,1.596,2.13,1.898,0.326,0.542,1.622
1.36,1.658,1.596,2.13,1.897,0.325,0.542,1.621
1.359,1.657,1.597,2.13,1.897,0.325,0.542,1.62
1.358,1.656,1.597,2.129,1.896,0.325,0.542,1.619
1.358,1.655,1.597,2.129,1.895,0.324,0.542,1.618
1.357,1.655,1.598,2.129,1.895,0.324,0.542,1.618
1.357,1.654,1.598,2.129,1.895,0.324,0.542,1.617
1.356,1.653,1.598,2.128,1.894,0.323,0.542,1.617
1.355,1.652,1.598,2.128,1.894,0.323,0.542,1.616
1.354,1.651,1.599,2.128,1.893,0.323,0.542,1.615
1.354,1.65,1.599,2.127,1.893,0.322,0.542,1.615
1.353,1.649,1.599,2.127,1.892,0.322,0.542,1.614
1.352,1.648,1.599,2.127,1.891,0.321,0.542,1.613
1.352,1.648,1.6,2.126,1.891,0.321,0.542,1.613
1.351,1.647,1.6,2.126,1.89,0.321,0.542,1.612
1.35,1.646,1.6,2.126,1.89,0.321,0.542,1.611
1.35,1.645,1.6,2.126,1.889,0.32,0.542,1.61
1.349,1.644,1.601,2.125,1.888,0.32,0.542,1.61
1.348,1.643,1.601,2.125,1.888,0.32,0.542,1.61
1.348,1.642,1.601,2.125,1.888,0.319,0.542,1.609
1.347,1.641,1.601,2.124,1.887,0.319,0.542,1.608
1.346,1.64,1.601,2.124,1.887,0.319,0.542,1.607
1.345,1.64,1.602,2.124,1.886,0.318,0.542,1.607
1.345,1.639,1.602,2.124,1.886,0.318,0.542,1.606
1.344,1.638,1.602,2.123,1.885,0.318,0.542,1.606
1.343,1.637,1.603,2.123,1.885,0.317,0.542,1.605
1.343,1.636,1.603,2.123,1.884,0.317,0.542,1.604
1.342,1.635,1.603,2.123,1.884,0.317,0.542,1.604
1.341,1.635,1.603,2.122,1.883,0.316,0.542,1.603
1.341,1.634,1.603,2.122,1.882,0.316,0.542,1.602
1.34,1.633,1.604,2.122,1.882,0.316,0.542,1.602
1.339,1.632,1.604,2.121,1.881,0.316,0.542,1.601
1.339,1.631,1.604,2.121,1.881,0.315,0.542,1.601
1.338,1.63,1.604,2.121,1.88,0.315,0.542,1.6
1.337,1.63,1.605,2.12,1.88,0.315,0.542,1.599
1.337,1.629,1.605,2.12,1.879,0.314,0.542,1.598
1.336,1.628,1.605,2.12,1.879,0.314,0.542,1.598
1.335,1.627,1.605,2.12,1.878,0.313,0.542,1.597
1.334,1.626,1.606,2.119,1.878,0.313,0.542,1.596
1.334,1.625,1.606,2.119,1.877,0.313,0.542,1.596
1.333,1.625,1.606,2.119,1.877,0.313,0.542,1.595
1.333,1.624,1.606,2.119,1.876,0.312,0.542,1.594
1.332,1.623,1.607,2.119,1.876,0.312,0.542,1.594
1.331,1.622,1.607,2.118,1.875,0.312,0.542,1.593
1.331,1.621,1.607,2.118,1.875,0.311,0.542,1.593
1.33,1.621,1.607,2.118,1.874,0.311,0.542,1.592
1.329,1.62,1.608,2.117,1.874,0.311,0.542,1.591
1.328,1.619,1.608,2.117,1.873,0.31,0.542,1.59
1.328,1.618,1.608,2.117,1.873,0.31,0.542,1.59
1.327,1.617,1.608,2.116,1.872,0.31,0.542,1.589
1.326,1.616,1.608,2.116,1.872,0.31,0.542,1.589
1.326,1.616,1.609,2.116,1.871,0.309,0.542,1.588
1.325,1.615,1.609,2.115,1.871,0.309,0.542,1.588
1.324,1.614,1.609,2.115,1.87,0.309,0.542,1.587
1.324,1.613,1.609,2.115,1.87,0.308,0.542,1.586
1.323,1.612,1.61,2.114,1.869,0.308,0.542,1.585
1.322,1.612,1.61,2.114,1.868,0.308,0.542,1.585
1.322,1.611,1.61,2.114,1.868,0.307,0.542,1.584
1.321,1.61,1.61,2.114,1.867,0.307,0.542,1.584
1.32,1.609,1.61,2.113,1.867,0.307,0.542,1.583
1.32,1.608,1.611,2.113,1.867,0.307,0.542,1.582
1.319,1.607,1.611,2.113,1.866,0.306,0.542,1.582
1.318,1.607,1.611,2.112,1.865,0.306,0.542,1.581
1.317,1.606,1.611,2.112,1.865,0.306,0.542,1.581
1.317,1.605,1.611,2.112,1.864,0.305,0.541,1.58
1.316,1.604,1.611,2.111,1.864,0.305,0.541,1.579
1.315,1.603,1.612,2.111,1.863,0.305,0.541,1.579
1.315,1.602,1.612,2.111,1.862,0.304,0.541,1.578
1.314,1.602,1.612,2.111,1.862,0.304,0.541,1.577
1.313,1.601,1.612,2.11,1.861,0.304,0.541,1.577
1.313,1.6,1.612,2.11,1.861,0.304,0.542,1.576
1.312,1.599,1.613,2.11,1.86,0.303,0.541,1.576
1.311,1.599,1.613,2.11,1.86,0.303,0.541,1.575
1.311,1.598,1.613,2.109,1.86,0.303,0.541,1.574
1.31,1.597,1.613,2.109,1.859,0.302,0.541,1.574
1.309,1.596,1.614,2.108,1.859,0.302,0.541,1.573
1.309,1.595,1.614,2.108,1.858,0.302,0.541,1.572
1.308,1.595,1.614,2.108,1.858,0.302,0.541,1.572
1.307,1.594,1.614,2.108,1.857,0.301,0.541,1.571
1.307,1.593,1.615,2.107,1.856,0.301,0.541,1.57
1.306,1.592,1.614,2.107,1.856,0.301,0.541,1.57
1.305,1.592,1.615,2.107,1.855,0.3,0.541,1.569
1.305,1.591,1.615,2.107,1.855,0.3,0.541,1.569
1.304,1.59,1.615,2.106,1.855,0.3,0.541,1.568
1.303,1.589,1.616,2.106,1.854,0.299,0.541,1.567
1.303,1.589,1.616,2.106,1.853,0.299,0.541,1.567
1.302,1.588,1.616,2.105,1.853,0.299,0.541,1.566
1.301,1.587,1.616,2.105,1.853,0.299,0.541,1.566
1.3,1.586,1.616,2.104,1.852,0.298,0.541,1.565
1.3,1.585,1.616,2.104,1.851,0.298,0.541,1.564
1.299,1.585,1.617,2.104,1.851,0.298,0.541,1.564
1.298,1.584,1.617,2.104,1.85,0.297,0.541,1.563
1.298,1.583,1.617,2.103,1.85,0.297,0.541,1.562
1.297,1.582,1.617,2.103,1.849,0.297,0.541,1.562
1.296,1.581,1.617,2.103,1.849,0.297,0.541,1.561
1.296,1.581,1.618,2.102,1.848,0.296,0.541,1.561
1.295,1.58,1.618,2.102,1.847,0.296,0.541,1.56
1.294,1.579,1.618,2.102,1.847,0.296,0.541,1.559
1.294,1.578,1.618,2.102,1.846,0.296,0.541,1.559
1.293,1.578,1.618,2.101,1.846,0.295,0.541,1.558
1.292,1.577,1.618,2.101,1.846,0.295,0.541,1.557
1.292,1.576,1.619,2.101,1.845,0.295,0.541,1.557
1.291,1.575,1.619,2.1,1.844,0.294,0.54,1.556
1.29,1.574,1.619,2.1,1.844,0.294,0.541,1.556
1.29,1.574,1.62,2.1,1.843,0.294,0.541,1.555
1.289,1.573,1.62,2.099,1.843,0.294,0.541,1.555
1.288,1.572,1.62,2.099,1.843,0.293,0.541,1.554
1.288,1.571,1.62,2.099,1.842,0.293,0.54,1.553
1.287,1.571,1.62,2.098,1.841,0.293,0.54,1.552
1.286,1.57,1.62,2.098,1.841,0.292,0.54,1.552
1.286,1.569,1.62,2.098,1.84,0.292,0.541,1.552
1.285,1.568,1.621,2.097,1.84,0.292,0.54,1.55
1.284,1.568,1.621,2.097,1.839,0.292,0.541,1.55
1.284,1.567,1.621,2.097,1.839,0.291,0.54,1.549
1.283,1.566,1.621,2.096,1.838,0.291,0.54,1.548
1.282,1.565,1.621,2.096,1.838,0.291,0.54,1.548
1.282,1.565,1.621,2.096,1.838,0.291,0.54,1.547
1.281,1.564,1.622,2.096,1.837,0.29,0.54,1.547
1.28,1.563,1.622,2.096,1.836,0.29,0.54,1.547
1.28,1.562,1.622,2.095,1.836,0.29,0.54,1.546
1.279,1.561,1.622,2.095,1.835,0.289,0.54,1.545
1.278,1.561,1.622,2.094,1.835,0.289,0.54,1.544
1.278,1.56,1.622,2.095,1.834,0.289,0.54,1.544
1.277,1.559,1.623,2.094,1.834,0.289,0.54,1.544
1.276,1.558,1.623,2.094,1.834,0.288,0.54,1.543
1.276,1.558,1.623,2.093,1.833,0.288,0.54,1.542
1.275,1.557,1.623,2.093,1.832,0.288,0.54,1.542
1.274,1.556,1.623,2.093,1.832,0.288,0.54,1.541
1.274,1.556,1.623,2.092,1.831,0.287,0.54,1.54
1.273,1.555,1.624,2.092,1.831,0.287,0.54,1.54
1.273,1.554,1.624,2.092,1.83,0.287,0.54,1.54
1.272,1.553,1.624,2.092,1.83,0.286,0.54,1.539
1.271,1.553,1.624,2.091,1.83,0.286,0.54,1.538
1.271,1.552,1.625,2.091,1.829,0.286,0.54,1.537
1.27,1.551,1.624,2.091,1.828,0.286,0.54,1.537
1.269,1.55,1.624,2.09,1.828,0.285,0.54,1.537
1.268,1.549,1.625,2.09,1.827,0.285,0.54,1.536
1.268,1.549,1.625,2.09,1.827,0.285,0.54,1.535
1.267,1.548,1.625,2.089,1.826,0.284,0.54,1.535
1.266,1.547,1.625,2.089,1.826,0.284,0.54,1.534
1.266,1.547,1.626,2.089,1.826,0.284,0.54,1.534
1.265,1.546,1.626,2.089,1.825,0.284,0.54,1.533
1.265,1.545,1.626,2.088,1.825,0.284,0.54,1.532
1.264,1.544,1.626,2.088,1.824,0.283,0.54,1.532
1.263,1.544,1.626,2.088,1.824,0.283,0.54,1.531
1.262,1.543,1.626,2.087,1.823,0.283,0.539,1.53
1.262,1.542,1.626,2.087,1.822,0.282,0.539,1.53
1.261,1.541,1.626,2.086,1.822,0.282,0.539,1.529
1.26,1.54,1.626,2.086,1.821,0.282,0.539,1.529
1.26,1.54,1.626,2.086,1.821,0.282,0.539,1.528
1.259,1.539,1.627,2.086,1.82,0.281,0.539,1.528
1.258,1.538,1.627,2.085,1.82,0.281,0.539,1.527
1.257,1.538,1.627,2.085,1.819,0.281,0.539,1.526
1.257,1.537,1.627,2.084,1.819,0.281,0.539,1.526
1.256,1.536,1.627,2.084,1.818,0.28,0.539,1.526
1.256,1.535,1.627,2.084,1.818,0.28,0.539,1.525
1.255,1.534,1.628,2.084,1.817,0.28,0.539,1.524
1.254,1.534,1.628,2.083,1.817,0.28,0.539,1.524
1.254,1.533,1.628,2.083,1.816,0.279,0.539,1.523
1.253,1.532,1.628,2.083,1.816,0.279,0.539,1.523
1.253,1.532,1.628,2.083,1.815,0.279,0.539,1.522
1.252,1.531,1.628,2.082,1.815,0.279,0.539,1.521
1.251,1.53,1.628,2.082,1.815,0.278,0.539,1.52
1.251,1.53,1.629,2.082,1.814,0.278,0.539,1.52
1.25,1.529,1.629,2.081,1.814,0.278,0.539,1.52
1.249,1.528,1.629,2.081,1.813,0.277,0.539,1.519
1.249,1.528,1.629,2.081,1.812,0.277,0.539,1.518
1.248,1.527,1.629,2.081,1.812,0.277,0.539,1.518
1.247,1.526,1.629,2.08,1.812,0.277,0.538,1.517
1.247,1.525,1.63,2.08,1.811,0.276,0.538,1.517
1.246,1.525,1.629,2.08,1.811,0.276,0.539,1.516
1.246,1.524,1.63,2.079,1.81,0.276,0.538,1.516
1.245,1.523,1.63,2.079,1.81,0.276,0.538,1.515
1.244,1.523,1.63,2.079,1.809,0.276,0.538,1.514
1.244,1.522,1.63,2.079,1.809,0.275,0.538,1.514
1.243,1.522,1.63,2.079,1.808,0.275,0.538,1.514
1.242,1.521,1.63,2.078,1.808,0.275,0.538,1.513
1.242,1.52,1.631,2.078,1.807,0.275,0.538,1.512
1.241,1.519,1.631,2.077,1.807,0.274,0.538,1.512
1.24,1.518,1.631,2.077,1.806,0.274,0.538,1.512
1.24,1.518,1.631,2.077,1.806,0.274,0.538,1.511
1.239,1.517,1.631,2.077,1.805,0.274,0.538,1.51
1.238,1.517,1.632,2.076,1.805,0.273,0.538,1.51
1.238,1.516,1.631,2.076,1.805,0.273,0.538,1.509
1.237,1.515,1.632,2.076,1.804,0.273,0.538,1.509
1.237,1.515,1.632,2.076,1.804,0.273,0.538,1.509
1.236,1.514,1.632,2.075,1.803,0.272,0.538,1.508
1.235,1.513,1.632,2.075,1.803,0.272,0.538,1.507
1.235,1.513,1.632,2.075,1.803,0.272,0.538,1.507
1.234,1.512,1.632,2.075,1.802,0.272,0.538,1.506
1.233,1.511,1.633,2.074,1.802,0.271,0.538,1.506
1.233,1.51,1.633,2.074,1.801,0.271,0.538,1.505
1.232,1.51,1.633,2.073,1.8,0.271,0.538,1.505
1.231,1.509,1.633,2.073,1.8,0.271,0.538,1.504
1.231,1.509,1.633,2.073,1.8,0.271,0.538,1.503
1.23,1.508,1.633,2.073,1.799,0.27,0.538,1.503
1.229,1.507,1.633,2.072,1.799,0.27,0.538,1.502
1.229,1.507,1.633,2.072,1.798,0.27,0.538,1.502
1.228,1.506,1.633,2.072,1.798,0.27,0.537,1.501
1.228,1.505,1.634,2.072,1.798,0.269,0.537,1.501
1.227,1.505,1.634,2.071,1.797,0.269,0.537,1.5
1.226,1.504,1.634,2.071,1.796,0.269,0.537,1.5
1.226,1.503,1.634,2.07,1.796,0.269,0.537,1.499
1.225,1.502,1.634,2.071,1.796,0.268,0.537,1.499
1.225,1.502,1.634,2.07,1.795,0.268,0.537,1.498
1.224,1.501,1.634,2.07,1.795,0.268,0.537,1.498
1.223,1.501,1.635,2.07,1.794,0.268,0.537,1.497
1.223,1.5,1.634,2.069,1.794,0.268,0.537,1.496
1.222,1.499,1.635,2.069,1.793,0.267,0.537,1.496
1.222,1.499,1.635,2.069,1.793,0.267,0.537,1.496
1.221,1.498,1.635,2.069,1.792,0.267,0.537,1.495
1.22,1.497,1.635,2.068,1.792,0.267,0.537,1.494
1.22,1.497,1.635,2.068,1.792,0.266,0.537,1.493
1.219,1.496,1.636,2.068,1.791,0.266,0.537,1.493
1.218,1.496,1.636,2.068,1.791,0.266,0.537,1.493
1.218,1.495,1.635,2.067,1.79,0.266,0.537,1.492
1.217,1.495,1.636,2.067,1.79,0.265,0.537,1.492
1.217,1.494,1.636,2.067,1.79,0.265,0.537,1.491
1.216,1.493,1.636,2.066,1.789,0.265,0.537,1.491
1.215,1.493,1.636,2.066,1.789,0.265,0.537,1.49
1.215,1.492,1.636,2.066,1.788,0.265,0.537,1.49
1.214,1.491,1.636,2.066,1.788,0.264,0.536,1.49
1.214,1.491,1.637,2.065,1.787,0.264,0.537,1.489
1.213,1.49,1.637,2.065,1.787,0.264,0.536,1.488
1.212,1.489,1.636,2.065,1.786,0.264,0.536,1.488
1.212,1.489,1.637,2.065,1.786,0.263,0.536,1.487
1.211,1.488,1.637,2.064,1.786,0.263,0.536,1.487
1.21,1.488,1.637,2.064,1.785,0.263,0.536,1.486
1.21,1.487,1.637,2.064,1.785,0.263,0.536,1.486
1.209,1.486,1.638,2.064,1.784,0.263,0.536,1.485
1.209,1.486,1.637,2.063,1.784,0.262,0.536,1.485
1.208,1.485,1.638,2.063,1.784,0.262,0.536,1.484
1.208,1.484,1.638,2.063,1.783,0.262,0.536,1.483
1.207,1.484,1.638,2.062,1.783,0.262,0.536,1.483
1.206,1.483,1.638,2.062,1.782,0.262,0.536,1.483
1.206,1.483,1.638,2.062,1.782,0.262,0.536,1.482
1.205,1.482,1.638,2.062,1.781,0.261,0.536,1.482
1.204,1.481,1.638,2.061,1.781,0.261,0.536,1.481
1.204,1.481,1.638,2.061,1.78,0.261,0.536,1.481
1.203,1.48,1.638,2.061,1.78,0.261,0.536,1.48
1.203,1.479,1.638,2.061,1.779,0.26,0.536,1.479
1.202,1.479,1.639,2.06,1.779,0.26,0.536,1.479
1.201,1.478,1.638,2.06,1.778,0.26,0.536,1.478
1.201,1.478,1.639,2.06,1.778,0.26,0.536,1.478
1.2,1.477,1.639,2.059,1.778,0.259,0.536,1.478
1.2,1.477,1.639,2.059,1.777,0.259,0.536,1.477
1.199,1.476,1.639,2.059,1.777,0.259,0.536,1.476
1.198,1.475,1.639,2.059,1.776,0.259,0.535,1.476
1.198,1.475,1.639,2.058,1.776,0.258,0.535,1.475
1.197,1.474,1.639,2.058,1.775,0.258,0.535,1.475
1.196,1.474,1.639,2.058,1.775,0.258,0.535,1.474
1.196,1.473,1.64,2.058,1.775,0.258,0.535,1.474
1.195,1.472,1.64,2.057,1.774,0.258,0.535,1.473
1.195,1.472,1.64,2.057,1.774,0.257,0.535,1.473
1.194,1.471,1.64,2.057,1.774,0.257,0.535,1.472
1.194,1.471,1.64,2.056,1.773,0.257,0.535,1.471
1.193,1.47,1.64,2.056,1.773,0.257,0.535,1.471
1.193,1.469,1.64,2.056,1.772,0.257,0.535,1.471
1.192,1.469,1.64,2.056,1.772,0.256,0.535,1.47
1.191,1.468,1.64,2.055,1.771,0.256,0.535,1.47
1.191,1.468,1.64,2.055,1.771,0.256,0.535,1.469
1.19,1.467,1.641,2.055,1.77,0.256,0.535,1.469
1.19,1.466,1.641,2.055,1.77,0.256,0.535,1.469
1.189,1.466,1.641,2.055,1.77,0.256,0.535,1.468
1.189,1.465,1.641,2.054,1.769,0.255,0.535,1.468
1.188,1.465,1.641,2.054,1.769,0.255,0.535,1.467
1.187,1.464,1.641,2.054,1.769,0.255,0.535,1.467
1.186,1.464,1.641,2.053,1.768,0.255,0.535,1.466
1.186,1.463,1.641,2.053,1.767,0.255,0.535,1.466
1.186,1.462,1.642,2.053,1.767,0.254,0.535,1.465
1.185,1.462,1.642,2.053,1.767,0.254,0.535,1.464
1.184,1.461,1.642,2.052,1.766,0.254,0.535,1.464
1.184,1.461,1.642,2.052,1.766,0.254,0.534,1.463
1.183,1.46,1.642,2.052,1.766,0.254,0.534,1.463
1.183,1.459,1.642,2.051,1.765,0.253,0.534,1.462
1.182,1.459,1.642,2.051,1.765,0.253,0.534,1.462
1.181,1.458,1.642,2.051,1.764,0.253,0.534,1.462
1.181,1.458,1.642,2.051,1.764,0.253,0.534,1.461
1.18,1.457,1.642,2.05,1.763,0.253,0.534,1.46
1.18,1.457,1.642,2.05,1.763,0.252,0.534,1.46
1.179,1.456,1.642,2.05,1.763,0.252,0.534,1.46
1.179,1.455,1.643,2.05,1.762,0.252,0.534,1.459
1.178,1.455,1.643,2.049,1.762,0.252,0.534,1.459
1.177,1.454,1.643,2.049,1.761,0.252,0.534,1.458
1.177,1.454,1.643,2.049,1.761,0.251,0.534,1.458
1.176,1.453,1.643,2.048,1.761,0.251,0.534,1.457
1.176,1.453,1.643,2.048,1.76,0.251,0.534,1.457
1.175,1.452,1.643,2.048,1.76,0.251,0.534,1.456
1.175,1.451,1.643,2.048,1.759,0.251,0.534,1.456
1.174,1.451,1.643,2.047,1.759,0.251,0.534,1.455
1.173,1.45,1.643,2.047,1.759,0.25,0.534,1.455
1.173,1.45,1.643,2.047,1.758,0.25,0.534,1.454
1.172,1.449,1.644,2.047,1.758,0.25,0.534,1.454
1.172,1.449,1.644,2.047,1.758,0.25,0.534,1.453
1.171,1.448,1.644,2.047,1.757,0.249,0.534,1.453
1.171,1.448,1.644,2.046,1.757,0.249,0.534,1.453
1.17,1.447,1.644,2.046,1.756,0.249,0.534,1.452
1.17,1.446,1.644,2.046,1.756,0.249,0.533,1.452
1.169,1.446,1.644,2.046,1.756,0.249,0.533,1.451
1.168,1.445,1.644,2.045,1.755,0.249,0.533,1.451
1.168,1.445,1.645,2.045,1.754,0.248,0.533,1.45
1.167,1.444,1.645,2.045,1.754,0.248,0.533,1.45
1.167,1.444,1.645,2.044,1.754,0.248,0.533,1.449
1.166,1.443,1.645,2.044,1.754,0.248,0.533,1.449
1.166,1.443,1.645,2.044,1.753,0.248,0.533,1.448
1.165,1.442,1.645,2.044,1.753,0.248,0.533,1.448
1.165,1.442,1.645,2.043,1.752,0.247,0.533,1.447
1.164,1.441,1.645,2.043,1.752,0.247,0.533,1.447
1.163,1.441,1.645,2.043,1.752,0.247,0.533,1.446
1.163,1.44,1.645,2.043,1.751,0.247,0.533,1.446
1.162,1.439,1.646,2.043,1.751,0.247,0.533,1.446
1.162,1.439,1.645,2.042,1.751,0.247,0.533,1.445
1.161,1.438,1.646,2.042,1.75,0.246,0.533,1.445
1.161,1.438,1.646,2.042,1.75,0.246,0.533,1.444
1.16,1.438,1.646,2.042,1.749,0.246,0.533,1.444
1.159,1.437,1.646,2.041,1.749,0.246,0.533,1.443
1.159,1.436,1.646,2.041,1.749,0.246,0.533,1.443
1.159,1.436,1.646,2.041,1.748,0.245,0.533,1.442
1.158,1.435,1.646,2.041,1.748,0.245,0.533,1.442
1.157,1.435,1.646,2.04,1.747,0.245,0.532,1.441
1.157,1.434,1.646,2.04,1.747,0.245,0.533,1.441
1.156,1.434,1.646,2.04,1.747,0.245,0.532,1.441
1.156,1.433,1.647,2.04,1.746,0.245,0.532,1.44
1.155,1.433,1.647,2.04,1.746,0.244,0.532,1.439
1.155,1.432,1.647,2.039,1.746,0.244,0.532,1.44
1.154,1.432,1.647,2.039,1.745,0.244,0.532,1.439
1.154,1.431,1.647,2.039,1.745,0.244,0.532,1.438
1.153,1.43,1.647,2.038,1.744,0.244,0.532,1.438
1.152,1.43,1.647,2.038,1.744,0.243,0.532,1.437
1.152,1.429,1.647,2.038,1.743,0.243,0.532,1.437
1.151,1.429,1.647,2.037,1.743,0.243,0.532,1.436
1.151,1.428,1.647,2.037,1.743,0.243,0.532,1.436
1.15,1.428,1.647,2.037,1.742,0.243,0.532,1.436
1.15,1.427,1.648,2.037,1.742,0.242,0.532,1.435
1.149,1.427,1.648,2.037,1.742,0.242,0.532,1.435
1.149,1.426,1.648,2.036,1.741,0.242,0.532,1.434
1.148,1.426,1.648,2.036,1.741,0.242,0.532,1.433
1.148,1.425,1.648,2.036,1.74,0.242,0.532,1.433
1.147,1.425,1.648,2.036,1.74,0.242,0.532,1.433
1.146,1.424,1.648,2.035,1.739,0.241,0.532,1.432
1.146,1.424,1.648,2.035,1.739,0.241,0.532,1.432
1.146,1.424,1.648,2.035,1.739,0.241,0.532,1.432
1.145,1.423,1.648,2.035,1.739,0.241,0.531,1.431
1.145,1.422,1.648,2.034,1.738,0.241,0.531,1.43
1.144,1.422,1.648,2.034,1.738,0.241,0.532,1.43
1.143,1.421,1.648,2.034,1.738,0.24,0.531,1.43
1.143,1.421,1.648,2.034,1.737,0.24,0.532,1.429
1.142,1.42,1.649,2.034,1.737,0.24,0.531,1.429
1.142,1.42,1.649,2.034,1.737,0.24,0.531,1.428
1.141,1.419,1.649,2.033,1.736,0.24,0.531,1.428
1.141,1.419,1.649,2.033,1.736,0.24,0.531,1.428
1.14,1.419,1.649,2.033,1.735,0.24,0.531,1.427
1.14,1.418,1.649,2.032,1.735,0.239,0.531,1.427
1.139,1.418,1.649,2.032,1.735,0.239,0.531,1.427
1.139,1.417,1.649,2.032,1.734,0.239,0.531,1.426
1.138,1.416,1.649,2.032,1.734,0.239,0.531,1.425
1.138,1.416,1.649,2.032,1.734,0.239,0.531,1.425
1.137,1.416,1.649,2.032,1.733,0.238,0.531,1.425
1.137,1.415,1.65,2.031,1.733,0.238,0.531,1.424
1.136,1.415,1.65,2.031,1.732,0.238,0.531,1.423
1.136,1.414,1.65,2.031,1.732,0.238,0.531,1.423
1.135,1.413,1.65,2.031,1.732,0.238,0.531,1.423
1.135,1.413,1.65,2.03,1.731,0.238,0.531,1.422
1.134,1.413,1.65,2.03,1.731,0.237,0.531,1.422
1.133,1.412,1.65,2.03,1.731,0.237,0.531,1.421
1.133,1.412,1.65,2.03,1.73,0.237,0.531,1.421
1.132,1.411,1.65,2.03,1.73,0.237,0.531,1.421
1.132,1.411,1.65,2.029,1.73,0.237,0.531,1.42
1.132,1.41,1.651,2.029,1.729,0.237,0.531,1.42
1.131,1.41,1.65,2.029,1.729,0.237,0.531,1.419
1.131,1.409,1.651,2.029,1.729,0.236,0.531,1.419
1.13,1.409,1.651,2.029,1.728,0.236,0.53,1.419
1.13,1.408,1.651,2.028,1.728,0.236,0.53,1.418
1.129,1.408,1.651,2.028,1.727,0.236,0.53,1.418
1.128,1.408,1.651,2.028,1.727,0.236,0.53,1.417
1.128,1.407,1.651,2.027,1.727,0.235,0.53,1.417
1.128,1.406,1.651,2.027,1.727,0.236,0.53,1.417
1.127,1.406,1.651,2.027,1.726,0.235,0.53,1.416
1.126,1.406,1.651,2.027,1.726,0.235,0.53,1.416
1.126,1.405,1.652,2.027,1.726,0.235,0.53,1.415
1.126,1.405,1.652,2.027,1.725,0.235,0.53,1.415
1.125,1.404,1.652,2.027,1.725,0.235,0.53,1.415
1.125,1.404,1.652,2.026,1.724,0.235,0.53,1.414
1.124,1.403,1.652,2.026,1.724,0.234,0.53,1.413
1.123,1.403,1.652,2.026,1.724,0.234,0.53,1.413
1.123,1.403,1.652,2.026,1.723,0.234,0.53,1.413
1.123,1.402,1.652,2.025,1.723,0.234,0.53,1.412
1.122,1.402,1.652,2.025,1.723,0.234,0.53,1.412
1.121,1.401,1.652,2.025,1.722,0.234,0.53,1.411
1.121,1.401,1.652,2.025,1.722,0.233,0.53,1.411
1.12,1.4,1.652,2.024,1.722,0.233,0.53,1.411
1.12,1.4,1.652,2.025,1.721,0.233,0.53,1.41
1.119,1.399,1.652,2.024,1.721,0.233,0.53,1.41
1.119,1.399,1.653,2.024,1.721,0.233,0.53,1.41
1.119,1.398,1.653,2.024,1.721,0.233,0.53,1.409
1.118,1.398,1.653,2.023,1.72,0.233,0.529,1.409
1.117,1.397,1.653,2.023,1.719,0.232,0.529,1.408
1.117,1.397,1.652,2.023,1.719,0.232,0.529,1.408
1.116,1.396,1.653,2.022,1.719,0.232,0.529,1.407
1.116,1.396,1.653,2.022,1.718,0.232,0.529,1.407
1.115,1.395,1.652,2.022,1.718,0.232,0.529,1.406
1.115,1.395,1.653,2.022,1.718,0.232,0.529,1.406
1.114,1.394,1.653,2.021,1.717,0.231,0.529,1.405
1.114,1.394,1.653,2.021,1.717,0.231,0.529,1.405
1.113,1.394,1.653,2.021,1.717,0.231,0.529,1.404
1.113,1.393,1.653,2.021,1.716,0.231,0.529,1.404
1.112,1.393,1.653,2.02,1.716,0.231,0.529,1.404
1.112,1.392,1.653,2.02,1.716,0.231,0.529,1.404
1.111,1.392,1.653,2.02,1.715,0.231,0.529,1.403
1.111,1.391,1.653,2.02,1.715,0.23,0.529,1.402
1.11,1.391,1.653,2.02,1.714,0.23,0.529,1.402
1.11,1.391,1.654,2.02,1.714,0.23,0.529,1.402
1.109,1.39,1.653,2.019,1.714,0.23,0.529,1.401
1.109,1.39,1.654,2.019,1.713,0.23,0.529,1.401
1.108,1.39,1.654,2.019,1.713,0.23,0.529,1.401
1.108,1.389,1.654,2.019,1.713,0.23,0.528,1.401
1.108,1.388,1.654,2.018,1.712,0.229,0.528,1.4
1.107,1.388,1.654,2.018,1.712,0.229,0.528,1.399
1.106,1.388,1.654,2.018,1.712,0.229,0.528,1.399
1.106,1.387,1.654,2.018,1.711,0.229,0.528,1.398
1.105,1.387,1.654,2.018,1.711,0.229,0.528,1.398
1.105,1.386,1.654,2.017,1.711,0.229,0.528,1.398
1.104,1.386,1.654,2.017,1.711,0.228,0.528,1.397
1.104,1.385,1.654,2.017,1.71,0.228,0.528,1.397
1.103,1.385,1.654,2.017,1.71,0.228,0.528,1.397
1.103,1.385,1.654,2.017,1.709,0.228,0.528,1.396
1.103,1.384,1.654,2.017,1.709,0.228,0.528,1.396
1.102,1.384,1.654,2.016,1.709,0.228,0.528,1.395
1.102,1.383,1.655,2.016,1.708,0.228,0.528,1.395
1.101,1.383,1.655,2.016,1.708,0.227,0.528,1.394
1.101,1.382,1.654,2.016,1.708,0.227,0.528,1.394
1.1,1.382,1.654,2.015,1.707,0.227,0.528,1.394
1.099,1.381,1.654,2.015,1.707,0.227,0.528,1.393
1.099,1.381,1.655,2.015,1.706,0.227,0.528,1.392
1.099,1.381,1.655,2.014,1.706,0.227,0.527,1.392
1.098,1.38,1.655,2.014,1.706,0.227,0.528,1.392
1.097,1.38,1.655,2.014,1.705,0.226,0.527,1.391
1.097,1.379,1.655,2.014,1.705,0.226,0.528,1.391
1.097,1.379,1.655,2.013,1.705,0.226,0.527,1.39
1.096,1.378,1.655,2.013,1.704,0.226,0.527,1.39
1.096,1.378,1.655,2.013,1.704,0.226,0.527,1.39
1.095,1.377,1.655,2.013,1.704,0.226,0.527,1.389
1.095,1.377,1.655,2.013,1.703,0.225,0.527,1.389
1.094,1.377,1.655,2.012,1.703,0.225,0.527,1.388
1.094,1.376,1.655,2.012,1.703,0.225,0.527,1.388
1.093,1.376,1.655,2.012,1.702,0.225,0.527,1.388
1.093,1.375,1.655,2.012,1.702,0.225,0.527,1.387
1.092,1.375,1.655,2.012,1.702,0.225,0.527,1.387
1.092,1.375,1.655,2.011,1.701,0.225,0.527,1.387
1.091,1.374,1.655,2.011,1.701,0.225,0.527,1.386
1.091,1.374,1.656,2.011,1.701,0.224,0.527,1.386
1.09,1.373,1.656,2.011,1.7,0.224,0.527,1.385
1.09,1.373,1.655,2.01,1.7,0.224,0.527,1.385
1.089,1.373,1.656,2.01,1.7,0.224,0.527,1.384
1.089,1.372,1.656,2.01,1.699,0.224,0.527,1.384
1.088,1.372,1.656,2.01,1.699,0.224,0.527,1.384
1.088,1.372,1.656,2.01,1.699,0.224,0.527,1.383
1.087,1.371,1.656,2.009,1.698,0.223,0.526,1.383
1.087,1.371,1.656,2.009,1.698,0.223,0.526,1.383
1.086,1.37,1.656,2.009,1.698,0.223,0.526,1.382
1.086,1.37,1.656,2.009,1.697,0.223,0.526,1.382
1.086,1.369,1.656,2.009,1.697,0.223,0.526,1.382
1.085,1.369,1.656,2.008,1.697,0.223,0.526,1.381
1.085,1.368,1.656,2.008,1.696,0.223,0.526,1.38
1.084,1.368,1.656,2.008,1.696,0.222,0.526,1.38
1.084,1.368,1.656,2.008,1.696,0.222,0.526,1.38
1.083,1.367,1.656,2.007,1.696,0.222,0.526,1.38
1.083,1.367,1.656,2.007,1.695,0.222,0.526,1.379
1.082,1.366,1.656,2.007,1.695,0.222,0.526,1.379
1.082,1.366,1.656,2.007,1.695,0.222,0.526,1.378
1.082,1.366,1.656,2.007,1.694,0.222,0.526,1.378
1.081,1.365,1.656,2.006,1.694,0.222,0.526,1.377
1.08,1.365,1.656,2.006,1.693,0.221,0.526,1.377
1.08,1.365,1.656,2.006,1.693,0.221,0.526,1.377
1.08,1.364,1.657,2.006,1.693,0.221,0.526,1.376
1.079,1.364,1.657,2.006,1.693,0.221,0.526,1.376
1.079,1.363,1.657,2.006,1.692,0.221,0.526,1.376
1.078,1.363,1.657,2.005,1.692,0.221,0.526,1.375
1.078,1.363,1.657,2.005,1.692,0.221,0.526,1.375
1.077,1.362,1.657,2.005,1.691,0.221,0.525,1.375
1.077,1.362,1.657,2.005,1.691,0.22,0.525,1.374
1.076,1.361,1.657,2.005,1.691,0.22,0.525,1.374
1.076,1.361,1.657,2.004,1.69,0.22,0.525,1.374
1.076,1.361,1.657,2.004,1.69,0.22,0.525,1.373
1.075,1.36,1.657,2.004,1.69,0.22,0.525,1.373
1.075,1.36,1.657,2.004,1.689,0.22,0.525,1.372
1.074,1.36,1.657,2.004,1.689,0.22,0.525,1.372
1.074,1.359,1.657,2.004,1.689,0.22,0.525,1.372
1.073,1.359,1.657,2.003,1.689,0.219,0.525,1.371
1.073,1.358,1.657,2.003,1.688,0.219,0.525,1.371
1.072,1.358,1.657,2.003,1.688,0.219,0.525,1.37
1.072,1.358,1.657,2.002,1.688,0.219,0.525,1.37
1.071,1.357,1.657,2.002,1.687,0.219,0.525,1.369
1.071,1.357,1.657,2.002,1.687,0.219,0.525,1.369
1.071,1.356,1.657,2.002,1.687,0.219,0.525,1.369
1.07,1.356,1.657,2.002,1.686,0.218,0.525,1.368
1.07,1.356,1.657,2.002,1.686,0.218,0.525,1.368
1.069,1.355,1.657,2.001,1.686,0.218,0.525,1.367
1.069,1.355,1.657,2.001,1.685,0.218,0.525,1.367
1.068,1.354,1.657,2.001,1.685,0.218,0.525,1.367
1.068,1.354,1.657,2.0,1.685,0.218,0.524,1.366
1.067,1.354,1.657,2.0,1.684,0.218,0.524,1.366
1.067,1.353,1.658,2.0,1.684,0.217,0.524,1.366
1.067,1.353,1.658,2.0,1.684,0.217,0.524,1.366
1.066,1.352,1.658,2.0,1.683,0.217,0.524,1.365
1.065,1.352,1.658,2.0,1.683,0.217,0.524,1.365
1.065,1.352,1.658,1.999,1.683,0.217,0.524,1.364
1.065,1.351,1.658,1.999,1.682,0.217,0.524,1.364
1.064,1.351,1.658,1.999,1.682,0.217,0.524,1.364
1.064,1.351,1.658,1.999,1.682,0.217,0.524,1.363
1.063,1.35,1.658,1.999,1.682,0.217,0.524,1.363
1.063,1.35,1.658,1.999,1.681,0.216,0.524,1.362
1.063,1.349,1.658,1.999,1.681,0.216,0.524,1.362
1.062,1.349,1.658,1.998,1.681,0.216,0.524,1.362
1.062,1.349,1.658,1.998,1.681,0.216,0.524,1.361
1.061,1.349,1.658,1.998,1.68,0.216,0.524,1.361
1.061,1.348,1.658,1.998,1.68,0.216,0.524,1.361
1.061,1.348,1.658,1.997,1.68,0.216,0.524,1.36
1.06,1.348,1.658,1.997,1.679,0.216,0.524,1.36
1.06,1.347,1.658,1.997,1.679,0.215,0.524,1.36
1.059,1.346,1.659,1.997,1.679,0.215,0.524,1.359
1.059,1.346,1.658,1.997,1.678,0.215,0.524,1.359
1.058,1.346,1.658,1.996,1.678,0.215,0.524,1.358
1.058,1.345,1.658,1.996,1.678,0.215,0.523,1.358
1.057,1.345,1.658,1.996,1.677,0.215,0.523,1.358
1.057,1.345,1.658,1.996,1.677,0.215,0.523,1.357
1.056,1.344,1.658,1.996,1.676,0.215,0.523,1.357
1.056,1.344,1.659,1.995,1.676,0.214,0.523,1.357
1.056,1.344,1.659,1.995,1.676,0.214,0.523,1.356
1.055,1.343,1.658,1.995,1.676,0.214,0.523,1.356
1.055,1.343,1.659,1.995,1.676,0.214,0.523,1.355
1.054,1.342,1.659,1.995,1.675,0.214,0.523,1.355
1.054,1.342,1.659,1.994,1.675,0.214,0.523,1.355
1.053,1.342,1.659,1.994,1.675,0.214,0.523,1.354
1.053,1.342,1.659,1.994,1.674,0.214,0.523,1.354
1.053,1.341,1.659,1.994,1.674,0.214,0.523,1.354
1.052,1.341,1.659,1.994,1.674,0.214,0.523,1.353
1.052,1.34,1.659,1.993,1.673,0.213,0.523,1.353
1.051,1.34,1.659,1.993,1.673,0.213,0.523,1.353
1.051,1.34,1.659,1.993,1.673,0.213,0.523,1.353
1.051,1.339,1.659,1.993,1.673,0.213,0.523,1.352
1.05,1.339,1.659,1.993,1.672,0.213,0.523,1.351
1.05,1.338,1.659,1.992,1.672,0.213,0.523,1.351
1.049,1.338,1.659,1.992,1.672,0.213,0.523,1.351
1.049,1.338,1.659,1.992,1.671,0.213,0.522,1.35
1.048,1.337,1.659,1.992,1.671,0.212,0.522,1.35
1.048,1.337,1.659,1.992,1.67,0.212,0.522,1.349
1.048,1.337,1.659,1.991,1.67,0.212,0.522,1.35
1.047,1.336,1.659,1.991,1.67,0.212,0.522,1.349
1.047,1.336,1.659,1.991,1.67,0.212,0.522,1.349
1.046,1.336,1.659,1.991,1.67,0.212,0.522,1.348
1.046,1.335,1.659,1.991,1.669,0.212,0.522,1.348
1.045,1.335,1.659,1.99,1.669,0.212,0.522,1.348
1.045,1.335,1.659,1.99,1.668,0.212,0.522,1.348
1.045,1.334,1.659,1.99,1.668,0.211,0.522,1.347
1.044,1.334,1.659,1.99,1.668,0.211,0.522,1.346
1.044,1.333,1.659,1.99,1.668,0.211,0.522,1.346
1.043,1.333,1.659,1.99,1.667,0.211,0.522,1.346
1.043,1.333,1.659,1.99,1.667,0.211,0.522,1.345
1.043,1.333,1.659,1.989,1.667,0.211,0.522,1.345
1.042,1.332,1.66,1.989,1.666,0.21,0.522,1.345
1.042,1.332,1.659,1.989,1.666,0.21,0.522,1.344
1.041,1.331,1.659,1.989,1.666,0.211,0.522,1.344
1.041,1.331,1.659,1.988,1.666,0.21,0.521,1.344
1.04,1.331,1.659,1.988,1.665,0.21,0.521,1.343
1.04,1.33,1.659,1.988,1.665,0.21,0.521,1.343
1.04,1.33,1.659,1.988,1.665,0.21,0.521,1.343
1.039,1.33,1.659,1.988,1.664,0.21,0.521,1.342
1.039,1.329,1.66,1.987,1.664,0.21,0.521,1.342
1.038,1.329,1.66,1.987,1.664,0.209,0.521,1.342
1.038,1.329,1.659,1.987,1.664,0.21,0.521,1.341
1.037,1.328,1.659,1.987,1.663,0.209,0.521,1.341
1.037,1.328,1.66,1.987,1.663,0.209,0.521,1.341
1.037,1.328,1.66,1.987,1.663,0.209,0.521,1.341
1.036,1.328,1.66,1.986,1.662,0.209,0.521,1.34
1.036,1.327,1.66,1.986,1.662,0.209,0.521,1.34
1.036,1.327,1.66,1.986,1.662,0.209,0.521,1.339
1.035,1.326,1.66,1.986,1.662,0.209,0.521,1.339
1.035,1.326,1.66,1.986,1.661,0.209,0.521,1.338
1.034,1.326,1.66,1.986,1.661,0.209,0.521,1.338
1.034,1.326,1.66,1.986,1.661,0.208,0.521,1.338
1.034,1.325,1.66,1.985,1.661,0.208,0.521,1.338
1.033,1.325,1.66,1.985,1.661,0.208,0.521,1.337
1.033,1.324,1.66,1.985,1.66,0.208,0.521,1.337
1.032,1.324,1.661,1.985,1.66,0.208,0.521,1.337
1.032,1.324,1.66,1.985,1.66,0.208,0.52,1.336
1.032,1.323,1.66,1.984,1.659,0.208,0.521,1.336
1.031,1.323,1.66,1.984,1.659,0.208,0.52,1.335
1.031,1.323,1.66,1.984,1.658,0.208,0.521,1.335
1.03,1.322,1.66,1.984,1.658,0.208,0.52,1.335
1.03,1.322,1.66,1.984,1.658,0.207,0.52,1.335
1.03,1.322,1.661,1.983,1.658,0.207,0.52,1.335
1.029,1.321,1.66,1.983,1.658,0.207,0.52,1.334
1.029,1.321,1.66,1.983,1.657,0.207,0.52,1.334
1.028,1.321,1.66,1.983,1.657,0.207,0.52,1.334
1.028,1.321,1.661,1.983,1.657,0.207,0.52,1.333
1.028,1.32,1.661,1.983,1.657,0.207,0.52,1.332
1.027,1.32,1.66,1.983,1.656,0.207,0.52,1.332
1.027,1.32,1.661,1.982,1.656,0.206,0.52,1.332
1.027,1.319,1.661,1.982,1.656,0.206,0.52,1.332
1.026,1.319,1.661,1.982,1.655,0.206,0.52,1.331
1.026,1.319,1.661,1.982,1.655,0.206,0.52,1.331
1.025,1.318,1.66,1.982,1.655,0.206,0.52,1.331
1.025,1.318,1.661,1.982,1.655,0.206,0.52,1.33
1.025,1.318,1.661,1.981,1.654,0.206,0.52,1.33
1.024,1.317,1.661,1.981,1.654,0.206,0.52,1.33
1.024,1.317,1.661,1.981,1.654,0.206,0.52,1.329
1.023,1.317,1.661,1.981,1.653,0.205,0.519,1.329
1.023,1.316,1.661,1.981,1.653,0.205,0.52,1.328
1.023,1.316,1.661,1.981,1.653,0.205,0.519,1.328
1.022,1.316,1.661,1.98,1.653,0.205,0.519,1.328
1.022,1.315,1.661,1.98,1.652,0.205,0.519,1.328
1.021,1.315,1.661,1.98,1.652,0.205,0.519,1.328
1.021,1.315,1.661,1.98,1.652,0.205,0.519,1.327
1.021,1.315,1.661,1.98,1.651,0.205,0.519,1.327
1.02,1.314,1.661,1.979,1.651,0.205,0.519,1.326
1.02,1.314,1.661,1.979,1.651,0.205,0.519,1.326
1.02,1.314,1.661,1.979,1.651,0.204,0.519,1.326
1.019,1.313,1.661,1.979,1.65,0.204,0.519,1.325
1.019,1.313,1.661,1.979,1.65,0.204,0.519,1.325
1.018,1.313,1.661,1.979,1.65,0.204,0.519,1.325
1.018,1.312,1.661,1.978,1.65,0.204,0.519,1.324
1.018,1.312,1.661,1.978,1.65,0.204,0.519,1.324
1.017,1.312,1.661,1.978,1.649,0.204,0.519,1.324
1.017,1.311,1.661,1.978,1.649,0.204,0.519,1.323
1.017,1.311,1.661,1.978,1.649,0.204,0.519,1.323
1.016,1.311,1.661,1.978,1.648,0.204,0.519,1.323
1.016,1.311,1.661,1.978,1.648,0.204,0.519,1.322
1.015,1.31,1.661,1.977,1.648,0.203,0.518,1.322
1.015,1.31,1.661,1.977,1.647,0.203,0.519,1.322
1.015,1.31,1.661,1.977,1.647,0.203,0.518,1.321
1.014,1.309,1.661,1.977,1.647,0.203,0.519,1.322
1.014,1.309,1.661,1.977,1.647,0.203,0.519,1.321
1.014,1.309,1.661,1.977,1.647,0.203,0.518,1.321
1.013,1.308,1.661,1.977,1.646,0.203,0.518,1.32
1.013,1.308,1.661,1.976,1.646,0.203,0.518,1.32
1.012,1.308,1.662,1.976,1.646,0.203,0.518,1.32
1.012,1.308,1.661,1.976,1.645,0.202,0.518,1.319
1.012,1.307,1.661,1.976,1.645,0.203,0.518,1.319
1.011,1.307,1.661,1.976,1.645,0.202,0.518,1.319
1.011,1.307,1.662,1.975,1.644,0.202,0.518,1.318
1.011,1.306,1.662,1.975,1.644,0.202,0.518,1.318
1.01,1.306,1.661,1.975,1.644,0.202,0.518,1.317
1.01,1.306,1.662,1.975,1.644,0.202,0.518,1.317
1.01,1.305,1.661,1.975,1.644,0.202,0.518,1.317
1.009,1.305,1.661,1.974,1.643,0.202,0.518,1.316
1.009,1.305,1.662,1.974,1.643,0.202,0.518,1.316
1.008,1.305,1.661,1.974,1.643,0.202,0.518,1.316
1.008,1.304,1.661,1.974,1.643,0.202,0.518,1.315
1.008,1.304,1.662,1.974,1.642,0.201,0.518,1.316
1.007,1.304,1.662,1.974,1.642,0.201,0.518,1.315
1.007,1.303,1.662,1.974,1.642,0.201,0.518,1.315
1.007,1.303,1.662,1.973,1.642,0.201,0.518,1.314
1.006,1.303,1.662,1.973,1.641,0.201,0.518,1.314
1.006,1.302,1.662,1.973,1.641,0.201,0.517,1.314
1.005,1.302,1.662,1.973,1.641,0.201,0.517,1.313
1.005,1.302,1.662,1.973,1.64,0.201,0.517,1.313
1.005,1.301,1.662,1.972,1.64,0.201,0.517,1.313
1.004,1.301,1.662,1.972,1.64,0.201,0.517,1.312
1.004,1.301,1.662,1.972,1.639,0.2,0.517,1.312
1.003,1.301,1.662,1.972,1.639,0.2,0.517,1.312
1.003,1.3,1.662,1.972,1.639,0.2,0.517,1.311
1.003,1.3,1.662,1.971,1.639,0.2,0.517,1.311
1.002,1.3,1.662,1.971,1.638,0.2,0.517,1.311
1.002,1.299,1.662,1.971,1.638,0.2,0.517,1.311
1.002,1.299,1.661,1.971,1.638,0.2,0.517,1.31
1.001,1.299,1.662,1.971,1.638,0.2,0.517,1.31
1.001,1.299,1.662,1.971,1.638,0.2,0.517,1.31
1.0,1.298,1.662,1.971,1.637,0.2,0.517,1.309
1.0,1.298,1.662,1.97,1.637,0.199,0.517,1.309
1.0,1.298,1.662,1.97,1.637,0.199,0.517,1.309
0.999,1.298,1.662,1.971,1.637,0.199,0.517,1.308
0.999,1.297,1.662,1.97,1.636,0.199,0.517,1.308
0.999,1.297,1.662,1.97,1.636,0.199,0.517,1.308
0.998,1.297,1.662,1.97,1.636,0.199,0.516,1.307
0.998,1.296,1.662,1.97,1.635,0.199,0.516,1.307
0.998,1.296,1.662,1.97,1.635,0.199,0.516,1.306
0.997,1.296,1.662,1.969,1.635,0.199,0.516,1.306
0.997,1.296,1.662,1.969,1.635,0.199,0.516,1.306
0.997,1.295,1.662,1.969,1.634,0.199,0.516,1.306
0.996,1.295,1.662,1.969,1.634,0.199,0.516,1.306
0.996,1.295,1.662,1.969,1.634,0.198,0.516,1.305
0.996,1.294,1.662,1.968,1.634,0.198,0.516,1.305
0.995,1.294,1.662,1.969,1.634,0.198,0.516,1.305
0.995,1.294,1.662,1.968,1.633,0.198,0.516,1.304
0.994,1.293,1.662,1.968,1.633,0.198,0.516,1.304
0.994,1.293,1.662,1.968,1.633,0.198,0.516,1.304
0.994,1.293,1.662,1.968,1.632,0.198,0.516,1.303
0.993,1.293,1.662,1.968,1.632,0.198,0.516,1.303
0.993,1.292,1.662,1.967,1.632,0.198,0.516,1.303
0.993,1.292,1.662,1.967,1.632,0.198,0.516,1.302
0.992,1.292,1.662,1.967,1.632,0.197,0.516,1.302
0.992,1.292,1.662,1.967,1.631,0.197,0.516,1.302
0.992,1.291,1.662,1.967,1.631,0.197,0.516,1.302
0.991,1.291,1.662,1.967,1.631,0.197,0.516,1.302
0.991,1.291,1.662,1.967,1.631,0.197,0.515,1.301
0.991,1.291,1.662,1.966,1.63,0.197,0.516,1.301
0.99,1.29,1.662,1.966,1.63,0.197,0.515,1.301
0.99,1.29,1.662,1.966,1.63,0.197,0.515,1.3
0.99,1.29,1.662,1.966,1.63,0.197,0.515,1.3
0.989,1.29,1.662,1.966,1.629,0.197,0.515,1.299
0.989,1.289,1.662,1.966,1.629,0.197,0.515,1.299
0.989,1.289,1.662,1.965,1.629,0.196,0.515,1.299
0.988,1.289,1.662,1.965,1.629,0.196,0.515,1.299
0.988,1.289,1.662,1.965,1.628,0.196,0.515,1.298
0.988,1.288,1.662,1.965,1.628,0.196,0.515,1.298
0.987,1.288,1.662,1.965,1.628,0.196,0.515,1.298
0.987,1.288,1.662,1.965,1.628,0.196,0.515,1.297
0.987,1.288,1.662,1.965,1.628,0.196,0.515,1.297
0.986,1.287,1.662,1.965,1.628,0.196,0.515,1.297
0.986,1.287,1.662,1.965,1.627,0.196,0.515,1.297
0.986,1.287,1.662,1.964,1.627,0.196,0.515,1.296
0.985,1.286,1.662,1.964,1.626,0.196,0.515,1.296
0.985,1.286,1.662,1.964,1.626,0.196,0.515,1.296
0.985,1.286,1.662,1.964,1.626,0.195,0.515,1.295
0.984,1.286,1.662,1.964,1.626,0.195,0.515,1.295
0.984,1.285,1.662,1.963,1.625,0.195,0.515,1.295
0.984,1.285,1.662,1.963,1.625,0.195,0.515,1.295
0.983,1.285,1.662,1.963,1.625,0.195,0.515,1.294
0.983,1.284,1.662,1.963,1.625,0.195,0.514,1.294
0.983,1.284,1.662,1.962,1.624,0.195,0.514,1.294
0.982,1.284,1.662,1.962,1.624,0.195,0.514,1.293
0.982,1.284,1.662,1.962,1.624,0.195,0.514,1.293
0.981,1.283,1.662,1.962,1.624,0.195,0.514,1.293
0.981,1.283,1.662,1.962,1.624,0.195,0.514,1.292
0.981,1.283,1.662,1.962,1.623,0.194,0.514,1.292
0.981,1.283,1.662,1.961,1.623,0.194,0.514,1.292
0.98,1.282,1.662,1.962,1.623,0.194,0.514,1.292
0.98,1.282,1.662,1.961,1.622,0.194,0.514,1.291
0.979,1.282,1.662,1.961,1.622,0.194,0.514,1.291
0.979,1.281,1.662,1.961,1.622,0.194,0.514,1.291
0.979,1.281,1.662,1.961,1.622,0.194,0.514,1.29
0.979,1.281,1.662,1.961,1.622,0.194,0.514,1.29
0.978,1.281,1.662,1.961,1.621,0.194,0.514,1.29
0.978,1.281,1.662,1.961,1.621,0.194,0.514,1.29
0.978,1.28,1.662,1.96,1.621,0.194,0.514,1.289
0.977,1.28,1.662,1.96,1.621,0.194,0.514,1.289
0.977,1.28,1.662,1.96,1.62,0.194,0.514,1.288
0.977,1.28,1.662,1.96,1.62,0.193,0.514,1.288
0.976,1.279,1.662,1.96,1.62,0.193,0.514,1.288
0.976,1.279,1.662,1.96,1.62,0.193,0.514,1.288
0.975,1.279,1.662,1.959,1.619,0.193,0.513,1.288
0.975,1.279,1.662,1.959,1.619,0.193,0.513,1.287
0.975,1.278,1.662,1.959,1.619,0.193,0.513,1.287
0.975,1.278,1.662,1.959,1.619,0.193,0.513,1.287
0.974,1.278,1.662,1.958,1.618,0.193,0.513,1.286
0.974,1.277,1.662,1.958,1.618,0.193,0.513,1.286
0.973,1.277,1.662,1.958,1.618,0.193,0.513,1.285
0.973,1.277,1.662,1.958,1.618,0.193,0.513,1.285
0.973,1.277,1.662,1.958,1.617,0.193,0.513,1.285
0.972,1.276,1.662,1.958,1.617,0.192,0.513,1.285
0.972,1.276,1.662,1.958,1.617,0.192,0.513,1.284
0.972,1.276,1.662,1.957,1.617,0.192,0.513,1.284
0.972,1.276,1.662,1.958,1.616,0.192,0.513,1.284
0.971,1.275,1.662,1.957,1.616,0.192,0.513,1.284
0.971,1.275,1.662,1.957,1.616,0.192,0.513,1.284
0.971,1.275,1.662,1.957,1.616,0.192,0.513,1.283
0.97,1.275,1.662,1.957,1.616,0.192,0.513,1.283
0.97,1.274,1.662,1.957,1.615,0.192,0.513,1.283
0.97,1.274,1.662,1.956,1.615,0.192,0.513,1.282
0.969,1.274,1.662,1.956,1.615,0.192,0.512,1.282
0.969,1.274,1.662,1.956,1.615,0.192,0.513,1.282
0.969,1.273,1.662,1.956,1.614,0.192,0.512,1.281
0.968,1.273,1.662,1.956,1.614,0.191,0.512,1.281
0.968,1.273,1.662,1.956,1.614,0.191,0.512,1.281
0.968,1.273,1.662,1.956,1.614,0.191,0.512,1.28
0.967,1.272,1.662,1.956,1.613,0.191,0.512,1.28
0.967,1.272,1.662,1.956,1.613,0.191,0.512,1.28
0.967,1.272,1.662,1.955,1.613,0.191,0.512,1.279
0.966,1.272,1.662,1.955,1.613,0.191,0.512,1.279
0.966,1.271,1.662,1.955,1.612,0.191,0.512,1.279
0.966,1.271,1.662,1.955,1.612,0.191,0.512,1.279
0.965,1.271,1.662,1.955,1.612,0.191,0.512,1.279
0.965,1.271,1.662,1.954,1.612,0.191,0.512,1.278
0.965,1.271,1.662,1.954,1.612,0.191,0.512,1.278
0.964,1.27,1.662,1.954,1.611,0.191,0.512,1.278
0.964,1.27,1.662,1.954,1.611,0.19,0.512,1.278
0.964,1.27,1.662,1.954,1.611,0.19,0.512,1.277
0.964,1.27,1.662,1.954,1.611,0.19,0.512,1.277
0.963,1.269,1.662,1.954,1.61,0.19,0.512,1.277
0.963,1.269,1.662,1.953,1.61,0.19,0.512,1.276
0.963,1.269,1.662,1.953,1.61,0.19,0.512,1.276
0.962,1.269,1.662,1.953,1.61,0.19,0.512,1.276
0.962,1.268,1.662,1.953,1.609,0.19,0.512,1.276
0.962,1.268,1.662,1.953,1.609,0.19,0.512,1.275
0.962,1.268,1.662,1.953,1.609,0.19,0.512,1.275
0.961,1.268,1.662,1.953,1.609,0.19,0.512,1.275
0.961,1.268,1.662,1.953,1.609,0.19,0.512,1.275
0.961,1.267,1.663,1.953,1.608,0.19,0.511,1.274
0.96,1.267,1.662,1.952,1.608,0.19,0.511,1.274
0.96,1.267,1.662,1.952,1.608,0.189,0.511,1.274
0.96,1.267,1.662,1.952,1.608,0.189,0.511,1.273
0.959,1.266,1.662,1.952,1.608,0.189,0.511,1.273
0.959,1.266,1.662,1.952,1.608,0.189,0.511,1.273
0.959,1.266,1.663,1.952,1.607,0.189,0.511,1.272
0.958,1.266,1.662,1.951,1.607,0.189,0.511,1.273
0.958,1.265,1.662,1.952,1.607,0.189,0.511,1.272
0.958,1.265,1.662,1.951,1.606,0.189,0.511,1.272
0.957,1.265,1.662,1.951,1.607,0.189,0.511,1.272
0.957,1.265,1.662,1.951,1.606,0.189,0.511,1.271
0.957,1.265,1.662,1.951,1.606,0.189,0.511,1.271
0.957,1.264,1.662,1.951,1.606,0.189,0.511,1.271
0.956,1.264,1.662,1.951,1.605,0.188,0.511,1.271
0.956,1.264,1.662,1.95,1.605,0.188,0.511,1.27
0.956,1.264,1.662,1.95,1.605,0.188,0.511,1.27
0.955,1.263,1.662,1.95,1.605,0.188,0.511,1.27
0.955,1.263,1.662,1.95,1.604,0.188,0.511,1.27
0.955,1.263,1.662,1.95,1.604,0.188,0.511,1.269
0.955,1.263,1.662,1.95,1.604,0.188,0.511,1.269
0.954,1.263,1.662,1.95,1.604,0.188,0.51,1.269
0.954,1.262,1.662,1.95,1.604,0.188,0.511,1.268
0.954,1.262,1.662,1.949,1.604,0.188,0.511,1.268
0.953,1.262,1.662,1.949,1.603,0.188,0.51,1.268
0.953,1.262,1.662,1.949,1.603,0.188,0.51,1.267
0.952,1.261,1.662,1.949,1.603,0.188,0.51,1.267
0.952,1.261,1.663,1.949,1.603,0.188,0.51,1.267
0.952,1.261,1.662,1.949,1.602,0.188,0.51,1.267
0.952,1.261,1.662,1.948,1.602,0.187,0.51,1.266
0.951,1.261,1.662,1.948,1.602,0.187,0.51,1.266
0.951,1.26,1.662,1.948,1.601,0.187,0.51,1.266
0.951,1.26,1.662,1.948,1.601,0.187,0.51,1.266
0.951,1.26,1.662,1.948,1.601,0.187,0.51,1.265
0.95,1.26,1.662,1.948,1.601,0.187,0.51,1.265
0.95,1.259,1.662,1.948,1.601,0.187,0.51,1.265
0.95,1.259,1.662,1.947,1.6,0.187,0.51,1.265
0.949,1.259,1.662,1.947,1.6,0.187,0.51,1.264
0.949,1.259,1.662,1.947,1.6,0.187,0.51,1.264
0.949,1.259,1.662,1.947,1.6,0.187,0.51,1.264
0.949,1.258,1.662,1.947,1.6,0.187,0.51,1.264
0.948,1.258,1.663,1.947,1.599,0.187,0.51,1.264
0.948,1.258,1.662,1.947,1.599,0.187,0.51,1.263
0.948,1.258,1.662,1.946,1.599,0.187,0.51,1.263
0.947,1.257,1.662,1.946,1.599,0.186,0.51,1.262
0.947,1.257,1.662,1.946,1.598,0.186,0.51,1.262
0.946,1.257,1.662,1.946,1.598,0.186,0.509,1.262
0.946,1.257,1.662,1.946,1.598,0.186,0.509,1.262
0.946,1.257,1.662,1.946,1.598,0.186,0.509,1.261
0.946,1.256,1.662,1.946,1.597,0.186,0.509,1.261
0.945,1.256,1.662,1.945,1.597,0.186,0.509,1.261
0.945,1.256,1.662,1.945,1.597,0.186,0.509,1.26
0.945,1.256,1.662,1.945,1.597,0.186,0.509,1.26
0.944,1.256,1.662,1.945,1.597,0.186,0.509,1.26
0.944,1.255,1.662,1.945,1.596,0.186,0.509,1.26
0.944,1.255,1.662,1.945,1.596,0.186,0.509,1.259
0.944,1.255,1.662,1.945,1.596,0.185,0.509,1.259
0.944,1.255,1.662,1.945,1.596,0.185,0.509,1.259
0.943,1.255,1.662,1.944,1.596,0.185,0.509,1.259
0.943,1.254,1.662,1.944,1.595,0.185,0.509,1.258
0.943,1.254,1.662,1.944,1.595,0.185,0.509,1.258
0.942,1.254,1.662,1.944,1.595,0.185,0.509,1.258
0.942,1.254,1.662,1.944,1.594,0.185,0.509,1.258
0.942,1.254,1.662,1.944,1.595,0.185,0.509,1.258
0.941,1.253,1.662,1.944,1.594,0.185,0.509,1.257
0.941,1.253,1.662,1.943,1.594,0.185,0.509,1.257
0.941,1.253,1.662,1.943,1.594,0.185,0.509,1.257
0.94,1.253,1.662,1.943,1.594,0.185,0.509,1.257
0.94,1.252,1.662,1.943,1.593,0.185,0.509,1.256
0.94,1.252,1.662,1.943,1.593,0.185,0.508,1.256
0.94,1.252,1.662,1.943,1.593,0.185,0.508,1.256
0.939,1.252,1.662,1.942,1.593,0.185,0.509,1.255
0.939,1.252,1.662,1.942,1.592,0.184,0.508,1.255
0.939,1.252,1.662,1.942,1.592,0.184,0.508,1.255
0.938,1.251,1.662,1.942,1.592,0.184,0.508,1.255
0.938,1.251,1.662,1.943,1.592,0.184,0.508,1.255
0.938,1.251,1.662,1.942,1.592,0.184,0.508,1.254
0.938,1.251,1.662,1.942,1.592,0.184,0.508,1.254
0.937,1.251,1.662,1.942,1.591,0.184,0.508,1.253
0.937,1.25,1.662,1.942,1.591,0.184,0.508,1.253
0.937,1.25,1.662,1.942,1.591,0.184,0.508,1.253
0.937,1.25,1.662,1.941,1.591,0.184,0.508,1.253
0.936,1.25,1.662,1.941,1.591,0.184,0.508,1.253
0.936,1.25,1.662,1.941,1.59,0.184,0.508,1.252
0.936,1.249,1.662,1.941,1.59,0.184,0.508,1.252
0.935,1.249,1.662,1.941,1.59,0.184,0.508,1.252
0.935,1.249,1.662,1.941,1.59,0.184,0.508,1.252
0.935,1.249,1.662,1.941,1.59,0.183,0.508,1.251
0.935,1.249,1.662,1.941,1.589,0.183,0.508,1.251
0.934,1.249,1.662,1.94,1.589,0.183,0.508,1.251
0.934,1.248,1.662,1.94,1.589,0.183,0.508,1.251
0.934,1.248,1.662,1.94,1.589,0.183,0.508,1.251
0.934,1.248,1.662,1.94,1.589,0.183,0.508,1.25
0.933,1.248,1.662,1.94,1.588,0.183,0.507,1.25
0.933,1.247,1.662,1.94,1.588,0.183,0.508,1.25
0.933,1.247,1.662,1.94,1.588,0.183,0.507,1.25
0.932,1.247,1.662,1.94,1.588,0.183,0.507,1.249
0.932,1.247,1.662,1.939,1.587,0.183,0.507,1.249
0.932,1.247,1.662,1.939,1.587,0.183,0.507,1.249
0.932,1.247,1.662,1.939,1.587,0.183,0.507,1.248
0.931,1.246,1.662,1.939,1.587,0.183,0.507,1.248
0.931,1.246,1.662,1.939,1.587,0.183,0.507,1.248
0.931,1.246,1.662,1.939,1.586,0.182,0.507,1.247
0.93,1.246,1.662,1.939,1.586,0.182,0.507,1.247
0.93,1.246,1.662,1.938,1.586,0.182,0.507,1.247
0.93,1.245,1.662,1.939,1.586,0.182,0.507,1.247
0.93,1.245,1.662,1.938,1.586,0.182,0.507,1.247
0.929,1.245,1.662,1.938,1.585,0.182,0.507,1.246
0.929,1.245,1.662,1.938,1.585,0.182,0.507,1.246
0.929,1.244,1.662,1.938,1.585,0.182,0.507,1.246
0.929,1.245,1.662,1.938,1.585,0.182,0.507,1.246
0.928,1.244,1.662,1.938,1.585,0.182,0.507,1.246
0.928,1.244,1.662,1.938,1.584,0.182,0.507,1.245
0.928,1.244,1.662,1.937,1.584,0.182,0.507,1.245
0.928,1.244,1.662,1.937,1.584,0.182,0.507,1.245
0.927,1.243,1.662,1.937,1.584,0.182,0.507,1.244
0.927,1.243,1.662,1.937,1.584,0.182,0.507,1.244
0.927,1.243,1.662,1.937,1.584,0.182,0.507,1.244
0.926,1.243,1.662,1.937,1.583,0.181,0.506,1.244
0.926,1.243,1.662,1.936,1.583,0.181,0.506,1.243
0.926,1.243,1.662,1.936,1.583,0.181,0.506,1.243
0.926,1.242,1.662,1.936,1.582,0.181,0.506,1.243
0.925,1.242,1.662,1.936,1.582,0.181,0.506,1.243
0.925,1.242,1.662,1.936,1.582,0.181,0.506,1.242
0.925,1.242,1.662,1.936,1.582,0.181,0.506,1.242
0.924,1.242,1.662,1.936,1.582,0.181,0.506,1.242
0.924,1.241,1.662,1.935,1.581,0.181,0.506,1.242
0.924,1.241,1.661,1.935,1.581,0.181,0.506,1.241
0.924,1.241,1.662,1.935,1.581,0.181,0.506,1.241
0.923,1.241,1.662,1.935,1.581,0.181,0.506,1.241
0.923,1.241,1.662,1.935,1.581,0.181,0.506,1.241
0.923,1.241,1.662,1.935,1.58,0.181,0.506,1.241
0.922,1.24,1.662,1.935,1.58,0.181,0.506,1.24
0.922,1.24,1.662,1.935,1.58,0.18,0.506,1.24
0.922,1.24,1.661,1.935,1.58,0.18,0.506,1.24
0.922,1.24,1.662,1.934,1.58,0.18,0.506,1.239
0.921,1.24,1.661,1.934,1.579,0.18,0.506,1.239
0.921,1.239,1.662,1.934,1.579,0.18,0.506,1.239
0.921,1.239,1.661,1.934,1.579,0.18,0.505,1.239
0.92,1.239,1.661,1.934,1.579,0.18,0.506,1.239
0.92,1.239,1.661,1.934,1.578,0.18,0.505,1.238
0.92,1.239,1.661,1.933,1.578,0.18,0.505,1.238
0.92,1.238,1.661,1.933,1.578,0.18,0.505,1.238
0.919,1.238,1.661,1.933,1.578,0.18,0.505,1.238
0.919,1.238,1.661,1.933,1.577,0.18,0.505,1.237
0.919,1.238,1.661,1.933,1.577,0.18,0.505,1.237
0.919,1.238,1.661,1.933,1.577,0.18,0.505,1.237
0.918,1.237,1.661,1.933,1.577,0.18,0.505,1.237
0.918,1.237,1.661,1.933,1.577,0.18,0.505,1.236
0.918,1.237,1.661,1.933,1.577,0.179,0.505,1.236
0.918,1.237,1.661,1.932,1.576,0.179,0.505,1.236
0.918,1.237,1.661,1.932,1.576,0.179,0.505,1.235
0.917,1.237,1.661,1.932,1.576,0.179,0.505,1.235
0.917,1.236,1.661,1.932,1.576,0.179,0.505,1.235
0.916,1.236,1.661,1.932,1.576,0.179,0.505,1.235
0.916,1.236,1.661,1.932,1.576,0.179,0.505,1.235
0.916,1.236,1.661,1.932,1.575,0.179,0.505,1.234
0.916,1.236,1.661,1.931,1.575,0.179,0.505,1.234
0.915,1.235,1.661,1.931,1.575,0.179,0.505,1.234
0.915,1.235,1.661,1.931,1.575,0.179,0.505,1.234
0.915,1.235,1.661,1.931,1.575,0.179,0.504,1.234
0.915,1.235,1.661,1.931,1.574,0.179,0.504,1.233
0.914,1.235,1.661,1.931,1.574,0.179,0.504,1.233
0.914,1.235,1.661,1.931,1.574,0.179,0.504,1.233
0.914,1.235,1.661,1.931,1.574,0.179,0.504,1.232
0.914,1.234,1.661,1.93,1.574,0.178,0.504,1.232
0.913,1.234,1.661,1.93,1.573,0.178,0.504,1.232
0.913,1.234,1.661,1.93,1.573,0.178,0.504,1.232
0.913,1.234,1.661,1.93,1.573,0.178,0.504,1.231
0.913,1.234,1.661,1.93,1.573,0.178,0.504,1.231
0.912,1.233,1.661,1.93,1.572,0.178,0.504,1.231
0.912,1.233,1.661,1.93,1.572,0.178,0.504,1.231
0.912,1.233,1.661,1.93,1.572,0.178,0.504,1.23
0.911,1.233,1.661,1.929,1.572,0.178,0.504,1.23
0.911,1.233,1.661,1.929,1.572,0.178,0.504,1.23
0.911,1.233,1.66,1.929,1.572,0.178,0.504,1.23
0.911,1.232,1.661,1.929,1.571,0.178,0.504,1.23
0.91,1.232,1.661,1.929,1.571,0.178,0.504,1.229
0.91,1.232,1.661,1.929,1.571,0.178,0.504,1.229
0.91,1.232,1.661,1.929,1.571,0.178,0.503,1.229
0.91,1.232,1.66,1.929,1.57,0.177,0.503,1.228
0.909,1.232,1.66,1.928,1.57,0.177,0.503,1.228
0.909,1.231,1.66,1.928,1.57,0.177,0.503,1.228
0.909,1.231,1.661,1.928,1.57,0.177,0.503,1.228
0.909,1.231,1.661,1.928,1.57,0.177,0.503,1.228
0.908,1.231,1.66,1.928,1.57,0.177,0.503,1.227
0.908,1.231,1.66,1.928,1.569,0.177,0.503,1.227
0.908,1.231,1.66,1.928,1.569,0.177,0.503,1.227
0.907,1.23,1.66,1.927,1.569,0.177,0.503,1.227
0.907,1.23,1.66,1.927,1.569,0.177,0.503,1.227
0.907,1.23,1.66,1.927,1.569,0.177,0.503,1.226
0.907,1.23,1.66,1.927,1.568,0.177,0.503,1.226
0.907,1.23,1.66,1.927,1.568,0.177,0.503,1.226
0.906,1.229,1.66,1.927,1.568,0.177,0.503,1.225
0.906,1.229,1.66,1.927,1.568,0.177,0.503,1.225
0.906,1.229,1.66,1.926,1.568,0.177,0.503,1.225
0.905,1.229,1.66,1.926,1.567,0.177,0.503,1.225
0.905,1.229,1.66,1.926,1.567,0.176,0.503,1.225
0.905,1.229,1.66,1.926,1.567,0.176,0.503,1.224
0.905,1.229,1.66,1.926,1.567,0.176,0.503,1.224
0.904,1.228,1.66,1.926,1.566,0.176,0.502,1.224
0.904,1.228,1.66,1.926,1.566,0.176,0.503,1.224
0.904,1.228,1.66,1.926,1.566,0.176,0.502,1.223
0.904,1.228,1.66,1.925,1.566,0.176,0.502,1.223
0.903,1.228,1.66,1.925,1.566,0.176,0.502,1.223
0.903,1.228,1.659,1.925,1.566,0.176,0.502,1.223
0.903,1.227,1.66,1.925,1.565,0.176,0.502,1.222
0.903,1.227,1.659,1.925,1.565,0.176,0.502,1.222
0.902,1.227,1.659,1.925,1.565,0.176,0.502,1.222
0.902,1.227,1.659,1.925,1.565,0.176,0.502,1.222
0.902,1.227,1.659,1.925,1.565,0.176,0.502,1.221
0.902,1.227,1.66,1.925,1.564,0.176,0.502,1.221
0.901,1.226,1.66,1.925,1.564,0.176,0.502,1.221
0.901,1.226,1.659,1.924,1.564,0.176,0.502,1.221
0.901,1.226,1.659,1.924,1.564,0.176,0.502,1.221
0.901,1.226,1.659,1.924,1.564,0.175,0.502,1.22
0.9,1.226,1.659,1.924,1.563,0.175,0.502,1.22
0.9,1.226,1.659,1.924,1.563,0.175,0.502,1.22
0.9,1.225,1.659,1.924,1.563,0.175,0.502,1.22
0.9,1.225,1.659,1.924,1.563,0.175,0.501,1.219
0.899,1.225,1.659,1.923,1.563,0.175,0.502,1.219
0.899,1.225,1.659,1.923,1.563,0.175,0.502,1.219
0.899,1.225,1.659,1.923,1.562,0.175,0.501,1.219
0.899,1.225,1.659,1.923,1.562,0.175,0.501,1.219
0.898,1.224,1.659,1.923,1.562,0.175,0.501,1.218
0.898,1.224,1.659,1.923,1.562,0.175,0.501,1.218
0.898,1.224,1.659,1.923,1.562,0.175,0.501,1.218
0.897,1.224,1.659,1.923,1.561,0.175,0.501,1.218
0.897,1.224,1.659,1.923,1.561,0.175,0.501,1.218
0.897,1.224,1.659,1.922,1.561,0.175,0.501,1.217
0.897,1.223,1.659,1.922,1.561,0.175,0.501,1.217
0.897,1.223,1.659,1.922,1.561,0.175,0.501,1.217
0.896,1.223,1.659,1.922,1.56,0.174,0.501,1.217
0.896,1.223,1.659,1.922,1.56,0.174,0.501,1.216
0.896,1.223,1.659,1.922,1.56,0.174,0.501,1.216
0.896,1.223,1.659,1.922,1.56,0.174,0.501,1.216
0.895,1.223,1.659,1.922,1.56,0.174,0.501,1.216
0.895,1.223,1.659,1.921,1.56,0.174,0.501,1.215
0.895,1.222,1.659,1.921,1.56,0.174,0.501,1.215
0.895,1.222,1.659,1.921,1.559,0.174,0.501,1.215
0.894,1.222,1.659,1.921,1.559,0.174,0.501,1.215
0.894,1.222,1.659,1.921,1.559,0.174,0.501,1.215
0.894,1.222,1.658,1.921,1.559,0.174,0.501,1.215
0.894,1.222,1.658,1.921,1.559,0.174,0.5,1.214
0.893,1.221,1.658,1.92,1.558,0.174,0.5,1.214
0.893,1.221,1.658,1.921,1.558,0.174,0.5,1.214
0.893,1.221,1.658,1.92,1.558,0.174,0.5,1.213
0.893,1.221,1.658,1.92,1.558,0.174,0.5,1.213
0.893,1.221,1.658,1.92,1.558,0.174,0.5,1.213
0.892,1.221,1.658,1.92,1.558,0.174,0.5,1.213
0.892,1.22,1.658,1.92,1.557,0.173,0.5,1.213
0.892,1.22,1.658,1.92,1.557,0.173,0.5,1.212
0.891,1.22,1.658,1.919,1.557,0.173,0.5,1.212
0.891,1.22,1.658,1.92,1.557,0.173,0.5,1.212
0.891,1.22,1.658,1.92,1.557,0.173,0.5,1.212
0.891,1.22,1.658,1.919,1.556,0.173,0.5,1.212
0.89,1.22,1.658,1.919,1.556,0.173,0.5,1.212
0.89,1.219,1.658,1.919,1.556,0.173,0.5,1.211
0.89,1.219,1.658,1.919,1.556,0.173,0.5,1.211
0.89,1.219,1.658,1.919,1.556,0.173,0.5,1.211
0.89,1.219,1.658,1.919,1.556,0.173,0.5,1.211
0.889,1.219,1.658,1.919,1.555,0.173,0.499,1.21
0.889,1.219,1.658,1.919,1.555,0.173,0.499,1.21
0.889,1.218,1.658,1.918,1.555,0.173,0.499,1.21
0.889,1.218,1.658,1.918,1.555,0.173,0.499,1.21
0.888,1.218,1.657,1.918,1.555,0.173,0.499,1.209
0.888,1.218,1.658,1.918,1.555,0.173,0.499,1.209
0.888,1.218,1.658,1.918,1.554,0.173,0.499,1.209
0.888,1.218,1.658,1.918,1.554,0.172,0.499,1.209
0.887,1.218,1.657,1.918,1.554,0.172,0.499,1.209
0.887,1.217,1.657,1.918,1.554,0.172,0.499,1.208
0.887,1.217,1.657,1.918,1.553,0.172,0.499,1.208
0.887,1.217,1.657,1.917,1.554,0.172,0.499,1.208
0.886,1.217,1.658,1.917,1.553,0.172,0.499,1.208
0.886,1.217,1.657,1.917,1.553,0.172,0.499,1.208
0.886,1.217,1.657,1.917,1.553,0.172,0.499,1.207
0.886,1.216,1.657,1.917,1.553,0.172,0.499,1.207
0.885,1.216,1.657,1.917,1.553,0.172,0.499,1.207
0.885,1.216,1.657,1.917,1.552,0.172,0.499,1.207
0.885,1.216,1.657,1.916,1.552,0.172,0.499,1.206
0.885,1.216,1.657,1.917,1.552,0.172,0.499,1.206
0.885,1.216,1.657,1.916,1.552,0.172,0.498,1.206
0.884,1.216,1.657,1.916,1.552,0.172,0.498,1.206
0.884,1.216,1.657,1.916,1.551,0.172,0.498,1.206
0.884,1.215,1.657,1.916,1.551,0.172,0.498,1.206
0.884,1.215,1.657,1.916,1.551,0.172,0.498,1.205
0.883,1.215,1.657,1.916,1.551,0.172,0.498,1.205
0.883,1.215,1.657,1.916,1.551,0.171,0.498,1.205
0.883,1.214,1.657,1.916,1.551,0.171,0.498,1.205
0.883,1.215,1.657,1.916,1.551,0.171,0.498,1.204
0.882,1.214,1.657,1.915,1.55,0.171,0.498,1.204
0.882,1.214,1.657,1.915,1.55,0.171,0.498,1.204
0.882,1.214,1.656,1.915,1.55,0.171,0.498,1.204
0.881,1.214,1.657,1.915,1.55,0.171,0.498,1.203
0.881,1.214,1.656,1.915,1.549,0.171,0.498,1.203
0.881,1.213,1.657,1.915,1.549,0.171,0.498,1.203
0.881,1.214,1.656,1.914,1.549,0.171,0.498,1.203
0.881,1.213,1.656,1.915,1.549,0.171,0.498,1.203
0.88,1.213,1.656,1.915,1.549,0.171,0.498,1.202
0.88,1.213,1.656,1.914,1.549,0.171,0.497,1.202
0.88,1.213,1.656,1.914,1.549,0.171,0.497,1.202
0.88,1.213,1.656,1.914,1.548,0.171,0.497,1.202
0.879,1.212,1.656,1.914,1.548,0.171,0.497,1.202
0.879,1.212,1.656,1.914,1.548,0.171,0.497,1.201
0.879,1.212,1.656,1.914,1.548,0.171,0.497,1.201
0.879,1.212,1.656,1.914,1.548,0.17,0.497,1.201
0.879,1.212,1.656,1.914,1.547,0.17,0.497,1.201
0.878,1.212,1.656,1.913,1.547,0.17,0.497,1.201
0.878,1.212,1.656,1.913,1.547,0.17,0.497,1.2
0.878,1.211,1.656,1.913,1.547,0.17,0.497,1.2
0.877,1.211,1.656,1.913,1.546,0.17,0.497,1.2
0.877,1.211,1.655,1.913,1.546,0.17,0.497,1.2
0.877,1.211,1.656,1.913,1.546,0.17,0.497,1.199
0.877,1.211,1.655,1.912,1.546,0.17,0.497,1.199
0.876,1.211,1.655,1.912,1.546,0.17,0.497,1.199
0.876,1.211,1.655,1.912,1.546,0.17,0.496,1.199
0.876,1.21,1.655,1.912,1.546,0.17,0.496,1.198
0.876,1.21,1.655,1.912,1.545,0.17,0.496,1.198
0.876,1.21,1.655,1.912,1.545,0.17,0.496,1.198
0.875,1.21,1.655,1.912,1.545,0.17,0.496,1.198
0.875,1.21,1.655,1.912,1.545,0.17,0.496,1.198
0.875,1.21,1.655,1.911,1.544,0.17,0.496,1.198
0.875,1.21,1.655,1.912,1.544,0.169,0.496,1.197
0.875,1.21,1.655,1.911,1.544,0.17,0.496,1.197
0.874,1.21,1.655,1.911,1.544,0.169,0.496,1.197
0.874,1.209,1.655,1.911,1.544,0.169,0.496,1.196
0.874,1.209,1.655,1.911,1.544,0.169,0.496,1.196
0.874,1.209,1.655,1.911,1.544,0.169,0.496,1.196
0.873,1.209,1.655,1.911,1.543,0.169,0.496,1.196
0.873,1.209,1.654,1.911,1.543,0.169,0.496,1.195
0.873,1.209,1.655,1.911,1.543,0.169,0.496,1.195
0.873,1.208,1.655,1.911,1.543,0.169,0.496,1.195
0.872,1.208,1.655,1.91,1.543,0.169,0.496,1.195
0.872,1.208,1.654,1.91,1.542,0.169,0.496,1.195
0.872,1.208,1.654,1.91,1.542,0.169,0.496,1.194
0.872,1.208,1.654,1.91,1.542,0.169,0.496,1.194
0.872,1.208,1.654,1.91,1.542,0.169,0.495,1.194
0.871,1.208,1.654,1.91,1.542,0.169,0.495,1.194
0.871,1.207,1.654,1.91,1.542,0.169,0.495,1.194
0.871,1.207,1.654,1.91,1.542,0.169,0.495,1.193
0.871,1.207,1.654,1.91,1.541,0.169,0.495,1.193
0.87,1.207,1.654,1.91,1.541,0.169,0.495,1.193
0.87,1.207,1.654,1.909,1.541,0.168,0.495,1.193
0.87,1.207,1.654,1.909,1.541,0.168,0.495,1.193
0.87,1.206,1.654,1.909,1.541,0.168,0.495,1.193
0.869,1.206,1.654,1.909,1.54,0.168,0.495,1.192
0.869,1.206,1.654,1.909,1.541,0.168,0.495,1.192
0.869,1.206,1.654,1.909,1.54,0.168,0.495,1.192
0.869,1.206,1.654,1.909,1.54,0.168,0.495,1.192
0.869,1.206,1.654,1.909,1.54,0.168,0.495,1.192
0.868,1.206,1.654,1.909,1.54,0.168,0.495,1.192
0.868,1.206,1.653,1.908,1.54,0.168,0.495,1.191
0.868,1.206,1.654,1.908,1.54,0.168,0.495,1.191
0.868,1.205,1.654,1.908,1.539,0.168,0.494,1.191
0.868,1.205,1.654,1.908,1.539,0.168,0.494,1.191
0.867,1.205,1.653,1.908,1.539,0.168,0.494,1.191
0.867,1.205,1.653,1.908,1.539,0.168,0.494,1.19
0.867,1.205,1.653,1.908,1.539,0.168,0.494,1.19
0.867,1.205,1.653,1.908,1.538,0.168,0.494,1.19
0.866,1.205,1.653,1.908,1.538,0.168,0.494,1.19
0.866,1.204,1.653,1.907,1.538,0.168,0.494,1.19
0.866,1.204,1.653,1.907,1.538,0.168,0.494,1.189
0.866,1.204,1.653,1.907,1.538,0.167,0.494,1.189
0.866,1.204,1.653,1.907,1.538,0.167,0.494,1.189
0.865,1.204,1.653,1.907,1.538,0.167,0.494,1.189
0.865,1.204,1.653,1.907,1.537,0.167,0.494,1.189
0.865,1.204,1.653,1.907,1.537,0.167,0.494,1.188
0.865,1.203,1.653,1.907,1.537,0.167,0.494,1.188
0.864,1.203,1.653,1.907,1.537,0.167,0.494,1.188
0.864,1.203,1.653,1.907,1.537,0.167,0.494,1.188
0.864,1.203,1.653,1.907,1.536,0.167,0.494,1.187
0.864,1.203,1.653,1.906,1.536,0.167,0.494,1.187
0.864,1.203,1.652,1.906,1.536,0.167,0.493,1.187
0.863,1.203,1.652,1.906,1.536,0.167,0.493,1.187
0.863,1.202,1.652,1.906,1.536,0.167,0.493,1.187
0.863,1.202,1.652,1.906,1.536,0.167,0.493,1.186
0.863,1.202,1.652,1.905,1.534,0.167,0.493,1.185
0.862,1.201,1.651,1.904,1.534,0.167,0.493,1.185
0.862,1.201,1.651,1.904,1.534,0.167,0.493,1.185
0.861,1.201,1.651,1.904,1.534,0.167,0.493,1.185
0.861,1.201,1.651,1.904,1.533,0.167,0.493,1.185
0.861,1.2,1.651,1.903,1.533,0.167,0.493,1.185
0.861,1.2,1.65,1.903,1.533,0.166,0.492,1.184
0.86,1.2,1.65,1.903,1.533,0.166,0.492,1.184
0.86,1.2,1.65,1.902,1.533,0.166,0.492,1.184
0.86,1.2,1.65,1.902,1.533,0.166,0.492,1.184
0.86,1.199,1.65,1.901,1.533,0.166,0.492,1.184
0.86,1.199,1.65,1.901,1.533,0.166,0.492,1.184
0.859,1.197,1.65,1.9,1.533,0.166,0.492,1.184
0.859,1.196,1.649,1.9,1.533,0.166,0.492,1.184
0.859,1.194,1.649,1.899,1.532,0.166,0.492,1.184
0.859,1.192,1.649,1.898,1.532,0.166,0.492,1.184
0.859,1.19,1.649,1.898,1.532,0.166,0.492,1.185
0.859,1.188,1.648,1.897,1.532,0.166,0.492,1.185
0.858,1.186,1.648,1.896,1.532,0.166,0.492,1.185
0.858,1.183,1.648,1.895,1.532,0.166,0.492,1.185
0.858,1.181,1.648,1.893,1.532,0.166,0.492,1.186
0.857,1.178,1.647,1.892,1.532,0.166,0.492,1.186
0.857,1.176,1.647,1.891,1.532,0.166,0.492,1.186
0.857,1.173,1.646,1.891,1.532,0.166,0.492,1.186
0.857,1.17,1.646,1.89,1.532,0.166,0.492,1.186
0.856,1.167,1.646,1.889,1.531,0.166,0.492,1.186
0.856,1.165,1.646,1.888,1.532,0.165,0.492,1.186
0.856,1.161,1.645,1.887,1.531,0.165,0.492,1.186
0.855,1.159,1.645,1.886,1.531,0.165,0.492,1.186
0.855,1.156,1.644,1.885,1.531,0.165,0.492,1.186
0.855,1.153,1.644,1.883,1.531,0.165,0.492,1.186
0.854,1.15,1.644,1.882,1.531,0.165,0.492,1.186
0.854,1.147,1.643,1.881,1.531,0.165,0.492,1.186
0.854,1.144,1.643,1.88,1.531,0.165,0.492,1.186
0.853,1.14,1.642,1.879,1.531,0.165,0.492,1.187
0.853,1.137,1.642,1.878,1.531,0.165,0.492,1.186
0.853,1.133,1.641,1.877,1.531,0.165,0.492,1.187
0.852,1.13,1.641,1.876,1.531,0.165,0.491,1.186
0.852,1.127,1.64,1.874,1.531,0.165,0.491,1.186
0.851,1.124,1.64,1.874,1.531,0.164,0.492,1.186
0.851,1.12,1.639,1.872,1.531,0.164,0.491,1.186
0.851,1.117,1.639,1.871,1.53,0.164,0.491,1.186
0.85,1.114,1.638,1.87,1.53,0.164,0.491,1.186
0.85,1.11,1.638,1.869,1.53,0.164,0.491,1.185
0.849,1.107,1.637,1.868,1.53,0.164,0.491,1.185
0.849,1.103,1.637,1.867,1.53,0.164,0.491,1.185
0.848,1.1,1.636,1.865,1.53,0.164,0.491,1.185
0.848,1.097,1.636,1.864,1.53,0.164,0.491,1.185
0.847,1.093,1.635,1.863,1.53,0.164,0.491,1.184
0.847,1.09,1.634,1.862,1.529,0.163,0.491,1.184
0.846,1.086,1.634,1.86,1.529,0.163,0.491,1.184
0.846,1.083,1.633,1.859,1.529,0.163,0.491,1.184
0.845,1.08,1.632,1.858,1.529,0.163,0.491,1.183
0.845,1.076,1.632,1.857,1.529,0.163,0.491,1.183
0.844,1.073,1.631,1.855,1.528,0.163,0.491,1.183
0.844,1.07,1.631,1.854,1.528,0.163,0.491,1.183
0.843,1.066,1.63,1.853,1.528,0.162,0.491,1.182
0.842,1.063,1.629,1.852,1.528,0.162,0.491,1.182
0.842,1.06,1.629,1.851,1.528,0.162,0.491,1.182
0.841,1.057,1.628,1.849,1.527,0.162,0.491,1.181
0.841,1.054,1.627,1.848,1.527,0.162,0.49,1.181
0.84,1.051,1.627,1.847,1.527,0.162,0.49,1.18
0.84,1.048,1.626,1.846,1.526,0.162,0.49,1.18
0.839,1.045,1.625,1.844,1.526,0.162,0.49,1.18
0.838,1.042,1.625,1.843,1.526,0.161,0.49,1.179
0.838,1.039,1.624,1.841,1.525,0.161,0.49,1.179
0.837,1.036,1.623,1.84,1.525,0.161,0.49,1.178
0.837,1.033,1.622,1.839,1.525,0.161,0.49,1.178
0.836,1.03,1.622,1.837,1.524,0.161,0.49,1.178
0.835,1.028,1.621,1.836,1.524,0.161,0.49,1.177
0.835,1.025,1.62,1.835,1.523,0.161,0.49,1.177
0.834,1.022,1.62,1.833,1.523,0.161,0.49,1.176
0.833,1.02,1.619,1.832,1.523,0.16,0.49,1.176
0.833,1.017,1.618,1.831,1.522,0.16,0.49,1.176
0.832,1.014,1.618,1.829,1.522,0.16,0.489,1.175
0.831,1.012,1.617,1.828,1.522,0.16,0.49,1.175
0.831,1.009,1.616,1.827,1.521,0.16,0.489,1.175
0.83,1.006,1.615,1.825,1.521,0.16,0.489,1.174
0.829,1.003,1.614,1.824,1.52,0.159,0.489,1.174
0.829,1.001,1.614,1.822,1.52,0.159,0.489,1.173
0.828,0.998,1.613,1.821,1.519,0.159,0.489,1.173
0.827,0.995,1.612,1.82,1.519,0.159,0.489,1.173
0.827,0.992,1.611,1.818,1.518,0.159,0.489,1.173
0.826,0.99,1.611,1.817,1.518,0.159,0.489,1.172
0.825,0.987,1.61,1.815,1.517,0.158,0.489,1.172
0.824,0.984,1.609,1.814,1.517,0.158,0.489,1.171
0.824,0.981,1.608,1.812,1.517,0.158,0.489,1.171
0.823,0.979,1.608,1.811,1.516,0.158,0.488,1.17
0.822,0.976,1.607,1.81,1.515,0.158,0.488,1.17
0.821,0.974,1.606,1.808,1.515,0.158,0.488,1.169
0.821,0.971,1.605,1.807,1.515,0.157,0.488,1.169
0.82,0.969,1.604,1.805,1.514,0.157,0.488,1.168
0.819,0.967,1.603,1.804,1.514,0.157,0.488,1.168
0.819,0.964,1.603,1.802,1.513,0.157,0.488,1.167
0.818,0.962,1.602,1.801,1.512,0.157,0.488,1.167
0.817,0.96,1.601,1.8,1.512,0.157,0.488,1.166
0.816,0.958,1.6,1.798,1.511,0.156,0.488,1.166
0.815,0.955,1.599,1.796,1.51,0.156,0.488,1.165
0.815,0.953,1.598,1.795,1.51,0.156,0.487,1.165
0.814,0.951,1.598,1.794,1.51,0.156,0.487,1.165
0.813,0.948,1.597,1.792,1.509,0.156,0.487,1.164
0.813,0.946,1.596,1.791,1.508,0.155,0.487,1.163
0.812,0.943,1.595,1.789,1.508,0.155,0.487,1.163
0.811,0.941,1.594,1.788,1.507,0.155,0.487,1.163
0.81,0.938,1.593,1.787,1.507,0.155,0.487,1.162
0.809,0.936,1.593,1.785,1.506,0.155,0.487,1.161
0.809,0.933,1.592,1.784,1.505,0.154,0.487,1.161
0.808,0.931,1.591,1.783,1.505,0.154,0.487,1.16
0.807,0.929,1.59,1.781,1.504,0.154,0.487,1.159
0.806,0.926,1.589,1.78,1.504,0.154,0.486,1.159
0.805,0.924,1.588,1.778,1.503,0.154,0.486,1.158
0.805,0.922,1.587,1.777,1.502,0.154,0.486,1.157
0.804,0.92,1.587,1.775,1.502,0.153,0.486,1.156
0.803,0.918,1.586,1.774,1.501,0.153,0.486,1.155
0.802,0.916,1.585,1.773,1.5,0.153,0.486,1.155
0.801,0.914,1.584,1.771,1.499,0.153,0.486,1.154
0.8,0.912,1.583,1.77,1.499,0.153,0.486,1.154
0.8,0.91,1.582,1.768,1.498,0.152,0.486,1.153
0.799,0.908,1.581,1.767,1.497,0.152,0.486,1.152
0.798,0.906,1.58,1.765,1.497,0.152,0.485,1.151
0.797,0.904,1.58,1.764,1.496,0.152,0.486,1.151
0.796,0.902,1.579,1.762,1.495,0.152,0.485,1.15
0.796,0.9,1.578,1.761,1.495,0.151,0.485,1.149
0.795,0.898,1.577,1.759,1.494,0.151,0.485,1.148
0.794,0.896,1.576,1.758,1.493,0.151,0.485,1.147
0.793,0.894,1.575,1.756,1.492,0.151,0.485,1.147
0.792,0.892,1.575,1.755,1.492,0.151,0.485,1.146
0.792,0.89,1.573,1.753,1.491,0.15,0.485,1.145
0.791,0.889,1.572,1.752,1.49,0.15,0.484,1.144
0.79,0.887,1.572,1.751,1.489,0.15,0.484,1.143
0.789,0.885,1.571,1.749,1.489,0.15,0.484,1.142
0.788,0.884,1.57,1.748,1.488,0.15,0.484,1.142
0.787,0.882,1.569,1.746,1.487,0.149,0.484,1.141
0.787,0.88,1.568,1.745,1.486,0.149,0.484,1.14
0.786,0.879,1.567,1.743,1.485,0.149,0.484,1.139
0.785,0.877,1.567,1.742,1.485,0.149,0.484,1.138
0.784,0.875,1.566,1.741,1.484,0.149,0.484,1.138
0.783,0.874,1.565,1.739,1.483,0.148,0.484,1.137
0.782,0.872,1.564,1.738,1.483,0.148,0.484,1.136
0.782,0.871,1.563,1.736,1.482,0.148,0.483,1.135
0.781,0.869,1.562,1.735,1.481,0.148,0.483,1.134
0.78,0.868,1.561,1.734,1.48,0.148,0.483,1.133
0.779,0.866,1.56,1.732,1.48,0.147,0.483,1.133
0.778,0.865,1.56,1.731,1.479,0.147,0.483,1.132
0.777,0.863,1.558,1.729,1.478,0.147,0.483,1.131
0.777,0.861,1.558,1.728,1.477,0.147,0.483,1.13
0.776,0.859,1.557,1.727,1.477,0.147,0.483,1.129
0.775,0.858,1.556,1.725,1.476,0.147,0.482,1.128
0.774,0.856,1.555,1.724,1.476,0.146,0.482,1.128
0.773,0.855,1.554,1.722,1.475,0.146,0.482,1.127
0.772,0.853,1.553,1.72,1.474,0.146,0.482,1.126
0.772,0.851,1.552,1.719,1.473,0.146,0.482,1.125
0.771,0.85,1.551,1.717,1.473,0.146,0.482,1.124
0.77,0.848,1.55,1.716,1.472,0.145,0.482,1.123
0.769,0.847,1.549,1.715,1.472,0.145,0.482,1.123
0.768,0.845,1.548,1.713,1.471,0.145,0.482,1.122
0.767,0.844,1.548,1.711,1.47,0.145,0.482,1.121
0.766,0.842,1.547,1.71,1.47,0.144,0.482,1.12
0.766,0.841,1.546,1.708,1.469,0.144,0.481,1.12
0.765,0.84,1.545,1.707,1.468,0.144,0.481,1.119
0.764,0.838,1.544,1.705,1.468,0.144,0.481,1.118
0.763,0.837,1.543,1.704,1.467,0.144,0.481,1.117
0.762,0.836,1.542,1.702,1.466,0.144,0.481,1.116
0.762,0.835,1.542,1.701,1.466,0.144,0.481,1.115
0.761,0.834,1.541,1.699,1.465,0.143,0.481,1.115
0.76,0.832,1.54,1.698,1.464,0.143,0.481,1.114
0.759,0.831,1.539,1.697,1.463,0.143,0.481,1.113
0.758,0.83,1.538,1.695,1.463,0.143,0.481,1.112
0.757,0.829,1.537,1.694,1.462,0.142,0.481,1.111
0.756,0.828,1.536,1.692,1.461,0.142,0.48,1.11
0.756,0.826,1.535,1.691,1.461,0.142,0.48,1.109
0.755,0.825,1.534,1.69,1.46,0.142,0.48,1.109
0.754,0.824,1.534,1.688,1.459,0.142,0.48,1.108
0.753,0.822,1.532,1.687,1.458,0.141,0.48,1.107
0.752,0.821,1.532,1.686,1.458,0.141,0.48,1.106
0.751,0.82,1.531,1.684,1.457,0.141,0.48,1.105
0.75,0.819,1.53,1.683,1.456,0.141,0.479,1.105
0.75,0.818,1.529,1.681,1.455,0.14,0.479,1.104
0.749,0.816,1.528,1.68,1.454,0.14,0.479,1.103
0.748,0.815,1.527,1.678,1.454,0.14,0.479,1.102
0.747,0.814,1.526,1.677,1.453,0.14,0.479,1.101
0.746,0.812,1.525,1.675,1.452,0.14,0.479,1.1
0.745,0.812,1.524,1.674,1.451,0.14,0.479,1.099
0.745,0.81,1.523,1.673,1.451,0.139,0.479,1.098
0.744,0.809,1.522,1.671,1.45,0.139,0.479,1.097
0.743,0.808,1.522,1.67,1.449,0.139,0.478,1.096
0.742,0.807,1.521,1.668,1.448,0.139,0.478,1.095
0.741,0.806,1.52,1.667,1.447,0.139,0.478,1.094
0.74,0.805,1.519,1.666,1.446,0.138,0.478,1.093
0.739,0.803,1.518,1.664,1.445,0.138,0.478,1.093
0.739,0.802,1.517,1.663,1.444,0.138,0.478,1.092
0.738,0.801,1.516,1.662,1.443,0.138,0.478,1.091
0.737,0.8,1.515,1.66,1.442,0.138,0.477,1.09
0.736,0.799,1.514,1.659,1.442,0.137,0.477,1.089
0.735,0.798,1.513,1.657,1.441,0.137,0.477,1.088
0.734,0.797,1.512,1.656,1.44,0.137,0.477,1.087
0.733,0.796,1.511,1.655,1.439,0.137,0.477,1.086
0.733,0.795,1.51,1.654,1.438,0.137,0.477,1.085
0.732,0.794,1.509,1.652,1.437,0.137,0.477,1.084
0.731,0.793,1.508,1.651,1.437,0.136,0.476,1.083
0.73,0.792,1.507,1.65,1.436,0.136,0.476,1.082
0.729,0.79,1.506,1.649,1.435,0.136,0.476,1.081
0.728,0.789,1.505,1.647,1.434,0.136,0.476,1.08
0.728,0.788,1.504,1.646,1.433,0.136,0.476,1.079
0.727,0.787,1.504,1.645,1.433,0.135,0.476,1.078
0.726,0.786,1.503,1.643,1.432,0.135,0.476,1.077
0.725,0.785,1.502,1.642,1.431,0.135,0.475,1.076
0.724,0.784,1.501,1.641,1.43,0.135,0.475,1.075
0.723,0.783,1.5,1.639,1.43,0.135,0.475,1.074
0.723,0.782,1.499,1.638,1.429,0.135,0.475,1.073
0.722,0.781,1.498,1.637,1.428,0.134,0.475,1.072
0.721,0.779,1.497,1.636,1.428,0.134,0.475,1.072
0.72,0.778,1.496,1.634,1.427,0.134,0.475,1.071
0.719,0.777,1.495,1.633,1.426,0.134,0.474,1.07
0.718,0.776,1.494,1.632,1.425,0.134,0.474,1.069
0.718,0.775,1.493,1.631,1.425,0.134,0.474,1.068
0.717,0.774,1.492,1.629,1.424,0.133,0.474,1.067
0.716,0.773,1.491,1.628,1.423,0.133,0.474,1.066
0.715,0.773,1.49,1.627,1.423,0.133,0.474,1.065
0.714,0.772,1.49,1.625,1.422,0.133,0.474,1.064
0.714,0.771,1.489,1.624,1.421,0.133,0.474,1.063
0.713,0.77,1.488,1.623,1.421,0.132,0.473,1.062
0.712,0.769,1.487,1.622,1.42,0.132,0.473,1.061
0.711,0.768,1.486,1.621,1.419,0.132,0.473,1.06
0.71,0.767,1.485,1.619,1.418,0.132,0.473,1.059
0.71,0.766,1.484,1.618,1.417,0.132,0.473,1.058
0.709,0.764,1.483,1.617,1.417,0.132,0.472,1.057
0.708,0.764,1.482,1.615,1.416,0.131,0.472,1.057
0.707,0.763,1.481,1.614,1.415,0.131,0.472,1.055
0.706,0.762,1.48,1.613,1.415,0.131,0.472,1.054
0.705,0.761,1.479,1.612,1.414,0.131,0.472,1.054
0.705,0.76,1.478,1.611,1.413,0.131,0.472,1.053
0.704,0.759,1.477,1.609,1.412,0.13,0.472,1.052
0.703,0.758,1.476,1.608,1.411,0.13,0.471,1.051
0.702,0.757,1.476,1.607,1.411,0.13,0.471,1.05
0.701,0.756,1.475,1.605,1.41,0.13,0.471,1.049
0.701,0.755,1.474,1.604,1.409,0.13,0.471,1.048
0.7,0.754,1.473,1.603,1.408,0.13,0.471,1.047
0.699,0.753,1.472,1.602,1.407,0.129,0.471,1.046
0.698,0.753,1.471,1.6,1.406,0.129,0.471,1.046
0.697,0.752,1.47,1.599,1.406,0.129,0.47,1.045
0.696,0.751,1.469,1.598,1.404,0.129,0.47,1.043
0.696,0.75,1.468,1.596,1.404,0.129,0.47,1.043
0.695,0.749,1.467,1.595,1.403,0.128,0.47,1.042
0.694,0.749,1.466,1.594,1.402,0.128,0.47,1.041
0.693,0.748,1.465,1.593,1.401,0.128,0.469,1.04
0.692,0.747,1.464,1.591,1.401,0.128,0.469,1.039
0.691,0.746,1.463,1.59,1.4,0.128,0.469,1.038
0.691,0.746,1.462,1.589,1.399,0.127,0.469,1.037
0.69,0.744,1.461,1.588,1.398,0.127,0.469,1.036
0.689,0.744,1.46,1.586,1.397,0.127,0.469,1.035
0.688,0.743,1.459,1.585,1.396,0.127,0.468,1.034
0.687,0.742,1.458,1.584,1.395,0.127,0.468,1.033
0.687,0.741,1.457,1.583,1.395,0.127,0.468,1.032
0.686,0.741,1.457,1.581,1.394,0.127,0.468,1.031
0.685,0.74,1.455,1.58,1.393,0.126,0.468,1.031
0.685,0.739,1.455,1.579,1.393,0.126,0.468,1.03
0.684,0.738,1.454,1.578,1.392,0.126,0.467,1.029
0.683,0.738,1.453,1.576,1.391,0.126,0.467,1.028
0.682,0.737,1.452,1.575,1.39,0.126,0.467,1.027
0.681,0.736,1.451,1.574,1.389,0.126,0.467,1.026
0.681,0.736,1.45,1.573,1.388,0.125,0.467,1.025
0.68,0.735,1.449,1.572,1.388,0.125,0.467,1.024
0.679,0.734,1.448,1.571,1.387,0.125,0.466,1.023
0.678,0.733,1.447,1.569,1.386,0.125,0.466,1.022
0.678,0.733,1.446,1.568,1.385,0.125,0.466,1.021
0.677,0.732,1.445,1.567,1.385,0.125,0.466,1.02
0.676,0.731,1.444,1.565,1.384,0.124,0.466,1.019
0.675,0.731,1.443,1.564,1.383,0.124,0.466,1.019
0.674,0.73,1.442,1.563,1.382,0.124,0.465,1.018
0.674,0.729,1.442,1.562,1.381,0.124,0.465,1.017
0.673,0.728,1.441,1.561,1.381,0.124,0.465,1.016
0.672,0.728,1.44,1.56,1.38,0.124,0.465,1.015
0.672,0.727,1.439,1.558,1.379,0.123,0.465,1.014
0.671,0.726,1.438,1.557,1.379,0.123,0.464,1.013
0.67,0.725,1.437,1.556,1.378,0.123,0.464,1.012
0.669,0.724,1.436,1.555,1.377,0.123,0.464,1.012
0.669,0.724,1.435,1.554,1.376,0.123,0.464,1.011
0.668,0.723,1.434,1.553,1.375,0.123,0.464,1.01
0.667,0.722,1.433,1.552,1.375,0.122,0.464,1.009
0.666,0.721,1.433,1.55,1.374,0.122,0.464,1.008
0.665,0.72,1.431,1.549,1.373,0.122,0.463,1.007
0.665,0.719,1.43,1.548,1.372,0.122,0.463,1.006
0.664,0.719,1.43,1.547,1.371,0.122,0.463,1.006
0.663,0.718,1.429,1.546,1.371,0.122,0.463,1.005
0.662,0.717,1.428,1.545,1.37,0.122,0.463,1.004
0.662,0.716,1.427,1.544,1.369,0.121,0.462,1.003
0.661,0.715,1.426,1.542,1.368,0.121,0.462,1.002
0.66,0.715,1.425,1.542,1.367,0.121,0.462,1.001
0.66,0.714,1.424,1.54,1.366,0.121,0.462,1.0
0.659,0.713,1.423,1.539,1.366,0.121,0.462,0.999
0.658,0.713,1.422,1.538,1.365,0.121,0.462,0.998
0.658,0.712,1.421,1.537,1.364,0.121,0.462,0.998
0.657,0.711,1.42,1.536,1.363,0.12,0.461,0.997
0.656,0.711,1.419,1.535,1.362,0.12,0.461,0.996
0.655,0.71,1.419,1.534,1.362,0.12,0.461,0.995
0.655,0.71,1.418,1.533,1.361,0.12,0.461,0.994
0.654,0.709,1.417,1.532,1.36,0.12,0.461,0.993
0.653,0.708,1.416,1.531,1.359,0.12,0.46,0.992
0.652,0.708,1.415,1.53,1.359,0.12,0.46,0.991
0.652,0.707,1.414,1.529,1.358,0.12,0.46,0.99
0.651,0.707,1.413,1.527,1.357,0.119,0.46,0.989
0.65,0.706,1.412,1.526,1.356,0.119,0.46,0.988
0.65,0.706,1.411,1.525,1.356,0.119,0.46,0.987
0.649,0.705,1.41,1.524,1.355,0.119,0.459,0.986
0.648,0.704,1.41,1.523,1.354,0.119,0.459,0.985
0.648,0.704,1.409,1.522,1.353,0.119,0.459,0.985
0.647,0.703,1.408,1.521,1.353,0.119,0.459,0.984
0.646,0.703,1.407,1.52,1.352,0.118,0.459,0.983
0.646,0.702,1.406,1.518,1.351,0.118,0.459,0.982
0.645,0.702,1.405,1.517,1.35,0.118,0.458,0.981
0.644,0.701,1.405,1.516,1.35,0.118,0.458,0.98
0.644,0.701,1.403,1.515,1.349,0.118,0.458,0.979
0.643,0.7,1.403,1.514,1.348,0.118,0.458,0.979
0.642,0.699,1.402,1.513,1.348,0.118,0.458,0.978
0.641,0.699,1.401,1.512,1.347,0.117,0.457,0.977
0.641,0.698,1.4,1.511,1.346,0.117,0.457,0.976
0.64,0.698,1.399,1.51,1.345,0.117,0.457,0.976
0.64,0.697,1.398,1.509,1.344,0.117,0.457,0.975
0.639,0.697,1.398,1.508,1.344,0.117,0.457,0.974
0.638,0.696,1.397,1.507,1.343,0.117,0.457,0.973
0.638,0.696,1.396,1.506,1.342,0.117,0.457,0.972
0.637,0.695,1.395,1.504,1.342,0.117,0.456,0.972
0.636,0.694,1.394,1.503,1.341,0.116,0.456,0.971
0.636,0.694,1.393,1.502,1.34,0.116,0.456,0.97
0.635,0.693,1.392,1.501,1.339,0.116,0.456,0.969
0.634,0.693,1.391,1.5,1.338,0.116,0.456,0.968
0.634,0.692,1.391,1.499,1.338,0.116,0.455,0.967
0.633,0.692,1.389,1.498,1.337,0.116,0.455,0.967
0.632,0.691,1.389,1.497,1.336,0.115,0.455,0.966
0.632,0.691,1.388,1.496,1.335,0.115,0.455,0.965
0.631,0.69,1.387,1.495,1.335,0.115,0.455,0.965
0.63,0.689,1.386,1.494,1.334,0.115,0.455,0.964
0.63,0.689,1.385,1.493,1.333,0.115,0.454,0.963
0.629,0.688,1.384,1.492,1.332,0.115,0.454,0.962
0.628,0.688,1.384,1.491,1.332,0.115,0.454,0.962
0.628,0.687,1.382,1.49,1.331,0.115,0.454,0.961
0.627,0.686,1.382,1.489,1.33,0.114,0.454,0.96
0.627,0.686,1.381,1.488,1.329,0.115,0.453,0.96
0.626,0.685,1.38,1.487,1.328,0.114,0.454,0.959
0.625,0.685,1.379,1.486,1.328,0.114,0.453,0.958
0.625,0.684,1.378,1.485,1.327,0.114,0.453,0.957
0.624,0.684,1.377,1.484,1.326,0.114,0.453,0.956
0.623,0.683,1.376,1.483,1.325,0.114,0.453,0.956
0.623,0.682,1.375,1.482,1.325,0.114,0.453,0.955
0.622,0.682,1.375,1.481,1.324,0.113,0.453,0.954
0.622,0.681,1.374,1.48,1.323,0.113,0.452,0.953
0.621,0.68,1.373,1.479,1.323,0.113,0.452,0.953
0.62,0.679,1.372,1.478,1.321,0.113,0.452,0.952
0.62,0.679,1.371,1.477,1.321,0.113,0.452,0.951
0.619,0.678,1.371,1.476,1.32,0.113,0.452,0.951
0.618,0.678,1.37,1.475,1.319,0.113,0.452,0.95
0.618,0.677,1.369,1.474,1.319,0.113,0.451,0.949
0.618,0.676,1.368,1.473,1.318,0.112,0.451,0.948
0.617,0.675,1.367,1.472,1.317,0.112,0.451,0.948
0.616,0.675,1.366,1.471,1.316,0.112,0.451,0.947
0.615,0.674,1.366,1.47,1.316,0.112,0.451,0.946
0.615,0.674,1.365,1.469,1.315,0.112,0.451,0.945
0.614,0.673,1.364,1.468,1.314,0.112,0.451,0.945
0.614,0.673,1.363,1.467,1.313,0.112,0.45,0.944
0.613,0.672,1.362,1.466,1.313,0.112,0.45,0.943
0.613,0.672,1.361,1.465,1.312,0.111,0.45,0.943
0.612,0.671,1.36,1.464,1.311,0.111,0.45,0.942
0.611,0.671,1.36,1.463,1.31,0.111,0.45,0.941
0.611,0.67,1.359,1.462,1.309,0.111,0.45,0.94
0.61,0.67,1.358,1.461,1.309,0.111,0.449,0.939
0.609,0.67,1.357,1.46,1.308,0.111,0.449,0.939
0.609,0.669,1.356,1.459,1.307,0.111,0.449,0.938
0.608,0.668,1.355,1.458,1.306,0.111,0.449,0.937
0.608,0.668,1.354,1.457,1.306,0.11,0.449,0.936
0.607,0.667,1.354,1.456,1.305,0.11,0.449,0.936
0.607,0.666,1.353,1.455,1.304,0.11,0.448,0.935
0.606,0.666,1.352,1.454,1.303,0.11,0.448,0.934
0.605,0.665,1.351,1.453,1.303,0.11,0.448,0.933
0.605,0.665,1.35,1.452,1.302,0.11,0.448,0.933
0.604,0.664,1.349,1.451,1.301,0.11,0.448,0.932
0.604,0.663,1.349,1.45,1.3,0.11,0.448,0.931
0.603,0.663,1.348,1.449,1.3,0.11,0.447,0.931
0.603,0.662,1.347,1.448,1.299,0.109,0.447,0.93
0.602,0.661,1.346,1.447,1.298,0.109,0.447,0.929
0.601,0.661,1.345,1.447,1.298,0.109,0.447,0.928
0.601,0.661,1.345,1.446,1.297,0.109,0.447,0.928
0.6,0.66,1.344,1.445,1.296,0.109,0.447,0.927
0.6,0.66,1.343,1.444,1.296,0.109,0.446,0.926
0.599,0.659,1.342,1.443,1.295,0.108,0.446,0.926
0.598,0.659,1.341,1.442,1.294,0.108,0.446,0.925
0.598,0.658,1.34,1.441,1.293,0.108,0.446,0.925
0.597,0.658,1.339,1.44,1.293,0.108,0.446,0.924
0.597,0.657,1.339,1.439,1.292,0.108,0.446,0.923
0.596,0.657,1.338,1.438,1.291,0.108,0.445,0.922
0.596,0.656,1.337,1.437,1.291,0.108,0.445,0.922
0.595,0.655,1.336,1.437,1.29,0.108,0.445,0.921
0.594,0.655,1.335,1.436,1.289,0.108,0.445,0.92
0.594,0.654,1.334,1.435,1.288,0.108,0.445,0.919
0.594,0.654,1.333,1.434,1.288,0.107,0.444,0.918
0.593,0.653,1.333,1.433,1.287,0.107,0.444,0.918
0.592,0.653,1.332,1.432,1.286,0.107,0.444,0.917
0.592,0.652,1.331,1.431,1.286,0.107,0.444,0.916
0.591,0.652,1.33,1.43,1.285,0.107,0.444,0.915
0.59,0.652,1.33,1.429,1.284,0.107,0.444,0.915
0.59,0.651,1.329,1.429,1.284,0.107,0.444,0.914
0.589,0.651,1.328,1.428,1.283,0.107,0.443,0.913
0.589,0.65,1.327,1.427,1.282,0.107,0.443,0.913
0.588,0.65,1.326,1.426,1.281,0.106,0.443,0.912
0.588,0.649,1.326,1.425,1.281,0.106,0.443,0.911
0.587,0.649,1.325,1.424,1.28,0.106,0.443,0.91
0.587,0.649,1.324,1.423,1.279,0.106,0.443,0.91
0.586,0.649,1.323,1.422,1.279,0.106,0.442,0.909
0.586,0.648,1.323,1.421,1.278,0.106,0.442,0.908
0.585,0.648,1.322,1.42,1.277,0.106,0.442,0.908
0.585,0.648,1.321,1.419,1.277,0.106,0.442,0.907
0.584,0.647,1.32,1.419,1.276,0.105,0.442,0.906
0.583,0.647,1.319,1.418,1.275,0.106,0.441,0.906
0.583,0.647,1.318,1.417,1.275,0.105,0.441,0.905
0.582,0.646,1.318,1.416,1.274,0.105,0.441,0.904
0.582,0.646,1.317,1.415,1.273,0.105,0.441,0.904
0.581,0.646,1.316,1.414,1.273,0.105,0.441,0.903
0.581,0.645,1.315,1.413,1.272,0.105,0.441,0.903
0.58,0.645,1.314,1.412,1.271,0.105,0.44,0.902
0.579,0.644,1.314,1.412,1.271,0.105,0.44,0.902
0.579,0.644,1.313,1.411,1.27,0.105,0.44,0.901
0.578,0.644,1.312,1.41,1.269,0.105,0.44,0.9
0.578,0.643,1.311,1.409,1.269,0.104,0.44,0.899
0.577,0.643,1.31,1.408,1.268,0.104,0.439,0.899
0.577,0.642,1.31,1.407,1.267,0.104,0.439,0.898
0.576,0.642,1.309,1.406,1.267,0.104,0.439,0.897
0.576,0.641,1.308,1.406,1.266,0.104,0.439,0.896
0.575,0.641,1.307,1.405,1.265,0.104,0.439,0.896
0.575,0.64,1.306,1.404,1.264,0.104,0.438,0.895
0.574,0.64,1.305,1.403,1.263,0.104,0.438,0.895
0.573,0.639,1.304,1.402,1.262,0.104,0.438,0.894
0.573,0.639,1.303,1.401,1.262,0.103,0.438,0.893
0.572,0.638,1.303,1.4,1.261,0.103,0.438,0.892
0.572,0.638,1.302,1.4,1.26,0.103,0.438,0.892
0.571,0.638,1.301,1.399,1.26,0.103,0.437,0.891
0.571,0.637,1.3,1.398,1.259,0.103,0.437,0.89
0.57,0.637,1.299,1.397,1.258,0.103,0.437,0.89
0.57,0.636,1.299,1.397,1.258,0.103,0.437,0.889
0.569,0.636,1.298,1.396,1.257,0.103,0.437,0.889
0.569,0.636,1.297,1.395,1.256,0.103,0.437,0.888
0.568,0.635,1.296,1.394,1.255,0.103,0.436,0.887
0.568,0.635,1.295,1.394,1.255,0.103,0.436,0.886
0.568,0.634,1.295,1.393,1.254,0.102,0.436,0.886
0.567,0.634,1.294,1.392,1.254,0.102,0.436,0.885
0.567,0.634,1.293,1.391,1.253,0.102,0.436,0.885
0.566,0.633,1.292,1.39,1.252,0.102,0.436,0.884
0.566,0.633,1.292,1.39,1.252,0.102,0.435,0.883
0.565,0.632,1.291,1.389,1.251,0.102,0.435,0.883
0.565,0.632,1.29,1.388,1.25,0.102,0.435,0.882
0.564,0.632,1.289,1.387,1.25,0.102,0.435,0.882
0.564,0.631,1.289,1.386,1.249,0.102,0.435,0.881
0.563,0.631,1.288,1.386,1.249,0.102,0.435,0.881
0.563,0.631,1.287,1.385,1.248,0.102,0.435,0.88
0.562,0.63,1.287,1.384,1.247,0.102,0.434,0.879
0.562,0.63,1.286,1.383,1.247,0.101,0.434,0.879
0.561,0.63,1.285,1.382,1.246,0.101,0.434,0.878
0.561,0.629,1.284,1.381,1.246,0.101,0.434,0.878
0.56,0.629,1.284,1.381,1.245,0.101,0.434,0.877
0.56,0.629,1.283,1.38,1.244,0.101,0.434,0.877
0.56,0.628,1.282,1.379,1.244,0.101,0.434,0.876
0.559,0.628,1.282,1.378,1.243,0.101,0.433,0.876
0.559,0.628,1.281,1.378,1.243,0.101,0.433,0.875
0.558,0.627,1.28,1.377,1.242,0.101,0.433,0.875
0.558,0.627,1.279,1.376,1.241,0.101,0.433,0.874
0.557,0.626,1.279,1.375,1.241,0.101,0.433,0.873
0.557,0.626,1.278,1.375,1.24,0.101,0.433,0.873
0.556,0.625,1.277,1.374,1.24,0.1,0.433,0.872
0.556,0.625,1.276,1.373,1.239,0.1,0.433,0.872
0.556,0.625,1.276,1.372,1.238,0.1,0.432,0.871
0.555,0.624,1.275,1.371,1.238,0.1,0.432,0.871
0.555,0.624,1.274,1.37,1.237,0.1,0.432,0.87
0.554,0.623,1.274,1.37,1.236,0.1,0.432,0.87
0.554,0.623,1.273,1.369,1.236,0.1,0.432,0.869
0.553,0.622,1.272,1.368,1.235,0.1,0.432,0.868
0.553,0.622,1.271,1.367,1.235,0.1,0.431,0.868
0.553,0.622,1.271,1.367,1.234,0.1,0.431,0.867
0.552,0.621,1.27,1.366,1.233,0.1,0.431,0.867
0.552,0.621,1.269,1.365,1.233,0.099,0.431,0.866
0.551,0.62,1.269,1.364,1.232,0.1,0.431,0.866
0.551,0.62,1.268,1.364,1.232,0.1,0.431,0.865
0.55,0.62,1.267,1.363,1.231,0.099,0.431,0.865
0.55,0.62,1.267,1.363,1.231,0.099,0.431,0.865
0.55,0.619,1.266,1.362,1.23,0.099,0.431,0.864
0.549,0.619,1.265,1.361,1.23,0.099,0.43,0.863
0.549,0.619,1.265,1.361,1.229,0.099,0.43,0.863
0.548,0.618,1.264,1.36,1.228,0.099,0.43,0.862
0.548,0.618,1.263,1.359,1.228,0.099,0.43,0.862
0.547,0.618,1.263,1.359,1.227,0.099,0.43,0.861
0.547,0.617,1.262,1.358,1.227,0.099,0.43,0.861
0.547,0.617,1.261,1.357,1.226,0.099,0.43,0.86
0.546,0.616,1.261,1.357,1.226,0.098,0.429,0.86
0.546,0.616,1.26,1.356,1.225,0.099,0.429,0.859
0.545,0.616,1.259,1.355,1.225,0.098,0.429,0.859
0.545,0.615,1.259,1.354,1.224,0.098,0.429,0.858
0.545,0.615,1.258,1.354,1.224,0.098,0.429,0.858
0.544,0.615,1.257,1.353,1.223,0.098,0.429,0.857
0.544,0.614,1.257,1.352,1.222,0.098,0.429,0.856
0.543,0.614,1.256,1.351,1.222,0.098,0.429,0.856
0.543,0.614,1.255,1.35,1.221,0.098,0.429,0.855
0.543,0.613,1.254,1.35,1.22,0.098,0.428,0.855
0.542,0.613,1.254,1.349,1.22,0.098,0.428,0.854
0.542,0.613,1.253,1.348,1.219,0.098,0.428,0.853
0.541,0.612,1.253,1.348,1.219,0.098,0.428,0.853
0.541,0.612,1.252,1.347,1.218,0.098,0.428,0.852
0.54,0.611,1.251,1.346,1.218,0.098,0.428,0.852
0.54,0.611,1.25,1.345,1.217,0.097,0.428,0.852
0.54,0.611,1.25,1.345,1.217,0.097,0.427,0.851
0.539,0.611,1.249,1.344,1.216,0.097,0.427,0.851
0.539,0.61,1.249,1.344,1.216,0.097,0.427,0.85
0.539,0.61,1.248,1.343,1.215,0.097,0.427,0.85
0.538,0.609,1.247,1.342,1.215,0.097,0.427,0.849
0.538,0.609,1.247,1.341,1.214,0.097,0.427,0.849
0.538,0.609,1.246,1.34,1.213,0.097,0.427,0.848
0.537,0.609,1.245,1.34,1.213,0.097,0.427,0.848
0.537,0.609,1.245,1.339,1.213,0.097,0.427,0.847
0.536,0.608,1.244,1.338,1.212,0.097,0.426,0.847
0.536,0.608,1.243,1.338,1.211,0.097,0.426,0.846
0.536,0.608,1.243,1.337,1.211,0.097,0.426,0.846
0.535,0.607,1.242,1.336,1.21,0.097,0.426,0.845
0.535,0.607,1.241,1.336,1.21,0.097,0.426,0.845
0.534,0.607,1.241,1.335,1.209,0.096,0.426,0.844
0.534,0.606,1.24,1.334,1.209,0.096,0.426,0.844
0.534,0.606,1.239,1.334,1.208,0.096,0.425,0.843
0.533,0.606,1.239,1.333,1.208,0.096,0.425,0.843
0.533,0.605,1.238,1.332,1.207,0.096,0.425,0.842
0.533,0.605,1.238,1.332,1.207,0.096,0.425,0.842
0.532,0.605,1.237,1.331,1.206,0.096,0.425,0.841
0.532,0.604,1.236,1.33,1.206,0.096,0.425,0.84
0.531,0.604,1.235,1.33,1.205,0.096,0.425,0.84
0.531,0.604,1.235,1.329,1.205,0.096,0.425,0.84
0.531,0.603,1.234,1.329,1.204,0.096,0.425,0.839
0.53,0.603,1.234,1.328,1.204,0.096,0.424,0.838
0.53,0.603,1.233,1.327,1.203,0.096,0.424,0.838
0.53,0.603,1.232,1.327,1.203,0.096,0.424,0.838
0.529,0.602,1.232,1.326,1.202,0.096,0.424,0.837
0.529,0.602,1.231,1.325,1.202,0.096,0.424,0.837
0.529,0.602,1.231,1.325,1.201,0.095,0.424,0.836
0.528,0.602,1.23,1.324,1.201,0.096,0.424,0.836
0.528,0.601,1.229,1.323,1.2,0.096,0.424,0.835
0.527,0.601,1.229,1.323,1.2,0.095,0.424,0.835
0.527,0.601,1.228,1.322,1.199,0.095,0.423,0.834
0.527,0.6,1.227,1.322,1.199,0.095,0.423,0.834
0.526,0.6,1.227,1.321,1.198,0.095,0.423,0.834
0.526,0.6,1.226,1.32,1.198,0.095,0.423,0.833
0.526,0.6,1.226,1.32,1.197,0.095,0.423,0.833
0.526,0.6,1.225,1.319,1.197,0.095,0.423,0.832
0.525,0.599,1.225,1.319,1.196,0.095,0.423,0.832
0.525,0.599,1.224,1.318,1.196,0.095,0.423,0.831
0.524,0.599,1.223,1.317,1.195,0.095,0.423,0.831
0.524,0.599,1.223,1.317,1.195,0.095,0.423,0.83
0.524,0.598,1.222,1.316,1.194,0.095,0.423,0.83
0.523,0.598,1.222,1.316,1.194,0.095,0.422,0.829
0.523,0.598,1.221,1.315,1.193,0.095,0.422,0.829
0.523,0.598,1.221,1.314,1.193,0.095,0.422,0.828
0.522,0.597,1.22,1.314,1.192,0.095,0.422,0.828
0.522,0.597,1.219,1.313,1.192,0.095,0.422,0.827
0.522,0.597,1.219,1.312,1.191,0.095,0.422,0.827
0.521,0.597,1.218,1.312,1.191,0.094,0.422,0.826
0.521,0.596,1.218,1.311,1.191,0.094,0.422,0.826
0.521,0.596,1.217,1.31,1.19,0.094,0.422,0.826
0.52,0.596,1.216,1.31,1.189,0.095,0.422,0.825
0.52,0.596,1.216,1.309,1.189,0.094,0.421,0.825
0.52,0.595,1.215,1.309,1.189,0.094,0.422,0.824
0.52,0.595,1.215,1.308,1.188,0.094,0.421,0.824
0.519,0.595,1.214,1.307,1.188,0.094,0.421,0.823
0.519,0.594,1.214,1.307,1.187,0.094,0.421,0.823
0.519,0.594,1.213,1.306,1.187,0.094,0.421,0.822
0.518,0.594,1.213,1.305,1.186,0.094,0.421,0.822
0.518,0.593,1.212,1.305,1.186,0.094,0.421,0.822
0.518,0.593,1.211,1.305,1.185,0.094,0.421,0.822
0.517,0.593,1.211,1.304,1.185,0.094,0.421,0.821
0.517,0.593,1.21,1.303,1.185,0.094,0.421,0.821
0.517,0.592,1.21,1.303,1.184,0.094,0.421,0.82
0.516,0.592,1.209,1.302,1.184,0.094,0.42,0.82
0.516,0.592,1.208,1.302,1.183,0.094,0.42,0.819
0.516,0.591,1.208,1.301,1.183,0.094,0.42,0.819
0.516,0.591,1.208,1.301,1.183,0.093,0.42,0.819
0.515,0.591,1.207,1.3,1.182,0.094,0.42,0.818
0.515,0.591,1.207,1.299,1.182,0.093,0.42,0.818
0.515,0.59,1.206,1.299,1.181,0.093,0.42,0.818
0.514,0.59,1.206,1.298,1.181,0.093,0.42,0.817
0.514,0.59,1.205,1.298,1.18,0.093,0.42,0.817
0.514,0.589,1.204,1.297,1.18,0.093,0.42,0.816
0.513,0.589,1.204,1.297,1.179,0.093,0.42,0.816
0.513,0.589,1.203,1.296,1.179,0.093,0.42,0.815
0.513,0.589,1.203,1.295,1.178,0.093,0.419,0.815
0.512,0.588,1.202,1.295,1.178,0.093,0.419,0.814
0.512,0.588,1.202,1.294,1.177,0.093,0.419,0.814
0.512,0.588,1.201,1.294,1.177,0.093,0.419,0.814
0.511,0.587,1.2,1.293,1.176,0.093,0.419,0.813
0.511,0.587,1.2,1.292,1.176,0.093,0.419,0.813
0.511,0.587,1.199,1.292,1.175,0.093,0.419,0.812
0.511,0.587,1.199,1.291,1.175,0.093,0.419,0.812
0.51,0.586,1.198,1.291,1.174,0.093,0.419,0.811
0.51,0.586,1.198,1.29,1.174,0.093,0.419,0.811
0.509,0.586,1.197,1.289,1.173,0.093,0.419,0.811
0.509,0.586,1.197,1.289,1.173,0.093,0.418,0.81
0.509,0.586,1.196,1.288,1.172,0.092,0.418,0.81
0.509,0.585,1.195,1.288,1.172,0.092,0.418,0.81
0.508,0.585,1.195,1.287,1.171,0.092,0.418,0.809
0.508,0.585,1.194,1.287,1.171,0.092,0.418,0.808
0.508,0.585,1.194,1.286,1.17,0.092,0.418,0.808
0.507,0.585,1.193,1.286,1.17,0.092,0.418,0.808
0.507,0.584,1.193,1.285,1.169,0.092,0.418,0.807
0.507,0.584,1.192,1.284,1.169,0.092,0.418,0.807
0.507,0.584,1.192,1.284,1.168,0.092,0.418,0.806
0.506,0.584,1.191,1.283,1.168,0.092,0.417,0.806
0.506,0.584,1.19,1.283,1.167,0.092,0.417,0.806
0.506,0.584,1.19,1.282,1.167,0.092,0.417,0.805
0.505,0.583,1.189,1.282,1.166,0.092,0.417,0.805
0.505,0.583,1.189,1.281,1.166,0.092,0.417,0.804
0.505,0.583,1.188,1.281,1.166,0.092,0.417,0.804
0.504,0.583,1.188,1.28,1.165,0.092,0.417,0.804
0.504,0.583,1.187,1.28,1.164,0.092,0.417,0.803
0.504,0.582,1.187,1.279,1.164,0.091,0.417,0.803
0.503,0.582,1.186,1.278,1.164,0.092,0.417,0.802
0.503,0.582,1.185,1.278,1.163,0.092,0.417,0.802
0.503,0.582,1.185,1.277,1.163,0.092,0.416,0.802
0.503,0.582,1.184,1.276,1.162,0.091,0.416,0.802
0.502,0.581,1.184,1.276,1.162,0.091,0.416,0.801
0.502,0.581,1.183,1.276,1.161,0.091,0.416,0.801
0.502,0.581,1.183,1.275,1.161,0.091,0.416,0.8
0.501,0.58,1.182,1.274,1.16,0.091,0.416,0.8
0.501,0.58,1.182,1.274,1.16,0.091,0.416,0.799
0.501,0.58,1.181,1.273,1.159,0.091,0.416,0.799
0.501,0.58,1.18,1.273,1.159,0.091,0.416,0.799
0.5,0.58,1.18,1.272,1.158,0.091,0.415,0.798
0.5,0.579,1.18,1.272,1.158,0.091,0.415,0.798
0.5,0.579,1.179,1.271,1.158,0.091,0.415,0.798
0.499,0.579,1.178,1.27,1.157,0.091,0.415,0.797
0.499,0.578,1.178,1.27,1.157,0.091,0.415,0.797
0.499,0.578,1.177,1.269,1.156,0.091,0.415,0.796
0.498,0.578,1.177,1.269,1.155,0.091,0.415,0.796
0.498,0.577,1.176,1.268,1.155,0.091,0.415,0.796
0.498,0.577,1.176,1.267,1.155,0.091,0.415,0.795
0.498,0.577,1.175,1.267,1.154,0.091,0.415,0.795
0.497,0.576,1.175,1.266,1.154,0.091,0.415,0.795
0.497,0.576,1.174,1.266,1.153,0.091,0.415,0.794
0.497,0.576,1.174,1.265,1.153,0.091,0.414,0.794
0.496,0.576,1.173,1.265,1.152,0.09,0.414,0.793
0.496,0.575,1.172,1.264,1.152,0.09,0.414,0.793
0.496,0.575,1.172,1.264,1.152,0.09,0.414,0.793
0.496,0.575,1.171,1.263,1.151,0.09,0.414,0.792
0.495,0.575,1.171,1.262,1.15,0.09,0.414,0.792
0.495,0.574,1.17,1.262,1.15,0.09,0.414,0.791
0.495,0.574,1.17,1.262,1.15,0.09,0.414,0.791
0.495,0.574,1.169,1.261,1.149,0.09,0.414,0.791
0.494,0.574,1.169,1.261,1.149,0.09,0.414,0.79
0.494,0.574,1.168,1.26,1.148,0.09,0.414,0.79
0.494,0.574,1.168,1.259,1.148,0.09,0.413,0.789
0.493,0.573,1.167,1.259,1.147,0.09,0.413,0.789
0.493,0.573,1.167,1.258,1.147,0.09,0.413,0.788
0.493,0.573,1.166,1.258,1.146,0.09,0.413,0.788
0.492,0.573,1.165,1.257,1.146,0.09,0.413,0.787
0.492,0.572,1.164,1.257,1.145,0.09,0.413,0.787
0.492,0.572,1.164,1.256,1.144,0.09,0.413,0.786
0.492,0.572,1.163,1.256,1.144,0.09,0.412,0.786
0.491,0.572,1.163,1.255,1.143,0.09,0.412,0.786
0.491,0.571,1.162,1.255,1.143,0.09,0.412,0.786
0.491,0.571,1.162,1.254,1.143,0.089,0.412,0.785
0.49,0.571,1.161,1.253,1.142,0.089,0.412,0.785
0.49,0.571,1.161,1.253,1.142,0.089,0.412,0.784
0.49,0.571,1.16,1.252,1.141,0.089,0.412,0.784
0.49,0.57,1.16,1.252,1.141,0.089,0.412,0.784
0.489,0.57,1.159,1.251,1.14,0.089,0.412,0.783
0.489,0.57,1.159,1.251,1.14,0.089,0.412,0.783
0.489,0.57,1.158,1.25,1.139,0.089,0.412,0.782
0.488,0.57,1.158,1.25,1.139,0.089,0.411,0.782
0.488,0.57,1.157,1.249,1.139,0.089,0.411,0.782
0.488,0.569,1.157,1.248,1.138,0.089,0.411,0.782
0.488,0.569,1.156,1.248,1.138,0.089,0.411,0.781
0.487,0.569,1.155,1.247,1.137,0.089,0.411,0.781
0.487,0.569,1.155,1.247,1.137,0.089,0.411,0.78
0.487,0.569,1.154,1.246,1.136,0.089,0.411,0.78
0.486,0.568,1.154,1.246,1.136,0.089,0.411,0.779
0.486,0.568,1.153,1.245,1.136,0.089,0.411,0.779
0.486,0.568,1.153,1.245,1.135,0.089,0.411,0.779
0.485,0.568,1.152,1.244,1.134,0.089,0.41,0.778
0.485,0.568,1.152,1.244,1.134,0.089,0.41,0.778
0.485,0.567,1.151,1.243,1.134,0.089,0.41,0.777
0.485,0.567,1.151,1.242,1.133,0.088,0.41,0.777
0.485,0.567,1.15,1.242,1.133,0.089,0.41,0.777
0.484,0.567,1.15,1.241,1.132,0.088,0.41,0.776
0.484,0.567,1.149,1.241,1.132,0.088,0.41,0.776
0.484,0.566,1.149,1.24,1.131,0.088,0.41,0.776
0.483,0.566,1.148,1.24,1.131,0.088,0.41,0.775
0.483,0.566,1.148,1.239,1.13,0.088,0.41,0.775
0.483,0.566,1.147,1.239,1.13,0.088,0.409,0.774
0.482,0.566,1.146,1.238,1.129,0.088,0.409,0.774
0.482,0.565,1.146,1.237,1.129,0.088,0.409,0.774
0.482,0.565,1.145,1.237,1.128,0.088,0.409,0.773
0.482,0.565,1.145,1.236,1.128,0.088,0.409,0.773
0.481,0.565,1.144,1.236,1.128,0.088,0.409,0.772
0.481,0.565,1.144,1.235,1.127,0.088,0.409,0.772
0.481,0.564,1.143,1.235,1.127,0.088,0.409,0.772
0.48,0.564,1.143,1.234,1.126,0.088,0.409,0.771
0.48,0.564,1.142,1.233,1.125,0.088,0.408,0.77
0.48,0.564,1.142,1.233,1.125,0.088,0.408,0.77
0.48,0.563,1.141,1.232,1.124,0.088,0.408,0.77
0.479,0.563,1.141,1.232,1.124,0.088,0.408,0.769
0.479,0.563,1.14,1.231,1.124,0.088,0.408,0.769
0.479,0.563,1.14,1.231,1.123,0.088,0.408,0.769
0.479,0.563,1.139,1.23,1.123,0.088,0.408,0.768
0.478,0.562,1.139,1.229,1.122,0.088,0.408,0.768
0.478,0.562,1.138,1.229,1.122,0.088,0.408,0.767
0.478,0.562,1.137,1.229,1.121,0.088,0.407,0.767
0.478,0.561,1.137,1.228,1.121,0.087,0.408,0.767
0.477,0.561,1.137,1.227,1.121,0.087,0.407,0.766
0.477,0.561,1.136,1.227,1.12,0.087,0.407,0.766
0.477,0.561,1.136,1.226,1.12,0.087,0.407,0.765
0.477,0.561,1.135,1.226,1.119,0.087,0.407,0.765
0.476,0.561,1.134,1.225,1.119,0.087,0.407,0.765
0.476,0.56,1.134,1.225,1.119,0.087,0.407,0.764
0.476,0.56,1.133,1.224,1.118,0.087,0.407,0.764
0.476,0.56,1.133,1.224,1.118,0.087,0.406,0.764
0.475,0.559,1.133,1.223,1.117,0.087,0.406,0.763
0.475,0.559,1.132,1.223,1.117,0.087,0.406,0.763
0.475,0.559,1.132,1.222,1.117,0.087,0.406,0.763
0.475,0.559,1.131,1.222,1.116,0.087,0.406,0.762
0.474,0.559,1.131,1.221,1.116,0.087,0.406,0.762
0.474,0.559,1.13,1.221,1.115,0.087,0.406,0.762
0.474,0.559,1.13,1.22,1.115,0.087,0.406,0.761
0.474,0.558,1.129,1.22,1.115,0.087,0.406,0.761
0.473,0.558,1.129,1.219,1.114,0.087,0.406,0.76
0.473,0.558,1.128,1.219,1.114,0.087,0.406,0.76
0.473,0.558,1.128,1.218,1.113,0.087,0.406,0.76
0.472,0.558,1.127,1.218,1.113,0.086,0.405,0.759
0.472,0.558,1.127,1.217,1.112,0.087,0.405,0.759
0.472,0.557,1.126,1.217,1.112,0.086,0.405,0.759
0.472,0.557,1.125,1.216,1.112,0.087,0.405,0.758
0.471,0.557,1.125,1.216,1.111,0.087,0.405,0.758
0.471,0.557,1.124,1.215,1.111,0.086,0.405,0.757
0.471,0.556,1.124,1.215,1.111,0.086,0.405,0.757
0.471,0.556,1.124,1.214,1.11,0.086,0.405,0.757
0.47,0.556,1.123,1.214,1.11,0.086,0.405,0.756
0.47,0.556,1.122,1.213,1.109,0.086,0.404,0.756
0.47,0.555,1.122,1.213,1.109,0.086,0.404,0.756
0.47,0.555,1.121,1.212,1.108,0.086,0.404,0.755
0.469,0.555,1.121,1.212,1.108,0.086,0.404,0.755
0.469,0.555,1.12,1.211,1.108,0.086,0.404,0.755
0.469,0.554,1.12,1.211,1.107,0.086,0.404,0.754
0.469,0.554,1.119,1.21,1.107,0.086,0.404,0.754
0.468,0.554,1.119,1.21,1.106,0.086,0.404,0.753
0.468,0.554,1.118,1.209,1.106,0.086,0.404,0.753
0.468,0.553,1.118,1.209,1.105,0.086,0.404,0.753
0.468,0.553,1.117,1.208,1.105,0.086,0.403,0.752
0.467,0.553,1.117,1.208,1.105,0.086,0.403,0.752
0.467,0.553,1.116,1.207,1.104,0.086,0.403,0.751
0.467,0.552,1.116,1.207,1.104,0.086,0.403,0.751
0.467,0.552,1.115,1.206,1.103,0.086,0.403,0.751
0.466,0.552,1.115,1.206,1.103,0.086,0.403,0.75
0.466,0.551,1.114,1.205,1.102,0.086,0.403,0.75
0.466,0.551,1.114,1.205,1.102,0.086,0.403,0.75
0.466,0.551,1.113,1.204,1.102,0.085,0.403,0.749
0.465,0.551,1.113,1.204,1.101,0.086,0.402,0.749
0.465,0.55,1.112,1.203,1.101,0.085,0.402,0.749
0.465,0.55,1.112,1.203,1.1,0.086,0.402,0.748
0.464,0.55,1.111,1.202,1.1,0.085,0.402,0.748
0.464,0.55,1.111,1.202,1.099,0.085,0.402,0.747
0.464,0.55,1.11,1.201,1.099,0.085,0.402,0.747
0.464,0.549,1.11,1.201,1.099,0.085,0.402,0.746
0.464,0.549,1.109,1.2,1.098,0.085,0.402,0.746
0.463,0.549,1.109,1.2,1.098,0.085,0.402,0.746
0.463,0.549,1.108,1.199,1.098,0.085,0.401,0.745
0.463,0.549,1.108,1.199,1.097,0.085,0.401,0.745
0.463,0.548,1.107,1.198,1.097,0.085,0.401,0.745
0.462,0.548,1.107,1.198,1.096,0.085,0.401,0.744
0.462,0.548,1.106,1.197,1.096,0.085,0.401,0.744
0.462,0.548,1.106,1.197,1.096,0.085,0.401,0.744
0.462,0.548,1.105,1.197,1.095,0.085,0.401,0.743
0.461,0.548,1.105,1.196,1.095,0.085,0.401,0.743
0.461,0.547,1.104,1.196,1.094,0.085,0.401,0.743
0.461,0.547,1.104,1.195,1.094,0.085,0.401,0.742
0.461,0.547,1.103,1.195,1.094,0.085,0.4,0.741
0.46,0.547,1.103,1.194,1.093,0.085,0.4,0.741
0.46,0.547,1.102,1.194,1.093,0.085,0.4,0.741
0.46,0.546,1.102,1.193,1.092,0.085,0.4,0.741
0.46,0.546,1.101,1.193,1.092,0.085,0.4,0.74
0.459,0.546,1.101,1.192,1.092,0.085,0.4,0.74
0.459,0.546,1.1,1.192,1.091,0.085,0.4,0.74
0.459,0.545,1.1,1.192,1.091,0.085,0.4,0.739
0.459,0.545,1.1,1.191,1.09,0.085,0.4,0.739
0.458,0.545,1.099,1.191,1.09,0.085,0.4,0.739
0.458,0.545,1.099,1.19,1.09,0.085,0.399,0.739
0.458,0.545,1.098,1.19,1.089,0.084,0.399,0.738
0.458,0.545,1.097,1.189,1.089,0.085,0.399,0.738
0.457,0.545,1.097,1.189,1.088,0.084,0.399,0.737
0.457,0.544,1.097,1.188,1.088,0.084,0.399,0.737
0.457,0.544,1.096,1.188,1.088,0.084,0.399,0.737
0.457,0.544,1.096,1.188,1.087,0.084,0.399,0.737
0.457,0.544,1.095,1.187,1.087,0.084,0.399,0.736
0.456,0.544,1.095,1.187,1.087,0.084,0.399,0.736
0.456,0.544,1.094,1.186,1.086,0.084,0.398,0.735
0.456,0.543,1.094,1.186,1.086,0.084,0.399,0.735
0.456,0.543,1.093,1.185,1.086,0.084,0.398,0.735
0.455,0.543,1.093,1.185,1.085,0.084,0.398,0.734
0.455,0.543,1.092,1.184,1.085,0.084,0.398,0.734
0.455,0.543,1.092,1.184,1.084,0.084,0.398,0.734
0.455,0.543,1.091,1.183,1.084,0.084,0.398,0.733
0.454,0.542,1.091,1.183,1.084,0.084,0.398,0.733
0.454,0.542,1.091,1.182,1.083,0.084,0.398,0.733
0.454,0.542,1.09,1.182,1.083,0.084,0.398,0.733
0.454,0.542,1.089,1.182,1.082,0.084,0.398,0.732
0.454,0.542,1.089,1.181,1.082,0.084,0.398,0.732
0.453,0.542,1.089,1.181,1.082,0.084,0.397,0.731
0.453,0.542,1.088,1.18,1.081,0.084,0.397,0.731
0.453,0.542,1.088,1.18,1.081,0.084,0.397,0.731
0.453,0.541,1.087,1.179,1.081,0.084,0.397,0.731
0.452,0.541,1.087,1.179,1.08,0.084,0.397,0.73
0.452,0.541,1.086,1.178,1.08,0.084,0.397,0.73
0.452,0.541,1.086,1.178,1.079,0.084,0.397,0.729
0.452,0.541,1.085,1.177,1.079,0.084,0.397,0.729
0.451,0.54,1.085,1.177,1.079,0.084,0.396,0.729
0.451,0.54,1.084,1.176,1.078,0.084,0.396,0.729
0.451,0.54,1.084,1.176,1.078,0.083,0.396,0.728
0.451,0.54,1.084,1.175,1.078,0.084,0.396,0.728
0.451,0.54,1.083,1.175,1.077,0.084,0.396,0.728
0.45,0.54,1.082,1.174,1.077,0.084,0.396,0.727
0.45,0.54,1.082,1.174,1.077,0.084,0.396,0.727
0.45,0.539,1.082,1.174,1.076,0.084,0.396,0.727
0.45,0.539,1.081,1.173,1.076,0.084,0.396,0.726
0.45,0.539,1.081,1.173,1.076,0.083,0.396,0.726
0.449,0.539,1.08,1.172,1.075,0.083,0.396,0.726
0.449,0.539,1.08,1.172,1.075,0.083,0.395,0.726
0.449,0.539,1.079,1.171,1.075,0.083,0.395,0.725
0.449,0.539,1.079,1.171,1.074,0.083,0.395,0.725
0.448,0.538,1.079,1.171,1.074,0.083,0.395,0.724
0.448,0.538,1.078,1.17,1.073,0.083,0.395,0.724
0.448,0.538,1.078,1.17,1.073,0.083,0.395,0.724
0.448,0.538,1.077,1.169,1.073,0.083,0.395,0.723
0.448,0.538,1.077,1.169,1.072,0.083,0.395,0.723
0.447,0.538,1.076,1.169,1.072,0.083,0.395,0.723
0.447,0.538,1.076,1.168,1.072,0.083,0.395,0.723
0.447,0.537,1.075,1.167,1.071,0.083,0.394,0.722
0.447,0.537,1.075,1.167,1.071,0.083,0.394,0.722
0.447,0.537,1.074,1.167,1.07,0.083,0.395,0.722
0.446,0.537,1.074,1.166,1.07,0.083,0.394,0.721
0.446,0.537,1.073,1.166,1.07,0.083,0.394,0.721
0.446,0.537,1.073,1.165,1.069,0.083,0.394,0.721
0.446,0.536,1.073,1.165,1.069,0.083,0.394,0.72
0.446,0.536,1.072,1.164,1.069,0.083,0.394,0.72
0.445,0.536,1.072,1.164,1.068,0.083,0.394,0.72
0.445,0.536,1.071,1.164,1.068,0.083,0.394,0.72
0.445,0.536,1.071,1.163,1.068,0.083,0.394,0.719
0.445,0.535,1.07,1.163,1.067,0.083,0.394,0.719
0.445,0.535,1.07,1.162,1.067,0.083,0.393,0.719
0.444,0.535,1.07,1.162,1.066,0.083,0.393,0.718
0.444,0.535,1.069,1.161,1.066,0.083,0.393,0.718
0.444,0.535,1.069,1.161,1.066,0.083,0.393,0.718
0.444,0.535,1.068,1.161,1.066,0.083,0.393,0.718
0.444,0.535,1.068,1.16,1.065,0.083,0.393,0.717
0.443,0.535,1.067,1.16,1.065,0.083,0.393,0.717
0.443,0.534,1.067,1.159,1.065,0.083,0.393,0.717
0.443,0.534,1.066,1.159,1.064,0.083,0.393,0.716
0.443,0.534,1.066,1.158,1.064,0.083,0.393,0.716
0.442,0.534,1.065,1.158,1.063,0.083,0.392,0.716
0.442,0.534,1.065,1.158,1.063,0.082,0.392,0.716
0.442,0.533,1.064,1.157,1.063,0.082,0.392,0.715
0.442,0.533,1.064,1.157,1.062,0.082,0.392,0.715
0.442,0.533,1.064,1.156,1.062,0.082,0.392,0.715
0.441,0.533,1.063,1.156,1.062,0.082,0.392,0.714
0.441,0.533,1.063,1.156,1.061,0.082,0.392,0.714
0.441,0.533,1.062,1.155,1.061,0.082,0.392,0.714
0.441,0.532,1.062,1.155,1.061,0.082,0.392,0.714
0.441,0.532,1.062,1.154,1.06,0.082,0.392,0.713
0.44,0.532,1.061,1.154,1.06,0.082,0.392,0.713
0.44,0.532,1.061,1.154,1.06,0.082,0.392,0.713
0.44,0.532,1.06,1.153,1.059,0.082,0.391,0.712
0.44,0.531,1.06,1.153,1.059,0.082,0.391,0.712
0.44,0.531,1.059,1.152,1.058,0.082,0.391,0.712
0.439,0.531,1.059,1.152,1.058,0.082,0.391,0.712
0.439,0.531,1.058,1.152,1.058,0.082,0.391,0.711
0.439,0.531,1.058,1.151,1.057,0.082,0.391,0.711
0.439,0.531,1.058,1.151,1.057,0.082,0.391,0.71
0.439,0.53,1.057,1.15,1.057,0.082,0.391,0.71
0.438,0.53,1.057,1.15,1.056,0.082,0.391,0.71
0.438,0.53,1.057,1.149,1.056,0.082,0.391,0.71
0.438,0.53,1.056,1.149,1.056,0.082,0.39,0.71
0.438,0.53,1.056,1.149,1.055,0.082,0.391,0.709
0.438,0.53,1.055,1.148,1.055,0.082,0.39,0.709
0.437,0.529,1.055,1.148,1.055,0.082,0.39,0.709
0.437,0.529,1.054,1.147,1.054,0.082,0.39,0.708
0.437,0.529,1.054,1.147,1.054,0.082,0.39,0.708
0.437,0.529,1.053,1.147,1.054,0.082,0.39,0.708
0.437,0.529,1.053,1.146,1.053,0.082,0.39,0.708
0.436,0.529,1.052,1.146,1.053,0.082,0.39,0.707
0.436,0.528,1.052,1.145,1.053,0.081,0.389,0.707
0.436,0.529,1.052,1.144,1.052,0.082,0.39,0.707
0.436,0.528,1.051,1.144,1.052,0.082,0.389,0.706
0.435,0.528,1.051,1.144,1.051,0.081,0.389,0.706
0.435,0.528,1.05,1.143,1.051,0.081,0.389,0.706
0.435,0.528,1.05,1.143,1.051,0.081,0.389,0.705
0.435,0.527,1.049,1.142,1.05,0.081,0.389,0.705
0.434,0.527,1.049,1.142,1.05,0.081,0.389,0.705
0.434,0.527,1.048,1.141,1.05,0.081,0.389,0.705
0.434,0.527,1.048,1.141,1.049,0.081,0.389,0.704
0.434,0.527,1.047,1.141,1.049,0.081,0.388,0.704
0.433,0.527,1.047,1.14,1.048,0.081,0.388,0.704
0.433,0.526,1.046,1.139,1.048,0.081,0.388,0.703
0.433,0.526,1.046,1.139,1.048,0.081,0.388,0.703
0.433,0.526,1.045,1.138,1.047,0.081,0.388,0.703
0.433,0.526,1.045,1.138,1.047,0.081,0.388,0.702
0.432,0.526,1.044,1.138,1.047,0.081,0.388,0.702
0.432,0.525,1.044,1.137,1.046,0.081,0.388,0.702
0.432,0.525,1.044,1.137,1.046,0.081,0.387,0.701
0.432,0.525,1.043,1.136,1.046,0.081,0.387,0.701
0.431,0.525,1.043,1.136,1.045,0.081,0.387,0.701
0.431,0.525,1.042,1.136,1.045,0.081,0.387,0.701
0.431,0.525,1.042,1.135,1.045,0.081,0.387,0.7
0.431,0.525,1.041,1.135,1.044,0.081,0.387,0.7
0.431,0.524,1.041,1.134,1.044,0.081,0.387,0.7
0.43,0.524,1.04,1.134,1.043,0.081,0.387,0.699
0.43,0.524,1.04,1.133,1.043,0.081,0.386,0.699
0.43,0.524,1.039,1.133,1.043,0.08,0.386,0.699
0.43,0.524,1.039,1.133,1.042,0.081,0.386,0.698
0.43,0.523,1.038,1.132,1.042,0.08,0.386,0.698
0.429,0.523,1.038,1.132,1.042,0.08,0.386,0.698
0.429,0.523,1.037,1.132,1.041,0.08,0.386,0.697
0.429,0.523,1.037,1.131,1.041,0.08,0.386,0.697
0.428,0.523,1.037,1.131,1.04,0.08,0.385,0.697
0.428,0.523,1.036,1.13,1.04,0.08,0.385,0.696
0.428,0.522,1.035,1.13,1.04,0.08,0.385,0.696
0.428,0.522,1.035,1.129,1.039,0.08,0.385,0.695
0.428,0.522,1.034,1.129,1.039,0.08,0.385,0.695
0.427,0.522,1.034,1.128,1.038,0.08,0.385,0.695
0.427,0.522,1.033,1.128,1.038,0.08,0.385,0.694
0.427,0.521,1.033,1.127,1.038,0.08,0.385,0.694
0.427,0.521,1.032,1.127,1.037,0.08,0.385,0.694
0.426,0.521,1.032,1.127,1.037,0.08,0.385,0.693
0.426,0.521,1.032,1.126,1.037,0.08,0.384,0.693
0.426,0.52,1.031,1.126,1.036,0.08,0.384,0.693
0.426,0.52,1.031,1.125,1.036,0.08,0.384,0.693
0.425,0.52,1.03,1.124,1.035,0.08,0.384,0.692
0.425,0.52,1.03,1.124,1.035,0.08,0.384,0.692
0.425,0.52,1.029,1.124,1.035,0.08,0.384,0.692
0.425,0.519,1.029,1.123,1.034,0.08,0.383,0.692
0.425,0.519,1.028,1.123,1.034,0.08,0.383,0.691
0.424,0.519,1.028,1.122,1.033,0.08,0.383,0.691
0.424,0.519,1.027,1.122,1.033,0.08,0.383,0.691
0.424,0.519,1.026,1.122,1.033,0.08,0.383,0.69
0.424,0.519,1.026,1.121,1.032,0.079,0.383,0.69
0.423,0.518,1.026,1.121,1.032,0.08,0.383,0.69
0.423,0.518,1.025,1.121,1.032,0.079,0.383,0.689
0.423,0.518,1.025,1.12,1.032,0.079,0.382,0.689
0.423,0.518,1.024,1.12,1.031,0.079,0.382,0.689
0.422,0.518,1.024,1.119,1.031,0.079,0.382,0.688
0.422,0.518,1.023,1.119,1.03,0.079,0.382,0.688
0.422,0.518,1.023,1.118,1.03,0.079,0.382,0.688
0.422,0.517,1.022,1.118,1.029,0.079,0.382,0.688
0.421,0.517,1.022,1.117,1.029,0.079,0.381,0.687
0.421,0.517,1.021,1.117,1.029,0.079,0.381,0.687
0.421,0.517,1.02,1.116,1.028,0.079,0.381,0.687
0.421,0.517,1.02,1.116,1.028,0.079,0.381,0.687
0.42,0.517,1.019,1.115,1.027,0.079,0.381,0.686
0.42,0.517,1.019,1.115,1.027,0.079,0.381,0.686
0.42,0.516,1.018,1.114,1.027,0.079,0.38,0.686
0.42,0.516,1.018,1.114,1.026,0.079,0.38,0.685
0.419,0.516,1.017,1.113,1.026,0.079,0.38,0.685
0.419,0.516,1.016,1.112,1.025,0.079,0.38,0.684
0.419,0.516,1.016,1.112,1.025,0.079,0.38,0.684
0.419,0.515,1.015,1.112,1.024,0.079,0.38,0.684
0.418,0.515,1.015,1.111,1.024,0.079,0.379,0.683
0.418,0.515,1.014,1.111,1.024,0.079,0.379,0.683
0.418,0.515,1.014,1.11,1.023,0.079,0.379,0.683
0.418,0.515,1.013,1.11,1.023,0.079,0.379,0.683
0.417,0.514,1.013,1.109,1.022,0.078,0.379,0.682
0.417,0.514,1.012,1.109,1.022,0.078,0.379,0.682
0.417,0.514,1.012,1.109,1.022,0.079,0.379,0.681
0.417,0.514,1.011,1.108,1.021,0.079,0.378,0.681
0.416,0.513,1.011,1.107,1.021,0.078,0.378,0.681
0.416,0.513,1.01,1.107,1.02,0.078,0.378,0.681
0.416,0.513,1.01,1.106,1.02,0.078,0.378,0.68
0.416,0.513,1.009,1.106,1.02,0.078,0.378,0.68
0.415,0.513,1.009,1.106,1.019,0.078,0.378,0.68
0.415,0.513,1.008,1.105,1.019,0.078,0.378,0.68
0.415,0.513,1.008,1.105,1.019,0.078,0.377,0.679
0.415,0.513,1.007,1.105,1.018,0.078,0.377,0.679
0.415,0.512,1.007,1.104,1.018,0.078,0.377,0.679
0.415,0.512,1.007,1.104,1.018,0.078,0.377,0.679
0.414,0.512,1.006,1.104,1.018,0.078,0.377,0.678
0.414,0.512,1.006,1.103,1.017,0.078,0.377,0.678
0.414,0.511,1.005,1.103,1.017,0.078,0.377,0.678
0.413,0.511,1.005,1.103,1.017,0.078,0.376,0.678
0.413,0.511,1.004,1.102,1.016,0.078,0.376,0.677
0.413,0.511,1.004,1.101,1.015,0.078,0.376,0.677
0.413,0.511,1.003,1.101,1.015,0.078,0.376,0.676
0.413,0.51,1.002,1.1,1.014,0.078,0.376,0.676
0.412,0.51,1.002,1.099,1.014,0.078,0.376,0.675
0.412,0.51,1.001,1.099,1.013,0.078,0.376,0.675
0.412,0.51,1.0,1.098,1.012,0.078,0.375,0.674
0.412,0.51,1.0,1.098,1.012,0.078,0.375,0.674
0.411,0.51,0.999,1.097,1.012,0.078,0.375,0.674
0.411,0.51,0.999,1.096,1.011,0.078,0.375,0.674
0.411,0.509,0.998,1.096,1.011,0.078,0.375,0.673
0.411,0.509,0.998,1.096,1.011,0.078,0.375,0.673
0.411,0.509,0.997,1.095,1.01,0.078,0.374,0.673
0.41,0.509,0.997,1.095,1.01,0.078,0.374,0.673
0.41,0.509,0.997,1.095,1.01,0.078,0.374,0.673
0.41,0.509,0.996,1.094,1.01,0.078,0.374,0.672
0.41,0.509,0.996,1.094,1.009,0.078,0.374,0.672
0.41,0.509,0.995,1.094,1.009,0.078,0.374,0.672
0.41,0.509,0.995,1.094,1.009,0.078,0.374,0.671
0.409,0.509,0.995,1.093,1.009,0.078,0.374,0.671
0.409,0.508,0.994,1.093,1.009,0.078,0.374,0.671
0.409,0.508,0.994,1.092,1.008,0.078,0.374,0.671
0.409,0.508,0.993,1.092,1.008,0.078,0.374,0.671
0.409,0.508,0.993,1.092,1.008,0.078,0.373,0.67
0.409,0.508,0.993,1.091,1.008,0.078,0.373,0.67
0.409,0.507,0.993,1.091,1.007,0.078,0.373,0.67
0.408,0.507,0.992,1.091,1.007,0.078,0.373,0.67
0.408,0.507,0.992,1.091,1.007,0.078,0.373,0.67
0.408,0.507,0.991,1.09,1.006,0.078,0.373,0.669
0.408,0.507,0.991,1.09,1.006,0.077,0.373,0.669
0.408,0.507,0.991,1.09,1.006,0.077,0.373,0.669
0.408,0.507,0.99,1.09,1.006,0.078,0.373,0.669
0.408,0.507,0.99,1.089,1.006,0.077,0.373,0.669
0.407,0.506,0.99,1.089,1.005,0.077,0.373,0.669
0.407,0.506,0.989,1.088,1.005,0.077,0.373,0.668
0.407,0.506,0.989,1.088,1.005,0.078,0.372,0.668
0.407,0.506,0.989,1.088,1.005,0.078,0.373,0.668
0.407,0.506,0.988,1.087,1.005,0.078,0.372,0.668
0.407,0.506,0.988,1.087,1.004,0.077,0.372,0.668
0.407,0.506,0.988,1.087,1.004,0.077,0.372,0.667
0.406,0.506,0.987,1.086,1.004,0.077,0.372,0.667
0.406,0.506,0.987,1.086,1.004,0.077,0.372,0.667
0.406,0.506,0.987,1.086,1.004,0.077,0.372,0.667
0.406,0.505,0.986,1.086,1.003,0.077,0.372,0.666
0.406,0.505,0.986,1.085,1.003,0.077,0.372,0.666
0.406,0.505,0.986,1.085,1.003,0.077,0.372,0.666
0.406,0.505,0.985,1.085,1.003,0.077,0.372,0.666
0.406,0.505,0.985,1.085,1.003,0.077,0.372,0.666
0.406,0.505,0.985,1.084,1.003,0.077,0.372,0.665
0.405,0.505,0.985,1.084,1.003,0.078,0.372,0.665
0.405,0.505,0.984,1.084,1.002,0.077,0.372,0.665
0.405,0.505,0.984,1.084,1.002,0.077,0.372,0.665
0.405,0.505,0.984,1.083,1.002,0.077,0.371,0.665
0.405,0.504,0.983,1.083,1.002,0.077,0.371,0.664
0.405,0.504,0.983,1.083,1.001,0.077,0.371,0.664
0.405,0.504,0.983,1.082,1.001,0.077,0.371,0.664
0.404,0.504,0.982,1.082,1.001,0.077,0.371,0.664
0.404,0.504,0.982,1.082,1.001,0.077,0.371,0.664
0.404,0.504,0.982,1.082,1.001,0.077,0.371,0.664
0.404,0.504,0.981,1.081,1.001,0.077,0.371,0.663
0.404,0.504,0.981,1.081,1.0,0.077,0.371,0.663
0.404,0.504,0.981,1.081,1.0,0.077,0.371,0.663
0.404,0.504,0.98,1.081,1.0,0.077,0.371,0.663
0.403,0.503,0.98,1.08,1.0,0.077,0.371,0.663
0.403,0.503,0.98,1.08,1.0,0.077,0.371,0.663
0.403,0.503,0.979,1.08,1.0,0.077,0.371,0.662
0.403,0.503,0.979,1.08,0.999,0.077,0.37,0.663
0.403,0.503,0.979,1.079,0.999,0.077,0.371,0.662
0.403,0.503,0.979,1.079,0.999,0.077,0.37,0.662
0.403,0.503,0.978,1.079,0.999,0.077,0.37,0.662
0.403,0.503,0.978,1.079,0.999,0.077,0.37,0.662
0.402,0.502,0.978,1.078,0.998,0.077,0.37,0.661
0.402,0.502,0.977,1.078,0.998,0.077,0.37,0.661
0.402,0.502,0.977,1.078,0.998,0.077,0.37,0.661
0.402,0.502,0.977,1.077,0.998,0.077,0.37,0.661
0.402,0.502,0.976,1.077,0.997,0.077,0.37,0.661
0.402,0.502,0.976,1.077,0.997,0.077,0.37,0.661
0.402,0.502,0.976,1.077,0.997,0.077,0.37,0.66
0.402,0.502,0.975,1.076,0.997,0.077,0.37,0.66
0.401,0.502,0.975,1.076,0.997,0.077,0.37,0.66
0.401,0.502,0.975,1.076,0.997,0.077,0.37,0.66
0.401,0.502,0.974,1.075,0.996,0.077,0.369,0.66
0.401,0.501,0.974,1.075,0.996,0.077,0.37,0.659
0.401,0.501,0.974,1.075,0.996,0.077,0.37,0.659
0.401,0.501,0.973,1.075,0.996,0.077,0.369,0.659
0.401,0.501,0.973,1.074,0.995,0.077,0.369,0.659
0.401,0.501,0.973,1.074,0.995,0.077,0.369,0.659
0.4,0.501,0.973,1.074,0.995,0.077,0.369,0.659
0.4,0.501,0.972,1.074,0.995,0.077,0.369,0.658
0.4,0.501,0.972,1.073,0.994,0.077,0.369,0.658
0.4,0.5,0.971,1.073,0.994,0.077,0.369,0.658
0.4,0.5,0.971,1.073,0.994,0.077,0.369,0.658
0.4,0.5,0.971,1.072,0.994,0.077,0.369,0.658
0.4,0.5,0.971,1.072,0.994,0.077,0.369,0.658
0.4,0.5,0.97,1.072,0.993,0.077,0.369,0.657
0.399,0.5,0.97,1.072,0.993,0.077,0.369,0.657
0.399,0.5,0.97,1.071,0.993,0.077,0.369,0.657
0.399,0.5,0.969,1.071,0.993,0.077,0.369,0.657
0.399,0.5,0.969,1.071,0.992,0.077,0.368,0.657
0.399,0.5,0.969,1.071,0.992,0.077,0.368,0.656
0.399,0.5,0.968,1.07,0.992,0.077,0.368,0.656
0.399,0.5,0.968,1.07,0.992,0.077,0.368,0.656
0.399,0.5,0.968,1.07,0.992,0.077,0.368,0.656
0.398,0.499,0.968,1.07,0.992,0.077,0.368,0.656
0.398,0.499,0.967,1.069,0.991,0.077,0.368,0.656
0.398,0.499,0.967,1.069,0.991,0.077,0.368,0.656
0.398,0.499,0.967,1.069,0.991,0.077,0.368,0.655
0.398,0.499,0.966,1.068,0.991,0.077,0.368,0.655
0.398,0.499,0.966,1.068,0.991,0.077,0.368,0.655
0.398,0.499,0.966,1.068,0.99,0.077,0.368,0.655
0.398,0.499,0.965,1.067,0.99,0.077,0.368,0.655
0.397,0.498,0.965,1.067,0.99,0.077,0.368,0.655
0.397,0.498,0.964,1.067,0.99,0.077,0.368,0.655
0.397,0.498,0.964,1.066,0.99,0.077,0.368,0.655
0.397,0.498,0.964,1.066,0.989,0.077,0.368,0.654
0.397,0.498,0.964,1.066,0.989,0.077,0.367,0.654
0.397,0.498,0.963,1.066,0.989,0.077,0.367,0.654
0.397,0.498,0.963,1.066,0.988,0.077,0.367,0.654
0.397,0.498,0.963,1.065,0.988,0.077,0.367,0.653
0.397,0.498,0.963,1.065,0.988,0.077,0.367,0.653
0.396,0.497,0.962,1.065,0.988,0.077,0.367,0.653
0.396,0.497,0.962,1.064,0.988,0.076,0.367,0.653
0.396,0.497,0.962,1.064,0.988,0.077,0.367,0.653
0.396,0.497,0.961,1.064,0.987,0.077,0.367,0.653
0.396,0.497,0.961,1.063,0.987,0.077,0.367,0.653
0.396,0.497,0.961,1.063,0.987,0.077,0.367,0.653
0.396,0.497,0.96,1.063,0.987,0.077,0.367,0.652
0.395,0.497,0.96,1.062,0.987,0.076,0.367,0.652
0.395,0.496,0.96,1.062,0.986,0.077,0.367,0.652
0.395,0.496,0.959,1.062,0.986,0.077,0.366,0.652
0.395,0.496,0.959,1.061,0.986,0.076,0.366,0.651
0.395,0.496,0.959,1.061,0.985,0.076,0.366,0.651
0.395,0.496,0.958,1.061,0.985,0.076,0.366,0.651
0.395,0.496,0.958,1.061,0.985,0.076,0.366,0.651
0.395,0.495,0.958,1.061,0.985,0.076,0.366,0.651
0.394,0.495,0.957,1.06,0.985,0.076,0.366,0.651
0.394,0.495,0.957,1.06,0.984,0.076,0.366,0.65
0.394,0.495,0.957,1.06,0.984,0.076,0.366,0.651
0.394,0.495,0.957,1.06,0.984,0.076,0.366,0.65
0.394,0.495,0.956,1.059,0.984,0.076,0.366,0.65
0.394,0.495,0.956,1.059,0.984,0.076,0.366,0.65
0.394,0.494,0.956,1.059,0.983,0.076,0.366,0.65
0.394,0.494,0.955,1.058,0.983,0.076,0.366,0.65
0.393,0.494,0.955,1.058,0.983,0.076,0.366,0.649
0.393,0.494,0.955,1.058,0.983,0.076,0.366,0.649
0.393,0.494,0.954,1.058,0.982,0.076,0.366,0.649
0.393,0.494,0.954,1.057,0.982,0.076,0.365,0.649
0.393,0.494,0.954,1.057,0.982,0.076,0.365,0.649
0.393,0.494,0.954,1.057,0.982,0.076,0.365,0.648
0.393,0.494,0.953,1.056,0.982,0.076,0.365,0.648
0.393,0.494,0.953,1.056,0.981,0.076,0.365,0.648
0.392,0.494,0.953,1.056,0.981,0.076,0.365,0.648
0.392,0.494,0.952,1.055,0.981,0.076,0.365,0.648
0.392,0.494,0.952,1.055,0.981,0.076,0.365,0.648
0.392,0.493,0.952,1.055,0.981,0.076,0.365,0.647
0.392,0.493,0.951,1.055,0.98,0.076,0.365,0.647
0.392,0.493,0.951,1.054,0.98,0.076,0.365,0.647
0.392,0.493,0.951,1.054,0.98,0.076,0.365,0.647
0.392,0.493,0.95,1.054,0.98,0.076,0.365,0.647
0.392,0.493,0.95,1.053,0.98,0.076,0.365,0.647
0.391,0.493,0.95,1.053,0.979,0.076,0.365,0.647
0.391,0.493,0.95,1.053,0.979,0.076,0.365,0.646
0.391,0.493,0.949,1.053,0.979,0.076,0.365,0.646
0.391,0.492,0.949,1.052,0.979,0.076,0.364,0.646
0.391,0.492,0.949,1.052,0.979,0.076,0.364,0.646
0.391,0.492,0.948,1.052,0.978,0.076,0.364,0.646
0.391,0.492,0.948,1.052,0.978,0.076,0.364,0.645
0.39,0.492,0.948,1.051,0.978,0.076,0.364,0.645
0.39,0.492,0.948,1.051,0.978,0.076,0.364,0.645
0.39,0.492,0.947,1.051,0.977,0.076,0.364,0.645
0.39,0.491,0.947,1.051,0.977,0.076,0.364,0.645
0.39,0.492,0.947,1.05,0.977,0.076,0.364,0.644
0.39,0.491,0.946,1.05,0.977,0.076,0.364,0.645
0.39,0.491,0.946,1.05,0.977,0.076,0.364,0.644
0.39,0.491,0.946,1.049,0.976,0.076,0.364,0.644
0.39,0.491,0.945,1.049,0.976,0.076,0.364,0.644
0.389,0.491,0.945,1.049,0.976,0.076,0.364,0.644
0.389,0.491,0.945,1.049,0.976,0.076,0.364,0.644
0.389,0.491,0.944,1.048,0.976,0.076,0.363,0.643
0.389,0.491,0.944,1.048,0.975,0.076,0.363,0.643
0.389,0.491,0.944,1.048,0.975,0.076,0.363,0.643
0.389,0.491,0.944,1.048,0.975,0.076,0.363,0.643
0.389,0.491,0.943,1.047,0.975,0.076,0.363,0.643
0.389,0.491,0.943,1.047,0.974,0.076,0.363,0.643
0.389,0.49,0.942,1.047,0.974,0.076,0.363,0.642
0.389,0.491,0.942,1.046,0.974,0.076,0.363,0.642
0.388,0.49,0.942,1.046,0.974,0.076,0.363,0.642
0.388,0.49,0.942,1.046,0.974,0.076,0.363,0.642
0.388,0.49,0.942,1.046,0.974,0.076,0.363,0.642
0.388,0.49,0.941,1.045,0.974,0.076,0.363,0.642
0.388,0.49,0.941,1.045,0.973,0.076,0.363,0.641
0.388,0.49,0.941,1.045,0.973,0.076,0.363,0.641
0.388,0.49,0.94,1.044,0.973,0.076,0.363,0.641
0.388,0.49,0.94,1.044,0.973,0.076,0.363,0.641
0.388,0.49,0.94,1.044,0.972,0.076,0.363,0.641
0.387,0.489,0.939,1.044,0.972,0.076,0.363,0.641
0.387,0.489,0.939,1.044,0.972,0.076,0.362,0.64
0.387,0.489,0.939,1.043,0.972,0.076,0.362,0.64
0.387,0.489,0.939,1.043,0.972,0.076,0.362,0.64
0.387,0.489,0.938,1.043,0.972,0.076,0.362,0.64
0.387,0.489,0.938,1.042,0.971,0.076,0.362,0.64
0.387,0.489,0.938,1.042,0.971,0.076,0.362,0.64
0.387,0.489,0.937,1.042,0.971,0.076,0.362,0.639
0.387,0.489,0.937,1.042,0.971,0.076,0.362,0.639
0.386,0.489,0.937,1.042,0.97,0.076,0.362,0.639
0.386,0.489,0.937,1.041,0.97,0.076,0.362,0.639
0.386,0.488,0.936,1.041,0.97,0.076,0.362,0.639
0.386,0.488,0.936,1.041,0.97,0.076,0.362,0.638
0.386,0.488,0.936,1.041,0.97,0.076,0.362,0.638
0.386,0.488,0.935,1.04,0.969,0.076,0.362,0.638
0.386,0.488,0.935,1.04,0.969,0.076,0.362,0.638
0.386,0.488,0.935,1.04,0.969,0.076,0.362,0.638
0.385,0.488,0.935,1.039,0.969,0.076,0.361,0.638
0.385,0.488,0.934,1.039,0.969,0.076,0.361,0.638
0.385,0.488,0.934,1.039,0.968,0.076,0.361,0.637
0.385,0.488,0.934,1.039,0.968,0.075,0.361,0.637
0.385,0.488,0.933,1.038,0.968,0.076,0.361,0.637
0.385,0.487,0.933,1.038,0.968,0.076,0.361,0.637
0.385,0.487,0.933,1.038,0.967,0.076,0.361,0.636
0.385,0.487,0.933,1.038,0.967,0.076,0.361,0.636
0.385,0.487,0.932,1.037,0.967,0.076,0.361,0.636
0.385,0.487,0.932,1.037,0.967,0.076,0.361,0.636
0.384,0.487,0.932,1.037,0.967,0.076,0.361,0.636
0.384,0.487,0.932,1.037,0.966,0.076,0.361,0.636
0.384,0.487,0.931,1.037,0.966,0.076,0.361,0.635
0.384,0.487,0.931,1.036,0.966,0.075,0.361,0.635
0.384,0.487,0.931,1.036,0.966,0.075,0.361,0.635
0.384,0.487,0.931,1.036,0.966,0.076,0.36,0.635
0.384,0.487,0.93,1.036,0.965,0.075,0.36,0.635
0.384,0.487,0.93,1.035,0.965,0.075,0.36,0.634
0.383,0.487,0.93,1.035,0.965,0.075,0.36,0.634
0.384,0.487,0.929,1.035,0.965,0.075,0.36,0.634
0.383,0.487,0.929,1.035,0.965,0.075,0.36,0.634
0.383,0.486,0.929,1.034,0.965,0.076,0.36,0.634
0.383,0.486,0.929,1.034,0.964,0.076,0.36,0.633
0.383,0.486,0.928,1.034,0.964,0.075,0.36,0.633
0.383,0.486,0.928,1.034,0.964,0.075,0.36,0.633
0.383,0.486,0.928,1.033,0.964,0.075,0.36,0.633
0.383,0.486,0.927,1.033,0.964,0.075,0.36,0.633
0.382,0.486,0.927,1.033,0.964,0.075,0.36,0.633
0.382,0.486,0.927,1.032,0.963,0.075,0.36,0.632
0.382,0.486,0.926,1.032,0.963,0.075,0.36,0.632
0.382,0.486,0.926,1.032,0.963,0.075,0.36,0.632
0.382,0.486,0.926,1.032,0.963,0.075,0.36,0.632
0.382,0.485,0.926,1.031,0.962,0.075,0.359,0.632
0.382,0.485,0.925,1.031,0.962,0.075,0.359,0.631
0.382,0.485,0.925,1.031,0.962,0.075,0.359,0.631
0.382,0.485,0.925,1.031,0.962,0.075,0.359,0.631
0.381,0.485,0.924,1.03,0.962,0.075,0.359,0.631
0.381,0.485,0.924,1.03,0.961,0.075,0.359,0.631
0.381,0.485,0.924,1.03,0.961,0.075,0.359,0.631
0.381,0.484,0.924,1.03,0.961,0.075,0.359,0.63
0.381,0.484,0.923,1.03,0.961,0.075,0.359,0.63
0.381,0.484,0.923,1.029,0.961,0.075,0.359,0.63
0.381,0.484,0.923,1.029,0.96,0.075,0.359,0.63
0.381,0.484,0.922,1.029,0.96,0.075,0.359,0.63
0.381,0.484,0.922,1.028,0.96,0.075,0.359,0.63
0.38,0.484,0.922,1.028,0.96,0.075,0.358,0.629
0.38,0.484,0.922,1.028,0.96,0.075,0.358,0.629
0.38,0.484,0.921,1.028,0.96,0.075,0.358,0.629
0.38,0.483,0.921,1.028,0.96,0.075,0.358,0.629
0.38,0.483,0.921,1.028,0.959,0.075,0.358,0.629
0.38,0.483,0.921,1.027,0.959,0.075,0.358,0.629
0.38,0.483,0.92,1.027,0.959,0.075,0.358,0.628
0.38,0.483,0.92,1.027,0.959,0.075,0.358,0.628
0.38,0.483,0.92,1.026,0.959,0.075,0.358,0.628
0.38,0.483,0.919,1.026,0.958,0.075,0.358,0.628
0.379,0.483,0.919,1.026,0.958,0.075,0.358,0.628
0.379,0.483,0.919,1.026,0.958,0.075,0.358,0.628
0.379,0.482,0.918,1.026,0.958,0.075,0.358,0.628
0.379,0.482,0.918,1.025,0.958,0.075,0.358,0.628
0.379,0.482,0.918,1.025,0.957,0.075,0.358,0.627
0.379,0.482,0.918,1.025,0.957,0.075,0.358,0.627
0.379,0.482,0.918,1.025,0.957,0.075,0.358,0.627
0.379,0.482,0.917,1.024,0.957,0.075,0.358,0.627
0.378,0.482,0.917,1.024,0.957,0.075,0.357,0.627
0.378,0.482,0.917,1.024,0.956,0.075,0.357,0.626
0.378,0.481,0.916,1.024,0.956,0.075,0.357,0.626
0.378,0.481,0.916,1.023,0.956,0.075,0.357,0.626
0.378,0.481,0.916,1.023,0.956,0.075,0.357,0.626
0.378,0.481,0.915,1.023,0.956,0.075,0.357,0.626
0.378,0.481,0.915,1.023,0.955,0.075,0.357,0.626
0.378,0.481,0.915,1.022,0.955,0.075,0.357,0.625
0.378,0.481,0.915,1.022,0.955,0.075,0.357,0.625
0.377,0.48,0.914,1.022,0.955,0.075,0.357,0.625
0.377,0.48,0.914,1.021,0.955,0.075,0.357,0.625
0.377,0.48,0.914,1.021,0.954,0.075,0.357,0.625
0.377,0.48,0.914,1.021,0.954,0.075,0.357,0.625
0.377,0.48,0.913,1.021,0.954,0.075,0.357,0.624
0.377,0.48,0.913,1.02,0.953,0.075,0.356,0.624
0.377,0.48,0.912,1.02,0.953,0.075,0.357,0.624
0.377,0.48,0.912,1.02,0.953,0.075,0.356,0.624
0.377,0.48,0.912,1.02,0.953,0.075,0.356,0.624
0.377,0.48,0.912,1.02,0.953,0.075,0.356,0.623
0.376,0.48,0.911,1.019,0.952,0.075,0.356,0.623
0.376,0.48,0.911,1.019,0.952,0.075,0.356,0.623
0.376,0.48,0.911,1.019,0.952,0.075,0.356,0.623
0.376,0.48,0.911,1.018,0.952,0.075,0.356,0.623
0.376,0.48,0.911,1.018,0.952,0.075,0.356,0.623
0.376,0.479,0.91,1.018,0.951,0.075,0.356,0.623
0.376,0.479,0.91,1.018,0.951,0.075,0.356,0.622
0.376,0.479,0.91,1.018,0.951,0.075,0.356,0.622
0.375,0.479,0.909,1.017,0.95,0.075,0.356,0.622
0.375,0.479,0.909,1.017,0.95,0.075,0.356,0.622
0.375,0.479,0.909,1.017,0.95,0.075,0.355,0.622
0.375,0.479,0.908,1.017,0.95,0.074,0.355,0.622
0.375,0.479,0.908,1.016,0.95,0.074,0.355,0.621
0.375,0.478,0.908,1.016,0.949,0.075,0.355,0.621
0.375,0.478,0.908,1.016,0.949,0.075,0.355,0.621
0.375,0.478,0.907,1.015,0.949,0.075,0.355,0.621
0.375,0.478,0.907,1.015,0.949,0.075,0.355,0.621
0.374,0.478,0.907,1.015,0.948,0.075,0.355,0.621
0.374,0.478,0.906,1.015,0.948,0.075,0.355,0.62
0.374,0.478,0.906,1.015,0.948,0.074,0.355,0.62
0.374,0.478,0.906,1.014,0.948,0.075,0.355,0.62
0.374,0.478,0.906,1.014,0.948,0.075,0.355,0.62
0.374,0.478,0.905,1.014,0.947,0.074,0.355,0.619
0.374,0.477,0.905,1.014,0.947,0.075,0.355,0.619
0.374,0.477,0.905,1.014,0.947,0.074,0.355,0.619
0.374,0.477,0.905,1.013,0.947,0.074,0.355,0.619
0.373,0.477,0.904,1.013,0.946,0.074,0.354,0.619
0.373,0.477,0.904,1.013,0.946,0.074,0.354,0.619
0.373,0.477,0.904,1.013,0.946,0.074,0.354,0.618
0.373,0.477,0.903,1.012,0.946,0.074,0.354,0.618
0.373,0.477,0.903,1.012,0.946,0.074,0.354,0.618
0.373,0.477,0.903,1.012,0.945,0.074,0.354,0.618
0.373,0.477,0.903,1.012,0.945,0.074,0.354,0.618
0.373,0.477,0.902,1.012,0.945,0.075,0.354,0.618
0.372,0.477,0.902,1.011,0.945,0.074,0.354,0.618
0.372,0.477,0.902,1.011,0.945,0.074,0.354,0.617
0.372,0.477,0.902,1.011,0.945,0.074,0.354,0.617
0.372,0.477,0.901,1.011,0.944,0.074,0.354,0.617
0.372,0.476,0.901,1.01,0.944,0.074,0.354,0.617
0.372,0.476,0.901,1.01,0.944,0.074,0.354,0.617
0.372,0.476,0.9,1.01,0.944,0.074,0.353,0.617
0.372,0.476,0.9,1.01,0.944,0.074,0.353,0.616
0.372,0.476,0.9,1.009,0.943,0.074,0.353,0.616
0.371,0.476,0.9,1.009,0.943,0.074,0.353,0.616
0.372,0.476,0.899,1.009,0.943,0.074,0.353,0.616
0.371,0.476,0.899,1.009,0.943,0.074,0.353,0.616
0.371,0.476,0.899,1.009,0.943,0.074,0.353,0.616
0.371,0.476,0.899,1.008,0.942,0.074,0.353,0.615
0.371,0.476,0.898,1.008,0.942,0.074,0.353,0.615
0.371,0.476,0.898,1.008,0.942,0.074,0.353,0.615
0.371,0.476,0.898,1.008,0.942,0.074,0.353,0.615
0.371,0.476,0.898,1.007,0.941,0.074,0.353,0.615
0.371,0.476,0.897,1.007,0.941,0.074,0.353,0.615
0.371,0.475,0.897,1.007,0.941,0.074,0.353,0.615
0.37,0.475,0.897,1.007,0.941,0.074,0.353,0.614
0.37,0.475,0.896,1.007,0.941,0.074,0.352,0.614
0.37,0.475,0.896,1.007,0.94,0.074,0.352,0.614
0.37,0.475,0.896,1.006,0.94,0.074,0.352,0.614
0.37,0.475,0.896,1.006,0.94,0.074,0.352,0.614
0.37,0.475,0.895,1.006,0.94,0.074,0.352,0.613
0.37,0.475,0.895,1.005,0.94,0.074,0.352,0.613
0.37,0.475,0.895,1.005,0.939,0.074,0.352,0.613
0.37,0.475,0.895,1.005,0.939,0.074,0.352,0.613
0.369,0.474,0.894,1.005,0.939,0.074,0.352,0.613
0.369,0.474,0.894,1.005,0.939,0.074,0.352,0.613
0.369,0.474,0.894,1.005,0.939,0.074,0.352,0.612
0.369,0.474,0.894,1.004,0.939,0.074,0.352,0.612
0.369,0.474,0.893,1.004,0.938,0.074,0.352,0.612
0.369,0.474,0.893,1.004,0.938,0.074,0.352,0.612
0.369,0.474,0.893,1.003,0.938,0.074,0.352,0.612
0.369,0.474,0.892,1.003,0.938,0.074,0.352,0.612
0.369,0.474,0.892,1.003,0.938,0.074,0.351,0.612
0.369,0.474,0.892,1.003,0.937,0.074,0.351,0.611
0.368,0.474,0.892,1.002,0.937,0.074,0.351,0.611
0.368,0.473,0.891,1.002,0.937,0.074,0.351,0.611
0.368,0.473,0.891,1.002,0.937,0.074,0.351,0.611
0.368,0.473,0.891,1.002,0.937,0.074,0.351,0.611
0.368,0.473,0.891,1.002,0.936,0.074,0.351,0.611
0.368,0.473,0.89,1.001,0.936,0.074,0.351,0.61
0.368,0.473,0.89,1.001,0.936,0.074,0.351,0.61
0.368,0.473,0.89,1.001,0.936,0.074,0.351,0.61
0.368,0.472,0.89,1.001,0.936,0.074,0.351,0.61
0.368,0.472,0.889,1.0,0.936,0.074,0.351,0.61
0.367,0.472,0.889,1.0,0.935,0.074,0.351,0.61
0.367,0.472,0.889,1.0,0.935,0.074,0.351,0.61
0.367,0.472,0.889,1.0,0.935,0.074,0.351,0.609
0.367,0.472,0.888,1.0,0.935,0.074,0.35,0.609
0.367,0.472,0.888,0.999,0.935,0.074,0.35,0.609
0.367,0.472,0.888,0.999,0.935,0.074,0.35,0.609
0.367,0.471,0.888,0.999,0.934,0.074,0.351,0.609
0.367,0.471,0.887,0.999,0.934,0.074,0.35,0.608
0.367,0.471,0.887,0.999,0.934,0.074,0.35,0.608
0.367,0.471,0.887,0.998,0.934,0.074,0.35,0.608
0.367,0.471,0.887,0.998,0.934,0.074,0.35,0.608
0.367,0.471,0.886,0.998,0.934,0.074,0.35,0.608
0.366,0.471,0.886,0.998,0.933,0.074,0.35,0.608
0.366,0.471,0.886,0.997,0.933,0.074,0.35,0.608
0.366,0.471,0.885,0.997,0.933,0.074,0.35,0.607
0.366,0.471,0.885,0.997,0.933,0.074,0.35,0.607
0.366,0.471,0.885,0.997,0.933,0.074,0.35,0.607
0.366,0.471,0.885,0.997,0.933,0.074,0.35,0.607
0.366,0.471,0.885,0.997,0.933,0.074,0.35,0.607
0.366,0.471,0.884,0.996,0.932,0.074,0.35,0.607
0.366,0.47,0.884,0.996,0.932,0.074,0.35,0.607
0.366,0.47,0.884,0.996,0.932,0.074,0.349,0.606
0.366,0.47,0.884,0.996,0.932,0.074,0.349,0.606
0.365,0.47,0.883,0.996,0.932,0.074,0.35,0.606
0.365,0.47,0.883,0.995,0.931,0.074,0.349,0.606
0.365,0.47,0.883,0.995,0.931,0.074,0.349,0.606
0.365,0.47,0.883,0.995,0.931,0.074,0.349,0.606
0.365,0.47,0.883,0.995,0.931,0.074,0.349,0.605
0.365,0.47,0.882,0.995,0.931,0.074,0.349,0.605
0.365,0.47,0.882,0.994,0.931,0.074,0.349,0.605
0.365,0.47,0.882,0.994,0.93,0.074,0.349,0.605
0.365,0.47,0.882,0.994,0.93,0.074,0.349,0.605
0.365,0.47,0.881,0.994,0.93,0.073,0.349,0.605
0.364,0.47,0.881,0.994,0.93,0.074,0.349,0.604
0.364,0.47,0.881,0.994,0.93,0.074,0.349,0.604
0.364,0.47,0.881,0.993,0.93,0.074,0.348,0.604
0.364,0.47,0.88,0.993,0.929,0.074,0.349,0.604
0.364,0.47,0.88,0.993,0.929,0.074,0.349,0.604
0.364,0.47,0.88,0.993,0.929,0.074,0.348,0.604
0.364,0.47,0.879,0.993,0.929,0.073,0.348,0.604
0.364,0.47,0.879,0.992,0.929,0.074,0.348,0.604
0.364,0.47,0.879,0.992,0.929,0.073,0.348,0.603
0.364,0.469,0.879,0.992,0.929,0.074,0.348,0.603
0.363,0.469,0.879,0.992,0.928,0.074,0.348,0.603
0.363,0.469,0.879,0.991,0.928,0.073,0.348,0.603
0.363,0.469,0.878,0.991,0.928,0.073,0.348,0.603
0.363,0.469,0.878,0.991,0.928,0.073,0.348,0.603
0.363,0.469,0.878,0.991,0.927,0.073,0.348,0.602
0.363,0.469,0.877,0.99,0.927,0.073,0.348,0.602
0.363,0.469,0.877,0.99,0.927,0.073,0.348,0.602
0.363,0.469,0.877,0.99,0.927,0.073,0.348,0.602
0.363,0.468,0.877,0.99,0.927,0.073,0.348,0.602
0.363,0.468,0.876,0.99,0.926,0.073,0.348,0.602
0.362,0.468,0.876,0.989,0.926,0.073,0.348,0.602
0.362,0.468,0.876,0.989,0.926,0.073,0.347,0.601
0.362,0.468,0.875,0.989,0.926,0.073,0.347,0.601
0.362,0.468,0.875,0.989,0.926,0.073,0.347,0.601
0.362,0.468,0.875,0.988,0.925,0.073,0.347,0.601
0.362,0.468,0.875,0.988,0.925,0.073,0.347,0.601
0.362,0.468,0.874,0.988,0.925,0.073,0.347,0.6
0.361,0.467,0.874,0.988,0.925,0.073,0.347,0.6
0.361,0.467,0.874,0.987,0.925,0.073,0.347,0.6
0.361,0.467,0.873,0.987,0.924,0.073,0.347,0.6
0.361,0.467,0.873,0.987,0.924,0.073,0.347,0.6
0.361,0.467,0.873,0.987,0.924,0.073,0.347,0.6
0.361,0.467,0.873,0.987,0.924,0.073,0.346,0.599
0.361,0.467,0.872,0.986,0.923,0.073,0.346,0.599
0.361,0.467,0.872,0.986,0.923,0.073,0.346,0.599
0.361,0.466,0.872,0.986,0.923,0.073,0.346,0.599
0.36,0.466,0.872,0.986,0.923,0.073,0.346,0.599
0.36,0.466,0.871,0.985,0.923,0.073,0.346,0.598
0.36,0.466,0.871,0.985,0.922,0.073,0.346,0.598
0.36,0.466,0.871,0.985,0.922,0.073,0.346,0.598
0.36,0.466,0.87,0.984,0.922,0.073,0.346,0.598
0.36,0.465,0.87,0.984,0.922,0.073,0.346,0.598
0.36,0.465,0.87,0.984,0.921,0.073,0.345,0.597
0.36,0.465,0.869,0.983,0.921,0.073,0.345,0.597
0.359,0.465,0.869,0.983,0.921,0.073,0.345,0.597
0.359,0.465,0.869,0.983,0.92,0.073,0.345,0.597
0.359,0.465,0.868,0.983,0.92,0.073,0.345,0.597
0.359,0.465,0.868,0.982,0.92,0.073,0.345,0.596
0.359,0.465,0.868,0.982,0.92,0.073,0.345,0.596
0.359,0.464,0.867,0.982,0.92,0.073,0.345,0.596
0.358,0.464,0.867,0.982,0.919,0.073,0.345,0.596
0.358,0.464,0.867,0.981,0.919,0.073,0.345,0.596
0.358,0.464,0.866,0.981,0.919,0.073,0.344,0.596
0.358,0.464,0.866,0.981,0.918,0.073,0.344,0.595
0.358,0.464,0.866,0.981,0.918,0.073,0.344,0.595
0.358,0.464,0.865,0.98,0.918,0.073,0.344,0.595
0.358,0.464,0.865,0.98,0.918,0.073,0.344,0.595
0.358,0.464,0.865,0.98,0.917,0.073,0.344,0.595
0.358,0.464,0.864,0.98,0.917,0.073,0.344,0.595
0.357,0.464,0.864,0.979,0.917,0.072,0.344,0.594
0.357,0.464,0.864,0.979,0.917,0.072,0.344,0.594
0.357,0.464,0.863,0.979,0.916,0.072,0.344,0.594
0.357,0.464,0.863,0.979,0.916,0.072,0.344,0.594
0.357,0.463,0.863,0.978,0.916,0.072,0.343,0.594
0.357,0.463,0.862,0.978,0.916,0.072,0.343,0.593
0.357,0.463,0.862,0.978,0.915,0.072,0.343,0.593
0.356,0.463,0.862,0.977,0.915,0.072,0.343,0.593
0.356,0.463,0.861,0.977,0.915,0.072,0.343,0.593
0.356,0.463,0.861,0.977,0.915,0.072,0.343,0.593
0.356,0.463,0.861,0.976,0.914,0.072,0.343,0.592
0.356,0.463,0.86,0.976,0.914,0.072,0.343,0.592
0.356,0.463,0.86,0.976,0.914,0.072,0.342,0.592
0.355,0.462,0.86,0.975,0.913,0.072,0.342,0.592
0.355,0.462,0.859,0.975,0.913,0.072,0.342,0.592
0.355,0.462,0.859,0.975,0.913,0.072,0.342,0.591
0.355,0.462,0.858,0.974,0.912,0.072,0.342,0.591
0.355,0.462,0.858,0.974,0.912,0.072,0.342,0.591
0.355,0.462,0.858,0.973,0.912,0.072,0.342,0.591
0.355,0.462,0.857,0.973,0.911,0.072,0.342,0.591
0.355,0.461,0.857,0.973,0.911,0.072,0.342,0.59
0.355,0.461,0.857,0.972,0.911,0.072,0.342,0.59
0.355,0.461,0.856,0.972,0.911,0.072,0.341,0.59
0.355,0.461,0.856,0.972,0.911,0.072,0.341,0.59
0.355,0.461,0.856,0.972,0.91,0.072,0.341,0.59
0.354,0.461,0.856,0.972,0.91,0.072,0.341,0.59
0.354,0.461,0.856,0.972,0.91,0.072,0.341,0.59
0.354,0.461,0.855,0.971,0.91,0.072,0.341,0.59
0.354,0.461,0.855,0.971,0.91,0.072,0.341,0.59
0.354,0.461,0.855,0.971,0.91,0.072,0.341,0.589
0.354,0.461,0.854,0.971,0.91,0.072,0.341,0.59
0.354,0.461,0.854,0.971,0.909,0.072,0.341,0.589
0.354,0.461,0.854,0.971,0.909,0.072,0.341,0.589
0.354,0.461,0.854,0.97,0.909,0.072,0.341,0.589
0.354,0.461,0.854,0.97,0.909,0.072,0.341,0.589
0.354,0.461,0.853,0.97,0.909,0.072,0.341,0.589
0.354,0.461,0.853,0.97,0.909,0.072,0.341,0.589
0.354,0.461,0.853,0.97,0.908,0.072,0.341,0.589
0.354,0.461,0.853,0.97,0.909,0.072,0.341,0.589
