S1_C1002,S2_C1002,S3_C1002,S4_C1002,S5_C1002,S6_C1002,S7_C1002,S8_C1002
0.239,0.429,0.725,0.771,0.777,0.085,0.284,0.526
0.239,0.429,0.725,0.771,0.777,0.085,0.284,0.526
0.238,0.43,0.725,0.771,0.778,0.086,0.284,0.526
0.238,0.43,0.725,0.772,0.778,0.085,0.284,0.526
0.238,0.43,0.725,0.772,0.778,0.085,0.284,0.527
0.239,0.431,0.725,0.772,0.779,0.085,0.284,0.527
0.238,0.431,0.725,0.773,0.779,0.086,0.284,0.527
0.239,0.432,0.726,0.773,0.779,0.085,0.284,0.528
0.239,0.432,0.725,0.773,0.779,0.086,0.284,0.528
0.238,0.433,0.725,0.773,0.78,0.086,0.284,0.528
0.238,0.433,0.725,0.774,0.78,0.085,0.284,0.528
0.238,0.434,0.726,0.774,0.78,0.086,0.284,0.529
0.239,0.434,0.726,0.774,0.781,0.086,0.284,0.529
0.238,0.435,0.726,0.775,0.781,0.086,0.284,0.529
0.239,0.435,0.726,0.775,0.781,0.086,0.284,0.529
0.238,0.436,0.726,0.775,0.781,0.086,0.284,0.53
0.238,0.436,0.726,0.776,0.782,0.086,0.284,0.53
0.239,0.437,0.726,0.776,0.782,0.086,0.284,0.53
0.238,0.437,0.726,0.776,0.782,0.086,0.284,0.531
0.239,0.438,0.726,0.776,0.783,0.086,0.284,0.531
0.238,0.438,0.726,0.777,0.783,0.086,0.284,0.531
0.238,0.439,0.726,0.777,0.783,0.086,0.284,0.532
0.238,0.439,0.726,0.777,0.783,0.086,0.284,0.532
0.238,0.44,0.726,0.778,0.784,0.086,0.284,0.532
0.239,0.44,0.726,0.778,0.784,0.086,0.284,0.532
0.238,0.441,0.726,0.778,0.784,0.086,0.284,0.533
0.239,0.441,0.726,0.779,0.784,0.086,0.284,0.533
0.238,0.442,0.726,0.779,0.785,0.086,0.284,0.533
0.239,0.442,0.726,0.779,0.785,0.086,0.284,0.533
0.238,0.443,0.726,0.779,0.785,0.086,0.284,0.534
0.238,0.443,0.726,0.78,0.786,0.086,0.284,0.534
0.239,0.444,0.726,0.78,0.786,0.086,0.284,0.534
0.238,0.444,0.727,0.78,0.786,0.086,0.284,0.535
0.239,0.445,0.727,0.781,0.786,0.086,0.284,0.535
0.239,0.445,0.727,0.781,0.787,0.086,0.284,0.535
0.238,0.446,0.727,0.781,0.787,0.086,0.284,0.536
0.238,0.446,0.727,0.782,0.787,0.086,0.284,0.536
0.238,0.447,0.727,0.782,0.788,0.086,0.284,0.536
0.239,0.447,0.727,0.782,0.788,0.086,0.284,0.536
0.238,0.448,0.727,0.783,0.788,0.086,0.284,0.537
0.239,0.448,0.727,0.783,0.788,0.086,0.284,0.537
0.239,0.449,0.727,0.783,0.789,0.086,0.284,0.538
0.238,0.449,0.727,0.784,0.789,0.087,0.284,0.538
0.239,0.452,0.728,0.8,0.79,0.086,0.284,0.539
0.239,0.464,0.73,0.828,0.797,0.086,0.284,0.542
0.239,0.486,0.732,0.856,0.813,0.087,0.285,0.554
0.239,0.513,0.734,0.882,0.83,0.087,0.286,0.575
0.239,0.543,0.736,0.9,0.848,0.087,0.286,0.6
0.239,0.58,0.739,0.916,0.869,0.087,0.287,0.625
0.239,0.62,0.742,0.932,0.888,0.087,0.289,0.65
0.239,0.662,0.745,0.942,0.906,0.087,0.289,0.673
0.239,0.704,0.748,0.952,0.92,0.088,0.29,0.694
0.239,0.745,0.751,0.965,0.934,0.089,0.291,0.712
0.24,0.792,0.754,0.974,0.946,0.089,0.292,0.73
0.24,0.839,0.757,0.985,0.959,0.09,0.293,0.746
0.24,0.882,0.76,0.994,0.97,0.091,0.294,0.761
0.241,0.922,0.763,1.003,0.981,0.092,0.295,0.776
0.242,0.963,0.766,1.011,0.992,0.093,0.296,0.789
0.242,1.004,0.769,1.019,1.002,0.094,0.297,0.802
0.243,1.04,0.772,1.027,1.013,0.096,0.298,0.814
0.243,1.072,0.775,1.034,1.023,0.097,0.299,0.825
0.244,1.102,0.778,1.041,1.032,0.099,0.3,0.836
0.245,1.127,0.781,1.047,1.04,0.1,0.301,0.846
0.246,1.152,0.783,1.053,1.049,0.101,0.302,0.855
0.246,1.175,0.786,1.059,1.058,0.103,0.303,0.863
0.247,1.197,0.789,1.066,1.066,0.104,0.304,0.871
0.248,1.218,0.792,1.072,1.072,0.106,0.305,0.879
0.249,1.24,0.795,1.077,1.078,0.107,0.306,0.886
0.25,1.258,0.798,1.083,1.084,0.108,0.306,0.893
0.251,1.275,0.801,1.088,1.09,0.11,0.307,0.9
0.251,1.294,0.803,1.092,1.096,0.111,0.308,0.907
0.252,1.312,0.806,1.098,1.102,0.113,0.309,0.913
0.253,1.329,0.809,1.1,1.107,0.114,0.31,0.919
0.254,1.346,0.811,1.105,1.113,0.115,0.311,0.925
0.255,1.361,0.814,1.11,1.118,0.117,0.311,0.93
0.255,1.375,0.817,1.115,1.124,0.118,0.312,0.935
0.256,1.388,0.819,1.117,1.13,0.119,0.313,0.941
0.257,1.402,0.822,1.12,1.135,0.12,0.314,0.945
0.258,1.415,0.824,1.123,1.141,0.121,0.314,0.95
0.259,1.429,0.827,1.127,1.146,0.123,0.315,0.955
0.259,1.444,0.829,1.13,1.151,0.124,0.316,0.959
0.26,1.458,0.832,1.132,1.156,0.125,0.316,0.963
0.261,1.47,0.834,1.136,1.16,0.126,0.317,0.967
0.262,1.481,0.837,1.139,1.165,0.127,0.317,0.971
0.262,1.493,0.839,1.143,1.169,0.129,0.318,0.974
0.263,1.503,0.841,1.144,1.173,0.129,0.319,0.978
0.264,1.513,0.844,1.144,1.177,0.131,0.319,0.982
0.264,1.523,0.846,1.146,1.181,0.132,0.32,0.986
0.265,1.533,0.849,1.149,1.185,0.133,0.32,0.989
0.266,1.542,0.851,1.151,1.188,0.134,0.321,0.993
0.267,1.55,0.853,1.152,1.192,0.135,0.321,0.997
0.267,1.559,0.855,1.156,1.195,0.136,0.322,1.0
0.268,1.568,0.857,1.158,1.198,0.137,0.322,1.003
0.269,1.576,0.859,1.16,1.201,0.138,0.323,1.006
0.269,1.584,0.862,1.166,1.204,0.139,0.323,1.009
0.27,1.59,0.864,1.165,1.207,0.14,0.323,1.011
0.271,1.596,0.866,1.166,1.21,0.141,0.324,1.014
0.271,1.602,0.868,1.168,1.213,0.142,0.324,1.017
0.272,1.608,0.87,1.169,1.216,0.143,0.324,1.02
0.273,1.615,0.872,1.17,1.219,0.144,0.325,1.023
0.273,1.623,0.874,1.176,1.221,0.145,0.325,1.025
0.274,1.629,0.876,1.175,1.224,0.146,0.325,1.027
0.275,1.635,0.878,1.176,1.226,0.147,0.326,1.03
0.275,1.641,0.88,1.179,1.229,0.148,0.326,1.032
0.276,1.646,0.882,1.182,1.231,0.149,0.326,1.035
0.277,1.652,0.884,1.184,1.234,0.15,0.327,1.037
0.277,1.658,0.886,1.185,1.236,0.151,0.327,1.039
0.278,1.664,0.888,1.188,1.238,0.152,0.327,1.041
0.279,1.669,0.889,1.19,1.24,0.153,0.327,1.044
0.279,1.674,0.891,1.191,1.242,0.153,0.328,1.047
0.28,1.679,0.893,1.189,1.244,0.155,0.328,1.048
0.28,1.683,0.895,1.187,1.246,0.155,0.328,1.05
0.281,1.687,0.896,1.188,1.247,0.156,0.328,1.052
0.281,1.692,0.898,1.193,1.249,0.157,0.328,1.054
0.282,1.698,0.9,1.194,1.251,0.158,0.328,1.055
0.283,1.704,0.902,1.19,1.253,0.159,0.329,1.058
0.283,1.708,0.903,1.2,1.254,0.159,0.329,1.06
0.284,1.714,0.905,1.199,1.256,0.16,0.329,1.062
0.285,1.718,0.907,1.197,1.257,0.161,0.329,1.064
0.285,1.723,0.908,1.196,1.259,0.162,0.33,1.066
0.286,1.728,0.91,1.198,1.26,0.163,0.33,1.068
0.286,1.733,0.911,1.203,1.262,0.163,0.33,1.07
0.287,1.737,0.913,1.207,1.263,0.164,0.33,1.071
0.287,1.741,0.914,1.205,1.264,0.165,0.33,1.071
0.288,1.745,0.916,1.208,1.265,0.166,0.33,1.074
0.288,1.748,0.918,1.206,1.267,0.167,0.33,1.076
0.289,1.752,0.919,1.21,1.269,0.167,0.331,1.078
0.29,1.755,0.921,1.208,1.27,0.168,0.33,1.079
0.29,1.759,0.922,1.206,1.271,0.169,0.331,1.081
0.291,1.763,0.924,1.212,1.273,0.169,0.331,1.083
0.291,1.766,0.925,1.21,1.274,0.17,0.331,1.086
0.292,1.769,0.927,1.212,1.275,0.171,0.331,1.087
0.293,1.774,0.928,1.213,1.276,0.172,0.331,1.088
0.293,1.777,0.93,1.215,1.277,0.173,0.331,1.09
0.294,1.78,0.931,1.215,1.279,0.173,0.332,1.092
0.294,1.784,0.933,1.219,1.279,0.174,0.332,1.093
0.295,1.787,0.934,1.219,1.281,0.175,0.332,1.095
0.295,1.79,0.935,1.219,1.282,0.175,0.332,1.097
0.296,1.793,0.937,1.217,1.283,0.176,0.332,1.097
0.296,1.796,0.938,1.219,1.284,0.177,0.332,1.099
0.297,1.799,0.94,1.224,1.286,0.178,0.332,1.101
0.298,1.801,0.941,1.226,1.287,0.178,0.332,1.102
0.298,1.804,0.942,1.228,1.288,0.179,0.332,1.103
0.298,1.807,0.944,1.227,1.289,0.18,0.332,1.105
0.299,1.809,0.945,1.229,1.29,0.18,0.332,1.107
0.3,1.811,0.947,1.228,1.292,0.181,0.332,1.108
0.3,1.813,0.948,1.229,1.293,0.182,0.333,1.109
0.301,1.817,0.949,1.232,1.294,0.182,0.333,1.11
0.301,1.819,0.951,1.233,1.295,0.183,0.333,1.113
0.302,1.822,0.952,1.231,1.297,0.184,0.333,1.115
0.302,1.825,0.953,1.232,1.298,0.184,0.333,1.116
0.303,1.828,0.954,1.231,1.299,0.185,0.333,1.116
0.303,1.83,0.956,1.233,1.3,0.186,0.333,1.118
0.304,1.832,0.957,1.234,1.302,0.187,0.333,1.12
0.304,1.834,0.959,1.235,1.303,0.187,0.333,1.121
0.305,1.837,0.96,1.238,1.304,0.188,0.333,1.122
0.305,1.839,0.961,1.237,1.306,0.189,0.333,1.124
0.306,1.842,0.962,1.236,1.307,0.189,0.334,1.127
0.307,1.843,0.964,1.238,1.308,0.19,0.333,1.127
0.307,1.846,0.965,1.239,1.309,0.19,0.333,1.129
0.307,1.848,0.966,1.239,1.31,0.191,0.333,1.131
0.308,1.851,0.967,1.241,1.312,0.192,0.334,1.132
0.308,1.853,0.969,1.243,1.313,0.192,0.334,1.134
0.309,1.855,0.97,1.248,1.314,0.193,0.334,1.135
0.309,1.859,0.971,1.252,1.316,0.194,0.334,1.136
0.31,1.862,0.972,1.247,1.317,0.194,0.334,1.138
0.31,1.863,0.974,1.244,1.318,0.195,0.334,1.138
0.311,1.866,0.975,1.246,1.319,0.196,0.334,1.14
0.312,1.868,0.976,1.245,1.321,0.196,0.334,1.141
0.312,1.871,0.977,1.247,1.322,0.197,0.334,1.143
0.313,1.873,0.978,1.248,1.323,0.197,0.334,1.144
0.313,1.875,0.979,1.247,1.324,0.198,0.334,1.146
0.314,1.877,0.981,1.247,1.324,0.199,0.334,1.147
0.314,1.879,0.981,1.25,1.326,0.199,0.334,1.148
0.315,1.88,0.983,1.252,1.327,0.2,0.334,1.15
0.315,1.881,0.984,1.254,1.328,0.2,0.334,1.152
0.315,1.883,0.985,1.254,1.329,0.201,0.334,1.153
0.316,1.886,0.986,1.255,1.33,0.202,0.334,1.154
0.317,1.888,0.987,1.254,1.331,0.202,0.334,1.156
0.317,1.889,0.989,1.254,1.332,0.203,0.334,1.158
0.318,1.892,0.99,1.259,1.333,0.203,0.334,1.158
0.318,1.894,0.991,1.261,1.334,0.204,0.334,1.16
0.319,1.896,0.992,1.265,1.336,0.204,0.334,1.161
0.319,1.898,0.993,1.265,1.336,0.205,0.334,1.162
0.32,1.901,0.994,1.262,1.338,0.206,0.334,1.164
0.32,1.902,0.995,1.26,1.339,0.206,0.334,1.166
0.321,1.904,0.996,1.261,1.34,0.207,0.335,1.168
0.321,1.905,0.997,1.264,1.341,0.208,0.335,1.169
0.322,1.907,0.998,1.266,1.343,0.208,0.335,1.17
0.322,1.909,1.0,1.27,1.344,0.209,0.335,1.171
0.323,1.911,1.001,1.271,1.345,0.209,0.335,1.172
0.323,1.912,1.002,1.274,1.346,0.21,0.335,1.174
0.324,1.913,1.003,1.272,1.348,0.21,0.335,1.175
0.324,1.916,1.004,1.269,1.349,0.211,0.335,1.177
0.324,1.918,1.005,1.271,1.35,0.212,0.335,1.179
0.325,1.92,1.006,1.275,1.352,0.212,0.335,1.18
0.326,1.922,1.007,1.274,1.353,0.213,0.335,1.182
0.326,1.924,1.008,1.274,1.354,0.213,0.335,1.183
0.326,1.926,1.009,1.277,1.356,0.214,0.335,1.184
0.327,1.928,1.01,1.284,1.357,0.215,0.335,1.186
0.328,1.929,1.012,1.285,1.358,0.215,0.335,1.187
0.328,1.931,1.013,1.286,1.36,0.216,0.335,1.188
0.328,1.932,1.014,1.287,1.361,0.216,0.336,1.19
0.329,1.934,1.015,1.284,1.362,0.217,0.335,1.192
0.329,1.936,1.016,1.285,1.364,0.218,0.336,1.194
0.33,1.938,1.017,1.288,1.365,0.218,0.336,1.195
0.331,1.939,1.018,1.291,1.367,0.219,0.336,1.196
0.331,1.94,1.019,1.29,1.368,0.219,0.336,1.197
0.331,1.941,1.02,1.291,1.37,0.22,0.336,1.198
0.332,1.943,1.022,1.292,1.371,0.22,0.336,1.2
0.333,1.945,1.022,1.294,1.373,0.221,0.336,1.202
0.333,1.947,1.024,1.296,1.374,0.222,0.336,1.204
0.334,1.948,1.025,1.297,1.376,0.222,0.336,1.205
0.334,1.95,1.026,1.302,1.377,0.223,0.336,1.205
0.335,1.951,1.027,1.299,1.379,0.223,0.336,1.207
0.335,1.953,1.028,1.295,1.38,0.224,0.337,1.209
0.336,1.953,1.029,1.298,1.382,0.225,0.337,1.211
0.336,1.955,1.029,1.298,1.383,0.225,0.337,1.213
0.337,1.957,1.031,1.303,1.385,0.226,0.337,1.214
0.337,1.959,1.032,1.303,1.387,0.226,0.337,1.215
0.338,1.96,1.032,1.308,1.388,0.227,0.337,1.217
0.338,1.961,1.033,1.31,1.39,0.227,0.337,1.218
0.339,1.962,1.035,1.312,1.391,0.228,0.337,1.22
0.339,1.964,1.036,1.312,1.393,0.228,0.337,1.222
0.34,1.965,1.037,1.316,1.395,0.229,0.338,1.223
0.34,1.967,1.037,1.316,1.396,0.23,0.338,1.224
0.341,1.969,1.038,1.318,1.398,0.23,0.338,1.226
0.341,1.97,1.039,1.317,1.399,0.231,0.338,1.227
0.342,1.971,1.041,1.321,1.401,0.231,0.338,1.229
0.342,1.972,1.042,1.323,1.403,0.232,0.338,1.231
0.343,1.974,1.043,1.324,1.405,0.233,0.339,1.233
0.343,1.975,1.044,1.326,1.406,0.233,0.339,1.234
0.344,1.976,1.045,1.331,1.408,0.234,0.339,1.235
0.344,1.977,1.046,1.331,1.41,0.234,0.339,1.237
0.345,1.979,1.047,1.331,1.411,0.235,0.339,1.239
0.345,1.98,1.048,1.332,1.413,0.235,0.34,1.24
0.346,1.982,1.049,1.337,1.415,0.236,0.34,1.242
0.346,1.984,1.05,1.34,1.417,0.237,0.34,1.243
0.347,1.985,1.051,1.341,1.418,0.237,0.34,1.245
0.348,1.986,1.052,1.341,1.42,0.238,0.34,1.247
0.348,1.987,1.053,1.344,1.422,0.238,0.341,1.249
0.349,1.989,1.054,1.346,1.423,0.239,0.341,1.25
0.349,1.99,1.055,1.347,1.425,0.24,0.341,1.252
0.35,1.992,1.056,1.349,1.427,0.24,0.341,1.253
0.35,1.993,1.057,1.351,1.429,0.241,0.341,1.255
0.351,1.994,1.058,1.353,1.43,0.241,0.342,1.257
0.351,1.996,1.059,1.354,1.432,0.242,0.342,1.258
0.352,1.997,1.06,1.356,1.434,0.243,0.342,1.26
0.352,1.998,1.061,1.358,1.436,0.243,0.342,1.262
0.353,1.999,1.062,1.361,1.437,0.244,0.342,1.263
0.353,2.001,1.063,1.363,1.439,0.244,0.343,1.265
0.354,2.002,1.064,1.365,1.441,0.245,0.343,1.267
0.355,2.003,1.065,1.367,1.443,0.246,0.343,1.269
0.355,2.004,1.066,1.369,1.445,0.246,0.344,1.27
0.356,2.005,1.067,1.371,1.447,0.247,0.344,1.272
0.356,2.007,1.068,1.372,1.449,0.247,0.344,1.274
0.357,2.008,1.069,1.374,1.45,0.248,0.344,1.276
0.357,2.009,1.07,1.376,1.452,0.249,0.344,1.277
0.358,2.01,1.071,1.378,1.454,0.249,0.345,1.279
0.358,2.012,1.072,1.381,1.456,0.25,0.345,1.281
0.359,2.013,1.073,1.383,1.458,0.25,0.345,1.283
0.36,2.014,1.074,1.385,1.46,0.251,0.345,1.284
0.36,2.015,1.076,1.387,1.462,0.252,0.346,1.286
0.36,2.016,1.077,1.389,1.464,0.252,0.346,1.288
0.361,2.017,1.077,1.391,1.466,0.253,0.346,1.29
0.362,2.019,1.079,1.393,1.468,0.253,0.347,1.291
0.362,2.02,1.079,1.395,1.47,0.254,0.347,1.293
0.363,2.021,1.08,1.397,1.472,0.255,0.347,1.295
0.363,2.022,1.082,1.399,1.474,0.255,0.347,1.297
0.364,2.023,1.083,1.4,1.476,0.256,0.348,1.299
0.365,2.024,1.084,1.403,1.478,0.257,0.348,1.301
0.365,2.026,1.085,1.405,1.48,0.257,0.348,1.302
0.366,2.027,1.086,1.406,1.482,0.258,0.349,1.304
0.366,2.028,1.087,1.408,1.484,0.259,0.349,1.306
0.367,2.029,1.088,1.41,1.486,0.259,0.349,1.308
0.367,2.03,1.089,1.412,1.488,0.26,0.35,1.309
0.368,2.031,1.09,1.414,1.49,0.26,0.35,1.311
0.368,2.032,1.091,1.416,1.492,0.261,0.35,1.313
0.369,2.034,1.092,1.418,1.494,0.261,0.351,1.315
0.37,2.035,1.093,1.42,1.496,0.262,0.351,1.317
0.37,2.036,1.094,1.422,1.498,0.263,0.351,1.319
0.371,2.037,1.095,1.424,1.499,0.263,0.352,1.32
0.371,2.038,1.096,1.426,1.501,0.264,0.352,1.322
0.372,2.039,1.097,1.428,1.503,0.265,0.352,1.324
0.373,2.041,1.098,1.43,1.505,0.265,0.353,1.326
0.373,2.042,1.099,1.431,1.507,0.266,0.353,1.328
0.374,2.043,1.1,1.433,1.509,0.267,0.353,1.329
0.374,2.044,1.101,1.435,1.511,0.267,0.354,1.331
0.375,2.045,1.102,1.437,1.513,0.268,0.354,1.333
0.376,2.046,1.103,1.439,1.515,0.268,0.354,1.335
0.376,2.047,1.104,1.441,1.517,0.269,0.355,1.337
0.377,2.048,1.105,1.443,1.519,0.269,0.355,1.338
0.377,2.049,1.106,1.445,1.521,0.27,0.355,1.34
0.378,2.05,1.107,1.447,1.523,0.271,0.355,1.342
0.378,2.051,1.108,1.449,1.525,0.271,0.356,1.343
0.379,2.052,1.11,1.45,1.527,0.272,0.356,1.345
0.38,2.053,1.11,1.452,1.528,0.273,0.356,1.347
0.38,2.054,1.111,1.454,1.53,0.273,0.357,1.349
0.381,2.055,1.112,1.456,1.532,0.274,0.357,1.351
0.381,2.055,1.114,1.458,1.534,0.274,0.358,1.352
0.382,2.057,1.114,1.46,1.536,0.275,0.358,1.354
0.383,2.057,1.116,1.462,1.538,0.276,0.358,1.356
0.383,2.058,1.116,1.464,1.54,0.276,0.358,1.358
0.384,2.059,1.118,1.465,1.541,0.277,0.359,1.36
0.384,2.06,1.116,1.465,1.541,0.277,0.358,1.359
0.384,2.058,1.118,1.467,1.543,0.278,0.359,1.361
0.385,2.059,1.119,1.469,1.545,0.278,0.359,1.363
0.386,2.06,1.12,1.471,1.546,0.279,0.359,1.364
0.386,2.06,1.121,1.473,1.548,0.279,0.36,1.366
0.387,2.061,1.122,1.474,1.55,0.28,0.36,1.368
0.387,2.062,1.123,1.476,1.552,0.281,0.36,1.37
0.388,2.063,1.124,1.478,1.554,0.281,0.361,1.372
0.389,2.064,1.125,1.48,1.555,0.282,0.361,1.373
0.389,2.065,1.126,1.482,1.557,0.282,0.361,1.375
0.39,2.066,1.127,1.483,1.559,0.283,0.362,1.377
0.39,2.067,1.128,1.485,1.561,0.283,0.362,1.379
0.391,2.067,1.129,1.487,1.562,0.284,0.362,1.381
0.391,2.068,1.13,1.489,1.564,0.285,0.362,1.382
0.392,2.069,1.131,1.491,1.566,0.285,0.363,1.384
0.393,2.07,1.132,1.493,1.568,0.286,0.363,1.386
0.393,2.071,1.132,1.495,1.569,0.286,0.363,1.388
0.394,2.072,1.133,1.496,1.571,0.287,0.364,1.389
0.394,2.073,1.134,1.498,1.573,0.287,0.364,1.391
0.395,2.074,1.135,1.5,1.575,0.288,0.364,1.393
0.395,2.075,1.136,1.502,1.576,0.289,0.364,1.394
0.396,2.076,1.137,1.504,1.578,0.289,0.365,1.396
0.397,2.076,1.138,1.505,1.58,0.29,0.365,1.398
0.397,2.077,1.139,1.507,1.582,0.29,0.365,1.4
0.398,2.078,1.14,1.509,1.583,0.291,0.366,1.401
0.398,2.079,1.141,1.511,1.585,0.292,0.366,1.403
0.399,2.08,1.142,1.512,1.587,0.292,0.366,1.405
0.4,2.081,1.143,1.514,1.588,0.293,0.367,1.406
0.4,2.082,1.144,1.516,1.59,0.293,0.367,1.408
0.401,2.082,1.145,1.518,1.592,0.294,0.367,1.409
0.401,2.083,1.146,1.519,1.594,0.294,0.368,1.411
0.402,2.084,1.147,1.521,1.595,0.295,0.368,1.413
0.402,2.084,1.148,1.523,1.597,0.296,0.368,1.414
0.403,2.085,1.149,1.525,1.599,0.296,0.368,1.416
0.404,2.086,1.149,1.527,1.6,0.297,0.369,1.418
0.404,2.086,1.15,1.528,1.602,0.297,0.369,1.419
0.405,2.087,1.151,1.53,1.604,0.298,0.369,1.421
0.405,2.088,1.152,1.532,1.605,0.299,0.37,1.422
0.406,2.088,1.153,1.533,1.607,0.299,0.37,1.424
0.406,2.089,1.154,1.535,1.608,0.3,0.37,1.425
0.407,2.09,1.155,1.537,1.61,0.3,0.37,1.427
0.408,2.09,1.156,1.538,1.612,0.301,0.371,1.428
0.408,2.091,1.157,1.54,1.613,0.301,0.371,1.43
0.409,2.092,1.158,1.542,1.615,0.302,0.371,1.431
0.409,2.092,1.159,1.543,1.617,0.302,0.372,1.433
0.41,2.093,1.16,1.545,1.618,0.303,0.372,1.435
0.41,2.093,1.16,1.547,1.62,0.303,0.372,1.436
0.411,2.094,1.161,1.548,1.621,0.304,0.372,1.438
0.411,2.094,1.162,1.55,1.623,0.305,0.373,1.439
0.412,2.095,1.163,1.552,1.624,0.305,0.373,1.441
0.413,2.096,1.164,1.553,1.626,0.306,0.373,1.442
0.413,2.096,1.165,1.555,1.627,0.306,0.374,1.444
0.414,2.097,1.166,1.557,1.629,0.307,0.374,1.445
0.414,2.097,1.167,1.558,1.631,0.307,0.374,1.447
0.415,2.098,1.167,1.56,1.632,0.308,0.374,1.448
0.415,2.098,1.168,1.561,1.634,0.308,0.375,1.45
0.416,2.099,1.169,1.563,1.635,0.309,0.375,1.451
0.416,2.099,1.17,1.565,1.637,0.309,0.375,1.452
0.417,2.1,1.171,1.566,1.638,0.31,0.376,1.454
0.418,2.1,1.172,1.568,1.64,0.31,0.376,1.455
0.418,2.101,1.173,1.569,1.641,0.311,0.378,1.459
0.419,2.104,1.175,1.573,1.645,0.312,0.377,1.46
0.42,2.105,1.176,1.575,1.647,0.313,0.377,1.462
0.42,2.105,1.177,1.576,1.648,0.313,0.377,1.463
0.421,2.106,1.178,1.578,1.649,0.313,0.378,1.464
0.421,2.106,1.179,1.579,1.651,0.314,0.378,1.466
0.422,2.106,1.18,1.581,1.652,0.314,0.378,1.467
0.422,2.107,1.181,1.583,1.654,0.315,0.379,1.469
0.423,2.107,1.182,1.584,1.655,0.316,0.379,1.47
0.424,2.108,1.182,1.586,1.657,0.316,0.379,1.471
0.424,2.108,1.184,1.587,1.658,0.317,0.379,1.472
0.425,2.109,1.184,1.589,1.66,0.317,0.38,1.474
0.425,2.109,1.185,1.59,1.661,0.318,0.38,1.475
0.426,2.11,1.186,1.592,1.663,0.318,0.38,1.476
0.426,2.11,1.187,1.593,1.664,0.319,0.381,1.478
0.427,2.11,1.188,1.595,1.665,0.319,0.381,1.479
0.427,2.11,1.189,1.596,1.667,0.32,0.381,1.48
0.428,2.111,1.19,1.598,1.668,0.32,0.381,1.481
0.429,2.111,1.19,1.599,1.67,0.321,0.382,1.483
0.429,2.111,1.191,1.601,1.671,0.321,0.382,1.484
0.43,2.112,1.192,1.602,1.672,0.322,0.382,1.485
0.43,2.112,1.193,1.604,1.674,0.322,0.383,1.486
0.431,2.113,1.194,1.605,1.675,0.323,0.383,1.488
0.431,2.113,1.195,1.607,1.677,0.323,0.383,1.489
0.432,2.113,1.196,1.608,1.678,0.324,0.383,1.49
0.432,2.113,1.197,1.61,1.679,0.324,0.384,1.491
0.433,2.114,1.198,1.611,1.681,0.325,0.384,1.492
0.433,2.114,1.198,1.613,1.682,0.325,0.384,1.493
0.434,2.114,1.199,1.614,1.683,0.326,0.384,1.494
0.434,2.114,1.2,1.616,1.685,0.326,0.385,1.495
0.435,2.115,1.201,1.617,1.686,0.327,0.385,1.496
0.435,2.115,1.202,1.618,1.687,0.327,0.385,1.497
0.436,2.115,1.203,1.62,1.689,0.328,0.386,1.498
0.436,2.115,1.204,1.621,1.69,0.328,0.386,1.499
0.437,2.116,1.205,1.623,1.692,0.329,0.386,1.5
0.437,2.116,1.205,1.624,1.693,0.329,0.386,1.501
0.438,2.116,1.206,1.626,1.694,0.33,0.387,1.502
0.439,2.116,1.207,1.627,1.696,0.33,0.387,1.503
0.439,2.116,1.208,1.629,1.697,0.331,0.387,1.504
0.439,2.117,1.209,1.63,1.698,0.331,0.388,1.505
0.44,2.117,1.21,1.632,1.699,0.332,0.388,1.506
0.44,2.117,1.21,1.633,1.701,0.332,0.388,1.506
0.441,2.117,1.211,1.634,1.702,0.333,0.388,1.507
0.442,2.117,1.212,1.636,1.703,0.333,0.388,1.508
0.442,2.118,1.213,1.637,1.705,0.334,0.389,1.509
0.443,2.118,1.214,1.638,1.706,0.334,0.389,1.51
0.443,2.118,1.215,1.64,1.707,0.335,0.389,1.51
0.444,2.118,1.216,1.641,1.708,0.335,0.39,1.511
0.444,2.119,1.216,1.643,1.71,0.336,0.39,1.512
0.445,2.119,1.217,1.644,1.711,0.336,0.39,1.513
0.445,2.119,1.218,1.645,1.712,0.336,0.39,1.514
0.445,2.119,1.219,1.647,1.714,0.337,0.391,1.515
0.446,2.119,1.22,1.648,1.715,0.337,0.391,1.515
0.447,2.119,1.221,1.649,1.716,0.338,0.391,1.516
0.447,2.12,1.221,1.651,1.718,0.338,0.391,1.517
0.448,2.12,1.222,1.652,1.719,0.339,0.392,1.518
0.448,2.12,1.223,1.654,1.72,0.339,0.392,1.518
0.449,2.12,1.224,1.655,1.721,0.34,0.392,1.519
0.449,2.12,1.225,1.656,1.722,0.34,0.392,1.52
0.449,2.12,1.226,1.657,1.724,0.341,0.393,1.52
0.45,2.12,1.226,1.659,1.725,0.341,0.393,1.521
0.45,2.121,1.227,1.66,1.726,0.342,0.393,1.522
0.451,2.121,1.228,1.662,1.727,0.342,0.393,1.523
0.451,2.121,1.229,1.663,1.728,0.343,0.394,1.523
0.452,2.121,1.226,1.662,1.727,0.343,0.393,1.522
0.452,2.118,1.229,1.663,1.729,0.343,0.394,1.523
0.452,2.118,1.229,1.664,1.729,0.343,0.394,1.523
0.453,2.118,1.23,1.666,1.731,0.344,0.394,1.524
0.453,2.118,1.231,1.667,1.732,0.344,0.394,1.524
0.454,2.118,1.232,1.668,1.733,0.345,0.395,1.525
0.454,2.118,1.233,1.67,1.734,0.345,0.395,1.526
0.454,2.118,1.234,1.671,1.735,0.346,0.395,1.526
0.455,2.118,1.235,1.672,1.737,0.346,0.395,1.527
0.455,2.118,1.235,1.673,1.738,0.347,0.396,1.528
0.456,2.119,1.236,1.675,1.739,0.347,0.396,1.528
0.456,2.118,1.237,1.676,1.74,0.348,0.396,1.529
0.457,2.118,1.237,1.677,1.741,0.348,0.396,1.529
0.457,2.118,1.238,1.678,1.742,0.348,0.397,1.53
0.458,2.119,1.239,1.68,1.743,0.349,0.397,1.531
0.458,2.119,1.24,1.681,1.745,0.349,0.397,1.531
0.459,2.119,1.241,1.682,1.746,0.35,0.397,1.532
0.459,2.119,1.242,1.683,1.747,0.35,0.397,1.532
0.459,2.119,1.242,1.685,1.748,0.351,0.398,1.533
0.46,2.119,1.243,1.686,1.749,0.351,0.398,1.534
0.46,2.119,1.244,1.687,1.751,0.352,0.398,1.534
0.461,2.119,1.245,1.688,1.751,0.352,0.399,1.535
0.461,2.119,1.245,1.69,1.753,0.352,0.399,1.535
0.462,2.118,1.246,1.691,1.754,0.353,0.399,1.536
0.462,2.119,1.247,1.692,1.755,0.353,0.399,1.536
0.462,2.119,1.248,1.693,1.756,0.354,0.399,1.537
0.463,2.118,1.249,1.695,1.757,0.354,0.4,1.537
0.463,2.119,1.249,1.696,1.758,0.355,0.4,1.538
0.464,2.118,1.25,1.697,1.759,0.355,0.4,1.538
0.464,2.118,1.251,1.698,1.76,0.356,0.4,1.539
0.465,2.118,1.252,1.699,1.761,0.356,0.401,1.54
0.465,2.118,1.252,1.701,1.763,0.356,0.401,1.54
0.465,2.118,1.253,1.702,1.764,0.357,0.401,1.54
0.466,2.118,1.254,1.703,1.765,0.357,0.401,1.541
0.466,2.118,1.255,1.704,1.766,0.358,0.401,1.541
0.467,2.118,1.255,1.706,1.767,0.358,0.402,1.542
0.467,2.118,1.256,1.707,1.768,0.359,0.402,1.542
0.468,2.118,1.257,1.708,1.769,0.359,0.402,1.543
0.468,2.117,1.258,1.709,1.77,0.359,0.402,1.543
0.468,2.117,1.259,1.71,1.771,0.36,0.403,1.543
0.469,2.117,1.259,1.711,1.772,0.36,0.403,1.544
0.469,2.117,1.26,1.713,1.773,0.361,0.403,1.544
0.47,2.117,1.261,1.714,1.775,0.361,0.403,1.545
0.47,2.117,1.262,1.715,1.776,0.361,0.403,1.545
0.47,2.117,1.262,1.716,1.777,0.362,0.404,1.545
0.471,2.117,1.263,1.717,1.778,0.362,0.404,1.546
0.471,2.116,1.264,1.718,1.779,0.363,0.404,1.546
0.472,2.116,1.265,1.72,1.78,0.363,0.404,1.547
0.472,2.116,1.265,1.721,1.781,0.364,0.405,1.547
0.472,2.116,1.266,1.722,1.782,0.364,0.405,1.548
0.473,2.116,1.267,1.723,1.782,0.364,0.405,1.548
0.473,2.115,1.268,1.724,1.784,0.365,0.405,1.548
0.473,2.115,1.268,1.725,1.785,0.365,0.405,1.548
0.474,2.115,1.269,1.726,1.786,0.366,0.406,1.549
0.474,2.115,1.27,1.727,1.787,0.366,0.406,1.549
0.475,2.114,1.271,1.729,1.788,0.366,0.406,1.549
0.475,2.114,1.271,1.73,1.789,0.367,0.406,1.55
0.475,2.114,1.272,1.731,1.79,0.367,0.406,1.55
0.476,2.114,1.273,1.732,1.791,0.368,0.406,1.55
0.476,2.113,1.273,1.733,1.792,0.368,0.407,1.551
0.477,2.113,1.274,1.734,1.793,0.368,0.407,1.553
0.478,2.116,1.277,1.738,1.797,0.369,0.408,1.554
0.478,2.116,1.278,1.739,1.798,0.37,0.408,1.554
0.478,2.115,1.278,1.74,1.799,0.37,0.408,1.554
0.479,2.115,1.279,1.741,1.8,0.371,0.408,1.555
0.479,2.115,1.28,1.742,1.801,0.371,0.409,1.555
0.48,2.114,1.281,1.744,1.802,0.371,0.409,1.555
0.48,2.114,1.281,1.745,1.803,0.372,0.409,1.556
0.48,2.114,1.282,1.746,1.804,0.372,0.409,1.556
0.481,2.114,1.283,1.747,1.805,0.373,0.409,1.556
0.481,2.113,1.284,1.748,1.806,0.373,0.41,1.557
0.481,2.113,1.284,1.749,1.807,0.373,0.41,1.557
0.482,2.113,1.285,1.75,1.808,0.374,0.41,1.557
0.482,2.112,1.286,1.752,1.809,0.374,0.41,1.558
0.483,2.112,1.287,1.753,1.81,0.375,0.41,1.558
0.483,2.112,1.287,1.754,1.811,0.375,0.411,1.559
0.483,2.111,1.288,1.755,1.812,0.375,0.411,1.559
0.484,2.111,1.289,1.756,1.813,0.376,0.411,1.559
0.484,2.111,1.29,1.757,1.814,0.376,0.411,1.56
0.484,2.111,1.291,1.758,1.815,0.377,0.412,1.56
0.485,2.11,1.291,1.759,1.816,0.377,0.412,1.56
0.485,2.11,1.292,1.76,1.817,0.377,0.412,1.56
0.485,2.109,1.293,1.761,1.818,0.378,0.412,1.561
0.486,2.109,1.293,1.762,1.819,0.378,0.412,1.561
0.486,2.108,1.294,1.763,1.82,0.379,0.413,1.561
0.486,2.108,1.295,1.764,1.821,0.379,0.413,1.562
0.487,2.107,1.295,1.766,1.822,0.379,0.413,1.562
0.487,2.107,1.296,1.767,1.823,0.38,0.413,1.562
0.488,2.106,1.297,1.768,1.824,0.38,0.413,1.562
0.488,2.106,1.298,1.769,1.824,0.381,0.414,1.563
0.488,2.106,1.298,1.77,1.825,0.381,0.414,1.563
0.489,2.105,1.299,1.771,1.826,0.381,0.414,1.563
0.489,2.105,1.3,1.772,1.827,0.382,0.414,1.563
0.489,2.104,1.3,1.773,1.828,0.382,0.414,1.563
0.49,2.104,1.301,1.774,1.829,0.382,0.415,1.564
0.49,2.103,1.302,1.775,1.83,0.383,0.415,1.564
0.49,2.103,1.303,1.776,1.831,0.383,0.415,1.564
0.491,2.102,1.303,1.777,1.832,0.384,0.415,1.564
0.491,2.102,1.304,1.778,1.833,0.384,0.416,1.565
0.491,2.101,1.305,1.779,1.834,0.384,0.416,1.565
0.492,2.101,1.306,1.78,1.835,0.385,0.416,1.565
0.492,2.1,1.306,1.781,1.836,0.385,0.416,1.565
0.492,2.1,1.307,1.782,1.837,0.386,0.416,1.566
0.493,2.099,1.308,1.783,1.838,0.386,0.416,1.566
0.493,2.099,1.308,1.784,1.839,0.386,0.417,1.566
0.493,2.098,1.309,1.785,1.839,0.387,0.417,1.566
0.494,2.098,1.31,1.786,1.84,0.387,0.417,1.566
0.494,2.097,1.31,1.787,1.841,0.387,0.417,1.567
0.494,2.097,1.311,1.788,1.842,0.388,0.418,1.567
0.495,2.096,1.312,1.789,1.843,0.388,0.418,1.567
0.495,2.095,1.313,1.79,1.844,0.389,0.418,1.567
0.495,2.095,1.313,1.791,1.845,0.389,0.418,1.567
0.496,2.094,1.314,1.793,1.846,0.389,0.418,1.568
0.496,2.094,1.315,1.793,1.847,0.39,0.418,1.568
0.496,2.093,1.315,1.795,1.848,0.39,0.419,1.568
0.497,2.092,1.316,1.795,1.848,0.39,0.419,1.568
0.497,2.092,1.317,1.796,1.849,0.391,0.419,1.569
0.497,2.091,1.317,1.797,1.85,0.391,0.419,1.569
0.497,2.091,1.318,1.798,1.851,0.391,0.419,1.569
0.498,2.09,1.319,1.799,1.852,0.392,0.42,1.569
0.498,2.09,1.319,1.8,1.853,0.392,0.42,1.569
0.498,2.089,1.32,1.801,1.854,0.393,0.42,1.57
0.499,2.088,1.321,1.802,1.855,0.393,0.42,1.57
0.499,2.088,1.321,1.803,1.856,0.393,0.421,1.57
0.499,2.087,1.322,1.804,1.857,0.394,0.421,1.57
0.5,2.086,1.323,1.805,1.857,0.394,0.421,1.57
0.5,2.086,1.323,1.806,1.858,0.394,0.421,1.571
0.5,2.085,1.324,1.807,1.859,0.395,0.421,1.571
0.501,2.085,1.325,1.808,1.86,0.395,0.421,1.571
0.501,2.084,1.326,1.809,1.861,0.395,0.422,1.571
0.501,2.083,1.326,1.81,1.862,0.396,0.422,1.571
0.502,2.083,1.327,1.811,1.863,0.396,0.422,1.571
0.502,2.082,1.328,1.812,1.863,0.396,0.422,1.572
0.502,2.082,1.328,1.813,1.864,0.397,0.422,1.572
0.502,2.081,1.329,1.814,1.865,0.397,0.422,1.572
0.503,2.08,1.329,1.815,1.866,0.397,0.423,1.572
0.503,2.08,1.33,1.815,1.867,0.398,0.423,1.572
0.503,2.079,1.331,1.817,1.868,0.398,0.423,1.573
0.504,2.078,1.332,1.817,1.868,0.398,0.423,1.573
0.504,2.078,1.332,1.818,1.869,0.399,0.423,1.573
0.504,2.077,1.333,1.819,1.87,0.399,0.424,1.573
0.505,2.077,1.334,1.82,1.871,0.399,0.424,1.574
0.505,2.076,1.334,1.821,1.872,0.4,0.424,1.573
0.505,2.075,1.335,1.822,1.872,0.4,0.424,1.574
0.505,2.075,1.335,1.823,1.873,0.4,0.424,1.574
0.506,2.074,1.336,1.824,1.874,0.401,0.424,1.574
0.506,2.073,1.337,1.824,1.875,0.401,0.425,1.574
0.506,2.072,1.337,1.825,1.876,0.401,0.425,1.575
0.507,2.072,1.338,1.826,1.876,0.402,0.425,1.575
0.507,2.071,1.338,1.827,1.877,0.402,0.425,1.575
0.507,2.071,1.339,1.828,1.878,0.402,0.425,1.575
0.507,2.07,1.34,1.829,1.879,0.403,0.426,1.575
0.508,2.069,1.34,1.83,1.879,0.403,0.426,1.575
0.508,2.069,1.341,1.83,1.88,0.403,0.426,1.575
0.508,2.068,1.342,1.832,1.881,0.404,0.426,1.576
0.509,2.068,1.342,1.832,1.882,0.404,0.426,1.576
0.509,2.067,1.343,1.833,1.883,0.404,0.426,1.576
0.509,2.066,1.344,1.834,1.884,0.405,0.427,1.576
0.509,2.066,1.344,1.835,1.884,0.405,0.427,1.577
0.51,2.065,1.345,1.836,1.885,0.405,0.427,1.577
0.51,2.064,1.346,1.837,1.886,0.405,0.427,1.577
0.51,2.064,1.346,1.838,1.887,0.406,0.427,1.577
0.51,2.063,1.347,1.839,1.888,0.406,0.428,1.577
0.511,2.062,1.347,1.84,1.888,0.407,0.428,1.578
0.511,2.062,1.348,1.84,1.889,0.407,0.428,1.578
0.511,2.061,1.349,1.841,1.89,0.407,0.428,1.578
0.512,2.06,1.349,1.842,1.891,0.407,0.428,1.578
0.512,2.06,1.35,1.843,1.891,0.408,0.428,1.578
0.512,2.059,1.35,1.844,1.892,0.408,0.429,1.578
0.512,2.058,1.351,1.845,1.893,0.408,0.429,1.579
0.513,2.058,1.352,1.846,1.894,0.409,0.429,1.579
0.513,2.057,1.353,1.847,1.895,0.409,0.429,1.579
0.513,2.057,1.353,1.848,1.896,0.409,0.429,1.579
0.514,2.056,1.354,1.848,1.896,0.41,0.43,1.579
0.514,2.055,1.354,1.849,1.897,0.41,0.43,1.58
0.514,2.055,1.355,1.85,1.898,0.41,0.43,1.58
0.514,2.054,1.356,1.851,1.899,0.411,0.43,1.58
0.515,2.054,1.356,1.852,1.9,0.411,0.43,1.58
0.515,2.053,1.357,1.853,1.9,0.411,0.431,1.58
0.515,2.052,1.357,1.854,1.901,0.412,0.431,1.581
0.515,2.052,1.358,1.854,1.902,0.412,0.431,1.581
0.516,2.051,1.359,1.855,1.902,0.412,0.431,1.581
0.516,2.05,1.359,1.856,1.903,0.412,0.431,1.581
0.516,2.05,1.36,1.857,1.904,0.413,0.431,1.581
0.517,2.049,1.361,1.858,1.905,0.413,0.432,1.581
0.517,2.048,1.361,1.859,1.905,0.413,0.432,1.581
0.517,2.048,1.362,1.859,1.906,0.414,0.432,1.581
0.517,2.047,1.362,1.86,1.907,0.414,0.432,1.582
0.518,2.046,1.363,1.861,1.908,0.414,0.432,1.582
0.518,2.046,1.364,1.862,1.908,0.414,0.432,1.582
0.518,2.045,1.364,1.862,1.909,0.415,0.433,1.582
0.518,2.044,1.365,1.863,1.91,0.415,0.433,1.582
0.519,2.044,1.365,1.864,1.911,0.415,0.433,1.582
0.519,2.043,1.366,1.865,1.911,0.416,0.433,1.582
0.519,2.042,1.367,1.866,1.912,0.416,0.433,1.583
0.52,2.042,1.367,1.866,1.913,0.416,0.433,1.583
0.52,2.041,1.368,1.867,1.914,0.416,0.434,1.583
0.52,2.04,1.368,1.868,1.914,0.417,0.434,1.583
0.52,2.04,1.369,1.869,1.915,0.417,0.434,1.583
0.521,2.039,1.369,1.87,1.916,0.417,0.434,1.583
0.521,2.038,1.37,1.871,1.916,0.418,0.434,1.583
0.521,2.037,1.371,1.871,1.917,0.418,0.434,1.583
0.521,2.037,1.371,1.872,1.918,0.418,0.435,1.584
0.522,2.036,1.372,1.873,1.918,0.418,0.435,1.584
0.522,2.035,1.372,1.873,1.919,0.419,0.435,1.584
0.522,2.035,1.373,1.874,1.92,0.419,0.435,1.584
0.522,2.034,1.374,1.875,1.92,0.419,0.435,1.584
0.523,2.033,1.374,1.876,1.921,0.419,0.435,1.584
0.523,2.033,1.375,1.877,1.922,0.42,0.436,1.584
0.523,2.032,1.376,1.878,1.923,0.42,0.436,1.585
0.523,2.031,1.376,1.878,1.923,0.42,0.436,1.585
0.524,2.03,1.377,1.879,1.924,0.421,0.436,1.584
0.524,2.03,1.377,1.88,1.925,0.421,0.436,1.585
0.524,2.029,1.378,1.88,1.926,0.421,0.436,1.585
0.524,2.028,1.378,1.881,1.926,0.421,0.436,1.585
0.525,2.028,1.379,1.882,1.927,0.422,0.436,1.585
0.525,2.027,1.38,1.883,1.928,0.422,0.437,1.585
0.525,2.026,1.38,1.883,1.928,0.422,0.437,1.585
0.525,2.026,1.381,1.884,1.929,0.422,0.437,1.585
0.526,2.025,1.381,1.885,1.93,0.423,0.437,1.585
0.526,2.024,1.382,1.886,1.93,0.423,0.437,1.586
0.526,2.023,1.382,1.886,1.931,0.423,0.438,1.586
0.526,2.023,1.383,1.887,1.932,0.424,0.438,1.586
0.527,2.022,1.383,1.888,1.932,0.424,0.438,1.586
0.527,2.021,1.384,1.889,1.933,0.424,0.438,1.586
0.527,2.021,1.385,1.889,1.934,0.424,0.438,1.586
0.527,2.02,1.385,1.89,1.934,0.424,0.438,1.586
0.527,2.019,1.386,1.891,1.935,0.425,0.438,1.586
0.528,2.018,1.386,1.892,1.936,0.425,0.439,1.586
0.528,2.018,1.387,1.892,1.936,0.425,0.439,1.586
0.528,2.017,1.387,1.893,1.937,0.426,0.439,1.586
0.528,2.016,1.388,1.894,1.937,0.426,0.439,1.587
0.529,2.015,1.389,1.894,1.938,0.426,0.439,1.587
0.529,2.014,1.389,1.895,1.939,0.426,0.439,1.587
0.529,2.014,1.39,1.896,1.94,0.427,0.44,1.587
0.529,2.013,1.39,1.897,1.94,0.427,0.44,1.587
0.53,2.013,1.391,1.897,1.941,0.427,0.44,1.587
0.53,2.012,1.391,1.898,1.941,0.427,0.44,1.587
0.53,2.011,1.392,1.899,1.942,0.427,0.44,1.587
0.53,2.01,1.393,1.9,1.943,0.428,0.44,1.587
0.531,2.01,1.393,1.9,1.943,0.428,0.44,1.587
0.531,2.009,1.394,1.901,1.944,0.428,0.44,1.587
0.531,2.008,1.394,1.901,1.945,0.428,0.441,1.588
0.531,2.007,1.395,1.902,1.945,0.429,0.441,1.587
0.531,2.007,1.395,1.903,1.946,0.429,0.441,1.588
0.532,2.006,1.396,1.904,1.947,0.429,0.441,1.588
0.532,2.005,1.396,1.905,1.947,0.43,0.441,1.588
0.532,2.005,1.397,1.905,1.948,0.43,0.441,1.588
0.532,2.004,1.397,1.906,1.949,0.43,0.442,1.588
0.533,2.003,1.398,1.907,1.949,0.43,0.442,1.588
0.533,2.003,1.398,1.907,1.95,0.43,0.442,1.588
0.533,2.002,1.399,1.908,1.95,0.431,0.442,1.588
0.533,2.001,1.4,1.909,1.951,0.431,0.442,1.588
0.533,2.0,1.4,1.909,1.952,0.431,0.442,1.588
0.534,1.999,1.4,1.91,1.952,0.431,0.442,1.588
0.534,1.999,1.401,1.91,1.953,0.431,0.443,1.588
0.534,1.998,1.402,1.911,1.953,0.432,0.443,1.588
0.534,1.997,1.402,1.912,1.954,0.432,0.443,1.588
0.535,1.996,1.403,1.912,1.955,0.432,0.443,1.588
0.535,1.996,1.403,1.913,1.955,0.432,0.443,1.589
0.535,1.995,1.404,1.914,1.956,0.433,0.443,1.589
0.535,1.994,1.405,1.915,1.956,0.433,0.443,1.589
0.535,1.994,1.405,1.915,1.957,0.433,0.444,1.589
0.536,1.993,1.405,1.916,1.958,0.433,0.444,1.589
0.536,1.992,1.406,1.916,1.958,0.433,0.444,1.589
0.536,1.991,1.407,1.917,1.959,0.434,0.444,1.589
0.536,1.991,1.407,1.918,1.96,0.434,0.444,1.589
0.537,1.99,1.408,1.918,1.96,0.434,0.444,1.589
0.537,1.989,1.408,1.919,1.961,0.434,0.444,1.589
0.537,1.989,1.409,1.92,1.961,0.435,0.444,1.589
0.537,1.988,1.409,1.92,1.962,0.435,0.445,1.589
0.537,1.987,1.41,1.921,1.963,0.435,0.445,1.589
0.538,1.986,1.41,1.922,1.963,0.435,0.445,1.589
0.538,1.986,1.411,1.922,1.964,0.435,0.445,1.589
0.538,1.985,1.411,1.923,1.964,0.436,0.445,1.589
0.538,1.984,1.412,1.923,1.965,0.436,0.445,1.59
0.538,1.983,1.412,1.924,1.965,0.436,0.446,1.59
0.539,1.982,1.413,1.925,1.966,0.436,0.446,1.59
0.539,1.982,1.413,1.925,1.967,0.436,0.446,1.59
0.539,1.981,1.414,1.926,1.967,0.437,0.446,1.59
0.539,1.98,1.414,1.926,1.968,0.437,0.446,1.59
0.54,1.979,1.415,1.927,1.968,0.437,0.446,1.59
0.54,1.979,1.415,1.928,1.969,0.437,0.446,1.59
0.54,1.978,1.416,1.928,1.969,0.437,0.446,1.59
0.54,1.977,1.416,1.929,1.97,0.438,0.447,1.59
0.54,1.976,1.417,1.93,1.971,0.438,0.447,1.59
0.54,1.976,1.417,1.93,1.971,0.438,0.447,1.59
0.541,1.975,1.418,1.931,1.972,0.438,0.447,1.59
0.541,1.974,1.418,1.932,1.972,0.438,0.447,1.59
0.541,1.973,1.419,1.932,1.973,0.439,0.447,1.59
0.541,1.973,1.419,1.933,1.973,0.439,0.447,1.59
0.541,1.972,1.42,1.933,1.974,0.439,0.448,1.59
0.542,1.971,1.42,1.934,1.974,0.439,0.447,1.59
0.542,1.971,1.421,1.935,1.975,0.439,0.448,1.59
0.542,1.97,1.421,1.935,1.976,0.44,0.448,1.59
0.542,1.969,1.422,1.936,1.976,0.44,0.448,1.59
0.543,1.968,1.422,1.936,1.977,0.44,0.448,1.59
0.543,1.967,1.423,1.937,1.977,0.44,0.448,1.59
0.543,1.966,1.423,1.937,1.978,0.44,0.448,1.59
0.543,1.966,1.424,1.938,1.978,0.44,0.448,1.59
0.543,1.965,1.424,1.939,1.979,0.441,0.449,1.59
0.543,1.964,1.425,1.939,1.979,0.441,0.449,1.59
0.544,1.963,1.425,1.94,1.98,0.441,0.449,1.59
0.544,1.962,1.426,1.94,1.98,0.441,0.449,1.59
0.544,1.962,1.426,1.941,1.981,0.441,0.449,1.59
0.544,1.961,1.427,1.942,1.982,0.442,0.449,1.59
0.545,1.96,1.427,1.942,1.982,0.442,0.45,1.59
0.545,1.959,1.428,1.943,1.983,0.442,0.45,1.59
0.545,1.958,1.428,1.943,1.983,0.442,0.45,1.59
0.545,1.958,1.429,1.944,1.983,0.442,0.45,1.59
0.545,1.957,1.429,1.944,1.984,0.442,0.45,1.59
0.545,1.956,1.43,1.945,1.985,0.442,0.45,1.59
0.546,1.955,1.43,1.946,1.985,0.443,0.45,1.59
0.546,1.955,1.431,1.946,1.986,0.443,0.45,1.59
0.546,1.954,1.431,1.947,1.986,0.443,0.45,1.59
0.546,1.953,1.432,1.947,1.987,0.443,0.451,1.59
0.546,1.952,1.432,1.948,1.987,0.443,0.451,1.59
0.547,1.952,1.433,1.948,1.988,0.444,0.451,1.59
0.547,1.951,1.433,1.949,1.988,0.444,0.451,1.59
0.547,1.95,1.434,1.949,1.989,0.444,0.451,1.59
0.547,1.949,1.434,1.95,1.989,0.444,0.451,1.59
0.547,1.948,1.435,1.951,1.99,0.444,0.451,1.59
0.548,1.948,1.435,1.951,1.99,0.445,0.451,1.59
0.548,1.947,1.435,1.951,1.991,0.444,0.452,1.59
0.548,1.946,1.436,1.952,1.991,0.445,0.452,1.59
0.548,1.945,1.436,1.952,1.992,0.445,0.452,1.59
0.548,1.944,1.436,1.953,1.992,0.445,0.452,1.59
0.548,1.943,1.437,1.953,1.992,0.445,0.452,1.59
0.549,1.942,1.438,1.954,1.993,0.445,0.452,1.59
0.549,1.942,1.438,1.954,1.993,0.445,0.452,1.59
0.549,1.941,1.438,1.955,1.994,0.445,0.452,1.59
0.549,1.94,1.439,1.956,1.994,0.446,0.452,1.59
0.549,1.94,1.439,1.956,1.995,0.446,0.453,1.59
0.55,1.939,1.44,1.956,1.995,0.446,0.453,1.59
0.55,1.938,1.44,1.957,1.996,0.446,0.453,1.59
0.55,1.937,1.441,1.957,1.996,0.446,0.453,1.59
0.55,1.936,1.441,1.958,1.997,0.446,0.453,1.59
0.55,1.935,1.441,1.959,1.997,0.447,0.453,1.59
0.551,1.935,1.442,1.959,1.998,0.447,0.453,1.59
0.551,1.934,1.443,1.96,1.998,0.447,0.453,1.59
0.551,1.933,1.443,1.96,1.999,0.447,0.454,1.59
0.551,1.933,1.443,1.961,1.999,0.447,0.454,1.59
0.551,1.932,1.444,1.961,2.0,0.447,0.454,1.59
0.551,1.931,1.444,1.962,2.0,0.447,0.454,1.59
0.552,1.93,1.445,1.962,2.001,0.448,0.454,1.59
0.552,1.929,1.445,1.963,2.001,0.448,0.454,1.59
0.552,1.929,1.446,1.963,2.002,0.448,0.454,1.59
0.552,1.928,1.446,1.964,2.002,0.448,0.454,1.59
0.552,1.927,1.447,1.964,2.003,0.448,0.454,1.59
0.553,1.926,1.447,1.965,2.003,0.448,0.455,1.59
0.553,1.925,1.447,1.965,2.003,0.448,0.455,1.59
0.553,1.925,1.448,1.966,2.004,0.448,0.455,1.59
0.553,1.924,1.448,1.966,2.004,0.449,0.455,1.59
0.553,1.923,1.449,1.967,2.005,0.449,0.455,1.589
0.553,1.922,1.449,1.967,2.005,0.449,0.455,1.59
0.553,1.921,1.45,1.968,2.006,0.449,0.455,1.59
0.554,1.921,1.45,1.968,2.006,0.449,0.455,1.59
0.554,1.92,1.451,1.969,2.007,0.449,0.456,1.59
0.554,1.919,1.451,1.969,2.007,0.449,0.456,1.589
0.554,1.918,1.451,1.97,2.007,0.449,0.456,1.589
0.554,1.918,1.452,1.97,2.008,0.45,0.456,1.589
0.555,1.917,1.452,1.971,2.008,0.45,0.456,1.589
0.555,1.916,1.453,1.971,2.009,0.45,0.456,1.59
0.555,1.915,1.453,1.972,2.009,0.45,0.456,1.59
0.555,1.915,1.454,1.972,2.01,0.45,0.456,1.589
0.555,1.914,1.454,1.973,2.01,0.45,0.456,1.589
0.555,1.913,1.454,1.973,2.011,0.45,0.456,1.59
0.556,1.912,1.455,1.973,2.011,0.45,0.457,1.59
0.556,1.912,1.455,1.974,2.011,0.451,0.457,1.589
0.556,1.911,1.456,1.974,2.012,0.451,0.457,1.589
0.556,1.91,1.456,1.975,2.012,0.451,0.457,1.589
0.556,1.909,1.457,1.975,2.013,0.451,0.457,1.589
0.556,1.908,1.457,1.975,2.013,0.451,0.457,1.589
0.556,1.908,1.457,1.976,2.013,0.451,0.457,1.589
0.557,1.907,1.458,1.976,2.014,0.451,0.457,1.589
0.557,1.906,1.458,1.977,2.014,0.451,0.458,1.589
0.557,1.905,1.458,1.977,2.014,0.451,0.458,1.589
0.557,1.905,1.459,1.978,2.015,0.451,0.458,1.589
0.557,1.904,1.459,1.978,2.015,0.452,0.458,1.589
0.558,1.903,1.46,1.979,2.016,0.452,0.458,1.589
0.558,1.902,1.46,1.979,2.016,0.452,0.458,1.589
0.558,1.902,1.461,1.979,2.017,0.452,0.458,1.589
0.558,1.901,1.461,1.98,2.017,0.452,0.458,1.589
0.558,1.9,1.461,1.98,2.018,0.452,0.458,1.589
0.558,1.9,1.462,1.981,2.018,0.452,0.459,1.589
0.559,1.899,1.462,1.982,2.019,0.452,0.459,1.589
0.559,1.898,1.463,1.982,2.019,0.452,0.459,1.589
0.559,1.897,1.463,1.982,2.019,0.453,0.459,1.589
0.559,1.897,1.464,1.983,2.02,0.453,0.459,1.589
0.559,1.896,1.464,1.983,2.02,0.453,0.459,1.589
0.559,1.895,1.464,1.984,2.021,0.453,0.459,1.589
0.56,1.894,1.465,1.984,2.021,0.453,0.459,1.589
0.56,1.894,1.465,1.984,2.021,0.453,0.459,1.589
0.56,1.893,1.466,1.985,2.022,0.453,0.46,1.589
0.56,1.892,1.466,1.985,2.022,0.453,0.46,1.589
0.56,1.892,1.466,1.986,2.023,0.453,0.46,1.589
0.56,1.891,1.467,1.986,2.023,0.453,0.46,1.589
0.561,1.89,1.467,1.987,2.023,0.453,0.46,1.589
0.561,1.89,1.468,1.987,2.024,0.453,0.46,1.589
0.561,1.889,1.468,1.987,2.024,0.454,0.46,1.589
0.561,1.888,1.468,1.988,2.025,0.454,0.46,1.589
0.561,1.887,1.469,1.988,2.025,0.454,0.46,1.589
0.561,1.887,1.469,1.989,2.025,0.454,0.46,1.589
0.562,1.886,1.47,1.989,2.026,0.454,0.461,1.589
0.562,1.885,1.47,1.99,2.026,0.454,0.461,1.589
0.562,1.884,1.47,1.99,2.027,0.454,0.461,1.589
0.562,1.884,1.471,1.991,2.027,0.454,0.461,1.589
0.562,1.883,1.471,1.991,2.027,0.454,0.461,1.589
0.562,1.882,1.472,1.991,2.028,0.454,0.461,1.589
0.563,1.882,1.472,1.992,2.028,0.454,0.461,1.589
0.563,1.881,1.473,1.992,2.028,0.455,0.461,1.589
0.563,1.88,1.473,1.993,2.029,0.455,0.462,1.589
0.563,1.88,1.473,1.993,2.029,0.455,0.462,1.588
0.563,1.879,1.473,1.993,2.03,0.455,0.462,1.589
0.564,1.878,1.474,1.994,2.03,0.455,0.462,1.588
0.564,1.877,1.475,1.994,2.03,0.455,0.462,1.588
0.564,1.877,1.475,1.995,2.031,0.455,0.462,1.589
0.564,1.876,1.475,1.995,2.031,0.455,0.462,1.589
0.564,1.875,1.476,1.996,2.031,0.455,0.462,1.588
0.564,1.875,1.476,1.996,2.032,0.455,0.462,1.589
0.564,1.874,1.477,1.996,2.032,0.455,0.462,1.589
0.564,1.874,1.477,1.997,2.033,0.455,0.462,1.589
0.565,1.873,1.477,1.997,2.033,0.455,0.463,1.589
0.565,1.872,1.478,1.997,2.033,0.455,0.463,1.588
0.565,1.871,1.478,1.998,2.034,0.455,0.463,1.588
0.565,1.871,1.478,1.998,2.034,0.456,0.463,1.588
0.565,1.87,1.479,1.999,2.034,0.456,0.463,1.588
0.566,1.869,1.479,1.999,2.035,0.456,0.463,1.588
0.566,1.868,1.48,1.999,2.035,0.456,0.463,1.589
0.566,1.868,1.48,2.0,2.036,0.456,0.463,1.588
0.566,1.867,1.48,2.0,2.036,0.456,0.463,1.588
0.566,1.867,1.481,2.0,2.036,0.456,0.463,1.588
0.566,1.866,1.481,2.001,2.037,0.456,0.464,1.588
0.567,1.865,1.482,2.001,2.037,0.456,0.464,1.588
0.567,1.864,1.482,2.002,2.037,0.456,0.464,1.588
0.567,1.864,1.482,2.002,2.038,0.456,0.464,1.588
0.567,1.863,1.483,2.002,2.038,0.456,0.464,1.588
0.567,1.862,1.483,2.003,2.038,0.456,0.464,1.588
0.567,1.862,1.484,2.003,2.039,0.456,0.464,1.588
0.567,1.861,1.484,2.003,2.039,0.456,0.464,1.588
0.568,1.86,1.484,2.004,2.039,0.456,0.464,1.588
0.568,1.859,1.485,2.004,2.04,0.456,0.465,1.588
0.568,1.859,1.485,2.005,2.04,0.456,0.465,1.588
0.568,1.858,1.485,2.005,2.041,0.457,0.465,1.588
0.568,1.858,1.486,2.005,2.041,0.457,0.465,1.588
0.568,1.857,1.486,2.006,2.041,0.457,0.465,1.588
0.568,1.856,1.487,2.006,2.042,0.457,0.465,1.588
0.569,1.856,1.487,2.006,2.042,0.457,0.465,1.588
0.569,1.855,1.487,2.007,2.042,0.457,0.465,1.588
0.569,1.855,1.488,2.008,2.043,0.457,0.465,1.588
0.569,1.854,1.488,2.008,2.043,0.457,0.465,1.588
0.569,1.853,1.489,2.008,2.044,0.457,0.466,1.588
0.569,1.853,1.489,2.009,2.044,0.457,0.466,1.588
0.57,1.852,1.489,2.009,2.044,0.457,0.466,1.588
0.57,1.852,1.49,2.009,2.045,0.457,0.466,1.588
0.57,1.851,1.49,2.01,2.045,0.457,0.466,1.588
0.57,1.85,1.491,2.01,2.045,0.457,0.466,1.588
0.57,1.85,1.491,2.011,2.046,0.457,0.466,1.588
0.57,1.849,1.491,2.011,2.046,0.457,0.466,1.588
0.57,1.848,1.492,2.011,2.046,0.457,0.466,1.588
0.571,1.848,1.492,2.011,2.047,0.457,0.466,1.588
0.571,1.847,1.492,2.012,2.047,0.458,0.467,1.588
0.571,1.846,1.493,2.012,2.047,0.457,0.467,1.588
0.571,1.846,1.493,2.013,2.047,0.457,0.467,1.588
0.571,1.845,1.493,2.013,2.048,0.458,0.467,1.588
0.571,1.845,1.494,2.013,2.048,0.458,0.467,1.588
0.572,1.844,1.494,2.014,2.049,0.458,0.467,1.588
0.572,1.843,1.495,2.014,2.049,0.458,0.467,1.588
0.572,1.843,1.495,2.014,2.049,0.457,0.467,1.588
0.572,1.842,1.495,2.015,2.049,0.458,0.467,1.588
0.572,1.841,1.496,2.015,2.05,0.458,0.468,1.588
0.572,1.841,1.496,2.015,2.05,0.458,0.468,1.588
0.572,1.84,1.496,2.016,2.05,0.458,0.468,1.588
0.572,1.84,1.497,2.016,2.051,0.458,0.468,1.588
0.573,1.839,1.497,2.016,2.051,0.458,0.468,1.588
0.573,1.838,1.497,2.017,2.051,0.458,0.468,1.588
0.573,1.838,1.498,2.017,2.051,0.458,0.468,1.588
0.573,1.837,1.498,2.017,2.052,0.458,0.468,1.588
0.573,1.837,1.499,2.018,2.052,0.458,0.468,1.588
0.573,1.836,1.499,2.018,2.052,0.458,0.468,1.588
0.573,1.835,1.499,2.018,2.053,0.458,0.469,1.588
0.574,1.835,1.5,2.018,2.053,0.458,0.469,1.588
0.574,1.834,1.5,2.019,2.053,0.458,0.469,1.588
0.574,1.834,1.5,2.019,2.053,0.458,0.469,1.588
0.574,1.833,1.501,2.019,2.054,0.458,0.469,1.588
0.574,1.832,1.501,2.02,2.054,0.458,0.469,1.588
0.574,1.832,1.501,2.02,2.055,0.458,0.469,1.588
0.574,1.831,1.502,2.021,2.055,0.458,0.469,1.587
0.575,1.831,1.502,2.021,2.055,0.458,0.469,1.588
0.575,1.83,1.502,2.021,2.055,0.458,0.469,1.587
0.575,1.83,1.503,2.021,2.056,0.458,0.47,1.588
0.575,1.829,1.503,2.022,2.056,0.458,0.47,1.588
0.575,1.828,1.503,2.022,2.056,0.458,0.47,1.588
0.575,1.828,1.504,2.022,2.057,0.458,0.47,1.587
0.575,1.827,1.504,2.022,2.057,0.458,0.47,1.588
0.575,1.827,1.505,2.023,2.057,0.458,0.47,1.588
0.576,1.827,1.505,2.023,2.058,0.458,0.47,1.588
0.576,1.826,1.505,2.024,2.058,0.458,0.47,1.588
0.576,1.825,1.506,2.024,2.058,0.458,0.47,1.588
0.576,1.825,1.506,2.024,2.058,0.458,0.47,1.588
0.576,1.824,1.507,2.025,2.059,0.458,0.471,1.588
0.576,1.824,1.507,2.025,2.059,0.458,0.471,1.588
0.576,1.823,1.507,2.025,2.059,0.458,0.471,1.588
0.577,1.823,1.507,2.026,2.06,0.458,0.471,1.588
0.577,1.822,1.508,2.026,2.06,0.458,0.471,1.588
0.577,1.822,1.508,2.026,2.06,0.458,0.471,1.588
0.577,1.821,1.509,2.027,2.061,0.458,0.471,1.588
0.577,1.82,1.509,2.027,2.061,0.458,0.471,1.588
0.577,1.82,1.509,2.027,2.061,0.458,0.471,1.588
0.578,1.82,1.51,2.028,2.061,0.458,0.471,1.588
0.578,1.819,1.51,2.028,2.062,0.458,0.471,1.588
0.578,1.819,1.51,2.028,2.062,0.458,0.471,1.588
0.578,1.818,1.511,2.028,2.062,0.459,0.472,1.588
0.578,1.818,1.511,2.029,2.063,0.459,0.472,1.588
0.578,1.817,1.511,2.029,2.063,0.458,0.472,1.588
0.578,1.816,1.512,2.029,2.063,0.458,0.472,1.588
0.579,1.816,1.512,2.03,2.063,0.458,0.472,1.588
0.579,1.815,1.512,2.03,2.064,0.458,0.472,1.588
0.579,1.815,1.513,2.03,2.064,0.458,0.472,1.588
0.579,1.814,1.513,2.031,2.064,0.459,0.472,1.588
0.579,1.814,1.514,2.031,2.065,0.459,0.472,1.588
0.579,1.813,1.514,2.031,2.065,0.458,0.473,1.588
0.579,1.813,1.514,2.032,2.065,0.458,0.473,1.588
0.58,1.812,1.515,2.032,2.065,0.458,0.473,1.588
0.58,1.812,1.515,2.032,2.066,0.458,0.473,1.588
0.58,1.811,1.515,2.032,2.066,0.458,0.473,1.588
0.58,1.811,1.516,2.033,2.066,0.458,0.473,1.588
0.58,1.81,1.516,2.033,2.067,0.458,0.473,1.588
0.58,1.81,1.516,2.033,2.067,0.458,0.473,1.588
0.58,1.809,1.517,2.034,2.067,0.458,0.473,1.588
0.58,1.808,1.517,2.034,2.067,0.458,0.473,1.588
0.581,1.808,1.517,2.034,2.067,0.458,0.473,1.587
0.581,1.808,1.518,2.034,2.068,0.458,0.473,1.588
0.581,1.807,1.518,2.035,2.068,0.458,0.474,1.587
0.581,1.806,1.518,2.035,2.068,0.458,0.474,1.588
0.581,1.806,1.518,2.035,2.069,0.458,0.474,1.587
0.581,1.805,1.519,2.036,2.069,0.458,0.474,1.588
0.581,1.805,1.519,2.036,2.069,0.458,0.474,1.587
0.582,1.804,1.52,2.036,2.069,0.458,0.474,1.587
0.582,1.804,1.52,2.036,2.069,0.458,0.474,1.587
0.582,1.803,1.52,2.037,2.07,0.458,0.474,1.587
0.582,1.803,1.521,2.037,2.07,0.458,0.474,1.587
0.582,1.802,1.521,2.037,2.07,0.458,0.474,1.587
0.582,1.802,1.521,2.037,2.07,0.458,0.475,1.587
0.582,1.801,1.522,2.037,2.071,0.458,0.475,1.587
0.582,1.801,1.522,2.038,2.071,0.458,0.475,1.587
0.583,1.8,1.522,2.038,2.071,0.458,0.475,1.587
0.583,1.8,1.523,2.038,2.071,0.458,0.475,1.587
0.583,1.799,1.523,2.039,2.072,0.458,0.475,1.587
0.583,1.799,1.523,2.039,2.072,0.458,0.475,1.587
0.583,1.798,1.524,2.039,2.072,0.458,0.475,1.587
0.583,1.798,1.524,2.039,2.072,0.458,0.475,1.587
0.583,1.797,1.524,2.04,2.073,0.458,0.475,1.587
0.584,1.797,1.525,2.04,2.073,0.458,0.476,1.587
0.584,1.796,1.525,2.04,2.073,0.458,0.476,1.587
0.584,1.796,1.525,2.04,2.073,0.458,0.476,1.586
0.584,1.795,1.525,2.04,2.073,0.458,0.476,1.587
0.584,1.794,1.526,2.041,2.073,0.458,0.476,1.587
0.584,1.794,1.526,2.041,2.074,0.458,0.476,1.587
0.584,1.793,1.526,2.041,2.074,0.458,0.476,1.587
0.584,1.793,1.527,2.042,2.074,0.458,0.476,1.587
0.585,1.792,1.527,2.042,2.074,0.458,0.476,1.587
0.585,1.792,1.527,2.042,2.075,0.458,0.476,1.587
0.585,1.791,1.528,2.042,2.075,0.458,0.476,1.587
0.585,1.791,1.528,2.043,2.075,0.458,0.476,1.587
0.585,1.79,1.528,2.043,2.075,0.458,0.477,1.587
0.585,1.79,1.528,2.043,2.075,0.458,0.476,1.587
0.585,1.789,1.529,2.043,2.076,0.458,0.477,1.586
0.585,1.789,1.529,2.044,2.076,0.457,0.477,1.587
0.585,1.788,1.529,2.044,2.076,0.458,0.477,1.586
0.586,1.788,1.53,2.044,2.077,0.458,0.477,1.586
0.586,1.788,1.53,2.044,2.077,0.458,0.477,1.587
0.586,1.787,1.53,2.044,2.077,0.458,0.477,1.586
0.586,1.787,1.531,2.045,2.077,0.458,0.477,1.587
0.586,1.786,1.531,2.045,2.077,0.457,0.477,1.586
0.586,1.785,1.532,2.045,2.078,0.457,0.477,1.586
0.586,1.785,1.532,2.045,2.078,0.457,0.477,1.586
0.586,1.785,1.532,2.046,2.078,0.457,0.477,1.586
0.587,1.784,1.533,2.046,2.078,0.457,0.478,1.586
0.587,1.784,1.533,2.046,2.079,0.457,0.478,1.586
0.587,1.783,1.533,2.046,2.079,0.457,0.478,1.586
0.587,1.783,1.533,2.047,2.079,0.457,0.478,1.586
0.587,1.782,1.534,2.047,2.079,0.457,0.478,1.586
0.587,1.782,1.534,2.047,2.079,0.457,0.478,1.586
0.587,1.781,1.534,2.047,2.08,0.457,0.478,1.586
0.588,1.781,1.535,2.048,2.08,0.457,0.478,1.586
0.587,1.78,1.535,2.048,2.08,0.457,0.478,1.586
0.588,1.78,1.535,2.048,2.08,0.457,0.478,1.586
0.588,1.779,1.536,2.048,2.08,0.457,0.478,1.586
0.588,1.779,1.536,2.049,2.081,0.457,0.479,1.586
0.588,1.779,1.536,2.049,2.081,0.457,0.479,1.586
0.588,1.778,1.537,2.049,2.081,0.457,0.479,1.586
0.588,1.777,1.537,2.05,2.081,0.457,0.479,1.586
0.589,1.777,1.538,2.05,2.082,0.457,0.479,1.586
0.589,1.777,1.538,2.05,2.082,0.457,0.479,1.586
0.589,1.776,1.538,2.05,2.082,0.457,0.479,1.586
0.589,1.776,1.538,2.05,2.082,0.457,0.479,1.586
0.589,1.775,1.539,2.05,2.082,0.457,0.479,1.586
0.589,1.775,1.539,2.051,2.082,0.457,0.479,1.586
0.589,1.774,1.539,2.051,2.082,0.456,0.479,1.586
0.589,1.774,1.54,2.051,2.083,0.456,0.479,1.586
0.589,1.773,1.54,2.052,2.083,0.456,0.48,1.586
0.59,1.773,1.54,2.052,2.083,0.456,0.48,1.586
0.59,1.773,1.54,2.052,2.084,0.456,0.48,1.586
0.59,1.772,1.541,2.052,2.084,0.456,0.48,1.586
0.59,1.771,1.541,2.052,2.084,0.456,0.48,1.586
0.59,1.771,1.541,2.052,2.084,0.456,0.48,1.586
0.59,1.771,1.542,2.053,2.084,0.456,0.48,1.586
0.59,1.77,1.542,2.053,2.084,0.456,0.48,1.586
0.59,1.769,1.542,2.053,2.084,0.456,0.48,1.586
0.591,1.769,1.542,2.053,2.085,0.456,0.48,1.586
0.591,1.769,1.543,2.053,2.085,0.456,0.48,1.586
0.591,1.768,1.543,2.054,2.085,0.456,0.48,1.586
0.591,1.768,1.543,2.054,2.085,0.456,0.48,1.586
0.591,1.767,1.544,2.054,2.086,0.456,0.481,1.586
0.591,1.767,1.544,2.055,2.086,0.456,0.481,1.586
0.591,1.767,1.545,2.055,2.086,0.456,0.481,1.586
0.592,1.766,1.545,2.055,2.086,0.456,0.481,1.586
0.592,1.766,1.545,2.055,2.086,0.455,0.481,1.585
0.592,1.765,1.545,2.055,2.086,0.456,0.481,1.586
0.592,1.765,1.546,2.055,2.087,0.455,0.481,1.586
0.592,1.764,1.546,2.055,2.087,0.455,0.481,1.586
0.592,1.764,1.546,2.056,2.087,0.455,0.481,1.585
0.592,1.763,1.546,2.056,2.087,0.455,0.481,1.586
0.592,1.763,1.547,2.056,2.087,0.455,0.481,1.586
0.592,1.762,1.547,2.057,2.087,0.455,0.481,1.585
0.593,1.762,1.547,2.057,2.088,0.455,0.482,1.585
0.593,1.762,1.548,2.057,2.088,0.455,0.482,1.586
0.593,1.761,1.548,2.057,2.088,0.455,0.482,1.586
0.593,1.761,1.548,2.057,2.088,0.455,0.482,1.586
0.593,1.76,1.549,2.058,2.089,0.455,0.482,1.585
0.593,1.76,1.549,2.058,2.089,0.455,0.482,1.586
0.593,1.76,1.549,2.058,2.089,0.455,0.482,1.585
0.593,1.759,1.55,2.058,2.089,0.455,0.482,1.586
0.594,1.759,1.55,2.058,2.089,0.455,0.482,1.585
0.594,1.758,1.55,2.059,2.089,0.455,0.482,1.585
0.594,1.758,1.551,2.059,2.09,0.455,0.482,1.585
0.594,1.758,1.551,2.059,2.09,0.455,0.482,1.585
0.594,1.757,1.551,2.059,2.09,0.454,0.483,1.585
0.594,1.757,1.551,2.059,2.09,0.454,0.483,1.585
0.594,1.756,1.552,2.06,2.09,0.454,0.483,1.585
0.594,1.756,1.552,2.06,2.091,0.454,0.483,1.585
0.594,1.755,1.552,2.06,2.091,0.454,0.483,1.585
0.595,1.755,1.553,2.06,2.091,0.454,0.483,1.585
0.595,1.755,1.553,2.06,2.091,0.454,0.483,1.585
0.595,1.754,1.553,2.06,2.091,0.454,0.483,1.585
0.595,1.753,1.553,2.061,2.091,0.454,0.483,1.585
0.595,1.753,1.554,2.061,2.091,0.454,0.483,1.585
0.595,1.753,1.554,2.061,2.092,0.454,0.483,1.585
0.595,1.752,1.554,2.061,2.092,0.454,0.484,1.585
0.595,1.752,1.554,2.062,2.092,0.454,0.483,1.585
0.595,1.752,1.555,2.062,2.092,0.454,0.484,1.585
0.596,1.751,1.555,2.062,2.092,0.454,0.484,1.585
0.596,1.751,1.556,2.062,2.092,0.453,0.484,1.585
0.596,1.75,1.556,2.062,2.093,0.453,0.484,1.585
0.596,1.75,1.556,2.063,2.093,0.453,0.484,1.585
0.596,1.749,1.556,2.063,2.093,0.453,0.484,1.585
0.596,1.749,1.557,2.063,2.093,0.453,0.484,1.585
0.596,1.749,1.557,2.063,2.093,0.453,0.484,1.585
0.596,1.748,1.557,2.063,2.094,0.453,0.484,1.585
0.596,1.748,1.558,2.064,2.094,0.453,0.484,1.585
0.597,1.748,1.558,2.064,2.094,0.453,0.485,1.585
0.597,1.747,1.558,2.064,2.094,0.453,0.484,1.585
0.597,1.747,1.559,2.064,2.094,0.453,0.485,1.585
0.597,1.747,1.559,2.064,2.094,0.453,0.485,1.585
0.597,1.746,1.559,2.065,2.094,0.453,0.485,1.585
0.597,1.746,1.559,2.065,2.095,0.453,0.485,1.585
0.597,1.745,1.56,2.065,2.095,0.453,0.485,1.585
0.597,1.745,1.56,2.065,2.095,0.453,0.485,1.585
0.597,1.745,1.56,2.065,2.095,0.452,0.485,1.585
0.598,1.744,1.561,2.065,2.095,0.452,0.485,1.585
0.598,1.744,1.561,2.066,2.095,0.452,0.485,1.585
0.598,1.744,1.561,2.066,2.096,0.452,0.485,1.585
0.598,1.743,1.561,2.066,2.096,0.452,0.485,1.585
0.598,1.743,1.562,2.066,2.096,0.452,0.486,1.585
0.598,1.742,1.562,2.066,2.096,0.452,0.485,1.585
0.598,1.742,1.562,2.067,2.096,0.452,0.486,1.585
0.598,1.742,1.563,2.067,2.096,0.452,0.486,1.585
0.598,1.741,1.563,2.067,2.096,0.452,0.486,1.585
0.599,1.741,1.563,2.067,2.097,0.452,0.486,1.585
0.599,1.74,1.563,2.067,2.097,0.452,0.486,1.585
0.599,1.74,1.564,2.068,2.097,0.452,0.486,1.585
0.599,1.74,1.564,2.068,2.097,0.452,0.486,1.585
0.599,1.739,1.564,2.068,2.097,0.451,0.486,1.585
0.599,1.739,1.565,2.068,2.097,0.451,0.486,1.585
0.599,1.739,1.565,2.068,2.098,0.451,0.486,1.585
0.599,1.739,1.565,2.069,2.098,0.451,0.486,1.585
0.6,1.738,1.566,2.069,2.098,0.451,0.487,1.585
0.6,1.738,1.566,2.069,2.098,0.451,0.487,1.585
0.6,1.738,1.566,2.069,2.098,0.451,0.487,1.585
0.6,1.737,1.566,2.069,2.098,0.451,0.487,1.585
0.6,1.736,1.567,2.069,2.098,0.451,0.487,1.585
0.6,1.736,1.567,2.069,2.099,0.451,0.487,1.585
0.6,1.736,1.567,2.069,2.098,0.451,0.487,1.585
0.6,1.736,1.567,2.07,2.099,0.451,0.487,1.585
0.6,1.735,1.568,2.07,2.099,0.451,0.487,1.585
0.601,1.735,1.568,2.07,2.099,0.45,0.487,1.585
0.601,1.734,1.568,2.07,2.099,0.45,0.487,1.585
0.601,1.734,1.569,2.071,2.1,0.45,0.487,1.585
0.601,1.734,1.569,2.071,2.1,0.45,0.487,1.585
0.601,1.734,1.57,2.071,2.1,0.45,0.488,1.585
0.601,1.733,1.569,2.071,2.1,0.45,0.487,1.585
0.601,1.733,1.57,2.071,2.1,0.45,0.488,1.585
0.601,1.732,1.57,2.072,2.1,0.45,0.488,1.585
0.601,1.732,1.57,2.072,2.1,0.45,0.488,1.585
0.602,1.732,1.571,2.072,2.1,0.45,0.488,1.585
0.602,1.732,1.571,2.072,2.101,0.45,0.488,1.585
0.602,1.731,1.572,2.072,2.101,0.45,0.488,1.585
0.602,1.731,1.572,2.072,2.101,0.45,0.488,1.585
0.602,1.731,1.572,2.073,2.101,0.45,0.488,1.585
0.602,1.73,1.572,2.073,2.101,0.449,0.488,1.585
0.602,1.73,1.573,2.073,2.101,0.449,0.488,1.585
0.602,1.729,1.573,2.073,2.101,0.449,0.488,1.585
0.603,1.729,1.573,2.073,2.102,0.449,0.488,1.585
0.603,1.729,1.573,2.073,2.102,0.449,0.488,1.585
0.603,1.729,1.574,2.074,2.102,0.449,0.489,1.585
0.603,1.728,1.574,2.073,2.102,0.449,0.489,1.585
0.603,1.728,1.574,2.074,2.102,0.449,0.489,1.585
0.603,1.727,1.574,2.074,2.102,0.449,0.489,1.585
0.603,1.727,1.575,2.074,2.102,0.449,0.489,1.585
0.603,1.727,1.575,2.074,2.102,0.449,0.489,1.585
0.603,1.726,1.575,2.074,2.102,0.448,0.489,1.585
0.603,1.726,1.575,2.075,2.103,0.448,0.489,1.585
0.604,1.726,1.576,2.075,2.103,0.448,0.489,1.585
0.604,1.725,1.576,2.075,2.103,0.448,0.489,1.585
0.604,1.725,1.576,2.075,2.103,0.448,0.489,1.585
0.604,1.724,1.577,2.075,2.103,0.448,0.489,1.585
0.604,1.724,1.577,2.075,2.103,0.448,0.489,1.585
0.604,1.724,1.577,2.076,2.104,0.448,0.49,1.585
0.604,1.724,1.578,2.076,2.104,0.448,0.49,1.585
0.604,1.723,1.578,2.076,2.104,0.448,0.49,1.585
0.605,1.723,1.578,2.076,2.104,0.448,0.49,1.585
0.605,1.723,1.578,2.076,2.104,0.447,0.49,1.585
0.605,1.722,1.579,2.077,2.104,0.447,0.49,1.585
0.605,1.722,1.579,2.077,2.104,0.447,0.49,1.585
0.605,1.722,1.579,2.077,2.104,0.447,0.49,1.585
0.605,1.721,1.58,2.077,2.105,0.447,0.49,1.585
0.605,1.721,1.58,2.077,2.105,0.447,0.49,1.585
0.605,1.721,1.58,2.077,2.105,0.447,0.49,1.585
0.605,1.72,1.58,2.077,2.105,0.447,0.49,1.585
0.605,1.72,1.58,2.078,2.105,0.447,0.49,1.585
0.606,1.72,1.581,2.078,2.105,0.447,0.491,1.585
0.606,1.719,1.581,2.078,2.105,0.447,0.491,1.585
0.606,1.719,1.582,2.078,2.105,0.447,0.491,1.585
0.606,1.719,1.582,2.078,2.106,0.447,0.491,1.585
0.606,1.718,1.582,2.078,2.106,0.446,0.491,1.585
0.606,1.718,1.582,2.078,2.106,0.446,0.491,1.585
0.606,1.717,1.583,2.078,2.106,0.446,0.491,1.585
0.606,1.717,1.583,2.079,2.106,0.446,0.491,1.585
0.606,1.717,1.583,2.078,2.106,0.446,0.491,1.585
0.607,1.716,1.583,2.079,2.106,0.446,0.491,1.585
0.607,1.716,1.583,2.079,2.106,0.446,0.491,1.585
0.607,1.716,1.584,2.079,2.107,0.446,0.491,1.585
0.607,1.716,1.584,2.079,2.107,0.446,0.491,1.585
0.607,1.716,1.585,2.08,2.107,0.446,0.491,1.585
0.607,1.715,1.585,2.08,2.107,0.445,0.491,1.585
0.607,1.715,1.585,2.08,2.107,0.445,0.492,1.585
0.607,1.714,1.585,2.08,2.107,0.445,0.492,1.585
0.607,1.714,1.586,2.08,2.107,0.445,0.492,1.585
0.608,1.714,1.586,2.08,2.107,0.445,0.492,1.585
0.608,1.713,1.586,2.08,2.107,0.445,0.492,1.585
0.608,1.713,1.586,2.08,2.107,0.445,0.492,1.585
0.608,1.712,1.587,2.081,2.107,0.445,0.492,1.585
0.608,1.712,1.587,2.081,2.108,0.445,0.492,1.585
0.608,1.712,1.587,2.081,2.108,0.445,0.492,1.585
0.608,1.712,1.587,2.081,2.108,0.445,0.492,1.585
0.608,1.711,1.588,2.081,2.108,0.444,0.492,1.585
0.608,1.711,1.588,2.081,2.108,0.444,0.492,1.585
0.609,1.71,1.588,2.081,2.108,0.444,0.492,1.585
0.608,1.71,1.589,2.082,2.108,0.444,0.493,1.585
0.609,1.71,1.589,2.082,2.108,0.444,0.493,1.585
0.609,1.709,1.589,2.082,2.109,0.444,0.493,1.584
0.609,1.709,1.589,2.082,2.109,0.444,0.493,1.585
0.609,1.709,1.59,2.082,2.109,0.444,0.493,1.585
0.609,1.708,1.59,2.082,2.109,0.444,0.493,1.585
0.609,1.708,1.59,2.082,2.109,0.444,0.493,1.585
0.609,1.708,1.59,2.082,2.109,0.444,0.493,1.585
0.609,1.707,1.591,2.083,2.109,0.443,0.493,1.584
0.61,1.707,1.591,2.083,2.109,0.443,0.493,1.584
0.61,1.707,1.591,2.083,2.109,0.443,0.493,1.584
0.61,1.706,1.591,2.083,2.109,0.443,0.493,1.585
0.61,1.706,1.592,2.083,2.109,0.443,0.493,1.584
0.61,1.706,1.592,2.083,2.109,0.443,0.493,1.584
0.61,1.705,1.592,2.083,2.11,0.443,0.493,1.584
0.61,1.705,1.593,2.083,2.11,0.443,0.493,1.584
0.61,1.705,1.593,2.084,2.11,0.443,0.493,1.584
0.61,1.704,1.593,2.084,2.11,0.442,0.493,1.584
0.61,1.704,1.593,2.084,2.11,0.442,0.494,1.584
0.611,1.704,1.594,2.084,2.11,0.442,0.494,1.584
0.611,1.703,1.594,2.084,2.11,0.442,0.494,1.584
0.611,1.703,1.594,2.084,2.11,0.442,0.494,1.584
0.611,1.703,1.594,2.084,2.11,0.442,0.494,1.584
0.611,1.702,1.594,2.084,2.11,0.442,0.494,1.584
0.611,1.702,1.595,2.085,2.11,0.442,0.494,1.584
0.611,1.702,1.595,2.085,2.111,0.442,0.494,1.584
0.611,1.701,1.596,2.085,2.111,0.442,0.494,1.584
0.611,1.701,1.596,2.085,2.111,0.442,0.494,1.584
0.611,1.701,1.596,2.085,2.111,0.441,0.494,1.584
0.612,1.7,1.596,2.085,2.111,0.441,0.494,1.584
0.611,1.7,1.596,2.085,2.111,0.441,0.494,1.584
0.612,1.7,1.597,2.085,2.111,0.441,0.494,1.584
0.612,1.699,1.597,2.085,2.111,0.441,0.495,1.584
0.612,1.699,1.597,2.085,2.111,0.441,0.495,1.584
0.612,1.699,1.597,2.086,2.111,0.441,0.495,1.584
0.612,1.699,1.597,2.086,2.111,0.441,0.495,1.584
0.612,1.698,1.598,2.086,2.111,0.441,0.495,1.584
0.612,1.698,1.598,2.086,2.111,0.44,0.495,1.584
0.612,1.698,1.598,2.086,2.112,0.44,0.495,1.584
0.613,1.697,1.599,2.086,2.112,0.44,0.495,1.584
0.613,1.697,1.599,2.087,2.112,0.44,0.495,1.584
0.613,1.697,1.599,2.087,2.112,0.44,0.495,1.584
0.613,1.696,1.6,2.087,2.112,0.44,0.495,1.584
0.613,1.696,1.6,2.087,2.112,0.44,0.495,1.584
0.613,1.696,1.6,2.087,2.112,0.44,0.495,1.584
0.613,1.696,1.6,2.087,2.112,0.44,0.495,1.584
0.613,1.695,1.6,2.087,2.112,0.44,0.496,1.584
0.613,1.695,1.601,2.087,2.112,0.44,0.496,1.584
0.613,1.695,1.601,2.087,2.113,0.439,0.496,1.584
0.613,1.694,1.601,2.087,2.113,0.439,0.496,1.584
0.614,1.694,1.602,2.088,2.113,0.439,0.496,1.584
0.614,1.694,1.602,2.088,2.113,0.439,0.496,1.584
0.614,1.693,1.602,2.088,2.113,0.439,0.496,1.584
0.614,1.693,1.602,2.088,2.113,0.439,0.496,1.584
0.614,1.693,1.603,2.088,2.113,0.439,0.496,1.584
0.614,1.693,1.603,2.088,2.113,0.439,0.496,1.584
0.614,1.692,1.603,2.088,2.113,0.439,0.496,1.584
0.614,1.692,1.603,2.088,2.113,0.438,0.496,1.584
0.614,1.692,1.604,2.088,2.113,0.438,0.496,1.584
0.614,1.691,1.604,2.089,2.113,0.438,0.496,1.584
0.615,1.691,1.604,2.089,2.113,0.438,0.496,1.584
0.615,1.691,1.604,2.089,2.113,0.438,0.496,1.584
0.615,1.69,1.605,2.089,2.114,0.438,0.496,1.584
0.615,1.69,1.605,2.089,2.114,0.438,0.497,1.584
0.615,1.69,1.605,2.089,2.114,0.438,0.497,1.584
0.615,1.69,1.605,2.089,2.114,0.438,0.497,1.584
0.615,1.689,1.605,2.089,2.114,0.437,0.497,1.584
0.615,1.689,1.606,2.09,2.114,0.437,0.497,1.584
0.615,1.689,1.606,2.09,2.114,0.437,0.497,1.584
0.615,1.689,1.606,2.09,2.114,0.437,0.497,1.584
0.615,1.688,1.607,2.09,2.114,0.437,0.497,1.584
0.616,1.688,1.607,2.09,2.114,0.437,0.497,1.584
0.616,1.688,1.607,2.09,2.114,0.437,0.497,1.584
0.616,1.687,1.608,2.09,2.114,0.437,0.497,1.584
0.616,1.687,1.607,2.09,2.114,0.436,0.497,1.584
0.616,1.687,1.608,2.09,2.114,0.437,0.497,1.584
0.616,1.686,1.608,2.09,2.114,0.436,0.498,1.584
0.616,1.686,1.608,2.091,2.115,0.436,0.498,1.584
0.616,1.686,1.609,2.091,2.115,0.436,0.498,1.583
0.616,1.686,1.609,2.091,2.115,0.436,0.497,1.584
0.617,1.685,1.609,2.091,2.115,0.436,0.498,1.584
0.617,1.685,1.609,2.091,2.115,0.436,0.498,1.583
0.617,1.685,1.61,2.091,2.115,0.436,0.498,1.584
0.617,1.684,1.61,2.091,2.115,0.436,0.498,1.584
0.617,1.684,1.61,2.091,2.115,0.435,0.498,1.583
0.617,1.684,1.61,2.092,2.115,0.435,0.498,1.583
0.617,1.684,1.611,2.092,2.115,0.435,0.498,1.584
0.617,1.683,1.611,2.092,2.116,0.435,0.498,1.584
0.617,1.683,1.611,2.092,2.116,0.435,0.498,1.584
0.618,1.683,1.612,2.092,2.116,0.435,0.498,1.584
0.618,1.683,1.612,2.092,2.116,0.435,0.498,1.584
0.618,1.682,1.612,2.092,2.116,0.435,0.498,1.584
0.618,1.682,1.612,2.093,2.116,0.435,0.499,1.584
0.618,1.682,1.613,2.093,2.116,0.434,0.499,1.584
0.618,1.682,1.613,2.093,2.116,0.434,0.499,1.584
0.618,1.681,1.613,2.093,2.116,0.434,0.499,1.584
0.618,1.681,1.613,2.093,2.116,0.434,0.499,1.584
0.618,1.681,1.614,2.093,2.116,0.434,0.499,1.584
0.618,1.681,1.614,2.093,2.116,0.434,0.499,1.583
0.618,1.68,1.614,2.093,2.116,0.434,0.499,1.583
0.618,1.68,1.614,2.093,2.116,0.434,0.499,1.583
0.618,1.679,1.614,2.093,2.116,0.434,0.499,1.583
0.619,1.679,1.615,2.093,2.116,0.433,0.499,1.584
0.619,1.679,1.615,2.093,2.116,0.433,0.499,1.583
0.619,1.679,1.615,2.094,2.116,0.433,0.499,1.583
0.619,1.679,1.615,2.094,2.117,0.433,0.499,1.583
0.619,1.678,1.616,2.093,2.116,0.433,0.5,1.584
0.619,1.678,1.616,2.094,2.117,0.433,0.5,1.583
0.619,1.677,1.616,2.094,2.116,0.433,0.499,1.583
0.619,1.677,1.616,2.094,2.116,0.433,0.5,1.583
0.619,1.677,1.617,2.094,2.117,0.433,0.5,1.583
0.619,1.677,1.617,2.094,2.117,0.432,0.5,1.583
0.62,1.676,1.617,2.094,2.117,0.433,0.5,1.584
0.62,1.676,1.617,2.094,2.117,0.432,0.5,1.583
0.62,1.676,1.617,2.094,2.117,0.432,0.5,1.583
0.62,1.676,1.618,2.094,2.117,0.432,0.5,1.583
0.62,1.675,1.618,2.094,2.117,0.432,0.5,1.583
0.62,1.675,1.618,2.095,2.117,0.432,0.5,1.583
0.62,1.675,1.618,2.095,2.117,0.432,0.5,1.583
0.62,1.675,1.619,2.095,2.117,0.432,0.5,1.583
0.62,1.674,1.619,2.095,2.117,0.432,0.5,1.583
0.62,1.674,1.619,2.095,2.117,0.431,0.5,1.583
0.62,1.674,1.619,2.095,2.117,0.431,0.5,1.583
0.621,1.674,1.62,2.095,2.118,0.431,0.501,1.583
0.621,1.673,1.62,2.095,2.117,0.431,0.5,1.583
0.621,1.673,1.62,2.095,2.117,0.431,0.501,1.583
0.621,1.673,1.62,2.096,2.118,0.431,0.501,1.583
0.621,1.673,1.621,2.096,2.118,0.431,0.501,1.583
0.621,1.673,1.621,2.096,2.118,0.431,0.501,1.583
0.621,1.672,1.621,2.096,2.118,0.431,0.501,1.583
0.621,1.672,1.621,2.096,2.118,0.43,0.501,1.583
0.621,1.672,1.622,2.096,2.118,0.43,0.501,1.583
0.621,1.671,1.622,2.096,2.118,0.43,0.501,1.583
0.622,1.671,1.622,2.096,2.118,0.43,0.501,1.583
0.621,1.671,1.622,2.096,2.118,0.43,0.501,1.583
0.622,1.671,1.623,2.096,2.118,0.43,0.501,1.583
0.622,1.67,1.623,2.097,2.118,0.43,0.501,1.583
0.622,1.67,1.623,2.097,2.118,0.43,0.501,1.583
0.622,1.67,1.623,2.097,2.118,0.429,0.501,1.583
0.622,1.67,1.624,2.097,2.118,0.429,0.502,1.583
0.622,1.669,1.624,2.097,2.118,0.429,0.502,1.583
0.622,1.669,1.624,2.097,2.119,0.429,0.502,1.583
0.622,1.669,1.624,2.097,2.119,0.429,0.502,1.583
0.622,1.669,1.624,2.097,2.118,0.429,0.502,1.583
0.623,1.668,1.625,2.097,2.119,0.429,0.502,1.583
0.623,1.668,1.625,2.097,2.119,0.429,0.502,1.583
0.623,1.668,1.625,2.098,2.118,0.429,0.502,1.583
0.623,1.667,1.625,2.097,2.118,0.428,0.502,1.583
0.623,1.667,1.625,2.097,2.118,0.428,0.502,1.583
0.623,1.667,1.626,2.097,2.119,0.428,0.502,1.583
0.623,1.667,1.626,2.097,2.118,0.428,0.502,1.583
0.623,1.667,1.626,2.097,2.118,0.428,0.502,1.583
0.623,1.666,1.626,2.097,2.118,0.428,0.502,1.582
0.623,1.666,1.626,2.098,2.119,0.428,0.502,1.583
0.623,1.666,1.627,2.098,2.119,0.428,0.502,1.583
0.623,1.665,1.627,2.098,2.119,0.428,0.502,1.583
0.623,1.665,1.627,2.098,2.119,0.427,0.502,1.583
0.624,1.665,1.627,2.098,2.119,0.427,0.503,1.583
0.624,1.665,1.628,2.098,2.119,0.427,0.503,1.583
0.624,1.664,1.628,2.098,2.119,0.427,0.503,1.583
0.624,1.664,1.628,2.098,2.119,0.427,0.503,1.582
0.624,1.664,1.628,2.098,2.119,0.427,0.503,1.583
0.624,1.664,1.629,2.098,2.119,0.427,0.503,1.582
0.624,1.663,1.629,2.098,2.119,0.427,0.503,1.583
0.624,1.663,1.629,2.099,2.119,0.426,0.503,1.582
0.624,1.663,1.629,2.098,2.119,0.426,0.503,1.583
0.624,1.663,1.629,2.099,2.119,0.426,0.503,1.582
0.624,1.662,1.63,2.099,2.119,0.426,0.503,1.582
0.624,1.662,1.63,2.099,2.119,0.426,0.503,1.582
0.624,1.662,1.63,2.099,2.119,0.426,0.503,1.582
0.625,1.662,1.63,2.099,2.119,0.426,0.503,1.582
0.625,1.662,1.631,2.099,2.119,0.426,0.503,1.582
0.625,1.661,1.631,2.099,2.119,0.425,0.503,1.582
0.625,1.661,1.631,2.099,2.119,0.425,0.504,1.582
0.625,1.661,1.631,2.099,2.119,0.425,0.503,1.582
0.625,1.661,1.631,2.099,2.119,0.425,0.504,1.582
0.625,1.66,1.632,2.099,2.119,0.425,0.504,1.582
0.625,1.66,1.632,2.1,2.12,0.425,0.504,1.583
0.626,1.66,1.632,2.1,2.12,0.425,0.504,1.583
0.625,1.66,1.633,2.1,2.12,0.425,0.504,1.583
0.626,1.66,1.633,2.1,2.12,0.424,0.504,1.583
0.626,1.659,1.633,2.101,2.12,0.425,0.504,1.583
0.626,1.659,1.634,2.101,2.12,0.424,0.504,1.583
0.626,1.659,1.634,2.101,2.12,0.424,0.504,1.583
0.626,1.659,1.634,2.101,2.12,0.424,0.504,1.583
0.626,1.659,1.634,2.101,2.12,0.424,0.504,1.583
0.626,1.658,1.635,2.101,2.12,0.424,0.504,1.583
0.626,1.658,1.635,2.101,2.12,0.424,0.504,1.583
0.626,1.658,1.635,2.101,2.12,0.424,0.505,1.583
0.626,1.658,1.635,2.101,2.12,0.424,0.505,1.583
0.627,1.658,1.636,2.101,2.121,0.424,0.505,1.583
0.627,1.657,1.636,2.101,2.12,0.423,0.505,1.583
0.627,1.657,1.636,2.102,2.121,0.423,0.505,1.583
0.627,1.657,1.636,2.101,2.121,0.423,0.505,1.583
0.627,1.657,1.636,2.102,2.121,0.423,0.505,1.583
0.627,1.657,1.637,2.102,2.121,0.423,0.505,1.583
0.627,1.656,1.637,2.102,2.121,0.423,0.505,1.583
0.627,1.656,1.637,2.102,2.121,0.423,0.505,1.583
0.627,1.656,1.637,2.102,2.121,0.423,0.505,1.583
0.627,1.656,1.637,2.102,2.121,0.422,0.505,1.583
0.627,1.655,1.638,2.102,2.121,0.422,0.505,1.583
0.627,1.655,1.638,2.102,2.121,0.422,0.505,1.583
0.628,1.655,1.638,2.102,2.121,0.422,0.505,1.583
0.628,1.655,1.638,2.102,2.121,0.422,0.505,1.583
0.628,1.654,1.638,2.102,2.121,0.422,0.505,1.582
0.628,1.654,1.639,2.102,2.121,0.422,0.506,1.583
0.628,1.654,1.639,2.102,2.121,0.422,0.506,1.583
0.628,1.654,1.639,2.102,2.121,0.422,0.506,1.582
0.628,1.653,1.639,2.103,2.121,0.421,0.506,1.583
0.628,1.653,1.64,2.103,2.121,0.421,0.506,1.583
0.628,1.653,1.64,2.103,2.121,0.421,0.506,1.583
0.628,1.653,1.64,2.103,2.121,0.421,0.506,1.583
0.628,1.653,1.64,2.103,2.121,0.421,0.506,1.583
0.628,1.653,1.64,2.103,2.121,0.421,0.506,1.582
0.628,1.652,1.641,2.103,2.121,0.421,0.506,1.583
0.629,1.652,1.641,2.103,2.121,0.421,0.506,1.583
0.629,1.652,1.641,2.103,2.121,0.42,0.506,1.583
0.629,1.652,1.641,2.103,2.121,0.42,0.506,1.583
0.629,1.652,1.642,2.103,2.121,0.42,0.506,1.583
0.629,1.651,1.642,2.103,2.121,0.42,0.506,1.582
0.629,1.651,1.642,2.104,2.121,0.42,0.506,1.583
0.629,1.651,1.642,2.104,2.122,0.42,0.507,1.582
0.629,1.651,1.642,2.104,2.122,0.42,0.507,1.583
0.629,1.651,1.643,2.104,2.122,0.42,0.507,1.583
0.629,1.651,1.643,2.104,2.122,0.42,0.507,1.583
0.63,1.651,1.644,2.105,2.122,0.42,0.507,1.583
0.63,1.65,1.644,2.105,2.122,0.42,0.507,1.583
0.63,1.65,1.644,2.105,2.122,0.419,0.507,1.583
0.63,1.65,1.644,2.105,2.122,0.419,0.507,1.583
0.63,1.65,1.645,2.105,2.122,0.419,0.507,1.583
0.63,1.65,1.645,2.105,2.122,0.419,0.507,1.583
0.63,1.649,1.645,2.105,2.122,0.419,0.507,1.583
0.63,1.649,1.645,2.105,2.122,0.419,0.507,1.583
0.63,1.649,1.645,2.105,2.122,0.419,0.507,1.583
0.63,1.649,1.645,2.105,2.122,0.419,0.507,1.583
0.63,1.649,1.646,2.105,2.122,0.418,0.507,1.583
0.631,1.648,1.646,2.105,2.122,0.418,0.507,1.583
0.631,1.648,1.646,2.105,2.123,0.418,0.508,1.583
0.631,1.648,1.646,2.105,2.122,0.418,0.508,1.583
0.631,1.648,1.647,2.105,2.122,0.418,0.508,1.583
0.631,1.647,1.647,2.105,2.122,0.418,0.508,1.583
0.631,1.647,1.647,2.105,2.122,0.418,0.508,1.583
0.631,1.647,1.647,2.105,2.122,0.418,0.508,1.583
0.631,1.647,1.647,2.106,2.122,0.418,0.508,1.583
0.631,1.647,1.648,2.106,2.122,0.417,0.508,1.583
0.631,1.647,1.648,2.106,2.122,0.417,0.508,1.583
0.631,1.647,1.648,2.106,2.123,0.417,0.508,1.583
0.631,1.646,1.648,2.106,2.122,0.417,0.508,1.583
0.631,1.646,1.648,2.106,2.123,0.417,0.508,1.583
0.632,1.646,1.649,2.106,2.122,0.417,0.508,1.583
0.632,1.646,1.649,2.106,2.122,0.417,0.508,1.583
0.632,1.646,1.649,2.106,2.122,0.417,0.508,1.583
0.632,1.646,1.649,2.106,2.122,0.416,0.508,1.583
0.632,1.645,1.65,2.106,2.122,0.416,0.509,1.583
0.632,1.645,1.65,2.106,2.123,0.416,0.509,1.583
0.632,1.645,1.65,2.106,2.123,0.416,0.509,1.583
0.632,1.645,1.65,2.106,2.123,0.416,0.509,1.583
0.632,1.644,1.651,2.107,2.123,0.416,0.509,1.583
0.632,1.644,1.651,2.107,2.123,0.416,0.509,1.583
0.633,1.644,1.651,2.107,2.123,0.416,0.509,1.583
0.633,1.644,1.651,2.107,2.123,0.416,0.509,1.583
0.633,1.644,1.651,2.107,2.123,0.416,0.509,1.583
0.633,1.644,1.652,2.107,2.123,0.415,0.509,1.583
0.633,1.643,1.652,2.107,2.123,0.415,0.509,1.583
0.633,1.643,1.652,2.107,2.123,0.415,0.509,1.583
0.633,1.643,1.652,2.107,2.123,0.415,0.509,1.583
0.633,1.643,1.653,2.107,2.123,0.415,0.509,1.583
0.633,1.643,1.653,2.108,2.123,0.415,0.509,1.583
0.633,1.643,1.653,2.108,2.123,0.415,0.509,1.583
0.633,1.643,1.653,2.108,2.123,0.415,0.51,1.583
0.633,1.642,1.654,2.108,2.123,0.415,0.509,1.583
0.634,1.642,1.654,2.108,2.123,0.414,0.51,1.583
0.634,1.642,1.654,2.108,2.123,0.414,0.51,1.583
0.634,1.642,1.654,2.108,2.123,0.414,0.51,1.583
0.634,1.642,1.654,2.108,2.123,0.414,0.51,1.583
0.634,1.642,1.655,2.108,2.123,0.414,0.51,1.583
0.634,1.641,1.655,2.108,2.123,0.414,0.51,1.583
0.634,1.641,1.655,2.108,2.123,0.414,0.51,1.583
0.634,1.641,1.655,2.108,2.123,0.414,0.51,1.583
0.634,1.641,1.656,2.109,2.123,0.414,0.51,1.583
0.634,1.641,1.656,2.109,2.123,0.413,0.51,1.583
0.635,1.641,1.656,2.109,2.123,0.413,0.51,1.583
0.635,1.64,1.656,2.109,2.123,0.413,0.51,1.583
0.635,1.64,1.656,2.109,2.123,0.413,0.51,1.583
0.635,1.64,1.657,2.109,2.123,0.413,0.51,1.583
0.635,1.64,1.657,2.109,2.124,0.413,0.51,1.583
0.635,1.64,1.657,2.109,2.124,0.413,0.511,1.583
0.635,1.64,1.657,2.109,2.124,0.413,0.511,1.583
0.635,1.639,1.658,2.109,2.124,0.413,0.511,1.583
0.635,1.639,1.658,2.109,2.124,0.412,0.511,1.583
0.635,1.639,1.658,2.11,2.124,0.412,0.511,1.583
0.635,1.639,1.658,2.11,2.124,0.412,0.511,1.584
0.635,1.639,1.659,2.11,2.124,0.412,0.511,1.583
0.636,1.639,1.659,2.11,2.124,0.412,0.511,1.583
0.636,1.639,1.659,2.11,2.124,0.412,0.511,1.583
0.636,1.639,1.659,2.11,2.124,0.412,0.511,1.583
0.636,1.639,1.66,2.11,2.124,0.412,0.511,1.583
0.636,1.638,1.66,2.11,2.124,0.412,0.511,1.583
0.636,1.638,1.66,2.11,2.124,0.412,0.511,1.583
0.636,1.638,1.66,2.11,2.124,0.412,0.512,1.583
0.636,1.638,1.661,2.111,2.124,0.411,0.512,1.583
0.636,1.638,1.661,2.111,2.124,0.411,0.512,1.583
0.636,1.638,1.661,2.111,2.124,0.411,0.512,1.583
0.636,1.637,1.661,2.111,2.124,0.411,0.512,1.584
0.637,1.637,1.662,2.111,2.124,0.411,0.512,1.583
0.637,1.637,1.662,2.111,2.124,0.411,0.512,1.583
0.637,1.637,1.662,2.111,2.124,0.411,0.512,1.583
0.637,1.637,1.662,2.111,2.124,0.411,0.512,1.583
0.637,1.637,1.663,2.111,2.124,0.411,0.512,1.584
0.637,1.636,1.663,2.111,2.125,0.411,0.512,1.583
0.637,1.636,1.663,2.111,2.125,0.41,0.512,1.584
0.637,1.636,1.663,2.111,2.125,0.41,0.512,1.584
0.637,1.636,1.663,2.111,2.124,0.41,0.512,1.583
0.637,1.636,1.664,2.111,2.125,0.41,0.512,1.584
0.637,1.635,1.664,2.112,2.124,0.41,0.512,1.584
0.637,1.636,1.664,2.112,2.124,0.41,0.512,1.583
0.638,1.635,1.664,2.112,2.125,0.41,0.512,1.584
0.638,1.635,1.664,2.112,2.125,0.41,0.512,1.583
0.638,1.635,1.664,2.112,2.125,0.41,0.513,1.583
0.638,1.635,1.665,2.112,2.125,0.409,0.513,1.584
0.638,1.635,1.665,2.112,2.125,0.409,0.513,1.584
0.638,1.634,1.665,2.112,2.125,0.409,0.513,1.583
0.638,1.634,1.665,2.112,2.125,0.409,0.513,1.584
0.638,1.634,1.666,2.112,2.125,0.409,0.513,1.584
0.638,1.634,1.666,2.112,2.125,0.409,0.513,1.584
0.638,1.634,1.666,2.113,2.125,0.409,0.513,1.584
0.638,1.634,1.666,2.113,2.125,0.409,0.513,1.584
0.638,1.634,1.667,2.113,2.125,0.409,0.513,1.584
0.639,1.633,1.667,2.112,2.125,0.408,0.513,1.584
0.639,1.633,1.667,2.113,2.125,0.408,0.513,1.584
0.639,1.633,1.667,2.113,2.125,0.408,0.513,1.584
0.639,1.633,1.667,2.113,2.125,0.408,0.513,1.584
0.639,1.633,1.668,2.113,2.125,0.408,0.513,1.584
0.639,1.632,1.668,2.113,2.125,0.408,0.514,1.584
0.639,1.632,1.668,2.113,2.125,0.408,0.514,1.584
0.639,1.632,1.668,2.113,2.125,0.408,0.514,1.583
0.639,1.632,1.668,2.113,2.125,0.407,0.514,1.583
0.639,1.632,1.669,2.113,2.125,0.407,0.514,1.584
0.639,1.631,1.669,2.113,2.125,0.407,0.514,1.584
0.639,1.631,1.669,2.113,2.125,0.407,0.514,1.584
0.639,1.631,1.669,2.113,2.125,0.407,0.514,1.583
0.64,1.631,1.669,2.113,2.125,0.407,0.514,1.584
0.64,1.631,1.67,2.113,2.125,0.407,0.514,1.584
0.64,1.631,1.67,2.113,2.125,0.407,0.514,1.583
0.64,1.63,1.67,2.113,2.125,0.407,0.514,1.584
0.64,1.63,1.67,2.113,2.125,0.407,0.514,1.583
0.64,1.63,1.67,2.114,2.125,0.406,0.514,1.583
0.64,1.63,1.67,2.113,2.125,0.406,0.514,1.584
0.64,1.63,1.671,2.114,2.125,0.406,0.514,1.583
0.64,1.63,1.671,2.114,2.125,0.406,0.514,1.583
0.64,1.629,1.671,2.114,2.125,0.406,0.514,1.583
0.64,1.629,1.671,2.114,2.125,0.406,0.514,1.583
0.64,1.629,1.672,2.114,2.125,0.406,0.514,1.584
0.641,1.629,1.672,2.114,2.125,0.406,0.515,1.583
0.641,1.629,1.672,2.114,2.125,0.406,0.515,1.584
0.641,1.629,1.672,2.114,2.125,0.406,0.515,1.583
0.641,1.628,1.673,2.114,2.125,0.405,0.515,1.583
0.641,1.628,1.673,2.114,2.125,0.405,0.515,1.583
0.641,1.628,1.673,2.114,2.125,0.405,0.515,1.583
0.641,1.628,1.673,2.114,2.125,0.405,0.515,1.584
0.641,1.628,1.673,2.114,2.125,0.405,0.515,1.584
0.641,1.628,1.674,2.114,2.125,0.405,0.515,1.583
0.641,1.627,1.674,2.114,2.125,0.405,0.515,1.583
0.641,1.627,1.674,2.114,2.125,0.404,0.515,1.584
0.641,1.627,1.674,2.115,2.125,0.404,0.515,1.584
0.641,1.627,1.674,2.115,2.125,0.404,0.515,1.584
0.642,1.627,1.675,2.115,2.125,0.404,0.515,1.584
0.642,1.627,1.675,2.115,2.125,0.404,0.516,1.584
0.642,1.627,1.675,2.115,2.125,0.404,0.515,1.584
0.642,1.626,1.675,2.115,2.125,0.404,0.516,1.584
0.642,1.626,1.676,2.115,2.125,0.404,0.516,1.584
0.642,1.626,1.676,2.115,2.125,0.404,0.516,1.584
0.642,1.626,1.676,2.115,2.125,0.404,0.516,1.584
0.642,1.626,1.676,2.115,2.125,0.404,0.516,1.584
0.642,1.626,1.676,2.115,2.125,0.404,0.516,1.584
0.642,1.626,1.677,2.115,2.125,0.403,0.516,1.584
0.642,1.626,1.677,2.115,2.125,0.403,0.516,1.584
0.642,1.625,1.677,2.116,2.125,0.403,0.516,1.584
0.643,1.625,1.677,2.116,2.125,0.403,0.516,1.584
0.643,1.625,1.677,2.116,2.125,0.403,0.516,1.584
0.643,1.625,1.678,2.116,2.125,0.403,0.516,1.584
0.643,1.624,1.678,2.116,2.125,0.403,0.516,1.584
0.643,1.624,1.678,2.116,2.125,0.403,0.516,1.584
0.643,1.624,1.678,2.116,2.125,0.403,0.516,1.584
0.643,1.624,1.679,2.116,2.125,0.402,0.516,1.584
0.643,1.624,1.679,2.116,2.125,0.402,0.516,1.584
0.643,1.624,1.679,2.116,2.125,0.402,0.517,1.584
0.643,1.624,1.679,2.116,2.125,0.402,0.517,1.584
0.643,1.623,1.679,2.116,2.125,0.402,0.517,1.584
0.643,1.623,1.68,2.116,2.125,0.402,0.517,1.584
0.643,1.623,1.68,2.116,2.125,0.402,0.517,1.584
0.644,1.623,1.68,2.116,2.125,0.402,0.517,1.583
0.644,1.623,1.68,2.116,2.125,0.402,0.517,1.584
0.644,1.622,1.68,2.116,2.125,0.401,0.517,1.584
0.644,1.623,1.68,2.116,2.125,0.401,0.517,1.584
0.644,1.622,1.681,2.116,2.125,0.401,0.517,1.584
0.644,1.622,1.681,2.116,2.125,0.401,0.517,1.584
0.644,1.622,1.681,2.116,2.125,0.401,0.517,1.584
0.644,1.622,1.681,2.116,2.125,0.401,0.517,1.584
0.644,1.622,1.681,2.116,2.125,0.401,0.517,1.584
0.644,1.621,1.682,2.116,2.125,0.401,0.517,1.584
0.644,1.621,1.682,2.117,2.125,0.401,0.517,1.584
0.644,1.622,1.682,2.117,2.126,0.401,0.517,1.584
0.644,1.621,1.683,2.117,2.126,0.401,0.518,1.584
0.645,1.621,1.683,2.117,2.125,0.4,0.518,1.584
0.645,1.621,1.683,2.117,2.125,0.4,0.517,1.584
0.645,1.621,1.683,2.117,2.125,0.4,0.518,1.584
0.645,1.621,1.683,2.117,2.125,0.4,0.518,1.584
0.645,1.621,1.683,2.117,2.125,0.4,0.518,1.584
0.645,1.621,1.684,2.118,2.126,0.4,0.518,1.584
0.645,1.62,1.684,2.117,2.126,0.4,0.518,1.584
0.645,1.62,1.684,2.118,2.126,0.4,0.518,1.584
0.645,1.62,1.684,2.118,2.126,0.4,0.518,1.584
0.645,1.62,1.685,2.118,2.125,0.399,0.518,1.584
0.645,1.62,1.685,2.118,2.125,0.399,0.518,1.584
0.645,1.62,1.685,2.118,2.126,0.399,0.518,1.584
0.645,1.619,1.685,2.118,2.125,0.399,0.518,1.584
0.645,1.619,1.685,2.118,2.125,0.399,0.518,1.584
0.645,1.619,1.685,2.118,2.125,0.399,0.518,1.584
0.645,1.619,1.686,2.118,2.125,0.399,0.518,1.584
0.646,1.619,1.686,2.118,2.125,0.399,0.518,1.584
0.646,1.619,1.686,2.118,2.125,0.399,0.518,1.584
0.646,1.618,1.686,2.118,2.126,0.398,0.519,1.584
0.646,1.618,1.686,2.118,2.125,0.398,0.519,1.584
0.646,1.618,1.687,2.118,2.125,0.398,0.519,1.584
0.646,1.618,1.687,2.118,2.125,0.398,0.519,1.584
0.646,1.618,1.687,2.118,2.125,0.398,0.519,1.584
0.646,1.618,1.687,2.118,2.125,0.398,0.519,1.584
0.646,1.617,1.687,2.118,2.125,0.398,0.519,1.584
0.646,1.617,1.688,2.118,2.125,0.398,0.519,1.584
0.646,1.617,1.688,2.118,2.125,0.398,0.519,1.584
0.646,1.617,1.688,2.118,2.125,0.398,0.519,1.584
0.647,1.617,1.688,2.118,2.125,0.397,0.519,1.584
0.647,1.617,1.688,2.118,2.125,0.397,0.519,1.584
0.647,1.617,1.689,2.118,2.125,0.397,0.519,1.584
0.647,1.616,1.689,2.118,2.125,0.397,0.519,1.584
0.647,1.616,1.689,2.119,2.125,0.397,0.519,1.584
0.647,1.616,1.689,2.119,2.125,0.397,0.519,1.584
0.647,1.616,1.69,2.119,2.125,0.397,0.52,1.584
0.647,1.616,1.69,2.119,2.125,0.397,0.519,1.584
0.647,1.616,1.69,2.119,2.125,0.397,0.52,1.584
0.647,1.616,1.69,2.119,2.125,0.397,0.52,1.584
0.647,1.615,1.69,2.119,2.125,0.396,0.52,1.584
0.647,1.615,1.69,2.119,2.125,0.396,0.52,1.584
0.647,1.615,1.691,2.119,2.125,0.396,0.52,1.584
0.647,1.615,1.691,2.119,2.125,0.396,0.52,1.584
0.648,1.615,1.691,2.119,2.125,0.396,0.52,1.584
0.648,1.615,1.691,2.119,2.125,0.396,0.52,1.584
0.648,1.615,1.691,2.119,2.125,0.396,0.52,1.584
0.648,1.614,1.692,2.119,2.125,0.396,0.52,1.584
0.648,1.614,1.692,2.119,2.125,0.396,0.52,1.584
0.648,1.614,1.692,2.119,2.125,0.395,0.52,1.584
0.648,1.614,1.692,2.12,2.125,0.395,0.52,1.584
0.648,1.614,1.692,2.12,2.125,0.395,0.52,1.584
0.648,1.614,1.693,2.12,2.125,0.395,0.52,1.584
0.648,1.614,1.693,2.12,2.125,0.395,0.52,1.584
0.648,1.614,1.693,2.12,2.125,0.395,0.52,1.584
0.648,1.613,1.693,2.12,2.125,0.395,0.521,1.584
0.648,1.613,1.694,2.12,2.125,0.395,0.521,1.584
0.648,1.613,1.693,2.12,2.125,0.395,0.521,1.584
0.648,1.613,1.694,2.12,2.125,0.395,0.521,1.584
0.648,1.613,1.694,2.12,2.125,0.394,0.521,1.584
0.649,1.613,1.694,2.12,2.125,0.394,0.521,1.584
0.649,1.613,1.694,2.12,2.125,0.394,0.521,1.584
0.649,1.613,1.695,2.12,2.126,0.394,0.521,1.584
0.649,1.612,1.695,2.12,2.125,0.394,0.521,1.584
0.649,1.612,1.695,2.12,2.125,0.394,0.521,1.584
0.649,1.612,1.695,2.121,2.125,0.394,0.521,1.584
0.649,1.612,1.696,2.121,2.126,0.394,0.521,1.584
0.649,1.612,1.696,2.121,2.126,0.394,0.521,1.585
0.649,1.612,1.696,2.121,2.126,0.394,0.521,1.585
0.649,1.612,1.696,2.121,2.126,0.394,0.521,1.585
0.649,1.612,1.697,2.121,2.126,0.393,0.521,1.584
0.649,1.612,1.697,2.121,2.126,0.393,0.521,1.584
0.65,1.611,1.697,2.121,2.126,0.393,0.522,1.584
0.65,1.611,1.697,2.121,2.126,0.393,0.522,1.584
0.65,1.611,1.697,2.121,2.126,0.393,0.522,1.584
0.65,1.611,1.697,2.121,2.126,0.393,0.522,1.584
0.65,1.611,1.697,2.121,2.125,0.393,0.522,1.584
0.65,1.61,1.698,2.121,2.125,0.393,0.522,1.584
0.65,1.61,1.698,2.121,2.125,0.393,0.522,1.584
0.65,1.61,1.698,2.121,2.125,0.392,0.522,1.585
0.65,1.61,1.698,2.121,2.126,0.392,0.522,1.584
0.65,1.61,1.699,2.121,2.125,0.392,0.522,1.585
0.65,1.61,1.699,2.121,2.126,0.392,0.522,1.585
0.65,1.61,1.699,2.121,2.125,0.392,0.522,1.585
0.65,1.61,1.699,2.121,2.125,0.392,0.522,1.584
0.65,1.609,1.699,2.122,2.125,0.392,0.522,1.584
0.65,1.609,1.699,2.121,2.125,0.392,0.522,1.584
0.65,1.609,1.7,2.121,2.125,0.392,0.522,1.585
0.651,1.609,1.7,2.122,2.126,0.392,0.522,1.585
0.651,1.609,1.7,2.122,2.125,0.392,0.523,1.584
0.651,1.609,1.7,2.122,2.125,0.391,0.523,1.585
0.651,1.609,1.701,2.122,2.125,0.391,0.523,1.584
0.651,1.609,1.701,2.122,2.126,0.391,0.523,1.584
0.651,1.608,1.701,2.122,2.125,0.391,0.523,1.585
0.651,1.608,1.701,2.122,2.126,0.391,0.523,1.584
0.651,1.608,1.701,2.122,2.125,0.391,0.523,1.584
0.651,1.608,1.702,2.122,2.126,0.391,0.523,1.585
0.651,1.608,1.702,2.122,2.125,0.391,0.523,1.585
0.651,1.608,1.702,2.122,2.125,0.391,0.523,1.585
0.651,1.608,1.702,2.122,2.125,0.391,0.523,1.584
0.651,1.607,1.702,2.122,2.125,0.39,0.523,1.585
0.652,1.607,1.702,2.122,2.125,0.39,0.523,1.584
0.652,1.607,1.703,2.122,2.125,0.39,0.523,1.584
0.652,1.607,1.703,2.122,2.125,0.39,0.523,1.584
0.652,1.607,1.703,2.122,2.125,0.39,0.523,1.584
0.652,1.607,1.703,2.122,2.125,0.39,0.523,1.584
0.652,1.606,1.703,2.122,2.125,0.39,0.523,1.584
0.652,1.606,1.703,2.122,2.125,0.39,0.523,1.584
0.652,1.606,1.703,2.122,2.125,0.39,0.523,1.584
0.652,1.606,1.703,2.122,2.125,0.389,0.523,1.584
0.652,1.605,1.704,2.122,2.124,0.389,0.523,1.584
0.652,1.605,1.704,2.122,2.124,0.389,0.523,1.584
0.652,1.605,1.704,2.122,2.124,0.389,0.524,1.584
0.652,1.605,1.704,2.122,2.125,0.389,0.524,1.584
0.652,1.605,1.704,2.122,2.124,0.389,0.524,1.584
0.652,1.605,1.704,2.122,2.124,0.389,0.524,1.584
0.652,1.604,1.705,2.122,2.124,0.389,0.524,1.584
0.652,1.605,1.705,2.123,2.125,0.389,0.524,1.584
0.653,1.605,1.706,2.123,2.125,0.389,0.524,1.584
0.653,1.604,1.705,2.123,2.125,0.389,0.524,1.584
0.653,1.604,1.706,2.122,2.125,0.388,0.524,1.584
0.653,1.604,1.706,2.122,2.125,0.388,0.524,1.584
0.653,1.604,1.706,2.123,2.125,0.388,0.524,1.584
0.653,1.604,1.706,2.123,2.125,0.388,0.524,1.584
0.653,1.604,1.706,2.123,2.125,0.388,0.524,1.584
0.653,1.604,1.707,2.123,2.125,0.388,0.524,1.584
0.653,1.603,1.707,2.123,2.125,0.388,0.525,1.584
0.653,1.603,1.707,2.123,2.125,0.388,0.524,1.584
0.653,1.603,1.707,2.123,2.125,0.388,0.525,1.584
0.653,1.603,1.707,2.123,2.125,0.388,0.524,1.584
0.653,1.603,1.708,2.123,2.125,0.387,0.525,1.584
0.653,1.603,1.708,2.123,2.125,0.387,0.525,1.584
0.654,1.603,1.708,2.123,2.125,0.387,0.525,1.584
0.654,1.603,1.708,2.123,2.125,0.387,0.525,1.584
0.654,1.603,1.709,2.123,2.125,0.387,0.525,1.584
0.654,1.602,1.709,2.124,2.125,0.387,0.525,1.584
0.654,1.602,1.709,2.123,2.125,0.387,0.525,1.584
0.654,1.602,1.709,2.123,2.125,0.387,0.525,1.584
0.654,1.602,1.709,2.123,2.125,0.387,0.525,1.584
0.654,1.602,1.709,2.124,2.125,0.387,0.525,1.584
0.654,1.602,1.71,2.124,2.125,0.386,0.525,1.584
0.654,1.601,1.71,2.124,2.125,0.386,0.525,1.584
0.654,1.601,1.71,2.124,2.125,0.386,0.525,1.584
0.654,1.601,1.71,2.124,2.125,0.386,0.525,1.584
0.654,1.601,1.71,2.124,2.124,0.386,0.525,1.584
0.654,1.601,1.71,2.124,2.125,0.386,0.525,1.584
0.655,1.601,1.711,2.124,2.125,0.386,0.525,1.584
0.655,1.601,1.711,2.124,2.125,0.386,0.525,1.584
0.655,1.601,1.711,2.124,2.125,0.386,0.525,1.584
0.655,1.6,1.711,2.124,2.125,0.386,0.525,1.584
0.655,1.601,1.711,2.124,2.125,0.386,0.525,1.584
0.655,1.6,1.712,2.124,2.125,0.386,0.526,1.584
0.655,1.6,1.712,2.124,2.125,0.385,0.526,1.585
0.655,1.6,1.712,2.124,2.125,0.385,0.526,1.584
0.655,1.6,1.712,2.124,2.125,0.385,0.526,1.585
0.655,1.6,1.712,2.124,2.125,0.385,0.526,1.585
0.655,1.6,1.713,2.124,2.125,0.385,0.526,1.584
0.655,1.6,1.713,2.125,2.125,0.385,0.526,1.584
0.655,1.6,1.713,2.124,2.125,0.385,0.526,1.584
0.655,1.599,1.713,2.124,2.125,0.385,0.526,1.584
0.656,1.599,1.713,2.124,2.124,0.385,0.526,1.584
0.656,1.599,1.714,2.125,2.125,0.385,0.526,1.584
0.656,1.599,1.714,2.125,2.125,0.385,0.526,1.585
0.656,1.599,1.714,2.125,2.125,0.384,0.526,1.584
0.656,1.599,1.714,2.125,2.125,0.384,0.526,1.584
0.656,1.599,1.714,2.125,2.125,0.384,0.526,1.584
0.656,1.599,1.715,2.125,2.125,0.384,0.526,1.584
0.656,1.599,1.715,2.125,2.125,0.384,0.527,1.585
0.656,1.599,1.715,2.125,2.125,0.384,0.527,1.585
0.656,1.598,1.715,2.125,2.125,0.384,0.527,1.585
0.656,1.598,1.716,2.125,2.125,0.384,0.527,1.585
0.656,1.598,1.716,2.125,2.125,0.384,0.527,1.585
0.656,1.598,1.716,2.126,2.125,0.384,0.527,1.585
0.657,1.598,1.716,2.126,2.125,0.384,0.527,1.585
0.657,1.598,1.716,2.125,2.125,0.383,0.527,1.585
0.657,1.598,1.717,2.125,2.125,0.383,0.527,1.585
0.657,1.598,1.717,2.126,2.125,0.383,0.527,1.585
0.657,1.597,1.717,2.125,2.125,0.383,0.527,1.585
0.657,1.597,1.717,2.126,2.125,0.383,0.527,1.585
0.657,1.597,1.717,2.126,2.125,0.383,0.527,1.585
0.657,1.597,1.717,2.126,2.125,0.383,0.527,1.585
0.657,1.597,1.718,2.126,2.125,0.383,0.527,1.585
0.657,1.597,1.718,2.126,2.125,0.383,0.527,1.585
0.657,1.597,1.718,2.126,2.125,0.383,0.527,1.585
0.657,1.597,1.718,2.126,2.125,0.383,0.527,1.585
0.657,1.597,1.718,2.126,2.125,0.382,0.527,1.585
0.657,1.597,1.718,2.126,2.125,0.382,0.527,1.585
0.657,1.596,1.719,2.126,2.125,0.382,0.528,1.585
0.658,1.596,1.719,2.126,2.125,0.382,0.528,1.585
0.657,1.596,1.719,2.126,2.125,0.382,0.528,1.585
0.658,1.596,1.719,2.126,2.125,0.382,0.528,1.585
0.658,1.596,1.72,2.126,2.125,0.382,0.528,1.585
0.658,1.596,1.72,2.126,2.125,0.382,0.528,1.585
0.658,1.596,1.72,2.126,2.125,0.382,0.528,1.585
0.658,1.596,1.72,2.126,2.125,0.382,0.528,1.585
0.658,1.596,1.72,2.126,2.125,0.382,0.528,1.585
0.658,1.596,1.721,2.126,2.125,0.382,0.528,1.585
0.658,1.595,1.721,2.127,2.125,0.381,0.528,1.585
0.658,1.595,1.721,2.126,2.125,0.381,0.528,1.585
0.658,1.595,1.721,2.127,2.125,0.381,0.528,1.585
0.658,1.595,1.721,2.126,2.125,0.381,0.528,1.585
0.658,1.595,1.721,2.127,2.125,0.381,0.528,1.585
0.658,1.595,1.722,2.127,2.125,0.381,0.528,1.585
0.659,1.595,1.722,2.127,2.125,0.381,0.528,1.585
0.659,1.595,1.722,2.127,2.125,0.381,0.529,1.585
0.658,1.595,1.722,2.127,2.125,0.381,0.529,1.585
0.659,1.594,1.722,2.127,2.125,0.381,0.529,1.585
0.659,1.594,1.722,2.127,2.125,0.38,0.529,1.585
0.659,1.594,1.723,2.127,2.124,0.38,0.529,1.585
0.659,1.594,1.723,2.127,2.125,0.38,0.529,1.585
0.659,1.594,1.723,2.127,2.124,0.38,0.529,1.585
0.659,1.594,1.723,2.127,2.124,0.38,0.529,1.585
0.659,1.594,1.723,2.127,2.124,0.38,0.529,1.585
0.659,1.594,1.723,2.127,2.124,0.38,0.529,1.585
0.659,1.594,1.724,2.127,2.125,0.38,0.529,1.585
0.659,1.594,1.724,2.127,2.124,0.38,0.529,1.585
0.659,1.593,1.724,2.127,2.124,0.38,0.529,1.585
0.659,1.593,1.724,2.127,2.124,0.38,0.529,1.585
0.659,1.593,1.725,2.127,2.124,0.38,0.529,1.585
0.66,1.593,1.725,2.127,2.124,0.38,0.529,1.585
0.66,1.593,1.725,2.127,2.124,0.379,0.529,1.585
0.66,1.593,1.725,2.127,2.124,0.379,0.529,1.585
0.66,1.593,1.725,2.128,2.124,0.379,0.53,1.585
0.66,1.593,1.725,2.128,2.124,0.379,0.529,1.585
0.66,1.593,1.726,2.128,2.124,0.379,0.529,1.585
0.66,1.593,1.726,2.128,2.124,0.379,0.53,1.585
0.66,1.592,1.726,2.128,2.124,0.379,0.53,1.585
0.66,1.592,1.726,2.128,2.124,0.379,0.53,1.585
0.66,1.592,1.726,2.128,2.124,0.379,0.53,1.585
0.66,1.592,1.726,2.128,2.124,0.379,0.53,1.585
0.66,1.592,1.727,2.128,2.125,0.378,0.53,1.585
0.66,1.592,1.727,2.128,2.124,0.378,0.53,1.585
0.66,1.592,1.727,2.128,2.124,0.378,0.53,1.585
0.66,1.592,1.727,2.128,2.124,0.378,0.53,1.585
0.661,1.592,1.728,2.128,2.124,0.378,0.53,1.585
0.661,1.592,1.728,2.128,2.124,0.378,0.53,1.585
0.661,1.592,1.728,2.128,2.125,0.378,0.53,1.585
0.661,1.592,1.728,2.128,2.124,0.378,0.53,1.585
0.661,1.591,1.728,2.129,2.124,0.378,0.53,1.585
0.661,1.591,1.729,2.128,2.124,0.378,0.53,1.585
0.661,1.591,1.729,2.129,2.124,0.378,0.53,1.585
0.661,1.591,1.729,2.129,2.124,0.378,0.531,1.585
0.661,1.591,1.729,2.129,2.125,0.378,0.531,1.586
0.661,1.591,1.729,2.129,2.125,0.378,0.531,1.585
0.661,1.591,1.73,2.129,2.124,0.378,0.531,1.585
0.661,1.591,1.73,2.129,2.124,0.377,0.531,1.586
0.661,1.591,1.73,2.129,2.124,0.377,0.531,1.586
0.661,1.591,1.73,2.129,2.124,0.377,0.531,1.585
0.661,1.591,1.73,2.129,2.124,0.377,0.531,1.586
0.662,1.591,1.73,2.129,2.124,0.377,0.531,1.585
0.662,1.591,1.731,2.129,2.124,0.377,0.531,1.585
0.662,1.591,1.731,2.129,2.124,0.377,0.531,1.586
0.662,1.59,1.731,2.129,2.125,0.377,0.531,1.586
0.662,1.59,1.731,2.129,2.125,0.377,0.531,1.585
0.662,1.59,1.731,2.129,2.125,0.377,0.531,1.586
0.662,1.59,1.732,2.129,2.125,0.377,0.531,1.586
0.662,1.59,1.732,2.13,2.125,0.376,0.531,1.586
0.662,1.59,1.732,2.13,2.125,0.376,0.531,1.586
0.662,1.59,1.732,2.13,2.125,0.376,0.532,1.586
0.662,1.59,1.732,2.13,2.125,0.376,0.531,1.586
0.662,1.59,1.733,2.13,2.124,0.376,0.531,1.586
0.663,1.59,1.733,2.13,2.124,0.376,0.532,1.586
0.662,1.59,1.733,2.13,2.124,0.376,0.532,1.586
0.663,1.59,1.733,2.13,2.124,0.376,0.532,1.586
0.663,1.589,1.733,2.13,2.124,0.376,0.532,1.586
0.663,1.589,1.734,2.13,2.124,0.376,0.532,1.586
0.663,1.589,1.734,2.13,2.124,0.376,0.532,1.586
0.663,1.589,1.734,2.13,2.124,0.375,0.532,1.586
0.663,1.589,1.734,2.13,2.124,0.375,0.532,1.586
0.663,1.589,1.734,2.13,2.124,0.376,0.532,1.586
0.663,1.589,1.734,2.13,2.124,0.375,0.532,1.586
0.663,1.589,1.735,2.13,2.124,0.375,0.532,1.586
0.663,1.589,1.735,2.13,2.124,0.375,0.532,1.586
0.663,1.589,1.735,2.13,2.124,0.375,0.532,1.586
0.663,1.588,1.735,2.13,2.124,0.375,0.532,1.586
0.663,1.588,1.735,2.13,2.124,0.375,0.532,1.586
0.663,1.588,1.735,2.13,2.124,0.375,0.532,1.586
0.663,1.588,1.736,2.13,2.124,0.375,0.532,1.586
0.664,1.588,1.736,2.13,2.124,0.375,0.532,1.585
0.663,1.588,1.736,2.13,2.124,0.375,0.532,1.586
0.664,1.588,1.736,2.13,2.124,0.374,0.532,1.586
0.664,1.588,1.736,2.13,2.124,0.374,0.533,1.586
0.664,1.587,1.736,2.13,2.124,0.374,0.532,1.586
0.664,1.587,1.736,2.13,2.124,0.374,0.533,1.586
0.664,1.587,1.737,2.131,2.124,0.374,0.533,1.586
0.664,1.587,1.737,2.131,2.124,0.374,0.533,1.586
0.664,1.587,1.737,2.13,2.124,0.374,0.533,1.586
0.664,1.587,1.737,2.13,2.124,0.374,0.533,1.586
0.664,1.587,1.738,2.13,2.124,0.374,0.533,1.585
0.664,1.587,1.737,2.13,2.124,0.374,0.533,1.586
0.664,1.587,1.738,2.13,2.124,0.374,0.533,1.585
0.664,1.587,1.738,2.13,2.124,0.374,0.533,1.585
0.664,1.586,1.738,2.131,2.124,0.373,0.533,1.586
0.664,1.586,1.738,2.13,2.124,0.373,0.533,1.586
0.664,1.586,1.738,2.13,2.124,0.373,0.533,1.586
0.665,1.586,1.739,2.131,2.123,0.373,0.533,1.586
0.665,1.586,1.739,2.13,2.124,0.373,0.533,1.586
0.665,1.586,1.739,2.131,2.124,0.373,0.533,1.586
0.665,1.586,1.739,2.131,2.124,0.373,0.533,1.586
0.665,1.586,1.739,2.131,2.124,0.373,0.533,1.586
0.665,1.586,1.739,2.131,2.124,0.373,0.534,1.586
0.665,1.586,1.74,2.131,2.124,0.373,0.534,1.585
0.665,1.586,1.74,2.131,2.124,0.373,0.534,1.586
0.665,1.585,1.74,2.131,2.123,0.373,0.534,1.586
0.665,1.585,1.74,2.131,2.124,0.373,0.534,1.586
0.665,1.585,1.74,2.131,2.123,0.372,0.534,1.586
0.665,1.585,1.741,2.131,2.123,0.372,0.534,1.586
0.665,1.585,1.741,2.131,2.123,0.372,0.534,1.586
0.665,1.585,1.741,2.131,2.123,0.372,0.534,1.586
0.665,1.585,1.741,2.131,2.124,0.372,0.534,1.586
0.665,1.585,1.741,2.131,2.123,0.372,0.534,1.585
0.665,1.585,1.741,2.131,2.123,0.372,0.534,1.586
0.666,1.584,1.742,2.131,2.123,0.372,0.534,1.586
0.666,1.584,1.742,2.131,2.123,0.372,0.534,1.586
0.666,1.584,1.742,2.131,2.123,0.372,0.534,1.585
0.666,1.584,1.742,2.131,2.123,0.372,0.534,1.585
0.666,1.584,1.742,2.131,2.123,0.372,0.534,1.586
0.666,1.584,1.743,2.131,2.123,0.372,0.534,1.586
0.666,1.584,1.743,2.132,2.123,0.371,0.534,1.586
0.666,1.584,1.743,2.131,2.123,0.371,0.535,1.586
0.666,1.584,1.743,2.132,2.123,0.371,0.534,1.586
0.666,1.584,1.743,2.132,2.123,0.371,0.535,1.586
0.666,1.584,1.743,2.132,2.123,0.371,0.535,1.586
0.666,1.583,1.744,2.132,2.123,0.371,0.535,1.586
0.666,1.583,1.744,2.132,2.124,0.371,0.535,1.586
0.666,1.583,1.744,2.132,2.123,0.371,0.535,1.586
0.667,1.583,1.744,2.132,2.124,0.371,0.535,1.586
0.667,1.583,1.744,2.132,2.124,0.371,0.535,1.586
0.667,1.583,1.745,2.132,2.124,0.371,0.535,1.586
0.667,1.583,1.745,2.132,2.124,0.371,0.535,1.586
0.667,1.583,1.745,2.132,2.124,0.371,0.535,1.586
0.667,1.583,1.745,2.132,2.123,0.37,0.535,1.586
0.667,1.583,1.745,2.132,2.124,0.371,0.535,1.586
0.667,1.583,1.746,2.132,2.124,0.37,0.535,1.586
0.667,1.582,1.746,2.132,2.123,0.37,0.535,1.586
0.667,1.583,1.746,2.132,2.123,0.37,0.535,1.586
0.667,1.582,1.746,2.132,2.123,0.37,0.535,1.586
0.667,1.582,1.746,2.132,2.123,0.37,0.536,1.586
0.667,1.582,1.746,2.132,2.123,0.37,0.536,1.586
0.667,1.582,1.747,2.132,2.123,0.37,0.536,1.586
0.667,1.582,1.747,2.132,2.123,0.37,0.536,1.586
0.667,1.582,1.747,2.132,2.123,0.37,0.536,1.586
0.667,1.581,1.747,2.133,2.123,0.37,0.536,1.586
0.668,1.582,1.747,2.133,2.123,0.37,0.536,1.586
0.668,1.581,1.747,2.132,2.123,0.369,0.536,1.586
0.667,1.581,1.748,2.132,2.123,0.369,0.536,1.586
0.668,1.581,1.748,2.133,2.123,0.369,0.536,1.586
0.668,1.581,1.748,2.132,2.123,0.369,0.536,1.586
0.668,1.581,1.748,2.133,2.123,0.369,0.536,1.586
0.668,1.581,1.748,2.133,2.123,0.369,0.536,1.586
0.668,1.581,1.748,2.133,2.123,0.369,0.536,1.586
0.668,1.581,1.749,2.133,2.123,0.369,0.536,1.586
0.668,1.581,1.749,2.133,2.123,0.369,0.536,1.586
0.668,1.581,1.749,2.133,2.123,0.369,0.536,1.586
0.668,1.581,1.749,2.133,2.123,0.369,0.536,1.586
0.668,1.581,1.75,2.133,2.123,0.369,0.537,1.586
0.668,1.581,1.75,2.133,2.123,0.369,0.537,1.586
0.668,1.581,1.75,2.134,2.123,0.369,0.537,1.586
0.669,1.58,1.75,2.133,2.123,0.369,0.537,1.587
0.669,1.581,1.75,2.134,2.123,0.368,0.537,1.586
0.669,1.58,1.75,2.134,2.123,0.368,0.537,1.586
0.669,1.58,1.75,2.133,2.123,0.368,0.537,1.586
0.669,1.58,1.751,2.133,2.123,0.368,0.537,1.587
0.669,1.58,1.751,2.134,2.123,0.368,0.537,1.586
0.669,1.58,1.751,2.134,2.123,0.368,0.537,1.586
0.669,1.58,1.751,2.133,2.123,0.368,0.537,1.586
0.669,1.58,1.751,2.133,2.123,0.368,0.537,1.586
0.669,1.579,1.751,2.134,2.123,0.368,0.537,1.586
0.669,1.579,1.752,2.134,2.123,0.368,0.537,1.586
0.669,1.579,1.752,2.134,2.123,0.368,0.537,1.586
0.669,1.579,1.752,2.134,2.123,0.368,0.537,1.586
0.669,1.579,1.752,2.134,2.123,0.367,0.537,1.586
0.669,1.579,1.752,2.134,2.123,0.368,0.537,1.586
0.669,1.579,1.752,2.134,2.123,0.367,0.537,1.586
0.669,1.579,1.753,2.134,2.123,0.367,0.538,1.586
0.67,1.579,1.753,2.134,2.123,0.367,0.538,1.586
0.67,1.579,1.753,2.134,2.123,0.367,0.538,1.586
0.669,1.579,1.753,2.134,2.123,0.367,0.538,1.586
0.67,1.579,1.753,2.134,2.123,0.367,0.538,1.586
0.67,1.578,1.753,2.134,2.123,0.367,0.538,1.586
0.67,1.578,1.754,2.134,2.123,0.367,0.538,1.586
0.67,1.578,1.754,2.134,2.123,0.367,0.538,1.586
0.67,1.578,1.754,2.134,2.123,0.367,0.538,1.586
0.67,1.578,1.754,2.134,2.123,0.367,0.538,1.586
0.67,1.578,1.754,2.134,2.123,0.367,0.538,1.586
0.67,1.578,1.754,2.134,2.122,0.366,0.538,1.586
0.67,1.578,1.755,2.134,2.122,0.366,0.538,1.586
0.67,1.578,1.755,2.134,2.122,0.367,0.538,1.586
0.67,1.578,1.755,2.134,2.122,0.366,0.538,1.586
0.67,1.577,1.755,2.134,2.122,0.366,0.538,1.586
0.67,1.577,1.755,2.134,2.123,0.366,0.538,1.586
0.671,1.577,1.755,2.134,2.122,0.366,0.538,1.586
0.671,1.577,1.755,2.135,2.123,0.366,0.538,1.586
0.671,1.577,1.756,2.134,2.122,0.366,0.538,1.586
0.671,1.577,1.756,2.134,2.122,0.366,0.538,1.586
0.671,1.577,1.756,2.134,2.122,0.366,0.539,1.586
0.671,1.577,1.756,2.135,2.122,0.366,0.538,1.586
0.671,1.577,1.756,2.134,2.122,0.366,0.539,1.586
0.671,1.577,1.756,2.135,2.122,0.366,0.539,1.586
0.671,1.577,1.757,2.134,2.122,0.365,0.539,1.586
0.671,1.577,1.757,2.134,2.122,0.365,0.539,1.586
0.671,1.577,1.757,2.134,2.122,0.365,0.539,1.586
0.671,1.576,1.757,2.135,2.122,0.365,0.539,1.586
0.671,1.576,1.758,2.135,2.122,0.365,0.539,1.586
0.671,1.576,1.758,2.135,2.123,0.365,0.539,1.586
0.671,1.576,1.758,2.135,2.122,0.365,0.539,1.586
0.671,1.576,1.758,2.135,2.123,0.365,0.539,1.587
0.672,1.577,1.758,2.135,2.123,0.365,0.539,1.587
0.672,1.576,1.759,2.135,2.123,0.365,0.539,1.587
0.672,1.576,1.759,2.136,2.123,0.365,0.539,1.587
0.672,1.576,1.759,2.135,2.123,0.365,0.539,1.587
0.672,1.576,1.759,2.135,2.122,0.365,0.539,1.586
0.672,1.576,1.759,2.135,2.122,0.365,0.539,1.586
0.672,1.576,1.759,2.135,2.122,0.365,0.539,1.586
0.672,1.576,1.759,2.135,2.122,0.365,0.539,1.586
0.672,1.575,1.759,2.135,2.122,0.364,0.54,1.586
0.672,1.575,1.76,2.135,2.122,0.364,0.54,1.586
0.672,1.575,1.76,2.135,2.122,0.364,0.54,1.586
0.672,1.575,1.76,2.135,2.122,0.364,0.54,1.586
0.672,1.575,1.76,2.135,2.122,0.364,0.54,1.586
0.672,1.575,1.76,2.135,2.122,0.364,0.54,1.586
0.672,1.575,1.76,2.135,2.122,0.364,0.54,1.586
0.672,1.575,1.761,2.135,2.122,0.364,0.54,1.586
0.672,1.575,1.761,2.136,2.122,0.364,0.54,1.587
0.672,1.575,1.761,2.136,2.122,0.364,0.54,1.587
0.673,1.575,1.762,2.136,2.122,0.364,0.54,1.587
0.673,1.575,1.762,2.136,2.122,0.364,0.54,1.586
0.672,1.575,1.761,2.136,2.122,0.363,0.54,1.586
0.672,1.575,1.761,2.135,2.122,0.363,0.54,1.586
0.673,1.574,1.761,2.135,2.122,0.363,0.54,1.586
0.673,1.574,1.762,2.135,2.122,0.363,0.54,1.586
0.673,1.574,1.762,2.135,2.122,0.363,0.54,1.586
0.673,1.574,1.762,2.136,2.122,0.363,0.54,1.586
0.673,1.574,1.762,2.136,2.122,0.363,0.54,1.586
0.673,1.574,1.762,2.136,2.122,0.363,0.54,1.586
0.673,1.574,1.763,2.136,2.122,0.363,0.541,1.586
0.673,1.574,1.763,2.136,2.122,0.363,0.541,1.586
0.673,1.574,1.763,2.136,2.122,0.363,0.541,1.586
0.673,1.574,1.763,2.136,2.122,0.363,0.541,1.586
0.673,1.574,1.763,2.136,2.121,0.363,0.541,1.586
0.673,1.574,1.763,2.136,2.122,0.363,0.541,1.586
0.673,1.574,1.764,2.136,2.122,0.363,0.541,1.586
0.673,1.574,1.764,2.136,2.122,0.363,0.541,1.586
0.673,1.573,1.764,2.136,2.122,0.362,0.541,1.586
0.674,1.574,1.764,2.136,2.122,0.362,0.541,1.586
0.674,1.574,1.764,2.136,2.122,0.362,0.541,1.586
0.674,1.573,1.765,2.136,2.122,0.362,0.541,1.586
0.674,1.573,1.765,2.136,2.121,0.362,0.541,1.586
0.674,1.573,1.765,2.136,2.121,0.362,0.541,1.586
0.674,1.573,1.765,2.136,2.121,0.362,0.541,1.586
0.674,1.573,1.765,2.136,2.121,0.362,0.541,1.586
0.674,1.573,1.765,2.136,2.121,0.362,0.541,1.586
0.674,1.573,1.765,2.136,2.121,0.362,0.541,1.586
0.674,1.573,1.766,2.136,2.121,0.362,0.541,1.586
0.674,1.573,1.766,2.136,2.122,0.362,0.542,1.586
0.674,1.573,1.766,2.136,2.121,0.362,0.542,1.586
0.674,1.573,1.766,2.136,2.121,0.361,0.542,1.586
0.674,1.573,1.766,2.136,2.121,0.361,0.542,1.586
0.674,1.572,1.767,2.136,2.121,0.361,0.542,1.586
0.674,1.573,1.767,2.137,2.121,0.361,0.542,1.586
0.674,1.572,1.767,2.137,2.121,0.361,0.542,1.586
0.674,1.572,1.767,2.137,2.121,0.361,0.542,1.586
0.674,1.572,1.767,2.136,2.121,0.361,0.542,1.586
0.674,1.572,1.767,2.136,2.121,0.361,0.542,1.586
0.674,1.572,1.767,2.136,2.121,0.361,0.542,1.586
0.674,1.572,1.767,2.136,2.121,0.361,0.542,1.586
0.675,1.572,1.768,2.137,2.121,0.361,0.542,1.586
0.675,1.572,1.768,2.137,2.121,0.361,0.542,1.586
0.675,1.572,1.768,2.137,2.121,0.361,0.542,1.586
0.675,1.572,1.768,2.137,2.121,0.361,0.542,1.586
0.675,1.572,1.768,2.137,2.121,0.361,0.542,1.586
0.675,1.572,1.769,2.137,2.121,0.361,0.542,1.586
0.675,1.572,1.769,2.137,2.121,0.36,0.542,1.586
0.675,1.572,1.769,2.137,2.121,0.361,0.542,1.587
0.675,1.572,1.769,2.137,2.121,0.361,0.543,1.587
0.675,1.572,1.77,2.138,2.121,0.36,0.543,1.587
0.675,1.572,1.77,2.138,2.122,0.36,0.543,1.587
0.675,1.572,1.77,2.137,2.121,0.36,0.543,1.587
0.675,1.571,1.77,2.138,2.121,0.36,0.543,1.587
0.675,1.572,1.77,2.138,2.121,0.36,0.543,1.587
0.675,1.571,1.77,2.138,2.121,0.36,0.543,1.587
0.676,1.571,1.771,2.138,2.121,0.36,0.543,1.587
0.676,1.571,1.771,2.138,2.121,0.36,0.543,1.587
0.676,1.571,1.771,2.138,2.121,0.36,0.543,1.587
0.676,1.571,1.771,2.138,2.121,0.36,0.543,1.587
0.676,1.571,1.771,2.138,2.121,0.36,0.543,1.587
0.676,1.571,1.771,2.138,2.121,0.36,0.543,1.587
0.676,1.571,1.772,2.138,2.121,0.36,0.543,1.587
0.676,1.571,1.772,2.138,2.122,0.36,0.543,1.587
0.676,1.571,1.772,2.138,2.121,0.36,0.544,1.587
0.676,1.571,1.772,2.138,2.121,0.359,0.544,1.587
0.676,1.571,1.772,2.138,2.121,0.36,0.543,1.587
0.676,1.571,1.772,2.138,2.121,0.359,0.544,1.587
0.676,1.571,1.772,2.138,2.121,0.359,0.544,1.587
0.676,1.571,1.773,2.138,2.121,0.359,0.544,1.587
0.676,1.571,1.773,2.138,2.121,0.359,0.544,1.587
0.676,1.57,1.773,2.138,2.121,0.359,0.544,1.587
0.677,1.57,1.773,2.138,2.121,0.359,0.544,1.587
0.677,1.57,1.773,2.138,2.121,0.359,0.544,1.587
0.676,1.57,1.773,2.138,2.121,0.359,0.544,1.587
0.677,1.57,1.774,2.138,2.121,0.359,0.544,1.587
0.677,1.57,1.774,2.138,2.121,0.359,0.544,1.587
0.677,1.57,1.774,2.138,2.121,0.359,0.544,1.587
0.677,1.57,1.774,2.138,2.121,0.359,0.544,1.587
0.677,1.57,1.774,2.138,2.121,0.359,0.544,1.587
0.677,1.57,1.774,2.138,2.121,0.359,0.544,1.587
0.677,1.57,1.774,2.139,2.121,0.358,0.544,1.587
0.677,1.57,1.775,2.139,2.121,0.358,0.544,1.587
0.677,1.57,1.775,2.139,2.121,0.358,0.545,1.587
0.677,1.57,1.775,2.139,2.121,0.358,0.544,1.587
0.677,1.569,1.775,2.139,2.121,0.358,0.545,1.587
0.677,1.57,1.775,2.139,2.121,0.358,0.545,1.587
0.677,1.569,1.775,2.139,2.121,0.358,0.545,1.587
0.677,1.569,1.776,2.139,2.121,0.358,0.545,1.587
0.677,1.569,1.776,2.139,2.121,0.358,0.545,1.587
0.677,1.569,1.776,2.139,2.121,0.358,0.545,1.587
0.677,1.569,1.776,2.139,2.121,0.358,0.545,1.587
0.678,1.569,1.776,2.139,2.121,0.358,0.545,1.587
0.678,1.569,1.776,2.139,2.121,0.358,0.545,1.587
0.678,1.569,1.776,2.139,2.121,0.358,0.545,1.587
0.678,1.569,1.777,2.139,2.121,0.358,0.545,1.587
0.678,1.569,1.777,2.139,2.121,0.357,0.545,1.587
0.678,1.569,1.777,2.139,2.121,0.358,0.545,1.587
0.678,1.569,1.777,2.139,2.121,0.358,0.545,1.587
0.678,1.569,1.777,2.139,2.121,0.357,0.545,1.587
0.678,1.569,1.778,2.139,2.121,0.357,0.545,1.587
0.678,1.568,1.778,2.139,2.121,0.357,0.545,1.587
0.678,1.568,1.778,2.139,2.121,0.357,0.545,1.587
0.678,1.568,1.778,2.14,2.121,0.357,0.546,1.587
0.678,1.568,1.778,2.139,2.121,0.357,0.546,1.587
0.678,1.568,1.778,2.139,2.121,0.357,0.546,1.587
0.678,1.568,1.778,2.14,2.121,0.357,0.546,1.587
0.678,1.568,1.779,2.139,2.121,0.357,0.546,1.587
0.678,1.568,1.779,2.14,2.121,0.357,0.546,1.587
0.679,1.568,1.779,2.139,2.12,0.357,0.546,1.587
0.678,1.568,1.779,2.139,2.121,0.357,0.546,1.587
0.679,1.568,1.779,2.14,2.121,0.357,0.546,1.587
0.679,1.568,1.779,2.14,2.121,0.357,0.546,1.587
0.679,1.568,1.78,2.14,2.121,0.357,0.546,1.587
0.679,1.568,1.78,2.14,2.121,0.356,0.546,1.587
0.679,1.567,1.78,2.14,2.121,0.357,0.546,1.587
0.679,1.567,1.78,2.14,2.121,0.356,0.546,1.587
0.679,1.567,1.78,2.14,2.12,0.356,0.546,1.587
0.679,1.567,1.78,2.14,2.12,0.356,0.546,1.587
0.679,1.567,1.78,2.14,2.12,0.356,0.546,1.587
0.679,1.567,1.781,2.14,2.121,0.356,0.546,1.587
0.679,1.567,1.781,2.14,2.12,0.356,0.546,1.587
0.679,1.567,1.781,2.14,2.12,0.356,0.546,1.587
0.679,1.567,1.781,2.14,2.12,0.356,0.546,1.587
0.679,1.567,1.781,2.14,2.12,0.356,0.546,1.587
0.679,1.567,1.781,2.14,2.12,0.356,0.547,1.587
0.679,1.567,1.781,2.14,2.12,0.356,0.546,1.587
0.68,1.567,1.782,2.14,2.12,0.356,0.547,1.587
0.679,1.566,1.782,2.14,2.12,0.356,0.547,1.587
0.679,1.566,1.782,2.14,2.12,0.356,0.547,1.587
0.679,1.566,1.782,2.14,2.12,0.356,0.547,1.587
0.68,1.566,1.782,2.14,2.12,0.355,0.547,1.587
0.68,1.566,1.782,2.14,2.12,0.355,0.547,1.587
0.68,1.566,1.782,2.14,2.12,0.355,0.547,1.587
0.68,1.566,1.783,2.14,2.12,0.355,0.547,1.587
0.68,1.566,1.783,2.14,2.12,0.355,0.547,1.587
0.68,1.566,1.783,2.14,2.12,0.355,0.547,1.587
0.68,1.566,1.783,2.14,2.12,0.355,0.547,1.587
0.68,1.566,1.783,2.14,2.12,0.355,0.547,1.587
0.68,1.566,1.783,2.14,2.12,0.355,0.547,1.587
0.68,1.565,1.783,2.14,2.12,0.355,0.547,1.587
0.68,1.565,1.784,2.14,2.12,0.355,0.547,1.587
0.68,1.565,1.784,2.14,2.12,0.355,0.547,1.587
0.68,1.565,1.784,2.14,2.12,0.355,0.548,1.587
0.68,1.565,1.784,2.141,2.12,0.355,0.548,1.587
0.68,1.565,1.785,2.141,2.12,0.355,0.548,1.587
0.68,1.565,1.785,2.141,2.12,0.355,0.548,1.587
0.681,1.565,1.785,2.141,2.12,0.355,0.548,1.587
0.68,1.565,1.785,2.141,2.12,0.355,0.548,1.587
0.681,1.565,1.785,2.141,2.12,0.354,0.548,1.587
0.681,1.565,1.785,2.141,2.12,0.355,0.548,1.587
0.681,1.565,1.785,2.141,2.12,0.354,0.548,1.587
0.681,1.565,1.786,2.141,2.12,0.354,0.548,1.587
0.681,1.565,1.786,2.141,2.12,0.354,0.548,1.587
0.681,1.565,1.786,2.141,2.12,0.354,0.548,1.587
0.681,1.565,1.786,2.141,2.12,0.354,0.548,1.587
0.681,1.565,1.786,2.141,2.12,0.354,0.548,1.587
0.681,1.565,1.787,2.141,2.12,0.354,0.548,1.587
0.681,1.565,1.787,2.141,2.12,0.354,0.548,1.587
0.681,1.565,1.787,2.142,2.12,0.354,0.548,1.587
0.681,1.565,1.787,2.141,2.12,0.354,0.548,1.587
0.681,1.564,1.787,2.141,2.12,0.354,0.549,1.587
0.681,1.565,1.787,2.141,2.12,0.354,0.549,1.587
0.681,1.564,1.788,2.141,2.12,0.354,0.548,1.587
0.681,1.564,1.788,2.141,2.12,0.354,0.549,1.587
0.682,1.564,1.788,2.141,2.12,0.354,0.549,1.587
0.681,1.564,1.788,2.141,2.12,0.353,0.549,1.587
0.682,1.564,1.788,2.142,2.12,0.353,0.549,1.587
0.682,1.564,1.788,2.141,2.12,0.353,0.549,1.587
0.682,1.564,1.788,2.141,2.12,0.353,0.549,1.587
0.682,1.563,1.788,2.141,2.12,0.353,0.549,1.587
0.682,1.563,1.789,2.141,2.12,0.353,0.549,1.587
0.682,1.563,1.789,2.141,2.12,0.353,0.549,1.587
0.682,1.563,1.789,2.141,2.12,0.353,0.549,1.587
0.682,1.563,1.789,2.141,2.119,0.353,0.549,1.587
0.682,1.563,1.789,2.141,2.119,0.353,0.549,1.587
0.682,1.563,1.789,2.141,2.12,0.353,0.549,1.587
0.682,1.563,1.789,2.142,2.12,0.353,0.549,1.587
0.682,1.563,1.789,2.142,2.12,0.353,0.549,1.587
0.682,1.563,1.79,2.141,2.12,0.353,0.549,1.587
0.682,1.563,1.79,2.142,2.12,0.353,0.549,1.587
0.682,1.563,1.79,2.142,2.12,0.353,0.549,1.587
0.682,1.563,1.79,2.142,2.12,0.353,0.549,1.587
0.682,1.563,1.79,2.142,2.12,0.353,0.549,1.587
0.683,1.563,1.791,2.142,2.12,0.353,0.55,1.587
0.682,1.563,1.791,2.142,2.12,0.353,0.55,1.587
0.683,1.563,1.791,2.142,2.12,0.353,0.55,1.587
0.683,1.563,1.791,2.142,2.12,0.352,0.55,1.587
0.683,1.562,1.791,2.142,2.12,0.352,0.55,1.587
0.683,1.562,1.792,2.142,2.12,0.352,0.55,1.587
0.683,1.562,1.792,2.142,2.12,0.352,0.55,1.587
0.683,1.562,1.792,2.142,2.12,0.352,0.55,1.587
0.683,1.562,1.792,2.142,2.12,0.352,0.55,1.587
0.683,1.562,1.792,2.142,2.12,0.352,0.55,1.587
0.683,1.562,1.792,2.142,2.12,0.352,0.55,1.587
0.683,1.562,1.792,2.142,2.12,0.352,0.55,1.587
0.683,1.562,1.792,2.142,2.12,0.352,0.55,1.587
0.683,1.562,1.792,2.142,2.12,0.352,0.55,1.587
0.683,1.562,1.793,2.142,2.12,0.352,0.55,1.587
0.683,1.562,1.793,2.143,2.12,0.352,0.55,1.587
0.683,1.561,1.793,2.142,2.12,0.352,0.55,1.587
0.683,1.561,1.793,2.142,2.119,0.352,0.55,1.587
0.683,1.561,1.793,2.142,2.119,0.352,0.55,1.587
0.683,1.561,1.794,2.143,2.12,0.352,0.551,1.587
0.683,1.561,1.794,2.143,2.12,0.352,0.551,1.587
0.684,1.561,1.794,2.143,2.12,0.351,0.551,1.587
0.684,1.561,1.794,2.143,2.12,0.351,0.551,1.587
0.684,1.561,1.794,2.143,2.119,0.351,0.551,1.587
0.684,1.561,1.794,2.143,2.119,0.351,0.551,1.587
0.684,1.561,1.795,2.143,2.12,0.351,0.551,1.587
0.684,1.561,1.795,2.143,2.119,0.351,0.551,1.587
0.684,1.561,1.795,2.143,2.119,0.351,0.551,1.587
0.684,1.561,1.795,2.143,2.119,0.351,0.551,1.587
0.684,1.561,1.795,2.143,2.119,0.351,0.551,1.587
0.684,1.561,1.795,2.143,2.119,0.351,0.551,1.587
0.684,1.56,1.795,2.143,2.119,0.351,0.551,1.587
0.684,1.56,1.796,2.143,2.119,0.351,0.551,1.587
0.684,1.56,1.796,2.143,2.119,0.351,0.551,1.587
0.684,1.56,1.796,2.143,2.119,0.351,0.551,1.587
0.684,1.56,1.796,2.143,2.119,0.351,0.551,1.587
0.684,1.56,1.796,2.143,2.119,0.351,0.551,1.587
0.684,1.56,1.796,2.143,2.119,0.351,0.551,1.587
0.684,1.56,1.796,2.143,2.119,0.351,0.551,1.587
0.684,1.56,1.797,2.143,2.119,0.35,0.552,1.587
0.685,1.56,1.797,2.143,2.119,0.35,0.552,1.587
0.684,1.56,1.797,2.143,2.119,0.351,0.551,1.587
0.685,1.56,1.797,2.143,2.119,0.35,0.552,1.587
0.685,1.56,1.797,2.143,2.119,0.35,0.552,1.587
0.685,1.56,1.797,2.143,2.119,0.35,0.552,1.587
0.685,1.56,1.798,2.143,2.12,0.35,0.552,1.587
0.685,1.56,1.798,2.144,2.119,0.35,0.552,1.587
0.685,1.56,1.798,2.144,2.119,0.35,0.552,1.587
0.685,1.559,1.798,2.143,2.119,0.35,0.552,1.587
0.685,1.559,1.798,2.143,2.119,0.35,0.552,1.587
0.685,1.559,1.798,2.143,2.119,0.35,0.552,1.588
0.685,1.559,1.799,2.144,2.119,0.35,0.552,1.587
0.685,1.559,1.799,2.144,2.119,0.35,0.552,1.587
0.685,1.559,1.799,2.144,2.119,0.35,0.552,1.588
0.685,1.559,1.799,2.144,2.119,0.35,0.552,1.587
0.685,1.559,1.799,2.144,2.119,0.35,0.552,1.587
0.685,1.559,1.799,2.144,2.119,0.35,0.552,1.587
0.685,1.559,1.799,2.144,2.119,0.35,0.552,1.587
0.685,1.559,1.8,2.144,2.119,0.35,0.552,1.588
0.685,1.559,1.8,2.144,2.119,0.349,0.553,1.587
0.685,1.559,1.8,2.144,2.119,0.35,0.553,1.587
0.685,1.558,1.8,2.144,2.119,0.349,0.553,1.587
0.685,1.559,1.8,2.144,2.119,0.349,0.553,1.587
0.686,1.558,1.8,2.144,2.119,0.349,0.553,1.587
0.686,1.558,1.8,2.144,2.119,0.349,0.553,1.587
0.686,1.558,1.801,2.144,2.119,0.349,0.553,1.587
0.686,1.558,1.801,2.144,2.119,0.349,0.553,1.587
0.686,1.558,1.801,2.144,2.119,0.349,0.553,1.588
0.686,1.558,1.801,2.144,2.119,0.349,0.553,1.587
0.686,1.558,1.801,2.144,2.119,0.349,0.553,1.587
0.686,1.558,1.801,2.144,2.119,0.349,0.553,1.587
0.686,1.558,1.801,2.144,2.119,0.349,0.553,1.587
0.686,1.558,1.801,2.144,2.119,0.349,0.553,1.587
0.686,1.558,1.802,2.144,2.119,0.349,0.553,1.587
0.686,1.558,1.802,2.144,2.119,0.349,0.553,1.587
0.686,1.558,1.802,2.144,2.119,0.349,0.553,1.587
0.686,1.558,1.802,2.144,2.119,0.349,0.553,1.587
0.686,1.558,1.802,2.144,2.119,0.349,0.553,1.587
0.686,1.557,1.802,2.144,2.119,0.349,0.553,1.587
0.686,1.557,1.802,2.144,2.119,0.348,0.553,1.587
0.686,1.557,1.802,2.144,2.119,0.349,0.554,1.587
0.686,1.557,1.803,2.144,2.119,0.348,0.553,1.587
0.686,1.557,1.803,2.144,2.119,0.348,0.554,1.587
0.686,1.557,1.803,2.144,2.119,0.348,0.554,1.587
0.687,1.557,1.803,2.144,2.118,0.348,0.554,1.587
0.687,1.557,1.803,2.144,2.119,0.348,0.554,1.587
0.687,1.557,1.803,2.144,2.118,0.348,0.554,1.587
0.687,1.557,1.803,2.144,2.118,0.348,0.554,1.587
0.687,1.556,1.803,2.144,2.118,0.348,0.554,1.587
0.687,1.556,1.804,2.144,2.118,0.348,0.554,1.587
0.687,1.556,1.804,2.144,2.118,0.348,0.554,1.587
0.687,1.556,1.804,2.144,2.118,0.348,0.554,1.587
0.687,1.556,1.804,2.144,2.118,0.348,0.554,1.587
0.687,1.556,1.804,2.144,2.118,0.348,0.554,1.587
0.687,1.556,1.804,2.144,2.118,0.348,0.554,1.587
0.687,1.556,1.804,2.144,2.118,0.348,0.554,1.587
0.687,1.556,1.805,2.144,2.118,0.348,0.554,1.587
0.687,1.556,1.805,2.144,2.118,0.347,0.554,1.587
0.687,1.556,1.805,2.145,2.118,0.348,0.554,1.587
0.687,1.556,1.805,2.145,2.118,0.348,0.554,1.587
0.687,1.556,1.806,2.145,2.119,0.348,0.554,1.587
0.687,1.556,1.806,2.145,2.119,0.347,0.554,1.587
0.687,1.556,1.806,2.145,2.118,0.347,0.555,1.588
0.687,1.556,1.806,2.145,2.119,0.347,0.555,1.588
0.688,1.556,1.806,2.145,2.119,0.347,0.555,1.588
0.688,1.556,1.807,2.146,2.119,0.347,0.555,1.588
0.688,1.556,1.807,2.146,2.119,0.347,0.555,1.588
0.688,1.556,1.807,2.146,2.119,0.347,0.555,1.588
0.688,1.556,1.807,2.146,2.119,0.347,0.555,1.588
0.688,1.557,1.808,2.146,2.119,0.347,0.555,1.588
0.688,1.556,1.808,2.146,2.119,0.347,0.555,1.588
0.688,1.556,1.808,2.146,2.119,0.347,0.555,1.588
0.688,1.556,1.808,2.146,2.119,0.347,0.555,1.588
0.688,1.556,1.808,2.147,2.12,0.347,0.555,1.588
0.688,1.556,1.809,2.146,2.119,0.347,0.555,1.588
0.688,1.556,1.808,2.146,2.119,0.347,0.556,1.588
0.688,1.556,1.809,2.146,2.119,0.347,0.555,1.588
0.688,1.556,1.809,2.146,2.119,0.347,0.556,1.588
0.688,1.556,1.809,2.146,2.119,0.347,0.556,1.588
0.689,1.556,1.809,2.146,2.119,0.347,0.556,1.588
0.688,1.556,1.809,2.146,2.119,0.347,0.556,1.588
0.689,1.556,1.809,2.146,2.119,0.347,0.556,1.588
0.689,1.556,1.809,2.146,2.119,0.347,0.556,1.588
0.689,1.556,1.81,2.146,2.119,0.346,0.556,1.588
0.689,1.556,1.81,2.146,2.119,0.347,0.556,1.588
0.689,1.556,1.81,2.146,2.119,0.347,0.556,1.588
0.689,1.556,1.81,2.146,2.119,0.346,0.556,1.588
0.689,1.556,1.81,2.146,2.119,0.346,0.556,1.588
0.689,1.555,1.811,2.147,2.119,0.346,0.556,1.588
0.689,1.555,1.81,2.146,2.119,0.346,0.556,1.588
0.689,1.555,1.81,2.147,2.119,0.346,0.556,1.588
0.689,1.555,1.811,2.147,2.119,0.346,0.556,1.588
0.689,1.555,1.811,2.146,2.119,0.346,0.556,1.588
0.689,1.555,1.811,2.146,2.119,0.346,0.556,1.588
0.689,1.555,1.811,2.147,2.119,0.346,0.556,1.588
0.689,1.555,1.811,2.147,2.119,0.346,0.556,1.588
0.689,1.555,1.812,2.147,2.119,0.346,0.556,1.588
0.69,1.555,1.812,2.147,2.119,0.346,0.557,1.588
0.689,1.555,1.812,2.147,2.119,0.346,0.557,1.588
0.689,1.555,1.812,2.147,2.119,0.346,0.557,1.588
0.69,1.555,1.812,2.147,2.119,0.346,0.557,1.588
0.69,1.555,1.812,2.147,2.119,0.346,0.557,1.588
0.69,1.555,1.813,2.147,2.119,0.346,0.557,1.588
0.69,1.555,1.813,2.147,2.119,0.346,0.557,1.588
0.69,1.555,1.813,2.147,2.119,0.346,0.557,1.588
0.69,1.555,1.813,2.147,2.119,0.345,0.557,1.588
0.69,1.554,1.813,2.147,2.119,0.346,0.557,1.588
0.69,1.554,1.813,2.147,2.119,0.346,0.557,1.588
0.69,1.554,1.813,2.147,2.119,0.346,0.557,1.588
0.69,1.554,1.813,2.147,2.119,0.345,0.557,1.588
0.69,1.554,1.814,2.147,2.119,0.345,0.557,1.588
0.69,1.554,1.814,2.147,2.119,0.345,0.557,1.588
0.69,1.554,1.814,2.147,2.118,0.345,0.557,1.588
0.69,1.554,1.814,2.146,2.118,0.345,0.557,1.588
0.69,1.553,1.813,2.147,2.118,0.345,0.557,1.588
0.69,1.553,1.814,2.147,2.118,0.345,0.557,1.588
0.69,1.553,1.814,2.147,2.118,0.345,0.557,1.588
0.69,1.554,1.815,2.147,2.119,0.345,0.557,1.589
0.69,1.554,1.815,2.148,2.119,0.345,0.558,1.588
0.69,1.554,1.815,2.147,2.119,0.345,0.558,1.588
0.69,1.554,1.815,2.147,2.119,0.345,0.558,1.588
0.691,1.554,1.815,2.148,2.119,0.345,0.558,1.589
0.691,1.554,1.816,2.148,2.119,0.345,0.558,1.589
0.691,1.554,1.816,2.148,2.119,0.345,0.558,1.589
0.691,1.554,1.816,2.148,2.119,0.345,0.558,1.588
0.691,1.554,1.816,2.148,2.119,0.345,0.558,1.588
0.691,1.553,1.816,2.147,2.118,0.345,0.558,1.588
0.691,1.553,1.816,2.147,2.118,0.345,0.558,1.588
0.691,1.553,1.816,2.148,2.119,0.345,0.558,1.588
0.691,1.553,1.816,2.148,2.118,0.345,0.558,1.588
0.691,1.553,1.816,2.148,2.119,0.344,0.558,1.588
0.691,1.553,1.817,2.148,2.119,0.345,0.558,1.588
0.691,1.553,1.817,2.148,2.118,0.344,0.558,1.588
0.691,1.553,1.817,2.148,2.119,0.345,0.558,1.588
0.691,1.553,1.817,2.148,2.119,0.344,0.558,1.588
0.691,1.553,1.817,2.148,2.118,0.344,0.558,1.588
0.691,1.553,1.817,2.148,2.118,0.344,0.558,1.588
0.691,1.553,1.817,2.148,2.119,0.344,0.559,1.588
0.691,1.553,1.817,2.148,2.118,0.344,0.558,1.588
0.691,1.553,1.818,2.148,2.118,0.344,0.559,1.588
0.691,1.553,1.818,2.148,2.118,0.344,0.559,1.588
0.691,1.552,1.818,2.148,2.119,0.344,0.559,1.589
0.692,1.553,1.818,2.148,2.119,0.344,0.559,1.589
0.692,1.553,1.819,2.148,2.119,0.344,0.559,1.589
0.692,1.552,1.819,2.148,2.118,0.344,0.559,1.588
0.692,1.552,1.818,2.148,2.118,0.344,0.559,1.588
0.692,1.552,1.819,2.148,2.118,0.344,0.559,1.588
0.692,1.552,1.819,2.148,2.118,0.344,0.559,1.589
0.692,1.552,1.819,2.148,2.119,0.344,0.559,1.589
0.692,1.552,1.819,2.148,2.118,0.344,0.559,1.588
0.692,1.552,1.82,2.148,2.118,0.344,0.559,1.588
0.692,1.552,1.82,2.148,2.118,0.344,0.559,1.588
0.692,1.552,1.82,2.148,2.118,0.344,0.559,1.588
0.692,1.552,1.82,2.148,2.118,0.344,0.559,1.588
0.692,1.552,1.82,2.149,2.118,0.344,0.559,1.588
0.692,1.552,1.82,2.148,2.118,0.343,0.559,1.589
0.692,1.552,1.82,2.148,2.118,0.344,0.559,1.589
0.692,1.552,1.82,2.148,2.118,0.343,0.56,1.588
0.692,1.552,1.82,2.148,2.118,0.343,0.56,1.588
0.692,1.552,1.82,2.148,2.118,0.343,0.56,1.588
0.692,1.551,1.821,2.148,2.118,0.343,0.56,1.588
0.692,1.551,1.821,2.148,2.118,0.343,0.56,1.588
0.692,1.551,1.821,2.148,2.118,0.343,0.56,1.588
0.692,1.551,1.821,2.148,2.118,0.343,0.56,1.588
0.693,1.551,1.821,2.149,2.118,0.343,0.56,1.589
0.693,1.552,1.822,2.149,2.118,0.343,0.56,1.589
0.693,1.552,1.822,2.149,2.119,0.343,0.56,1.589
0.693,1.552,1.822,2.149,2.119,0.343,0.56,1.589
0.693,1.552,1.822,2.149,2.119,0.343,0.56,1.589
0.693,1.552,1.822,2.149,2.119,0.343,0.56,1.589
0.693,1.552,1.823,2.149,2.119,0.343,0.56,1.589
0.693,1.552,1.823,2.149,2.119,0.343,0.56,1.589
0.693,1.552,1.823,2.149,2.119,0.343,0.56,1.589
0.693,1.551,1.823,2.149,2.119,0.343,0.56,1.589
0.693,1.551,1.823,2.149,2.119,0.343,0.561,1.589
0.693,1.552,1.823,2.15,2.119,0.343,0.561,1.589
0.693,1.551,1.824,2.149,2.119,0.343,0.561,1.589
0.693,1.551,1.824,2.15,2.119,0.343,0.561,1.589
0.693,1.551,1.824,2.149,2.119,0.343,0.561,1.589
0.693,1.551,1.824,2.149,2.118,0.343,0.561,1.589
0.693,1.551,1.824,2.149,2.118,0.343,0.561,1.589
0.693,1.551,1.824,2.15,2.119,0.342,0.561,1.589
0.694,1.551,1.824,2.149,2.118,0.343,0.561,1.589
0.694,1.551,1.824,2.149,2.118,0.343,0.561,1.589
0.694,1.551,1.825,2.15,2.119,0.342,0.561,1.589
0.694,1.551,1.825,2.15,2.119,0.342,0.561,1.589
0.694,1.551,1.825,2.15,2.118,0.342,0.561,1.589
0.694,1.55,1.825,2.149,2.118,0.342,0.561,1.589
0.694,1.551,1.825,2.15,2.118,0.342,0.561,1.589
0.694,1.551,1.825,2.15,2.118,0.342,0.561,1.589
0.694,1.551,1.826,2.15,2.119,0.342,0.561,1.589
0.694,1.551,1.826,2.15,2.118,0.342,0.561,1.589
0.694,1.551,1.826,2.15,2.118,0.342,0.561,1.589
0.694,1.551,1.826,2.15,2.118,0.342,0.561,1.589
0.694,1.55,1.826,2.15,2.118,0.342,0.561,1.589
0.694,1.55,1.826,2.15,2.119,0.342,0.562,1.589
0.694,1.551,1.827,2.15,2.119,0.342,0.562,1.589
0.694,1.551,1.827,2.15,2.119,0.342,0.562,1.589
0.694,1.551,1.827,2.15,2.118,0.342,0.562,1.589
0.694,1.551,1.827,2.15,2.118,0.342,0.562,1.589
0.694,1.551,1.827,2.15,2.119,0.342,0.562,1.59
0.694,1.55,1.827,2.15,2.119,0.342,0.562,1.589
0.695,1.55,1.828,2.151,2.119,0.342,0.562,1.59
0.695,1.55,1.828,2.15,2.119,0.342,0.562,1.589
0.695,1.55,1.828,2.15,2.119,0.342,0.562,1.59
0.695,1.551,1.828,2.151,2.119,0.342,0.562,1.59
0.695,1.55,1.828,2.151,2.119,0.342,0.562,1.59
0.695,1.55,1.828,2.151,2.119,0.342,0.562,1.59
0.695,1.55,1.829,2.151,2.119,0.342,0.562,1.589
0.695,1.55,1.829,2.151,2.119,0.342,0.562,1.589
0.695,1.55,1.829,2.151,2.119,0.342,0.562,1.59
0.695,1.55,1.829,2.151,2.119,0.342,0.562,1.59
0.695,1.55,1.829,2.151,2.119,0.342,0.563,1.59
0.695,1.55,1.829,2.151,2.119,0.341,0.563,1.59
0.695,1.55,1.829,2.151,2.118,0.342,0.563,1.59
0.695,1.55,1.829,2.151,2.118,0.342,0.563,1.59
0.695,1.55,1.83,2.151,2.118,0.341,0.563,1.59
0.695,1.55,1.829,2.151,2.119,0.341,0.563,1.59
0.695,1.55,1.83,2.151,2.118,0.341,0.563,1.59
0.695,1.55,1.83,2.151,2.118,0.341,0.563,1.59
0.695,1.55,1.83,2.151,2.118,0.341,0.563,1.59
0.695,1.55,1.83,2.151,2.118,0.341,0.563,1.589
0.696,1.55,1.83,2.151,2.118,0.341,0.563,1.59
0.695,1.55,1.831,2.151,2.118,0.341,0.563,1.59
0.696,1.55,1.831,2.151,2.118,0.341,0.563,1.59
0.696,1.55,1.831,2.151,2.118,0.341,0.563,1.59
0.696,1.55,1.831,2.151,2.118,0.341,0.563,1.59
0.696,1.549,1.831,2.151,2.118,0.341,0.563,1.59
0.696,1.549,1.831,2.151,2.118,0.341,0.563,1.59
0.696,1.549,1.831,2.151,2.118,0.341,0.563,1.59
0.696,1.549,1.831,2.151,2.118,0.341,0.563,1.59
0.696,1.549,1.831,2.151,2.118,0.341,0.563,1.59
0.696,1.549,1.832,2.151,2.118,0.341,0.563,1.59
0.696,1.549,1.832,2.151,2.118,0.341,0.563,1.59
0.696,1.549,1.832,2.151,2.118,0.341,0.563,1.59
0.696,1.549,1.832,2.151,2.118,0.341,0.564,1.59
0.696,1.549,1.832,2.151,2.118,0.34,0.564,1.59
0.696,1.549,1.832,2.151,2.118,0.341,0.564,1.59
0.696,1.549,1.832,2.151,2.118,0.34,0.564,1.589
0.696,1.549,1.832,2.151,2.118,0.34,0.564,1.589
0.696,1.549,1.832,2.151,2.118,0.34,0.564,1.59
0.696,1.549,1.832,2.151,2.118,0.34,0.564,1.59
0.696,1.549,1.833,2.151,2.118,0.34,0.564,1.589
0.696,1.549,1.833,2.151,2.118,0.34,0.564,1.59
0.696,1.549,1.833,2.151,2.118,0.34,0.564,1.59
0.697,1.549,1.833,2.152,2.118,0.34,0.564,1.59
0.697,1.549,1.834,2.152,2.118,0.34,0.564,1.59
0.697,1.549,1.834,2.151,2.118,0.34,0.564,1.59
0.697,1.549,1.834,2.151,2.118,0.34,0.564,1.59
0.697,1.549,1.834,2.151,2.118,0.34,0.564,1.59
0.697,1.549,1.834,2.151,2.118,0.34,0.564,1.59
0.697,1.549,1.834,2.152,2.118,0.34,0.564,1.59
0.697,1.549,1.834,2.151,2.118,0.34,0.564,1.59
0.697,1.548,1.835,2.152,2.118,0.34,0.564,1.59
0.697,1.549,1.835,2.152,2.118,0.34,0.565,1.59
0.697,1.549,1.835,2.152,2.118,0.34,0.565,1.59
0.697,1.549,1.835,2.152,2.118,0.34,0.565,1.59
0.697,1.549,1.835,2.152,2.118,0.34,0.565,1.59
0.697,1.549,1.835,2.152,2.118,0.34,0.565,1.59
0.697,1.549,1.836,2.152,2.118,0.34,0.565,1.59
0.697,1.548,1.836,2.152,2.118,0.34,0.565,1.59
0.697,1.548,1.836,2.152,2.118,0.34,0.565,1.59
0.697,1.549,1.836,2.152,2.118,0.34,0.565,1.59
0.697,1.548,1.836,2.152,2.117,0.34,0.565,1.59
0.697,1.548,1.836,2.152,2.117,0.34,0.565,1.59
0.697,1.548,1.836,2.152,2.118,0.34,0.565,1.59
0.697,1.548,1.836,2.152,2.117,0.339,0.565,1.59
0.697,1.548,1.836,2.152,2.118,0.34,0.565,1.59
0.697,1.548,1.836,2.152,2.118,0.339,0.565,1.59
0.697,1.548,1.837,2.152,2.117,0.339,0.565,1.59
0.698,1.548,1.837,2.152,2.117,0.339,0.565,1.59
0.698,1.548,1.837,2.152,2.117,0.339,0.565,1.59
0.698,1.548,1.837,2.152,2.117,0.339,0.565,1.59
0.698,1.548,1.837,2.152,2.118,0.339,0.565,1.59
0.698,1.548,1.838,2.152,2.118,0.339,0.565,1.59
0.698,1.548,1.838,2.152,2.118,0.339,0.566,1.59
0.698,1.548,1.838,2.152,2.118,0.339,0.565,1.59
0.698,1.548,1.838,2.152,2.118,0.339,0.566,1.59
0.698,1.548,1.838,2.152,2.118,0.339,0.566,1.59
0.698,1.548,1.838,2.152,2.117,0.339,0.566,1.59
0.698,1.548,1.838,2.152,2.117,0.339,0.566,1.59
0.698,1.548,1.838,2.152,2.117,0.339,0.566,1.59
0.698,1.548,1.838,2.152,2.117,0.339,0.566,1.59
0.698,1.548,1.838,2.152,2.117,0.339,0.566,1.59
0.698,1.548,1.839,2.152,2.117,0.339,0.566,1.59
0.698,1.547,1.839,2.152,2.117,0.339,0.566,1.59
0.698,1.548,1.839,2.152,2.117,0.339,0.566,1.59
0.698,1.547,1.839,2.152,2.117,0.339,0.566,1.59
0.698,1.547,1.839,2.152,2.117,0.339,0.566,1.59
0.698,1.547,1.839,2.152,2.117,0.339,0.566,1.59
0.698,1.547,1.839,2.152,2.117,0.339,0.566,1.59
0.699,1.547,1.839,2.152,2.117,0.339,0.566,1.59
0.698,1.547,1.84,2.152,2.117,0.339,0.566,1.59
0.699,1.547,1.84,2.152,2.117,0.339,0.566,1.59
0.699,1.547,1.84,2.152,2.117,0.338,0.566,1.59
0.699,1.547,1.84,2.152,2.117,0.339,0.566,1.59
0.699,1.547,1.84,2.152,2.117,0.338,0.566,1.59
0.699,1.547,1.84,2.152,2.117,0.338,0.566,1.59
0.699,1.547,1.84,2.152,2.117,0.338,0.566,1.59
0.699,1.547,1.84,2.152,2.117,0.338,0.566,1.59
0.699,1.547,1.841,2.152,2.117,0.338,0.566,1.59
0.699,1.547,1.841,2.152,2.117,0.338,0.567,1.59
0.699,1.547,1.841,2.152,2.117,0.338,0.567,1.59
0.699,1.547,1.841,2.152,2.117,0.338,0.567,1.59
0.699,1.547,1.841,2.153,2.117,0.338,0.567,1.59
0.699,1.547,1.841,2.153,2.117,0.338,0.567,1.59
0.699,1.547,1.841,2.153,2.117,0.338,0.567,1.591
0.699,1.547,1.842,2.152,2.117,0.338,0.567,1.59
0.699,1.547,1.842,2.153,2.117,0.338,0.567,1.591
0.699,1.547,1.842,2.153,2.117,0.338,0.567,1.591
0.699,1.547,1.842,2.153,2.117,0.338,0.567,1.591
0.699,1.547,1.842,2.153,2.117,0.338,0.567,1.591
0.699,1.547,1.842,2.153,2.117,0.338,0.567,1.59
0.7,1.547,1.842,2.153,2.117,0.338,0.567,1.591
0.7,1.547,1.842,2.153,2.117,0.338,0.567,1.591
0.7,1.547,1.843,2.153,2.117,0.338,0.567,1.591
0.7,1.547,1.843,2.153,2.117,0.338,0.567,1.591
0.7,1.546,1.843,2.153,2.117,0.338,0.567,1.591
0.7,1.547,1.843,2.153,2.117,0.338,0.567,1.591
0.7,1.546,1.843,2.152,2.117,0.338,0.567,1.59
0.7,1.546,1.843,2.153,2.117,0.338,0.568,1.59
0.7,1.547,1.843,2.153,2.117,0.338,0.568,1.591
0.7,1.546,1.843,2.153,2.117,0.338,0.568,1.591
0.7,1.547,1.844,2.153,2.117,0.337,0.568,1.591
0.7,1.546,1.844,2.153,2.117,0.338,0.568,1.591
0.7,1.547,1.844,2.153,2.117,0.338,0.568,1.591
0.7,1.546,1.844,2.153,2.117,0.337,0.568,1.591
0.7,1.546,1.844,2.153,2.117,0.337,0.568,1.591
0.7,1.546,1.844,2.154,2.117,0.337,0.568,1.591
0.7,1.546,1.844,2.153,2.117,0.337,0.568,1.591
0.7,1.546,1.845,2.153,2.117,0.337,0.568,1.591
0.7,1.546,1.845,2.153,2.117,0.337,0.568,1.591
0.7,1.546,1.845,2.153,2.117,0.337,0.568,1.591
0.7,1.546,1.845,2.153,2.117,0.337,0.568,1.591
0.7,1.546,1.845,2.153,2.117,0.337,0.568,1.591
0.7,1.546,1.845,2.153,2.117,0.337,0.568,1.591
0.701,1.546,1.846,2.154,2.117,0.337,0.568,1.591
0.701,1.546,1.846,2.154,2.117,0.337,0.568,1.591
0.701,1.546,1.846,2.154,2.117,0.337,0.569,1.591
0.701,1.546,1.846,2.154,2.117,0.337,0.568,1.591
0.701,1.546,1.846,2.154,2.117,0.337,0.569,1.591
0.701,1.546,1.846,2.154,2.117,0.337,0.569,1.591
0.701,1.546,1.847,2.154,2.117,0.337,0.569,1.591
0.701,1.546,1.847,2.154,2.117,0.337,0.569,1.591
0.701,1.546,1.847,2.154,2.117,0.337,0.569,1.591
0.701,1.546,1.847,2.154,2.117,0.337,0.569,1.591
0.701,1.546,1.847,2.154,2.117,0.337,0.569,1.591
0.701,1.546,1.847,2.154,2.117,0.337,0.569,1.591
0.701,1.546,1.847,2.154,2.117,0.337,0.569,1.591
0.701,1.546,1.848,2.154,2.117,0.337,0.569,1.591
0.701,1.546,1.848,2.154,2.117,0.337,0.569,1.591
0.701,1.546,1.848,2.154,2.117,0.337,0.569,1.591
0.701,1.546,1.848,2.154,2.117,0.337,0.569,1.591
0.701,1.546,1.848,2.154,2.117,0.336,0.569,1.591
0.701,1.546,1.848,2.155,2.117,0.337,0.569,1.592
0.702,1.546,1.849,2.154,2.117,0.337,0.569,1.591
0.701,1.546,1.848,2.154,2.117,0.337,0.569,1.591
0.701,1.546,1.848,2.154,2.117,0.337,0.569,1.591
0.701,1.546,1.848,2.154,2.117,0.336,0.569,1.591
0.701,1.546,1.848,2.154,2.117,0.336,0.569,1.591
0.701,1.546,1.849,2.154,2.116,0.336,0.569,1.591
0.701,1.546,1.849,2.154,2.116,0.337,0.569,1.591
0.701,1.546,1.849,2.154,2.116,0.336,0.57,1.591
0.702,1.546,1.849,2.154,2.116,0.336,0.57,1.591
0.702,1.546,1.849,2.154,2.116,0.336,0.57,1.591
0.702,1.546,1.849,2.154,2.116,0.336,0.57,1.591
0.702,1.546,1.849,2.154,2.116,0.336,0.57,1.591
0.702,1.545,1.849,2.154,2.116,0.336,0.57,1.591
0.702,1.545,1.849,2.154,2.116,0.336,0.57,1.591
0.702,1.546,1.85,2.154,2.116,0.336,0.57,1.591
0.702,1.546,1.85,2.154,2.116,0.336,0.57,1.591
0.702,1.546,1.85,2.154,2.116,0.336,0.57,1.591
0.702,1.546,1.85,2.154,2.116,0.336,0.57,1.591
0.702,1.546,1.85,2.154,2.116,0.336,0.57,1.591
0.702,1.546,1.85,2.154,2.116,0.336,0.57,1.591
0.702,1.546,1.851,2.154,2.116,0.336,0.57,1.591
0.702,1.545,1.851,2.154,2.116,0.336,0.57,1.591
0.702,1.546,1.851,2.155,2.116,0.336,0.57,1.591
0.702,1.545,1.851,2.154,2.116,0.336,0.57,1.591
0.702,1.546,1.851,2.154,2.116,0.336,0.57,1.591
0.702,1.546,1.851,2.154,2.116,0.336,0.57,1.591
0.702,1.545,1.851,2.154,2.116,0.336,0.57,1.591
0.702,1.545,1.851,2.154,2.116,0.336,0.57,1.591
0.702,1.545,1.851,2.154,2.116,0.336,0.57,1.591
0.702,1.545,1.852,2.154,2.116,0.336,0.57,1.591
0.703,1.545,1.852,2.155,2.116,0.336,0.571,1.591
0.703,1.545,1.851,2.154,2.116,0.335,0.57,1.591
0.702,1.545,1.852,2.154,2.116,0.335,0.57,1.591
0.702,1.545,1.852,2.154,2.116,0.336,0.57,1.591
0.702,1.545,1.852,2.154,2.116,0.335,0.571,1.591
0.702,1.545,1.852,2.154,2.116,0.335,0.571,1.591
0.703,1.545,1.852,2.154,2.115,0.335,0.571,1.591
0.703,1.545,1.852,2.154,2.115,0.335,0.57,1.592
0.703,1.545,1.852,2.153,2.115,0.335,0.571,1.592
0.703,1.544,1.852,2.151,2.114,0.335,0.571,1.592
0.703,1.542,1.852,2.15,2.114,0.335,0.571,1.592
0.703,1.538,1.852,2.148,2.113,0.334,0.571,1.591
0.703,1.535,1.852,2.147,2.112,0.334,0.57,1.59
0.703,1.531,1.852,2.146,2.11,0.334,0.57,1.588
0.703,1.528,1.852,2.144,2.107,0.334,0.57,1.586
0.703,1.524,1.851,2.142,2.105,0.333,0.57,1.583
0.703,1.52,1.851,2.141,2.103,0.333,0.57,1.58
0.703,1.515,1.851,2.139,2.1,0.333,0.57,1.577
0.703,1.51,1.851,2.137,2.098,0.332,0.57,1.574
0.702,1.504,1.85,2.135,2.095,0.332,0.57,1.571
0.703,1.499,1.85,2.133,2.092,0.331,0.57,1.568
0.702,1.495,1.85,2.132,2.09,0.331,0.569,1.565
0.702,1.491,1.849,2.13,2.087,0.33,0.569,1.561
0.702,1.487,1.849,2.127,2.084,0.33,0.569,1.558
0.702,1.482,1.848,2.125,2.081,0.329,0.569,1.555
0.702,1.477,1.848,2.123,2.079,0.329,0.569,1.552
0.702,1.471,1.847,2.121,2.076,0.328,0.569,1.549
0.702,1.466,1.847,2.12,2.074,0.328,0.568,1.547
0.702,1.46,1.847,2.118,2.071,0.327,0.568,1.543
0.701,1.455,1.847,2.116,2.068,0.327,0.568,1.541
0.702,1.449,1.846,2.114,2.066,0.326,0.568,1.538
0.701,1.443,1.845,2.112,2.063,0.326,0.568,1.535
0.701,1.438,1.845,2.11,2.061,0.325,0.568,1.532
0.701,1.433,1.844,2.108,2.058,0.324,0.568,1.529
0.701,1.428,1.844,2.106,2.056,0.324,0.567,1.526
0.701,1.423,1.843,2.104,2.053,0.323,0.567,1.523
0.701,1.418,1.843,2.101,2.051,0.322,0.567,1.52
0.701,1.412,1.842,2.099,2.048,0.322,0.567,1.518
0.7,1.407,1.842,2.097,2.045,0.321,0.567,1.515
0.7,1.401,1.841,2.094,2.043,0.321,0.566,1.512
0.7,1.396,1.84,2.092,2.04,0.32,0.566,1.509
0.7,1.391,1.84,2.09,2.038,0.319,0.566,1.507
0.7,1.386,1.839,2.088,2.035,0.318,0.566,1.504
0.699,1.381,1.839,2.086,2.033,0.318,0.566,1.502
0.699,1.376,1.838,2.084,2.031,0.317,0.566,1.499
0.699,1.37,1.837,2.081,2.028,0.316,0.565,1.496
0.699,1.364,1.837,2.079,2.026,0.315,0.565,1.494
0.698,1.359,1.836,2.077,2.023,0.315,0.565,1.491
0.698,1.354,1.835,2.075,2.021,0.314,0.565,1.489
0.698,1.349,1.835,2.073,2.018,0.313,0.565,1.486
0.698,1.345,1.834,2.071,2.016,0.312,0.564,1.484
0.698,1.34,1.833,2.068,2.013,0.312,0.564,1.481
0.697,1.335,1.833,2.066,2.011,0.311,0.564,1.479
0.697,1.331,1.832,2.064,2.009,0.31,0.564,1.476
0.697,1.326,1.831,2.062,2.006,0.309,0.564,1.474
0.697,1.321,1.831,2.06,2.004,0.309,0.563,1.471
0.696,1.317,1.83,2.058,2.002,0.308,0.563,1.469
0.696,1.312,1.829,2.055,1.999,0.307,0.563,1.466
0.696,1.308,1.829,2.053,1.997,0.306,0.563,1.464
0.695,1.304,1.828,2.05,1.994,0.305,0.563,1.461
0.695,1.299,1.827,2.048,1.992,0.304,0.562,1.459
0.695,1.294,1.826,2.046,1.99,0.303,0.562,1.457
0.695,1.289,1.825,2.044,1.987,0.303,0.562,1.454
0.694,1.285,1.825,2.042,1.986,0.302,0.562,1.452
0.694,1.28,1.824,2.04,1.983,0.301,0.562,1.45
0.694,1.276,1.823,2.037,1.981,0.3,0.562,1.447
0.694,1.271,1.822,2.035,1.978,0.299,0.561,1.445
0.693,1.267,1.822,2.033,1.976,0.298,0.561,1.443
0.693,1.262,1.821,2.031,1.974,0.297,0.561,1.441
0.693,1.258,1.82,2.029,1.971,0.296,0.561,1.439
0.692,1.253,1.819,2.027,1.969,0.296,0.561,1.437
0.692,1.249,1.818,2.024,1.967,0.295,0.561,1.434
0.692,1.245,1.818,2.022,1.964,0.294,0.56,1.432
0.691,1.241,1.817,2.02,1.962,0.293,0.56,1.431
0.691,1.236,1.816,2.018,1.96,0.292,0.56,1.428
0.691,1.232,1.816,2.016,1.958,0.291,0.56,1.426
0.691,1.228,1.815,2.014,1.956,0.29,0.56,1.424
0.69,1.224,1.814,2.012,1.953,0.29,0.559,1.422
0.69,1.22,1.814,2.01,1.951,0.289,0.559,1.42
0.69,1.217,1.813,2.008,1.949,0.288,0.559,1.418
0.689,1.213,1.812,2.007,1.947,0.287,0.559,1.416
0.689,1.209,1.811,2.005,1.944,0.286,0.559,1.414
0.689,1.206,1.811,2.002,1.942,0.285,0.559,1.412
0.689,1.202,1.81,2.0,1.94,0.284,0.558,1.41
0.688,1.198,1.809,1.999,1.937,0.284,0.558,1.408
0.688,1.195,1.808,1.997,1.935,0.283,0.558,1.406
0.688,1.191,1.808,1.995,1.933,0.282,0.558,1.404
0.687,1.187,1.807,1.993,1.93,0.281,0.558,1.402
0.687,1.184,1.806,1.991,1.928,0.28,0.557,1.4
0.686,1.18,1.805,1.989,1.926,0.279,0.557,1.398
0.686,1.176,1.805,1.987,1.924,0.278,0.557,1.396
0.686,1.172,1.804,1.985,1.922,0.277,0.557,1.394
0.685,1.169,1.803,1.983,1.92,0.277,0.557,1.393
0.685,1.166,1.802,1.98,1.917,0.276,0.556,1.39
0.685,1.162,1.801,1.979,1.915,0.275,0.556,1.389
0.684,1.159,1.8,1.977,1.913,0.274,0.556,1.387
0.684,1.156,1.8,1.974,1.911,0.273,0.556,1.385
0.684,1.152,1.799,1.972,1.909,0.272,0.556,1.383
0.683,1.149,1.798,1.97,1.907,0.271,0.556,1.381
0.683,1.145,1.797,1.968,1.905,0.27,0.555,1.38
0.683,1.142,1.796,1.966,1.904,0.27,0.555,1.378
0.682,1.139,1.796,1.964,1.902,0.269,0.555,1.376
0.682,1.135,1.795,1.962,1.9,0.268,0.555,1.374
0.681,1.132,1.794,1.96,1.898,0.267,0.555,1.373
0.681,1.129,1.793,1.958,1.896,0.266,0.554,1.371
0.681,1.126,1.793,1.956,1.894,0.266,0.554,1.369
0.68,1.123,1.792,1.954,1.892,0.265,0.554,1.368
0.68,1.12,1.791,1.952,1.89,0.264,0.554,1.366
0.68,1.117,1.79,1.95,1.888,0.263,0.554,1.365
0.679,1.114,1.789,1.949,1.886,0.262,0.554,1.363
0.679,1.111,1.788,1.947,1.884,0.261,0.553,1.361
0.679,1.108,1.788,1.945,1.882,0.261,0.553,1.36
0.678,1.105,1.787,1.943,1.881,0.26,0.553,1.358
0.678,1.102,1.786,1.941,1.879,0.259,0.553,1.356
0.677,1.099,1.785,1.94,1.876,0.258,0.553,1.355
0.677,1.097,1.785,1.938,1.874,0.258,0.553,1.353
0.677,1.094,1.784,1.936,1.872,0.257,0.552,1.352
0.676,1.091,1.783,1.934,1.87,0.256,0.552,1.35
0.676,1.088,1.782,1.932,1.868,0.255,0.552,1.348
0.676,1.086,1.782,1.93,1.866,0.255,0.552,1.347
0.675,1.083,1.781,1.929,1.864,0.254,0.552,1.345
0.675,1.081,1.78,1.927,1.862,0.253,0.551,1.344
0.674,1.078,1.779,1.925,1.861,0.252,0.551,1.342
0.674,1.075,1.778,1.924,1.859,0.251,0.551,1.341
0.674,1.073,1.778,1.922,1.857,0.251,0.551,1.339
0.673,1.071,1.777,1.92,1.855,0.25,0.551,1.338
0.673,1.069,1.776,1.918,1.853,0.249,0.551,1.336
0.672,1.067,1.775,1.917,1.851,0.248,0.551,1.335
0.672,1.064,1.775,1.915,1.85,0.248,0.55,1.333
0.672,1.062,1.774,1.913,1.848,0.247,0.55,1.331
0.671,1.06,1.773,1.912,1.846,0.246,0.55,1.33
0.671,1.058,1.772,1.91,1.844,0.246,0.55,1.328
0.671,1.056,1.772,1.908,1.843,0.245,0.55,1.327
0.67,1.054,1.771,1.906,1.841,0.244,0.55,1.325
0.67,1.052,1.77,1.905,1.839,0.244,0.549,1.324
0.669,1.05,1.769,1.903,1.837,0.243,0.549,1.322
0.669,1.048,1.768,1.901,1.835,0.242,0.549,1.321
0.668,1.046,1.768,1.899,1.833,0.241,0.549,1.319
0.668,1.044,1.767,1.898,1.831,0.241,0.549,1.318
0.668,1.042,1.766,1.896,1.83,0.24,0.549,1.316
0.667,1.039,1.765,1.895,1.828,0.239,0.548,1.315
0.667,1.037,1.765,1.893,1.826,0.239,0.548,1.313
0.667,1.034,1.764,1.891,1.825,0.238,0.548,1.312
0.666,1.032,1.763,1.889,1.823,0.237,0.548,1.31
0.666,1.03,1.762,1.888,1.821,0.236,0.548,1.309
0.665,1.028,1.761,1.887,1.82,0.236,0.548,1.308
0.665,1.027,1.761,1.885,1.819,0.235,0.548,1.307
0.665,1.024,1.76,1.883,1.817,0.234,0.547,1.305
0.664,1.022,1.759,1.882,1.816,0.234,0.547,1.304
0.664,1.02,1.758,1.88,1.814,0.233,0.547,1.302
0.663,1.018,1.757,1.879,1.813,0.232,0.547,1.301
0.663,1.016,1.757,1.877,1.811,0.232,0.547,1.3
0.663,1.014,1.756,1.876,1.81,0.231,0.547,1.299
0.662,1.012,1.755,1.875,1.808,0.23,0.546,1.297
0.662,1.01,1.755,1.873,1.807,0.23,0.546,1.296
0.661,1.008,1.754,1.871,1.805,0.229,0.546,1.295
0.661,1.006,1.753,1.87,1.803,0.229,0.546,1.293
0.661,1.005,1.753,1.868,1.802,0.228,0.546,1.292
0.66,1.003,1.752,1.867,1.8,0.227,0.546,1.291
0.66,1.001,1.752,1.866,1.799,0.227,0.546,1.289
0.659,0.999,1.751,1.864,1.797,0.226,0.545,1.288
0.659,0.998,1.75,1.862,1.796,0.226,0.545,1.287
0.659,0.996,1.749,1.861,1.794,0.225,0.545,1.286
0.658,0.994,1.748,1.859,1.793,0.224,0.545,1.285
0.658,0.992,1.748,1.857,1.791,0.224,0.545,1.283
0.658,0.99,1.747,1.856,1.79,0.223,0.544,1.282
0.657,0.988,1.746,1.855,1.788,0.222,0.544,1.281
0.657,0.986,1.746,1.853,1.786,0.222,0.544,1.28
0.656,0.984,1.745,1.852,1.785,0.222,0.544,1.278
0.656,0.983,1.744,1.85,1.784,0.221,0.544,1.277
0.655,0.981,1.743,1.849,1.782,0.22,0.544,1.276
0.655,0.98,1.743,1.847,1.78,0.22,0.544,1.275
0.654,0.978,1.742,1.846,1.779,0.219,0.543,1.274
0.654,0.976,1.741,1.845,1.777,0.219,0.543,1.272
0.654,0.975,1.74,1.843,1.776,0.218,0.543,1.271
0.653,0.973,1.739,1.842,1.774,0.217,0.543,1.27
0.653,0.972,1.739,1.84,1.773,0.217,0.543,1.269
0.652,0.97,1.738,1.839,1.771,0.216,0.543,1.267
0.652,0.969,1.737,1.838,1.77,0.216,0.542,1.266
0.651,0.967,1.736,1.836,1.768,0.215,0.542,1.265
0.651,0.965,1.736,1.835,1.767,0.215,0.542,1.264
0.651,0.964,1.735,1.834,1.765,0.214,0.542,1.263
0.65,0.962,1.734,1.832,1.764,0.214,0.542,1.261
0.65,0.96,1.733,1.831,1.763,0.213,0.542,1.26
0.649,0.958,1.733,1.829,1.761,0.213,0.542,1.259
0.649,0.957,1.732,1.828,1.76,0.212,0.541,1.258
0.649,0.955,1.731,1.826,1.758,0.211,0.541,1.257
0.648,0.954,1.73,1.825,1.757,0.211,0.541,1.256
0.648,0.952,1.73,1.824,1.755,0.211,0.541,1.255
0.647,0.951,1.729,1.823,1.754,0.21,0.541,1.253
0.647,0.949,1.728,1.821,1.753,0.209,0.541,1.252
0.646,0.948,1.727,1.82,1.751,0.209,0.54,1.251
0.646,0.946,1.727,1.818,1.75,0.208,0.54,1.25
0.645,0.945,1.726,1.817,1.749,0.208,0.54,1.248
0.645,0.944,1.725,1.816,1.747,0.207,0.54,1.247
0.645,0.942,1.725,1.814,1.746,0.207,0.54,1.246
0.644,0.941,1.724,1.813,1.745,0.207,0.54,1.245
0.644,0.939,1.723,1.812,1.743,0.206,0.54,1.244
0.644,0.938,1.722,1.811,1.742,0.206,0.539,1.243
0.643,0.937,1.722,1.809,1.741,0.205,0.539,1.242
0.643,0.936,1.721,1.808,1.739,0.204,0.539,1.241
0.642,0.935,1.72,1.807,1.738,0.204,0.539,1.24
0.642,0.934,1.72,1.805,1.736,0.204,0.539,1.239
0.641,0.933,1.719,1.804,1.735,0.203,0.539,1.238
0.641,0.932,1.718,1.803,1.734,0.203,0.538,1.236
0.641,0.931,1.718,1.801,1.732,0.202,0.538,1.235
0.64,0.929,1.717,1.8,1.731,0.202,0.538,1.234
0.64,0.928,1.716,1.799,1.73,0.201,0.538,1.233
0.639,0.927,1.716,1.797,1.728,0.201,0.538,1.232
0.639,0.926,1.715,1.796,1.727,0.2,0.538,1.231
0.639,0.924,1.714,1.795,1.726,0.2,0.538,1.23
0.638,0.923,1.714,1.793,1.724,0.2,0.538,1.229
0.638,0.922,1.713,1.792,1.723,0.199,0.537,1.228
0.637,0.921,1.712,1.791,1.721,0.199,0.537,1.227
0.637,0.92,1.711,1.79,1.72,0.198,0.537,1.226
0.636,0.919,1.711,1.788,1.719,0.198,0.537,1.225
0.636,0.918,1.71,1.787,1.717,0.197,0.537,1.224
0.636,0.917,1.709,1.786,1.716,0.197,0.537,1.223
0.635,0.916,1.709,1.785,1.715,0.196,0.536,1.222
0.635,0.915,1.708,1.784,1.713,0.196,0.536,1.22
0.634,0.914,1.707,1.782,1.712,0.196,0.536,1.219
0.634,0.912,1.706,1.781,1.711,0.195,0.536,1.219
0.633,0.911,1.706,1.78,1.709,0.195,0.536,1.217
0.633,0.91,1.705,1.779,1.708,0.194,0.536,1.217
0.633,0.908,1.704,1.778,1.707,0.194,0.536,1.215
0.632,0.907,1.704,1.776,1.706,0.194,0.535,1.214
0.632,0.906,1.703,1.775,1.705,0.193,0.535,1.213
0.631,0.905,1.702,1.774,1.703,0.193,0.535,1.212
0.631,0.904,1.702,1.772,1.702,0.192,0.535,1.211
0.631,0.903,1.701,1.771,1.701,0.192,0.535,1.21
0.63,0.902,1.7,1.77,1.7,0.192,0.535,1.209
0.63,0.901,1.7,1.769,1.699,0.191,0.535,1.208
0.629,0.9,1.699,1.768,1.697,0.191,0.534,1.207
0.629,0.899,1.699,1.767,1.696,0.19,0.534,1.206
0.629,0.898,1.698,1.765,1.695,0.19,0.534,1.205
0.628,0.897,1.697,1.764,1.693,0.19,0.534,1.204
0.628,0.896,1.696,1.763,1.692,0.189,0.534,1.203
0.627,0.895,1.696,1.762,1.691,0.189,0.534,1.202
0.627,0.894,1.695,1.761,1.69,0.188,0.533,1.201
0.626,0.892,1.694,1.759,1.688,0.188,0.533,1.2
0.626,0.891,1.693,1.758,1.687,0.188,0.533,1.199
0.625,0.89,1.693,1.756,1.686,0.187,0.533,1.199
0.625,0.889,1.692,1.755,1.685,0.187,0.533,1.198
0.625,0.888,1.691,1.753,1.684,0.187,0.533,1.197
0.624,0.888,1.69,1.752,1.682,0.186,0.533,1.196
0.624,0.886,1.69,1.75,1.681,0.186,0.533,1.195
0.624,0.885,1.689,1.749,1.68,0.186,0.532,1.194
0.623,0.884,1.688,1.748,1.678,0.185,0.532,1.193
0.623,0.883,1.687,1.747,1.677,0.185,0.532,1.192
0.622,0.881,1.687,1.745,1.675,0.185,0.532,1.191
0.622,0.88,1.686,1.744,1.674,0.184,0.532,1.19
0.621,0.88,1.685,1.743,1.673,0.184,0.532,1.189
0.621,0.878,1.684,1.742,1.672,0.183,0.531,1.188
0.621,0.878,1.684,1.741,1.671,0.183,0.531,1.187
0.62,0.876,1.683,1.74,1.67,0.183,0.531,1.187
0.62,0.875,1.683,1.739,1.669,0.182,0.531,1.186
0.62,0.874,1.682,1.738,1.668,0.182,0.531,1.185
0.619,0.873,1.681,1.736,1.666,0.182,0.531,1.184
0.619,0.872,1.68,1.735,1.666,0.181,0.531,1.183
0.618,0.871,1.68,1.734,1.664,0.181,0.531,1.182
0.618,0.87,1.679,1.732,1.663,0.181,0.53,1.182
0.618,0.869,1.678,1.731,1.662,0.18,0.53,1.181
0.617,0.868,1.677,1.73,1.661,0.18,0.53,1.18
0.617,0.867,1.677,1.729,1.66,0.18,0.53,1.179
0.616,0.866,1.676,1.728,1.659,0.18,0.53,1.178
0.616,0.865,1.676,1.727,1.657,0.179,0.53,1.177
0.616,0.864,1.675,1.726,1.656,0.179,0.53,1.176
0.615,0.863,1.674,1.725,1.655,0.179,0.53,1.175
0.615,0.862,1.674,1.724,1.654,0.178,0.529,1.174
0.614,0.861,1.673,1.722,1.653,0.178,0.529,1.173
0.614,0.86,1.672,1.721,1.652,0.178,0.529,1.173
0.613,0.859,1.671,1.72,1.651,0.177,0.529,1.172
0.613,0.858,1.671,1.719,1.649,0.177,0.529,1.171
0.613,0.856,1.67,1.715,1.645,0.176,0.528,1.168
0.612,0.856,1.67,1.716,1.647,0.177,0.528,1.168
0.612,0.855,1.671,1.717,1.648,0.176,0.529,1.17
0.61,0.852,1.666,1.713,1.644,0.176,0.528,1.168
0.609,0.85,1.663,1.709,1.64,0.175,0.527,1.164
0.609,0.85,1.663,1.708,1.639,0.175,0.527,1.163
0.609,0.849,1.663,1.708,1.639,0.175,0.527,1.163
0.61,0.85,1.665,1.709,1.64,0.175,0.527,1.163
0.61,0.85,1.666,1.71,1.641,0.175,0.528,1.165
0.608,0.847,1.662,1.706,1.638,0.174,0.527,1.163
0.607,0.845,1.659,1.702,1.633,0.173,0.526,1.159
0.607,0.844,1.658,1.701,1.632,0.173,0.526,1.158
0.607,0.844,1.659,1.701,1.632,0.173,0.526,1.158
0.608,0.844,1.661,1.702,1.633,0.173,0.526,1.158
0.607,0.844,1.662,1.703,1.635,0.173,0.527,1.159
0.606,0.841,1.659,1.7,1.631,0.172,0.527,1.158
0.604,0.839,1.655,1.695,1.627,0.171,0.525,1.155
0.604,0.838,1.655,1.694,1.626,0.171,0.525,1.153
0.604,0.838,1.655,1.694,1.626,0.171,0.525,1.153
0.605,0.839,1.657,1.695,1.626,0.171,0.526,1.153
0.605,0.838,1.658,1.697,1.628,0.171,0.526,1.155
0.603,0.836,1.655,1.693,1.625,0.171,0.526,1.153
0.602,0.833,1.651,1.689,1.62,0.17,0.524,1.15
0.602,0.833,1.65,1.688,1.619,0.17,0.524,1.148
0.602,0.832,1.651,1.688,1.619,0.17,0.524,1.148
0.603,0.833,1.653,1.689,1.62,0.17,0.525,1.149
0.603,0.833,1.654,1.691,1.621,0.17,0.526,1.15
0.601,0.83,1.651,1.688,1.619,0.169,0.525,1.149
0.6,0.828,1.647,1.683,1.614,0.168,0.523,1.145
0.6,0.827,1.646,1.682,1.613,0.168,0.523,1.143
0.6,0.827,1.647,1.683,1.613,0.168,0.523,1.143
0.6,0.827,1.648,1.683,1.613,0.168,0.524,1.144
0.6,0.828,1.65,1.686,1.615,0.168,0.525,1.145
0.598,0.825,1.647,1.682,1.612,0.167,0.524,1.144
0.597,0.823,1.643,1.677,1.607,0.167,0.522,1.14
0.597,0.823,1.642,1.676,1.606,0.167,0.522,1.139
0.597,0.822,1.643,1.676,1.606,0.166,0.522,1.138
0.598,0.823,1.644,1.677,1.607,0.166,0.523,1.138
0.598,0.823,1.646,1.679,1.608,0.166,0.524,1.14
0.596,0.82,1.643,1.676,1.606,0.166,0.523,1.139
0.595,0.818,1.639,1.671,1.601,0.165,0.522,1.135
0.595,0.818,1.638,1.669,1.6,0.165,0.521,1.133
0.595,0.817,1.638,1.67,1.6,0.165,0.522,1.134
0.595,0.818,1.64,1.671,1.6,0.165,0.522,1.134
0.595,0.818,1.642,1.673,1.602,0.165,0.523,1.135
0.594,0.816,1.639,1.67,1.6,0.164,0.522,1.134
0.592,0.814,1.635,1.665,1.596,0.164,0.521,1.131
0.592,0.813,1.634,1.664,1.594,0.164,0.52,1.129
0.592,0.813,1.634,1.664,1.594,0.164,0.521,1.129
0.593,0.813,1.636,1.665,1.595,0.163,0.521,1.129
0.593,0.814,1.638,1.667,1.597,0.163,0.522,1.13
0.591,0.812,1.635,1.664,1.595,0.163,0.522,1.13
0.59,0.809,1.631,1.659,1.59,0.163,0.52,1.127
0.59,0.809,1.63,1.657,1.588,0.162,0.52,1.124
0.59,0.808,1.63,1.657,1.588,0.162,0.52,1.124
0.59,0.808,1.632,1.658,1.589,0.162,0.52,1.124
0.591,0.809,1.634,1.66,1.591,0.162,0.521,1.126
0.589,0.807,1.631,1.658,1.589,0.162,0.521,1.125
0.588,0.804,1.627,1.653,1.584,0.161,0.519,1.122
0.587,0.803,1.626,1.651,1.582,0.161,0.519,1.12
0.587,0.803,1.626,1.651,1.582,0.161,0.52,1.122
0.588,0.804,1.629,1.653,1.584,0.161,0.52,1.122
0.588,0.804,1.628,1.652,1.583,0.161,0.52,1.121
0.587,0.803,1.627,1.651,1.583,0.16,0.52,1.12
0.587,0.802,1.627,1.65,1.582,0.16,0.519,1.119
0.587,0.802,1.626,1.649,1.581,0.16,0.519,1.118
0.586,0.801,1.625,1.648,1.58,0.16,0.519,1.118
0.586,0.801,1.625,1.647,1.579,0.16,0.519,1.117
0.585,0.8,1.624,1.647,1.578,0.159,0.519,1.117
0.585,0.8,1.624,1.646,1.577,0.159,0.519,1.116
0.585,0.799,1.623,1.645,1.576,0.159,0.519,1.115
0.584,0.799,1.622,1.644,1.575,0.159,0.519,1.114
0.584,0.798,1.622,1.642,1.574,0.159,0.519,1.114
0.584,0.797,1.621,1.641,1.573,0.158,0.518,1.113
0.583,0.797,1.621,1.641,1.572,0.158,0.518,1.112
0.583,0.796,1.62,1.639,1.571,0.158,0.518,1.111
0.582,0.795,1.619,1.638,1.57,0.158,0.518,1.111
0.582,0.794,1.618,1.638,1.569,0.157,0.518,1.11
0.582,0.794,1.618,1.637,1.568,0.157,0.518,1.109
0.581,0.793,1.617,1.636,1.567,0.157,0.518,1.109
0.581,0.792,1.616,1.635,1.567,0.157,0.517,1.108
0.58,0.791,1.616,1.634,1.566,0.157,0.517,1.107
0.58,0.791,1.615,1.633,1.565,0.156,0.517,1.106
0.58,0.79,1.614,1.632,1.564,0.156,0.517,1.106
0.579,0.789,1.614,1.631,1.563,0.156,0.517,1.105
0.579,0.789,1.613,1.63,1.562,0.156,0.517,1.105
0.579,0.788,1.613,1.63,1.561,0.156,0.517,1.104
0.578,0.787,1.612,1.629,1.56,0.155,0.517,1.103
0.578,0.787,1.611,1.628,1.559,0.155,0.516,1.103
0.578,0.786,1.611,1.627,1.558,0.155,0.516,1.102
0.577,0.786,1.61,1.627,1.557,0.155,0.516,1.101
0.577,0.786,1.61,1.626,1.557,0.155,0.516,1.101
0.576,0.785,1.609,1.625,1.555,0.155,0.516,1.1
0.576,0.785,1.608,1.624,1.554,0.154,0.516,1.099
0.576,0.784,1.607,1.623,1.554,0.154,0.516,1.098
0.575,0.784,1.607,1.622,1.553,0.154,0.515,1.097
0.575,0.783,1.606,1.621,1.552,0.154,0.515,1.097
0.575,0.782,1.605,1.62,1.551,0.154,0.515,1.096
0.574,0.781,1.604,1.619,1.55,0.153,0.515,1.095
0.574,0.781,1.604,1.618,1.549,0.153,0.515,1.094
0.573,0.78,1.603,1.617,1.548,0.153,0.515,1.094
0.573,0.779,1.603,1.616,1.547,0.153,0.515,1.093
0.573,0.778,1.602,1.615,1.546,0.153,0.515,1.093
0.572,0.778,1.601,1.614,1.545,0.153,0.514,1.092
0.572,0.777,1.6,1.613,1.545,0.152,0.514,1.091
0.572,0.776,1.6,1.613,1.544,0.152,0.514,1.09
0.571,0.776,1.599,1.612,1.543,0.152,0.514,1.09
0.571,0.775,1.599,1.611,1.542,0.152,0.514,1.089
0.57,0.774,1.598,1.61,1.541,0.152,0.514,1.088
0.57,0.774,1.598,1.609,1.54,0.151,0.514,1.088
0.57,0.773,1.597,1.608,1.539,0.151,0.513,1.087
0.569,0.773,1.596,1.607,1.538,0.151,0.513,1.087
0.569,0.772,1.595,1.606,1.537,0.151,0.513,1.086
0.569,0.772,1.595,1.606,1.536,0.151,0.513,1.086
0.568,0.772,1.595,1.605,1.535,0.151,0.513,1.085
0.568,0.772,1.594,1.604,1.534,0.15,0.513,1.084
0.568,0.771,1.594,1.604,1.534,0.15,0.513,1.084
0.567,0.771,1.593,1.603,1.533,0.15,0.513,1.083
0.567,0.771,1.593,1.602,1.532,0.15,0.513,1.082
0.567,0.77,1.592,1.601,1.531,0.15,0.512,1.082
0.566,0.77,1.592,1.601,1.53,0.15,0.512,1.081
0.566,0.77,1.591,1.6,1.529,0.149,0.512,1.08
0.566,0.769,1.59,1.599,1.528,0.149,0.512,1.079
0.565,0.769,1.59,1.598,1.528,0.149,0.512,1.079
0.565,0.767,1.587,1.595,1.525,0.149,0.511,1.078
0.563,0.766,1.584,1.592,1.522,0.148,0.51,1.074
0.563,0.766,1.585,1.592,1.522,0.148,0.51,1.074
0.563,0.766,1.585,1.592,1.522,0.148,0.511,1.074
0.564,0.767,1.587,1.594,1.523,0.148,0.511,1.075
0.563,0.766,1.587,1.594,1.524,0.148,0.512,1.076
0.562,0.764,1.583,1.59,1.52,0.148,0.511,1.074
0.561,0.763,1.58,1.586,1.517,0.147,0.509,1.071
0.561,0.763,1.581,1.586,1.517,0.147,0.509,1.07
0.561,0.763,1.581,1.586,1.517,0.147,0.51,1.07
0.562,0.764,1.583,1.587,1.518,0.147,0.51,1.071
0.561,0.763,1.584,1.588,1.519,0.147,0.511,1.072
0.56,0.761,1.58,1.584,1.516,0.147,0.51,1.07
0.559,0.759,1.577,1.58,1.512,0.146,0.509,1.067
0.559,0.759,1.577,1.58,1.512,0.146,0.509,1.067
0.559,0.759,1.577,1.58,1.512,0.146,0.509,1.067
0.56,0.76,1.579,1.582,1.514,0.146,0.51,1.067
0.559,0.759,1.58,1.583,1.515,0.146,0.51,1.069
0.558,0.757,1.576,1.579,1.511,0.146,0.509,1.067
0.557,0.756,1.573,1.575,1.508,0.145,0.508,1.064
0.557,0.756,1.573,1.575,1.507,0.145,0.508,1.063
0.557,0.756,1.574,1.575,1.507,0.145,0.508,1.063
0.558,0.757,1.576,1.577,1.509,0.145,0.509,1.064
0.557,0.757,1.576,1.578,1.51,0.145,0.509,1.065
0.556,0.755,1.573,1.574,1.507,0.145,0.509,1.063
0.555,0.753,1.569,1.57,1.503,0.145,0.507,1.06
0.555,0.753,1.57,1.57,1.503,0.144,0.507,1.059
0.555,0.753,1.57,1.57,1.503,0.144,0.507,1.059
0.555,0.754,1.572,1.572,1.504,0.145,0.508,1.06
0.555,0.754,1.573,1.573,1.506,0.145,0.509,1.061
0.554,0.752,1.569,1.569,1.502,0.144,0.508,1.059
0.553,0.75,1.566,1.565,1.499,0.144,0.507,1.056
0.553,0.75,1.566,1.565,1.498,0.144,0.506,1.055
0.553,0.751,1.567,1.565,1.498,0.144,0.507,1.055
0.554,0.751,1.569,1.567,1.5,0.144,0.507,1.056
0.554,0.752,1.57,1.568,1.501,0.144,0.508,1.057
0.552,0.749,1.566,1.565,1.498,0.143,0.507,1.055
0.551,0.748,1.563,1.561,1.494,0.143,0.506,1.052
0.551,0.748,1.563,1.561,1.493,0.143,0.506,1.051
0.551,0.748,1.563,1.561,1.493,0.143,0.506,1.051
0.551,0.749,1.565,1.562,1.494,0.143,0.506,1.052
0.551,0.749,1.567,1.563,1.496,0.143,0.507,1.053
0.55,0.747,1.563,1.56,1.493,0.143,0.506,1.052
0.549,0.745,1.559,1.556,1.489,0.142,0.505,1.048
0.549,0.745,1.559,1.555,1.488,0.142,0.505,1.047
0.549,0.745,1.56,1.555,1.488,0.142,0.505,1.047
0.549,0.746,1.561,1.557,1.489,0.142,0.506,1.048
0.549,0.746,1.562,1.558,1.491,0.142,0.506,1.049
0.548,0.744,1.559,1.555,1.488,0.142,0.506,1.048
0.547,0.742,1.555,1.551,1.484,0.141,0.504,1.045
0.547,0.742,1.555,1.551,1.483,0.141,0.504,1.044
0.547,0.742,1.556,1.551,1.484,0.141,0.504,1.044
0.547,0.743,1.557,1.552,1.485,0.141,0.505,1.044
0.547,0.743,1.559,1.553,1.486,0.141,0.505,1.045
0.546,0.741,1.556,1.55,1.484,0.141,0.505,1.044
0.545,0.739,1.552,1.546,1.479,0.141,0.504,1.041
0.545,0.739,1.551,1.545,1.479,0.141,0.503,1.039
0.545,0.739,1.552,1.545,1.479,0.141,0.504,1.04
0.545,0.74,1.553,1.546,1.48,0.141,0.504,1.04
0.545,0.74,1.555,1.547,1.481,0.141,0.505,1.041
0.544,0.738,1.552,1.547,1.479,0.14,0.504,1.039
0.544,0.738,1.552,1.544,1.478,0.14,0.504,1.039
0.544,0.738,1.552,1.544,1.478,0.14,0.504,1.038
0.544,0.737,1.551,1.543,1.477,0.14,0.504,1.038
0.543,0.737,1.551,1.542,1.476,0.14,0.504,1.037
0.543,0.736,1.55,1.541,1.475,0.14,0.504,1.037
0.543,0.736,1.549,1.541,1.475,0.14,0.503,1.036
0.542,0.735,1.549,1.54,1.474,0.14,0.503,1.036
0.542,0.735,1.548,1.539,1.473,0.139,0.503,1.035
0.542,0.734,1.548,1.538,1.473,0.139,0.503,1.034
0.541,0.734,1.547,1.538,1.472,0.139,0.503,1.034
0.541,0.733,1.547,1.537,1.471,0.139,0.503,1.033
0.541,0.732,1.546,1.536,1.47,0.139,0.503,1.033
0.54,0.732,1.545,1.535,1.469,0.139,0.503,1.032
0.54,0.731,1.545,1.534,1.469,0.139,0.503,1.031
0.54,0.731,1.544,1.534,1.468,0.139,0.502,1.031
0.54,0.73,1.544,1.533,1.467,0.139,0.502,1.03
0.539,0.73,1.543,1.532,1.467,0.138,0.502,1.03
0.539,0.729,1.542,1.531,1.466,0.138,0.502,1.029
0.539,0.728,1.542,1.53,1.465,0.138,0.502,1.029
0.538,0.728,1.541,1.53,1.465,0.138,0.502,1.028
0.538,0.727,1.541,1.529,1.464,0.138,0.502,1.028
0.538,0.727,1.54,1.529,1.463,0.138,0.502,1.027
0.537,0.726,1.54,1.528,1.462,0.138,0.502,1.027
0.537,0.725,1.539,1.527,1.462,0.138,0.501,1.026
0.537,0.725,1.539,1.526,1.461,0.138,0.501,1.026
0.537,0.725,1.538,1.526,1.46,0.137,0.501,1.025
0.536,0.724,1.538,1.525,1.459,0.137,0.501,1.024
0.536,0.724,1.537,1.524,1.459,0.137,0.501,1.024
0.536,0.723,1.536,1.524,1.458,0.137,0.501,1.023
0.535,0.723,1.536,1.523,1.457,0.137,0.501,1.023
0.535,0.723,1.535,1.522,1.456,0.137,0.501,1.022
0.535,0.722,1.535,1.522,1.455,0.137,0.501,1.021
0.535,0.722,1.534,1.521,1.455,0.137,0.5,1.021
0.534,0.721,1.534,1.52,1.454,0.137,0.5,1.02
0.534,0.721,1.532,1.518,1.453,0.137,0.5,1.019
0.533,0.721,1.532,1.518,1.453,0.136,0.5,1.019
0.533,0.72,1.532,1.517,1.452,0.136,0.5,1.018
0.533,0.72,1.531,1.517,1.451,0.136,0.5,1.018
0.533,0.719,1.53,1.516,1.451,0.136,0.5,1.017
0.532,0.719,1.53,1.515,1.45,0.136,0.5,1.017
0.532,0.719,1.529,1.514,1.449,0.136,0.5,1.016
0.532,0.718,1.529,1.513,1.449,0.136,0.499,1.015
0.531,0.718,1.528,1.512,1.448,0.136,0.499,1.015
0.531,0.718,1.528,1.512,1.447,0.135,0.499,1.014
0.531,0.717,1.527,1.511,1.447,0.135,0.499,1.014
0.53,0.717,1.527,1.51,1.446,0.136,0.499,1.013
0.53,0.716,1.526,1.509,1.445,0.135,0.499,1.012
0.53,0.716,1.525,1.508,1.444,0.135,0.499,1.012
0.53,0.716,1.525,1.507,1.444,0.135,0.499,1.011
0.529,0.715,1.524,1.507,1.443,0.135,0.498,1.011
0.529,0.715,1.524,1.506,1.442,0.135,0.498,1.01
0.529,0.715,1.523,1.506,1.441,0.135,0.498,1.01
0.528,0.715,1.522,1.505,1.441,0.135,0.498,1.009
0.528,0.714,1.522,1.504,1.44,0.135,0.498,1.008
0.528,0.714,1.521,1.503,1.439,0.134,0.498,1.008
0.528,0.713,1.521,1.502,1.438,0.134,0.498,1.007
0.527,0.713,1.52,1.502,1.438,0.134,0.498,1.006
0.527,0.713,1.52,1.501,1.437,0.134,0.498,1.006
0.527,0.712,1.519,1.5,1.437,0.134,0.497,1.006
0.526,0.711,1.518,1.499,1.436,0.134,0.497,1.005
0.526,0.711,1.518,1.498,1.435,0.134,0.497,1.005
0.526,0.71,1.517,1.498,1.434,0.134,0.497,1.004
0.525,0.71,1.517,1.497,1.434,0.134,0.497,1.0
0.525,0.709,1.516,1.495,1.432,0.134,0.496,1.002
0.526,0.711,1.519,1.498,1.435,0.134,0.497,1.004
0.525,0.71,1.517,1.498,1.434,0.134,0.498,1.004
0.523,0.707,1.512,1.493,1.43,0.133,0.496,1.001
0.522,0.706,1.509,1.489,1.426,0.133,0.495,0.998
0.523,0.706,1.509,1.489,1.425,0.133,0.495,0.997
0.524,0.707,1.512,1.492,1.428,0.133,0.495,0.999
0.524,0.708,1.515,1.495,1.431,0.133,0.497,1.001
0.523,0.707,1.514,1.494,1.43,0.133,0.497,1.001
0.521,0.705,1.509,1.489,1.425,0.133,0.496,0.998
0.52,0.703,1.506,1.485,1.422,0.132,0.494,0.995
0.521,0.703,1.506,1.485,1.421,0.132,0.494,0.994
0.522,0.705,1.509,1.487,1.424,0.133,0.495,0.995
0.522,0.706,1.512,1.49,1.426,0.133,0.496,0.997
0.521,0.705,1.511,1.49,1.426,0.132,0.496,0.998
0.52,0.702,1.506,1.485,1.421,0.132,0.495,0.995
0.519,0.7,1.502,1.481,1.417,0.132,0.493,0.992
0.519,0.7,1.502,1.48,1.417,0.132,0.493,0.99
0.52,0.702,1.505,1.483,1.419,0.132,0.494,0.992
0.521,0.703,1.508,1.486,1.422,0.132,0.495,0.994
0.52,0.702,1.508,1.486,1.422,0.132,0.496,0.995
0.518,0.7,1.503,1.481,1.417,0.132,0.494,0.992
0.517,0.698,1.499,1.477,1.413,0.131,0.493,0.989
0.517,0.698,1.499,1.476,1.413,0.131,0.493,0.987
0.518,0.7,1.502,1.479,1.415,0.131,0.493,0.988
0.519,0.701,1.505,1.482,1.418,0.131,0.495,0.99
0.518,0.7,1.505,1.482,1.418,0.131,0.495,0.991
0.516,0.697,1.5,1.477,1.414,0.131,0.494,0.989
0.515,0.696,1.496,1.473,1.41,0.13,0.492,0.985
0.515,0.696,1.496,1.472,1.409,0.13,0.492,0.984
0.516,0.697,1.498,1.474,1.41,0.131,0.493,0.985
0.517,0.698,1.502,1.477,1.414,0.131,0.494,0.987
0.517,0.698,1.501,1.478,1.414,0.131,0.494,0.988
0.515,0.695,1.497,1.473,1.41,0.13,0.493,0.986
0.513,0.694,1.493,1.469,1.406,0.13,0.491,0.982
0.514,0.694,1.492,1.468,1.405,0.13,0.491,0.981
0.515,0.695,1.495,1.47,1.407,0.13,0.492,0.981
0.516,0.696,1.498,1.473,1.409,0.13,0.493,0.983
0.515,0.696,1.498,1.474,1.41,0.13,0.493,0.984
0.513,0.694,1.493,1.469,1.406,0.13,0.492,0.982
0.512,0.692,1.489,1.465,1.402,0.13,0.491,0.979
0.512,0.692,1.489,1.464,1.4,0.129,0.49,0.977
0.513,0.693,1.492,1.466,1.402,0.13,0.491,0.978
0.514,0.695,1.495,1.469,1.405,0.13,0.492,0.98
0.513,0.694,1.495,1.469,1.406,0.13,0.493,0.981
0.511,0.692,1.491,1.465,1.402,0.13,0.492,0.979
0.51,0.69,1.486,1.461,1.398,0.129,0.49,0.975
0.51,0.69,1.486,1.46,1.397,0.129,0.49,0.974
0.511,0.691,1.488,1.462,1.398,0.129,0.49,0.975
0.512,0.692,1.492,1.465,1.401,0.129,0.491,0.977
0.512,0.692,1.492,1.466,1.402,0.129,0.492,0.978
0.51,0.69,1.488,1.462,1.399,0.129,0.491,0.976
0.508,0.688,1.484,1.458,1.394,0.128,0.489,0.972
0.508,0.688,1.483,1.457,1.393,0.128,0.489,0.971
0.51,0.689,1.485,1.459,1.395,0.128,0.49,0.971
0.51,0.69,1.488,1.462,1.398,0.129,0.491,0.974
0.51,0.69,1.489,1.463,1.399,0.129,0.491,0.975
0.508,0.688,1.485,1.459,1.395,0.129,0.49,0.973
0.507,0.686,1.48,1.455,1.39,0.128,0.489,0.969
0.507,0.686,1.479,1.453,1.389,0.128,0.488,0.968
0.508,0.688,1.484,1.457,1.393,0.128,0.49,0.971
0.508,0.688,1.483,1.457,1.392,0.128,0.49,0.97
0.507,0.687,1.483,1.456,1.392,0.128,0.49,0.97
0.507,0.687,1.482,1.456,1.391,0.128,0.49,0.969
0.507,0.687,1.482,1.455,1.391,0.128,0.489,0.969
0.507,0.686,1.481,1.454,1.39,0.128,0.489,0.968
0.506,0.686,1.481,1.453,1.389,0.128,0.489,0.968
0.506,0.686,1.48,1.452,1.389,0.128,0.489,0.967
0.506,0.685,1.48,1.452,1.388,0.128,0.489,0.967
0.506,0.685,1.479,1.451,1.388,0.127,0.489,0.966
0.505,0.685,1.478,1.45,1.387,0.127,0.489,0.966
0.505,0.684,1.478,1.449,1.387,0.127,0.489,0.965
0.505,0.684,1.478,1.449,1.386,0.127,0.488,0.965
0.505,0.683,1.477,1.448,1.386,0.127,0.488,0.964
0.504,0.683,1.477,1.447,1.385,0.127,0.488,0.964
0.504,0.682,1.476,1.447,1.384,0.127,0.488,0.963
0.504,0.682,1.476,1.446,1.384,0.127,0.488,0.963
0.504,0.682,1.475,1.446,1.383,0.127,0.488,0.963
0.503,0.681,1.475,1.445,1.383,0.127,0.488,0.962
0.503,0.681,1.474,1.444,1.382,0.127,0.488,0.962
0.503,0.681,1.474,1.443,1.382,0.127,0.488,0.962
0.503,0.681,1.473,1.443,1.381,0.127,0.488,0.961
0.502,0.68,1.473,1.442,1.381,0.127,0.487,0.96
0.502,0.68,1.472,1.441,1.38,0.127,0.487,0.96
0.502,0.68,1.472,1.441,1.38,0.126,0.487,0.959
0.501,0.679,1.471,1.44,1.379,0.126,0.487,0.959
0.501,0.679,1.471,1.439,1.378,0.126,0.487,0.958
0.501,0.679,1.47,1.439,1.378,0.126,0.487,0.958
0.501,0.679,1.47,1.438,1.377,0.126,0.487,0.957
0.501,0.678,1.469,1.437,1.376,0.126,0.487,0.957
0.5,0.678,1.469,1.437,1.376,0.126,0.487,0.957
0.5,0.678,1.468,1.436,1.375,0.126,0.487,0.956
0.5,0.677,1.468,1.436,1.375,0.126,0.486,0.956
0.5,0.677,1.467,1.435,1.374,0.126,0.486,0.955
0.499,0.676,1.467,1.434,1.374,0.126,0.486,0.955
0.499,0.676,1.466,1.434,1.373,0.126,0.486,0.954
0.499,0.675,1.466,1.433,1.372,0.126,0.486,0.953
0.499,0.675,1.465,1.432,1.372,0.125,0.486,0.953
0.498,0.675,1.465,1.432,1.371,0.125,0.486,0.953
0.498,0.674,1.464,1.431,1.371,0.125,0.486,0.952
0.498,0.674,1.464,1.431,1.37,0.125,0.485,0.952
0.498,0.674,1.463,1.43,1.369,0.125,0.485,0.951
0.497,0.673,1.463,1.43,1.369,0.125,0.485,0.951
0.497,0.673,1.463,1.429,1.369,0.125,0.485,0.951
0.497,0.673,1.462,1.428,1.368,0.125,0.485,0.95
0.497,0.672,1.462,1.428,1.367,0.125,0.485,0.95
0.496,0.672,1.461,1.427,1.367,0.125,0.485,0.949
0.496,0.672,1.461,1.426,1.366,0.125,0.485,0.949
0.496,0.672,1.46,1.426,1.366,0.125,0.485,0.949
0.496,0.671,1.46,1.425,1.365,0.125,0.485,0.948
0.495,0.671,1.459,1.425,1.365,0.125,0.485,0.948
0.495,0.671,1.459,1.424,1.364,0.125,0.484,0.947
0.495,0.67,1.458,1.423,1.363,0.125,0.484,0.947
0.495,0.67,1.458,1.422,1.363,0.125,0.484,0.946
0.494,0.67,1.457,1.422,1.362,0.125,0.484,0.946
0.494,0.67,1.457,1.421,1.362,0.124,0.484,0.946
0.494,0.669,1.456,1.42,1.361,0.124,0.484,0.945
0.494,0.669,1.455,1.42,1.361,0.124,0.484,0.944
0.493,0.668,1.455,1.419,1.36,0.124,0.484,0.944
0.493,0.668,1.454,1.419,1.36,0.124,0.484,0.944
0.493,0.667,1.454,1.418,1.359,0.124,0.483,0.943
0.493,0.667,1.453,1.418,1.359,0.124,0.483,0.943
0.492,0.666,1.453,1.418,1.358,0.124,0.483,0.942
0.492,0.666,1.452,1.417,1.358,0.124,0.484,0.944
0.491,0.664,1.45,1.414,1.356,0.124,0.482,0.941
0.49,0.663,1.446,1.411,1.352,0.123,0.481,0.938
0.491,0.664,1.448,1.412,1.352,0.123,0.481,0.937
0.492,0.666,1.452,1.415,1.356,0.124,0.483,0.94
0.492,0.667,1.453,1.417,1.358,0.124,0.483,0.941
0.491,0.665,1.451,1.416,1.356,0.124,0.483,0.941
0.489,0.664,1.447,1.411,1.353,0.123,0.482,0.938
0.488,0.662,1.444,1.408,1.349,0.123,0.481,0.935
0.489,0.663,1.445,1.408,1.349,0.123,0.48,0.934
0.49,0.665,1.449,1.412,1.352,0.123,0.482,0.936
0.491,0.665,1.45,1.414,1.354,0.123,0.483,0.939
0.49,0.664,1.448,1.412,1.353,0.123,0.483,0.938
0.488,0.662,1.444,1.408,1.349,0.123,0.481,0.936
0.487,0.661,1.441,1.404,1.346,0.123,0.48,0.933
0.488,0.662,1.442,1.404,1.346,0.123,0.48,0.932
0.489,0.663,1.446,1.408,1.349,0.123,0.481,0.934
0.489,0.664,1.448,1.409,1.351,0.123,0.482,0.936
0.488,0.663,1.446,1.408,1.35,0.123,0.482,0.935
0.487,0.661,1.442,1.404,1.346,0.123,0.481,0.933
0.486,0.659,1.438,1.4,1.342,0.122,0.479,0.93
0.486,0.66,1.439,1.4,1.342,0.122,0.479,0.929
0.487,0.661,1.443,1.404,1.345,0.123,0.48,0.931
0.488,0.662,1.445,1.406,1.348,0.123,0.482,0.933
0.487,0.661,1.443,1.404,1.347,0.123,0.481,0.933
0.485,0.659,1.439,1.4,1.343,0.122,0.48,0.931
0.484,0.657,1.435,1.396,1.339,0.122,0.479,0.928
0.485,0.658,1.436,1.396,1.339,0.122,0.478,0.926
0.486,0.659,1.439,1.4,1.342,0.122,0.48,0.928
0.486,0.66,1.442,1.402,1.345,0.122,0.481,0.93
0.485,0.659,1.44,1.401,1.344,0.122,0.481,0.93
0.484,0.657,1.436,1.397,1.34,0.122,0.48,0.928
0.483,0.656,1.432,1.393,1.337,0.122,0.478,0.925
0.483,0.656,1.433,1.392,1.336,0.121,0.478,0.924
0.484,0.658,1.437,1.396,1.339,0.122,0.479,0.925
0.485,0.658,1.439,1.399,1.342,0.122,0.48,0.928
0.484,0.658,1.437,1.397,1.341,0.122,0.48,0.928
0.482,0.655,1.433,1.393,1.338,0.122,0.479,0.925
0.481,0.654,1.43,1.389,1.334,0.121,0.478,0.922
0.482,0.654,1.43,1.389,1.333,0.121,0.477,0.921
0.483,0.656,1.433,1.392,1.336,0.122,0.478,0.923
0.483,0.656,1.436,1.395,1.338,0.122,0.479,0.925
0.483,0.655,1.435,1.394,1.338,0.122,0.479,0.925
0.481,0.653,1.431,1.39,1.334,0.121,0.478,0.923
0.48,0.651,1.427,1.386,1.33,0.121,0.477,0.92
0.48,0.651,1.427,1.385,1.329,0.121,0.476,0.919
0.481,0.653,1.43,1.388,1.332,0.121,0.478,0.92
0.482,0.654,1.433,1.391,1.335,0.122,0.479,0.923
0.481,0.653,1.432,1.39,1.334,0.121,0.479,0.923
0.48,0.651,1.428,1.386,1.331,0.121,0.478,0.921
0.478,0.649,1.424,1.383,1.327,0.121,0.476,0.918
0.479,0.649,1.424,1.382,1.326,0.121,0.476,0.916
0.48,0.65,1.427,1.385,1.328,0.121,0.477,0.918
0.481,0.651,1.43,1.388,1.331,0.121,0.478,0.92
0.48,0.651,1.429,1.387,1.331,0.121,0.478,0.92
0.478,0.649,1.425,1.383,1.328,0.121,0.477,0.918
0.477,0.647,1.421,1.379,1.324,0.12,0.476,0.915
0.477,0.647,1.421,1.378,1.322,0.12,0.475,0.914
0.479,0.649,1.424,1.381,1.325,0.121,0.476,0.915
0.479,0.65,1.427,1.384,1.328,0.121,0.477,0.917
0.479,0.649,1.426,1.383,1.327,0.121,0.478,0.917
0.478,0.648,1.423,1.38,1.324,0.12,0.477,0.915
0.478,0.648,1.423,1.38,1.324,0.12,0.476,0.915
0.477,0.647,1.422,1.379,1.323,0.12,0.476,0.914
0.477,0.647,1.422,1.379,1.323,0.12,0.476,0.914
0.477,0.647,1.421,1.378,1.322,0.12,0.476,0.913
0.477,0.647,1.421,1.378,1.322,0.12,0.476,0.913
0.476,0.646,1.421,1.377,1.321,0.12,0.476,0.913
0.476,0.646,1.42,1.377,1.321,0.12,0.476,0.912
0.476,0.646,1.42,1.376,1.32,0.12,0.476,0.912
0.476,0.646,1.419,1.375,1.32,0.12,0.476,0.911
0.475,0.645,1.419,1.374,1.319,0.12,0.475,0.911
0.475,0.645,1.418,1.373,1.319,0.12,0.475,0.911
0.475,0.645,1.418,1.373,1.318,0.12,0.475,0.91
0.475,0.644,1.417,1.372,1.318,0.12,0.475,0.91
0.474,0.644,1.417,1.372,1.317,0.12,0.475,0.91
0.474,0.644,1.416,1.371,1.317,0.12,0.475,0.91
0.474,0.643,1.416,1.37,1.316,0.12,0.475,0.909
0.474,0.643,1.415,1.37,1.316,0.119,0.475,0.909
0.474,0.643,1.415,1.369,1.315,0.12,0.475,0.908
0.473,0.642,1.414,1.369,1.315,0.119,0.474,0.908
0.473,0.642,1.414,1.368,1.314,0.119,0.474,0.908
0.473,0.642,1.413,1.368,1.314,0.119,0.474,0.908
0.473,0.641,1.413,1.367,1.313,0.119,0.474,0.907
0.472,0.641,1.412,1.367,1.313,0.119,0.474,0.907
0.472,0.641,1.412,1.366,1.312,0.119,0.474,0.906
0.472,0.641,1.412,1.365,1.312,0.119,0.474,0.906
0.472,0.64,1.411,1.365,1.311,0.119,0.474,0.906
0.472,0.64,1.41,1.364,1.311,0.119,0.474,0.905
0.471,0.64,1.41,1.364,1.31,0.119,0.474,0.905
0.471,0.64,1.41,1.363,1.31,0.119,0.474,0.904
0.471,0.639,1.409,1.363,1.309,0.119,0.473,0.904
0.471,0.639,1.408,1.362,1.309,0.119,0.473,0.904
0.471,0.639,1.408,1.361,1.308,0.119,0.473,0.903
0.47,0.638,1.407,1.36,1.308,0.119,0.473,0.903
0.47,0.638,1.407,1.36,1.307,0.119,0.473,0.902
0.47,0.638,1.406,1.359,1.307,0.119,0.473,0.902
0.47,0.637,1.406,1.358,1.306,0.119,0.473,0.902
0.47,0.637,1.405,1.358,1.306,0.119,0.473,0.901
0.469,0.637,1.405,1.358,1.305,0.119,0.473,0.901
0.469,0.636,1.405,1.357,1.305,0.119,0.472,0.901
0.469,0.636,1.404,1.357,1.305,0.118,0.473,0.9
0.469,0.636,1.404,1.356,1.304,0.119,0.472,0.9
0.469,0.636,1.403,1.356,1.304,0.118,0.472,0.9
0.468,0.635,1.403,1.355,1.303,0.118,0.472,0.899
0.468,0.635,1.402,1.355,1.303,0.118,0.472,0.899
0.468,0.635,1.402,1.354,1.302,0.118,0.472,0.898
0.468,0.635,1.401,1.354,1.302,0.118,0.472,0.898
0.467,0.635,1.401,1.353,1.301,0.118,0.472,0.898
0.467,0.634,1.4,1.353,1.301,0.118,0.472,0.897
0.467,0.634,1.4,1.353,1.3,0.118,0.471,0.897
0.467,0.634,1.399,1.352,1.3,0.118,0.471,0.896
0.466,0.634,1.399,1.352,1.299,0.118,0.471,0.896
0.466,0.633,1.399,1.352,1.299,0.118,0.471,0.896
0.466,0.633,1.398,1.351,1.299,0.118,0.471,0.896
0.466,0.633,1.397,1.35,1.298,0.118,0.471,0.895
0.466,0.633,1.397,1.35,1.298,0.118,0.471,0.895
0.466,0.632,1.397,1.349,1.297,0.118,0.471,0.895
0.465,0.632,1.396,1.349,1.297,0.118,0.471,0.894
0.465,0.632,1.396,1.349,1.296,0.118,0.471,0.894
0.465,0.631,1.395,1.348,1.296,0.118,0.47,0.894
0.465,0.631,1.395,1.348,1.295,0.118,0.47,0.893
0.464,0.631,1.394,1.347,1.295,0.117,0.47,0.893
0.464,0.631,1.394,1.347,1.295,0.118,0.47,0.893
0.464,0.63,1.394,1.345,1.292,0.117,0.469,0.891
0.464,0.631,1.395,1.347,1.295,0.118,0.47,0.893
0.464,0.631,1.394,1.347,1.295,0.118,0.471,0.893
0.464,0.63,1.393,1.346,1.294,0.117,0.47,0.892
0.462,0.629,1.391,1.344,1.292,0.117,0.47,0.891
0.462,0.628,1.388,1.341,1.289,0.117,0.469,0.889
0.462,0.629,1.389,1.342,1.29,0.117,0.468,0.889
0.463,0.63,1.392,1.344,1.292,0.117,0.47,0.891
0.463,0.63,1.392,1.344,1.293,0.117,0.47,0.891
0.462,0.629,1.39,1.343,1.291,0.117,0.47,0.891
0.461,0.628,1.388,1.341,1.289,0.117,0.469,0.889
0.461,0.627,1.386,1.338,1.287,0.117,0.468,0.887
0.461,0.627,1.387,1.338,1.287,0.117,0.468,0.887
0.462,0.629,1.389,1.341,1.29,0.117,0.469,0.889
0.461,0.628,1.389,1.341,1.29,0.117,0.47,0.89
0.461,0.628,1.388,1.34,1.289,0.117,0.469,0.889
0.46,0.626,1.385,1.338,1.287,0.117,0.468,0.888
0.459,0.625,1.383,1.335,1.284,0.116,0.467,0.886
0.46,0.625,1.384,1.336,1.284,0.117,0.467,0.885
0.461,0.627,1.387,1.339,1.287,0.117,0.469,0.887
0.46,0.626,1.387,1.339,1.287,0.117,0.469,0.888
0.46,0.626,1.385,1.338,1.286,0.117,0.468,0.887
0.459,0.625,1.383,1.336,1.284,0.116,0.468,0.886
0.458,0.624,1.381,1.333,1.282,0.116,0.467,0.884
0.459,0.624,1.381,1.333,1.282,0.116,0.467,0.883
0.46,0.626,1.384,1.336,1.284,0.117,0.468,0.885
0.459,0.626,1.385,1.336,1.285,0.116,0.468,0.886
0.459,0.625,1.383,1.335,1.284,0.116,0.468,0.885
0.458,0.624,1.381,1.333,1.282,0.116,0.467,0.884
0.457,0.622,1.378,1.33,1.279,0.116,0.466,0.882
0.458,0.623,1.379,1.33,1.279,0.116,0.466,0.881
0.458,0.624,1.382,1.333,1.282,0.116,0.467,0.883
0.458,0.624,1.382,1.334,1.282,0.116,0.468,0.884
0.458,0.623,1.38,1.332,1.281,0.116,0.467,0.883
0.457,0.622,1.378,1.331,1.279,0.116,0.467,0.882
0.456,0.621,1.376,1.328,1.276,0.116,0.466,0.88
0.456,0.621,1.376,1.328,1.276,0.116,0.465,0.88
0.457,0.622,1.379,1.331,1.279,0.116,0.467,0.881
0.457,0.622,1.379,1.331,1.28,0.116,0.467,0.882
0.456,0.622,1.378,1.329,1.279,0.116,0.467,0.882
0.456,0.62,1.376,1.327,1.277,0.116,0.466,0.881
0.455,0.619,1.373,1.324,1.275,0.115,0.465,0.879
0.455,0.62,1.373,1.324,1.274,0.115,0.465,0.878
0.456,0.621,1.376,1.327,1.277,0.116,0.466,0.879
0.456,0.621,1.377,1.328,1.278,0.116,0.467,0.881
0.455,0.62,1.375,1.326,1.277,0.116,0.466,0.88
0.454,0.619,1.373,1.325,1.275,0.115,0.466,0.879
0.453,0.618,1.37,1.322,1.272,0.115,0.465,0.877
0.454,0.618,1.371,1.322,1.271,0.115,0.464,0.876
0.455,0.62,1.374,1.325,1.274,0.115,0.465,0.878
0.455,0.62,1.374,1.325,1.275,0.115,0.466,0.879
0.454,0.619,1.373,1.323,1.274,0.115,0.466,0.878
0.453,0.618,1.371,1.322,1.272,0.115,0.465,0.877
0.452,0.617,1.368,1.319,1.27,0.115,0.464,0.876
0.453,0.617,1.368,1.318,1.269,0.115,0.464,0.875
0.454,0.618,1.371,1.322,1.272,0.115,0.465,0.876
0.454,0.618,1.372,1.322,1.273,0.115,0.465,0.877
0.453,0.617,1.37,1.32,1.272,0.115,0.465,0.877
0.452,0.617,1.368,1.319,1.27,0.115,0.465,0.876
0.451,0.615,1.365,1.316,1.267,0.115,0.464,0.874
0.451,0.615,1.365,1.315,1.266,0.115,0.464,0.875
0.452,0.616,1.367,1.317,1.269,0.115,0.464,0.875
0.452,0.616,1.367,1.317,1.268,0.115,0.464,0.875
0.452,0.616,1.366,1.316,1.268,0.115,0.464,0.875
0.451,0.615,1.366,1.316,1.268,0.115,0.464,0.874
0.451,0.615,1.366,1.316,1.267,0.115,0.464,0.874
0.451,0.615,1.365,1.315,1.267,0.115,0.464,0.874
0.451,0.614,1.365,1.315,1.266,0.115,0.464,0.874
0.451,0.614,1.365,1.314,1.266,0.115,0.464,0.874
0.45,0.614,1.364,1.313,1.265,0.115,0.463,0.873
0.45,0.614,1.363,1.313,1.265,0.114,0.463,0.873
0.45,0.613,1.363,1.312,1.265,0.115,0.463,0.872
0.45,0.613,1.362,1.312,1.264,0.114,0.463,0.872
0.45,0.613,1.362,1.311,1.264,0.114,0.463,0.872
0.449,0.613,1.362,1.311,1.264,0.114,0.463,0.871
0.449,0.613,1.361,1.31,1.263,0.114,0.463,0.871
0.449,0.613,1.361,1.309,1.263,0.114,0.463,0.871
0.449,0.612,1.361,1.309,1.262,0.114,0.463,0.871
0.449,0.612,1.36,1.309,1.262,0.114,0.462,0.871
0.448,0.612,1.36,1.308,1.262,0.114,0.462,0.87
0.448,0.612,1.359,1.307,1.261,0.114,0.462,0.87
0.448,0.611,1.359,1.307,1.261,0.114,0.462,0.869
0.448,0.611,1.359,1.306,1.261,0.114,0.462,0.869
0.448,0.611,1.358,1.306,1.26,0.114,0.462,0.869
0.447,0.611,1.358,1.305,1.26,0.114,0.462,0.869
0.447,0.61,1.357,1.305,1.259,0.114,0.462,0.868
0.447,0.61,1.357,1.304,1.259,0.114,0.462,0.868
0.447,0.61,1.357,1.304,1.259,0.114,0.462,0.868
0.447,0.61,1.356,1.303,1.258,0.114,0.461,0.868
0.446,0.61,1.356,1.302,1.257,0.114,0.461,0.867
0.446,0.61,1.355,1.302,1.257,0.114,0.461,0.867
0.446,0.609,1.355,1.301,1.257,0.114,0.461,0.867
0.446,0.609,1.355,1.301,1.257,0.114,0.461,0.867
0.446,0.609,1.354,1.301,1.256,0.114,0.461,0.866
0.445,0.608,1.354,1.3,1.256,0.114,0.461,0.866
0.445,0.608,1.353,1.3,1.255,0.114,0.461,0.866
0.445,0.608,1.353,1.3,1.255,0.113,0.461,0.866
0.445,0.608,1.353,1.299,1.255,0.113,0.461,0.866
0.445,0.608,1.353,1.299,1.254,0.113,0.461,0.865
0.445,0.608,1.352,1.299,1.254,0.113,0.46,0.865
0.444,0.608,1.352,1.298,1.253,0.113,0.46,0.864
0.444,0.608,1.351,1.298,1.253,0.113,0.46,0.864
0.444,0.607,1.351,1.297,1.253,0.113,0.46,0.864
0.444,0.607,1.35,1.297,1.252,0.113,0.46,0.863
0.444,0.606,1.35,1.296,1.252,0.113,0.46,0.863
0.443,0.606,1.349,1.296,1.252,0.113,0.46,0.863
0.443,0.606,1.349,1.295,1.251,0.113,0.46,0.862
0.443,0.606,1.349,1.295,1.251,0.113,0.46,0.862
0.443,0.606,1.348,1.294,1.25,0.113,0.46,0.862
0.443,0.605,1.348,1.294,1.25,0.113,0.46,0.861
0.443,0.605,1.348,1.293,1.25,0.113,0.459,0.861
0.442,0.605,1.347,1.292,1.249,0.113,0.459,0.861
0.442,0.605,1.347,1.292,1.249,0.113,0.459,0.861
0.442,0.605,1.346,1.291,1.248,0.113,0.459,0.86
0.442,0.604,1.346,1.291,1.248,0.113,0.459,0.86
0.442,0.604,1.346,1.29,1.248,0.113,0.459,0.86
0.441,0.604,1.345,1.29,1.247,0.113,0.459,0.859
0.441,0.604,1.345,1.289,1.247,0.113,0.459,0.859
0.441,0.604,1.344,1.289,1.246,0.113,0.459,0.859
0.441,0.604,1.344,1.288,1.246,0.113,0.458,0.859
0.441,0.604,1.344,1.288,1.246,0.112,0.458,0.858
0.441,0.603,1.343,1.288,1.245,0.112,0.458,0.858
0.44,0.603,1.343,1.287,1.245,0.113,0.458,0.858
0.44,0.603,1.343,1.287,1.245,0.113,0.458,0.858
0.439,0.603,1.342,1.287,1.245,0.112,0.458,0.858
0.439,0.602,1.339,1.284,1.242,0.112,0.457,0.856
0.438,0.601,1.337,1.281,1.239,0.112,0.456,0.854
0.439,0.602,1.34,1.283,1.241,0.112,0.457,0.854
0.44,0.604,1.343,1.286,1.244,0.112,0.458,0.857
0.439,0.603,1.342,1.286,1.244,0.112,0.458,0.857
0.439,0.602,1.34,1.284,1.242,0.112,0.458,0.856
0.437,0.601,1.337,1.281,1.239,0.112,0.457,0.854
0.437,0.6,1.334,1.278,1.237,0.112,0.456,0.852
0.438,0.601,1.337,1.281,1.238,0.112,0.456,0.853
0.439,0.602,1.34,1.284,1.242,0.112,0.458,0.855
0.438,0.602,1.339,1.284,1.242,0.112,0.458,0.855
0.438,0.601,1.337,1.282,1.24,0.112,0.457,0.854
0.436,0.599,1.334,1.279,1.237,0.112,0.456,0.853
0.436,0.599,1.332,1.276,1.234,0.112,0.455,0.85
0.437,0.6,1.334,1.278,1.236,0.112,0.455,0.851
0.438,0.602,1.338,1.282,1.239,0.112,0.457,0.853
0.437,0.601,1.337,1.282,1.239,0.112,0.457,0.854
0.436,0.6,1.335,1.28,1.238,0.112,0.457,0.853
0.435,0.599,1.332,1.277,1.235,0.112,0.455,0.851
0.435,0.598,1.33,1.275,1.232,0.111,0.454,0.849
0.436,0.599,1.332,1.276,1.233,0.111,0.455,0.849
0.437,0.601,1.335,1.279,1.237,0.112,0.456,0.852
0.436,0.601,1.335,1.28,1.237,0.112,0.456,0.852
0.436,0.6,1.333,1.278,1.235,0.112,0.456,0.851
0.434,0.598,1.33,1.274,1.233,0.111,0.455,0.849
0.434,0.597,1.327,1.271,1.23,0.111,0.454,0.847
0.435,0.598,1.329,1.273,1.231,0.111,0.454,0.847
0.436,0.6,1.333,1.277,1.234,0.112,0.456,0.85
0.435,0.6,1.332,1.277,1.235,0.112,0.456,0.851
0.435,0.599,1.331,1.275,1.234,0.111,0.456,0.85
0.433,0.597,1.327,1.272,1.231,0.111,0.455,0.848
0.433,0.596,1.324,1.269,1.227,0.111,0.453,0.846
0.434,0.597,1.326,1.271,1.229,0.111,0.453,0.846
0.435,0.599,1.33,1.274,1.232,0.111,0.455,0.848
0.434,0.598,1.33,1.274,1.233,0.111,0.456,0.849
0.434,0.598,1.329,1.273,1.231,0.111,0.455,0.848
0.432,0.596,1.325,1.269,1.229,0.111,0.454,0.847
0.432,0.595,1.322,1.266,1.226,0.111,0.453,0.844
0.433,0.596,1.324,1.268,1.226,0.111,0.453,0.844
0.434,0.597,1.328,1.271,1.23,0.111,0.454,0.847
0.433,0.597,1.328,1.272,1.231,0.111,0.455,0.848
0.433,0.596,1.326,1.271,1.229,0.111,0.454,0.847
0.431,0.594,1.323,1.267,1.227,0.111,0.454,0.845
0.431,0.594,1.32,1.264,1.223,0.111,0.452,0.843
0.431,0.595,1.322,1.266,1.224,0.111,0.452,0.843
0.432,0.596,1.326,1.269,1.227,0.111,0.454,0.845
0.432,0.596,1.326,1.27,1.229,0.111,0.454,0.846
0.432,0.595,1.324,1.268,1.227,0.111,0.454,0.845
0.43,0.594,1.321,1.265,1.225,0.111,0.453,0.844
0.43,0.592,1.318,1.262,1.222,0.11,0.452,0.841
0.43,0.593,1.319,1.263,1.222,0.111,0.452,0.841
0.431,0.594,1.323,1.266,1.225,0.111,0.453,0.843
0.431,0.594,1.323,1.267,1.226,0.111,0.454,0.844
0.431,0.593,1.322,1.266,1.225,0.111,0.453,0.844
0.429,0.592,1.319,1.263,1.222,0.11,0.452,0.842
0.428,0.59,1.315,1.26,1.219,0.11,0.451,0.84
0.429,0.591,1.316,1.261,1.22,0.11,0.451,0.839
0.43,0.592,1.32,1.264,1.223,0.111,0.452,0.841
0.43,0.592,1.321,1.265,1.224,0.111,0.453,0.843
0.43,0.591,1.319,1.264,1.222,0.11,0.452,0.841
0.429,0.591,1.318,1.262,1.221,0.11,0.452,0.841
0.429,0.59,1.317,1.261,1.221,0.11,0.452,0.841
0.429,0.59,1.317,1.261,1.221,0.11,0.452,0.84
0.429,0.59,1.317,1.261,1.22,0.11,0.452,0.84
0.428,0.59,1.316,1.26,1.22,0.11,0.452,0.84
0.428,0.59,1.316,1.26,1.22,0.11,0.452,0.84
0.428,0.589,1.316,1.259,1.219,0.11,0.451,0.839
0.428,0.589,1.315,1.259,1.219,0.11,0.451,0.839
0.428,0.589,1.315,1.259,1.218,0.11,0.451,0.839
0.427,0.589,1.314,1.258,1.218,0.11,0.451,0.839
0.427,0.589,1.314,1.258,1.218,0.11,0.451,0.838
0.427,0.589,1.314,1.258,1.217,0.11,0.451,0.838
0.427,0.588,1.313,1.257,1.217,0.11,0.451,0.838
0.427,0.588,1.313,1.257,1.217,0.11,0.451,0.838
0.427,0.588,1.313,1.256,1.216,0.11,0.451,0.837
0.427,0.588,1.312,1.256,1.216,0.11,0.451,0.837
0.427,0.588,1.312,1.256,1.216,0.11,0.451,0.837
0.426,0.588,1.312,1.255,1.215,0.11,0.45,0.837
0.426,0.587,1.311,1.255,1.215,0.11,0.45,0.837
0.426,0.587,1.311,1.255,1.215,0.11,0.45,0.836
0.426,0.587,1.31,1.254,1.214,0.11,0.45,0.836
0.426,0.587,1.31,1.254,1.214,0.11,0.45,0.836
0.425,0.587,1.31,1.254,1.214,0.11,0.45,0.836
0.425,0.587,1.309,1.253,1.213,0.11,0.45,0.835
0.425,0.586,1.309,1.252,1.213,0.11,0.45,0.835
0.425,0.586,1.308,1.252,1.213,0.11,0.45,0.835
0.425,0.586,1.308,1.252,1.212,0.11,0.45,0.834
0.425,0.586,1.308,1.251,1.212,0.11,0.45,0.834
0.425,0.585,1.307,1.251,1.211,0.11,0.449,0.834
0.424,0.585,1.307,1.251,1.211,0.11,0.45,0.834
0.424,0.585,1.307,1.25,1.211,0.11,0.449,0.833
0.424,0.585,1.306,1.25,1.21,0.11,0.449,0.833
0.424,0.585,1.306,1.25,1.21,0.11,0.449,0.833
0.424,0.585,1.306,1.249,1.21,0.109,0.449,0.832
0.423,0.584,1.305,1.249,1.209,0.11,0.449,0.832
0.423,0.584,1.305,1.249,1.209,0.109,0.449,0.832
0.423,0.584,1.304,1.248,1.209,0.109,0.449,0.832
0.423,0.584,1.304,1.248,1.208,0.109,0.449,0.831
0.423,0.584,1.304,1.248,1.208,0.109,0.448,0.831
0.423,0.584,1.303,1.248,1.208,0.109,0.448,0.831
0.422,0.584,1.303,1.247,1.208,0.109,0.448,0.831
0.422,0.584,1.303,1.247,1.207,0.109,0.448,0.83
0.422,0.584,1.302,1.247,1.207,0.109,0.448,0.83
0.422,0.584,1.302,1.246,1.207,0.109,0.448,0.83
0.422,0.584,1.302,1.246,1.206,0.109,0.448,0.829
0.422,0.584,1.301,1.246,1.206,0.109,0.448,0.829
0.421,0.583,1.301,1.245,1.205,0.109,0.448,0.829
0.421,0.583,1.301,1.245,1.205,0.109,0.448,0.829
0.421,0.583,1.3,1.244,1.205,0.109,0.448,0.829
0.421,0.583,1.3,1.244,1.204,0.109,0.448,0.829
0.421,0.583,1.299,1.244,1.204,0.109,0.447,0.828
0.421,0.582,1.299,1.243,1.204,0.109,0.447,0.828
0.421,0.582,1.299,1.243,1.204,0.109,0.447,0.828
0.42,0.582,1.298,1.243,1.203,0.109,0.447,0.828
0.42,0.581,1.298,1.242,1.203,0.109,0.447,0.827
0.42,0.581,1.298,1.242,1.202,0.109,0.447,0.827
0.42,0.581,1.297,1.242,1.202,0.109,0.447,0.827
0.42,0.581,1.297,1.241,1.202,0.109,0.447,0.827
0.42,0.581,1.297,1.241,1.202,0.109,0.447,0.826
0.419,0.581,1.296,1.241,1.201,0.109,0.447,0.826
0.419,0.581,1.296,1.24,1.201,0.109,0.447,0.826
0.419,0.58,1.296,1.24,1.201,0.109,0.446,0.826
0.419,0.58,1.295,1.24,1.2,0.109,0.446,0.823
0.419,0.58,1.295,1.239,1.199,0.109,0.446,0.824
0.419,0.581,1.297,1.241,1.202,0.109,0.447,0.826
0.419,0.58,1.296,1.24,1.201,0.109,0.447,0.826
0.418,0.58,1.294,1.239,1.199,0.109,0.446,0.825
0.417,0.578,1.291,1.236,1.197,0.108,0.445,0.823
0.417,0.578,1.29,1.234,1.195,0.108,0.445,0.821
0.418,0.58,1.293,1.237,1.197,0.109,0.445,0.822
0.418,0.58,1.294,1.238,1.199,0.109,0.446,0.824
0.418,0.579,1.293,1.237,1.198,0.108,0.446,0.824
0.417,0.579,1.292,1.236,1.197,0.109,0.446,0.823
0.416,0.577,1.289,1.233,1.195,0.108,0.445,0.822
0.416,0.577,1.288,1.232,1.193,0.108,0.444,0.82
0.417,0.578,1.291,1.234,1.195,0.108,0.445,0.821
0.417,0.579,1.292,1.236,1.197,0.109,0.446,0.823
0.417,0.578,1.291,1.235,1.197,0.109,0.446,0.823
0.416,0.577,1.29,1.233,1.196,0.108,0.445,0.822
0.415,0.576,1.287,1.231,1.193,0.108,0.444,0.821
0.415,0.576,1.286,1.229,1.191,0.108,0.444,0.819
0.416,0.577,1.288,1.231,1.193,0.108,0.444,0.82
0.416,0.578,1.29,1.233,1.195,0.108,0.445,0.822
0.416,0.577,1.289,1.233,1.195,0.108,0.445,0.821
0.416,0.576,1.288,1.232,1.193,0.108,0.445,0.821
0.414,0.575,1.285,1.229,1.191,0.108,0.444,0.819
0.414,0.574,1.283,1.227,1.189,0.108,0.443,0.818
0.415,0.575,1.286,1.229,1.191,0.108,0.444,0.818
0.416,0.576,1.288,1.232,1.193,0.108,0.445,0.82
0.415,0.575,1.287,1.231,1.193,0.108,0.445,0.82
0.415,0.575,1.285,1.23,1.191,0.108,0.444,0.819
0.414,0.573,1.283,1.228,1.189,0.108,0.443,0.818
0.413,0.573,1.281,1.226,1.187,0.108,0.443,0.816
0.414,0.574,1.283,1.228,1.188,0.108,0.443,0.817
0.415,0.575,1.285,1.23,1.191,0.108,0.444,0.818
0.414,0.574,1.285,1.23,1.19,0.108,0.444,0.819
0.414,0.573,1.283,1.229,1.189,0.108,0.444,0.818
0.413,0.572,1.281,1.227,1.187,0.108,0.443,0.816
0.412,0.572,1.279,1.224,1.185,0.107,0.442,0.815
0.413,0.573,1.281,1.226,1.186,0.108,0.442,0.815
0.414,0.573,1.283,1.229,1.189,0.108,0.443,0.817
0.413,0.573,1.283,1.228,1.189,0.108,0.444,0.817
0.413,0.573,1.281,1.227,1.187,0.108,0.443,0.816
0.412,0.571,1.279,1.225,1.185,0.108,0.442,0.815
0.411,0.571,1.277,1.223,1.183,0.107,0.441,0.813
0.412,0.572,1.279,1.224,1.184,0.108,0.442,0.813
0.413,0.573,1.281,1.227,1.187,0.108,0.443,0.816
0.412,0.572,1.281,1.226,1.187,0.108,0.443,0.816
0.412,0.572,1.28,1.225,1.186,0.108,0.443,0.815
0.411,0.571,1.277,1.223,1.184,0.108,0.442,0.814
0.411,0.57,1.275,1.221,1.181,0.107,0.441,0.812
0.412,0.571,1.277,1.222,1.182,0.107,0.441,0.812
0.412,0.572,1.279,1.225,1.185,0.108,0.442,0.814
0.412,0.572,1.279,1.224,1.185,0.108,0.443,0.814
0.411,0.571,1.277,1.223,1.184,0.107,0.442,0.814
0.41,0.57,1.275,1.221,1.182,0.107,0.441,0.812
0.41,0.569,1.273,1.219,1.18,0.107,0.441,0.81
0.411,0.571,1.274,1.22,1.18,0.107,0.441,0.81
0.411,0.571,1.277,1.222,1.183,0.107,0.442,0.812
0.411,0.571,1.276,1.222,1.183,0.107,0.442,0.813
0.41,0.57,1.275,1.221,1.182,0.107,0.442,0.812
0.409,0.569,1.273,1.219,1.18,0.107,0.441,0.811
0.408,0.568,1.27,1.216,1.178,0.107,0.44,0.809
0.41,0.57,1.273,1.219,1.18,0.107,0.441,0.81
0.409,0.57,1.273,1.219,1.18,0.107,0.441,0.81
0.409,0.57,1.273,1.219,1.18,0.107,0.441,0.81
0.409,0.569,1.272,1.218,1.179,0.107,0.441,0.81
0.409,0.569,1.272,1.218,1.179,0.107,0.441,0.809
0.409,0.569,1.271,1.218,1.178,0.107,0.44,0.809
0.409,0.569,1.271,1.218,1.178,0.107,0.44,0.809
0.408,0.568,1.271,1.217,1.178,0.107,0.44,0.809
0.409,0.568,1.271,1.217,1.178,0.107,0.44,0.809
0.408,0.568,1.27,1.216,1.177,0.107,0.44,0.809
0.408,0.568,1.27,1.216,1.177,0.107,0.44,0.808
0.408,0.568,1.269,1.215,1.177,0.107,0.44,0.808
0.408,0.568,1.269,1.215,1.176,0.107,0.44,0.808
0.408,0.567,1.269,1.215,1.176,0.107,0.44,0.808
0.407,0.567,1.269,1.215,1.176,0.107,0.44,0.807
0.407,0.567,1.268,1.214,1.175,0.107,0.44,0.807
0.407,0.567,1.268,1.214,1.175,0.107,0.439,0.807
0.407,0.567,1.268,1.214,1.175,0.107,0.44,0.807
0.407,0.567,1.267,1.214,1.174,0.107,0.44,0.806
0.407,0.566,1.267,1.214,1.174,0.107,0.439,0.806
0.407,0.566,1.267,1.213,1.174,0.107,0.439,0.806
0.407,0.566,1.266,1.213,1.173,0.107,0.439,0.806
0.406,0.566,1.266,1.212,1.173,0.107,0.439,0.806
0.406,0.566,1.266,1.212,1.173,0.107,0.439,0.805
0.406,0.566,1.265,1.211,1.173,0.107,0.439,0.805
0.406,0.566,1.265,1.211,1.172,0.107,0.439,0.805
0.406,0.566,1.264,1.211,1.172,0.107,0.439,0.805
0.406,0.565,1.264,1.21,1.172,0.107,0.439,0.804
0.405,0.565,1.264,1.21,1.171,0.107,0.439,0.804
0.405,0.565,1.263,1.209,1.171,0.106,0.438,0.804
0.405,0.565,1.263,1.209,1.171,0.106,0.438,0.804
0.405,0.564,1.262,1.209,1.171,0.107,0.438,0.804
0.405,0.564,1.262,1.208,1.17,0.107,0.438,0.803
0.405,0.564,1.262,1.208,1.17,0.107,0.438,0.803
0.405,0.564,1.261,1.207,1.169,0.107,0.438,0.803
0.404,0.564,1.261,1.207,1.169,0.106,0.438,0.803
0.404,0.564,1.261,1.206,1.169,0.106,0.438,0.803
0.404,0.564,1.26,1.206,1.169,0.106,0.438,0.802
0.404,0.564,1.26,1.206,1.168,0.106,0.437,0.802
0.404,0.564,1.259,1.205,1.168,0.106,0.438,0.802
0.404,0.563,1.259,1.205,1.168,0.106,0.437,0.802
0.404,0.563,1.259,1.205,1.167,0.106,0.437,0.801
0.403,0.563,1.258,1.204,1.167,0.106,0.437,0.801
0.403,0.563,1.258,1.204,1.167,0.106,0.437,0.801
0.403,0.563,1.258,1.203,1.167,0.106,0.437,0.801
0.403,0.562,1.258,1.203,1.166,0.106,0.437,0.801
0.403,0.562,1.257,1.203,1.166,0.106,0.437,0.8
0.403,0.562,1.257,1.203,1.165,0.106,0.437,0.8
0.403,0.562,1.256,1.202,1.165,0.106,0.437,0.8
0.403,0.562,1.256,1.202,1.165,0.106,0.437,0.8
0.402,0.562,1.256,1.202,1.164,0.106,0.437,0.799
0.402,0.562,1.256,1.201,1.164,0.106,0.436,0.799
0.402,0.561,1.255,1.201,1.164,0.106,0.436,0.799
0.402,0.561,1.255,1.201,1.163,0.106,0.436,0.799
0.402,0.561,1.254,1.201,1.163,0.106,0.436,0.799
0.402,0.561,1.254,1.201,1.163,0.106,0.436,0.798
0.402,0.561,1.254,1.201,1.162,0.106,0.436,0.798
0.401,0.56,1.253,1.2,1.162,0.106,0.436,0.798
0.401,0.56,1.253,1.2,1.161,0.106,0.436,0.797
0.401,0.56,1.253,1.2,1.161,0.106,0.436,0.797
0.401,0.56,1.252,1.199,1.161,0.106,0.436,0.797
0.401,0.56,1.252,1.199,1.161,0.106,0.435,0.797
0.401,0.559,1.252,1.199,1.16,0.106,0.435,0.797
0.401,0.559,1.251,1.199,1.159,0.106,0.436,0.797
0.4,0.559,1.251,1.199,1.16,0.106,0.435,0.796
0.4,0.558,1.249,1.197,1.158,0.106,0.435,0.795
0.4,0.558,1.249,1.196,1.158,0.106,0.434,0.795
0.4,0.559,1.25,1.198,1.159,0.106,0.435,0.795
0.4,0.559,1.251,1.198,1.159,0.106,0.435,0.796
0.4,0.559,1.25,1.198,1.159,0.106,0.435,0.795
0.4,0.558,1.249,1.197,1.158,0.106,0.435,0.795
0.399,0.557,1.247,1.195,1.157,0.106,0.434,0.794
0.399,0.557,1.247,1.194,1.156,0.105,0.434,0.793
0.399,0.558,1.248,1.195,1.157,0.106,0.434,0.794
0.399,0.558,1.248,1.196,1.158,0.106,0.435,0.794
0.399,0.558,1.247,1.195,1.157,0.106,0.435,0.794
0.399,0.557,1.247,1.194,1.156,0.106,0.434,0.793
0.398,0.556,1.245,1.192,1.155,0.105,0.434,0.793
0.398,0.556,1.245,1.192,1.154,0.105,0.433,0.792
0.399,0.557,1.246,1.193,1.155,0.106,0.434,0.792
0.398,0.557,1.247,1.194,1.156,0.105,0.434,0.793
0.398,0.556,1.246,1.193,1.155,0.106,0.434,0.793
0.398,0.556,1.245,1.193,1.154,0.106,0.434,0.792
0.397,0.555,1.243,1.191,1.153,0.105,0.433,0.791
0.397,0.555,1.243,1.191,1.152,0.105,0.433,0.79
0.398,0.556,1.244,1.192,1.153,0.105,0.433,0.791
0.398,0.556,1.245,1.193,1.154,0.105,0.434,0.792
0.397,0.556,1.244,1.192,1.153,0.105,0.434,0.791
0.397,0.556,1.243,1.191,1.153,0.105,0.433,0.791
0.397,0.555,1.242,1.19,1.151,0.105,0.433,0.79
0.396,0.554,1.241,1.189,1.15,0.105,0.433,0.789
0.397,0.555,1.242,1.19,1.151,0.105,0.433,0.79
0.397,0.555,1.243,1.191,1.152,0.105,0.433,0.79
0.397,0.555,1.242,1.19,1.152,0.105,0.433,0.79
0.396,0.555,1.241,1.19,1.151,0.105,0.433,0.79
0.396,0.554,1.24,1.188,1.15,0.105,0.432,0.789
0.396,0.554,1.239,1.187,1.149,0.105,0.432,0.788
0.396,0.554,1.24,1.189,1.15,0.105,0.432,0.788
0.396,0.554,1.241,1.189,1.15,0.105,0.433,0.789
0.396,0.554,1.24,1.189,1.15,0.105,0.433,0.789
0.395,0.554,1.239,1.188,1.149,0.105,0.432,0.788
0.395,0.553,1.238,1.187,1.148,0.105,0.432,0.787
0.395,0.553,1.237,1.186,1.147,0.105,0.431,0.786
0.395,0.553,1.238,1.187,1.148,0.105,0.432,0.787
0.395,0.553,1.239,1.188,1.149,0.105,0.432,0.788
0.395,0.553,1.238,1.187,1.148,0.105,0.432,0.787
0.395,0.553,1.238,1.187,1.147,0.105,0.432,0.787
0.394,0.552,1.236,1.186,1.146,0.105,0.431,0.786
0.394,0.552,1.235,1.184,1.145,0.105,0.431,0.785
0.394,0.552,1.237,1.185,1.146,0.105,0.431,0.786
0.395,0.553,1.237,1.186,1.147,0.105,0.432,0.786
0.394,0.552,1.237,1.186,1.147,0.105,0.432,0.786
0.394,0.552,1.236,1.185,1.146,0.105,0.431,0.786
0.393,0.551,1.235,1.184,1.145,0.105,0.431,0.785
0.393,0.551,1.234,1.183,1.143,0.105,0.43,0.784
0.394,0.552,1.235,1.183,1.144,0.105,0.431,0.784
0.394,0.552,1.235,1.185,1.145,0.105,0.431,0.785
0.393,0.552,1.235,1.184,1.144,0.105,0.431,0.785
0.393,0.552,1.234,1.183,1.144,0.105,0.431,0.784
0.393,0.551,1.233,1.182,1.143,0.105,0.43,0.784
0.392,0.551,1.232,1.181,1.141,0.104,0.43,0.783
0.393,0.551,1.232,1.182,1.142,0.105,0.43,0.783
0.393,0.552,1.233,1.183,1.143,0.105,0.431,0.784
0.393,0.552,1.233,1.183,1.143,0.105,0.431,0.783
0.392,0.551,1.232,1.182,1.142,0.105,0.43,0.783
0.392,0.551,1.232,1.182,1.141,0.104,0.43,0.782
0.392,0.551,1.231,1.182,1.141,0.104,0.43,0.782
0.392,0.551,1.231,1.181,1.141,0.104,0.43,0.782
0.392,0.551,1.231,1.181,1.141,0.104,0.43,0.782
0.392,0.551,1.231,1.181,1.14,0.104,0.43,0.782
0.392,0.551,1.23,1.18,1.14,0.104,0.43,0.781
0.391,0.551,1.23,1.18,1.14,0.104,0.429,0.781
0.391,0.551,1.23,1.18,1.14,0.105,0.43,0.781
0.391,0.551,1.229,1.18,1.139,0.104,0.429,0.781
0.391,0.551,1.229,1.179,1.139,0.104,0.429,0.781
0.391,0.551,1.229,1.179,1.139,0.104,0.429,0.78
0.391,0.551,1.229,1.179,1.138,0.104,0.429,0.78
0.391,0.551,1.228,1.178,1.138,0.104,0.429,0.78
0.391,0.551,1.228,1.178,1.138,0.104,0.429,0.78
0.39,0.551,1.228,1.177,1.138,0.104,0.429,0.779
0.39,0.551,1.228,1.177,1.137,0.104,0.429,0.779
0.39,0.551,1.227,1.177,1.137,0.104,0.429,0.779
0.39,0.55,1.227,1.176,1.137,0.104,0.429,0.779
0.39,0.55,1.226,1.176,1.136,0.104,0.429,0.779
0.39,0.55,1.226,1.175,1.136,0.104,0.429,0.778
0.39,0.55,1.226,1.175,1.136,0.104,0.428,0.778
0.39,0.55,1.226,1.175,1.136,0.104,0.428,0.778
0.389,0.55,1.225,1.175,1.135,0.104,0.428,0.778
0.389,0.55,1.225,1.175,1.135,0.104,0.428,0.777
0.389,0.55,1.224,1.174,1.135,0.104,0.428,0.777
0.389,0.55,1.224,1.174,1.134,0.104,0.428,0.777
0.389,0.55,1.224,1.174,1.134,0.104,0.428,0.777
0.389,0.549,1.224,1.173,1.134,0.104,0.428,0.777
0.389,0.549,1.223,1.173,1.134,0.104,0.428,0.776
0.388,0.549,1.223,1.173,1.133,0.104,0.428,0.776
0.388,0.549,1.223,1.172,1.133,0.104,0.428,0.776
0.388,0.549,1.222,1.172,1.133,0.104,0.428,0.776
0.388,0.548,1.222,1.172,1.133,0.104,0.427,0.775
0.388,0.548,1.222,1.172,1.132,0.104,0.427,0.775
0.388,0.548,1.222,1.171,1.132,0.104,0.427,0.775
0.388,0.548,1.221,1.171,1.132,0.104,0.427,0.775
0.388,0.548,1.221,1.171,1.131,0.104,0.427,0.775
0.388,0.548,1.22,1.17,1.131,0.104,0.427,0.774
0.387,0.547,1.22,1.17,1.131,0.104,0.427,0.774
0.387,0.547,1.22,1.169,1.131,0.104,0.427,0.774
0.387,0.547,1.22,1.169,1.13,0.104,0.427,0.774
0.387,0.547,1.219,1.169,1.13,0.104,0.427,0.774
0.387,0.546,1.219,1.169,1.13,0.104,0.427,0.774
0.387,0.546,1.219,1.168,1.129,0.104,0.427,0.773
0.387,0.546,1.218,1.168,1.129,0.104,0.426,0.773
0.387,0.546,1.218,1.168,1.129,0.104,0.426,0.773
0.387,0.546,1.218,1.167,1.129,0.104,0.426,0.773
0.386,0.545,1.217,1.167,1.128,0.104,0.426,0.773
0.386,0.545,1.217,1.167,1.128,0.104,0.426,0.773
0.386,0.545,1.217,1.167,1.128,0.104,0.426,0.772
0.386,0.545,1.216,1.166,1.127,0.104,0.426,0.772
0.386,0.544,1.216,1.166,1.127,0.104,0.426,0.772
0.386,0.544,1.216,1.166,1.127,0.104,0.426,0.772
0.385,0.544,1.215,1.165,1.127,0.103,0.426,0.772
0.386,0.544,1.215,1.165,1.126,0.103,0.426,0.771
0.385,0.544,1.215,1.165,1.126,0.103,0.426,0.771
0.385,0.544,1.215,1.165,1.126,0.104,0.425,0.771
0.385,0.543,1.214,1.164,1.125,0.103,0.425,0.771
0.385,0.543,1.214,1.164,1.125,0.103,0.425,0.771
0.385,0.543,1.214,1.164,1.125,0.104,0.425,0.771
0.385,0.543,1.214,1.164,1.125,0.103,0.425,0.77
0.384,0.543,1.213,1.163,1.124,0.103,0.425,0.77
0.385,0.543,1.213,1.161,1.122,0.103,0.424,0.768
0.385,0.543,1.213,1.163,1.124,0.103,0.425,0.77
0.385,0.543,1.214,1.164,1.125,0.103,0.426,0.771
0.384,0.542,1.213,1.163,1.124,0.103,0.425,0.77
0.384,0.542,1.211,1.161,1.123,0.103,0.425,0.769
0.383,0.541,1.208,1.159,1.12,0.103,0.424,0.768
0.383,0.541,1.209,1.159,1.12,0.103,0.424,0.767
0.384,0.542,1.212,1.161,1.123,0.103,0.424,0.768
0.384,0.542,1.212,1.162,1.123,0.103,0.425,0.77
0.384,0.541,1.211,1.16,1.122,0.103,0.425,0.769
0.383,0.541,1.209,1.159,1.121,0.103,0.424,0.768
0.382,0.54,1.207,1.157,1.119,0.103,0.423,0.767
0.382,0.54,1.207,1.156,1.118,0.103,0.423,0.766
0.383,0.541,1.21,1.159,1.121,0.103,0.424,0.767
0.383,0.542,1.21,1.16,1.122,0.103,0.425,0.768
0.383,0.541,1.209,1.158,1.121,0.103,0.424,0.768
0.382,0.54,1.207,1.157,1.12,0.103,0.424,0.767
0.381,0.539,1.205,1.154,1.117,0.103,0.423,0.765
0.382,0.539,1.205,1.154,1.117,0.103,0.422,0.764
0.383,0.541,1.208,1.157,1.119,0.103,0.423,0.766
0.383,0.541,1.208,1.158,1.12,0.103,0.424,0.767
0.382,0.54,1.207,1.156,1.119,0.103,0.424,0.766
0.382,0.54,1.205,1.155,1.118,0.103,0.423,0.766
0.381,0.538,1.203,1.153,1.116,0.103,0.422,0.764
0.381,0.539,1.203,1.152,1.115,0.103,0.422,0.763
0.382,0.54,1.206,1.155,1.117,0.103,0.423,0.764
0.382,0.54,1.206,1.156,1.119,0.103,0.424,0.766
0.381,0.54,1.205,1.155,1.118,0.103,0.423,0.765
0.381,0.539,1.204,1.154,1.117,0.103,0.423,0.765
0.38,0.538,1.201,1.151,1.114,0.103,0.422,0.763
0.38,0.538,1.201,1.15,1.114,0.103,0.421,0.762
0.381,0.539,1.204,1.153,1.116,0.103,0.422,0.763
0.381,0.54,1.205,1.154,1.118,0.103,0.423,0.765
0.381,0.539,1.204,1.153,1.117,0.103,0.423,0.764
0.38,0.538,1.202,1.152,1.116,0.103,0.422,0.764
0.379,0.537,1.2,1.149,1.113,0.103,0.422,0.762
0.38,0.537,1.199,1.148,1.112,0.102,0.421,0.761
0.381,0.538,1.202,1.151,1.115,0.103,0.422,0.763
0.381,0.539,1.203,1.152,1.116,0.103,0.423,0.764
0.38,0.538,1.202,1.151,1.115,0.103,0.422,0.764
0.38,0.537,1.201,1.149,1.114,0.103,0.422,0.763
0.379,0.536,1.198,1.147,1.112,0.103,0.421,0.761
0.379,0.536,1.197,1.146,1.111,0.102,0.421,0.76
0.38,0.537,1.2,1.148,1.113,0.103,0.421,0.761
0.38,0.538,1.201,1.15,1.115,0.103,0.422,0.763
0.379,0.537,1.2,1.149,1.114,0.103,0.422,0.763
0.379,0.536,1.199,1.148,1.113,0.103,0.421,0.762
0.378,0.535,1.196,1.146,1.111,0.102,0.421,0.761
0.378,0.535,1.196,1.145,1.11,0.102,0.42,0.759
0.379,0.536,1.198,1.148,1.112,0.103,0.421,0.76
0.379,0.537,1.199,1.149,1.113,0.103,0.422,0.762
0.379,0.536,1.198,1.148,1.112,0.103,0.422,0.762
0.378,0.535,1.197,1.147,1.111,0.103,0.421,0.761
0.377,0.534,1.194,1.145,1.109,0.102,0.42,0.76
0.377,0.534,1.193,1.144,1.108,0.102,0.419,0.758
0.378,0.535,1.196,1.146,1.11,0.102,0.42,0.759
0.379,0.536,1.198,1.148,1.112,0.103,0.421,0.761
0.378,0.535,1.197,1.147,1.111,0.103,0.421,0.761
0.378,0.534,1.195,1.146,1.11,0.103,0.421,0.76
0.377,0.534,1.193,1.143,1.108,0.102,0.42,0.759
0.377,0.533,1.192,1.142,1.107,0.102,0.42,0.759
0.377,0.534,1.194,1.145,1.109,0.103,0.42,0.759
0.377,0.534,1.194,1.144,1.109,0.102,0.42,0.759
0.377,0.534,1.194,1.144,1.109,0.102,0.42,0.759
0.377,0.534,1.194,1.143,1.109,0.102,0.42,0.759
0.377,0.534,1.194,1.143,1.109,0.102,0.42,0.759
0.377,0.534,1.193,1.143,1.108,0.102,0.42,0.758
0.377,0.534,1.193,1.142,1.108,0.102,0.42,0.758
0.377,0.534,1.192,1.142,1.108,0.102,0.42,0.758
0.377,0.534,1.192,1.142,1.108,0.102,0.42,0.758
0.376,0.534,1.192,1.141,1.107,0.102,0.42,0.757
0.376,0.534,1.191,1.141,1.107,0.102,0.42,0.757
0.376,0.533,1.191,1.141,1.107,0.102,0.419,0.757
0.376,0.533,1.191,1.141,1.106,0.102,0.419,0.757
0.376,0.533,1.19,1.14,1.106,0.102,0.419,0.756
0.376,0.533,1.19,1.14,1.106,0.102,0.419,0.756
0.376,0.533,1.19,1.14,1.105,0.102,0.419,0.756
0.376,0.533,1.19,1.14,1.105,0.102,0.419,0.756
0.375,0.533,1.189,1.139,1.105,0.102,0.419,0.756
0.375,0.533,1.189,1.139,1.105,0.102,0.419,0.756
0.375,0.533,1.189,1.139,1.105,0.102,0.419,0.756
0.375,0.533,1.189,1.139,1.104,0.102,0.419,0.755
0.375,0.533,1.188,1.139,1.104,0.102,0.419,0.755
0.375,0.533,1.188,1.139,1.104,0.102,0.419,0.755
0.375,0.532,1.188,1.138,1.103,0.102,0.419,0.755
0.375,0.532,1.187,1.138,1.103,0.102,0.418,0.755
0.375,0.532,1.187,1.138,1.103,0.102,0.418,0.755
0.374,0.532,1.187,1.138,1.103,0.102,0.418,0.754
0.374,0.532,1.187,1.137,1.103,0.102,0.418,0.754
0.374,0.532,1.186,1.137,1.102,0.102,0.418,0.754
0.374,0.532,1.186,1.137,1.102,0.102,0.418,0.754
0.374,0.531,1.186,1.136,1.102,0.102,0.418,0.753
0.374,0.531,1.185,1.136,1.102,0.102,0.418,0.753
0.374,0.531,1.185,1.136,1.102,0.102,0.418,0.753
0.374,0.531,1.185,1.135,1.101,0.102,0.418,0.753
0.374,0.531,1.185,1.135,1.101,0.102,0.418,0.753
0.373,0.53,1.184,1.135,1.101,0.102,0.418,0.753
0.373,0.53,1.184,1.135,1.101,0.102,0.418,0.752
0.373,0.53,1.184,1.135,1.1,0.102,0.417,0.752
0.373,0.53,1.183,1.134,1.1,0.102,0.417,0.752
0.373,0.53,1.183,1.134,1.1,0.102,0.417,0.752
0.373,0.53,1.183,1.134,1.099,0.102,0.417,0.752
0.373,0.529,1.182,1.134,1.099,0.102,0.417,0.752
0.373,0.529,1.182,1.134,1.099,0.102,0.417,0.752
