S1_C0401,S2_C0401,S3_C0401,S4_C0401,S5_C0401,S6_C0401,S7_C0401,S8_C0401
0.235,0.336,0.484,0.658,0.676,0.062,0.225,0.401
0.235,0.336,0.484,0.658,0.676,0.062,0.225,0.401
0.235,0.336,0.484,0.658,0.676,0.062,0.225,0.401
0.235,0.336,0.484,0.658,0.676,0.062,0.225,0.401
0.235,0.336,0.484,0.658,0.676,0.062,0.225,0.401
0.235,0.336,0.484,0.658,0.676,0.062,0.225,0.401
0.235,0.336,0.484,0.658,0.676,0.062,0.225,0.401
0.235,0.336,0.484,0.658,0.676,0.062,0.225,0.401
0.234,0.336,0.484,0.659,0.676,0.062,0.225,0.401
0.234,0.336,0.484,0.659,0.676,0.062,0.225,0.401
0.235,0.336,0.484,0.658,0.676,0.062,0.225,0.401
0.235,0.336,0.484,0.659,0.676,0.062,0.225,0.401
0.234,0.336,0.484,0.659,0.676,0.062,0.225,0.401
0.234,0.336,0.483,0.659,0.676,0.062,0.225,0.401
0.235,0.336,0.484,0.659,0.676,0.062,0.225,0.401
0.234,0.336,0.484,0.659,0.676,0.062,0.225,0.401
0.235,0.336,0.483,0.659,0.676,0.062,0.225,0.401
0.235,0.336,0.483,0.659,0.676,0.062,0.225,0.401
0.235,0.336,0.483,0.659,0.676,0.062,0.225,0.401
0.234,0.336,0.483,0.659,0.676,0.062,0.225,0.402
0.234,0.336,0.483,0.659,0.676,0.062,0.225,0.402
0.234,0.336,0.483,0.659,0.676,0.062,0.225,0.402
0.235,0.336,0.483,0.659,0.676,0.062,0.225,0.402
0.234,0.336,0.483,0.659,0.677,0.062,0.225,0.401
0.234,0.336,0.483,0.659,0.677,0.062,0.225,0.401
0.234,0.336,0.483,0.659,0.677,0.062,0.225,0.401
0.234,0.336,0.483,0.659,0.677,0.062,0.225,0.402
0.234,0.336,0.483,0.659,0.677,0.062,0.225,0.402
0.234,0.336,0.483,0.659,0.677,0.062,0.225,0.402
0.235,0.336,0.483,0.659,0.677,0.062,0.225,0.402
0.235,0.336,0.483,0.659,0.677,0.062,0.225,0.402
0.234,0.336,0.483,0.659,0.677,0.062,0.225,0.402
0.234,0.336,0.483,0.659,0.677,0.062,0.225,0.402
0.234,0.336,0.483,0.659,0.677,0.062,0.225,0.402
0.234,0.336,0.483,0.659,0.677,0.062,0.225,0.402
0.235,0.336,0.483,0.659,0.677,0.062,0.225,0.402
0.234,0.336,0.483,0.659,0.676,0.062,0.225,0.401
0.234,0.336,0.483,0.659,0.677,0.062,0.225,0.401
0.234,0.336,0.483,0.659,0.677,0.062,0.225,0.401
0.234,0.336,0.483,0.659,0.677,0.062,0.225,0.402
0.235,0.336,0.483,0.659,0.677,0.062,0.225,0.402
0.234,0.336,0.483,0.659,0.677,0.062,0.225,0.402
0.235,0.336,0.483,0.659,0.677,0.062,0.225,0.402
0.235,0.336,0.483,0.659,0.677,0.062,0.225,0.402
0.235,0.336,0.483,0.659,0.677,0.062,0.225,0.402
0.234,0.336,0.483,0.659,0.677,0.062,0.225,0.402
0.235,0.336,0.483,0.659,0.677,0.062,0.225,0.402
0.234,0.336,0.483,0.659,0.677,0.062,0.225,0.402
0.235,0.336,0.483,0.659,0.677,0.062,0.225,0.402
0.235,0.336,0.483,0.659,0.677,0.062,0.225,0.402
0.235,0.336,0.483,0.66,0.678,0.062,0.225,0.402
0.235,0.336,0.483,0.66,0.678,0.062,0.225,0.402
0.234,0.336,0.483,0.66,0.678,0.063,0.225,0.402
0.235,0.337,0.483,0.66,0.678,0.062,0.225,0.402
0.234,0.337,0.483,0.661,0.678,0.062,0.225,0.402
0.234,0.337,0.483,0.661,0.678,0.062,0.225,0.403
0.235,0.337,0.483,0.661,0.679,0.062,0.225,0.403
0.235,0.337,0.483,0.662,0.679,0.062,0.225,0.403
0.235,0.337,0.483,0.662,0.679,0.062,0.225,0.403
0.235,0.337,0.483,0.662,0.679,0.062,0.225,0.404
0.235,0.337,0.483,0.663,0.68,0.062,0.225,0.404
0.235,0.337,0.483,0.663,0.68,0.063,0.225,0.404
0.235,0.337,0.483,0.664,0.68,0.063,0.225,0.405
0.235,0.338,0.482,0.664,0.68,0.062,0.225,0.405
0.235,0.338,0.483,0.665,0.681,0.062,0.225,0.405
0.235,0.338,0.483,0.665,0.681,0.062,0.225,0.406
0.235,0.338,0.483,0.666,0.681,0.063,0.225,0.406
0.235,0.338,0.483,0.666,0.682,0.062,0.225,0.407
0.235,0.338,0.482,0.667,0.682,0.062,0.225,0.407
0.235,0.339,0.483,0.667,0.682,0.063,0.225,0.408
0.235,0.339,0.483,0.668,0.683,0.062,0.225,0.408
0.235,0.339,0.483,0.668,0.683,0.063,0.225,0.409
0.235,0.339,0.483,0.669,0.684,0.062,0.225,0.41
0.235,0.34,0.483,0.67,0.684,0.062,0.225,0.41
0.235,0.34,0.483,0.67,0.684,0.062,0.225,0.411
0.235,0.34,0.483,0.671,0.685,0.063,0.225,0.411
0.235,0.34,0.483,0.671,0.685,0.063,0.225,0.412
0.235,0.34,0.483,0.672,0.685,0.063,0.225,0.412
0.235,0.341,0.482,0.673,0.686,0.063,0.225,0.413
0.235,0.341,0.483,0.673,0.686,0.063,0.225,0.413
0.235,0.341,0.483,0.674,0.687,0.063,0.225,0.414
0.235,0.341,0.483,0.674,0.687,0.063,0.225,0.414
0.235,0.342,0.483,0.675,0.687,0.063,0.225,0.415
0.235,0.342,0.483,0.675,0.688,0.063,0.225,0.415
0.235,0.342,0.483,0.676,0.688,0.063,0.225,0.416
0.235,0.343,0.483,0.676,0.688,0.063,0.225,0.416
0.235,0.343,0.483,0.677,0.689,0.063,0.225,0.417
0.235,0.343,0.483,0.677,0.689,0.063,0.225,0.417
0.236,0.344,0.483,0.678,0.69,0.063,0.225,0.418
0.235,0.344,0.483,0.679,0.69,0.063,0.225,0.418
0.236,0.344,0.483,0.679,0.69,0.063,0.225,0.419
0.236,0.345,0.483,0.68,0.691,0.063,0.225,0.419
0.236,0.345,0.483,0.68,0.691,0.063,0.225,0.42
0.236,0.345,0.483,0.681,0.692,0.063,0.225,0.421
0.236,0.346,0.483,0.682,0.692,0.063,0.225,0.421
0.236,0.346,0.483,0.682,0.693,0.063,0.225,0.422
0.236,0.346,0.483,0.683,0.693,0.063,0.225,0.423
0.236,0.347,0.483,0.683,0.694,0.063,0.225,0.424
0.236,0.347,0.483,0.684,0.694,0.063,0.225,0.424
0.236,0.347,0.483,0.685,0.695,0.063,0.225,0.425
0.236,0.348,0.483,0.685,0.695,0.063,0.225,0.426
0.236,0.348,0.483,0.686,0.696,0.063,0.225,0.426
0.236,0.348,0.483,0.686,0.696,0.063,0.225,0.427
0.236,0.349,0.483,0.687,0.696,0.063,0.225,0.428
0.236,0.349,0.483,0.688,0.697,0.063,0.225,0.429
0.236,0.349,0.483,0.689,0.697,0.063,0.225,0.429
0.236,0.35,0.484,0.689,0.698,0.063,0.225,0.43
0.236,0.35,0.484,0.69,0.698,0.063,0.225,0.431
0.236,0.351,0.484,0.69,0.699,0.063,0.225,0.432
0.237,0.351,0.484,0.691,0.699,0.063,0.225,0.433
0.236,0.351,0.484,0.692,0.7,0.063,0.225,0.433
0.237,0.352,0.484,0.692,0.7,0.063,0.225,0.434
0.237,0.352,0.484,0.693,0.701,0.063,0.225,0.435
0.237,0.353,0.484,0.694,0.702,0.063,0.225,0.436
0.237,0.353,0.484,0.695,0.702,0.063,0.225,0.437
0.237,0.354,0.484,0.695,0.703,0.063,0.225,0.438
0.237,0.354,0.484,0.696,0.703,0.063,0.225,0.438
0.237,0.354,0.484,0.697,0.704,0.063,0.225,0.439
0.237,0.355,0.484,0.697,0.704,0.063,0.225,0.44
0.237,0.355,0.484,0.698,0.705,0.063,0.225,0.44
0.237,0.356,0.484,0.698,0.705,0.063,0.225,0.441
0.237,0.356,0.484,0.699,0.706,0.063,0.225,0.442
0.237,0.356,0.484,0.7,0.706,0.063,0.225,0.443
0.237,0.357,0.484,0.7,0.707,0.063,0.225,0.444
0.237,0.357,0.484,0.701,0.707,0.063,0.225,0.444
0.237,0.358,0.484,0.702,0.708,0.063,0.225,0.445
0.237,0.358,0.485,0.702,0.708,0.063,0.225,0.446
0.237,0.359,0.485,0.703,0.709,0.063,0.225,0.447
0.237,0.359,0.485,0.704,0.709,0.063,0.225,0.448
0.238,0.36,0.485,0.704,0.71,0.063,0.225,0.448
0.238,0.36,0.485,0.705,0.71,0.063,0.225,0.449
0.238,0.361,0.485,0.706,0.711,0.064,0.225,0.45
0.237,0.361,0.485,0.706,0.712,0.064,0.225,0.451
0.238,0.361,0.485,0.707,0.712,0.063,0.225,0.452
0.238,0.362,0.485,0.708,0.713,0.063,0.225,0.453
0.238,0.362,0.485,0.709,0.713,0.063,0.225,0.453
0.238,0.363,0.485,0.709,0.714,0.063,0.225,0.454
0.238,0.363,0.485,0.71,0.714,0.064,0.225,0.455
0.238,0.363,0.485,0.71,0.715,0.064,0.225,0.456
0.238,0.364,0.485,0.711,0.716,0.064,0.225,0.456
0.238,0.364,0.485,0.712,0.716,0.064,0.225,0.458
0.238,0.365,0.485,0.712,0.717,0.063,0.226,0.458
0.238,0.365,0.485,0.713,0.717,0.064,0.226,0.459
0.238,0.366,0.486,0.714,0.718,0.064,0.226,0.46
0.238,0.366,0.486,0.715,0.718,0.064,0.226,0.461
0.238,0.367,0.486,0.715,0.719,0.064,0.226,0.462
0.239,0.367,0.486,0.716,0.72,0.064,0.226,0.462
0.239,0.368,0.486,0.716,0.72,0.064,0.226,0.463
0.239,0.368,0.486,0.717,0.721,0.064,0.226,0.464
0.239,0.369,0.486,0.718,0.721,0.064,0.226,0.465
0.239,0.369,0.486,0.718,0.722,0.064,0.226,0.466
0.239,0.37,0.486,0.719,0.723,0.064,0.225,0.467
0.239,0.37,0.486,0.72,0.723,0.064,0.226,0.468
0.239,0.371,0.486,0.721,0.724,0.064,0.226,0.468
0.239,0.371,0.486,0.721,0.724,0.064,0.226,0.469
0.239,0.371,0.486,0.722,0.725,0.064,0.226,0.47
0.239,0.372,0.487,0.723,0.726,0.064,0.226,0.471
0.239,0.372,0.487,0.724,0.726,0.064,0.226,0.472
0.239,0.373,0.487,0.724,0.727,0.064,0.226,0.473
0.239,0.374,0.487,0.725,0.727,0.064,0.226,0.474
0.24,0.374,0.487,0.726,0.728,0.064,0.226,0.475
0.24,0.374,0.487,0.726,0.729,0.064,0.226,0.476
0.24,0.375,0.487,0.727,0.729,0.064,0.226,0.476
0.24,0.375,0.487,0.728,0.73,0.064,0.226,0.478
0.24,0.376,0.487,0.728,0.731,0.064,0.226,0.478
0.24,0.376,0.487,0.729,0.731,0.064,0.226,0.479
0.24,0.377,0.487,0.73,0.732,0.064,0.226,0.48
0.24,0.377,0.487,0.731,0.733,0.064,0.226,0.481
0.24,0.378,0.487,0.732,0.733,0.064,0.226,0.482
0.24,0.378,0.487,0.732,0.734,0.064,0.226,0.483
0.24,0.379,0.488,0.733,0.735,0.064,0.226,0.484
0.24,0.379,0.488,0.734,0.735,0.064,0.226,0.484
0.241,0.38,0.488,0.735,0.736,0.064,0.226,0.485
0.24,0.38,0.488,0.736,0.737,0.064,0.226,0.486
0.24,0.381,0.488,0.737,0.738,0.065,0.226,0.488
0.241,0.382,0.488,0.738,0.739,0.064,0.226,0.489
0.241,0.383,0.488,0.739,0.739,0.064,0.226,0.49
0.241,0.385,0.488,0.74,0.74,0.064,0.226,0.492
0.241,0.388,0.488,0.741,0.741,0.065,0.226,0.493
0.241,0.391,0.488,0.742,0.742,0.065,0.227,0.495
0.241,0.394,0.489,0.743,0.743,0.065,0.227,0.497
0.241,0.398,0.489,0.745,0.744,0.065,0.227,0.498
0.242,0.402,0.489,0.747,0.746,0.065,0.227,0.5
0.242,0.406,0.49,0.749,0.748,0.065,0.227,0.501
0.242,0.41,0.49,0.752,0.749,0.065,0.227,0.503
0.242,0.415,0.491,0.754,0.751,0.065,0.227,0.505
0.243,0.42,0.491,0.755,0.753,0.065,0.227,0.506
0.243,0.424,0.491,0.757,0.754,0.065,0.227,0.507
0.243,0.429,0.491,0.759,0.756,0.065,0.227,0.509
0.243,0.433,0.492,0.761,0.757,0.066,0.227,0.51
0.244,0.439,0.492,0.763,0.759,0.066,0.228,0.511
0.244,0.444,0.492,0.766,0.76,0.066,0.228,0.512
0.244,0.45,0.493,0.768,0.762,0.066,0.228,0.513
0.244,0.455,0.493,0.77,0.763,0.066,0.228,0.514
0.245,0.46,0.493,0.773,0.765,0.066,0.228,0.515
0.245,0.465,0.493,0.775,0.767,0.066,0.228,0.516
0.245,0.47,0.494,0.778,0.768,0.066,0.228,0.518
0.245,0.476,0.494,0.781,0.77,0.066,0.228,0.519
0.246,0.483,0.495,0.784,0.772,0.067,0.228,0.52
0.246,0.489,0.495,0.787,0.774,0.067,0.229,0.522
0.246,0.496,0.496,0.79,0.776,0.067,0.229,0.524
0.247,0.503,0.496,0.793,0.778,0.067,0.229,0.527
0.247,0.51,0.497,0.797,0.78,0.067,0.229,0.53
0.247,0.518,0.497,0.801,0.783,0.068,0.23,0.533
0.248,0.527,0.498,0.807,0.785,0.068,0.23,0.537
0.248,0.538,0.499,0.813,0.789,0.068,0.23,0.542
0.249,0.549,0.499,0.819,0.793,0.068,0.231,0.547
0.249,0.56,0.5,0.826,0.798,0.069,0.231,0.553
0.25,0.573,0.501,0.834,0.804,0.069,0.231,0.559
0.251,0.587,0.502,0.841,0.81,0.069,0.232,0.566
0.252,0.601,0.503,0.848,0.816,0.07,0.232,0.573
0.253,0.615,0.504,0.854,0.823,0.07,0.233,0.58
0.254,0.631,0.505,0.861,0.831,0.07,0.234,0.588
0.255,0.646,0.506,0.868,0.838,0.071,0.234,0.595
0.256,0.662,0.507,0.875,0.846,0.072,0.235,0.602
0.257,0.677,0.508,0.881,0.854,0.072,0.235,0.61
0.258,0.693,0.509,0.887,0.862,0.073,0.236,0.617
0.259,0.708,0.511,0.893,0.871,0.073,0.236,0.624
0.26,0.723,0.512,0.9,0.879,0.074,0.237,0.631
0.262,0.737,0.513,0.906,0.887,0.074,0.237,0.638
0.263,0.752,0.514,0.911,0.895,0.075,0.238,0.645
0.264,0.767,0.516,0.917,0.903,0.075,0.238,0.651
0.266,0.781,0.517,0.923,0.911,0.075,0.239,0.658
0.267,0.796,0.518,0.928,0.918,0.076,0.239,0.664
0.268,0.811,0.52,0.935,0.926,0.076,0.24,0.67
0.269,0.825,0.521,0.94,0.933,0.077,0.241,0.676
0.271,0.839,0.522,0.945,0.941,0.078,0.241,0.682
0.272,0.852,0.524,0.949,0.948,0.078,0.242,0.688
0.273,0.865,0.525,0.954,0.955,0.079,0.242,0.694
0.275,0.879,0.527,0.962,0.961,0.079,0.242,0.699
0.276,0.892,0.528,0.968,0.968,0.08,0.243,0.705
0.277,0.905,0.53,0.972,0.975,0.08,0.244,0.71
0.279,0.919,0.531,0.976,0.981,0.081,0.244,0.716
0.28,0.931,0.532,0.981,0.988,0.081,0.245,0.721
0.281,0.944,0.534,0.988,0.994,0.082,0.245,0.726
0.283,0.956,0.535,0.993,1.001,0.082,0.246,0.732
0.284,0.969,0.537,0.998,1.007,0.083,0.246,0.737
0.285,0.981,0.538,1.002,1.013,0.084,0.247,0.742
0.287,0.992,0.54,1.007,1.02,0.084,0.247,0.747
0.288,1.004,0.541,1.012,1.026,0.085,0.248,0.752
0.289,1.015,0.543,1.016,1.032,0.085,0.248,0.757
0.291,1.026,0.544,1.022,1.038,0.086,0.249,0.762
0.292,1.036,0.546,1.027,1.044,0.086,0.249,0.767
0.293,1.046,0.547,1.031,1.049,0.087,0.25,0.771
0.295,1.057,0.549,1.038,1.055,0.088,0.25,0.776
0.296,1.067,0.55,1.041,1.061,0.088,0.251,0.781
0.297,1.077,0.552,1.044,1.067,0.089,0.251,0.786
0.299,1.087,0.553,1.049,1.072,0.089,0.251,0.791
0.3,1.096,0.555,1.053,1.078,0.09,0.252,0.795
0.301,1.106,0.556,1.058,1.084,0.09,0.252,0.8
0.303,1.115,0.558,1.064,1.089,0.091,0.253,0.804
0.304,1.125,0.559,1.068,1.095,0.092,0.253,0.809
0.305,1.134,0.561,1.072,1.1,0.092,0.254,0.813
0.306,1.143,0.562,1.076,1.105,0.093,0.254,0.818
0.308,1.151,0.564,1.08,1.111,0.093,0.255,0.821
0.309,1.16,0.565,1.085,1.116,0.094,0.255,0.826
0.31,1.169,0.567,1.089,1.121,0.094,0.25,0.317
0.312,1.177,0.568,1.091,1.126,0.095,0.251,0.337
0.313,1.186,0.569,1.096,1.131,0.096,0.251,0.34
0.314,1.195,0.571,1.103,1.137,0.096,0.254,0.322
0.316,1.203,0.572,1.107,1.142,0.097,0.251,0.316
0.317,1.211,0.574,1.112,1.147,0.097,0.252,0.311
0.318,1.219,0.575,1.115,1.152,0.098,0.252,0.313
0.32,1.227,0.577,1.12,1.157,0.099,0.253,0.315
0.321,1.234,0.578,1.124,1.162,0.099,0.253,0.316
0.322,1.242,0.58,1.127,1.167,0.1,0.254,0.318
0.324,1.25,0.581,1.132,1.172,0.1,0.254,0.32
0.325,1.257,0.583,1.137,1.177,0.101,0.255,0.322
0.326,1.264,0.584,1.141,1.182,0.102,0.255,0.323
0.328,1.271,0.585,1.143,1.187,0.102,0.255,0.325
0.329,1.278,0.587,1.147,1.192,0.103,0.256,0.326
0.33,1.285,0.589,1.151,1.197,0.104,0.256,0.328
0.332,1.292,0.59,1.156,1.202,0.104,0.257,0.33
0.333,1.3,0.591,1.161,1.207,0.105,0.257,0.33
0.334,1.307,0.593,1.164,1.212,0.106,0.257,0.332
0.336,1.314,0.594,1.169,1.217,0.106,0.258,0.334
0.337,1.32,0.596,1.174,1.222,0.107,0.258,0.336
0.339,1.327,0.597,1.177,1.226,0.108,0.259,0.339
0.34,1.334,0.599,1.181,1.231,0.109,0.259,0.342
0.341,1.34,0.6,1.185,1.236,0.109,0.26,0.35
0.343,1.347,0.602,1.189,1.241,0.11,0.26,0.356
0.344,1.353,0.603,1.193,1.246,0.111,0.26,0.357
0.345,1.359,0.604,1.197,1.251,0.111,0.261,0.36
0.347,1.365,0.606,1.2,1.255,0.112,0.261,0.363
0.348,1.372,0.607,1.203,1.26,0.113,0.262,0.366
0.349,1.378,0.609,1.206,1.265,0.114,0.262,0.371
0.351,1.384,0.61,1.21,1.269,0.115,0.263,0.383
0.352,1.391,0.612,1.214,1.274,0.115,0.263,0.376
0.354,1.396,0.613,1.217,1.279,0.116,0.263,0.377
0.355,1.403,0.615,1.223,1.283,0.117,0.264,0.38
0.357,1.409,0.616,1.227,1.288,0.117,0.264,0.382
0.358,1.414,0.617,1.231,1.293,0.118,0.265,0.386
0.359,1.421,0.619,1.236,1.297,0.119,0.265,0.392
0.361,1.427,0.62,1.239,1.302,0.12,0.265,0.402
0.362,1.432,0.622,1.242,1.306,0.121,0.266,0.397
0.363,1.438,0.623,1.245,1.311,0.121,0.266,0.405
0.365,1.444,0.625,1.249,1.315,0.122,0.266,0.407
0.366,1.449,0.626,1.254,1.32,0.123,0.267,0.401
0.368,1.455,0.627,1.258,1.325,0.124,0.267,0.401
0.369,1.46,0.629,1.262,1.329,0.125,0.267,0.401
0.371,1.465,0.63,1.267,1.333,0.125,0.268,0.409
0.372,1.47,0.632,1.269,1.338,0.126,0.268,0.407
0.373,1.475,0.633,1.271,1.342,0.127,0.268,0.407
0.375,1.48,0.634,1.276,1.347,0.128,0.269,0.405
0.376,1.485,0.636,1.28,1.351,0.129,0.269,0.404
0.378,1.491,0.637,1.283,1.355,0.13,0.27,0.402
0.379,1.495,0.639,1.287,1.36,0.131,0.27,0.403
0.38,1.501,0.64,1.29,1.364,0.131,0.27,0.404
0.382,1.505,0.642,1.293,1.368,0.132,0.271,0.406
0.383,1.51,0.643,1.296,1.372,0.133,0.271,0.407
0.385,1.515,0.644,1.299,1.377,0.134,0.271,0.408
0.386,1.519,0.646,1.303,1.381,0.135,0.272,0.41
0.388,1.525,0.647,1.306,1.385,0.136,0.272,0.411
0.389,1.529,0.648,1.311,1.39,0.136,0.272,0.413
0.391,1.534,0.65,1.314,1.394,0.137,0.273,0.414
0.392,1.538,0.651,1.317,1.398,0.138,0.273,0.416
0.394,1.543,0.653,1.322,1.402,0.139,0.273,0.417
0.395,1.547,0.654,1.326,1.406,0.14,0.274,0.419
0.396,1.552,0.655,1.329,1.411,0.141,0.274,0.42
0.398,1.556,0.657,1.334,1.415,0.142,0.274,0.422
0.399,1.561,0.658,1.335,1.419,0.143,0.275,0.423
0.401,1.565,0.66,1.339,1.424,0.144,0.275,0.425
0.402,1.569,0.661,1.344,1.428,0.145,0.275,0.426
0.404,1.574,0.662,1.348,1.432,0.146,0.276,0.428
0.405,1.578,0.664,1.352,1.436,0.147,0.276,0.43
0.407,1.582,0.665,1.352,1.44,0.148,0.277,0.432
0.408,1.587,0.666,1.357,1.445,0.149,0.277,0.436
0.41,1.591,0.668,1.36,1.449,0.15,0.277,0.442
0.411,1.596,0.669,1.364,1.453,0.151,0.278,0.437
0.413,1.6,0.671,1.369,1.457,0.152,0.278,0.437
0.414,1.604,0.672,1.375,1.461,0.153,0.278,0.439
0.416,1.608,0.674,1.38,1.466,0.154,0.279,0.44
0.417,1.613,0.675,1.383,1.47,0.155,0.279,0.441
0.419,1.617,0.676,1.387,1.474,0.156,0.279,0.443
0.42,1.621,0.678,1.388,1.478,0.157,0.28,0.444
0.422,1.625,0.679,1.392,1.482,0.158,0.28,0.445
0.423,1.629,0.68,1.395,1.486,0.159,0.28,0.446
0.425,1.633,0.682,1.398,1.49,0.16,0.281,0.449
0.427,1.637,0.683,1.402,1.494,0.162,0.281,0.451
0.428,1.64,0.685,1.405,1.498,0.163,0.282,0.452
0.429,1.644,0.686,1.409,1.502,0.164,0.282,0.454
0.431,1.648,0.687,1.415,1.506,0.165,0.282,0.456
0.433,1.652,0.689,1.419,1.511,0.166,0.283,0.457
0.434,1.655,0.69,1.422,1.515,0.167,0.283,0.46
0.436,1.659,0.691,1.423,1.518,0.168,0.283,0.458
0.438,1.663,0.693,1.428,1.522,0.169,0.284,0.459
0.439,1.666,0.694,1.431,1.526,0.17,0.284,0.46
0.441,1.67,0.695,1.432,1.53,0.171,0.284,0.462
0.442,1.674,0.697,1.438,1.534,0.173,0.285,0.463
0.444,1.677,0.698,1.441,1.538,0.174,0.285,0.465
0.445,1.681,0.699,1.445,1.542,0.175,0.285,0.466
0.447,1.685,0.701,1.447,1.546,0.176,0.286,0.468
0.449,1.688,0.702,1.451,1.55,0.178,0.286,0.469
0.45,1.692,0.704,1.453,1.554,0.179,0.286,0.471
0.452,1.695,0.705,1.458,1.558,0.18,0.287,0.472
0.453,1.699,0.706,1.463,1.562,0.181,0.287,0.474
0.455,1.703,0.708,1.467,1.566,0.182,0.287,0.475
0.457,1.706,0.709,1.47,1.57,0.184,0.288,0.477
0.458,1.71,0.71,1.473,1.574,0.185,0.288,0.478
0.46,1.713,0.712,1.477,1.578,0.186,0.289,0.479
0.462,1.716,0.713,1.48,1.582,0.187,0.289,0.481
0.463,1.72,0.715,1.483,1.586,0.189,0.289,0.482
0.465,1.724,0.716,1.487,1.59,0.19,0.289,0.483
0.467,1.727,0.717,1.492,1.593,0.191,0.29,0.485
0.468,1.73,0.719,1.494,1.597,0.193,0.29,0.486
0.47,1.734,0.72,1.498,1.601,0.194,0.291,0.488
0.472,1.737,0.721,1.498,1.605,0.195,0.291,0.49
0.473,1.741,0.723,1.504,1.609,0.196,0.291,0.491
0.475,1.744,0.724,1.508,1.613,0.198,0.292,0.493
0.477,1.747,0.725,1.512,1.616,0.199,0.292,0.494
0.478,1.751,0.727,1.516,1.62,0.2,0.292,0.495
0.48,1.754,0.728,1.52,1.624,0.202,0.293,0.497
0.482,1.757,0.729,1.523,1.628,0.203,0.293,0.498
0.484,1.76,0.731,1.526,1.632,0.204,0.293,0.499
0.485,1.764,0.732,1.53,1.635,0.206,0.294,0.501
0.487,1.767,0.733,1.532,1.64,0.207,0.294,0.502
0.489,1.77,0.735,1.536,1.644,0.208,0.294,0.504
0.491,1.774,0.736,1.54,1.647,0.21,0.295,0.505
0.492,1.777,0.738,1.542,1.651,0.211,0.295,0.506
0.494,1.78,0.739,1.546,1.655,0.213,0.295,0.507
0.496,1.783,0.74,1.549,1.658,0.214,0.296,0.508
0.498,1.786,0.741,1.552,1.662,0.215,0.296,0.51
0.499,1.789,0.743,1.556,1.666,0.217,0.297,0.511
0.501,1.793,0.744,1.559,1.67,0.218,0.297,0.513
0.503,1.79,0.744,1.558,1.67,0.219,0.296,0.513
0.504,1.795,0.745,1.56,1.673,0.221,0.297,0.514
0.505,1.797,0.747,1.564,1.677,0.222,0.297,0.516
0.507,1.8,0.748,1.568,1.68,0.224,0.298,0.517
0.509,1.803,0.749,1.571,1.684,0.225,0.298,0.518
0.51,1.806,0.751,1.576,1.688,0.226,0.298,0.52
0.512,1.809,0.752,1.582,1.691,0.228,0.299,0.521
0.514,1.812,0.753,1.585,1.694,0.229,0.299,0.522
0.516,1.814,0.755,1.587,1.698,0.231,0.299,0.524
0.517,1.817,0.756,1.59,1.701,0.232,0.3,0.525
0.519,1.82,0.757,1.593,1.705,0.233,0.3,0.526
0.521,1.823,0.758,1.597,1.708,0.235,0.3,0.528
0.522,1.825,0.76,1.596,1.712,0.236,0.301,0.529
0.525,1.828,0.761,1.6,1.715,0.238,0.301,0.53
0.526,1.831,0.762,1.604,1.719,0.239,0.301,0.532
0.528,1.834,0.764,1.608,1.723,0.241,0.302,0.533
0.53,1.836,0.765,1.611,1.726,0.242,0.302,0.534
0.533,1.838,0.766,1.612,1.729,0.243,0.302,0.535
0.535,1.841,0.768,1.617,1.732,0.245,0.302,0.537
0.536,1.844,0.769,1.62,1.736,0.246,0.303,0.537
0.538,1.846,0.77,1.622,1.739,0.248,0.303,0.537
0.54,1.849,0.771,1.624,1.743,0.249,0.303,0.538
0.541,1.852,0.773,1.628,1.746,0.251,0.304,0.539
0.543,1.854,0.774,1.631,1.749,0.252,0.304,0.54
0.545,1.857,0.775,1.635,1.753,0.254,0.304,0.541
0.547,1.859,0.777,1.639,1.756,0.255,0.305,0.542
0.548,1.862,0.778,1.643,1.759,0.257,0.305,0.543
0.551,1.865,0.779,1.646,1.763,0.258,0.305,0.545
0.552,1.867,0.781,1.649,1.766,0.259,0.306,0.545
0.554,1.869,0.782,1.652,1.769,0.261,0.306,0.547
0.556,1.872,0.783,1.656,1.773,0.263,0.306,0.548
0.558,1.875,0.784,1.657,1.776,0.264,0.307,0.549
0.559,1.877,0.786,1.661,1.779,0.266,0.307,0.55
0.561,1.879,0.787,1.665,1.782,0.267,0.307,0.551
0.563,1.882,0.788,1.669,1.786,0.268,0.308,0.552
0.577,1.876,0.789,1.671,1.789,0.27,0.308,0.553
0.569,1.885,0.791,1.673,1.792,0.271,0.308,0.554
0.582,1.879,0.792,1.674,1.794,0.272,0.309,0.555
0.574,1.881,0.793,1.676,1.798,0.274,0.309,0.556
0.587,1.884,0.794,1.682,1.801,0.275,0.309,0.557
0.589,1.886,0.796,1.685,1.804,0.277,0.31,0.558
0.591,1.888,0.797,1.688,1.807,0.278,0.31,0.56
0.593,1.89,0.798,1.691,1.81,0.28,0.31,0.561
0.595,1.892,0.799,1.694,1.813,0.281,0.31,0.562
0.596,1.894,0.801,1.697,1.816,0.283,0.311,0.563
0.598,1.897,0.802,1.698,1.82,0.284,0.311,0.564
0.6,1.899,0.803,1.701,1.823,0.286,0.311,0.565
0.602,1.902,0.805,1.704,1.826,0.287,0.312,0.566
0.604,1.904,0.806,1.707,1.828,0.289,0.312,0.567
0.605,1.906,0.807,1.711,1.831,0.29,0.312,0.568
0.607,1.908,0.808,1.714,1.835,0.292,0.312,0.568
0.608,1.911,0.809,1.718,1.838,0.293,0.313,0.569
0.61,1.913,0.811,1.721,1.841,0.295,0.313,0.569
0.612,1.915,0.812,1.722,1.844,0.297,0.313,0.569
0.613,1.917,0.813,1.725,1.847,0.298,0.314,0.57
0.615,1.92,0.815,1.728,1.85,0.3,0.314,0.571
0.618,1.922,0.816,1.731,1.853,0.301,0.314,0.571
0.619,1.924,0.817,1.735,1.856,0.303,0.315,0.572
0.621,1.926,0.818,1.738,1.859,0.304,0.315,0.572
0.625,1.927,0.82,1.742,1.862,0.306,0.315,0.572
0.627,1.929,0.821,1.744,1.865,0.308,0.316,0.575
0.63,1.935,0.824,1.75,1.872,0.309,0.316,0.575
0.632,1.938,0.825,1.753,1.875,0.311,0.317,0.576
0.633,1.94,0.826,1.754,1.878,0.312,0.317,0.577
0.635,1.942,0.828,1.759,1.881,0.314,0.317,0.555
0.637,1.945,0.829,1.763,1.884,0.316,0.317,0.547
0.639,1.947,0.83,1.766,1.887,0.317,0.318,0.544
0.641,1.949,0.832,1.768,1.89,0.319,0.318,0.544
0.642,1.952,0.833,1.77,1.893,0.32,0.318,0.543
0.645,1.953,0.834,1.775,1.895,0.322,0.319,0.543
0.646,1.956,0.835,1.779,1.899,0.323,0.319,0.543
0.648,1.959,0.837,1.782,1.902,0.325,0.319,0.544
0.65,1.96,0.838,1.783,1.905,0.327,0.32,0.544
0.652,1.962,0.839,1.787,1.907,0.328,0.32,0.542
0.654,1.965,0.841,1.79,1.911,0.33,0.32,0.54
0.656,1.967,0.842,1.794,1.914,0.331,0.321,0.538
0.658,1.969,0.843,1.796,1.917,0.333,0.321,0.537
0.66,1.971,0.844,1.8,1.919,0.335,0.321,0.537
0.661,1.973,0.846,1.804,1.922,0.336,0.321,0.537
0.664,1.975,0.847,1.808,1.925,0.338,0.322,0.537
0.666,1.977,0.848,1.811,1.928,0.339,0.322,0.537
0.668,1.979,0.85,1.813,1.931,0.341,0.322,0.538
0.67,1.981,0.851,1.816,1.934,0.342,0.323,0.538
0.672,1.983,0.852,1.819,1.937,0.344,0.323,0.539
0.674,1.985,0.854,1.822,1.94,0.346,0.323,0.54
0.675,1.987,0.855,1.826,1.943,0.347,0.324,0.54
0.678,1.989,0.856,1.83,1.945,0.349,0.324,0.541
0.68,1.991,0.857,1.831,1.948,0.35,0.324,0.541
0.681,1.993,0.858,1.835,1.951,0.352,0.325,0.542
0.682,1.996,0.86,1.84,1.954,0.353,0.325,0.542
0.687,1.995,0.861,1.844,1.956,0.355,0.325,0.543
0.689,1.997,0.862,1.848,1.959,0.356,0.326,0.543
0.691,1.999,0.864,1.852,1.962,0.358,0.326,0.543
0.693,2.0,0.865,1.856,1.965,0.36,0.326,0.543
0.695,2.002,0.866,1.86,1.967,0.361,0.327,0.544
0.697,2.004,0.867,1.864,1.969,0.363,0.327,0.544
0.698,2.006,0.869,1.868,1.972,0.364,0.327,0.544
0.699,2.008,0.87,1.871,1.975,0.366,0.328,0.546
0.701,2.01,0.871,1.875,1.978,0.367,0.328,0.547
0.703,2.012,0.873,1.878,1.98,0.369,0.329,0.547
0.705,2.013,0.874,1.882,1.983,0.37,0.329,0.548
0.707,2.014,0.875,1.884,1.985,0.371,0.329,0.549
0.709,2.015,0.876,1.888,1.987,0.373,0.33,0.55
0.711,2.017,0.878,1.891,1.99,0.374,0.33,0.551
0.713,2.018,0.879,1.894,1.993,0.375,0.33,0.551
0.715,2.019,0.88,1.897,1.995,0.377,0.331,0.552
0.717,2.021,0.881,1.9,1.997,0.378,0.331,0.553
0.72,2.021,0.883,1.903,2.0,0.379,0.332,0.554
0.708,2.031,0.884,1.906,2.002,0.38,0.332,0.554
0.725,2.023,0.885,1.909,2.004,0.382,0.332,0.555
0.727,2.024,0.886,1.912,2.007,0.383,0.333,0.556
0.729,2.025,0.888,1.915,2.009,0.384,0.333,0.556
0.731,2.026,0.889,1.918,2.012,0.385,0.333,0.558
0.733,2.027,0.89,1.921,2.014,0.386,0.334,0.558
0.735,2.028,0.891,1.923,2.016,0.387,0.334,0.559
0.736,2.029,0.893,1.926,2.018,0.389,0.334,0.56
0.738,2.03,0.894,1.929,2.021,0.39,0.335,0.56
0.726,2.041,0.895,1.932,2.023,0.391,0.335,0.561
0.742,2.033,0.896,1.935,2.025,0.392,0.335,0.562
0.744,2.033,0.898,1.937,2.028,0.393,0.336,0.563
0.744,2.036,0.899,1.94,2.029,0.394,0.336,0.563
0.747,2.036,0.9,1.942,2.031,0.395,0.337,0.564
0.748,2.037,0.901,1.945,2.034,0.396,0.337,0.564
0.751,2.039,0.903,1.948,2.036,0.397,0.337,0.565
0.753,2.029,0.902,1.946,2.033,0.397,0.337,0.559
0.753,2.035,0.903,1.948,2.035,0.398,0.337,0.555
0.755,2.036,0.904,1.951,2.037,0.4,0.337,0.551
0.755,2.036,0.905,1.953,2.039,0.401,0.338,0.551
0.76,2.037,0.906,1.956,2.042,0.401,0.338,0.552
0.758,2.038,0.908,1.958,2.043,0.402,0.338,0.554
0.762,2.041,0.909,1.961,2.046,0.404,0.339,0.555
0.763,2.043,0.91,1.964,2.048,0.405,0.339,0.558
0.764,2.043,0.912,1.966,2.05,0.406,0.34,0.56
0.769,2.043,0.913,1.969,2.051,0.407,0.34,0.562
0.769,2.044,0.914,1.971,2.054,0.407,0.34,0.564
0.772,2.044,0.915,1.973,2.055,0.408,0.341,0.565
0.774,2.044,0.916,1.975,2.057,0.409,0.341,0.568
0.776,2.045,0.918,1.978,2.059,0.41,0.341,0.571
0.778,2.046,0.919,1.98,2.061,0.412,0.342,0.584
0.778,2.047,0.92,1.983,2.063,0.412,0.343,0.641
0.782,2.047,0.921,1.985,2.065,0.414,0.343,0.642
0.784,2.051,0.922,1.987,2.066,0.414,0.343,0.641
0.786,2.048,0.923,1.99,2.068,0.415,0.344,0.636
0.788,2.05,0.925,1.992,2.07,0.416,0.344,0.633
0.789,2.05,0.926,1.994,2.072,0.417,0.344,0.631
0.791,2.051,0.927,1.996,2.074,0.418,0.345,0.631
0.793,2.052,0.928,1.998,2.076,0.419,0.345,0.646
0.795,2.053,0.929,2.001,2.077,0.42,0.346,0.656
0.797,2.054,0.93,2.003,2.079,0.421,0.346,0.652
0.799,2.054,0.932,2.005,2.081,0.421,0.346,0.653
0.801,2.054,0.933,2.007,2.082,0.422,0.346,0.65
0.803,2.055,0.934,2.009,2.084,0.423,0.347,0.649
0.805,2.056,0.935,2.011,2.086,0.424,0.347,0.647
0.807,2.057,0.936,2.013,2.087,0.425,0.348,0.644
0.809,2.057,0.938,2.015,2.089,0.426,0.348,0.644
0.81,2.058,0.939,2.018,2.09,0.427,0.348,0.643
0.812,2.059,0.94,2.02,2.092,0.428,0.349,0.642
0.814,2.059,0.941,2.022,2.094,0.428,0.349,0.642
0.816,2.061,0.943,2.024,2.096,0.429,0.349,0.641
0.818,2.061,0.944,2.026,2.097,0.43,0.349,0.641
0.819,2.062,0.945,2.028,2.099,0.431,0.349,0.633
0.821,2.063,0.946,2.03,2.101,0.432,0.35,0.633
0.823,2.063,0.947,2.032,2.102,0.433,0.35,0.633
0.825,2.064,0.948,2.034,2.104,0.433,0.351,0.633
0.827,2.065,0.95,2.036,2.105,0.434,0.351,0.634
0.829,2.066,0.951,2.038,2.107,0.435,0.351,0.634
0.831,2.066,0.952,2.04,2.108,0.436,0.351,0.634
0.832,2.066,0.953,2.041,2.109,0.437,0.352,0.634
0.834,2.067,0.954,2.043,2.111,0.437,0.352,0.635
0.836,2.068,0.955,2.045,2.112,0.438,0.352,0.635
0.838,2.068,0.956,2.046,2.113,0.439,0.353,0.635
0.839,2.069,0.957,2.048,2.114,0.44,0.353,0.636
0.841,2.07,0.958,2.05,2.116,0.441,0.353,0.636
0.843,2.07,0.96,2.052,2.117,0.442,0.354,0.636
0.845,2.071,0.961,2.053,2.118,0.442,0.354,0.636
0.847,2.072,0.962,2.055,2.12,0.443,0.354,0.637
0.836,2.074,0.963,2.057,2.121,0.444,0.355,0.637
0.85,2.073,0.964,2.059,2.122,0.445,0.355,0.637
0.852,2.074,0.965,2.06,2.123,0.445,0.355,0.637
0.854,2.074,0.966,2.062,2.125,0.446,0.356,0.634
0.856,2.075,0.967,2.063,2.126,0.447,0.356,0.634
0.857,2.075,0.968,2.065,2.127,0.448,0.356,0.633
0.859,2.076,0.97,2.066,2.129,0.448,0.356,0.633
0.861,2.077,0.971,2.068,2.13,0.449,0.357,0.634
0.863,2.078,0.972,2.07,2.131,0.45,0.357,0.634
0.865,2.078,0.973,2.071,2.132,0.451,0.357,0.632
0.866,2.079,0.974,2.073,2.133,0.451,0.358,0.632
0.868,2.079,0.975,2.074,2.134,0.452,0.358,0.632
0.87,2.08,0.976,2.076,2.135,0.453,0.358,0.631
0.872,2.08,0.977,2.077,2.137,0.454,0.359,0.632
0.874,2.081,0.979,2.079,2.137,0.454,0.359,0.632
0.875,2.082,0.98,2.08,2.139,0.455,0.359,0.632
0.877,2.082,0.981,2.082,2.14,0.456,0.36,0.633
0.879,2.083,0.982,2.083,2.141,0.456,0.36,0.633
0.881,2.084,0.983,2.085,2.142,0.457,0.36,0.633
0.882,2.084,0.984,2.086,2.143,0.458,0.361,0.634
0.884,2.085,0.985,2.088,2.144,0.459,0.361,0.634
0.886,2.085,0.986,2.089,2.145,0.459,0.361,0.634
0.888,2.086,0.987,2.09,2.146,0.46,0.361,0.628
0.89,2.087,0.989,2.092,2.147,0.461,0.362,0.628
0.891,2.087,0.99,2.093,2.148,0.461,0.362,0.628
0.893,2.088,0.991,2.094,2.149,0.462,0.362,0.628
0.895,2.088,0.992,2.095,2.15,0.463,0.363,0.628
0.897,2.089,0.993,2.097,2.151,0.463,0.363,0.629
0.898,2.089,0.994,2.098,2.152,0.464,0.363,0.629
0.9,2.09,0.995,2.1,2.152,0.465,0.364,0.629
0.902,2.091,0.996,2.101,2.153,0.465,0.364,0.63
0.904,2.091,0.997,2.102,2.154,0.466,0.364,0.63
0.906,2.092,0.998,2.103,2.155,0.467,0.365,0.631
0.907,2.092,0.999,2.104,2.156,0.467,0.365,0.631
0.909,2.093,1.001,2.106,2.156,0.468,0.365,0.631
0.911,2.093,1.002,2.107,2.157,0.469,0.366,0.632
0.912,2.094,1.003,2.108,2.158,0.469,0.366,0.632
0.914,2.094,1.004,2.109,2.159,0.47,0.366,0.632
0.916,2.095,1.005,2.111,2.16,0.471,0.366,0.635
0.918,2.095,1.006,2.112,2.16,0.471,0.367,0.635
0.919,2.096,1.007,2.113,2.161,0.472,0.367,0.634
0.921,2.096,1.008,2.114,2.162,0.473,0.367,0.633
0.923,2.097,1.009,2.115,2.163,0.473,0.368,0.633
0.925,2.097,1.01,2.116,2.163,0.474,0.368,0.633
0.927,2.098,1.011,2.117,2.164,0.474,0.368,0.633
0.928,2.098,1.013,2.119,2.165,0.475,0.369,0.633
0.93,2.099,1.014,2.119,2.165,0.475,0.369,0.633
0.932,2.099,1.014,2.121,2.165,0.476,0.369,0.633
0.933,2.1,1.016,2.121,2.166,0.477,0.369,0.634
0.931,2.106,1.017,2.123,2.167,0.477,0.37,0.634
0.937,2.101,1.018,2.124,2.167,0.478,0.37,0.634
0.938,2.101,1.019,2.125,2.168,0.478,0.37,0.634
0.94,2.102,1.02,2.126,2.168,0.479,0.37,0.634
0.942,2.102,1.021,2.127,2.169,0.48,0.371,0.634
0.943,2.103,1.022,2.128,2.169,0.48,0.371,0.634
0.945,2.103,1.023,2.129,2.17,0.481,0.371,0.634
0.947,2.104,1.024,2.129,2.17,0.481,0.372,0.634
0.949,2.104,1.025,2.131,2.171,0.482,0.372,0.634
0.95,2.105,1.026,2.132,2.171,0.482,0.372,0.634
0.952,2.11,1.027,2.133,2.172,0.483,0.373,0.634
0.954,2.105,1.028,2.134,2.172,0.484,0.373,0.635
0.956,2.106,1.029,2.134,2.173,0.484,0.373,0.634
0.957,2.106,1.03,2.136,2.173,0.485,0.373,0.634
0.959,2.107,1.031,2.136,2.173,0.485,0.374,0.634
0.961,2.107,1.032,2.137,2.174,0.486,0.374,0.635
0.962,2.107,1.033,2.138,2.174,0.486,0.374,0.634
0.964,2.108,1.035,2.139,2.175,0.487,0.375,0.635
0.966,2.108,1.035,2.14,2.175,0.487,0.375,0.635
0.967,2.109,1.037,2.141,2.176,0.488,0.375,0.635
0.961,2.109,1.037,2.141,2.176,0.488,0.376,0.635
0.964,2.114,1.038,2.142,2.176,0.489,0.376,0.635
0.972,2.11,1.04,2.143,2.176,0.489,0.376,0.635
0.974,2.11,1.041,2.144,2.177,0.49,0.376,0.635
0.976,2.11,1.042,2.145,2.177,0.49,0.377,0.635
0.977,2.111,1.043,2.146,2.177,0.491,0.377,0.635
0.979,2.111,1.043,2.146,2.178,0.491,0.377,0.635
0.98,2.112,1.044,2.147,2.178,0.492,0.378,0.635
0.982,2.112,1.046,2.148,2.178,0.492,0.378,0.635
0.984,2.112,1.047,2.149,2.179,0.493,0.378,0.635
0.985,2.113,1.048,2.15,2.179,0.493,0.378,0.635
0.987,2.113,1.049,2.15,2.179,0.494,0.379,0.635
0.989,2.114,1.05,2.151,2.18,0.494,0.379,0.635
0.99,2.114,1.051,2.152,2.179,0.495,0.379,0.635
0.992,2.114,1.052,2.153,2.18,0.495,0.379,0.635
0.994,2.115,1.053,2.154,2.18,0.495,0.38,0.635
0.995,2.115,1.054,2.154,2.18,0.496,0.38,0.635
0.997,2.116,1.055,2.155,2.181,0.496,0.38,0.635
0.999,2.116,1.056,2.156,2.181,0.497,0.38,0.635
1.0,2.116,1.057,2.157,2.181,0.497,0.381,0.635
1.002,2.117,1.058,2.158,2.182,0.498,0.381,0.635
1.003,2.117,1.059,2.158,2.182,0.498,0.381,0.635
1.005,2.117,1.06,2.159,2.182,0.498,0.382,0.635
1.007,2.118,1.061,2.16,2.182,0.499,0.382,0.635
1.008,2.118,1.062,2.16,2.182,0.499,0.382,0.635
1.01,2.118,1.063,2.161,2.183,0.5,0.382,0.635
1.012,2.119,1.064,2.162,2.183,0.5,0.383,0.635
1.013,2.119,1.065,2.163,2.183,0.5,0.383,0.635
1.015,2.119,1.066,2.163,2.183,0.501,0.383,0.635
1.016,2.123,1.067,2.164,2.183,0.501,0.384,0.635
1.018,2.12,1.068,2.165,2.184,0.502,0.384,0.635
1.019,2.12,1.069,2.165,2.183,0.502,0.384,0.635
1.021,2.12,1.07,2.166,2.184,0.502,0.384,0.635
1.023,2.12,1.071,2.166,2.184,0.502,0.385,0.635
1.024,2.121,1.072,2.167,2.184,0.503,0.385,0.635
1.026,2.121,1.073,2.168,2.184,0.503,0.385,0.635
1.027,2.121,1.074,2.169,2.184,0.504,0.385,0.634
1.029,2.121,1.075,2.169,2.184,0.504,0.386,0.634
1.03,2.122,1.076,2.17,2.184,0.504,0.386,0.634
1.032,2.122,1.077,2.171,2.185,0.505,0.386,0.634
1.033,2.122,1.077,2.171,2.185,0.505,0.386,0.634
1.035,2.123,1.078,2.172,2.185,0.505,0.387,0.634
1.037,2.123,1.079,2.172,2.185,0.505,0.387,0.634
1.038,2.123,1.08,2.173,2.184,0.506,0.387,0.634
1.039,2.123,1.081,2.174,2.185,0.506,0.387,0.634
1.041,2.123,1.082,2.174,2.185,0.507,0.388,0.634
1.043,2.124,1.083,2.175,2.185,0.507,0.388,0.634
1.044,2.124,1.084,2.175,2.185,0.507,0.388,0.634
1.046,2.124,1.085,2.176,2.185,0.507,0.389,0.633
1.047,2.125,1.086,2.176,2.185,0.508,0.389,0.634
1.049,2.125,1.087,2.177,2.185,0.508,0.389,0.633
1.05,2.125,1.088,2.178,2.185,0.508,0.389,0.633
1.052,2.125,1.089,2.178,2.185,0.508,0.39,0.633
1.053,2.126,1.09,2.178,2.185,0.509,0.39,0.633
1.055,2.126,1.091,2.179,2.185,0.509,0.39,0.633
1.056,2.126,1.092,2.18,2.185,0.509,0.39,0.633
1.058,2.126,1.093,2.18,2.185,0.51,0.391,0.633
1.059,2.126,1.094,2.18,2.185,0.51,0.391,0.632
1.061,2.126,1.095,2.181,2.185,0.51,0.391,0.632
1.062,2.127,1.096,2.181,2.185,0.51,0.391,0.632
1.064,2.127,1.097,2.182,2.185,0.51,0.392,0.632
1.065,2.127,1.097,2.182,2.184,0.511,0.392,0.632
1.067,2.127,1.099,2.183,2.185,0.511,0.392,0.632
1.069,2.127,1.099,2.183,2.184,0.511,0.392,0.631
1.07,2.127,1.1,2.183,2.184,0.511,0.393,0.631
1.071,2.127,1.101,2.184,2.184,0.511,0.393,0.631
1.072,2.127,1.102,2.184,2.184,0.511,0.393,0.631
1.074,2.128,1.103,2.185,2.184,0.512,0.393,0.631
1.075,2.128,1.104,2.185,2.184,0.512,0.394,0.63
1.077,2.128,1.105,2.186,2.184,0.512,0.394,0.63
1.078,2.128,1.106,2.186,2.184,0.512,0.394,0.63
1.08,2.131,1.107,2.186,2.183,0.512,0.394,0.63
1.08,2.128,1.108,2.187,2.183,0.513,0.395,0.629
1.083,2.128,1.109,2.187,2.183,0.513,0.395,0.629
1.084,2.129,1.11,2.188,2.183,0.513,0.395,0.629
1.086,2.129,1.111,2.188,2.183,0.513,0.396,0.629
1.087,2.129,1.112,2.189,2.183,0.513,0.396,0.628
1.088,2.129,1.113,2.189,2.183,0.513,0.396,0.628
1.09,2.129,1.113,2.19,2.183,0.513,0.396,0.628
1.091,2.13,1.114,2.19,2.183,0.514,0.396,0.628
1.092,2.13,1.115,2.191,2.182,0.514,0.397,0.628
1.094,2.13,1.116,2.191,2.182,0.514,0.397,0.627
1.095,2.129,1.117,2.191,2.182,0.514,0.397,0.627
1.096,2.13,1.118,2.191,2.181,0.514,0.397,0.627
1.098,2.13,1.118,2.191,2.181,0.514,0.398,0.627
1.099,2.129,1.119,2.192,2.181,0.514,0.398,0.626
1.101,2.13,1.12,2.192,2.181,0.514,0.398,0.626
1.102,2.13,1.121,2.193,2.181,0.514,0.398,0.626
1.103,2.13,1.122,2.193,2.18,0.514,0.398,0.625
1.105,2.13,1.123,2.193,2.18,0.514,0.399,0.625
1.106,2.13,1.124,2.194,2.18,0.514,0.399,0.625
1.107,2.13,1.125,2.194,2.18,0.515,0.399,0.625
1.109,2.13,1.126,2.194,2.18,0.515,0.399,0.624
1.11,2.13,1.127,2.195,2.179,0.515,0.4,0.624
1.112,2.13,1.127,2.194,2.179,0.515,0.4,0.624
1.109,2.134,1.128,2.195,2.179,0.515,0.4,0.623
1.114,2.13,1.129,2.195,2.179,0.515,0.4,0.623
1.111,2.134,1.13,2.196,2.178,0.515,0.401,0.623
1.117,2.13,1.131,2.196,2.178,0.515,0.401,0.622
1.118,2.13,1.132,2.196,2.177,0.515,0.401,0.622
1.113,2.134,1.133,2.196,2.177,0.515,0.401,0.622
1.114,2.134,1.134,2.197,2.177,0.515,0.401,0.621
1.115,2.134,1.134,2.197,2.177,0.515,0.402,0.621
1.116,2.134,1.135,2.197,2.177,0.515,0.402,0.621
1.118,2.134,1.136,2.197,2.176,0.515,0.402,0.62
1.119,2.134,1.137,2.198,2.176,0.515,0.402,0.62
1.12,2.133,1.138,2.198,2.176,0.515,0.403,0.62
1.122,2.133,1.139,2.198,2.175,0.515,0.403,0.619
1.123,2.133,1.139,2.199,2.175,0.515,0.403,0.619
1.124,2.133,1.14,2.199,2.175,0.515,0.403,0.619
1.126,2.133,1.141,2.199,2.175,0.515,0.403,0.619
1.127,2.133,1.142,2.199,2.174,0.515,0.404,0.619
1.128,2.132,1.143,2.199,2.174,0.515,0.404,0.618
1.129,2.132,1.144,2.2,2.174,0.515,0.404,0.618
1.131,2.132,1.145,2.2,2.173,0.515,0.404,0.618
1.132,2.132,1.145,2.2,2.173,0.515,0.404,0.618
1.133,2.132,1.146,2.2,2.173,0.515,0.405,0.617
1.135,2.132,1.147,2.201,2.173,0.515,0.405,0.617
1.136,2.132,1.148,2.201,2.172,0.515,0.405,0.616
1.137,2.131,1.149,2.201,2.172,0.515,0.406,0.616
1.139,2.131,1.15,2.202,2.172,0.515,0.406,0.616
1.14,2.131,1.15,2.202,2.172,0.514,0.406,0.584
1.141,2.13,1.151,2.202,2.171,0.515,0.406,0.582
1.142,2.13,1.152,2.202,2.171,0.514,0.406,0.58
1.144,2.13,1.153,2.202,2.171,0.514,0.406,0.579
1.145,2.13,1.154,2.203,2.17,0.514,0.406,0.577
1.146,2.13,1.155,2.203,2.17,0.514,0.407,0.575
1.148,2.132,1.158,2.208,2.174,0.515,0.408,0.576
1.152,2.134,1.159,2.208,2.174,0.515,0.408,0.575
1.153,2.134,1.16,2.209,2.174,0.515,0.408,0.575
1.154,2.133,1.16,2.209,2.173,0.515,0.408,0.575
1.155,2.133,1.161,2.209,2.173,0.515,0.408,0.574
1.156,2.133,1.162,2.209,2.173,0.515,0.409,0.574
1.158,2.133,1.163,2.209,2.173,0.515,0.409,0.574
1.159,2.132,1.164,2.21,2.172,0.515,0.409,0.573
1.16,2.132,1.165,2.209,2.172,0.514,0.409,0.572
1.162,2.132,1.166,2.21,2.171,0.514,0.41,0.572
1.163,2.131,1.166,2.21,2.171,0.514,0.41,0.571
1.164,2.131,1.167,2.21,2.171,0.514,0.41,0.571
1.165,2.131,1.168,2.21,2.17,0.514,0.41,0.571
1.166,2.131,1.169,2.21,2.17,0.514,0.41,0.571
1.167,2.13,1.17,2.211,2.17,0.514,0.411,0.571
1.168,2.13,1.17,2.211,2.169,0.514,0.411,0.571
1.17,2.13,1.171,2.211,2.169,0.514,0.411,0.571
1.171,2.129,1.172,2.211,2.168,0.513,0.411,0.57
1.172,2.129,1.173,2.211,2.168,0.513,0.412,0.57
1.173,2.129,1.174,2.211,2.168,0.513,0.412,0.57
1.174,2.128,1.175,2.211,2.167,0.513,0.412,0.569
1.176,2.128,1.176,2.212,2.167,0.513,0.412,0.569
1.177,2.127,1.176,2.212,2.166,0.513,0.412,0.568
1.178,2.127,1.177,2.212,2.166,0.513,0.412,0.568
1.179,2.126,1.178,2.212,2.166,0.512,0.413,0.568
1.18,2.126,1.179,2.212,2.165,0.512,0.413,0.568
1.181,2.126,1.18,2.212,2.165,0.512,0.413,0.567
1.183,2.126,1.18,2.212,2.165,0.512,0.413,0.567
1.184,2.125,1.181,2.212,2.164,0.512,0.414,0.566
1.185,2.124,1.182,2.212,2.164,0.511,0.414,0.566
1.186,2.124,1.183,2.212,2.163,0.511,0.414,0.565
1.187,2.123,1.184,2.213,2.163,0.511,0.414,0.565
1.188,2.123,1.184,2.213,2.162,0.511,0.414,0.565
1.189,2.122,1.185,2.213,2.162,0.511,0.414,0.565
1.19,2.122,1.186,2.213,2.162,0.51,0.415,0.564
1.191,2.121,1.187,2.213,2.161,0.51,0.415,0.564
1.193,2.121,1.188,2.213,2.161,0.51,0.415,0.564
1.194,2.121,1.188,2.213,2.16,0.51,0.415,0.563
1.195,2.12,1.189,2.213,2.16,0.51,0.416,0.563
1.196,2.12,1.19,2.213,2.16,0.509,0.416,0.563
1.197,2.119,1.191,2.213,2.159,0.509,0.416,0.563
1.198,2.119,1.192,2.213,2.159,0.509,0.416,0.562
1.199,2.118,1.192,2.214,2.158,0.509,0.416,0.562
1.2,2.118,1.193,2.214,2.158,0.508,0.417,0.562
1.201,2.117,1.194,2.214,2.158,0.508,0.417,0.562
1.202,2.116,1.195,2.214,2.157,0.508,0.417,0.561
1.203,2.116,1.196,2.214,2.157,0.508,0.417,0.561
1.204,2.116,1.197,2.214,2.157,0.508,0.418,0.561
1.205,2.115,1.197,2.214,2.156,0.507,0.418,0.561
1.207,2.114,1.198,2.214,2.156,0.507,0.418,0.561
1.207,2.114,1.199,2.214,2.155,0.507,0.418,0.561
1.209,2.113,1.2,2.214,2.155,0.506,0.418,0.56
1.21,2.112,1.2,2.214,2.154,0.506,0.419,0.56
1.21,2.112,1.201,2.214,2.154,0.506,0.419,0.56
1.212,2.111,1.202,2.214,2.153,0.506,0.419,0.56
1.213,2.111,1.203,2.214,2.153,0.505,0.419,0.559
1.214,2.11,1.203,2.214,2.153,0.505,0.419,0.559
1.215,2.11,1.204,2.215,2.152,0.505,0.419,0.559
1.216,2.109,1.205,2.214,2.152,0.504,0.42,0.56
1.217,2.108,1.206,2.214,2.151,0.504,0.42,0.56
1.218,2.108,1.206,2.214,2.151,0.504,0.419,0.561
1.216,2.102,1.204,2.21,2.145,0.503,0.419,0.577
1.217,2.102,1.205,2.21,2.145,0.502,0.42,0.576
1.218,2.101,1.206,2.21,2.145,0.502,0.42,0.576
1.219,2.1,1.207,2.21,2.144,0.502,0.42,0.576
1.22,2.1,1.207,2.21,2.144,0.501,0.42,0.575
1.221,2.099,1.208,2.209,2.143,0.501,0.42,0.575
1.221,2.098,1.209,2.21,2.142,0.501,0.42,0.574
1.222,2.098,1.21,2.209,2.142,0.5,0.421,0.574
1.224,2.097,1.21,2.21,2.142,0.5,0.421,0.574
1.224,2.096,1.211,2.209,2.141,0.5,0.421,0.573
1.225,2.096,1.212,2.21,2.141,0.5,0.421,0.573
1.226,2.095,1.213,2.21,2.14,0.499,0.421,0.572
1.227,2.094,1.213,2.209,2.14,0.499,0.422,0.572
1.228,2.093,1.214,2.209,2.139,0.498,0.422,0.572
1.229,2.093,1.215,2.209,2.139,0.498,0.422,0.571
1.23,2.092,1.216,2.209,2.138,0.498,0.422,0.571
1.231,2.091,1.216,2.209,2.138,0.498,0.422,0.566
1.232,2.09,1.217,2.209,2.137,0.497,0.422,0.566
1.232,2.09,1.218,2.209,2.137,0.497,0.423,0.565
1.233,2.089,1.218,2.209,2.136,0.496,0.423,0.565
1.234,2.088,1.219,2.209,2.136,0.496,0.423,0.565
1.235,2.087,1.22,2.209,2.135,0.496,0.423,0.564
1.236,2.087,1.22,2.209,2.135,0.495,0.423,0.564
1.236,2.086,1.221,2.209,2.134,0.495,0.423,0.563
1.237,2.085,1.222,2.208,2.134,0.495,0.424,0.563
1.238,2.085,1.223,2.209,2.134,0.494,0.424,0.563
1.239,2.084,1.223,2.209,2.133,0.494,0.424,0.562
1.24,2.083,1.224,2.209,2.132,0.494,0.424,0.562
1.241,2.082,1.225,2.209,2.132,0.493,0.424,0.561
1.241,2.081,1.225,2.209,2.131,0.493,0.424,0.561
1.242,2.08,1.226,2.208,2.131,0.493,0.425,0.561
1.243,2.08,1.227,2.209,2.131,0.492,0.425,0.56
1.244,2.079,1.228,2.208,2.13,0.492,0.425,0.559
1.245,2.077,1.228,2.208,2.129,0.491,0.425,0.559
1.245,2.077,1.229,2.208,2.129,0.491,0.425,0.559
1.246,2.076,1.23,2.208,2.128,0.491,0.425,0.558
1.247,2.075,1.23,2.208,2.128,0.49,0.425,0.558
1.248,2.074,1.231,2.208,2.127,0.49,0.426,0.558
1.249,2.074,1.231,2.208,2.127,0.489,0.425,0.557
1.249,2.073,1.232,2.208,2.126,0.489,0.426,0.557
1.25,2.072,1.233,2.208,2.126,0.489,0.426,0.556
1.251,2.071,1.234,2.207,2.125,0.488,0.426,0.556
1.252,2.07,1.234,2.207,2.125,0.488,0.426,0.555
1.252,2.069,1.235,2.207,2.124,0.488,0.426,0.555
1.253,2.068,1.235,2.207,2.123,0.487,0.427,0.555
1.254,2.067,1.236,2.207,2.123,0.487,0.427,0.554
1.254,2.066,1.237,2.207,2.122,0.486,0.427,0.554
1.255,2.066,1.238,2.207,2.122,0.486,0.427,0.553
1.256,2.065,1.238,2.207,2.122,0.486,0.427,0.553
1.257,2.064,1.239,2.207,2.121,0.485,0.427,0.553
1.257,2.063,1.24,2.207,2.121,0.485,0.427,0.552
1.258,2.062,1.24,2.207,2.12,0.485,0.427,0.552
1.259,2.061,1.241,2.207,2.119,0.484,0.428,0.551
1.259,2.06,1.242,2.206,2.119,0.484,0.428,0.551
1.26,2.06,1.242,2.206,2.118,0.483,0.428,0.551
1.261,2.059,1.243,2.206,2.118,0.483,0.428,0.55
1.261,2.057,1.244,2.206,2.117,0.482,0.428,0.55
1.262,2.057,1.245,2.206,2.117,0.482,0.429,0.549
1.263,2.056,1.245,2.206,2.116,0.482,0.428,0.549
1.263,2.055,1.246,2.206,2.116,0.481,0.429,0.549
1.264,2.054,1.246,2.206,2.115,0.481,0.429,0.548
1.265,2.053,1.247,2.206,2.115,0.48,0.429,0.548
1.265,2.052,1.248,2.205,2.114,0.48,0.429,0.547
1.266,2.051,1.252,2.21,2.118,0.481,0.43,0.548
1.27,2.055,1.252,2.21,2.118,0.48,0.43,0.548
1.27,2.054,1.252,2.21,2.118,0.48,0.431,0.547
1.271,2.053,1.253,2.21,2.117,0.48,0.431,0.547
1.272,2.052,1.254,2.21,2.116,0.479,0.431,0.547
1.272,2.051,1.254,2.21,2.116,0.479,0.431,0.546
1.273,2.05,1.255,2.21,2.115,0.478,0.431,0.546
1.273,2.049,1.256,2.21,2.115,0.478,0.431,0.545
1.274,2.048,1.256,2.209,2.114,0.477,0.431,0.545
1.275,2.047,1.257,2.21,2.114,0.477,0.432,0.545
1.275,2.046,1.258,2.209,2.113,0.477,0.432,0.544
1.276,2.045,1.258,2.209,2.113,0.476,0.432,0.544
1.277,2.044,1.259,2.209,2.112,0.476,0.432,0.544
1.277,2.043,1.26,2.209,2.111,0.475,0.432,0.543
1.278,2.042,1.26,2.209,2.111,0.475,0.432,0.543
1.278,2.041,1.261,2.209,2.11,0.475,0.432,0.542
1.279,2.04,1.262,2.208,2.11,0.474,0.433,0.542
1.279,2.039,1.262,2.208,2.11,0.474,0.433,0.542
1.28,2.038,1.263,2.208,2.109,0.473,0.433,0.541
1.281,2.037,1.264,2.208,2.109,0.473,0.433,0.541
1.281,2.036,1.264,2.208,2.108,0.473,0.433,0.541
1.282,2.035,1.265,2.208,2.107,0.472,0.433,0.54
1.283,2.034,1.266,2.208,2.107,0.472,0.433,0.54
1.283,2.033,1.266,2.208,2.106,0.471,0.434,0.539
1.284,2.032,1.267,2.208,2.106,0.471,0.434,0.539
1.284,2.031,1.268,2.208,2.106,0.471,0.434,0.538
1.285,2.03,1.268,2.207,2.105,0.47,0.434,0.538
1.286,2.029,1.269,2.207,2.104,0.47,0.434,0.538
1.286,2.028,1.27,2.207,2.104,0.469,0.434,0.537
1.287,2.027,1.27,2.207,2.103,0.469,0.435,0.537
1.287,2.026,1.271,2.207,2.103,0.468,0.435,0.536
1.288,2.025,1.272,2.207,2.102,0.468,0.435,0.536
1.288,2.024,1.272,2.207,2.102,0.468,0.435,0.536
1.289,2.023,1.273,2.207,2.101,0.467,0.435,0.535
1.289,2.022,1.274,2.206,2.101,0.467,0.435,0.535
1.29,2.021,1.274,2.206,2.1,0.466,0.435,0.535
1.29,2.02,1.275,2.206,2.1,0.466,0.436,0.534
1.291,2.019,1.276,2.206,2.099,0.465,0.436,0.534
1.291,2.018,1.276,2.206,2.099,0.465,0.436,0.533
1.292,2.017,1.277,2.206,2.098,0.465,0.436,0.533
1.293,2.016,1.277,2.206,2.097,0.464,0.436,0.533
1.293,2.014,1.278,2.205,2.097,0.464,0.436,0.532
1.293,2.013,1.279,2.206,2.096,0.463,0.436,0.532
1.294,2.012,1.279,2.205,2.096,0.463,0.437,0.532
1.294,2.011,1.28,2.205,2.095,0.462,0.437,0.531
1.295,2.01,1.281,2.205,2.095,0.462,0.437,0.531
1.295,2.009,1.281,2.205,2.094,0.461,0.437,0.531
1.296,2.008,1.282,2.205,2.094,0.461,0.437,0.53
1.296,2.007,1.283,2.204,2.093,0.461,0.437,0.53
1.297,2.006,1.283,2.204,2.092,0.46,0.437,0.529
1.297,2.005,1.284,2.204,2.092,0.46,0.437,0.529
1.298,2.004,1.284,2.204,2.091,0.459,0.438,0.529
1.298,2.003,1.285,2.204,2.091,0.459,0.438,0.528
1.298,2.002,1.286,2.204,2.091,0.459,0.438,0.528
1.299,2.001,1.286,2.203,2.09,0.458,0.438,0.528
1.299,2.0,1.287,2.203,2.089,0.458,0.438,0.527
1.3,1.998,1.288,2.203,2.089,0.457,0.438,0.527
1.3,1.997,1.288,2.203,2.088,0.457,0.439,0.527
1.301,1.997,1.289,2.203,2.088,0.456,0.439,0.526
1.301,1.996,1.29,2.203,2.087,0.456,0.439,0.526
1.302,1.994,1.29,2.203,2.087,0.456,0.436,0.525
1.299,1.989,1.288,2.198,2.082,0.454,0.438,0.525
1.3,1.988,1.289,2.198,2.081,0.454,0.438,0.524
1.3,1.987,1.289,2.198,2.081,0.453,0.438,0.524
1.3,1.986,1.29,2.198,2.08,0.453,0.439,0.523
1.301,1.985,1.291,2.197,2.08,0.452,0.439,0.523
1.301,1.984,1.291,2.197,2.079,0.452,0.439,0.523
1.301,1.983,1.292,2.197,2.079,0.451,0.439,0.522
1.302,1.982,1.292,2.197,2.078,0.451,0.439,0.522
1.302,1.981,1.293,2.197,2.077,0.451,0.439,0.522
1.302,1.98,1.294,2.197,2.077,0.45,0.439,0.521
1.303,1.979,1.294,2.197,2.076,0.45,0.439,0.521
1.303,1.978,1.295,2.196,2.076,0.449,0.44,0.521
1.304,1.977,1.295,2.196,2.075,0.449,0.439,0.52
1.304,1.976,1.296,2.196,2.075,0.448,0.439,0.52
1.304,1.975,1.296,2.196,2.074,0.448,0.44,0.519
1.304,1.974,1.297,2.196,2.074,0.448,0.44,0.519
1.305,1.973,1.298,2.196,2.073,0.447,0.44,0.519
1.305,1.972,1.298,2.195,2.073,0.447,0.44,0.519
1.305,1.97,1.299,2.195,2.072,0.446,0.44,0.518
1.305,1.97,1.299,2.195,2.071,0.446,0.44,0.518
1.306,1.969,1.3,2.195,2.071,0.445,0.44,0.517
1.306,1.968,1.301,2.195,2.07,0.445,0.44,0.517
1.306,1.967,1.301,2.195,2.07,0.445,0.441,0.517
1.307,1.966,1.301,2.195,2.07,0.444,0.441,0.516
1.307,1.965,1.302,2.194,2.069,0.444,0.441,0.516
1.307,1.964,1.303,2.194,2.068,0.443,0.441,0.515
1.307,1.963,1.304,2.194,2.068,0.443,0.441,0.515
1.308,1.962,1.304,2.194,2.067,0.443,0.441,0.515
1.308,1.961,1.305,2.194,2.067,0.442,0.441,0.514
1.308,1.96,1.305,2.194,2.066,0.442,0.441,0.514
1.308,1.959,1.306,2.194,2.066,0.441,0.441,0.513
1.309,1.958,1.306,2.194,2.065,0.441,0.441,0.513
1.309,1.957,1.307,2.193,2.065,0.44,0.441,0.513
1.309,1.956,1.308,2.194,2.065,0.44,0.442,0.513
1.31,1.955,1.308,2.194,2.064,0.439,0.442,0.512
1.31,1.954,1.309,2.194,2.063,0.439,0.442,0.512
1.31,1.953,1.309,2.193,2.063,0.439,0.442,0.511
1.31,1.952,1.31,2.193,2.062,0.438,0.442,0.511
1.31,1.952,1.31,2.193,2.062,0.438,0.442,0.511
1.311,1.951,1.311,2.193,2.061,0.437,0.442,0.51
1.311,1.949,1.311,2.193,2.061,0.437,0.442,0.51
1.311,1.949,1.312,2.193,2.06,0.437,0.442,0.51
1.311,1.948,1.313,2.193,2.06,0.436,0.442,0.509
1.311,1.947,1.313,2.192,2.059,0.436,0.442,0.509
1.311,1.946,1.314,2.193,2.059,0.435,0.443,0.509
1.312,1.945,1.314,2.192,2.058,0.435,0.443,0.508
1.312,1.944,1.315,2.192,2.058,0.435,0.443,0.508
1.312,1.943,1.316,2.192,2.058,0.434,0.443,0.508
1.312,1.942,1.316,2.192,2.057,0.434,0.443,0.507
1.312,1.941,1.317,2.192,2.056,0.434,0.443,0.507
1.313,1.94,1.317,2.192,2.056,0.433,0.443,0.506
1.313,1.939,1.318,2.192,2.055,0.433,0.443,0.506
1.313,1.938,1.318,2.191,2.055,0.432,0.443,0.505
1.313,1.937,1.319,2.191,2.054,0.432,0.443,0.505
1.313,1.937,1.319,2.191,2.054,0.431,0.443,0.505
1.313,1.936,1.32,2.191,2.053,0.431,0.444,0.505
1.314,1.935,1.321,2.191,2.053,0.431,0.444,0.504
1.314,1.934,1.321,2.191,2.052,0.43,0.444,0.504
1.314,1.933,1.322,2.191,2.051,0.43,0.444,0.503
1.314,1.932,1.322,2.19,2.051,0.429,0.444,0.503
1.314,1.931,1.323,2.19,2.051,0.429,0.444,0.503
1.314,1.93,1.323,2.19,2.05,0.429,0.444,0.503
1.314,1.929,1.324,2.19,2.049,0.428,0.444,0.502
1.315,1.928,1.332,2.195,2.053,0.429,0.445,0.503
1.317,1.931,1.328,2.194,2.053,0.428,0.445,0.503
1.318,1.93,1.328,2.194,2.052,0.428,0.445,0.502
1.317,1.929,1.328,2.194,2.051,0.428,0.445,0.502
1.318,1.928,1.329,2.194,2.051,0.427,0.445,0.502
1.318,1.927,1.33,2.194,2.051,0.427,0.445,0.501
1.318,1.927,1.33,2.194,2.05,0.426,0.446,0.501
1.318,1.926,1.331,2.193,2.05,0.426,0.446,0.501
1.318,1.925,1.331,2.193,2.049,0.426,0.446,0.5
1.318,1.924,1.332,2.193,2.049,0.425,0.446,0.5
1.318,1.923,1.333,2.193,2.048,0.425,0.446,0.5
1.319,1.922,1.333,2.193,2.048,0.424,0.446,0.499
1.319,1.921,1.334,2.193,2.047,0.424,0.446,0.499
1.319,1.92,1.334,2.193,2.047,0.424,0.446,0.499
1.319,1.919,1.335,2.193,2.046,0.423,0.446,0.498
1.319,1.918,1.335,2.192,2.046,0.423,0.446,0.498
1.319,1.917,1.336,2.192,2.045,0.423,0.447,0.498
1.319,1.916,1.336,2.192,2.045,0.422,0.446,0.497
1.319,1.916,1.337,2.192,2.044,0.422,0.447,0.497
1.32,1.914,1.337,2.192,2.043,0.422,0.447,0.497
1.319,1.914,1.338,2.192,2.043,0.421,0.447,0.496
1.32,1.913,1.338,2.192,2.043,0.421,0.447,0.496
1.32,1.912,1.339,2.191,2.042,0.42,0.447,0.496
1.32,1.911,1.34,2.191,2.041,0.42,0.447,0.495
1.32,1.91,1.34,2.191,2.041,0.42,0.447,0.495
1.32,1.909,1.341,2.191,2.04,0.419,0.447,0.494
1.32,1.908,1.341,2.191,2.04,0.419,0.447,0.494
1.32,1.907,1.342,2.191,2.039,0.418,0.447,0.494
1.32,1.906,1.342,2.19,2.039,0.418,0.447,0.493
1.32,1.905,1.343,2.19,2.038,0.418,0.447,0.493
1.32,1.904,1.343,2.19,2.038,0.417,0.448,0.493
1.321,1.903,1.344,2.19,2.037,0.417,0.448,0.493
1.321,1.902,1.345,2.19,2.037,0.416,0.448,0.492
1.32,1.901,1.345,2.19,2.036,0.416,0.448,0.492
1.32,1.9,1.345,2.189,2.036,0.416,0.448,0.492
1.321,1.899,1.346,2.189,2.035,0.415,0.448,0.491
1.321,1.899,1.347,2.189,2.035,0.415,0.448,0.491
1.321,1.898,1.347,2.189,2.034,0.415,0.448,0.49
1.321,1.897,1.348,2.189,2.034,0.414,0.448,0.49
1.321,1.896,1.349,2.189,2.033,0.414,0.448,0.49
1.321,1.894,1.349,2.188,2.033,0.413,0.449,0.489
1.321,1.894,1.349,2.189,2.032,0.413,0.449,0.489
1.321,1.893,1.35,2.188,2.032,0.413,0.449,0.489
1.321,1.892,1.35,2.188,2.031,0.412,0.449,0.489
1.321,1.891,1.351,2.188,2.031,0.412,0.449,0.488
1.321,1.89,1.351,2.188,2.03,0.411,0.449,0.488
1.321,1.889,1.352,2.188,2.03,0.411,0.449,0.488
1.321,1.888,1.353,2.188,2.029,0.411,0.449,0.487
1.321,1.887,1.353,2.187,2.028,0.41,0.449,0.487
1.321,1.886,1.354,2.187,2.028,0.41,0.449,0.486
1.321,1.885,1.354,2.187,2.027,0.409,0.449,0.486
1.321,1.884,1.354,2.187,2.027,0.409,0.449,0.486
1.321,1.883,1.355,2.186,2.026,0.409,0.449,0.486
1.321,1.882,1.356,2.186,2.026,0.408,0.449,0.485
1.321,1.881,1.356,2.186,2.025,0.408,0.45,0.485
1.321,1.88,1.357,2.186,2.024,0.408,0.45,0.485
1.321,1.879,1.357,2.186,2.024,0.407,0.45,0.484
1.321,1.878,1.357,2.185,2.023,0.407,0.45,0.484
1.321,1.877,1.358,2.185,2.023,0.406,0.45,0.484
1.321,1.876,1.359,2.185,2.023,0.406,0.45,0.484
1.321,1.875,1.359,2.185,2.022,0.406,0.448,0.482
1.318,1.87,1.357,2.18,2.017,0.404,0.449,0.482
1.318,1.869,1.357,2.18,2.017,0.404,0.449,0.481
1.318,1.868,1.357,2.179,2.016,0.404,0.449,0.481
1.318,1.867,1.358,2.179,2.015,0.403,0.449,0.481
1.318,1.866,1.358,2.179,2.015,0.403,0.449,0.48
1.318,1.865,1.359,2.179,2.014,0.402,0.449,0.48
1.318,1.864,1.359,2.179,2.014,0.402,0.449,0.48
1.318,1.863,1.36,2.178,2.013,0.401,0.45,0.479
1.318,1.862,1.361,2.178,2.013,0.401,0.45,0.479
1.318,1.861,1.361,2.178,2.012,0.401,0.45,0.479
1.318,1.86,1.362,2.178,2.012,0.4,0.45,0.478
1.318,1.859,1.362,2.178,2.011,0.4,0.45,0.478
1.317,1.858,1.362,2.177,2.011,0.399,0.45,0.478
1.317,1.857,1.363,2.177,2.01,0.399,0.45,0.477
1.317,1.856,1.363,2.177,2.009,0.399,0.45,0.477
1.317,1.855,1.364,2.177,2.009,0.398,0.45,0.477
1.317,1.854,1.364,2.176,2.008,0.398,0.45,0.476
1.317,1.852,1.364,2.176,2.008,0.397,0.45,0.476
1.317,1.852,1.365,2.176,2.007,0.397,0.45,0.476
1.317,1.851,1.366,2.176,2.007,0.396,0.45,0.475
1.317,1.85,1.366,2.175,2.006,0.396,0.451,0.475
1.317,1.848,1.367,2.175,2.006,0.396,0.45,0.475
1.317,1.847,1.367,2.175,2.005,0.395,0.451,0.475
1.316,1.847,1.368,2.175,2.004,0.395,0.451,0.474
1.316,1.845,1.368,2.175,2.004,0.394,0.451,0.474
1.316,1.844,1.368,2.175,2.003,0.394,0.451,0.474
1.316,1.843,1.369,2.174,2.003,0.394,0.451,0.473
1.316,1.843,1.369,2.174,2.002,0.393,0.451,0.473
1.316,1.841,1.37,2.174,2.002,0.393,0.451,0.473
1.316,1.84,1.37,2.174,2.001,0.392,0.451,0.472
1.316,1.839,1.371,2.173,2.0,0.392,0.451,0.472
1.316,1.838,1.371,2.173,2.0,0.391,0.451,0.472
1.316,1.837,1.372,2.173,1.999,0.391,0.451,0.472
1.315,1.837,1.372,2.173,1.999,0.391,0.451,0.471
1.315,1.835,1.372,2.173,1.999,0.39,0.451,0.471
1.315,1.834,1.373,2.172,1.998,0.39,0.451,0.471
1.315,1.834,1.373,2.172,1.998,0.389,0.451,0.47
1.315,1.832,1.374,2.172,1.997,0.389,0.451,0.47
1.315,1.831,1.374,2.172,1.997,0.389,0.451,0.47
1.314,1.83,1.375,2.172,1.996,0.388,0.451,0.469
1.314,1.829,1.375,2.171,1.995,0.388,0.451,0.469
1.314,1.828,1.375,2.171,1.994,0.387,0.451,0.469
1.314,1.827,1.376,2.171,1.994,0.387,0.451,0.469
1.314,1.826,1.376,2.17,1.993,0.387,0.452,0.468
1.313,1.825,1.376,2.17,1.993,0.386,0.451,0.468
1.313,1.824,1.377,2.17,1.992,0.386,0.452,0.468
1.313,1.823,1.377,2.17,1.991,0.385,0.452,0.468
1.313,1.822,1.378,2.169,1.991,0.385,0.452,0.467
1.313,1.821,1.378,2.169,1.99,0.384,0.452,0.467
1.313,1.82,1.378,2.169,1.99,0.384,0.452,0.466
1.312,1.819,1.379,2.169,1.989,0.384,0.452,0.466
1.312,1.818,1.379,2.168,1.989,0.383,0.452,0.466
1.312,1.817,1.38,2.168,1.988,0.383,0.452,0.466
1.312,1.816,1.38,2.168,1.987,0.382,0.452,0.465
1.312,1.815,1.381,2.168,1.987,0.382,0.452,0.465
1.311,1.814,1.381,2.167,1.986,0.381,0.452,0.465
1.311,1.813,1.381,2.167,1.986,0.381,0.452,0.464
1.311,1.812,1.382,2.167,1.985,0.381,0.452,0.464
1.311,1.811,1.382,2.167,1.985,0.38,0.452,0.464
1.311,1.81,1.382,2.167,1.984,0.38,0.452,0.463
1.31,1.809,1.383,2.166,1.984,0.379,0.452,0.463
1.31,1.808,1.383,2.166,1.983,0.379,0.452,0.463
1.31,1.807,1.384,2.166,1.983,0.379,0.452,0.463
1.31,1.806,1.385,2.172,1.987,0.379,0.453,0.463
1.311,1.806,1.386,2.168,1.984,0.378,0.453,0.463
1.31,1.804,1.385,2.166,1.982,0.377,0.452,0.462
1.312,1.806,1.388,2.168,1.983,0.377,0.453,0.462
1.313,1.808,1.39,2.171,1.986,0.378,0.454,0.462
1.312,1.806,1.39,2.171,1.985,0.377,0.454,0.462
1.312,1.804,1.39,2.17,1.984,0.377,0.454,0.462
1.31,1.801,1.388,2.167,1.981,0.376,0.453,0.461
1.309,1.798,1.387,2.164,1.978,0.375,0.453,0.46
1.311,1.8,1.39,2.167,1.98,0.375,0.453,0.46
1.312,1.801,1.393,2.17,1.983,0.375,0.454,0.461
1.311,1.8,1.393,2.169,1.982,0.375,0.454,0.461
1.31,1.798,1.392,2.168,1.981,0.374,0.454,0.46
1.308,1.795,1.391,2.166,1.978,0.374,0.454,0.459
1.307,1.792,1.39,2.163,1.975,0.373,0.453,0.458
1.309,1.794,1.393,2.165,1.977,0.373,0.453,0.458
1.311,1.796,1.395,2.169,1.98,0.373,0.454,0.459
1.31,1.794,1.395,2.168,1.979,0.373,0.454,0.459
1.309,1.792,1.395,2.167,1.978,0.372,0.454,0.458
1.307,1.789,1.394,2.165,1.975,0.371,0.454,0.458
1.306,1.786,1.393,2.161,1.972,0.37,0.453,0.457
1.308,1.788,1.395,2.164,1.973,0.37,0.453,0.456
1.31,1.79,1.398,2.167,1.977,0.371,0.454,0.457
1.309,1.788,1.397,2.167,1.976,0.37,0.455,0.457
1.308,1.786,1.398,2.166,1.974,0.37,0.454,0.457
1.306,1.783,1.396,2.163,1.972,0.369,0.454,0.456
1.305,1.78,1.395,2.16,1.969,0.368,0.453,0.455
1.307,1.782,1.397,2.163,1.97,0.368,0.454,0.455
1.308,1.784,1.4,2.166,1.974,0.368,0.455,0.455
1.307,1.782,1.4,2.166,1.973,0.368,0.455,0.455
1.307,1.781,1.4,2.165,1.971,0.367,0.455,0.455
1.305,1.777,1.399,2.162,1.969,0.367,0.454,0.454
1.303,1.774,1.397,2.159,1.966,0.366,0.454,0.453
1.305,1.776,1.4,2.161,1.967,0.366,0.454,0.453
1.307,1.778,1.402,2.165,1.97,0.366,0.455,0.454
1.306,1.776,1.402,2.165,1.97,0.366,0.455,0.454
1.305,1.775,1.402,2.163,1.968,0.365,0.455,0.453
1.303,1.771,1.401,2.161,1.966,0.364,0.455,0.453
1.302,1.769,1.4,2.158,1.963,0.364,0.454,0.452
1.304,1.77,1.402,2.16,1.964,0.363,0.454,0.451
1.306,1.772,1.405,2.164,1.967,0.364,0.455,0.452
1.305,1.77,1.405,2.163,1.967,0.364,0.455,0.452
1.304,1.769,1.405,2.162,1.965,0.363,0.455,0.451
1.302,1.766,1.404,2.16,1.963,0.362,0.455,0.451
1.301,1.763,1.402,2.156,1.96,0.361,0.454,0.45
1.302,1.764,1.405,2.158,1.961,0.361,0.454,0.45
1.304,1.767,1.407,2.163,1.964,0.362,0.455,0.45
1.303,1.765,1.408,2.162,1.964,0.361,0.456,0.45
1.303,1.763,1.407,2.161,1.963,0.361,0.455,0.45
1.301,1.76,1.407,2.159,1.961,0.36,0.455,0.449
1.299,1.757,1.405,2.155,1.957,0.359,0.455,0.448
1.301,1.758,1.407,2.157,1.957,0.359,0.455,0.448
1.302,1.76,1.41,2.161,1.961,0.359,0.456,0.448
1.302,1.759,1.41,2.161,1.961,0.359,0.456,0.449
1.301,1.757,1.41,2.16,1.959,0.359,0.456,0.448
1.299,1.754,1.409,2.158,1.957,0.358,0.455,0.448
1.298,1.751,1.407,2.154,1.954,0.357,0.455,0.447
1.299,1.752,1.409,2.156,1.954,0.357,0.455,0.446
1.301,1.755,1.412,2.16,1.958,0.357,0.456,0.447
1.3,1.753,1.413,2.16,1.958,0.357,0.456,0.447
1.3,1.751,1.412,2.158,1.957,0.356,0.456,0.445
1.296,1.746,1.409,2.153,1.951,0.355,0.455,0.445
1.296,1.745,1.41,2.153,1.95,0.355,0.455,0.445
1.296,1.744,1.41,2.152,1.95,0.354,0.455,0.445
1.295,1.743,1.41,2.152,1.949,0.354,0.455,0.444
1.295,1.742,1.411,2.152,1.949,0.354,0.455,0.444
1.295,1.741,1.411,2.152,1.949,0.353,0.455,0.444
1.294,1.74,1.411,2.152,1.948,0.353,0.455,0.443
1.294,1.739,1.411,2.151,1.947,0.353,0.455,0.443
1.294,1.738,1.412,2.151,1.947,0.352,0.455,0.443
1.294,1.738,1.413,2.151,1.946,0.352,0.455,0.443
1.293,1.736,1.413,2.15,1.946,0.351,0.455,0.442
1.293,1.735,1.413,2.15,1.945,0.351,0.455,0.442
1.293,1.734,1.414,2.149,1.945,0.351,0.455,0.442
1.292,1.733,1.414,2.15,1.944,0.35,0.455,0.441
1.292,1.732,1.414,2.149,1.944,0.35,0.455,0.441
1.292,1.731,1.414,2.149,1.943,0.35,0.455,0.441
1.291,1.73,1.415,2.149,1.942,0.349,0.455,0.441
1.291,1.729,1.415,2.149,1.942,0.349,0.456,0.44
1.291,1.728,1.416,2.148,1.942,0.349,0.455,0.44
1.291,1.727,1.416,2.149,1.941,0.348,0.455,0.44
1.29,1.727,1.417,2.148,1.941,0.348,0.455,0.44
1.29,1.726,1.417,2.148,1.94,0.347,0.456,0.439
1.29,1.724,1.417,2.148,1.939,0.347,0.456,0.439
1.289,1.724,1.418,2.147,1.939,0.347,0.456,0.439
1.289,1.722,1.418,2.147,1.938,0.346,0.455,0.438
1.289,1.721,1.419,2.147,1.938,0.346,0.456,0.438
1.288,1.721,1.419,2.147,1.938,0.345,0.456,0.438
1.288,1.72,1.419,2.146,1.937,0.345,0.456,0.438
1.288,1.718,1.42,2.146,1.936,0.345,0.456,0.438
1.287,1.717,1.42,2.146,1.936,0.345,0.456,0.437
1.287,1.717,1.42,2.145,1.936,0.344,0.456,0.437
1.287,1.716,1.42,2.145,1.935,0.344,0.456,0.437
1.286,1.715,1.421,2.145,1.934,0.343,0.456,0.436
1.286,1.714,1.421,2.145,1.934,0.343,0.456,0.436
1.286,1.713,1.422,2.145,1.934,0.343,0.456,0.436
1.285,1.712,1.422,2.145,1.933,0.342,0.456,0.436
1.285,1.711,1.423,2.144,1.933,0.342,0.456,0.435
1.285,1.71,1.423,2.144,1.932,0.342,0.456,0.435
1.285,1.709,1.423,2.144,1.932,0.341,0.456,0.435
1.284,1.708,1.424,2.144,1.931,0.341,0.456,0.434
1.284,1.707,1.424,2.143,1.931,0.341,0.456,0.434
1.283,1.706,1.424,2.143,1.93,0.34,0.456,0.434
1.283,1.705,1.424,2.143,1.929,0.34,0.456,0.434
1.283,1.704,1.425,2.143,1.929,0.34,0.456,0.433
1.282,1.703,1.425,2.143,1.928,0.339,0.456,0.433
1.282,1.702,1.425,2.142,1.928,0.339,0.456,0.433
1.282,1.701,1.426,2.142,1.927,0.338,0.456,0.433
1.282,1.701,1.426,2.142,1.927,0.338,0.456,0.432
1.281,1.7,1.427,2.141,1.927,0.338,0.456,0.432
1.281,1.698,1.427,2.141,1.926,0.338,0.456,0.432
1.28,1.698,1.427,2.141,1.926,0.337,0.456,0.432
1.28,1.697,1.428,2.141,1.925,0.337,0.456,0.431
1.28,1.696,1.428,2.141,1.925,0.336,0.456,0.431
1.28,1.695,1.428,2.141,1.924,0.336,0.456,0.431
1.279,1.694,1.429,2.14,1.924,0.336,0.456,0.431
1.279,1.693,1.429,2.14,1.923,0.335,0.456,0.43
1.279,1.692,1.429,2.14,1.923,0.335,0.456,0.43
1.278,1.691,1.429,2.14,1.922,0.335,0.456,0.43
1.278,1.69,1.43,2.139,1.922,0.334,0.456,0.43
1.277,1.689,1.43,2.139,1.921,0.334,0.456,0.429
1.277,1.688,1.431,2.139,1.921,0.333,0.457,0.429
1.276,1.688,1.431,2.139,1.92,0.333,0.456,0.429
1.276,1.687,1.431,2.139,1.92,0.333,0.456,0.429
1.276,1.686,1.432,2.146,1.923,0.333,0.457,0.429
1.278,1.688,1.435,2.143,1.923,0.333,0.457,0.429
1.278,1.687,1.435,2.142,1.922,0.332,0.457,0.429
1.277,1.686,1.436,2.142,1.922,0.332,0.457,0.429
1.277,1.686,1.436,2.142,1.921,0.332,0.458,0.429
1.277,1.685,1.436,2.142,1.921,0.332,0.457,0.428
1.276,1.684,1.437,2.142,1.92,0.331,0.458,0.428
1.276,1.683,1.437,2.142,1.92,0.331,0.457,0.428
1.276,1.682,1.437,2.141,1.92,0.331,0.457,0.428
1.275,1.681,1.438,2.141,1.919,0.33,0.457,0.427
1.275,1.68,1.438,2.141,1.919,0.33,0.457,0.427
1.275,1.679,1.438,2.141,1.918,0.33,0.458,0.427
1.274,1.678,1.439,2.141,1.918,0.329,0.458,0.427
1.274,1.678,1.439,2.14,1.918,0.329,0.458,0.426
1.274,1.677,1.439,2.14,1.917,0.329,0.458,0.426
1.273,1.676,1.44,2.14,1.917,0.328,0.458,0.426
1.273,1.675,1.44,2.14,1.916,0.328,0.458,0.426
1.272,1.674,1.44,2.139,1.916,0.328,0.458,0.426
1.272,1.673,1.441,2.139,1.915,0.327,0.458,0.425
1.272,1.672,1.441,2.139,1.915,0.327,0.458,0.425
1.271,1.672,1.441,2.139,1.914,0.327,0.458,0.425
1.271,1.671,1.442,2.139,1.914,0.327,0.458,0.425
1.271,1.67,1.442,2.138,1.913,0.326,0.458,0.424
1.27,1.669,1.442,2.138,1.913,0.326,0.458,0.424
1.27,1.668,1.443,2.138,1.912,0.326,0.458,0.424
1.27,1.667,1.443,2.138,1.912,0.325,0.458,0.424
1.269,1.666,1.443,2.137,1.911,0.325,0.458,0.423
1.269,1.666,1.444,2.137,1.911,0.324,0.458,0.423
1.269,1.665,1.444,2.138,1.911,0.324,0.458,0.423
1.268,1.664,1.445,2.137,1.91,0.324,0.458,0.423
1.268,1.663,1.445,2.137,1.91,0.323,0.458,0.422
1.267,1.662,1.445,2.137,1.909,0.323,0.458,0.422
1.267,1.661,1.445,2.136,1.909,0.323,0.458,0.422
1.267,1.66,1.446,2.136,1.908,0.323,0.458,0.422
1.266,1.66,1.446,2.136,1.908,0.322,0.458,0.422
1.266,1.659,1.447,2.136,1.907,0.322,0.458,0.421
1.265,1.658,1.447,2.135,1.907,0.322,0.458,0.421
1.265,1.657,1.447,2.135,1.906,0.321,0.458,0.421
1.265,1.656,1.447,2.135,1.906,0.321,0.458,0.421
1.264,1.655,1.448,2.135,1.905,0.321,0.458,0.42
1.264,1.654,1.448,2.135,1.905,0.321,0.458,0.42
1.263,1.654,1.448,2.134,1.904,0.32,0.458,0.42
1.263,1.653,1.449,2.134,1.904,0.32,0.458,0.42
1.263,1.652,1.449,2.134,1.903,0.32,0.458,0.42
1.262,1.651,1.449,2.134,1.903,0.319,0.458,0.419
1.262,1.65,1.45,2.133,1.902,0.319,0.458,0.419
1.261,1.65,1.45,2.133,1.902,0.319,0.458,0.419
1.261,1.649,1.45,2.133,1.902,0.318,0.458,0.419
1.261,1.648,1.451,2.133,1.901,0.318,0.458,0.418
1.26,1.647,1.451,2.133,1.901,0.318,0.458,0.418
1.26,1.646,1.451,2.132,1.9,0.318,0.458,0.418
1.26,1.646,1.452,2.132,1.9,0.317,0.458,0.418
1.259,1.644,1.452,2.132,1.899,0.317,0.458,0.417
1.259,1.644,1.452,2.132,1.899,0.317,0.458,0.417
1.258,1.643,1.452,2.131,1.899,0.316,0.458,0.417
1.258,1.642,1.453,2.131,1.898,0.316,0.459,0.417
1.257,1.641,1.453,2.131,1.898,0.316,0.458,0.417
1.257,1.64,1.453,2.131,1.897,0.315,0.458,0.416
1.257,1.64,1.454,2.131,1.897,0.315,0.458,0.416
1.256,1.639,1.454,2.131,1.896,0.315,0.458,0.416
1.256,1.638,1.454,2.131,1.896,0.314,0.458,0.416
1.255,1.637,1.455,2.131,1.896,0.314,0.459,0.415
1.255,1.636,1.455,2.13,1.895,0.314,0.458,0.415
1.255,1.636,1.455,2.13,1.894,0.313,0.459,0.415
1.254,1.635,1.456,2.129,1.894,0.313,0.458,0.415
1.254,1.634,1.456,2.129,1.894,0.313,0.458,0.415
1.253,1.633,1.456,2.129,1.893,0.313,0.458,0.414
1.253,1.632,1.456,2.129,1.893,0.312,0.459,0.414
1.252,1.632,1.457,2.129,1.892,0.312,0.458,0.414
1.252,1.631,1.457,2.129,1.892,0.312,0.458,0.414
1.251,1.63,1.457,2.129,1.891,0.311,0.458,0.413
1.251,1.629,1.457,2.128,1.891,0.311,0.458,0.413
1.251,1.629,1.458,2.128,1.89,0.311,0.458,0.413
1.25,1.628,1.458,2.128,1.89,0.31,0.458,0.413
1.25,1.627,1.458,2.127,1.889,0.31,0.458,0.413
1.249,1.626,1.459,2.127,1.889,0.31,0.458,0.412
1.249,1.625,1.459,2.127,1.888,0.31,0.458,0.412
1.248,1.625,1.459,2.127,1.888,0.309,0.459,0.412
1.248,1.624,1.459,2.127,1.888,0.309,0.458,0.412
1.248,1.623,1.46,2.127,1.887,0.309,0.458,0.411
1.247,1.622,1.46,2.126,1.887,0.309,0.458,0.411
1.247,1.622,1.46,2.126,1.886,0.308,0.458,0.411
1.246,1.621,1.46,2.126,1.886,0.308,0.458,0.411
1.246,1.62,1.461,2.126,1.885,0.308,0.458,0.41
1.245,1.619,1.461,2.125,1.885,0.307,0.458,0.41
1.245,1.618,1.461,2.125,1.884,0.307,0.458,0.41
1.244,1.617,1.462,2.125,1.884,0.307,0.458,0.41
1.244,1.617,1.462,2.125,1.883,0.307,0.458,0.41
1.244,1.616,1.462,2.124,1.883,0.306,0.458,0.409
1.243,1.615,1.462,2.124,1.883,0.306,0.458,0.409
1.243,1.615,1.463,2.124,1.882,0.306,0.458,0.409
1.242,1.614,1.463,2.124,1.882,0.305,0.458,0.409
1.242,1.613,1.463,2.123,1.881,0.305,0.458,0.409
1.241,1.612,1.464,2.123,1.881,0.305,0.458,0.408
1.241,1.612,1.464,2.123,1.88,0.305,0.458,0.408
1.24,1.611,1.464,2.123,1.88,0.304,0.458,0.408
1.24,1.61,1.464,2.123,1.879,0.304,0.458,0.408
1.24,1.61,1.465,2.123,1.879,0.304,0.458,0.407
1.239,1.609,1.465,2.122,1.878,0.303,0.458,0.407
1.239,1.608,1.465,2.122,1.878,0.303,0.458,0.407
1.238,1.607,1.466,2.122,1.878,0.303,0.458,0.407
1.238,1.606,1.466,2.122,1.877,0.303,0.458,0.407
1.237,1.606,1.466,2.122,1.877,0.302,0.458,0.406
1.237,1.605,1.466,2.121,1.876,0.302,0.458,0.406
1.237,1.604,1.467,2.121,1.876,0.302,0.458,0.406
1.236,1.604,1.467,2.121,1.875,0.301,0.458,0.406
1.236,1.603,1.467,2.121,1.875,0.301,0.458,0.406
1.235,1.602,1.467,2.121,1.875,0.301,0.458,0.405
1.235,1.602,1.468,2.121,1.874,0.301,0.458,0.405
1.234,1.601,1.468,2.121,1.874,0.3,0.458,0.405
1.234,1.6,1.468,2.12,1.873,0.3,0.458,0.405
1.234,1.6,1.468,2.12,1.873,0.3,0.458,0.405
1.233,1.599,1.469,2.12,1.872,0.299,0.458,0.404
1.233,1.598,1.469,2.12,1.872,0.299,0.458,0.404
1.232,1.597,1.469,2.119,1.872,0.299,0.458,0.404
1.232,1.597,1.47,2.119,1.871,0.299,0.458,0.403
1.231,1.596,1.47,2.119,1.871,0.298,0.458,0.403
1.231,1.595,1.47,2.119,1.87,0.298,0.458,0.403
1.23,1.595,1.47,2.118,1.87,0.298,0.458,0.403
1.23,1.594,1.47,2.119,1.869,0.298,0.458,0.402
1.229,1.593,1.471,2.118,1.869,0.298,0.458,0.402
1.229,1.592,1.471,2.118,1.868,0.297,0.458,0.402
1.228,1.592,1.471,2.118,1.868,0.297,0.458,0.402
1.228,1.591,1.471,2.118,1.868,0.297,0.458,0.402
1.228,1.59,1.472,2.117,1.867,0.297,0.458,0.402
1.227,1.589,1.472,2.117,1.867,0.296,0.458,0.401
1.227,1.589,1.472,2.117,1.866,0.296,0.458,0.401
1.226,1.588,1.473,2.117,1.866,0.296,0.458,0.401
1.226,1.587,1.473,2.117,1.866,0.295,0.458,0.401
1.225,1.587,1.473,2.117,1.865,0.295,0.458,0.401
1.225,1.586,1.473,2.116,1.865,0.295,0.458,0.4
1.224,1.585,1.473,2.116,1.864,0.294,0.458,0.4
1.224,1.585,1.474,2.116,1.864,0.295,0.458,0.4
1.224,1.584,1.474,2.116,1.864,0.294,0.458,0.4
1.223,1.583,1.474,2.116,1.863,0.294,0.458,0.4
1.223,1.583,1.475,2.115,1.863,0.294,0.458,0.399
1.222,1.582,1.475,2.115,1.862,0.294,0.458,0.399
1.222,1.581,1.475,2.115,1.862,0.293,0.458,0.399
1.221,1.581,1.476,2.115,1.861,0.293,0.458,0.399
1.221,1.58,1.476,2.115,1.861,0.293,0.458,0.399
1.22,1.579,1.476,2.114,1.861,0.293,0.458,0.398
1.22,1.579,1.476,2.114,1.86,0.292,0.458,0.398
1.22,1.578,1.477,2.114,1.86,0.292,0.458,0.398
1.219,1.577,1.477,2.114,1.859,0.292,0.458,0.398
1.219,1.576,1.477,2.114,1.859,0.292,0.458,0.397
1.218,1.576,1.477,2.114,1.859,0.291,0.458,0.397
1.218,1.575,1.478,2.113,1.858,0.291,0.458,0.397
1.217,1.574,1.478,2.113,1.858,0.291,0.458,0.397
1.217,1.574,1.478,2.113,1.857,0.291,0.458,0.397
1.217,1.573,1.478,2.113,1.857,0.29,0.458,0.396
1.216,1.573,1.479,2.113,1.857,0.29,0.458,0.396
1.216,1.572,1.479,2.112,1.856,0.29,0.458,0.396
1.215,1.571,1.479,2.112,1.856,0.29,0.458,0.396
1.215,1.571,1.48,2.112,1.855,0.289,0.458,0.396
1.214,1.57,1.48,2.112,1.855,0.289,0.458,0.396
1.214,1.569,1.48,2.112,1.855,0.289,0.458,0.395
1.214,1.569,1.481,2.112,1.854,0.289,0.458,0.395
1.213,1.568,1.481,2.112,1.854,0.288,0.458,0.395
1.213,1.567,1.481,2.111,1.854,0.288,0.458,0.395
1.212,1.567,1.481,2.111,1.853,0.288,0.458,0.395
1.212,1.566,1.482,2.111,1.853,0.288,0.458,0.394
1.212,1.566,1.482,2.111,1.852,0.287,0.458,0.394
1.211,1.565,1.482,2.111,1.852,0.287,0.458,0.394
1.211,1.564,1.482,2.111,1.852,0.287,0.458,0.394
1.21,1.564,1.483,2.11,1.851,0.287,0.458,0.394
1.21,1.563,1.483,2.11,1.851,0.287,0.458,0.394
1.209,1.562,1.483,2.11,1.85,0.286,0.458,0.393
1.209,1.562,1.483,2.11,1.85,0.286,0.458,0.393
1.208,1.561,1.484,2.109,1.849,0.286,0.458,0.393
1.208,1.56,1.484,2.109,1.849,0.286,0.458,0.393
1.208,1.56,1.484,2.109,1.849,0.286,0.458,0.393
1.207,1.559,1.484,2.109,1.848,0.285,0.458,0.392
1.207,1.559,1.485,2.109,1.848,0.285,0.458,0.392
1.206,1.558,1.485,2.108,1.847,0.285,0.458,0.392
1.206,1.557,1.485,2.108,1.847,0.285,0.458,0.392
1.205,1.556,1.485,2.108,1.847,0.284,0.458,0.391
1.205,1.556,1.486,2.108,1.846,0.284,0.458,0.391
1.204,1.555,1.486,2.108,1.846,0.284,0.458,0.391
1.204,1.555,1.486,2.108,1.846,0.284,0.458,0.391
1.204,1.554,1.487,2.107,1.845,0.283,0.458,0.391
1.203,1.554,1.487,2.108,1.845,0.283,0.458,0.391
1.203,1.553,1.487,2.107,1.845,0.283,0.458,0.391
1.203,1.552,1.488,2.107,1.844,0.283,0.458,0.391
1.202,1.552,1.488,2.107,1.844,0.283,0.458,0.39
1.202,1.551,1.488,2.107,1.843,0.283,0.458,0.39
1.201,1.55,1.488,2.107,1.843,0.282,0.458,0.39
1.201,1.55,1.489,2.107,1.843,0.282,0.458,0.39
1.201,1.549,1.489,2.106,1.842,0.282,0.458,0.39
1.2,1.549,1.489,2.106,1.842,0.282,0.458,0.389
1.2,1.548,1.49,2.106,1.842,0.281,0.458,0.389
1.199,1.548,1.49,2.106,1.842,0.281,0.458,0.389
1.199,1.547,1.49,2.106,1.841,0.281,0.458,0.389
1.198,1.546,1.49,2.105,1.841,0.281,0.458,0.389
1.198,1.546,1.491,2.105,1.84,0.281,0.458,0.388
1.197,1.545,1.491,2.105,1.84,0.28,0.458,0.388
1.197,1.545,1.491,2.105,1.84,0.28,0.458,0.388
1.197,1.544,1.492,2.105,1.839,0.28,0.458,0.388
1.196,1.543,1.492,2.105,1.839,0.28,0.458,0.388
1.196,1.543,1.492,2.105,1.839,0.28,0.458,0.388
1.195,1.542,1.492,2.105,1.838,0.279,0.458,0.388
1.195,1.541,1.493,2.105,1.838,0.279,0.458,0.387
1.195,1.541,1.493,2.104,1.837,0.279,0.458,0.387
1.194,1.54,1.493,2.104,1.837,0.279,0.458,0.387
1.194,1.54,1.494,2.104,1.837,0.278,0.458,0.387
1.193,1.539,1.494,2.104,1.837,0.278,0.458,0.387
1.193,1.538,1.494,2.103,1.836,0.278,0.458,0.386
1.193,1.538,1.494,2.103,1.835,0.278,0.458,0.386
1.192,1.537,1.494,2.103,1.835,0.278,0.458,0.386
1.192,1.537,1.495,2.103,1.835,0.277,0.458,0.386
1.191,1.536,1.495,2.103,1.835,0.277,0.458,0.386
1.191,1.535,1.495,2.103,1.834,0.277,0.458,0.385
1.191,1.535,1.496,2.103,1.834,0.277,0.459,0.385
1.19,1.534,1.496,2.102,1.833,0.277,0.458,0.385
1.19,1.534,1.496,2.102,1.833,0.276,0.458,0.385
1.189,1.533,1.496,2.102,1.833,0.276,0.459,0.385
1.189,1.533,1.497,2.102,1.832,0.276,0.459,0.385
1.189,1.532,1.497,2.102,1.832,0.276,0.458,0.384
1.188,1.532,1.497,2.102,1.832,0.276,0.458,0.384
1.188,1.531,1.498,2.102,1.831,0.275,0.459,0.384
1.187,1.53,1.498,2.101,1.831,0.275,0.458,0.384
1.187,1.53,1.498,2.101,1.83,0.275,0.459,0.384
1.186,1.529,1.498,2.101,1.83,0.275,0.459,0.384
1.186,1.529,1.498,2.101,1.83,0.275,0.459,0.383
1.186,1.528,1.499,2.101,1.83,0.274,0.459,0.383
1.185,1.527,1.499,2.101,1.829,0.274,0.459,0.383
1.185,1.527,1.5,2.1,1.829,0.274,0.459,0.383
1.184,1.526,1.5,2.1,1.829,0.274,0.459,0.383
1.184,1.526,1.5,2.1,1.828,0.274,0.459,0.382
1.184,1.525,1.5,2.1,1.828,0.273,0.459,0.382
1.183,1.525,1.5,2.1,1.828,0.273,0.459,0.382
1.183,1.524,1.501,2.099,1.827,0.273,0.459,0.382
1.182,1.523,1.501,2.099,1.827,0.273,0.459,0.382
1.182,1.523,1.501,2.099,1.827,0.273,0.459,0.382
1.182,1.522,1.502,2.099,1.826,0.273,0.459,0.382
1.181,1.522,1.502,2.099,1.826,0.272,0.459,0.381
1.181,1.521,1.502,2.099,1.825,0.272,0.459,0.381
1.18,1.521,1.503,2.099,1.825,0.272,0.459,0.381
1.18,1.52,1.503,2.099,1.825,0.272,0.459,0.381
1.18,1.519,1.503,2.099,1.824,0.272,0.459,0.381
1.179,1.519,1.504,2.098,1.824,0.271,0.459,0.381
1.179,1.519,1.504,2.098,1.824,0.271,0.459,0.38
1.178,1.518,1.504,2.098,1.824,0.271,0.459,0.38
1.178,1.517,1.504,2.098,1.823,0.271,0.459,0.38
1.178,1.517,1.504,2.098,1.823,0.271,0.459,0.38
1.177,1.516,1.505,2.098,1.823,0.27,0.459,0.38
1.177,1.516,1.505,2.097,1.822,0.27,0.459,0.38
1.176,1.515,1.505,2.097,1.822,0.27,0.459,0.38
1.176,1.514,1.505,2.097,1.821,0.27,0.459,0.379
1.175,1.514,1.506,2.097,1.821,0.27,0.459,0.379
1.175,1.513,1.506,2.097,1.821,0.269,0.459,0.379
1.175,1.513,1.506,2.096,1.82,0.269,0.459,0.379
1.174,1.512,1.506,2.097,1.82,0.269,0.459,0.378
1.174,1.512,1.507,2.096,1.819,0.269,0.459,0.378
1.173,1.511,1.507,2.096,1.819,0.269,0.459,0.378
1.173,1.511,1.507,2.096,1.819,0.268,0.459,0.378
1.173,1.51,1.507,2.096,1.818,0.268,0.459,0.378
1.172,1.509,1.508,2.096,1.818,0.268,0.459,0.378
1.172,1.509,1.508,2.095,1.818,0.268,0.459,0.378
1.171,1.508,1.508,2.095,1.817,0.267,0.459,0.377
1.171,1.508,1.508,2.095,1.817,0.267,0.459,0.377
1.17,1.507,1.508,2.095,1.816,0.267,0.459,0.377
1.17,1.506,1.509,2.094,1.816,0.267,0.459,0.377
1.169,1.506,1.509,2.094,1.816,0.267,0.459,0.377
1.169,1.505,1.509,2.094,1.815,0.267,0.459,0.376
1.169,1.505,1.509,2.094,1.815,0.266,0.459,0.376
1.168,1.504,1.51,2.094,1.814,0.266,0.459,0.376
1.168,1.504,1.51,2.093,1.814,0.266,0.459,0.376
1.167,1.503,1.51,2.093,1.814,0.266,0.459,0.376
1.167,1.503,1.511,2.093,1.813,0.266,0.459,0.376
1.166,1.502,1.511,2.093,1.813,0.265,0.459,0.376
1.166,1.501,1.511,2.093,1.813,0.265,0.459,0.375
1.166,1.501,1.511,2.093,1.812,0.265,0.459,0.375
1.165,1.5,1.512,2.093,1.812,0.265,0.459,0.375
1.165,1.5,1.512,2.093,1.812,0.265,0.459,0.375
1.164,1.499,1.512,2.092,1.811,0.265,0.459,0.375
1.164,1.499,1.512,2.092,1.811,0.264,0.459,0.374
1.163,1.498,1.512,2.092,1.811,0.264,0.459,0.374
1.163,1.498,1.513,2.092,1.81,0.264,0.459,0.374
1.163,1.497,1.513,2.092,1.81,0.264,0.459,0.374
1.162,1.496,1.513,2.091,1.809,0.264,0.459,0.374
1.162,1.496,1.513,2.091,1.809,0.263,0.459,0.374
1.161,1.495,1.514,2.091,1.809,0.263,0.459,0.373
1.161,1.495,1.514,2.091,1.808,0.263,0.459,0.373
1.161,1.494,1.514,2.091,1.808,0.263,0.459,0.373
1.16,1.494,1.514,2.09,1.807,0.263,0.459,0.372
1.16,1.493,1.514,2.09,1.807,0.262,0.459,0.372
1.159,1.493,1.515,2.09,1.807,0.262,0.459,0.371
1.159,1.492,1.515,2.09,1.806,0.262,0.459,0.371
1.158,1.492,1.515,2.09,1.806,0.262,0.459,0.371
1.158,1.491,1.515,2.089,1.806,0.262,0.459,0.37
1.158,1.49,1.515,2.089,1.805,0.261,0.459,0.37
1.157,1.49,1.516,2.089,1.805,0.261,0.459,0.37
1.157,1.49,1.516,2.089,1.805,0.261,0.459,0.37
1.156,1.489,1.517,2.089,1.804,0.261,0.459,0.369
1.156,1.489,1.517,2.089,1.804,0.261,0.459,0.369
1.155,1.488,1.517,2.088,1.803,0.261,0.459,0.368
1.155,1.488,1.517,2.088,1.803,0.26,0.459,0.368
1.155,1.487,1.517,2.088,1.803,0.26,0.459,0.368
1.154,1.486,1.517,2.088,1.802,0.26,0.459,0.368
1.154,1.486,1.518,2.088,1.802,0.26,0.459,0.367
1.154,1.485,1.518,2.088,1.802,0.26,0.459,0.366
1.153,1.485,1.518,2.087,1.801,0.259,0.459,0.366
1.153,1.484,1.519,2.088,1.801,0.259,0.459,0.366
1.152,1.484,1.519,2.088,1.801,0.259,0.459,0.366
1.152,1.483,1.519,2.087,1.8,0.259,0.459,0.365
1.151,1.483,1.519,2.087,1.8,0.259,0.459,0.365
1.151,1.482,1.519,2.087,1.8,0.259,0.459,0.365
1.151,1.482,1.52,2.087,1.8,0.258,0.459,0.365
1.15,1.481,1.52,2.087,1.799,0.258,0.459,0.365
1.15,1.481,1.52,2.087,1.799,0.258,0.459,0.364
1.149,1.48,1.52,2.086,1.799,0.258,0.459,0.364
1.149,1.48,1.521,2.086,1.798,0.258,0.459,0.364
1.149,1.48,1.521,2.086,1.798,0.257,0.459,0.364
1.148,1.479,1.521,2.086,1.797,0.257,0.459,0.363
1.148,1.478,1.521,2.086,1.797,0.257,0.459,0.363
1.147,1.478,1.522,2.086,1.797,0.257,0.459,0.363
1.147,1.478,1.522,2.086,1.797,0.257,0.459,0.363
1.147,1.477,1.522,2.085,1.796,0.257,0.459,0.362
1.146,1.477,1.522,2.085,1.796,0.256,0.459,0.362
1.146,1.476,1.523,2.085,1.796,0.256,0.459,0.362
1.145,1.476,1.523,2.085,1.795,0.256,0.459,0.362
1.145,1.475,1.523,2.085,1.795,0.256,0.459,0.362
1.145,1.474,1.523,2.085,1.794,0.256,0.459,0.361
1.144,1.474,1.523,2.084,1.794,0.256,0.459,0.361
1.144,1.473,1.524,2.084,1.794,0.255,0.459,0.36
1.143,1.473,1.524,2.084,1.793,0.255,0.459,0.36
1.143,1.472,1.524,2.084,1.793,0.255,0.459,0.359
1.142,1.472,1.524,2.084,1.793,0.255,0.459,0.359
1.142,1.472,1.524,2.083,1.792,0.255,0.458,0.358
1.142,1.471,1.525,2.083,1.792,0.254,0.459,0.358
1.141,1.471,1.525,2.083,1.792,0.254,0.459,0.358
1.141,1.47,1.525,2.083,1.791,0.254,0.459,0.358
1.14,1.47,1.526,2.083,1.791,0.254,0.459,0.357
1.14,1.469,1.526,2.083,1.791,0.254,0.459,0.357
1.14,1.469,1.526,2.083,1.79,0.254,0.459,0.357
1.139,1.468,1.526,2.083,1.79,0.253,0.459,0.357
1.139,1.467,1.526,2.082,1.79,0.253,0.459,0.357
1.138,1.467,1.526,2.082,1.789,0.253,0.458,0.357
1.138,1.466,1.527,2.082,1.789,0.253,0.459,0.356
1.137,1.466,1.527,2.082,1.789,0.253,0.459,0.356
1.137,1.465,1.527,2.081,1.788,0.252,0.459,0.356
1.137,1.465,1.527,2.081,1.788,0.252,0.458,0.355
1.136,1.465,1.528,2.081,1.788,0.252,0.458,0.355
1.136,1.464,1.528,2.081,1.787,0.252,0.458,0.354
1.135,1.463,1.528,2.081,1.787,0.252,0.459,0.354
1.135,1.463,1.528,2.081,1.787,0.252,0.458,0.354
1.135,1.463,1.528,2.081,1.786,0.251,0.459,0.354
1.134,1.462,1.529,2.08,1.786,0.251,0.458,0.354
1.134,1.462,1.529,2.08,1.786,0.251,0.458,0.353
1.133,1.461,1.529,2.08,1.785,0.251,0.459,0.353
1.133,1.46,1.529,2.08,1.785,0.251,0.458,0.353
1.133,1.46,1.53,2.08,1.785,0.251,0.459,0.353
1.132,1.46,1.53,2.08,1.784,0.25,0.458,0.353
1.132,1.459,1.53,2.079,1.784,0.25,0.458,0.353
1.132,1.459,1.53,2.08,1.784,0.25,0.459,0.353
1.131,1.458,1.53,2.079,1.783,0.25,0.458,0.352
1.131,1.458,1.531,2.079,1.783,0.25,0.458,0.352
1.13,1.457,1.531,2.079,1.783,0.25,0.458,0.352
1.13,1.457,1.531,2.079,1.782,0.25,0.458,0.351
1.129,1.456,1.531,2.078,1.782,0.249,0.459,0.35
1.129,1.456,1.531,2.078,1.781,0.249,0.458,0.35
1.128,1.455,1.531,2.078,1.781,0.249,0.458,0.349
1.128,1.455,1.532,2.078,1.781,0.249,0.458,0.349
1.128,1.454,1.532,2.078,1.78,0.249,0.458,0.349
1.127,1.454,1.532,2.077,1.78,0.248,0.458,0.349
1.127,1.453,1.532,2.077,1.78,0.248,0.458,0.349
1.126,1.453,1.532,2.077,1.779,0.248,0.458,0.348
1.126,1.452,1.533,2.077,1.779,0.248,0.458,0.348
1.126,1.452,1.533,2.077,1.779,0.248,0.458,0.348
1.125,1.451,1.533,2.077,1.779,0.248,0.458,0.348
1.125,1.451,1.533,2.076,1.778,0.247,0.458,0.348
1.124,1.45,1.533,2.076,1.778,0.247,0.458,0.348
1.124,1.45,1.534,2.076,1.777,0.247,0.458,0.347
1.124,1.449,1.534,2.076,1.777,0.247,0.458,0.347
1.123,1.449,1.534,2.076,1.777,0.247,0.458,0.347
1.122,1.448,1.534,2.076,1.776,0.246,0.458,0.347
1.122,1.448,1.534,2.075,1.776,0.246,0.458,0.347
1.122,1.447,1.535,2.075,1.775,0.246,0.458,0.346
1.121,1.447,1.534,2.075,1.775,0.246,0.458,0.346
1.121,1.446,1.535,2.075,1.775,0.246,0.458,0.346
1.121,1.446,1.535,2.074,1.775,0.246,0.458,0.346
1.12,1.445,1.535,2.075,1.774,0.246,0.458,0.346
1.12,1.445,1.535,2.074,1.774,0.245,0.458,0.346
1.119,1.445,1.536,2.074,1.774,0.245,0.458,0.345
1.119,1.444,1.536,2.074,1.773,0.245,0.458,0.345
1.118,1.444,1.536,2.074,1.773,0.245,0.458,0.345
1.118,1.443,1.536,2.073,1.773,0.245,0.458,0.345
1.118,1.443,1.536,2.073,1.772,0.245,0.458,0.345
1.117,1.442,1.537,2.073,1.772,0.244,0.458,0.345
1.117,1.442,1.537,2.073,1.771,0.244,0.458,0.345
1.116,1.441,1.537,2.073,1.771,0.244,0.458,0.345
1.116,1.441,1.537,2.072,1.771,0.244,0.458,0.344
1.115,1.44,1.537,2.072,1.77,0.244,0.458,0.344
1.115,1.44,1.537,2.072,1.77,0.244,0.458,0.344
1.115,1.439,1.537,2.072,1.77,0.243,0.458,0.344
1.114,1.439,1.538,2.072,1.769,0.243,0.458,0.344
1.114,1.438,1.538,2.072,1.769,0.243,0.458,0.344
1.113,1.438,1.538,2.072,1.769,0.243,0.458,0.344
1.113,1.437,1.538,2.071,1.769,0.243,0.458,0.343
1.112,1.437,1.539,2.071,1.768,0.242,0.458,0.343
1.112,1.436,1.539,2.071,1.768,0.242,0.458,0.343
1.112,1.436,1.539,2.071,1.767,0.242,0.458,0.343
1.111,1.436,1.539,2.071,1.767,0.242,0.458,0.343
1.111,1.435,1.539,2.07,1.767,0.242,0.458,0.342
1.11,1.435,1.539,2.07,1.767,0.242,0.458,0.342
1.11,1.434,1.539,2.07,1.766,0.241,0.458,0.342
1.11,1.434,1.54,2.07,1.766,0.241,0.458,0.342
1.109,1.433,1.54,2.07,1.766,0.241,0.458,0.342
1.109,1.433,1.54,2.07,1.765,0.241,0.458,0.342
1.109,1.432,1.54,2.069,1.765,0.241,0.458,0.341
1.108,1.432,1.54,2.069,1.765,0.241,0.458,0.341
1.108,1.432,1.541,2.069,1.764,0.241,0.458,0.341
1.107,1.431,1.541,2.069,1.764,0.241,0.458,0.341
1.107,1.431,1.541,2.069,1.764,0.24,0.458,0.341
1.106,1.43,1.541,2.069,1.763,0.24,0.458,0.341
1.106,1.43,1.541,2.069,1.763,0.24,0.458,0.341
1.106,1.429,1.541,2.068,1.763,0.24,0.457,0.341
1.105,1.429,1.542,2.068,1.762,0.24,0.457,0.341
1.105,1.429,1.542,2.068,1.762,0.24,0.457,0.34
1.105,1.428,1.542,2.068,1.762,0.239,0.457,0.34
1.104,1.428,1.542,2.068,1.761,0.239,0.457,0.34
1.104,1.427,1.542,2.068,1.761,0.239,0.457,0.34
1.103,1.427,1.543,2.068,1.761,0.239,0.457,0.34
1.103,1.426,1.543,2.067,1.76,0.239,0.457,0.34
1.103,1.426,1.543,2.067,1.76,0.239,0.457,0.339
1.102,1.426,1.543,2.067,1.76,0.238,0.457,0.339
1.102,1.425,1.543,2.067,1.759,0.238,0.457,0.339
1.101,1.425,1.543,2.067,1.759,0.238,0.457,0.339
1.101,1.424,1.544,2.067,1.758,0.238,0.457,0.339
1.1,1.424,1.544,2.066,1.758,0.238,0.457,0.338
1.1,1.423,1.544,2.066,1.758,0.237,0.457,0.338
1.1,1.423,1.544,2.066,1.758,0.238,0.457,0.339
1.099,1.422,1.544,2.066,1.757,0.237,0.457,0.338
1.099,1.422,1.544,2.066,1.757,0.237,0.457,0.338
1.098,1.422,1.544,2.065,1.757,0.237,0.457,0.338
1.098,1.421,1.545,2.065,1.756,0.237,0.457,0.338
1.097,1.421,1.545,2.065,1.756,0.237,0.457,0.338
1.097,1.42,1.545,2.065,1.756,0.237,0.457,0.338
1.096,1.42,1.545,2.065,1.755,0.237,0.457,0.338
1.096,1.419,1.545,2.065,1.755,0.236,0.457,0.337
1.096,1.419,1.545,2.065,1.755,0.236,0.457,0.337
1.095,1.419,1.545,2.064,1.754,0.236,0.457,0.337
1.095,1.418,1.546,2.064,1.754,0.236,0.457,0.337
1.094,1.418,1.546,2.064,1.753,0.236,0.457,0.337
1.094,1.417,1.546,2.064,1.753,0.235,0.457,0.336
1.094,1.417,1.546,2.063,1.753,0.235,0.457,0.336
1.093,1.417,1.546,2.063,1.753,0.235,0.457,0.336
1.093,1.416,1.546,2.063,1.752,0.235,0.457,0.336
1.092,1.415,1.546,2.063,1.752,0.235,0.457,0.336
1.092,1.415,1.547,2.063,1.752,0.235,0.457,0.336
1.091,1.415,1.547,2.063,1.752,0.235,0.457,0.336
1.091,1.415,1.547,2.063,1.751,0.234,0.457,0.335
1.091,1.414,1.547,2.062,1.751,0.234,0.457,0.335
1.09,1.414,1.547,2.062,1.75,0.234,0.457,0.335
1.09,1.413,1.547,2.062,1.75,0.234,0.457,0.335
1.089,1.413,1.547,2.062,1.75,0.234,0.456,0.335
1.089,1.412,1.548,2.062,1.75,0.234,0.457,0.335
1.089,1.412,1.547,2.061,1.749,0.233,0.456,0.335
1.088,1.412,1.548,2.061,1.748,0.233,0.456,0.334
1.088,1.411,1.548,2.061,1.748,0.233,0.456,0.334
1.087,1.411,1.548,2.061,1.748,0.233,0.456,0.334
1.087,1.41,1.548,2.061,1.748,0.233,0.456,0.334
1.087,1.41,1.548,2.06,1.747,0.233,0.456,0.334
1.086,1.409,1.548,2.06,1.747,0.233,0.456,0.334
1.086,1.409,1.549,2.06,1.747,0.232,0.456,0.334
1.085,1.409,1.549,2.06,1.747,0.232,0.456,0.334
1.085,1.408,1.549,2.06,1.746,0.232,0.456,0.333
1.084,1.408,1.549,2.06,1.746,0.232,0.456,0.333
1.084,1.407,1.549,2.06,1.745,0.232,0.456,0.333
1.084,1.407,1.549,2.06,1.745,0.232,0.456,0.333
1.083,1.407,1.549,2.06,1.745,0.232,0.456,0.333
1.083,1.406,1.55,2.06,1.745,0.232,0.456,0.333
1.082,1.406,1.55,2.059,1.744,0.231,0.456,0.333
1.082,1.406,1.55,2.059,1.744,0.231,0.456,0.333
1.082,1.405,1.55,2.059,1.744,0.231,0.456,0.332
1.081,1.405,1.55,2.059,1.743,0.231,0.456,0.332
1.081,1.404,1.55,2.059,1.743,0.231,0.456,0.332
1.08,1.404,1.55,2.058,1.743,0.231,0.456,0.332
1.08,1.403,1.551,2.059,1.743,0.23,0.456,0.332
1.079,1.403,1.551,2.058,1.742,0.23,0.456,0.332
1.079,1.403,1.551,2.058,1.742,0.23,0.456,0.331
1.079,1.402,1.551,2.058,1.741,0.23,0.456,0.332
1.078,1.402,1.551,2.058,1.741,0.23,0.455,0.331
1.078,1.402,1.551,2.058,1.741,0.23,0.455,0.331
1.077,1.401,1.551,2.058,1.74,0.229,0.456,0.331
1.077,1.401,1.551,2.057,1.74,0.229,0.456,0.331
1.076,1.4,1.551,2.057,1.74,0.229,0.455,0.331
1.076,1.4,1.552,2.057,1.739,0.229,0.455,0.33
1.076,1.4,1.552,2.057,1.739,0.229,0.455,0.331
1.075,1.399,1.552,2.057,1.739,0.229,0.455,0.33
1.075,1.399,1.552,2.056,1.739,0.229,0.455,0.33
1.074,1.398,1.552,2.056,1.738,0.228,0.455,0.33
1.074,1.398,1.552,2.056,1.738,0.228,0.455,0.33
1.073,1.397,1.552,2.056,1.738,0.228,0.455,0.33
1.073,1.397,1.552,2.056,1.737,0.228,0.455,0.33
1.073,1.397,1.552,2.055,1.737,0.228,0.455,0.329
1.072,1.396,1.552,2.055,1.736,0.228,0.455,0.329
1.072,1.396,1.552,2.055,1.736,0.227,0.455,0.329
1.071,1.395,1.553,2.055,1.736,0.228,0.455,0.329
1.071,1.395,1.553,2.055,1.736,0.227,0.455,0.329
1.071,1.395,1.553,2.055,1.735,0.227,0.455,0.329
1.07,1.394,1.553,2.055,1.735,0.227,0.455,0.329
1.07,1.394,1.553,2.055,1.735,0.227,0.455,0.329
1.069,1.394,1.553,2.054,1.735,0.227,0.455,0.328
1.069,1.393,1.554,2.054,1.734,0.227,0.455,0.328
1.069,1.393,1.554,2.054,1.734,0.227,0.455,0.328
1.068,1.393,1.554,2.054,1.734,0.226,0.455,0.328
1.068,1.393,1.554,2.054,1.733,0.226,0.455,0.328
1.068,1.392,1.554,2.054,1.733,0.226,0.455,0.328
1.067,1.391,1.554,2.053,1.732,0.226,0.455,0.328
1.067,1.391,1.554,2.053,1.732,0.226,0.455,0.328
1.066,1.391,1.554,2.053,1.732,0.226,0.455,0.328
1.066,1.39,1.554,2.053,1.732,0.226,0.454,0.327
1.065,1.39,1.555,2.053,1.731,0.226,0.455,0.327
1.065,1.39,1.555,2.053,1.731,0.225,0.455,0.327
1.065,1.389,1.555,2.052,1.731,0.225,0.455,0.327
1.065,1.389,1.555,2.052,1.731,0.225,0.455,0.327
1.064,1.389,1.555,2.052,1.73,0.225,0.455,0.327
1.064,1.388,1.555,2.052,1.73,0.225,0.455,0.327
1.063,1.388,1.555,2.052,1.73,0.225,0.454,0.327
1.063,1.387,1.556,2.052,1.73,0.225,0.454,0.326
1.063,1.387,1.556,2.052,1.73,0.225,0.454,0.327
1.062,1.387,1.556,2.052,1.729,0.225,0.454,0.326
1.062,1.387,1.556,2.052,1.729,0.224,0.455,0.326
1.062,1.386,1.556,2.051,1.729,0.224,0.455,0.326
1.061,1.386,1.557,2.052,1.729,0.224,0.455,0.326
1.061,1.385,1.556,2.051,1.728,0.224,0.454,0.326
1.06,1.385,1.557,2.051,1.728,0.224,0.454,0.326
1.06,1.385,1.557,2.051,1.728,0.224,0.454,0.325
1.06,1.385,1.557,2.051,1.727,0.224,0.454,0.325
1.06,1.384,1.558,2.051,1.727,0.223,0.454,0.325
1.059,1.384,1.557,2.051,1.727,0.223,0.454,0.325
1.059,1.383,1.558,2.051,1.727,0.223,0.454,0.325
1.058,1.383,1.558,2.05,1.726,0.223,0.454,0.325
1.058,1.383,1.558,2.051,1.726,0.223,0.454,0.325
1.058,1.382,1.558,2.05,1.726,0.223,0.454,0.325
1.057,1.382,1.558,2.05,1.726,0.223,0.454,0.325
1.057,1.382,1.558,2.05,1.725,0.223,0.454,0.324
1.056,1.381,1.558,2.05,1.725,0.223,0.454,0.324
1.056,1.381,1.559,2.05,1.725,0.222,0.454,0.324
1.056,1.381,1.559,2.049,1.724,0.222,0.454,0.324
1.055,1.38,1.559,2.049,1.724,0.222,0.454,0.324
1.055,1.38,1.559,2.05,1.724,0.222,0.454,0.324
1.055,1.38,1.559,2.049,1.724,0.222,0.454,0.324
1.054,1.379,1.559,2.049,1.723,0.222,0.454,0.324
1.054,1.379,1.56,2.049,1.723,0.222,0.454,0.324
1.054,1.379,1.56,2.049,1.723,0.222,0.454,0.323
1.053,1.378,1.56,2.049,1.723,0.221,0.454,0.323
1.053,1.378,1.56,2.049,1.723,0.221,0.454,0.323
1.053,1.378,1.56,2.049,1.723,0.221,0.454,0.323
1.053,1.378,1.56,2.049,1.722,0.221,0.454,0.323
1.052,1.377,1.56,2.048,1.722,0.221,0.454,0.323
1.052,1.377,1.561,2.048,1.721,0.221,0.454,0.323
1.051,1.376,1.56,2.048,1.721,0.221,0.454,0.322
1.051,1.376,1.561,2.048,1.721,0.221,0.454,0.322
1.05,1.376,1.561,2.048,1.72,0.221,0.454,0.322
1.05,1.375,1.561,2.047,1.72,0.22,0.454,0.322
1.05,1.375,1.561,2.047,1.72,0.22,0.454,0.322
1.049,1.374,1.561,2.047,1.719,0.22,0.454,0.322
1.049,1.374,1.562,2.047,1.72,0.22,0.454,0.322
1.049,1.374,1.561,2.047,1.719,0.22,0.454,0.322
1.048,1.373,1.561,2.046,1.718,0.22,0.454,0.322
1.048,1.373,1.561,2.046,1.718,0.22,0.454,0.322
1.047,1.373,1.562,2.046,1.718,0.22,0.454,0.321
1.047,1.372,1.562,2.046,1.718,0.22,0.454,0.321
1.047,1.372,1.562,2.046,1.718,0.219,0.454,0.321
1.046,1.372,1.562,2.046,1.717,0.219,0.454,0.321
1.046,1.371,1.563,2.046,1.717,0.219,0.454,0.321
1.046,1.371,1.563,2.046,1.717,0.219,0.454,0.321
1.046,1.371,1.563,2.046,1.717,0.219,0.454,0.321
1.045,1.371,1.563,2.046,1.717,0.219,0.454,0.321
1.045,1.37,1.563,2.045,1.716,0.219,0.454,0.321
1.044,1.37,1.563,2.045,1.716,0.219,0.454,0.321
1.044,1.369,1.563,2.045,1.716,0.219,0.454,0.32
1.044,1.369,1.564,2.045,1.716,0.218,0.454,0.32
1.044,1.369,1.564,2.045,1.715,0.218,0.454,0.32
1.043,1.368,1.564,2.045,1.715,0.218,0.454,0.32
1.043,1.368,1.564,2.045,1.715,0.218,0.454,0.32
1.042,1.368,1.564,2.045,1.714,0.218,0.454,0.32
1.042,1.367,1.564,2.044,1.714,0.218,0.454,0.32
1.042,1.367,1.565,2.044,1.714,0.218,0.453,0.32
1.041,1.367,1.564,2.044,1.714,0.218,0.454,0.319
1.041,1.366,1.565,2.044,1.713,0.218,0.454,0.319
1.041,1.366,1.565,2.044,1.713,0.218,0.453,0.319
1.04,1.366,1.565,2.043,1.713,0.217,0.453,0.319
1.04,1.365,1.565,2.044,1.713,0.217,0.454,0.319
1.04,1.365,1.565,2.043,1.713,0.217,0.453,0.319
1.039,1.365,1.565,2.043,1.712,0.217,0.453,0.319
1.039,1.364,1.565,2.043,1.712,0.217,0.453,0.319
1.039,1.364,1.566,2.043,1.712,0.217,0.453,0.319
1.038,1.364,1.566,2.043,1.712,0.217,0.453,0.319
1.038,1.364,1.566,2.043,1.711,0.217,0.453,0.318
1.038,1.363,1.566,2.043,1.711,0.216,0.453,0.318
1.037,1.363,1.566,2.043,1.711,0.216,0.453,0.318
1.037,1.362,1.566,2.043,1.711,0.216,0.453,0.318
1.037,1.362,1.567,2.042,1.71,0.216,0.453,0.318
1.036,1.362,1.567,2.042,1.71,0.216,0.453,0.318
1.036,1.361,1.567,2.042,1.71,0.216,0.453,0.318
1.036,1.361,1.567,2.042,1.709,0.216,0.453,0.318
1.035,1.361,1.567,2.042,1.709,0.216,0.453,0.318
1.035,1.36,1.567,2.041,1.709,0.216,0.453,0.318
1.035,1.36,1.567,2.042,1.709,0.216,0.453,0.317
1.034,1.36,1.567,2.041,1.708,0.215,0.453,0.317
1.034,1.359,1.568,2.041,1.708,0.215,0.453,0.317
1.034,1.359,1.568,2.041,1.708,0.215,0.453,0.317
1.033,1.359,1.568,2.041,1.708,0.215,0.453,0.317
1.033,1.359,1.568,2.041,1.707,0.215,0.453,0.317
1.033,1.358,1.568,2.041,1.707,0.215,0.453,0.317
1.032,1.358,1.568,2.041,1.707,0.215,0.453,0.317
1.032,1.357,1.568,2.04,1.706,0.215,0.453,0.317
1.032,1.357,1.568,2.04,1.706,0.215,0.453,0.317
1.031,1.357,1.569,2.04,1.706,0.214,0.453,0.316
1.031,1.356,1.569,2.04,1.706,0.214,0.453,0.316
1.03,1.356,1.569,2.04,1.705,0.214,0.453,0.316
1.03,1.356,1.569,2.039,1.705,0.214,0.453,0.316
1.03,1.356,1.569,2.039,1.705,0.214,0.453,0.316
1.03,1.355,1.569,2.039,1.704,0.214,0.453,0.316
1.029,1.355,1.569,2.039,1.705,0.214,0.453,0.316
1.029,1.354,1.57,2.039,1.704,0.214,0.453,0.316
1.028,1.354,1.57,2.039,1.704,0.214,0.453,0.316
1.028,1.354,1.57,2.039,1.704,0.214,0.453,0.316
1.028,1.354,1.57,2.039,1.703,0.213,0.453,0.315
1.027,1.353,1.57,2.038,1.703,0.213,0.453,0.315
1.027,1.353,1.57,2.038,1.703,0.213,0.453,0.315
1.027,1.353,1.57,2.038,1.703,0.213,0.453,0.315
1.026,1.352,1.57,2.038,1.703,0.213,0.453,0.315
1.026,1.352,1.57,2.038,1.702,0.213,0.453,0.315
1.026,1.352,1.571,2.038,1.702,0.213,0.453,0.315
1.026,1.351,1.571,2.038,1.702,0.213,0.453,0.315
1.025,1.351,1.571,2.038,1.702,0.213,0.453,0.315
1.025,1.351,1.571,2.037,1.701,0.213,0.453,0.314
1.025,1.35,1.571,2.037,1.701,0.212,0.453,0.314
1.024,1.35,1.571,2.037,1.701,0.212,0.453,0.314
1.024,1.35,1.571,2.037,1.7,0.212,0.453,0.314
1.023,1.349,1.572,2.037,1.7,0.212,0.453,0.314
1.023,1.349,1.571,2.037,1.7,0.212,0.453,0.314
1.023,1.349,1.572,2.036,1.7,0.212,0.453,0.314
1.022,1.349,1.572,2.037,1.699,0.212,0.453,0.314
1.022,1.348,1.572,2.037,1.699,0.212,0.453,0.314
1.022,1.348,1.572,2.036,1.699,0.212,0.453,0.313
1.021,1.348,1.572,2.036,1.699,0.212,0.453,0.314
1.021,1.347,1.572,2.036,1.699,0.211,0.453,0.313
1.021,1.347,1.573,2.036,1.698,0.211,0.453,0.313
1.021,1.347,1.573,2.036,1.698,0.211,0.453,0.313
1.02,1.346,1.573,2.036,1.698,0.211,0.453,0.313
1.02,1.346,1.573,2.036,1.697,0.211,0.453,0.313
1.02,1.346,1.573,2.035,1.697,0.211,0.453,0.313
1.019,1.345,1.573,2.035,1.697,0.211,0.453,0.313
1.019,1.345,1.573,2.035,1.697,0.211,0.453,0.313
1.019,1.345,1.574,2.036,1.697,0.211,0.453,0.313
1.019,1.345,1.574,2.035,1.697,0.211,0.453,0.312
1.018,1.345,1.574,2.035,1.696,0.211,0.453,0.312
1.018,1.344,1.574,2.035,1.696,0.21,0.453,0.312
1.017,1.344,1.574,2.035,1.696,0.21,0.453,0.312
1.017,1.344,1.574,2.035,1.695,0.21,0.453,0.312
1.017,1.343,1.574,2.035,1.695,0.21,0.453,0.312
1.017,1.343,1.575,2.035,1.695,0.21,0.452,0.312
1.016,1.343,1.575,2.035,1.695,0.21,0.453,0.312
1.016,1.343,1.575,2.034,1.695,0.21,0.453,0.312
1.016,1.342,1.575,2.034,1.695,0.21,0.453,0.312
1.016,1.342,1.575,2.034,1.694,0.21,0.453,0.311
1.015,1.342,1.576,2.034,1.694,0.21,0.453,0.311
1.015,1.342,1.575,2.034,1.694,0.209,0.452,0.311
1.015,1.341,1.576,2.034,1.694,0.209,0.452,0.311
1.014,1.341,1.576,2.034,1.693,0.209,0.452,0.311
1.014,1.34,1.576,2.033,1.693,0.209,0.452,0.311
1.014,1.34,1.576,2.033,1.693,0.209,0.452,0.311
1.013,1.34,1.576,2.033,1.693,0.209,0.452,0.311
1.013,1.34,1.576,2.033,1.692,0.209,0.453,0.311
1.012,1.339,1.576,2.033,1.692,0.209,0.452,0.311
1.012,1.339,1.577,2.033,1.692,0.209,0.452,0.31
1.012,1.339,1.577,2.033,1.692,0.209,0.452,0.311
1.012,1.338,1.577,2.032,1.691,0.208,0.452,0.31
1.011,1.338,1.577,2.032,1.691,0.208,0.452,0.31
1.011,1.338,1.577,2.032,1.691,0.208,0.452,0.31
1.011,1.337,1.577,2.032,1.69,0.208,0.452,0.31
1.01,1.337,1.577,2.032,1.69,0.208,0.452,0.31
1.01,1.337,1.577,2.032,1.69,0.208,0.452,0.31
1.01,1.337,1.577,2.032,1.69,0.208,0.452,0.31
1.009,1.336,1.577,2.031,1.69,0.208,0.452,0.31
1.009,1.336,1.577,2.031,1.689,0.208,0.452,0.31
1.009,1.336,1.578,2.031,1.689,0.208,0.452,0.31
1.008,1.335,1.578,2.031,1.689,0.207,0.452,0.309
1.008,1.335,1.578,2.031,1.689,0.207,0.452,0.309
1.008,1.335,1.578,2.031,1.688,0.207,0.452,0.309
1.008,1.335,1.578,2.031,1.688,0.207,0.452,0.309
1.007,1.334,1.578,2.031,1.688,0.207,0.452,0.309
1.007,1.334,1.579,2.03,1.688,0.207,0.452,0.309
1.007,1.334,1.578,2.03,1.687,0.207,0.452,0.309
1.006,1.333,1.579,2.03,1.687,0.207,0.452,0.309
1.006,1.333,1.579,2.03,1.687,0.207,0.452,0.309
1.006,1.333,1.579,2.03,1.687,0.207,0.452,0.309
1.005,1.332,1.579,2.03,1.687,0.207,0.452,0.309
1.005,1.332,1.579,2.03,1.686,0.206,0.452,0.308
1.005,1.332,1.579,2.03,1.686,0.206,0.452,0.308
1.004,1.332,1.579,2.029,1.686,0.206,0.452,0.308
1.004,1.331,1.579,2.029,1.685,0.206,0.452,0.308
1.004,1.331,1.58,2.029,1.685,0.206,0.452,0.308
1.003,1.331,1.58,2.029,1.685,0.206,0.452,0.308
1.003,1.33,1.58,2.029,1.685,0.206,0.452,0.308
1.003,1.33,1.58,2.029,1.684,0.206,0.452,0.308
1.003,1.33,1.58,2.029,1.684,0.206,0.452,0.308
1.002,1.33,1.58,2.028,1.684,0.206,0.452,0.307
1.002,1.329,1.58,2.028,1.684,0.205,0.452,0.308
1.002,1.329,1.58,2.028,1.684,0.206,0.452,0.307
1.001,1.329,1.58,2.028,1.683,0.205,0.452,0.307
1.001,1.329,1.581,2.028,1.683,0.205,0.452,0.307
1.001,1.328,1.581,2.028,1.683,0.205,0.452,0.307
1.0,1.328,1.581,2.028,1.683,0.205,0.452,0.307
1.0,1.328,1.581,2.027,1.682,0.205,0.452,0.307
1.0,1.327,1.581,2.027,1.682,0.205,0.452,0.307
1.0,1.327,1.581,2.028,1.682,0.205,0.452,0.307
0.999,1.327,1.581,2.027,1.682,0.205,0.452,0.307
0.999,1.326,1.581,2.027,1.681,0.205,0.452,0.306
0.999,1.326,1.581,2.027,1.681,0.205,0.452,0.306
0.998,1.326,1.581,2.027,1.681,0.204,0.452,0.306
0.998,1.326,1.582,2.026,1.681,0.204,0.452,0.306
0.998,1.325,1.582,2.026,1.681,0.204,0.452,0.306
0.997,1.325,1.582,2.026,1.68,0.204,0.452,0.306
0.997,1.325,1.582,2.027,1.68,0.204,0.452,0.306
0.997,1.325,1.582,2.026,1.68,0.204,0.452,0.306
0.996,1.324,1.582,2.026,1.68,0.204,0.452,0.306
0.996,1.324,1.582,2.026,1.679,0.204,0.452,0.306
0.996,1.324,1.583,2.026,1.679,0.204,0.451,0.306
0.995,1.324,1.583,2.026,1.679,0.204,0.452,0.305
0.995,1.323,1.583,2.026,1.679,0.203,0.452,0.305
0.995,1.323,1.583,2.025,1.678,0.203,0.452,0.305
0.995,1.323,1.583,2.026,1.678,0.203,0.452,0.305
0.994,1.323,1.583,2.025,1.678,0.203,0.451,0.305
0.994,1.322,1.583,2.025,1.678,0.203,0.451,0.305
0.994,1.322,1.583,2.025,1.678,0.203,0.452,0.305
0.993,1.322,1.583,2.025,1.678,0.203,0.451,0.305
0.993,1.322,1.583,2.025,1.677,0.203,0.451,0.305
0.992,1.321,1.583,2.025,1.677,0.203,0.452,0.305
0.992,1.321,1.583,2.025,1.676,0.203,0.451,0.304
0.992,1.321,1.584,2.024,1.676,0.202,0.451,0.304
0.992,1.32,1.583,2.024,1.676,0.202,0.451,0.304
0.991,1.32,1.583,2.024,1.676,0.202,0.451,0.304
0.991,1.32,1.584,2.024,1.675,0.202,0.451,0.304
0.991,1.32,1.584,2.024,1.675,0.202,0.451,0.304
0.99,1.319,1.584,2.024,1.675,0.202,0.451,0.304
0.99,1.319,1.584,2.024,1.675,0.202,0.451,0.304
0.99,1.319,1.584,2.024,1.675,0.202,0.451,0.304
0.989,1.318,1.584,2.023,1.674,0.202,0.451,0.304
0.989,1.318,1.584,2.023,1.674,0.202,0.451,0.304
0.989,1.318,1.584,2.023,1.674,0.201,0.451,0.303
0.988,1.318,1.584,2.023,1.674,0.201,0.451,0.303
0.988,1.317,1.584,2.023,1.673,0.201,0.451,0.303
0.988,1.317,1.584,2.022,1.673,0.201,0.451,0.303
0.987,1.317,1.584,2.022,1.673,0.201,0.451,0.303
0.987,1.317,1.585,2.022,1.672,0.201,0.451,0.303
0.986,1.316,1.585,2.022,1.672,0.201,0.451,0.303
0.986,1.316,1.585,2.022,1.672,0.201,0.451,0.303
0.986,1.316,1.585,2.022,1.672,0.201,0.451,0.303
0.986,1.315,1.584,2.021,1.671,0.2,0.451,0.303
0.985,1.315,1.585,2.021,1.671,0.2,0.451,0.303
0.985,1.315,1.585,2.021,1.671,0.2,0.45,0.302
0.985,1.314,1.585,2.021,1.67,0.2,0.451,0.302
0.984,1.314,1.585,2.021,1.67,0.2,0.451,0.302
0.984,1.314,1.585,2.02,1.67,0.2,0.45,0.302
0.984,1.314,1.585,2.02,1.669,0.2,0.45,0.302
0.983,1.313,1.585,2.021,1.67,0.2,0.45,0.302
0.983,1.313,1.585,2.02,1.669,0.2,0.45,0.302
0.982,1.313,1.585,2.02,1.669,0.2,0.45,0.302
0.982,1.312,1.585,2.02,1.669,0.2,0.45,0.301
0.982,1.312,1.585,2.02,1.669,0.199,0.45,0.301
0.982,1.312,1.585,2.02,1.668,0.199,0.45,0.302
0.981,1.312,1.586,2.02,1.668,0.199,0.45,0.301
0.981,1.311,1.586,2.02,1.668,0.199,0.45,0.301
0.981,1.311,1.586,2.019,1.668,0.199,0.45,0.301
0.98,1.311,1.586,2.02,1.667,0.199,0.45,0.301
0.98,1.311,1.586,2.019,1.667,0.199,0.45,0.301
0.98,1.311,1.586,2.019,1.667,0.198,0.45,0.301
0.979,1.31,1.586,2.019,1.666,0.198,0.45,0.301
0.979,1.31,1.586,2.019,1.666,0.198,0.45,0.301
0.978,1.31,1.586,2.019,1.666,0.198,0.45,0.3
0.978,1.309,1.586,2.018,1.666,0.198,0.449,0.3
0.978,1.309,1.586,2.018,1.666,0.198,0.45,0.3
0.977,1.309,1.586,2.018,1.665,0.198,0.449,0.3
0.977,1.308,1.586,2.017,1.664,0.198,0.449,0.3
0.976,1.308,1.585,2.018,1.664,0.198,0.449,0.3
0.976,1.308,1.586,2.017,1.664,0.198,0.449,0.3
0.976,1.307,1.585,2.017,1.664,0.198,0.449,0.3
0.975,1.307,1.585,2.017,1.663,0.197,0.449,0.299
0.975,1.307,1.585,2.016,1.663,0.197,0.449,0.3
0.974,1.306,1.585,2.016,1.663,0.197,0.449,0.299
0.974,1.306,1.585,2.016,1.662,0.197,0.449,0.299
0.974,1.306,1.585,2.016,1.662,0.197,0.449,0.299
0.974,1.306,1.585,2.016,1.662,0.197,0.449,0.299
0.973,1.305,1.585,2.016,1.662,0.197,0.449,0.299
0.973,1.305,1.585,2.016,1.661,0.197,0.449,0.299
0.973,1.305,1.586,2.016,1.662,0.197,0.449,0.299
0.972,1.305,1.586,2.016,1.662,0.196,0.449,0.299
0.972,1.304,1.586,2.015,1.661,0.196,0.449,0.299
0.972,1.304,1.586,2.015,1.661,0.196,0.448,0.299
0.971,1.304,1.586,2.015,1.66,0.196,0.448,0.298
0.971,1.304,1.586,2.015,1.66,0.196,0.448,0.298
0.971,1.303,1.586,2.015,1.66,0.196,0.448,0.298
0.97,1.303,1.586,2.015,1.66,0.196,0.448,0.298
0.97,1.303,1.586,2.015,1.659,0.196,0.448,0.298
0.97,1.303,1.586,2.014,1.659,0.196,0.448,0.298
0.969,1.302,1.586,2.014,1.659,0.196,0.448,0.298
0.969,1.302,1.586,2.014,1.659,0.195,0.448,0.298
0.969,1.302,1.586,2.014,1.658,0.195,0.448,0.298
0.968,1.301,1.586,2.014,1.658,0.195,0.448,0.298
0.968,1.301,1.586,2.014,1.658,0.195,0.448,0.298
0.968,1.301,1.586,2.014,1.658,0.195,0.448,0.297
0.967,1.301,1.586,2.013,1.657,0.195,0.448,0.297
0.967,1.301,1.586,2.013,1.657,0.195,0.448,0.297
0.967,1.301,1.586,2.013,1.657,0.195,0.448,0.297
0.966,1.3,1.586,2.013,1.657,0.195,0.448,0.297
0.966,1.3,1.586,2.013,1.657,0.195,0.448,0.297
0.966,1.3,1.586,2.013,1.656,0.194,0.448,0.297
0.965,1.3,1.586,2.013,1.656,0.194,0.447,0.297
0.965,1.299,1.586,2.013,1.656,0.194,0.447,0.297
0.964,1.299,1.586,2.012,1.656,0.194,0.447,0.297
0.964,1.299,1.586,2.012,1.655,0.194,0.447,0.297
0.964,1.298,1.586,2.012,1.655,0.194,0.447,0.296
0.964,1.298,1.586,2.012,1.654,0.194,0.447,0.297
0.963,1.298,1.586,2.012,1.654,0.194,0.447,0.296
0.963,1.297,1.586,2.012,1.654,0.194,0.447,0.296
0.962,1.297,1.586,2.011,1.653,0.194,0.447,0.296
0.962,1.297,1.586,2.011,1.653,0.193,0.447,0.296
0.961,1.297,1.586,2.011,1.653,0.193,0.447,0.296
0.961,1.296,1.586,2.011,1.653,0.193,0.447,0.296
0.961,1.296,1.586,2.011,1.652,0.193,0.447,0.296
0.96,1.296,1.586,2.01,1.652,0.193,0.446,0.296
0.96,1.295,1.586,2.01,1.652,0.193,0.447,0.295
0.96,1.295,1.586,2.01,1.652,0.193,0.446,0.295
0.959,1.295,1.585,2.009,1.651,0.193,0.446,0.295
0.959,1.294,1.585,2.009,1.651,0.193,0.446,0.295
0.958,1.294,1.585,2.009,1.65,0.193,0.446,0.295
0.958,1.294,1.585,2.009,1.65,0.192,0.446,0.295
0.958,1.294,1.585,2.008,1.65,0.192,0.446,0.295
0.957,1.294,1.585,2.008,1.65,0.192,0.446,0.295
0.957,1.293,1.585,2.009,1.649,0.192,0.446,0.295
0.957,1.293,1.585,2.008,1.649,0.192,0.446,0.294
0.957,1.293,1.585,2.008,1.649,0.192,0.446,0.294
0.956,1.293,1.585,2.008,1.649,0.192,0.446,0.294
0.956,1.292,1.586,2.008,1.649,0.192,0.446,0.294
0.956,1.292,1.586,2.008,1.649,0.192,0.446,0.294
0.956,1.292,1.586,2.008,1.649,0.192,0.446,0.294
0.955,1.292,1.586,2.008,1.648,0.192,0.446,0.294
0.955,1.291,1.586,2.008,1.648,0.191,0.446,0.294
0.955,1.291,1.586,2.008,1.648,0.191,0.446,0.294
0.954,1.291,1.586,2.008,1.648,0.191,0.446,0.294
0.954,1.291,1.586,2.008,1.647,0.191,0.445,0.294
0.954,1.291,1.586,2.007,1.647,0.191,0.446,0.294
0.953,1.29,1.586,2.007,1.647,0.191,0.445,0.294
0.953,1.29,1.585,2.007,1.646,0.191,0.445,0.293
0.953,1.289,1.585,2.007,1.646,0.191,0.445,0.293
0.952,1.289,1.585,2.006,1.646,0.191,0.445,0.293
0.952,1.289,1.586,2.006,1.646,0.191,0.445,0.293
0.952,1.289,1.586,2.006,1.645,0.191,0.445,0.293
0.952,1.289,1.586,2.006,1.645,0.191,0.445,0.293
0.951,1.288,1.586,2.006,1.645,0.191,0.445,0.293
0.951,1.288,1.586,2.006,1.645,0.191,0.445,0.293
0.951,1.288,1.586,2.006,1.645,0.191,0.445,0.293
0.95,1.288,1.586,2.006,1.645,0.19,0.445,0.293
0.95,1.287,1.586,2.006,1.645,0.191,0.445,0.293
0.95,1.287,1.586,2.006,1.644,0.19,0.445,0.293
0.95,1.287,1.586,2.006,1.644,0.19,0.445,0.293
0.95,1.287,1.587,2.006,1.644,0.19,0.445,0.292
0.95,1.287,1.587,2.006,1.644,0.19,0.445,0.293
0.949,1.287,1.587,2.005,1.644,0.19,0.445,0.292
0.949,1.286,1.587,2.006,1.644,0.19,0.445,0.292
0.949,1.286,1.587,2.005,1.644,0.19,0.445,0.292
0.949,1.286,1.587,2.005,1.644,0.19,0.445,0.292
0.948,1.286,1.587,2.005,1.643,0.19,0.445,0.292
0.948,1.286,1.587,2.005,1.643,0.19,0.445,0.292
0.948,1.285,1.587,2.005,1.643,0.19,0.445,0.292
0.948,1.285,1.588,2.005,1.643,0.19,0.445,0.292
0.948,1.285,1.588,2.005,1.643,0.19,0.445,0.292
0.948,1.285,1.588,2.005,1.643,0.19,0.445,0.292
0.947,1.285,1.588,2.005,1.643,0.19,0.445,0.292
0.947,1.285,1.588,2.005,1.643,0.19,0.445,0.292
0.947,1.284,1.588,2.005,1.643,0.19,0.445,0.292
0.947,1.284,1.589,2.005,1.642,0.19,0.445,0.292
0.946,1.284,1.589,2.005,1.642,0.19,0.445,0.292
0.946,1.284,1.589,2.005,1.642,0.19,0.445,0.292
0.946,1.284,1.589,2.005,1.642,0.189,0.445,0.292
0.946,1.284,1.589,2.005,1.642,0.189,0.445,0.291
0.946,1.283,1.589,2.005,1.642,0.189,0.445,0.292
0.945,1.283,1.59,2.005,1.642,0.189,0.445,0.291
0.945,1.283,1.59,2.004,1.641,0.189,0.445,0.291
0.945,1.283,1.59,2.004,1.641,0.189,0.445,0.291
0.945,1.282,1.59,2.004,1.641,0.189,0.445,0.291
0.945,1.282,1.59,2.004,1.641,0.189,0.445,0.291
0.944,1.282,1.59,2.004,1.641,0.189,0.445,0.291
0.944,1.282,1.59,2.004,1.641,0.189,0.445,0.291
0.944,1.282,1.59,2.004,1.641,0.189,0.445,0.291
0.944,1.281,1.59,2.004,1.641,0.189,0.445,0.291
0.944,1.281,1.591,2.004,1.641,0.189,0.445,0.291
0.944,1.281,1.591,2.004,1.64,0.189,0.445,0.291
0.943,1.281,1.591,2.004,1.64,0.189,0.445,0.291
0.943,1.281,1.591,2.004,1.64,0.189,0.445,0.291
0.943,1.281,1.591,2.004,1.64,0.189,0.445,0.291
0.943,1.28,1.591,2.004,1.64,0.189,0.446,0.29
0.942,1.28,1.591,2.004,1.64,0.189,0.446,0.29
0.942,1.28,1.592,2.004,1.64,0.189,0.446,0.29
0.942,1.28,1.592,2.004,1.639,0.189,0.445,0.29
0.942,1.28,1.592,2.004,1.639,0.189,0.446,0.29
0.942,1.28,1.592,2.003,1.639,0.188,0.446,0.29
0.942,1.279,1.592,2.004,1.639,0.188,0.446,0.29
0.941,1.279,1.592,2.004,1.639,0.188,0.446,0.29
0.941,1.279,1.593,2.003,1.639,0.188,0.446,0.29
0.941,1.279,1.593,2.003,1.639,0.188,0.446,0.29
0.941,1.279,1.593,2.003,1.639,0.188,0.446,0.29
0.94,1.278,1.593,2.003,1.638,0.188,0.446,0.29
0.94,1.278,1.593,2.003,1.638,0.188,0.446,0.29
0.94,1.278,1.593,2.003,1.638,0.188,0.446,0.29
0.94,1.278,1.593,2.003,1.638,0.188,0.446,0.29
0.94,1.278,1.593,2.003,1.638,0.188,0.446,0.29
0.94,1.277,1.594,2.003,1.638,0.188,0.446,0.29
0.939,1.277,1.594,2.003,1.638,0.188,0.446,0.29
0.939,1.277,1.594,2.003,1.638,0.188,0.446,0.289
0.939,1.277,1.594,2.003,1.637,0.188,0.446,0.289
0.939,1.277,1.594,2.003,1.637,0.188,0.446,0.289
0.939,1.277,1.594,2.003,1.637,0.188,0.446,0.289
0.939,1.276,1.595,2.003,1.637,0.188,0.446,0.289
0.938,1.276,1.595,2.003,1.637,0.188,0.446,0.289
0.938,1.276,1.595,2.003,1.637,0.188,0.446,0.289
0.938,1.276,1.595,2.003,1.637,0.188,0.446,0.289
0.938,1.276,1.595,2.003,1.637,0.187,0.446,0.289
0.938,1.275,1.595,2.003,1.637,0.187,0.446,0.289
0.937,1.275,1.596,2.003,1.637,0.188,0.446,0.289
0.937,1.275,1.596,2.003,1.637,0.187,0.446,0.289
0.937,1.275,1.596,2.003,1.636,0.187,0.446,0.289
0.937,1.275,1.596,2.003,1.636,0.187,0.446,0.289
0.937,1.275,1.597,2.002,1.636,0.187,0.446,0.288
0.937,1.275,1.596,2.002,1.636,0.187,0.446,0.289
0.936,1.274,1.597,2.003,1.636,0.187,0.446,0.289
0.936,1.274,1.597,2.002,1.636,0.187,0.446,0.288
0.936,1.274,1.597,2.002,1.635,0.187,0.446,0.288
0.936,1.274,1.597,2.002,1.635,0.187,0.446,0.288
0.936,1.274,1.597,2.002,1.635,0.187,0.446,0.288
0.935,1.273,1.597,2.002,1.635,0.187,0.446,0.288
0.935,1.273,1.598,2.002,1.635,0.187,0.446,0.288
0.935,1.273,1.598,2.002,1.635,0.187,0.446,0.288
0.935,1.273,1.598,2.002,1.635,0.187,0.446,0.288
0.935,1.273,1.598,2.002,1.634,0.187,0.446,0.288
0.934,1.272,1.598,2.002,1.634,0.187,0.446,0.288
0.934,1.273,1.598,2.002,1.634,0.187,0.446,0.288
0.934,1.272,1.598,2.002,1.634,0.186,0.446,0.288
0.934,1.272,1.599,2.001,1.634,0.186,0.446,0.288
0.934,1.272,1.599,2.002,1.634,0.186,0.446,0.288
0.933,1.272,1.599,2.001,1.634,0.186,0.446,0.288
0.933,1.271,1.599,2.001,1.633,0.186,0.446,0.288
0.933,1.271,1.599,2.001,1.633,0.186,0.446,0.287
0.933,1.271,1.599,2.001,1.633,0.186,0.446,0.287
0.932,1.271,1.599,2.001,1.633,0.186,0.446,0.287
0.932,1.271,1.599,2.001,1.633,0.186,0.446,0.287
0.932,1.27,1.599,2.001,1.633,0.186,0.446,0.287
0.932,1.27,1.6,2.001,1.632,0.186,0.446,0.287
0.932,1.27,1.6,2.001,1.632,0.186,0.446,0.287
0.931,1.27,1.6,2.001,1.632,0.186,0.446,0.287
0.931,1.27,1.6,2.001,1.632,0.186,0.446,0.287
0.931,1.269,1.6,2.001,1.632,0.186,0.446,0.287
0.931,1.269,1.6,2.0,1.631,0.186,0.446,0.287
0.931,1.269,1.6,2.0,1.631,0.186,0.446,0.287
0.93,1.269,1.6,2.0,1.631,0.186,0.446,0.287
0.93,1.269,1.6,2.0,1.631,0.186,0.446,0.287
0.93,1.269,1.601,2.0,1.631,0.185,0.446,0.287
0.93,1.268,1.601,2.0,1.631,0.185,0.446,0.286
0.929,1.268,1.601,2.0,1.63,0.185,0.446,0.286
0.929,1.268,1.601,1.999,1.63,0.185,0.446,0.286
0.929,1.268,1.601,2.0,1.63,0.185,0.446,0.286
0.929,1.267,1.601,1.999,1.63,0.185,0.446,0.286
0.929,1.267,1.601,1.999,1.63,0.185,0.446,0.286
0.929,1.267,1.601,1.999,1.629,0.185,0.446,0.286
0.928,1.267,1.601,1.999,1.629,0.185,0.446,0.286
0.928,1.267,1.601,1.999,1.629,0.185,0.446,0.286
0.928,1.266,1.601,1.999,1.629,0.185,0.446,0.286
0.928,1.266,1.602,1.999,1.629,0.185,0.446,0.286
0.928,1.266,1.602,1.999,1.628,0.185,0.446,0.286
0.927,1.266,1.602,1.999,1.628,0.185,0.446,0.286
0.927,1.266,1.602,1.999,1.628,0.185,0.446,0.285
0.927,1.265,1.602,1.998,1.628,0.185,0.446,0.285
0.927,1.265,1.602,1.998,1.628,0.184,0.446,0.285
0.926,1.265,1.602,1.998,1.627,0.184,0.446,0.285
0.926,1.265,1.602,1.998,1.627,0.184,0.446,0.286
0.926,1.264,1.602,1.998,1.627,0.184,0.446,0.287
0.926,1.264,1.602,1.998,1.627,0.184,0.446,0.287
0.926,1.264,1.602,1.998,1.626,0.184,0.446,0.287
0.925,1.264,1.602,1.997,1.626,0.184,0.446,0.287
0.925,1.264,1.602,1.998,1.626,0.184,0.446,0.287
0.925,1.264,1.602,1.997,1.626,0.184,0.446,0.287
0.925,1.263,1.603,1.997,1.625,0.184,0.446,0.287
0.924,1.263,1.602,1.997,1.625,0.184,0.446,0.287
0.924,1.263,1.603,1.997,1.625,0.184,0.446,0.287
0.924,1.263,1.603,1.997,1.625,0.184,0.446,0.287
0.924,1.263,1.603,1.997,1.625,0.184,0.446,0.287
0.924,1.263,1.603,1.997,1.625,0.184,0.446,0.287
0.923,1.262,1.603,1.997,1.625,0.184,0.446,0.287
0.923,1.262,1.603,1.997,1.624,0.184,0.446,0.287
0.923,1.262,1.603,1.997,1.624,0.184,0.446,0.287
0.923,1.262,1.603,1.996,1.624,0.183,0.446,0.287
0.922,1.262,1.604,1.996,1.624,0.183,0.446,0.287
0.922,1.261,1.604,1.996,1.624,0.183,0.446,0.287
0.922,1.261,1.604,1.996,1.623,0.183,0.446,0.287
0.922,1.261,1.604,1.996,1.623,0.183,0.446,0.287
0.922,1.261,1.604,1.996,1.623,0.183,0.446,0.286
0.921,1.261,1.604,1.996,1.623,0.183,0.446,0.286
0.921,1.261,1.604,1.995,1.622,0.183,0.446,0.286
0.921,1.26,1.604,1.995,1.622,0.183,0.446,0.286
0.921,1.26,1.604,1.995,1.622,0.183,0.446,0.286
0.921,1.26,1.604,1.995,1.622,0.183,0.446,0.286
0.92,1.26,1.604,1.995,1.622,0.183,0.446,0.286
0.92,1.259,1.605,1.995,1.621,0.183,0.446,0.286
0.92,1.259,1.605,1.995,1.621,0.183,0.446,0.286
0.92,1.259,1.605,1.995,1.621,0.183,0.446,0.286
0.92,1.259,1.605,1.995,1.621,0.183,0.446,0.286
0.919,1.259,1.605,1.995,1.621,0.183,0.446,0.286
0.919,1.258,1.605,1.994,1.62,0.183,0.446,0.286
0.919,1.258,1.605,1.994,1.62,0.183,0.446,0.286
0.919,1.258,1.605,1.994,1.62,0.182,0.446,0.286
0.918,1.258,1.605,1.994,1.62,0.182,0.446,0.286
0.918,1.258,1.605,1.994,1.62,0.182,0.446,0.286
0.918,1.258,1.605,1.994,1.619,0.182,0.446,0.286
0.918,1.258,1.605,1.994,1.619,0.182,0.446,0.286
0.918,1.257,1.605,1.994,1.619,0.182,0.446,0.286
0.917,1.257,1.605,1.994,1.619,0.182,0.446,0.286
0.917,1.257,1.606,1.994,1.619,0.182,0.446,0.286
0.917,1.257,1.606,1.994,1.619,0.182,0.446,0.286
0.917,1.257,1.606,1.994,1.619,0.182,0.446,0.286
0.917,1.257,1.606,1.993,1.618,0.182,0.446,0.286
0.917,1.256,1.606,1.993,1.618,0.182,0.446,0.286
0.916,1.256,1.606,1.993,1.618,0.182,0.446,0.286
0.916,1.256,1.606,1.993,1.618,0.182,0.446,0.286
0.916,1.256,1.606,1.993,1.618,0.182,0.446,0.286
0.916,1.255,1.606,1.993,1.618,0.182,0.446,0.286
0.916,1.256,1.607,1.993,1.617,0.182,0.446,0.285
0.915,1.255,1.606,1.993,1.617,0.182,0.446,0.286
0.915,1.255,1.607,1.993,1.617,0.181,0.446,0.285
0.915,1.255,1.607,1.993,1.617,0.181,0.446,0.285
0.915,1.255,1.607,1.993,1.616,0.182,0.446,0.285
0.914,1.255,1.607,1.993,1.617,0.181,0.446,0.285
0.914,1.254,1.607,1.993,1.616,0.181,0.446,0.285
0.914,1.254,1.607,1.993,1.616,0.181,0.446,0.285
0.914,1.254,1.607,1.993,1.616,0.181,0.446,0.285
0.914,1.254,1.608,1.992,1.616,0.181,0.446,0.285
0.913,1.254,1.608,1.992,1.616,0.181,0.446,0.285
0.913,1.254,1.607,1.992,1.616,0.181,0.446,0.285
0.913,1.254,1.608,1.992,1.615,0.181,0.446,0.285
0.913,1.253,1.608,1.992,1.615,0.181,0.446,0.285
0.913,1.253,1.608,1.992,1.615,0.181,0.446,0.285
0.913,1.253,1.608,1.992,1.615,0.181,0.446,0.284
0.912,1.253,1.608,1.992,1.615,0.181,0.446,0.284
0.912,1.253,1.608,1.992,1.615,0.181,0.446,0.284
0.912,1.253,1.608,1.991,1.614,0.181,0.446,0.284
0.912,1.252,1.608,1.991,1.614,0.181,0.446,0.284
0.912,1.252,1.608,1.991,1.614,0.181,0.446,0.284
0.911,1.252,1.609,1.991,1.614,0.181,0.446,0.284
0.911,1.252,1.609,1.991,1.614,0.181,0.446,0.284
0.911,1.252,1.609,1.991,1.613,0.181,0.446,0.284
0.911,1.251,1.609,1.991,1.613,0.181,0.446,0.284
0.911,1.251,1.609,1.991,1.613,0.181,0.446,0.284
0.91,1.251,1.609,1.991,1.613,0.181,0.446,0.284
0.91,1.251,1.609,1.991,1.613,0.181,0.446,0.284
0.91,1.251,1.609,1.991,1.613,0.18,0.446,0.284
0.91,1.251,1.61,1.991,1.613,0.18,0.446,0.283
0.91,1.251,1.61,1.99,1.612,0.18,0.446,0.283
0.91,1.251,1.61,1.99,1.612,0.18,0.446,0.283
0.91,1.25,1.61,1.99,1.612,0.18,0.447,0.283
0.909,1.25,1.61,1.99,1.612,0.18,0.446,0.283
0.909,1.25,1.61,1.99,1.612,0.18,0.446,0.283
0.909,1.25,1.61,1.99,1.612,0.18,0.447,0.283
0.909,1.25,1.611,1.99,1.612,0.18,0.447,0.283
0.909,1.25,1.611,1.99,1.612,0.18,0.447,0.283
0.909,1.25,1.611,1.99,1.611,0.18,0.447,0.283
0.908,1.25,1.611,1.99,1.611,0.18,0.447,0.283
0.908,1.249,1.611,1.99,1.611,0.18,0.447,0.283
0.908,1.249,1.611,1.99,1.611,0.18,0.447,0.283
0.908,1.249,1.611,1.99,1.611,0.18,0.447,0.283
0.908,1.249,1.611,1.99,1.61,0.18,0.447,0.283
0.907,1.249,1.611,1.99,1.61,0.18,0.447,0.283
0.908,1.249,1.612,1.99,1.61,0.18,0.447,0.283
0.907,1.249,1.612,1.99,1.61,0.18,0.447,0.283
0.907,1.248,1.612,1.99,1.61,0.18,0.447,0.283
0.907,1.248,1.612,1.99,1.61,0.18,0.447,0.283
0.907,1.248,1.612,1.989,1.61,0.18,0.447,0.282
0.907,1.248,1.612,1.989,1.61,0.18,0.447,0.283
0.907,1.248,1.613,1.989,1.61,0.18,0.447,0.283
0.907,1.248,1.613,1.989,1.609,0.18,0.447,0.282
0.906,1.248,1.613,1.989,1.609,0.179,0.447,0.282
0.906,1.248,1.613,1.989,1.609,0.179,0.447,0.282
0.906,1.247,1.613,1.989,1.609,0.179,0.447,0.282
0.906,1.247,1.613,1.989,1.609,0.179,0.447,0.282
0.906,1.247,1.613,1.989,1.609,0.179,0.447,0.282
0.905,1.247,1.614,1.989,1.608,0.179,0.447,0.282
0.905,1.247,1.614,1.989,1.608,0.179,0.447,0.282
0.905,1.246,1.613,1.989,1.608,0.179,0.447,0.282
0.905,1.246,1.614,1.988,1.608,0.179,0.447,0.282
0.905,1.246,1.614,1.989,1.608,0.179,0.447,0.282
0.905,1.246,1.614,1.988,1.608,0.179,0.447,0.282
0.904,1.246,1.614,1.988,1.608,0.179,0.447,0.282
0.904,1.246,1.614,1.988,1.608,0.179,0.447,0.282
0.904,1.246,1.615,1.988,1.607,0.179,0.447,0.282
0.904,1.246,1.615,1.988,1.607,0.179,0.447,0.282
0.904,1.245,1.615,1.988,1.607,0.179,0.447,0.282
0.904,1.245,1.615,1.988,1.607,0.179,0.447,0.282
0.903,1.245,1.615,1.988,1.607,0.179,0.447,0.281
0.903,1.245,1.615,1.988,1.606,0.179,0.447,0.281
0.903,1.245,1.615,1.988,1.606,0.179,0.447,0.281
0.903,1.245,1.615,1.987,1.606,0.179,0.447,0.281
0.903,1.244,1.615,1.987,1.606,0.179,0.447,0.281
0.902,1.244,1.615,1.987,1.605,0.178,0.447,0.281
0.902,1.244,1.616,1.987,1.605,0.178,0.447,0.281
0.902,1.244,1.615,1.987,1.605,0.178,0.447,0.281
0.902,1.244,1.616,1.987,1.605,0.178,0.447,0.281
0.902,1.244,1.616,1.986,1.605,0.178,0.447,0.281
0.901,1.244,1.616,1.987,1.604,0.178,0.447,0.281
0.901,1.243,1.616,1.986,1.604,0.178,0.447,0.28
0.901,1.243,1.616,1.987,1.604,0.178,0.447,0.281
0.901,1.243,1.616,1.987,1.604,0.178,0.447,0.28
0.901,1.243,1.616,1.986,1.604,0.178,0.447,0.28
0.9,1.243,1.616,1.986,1.603,0.178,0.447,0.28
0.9,1.243,1.616,1.986,1.603,0.178,0.447,0.28
0.9,1.242,1.616,1.986,1.603,0.178,0.447,0.28
0.9,1.242,1.616,1.986,1.603,0.178,0.447,0.28
0.9,1.242,1.617,1.986,1.603,0.178,0.447,0.28
0.899,1.242,1.617,1.985,1.603,0.178,0.447,0.28
0.899,1.242,1.617,1.985,1.602,0.178,0.447,0.28
0.899,1.242,1.617,1.985,1.602,0.178,0.447,0.28
0.899,1.242,1.617,1.985,1.602,0.178,0.447,0.28
0.899,1.241,1.617,1.985,1.602,0.178,0.447,0.28
0.899,1.241,1.617,1.985,1.602,0.178,0.447,0.28
0.898,1.241,1.617,1.985,1.601,0.177,0.447,0.28
0.898,1.241,1.617,1.985,1.601,0.177,0.447,0.28
0.898,1.241,1.617,1.985,1.601,0.177,0.447,0.279
0.898,1.241,1.617,1.985,1.601,0.177,0.447,0.279
0.898,1.24,1.617,1.985,1.601,0.177,0.447,0.279
0.897,1.24,1.618,1.984,1.601,0.177,0.447,0.279
0.897,1.24,1.618,1.984,1.6,0.177,0.447,0.279
0.897,1.24,1.617,1.984,1.6,0.177,0.447,0.279
0.897,1.24,1.618,1.984,1.6,0.177,0.447,0.279
0.897,1.24,1.618,1.984,1.6,0.177,0.447,0.279
0.896,1.24,1.618,1.984,1.6,0.177,0.447,0.278
0.896,1.239,1.618,1.984,1.599,0.177,0.447,0.278
0.896,1.239,1.618,1.984,1.599,0.177,0.447,0.278
0.896,1.239,1.618,1.983,1.599,0.177,0.447,0.278
0.896,1.239,1.618,1.983,1.599,0.177,0.447,0.278
0.895,1.239,1.618,1.983,1.599,0.177,0.447,0.278
0.895,1.239,1.618,1.983,1.599,0.177,0.447,0.278
0.895,1.239,1.618,1.983,1.598,0.177,0.447,0.278
0.895,1.238,1.619,1.983,1.598,0.177,0.447,0.277
0.895,1.238,1.619,1.983,1.598,0.177,0.447,0.277
0.895,1.238,1.619,1.983,1.598,0.176,0.447,0.277
0.894,1.238,1.619,1.983,1.598,0.176,0.447,0.277
0.894,1.238,1.619,1.983,1.597,0.176,0.447,0.277
0.894,1.238,1.619,1.982,1.597,0.176,0.447,0.277
0.894,1.238,1.619,1.982,1.597,0.176,0.447,0.277
0.893,1.238,1.619,1.982,1.597,0.176,0.447,0.277
0.893,1.237,1.619,1.982,1.597,0.176,0.447,0.277
0.893,1.237,1.619,1.982,1.596,0.176,0.447,0.277
0.893,1.237,1.619,1.982,1.596,0.176,0.447,0.277
0.893,1.237,1.62,1.982,1.596,0.176,0.447,0.276
0.893,1.237,1.62,1.982,1.596,0.176,0.447,0.276
0.892,1.237,1.619,1.981,1.595,0.176,0.447,0.276
0.892,1.237,1.62,1.981,1.595,0.176,0.447,0.276
0.892,1.236,1.62,1.981,1.595,0.176,0.447,0.276
0.892,1.236,1.62,1.981,1.595,0.176,0.447,0.276
0.892,1.236,1.62,1.981,1.595,0.176,0.447,0.276
0.891,1.236,1.62,1.981,1.595,0.176,0.447,0.276
0.891,1.236,1.62,1.981,1.594,0.176,0.447,0.276
0.891,1.236,1.62,1.981,1.594,0.176,0.447,0.276
0.891,1.235,1.62,1.981,1.594,0.175,0.447,0.276
0.891,1.235,1.62,1.98,1.594,0.175,0.447,0.276
0.89,1.235,1.62,1.98,1.594,0.175,0.447,0.276
0.89,1.235,1.62,1.98,1.593,0.175,0.447,0.275
0.89,1.235,1.62,1.98,1.593,0.175,0.447,0.276
0.89,1.235,1.62,1.98,1.593,0.175,0.447,0.276
0.89,1.234,1.621,1.98,1.593,0.175,0.447,0.275
0.889,1.234,1.62,1.98,1.593,0.175,0.447,0.275
0.889,1.234,1.621,1.98,1.592,0.175,0.447,0.275
0.889,1.234,1.621,1.98,1.592,0.175,0.447,0.275
0.889,1.234,1.621,1.979,1.592,0.175,0.447,0.275
0.889,1.234,1.621,1.979,1.592,0.175,0.447,0.275
0.888,1.234,1.621,1.979,1.592,0.175,0.447,0.275
0.888,1.234,1.621,1.979,1.592,0.175,0.447,0.275
0.888,1.233,1.621,1.979,1.591,0.175,0.447,0.275
0.888,1.233,1.621,1.979,1.591,0.175,0.447,0.275
0.888,1.233,1.621,1.979,1.591,0.175,0.447,0.275
0.887,1.233,1.621,1.979,1.591,0.175,0.447,0.274
0.887,1.233,1.621,1.978,1.59,0.175,0.447,0.275
0.887,1.233,1.621,1.978,1.59,0.174,0.447,0.274
0.887,1.233,1.621,1.978,1.59,0.175,0.447,0.274
0.887,1.232,1.622,1.978,1.59,0.174,0.447,0.274
0.887,1.232,1.622,1.978,1.59,0.174,0.447,0.274
0.886,1.232,1.622,1.978,1.59,0.174,0.447,0.274
0.886,1.232,1.621,1.978,1.589,0.174,0.447,0.274
0.886,1.232,1.622,1.978,1.589,0.174,0.447,0.274
0.886,1.232,1.622,1.978,1.589,0.174,0.447,0.274
0.885,1.232,1.622,1.977,1.589,0.174,0.447,0.274
0.885,1.231,1.622,1.977,1.588,0.174,0.447,0.274
0.885,1.231,1.622,1.977,1.588,0.174,0.447,0.274
0.885,1.231,1.622,1.977,1.588,0.174,0.447,0.274
0.885,1.231,1.622,1.977,1.588,0.174,0.447,0.274
0.885,1.231,1.622,1.977,1.588,0.174,0.447,0.273
0.884,1.231,1.622,1.977,1.588,0.174,0.447,0.273
0.884,1.231,1.622,1.977,1.587,0.174,0.447,0.273
0.884,1.23,1.622,1.977,1.587,0.174,0.447,0.273
0.884,1.23,1.622,1.976,1.587,0.174,0.447,0.273
0.884,1.23,1.622,1.976,1.587,0.174,0.447,0.273
0.883,1.23,1.622,1.976,1.586,0.174,0.447,0.273
0.883,1.23,1.622,1.976,1.586,0.174,0.447,0.273
0.883,1.23,1.622,1.976,1.586,0.174,0.447,0.273
0.883,1.23,1.622,1.976,1.586,0.173,0.447,0.273
0.882,1.229,1.622,1.976,1.586,0.173,0.447,0.273
0.882,1.229,1.622,1.975,1.586,0.173,0.447,0.273
0.882,1.229,1.622,1.976,1.585,0.173,0.447,0.273
0.882,1.229,1.622,1.975,1.585,0.173,0.447,0.272
0.882,1.229,1.623,1.975,1.585,0.173,0.447,0.272
0.881,1.229,1.623,1.975,1.585,0.173,0.447,0.272
0.881,1.229,1.623,1.975,1.584,0.173,0.447,0.272
0.881,1.228,1.623,1.975,1.584,0.173,0.447,0.272
0.881,1.228,1.623,1.975,1.584,0.173,0.447,0.272
0.881,1.228,1.623,1.974,1.584,0.173,0.447,0.272
0.881,1.228,1.623,1.974,1.584,0.173,0.447,0.272
0.88,1.228,1.623,1.974,1.584,0.173,0.447,0.272
0.88,1.228,1.623,1.974,1.584,0.173,0.447,0.272
0.88,1.228,1.623,1.974,1.583,0.173,0.447,0.272
0.88,1.227,1.623,1.974,1.583,0.173,0.447,0.272
0.88,1.227,1.623,1.974,1.583,0.173,0.447,0.272
0.879,1.227,1.623,1.974,1.583,0.172,0.447,0.271
0.879,1.227,1.623,1.973,1.583,0.172,0.447,0.271
0.879,1.227,1.623,1.974,1.582,0.173,0.447,0.271
0.879,1.227,1.623,1.973,1.582,0.172,0.447,0.271
0.879,1.227,1.623,1.973,1.582,0.172,0.447,0.271
0.878,1.226,1.623,1.973,1.581,0.172,0.447,0.271
0.878,1.226,1.624,1.973,1.581,0.172,0.447,0.271
0.878,1.226,1.623,1.973,1.581,0.172,0.447,0.271
0.878,1.226,1.624,1.973,1.581,0.172,0.447,0.271
0.878,1.226,1.624,1.973,1.581,0.172,0.447,0.271
0.877,1.226,1.624,1.973,1.581,0.172,0.447,0.271
0.877,1.226,1.623,1.972,1.58,0.172,0.447,0.271
0.877,1.226,1.624,1.972,1.58,0.172,0.447,0.271
0.877,1.225,1.624,1.972,1.58,0.172,0.447,0.271
0.877,1.226,1.624,1.972,1.58,0.172,0.447,0.27
0.876,1.225,1.624,1.972,1.58,0.172,0.447,0.271
0.876,1.225,1.624,1.972,1.58,0.172,0.447,0.27
0.876,1.225,1.624,1.972,1.579,0.172,0.447,0.27
0.876,1.225,1.624,1.971,1.579,0.172,0.447,0.27
0.876,1.225,1.624,1.971,1.579,0.172,0.447,0.27
0.875,1.224,1.624,1.971,1.579,0.172,0.447,0.27
0.875,1.224,1.624,1.971,1.578,0.172,0.446,0.27
0.875,1.224,1.624,1.971,1.578,0.171,0.446,0.27
0.875,1.224,1.624,1.971,1.578,0.171,0.447,0.27
0.875,1.224,1.624,1.971,1.578,0.171,0.447,0.27
0.875,1.224,1.624,1.971,1.578,0.171,0.446,0.27
0.874,1.224,1.624,1.971,1.578,0.171,0.447,0.27
0.874,1.224,1.624,1.97,1.577,0.171,0.446,0.27
0.874,1.223,1.624,1.97,1.577,0.171,0.446,0.27
0.874,1.223,1.624,1.97,1.577,0.171,0.446,0.27
0.874,1.223,1.624,1.97,1.577,0.171,0.446,0.27
0.873,1.223,1.624,1.97,1.577,0.171,0.446,0.27
0.873,1.223,1.625,1.97,1.577,0.171,0.446,0.269
0.873,1.223,1.625,1.97,1.576,0.171,0.446,0.269
0.873,1.223,1.624,1.97,1.576,0.171,0.446,0.269
0.873,1.223,1.625,1.97,1.576,0.171,0.446,0.269
0.873,1.222,1.625,1.969,1.576,0.171,0.446,0.269
0.872,1.222,1.625,1.969,1.576,0.171,0.446,0.269
0.872,1.222,1.625,1.969,1.576,0.171,0.446,0.269
0.872,1.222,1.625,1.969,1.575,0.171,0.446,0.269
0.872,1.222,1.625,1.969,1.575,0.171,0.446,0.269
0.872,1.222,1.624,1.969,1.575,0.171,0.446,0.269
0.871,1.222,1.625,1.969,1.575,0.17,0.446,0.269
0.871,1.222,1.625,1.969,1.575,0.17,0.446,0.269
0.871,1.222,1.625,1.969,1.574,0.17,0.446,0.269
0.871,1.221,1.625,1.968,1.574,0.17,0.446,0.269
0.871,1.221,1.625,1.968,1.574,0.17,0.446,0.269
0.87,1.221,1.625,1.968,1.574,0.17,0.446,0.269
0.87,1.221,1.625,1.968,1.574,0.17,0.446,0.269
0.87,1.221,1.625,1.968,1.574,0.17,0.446,0.268
0.87,1.221,1.625,1.968,1.573,0.17,0.446,0.268
0.87,1.221,1.625,1.968,1.573,0.17,0.446,0.268
0.87,1.221,1.625,1.968,1.573,0.17,0.446,0.268
0.869,1.22,1.626,1.968,1.573,0.17,0.446,0.268
0.869,1.22,1.625,1.968,1.573,0.17,0.446,0.268
0.869,1.22,1.626,1.968,1.573,0.17,0.446,0.268
0.869,1.22,1.626,1.967,1.573,0.17,0.446,0.268
0.868,1.22,1.626,1.967,1.572,0.17,0.446,0.268
0.868,1.22,1.626,1.968,1.572,0.17,0.446,0.268
0.868,1.22,1.626,1.967,1.572,0.17,0.446,0.268
0.868,1.219,1.626,1.967,1.572,0.17,0.446,0.268
0.868,1.219,1.626,1.967,1.571,0.17,0.446,0.268
0.868,1.219,1.626,1.967,1.571,0.169,0.446,0.268
0.868,1.219,1.626,1.967,1.571,0.17,0.446,0.267
0.867,1.219,1.626,1.967,1.571,0.17,0.446,0.268
0.867,1.219,1.626,1.967,1.571,0.169,0.446,0.268
0.867,1.219,1.626,1.966,1.571,0.169,0.446,0.267
0.867,1.219,1.626,1.966,1.571,0.169,0.446,0.267
0.867,1.219,1.626,1.966,1.57,0.169,0.446,0.267
0.866,1.218,1.626,1.966,1.57,0.169,0.446,0.267
0.866,1.218,1.626,1.966,1.57,0.169,0.446,0.267
0.866,1.218,1.626,1.966,1.57,0.169,0.446,0.267
0.866,1.218,1.626,1.966,1.569,0.169,0.446,0.267
0.866,1.218,1.626,1.966,1.57,0.169,0.446,0.267
0.866,1.218,1.626,1.966,1.569,0.169,0.446,0.267
0.865,1.218,1.626,1.966,1.569,0.169,0.446,0.267
0.865,1.218,1.627,1.966,1.569,0.169,0.446,0.267
0.865,1.218,1.626,1.965,1.569,0.169,0.446,0.267
0.865,1.217,1.626,1.965,1.569,0.169,0.446,0.267
0.865,1.217,1.626,1.965,1.568,0.169,0.446,0.267
0.864,1.217,1.626,1.965,1.568,0.169,0.446,0.266
0.864,1.217,1.626,1.965,1.568,0.169,0.446,0.266
0.864,1.217,1.627,1.965,1.568,0.169,0.446,0.266
0.864,1.217,1.627,1.965,1.568,0.169,0.446,0.266
0.864,1.217,1.627,1.964,1.568,0.169,0.446,0.266
0.863,1.217,1.627,1.965,1.567,0.169,0.446,0.266
0.863,1.216,1.627,1.964,1.567,0.169,0.446,0.266
0.863,1.216,1.627,1.964,1.567,0.168,0.446,0.266
0.863,1.216,1.627,1.964,1.567,0.168,0.446,0.266
0.863,1.216,1.627,1.964,1.567,0.168,0.446,0.266
0.863,1.216,1.627,1.964,1.566,0.168,0.446,0.266
0.862,1.216,1.627,1.964,1.566,0.168,0.446,0.266
0.862,1.216,1.627,1.964,1.566,0.168,0.446,0.266
0.862,1.216,1.627,1.964,1.566,0.168,0.446,0.266
0.862,1.216,1.627,1.964,1.566,0.168,0.446,0.266
0.862,1.216,1.627,1.964,1.566,0.168,0.446,0.266
0.862,1.216,1.627,1.963,1.566,0.168,0.446,0.265
0.861,1.215,1.627,1.963,1.565,0.168,0.446,0.265
0.861,1.215,1.627,1.963,1.565,0.168,0.446,0.265
0.861,1.215,1.627,1.963,1.565,0.168,0.446,0.265
0.861,1.215,1.627,1.963,1.565,0.168,0.446,0.265
0.861,1.215,1.627,1.963,1.565,0.168,0.446,0.265
0.86,1.215,1.627,1.963,1.564,0.168,0.446,0.265
0.86,1.215,1.628,1.963,1.564,0.168,0.446,0.265
0.86,1.215,1.628,1.963,1.564,0.168,0.446,0.265
0.86,1.214,1.628,1.963,1.564,0.168,0.446,0.265
0.86,1.214,1.628,1.963,1.564,0.168,0.446,0.265
0.86,1.214,1.628,1.963,1.564,0.168,0.446,0.265
0.859,1.214,1.628,1.962,1.563,0.167,0.446,0.265
0.859,1.214,1.627,1.962,1.563,0.167,0.446,0.265
0.859,1.214,1.628,1.962,1.563,0.167,0.446,0.265
0.859,1.214,1.627,1.962,1.563,0.167,0.445,0.265
0.858,1.214,1.628,1.962,1.563,0.167,0.445,0.264
0.858,1.213,1.627,1.961,1.562,0.167,0.445,0.264
0.858,1.213,1.627,1.961,1.562,0.167,0.446,0.264
0.858,1.213,1.628,1.961,1.562,0.167,0.445,0.264
0.858,1.213,1.628,1.961,1.562,0.167,0.445,0.264
0.858,1.213,1.628,1.961,1.562,0.167,0.446,0.264
0.858,1.213,1.628,1.961,1.562,0.167,0.446,0.264
0.857,1.213,1.628,1.961,1.562,0.167,0.445,0.264
0.857,1.213,1.628,1.961,1.561,0.167,0.445,0.264
0.857,1.213,1.628,1.961,1.561,0.167,0.445,0.264
0.857,1.212,1.628,1.961,1.561,0.167,0.445,0.264
0.857,1.213,1.628,1.961,1.561,0.167,0.445,0.264
0.856,1.212,1.628,1.961,1.561,0.167,0.445,0.264
0.856,1.212,1.628,1.961,1.561,0.167,0.445,0.264
0.856,1.212,1.628,1.96,1.56,0.167,0.445,0.263
0.856,1.212,1.628,1.96,1.56,0.167,0.445,0.263
0.856,1.212,1.628,1.961,1.56,0.167,0.445,0.263
0.856,1.212,1.628,1.96,1.56,0.166,0.445,0.264
0.855,1.211,1.628,1.96,1.56,0.166,0.445,0.263
0.855,1.211,1.628,1.96,1.559,0.166,0.445,0.263
0.855,1.211,1.628,1.959,1.559,0.166,0.445,0.263
0.855,1.211,1.628,1.959,1.559,0.166,0.445,0.263
0.854,1.211,1.628,1.959,1.559,0.166,0.445,0.263
0.854,1.211,1.628,1.96,1.559,0.166,0.445,0.263
0.854,1.211,1.628,1.959,1.558,0.166,0.445,0.263
0.854,1.211,1.628,1.959,1.558,0.166,0.445,0.263
0.854,1.211,1.628,1.959,1.558,0.166,0.445,0.263
0.854,1.211,1.628,1.959,1.558,0.166,0.445,0.263
0.853,1.21,1.628,1.959,1.558,0.166,0.445,0.263
0.853,1.21,1.628,1.959,1.558,0.166,0.445,0.263
0.853,1.21,1.628,1.959,1.557,0.166,0.445,0.263
0.853,1.21,1.628,1.959,1.557,0.166,0.445,0.263
0.853,1.21,1.629,1.959,1.557,0.166,0.445,0.262
0.853,1.21,1.629,1.958,1.557,0.166,0.445,0.262
0.852,1.21,1.629,1.958,1.557,0.166,0.445,0.262
0.852,1.21,1.628,1.958,1.557,0.166,0.445,0.262
0.852,1.21,1.629,1.958,1.557,0.166,0.445,0.262
0.852,1.21,1.628,1.958,1.557,0.166,0.445,0.262
0.852,1.209,1.629,1.958,1.556,0.166,0.445,0.262
0.852,1.209,1.628,1.958,1.556,0.165,0.445,0.262
0.851,1.209,1.629,1.958,1.556,0.165,0.445,0.262
0.851,1.209,1.629,1.958,1.556,0.165,0.445,0.262
0.851,1.209,1.629,1.958,1.556,0.165,0.445,0.262
0.851,1.209,1.629,1.957,1.555,0.165,0.445,0.262
0.851,1.209,1.629,1.957,1.555,0.165,0.445,0.262
0.85,1.209,1.629,1.957,1.555,0.166,0.445,0.262
0.85,1.209,1.629,1.957,1.555,0.165,0.445,0.262
0.85,1.208,1.629,1.957,1.555,0.165,0.445,0.262
0.85,1.208,1.629,1.957,1.555,0.165,0.445,0.262
0.85,1.208,1.629,1.957,1.554,0.165,0.445,0.262
0.85,1.208,1.629,1.957,1.554,0.165,0.445,0.261
0.849,1.208,1.629,1.957,1.554,0.165,0.445,0.261
0.849,1.208,1.629,1.957,1.554,0.165,0.445,0.261
0.849,1.208,1.629,1.957,1.554,0.165,0.445,0.261
0.849,1.208,1.629,1.956,1.554,0.165,0.445,0.261
0.849,1.208,1.629,1.956,1.553,0.165,0.445,0.261
0.848,1.208,1.629,1.956,1.553,0.165,0.445,0.261
0.849,1.207,1.629,1.956,1.553,0.165,0.445,0.261
0.848,1.207,1.629,1.956,1.553,0.165,0.445,0.261
0.848,1.207,1.629,1.956,1.553,0.165,0.445,0.261
0.848,1.207,1.629,1.956,1.553,0.165,0.444,0.261
0.848,1.207,1.629,1.956,1.552,0.165,0.444,0.261
0.848,1.207,1.629,1.956,1.552,0.165,0.445,0.261
0.847,1.207,1.629,1.956,1.552,0.165,0.445,0.261
0.847,1.207,1.629,1.956,1.552,0.165,0.444,0.261
0.847,1.207,1.629,1.955,1.552,0.164,0.444,0.261
0.847,1.207,1.629,1.955,1.552,0.164,0.445,0.261
0.847,1.206,1.629,1.955,1.551,0.164,0.445,0.261
0.847,1.206,1.629,1.955,1.552,0.164,0.444,0.261
0.846,1.206,1.629,1.955,1.551,0.164,0.444,0.26
0.846,1.206,1.629,1.955,1.551,0.164,0.445,0.26
0.846,1.206,1.629,1.955,1.551,0.164,0.444,0.26
0.846,1.206,1.629,1.955,1.551,0.164,0.444,0.26
0.846,1.206,1.629,1.955,1.551,0.164,0.444,0.26
0.846,1.206,1.629,1.954,1.55,0.164,0.444,0.26
0.845,1.206,1.629,1.955,1.55,0.164,0.444,0.26
0.845,1.205,1.629,1.954,1.55,0.164,0.444,0.26
0.845,1.205,1.629,1.954,1.55,0.164,0.444,0.26
0.845,1.205,1.629,1.954,1.55,0.164,0.444,0.26
0.845,1.205,1.629,1.954,1.55,0.164,0.444,0.26
0.845,1.205,1.63,1.954,1.55,0.164,0.444,0.26
0.844,1.205,1.629,1.954,1.549,0.164,0.444,0.26
0.844,1.205,1.629,1.954,1.549,0.164,0.444,0.26
0.844,1.205,1.629,1.954,1.549,0.164,0.444,0.26
0.844,1.205,1.63,1.954,1.549,0.164,0.444,0.26
0.844,1.205,1.63,1.953,1.549,0.164,0.444,0.26
0.843,1.205,1.63,1.953,1.549,0.164,0.444,0.259
0.843,1.204,1.63,1.953,1.548,0.164,0.444,0.259
0.843,1.204,1.63,1.953,1.548,0.164,0.444,0.259
0.843,1.204,1.63,1.953,1.548,0.163,0.444,0.26
0.843,1.204,1.629,1.953,1.548,0.164,0.444,0.259
0.843,1.204,1.63,1.953,1.548,0.163,0.444,0.259
0.842,1.204,1.63,1.953,1.548,0.163,0.444,0.259
0.842,1.204,1.63,1.953,1.548,0.163,0.444,0.259
0.842,1.204,1.63,1.953,1.547,0.163,0.444,0.259
0.842,1.204,1.63,1.953,1.547,0.163,0.444,0.259
0.842,1.204,1.63,1.952,1.547,0.163,0.444,0.259
0.842,1.203,1.63,1.952,1.547,0.163,0.444,0.259
0.841,1.203,1.63,1.952,1.546,0.163,0.444,0.259
0.841,1.203,1.63,1.952,1.546,0.163,0.444,0.259
0.841,1.203,1.63,1.952,1.546,0.163,0.444,0.259
0.841,1.203,1.63,1.952,1.546,0.163,0.444,0.259
0.841,1.203,1.63,1.952,1.546,0.163,0.444,0.259
0.841,1.203,1.63,1.952,1.546,0.163,0.444,0.259
0.84,1.203,1.63,1.951,1.546,0.163,0.444,0.259
0.84,1.203,1.63,1.951,1.545,0.163,0.444,0.258
0.84,1.202,1.63,1.952,1.545,0.163,0.444,0.258
0.84,1.202,1.63,1.951,1.545,0.163,0.444,0.259
0.84,1.202,1.63,1.951,1.545,0.163,0.444,0.258
0.839,1.202,1.63,1.951,1.545,0.163,0.444,0.258
0.839,1.202,1.63,1.951,1.545,0.163,0.444,0.258
0.839,1.202,1.63,1.951,1.545,0.163,0.444,0.258
0.839,1.202,1.63,1.951,1.544,0.162,0.444,0.258
0.839,1.202,1.63,1.951,1.544,0.163,0.444,0.258
0.839,1.202,1.63,1.95,1.544,0.162,0.444,0.258
0.838,1.202,1.63,1.951,1.544,0.162,0.444,0.258
0.838,1.201,1.63,1.951,1.544,0.162,0.444,0.258
0.838,1.201,1.63,1.951,1.544,0.163,0.444,0.258
0.838,1.201,1.63,1.951,1.544,0.162,0.444,0.258
0.838,1.201,1.63,1.95,1.544,0.162,0.444,0.258
0.838,1.201,1.63,1.95,1.543,0.162,0.444,0.258
0.838,1.201,1.63,1.95,1.543,0.162,0.444,0.258
0.837,1.201,1.63,1.95,1.543,0.162,0.443,0.257
0.837,1.201,1.63,1.95,1.543,0.162,0.444,0.258
0.837,1.201,1.63,1.95,1.543,0.162,0.443,0.257
0.837,1.201,1.63,1.95,1.543,0.162,0.444,0.257
0.837,1.201,1.63,1.95,1.542,0.162,0.443,0.257
0.837,1.201,1.63,1.95,1.542,0.162,0.443,0.257
0.836,1.2,1.63,1.949,1.542,0.162,0.443,0.257
0.836,1.2,1.63,1.949,1.542,0.162,0.443,0.257
0.836,1.2,1.63,1.949,1.542,0.162,0.443,0.257
0.836,1.2,1.63,1.949,1.542,0.162,0.443,0.257
0.836,1.2,1.63,1.949,1.541,0.162,0.443,0.257
0.836,1.2,1.63,1.949,1.541,0.162,0.443,0.257
0.835,1.2,1.63,1.949,1.541,0.162,0.443,0.257
0.835,1.2,1.63,1.949,1.541,0.162,0.443,0.257
0.835,1.2,1.63,1.949,1.541,0.162,0.443,0.257
0.835,1.199,1.63,1.948,1.541,0.162,0.443,0.257
0.835,1.199,1.63,1.948,1.54,0.161,0.443,0.257
0.834,1.199,1.63,1.948,1.54,0.162,0.443,0.257
0.835,1.199,1.63,1.948,1.54,0.161,0.443,0.257
0.834,1.199,1.63,1.948,1.54,0.162,0.443,0.257
0.834,1.199,1.63,1.948,1.54,0.161,0.443,0.256
0.834,1.199,1.63,1.948,1.54,0.161,0.443,0.256
0.834,1.199,1.63,1.948,1.54,0.161,0.443,0.256
0.834,1.199,1.63,1.947,1.539,0.161,0.443,0.256
0.833,1.199,1.63,1.948,1.539,0.161,0.443,0.256
0.833,1.198,1.63,1.948,1.539,0.161,0.443,0.256
0.833,1.198,1.63,1.948,1.539,0.161,0.443,0.256
0.833,1.198,1.63,1.947,1.539,0.161,0.443,0.256
0.833,1.198,1.63,1.947,1.538,0.161,0.443,0.256
0.833,1.198,1.63,1.947,1.538,0.161,0.443,0.256
0.832,1.198,1.63,1.947,1.538,0.161,0.443,0.256
0.832,1.198,1.63,1.947,1.538,0.161,0.443,0.256
0.832,1.198,1.63,1.947,1.538,0.161,0.443,0.256
0.832,1.198,1.63,1.947,1.538,0.161,0.443,0.256
0.832,1.198,1.63,1.946,1.537,0.161,0.443,0.256
0.831,1.197,1.63,1.946,1.537,0.161,0.443,0.256
0.831,1.197,1.63,1.946,1.537,0.161,0.443,0.256
0.831,1.197,1.63,1.946,1.537,0.161,0.443,0.256
0.831,1.197,1.63,1.946,1.537,0.161,0.443,0.255
0.831,1.197,1.63,1.946,1.537,0.161,0.443,0.255
0.831,1.197,1.63,1.946,1.536,0.161,0.443,0.255
0.831,1.197,1.63,1.946,1.537,0.16,0.443,0.255
0.83,1.197,1.63,1.946,1.536,0.16,0.443,0.255
0.83,1.197,1.63,1.946,1.536,0.161,0.443,0.255
0.83,1.197,1.63,1.945,1.536,0.16,0.443,0.255
0.83,1.196,1.63,1.945,1.536,0.16,0.443,0.255
0.83,1.196,1.63,1.945,1.536,0.16,0.443,0.255
0.829,1.196,1.63,1.945,1.535,0.16,0.443,0.255
0.829,1.196,1.63,1.945,1.535,0.16,0.443,0.255
0.829,1.196,1.63,1.945,1.535,0.16,0.443,0.255
0.829,1.196,1.63,1.945,1.535,0.16,0.443,0.255
0.829,1.196,1.63,1.945,1.535,0.16,0.442,0.255
0.829,1.196,1.63,1.945,1.535,0.16,0.442,0.255
0.829,1.196,1.63,1.945,1.535,0.16,0.442,0.255
0.828,1.195,1.63,1.945,1.534,0.16,0.442,0.255
0.828,1.196,1.63,1.945,1.534,0.16,0.443,0.255
0.828,1.195,1.63,1.944,1.534,0.16,0.442,0.255
0.828,1.195,1.63,1.945,1.534,0.16,0.443,0.254
0.828,1.195,1.63,1.944,1.534,0.16,0.442,0.255
0.828,1.195,1.63,1.944,1.534,0.16,0.442,0.254
0.827,1.195,1.63,1.944,1.533,0.16,0.442,0.254
0.827,1.195,1.63,1.944,1.533,0.16,0.442,0.254
0.827,1.195,1.63,1.944,1.533,0.16,0.442,0.254
0.827,1.195,1.63,1.944,1.533,0.16,0.442,0.254
0.827,1.195,1.63,1.944,1.533,0.16,0.442,0.254
0.826,1.195,1.63,1.944,1.533,0.16,0.442,0.254
0.826,1.195,1.63,1.943,1.532,0.16,0.442,0.254
0.826,1.194,1.63,1.943,1.532,0.16,0.442,0.254
0.826,1.194,1.63,1.943,1.532,0.16,0.442,0.254
0.826,1.194,1.63,1.943,1.532,0.16,0.442,0.254
0.826,1.194,1.63,1.943,1.532,0.159,0.442,0.254
0.826,1.194,1.63,1.943,1.532,0.159,0.442,0.254
0.825,1.194,1.63,1.943,1.532,0.159,0.442,0.254
0.825,1.194,1.63,1.943,1.532,0.159,0.442,0.254
0.825,1.194,1.63,1.943,1.531,0.159,0.442,0.254
0.825,1.194,1.63,1.943,1.531,0.159,0.442,0.254
0.825,1.194,1.63,1.943,1.531,0.159,0.442,0.254
0.825,1.194,1.63,1.943,1.531,0.159,0.442,0.254
0.824,1.194,1.63,1.943,1.531,0.159,0.442,0.253
0.824,1.193,1.63,1.942,1.531,0.159,0.442,0.253
0.824,1.193,1.63,1.942,1.531,0.159,0.442,0.253
0.824,1.193,1.63,1.942,1.53,0.159,0.442,0.253
0.824,1.193,1.63,1.942,1.53,0.159,0.442,0.253
0.824,1.193,1.63,1.942,1.53,0.159,0.442,0.253
0.823,1.193,1.63,1.942,1.53,0.159,0.442,0.253
0.823,1.193,1.63,1.942,1.53,0.159,0.442,0.253
0.823,1.193,1.63,1.942,1.53,0.159,0.442,0.253
0.823,1.193,1.63,1.942,1.53,0.159,0.442,0.253
0.823,1.192,1.63,1.942,1.529,0.159,0.442,0.253
0.823,1.193,1.63,1.942,1.529,0.159,0.442,0.253
0.823,1.192,1.63,1.942,1.529,0.159,0.442,0.253
0.822,1.192,1.63,1.942,1.529,0.159,0.442,0.253
0.822,1.192,1.63,1.941,1.529,0.159,0.442,0.253
0.822,1.192,1.63,1.941,1.529,0.159,0.442,0.253
0.822,1.192,1.63,1.941,1.529,0.159,0.442,0.253
0.822,1.192,1.63,1.941,1.528,0.158,0.442,0.253
0.822,1.192,1.63,1.941,1.528,0.158,0.441,0.253
0.821,1.192,1.63,1.941,1.528,0.158,0.442,0.252
0.821,1.192,1.63,1.941,1.528,0.158,0.442,0.252
0.821,1.191,1.63,1.94,1.528,0.158,0.441,0.252
0.821,1.191,1.63,1.94,1.528,0.158,0.441,0.252
0.821,1.191,1.63,1.941,1.528,0.158,0.441,0.252
0.821,1.191,1.63,1.94,1.527,0.158,0.441,0.252
0.82,1.191,1.63,1.94,1.527,0.158,0.441,0.252
0.82,1.191,1.63,1.94,1.527,0.158,0.441,0.252
0.82,1.191,1.63,1.94,1.527,0.158,0.441,0.252
0.82,1.191,1.63,1.94,1.527,0.158,0.441,0.252
0.82,1.191,1.63,1.94,1.527,0.158,0.441,0.252
0.82,1.191,1.63,1.94,1.527,0.158,0.441,0.252
0.82,1.191,1.63,1.94,1.527,0.158,0.441,0.252
0.819,1.191,1.63,1.94,1.526,0.158,0.441,0.252
0.819,1.19,1.63,1.94,1.526,0.158,0.441,0.252
0.819,1.19,1.63,1.94,1.526,0.158,0.441,0.252
0.819,1.19,1.63,1.94,1.526,0.158,0.441,0.252
0.819,1.19,1.63,1.939,1.526,0.158,0.441,0.252
0.819,1.19,1.63,1.939,1.526,0.158,0.441,0.252
0.818,1.19,1.63,1.939,1.525,0.158,0.441,0.252
0.818,1.19,1.63,1.939,1.525,0.158,0.441,0.252
0.818,1.19,1.63,1.939,1.525,0.158,0.441,0.251
0.818,1.19,1.63,1.939,1.525,0.158,0.441,0.251
0.818,1.19,1.63,1.939,1.525,0.158,0.441,0.251
0.818,1.19,1.63,1.939,1.525,0.157,0.441,0.251
0.818,1.19,1.63,1.939,1.525,0.157,0.441,0.251
0.817,1.19,1.63,1.939,1.525,0.157,0.441,0.251
0.817,1.189,1.63,1.939,1.525,0.157,0.441,0.251
0.817,1.189,1.63,1.938,1.524,0.157,0.441,0.251
0.817,1.189,1.63,1.938,1.524,0.157,0.441,0.251
0.817,1.189,1.63,1.938,1.524,0.157,0.441,0.251
0.817,1.189,1.63,1.938,1.524,0.157,0.441,0.251
0.816,1.189,1.63,1.938,1.524,0.157,0.441,0.251
0.816,1.189,1.63,1.938,1.524,0.157,0.441,0.251
0.816,1.189,1.63,1.938,1.523,0.157,0.441,0.251
0.816,1.188,1.63,1.938,1.523,0.157,0.441,0.251
0.816,1.188,1.63,1.938,1.523,0.157,0.441,0.251
0.816,1.188,1.63,1.938,1.523,0.157,0.441,0.251
0.815,1.188,1.63,1.937,1.523,0.157,0.441,0.251
0.815,1.188,1.63,1.938,1.523,0.157,0.441,0.251
0.815,1.188,1.63,1.937,1.522,0.157,0.441,0.25
0.815,1.188,1.63,1.937,1.522,0.157,0.441,0.251
0.815,1.188,1.63,1.937,1.522,0.157,0.441,0.25
0.815,1.188,1.63,1.937,1.522,0.157,0.441,0.25
0.815,1.188,1.63,1.937,1.522,0.157,0.441,0.25
0.814,1.188,1.629,1.937,1.522,0.157,0.44,0.25
0.814,1.188,1.629,1.936,1.521,0.157,0.44,0.25
0.814,1.187,1.629,1.937,1.521,0.157,0.44,0.25
0.814,1.188,1.629,1.936,1.521,0.157,0.44,0.25
0.814,1.187,1.63,1.937,1.521,0.157,0.44,0.25
0.813,1.187,1.629,1.936,1.521,0.157,0.44,0.25
0.813,1.187,1.629,1.937,1.521,0.156,0.44,0.25
0.813,1.187,1.63,1.936,1.521,0.156,0.44,0.25
0.813,1.187,1.63,1.936,1.521,0.157,0.44,0.25
0.813,1.187,1.629,1.936,1.521,0.156,0.44,0.25
0.813,1.187,1.629,1.936,1.521,0.156,0.44,0.25
0.813,1.187,1.63,1.936,1.52,0.156,0.44,0.25
0.812,1.187,1.629,1.936,1.52,0.156,0.44,0.25
0.812,1.187,1.629,1.936,1.52,0.156,0.44,0.25
0.812,1.186,1.629,1.936,1.52,0.156,0.44,0.25
0.812,1.187,1.629,1.936,1.52,0.156,0.44,0.25
0.812,1.186,1.629,1.936,1.52,0.156,0.44,0.249
0.812,1.186,1.629,1.936,1.519,0.156,0.44,0.25
0.811,1.186,1.63,1.936,1.519,0.156,0.44,0.25
0.811,1.186,1.629,1.935,1.519,0.156,0.44,0.249
0.811,1.186,1.63,1.935,1.519,0.156,0.44,0.249
0.811,1.186,1.629,1.935,1.519,0.156,0.44,0.249
0.811,1.186,1.629,1.935,1.519,0.156,0.44,0.249
0.811,1.186,1.629,1.935,1.518,0.156,0.44,0.249
0.811,1.186,1.629,1.935,1.518,0.156,0.44,0.249
0.81,1.186,1.629,1.935,1.518,0.156,0.44,0.249
0.81,1.185,1.629,1.934,1.518,0.156,0.44,0.249
0.81,1.185,1.629,1.934,1.518,0.156,0.44,0.249
0.81,1.185,1.629,1.934,1.517,0.156,0.44,0.249
0.81,1.185,1.629,1.934,1.517,0.156,0.439,0.249
0.809,1.185,1.629,1.934,1.517,0.156,0.439,0.249
0.809,1.185,1.629,1.934,1.517,0.156,0.439,0.249
0.809,1.185,1.629,1.934,1.517,0.155,0.439,0.249
0.809,1.185,1.628,1.933,1.517,0.155,0.439,0.249
0.809,1.185,1.629,1.934,1.517,0.155,0.439,0.249
0.809,1.185,1.629,1.933,1.516,0.156,0.44,0.249
0.809,1.184,1.629,1.933,1.516,0.156,0.439,0.248
0.808,1.184,1.629,1.933,1.517,0.155,0.439,0.248
0.808,1.185,1.628,1.933,1.516,0.155,0.439,0.248
0.808,1.184,1.629,1.933,1.516,0.155,0.439,0.249
0.808,1.184,1.629,1.933,1.516,0.155,0.439,0.248
0.808,1.184,1.628,1.933,1.516,0.155,0.439,0.248
0.808,1.184,1.629,1.933,1.516,0.155,0.439,0.248
0.807,1.184,1.628,1.933,1.516,0.155,0.439,0.248
0.807,1.184,1.629,1.933,1.515,0.155,0.439,0.248
0.807,1.184,1.629,1.933,1.515,0.155,0.439,0.248
0.807,1.184,1.629,1.933,1.515,0.155,0.439,0.248
0.807,1.184,1.628,1.932,1.515,0.155,0.439,0.248
0.807,1.183,1.628,1.933,1.515,0.155,0.439,0.248
0.806,1.183,1.628,1.932,1.515,0.155,0.439,0.248
0.806,1.183,1.628,1.933,1.515,0.155,0.439,0.248
0.806,1.183,1.628,1.932,1.514,0.155,0.439,0.248
0.806,1.183,1.628,1.932,1.514,0.155,0.439,0.248
0.806,1.183,1.628,1.932,1.514,0.155,0.439,0.248
0.806,1.183,1.628,1.932,1.514,0.155,0.439,0.248
0.805,1.183,1.628,1.932,1.514,0.155,0.439,0.248
0.805,1.183,1.628,1.932,1.514,0.155,0.439,0.248
0.805,1.183,1.628,1.931,1.513,0.155,0.439,0.248
0.805,1.183,1.628,1.931,1.513,0.155,0.439,0.247
0.805,1.182,1.628,1.931,1.513,0.155,0.439,0.248
0.805,1.182,1.628,1.931,1.513,0.154,0.439,0.247
0.804,1.182,1.628,1.931,1.513,0.155,0.439,0.247
0.804,1.182,1.628,1.931,1.513,0.155,0.438,0.247
0.804,1.182,1.628,1.931,1.513,0.154,0.439,0.247
0.804,1.182,1.628,1.931,1.512,0.154,0.439,0.247
0.804,1.182,1.628,1.931,1.512,0.154,0.438,0.247
0.804,1.182,1.628,1.931,1.512,0.154,0.438,0.247
0.804,1.182,1.628,1.931,1.512,0.154,0.438,0.247
0.803,1.182,1.628,1.93,1.512,0.154,0.438,0.247
0.803,1.182,1.628,1.93,1.512,0.154,0.438,0.247
0.803,1.182,1.627,1.93,1.512,0.154,0.438,0.247
0.803,1.182,1.627,1.93,1.512,0.154,0.438,0.247
0.803,1.181,1.627,1.93,1.511,0.154,0.438,0.247
0.803,1.181,1.627,1.93,1.511,0.154,0.438,0.247
0.803,1.181,1.627,1.93,1.511,0.154,0.438,0.247
0.802,1.181,1.627,1.93,1.511,0.154,0.438,0.247
0.802,1.181,1.627,1.93,1.511,0.154,0.438,0.247
0.802,1.181,1.627,1.93,1.511,0.154,0.438,0.247
0.802,1.181,1.627,1.93,1.511,0.154,0.438,0.247
0.802,1.181,1.627,1.929,1.51,0.154,0.438,0.246
0.802,1.181,1.627,1.929,1.51,0.154,0.438,0.246
0.801,1.181,1.627,1.929,1.51,0.154,0.438,0.247
0.801,1.181,1.627,1.929,1.51,0.154,0.438,0.246
0.801,1.18,1.627,1.929,1.51,0.154,0.438,0.246
0.801,1.18,1.627,1.929,1.51,0.154,0.438,0.246
0.801,1.18,1.627,1.929,1.509,0.154,0.438,0.246
0.801,1.18,1.627,1.929,1.509,0.154,0.438,0.246
0.801,1.18,1.627,1.929,1.509,0.154,0.438,0.246
0.8,1.18,1.627,1.929,1.509,0.154,0.438,0.246
0.8,1.18,1.627,1.929,1.509,0.153,0.438,0.246
0.8,1.18,1.627,1.929,1.509,0.154,0.438,0.246
0.8,1.18,1.627,1.929,1.509,0.154,0.438,0.246
0.8,1.18,1.627,1.928,1.509,0.154,0.438,0.246
0.8,1.18,1.627,1.928,1.508,0.154,0.438,0.246
0.8,1.18,1.627,1.929,1.508,0.154,0.438,0.246
0.8,1.179,1.627,1.928,1.508,0.153,0.438,0.246
0.799,1.18,1.627,1.928,1.508,0.153,0.438,0.246
0.799,1.179,1.627,1.928,1.508,0.153,0.438,0.246
0.799,1.18,1.627,1.928,1.508,0.153,0.438,0.246
0.799,1.179,1.627,1.928,1.508,0.153,0.437,0.246
0.799,1.179,1.627,1.928,1.508,0.153,0.438,0.246
0.799,1.179,1.627,1.928,1.508,0.153,0.437,0.246
0.799,1.179,1.627,1.928,1.508,0.153,0.437,0.246
0.798,1.179,1.627,1.928,1.508,0.153,0.438,0.246
0.798,1.179,1.627,1.928,1.507,0.153,0.437,0.246
0.798,1.179,1.627,1.928,1.507,0.153,0.437,0.246
0.798,1.179,1.627,1.928,1.507,0.153,0.437,0.246
0.798,1.179,1.627,1.928,1.507,0.153,0.437,0.245
0.798,1.179,1.627,1.928,1.507,0.153,0.437,0.245
0.798,1.179,1.627,1.928,1.507,0.153,0.437,0.245
0.798,1.179,1.627,1.928,1.507,0.153,0.437,0.245
0.797,1.179,1.627,1.928,1.507,0.153,0.437,0.245
0.797,1.179,1.627,1.927,1.507,0.153,0.437,0.245
0.797,1.179,1.627,1.928,1.507,0.153,0.437,0.245
0.797,1.178,1.627,1.927,1.507,0.153,0.437,0.245
0.797,1.178,1.627,1.927,1.506,0.153,0.437,0.245
0.797,1.178,1.627,1.927,1.506,0.153,0.437,0.245
0.797,1.178,1.627,1.927,1.506,0.153,0.437,0.245
0.797,1.178,1.627,1.927,1.506,0.153,0.437,0.245
0.797,1.178,1.627,1.927,1.506,0.153,0.437,0.245
0.797,1.178,1.627,1.927,1.506,0.153,0.437,0.245
0.796,1.178,1.627,1.927,1.506,0.153,0.437,0.245
0.796,1.178,1.627,1.927,1.506,0.153,0.437,0.245
0.796,1.178,1.627,1.927,1.506,0.153,0.437,0.245
0.796,1.178,1.627,1.927,1.506,0.153,0.437,0.245
0.796,1.178,1.627,1.927,1.506,0.153,0.437,0.245
0.796,1.178,1.627,1.927,1.505,0.153,0.437,0.245
0.795,1.178,1.627,1.927,1.505,0.153,0.437,0.245
0.795,1.178,1.627,1.927,1.505,0.153,0.437,0.245
0.795,1.178,1.627,1.927,1.505,0.152,0.437,0.245
0.795,1.178,1.627,1.927,1.505,0.153,0.437,0.245
0.795,1.177,1.627,1.926,1.505,0.152,0.437,0.244
0.795,1.177,1.627,1.926,1.505,0.152,0.437,0.244
0.795,1.177,1.627,1.926,1.505,0.153,0.437,0.244
0.795,1.177,1.627,1.926,1.505,0.152,0.437,0.244
0.794,1.177,1.627,1.926,1.505,0.153,0.437,0.244
0.794,1.177,1.627,1.926,1.504,0.152,0.437,0.244
0.794,1.177,1.627,1.926,1.504,0.152,0.437,0.244
0.794,1.177,1.627,1.926,1.504,0.152,0.437,0.244
0.794,1.177,1.627,1.926,1.504,0.152,0.437,0.244
0.794,1.177,1.627,1.926,1.504,0.152,0.437,0.244
0.794,1.177,1.627,1.926,1.504,0.152,0.437,0.244
0.794,1.177,1.627,1.926,1.504,0.152,0.437,0.244
0.794,1.177,1.627,1.926,1.504,0.152,0.437,0.244
0.793,1.177,1.627,1.926,1.503,0.152,0.437,0.244
0.793,1.177,1.627,1.926,1.503,0.152,0.437,0.244
0.793,1.176,1.627,1.925,1.503,0.152,0.437,0.244
0.793,1.176,1.627,1.925,1.503,0.152,0.437,0.244
0.793,1.177,1.627,1.926,1.503,0.152,0.437,0.244
0.793,1.176,1.627,1.925,1.503,0.152,0.437,0.244
0.793,1.176,1.627,1.925,1.503,0.152,0.437,0.244
0.793,1.176,1.627,1.925,1.503,0.152,0.437,0.244
0.792,1.176,1.627,1.925,1.503,0.152,0.437,0.244
0.793,1.176,1.627,1.925,1.503,0.152,0.437,0.244
0.792,1.176,1.627,1.925,1.503,0.152,0.437,0.244
0.792,1.176,1.627,1.925,1.503,0.152,0.437,0.244
0.792,1.176,1.627,1.925,1.502,0.152,0.437,0.244
0.792,1.176,1.627,1.925,1.502,0.152,0.436,0.244
0.792,1.176,1.627,1.925,1.502,0.152,0.437,0.244
0.792,1.176,1.627,1.925,1.502,0.152,0.436,0.243
0.792,1.176,1.627,1.925,1.502,0.152,0.437,0.244
0.791,1.176,1.627,1.925,1.502,0.152,0.436,0.244
0.791,1.176,1.627,1.925,1.502,0.152,0.437,0.243
0.791,1.175,1.627,1.925,1.502,0.152,0.437,0.243
0.791,1.176,1.627,1.925,1.502,0.152,0.436,0.244
0.791,1.175,1.627,1.925,1.501,0.152,0.436,0.243
0.791,1.175,1.627,1.925,1.501,0.152,0.436,0.243
0.791,1.175,1.627,1.925,1.501,0.152,0.436,0.243
0.791,1.175,1.627,1.925,1.501,0.152,0.436,0.243
0.791,1.175,1.627,1.924,1.501,0.152,0.436,0.243
0.79,1.175,1.627,1.924,1.501,0.152,0.436,0.243
0.79,1.175,1.627,1.924,1.501,0.152,0.436,0.243
0.79,1.175,1.627,1.924,1.501,0.152,0.436,0.243
0.79,1.175,1.627,1.924,1.501,0.152,0.436,0.243
0.79,1.175,1.627,1.924,1.501,0.152,0.436,0.243
0.79,1.175,1.627,1.924,1.501,0.151,0.436,0.243
0.79,1.175,1.627,1.924,1.501,0.152,0.436,0.243
0.79,1.175,1.627,1.924,1.5,0.152,0.436,0.243
0.79,1.175,1.627,1.924,1.5,0.151,0.436,0.243
0.79,1.175,1.627,1.924,1.5,0.151,0.436,0.243
0.789,1.175,1.627,1.924,1.5,0.151,0.436,0.243
0.789,1.175,1.627,1.924,1.5,0.151,0.436,0.243
0.789,1.175,1.627,1.924,1.5,0.151,0.436,0.243
0.789,1.174,1.627,1.924,1.5,0.151,0.436,0.243
0.789,1.174,1.627,1.924,1.5,0.151,0.436,0.243
0.789,1.174,1.627,1.923,1.5,0.151,0.436,0.243
0.789,1.174,1.627,1.923,1.5,0.151,0.436,0.243
0.788,1.174,1.627,1.924,1.5,0.151,0.436,0.243
0.788,1.174,1.627,1.923,1.499,0.151,0.436,0.243
0.788,1.174,1.628,1.923,1.499,0.151,0.436,0.243
0.788,1.174,1.627,1.923,1.499,0.151,0.436,0.242
0.788,1.174,1.628,1.923,1.499,0.151,0.436,0.242
0.788,1.174,1.627,1.923,1.499,0.151,0.436,0.242
0.788,1.174,1.628,1.923,1.499,0.151,0.436,0.243
0.788,1.174,1.627,1.923,1.499,0.151,0.436,0.242
0.788,1.174,1.627,1.923,1.499,0.151,0.436,0.242
0.787,1.174,1.627,1.923,1.499,0.151,0.436,0.242
0.787,1.174,1.627,1.923,1.498,0.151,0.436,0.242
0.787,1.174,1.627,1.923,1.498,0.151,0.436,0.242
0.787,1.173,1.627,1.923,1.498,0.151,0.436,0.242
0.787,1.174,1.628,1.923,1.498,0.151,0.436,0.242
0.787,1.173,1.628,1.923,1.498,0.151,0.436,0.242
0.787,1.173,1.627,1.923,1.498,0.151,0.436,0.242
0.787,1.173,1.628,1.923,1.498,0.151,0.436,0.242
0.787,1.173,1.627,1.923,1.498,0.151,0.436,0.242
0.786,1.173,1.628,1.923,1.498,0.151,0.436,0.242
0.786,1.173,1.627,1.923,1.498,0.151,0.436,0.242
0.786,1.173,1.627,1.923,1.498,0.151,0.436,0.242
0.786,1.173,1.628,1.923,1.498,0.151,0.436,0.242
0.786,1.173,1.628,1.923,1.498,0.151,0.436,0.242
0.786,1.173,1.627,1.923,1.497,0.151,0.436,0.242
0.786,1.173,1.628,1.922,1.497,0.151,0.436,0.242
0.786,1.173,1.628,1.922,1.497,0.151,0.436,0.242
0.786,1.173,1.628,1.922,1.497,0.151,0.436,0.242
0.785,1.173,1.628,1.922,1.497,0.15,0.436,0.242
0.785,1.173,1.628,1.922,1.497,0.15,0.436,0.242
0.785,1.173,1.628,1.922,1.497,0.15,0.436,0.242
0.785,1.172,1.627,1.922,1.497,0.15,0.436,0.242
0.785,1.172,1.627,1.922,1.496,0.15,0.436,0.242
0.785,1.172,1.627,1.922,1.496,0.15,0.436,0.241
0.785,1.172,1.627,1.922,1.496,0.15,0.436,0.241
0.784,1.172,1.627,1.922,1.496,0.15,0.435,0.241
0.784,1.172,1.627,1.922,1.496,0.15,0.436,0.241
0.784,1.172,1.627,1.921,1.496,0.15,0.435,0.241
0.784,1.172,1.627,1.921,1.496,0.15,0.436,0.241
0.784,1.172,1.627,1.921,1.495,0.15,0.435,0.241
0.784,1.172,1.627,1.921,1.495,0.15,0.435,0.241
0.783,1.172,1.627,1.921,1.495,0.15,0.435,0.241
0.783,1.172,1.627,1.921,1.495,0.15,0.435,0.241
0.783,1.172,1.627,1.921,1.495,0.15,0.435,0.241
0.783,1.172,1.627,1.921,1.495,0.15,0.435,0.241
0.783,1.171,1.627,1.921,1.495,0.15,0.435,0.241
0.783,1.171,1.627,1.921,1.495,0.15,0.435,0.241
0.783,1.171,1.627,1.92,1.494,0.15,0.435,0.241
0.783,1.171,1.627,1.92,1.494,0.15,0.435,0.241
0.782,1.171,1.627,1.921,1.494,0.15,0.435,0.241
0.782,1.171,1.627,1.92,1.494,0.15,0.435,0.241
0.782,1.171,1.627,1.92,1.494,0.15,0.435,0.241
0.782,1.171,1.627,1.92,1.494,0.15,0.435,0.241
0.782,1.171,1.627,1.92,1.494,0.15,0.435,0.241
0.782,1.171,1.626,1.92,1.494,0.15,0.435,0.241
0.782,1.171,1.627,1.92,1.494,0.15,0.435,0.241
0.781,1.171,1.627,1.92,1.493,0.15,0.435,0.241
0.781,1.171,1.627,1.92,1.493,0.15,0.435,0.241
0.781,1.171,1.627,1.92,1.493,0.15,0.435,0.24
0.781,1.171,1.627,1.92,1.493,0.15,0.435,0.24
0.781,1.171,1.627,1.92,1.493,0.149,0.434,0.24
0.781,1.17,1.627,1.919,1.493,0.149,0.435,0.24
0.781,1.17,1.626,1.92,1.493,0.149,0.435,0.24
0.781,1.17,1.626,1.92,1.493,0.149,0.435,0.24
0.78,1.17,1.626,1.919,1.493,0.149,0.435,0.24
0.78,1.17,1.626,1.919,1.492,0.149,0.434,0.24
0.78,1.17,1.626,1.92,1.492,0.149,0.434,0.24
0.78,1.17,1.626,1.919,1.492,0.149,0.434,0.24
0.78,1.17,1.626,1.919,1.492,0.149,0.434,0.24
0.78,1.17,1.626,1.919,1.492,0.149,0.434,0.24
0.78,1.17,1.626,1.919,1.492,0.149,0.434,0.24
0.78,1.17,1.626,1.919,1.492,0.149,0.434,0.24
0.779,1.17,1.626,1.919,1.492,0.149,0.434,0.24
0.779,1.17,1.626,1.919,1.492,0.149,0.434,0.24
0.779,1.17,1.626,1.919,1.491,0.149,0.434,0.24
0.779,1.17,1.626,1.919,1.491,0.149,0.434,0.24
0.779,1.17,1.626,1.919,1.491,0.149,0.434,0.24
0.779,1.169,1.626,1.919,1.491,0.149,0.434,0.24
0.778,1.169,1.626,1.919,1.491,0.149,0.434,0.24
0.778,1.169,1.626,1.918,1.491,0.149,0.434,0.24
0.778,1.169,1.626,1.919,1.491,0.149,0.434,0.24
0.778,1.169,1.626,1.918,1.491,0.149,0.434,0.239
0.778,1.169,1.626,1.918,1.491,0.149,0.434,0.24
0.778,1.169,1.626,1.918,1.49,0.149,0.434,0.239
0.778,1.169,1.626,1.918,1.49,0.149,0.434,0.239
0.778,1.169,1.626,1.918,1.49,0.149,0.434,0.239
0.777,1.169,1.626,1.918,1.49,0.149,0.434,0.239
0.777,1.169,1.625,1.918,1.49,0.149,0.434,0.239
0.777,1.169,1.626,1.918,1.49,0.149,0.434,0.239
0.777,1.169,1.625,1.918,1.49,0.149,0.434,0.239
0.777,1.169,1.625,1.917,1.489,0.149,0.434,0.239
0.777,1.169,1.625,1.917,1.489,0.149,0.434,0.239
0.777,1.168,1.625,1.917,1.489,0.148,0.434,0.239
0.777,1.169,1.625,1.917,1.489,0.149,0.434,0.239
0.776,1.169,1.625,1.917,1.489,0.149,0.434,0.239
0.776,1.168,1.625,1.917,1.489,0.149,0.434,0.239
0.776,1.168,1.625,1.917,1.489,0.148,0.434,0.239
0.776,1.168,1.625,1.917,1.489,0.148,0.434,0.239
0.776,1.168,1.625,1.917,1.489,0.148,0.433,0.239
0.776,1.168,1.625,1.917,1.489,0.148,0.433,0.239
0.776,1.168,1.625,1.917,1.489,0.148,0.433,0.239
0.776,1.168,1.625,1.917,1.489,0.148,0.433,0.239
0.775,1.168,1.625,1.917,1.489,0.148,0.433,0.239
0.775,1.168,1.625,1.917,1.488,0.148,0.433,0.239
0.775,1.168,1.625,1.917,1.488,0.148,0.433,0.239
0.775,1.168,1.625,1.917,1.488,0.148,0.433,0.239
0.775,1.168,1.625,1.917,1.488,0.148,0.433,0.239
0.775,1.168,1.625,1.917,1.488,0.148,0.433,0.239
0.775,1.168,1.625,1.916,1.488,0.148,0.433,0.239
0.774,1.168,1.625,1.917,1.488,0.148,0.433,0.238
0.774,1.168,1.625,1.916,1.488,0.148,0.433,0.239
0.774,1.168,1.625,1.916,1.487,0.148,0.433,0.238
0.774,1.167,1.625,1.916,1.487,0.148,0.433,0.238
0.774,1.167,1.625,1.916,1.487,0.148,0.433,0.238
0.774,1.167,1.625,1.916,1.487,0.148,0.433,0.238
0.773,1.167,1.625,1.916,1.487,0.148,0.433,0.238
0.773,1.167,1.624,1.916,1.487,0.148,0.433,0.238
0.773,1.167,1.624,1.916,1.486,0.148,0.433,0.238
0.773,1.167,1.624,1.916,1.486,0.148,0.433,0.238
0.773,1.167,1.624,1.916,1.486,0.148,0.433,0.238
0.773,1.167,1.624,1.915,1.486,0.148,0.433,0.238
0.773,1.167,1.624,1.915,1.486,0.148,0.433,0.238
0.773,1.167,1.624,1.915,1.486,0.148,0.433,0.238
0.773,1.167,1.624,1.915,1.486,0.148,0.432,0.238
0.772,1.167,1.624,1.915,1.486,0.148,0.433,0.238
0.772,1.167,1.624,1.915,1.486,0.148,0.432,0.238
0.772,1.167,1.624,1.915,1.486,0.148,0.432,0.238
0.772,1.167,1.624,1.915,1.486,0.148,0.432,0.238
0.772,1.166,1.624,1.915,1.485,0.147,0.432,0.238
0.772,1.166,1.624,1.915,1.485,0.147,0.432,0.238
0.772,1.166,1.624,1.915,1.485,0.147,0.432,0.238
0.772,1.166,1.624,1.915,1.485,0.147,0.432,0.238
0.771,1.166,1.624,1.915,1.485,0.147,0.432,0.238
0.771,1.166,1.624,1.914,1.485,0.147,0.432,0.238
0.771,1.166,1.623,1.914,1.485,0.147,0.432,0.237
0.771,1.166,1.624,1.914,1.485,0.147,0.432,0.237
0.771,1.166,1.623,1.914,1.485,0.147,0.432,0.237
0.771,1.166,1.624,1.914,1.484,0.147,0.432,0.237
0.771,1.166,1.623,1.914,1.484,0.147,0.432,0.237
0.77,1.166,1.623,1.914,1.484,0.147,0.432,0.237
0.77,1.166,1.623,1.914,1.484,0.147,0.432,0.237
0.77,1.166,1.623,1.914,1.484,0.147,0.432,0.237
0.77,1.165,1.623,1.914,1.484,0.147,0.432,0.237
0.77,1.165,1.623,1.914,1.484,0.147,0.432,0.237
0.77,1.166,1.623,1.914,1.484,0.147,0.432,0.237
0.77,1.165,1.623,1.914,1.483,0.147,0.432,0.237
0.769,1.165,1.623,1.914,1.484,0.147,0.432,0.237
0.769,1.165,1.623,1.914,1.483,0.147,0.432,0.237
0.769,1.165,1.623,1.913,1.483,0.147,0.432,0.237
0.769,1.165,1.623,1.913,1.483,0.147,0.431,0.237
0.769,1.165,1.623,1.913,1.483,0.147,0.432,0.237
0.769,1.165,1.623,1.913,1.483,0.147,0.431,0.237
0.769,1.165,1.623,1.913,1.483,0.147,0.431,0.237
0.769,1.165,1.623,1.913,1.482,0.147,0.431,0.237
0.768,1.165,1.623,1.913,1.482,0.147,0.431,0.237
0.768,1.165,1.622,1.913,1.482,0.147,0.431,0.237
0.768,1.165,1.622,1.913,1.482,0.147,0.431,0.237
0.768,1.165,1.622,1.913,1.482,0.147,0.431,0.237
0.768,1.165,1.622,1.913,1.482,0.147,0.431,0.237
0.768,1.165,1.622,1.913,1.482,0.147,0.431,0.237
0.767,1.164,1.622,1.913,1.481,0.146,0.431,0.237
0.767,1.164,1.621,1.911,1.481,0.147,0.431,0.237
0.767,1.164,1.621,1.912,1.481,0.146,0.431,0.237
0.767,1.164,1.621,1.912,1.481,0.146,0.431,0.237
0.767,1.164,1.622,1.912,1.481,0.146,0.431,0.237
0.767,1.164,1.621,1.912,1.481,0.146,0.431,0.237
0.767,1.164,1.621,1.911,1.481,0.146,0.431,0.237
0.766,1.164,1.621,1.911,1.481,0.146,0.431,0.237
0.766,1.164,1.621,1.911,1.481,0.146,0.431,0.237
0.766,1.163,1.621,1.91,1.48,0.146,0.431,0.237
0.766,1.163,1.621,1.909,1.48,0.146,0.43,0.237
0.766,1.163,1.621,1.909,1.48,0.146,0.43,0.237
0.766,1.162,1.621,1.908,1.48,0.146,0.43,0.237
0.766,1.161,1.621,1.908,1.48,0.146,0.43,0.237
0.765,1.16,1.62,1.907,1.48,0.146,0.43,0.237
0.765,1.158,1.62,1.906,1.48,0.146,0.43,0.237
0.765,1.157,1.62,1.905,1.479,0.146,0.43,0.237
0.765,1.155,1.619,1.905,1.48,0.146,0.43,0.237
0.765,1.153,1.619,1.904,1.479,0.146,0.43,0.237
0.764,1.151,1.619,1.903,1.479,0.146,0.43,0.237
0.764,1.149,1.619,1.902,1.479,0.146,0.43,0.237
0.764,1.147,1.618,1.901,1.479,0.146,0.43,0.237
0.764,1.144,1.618,1.9,1.479,0.146,0.43,0.237
0.764,1.142,1.618,1.899,1.479,0.146,0.43,0.238
0.763,1.139,1.618,1.898,1.479,0.145,0.43,0.238
0.763,1.137,1.618,1.897,1.479,0.146,0.43,0.238
0.763,1.134,1.617,1.897,1.479,0.145,0.43,0.237
0.763,1.132,1.617,1.896,1.479,0.145,0.43,0.238
0.762,1.129,1.616,1.895,1.479,0.145,0.43,0.238
0.762,1.127,1.616,1.894,1.479,0.145,0.43,0.238
0.762,1.124,1.616,1.893,1.479,0.145,0.43,0.238
0.762,1.121,1.616,1.892,1.479,0.145,0.43,0.238
0.761,1.118,1.615,1.891,1.479,0.145,0.43,0.238
0.761,1.115,1.615,1.89,1.479,0.145,0.43,0.238
0.761,1.112,1.614,1.89,1.479,0.145,0.43,0.238
0.76,1.109,1.614,1.888,1.479,0.145,0.43,0.238
0.76,1.106,1.614,1.888,1.479,0.145,0.43,0.238
0.76,1.103,1.613,1.887,1.479,0.145,0.429,0.238
0.759,1.1,1.612,1.886,1.478,0.145,0.429,0.238
0.759,1.097,1.612,1.884,1.478,0.145,0.429,0.238
0.759,1.094,1.612,1.884,1.478,0.145,0.429,0.238
0.758,1.091,1.611,1.883,1.478,0.144,0.429,0.238
0.758,1.087,1.611,1.881,1.478,0.144,0.429,0.238
0.757,1.084,1.61,1.88,1.478,0.144,0.429,0.238
0.757,1.081,1.61,1.879,1.478,0.144,0.429,0.237
0.757,1.078,1.609,1.878,1.478,0.144,0.429,0.237
0.756,1.075,1.609,1.877,1.478,0.144,0.429,0.237
0.756,1.072,1.608,1.876,1.477,0.144,0.429,0.237
0.755,1.069,1.608,1.875,1.477,0.144,0.429,0.237
0.755,1.066,1.607,1.874,1.477,0.144,0.429,0.237
0.755,1.063,1.606,1.872,1.477,0.144,0.429,0.237
0.754,1.06,1.606,1.871,1.477,0.143,0.429,0.237
0.754,1.057,1.605,1.87,1.476,0.143,0.429,0.237
0.753,1.054,1.604,1.869,1.476,0.143,0.429,0.237
0.753,1.051,1.604,1.868,1.476,0.143,0.429,0.237
0.753,1.048,1.603,1.867,1.476,0.143,0.429,0.237
0.752,1.045,1.603,1.866,1.476,0.143,0.429,0.237
0.752,1.042,1.602,1.865,1.475,0.143,0.428,0.237
0.751,1.039,1.601,1.863,1.475,0.143,0.428,0.237
0.751,1.036,1.601,1.862,1.475,0.143,0.428,0.237
0.75,1.033,1.6,1.861,1.474,0.143,0.428,0.237
0.75,1.03,1.6,1.86,1.474,0.142,0.428,0.237
0.749,1.027,1.599,1.859,1.474,0.142,0.428,0.236
0.749,1.024,1.598,1.858,1.473,0.142,0.428,0.236
0.748,1.021,1.598,1.857,1.473,0.142,0.428,0.236
0.748,1.018,1.597,1.856,1.473,0.142,0.428,0.236
0.747,1.015,1.596,1.854,1.472,0.142,0.428,0.236
0.747,1.012,1.596,1.853,1.472,0.142,0.428,0.236
0.746,1.01,1.595,1.852,1.472,0.142,0.428,0.236
0.746,1.007,1.595,1.851,1.472,0.141,0.428,0.236
0.746,1.004,1.594,1.849,1.471,0.141,0.428,0.236
0.745,1.002,1.593,1.848,1.471,0.141,0.428,0.236
0.745,0.999,1.593,1.847,1.471,0.141,0.427,0.236
0.744,0.996,1.592,1.846,1.47,0.141,0.427,0.235
0.743,0.993,1.591,1.845,1.47,0.141,0.427,0.235
0.743,0.991,1.59,1.843,1.469,0.141,0.427,0.235
0.742,0.988,1.59,1.842,1.469,0.141,0.427,0.235
0.742,0.985,1.589,1.841,1.468,0.141,0.427,0.235
0.741,0.982,1.588,1.84,1.468,0.14,0.427,0.235
0.741,0.98,1.587,1.839,1.468,0.14,0.427,0.235
0.74,0.977,1.587,1.838,1.467,0.14,0.427,0.234
0.74,0.974,1.586,1.836,1.467,0.14,0.427,0.234
0.739,0.972,1.585,1.835,1.466,0.14,0.427,0.234
0.738,0.969,1.585,1.834,1.466,0.14,0.427,0.234
0.738,0.967,1.584,1.833,1.466,0.14,0.427,0.234
0.737,0.965,1.583,1.832,1.465,0.139,0.427,0.234
0.737,0.963,1.583,1.83,1.465,0.139,0.427,0.234
0.736,0.961,1.582,1.829,1.464,0.139,0.426,0.234
0.736,0.958,1.581,1.828,1.464,0.139,0.426,0.234
0.735,0.956,1.581,1.827,1.463,0.139,0.426,0.234
0.735,0.954,1.58,1.826,1.463,0.139,0.426,0.234
0.734,0.952,1.579,1.824,1.462,0.139,0.426,0.234
0.733,0.95,1.578,1.823,1.462,0.139,0.426,0.233
0.733,0.948,1.577,1.822,1.461,0.138,0.426,0.233
0.732,0.945,1.577,1.82,1.461,0.138,0.426,0.233
0.732,0.943,1.576,1.819,1.46,0.138,0.426,0.233
0.731,0.941,1.575,1.818,1.46,0.138,0.426,0.233
0.731,0.939,1.575,1.817,1.459,0.138,0.426,0.233
0.73,0.937,1.574,1.815,1.459,0.138,0.426,0.233
0.729,0.935,1.573,1.814,1.458,0.138,0.426,0.232
0.729,0.933,1.572,1.813,1.458,0.137,0.425,0.232
0.728,0.93,1.572,1.811,1.457,0.137,0.425,0.232
0.728,0.928,1.571,1.81,1.457,0.137,0.425,0.232
0.727,0.926,1.57,1.809,1.456,0.137,0.425,0.232
0.726,0.924,1.569,1.807,1.456,0.137,0.425,0.232
0.726,0.922,1.569,1.806,1.455,0.137,0.425,0.232
0.725,0.92,1.568,1.805,1.455,0.136,0.425,0.232
0.725,0.918,1.567,1.804,1.454,0.136,0.425,0.231
0.724,0.916,1.566,1.802,1.453,0.136,0.425,0.231
0.723,0.915,1.565,1.801,1.453,0.136,0.425,0.231
0.723,0.913,1.565,1.799,1.453,0.136,0.425,0.231
0.722,0.911,1.564,1.798,1.452,0.136,0.425,0.231
0.722,0.909,1.563,1.797,1.451,0.136,0.425,0.231
0.721,0.908,1.562,1.796,1.451,0.135,0.424,0.231
0.72,0.906,1.562,1.794,1.45,0.135,0.424,0.231
0.72,0.904,1.561,1.793,1.449,0.135,0.424,0.23
0.719,0.903,1.56,1.791,1.449,0.135,0.424,0.23
0.718,0.901,1.559,1.79,1.448,0.135,0.424,0.23
0.718,0.899,1.558,1.789,1.448,0.135,0.424,0.23
0.717,0.898,1.557,1.787,1.447,0.134,0.424,0.23
0.716,0.896,1.557,1.786,1.446,0.134,0.424,0.23
0.716,0.894,1.556,1.785,1.446,0.134,0.424,0.23
0.715,0.892,1.555,1.783,1.445,0.134,0.424,0.229
0.715,0.89,1.554,1.782,1.445,0.134,0.424,0.229
0.714,0.889,1.553,1.781,1.444,0.134,0.423,0.229
0.713,0.887,1.553,1.779,1.443,0.133,0.423,0.229
0.713,0.885,1.552,1.778,1.443,0.133,0.423,0.229
0.712,0.884,1.551,1.777,1.442,0.133,0.423,0.229
0.711,0.882,1.55,1.776,1.441,0.133,0.423,0.229
0.711,0.88,1.549,1.774,1.441,0.133,0.423,0.229
0.71,0.879,1.549,1.773,1.44,0.133,0.423,0.229
0.709,0.877,1.548,1.772,1.439,0.133,0.423,0.229
0.709,0.875,1.546,1.77,1.439,0.132,0.422,0.228
0.708,0.873,1.546,1.769,1.438,0.132,0.422,0.228
0.707,0.872,1.545,1.768,1.437,0.132,0.422,0.228
0.707,0.87,1.544,1.766,1.437,0.132,0.422,0.228
0.706,0.868,1.543,1.765,1.436,0.132,0.422,0.228
0.706,0.867,1.543,1.764,1.435,0.131,0.422,0.228
0.705,0.865,1.541,1.762,1.435,0.131,0.422,0.228
0.704,0.864,1.541,1.761,1.434,0.131,0.422,0.228
0.703,0.862,1.54,1.76,1.433,0.131,0.421,0.227
0.703,0.861,1.539,1.758,1.432,0.131,0.421,0.227
0.702,0.859,1.538,1.757,1.432,0.131,0.421,0.227
0.701,0.858,1.537,1.756,1.431,0.131,0.421,0.227
0.701,0.857,1.536,1.755,1.43,0.13,0.421,0.227
0.7,0.855,1.535,1.753,1.429,0.13,0.421,0.227
0.699,0.854,1.535,1.752,1.429,0.13,0.421,0.227
0.699,0.852,1.534,1.75,1.428,0.13,0.421,0.227
0.698,0.851,1.533,1.749,1.427,0.13,0.421,0.227
0.697,0.849,1.532,1.748,1.427,0.13,0.42,0.226
0.697,0.848,1.531,1.746,1.426,0.129,0.42,0.226
0.696,0.846,1.53,1.745,1.425,0.129,0.42,0.226
0.695,0.844,1.529,1.744,1.425,0.129,0.42,0.226
0.695,0.843,1.529,1.742,1.424,0.129,0.42,0.226
0.694,0.841,1.528,1.741,1.423,0.129,0.42,0.226
0.693,0.84,1.527,1.739,1.423,0.129,0.42,0.226
0.693,0.838,1.526,1.738,1.422,0.128,0.419,0.225
0.692,0.837,1.525,1.737,1.421,0.128,0.419,0.225
0.692,0.835,1.524,1.736,1.42,0.128,0.419,0.225
0.691,0.834,1.523,1.734,1.42,0.128,0.419,0.225
0.69,0.833,1.522,1.733,1.419,0.128,0.419,0.225
0.689,0.831,1.521,1.731,1.418,0.128,0.419,0.225
0.689,0.83,1.52,1.73,1.417,0.128,0.419,0.225
0.688,0.829,1.519,1.729,1.417,0.127,0.419,0.224
0.687,0.828,1.519,1.727,1.416,0.127,0.419,0.224
0.687,0.826,1.518,1.726,1.415,0.127,0.418,0.224
0.686,0.825,1.517,1.725,1.414,0.127,0.418,0.224
0.685,0.824,1.516,1.724,1.414,0.127,0.418,0.224
0.685,0.823,1.516,1.723,1.413,0.127,0.418,0.224
0.684,0.822,1.515,1.721,1.412,0.126,0.418,0.224
0.684,0.82,1.514,1.72,1.412,0.126,0.418,0.224
0.683,0.819,1.513,1.719,1.411,0.126,0.418,0.223
0.682,0.817,1.512,1.718,1.41,0.126,0.418,0.223
0.682,0.816,1.511,1.717,1.409,0.126,0.417,0.223
0.681,0.815,1.51,1.715,1.409,0.126,0.417,0.223
0.68,0.814,1.51,1.714,1.408,0.125,0.417,0.223
0.68,0.813,1.509,1.713,1.407,0.125,0.417,0.223
0.679,0.812,1.508,1.712,1.406,0.125,0.417,0.223
0.678,0.81,1.507,1.71,1.405,0.125,0.417,0.223
0.678,0.81,1.506,1.709,1.405,0.125,0.417,0.222
0.677,0.808,1.505,1.708,1.404,0.125,0.417,0.222
0.676,0.807,1.504,1.706,1.403,0.125,0.416,0.222
0.676,0.806,1.504,1.705,1.403,0.124,0.416,0.222
0.675,0.805,1.503,1.704,1.402,0.124,0.416,0.222
0.674,0.804,1.502,1.703,1.401,0.124,0.416,0.222
0.674,0.803,1.501,1.701,1.4,0.124,0.416,0.222
0.673,0.802,1.5,1.7,1.4,0.124,0.416,0.222
0.672,0.801,1.499,1.699,1.399,0.123,0.416,0.221
0.672,0.8,1.499,1.698,1.398,0.123,0.416,0.221
0.671,0.799,1.498,1.697,1.397,0.123,0.415,0.221
0.671,0.798,1.497,1.695,1.397,0.123,0.415,0.221
0.67,0.797,1.496,1.694,1.396,0.123,0.415,0.221
0.669,0.796,1.495,1.693,1.395,0.123,0.415,0.221
0.669,0.795,1.494,1.692,1.394,0.123,0.415,0.221
0.668,0.794,1.493,1.69,1.393,0.122,0.415,0.221
0.667,0.793,1.492,1.689,1.393,0.122,0.414,0.22
0.667,0.792,1.492,1.688,1.392,0.122,0.414,0.22
0.666,0.791,1.491,1.687,1.392,0.122,0.414,0.22
0.665,0.79,1.49,1.686,1.391,0.122,0.414,0.22
0.665,0.789,1.489,1.684,1.39,0.122,0.414,0.22
0.664,0.788,1.488,1.683,1.389,0.122,0.414,0.22
0.663,0.787,1.487,1.682,1.388,0.121,0.414,0.22
0.663,0.786,1.486,1.68,1.388,0.121,0.414,0.219
0.662,0.785,1.485,1.679,1.387,0.121,0.413,0.219
0.661,0.784,1.485,1.678,1.386,0.121,0.413,0.219
0.661,0.783,1.484,1.677,1.385,0.121,0.413,0.219
0.66,0.782,1.483,1.676,1.384,0.12,0.413,0.219
0.659,0.781,1.482,1.674,1.383,0.12,0.413,0.219
0.659,0.78,1.481,1.673,1.382,0.12,0.413,0.219
0.658,0.779,1.48,1.672,1.381,0.12,0.413,0.219
0.657,0.778,1.479,1.671,1.381,0.12,0.413,0.219
0.657,0.777,1.478,1.67,1.38,0.12,0.412,0.218
0.656,0.776,1.477,1.668,1.379,0.12,0.412,0.218
0.656,0.775,1.477,1.667,1.379,0.12,0.412,0.218
0.655,0.774,1.476,1.666,1.378,0.119,0.412,0.218
0.654,0.773,1.475,1.665,1.377,0.119,0.412,0.218
0.654,0.772,1.474,1.664,1.377,0.119,0.412,0.218
0.653,0.771,1.473,1.663,1.376,0.119,0.412,0.218
0.653,0.77,1.472,1.662,1.375,0.119,0.411,0.218
0.652,0.769,1.472,1.661,1.374,0.119,0.411,0.217
0.651,0.768,1.471,1.66,1.374,0.118,0.411,0.217
0.651,0.767,1.47,1.659,1.373,0.118,0.411,0.217
0.65,0.766,1.469,1.658,1.372,0.118,0.411,0.217
0.65,0.765,1.468,1.656,1.371,0.118,0.411,0.217
0.649,0.764,1.468,1.655,1.371,0.118,0.411,0.217
0.648,0.763,1.466,1.654,1.37,0.118,0.41,0.217
0.648,0.762,1.466,1.653,1.369,0.118,0.41,0.217
0.647,0.761,1.465,1.652,1.368,0.117,0.41,0.216
0.646,0.76,1.464,1.651,1.367,0.117,0.41,0.216
0.646,0.759,1.463,1.649,1.367,0.117,0.41,0.216
0.645,0.759,1.462,1.648,1.366,0.117,0.41,0.216
0.644,0.758,1.461,1.647,1.365,0.117,0.41,0.216
0.644,0.757,1.46,1.646,1.364,0.117,0.41,0.216
0.643,0.756,1.459,1.645,1.363,0.117,0.409,0.216
0.643,0.755,1.458,1.644,1.363,0.116,0.409,0.216
0.642,0.754,1.458,1.643,1.362,0.116,0.409,0.215
0.641,0.754,1.457,1.642,1.361,0.116,0.409,0.215
0.641,0.753,1.456,1.641,1.361,0.116,0.409,0.215
0.64,0.752,1.455,1.64,1.36,0.116,0.409,0.215
0.639,0.751,1.454,1.638,1.359,0.116,0.409,0.215
0.639,0.75,1.453,1.637,1.358,0.115,0.408,0.214
0.638,0.749,1.452,1.636,1.357,0.115,0.408,0.214
0.638,0.748,1.452,1.636,1.356,0.115,0.408,0.214
0.637,0.747,1.451,1.634,1.356,0.115,0.408,0.214
0.636,0.746,1.45,1.633,1.355,0.115,0.408,0.214
0.636,0.746,1.449,1.633,1.354,0.115,0.408,0.214
0.635,0.745,1.448,1.631,1.353,0.115,0.408,0.214
0.635,0.744,1.447,1.63,1.353,0.115,0.408,0.214
0.634,0.743,1.446,1.629,1.352,0.114,0.407,0.213
0.633,0.743,1.445,1.628,1.351,0.114,0.407,0.213
0.633,0.742,1.445,1.627,1.35,0.114,0.407,0.213
0.632,0.741,1.444,1.626,1.349,0.114,0.407,0.213
0.632,0.74,1.443,1.625,1.349,0.114,0.407,0.213
0.631,0.74,1.442,1.623,1.348,0.114,0.407,0.213
0.63,0.739,1.441,1.623,1.347,0.113,0.407,0.213
0.63,0.738,1.44,1.621,1.346,0.113,0.406,0.212
0.629,0.737,1.439,1.62,1.345,0.113,0.406,0.212
0.629,0.736,1.438,1.619,1.345,0.113,0.406,0.212
0.628,0.736,1.438,1.618,1.344,0.113,0.406,0.212
0.627,0.735,1.437,1.617,1.343,0.113,0.406,0.212
0.627,0.734,1.436,1.615,1.342,0.113,0.406,0.211
0.626,0.733,1.435,1.614,1.341,0.113,0.406,0.211
0.626,0.733,1.434,1.613,1.34,0.112,0.405,0.211
0.625,0.732,1.433,1.612,1.34,0.112,0.405,0.211
0.625,0.731,1.433,1.611,1.339,0.112,0.405,0.211
0.624,0.731,1.432,1.609,1.338,0.112,0.405,0.211
0.623,0.73,1.431,1.608,1.337,0.112,0.405,0.211
0.623,0.73,1.43,1.607,1.336,0.112,0.405,0.211
0.622,0.729,1.429,1.606,1.336,0.111,0.405,0.21
0.622,0.728,1.428,1.605,1.335,0.111,0.404,0.21
0.621,0.728,1.428,1.604,1.334,0.111,0.404,0.21
0.62,0.727,1.427,1.603,1.333,0.111,0.404,0.21
0.62,0.726,1.426,1.602,1.333,0.111,0.404,0.21
0.619,0.726,1.425,1.601,1.332,0.111,0.404,0.21
0.619,0.725,1.424,1.6,1.331,0.111,0.404,0.21
0.618,0.724,1.423,1.599,1.33,0.111,0.404,0.209
0.618,0.723,1.423,1.598,1.33,0.111,0.404,0.209
0.617,0.722,1.422,1.597,1.329,0.11,0.404,0.209
0.617,0.722,1.421,1.596,1.328,0.11,0.403,0.209
0.616,0.721,1.42,1.595,1.327,0.11,0.403,0.209
0.615,0.72,1.419,1.594,1.327,0.11,0.403,0.209
0.615,0.72,1.418,1.593,1.326,0.11,0.403,0.209
0.614,0.719,1.418,1.592,1.325,0.11,0.403,0.209
0.614,0.719,1.417,1.591,1.324,0.11,0.403,0.209
0.613,0.718,1.416,1.591,1.324,0.109,0.401,0.208
0.613,0.717,1.415,1.588,1.321,0.109,0.402,0.208
0.613,0.718,1.417,1.592,1.325,0.11,0.403,0.209
0.612,0.717,1.415,1.59,1.324,0.109,0.403,0.208
0.611,0.716,1.413,1.588,1.321,0.109,0.402,0.208
0.608,0.713,1.408,1.582,1.317,0.108,0.401,0.208
0.608,0.711,1.405,1.578,1.314,0.108,0.4,0.207
0.609,0.713,1.409,1.582,1.317,0.108,0.401,0.207
0.61,0.714,1.412,1.586,1.32,0.109,0.402,0.208
0.609,0.713,1.41,1.584,1.319,0.108,0.402,0.208
0.608,0.711,1.408,1.582,1.317,0.108,0.402,0.207
0.605,0.709,1.403,1.576,1.312,0.108,0.401,0.207
0.604,0.707,1.4,1.572,1.309,0.107,0.399,0.206
0.606,0.709,1.404,1.576,1.312,0.108,0.4,0.206
0.607,0.71,1.407,1.58,1.316,0.108,0.402,0.207
0.606,0.709,1.405,1.578,1.315,0.108,0.401,0.207
0.604,0.708,1.403,1.576,1.312,0.107,0.401,0.207
0.602,0.705,1.398,1.57,1.308,0.107,0.4,0.206
0.601,0.703,1.395,1.566,1.304,0.107,0.399,0.205
0.603,0.705,1.399,1.57,1.307,0.107,0.399,0.206
0.603,0.706,1.402,1.574,1.311,0.107,0.401,0.206
0.602,0.705,1.4,1.572,1.31,0.107,0.401,0.206
0.601,0.704,1.398,1.57,1.308,0.107,0.4,0.206
0.598,0.701,1.393,1.564,1.304,0.106,0.399,0.205
0.597,0.699,1.389,1.56,1.3,0.106,0.398,0.205
0.599,0.701,1.393,1.563,1.302,0.106,0.398,0.204
0.6,0.703,1.397,1.568,1.306,0.106,0.4,0.205
0.599,0.701,1.395,1.566,1.305,0.106,0.4,0.205
0.598,0.7,1.393,1.563,1.303,0.106,0.399,0.205
0.595,0.697,1.388,1.558,1.3,0.106,0.398,0.204
0.594,0.696,1.384,1.553,1.295,0.105,0.397,0.204
0.596,0.698,1.388,1.557,1.297,0.105,0.398,0.204
0.597,0.699,1.392,1.561,1.302,0.106,0.399,0.204
0.596,0.698,1.39,1.56,1.301,0.106,0.399,0.204
0.595,0.696,1.388,1.557,1.299,0.105,0.399,0.204
0.592,0.693,1.384,1.552,1.295,0.105,0.398,0.203
0.591,0.691,1.379,1.547,1.29,0.104,0.396,0.203
0.593,0.693,1.383,1.55,1.293,0.105,0.397,0.203
0.594,0.695,1.387,1.555,1.297,0.105,0.398,0.203
0.593,0.694,1.386,1.554,1.297,0.105,0.399,0.204
0.592,0.692,1.384,1.551,1.295,0.105,0.398,0.203
0.589,0.69,1.379,1.546,1.291,0.104,0.397,0.203
0.588,0.688,1.375,1.541,1.286,0.104,0.396,0.202
0.59,0.69,1.378,1.545,1.288,0.104,0.396,0.202
0.591,0.691,1.383,1.549,1.293,0.104,0.398,0.203
0.59,0.69,1.381,1.548,1.292,0.104,0.398,0.203
0.589,0.689,1.379,1.546,1.29,0.104,0.397,0.203
0.586,0.687,1.374,1.541,1.287,0.103,0.397,0.202
0.585,0.685,1.37,1.536,1.282,0.103,0.395,0.201
0.586,0.686,1.373,1.539,1.284,0.103,0.395,0.201
0.588,0.688,1.377,1.544,1.289,0.103,0.397,0.202
0.587,0.687,1.376,1.543,1.288,0.103,0.397,0.202
0.586,0.686,1.374,1.54,1.286,0.103,0.397,0.202
0.583,0.683,1.369,1.535,1.283,0.103,0.396,0.201
0.582,0.681,1.365,1.53,1.278,0.102,0.394,0.2
0.583,0.683,1.368,1.533,1.279,0.102,0.394,0.2
0.585,0.685,1.373,1.538,1.284,0.103,0.396,0.201
0.584,0.684,1.371,1.537,1.284,0.103,0.396,0.201
0.582,0.683,1.369,1.535,1.282,0.103,0.396,0.201
0.58,0.68,1.365,1.53,1.278,0.102,0.395,0.2
0.579,0.678,1.36,1.525,1.274,0.102,0.394,0.199
0.581,0.681,1.366,1.531,1.279,0.102,0.395,0.2
0.58,0.68,1.365,1.53,1.278,0.102,0.395,0.2
0.58,0.68,1.364,1.529,1.277,0.102,0.395,0.2
0.58,0.68,1.364,1.529,1.277,0.102,0.395,0.2
0.579,0.679,1.363,1.528,1.276,0.102,0.395,0.2
0.579,0.679,1.362,1.527,1.276,0.102,0.394,0.2
0.578,0.678,1.361,1.526,1.275,0.102,0.394,0.199
0.578,0.678,1.361,1.526,1.275,0.101,0.394,0.199
0.577,0.677,1.36,1.525,1.274,0.101,0.394,0.199
0.577,0.677,1.359,1.524,1.273,0.101,0.394,0.199
0.576,0.677,1.358,1.523,1.273,0.101,0.394,0.199
0.576,0.676,1.358,1.522,1.272,0.101,0.394,0.199
0.575,0.676,1.357,1.521,1.272,0.101,0.394,0.199
0.575,0.675,1.356,1.52,1.271,0.101,0.394,0.198
0.574,0.675,1.356,1.52,1.27,0.101,0.394,0.198
0.574,0.674,1.355,1.519,1.27,0.101,0.394,0.198
0.573,0.674,1.354,1.518,1.269,0.101,0.393,0.198
0.573,0.674,1.353,1.517,1.268,0.101,0.393,0.198
0.572,0.673,1.353,1.516,1.268,0.1,0.393,0.198
0.572,0.673,1.352,1.515,1.267,0.1,0.393,0.198
0.572,0.672,1.351,1.514,1.267,0.1,0.393,0.197
0.571,0.672,1.35,1.513,1.266,0.1,0.393,0.197
0.571,0.671,1.349,1.512,1.265,0.1,0.393,0.197
0.57,0.671,1.349,1.511,1.265,0.1,0.392,0.197
0.57,0.67,1.348,1.51,1.264,0.1,0.392,0.197
0.569,0.67,1.347,1.509,1.263,0.1,0.392,0.197
0.569,0.669,1.346,1.508,1.263,0.1,0.392,0.197
0.568,0.669,1.346,1.508,1.262,0.099,0.392,0.197
0.568,0.669,1.345,1.507,1.261,0.099,0.392,0.196
0.567,0.668,1.344,1.506,1.261,0.099,0.392,0.196
0.567,0.668,1.344,1.505,1.26,0.099,0.392,0.196
0.566,0.667,1.343,1.504,1.26,0.099,0.392,0.196
0.566,0.667,1.342,1.503,1.259,0.099,0.391,0.196
0.566,0.666,1.341,1.503,1.258,0.099,0.391,0.196
0.565,0.666,1.34,1.501,1.258,0.099,0.391,0.196
0.565,0.665,1.34,1.5,1.257,0.099,0.391,0.196
0.564,0.665,1.339,1.5,1.257,0.099,0.391,0.196
0.564,0.664,1.338,1.499,1.256,0.099,0.391,0.195
0.563,0.664,1.338,1.498,1.255,0.098,0.391,0.195
0.563,0.663,1.337,1.497,1.255,0.098,0.391,0.195
0.562,0.663,1.336,1.496,1.254,0.098,0.391,0.195
0.562,0.662,1.335,1.495,1.254,0.098,0.39,0.195
0.562,0.662,1.334,1.494,1.253,0.098,0.39,0.195
0.561,0.661,1.334,1.493,1.252,0.098,0.39,0.195
0.561,0.661,1.333,1.493,1.252,0.098,0.39,0.195
0.56,0.66,1.332,1.492,1.251,0.098,0.39,0.195
0.56,0.66,1.332,1.491,1.251,0.098,0.39,0.194
0.559,0.659,1.331,1.49,1.25,0.098,0.39,0.194
0.559,0.659,1.33,1.49,1.249,0.098,0.39,0.194
0.558,0.658,1.329,1.489,1.249,0.097,0.39,0.194
0.558,0.658,1.328,1.488,1.248,0.097,0.389,0.194
0.558,0.657,1.328,1.487,1.248,0.097,0.389,0.194
0.557,0.656,1.327,1.486,1.247,0.097,0.389,0.194
0.557,0.656,1.326,1.485,1.247,0.097,0.389,0.194
0.556,0.656,1.326,1.484,1.246,0.097,0.389,0.193
0.556,0.655,1.325,1.484,1.245,0.097,0.389,0.193
0.555,0.655,1.324,1.483,1.245,0.097,0.389,0.193
0.555,0.654,1.323,1.482,1.244,0.097,0.389,0.193
0.555,0.654,1.323,1.481,1.244,0.097,0.389,0.193
0.554,0.653,1.322,1.481,1.243,0.097,0.389,0.193
0.554,0.653,1.321,1.48,1.243,0.097,0.388,0.193
0.553,0.652,1.32,1.479,1.242,0.096,0.388,0.192
0.553,0.652,1.32,1.478,1.241,0.096,0.388,0.192
0.552,0.652,1.319,1.48,1.242,0.096,0.388,0.192
0.552,0.651,1.318,1.477,1.24,0.096,0.388,0.192
0.55,0.649,1.315,1.473,1.237,0.096,0.387,0.192
0.551,0.649,1.315,1.473,1.237,0.096,0.387,0.191
0.551,0.65,1.317,1.476,1.239,0.096,0.388,0.192
0.551,0.65,1.317,1.476,1.24,0.096,0.388,0.192
0.55,0.649,1.316,1.474,1.239,0.096,0.388,0.192
0.549,0.648,1.314,1.473,1.237,0.096,0.387,0.191
0.548,0.647,1.311,1.469,1.234,0.095,0.387,0.191
0.548,0.647,1.31,1.468,1.233,0.095,0.386,0.191
0.549,0.648,1.313,1.471,1.235,0.095,0.387,0.191
0.548,0.648,1.313,1.471,1.236,0.095,0.387,0.191
0.548,0.647,1.311,1.47,1.235,0.095,0.387,0.191
0.547,0.646,1.31,1.468,1.234,0.095,0.387,0.191
0.545,0.644,1.306,1.464,1.231,0.095,0.386,0.19
0.545,0.644,1.305,1.463,1.229,0.095,0.385,0.19
0.546,0.645,1.308,1.465,1.231,0.095,0.386,0.19
0.546,0.645,1.308,1.466,1.232,0.095,0.387,0.191
0.545,0.644,1.307,1.464,1.231,0.095,0.386,0.19
0.544,0.643,1.305,1.463,1.23,0.095,0.386,0.19
0.543,0.642,1.302,1.459,1.227,0.094,0.385,0.19
0.543,0.641,1.301,1.458,1.226,0.094,0.385,0.189
0.544,0.643,1.303,1.461,1.228,0.095,0.385,0.19
0.543,0.642,1.304,1.462,1.229,0.095,0.386,0.19
0.543,0.642,1.302,1.46,1.228,0.095,0.386,0.19
0.542,0.641,1.301,1.458,1.226,0.094,0.386,0.189
0.54,0.639,1.297,1.455,1.224,0.094,0.385,0.189
0.54,0.639,1.297,1.453,1.223,0.094,0.384,0.188
0.541,0.64,1.299,1.456,1.225,0.094,0.385,0.189
0.541,0.64,1.3,1.457,1.226,0.094,0.385,0.189
0.54,0.639,1.298,1.455,1.225,0.094,0.385,0.189
0.54,0.639,1.297,1.454,1.224,0.094,0.385,0.189
0.538,0.637,1.294,1.45,1.221,0.094,0.384,0.188
0.538,0.637,1.293,1.449,1.22,0.093,0.384,0.188
0.539,0.638,1.295,1.452,1.222,0.094,0.384,0.188
0.539,0.638,1.296,1.453,1.223,0.094,0.385,0.189
0.538,0.637,1.295,1.451,1.222,0.094,0.385,0.188
0.538,0.637,1.293,1.45,1.221,0.094,0.384,0.188
0.536,0.635,1.29,1.446,1.218,0.093,0.384,0.188
0.536,0.635,1.289,1.445,1.217,0.093,0.383,0.187
0.537,0.636,1.292,1.447,1.219,0.093,0.384,0.188
0.537,0.636,1.292,1.448,1.22,0.093,0.384,0.188
0.536,0.635,1.291,1.447,1.219,0.093,0.384,0.188
0.535,0.635,1.289,1.445,1.218,0.093,0.384,0.187
0.534,0.633,1.286,1.442,1.216,0.093,0.383,0.187
0.534,0.633,1.285,1.44,1.214,0.093,0.383,0.187
0.535,0.634,1.287,1.443,1.216,0.093,0.383,0.187
0.535,0.634,1.288,1.444,1.217,0.093,0.384,0.187
0.534,0.633,1.287,1.442,1.216,0.093,0.384,0.187
0.533,0.633,1.286,1.441,1.215,0.093,0.383,0.187
0.532,0.631,1.282,1.438,1.213,0.093,0.383,0.186
0.532,0.63,1.281,1.436,1.211,0.092,0.382,0.186
0.533,0.632,1.284,1.438,1.213,0.093,0.383,0.186
0.532,0.632,1.284,1.44,1.214,0.093,0.383,0.186
0.532,0.631,1.283,1.438,1.213,0.093,0.383,0.186
0.531,0.63,1.282,1.437,1.213,0.093,0.383,0.186
0.53,0.629,1.279,1.434,1.21,0.092,0.382,0.186
0.529,0.628,1.277,1.432,1.208,0.092,0.382,0.185
0.53,0.63,1.28,1.434,1.21,0.092,0.382,0.185
0.53,0.63,1.281,1.436,1.212,0.092,0.383,0.186
0.53,0.629,1.279,1.435,1.211,0.092,0.382,0.186
0.529,0.628,1.278,1.433,1.209,0.092,0.382,0.185
0.529,0.628,1.277,1.432,1.209,0.092,0.382,0.185
0.528,0.628,1.277,1.431,1.208,0.092,0.382,0.185
0.528,0.627,1.276,1.431,1.208,0.092,0.382,0.185
0.528,0.627,1.275,1.43,1.207,0.092,0.382,0.185
0.527,0.627,1.275,1.429,1.207,0.092,0.382,0.185
0.527,0.626,1.274,1.429,1.206,0.092,0.382,0.185
0.527,0.626,1.273,1.428,1.206,0.092,0.382,0.185
0.526,0.626,1.273,1.427,1.205,0.091,0.381,0.184
0.526,0.625,1.272,1.426,1.205,0.092,0.382,0.184
0.526,0.625,1.271,1.426,1.204,0.092,0.382,0.184
0.525,0.625,1.271,1.425,1.204,0.091,0.382,0.184
0.525,0.624,1.27,1.424,1.203,0.091,0.381,0.185
0.525,0.624,1.27,1.424,1.203,0.091,0.381,0.184
0.524,0.623,1.269,1.423,1.202,0.091,0.381,0.184
0.524,0.623,1.268,1.422,1.202,0.091,0.381,0.184
0.523,0.623,1.268,1.422,1.201,0.091,0.381,0.184
0.523,0.623,1.267,1.421,1.201,0.091,0.381,0.184
0.523,0.622,1.266,1.42,1.2,0.091,0.381,0.184
0.522,0.622,1.266,1.419,1.2,0.091,0.381,0.184
0.522,0.622,1.265,1.419,1.199,0.091,0.381,0.184
0.522,0.622,1.265,1.418,1.199,0.091,0.381,0.183
0.521,0.621,1.264,1.417,1.198,0.091,0.381,0.184
0.521,0.621,1.264,1.417,1.198,0.091,0.38,0.183
0.521,0.621,1.263,1.416,1.198,0.091,0.38,0.183
0.521,0.621,1.262,1.416,1.197,0.091,0.38,0.183
0.52,0.62,1.262,1.415,1.197,0.09,0.38,0.183
0.52,0.62,1.261,1.414,1.196,0.091,0.38,0.183
0.519,0.62,1.261,1.413,1.196,0.091,0.38,0.183
0.519,0.62,1.26,1.412,1.195,0.09,0.38,0.183
0.519,0.619,1.259,1.412,1.195,0.09,0.38,0.183
0.518,0.619,1.259,1.411,1.194,0.09,0.38,0.182
0.518,0.619,1.258,1.41,1.194,0.09,0.38,0.182
0.518,0.619,1.258,1.41,1.193,0.09,0.38,0.182
0.517,0.618,1.257,1.409,1.193,0.09,0.38,0.182
0.517,0.618,1.256,1.408,1.192,0.09,0.38,0.182
0.517,0.618,1.256,1.408,1.192,0.09,0.379,0.182
0.517,0.618,1.255,1.407,1.191,0.09,0.379,0.182
0.516,0.617,1.255,1.406,1.191,0.09,0.379,0.181
0.516,0.617,1.254,1.405,1.191,0.09,0.379,0.181
0.516,0.617,1.254,1.405,1.19,0.09,0.379,0.181
0.515,0.617,1.253,1.404,1.189,0.09,0.379,0.181
0.515,0.616,1.252,1.404,1.189,0.09,0.379,0.181
0.514,0.616,1.252,1.403,1.189,0.09,0.379,0.181
0.514,0.616,1.251,1.402,1.188,0.09,0.379,0.181
0.514,0.615,1.251,1.402,1.188,0.089,0.379,0.181
0.514,0.615,1.25,1.401,1.187,0.089,0.379,0.181
0.513,0.615,1.249,1.4,1.187,0.089,0.379,0.181
0.513,0.615,1.249,1.4,1.186,0.089,0.379,0.18
0.513,0.614,1.248,1.399,1.186,0.089,0.378,0.18
0.512,0.614,1.248,1.399,1.186,0.089,0.378,0.18
0.512,0.614,1.247,1.398,1.185,0.089,0.378,0.18
0.512,0.614,1.246,1.397,1.184,0.089,0.378,0.18
0.511,0.613,1.246,1.396,1.184,0.089,0.378,0.18
0.511,0.613,1.245,1.396,1.183,0.089,0.378,0.18
0.511,0.613,1.245,1.395,1.183,0.089,0.378,0.18
0.51,0.612,1.244,1.395,1.183,0.089,0.378,0.18
0.51,0.612,1.243,1.394,1.182,0.089,0.378,0.179
0.51,0.612,1.243,1.393,1.182,0.089,0.378,0.179
0.51,0.612,1.242,1.393,1.181,0.089,0.378,0.179
0.509,0.612,1.242,1.392,1.181,0.089,0.378,0.179
0.509,0.611,1.241,1.392,1.181,0.089,0.378,0.179
0.508,0.611,1.24,1.391,1.18,0.088,0.378,0.179
0.508,0.61,1.24,1.39,1.179,0.088,0.377,0.179
0.508,0.61,1.239,1.389,1.179,0.089,0.377,0.179
0.505,0.612,1.238,1.389,1.178,0.088,0.377,0.179
0.506,0.61,1.238,1.388,1.178,0.088,0.377,0.178
0.507,0.609,1.237,1.388,1.178,0.088,0.377,0.178
0.506,0.609,1.236,1.387,1.177,0.088,0.377,0.178
0.506,0.609,1.236,1.386,1.176,0.088,0.377,0.179
0.506,0.608,1.235,1.386,1.176,0.088,0.377,0.179
0.506,0.608,1.234,1.385,1.176,0.088,0.377,0.179
0.505,0.608,1.234,1.385,1.175,0.088,0.377,0.179
0.505,0.608,1.233,1.384,1.175,0.088,0.376,0.178
0.505,0.607,1.233,1.383,1.175,0.088,0.376,0.178
0.504,0.607,1.232,1.383,1.174,0.088,0.376,0.178
0.504,0.607,1.232,1.382,1.174,0.088,0.376,0.178
0.504,0.607,1.231,1.382,1.173,0.088,0.376,0.178
0.503,0.606,1.23,1.381,1.173,0.088,0.376,0.178
0.503,0.606,1.23,1.381,1.173,0.087,0.376,0.178
0.503,0.606,1.229,1.38,1.172,0.088,0.376,0.178
0.502,0.606,1.228,1.379,1.171,0.087,0.376,0.178
0.502,0.605,1.228,1.379,1.171,0.088,0.376,0.177
0.502,0.605,1.228,1.378,1.171,0.087,0.376,0.178
0.501,0.605,1.227,1.377,1.17,0.087,0.375,0.177
0.501,0.604,1.226,1.377,1.17,0.087,0.376,0.177
0.501,0.604,1.225,1.376,1.169,0.087,0.375,0.177
0.501,0.604,1.225,1.376,1.169,0.087,0.375,0.177
0.5,0.603,1.224,1.375,1.168,0.087,0.375,0.177
0.5,0.603,1.224,1.374,1.168,0.087,0.375,0.177
0.5,0.603,1.223,1.374,1.167,0.087,0.375,0.177
0.499,0.602,1.222,1.373,1.167,0.087,0.375,0.177
0.499,0.602,1.222,1.372,1.166,0.087,0.375,0.177
0.499,0.602,1.221,1.372,1.166,0.087,0.375,0.177
0.498,0.602,1.221,1.371,1.165,0.087,0.375,0.177
0.498,0.601,1.22,1.371,1.165,0.087,0.375,0.177
0.498,0.601,1.22,1.37,1.165,0.087,0.375,0.177
0.497,0.601,1.219,1.369,1.164,0.087,0.374,0.177
0.497,0.601,1.219,1.369,1.164,0.087,0.374,0.177
0.497,0.6,1.218,1.368,1.163,0.086,0.374,0.177
0.497,0.6,1.217,1.368,1.163,0.086,0.374,0.177
0.496,0.6,1.217,1.367,1.163,0.087,0.374,0.176
0.496,0.6,1.216,1.366,1.162,0.087,0.374,0.176
0.496,0.6,1.216,1.366,1.162,0.087,0.374,0.176
0.495,0.6,1.215,1.365,1.161,0.086,0.374,0.176
0.495,0.6,1.215,1.365,1.161,0.086,0.374,0.176
0.495,0.599,1.214,1.364,1.161,0.086,0.374,0.176
0.495,0.599,1.213,1.363,1.16,0.086,0.374,0.176
0.494,0.599,1.213,1.363,1.16,0.086,0.374,0.176
0.494,0.599,1.212,1.362,1.16,0.086,0.374,0.176
0.494,0.599,1.212,1.362,1.159,0.086,0.373,0.176
0.493,0.599,1.211,1.361,1.159,0.086,0.373,0.176
0.493,0.599,1.211,1.361,1.158,0.086,0.373,0.176
0.493,0.598,1.21,1.36,1.158,0.086,0.373,0.176
0.493,0.598,1.21,1.36,1.158,0.086,0.373,0.176
0.492,0.598,1.209,1.359,1.157,0.086,0.373,0.175
0.492,0.598,1.209,1.358,1.157,0.086,0.373,0.175
0.492,0.598,1.208,1.358,1.156,0.086,0.373,0.175
0.491,0.597,1.207,1.357,1.156,0.086,0.373,0.175
0.491,0.597,1.207,1.356,1.156,0.086,0.373,0.175
0.491,0.597,1.206,1.356,1.155,0.086,0.373,0.175
0.491,0.596,1.206,1.355,1.155,0.086,0.373,0.175
0.49,0.596,1.205,1.354,1.154,0.086,0.373,0.175
0.49,0.596,1.204,1.354,1.154,0.086,0.372,0.175
0.49,0.595,1.204,1.353,1.153,0.086,0.372,0.175
0.49,0.595,1.203,1.353,1.153,0.086,0.372,0.175
0.489,0.595,1.203,1.352,1.152,0.085,0.372,0.175
0.489,0.595,1.202,1.351,1.152,0.085,0.372,0.175
0.489,0.594,1.202,1.351,1.151,0.085,0.372,0.174
0.488,0.594,1.201,1.35,1.151,0.085,0.372,0.174
0.488,0.594,1.2,1.35,1.151,0.085,0.372,0.174
0.488,0.594,1.2,1.349,1.15,0.085,0.372,0.174
0.488,0.594,1.199,1.349,1.15,0.085,0.372,0.174
0.487,0.593,1.199,1.348,1.15,0.085,0.371,0.174
0.487,0.593,1.198,1.348,1.149,0.085,0.371,0.174
0.487,0.593,1.198,1.347,1.149,0.085,0.371,0.174
0.487,0.593,1.197,1.346,1.148,0.085,0.371,0.174
0.486,0.593,1.197,1.346,1.148,0.085,0.371,0.174
0.486,0.592,1.196,1.346,1.148,0.085,0.371,0.174
0.486,0.592,1.196,1.345,1.147,0.085,0.371,0.173
0.485,0.592,1.195,1.344,1.147,0.085,0.371,0.173
0.485,0.592,1.194,1.344,1.146,0.085,0.371,0.173
0.485,0.591,1.194,1.343,1.146,0.085,0.371,0.173
0.484,0.591,1.193,1.342,1.145,0.085,0.371,0.173
0.484,0.591,1.193,1.342,1.145,0.085,0.371,0.173
0.484,0.591,1.192,1.341,1.144,0.085,0.371,0.173
0.484,0.59,1.191,1.341,1.144,0.085,0.37,0.173
0.483,0.59,1.191,1.34,1.143,0.085,0.37,0.173
0.483,0.59,1.19,1.339,1.143,0.084,0.37,0.173
0.483,0.59,1.19,1.339,1.143,0.084,0.37,0.172
0.483,0.589,1.189,1.338,1.142,0.084,0.37,0.172
0.482,0.589,1.189,1.338,1.142,0.084,0.37,0.172
0.482,0.589,1.188,1.337,1.141,0.084,0.37,0.172
0.482,0.589,1.187,1.337,1.141,0.084,0.37,0.172
0.481,0.589,1.187,1.336,1.14,0.084,0.37,0.172
0.481,0.589,1.187,1.336,1.14,0.084,0.37,0.172
0.481,0.588,1.186,1.335,1.14,0.084,0.37,0.172
0.481,0.588,1.185,1.334,1.139,0.084,0.369,0.172
0.48,0.588,1.185,1.334,1.139,0.084,0.369,0.172
0.48,0.588,1.184,1.334,1.138,0.084,0.369,0.172
0.48,0.588,1.184,1.333,1.138,0.084,0.369,0.172
0.479,0.588,1.183,1.332,1.137,0.084,0.369,0.171
0.479,0.587,1.183,1.332,1.137,0.084,0.369,0.171
0.479,0.587,1.182,1.332,1.136,0.084,0.369,0.171
0.479,0.587,1.181,1.331,1.136,0.084,0.369,0.171
0.478,0.587,1.181,1.33,1.136,0.084,0.369,0.171
0.478,0.587,1.18,1.33,1.135,0.084,0.369,0.171
0.478,0.587,1.18,1.329,1.135,0.084,0.369,0.171
0.478,0.587,1.179,1.329,1.134,0.084,0.368,0.171
0.478,0.586,1.179,1.328,1.134,0.084,0.369,0.171
0.477,0.586,1.178,1.328,1.133,0.084,0.368,0.171
0.477,0.586,1.177,1.327,1.133,0.084,0.368,0.17
0.477,0.586,1.177,1.326,1.132,0.084,0.368,0.17
0.476,0.585,1.177,1.326,1.132,0.084,0.368,0.17
0.476,0.585,1.176,1.325,1.132,0.083,0.368,0.17
0.476,0.585,1.175,1.325,1.131,0.083,0.368,0.17
0.476,0.585,1.175,1.324,1.131,0.083,0.368,0.17
0.475,0.584,1.174,1.324,1.131,0.083,0.368,0.17
0.475,0.584,1.174,1.323,1.13,0.083,0.368,0.17
0.475,0.584,1.173,1.322,1.13,0.083,0.367,0.17
0.475,0.584,1.172,1.322,1.129,0.083,0.368,0.17
0.474,0.583,1.172,1.321,1.129,0.083,0.367,0.17
0.474,0.583,1.171,1.321,1.128,0.083,0.367,0.17
0.474,0.583,1.171,1.32,1.128,0.083,0.367,0.17
0.473,0.583,1.17,1.32,1.128,0.083,0.367,0.169
0.473,0.582,1.17,1.319,1.127,0.083,0.367,0.169
0.473,0.582,1.169,1.319,1.127,0.083,0.367,0.169
0.473,0.582,1.169,1.318,1.126,0.083,0.367,0.169
0.472,0.581,1.168,1.318,1.126,0.083,0.367,0.169
0.472,0.581,1.168,1.317,1.126,0.083,0.367,0.169
0.472,0.581,1.167,1.317,1.125,0.083,0.367,0.169
0.472,0.581,1.167,1.317,1.125,0.083,0.367,0.169
0.472,0.581,1.166,1.316,1.125,0.083,0.367,0.169
0.471,0.58,1.166,1.316,1.124,0.083,0.366,0.169
0.471,0.58,1.165,1.315,1.124,0.083,0.366,0.169
0.471,0.58,1.165,1.314,1.123,0.083,0.366,0.169
0.471,0.58,1.164,1.314,1.123,0.083,0.366,0.169
0.47,0.579,1.164,1.313,1.123,0.083,0.366,0.168
0.47,0.579,1.163,1.313,1.122,0.083,0.366,0.168
0.47,0.579,1.163,1.313,1.122,0.082,0.366,0.168
0.47,0.579,1.162,1.312,1.121,0.082,0.366,0.168
0.469,0.579,1.162,1.312,1.121,0.082,0.366,0.168
0.469,0.579,1.161,1.311,1.121,0.082,0.366,0.168
0.469,0.578,1.161,1.311,1.12,0.082,0.366,0.168
0.469,0.578,1.16,1.31,1.12,0.082,0.366,0.168
0.468,0.578,1.159,1.31,1.12,0.082,0.366,0.168
0.468,0.578,1.159,1.309,1.119,0.082,0.366,0.168
0.468,0.578,1.159,1.309,1.119,0.082,0.365,0.168
0.468,0.577,1.158,1.308,1.118,0.082,0.365,0.168
0.467,0.577,1.157,1.308,1.118,0.082,0.365,0.168
0.467,0.577,1.157,1.307,1.118,0.082,0.365,0.168
0.467,0.577,1.156,1.307,1.117,0.082,0.365,0.167
0.467,0.577,1.156,1.306,1.117,0.082,0.365,0.167
0.466,0.576,1.155,1.306,1.117,0.082,0.365,0.167
0.466,0.576,1.155,1.305,1.116,0.082,0.365,0.167
0.466,0.576,1.154,1.304,1.116,0.082,0.365,0.167
0.466,0.576,1.154,1.304,1.115,0.082,0.365,0.167
0.465,0.575,1.153,1.303,1.115,0.082,0.365,0.167
0.465,0.575,1.153,1.303,1.115,0.082,0.365,0.167
0.465,0.575,1.152,1.302,1.114,0.082,0.364,0.167
0.465,0.575,1.152,1.302,1.114,0.082,0.364,0.167
0.464,0.575,1.151,1.301,1.113,0.082,0.364,0.167
0.464,0.575,1.151,1.3,1.113,0.082,0.364,0.167
0.464,0.574,1.15,1.3,1.113,0.082,0.364,0.166
0.463,0.574,1.149,1.299,1.112,0.082,0.364,0.166
0.463,0.574,1.149,1.299,1.112,0.081,0.364,0.166
0.463,0.574,1.148,1.298,1.111,0.081,0.364,0.166
0.463,0.574,1.148,1.298,1.111,0.081,0.364,0.166
0.463,0.573,1.147,1.297,1.111,0.081,0.364,0.166
0.462,0.573,1.147,1.297,1.11,0.081,0.364,0.166
0.462,0.573,1.146,1.296,1.11,0.081,0.364,0.166
0.462,0.572,1.146,1.295,1.11,0.081,0.363,0.166
0.461,0.572,1.145,1.295,1.109,0.081,0.363,0.166
0.461,0.572,1.145,1.294,1.109,0.081,0.363,0.166
0.461,0.572,1.144,1.294,1.108,0.081,0.363,0.166
0.461,0.572,1.144,1.293,1.108,0.081,0.363,0.166
0.461,0.571,1.143,1.293,1.107,0.081,0.363,0.165
0.46,0.571,1.143,1.292,1.107,0.081,0.363,0.165
0.46,0.571,1.142,1.292,1.107,0.081,0.363,0.166
0.46,0.571,1.142,1.291,1.106,0.081,0.363,0.165
0.46,0.571,1.141,1.291,1.106,0.081,0.363,0.165
0.459,0.57,1.141,1.291,1.106,0.081,0.363,0.165
0.459,0.57,1.14,1.29,1.105,0.081,0.363,0.165
0.459,0.57,1.14,1.289,1.105,0.081,0.363,0.165
0.459,0.57,1.139,1.289,1.105,0.081,0.363,0.165
0.459,0.569,1.139,1.289,1.105,0.081,0.362,0.165
0.458,0.569,1.138,1.288,1.104,0.081,0.362,0.165
0.458,0.569,1.138,1.288,1.104,0.081,0.362,0.165
0.458,0.569,1.137,1.287,1.104,0.081,0.362,0.165
0.458,0.569,1.137,1.287,1.103,0.081,0.362,0.165
0.457,0.568,1.136,1.286,1.103,0.081,0.362,0.165
0.457,0.568,1.136,1.286,1.102,0.081,0.362,0.164
0.457,0.568,1.135,1.285,1.102,0.081,0.362,0.165
0.457,0.568,1.135,1.285,1.102,0.08,0.362,0.164
0.457,0.568,1.134,1.285,1.102,0.081,0.362,0.164
0.456,0.568,1.134,1.284,1.101,0.08,0.361,0.164
0.456,0.568,1.133,1.284,1.101,0.08,0.362,0.164
0.456,0.567,1.133,1.283,1.1,0.08,0.362,0.164
0.456,0.567,1.133,1.283,1.1,0.08,0.361,0.164
0.455,0.567,1.132,1.282,1.1,0.08,0.361,0.164
0.455,0.567,1.132,1.282,1.099,0.08,0.361,0.164
0.455,0.566,1.131,1.282,1.099,0.08,0.361,0.164
0.455,0.566,1.13,1.281,1.099,0.08,0.361,0.164
0.455,0.566,1.13,1.281,1.098,0.08,0.361,0.164
0.454,0.566,1.13,1.28,1.098,0.08,0.361,0.163
0.454,0.565,1.129,1.28,1.097,0.08,0.361,0.163
0.454,0.565,1.129,1.279,1.097,0.08,0.361,0.163
0.454,0.565,1.128,1.278,1.097,0.08,0.361,0.163
0.453,0.565,1.128,1.278,1.096,0.08,0.361,0.163
0.453,0.565,1.127,1.278,1.096,0.08,0.361,0.163
0.453,0.565,1.127,1.277,1.096,0.08,0.361,0.163
0.453,0.564,1.126,1.277,1.095,0.08,0.361,0.163
0.452,0.564,1.126,1.276,1.095,0.08,0.361,0.163
0.452,0.564,1.125,1.276,1.095,0.08,0.36,0.163
0.452,0.564,1.125,1.276,1.094,0.08,0.36,0.163
0.452,0.564,1.125,1.275,1.094,0.08,0.36,0.163
0.452,0.563,1.124,1.275,1.094,0.08,0.36,0.162
0.451,0.563,1.123,1.274,1.093,0.08,0.36,0.163
0.451,0.563,1.123,1.274,1.093,0.08,0.36,0.163
0.451,0.563,1.122,1.273,1.093,0.08,0.36,0.162
0.451,0.563,1.122,1.273,1.092,0.08,0.36,0.162
0.451,0.563,1.121,1.272,1.092,0.08,0.36,0.162
0.45,0.563,1.121,1.272,1.091,0.08,0.36,0.162
0.45,0.563,1.12,1.271,1.091,0.08,0.36,0.162
0.45,0.563,1.12,1.271,1.091,0.08,0.359,0.162
0.45,0.562,1.12,1.27,1.09,0.08,0.359,0.162
0.45,0.562,1.119,1.27,1.09,0.08,0.359,0.162
0.449,0.562,1.119,1.27,1.09,0.08,0.359,0.162
0.449,0.562,1.118,1.269,1.089,0.079,0.359,0.162
0.449,0.562,1.118,1.269,1.089,0.079,0.359,0.162
0.449,0.562,1.117,1.268,1.089,0.079,0.359,0.162
0.448,0.562,1.117,1.268,1.089,0.079,0.359,0.162
0.448,0.561,1.116,1.267,1.088,0.079,0.359,0.161
0.448,0.561,1.116,1.267,1.088,0.079,0.359,0.161
0.448,0.561,1.115,1.267,1.088,0.079,0.359,0.161
0.448,0.561,1.115,1.266,1.087,0.079,0.359,0.161
0.447,0.561,1.114,1.266,1.087,0.079,0.359,0.161
0.447,0.561,1.114,1.265,1.087,0.079,0.359,0.161
0.447,0.561,1.113,1.265,1.086,0.079,0.358,0.161
0.447,0.561,1.113,1.264,1.086,0.079,0.358,0.161
0.447,0.56,1.113,1.264,1.086,0.079,0.358,0.161
0.446,0.56,1.112,1.263,1.085,0.079,0.358,0.161
0.446,0.56,1.112,1.263,1.085,0.079,0.358,0.161
0.446,0.56,1.111,1.262,1.085,0.079,0.358,0.161
0.446,0.56,1.111,1.262,1.084,0.079,0.358,0.161
0.446,0.56,1.11,1.262,1.084,0.079,0.358,0.161
0.445,0.559,1.11,1.261,1.084,0.079,0.358,0.16
0.445,0.559,1.109,1.261,1.083,0.079,0.358,0.16
0.445,0.559,1.109,1.26,1.083,0.079,0.358,0.16
0.445,0.559,1.109,1.26,1.083,0.079,0.358,0.16
0.444,0.559,1.108,1.259,1.082,0.079,0.358,0.16
0.444,0.559,1.107,1.259,1.082,0.079,0.358,0.16
0.444,0.559,1.107,1.258,1.082,0.079,0.357,0.16
0.444,0.559,1.107,1.258,1.081,0.079,0.357,0.16
0.444,0.558,1.106,1.258,1.081,0.079,0.357,0.16
0.443,0.558,1.106,1.257,1.081,0.079,0.357,0.16
0.443,0.558,1.105,1.257,1.081,0.079,0.357,0.16
0.443,0.558,1.105,1.257,1.08,0.079,0.357,0.16
0.443,0.558,1.104,1.256,1.08,0.079,0.357,0.16
0.443,0.558,1.104,1.255,1.079,0.079,0.357,0.159
0.442,0.557,1.103,1.255,1.079,0.079,0.357,0.159
0.442,0.557,1.103,1.254,1.079,0.079,0.357,0.159
0.442,0.557,1.102,1.254,1.078,0.078,0.356,0.159
0.442,0.557,1.102,1.253,1.078,0.079,0.356,0.159
0.441,0.557,1.101,1.253,1.078,0.078,0.356,0.159
0.441,0.557,1.101,1.253,1.077,0.079,0.356,0.159
0.441,0.557,1.1,1.252,1.077,0.078,0.356,0.159
0.441,0.556,1.1,1.252,1.076,0.078,0.356,0.159
0.441,0.556,1.099,1.251,1.076,0.078,0.356,0.159
0.44,0.556,1.099,1.251,1.076,0.078,0.356,0.159
0.44,0.556,1.098,1.25,1.075,0.078,0.356,0.159
0.44,0.556,1.098,1.25,1.075,0.078,0.356,0.159
0.44,0.556,1.098,1.249,1.075,0.078,0.356,0.159
