S1_C0902,S2_C0902,S3_C0902,S4_C0902,S5_C0902,S6_C0902,S7_C0902,S8_C0902
0.185,0.319,0.536,0.813,0.873,0.097,0.25,0.626
0.185,0.319,0.537,0.813,0.873,0.097,0.25,0.626
0.185,0.319,0.536,0.813,0.873,0.097,0.25,0.626
0.185,0.319,0.536,0.813,0.873,0.097,0.25,0.626
0.185,0.319,0.536,0.813,0.873,0.097,0.25,0.626
0.185,0.319,0.536,0.813,0.873,0.097,0.25,0.626
0.185,0.319,0.536,0.813,0.873,0.097,0.25,0.626
0.185,0.319,0.536,0.813,0.873,0.097,0.25,0.626
0.185,0.319,0.536,0.813,0.873,0.097,0.25,0.626
0.185,0.319,0.536,0.813,0.873,0.097,0.25,0.626
0.185,0.319,0.536,0.813,0.873,0.097,0.25,0.626
0.185,0.319,0.536,0.813,0.873,0.097,0.25,0.626
0.185,0.319,0.536,0.813,0.873,0.097,0.25,0.626
0.185,0.319,0.536,0.813,0.873,0.097,0.25,0.626
0.185,0.319,0.536,0.813,0.873,0.097,0.25,0.626
0.185,0.319,0.536,0.812,0.873,0.097,0.25,0.626
0.185,0.319,0.536,0.813,0.873,0.097,0.25,0.626
0.185,0.319,0.536,0.812,0.873,0.097,0.25,0.626
0.185,0.319,0.536,0.813,0.873,0.097,0.25,0.626
0.185,0.319,0.536,0.812,0.873,0.097,0.25,0.626
0.185,0.319,0.536,0.812,0.873,0.097,0.25,0.626
0.185,0.319,0.536,0.813,0.873,0.097,0.25,0.626
0.185,0.319,0.536,0.813,0.873,0.097,0.25,0.626
0.185,0.319,0.536,0.813,0.873,0.097,0.25,0.626
0.185,0.319,0.536,0.813,0.872,0.097,0.25,0.626
0.185,0.319,0.536,0.813,0.873,0.097,0.25,0.626
0.185,0.319,0.536,0.813,0.873,0.097,0.25,0.626
0.185,0.319,0.536,0.813,0.873,0.097,0.25,0.626
0.185,0.319,0.536,0.813,0.872,0.097,0.25,0.626
0.185,0.319,0.536,0.812,0.873,0.097,0.25,0.626
0.185,0.319,0.536,0.812,0.873,0.097,0.25,0.626
0.185,0.319,0.536,0.812,0.873,0.097,0.25,0.626
0.185,0.318,0.536,0.812,0.873,0.097,0.25,0.626
0.185,0.319,0.536,0.812,0.873,0.097,0.25,0.626
0.185,0.319,0.536,0.812,0.873,0.097,0.25,0.626
0.185,0.318,0.536,0.812,0.873,0.097,0.25,0.626
0.185,0.319,0.536,0.812,0.873,0.097,0.25,0.626
0.185,0.318,0.536,0.812,0.872,0.097,0.25,0.626
0.185,0.318,0.536,0.812,0.873,0.097,0.25,0.626
0.185,0.318,0.536,0.812,0.872,0.097,0.25,0.626
0.185,0.318,0.536,0.813,0.873,0.097,0.25,0.626
0.185,0.319,0.536,0.813,0.873,0.097,0.25,0.626
0.185,0.318,0.536,0.813,0.873,0.097,0.25,0.626
0.185,0.319,0.536,0.813,0.873,0.097,0.25,0.626
0.185,0.319,0.536,0.813,0.873,0.097,0.25,0.626
0.185,0.319,0.536,0.813,0.872,0.097,0.25,0.626
0.185,0.319,0.536,0.813,0.872,0.097,0.25,0.626
0.185,0.319,0.536,0.813,0.873,0.097,0.25,0.626
0.185,0.319,0.536,0.813,0.872,0.097,0.25,0.626
0.185,0.319,0.536,0.813,0.873,0.097,0.25,0.626
0.185,0.319,0.536,0.813,0.873,0.097,0.25,0.626
0.185,0.319,0.536,0.813,0.872,0.097,0.25,0.626
0.185,0.319,0.536,0.813,0.873,0.097,0.25,0.626
0.185,0.319,0.536,0.814,0.873,0.097,0.25,0.626
0.185,0.319,0.536,0.814,0.873,0.097,0.25,0.626
0.185,0.319,0.536,0.814,0.873,0.097,0.25,0.626
0.185,0.319,0.536,0.814,0.873,0.097,0.25,0.626
0.185,0.319,0.536,0.814,0.873,0.097,0.25,0.626
0.185,0.32,0.536,0.814,0.873,0.097,0.25,0.626
0.185,0.32,0.536,0.814,0.873,0.097,0.25,0.627
0.185,0.32,0.536,0.814,0.873,0.097,0.25,0.627
0.185,0.32,0.536,0.815,0.873,0.097,0.25,0.627
0.185,0.32,0.536,0.815,0.873,0.097,0.25,0.627
0.185,0.32,0.536,0.815,0.874,0.097,0.25,0.627
0.185,0.321,0.536,0.815,0.874,0.097,0.25,0.627
0.185,0.321,0.536,0.815,0.874,0.097,0.25,0.627
0.185,0.321,0.536,0.816,0.874,0.097,0.25,0.627
0.185,0.321,0.536,0.816,0.874,0.097,0.25,0.627
0.185,0.322,0.536,0.816,0.874,0.097,0.25,0.628
0.185,0.322,0.536,0.816,0.874,0.097,0.25,0.628
0.185,0.322,0.536,0.816,0.874,0.097,0.25,0.628
0.185,0.322,0.536,0.817,0.875,0.097,0.25,0.628
0.185,0.323,0.536,0.817,0.875,0.097,0.25,0.629
0.185,0.323,0.536,0.817,0.875,0.097,0.25,0.629
0.185,0.327,0.537,0.823,0.876,0.097,0.25,0.63
0.185,0.339,0.538,0.846,0.877,0.097,0.25,0.633
0.185,0.357,0.539,0.876,0.886,0.097,0.25,0.64
0.185,0.38,0.541,0.9,0.907,0.097,0.251,0.66
0.185,0.404,0.542,0.918,0.935,0.097,0.252,0.689
0.185,0.43,0.544,0.935,0.957,0.097,0.253,0.719
0.185,0.459,0.546,0.949,0.976,0.097,0.253,0.747
0.185,0.488,0.548,0.962,0.995,0.098,0.254,0.772
0.185,0.519,0.55,0.977,1.013,0.098,0.255,0.795
0.185,0.549,0.552,0.987,1.029,0.099,0.256,0.815
0.186,0.58,0.554,0.995,1.045,0.099,0.256,0.833
0.186,0.612,0.556,1.006,1.059,0.1,0.257,0.849
0.186,0.644,0.558,1.016,1.072,0.101,0.258,0.864
0.186,0.677,0.56,1.026,1.084,0.102,0.259,0.88
0.187,0.707,0.562,1.035,1.097,0.103,0.259,0.894
0.187,0.736,0.564,1.043,1.109,0.104,0.26,0.906
0.187,0.762,0.567,1.052,1.119,0.106,0.261,0.917
0.188,0.789,0.569,1.059,1.128,0.107,0.262,0.928
0.188,0.815,0.571,1.067,1.137,0.108,0.262,0.937
0.189,0.841,0.573,1.073,1.146,0.11,0.263,0.946
0.189,0.869,0.575,1.081,1.153,0.111,0.264,0.954
0.19,0.893,0.577,1.088,1.161,0.112,0.264,0.962
0.19,0.915,0.579,1.093,1.169,0.114,0.265,0.97
0.191,0.936,0.582,1.099,1.176,0.115,0.266,0.978
0.191,0.957,0.583,1.104,1.183,0.117,0.266,0.985
0.192,0.976,0.585,1.111,1.189,0.118,0.267,0.992
0.192,0.994,0.587,1.117,1.195,0.12,0.267,0.999
0.193,1.013,0.589,1.121,1.2,0.121,0.268,1.005
0.193,1.031,0.591,1.126,1.206,0.122,0.269,1.01
0.194,1.047,0.593,1.13,1.211,0.123,0.269,1.016
0.194,1.062,0.595,1.133,1.215,0.124,0.27,1.021
0.195,1.075,0.597,1.137,1.22,0.126,0.27,1.026
0.195,1.088,0.599,1.138,1.225,0.127,0.271,1.031
0.196,1.101,0.601,1.144,1.23,0.128,0.271,1.036
0.196,1.113,0.603,1.149,1.234,0.13,0.272,1.04
0.197,1.125,0.604,1.152,1.238,0.131,0.272,1.044
0.197,1.136,0.606,1.156,1.242,0.132,0.273,1.049
0.198,1.148,0.608,1.159,1.246,0.133,0.273,1.053
0.198,1.159,0.61,1.16,1.249,0.134,0.273,1.057
0.199,1.169,0.612,1.163,1.253,0.135,0.274,1.061
0.199,1.179,0.614,1.167,1.256,0.137,0.274,1.064
0.2,1.189,0.615,1.173,1.26,0.138,0.275,1.068
0.2,1.202,0.617,1.176,1.263,0.139,0.275,1.071
0.201,1.214,0.619,1.175,1.266,0.14,0.275,1.074
0.201,1.224,0.62,1.182,1.269,0.141,0.276,1.078
0.202,1.233,0.622,1.186,1.272,0.142,0.276,1.081
0.202,1.242,0.624,1.187,1.275,0.143,0.277,1.084
0.202,1.249,0.625,1.192,1.277,0.144,0.277,1.087
0.203,1.257,0.627,1.193,1.28,0.145,0.277,1.09
0.203,1.265,0.629,1.195,1.283,0.146,0.278,1.093
0.204,1.273,0.63,1.197,1.285,0.147,0.278,1.096
0.204,1.279,0.632,1.198,1.288,0.148,0.278,1.099
0.205,1.286,0.633,1.199,1.29,0.149,0.279,1.101
0.205,1.294,0.635,1.205,1.293,0.15,0.279,1.104
0.206,1.302,0.637,1.203,1.295,0.151,0.279,1.107
0.206,1.31,0.638,1.205,1.298,0.152,0.279,1.11
0.206,1.318,0.64,1.21,1.3,0.153,0.28,1.113
0.207,1.324,0.641,1.214,1.302,0.154,0.28,1.115
0.207,1.33,0.643,1.214,1.305,0.155,0.28,1.117
0.208,1.337,0.644,1.218,1.307,0.156,0.281,1.12
0.208,1.342,0.646,1.218,1.309,0.157,0.281,1.123
0.208,1.348,0.647,1.217,1.311,0.158,0.281,1.124
0.209,1.354,0.649,1.223,1.313,0.159,0.281,1.126
0.209,1.36,0.65,1.224,1.315,0.16,0.282,1.129
0.21,1.365,0.652,1.225,1.317,0.161,0.282,1.131
0.21,1.37,0.653,1.226,1.319,0.161,0.282,1.134
0.211,1.375,0.655,1.231,1.321,0.162,0.282,1.135
0.211,1.379,0.656,1.23,1.323,0.163,0.282,1.137
0.211,1.383,0.658,1.231,1.325,0.164,0.282,1.14
0.212,1.388,0.659,1.232,1.327,0.165,0.283,1.141
0.212,1.392,0.66,1.237,1.329,0.166,0.283,1.143
0.212,1.398,0.662,1.239,1.331,0.167,0.283,1.146
0.213,1.402,0.663,1.24,1.332,0.168,0.283,1.148
0.213,1.406,0.664,1.242,1.334,0.168,0.283,1.149
0.214,1.41,0.666,1.244,1.336,0.169,0.284,1.152
0.214,1.415,0.667,1.247,1.338,0.17,0.284,1.154
0.214,1.419,0.668,1.25,1.34,0.171,0.284,1.156
0.215,1.423,0.67,1.249,1.342,0.172,0.284,1.157
0.215,1.427,0.671,1.254,1.344,0.173,0.284,1.159
0.216,1.431,0.672,1.255,1.345,0.173,0.284,1.161
0.216,1.435,0.674,1.256,1.347,0.174,0.285,1.163
0.216,1.438,0.675,1.256,1.349,0.175,0.285,1.165
0.217,1.443,0.677,1.257,1.35,0.176,0.285,1.166
0.217,1.446,0.678,1.257,1.352,0.177,0.285,1.168
0.217,1.449,0.679,1.262,1.354,0.177,0.285,1.17
0.218,1.452,0.68,1.265,1.355,0.178,0.285,1.172
0.218,1.455,0.682,1.268,1.357,0.179,0.285,1.173
0.219,1.459,0.683,1.268,1.358,0.179,0.286,1.175
0.219,1.462,0.684,1.269,1.36,0.18,0.286,1.176
0.22,1.466,0.685,1.268,1.362,0.181,0.286,1.179
0.22,1.47,0.687,1.268,1.364,0.182,0.286,1.181
0.22,1.474,0.688,1.273,1.365,0.183,0.286,1.182
0.221,1.478,0.689,1.274,1.367,0.183,0.286,1.184
0.221,1.481,0.69,1.273,1.368,0.184,0.286,1.185
0.221,1.484,0.691,1.276,1.37,0.185,0.286,1.187
0.222,1.488,0.692,1.276,1.371,0.186,0.286,1.189
0.222,1.491,0.693,1.275,1.373,0.186,0.286,1.19
0.223,1.494,0.695,1.276,1.374,0.187,0.287,1.191
0.223,1.497,0.696,1.282,1.375,0.188,0.287,1.193
0.223,1.5,0.697,1.281,1.377,0.188,0.287,1.195
0.224,1.503,0.698,1.28,1.378,0.189,0.287,1.196
0.224,1.505,0.699,1.279,1.38,0.19,0.287,1.197
0.224,1.508,0.7,1.286,1.381,0.191,0.287,1.199
0.225,1.51,0.701,1.287,1.382,0.191,0.287,1.201
0.225,1.513,0.703,1.288,1.383,0.192,0.287,1.202
0.225,1.515,0.704,1.29,1.385,0.192,0.287,1.204
0.226,1.518,0.705,1.294,1.386,0.193,0.287,1.205
0.226,1.521,0.706,1.289,1.387,0.194,0.287,1.206
0.227,1.524,0.707,1.291,1.389,0.194,0.287,1.207
0.227,1.527,0.708,1.293,1.39,0.195,0.287,1.209
0.227,1.529,0.709,1.296,1.391,0.196,0.287,1.211
0.228,1.531,0.71,1.295,1.393,0.197,0.288,1.212
0.228,1.534,0.711,1.293,1.394,0.197,0.288,1.213
0.228,1.535,0.712,1.297,1.395,0.198,0.288,1.215
0.229,1.538,0.714,1.298,1.397,0.199,0.288,1.216
0.229,1.541,0.715,1.298,1.398,0.199,0.288,1.217
0.229,1.543,0.716,1.301,1.399,0.2,0.288,1.218
0.23,1.546,0.717,1.302,1.4,0.2,0.288,1.219
0.23,1.548,0.718,1.3,1.401,0.201,0.288,1.221
0.231,1.55,0.719,1.306,1.402,0.202,0.288,1.222
0.231,1.552,0.72,1.307,1.404,0.202,0.288,1.224
0.231,1.554,0.721,1.305,1.405,0.203,0.288,1.226
0.231,1.556,0.722,1.309,1.406,0.204,0.288,1.227
0.232,1.559,0.723,1.31,1.407,0.205,0.288,1.228
0.232,1.561,0.724,1.307,1.409,0.205,0.288,1.23
0.233,1.564,0.725,1.309,1.41,0.206,0.288,1.231
0.233,1.566,0.726,1.31,1.411,0.206,0.289,1.233
0.233,1.567,0.727,1.308,1.412,0.207,0.289,1.233
0.234,1.569,0.728,1.314,1.413,0.208,0.289,1.235
0.234,1.571,0.729,1.313,1.414,0.208,0.289,1.237
0.234,1.574,0.73,1.316,1.415,0.209,0.289,1.238
0.235,1.576,0.731,1.313,1.417,0.21,0.289,1.24
0.235,1.578,0.732,1.317,1.418,0.21,0.289,1.241
0.235,1.58,0.733,1.316,1.419,0.211,0.289,1.242
0.236,1.583,0.734,1.319,1.421,0.212,0.289,1.244
0.236,1.585,0.735,1.325,1.422,0.212,0.289,1.244
0.236,1.588,0.736,1.329,1.423,0.213,0.289,1.246
0.237,1.59,0.737,1.331,1.425,0.213,0.289,1.247
0.237,1.592,0.738,1.334,1.426,0.214,0.289,1.249
0.237,1.594,0.739,1.329,1.427,0.215,0.289,1.251
0.238,1.595,0.74,1.332,1.428,0.215,0.289,1.251
0.238,1.597,0.741,1.332,1.429,0.216,0.29,1.253
0.238,1.599,0.742,1.333,1.43,0.216,0.29,1.255
0.239,1.6,0.742,1.333,1.432,0.217,0.289,1.255
0.239,1.603,0.743,1.335,1.433,0.217,0.29,1.256
0.239,1.604,0.744,1.336,1.434,0.218,0.29,1.258
0.24,1.606,0.745,1.34,1.436,0.218,0.29,1.259
0.24,1.607,0.746,1.336,1.437,0.219,0.29,1.261
0.241,1.609,0.747,1.336,1.438,0.22,0.29,1.262
0.241,1.612,0.748,1.34,1.439,0.22,0.29,1.264
0.241,1.615,0.749,1.341,1.44,0.221,0.29,1.265
0.242,1.618,0.75,1.345,1.442,0.221,0.29,1.266
0.242,1.62,0.751,1.344,1.443,0.222,0.29,1.267
0.242,1.622,0.752,1.343,1.444,0.223,0.29,1.268
0.243,1.623,0.753,1.346,1.445,0.224,0.29,1.269
0.243,1.624,0.753,1.345,1.446,0.224,0.29,1.271
0.243,1.626,0.754,1.348,1.447,0.225,0.29,1.272
0.244,1.628,0.755,1.351,1.448,0.225,0.29,1.272
0.244,1.63,0.756,1.35,1.449,0.225,0.29,1.273
0.244,1.631,0.757,1.354,1.45,0.226,0.29,1.275
0.245,1.632,0.758,1.357,1.452,0.227,0.29,1.276
0.245,1.634,0.759,1.357,1.453,0.227,0.29,1.278
0.245,1.636,0.76,1.357,1.454,0.228,0.29,1.279
0.246,1.637,0.761,1.357,1.455,0.228,0.29,1.28
0.246,1.639,0.762,1.36,1.456,0.229,0.29,1.282
0.246,1.641,0.763,1.359,1.457,0.23,0.29,1.283
0.247,1.643,0.764,1.357,1.458,0.23,0.29,1.284
0.247,1.645,0.764,1.355,1.459,0.231,0.29,1.286
0.247,1.646,0.765,1.359,1.46,0.231,0.29,1.287
0.248,1.647,0.766,1.356,1.461,0.232,0.29,1.288
0.248,1.648,0.767,1.359,1.462,0.233,0.29,1.289
0.248,1.65,0.768,1.36,1.464,0.233,0.29,1.29
0.249,1.651,0.769,1.358,1.464,0.234,0.29,1.291
0.249,1.653,0.77,1.364,1.466,0.234,0.29,1.293
0.249,1.654,0.77,1.36,1.467,0.235,0.29,1.294
0.25,1.656,0.771,1.365,1.468,0.235,0.29,1.294
0.25,1.658,0.772,1.365,1.469,0.236,0.29,1.297
0.25,1.659,0.773,1.367,1.47,0.236,0.29,1.298
0.251,1.661,0.774,1.368,1.47,0.237,0.289,1.296
0.251,1.66,0.773,1.366,1.469,0.237,0.289,1.298
0.251,1.661,0.774,1.366,1.471,0.238,0.289,1.299
0.251,1.663,0.775,1.368,1.472,0.238,0.289,1.3
0.252,1.665,0.776,1.369,1.472,0.239,0.289,1.302
0.252,1.666,0.777,1.369,1.473,0.239,0.289,1.303
0.252,1.668,0.777,1.372,1.474,0.24,0.289,1.305
0.253,1.669,0.778,1.372,1.476,0.24,0.29,1.307
0.253,1.671,0.779,1.371,1.477,0.241,0.29,1.308
0.254,1.673,0.78,1.373,1.478,0.241,0.29,1.309
0.254,1.675,0.781,1.376,1.479,0.242,0.29,1.31
0.254,1.677,0.781,1.378,1.48,0.243,0.29,1.311
0.254,1.678,0.782,1.379,1.481,0.243,0.29,1.313
0.255,1.679,0.783,1.381,1.482,0.244,0.29,1.314
0.255,1.68,0.784,1.384,1.484,0.244,0.29,1.315
0.255,1.682,0.784,1.384,1.485,0.245,0.29,1.316
0.256,1.683,0.785,1.38,1.486,0.245,0.29,1.317
0.256,1.685,0.786,1.381,1.487,0.246,0.29,1.318
0.256,1.685,0.787,1.386,1.488,0.246,0.29,1.32
0.257,1.687,0.788,1.389,1.49,0.247,0.29,1.321
0.257,1.688,0.788,1.386,1.491,0.247,0.29,1.322
0.258,1.689,0.789,1.388,1.492,0.248,0.29,1.323
0.258,1.69,0.79,1.39,1.494,0.248,0.29,1.325
0.258,1.691,0.791,1.386,1.495,0.249,0.29,1.327
0.259,1.693,0.791,1.39,1.496,0.25,0.29,1.328
0.259,1.695,0.792,1.392,1.497,0.25,0.29,1.329
0.259,1.695,0.793,1.393,1.498,0.251,0.29,1.33
0.259,1.697,0.794,1.394,1.499,0.251,0.29,1.331
0.26,1.699,0.795,1.395,1.5,0.252,0.29,1.332
0.26,1.7,0.796,1.399,1.502,0.252,0.29,1.334
0.261,1.702,0.796,1.4,1.503,0.253,0.29,1.335
0.261,1.703,0.797,1.401,1.504,0.253,0.29,1.336
0.261,1.704,0.798,1.4,1.505,0.254,0.29,1.338
0.261,1.705,0.799,1.404,1.507,0.254,0.29,1.339
0.262,1.706,0.799,1.405,1.508,0.255,0.29,1.341
0.262,1.708,0.8,1.406,1.509,0.256,0.29,1.342
0.263,1.709,0.801,1.403,1.51,0.256,0.291,1.343
0.263,1.71,0.802,1.406,1.512,0.257,0.291,1.345
0.263,1.712,0.802,1.406,1.513,0.257,0.291,1.346
0.264,1.713,0.803,1.41,1.514,0.258,0.291,1.348
0.264,1.714,0.804,1.408,1.516,0.259,0.291,1.349
0.264,1.716,0.805,1.41,1.517,0.259,0.291,1.351
0.265,1.716,0.805,1.41,1.519,0.26,0.291,1.352
0.265,1.718,0.806,1.412,1.52,0.26,0.291,1.353
0.265,1.719,0.807,1.415,1.522,0.261,0.291,1.355
0.266,1.721,0.808,1.42,1.523,0.261,0.291,1.357
0.266,1.722,0.809,1.421,1.525,0.262,0.292,1.358
0.266,1.723,0.809,1.422,1.526,0.262,0.292,1.359
0.267,1.724,0.81,1.423,1.528,0.263,0.292,1.36
0.267,1.725,0.811,1.423,1.529,0.263,0.292,1.362
0.267,1.726,0.812,1.426,1.531,0.264,0.292,1.364
0.268,1.728,0.812,1.426,1.533,0.265,0.292,1.365
0.268,1.728,0.813,1.429,1.534,0.265,0.293,1.367
0.269,1.729,0.814,1.432,1.536,0.265,0.293,1.369
0.269,1.73,0.815,1.434,1.538,0.266,0.293,1.37
0.269,1.731,0.816,1.436,1.539,0.267,0.293,1.372
0.269,1.732,0.816,1.439,1.541,0.267,0.293,1.373
0.27,1.733,0.817,1.44,1.543,0.268,0.294,1.375
0.27,1.734,0.818,1.442,1.544,0.268,0.294,1.377
0.271,1.735,0.819,1.444,1.546,0.269,0.294,1.378
0.271,1.736,0.82,1.445,1.548,0.27,0.294,1.38
0.272,1.74,0.822,1.449,1.551,0.27,0.295,1.383
0.272,1.74,0.822,1.45,1.553,0.271,0.295,1.385
0.272,1.741,0.823,1.453,1.555,0.272,0.295,1.387
0.273,1.742,0.824,1.456,1.557,0.272,0.296,1.388
0.273,1.743,0.825,1.458,1.558,0.273,0.296,1.39
0.274,1.744,0.825,1.46,1.56,0.273,0.296,1.392
0.274,1.745,0.826,1.462,1.562,0.274,0.296,1.394
0.274,1.746,0.827,1.464,1.564,0.274,0.297,1.395
0.275,1.747,0.828,1.466,1.566,0.275,0.297,1.397
0.275,1.748,0.829,1.467,1.568,0.275,0.297,1.398
0.275,1.749,0.83,1.469,1.569,0.276,0.297,1.4
0.276,1.75,0.83,1.471,1.571,0.276,0.298,1.402
0.276,1.751,0.831,1.473,1.573,0.277,0.298,1.403
0.277,1.752,0.832,1.475,1.575,0.278,0.298,1.405
0.277,1.752,0.833,1.477,1.577,0.278,0.298,1.407
0.277,1.753,0.833,1.479,1.579,0.279,0.299,1.408
0.278,1.754,0.834,1.481,1.581,0.279,0.299,1.41
0.278,1.755,0.835,1.482,1.583,0.28,0.299,1.412
0.278,1.756,0.836,1.484,1.585,0.281,0.299,1.413
0.279,1.756,0.837,1.486,1.586,0.281,0.3,1.415
0.279,1.757,0.838,1.488,1.588,0.281,0.3,1.417
0.28,1.758,0.838,1.49,1.59,0.282,0.3,1.418
0.28,1.759,0.839,1.491,1.592,0.283,0.301,1.42
0.28,1.76,0.84,1.493,1.594,0.283,0.301,1.422
0.281,1.76,0.841,1.495,1.596,0.284,0.301,1.423
0.281,1.761,0.842,1.496,1.598,0.284,0.301,1.425
0.281,1.761,0.842,1.498,1.599,0.285,0.302,1.427
0.282,1.762,0.843,1.5,1.601,0.285,0.302,1.428
0.282,1.763,0.844,1.502,1.603,0.286,0.302,1.43
0.282,1.763,0.845,1.503,1.605,0.286,0.302,1.431
0.283,1.764,0.845,1.505,1.607,0.287,0.303,1.433
0.283,1.765,0.846,1.507,1.609,0.288,0.303,1.435
0.284,1.765,0.847,1.509,1.611,0.288,0.303,1.436
0.284,1.766,0.848,1.51,1.612,0.288,0.304,1.438
0.284,1.766,0.849,1.512,1.614,0.289,0.304,1.439
0.285,1.767,0.849,1.513,1.616,0.29,0.304,1.441
0.285,1.767,0.85,1.515,1.618,0.29,0.304,1.443
0.285,1.768,0.851,1.517,1.62,0.29,0.304,1.445
0.286,1.768,0.852,1.518,1.621,0.291,0.305,1.446
0.286,1.769,0.853,1.52,1.623,0.292,0.305,1.448
0.287,1.769,0.853,1.522,1.625,0.292,0.306,1.449
0.287,1.77,0.854,1.524,1.627,0.293,0.306,1.451
0.287,1.77,0.855,1.525,1.629,0.293,0.306,1.452
0.288,1.771,0.856,1.527,1.63,0.294,0.306,1.454
0.288,1.771,0.856,1.529,1.632,0.294,0.307,1.456
0.289,1.772,0.857,1.53,1.634,0.295,0.307,1.457
0.289,1.772,0.858,1.532,1.636,0.295,0.307,1.459
0.289,1.773,0.859,1.533,1.637,0.296,0.307,1.46
0.29,1.773,0.859,1.535,1.639,0.296,0.308,1.462
0.29,1.774,0.86,1.537,1.641,0.297,0.308,1.463
0.29,1.774,0.861,1.538,1.643,0.297,0.308,1.465
0.29,1.774,0.862,1.54,1.644,0.298,0.308,1.466
0.291,1.775,0.863,1.542,1.646,0.298,0.309,1.468
0.291,1.775,0.863,1.543,1.648,0.299,0.309,1.469
0.292,1.776,0.864,1.545,1.649,0.299,0.309,1.47
0.292,1.776,0.865,1.547,1.651,0.3,0.309,1.472
0.292,1.777,0.866,1.548,1.653,0.3,0.31,1.473
0.293,1.777,0.866,1.55,1.654,0.301,0.31,1.474
0.293,1.777,0.867,1.551,1.656,0.301,0.31,1.476
0.293,1.777,0.868,1.553,1.658,0.302,0.311,1.477
0.294,1.777,0.869,1.555,1.659,0.302,0.311,1.478
0.294,1.777,0.87,1.556,1.661,0.303,0.311,1.479
0.294,1.777,0.87,1.558,1.663,0.303,0.311,1.48
0.295,1.777,0.871,1.559,1.66,0.303,0.311,1.48
0.295,1.774,0.87,1.558,1.663,0.304,0.311,1.48
0.295,1.773,0.871,1.56,1.665,0.304,0.312,1.481
0.295,1.773,0.872,1.562,1.667,0.304,0.312,1.483
0.296,1.772,0.873,1.563,1.668,0.305,0.312,1.483
0.296,1.772,0.873,1.565,1.67,0.305,0.312,1.484
0.296,1.771,0.874,1.566,1.671,0.306,0.313,1.485
0.297,1.77,0.875,1.568,1.673,0.306,0.313,1.486
0.297,1.769,0.876,1.569,1.674,0.307,0.313,1.487
0.297,1.769,0.876,1.571,1.676,0.307,0.313,1.488
0.298,1.768,0.877,1.573,1.677,0.308,0.313,1.489
0.298,1.767,0.878,1.574,1.679,0.308,0.314,1.49
0.298,1.766,0.878,1.576,1.681,0.309,0.314,1.49
0.298,1.766,0.879,1.577,1.682,0.309,0.314,1.491
0.299,1.765,0.88,1.579,1.684,0.309,0.314,1.492
0.299,1.764,0.881,1.58,1.685,0.31,0.315,1.493
0.299,1.764,0.881,1.582,1.686,0.31,0.315,1.493
0.3,1.763,0.882,1.583,1.688,0.311,0.315,1.494
0.3,1.762,0.883,1.585,1.689,0.311,0.315,1.495
0.3,1.761,0.883,1.586,1.691,0.312,0.316,1.496
0.3,1.76,0.884,1.587,1.692,0.312,0.316,1.496
0.301,1.76,0.885,1.589,1.694,0.313,0.316,1.497
0.301,1.759,0.885,1.59,1.695,0.313,0.316,1.498
0.301,1.758,0.886,1.592,1.697,0.314,0.316,1.498
0.301,1.758,0.887,1.593,1.698,0.314,0.317,1.499
0.302,1.757,0.888,1.595,1.7,0.314,0.317,1.499
0.302,1.756,0.888,1.596,1.701,0.315,0.317,1.5
0.302,1.755,0.889,1.598,1.702,0.315,0.317,1.5
0.303,1.755,0.89,1.599,1.704,0.316,0.318,1.501
0.303,1.754,0.89,1.601,1.705,0.316,0.318,1.502
0.303,1.753,0.891,1.602,1.707,0.317,0.318,1.502
0.304,1.752,0.892,1.604,1.708,0.317,0.319,1.503
0.304,1.752,0.892,1.605,1.709,0.317,0.319,1.503
0.304,1.751,0.893,1.606,1.711,0.318,0.319,1.504
0.304,1.75,0.894,1.608,1.712,0.318,0.319,1.504
0.305,1.75,0.895,1.609,1.714,0.319,0.319,1.505
0.305,1.749,0.895,1.611,1.715,0.319,0.32,1.506
0.305,1.749,0.896,1.612,1.716,0.32,0.32,1.507
0.305,1.748,0.897,1.613,1.718,0.32,0.32,1.507
0.306,1.748,0.897,1.615,1.719,0.32,0.32,1.508
0.306,1.747,0.898,1.616,1.72,0.321,0.321,1.509
0.306,1.747,0.899,1.618,1.722,0.321,0.321,1.509
0.307,1.746,0.899,1.619,1.723,0.322,0.321,1.51
0.307,1.746,0.9,1.62,1.725,0.322,0.321,1.511
0.307,1.746,0.901,1.622,1.726,0.323,0.321,1.511
0.307,1.745,0.901,1.623,1.727,0.323,0.321,1.512
0.308,1.745,0.902,1.624,1.729,0.323,0.322,1.512
0.308,1.745,0.903,1.626,1.73,0.324,0.322,1.513
0.308,1.744,0.903,1.627,1.731,0.324,0.322,1.514
0.308,1.744,0.904,1.629,1.732,0.325,0.323,1.514
0.309,1.744,0.905,1.63,1.734,0.325,0.323,1.515
0.309,1.744,0.905,1.631,1.735,0.326,0.323,1.516
0.309,1.744,0.906,1.633,1.736,0.326,0.323,1.517
0.309,1.744,0.907,1.634,1.738,0.326,0.323,1.517
0.31,1.744,0.907,1.635,1.739,0.327,0.324,1.518
0.31,1.744,0.908,1.636,1.74,0.327,0.324,1.519
0.31,1.743,0.909,1.638,1.741,0.328,0.324,1.52
0.31,1.744,0.909,1.639,1.743,0.328,0.324,1.521
0.311,1.744,0.91,1.64,1.744,0.328,0.324,1.521
0.311,1.744,0.911,1.642,1.745,0.329,0.325,1.522
0.311,1.744,0.911,1.643,1.747,0.329,0.325,1.523
0.312,1.746,0.913,1.646,1.751,0.33,0.326,1.526
0.312,1.746,0.914,1.648,1.752,0.331,0.326,1.527
0.312,1.746,0.915,1.649,1.753,0.331,0.326,1.527
0.313,1.746,0.915,1.65,1.754,0.331,0.326,1.528
0.313,1.747,0.916,1.652,1.755,0.332,0.327,1.529
0.313,1.747,0.917,1.653,1.756,0.332,0.327,1.53
0.314,1.746,0.917,1.654,1.758,0.333,0.327,1.53
0.314,1.747,0.918,1.655,1.759,0.333,0.327,1.531
0.314,1.747,0.919,1.657,1.76,0.333,0.327,1.532
0.314,1.747,0.919,1.658,1.762,0.334,0.328,1.533
0.315,1.747,0.92,1.659,1.763,0.334,0.328,1.533
0.315,1.747,0.921,1.661,1.764,0.335,0.328,1.534
0.315,1.747,0.921,1.662,1.765,0.335,0.328,1.535
0.316,1.747,0.922,1.663,1.766,0.335,0.329,1.535
0.316,1.747,0.923,1.665,1.767,0.336,0.329,1.536
0.316,1.747,0.923,1.666,1.769,0.336,0.329,1.537
0.316,1.748,0.924,1.667,1.77,0.337,0.329,1.538
0.317,1.748,0.925,1.668,1.771,0.337,0.33,1.538
0.317,1.748,0.925,1.67,1.773,0.338,0.33,1.539
0.317,1.748,0.926,1.671,1.774,0.338,0.33,1.54
0.318,1.748,0.927,1.672,1.775,0.338,0.33,1.541
0.318,1.749,0.927,1.673,1.776,0.339,0.33,1.542
0.318,1.749,0.928,1.674,1.777,0.339,0.33,1.543
0.318,1.749,0.929,1.676,1.779,0.339,0.331,1.543
0.319,1.749,0.929,1.677,1.78,0.34,0.331,1.544
0.319,1.75,0.93,1.678,1.781,0.34,0.331,1.545
0.319,1.75,0.931,1.679,1.782,0.341,0.331,1.546
0.319,1.75,0.931,1.681,1.783,0.341,0.332,1.546
0.32,1.75,0.932,1.682,1.784,0.341,0.332,1.547
0.32,1.75,0.933,1.683,1.785,0.342,0.332,1.548
0.32,1.75,0.933,1.684,1.786,0.342,0.332,1.549
0.32,1.751,0.934,1.685,1.788,0.343,0.332,1.55
0.321,1.751,0.934,1.687,1.789,0.343,0.333,1.55
0.321,1.751,0.935,1.688,1.79,0.343,0.333,1.551
0.321,1.751,0.936,1.689,1.791,0.344,0.333,1.552
0.322,1.751,0.936,1.69,1.792,0.344,0.333,1.553
0.322,1.752,0.937,1.691,1.793,0.345,0.334,1.554
0.322,1.752,0.938,1.693,1.794,0.345,0.334,1.554
0.322,1.752,0.939,1.694,1.796,0.345,0.334,1.555
0.323,1.752,0.939,1.695,1.797,0.346,0.334,1.556
0.323,1.752,0.94,1.696,1.798,0.346,0.334,1.556
0.323,1.752,0.941,1.697,1.799,0.346,0.335,1.557
0.323,1.752,0.941,1.698,1.8,0.347,0.335,1.558
0.324,1.753,0.942,1.7,1.801,0.347,0.335,1.559
0.324,1.753,0.942,1.701,1.802,0.348,0.335,1.56
0.324,1.753,0.943,1.702,1.803,0.348,0.335,1.56
0.325,1.753,0.944,1.703,1.804,0.348,0.336,1.561
0.325,1.753,0.944,1.704,1.805,0.349,0.336,1.562
0.325,1.753,0.945,1.705,1.807,0.349,0.336,1.562
0.325,1.754,0.946,1.706,1.808,0.35,0.336,1.563
0.326,1.754,0.946,1.708,1.809,0.35,0.336,1.564
0.326,1.754,0.947,1.709,1.81,0.35,0.337,1.565
0.326,1.754,0.948,1.71,1.811,0.351,0.337,1.565
0.327,1.754,0.948,1.711,1.812,0.351,0.337,1.566
0.327,1.754,0.949,1.712,1.813,0.352,0.337,1.567
0.327,1.754,0.95,1.713,1.814,0.352,0.338,1.568
0.327,1.755,0.95,1.714,1.815,0.352,0.338,1.569
0.328,1.755,0.951,1.715,1.816,0.353,0.338,1.569
0.328,1.755,0.951,1.717,1.817,0.353,0.338,1.57
0.328,1.755,0.952,1.718,1.818,0.353,0.338,1.571
0.328,1.755,0.953,1.719,1.819,0.354,0.339,1.571
0.329,1.755,0.953,1.72,1.82,0.354,0.339,1.572
0.329,1.755,0.954,1.721,1.821,0.354,0.339,1.572
0.33,1.755,0.955,1.722,1.818,0.354,0.339,1.571
0.329,1.753,0.954,1.721,1.821,0.355,0.339,1.572
0.329,1.753,0.955,1.722,1.822,0.355,0.339,1.573
0.33,1.753,0.955,1.723,1.823,0.355,0.339,1.573
0.33,1.753,0.956,1.724,1.824,0.356,0.34,1.574
0.33,1.753,0.956,1.725,1.825,0.356,0.34,1.574
0.331,1.753,0.957,1.726,1.826,0.356,0.34,1.575
0.331,1.754,0.958,1.727,1.827,0.357,0.34,1.576
0.331,1.754,0.958,1.728,1.828,0.357,0.34,1.576
0.331,1.754,0.959,1.729,1.829,0.358,0.34,1.577
0.332,1.754,0.96,1.73,1.83,0.358,0.341,1.578
0.332,1.754,0.96,1.731,1.831,0.358,0.341,1.579
0.332,1.754,0.961,1.732,1.832,0.359,0.341,1.579
0.332,1.754,0.961,1.733,1.833,0.359,0.341,1.58
0.333,1.754,0.962,1.734,1.834,0.359,0.341,1.58
0.333,1.754,0.963,1.736,1.835,0.36,0.342,1.581
0.333,1.754,0.963,1.736,1.836,0.36,0.342,1.582
0.333,1.754,0.964,1.737,1.837,0.36,0.342,1.582
0.334,1.755,0.965,1.738,1.838,0.361,0.342,1.583
0.334,1.755,0.965,1.739,1.839,0.361,0.343,1.584
0.334,1.755,0.966,1.74,1.839,0.361,0.343,1.584
0.334,1.755,0.966,1.742,1.841,0.362,0.343,1.585
0.335,1.755,0.967,1.742,1.841,0.362,0.343,1.585
0.335,1.755,0.968,1.744,1.842,0.362,0.343,1.586
0.335,1.755,0.968,1.745,1.843,0.363,0.343,1.586
0.336,1.755,0.969,1.746,1.844,0.363,0.344,1.587
0.336,1.755,0.969,1.746,1.845,0.363,0.344,1.588
0.336,1.755,0.97,1.748,1.846,0.364,0.344,1.588
0.336,1.755,0.971,1.748,1.847,0.364,0.344,1.589
0.337,1.755,0.971,1.749,1.848,0.364,0.344,1.589
0.337,1.755,0.972,1.75,1.849,0.365,0.345,1.59
0.337,1.755,0.972,1.751,1.85,0.365,0.345,1.591
0.337,1.756,0.973,1.752,1.851,0.365,0.345,1.591
0.338,1.756,0.974,1.753,1.851,0.366,0.345,1.592
0.338,1.756,0.974,1.754,1.853,0.366,0.345,1.593
0.338,1.756,0.975,1.755,1.853,0.366,0.346,1.593
0.338,1.756,0.976,1.756,1.855,0.367,0.346,1.594
0.339,1.756,0.976,1.757,1.855,0.367,0.346,1.594
0.339,1.756,0.977,1.758,1.856,0.368,0.346,1.595
0.339,1.756,0.977,1.759,1.857,0.368,0.346,1.595
0.339,1.756,0.978,1.76,1.858,0.368,0.346,1.596
0.34,1.756,0.979,1.761,1.859,0.368,0.347,1.596
0.34,1.756,0.979,1.762,1.86,0.369,0.347,1.597
0.34,1.756,0.98,1.763,1.861,0.369,0.347,1.597
0.34,1.756,0.98,1.764,1.862,0.37,0.347,1.598
0.341,1.756,0.981,1.765,1.862,0.37,0.347,1.599
0.341,1.756,0.981,1.766,1.863,0.37,0.348,1.6
0.341,1.756,0.982,1.767,1.864,0.371,0.348,1.6
0.342,1.757,0.983,1.768,1.865,0.371,0.348,1.6
0.342,1.757,0.983,1.769,1.866,0.371,0.348,1.601
0.342,1.757,0.984,1.77,1.867,0.371,0.348,1.602
0.342,1.757,0.984,1.771,1.868,0.372,0.349,1.602
0.343,1.757,0.985,1.771,1.868,0.372,0.349,1.602
0.343,1.757,0.985,1.772,1.869,0.372,0.349,1.603
0.343,1.757,0.986,1.773,1.87,0.373,0.349,1.603
0.343,1.757,0.987,1.774,1.871,0.373,0.349,1.604
0.344,1.757,0.987,1.775,1.872,0.373,0.349,1.604
0.344,1.757,0.988,1.776,1.872,0.373,0.349,1.605
0.344,1.757,0.988,1.777,1.873,0.374,0.35,1.606
0.344,1.757,0.989,1.778,1.874,0.374,0.35,1.606
0.345,1.757,0.989,1.779,1.875,0.375,0.35,1.606
0.346,1.76,0.991,1.782,1.879,0.375,0.351,1.609
0.345,1.76,0.992,1.783,1.879,0.376,0.351,1.61
0.346,1.76,0.993,1.784,1.88,0.376,0.351,1.61
0.346,1.76,0.993,1.785,1.881,0.376,0.351,1.611
0.346,1.76,0.994,1.786,1.882,0.377,0.352,1.611
0.347,1.76,0.994,1.786,1.883,0.377,0.352,1.612
0.347,1.76,0.995,1.787,1.884,0.377,0.352,1.612
0.347,1.76,0.996,1.788,1.884,0.378,0.352,1.613
0.347,1.76,0.996,1.789,1.885,0.378,0.352,1.613
0.348,1.76,0.997,1.79,1.886,0.378,0.352,1.614
0.348,1.76,0.997,1.791,1.887,0.378,0.353,1.614
0.348,1.76,0.998,1.792,1.888,0.379,0.353,1.615
0.348,1.76,0.999,1.793,1.889,0.379,0.353,1.615
0.349,1.76,0.999,1.794,1.889,0.379,0.353,1.616
0.349,1.76,1.0,1.795,1.89,0.38,0.353,1.616
0.349,1.76,1.0,1.795,1.891,0.38,0.354,1.617
0.349,1.76,1.001,1.796,1.892,0.38,0.354,1.617
0.35,1.76,1.001,1.797,1.893,0.381,0.354,1.618
0.35,1.76,1.002,1.798,1.893,0.381,0.354,1.618
0.35,1.76,1.003,1.799,1.894,0.381,0.354,1.619
0.35,1.76,1.003,1.8,1.895,0.382,0.354,1.619
0.351,1.76,1.004,1.801,1.896,0.382,0.355,1.62
0.351,1.761,1.004,1.802,1.897,0.382,0.355,1.62
0.351,1.761,1.005,1.802,1.898,0.383,0.355,1.62
0.351,1.761,1.006,1.803,1.898,0.383,0.355,1.621
0.352,1.761,1.006,1.804,1.899,0.383,0.355,1.621
0.352,1.761,1.007,1.805,1.9,0.383,0.355,1.622
0.352,1.761,1.007,1.806,1.901,0.384,0.356,1.622
0.353,1.761,1.008,1.807,1.901,0.384,0.356,1.623
0.353,1.761,1.009,1.808,1.902,0.384,0.356,1.623
0.353,1.761,1.009,1.808,1.903,0.385,0.356,1.624
0.353,1.761,1.01,1.809,1.904,0.385,0.356,1.624
0.354,1.761,1.01,1.81,1.905,0.385,0.356,1.625
0.354,1.761,1.011,1.811,1.906,0.386,0.357,1.625
0.354,1.761,1.011,1.812,1.906,0.386,0.357,1.625
0.354,1.761,1.012,1.813,1.907,0.386,0.357,1.626
0.354,1.761,1.013,1.813,1.908,0.386,0.357,1.626
0.355,1.761,1.013,1.814,1.908,0.387,0.358,1.627
0.355,1.761,1.014,1.815,1.909,0.387,0.358,1.628
0.355,1.761,1.014,1.816,1.91,0.387,0.358,1.628
0.355,1.761,1.015,1.817,1.911,0.388,0.358,1.628
0.356,1.761,1.016,1.818,1.911,0.388,0.358,1.628
0.356,1.761,1.016,1.818,1.912,0.388,0.358,1.629
0.356,1.761,1.017,1.819,1.913,0.389,0.359,1.629
0.356,1.761,1.017,1.82,1.914,0.389,0.359,1.63
0.357,1.761,1.018,1.821,1.914,0.389,0.359,1.63
0.357,1.761,1.018,1.822,1.915,0.39,0.359,1.631
0.357,1.761,1.019,1.823,1.916,0.39,0.359,1.631
0.357,1.761,1.019,1.823,1.917,0.39,0.359,1.632
0.358,1.761,1.02,1.824,1.917,0.39,0.36,1.632
0.358,1.761,1.021,1.825,1.918,0.391,0.36,1.632
0.358,1.761,1.021,1.826,1.919,0.391,0.36,1.633
0.358,1.761,1.022,1.826,1.92,0.391,0.36,1.633
0.359,1.761,1.022,1.827,1.92,0.391,0.36,1.634
0.359,1.761,1.023,1.828,1.921,0.392,0.361,1.634
0.359,1.761,1.023,1.829,1.922,0.392,0.361,1.635
0.359,1.761,1.024,1.829,1.923,0.392,0.361,1.635
0.36,1.761,1.024,1.83,1.923,0.393,0.361,1.635
0.36,1.761,1.025,1.831,1.924,0.393,0.361,1.635
0.36,1.761,1.026,1.832,1.925,0.393,0.361,1.636
0.36,1.761,1.026,1.833,1.925,0.393,0.361,1.636
0.361,1.761,1.027,1.833,1.926,0.394,0.362,1.637
0.361,1.761,1.027,1.834,1.927,0.394,0.362,1.637
0.361,1.761,1.028,1.835,1.927,0.394,0.362,1.638
0.361,1.761,1.029,1.836,1.928,0.395,0.362,1.638
0.361,1.761,1.029,1.837,1.929,0.395,0.362,1.638
0.362,1.761,1.03,1.837,1.93,0.395,0.363,1.639
0.362,1.761,1.03,1.838,1.93,0.395,0.363,1.639
0.362,1.761,1.031,1.839,1.931,0.396,0.363,1.639
0.363,1.761,1.031,1.839,1.932,0.396,0.363,1.64
0.363,1.761,1.032,1.84,1.932,0.396,0.363,1.64
0.363,1.761,1.032,1.841,1.933,0.397,0.363,1.641
0.363,1.761,1.033,1.842,1.934,0.397,0.364,1.641
0.363,1.761,1.033,1.843,1.934,0.397,0.364,1.641
0.364,1.761,1.034,1.844,1.935,0.397,0.364,1.642
0.364,1.761,1.035,1.844,1.936,0.398,0.364,1.642
0.364,1.761,1.035,1.845,1.936,0.398,0.364,1.642
0.365,1.761,1.036,1.846,1.937,0.398,0.364,1.643
0.365,1.761,1.036,1.846,1.938,0.399,0.365,1.643
0.365,1.761,1.037,1.847,1.939,0.399,0.365,1.643
0.365,1.761,1.037,1.848,1.939,0.399,0.365,1.643
0.365,1.761,1.038,1.849,1.94,0.399,0.365,1.644
0.366,1.761,1.039,1.849,1.941,0.399,0.365,1.644
0.366,1.761,1.039,1.85,1.941,0.4,0.365,1.645
0.366,1.761,1.04,1.851,1.942,0.4,0.366,1.645
0.366,1.761,1.04,1.852,1.942,0.4,0.366,1.645
0.367,1.761,1.041,1.852,1.943,0.401,0.366,1.646
0.367,1.761,1.041,1.853,1.944,0.401,0.366,1.646
0.367,1.761,1.042,1.854,1.944,0.401,0.366,1.646
0.367,1.761,1.042,1.854,1.945,0.401,0.366,1.647
0.368,1.761,1.043,1.855,1.946,0.402,0.367,1.647
0.368,1.761,1.043,1.856,1.946,0.402,0.367,1.647
0.368,1.761,1.044,1.857,1.947,0.402,0.367,1.648
0.368,1.761,1.045,1.857,1.948,0.402,0.367,1.648
0.368,1.761,1.045,1.858,1.948,0.403,0.367,1.648
0.369,1.761,1.046,1.859,1.949,0.403,0.367,1.649
0.369,1.761,1.046,1.859,1.95,0.403,0.368,1.649
0.369,1.761,1.047,1.86,1.95,0.404,0.368,1.649
0.369,1.761,1.047,1.861,1.951,0.404,0.368,1.65
0.37,1.761,1.048,1.861,1.952,0.404,0.368,1.65
0.37,1.76,1.048,1.862,1.952,0.404,0.368,1.65
0.37,1.76,1.049,1.863,1.953,0.405,0.368,1.65
0.37,1.76,1.049,1.864,1.954,0.405,0.368,1.651
0.371,1.76,1.05,1.865,1.954,0.405,0.369,1.651
0.371,1.76,1.051,1.865,1.955,0.405,0.369,1.652
0.371,1.76,1.051,1.866,1.956,0.406,0.369,1.652
0.371,1.76,1.052,1.867,1.956,0.406,0.369,1.652
0.371,1.76,1.052,1.867,1.957,0.406,0.369,1.653
0.372,1.76,1.053,1.868,1.957,0.406,0.37,1.653
0.372,1.76,1.053,1.869,1.958,0.406,0.37,1.653
0.372,1.76,1.054,1.869,1.958,0.407,0.37,1.653
0.372,1.76,1.054,1.87,1.959,0.407,0.37,1.654
0.373,1.76,1.055,1.871,1.96,0.407,0.37,1.654
0.373,1.76,1.055,1.871,1.961,0.407,0.37,1.654
0.373,1.76,1.056,1.872,1.961,0.408,0.371,1.654
0.373,1.76,1.056,1.873,1.962,0.408,0.371,1.655
0.374,1.76,1.057,1.873,1.962,0.408,0.371,1.655
0.374,1.76,1.058,1.874,1.963,0.408,0.371,1.655
0.374,1.76,1.058,1.875,1.963,0.409,0.371,1.656
0.374,1.76,1.058,1.875,1.964,0.409,0.371,1.656
0.374,1.759,1.059,1.876,1.965,0.409,0.371,1.656
0.375,1.76,1.06,1.877,1.965,0.409,0.372,1.657
0.375,1.76,1.06,1.878,1.966,0.41,0.372,1.657
0.375,1.76,1.061,1.878,1.966,0.41,0.372,1.657
0.375,1.759,1.061,1.879,1.967,0.41,0.372,1.657
0.376,1.759,1.062,1.88,1.968,0.41,0.372,1.657
0.376,1.759,1.062,1.88,1.968,0.411,0.372,1.658
0.376,1.759,1.063,1.881,1.969,0.411,0.373,1.658
0.376,1.759,1.063,1.882,1.97,0.411,0.373,1.658
0.377,1.759,1.064,1.882,1.97,0.411,0.373,1.659
0.377,1.759,1.064,1.883,1.97,0.412,0.373,1.659
0.377,1.759,1.065,1.883,1.971,0.412,0.373,1.659
0.377,1.759,1.066,1.884,1.972,0.412,0.373,1.66
0.377,1.759,1.066,1.885,1.972,0.412,0.374,1.66
0.378,1.759,1.067,1.886,1.973,0.413,0.374,1.66
0.378,1.759,1.067,1.886,1.974,0.413,0.374,1.66
0.378,1.759,1.068,1.887,1.974,0.413,0.374,1.661
0.378,1.759,1.068,1.887,1.975,0.413,0.374,1.661
0.378,1.759,1.069,1.888,1.975,0.414,0.374,1.661
0.379,1.759,1.069,1.889,1.976,0.414,0.374,1.661
0.379,1.759,1.07,1.889,1.976,0.414,0.375,1.661
0.379,1.758,1.07,1.89,1.977,0.414,0.375,1.662
0.379,1.758,1.071,1.891,1.978,0.414,0.375,1.662
0.38,1.758,1.071,1.891,1.978,0.415,0.375,1.662
0.38,1.758,1.072,1.892,1.979,0.415,0.375,1.663
0.38,1.758,1.072,1.893,1.979,0.415,0.375,1.663
0.38,1.758,1.073,1.893,1.98,0.415,0.375,1.663
0.38,1.758,1.073,1.894,1.981,0.416,0.376,1.663
0.381,1.758,1.074,1.895,1.981,0.416,0.376,1.663
0.381,1.758,1.075,1.895,1.982,0.416,0.376,1.664
0.381,1.758,1.075,1.896,1.982,0.416,0.376,1.664
0.381,1.757,1.075,1.896,1.983,0.417,0.376,1.664
0.382,1.757,1.076,1.897,1.983,0.417,0.376,1.664
0.382,1.757,1.076,1.897,1.984,0.417,0.377,1.665
0.382,1.757,1.077,1.898,1.984,0.417,0.377,1.664
0.382,1.757,1.078,1.899,1.985,0.417,0.377,1.665
0.382,1.757,1.078,1.899,1.985,0.417,0.377,1.665
0.383,1.757,1.079,1.9,1.986,0.418,0.377,1.665
0.383,1.757,1.079,1.901,1.986,0.418,0.377,1.666
0.383,1.757,1.08,1.901,1.987,0.418,0.378,1.666
0.383,1.757,1.08,1.902,1.988,0.419,0.378,1.666
0.384,1.757,1.081,1.902,1.988,0.419,0.378,1.666
0.384,1.757,1.081,1.903,1.989,0.419,0.378,1.666
0.384,1.757,1.082,1.904,1.989,0.419,0.378,1.667
0.384,1.756,1.082,1.904,1.99,0.419,0.378,1.667
0.384,1.756,1.083,1.905,1.99,0.42,0.378,1.667
0.384,1.756,1.083,1.905,1.991,0.42,0.378,1.667
0.385,1.756,1.084,1.906,1.991,0.42,0.379,1.667
0.385,1.756,1.084,1.907,1.992,0.42,0.379,1.668
0.385,1.756,1.085,1.907,1.992,0.42,0.379,1.668
0.385,1.756,1.085,1.908,1.993,0.421,0.379,1.668
0.386,1.756,1.086,1.909,1.993,0.421,0.379,1.668
0.386,1.755,1.086,1.909,1.994,0.421,0.379,1.668
0.386,1.755,1.087,1.91,1.995,0.421,0.379,1.669
0.386,1.755,1.087,1.91,1.995,0.421,0.38,1.669
0.386,1.755,1.088,1.911,1.996,0.422,0.38,1.669
0.387,1.755,1.088,1.911,1.996,0.422,0.38,1.669
0.387,1.755,1.089,1.912,1.997,0.422,0.38,1.67
0.387,1.755,1.089,1.913,1.997,0.422,0.38,1.67
0.387,1.755,1.09,1.913,1.998,0.423,0.38,1.67
0.388,1.755,1.09,1.914,1.998,0.423,0.381,1.67
0.388,1.755,1.091,1.914,1.999,0.423,0.381,1.67
0.388,1.754,1.091,1.915,1.999,0.423,0.381,1.671
0.388,1.754,1.092,1.916,2.0,0.423,0.381,1.671
0.389,1.754,1.092,1.916,2.0,0.424,0.381,1.671
0.389,1.754,1.093,1.917,2.001,0.424,0.381,1.671
0.389,1.754,1.093,1.917,2.001,0.424,0.381,1.671
0.389,1.754,1.094,1.918,2.002,0.424,0.382,1.671
0.389,1.754,1.094,1.919,2.002,0.424,0.382,1.671
0.39,1.754,1.095,1.919,2.003,0.425,0.382,1.672
0.39,1.753,1.095,1.92,2.003,0.425,0.382,1.672
0.39,1.753,1.096,1.92,2.004,0.425,0.382,1.672
0.39,1.753,1.096,1.921,2.004,0.425,0.382,1.672
0.39,1.753,1.097,1.921,2.005,0.425,0.382,1.672
0.39,1.753,1.097,1.922,2.005,0.426,0.383,1.672
0.391,1.753,1.098,1.922,2.006,0.426,0.383,1.673
0.391,1.753,1.098,1.923,2.006,0.426,0.383,1.673
0.391,1.753,1.099,1.924,2.007,0.426,0.383,1.673
0.391,1.753,1.099,1.924,2.007,0.426,0.383,1.673
0.391,1.752,1.1,1.925,2.008,0.427,0.383,1.674
0.392,1.752,1.1,1.925,2.008,0.427,0.384,1.674
0.392,1.752,1.101,1.926,2.009,0.427,0.384,1.674
0.392,1.752,1.101,1.926,2.009,0.427,0.384,1.674
0.392,1.752,1.102,1.927,2.01,0.427,0.384,1.674
0.392,1.752,1.102,1.927,2.01,0.428,0.384,1.674
0.393,1.751,1.103,1.928,2.011,0.428,0.384,1.675
0.393,1.751,1.103,1.929,2.011,0.428,0.384,1.675
0.393,1.751,1.104,1.929,2.011,0.428,0.384,1.675
0.393,1.751,1.104,1.93,2.012,0.428,0.385,1.675
0.393,1.751,1.105,1.93,2.012,0.428,0.385,1.675
0.394,1.751,1.105,1.931,2.013,0.429,0.385,1.676
0.394,1.751,1.106,1.931,2.014,0.429,0.385,1.676
0.394,1.751,1.106,1.932,2.014,0.429,0.385,1.676
0.394,1.751,1.107,1.932,2.015,0.429,0.385,1.676
0.395,1.75,1.107,1.933,2.015,0.429,0.385,1.676
0.395,1.75,1.108,1.933,2.015,0.43,0.386,1.676
0.395,1.75,1.108,1.934,2.016,0.43,0.386,1.677
0.395,1.75,1.109,1.935,2.016,0.43,0.386,1.677
0.395,1.75,1.109,1.935,2.017,0.43,0.386,1.677
0.396,1.75,1.109,1.936,2.017,0.43,0.386,1.677
0.396,1.75,1.11,1.936,2.018,0.431,0.386,1.677
0.396,1.749,1.11,1.937,2.018,0.431,0.386,1.677
0.396,1.749,1.111,1.937,2.018,0.431,0.386,1.678
0.396,1.749,1.112,1.938,2.019,0.431,0.387,1.678
0.397,1.749,1.112,1.938,2.02,0.431,0.387,1.678
0.397,1.749,1.112,1.939,2.02,0.431,0.387,1.678
0.397,1.749,1.113,1.94,2.02,0.432,0.387,1.678
0.397,1.749,1.114,1.94,2.021,0.432,0.387,1.678
0.397,1.749,1.114,1.94,2.022,0.432,0.387,1.678
0.398,1.748,1.115,1.941,2.022,0.432,0.387,1.679
0.398,1.748,1.115,1.942,2.022,0.432,0.387,1.679
0.398,1.748,1.116,1.942,2.023,0.433,0.388,1.679
0.398,1.748,1.116,1.943,2.023,0.433,0.388,1.679
0.398,1.748,1.116,1.943,2.024,0.433,0.388,1.679
0.399,1.748,1.117,1.944,2.024,0.433,0.388,1.68
0.399,1.748,1.117,1.944,2.024,0.433,0.388,1.68
0.399,1.748,1.118,1.945,2.025,0.433,0.388,1.68
0.399,1.747,1.118,1.945,2.025,0.434,0.389,1.68
0.399,1.747,1.119,1.946,2.026,0.434,0.389,1.68
0.4,1.747,1.119,1.946,2.026,0.434,0.389,1.68
0.4,1.747,1.12,1.947,2.027,0.434,0.389,1.681
0.4,1.747,1.12,1.947,2.027,0.434,0.389,1.681
0.4,1.747,1.121,1.948,2.028,0.435,0.389,1.681
0.4,1.747,1.121,1.948,2.028,0.435,0.389,1.681
0.401,1.746,1.122,1.949,2.028,0.435,0.39,1.681
0.401,1.747,1.122,1.949,2.029,0.435,0.39,1.681
0.401,1.746,1.123,1.95,2.03,0.435,0.39,1.681
0.401,1.746,1.123,1.95,2.03,0.435,0.39,1.682
0.401,1.746,1.124,1.951,2.03,0.435,0.39,1.682
0.402,1.746,1.124,1.951,2.031,0.436,0.39,1.682
0.402,1.746,1.125,1.952,2.031,0.436,0.39,1.682
0.402,1.746,1.125,1.952,2.032,0.436,0.39,1.682
0.402,1.746,1.126,1.953,2.032,0.436,0.391,1.682
0.402,1.745,1.126,1.953,2.033,0.436,0.391,1.683
0.402,1.745,1.127,1.954,2.033,0.437,0.391,1.683
0.403,1.745,1.127,1.954,2.033,0.437,0.391,1.683
0.403,1.745,1.128,1.955,2.034,0.437,0.391,1.683
0.403,1.745,1.128,1.955,2.034,0.437,0.391,1.683
0.403,1.745,1.128,1.956,2.035,0.437,0.391,1.683
0.403,1.744,1.129,1.956,2.035,0.437,0.391,1.684
0.404,1.744,1.129,1.957,2.036,0.437,0.392,1.684
0.404,1.744,1.13,1.957,2.036,0.438,0.392,1.684
0.404,1.744,1.13,1.958,2.036,0.438,0.392,1.684
0.404,1.744,1.131,1.958,2.037,0.438,0.392,1.684
0.404,1.744,1.131,1.959,2.037,0.438,0.392,1.684
0.404,1.744,1.132,1.96,2.038,0.438,0.392,1.685
0.405,1.744,1.132,1.96,2.038,0.438,0.392,1.685
0.405,1.744,1.133,1.961,2.038,0.438,0.393,1.685
0.405,1.744,1.133,1.961,2.039,0.439,0.392,1.685
0.405,1.743,1.134,1.961,2.039,0.439,0.393,1.685
0.405,1.743,1.134,1.962,2.04,0.439,0.393,1.686
0.406,1.743,1.135,1.962,2.04,0.439,0.393,1.685
0.406,1.743,1.135,1.963,2.04,0.439,0.393,1.686
0.406,1.743,1.136,1.963,2.041,0.44,0.393,1.686
0.406,1.742,1.136,1.964,2.041,0.44,0.393,1.686
0.407,1.742,1.137,1.964,2.042,0.44,0.394,1.686
0.407,1.742,1.137,1.965,2.042,0.44,0.394,1.686
0.407,1.742,1.137,1.965,2.043,0.44,0.394,1.687
0.407,1.742,1.138,1.966,2.043,0.44,0.394,1.687
0.407,1.742,1.138,1.966,2.043,0.44,0.394,1.687
0.407,1.742,1.139,1.967,2.044,0.44,0.394,1.687
0.408,1.742,1.139,1.967,2.044,0.441,0.394,1.687
0.408,1.742,1.14,1.968,2.045,0.441,0.394,1.687
0.408,1.741,1.14,1.968,2.045,0.441,0.395,1.688
0.408,1.741,1.141,1.969,2.045,0.441,0.395,1.688
0.408,1.741,1.141,1.969,2.046,0.441,0.395,1.688
0.408,1.741,1.142,1.969,2.046,0.441,0.395,1.688
0.409,1.741,1.142,1.97,2.047,0.442,0.395,1.688
0.409,1.741,1.143,1.971,2.047,0.442,0.395,1.688
0.409,1.741,1.143,1.971,2.048,0.442,0.395,1.688
0.409,1.74,1.144,1.972,2.048,0.442,0.395,1.689
0.409,1.74,1.144,1.972,2.048,0.442,0.396,1.689
0.41,1.741,1.145,1.972,2.049,0.442,0.396,1.689
0.41,1.74,1.145,1.973,2.049,0.443,0.396,1.689
0.41,1.74,1.145,1.973,2.049,0.443,0.396,1.689
0.41,1.74,1.146,1.974,2.05,0.443,0.396,1.69
0.41,1.74,1.146,1.974,2.05,0.443,0.396,1.689
0.411,1.74,1.147,1.975,2.051,0.443,0.396,1.69
0.411,1.739,1.147,1.975,2.051,0.443,0.396,1.69
0.411,1.739,1.148,1.976,2.052,0.443,0.397,1.69
0.411,1.739,1.148,1.976,2.052,0.443,0.397,1.69
0.411,1.739,1.149,1.977,2.052,0.444,0.397,1.69
0.412,1.739,1.149,1.977,2.053,0.444,0.397,1.691
0.412,1.739,1.15,1.978,2.053,0.444,0.397,1.691
0.412,1.739,1.15,1.978,2.053,0.444,0.397,1.691
0.412,1.738,1.151,1.979,2.054,0.444,0.397,1.691
0.412,1.738,1.151,1.979,2.054,0.444,0.397,1.691
0.413,1.738,1.151,1.979,2.055,0.445,0.398,1.691
0.413,1.738,1.152,1.98,2.055,0.445,0.398,1.691
0.413,1.738,1.152,1.98,2.055,0.445,0.398,1.691
0.413,1.738,1.153,1.981,2.056,0.445,0.398,1.692
0.413,1.738,1.153,1.981,2.056,0.445,0.398,1.692
0.413,1.738,1.154,1.982,2.056,0.445,0.398,1.692
0.414,1.738,1.154,1.982,2.057,0.445,0.398,1.692
0.414,1.738,1.155,1.983,2.057,0.445,0.399,1.692
0.414,1.737,1.155,1.983,2.058,0.445,0.399,1.693
0.414,1.737,1.156,1.984,2.058,0.446,0.399,1.693
0.415,1.737,1.156,1.984,2.058,0.446,0.399,1.693
0.415,1.737,1.157,1.985,2.059,0.446,0.399,1.693
0.415,1.737,1.157,1.985,2.059,0.446,0.399,1.693
0.415,1.736,1.158,1.985,2.06,0.446,0.399,1.693
0.415,1.736,1.158,1.986,2.06,0.446,0.399,1.693
0.415,1.736,1.159,1.986,2.06,0.446,0.4,1.693
0.416,1.736,1.159,1.987,2.061,0.447,0.4,1.694
0.416,1.736,1.159,1.987,2.061,0.447,0.4,1.694
0.416,1.736,1.16,1.988,2.061,0.447,0.4,1.694
0.416,1.736,1.16,1.988,2.062,0.447,0.4,1.694
0.416,1.735,1.161,1.988,2.062,0.447,0.4,1.694
0.416,1.735,1.161,1.989,2.063,0.447,0.4,1.694
0.417,1.735,1.162,1.989,2.063,0.447,0.4,1.694
0.417,1.735,1.162,1.99,2.063,0.448,0.4,1.695
0.417,1.735,1.162,1.99,2.064,0.448,0.4,1.695
0.417,1.735,1.163,1.991,2.064,0.448,0.401,1.695
0.417,1.735,1.164,1.991,2.064,0.448,0.401,1.695
0.417,1.734,1.164,1.992,2.065,0.448,0.401,1.695
0.418,1.734,1.164,1.992,2.065,0.448,0.401,1.695
0.418,1.734,1.165,1.992,2.065,0.448,0.401,1.695
0.418,1.734,1.165,1.993,2.066,0.448,0.401,1.695
0.418,1.734,1.166,1.993,2.066,0.449,0.401,1.696
0.418,1.734,1.166,1.994,2.067,0.449,0.401,1.695
0.419,1.734,1.167,1.994,2.067,0.449,0.402,1.696
0.419,1.734,1.167,1.994,2.067,0.449,0.402,1.696
0.419,1.733,1.168,1.995,2.067,0.449,0.402,1.696
0.419,1.733,1.168,1.996,2.068,0.449,0.402,1.696
0.419,1.733,1.168,1.996,2.068,0.449,0.402,1.696
0.419,1.733,1.169,1.996,2.069,0.449,0.402,1.696
0.42,1.733,1.169,1.997,2.069,0.449,0.402,1.697
0.42,1.733,1.17,1.997,2.069,0.45,0.402,1.697
0.42,1.732,1.17,1.998,2.07,0.45,0.402,1.697
0.42,1.732,1.171,1.998,2.07,0.45,0.403,1.697
0.421,1.732,1.171,1.999,2.07,0.45,0.403,1.697
0.421,1.732,1.172,1.999,2.071,0.45,0.403,1.697
0.421,1.732,1.172,1.999,2.071,0.45,0.403,1.698
0.421,1.732,1.172,2.0,2.071,0.45,0.403,1.698
0.421,1.732,1.173,2.0,2.072,0.45,0.403,1.697
0.421,1.732,1.173,2.0,2.072,0.451,0.403,1.698
0.422,1.731,1.174,2.001,2.072,0.451,0.403,1.698
0.422,1.731,1.174,2.001,2.073,0.451,0.403,1.698
0.422,1.731,1.175,2.002,2.073,0.451,0.404,1.698
0.422,1.731,1.175,2.002,2.073,0.451,0.404,1.698
0.422,1.731,1.176,2.003,2.074,0.451,0.404,1.698
0.422,1.73,1.176,2.003,2.074,0.451,0.404,1.699
0.423,1.73,1.177,2.004,2.074,0.451,0.404,1.699
0.423,1.73,1.177,2.004,2.075,0.451,0.404,1.699
0.423,1.73,1.177,2.004,2.075,0.452,0.404,1.699
0.423,1.73,1.178,2.005,2.076,0.452,0.404,1.699
0.423,1.73,1.178,2.005,2.076,0.452,0.405,1.699
0.424,1.73,1.179,2.005,2.076,0.452,0.405,1.699
0.424,1.73,1.179,2.006,2.077,0.452,0.405,1.699
0.424,1.729,1.18,2.006,2.077,0.452,0.405,1.7
0.424,1.729,1.18,2.007,2.077,0.452,0.405,1.7
0.424,1.729,1.18,2.007,2.078,0.452,0.405,1.7
0.424,1.729,1.181,2.008,2.078,0.453,0.405,1.7
0.425,1.729,1.182,2.008,2.078,0.453,0.405,1.7
0.425,1.729,1.182,2.008,2.079,0.453,0.406,1.7
0.425,1.729,1.182,2.009,2.079,0.453,0.406,1.7
0.425,1.728,1.183,2.009,2.079,0.453,0.406,1.7
0.425,1.728,1.183,2.01,2.08,0.453,0.406,1.7
0.425,1.728,1.184,2.01,2.08,0.453,0.406,1.701
0.426,1.728,1.184,2.011,2.08,0.453,0.406,1.701
0.426,1.728,1.185,2.011,2.081,0.453,0.406,1.701
0.426,1.728,1.185,2.011,2.081,0.453,0.406,1.701
0.426,1.727,1.186,2.012,2.081,0.454,0.406,1.701
0.426,1.727,1.186,2.012,2.082,0.454,0.407,1.701
0.427,1.727,1.186,2.013,2.082,0.454,0.407,1.701
0.427,1.727,1.187,2.013,2.082,0.454,0.407,1.701
0.427,1.727,1.187,2.013,2.083,0.454,0.407,1.702
0.427,1.727,1.188,2.014,2.083,0.454,0.407,1.701
0.427,1.727,1.188,2.014,2.083,0.454,0.407,1.702
0.427,1.726,1.189,2.015,2.084,0.454,0.407,1.702
0.428,1.726,1.189,2.015,2.084,0.454,0.407,1.702
0.428,1.726,1.189,2.015,2.084,0.454,0.407,1.702
0.428,1.726,1.19,2.016,2.085,0.455,0.408,1.702
0.428,1.726,1.19,2.016,2.085,0.455,0.408,1.702
0.428,1.726,1.191,2.017,2.085,0.455,0.408,1.702
0.428,1.725,1.191,2.017,2.086,0.455,0.408,1.702
0.429,1.725,1.192,2.017,2.086,0.455,0.408,1.703
0.429,1.725,1.192,2.018,2.086,0.455,0.408,1.702
0.429,1.725,1.192,2.018,2.086,0.455,0.408,1.703
0.429,1.725,1.193,2.018,2.087,0.455,0.408,1.703
0.429,1.724,1.193,2.019,2.087,0.455,0.409,1.703
0.429,1.725,1.194,2.019,2.088,0.455,0.409,1.703
0.43,1.724,1.194,2.02,2.088,0.456,0.409,1.703
0.43,1.724,1.195,2.02,2.088,0.456,0.409,1.703
0.43,1.724,1.195,2.02,2.088,0.456,0.409,1.703
0.43,1.724,1.196,2.021,2.089,0.456,0.409,1.703
0.43,1.724,1.196,2.021,2.089,0.456,0.409,1.703
0.431,1.724,1.196,2.021,2.089,0.456,0.409,1.703
0.431,1.723,1.197,2.022,2.09,0.456,0.409,1.704
0.431,1.723,1.197,2.022,2.09,0.456,0.409,1.704
0.431,1.723,1.198,2.023,2.09,0.456,0.41,1.704
0.431,1.723,1.198,2.023,2.091,0.456,0.41,1.704
0.431,1.723,1.198,2.024,2.091,0.456,0.41,1.704
0.431,1.722,1.199,2.024,2.091,0.457,0.41,1.704
0.432,1.722,1.2,2.024,2.092,0.457,0.41,1.704
0.432,1.722,1.2,2.025,2.092,0.457,0.41,1.704
0.432,1.722,1.2,2.025,2.092,0.457,0.41,1.704
0.432,1.722,1.201,2.025,2.092,0.457,0.41,1.704
0.432,1.722,1.201,2.026,2.093,0.457,0.41,1.705
0.433,1.721,1.202,2.026,2.093,0.457,0.411,1.704
0.433,1.721,1.202,2.026,2.093,0.457,0.411,1.705
0.433,1.721,1.202,2.027,2.094,0.457,0.411,1.705
0.433,1.721,1.203,2.027,2.094,0.457,0.411,1.705
0.433,1.721,1.203,2.028,2.094,0.457,0.411,1.705
0.433,1.721,1.204,2.028,2.095,0.458,0.411,1.705
0.433,1.721,1.204,2.028,2.095,0.458,0.411,1.705
0.434,1.72,1.205,2.029,2.095,0.458,0.411,1.705
0.434,1.72,1.205,2.029,2.096,0.458,0.411,1.705
0.434,1.72,1.206,2.029,2.096,0.458,0.411,1.705
0.434,1.72,1.206,2.03,2.096,0.458,0.412,1.706
0.434,1.72,1.206,2.03,2.097,0.458,0.412,1.706
0.435,1.72,1.207,2.031,2.097,0.458,0.412,1.706
0.435,1.719,1.207,2.031,2.097,0.458,0.412,1.706
0.435,1.719,1.208,2.032,2.097,0.458,0.412,1.706
0.435,1.719,1.208,2.032,2.098,0.458,0.412,1.706
0.435,1.719,1.209,2.032,2.098,0.458,0.412,1.706
0.435,1.719,1.209,2.033,2.098,0.459,0.413,1.706
0.436,1.718,1.209,2.033,2.098,0.459,0.413,1.706
0.436,1.718,1.21,2.033,2.099,0.459,0.413,1.706
0.436,1.718,1.21,2.034,2.099,0.459,0.413,1.706
0.436,1.718,1.211,2.034,2.1,0.459,0.413,1.706
0.436,1.718,1.211,2.034,2.1,0.459,0.413,1.706
0.436,1.718,1.212,2.035,2.1,0.459,0.413,1.707
0.437,1.718,1.212,2.035,2.1,0.459,0.413,1.707
0.437,1.717,1.212,2.036,2.101,0.459,0.414,1.707
0.437,1.717,1.213,2.036,2.101,0.459,0.414,1.707
0.437,1.717,1.213,2.036,2.101,0.459,0.413,1.707
0.437,1.717,1.214,2.036,2.102,0.459,0.414,1.707
0.437,1.716,1.214,2.037,2.102,0.46,0.414,1.707
0.438,1.716,1.215,2.037,2.102,0.46,0.414,1.707
0.438,1.716,1.215,2.038,2.103,0.46,0.414,1.707
0.438,1.716,1.215,2.038,2.103,0.46,0.414,1.707
0.438,1.716,1.216,2.038,2.103,0.46,0.414,1.707
0.438,1.716,1.216,2.039,2.103,0.46,0.414,1.707
0.438,1.716,1.217,2.039,2.104,0.46,0.414,1.708
0.439,1.715,1.217,2.039,2.104,0.46,0.414,1.708
0.439,1.715,1.218,2.04,2.104,0.46,0.415,1.708
0.439,1.715,1.218,2.04,2.104,0.46,0.415,1.708
0.439,1.715,1.218,2.04,2.105,0.46,0.415,1.708
0.439,1.715,1.219,2.041,2.105,0.46,0.415,1.708
0.439,1.714,1.219,2.041,2.105,0.46,0.415,1.708
0.44,1.714,1.22,2.042,2.106,0.46,0.415,1.708
0.44,1.714,1.22,2.042,2.106,0.461,0.415,1.708
0.44,1.714,1.22,2.042,2.106,0.461,0.415,1.708
0.44,1.714,1.221,2.043,2.106,0.461,0.415,1.708
0.44,1.714,1.221,2.043,2.107,0.461,0.416,1.708
0.44,1.714,1.222,2.043,2.107,0.461,0.416,1.708
0.441,1.713,1.222,2.044,2.107,0.461,0.416,1.709
0.441,1.713,1.223,2.044,2.108,0.461,0.416,1.709
0.441,1.713,1.223,2.044,2.108,0.461,0.416,1.709
0.441,1.713,1.223,2.045,2.108,0.461,0.416,1.709
0.441,1.712,1.224,2.045,2.108,0.461,0.416,1.709
0.441,1.712,1.224,2.045,2.109,0.461,0.416,1.709
0.442,1.712,1.225,2.046,2.109,0.461,0.416,1.709
0.442,1.712,1.225,2.046,2.109,0.461,0.416,1.709
0.442,1.712,1.225,2.046,2.109,0.461,0.417,1.709
0.442,1.711,1.226,2.047,2.11,0.461,0.417,1.709
0.442,1.711,1.226,2.047,2.11,0.462,0.417,1.709
0.442,1.711,1.227,2.047,2.11,0.462,0.417,1.709
0.443,1.711,1.227,2.048,2.11,0.462,0.417,1.709
0.443,1.711,1.227,2.048,2.111,0.462,0.417,1.709
0.443,1.711,1.228,2.049,2.111,0.462,0.417,1.709
0.443,1.71,1.228,2.049,2.111,0.462,0.417,1.709
0.443,1.71,1.229,2.049,2.111,0.462,0.417,1.71
0.443,1.71,1.229,2.05,2.112,0.462,0.417,1.709
0.444,1.71,1.23,2.05,2.112,0.462,0.417,1.71
0.444,1.71,1.23,2.05,2.112,0.462,0.418,1.71
0.444,1.709,1.23,2.05,2.113,0.462,0.418,1.71
0.444,1.709,1.231,2.051,2.113,0.462,0.418,1.71
0.444,1.709,1.231,2.051,2.113,0.462,0.418,1.71
0.444,1.709,1.232,2.052,2.113,0.462,0.418,1.71
0.445,1.709,1.232,2.052,2.114,0.462,0.418,1.71
0.445,1.708,1.232,2.052,2.114,0.463,0.418,1.71
0.445,1.708,1.233,2.052,2.114,0.463,0.418,1.71
0.445,1.708,1.233,2.053,2.115,0.463,0.418,1.71
0.445,1.708,1.234,2.053,2.115,0.463,0.419,1.71
0.445,1.708,1.234,2.054,2.115,0.463,0.419,1.71
0.445,1.708,1.234,2.054,2.115,0.463,0.419,1.71
0.446,1.708,1.235,2.054,2.115,0.463,0.419,1.71
0.446,1.707,1.235,2.055,2.116,0.463,0.419,1.71
0.446,1.707,1.236,2.055,2.116,0.463,0.419,1.71
0.446,1.707,1.236,2.055,2.116,0.463,0.419,1.71
0.446,1.707,1.237,2.055,2.116,0.463,0.419,1.71
0.446,1.707,1.237,2.056,2.117,0.463,0.419,1.711
0.447,1.706,1.237,2.056,2.117,0.463,0.419,1.711
0.447,1.706,1.238,2.056,2.117,0.463,0.42,1.711
0.447,1.706,1.238,2.057,2.117,0.463,0.42,1.711
0.447,1.706,1.238,2.057,2.118,0.463,0.42,1.711
0.447,1.706,1.239,2.058,2.118,0.463,0.42,1.711
0.447,1.705,1.239,2.058,2.118,0.463,0.42,1.711
0.447,1.705,1.24,2.058,2.119,0.463,0.42,1.711
0.448,1.705,1.24,2.059,2.119,0.464,0.42,1.711
0.448,1.705,1.24,2.059,2.119,0.464,0.42,1.711
0.448,1.705,1.241,2.059,2.119,0.464,0.42,1.711
0.448,1.704,1.241,2.06,2.12,0.464,0.42,1.711
0.448,1.704,1.242,2.06,2.12,0.464,0.42,1.711
0.448,1.704,1.242,2.06,2.12,0.464,0.42,1.711
0.449,1.704,1.243,2.06,2.12,0.464,0.421,1.711
0.449,1.704,1.243,2.061,2.121,0.464,0.421,1.711
0.449,1.703,1.243,2.061,2.121,0.464,0.421,1.711
0.449,1.704,1.244,2.062,2.121,0.464,0.421,1.711
0.449,1.703,1.244,2.062,2.121,0.464,0.421,1.712
0.449,1.703,1.245,2.062,2.122,0.464,0.421,1.711
0.449,1.703,1.245,2.062,2.122,0.464,0.421,1.712
0.45,1.703,1.245,2.063,2.122,0.464,0.421,1.712
0.45,1.703,1.246,2.063,2.122,0.464,0.422,1.712
0.45,1.702,1.246,2.063,2.123,0.464,0.422,1.712
0.45,1.702,1.247,2.064,2.123,0.464,0.422,1.712
0.45,1.702,1.247,2.064,2.123,0.464,0.422,1.712
0.451,1.702,1.247,2.064,2.123,0.464,0.422,1.712
0.451,1.702,1.248,2.065,2.124,0.464,0.422,1.712
0.451,1.701,1.248,2.065,2.124,0.464,0.422,1.712
0.451,1.701,1.249,2.065,2.124,0.465,0.422,1.712
0.451,1.701,1.249,2.066,2.124,0.465,0.422,1.712
0.451,1.701,1.249,2.066,2.125,0.464,0.422,1.712
0.451,1.701,1.25,2.066,2.125,0.465,0.423,1.712
0.451,1.701,1.25,2.067,2.125,0.465,0.422,1.712
0.452,1.7,1.251,2.067,2.125,0.465,0.423,1.712
0.452,1.7,1.251,2.067,2.125,0.465,0.423,1.713
0.452,1.7,1.251,2.067,2.126,0.465,0.423,1.713
0.452,1.7,1.252,2.068,2.126,0.465,0.423,1.713
0.452,1.7,1.252,2.068,2.126,0.465,0.423,1.713
0.452,1.7,1.253,2.069,2.127,0.465,0.423,1.713
0.453,1.699,1.253,2.069,2.127,0.465,0.423,1.713
0.453,1.699,1.253,2.069,2.127,0.465,0.423,1.713
0.453,1.699,1.254,2.069,2.127,0.465,0.424,1.713
0.453,1.699,1.254,2.07,2.128,0.465,0.424,1.713
0.453,1.699,1.255,2.07,2.128,0.465,0.424,1.713
0.453,1.699,1.255,2.07,2.128,0.465,0.424,1.713
0.454,1.699,1.256,2.071,2.128,0.465,0.424,1.713
0.454,1.698,1.256,2.071,2.129,0.465,0.424,1.713
0.454,1.698,1.256,2.071,2.129,0.465,0.424,1.713
0.454,1.698,1.257,2.072,2.129,0.465,0.424,1.714
0.454,1.698,1.257,2.072,2.129,0.465,0.424,1.714
0.454,1.698,1.257,2.072,2.129,0.465,0.424,1.714
0.454,1.698,1.258,2.072,2.13,0.465,0.424,1.714
0.455,1.697,1.258,2.073,2.13,0.466,0.424,1.714
0.455,1.697,1.258,2.073,2.13,0.466,0.425,1.714
0.455,1.697,1.259,2.073,2.13,0.466,0.425,1.714
0.455,1.697,1.259,2.074,2.13,0.466,0.425,1.714
0.455,1.697,1.26,2.074,2.131,0.466,0.425,1.714
0.455,1.697,1.26,2.074,2.131,0.466,0.425,1.714
0.455,1.696,1.26,2.075,2.131,0.466,0.425,1.714
0.456,1.696,1.261,2.075,2.132,0.466,0.425,1.714
0.456,1.696,1.261,2.075,2.132,0.466,0.425,1.714
0.456,1.696,1.262,2.076,2.132,0.466,0.425,1.714
0.456,1.696,1.262,2.076,2.132,0.466,0.426,1.715
0.456,1.696,1.263,2.076,2.132,0.466,0.426,1.715
0.457,1.695,1.263,2.076,2.133,0.466,0.426,1.714
0.457,1.695,1.263,2.077,2.133,0.466,0.426,1.714
0.457,1.695,1.264,2.077,2.133,0.466,0.426,1.715
0.457,1.695,1.264,2.077,2.133,0.466,0.426,1.715
0.457,1.695,1.265,2.078,2.134,0.466,0.426,1.715
0.457,1.694,1.265,2.078,2.134,0.466,0.426,1.715
0.457,1.694,1.265,2.078,2.134,0.466,0.426,1.715
0.458,1.694,1.266,2.079,2.134,0.466,0.426,1.715
0.458,1.694,1.266,2.079,2.135,0.466,0.426,1.715
0.458,1.694,1.266,2.079,2.135,0.466,0.427,1.715
0.458,1.694,1.267,2.08,2.135,0.466,0.427,1.715
0.458,1.694,1.267,2.08,2.135,0.466,0.427,1.715
0.458,1.693,1.268,2.08,2.135,0.466,0.427,1.715
0.458,1.693,1.268,2.08,2.136,0.466,0.427,1.715
0.459,1.693,1.268,2.081,2.136,0.466,0.427,1.715
0.459,1.693,1.269,2.081,2.136,0.466,0.427,1.715
0.459,1.693,1.269,2.081,2.136,0.466,0.427,1.715
0.459,1.693,1.27,2.082,2.137,0.466,0.427,1.715
0.459,1.693,1.27,2.082,2.137,0.466,0.427,1.715
0.459,1.692,1.27,2.082,2.137,0.466,0.427,1.716
0.459,1.692,1.271,2.082,2.137,0.467,0.428,1.715
0.46,1.692,1.271,2.083,2.137,0.467,0.428,1.716
0.46,1.692,1.271,2.083,2.138,0.467,0.428,1.716
0.46,1.692,1.272,2.083,2.138,0.467,0.428,1.716
0.46,1.692,1.272,2.084,2.138,0.467,0.428,1.716
0.46,1.692,1.273,2.084,2.138,0.467,0.428,1.716
0.46,1.691,1.273,2.084,2.139,0.467,0.428,1.716
0.461,1.691,1.274,2.085,2.139,0.467,0.428,1.716
0.461,1.691,1.274,2.085,2.139,0.467,0.428,1.716
0.461,1.691,1.275,2.085,2.139,0.467,0.428,1.716
0.461,1.691,1.275,2.085,2.139,0.467,0.428,1.716
0.461,1.691,1.275,2.086,2.14,0.467,0.429,1.716
0.461,1.69,1.276,2.086,2.14,0.467,0.429,1.716
0.462,1.69,1.276,2.087,2.14,0.467,0.429,1.716
0.462,1.69,1.276,2.087,2.14,0.467,0.429,1.716
0.462,1.69,1.277,2.087,2.141,0.467,0.429,1.716
0.462,1.69,1.277,2.087,2.141,0.467,0.429,1.716
0.462,1.689,1.277,2.088,2.141,0.467,0.429,1.717
0.462,1.689,1.278,2.088,2.141,0.467,0.429,1.717
0.462,1.689,1.278,2.088,2.141,0.467,0.429,1.717
0.462,1.689,1.279,2.088,2.142,0.467,0.429,1.717
0.463,1.689,1.279,2.089,2.142,0.467,0.43,1.717
0.463,1.689,1.279,2.089,2.142,0.467,0.43,1.717
0.463,1.688,1.28,2.089,2.142,0.467,0.43,1.717
0.463,1.688,1.28,2.09,2.142,0.467,0.43,1.717
0.463,1.688,1.28,2.09,2.143,0.467,0.43,1.717
0.464,1.688,1.281,2.09,2.143,0.467,0.43,1.717
0.464,1.688,1.281,2.09,2.143,0.467,0.43,1.717
0.464,1.688,1.282,2.09,2.143,0.467,0.43,1.717
0.464,1.688,1.282,2.091,2.144,0.467,0.43,1.717
0.464,1.687,1.282,2.091,2.144,0.467,0.43,1.717
0.464,1.687,1.283,2.092,2.144,0.467,0.43,1.717
0.464,1.687,1.283,2.092,2.144,0.467,0.43,1.717
0.464,1.687,1.283,2.092,2.144,0.467,0.431,1.717
0.465,1.687,1.284,2.092,2.144,0.467,0.431,1.717
0.465,1.687,1.284,2.093,2.145,0.467,0.431,1.717
0.465,1.686,1.285,2.093,2.145,0.467,0.431,1.717
0.465,1.686,1.285,2.093,2.145,0.467,0.431,1.717
0.465,1.686,1.285,2.093,2.145,0.467,0.431,1.717
0.465,1.686,1.286,2.094,2.145,0.467,0.431,1.718
0.466,1.686,1.286,2.094,2.146,0.467,0.431,1.718
0.466,1.686,1.287,2.094,2.146,0.467,0.431,1.718
0.466,1.685,1.287,2.095,2.146,0.467,0.431,1.718
0.466,1.685,1.287,2.095,2.146,0.467,0.431,1.718
0.466,1.685,1.288,2.095,2.146,0.467,0.432,1.718
0.466,1.685,1.288,2.095,2.147,0.468,0.432,1.718
0.466,1.685,1.289,2.096,2.147,0.468,0.432,1.718
0.466,1.685,1.289,2.096,2.147,0.467,0.432,1.718
0.467,1.684,1.289,2.096,2.147,0.468,0.432,1.718
0.467,1.684,1.29,2.097,2.147,0.467,0.432,1.718
0.467,1.684,1.29,2.097,2.148,0.467,0.432,1.718
0.467,1.684,1.29,2.097,2.148,0.468,0.432,1.718
0.467,1.684,1.291,2.097,2.148,0.468,0.432,1.718
0.467,1.684,1.291,2.098,2.149,0.468,0.432,1.718
0.467,1.684,1.291,2.098,2.149,0.468,0.432,1.718
0.468,1.683,1.292,2.098,2.149,0.468,0.433,1.718
0.468,1.683,1.292,2.098,2.149,0.468,0.433,1.718
0.468,1.683,1.293,2.099,2.149,0.468,0.433,1.718
0.468,1.683,1.293,2.099,2.149,0.468,0.433,1.719
0.468,1.683,1.293,2.099,2.15,0.468,0.433,1.718
0.468,1.683,1.294,2.099,2.15,0.468,0.433,1.719
0.468,1.682,1.294,2.1,2.15,0.468,0.433,1.719
0.469,1.682,1.294,2.1,2.15,0.468,0.433,1.719
0.469,1.682,1.295,2.1,2.15,0.468,0.433,1.719
0.469,1.682,1.295,2.101,2.151,0.468,0.433,1.719
0.469,1.682,1.296,2.101,2.151,0.468,0.433,1.718
0.469,1.682,1.296,2.101,2.151,0.468,0.434,1.719
0.469,1.682,1.296,2.101,2.151,0.468,0.434,1.719
0.47,1.681,1.297,2.102,2.151,0.468,0.434,1.719
0.47,1.681,1.297,2.102,2.152,0.468,0.434,1.719
0.47,1.681,1.297,2.102,2.152,0.468,0.434,1.719
0.47,1.681,1.298,2.102,2.152,0.468,0.434,1.719
0.47,1.681,1.298,2.103,2.152,0.468,0.434,1.719
0.47,1.681,1.299,2.103,2.152,0.468,0.434,1.719
0.47,1.68,1.299,2.103,2.153,0.468,0.434,1.719
0.471,1.68,1.299,2.104,2.153,0.468,0.434,1.719
0.471,1.68,1.3,2.104,2.153,0.468,0.434,1.719
0.471,1.68,1.3,2.104,2.153,0.468,0.434,1.719
0.471,1.68,1.3,2.104,2.153,0.468,0.435,1.719
0.471,1.68,1.301,2.105,2.154,0.468,0.435,1.719
0.471,1.68,1.301,2.105,2.154,0.468,0.435,1.72
0.471,1.679,1.302,2.105,2.154,0.468,0.435,1.72
0.471,1.679,1.302,2.105,2.154,0.468,0.435,1.72
0.472,1.679,1.302,2.106,2.154,0.468,0.435,1.72
0.472,1.679,1.303,2.106,2.155,0.468,0.435,1.719
0.472,1.679,1.303,2.106,2.155,0.468,0.435,1.72
0.472,1.679,1.303,2.106,2.155,0.468,0.435,1.72
0.472,1.679,1.304,2.107,2.155,0.468,0.435,1.72
0.472,1.678,1.304,2.107,2.155,0.468,0.435,1.72
0.473,1.678,1.305,2.107,2.155,0.468,0.435,1.72
0.473,1.678,1.305,2.107,2.155,0.468,0.435,1.72
0.473,1.678,1.305,2.108,2.156,0.468,0.436,1.72
0.473,1.678,1.306,2.108,2.156,0.468,0.436,1.72
0.473,1.678,1.306,2.108,2.156,0.468,0.436,1.72
0.473,1.677,1.306,2.108,2.156,0.468,0.436,1.72
0.473,1.677,1.307,2.109,2.156,0.468,0.436,1.72
0.474,1.677,1.307,2.109,2.157,0.468,0.436,1.72
0.474,1.677,1.307,2.109,2.157,0.468,0.436,1.72
0.474,1.677,1.308,2.11,2.157,0.468,0.436,1.72
0.474,1.677,1.308,2.11,2.157,0.468,0.436,1.72
0.474,1.677,1.309,2.11,2.157,0.468,0.437,1.72
0.474,1.677,1.309,2.11,2.158,0.468,0.437,1.721
0.474,1.676,1.309,2.11,2.157,0.468,0.437,1.721
0.475,1.676,1.31,2.111,2.158,0.468,0.437,1.72
0.475,1.676,1.31,2.111,2.158,0.468,0.437,1.721
0.475,1.676,1.31,2.111,2.158,0.468,0.437,1.721
0.475,1.676,1.311,2.112,2.159,0.468,0.437,1.721
0.475,1.676,1.311,2.112,2.159,0.468,0.437,1.721
0.475,1.676,1.312,2.112,2.159,0.468,0.437,1.721
0.476,1.675,1.312,2.112,2.159,0.468,0.437,1.721
0.475,1.675,1.312,2.113,2.159,0.468,0.437,1.721
0.476,1.675,1.313,2.113,2.159,0.468,0.437,1.721
0.476,1.675,1.313,2.113,2.16,0.468,0.437,1.721
0.476,1.675,1.313,2.113,2.16,0.468,0.437,1.721
0.476,1.675,1.314,2.113,2.16,0.468,0.438,1.721
0.476,1.675,1.314,2.114,2.16,0.468,0.438,1.721
0.476,1.675,1.315,2.114,2.16,0.468,0.438,1.721
0.477,1.674,1.315,2.114,2.16,0.468,0.438,1.721
0.477,1.674,1.315,2.115,2.161,0.468,0.438,1.721
0.477,1.674,1.316,2.115,2.161,0.468,0.438,1.721
0.477,1.674,1.316,2.115,2.161,0.468,0.438,1.721
0.477,1.674,1.316,2.115,2.161,0.468,0.438,1.721
0.477,1.674,1.317,2.116,2.161,0.468,0.438,1.721
0.477,1.673,1.317,2.116,2.161,0.468,0.438,1.721
0.477,1.673,1.317,2.116,2.162,0.468,0.438,1.722
0.478,1.673,1.318,2.116,2.162,0.468,0.439,1.722
0.478,1.673,1.318,2.117,2.162,0.468,0.439,1.722
0.478,1.673,1.318,2.117,2.162,0.468,0.439,1.722
0.478,1.673,1.319,2.117,2.162,0.468,0.439,1.722
0.478,1.673,1.319,2.117,2.162,0.468,0.439,1.722
0.478,1.673,1.319,2.118,2.163,0.468,0.439,1.722
0.479,1.672,1.32,2.118,2.163,0.468,0.439,1.722
0.479,1.672,1.32,2.118,2.163,0.468,0.439,1.722
0.479,1.672,1.321,2.118,2.163,0.468,0.439,1.722
0.479,1.672,1.321,2.118,2.164,0.468,0.439,1.722
0.479,1.672,1.321,2.119,2.164,0.468,0.439,1.722
0.479,1.672,1.322,2.119,2.164,0.468,0.439,1.722
0.48,1.672,1.322,2.119,2.164,0.468,0.44,1.722
0.48,1.672,1.322,2.12,2.164,0.468,0.44,1.722
0.48,1.672,1.323,2.12,2.164,0.468,0.44,1.723
0.48,1.672,1.323,2.12,2.165,0.468,0.44,1.722
0.48,1.671,1.324,2.121,2.165,0.468,0.44,1.723
0.48,1.671,1.324,2.121,2.165,0.468,0.44,1.722
0.48,1.671,1.324,2.121,2.165,0.468,0.44,1.723
0.48,1.671,1.325,2.121,2.165,0.467,0.44,1.723
0.481,1.671,1.325,2.122,2.165,0.467,0.44,1.723
0.481,1.671,1.325,2.122,2.166,0.468,0.44,1.723
0.481,1.67,1.326,2.122,2.166,0.468,0.44,1.723
0.481,1.67,1.326,2.122,2.166,0.468,0.441,1.723
0.481,1.67,1.327,2.122,2.166,0.468,0.44,1.723
0.481,1.67,1.327,2.122,2.166,0.467,0.441,1.723
0.481,1.67,1.327,2.123,2.166,0.468,0.441,1.723
0.482,1.67,1.328,2.123,2.167,0.468,0.441,1.723
0.482,1.67,1.328,2.123,2.167,0.468,0.441,1.723
0.482,1.67,1.328,2.124,2.167,0.468,0.441,1.723
0.482,1.67,1.329,2.124,2.167,0.468,0.441,1.724
0.482,1.669,1.329,2.124,2.167,0.468,0.441,1.723
0.482,1.669,1.329,2.124,2.167,0.468,0.441,1.723
0.482,1.669,1.33,2.125,2.168,0.467,0.441,1.723
0.482,1.669,1.33,2.125,2.168,0.467,0.441,1.724
0.483,1.669,1.331,2.125,2.168,0.467,0.441,1.724
0.483,1.669,1.331,2.125,2.168,0.468,0.442,1.724
0.483,1.669,1.331,2.126,2.168,0.467,0.442,1.724
0.483,1.669,1.332,2.126,2.169,0.467,0.442,1.724
0.483,1.668,1.332,2.126,2.169,0.467,0.442,1.724
0.483,1.668,1.332,2.126,2.169,0.467,0.442,1.724
0.483,1.668,1.333,2.126,2.169,0.467,0.442,1.724
0.484,1.668,1.333,2.127,2.169,0.467,0.442,1.724
0.484,1.668,1.333,2.127,2.17,0.467,0.442,1.724
0.484,1.668,1.334,2.127,2.17,0.467,0.442,1.724
0.484,1.668,1.334,2.127,2.17,0.467,0.442,1.724
0.484,1.667,1.335,2.128,2.17,0.467,0.442,1.724
0.484,1.667,1.335,2.128,2.17,0.467,0.442,1.724
0.484,1.667,1.335,2.128,2.17,0.467,0.443,1.724
0.485,1.667,1.336,2.128,2.17,0.467,0.443,1.724
0.485,1.667,1.336,2.129,2.17,0.467,0.443,1.724
0.485,1.667,1.336,2.129,2.171,0.467,0.443,1.724
0.485,1.667,1.336,2.129,2.171,0.467,0.443,1.724
0.485,1.667,1.337,2.129,2.171,0.467,0.443,1.725
0.485,1.667,1.337,2.13,2.171,0.467,0.443,1.724
0.486,1.667,1.338,2.13,2.171,0.467,0.443,1.725
0.485,1.666,1.338,2.13,2.172,0.467,0.443,1.724
0.486,1.666,1.339,2.13,2.172,0.467,0.443,1.725
0.486,1.666,1.339,2.131,2.172,0.467,0.443,1.725
0.486,1.666,1.339,2.131,2.172,0.467,0.443,1.725
0.486,1.666,1.34,2.131,2.172,0.467,0.444,1.725
0.486,1.666,1.34,2.131,2.172,0.467,0.444,1.725
0.486,1.666,1.34,2.132,2.173,0.467,0.444,1.725
0.487,1.666,1.341,2.132,2.173,0.467,0.444,1.725
0.487,1.665,1.341,2.132,2.173,0.467,0.444,1.725
0.487,1.665,1.341,2.132,2.173,0.467,0.444,1.725
0.487,1.665,1.342,2.133,2.173,0.467,0.444,1.725
0.487,1.665,1.342,2.133,2.173,0.467,0.444,1.725
0.487,1.665,1.342,2.133,2.174,0.467,0.444,1.725
0.487,1.665,1.343,2.133,2.174,0.467,0.444,1.725
0.487,1.665,1.343,2.134,2.174,0.467,0.444,1.725
0.488,1.665,1.344,2.134,2.174,0.467,0.444,1.725
0.488,1.665,1.344,2.134,2.174,0.467,0.445,1.725
0.488,1.664,1.344,2.134,2.174,0.467,0.445,1.725
0.488,1.664,1.345,2.134,2.175,0.467,0.445,1.725
0.488,1.664,1.345,2.135,2.175,0.467,0.445,1.725
0.488,1.664,1.345,2.135,2.175,0.467,0.445,1.726
0.489,1.664,1.346,2.135,2.175,0.467,0.445,1.726
0.489,1.664,1.346,2.136,2.175,0.467,0.445,1.726
0.489,1.663,1.346,2.136,2.175,0.467,0.445,1.726
0.489,1.664,1.347,2.136,2.175,0.467,0.445,1.726
0.489,1.663,1.347,2.136,2.176,0.467,0.445,1.726
0.489,1.663,1.347,2.136,2.176,0.467,0.445,1.726
0.489,1.663,1.348,2.137,2.176,0.467,0.445,1.726
0.489,1.663,1.348,2.137,2.176,0.467,0.445,1.726
0.49,1.663,1.348,2.137,2.176,0.467,0.446,1.726
0.49,1.663,1.349,2.137,2.176,0.467,0.446,1.726
0.49,1.663,1.349,2.138,2.177,0.467,0.446,1.726
0.49,1.662,1.349,2.138,2.177,0.467,0.446,1.726
0.49,1.662,1.35,2.138,2.177,0.466,0.446,1.726
0.49,1.662,1.35,2.138,2.177,0.467,0.446,1.726
0.49,1.662,1.351,2.138,2.177,0.466,0.446,1.726
0.491,1.662,1.351,2.139,2.178,0.466,0.446,1.726
0.491,1.662,1.351,2.139,2.178,0.467,0.446,1.726
0.491,1.662,1.352,2.139,2.178,0.467,0.446,1.727
0.491,1.662,1.352,2.139,2.178,0.467,0.446,1.726
0.491,1.662,1.352,2.14,2.178,0.466,0.446,1.727
0.491,1.661,1.353,2.14,2.178,0.466,0.447,1.726
0.492,1.661,1.353,2.14,2.178,0.467,0.447,1.726
0.492,1.661,1.353,2.14,2.179,0.466,0.447,1.726
0.492,1.661,1.354,2.141,2.179,0.466,0.447,1.727
0.492,1.661,1.354,2.141,2.179,0.466,0.447,1.727
0.492,1.661,1.354,2.141,2.179,0.466,0.447,1.727
0.492,1.661,1.355,2.141,2.179,0.466,0.447,1.727
0.492,1.661,1.355,2.141,2.179,0.466,0.447,1.727
0.492,1.66,1.356,2.142,2.179,0.466,0.447,1.727
0.492,1.66,1.356,2.142,2.18,0.466,0.447,1.727
0.493,1.66,1.356,2.142,2.18,0.466,0.447,1.727
0.493,1.66,1.357,2.142,2.18,0.466,0.447,1.727
0.493,1.66,1.357,2.142,2.18,0.466,0.448,1.727
0.493,1.66,1.357,2.143,2.18,0.466,0.448,1.727
0.493,1.66,1.358,2.143,2.18,0.466,0.448,1.727
0.493,1.66,1.358,2.143,2.181,0.466,0.448,1.727
0.493,1.659,1.358,2.144,2.181,0.466,0.448,1.727
0.494,1.659,1.358,2.144,2.181,0.466,0.448,1.727
0.494,1.659,1.359,2.144,2.181,0.466,0.448,1.727
0.494,1.659,1.359,2.144,2.181,0.466,0.448,1.727
0.494,1.659,1.36,2.144,2.181,0.466,0.448,1.727
0.494,1.659,1.36,2.144,2.181,0.466,0.448,1.727
0.494,1.659,1.36,2.144,2.181,0.466,0.448,1.727
0.494,1.659,1.361,2.145,2.182,0.466,0.448,1.727
0.495,1.658,1.361,2.145,2.182,0.466,0.448,1.727
0.495,1.658,1.361,2.145,2.182,0.466,0.448,1.727
0.495,1.658,1.362,2.146,2.182,0.466,0.449,1.728
0.495,1.658,1.362,2.146,2.182,0.466,0.449,1.728
0.495,1.658,1.362,2.146,2.182,0.466,0.449,1.727
0.495,1.658,1.363,2.146,2.183,0.466,0.449,1.727
0.495,1.657,1.363,2.146,2.183,0.466,0.449,1.728
0.496,1.657,1.363,2.147,2.183,0.466,0.449,1.727
0.496,1.657,1.364,2.147,2.183,0.466,0.449,1.727
0.496,1.657,1.364,2.147,2.183,0.466,0.449,1.728
0.496,1.657,1.364,2.147,2.183,0.466,0.449,1.728
0.496,1.657,1.365,2.147,2.183,0.466,0.449,1.728
0.496,1.657,1.365,2.148,2.184,0.466,0.45,1.728
0.496,1.656,1.365,2.148,2.183,0.465,0.449,1.727
0.496,1.657,1.366,2.148,2.184,0.465,0.45,1.728
0.497,1.656,1.366,2.148,2.184,0.465,0.45,1.728
0.497,1.656,1.366,2.148,2.184,0.465,0.45,1.728
0.497,1.656,1.367,2.149,2.184,0.465,0.45,1.728
0.497,1.656,1.367,2.149,2.184,0.465,0.45,1.728
0.497,1.656,1.367,2.149,2.184,0.465,0.45,1.728
0.497,1.656,1.368,2.149,2.184,0.465,0.45,1.728
0.497,1.655,1.368,2.15,2.185,0.465,0.45,1.728
0.497,1.655,1.369,2.15,2.185,0.465,0.45,1.728
0.498,1.655,1.369,2.15,2.185,0.465,0.45,1.728
0.498,1.655,1.369,2.15,2.185,0.465,0.45,1.728
0.498,1.655,1.37,2.15,2.185,0.465,0.45,1.728
0.498,1.655,1.37,2.151,2.185,0.465,0.45,1.728
0.498,1.655,1.37,2.151,2.185,0.465,0.45,1.728
0.498,1.654,1.371,2.151,2.186,0.465,0.451,1.728
0.498,1.654,1.371,2.151,2.186,0.465,0.451,1.728
0.499,1.654,1.371,2.151,2.186,0.465,0.451,1.728
0.499,1.654,1.372,2.152,2.186,0.465,0.451,1.728
0.499,1.654,1.372,2.152,2.186,0.465,0.451,1.728
0.499,1.654,1.372,2.152,2.186,0.465,0.451,1.728
0.499,1.654,1.373,2.152,2.187,0.465,0.451,1.728
0.499,1.654,1.373,2.153,2.187,0.465,0.451,1.728
0.499,1.653,1.373,2.153,2.187,0.465,0.451,1.728
0.5,1.653,1.374,2.153,2.187,0.465,0.451,1.728
0.5,1.653,1.374,2.153,2.187,0.465,0.451,1.728
0.5,1.653,1.374,2.153,2.187,0.465,0.451,1.728
0.5,1.653,1.375,2.154,2.187,0.465,0.451,1.728
0.5,1.652,1.375,2.154,2.188,0.465,0.451,1.728
0.5,1.652,1.375,2.154,2.188,0.465,0.452,1.728
0.5,1.652,1.376,2.154,2.188,0.465,0.452,1.728
0.5,1.652,1.376,2.154,2.188,0.465,0.452,1.728
0.501,1.652,1.376,2.155,2.188,0.465,0.452,1.729
0.501,1.652,1.377,2.155,2.188,0.465,0.452,1.728
0.501,1.652,1.377,2.155,2.188,0.464,0.452,1.728
0.501,1.652,1.377,2.155,2.189,0.464,0.452,1.728
0.501,1.652,1.378,2.155,2.188,0.464,0.452,1.729
0.501,1.651,1.378,2.155,2.189,0.464,0.452,1.728
0.501,1.651,1.379,2.156,2.189,0.464,0.452,1.728
0.501,1.651,1.379,2.156,2.189,0.464,0.453,1.728
0.502,1.651,1.379,2.156,2.189,0.464,0.453,1.728
0.502,1.651,1.379,2.156,2.189,0.464,0.453,1.729
0.502,1.651,1.38,2.157,2.19,0.464,0.453,1.728
0.502,1.651,1.38,2.157,2.189,0.464,0.453,1.728
0.502,1.65,1.38,2.157,2.19,0.464,0.453,1.729
0.502,1.65,1.381,2.157,2.19,0.464,0.453,1.729
0.502,1.65,1.381,2.157,2.19,0.464,0.453,1.729
0.503,1.65,1.381,2.158,2.19,0.464,0.453,1.729
0.503,1.65,1.382,2.158,2.19,0.464,0.453,1.729
0.503,1.65,1.382,2.158,2.19,0.464,0.453,1.729
0.503,1.65,1.382,2.158,2.19,0.464,0.453,1.729
0.503,1.649,1.383,2.159,2.191,0.464,0.453,1.729
0.503,1.65,1.383,2.159,2.191,0.464,0.454,1.729
0.503,1.649,1.383,2.159,2.191,0.464,0.454,1.729
0.503,1.649,1.384,2.159,2.191,0.464,0.454,1.729
0.503,1.649,1.384,2.159,2.191,0.464,0.454,1.729
0.504,1.649,1.384,2.159,2.191,0.464,0.454,1.729
0.504,1.649,1.385,2.16,2.191,0.464,0.454,1.729
0.504,1.649,1.385,2.16,2.191,0.464,0.454,1.729
0.504,1.648,1.385,2.16,2.191,0.464,0.454,1.729
0.504,1.648,1.386,2.16,2.192,0.464,0.454,1.729
0.504,1.648,1.386,2.16,2.192,0.463,0.454,1.729
0.504,1.648,1.387,2.161,2.192,0.464,0.454,1.729
0.505,1.648,1.387,2.161,2.192,0.463,0.454,1.729
0.505,1.648,1.387,2.161,2.192,0.463,0.454,1.729
0.505,1.648,1.387,2.161,2.192,0.463,0.454,1.729
0.505,1.648,1.388,2.161,2.192,0.463,0.455,1.729
0.505,1.648,1.388,2.162,2.193,0.463,0.455,1.729
0.505,1.647,1.389,2.162,2.193,0.463,0.455,1.729
0.505,1.647,1.389,2.162,2.193,0.463,0.455,1.729
0.506,1.647,1.389,2.162,2.193,0.463,0.455,1.729
0.505,1.647,1.39,2.162,2.193,0.463,0.455,1.729
0.506,1.647,1.39,2.163,2.193,0.463,0.455,1.729
0.506,1.647,1.39,2.163,2.193,0.463,0.455,1.729
0.506,1.647,1.391,2.163,2.193,0.463,0.455,1.729
0.506,1.647,1.391,2.163,2.194,0.463,0.455,1.729
0.506,1.646,1.391,2.163,2.194,0.463,0.455,1.729
0.506,1.646,1.391,2.164,2.194,0.463,0.455,1.729
0.507,1.646,1.392,2.164,2.194,0.463,0.455,1.729
0.507,1.646,1.392,2.164,2.194,0.463,0.455,1.729
0.507,1.646,1.392,2.164,2.194,0.463,0.456,1.73
0.507,1.646,1.393,2.165,2.194,0.463,0.456,1.73
0.507,1.646,1.393,2.165,2.194,0.463,0.456,1.729
0.507,1.646,1.393,2.165,2.194,0.463,0.456,1.729
0.507,1.645,1.394,2.165,2.195,0.463,0.456,1.729
0.508,1.646,1.394,2.165,2.195,0.463,0.456,1.73
0.508,1.645,1.394,2.165,2.195,0.463,0.456,1.73
0.508,1.645,1.395,2.165,2.195,0.463,0.456,1.73
0.508,1.645,1.395,2.166,2.195,0.462,0.456,1.73
0.508,1.645,1.396,2.166,2.195,0.462,0.456,1.73
0.508,1.645,1.396,2.166,2.195,0.462,0.456,1.73
0.508,1.645,1.396,2.166,2.196,0.462,0.456,1.73
0.508,1.645,1.397,2.167,2.196,0.462,0.456,1.73
0.509,1.645,1.397,2.167,2.196,0.462,0.457,1.73
0.509,1.644,1.397,2.167,2.196,0.462,0.457,1.73
0.509,1.645,1.397,2.167,2.196,0.462,0.457,1.73
0.509,1.644,1.398,2.167,2.196,0.462,0.457,1.73
0.509,1.644,1.398,2.167,2.196,0.462,0.457,1.73
0.509,1.644,1.398,2.168,2.196,0.462,0.457,1.73
0.509,1.644,1.399,2.168,2.196,0.462,0.457,1.73
0.509,1.644,1.399,2.168,2.197,0.462,0.457,1.73
0.509,1.644,1.4,2.168,2.197,0.462,0.457,1.73
0.509,1.644,1.4,2.168,2.197,0.462,0.457,1.73
0.51,1.644,1.4,2.169,2.197,0.462,0.457,1.73
0.51,1.644,1.401,2.169,2.197,0.462,0.457,1.73
0.51,1.644,1.401,2.169,2.197,0.462,0.457,1.73
0.51,1.643,1.401,2.169,2.197,0.462,0.458,1.73
0.51,1.643,1.401,2.169,2.197,0.462,0.457,1.73
0.51,1.643,1.402,2.17,2.198,0.462,0.458,1.73
0.51,1.643,1.402,2.17,2.198,0.462,0.458,1.73
0.511,1.643,1.402,2.17,2.198,0.462,0.458,1.73
0.511,1.643,1.403,2.17,2.198,0.461,0.458,1.731
0.511,1.643,1.403,2.17,2.198,0.462,0.458,1.731
0.511,1.643,1.403,2.17,2.198,0.462,0.458,1.731
0.511,1.643,1.404,2.171,2.198,0.461,0.458,1.731
0.511,1.643,1.404,2.171,2.198,0.461,0.458,1.731
0.511,1.643,1.405,2.171,2.199,0.461,0.458,1.731
0.511,1.642,1.405,2.171,2.199,0.461,0.458,1.73
0.512,1.642,1.405,2.171,2.199,0.461,0.458,1.731
0.512,1.642,1.405,2.171,2.199,0.461,0.458,1.731
0.512,1.642,1.406,2.172,2.199,0.461,0.458,1.731
0.512,1.642,1.406,2.172,2.199,0.461,0.458,1.731
0.512,1.642,1.406,2.172,2.199,0.461,0.458,1.731
0.512,1.642,1.407,2.172,2.199,0.461,0.459,1.731
0.512,1.642,1.407,2.173,2.199,0.461,0.459,1.731
0.512,1.642,1.407,2.173,2.2,0.461,0.459,1.731
0.513,1.642,1.408,2.173,2.2,0.461,0.459,1.731
0.513,1.642,1.408,2.173,2.2,0.461,0.459,1.731
0.513,1.641,1.408,2.174,2.2,0.461,0.459,1.731
0.513,1.641,1.409,2.174,2.2,0.461,0.459,1.731
0.513,1.641,1.409,2.174,2.2,0.461,0.459,1.731
0.513,1.641,1.409,2.174,2.2,0.461,0.459,1.732
0.513,1.641,1.41,2.174,2.2,0.461,0.459,1.731
0.513,1.641,1.41,2.174,2.2,0.461,0.459,1.732
0.514,1.641,1.41,2.174,2.201,0.461,0.459,1.732
0.514,1.641,1.411,2.175,2.201,0.46,0.459,1.732
0.514,1.641,1.411,2.175,2.201,0.46,0.459,1.732
0.514,1.641,1.411,2.175,2.201,0.461,0.459,1.732
0.514,1.641,1.412,2.175,2.201,0.461,0.46,1.732
0.514,1.641,1.412,2.176,2.201,0.46,0.46,1.732
0.514,1.64,1.413,2.176,2.201,0.46,0.46,1.732
0.515,1.64,1.413,2.176,2.201,0.46,0.46,1.732
0.515,1.64,1.413,2.176,2.202,0.46,0.46,1.732
0.515,1.64,1.413,2.176,2.202,0.46,0.46,1.732
0.515,1.64,1.414,2.176,2.202,0.46,0.46,1.732
0.515,1.64,1.414,2.176,2.202,0.46,0.46,1.732
0.515,1.64,1.414,2.177,2.202,0.46,0.46,1.732
0.515,1.64,1.415,2.177,2.202,0.46,0.46,1.732
0.515,1.64,1.415,2.177,2.202,0.46,0.46,1.732
0.516,1.64,1.415,2.177,2.202,0.46,0.46,1.732
0.516,1.64,1.416,2.177,2.202,0.46,0.46,1.732
0.516,1.639,1.416,2.178,2.203,0.46,0.46,1.732
0.516,1.639,1.416,2.178,2.203,0.46,0.46,1.732
0.516,1.639,1.416,2.178,2.203,0.46,0.461,1.732
0.516,1.639,1.417,2.178,2.203,0.46,0.461,1.732
0.516,1.639,1.417,2.178,2.203,0.46,0.461,1.732
0.516,1.639,1.418,2.178,2.203,0.46,0.461,1.732
0.516,1.639,1.418,2.179,2.203,0.46,0.461,1.732
0.517,1.639,1.418,2.179,2.203,0.459,0.461,1.733
0.517,1.639,1.419,2.179,2.203,0.459,0.461,1.733
0.517,1.639,1.419,2.179,2.203,0.459,0.461,1.733
0.517,1.639,1.419,2.179,2.204,0.459,0.461,1.733
0.517,1.639,1.419,2.179,2.204,0.459,0.461,1.733
0.517,1.639,1.42,2.18,2.204,0.459,0.461,1.733
0.517,1.638,1.42,2.18,2.204,0.459,0.461,1.733
0.517,1.639,1.421,2.18,2.204,0.459,0.461,1.733
0.518,1.638,1.421,2.18,2.204,0.459,0.461,1.733
0.518,1.638,1.421,2.181,2.204,0.459,0.462,1.733
0.518,1.638,1.422,2.181,2.204,0.459,0.462,1.733
0.518,1.638,1.422,2.181,2.205,0.459,0.462,1.733
0.518,1.638,1.422,2.181,2.205,0.459,0.462,1.733
0.518,1.638,1.422,2.181,2.205,0.459,0.462,1.733
0.518,1.638,1.423,2.181,2.205,0.459,0.462,1.733
0.518,1.638,1.423,2.182,2.205,0.459,0.462,1.733
0.518,1.638,1.423,2.182,2.205,0.459,0.462,1.733
0.519,1.638,1.424,2.182,2.205,0.459,0.462,1.733
0.519,1.638,1.424,2.182,2.205,0.459,0.462,1.733
0.519,1.637,1.425,2.182,2.205,0.459,0.462,1.733
0.519,1.638,1.425,2.182,2.205,0.459,0.462,1.733
0.519,1.637,1.425,2.182,2.206,0.459,0.462,1.733
0.519,1.637,1.425,2.183,2.206,0.459,0.462,1.734
0.519,1.637,1.426,2.183,2.206,0.458,0.462,1.733
0.52,1.637,1.426,2.183,2.206,0.459,0.463,1.733
0.52,1.637,1.426,2.183,2.206,0.458,0.463,1.734
0.52,1.637,1.427,2.183,2.206,0.458,0.463,1.734
0.52,1.637,1.427,2.184,2.206,0.458,0.463,1.734
0.52,1.637,1.427,2.184,2.206,0.458,0.463,1.734
0.52,1.637,1.428,2.184,2.206,0.458,0.463,1.734
0.52,1.637,1.428,2.184,2.206,0.458,0.463,1.733
0.52,1.637,1.428,2.184,2.207,0.458,0.463,1.734
0.52,1.637,1.429,2.184,2.207,0.458,0.463,1.734
0.521,1.637,1.429,2.185,2.207,0.458,0.463,1.734
0.521,1.637,1.429,2.185,2.207,0.458,0.463,1.734
0.521,1.636,1.43,2.185,2.207,0.458,0.463,1.734
0.521,1.636,1.43,2.185,2.207,0.458,0.463,1.734
0.521,1.636,1.43,2.186,2.207,0.458,0.463,1.734
0.521,1.636,1.431,2.186,2.208,0.458,0.464,1.734
0.521,1.636,1.431,2.186,2.208,0.458,0.464,1.734
0.522,1.636,1.431,2.186,2.208,0.458,0.464,1.734
0.522,1.636,1.431,2.186,2.208,0.458,0.464,1.734
0.522,1.636,1.432,2.186,2.208,0.458,0.464,1.734
0.522,1.636,1.432,2.187,2.208,0.458,0.464,1.734
0.522,1.636,1.433,2.187,2.208,0.458,0.464,1.734
0.522,1.636,1.433,2.187,2.208,0.458,0.464,1.735
0.522,1.636,1.433,2.187,2.208,0.457,0.464,1.735
0.522,1.636,1.434,2.187,2.208,0.457,0.464,1.735
0.523,1.636,1.434,2.187,2.208,0.457,0.464,1.735
0.523,1.636,1.434,2.188,2.209,0.457,0.464,1.735
0.523,1.636,1.434,2.188,2.208,0.457,0.464,1.735
0.523,1.635,1.435,2.188,2.209,0.457,0.465,1.735
0.523,1.636,1.435,2.188,2.209,0.457,0.465,1.735
0.523,1.635,1.435,2.188,2.209,0.457,0.465,1.735
0.523,1.635,1.436,2.188,2.209,0.457,0.465,1.735
0.523,1.635,1.436,2.189,2.209,0.457,0.465,1.735
0.524,1.635,1.436,2.189,2.209,0.457,0.465,1.735
0.524,1.635,1.436,2.189,2.209,0.457,0.465,1.735
0.524,1.635,1.437,2.189,2.209,0.457,0.465,1.735
0.524,1.635,1.437,2.189,2.209,0.457,0.465,1.735
0.524,1.635,1.437,2.189,2.21,0.457,0.465,1.735
0.524,1.635,1.438,2.19,2.21,0.457,0.465,1.735
0.524,1.635,1.438,2.19,2.21,0.457,0.465,1.735
0.524,1.635,1.438,2.19,2.21,0.457,0.465,1.736
0.525,1.635,1.439,2.19,2.21,0.457,0.465,1.735
0.525,1.635,1.439,2.19,2.21,0.457,0.466,1.735
0.525,1.635,1.439,2.19,2.21,0.456,0.466,1.736
0.525,1.634,1.44,2.191,2.21,0.456,0.466,1.736
0.525,1.634,1.44,2.191,2.21,0.456,0.466,1.736
0.525,1.634,1.44,2.191,2.21,0.456,0.466,1.736
0.525,1.634,1.441,2.191,2.21,0.456,0.466,1.736
0.525,1.634,1.441,2.191,2.211,0.456,0.466,1.736
0.525,1.634,1.441,2.192,2.211,0.456,0.466,1.736
0.526,1.634,1.442,2.192,2.211,0.456,0.466,1.736
0.526,1.634,1.442,2.192,2.211,0.456,0.466,1.736
0.526,1.634,1.442,2.192,2.211,0.456,0.466,1.736
0.526,1.634,1.443,2.192,2.211,0.456,0.466,1.736
0.526,1.634,1.443,2.192,2.211,0.456,0.466,1.736
0.526,1.634,1.443,2.192,2.211,0.456,0.466,1.736
0.526,1.634,1.444,2.193,2.211,0.456,0.466,1.736
0.526,1.634,1.444,2.193,2.211,0.456,0.467,1.736
0.527,1.634,1.444,2.193,2.212,0.456,0.467,1.736
0.527,1.634,1.445,2.193,2.212,0.456,0.467,1.736
0.527,1.634,1.445,2.193,2.212,0.456,0.467,1.737
0.527,1.634,1.445,2.194,2.212,0.456,0.467,1.737
0.527,1.634,1.445,2.194,2.212,0.456,0.467,1.736
0.527,1.634,1.446,2.194,2.212,0.456,0.467,1.737
0.527,1.634,1.446,2.194,2.212,0.456,0.467,1.737
0.527,1.633,1.446,2.194,2.213,0.455,0.467,1.737
0.528,1.633,1.447,2.195,2.212,0.456,0.467,1.737
0.528,1.633,1.447,2.195,2.213,0.455,0.467,1.737
0.528,1.633,1.447,2.195,2.213,0.455,0.467,1.737
0.528,1.633,1.448,2.195,2.213,0.455,0.467,1.737
0.528,1.633,1.448,2.195,2.213,0.455,0.468,1.737
0.528,1.633,1.448,2.195,2.213,0.455,0.468,1.737
0.528,1.633,1.449,2.195,2.213,0.455,0.468,1.737
0.528,1.633,1.449,2.196,2.213,0.455,0.468,1.737
0.529,1.633,1.449,2.196,2.213,0.455,0.468,1.737
0.529,1.633,1.45,2.196,2.214,0.455,0.468,1.737
0.529,1.633,1.45,2.196,2.214,0.455,0.468,1.737
0.529,1.633,1.45,2.196,2.214,0.455,0.468,1.737
0.529,1.633,1.451,2.196,2.214,0.455,0.468,1.737
0.529,1.633,1.451,2.197,2.214,0.455,0.468,1.737
0.529,1.633,1.451,2.197,2.214,0.455,0.468,1.738
0.529,1.633,1.452,2.197,2.214,0.455,0.468,1.737
0.53,1.633,1.452,2.197,2.214,0.455,0.468,1.737
0.53,1.633,1.452,2.197,2.214,0.455,0.468,1.738
0.53,1.632,1.452,2.198,2.214,0.455,0.468,1.738
0.53,1.632,1.453,2.198,2.214,0.455,0.468,1.738
0.53,1.632,1.453,2.198,2.215,0.455,0.469,1.738
0.53,1.632,1.453,2.198,2.215,0.454,0.469,1.738
0.53,1.632,1.454,2.198,2.215,0.454,0.469,1.738
0.53,1.632,1.454,2.198,2.215,0.454,0.469,1.738
0.53,1.632,1.454,2.199,2.215,0.454,0.469,1.738
0.531,1.632,1.454,2.199,2.215,0.454,0.469,1.738
0.531,1.632,1.455,2.199,2.215,0.454,0.469,1.738
0.531,1.632,1.455,2.199,2.215,0.454,0.469,1.738
0.531,1.632,1.456,2.199,2.215,0.454,0.469,1.738
0.531,1.632,1.456,2.199,2.215,0.454,0.469,1.738
0.531,1.632,1.456,2.199,2.215,0.454,0.469,1.738
0.531,1.632,1.456,2.2,2.215,0.454,0.469,1.738
0.531,1.632,1.457,2.2,2.216,0.454,0.47,1.738
0.531,1.632,1.457,2.2,2.216,0.454,0.469,1.738
0.532,1.632,1.457,2.2,2.216,0.454,0.47,1.738
0.532,1.631,1.458,2.2,2.216,0.454,0.47,1.738
0.532,1.632,1.458,2.2,2.216,0.454,0.47,1.738
0.532,1.631,1.458,2.2,2.216,0.454,0.47,1.738
0.532,1.631,1.458,2.201,2.216,0.454,0.47,1.738
0.532,1.631,1.459,2.201,2.216,0.454,0.47,1.738
0.532,1.631,1.459,2.201,2.216,0.454,0.47,1.738
0.532,1.631,1.46,2.201,2.217,0.453,0.47,1.738
0.533,1.631,1.46,2.201,2.216,0.453,0.47,1.739
0.533,1.631,1.46,2.201,2.217,0.453,0.47,1.739
0.533,1.631,1.46,2.202,2.217,0.453,0.47,1.739
0.533,1.631,1.461,2.202,2.217,0.453,0.47,1.739
0.533,1.631,1.461,2.202,2.217,0.453,0.47,1.739
0.533,1.631,1.461,2.202,2.217,0.453,0.471,1.739
0.533,1.631,1.462,2.202,2.217,0.453,0.471,1.739
0.534,1.631,1.462,2.203,2.217,0.453,0.471,1.739
0.534,1.631,1.463,2.203,2.217,0.453,0.471,1.739
0.534,1.631,1.463,2.203,2.217,0.453,0.471,1.739
0.534,1.631,1.463,2.203,2.218,0.453,0.471,1.739
0.534,1.63,1.463,2.203,2.218,0.453,0.471,1.739
0.534,1.63,1.464,2.204,2.218,0.453,0.471,1.739
0.534,1.63,1.464,2.204,2.218,0.453,0.471,1.739
0.534,1.63,1.464,2.204,2.218,0.453,0.471,1.739
0.534,1.63,1.465,2.204,2.218,0.453,0.471,1.739
0.535,1.63,1.465,2.204,2.218,0.453,0.471,1.739
0.535,1.63,1.465,2.204,2.218,0.453,0.471,1.739
0.535,1.63,1.466,2.204,2.218,0.453,0.472,1.74
0.535,1.63,1.466,2.205,2.219,0.453,0.472,1.74
0.535,1.63,1.466,2.205,2.219,0.453,0.472,1.74
0.535,1.63,1.466,2.205,2.219,0.453,0.472,1.74
0.535,1.63,1.467,2.205,2.219,0.452,0.472,1.74
0.535,1.63,1.467,2.205,2.219,0.452,0.472,1.74
0.536,1.63,1.467,2.206,2.219,0.452,0.472,1.74
0.536,1.63,1.468,2.206,2.219,0.452,0.472,1.739
0.536,1.63,1.468,2.206,2.219,0.452,0.472,1.74
0.536,1.63,1.468,2.206,2.219,0.452,0.472,1.74
0.536,1.63,1.469,2.206,2.219,0.452,0.472,1.74
0.536,1.63,1.469,2.206,2.219,0.452,0.472,1.74
0.536,1.63,1.469,2.206,2.22,0.452,0.472,1.74
0.536,1.629,1.47,2.207,2.22,0.452,0.473,1.74
0.536,1.629,1.47,2.207,2.22,0.452,0.473,1.74
0.537,1.629,1.47,2.207,2.22,0.452,0.473,1.74
0.537,1.629,1.471,2.207,2.22,0.452,0.473,1.74
0.537,1.629,1.471,2.207,2.22,0.452,0.473,1.74
0.537,1.629,1.471,2.207,2.22,0.452,0.473,1.74
0.537,1.629,1.471,2.207,2.22,0.452,0.473,1.74
0.537,1.629,1.472,2.207,2.22,0.452,0.473,1.74
0.537,1.629,1.472,2.208,2.22,0.452,0.473,1.74
0.538,1.629,1.472,2.208,2.22,0.451,0.473,1.74
0.538,1.629,1.473,2.208,2.22,0.451,0.473,1.74
0.538,1.629,1.473,2.208,2.22,0.451,0.473,1.74
0.538,1.629,1.473,2.208,2.22,0.451,0.473,1.74
0.538,1.629,1.474,2.208,2.221,0.451,0.473,1.74
0.538,1.629,1.474,2.209,2.221,0.451,0.473,1.74
0.538,1.629,1.474,2.209,2.221,0.451,0.474,1.74
0.538,1.629,1.474,2.209,2.221,0.451,0.473,1.741
0.538,1.628,1.475,2.209,2.221,0.451,0.474,1.741
0.539,1.629,1.475,2.209,2.221,0.451,0.474,1.741
0.539,1.629,1.475,2.209,2.221,0.451,0.474,1.741
0.539,1.628,1.476,2.209,2.221,0.451,0.474,1.741
0.539,1.628,1.476,2.21,2.221,0.451,0.474,1.741
0.539,1.628,1.476,2.21,2.221,0.451,0.474,1.741
0.539,1.628,1.477,2.21,2.221,0.451,0.474,1.741
0.539,1.628,1.477,2.21,2.222,0.451,0.474,1.741
0.539,1.628,1.477,2.21,2.222,0.451,0.474,1.741
0.539,1.628,1.477,2.21,2.222,0.451,0.474,1.741
0.54,1.628,1.478,2.211,2.222,0.451,0.474,1.741
0.54,1.628,1.478,2.211,2.222,0.451,0.474,1.741
0.54,1.628,1.478,2.211,2.222,0.45,0.474,1.741
0.54,1.628,1.479,2.211,2.222,0.45,0.475,1.741
0.54,1.628,1.479,2.211,2.222,0.45,0.474,1.741
0.54,1.628,1.479,2.211,2.222,0.45,0.475,1.741
0.54,1.628,1.48,2.212,2.222,0.45,0.475,1.741
0.54,1.628,1.48,2.211,2.222,0.45,0.475,1.741
0.541,1.628,1.48,2.212,2.222,0.45,0.475,1.741
0.541,1.628,1.48,2.212,2.223,0.45,0.475,1.741
0.541,1.628,1.481,2.212,2.222,0.45,0.475,1.742
0.541,1.628,1.481,2.212,2.223,0.45,0.475,1.742
0.541,1.628,1.482,2.212,2.223,0.45,0.475,1.742
0.541,1.627,1.482,2.213,2.223,0.45,0.475,1.742
0.541,1.627,1.482,2.213,2.223,0.45,0.475,1.742
0.541,1.627,1.482,2.213,2.223,0.45,0.475,1.742
0.541,1.627,1.483,2.213,2.223,0.45,0.475,1.742
0.542,1.627,1.483,2.213,2.223,0.45,0.475,1.742
0.542,1.627,1.483,2.213,2.223,0.45,0.476,1.742
0.542,1.627,1.484,2.213,2.223,0.45,0.476,1.742
0.542,1.627,1.484,2.214,2.223,0.45,0.476,1.742
0.542,1.627,1.484,2.214,2.223,0.45,0.476,1.742
0.542,1.627,1.485,2.214,2.223,0.45,0.476,1.742
0.542,1.627,1.485,2.214,2.224,0.45,0.476,1.742
0.542,1.627,1.485,2.214,2.224,0.449,0.476,1.742
0.542,1.627,1.486,2.214,2.224,0.449,0.476,1.742
0.543,1.627,1.486,2.214,2.224,0.449,0.476,1.742
0.543,1.627,1.486,2.215,2.224,0.449,0.476,1.742
0.543,1.627,1.486,2.215,2.224,0.449,0.476,1.742
0.543,1.627,1.487,2.215,2.224,0.449,0.476,1.743
0.543,1.627,1.487,2.215,2.224,0.449,0.477,1.742
0.543,1.627,1.487,2.215,2.224,0.449,0.476,1.743
0.543,1.627,1.488,2.216,2.224,0.449,0.477,1.742
0.543,1.627,1.488,2.216,2.224,0.449,0.477,1.743
0.544,1.627,1.488,2.216,2.224,0.449,0.477,1.743
0.544,1.627,1.489,2.216,2.225,0.449,0.477,1.743
0.544,1.627,1.489,2.216,2.225,0.449,0.477,1.743
0.544,1.627,1.489,2.216,2.225,0.449,0.477,1.743
0.544,1.627,1.489,2.216,2.225,0.449,0.477,1.743
0.544,1.627,1.49,2.217,2.225,0.449,0.477,1.743
0.544,1.627,1.49,2.217,2.225,0.449,0.477,1.743
0.544,1.627,1.49,2.217,2.225,0.449,0.477,1.743
0.545,1.627,1.491,2.217,2.225,0.449,0.477,1.743
0.545,1.627,1.491,2.217,2.225,0.449,0.477,1.743
0.545,1.626,1.491,2.217,2.225,0.448,0.477,1.743
0.545,1.627,1.492,2.217,2.225,0.448,0.477,1.743
0.545,1.626,1.492,2.217,2.226,0.448,0.477,1.743
0.545,1.626,1.492,2.218,2.226,0.448,0.478,1.743
0.545,1.626,1.493,2.218,2.226,0.448,0.478,1.743
0.545,1.627,1.493,2.218,2.226,0.448,0.478,1.744
0.546,1.626,1.493,2.218,2.226,0.448,0.478,1.744
0.546,1.626,1.493,2.218,2.226,0.448,0.478,1.744
0.546,1.626,1.494,2.218,2.226,0.448,0.478,1.744
0.546,1.626,1.494,2.218,2.226,0.448,0.478,1.744
0.546,1.626,1.494,2.219,2.226,0.448,0.478,1.744
0.546,1.626,1.495,2.219,2.226,0.448,0.478,1.744
0.546,1.626,1.495,2.219,2.226,0.448,0.478,1.744
0.546,1.626,1.495,2.219,2.226,0.448,0.478,1.744
0.546,1.626,1.496,2.219,2.226,0.448,0.478,1.744
0.547,1.626,1.496,2.22,2.227,0.448,0.478,1.744
0.547,1.626,1.496,2.22,2.227,0.448,0.479,1.744
0.547,1.626,1.496,2.22,2.227,0.448,0.478,1.744
0.547,1.626,1.497,2.22,2.227,0.448,0.479,1.744
0.547,1.626,1.497,2.22,2.227,0.447,0.479,1.744
0.547,1.626,1.497,2.22,2.227,0.447,0.479,1.744
0.547,1.626,1.498,2.22,2.227,0.447,0.479,1.744
0.547,1.626,1.498,2.22,2.227,0.447,0.479,1.744
0.547,1.626,1.498,2.221,2.227,0.447,0.479,1.745
0.548,1.626,1.499,2.221,2.227,0.447,0.479,1.744
0.548,1.626,1.499,2.221,2.227,0.447,0.479,1.745
0.548,1.626,1.499,2.221,2.227,0.447,0.479,1.745
0.548,1.626,1.499,2.221,2.227,0.447,0.479,1.745
0.548,1.626,1.5,2.221,2.228,0.447,0.479,1.745
0.548,1.626,1.5,2.221,2.228,0.447,0.479,1.745
0.548,1.626,1.501,2.222,2.228,0.447,0.479,1.745
0.549,1.626,1.501,2.222,2.228,0.447,0.479,1.745
0.549,1.626,1.501,2.222,2.228,0.447,0.48,1.745
0.549,1.626,1.501,2.222,2.228,0.447,0.48,1.745
0.549,1.626,1.502,2.222,2.228,0.447,0.48,1.745
0.549,1.626,1.502,2.222,2.228,0.447,0.48,1.745
0.549,1.625,1.502,2.223,2.228,0.447,0.48,1.745
0.549,1.625,1.503,2.223,2.228,0.447,0.48,1.745
0.549,1.625,1.503,2.223,2.229,0.447,0.48,1.745
0.549,1.626,1.503,2.223,2.229,0.446,0.48,1.745
0.55,1.626,1.503,2.223,2.229,0.447,0.48,1.746
0.55,1.625,1.504,2.223,2.229,0.446,0.48,1.746
0.55,1.625,1.504,2.223,2.229,0.446,0.48,1.746
0.55,1.626,1.504,2.224,2.229,0.446,0.48,1.745
0.55,1.625,1.505,2.224,2.229,0.446,0.481,1.746
0.55,1.626,1.505,2.224,2.229,0.446,0.481,1.746
0.55,1.625,1.505,2.224,2.229,0.446,0.481,1.746
0.55,1.625,1.506,2.224,2.229,0.446,0.481,1.746
0.55,1.625,1.506,2.224,2.229,0.446,0.481,1.746
0.551,1.625,1.506,2.225,2.229,0.446,0.481,1.746
0.551,1.625,1.507,2.225,2.229,0.446,0.481,1.746
0.551,1.625,1.507,2.225,2.229,0.446,0.481,1.746
0.551,1.625,1.507,2.225,2.23,0.446,0.481,1.746
0.551,1.625,1.507,2.225,2.23,0.446,0.481,1.746
0.551,1.625,1.508,2.225,2.23,0.446,0.481,1.746
0.551,1.625,1.508,2.225,2.23,0.446,0.481,1.746
0.552,1.625,1.508,2.226,2.23,0.446,0.481,1.746
0.552,1.625,1.509,2.226,2.23,0.446,0.481,1.746
0.552,1.625,1.509,2.226,2.23,0.446,0.481,1.746
0.552,1.625,1.509,2.226,2.23,0.446,0.481,1.746
0.552,1.625,1.51,2.226,2.23,0.446,0.481,1.746
0.552,1.625,1.51,2.226,2.23,0.446,0.482,1.746
0.552,1.625,1.51,2.226,2.23,0.445,0.482,1.746
0.552,1.625,1.51,2.226,2.23,0.445,0.482,1.746
0.552,1.625,1.511,2.227,2.23,0.445,0.482,1.747
0.553,1.625,1.511,2.227,2.23,0.445,0.482,1.746
0.553,1.625,1.511,2.227,2.23,0.445,0.482,1.747
0.553,1.625,1.512,2.227,2.231,0.445,0.482,1.747
0.553,1.625,1.512,2.227,2.231,0.445,0.482,1.747
0.553,1.625,1.512,2.227,2.231,0.445,0.482,1.747
0.553,1.625,1.513,2.227,2.231,0.445,0.482,1.746
0.553,1.624,1.513,2.227,2.231,0.445,0.482,1.747
0.553,1.624,1.513,2.228,2.231,0.445,0.482,1.747
0.554,1.624,1.513,2.228,2.231,0.445,0.482,1.747
0.554,1.624,1.514,2.228,2.231,0.445,0.482,1.747
0.554,1.624,1.514,2.228,2.231,0.445,0.482,1.747
0.554,1.624,1.514,2.228,2.231,0.445,0.483,1.747
0.554,1.624,1.515,2.228,2.231,0.445,0.483,1.747
0.554,1.624,1.515,2.229,2.231,0.445,0.483,1.747
0.554,1.624,1.515,2.228,2.231,0.445,0.483,1.747
0.554,1.624,1.515,2.229,2.232,0.444,0.483,1.747
0.555,1.624,1.516,2.229,2.232,0.445,0.483,1.747
0.555,1.624,1.516,2.229,2.232,0.444,0.483,1.747
0.555,1.624,1.516,2.229,2.232,0.444,0.483,1.747
0.555,1.624,1.517,2.229,2.232,0.444,0.483,1.747
0.555,1.624,1.517,2.229,2.232,0.444,0.483,1.747
0.555,1.624,1.517,2.229,2.232,0.444,0.483,1.747
0.555,1.624,1.518,2.23,2.232,0.444,0.483,1.747
0.555,1.623,1.518,2.23,2.232,0.444,0.483,1.747
0.555,1.624,1.518,2.23,2.232,0.444,0.483,1.747
0.555,1.624,1.519,2.23,2.232,0.444,0.483,1.748
0.556,1.624,1.519,2.23,2.232,0.444,0.483,1.747
0.556,1.624,1.519,2.23,2.232,0.444,0.484,1.748
0.556,1.624,1.519,2.231,2.232,0.444,0.484,1.748
0.556,1.623,1.52,2.231,2.233,0.444,0.484,1.748
0.556,1.623,1.52,2.231,2.232,0.444,0.484,1.748
0.556,1.623,1.52,2.231,2.233,0.444,0.484,1.748
0.556,1.623,1.52,2.231,2.233,0.444,0.484,1.748
0.557,1.623,1.521,2.231,2.233,0.444,0.484,1.748
0.557,1.623,1.521,2.231,2.233,0.444,0.484,1.748
0.557,1.623,1.521,2.231,2.233,0.444,0.484,1.748
0.557,1.623,1.522,2.232,2.233,0.444,0.484,1.748
0.557,1.623,1.522,2.232,2.233,0.444,0.484,1.748
0.557,1.623,1.522,2.232,2.233,0.443,0.484,1.748
0.557,1.623,1.523,2.232,2.233,0.443,0.484,1.748
0.557,1.623,1.523,2.232,2.233,0.443,0.484,1.748
0.557,1.623,1.523,2.232,2.233,0.443,0.484,1.748
0.558,1.623,1.523,2.232,2.233,0.443,0.485,1.748
0.558,1.623,1.524,2.233,2.233,0.443,0.485,1.748
0.558,1.623,1.524,2.233,2.233,0.443,0.485,1.748
0.558,1.623,1.524,2.233,2.233,0.443,0.485,1.748
0.558,1.623,1.525,2.233,2.234,0.443,0.485,1.748
0.558,1.623,1.525,2.233,2.234,0.443,0.485,1.748
0.558,1.622,1.525,2.233,2.234,0.443,0.485,1.748
0.558,1.623,1.525,2.233,2.234,0.443,0.485,1.748
0.558,1.623,1.526,2.233,2.234,0.443,0.485,1.748
0.559,1.622,1.526,2.233,2.234,0.443,0.485,1.748
0.559,1.622,1.526,2.234,2.234,0.443,0.485,1.749
0.559,1.622,1.527,2.234,2.234,0.443,0.485,1.749
0.559,1.622,1.527,2.234,2.234,0.443,0.485,1.748
0.559,1.622,1.527,2.234,2.234,0.443,0.486,1.749
0.559,1.622,1.528,2.234,2.234,0.442,0.486,1.749
0.559,1.622,1.528,2.234,2.234,0.443,0.486,1.749
0.56,1.622,1.528,2.234,2.234,0.443,0.486,1.749
0.56,1.622,1.528,2.235,2.234,0.442,0.486,1.749
0.56,1.622,1.529,2.235,2.234,0.442,0.486,1.749
0.56,1.622,1.529,2.235,2.234,0.442,0.486,1.749
0.56,1.622,1.529,2.235,2.234,0.442,0.486,1.749
0.56,1.622,1.53,2.235,2.235,0.442,0.486,1.749
0.56,1.622,1.53,2.235,2.235,0.442,0.486,1.749
0.56,1.622,1.53,2.235,2.235,0.442,0.486,1.749
0.56,1.622,1.53,2.235,2.235,0.442,0.486,1.749
0.56,1.622,1.531,2.236,2.235,0.442,0.486,1.749
0.561,1.622,1.531,2.236,2.235,0.442,0.486,1.749
0.561,1.622,1.531,2.236,2.235,0.442,0.486,1.749
0.561,1.622,1.532,2.236,2.235,0.442,0.486,1.749
0.561,1.622,1.532,2.236,2.235,0.442,0.486,1.749
0.561,1.621,1.532,2.236,2.235,0.442,0.487,1.749
0.561,1.621,1.532,2.236,2.235,0.442,0.486,1.749
0.561,1.621,1.533,2.236,2.235,0.442,0.487,1.749
0.561,1.621,1.533,2.237,2.235,0.442,0.487,1.749
0.561,1.621,1.533,2.237,2.235,0.442,0.487,1.749
0.562,1.621,1.534,2.237,2.235,0.441,0.487,1.749
0.562,1.621,1.534,2.237,2.235,0.442,0.487,1.749
0.562,1.621,1.534,2.237,2.236,0.441,0.487,1.749
0.562,1.621,1.534,2.237,2.236,0.441,0.487,1.749
0.562,1.621,1.535,2.237,2.235,0.441,0.487,1.75
0.562,1.621,1.535,2.237,2.236,0.441,0.487,1.75
0.562,1.621,1.535,2.238,2.236,0.441,0.487,1.749
0.562,1.621,1.536,2.238,2.236,0.441,0.487,1.749
0.562,1.621,1.536,2.238,2.236,0.441,0.487,1.75
0.563,1.621,1.536,2.238,2.236,0.441,0.488,1.75
0.563,1.621,1.537,2.238,2.236,0.441,0.488,1.75
0.563,1.621,1.537,2.238,2.236,0.441,0.488,1.75
0.563,1.621,1.537,2.238,2.236,0.441,0.488,1.75
0.563,1.621,1.537,2.238,2.236,0.441,0.488,1.75
0.563,1.621,1.538,2.239,2.236,0.441,0.488,1.75
0.563,1.621,1.538,2.239,2.236,0.441,0.488,1.75
0.563,1.621,1.538,2.239,2.236,0.441,0.488,1.75
0.563,1.62,1.538,2.239,2.236,0.441,0.488,1.75
0.563,1.62,1.539,2.239,2.236,0.441,0.488,1.75
0.564,1.62,1.539,2.239,2.236,0.441,0.488,1.75
0.564,1.62,1.539,2.239,2.237,0.441,0.488,1.75
0.564,1.62,1.54,2.239,2.237,0.441,0.488,1.75
0.564,1.62,1.54,2.239,2.237,0.44,0.488,1.75
0.564,1.62,1.54,2.239,2.237,0.44,0.488,1.75
0.564,1.62,1.541,2.24,2.237,0.44,0.488,1.75
0.564,1.62,1.541,2.24,2.237,0.44,0.488,1.75
0.564,1.62,1.541,2.24,2.237,0.44,0.489,1.75
0.565,1.62,1.541,2.24,2.237,0.44,0.489,1.75
0.565,1.62,1.542,2.24,2.237,0.44,0.489,1.75
0.565,1.62,1.542,2.24,2.237,0.44,0.489,1.75
0.565,1.62,1.542,2.241,2.237,0.44,0.489,1.75
0.565,1.62,1.543,2.241,2.237,0.44,0.489,1.75
0.565,1.62,1.543,2.241,2.237,0.44,0.489,1.75
0.565,1.62,1.543,2.241,2.237,0.44,0.489,1.75
0.565,1.62,1.544,2.241,2.237,0.44,0.489,1.75
0.565,1.62,1.544,2.241,2.237,0.44,0.489,1.75
0.566,1.62,1.544,2.241,2.238,0.44,0.489,1.75
0.565,1.62,1.544,2.241,2.238,0.44,0.489,1.75
0.566,1.62,1.545,2.242,2.238,0.44,0.489,1.75
0.566,1.619,1.545,2.242,2.238,0.44,0.489,1.75
0.566,1.62,1.545,2.242,2.238,0.44,0.489,1.75
0.566,1.619,1.545,2.242,2.238,0.439,0.489,1.751
0.566,1.619,1.546,2.242,2.238,0.439,0.49,1.75
0.566,1.619,1.546,2.242,2.238,0.439,0.49,1.75
0.566,1.619,1.546,2.242,2.238,0.439,0.49,1.751
0.567,1.619,1.546,2.242,2.238,0.439,0.49,1.751
0.567,1.619,1.547,2.242,2.238,0.439,0.49,1.751
0.567,1.619,1.547,2.243,2.238,0.439,0.49,1.751
0.567,1.619,1.547,2.243,2.238,0.439,0.49,1.751
0.567,1.619,1.548,2.243,2.238,0.439,0.49,1.751
0.567,1.619,1.548,2.243,2.238,0.439,0.49,1.751
0.567,1.619,1.548,2.243,2.238,0.439,0.49,1.751
0.567,1.619,1.548,2.243,2.238,0.439,0.49,1.751
0.567,1.619,1.549,2.243,2.238,0.439,0.49,1.751
0.568,1.619,1.549,2.243,2.239,0.439,0.49,1.751
0.568,1.619,1.549,2.244,2.239,0.439,0.49,1.751
0.568,1.619,1.55,2.244,2.239,0.439,0.49,1.751
0.568,1.619,1.55,2.244,2.239,0.439,0.491,1.751
0.568,1.619,1.55,2.244,2.239,0.439,0.491,1.751
0.568,1.619,1.551,2.244,2.239,0.438,0.491,1.751
0.568,1.619,1.551,2.244,2.239,0.439,0.491,1.751
0.568,1.619,1.551,2.244,2.239,0.438,0.491,1.751
0.569,1.619,1.551,2.244,2.239,0.438,0.491,1.751
0.569,1.619,1.552,2.245,2.239,0.438,0.491,1.751
0.569,1.619,1.552,2.245,2.239,0.438,0.491,1.751
0.569,1.619,1.552,2.245,2.239,0.438,0.491,1.751
0.569,1.619,1.552,2.245,2.239,0.438,0.491,1.751
0.569,1.618,1.553,2.245,2.239,0.438,0.491,1.751
0.569,1.619,1.553,2.245,2.239,0.438,0.491,1.752
0.569,1.618,1.553,2.245,2.239,0.438,0.491,1.751
0.569,1.618,1.554,2.245,2.239,0.438,0.491,1.751
0.57,1.618,1.554,2.245,2.239,0.438,0.492,1.752
0.57,1.618,1.554,2.246,2.24,0.438,0.491,1.752
0.57,1.618,1.555,2.246,2.24,0.438,0.491,1.752
0.57,1.618,1.555,2.246,2.24,0.438,0.491,1.752
0.57,1.618,1.555,2.246,2.24,0.438,0.492,1.752
0.57,1.618,1.555,2.246,2.24,0.438,0.492,1.752
0.57,1.618,1.555,2.246,2.24,0.438,0.492,1.752
0.57,1.618,1.556,2.246,2.24,0.438,0.492,1.752
0.57,1.618,1.556,2.246,2.24,0.438,0.492,1.752
0.57,1.618,1.557,2.247,2.24,0.438,0.492,1.752
0.571,1.618,1.557,2.247,2.24,0.438,0.492,1.752
0.571,1.618,1.557,2.247,2.24,0.437,0.492,1.752
0.571,1.618,1.557,2.247,2.24,0.437,0.492,1.752
0.571,1.618,1.558,2.247,2.24,0.437,0.492,1.752
0.571,1.618,1.558,2.247,2.24,0.437,0.492,1.752
0.571,1.618,1.558,2.247,2.24,0.437,0.492,1.752
0.571,1.618,1.558,2.247,2.241,0.437,0.492,1.752
0.571,1.618,1.559,2.248,2.24,0.437,0.493,1.752
0.571,1.618,1.559,2.248,2.241,0.437,0.493,1.752
0.572,1.618,1.559,2.248,2.241,0.437,0.493,1.752
0.572,1.618,1.56,2.248,2.241,0.437,0.493,1.752
0.572,1.618,1.56,2.248,2.241,0.437,0.493,1.752
0.572,1.617,1.56,2.248,2.241,0.437,0.493,1.752
0.572,1.617,1.56,2.248,2.241,0.437,0.493,1.752
0.572,1.618,1.561,2.248,2.241,0.437,0.493,1.752
0.572,1.618,1.561,2.249,2.241,0.437,0.493,1.752
0.572,1.617,1.561,2.249,2.241,0.437,0.493,1.752
0.572,1.617,1.562,2.249,2.241,0.437,0.493,1.752
0.572,1.617,1.562,2.249,2.241,0.437,0.493,1.753
0.573,1.617,1.562,2.249,2.241,0.437,0.493,1.753
0.573,1.617,1.562,2.249,2.241,0.437,0.493,1.753
0.573,1.617,1.563,2.249,2.241,0.436,0.493,1.753
0.573,1.617,1.563,2.249,2.242,0.436,0.493,1.753
0.573,1.617,1.563,2.249,2.242,0.436,0.494,1.753
0.573,1.617,1.564,2.25,2.242,0.436,0.494,1.753
0.573,1.617,1.564,2.25,2.242,0.436,0.494,1.753
0.573,1.617,1.564,2.25,2.242,0.436,0.494,1.753
0.574,1.617,1.564,2.25,2.242,0.436,0.494,1.753
0.574,1.617,1.565,2.25,2.242,0.436,0.494,1.753
0.574,1.617,1.565,2.25,2.242,0.436,0.494,1.753
0.574,1.617,1.565,2.251,2.242,0.436,0.494,1.753
0.574,1.617,1.566,2.25,2.242,0.436,0.494,1.753
0.574,1.617,1.566,2.25,2.242,0.436,0.494,1.753
0.574,1.617,1.566,2.251,2.242,0.436,0.494,1.753
0.574,1.617,1.566,2.251,2.242,0.436,0.494,1.753
0.574,1.617,1.567,2.251,2.242,0.436,0.494,1.753
0.574,1.617,1.567,2.251,2.242,0.436,0.494,1.753
0.574,1.617,1.567,2.251,2.242,0.436,0.494,1.753
0.575,1.617,1.568,2.251,2.242,0.436,0.494,1.753
0.575,1.617,1.568,2.252,2.243,0.436,0.494,1.753
0.575,1.617,1.568,2.252,2.243,0.436,0.495,1.753
0.575,1.617,1.568,2.252,2.243,0.436,0.495,1.753
0.575,1.617,1.569,2.252,2.242,0.435,0.495,1.753
0.575,1.617,1.569,2.252,2.243,0.435,0.495,1.753
0.575,1.617,1.569,2.252,2.243,0.435,0.495,1.753
0.575,1.616,1.569,2.252,2.243,0.435,0.495,1.753
0.575,1.617,1.57,2.252,2.243,0.435,0.495,1.754
0.576,1.616,1.57,2.252,2.243,0.435,0.495,1.753
0.576,1.616,1.57,2.252,2.243,0.435,0.495,1.753
0.576,1.616,1.571,2.253,2.243,0.435,0.495,1.754
0.576,1.616,1.571,2.253,2.243,0.435,0.495,1.754
0.576,1.616,1.571,2.253,2.243,0.435,0.495,1.754
0.576,1.616,1.571,2.253,2.243,0.435,0.495,1.754
0.576,1.616,1.572,2.253,2.243,0.435,0.495,1.754
0.576,1.616,1.572,2.253,2.243,0.435,0.495,1.754
0.576,1.616,1.572,2.253,2.243,0.435,0.495,1.754
0.577,1.616,1.573,2.253,2.243,0.435,0.496,1.754
0.577,1.616,1.573,2.253,2.243,0.435,0.496,1.754
0.577,1.616,1.573,2.254,2.243,0.435,0.496,1.754
0.577,1.616,1.573,2.253,2.244,0.435,0.496,1.754
0.577,1.616,1.574,2.254,2.244,0.435,0.496,1.754
0.577,1.616,1.574,2.254,2.244,0.435,0.496,1.754
0.577,1.616,1.574,2.254,2.244,0.435,0.496,1.754
0.577,1.616,1.574,2.254,2.244,0.434,0.496,1.754
0.577,1.616,1.575,2.254,2.244,0.434,0.496,1.754
0.578,1.616,1.575,2.254,2.244,0.434,0.496,1.754
0.578,1.616,1.575,2.254,2.244,0.434,0.496,1.754
0.578,1.616,1.576,2.255,2.244,0.434,0.496,1.754
0.578,1.616,1.576,2.255,2.244,0.434,0.496,1.754
0.578,1.616,1.576,2.255,2.244,0.434,0.496,1.754
0.578,1.616,1.577,2.255,2.244,0.434,0.496,1.754
0.578,1.615,1.577,2.255,2.244,0.434,0.496,1.754
0.578,1.615,1.577,2.255,2.244,0.434,0.496,1.754
0.578,1.615,1.577,2.255,2.244,0.434,0.497,1.754
0.579,1.615,1.578,2.256,2.244,0.434,0.497,1.754
0.579,1.615,1.578,2.256,2.244,0.434,0.497,1.754
0.579,1.615,1.578,2.256,2.244,0.434,0.497,1.754
0.579,1.615,1.578,2.256,2.244,0.434,0.497,1.754
0.579,1.615,1.579,2.256,2.244,0.434,0.497,1.754
0.579,1.615,1.579,2.256,2.245,0.434,0.497,1.754
0.579,1.615,1.579,2.256,2.244,0.434,0.497,1.754
0.579,1.615,1.579,2.256,2.244,0.434,0.497,1.754
0.579,1.615,1.58,2.256,2.245,0.434,0.497,1.754
0.579,1.615,1.58,2.256,2.245,0.433,0.497,1.754
0.579,1.615,1.58,2.256,2.245,0.433,0.497,1.755
0.58,1.615,1.581,2.256,2.245,0.433,0.497,1.755
0.58,1.615,1.581,2.257,2.245,0.433,0.497,1.754
0.58,1.615,1.581,2.257,2.245,0.433,0.497,1.755
0.58,1.615,1.582,2.257,2.245,0.433,0.498,1.755
0.58,1.615,1.582,2.257,2.245,0.433,0.498,1.755
0.58,1.615,1.582,2.257,2.245,0.433,0.498,1.755
0.58,1.615,1.582,2.257,2.245,0.433,0.498,1.755
0.58,1.615,1.582,2.257,2.245,0.433,0.498,1.755
0.581,1.615,1.583,2.257,2.245,0.433,0.498,1.755
0.581,1.615,1.583,2.258,2.245,0.433,0.498,1.755
0.581,1.615,1.583,2.258,2.245,0.433,0.498,1.755
0.581,1.615,1.584,2.258,2.245,0.433,0.498,1.755
0.581,1.615,1.584,2.258,2.245,0.433,0.498,1.755
0.581,1.615,1.584,2.258,2.245,0.433,0.498,1.755
0.581,1.615,1.584,2.258,2.246,0.433,0.498,1.755
0.581,1.615,1.585,2.258,2.245,0.433,0.498,1.755
0.581,1.614,1.585,2.258,2.245,0.433,0.498,1.755
0.582,1.614,1.585,2.258,2.246,0.433,0.498,1.755
0.582,1.614,1.586,2.259,2.246,0.432,0.498,1.755
0.582,1.614,1.586,2.259,2.246,0.433,0.498,1.755
0.582,1.614,1.586,2.259,2.246,0.432,0.498,1.755
0.582,1.614,1.586,2.259,2.246,0.432,0.499,1.755
0.582,1.614,1.587,2.259,2.246,0.432,0.499,1.755
0.582,1.614,1.587,2.259,2.246,0.432,0.499,1.755
0.582,1.614,1.587,2.259,2.246,0.432,0.499,1.755
0.582,1.614,1.587,2.259,2.246,0.432,0.499,1.755
0.582,1.614,1.588,2.259,2.246,0.432,0.499,1.755
0.582,1.614,1.588,2.259,2.246,0.432,0.499,1.755
0.582,1.614,1.588,2.259,2.246,0.432,0.499,1.755
0.583,1.614,1.589,2.26,2.246,0.432,0.499,1.755
0.583,1.614,1.589,2.26,2.246,0.432,0.499,1.755
0.583,1.614,1.589,2.26,2.246,0.432,0.499,1.756
0.583,1.614,1.589,2.26,2.246,0.432,0.499,1.756
0.583,1.614,1.59,2.26,2.246,0.432,0.499,1.756
0.583,1.614,1.59,2.26,2.246,0.432,0.499,1.756
0.583,1.614,1.59,2.26,2.246,0.432,0.499,1.756
0.583,1.614,1.59,2.26,2.247,0.432,0.5,1.756
0.583,1.614,1.591,2.261,2.246,0.432,0.5,1.756
0.583,1.614,1.591,2.261,2.246,0.432,0.5,1.756
0.584,1.614,1.591,2.261,2.247,0.432,0.5,1.756
0.584,1.614,1.592,2.261,2.247,0.432,0.5,1.756
0.584,1.614,1.592,2.261,2.247,0.431,0.5,1.756
0.584,1.614,1.592,2.261,2.247,0.431,0.5,1.756
0.584,1.614,1.592,2.261,2.247,0.431,0.5,1.756
0.584,1.614,1.593,2.261,2.247,0.431,0.5,1.756
0.584,1.614,1.593,2.262,2.247,0.431,0.5,1.756
0.584,1.614,1.593,2.262,2.247,0.431,0.5,1.756
0.584,1.614,1.593,2.261,2.247,0.431,0.5,1.756
0.585,1.614,1.594,2.262,2.247,0.431,0.5,1.756
0.585,1.614,1.594,2.262,2.247,0.431,0.5,1.756
0.585,1.614,1.594,2.262,2.247,0.431,0.5,1.756
0.585,1.614,1.595,2.262,2.247,0.431,0.501,1.756
0.585,1.614,1.595,2.262,2.248,0.431,0.501,1.757
0.585,1.614,1.595,2.262,2.247,0.431,0.501,1.756
0.585,1.614,1.595,2.262,2.248,0.431,0.501,1.757
0.585,1.614,1.596,2.263,2.248,0.431,0.501,1.757
0.585,1.614,1.596,2.263,2.248,0.431,0.501,1.757
0.585,1.614,1.596,2.263,2.248,0.431,0.501,1.756
0.586,1.614,1.597,2.263,2.248,0.431,0.501,1.756
0.586,1.614,1.597,2.263,2.248,0.431,0.501,1.757
0.586,1.614,1.597,2.263,2.248,0.431,0.501,1.757
0.586,1.614,1.597,2.263,2.248,0.431,0.501,1.757
0.586,1.614,1.598,2.263,2.248,0.431,0.501,1.757
0.586,1.614,1.598,2.263,2.248,0.43,0.501,1.757
0.586,1.614,1.598,2.263,2.248,0.43,0.501,1.757
0.586,1.614,1.598,2.264,2.248,0.43,0.501,1.757
0.586,1.614,1.599,2.264,2.248,0.43,0.501,1.757
0.586,1.614,1.599,2.264,2.248,0.43,0.501,1.757
0.587,1.614,1.599,2.264,2.248,0.43,0.502,1.757
0.587,1.614,1.599,2.264,2.248,0.43,0.502,1.757
0.587,1.614,1.6,2.264,2.248,0.43,0.502,1.757
0.587,1.614,1.6,2.264,2.248,0.43,0.502,1.757
0.587,1.614,1.6,2.264,2.248,0.43,0.502,1.757
0.587,1.614,1.601,2.264,2.248,0.43,0.502,1.757
0.587,1.614,1.601,2.264,2.248,0.43,0.502,1.757
0.587,1.614,1.601,2.264,2.248,0.43,0.502,1.757
0.587,1.614,1.601,2.264,2.248,0.43,0.502,1.757
0.588,1.614,1.601,2.265,2.248,0.43,0.502,1.758
0.588,1.614,1.602,2.265,2.248,0.43,0.502,1.757
0.588,1.613,1.602,2.265,2.249,0.43,0.502,1.757
0.588,1.614,1.602,2.265,2.249,0.43,0.502,1.758
0.588,1.614,1.603,2.265,2.249,0.43,0.502,1.757
0.588,1.614,1.603,2.265,2.249,0.43,0.502,1.757
0.588,1.614,1.603,2.265,2.249,0.43,0.503,1.757
0.588,1.614,1.603,2.266,2.249,0.429,0.503,1.758
0.588,1.613,1.603,2.265,2.249,0.429,0.503,1.758
0.588,1.613,1.604,2.265,2.249,0.429,0.503,1.758
0.588,1.614,1.604,2.266,2.249,0.429,0.503,1.758
0.589,1.614,1.605,2.266,2.249,0.429,0.503,1.758
0.589,1.614,1.605,2.266,2.249,0.429,0.503,1.758
0.589,1.613,1.605,2.266,2.249,0.429,0.503,1.757
0.589,1.613,1.605,2.266,2.249,0.429,0.503,1.758
0.589,1.614,1.606,2.266,2.249,0.429,0.503,1.758
0.589,1.614,1.606,2.266,2.249,0.429,0.503,1.758
0.589,1.613,1.606,2.266,2.249,0.429,0.503,1.758
0.589,1.614,1.607,2.266,2.249,0.429,0.503,1.758
0.589,1.614,1.607,2.267,2.249,0.429,0.503,1.758
0.59,1.614,1.607,2.267,2.249,0.429,0.503,1.758
0.59,1.614,1.607,2.267,2.249,0.429,0.503,1.758
0.59,1.614,1.607,2.267,2.249,0.429,0.503,1.758
0.59,1.614,1.608,2.267,2.249,0.429,0.503,1.758
0.59,1.613,1.608,2.267,2.25,0.429,0.504,1.758
0.59,1.613,1.608,2.267,2.249,0.429,0.504,1.758
0.59,1.614,1.609,2.267,2.25,0.429,0.504,1.758
0.59,1.614,1.609,2.267,2.25,0.429,0.504,1.759
0.59,1.614,1.609,2.267,2.25,0.429,0.504,1.759
0.59,1.614,1.609,2.268,2.25,0.429,0.504,1.759
0.59,1.614,1.61,2.268,2.25,0.428,0.504,1.759
0.591,1.614,1.61,2.268,2.25,0.428,0.504,1.759
0.591,1.614,1.61,2.268,2.25,0.428,0.504,1.759
0.591,1.614,1.61,2.268,2.25,0.428,0.504,1.759
0.591,1.614,1.611,2.268,2.25,0.428,0.504,1.759
0.591,1.614,1.611,2.268,2.25,0.428,0.504,1.759
0.591,1.614,1.611,2.269,2.25,0.428,0.504,1.759
0.591,1.614,1.612,2.269,2.25,0.428,0.504,1.759
0.591,1.614,1.612,2.268,2.25,0.428,0.504,1.759
0.592,1.614,1.612,2.269,2.25,0.428,0.504,1.759
0.592,1.614,1.612,2.269,2.25,0.428,0.505,1.759
0.592,1.614,1.613,2.269,2.25,0.428,0.505,1.759
0.592,1.614,1.613,2.269,2.25,0.428,0.505,1.759
0.592,1.614,1.613,2.269,2.25,0.428,0.505,1.759
0.592,1.614,1.614,2.269,2.251,0.428,0.505,1.759
0.592,1.614,1.614,2.269,2.25,0.428,0.505,1.759
0.592,1.614,1.614,2.269,2.251,0.428,0.505,1.759
0.592,1.614,1.614,2.27,2.251,0.428,0.505,1.759
0.592,1.614,1.615,2.27,2.251,0.428,0.505,1.759
0.592,1.614,1.615,2.27,2.251,0.428,0.505,1.759
0.592,1.614,1.615,2.27,2.251,0.427,0.505,1.76
0.593,1.614,1.615,2.27,2.251,0.428,0.505,1.76
0.593,1.614,1.616,2.27,2.251,0.428,0.505,1.76
0.593,1.614,1.616,2.27,2.251,0.427,0.505,1.76
0.593,1.614,1.616,2.27,2.251,0.427,0.505,1.76
0.593,1.614,1.616,2.27,2.251,0.427,0.505,1.76
0.593,1.613,1.617,2.27,2.251,0.427,0.506,1.76
0.593,1.614,1.617,2.271,2.251,0.427,0.506,1.76
0.593,1.614,1.617,2.271,2.251,0.427,0.506,1.76
0.594,1.614,1.618,2.271,2.251,0.427,0.506,1.76
0.594,1.614,1.618,2.271,2.251,0.427,0.506,1.76
0.594,1.614,1.618,2.271,2.251,0.427,0.506,1.76
0.594,1.614,1.618,2.271,2.252,0.427,0.506,1.76
0.594,1.614,1.619,2.271,2.251,0.427,0.506,1.76
0.594,1.614,1.619,2.271,2.251,0.427,0.506,1.76
0.594,1.614,1.619,2.271,2.252,0.427,0.506,1.76
0.594,1.614,1.619,2.271,2.252,0.427,0.506,1.76
0.594,1.614,1.62,2.272,2.252,0.427,0.506,1.76
0.594,1.614,1.62,2.271,2.251,0.427,0.506,1.76
0.594,1.614,1.62,2.271,2.251,0.427,0.506,1.76
0.595,1.614,1.62,2.272,2.251,0.427,0.506,1.76
0.595,1.614,1.621,2.272,2.251,0.427,0.506,1.76
0.595,1.614,1.621,2.272,2.252,0.427,0.506,1.76
0.595,1.614,1.621,2.272,2.252,0.427,0.506,1.761
0.595,1.614,1.621,2.272,2.252,0.426,0.507,1.761
0.595,1.614,1.622,2.272,2.252,0.426,0.507,1.761
0.595,1.614,1.622,2.272,2.252,0.426,0.507,1.761
0.595,1.614,1.622,2.272,2.252,0.426,0.507,1.761
0.595,1.614,1.623,2.273,2.252,0.426,0.507,1.761
0.596,1.614,1.623,2.273,2.252,0.426,0.507,1.761
0.596,1.614,1.623,2.273,2.252,0.426,0.507,1.761
0.596,1.614,1.623,2.273,2.252,0.426,0.507,1.761
0.596,1.614,1.624,2.273,2.252,0.426,0.507,1.761
0.596,1.614,1.624,2.273,2.252,0.426,0.507,1.761
0.596,1.614,1.624,2.273,2.252,0.426,0.507,1.761
0.596,1.614,1.624,2.273,2.252,0.426,0.507,1.761
0.596,1.614,1.625,2.273,2.252,0.426,0.507,1.761
0.596,1.614,1.625,2.274,2.252,0.426,0.507,1.761
0.596,1.614,1.625,2.274,2.253,0.426,0.507,1.761
0.597,1.614,1.625,2.274,2.252,0.426,0.507,1.761
0.597,1.614,1.626,2.274,2.253,0.426,0.507,1.761
0.597,1.614,1.626,2.274,2.252,0.426,0.508,1.762
0.597,1.614,1.626,2.274,2.253,0.426,0.508,1.762
0.597,1.614,1.626,2.274,2.253,0.426,0.508,1.762
0.597,1.614,1.627,2.274,2.253,0.426,0.508,1.762
0.597,1.614,1.627,2.274,2.253,0.426,0.508,1.762
0.597,1.614,1.627,2.275,2.253,0.426,0.508,1.762
0.597,1.614,1.628,2.275,2.253,0.426,0.508,1.762
0.597,1.614,1.628,2.275,2.253,0.426,0.508,1.762
0.598,1.614,1.628,2.275,2.253,0.426,0.508,1.762
0.597,1.614,1.628,2.275,2.253,0.425,0.508,1.762
0.598,1.614,1.629,2.275,2.253,0.425,0.508,1.762
0.598,1.614,1.629,2.275,2.253,0.425,0.508,1.762
0.598,1.614,1.629,2.275,2.253,0.425,0.508,1.762
0.598,1.614,1.629,2.275,2.253,0.425,0.508,1.762
0.598,1.614,1.63,2.275,2.253,0.425,0.508,1.762
0.598,1.614,1.63,2.275,2.253,0.425,0.509,1.762
0.598,1.614,1.63,2.275,2.253,0.425,0.509,1.762
0.598,1.614,1.631,2.275,2.253,0.425,0.509,1.762
0.598,1.614,1.631,2.276,2.253,0.425,0.509,1.762
0.599,1.614,1.631,2.276,2.253,0.425,0.509,1.762
0.599,1.614,1.631,2.276,2.253,0.425,0.509,1.762
0.599,1.614,1.632,2.276,2.253,0.425,0.509,1.762
0.599,1.614,1.632,2.276,2.253,0.425,0.509,1.762
0.599,1.614,1.632,2.276,2.253,0.425,0.509,1.762
0.599,1.614,1.633,2.276,2.254,0.425,0.509,1.763
0.599,1.614,1.633,2.276,2.253,0.425,0.509,1.762
0.599,1.614,1.633,2.276,2.254,0.425,0.509,1.762
0.6,1.614,1.633,2.276,2.254,0.425,0.509,1.762
0.599,1.614,1.633,2.277,2.253,0.425,0.509,1.762
0.6,1.614,1.634,2.277,2.254,0.425,0.509,1.762
0.6,1.614,1.634,2.277,2.254,0.425,0.509,1.763
0.6,1.614,1.634,2.277,2.254,0.424,0.51,1.763
0.6,1.614,1.635,2.277,2.254,0.424,0.51,1.763
0.6,1.614,1.635,2.277,2.254,0.424,0.51,1.763
0.6,1.614,1.635,2.277,2.254,0.424,0.51,1.763
0.6,1.614,1.635,2.277,2.254,0.424,0.51,1.763
0.6,1.614,1.635,2.277,2.254,0.424,0.51,1.763
0.6,1.614,1.636,2.278,2.254,0.424,0.51,1.763
0.6,1.614,1.636,2.278,2.254,0.424,0.51,1.763
0.601,1.614,1.637,2.277,2.254,0.424,0.51,1.763
0.601,1.614,1.636,2.278,2.254,0.424,0.51,1.763
0.601,1.614,1.637,2.278,2.254,0.424,0.51,1.763
0.601,1.614,1.637,2.278,2.254,0.424,0.51,1.763
0.601,1.614,1.638,2.278,2.254,0.424,0.51,1.763
0.601,1.614,1.638,2.278,2.254,0.424,0.51,1.763
0.601,1.614,1.638,2.278,2.254,0.424,0.51,1.763
0.601,1.613,1.638,2.278,2.255,0.424,0.51,1.763
0.601,1.614,1.639,2.278,2.255,0.424,0.51,1.763
0.601,1.613,1.639,2.278,2.255,0.424,0.51,1.763
0.602,1.614,1.639,2.278,2.255,0.424,0.511,1.763
0.602,1.613,1.639,2.279,2.254,0.424,0.511,1.763
0.602,1.614,1.64,2.279,2.255,0.424,0.511,1.764
0.602,1.614,1.64,2.279,2.254,0.424,0.511,1.763
0.602,1.614,1.64,2.279,2.255,0.424,0.511,1.763
0.602,1.614,1.64,2.279,2.255,0.424,0.511,1.763
0.602,1.613,1.641,2.279,2.255,0.423,0.511,1.764
0.602,1.613,1.641,2.279,2.255,0.423,0.511,1.764
0.602,1.613,1.641,2.279,2.255,0.423,0.511,1.764
0.603,1.613,1.641,2.279,2.255,0.423,0.511,1.764
0.603,1.613,1.642,2.279,2.255,0.423,0.511,1.764
0.603,1.613,1.642,2.28,2.255,0.423,0.511,1.764
0.603,1.613,1.642,2.28,2.255,0.423,0.511,1.764
0.603,1.613,1.642,2.28,2.255,0.423,0.511,1.764
0.603,1.613,1.643,2.28,2.255,0.423,0.511,1.764
0.603,1.613,1.643,2.28,2.255,0.423,0.511,1.764
0.603,1.613,1.643,2.28,2.255,0.423,0.512,1.764
0.603,1.613,1.643,2.28,2.255,0.423,0.512,1.764
0.603,1.613,1.644,2.28,2.255,0.423,0.512,1.764
0.604,1.613,1.644,2.28,2.255,0.423,0.512,1.764
0.604,1.613,1.644,2.28,2.255,0.423,0.512,1.764
0.604,1.613,1.644,2.281,2.255,0.423,0.512,1.764
0.604,1.613,1.645,2.281,2.255,0.423,0.512,1.764
0.604,1.613,1.645,2.281,2.255,0.423,0.512,1.764
0.604,1.613,1.645,2.281,2.256,0.423,0.512,1.764
0.604,1.613,1.646,2.281,2.255,0.423,0.512,1.764
0.604,1.613,1.646,2.281,2.255,0.423,0.512,1.764
0.604,1.613,1.646,2.281,2.256,0.423,0.512,1.764
0.604,1.613,1.646,2.281,2.256,0.423,0.512,1.764
0.605,1.613,1.646,2.281,2.256,0.423,0.512,1.764
0.605,1.613,1.647,2.281,2.256,0.423,0.512,1.764
0.605,1.613,1.647,2.281,2.256,0.422,0.512,1.764
0.605,1.613,1.647,2.282,2.256,0.422,0.512,1.764
0.605,1.613,1.648,2.282,2.256,0.422,0.512,1.764
0.605,1.613,1.648,2.282,2.256,0.422,0.513,1.765
0.605,1.613,1.648,2.282,2.256,0.422,0.513,1.764
0.605,1.613,1.648,2.282,2.256,0.422,0.513,1.765
0.605,1.613,1.649,2.282,2.256,0.422,0.513,1.765
0.605,1.613,1.649,2.282,2.256,0.422,0.513,1.765
0.606,1.613,1.649,2.282,2.256,0.422,0.513,1.765
0.606,1.613,1.649,2.282,2.256,0.422,0.513,1.765
0.606,1.613,1.65,2.282,2.256,0.422,0.513,1.765
0.606,1.613,1.65,2.282,2.256,0.422,0.513,1.765
0.606,1.613,1.65,2.282,2.256,0.422,0.513,1.765
0.606,1.613,1.651,2.283,2.256,0.422,0.513,1.765
0.606,1.613,1.651,2.283,2.256,0.422,0.513,1.765
0.606,1.613,1.651,2.283,2.256,0.422,0.513,1.765
0.606,1.613,1.651,2.283,2.257,0.422,0.513,1.765
0.606,1.613,1.652,2.283,2.257,0.422,0.513,1.765
0.606,1.613,1.652,2.283,2.257,0.422,0.513,1.765
0.607,1.613,1.652,2.283,2.257,0.422,0.514,1.765
0.607,1.613,1.652,2.283,2.257,0.422,0.514,1.765
0.607,1.613,1.652,2.283,2.257,0.422,0.514,1.765
0.607,1.613,1.653,2.283,2.257,0.422,0.514,1.765
0.607,1.613,1.653,2.284,2.257,0.422,0.514,1.765
0.607,1.613,1.653,2.284,2.257,0.421,0.514,1.765
0.607,1.613,1.653,2.284,2.257,0.422,0.514,1.765
0.607,1.613,1.654,2.284,2.257,0.422,0.514,1.765
0.607,1.613,1.654,2.284,2.257,0.421,0.514,1.765
0.607,1.613,1.654,2.284,2.257,0.421,0.514,1.765
0.608,1.613,1.655,2.284,2.257,0.421,0.514,1.765
0.608,1.613,1.655,2.284,2.257,0.421,0.514,1.765
0.608,1.613,1.655,2.284,2.257,0.421,0.514,1.765
0.608,1.613,1.655,2.284,2.257,0.421,0.514,1.766
0.608,1.613,1.656,2.284,2.257,0.421,0.514,1.765
0.608,1.613,1.656,2.284,2.257,0.421,0.515,1.765
0.608,1.613,1.656,2.285,2.257,0.421,0.515,1.765
0.608,1.612,1.656,2.285,2.257,0.421,0.515,1.766
0.608,1.613,1.657,2.285,2.257,0.421,0.514,1.766
0.609,1.613,1.657,2.285,2.257,0.421,0.515,1.765
0.609,1.613,1.657,2.285,2.257,0.421,0.515,1.766
0.609,1.613,1.657,2.285,2.257,0.421,0.515,1.766
0.609,1.613,1.658,2.285,2.257,0.421,0.515,1.766
0.609,1.612,1.658,2.285,2.257,0.421,0.515,1.766
0.609,1.612,1.658,2.285,2.257,0.421,0.515,1.766
0.609,1.613,1.658,2.285,2.257,0.421,0.515,1.766
0.609,1.612,1.659,2.285,2.257,0.421,0.515,1.766
0.609,1.612,1.659,2.286,2.258,0.421,0.515,1.766
0.609,1.613,1.659,2.286,2.258,0.421,0.515,1.766
0.609,1.613,1.66,2.286,2.258,0.421,0.515,1.766
0.61,1.612,1.66,2.286,2.258,0.421,0.515,1.766
0.61,1.612,1.66,2.286,2.257,0.421,0.515,1.766
0.61,1.612,1.66,2.286,2.258,0.42,0.516,1.766
0.61,1.612,1.66,2.286,2.258,0.42,0.515,1.766
0.61,1.612,1.661,2.286,2.258,0.42,0.515,1.766
0.61,1.612,1.661,2.286,2.258,0.42,0.516,1.766
0.61,1.612,1.661,2.286,2.258,0.42,0.516,1.766
0.61,1.612,1.661,2.286,2.258,0.42,0.516,1.766
0.61,1.612,1.662,2.286,2.258,0.42,0.516,1.766
0.61,1.612,1.662,2.286,2.258,0.42,0.516,1.766
0.611,1.612,1.662,2.287,2.258,0.42,0.516,1.766
0.611,1.612,1.662,2.287,2.258,0.42,0.516,1.766
0.611,1.612,1.663,2.287,2.258,0.42,0.516,1.766
0.611,1.612,1.663,2.287,2.258,0.42,0.516,1.766
0.611,1.612,1.663,2.287,2.258,0.42,0.516,1.766
0.611,1.612,1.663,2.287,2.258,0.42,0.516,1.766
0.611,1.612,1.664,2.287,2.258,0.42,0.516,1.766
0.611,1.612,1.664,2.287,2.258,0.42,0.516,1.766
0.611,1.612,1.664,2.287,2.258,0.42,0.516,1.767
0.611,1.612,1.664,2.288,2.258,0.42,0.516,1.766
0.611,1.612,1.665,2.287,2.258,0.42,0.516,1.766
0.611,1.612,1.665,2.288,2.258,0.42,0.517,1.767
0.612,1.612,1.665,2.288,2.258,0.42,0.516,1.766
0.612,1.612,1.666,2.288,2.258,0.42,0.517,1.767
0.612,1.612,1.666,2.288,2.258,0.42,0.517,1.766
0.612,1.612,1.666,2.288,2.259,0.42,0.517,1.766
0.612,1.612,1.666,2.288,2.259,0.42,0.517,1.767
0.612,1.612,1.666,2.288,2.259,0.419,0.517,1.766
0.612,1.612,1.667,2.288,2.259,0.42,0.517,1.766
0.612,1.612,1.667,2.288,2.259,0.419,0.517,1.766
0.612,1.612,1.667,2.288,2.259,0.419,0.517,1.767
0.613,1.612,1.668,2.288,2.259,0.419,0.517,1.767
0.613,1.612,1.668,2.288,2.259,0.419,0.517,1.767
0.613,1.612,1.668,2.289,2.259,0.419,0.517,1.767
0.613,1.612,1.668,2.289,2.259,0.419,0.517,1.766
0.613,1.612,1.669,2.289,2.259,0.419,0.517,1.767
0.613,1.612,1.669,2.289,2.259,0.419,0.517,1.767
0.613,1.611,1.669,2.289,2.259,0.419,0.517,1.767
0.613,1.611,1.669,2.289,2.259,0.419,0.517,1.767
0.613,1.612,1.67,2.289,2.259,0.419,0.518,1.767
0.613,1.611,1.67,2.289,2.259,0.419,0.518,1.767
0.614,1.611,1.67,2.289,2.259,0.419,0.518,1.766
0.613,1.611,1.67,2.289,2.259,0.419,0.518,1.767
0.614,1.611,1.67,2.289,2.259,0.419,0.518,1.767
0.614,1.611,1.671,2.29,2.259,0.419,0.518,1.767
0.614,1.611,1.671,2.29,2.259,0.419,0.518,1.767
0.614,1.611,1.671,2.29,2.259,0.419,0.518,1.767
0.614,1.611,1.672,2.29,2.259,0.419,0.518,1.767
0.614,1.611,1.672,2.29,2.259,0.419,0.518,1.767
0.614,1.611,1.672,2.29,2.259,0.419,0.518,1.767
0.614,1.611,1.672,2.29,2.259,0.419,0.518,1.767
0.614,1.611,1.673,2.29,2.259,0.419,0.518,1.767
0.614,1.611,1.673,2.29,2.259,0.418,0.518,1.767
0.615,1.611,1.673,2.29,2.259,0.418,0.518,1.767
0.615,1.611,1.673,2.29,2.259,0.418,0.518,1.767
0.615,1.611,1.673,2.29,2.259,0.418,0.519,1.767
0.615,1.611,1.674,2.291,2.26,0.418,0.519,1.767
0.615,1.611,1.674,2.29,2.259,0.418,0.519,1.767
0.615,1.611,1.674,2.29,2.26,0.418,0.519,1.767
0.615,1.611,1.675,2.291,2.26,0.418,0.519,1.767
0.615,1.611,1.675,2.291,2.26,0.418,0.519,1.767
0.615,1.611,1.675,2.291,2.26,0.418,0.519,1.767
0.615,1.611,1.675,2.291,2.26,0.418,0.519,1.767
0.615,1.611,1.675,2.291,2.26,0.418,0.519,1.767
0.615,1.611,1.676,2.291,2.26,0.418,0.519,1.767
0.616,1.611,1.676,2.291,2.26,0.418,0.519,1.767
0.616,1.611,1.676,2.291,2.26,0.418,0.519,1.767
0.616,1.611,1.676,2.291,2.26,0.418,0.519,1.767
0.616,1.611,1.677,2.291,2.26,0.418,0.519,1.767
0.616,1.611,1.677,2.292,2.26,0.418,0.519,1.767
0.616,1.611,1.677,2.292,2.26,0.418,0.519,1.767
0.616,1.611,1.677,2.292,2.26,0.418,0.52,1.767
0.616,1.611,1.678,2.292,2.26,0.418,0.519,1.767
0.616,1.611,1.678,2.292,2.26,0.418,0.52,1.767
0.616,1.611,1.678,2.292,2.26,0.418,0.52,1.767
0.617,1.611,1.678,2.292,2.26,0.418,0.52,1.767
0.617,1.611,1.679,2.292,2.26,0.417,0.52,1.767
0.617,1.611,1.679,2.292,2.26,0.417,0.52,1.767
0.617,1.61,1.679,2.292,2.26,0.417,0.52,1.767
0.617,1.611,1.68,2.292,2.26,0.417,0.52,1.767
0.617,1.611,1.68,2.292,2.26,0.417,0.52,1.767
0.617,1.61,1.68,2.292,2.26,0.417,0.52,1.767
0.617,1.61,1.68,2.292,2.26,0.417,0.52,1.768
0.617,1.61,1.68,2.293,2.26,0.417,0.52,1.767
0.617,1.61,1.681,2.293,2.26,0.417,0.52,1.767
0.617,1.61,1.681,2.293,2.26,0.417,0.52,1.767
0.618,1.61,1.681,2.293,2.26,0.417,0.52,1.767
0.618,1.61,1.681,2.293,2.26,0.417,0.52,1.768
0.618,1.61,1.682,2.293,2.26,0.417,0.52,1.768
0.618,1.61,1.682,2.293,2.26,0.417,0.52,1.767
0.618,1.61,1.682,2.293,2.26,0.417,0.52,1.768
0.618,1.61,1.683,2.293,2.26,0.417,0.521,1.768
0.618,1.61,1.683,2.293,2.261,0.417,0.521,1.768
0.618,1.61,1.683,2.293,2.26,0.417,0.521,1.767
0.618,1.61,1.683,2.293,2.261,0.417,0.521,1.768
0.618,1.61,1.683,2.294,2.261,0.417,0.521,1.768
0.619,1.61,1.684,2.294,2.261,0.417,0.521,1.768
0.619,1.61,1.684,2.294,2.261,0.417,0.521,1.768
0.619,1.61,1.684,2.294,2.261,0.417,0.521,1.768
0.619,1.61,1.684,2.294,2.261,0.417,0.521,1.768
0.619,1.61,1.685,2.294,2.261,0.417,0.521,1.768
0.619,1.61,1.685,2.294,2.261,0.417,0.521,1.768
0.619,1.61,1.685,2.294,2.261,0.416,0.521,1.768
0.619,1.61,1.685,2.294,2.261,0.416,0.521,1.768
0.619,1.61,1.686,2.294,2.261,0.416,0.521,1.768
0.619,1.61,1.686,2.295,2.261,0.416,0.521,1.768
0.619,1.61,1.686,2.295,2.261,0.416,0.521,1.768
0.62,1.61,1.686,2.295,2.261,0.416,0.521,1.768
0.62,1.61,1.686,2.295,2.261,0.416,0.522,1.768
0.62,1.61,1.687,2.295,2.261,0.416,0.522,1.768
0.62,1.61,1.687,2.295,2.261,0.416,0.522,1.768
0.62,1.61,1.687,2.295,2.261,0.416,0.522,1.768
0.62,1.61,1.687,2.295,2.261,0.416,0.522,1.768
0.62,1.61,1.688,2.295,2.261,0.416,0.522,1.768
0.62,1.61,1.688,2.295,2.261,0.416,0.522,1.768
0.62,1.61,1.688,2.295,2.261,0.416,0.522,1.768
0.62,1.61,1.689,2.295,2.261,0.416,0.522,1.768
0.62,1.61,1.689,2.295,2.261,0.416,0.522,1.768
0.621,1.61,1.689,2.296,2.261,0.416,0.522,1.768
0.621,1.609,1.689,2.296,2.261,0.416,0.522,1.768
0.621,1.61,1.689,2.296,2.261,0.416,0.522,1.768
0.621,1.61,1.69,2.296,2.261,0.416,0.522,1.768
0.621,1.609,1.69,2.296,2.262,0.416,0.522,1.768
0.621,1.61,1.69,2.296,2.262,0.416,0.522,1.768
0.621,1.609,1.69,2.296,2.262,0.415,0.522,1.768
0.621,1.609,1.691,2.296,2.262,0.415,0.522,1.768
0.621,1.61,1.691,2.296,2.262,0.416,0.523,1.768
0.621,1.609,1.691,2.296,2.262,0.416,0.523,1.768
0.621,1.609,1.691,2.296,2.262,0.415,0.523,1.768
0.621,1.609,1.691,2.297,2.262,0.415,0.523,1.768
0.622,1.609,1.692,2.296,2.262,0.415,0.523,1.768
0.622,1.609,1.692,2.296,2.262,0.415,0.523,1.768
0.622,1.609,1.692,2.297,2.262,0.415,0.523,1.768
0.622,1.609,1.692,2.297,2.262,0.415,0.523,1.768
0.622,1.609,1.693,2.297,2.262,0.415,0.523,1.768
0.622,1.609,1.693,2.297,2.262,0.415,0.523,1.768
0.622,1.609,1.693,2.297,2.262,0.415,0.523,1.768
0.622,1.609,1.694,2.297,2.262,0.415,0.523,1.768
0.622,1.609,1.694,2.297,2.262,0.415,0.523,1.768
0.622,1.609,1.694,2.297,2.262,0.415,0.523,1.768
0.622,1.609,1.694,2.297,2.262,0.415,0.523,1.768
0.623,1.609,1.695,2.297,2.262,0.415,0.523,1.768
0.623,1.609,1.695,2.297,2.262,0.415,0.523,1.768
0.623,1.609,1.695,2.298,2.262,0.415,0.524,1.768
0.623,1.609,1.695,2.297,2.262,0.415,0.523,1.769
0.623,1.609,1.696,2.298,2.262,0.415,0.524,1.768
0.623,1.609,1.696,2.298,2.262,0.415,0.524,1.768
0.623,1.609,1.696,2.298,2.262,0.415,0.524,1.769
0.623,1.609,1.696,2.298,2.262,0.415,0.524,1.768
0.623,1.609,1.697,2.298,2.262,0.415,0.524,1.769
0.623,1.609,1.697,2.298,2.262,0.415,0.524,1.768
0.623,1.609,1.697,2.298,2.262,0.415,0.524,1.768
0.624,1.609,1.697,2.298,2.262,0.414,0.524,1.769
0.624,1.609,1.697,2.298,2.262,0.415,0.524,1.768
0.624,1.609,1.698,2.298,2.262,0.414,0.524,1.769
0.624,1.609,1.698,2.298,2.263,0.414,0.524,1.769
0.624,1.609,1.698,2.298,2.263,0.414,0.524,1.769
0.624,1.609,1.698,2.298,2.262,0.414,0.524,1.769
0.624,1.609,1.699,2.298,2.263,0.414,0.524,1.769
0.624,1.609,1.699,2.298,2.263,0.414,0.524,1.769
0.624,1.609,1.699,2.299,2.263,0.414,0.524,1.769
0.624,1.609,1.699,2.299,2.263,0.414,0.525,1.769
0.624,1.609,1.7,2.299,2.263,0.414,0.525,1.769
0.625,1.609,1.7,2.299,2.263,0.414,0.525,1.769
0.625,1.609,1.7,2.299,2.263,0.414,0.525,1.769
0.625,1.609,1.7,2.299,2.263,0.414,0.525,1.769
0.625,1.609,1.701,2.299,2.263,0.414,0.525,1.769
0.625,1.609,1.701,2.299,2.263,0.414,0.525,1.769
0.625,1.609,1.701,2.299,2.263,0.414,0.525,1.769
0.625,1.609,1.701,2.299,2.263,0.414,0.525,1.769
0.625,1.609,1.701,2.299,2.263,0.414,0.525,1.769
0.625,1.609,1.702,2.3,2.263,0.414,0.525,1.769
0.625,1.609,1.702,2.3,2.263,0.414,0.525,1.769
0.626,1.609,1.702,2.3,2.263,0.414,0.525,1.769
0.626,1.609,1.702,2.3,2.263,0.414,0.525,1.769
0.626,1.609,1.703,2.3,2.263,0.414,0.525,1.769
0.626,1.609,1.703,2.3,2.263,0.414,0.525,1.769
0.626,1.609,1.703,2.3,2.263,0.414,0.525,1.769
0.626,1.609,1.703,2.3,2.263,0.414,0.525,1.769
0.626,1.609,1.704,2.3,2.263,0.413,0.526,1.769
0.626,1.609,1.704,2.3,2.263,0.413,0.526,1.769
0.626,1.609,1.704,2.3,2.263,0.413,0.526,1.769
0.626,1.608,1.704,2.3,2.263,0.413,0.526,1.769
0.626,1.609,1.705,2.3,2.264,0.413,0.526,1.769
0.626,1.609,1.705,2.301,2.263,0.413,0.526,1.769
0.627,1.608,1.705,2.301,2.263,0.413,0.526,1.769
0.627,1.608,1.705,2.301,2.263,0.413,0.526,1.769
0.626,1.608,1.706,2.301,2.264,0.413,0.526,1.769
0.627,1.608,1.706,2.301,2.264,0.413,0.526,1.769
0.627,1.608,1.706,2.301,2.264,0.413,0.526,1.769
0.627,1.608,1.706,2.301,2.264,0.413,0.526,1.769
0.627,1.608,1.706,2.301,2.264,0.413,0.526,1.769
0.627,1.608,1.707,2.301,2.264,0.413,0.526,1.769
0.627,1.608,1.707,2.301,2.264,0.413,0.526,1.769
0.627,1.608,1.707,2.301,2.264,0.413,0.526,1.769
0.627,1.608,1.708,2.301,2.264,0.413,0.526,1.77
0.627,1.608,1.708,2.302,2.264,0.413,0.527,1.769
0.627,1.608,1.708,2.302,2.264,0.413,0.527,1.769
0.628,1.608,1.708,2.302,2.264,0.413,0.527,1.77
0.628,1.608,1.708,2.302,2.264,0.413,0.527,1.769
0.628,1.608,1.709,2.302,2.264,0.413,0.527,1.769
0.628,1.608,1.709,2.302,2.264,0.413,0.527,1.77
0.628,1.608,1.709,2.302,2.264,0.413,0.527,1.77
0.628,1.608,1.709,2.302,2.264,0.413,0.527,1.769
0.628,1.608,1.71,2.302,2.264,0.413,0.527,1.77
0.628,1.608,1.71,2.302,2.264,0.412,0.527,1.769
0.628,1.608,1.71,2.302,2.264,0.412,0.527,1.77
0.628,1.608,1.71,2.303,2.264,0.412,0.527,1.77
0.629,1.608,1.711,2.302,2.264,0.412,0.527,1.77
0.629,1.608,1.711,2.302,2.264,0.412,0.527,1.77
0.629,1.608,1.711,2.303,2.264,0.412,0.527,1.769
0.629,1.608,1.712,2.303,2.264,0.412,0.527,1.77
0.629,1.608,1.712,2.303,2.264,0.412,0.528,1.769
0.629,1.608,1.712,2.303,2.264,0.412,0.528,1.77
0.629,1.608,1.712,2.303,2.264,0.412,0.528,1.769
0.629,1.608,1.712,2.303,2.264,0.412,0.528,1.77
0.629,1.608,1.713,2.303,2.264,0.412,0.528,1.77
0.629,1.608,1.713,2.303,2.264,0.412,0.528,1.77
0.629,1.608,1.713,2.303,2.264,0.412,0.528,1.77
0.63,1.608,1.713,2.303,2.264,0.412,0.528,1.77
0.63,1.608,1.713,2.303,2.265,0.412,0.528,1.77
0.63,1.608,1.714,2.303,2.265,0.412,0.528,1.77
0.63,1.608,1.714,2.303,2.265,0.412,0.528,1.77
0.63,1.608,1.714,2.303,2.264,0.412,0.528,1.77
0.63,1.608,1.714,2.303,2.265,0.412,0.528,1.77
0.63,1.608,1.715,2.304,2.264,0.412,0.528,1.77
0.63,1.608,1.715,2.304,2.265,0.412,0.528,1.77
0.63,1.608,1.715,2.304,2.265,0.412,0.528,1.77
0.63,1.608,1.715,2.304,2.265,0.412,0.528,1.77
0.63,1.608,1.715,2.304,2.265,0.412,0.529,1.77
0.63,1.608,1.716,2.304,2.265,0.411,0.529,1.77
0.63,1.608,1.716,2.304,2.265,0.412,0.529,1.77
0.63,1.608,1.716,2.304,2.265,0.412,0.529,1.77
0.631,1.608,1.717,2.304,2.265,0.411,0.529,1.77
0.631,1.608,1.717,2.304,2.265,0.411,0.529,1.77
0.631,1.608,1.717,2.305,2.265,0.411,0.529,1.77
0.631,1.608,1.717,2.304,2.265,0.411,0.529,1.77
0.631,1.608,1.718,2.304,2.265,0.411,0.529,1.77
0.631,1.608,1.718,2.304,2.265,0.411,0.529,1.77
0.631,1.608,1.718,2.304,2.265,0.411,0.529,1.77
0.631,1.607,1.718,2.304,2.265,0.411,0.529,1.77
0.631,1.607,1.718,2.305,2.265,0.411,0.529,1.77
0.631,1.607,1.718,2.305,2.265,0.411,0.529,1.77
0.632,1.608,1.719,2.305,2.265,0.411,0.529,1.77
0.632,1.607,1.719,2.305,2.265,0.411,0.529,1.77
0.632,1.607,1.719,2.305,2.265,0.411,0.529,1.77
0.632,1.607,1.719,2.304,2.265,0.411,0.529,1.77
0.632,1.607,1.719,2.304,2.264,0.411,0.529,1.77
0.632,1.607,1.72,2.303,2.264,0.411,0.529,1.771
0.632,1.607,1.72,2.302,2.264,0.411,0.529,1.771
0.632,1.604,1.719,2.301,2.263,0.41,0.529,1.771
0.632,1.601,1.719,2.299,2.262,0.41,0.529,1.77
0.632,1.598,1.719,2.298,2.261,0.41,0.529,1.769
0.632,1.594,1.719,2.297,2.26,0.41,0.529,1.768
0.632,1.59,1.718,2.295,2.258,0.409,0.529,1.766
0.632,1.586,1.718,2.293,2.256,0.409,0.529,1.765
0.632,1.581,1.718,2.291,2.254,0.409,0.529,1.763
0.632,1.577,1.718,2.29,2.252,0.408,0.529,1.761
0.632,1.574,1.718,2.288,2.25,0.408,0.529,1.758
0.632,1.571,1.718,2.286,2.248,0.408,0.529,1.756
0.632,1.567,1.718,2.284,2.246,0.407,0.529,1.754
0.632,1.563,1.717,2.282,2.244,0.407,0.529,1.751
0.632,1.559,1.717,2.28,2.242,0.407,0.529,1.749
0.632,1.555,1.717,2.278,2.24,0.406,0.529,1.747
0.632,1.55,1.716,2.276,2.238,0.406,0.529,1.744
0.632,1.545,1.716,2.274,2.236,0.405,0.529,1.742
0.632,1.54,1.716,2.272,2.234,0.405,0.528,1.74
0.632,1.536,1.716,2.271,2.232,0.404,0.528,1.738
0.632,1.531,1.715,2.269,2.231,0.404,0.528,1.735
0.632,1.526,1.715,2.267,2.229,0.403,0.528,1.733
0.632,1.52,1.715,2.265,2.227,0.403,0.528,1.731
0.632,1.516,1.714,2.264,2.225,0.402,0.528,1.729
0.632,1.511,1.714,2.262,2.223,0.402,0.528,1.727
0.632,1.506,1.714,2.26,2.222,0.401,0.528,1.725
0.632,1.502,1.713,2.258,2.22,0.401,0.528,1.723
0.632,1.497,1.713,2.256,2.218,0.4,0.528,1.721
0.632,1.492,1.713,2.255,2.217,0.4,0.528,1.718
0.632,1.488,1.712,2.253,2.215,0.399,0.528,1.716
0.632,1.483,1.712,2.251,2.213,0.398,0.527,1.714
0.632,1.478,1.711,2.25,2.212,0.398,0.528,1.713
0.632,1.473,1.711,2.248,2.21,0.398,0.527,1.711
0.632,1.468,1.711,2.246,2.208,0.397,0.527,1.709
0.632,1.463,1.71,2.245,2.207,0.396,0.527,1.707
0.632,1.459,1.71,2.243,2.205,0.396,0.527,1.705
0.632,1.454,1.709,2.241,2.203,0.395,0.527,1.703
0.632,1.45,1.709,2.24,2.201,0.395,0.527,1.701
0.631,1.445,1.709,2.238,2.2,0.394,0.527,1.699
0.631,1.441,1.708,2.236,2.198,0.393,0.527,1.697
0.632,1.436,1.708,2.234,2.196,0.393,0.527,1.696
0.631,1.431,1.707,2.233,2.195,0.392,0.526,1.694
0.631,1.426,1.707,2.23,2.193,0.391,0.527,1.692
0.631,1.421,1.706,2.229,2.191,0.39,0.527,1.69
0.631,1.416,1.706,2.227,2.189,0.39,0.526,1.688
0.631,1.41,1.705,2.225,2.188,0.389,0.526,1.687
0.631,1.406,1.705,2.223,2.186,0.389,0.526,1.685
0.631,1.4,1.704,2.221,2.184,0.388,0.526,1.683
0.631,1.396,1.704,2.22,2.182,0.387,0.526,1.682
0.63,1.391,1.703,2.218,2.181,0.386,0.526,1.68
0.63,1.387,1.703,2.216,2.179,0.386,0.526,1.678
0.63,1.383,1.702,2.214,2.177,0.385,0.526,1.676
0.63,1.379,1.702,2.212,2.175,0.384,0.526,1.674
0.63,1.375,1.701,2.211,2.174,0.383,0.525,1.673
0.63,1.371,1.701,2.209,2.172,0.383,0.525,1.671
0.63,1.366,1.7,2.207,2.17,0.382,0.525,1.669
0.629,1.361,1.7,2.205,2.168,0.381,0.525,1.668
0.629,1.356,1.699,2.203,2.167,0.38,0.525,1.666
0.629,1.351,1.699,2.202,2.165,0.38,0.525,1.664
0.629,1.347,1.698,2.2,2.163,0.379,0.525,1.663
0.629,1.342,1.698,2.198,2.161,0.378,0.525,1.661
0.629,1.338,1.697,2.196,2.16,0.378,0.525,1.659
0.629,1.334,1.697,2.195,2.158,0.377,0.525,1.658
0.629,1.33,1.696,2.192,2.156,0.376,0.525,1.656
0.629,1.326,1.696,2.191,2.155,0.375,0.524,1.654
0.628,1.322,1.695,2.189,2.153,0.374,0.524,1.652
0.628,1.317,1.695,2.187,2.151,0.374,0.524,1.651
0.628,1.313,1.694,2.186,2.149,0.373,0.524,1.649
0.628,1.309,1.694,2.184,2.148,0.372,0.524,1.647
0.628,1.305,1.693,2.182,2.146,0.371,0.524,1.645
0.628,1.301,1.692,2.18,2.144,0.37,0.524,1.643
0.627,1.297,1.692,2.178,2.143,0.37,0.524,1.642
0.627,1.294,1.692,2.177,2.141,0.369,0.523,1.639
0.627,1.29,1.691,2.175,2.139,0.368,0.523,1.638
0.627,1.286,1.69,2.173,2.138,0.367,0.524,1.636
0.627,1.283,1.69,2.171,2.136,0.366,0.523,1.634
0.627,1.279,1.689,2.17,2.134,0.365,0.523,1.632
0.626,1.275,1.689,2.168,2.132,0.365,0.523,1.631
0.626,1.271,1.688,2.166,2.131,0.364,0.523,1.629
0.626,1.268,1.688,2.164,2.129,0.363,0.523,1.627
0.626,1.264,1.687,2.162,2.127,0.362,0.523,1.625
0.626,1.261,1.687,2.16,2.126,0.361,0.523,1.623
0.626,1.257,1.686,2.159,2.124,0.361,0.523,1.622
0.625,1.254,1.686,2.157,2.122,0.36,0.523,1.62
0.625,1.251,1.685,2.155,2.121,0.359,0.522,1.618
0.625,1.248,1.685,2.153,2.119,0.358,0.522,1.616
0.625,1.244,1.684,2.151,2.118,0.357,0.522,1.615
0.625,1.241,1.684,2.15,2.116,0.357,0.522,1.613
0.624,1.238,1.683,2.148,2.114,0.356,0.522,1.611
0.624,1.235,1.683,2.146,2.113,0.355,0.522,1.61
0.624,1.231,1.682,2.145,2.111,0.354,0.522,1.608
0.624,1.228,1.682,2.143,2.109,0.353,0.522,1.607
0.624,1.225,1.681,2.141,2.107,0.352,0.522,1.605
0.624,1.221,1.68,2.139,2.106,0.351,0.522,1.603
0.623,1.218,1.68,2.137,2.104,0.351,0.521,1.602
0.623,1.215,1.679,2.136,2.103,0.35,0.521,1.6
0.623,1.211,1.679,2.134,2.101,0.349,0.521,1.598
0.623,1.208,1.678,2.132,2.099,0.348,0.521,1.597
0.623,1.204,1.678,2.131,2.097,0.347,0.521,1.596
0.623,1.201,1.677,2.129,2.096,0.346,0.521,1.594
0.622,1.198,1.676,2.127,2.094,0.346,0.521,1.593
0.622,1.194,1.676,2.125,2.093,0.345,0.521,1.591
0.622,1.191,1.675,2.124,2.091,0.344,0.521,1.589
0.622,1.189,1.675,2.122,2.09,0.343,0.52,1.588
0.621,1.186,1.674,2.12,2.088,0.342,0.521,1.587
0.621,1.183,1.674,2.119,2.086,0.342,0.52,1.585
0.621,1.18,1.673,2.117,2.085,0.341,0.52,1.584
0.621,1.177,1.673,2.115,2.083,0.34,0.52,1.582
0.621,1.174,1.672,2.114,2.081,0.339,0.52,1.581
0.62,1.171,1.671,2.112,2.08,0.338,0.52,1.579
0.62,1.168,1.671,2.11,2.078,0.337,0.52,1.578
0.62,1.165,1.67,2.109,2.076,0.337,0.52,1.576
0.62,1.161,1.67,2.107,2.075,0.336,0.52,1.575
0.619,1.158,1.669,2.106,2.073,0.335,0.52,1.573
0.619,1.155,1.668,2.104,2.071,0.334,0.52,1.572
0.619,1.152,1.668,2.102,2.07,0.333,0.519,1.57
0.619,1.15,1.668,2.1,2.068,0.332,0.519,1.569
0.619,1.147,1.667,2.099,2.067,0.332,0.519,1.567
0.618,1.144,1.666,2.097,2.065,0.331,0.519,1.566
0.618,1.142,1.666,2.095,2.063,0.33,0.519,1.564
0.618,1.139,1.665,2.093,2.062,0.329,0.519,1.563
0.618,1.137,1.665,2.092,2.06,0.329,0.519,1.561
0.617,1.135,1.664,2.09,2.059,0.328,0.519,1.56
0.617,1.132,1.664,2.089,2.057,0.327,0.519,1.558
0.617,1.13,1.663,2.087,2.056,0.326,0.519,1.557
0.617,1.127,1.663,2.086,2.054,0.325,0.518,1.555
0.617,1.125,1.662,2.084,2.053,0.325,0.518,1.554
0.616,1.122,1.662,2.083,2.051,0.324,0.518,1.553
0.616,1.12,1.661,2.081,2.049,0.323,0.518,1.551
0.616,1.117,1.661,2.08,2.048,0.322,0.518,1.55
0.616,1.115,1.66,2.078,2.046,0.321,0.518,1.549
0.615,1.112,1.66,2.077,2.045,0.321,0.518,1.548
0.615,1.11,1.659,2.075,2.043,0.32,0.518,1.546
0.615,1.108,1.658,2.074,2.042,0.319,0.518,1.545
0.615,1.106,1.658,2.072,2.04,0.318,0.518,1.544
0.614,1.104,1.657,2.07,2.039,0.318,0.518,1.543
0.614,1.101,1.657,2.069,2.037,0.317,0.517,1.541
0.614,1.099,1.656,2.067,2.035,0.316,0.517,1.54
0.614,1.096,1.655,2.066,2.034,0.315,0.517,1.539
0.613,1.094,1.655,2.064,2.032,0.315,0.517,1.537
0.613,1.091,1.654,2.063,2.031,0.314,0.517,1.536
0.613,1.089,1.654,2.061,2.029,0.313,0.517,1.535
0.613,1.087,1.653,2.059,2.028,0.312,0.517,1.533
0.612,1.084,1.652,2.058,2.027,0.311,0.517,1.532
0.612,1.082,1.652,2.056,2.025,0.311,0.517,1.531
0.612,1.08,1.651,2.055,2.023,0.31,0.517,1.529
0.612,1.077,1.651,2.053,2.022,0.309,0.516,1.528
0.611,1.075,1.65,2.052,2.02,0.308,0.516,1.527
0.611,1.073,1.65,2.05,2.019,0.308,0.516,1.525
0.611,1.071,1.649,2.049,2.017,0.307,0.516,1.524
0.611,1.069,1.649,2.047,2.016,0.306,0.516,1.522
0.611,1.067,1.648,2.046,2.014,0.305,0.516,1.521
0.61,1.065,1.648,2.044,2.013,0.305,0.516,1.52
0.61,1.062,1.647,2.043,2.011,0.304,0.516,1.518
0.61,1.06,1.646,2.041,2.01,0.303,0.516,1.517
0.609,1.058,1.646,2.04,2.008,0.303,0.516,1.516
0.609,1.056,1.645,2.038,2.006,0.302,0.516,1.515
0.609,1.054,1.645,2.037,2.005,0.301,0.515,1.513
0.609,1.052,1.644,2.036,2.004,0.3,0.515,1.512
0.608,1.05,1.644,2.034,2.002,0.299,0.515,1.511
0.608,1.048,1.643,2.033,2.001,0.299,0.515,1.51
0.608,1.046,1.643,2.031,1.999,0.298,0.515,1.509
0.608,1.044,1.642,2.03,1.998,0.297,0.515,1.507
0.607,1.042,1.642,2.028,1.996,0.297,0.515,1.506
0.607,1.04,1.641,2.027,1.995,0.296,0.515,1.505
0.607,1.039,1.64,2.026,1.993,0.295,0.515,1.503
0.607,1.037,1.64,2.024,1.992,0.295,0.515,1.502
0.606,1.035,1.639,2.023,1.99,0.294,0.514,1.5
0.606,1.033,1.639,2.021,1.989,0.293,0.514,1.499
0.606,1.031,1.638,2.02,1.987,0.292,0.514,1.498
0.605,1.03,1.638,2.018,1.986,0.292,0.514,1.497
0.605,1.028,1.637,2.017,1.984,0.291,0.514,1.495
0.605,1.026,1.637,2.016,1.983,0.29,0.514,1.494
0.605,1.024,1.636,2.014,1.981,0.29,0.514,1.493
0.604,1.022,1.635,2.013,1.98,0.289,0.514,1.492
0.604,1.02,1.635,2.011,1.979,0.288,0.514,1.491
0.604,1.019,1.634,2.01,1.977,0.288,0.514,1.489
0.604,1.017,1.634,2.008,1.976,0.287,0.514,1.488
0.603,1.016,1.633,2.007,1.974,0.286,0.513,1.487
0.603,1.014,1.633,2.006,1.973,0.286,0.513,1.486
0.603,1.012,1.632,2.004,1.971,0.285,0.513,1.485
0.602,1.011,1.631,2.003,1.97,0.284,0.513,1.484
0.602,1.009,1.631,2.002,1.969,0.284,0.513,1.483
0.602,1.007,1.63,2.0,1.967,0.283,0.513,1.481
0.602,1.005,1.63,1.999,1.966,0.282,0.513,1.48
0.601,1.003,1.629,1.998,1.964,0.282,0.513,1.479
0.601,1.001,1.629,1.996,1.963,0.281,0.513,1.478
0.601,0.999,1.628,1.995,1.962,0.28,0.513,1.476
0.601,0.998,1.628,1.994,1.961,0.28,0.513,1.475
0.6,0.996,1.627,1.992,1.959,0.279,0.513,1.474
0.6,0.995,1.627,1.991,1.958,0.278,0.512,1.473
0.6,0.993,1.626,1.989,1.956,0.278,0.512,1.472
0.599,0.992,1.626,1.988,1.955,0.277,0.512,1.47
0.599,0.99,1.625,1.987,1.954,0.277,0.512,1.469
0.599,0.989,1.625,1.985,1.952,0.276,0.512,1.468
0.599,0.987,1.624,1.984,1.951,0.275,0.512,1.467
0.598,0.985,1.623,1.983,1.95,0.275,0.512,1.466
0.598,0.984,1.623,1.982,1.948,0.274,0.512,1.465
0.598,0.982,1.622,1.98,1.947,0.273,0.512,1.464
0.597,0.98,1.622,1.979,1.946,0.273,0.511,1.463
0.597,0.978,1.621,1.978,1.944,0.272,0.511,1.462
0.597,0.977,1.621,1.976,1.943,0.272,0.511,1.46
0.597,0.975,1.62,1.975,1.941,0.271,0.511,1.459
0.596,0.974,1.62,1.974,1.94,0.27,0.511,1.458
0.596,0.972,1.619,1.972,1.939,0.27,0.511,1.457
0.596,0.971,1.619,1.972,1.938,0.269,0.511,1.455
0.596,0.97,1.619,1.971,1.937,0.269,0.511,1.455
0.595,0.968,1.618,1.969,1.935,0.268,0.511,1.454
0.595,0.966,1.617,1.967,1.933,0.267,0.511,1.452
0.594,0.963,1.615,1.963,1.93,0.267,0.51,1.45
0.594,0.963,1.615,1.962,1.929,0.266,0.51,1.448
0.595,0.963,1.617,1.964,1.93,0.266,0.511,1.449
0.594,0.962,1.616,1.963,1.93,0.265,0.511,1.449
0.594,0.96,1.615,1.961,1.928,0.265,0.51,1.448
0.593,0.958,1.614,1.959,1.926,0.264,0.51,1.446
0.592,0.956,1.612,1.956,1.922,0.263,0.51,1.444
0.592,0.955,1.611,1.955,1.921,0.263,0.509,1.443
0.593,0.955,1.613,1.957,1.922,0.262,0.51,1.443
0.592,0.954,1.613,1.956,1.922,0.262,0.51,1.443
0.592,0.952,1.612,1.954,1.92,0.261,0.51,1.442
0.591,0.95,1.611,1.952,1.918,0.261,0.51,1.44
0.59,0.948,1.608,1.948,1.914,0.26,0.509,1.438
0.591,0.947,1.608,1.947,1.913,0.259,0.509,1.436
0.591,0.947,1.61,1.949,1.914,0.259,0.509,1.437
0.591,0.946,1.61,1.948,1.914,0.259,0.51,1.437
0.59,0.944,1.609,1.946,1.912,0.258,0.509,1.436
0.59,0.942,1.607,1.945,1.91,0.257,0.509,1.434
0.589,0.94,1.605,1.941,1.907,0.257,0.508,1.432
0.589,0.939,1.605,1.94,1.906,0.256,0.508,1.43
0.59,0.939,1.607,1.941,1.907,0.256,0.509,1.43
0.589,0.938,1.607,1.941,1.907,0.255,0.509,1.431
0.589,0.937,1.606,1.939,1.905,0.255,0.509,1.429
0.588,0.935,1.604,1.937,1.903,0.254,0.509,1.427
0.587,0.933,1.602,1.934,1.9,0.254,0.508,1.425
0.587,0.932,1.602,1.933,1.898,0.253,0.508,1.423
0.588,0.932,1.604,1.934,1.9,0.253,0.508,1.424
0.587,0.931,1.604,1.934,1.9,0.252,0.509,1.424
0.587,0.929,1.602,1.932,1.898,0.252,0.508,1.423
0.586,0.927,1.601,1.93,1.896,0.251,0.508,1.421
0.585,0.925,1.599,1.927,1.893,0.25,0.507,1.419
0.586,0.924,1.599,1.925,1.891,0.25,0.507,1.417
0.586,0.924,1.6,1.926,1.892,0.25,0.508,1.418
0.586,0.923,1.601,1.927,1.892,0.249,0.508,1.418
0.585,0.922,1.599,1.924,1.89,0.249,0.508,1.417
0.585,0.92,1.598,1.923,1.889,0.248,0.508,1.416
0.584,0.918,1.596,1.92,1.885,0.247,0.507,1.413
0.584,0.917,1.596,1.918,1.884,0.247,0.507,1.411
0.584,0.917,1.597,1.919,1.885,0.247,0.507,1.412
0.584,0.916,1.598,1.919,1.885,0.246,0.508,1.412
0.584,0.914,1.596,1.917,1.883,0.246,0.507,1.411
0.583,0.912,1.595,1.915,1.881,0.245,0.507,1.41
0.582,0.91,1.593,1.912,1.878,0.245,0.506,1.407
0.582,0.909,1.593,1.911,1.876,0.244,0.506,1.405
0.583,0.91,1.594,1.912,1.877,0.244,0.507,1.406
0.582,0.909,1.595,1.913,1.878,0.244,0.507,1.406
0.582,0.907,1.594,1.911,1.876,0.243,0.507,1.405
0.581,0.906,1.593,1.909,1.874,0.243,0.507,1.404
0.58,0.904,1.59,1.905,1.871,0.242,0.506,1.401
0.58,0.903,1.589,1.904,1.869,0.241,0.506,1.399
0.581,0.903,1.591,1.905,1.87,0.241,0.506,1.4
0.581,0.902,1.592,1.906,1.871,0.241,0.507,1.4
0.58,0.901,1.591,1.904,1.869,0.24,0.506,1.399
0.58,0.9,1.59,1.902,1.868,0.24,0.506,1.398
0.579,0.897,1.587,1.899,1.865,0.239,0.506,1.396
0.579,0.896,1.586,1.897,1.862,0.239,0.505,1.393
0.579,0.897,1.588,1.898,1.864,0.239,0.506,1.394
0.579,0.895,1.587,1.897,1.863,0.238,0.506,1.393
0.578,0.894,1.587,1.896,1.862,0.238,0.506,1.393
0.578,0.894,1.587,1.895,1.861,0.237,0.506,1.392
0.578,0.893,1.586,1.894,1.859,0.237,0.505,1.391
0.577,0.892,1.585,1.892,1.858,0.236,0.505,1.39
0.577,0.892,1.585,1.891,1.857,0.236,0.505,1.389
0.577,0.891,1.584,1.89,1.856,0.236,0.505,1.388
0.577,0.89,1.584,1.889,1.855,0.235,0.505,1.387
0.576,0.889,1.584,1.888,1.854,0.235,0.505,1.386
0.576,0.888,1.583,1.887,1.852,0.234,0.505,1.386
0.576,0.887,1.583,1.886,1.851,0.234,0.505,1.385
0.576,0.886,1.582,1.884,1.85,0.233,0.505,1.384
0.575,0.885,1.582,1.883,1.849,0.233,0.505,1.383
0.575,0.884,1.581,1.882,1.848,0.232,0.505,1.382
0.575,0.883,1.581,1.881,1.847,0.232,0.504,1.381
0.574,0.882,1.58,1.88,1.846,0.232,0.504,1.381
0.574,0.88,1.58,1.879,1.845,0.232,0.504,1.379
0.574,0.879,1.579,1.878,1.844,0.231,0.504,1.379
0.573,0.878,1.578,1.877,1.843,0.231,0.504,1.378
0.573,0.877,1.578,1.875,1.842,0.23,0.504,1.377
0.573,0.876,1.578,1.874,1.841,0.23,0.504,1.376
0.573,0.875,1.577,1.873,1.839,0.23,0.504,1.375
0.572,0.874,1.576,1.872,1.838,0.229,0.504,1.374
0.572,0.873,1.576,1.871,1.837,0.229,0.504,1.373
0.572,0.872,1.575,1.87,1.836,0.228,0.504,1.372
0.571,0.871,1.575,1.869,1.835,0.228,0.504,1.371
0.571,0.87,1.574,1.868,1.834,0.227,0.503,1.37
0.571,0.869,1.574,1.867,1.833,0.227,0.503,1.369
0.571,0.868,1.573,1.866,1.832,0.227,0.503,1.368
0.57,0.867,1.573,1.865,1.831,0.227,0.503,1.368
0.57,0.866,1.572,1.864,1.83,0.226,0.503,1.367
0.57,0.866,1.572,1.862,1.829,0.226,0.503,1.366
0.569,0.864,1.572,1.861,1.828,0.225,0.503,1.365
0.569,0.864,1.571,1.86,1.827,0.225,0.503,1.364
0.569,0.862,1.57,1.859,1.826,0.225,0.503,1.363
0.569,0.862,1.57,1.858,1.825,0.224,0.503,1.362
0.568,0.861,1.569,1.857,1.824,0.224,0.503,1.362
0.568,0.86,1.569,1.856,1.822,0.223,0.503,1.361
0.568,0.859,1.569,1.855,1.821,0.223,0.502,1.36
0.567,0.858,1.568,1.854,1.82,0.223,0.502,1.359
0.567,0.857,1.568,1.853,1.819,0.222,0.502,1.358
0.567,0.856,1.567,1.852,1.818,0.222,0.502,1.357
0.567,0.855,1.567,1.851,1.817,0.222,0.502,1.357
0.566,0.855,1.566,1.85,1.816,0.221,0.502,1.356
0.566,0.854,1.566,1.849,1.815,0.221,0.502,1.355
0.566,0.853,1.565,1.848,1.814,0.221,0.502,1.354
0.565,0.852,1.565,1.847,1.813,0.22,0.502,1.353
0.565,0.851,1.564,1.846,1.812,0.22,0.502,1.352
0.565,0.851,1.564,1.845,1.811,0.22,0.502,1.351
0.565,0.85,1.563,1.844,1.81,0.219,0.502,1.351
0.564,0.849,1.563,1.843,1.809,0.219,0.501,1.35
0.564,0.848,1.562,1.842,1.808,0.219,0.501,1.349
0.564,0.847,1.562,1.841,1.807,0.218,0.501,1.348
0.564,0.846,1.561,1.84,1.806,0.218,0.501,1.347
0.563,0.845,1.561,1.839,1.805,0.218,0.501,1.346
0.563,0.845,1.56,1.838,1.804,0.217,0.501,1.345
0.563,0.844,1.56,1.837,1.803,0.217,0.501,1.344
0.562,0.843,1.559,1.836,1.802,0.217,0.501,1.343
0.562,0.842,1.559,1.835,1.801,0.216,0.501,1.343
0.562,0.842,1.558,1.834,1.8,0.216,0.501,1.342
0.562,0.841,1.558,1.833,1.799,0.216,0.501,1.341
0.561,0.84,1.557,1.832,1.798,0.215,0.501,1.34
0.561,0.839,1.557,1.831,1.797,0.215,0.501,1.339
0.56,0.836,1.555,1.828,1.795,0.215,0.5,1.338
0.559,0.835,1.552,1.824,1.79,0.214,0.499,1.335
0.56,0.835,1.554,1.826,1.791,0.214,0.499,1.334
0.561,0.836,1.557,1.829,1.794,0.214,0.501,1.337
0.56,0.835,1.556,1.828,1.794,0.214,0.501,1.337
0.559,0.834,1.555,1.826,1.792,0.213,0.5,1.335
0.558,0.831,1.552,1.823,1.789,0.213,0.5,1.333
0.557,0.83,1.549,1.819,1.784,0.212,0.499,1.33
0.558,0.83,1.551,1.82,1.785,0.212,0.499,1.33
0.559,0.831,1.554,1.823,1.788,0.212,0.5,1.332
0.558,0.83,1.553,1.822,1.788,0.212,0.5,1.333
0.558,0.829,1.552,1.82,1.786,0.212,0.5,1.331
0.557,0.827,1.549,1.817,1.783,0.211,0.499,1.329
0.555,0.825,1.546,1.813,1.779,0.21,0.498,1.326
0.557,0.826,1.548,1.814,1.779,0.21,0.498,1.325
0.557,0.827,1.551,1.817,1.782,0.21,0.5,1.327
0.557,0.826,1.551,1.817,1.782,0.21,0.5,1.328
0.556,0.824,1.549,1.814,1.78,0.21,0.499,1.326
0.555,0.822,1.546,1.811,1.777,0.209,0.499,1.324
0.554,0.82,1.543,1.807,1.773,0.208,0.498,1.321
0.555,0.82,1.545,1.808,1.773,0.208,0.498,1.32
0.556,0.821,1.548,1.812,1.776,0.209,0.499,1.322
0.555,0.82,1.548,1.811,1.777,0.208,0.499,1.323
0.554,0.819,1.546,1.809,1.774,0.208,0.499,1.322
0.553,0.817,1.544,1.806,1.771,0.207,0.499,1.32
0.552,0.815,1.541,1.802,1.767,0.207,0.497,1.316
0.553,0.816,1.542,1.802,1.767,0.207,0.497,1.315
0.554,0.817,1.545,1.806,1.77,0.207,0.499,1.318
0.554,0.817,1.545,1.806,1.77,0.207,0.499,1.319
0.553,0.816,1.543,1.804,1.768,0.206,0.499,1.317
0.552,0.814,1.541,1.801,1.765,0.206,0.498,1.315
0.551,0.812,1.538,1.796,1.761,0.205,0.497,1.312
0.551,0.813,1.539,1.797,1.761,0.205,0.497,1.31
0.552,0.814,1.542,1.8,1.764,0.205,0.498,1.313
0.552,0.814,1.542,1.8,1.765,0.205,0.498,1.314
0.551,0.813,1.541,1.798,1.762,0.205,0.498,1.312
0.55,0.811,1.538,1.795,1.76,0.204,0.498,1.31
0.549,0.809,1.535,1.791,1.756,0.203,0.496,1.307
0.55,0.809,1.536,1.791,1.755,0.203,0.496,1.305
0.551,0.81,1.539,1.795,1.759,0.203,0.497,1.308
0.55,0.809,1.539,1.795,1.759,0.203,0.498,1.309
0.55,0.808,1.538,1.793,1.757,0.203,0.498,1.307
0.548,0.806,1.535,1.79,1.754,0.202,0.497,1.306
0.547,0.804,1.532,1.786,1.75,0.202,0.496,1.302
0.548,0.804,1.533,1.786,1.75,0.202,0.496,1.301
0.549,0.805,1.536,1.789,1.753,0.202,0.497,1.303
0.549,0.804,1.537,1.79,1.754,0.202,0.497,1.305
0.548,0.803,1.535,1.788,1.752,0.201,0.497,1.303
0.547,0.801,1.533,1.785,1.749,0.201,0.497,1.302
0.546,0.799,1.53,1.78,1.745,0.2,0.495,1.299
0.546,0.799,1.53,1.78,1.744,0.2,0.495,1.297
0.547,0.8,1.534,1.784,1.747,0.2,0.496,1.3
0.547,0.8,1.534,1.784,1.748,0.2,0.497,1.301
0.546,0.799,1.532,1.782,1.746,0.2,0.497,1.3
0.545,0.797,1.53,1.78,1.744,0.199,0.496,1.298
0.544,0.795,1.527,1.775,1.739,0.199,0.495,1.295
0.545,0.795,1.527,1.775,1.738,0.198,0.495,1.293
0.546,0.796,1.531,1.778,1.742,0.199,0.496,1.295
0.545,0.796,1.531,1.779,1.743,0.199,0.497,1.297
0.545,0.795,1.53,1.777,1.741,0.198,0.496,1.296
0.544,0.793,1.528,1.775,1.738,0.198,0.496,1.294
0.544,0.793,1.528,1.774,1.738,0.198,0.496,1.293
0.544,0.792,1.527,1.773,1.737,0.197,0.495,1.292
0.543,0.792,1.527,1.772,1.736,0.197,0.495,1.292
0.543,0.791,1.526,1.771,1.735,0.197,0.495,1.291
0.543,0.791,1.526,1.77,1.734,0.197,0.495,1.29
0.543,0.79,1.525,1.769,1.733,0.196,0.495,1.29
0.542,0.79,1.525,1.769,1.732,0.196,0.495,1.289
0.542,0.789,1.525,1.767,1.731,0.196,0.495,1.288
0.542,0.789,1.524,1.767,1.73,0.196,0.495,1.288
0.542,0.789,1.524,1.766,1.729,0.196,0.495,1.287
0.541,0.788,1.523,1.765,1.729,0.195,0.495,1.287
0.541,0.788,1.523,1.764,1.728,0.195,0.495,1.286
0.541,0.788,1.522,1.763,1.727,0.195,0.495,1.285
0.541,0.787,1.522,1.762,1.726,0.195,0.495,1.285
0.54,0.787,1.521,1.762,1.725,0.194,0.495,1.284
0.54,0.786,1.521,1.761,1.724,0.194,0.494,1.283
0.54,0.786,1.52,1.76,1.724,0.194,0.494,1.282
0.539,0.785,1.52,1.759,1.723,0.194,0.494,1.282
0.539,0.784,1.52,1.758,1.722,0.193,0.494,1.281
0.539,0.783,1.519,1.757,1.721,0.193,0.494,1.28
0.539,0.783,1.519,1.757,1.72,0.193,0.494,1.28
0.538,0.782,1.518,1.756,1.719,0.193,0.494,1.279
0.538,0.781,1.518,1.755,1.719,0.192,0.494,1.278
0.538,0.78,1.517,1.754,1.718,0.192,0.494,1.278
0.537,0.779,1.517,1.753,1.717,0.192,0.494,1.277
0.537,0.778,1.516,1.752,1.716,0.192,0.494,1.276
0.537,0.777,1.516,1.752,1.715,0.192,0.494,1.276
0.537,0.777,1.515,1.751,1.714,0.191,0.494,1.275
0.537,0.776,1.515,1.75,1.713,0.191,0.493,1.274
0.536,0.775,1.514,1.749,1.712,0.191,0.493,1.274
0.536,0.775,1.514,1.748,1.711,0.191,0.493,1.273
0.536,0.774,1.513,1.747,1.711,0.191,0.493,1.272
0.535,0.774,1.513,1.747,1.71,0.19,0.493,1.272
0.535,0.773,1.512,1.746,1.709,0.19,0.493,1.271
0.535,0.773,1.512,1.745,1.709,0.19,0.493,1.27
0.535,0.772,1.512,1.744,1.708,0.19,0.493,1.27
0.534,0.772,1.511,1.743,1.707,0.19,0.493,1.269
0.534,0.771,1.511,1.742,1.706,0.189,0.493,1.268
0.534,0.771,1.51,1.741,1.705,0.189,0.493,1.268
0.534,0.77,1.51,1.74,1.705,0.189,0.492,1.267
0.533,0.77,1.509,1.74,1.704,0.189,0.492,1.266
0.533,0.769,1.509,1.739,1.703,0.189,0.492,1.266
0.533,0.768,1.508,1.738,1.702,0.188,0.492,1.265
0.533,0.768,1.508,1.737,1.702,0.188,0.492,1.264
0.532,0.767,1.507,1.736,1.701,0.188,0.492,1.264
0.532,0.766,1.507,1.735,1.7,0.188,0.492,1.263
0.532,0.766,1.506,1.735,1.699,0.187,0.492,1.262
0.532,0.765,1.506,1.734,1.698,0.187,0.492,1.261
0.531,0.765,1.506,1.733,1.697,0.187,0.492,1.261
0.531,0.764,1.505,1.732,1.696,0.187,0.492,1.26
0.531,0.764,1.504,1.731,1.696,0.186,0.492,1.259
0.531,0.764,1.504,1.731,1.695,0.186,0.492,1.259
0.53,0.763,1.504,1.73,1.694,0.186,0.491,1.258
0.53,0.763,1.503,1.729,1.693,0.186,0.491,1.258
0.53,0.763,1.503,1.728,1.692,0.186,0.491,1.257
0.529,0.762,1.502,1.727,1.691,0.186,0.491,1.256
0.529,0.761,1.502,1.727,1.69,0.186,0.491,1.256
0.529,0.761,1.501,1.726,1.69,0.185,0.491,1.255
0.529,0.76,1.501,1.725,1.689,0.185,0.491,1.254
0.528,0.76,1.501,1.724,1.688,0.185,0.491,1.254
0.528,0.759,1.5,1.723,1.687,0.185,0.491,1.253
0.528,0.758,1.5,1.723,1.687,0.184,0.491,1.252
0.528,0.758,1.499,1.722,1.686,0.184,0.491,1.249
0.528,0.758,1.501,1.724,1.688,0.184,0.491,1.253
0.528,0.757,1.5,1.723,1.687,0.184,0.492,1.253
0.527,0.756,1.498,1.72,1.684,0.184,0.491,1.251
0.525,0.753,1.494,1.715,1.68,0.183,0.49,1.248
0.525,0.752,1.492,1.712,1.676,0.183,0.489,1.245
0.526,0.754,1.496,1.715,1.679,0.183,0.49,1.246
0.527,0.755,1.499,1.719,1.683,0.183,0.491,1.249
0.526,0.754,1.498,1.718,1.682,0.183,0.491,1.249
0.525,0.752,1.495,1.715,1.679,0.183,0.49,1.248
0.524,0.75,1.491,1.71,1.675,0.182,0.489,1.245
0.523,0.749,1.489,1.707,1.671,0.181,0.488,1.241
0.525,0.751,1.493,1.71,1.674,0.182,0.489,1.242
0.526,0.752,1.496,1.714,1.677,0.182,0.49,1.246
0.525,0.752,1.495,1.713,1.677,0.182,0.491,1.246
0.524,0.75,1.493,1.711,1.674,0.182,0.49,1.245
0.522,0.748,1.489,1.706,1.67,0.181,0.489,1.242
0.522,0.747,1.487,1.703,1.666,0.18,0.488,1.238
0.523,0.748,1.49,1.706,1.669,0.181,0.488,1.239
0.524,0.749,1.493,1.709,1.673,0.181,0.49,1.242
0.523,0.748,1.493,1.709,1.673,0.181,0.49,1.243
0.522,0.747,1.49,1.706,1.67,0.18,0.49,1.241
0.521,0.745,1.486,1.701,1.666,0.18,0.488,1.238
0.52,0.743,1.484,1.698,1.662,0.179,0.487,1.235
0.522,0.745,1.487,1.701,1.664,0.179,0.488,1.235
0.522,0.746,1.49,1.705,1.668,0.18,0.49,1.239
0.522,0.745,1.49,1.704,1.668,0.18,0.49,1.239
0.521,0.744,1.488,1.701,1.665,0.179,0.489,1.238
0.519,0.742,1.484,1.697,1.661,0.179,0.488,1.235
0.519,0.741,1.481,1.693,1.657,0.178,0.487,1.231
0.52,0.742,1.484,1.696,1.659,0.178,0.488,1.232
0.521,0.744,1.488,1.7,1.663,0.179,0.489,1.235
0.52,0.743,1.487,1.7,1.663,0.179,0.489,1.236
0.519,0.742,1.485,1.697,1.661,0.178,0.489,1.234
0.518,0.739,1.481,1.693,1.657,0.178,0.488,1.231
0.517,0.738,1.479,1.689,1.653,0.177,0.487,1.228
0.518,0.739,1.481,1.691,1.655,0.177,0.487,1.228
0.519,0.741,1.485,1.695,1.659,0.178,0.488,1.231
0.519,0.74,1.484,1.695,1.659,0.178,0.489,1.232
0.518,0.738,1.482,1.692,1.656,0.177,0.488,1.23
0.516,0.736,1.479,1.688,1.652,0.177,0.487,1.227
0.516,0.734,1.476,1.684,1.648,0.176,0.486,1.224
0.517,0.736,1.478,1.686,1.65,0.176,0.486,1.224
0.518,0.737,1.482,1.69,1.654,0.177,0.488,1.227
0.517,0.736,1.482,1.69,1.654,0.177,0.488,1.228
0.516,0.735,1.48,1.688,1.652,0.176,0.488,1.227
0.515,0.733,1.476,1.684,1.648,0.176,0.487,1.224
0.514,0.732,1.473,1.68,1.644,0.175,0.486,1.221
0.515,0.733,1.475,1.682,1.645,0.175,0.486,1.221
0.516,0.734,1.479,1.686,1.65,0.176,0.487,1.224
0.516,0.734,1.479,1.686,1.65,0.176,0.488,1.225
0.515,0.732,1.477,1.684,1.648,0.175,0.487,1.224
0.514,0.73,1.474,1.679,1.644,0.175,0.486,1.221
0.513,0.729,1.471,1.675,1.64,0.174,0.485,1.218
0.514,0.73,1.473,1.677,1.641,0.174,0.485,1.217
0.515,0.731,1.477,1.681,1.645,0.175,0.487,1.22
0.514,0.731,1.477,1.682,1.646,0.175,0.487,1.222
0.514,0.73,1.475,1.679,1.644,0.174,0.487,1.22
0.512,0.728,1.471,1.675,1.64,0.174,0.486,1.218
0.511,0.726,1.468,1.671,1.636,0.173,0.485,1.215
0.512,0.727,1.47,1.673,1.636,0.173,0.485,1.214
0.514,0.728,1.472,1.675,1.639,0.174,0.486,1.217
0.512,0.727,1.472,1.675,1.639,0.174,0.486,1.217
0.512,0.727,1.471,1.674,1.638,0.173,0.486,1.216
0.512,0.727,1.471,1.673,1.637,0.173,0.486,1.216
0.512,0.726,1.47,1.672,1.637,0.173,0.486,1.215
0.511,0.726,1.47,1.672,1.636,0.173,0.486,1.215
0.511,0.725,1.47,1.671,1.635,0.173,0.486,1.214
0.511,0.725,1.469,1.67,1.635,0.173,0.486,1.213
0.51,0.724,1.469,1.67,1.634,0.173,0.485,1.213
0.51,0.724,1.468,1.669,1.633,0.172,0.485,1.212
0.51,0.723,1.468,1.668,1.633,0.172,0.485,1.212
0.51,0.723,1.467,1.668,1.632,0.172,0.485,1.211
0.51,0.722,1.467,1.667,1.631,0.172,0.485,1.211
0.509,0.722,1.467,1.666,1.63,0.172,0.485,1.21
0.509,0.722,1.466,1.666,1.63,0.172,0.485,1.21
0.509,0.722,1.466,1.665,1.629,0.172,0.485,1.209
0.509,0.721,1.465,1.664,1.628,0.171,0.485,1.209
0.508,0.721,1.465,1.664,1.628,0.171,0.485,1.208
0.508,0.72,1.465,1.663,1.627,0.171,0.485,1.208
0.508,0.72,1.464,1.662,1.626,0.171,0.485,1.207
0.508,0.719,1.464,1.661,1.626,0.171,0.485,1.207
0.507,0.719,1.464,1.661,1.625,0.171,0.484,1.206
0.507,0.719,1.463,1.66,1.624,0.17,0.484,1.206
0.507,0.718,1.463,1.66,1.623,0.17,0.484,1.205
0.507,0.718,1.462,1.659,1.623,0.17,0.484,1.205
0.506,0.718,1.462,1.658,1.622,0.17,0.484,1.204
0.506,0.717,1.461,1.658,1.621,0.17,0.484,1.204
0.506,0.717,1.461,1.657,1.621,0.17,0.484,1.203
0.506,0.716,1.461,1.656,1.62,0.17,0.484,1.202
0.506,0.716,1.46,1.655,1.619,0.169,0.484,1.202
0.505,0.715,1.46,1.655,1.619,0.169,0.484,1.201
0.505,0.715,1.459,1.654,1.618,0.169,0.484,1.201
0.505,0.715,1.459,1.653,1.617,0.169,0.484,1.2
0.505,0.714,1.458,1.653,1.617,0.169,0.484,1.199
0.504,0.714,1.458,1.652,1.616,0.169,0.484,1.199
0.504,0.713,1.458,1.651,1.616,0.169,0.483,1.198
0.504,0.713,1.457,1.65,1.615,0.169,0.483,1.198
0.504,0.712,1.457,1.65,1.614,0.168,0.483,1.197
0.504,0.712,1.456,1.649,1.613,0.168,0.483,1.197
0.503,0.712,1.456,1.648,1.613,0.168,0.483,1.196
0.503,0.711,1.456,1.648,1.612,0.168,0.483,1.196
0.503,0.711,1.455,1.647,1.611,0.168,0.483,1.196
0.503,0.711,1.455,1.646,1.611,0.168,0.483,1.195
0.502,0.71,1.454,1.646,1.61,0.168,0.483,1.195
0.502,0.71,1.454,1.645,1.61,0.168,0.483,1.194
0.502,0.709,1.454,1.644,1.609,0.167,0.483,1.194
0.502,0.709,1.453,1.644,1.608,0.167,0.483,1.193
0.502,0.708,1.453,1.643,1.607,0.167,0.483,1.193
0.501,0.708,1.452,1.642,1.607,0.167,0.483,1.192
0.501,0.707,1.452,1.642,1.606,0.167,0.482,1.191
0.501,0.707,1.451,1.641,1.605,0.167,0.482,1.19
0.501,0.707,1.451,1.64,1.605,0.167,0.482,1.19
0.5,0.706,1.45,1.64,1.604,0.167,0.482,1.189
0.5,0.706,1.45,1.639,1.604,0.166,0.482,1.189
0.5,0.705,1.45,1.639,1.603,0.166,0.482,1.189
0.5,0.705,1.449,1.638,1.603,0.166,0.482,1.188
0.5,0.704,1.449,1.637,1.602,0.166,0.482,1.187
0.499,0.704,1.449,1.637,1.601,0.166,0.482,1.187
0.499,0.703,1.448,1.636,1.601,0.166,0.482,1.187
0.499,0.702,1.448,1.635,1.6,0.166,0.482,1.186
0.499,0.702,1.447,1.635,1.599,0.166,0.482,1.186
0.498,0.702,1.447,1.634,1.599,0.165,0.482,1.185
0.498,0.701,1.446,1.633,1.598,0.165,0.481,1.184
0.498,0.701,1.446,1.633,1.593,0.165,0.481,1.185
0.497,0.699,1.442,1.629,1.594,0.165,0.481,1.182
0.497,0.698,1.442,1.628,1.592,0.165,0.48,1.18
0.498,0.7,1.445,1.631,1.595,0.165,0.481,1.182
0.498,0.7,1.446,1.632,1.597,0.165,0.482,1.184
0.497,0.699,1.445,1.631,1.595,0.165,0.482,1.183
0.496,0.698,1.443,1.629,1.594,0.164,0.481,1.182
0.495,0.696,1.44,1.625,1.59,0.164,0.48,1.18
0.495,0.696,1.44,1.623,1.588,0.164,0.479,1.178
0.496,0.698,1.443,1.627,1.591,0.164,0.48,1.179
0.496,0.698,1.444,1.629,1.593,0.164,0.481,1.181
0.496,0.697,1.443,1.627,1.592,0.164,0.481,1.181
0.495,0.696,1.441,1.625,1.59,0.164,0.48,1.179
0.494,0.694,1.438,1.622,1.586,0.163,0.48,1.177
0.494,0.694,1.437,1.62,1.585,0.163,0.479,1.175
0.495,0.695,1.44,1.623,1.587,0.163,0.48,1.177
0.495,0.696,1.442,1.625,1.589,0.164,0.481,1.179
0.495,0.695,1.44,1.623,1.588,0.163,0.481,1.178
0.494,0.694,1.439,1.622,1.586,0.163,0.48,1.177
0.492,0.692,1.435,1.618,1.583,0.163,0.479,1.175
0.493,0.692,1.434,1.616,1.58,0.162,0.479,1.173
0.494,0.693,1.438,1.619,1.583,0.163,0.48,1.174
0.494,0.694,1.439,1.621,1.585,0.163,0.48,1.177
0.493,0.693,1.438,1.62,1.584,0.163,0.48,1.176
0.492,0.692,1.436,1.618,1.582,0.162,0.48,1.175
0.491,0.69,1.433,1.614,1.579,0.162,0.479,1.173
0.491,0.69,1.432,1.612,1.577,0.162,0.478,1.17
0.492,0.691,1.435,1.615,1.579,0.162,0.479,1.172
0.493,0.691,1.437,1.617,1.582,0.162,0.48,1.174
0.492,0.69,1.435,1.616,1.58,0.162,0.48,1.174
0.491,0.689,1.434,1.614,1.579,0.162,0.479,1.173
0.49,0.687,1.431,1.611,1.576,0.161,0.479,1.17
0.49,0.687,1.429,1.609,1.573,0.161,0.478,1.168
0.491,0.688,1.432,1.611,1.576,0.161,0.478,1.169
0.491,0.689,1.434,1.613,1.578,0.162,0.48,1.171
0.491,0.688,1.433,1.612,1.577,0.161,0.479,1.171
0.49,0.687,1.431,1.61,1.575,0.161,0.479,1.17
0.489,0.685,1.428,1.607,1.572,0.161,0.478,1.168
0.488,0.685,1.427,1.605,1.57,0.161,0.477,1.165
0.49,0.686,1.43,1.607,1.572,0.161,0.478,1.166
0.49,0.687,1.432,1.61,1.574,0.161,0.479,1.168
0.489,0.686,1.43,1.608,1.573,0.161,0.479,1.168
0.489,0.685,1.429,1.607,1.572,0.16,0.479,1.167
0.487,0.683,1.426,1.603,1.569,0.16,0.478,1.165
0.487,0.682,1.424,1.601,1.566,0.16,0.477,1.162
0.488,0.684,1.427,1.603,1.568,0.16,0.478,1.163
0.489,0.684,1.429,1.606,1.571,0.16,0.479,1.165
0.488,0.683,1.428,1.605,1.57,0.16,0.478,1.165
0.487,0.682,1.427,1.603,1.568,0.16,0.478,1.164
0.486,0.681,1.424,1.6,1.565,0.159,0.477,1.162
0.486,0.68,1.422,1.597,1.562,0.159,0.477,1.16
0.487,0.681,1.425,1.599,1.565,0.159,0.477,1.16
0.487,0.682,1.427,1.602,1.567,0.16,0.478,1.163
0.487,0.681,1.426,1.601,1.566,0.159,0.478,1.163
0.486,0.68,1.424,1.599,1.565,0.159,0.478,1.161
0.485,0.679,1.421,1.596,1.562,0.159,0.477,1.16
0.485,0.678,1.42,1.593,1.559,0.159,0.476,1.157
0.486,0.679,1.422,1.596,1.561,0.159,0.477,1.158
0.486,0.68,1.425,1.598,1.564,0.159,0.478,1.16
0.485,0.679,1.424,1.597,1.563,0.159,0.478,1.16
0.485,0.678,1.422,1.595,1.561,0.159,0.477,1.159
0.485,0.678,1.421,1.594,1.56,0.158,0.477,1.158
0.484,0.677,1.421,1.594,1.56,0.158,0.477,1.157
0.484,0.677,1.42,1.593,1.559,0.158,0.477,1.157
0.484,0.676,1.42,1.592,1.558,0.158,0.477,1.157
0.484,0.676,1.42,1.592,1.558,0.158,0.477,1.156
0.484,0.675,1.419,1.591,1.557,0.158,0.477,1.156
0.484,0.675,1.419,1.591,1.557,0.158,0.477,1.155
0.483,0.675,1.418,1.59,1.556,0.158,0.476,1.155
0.483,0.674,1.418,1.59,1.555,0.158,0.476,1.154
0.483,0.674,1.418,1.589,1.555,0.158,0.476,1.154
0.482,0.674,1.418,1.589,1.554,0.158,0.476,1.153
0.482,0.674,1.417,1.588,1.554,0.157,0.476,1.153
0.482,0.673,1.417,1.587,1.553,0.157,0.476,1.153
0.482,0.673,1.416,1.587,1.553,0.157,0.476,1.152
0.482,0.672,1.416,1.586,1.552,0.157,0.476,1.152
0.481,0.672,1.416,1.586,1.551,0.157,0.476,1.151
0.481,0.672,1.415,1.585,1.551,0.157,0.476,1.151
0.481,0.672,1.415,1.585,1.55,0.157,0.476,1.151
0.481,0.671,1.414,1.584,1.55,0.157,0.476,1.15
0.481,0.671,1.414,1.583,1.549,0.157,0.476,1.149
0.481,0.671,1.414,1.583,1.549,0.156,0.476,1.149
0.48,0.67,1.413,1.582,1.548,0.156,0.476,1.149
0.48,0.67,1.413,1.582,1.548,0.156,0.475,1.149
0.48,0.67,1.413,1.581,1.547,0.156,0.475,1.148
0.48,0.669,1.412,1.58,1.546,0.156,0.475,1.147
0.48,0.669,1.412,1.58,1.546,0.156,0.475,1.147
0.479,0.669,1.412,1.579,1.545,0.156,0.475,1.147
0.479,0.669,1.411,1.579,1.545,0.156,0.475,1.146
0.479,0.668,1.411,1.578,1.544,0.156,0.475,1.146
0.479,0.668,1.411,1.577,1.544,0.156,0.475,1.145
0.478,0.668,1.41,1.577,1.543,0.156,0.475,1.145
0.478,0.668,1.41,1.576,1.543,0.155,0.475,1.144
0.478,0.668,1.409,1.576,1.542,0.156,0.475,1.144
0.478,0.667,1.409,1.575,1.541,0.155,0.475,1.144
0.478,0.667,1.408,1.575,1.541,0.155,0.475,1.143
0.478,0.667,1.408,1.574,1.54,0.155,0.475,1.143
0.477,0.666,1.408,1.574,1.54,0.155,0.475,1.142
0.477,0.666,1.407,1.573,1.539,0.155,0.474,1.142
0.477,0.665,1.407,1.572,1.539,0.155,0.474,1.141
0.477,0.665,1.407,1.572,1.538,0.155,0.474,1.141
0.476,0.664,1.406,1.571,1.538,0.155,0.474,1.14
0.476,0.664,1.406,1.571,1.537,0.155,0.474,1.14
0.476,0.664,1.405,1.57,1.536,0.155,0.474,1.139
0.476,0.664,1.405,1.57,1.536,0.155,0.474,1.139
0.476,0.663,1.405,1.569,1.535,0.154,0.474,1.138
0.476,0.663,1.404,1.569,1.535,0.154,0.474,1.138
0.475,0.663,1.404,1.568,1.534,0.154,0.474,1.137
0.475,0.662,1.404,1.567,1.534,0.154,0.474,1.137
0.475,0.662,1.403,1.567,1.533,0.154,0.474,1.136
0.475,0.662,1.403,1.566,1.533,0.154,0.474,1.136
0.474,0.662,1.402,1.566,1.532,0.154,0.473,1.136
0.474,0.662,1.402,1.565,1.531,0.154,0.474,1.135
0.474,0.661,1.402,1.565,1.531,0.154,0.473,1.135
0.474,0.661,1.401,1.564,1.53,0.154,0.473,1.134
0.474,0.661,1.401,1.563,1.53,0.153,0.473,1.134
0.473,0.66,1.401,1.563,1.529,0.153,0.473,1.134
0.473,0.66,1.4,1.562,1.529,0.153,0.473,1.133
0.473,0.66,1.4,1.562,1.528,0.153,0.473,1.133
0.473,0.659,1.4,1.561,1.528,0.153,0.473,1.133
0.473,0.659,1.399,1.561,1.527,0.153,0.473,1.132
0.472,0.659,1.399,1.56,1.527,0.153,0.473,1.131
0.472,0.658,1.399,1.56,1.526,0.153,0.473,1.131
0.472,0.658,1.398,1.559,1.526,0.153,0.473,1.13
0.472,0.658,1.398,1.558,1.525,0.153,0.473,1.13
0.472,0.657,1.397,1.558,1.525,0.153,0.473,1.129
0.472,0.657,1.397,1.557,1.524,0.153,0.472,1.129
0.471,0.657,1.397,1.557,1.524,0.153,0.472,1.128
0.471,0.656,1.396,1.556,1.523,0.152,0.472,1.128
0.471,0.656,1.396,1.555,1.522,0.152,0.472,1.127
0.471,0.656,1.395,1.555,1.522,0.152,0.472,1.127
0.471,0.655,1.395,1.554,1.521,0.152,0.472,1.127
0.47,0.655,1.395,1.554,1.521,0.152,0.472,1.126
0.47,0.654,1.394,1.553,1.52,0.152,0.472,1.126
0.47,0.654,1.394,1.553,1.52,0.152,0.472,1.125
0.47,0.654,1.393,1.552,1.519,0.152,0.472,1.125
0.47,0.653,1.393,1.552,1.519,0.152,0.472,1.124
0.469,0.653,1.393,1.551,1.518,0.152,0.472,1.124
0.469,0.653,1.392,1.551,1.518,0.152,0.472,1.124
0.469,0.652,1.392,1.55,1.517,0.152,0.472,1.123
0.469,0.652,1.391,1.55,1.517,0.151,0.471,1.123
0.469,0.651,1.391,1.549,1.516,0.151,0.471,1.122
0.468,0.651,1.391,1.549,1.515,0.151,0.471,1.122
0.468,0.65,1.39,1.548,1.515,0.151,0.471,1.122
0.468,0.65,1.39,1.547,1.515,0.151,0.471,1.121
0.468,0.65,1.39,1.547,1.514,0.151,0.471,1.121
0.468,0.65,1.389,1.546,1.514,0.151,0.471,1.121
0.468,0.65,1.389,1.546,1.513,0.151,0.471,1.12
0.467,0.649,1.389,1.545,1.512,0.151,0.471,1.12
0.467,0.649,1.388,1.545,1.512,0.151,0.471,1.12
0.467,0.649,1.388,1.544,1.511,0.151,0.471,1.119
0.467,0.649,1.388,1.544,1.511,0.151,0.471,1.119
0.467,0.649,1.387,1.543,1.511,0.15,0.471,1.118
0.466,0.649,1.387,1.543,1.51,0.15,0.471,1.118
0.466,0.648,1.387,1.542,1.51,0.15,0.47,1.118
0.466,0.648,1.386,1.542,1.509,0.15,0.471,1.117
0.466,0.648,1.386,1.541,1.509,0.15,0.47,1.117
0.466,0.648,1.385,1.541,1.508,0.15,0.47,1.116
0.465,0.647,1.385,1.54,1.508,0.15,0.47,1.116
0.465,0.647,1.385,1.54,1.507,0.15,0.47,1.116
0.465,0.647,1.384,1.539,1.507,0.15,0.47,1.115
0.465,0.646,1.384,1.539,1.506,0.15,0.47,1.115
0.465,0.646,1.384,1.538,1.506,0.15,0.47,1.115
0.464,0.646,1.383,1.538,1.505,0.15,0.47,1.114
0.464,0.645,1.383,1.538,1.505,0.15,0.47,1.114
0.464,0.645,1.382,1.537,1.504,0.15,0.47,1.113
0.464,0.645,1.382,1.536,1.504,0.15,0.47,1.113
0.464,0.644,1.382,1.536,1.503,0.15,0.47,1.113
0.464,0.644,1.382,1.535,1.503,0.149,0.47,1.113
0.463,0.644,1.381,1.535,1.502,0.149,0.47,1.112
0.463,0.644,1.381,1.534,1.502,0.149,0.469,1.112
0.463,0.643,1.38,1.534,1.501,0.149,0.469,1.112
0.463,0.643,1.38,1.533,1.501,0.149,0.469,1.111
0.463,0.643,1.38,1.533,1.5,0.149,0.469,1.111
0.463,0.642,1.38,1.532,1.5,0.149,0.469,1.111
0.462,0.642,1.379,1.532,1.499,0.149,0.469,1.11
0.462,0.642,1.379,1.531,1.499,0.149,0.469,1.11
0.462,0.642,1.378,1.53,1.499,0.149,0.469,1.11
0.462,0.641,1.378,1.53,1.498,0.149,0.469,1.109
0.462,0.641,1.378,1.529,1.498,0.149,0.469,1.109
0.461,0.641,1.377,1.529,1.497,0.149,0.469,1.108
0.461,0.641,1.377,1.528,1.497,0.148,0.469,1.108
0.461,0.641,1.377,1.528,1.496,0.148,0.469,1.108
0.461,0.64,1.376,1.528,1.496,0.148,0.469,1.107
0.461,0.64,1.376,1.527,1.495,0.148,0.468,1.107
0.46,0.64,1.376,1.526,1.495,0.148,0.469,1.107
0.46,0.64,1.375,1.526,1.494,0.148,0.468,1.106
0.46,0.639,1.375,1.525,1.494,0.148,0.468,1.106
0.46,0.639,1.375,1.525,1.493,0.148,0.468,1.105
0.46,0.639,1.374,1.524,1.493,0.148,0.468,1.105
0.46,0.639,1.374,1.524,1.492,0.148,0.468,1.105
0.459,0.638,1.374,1.524,1.492,0.148,0.468,1.104
0.459,0.638,1.373,1.523,1.491,0.148,0.468,1.104
0.459,0.638,1.373,1.523,1.491,0.148,0.468,1.104
0.459,0.637,1.373,1.522,1.49,0.148,0.468,1.103
0.459,0.637,1.372,1.522,1.49,0.148,0.468,1.103
0.459,0.637,1.372,1.521,1.489,0.148,0.468,1.103
0.458,0.636,1.371,1.521,1.489,0.147,0.468,1.102
0.458,0.636,1.371,1.52,1.488,0.147,0.468,1.102
0.458,0.636,1.371,1.52,1.488,0.147,0.468,1.102
0.458,0.636,1.371,1.519,1.487,0.147,0.468,1.101
0.457,0.636,1.37,1.518,1.487,0.147,0.467,1.101
0.457,0.636,1.37,1.518,1.486,0.147,0.467,1.1
0.457,0.636,1.369,1.517,1.486,0.147,0.467,1.1
0.457,0.635,1.369,1.517,1.486,0.147,0.467,1.1
0.457,0.635,1.369,1.516,1.485,0.147,0.467,1.099
0.457,0.635,1.368,1.516,1.485,0.147,0.467,1.099
0.456,0.635,1.368,1.516,1.484,0.147,0.467,1.099
0.456,0.634,1.368,1.515,1.484,0.147,0.467,1.098
0.456,0.634,1.367,1.515,1.483,0.147,0.467,1.098
0.456,0.634,1.367,1.514,1.483,0.147,0.467,1.098
0.456,0.634,1.367,1.514,1.483,0.146,0.467,1.097
0.456,0.634,1.366,1.513,1.482,0.146,0.467,1.097
0.455,0.633,1.366,1.513,1.481,0.146,0.467,1.097
0.455,0.633,1.366,1.512,1.481,0.146,0.467,1.096
0.455,0.633,1.365,1.512,1.481,0.146,0.467,1.096
0.455,0.633,1.365,1.511,1.48,0.146,0.467,1.096
0.455,0.632,1.365,1.511,1.48,0.146,0.466,1.095
0.454,0.632,1.364,1.51,1.479,0.146,0.466,1.095
0.454,0.632,1.364,1.51,1.479,0.146,0.466,1.095
0.454,0.632,1.364,1.509,1.479,0.146,0.466,1.094
0.454,0.632,1.363,1.509,1.478,0.146,0.466,1.094
0.454,0.631,1.363,1.508,1.477,0.146,0.466,1.094
0.454,0.631,1.362,1.508,1.477,0.146,0.466,1.094
0.453,0.631,1.362,1.507,1.476,0.146,0.466,1.093
0.453,0.63,1.362,1.507,1.476,0.145,0.466,1.093
0.453,0.63,1.362,1.507,1.476,0.146,0.466,1.093
0.453,0.63,1.361,1.506,1.475,0.146,0.466,1.092
0.453,0.629,1.361,1.505,1.474,0.145,0.466,1.092
0.453,0.629,1.36,1.505,1.474,0.145,0.466,1.092
0.452,0.629,1.36,1.505,1.474,0.145,0.466,1.092
0.452,0.629,1.36,1.504,1.473,0.145,0.466,1.091
0.452,0.628,1.359,1.504,1.473,0.145,0.465,1.091
0.452,0.628,1.359,1.503,1.472,0.145,0.465,1.09
0.452,0.628,1.359,1.503,1.472,0.145,0.465,1.09
0.451,0.628,1.358,1.502,1.471,0.145,0.465,1.09
0.451,0.628,1.358,1.502,1.471,0.145,0.465,1.089
0.451,0.628,1.358,1.501,1.47,0.145,0.465,1.089
0.451,0.627,1.357,1.501,1.47,0.145,0.465,1.088
0.451,0.627,1.357,1.5,1.469,0.145,0.465,1.088
0.451,0.627,1.357,1.5,1.469,0.145,0.465,1.088
0.451,0.627,1.356,1.499,1.468,0.145,0.465,1.087
0.45,0.626,1.356,1.499,1.468,0.144,0.465,1.086
0.45,0.626,1.356,1.498,1.467,0.144,0.465,1.086
0.45,0.626,1.355,1.498,1.467,0.144,0.465,1.086
0.45,0.626,1.355,1.497,1.466,0.144,0.465,1.085
0.449,0.625,1.355,1.497,1.466,0.144,0.464,1.085
0.449,0.625,1.354,1.497,1.465,0.144,0.464,1.084
0.448,0.624,1.352,1.495,1.464,0.144,0.464,1.084
0.448,0.623,1.35,1.492,1.461,0.144,0.463,1.081
0.449,0.624,1.352,1.493,1.462,0.144,0.463,1.081
0.449,0.625,1.355,1.496,1.465,0.144,0.465,1.083
0.449,0.624,1.354,1.496,1.465,0.144,0.465,1.084
0.448,0.624,1.353,1.495,1.464,0.144,0.465,1.083
0.447,0.622,1.35,1.492,1.462,0.144,0.464,1.082
0.447,0.621,1.348,1.489,1.459,0.143,0.463,1.079
0.448,0.622,1.35,1.49,1.459,0.143,0.463,1.079
0.448,0.623,1.352,1.493,1.462,0.144,0.464,1.081
0.448,0.622,1.352,1.493,1.462,0.144,0.464,1.082
0.447,0.622,1.351,1.492,1.461,0.144,0.464,1.081
0.447,0.62,1.348,1.489,1.459,0.143,0.463,1.08
0.446,0.619,1.346,1.486,1.456,0.143,0.462,1.077
0.447,0.62,1.347,1.487,1.456,0.143,0.463,1.077
0.447,0.621,1.35,1.49,1.459,0.143,0.464,1.079
0.447,0.621,1.35,1.49,1.46,0.143,0.464,1.08
0.446,0.62,1.348,1.489,1.458,0.143,0.464,1.079
0.445,0.619,1.346,1.486,1.456,0.143,0.463,1.078
0.445,0.618,1.344,1.483,1.453,0.143,0.462,1.075
0.445,0.619,1.345,1.484,1.454,0.143,0.462,1.075
0.446,0.62,1.348,1.488,1.457,0.143,0.463,1.077
0.446,0.619,1.347,1.487,1.457,0.143,0.464,1.078
0.445,0.619,1.346,1.486,1.455,0.143,0.463,1.076
0.444,0.617,1.344,1.484,1.454,0.143,0.463,1.075
0.444,0.616,1.342,1.481,1.45,0.142,0.462,1.073
0.445,0.617,1.343,1.481,1.45,0.142,0.462,1.072
0.445,0.618,1.346,1.485,1.454,0.143,0.463,1.074
0.445,0.618,1.346,1.485,1.454,0.143,0.463,1.075
0.444,0.617,1.344,1.483,1.453,0.143,0.463,1.074
0.443,0.616,1.342,1.481,1.451,0.142,0.462,1.073
0.443,0.615,1.34,1.478,1.448,0.142,0.461,1.071
0.443,0.615,1.341,1.479,1.448,0.142,0.461,1.07
0.444,0.616,1.344,1.482,1.451,0.142,0.462,1.072
0.444,0.616,1.344,1.482,1.452,0.142,0.463,1.073
0.443,0.615,1.342,1.481,1.45,0.142,0.462,1.072
0.442,0.614,1.34,1.478,1.448,0.142,0.462,1.071
0.442,0.613,1.338,1.475,1.445,0.142,0.461,1.069
0.442,0.613,1.338,1.476,1.445,0.142,0.461,1.068
0.443,0.615,1.342,1.479,1.449,0.142,0.462,1.07
0.443,0.614,1.342,1.479,1.449,0.142,0.462,1.071
0.443,0.614,1.34,1.478,1.448,0.142,0.462,1.07
0.442,0.612,1.338,1.476,1.446,0.142,0.461,1.069
0.441,0.611,1.336,1.472,1.443,0.141,0.461,1.067
0.441,0.611,1.336,1.473,1.443,0.141,0.46,1.066
0.442,0.613,1.339,1.476,1.446,0.142,0.462,1.068
0.442,0.612,1.34,1.476,1.447,0.142,0.462,1.069
0.441,0.612,1.338,1.475,1.445,0.141,0.462,1.069
0.441,0.611,1.336,1.473,1.443,0.141,0.461,1.067
0.44,0.609,1.333,1.47,1.441,0.141,0.46,1.065
0.44,0.61,1.334,1.47,1.44,0.141,0.46,1.064
0.441,0.611,1.337,1.473,1.443,0.141,0.461,1.066
0.441,0.611,1.337,1.474,1.444,0.141,0.462,1.068
0.44,0.61,1.336,1.472,1.443,0.141,0.461,1.067
0.44,0.609,1.334,1.47,1.441,0.141,0.461,1.066
0.439,0.608,1.331,1.467,1.438,0.14,0.46,1.063
0.439,0.608,1.332,1.467,1.438,0.141,0.46,1.062
0.44,0.609,1.335,1.47,1.441,0.141,0.461,1.064
0.44,0.609,1.336,1.471,1.442,0.141,0.461,1.066
0.44,0.609,1.334,1.47,1.441,0.141,0.461,1.065
0.439,0.608,1.333,1.469,1.439,0.141,0.46,1.064
0.439,0.608,1.333,1.468,1.439,0.141,0.46,1.063
0.439,0.608,1.332,1.467,1.438,0.141,0.46,1.063
0.439,0.608,1.332,1.467,1.438,0.14,0.46,1.063
0.439,0.608,1.332,1.466,1.437,0.14,0.46,1.062
0.438,0.607,1.331,1.466,1.437,0.14,0.46,1.062
0.438,0.607,1.331,1.466,1.436,0.14,0.46,1.062
0.438,0.607,1.331,1.465,1.436,0.14,0.46,1.061
0.438,0.606,1.33,1.465,1.436,0.14,0.46,1.061
0.438,0.606,1.33,1.464,1.435,0.14,0.46,1.061
0.437,0.606,1.33,1.464,1.435,0.14,0.46,1.061
0.437,0.605,1.329,1.463,1.435,0.14,0.46,1.06
0.437,0.605,1.329,1.463,1.434,0.14,0.46,1.06
0.437,0.605,1.329,1.462,1.434,0.14,0.46,1.06
0.437,0.604,1.328,1.462,1.433,0.14,0.46,1.06
0.437,0.604,1.328,1.462,1.433,0.14,0.459,1.059
0.436,0.604,1.328,1.461,1.433,0.14,0.459,1.059
0.436,0.604,1.328,1.461,1.432,0.14,0.459,1.059
0.436,0.604,1.327,1.46,1.432,0.14,0.459,1.058
0.436,0.603,1.327,1.46,1.431,0.14,0.459,1.058
0.436,0.603,1.326,1.459,1.431,0.14,0.459,1.058
0.436,0.603,1.326,1.459,1.431,0.139,0.459,1.058
0.436,0.603,1.326,1.459,1.43,0.14,0.459,1.057
0.435,0.603,1.326,1.458,1.43,0.139,0.459,1.057
0.435,0.603,1.325,1.458,1.429,0.139,0.459,1.057
0.435,0.602,1.325,1.458,1.429,0.139,0.459,1.056
0.435,0.602,1.325,1.457,1.428,0.139,0.459,1.056
0.435,0.602,1.324,1.457,1.428,0.139,0.459,1.055
0.435,0.602,1.324,1.456,1.428,0.139,0.459,1.055
0.434,0.602,1.324,1.456,1.428,0.139,0.458,1.055
0.434,0.601,1.323,1.455,1.427,0.139,0.459,1.054
0.434,0.601,1.323,1.455,1.427,0.139,0.459,1.054
0.434,0.601,1.323,1.455,1.426,0.139,0.458,1.053
0.434,0.601,1.322,1.454,1.426,0.139,0.458,1.053
0.434,0.6,1.322,1.454,1.425,0.139,0.458,1.053
0.434,0.6,1.322,1.453,1.425,0.139,0.458,1.052
0.433,0.6,1.321,1.453,1.425,0.139,0.458,1.052
0.433,0.6,1.321,1.453,1.424,0.139,0.458,1.052
0.433,0.599,1.321,1.452,1.424,0.139,0.458,1.052
0.433,0.599,1.32,1.452,1.423,0.139,0.458,1.051
0.433,0.599,1.32,1.451,1.423,0.139,0.458,1.051
0.433,0.599,1.32,1.451,1.423,0.139,0.458,1.051
0.433,0.598,1.319,1.45,1.422,0.139,0.458,1.05
0.432,0.598,1.319,1.45,1.422,0.139,0.458,1.05
0.432,0.598,1.319,1.45,1.422,0.139,0.458,1.05
0.432,0.598,1.319,1.449,1.421,0.138,0.458,1.049
0.432,0.598,1.318,1.449,1.421,0.138,0.457,1.049
0.432,0.598,1.318,1.448,1.42,0.138,0.458,1.049
0.432,0.597,1.317,1.448,1.42,0.138,0.457,1.048
0.431,0.597,1.317,1.448,1.42,0.138,0.457,1.048
0.431,0.597,1.317,1.447,1.419,0.138,0.457,1.048
0.431,0.597,1.316,1.446,1.419,0.138,0.457,1.048
0.431,0.597,1.316,1.446,1.419,0.138,0.457,1.047
0.431,0.597,1.316,1.446,1.418,0.138,0.457,1.047
0.431,0.596,1.315,1.445,1.418,0.138,0.457,1.047
0.43,0.596,1.315,1.445,1.417,0.138,0.457,1.046
0.43,0.596,1.315,1.445,1.417,0.138,0.457,1.046
0.43,0.596,1.315,1.444,1.416,0.138,0.457,1.046
0.43,0.595,1.314,1.444,1.416,0.138,0.457,1.045
0.43,0.595,1.314,1.444,1.416,0.138,0.457,1.045
0.43,0.595,1.314,1.443,1.416,0.138,0.457,1.045
0.43,0.595,1.313,1.442,1.415,0.138,0.456,1.044
0.429,0.595,1.313,1.442,1.414,0.138,0.456,1.044
0.429,0.594,1.312,1.442,1.414,0.138,0.457,1.044
0.429,0.594,1.312,1.441,1.414,0.138,0.456,1.043
0.429,0.594,1.312,1.441,1.413,0.137,0.456,1.043
0.429,0.594,1.312,1.44,1.413,0.137,0.456,1.043
0.429,0.593,1.311,1.44,1.413,0.137,0.456,1.042
0.429,0.593,1.311,1.44,1.412,0.137,0.456,1.042
0.428,0.593,1.311,1.439,1.412,0.137,0.456,1.042
0.428,0.593,1.31,1.439,1.411,0.137,0.456,1.042
0.428,0.592,1.31,1.439,1.411,0.137,0.456,1.041
0.428,0.592,1.31,1.438,1.411,0.137,0.456,1.041
0.428,0.592,1.309,1.438,1.41,0.137,0.456,1.041
0.428,0.591,1.309,1.437,1.41,0.137,0.456,1.041
0.427,0.591,1.309,1.437,1.409,0.137,0.456,1.04
0.427,0.59,1.308,1.436,1.409,0.137,0.456,1.04
0.427,0.59,1.308,1.436,1.408,0.137,0.456,1.04
0.427,0.59,1.308,1.435,1.408,0.137,0.455,1.04
0.427,0.59,1.307,1.435,1.408,0.137,0.456,1.039
0.427,0.59,1.307,1.435,1.408,0.137,0.455,1.039
0.427,0.59,1.307,1.434,1.407,0.137,0.455,1.039
0.426,0.589,1.306,1.434,1.407,0.137,0.455,1.039
0.426,0.589,1.306,1.434,1.406,0.137,0.455,1.038
0.426,0.589,1.306,1.433,1.406,0.137,0.455,1.038
0.426,0.589,1.305,1.433,1.406,0.137,0.455,1.038
0.426,0.589,1.305,1.433,1.405,0.137,0.455,1.037
0.426,0.589,1.305,1.432,1.405,0.136,0.455,1.037
0.426,0.589,1.304,1.432,1.404,0.136,0.455,1.037
0.425,0.589,1.304,1.431,1.404,0.136,0.455,1.037
0.425,0.589,1.304,1.431,1.404,0.136,0.455,1.036
0.425,0.589,1.303,1.431,1.403,0.136,0.455,1.036
0.425,0.588,1.303,1.43,1.403,0.136,0.455,1.036
0.425,0.588,1.303,1.43,1.403,0.136,0.455,1.035
0.425,0.588,1.302,1.429,1.402,0.136,0.454,1.035
0.425,0.588,1.302,1.429,1.402,0.136,0.454,1.035
0.424,0.588,1.302,1.429,1.401,0.136,0.454,1.034
0.424,0.587,1.301,1.428,1.401,0.136,0.454,1.034
0.424,0.587,1.301,1.428,1.401,0.136,0.454,1.034
0.424,0.587,1.301,1.428,1.4,0.136,0.454,1.034
0.424,0.586,1.301,1.427,1.4,0.136,0.454,1.033
0.424,0.586,1.3,1.427,1.399,0.136,0.454,1.033
0.423,0.586,1.3,1.427,1.399,0.136,0.454,1.033
0.423,0.586,1.299,1.426,1.399,0.136,0.454,1.033
0.423,0.586,1.299,1.426,1.398,0.136,0.454,1.033
0.423,0.585,1.299,1.425,1.398,0.136,0.454,1.032
0.423,0.585,1.298,1.425,1.397,0.136,0.454,1.032
0.423,0.585,1.298,1.425,1.397,0.136,0.454,1.032
0.423,0.585,1.298,1.424,1.397,0.136,0.454,1.032
0.423,0.585,1.298,1.424,1.396,0.136,0.454,1.031
0.422,0.585,1.297,1.424,1.396,0.135,0.454,1.031
0.422,0.585,1.297,1.423,1.396,0.136,0.454,1.031
0.422,0.585,1.297,1.423,1.395,0.135,0.454,1.031
0.422,0.585,1.296,1.422,1.395,0.135,0.453,1.03
0.422,0.585,1.296,1.422,1.394,0.135,0.453,1.03
0.422,0.584,1.296,1.421,1.394,0.135,0.453,1.03
0.421,0.584,1.296,1.421,1.394,0.135,0.453,1.03
0.421,0.584,1.295,1.421,1.393,0.135,0.453,1.03
0.421,0.584,1.295,1.42,1.393,0.135,0.453,1.029
0.421,0.584,1.294,1.42,1.393,0.135,0.453,1.029
0.421,0.584,1.294,1.42,1.392,0.135,0.453,1.029
0.421,0.584,1.294,1.419,1.392,0.135,0.453,1.029
0.421,0.583,1.294,1.419,1.391,0.135,0.453,1.028
0.421,0.583,1.293,1.418,1.391,0.135,0.453,1.028
0.42,0.583,1.293,1.418,1.391,0.135,0.453,1.028
0.42,0.583,1.293,1.418,1.39,0.135,0.453,1.027
0.42,0.583,1.292,1.417,1.39,0.135,0.453,1.027
0.42,0.583,1.292,1.417,1.39,0.135,0.453,1.027
0.42,0.583,1.292,1.417,1.389,0.135,0.453,1.027
0.42,0.583,1.292,1.416,1.389,0.135,0.452,1.027
0.419,0.583,1.291,1.416,1.388,0.135,0.452,1.026
0.419,0.582,1.291,1.415,1.388,0.135,0.452,1.026
0.419,0.582,1.291,1.415,1.388,0.135,0.452,1.026
0.419,0.582,1.29,1.414,1.388,0.135,0.452,1.025
0.419,0.582,1.29,1.414,1.387,0.134,0.452,1.025
0.419,0.582,1.29,1.414,1.387,0.134,0.452,1.025
0.419,0.581,1.289,1.413,1.386,0.134,0.452,1.024
0.419,0.581,1.289,1.413,1.386,0.134,0.452,1.024
0.418,0.581,1.289,1.413,1.386,0.134,0.452,1.024
0.418,0.58,1.288,1.412,1.385,0.134,0.452,1.024
0.418,0.58,1.288,1.412,1.385,0.134,0.452,1.023
0.418,0.58,1.288,1.412,1.385,0.134,0.452,1.023
0.418,0.58,1.288,1.411,1.385,0.134,0.452,1.023
0.418,0.58,1.287,1.411,1.384,0.134,0.452,1.023
0.418,0.579,1.287,1.41,1.384,0.134,0.452,1.022
0.417,0.579,1.287,1.41,1.384,0.134,0.451,1.022
0.417,0.579,1.287,1.41,1.383,0.134,0.451,1.022
0.417,0.579,1.286,1.409,1.383,0.134,0.451,1.022
0.417,0.578,1.286,1.409,1.383,0.134,0.451,1.021
0.417,0.578,1.286,1.409,1.382,0.134,0.451,1.021
0.417,0.578,1.285,1.408,1.382,0.134,0.451,1.021
0.417,0.578,1.285,1.408,1.382,0.134,0.451,1.021
0.416,0.578,1.285,1.408,1.381,0.134,0.451,1.02
0.416,0.578,1.284,1.407,1.381,0.134,0.451,1.02
0.416,0.577,1.284,1.407,1.381,0.134,0.451,1.02
0.416,0.577,1.284,1.406,1.38,0.134,0.451,1.02
0.416,0.577,1.284,1.406,1.38,0.134,0.451,1.019
0.416,0.577,1.283,1.406,1.379,0.133,0.451,1.019
0.416,0.577,1.283,1.405,1.379,0.133,0.451,1.019
0.415,0.577,1.283,1.405,1.379,0.134,0.451,1.019
0.415,0.576,1.282,1.405,1.379,0.133,0.451,1.019
0.415,0.576,1.282,1.404,1.378,0.133,0.45,1.018
0.415,0.576,1.282,1.404,1.378,0.133,0.45,1.018
0.415,0.576,1.282,1.404,1.378,0.133,0.45,1.018
0.415,0.576,1.281,1.403,1.377,0.133,0.45,1.018
0.415,0.576,1.281,1.403,1.377,0.133,0.45,1.018
0.414,0.576,1.281,1.403,1.377,0.133,0.45,1.017
0.414,0.575,1.28,1.402,1.376,0.133,0.45,1.017
0.414,0.575,1.28,1.402,1.376,0.133,0.45,1.017
0.414,0.575,1.28,1.402,1.376,0.133,0.45,1.016
0.414,0.575,1.279,1.401,1.375,0.133,0.45,1.016
0.414,0.575,1.279,1.401,1.375,0.133,0.45,1.016
0.414,0.575,1.279,1.401,1.375,0.133,0.45,1.016
0.414,0.575,1.279,1.4,1.375,0.133,0.45,1.015
0.413,0.575,1.278,1.4,1.374,0.133,0.45,1.015
0.413,0.575,1.278,1.399,1.374,0.133,0.45,1.015
0.413,0.575,1.278,1.399,1.374,0.133,0.45,1.014
0.413,0.575,1.277,1.399,1.373,0.133,0.45,1.014
0.413,0.574,1.277,1.398,1.373,0.133,0.449,1.014
0.413,0.574,1.277,1.398,1.373,0.133,0.449,1.014
0.413,0.574,1.276,1.398,1.372,0.133,0.449,1.013
0.413,0.574,1.276,1.397,1.372,0.133,0.449,1.013
0.412,0.573,1.276,1.397,1.372,0.133,0.449,1.012
0.412,0.573,1.276,1.397,1.371,0.133,0.449,1.012
0.412,0.573,1.275,1.396,1.371,0.133,0.449,1.012
0.412,0.573,1.275,1.396,1.371,0.132,0.449,1.012
0.412,0.573,1.275,1.396,1.37,0.133,0.449,1.011
0.412,0.573,1.274,1.395,1.369,0.133,0.449,1.011
0.411,0.572,1.273,1.393,1.368,0.132,0.449,1.01
0.411,0.572,1.272,1.393,1.367,0.132,0.448,1.009
0.412,0.573,1.274,1.394,1.369,0.133,0.449,1.01
0.411,0.573,1.274,1.395,1.37,0.132,0.449,1.011
0.411,0.572,1.273,1.394,1.369,0.132,0.449,1.011
0.411,0.572,1.273,1.393,1.368,0.132,0.449,1.01
0.41,0.571,1.271,1.391,1.366,0.132,0.448,1.009
0.41,0.571,1.27,1.391,1.365,0.132,0.448,1.008
0.411,0.571,1.272,1.392,1.367,0.132,0.448,1.009
0.411,0.572,1.272,1.393,1.368,0.132,0.449,1.01
0.41,0.571,1.272,1.392,1.367,0.132,0.449,1.009
0.41,0.571,1.271,1.391,1.366,0.132,0.448,1.008
0.409,0.57,1.269,1.39,1.365,0.132,0.448,1.007
0.41,0.57,1.269,1.389,1.364,0.132,0.447,1.006
0.41,0.57,1.27,1.39,1.365,0.132,0.448,1.007
0.41,0.57,1.271,1.391,1.366,0.132,0.448,1.008
0.41,0.57,1.27,1.39,1.365,0.132,0.448,1.007
0.409,0.569,1.269,1.389,1.364,0.132,0.448,1.007
0.409,0.568,1.268,1.388,1.363,0.132,0.447,1.006
0.409,0.568,1.267,1.387,1.362,0.132,0.447,1.005
0.409,0.569,1.268,1.388,1.363,0.132,0.448,1.005
0.409,0.569,1.269,1.389,1.364,0.132,0.448,1.006
0.409,0.569,1.268,1.388,1.363,0.132,0.448,1.006
0.409,0.568,1.268,1.387,1.362,0.132,0.448,1.005
0.408,0.568,1.266,1.385,1.361,0.132,0.447,1.004
0.408,0.568,1.265,1.385,1.36,0.131,0.447,1.003
0.408,0.568,1.267,1.386,1.361,0.131,0.447,1.004
0.408,0.568,1.267,1.387,1.362,0.132,0.448,1.005
0.408,0.568,1.266,1.386,1.361,0.132,0.447,1.004
0.408,0.567,1.266,1.386,1.361,0.132,0.447,1.004
0.407,0.567,1.264,1.384,1.359,0.131,0.447,1.003
0.407,0.566,1.263,1.383,1.358,0.131,0.446,1.002
0.408,0.567,1.265,1.384,1.359,0.131,0.447,1.002
0.408,0.567,1.265,1.385,1.36,0.131,0.447,1.003
0.407,0.566,1.265,1.384,1.359,0.131,0.447,1.003
0.407,0.566,1.264,1.383,1.359,0.131,0.447,1.002
0.407,0.565,1.262,1.382,1.357,0.131,0.447,1.001
0.406,0.564,1.262,1.38,1.356,0.131,0.446,1.0
0.407,0.565,1.263,1.382,1.357,0.131,0.446,1.0
0.407,0.565,1.264,1.383,1.358,0.131,0.447,1.002
0.407,0.565,1.263,1.382,1.357,0.131,0.447,1.001
0.406,0.565,1.262,1.381,1.357,0.131,0.447,1.001
0.406,0.564,1.261,1.379,1.355,0.131,0.446,1.0
0.406,0.564,1.26,1.378,1.354,0.131,0.446,0.999
0.406,0.564,1.261,1.379,1.355,0.131,0.446,0.999
0.406,0.565,1.262,1.381,1.356,0.131,0.447,1.0
0.406,0.564,1.261,1.38,1.355,0.131,0.446,1.0
0.406,0.564,1.26,1.379,1.355,0.131,0.446,0.999
0.405,0.563,1.259,1.377,1.353,0.131,0.446,0.999
0.405,0.563,1.258,1.376,1.352,0.131,0.445,0.997
0.405,0.563,1.259,1.377,1.353,0.131,0.446,0.998
0.405,0.564,1.26,1.378,1.354,0.131,0.446,0.999
0.405,0.563,1.259,1.378,1.354,0.131,0.446,0.999
0.405,0.563,1.259,1.377,1.353,0.131,0.446,0.998
0.404,0.562,1.257,1.376,1.352,0.131,0.445,0.998
0.404,0.562,1.256,1.374,1.35,0.13,0.445,0.996
0.405,0.562,1.258,1.375,1.351,0.131,0.445,0.996
0.405,0.563,1.259,1.376,1.352,0.131,0.446,0.998
0.404,0.562,1.258,1.376,1.352,0.131,0.446,0.997
0.404,0.562,1.257,1.375,1.351,0.13,0.446,0.997
0.404,0.562,1.257,1.374,1.35,0.13,0.445,0.996
0.404,0.562,1.256,1.374,1.35,0.13,0.445,0.996
0.404,0.561,1.256,1.373,1.35,0.13,0.445,0.996
0.404,0.561,1.256,1.373,1.349,0.13,0.445,0.996
0.403,0.561,1.255,1.373,1.349,0.13,0.445,0.995
0.403,0.561,1.255,1.373,1.349,0.13,0.445,0.995
0.403,0.561,1.255,1.372,1.348,0.13,0.445,0.995
0.403,0.561,1.255,1.372,1.348,0.13,0.445,0.995
0.403,0.561,1.254,1.372,1.348,0.13,0.445,0.995
0.403,0.561,1.254,1.371,1.348,0.13,0.445,0.994
0.403,0.561,1.254,1.371,1.347,0.13,0.445,0.994
0.403,0.56,1.253,1.371,1.347,0.13,0.445,0.994
0.402,0.56,1.253,1.37,1.347,0.13,0.444,0.994
0.402,0.56,1.253,1.37,1.346,0.13,0.445,0.993
0.402,0.56,1.252,1.37,1.346,0.13,0.444,0.993
0.402,0.56,1.252,1.369,1.346,0.13,0.444,0.993
0.402,0.56,1.252,1.369,1.345,0.13,0.444,0.993
0.402,0.559,1.252,1.369,1.345,0.13,0.444,0.992
0.401,0.559,1.251,1.368,1.345,0.13,0.444,0.992
0.401,0.559,1.251,1.368,1.344,0.13,0.444,0.992
0.401,0.559,1.251,1.368,1.344,0.13,0.444,0.992
0.401,0.558,1.25,1.368,1.344,0.13,0.444,0.991
0.401,0.558,1.25,1.367,1.343,0.13,0.444,0.991
0.401,0.558,1.25,1.367,1.343,0.13,0.444,0.991
0.401,0.558,1.25,1.366,1.343,0.13,0.444,0.991
0.401,0.558,1.25,1.366,1.343,0.13,0.444,0.99
0.401,0.558,1.249,1.366,1.342,0.13,0.444,0.99
0.401,0.558,1.249,1.365,1.342,0.13,0.444,0.99
0.4,0.557,1.249,1.365,1.342,0.13,0.444,0.99
0.4,0.557,1.248,1.365,1.342,0.129,0.444,0.989
0.4,0.557,1.248,1.364,1.341,0.13,0.443,0.989
0.4,0.557,1.248,1.364,1.341,0.129,0.444,0.989
0.4,0.557,1.248,1.364,1.341,0.129,0.443,0.989
0.4,0.557,1.247,1.363,1.341,0.129,0.443,0.989
0.4,0.556,1.247,1.363,1.34,0.129,0.443,0.988
0.4,0.556,1.247,1.363,1.34,0.129,0.443,0.988
0.4,0.556,1.246,1.362,1.34,0.129,0.443,0.988
0.399,0.556,1.246,1.362,1.34,0.129,0.443,0.988
0.399,0.556,1.246,1.362,1.339,0.129,0.443,0.988
0.399,0.555,1.246,1.362,1.339,0.129,0.443,0.987
0.399,0.555,1.245,1.361,1.339,0.129,0.443,0.987
0.399,0.555,1.245,1.361,1.339,0.129,0.443,0.987
0.399,0.555,1.245,1.36,1.338,0.129,0.443,0.987
0.399,0.555,1.245,1.36,1.338,0.129,0.443,0.987
0.398,0.555,1.244,1.36,1.338,0.129,0.443,0.987
0.398,0.555,1.244,1.359,1.337,0.129,0.443,0.986
0.398,0.555,1.244,1.359,1.337,0.129,0.443,0.986
0.398,0.554,1.243,1.359,1.337,0.129,0.443,0.986
0.398,0.554,1.243,1.359,1.336,0.129,0.443,0.986
0.398,0.554,1.243,1.358,1.336,0.129,0.443,0.985
0.398,0.554,1.243,1.358,1.336,0.129,0.442,0.985
0.398,0.554,1.242,1.358,1.336,0.129,0.442,0.985
0.398,0.554,1.242,1.357,1.335,0.129,0.442,0.985
0.397,0.554,1.242,1.357,1.335,0.129,0.442,0.985
0.397,0.554,1.242,1.357,1.335,0.129,0.442,0.984
0.397,0.554,1.241,1.357,1.335,0.129,0.442,0.984
0.397,0.554,1.241,1.356,1.334,0.129,0.442,0.984
0.397,0.554,1.241,1.356,1.334,0.129,0.442,0.983
0.397,0.553,1.24,1.356,1.334,0.129,0.442,0.983
0.397,0.553,1.24,1.355,1.333,0.129,0.442,0.983
0.397,0.553,1.24,1.355,1.333,0.129,0.442,0.983
0.396,0.553,1.239,1.355,1.333,0.129,0.442,0.982
0.396,0.553,1.239,1.354,1.333,0.128,0.442,0.982
0.396,0.553,1.239,1.354,1.332,0.129,0.442,0.982
0.396,0.553,1.239,1.354,1.332,0.129,0.442,0.982
0.396,0.553,1.238,1.353,1.332,0.128,0.442,0.982
0.396,0.552,1.238,1.353,1.332,0.129,0.441,0.981
0.396,0.552,1.238,1.353,1.331,0.128,0.441,0.981
0.396,0.552,1.237,1.352,1.331,0.128,0.442,0.981
0.396,0.552,1.237,1.352,1.331,0.129,0.441,0.981
0.395,0.552,1.237,1.352,1.33,0.128,0.441,0.98
0.395,0.552,1.237,1.351,1.33,0.128,0.441,0.98
0.395,0.552,1.236,1.351,1.33,0.128,0.441,0.98
0.395,0.551,1.236,1.351,1.329,0.128,0.441,0.98
0.395,0.551,1.236,1.351,1.329,0.128,0.441,0.98
0.395,0.551,1.235,1.35,1.329,0.128,0.441,0.979
0.395,0.551,1.235,1.35,1.329,0.128,0.441,0.979
0.395,0.551,1.235,1.35,1.328,0.128,0.441,0.979
0.394,0.551,1.235,1.349,1.328,0.128,0.441,0.979
0.394,0.55,1.235,1.349,1.328,0.128,0.441,0.979
0.394,0.55,1.234,1.349,1.327,0.128,0.441,0.978
0.394,0.55,1.234,1.348,1.327,0.128,0.441,0.978
0.394,0.55,1.234,1.348,1.327,0.128,0.441,0.978
0.394,0.55,1.234,1.348,1.327,0.128,0.441,0.978
0.394,0.55,1.233,1.347,1.326,0.128,0.441,0.978
0.394,0.549,1.233,1.347,1.326,0.128,0.44,0.977
0.393,0.549,1.233,1.347,1.325,0.128,0.441,0.977
0.393,0.549,1.232,1.347,1.325,0.128,0.44,0.977
0.393,0.549,1.232,1.346,1.325,0.128,0.44,0.977
0.393,0.549,1.232,1.346,1.325,0.128,0.44,0.977
0.393,0.549,1.231,1.346,1.324,0.128,0.44,0.976
0.393,0.549,1.231,1.346,1.324,0.128,0.44,0.976
0.393,0.548,1.231,1.345,1.324,0.128,0.44,0.976
0.393,0.548,1.231,1.345,1.323,0.128,0.44,0.976
0.393,0.548,1.23,1.345,1.323,0.128,0.44,0.976
0.393,0.548,1.23,1.344,1.323,0.128,0.44,0.975
0.392,0.548,1.23,1.344,1.323,0.128,0.44,0.975
0.392,0.548,1.23,1.344,1.322,0.128,0.44,0.975
0.392,0.548,1.229,1.344,1.322,0.128,0.44,0.975
0.392,0.548,1.229,1.343,1.322,0.128,0.44,0.975
0.392,0.547,1.229,1.343,1.321,0.128,0.44,0.974
0.392,0.547,1.229,1.343,1.321,0.128,0.44,0.974
0.392,0.547,1.228,1.342,1.321,0.128,0.44,0.974
0.391,0.547,1.228,1.342,1.321,0.128,0.44,0.974
0.391,0.547,1.228,1.342,1.32,0.127,0.44,0.973
0.391,0.547,1.228,1.341,1.32,0.128,0.439,0.973
0.391,0.546,1.227,1.341,1.32,0.128,0.439,0.973
0.391,0.546,1.227,1.341,1.32,0.127,0.439,0.972
0.391,0.546,1.227,1.34,1.319,0.127,0.439,0.972
0.391,0.546,1.226,1.34,1.319,0.127,0.439,0.972
0.391,0.546,1.226,1.34,1.319,0.127,0.439,0.972
0.391,0.545,1.226,1.34,1.318,0.127,0.439,0.971
0.39,0.545,1.226,1.339,1.318,0.127,0.439,0.971
0.39,0.545,1.225,1.339,1.318,0.127,0.439,0.971
0.39,0.545,1.225,1.339,1.317,0.127,0.439,0.971
0.39,0.545,1.225,1.338,1.317,0.127,0.439,0.971
0.39,0.545,1.225,1.338,1.317,0.127,0.439,0.97
0.39,0.544,1.224,1.338,1.317,0.127,0.439,0.97
0.39,0.544,1.224,1.338,1.316,0.127,0.439,0.97
0.39,0.544,1.224,1.337,1.316,0.127,0.439,0.97
0.39,0.544,1.224,1.337,1.316,0.127,0.439,0.969
0.389,0.544,1.223,1.337,1.316,0.127,0.439,0.969
0.39,0.544,1.223,1.337,1.316,0.127,0.439,0.969
0.389,0.544,1.223,1.336,1.315,0.127,0.439,0.969
0.389,0.544,1.222,1.336,1.315,0.127,0.438,0.969
0.389,0.543,1.222,1.336,1.315,0.127,0.438,0.968
0.389,0.543,1.222,1.335,1.315,0.127,0.438,0.968
0.389,0.543,1.222,1.335,1.314,0.127,0.438,0.968
0.389,0.543,1.221,1.335,1.314,0.127,0.438,0.968
0.389,0.543,1.221,1.335,1.314,0.127,0.438,0.968
0.389,0.543,1.221,1.334,1.314,0.127,0.438,0.968
0.388,0.543,1.221,1.334,1.313,0.127,0.438,0.967
0.388,0.543,1.22,1.334,1.313,0.127,0.438,0.967
0.388,0.542,1.22,1.333,1.313,0.127,0.438,0.967
0.388,0.542,1.22,1.333,1.312,0.127,0.438,0.966
0.388,0.542,1.22,1.333,1.312,0.127,0.438,0.966
0.388,0.542,1.219,1.332,1.312,0.127,0.438,0.966
0.388,0.542,1.219,1.332,1.312,0.127,0.438,0.966
0.388,0.542,1.219,1.332,1.311,0.127,0.438,0.966
0.388,0.542,1.219,1.332,1.311,0.127,0.438,0.966
0.387,0.542,1.218,1.331,1.311,0.127,0.438,0.966
0.387,0.541,1.218,1.331,1.311,0.127,0.438,0.966
0.387,0.541,1.218,1.331,1.31,0.126,0.438,0.966
0.387,0.541,1.218,1.33,1.31,0.127,0.437,0.965
0.387,0.541,1.217,1.33,1.31,0.126,0.437,0.965
0.387,0.541,1.217,1.33,1.31,0.126,0.437,0.965
0.387,0.541,1.217,1.329,1.309,0.126,0.437,0.965
0.387,0.54,1.216,1.329,1.309,0.126,0.437,0.965
0.387,0.54,1.216,1.329,1.309,0.127,0.437,0.965
0.386,0.54,1.216,1.329,1.308,0.126,0.437,0.965
0.386,0.54,1.216,1.328,1.308,0.126,0.437,0.964
0.386,0.54,1.215,1.328,1.308,0.126,0.437,0.964
0.386,0.54,1.215,1.328,1.308,0.126,0.437,0.964
0.386,0.54,1.215,1.327,1.308,0.126,0.437,0.964
0.386,0.539,1.215,1.327,1.307,0.126,0.437,0.964
0.386,0.539,1.214,1.327,1.307,0.126,0.437,0.963
0.386,0.539,1.214,1.326,1.307,0.126,0.437,0.963
0.386,0.539,1.214,1.326,1.307,0.126,0.437,0.963
0.386,0.539,1.214,1.326,1.306,0.126,0.437,0.963
0.385,0.539,1.214,1.326,1.306,0.126,0.437,0.963
0.385,0.539,1.213,1.325,1.306,0.126,0.437,0.963
0.385,0.539,1.213,1.325,1.306,0.126,0.436,0.962
0.385,0.539,1.213,1.325,1.305,0.126,0.437,0.962
0.385,0.539,1.212,1.325,1.305,0.126,0.436,0.962
0.385,0.539,1.212,1.324,1.305,0.126,0.436,0.962
0.385,0.539,1.212,1.324,1.304,0.126,0.436,0.961
0.385,0.538,1.212,1.324,1.304,0.126,0.436,0.961
0.385,0.538,1.211,1.323,1.304,0.126,0.436,0.961
0.384,0.538,1.211,1.323,1.303,0.126,0.436,0.96
0.384,0.538,1.211,1.323,1.303,0.126,0.436,0.96
0.384,0.538,1.211,1.323,1.303,0.126,0.436,0.96
0.384,0.538,1.21,1.323,1.302,0.126,0.436,0.96
0.384,0.538,1.21,1.322,1.302,0.126,0.436,0.959
0.384,0.538,1.21,1.322,1.302,0.126,0.436,0.959
0.384,0.537,1.21,1.321,1.302,0.126,0.436,0.959
0.384,0.537,1.209,1.321,1.301,0.126,0.436,0.959
0.384,0.537,1.209,1.321,1.301,0.126,0.436,0.958
0.383,0.537,1.209,1.321,1.301,0.126,0.436,0.958
0.383,0.537,1.208,1.321,1.3,0.126,0.436,0.958
0.383,0.537,1.208,1.32,1.3,0.126,0.436,0.958
0.383,0.537,1.208,1.32,1.3,0.126,0.435,0.958
0.383,0.537,1.208,1.32,1.3,0.126,0.435,0.957
0.383,0.537,1.207,1.319,1.299,0.126,0.435,0.957
0.383,0.536,1.207,1.319,1.299,0.126,0.435,0.957
0.383,0.536,1.207,1.319,1.299,0.126,0.435,0.957
0.383,0.536,1.207,1.319,1.299,0.125,0.435,0.956
0.382,0.536,1.206,1.318,1.298,0.126,0.435,0.956
0.382,0.536,1.206,1.318,1.298,0.126,0.435,0.956
0.382,0.535,1.206,1.318,1.298,0.125,0.435,0.956
0.382,0.535,1.205,1.318,1.297,0.125,0.435,0.956
0.382,0.535,1.205,1.317,1.297,0.125,0.435,0.956
0.382,0.535,1.205,1.317,1.297,0.125,0.435,0.955
0.382,0.535,1.205,1.317,1.297,0.125,0.435,0.955
0.382,0.535,1.205,1.317,1.296,0.125,0.435,0.955
0.382,0.535,1.204,1.316,1.296,0.125,0.435,0.955
0.381,0.535,1.204,1.316,1.296,0.125,0.435,0.954
0.381,0.535,1.204,1.316,1.296,0.125,0.435,0.954
0.381,0.535,1.204,1.316,1.296,0.125,0.435,0.954
0.381,0.535,1.203,1.315,1.295,0.125,0.435,0.954
0.381,0.535,1.203,1.315,1.295,0.125,0.434,0.953
0.381,0.534,1.203,1.315,1.295,0.125,0.434,0.953
0.381,0.534,1.202,1.315,1.295,0.125,0.434,0.953
0.381,0.534,1.202,1.314,1.294,0.125,0.434,0.953
0.381,0.534,1.202,1.314,1.294,0.125,0.434,0.953
0.381,0.533,1.202,1.314,1.294,0.125,0.434,0.953
0.381,0.533,1.201,1.313,1.294,0.125,0.434,0.952
0.38,0.533,1.201,1.313,1.293,0.125,0.434,0.952
0.38,0.533,1.201,1.313,1.293,0.125,0.434,0.952
0.38,0.532,1.201,1.313,1.293,0.125,0.434,0.952
0.38,0.532,1.2,1.312,1.293,0.125,0.434,0.952
0.38,0.532,1.2,1.312,1.292,0.125,0.434,0.951
0.38,0.532,1.2,1.312,1.292,0.125,0.434,0.951
0.38,0.532,1.2,1.312,1.292,0.125,0.434,0.951
0.38,0.532,1.199,1.311,1.292,0.125,0.434,0.951
0.38,0.531,1.199,1.311,1.291,0.125,0.434,0.951
0.38,0.531,1.199,1.311,1.291,0.125,0.434,0.95
