S1_C0602,S2_C0602,S3_C0602,S4_C0602,S5_C0602,S6_C0602,S7_C0602,S8_C0602
0.16,0.263,0.388,0.424,0.406,0.071,0.161,0.269
0.16,0.263,0.388,0.424,0.406,0.071,0.161,0.269
0.16,0.263,0.388,0.424,0.405,0.07,0.161,0.269
0.16,0.263,0.388,0.424,0.406,0.071,0.161,0.269
0.16,0.263,0.388,0.424,0.406,0.071,0.161,0.269
0.16,0.263,0.388,0.424,0.406,0.07,0.161,0.269
0.16,0.263,0.388,0.424,0.406,0.07,0.161,0.269
0.16,0.263,0.388,0.424,0.405,0.07,0.161,0.269
0.16,0.263,0.388,0.424,0.405,0.07,0.161,0.269
0.16,0.263,0.388,0.424,0.406,0.07,0.161,0.269
0.16,0.263,0.388,0.424,0.406,0.07,0.161,0.269
0.16,0.263,0.388,0.424,0.406,0.07,0.161,0.269
0.16,0.263,0.388,0.424,0.406,0.07,0.161,0.269
0.16,0.263,0.388,0.424,0.406,0.07,0.161,0.269
0.16,0.263,0.388,0.424,0.406,0.071,0.161,0.269
0.16,0.263,0.388,0.424,0.406,0.07,0.161,0.269
0.16,0.263,0.388,0.424,0.406,0.071,0.161,0.269
0.16,0.263,0.388,0.424,0.405,0.07,0.161,0.269
0.16,0.263,0.388,0.424,0.405,0.07,0.161,0.269
0.16,0.263,0.388,0.424,0.406,0.07,0.161,0.269
0.16,0.263,0.388,0.423,0.405,0.071,0.161,0.269
0.16,0.263,0.388,0.424,0.405,0.071,0.161,0.269
0.16,0.263,0.388,0.424,0.405,0.07,0.161,0.269
0.16,0.263,0.388,0.423,0.405,0.07,0.161,0.269
0.16,0.263,0.388,0.423,0.405,0.07,0.161,0.269
0.16,0.263,0.388,0.423,0.405,0.07,0.161,0.269
0.16,0.263,0.388,0.423,0.405,0.07,0.161,0.269
0.16,0.263,0.388,0.423,0.405,0.07,0.161,0.269
0.16,0.263,0.388,0.423,0.405,0.07,0.161,0.269
0.16,0.263,0.388,0.423,0.405,0.07,0.161,0.269
0.16,0.263,0.387,0.423,0.405,0.07,0.161,0.269
0.16,0.263,0.387,0.423,0.405,0.071,0.161,0.269
0.16,0.263,0.388,0.423,0.405,0.07,0.161,0.269
0.16,0.263,0.387,0.423,0.405,0.07,0.161,0.269
0.16,0.263,0.387,0.423,0.405,0.07,0.161,0.269
0.16,0.262,0.387,0.423,0.405,0.07,0.161,0.268
0.16,0.263,0.387,0.423,0.405,0.07,0.161,0.268
0.16,0.263,0.387,0.423,0.405,0.07,0.161,0.269
0.16,0.262,0.387,0.423,0.405,0.071,0.161,0.268
0.16,0.262,0.387,0.423,0.405,0.071,0.161,0.268
0.16,0.262,0.387,0.423,0.405,0.071,0.161,0.269
0.16,0.262,0.387,0.423,0.405,0.07,0.161,0.268
0.16,0.262,0.387,0.423,0.405,0.07,0.161,0.268
0.16,0.262,0.387,0.423,0.405,0.07,0.161,0.268
0.16,0.262,0.387,0.423,0.405,0.07,0.161,0.269
0.16,0.262,0.387,0.423,0.405,0.07,0.161,0.269
0.16,0.262,0.387,0.423,0.405,0.07,0.161,0.269
0.16,0.262,0.387,0.423,0.405,0.07,0.161,0.268
0.16,0.262,0.387,0.423,0.405,0.071,0.161,0.268
0.16,0.262,0.387,0.423,0.405,0.07,0.161,0.268
0.16,0.262,0.387,0.423,0.405,0.07,0.161,0.268
0.16,0.262,0.387,0.423,0.405,0.07,0.161,0.268
0.16,0.262,0.387,0.423,0.405,0.07,0.161,0.268
0.16,0.262,0.387,0.423,0.405,0.07,0.161,0.269
0.16,0.262,0.387,0.423,0.405,0.07,0.161,0.268
0.16,0.262,0.387,0.423,0.405,0.07,0.161,0.268
0.16,0.262,0.387,0.423,0.405,0.07,0.161,0.268
0.16,0.262,0.387,0.423,0.405,0.07,0.161,0.268
0.16,0.262,0.387,0.423,0.405,0.07,0.161,0.268
0.16,0.262,0.387,0.423,0.405,0.07,0.161,0.268
0.16,0.262,0.387,0.423,0.405,0.07,0.161,0.268
0.16,0.262,0.387,0.423,0.405,0.071,0.161,0.268
0.16,0.262,0.387,0.423,0.405,0.071,0.161,0.268
0.16,0.262,0.387,0.423,0.405,0.07,0.161,0.268
0.16,0.262,0.387,0.423,0.405,0.07,0.161,0.268
0.16,0.262,0.387,0.423,0.405,0.07,0.161,0.268
0.16,0.262,0.387,0.423,0.405,0.07,0.161,0.268
0.16,0.262,0.387,0.423,0.405,0.071,0.161,0.268
0.16,0.262,0.387,0.423,0.405,0.07,0.161,0.268
0.16,0.262,0.387,0.423,0.405,0.07,0.161,0.268
0.16,0.262,0.387,0.423,0.405,0.07,0.16,0.268
0.16,0.262,0.387,0.423,0.405,0.07,0.161,0.268
0.16,0.262,0.387,0.423,0.405,0.07,0.161,0.268
0.16,0.263,0.387,0.423,0.405,0.07,0.161,0.268
0.16,0.263,0.387,0.423,0.405,0.07,0.161,0.268
0.16,0.263,0.387,0.424,0.405,0.071,0.161,0.269
0.16,0.263,0.387,0.423,0.405,0.07,0.161,0.269
0.16,0.263,0.387,0.424,0.405,0.07,0.161,0.269
0.16,0.263,0.387,0.424,0.405,0.07,0.161,0.268
0.16,0.264,0.387,0.424,0.405,0.07,0.161,0.269
0.16,0.264,0.387,0.424,0.405,0.07,0.161,0.269
0.16,0.264,0.387,0.424,0.405,0.07,0.161,0.269
0.16,0.264,0.387,0.424,0.405,0.071,0.161,0.269
0.16,0.265,0.387,0.424,0.405,0.071,0.161,0.269
0.16,0.265,0.387,0.425,0.405,0.07,0.16,0.269
0.16,0.265,0.387,0.425,0.405,0.07,0.161,0.269
0.16,0.265,0.387,0.425,0.405,0.07,0.161,0.269
0.159,0.266,0.387,0.426,0.405,0.07,0.161,0.269
0.16,0.266,0.387,0.426,0.405,0.071,0.161,0.269
0.16,0.266,0.387,0.427,0.405,0.071,0.16,0.27
0.16,0.267,0.387,0.428,0.405,0.07,0.161,0.27
0.16,0.267,0.387,0.429,0.406,0.07,0.16,0.27
0.16,0.267,0.387,0.429,0.406,0.07,0.161,0.27
0.16,0.268,0.387,0.43,0.406,0.07,0.16,0.27
0.16,0.268,0.387,0.431,0.406,0.07,0.16,0.27
0.16,0.268,0.387,0.432,0.406,0.071,0.16,0.27
0.159,0.269,0.387,0.433,0.406,0.071,0.161,0.27
0.16,0.269,0.387,0.433,0.406,0.07,0.161,0.27
0.16,0.269,0.387,0.434,0.407,0.071,0.16,0.27
0.16,0.27,0.387,0.434,0.407,0.071,0.161,0.27
0.16,0.27,0.387,0.435,0.407,0.07,0.16,0.271
0.16,0.27,0.387,0.436,0.407,0.071,0.161,0.271
0.16,0.271,0.387,0.436,0.407,0.071,0.161,0.271
0.16,0.271,0.387,0.436,0.407,0.07,0.161,0.271
0.16,0.271,0.387,0.437,0.407,0.071,0.161,0.271
0.16,0.272,0.387,0.437,0.407,0.071,0.161,0.271
0.16,0.272,0.387,0.437,0.408,0.071,0.16,0.272
0.16,0.272,0.387,0.438,0.408,0.071,0.161,0.272
0.16,0.273,0.387,0.438,0.408,0.071,0.16,0.273
0.16,0.273,0.387,0.438,0.408,0.071,0.16,0.273
0.16,0.273,0.387,0.438,0.408,0.071,0.161,0.274
0.16,0.274,0.387,0.438,0.408,0.07,0.161,0.274
0.16,0.274,0.387,0.439,0.408,0.071,0.161,0.275
0.16,0.274,0.387,0.439,0.408,0.071,0.16,0.276
0.16,0.275,0.387,0.439,0.408,0.071,0.16,0.277
0.16,0.275,0.387,0.439,0.408,0.071,0.161,0.278
0.16,0.275,0.387,0.439,0.409,0.071,0.161,0.279
0.16,0.276,0.387,0.439,0.409,0.071,0.16,0.28
0.16,0.276,0.387,0.44,0.409,0.071,0.16,0.281
0.16,0.276,0.387,0.44,0.409,0.071,0.161,0.282
0.16,0.277,0.387,0.44,0.409,0.071,0.16,0.283
0.16,0.277,0.387,0.44,0.409,0.071,0.161,0.284
0.16,0.278,0.387,0.44,0.409,0.071,0.16,0.285
0.16,0.278,0.387,0.44,0.409,0.071,0.16,0.286
0.16,0.278,0.387,0.44,0.409,0.071,0.161,0.287
0.16,0.279,0.387,0.44,0.41,0.071,0.161,0.288
0.16,0.279,0.387,0.44,0.41,0.071,0.161,0.289
0.16,0.28,0.387,0.441,0.41,0.071,0.161,0.29
0.16,0.28,0.387,0.441,0.41,0.071,0.16,0.29
0.16,0.281,0.387,0.441,0.41,0.071,0.16,0.291
0.16,0.281,0.387,0.441,0.41,0.071,0.161,0.292
0.16,0.282,0.387,0.441,0.41,0.071,0.16,0.293
0.16,0.282,0.387,0.441,0.41,0.071,0.161,0.294
0.16,0.282,0.387,0.441,0.41,0.071,0.161,0.294
0.16,0.283,0.387,0.441,0.41,0.071,0.161,0.295
0.16,0.284,0.387,0.442,0.411,0.071,0.161,0.296
0.16,0.284,0.387,0.442,0.411,0.071,0.161,0.296
0.16,0.284,0.388,0.442,0.411,0.071,0.16,0.297
0.16,0.285,0.387,0.442,0.411,0.071,0.161,0.298
0.16,0.285,0.388,0.442,0.411,0.071,0.161,0.298
0.16,0.286,0.388,0.442,0.411,0.071,0.161,0.299
0.16,0.286,0.387,0.442,0.411,0.071,0.161,0.3
0.16,0.287,0.388,0.442,0.411,0.071,0.161,0.3
0.16,0.288,0.388,0.442,0.411,0.071,0.161,0.301
0.16,0.288,0.388,0.443,0.412,0.071,0.161,0.301
0.16,0.288,0.388,0.443,0.411,0.071,0.161,0.302
0.161,0.289,0.388,0.443,0.412,0.071,0.161,0.302
0.161,0.289,0.388,0.443,0.412,0.071,0.161,0.303
0.16,0.29,0.388,0.443,0.412,0.071,0.161,0.303
0.161,0.291,0.388,0.443,0.412,0.071,0.161,0.304
0.161,0.291,0.388,0.443,0.412,0.071,0.161,0.304
0.161,0.292,0.388,0.444,0.412,0.071,0.161,0.305
0.161,0.292,0.388,0.444,0.412,0.071,0.161,0.305
0.161,0.293,0.388,0.444,0.413,0.071,0.161,0.306
0.161,0.293,0.388,0.444,0.413,0.071,0.161,0.306
0.161,0.294,0.388,0.444,0.413,0.071,0.161,0.306
0.161,0.294,0.388,0.444,0.413,0.071,0.161,0.307
0.161,0.295,0.388,0.444,0.413,0.071,0.161,0.307
0.161,0.295,0.388,0.444,0.413,0.071,0.161,0.308
0.161,0.296,0.388,0.444,0.413,0.071,0.161,0.308
0.161,0.296,0.388,0.445,0.413,0.071,0.161,0.308
0.161,0.296,0.388,0.445,0.413,0.071,0.161,0.309
0.161,0.297,0.388,0.445,0.413,0.072,0.161,0.309
0.161,0.298,0.388,0.445,0.414,0.071,0.161,0.309
0.161,0.298,0.388,0.445,0.414,0.071,0.161,0.31
0.161,0.298,0.388,0.445,0.414,0.072,0.161,0.31
0.161,0.299,0.388,0.446,0.414,0.072,0.161,0.31
0.161,0.299,0.388,0.446,0.414,0.072,0.161,0.311
0.161,0.3,0.388,0.446,0.414,0.072,0.161,0.311
0.161,0.3,0.388,0.446,0.414,0.072,0.161,0.311
0.161,0.301,0.388,0.446,0.415,0.071,0.161,0.311
0.161,0.301,0.388,0.446,0.415,0.072,0.161,0.312
0.161,0.301,0.388,0.447,0.415,0.072,0.161,0.312
0.162,0.302,0.388,0.447,0.415,0.072,0.161,0.312
0.161,0.302,0.389,0.447,0.415,0.072,0.161,0.312
0.162,0.303,0.389,0.447,0.415,0.072,0.161,0.312
0.161,0.303,0.388,0.447,0.415,0.072,0.161,0.313
0.162,0.304,0.389,0.447,0.416,0.072,0.161,0.313
0.162,0.304,0.389,0.445,0.415,0.072,0.161,0.313
0.161,0.303,0.387,0.446,0.414,0.072,0.161,0.312
0.162,0.304,0.388,0.447,0.415,0.072,0.16,0.313
0.162,0.306,0.389,0.449,0.417,0.072,0.161,0.314
0.162,0.306,0.389,0.449,0.417,0.072,0.161,0.315
0.162,0.306,0.389,0.449,0.417,0.072,0.161,0.315
0.161,0.305,0.388,0.448,0.416,0.072,0.161,0.314
0.161,0.305,0.387,0.447,0.415,0.071,0.161,0.313
0.162,0.307,0.388,0.448,0.416,0.072,0.161,0.314
0.162,0.308,0.39,0.45,0.418,0.072,0.161,0.315
0.162,0.308,0.389,0.45,0.418,0.072,0.161,0.316
0.162,0.308,0.389,0.45,0.417,0.072,0.161,0.316
0.162,0.308,0.388,0.449,0.417,0.072,0.161,0.315
0.162,0.307,0.387,0.448,0.416,0.072,0.16,0.314
0.162,0.309,0.388,0.449,0.417,0.072,0.161,0.315
0.163,0.31,0.39,0.451,0.418,0.072,0.161,0.316
0.162,0.311,0.39,0.451,0.419,0.072,0.161,0.317
0.162,0.311,0.389,0.451,0.418,0.072,0.161,0.317
0.162,0.31,0.388,0.45,0.417,0.072,0.161,0.316
0.162,0.31,0.387,0.449,0.417,0.072,0.161,0.315
0.162,0.311,0.389,0.45,0.417,0.072,0.161,0.316
0.163,0.312,0.39,0.452,0.419,0.072,0.161,0.317
0.163,0.313,0.39,0.452,0.42,0.073,0.161,0.318
0.163,0.312,0.39,0.452,0.419,0.072,0.161,0.318
0.162,0.312,0.388,0.451,0.418,0.072,0.161,0.317
0.162,0.312,0.388,0.45,0.417,0.072,0.161,0.316
0.163,0.313,0.389,0.452,0.419,0.072,0.161,0.317
0.163,0.314,0.39,0.453,0.42,0.073,0.161,0.318
0.163,0.314,0.39,0.454,0.42,0.072,0.161,0.319
0.163,0.315,0.39,0.453,0.42,0.072,0.161,0.318
0.163,0.314,0.389,0.452,0.419,0.072,0.161,0.318
0.162,0.314,0.388,0.451,0.418,0.072,0.161,0.317
0.163,0.315,0.389,0.453,0.419,0.072,0.161,0.317
0.163,0.316,0.39,0.455,0.421,0.073,0.161,0.319
0.163,0.316,0.39,0.455,0.421,0.073,0.162,0.319
0.163,0.316,0.39,0.454,0.421,0.073,0.161,0.319
0.163,0.316,0.389,0.454,0.42,0.072,0.161,0.319
0.163,0.315,0.388,0.453,0.419,0.072,0.161,0.318
0.163,0.316,0.389,0.454,0.421,0.072,0.161,0.318
0.164,0.318,0.391,0.458,0.423,0.073,0.161,0.319
0.164,0.318,0.39,0.46,0.423,0.073,0.161,0.319
0.163,0.319,0.39,0.463,0.424,0.073,0.161,0.319
0.163,0.32,0.389,0.465,0.424,0.073,0.161,0.319
0.163,0.324,0.389,0.467,0.424,0.073,0.16,0.317
0.163,0.331,0.39,0.472,0.426,0.073,0.161,0.318
0.164,0.338,0.392,0.478,0.43,0.073,0.162,0.32
0.164,0.345,0.392,0.483,0.431,0.073,0.162,0.321
0.164,0.351,0.391,0.486,0.433,0.073,0.162,0.322
0.163,0.358,0.391,0.489,0.434,0.073,0.162,0.323
0.163,0.365,0.39,0.492,0.435,0.073,0.161,0.324
0.164,0.373,0.391,0.497,0.438,0.073,0.162,0.327
0.164,0.382,0.393,0.502,0.443,0.074,0.162,0.331
0.164,0.388,0.393,0.506,0.445,0.074,0.163,0.335
0.164,0.395,0.393,0.508,0.447,0.074,0.163,0.338
0.164,0.402,0.393,0.51,0.449,0.074,0.163,0.341
0.163,0.408,0.392,0.512,0.45,0.075,0.162,0.343
0.164,0.417,0.393,0.516,0.453,0.075,0.163,0.347
0.165,0.425,0.395,0.52,0.457,0.075,0.164,0.352
0.165,0.431,0.395,0.523,0.46,0.076,0.164,0.356
0.165,0.437,0.395,0.526,0.461,0.076,0.164,0.359
0.164,0.441,0.394,0.527,0.463,0.076,0.164,0.363
0.165,0.448,0.395,0.53,0.466,0.076,0.164,0.367
0.165,0.454,0.396,0.533,0.468,0.076,0.164,0.37
0.165,0.46,0.396,0.535,0.471,0.077,0.164,0.374
0.165,0.466,0.396,0.538,0.473,0.077,0.165,0.377
0.165,0.472,0.397,0.54,0.476,0.077,0.165,0.381
0.166,0.479,0.397,0.543,0.478,0.078,0.165,0.384
0.166,0.484,0.398,0.545,0.48,0.078,0.165,0.387
0.166,0.49,0.398,0.547,0.483,0.078,0.165,0.391
0.166,0.496,0.398,0.549,0.485,0.078,0.165,0.394
0.166,0.502,0.399,0.552,0.488,0.079,0.166,0.397
0.166,0.509,0.399,0.554,0.49,0.079,0.166,0.4
0.167,0.515,0.399,0.556,0.492,0.079,0.166,0.404
0.167,0.521,0.4,0.558,0.495,0.08,0.166,0.407
0.167,0.526,0.4,0.56,0.497,0.08,0.167,0.41
0.167,0.532,0.401,0.562,0.499,0.08,0.167,0.413
0.167,0.537,0.401,0.564,0.501,0.081,0.167,0.416
0.167,0.542,0.401,0.565,0.503,0.081,0.167,0.419
0.168,0.547,0.402,0.567,0.506,0.081,0.167,0.422
0.168,0.552,0.402,0.569,0.508,0.082,0.167,0.425
0.168,0.556,0.403,0.571,0.51,0.082,0.168,0.428
0.168,0.561,0.403,0.572,0.512,0.082,0.168,0.43
0.168,0.565,0.404,0.574,0.515,0.083,0.168,0.433
0.169,0.57,0.404,0.576,0.517,0.083,0.168,0.436
0.169,0.574,0.404,0.578,0.519,0.083,0.168,0.439
0.169,0.579,0.405,0.58,0.521,0.084,0.169,0.441
0.169,0.584,0.405,0.582,0.524,0.084,0.169,0.444
0.169,0.588,0.406,0.584,0.526,0.084,0.169,0.447
0.17,0.593,0.406,0.585,0.528,0.085,0.169,0.449
0.17,0.598,0.407,0.587,0.53,0.085,0.169,0.452
0.17,0.602,0.407,0.589,0.533,0.085,0.17,0.454
0.17,0.607,0.408,0.591,0.535,0.086,0.17,0.457
0.17,0.612,0.408,0.593,0.537,0.086,0.17,0.459
0.171,0.617,0.409,0.595,0.539,0.086,0.17,0.462
0.171,0.621,0.409,0.596,0.542,0.087,0.17,0.465
0.171,0.626,0.41,0.598,0.544,0.087,0.171,0.467
0.171,0.63,0.41,0.6,0.546,0.087,0.171,0.47
0.172,0.635,0.411,0.602,0.548,0.088,0.171,0.472
0.172,0.639,0.411,0.604,0.551,0.088,0.171,0.474
0.172,0.643,0.411,0.606,0.553,0.088,0.171,0.477
0.172,0.647,0.412,0.607,0.555,0.089,0.172,0.479
0.172,0.651,0.412,0.609,0.557,0.089,0.172,0.482
0.173,0.654,0.413,0.611,0.56,0.089,0.172,0.484
0.173,0.658,0.413,0.613,0.562,0.09,0.172,0.486
0.173,0.662,0.414,0.615,0.564,0.09,0.172,0.489
0.173,0.666,0.414,0.617,0.566,0.09,0.173,0.491
0.173,0.67,0.415,0.619,0.568,0.091,0.173,0.493
0.174,0.674,0.415,0.621,0.571,0.091,0.173,0.496
0.174,0.678,0.416,0.623,0.573,0.092,0.173,0.498
0.174,0.681,0.417,0.625,0.575,0.092,0.173,0.5
0.174,0.685,0.417,0.627,0.577,0.092,0.174,0.502
0.175,0.689,0.418,0.629,0.58,0.093,0.174,0.504
0.175,0.693,0.418,0.631,0.582,0.093,0.174,0.507
0.175,0.697,0.419,0.634,0.584,0.093,0.174,0.509
0.175,0.701,0.419,0.636,0.586,0.094,0.174,0.511
0.176,0.705,0.42,0.638,0.589,0.094,0.175,0.513
0.176,0.71,0.421,0.64,0.591,0.094,0.175,0.515
0.176,0.714,0.421,0.642,0.593,0.095,0.175,0.518
0.176,0.718,0.422,0.644,0.595,0.095,0.175,0.52
0.177,0.723,0.422,0.646,0.598,0.095,0.176,0.522
0.177,0.727,0.423,0.649,0.6,0.096,0.176,0.524
0.177,0.731,0.424,0.651,0.602,0.096,0.176,0.527
0.178,0.735,0.424,0.653,0.605,0.097,0.176,0.529
0.178,0.739,0.425,0.655,0.607,0.097,0.177,0.531
0.178,0.743,0.425,0.657,0.61,0.097,0.177,0.533
0.178,0.748,0.426,0.659,0.612,0.098,0.177,0.536
0.179,0.752,0.427,0.662,0.615,0.098,0.177,0.538
0.179,0.757,0.427,0.664,0.617,0.099,0.177,0.54
0.179,0.762,0.428,0.666,0.619,0.099,0.178,0.543
0.18,0.766,0.429,0.669,0.622,0.1,0.178,0.545
0.18,0.771,0.429,0.671,0.625,0.1,0.178,0.547
0.18,0.776,0.43,0.674,0.627,0.1,0.178,0.55
0.181,0.78,0.431,0.676,0.63,0.101,0.179,0.553
0.181,0.785,0.432,0.679,0.633,0.101,0.179,0.555
0.181,0.79,0.432,0.681,0.635,0.101,0.179,0.557
0.182,0.795,0.433,0.683,0.638,0.102,0.18,0.56
0.182,0.799,0.434,0.686,0.64,0.102,0.18,0.562
0.183,0.804,0.434,0.688,0.643,0.103,0.18,0.565
0.183,0.808,0.435,0.69,0.645,0.103,0.18,0.567
0.183,0.812,0.436,0.692,0.648,0.104,0.18,0.57
0.184,0.817,0.436,0.695,0.651,0.104,0.181,0.572
0.184,0.821,0.437,0.698,0.653,0.104,0.181,0.575
0.185,0.826,0.438,0.7,0.656,0.105,0.181,0.577
0.185,0.83,0.439,0.702,0.658,0.105,0.182,0.58
0.185,0.835,0.439,0.705,0.661,0.106,0.182,0.583
0.186,0.839,0.44,0.707,0.664,0.106,0.182,0.585
0.186,0.844,0.441,0.71,0.666,0.107,0.182,0.588
0.187,0.849,0.442,0.712,0.669,0.107,0.183,0.59
0.187,0.853,0.442,0.715,0.672,0.108,0.183,0.593
0.187,0.857,0.443,0.717,0.674,0.108,0.183,0.596
0.188,0.862,0.444,0.72,0.677,0.109,0.183,0.598
0.188,0.867,0.445,0.722,0.68,0.109,0.184,0.601
0.189,0.872,0.446,0.725,0.683,0.11,0.184,0.604
0.189,0.877,0.446,0.727,0.686,0.11,0.184,0.607
0.19,0.882,0.447,0.729,0.688,0.111,0.184,0.609
0.19,0.887,0.448,0.732,0.691,0.111,0.185,0.612
0.191,0.891,0.449,0.735,0.694,0.112,0.185,0.615
0.191,0.896,0.45,0.737,0.697,0.112,0.185,0.618
0.192,0.901,0.45,0.74,0.7,0.113,0.186,0.621
0.192,0.905,0.451,0.743,0.703,0.113,0.186,0.624
0.193,0.91,0.452,0.745,0.706,0.114,0.186,0.626
0.193,0.915,0.453,0.748,0.709,0.114,0.186,0.629
0.194,0.92,0.454,0.751,0.712,0.115,0.187,0.632
0.194,0.924,0.455,0.753,0.715,0.115,0.187,0.634
0.195,0.929,0.456,0.756,0.718,0.116,0.187,0.637
0.195,0.933,0.457,0.759,0.721,0.116,0.188,0.64
0.196,0.938,0.457,0.761,0.724,0.117,0.188,0.643
0.197,0.942,0.458,0.764,0.727,0.117,0.188,0.646
0.197,0.947,0.459,0.767,0.73,0.118,0.189,0.648
0.198,0.951,0.46,0.769,0.732,0.119,0.189,0.651
0.198,0.955,0.461,0.772,0.736,0.119,0.189,0.654
0.199,0.96,0.462,0.775,0.739,0.12,0.19,0.657
0.199,0.965,0.463,0.778,0.742,0.12,0.19,0.659
0.2,0.969,0.464,0.78,0.744,0.121,0.19,0.662
0.2,0.973,0.465,0.783,0.747,0.121,0.19,0.665
0.201,0.978,0.465,0.786,0.75,0.122,0.191,0.667
0.202,0.982,0.466,0.788,0.754,0.123,0.191,0.67
0.202,0.986,0.467,0.791,0.757,0.123,0.191,0.673
0.203,0.99,0.468,0.794,0.76,0.124,0.191,0.676
0.203,0.994,0.469,0.797,0.763,0.124,0.192,0.679
0.204,0.998,0.47,0.8,0.766,0.125,0.192,0.681
0.205,1.003,0.471,0.802,0.769,0.125,0.192,0.684
0.205,1.007,0.472,0.805,0.772,0.126,0.193,0.687
0.206,1.011,0.473,0.808,0.775,0.127,0.193,0.69
0.206,1.015,0.474,0.811,0.778,0.127,0.193,0.693
0.207,1.019,0.474,0.814,0.781,0.128,0.194,0.695
0.207,1.023,0.475,0.817,0.784,0.128,0.194,0.698
0.208,1.027,0.476,0.819,0.787,0.129,0.194,0.701
0.209,1.031,0.477,0.822,0.79,0.13,0.195,0.704
0.209,1.036,0.478,0.825,0.794,0.13,0.195,0.707
0.21,1.04,0.479,0.828,0.797,0.131,0.195,0.709
0.211,1.044,0.48,0.831,0.8,0.131,0.196,0.712
0.211,1.048,0.481,0.834,0.803,0.132,0.196,0.715
0.212,1.053,0.482,0.837,0.807,0.133,0.196,0.718
0.213,1.057,0.483,0.84,0.81,0.133,0.197,0.721
0.213,1.061,0.484,0.843,0.813,0.134,0.197,0.724
0.214,1.066,0.485,0.846,0.817,0.135,0.197,0.727
0.215,1.07,0.486,0.849,0.82,0.135,0.197,0.73
0.215,1.075,0.487,0.852,0.823,0.136,0.198,0.733
0.216,1.079,0.488,0.855,0.827,0.137,0.198,0.736
0.217,1.083,0.489,0.858,0.83,0.138,0.198,0.739
0.217,1.088,0.49,0.861,0.833,0.138,0.199,0.742
0.218,1.092,0.491,0.864,0.837,0.139,0.199,0.745
0.219,1.096,0.492,0.867,0.84,0.14,0.199,0.748
0.22,1.1,0.493,0.87,0.843,0.14,0.199,0.751
0.22,1.104,0.494,0.873,0.847,0.141,0.2,0.754
0.221,1.108,0.494,0.876,0.85,0.142,0.2,0.757
0.222,1.112,0.496,0.879,0.853,0.142,0.2,0.76
0.223,1.116,0.497,0.882,0.856,0.143,0.201,0.763
0.223,1.121,0.497,0.885,0.859,0.144,0.201,0.766
0.224,1.125,0.498,0.888,0.863,0.145,0.201,0.769
0.225,1.129,0.5,0.891,0.866,0.145,0.202,0.772
0.225,1.133,0.5,0.894,0.869,0.146,0.202,0.774
0.226,1.137,0.501,0.897,0.873,0.147,0.202,0.777
0.227,1.141,0.502,0.9,0.876,0.147,0.203,0.78
0.227,1.144,0.503,0.903,0.879,0.148,0.203,0.783
0.228,1.148,0.504,0.906,0.882,0.149,0.203,0.786
0.229,1.153,0.505,0.909,0.886,0.149,0.204,0.789
0.23,1.156,0.507,0.912,0.889,0.15,0.204,0.792
0.23,1.16,0.508,0.915,0.892,0.151,0.204,0.795
0.231,1.164,0.509,0.918,0.895,0.152,0.204,0.797
0.232,1.168,0.51,0.921,0.899,0.152,0.205,0.8
0.233,1.171,0.511,0.924,0.902,0.153,0.205,0.803
0.234,1.175,0.512,0.927,0.905,0.154,0.205,0.806
0.234,1.179,0.513,0.93,0.908,0.154,0.206,0.809
0.235,1.182,0.514,0.933,0.912,0.155,0.206,0.812
0.236,1.186,0.515,0.936,0.915,0.156,0.207,0.814
0.236,1.19,0.516,0.939,0.918,0.157,0.207,0.817
0.237,1.194,0.517,0.941,0.921,0.158,0.207,0.82
0.238,1.197,0.518,0.944,0.924,0.158,0.207,0.823
0.239,1.201,0.519,0.947,0.928,0.159,0.208,0.826
0.24,1.205,0.52,0.95,0.931,0.16,0.208,0.829
0.241,1.209,0.521,0.953,0.934,0.161,0.208,0.831
0.241,1.212,0.522,0.956,0.937,0.161,0.209,0.834
0.242,1.216,0.523,0.959,0.941,0.162,0.209,0.837
0.243,1.22,0.524,0.962,0.944,0.163,0.209,0.84
0.244,1.223,0.525,0.965,0.947,0.164,0.21,0.843
0.245,1.227,0.526,0.968,0.95,0.165,0.21,0.846
0.245,1.23,0.527,0.971,0.954,0.165,0.21,0.849
0.246,1.234,0.528,0.975,0.957,0.166,0.211,0.851
0.247,1.237,0.529,0.978,0.96,0.167,0.211,0.854
0.248,1.241,0.53,0.98,0.963,0.168,0.211,0.857
0.249,1.245,0.531,0.984,0.966,0.169,0.211,0.86
0.25,1.248,0.532,0.987,0.97,0.17,0.212,0.863
0.251,1.252,0.533,0.99,0.973,0.17,0.212,0.866
0.251,1.256,0.534,0.993,0.976,0.171,0.213,0.869
0.252,1.26,0.536,0.996,0.98,0.172,0.213,0.871
0.253,1.263,0.536,0.999,0.983,0.173,0.213,0.87
0.254,1.264,0.536,1.0,0.984,0.173,0.213,0.875
0.254,1.268,0.538,1.003,0.987,0.174,0.213,0.878
0.255,1.271,0.539,1.006,0.991,0.175,0.214,0.881
0.256,1.275,0.54,1.009,0.994,0.176,0.214,0.884
0.257,1.278,0.541,1.012,0.997,0.177,0.214,0.887
0.258,1.282,0.542,1.015,1.0,0.178,0.214,0.889
0.259,1.285,0.543,1.018,1.003,0.178,0.215,0.892
0.26,1.289,0.544,1.021,1.006,0.179,0.215,0.895
0.26,1.292,0.545,1.024,1.009,0.18,0.215,0.898
0.261,1.296,0.546,1.027,1.013,0.181,0.216,0.901
0.262,1.299,0.547,1.03,1.016,0.182,0.216,0.904
0.263,1.303,0.548,1.033,1.019,0.183,0.217,0.907
0.264,1.306,0.549,1.036,1.022,0.184,0.217,0.91
0.265,1.31,0.55,1.039,1.026,0.184,0.217,0.912
0.266,1.313,0.551,1.042,1.029,0.185,0.217,0.915
0.267,1.316,0.552,1.045,1.032,0.186,0.218,0.918
0.268,1.32,0.553,1.048,1.035,0.187,0.218,0.921
0.269,1.323,0.554,1.051,1.038,0.188,0.218,0.924
0.27,1.327,0.555,1.055,1.042,0.189,0.219,0.927
0.271,1.33,0.556,1.058,1.045,0.19,0.219,0.93
0.272,1.334,0.557,1.061,1.048,0.191,0.219,0.933
0.273,1.337,0.558,1.064,1.051,0.192,0.219,0.936
0.274,1.341,0.56,1.067,1.055,0.193,0.22,0.939
0.275,1.344,0.561,1.07,1.058,0.194,0.22,0.941
0.276,1.348,0.561,1.073,1.061,0.194,0.221,0.945
0.276,1.351,0.563,1.076,1.065,0.195,0.221,0.948
0.277,1.354,0.564,1.079,1.068,0.196,0.221,0.951
0.278,1.358,0.565,1.082,1.071,0.197,0.222,0.953
0.279,1.361,0.566,1.085,1.074,0.198,0.222,0.956
0.28,1.364,0.567,1.088,1.077,0.199,0.222,0.959
0.281,1.367,0.568,1.091,1.08,0.2,0.222,0.962
0.282,1.37,0.569,1.094,1.084,0.201,0.223,0.965
0.283,1.373,0.57,1.097,1.087,0.202,0.223,0.968
0.284,1.377,0.571,1.1,1.09,0.203,0.223,0.971
0.285,1.379,0.572,1.103,1.093,0.204,0.224,0.973
0.286,1.383,0.573,1.106,1.096,0.205,0.224,0.976
0.287,1.386,0.574,1.109,1.099,0.206,0.224,0.979
0.288,1.389,0.575,1.112,1.102,0.207,0.225,0.982
0.289,1.392,0.576,1.115,1.106,0.207,0.225,0.985
0.29,1.395,0.577,1.118,1.109,0.209,0.225,0.988
0.291,1.398,0.578,1.121,1.112,0.209,0.226,0.991
0.292,1.401,0.58,1.124,1.115,0.21,0.226,0.993
0.293,1.405,0.581,1.127,1.118,0.211,0.226,0.996
0.294,1.408,0.582,1.13,1.122,0.212,0.226,0.999
0.295,1.411,0.583,1.133,1.125,0.214,0.227,1.002
0.296,1.414,0.584,1.136,1.128,0.214,0.227,1.005
0.297,1.417,0.585,1.139,1.131,0.215,0.227,1.008
0.298,1.42,0.586,1.143,1.135,0.217,0.228,1.011
0.3,1.424,0.587,1.146,1.138,0.217,0.228,1.014
0.301,1.427,0.588,1.148,1.141,0.218,0.228,1.016
0.301,1.43,0.589,1.151,1.144,0.219,0.229,1.019
0.303,1.433,0.59,1.154,1.147,0.22,0.229,1.022
0.304,1.436,0.592,1.157,1.151,0.222,0.23,1.025
0.305,1.439,0.593,1.16,1.154,0.223,0.23,1.028
0.306,1.442,0.594,1.163,1.157,0.223,0.23,1.031
0.307,1.444,0.595,1.166,1.16,0.224,0.23,1.034
0.308,1.448,0.596,1.169,1.163,0.225,0.231,1.037
0.309,1.45,0.597,1.172,1.166,0.226,0.231,1.04
0.31,1.453,0.598,1.175,1.17,0.227,0.231,1.042
0.311,1.456,0.599,1.178,1.173,0.229,0.232,1.045
0.312,1.464,0.602,1.184,1.178,0.23,0.233,1.05
0.314,1.465,0.603,1.187,1.181,0.231,0.233,1.053
0.315,1.468,0.604,1.189,1.184,0.232,0.233,1.056
0.316,1.471,0.605,1.193,1.188,0.233,0.233,1.059
0.317,1.474,0.606,1.196,1.191,0.234,0.234,1.062
0.318,1.477,0.607,1.198,1.194,0.235,0.234,1.065
0.32,1.48,0.608,1.201,1.197,0.236,0.234,1.067
0.321,1.483,0.609,1.204,1.2,0.237,0.235,1.07
0.322,1.486,0.61,1.208,1.203,0.238,0.235,1.073
0.323,1.489,0.611,1.21,1.206,0.239,0.235,1.076
0.324,1.491,0.612,1.213,1.209,0.24,0.236,1.079
0.325,1.495,0.613,1.216,1.212,0.241,0.236,1.081
0.326,1.497,0.615,1.219,1.215,0.242,0.236,1.084
0.328,1.5,0.616,1.222,1.219,0.244,0.237,1.087
0.329,1.503,0.617,1.225,1.222,0.245,0.237,1.09
0.33,1.506,0.618,1.228,1.225,0.246,0.237,1.093
0.331,1.509,0.619,1.231,1.228,0.247,0.238,1.095
0.332,1.512,0.62,1.234,1.231,0.248,0.238,1.098
0.333,1.515,0.621,1.237,1.234,0.249,0.238,1.101
0.335,1.517,0.622,1.24,1.237,0.25,0.239,1.104
0.336,1.52,0.623,1.243,1.24,0.251,0.239,1.107
0.337,1.523,0.624,1.246,1.243,0.252,0.239,1.11
0.338,1.525,0.626,1.249,1.247,0.253,0.24,1.112
0.339,1.528,0.627,1.252,1.249,0.254,0.24,1.115
0.341,1.531,0.628,1.255,1.253,0.255,0.24,1.118
0.342,1.533,0.629,1.258,1.256,0.257,0.241,1.121
0.343,1.536,0.63,1.261,1.259,0.257,0.241,1.124
0.344,1.539,0.631,1.264,1.262,0.259,0.241,1.126
0.346,1.541,0.632,1.267,1.265,0.26,0.242,1.129
0.347,1.544,0.633,1.27,1.268,0.261,0.242,1.132
0.348,1.547,0.635,1.273,1.271,0.262,0.242,1.135
0.349,1.55,0.636,1.276,1.274,0.263,0.243,1.138
0.35,1.552,0.637,1.279,1.277,0.264,0.243,1.141
0.352,1.555,0.638,1.282,1.28,0.265,0.243,1.143
0.353,1.557,0.639,1.285,1.283,0.266,0.244,1.146
0.354,1.56,0.64,1.287,1.286,0.267,0.244,1.149
0.355,1.563,0.641,1.29,1.289,0.268,0.244,1.152
0.357,1.565,0.642,1.293,1.293,0.27,0.245,1.155
0.358,1.568,0.644,1.296,1.296,0.271,0.245,1.157
0.359,1.571,0.645,1.299,1.299,0.272,0.245,1.16
0.36,1.574,0.646,1.302,1.302,0.273,0.246,1.163
0.362,1.576,0.647,1.305,1.305,0.274,0.246,1.166
0.363,1.579,0.648,1.308,1.308,0.275,0.246,1.169
0.364,1.581,0.649,1.311,1.311,0.276,0.246,1.171
0.365,1.584,0.65,1.314,1.314,0.277,0.247,1.174
0.367,1.586,0.651,1.317,1.317,0.279,0.247,1.177
0.368,1.588,0.652,1.32,1.319,0.28,0.248,1.179
0.369,1.591,0.653,1.323,1.323,0.281,0.248,1.182
0.37,1.594,0.655,1.326,1.326,0.282,0.248,1.185
0.372,1.596,0.656,1.328,1.329,0.283,0.249,1.188
0.373,1.599,0.657,1.331,1.332,0.284,0.249,1.191
0.375,1.602,0.658,1.334,1.335,0.285,0.249,1.193
0.376,1.604,0.659,1.337,1.338,0.286,0.25,1.196
0.377,1.607,0.66,1.34,1.341,0.287,0.25,1.199
0.378,1.609,0.661,1.343,1.344,0.289,0.25,1.202
0.38,1.612,0.663,1.345,1.347,0.29,0.251,1.205
0.381,1.614,0.664,1.348,1.35,0.291,0.251,1.207
0.382,1.617,0.665,1.351,1.352,0.292,0.251,1.21
0.384,1.619,0.666,1.354,1.355,0.293,0.251,1.213
0.385,1.622,0.667,1.357,1.358,0.294,0.252,1.215
0.386,1.624,0.668,1.36,1.361,0.296,0.252,1.218
0.388,1.627,0.669,1.363,1.364,0.296,0.252,1.221
0.389,1.629,0.67,1.365,1.367,0.297,0.253,1.224
0.39,1.631,0.671,1.368,1.37,0.298,0.253,1.224
0.391,1.63,0.671,1.368,1.37,0.299,0.253,1.226
0.392,1.633,0.672,1.371,1.373,0.3,0.253,1.229
0.393,1.635,0.673,1.373,1.375,0.301,0.254,1.232
0.395,1.637,0.674,1.376,1.378,0.303,0.254,1.234
0.396,1.64,0.676,1.379,1.382,0.304,0.254,1.237
0.398,1.642,0.677,1.382,1.384,0.305,0.255,1.24
0.399,1.644,0.678,1.385,1.387,0.306,0.255,1.242
0.4,1.646,0.679,1.387,1.39,0.307,0.255,1.245
0.402,1.649,0.68,1.39,1.393,0.308,0.256,1.248
0.403,1.651,0.681,1.393,1.396,0.309,0.256,1.25
0.404,1.653,0.682,1.395,1.398,0.31,0.256,1.253
0.406,1.655,0.683,1.398,1.401,0.311,0.257,1.256
0.407,1.657,0.684,1.401,1.404,0.312,0.257,1.258
0.408,1.659,0.686,1.403,1.407,0.313,0.257,1.261
0.41,1.661,0.687,1.406,1.41,0.315,0.258,1.264
0.411,1.663,0.688,1.409,1.412,0.316,0.258,1.266
0.413,1.665,0.689,1.411,1.415,0.317,0.258,1.269
0.414,1.668,0.69,1.414,1.418,0.318,0.259,1.272
0.415,1.67,0.691,1.417,1.421,0.319,0.259,1.274
0.417,1.672,0.692,1.419,1.423,0.32,0.259,1.276
0.418,1.675,0.693,1.422,1.426,0.321,0.259,1.279
0.419,1.677,0.694,1.425,1.429,0.322,0.26,1.282
0.421,1.679,0.695,1.427,1.432,0.323,0.26,1.284
0.422,1.681,0.697,1.43,1.435,0.324,0.261,1.287
0.424,1.683,0.698,1.433,1.437,0.325,0.261,1.29
0.425,1.685,0.699,1.435,1.44,0.326,0.261,1.292
0.426,1.687,0.7,1.438,1.442,0.327,0.262,1.295
0.428,1.689,0.701,1.441,1.445,0.328,0.262,1.297
0.429,1.691,0.702,1.443,1.448,0.33,0.262,1.3
0.431,1.693,0.703,1.446,1.451,0.331,0.262,1.303
0.432,1.695,0.704,1.449,1.454,0.332,0.263,1.305
0.434,1.697,0.705,1.451,1.456,0.333,0.263,1.308
0.435,1.699,0.706,1.454,1.46,0.334,0.263,1.311
0.436,1.702,0.707,1.457,1.462,0.335,0.264,1.313
0.438,1.704,0.708,1.459,1.465,0.336,0.264,1.316
0.439,1.706,0.71,1.462,1.467,0.337,0.264,1.319
0.441,1.708,0.711,1.465,1.47,0.339,0.265,1.321
0.442,1.71,0.712,1.467,1.473,0.34,0.265,1.324
0.444,1.712,0.713,1.47,1.475,0.341,0.265,1.326
0.445,1.714,0.714,1.473,1.478,0.342,0.266,1.329
0.446,1.716,0.715,1.475,1.481,0.343,0.266,1.332
0.448,1.718,0.716,1.478,1.484,0.344,0.266,1.334
0.449,1.72,0.717,1.48,1.486,0.345,0.267,1.337
0.451,1.722,0.718,1.483,1.489,0.346,0.267,1.34
0.452,1.724,0.719,1.486,1.492,0.347,0.267,1.342
0.454,1.726,0.721,1.488,1.494,0.348,0.268,1.344
0.455,1.728,0.721,1.49,1.497,0.349,0.268,1.347
0.457,1.73,0.723,1.493,1.5,0.35,0.268,1.35
0.458,1.732,0.724,1.496,1.502,0.351,0.269,1.352
0.46,1.734,0.725,1.498,1.505,0.352,0.269,1.355
0.461,1.736,0.726,1.501,1.507,0.353,0.269,1.357
0.463,1.738,0.727,1.503,1.51,0.354,0.27,1.36
0.464,1.74,0.728,1.505,1.512,0.355,0.27,1.362
0.465,1.742,0.729,1.508,1.515,0.357,0.27,1.364
0.467,1.744,0.73,1.511,1.518,0.358,0.27,1.367
0.468,1.745,0.731,1.513,1.52,0.359,0.271,1.369
0.47,1.748,0.732,1.516,1.522,0.36,0.271,1.372
0.471,1.749,0.734,1.518,1.525,0.361,0.272,1.374
0.473,1.751,0.735,1.521,1.528,0.362,0.272,1.377
0.474,1.753,0.736,1.523,1.53,0.363,0.272,1.379
0.476,1.755,0.737,1.526,1.533,0.364,0.273,1.382
0.477,1.757,0.738,1.528,1.536,0.365,0.273,1.384
0.479,1.759,0.739,1.531,1.538,0.366,0.273,1.387
0.48,1.761,0.74,1.533,1.541,0.367,0.274,1.389
0.482,1.763,0.741,1.536,1.543,0.368,0.274,1.392
0.483,1.764,0.742,1.538,1.545,0.369,0.274,1.394
0.485,1.766,0.743,1.54,1.548,0.37,0.274,1.396
0.486,1.768,0.745,1.543,1.55,0.371,0.275,1.398
0.488,1.77,0.746,1.545,1.553,0.372,0.275,1.401
0.489,1.772,0.747,1.548,1.555,0.373,0.275,1.403
0.491,1.773,0.748,1.55,1.558,0.374,0.276,1.406
0.492,1.775,0.749,1.552,1.56,0.375,0.276,1.408
0.494,1.776,0.75,1.555,1.563,0.376,0.276,1.41
0.495,1.778,0.751,1.557,1.565,0.377,0.277,1.413
0.497,1.78,0.752,1.56,1.568,0.378,0.277,1.415
0.498,1.782,0.753,1.562,1.57,0.379,0.277,1.417
0.5,1.783,0.754,1.564,1.572,0.38,0.277,1.42
0.501,1.785,0.755,1.567,1.575,0.381,0.278,1.422
0.503,1.787,0.757,1.57,1.577,0.382,0.278,1.425
0.504,1.789,0.757,1.572,1.579,0.383,0.279,1.427
0.506,1.79,0.759,1.574,1.582,0.384,0.279,1.429
0.507,1.792,0.76,1.576,1.584,0.385,0.279,1.432
0.509,1.794,0.761,1.579,1.587,0.386,0.28,1.434
0.511,1.796,0.762,1.581,1.589,0.387,0.28,1.436
0.512,1.797,0.763,1.584,1.592,0.388,0.28,1.439
0.514,1.799,0.764,1.586,1.594,0.389,0.281,1.441
0.515,1.801,0.765,1.589,1.597,0.39,0.281,1.444
0.517,1.803,0.766,1.591,1.599,0.391,0.281,1.446
0.518,1.805,0.767,1.593,1.601,0.392,0.282,1.448
0.52,1.806,0.768,1.595,1.603,0.393,0.282,1.451
0.522,1.808,0.77,1.598,1.606,0.394,0.282,1.453
0.523,1.81,0.771,1.6,1.608,0.395,0.283,1.456
0.525,1.811,0.772,1.602,1.61,0.396,0.283,1.457
0.526,1.813,0.773,1.605,1.613,0.397,0.283,1.46
0.528,1.815,0.774,1.607,1.615,0.398,0.283,1.462
0.529,1.816,0.775,1.609,1.618,0.399,0.284,1.465
0.531,1.818,0.776,1.611,1.62,0.4,0.284,1.467
0.533,1.819,0.777,1.614,1.622,0.401,0.285,1.469
0.534,1.821,0.778,1.616,1.624,0.402,0.285,1.471
0.535,1.823,0.779,1.618,1.627,0.403,0.285,1.474
0.537,1.825,0.78,1.621,1.629,0.404,0.286,1.476
0.539,1.826,0.782,1.623,1.631,0.405,0.286,1.478
0.54,1.828,0.782,1.625,1.634,0.406,0.286,1.48
0.542,1.83,0.784,1.627,1.636,0.407,0.286,1.482
0.544,1.831,0.784,1.63,1.638,0.408,0.287,1.485
0.545,1.833,0.786,1.632,1.64,0.409,0.287,1.488
0.547,1.835,0.787,1.635,1.643,0.41,0.288,1.49
0.548,1.837,0.788,1.637,1.646,0.411,0.288,1.492
0.55,1.838,0.789,1.639,1.648,0.411,0.288,1.494
0.552,1.84,0.79,1.641,1.65,0.412,0.288,1.497
0.553,1.842,0.791,1.644,1.652,0.413,0.289,1.499
0.555,1.843,0.793,1.646,1.654,0.414,0.289,1.501
0.556,1.844,0.793,1.647,1.656,0.415,0.289,1.503
0.558,1.845,0.795,1.65,1.658,0.416,0.29,1.505
0.56,1.848,0.796,1.652,1.661,0.417,0.29,1.507
0.561,1.849,0.797,1.655,1.663,0.418,0.29,1.509
0.563,1.851,0.798,1.657,1.665,0.419,0.291,1.512
0.564,1.853,0.799,1.659,1.667,0.42,0.291,1.514
0.566,1.854,0.8,1.661,1.67,0.421,0.292,1.516
0.568,1.856,0.801,1.663,1.672,0.421,0.292,1.518
0.569,1.857,0.802,1.665,1.674,0.422,0.292,1.52
0.571,1.859,0.803,1.668,1.676,0.423,0.292,1.522
0.572,1.861,0.804,1.67,1.678,0.424,0.293,1.525
0.574,1.862,0.806,1.672,1.68,0.425,0.293,1.527
0.576,1.864,0.807,1.674,1.683,0.426,0.293,1.529
0.577,1.866,0.808,1.676,1.685,0.427,0.294,1.531
0.579,1.867,0.809,1.679,1.687,0.428,0.294,1.534
0.581,1.869,0.81,1.681,1.689,0.429,0.294,1.536
0.582,1.871,0.811,1.683,1.691,0.43,0.295,1.538
0.584,1.873,0.812,1.685,1.693,0.431,0.295,1.541
0.586,1.874,0.813,1.687,1.696,0.431,0.295,1.543
0.587,1.876,0.814,1.69,1.698,0.432,0.296,1.545
0.589,1.878,0.815,1.692,1.7,0.433,0.296,1.547
0.591,1.879,0.817,1.694,1.702,0.434,0.296,1.549
0.592,1.881,0.818,1.696,1.704,0.435,0.297,1.552
0.594,1.882,0.818,1.699,1.707,0.436,0.297,1.554
0.596,1.884,0.82,1.701,1.709,0.437,0.297,1.556
0.597,1.885,0.821,1.703,1.711,0.438,0.298,1.559
0.599,1.887,0.822,1.706,1.714,0.439,0.298,1.561
0.601,1.889,0.823,1.708,1.716,0.44,0.298,1.563
0.602,1.89,0.824,1.71,1.718,0.441,0.299,1.565
0.604,1.892,0.825,1.712,1.72,0.442,0.299,1.567
0.606,1.894,0.826,1.714,1.722,0.443,0.299,1.57
0.607,1.895,0.827,1.716,1.725,0.444,0.3,1.572
0.609,1.896,0.829,1.718,1.727,0.444,0.3,1.574
0.611,1.898,0.83,1.72,1.729,0.445,0.3,1.576
0.613,1.9,0.831,1.723,1.731,0.446,0.301,1.579
0.614,1.901,0.832,1.725,1.733,0.447,0.301,1.581
0.616,1.903,0.833,1.727,1.735,0.448,0.301,1.583
0.617,1.905,0.834,1.729,1.737,0.449,0.302,1.585
0.619,1.906,0.835,1.731,1.74,0.45,0.302,1.587
0.621,1.908,0.836,1.733,1.742,0.451,0.302,1.589
0.623,1.909,0.837,1.735,1.744,0.452,0.303,1.591
0.624,1.911,0.838,1.737,1.746,0.452,0.303,1.594
0.626,1.912,0.839,1.739,1.748,0.453,0.303,1.595
0.628,1.913,0.84,1.742,1.75,0.454,0.303,1.598
0.629,1.915,0.842,1.743,1.752,0.455,0.304,1.6
0.631,1.916,0.843,1.746,1.755,0.456,0.304,1.602
0.633,1.918,0.844,1.748,1.757,0.457,0.304,1.603
0.635,1.92,0.845,1.751,1.759,0.458,0.305,1.606
0.636,1.921,0.846,1.753,1.761,0.459,0.305,1.608
0.638,1.923,0.847,1.755,1.763,0.46,0.306,1.609
0.64,1.925,0.849,1.757,1.765,0.46,0.306,1.612
0.641,1.926,0.85,1.759,1.768,0.461,0.306,1.614
0.643,1.927,0.851,1.761,1.77,0.462,0.307,1.616
0.645,1.929,0.852,1.763,1.772,0.463,0.307,1.618
0.646,1.931,0.853,1.765,1.774,0.464,0.307,1.62
0.648,1.932,0.854,1.768,1.776,0.465,0.308,1.623
0.65,1.934,0.855,1.77,1.778,0.466,0.308,1.624
0.652,1.936,0.856,1.772,1.781,0.467,0.308,1.627
0.654,1.937,0.858,1.774,1.782,0.468,0.308,1.629
0.655,1.939,0.859,1.776,1.784,0.469,0.309,1.631
0.657,1.94,0.86,1.778,1.787,0.469,0.309,1.633
0.659,1.942,0.861,1.78,1.789,0.471,0.31,1.635
0.661,1.943,0.862,1.782,1.791,0.471,0.31,1.637
0.662,1.945,0.863,1.784,1.793,0.472,0.31,1.639
0.664,1.946,0.864,1.786,1.795,0.473,0.311,1.641
0.666,1.947,0.865,1.788,1.797,0.474,0.311,1.644
0.668,1.949,0.866,1.79,1.799,0.475,0.311,1.645
0.669,1.95,0.867,1.792,1.801,0.476,0.311,1.648
0.671,1.952,0.869,1.795,1.803,0.477,0.312,1.65
0.673,1.953,0.87,1.797,1.805,0.478,0.312,1.652
0.675,1.955,0.871,1.799,1.807,0.478,0.312,1.654
0.676,1.956,0.872,1.801,1.81,0.479,0.313,1.656
0.678,1.958,0.873,1.803,1.812,0.48,0.313,1.658
0.68,1.959,0.874,1.805,1.813,0.481,0.314,1.66
0.682,1.96,0.875,1.806,1.815,0.482,0.314,1.662
0.683,1.961,0.876,1.809,1.817,0.483,0.314,1.664
0.685,1.963,0.878,1.811,1.819,0.484,0.315,1.666
0.687,1.964,0.878,1.813,1.821,0.484,0.315,1.668
0.689,1.965,0.88,1.815,1.823,0.485,0.315,1.67
0.69,1.966,0.881,1.817,1.825,0.486,0.315,1.672
0.692,1.968,0.882,1.819,1.827,0.487,0.316,1.674
0.694,1.969,0.883,1.821,1.829,0.488,0.316,1.676
0.696,1.97,0.884,1.822,1.831,0.489,0.317,1.678
0.697,1.972,0.885,1.825,1.833,0.489,0.317,1.68
0.699,1.973,0.886,1.827,1.835,0.49,0.317,1.682
0.701,1.974,0.888,1.829,1.837,0.491,0.318,1.684
0.703,1.976,0.889,1.831,1.839,0.492,0.318,1.686
0.705,1.977,0.89,1.832,1.841,0.493,0.318,1.688
0.706,1.978,0.891,1.835,1.843,0.494,0.319,1.69
0.708,1.979,0.892,1.837,1.845,0.494,0.319,1.691
0.71,1.981,0.893,1.838,1.847,0.495,0.319,1.694
0.712,1.982,0.894,1.84,1.848,0.496,0.32,1.695
0.713,1.983,0.895,1.842,1.85,0.497,0.32,1.697
0.715,1.984,0.896,1.844,1.852,0.498,0.32,1.699
0.717,1.986,0.897,1.846,1.854,0.499,0.321,1.701
0.719,1.987,0.899,1.848,1.856,0.499,0.321,1.703
0.72,1.989,0.9,1.85,1.858,0.5,0.321,1.705
0.722,1.99,0.901,1.852,1.86,0.501,0.322,1.707
0.724,1.991,0.902,1.854,1.862,0.502,0.322,1.71
0.726,1.992,0.903,1.855,1.864,0.503,0.322,1.711
0.727,1.993,0.904,1.858,1.866,0.504,0.323,1.713
0.729,1.995,0.905,1.86,1.868,0.504,0.323,1.715
0.731,1.996,0.906,1.862,1.87,0.505,0.323,1.717
0.733,1.998,0.908,1.864,1.872,0.506,0.324,1.719
0.735,1.999,0.909,1.866,1.874,0.507,0.324,1.722
0.736,2.0,0.91,1.868,1.876,0.508,0.325,1.723
0.738,2.001,0.911,1.869,1.877,0.509,0.325,1.725
0.74,2.002,0.912,1.871,1.879,0.51,0.325,1.728
0.742,2.004,0.913,1.873,1.882,0.511,0.326,1.729
0.744,2.005,0.914,1.875,1.883,0.511,0.326,1.732
0.746,2.007,0.916,1.877,1.885,0.512,0.326,1.734
0.747,2.007,0.916,1.879,1.887,0.513,0.327,1.736
0.749,2.009,0.918,1.881,1.889,0.514,0.327,1.738
0.751,2.01,0.919,1.883,1.891,0.515,0.327,1.739
0.753,2.011,0.92,1.885,1.893,0.516,0.327,1.742
0.754,2.012,0.921,1.886,1.894,0.517,0.328,1.743
0.756,2.014,0.922,1.888,1.896,0.517,0.328,1.745
0.758,2.015,0.923,1.89,1.898,0.518,0.329,1.747
0.76,2.016,0.924,1.892,1.9,0.519,0.329,1.749
0.761,2.018,0.925,1.894,1.902,0.52,0.329,1.751
0.763,2.019,0.926,1.896,1.904,0.521,0.33,1.753
0.765,2.02,0.928,1.898,1.906,0.521,0.33,1.755
0.767,2.022,0.929,1.9,1.908,0.522,0.33,1.757
0.769,2.023,0.93,1.902,1.91,0.523,0.331,1.759
0.771,2.024,0.931,1.904,1.912,0.524,0.331,1.761
0.772,2.026,0.932,1.906,1.914,0.525,0.332,1.763
0.774,2.027,0.933,1.907,1.915,0.526,0.332,1.765
0.776,2.028,0.934,1.909,1.917,0.527,0.332,1.767
0.778,2.029,0.935,1.911,1.919,0.527,0.333,1.769
0.78,2.031,0.937,1.913,1.921,0.528,0.333,1.771
0.782,2.032,0.938,1.915,1.922,0.529,0.333,1.773
0.783,2.033,0.939,1.917,1.925,0.53,0.333,1.775
0.785,2.035,0.94,1.919,1.926,0.531,0.334,1.776
0.787,2.035,0.941,1.92,1.928,0.531,0.334,1.778
0.789,2.037,0.942,1.922,1.93,0.532,0.335,1.78
0.79,2.038,0.943,1.924,1.932,0.533,0.335,1.782
0.792,2.04,0.945,1.926,1.934,0.534,0.335,1.784
0.794,2.041,0.946,1.928,1.936,0.535,0.336,1.786
0.796,2.042,0.947,1.93,1.937,0.535,0.336,1.788
0.798,2.043,0.948,1.932,1.939,0.536,0.336,1.79
0.8,2.045,0.949,1.934,1.941,0.537,0.337,1.792
0.802,2.046,0.95,1.935,1.943,0.538,0.337,1.794
0.803,2.048,0.951,1.937,1.945,0.539,0.337,1.796
0.805,2.049,0.953,1.939,1.947,0.54,0.338,1.798
0.807,2.05,0.954,1.941,1.949,0.54,0.338,1.8
0.809,2.052,0.955,1.943,1.95,0.541,0.339,1.802
0.811,2.053,0.956,1.945,1.952,0.542,0.339,1.803
0.812,2.054,0.957,1.947,1.954,0.543,0.339,1.805
0.814,2.056,0.958,1.948,1.956,0.544,0.34,1.807
0.816,2.057,0.959,1.95,1.958,0.545,0.34,1.809
0.818,2.059,0.96,1.952,1.96,0.545,0.34,1.811
0.82,2.06,0.962,1.954,1.961,0.546,0.341,1.813
0.822,2.061,0.963,1.956,1.963,0.547,0.341,1.815
0.824,2.062,0.964,1.958,1.965,0.548,0.341,1.817
0.826,2.064,0.965,1.96,1.967,0.549,0.342,1.819
0.827,2.065,0.966,1.962,1.969,0.55,0.342,1.821
0.829,2.066,0.967,1.963,1.971,0.551,0.342,1.823
0.831,2.068,0.969,1.965,1.972,0.551,0.343,1.825
0.833,2.069,0.97,1.967,1.974,0.552,0.343,1.827
0.835,2.07,0.971,1.969,1.976,0.553,0.344,1.829
0.837,2.071,0.972,1.971,1.978,0.554,0.344,1.831
0.838,2.072,0.973,1.972,1.98,0.555,0.344,1.833
0.84,2.074,0.974,1.974,1.982,0.555,0.345,1.834
0.842,2.075,0.975,1.976,1.984,0.556,0.345,1.836
0.844,2.076,0.977,1.978,1.985,0.557,0.345,1.838
0.846,2.077,0.978,1.98,1.987,0.558,0.346,1.84
0.848,2.079,0.979,1.981,1.989,0.559,0.346,1.842
0.85,2.08,0.98,1.983,1.99,0.559,0.347,1.843
0.851,2.081,0.981,1.985,1.992,0.56,0.347,1.845
0.853,2.082,0.982,1.987,1.994,0.561,0.347,1.847
0.855,2.083,0.984,1.988,1.995,0.562,0.348,1.849
0.857,2.085,0.985,1.99,1.997,0.562,0.348,1.851
0.859,2.086,0.986,1.992,1.999,0.563,0.348,1.852
0.86,2.087,0.987,1.993,2.001,0.564,0.349,1.854
0.862,2.088,0.988,1.995,2.002,0.565,0.349,1.856
0.864,2.089,0.989,1.997,2.004,0.565,0.35,1.857
0.866,2.09,0.99,1.999,2.006,0.566,0.35,1.859
0.868,2.091,0.992,2.0,2.008,0.567,0.35,1.861
0.87,2.092,0.993,2.002,2.009,0.567,0.35,1.863
0.872,2.094,0.994,2.004,2.011,0.568,0.351,1.864
0.873,2.094,0.995,2.005,2.012,0.569,0.351,1.866
0.875,2.096,0.996,2.007,2.014,0.57,0.352,1.868
0.877,2.096,0.997,2.009,2.016,0.57,0.352,1.869
0.879,2.097,0.998,2.011,2.017,0.571,0.352,1.871
0.881,2.098,1.0,2.012,2.019,0.572,0.353,1.873
0.883,2.099,1.001,2.014,2.021,0.573,0.353,1.875
0.884,2.1,1.002,2.016,2.022,0.573,0.353,1.876
0.886,2.101,1.003,2.017,2.024,0.574,0.354,1.878
0.888,2.102,1.004,2.019,2.026,0.575,0.354,1.879
0.89,2.103,1.005,2.021,2.027,0.575,0.355,1.881
0.892,2.105,1.007,2.023,2.029,0.576,0.355,1.883
0.893,2.106,1.008,2.024,2.03,0.577,0.355,1.884
0.895,2.106,1.009,2.026,2.032,0.577,0.356,1.886
0.897,2.108,1.01,2.028,2.034,0.578,0.356,1.888
0.899,2.109,1.011,2.029,2.035,0.579,0.356,1.889
0.901,2.11,1.012,2.031,2.037,0.58,0.357,1.891
0.902,2.111,1.014,2.033,2.039,0.58,0.357,1.893
0.904,2.112,1.014,2.034,2.04,0.581,0.357,1.894
0.906,2.112,1.016,2.036,2.042,0.582,0.358,1.896
0.908,2.113,1.017,2.037,2.043,0.582,0.358,1.897
0.91,2.114,1.018,2.039,2.045,0.583,0.359,1.899
0.911,2.115,1.019,2.041,2.046,0.584,0.359,1.901
0.913,2.116,1.02,2.042,2.048,0.584,0.359,1.902
0.915,2.117,1.022,2.044,2.049,0.585,0.36,1.904
0.917,2.118,1.023,2.045,2.051,0.586,0.36,1.905
0.918,2.118,1.024,2.047,2.052,0.586,0.36,1.907
0.92,2.119,1.025,2.048,2.054,0.587,0.361,1.909
0.922,2.12,1.026,2.05,2.056,0.588,0.361,1.91
0.924,2.121,1.027,2.052,2.057,0.588,0.361,1.912
0.925,2.122,1.028,2.053,2.059,0.589,0.362,1.913
0.927,2.122,1.029,2.054,2.06,0.589,0.362,1.915
0.929,2.123,1.031,2.056,2.062,0.59,0.362,1.916
0.931,2.124,1.032,2.057,2.063,0.59,0.363,1.918
0.933,2.124,1.033,2.059,2.064,0.591,0.363,1.919
0.934,2.125,1.034,2.06,2.066,0.592,0.364,1.92
0.936,2.126,1.035,2.062,2.067,0.592,0.364,1.922
0.938,2.126,1.037,2.063,2.069,0.593,0.364,1.923
0.94,2.127,1.038,2.064,2.07,0.593,0.365,1.925
0.941,2.128,1.039,2.066,2.071,0.594,0.365,1.926
0.943,2.128,1.04,2.067,2.073,0.594,0.365,1.928
0.945,2.129,1.041,2.069,2.074,0.595,0.366,1.929
0.946,2.13,1.042,2.07,2.076,0.595,0.366,1.93
0.948,2.131,1.043,2.072,2.077,0.596,0.367,1.932
0.95,2.131,1.044,2.073,2.078,0.596,0.367,1.933
0.952,2.132,1.046,2.075,2.08,0.597,0.367,1.934
0.953,2.133,1.047,2.076,2.081,0.597,0.368,1.936
0.955,2.133,1.048,2.077,2.082,0.598,0.368,1.937
0.957,2.134,1.049,2.078,2.084,0.598,0.368,1.939
0.959,2.135,1.05,2.08,2.085,0.599,0.369,1.94
0.96,2.135,1.051,2.082,2.087,0.599,0.369,1.941
0.962,2.136,1.052,2.083,2.088,0.6,0.369,1.943
0.963,2.136,1.053,2.084,2.089,0.6,0.37,1.944
0.965,2.137,1.055,2.086,2.091,0.601,0.37,1.946
0.967,2.137,1.056,2.087,2.092,0.601,0.37,1.947
0.969,2.138,1.057,2.088,2.093,0.602,0.371,1.948
0.97,2.139,1.058,2.09,2.094,0.602,0.371,1.95
0.972,2.14,1.059,2.091,2.096,0.603,0.371,1.951
0.974,2.14,1.06,2.092,2.097,0.603,0.372,1.953
0.975,2.141,1.062,2.094,2.098,0.603,0.372,1.954
0.977,2.141,1.063,2.095,2.1,0.604,0.373,1.955
0.979,2.142,1.064,2.096,2.101,0.604,0.373,1.956
0.98,2.143,1.065,2.098,2.102,0.605,0.373,1.958
0.982,2.144,1.066,2.099,2.103,0.605,0.374,1.959
0.984,2.144,1.067,2.101,2.105,0.606,0.374,1.96
0.985,2.145,1.068,2.102,2.106,0.606,0.374,1.961
0.987,2.146,1.069,2.104,2.107,0.606,0.375,1.962
0.989,2.146,1.071,2.105,2.109,0.607,0.375,1.964
0.99,2.147,1.072,2.106,2.11,0.607,0.375,1.965
0.992,2.148,1.073,2.108,2.111,0.608,0.376,1.966
0.994,2.149,1.074,2.109,2.112,0.608,0.376,1.968
0.995,2.15,1.075,2.111,2.114,0.609,0.377,1.969
0.997,2.15,1.076,2.112,2.115,0.609,0.377,1.97
0.999,2.151,1.077,2.113,2.116,0.609,0.377,1.972
1.0,2.152,1.079,2.115,2.117,0.61,0.378,1.973
1.002,2.153,1.08,2.116,2.119,0.61,0.378,1.974
1.004,2.154,1.081,2.118,2.12,0.611,0.378,1.975
1.006,2.154,1.082,2.119,2.121,0.611,0.379,1.977
1.007,2.155,1.083,2.121,2.122,0.612,0.379,1.978
1.009,2.156,1.084,2.122,2.124,0.612,0.379,1.98
1.011,2.157,1.086,2.123,2.125,0.613,0.38,1.981
1.012,2.158,1.087,2.125,2.126,0.613,0.38,1.982
1.014,2.158,1.088,2.126,2.128,0.614,0.381,1.984
1.016,2.16,1.089,2.128,2.129,0.614,0.381,1.985
1.017,2.16,1.09,2.129,2.13,0.615,0.381,1.986
1.019,2.161,1.092,2.131,2.131,0.615,0.382,1.988
1.021,2.162,1.093,2.132,2.133,0.616,0.382,1.989
1.022,2.163,1.094,2.134,2.134,0.616,0.382,1.991
1.024,2.164,1.095,2.135,2.135,0.617,0.383,1.992
1.026,2.164,1.096,2.136,2.136,0.618,0.383,1.993
1.027,2.165,1.097,2.138,2.138,0.618,0.384,1.995
1.029,2.167,1.098,2.139,2.139,0.619,0.384,1.996
1.031,2.167,1.1,2.141,2.14,0.619,0.384,1.998
1.033,2.168,1.101,2.142,2.142,0.62,0.385,1.999
1.034,2.169,1.102,2.144,2.143,0.62,0.385,2.001
1.036,2.171,1.103,2.145,2.144,0.621,0.386,2.002
1.038,2.172,1.104,2.147,2.146,0.622,0.386,2.004
1.039,2.173,1.105,2.148,2.147,0.622,0.386,2.006
1.041,2.174,1.107,2.149,2.148,0.623,0.387,2.007
1.043,2.175,1.108,2.151,2.15,0.623,0.387,2.009
1.044,2.176,1.109,2.153,2.151,0.624,0.387,2.01
1.046,2.177,1.11,2.154,2.152,0.625,0.388,2.012
1.048,2.178,1.111,2.155,2.154,0.625,0.388,2.013
1.05,2.18,1.112,2.157,2.155,0.626,0.389,2.015
1.051,2.181,1.114,2.159,2.157,0.627,0.389,2.017
1.053,2.182,1.115,2.16,2.158,0.627,0.39,2.018
1.055,2.183,1.116,2.161,2.16,0.628,0.39,2.02
1.057,2.184,1.117,2.163,2.161,0.629,0.39,2.022
1.058,2.185,1.118,2.164,2.163,0.629,0.391,2.023
1.06,2.186,1.12,2.166,2.164,0.63,0.391,2.025
1.062,2.187,1.121,2.167,2.165,0.631,0.391,2.027
1.064,2.188,1.122,2.169,2.167,0.631,0.392,2.029
1.065,2.189,1.123,2.17,2.168,0.632,0.392,2.03
1.067,2.19,1.124,2.172,2.17,0.633,0.393,2.032
1.069,2.191,1.125,2.173,2.171,0.633,0.393,2.033
1.071,2.192,1.127,2.174,2.173,0.634,0.393,2.035
1.072,2.193,1.128,2.176,2.174,0.635,0.394,2.037
1.074,2.194,1.129,2.177,2.175,0.635,0.394,2.038
1.076,2.195,1.13,2.179,2.177,0.636,0.394,2.04
1.078,2.196,1.131,2.18,2.178,0.637,0.395,2.041
1.079,2.197,1.132,2.182,2.18,0.637,0.395,2.043
1.081,2.198,1.134,2.183,2.181,0.638,0.396,2.044
1.083,2.199,1.135,2.184,2.182,0.638,0.396,2.045
1.084,2.2,1.136,2.186,2.184,0.639,0.397,2.047
1.086,2.2,1.137,2.187,2.185,0.64,0.397,2.049
1.088,2.202,1.139,2.188,2.187,0.64,0.397,2.05
1.09,2.202,1.14,2.19,2.188,0.641,0.398,2.052
1.091,2.203,1.141,2.192,2.19,0.642,0.398,2.053
1.093,2.204,1.142,2.193,2.19,0.642,0.399,2.055
1.095,2.205,1.143,2.194,2.192,0.643,0.399,2.056
1.096,2.206,1.145,2.196,2.193,0.643,0.399,2.058
1.098,2.207,1.146,2.197,2.195,0.644,0.4,2.059
1.1,2.208,1.147,2.199,2.196,0.644,0.4,2.06
1.102,2.209,1.148,2.2,2.198,0.645,0.401,2.062
1.103,2.21,1.149,2.201,2.199,0.645,0.401,2.063
1.105,2.211,1.151,2.202,2.2,0.646,0.401,2.065
1.107,2.212,1.152,2.204,2.201,0.647,0.402,2.066
1.108,2.213,1.153,2.205,2.203,0.647,0.402,2.068
1.11,2.214,1.154,2.207,2.204,0.648,0.403,2.069
1.112,2.215,1.155,2.208,2.205,0.648,0.403,2.07
1.113,2.215,1.156,2.21,2.207,0.649,0.403,2.072
1.115,2.216,1.158,2.211,2.208,0.65,0.404,2.073
1.117,2.217,1.159,2.212,2.209,0.65,0.404,2.075
1.118,2.218,1.16,2.214,2.211,0.65,0.405,2.076
1.12,2.218,1.161,2.215,2.212,0.651,0.405,2.077
1.122,2.219,1.162,2.216,2.214,0.652,0.406,2.078
1.124,2.22,1.164,2.218,2.215,0.652,0.406,2.08
1.125,2.221,1.165,2.219,2.216,0.652,0.406,2.081
1.127,2.221,1.166,2.22,2.217,0.653,0.407,2.083
1.128,2.222,1.167,2.221,2.218,0.654,0.407,2.084
1.13,2.223,1.169,2.223,2.22,0.654,0.407,2.085
1.131,2.223,1.17,2.224,2.221,0.654,0.408,2.086
1.133,2.224,1.171,2.225,2.222,0.655,0.408,2.088
1.135,2.225,1.172,2.226,2.223,0.656,0.409,2.089
1.137,2.225,1.173,2.227,2.224,0.656,0.409,2.09
1.138,2.226,1.175,2.229,2.226,0.656,0.409,2.091
1.14,2.226,1.176,2.23,2.226,0.657,0.41,2.093
1.141,2.227,1.177,2.231,2.228,0.657,0.41,2.094
1.143,2.227,1.178,2.232,2.229,0.658,0.411,2.095
1.144,2.228,1.179,2.233,2.23,0.658,0.411,2.096
1.146,2.229,1.181,2.235,2.231,0.658,0.412,2.097
1.148,2.229,1.182,2.236,2.232,0.659,0.412,2.098
1.149,2.23,1.183,2.237,2.234,0.659,0.412,2.099
1.151,2.23,1.184,2.239,2.235,0.659,0.413,2.101
1.152,2.231,1.185,2.24,2.236,0.66,0.413,2.102
1.154,2.232,1.186,2.241,2.237,0.66,0.413,2.103
1.156,2.232,1.188,2.242,2.238,0.661,0.414,2.104
1.157,2.233,1.189,2.244,2.239,0.661,0.414,2.105
1.159,2.233,1.19,2.245,2.24,0.661,0.415,2.106
1.16,2.234,1.191,2.246,2.241,0.662,0.415,2.107
1.162,2.234,1.192,2.247,2.242,0.662,0.415,2.108
1.163,2.235,1.194,2.248,2.243,0.662,0.416,2.109
1.165,2.236,1.195,2.25,2.244,0.663,0.416,2.11
1.166,2.236,1.196,2.251,2.245,0.663,0.417,2.112
1.168,2.237,1.197,2.252,2.246,0.663,0.417,2.112
1.17,2.237,1.198,2.253,2.247,0.664,0.417,2.113
1.171,2.238,1.2,2.254,2.248,0.664,0.418,2.114
1.173,2.238,1.201,2.255,2.249,0.664,0.418,2.116
1.174,2.239,1.202,2.256,2.25,0.665,0.418,2.117
1.176,2.239,1.203,2.258,2.251,0.665,0.419,2.118
1.177,2.239,1.204,2.259,2.252,0.665,0.419,2.119
1.179,2.24,1.206,2.26,2.253,0.665,0.42,2.12
1.18,2.24,1.207,2.261,2.255,0.666,0.42,2.121
1.182,2.241,1.208,2.262,2.255,0.666,0.421,2.122
1.183,2.242,1.209,2.263,2.256,0.666,0.421,2.123
1.185,2.242,1.21,2.264,2.257,0.666,0.421,2.124
1.186,2.243,1.212,2.266,2.258,0.667,0.422,2.124
1.188,2.243,1.213,2.267,2.259,0.667,0.422,2.125
1.189,2.243,1.214,2.268,2.26,0.667,0.422,2.126
1.191,2.244,1.215,2.269,2.261,0.668,0.423,2.127
1.192,2.244,1.216,2.27,2.262,0.668,0.423,2.128
1.194,2.245,1.218,2.271,2.263,0.668,0.424,2.129
1.195,2.245,1.219,2.273,2.264,0.668,0.424,2.13
1.197,2.246,1.22,2.274,2.265,0.669,0.424,2.131
1.198,2.246,1.221,2.275,2.266,0.669,0.425,2.132
1.2,2.247,1.222,2.276,2.267,0.669,0.425,2.133
1.201,2.247,1.224,2.277,2.268,0.669,0.426,2.134
1.203,2.248,1.225,2.278,2.269,0.669,0.426,2.135
1.204,2.248,1.226,2.279,2.27,0.67,0.426,2.136
1.206,2.248,1.227,2.28,2.271,0.67,0.427,2.136
1.207,2.249,1.228,2.281,2.272,0.67,0.427,2.137
1.209,2.249,1.23,2.282,2.272,0.67,0.427,2.138
1.21,2.249,1.231,2.283,2.273,0.67,0.428,2.139
1.211,2.249,1.232,2.284,2.274,0.671,0.428,2.14
1.213,2.25,1.233,2.285,2.275,0.671,0.429,2.141
1.214,2.25,1.234,2.286,2.276,0.671,0.429,2.141
1.216,2.25,1.235,2.287,2.277,0.671,0.429,2.142
1.217,2.25,1.237,2.288,2.277,0.671,0.43,2.143
1.219,2.25,1.238,2.289,2.278,0.671,0.43,2.144
1.22,2.251,1.239,2.289,2.279,0.671,0.43,2.145
1.221,2.251,1.24,2.29,2.28,0.671,0.431,2.146
1.223,2.251,1.241,2.291,2.28,0.671,0.431,2.146
1.224,2.251,1.242,2.291,2.281,0.672,0.432,2.147
1.226,2.251,1.244,2.292,2.282,0.672,0.432,2.148
1.227,2.251,1.245,2.293,2.283,0.672,0.432,2.149
1.228,2.251,1.246,2.294,2.283,0.672,0.433,2.149
1.23,2.251,1.247,2.294,2.284,0.672,0.433,2.15
1.231,2.251,1.248,2.295,2.285,0.672,0.434,2.151
1.232,2.251,1.249,2.296,2.285,0.672,0.434,2.152
1.234,2.251,1.25,2.297,2.286,0.672,0.434,2.153
1.235,2.251,1.251,2.297,2.287,0.672,0.435,2.153
1.236,2.251,1.253,2.298,2.287,0.672,0.435,2.154
1.238,2.251,1.254,2.299,2.288,0.672,0.435,2.155
1.239,2.25,1.255,2.299,2.288,0.672,0.436,2.156
1.24,2.25,1.256,2.3,2.289,0.672,0.436,2.156
1.242,2.25,1.257,2.301,2.289,0.672,0.436,2.157
1.243,2.25,1.258,2.301,2.29,0.672,0.437,2.157
1.244,2.25,1.259,2.302,2.291,0.672,0.437,2.158
1.245,2.25,1.261,2.303,2.291,0.672,0.438,2.158
1.247,2.25,1.262,2.304,2.292,0.672,0.438,2.158
1.248,2.249,1.263,2.305,2.292,0.671,0.438,2.158
1.249,2.249,1.264,2.306,2.293,0.671,0.439,2.158
1.25,2.249,1.265,2.307,2.294,0.672,0.439,2.158
1.251,2.248,1.266,2.307,2.294,0.671,0.439,2.158
1.252,2.247,1.267,2.308,2.295,0.671,0.44,2.158
1.253,2.245,1.268,2.309,2.295,0.671,0.44,2.158
1.254,2.244,1.269,2.31,2.296,0.671,0.44,2.157
1.255,2.242,1.271,2.311,2.296,0.671,0.441,2.157
1.256,2.24,1.272,2.311,2.297,0.671,0.441,2.157
1.257,2.238,1.273,2.312,2.297,0.671,0.442,2.156
1.258,2.235,1.274,2.313,2.298,0.671,0.442,2.156
1.259,2.233,1.275,2.314,2.298,0.671,0.442,2.156
1.26,2.231,1.276,2.315,2.299,0.671,0.442,2.156
1.261,2.229,1.277,2.315,2.299,0.671,0.443,2.155
1.262,2.227,1.278,2.316,2.3,0.671,0.443,2.155
1.263,2.225,1.279,2.317,2.3,0.67,0.443,2.155
1.264,2.222,1.28,2.318,2.301,0.67,0.444,2.155
1.265,2.22,1.281,2.318,2.301,0.67,0.444,2.154
1.266,2.218,1.282,2.319,2.302,0.67,0.444,2.154
1.267,2.216,1.283,2.32,2.302,0.67,0.445,2.154
1.267,2.214,1.284,2.32,2.303,0.67,0.445,2.154
1.268,2.212,1.284,2.321,2.303,0.669,0.445,2.153
1.269,2.21,1.285,2.322,2.303,0.669,0.445,2.153
1.27,2.209,1.286,2.322,2.304,0.669,0.446,2.153
1.271,2.207,1.287,2.323,2.304,0.669,0.446,2.153
1.271,2.205,1.288,2.323,2.304,0.669,0.446,2.152
1.272,2.203,1.289,2.324,2.305,0.668,0.447,2.152
1.273,2.202,1.29,2.325,2.306,0.668,0.447,2.152
1.274,2.2,1.291,2.325,2.306,0.668,0.447,2.151
1.275,2.199,1.292,2.326,2.306,0.668,0.447,2.151
1.275,2.197,1.293,2.327,2.307,0.667,0.448,2.151
1.276,2.196,1.294,2.327,2.307,0.667,0.448,2.15
1.277,2.195,1.295,2.328,2.307,0.667,0.448,2.149
1.277,2.193,1.295,2.328,2.308,0.666,0.449,2.149
1.278,2.192,1.296,2.329,2.308,0.666,0.449,2.148
1.279,2.191,1.297,2.329,2.309,0.666,0.449,2.148
1.28,2.19,1.298,2.33,2.309,0.666,0.45,2.147
1.28,2.189,1.299,2.33,2.309,0.665,0.45,2.146
1.281,2.187,1.3,2.331,2.31,0.665,0.45,2.145
1.282,2.187,1.301,2.332,2.31,0.665,0.45,2.144
1.282,2.185,1.302,2.332,2.31,0.665,0.451,2.143
1.283,2.185,1.303,2.332,2.311,0.664,0.451,2.143
1.283,2.184,1.304,2.333,2.311,0.664,0.451,2.142
1.284,2.183,1.305,2.333,2.312,0.664,0.452,2.141
1.284,2.182,1.305,2.334,2.312,0.663,0.452,2.14
1.285,2.181,1.307,2.335,2.312,0.663,0.452,2.139
1.286,2.18,1.307,2.335,2.313,0.663,0.452,2.137
1.286,2.179,1.308,2.335,2.313,0.662,0.453,2.136
1.287,2.179,1.309,2.336,2.314,0.662,0.453,2.135
1.287,2.178,1.31,2.336,2.314,0.662,0.453,2.134
1.287,2.177,1.311,2.337,2.314,0.661,0.454,2.133
1.288,2.176,1.312,2.337,2.314,0.661,0.454,2.132
1.288,2.175,1.313,2.338,2.314,0.661,0.454,2.131
1.288,2.174,1.313,2.338,2.314,0.66,0.454,2.129
1.288,2.173,1.314,2.338,2.315,0.66,0.454,2.128
1.289,2.173,1.315,2.339,2.315,0.66,0.455,2.127
1.289,2.172,1.316,2.339,2.315,0.659,0.455,2.126
1.289,2.171,1.317,2.339,2.316,0.659,0.455,2.125
1.29,2.169,1.318,2.34,2.316,0.659,0.455,2.124
1.29,2.168,1.318,2.34,2.316,0.658,0.456,2.123
1.29,2.168,1.319,2.341,2.316,0.658,0.456,2.121
1.291,2.166,1.32,2.341,2.317,0.658,0.456,2.12
1.291,2.166,1.321,2.341,2.317,0.657,0.456,2.119
1.291,2.164,1.322,2.341,2.317,0.657,0.457,2.118
1.291,2.164,1.323,2.342,2.317,0.657,0.457,2.117
1.292,2.162,1.324,2.342,2.317,0.656,0.457,2.116
1.292,2.161,1.325,2.343,2.317,0.656,0.457,2.115
1.292,2.16,1.325,2.343,2.318,0.655,0.458,2.114
1.292,2.159,1.326,2.343,2.318,0.655,0.458,2.113
1.292,2.158,1.327,2.344,2.318,0.655,0.458,2.112
1.292,2.157,1.328,2.344,2.319,0.654,0.459,2.111
1.292,2.155,1.329,2.344,2.319,0.654,0.459,2.11
1.292,2.154,1.33,2.345,2.319,0.654,0.459,2.109
1.293,2.153,1.331,2.345,2.319,0.653,0.459,2.108
1.293,2.152,1.332,2.345,2.319,0.653,0.46,2.108
1.293,2.151,1.332,2.346,2.319,0.652,0.46,2.107
1.293,2.15,1.333,2.346,2.32,0.652,0.46,2.107
1.293,2.149,1.334,2.346,2.32,0.651,0.46,2.106
1.293,2.148,1.335,2.347,2.32,0.651,0.46,2.105
1.293,2.147,1.336,2.347,2.32,0.651,0.461,2.105
1.293,2.147,1.337,2.347,2.32,0.65,0.461,2.104
1.294,2.146,1.338,2.348,2.32,0.65,0.461,2.104
1.294,2.145,1.339,2.348,2.32,0.65,0.461,2.103
1.294,2.144,1.339,2.348,2.321,0.649,0.462,2.102
1.294,2.143,1.34,2.349,2.321,0.649,0.462,2.102
1.294,2.143,1.341,2.349,2.321,0.649,0.462,2.101
1.294,2.142,1.342,2.35,2.321,0.648,0.462,2.101
1.295,2.141,1.343,2.35,2.321,0.648,0.463,2.101
1.295,2.14,1.344,2.35,2.321,0.648,0.463,2.1
1.295,2.14,1.345,2.35,2.322,0.647,0.463,2.099
1.295,2.139,1.345,2.351,2.322,0.647,0.463,2.099
1.295,2.138,1.346,2.351,2.322,0.646,0.464,2.099
1.296,2.138,1.347,2.351,2.322,0.646,0.464,2.099
1.296,2.137,1.348,2.352,2.322,0.646,0.464,2.098
1.296,2.136,1.349,2.352,2.322,0.645,0.464,2.097
1.296,2.135,1.349,2.352,2.322,0.645,0.465,2.097
1.296,2.135,1.35,2.352,2.322,0.645,0.465,2.097
1.297,2.134,1.351,2.352,2.322,0.644,0.465,2.096
1.297,2.134,1.352,2.353,2.323,0.644,0.467,2.099
1.296,2.132,1.352,2.352,2.322,0.644,0.466,2.097
1.296,2.13,1.352,2.35,2.319,0.642,0.465,2.093
1.297,2.131,1.354,2.351,2.321,0.642,0.466,2.093
1.298,2.132,1.355,2.353,2.322,0.642,0.466,2.094
1.301,2.135,1.358,2.357,2.326,0.643,0.467,2.097
1.3,2.134,1.36,2.358,2.327,0.643,0.468,2.099
1.297,2.129,1.357,2.353,2.322,0.641,0.467,2.096
1.297,2.128,1.357,2.35,2.318,0.64,0.467,2.091
1.298,2.128,1.359,2.351,2.32,0.64,0.467,2.092
1.299,2.129,1.36,2.352,2.321,0.64,0.468,2.093
1.302,2.133,1.364,2.356,2.324,0.641,0.468,2.096
1.302,2.132,1.364,2.356,2.325,0.641,0.469,2.098
1.299,2.127,1.362,2.35,2.32,0.64,0.469,2.095
1.299,2.126,1.362,2.347,2.316,0.638,0.468,2.091
1.3,2.127,1.364,2.348,2.316,0.638,0.468,2.092
1.301,2.128,1.365,2.349,2.317,0.638,0.469,2.093
1.304,2.132,1.368,2.352,2.32,0.639,0.47,2.095
1.303,2.131,1.37,2.352,2.32,0.639,0.471,2.098
1.301,2.126,1.367,2.346,2.315,0.637,0.47,2.095
1.3,2.125,1.367,2.343,2.311,0.636,0.47,2.091
1.302,2.126,1.369,2.344,2.311,0.636,0.47,2.092
1.303,2.127,1.37,2.344,2.311,0.636,0.471,2.093
1.306,2.131,1.373,2.348,2.314,0.637,0.471,2.096
1.305,2.13,1.375,2.348,2.315,0.637,0.472,2.098
1.303,2.126,1.372,2.342,2.309,0.635,0.472,2.096
1.302,2.124,1.372,2.339,2.305,0.634,0.471,2.091
1.304,2.126,1.373,2.339,2.305,0.634,0.472,2.092
1.305,2.126,1.375,2.34,2.305,0.634,0.472,2.093
1.308,2.13,1.378,2.342,2.308,0.634,0.473,2.095
1.308,2.13,1.379,2.343,2.309,0.634,0.474,2.098
1.305,2.125,1.377,2.338,2.303,0.633,0.473,2.095
1.305,2.123,1.376,2.334,2.299,0.631,0.473,2.091
1.306,2.124,1.378,2.335,2.299,0.631,0.473,2.092
1.307,2.125,1.379,2.335,2.299,0.631,0.473,2.093
1.31,2.129,1.382,2.338,2.301,0.631,0.475,2.096
1.31,2.129,1.384,2.339,2.302,0.631,0.475,2.098
1.307,2.124,1.381,2.333,2.297,0.629,0.475,2.096
1.307,2.122,1.381,2.33,2.292,0.628,0.474,2.091
1.308,2.123,1.382,2.33,2.293,0.627,0.474,2.092
1.309,2.124,1.384,2.331,2.293,0.627,0.475,2.093
1.312,2.128,1.387,2.334,2.295,0.627,0.476,2.095
1.312,2.128,1.388,2.335,2.296,0.628,0.476,2.099
1.309,2.123,1.386,2.33,2.291,0.626,0.476,2.096
1.309,2.121,1.385,2.326,2.286,0.624,0.475,2.091
1.31,2.122,1.386,2.327,2.286,0.624,0.476,2.092
1.311,2.123,1.388,2.327,2.287,0.623,0.476,2.093
1.314,2.127,1.391,2.33,2.289,0.623,0.477,2.095
1.314,2.126,1.392,2.332,2.29,0.623,0.478,2.098
1.311,2.121,1.389,2.326,2.284,0.621,0.478,2.096
1.311,2.119,1.389,2.323,2.28,0.62,0.477,2.091
1.312,2.12,1.391,2.324,2.28,0.619,0.477,2.091
1.313,2.122,1.392,2.324,2.28,0.619,0.478,2.093
1.316,2.125,1.395,2.328,2.283,0.619,0.479,2.095
1.316,2.125,1.396,2.329,2.284,0.619,0.479,2.098
1.313,2.12,1.394,2.324,2.279,0.617,0.479,2.096
1.313,2.118,1.393,2.32,2.274,0.615,0.478,2.091
1.314,2.119,1.395,2.321,2.275,0.615,0.479,2.091
1.315,2.12,1.396,2.321,2.275,0.614,0.479,2.093
1.318,2.123,1.399,2.325,2.278,0.614,0.48,2.095
1.318,2.123,1.4,2.326,2.279,0.614,0.481,2.098
1.315,2.118,1.398,2.321,2.273,0.612,0.48,2.094
1.316,2.119,1.399,2.32,2.272,0.612,0.48,2.093
1.317,2.119,1.4,2.32,2.271,0.611,0.481,2.093
1.317,2.118,1.4,2.32,2.271,0.61,0.481,2.093
1.317,2.118,1.401,2.319,2.27,0.61,0.481,2.093
1.318,2.118,1.401,2.319,2.269,0.609,0.481,2.093
1.318,2.117,1.402,2.318,2.268,0.608,0.481,2.093
1.318,2.117,1.403,2.318,2.268,0.608,0.482,2.093
1.319,2.117,1.403,2.318,2.267,0.607,0.482,2.093
1.319,2.116,1.404,2.317,2.266,0.606,0.482,2.093
1.319,2.116,1.405,2.317,2.266,0.605,0.482,2.092
1.32,2.116,1.406,2.316,2.265,0.605,0.483,2.092
1.32,2.115,1.406,2.316,2.264,0.604,0.483,2.092
1.32,2.115,1.407,2.316,2.264,0.603,0.483,2.092
1.32,2.115,1.408,2.315,2.263,0.603,0.483,2.092
1.321,2.114,1.408,2.315,2.262,0.602,0.484,2.092
1.321,2.114,1.409,2.315,2.262,0.601,0.484,2.092
1.322,2.114,1.41,2.314,2.261,0.601,0.484,2.092
1.322,2.113,1.41,2.314,2.26,0.6,0.484,2.092
1.322,2.113,1.411,2.313,2.26,0.599,0.485,2.092
1.323,2.113,1.412,2.313,2.259,0.599,0.485,2.092
1.323,2.113,1.412,2.313,2.258,0.598,0.485,2.092
1.323,2.112,1.413,2.312,2.258,0.597,0.485,2.091
1.323,2.112,1.413,2.312,2.257,0.597,0.485,2.091
1.324,2.112,1.414,2.311,2.256,0.596,0.485,2.091
1.324,2.111,1.415,2.311,2.256,0.596,0.486,2.091
1.324,2.111,1.415,2.311,2.255,0.595,0.486,2.091
1.325,2.111,1.416,2.31,2.255,0.594,0.486,2.091
1.325,2.111,1.416,2.31,2.254,0.594,0.486,2.091
1.325,2.11,1.417,2.31,2.253,0.593,0.487,2.091
1.325,2.11,1.418,2.309,2.252,0.592,0.487,2.091
1.326,2.11,1.418,2.308,2.251,0.592,0.487,2.091
1.326,2.109,1.419,2.307,2.25,0.591,0.487,2.091
1.326,2.109,1.42,2.306,2.25,0.591,0.488,2.091
1.327,2.109,1.42,2.306,2.249,0.59,0.488,2.091
1.327,2.109,1.421,2.305,2.248,0.589,0.488,2.091
1.327,2.108,1.421,2.304,2.247,0.589,0.488,2.09
1.328,2.108,1.422,2.303,2.246,0.588,0.488,2.091
1.328,2.108,1.422,2.302,2.245,0.587,0.489,2.091
1.328,2.107,1.423,2.301,2.244,0.587,0.489,2.091
1.329,2.107,1.424,2.3,2.243,0.586,0.489,2.091
1.329,2.106,1.424,2.299,2.242,0.585,0.489,2.091
1.329,2.106,1.425,2.298,2.241,0.585,0.489,2.091
1.329,2.106,1.425,2.297,2.24,0.584,0.49,2.091
1.33,2.105,1.426,2.296,2.238,0.583,0.49,2.091
1.33,2.105,1.427,2.294,2.237,0.583,0.49,2.091
1.33,2.104,1.427,2.293,2.236,0.582,0.49,2.091
1.331,2.104,1.427,2.292,2.235,0.582,0.49,2.091
1.331,2.104,1.428,2.29,2.233,0.581,0.491,2.091
1.331,2.103,1.428,2.289,2.232,0.58,0.491,2.091
1.332,2.102,1.429,2.287,2.231,0.579,0.491,2.091
1.332,2.102,1.429,2.286,2.23,0.579,0.491,2.091
1.332,2.102,1.43,2.284,2.229,0.578,0.492,2.092
1.333,2.101,1.43,2.283,2.227,0.577,0.492,2.091
1.333,2.1,1.431,2.281,2.226,0.576,0.492,2.091
1.333,2.1,1.431,2.28,2.224,0.576,0.492,2.092
1.334,2.1,1.431,2.278,2.223,0.575,0.492,2.092
1.334,2.099,1.432,2.277,2.222,0.574,0.493,2.092
1.334,2.098,1.432,2.276,2.22,0.573,0.493,2.092
1.335,2.097,1.433,2.275,2.219,0.573,0.493,2.092
1.335,2.096,1.433,2.274,2.218,0.572,0.493,2.092
1.335,2.096,1.433,2.272,2.216,0.571,0.493,2.091
1.336,2.095,1.434,2.271,2.215,0.57,0.493,2.092
1.336,2.094,1.434,2.27,2.214,0.569,0.494,2.097
1.339,2.098,1.438,2.274,2.217,0.569,0.495,2.096
1.34,2.097,1.438,2.273,2.216,0.569,0.495,2.096
1.34,2.096,1.438,2.272,2.214,0.568,0.495,2.096
1.34,2.095,1.439,2.271,2.213,0.567,0.496,2.096
1.341,2.094,1.439,2.27,2.212,0.566,0.496,2.096
1.341,2.094,1.439,2.269,2.211,0.565,0.496,2.096
1.341,2.093,1.44,2.268,2.21,0.564,0.496,2.096
1.342,2.092,1.44,2.267,2.208,0.563,0.496,2.096
1.342,2.091,1.441,2.266,2.207,0.562,0.497,2.096
1.342,2.09,1.441,2.265,2.206,0.561,0.497,2.096
1.343,2.089,1.441,2.265,2.204,0.56,0.497,2.096
1.343,2.088,1.442,2.264,2.203,0.559,0.497,2.096
1.343,2.087,1.442,2.263,2.202,0.558,0.497,2.097
1.344,2.087,1.442,2.262,2.201,0.557,0.498,2.097
1.344,2.086,1.443,2.261,2.2,0.556,0.498,2.096
1.344,2.085,1.443,2.261,2.198,0.555,0.498,2.096
1.345,2.084,1.443,2.26,2.198,0.554,0.498,2.096
1.345,2.083,1.444,2.259,2.196,0.553,0.498,2.097
1.345,2.082,1.444,2.258,2.195,0.552,0.499,2.097
1.346,2.081,1.445,2.258,2.194,0.551,0.499,2.096
1.346,2.08,1.445,2.257,2.193,0.55,0.499,2.096
1.346,2.08,1.445,2.256,2.192,0.549,0.499,2.097
1.347,2.079,1.446,2.255,2.19,0.548,0.499,2.096
1.347,2.078,1.446,2.255,2.189,0.547,0.5,2.096
1.347,2.077,1.446,2.254,2.188,0.546,0.5,2.096
1.347,2.076,1.447,2.253,2.187,0.545,0.5,2.096
1.348,2.075,1.447,2.253,2.186,0.544,0.5,2.096
1.348,2.074,1.447,2.252,2.185,0.543,0.5,2.096
1.348,2.073,1.448,2.252,2.184,0.542,0.501,2.097
1.349,2.073,1.448,2.251,2.183,0.541,0.501,2.096
1.349,2.071,1.449,2.25,2.181,0.54,0.501,2.096
1.349,2.071,1.449,2.25,2.181,0.539,0.501,2.096
1.35,2.07,1.449,2.249,2.179,0.538,0.501,2.096
1.35,2.069,1.45,2.249,2.179,0.537,0.501,2.096
1.35,2.069,1.45,2.248,2.178,0.536,0.502,2.096
1.35,2.068,1.451,2.247,2.177,0.535,0.502,2.096
1.351,2.067,1.451,2.247,2.176,0.534,0.502,2.096
1.351,2.066,1.451,2.246,2.175,0.533,0.502,2.096
1.351,2.065,1.452,2.246,2.174,0.532,0.503,2.096
1.351,2.065,1.452,2.245,2.173,0.531,0.503,2.096
1.352,2.064,1.453,2.245,2.172,0.53,0.503,2.096
1.352,2.063,1.453,2.244,2.171,0.529,0.503,2.096
1.352,2.062,1.453,2.244,2.17,0.529,0.503,2.096
1.353,2.062,1.454,2.243,2.169,0.528,0.503,2.096
1.353,2.061,1.454,2.243,2.168,0.527,0.504,2.096
1.353,2.06,1.455,2.242,2.167,0.526,0.504,2.096
1.353,2.059,1.455,2.242,2.166,0.525,0.504,2.096
1.353,2.059,1.455,2.241,2.165,0.524,0.504,2.096
1.354,2.058,1.456,2.241,2.165,0.523,0.504,2.095
1.354,2.057,1.456,2.24,2.163,0.522,0.504,2.095
1.354,2.057,1.456,2.24,2.163,0.521,0.505,2.095
1.354,2.056,1.457,2.239,2.162,0.52,0.505,2.095
1.354,2.055,1.457,2.239,2.161,0.519,0.505,2.095
1.355,2.054,1.458,2.238,2.161,0.519,0.505,2.095
1.355,2.054,1.458,2.238,2.16,0.518,0.505,2.095
1.355,2.053,1.458,2.238,2.159,0.517,0.506,2.095
1.356,2.052,1.459,2.237,2.158,0.516,0.506,2.095
1.356,2.052,1.459,2.237,2.157,0.515,0.506,2.095
1.356,2.051,1.46,2.236,2.156,0.514,0.506,2.094
1.356,2.05,1.46,2.236,2.155,0.514,0.507,2.095
1.356,2.05,1.459,2.23,2.15,0.512,0.505,2.09
1.354,2.045,1.458,2.23,2.149,0.511,0.506,2.09
1.354,2.044,1.458,2.23,2.148,0.51,0.506,2.09
1.354,2.043,1.458,2.229,2.148,0.509,0.506,2.089
1.354,2.042,1.459,2.229,2.147,0.509,0.506,2.089
1.355,2.042,1.459,2.229,2.146,0.508,0.506,2.089
1.355,2.041,1.46,2.228,2.145,0.507,0.507,2.089
1.355,2.04,1.46,2.227,2.144,0.506,0.507,2.089
1.355,2.04,1.46,2.227,2.144,0.505,0.507,2.088
1.355,2.039,1.461,2.227,2.143,0.505,0.507,2.089
1.356,2.039,1.461,2.226,2.142,0.504,0.507,2.088
1.356,2.038,1.462,2.226,2.141,0.503,0.507,2.088
1.356,2.037,1.462,2.226,2.141,0.502,0.508,2.088
1.356,2.036,1.463,2.225,2.14,0.501,0.508,2.088
1.356,2.036,1.463,2.224,2.139,0.5,0.508,2.088
1.356,2.035,1.463,2.224,2.138,0.5,0.508,2.088
1.357,2.034,1.464,2.223,2.138,0.499,0.508,2.087
1.357,2.034,1.464,2.223,2.137,0.498,0.508,2.088
1.357,2.033,1.464,2.222,2.136,0.498,0.508,2.087
1.357,2.032,1.465,2.222,2.135,0.497,0.509,2.087
1.357,2.031,1.465,2.221,2.134,0.496,0.509,2.087
1.357,2.03,1.465,2.221,2.134,0.495,0.509,2.087
1.358,2.03,1.466,2.22,2.133,0.495,0.509,2.087
1.358,2.029,1.466,2.219,2.132,0.494,0.509,2.087
1.358,2.028,1.466,2.219,2.131,0.493,0.509,2.087
1.358,2.027,1.467,2.218,2.13,0.493,0.51,2.087
1.358,2.026,1.467,2.218,2.129,0.492,0.51,2.086
1.358,2.026,1.467,2.217,2.129,0.491,0.51,2.086
1.358,2.025,1.468,2.216,2.128,0.49,0.51,2.086
1.359,2.024,1.468,2.215,2.127,0.49,0.51,2.086
1.359,2.023,1.469,2.214,2.126,0.489,0.51,2.086
1.359,2.022,1.469,2.214,2.125,0.488,0.511,2.086
1.359,2.021,1.469,2.213,2.124,0.488,0.511,2.086
1.359,2.02,1.469,2.212,2.123,0.487,0.511,2.085
1.36,2.019,1.47,2.211,2.122,0.486,0.511,2.086
1.359,2.018,1.47,2.21,2.121,0.485,0.511,2.085
1.36,2.018,1.471,2.209,2.12,0.485,0.511,2.085
1.36,2.017,1.471,2.208,2.119,0.484,0.511,2.085
1.36,2.015,1.471,2.207,2.118,0.483,0.512,2.085
1.36,2.015,1.471,2.207,2.117,0.483,0.512,2.085
1.36,2.014,1.472,2.206,2.116,0.482,0.512,2.085
1.36,2.013,1.472,2.205,2.115,0.481,0.512,2.085
1.36,2.012,1.472,2.204,2.114,0.481,0.512,2.084
1.361,2.011,1.473,2.203,2.112,0.48,0.512,2.084
1.361,2.01,1.473,2.202,2.112,0.479,0.512,2.084
1.361,2.009,1.473,2.201,2.11,0.479,0.512,2.084
1.361,2.009,1.474,2.201,2.109,0.478,0.513,2.084
1.361,2.007,1.474,2.2,2.108,0.477,0.513,2.084
1.361,2.006,1.474,2.199,2.107,0.477,0.513,2.084
1.361,2.005,1.475,2.198,2.106,0.476,0.513,2.083
1.361,2.004,1.475,2.198,2.105,0.475,0.513,2.083
1.362,2.004,1.475,2.197,2.104,0.475,0.513,2.083
1.362,2.002,1.476,2.196,2.103,0.474,0.514,2.083
1.362,2.002,1.476,2.195,2.102,0.473,0.514,2.083
1.362,2.001,1.476,2.194,2.101,0.473,0.514,2.083
1.362,2.0,1.476,2.194,2.1,0.472,0.514,2.083
1.362,1.999,1.477,2.193,2.098,0.472,0.514,2.082
1.362,1.998,1.477,2.192,2.098,0.471,0.514,2.082
1.362,1.997,1.477,2.191,2.097,0.47,0.514,2.082
1.363,1.996,1.477,2.19,2.095,0.47,0.514,2.082
1.363,1.995,1.478,2.189,2.094,0.469,0.514,2.082
1.363,1.994,1.478,2.189,2.093,0.468,0.515,2.082
1.363,1.994,1.478,2.188,2.092,0.468,0.515,2.081
1.363,1.993,1.479,2.187,2.091,0.467,0.515,2.088
1.366,1.996,1.482,2.191,2.094,0.468,0.516,2.085
1.366,1.995,1.482,2.19,2.093,0.467,0.516,2.085
1.366,1.994,1.483,2.19,2.092,0.466,0.516,2.085
1.366,1.994,1.483,2.189,2.091,0.466,0.517,2.085
1.366,1.993,1.483,2.188,2.09,0.465,0.517,2.085
1.366,1.992,1.484,2.188,2.089,0.465,0.517,2.085
1.367,1.991,1.484,2.187,2.089,0.464,0.517,2.084
1.367,1.99,1.484,2.186,2.088,0.463,0.517,2.084
1.367,1.989,1.485,2.185,2.086,0.463,0.517,2.084
1.367,1.988,1.485,2.185,2.085,0.462,0.517,2.084
1.367,1.988,1.485,2.184,2.084,0.462,0.518,2.084
1.367,1.987,1.486,2.183,2.084,0.461,0.518,2.084
1.367,1.986,1.486,2.182,2.082,0.46,0.518,2.084
1.367,1.985,1.486,2.182,2.081,0.46,0.518,2.083
1.367,1.984,1.486,2.181,2.08,0.459,0.518,2.083
1.367,1.983,1.487,2.181,2.079,0.459,0.518,2.083
1.368,1.983,1.487,2.18,2.079,0.458,0.518,2.083
1.368,1.982,1.487,2.179,2.078,0.458,0.519,2.083
1.368,1.981,1.488,2.179,2.077,0.457,0.519,2.082
1.368,1.981,1.488,2.178,2.076,0.457,0.519,2.082
1.368,1.98,1.489,2.177,2.075,0.456,0.519,2.082
1.368,1.979,1.489,2.176,2.074,0.456,0.519,2.082
1.368,1.978,1.489,2.176,2.073,0.455,0.519,2.082
1.368,1.977,1.489,2.175,2.072,0.454,0.519,2.081
1.368,1.977,1.49,2.175,2.072,0.454,0.52,2.081
1.368,1.976,1.49,2.174,2.071,0.453,0.52,2.081
1.368,1.975,1.49,2.173,2.069,0.453,0.52,2.081
1.368,1.974,1.49,2.173,2.069,0.452,0.52,2.081
1.369,1.974,1.491,2.172,2.068,0.452,0.52,2.08
1.369,1.973,1.491,2.171,2.067,0.451,0.52,2.08
1.369,1.972,1.491,2.171,2.066,0.451,0.52,2.08
1.369,1.971,1.492,2.17,2.065,0.45,0.521,2.08
1.369,1.97,1.492,2.17,2.064,0.45,0.521,2.08
1.369,1.97,1.492,2.169,2.064,0.449,0.521,2.08
1.369,1.969,1.493,2.169,2.062,0.449,0.521,2.079
1.369,1.968,1.493,2.168,2.062,0.448,0.521,2.079
1.369,1.967,1.493,2.167,2.061,0.448,0.521,2.079
1.369,1.967,1.494,2.167,2.06,0.447,0.521,2.079
1.369,1.966,1.494,2.166,2.059,0.447,0.521,2.078
1.369,1.965,1.494,2.166,2.058,0.446,0.522,2.078
1.37,1.965,1.495,2.165,2.058,0.446,0.522,2.078
1.369,1.964,1.495,2.164,2.057,0.445,0.522,2.078
1.369,1.964,1.496,2.164,2.056,0.445,0.522,2.078
1.37,1.963,1.496,2.163,2.055,0.444,0.522,2.078
1.37,1.962,1.496,2.163,2.054,0.444,0.522,2.077
1.37,1.961,1.496,2.162,2.053,0.443,0.522,2.077
1.369,1.961,1.497,2.162,2.053,0.443,0.522,2.076
1.37,1.96,1.497,2.161,2.052,0.442,0.523,2.076
1.37,1.959,1.497,2.161,2.051,0.442,0.523,2.076
1.37,1.959,1.497,2.16,2.05,0.441,0.523,2.076
1.37,1.958,1.498,2.159,2.05,0.441,0.523,2.076
1.37,1.957,1.498,2.159,2.048,0.44,0.523,2.075
1.37,1.956,1.499,2.159,2.048,0.44,0.523,2.075
1.37,1.956,1.499,2.158,2.047,0.439,0.524,2.075
1.37,1.955,1.499,2.157,2.046,0.439,0.524,2.075
1.37,1.955,1.499,2.157,2.046,0.439,0.524,2.075
1.37,1.954,1.5,2.156,2.045,0.438,0.524,2.075
1.37,1.953,1.5,2.156,2.044,0.438,0.524,2.074
1.37,1.953,1.5,2.155,2.043,0.437,0.524,2.074
1.37,1.952,1.5,2.155,2.042,0.437,0.524,2.074
1.37,1.952,1.501,2.148,2.038,0.435,0.523,2.069
1.367,1.947,1.498,2.149,2.037,0.435,0.523,2.069
1.367,1.946,1.499,2.149,2.036,0.434,0.524,2.069
1.368,1.945,1.499,2.148,2.035,0.434,0.524,2.068
1.368,1.945,1.499,2.148,2.034,0.434,0.524,2.068
1.368,1.944,1.499,2.147,2.034,0.433,0.524,2.068
1.368,1.944,1.5,2.146,2.033,0.433,0.524,2.068
1.368,1.943,1.5,2.146,2.032,0.432,0.524,2.067
1.367,1.942,1.5,2.146,2.032,0.432,0.524,2.067
1.368,1.942,1.5,2.145,2.031,0.431,0.525,2.067
1.368,1.941,1.501,2.145,2.03,0.431,0.524,2.067
1.368,1.94,1.501,2.144,2.029,0.43,0.525,2.067
1.368,1.94,1.501,2.144,2.029,0.43,0.525,2.066
1.368,1.939,1.502,2.143,2.028,0.43,0.525,2.066
1.368,1.939,1.502,2.143,2.027,0.429,0.525,2.066
1.367,1.938,1.502,2.142,2.027,0.429,0.525,2.065
1.367,1.937,1.502,2.142,2.026,0.428,0.525,2.065
1.368,1.937,1.503,2.141,2.025,0.428,0.525,2.064
1.367,1.936,1.503,2.141,2.024,0.428,0.525,2.064
1.367,1.936,1.503,2.14,2.024,0.427,0.526,2.064
1.367,1.935,1.504,2.14,2.023,0.427,0.526,2.064
1.368,1.934,1.504,2.14,2.023,0.426,0.526,2.064
1.367,1.934,1.504,2.139,2.022,0.426,0.526,2.063
1.367,1.933,1.504,2.139,2.021,0.426,0.526,2.063
1.367,1.933,1.505,2.138,2.02,0.425,0.526,2.062
1.367,1.932,1.505,2.138,2.02,0.425,0.526,2.062
1.367,1.932,1.505,2.137,2.019,0.424,0.526,2.062
1.367,1.931,1.505,2.137,2.018,0.424,0.526,2.062
1.367,1.93,1.506,2.136,2.017,0.423,0.526,2.062
1.367,1.93,1.506,2.136,2.017,0.423,0.527,2.061
1.367,1.929,1.506,2.135,2.017,0.423,0.527,2.061
1.367,1.929,1.507,2.135,2.016,0.422,0.527,2.061
1.367,1.928,1.507,2.135,2.015,0.422,0.527,2.061
1.367,1.927,1.507,2.134,2.015,0.421,0.527,2.06
1.367,1.927,1.507,2.134,2.014,0.421,0.527,2.06
1.367,1.926,1.508,2.133,2.013,0.421,0.527,2.06
1.367,1.926,1.508,2.133,2.012,0.42,0.527,2.06
1.367,1.925,1.508,2.132,2.012,0.42,0.527,2.059
1.367,1.925,1.509,2.132,2.011,0.42,0.528,2.059
1.367,1.924,1.509,2.131,2.01,0.419,0.528,2.059
1.367,1.924,1.509,2.131,2.01,0.419,0.528,2.058
1.367,1.923,1.509,2.131,2.009,0.419,0.528,2.058
1.367,1.922,1.51,2.13,2.009,0.418,0.528,2.058
1.367,1.922,1.51,2.13,2.008,0.418,0.528,2.058
1.367,1.922,1.51,2.129,2.007,0.417,0.528,2.057
1.367,1.921,1.51,2.129,2.007,0.417,0.528,2.057
1.367,1.92,1.511,2.128,2.006,0.417,0.528,2.057
1.367,1.92,1.511,2.128,2.006,0.416,0.529,2.057
1.367,1.92,1.511,2.128,2.005,0.416,0.529,2.056
1.367,1.919,1.512,2.127,2.004,0.416,0.529,2.056
1.367,1.919,1.512,2.126,2.004,0.415,0.529,2.056
1.367,1.918,1.512,2.126,2.003,0.415,0.529,2.055
1.366,1.918,1.512,2.126,2.002,0.415,0.529,2.055
1.366,1.917,1.513,2.126,2.002,0.414,0.529,2.055
1.366,1.916,1.513,2.125,2.001,0.414,0.529,2.054
1.366,1.916,1.513,2.124,2.0,0.413,0.529,2.054
1.366,1.915,1.513,2.124,2.0,0.413,0.529,2.054
1.366,1.915,1.514,2.124,1.999,0.413,0.53,2.053
1.366,1.914,1.514,2.123,1.999,0.413,0.53,2.053
1.366,1.914,1.514,2.123,1.998,0.412,0.53,2.053
1.366,1.913,1.515,2.123,1.998,0.412,0.53,2.053
1.366,1.913,1.515,2.122,1.997,0.411,0.53,2.052
1.366,1.912,1.515,2.122,1.996,0.411,0.53,2.052
1.366,1.912,1.515,2.121,1.995,0.411,0.53,2.054
1.369,1.916,1.52,2.126,2.0,0.411,0.532,2.057
1.368,1.914,1.519,2.125,1.999,0.411,0.532,2.056
1.366,1.911,1.517,2.121,1.996,0.41,0.531,2.053
1.366,1.911,1.517,2.121,1.994,0.409,0.531,2.051
1.369,1.914,1.52,2.124,1.997,0.41,0.532,2.053
1.37,1.915,1.522,2.126,1.998,0.41,0.532,2.057
1.369,1.913,1.522,2.124,1.997,0.41,0.532,2.056
1.368,1.912,1.521,2.123,1.996,0.409,0.532,2.055
1.366,1.908,1.519,2.119,1.992,0.408,0.532,2.052
1.367,1.908,1.519,2.118,1.99,0.408,0.531,2.049
1.369,1.912,1.522,2.122,1.993,0.408,0.532,2.052
1.369,1.912,1.524,2.123,1.995,0.408,0.533,2.055
1.369,1.911,1.523,2.122,1.994,0.408,0.533,2.054
1.368,1.909,1.523,2.121,1.992,0.407,0.533,2.053
1.366,1.906,1.52,2.117,1.989,0.406,0.532,2.051
1.366,1.905,1.521,2.116,1.987,0.406,0.532,2.048
1.369,1.908,1.524,2.119,1.99,0.406,0.533,2.05
1.369,1.909,1.525,2.121,1.992,0.406,0.534,2.053
1.368,1.908,1.525,2.12,1.99,0.406,0.534,2.052
1.368,1.906,1.524,2.118,1.989,0.405,0.533,2.051
1.365,1.903,1.522,2.115,1.985,0.405,0.533,2.049
1.366,1.902,1.522,2.114,1.983,0.404,0.532,2.046
1.369,1.905,1.526,2.117,1.987,0.404,0.533,2.048
1.369,1.906,1.527,2.119,1.988,0.405,0.534,2.051
1.368,1.905,1.527,2.117,1.987,0.404,0.534,2.051
1.368,1.903,1.526,2.116,1.986,0.404,0.534,2.049
1.365,1.9,1.524,2.112,1.982,0.403,0.534,2.047
1.365,1.9,1.524,2.111,1.98,0.402,0.533,2.044
1.368,1.903,1.527,2.114,1.983,0.403,0.534,2.046
1.369,1.903,1.529,2.116,1.985,0.403,0.535,2.05
1.368,1.902,1.528,2.115,1.983,0.402,0.535,2.049
1.367,1.901,1.528,2.114,1.982,0.402,0.535,2.048
1.365,1.897,1.526,2.11,1.979,0.401,0.534,2.046
1.365,1.897,1.526,2.109,1.977,0.401,0.534,2.042
1.368,1.9,1.529,2.112,1.98,0.401,0.535,2.045
1.368,1.901,1.531,2.114,1.982,0.401,0.536,2.048
1.368,1.9,1.53,2.113,1.98,0.401,0.536,2.047
1.367,1.898,1.53,2.112,1.979,0.4,0.535,2.046
1.365,1.895,1.528,2.108,1.976,0.4,0.535,2.044
1.365,1.894,1.528,2.106,1.974,0.399,0.534,2.041
1.367,1.897,1.531,2.11,1.977,0.399,0.535,2.043
1.368,1.898,1.532,2.112,1.979,0.4,0.536,2.046
1.367,1.897,1.532,2.11,1.977,0.399,0.536,2.045
1.366,1.895,1.532,2.11,1.976,0.399,0.536,2.044
1.364,1.892,1.529,2.106,1.973,0.398,0.536,2.042
1.364,1.891,1.529,2.104,1.971,0.397,0.535,2.039
1.367,1.895,1.532,2.108,1.973,0.398,0.536,2.041
1.368,1.896,1.534,2.11,1.976,0.398,0.537,2.045
1.367,1.894,1.534,2.109,1.974,0.398,0.537,2.044
1.366,1.893,1.533,2.108,1.973,0.397,0.537,2.042
1.364,1.89,1.531,2.104,1.97,0.397,0.536,2.04
1.364,1.889,1.531,2.102,1.968,0.396,0.536,2.037
1.367,1.892,1.534,2.106,1.971,0.396,0.536,2.039
1.367,1.893,1.536,2.108,1.973,0.396,0.538,2.042
1.366,1.892,1.535,2.107,1.972,0.396,0.537,2.042
1.366,1.891,1.535,2.106,1.97,0.396,0.537,2.041
1.363,1.887,1.533,2.102,1.967,0.395,0.537,2.038
1.364,1.886,1.533,2.101,1.965,0.394,0.536,2.035
1.366,1.89,1.536,2.104,1.968,0.395,0.537,2.037
1.367,1.891,1.538,2.106,1.97,0.395,0.538,2.04
1.366,1.89,1.537,2.096,1.963,0.394,0.537,2.034
1.362,1.884,1.534,2.099,1.963,0.393,0.537,2.033
1.362,1.884,1.534,2.098,1.963,0.393,0.537,2.033
1.362,1.883,1.534,2.098,1.962,0.393,0.537,2.033
1.362,1.883,1.534,2.098,1.961,0.393,0.537,2.033
1.362,1.882,1.535,2.098,1.961,0.392,0.537,2.032
1.362,1.882,1.535,2.097,1.96,0.392,0.537,2.032
1.362,1.881,1.535,2.097,1.96,0.392,0.537,2.032
1.362,1.881,1.535,2.096,1.959,0.392,0.537,2.031
1.361,1.881,1.536,2.096,1.959,0.391,0.537,2.031
1.361,1.88,1.536,2.096,1.959,0.391,0.538,2.031
1.361,1.88,1.536,2.095,1.958,0.391,0.538,2.03
1.361,1.88,1.537,2.095,1.957,0.391,0.538,2.03
1.361,1.879,1.537,2.095,1.957,0.39,0.538,2.03
1.361,1.879,1.537,2.095,1.956,0.39,0.538,2.03
1.361,1.878,1.537,2.094,1.956,0.39,0.538,2.029
1.361,1.878,1.538,2.094,1.955,0.39,0.538,2.029
1.361,1.878,1.538,2.093,1.955,0.389,0.538,2.029
1.36,1.877,1.538,2.093,1.954,0.389,0.538,2.028
1.361,1.876,1.538,2.093,1.954,0.389,0.538,2.028
1.36,1.876,1.539,2.092,1.953,0.389,0.539,2.028
1.36,1.876,1.539,2.092,1.953,0.388,0.539,2.027
1.36,1.875,1.539,2.092,1.953,0.388,0.539,2.027
1.36,1.875,1.539,2.092,1.952,0.388,0.539,2.027
1.36,1.875,1.54,2.091,1.952,0.388,0.539,2.027
1.36,1.874,1.54,2.091,1.951,0.387,0.539,2.026
1.36,1.874,1.54,2.09,1.95,0.387,0.539,2.026
1.36,1.874,1.54,2.09,1.95,0.387,0.539,2.025
1.359,1.873,1.541,2.09,1.95,0.387,0.539,2.025
1.359,1.873,1.541,2.089,1.949,0.387,0.539,2.025
1.359,1.873,1.541,2.089,1.949,0.386,0.539,2.024
1.359,1.872,1.542,2.089,1.948,0.386,0.539,2.024
1.359,1.872,1.542,2.088,1.948,0.386,0.54,2.023
1.359,1.871,1.542,2.088,1.947,0.386,0.54,2.023
1.359,1.871,1.542,2.088,1.946,0.385,0.54,2.023
1.359,1.87,1.542,2.087,1.946,0.385,0.54,2.022
1.358,1.87,1.543,2.087,1.945,0.385,0.54,2.022
1.358,1.87,1.543,2.087,1.945,0.385,0.54,2.022
1.358,1.869,1.543,2.086,1.945,0.384,0.54,2.022
1.358,1.869,1.543,2.086,1.944,0.384,0.54,2.022
1.358,1.869,1.544,2.086,1.944,0.384,0.54,2.022
1.358,1.868,1.544,2.085,1.943,0.384,0.54,2.021
1.358,1.868,1.544,2.085,1.943,0.383,0.54,2.021
1.358,1.867,1.545,2.085,1.942,0.383,0.54,2.02
1.358,1.867,1.545,2.084,1.942,0.383,0.54,2.02
1.357,1.866,1.545,2.084,1.941,0.383,0.541,2.02
1.357,1.866,1.545,2.083,1.941,0.383,0.541,2.019
1.357,1.866,1.545,2.083,1.94,0.382,0.541,2.019
1.357,1.865,1.546,2.083,1.94,0.382,0.541,2.019
1.357,1.865,1.546,2.082,1.939,0.382,0.541,2.018
1.357,1.864,1.546,2.082,1.939,0.382,0.541,2.018
1.357,1.864,1.546,2.081,1.938,0.381,0.541,2.018
1.356,1.864,1.546,2.081,1.938,0.381,0.541,2.017
1.356,1.864,1.547,2.081,1.937,0.381,0.541,2.017
1.356,1.863,1.547,2.081,1.937,0.381,0.541,2.017
1.356,1.863,1.547,2.08,1.936,0.381,0.541,2.016
1.356,1.862,1.548,2.08,1.936,0.38,0.541,2.016
1.356,1.862,1.548,2.08,1.935,0.38,0.542,2.016
1.356,1.861,1.548,2.079,1.935,0.38,0.542,2.015
1.356,1.861,1.548,2.079,1.934,0.38,0.542,2.015
1.355,1.861,1.549,2.079,1.934,0.379,0.542,2.015
1.355,1.86,1.549,2.078,1.933,0.379,0.542,2.014
1.355,1.86,1.549,2.078,1.933,0.379,0.542,2.015
1.355,1.86,1.55,2.078,1.932,0.379,0.542,2.025
1.358,1.863,1.553,2.082,1.936,0.379,0.543,2.018
1.358,1.863,1.553,2.081,1.935,0.379,0.543,2.018
1.358,1.863,1.553,2.081,1.935,0.379,0.543,2.017
1.358,1.862,1.554,2.081,1.935,0.379,0.544,2.017
1.357,1.862,1.554,2.08,1.934,0.379,0.544,2.017
1.357,1.861,1.554,2.08,1.934,0.378,0.544,2.016
1.357,1.861,1.554,2.08,1.933,0.378,0.544,2.016
1.357,1.861,1.555,2.079,1.933,0.378,0.544,2.015
1.357,1.86,1.555,2.079,1.932,0.378,0.544,2.015
1.357,1.86,1.555,2.079,1.932,0.378,0.544,2.015
1.357,1.859,1.556,2.078,1.931,0.377,0.544,2.015
1.357,1.859,1.556,2.078,1.931,0.377,0.544,2.014
1.356,1.859,1.556,2.077,1.93,0.377,0.544,2.014
1.356,1.858,1.556,2.077,1.93,0.377,0.544,2.014
1.356,1.858,1.556,2.077,1.929,0.376,0.544,2.013
1.356,1.858,1.557,2.077,1.929,0.376,0.544,2.013
1.356,1.857,1.557,2.076,1.929,0.376,0.545,2.013
1.356,1.857,1.557,2.076,1.928,0.376,0.545,2.012
1.356,1.856,1.558,2.076,1.928,0.376,0.545,2.012
1.356,1.856,1.558,2.075,1.927,0.376,0.545,2.012
1.356,1.856,1.558,2.075,1.927,0.375,0.545,2.012
1.356,1.855,1.559,2.075,1.926,0.375,0.545,2.011
1.355,1.855,1.559,2.074,1.926,0.375,0.545,2.011
1.356,1.855,1.559,2.074,1.925,0.375,0.545,2.011
1.355,1.854,1.559,2.074,1.925,0.375,0.545,2.011
1.355,1.854,1.559,2.073,1.924,0.374,0.546,2.01
1.355,1.854,1.56,2.073,1.924,0.374,0.546,2.01
1.355,1.853,1.56,2.072,1.923,0.374,0.546,2.01
1.355,1.853,1.56,2.072,1.923,0.374,0.546,2.009
1.355,1.852,1.56,2.072,1.923,0.374,0.546,2.009
1.355,1.852,1.561,2.071,1.922,0.373,0.546,2.008
1.355,1.852,1.561,2.071,1.921,0.373,0.546,2.009
1.355,1.851,1.561,2.071,1.921,0.373,0.546,2.008
1.354,1.851,1.562,2.07,1.921,0.373,0.546,2.008
1.354,1.85,1.562,2.07,1.92,0.373,0.546,2.008
1.354,1.85,1.562,2.07,1.919,0.372,0.546,2.007
1.354,1.85,1.562,2.069,1.919,0.372,0.546,2.007
1.354,1.849,1.562,2.069,1.918,0.372,0.547,2.007
1.354,1.849,1.563,2.069,1.918,0.372,0.547,2.006
1.354,1.848,1.563,2.068,1.917,0.372,0.547,2.006
1.354,1.848,1.563,2.068,1.917,0.371,0.547,2.006
1.354,1.847,1.564,2.068,1.917,0.371,0.547,2.005
1.353,1.847,1.564,2.067,1.916,0.371,0.547,2.005
1.353,1.847,1.564,2.067,1.916,0.371,0.547,2.005
1.353,1.847,1.564,2.067,1.916,0.371,0.547,2.005
1.353,1.846,1.565,2.066,1.915,0.371,0.547,2.004
1.353,1.846,1.565,2.066,1.915,0.37,0.547,2.004
1.353,1.845,1.565,2.066,1.914,0.37,0.547,2.004
1.353,1.845,1.566,2.065,1.914,0.37,0.547,2.003
1.353,1.845,1.566,2.065,1.913,0.37,0.548,2.003
1.352,1.844,1.566,2.065,1.913,0.37,0.548,2.003
1.352,1.844,1.566,2.064,1.912,0.37,0.548,2.003
1.352,1.843,1.566,2.064,1.912,0.369,0.548,2.002
1.352,1.843,1.567,2.064,1.912,0.369,0.548,2.002
1.352,1.843,1.567,2.063,1.911,0.369,0.548,2.001
1.352,1.842,1.567,2.063,1.911,0.369,0.548,2.001
1.352,1.842,1.567,2.063,1.91,0.369,0.548,2.001
1.352,1.842,1.568,2.062,1.91,0.368,0.548,2.001
1.352,1.842,1.568,2.062,1.91,0.368,0.548,2.0
1.351,1.841,1.568,2.062,1.909,0.368,0.548,2.0
1.351,1.841,1.568,2.048,1.905,0.367,0.547,1.995
1.348,1.837,1.565,2.057,1.904,0.367,0.548,1.995
1.348,1.836,1.566,2.057,1.904,0.367,0.548,1.995
1.348,1.836,1.566,2.056,1.903,0.367,0.548,1.994
1.348,1.836,1.566,2.056,1.903,0.366,0.548,1.994
1.348,1.835,1.566,2.056,1.902,0.366,0.548,1.994
1.347,1.835,1.566,2.055,1.902,0.366,0.548,1.993
1.347,1.834,1.567,2.055,1.902,0.366,0.548,1.993
1.347,1.834,1.567,2.054,1.901,0.366,0.548,1.993
1.347,1.833,1.567,2.054,1.901,0.365,0.548,1.992
1.347,1.833,1.567,2.054,1.9,0.365,0.548,1.992
1.347,1.833,1.567,2.053,1.899,0.365,0.548,1.992
1.346,1.832,1.568,2.053,1.899,0.365,0.548,1.991
1.347,1.832,1.568,2.053,1.899,0.365,0.548,1.991
1.346,1.831,1.568,2.052,1.898,0.365,0.548,1.991
1.346,1.831,1.569,2.052,1.898,0.364,0.549,1.991
1.346,1.831,1.569,2.052,1.897,0.364,0.549,1.99
1.346,1.83,1.569,2.051,1.897,0.364,0.549,1.99
1.346,1.83,1.569,2.051,1.896,0.364,0.549,1.99
1.345,1.83,1.569,2.05,1.896,0.364,0.549,1.989
1.345,1.829,1.57,2.05,1.895,0.363,0.549,1.989
1.345,1.829,1.57,2.049,1.895,0.363,0.549,1.989
1.345,1.829,1.57,2.049,1.894,0.363,0.549,1.988
1.345,1.828,1.57,2.049,1.893,0.363,0.549,1.988
1.345,1.828,1.57,2.048,1.893,0.363,0.549,1.988
1.345,1.827,1.571,2.048,1.892,0.362,0.549,1.988
1.344,1.827,1.571,2.048,1.892,0.362,0.549,1.988
1.344,1.827,1.571,2.047,1.891,0.362,0.549,1.987
1.344,1.826,1.571,2.047,1.891,0.362,0.549,1.987
1.344,1.826,1.571,2.046,1.891,0.362,0.549,1.986
1.344,1.825,1.572,2.046,1.89,0.362,0.55,1.986
1.344,1.825,1.572,2.046,1.889,0.361,0.55,1.986
1.343,1.825,1.572,2.045,1.889,0.361,0.55,1.985
1.343,1.824,1.572,2.045,1.888,0.361,0.55,1.985
1.343,1.824,1.572,2.044,1.888,0.361,0.55,1.984
1.343,1.823,1.573,2.044,1.887,0.361,0.55,1.984
1.343,1.823,1.573,2.043,1.886,0.361,0.55,1.984
1.342,1.822,1.573,2.043,1.886,0.36,0.55,1.983
1.342,1.822,1.573,2.042,1.885,0.36,0.55,1.983
1.342,1.821,1.573,2.042,1.884,0.36,0.55,1.983
1.342,1.821,1.573,2.041,1.883,0.36,0.55,1.982
1.342,1.821,1.573,2.04,1.882,0.359,0.55,1.982
1.341,1.82,1.573,2.04,1.882,0.359,0.55,1.982
1.341,1.82,1.574,2.039,1.881,0.359,0.55,1.982
1.341,1.819,1.574,2.039,1.88,0.359,0.55,1.981
1.341,1.819,1.574,2.038,1.88,0.358,0.55,1.981
1.341,1.818,1.574,2.037,1.879,0.358,0.55,1.98
1.34,1.818,1.574,2.036,1.877,0.358,0.55,1.98
1.34,1.817,1.574,2.035,1.877,0.358,0.55,1.979
1.34,1.816,1.574,2.035,1.875,0.357,0.55,1.979
1.34,1.816,1.574,2.034,1.875,0.357,0.55,1.979
1.34,1.815,1.574,2.034,1.874,0.357,0.55,1.979
1.34,1.815,1.575,2.033,1.873,0.357,0.55,1.978
1.339,1.815,1.575,2.033,1.872,0.357,0.55,1.978
1.339,1.814,1.575,2.032,1.872,0.357,0.55,1.977
1.339,1.813,1.575,2.032,1.871,0.356,0.55,1.976
1.337,1.811,1.574,2.029,1.868,0.356,0.55,1.975
1.337,1.811,1.574,2.029,1.868,0.355,0.55,1.975
1.337,1.81,1.574,2.028,1.868,0.355,0.55,1.975
1.337,1.81,1.574,2.028,1.867,0.355,0.55,1.975
1.337,1.81,1.574,2.027,1.866,0.355,0.55,1.974
1.337,1.809,1.575,2.027,1.865,0.355,0.55,1.973
1.336,1.809,1.575,2.026,1.864,0.354,0.55,1.973
1.336,1.808,1.575,2.026,1.864,0.354,0.55,1.973
1.335,1.807,1.575,2.027,1.865,0.354,0.551,1.976
1.332,1.802,1.571,2.019,1.858,0.353,0.549,1.968
1.336,1.806,1.574,2.022,1.859,0.353,0.549,1.966
1.342,1.814,1.582,2.032,1.868,0.354,0.552,1.975
1.342,1.815,1.583,2.034,1.871,0.355,0.553,1.981
1.339,1.812,1.581,2.031,1.868,0.354,0.553,1.979
1.335,1.805,1.576,2.025,1.862,0.353,0.552,1.974
1.331,1.799,1.571,2.017,1.855,0.352,0.55,1.966
1.335,1.804,1.575,2.02,1.856,0.352,0.549,1.964
1.341,1.812,1.582,2.03,1.865,0.353,0.552,1.973
1.341,1.812,1.584,2.032,1.868,0.354,0.554,1.979
1.339,1.809,1.582,2.03,1.866,0.353,0.553,1.977
1.333,1.803,1.578,2.023,1.86,0.352,0.552,1.972
1.329,1.796,1.572,2.015,1.851,0.35,0.55,1.964
1.334,1.8,1.575,2.017,1.853,0.35,0.55,1.962
1.34,1.809,1.583,2.028,1.862,0.352,0.552,1.971
1.34,1.81,1.585,2.03,1.865,0.353,0.554,1.977
1.337,1.807,1.583,2.028,1.863,0.352,0.553,1.975
1.332,1.801,1.579,2.021,1.857,0.351,0.552,1.971
1.329,1.795,1.574,2.013,1.85,0.349,0.55,1.963
1.333,1.799,1.577,2.016,1.851,0.349,0.55,1.961
1.338,1.807,1.584,2.026,1.859,0.351,0.553,1.969
1.339,1.808,1.586,2.028,1.862,0.351,0.554,1.975
1.336,1.805,1.584,2.026,1.86,0.351,0.554,1.974
1.332,1.799,1.579,2.02,1.854,0.35,0.553,1.969
1.327,1.792,1.574,2.011,1.847,0.348,0.55,1.961
1.331,1.796,1.577,2.014,1.848,0.348,0.55,1.959
1.337,1.804,1.585,2.024,1.857,0.35,0.553,1.967
1.338,1.805,1.587,2.027,1.86,0.35,0.555,1.973
1.336,1.802,1.585,2.024,1.857,0.35,0.554,1.972
1.331,1.796,1.581,2.018,1.852,0.349,0.553,1.967
1.327,1.79,1.575,2.01,1.844,0.347,0.551,1.959
1.331,1.794,1.578,2.012,1.845,0.347,0.551,1.957
1.336,1.802,1.586,2.022,1.854,0.349,0.553,1.965
1.337,1.803,1.589,2.025,1.857,0.349,0.555,1.972
1.335,1.8,1.586,2.022,1.855,0.349,0.555,1.97
1.33,1.794,1.582,2.016,1.849,0.348,0.553,1.966
1.326,1.787,1.577,2.009,1.842,0.346,0.551,1.957
1.329,1.791,1.579,2.01,1.842,0.346,0.551,1.954
1.335,1.799,1.587,2.019,1.85,0.347,0.554,1.963
1.336,1.8,1.589,2.022,1.854,0.348,0.555,1.969
1.333,1.797,1.587,2.019,1.851,0.347,0.555,1.967
1.328,1.791,1.582,2.013,1.846,0.346,0.554,1.963
1.324,1.784,1.577,2.006,1.838,0.345,0.551,1.955
1.328,1.788,1.58,2.007,1.838,0.345,0.551,1.952
1.334,1.796,1.587,2.017,1.847,0.346,0.554,1.961
1.334,1.797,1.59,2.02,1.851,0.347,0.556,1.967
1.332,1.794,1.588,2.017,1.848,0.346,0.555,1.966
1.328,1.788,1.583,2.012,1.843,0.345,0.554,1.962
1.324,1.782,1.578,2.004,1.835,0.344,0.552,1.954
1.327,1.785,1.581,2.006,1.836,0.344,0.552,1.951
1.333,1.794,1.589,2.015,1.844,0.345,0.554,1.959
1.334,1.795,1.591,2.018,1.848,0.346,0.556,1.965
1.331,1.792,1.589,2.015,1.845,0.345,0.555,1.964
1.326,1.786,1.584,2.009,1.84,0.344,0.554,1.96
1.322,1.779,1.579,2.001,1.832,0.342,0.552,1.952
1.325,1.782,1.581,2.002,1.832,0.342,0.552,1.949
1.332,1.791,1.589,2.012,1.841,0.344,0.554,1.957
1.332,1.792,1.591,2.016,1.844,0.345,0.556,1.963
1.33,1.789,1.589,2.013,1.842,0.344,0.556,1.962
1.326,1.783,1.585,2.007,1.834,0.342,0.554,1.954
1.326,1.782,1.584,2.004,1.833,0.342,0.554,1.954
1.326,1.782,1.584,2.004,1.833,0.342,0.554,1.953
1.326,1.781,1.585,2.004,1.833,0.342,0.554,1.953
1.325,1.781,1.584,2.003,1.832,0.342,0.554,1.952
1.325,1.781,1.585,2.003,1.831,0.341,0.554,1.952
1.325,1.78,1.585,2.002,1.83,0.341,0.554,1.952
1.325,1.78,1.585,2.002,1.83,0.341,0.554,1.951
1.324,1.779,1.585,2.001,1.829,0.341,0.554,1.951
1.324,1.778,1.585,2.0,1.829,0.341,0.554,1.95
1.324,1.778,1.585,2.0,1.828,0.34,0.554,1.95
1.324,1.777,1.585,2.0,1.827,0.34,0.554,1.95
1.323,1.777,1.585,1.999,1.827,0.34,0.554,1.949
1.323,1.776,1.585,1.999,1.826,0.34,0.554,1.949
1.323,1.776,1.585,1.998,1.825,0.34,0.554,1.949
1.322,1.776,1.585,1.998,1.825,0.339,0.554,1.948
1.323,1.775,1.586,1.998,1.825,0.339,0.554,1.948
1.322,1.775,1.586,1.997,1.824,0.339,0.554,1.948
1.322,1.774,1.586,1.997,1.823,0.339,0.554,1.948
1.322,1.774,1.586,1.997,1.823,0.339,0.554,1.948
1.322,1.774,1.586,1.996,1.823,0.338,0.554,1.947
1.322,1.774,1.586,1.996,1.822,0.338,0.554,1.947
1.321,1.773,1.586,1.995,1.821,0.338,0.554,1.946
1.321,1.772,1.586,1.994,1.82,0.338,0.554,1.946
1.321,1.772,1.586,1.994,1.82,0.338,0.554,1.946
1.321,1.771,1.586,1.994,1.819,0.337,0.554,1.945
1.321,1.771,1.587,1.993,1.819,0.337,0.554,1.945
1.32,1.77,1.586,1.992,1.818,0.337,0.554,1.944
1.32,1.77,1.587,1.992,1.817,0.337,0.554,1.944
1.32,1.769,1.587,1.992,1.817,0.336,0.554,1.944
1.32,1.769,1.587,1.991,1.816,0.336,0.554,1.944
1.319,1.768,1.587,1.99,1.815,0.336,0.555,1.943
1.319,1.768,1.587,1.99,1.815,0.336,0.555,1.943
1.319,1.767,1.587,1.99,1.814,0.336,0.555,1.943
1.319,1.767,1.587,1.989,1.814,0.335,0.554,1.942
1.319,1.766,1.587,1.989,1.812,0.335,0.554,1.942
1.318,1.766,1.587,1.988,1.812,0.335,0.555,1.942
1.318,1.765,1.587,1.988,1.812,0.335,0.555,1.941
1.318,1.765,1.587,1.987,1.811,0.335,0.555,1.941
1.317,1.764,1.587,1.987,1.81,0.334,0.554,1.94
1.318,1.764,1.587,1.986,1.809,0.334,0.554,1.94
1.317,1.763,1.587,1.985,1.808,0.334,0.555,1.939
1.316,1.762,1.587,1.985,1.808,0.334,0.555,1.939
1.316,1.762,1.587,1.984,1.807,0.333,0.555,1.939
1.316,1.762,1.588,1.984,1.807,0.333,0.555,1.939
1.316,1.762,1.588,1.984,1.806,0.333,0.555,1.938
1.316,1.761,1.588,1.983,1.806,0.333,0.555,1.938
1.316,1.761,1.588,1.983,1.806,0.333,0.555,1.938
1.316,1.76,1.588,1.983,1.805,0.333,0.555,1.938
1.315,1.76,1.588,1.982,1.805,0.332,0.555,1.937
1.315,1.759,1.588,1.982,1.804,0.332,0.555,1.936
1.315,1.759,1.588,1.981,1.803,0.332,0.555,1.936
1.315,1.758,1.588,1.98,1.802,0.332,0.555,1.936
1.314,1.758,1.588,1.98,1.802,0.331,0.555,1.936
1.314,1.758,1.588,1.98,1.801,0.331,0.555,1.936
1.314,1.757,1.588,1.979,1.801,0.331,0.555,1.935
1.314,1.757,1.588,1.979,1.8,0.331,0.555,1.935
1.314,1.756,1.589,1.979,1.8,0.33,0.555,1.935
1.314,1.756,1.589,1.978,1.799,0.331,0.555,1.934
1.313,1.756,1.589,1.978,1.799,0.33,0.555,1.934
1.313,1.755,1.589,1.978,1.798,0.33,0.555,1.933
1.313,1.754,1.588,1.977,1.797,0.33,0.555,1.933
1.312,1.754,1.589,1.977,1.797,0.33,0.555,1.933
1.312,1.754,1.589,1.976,1.797,0.329,0.555,1.933
1.32,1.762,1.597,1.985,1.804,0.331,0.558,1.94
1.317,1.761,1.597,1.985,1.804,0.331,0.558,1.943
1.31,1.751,1.589,1.975,1.796,0.329,0.556,1.936
1.307,1.746,1.584,1.968,1.788,0.328,0.554,1.927
1.308,1.747,1.585,1.968,1.788,0.327,0.553,1.924
1.314,1.754,1.591,1.975,1.794,0.328,0.555,1.93
1.318,1.76,1.597,1.983,1.801,0.329,0.558,1.937
1.316,1.758,1.597,1.983,1.801,0.33,0.559,1.941
1.309,1.749,1.59,1.974,1.793,0.328,0.556,1.934
1.305,1.743,1.584,1.965,1.785,0.326,0.554,1.925
1.307,1.745,1.585,1.966,1.785,0.326,0.554,1.922
1.312,1.751,1.592,1.973,1.791,0.327,0.555,1.927
1.316,1.757,1.598,1.98,1.797,0.328,0.558,1.935
1.315,1.756,1.597,1.98,1.798,0.328,0.559,1.939
1.308,1.746,1.59,1.97,1.79,0.327,0.557,1.932
1.304,1.74,1.584,1.963,1.782,0.325,0.554,1.923
1.306,1.742,1.586,1.964,1.781,0.325,0.554,1.92
1.311,1.749,1.592,1.97,1.787,0.326,0.556,1.925
1.315,1.755,1.599,1.979,1.794,0.327,0.558,1.934
1.314,1.753,1.598,1.979,1.795,0.327,0.559,1.938
1.307,1.744,1.591,1.969,1.787,0.326,0.557,1.931
1.303,1.738,1.585,1.961,1.779,0.324,0.554,1.922
1.305,1.74,1.586,1.961,1.779,0.324,0.554,1.918
1.31,1.747,1.592,1.968,1.784,0.325,0.556,1.923
1.314,1.752,1.598,1.975,1.79,0.326,0.558,1.931
1.312,1.75,1.598,1.976,1.791,0.326,0.559,1.935
1.305,1.741,1.591,1.966,1.783,0.325,0.557,1.929
1.301,1.735,1.585,1.958,1.776,0.323,0.554,1.919
1.303,1.737,1.586,1.958,1.774,0.323,0.554,1.916
1.308,1.743,1.593,1.965,1.78,0.324,0.556,1.921
1.312,1.749,1.599,1.973,1.787,0.325,0.558,1.929
1.311,1.748,1.599,1.973,1.788,0.325,0.559,1.933
1.304,1.739,1.591,1.964,1.78,0.324,0.557,1.927
1.3,1.733,1.586,1.956,1.772,0.322,0.555,1.917
1.301,1.734,1.586,1.955,1.771,0.321,0.554,1.914
1.307,1.741,1.593,1.962,1.777,0.322,0.556,1.919
1.311,1.747,1.599,1.97,1.783,0.324,0.558,1.927
1.31,1.745,1.599,1.971,1.785,0.324,0.559,1.931
1.303,1.737,1.592,1.962,1.777,0.322,0.558,1.925
1.298,1.73,1.586,1.953,1.769,0.321,0.555,1.915
1.3,1.731,1.587,1.953,1.767,0.32,0.554,1.912
1.305,1.738,1.593,1.96,1.773,0.321,0.556,1.917
1.31,1.744,1.599,1.967,1.78,0.322,0.558,1.925
1.308,1.743,1.599,1.968,1.782,0.323,0.56,1.929
1.302,1.734,1.592,1.959,1.774,0.321,0.558,1.923
1.297,1.728,1.586,1.951,1.766,0.32,0.555,1.913
1.299,1.728,1.587,1.95,1.764,0.319,0.554,1.91
1.304,1.735,1.593,1.957,1.77,0.32,0.556,1.915
1.308,1.741,1.6,1.965,1.777,0.321,0.559,1.923
1.307,1.741,1.6,1.966,1.778,0.321,0.56,1.927
1.3,1.732,1.593,1.957,1.771,0.32,0.558,1.922
1.296,1.726,1.587,1.949,1.763,0.319,0.555,1.912
1.297,1.726,1.587,1.948,1.761,0.318,0.554,1.908
1.302,1.733,1.594,1.954,1.766,0.319,0.556,1.912
1.307,1.739,1.6,1.962,1.774,0.32,0.559,1.921
1.306,1.738,1.601,1.964,1.776,0.32,0.56,1.926
1.3,1.73,1.593,1.955,1.768,0.319,0.558,1.92
1.295,1.723,1.587,1.946,1.759,0.317,0.555,1.91
1.296,1.723,1.587,1.945,1.758,0.317,0.555,1.906
1.301,1.73,1.594,1.952,1.763,0.318,0.556,1.911
1.306,1.737,1.6,1.96,1.762,0.318,0.557,1.914
1.299,1.728,1.593,1.951,1.763,0.318,0.557,1.913
1.299,1.728,1.593,1.951,1.762,0.317,0.557,1.913
1.298,1.727,1.593,1.95,1.761,0.317,0.557,1.913
1.298,1.727,1.593,1.949,1.761,0.317,0.557,1.912
1.298,1.726,1.593,1.949,1.76,0.317,0.557,1.912
1.298,1.726,1.593,1.949,1.76,0.317,0.557,1.912
1.298,1.725,1.593,1.948,1.759,0.316,0.557,1.911
1.297,1.725,1.593,1.948,1.759,0.316,0.557,1.911
1.297,1.725,1.593,1.947,1.758,0.316,0.557,1.91
1.297,1.724,1.593,1.947,1.758,0.316,0.557,1.91
1.296,1.723,1.593,1.946,1.757,0.315,0.557,1.909
1.296,1.723,1.593,1.946,1.757,0.316,0.557,1.91
1.297,1.723,1.594,1.946,1.757,0.316,0.557,1.91
1.296,1.723,1.594,1.946,1.755,0.315,0.557,1.909
1.296,1.722,1.594,1.945,1.755,0.315,0.557,1.909
1.296,1.722,1.594,1.945,1.754,0.315,0.557,1.909
1.296,1.722,1.594,1.945,1.754,0.314,0.557,1.908
1.296,1.721,1.594,1.944,1.753,0.314,0.557,1.908
1.295,1.721,1.594,1.943,1.753,0.314,0.557,1.908
1.295,1.72,1.594,1.943,1.752,0.314,0.557,1.907
1.295,1.72,1.594,1.942,1.751,0.314,0.557,1.906
1.294,1.719,1.594,1.942,1.751,0.314,0.557,1.906
1.294,1.719,1.594,1.941,1.75,0.313,0.557,1.907
1.294,1.718,1.594,1.941,1.75,0.313,0.557,1.906
1.294,1.719,1.595,1.941,1.75,0.313,0.557,1.906
1.294,1.718,1.595,1.941,1.749,0.313,0.558,1.906
1.294,1.718,1.595,1.94,1.749,0.313,0.558,1.906
1.293,1.717,1.595,1.94,1.748,0.313,0.558,1.905
1.293,1.717,1.595,1.939,1.748,0.312,0.558,1.905
1.293,1.716,1.595,1.939,1.747,0.312,0.557,1.905
1.293,1.716,1.595,1.939,1.746,0.312,0.557,1.904
1.293,1.715,1.595,1.938,1.746,0.312,0.557,1.904
1.292,1.715,1.595,1.937,1.745,0.312,0.557,1.903
1.292,1.715,1.595,1.937,1.744,0.311,0.557,1.903
1.292,1.714,1.594,1.936,1.744,0.311,0.557,1.902
1.291,1.714,1.594,1.936,1.743,0.311,0.558,1.903
1.292,1.714,1.596,1.937,1.743,0.311,0.558,1.903
1.292,1.714,1.596,1.936,1.743,0.311,0.558,1.903
1.291,1.714,1.596,1.935,1.742,0.311,0.558,1.902
1.291,1.713,1.596,1.935,1.742,0.311,0.558,1.902
1.291,1.713,1.596,1.935,1.742,0.31,0.558,1.902
1.291,1.712,1.596,1.934,1.741,0.31,0.558,1.901
1.29,1.712,1.596,1.934,1.74,0.31,0.558,1.901
1.29,1.711,1.596,1.933,1.74,0.31,0.558,1.901
1.29,1.711,1.596,1.933,1.739,0.309,0.558,1.9
1.29,1.711,1.596,1.932,1.738,0.309,0.558,1.9
1.289,1.71,1.596,1.932,1.738,0.309,0.558,1.9
1.289,1.71,1.596,1.932,1.737,0.309,0.558,1.899
1.289,1.709,1.596,1.931,1.737,0.309,0.558,1.899
1.289,1.709,1.596,1.931,1.736,0.309,0.558,1.898
1.288,1.708,1.596,1.93,1.735,0.308,0.558,1.898
1.288,1.708,1.596,1.93,1.735,0.308,0.558,1.898
1.288,1.708,1.597,1.93,1.735,0.308,0.558,1.898
1.288,1.708,1.596,1.929,1.734,0.308,0.558,1.898
1.288,1.707,1.596,1.929,1.734,0.307,0.558,1.897
1.288,1.707,1.596,1.928,1.733,0.308,0.558,1.897
1.288,1.706,1.597,1.928,1.733,0.307,0.558,1.897
1.287,1.706,1.596,1.928,1.732,0.307,0.558,1.895
1.286,1.704,1.595,1.926,1.73,0.307,0.558,1.895
1.286,1.704,1.595,1.925,1.73,0.307,0.558,1.894
1.286,1.703,1.595,1.925,1.729,0.306,0.558,1.894
1.285,1.703,1.595,1.924,1.729,0.306,0.558,1.894
1.285,1.702,1.595,1.924,1.728,0.306,0.558,1.894
1.285,1.696,1.589,1.916,1.72,0.305,0.556,1.886
1.286,1.703,1.596,1.923,1.725,0.306,0.557,1.889
1.291,1.71,1.603,1.931,1.734,0.307,0.56,1.898
1.291,1.711,1.605,1.933,1.736,0.307,0.561,1.904
1.287,1.705,1.6,1.928,1.731,0.306,0.56,1.9
1.281,1.697,1.593,1.919,1.724,0.305,0.558,1.892
1.28,1.695,1.591,1.915,1.719,0.304,0.556,1.886
1.286,1.702,1.597,1.922,1.723,0.304,0.558,1.889
1.29,1.708,1.604,1.93,1.731,0.306,0.56,1.898
1.29,1.709,1.605,1.932,1.733,0.306,0.561,1.902
1.286,1.703,1.601,1.926,1.729,0.305,0.561,1.899
1.28,1.695,1.594,1.918,1.721,0.304,0.558,1.891
1.279,1.693,1.591,1.913,1.716,0.303,0.557,1.885
1.284,1.699,1.598,1.919,1.72,0.303,0.558,1.887
1.289,1.706,1.605,1.928,1.728,0.305,0.561,1.896
1.289,1.706,1.606,1.929,1.73,0.305,0.562,1.9
1.285,1.701,1.601,1.924,1.725,0.304,0.561,1.897
1.279,1.693,1.594,1.915,1.717,0.303,0.558,1.889
1.278,1.69,1.591,1.91,1.712,0.302,0.557,1.883
1.283,1.697,1.597,1.916,1.717,0.302,0.558,1.885
1.288,1.703,1.605,1.925,1.725,0.304,0.56,1.894
1.288,1.704,1.606,1.927,1.727,0.304,0.562,1.899
1.283,1.698,1.602,1.921,1.722,0.303,0.561,1.896
1.278,1.691,1.595,1.913,1.714,0.302,0.559,1.888
1.276,1.688,1.592,1.908,1.709,0.301,0.557,1.881
1.282,1.694,1.597,1.914,1.713,0.301,0.558,1.883
1.287,1.701,1.605,1.922,1.721,0.303,0.56,1.892
1.287,1.702,1.606,1.924,1.723,0.303,0.562,1.897
1.282,1.696,1.602,1.919,1.719,0.302,0.561,1.894
1.276,1.688,1.595,1.91,1.711,0.301,0.558,1.886
1.275,1.685,1.592,1.905,1.706,0.3,0.557,1.878
1.28,1.691,1.597,1.91,1.709,0.3,0.557,1.88
1.285,1.698,1.604,1.919,1.717,0.301,0.561,1.89
1.285,1.699,1.606,1.921,1.72,0.302,0.562,1.894
1.28,1.693,1.601,1.916,1.715,0.301,0.561,1.891
1.275,1.685,1.594,1.907,1.707,0.3,0.558,1.883
1.273,1.682,1.591,1.902,1.702,0.298,0.557,1.876
1.278,1.689,1.597,1.908,1.706,0.299,0.558,1.878
1.284,1.696,1.604,1.917,1.714,0.301,0.56,1.887
1.284,1.696,1.606,1.919,1.716,0.301,0.562,1.892
1.28,1.691,1.602,1.914,1.713,0.3,0.561,1.89
1.274,1.683,1.595,1.905,1.705,0.299,0.559,1.883
1.272,1.68,1.592,1.9,1.699,0.298,0.557,1.875
1.277,1.686,1.597,1.905,1.703,0.298,0.558,1.876
1.282,1.693,1.605,1.914,1.711,0.299,0.56,1.886
1.282,1.694,1.606,1.917,1.713,0.3,0.562,1.891
1.279,1.689,1.602,1.912,1.71,0.299,0.561,1.888
1.272,1.681,1.595,1.903,1.701,0.298,0.559,1.881
1.271,1.678,1.591,1.897,1.696,0.297,0.557,1.872
1.275,1.683,1.597,1.902,1.699,0.297,0.558,1.873
1.28,1.69,1.604,1.911,1.707,0.298,0.561,1.883
1.281,1.691,1.606,1.913,1.709,0.299,0.562,1.888
1.276,1.686,1.602,1.908,1.705,0.298,0.561,1.886
1.27,1.677,1.594,1.899,1.697,0.296,0.559,1.877
1.268,1.674,1.591,1.893,1.691,0.295,0.557,1.87
1.273,1.68,1.596,1.899,1.695,0.296,0.557,1.871
1.279,1.687,1.604,1.908,1.703,0.297,0.56,1.88
1.279,1.688,1.606,1.91,1.705,0.298,0.562,1.886
1.275,1.684,1.602,1.906,1.702,0.297,0.561,1.884
1.269,1.676,1.594,1.897,1.694,0.296,0.559,1.876
1.267,1.672,1.591,1.892,1.688,0.295,0.559,1.875
1.272,1.679,1.598,1.899,1.695,0.295,0.559,1.875
1.272,1.678,1.597,1.898,1.694,0.295,0.559,1.874
1.271,1.677,1.597,1.898,1.694,0.295,0.559,1.874
1.271,1.677,1.598,1.898,1.693,0.295,0.559,1.874
1.271,1.677,1.597,1.897,1.692,0.295,0.559,1.874
1.271,1.676,1.598,1.897,1.692,0.294,0.559,1.873
1.271,1.677,1.598,1.897,1.692,0.294,0.559,1.873
1.27,1.675,1.597,1.896,1.691,0.294,0.559,1.873
1.27,1.675,1.598,1.895,1.69,0.294,0.559,1.872
1.27,1.675,1.597,1.895,1.69,0.294,0.559,1.872
1.27,1.674,1.597,1.894,1.689,0.294,0.559,1.872
1.269,1.674,1.597,1.894,1.688,0.293,0.559,1.871
1.269,1.673,1.597,1.894,1.688,0.293,0.559,1.871
1.269,1.673,1.598,1.893,1.687,0.293,0.559,1.871
1.269,1.673,1.597,1.893,1.687,0.293,0.559,1.87
1.268,1.672,1.597,1.893,1.687,0.293,0.559,1.87
1.268,1.672,1.598,1.892,1.686,0.292,0.559,1.87
1.268,1.671,1.597,1.891,1.685,0.292,0.559,1.869
1.267,1.671,1.597,1.891,1.684,0.292,0.559,1.869
1.267,1.671,1.597,1.891,1.684,0.292,0.559,1.869
1.267,1.67,1.597,1.89,1.683,0.292,0.559,1.868
1.267,1.669,1.597,1.889,1.683,0.291,0.559,1.868
1.267,1.669,1.597,1.889,1.682,0.291,0.559,1.868
1.266,1.669,1.597,1.889,1.682,0.291,0.559,1.867
1.266,1.668,1.597,1.888,1.681,0.291,0.559,1.867
1.266,1.668,1.597,1.887,1.68,0.291,0.559,1.867
1.265,1.667,1.597,1.887,1.68,0.291,0.559,1.866
1.265,1.667,1.597,1.887,1.679,0.29,0.559,1.866
1.265,1.667,1.597,1.886,1.679,0.29,0.559,1.866
1.265,1.666,1.597,1.886,1.678,0.29,0.559,1.865
1.264,1.666,1.597,1.886,1.678,0.29,0.559,1.865
1.264,1.665,1.597,1.885,1.677,0.29,0.559,1.865
1.264,1.665,1.597,1.885,1.677,0.289,0.559,1.864
1.264,1.665,1.597,1.884,1.676,0.289,0.559,1.864
1.263,1.664,1.597,1.884,1.675,0.289,0.559,1.863
1.263,1.664,1.596,1.883,1.675,0.289,0.559,1.863
1.263,1.663,1.597,1.883,1.674,0.289,0.559,1.863
1.262,1.663,1.596,1.883,1.674,0.289,0.559,1.862
1.262,1.663,1.596,1.882,1.673,0.288,0.559,1.862
1.262,1.662,1.597,1.882,1.673,0.288,0.559,1.862
1.262,1.662,1.597,1.881,1.672,0.288,0.559,1.862
1.262,1.661,1.597,1.881,1.671,0.288,0.559,1.861
1.262,1.661,1.597,1.88,1.671,0.288,0.559,1.861
1.261,1.661,1.597,1.88,1.67,0.288,0.559,1.861
1.261,1.66,1.597,1.88,1.67,0.287,0.559,1.86
1.261,1.66,1.596,1.879,1.669,0.287,0.559,1.86
1.261,1.659,1.597,1.879,1.669,0.287,0.559,1.86
1.26,1.659,1.596,1.878,1.668,0.287,0.559,1.859
1.26,1.659,1.596,1.878,1.668,0.287,0.559,1.859
1.26,1.658,1.596,1.878,1.667,0.286,0.559,1.859
1.26,1.658,1.596,1.877,1.667,0.286,0.559,1.858
1.259,1.658,1.596,1.877,1.666,0.286,0.559,1.858
1.259,1.657,1.597,1.876,1.666,0.286,0.559,1.858
1.259,1.657,1.597,1.876,1.665,0.286,0.559,1.858
1.259,1.656,1.596,1.875,1.665,0.286,0.559,1.857
1.258,1.656,1.596,1.875,1.664,0.285,0.559,1.857
1.258,1.656,1.596,1.875,1.664,0.285,0.559,1.857
1.258,1.655,1.596,1.874,1.663,0.285,0.559,1.856
1.258,1.655,1.596,1.874,1.662,0.285,0.559,1.856
1.258,1.654,1.596,1.874,1.662,0.285,0.559,1.856
1.257,1.654,1.596,1.873,1.661,0.285,0.559,1.856
1.257,1.654,1.596,1.873,1.661,0.284,0.559,1.855
1.257,1.653,1.596,1.873,1.66,0.284,0.559,1.855
1.263,1.657,1.6,1.876,1.663,0.285,0.56,1.859
1.259,1.656,1.6,1.876,1.663,0.284,0.56,1.858
1.259,1.656,1.6,1.875,1.662,0.284,0.56,1.858
1.259,1.656,1.6,1.875,1.662,0.284,0.56,1.858
1.258,1.655,1.6,1.874,1.661,0.284,0.56,1.858
1.258,1.655,1.6,1.874,1.661,0.284,0.56,1.857
1.258,1.654,1.6,1.874,1.66,0.284,0.56,1.857
1.258,1.654,1.6,1.873,1.66,0.284,0.56,1.856
1.257,1.654,1.6,1.873,1.66,0.283,0.56,1.857
1.257,1.653,1.6,1.873,1.659,0.283,0.56,1.856
1.257,1.653,1.6,1.872,1.659,0.283,0.56,1.856
1.257,1.653,1.6,1.872,1.658,0.283,0.56,1.856
1.257,1.652,1.6,1.872,1.658,0.283,0.56,1.856
1.256,1.652,1.6,1.871,1.657,0.282,0.56,1.855
1.256,1.651,1.6,1.871,1.656,0.282,0.56,1.855
1.256,1.651,1.6,1.87,1.656,0.282,0.56,1.854
1.256,1.651,1.6,1.87,1.655,0.282,0.56,1.854
1.255,1.65,1.6,1.869,1.655,0.282,0.56,1.854
1.255,1.65,1.6,1.869,1.654,0.282,0.56,1.854
1.255,1.649,1.6,1.869,1.654,0.282,0.56,1.853
1.255,1.649,1.599,1.868,1.653,0.281,0.56,1.853
1.255,1.649,1.6,1.868,1.653,0.281,0.56,1.852
1.254,1.648,1.6,1.867,1.652,0.281,0.56,1.852
1.254,1.648,1.599,1.867,1.652,0.281,0.56,1.852
1.254,1.647,1.599,1.867,1.651,0.281,0.56,1.851
1.254,1.647,1.6,1.866,1.651,0.281,0.56,1.851
1.253,1.647,1.599,1.866,1.65,0.28,0.56,1.851
1.253,1.646,1.6,1.865,1.65,0.28,0.56,1.851
1.253,1.646,1.6,1.865,1.649,0.28,0.56,1.85
1.253,1.646,1.6,1.865,1.649,0.28,0.56,1.85
1.253,1.645,1.6,1.865,1.648,0.28,0.56,1.85
1.253,1.645,1.6,1.864,1.648,0.28,0.56,1.85
1.252,1.645,1.6,1.864,1.647,0.279,0.56,1.849
1.252,1.644,1.6,1.864,1.647,0.279,0.56,1.849
1.252,1.644,1.6,1.863,1.647,0.279,0.56,1.849
1.252,1.643,1.6,1.863,1.646,0.279,0.56,1.848
1.251,1.643,1.6,1.863,1.645,0.279,0.56,1.848
1.251,1.643,1.6,1.862,1.645,0.279,0.56,1.848
1.251,1.643,1.6,1.862,1.645,0.279,0.56,1.848
1.251,1.642,1.6,1.861,1.644,0.278,0.56,1.847
1.251,1.642,1.6,1.861,1.644,0.278,0.56,1.847
1.25,1.641,1.6,1.861,1.643,0.278,0.56,1.847
1.25,1.641,1.6,1.861,1.643,0.278,0.56,1.847
1.25,1.641,1.6,1.86,1.642,0.278,0.56,1.846
1.25,1.64,1.6,1.86,1.642,0.278,0.56,1.846
1.25,1.64,1.6,1.86,1.641,0.278,0.56,1.846
1.25,1.64,1.6,1.859,1.641,0.278,0.56,1.846
1.25,1.64,1.6,1.859,1.641,0.277,0.56,1.846
1.249,1.639,1.6,1.859,1.64,0.277,0.56,1.845
1.249,1.639,1.6,1.858,1.64,0.277,0.56,1.845
1.249,1.639,1.6,1.858,1.639,0.277,0.56,1.845
1.249,1.638,1.6,1.857,1.638,0.277,0.56,1.844
1.248,1.637,1.6,1.857,1.638,0.277,0.561,1.844
1.248,1.637,1.6,1.857,1.638,0.276,0.561,1.844
1.248,1.637,1.6,1.857,1.637,0.276,0.56,1.843
1.248,1.637,1.6,1.856,1.637,0.276,0.56,1.843
1.247,1.636,1.6,1.856,1.637,0.276,0.561,1.843
1.247,1.636,1.6,1.855,1.636,0.276,0.56,1.842
1.247,1.635,1.6,1.855,1.635,0.276,0.56,1.842
1.247,1.635,1.6,1.855,1.635,0.275,0.561,1.842
1.247,1.635,1.6,1.854,1.634,0.276,0.561,1.842
1.247,1.635,1.6,1.854,1.634,0.275,0.561,1.842
1.246,1.634,1.6,1.854,1.634,0.275,0.561,1.841
1.246,1.634,1.6,1.854,1.633,0.275,0.561,1.841
1.246,1.634,1.6,1.853,1.633,0.275,0.561,1.841
1.246,1.633,1.6,1.853,1.632,0.275,0.561,1.84
1.246,1.633,1.6,1.852,1.631,0.274,0.561,1.84
1.245,1.632,1.6,1.852,1.631,0.274,0.561,1.84
1.245,1.632,1.6,1.852,1.631,0.274,0.561,1.84
1.245,1.632,1.6,1.851,1.63,0.274,0.561,1.839
1.244,1.631,1.6,1.851,1.629,0.274,0.56,1.839
1.244,1.631,1.6,1.851,1.629,0.274,0.561,1.838
1.244,1.63,1.6,1.85,1.629,0.274,0.561,1.838
1.244,1.63,1.6,1.85,1.628,0.274,0.561,1.838
1.244,1.63,1.6,1.849,1.628,0.273,0.561,1.838
1.244,1.63,1.6,1.849,1.628,0.273,0.561,1.838
1.243,1.629,1.6,1.849,1.627,0.273,0.561,1.837
1.243,1.629,1.6,1.849,1.627,0.273,0.561,1.837
1.243,1.628,1.6,1.848,1.626,0.273,0.561,1.837
1.243,1.628,1.6,1.848,1.626,0.273,0.561,1.837
1.243,1.628,1.6,1.847,1.625,0.273,0.561,1.836
1.242,1.628,1.6,1.847,1.625,0.272,0.561,1.836
1.242,1.627,1.6,1.847,1.624,0.272,0.561,1.836
1.242,1.627,1.6,1.846,1.624,0.272,0.561,1.835
1.242,1.627,1.6,1.846,1.623,0.272,0.561,1.835
1.241,1.626,1.6,1.846,1.623,0.272,0.561,1.835
1.241,1.625,1.6,1.845,1.622,0.271,0.561,1.834
1.241,1.625,1.6,1.845,1.622,0.271,0.561,1.834
1.241,1.625,1.6,1.845,1.621,0.271,0.561,1.834
1.24,1.625,1.6,1.844,1.621,0.271,0.561,1.833
1.24,1.624,1.6,1.844,1.621,0.271,0.561,1.833
1.24,1.624,1.6,1.844,1.62,0.271,0.561,1.833
1.24,1.623,1.6,1.843,1.619,0.271,0.561,1.833
1.24,1.624,1.6,1.843,1.619,0.271,0.561,1.833
1.24,1.623,1.6,1.842,1.619,0.27,0.561,1.832
1.239,1.622,1.6,1.842,1.618,0.27,0.561,1.832
1.239,1.622,1.6,1.842,1.618,0.27,0.561,1.832
1.239,1.623,1.601,1.842,1.618,0.27,0.561,1.832
1.239,1.622,1.6,1.842,1.617,0.27,0.561,1.832
1.239,1.621,1.6,1.841,1.617,0.27,0.561,1.831
1.239,1.621,1.6,1.841,1.616,0.27,0.561,1.831
1.238,1.621,1.601,1.841,1.616,0.269,0.561,1.83
1.238,1.62,1.6,1.839,1.615,0.269,0.561,1.83
1.238,1.62,1.6,1.84,1.616,0.269,0.561,1.83
1.238,1.62,1.601,1.839,1.614,0.269,0.561,1.83
1.238,1.619,1.6,1.839,1.614,0.269,0.561,1.829
1.237,1.619,1.6,1.839,1.614,0.269,0.561,1.829
1.237,1.619,1.6,1.838,1.613,0.269,0.561,1.829
1.237,1.618,1.601,1.838,1.612,0.268,0.561,1.829
1.237,1.618,1.6,1.837,1.612,0.268,0.561,1.828
1.237,1.618,1.6,1.837,1.611,0.268,0.561,1.828
1.236,1.617,1.6,1.837,1.611,0.268,0.561,1.827
1.236,1.617,1.6,1.836,1.61,0.268,0.561,1.827
1.236,1.616,1.6,1.836,1.61,0.268,0.561,1.827
1.236,1.616,1.6,1.835,1.61,0.268,0.561,1.826
1.235,1.616,1.6,1.835,1.609,0.267,0.561,1.826
1.235,1.615,1.6,1.835,1.608,0.267,0.561,1.826
1.235,1.615,1.6,1.834,1.608,0.267,0.561,1.825
1.235,1.614,1.6,1.834,1.607,0.267,0.561,1.825
1.234,1.614,1.6,1.833,1.607,0.267,0.561,1.825
1.234,1.614,1.6,1.833,1.607,0.267,0.561,1.824
1.234,1.613,1.6,1.833,1.606,0.267,0.561,1.824
1.234,1.613,1.6,1.832,1.606,0.266,0.561,1.824
1.233,1.613,1.6,1.832,1.605,0.266,0.561,1.824
1.233,1.612,1.6,1.832,1.605,0.266,0.561,1.823
1.233,1.612,1.6,1.831,1.604,0.266,0.561,1.823
1.233,1.612,1.6,1.831,1.604,0.266,0.561,1.823
1.233,1.612,1.6,1.831,1.603,0.266,0.561,1.823
1.233,1.611,1.6,1.831,1.603,0.266,0.561,1.822
1.232,1.611,1.6,1.83,1.603,0.266,0.561,1.822
1.232,1.61,1.6,1.83,1.603,0.265,0.561,1.822
1.232,1.61,1.6,1.83,1.602,0.265,0.561,1.821
1.232,1.61,1.6,1.829,1.601,0.265,0.561,1.821
1.231,1.609,1.6,1.83,1.601,0.265,0.561,1.821
1.232,1.61,1.6,1.829,1.601,0.265,0.561,1.821
1.231,1.609,1.6,1.829,1.6,0.265,0.561,1.821
1.231,1.609,1.6,1.828,1.6,0.265,0.562,1.82
1.231,1.608,1.6,1.828,1.6,0.264,0.561,1.82
1.231,1.608,1.6,1.828,1.599,0.264,0.561,1.82
1.231,1.608,1.6,1.828,1.599,0.264,0.562,1.82
1.23,1.608,1.6,1.827,1.599,0.264,0.562,1.82
1.231,1.608,1.601,1.827,1.598,0.264,0.561,1.819
1.23,1.607,1.601,1.827,1.598,0.264,0.562,1.819
1.23,1.607,1.601,1.827,1.598,0.264,0.562,1.819
1.23,1.607,1.601,1.827,1.597,0.264,0.562,1.819
1.23,1.606,1.601,1.826,1.597,0.263,0.562,1.819
1.23,1.606,1.601,1.826,1.596,0.263,0.562,1.818
1.229,1.606,1.601,1.825,1.596,0.263,0.561,1.817
1.229,1.606,1.6,1.826,1.596,0.263,0.562,1.818
1.229,1.606,1.601,1.825,1.595,0.263,0.562,1.818
1.229,1.605,1.601,1.825,1.595,0.263,0.562,1.817
1.229,1.605,1.601,1.825,1.594,0.263,0.562,1.817
1.229,1.604,1.601,1.824,1.594,0.262,0.562,1.817
1.228,1.604,1.601,1.824,1.594,0.262,0.562,1.816
1.228,1.604,1.601,1.824,1.593,0.262,0.562,1.816
1.228,1.603,1.601,1.823,1.593,0.262,0.562,1.816
1.228,1.603,1.601,1.823,1.592,0.262,0.562,1.816
1.228,1.603,1.601,1.823,1.592,0.262,0.562,1.815
1.228,1.602,1.601,1.822,1.591,0.262,0.562,1.815
1.227,1.602,1.601,1.822,1.591,0.262,0.562,1.814
1.227,1.601,1.601,1.821,1.59,0.261,0.562,1.814
1.227,1.601,1.601,1.821,1.59,0.261,0.562,1.814
1.226,1.601,1.601,1.821,1.589,0.261,0.562,1.813
1.226,1.6,1.6,1.82,1.589,0.261,0.561,1.812
1.225,1.599,1.6,1.819,1.587,0.261,0.561,1.812
1.225,1.599,1.6,1.819,1.587,0.261,0.561,1.811
1.225,1.598,1.6,1.819,1.586,0.261,0.561,1.811
1.225,1.598,1.599,1.818,1.586,0.26,0.561,1.811
1.224,1.598,1.599,1.818,1.586,0.26,0.562,1.812
1.224,1.597,1.6,1.817,1.586,0.26,0.562,1.811
1.224,1.597,1.6,1.818,1.586,0.26,0.562,1.811
1.224,1.597,1.6,1.818,1.585,0.26,0.562,1.811
1.224,1.597,1.6,1.817,1.585,0.26,0.562,1.81
1.224,1.597,1.601,1.817,1.585,0.26,0.562,1.81
1.224,1.597,1.6,1.817,1.584,0.26,0.562,1.81
1.223,1.596,1.6,1.816,1.584,0.26,0.562,1.809
1.223,1.596,1.6,1.816,1.583,0.259,0.562,1.809
1.223,1.595,1.6,1.816,1.583,0.259,0.562,1.809
1.223,1.595,1.6,1.815,1.582,0.259,0.562,1.808
1.222,1.595,1.6,1.815,1.582,0.259,0.562,1.808
1.222,1.594,1.6,1.815,1.581,0.259,0.562,1.808
1.222,1.594,1.6,1.814,1.581,0.259,0.562,1.807
1.222,1.594,1.6,1.814,1.581,0.258,0.561,1.807
1.222,1.593,1.6,1.814,1.58,0.258,0.562,1.807
1.221,1.593,1.6,1.813,1.58,0.258,0.562,1.806
1.221,1.593,1.6,1.813,1.579,0.258,0.562,1.806
1.221,1.592,1.6,1.813,1.579,0.258,0.562,1.806
1.221,1.592,1.6,1.813,1.579,0.258,0.562,1.806
1.221,1.592,1.6,1.812,1.578,0.258,0.562,1.805
1.22,1.592,1.6,1.812,1.578,0.258,0.562,1.805
1.221,1.591,1.6,1.812,1.578,0.258,0.562,1.805
1.22,1.591,1.6,1.812,1.577,0.257,0.562,1.804
1.22,1.591,1.6,1.811,1.577,0.257,0.562,1.804
1.22,1.59,1.6,1.811,1.576,0.257,0.562,1.804
1.219,1.59,1.6,1.81,1.576,0.257,0.562,1.804
1.219,1.59,1.6,1.81,1.576,0.257,0.562,1.803
1.219,1.589,1.6,1.81,1.575,0.257,0.562,1.803
1.219,1.589,1.6,1.81,1.574,0.257,0.562,1.803
1.219,1.589,1.6,1.809,1.574,0.256,0.562,1.802
1.218,1.588,1.6,1.809,1.574,0.256,0.562,1.802
1.218,1.588,1.6,1.809,1.573,0.256,0.562,1.802
1.218,1.588,1.6,1.808,1.573,0.256,0.562,1.802
1.218,1.587,1.6,1.808,1.572,0.256,0.562,1.801
1.217,1.587,1.6,1.808,1.572,0.256,0.562,1.801
1.217,1.587,1.6,1.807,1.572,0.256,0.562,1.801
1.217,1.586,1.6,1.807,1.571,0.256,0.562,1.8
1.217,1.586,1.6,1.807,1.571,0.255,0.562,1.8
1.217,1.586,1.6,1.806,1.571,0.255,0.562,1.8
1.216,1.585,1.6,1.806,1.57,0.255,0.562,1.799
1.216,1.585,1.6,1.806,1.57,0.255,0.562,1.799
1.216,1.585,1.6,1.806,1.569,0.255,0.562,1.799
1.216,1.585,1.6,1.805,1.569,0.255,0.562,1.799
1.216,1.584,1.6,1.805,1.569,0.255,0.562,1.798
1.215,1.584,1.6,1.804,1.568,0.255,0.562,1.798
1.215,1.583,1.599,1.804,1.568,0.255,0.562,1.798
1.215,1.583,1.599,1.803,1.567,0.254,0.562,1.798
1.215,1.583,1.599,1.804,1.567,0.254,0.562,1.797
1.215,1.583,1.6,1.804,1.567,0.255,0.562,1.797
1.215,1.583,1.6,1.804,1.567,0.254,0.562,1.797
1.214,1.582,1.6,1.803,1.566,0.254,0.562,1.797
1.214,1.582,1.6,1.803,1.566,0.254,0.562,1.796
1.214,1.582,1.6,1.803,1.565,0.254,0.562,1.796
1.213,1.581,1.6,1.802,1.564,0.254,0.562,1.795
1.213,1.581,1.6,1.801,1.564,0.253,0.562,1.795
1.213,1.58,1.599,1.801,1.564,0.253,0.562,1.794
1.213,1.58,1.599,1.801,1.563,0.253,0.562,1.794
1.213,1.58,1.599,1.8,1.563,0.253,0.562,1.794
1.212,1.579,1.599,1.8,1.562,0.253,0.562,1.793
1.212,1.579,1.599,1.8,1.562,0.253,0.562,1.793
1.212,1.579,1.599,1.8,1.562,0.253,0.562,1.793
1.212,1.578,1.599,1.799,1.561,0.253,0.562,1.793
1.211,1.578,1.599,1.799,1.56,0.253,0.562,1.792
1.211,1.578,1.599,1.798,1.56,0.252,0.562,1.792
1.211,1.578,1.599,1.798,1.56,0.252,0.562,1.792
1.211,1.577,1.599,1.798,1.56,0.252,0.562,1.791
1.211,1.577,1.599,1.798,1.559,0.252,0.562,1.791
1.211,1.576,1.599,1.798,1.559,0.252,0.562,1.791
1.21,1.576,1.599,1.797,1.559,0.252,0.562,1.791
1.21,1.576,1.599,1.797,1.558,0.252,0.562,1.79
1.21,1.576,1.599,1.797,1.558,0.252,0.562,1.79
1.21,1.575,1.599,1.796,1.557,0.251,0.562,1.79
1.209,1.575,1.599,1.796,1.557,0.251,0.562,1.79
1.209,1.575,1.599,1.796,1.557,0.251,0.562,1.79
1.209,1.575,1.599,1.795,1.556,0.251,0.562,1.789
1.209,1.574,1.599,1.795,1.556,0.251,0.562,1.789
1.209,1.574,1.599,1.795,1.555,0.251,0.562,1.788
1.208,1.573,1.599,1.794,1.555,0.251,0.562,1.788
1.208,1.573,1.599,1.794,1.555,0.251,0.562,1.788
1.208,1.573,1.599,1.794,1.554,0.251,0.562,1.788
1.208,1.573,1.599,1.794,1.554,0.25,0.562,1.787
1.207,1.572,1.599,1.793,1.553,0.25,0.562,1.787
1.207,1.572,1.599,1.793,1.553,0.25,0.562,1.787
1.207,1.572,1.599,1.793,1.553,0.25,0.562,1.786
1.207,1.571,1.599,1.792,1.552,0.25,0.562,1.786
1.207,1.571,1.599,1.792,1.552,0.25,0.562,1.786
1.206,1.571,1.599,1.792,1.551,0.25,0.562,1.786
1.206,1.571,1.599,1.792,1.551,0.25,0.562,1.785
1.206,1.57,1.599,1.791,1.551,0.25,0.562,1.785
1.206,1.57,1.599,1.791,1.55,0.249,0.562,1.785
1.206,1.57,1.599,1.791,1.55,0.249,0.562,1.784
1.205,1.569,1.599,1.79,1.549,0.249,0.562,1.784
1.205,1.569,1.599,1.79,1.549,0.249,0.562,1.784
1.205,1.568,1.598,1.789,1.549,0.249,0.562,1.783
1.204,1.568,1.599,1.789,1.548,0.249,0.562,1.783
1.204,1.568,1.598,1.789,1.548,0.249,0.562,1.783
1.204,1.568,1.599,1.789,1.548,0.249,0.562,1.782
1.204,1.567,1.598,1.789,1.547,0.248,0.562,1.782
1.204,1.567,1.598,1.788,1.547,0.248,0.562,1.782
1.204,1.567,1.598,1.788,1.547,0.249,0.562,1.782
1.203,1.566,1.598,1.788,1.546,0.248,0.562,1.781
1.203,1.566,1.598,1.787,1.546,0.248,0.562,1.781
1.203,1.566,1.598,1.787,1.545,0.248,0.562,1.781
1.203,1.565,1.598,1.787,1.545,0.248,0.562,1.78
1.202,1.565,1.598,1.786,1.544,0.248,0.562,1.78
1.202,1.565,1.598,1.786,1.544,0.248,0.562,1.78
1.202,1.564,1.598,1.786,1.544,0.247,0.562,1.779
1.202,1.564,1.598,1.785,1.543,0.247,0.562,1.779
1.202,1.564,1.598,1.785,1.543,0.247,0.562,1.779
1.201,1.564,1.598,1.785,1.543,0.247,0.562,1.778
1.201,1.563,1.598,1.784,1.542,0.247,0.562,1.778
1.201,1.563,1.598,1.784,1.542,0.247,0.562,1.778
1.201,1.563,1.598,1.784,1.542,0.247,0.562,1.777
1.2,1.562,1.598,1.784,1.541,0.247,0.562,1.777
1.2,1.562,1.598,1.783,1.54,0.246,0.562,1.777
1.2,1.562,1.598,1.783,1.541,0.246,0.562,1.776
1.2,1.562,1.598,1.783,1.54,0.246,0.562,1.776
1.2,1.561,1.598,1.783,1.54,0.246,0.562,1.776
1.199,1.561,1.598,1.782,1.539,0.246,0.562,1.776
1.199,1.561,1.598,1.782,1.539,0.246,0.562,1.775
1.199,1.561,1.598,1.782,1.539,0.246,0.562,1.775
1.199,1.56,1.598,1.781,1.538,0.246,0.562,1.775
1.199,1.56,1.598,1.781,1.538,0.246,0.562,1.774
1.198,1.56,1.598,1.781,1.537,0.246,0.562,1.774
1.198,1.559,1.597,1.78,1.537,0.246,0.562,1.774
1.198,1.559,1.598,1.78,1.537,0.245,0.562,1.773
1.198,1.559,1.598,1.78,1.536,0.245,0.562,1.773
1.197,1.558,1.597,1.779,1.536,0.245,0.562,1.773
1.197,1.558,1.598,1.779,1.536,0.245,0.562,1.773
1.197,1.558,1.597,1.779,1.535,0.245,0.562,1.772
1.197,1.558,1.597,1.779,1.535,0.245,0.562,1.772
1.197,1.557,1.597,1.778,1.534,0.245,0.562,1.772
1.196,1.557,1.597,1.778,1.534,0.245,0.562,1.772
1.196,1.557,1.597,1.778,1.534,0.245,0.562,1.771
1.196,1.556,1.597,1.778,1.533,0.245,0.562,1.771
1.196,1.556,1.597,1.777,1.533,0.244,0.562,1.77
1.195,1.556,1.597,1.777,1.533,0.244,0.562,1.77
1.195,1.555,1.597,1.777,1.532,0.244,0.562,1.77
1.195,1.555,1.597,1.776,1.532,0.244,0.562,1.769
1.195,1.555,1.597,1.776,1.531,0.244,0.562,1.769
1.194,1.555,1.597,1.776,1.531,0.244,0.562,1.769
1.194,1.554,1.597,1.776,1.531,0.244,0.562,1.768
1.194,1.554,1.597,1.775,1.53,0.244,0.562,1.768
1.194,1.554,1.597,1.775,1.53,0.243,0.562,1.768
1.193,1.554,1.597,1.775,1.53,0.243,0.562,1.768
1.193,1.553,1.597,1.775,1.529,0.243,0.562,1.767
1.193,1.553,1.597,1.774,1.529,0.243,0.562,1.767
1.193,1.553,1.597,1.774,1.529,0.243,0.562,1.766
1.193,1.553,1.597,1.774,1.528,0.243,0.562,1.766
1.193,1.552,1.597,1.773,1.528,0.243,0.562,1.766
1.192,1.552,1.597,1.773,1.528,0.243,0.562,1.766
1.192,1.551,1.597,1.773,1.527,0.243,0.562,1.766
1.192,1.551,1.597,1.772,1.527,0.242,0.562,1.765
1.192,1.551,1.596,1.772,1.526,0.242,0.562,1.765
1.191,1.551,1.597,1.772,1.526,0.243,0.562,1.765
1.191,1.551,1.597,1.772,1.526,0.242,0.562,1.764
1.191,1.55,1.597,1.771,1.525,0.242,0.562,1.764
1.191,1.55,1.597,1.771,1.525,0.242,0.562,1.763
1.19,1.55,1.597,1.771,1.525,0.242,0.562,1.763
1.19,1.549,1.596,1.77,1.524,0.242,0.562,1.763
1.19,1.549,1.596,1.77,1.524,0.242,0.562,1.763
1.19,1.549,1.596,1.77,1.523,0.242,0.562,1.762
1.189,1.549,1.596,1.77,1.523,0.242,0.562,1.762
1.189,1.548,1.596,1.769,1.523,0.241,0.562,1.762
1.189,1.548,1.596,1.769,1.522,0.241,0.562,1.761
1.189,1.548,1.596,1.769,1.522,0.241,0.562,1.761
1.189,1.548,1.596,1.769,1.522,0.241,0.562,1.761
1.189,1.547,1.596,1.768,1.522,0.241,0.562,1.76
1.188,1.547,1.596,1.768,1.521,0.241,0.562,1.76
1.188,1.547,1.596,1.768,1.52,0.241,0.561,1.76
1.188,1.547,1.596,1.767,1.52,0.241,0.562,1.759
1.187,1.546,1.596,1.767,1.52,0.241,0.561,1.759
1.187,1.546,1.596,1.767,1.52,0.241,0.562,1.759
1.187,1.546,1.596,1.767,1.519,0.241,0.561,1.758
1.187,1.545,1.596,1.766,1.519,0.24,0.561,1.758
1.187,1.545,1.596,1.766,1.519,0.24,0.561,1.758
1.186,1.545,1.596,1.766,1.518,0.24,0.561,1.757
1.186,1.545,1.596,1.766,1.518,0.24,0.561,1.757
1.186,1.544,1.596,1.765,1.518,0.24,0.561,1.757
1.186,1.544,1.596,1.765,1.517,0.24,0.561,1.757
1.185,1.543,1.595,1.765,1.517,0.24,0.561,1.756
1.185,1.543,1.595,1.764,1.517,0.24,0.561,1.756
1.185,1.543,1.596,1.764,1.516,0.239,0.561,1.756
1.185,1.543,1.595,1.764,1.516,0.24,0.561,1.755
1.184,1.542,1.595,1.764,1.515,0.239,0.561,1.755
1.184,1.542,1.595,1.763,1.515,0.239,0.561,1.755
1.184,1.542,1.595,1.763,1.515,0.239,0.561,1.754
1.184,1.542,1.595,1.763,1.514,0.239,0.561,1.754
1.184,1.542,1.595,1.763,1.514,0.239,0.561,1.754
1.183,1.541,1.595,1.762,1.514,0.239,0.561,1.753
1.183,1.541,1.595,1.762,1.514,0.239,0.561,1.753
1.183,1.541,1.595,1.762,1.513,0.239,0.561,1.753
1.183,1.541,1.595,1.762,1.513,0.239,0.561,1.752
1.182,1.54,1.595,1.761,1.513,0.239,0.561,1.752
1.182,1.54,1.595,1.761,1.512,0.238,0.561,1.752
1.182,1.54,1.595,1.761,1.512,0.238,0.561,1.751
1.182,1.539,1.595,1.761,1.511,0.238,0.561,1.751
1.181,1.539,1.595,1.761,1.511,0.238,0.561,1.751
1.181,1.539,1.595,1.76,1.511,0.238,0.561,1.75
1.181,1.539,1.595,1.76,1.511,0.238,0.561,1.75
1.181,1.539,1.595,1.76,1.51,0.238,0.561,1.75
1.18,1.538,1.595,1.759,1.51,0.238,0.561,1.749
1.18,1.538,1.595,1.759,1.51,0.238,0.561,1.749
1.18,1.538,1.595,1.759,1.509,0.238,0.561,1.749
1.18,1.537,1.595,1.759,1.509,0.237,0.561,1.749
1.18,1.537,1.595,1.758,1.509,0.237,0.561,1.748
1.179,1.537,1.595,1.758,1.508,0.237,0.561,1.748
1.179,1.537,1.594,1.758,1.508,0.237,0.561,1.748
1.179,1.536,1.594,1.758,1.507,0.237,0.561,1.748
1.179,1.536,1.594,1.757,1.507,0.237,0.561,1.748
1.179,1.536,1.594,1.757,1.507,0.237,0.561,1.747
1.178,1.536,1.594,1.757,1.507,0.237,0.561,1.747
1.178,1.535,1.594,1.756,1.506,0.237,0.561,1.746
1.178,1.535,1.594,1.756,1.506,0.237,0.561,1.746
1.178,1.535,1.594,1.756,1.506,0.237,0.561,1.745
1.177,1.534,1.594,1.756,1.505,0.236,0.561,1.745
1.177,1.534,1.594,1.755,1.505,0.236,0.561,1.745
1.177,1.534,1.594,1.755,1.505,0.236,0.561,1.745
1.177,1.534,1.594,1.755,1.504,0.236,0.561,1.744
1.176,1.533,1.594,1.755,1.504,0.236,0.561,1.744
1.176,1.533,1.594,1.755,1.504,0.236,0.561,1.744
1.176,1.533,1.594,1.754,1.503,0.236,0.561,1.743
1.176,1.532,1.593,1.754,1.503,0.236,0.561,1.743
1.175,1.532,1.594,1.754,1.503,0.236,0.561,1.743
1.175,1.532,1.594,1.753,1.502,0.236,0.561,1.742
1.175,1.531,1.594,1.753,1.502,0.235,0.561,1.742
1.175,1.532,1.593,1.753,1.502,0.236,0.561,1.742
1.174,1.531,1.593,1.753,1.501,0.235,0.561,1.741
1.174,1.531,1.593,1.752,1.501,0.235,0.561,1.741
1.174,1.531,1.593,1.752,1.501,0.235,0.561,1.741
1.174,1.53,1.593,1.752,1.5,0.235,0.561,1.74
1.173,1.53,1.593,1.752,1.5,0.235,0.561,1.74
1.173,1.53,1.593,1.751,1.5,0.235,0.561,1.74
1.173,1.529,1.593,1.751,1.499,0.235,0.561,1.74
1.173,1.529,1.593,1.751,1.499,0.235,0.56,1.739
1.173,1.529,1.593,1.751,1.498,0.235,0.561,1.739
1.172,1.529,1.593,1.751,1.498,0.235,0.56,1.739
1.172,1.528,1.593,1.75,1.498,0.234,0.561,1.738
1.172,1.528,1.593,1.75,1.498,0.234,0.56,1.738
1.171,1.528,1.593,1.75,1.497,0.234,0.56,1.737
1.171,1.528,1.593,1.749,1.497,0.234,0.561,1.737
1.171,1.527,1.593,1.749,1.497,0.234,0.56,1.737
1.171,1.527,1.593,1.749,1.496,0.234,0.56,1.737
1.171,1.527,1.592,1.749,1.496,0.234,0.56,1.736
1.17,1.525,1.591,1.747,1.495,0.234,0.56,1.735
1.169,1.524,1.59,1.739,1.488,0.232,0.56,1.73
1.166,1.492,1.588,1.73,1.477,0.229,0.559,1.726
1.16,1.446,1.585,1.715,1.466,0.227,0.559,1.72
1.154,1.402,1.583,1.709,1.457,0.225,0.558,1.712
1.148,1.364,1.58,1.704,1.449,0.223,0.558,1.706
1.142,1.335,1.578,1.697,1.443,0.222,0.557,1.699
1.137,1.313,1.577,1.693,1.438,0.221,0.557,1.693
1.132,1.295,1.574,1.688,1.434,0.219,0.556,1.687
1.127,1.281,1.573,1.684,1.43,0.218,0.556,1.681
1.122,1.27,1.571,1.681,1.427,0.217,0.555,1.675
1.118,1.259,1.569,1.677,1.424,0.216,0.555,1.669
1.113,1.25,1.568,1.674,1.421,0.215,0.554,1.663
1.109,1.242,1.566,1.671,1.419,0.214,0.554,1.658
1.105,1.234,1.564,1.668,1.416,0.213,0.553,1.652
1.101,1.227,1.563,1.665,1.413,0.212,0.553,1.646
1.097,1.22,1.561,1.662,1.411,0.211,0.553,1.64
1.093,1.213,1.56,1.659,1.408,0.21,0.552,1.635
1.089,1.207,1.558,1.656,1.406,0.209,0.552,1.629
1.085,1.201,1.557,1.653,1.403,0.208,0.551,1.624
1.082,1.194,1.555,1.65,1.401,0.208,0.551,1.618
1.078,1.188,1.554,1.647,1.398,0.207,0.551,1.613
1.074,1.181,1.552,1.643,1.396,0.206,0.55,1.608
1.071,1.174,1.551,1.641,1.394,0.205,0.55,1.603
1.067,1.167,1.549,1.638,1.392,0.204,0.549,1.597
1.064,1.16,1.548,1.635,1.389,0.203,0.549,1.592
1.06,1.153,1.546,1.632,1.387,0.202,0.548,1.587
1.057,1.146,1.545,1.629,1.385,0.202,0.548,1.582
1.053,1.14,1.543,1.626,1.383,0.201,0.548,1.577
1.05,1.134,1.542,1.623,1.381,0.2,0.547,1.572
1.046,1.128,1.54,1.621,1.38,0.199,0.547,1.566
1.043,1.122,1.539,1.618,1.378,0.199,0.546,1.561
1.04,1.116,1.537,1.615,1.376,0.198,0.546,1.556
1.036,1.11,1.536,1.612,1.374,0.197,0.545,1.551
1.033,1.105,1.534,1.61,1.373,0.197,0.545,1.545
1.03,1.1,1.533,1.607,1.372,0.196,0.545,1.54
1.027,1.095,1.531,1.604,1.37,0.195,0.544,1.536
1.023,1.09,1.53,1.602,1.369,0.195,0.544,1.53
1.02,1.085,1.528,1.599,1.367,0.194,0.544,1.526
1.017,1.08,1.527,1.597,1.366,0.193,0.543,1.521
1.014,1.075,1.526,1.594,1.364,0.192,0.543,1.516
1.011,1.07,1.524,1.592,1.363,0.192,0.542,1.511
1.008,1.065,1.523,1.589,1.361,0.191,0.542,1.507
1.004,1.061,1.521,1.587,1.36,0.191,0.541,1.502
1.002,1.056,1.52,1.584,1.358,0.19,0.541,1.497
0.998,1.051,1.518,1.582,1.357,0.189,0.541,1.493
0.995,1.046,1.517,1.58,1.355,0.189,0.54,1.488
0.992,1.042,1.515,1.577,1.354,0.188,0.54,1.484
0.989,1.037,1.514,1.575,1.352,0.188,0.539,1.479
0.986,1.033,1.512,1.572,1.351,0.187,0.539,1.475
0.983,1.028,1.511,1.57,1.349,0.186,0.538,1.471
0.98,1.024,1.51,1.567,1.347,0.186,0.538,1.466
0.977,1.02,1.508,1.565,1.346,0.185,0.538,1.462
0.974,1.016,1.507,1.562,1.344,0.185,0.537,1.458
0.971,1.011,1.505,1.56,1.342,0.184,0.537,1.454
0.968,1.008,1.504,1.558,1.341,0.184,0.536,1.45
0.966,1.003,1.503,1.556,1.339,0.183,0.536,1.446
0.963,0.999,1.501,1.553,1.338,0.182,0.536,1.442
0.96,0.996,1.499,1.551,1.336,0.182,0.535,1.438
0.957,0.992,1.498,1.549,1.334,0.181,0.535,1.434
0.954,0.988,1.497,1.546,1.332,0.181,0.534,1.43
0.951,0.984,1.495,1.544,1.331,0.18,0.534,1.426
0.949,0.98,1.494,1.542,1.329,0.18,0.534,1.422
0.946,0.977,1.492,1.54,1.328,0.179,0.533,1.418
0.943,0.973,1.491,1.538,1.326,0.179,0.532,1.414
0.94,0.969,1.489,1.535,1.325,0.178,0.532,1.41
0.938,0.965,1.488,1.533,1.323,0.178,0.532,1.406
0.935,0.962,1.487,1.531,1.322,0.177,0.531,1.403
0.932,0.958,1.485,1.529,1.32,0.177,0.531,1.399
0.93,0.954,1.484,1.527,1.318,0.176,0.531,1.395
0.927,0.951,1.482,1.525,1.317,0.175,0.53,1.391
0.924,0.947,1.481,1.523,1.315,0.175,0.53,1.388
0.922,0.944,1.479,1.521,1.314,0.175,0.529,1.384
0.919,0.941,1.478,1.519,1.312,0.174,0.529,1.381
0.917,0.937,1.476,1.517,1.311,0.173,0.529,1.377
0.914,0.934,1.475,1.514,1.309,0.173,0.528,1.373
0.911,0.931,1.474,1.513,1.308,0.172,0.528,1.37
0.909,0.928,1.472,1.51,1.306,0.172,0.527,1.366
0.906,0.925,1.471,1.508,1.304,0.171,0.527,1.363
0.904,0.922,1.47,1.506,1.303,0.171,0.526,1.359
0.901,0.919,1.468,1.504,1.301,0.17,0.526,1.356
0.899,0.916,1.467,1.502,1.3,0.17,0.526,1.352
0.896,0.913,1.465,1.5,1.298,0.169,0.525,1.348
0.894,0.91,1.464,1.498,1.297,0.169,0.525,1.345
0.891,0.908,1.462,1.496,1.295,0.169,0.524,1.342
0.889,0.905,1.461,1.494,1.294,0.168,0.524,1.339
0.886,0.902,1.459,1.492,1.292,0.168,0.524,1.335
0.884,0.899,1.458,1.49,1.291,0.167,0.523,1.332
0.881,0.896,1.457,1.488,1.289,0.167,0.523,1.329
0.879,0.893,1.455,1.486,1.288,0.166,0.522,1.326
0.877,0.89,1.454,1.484,1.286,0.166,0.522,1.323
0.874,0.888,1.452,1.482,1.284,0.165,0.522,1.319
0.872,0.885,1.451,1.481,1.283,0.165,0.521,1.316
0.87,0.882,1.45,1.479,1.282,0.164,0.521,1.313
0.867,0.879,1.448,1.477,1.28,0.164,0.52,1.31
0.865,0.877,1.447,1.474,1.278,0.163,0.52,1.307
0.862,0.874,1.445,1.473,1.277,0.163,0.52,1.304
0.86,0.871,1.444,1.471,1.276,0.163,0.519,1.3
0.858,0.869,1.442,1.469,1.274,0.162,0.519,1.297
0.856,0.867,1.441,1.467,1.273,0.162,0.518,1.294
0.853,0.864,1.44,1.465,1.271,0.161,0.518,1.291
0.851,0.862,1.438,1.463,1.27,0.161,0.517,1.288
0.849,0.859,1.437,1.461,1.268,0.16,0.517,1.285
0.846,0.857,1.435,1.459,1.266,0.16,0.517,1.282
0.844,0.855,1.434,1.457,1.265,0.16,0.516,1.279
0.842,0.853,1.433,1.455,1.263,0.159,0.516,1.276
0.84,0.851,1.431,1.453,1.262,0.159,0.515,1.273
0.838,0.848,1.43,1.452,1.26,0.158,0.515,1.27
0.836,0.846,1.429,1.45,1.259,0.158,0.515,1.267
0.833,0.844,1.427,1.448,1.257,0.158,0.514,1.264
0.831,0.842,1.426,1.446,1.256,0.157,0.514,1.262
0.829,0.84,1.424,1.444,1.254,0.157,0.514,1.259
0.827,0.838,1.423,1.442,1.253,0.157,0.513,1.256
0.825,0.836,1.422,1.44,1.251,0.156,0.513,1.253
0.823,0.834,1.42,1.438,1.25,0.155,0.512,1.25
0.821,0.832,1.419,1.436,1.248,0.155,0.512,1.248
0.819,0.83,1.417,1.435,1.247,0.155,0.511,1.245
0.817,0.828,1.416,1.433,1.245,0.154,0.511,1.243
0.814,0.826,1.415,1.431,1.244,0.154,0.511,1.24
0.812,0.825,1.413,1.429,1.242,0.154,0.51,1.237
0.81,0.823,1.412,1.427,1.241,0.153,0.51,1.234
0.808,0.821,1.411,1.426,1.239,0.153,0.509,1.232
0.806,0.819,1.409,1.424,1.238,0.153,0.509,1.229
0.804,0.817,1.408,1.422,1.236,0.152,0.509,1.226
0.802,0.816,1.407,1.42,1.235,0.152,0.508,1.224
0.8,0.814,1.405,1.418,1.233,0.152,0.508,1.222
0.798,0.812,1.404,1.416,1.232,0.151,0.508,1.219
0.796,0.81,1.403,1.414,1.23,0.151,0.507,1.217
0.794,0.808,1.401,1.413,1.229,0.15,0.507,1.214
0.792,0.806,1.4,1.411,1.228,0.15,0.507,1.212
0.79,0.804,1.398,1.409,1.226,0.15,0.506,1.209
0.789,0.802,1.397,1.408,1.225,0.15,0.506,1.207
0.787,0.801,1.396,1.406,1.223,0.149,0.505,1.204
0.785,0.799,1.394,1.404,1.222,0.149,0.505,1.202
0.783,0.797,1.393,1.403,1.221,0.148,0.505,1.2
0.781,0.795,1.392,1.401,1.219,0.148,0.504,1.197
0.779,0.794,1.39,1.399,1.218,0.148,0.504,1.194
0.777,0.792,1.389,1.397,1.217,0.147,0.503,1.192
0.775,0.79,1.388,1.396,1.216,0.147,0.503,1.19
0.773,0.788,1.386,1.394,1.214,0.147,0.503,1.187
0.771,0.786,1.385,1.393,1.213,0.146,0.502,1.185
0.77,0.784,1.384,1.391,1.212,0.146,0.502,1.183
0.768,0.783,1.383,1.389,1.211,0.146,0.502,1.18
0.766,0.781,1.381,1.388,1.209,0.145,0.501,1.178
0.764,0.779,1.38,1.386,1.208,0.145,0.501,1.176
0.762,0.778,1.379,1.384,1.206,0.145,0.5,1.173
0.761,0.776,1.378,1.383,1.205,0.145,0.5,1.171
0.759,0.774,1.376,1.382,1.204,0.144,0.5,1.169
0.757,0.773,1.375,1.38,1.202,0.144,0.499,1.166
0.755,0.772,1.374,1.378,1.201,0.144,0.499,1.164
0.754,0.77,1.372,1.377,1.2,0.143,0.498,1.162
0.752,0.769,1.371,1.375,1.199,0.143,0.498,1.16
0.75,0.768,1.37,1.374,1.197,0.143,0.498,1.157
0.749,0.766,1.369,1.372,1.196,0.142,0.497,1.155
0.747,0.765,1.367,1.371,1.195,0.142,0.497,1.153
0.745,0.763,1.366,1.369,1.193,0.142,0.497,1.151
0.743,0.762,1.365,1.367,1.192,0.142,0.496,1.149
0.742,0.76,1.364,1.366,1.191,0.141,0.496,1.147
0.74,0.759,1.362,1.364,1.189,0.141,0.496,1.144
0.738,0.757,1.361,1.363,1.188,0.141,0.495,1.142
0.737,0.756,1.36,1.361,1.186,0.14,0.495,1.14
0.735,0.755,1.359,1.36,1.185,0.14,0.494,1.138
0.733,0.753,1.357,1.358,1.184,0.14,0.494,1.136
0.732,0.752,1.356,1.357,1.183,0.139,0.494,1.134
0.73,0.75,1.355,1.355,1.181,0.139,0.493,1.132
0.729,0.749,1.353,1.354,1.18,0.139,0.493,1.129
0.727,0.748,1.352,1.352,1.179,0.139,0.493,1.127
0.725,0.746,1.351,1.351,1.178,0.138,0.492,1.125
0.724,0.745,1.35,1.349,1.176,0.138,0.492,1.123
0.722,0.744,1.349,1.347,1.175,0.138,0.491,1.121
0.721,0.743,1.347,1.346,1.174,0.138,0.491,1.119
0.719,0.742,1.346,1.345,1.173,0.137,0.491,1.117
0.718,0.74,1.345,1.343,1.171,0.137,0.49,1.115
0.716,0.739,1.344,1.342,1.17,0.137,0.49,1.113
0.714,0.738,1.343,1.341,1.169,0.137,0.49,1.111
0.713,0.737,1.341,1.339,1.168,0.136,0.489,1.11
0.711,0.735,1.34,1.338,1.166,0.136,0.489,1.108
0.71,0.734,1.339,1.336,1.165,0.136,0.489,1.106
0.708,0.733,1.338,1.335,1.164,0.135,0.488,1.104
0.707,0.732,1.336,1.333,1.163,0.135,0.488,1.102
0.705,0.73,1.335,1.333,1.162,0.135,0.488,1.1
0.704,0.729,1.334,1.331,1.161,0.135,0.487,1.098
0.702,0.728,1.333,1.33,1.159,0.134,0.487,1.096
0.701,0.726,1.332,1.328,1.158,0.134,0.486,1.094
0.699,0.725,1.33,1.327,1.157,0.134,0.486,1.092
0.698,0.724,1.329,1.326,1.156,0.133,0.486,1.091
0.697,0.723,1.328,1.324,1.155,0.133,0.485,1.089
0.695,0.721,1.327,1.323,1.154,0.133,0.485,1.087
0.694,0.72,1.325,1.322,1.153,0.133,0.485,1.085
0.692,0.719,1.324,1.32,1.152,0.133,0.484,1.083
0.691,0.718,1.323,1.319,1.15,0.132,0.484,1.081
0.689,0.716,1.322,1.318,1.15,0.132,0.484,1.079
0.688,0.715,1.321,1.317,1.148,0.132,0.483,1.078
0.686,0.714,1.32,1.315,1.147,0.131,0.483,1.076
0.685,0.713,1.318,1.314,1.146,0.131,0.483,1.074
0.684,0.712,1.317,1.313,1.145,0.131,0.482,1.072
0.682,0.711,1.316,1.311,1.144,0.131,0.482,1.071
0.681,0.71,1.315,1.31,1.143,0.131,0.482,1.069
0.68,0.709,1.314,1.309,1.142,0.13,0.481,1.067
0.678,0.708,1.313,1.308,1.141,0.13,0.481,1.065
0.677,0.707,1.311,1.307,1.14,0.13,0.481,1.064
0.675,0.705,1.31,1.305,1.138,0.13,0.48,1.062
0.674,0.704,1.309,1.304,1.137,0.129,0.48,1.06
0.673,0.703,1.308,1.303,1.136,0.129,0.48,1.058
0.671,0.702,1.307,1.301,1.135,0.129,0.479,1.056
0.67,0.701,1.305,1.3,1.134,0.129,0.479,1.055
0.669,0.7,1.304,1.298,1.133,0.128,0.479,1.053
0.667,0.699,1.303,1.297,1.132,0.128,0.478,1.051
0.666,0.698,1.302,1.296,1.131,0.128,0.478,1.05
0.665,0.697,1.301,1.294,1.129,0.128,0.478,1.048
0.663,0.696,1.3,1.293,1.129,0.128,0.477,1.046
0.662,0.695,1.298,1.292,1.128,0.127,0.477,1.045
0.661,0.694,1.298,1.291,1.126,0.127,0.477,1.043
0.66,0.693,1.296,1.29,1.125,0.127,0.476,1.041
0.658,0.692,1.295,1.288,1.124,0.127,0.476,1.039
0.657,0.691,1.294,1.287,1.123,0.126,0.476,1.038
0.656,0.69,1.293,1.286,1.122,0.126,0.475,1.036
0.655,0.689,1.292,1.284,1.121,0.126,0.475,1.034
0.653,0.689,1.291,1.283,1.12,0.126,0.475,1.033
0.652,0.688,1.289,1.282,1.119,0.126,0.474,1.031
0.651,0.687,1.288,1.281,1.118,0.125,0.474,1.029
0.65,0.686,1.287,1.28,1.117,0.125,0.474,1.028
0.648,0.685,1.286,1.278,1.116,0.125,0.473,1.026
0.647,0.684,1.285,1.277,1.114,0.125,0.473,1.025
0.646,0.683,1.284,1.276,1.113,0.125,0.473,1.023
0.645,0.682,1.283,1.275,1.112,0.124,0.472,1.022
0.643,0.681,1.281,1.274,1.111,0.124,0.472,1.02
0.642,0.68,1.28,1.272,1.11,0.124,0.472,1.018
0.641,0.679,1.279,1.271,1.109,0.124,0.471,1.017
0.64,0.678,1.278,1.27,1.108,0.124,0.471,1.015
0.639,0.677,1.277,1.269,1.107,0.123,0.471,1.014
0.638,0.676,1.276,1.268,1.106,0.123,0.47,1.012
0.636,0.675,1.275,1.266,1.105,0.123,0.47,1.011
0.635,0.674,1.274,1.265,1.104,0.123,0.47,1.009
0.634,0.673,1.273,1.264,1.103,0.123,0.47,1.008
0.633,0.672,1.272,1.263,1.102,0.122,0.469,1.006
0.632,0.671,1.271,1.262,1.1,0.122,0.469,1.004
0.631,0.67,1.27,1.26,1.1,0.122,0.469,1.003
0.63,0.669,1.268,1.259,1.098,0.122,0.468,1.001
0.628,0.668,1.267,1.258,1.097,0.122,0.468,1.0
0.627,0.668,1.266,1.257,1.096,0.122,0.468,0.998
0.626,0.667,1.265,1.256,1.095,0.121,0.467,0.997
0.625,0.666,1.264,1.255,1.094,0.121,0.467,0.995
0.624,0.665,1.263,1.254,1.094,0.121,0.467,0.994
0.623,0.664,1.262,1.253,1.093,0.121,0.466,0.992
0.622,0.663,1.261,1.252,1.092,0.121,0.466,0.991
0.621,0.663,1.26,1.251,1.091,0.12,0.466,0.989
0.619,0.662,1.259,1.249,1.09,0.12,0.465,0.988
0.618,0.661,1.258,1.249,1.089,0.12,0.465,0.987
0.617,0.66,1.257,1.247,1.088,0.12,0.465,0.985
0.616,0.659,1.256,1.246,1.087,0.12,0.464,0.984
0.615,0.658,1.255,1.245,1.086,0.12,0.464,0.982
0.614,0.658,1.254,1.244,1.085,0.12,0.464,0.981
0.613,0.657,1.253,1.243,1.084,0.119,0.464,0.979
0.612,0.656,1.251,1.242,1.083,0.119,0.463,0.978
0.611,0.655,1.25,1.241,1.082,0.119,0.463,0.976
0.61,0.654,1.249,1.24,1.081,0.119,0.463,0.975
0.609,0.654,1.248,1.239,1.08,0.119,0.462,0.974
0.608,0.653,1.247,1.237,1.079,0.119,0.462,0.972
0.606,0.652,1.246,1.236,1.078,0.118,0.462,0.971
0.606,0.651,1.245,1.235,1.077,0.118,0.461,0.97
0.604,0.651,1.244,1.234,1.076,0.118,0.461,0.968
0.603,0.65,1.243,1.233,1.075,0.118,0.461,0.967
0.602,0.649,1.242,1.232,1.074,0.118,0.46,0.965
0.601,0.648,1.241,1.231,1.073,0.118,0.46,0.964
0.6,0.647,1.24,1.229,1.072,0.117,0.46,0.963
0.599,0.646,1.239,1.228,1.071,0.117,0.46,0.962
0.598,0.645,1.238,1.227,1.07,0.117,0.459,0.96
0.597,0.645,1.237,1.226,1.069,0.117,0.459,0.959
0.596,0.644,1.236,1.225,1.068,0.117,0.459,0.957
0.595,0.643,1.235,1.224,1.067,0.117,0.458,0.956
0.594,0.642,1.234,1.223,1.067,0.117,0.458,0.955
0.593,0.642,1.233,1.222,1.066,0.116,0.458,0.954
0.592,0.641,1.232,1.221,1.065,0.116,0.457,0.952
0.591,0.64,1.231,1.22,1.064,0.116,0.457,0.951
0.59,0.639,1.23,1.219,1.063,0.116,0.457,0.949
0.589,0.639,1.229,1.218,1.062,0.116,0.457,0.948
0.588,0.638,1.227,1.217,1.061,0.116,0.456,0.947
0.587,0.637,1.227,1.216,1.06,0.115,0.456,0.946
0.586,0.637,1.226,1.215,1.059,0.115,0.456,0.944
0.586,0.636,1.225,1.214,1.058,0.115,0.455,0.943
0.584,0.635,1.224,1.213,1.057,0.115,0.455,0.942
0.584,0.634,1.223,1.212,1.057,0.115,0.455,0.941
0.583,0.634,1.222,1.21,1.055,0.115,0.455,0.939
0.582,0.633,1.221,1.209,1.055,0.115,0.454,0.938
0.581,0.632,1.219,1.208,1.053,0.115,0.454,0.937
0.58,0.631,1.218,1.207,1.053,0.114,0.454,0.936
0.579,0.631,1.217,1.206,1.052,0.114,0.453,0.934
0.578,0.63,1.217,1.205,1.051,0.114,0.453,0.933
0.577,0.629,1.216,1.204,1.05,0.114,0.453,0.932
0.576,0.628,1.214,1.203,1.049,0.114,0.452,0.931
0.575,0.627,1.214,1.202,1.048,0.114,0.452,0.93
0.574,0.627,1.213,1.201,1.048,0.114,0.452,0.928
0.573,0.626,1.212,1.2,1.047,0.113,0.451,0.927
0.573,0.625,1.211,1.199,1.046,0.113,0.451,0.926
0.572,0.625,1.21,1.198,1.045,0.113,0.451,0.925
0.571,0.624,1.209,1.197,1.044,0.113,0.451,0.924
0.57,0.623,1.208,1.196,1.043,0.113,0.45,0.923
0.569,0.623,1.207,1.195,1.042,0.113,0.45,0.921
0.568,0.622,1.206,1.194,1.042,0.113,0.45,0.92
0.567,0.621,1.205,1.193,1.041,0.112,0.45,0.919
0.566,0.621,1.204,1.192,1.04,0.112,0.449,0.918
0.565,0.62,1.203,1.191,1.039,0.112,0.449,0.917
0.565,0.619,1.202,1.19,1.038,0.112,0.449,0.916
0.564,0.619,1.201,1.19,1.037,0.112,0.448,0.914
0.563,0.618,1.2,1.189,1.036,0.112,0.448,0.913
0.562,0.617,1.199,1.188,1.036,0.112,0.448,0.912
0.561,0.617,1.198,1.186,1.035,0.112,0.448,0.911
0.56,0.616,1.197,1.186,1.034,0.112,0.447,0.91
0.559,0.615,1.196,1.185,1.033,0.111,0.447,0.909
0.559,0.615,1.195,1.184,1.032,0.111,0.447,0.908
0.558,0.614,1.194,1.183,1.032,0.111,0.447,0.907
0.557,0.613,1.193,1.182,1.031,0.111,0.446,0.905
0.556,0.613,1.192,1.181,1.03,0.111,0.446,0.904
0.555,0.612,1.191,1.18,1.029,0.111,0.446,0.903
0.554,0.612,1.19,1.179,1.028,0.111,0.445,0.902
0.553,0.611,1.19,1.178,1.028,0.111,0.445,0.901
0.553,0.61,1.188,1.177,1.027,0.11,0.445,0.9
0.552,0.61,1.188,1.176,1.026,0.11,0.445,0.899
0.551,0.609,1.187,1.175,1.025,0.11,0.444,0.897
0.55,0.609,1.186,1.175,1.024,0.11,0.444,0.896
0.549,0.608,1.185,1.174,1.023,0.11,0.444,0.895
0.549,0.607,1.184,1.173,1.023,0.11,0.444,0.894
0.548,0.606,1.183,1.172,1.022,0.11,0.443,0.893
0.547,0.606,1.182,1.171,1.021,0.11,0.443,0.892
0.546,0.605,1.181,1.17,1.02,0.11,0.443,0.891
0.545,0.605,1.18,1.169,1.019,0.109,0.442,0.89
0.545,0.604,1.179,1.168,1.019,0.109,0.442,0.889
0.544,0.603,1.178,1.167,1.018,0.109,0.442,0.888
0.543,0.603,1.177,1.166,1.017,0.109,0.442,0.887
0.542,0.602,1.176,1.165,1.016,0.109,0.441,0.886
0.541,0.602,1.176,1.164,1.016,0.109,0.441,0.885
0.54,0.601,1.175,1.164,1.015,0.109,0.441,0.884
0.54,0.601,1.174,1.163,1.014,0.109,0.441,0.883
0.539,0.6,1.173,1.162,1.013,0.108,0.44,0.882
0.538,0.6,1.172,1.161,1.013,0.108,0.44,0.881
0.537,0.599,1.171,1.16,1.012,0.108,0.44,0.88
0.537,0.599,1.17,1.159,1.011,0.108,0.44,0.879
0.536,0.598,1.169,1.158,1.01,0.108,0.439,0.877
0.535,0.598,1.168,1.157,1.01,0.108,0.439,0.876
0.534,0.597,1.168,1.156,1.009,0.108,0.439,0.876
0.534,0.597,1.166,1.155,1.008,0.108,0.438,0.874
0.533,0.596,1.165,1.155,1.008,0.107,0.438,0.874
0.532,0.595,1.165,1.154,1.007,0.108,0.438,0.873
0.531,0.595,1.164,1.153,1.006,0.107,0.438,0.872
0.531,0.594,1.163,1.152,1.005,0.107,0.438,0.871
0.53,0.594,1.162,1.151,1.005,0.107,0.437,0.87
0.529,0.593,1.161,1.15,1.004,0.107,0.437,0.868
0.528,0.593,1.16,1.149,1.003,0.107,0.437,0.867
0.528,0.592,1.159,1.148,1.002,0.107,0.437,0.866
0.527,0.592,1.158,1.147,1.001,0.107,0.436,0.865
0.526,0.591,1.157,1.146,1.001,0.107,0.436,0.864
0.525,0.591,1.157,1.146,1.0,0.106,0.435,0.863
0.525,0.59,1.156,1.145,0.999,0.106,0.435,0.862
0.524,0.59,1.155,1.144,0.998,0.106,0.435,0.861
0.523,0.589,1.154,1.143,0.998,0.106,0.435,0.86
0.522,0.589,1.153,1.142,0.997,0.106,0.434,0.859
0.522,0.588,1.152,1.141,0.996,0.106,0.434,0.858
0.521,0.588,1.151,1.14,0.995,0.106,0.434,0.857
0.52,0.588,1.151,1.139,0.994,0.106,0.434,0.856
0.52,0.587,1.15,1.138,0.993,0.106,0.433,0.855
0.519,0.587,1.149,1.138,0.992,0.106,0.433,0.854
0.518,0.586,1.148,1.137,0.992,0.106,0.433,0.853
0.518,0.586,1.147,1.136,0.991,0.106,0.433,0.852
0.517,0.585,1.146,1.135,0.99,0.105,0.433,0.851
0.516,0.585,1.146,1.134,0.989,0.105,0.432,0.851
0.515,0.585,1.145,1.133,0.989,0.105,0.432,0.849
0.515,0.584,1.144,1.132,0.988,0.105,0.432,0.849
0.514,0.583,1.143,1.131,0.987,0.105,0.432,0.847
0.513,0.583,1.142,1.131,0.986,0.105,0.431,0.847
0.513,0.582,1.141,1.13,0.985,0.105,0.431,0.846
0.512,0.582,1.141,1.129,0.985,0.105,0.431,0.845
0.511,0.581,1.14,1.128,0.984,0.105,0.431,0.844
0.511,0.581,1.139,1.127,0.983,0.105,0.43,0.843
0.51,0.58,1.138,1.126,0.982,0.104,0.43,0.842
0.509,0.58,1.137,1.125,0.982,0.104,0.43,0.841
0.509,0.579,1.136,1.125,0.981,0.104,0.429,0.841
0.508,0.579,1.136,1.124,0.98,0.104,0.429,0.84
0.507,0.579,1.135,1.123,0.98,0.104,0.429,0.839
0.507,0.578,1.134,1.122,0.979,0.104,0.429,0.838
0.506,0.577,1.133,1.121,0.979,0.104,0.429,0.837
0.505,0.577,1.132,1.121,0.978,0.104,0.428,0.836
0.505,0.577,1.132,1.12,0.977,0.104,0.428,0.836
0.504,0.576,1.131,1.119,0.976,0.104,0.428,0.835
0.503,0.576,1.13,1.118,0.976,0.103,0.428,0.834
0.503,0.575,1.129,1.118,0.975,0.103,0.427,0.833
0.502,0.575,1.128,1.116,0.974,0.103,0.427,0.832
0.501,0.574,1.128,1.116,0.974,0.103,0.427,0.831
0.501,0.574,1.127,1.115,0.973,0.103,0.427,0.83
0.5,0.573,1.126,1.114,0.972,0.103,0.426,0.829
0.499,0.573,1.125,1.113,0.971,0.103,0.426,0.828
0.499,0.573,1.124,1.113,0.971,0.103,0.426,0.828
0.498,0.572,1.123,1.112,0.97,0.103,0.425,0.826
0.498,0.572,1.123,1.111,0.969,0.103,0.425,0.826
0.497,0.571,1.122,1.11,0.969,0.103,0.425,0.825
0.496,0.571,1.121,1.109,0.968,0.103,0.425,0.824
0.496,0.57,1.12,1.108,0.967,0.102,0.425,0.823
0.495,0.57,1.119,1.108,0.967,0.103,0.424,0.823
0.494,0.57,1.119,1.107,0.966,0.102,0.424,0.822
0.494,0.57,1.118,1.106,0.965,0.102,0.424,0.821
0.493,0.569,1.117,1.105,0.965,0.102,0.424,0.82
0.493,0.569,1.116,1.104,0.964,0.102,0.423,0.819
0.492,0.568,1.115,1.104,0.964,0.102,0.423,0.819
0.491,0.568,1.114,1.103,0.963,0.102,0.423,0.818
0.491,0.567,1.114,1.102,0.962,0.102,0.423,0.817
0.49,0.567,1.113,1.101,0.961,0.102,0.423,0.816
0.49,0.566,1.112,1.1,0.961,0.102,0.422,0.815
0.489,0.566,1.111,1.1,0.96,0.102,0.422,0.815
0.488,0.565,1.11,1.099,0.959,0.102,0.422,0.814
0.488,0.565,1.11,1.098,0.959,0.102,0.421,0.813
0.487,0.565,1.109,1.097,0.958,0.101,0.421,0.812
0.486,0.564,1.108,1.096,0.958,0.101,0.421,0.812
0.486,0.564,1.107,1.096,0.957,0.101,0.421,0.811
0.485,0.563,1.106,1.095,0.956,0.101,0.42,0.81
0.485,0.563,1.105,1.094,0.956,0.101,0.42,0.809
0.484,0.563,1.105,1.093,0.955,0.101,0.42,0.808
0.483,0.562,1.104,1.092,0.954,0.101,0.42,0.808
0.483,0.561,1.103,1.091,0.954,0.101,0.42,0.807
0.482,0.561,1.102,1.091,0.954,0.101,0.419,0.806
0.482,0.56,1.102,1.09,0.953,0.101,0.419,0.805
0.481,0.56,1.101,1.089,0.952,0.101,0.419,0.804
0.481,0.559,1.1,1.089,0.952,0.1,0.419,0.804
0.48,0.559,1.099,1.088,0.951,0.1,0.418,0.803
0.479,0.558,1.099,1.087,0.951,0.1,0.418,0.802
0.479,0.558,1.098,1.086,0.95,0.1,0.418,0.802
0.478,0.557,1.097,1.086,0.949,0.1,0.418,0.801
0.477,0.557,1.096,1.085,0.949,0.1,0.417,0.8
0.477,0.557,1.096,1.084,0.948,0.1,0.417,0.799
0.477,0.556,1.095,1.083,0.948,0.1,0.417,0.798
0.476,0.556,1.094,1.083,0.947,0.1,0.417,0.798
0.475,0.555,1.093,1.082,0.946,0.1,0.416,0.797
0.475,0.555,1.092,1.081,0.946,0.1,0.416,0.796
0.474,0.554,1.092,1.08,0.945,0.1,0.416,0.795
0.474,0.554,1.091,1.08,0.944,0.1,0.416,0.795
0.473,0.554,1.09,1.079,0.944,0.1,0.416,0.794
0.472,0.553,1.089,1.078,0.943,0.099,0.415,0.793
0.472,0.553,1.089,1.077,0.943,0.099,0.415,0.793
0.471,0.553,1.088,1.077,0.942,0.099,0.415,0.792
0.471,0.552,1.087,1.076,0.941,0.099,0.415,0.791
0.47,0.552,1.086,1.075,0.941,0.099,0.414,0.79
0.47,0.551,1.086,1.075,0.94,0.099,0.414,0.79
0.469,0.551,1.085,1.074,0.94,0.099,0.414,0.789
0.469,0.55,1.084,1.073,0.939,0.099,0.414,0.788
0.468,0.55,1.083,1.072,0.938,0.099,0.414,0.787
0.468,0.55,1.083,1.072,0.938,0.099,0.413,0.787
0.467,0.549,1.082,1.071,0.937,0.099,0.413,0.786
0.467,0.549,1.081,1.07,0.937,0.099,0.413,0.785
0.466,0.548,1.08,1.07,0.936,0.099,0.413,0.784
0.465,0.548,1.08,1.069,0.935,0.099,0.413,0.784
0.465,0.548,1.079,1.068,0.935,0.098,0.412,0.783
0.465,0.547,1.078,1.067,0.934,0.099,0.412,0.782
0.464,0.547,1.077,1.066,0.933,0.099,0.412,0.781
0.463,0.546,1.077,1.066,0.933,0.098,0.412,0.781
0.463,0.546,1.076,1.065,0.932,0.098,0.411,0.78
0.462,0.546,1.075,1.064,0.932,0.098,0.411,0.779
0.462,0.545,1.075,1.064,0.931,0.098,0.411,0.778
0.461,0.545,1.074,1.063,0.93,0.098,0.411,0.778
0.461,0.544,1.073,1.063,0.93,0.098,0.411,0.777
0.46,0.544,1.073,1.062,0.929,0.098,0.41,0.776
0.46,0.544,1.072,1.061,0.928,0.098,0.41,0.775
0.459,0.543,1.071,1.061,0.928,0.098,0.41,0.775
0.459,0.543,1.07,1.06,0.927,0.098,0.41,0.774
0.458,0.542,1.069,1.059,0.927,0.098,0.409,0.773
0.458,0.542,1.069,1.059,0.926,0.098,0.409,0.773
0.457,0.542,1.068,1.058,0.925,0.098,0.409,0.772
0.457,0.542,1.067,1.057,0.925,0.098,0.409,0.771
0.456,0.541,1.067,1.057,0.924,0.097,0.409,0.77
0.456,0.541,1.066,1.056,0.924,0.097,0.408,0.77
0.455,0.54,1.065,1.055,0.923,0.097,0.408,0.769
0.455,0.54,1.065,1.055,0.923,0.097,0.408,0.768
0.454,0.54,1.064,1.054,0.922,0.097,0.408,0.768
0.454,0.539,1.063,1.053,0.921,0.097,0.408,0.767
0.453,0.539,1.062,1.052,0.921,0.097,0.407,0.766
0.453,0.538,1.061,1.052,0.92,0.097,0.407,0.765
0.452,0.538,1.061,1.051,0.92,0.097,0.407,0.765
0.452,0.538,1.06,1.05,0.919,0.097,0.407,0.764
0.451,0.538,1.059,1.05,0.918,0.097,0.406,0.763
0.451,0.537,1.059,1.049,0.918,0.097,0.406,0.763
0.45,0.537,1.058,1.048,0.917,0.097,0.406,0.762
0.45,0.537,1.057,1.048,0.917,0.097,0.406,0.761
0.449,0.536,1.057,1.047,0.916,0.097,0.406,0.761
0.449,0.536,1.056,1.046,0.916,0.097,0.405,0.76
0.448,0.535,1.055,1.045,0.915,0.096,0.405,0.759
0.448,0.535,1.055,1.045,0.914,0.096,0.405,0.759
0.447,0.535,1.054,1.044,0.914,0.097,0.405,0.758
0.447,0.534,1.053,1.043,0.913,0.096,0.404,0.758
0.446,0.534,1.053,1.043,0.913,0.096,0.404,0.757
0.446,0.534,1.052,1.042,0.912,0.096,0.404,0.756
0.445,0.533,1.051,1.041,0.912,0.096,0.404,0.756
0.445,0.533,1.051,1.041,0.911,0.096,0.404,0.755
0.444,0.532,1.05,1.04,0.91,0.096,0.404,0.754
0.444,0.532,1.049,1.04,0.91,0.096,0.403,0.754
0.444,0.531,1.049,1.039,0.909,0.096,0.403,0.753
0.443,0.531,1.048,1.038,0.909,0.096,0.403,0.752
0.443,0.531,1.047,1.037,0.908,0.096,0.403,0.752
0.442,0.53,1.047,1.037,0.907,0.096,0.402,0.751
0.442,0.53,1.046,1.036,0.907,0.096,0.402,0.751
0.441,0.529,1.045,1.035,0.906,0.096,0.402,0.75
0.441,0.529,1.044,1.035,0.906,0.096,0.402,0.749
0.44,0.528,1.044,1.034,0.905,0.096,0.402,0.749
0.44,0.528,1.043,1.033,0.905,0.095,0.401,0.748
0.439,0.528,1.042,1.033,0.904,0.095,0.401,0.747
0.439,0.527,1.042,1.032,0.903,0.095,0.401,0.747
0.438,0.527,1.041,1.032,0.903,0.096,0.401,0.746
0.438,0.526,1.041,1.031,0.902,0.095,0.401,0.746
0.438,0.526,1.04,1.03,0.902,0.095,0.4,0.745
0.437,0.526,1.039,1.029,0.901,0.095,0.4,0.744
0.437,0.525,1.039,1.029,0.901,0.095,0.4,0.744
0.436,0.525,1.038,1.028,0.9,0.095,0.4,0.743
0.436,0.525,1.037,1.028,0.9,0.095,0.399,0.742
0.435,0.525,1.037,1.027,0.899,0.095,0.399,0.742
0.435,0.524,1.036,1.026,0.898,0.095,0.399,0.741
0.434,0.524,1.035,1.025,0.898,0.095,0.399,0.74
0.434,0.523,1.034,1.025,0.897,0.095,0.399,0.74
0.434,0.523,1.034,1.024,0.897,0.095,0.398,0.739
0.433,0.523,1.033,1.023,0.896,0.095,0.398,0.739
0.433,0.522,1.032,1.023,0.896,0.095,0.398,0.738
0.432,0.522,1.032,1.022,0.895,0.095,0.398,0.737
0.432,0.522,1.031,1.021,0.895,0.095,0.398,0.737
0.431,0.521,1.03,1.021,0.894,0.095,0.397,0.736
0.431,0.521,1.03,1.02,0.894,0.095,0.397,0.735
0.43,0.521,1.029,1.02,0.893,0.094,0.397,0.735
0.43,0.52,1.028,1.019,0.892,0.094,0.397,0.734
0.43,0.52,1.028,1.018,0.892,0.094,0.397,0.733
0.429,0.52,1.027,1.018,0.891,0.094,0.396,0.733
0.429,0.519,1.026,1.017,0.891,0.094,0.396,0.732
0.428,0.519,1.026,1.016,0.89,0.094,0.396,0.732
0.428,0.519,1.025,1.016,0.89,0.094,0.396,0.731
0.427,0.518,1.024,1.015,0.889,0.094,0.396,0.73
0.427,0.518,1.024,1.014,0.889,0.094,0.395,0.73
0.427,0.518,1.023,1.014,0.888,0.094,0.395,0.729
0.426,0.517,1.023,1.013,0.888,0.094,0.395,0.729
0.426,0.517,1.022,1.012,0.887,0.094,0.395,0.728
0.425,0.516,1.021,1.012,0.887,0.094,0.395,0.727
0.425,0.516,1.021,1.011,0.886,0.094,0.394,0.727
0.424,0.516,1.02,1.011,0.886,0.094,0.394,0.726
0.424,0.515,1.019,1.01,0.885,0.094,0.394,0.726
0.424,0.515,1.019,1.009,0.885,0.093,0.394,0.725
0.423,0.515,1.018,1.008,0.884,0.093,0.394,0.724
0.423,0.515,1.018,1.008,0.884,0.093,0.393,0.724
0.422,0.514,1.017,1.007,0.883,0.093,0.393,0.723
0.422,0.514,1.016,1.007,0.882,0.093,0.393,0.723
0.422,0.514,1.016,1.006,0.882,0.093,0.393,0.722
0.421,0.513,1.015,1.005,0.882,0.093,0.393,0.722
0.421,0.513,1.014,1.005,0.881,0.093,0.393,0.721
0.42,0.512,1.014,1.004,0.88,0.093,0.392,0.72
0.42,0.512,1.013,1.003,0.88,0.093,0.392,0.72
0.419,0.512,1.012,1.003,0.879,0.093,0.392,0.719
0.419,0.511,1.012,1.002,0.879,0.093,0.392,0.719
0.418,0.511,1.011,1.001,0.878,0.093,0.391,0.718
0.418,0.511,1.011,1.001,0.878,0.093,0.391,0.717
0.418,0.511,1.01,1.0,0.877,0.093,0.391,0.717
0.418,0.511,1.009,1.0,0.877,0.093,0.391,0.717
0.417,0.51,1.009,0.999,0.877,0.093,0.391,0.716
0.417,0.51,1.008,0.999,0.876,0.093,0.391,0.715
0.416,0.51,1.008,0.998,0.876,0.093,0.39,0.715
0.416,0.509,1.007,0.998,0.875,0.093,0.39,0.714
0.416,0.509,1.007,0.997,0.875,0.093,0.39,0.714
0.415,0.509,1.006,0.996,0.874,0.093,0.39,0.713
0.415,0.509,1.005,0.996,0.874,0.092,0.39,0.712
0.414,0.508,1.005,0.995,0.873,0.092,0.389,0.712
0.414,0.508,1.004,0.994,0.873,0.092,0.389,0.711
0.413,0.508,1.003,0.994,0.872,0.092,0.389,0.711
0.413,0.507,1.003,0.993,0.872,0.092,0.389,0.71
0.413,0.507,1.002,0.993,0.871,0.092,0.389,0.709
0.412,0.507,1.001,0.992,0.871,0.092,0.388,0.709
0.412,0.506,1.001,0.992,0.87,0.092,0.388,0.708
0.412,0.506,1.0,0.991,0.87,0.092,0.388,0.708
0.411,0.506,1.0,0.99,0.869,0.092,0.388,0.707
0.411,0.506,0.999,0.99,0.869,0.092,0.388,0.707
0.41,0.505,0.998,0.989,0.868,0.092,0.388,0.706
0.41,0.505,0.998,0.989,0.868,0.092,0.387,0.706
0.41,0.505,0.998,0.988,0.867,0.092,0.387,0.705
0.409,0.504,0.997,0.987,0.866,0.092,0.387,0.705
0.409,0.504,0.996,0.987,0.866,0.092,0.387,0.704
0.408,0.504,0.995,0.987,0.866,0.092,0.387,0.704
0.408,0.503,0.995,0.986,0.865,0.092,0.386,0.703
0.408,0.503,0.994,0.986,0.865,0.092,0.386,0.703
0.407,0.503,0.994,0.985,0.864,0.092,0.386,0.702
0.407,0.502,0.993,0.984,0.864,0.092,0.386,0.702
0.407,0.502,0.993,0.984,0.863,0.092,0.386,0.701
0.406,0.502,0.992,0.983,0.863,0.092,0.386,0.701
0.406,0.501,0.992,0.983,0.862,0.092,0.385,0.7
0.406,0.501,0.991,0.982,0.862,0.092,0.385,0.7
0.405,0.501,0.99,0.982,0.862,0.091,0.385,0.699
0.405,0.501,0.99,0.981,0.861,0.091,0.385,0.699
0.405,0.5,0.989,0.981,0.861,0.091,0.385,0.698
0.404,0.5,0.989,0.98,0.86,0.091,0.384,0.698
0.404,0.499,0.988,0.979,0.86,0.091,0.384,0.697
0.403,0.499,0.987,0.979,0.859,0.091,0.384,0.697
0.403,0.499,0.987,0.978,0.859,0.091,0.384,0.696
0.403,0.498,0.986,0.978,0.858,0.091,0.384,0.696
0.402,0.498,0.986,0.977,0.858,0.091,0.384,0.695
0.402,0.498,0.985,0.976,0.857,0.091,0.384,0.695
0.402,0.497,0.985,0.976,0.857,0.091,0.383,0.694
0.401,0.497,0.984,0.975,0.856,0.091,0.383,0.693
0.401,0.497,0.983,0.975,0.856,0.091,0.383,0.693
0.401,0.497,0.983,0.974,0.855,0.091,0.383,0.692
0.4,0.496,0.982,0.974,0.855,0.091,0.383,0.692
0.4,0.496,0.982,0.973,0.854,0.091,0.382,0.691
0.4,0.495,0.981,0.973,0.854,0.091,0.382,0.691
0.399,0.495,0.98,0.972,0.853,0.091,0.382,0.69
0.399,0.495,0.98,0.972,0.853,0.091,0.382,0.69
0.398,0.494,0.979,0.971,0.853,0.091,0.382,0.69
0.398,0.494,0.979,0.971,0.852,0.091,0.381,0.689
0.398,0.494,0.978,0.97,0.852,0.09,0.381,0.688
0.397,0.494,0.978,0.97,0.851,0.091,0.381,0.688
0.397,0.493,0.977,0.969,0.851,0.091,0.381,0.687
0.397,0.493,0.977,0.968,0.851,0.09,0.381,0.687
0.396,0.493,0.976,0.968,0.85,0.091,0.381,0.686
0.396,0.492,0.976,0.967,0.85,0.09,0.381,0.686
0.396,0.492,0.975,0.967,0.849,0.091,0.38,0.685
0.395,0.492,0.974,0.966,0.849,0.09,0.38,0.685
0.395,0.492,0.974,0.966,0.848,0.09,0.38,0.684
0.395,0.492,0.973,0.965,0.848,0.09,0.38,0.684
0.394,0.492,0.973,0.965,0.847,0.09,0.38,0.683
0.394,0.491,0.972,0.964,0.847,0.09,0.38,0.683
0.394,0.491,0.972,0.964,0.846,0.09,0.379,0.682
0.393,0.491,0.971,0.963,0.846,0.09,0.379,0.682
0.393,0.49,0.971,0.962,0.845,0.09,0.379,0.681
0.393,0.49,0.97,0.962,0.845,0.09,0.379,0.681
0.392,0.49,0.97,0.961,0.845,0.09,0.379,0.68
0.392,0.49,0.969,0.961,0.844,0.09,0.378,0.68
0.392,0.49,0.968,0.96,0.843,0.09,0.378,0.679
0.392,0.489,0.968,0.96,0.843,0.09,0.378,0.679
0.391,0.489,0.967,0.959,0.842,0.09,0.378,0.678
0.391,0.489,0.967,0.958,0.842,0.09,0.378,0.678
0.39,0.489,0.966,0.958,0.841,0.09,0.377,0.677
0.39,0.488,0.966,0.957,0.841,0.09,0.378,0.677
0.39,0.488,0.965,0.957,0.841,0.09,0.377,0.677
0.389,0.488,0.965,0.957,0.84,0.09,0.377,0.676
0.389,0.488,0.964,0.956,0.84,0.09,0.377,0.676
0.389,0.488,0.964,0.956,0.839,0.09,0.377,0.675
0.389,0.487,0.963,0.955,0.839,0.09,0.377,0.675
0.388,0.487,0.963,0.955,0.838,0.09,0.376,0.674
0.388,0.487,0.962,0.954,0.838,0.09,0.376,0.674
0.388,0.487,0.961,0.953,0.838,0.09,0.376,0.673
0.387,0.487,0.961,0.953,0.837,0.089,0.376,0.673
0.387,0.487,0.961,0.953,0.837,0.09,0.376,0.673
0.386,0.486,0.96,0.952,0.837,0.089,0.376,0.672
0.386,0.486,0.959,0.952,0.836,0.09,0.375,0.672
0.386,0.486,0.959,0.951,0.836,0.089,0.375,0.671
0.386,0.485,0.958,0.951,0.835,0.089,0.375,0.671
0.385,0.485,0.958,0.95,0.835,0.089,0.375,0.67
0.385,0.485,0.957,0.95,0.834,0.089,0.375,0.67
0.385,0.485,0.957,0.949,0.834,0.089,0.375,0.669
0.384,0.484,0.956,0.949,0.833,0.089,0.374,0.669
0.384,0.484,0.956,0.948,0.833,0.089,0.374,0.668
0.384,0.484,0.955,0.948,0.833,0.089,0.374,0.668
0.383,0.484,0.955,0.947,0.832,0.089,0.374,0.667
0.383,0.484,0.954,0.947,0.832,0.089,0.374,0.667
0.383,0.483,0.954,0.946,0.831,0.089,0.374,0.667
0.382,0.483,0.953,0.946,0.831,0.089,0.373,0.666
0.382,0.483,0.952,0.945,0.831,0.089,0.373,0.666
0.382,0.483,0.952,0.945,0.83,0.089,0.373,0.665
0.382,0.483,0.952,0.944,0.83,0.089,0.373,0.665
0.381,0.482,0.951,0.944,0.829,0.089,0.373,0.664
0.381,0.482,0.95,0.943,0.829,0.089,0.373,0.664
0.381,0.482,0.95,0.943,0.828,0.089,0.373,0.663
0.38,0.482,0.949,0.942,0.828,0.089,0.372,0.663
0.38,0.482,0.949,0.942,0.828,0.089,0.372,0.662
0.38,0.481,0.949,0.941,0.827,0.089,0.372,0.662
0.379,0.481,0.948,0.941,0.827,0.089,0.372,0.661
0.379,0.481,0.947,0.941,0.826,0.089,0.372,0.661
0.379,0.48,0.947,0.94,0.826,0.089,0.371,0.661
0.379,0.48,0.946,0.939,0.825,0.089,0.371,0.66
0.378,0.48,0.946,0.939,0.825,0.089,0.371,0.66
0.378,0.48,0.945,0.938,0.825,0.089,0.371,0.659
0.378,0.48,0.945,0.938,0.824,0.089,0.371,0.659
0.377,0.479,0.944,0.937,0.824,0.088,0.371,0.658
0.377,0.479,0.944,0.937,0.823,0.088,0.37,0.658
0.377,0.479,0.943,0.936,0.823,0.088,0.37,0.657
0.377,0.479,0.943,0.936,0.822,0.088,0.37,0.657
0.376,0.478,0.942,0.935,0.822,0.088,0.37,0.656
0.376,0.478,0.942,0.935,0.822,0.088,0.37,0.656
0.376,0.478,0.941,0.934,0.821,0.088,0.37,0.655
0.375,0.478,0.941,0.934,0.821,0.088,0.37,0.655
0.375,0.478,0.94,0.933,0.82,0.088,0.369,0.655
0.375,0.478,0.94,0.933,0.82,0.088,0.369,0.654
0.374,0.477,0.939,0.932,0.819,0.088,0.369,0.654
0.374,0.477,0.939,0.932,0.819,0.088,0.369,0.653
0.374,0.477,0.938,0.931,0.819,0.088,0.369,0.653
0.374,0.477,0.937,0.931,0.818,0.088,0.369,0.653
0.373,0.476,0.937,0.93,0.818,0.088,0.368,0.652
0.373,0.476,0.937,0.93,0.817,0.088,0.368,0.652
0.373,0.476,0.936,0.929,0.817,0.088,0.368,0.651
0.372,0.476,0.935,0.929,0.816,0.088,0.368,0.651
0.372,0.476,0.935,0.929,0.816,0.088,0.368,0.65
0.372,0.475,0.935,0.928,0.816,0.088,0.368,0.65
0.372,0.475,0.934,0.928,0.815,0.088,0.368,0.65
0.371,0.474,0.934,0.927,0.815,0.088,0.367,0.649
0.371,0.474,0.933,0.927,0.815,0.088,0.367,0.649
0.371,0.474,0.933,0.926,0.814,0.088,0.367,0.648
0.37,0.473,0.932,0.926,0.814,0.088,0.367,0.648
0.37,0.473,0.932,0.925,0.813,0.088,0.367,0.648
0.37,0.473,0.931,0.925,0.813,0.088,0.367,0.647
0.37,0.473,0.93,0.924,0.813,0.088,0.366,0.647
0.369,0.472,0.93,0.924,0.812,0.088,0.366,0.646
0.369,0.472,0.929,0.923,0.812,0.088,0.366,0.646
0.369,0.472,0.929,0.923,0.812,0.088,0.366,0.645
0.368,0.472,0.928,0.922,0.811,0.088,0.366,0.645
0.368,0.472,0.928,0.922,0.81,0.088,0.365,0.645
0.368,0.471,0.927,0.921,0.81,0.087,0.365,0.644
0.367,0.471,0.927,0.92,0.81,0.087,0.365,0.644
0.367,0.471,0.927,0.92,0.809,0.087,0.365,0.643
0.367,0.471,0.926,0.92,0.809,0.087,0.365,0.643
0.367,0.47,0.926,0.919,0.808,0.087,0.365,0.642
0.367,0.47,0.925,0.919,0.808,0.087,0.365,0.642
0.366,0.47,0.925,0.918,0.808,0.087,0.364,0.641
0.366,0.47,0.924,0.918,0.807,0.087,0.364,0.641
0.366,0.469,0.924,0.917,0.807,0.087,0.364,0.641
0.365,0.469,0.923,0.916,0.806,0.087,0.364,0.64
0.365,0.469,0.923,0.916,0.806,0.087,0.364,0.64
0.365,0.469,0.922,0.916,0.805,0.087,0.364,0.64
0.365,0.468,0.922,0.915,0.805,0.087,0.363,0.639
0.364,0.468,0.921,0.915,0.805,0.087,0.363,0.639
0.364,0.468,0.921,0.914,0.804,0.087,0.363,0.638
0.364,0.468,0.921,0.914,0.804,0.087,0.363,0.638
0.364,0.468,0.92,0.913,0.803,0.087,0.363,0.638
0.363,0.467,0.92,0.913,0.803,0.087,0.363,0.637
0.363,0.467,0.919,0.912,0.802,0.087,0.362,0.637
0.363,0.467,0.918,0.912,0.802,0.087,0.362,0.636
0.362,0.467,0.918,0.911,0.802,0.087,0.362,0.636
0.362,0.466,0.918,0.911,0.801,0.087,0.362,0.636
0.362,0.466,0.917,0.911,0.801,0.087,0.362,0.635
0.362,0.466,0.917,0.91,0.801,0.087,0.362,0.635
0.361,0.466,0.916,0.909,0.8,0.087,0.362,0.634
0.361,0.466,0.916,0.909,0.8,0.087,0.362,0.634
0.361,0.465,0.915,0.909,0.799,0.087,0.361,0.634
0.361,0.465,0.915,0.908,0.799,0.087,0.361,0.633
0.36,0.465,0.914,0.908,0.799,0.087,0.361,0.633
0.36,0.465,0.914,0.907,0.798,0.087,0.361,0.632
0.36,0.465,0.913,0.907,0.798,0.087,0.361,0.632
0.36,0.464,0.913,0.906,0.798,0.087,0.36,0.632
0.359,0.464,0.913,0.906,0.797,0.087,0.36,0.631
0.359,0.464,0.912,0.906,0.797,0.087,0.36,0.631
0.359,0.464,0.912,0.905,0.796,0.087,0.36,0.631
0.359,0.463,0.911,0.905,0.796,0.087,0.36,0.63
0.358,0.463,0.911,0.904,0.796,0.087,0.36,0.63
0.358,0.463,0.91,0.904,0.795,0.087,0.36,0.629
0.358,0.463,0.91,0.903,0.795,0.087,0.36,0.629
0.358,0.463,0.909,0.903,0.795,0.086,0.359,0.629
0.357,0.462,0.909,0.903,0.794,0.087,0.359,0.628
0.357,0.462,0.908,0.902,0.794,0.086,0.359,0.628
0.357,0.462,0.908,0.902,0.794,0.086,0.359,0.627
0.357,0.462,0.908,0.901,0.793,0.086,0.359,0.627
0.356,0.461,0.907,0.901,0.793,0.086,0.359,0.627
0.356,0.461,0.907,0.9,0.792,0.086,0.358,0.626
0.356,0.461,0.906,0.9,0.792,0.086,0.358,0.626
0.355,0.461,0.906,0.9,0.792,0.086,0.358,0.625
0.355,0.461,0.905,0.899,0.791,0.086,0.358,0.625
0.355,0.46,0.905,0.899,0.791,0.086,0.358,0.625
0.355,0.46,0.904,0.898,0.791,0.086,0.358,0.624
0.354,0.46,0.904,0.898,0.79,0.086,0.358,0.624
0.354,0.46,0.904,0.897,0.79,0.086,0.357,0.624
0.354,0.46,0.903,0.897,0.79,0.086,0.357,0.623
0.354,0.46,0.903,0.897,0.789,0.086,0.357,0.623
0.353,0.46,0.902,0.896,0.789,0.086,0.357,0.623
0.353,0.459,0.902,0.896,0.789,0.086,0.357,0.622
0.353,0.459,0.901,0.895,0.788,0.086,0.357,0.622
0.353,0.459,0.901,0.895,0.788,0.086,0.357,0.622
0.353,0.459,0.9,0.895,0.788,0.086,0.356,0.621
0.352,0.459,0.9,0.894,0.787,0.086,0.356,0.621
0.352,0.459,0.9,0.894,0.787,0.086,0.356,0.621
0.352,0.459,0.899,0.893,0.787,0.086,0.356,0.62
0.351,0.458,0.898,0.893,0.786,0.086,0.356,0.62
0.351,0.458,0.898,0.892,0.786,0.086,0.356,0.619
0.351,0.458,0.898,0.892,0.786,0.086,0.355,0.619
0.351,0.458,0.897,0.891,0.786,0.086,0.355,0.619
0.351,0.457,0.897,0.891,0.785,0.086,0.355,0.618
0.35,0.457,0.896,0.891,0.785,0.086,0.355,0.618
0.35,0.457,0.896,0.89,0.784,0.086,0.355,0.618
0.35,0.457,0.895,0.89,0.784,0.086,0.355,0.618
0.35,0.456,0.895,0.889,0.784,0.086,0.355,0.617
0.349,0.456,0.895,0.889,0.783,0.086,0.355,0.617
0.349,0.456,0.894,0.889,0.783,0.086,0.354,0.617
0.349,0.456,0.893,0.888,0.783,0.086,0.354,0.616
0.348,0.455,0.893,0.888,0.783,0.086,0.354,0.616
0.348,0.455,0.893,0.887,0.782,0.086,0.354,0.615
0.348,0.455,0.892,0.887,0.782,0.086,0.354,0.615
0.348,0.455,0.892,0.887,0.782,0.086,0.354,0.614
0.348,0.454,0.891,0.886,0.781,0.086,0.353,0.614
0.347,0.454,0.891,0.885,0.781,0.086,0.353,0.614
0.347,0.454,0.891,0.885,0.781,0.086,0.353,0.613
0.347,0.454,0.89,0.884,0.78,0.086,0.353,0.613
0.347,0.453,0.89,0.884,0.78,0.085,0.353,0.613
0.346,0.453,0.889,0.884,0.78,0.086,0.353,0.612
0.346,0.453,0.889,0.883,0.779,0.085,0.353,0.612
0.346,0.453,0.888,0.883,0.779,0.085,0.353,0.611
0.346,0.453,0.888,0.882,0.778,0.085,0.352,0.611
0.346,0.453,0.887,0.882,0.778,0.085,0.352,0.61
0.345,0.452,0.887,0.882,0.778,0.085,0.352,0.61
0.345,0.452,0.887,0.881,0.777,0.085,0.352,0.61
0.345,0.452,0.886,0.881,0.777,0.085,0.352,0.609
0.345,0.452,0.886,0.88,0.777,0.085,0.352,0.609
0.344,0.452,0.885,0.88,0.776,0.085,0.352,0.608
0.344,0.452,0.885,0.88,0.776,0.085,0.351,0.608
0.344,0.451,0.885,0.879,0.776,0.085,0.351,0.608
0.344,0.451,0.884,0.879,0.775,0.085,0.351,0.607
0.344,0.451,0.884,0.878,0.775,0.085,0.351,0.607
0.343,0.451,0.883,0.878,0.775,0.085,0.351,0.607
0.343,0.451,0.883,0.878,0.774,0.085,0.351,0.606
0.343,0.451,0.882,0.877,0.774,0.085,0.351,0.606
0.343,0.45,0.882,0.877,0.773,0.085,0.351,0.606
0.342,0.45,0.882,0.877,0.773,0.085,0.35,0.606
0.342,0.45,0.881,0.876,0.773,0.085,0.35,0.605
0.342,0.45,0.881,0.876,0.772,0.085,0.35,0.605
0.342,0.45,0.88,0.875,0.772,0.085,0.35,0.605
0.341,0.45,0.88,0.875,0.772,0.085,0.35,0.604
0.341,0.45,0.88,0.875,0.772,0.085,0.35,0.604
0.341,0.449,0.879,0.874,0.771,0.085,0.349,0.604
0.341,0.449,0.878,0.874,0.771,0.085,0.349,0.603
0.341,0.449,0.878,0.873,0.771,0.085,0.349,0.603
0.34,0.449,0.878,0.873,0.77,0.085,0.349,0.603
0.34,0.449,0.877,0.872,0.77,0.085,0.349,0.602
0.34,0.449,0.877,0.872,0.77,0.085,0.349,0.602
0.34,0.448,0.876,0.872,0.769,0.085,0.349,0.601
0.339,0.448,0.876,0.871,0.769,0.085,0.349,0.601
0.339,0.448,0.876,0.871,0.769,0.085,0.348,0.601
0.339,0.448,0.875,0.87,0.768,0.085,0.348,0.6
0.339,0.448,0.875,0.87,0.768,0.085,0.348,0.6
0.339,0.447,0.874,0.87,0.768,0.085,0.348,0.6
0.339,0.447,0.874,0.869,0.767,0.085,0.348,0.599
0.338,0.447,0.874,0.869,0.767,0.085,0.348,0.599
0.338,0.447,0.873,0.868,0.767,0.085,0.348,0.599
0.338,0.447,0.873,0.868,0.766,0.085,0.347,0.598
0.338,0.446,0.872,0.867,0.766,0.085,0.347,0.598
0.337,0.446,0.872,0.867,0.766,0.085,0.347,0.598
0.337,0.446,0.871,0.867,0.765,0.085,0.347,0.597
0.337,0.446,0.871,0.866,0.765,0.084,0.347,0.597
0.337,0.446,0.871,0.866,0.765,0.085,0.347,0.597
0.336,0.446,0.87,0.866,0.764,0.085,0.347,0.596
0.336,0.445,0.87,0.865,0.764,0.085,0.347,0.596
0.336,0.445,0.869,0.865,0.764,0.084,0.346,0.596
0.336,0.445,0.869,0.864,0.763,0.085,0.346,0.595
0.336,0.445,0.869,0.864,0.763,0.084,0.346,0.595
0.335,0.445,0.868,0.864,0.763,0.084,0.346,0.595
0.335,0.445,0.868,0.863,0.762,0.084,0.346,0.594
0.335,0.444,0.867,0.863,0.762,0.084,0.346,0.594
0.335,0.444,0.867,0.862,0.761,0.084,0.346,0.594
0.335,0.444,0.867,0.862,0.761,0.084,0.346,0.593
0.334,0.444,0.866,0.862,0.761,0.084,0.345,0.593
0.334,0.444,0.866,0.861,0.76,0.084,0.345,0.593
0.334,0.444,0.866,0.861,0.76,0.084,0.345,0.592
0.334,0.443,0.865,0.86,0.76,0.084,0.345,0.592
0.334,0.443,0.865,0.86,0.759,0.084,0.345,0.592
0.333,0.443,0.864,0.86,0.759,0.084,0.345,0.592
0.333,0.443,0.864,0.859,0.759,0.084,0.345,0.591
0.333,0.443,0.864,0.859,0.758,0.084,0.344,0.591
0.333,0.442,0.863,0.859,0.758,0.084,0.344,0.591
0.332,0.442,0.863,0.858,0.758,0.084,0.344,0.591
0.332,0.442,0.862,0.858,0.758,0.084,0.344,0.59
0.332,0.442,0.862,0.858,0.757,0.084,0.344,0.59
0.332,0.442,0.862,0.857,0.757,0.084,0.344,0.59
0.332,0.442,0.861,0.857,0.757,0.084,0.344,0.589
0.331,0.442,0.861,0.856,0.757,0.084,0.344,0.589
0.331,0.441,0.86,0.856,0.756,0.084,0.343,0.589
0.331,0.441,0.86,0.856,0.756,0.084,0.343,0.588
0.331,0.441,0.86,0.855,0.756,0.084,0.343,0.588
0.331,0.441,0.859,0.855,0.755,0.084,0.343,0.588
0.33,0.441,0.859,0.855,0.755,0.084,0.343,0.587
0.33,0.44,0.858,0.854,0.755,0.084,0.343,0.587
0.33,0.44,0.858,0.854,0.755,0.084,0.343,0.587
0.33,0.44,0.857,0.854,0.754,0.084,0.342,0.586
0.33,0.439,0.857,0.853,0.754,0.084,0.342,0.586
0.329,0.439,0.857,0.853,0.754,0.084,0.342,0.586
0.329,0.439,0.856,0.852,0.753,0.084,0.342,0.585
0.329,0.439,0.856,0.852,0.753,0.084,0.342,0.585
0.329,0.439,0.856,0.852,0.753,0.084,0.342,0.585
0.328,0.438,0.855,0.851,0.753,0.084,0.342,0.584
0.328,0.438,0.855,0.851,0.752,0.084,0.341,0.584
0.328,0.438,0.854,0.851,0.752,0.084,0.341,0.584
0.328,0.438,0.854,0.85,0.752,0.084,0.341,0.583
0.328,0.438,0.854,0.85,0.751,0.084,0.341,0.583
0.328,0.438,0.853,0.85,0.751,0.084,0.341,0.582
0.327,0.437,0.853,0.849,0.751,0.084,0.341,0.582
0.327,0.437,0.852,0.849,0.75,0.084,0.341,0.582
0.327,0.437,0.852,0.849,0.75,0.084,0.341,0.581
0.327,0.437,0.852,0.848,0.75,0.084,0.341,0.581
0.327,0.437,0.851,0.848,0.749,0.084,0.34,0.581
0.326,0.437,0.851,0.848,0.749,0.083,0.34,0.581
0.326,0.437,0.851,0.847,0.749,0.084,0.34,0.58
0.326,0.436,0.85,0.847,0.748,0.083,0.34,0.58
0.326,0.436,0.85,0.847,0.748,0.084,0.34,0.58
0.326,0.436,0.849,0.846,0.748,0.084,0.34,0.579
0.325,0.436,0.849,0.846,0.747,0.083,0.34,0.579
0.325,0.436,0.849,0.845,0.747,0.084,0.34,0.579
0.325,0.435,0.848,0.845,0.747,0.083,0.339,0.578
0.325,0.435,0.848,0.845,0.746,0.083,0.339,0.578
0.325,0.435,0.848,0.844,0.746,0.083,0.339,0.578
0.325,0.435,0.847,0.844,0.746,0.083,0.339,0.578
0.324,0.434,0.847,0.844,0.745,0.083,0.339,0.577
0.324,0.434,0.846,0.843,0.745,0.083,0.339,0.577
0.324,0.434,0.846,0.843,0.745,0.083,0.339,0.577
0.324,0.434,0.846,0.843,0.744,0.083,0.338,0.576
0.323,0.434,0.845,0.842,0.744,0.083,0.338,0.576
0.323,0.433,0.845,0.842,0.744,0.083,0.338,0.576
0.323,0.433,0.844,0.841,0.744,0.083,0.338,0.575
0.323,0.433,0.844,0.841,0.743,0.083,0.338,0.575
0.323,0.433,0.844,0.841,0.743,0.083,0.338,0.575
0.322,0.433,0.843,0.84,0.743,0.083,0.338,0.575
0.322,0.433,0.843,0.84,0.742,0.083,0.338,0.574
0.322,0.432,0.843,0.84,0.742,0.083,0.337,0.574
0.322,0.432,0.842,0.839,0.742,0.083,0.337,0.574
0.322,0.432,0.842,0.839,0.742,0.083,0.337,0.573
0.322,0.432,0.842,0.839,0.741,0.083,0.337,0.573
0.321,0.432,0.841,0.838,0.741,0.083,0.337,0.573
0.321,0.432,0.841,0.838,0.741,0.083,0.337,0.572
0.321,0.431,0.84,0.838,0.74,0.083,0.337,0.572
0.321,0.431,0.84,0.837,0.74,0.083,0.337,0.572
0.321,0.431,0.84,0.837,0.74,0.083,0.337,0.571
0.321,0.431,0.839,0.836,0.74,0.083,0.336,0.571
0.32,0.431,0.839,0.836,0.739,0.083,0.336,0.571
0.32,0.431,0.838,0.835,0.739,0.083,0.336,0.571
0.32,0.431,0.838,0.835,0.738,0.083,0.336,0.57
0.32,0.43,0.838,0.835,0.738,0.083,0.336,0.57
0.319,0.43,0.837,0.834,0.738,0.083,0.336,0.57
0.32,0.43,0.837,0.834,0.738,0.083,0.336,0.57
0.319,0.43,0.836,0.834,0.738,0.083,0.336,0.569
0.319,0.43,0.836,0.834,0.737,0.083,0.335,0.569
0.319,0.429,0.836,0.833,0.737,0.083,0.335,0.569
0.319,0.429,0.836,0.833,0.737,0.083,0.335,0.568
0.318,0.429,0.835,0.832,0.736,0.083,0.335,0.568
0.318,0.429,0.835,0.832,0.736,0.083,0.335,0.568
0.318,0.429,0.835,0.832,0.736,0.083,0.335,0.568
0.318,0.429,0.834,0.831,0.736,0.083,0.335,0.567
0.318,0.428,0.834,0.831,0.735,0.083,0.334,0.567
0.318,0.428,0.833,0.831,0.735,0.083,0.334,0.567
0.317,0.428,0.833,0.83,0.735,0.083,0.334,0.566
0.317,0.428,0.833,0.83,0.735,0.083,0.334,0.566
0.317,0.428,0.832,0.829,0.734,0.083,0.334,0.566
0.317,0.428,0.832,0.829,0.734,0.083,0.334,0.566
0.317,0.428,0.832,0.829,0.734,0.083,0.334,0.565
0.316,0.427,0.831,0.828,0.733,0.083,0.334,0.565
0.316,0.427,0.831,0.828,0.733,0.083,0.334,0.565
0.316,0.427,0.831,0.828,0.733,0.083,0.333,0.564
0.316,0.427,0.83,0.827,0.733,0.083,0.333,0.564
0.316,0.427,0.83,0.827,0.732,0.082,0.333,0.564
0.316,0.426,0.83,0.827,0.732,0.083,0.333,0.564
0.315,0.426,0.829,0.826,0.732,0.083,0.333,0.563
0.315,0.426,0.829,0.826,0.732,0.083,0.333,0.563
0.315,0.426,0.829,0.826,0.731,0.083,0.333,0.563
0.315,0.426,0.828,0.826,0.731,0.083,0.333,0.563
0.315,0.426,0.828,0.825,0.731,0.083,0.332,0.562
0.314,0.426,0.827,0.825,0.73,0.083,0.332,0.562
0.314,0.426,0.827,0.825,0.73,0.082,0.332,0.562
0.314,0.426,0.827,0.824,0.73,0.082,0.332,0.561
0.314,0.425,0.826,0.824,0.73,0.083,0.332,0.561
0.314,0.425,0.826,0.824,0.729,0.082,0.332,0.561
0.314,0.425,0.826,0.823,0.729,0.083,0.332,0.561
0.313,0.425,0.825,0.823,0.729,0.082,0.332,0.56
0.313,0.425,0.825,0.823,0.728,0.082,0.332,0.56
0.313,0.425,0.825,0.822,0.728,0.082,0.331,0.56
0.313,0.425,0.824,0.822,0.728,0.082,0.331,0.56
0.313,0.424,0.824,0.822,0.728,0.082,0.331,0.56
0.313,0.424,0.823,0.821,0.727,0.082,0.331,0.559
0.313,0.424,0.823,0.821,0.727,0.082,0.331,0.559
0.312,0.424,0.823,0.821,0.727,0.082,0.331,0.559
0.312,0.424,0.822,0.82,0.726,0.082,0.331,0.559
0.312,0.424,0.822,0.82,0.726,0.082,0.331,0.558
0.312,0.423,0.822,0.82,0.726,0.082,0.331,0.558
0.312,0.423,0.821,0.819,0.726,0.082,0.33,0.558
0.311,0.423,0.821,0.819,0.726,0.082,0.33,0.557
0.311,0.422,0.821,0.819,0.725,0.082,0.33,0.557
0.311,0.422,0.82,0.818,0.725,0.082,0.33,0.557
0.311,0.422,0.82,0.818,0.725,0.082,0.33,0.556
0.311,0.422,0.82,0.818,0.725,0.082,0.33,0.556
0.311,0.422,0.819,0.817,0.724,0.082,0.33,0.556
0.31,0.421,0.819,0.817,0.724,0.082,0.33,0.556
0.31,0.421,0.818,0.817,0.724,0.082,0.329,0.555
0.31,0.421,0.818,0.816,0.723,0.082,0.329,0.555
0.31,0.421,0.818,0.816,0.723,0.082,0.329,0.555
0.31,0.421,0.818,0.816,0.723,0.082,0.329,0.555
0.31,0.421,0.817,0.815,0.723,0.082,0.329,0.554
0.31,0.421,0.817,0.815,0.722,0.082,0.329,0.554
0.309,0.42,0.816,0.814,0.722,0.082,0.329,0.554
0.309,0.42,0.816,0.814,0.722,0.082,0.329,0.554
0.309,0.42,0.816,0.814,0.722,0.082,0.329,0.553
0.309,0.42,0.815,0.814,0.721,0.082,0.328,0.553
0.308,0.42,0.815,0.813,0.721,0.082,0.328,0.553
0.308,0.42,0.815,0.813,0.721,0.082,0.328,0.552
0.308,0.42,0.814,0.813,0.721,0.082,0.328,0.552
0.308,0.42,0.814,0.812,0.72,0.082,0.328,0.552
0.308,0.42,0.814,0.812,0.72,0.082,0.328,0.551
0.308,0.419,0.813,0.812,0.72,0.082,0.328,0.551
0.308,0.419,0.813,0.811,0.719,0.082,0.328,0.551
0.308,0.419,0.813,0.811,0.719,0.082,0.327,0.551
0.307,0.419,0.812,0.811,0.719,0.082,0.327,0.55
0.307,0.419,0.812,0.811,0.718,0.082,0.327,0.55
0.307,0.419,0.812,0.81,0.718,0.082,0.327,0.55
0.307,0.419,0.811,0.81,0.718,0.082,0.327,0.549
0.307,0.419,0.811,0.81,0.718,0.082,0.327,0.549
0.307,0.418,0.811,0.809,0.717,0.082,0.327,0.549
0.306,0.418,0.81,0.809,0.717,0.082,0.327,0.549
0.306,0.418,0.81,0.809,0.717,0.082,0.326,0.549
0.306,0.418,0.81,0.809,0.716,0.082,0.327,0.548
0.306,0.418,0.809,0.808,0.716,0.082,0.326,0.548
0.306,0.418,0.809,0.808,0.716,0.082,0.326,0.548
0.305,0.417,0.809,0.807,0.715,0.082,0.326,0.548
0.305,0.417,0.808,0.807,0.715,0.082,0.326,0.547
0.305,0.417,0.808,0.807,0.715,0.082,0.326,0.547
0.305,0.417,0.808,0.807,0.715,0.082,0.326,0.547
0.305,0.417,0.807,0.806,0.715,0.082,0.326,0.546
0.305,0.417,0.807,0.806,0.714,0.082,0.326,0.546
0.305,0.417,0.807,0.806,0.714,0.081,0.326,0.546
0.304,0.416,0.806,0.805,0.714,0.082,0.325,0.546
0.304,0.416,0.806,0.805,0.713,0.082,0.325,0.545
0.304,0.416,0.805,0.805,0.713,0.082,0.325,0.545
0.304,0.416,0.805,0.804,0.713,0.081,0.325,0.545
0.304,0.416,0.805,0.804,0.713,0.082,0.325,0.545
0.304,0.416,0.805,0.804,0.713,0.082,0.325,0.544
0.303,0.416,0.804,0.803,0.712,0.081,0.325,0.544
0.303,0.416,0.804,0.803,0.712,0.082,0.325,0.544
0.303,0.415,0.804,0.803,0.712,0.081,0.325,0.544
0.303,0.415,0.803,0.802,0.712,0.081,0.324,0.543
0.303,0.415,0.803,0.802,0.711,0.081,0.324,0.543
0.303,0.415,0.803,0.802,0.711,0.082,0.324,0.543
0.302,0.415,0.802,0.801,0.711,0.081,0.324,0.542
0.302,0.415,0.802,0.801,0.711,0.081,0.324,0.542
0.302,0.415,0.802,0.801,0.71,0.081,0.324,0.542
0.302,0.415,0.801,0.801,0.71,0.082,0.324,0.542
0.302,0.415,0.801,0.8,0.71,0.081,0.323,0.542
0.302,0.415,0.801,0.8,0.709,0.081,0.323,0.541
0.302,0.414,0.801,0.8,0.709,0.081,0.323,0.541
0.301,0.414,0.8,0.799,0.709,0.081,0.323,0.541
0.301,0.414,0.8,0.799,0.709,0.081,0.323,0.541
0.301,0.414,0.8,0.799,0.709,0.081,0.323,0.54
0.301,0.414,0.799,0.798,0.708,0.081,0.323,0.54
0.301,0.414,0.799,0.798,0.708,0.081,0.323,0.54
0.301,0.414,0.798,0.798,0.708,0.081,0.323,0.54
0.301,0.413,0.798,0.798,0.708,0.081,0.322,0.539
0.3,0.413,0.798,0.797,0.707,0.081,0.322,0.539
0.3,0.413,0.798,0.797,0.707,0.081,0.322,0.539
0.3,0.413,0.797,0.796,0.707,0.081,0.322,0.538
0.3,0.413,0.797,0.796,0.706,0.081,0.322,0.539
0.3,0.413,0.797,0.796,0.706,0.081,0.322,0.538
0.3,0.413,0.796,0.796,0.706,0.081,0.322,0.538
0.3,0.412,0.796,0.795,0.706,0.081,0.322,0.538
0.299,0.412,0.796,0.795,0.706,0.081,0.322,0.538
0.299,0.412,0.795,0.795,0.706,0.081,0.322,0.537
0.299,0.412,0.795,0.794,0.705,0.081,0.322,0.537
0.299,0.412,0.795,0.794,0.705,0.081,0.321,0.537
0.299,0.412,0.794,0.794,0.705,0.081,0.321,0.536
0.299,0.412,0.794,0.794,0.704,0.081,0.321,0.536
0.298,0.412,0.794,0.793,0.704,0.081,0.321,0.536
0.298,0.412,0.793,0.793,0.704,0.081,0.321,0.536
0.298,0.411,0.793,0.793,0.704,0.081,0.321,0.536
0.298,0.411,0.793,0.792,0.704,0.081,0.321,0.535
0.298,0.411,0.793,0.792,0.704,0.081,0.321,0.535
0.298,0.411,0.792,0.792,0.703,0.081,0.32,0.535
0.298,0.411,0.792,0.792,0.703,0.081,0.32,0.535
0.297,0.411,0.792,0.791,0.703,0.081,0.32,0.534
0.297,0.41,0.791,0.791,0.702,0.081,0.32,0.534
0.297,0.41,0.791,0.791,0.702,0.081,0.32,0.534
0.297,0.41,0.791,0.79,0.702,0.081,0.32,0.534
0.297,0.41,0.79,0.79,0.702,0.081,0.32,0.533
0.297,0.41,0.79,0.79,0.701,0.081,0.32,0.533
0.297,0.41,0.79,0.789,0.701,0.081,0.32,0.533
0.296,0.41,0.789,0.789,0.701,0.081,0.319,0.533
0.296,0.409,0.789,0.789,0.701,0.081,0.32,0.533
0.296,0.409,0.789,0.789,0.7,0.081,0.319,0.532
0.296,0.409,0.788,0.788,0.7,0.081,0.319,0.532
0.296,0.409,0.788,0.788,0.7,0.081,0.319,0.532
0.296,0.409,0.788,0.788,0.7,0.081,0.319,0.532
0.295,0.409,0.788,0.787,0.699,0.081,0.319,0.531
0.295,0.409,0.787,0.787,0.699,0.081,0.319,0.531
0.295,0.409,0.787,0.787,0.699,0.081,0.319,0.531
0.295,0.409,0.787,0.787,0.699,0.081,0.319,0.531
0.295,0.409,0.786,0.786,0.698,0.081,0.319,0.53
0.295,0.408,0.786,0.786,0.698,0.081,0.318,0.53
0.295,0.408,0.786,0.786,0.698,0.081,0.318,0.53
0.295,0.408,0.785,0.785,0.698,0.081,0.318,0.53
0.294,0.408,0.785,0.785,0.697,0.081,0.318,0.529
0.294,0.408,0.785,0.785,0.697,0.081,0.318,0.529
0.294,0.408,0.785,0.785,0.697,0.08,0.318,0.529
0.294,0.408,0.784,0.784,0.697,0.081,0.318,0.529
0.294,0.407,0.784,0.784,0.697,0.081,0.318,0.528
0.294,0.407,0.784,0.784,0.696,0.081,0.318,0.528
0.293,0.407,0.783,0.783,0.696,0.081,0.318,0.528
0.293,0.407,0.783,0.783,0.696,0.081,0.317,0.528
0.293,0.407,0.783,0.783,0.696,0.081,0.317,0.528
0.293,0.407,0.782,0.783,0.695,0.08,0.317,0.527
0.293,0.407,0.782,0.782,0.695,0.081,0.317,0.527
0.293,0.406,0.782,0.782,0.695,0.081,0.317,0.527
0.293,0.406,0.782,0.782,0.695,0.081,0.317,0.527
0.292,0.406,0.781,0.781,0.694,0.08,0.317,0.526
0.292,0.406,0.781,0.781,0.694,0.081,0.317,0.526
0.292,0.406,0.781,0.781,0.694,0.08,0.317,0.526
0.292,0.406,0.78,0.78,0.694,0.08,0.316,0.526
0.292,0.406,0.78,0.78,0.693,0.081,0.316,0.525
0.292,0.406,0.78,0.78,0.693,0.08,0.316,0.525
0.292,0.405,0.779,0.78,0.693,0.08,0.316,0.525
0.292,0.405,0.779,0.779,0.693,0.081,0.316,0.525
0.291,0.405,0.779,0.779,0.692,0.081,0.316,0.524
0.291,0.405,0.779,0.779,0.692,0.08,0.316,0.524
0.291,0.405,0.778,0.779,0.692,0.08,0.316,0.524
0.291,0.405,0.778,0.778,0.692,0.081,0.316,0.524
0.291,0.405,0.778,0.778,0.691,0.081,0.316,0.524
0.291,0.405,0.777,0.778,0.691,0.08,0.315,0.524
0.291,0.404,0.777,0.777,0.691,0.08,0.315,0.523
0.29,0.404,0.777,0.777,0.691,0.08,0.315,0.523
0.29,0.404,0.776,0.777,0.69,0.08,0.315,0.523
0.29,0.404,0.776,0.776,0.69,0.08,0.315,0.523
0.29,0.404,0.776,0.776,0.69,0.08,0.315,0.522
0.29,0.403,0.776,0.776,0.69,0.08,0.315,0.522
0.29,0.403,0.775,0.776,0.69,0.08,0.315,0.522
0.29,0.403,0.775,0.776,0.689,0.08,0.315,0.522
0.289,0.403,0.775,0.775,0.689,0.08,0.314,0.522
0.289,0.403,0.774,0.775,0.689,0.08,0.314,0.521
0.289,0.403,0.774,0.775,0.689,0.08,0.314,0.521
0.289,0.402,0.774,0.774,0.688,0.08,0.314,0.521
0.289,0.402,0.773,0.774,0.688,0.08,0.314,0.521
0.289,0.402,0.773,0.774,0.688,0.08,0.314,0.521
0.289,0.402,0.773,0.774,0.688,0.08,0.314,0.52
0.289,0.402,0.773,0.773,0.688,0.08,0.314,0.52
0.289,0.402,0.772,0.773,0.688,0.08,0.314,0.52
0.288,0.402,0.772,0.773,0.687,0.08,0.314,0.52
0.288,0.402,0.772,0.772,0.687,0.08,0.314,0.519
0.288,0.402,0.771,0.772,0.687,0.08,0.313,0.519
0.288,0.401,0.771,0.772,0.687,0.08,0.313,0.519
0.288,0.401,0.771,0.772,0.687,0.08,0.313,0.519
0.287,0.401,0.77,0.771,0.686,0.08,0.313,0.518
0.287,0.401,0.77,0.771,0.686,0.08,0.313,0.518
0.287,0.401,0.77,0.771,0.686,0.08,0.313,0.518
0.287,0.401,0.77,0.771,0.686,0.08,0.313,0.518
0.287,0.401,0.769,0.77,0.685,0.08,0.313,0.517
0.287,0.4,0.769,0.77,0.685,0.08,0.313,0.517
0.287,0.4,0.769,0.77,0.685,0.08,0.312,0.517
0.287,0.4,0.768,0.769,0.685,0.08,0.312,0.517
0.286,0.4,0.768,0.769,0.684,0.08,0.312,0.517
0.286,0.4,0.768,0.769,0.684,0.08,0.312,0.516
0.286,0.4,0.768,0.769,0.684,0.08,0.312,0.516
0.286,0.399,0.768,0.768,0.684,0.08,0.312,0.516
0.286,0.399,0.767,0.768,0.683,0.08,0.312,0.516
0.286,0.399,0.767,0.768,0.683,0.08,0.312,0.515
0.286,0.399,0.767,0.767,0.683,0.08,0.312,0.515
0.286,0.399,0.766,0.767,0.683,0.08,0.312,0.515
0.286,0.399,0.766,0.767,0.682,0.08,0.312,0.515
0.285,0.399,0.766,0.767,0.682,0.08,0.311,0.515
0.285,0.399,0.765,0.767,0.682,0.08,0.311,0.514
0.285,0.399,0.765,0.766,0.682,0.08,0.311,0.514
0.285,0.398,0.765,0.766,0.681,0.08,0.311,0.514
0.285,0.398,0.765,0.766,0.681,0.08,0.311,0.514
0.285,0.398,0.765,0.765,0.681,0.08,0.311,0.514
0.285,0.398,0.764,0.765,0.681,0.08,0.311,0.513
0.284,0.398,0.764,0.765,0.68,0.08,0.311,0.513
0.284,0.398,0.764,0.764,0.68,0.08,0.31,0.513
0.284,0.398,0.763,0.764,0.68,0.08,0.31,0.513
0.284,0.398,0.763,0.764,0.68,0.08,0.31,0.513
0.284,0.398,0.763,0.764,0.68,0.08,0.31,0.512
0.284,0.398,0.762,0.763,0.679,0.08,0.31,0.512
0.284,0.397,0.762,0.763,0.679,0.08,0.31,0.512
0.283,0.397,0.762,0.763,0.679,0.08,0.31,0.512
0.284,0.397,0.762,0.762,0.679,0.08,0.31,0.512
0.283,0.397,0.761,0.762,0.678,0.08,0.31,0.511
0.283,0.397,0.761,0.762,0.678,0.08,0.31,0.511
0.283,0.397,0.761,0.762,0.678,0.08,0.31,0.511
0.283,0.397,0.76,0.761,0.678,0.08,0.31,0.511
0.283,0.397,0.76,0.761,0.678,0.08,0.309,0.511
0.283,0.397,0.76,0.761,0.677,0.08,0.309,0.511
0.282,0.396,0.76,0.761,0.677,0.08,0.309,0.51
0.282,0.396,0.759,0.76,0.677,0.08,0.309,0.51
0.282,0.396,0.759,0.76,0.677,0.08,0.309,0.51
0.282,0.396,0.759,0.76,0.676,0.08,0.309,0.51
0.282,0.396,0.758,0.759,0.676,0.08,0.309,0.51
0.282,0.396,0.758,0.759,0.676,0.08,0.309,0.509
0.282,0.396,0.758,0.759,0.676,0.08,0.309,0.509
0.282,0.396,0.758,0.759,0.676,0.08,0.309,0.509
0.282,0.396,0.757,0.759,0.675,0.08,0.308,0.509
0.281,0.396,0.757,0.758,0.675,0.08,0.308,0.509
0.281,0.396,0.757,0.758,0.675,0.08,0.308,0.508
0.281,0.395,0.757,0.758,0.675,0.08,0.308,0.508
0.281,0.395,0.756,0.758,0.674,0.08,0.308,0.508
0.281,0.395,0.756,0.757,0.674,0.08,0.308,0.508
0.281,0.395,0.756,0.757,0.674,0.08,0.308,0.508
0.281,0.395,0.756,0.757,0.674,0.08,0.308,0.507
0.28,0.395,0.755,0.757,0.674,0.08,0.308,0.507
0.28,0.395,0.755,0.756,0.673,0.08,0.308,0.507
0.28,0.395,0.755,0.756,0.673,0.08,0.307,0.507
0.28,0.394,0.755,0.756,0.673,0.08,0.307,0.507
0.28,0.394,0.754,0.756,0.673,0.079,0.307,0.507
0.28,0.394,0.754,0.755,0.673,0.08,0.307,0.506
0.28,0.394,0.754,0.755,0.672,0.08,0.307,0.506
0.28,0.394,0.753,0.755,0.672,0.08,0.307,0.506
0.28,0.394,0.753,0.755,0.672,0.08,0.307,0.506
0.279,0.394,0.753,0.754,0.672,0.08,0.307,0.505
0.279,0.393,0.753,0.754,0.671,0.08,0.307,0.505
0.279,0.393,0.752,0.754,0.671,0.08,0.307,0.505
0.279,0.393,0.752,0.754,0.671,0.079,0.306,0.505
0.279,0.393,0.752,0.753,0.671,0.079,0.307,0.505
0.279,0.393,0.752,0.753,0.67,0.079,0.306,0.504
0.279,0.393,0.751,0.753,0.67,0.079,0.306,0.504
0.279,0.393,0.751,0.753,0.67,0.08,0.306,0.504
0.278,0.393,0.751,0.752,0.67,0.079,0.306,0.504
0.279,0.393,0.75,0.752,0.67,0.079,0.306,0.504
0.278,0.392,0.75,0.752,0.669,0.08,0.306,0.503
0.278,0.392,0.75,0.752,0.669,0.079,0.306,0.503
0.278,0.392,0.749,0.751,0.669,0.079,0.306,0.503
0.278,0.392,0.749,0.751,0.669,0.079,0.306,0.503
0.278,0.392,0.749,0.751,0.669,0.079,0.306,0.503
0.278,0.392,0.749,0.751,0.668,0.079,0.305,0.502
0.278,0.392,0.748,0.75,0.668,0.079,0.305,0.502
0.277,0.392,0.748,0.75,0.668,0.079,0.305,0.502
0.277,0.392,0.748,0.75,0.668,0.079,0.305,0.502
0.277,0.391,0.748,0.75,0.667,0.079,0.305,0.501
0.277,0.391,0.747,0.749,0.667,0.079,0.305,0.501
0.277,0.391,0.747,0.749,0.667,0.079,0.305,0.501
0.277,0.391,0.747,0.749,0.667,0.079,0.305,0.501
0.277,0.391,0.747,0.749,0.667,0.079,0.305,0.501
0.277,0.391,0.746,0.748,0.667,0.079,0.305,0.501
0.276,0.391,0.746,0.748,0.666,0.079,0.305,0.5
0.276,0.391,0.746,0.748,0.666,0.079,0.304,0.5
0.276,0.391,0.745,0.748,0.666,0.079,0.304,0.5
0.276,0.39,0.745,0.747,0.666,0.079,0.304,0.5
0.276,0.39,0.745,0.747,0.666,0.079,0.304,0.5
0.276,0.39,0.745,0.747,0.666,0.079,0.304,0.499
0.276,0.39,0.744,0.747,0.665,0.079,0.304,0.499
0.276,0.39,0.744,0.746,0.665,0.079,0.304,0.499
0.276,0.39,0.744,0.746,0.665,0.079,0.304,0.499
0.275,0.39,0.744,0.746,0.665,0.079,0.304,0.499
0.275,0.389,0.743,0.746,0.665,0.079,0.304,0.498
0.275,0.389,0.743,0.745,0.664,0.079,0.304,0.498
0.275,0.389,0.743,0.745,0.664,0.079,0.303,0.498
0.275,0.389,0.743,0.745,0.664,0.079,0.303,0.498
0.275,0.389,0.742,0.745,0.664,0.079,0.303,0.498
0.275,0.389,0.742,0.745,0.664,0.079,0.303,0.497
0.275,0.388,0.742,0.744,0.664,0.079,0.303,0.497
0.275,0.388,0.742,0.744,0.663,0.079,0.303,0.497
0.274,0.388,0.741,0.744,0.663,0.079,0.303,0.497
0.274,0.388,0.741,0.743,0.663,0.079,0.303,0.497
0.274,0.388,0.741,0.743,0.663,0.079,0.303,0.496
0.274,0.388,0.741,0.743,0.663,0.079,0.303,0.496
0.274,0.388,0.74,0.743,0.662,0.079,0.302,0.496
0.274,0.388,0.74,0.743,0.662,0.079,0.302,0.496
0.274,0.388,0.74,0.743,0.662,0.079,0.302,0.496
0.274,0.388,0.74,0.742,0.662,0.079,0.302,0.495
0.274,0.388,0.739,0.742,0.662,0.079,0.302,0.495
0.273,0.387,0.739,0.742,0.662,0.079,0.302,0.495
0.273,0.387,0.739,0.742,0.661,0.079,0.302,0.495
0.273,0.387,0.739,0.741,0.661,0.079,0.302,0.495
0.273,0.387,0.738,0.741,0.661,0.079,0.302,0.494
0.273,0.387,0.738,0.741,0.661,0.079,0.302,0.494
0.273,0.387,0.738,0.741,0.661,0.079,0.302,0.494
0.273,0.387,0.737,0.74,0.661,0.079,0.302,0.494
0.273,0.387,0.737,0.74,0.66,0.079,0.301,0.494
0.272,0.386,0.737,0.74,0.66,0.079,0.301,0.493
0.272,0.386,0.737,0.74,0.66,0.079,0.301,0.493
0.272,0.386,0.736,0.74,0.66,0.079,0.301,0.493
0.272,0.386,0.736,0.739,0.66,0.079,0.301,0.493
0.272,0.386,0.736,0.739,0.659,0.079,0.301,0.493
0.272,0.386,0.736,0.739,0.659,0.079,0.301,0.493
0.272,0.386,0.736,0.738,0.659,0.079,0.301,0.492
0.272,0.386,0.735,0.738,0.659,0.079,0.301,0.492
0.271,0.385,0.735,0.738,0.658,0.079,0.301,0.492
0.272,0.385,0.735,0.738,0.658,0.079,0.301,0.492
0.271,0.385,0.734,0.738,0.658,0.079,0.301,0.492
0.271,0.385,0.734,0.737,0.658,0.079,0.3,0.491
0.271,0.385,0.734,0.737,0.658,0.079,0.3,0.491
0.271,0.384,0.734,0.737,0.657,0.079,0.3,0.491
0.271,0.384,0.733,0.737,0.657,0.079,0.3,0.491
0.271,0.384,0.733,0.736,0.657,0.079,0.3,0.491
0.271,0.384,0.733,0.736,0.657,0.079,0.3,0.49
0.271,0.384,0.733,0.736,0.657,0.079,0.3,0.49
0.271,0.384,0.732,0.736,0.656,0.079,0.3,0.49
0.27,0.384,0.732,0.735,0.656,0.079,0.3,0.49
0.27,0.384,0.732,0.735,0.656,0.079,0.299,0.49
0.27,0.384,0.732,0.735,0.656,0.079,0.299,0.489
0.27,0.384,0.731,0.735,0.656,0.079,0.3,0.489
0.27,0.384,0.731,0.734,0.655,0.079,0.299,0.489
0.27,0.384,0.731,0.734,0.655,0.079,0.299,0.489
0.27,0.384,0.731,0.734,0.655,0.079,0.299,0.489
0.27,0.383,0.73,0.734,0.655,0.079,0.299,0.489
0.27,0.383,0.73,0.734,0.655,0.079,0.299,0.488
0.269,0.383,0.73,0.733,0.654,0.079,0.299,0.488
0.269,0.383,0.73,0.733,0.654,0.079,0.299,0.488
0.269,0.383,0.729,0.733,0.654,0.079,0.299,0.488
0.269,0.383,0.729,0.733,0.654,0.079,0.299,0.488
0.269,0.383,0.729,0.732,0.654,0.079,0.299,0.487
0.269,0.383,0.729,0.732,0.653,0.079,0.298,0.487
0.269,0.383,0.728,0.732,0.653,0.079,0.298,0.487
0.269,0.383,0.728,0.732,0.653,0.079,0.298,0.487
0.268,0.383,0.728,0.731,0.653,0.079,0.298,0.487
0.269,0.382,0.728,0.731,0.652,0.079,0.298,0.486
0.268,0.382,0.727,0.731,0.652,0.079,0.298,0.486
0.268,0.382,0.727,0.731,0.652,0.079,0.298,0.486
0.268,0.382,0.727,0.73,0.652,0.079,0.298,0.486
0.268,0.382,0.727,0.73,0.651,0.079,0.298,0.486
0.268,0.382,0.726,0.73,0.651,0.079,0.298,0.486
0.268,0.382,0.726,0.73,0.651,0.079,0.298,0.485
0.268,0.382,0.726,0.73,0.651,0.079,0.297,0.485
0.268,0.382,0.726,0.729,0.651,0.079,0.297,0.485
0.267,0.382,0.725,0.729,0.65,0.079,0.297,0.485
0.267,0.382,0.725,0.729,0.65,0.079,0.297,0.485
0.267,0.381,0.725,0.729,0.65,0.079,0.297,0.485
0.267,0.381,0.725,0.729,0.65,0.079,0.297,0.485
0.267,0.381,0.725,0.728,0.65,0.079,0.297,0.484
0.267,0.381,0.724,0.728,0.65,0.078,0.297,0.484
0.267,0.381,0.724,0.728,0.649,0.079,0.297,0.484
0.267,0.381,0.724,0.728,0.649,0.078,0.297,0.484
0.267,0.381,0.724,0.727,0.649,0.079,0.297,0.484
0.267,0.381,0.723,0.727,0.649,0.079,0.297,0.484
0.266,0.38,0.723,0.727,0.649,0.078,0.296,0.483
0.266,0.38,0.723,0.727,0.649,0.079,0.296,0.483
0.266,0.38,0.723,0.727,0.649,0.079,0.296,0.483
0.266,0.38,0.722,0.726,0.648,0.078,0.296,0.483
0.266,0.38,0.722,0.726,0.648,0.078,0.296,0.483
0.266,0.38,0.722,0.726,0.648,0.078,0.296,0.482
0.266,0.38,0.722,0.726,0.648,0.079,0.296,0.482
0.266,0.38,0.721,0.725,0.648,0.078,0.296,0.482
0.266,0.38,0.721,0.725,0.647,0.078,0.296,0.482
0.265,0.38,0.721,0.725,0.647,0.078,0.296,0.482
0.265,0.379,0.721,0.725,0.647,0.078,0.296,0.481
0.265,0.379,0.721,0.725,0.647,0.078,0.296,0.481
0.265,0.379,0.72,0.724,0.647,0.078,0.295,0.481
0.265,0.379,0.72,0.724,0.647,0.078,0.296,0.481
0.265,0.379,0.72,0.724,0.647,0.078,0.295,0.481
0.265,0.379,0.719,0.724,0.646,0.078,0.295,0.481
0.265,0.379,0.719,0.723,0.646,0.078,0.295,0.48
0.265,0.379,0.719,0.723,0.646,0.078,0.295,0.48
0.265,0.379,0.719,0.723,0.646,0.078,0.295,0.48
0.264,0.379,0.719,0.723,0.645,0.078,0.295,0.48
0.264,0.379,0.718,0.723,0.645,0.078,0.295,0.48
0.264,0.378,0.718,0.722,0.645,0.078,0.295,0.479
0.264,0.378,0.718,0.722,0.645,0.078,0.295,0.479
0.264,0.378,0.718,0.722,0.645,0.078,0.295,0.479
0.264,0.378,0.717,0.722,0.644,0.078,0.294,0.479
0.264,0.378,0.717,0.722,0.644,0.078,0.295,0.479
0.264,0.378,0.717,0.721,0.644,0.078,0.294,0.479
0.264,0.378,0.717,0.721,0.644,0.078,0.294,0.478
0.264,0.377,0.716,0.721,0.644,0.078,0.294,0.478
0.263,0.377,0.716,0.721,0.644,0.078,0.294,0.478
0.263,0.377,0.716,0.72,0.644,0.078,0.294,0.478
0.263,0.377,0.716,0.72,0.643,0.078,0.294,0.478
0.263,0.377,0.715,0.72,0.643,0.078,0.294,0.477
0.263,0.377,0.715,0.72,0.643,0.078,0.294,0.477
0.263,0.377,0.715,0.719,0.643,0.078,0.294,0.477
0.263,0.377,0.715,0.719,0.643,0.078,0.294,0.477
0.263,0.377,0.714,0.719,0.642,0.078,0.294,0.477
0.263,0.377,0.714,0.719,0.642,0.078,0.293,0.477
0.263,0.377,0.714,0.719,0.642,0.078,0.293,0.477
0.263,0.377,0.714,0.718,0.642,0.078,0.293,0.476
0.262,0.377,0.713,0.718,0.642,0.078,0.293,0.476
0.262,0.377,0.713,0.718,0.642,0.078,0.293,0.476
0.262,0.377,0.713,0.718,0.641,0.078,0.293,0.476
0.262,0.376,0.713,0.718,0.641,0.078,0.293,0.476
0.262,0.376,0.713,0.717,0.641,0.078,0.293,0.475
0.262,0.376,0.712,0.717,0.641,0.078,0.293,0.475
0.262,0.376,0.712,0.717,0.641,0.078,0.293,0.475
0.262,0.376,0.712,0.717,0.641,0.078,0.293,0.475
0.262,0.376,0.712,0.716,0.64,0.078,0.293,0.475
0.261,0.376,0.711,0.716,0.64,0.078,0.292,0.475
0.262,0.376,0.711,0.716,0.64,0.078,0.292,0.475
0.261,0.376,0.711,0.716,0.64,0.078,0.292,0.474
0.261,0.376,0.711,0.716,0.64,0.078,0.292,0.474
0.261,0.375,0.71,0.715,0.639,0.078,0.292,0.474
0.261,0.375,0.71,0.715,0.639,0.078,0.292,0.474
0.261,0.375,0.71,0.715,0.639,0.078,0.292,0.474
0.261,0.375,0.71,0.715,0.639,0.078,0.292,0.474
0.261,0.375,0.709,0.715,0.639,0.078,0.292,0.473
0.261,0.375,0.709,0.714,0.638,0.078,0.292,0.473
0.26,0.375,0.709,0.714,0.638,0.078,0.292,0.473
0.26,0.375,0.709,0.714,0.638,0.078,0.292,0.473
0.26,0.375,0.709,0.714,0.638,0.078,0.291,0.473
0.26,0.375,0.708,0.714,0.638,0.078,0.291,0.473
0.26,0.375,0.708,0.713,0.637,0.078,0.291,0.473
0.26,0.375,0.708,0.713,0.637,0.078,0.291,0.472
0.26,0.375,0.708,0.713,0.637,0.078,0.291,0.472
0.26,0.375,0.708,0.713,0.637,0.078,0.291,0.472
0.26,0.374,0.707,0.712,0.637,0.078,0.291,0.472
0.26,0.374,0.707,0.713,0.637,0.078,0.291,0.472
0.26,0.374,0.707,0.712,0.637,0.078,0.291,0.472
0.26,0.374,0.707,0.712,0.637,0.078,0.291,0.472
0.259,0.374,0.706,0.712,0.636,0.078,0.291,0.471
0.259,0.374,0.706,0.712,0.636,0.078,0.291,0.471
0.259,0.374,0.706,0.711,0.636,0.078,0.29,0.471
0.259,0.374,0.706,0.711,0.636,0.078,0.29,0.471
0.259,0.374,0.706,0.711,0.636,0.078,0.29,0.471
0.259,0.373,0.705,0.711,0.635,0.078,0.29,0.471
0.259,0.373,0.705,0.71,0.635,0.078,0.29,0.471
0.259,0.373,0.705,0.71,0.635,0.078,0.29,0.47
0.259,0.373,0.705,0.71,0.635,0.078,0.29,0.47
0.258,0.373,0.704,0.71,0.635,0.078,0.29,0.47
0.258,0.373,0.704,0.71,0.635,0.078,0.29,0.47
0.258,0.373,0.704,0.71,0.634,0.078,0.29,0.47
0.258,0.373,0.704,0.709,0.634,0.078,0.29,0.469
0.258,0.373,0.703,0.709,0.634,0.078,0.29,0.469
0.258,0.372,0.703,0.709,0.634,0.078,0.289,0.469
0.258,0.373,0.703,0.709,0.634,0.078,0.29,0.469
0.258,0.372,0.703,0.708,0.634,0.078,0.289,0.469
0.258,0.372,0.702,0.708,0.633,0.078,0.289,0.469
0.258,0.372,0.702,0.708,0.633,0.078,0.289,0.469
0.258,0.372,0.702,0.708,0.633,0.078,0.289,0.468
0.258,0.372,0.702,0.708,0.633,0.078,0.289,0.468
0.257,0.372,0.702,0.708,0.633,0.078,0.289,0.468
0.257,0.372,0.701,0.707,0.633,0.078,0.289,0.468
0.257,0.372,0.701,0.707,0.633,0.078,0.289,0.468
0.257,0.372,0.701,0.707,0.632,0.078,0.289,0.467
0.257,0.371,0.701,0.707,0.632,0.078,0.289,0.467
0.257,0.371,0.701,0.707,0.632,0.078,0.289,0.467
0.257,0.371,0.7,0.706,0.632,0.078,0.289,0.467
0.257,0.371,0.7,0.706,0.632,0.078,0.289,0.467
0.257,0.371,0.7,0.706,0.632,0.077,0.288,0.467
0.257,0.371,0.7,0.706,0.631,0.077,0.288,0.467
0.257,0.371,0.699,0.705,0.631,0.078,0.288,0.466
0.256,0.371,0.699,0.705,0.631,0.077,0.288,0.466
0.256,0.371,0.699,0.705,0.631,0.078,0.288,0.466
0.256,0.371,0.699,0.705,0.631,0.078,0.288,0.466
0.256,0.371,0.699,0.705,0.631,0.077,0.288,0.466
0.256,0.371,0.698,0.705,0.631,0.077,0.288,0.466
0.256,0.371,0.698,0.704,0.63,0.077,0.288,0.465
0.256,0.371,0.698,0.704,0.63,0.077,0.288,0.465
0.256,0.37,0.698,0.704,0.63,0.077,0.288,0.465
0.256,0.37,0.698,0.704,0.63,0.077,0.288,0.465
0.256,0.37,0.697,0.703,0.63,0.077,0.288,0.465
0.256,0.37,0.697,0.703,0.63,0.077,0.287,0.465
0.255,0.37,0.697,0.703,0.629,0.077,0.287,0.465
0.255,0.37,0.697,0.703,0.629,0.077,0.287,0.464
0.255,0.37,0.697,0.703,0.629,0.077,0.287,0.464
0.255,0.37,0.696,0.703,0.629,0.077,0.287,0.464
0.255,0.37,0.696,0.702,0.629,0.077,0.287,0.464
0.255,0.37,0.696,0.702,0.629,0.077,0.287,0.464
0.255,0.37,0.696,0.702,0.628,0.077,0.287,0.464
0.255,0.37,0.696,0.702,0.628,0.077,0.287,0.464
0.255,0.369,0.695,0.702,0.628,0.077,0.287,0.463
0.255,0.369,0.695,0.701,0.628,0.077,0.287,0.463
