S1_D1601,S2_D1601,S3_D1601,S4_D1601,S5_D1601,S6_D1601,S7_D1601,S8_D1601
0.188,0.268,0.49,0.476,0.487,0.059,0.17,0.271
0.188,0.268,0.49,0.476,0.487,0.059,0.17,0.27
0.188,0.268,0.49,0.475,0.486,0.059,0.17,0.27
0.188,0.268,0.49,0.476,0.486,0.059,0.17,0.27
0.188,0.268,0.49,0.476,0.486,0.059,0.17,0.27
0.188,0.268,0.49,0.476,0.486,0.059,0.17,0.27
0.188,0.268,0.49,0.475,0.486,0.059,0.17,0.27
0.188,0.268,0.49,0.475,0.486,0.059,0.17,0.27
0.188,0.268,0.49,0.475,0.486,0.059,0.17,0.27
0.188,0.268,0.49,0.475,0.486,0.059,0.17,0.27
0.188,0.267,0.49,0.475,0.486,0.059,0.17,0.27
0.188,0.268,0.49,0.475,0.486,0.059,0.17,0.27
0.188,0.267,0.49,0.475,0.486,0.059,0.17,0.27
0.188,0.268,0.489,0.475,0.486,0.059,0.17,0.27
0.188,0.267,0.489,0.475,0.486,0.059,0.17,0.27
0.188,0.267,0.489,0.475,0.486,0.059,0.17,0.27
0.188,0.267,0.489,0.475,0.486,0.059,0.17,0.27
0.188,0.267,0.489,0.475,0.486,0.059,0.17,0.27
0.188,0.267,0.489,0.475,0.486,0.059,0.17,0.27
0.188,0.267,0.489,0.475,0.486,0.059,0.17,0.27
0.188,0.267,0.489,0.475,0.486,0.059,0.17,0.27
0.188,0.267,0.489,0.475,0.486,0.059,0.17,0.27
0.188,0.267,0.489,0.475,0.486,0.059,0.17,0.27
0.188,0.267,0.489,0.475,0.486,0.059,0.17,0.27
0.188,0.267,0.489,0.475,0.486,0.059,0.17,0.27
0.188,0.267,0.489,0.475,0.485,0.059,0.169,0.27
0.188,0.267,0.489,0.475,0.485,0.059,0.17,0.27
0.188,0.267,0.488,0.474,0.486,0.059,0.169,0.27
0.188,0.267,0.488,0.475,0.485,0.059,0.169,0.27
0.188,0.267,0.488,0.474,0.485,0.059,0.17,0.27
0.188,0.267,0.488,0.474,0.485,0.059,0.169,0.27
0.188,0.267,0.488,0.474,0.485,0.059,0.169,0.269
0.188,0.267,0.488,0.474,0.485,0.059,0.169,0.27
0.188,0.267,0.488,0.474,0.485,0.059,0.169,0.269
0.188,0.267,0.488,0.474,0.485,0.059,0.169,0.27
0.188,0.267,0.488,0.474,0.485,0.059,0.17,0.269
0.188,0.267,0.488,0.474,0.485,0.059,0.169,0.27
0.187,0.267,0.488,0.474,0.485,0.059,0.169,0.27
0.188,0.267,0.488,0.474,0.485,0.059,0.169,0.269
0.188,0.267,0.488,0.474,0.485,0.059,0.169,0.269
0.188,0.267,0.488,0.474,0.485,0.059,0.169,0.269
0.187,0.267,0.488,0.474,0.485,0.059,0.169,0.269
0.187,0.267,0.487,0.474,0.485,0.059,0.169,0.27
0.187,0.267,0.487,0.473,0.485,0.059,0.169,0.269
0.188,0.267,0.487,0.474,0.485,0.059,0.169,0.269
0.187,0.267,0.487,0.473,0.485,0.059,0.169,0.269
0.187,0.267,0.487,0.473,0.485,0.059,0.169,0.269
0.187,0.267,0.487,0.473,0.485,0.059,0.169,0.269
0.187,0.267,0.487,0.473,0.485,0.059,0.169,0.269
0.187,0.267,0.487,0.473,0.485,0.059,0.169,0.269
0.187,0.267,0.487,0.473,0.485,0.059,0.169,0.269
0.187,0.267,0.487,0.473,0.485,0.059,0.169,0.269
0.187,0.267,0.487,0.473,0.484,0.059,0.169,0.269
0.187,0.267,0.487,0.473,0.484,0.059,0.169,0.269
0.187,0.267,0.487,0.473,0.484,0.059,0.169,0.269
0.187,0.267,0.487,0.473,0.484,0.059,0.169,0.269
0.187,0.267,0.487,0.473,0.484,0.059,0.169,0.269
0.187,0.267,0.487,0.473,0.484,0.059,0.169,0.269
0.187,0.267,0.486,0.473,0.484,0.059,0.169,0.269
0.187,0.267,0.486,0.472,0.484,0.059,0.169,0.269
0.187,0.267,0.486,0.473,0.484,0.059,0.169,0.269
0.187,0.267,0.486,0.473,0.484,0.059,0.169,0.269
0.187,0.267,0.486,0.473,0.484,0.059,0.169,0.269
0.187,0.267,0.486,0.473,0.484,0.059,0.169,0.269
0.187,0.267,0.486,0.473,0.484,0.059,0.169,0.269
0.187,0.267,0.486,0.473,0.484,0.059,0.169,0.269
0.187,0.267,0.486,0.473,0.484,0.059,0.169,0.269
0.187,0.267,0.486,0.473,0.484,0.059,0.169,0.269
0.187,0.267,0.486,0.473,0.484,0.059,0.169,0.269
0.187,0.267,0.486,0.473,0.484,0.059,0.169,0.269
0.187,0.267,0.486,0.472,0.484,0.059,0.169,0.269
0.187,0.267,0.486,0.472,0.484,0.059,0.169,0.269
0.187,0.267,0.486,0.472,0.484,0.059,0.169,0.269
0.187,0.267,0.485,0.472,0.484,0.059,0.169,0.269
0.187,0.267,0.485,0.472,0.484,0.059,0.169,0.269
0.187,0.267,0.485,0.472,0.484,0.059,0.169,0.269
0.187,0.267,0.485,0.472,0.484,0.059,0.169,0.269
0.187,0.267,0.485,0.472,0.484,0.059,0.169,0.269
0.187,0.267,0.485,0.472,0.484,0.059,0.169,0.269
0.187,0.267,0.485,0.472,0.484,0.059,0.169,0.269
0.187,0.267,0.485,0.472,0.484,0.059,0.169,0.269
0.187,0.267,0.485,0.472,0.484,0.059,0.169,0.269
0.187,0.267,0.485,0.472,0.484,0.059,0.169,0.269
0.187,0.267,0.485,0.472,0.484,0.059,0.169,0.269
0.187,0.267,0.485,0.472,0.484,0.059,0.169,0.269
0.187,0.267,0.485,0.472,0.484,0.059,0.169,0.269
0.187,0.267,0.484,0.472,0.484,0.059,0.169,0.269
0.187,0.267,0.484,0.472,0.484,0.059,0.169,0.269
0.187,0.267,0.484,0.472,0.484,0.059,0.169,0.269
0.187,0.267,0.484,0.472,0.484,0.059,0.169,0.269
0.187,0.267,0.484,0.472,0.484,0.059,0.169,0.269
0.187,0.267,0.484,0.472,0.484,0.059,0.169,0.268
0.187,0.267,0.484,0.472,0.484,0.059,0.169,0.269
0.187,0.267,0.484,0.471,0.484,0.059,0.168,0.269
0.187,0.267,0.484,0.472,0.484,0.059,0.169,0.269
0.186,0.267,0.484,0.471,0.484,0.059,0.169,0.269
0.186,0.267,0.484,0.471,0.484,0.059,0.169,0.269
0.186,0.267,0.484,0.471,0.484,0.059,0.169,0.268
0.186,0.266,0.484,0.471,0.484,0.059,0.168,0.268
0.186,0.266,0.484,0.471,0.484,0.059,0.168,0.268
0.186,0.266,0.484,0.471,0.484,0.059,0.168,0.268
0.186,0.266,0.484,0.471,0.484,0.059,0.168,0.268
0.186,0.266,0.483,0.471,0.483,0.059,0.168,0.268
0.186,0.266,0.483,0.471,0.484,0.059,0.169,0.268
0.186,0.266,0.484,0.471,0.483,0.059,0.168,0.268
0.186,0.267,0.483,0.471,0.483,0.059,0.168,0.268
0.186,0.266,0.483,0.471,0.483,0.059,0.168,0.268
0.186,0.266,0.483,0.471,0.483,0.059,0.168,0.268
0.186,0.266,0.483,0.471,0.483,0.059,0.168,0.268
0.186,0.266,0.483,0.471,0.483,0.059,0.168,0.268
0.186,0.266,0.483,0.471,0.483,0.059,0.168,0.268
0.186,0.266,0.483,0.471,0.483,0.059,0.168,0.268
0.186,0.266,0.483,0.471,0.483,0.059,0.168,0.268
0.186,0.266,0.483,0.471,0.483,0.059,0.168,0.268
0.186,0.266,0.483,0.471,0.483,0.059,0.168,0.268
0.186,0.266,0.483,0.471,0.483,0.059,0.168,0.268
0.186,0.266,0.483,0.471,0.483,0.059,0.168,0.268
0.186,0.266,0.482,0.471,0.483,0.059,0.168,0.268
0.186,0.266,0.482,0.47,0.483,0.059,0.168,0.268
0.186,0.266,0.482,0.471,0.483,0.059,0.168,0.268
0.186,0.266,0.482,0.47,0.483,0.059,0.168,0.268
0.186,0.266,0.482,0.471,0.483,0.059,0.168,0.268
0.186,0.266,0.482,0.47,0.483,0.059,0.168,0.268
0.186,0.266,0.482,0.47,0.483,0.059,0.168,0.268
0.186,0.266,0.482,0.47,0.483,0.059,0.168,0.268
0.186,0.266,0.482,0.47,0.483,0.059,0.168,0.268
0.186,0.266,0.482,0.47,0.483,0.059,0.168,0.268
0.186,0.266,0.482,0.47,0.482,0.059,0.168,0.268
0.186,0.266,0.482,0.47,0.483,0.059,0.168,0.268
0.186,0.266,0.482,0.47,0.482,0.059,0.168,0.268
0.186,0.266,0.481,0.47,0.483,0.059,0.168,0.268
0.186,0.266,0.481,0.47,0.482,0.059,0.168,0.268
0.186,0.266,0.481,0.47,0.482,0.059,0.168,0.267
0.186,0.266,0.481,0.47,0.482,0.059,0.168,0.268
0.186,0.266,0.481,0.47,0.482,0.059,0.168,0.267
0.186,0.266,0.481,0.47,0.482,0.059,0.168,0.267
0.186,0.266,0.481,0.47,0.482,0.059,0.168,0.267
0.186,0.266,0.481,0.47,0.482,0.059,0.168,0.267
0.186,0.266,0.481,0.47,0.482,0.059,0.168,0.268
0.186,0.266,0.481,0.47,0.482,0.059,0.168,0.268
0.186,0.266,0.481,0.47,0.482,0.059,0.168,0.268
0.186,0.266,0.481,0.47,0.482,0.059,0.168,0.267
0.186,0.266,0.481,0.47,0.482,0.059,0.168,0.267
0.186,0.266,0.481,0.47,0.482,0.059,0.168,0.267
0.186,0.266,0.481,0.469,0.482,0.059,0.168,0.267
0.186,0.266,0.481,0.47,0.482,0.059,0.168,0.267
0.186,0.266,0.48,0.47,0.482,0.059,0.168,0.267
0.186,0.266,0.48,0.469,0.482,0.059,0.168,0.267
0.186,0.266,0.48,0.469,0.482,0.059,0.168,0.267
0.186,0.265,0.48,0.469,0.482,0.059,0.168,0.267
0.186,0.266,0.48,0.469,0.482,0.059,0.168,0.267
0.185,0.265,0.48,0.469,0.482,0.059,0.168,0.267
0.185,0.266,0.48,0.469,0.482,0.059,0.168,0.267
0.185,0.265,0.48,0.469,0.482,0.059,0.168,0.267
0.185,0.265,0.48,0.469,0.482,0.059,0.168,0.267
0.186,0.265,0.48,0.469,0.482,0.059,0.168,0.267
0.186,0.265,0.48,0.469,0.482,0.059,0.168,0.267
0.185,0.265,0.48,0.469,0.482,0.059,0.168,0.267
0.185,0.265,0.48,0.469,0.482,0.059,0.168,0.267
0.186,0.265,0.48,0.469,0.482,0.059,0.168,0.267
0.185,0.265,0.48,0.469,0.482,0.059,0.168,0.267
0.185,0.266,0.479,0.469,0.481,0.059,0.168,0.267
0.185,0.265,0.479,0.469,0.482,0.059,0.168,0.267
0.185,0.265,0.479,0.469,0.481,0.059,0.168,0.267
0.185,0.265,0.479,0.469,0.481,0.059,0.168,0.267
0.185,0.265,0.479,0.469,0.481,0.059,0.167,0.267
0.185,0.265,0.479,0.469,0.481,0.059,0.167,0.267
0.185,0.265,0.479,0.468,0.481,0.059,0.168,0.267
0.185,0.265,0.479,0.468,0.481,0.059,0.167,0.267
0.185,0.265,0.479,0.468,0.481,0.059,0.168,0.267
0.185,0.265,0.479,0.468,0.481,0.059,0.167,0.267
0.185,0.265,0.479,0.468,0.481,0.059,0.167,0.267
0.185,0.265,0.479,0.468,0.481,0.059,0.167,0.267
0.185,0.265,0.479,0.468,0.481,0.059,0.168,0.267
0.185,0.265,0.479,0.468,0.481,0.059,0.167,0.267
0.185,0.265,0.479,0.468,0.481,0.059,0.167,0.267
0.185,0.265,0.479,0.468,0.481,0.059,0.168,0.267
0.185,0.265,0.479,0.468,0.481,0.059,0.167,0.267
0.185,0.265,0.478,0.468,0.481,0.059,0.167,0.267
0.185,0.265,0.478,0.468,0.481,0.059,0.167,0.267
0.185,0.265,0.478,0.468,0.481,0.059,0.167,0.267
0.185,0.265,0.478,0.468,0.481,0.059,0.167,0.267
0.185,0.265,0.478,0.468,0.481,0.059,0.167,0.267
0.185,0.265,0.478,0.467,0.481,0.059,0.167,0.267
0.185,0.265,0.478,0.467,0.481,0.059,0.167,0.267
0.185,0.265,0.478,0.467,0.481,0.059,0.167,0.266
0.185,0.265,0.478,0.467,0.481,0.059,0.167,0.267
0.185,0.265,0.478,0.467,0.481,0.059,0.167,0.267
0.185,0.264,0.478,0.467,0.481,0.059,0.167,0.266
0.185,0.264,0.478,0.467,0.481,0.059,0.167,0.266
0.185,0.264,0.477,0.467,0.481,0.059,0.167,0.266
0.185,0.265,0.477,0.467,0.481,0.059,0.167,0.266
0.185,0.264,0.477,0.467,0.481,0.059,0.167,0.266
0.185,0.265,0.477,0.467,0.481,0.059,0.167,0.266
0.185,0.265,0.477,0.467,0.481,0.059,0.167,0.266
0.185,0.265,0.477,0.467,0.481,0.059,0.167,0.266
0.185,0.264,0.477,0.467,0.481,0.059,0.167,0.266
0.185,0.264,0.477,0.467,0.481,0.059,0.167,0.266
0.185,0.265,0.477,0.467,0.481,0.059,0.167,0.266
0.185,0.264,0.477,0.467,0.48,0.059,0.167,0.266
0.185,0.264,0.477,0.467,0.481,0.059,0.167,0.266
0.185,0.264,0.477,0.467,0.481,0.059,0.167,0.266
0.185,0.265,0.477,0.467,0.48,0.059,0.167,0.266
0.185,0.264,0.477,0.467,0.48,0.059,0.167,0.266
0.185,0.264,0.477,0.467,0.48,0.059,0.167,0.266
0.185,0.264,0.477,0.466,0.48,0.059,0.167,0.266
0.184,0.264,0.477,0.467,0.48,0.059,0.167,0.266
0.184,0.264,0.476,0.466,0.48,0.059,0.167,0.266
0.185,0.264,0.476,0.466,0.48,0.059,0.167,0.266
0.185,0.264,0.476,0.466,0.48,0.059,0.167,0.266
0.185,0.264,0.476,0.466,0.48,0.059,0.167,0.266
0.185,0.264,0.476,0.466,0.48,0.059,0.167,0.266
0.185,0.264,0.476,0.466,0.48,0.059,0.167,0.266
0.184,0.264,0.476,0.466,0.48,0.059,0.167,0.266
0.184,0.264,0.476,0.466,0.48,0.059,0.167,0.266
0.184,0.264,0.476,0.466,0.48,0.059,0.167,0.266
0.184,0.264,0.476,0.466,0.48,0.059,0.167,0.266
0.184,0.264,0.476,0.466,0.48,0.059,0.167,0.266
0.184,0.264,0.476,0.466,0.48,0.059,0.167,0.266
0.184,0.264,0.476,0.466,0.48,0.059,0.167,0.266
0.184,0.264,0.475,0.466,0.48,0.059,0.167,0.266
0.184,0.264,0.475,0.466,0.48,0.059,0.167,0.266
0.184,0.264,0.475,0.466,0.48,0.059,0.167,0.266
0.184,0.264,0.475,0.466,0.48,0.059,0.167,0.266
0.184,0.264,0.475,0.466,0.48,0.059,0.167,0.266
0.184,0.264,0.475,0.466,0.48,0.059,0.167,0.266
0.184,0.264,0.475,0.466,0.48,0.059,0.167,0.266
0.184,0.264,0.475,0.466,0.48,0.059,0.167,0.266
0.184,0.264,0.475,0.466,0.48,0.059,0.167,0.266
0.184,0.264,0.475,0.466,0.48,0.059,0.167,0.266
0.184,0.264,0.475,0.466,0.48,0.059,0.167,0.266
0.184,0.264,0.475,0.466,0.48,0.059,0.167,0.266
0.184,0.264,0.475,0.466,0.48,0.059,0.167,0.266
0.184,0.264,0.475,0.466,0.48,0.059,0.167,0.266
0.184,0.264,0.475,0.466,0.48,0.059,0.167,0.266
0.184,0.264,0.475,0.466,0.48,0.059,0.167,0.266
0.184,0.263,0.475,0.466,0.48,0.059,0.166,0.266
0.184,0.263,0.474,0.466,0.48,0.059,0.167,0.266
0.184,0.263,0.474,0.466,0.48,0.059,0.166,0.266
0.184,0.264,0.474,0.466,0.48,0.059,0.167,0.266
0.184,0.264,0.474,0.466,0.48,0.059,0.167,0.266
0.184,0.263,0.474,0.466,0.48,0.059,0.167,0.266
0.184,0.263,0.474,0.466,0.48,0.059,0.167,0.266
0.184,0.263,0.474,0.466,0.48,0.059,0.167,0.266
0.184,0.263,0.474,0.466,0.48,0.059,0.167,0.266
0.184,0.264,0.474,0.466,0.48,0.059,0.167,0.266
0.184,0.263,0.474,0.466,0.48,0.059,0.167,0.266
0.184,0.263,0.474,0.466,0.48,0.059,0.167,0.266
0.184,0.263,0.474,0.466,0.48,0.059,0.167,0.266
0.184,0.263,0.474,0.466,0.48,0.059,0.167,0.266
0.184,0.263,0.474,0.466,0.48,0.059,0.166,0.266
0.184,0.263,0.474,0.466,0.48,0.059,0.167,0.266
0.184,0.263,0.474,0.466,0.48,0.059,0.167,0.266
0.184,0.263,0.474,0.467,0.48,0.059,0.167,0.266
0.184,0.263,0.474,0.467,0.48,0.059,0.166,0.266
0.184,0.263,0.474,0.467,0.48,0.059,0.167,0.266
0.184,0.263,0.474,0.467,0.48,0.059,0.167,0.266
0.184,0.264,0.474,0.468,0.48,0.059,0.167,0.267
0.184,0.263,0.474,0.468,0.481,0.059,0.167,0.267
0.184,0.263,0.473,0.468,0.481,0.059,0.167,0.267
0.184,0.264,0.473,0.469,0.481,0.059,0.166,0.267
0.184,0.264,0.473,0.469,0.482,0.059,0.166,0.268
0.184,0.264,0.473,0.47,0.482,0.059,0.166,0.268
0.184,0.264,0.473,0.47,0.482,0.059,0.166,0.268
0.184,0.264,0.473,0.471,0.482,0.059,0.166,0.268
0.184,0.264,0.473,0.471,0.483,0.059,0.166,0.269
0.184,0.264,0.473,0.472,0.483,0.059,0.166,0.269
0.184,0.264,0.473,0.472,0.483,0.059,0.166,0.27
0.184,0.264,0.473,0.473,0.484,0.059,0.166,0.27
0.184,0.265,0.473,0.473,0.484,0.059,0.166,0.271
0.184,0.265,0.473,0.474,0.484,0.059,0.166,0.271
0.184,0.265,0.473,0.474,0.484,0.059,0.166,0.272
0.184,0.265,0.473,0.475,0.485,0.059,0.166,0.272
0.184,0.265,0.473,0.475,0.485,0.059,0.166,0.273
0.184,0.266,0.473,0.476,0.485,0.059,0.166,0.273
0.184,0.266,0.473,0.476,0.486,0.059,0.166,0.274
0.184,0.266,0.473,0.477,0.486,0.059,0.166,0.274
0.184,0.266,0.473,0.477,0.486,0.059,0.166,0.274
0.184,0.266,0.473,0.478,0.487,0.059,0.166,0.275
0.184,0.267,0.473,0.479,0.487,0.059,0.166,0.275
0.184,0.267,0.473,0.479,0.487,0.059,0.166,0.276
0.184,0.267,0.473,0.48,0.488,0.059,0.166,0.276
0.184,0.267,0.473,0.48,0.488,0.059,0.166,0.277
0.184,0.268,0.473,0.481,0.488,0.059,0.166,0.277
0.184,0.268,0.473,0.482,0.489,0.059,0.166,0.278
0.184,0.268,0.473,0.482,0.489,0.059,0.166,0.278
0.184,0.268,0.473,0.483,0.489,0.059,0.166,0.279
0.184,0.268,0.473,0.483,0.489,0.059,0.166,0.279
0.184,0.269,0.473,0.484,0.49,0.059,0.166,0.279
0.184,0.269,0.473,0.484,0.49,0.059,0.166,0.28
0.184,0.269,0.473,0.485,0.491,0.059,0.166,0.28
0.184,0.27,0.473,0.485,0.491,0.059,0.166,0.281
0.184,0.27,0.473,0.486,0.491,0.059,0.166,0.281
0.184,0.27,0.473,0.487,0.492,0.059,0.166,0.282
0.184,0.27,0.472,0.487,0.492,0.059,0.166,0.282
0.184,0.27,0.473,0.488,0.492,0.059,0.166,0.283
0.184,0.271,0.473,0.488,0.493,0.059,0.166,0.283
0.184,0.271,0.473,0.489,0.493,0.059,0.166,0.284
0.184,0.271,0.472,0.489,0.493,0.059,0.166,0.284
0.184,0.272,0.472,0.49,0.494,0.059,0.166,0.285
0.184,0.272,0.473,0.49,0.494,0.059,0.166,0.285
0.184,0.272,0.472,0.491,0.494,0.059,0.166,0.286
0.184,0.273,0.472,0.492,0.495,0.059,0.166,0.286
0.184,0.273,0.473,0.492,0.495,0.059,0.166,0.287
0.184,0.273,0.473,0.493,0.495,0.059,0.166,0.287
0.184,0.273,0.472,0.493,0.496,0.059,0.166,0.288
0.184,0.274,0.473,0.494,0.496,0.059,0.166,0.288
0.184,0.274,0.472,0.494,0.496,0.059,0.166,0.288
0.184,0.274,0.472,0.495,0.497,0.059,0.166,0.289
0.184,0.275,0.472,0.495,0.497,0.059,0.166,0.29
0.185,0.275,0.472,0.496,0.497,0.059,0.166,0.29
0.184,0.275,0.472,0.497,0.498,0.059,0.166,0.29
0.184,0.276,0.472,0.497,0.498,0.059,0.166,0.291
0.185,0.276,0.473,0.498,0.499,0.059,0.166,0.291
0.185,0.276,0.472,0.498,0.499,0.059,0.166,0.292
0.184,0.277,0.473,0.499,0.499,0.059,0.166,0.292
0.185,0.277,0.472,0.499,0.5,0.059,0.166,0.293
0.184,0.277,0.472,0.5,0.5,0.059,0.166,0.293
0.184,0.278,0.472,0.5,0.5,0.059,0.166,0.294
0.185,0.278,0.472,0.501,0.501,0.059,0.166,0.294
0.185,0.278,0.472,0.501,0.501,0.06,0.166,0.295
0.185,0.279,0.472,0.502,0.501,0.06,0.166,0.295
0.185,0.279,0.472,0.502,0.502,0.059,0.166,0.295
0.185,0.279,0.472,0.503,0.502,0.059,0.166,0.296
0.185,0.28,0.472,0.503,0.502,0.059,0.166,0.296
0.185,0.28,0.472,0.504,0.503,0.059,0.166,0.297
0.185,0.28,0.473,0.504,0.503,0.059,0.166,0.297
0.185,0.28,0.473,0.505,0.503,0.06,0.166,0.298
0.185,0.281,0.472,0.505,0.504,0.059,0.166,0.298
0.185,0.281,0.472,0.506,0.504,0.059,0.166,0.298
0.185,0.282,0.472,0.506,0.504,0.06,0.166,0.299
0.185,0.282,0.473,0.507,0.505,0.059,0.166,0.3
0.185,0.282,0.473,0.508,0.505,0.059,0.166,0.3
0.185,0.282,0.472,0.508,0.506,0.059,0.166,0.3
0.185,0.283,0.472,0.509,0.506,0.059,0.166,0.301
0.185,0.283,0.472,0.509,0.507,0.06,0.166,0.301
0.185,0.283,0.473,0.51,0.507,0.06,0.166,0.302
0.185,0.284,0.473,0.51,0.507,0.06,0.166,0.302
0.185,0.284,0.472,0.511,0.507,0.06,0.166,0.303
0.185,0.284,0.472,0.512,0.508,0.06,0.166,0.303
0.185,0.285,0.473,0.512,0.508,0.06,0.166,0.303
0.185,0.285,0.473,0.512,0.509,0.06,0.166,0.304
0.185,0.285,0.473,0.513,0.509,0.06,0.166,0.304
0.185,0.286,0.473,0.513,0.509,0.06,0.166,0.304
0.185,0.286,0.473,0.514,0.509,0.06,0.166,0.305
0.185,0.286,0.473,0.515,0.51,0.06,0.166,0.305
0.185,0.287,0.473,0.515,0.51,0.06,0.166,0.306
0.185,0.288,0.473,0.516,0.511,0.06,0.166,0.307
0.186,0.289,0.473,0.517,0.511,0.06,0.166,0.307
0.186,0.292,0.473,0.518,0.512,0.06,0.166,0.308
0.186,0.295,0.473,0.52,0.513,0.06,0.166,0.309
0.186,0.299,0.473,0.523,0.514,0.06,0.166,0.31
0.186,0.303,0.474,0.526,0.516,0.06,0.166,0.312
0.186,0.307,0.474,0.529,0.518,0.06,0.166,0.313
0.186,0.311,0.474,0.532,0.52,0.06,0.167,0.314
0.186,0.315,0.475,0.535,0.522,0.06,0.166,0.315
0.186,0.319,0.475,0.538,0.524,0.06,0.167,0.316
0.186,0.323,0.475,0.541,0.526,0.06,0.167,0.318
0.186,0.326,0.476,0.543,0.528,0.06,0.167,0.319
0.187,0.33,0.476,0.546,0.53,0.06,0.167,0.32
0.187,0.333,0.476,0.548,0.532,0.06,0.167,0.321
0.187,0.336,0.477,0.551,0.534,0.06,0.167,0.322
0.187,0.34,0.477,0.553,0.536,0.06,0.167,0.322
0.187,0.342,0.478,0.555,0.538,0.06,0.167,0.323
0.187,0.345,0.478,0.557,0.54,0.06,0.167,0.324
0.187,0.348,0.478,0.559,0.541,0.061,0.167,0.325
0.187,0.352,0.478,0.56,0.542,0.061,0.167,0.327
0.187,0.356,0.479,0.562,0.543,0.061,0.167,0.328
0.187,0.361,0.479,0.564,0.545,0.061,0.167,0.329
0.188,0.365,0.479,0.566,0.547,0.061,0.168,0.33
0.188,0.369,0.48,0.568,0.548,0.061,0.167,0.331
0.188,0.373,0.48,0.57,0.55,0.061,0.167,0.332
0.188,0.378,0.481,0.572,0.552,0.061,0.168,0.333
0.188,0.381,0.481,0.574,0.554,0.061,0.168,0.334
0.188,0.385,0.481,0.576,0.555,0.061,0.168,0.334
0.188,0.389,0.482,0.578,0.557,0.061,0.168,0.335
0.188,0.392,0.482,0.58,0.558,0.062,0.168,0.336
0.189,0.396,0.483,0.582,0.56,0.062,0.168,0.337
0.189,0.4,0.483,0.584,0.562,0.062,0.168,0.337
0.189,0.403,0.483,0.585,0.563,0.062,0.168,0.338
0.189,0.407,0.484,0.587,0.565,0.062,0.168,0.338
0.189,0.411,0.484,0.589,0.567,0.062,0.168,0.339
0.189,0.414,0.485,0.59,0.569,0.062,0.168,0.34
0.189,0.418,0.485,0.592,0.57,0.062,0.168,0.34
0.19,0.422,0.485,0.594,0.572,0.063,0.168,0.341
0.19,0.425,0.486,0.595,0.573,0.063,0.168,0.341
0.19,0.429,0.486,0.597,0.575,0.063,0.168,0.342
0.19,0.433,0.486,0.598,0.577,0.063,0.169,0.342
0.19,0.437,0.487,0.6,0.578,0.063,0.169,0.343
0.19,0.442,0.487,0.603,0.58,0.063,0.169,0.344
0.191,0.448,0.488,0.609,0.582,0.063,0.169,0.347
0.191,0.455,0.488,0.617,0.584,0.063,0.169,0.351
0.191,0.463,0.489,0.625,0.587,0.064,0.169,0.358
0.191,0.471,0.49,0.631,0.591,0.064,0.17,0.367
0.191,0.481,0.491,0.637,0.598,0.064,0.17,0.377
0.192,0.493,0.491,0.643,0.606,0.064,0.17,0.389
0.193,0.504,0.492,0.649,0.616,0.065,0.171,0.4
0.193,0.515,0.493,0.654,0.626,0.065,0.171,0.41
0.194,0.528,0.494,0.658,0.635,0.066,0.171,0.419
0.194,0.541,0.495,0.664,0.644,0.066,0.171,0.428
0.195,0.554,0.496,0.669,0.652,0.067,0.172,0.435
0.195,0.566,0.497,0.674,0.661,0.067,0.172,0.443
0.196,0.579,0.498,0.679,0.669,0.067,0.172,0.45
0.197,0.592,0.499,0.683,0.677,0.068,0.172,0.456
0.197,0.605,0.5,0.687,0.685,0.069,0.173,0.462
0.198,0.618,0.501,0.691,0.692,0.069,0.173,0.469
0.198,0.632,0.502,0.694,0.7,0.069,0.173,0.474
0.199,0.646,0.503,0.698,0.707,0.07,0.173,0.478
0.199,0.658,0.505,0.698,0.713,0.07,0.173,0.483
0.2,0.67,0.506,0.704,0.72,0.071,0.174,0.488
0.2,0.683,0.507,0.705,0.726,0.071,0.174,0.493
0.201,0.695,0.508,0.709,0.732,0.072,0.174,0.497
0.201,0.708,0.509,0.713,0.738,0.072,0.174,0.501
0.202,0.721,0.51,0.716,0.744,0.073,0.174,0.506
0.202,0.732,0.511,0.717,0.75,0.073,0.174,0.51
0.203,0.743,0.513,0.721,0.755,0.074,0.174,0.514
0.203,0.754,0.514,0.726,0.76,0.074,0.175,0.519
0.204,0.764,0.515,0.727,0.765,0.074,0.175,0.523
0.204,0.774,0.516,0.734,0.77,0.075,0.175,0.526
0.204,0.783,0.517,0.736,0.774,0.075,0.175,0.53
0.205,0.792,0.518,0.743,0.778,0.076,0.175,0.534
0.206,0.802,0.519,0.744,0.783,0.076,0.175,0.537
0.206,0.811,0.52,0.745,0.787,0.076,0.176,0.541
0.207,0.819,0.521,0.749,0.791,0.077,0.176,0.544
0.207,0.827,0.522,0.753,0.795,0.077,0.176,0.547
0.208,0.834,0.523,0.755,0.799,0.078,0.176,0.55
0.208,0.842,0.525,0.761,0.802,0.078,0.176,0.553
0.208,0.85,0.526,0.763,0.806,0.079,0.177,0.557
0.209,0.857,0.527,0.766,0.81,0.079,0.177,0.56
0.209,0.864,0.528,0.769,0.813,0.079,0.177,0.563
0.21,0.871,0.529,0.773,0.817,0.08,0.177,0.566
0.21,0.878,0.53,0.779,0.82,0.08,0.177,0.569
0.211,0.884,0.531,0.783,0.824,0.08,0.178,0.572
0.211,0.89,0.532,0.785,0.828,0.081,0.178,0.575
0.212,0.896,0.533,0.787,0.831,0.081,0.178,0.578
0.212,0.902,0.534,0.792,0.834,0.082,0.178,0.581
0.213,0.908,0.535,0.796,0.838,0.082,0.179,0.584
0.213,0.913,0.536,0.801,0.841,0.083,0.179,0.587
0.214,0.919,0.537,0.804,0.844,0.083,0.179,0.59
0.214,0.924,0.538,0.808,0.848,0.083,0.179,0.592
0.215,0.929,0.539,0.811,0.851,0.084,0.18,0.595
0.215,0.934,0.54,0.813,0.854,0.084,0.18,0.598
0.215,0.939,0.541,0.817,0.857,0.085,0.18,0.601
0.216,0.945,0.542,0.821,0.861,0.085,0.18,0.604
0.216,0.949,0.543,0.824,0.864,0.085,0.18,0.606
0.217,0.954,0.544,0.828,0.867,0.086,0.181,0.609
0.217,0.959,0.545,0.83,0.87,0.086,0.181,0.612
0.218,0.964,0.546,0.833,0.874,0.086,0.181,0.615
0.218,0.968,0.547,0.836,0.876,0.087,0.181,0.617
0.219,0.973,0.548,0.839,0.88,0.087,0.182,0.62
0.219,0.977,0.549,0.842,0.883,0.088,0.182,0.623
0.22,0.982,0.55,0.846,0.886,0.088,0.182,0.626
0.22,0.986,0.551,0.849,0.889,0.088,0.182,0.628
0.221,0.99,0.552,0.853,0.892,0.089,0.182,0.631
0.221,0.994,0.553,0.856,0.895,0.089,0.183,0.634
0.222,0.998,0.553,0.859,0.898,0.089,0.183,0.636
0.222,1.002,0.554,0.862,0.902,0.09,0.183,0.639
0.223,1.006,0.555,0.864,0.905,0.09,0.183,0.642
0.223,1.01,0.556,0.866,0.908,0.091,0.184,0.644
0.224,1.014,0.557,0.869,0.911,0.091,0.184,0.647
0.224,1.018,0.558,0.87,0.914,0.092,0.184,0.65
0.225,1.023,0.559,0.873,0.917,0.092,0.184,0.652
0.225,1.026,0.56,0.877,0.92,0.092,0.184,0.655
0.225,1.03,0.561,0.881,0.923,0.093,0.185,0.658
0.226,1.034,0.562,0.884,0.926,0.093,0.185,0.66
0.227,1.038,0.563,0.887,0.929,0.093,0.185,0.663
0.227,1.041,0.564,0.889,0.932,0.094,0.185,0.666
0.227,1.045,0.565,0.891,0.935,0.094,0.185,0.669
0.228,1.049,0.566,0.893,0.938,0.095,0.186,0.671
0.228,1.053,0.567,0.896,0.941,0.095,0.186,0.674
0.229,1.056,0.568,0.899,0.944,0.096,0.186,0.677
0.229,1.06,0.568,0.902,0.947,0.096,0.186,0.679
0.23,1.064,0.569,0.904,0.95,0.096,0.187,0.682
0.23,1.067,0.57,0.905,0.953,0.097,0.187,0.684
0.231,1.071,0.571,0.908,0.956,0.097,0.187,0.687
0.231,1.074,0.572,0.912,0.959,0.098,0.187,0.69
0.232,1.078,0.573,0.916,0.962,0.098,0.187,0.692
0.232,1.081,0.574,0.92,0.965,0.098,0.187,0.695
0.233,1.085,0.575,0.923,0.968,0.099,0.188,0.697
0.233,1.088,0.576,0.925,0.971,0.099,0.188,0.7
0.234,1.092,0.577,0.928,0.974,0.1,0.188,0.703
0.234,1.095,0.578,0.931,0.977,0.1,0.188,0.705
0.234,1.098,0.579,0.934,0.98,0.101,0.188,0.708
0.235,1.102,0.58,0.938,0.983,0.101,0.189,0.71
0.236,1.105,0.58,0.94,0.986,0.101,0.189,0.713
0.236,1.108,0.581,0.943,0.989,0.102,0.189,0.715
0.237,1.111,0.582,0.946,0.991,0.102,0.189,0.718
0.237,1.115,0.583,0.95,0.995,0.103,0.19,0.72
0.237,1.118,0.584,0.953,0.997,0.103,0.19,0.723
0.238,1.121,0.585,0.956,1.0,0.104,0.19,0.725
0.238,1.124,0.586,0.959,1.003,0.104,0.19,0.728
0.239,1.127,0.587,0.962,1.006,0.104,0.19,0.73
0.24,1.13,0.587,0.964,1.009,0.105,0.19,0.733
0.24,1.133,0.588,0.967,1.012,0.105,0.191,0.735
0.24,1.136,0.589,0.969,1.014,0.106,0.191,0.737
0.241,1.139,0.59,0.972,1.017,0.106,0.191,0.74
0.241,1.142,0.591,0.975,1.02,0.107,0.191,0.742
0.242,1.145,0.592,0.978,1.023,0.107,0.191,0.745
0.242,1.147,0.593,0.981,1.026,0.107,0.192,0.747
0.243,1.15,0.594,0.984,1.028,0.108,0.192,0.749
0.243,1.153,0.594,0.987,1.031,0.108,0.192,0.752
0.244,1.156,0.595,0.99,1.034,0.109,0.192,0.754
0.244,1.159,0.596,0.993,1.036,0.109,0.193,0.757
0.245,1.162,0.597,0.996,1.039,0.11,0.193,0.759
0.246,1.164,0.598,0.999,1.042,0.11,0.193,0.761
0.246,1.167,0.599,1.002,1.045,0.111,0.193,0.763
0.246,1.17,0.6,1.005,1.047,0.111,0.193,0.766
0.247,1.172,0.601,1.008,1.05,0.112,0.193,0.768
0.247,1.174,0.601,1.011,1.053,0.112,0.194,0.77
0.248,1.177,0.602,1.014,1.055,0.112,0.194,0.773
0.248,1.179,0.603,1.017,1.058,0.113,0.194,0.775
0.249,1.182,0.604,1.019,1.061,0.113,0.194,0.777
0.25,1.184,0.605,1.022,1.063,0.114,0.194,0.78
0.25,1.187,0.606,1.025,1.066,0.114,0.195,0.782
0.25,1.189,0.607,1.028,1.068,0.115,0.195,0.784
0.251,1.192,0.607,1.03,1.071,0.115,0.195,0.786
0.251,1.194,0.608,1.033,1.073,0.116,0.195,0.788
0.252,1.196,0.609,1.035,1.076,0.116,0.195,0.791
0.252,1.198,0.61,1.038,1.078,0.116,0.196,0.793
0.253,1.201,0.611,1.041,1.081,0.117,0.196,0.795
0.254,1.203,0.612,1.043,1.084,0.117,0.196,0.797
0.254,1.205,0.613,1.046,1.086,0.118,0.196,0.799
0.254,1.207,0.613,1.048,1.088,0.118,0.196,0.801
0.255,1.209,0.614,1.05,1.091,0.119,0.197,0.804
0.255,1.211,0.615,1.053,1.093,0.119,0.197,0.806
0.256,1.214,0.616,1.056,1.096,0.12,0.197,0.808
0.257,1.216,0.617,1.058,1.098,0.12,0.197,0.81
0.257,1.218,0.617,1.06,1.101,0.121,0.197,0.812
0.257,1.22,0.618,1.063,1.103,0.121,0.198,0.814
0.258,1.222,0.619,1.065,1.105,0.121,0.198,0.816
0.259,1.224,0.62,1.068,1.108,0.122,0.198,0.818
0.259,1.226,0.621,1.07,1.11,0.122,0.198,0.821
0.259,1.228,0.622,1.073,1.113,0.123,0.198,0.823
0.26,1.23,0.622,1.075,1.115,0.123,0.199,0.825
0.261,1.232,0.623,1.078,1.118,0.124,0.199,0.827
0.261,1.234,0.624,1.08,1.12,0.124,0.199,0.829
0.262,1.237,0.625,1.083,1.122,0.125,0.199,0.831
0.262,1.238,0.626,1.086,1.125,0.125,0.199,0.833
0.263,1.241,0.627,1.088,1.127,0.126,0.199,0.836
0.263,1.243,0.627,1.091,1.13,0.126,0.199,0.838
0.264,1.245,0.628,1.093,1.132,0.127,0.2,0.84
0.264,1.247,0.629,1.096,1.134,0.127,0.2,0.842
0.265,1.249,0.63,1.098,1.137,0.128,0.2,0.844
0.265,1.251,0.631,1.1,1.139,0.128,0.2,0.846
0.266,1.253,0.631,1.103,1.142,0.129,0.2,0.849
0.266,1.255,0.632,1.105,1.144,0.129,0.201,0.851
0.267,1.257,0.633,1.108,1.147,0.13,0.201,0.853
0.267,1.259,0.634,1.11,1.149,0.13,0.201,0.855
0.268,1.261,0.635,1.113,1.151,0.131,0.201,0.857
0.268,1.263,0.636,1.115,1.154,0.131,0.201,0.86
0.269,1.265,0.636,1.118,1.156,0.132,0.201,0.862
0.269,1.267,0.637,1.12,1.158,0.132,0.202,0.864
0.27,1.269,0.638,1.122,1.161,0.133,0.202,0.866
0.27,1.271,0.639,1.125,1.163,0.134,0.202,0.868
0.271,1.273,0.64,1.127,1.166,0.134,0.202,0.87
0.271,1.275,0.64,1.13,1.168,0.134,0.203,0.872
0.272,1.277,0.641,1.133,1.171,0.135,0.203,0.875
0.272,1.279,0.642,1.135,1.173,0.135,0.203,0.877
0.273,1.281,0.643,1.138,1.175,0.136,0.203,0.879
0.274,1.282,0.644,1.14,1.177,0.137,0.203,0.881
0.274,1.284,0.644,1.142,1.18,0.137,0.203,0.883
0.275,1.286,0.645,1.145,1.182,0.138,0.204,0.885
0.275,1.288,0.646,1.147,1.185,0.138,0.204,0.887
0.276,1.29,0.647,1.149,1.187,0.139,0.204,0.89
0.276,1.292,0.648,1.152,1.189,0.139,0.204,0.892
0.277,1.294,0.649,1.154,1.192,0.14,0.204,0.894
0.277,1.296,0.649,1.157,1.194,0.14,0.204,0.896
0.278,1.298,0.65,1.159,1.196,0.141,0.205,0.898
0.278,1.299,0.651,1.161,1.199,0.141,0.205,0.9
0.279,1.301,0.652,1.164,1.201,0.142,0.205,0.902
0.279,1.303,0.653,1.166,1.203,0.143,0.205,0.905
0.28,1.305,0.653,1.168,1.205,0.143,0.205,0.907
0.28,1.307,0.654,1.171,1.208,0.144,0.206,0.909
0.281,1.309,0.655,1.173,1.21,0.144,0.206,0.911
0.282,1.311,0.656,1.176,1.212,0.145,0.206,0.913
0.282,1.313,0.656,1.178,1.215,0.145,0.206,0.915
0.283,1.314,0.657,1.181,1.217,0.146,0.206,0.917
0.283,1.316,0.658,1.183,1.219,0.147,0.207,0.919
0.284,1.318,0.659,1.185,1.222,0.147,0.207,0.921
0.284,1.32,0.66,1.187,1.224,0.147,0.207,0.923
0.285,1.321,0.66,1.19,1.226,0.148,0.207,0.925
0.285,1.321,0.661,1.192,1.228,0.149,0.207,0.927
0.286,1.32,0.662,1.194,1.23,0.149,0.207,0.928
0.286,1.319,0.662,1.196,1.233,0.15,0.208,0.93
0.287,1.318,0.663,1.197,1.235,0.15,0.208,0.931
0.287,1.317,0.664,1.199,1.237,0.151,0.208,0.933
0.288,1.315,0.665,1.199,1.239,0.151,0.208,0.934
0.288,1.313,0.665,1.2,1.241,0.152,0.208,0.935
0.289,1.312,0.666,1.2,1.242,0.152,0.208,0.936
0.289,1.31,0.666,1.2,1.243,0.153,0.209,0.937
0.29,1.308,0.667,1.2,1.245,0.153,0.209,0.938
0.29,1.306,0.668,1.201,1.246,0.154,0.209,0.939
0.291,1.304,0.668,1.201,1.247,0.154,0.209,0.94
0.291,1.302,0.669,1.2,1.248,0.155,0.209,0.941
0.291,1.3,0.669,1.2,1.249,0.155,0.209,0.941
0.292,1.298,0.67,1.2,1.25,0.156,0.21,0.942
0.292,1.297,0.67,1.2,1.25,0.156,0.21,0.943
0.293,1.295,0.671,1.2,1.251,0.157,0.21,0.944
0.293,1.293,0.671,1.2,1.252,0.157,0.21,0.944
0.294,1.291,0.672,1.2,1.252,0.157,0.21,0.945
0.294,1.289,0.672,1.2,1.253,0.158,0.21,0.946
0.295,1.287,0.673,1.201,1.253,0.158,0.21,0.946
0.295,1.284,0.673,1.201,1.254,0.159,0.21,0.947
0.296,1.282,0.674,1.201,1.254,0.159,0.211,0.948
0.296,1.28,0.674,1.201,1.254,0.16,0.211,0.948
0.297,1.278,0.675,1.201,1.254,0.16,0.211,0.949
0.297,1.277,0.675,1.201,1.254,0.16,0.211,0.95
0.298,1.275,0.675,1.201,1.255,0.161,0.211,0.95
0.298,1.273,0.676,1.201,1.255,0.161,0.211,0.951
0.298,1.271,0.676,1.201,1.255,0.162,0.211,0.952
0.299,1.27,0.677,1.201,1.256,0.162,0.212,0.952
0.299,1.268,0.677,1.201,1.256,0.162,0.212,0.953
0.3,1.267,0.677,1.201,1.256,0.163,0.212,0.954
0.3,1.265,0.678,1.201,1.256,0.163,0.212,0.955
0.301,1.264,0.679,1.201,1.257,0.163,0.212,0.955
0.301,1.263,0.679,1.201,1.257,0.164,0.212,0.956
0.302,1.262,0.679,1.202,1.258,0.164,0.212,0.957
0.302,1.261,0.68,1.202,1.258,0.165,0.212,0.958
0.303,1.26,0.68,1.202,1.259,0.165,0.212,0.959
0.303,1.259,0.681,1.202,1.259,0.165,0.213,0.96
0.303,1.258,0.681,1.2,1.257,0.165,0.213,0.958
0.303,1.255,0.68,1.201,1.258,0.166,0.212,0.959
0.304,1.254,0.681,1.201,1.258,0.166,0.213,0.96
0.304,1.253,0.681,1.201,1.259,0.166,0.213,0.961
0.305,1.252,0.681,1.202,1.26,0.167,0.213,0.962
0.305,1.251,0.682,1.202,1.26,0.167,0.213,0.963
0.306,1.251,0.682,1.203,1.261,0.167,0.213,0.964
0.306,1.25,0.683,1.204,1.262,0.168,0.213,0.965
0.306,1.249,0.683,1.204,1.262,0.168,0.213,0.966
0.307,1.249,0.683,1.205,1.263,0.169,0.213,0.967
0.307,1.248,0.684,1.205,1.263,0.169,0.214,0.968
0.308,1.248,0.684,1.206,1.264,0.169,0.214,0.969
0.308,1.247,0.685,1.206,1.265,0.17,0.214,0.97
0.309,1.246,0.685,1.207,1.265,0.17,0.214,0.971
0.309,1.246,0.685,1.208,1.266,0.17,0.214,0.972
0.309,1.245,0.686,1.208,1.267,0.171,0.214,0.973
0.31,1.245,0.686,1.209,1.268,0.171,0.214,0.974
0.311,1.244,0.687,1.21,1.268,0.171,0.214,0.975
0.311,1.244,0.687,1.211,1.269,0.172,0.214,0.976
0.311,1.243,0.688,1.211,1.27,0.172,0.215,0.977
0.312,1.243,0.688,1.212,1.27,0.172,0.215,0.978
0.312,1.242,0.688,1.213,1.271,0.173,0.215,0.979
0.313,1.242,0.689,1.213,1.272,0.173,0.215,0.98
0.313,1.242,0.689,1.214,1.272,0.173,0.215,0.98
0.313,1.241,0.69,1.215,1.273,0.174,0.215,0.981
0.314,1.241,0.69,1.216,1.274,0.174,0.215,0.982
0.314,1.24,0.69,1.216,1.274,0.174,0.216,0.983
0.315,1.24,0.691,1.217,1.275,0.175,0.216,0.984
0.315,1.24,0.691,1.218,1.276,0.175,0.216,0.985
0.316,1.24,0.692,1.218,1.276,0.175,0.216,0.986
0.316,1.239,0.692,1.219,1.277,0.176,0.216,0.987
0.316,1.239,0.692,1.22,1.278,0.176,0.216,0.988
0.317,1.239,0.693,1.22,1.278,0.177,0.216,0.988
0.317,1.239,0.693,1.221,1.279,0.177,0.216,0.989
0.318,1.239,0.694,1.222,1.28,0.177,0.216,0.99
0.318,1.238,0.694,1.223,1.28,0.178,0.216,0.991
0.319,1.238,0.695,1.224,1.281,0.178,0.217,0.992
0.319,1.238,0.695,1.225,1.282,0.178,0.217,0.993
0.319,1.238,0.696,1.225,1.282,0.178,0.217,0.993
0.32,1.238,0.696,1.226,1.283,0.179,0.217,0.994
0.32,1.237,0.696,1.227,1.284,0.179,0.217,0.995
0.321,1.237,0.697,1.227,1.284,0.179,0.217,0.996
0.321,1.237,0.697,1.228,1.285,0.18,0.217,0.996
0.322,1.237,0.698,1.229,1.286,0.18,0.217,0.997
0.322,1.237,0.698,1.229,1.286,0.18,0.218,0.998
0.322,1.237,0.698,1.23,1.287,0.181,0.218,0.998
0.323,1.236,0.699,1.231,1.288,0.181,0.218,0.999
0.323,1.237,0.699,1.232,1.288,0.181,0.218,1.0
0.324,1.236,0.7,1.232,1.289,0.182,0.218,1.0
0.324,1.236,0.7,1.233,1.29,0.182,0.218,1.001
0.325,1.236,0.701,1.234,1.29,0.182,0.218,1.002
0.325,1.236,0.701,1.235,1.291,0.183,0.218,1.002
0.325,1.236,0.701,1.235,1.291,0.183,0.219,1.003
0.326,1.236,0.702,1.236,1.292,0.183,0.219,1.004
0.326,1.236,0.702,1.237,1.293,0.184,0.219,1.004
0.327,1.235,0.703,1.237,1.293,0.184,0.219,1.005
0.327,1.235,0.703,1.238,1.294,0.184,0.219,1.005
0.328,1.235,0.704,1.239,1.294,0.185,0.219,1.006
0.328,1.235,0.704,1.239,1.295,0.185,0.219,1.006
0.328,1.235,0.704,1.24,1.295,0.185,0.219,1.007
0.329,1.235,0.705,1.241,1.296,0.186,0.22,1.007
0.329,1.235,0.705,1.242,1.297,0.186,0.22,1.008
0.33,1.235,0.706,1.242,1.297,0.186,0.22,1.008
0.33,1.234,0.706,1.243,1.298,0.187,0.22,1.009
0.33,1.234,0.707,1.244,1.296,0.187,0.22,1.009
0.331,1.234,0.707,1.244,1.297,0.187,0.22,1.01
0.331,1.234,0.707,1.245,1.298,0.188,0.22,1.01
0.332,1.234,0.708,1.246,1.298,0.188,0.22,1.01
0.332,1.234,0.708,1.246,1.299,0.188,0.22,1.011
0.332,1.234,0.709,1.247,1.299,0.189,0.22,1.011
0.333,1.234,0.709,1.248,1.3,0.189,0.221,1.011
0.333,1.234,0.71,1.248,1.3,0.189,0.221,1.012
0.334,1.234,0.71,1.249,1.301,0.19,0.221,1.012
0.334,1.234,0.711,1.25,1.303,0.19,0.221,1.013
0.335,1.234,0.711,1.25,1.303,0.19,0.221,1.013
0.335,1.233,0.711,1.251,1.303,0.191,0.221,1.013
0.335,1.233,0.712,1.251,1.304,0.191,0.221,1.013
0.336,1.233,0.712,1.252,1.304,0.191,0.221,1.013
0.336,1.233,0.713,1.252,1.305,0.191,0.221,1.013
0.337,1.233,0.713,1.253,1.305,0.192,0.222,1.014
0.337,1.233,0.714,1.254,1.306,0.192,0.222,1.014
0.338,1.233,0.714,1.254,1.306,0.192,0.222,1.014
0.338,1.233,0.715,1.255,1.306,0.193,0.222,1.014
0.338,1.233,0.715,1.255,1.306,0.193,0.222,1.014
0.339,1.233,0.716,1.256,1.307,0.193,0.222,1.014
0.339,1.233,0.716,1.256,1.307,0.194,0.222,1.014
0.34,1.233,0.716,1.257,1.308,0.194,0.222,1.014
0.34,1.233,0.717,1.257,1.308,0.194,0.222,1.014
0.341,1.233,0.717,1.258,1.308,0.194,0.222,1.014
0.341,1.233,0.718,1.258,1.308,0.195,0.222,1.015
0.341,1.233,0.718,1.259,1.309,0.195,0.223,1.015
0.342,1.233,0.719,1.26,1.309,0.195,0.223,1.015
0.342,1.233,0.719,1.26,1.309,0.196,0.223,1.015
0.343,1.233,0.72,1.261,1.31,0.196,0.223,1.015
0.343,1.233,0.72,1.261,1.31,0.196,0.223,1.015
0.344,1.234,0.72,1.262,1.31,0.197,0.223,1.015
0.344,1.234,0.721,1.262,1.311,0.197,0.223,1.015
0.345,1.234,0.721,1.263,1.311,0.197,0.223,1.015
0.345,1.234,0.722,1.263,1.311,0.198,0.223,1.015
0.345,1.234,0.722,1.264,1.311,0.198,0.223,1.015
0.346,1.234,0.723,1.264,1.312,0.198,0.224,1.015
0.346,1.234,0.723,1.265,1.312,0.199,0.224,1.015
0.347,1.234,0.724,1.265,1.312,0.199,0.223,1.015
0.347,1.234,0.724,1.266,1.312,0.199,0.224,1.015
0.347,1.235,0.725,1.266,1.313,0.199,0.224,1.015
0.348,1.235,0.725,1.267,1.313,0.2,0.224,1.015
0.348,1.235,0.725,1.267,1.313,0.2,0.224,1.015
0.349,1.235,0.726,1.268,1.313,0.2,0.224,1.015
0.349,1.235,0.726,1.268,1.314,0.201,0.224,1.015
0.349,1.235,0.727,1.269,1.314,0.201,0.224,1.015
0.35,1.236,0.727,1.269,1.314,0.201,0.224,1.015
0.35,1.236,0.728,1.27,1.314,0.202,0.224,1.015
0.351,1.236,0.728,1.27,1.315,0.202,0.225,1.015
0.351,1.236,0.729,1.271,1.315,0.202,0.225,1.015
0.351,1.236,0.729,1.271,1.315,0.202,0.225,1.015
0.352,1.236,0.729,1.272,1.315,0.203,0.225,1.015
0.352,1.236,0.73,1.272,1.315,0.203,0.225,1.014
0.353,1.237,0.73,1.273,1.315,0.203,0.225,1.014
0.353,1.237,0.731,1.273,1.316,0.204,0.225,1.014
0.354,1.237,0.731,1.273,1.316,0.204,0.225,1.014
0.354,1.237,0.732,1.274,1.316,0.204,0.225,1.014
0.354,1.237,0.732,1.274,1.316,0.205,0.225,1.014
0.355,1.237,0.732,1.275,1.317,0.205,0.225,1.014
0.355,1.237,0.733,1.275,1.317,0.205,0.226,1.014
0.356,1.238,0.733,1.276,1.317,0.206,0.226,1.014
0.356,1.238,0.734,1.276,1.317,0.206,0.226,1.013
0.356,1.238,0.734,1.277,1.317,0.206,0.226,1.013
0.357,1.238,0.735,1.277,1.318,0.206,0.226,1.013
0.357,1.238,0.735,1.278,1.318,0.207,0.226,1.013
0.358,1.239,0.736,1.278,1.318,0.207,0.226,1.013
0.358,1.239,0.736,1.279,1.318,0.207,0.226,1.013
0.358,1.239,0.736,1.279,1.318,0.207,0.226,1.013
0.359,1.239,0.737,1.28,1.318,0.208,0.227,1.013
0.359,1.239,0.737,1.28,1.319,0.208,0.227,1.012
0.36,1.239,0.738,1.281,1.319,0.208,0.227,1.012
0.36,1.239,0.738,1.281,1.319,0.208,0.227,1.012
0.361,1.24,0.739,1.281,1.319,0.209,0.227,1.012
0.361,1.24,0.739,1.282,1.319,0.209,0.227,1.012
0.361,1.24,0.739,1.282,1.319,0.209,0.227,1.011
0.362,1.24,0.74,1.283,1.319,0.209,0.227,1.011
0.362,1.24,0.74,1.283,1.319,0.21,0.227,1.011
0.362,1.24,0.741,1.283,1.319,0.21,0.227,1.011
0.363,1.24,0.741,1.284,1.319,0.21,0.227,1.01
0.363,1.241,0.741,1.284,1.32,0.21,0.227,1.01
0.364,1.241,0.742,1.285,1.32,0.211,0.227,1.01
0.364,1.241,0.742,1.285,1.32,0.211,0.227,1.01
0.365,1.241,0.743,1.285,1.32,0.211,0.228,1.009
0.365,1.241,0.743,1.286,1.32,0.212,0.228,1.009
0.365,1.241,0.744,1.286,1.32,0.212,0.228,1.009
0.366,1.241,0.744,1.286,1.32,0.212,0.228,1.009
0.366,1.241,0.744,1.287,1.32,0.212,0.228,1.009
0.367,1.241,0.745,1.287,1.32,0.213,0.228,1.008
0.367,1.241,0.745,1.287,1.32,0.213,0.228,1.008
0.367,1.242,0.746,1.288,1.32,0.213,0.228,1.008
0.368,1.241,0.746,1.288,1.32,0.213,0.228,1.008
0.368,1.242,0.747,1.289,1.321,0.214,0.228,1.008
0.369,1.242,0.747,1.289,1.321,0.214,0.228,1.007
0.369,1.242,0.747,1.29,1.32,0.214,0.228,1.007
0.369,1.242,0.748,1.29,1.321,0.214,0.228,1.007
0.37,1.242,0.748,1.29,1.321,0.215,0.228,1.006
0.37,1.242,0.749,1.291,1.321,0.215,0.229,1.006
0.371,1.242,0.749,1.291,1.321,0.215,0.229,1.006
0.371,1.242,0.749,1.292,1.321,0.215,0.229,1.006
0.371,1.242,0.75,1.292,1.321,0.216,0.229,1.005
0.372,1.242,0.75,1.292,1.321,0.216,0.229,1.005
0.372,1.242,0.751,1.293,1.321,0.216,0.229,1.005
0.373,1.242,0.751,1.293,1.321,0.216,0.229,1.005
0.373,1.242,0.752,1.293,1.321,0.216,0.229,1.004
0.374,1.242,0.752,1.294,1.321,0.217,0.229,1.004
0.374,1.242,0.752,1.294,1.321,0.217,0.229,1.004
0.374,1.242,0.753,1.294,1.321,0.217,0.229,1.004
0.375,1.242,0.753,1.295,1.321,0.217,0.229,1.003
0.375,1.242,0.754,1.295,1.321,0.217,0.23,1.003
0.375,1.242,0.754,1.296,1.322,0.218,0.23,1.003
0.376,1.242,0.754,1.296,1.322,0.218,0.23,1.003
0.376,1.242,0.755,1.296,1.321,0.218,0.23,1.002
0.377,1.242,0.755,1.297,1.321,0.218,0.23,1.002
0.377,1.242,0.756,1.297,1.322,0.219,0.23,1.002
0.377,1.242,0.756,1.297,1.322,0.219,0.23,1.001
0.378,1.242,0.756,1.298,1.322,0.219,0.23,1.001
0.378,1.242,0.757,1.298,1.322,0.219,0.23,1.001
0.379,1.242,0.757,1.298,1.322,0.219,0.23,1.001
0.379,1.242,0.758,1.299,1.321,0.22,0.23,1.0
0.379,1.242,0.758,1.299,1.322,0.22,0.23,1.0
0.38,1.242,0.759,1.3,1.321,0.22,0.23,0.999
0.38,1.242,0.759,1.3,1.321,0.22,0.23,0.999
0.381,1.242,0.759,1.3,1.321,0.22,0.23,0.999
0.381,1.242,0.76,1.3,1.322,0.221,0.231,0.998
0.381,1.242,0.76,1.301,1.322,0.221,0.231,0.998
0.382,1.242,0.76,1.301,1.322,0.221,0.231,0.998
0.382,1.242,0.761,1.301,1.321,0.221,0.231,0.998
0.383,1.242,0.761,1.302,1.322,0.221,0.231,0.997
0.383,1.241,0.762,1.302,1.321,0.222,0.231,0.997
0.383,1.241,0.762,1.302,1.322,0.222,0.231,0.996
0.384,1.241,0.763,1.303,1.321,0.222,0.231,0.996
0.384,1.241,0.763,1.303,1.321,0.222,0.231,0.996
0.384,1.241,0.763,1.303,1.322,0.222,0.231,0.996
0.385,1.241,0.764,1.303,1.322,0.222,0.231,0.995
0.385,1.241,0.764,1.304,1.321,0.223,0.231,0.995
0.386,1.241,0.764,1.304,1.321,0.223,0.231,0.995
0.386,1.241,0.765,1.304,1.321,0.223,0.232,0.994
0.387,1.241,0.765,1.304,1.321,0.223,0.232,0.994
0.387,1.241,0.766,1.305,1.321,0.223,0.232,0.994
0.387,1.24,0.766,1.305,1.321,0.223,0.232,0.993
0.388,1.24,0.766,1.305,1.321,0.224,0.232,0.993
0.388,1.24,0.767,1.306,1.321,0.224,0.232,0.993
0.388,1.24,0.767,1.306,1.321,0.224,0.232,0.992
0.389,1.24,0.768,1.306,1.321,0.224,0.232,0.992
0.389,1.24,0.768,1.307,1.321,0.224,0.232,0.992
0.39,1.24,0.768,1.307,1.321,0.224,0.232,0.992
0.39,1.239,0.769,1.307,1.321,0.225,0.232,0.991
0.39,1.24,0.769,1.307,1.321,0.225,0.232,0.991
0.391,1.239,0.769,1.308,1.321,0.225,0.232,0.99
0.391,1.239,0.77,1.308,1.321,0.225,0.232,0.99
0.392,1.239,0.77,1.308,1.321,0.225,0.232,0.99
0.392,1.239,0.771,1.309,1.32,0.225,0.233,0.99
0.392,1.239,0.771,1.309,1.32,0.225,0.233,0.989
0.393,1.238,0.771,1.309,1.32,0.226,0.233,0.989
0.393,1.238,0.772,1.309,1.32,0.226,0.233,0.989
0.393,1.238,0.772,1.31,1.32,0.226,0.233,0.988
0.394,1.238,0.773,1.31,1.32,0.226,0.233,0.988
0.394,1.238,0.773,1.31,1.32,0.226,0.233,0.988
0.395,1.238,0.773,1.31,1.32,0.226,0.233,0.987
0.395,1.238,0.774,1.311,1.32,0.227,0.233,0.987
0.395,1.237,0.774,1.311,1.32,0.227,0.233,0.987
0.396,1.237,0.774,1.311,1.32,0.227,0.233,0.986
0.396,1.237,0.775,1.311,1.32,0.227,0.233,0.986
0.396,1.237,0.775,1.312,1.32,0.227,0.233,0.986
0.397,1.237,0.776,1.312,1.32,0.227,0.233,0.985
0.397,1.237,0.776,1.312,1.32,0.227,0.233,0.985
0.398,1.236,0.776,1.313,1.319,0.227,0.234,0.984
0.398,1.236,0.777,1.313,1.319,0.227,0.233,0.984
0.398,1.236,0.777,1.313,1.319,0.228,0.234,0.984
0.399,1.236,0.777,1.313,1.319,0.228,0.233,0.983
0.399,1.235,0.778,1.314,1.319,0.228,0.234,0.983
0.399,1.235,0.778,1.314,1.319,0.228,0.234,0.983
0.4,1.235,0.779,1.314,1.319,0.228,0.234,0.982
0.4,1.235,0.779,1.314,1.319,0.228,0.234,0.982
0.4,1.235,0.779,1.314,1.319,0.228,0.234,0.982
0.401,1.234,0.78,1.315,1.318,0.228,0.234,0.981
0.401,1.234,0.78,1.315,1.318,0.229,0.234,0.981
0.402,1.234,0.78,1.315,1.318,0.229,0.234,0.981
0.402,1.234,0.781,1.315,1.318,0.229,0.234,0.98
0.402,1.233,0.781,1.316,1.318,0.229,0.234,0.98
0.403,1.233,0.782,1.316,1.318,0.229,0.234,0.98
0.403,1.233,0.782,1.316,1.318,0.229,0.234,0.979
0.403,1.233,0.782,1.316,1.318,0.229,0.234,0.979
0.404,1.233,0.783,1.317,1.318,0.229,0.234,0.978
0.404,1.232,0.787,1.32,1.321,0.23,0.235,0.981
0.404,1.231,0.783,1.316,1.317,0.229,0.235,0.979
0.404,1.228,0.781,1.314,1.314,0.229,0.234,0.975
0.406,1.232,0.784,1.317,1.317,0.229,0.234,0.976
0.407,1.236,0.788,1.323,1.322,0.23,0.236,0.98
0.408,1.236,0.788,1.323,1.323,0.231,0.236,0.981
0.407,1.234,0.787,1.321,1.321,0.23,0.236,0.979
0.406,1.229,0.785,1.318,1.317,0.23,0.235,0.977
0.406,1.227,0.784,1.315,1.313,0.229,0.234,0.973
0.408,1.23,0.786,1.318,1.316,0.23,0.235,0.973
0.41,1.234,0.79,1.324,1.321,0.231,0.236,0.977
0.41,1.234,0.79,1.325,1.322,0.231,0.236,0.979
0.41,1.232,0.79,1.323,1.32,0.231,0.236,0.977
0.409,1.227,0.788,1.319,1.317,0.23,0.235,0.975
0.408,1.225,0.786,1.316,1.313,0.23,0.235,0.971
0.41,1.229,0.789,1.319,1.315,0.23,0.235,0.972
0.412,1.232,0.792,1.325,1.32,0.231,0.236,0.975
0.412,1.232,0.792,1.326,1.321,0.232,0.236,0.977
0.412,1.23,0.792,1.324,1.319,0.231,0.236,0.975
0.411,1.226,0.79,1.321,1.316,0.231,0.236,0.973
0.41,1.223,0.788,1.317,1.312,0.23,0.235,0.969
0.412,1.226,0.791,1.321,1.314,0.231,0.236,0.969
0.414,1.231,0.794,1.326,1.32,0.232,0.236,0.973
0.414,1.23,0.795,1.327,1.321,0.232,0.237,0.975
0.414,1.228,0.794,1.326,1.319,0.232,0.237,0.973
0.413,1.224,0.792,1.322,1.315,0.231,0.236,0.971
0.413,1.221,0.79,1.318,1.311,0.231,0.235,0.967
0.415,1.224,0.793,1.321,1.313,0.231,0.236,0.967
0.416,1.228,0.796,1.327,1.319,0.232,0.237,0.971
0.417,1.228,0.797,1.328,1.32,0.232,0.237,0.972
0.416,1.226,0.796,1.327,1.318,0.232,0.237,0.971
0.415,1.222,0.794,1.323,1.315,0.232,0.236,0.969
0.415,1.219,0.793,1.319,1.31,0.231,0.236,0.965
0.417,1.222,0.795,1.322,1.312,0.231,0.236,0.965
0.418,1.226,0.798,1.328,1.318,0.232,0.237,0.969
0.419,1.226,0.799,1.329,1.319,0.233,0.237,0.97
0.418,1.224,0.799,1.328,1.317,0.232,0.237,0.969
0.417,1.22,0.797,1.324,1.314,0.232,0.237,0.967
0.417,1.217,0.795,1.321,1.309,0.231,0.236,0.963
0.419,1.219,0.797,1.323,1.311,0.232,0.236,0.963
0.421,1.224,0.8,1.329,1.317,0.232,0.237,0.966
0.421,1.224,0.801,1.331,1.318,0.233,0.238,0.968
0.421,1.221,0.801,1.329,1.317,0.233,0.238,0.967
0.42,1.218,0.799,1.326,1.313,0.232,0.237,0.965
0.419,1.214,0.797,1.322,1.309,0.231,0.236,0.961
0.421,1.217,0.799,1.324,1.31,0.232,0.237,0.96
0.423,1.221,0.803,1.33,1.316,0.232,0.238,0.964
0.423,1.221,0.803,1.332,1.317,0.233,0.238,0.966
0.423,1.219,0.803,1.33,1.316,0.233,0.238,0.965
0.422,1.215,0.801,1.327,1.312,0.232,0.237,0.963
0.421,1.212,0.799,1.323,1.308,0.231,0.237,0.959
0.423,1.214,0.801,1.325,1.309,0.232,0.237,0.958
0.425,1.219,0.805,1.331,1.315,0.233,0.238,0.962
0.425,1.219,0.806,1.333,1.316,0.233,0.238,0.964
0.425,1.217,0.805,1.331,1.315,0.233,0.238,0.963
0.424,1.213,0.803,1.328,1.311,0.232,0.238,0.961
0.423,1.209,0.801,1.324,1.307,0.232,0.237,0.957
0.425,1.212,0.803,1.326,1.308,0.232,0.237,0.956
0.427,1.216,0.807,1.332,1.314,0.233,0.238,0.96
0.427,1.217,0.808,1.334,1.316,0.233,0.239,0.962
0.427,1.215,0.807,1.332,1.314,0.233,0.237,0.957
0.426,1.211,0.805,1.328,1.309,0.232,0.238,0.957
0.426,1.21,0.805,1.328,1.309,0.232,0.238,0.956
0.427,1.21,0.806,1.329,1.309,0.232,0.238,0.956
0.427,1.21,0.806,1.329,1.309,0.232,0.238,0.956
0.428,1.209,0.806,1.329,1.309,0.232,0.238,0.956
0.428,1.209,0.807,1.329,1.309,0.232,0.238,0.955
0.428,1.208,0.807,1.329,1.308,0.232,0.238,0.955
0.429,1.208,0.807,1.33,1.308,0.232,0.238,0.955
0.429,1.207,0.808,1.329,1.308,0.232,0.238,0.954
0.429,1.207,0.808,1.33,1.308,0.232,0.238,0.954
0.429,1.206,0.808,1.33,1.308,0.232,0.238,0.953
0.43,1.206,0.809,1.33,1.308,0.232,0.238,0.953
0.43,1.206,0.809,1.33,1.308,0.232,0.238,0.953
0.431,1.205,0.809,1.33,1.307,0.232,0.238,0.952
0.431,1.205,0.81,1.33,1.307,0.232,0.238,0.952
0.431,1.204,0.81,1.331,1.307,0.232,0.239,0.952
0.432,1.204,0.81,1.331,1.307,0.232,0.238,0.951
0.432,1.203,0.811,1.331,1.306,0.232,0.239,0.951
0.432,1.203,0.811,1.331,1.306,0.232,0.239,0.95
0.432,1.202,0.811,1.331,1.306,0.232,0.239,0.95
0.433,1.202,0.812,1.331,1.306,0.232,0.239,0.95
0.433,1.202,0.812,1.331,1.306,0.232,0.239,0.95
0.434,1.201,0.812,1.332,1.306,0.232,0.239,0.949
0.434,1.201,0.813,1.332,1.305,0.232,0.239,0.948
0.434,1.2,0.813,1.332,1.305,0.232,0.239,0.948
0.435,1.2,0.813,1.332,1.305,0.232,0.239,0.948
0.435,1.199,0.814,1.332,1.305,0.232,0.239,0.948
0.435,1.199,0.814,1.332,1.304,0.232,0.239,0.947
0.436,1.199,0.814,1.332,1.304,0.232,0.239,0.947
0.436,1.198,0.815,1.332,1.304,0.232,0.239,0.947
0.436,1.198,0.815,1.333,1.304,0.232,0.239,0.946
0.436,1.197,0.815,1.333,1.304,0.232,0.239,0.946
0.437,1.197,0.816,1.333,1.304,0.231,0.239,0.945
0.437,1.196,0.816,1.333,1.303,0.231,0.239,0.945
0.437,1.196,0.816,1.333,1.303,0.231,0.239,0.945
0.438,1.195,0.817,1.333,1.303,0.231,0.239,0.944
0.438,1.195,0.817,1.333,1.303,0.231,0.239,0.944
0.438,1.194,0.817,1.333,1.303,0.231,0.239,0.944
0.439,1.194,0.817,1.334,1.302,0.231,0.239,0.943
0.439,1.193,0.818,1.334,1.302,0.231,0.239,0.943
0.439,1.193,0.818,1.334,1.302,0.231,0.239,0.943
0.44,1.193,0.818,1.334,1.302,0.231,0.239,0.942
0.44,1.192,0.819,1.334,1.302,0.231,0.239,0.942
0.44,1.192,0.819,1.334,1.302,0.231,0.24,0.942
0.441,1.191,0.819,1.334,1.301,0.231,0.239,0.941
0.441,1.191,0.82,1.334,1.301,0.231,0.239,0.941
0.441,1.19,0.82,1.335,1.301,0.231,0.24,0.94
0.441,1.19,0.82,1.335,1.301,0.231,0.24,0.94
0.442,1.189,0.821,1.335,1.3,0.231,0.24,0.94
0.442,1.189,0.821,1.335,1.3,0.231,0.24,0.939
0.442,1.188,0.821,1.335,1.3,0.23,0.24,0.939
0.443,1.188,0.822,1.335,1.3,0.23,0.24,0.939
0.443,1.188,0.822,1.335,1.299,0.23,0.24,0.938
0.443,1.187,0.822,1.335,1.299,0.23,0.24,0.938
0.444,1.187,0.823,1.335,1.299,0.23,0.24,0.938
0.444,1.186,0.823,1.335,1.299,0.23,0.24,0.937
0.444,1.186,0.823,1.336,1.299,0.23,0.24,0.937
0.445,1.185,0.823,1.336,1.299,0.23,0.24,0.937
0.445,1.185,0.824,1.336,1.298,0.23,0.24,0.936
0.445,1.184,0.824,1.336,1.298,0.23,0.24,0.936
0.445,1.184,0.824,1.336,1.298,0.23,0.24,0.935
0.446,1.183,0.825,1.336,1.298,0.23,0.24,0.935
0.446,1.183,0.825,1.336,1.297,0.23,0.24,0.935
0.446,1.182,0.83,1.339,1.3,0.23,0.241,0.936
0.447,1.184,0.827,1.339,1.3,0.23,0.241,0.936
0.448,1.184,0.828,1.339,1.3,0.23,0.241,0.936
0.448,1.183,0.828,1.339,1.3,0.23,0.241,0.935
0.448,1.183,0.828,1.34,1.299,0.23,0.241,0.935
0.449,1.183,0.829,1.339,1.299,0.23,0.241,0.935
0.449,1.182,0.829,1.339,1.299,0.23,0.241,0.934
0.449,1.182,0.829,1.34,1.299,0.23,0.241,0.934
0.449,1.181,0.83,1.339,1.298,0.23,0.241,0.934
0.45,1.181,0.83,1.34,1.298,0.229,0.241,0.934
0.45,1.18,0.83,1.34,1.298,0.229,0.241,0.933
0.45,1.18,0.83,1.34,1.298,0.229,0.241,0.933
0.451,1.179,0.831,1.34,1.298,0.229,0.241,0.932
0.451,1.179,0.831,1.34,1.298,0.229,0.241,0.932
0.451,1.178,0.832,1.34,1.297,0.229,0.241,0.932
0.452,1.178,0.832,1.34,1.297,0.229,0.241,0.931
0.452,1.177,0.832,1.34,1.297,0.229,0.241,0.931
0.452,1.177,0.832,1.341,1.296,0.229,0.241,0.931
0.453,1.176,0.833,1.341,1.296,0.229,0.241,0.93
0.453,1.176,0.833,1.341,1.296,0.229,0.241,0.93
0.453,1.175,0.834,1.341,1.296,0.229,0.241,0.93
0.454,1.175,0.834,1.341,1.296,0.229,0.242,0.929
0.454,1.175,0.834,1.341,1.296,0.228,0.241,0.929
0.454,1.174,0.834,1.341,1.295,0.228,0.241,0.929
0.454,1.174,0.835,1.341,1.295,0.228,0.241,0.928
0.455,1.173,0.835,1.341,1.295,0.228,0.241,0.928
0.455,1.173,0.835,1.341,1.295,0.228,0.241,0.928
0.455,1.172,0.836,1.341,1.294,0.228,0.242,0.927
0.456,1.172,0.836,1.341,1.294,0.228,0.242,0.927
0.456,1.171,0.836,1.341,1.294,0.228,0.242,0.927
0.456,1.171,0.837,1.341,1.294,0.228,0.242,0.926
0.457,1.17,0.837,1.342,1.294,0.228,0.241,0.926
0.457,1.169,0.837,1.342,1.293,0.228,0.242,0.926
0.457,1.169,0.838,1.342,1.293,0.228,0.242,0.925
0.457,1.169,0.838,1.342,1.293,0.227,0.242,0.925
0.458,1.168,0.838,1.342,1.293,0.227,0.242,0.924
0.458,1.167,0.838,1.342,1.293,0.227,0.242,0.924
0.458,1.167,0.839,1.342,1.292,0.227,0.242,0.924
0.459,1.166,0.839,1.342,1.292,0.227,0.242,0.924
0.459,1.166,0.839,1.342,1.292,0.227,0.242,0.923
0.459,1.166,0.84,1.342,1.292,0.227,0.242,0.923
0.459,1.165,0.84,1.342,1.291,0.227,0.242,0.922
0.46,1.164,0.84,1.342,1.291,0.227,0.242,0.922
0.46,1.164,0.841,1.342,1.291,0.226,0.242,0.922
0.46,1.163,0.841,1.342,1.291,0.226,0.242,0.921
0.461,1.163,0.841,1.342,1.29,0.226,0.242,0.921
0.461,1.163,0.841,1.343,1.29,0.226,0.242,0.921
0.461,1.162,0.842,1.343,1.29,0.226,0.242,0.921
0.461,1.161,0.842,1.343,1.29,0.226,0.242,0.92
0.462,1.161,0.842,1.343,1.289,0.226,0.242,0.92
0.462,1.16,0.843,1.343,1.289,0.226,0.242,0.92
0.462,1.16,0.843,1.343,1.289,0.226,0.242,0.919
0.463,1.159,0.843,1.343,1.289,0.226,0.242,0.919
0.463,1.159,0.844,1.343,1.289,0.226,0.242,0.919
0.463,1.158,0.844,1.343,1.288,0.226,0.242,0.918
0.463,1.158,0.844,1.343,1.288,0.225,0.242,0.918
0.464,1.157,0.845,1.343,1.288,0.225,0.242,0.917
0.464,1.157,0.845,1.343,1.288,0.225,0.243,0.917
0.464,1.156,0.845,1.343,1.287,0.225,0.242,0.917
0.464,1.156,0.845,1.343,1.287,0.225,0.243,0.917
0.465,1.155,0.846,1.343,1.287,0.225,0.241,0.914
0.464,1.152,0.844,1.341,1.284,0.224,0.242,0.914
0.464,1.152,0.845,1.34,1.284,0.224,0.242,0.914
0.465,1.151,0.845,1.341,1.284,0.224,0.242,0.913
0.465,1.151,0.845,1.341,1.283,0.224,0.242,0.913
0.465,1.15,0.846,1.341,1.283,0.224,0.242,0.913
0.465,1.149,0.846,1.341,1.283,0.224,0.242,0.912
0.466,1.149,0.846,1.341,1.283,0.223,0.242,0.912
0.466,1.149,0.846,1.341,1.282,0.223,0.242,0.912
0.466,1.148,0.847,1.341,1.282,0.223,0.242,0.911
0.466,1.148,0.847,1.341,1.282,0.223,0.242,0.911
0.467,1.147,0.847,1.341,1.282,0.223,0.242,0.911
0.467,1.147,0.847,1.341,1.281,0.223,0.242,0.91
0.467,1.146,0.848,1.341,1.281,0.223,0.242,0.91
0.467,1.145,0.848,1.341,1.281,0.223,0.242,0.91
0.468,1.145,0.848,1.341,1.281,0.222,0.242,0.909
0.468,1.144,0.849,1.341,1.28,0.222,0.242,0.909
0.468,1.144,0.849,1.341,1.28,0.222,0.243,0.909
0.468,1.143,0.849,1.341,1.28,0.222,0.243,0.908
0.469,1.143,0.849,1.341,1.28,0.222,0.242,0.908
0.469,1.142,0.85,1.341,1.279,0.222,0.243,0.908
0.469,1.142,0.85,1.341,1.279,0.222,0.243,0.907
0.469,1.141,0.85,1.341,1.279,0.221,0.243,0.907
0.47,1.141,0.85,1.341,1.279,0.221,0.243,0.907
0.47,1.14,0.851,1.341,1.278,0.221,0.242,0.906
0.47,1.14,0.851,1.341,1.278,0.221,0.243,0.906
0.47,1.139,0.851,1.341,1.278,0.221,0.243,0.905
0.471,1.139,0.852,1.341,1.278,0.221,0.243,0.905
0.471,1.138,0.852,1.341,1.277,0.221,0.243,0.905
0.471,1.138,0.852,1.341,1.277,0.221,0.243,0.904
0.471,1.137,0.852,1.341,1.277,0.221,0.243,0.904
0.472,1.137,0.853,1.341,1.277,0.221,0.243,0.904
0.472,1.136,0.853,1.341,1.276,0.22,0.243,0.904
0.472,1.136,0.853,1.341,1.276,0.22,0.243,0.903
0.472,1.135,0.854,1.341,1.276,0.22,0.243,0.903
0.473,1.135,0.854,1.341,1.276,0.22,0.243,0.903
0.473,1.134,0.854,1.341,1.275,0.22,0.243,0.902
0.473,1.134,0.854,1.341,1.275,0.22,0.243,0.902
0.473,1.133,0.855,1.341,1.275,0.219,0.243,0.902
0.474,1.133,0.855,1.342,1.275,0.219,0.243,0.901
0.474,1.132,0.855,1.341,1.274,0.219,0.243,0.901
0.474,1.131,0.855,1.342,1.274,0.219,0.243,0.901
0.474,1.131,0.856,1.341,1.274,0.219,0.243,0.9
0.474,1.13,0.856,1.342,1.274,0.219,0.243,0.9
0.475,1.13,0.856,1.342,1.273,0.219,0.243,0.9
0.475,1.13,0.857,1.342,1.273,0.218,0.243,0.899
0.475,1.129,0.857,1.342,1.273,0.218,0.243,0.899
0.475,1.128,0.857,1.342,1.273,0.218,0.243,0.899
0.476,1.128,0.857,1.342,1.272,0.218,0.243,0.898
0.476,1.127,0.858,1.342,1.272,0.218,0.243,0.898
0.476,1.127,0.858,1.342,1.272,0.218,0.243,0.898
0.476,1.126,0.858,1.342,1.272,0.218,0.243,0.898
0.477,1.126,0.858,1.342,1.272,0.217,0.243,0.897
0.477,1.125,0.859,1.342,1.271,0.217,0.243,0.897
0.477,1.125,0.859,1.342,1.271,0.217,0.243,0.896
0.477,1.124,0.859,1.342,1.271,0.217,0.243,0.896
0.477,1.124,0.859,1.342,1.27,0.217,0.243,0.896
0.478,1.123,0.86,1.342,1.27,0.217,0.243,0.895
0.478,1.123,0.86,1.342,1.27,0.217,0.243,0.895
0.478,1.122,0.86,1.342,1.27,0.216,0.243,0.895
0.478,1.122,0.86,1.342,1.269,0.216,0.243,0.894
0.479,1.121,0.861,1.342,1.269,0.216,0.243,0.894
0.479,1.121,0.861,1.342,1.269,0.216,0.243,0.894
0.479,1.12,0.861,1.342,1.269,0.216,0.243,0.893
0.479,1.12,0.863,1.343,1.27,0.216,0.244,0.895
0.478,1.116,0.859,1.339,1.265,0.215,0.243,0.891
0.48,1.118,0.861,1.34,1.266,0.215,0.243,0.891
0.482,1.122,0.865,1.346,1.271,0.216,0.244,0.894
0.482,1.123,0.866,1.348,1.273,0.216,0.244,0.896
0.482,1.121,0.865,1.347,1.272,0.216,0.244,0.895
0.48,1.117,0.863,1.343,1.268,0.215,0.244,0.893
0.479,1.114,0.861,1.339,1.264,0.214,0.243,0.889
0.481,1.115,0.863,1.34,1.264,0.214,0.243,0.889
0.483,1.119,0.867,1.346,1.27,0.215,0.244,0.892
0.483,1.12,0.868,1.348,1.272,0.215,0.244,0.894
0.483,1.118,0.867,1.347,1.27,0.215,0.244,0.893
0.482,1.114,0.865,1.344,1.267,0.214,0.244,0.891
0.481,1.111,0.863,1.339,1.262,0.214,0.243,0.888
0.482,1.112,0.864,1.34,1.263,0.213,0.243,0.887
0.484,1.116,0.868,1.346,1.268,0.214,0.244,0.89
0.485,1.117,0.869,1.348,1.27,0.215,0.245,0.892
0.484,1.115,0.869,1.347,1.269,0.214,0.244,0.891
0.483,1.111,0.867,1.344,1.266,0.214,0.244,0.889
0.482,1.108,0.864,1.339,1.261,0.213,0.243,0.886
0.483,1.109,0.866,1.34,1.261,0.213,0.243,0.885
0.486,1.113,0.87,1.346,1.267,0.213,0.244,0.888
0.486,1.114,0.871,1.348,1.269,0.214,0.245,0.89
0.486,1.112,0.87,1.347,1.267,0.213,0.245,0.89
0.484,1.109,0.868,1.344,1.264,0.213,0.244,0.888
0.483,1.105,0.866,1.339,1.26,0.212,0.243,0.885
0.485,1.106,0.867,1.34,1.26,0.212,0.243,0.883
0.487,1.111,0.871,1.346,1.265,0.212,0.244,0.886
0.487,1.111,0.872,1.349,1.267,0.213,0.245,0.888
0.487,1.11,0.872,1.347,1.266,0.212,0.244,0.888
0.486,1.106,0.87,1.344,1.263,0.212,0.244,0.886
0.485,1.102,0.868,1.34,1.259,0.211,0.243,0.883
0.486,1.103,0.869,1.34,1.258,0.211,0.243,0.881
0.488,1.107,0.873,1.346,1.263,0.212,0.244,0.884
0.489,1.108,0.874,1.349,1.266,0.212,0.245,0.887
0.488,1.107,0.873,1.347,1.264,0.212,0.245,0.886
0.487,1.103,0.872,1.344,1.262,0.211,0.244,0.884
0.486,1.099,0.869,1.34,1.257,0.21,0.243,0.881
0.487,1.1,0.87,1.34,1.257,0.21,0.243,0.879
0.489,1.105,0.874,1.346,1.262,0.21,0.244,0.882
0.49,1.105,0.876,1.349,1.264,0.211,0.245,0.885
0.489,1.104,0.875,1.347,1.263,0.211,0.245,0.884
0.488,1.1,0.873,1.344,1.26,0.21,0.244,0.882
0.487,1.096,0.871,1.34,1.256,0.209,0.244,0.879
0.488,1.097,0.871,1.34,1.255,0.209,0.243,0.877
0.49,1.101,0.875,1.346,1.26,0.21,0.244,0.88
0.491,1.103,0.877,1.348,1.263,0.21,0.245,0.883
0.491,1.101,0.877,1.347,1.262,0.21,0.245,0.882
0.49,1.098,0.875,1.345,1.259,0.209,0.244,0.881
0.488,1.094,0.872,1.34,1.255,0.209,0.243,0.877
0.489,1.094,0.873,1.34,1.254,0.208,0.243,0.876
0.492,1.099,0.877,1.346,1.259,0.209,0.244,0.878
0.492,1.1,0.879,1.349,1.261,0.209,0.245,0.881
0.492,1.098,0.878,1.348,1.26,0.209,0.245,0.881
0.491,1.095,0.877,1.345,1.258,0.208,0.245,0.879
0.489,1.091,0.874,1.34,1.253,0.208,0.244,0.876
0.49,1.091,0.874,1.34,1.252,0.207,0.243,0.874
0.493,1.095,0.878,1.345,1.257,0.208,0.244,0.876
0.494,1.097,0.88,1.349,1.26,0.208,0.245,0.879
0.493,1.095,0.88,1.348,1.259,0.208,0.245,0.879
0.492,1.092,0.878,1.345,1.256,0.207,0.245,0.875
0.492,1.091,0.877,1.342,1.254,0.207,0.244,0.875
0.492,1.09,0.877,1.342,1.253,0.207,0.244,0.874
0.492,1.09,0.878,1.342,1.253,0.207,0.244,0.874
0.493,1.089,0.878,1.343,1.253,0.207,0.244,0.874
0.493,1.089,0.878,1.343,1.252,0.206,0.244,0.873
0.493,1.088,0.878,1.343,1.252,0.206,0.244,0.873
0.493,1.088,0.879,1.343,1.252,0.206,0.244,0.873
0.493,1.087,0.879,1.342,1.252,0.206,0.244,0.872
0.493,1.087,0.879,1.342,1.251,0.206,0.244,0.872
0.493,1.086,0.879,1.342,1.251,0.206,0.244,0.872
0.494,1.086,0.88,1.342,1.251,0.206,0.244,0.872
0.494,1.085,0.88,1.342,1.251,0.205,0.244,0.871
0.494,1.085,0.88,1.342,1.25,0.205,0.244,0.871
0.494,1.084,0.88,1.342,1.25,0.205,0.244,0.871
0.494,1.084,0.881,1.342,1.25,0.205,0.244,0.87
0.495,1.084,0.881,1.342,1.25,0.205,0.244,0.87
0.495,1.083,0.881,1.342,1.249,0.205,0.244,0.87
0.495,1.083,0.881,1.342,1.249,0.205,0.244,0.869
0.495,1.082,0.882,1.342,1.249,0.204,0.244,0.869
0.495,1.082,0.882,1.342,1.249,0.204,0.244,0.869
0.495,1.081,0.882,1.342,1.249,0.204,0.244,0.868
0.496,1.081,0.882,1.342,1.248,0.204,0.244,0.868
0.496,1.08,0.882,1.342,1.248,0.204,0.244,0.868
0.496,1.08,0.883,1.342,1.247,0.204,0.244,0.868
0.496,1.079,0.883,1.342,1.247,0.203,0.244,0.867
0.496,1.079,0.883,1.342,1.247,0.203,0.244,0.867
0.497,1.078,0.883,1.342,1.247,0.203,0.244,0.867
0.497,1.078,0.884,1.342,1.247,0.203,0.244,0.866
0.497,1.078,0.884,1.342,1.246,0.203,0.244,0.866
0.497,1.077,0.884,1.342,1.246,0.203,0.244,0.866
0.497,1.076,0.884,1.342,1.246,0.203,0.244,0.865
0.497,1.076,0.884,1.342,1.246,0.202,0.244,0.865
0.498,1.076,0.885,1.342,1.245,0.202,0.244,0.865
0.498,1.075,0.885,1.342,1.245,0.202,0.244,0.865
0.498,1.075,0.885,1.342,1.245,0.202,0.244,0.864
0.498,1.074,0.885,1.342,1.244,0.202,0.244,0.864
0.498,1.074,0.886,1.342,1.244,0.202,0.244,0.864
0.498,1.073,0.886,1.342,1.244,0.201,0.244,0.863
0.498,1.073,0.886,1.342,1.244,0.201,0.244,0.863
0.499,1.072,0.886,1.342,1.244,0.201,0.244,0.863
0.499,1.072,0.887,1.342,1.243,0.201,0.244,0.863
0.499,1.071,0.887,1.341,1.243,0.201,0.244,0.862
0.499,1.071,0.887,1.342,1.243,0.2,0.244,0.862
0.499,1.071,0.887,1.342,1.242,0.2,0.244,0.862
0.499,1.07,0.888,1.342,1.242,0.2,0.244,0.861
0.499,1.07,0.888,1.342,1.242,0.2,0.244,0.861
0.5,1.069,0.888,1.342,1.242,0.2,0.244,0.861
0.5,1.069,0.888,1.342,1.241,0.2,0.244,0.861
0.5,1.068,0.888,1.342,1.241,0.2,0.245,0.86
0.5,1.068,0.889,1.341,1.241,0.199,0.244,0.86
0.5,1.067,0.889,1.341,1.241,0.199,0.245,0.86
0.501,1.067,0.889,1.341,1.24,0.199,0.244,0.859
0.501,1.067,0.889,1.341,1.24,0.199,0.244,0.859
0.501,1.066,0.89,1.341,1.24,0.199,0.244,0.859
0.501,1.066,0.89,1.341,1.24,0.199,0.245,0.859
0.501,1.065,0.89,1.341,1.239,0.199,0.245,0.858
0.501,1.065,0.89,1.341,1.239,0.198,0.245,0.858
0.501,1.064,0.89,1.341,1.239,0.198,0.245,0.858
0.502,1.064,0.891,1.341,1.238,0.198,0.245,0.857
0.502,1.063,0.891,1.341,1.238,0.198,0.244,0.857
0.502,1.063,0.891,1.341,1.238,0.198,0.245,0.857
0.502,1.062,0.891,1.341,1.238,0.198,0.245,0.857
0.502,1.062,0.891,1.341,1.238,0.198,0.244,0.856
0.502,1.062,0.892,1.348,1.242,0.198,0.245,0.859
0.504,1.065,0.895,1.347,1.242,0.198,0.246,0.86
0.504,1.063,0.894,1.344,1.24,0.198,0.245,0.858
0.502,1.059,0.892,1.341,1.236,0.197,0.244,0.856
0.502,1.057,0.89,1.337,1.233,0.196,0.244,0.853
0.504,1.06,0.893,1.341,1.236,0.196,0.244,0.853
0.505,1.064,0.897,1.346,1.24,0.197,0.245,0.857
0.505,1.063,0.897,1.346,1.241,0.197,0.246,0.858
0.504,1.06,0.896,1.344,1.239,0.197,0.245,0.857
0.503,1.057,0.893,1.34,1.235,0.196,0.244,0.854
0.503,1.054,0.891,1.337,1.232,0.195,0.244,0.851
0.505,1.058,0.895,1.341,1.234,0.196,0.244,0.852
0.506,1.061,0.898,1.346,1.239,0.196,0.245,0.855
0.506,1.06,0.898,1.346,1.239,0.196,0.246,0.856
0.505,1.058,0.897,1.344,1.237,0.196,0.245,0.855
0.504,1.054,0.895,1.34,1.234,0.195,0.245,0.853
0.503,1.052,0.893,1.337,1.23,0.194,0.244,0.85
0.505,1.055,0.896,1.34,1.233,0.195,0.244,0.85
0.507,1.058,0.899,1.346,1.237,0.195,0.245,0.853
0.507,1.057,0.9,1.346,1.238,0.195,0.246,0.855
0.506,1.055,0.898,1.344,1.236,0.195,0.245,0.853
0.505,1.051,0.896,1.34,1.232,0.194,0.245,0.851
0.504,1.049,0.894,1.337,1.229,0.194,0.244,0.848
0.506,1.052,0.897,1.34,1.231,0.194,0.244,0.848
0.508,1.055,0.901,1.345,1.236,0.195,0.245,0.852
0.508,1.055,0.901,1.346,1.236,0.194,0.246,0.853
0.507,1.053,0.9,1.344,1.235,0.194,0.245,0.852
0.506,1.049,0.897,1.34,1.231,0.193,0.245,0.85
0.505,1.046,0.895,1.336,1.227,0.193,0.244,0.846
0.507,1.05,0.898,1.34,1.229,0.193,0.244,0.847
0.509,1.053,0.902,1.345,1.234,0.194,0.245,0.85
0.509,1.052,0.902,1.346,1.235,0.194,0.246,0.851
0.508,1.05,0.901,1.344,1.233,0.193,0.245,0.85
0.506,1.047,0.899,1.34,1.23,0.193,0.245,0.848
0.506,1.044,0.897,1.337,1.226,0.192,0.244,0.845
0.508,1.047,0.9,1.34,1.228,0.192,0.244,0.845
0.51,1.05,0.903,1.345,1.233,0.193,0.245,0.848
0.51,1.05,0.903,1.345,1.233,0.193,0.246,0.85
0.509,1.048,0.902,1.344,1.232,0.192,0.245,0.849
0.507,1.044,0.9,1.34,1.228,0.192,0.245,0.847
0.506,1.041,0.898,1.336,1.224,0.191,0.244,0.844
0.508,1.044,0.9,1.339,1.226,0.191,0.244,0.843
0.51,1.048,0.904,1.345,1.231,0.192,0.245,0.847
0.51,1.047,0.905,1.345,1.232,0.192,0.246,0.848
0.51,1.045,0.904,1.344,1.23,0.191,0.246,0.847
0.508,1.042,0.901,1.34,1.227,0.191,0.245,0.845
0.507,1.039,0.899,1.336,1.223,0.19,0.244,0.842
0.509,1.041,0.902,1.338,1.224,0.19,0.244,0.842
0.511,1.045,0.905,1.344,1.229,0.191,0.245,0.845
0.511,1.045,0.906,1.345,1.231,0.191,0.246,0.847
0.511,1.043,0.905,1.344,1.229,0.191,0.246,0.846
0.509,1.039,0.903,1.34,1.226,0.19,0.245,0.844
0.508,1.036,0.901,1.336,1.221,0.189,0.244,0.84
0.51,1.039,0.903,1.338,1.223,0.189,0.244,0.84
0.512,1.042,0.907,1.344,1.228,0.19,0.245,0.844
0.512,1.042,0.907,1.345,1.229,0.19,0.246,0.845
0.511,1.04,0.907,1.344,1.228,0.19,0.246,0.844
0.51,1.037,0.904,1.34,1.224,0.189,0.245,0.842
0.509,1.034,0.902,1.336,1.22,0.188,0.244,0.839
0.511,1.036,0.904,1.338,1.221,0.188,0.244,0.839
0.513,1.04,0.908,1.344,1.226,0.189,0.245,0.838
0.51,1.035,0.905,1.339,1.222,0.188,0.245,0.84
0.511,1.035,0.905,1.339,1.222,0.188,0.245,0.84
0.511,1.035,0.905,1.339,1.222,0.188,0.245,0.839
0.511,1.034,0.906,1.339,1.221,0.188,0.245,0.839
0.511,1.034,0.906,1.339,1.221,0.188,0.245,0.839
0.511,1.034,0.906,1.339,1.221,0.188,0.245,0.839
0.511,1.033,0.906,1.339,1.221,0.188,0.245,0.839
0.511,1.033,0.906,1.339,1.221,0.188,0.245,0.838
0.512,1.032,0.907,1.339,1.22,0.187,0.245,0.838
0.512,1.032,0.907,1.339,1.22,0.187,0.245,0.838
0.512,1.031,0.907,1.339,1.22,0.187,0.245,0.837
0.512,1.031,0.907,1.339,1.22,0.187,0.245,0.837
0.512,1.031,0.907,1.338,1.219,0.187,0.245,0.837
0.512,1.03,0.907,1.338,1.219,0.187,0.245,0.837
0.512,1.03,0.908,1.339,1.219,0.186,0.245,0.836
0.512,1.029,0.908,1.338,1.219,0.186,0.245,0.836
0.512,1.029,0.908,1.338,1.218,0.186,0.245,0.836
0.512,1.029,0.908,1.338,1.218,0.186,0.245,0.836
0.512,1.028,0.909,1.338,1.218,0.186,0.245,0.835
0.513,1.028,0.909,1.338,1.218,0.186,0.245,0.835
0.513,1.027,0.909,1.338,1.217,0.186,0.245,0.835
0.513,1.027,0.909,1.338,1.217,0.185,0.245,0.835
0.513,1.027,0.91,1.338,1.217,0.185,0.245,0.834
0.513,1.026,0.91,1.338,1.217,0.185,0.245,0.834
0.513,1.026,0.91,1.338,1.216,0.185,0.245,0.834
0.513,1.025,0.91,1.338,1.216,0.185,0.245,0.834
0.513,1.025,0.91,1.338,1.216,0.185,0.245,0.834
0.513,1.025,0.91,1.338,1.215,0.184,0.245,0.833
0.514,1.024,0.911,1.338,1.215,0.184,0.245,0.833
0.514,1.024,0.911,1.338,1.215,0.184,0.245,0.833
0.514,1.024,0.911,1.338,1.215,0.184,0.245,0.832
0.514,1.023,0.911,1.338,1.215,0.184,0.245,0.832
0.514,1.023,0.911,1.338,1.214,0.184,0.245,0.832
0.514,1.022,0.912,1.337,1.214,0.184,0.245,0.832
0.514,1.022,0.912,1.337,1.214,0.183,0.245,0.831
0.514,1.022,0.912,1.337,1.214,0.183,0.245,0.831
0.514,1.021,0.912,1.337,1.213,0.183,0.245,0.831
0.514,1.021,0.912,1.337,1.213,0.183,0.245,0.831
0.514,1.021,0.912,1.337,1.213,0.183,0.245,0.83
0.515,1.02,0.913,1.337,1.213,0.183,0.245,0.83
0.515,1.02,0.913,1.337,1.213,0.183,0.245,0.83
0.515,1.019,0.913,1.337,1.212,0.183,0.245,0.83
0.515,1.019,0.913,1.337,1.212,0.182,0.245,0.83
0.515,1.019,0.913,1.337,1.212,0.182,0.245,0.829
0.515,1.018,0.914,1.337,1.212,0.182,0.245,0.829
0.515,1.018,0.914,1.337,1.211,0.182,0.245,0.829
0.515,1.017,0.914,1.337,1.211,0.182,0.245,0.829
0.515,1.017,0.914,1.337,1.211,0.182,0.245,0.828
0.515,1.017,0.914,1.337,1.21,0.181,0.245,0.828
0.516,1.016,0.915,1.337,1.21,0.181,0.245,0.828
0.516,1.016,0.915,1.337,1.21,0.181,0.245,0.827
0.516,1.016,0.915,1.336,1.21,0.181,0.245,0.827
0.516,1.015,0.915,1.337,1.21,0.181,0.245,0.827
0.516,1.015,0.915,1.336,1.209,0.181,0.245,0.827
0.516,1.014,0.916,1.336,1.209,0.181,0.245,0.826
0.516,1.014,0.916,1.336,1.209,0.181,0.245,0.826
0.516,1.013,0.916,1.336,1.209,0.18,0.245,0.826
0.516,1.013,0.916,1.336,1.208,0.18,0.245,0.826
0.516,1.013,0.916,1.336,1.208,0.18,0.245,0.826
0.516,1.012,0.916,1.336,1.208,0.18,0.245,0.825
0.516,1.012,0.917,1.336,1.208,0.18,0.245,0.825
0.516,1.012,0.917,1.336,1.207,0.18,0.245,0.825
0.517,1.011,0.917,1.336,1.207,0.18,0.245,0.825
0.517,1.011,0.917,1.343,1.209,0.18,0.245,0.826
0.518,1.013,0.919,1.339,1.209,0.18,0.245,0.826
0.518,1.012,0.919,1.338,1.209,0.18,0.245,0.826
0.518,1.012,0.919,1.338,1.209,0.18,0.245,0.825
0.518,1.012,0.92,1.338,1.208,0.179,0.245,0.825
0.518,1.011,0.92,1.338,1.208,0.179,0.245,0.825
0.518,1.011,0.92,1.338,1.208,0.179,0.245,0.824
0.518,1.01,0.92,1.338,1.208,0.179,0.245,0.824
0.518,1.01,0.92,1.338,1.208,0.179,0.245,0.824
0.518,1.01,0.921,1.338,1.207,0.179,0.245,0.824
0.519,1.009,0.921,1.338,1.207,0.179,0.245,0.824
0.519,1.009,0.921,1.338,1.207,0.178,0.245,0.824
0.519,1.009,0.921,1.338,1.207,0.178,0.245,0.823
0.519,1.008,0.921,1.338,1.207,0.178,0.245,0.823
0.519,1.008,0.922,1.338,1.206,0.178,0.245,0.823
0.519,1.008,0.922,1.338,1.206,0.178,0.245,0.823
0.519,1.008,0.922,1.338,1.206,0.178,0.245,0.822
0.519,1.007,0.922,1.338,1.206,0.178,0.245,0.822
0.519,1.007,0.922,1.338,1.205,0.177,0.245,0.822
0.519,1.006,0.923,1.338,1.205,0.177,0.245,0.822
0.519,1.006,0.923,1.338,1.205,0.177,0.245,0.822
0.52,1.006,0.923,1.338,1.205,0.177,0.245,0.821
0.52,1.006,0.923,1.338,1.205,0.177,0.245,0.821
0.52,1.005,0.924,1.338,1.205,0.177,0.245,0.821
0.52,1.005,0.924,1.338,1.204,0.177,0.245,0.821
0.52,1.004,0.924,1.338,1.204,0.177,0.245,0.821
0.52,1.004,0.924,1.338,1.204,0.176,0.245,0.82
0.52,1.004,0.924,1.338,1.204,0.176,0.245,0.82
0.52,1.004,0.925,1.338,1.203,0.176,0.245,0.82
0.52,1.003,0.925,1.338,1.203,0.176,0.245,0.82
0.52,1.003,0.925,1.338,1.203,0.176,0.245,0.82
0.521,1.003,0.925,1.338,1.203,0.176,0.245,0.819
0.521,1.002,0.925,1.338,1.203,0.176,0.245,0.819
0.521,1.002,0.926,1.338,1.202,0.176,0.245,0.819
0.521,1.002,0.926,1.338,1.202,0.176,0.245,0.819
0.521,1.001,0.926,1.337,1.202,0.175,0.245,0.818
0.521,1.001,0.926,1.337,1.202,0.175,0.245,0.818
0.521,1.001,0.926,1.338,1.201,0.175,0.245,0.818
0.521,1.0,0.927,1.337,1.201,0.175,0.245,0.818
0.521,1.0,0.927,1.337,1.201,0.175,0.245,0.818
0.521,1.0,0.927,1.338,1.201,0.175,0.245,0.817
0.521,0.999,0.927,1.337,1.201,0.175,0.245,0.817
0.521,0.999,0.927,1.337,1.2,0.175,0.245,0.817
0.521,0.999,0.927,1.337,1.2,0.174,0.245,0.817
0.521,0.998,0.928,1.337,1.2,0.174,0.245,0.816
0.521,0.998,0.928,1.337,1.2,0.174,0.245,0.816
0.522,0.998,0.928,1.337,1.2,0.174,0.245,0.816
0.522,0.997,0.928,1.337,1.199,0.174,0.246,0.816
0.522,0.997,0.929,1.337,1.199,0.174,0.246,0.816
0.522,0.997,0.929,1.337,1.199,0.174,0.245,0.815
0.522,0.997,0.929,1.337,1.199,0.174,0.245,0.815
0.522,0.996,0.929,1.337,1.199,0.174,0.246,0.815
0.522,0.996,0.929,1.337,1.198,0.173,0.245,0.815
0.522,0.996,0.93,1.337,1.198,0.173,0.245,0.814
0.522,0.995,0.93,1.337,1.198,0.173,0.245,0.814
0.522,0.995,0.93,1.337,1.198,0.173,0.245,0.814
0.522,0.995,0.93,1.337,1.198,0.173,0.245,0.814
0.522,0.994,0.93,1.337,1.197,0.173,0.245,0.813
0.522,0.994,0.931,1.337,1.197,0.173,0.245,0.813
0.523,0.994,0.931,1.337,1.197,0.173,0.245,0.813
0.523,0.994,0.931,1.337,1.197,0.172,0.246,0.813
0.523,0.993,0.931,1.337,1.197,0.172,0.246,0.813
0.523,0.993,0.931,1.337,1.197,0.172,0.245,0.812
0.523,0.993,0.931,1.337,1.196,0.172,0.245,0.812
0.523,0.992,0.932,1.337,1.196,0.172,0.245,0.812
0.523,0.992,0.932,1.337,1.196,0.172,0.246,0.812
0.523,0.992,0.932,1.337,1.196,0.172,0.246,0.812
0.523,0.991,0.932,1.337,1.195,0.172,0.245,0.811
0.523,0.991,0.932,1.337,1.195,0.172,0.245,0.811
0.523,0.991,0.933,1.336,1.195,0.172,0.245,0.811
0.523,0.991,0.933,1.337,1.195,0.171,0.245,0.811
0.523,0.99,0.933,1.337,1.195,0.171,0.245,0.811
0.523,0.99,0.933,1.336,1.195,0.171,0.245,0.81
0.524,0.99,0.933,1.337,1.194,0.171,0.245,0.81
0.524,0.989,0.934,1.336,1.194,0.171,0.245,0.81
0.524,0.989,0.934,1.336,1.194,0.171,0.245,0.81
0.524,0.989,0.934,1.336,1.194,0.171,0.246,0.809
0.524,0.988,0.934,1.336,1.194,0.171,0.245,0.809
0.524,0.988,0.934,1.336,1.193,0.17,0.245,0.809
0.524,0.988,0.935,1.336,1.193,0.17,0.245,0.809
0.524,0.987,0.935,1.336,1.193,0.17,0.246,0.808
0.524,0.987,0.935,1.336,1.193,0.17,0.245,0.808
0.524,0.987,0.935,1.336,1.192,0.17,0.245,0.808
0.524,0.987,0.935,1.336,1.192,0.17,0.245,0.808
0.524,0.987,0.936,1.336,1.192,0.17,0.246,0.808
0.524,0.986,0.936,1.336,1.192,0.17,0.245,0.808
0.524,0.986,0.936,1.336,1.191,0.17,0.245,0.807
0.524,0.986,0.936,1.336,1.191,0.17,0.245,0.807
0.524,0.985,0.936,1.336,1.191,0.169,0.245,0.807
0.524,0.985,0.936,1.336,1.191,0.169,0.245,0.807
0.525,0.985,0.937,1.336,1.191,0.169,0.246,0.807
0.525,0.985,0.937,1.336,1.191,0.169,0.246,0.806
0.525,0.984,0.937,1.336,1.19,0.169,0.246,0.806
0.525,0.984,0.937,1.336,1.19,0.169,0.245,0.806
0.525,0.984,0.937,1.336,1.19,0.169,0.245,0.806
0.525,0.983,0.938,1.336,1.19,0.169,0.245,0.805
0.525,0.983,0.938,1.336,1.19,0.168,0.246,0.805
0.525,0.983,0.938,1.336,1.189,0.168,0.246,0.805
0.525,0.982,0.938,1.336,1.189,0.168,0.245,0.805
0.525,0.982,0.938,1.335,1.189,0.168,0.245,0.804
0.525,0.982,0.939,1.335,1.189,0.168,0.245,0.804
0.525,0.982,0.939,1.336,1.188,0.168,0.245,0.804
0.525,0.981,0.939,1.335,1.189,0.168,0.245,0.804
0.525,0.981,0.939,1.335,1.188,0.168,0.245,0.804
0.525,0.981,0.94,1.336,1.188,0.168,0.246,0.804
0.526,0.98,0.94,1.335,1.188,0.168,0.246,0.803
0.526,0.98,0.94,1.335,1.188,0.167,0.246,0.803
0.526,0.98,0.94,1.335,1.187,0.167,0.245,0.803
0.526,0.98,0.94,1.335,1.187,0.167,0.245,0.803
0.526,0.979,0.941,1.335,1.187,0.167,0.246,0.803
0.526,0.979,0.941,1.335,1.187,0.167,0.246,0.802
0.526,0.979,0.941,1.335,1.187,0.167,0.245,0.802
0.526,0.978,0.941,1.335,1.186,0.167,0.245,0.802
0.526,0.978,0.941,1.335,1.186,0.167,0.245,0.801
0.526,0.978,0.941,1.335,1.186,0.166,0.245,0.801
0.526,0.977,0.942,1.335,1.186,0.166,0.245,0.801
0.526,0.977,0.942,1.335,1.185,0.166,0.245,0.801
0.526,0.977,0.942,1.335,1.185,0.166,0.245,0.801
0.526,0.977,0.942,1.335,1.185,0.166,0.246,0.801
0.526,0.976,0.942,1.335,1.185,0.166,0.246,0.801
0.526,0.976,0.942,1.335,1.185,0.166,0.246,0.8
0.526,0.976,0.943,1.335,1.184,0.166,0.246,0.8
0.526,0.976,0.943,1.335,1.184,0.166,0.245,0.8
0.526,0.975,0.943,1.334,1.184,0.165,0.245,0.799
0.526,0.975,0.943,1.335,1.184,0.165,0.245,0.799
0.527,0.975,0.943,1.335,1.184,0.165,0.245,0.799
0.527,0.975,0.944,1.335,1.184,0.165,0.246,0.799
0.527,0.975,0.944,1.334,1.183,0.165,0.245,0.799
0.527,0.974,0.944,1.334,1.183,0.165,0.245,0.799
0.527,0.974,0.944,1.334,1.183,0.165,0.245,0.798
0.527,0.974,0.944,1.334,1.183,0.165,0.245,0.798
0.527,0.973,0.945,1.334,1.183,0.165,0.245,0.798
0.527,0.973,0.945,1.334,1.182,0.165,0.245,0.798
0.527,0.973,0.945,1.334,1.182,0.165,0.246,0.798
0.527,0.972,0.945,1.334,1.182,0.164,0.245,0.797
0.527,0.972,0.945,1.334,1.182,0.164,0.246,0.797
0.527,0.972,0.945,1.334,1.182,0.164,0.245,0.797
0.527,0.972,0.946,1.334,1.181,0.164,0.245,0.797
0.527,0.972,0.946,1.334,1.181,0.164,0.246,0.797
0.527,0.971,0.946,1.334,1.181,0.164,0.246,0.797
0.527,0.971,0.946,1.334,1.181,0.164,0.245,0.796
0.527,0.971,0.946,1.334,1.181,0.164,0.245,0.796
0.527,0.97,0.947,1.334,1.18,0.164,0.245,0.796
0.527,0.97,0.947,1.334,1.18,0.163,0.246,0.796
0.527,0.97,0.947,1.334,1.18,0.163,0.246,0.795
0.527,0.97,0.947,1.334,1.18,0.163,0.245,0.795
0.527,0.969,0.947,1.334,1.18,0.163,0.245,0.795
0.527,0.969,0.947,1.334,1.179,0.163,0.245,0.795
0.528,0.969,0.948,1.333,1.179,0.163,0.245,0.795
0.528,0.969,0.948,1.333,1.179,0.163,0.245,0.794
0.528,0.968,0.948,1.333,1.179,0.163,0.245,0.794
0.528,0.968,0.948,1.333,1.178,0.163,0.245,0.794
0.528,0.968,0.948,1.333,1.178,0.163,0.246,0.794
0.528,0.968,0.948,1.333,1.178,0.162,0.245,0.794
0.528,0.967,0.949,1.333,1.178,0.162,0.245,0.793
0.528,0.967,0.949,1.333,1.178,0.162,0.246,0.793
0.528,0.967,0.949,1.333,1.177,0.162,0.245,0.793
0.528,0.967,0.949,1.333,1.177,0.162,0.245,0.793
0.528,0.966,0.949,1.333,1.177,0.162,0.245,0.793
0.528,0.966,0.95,1.333,1.177,0.162,0.245,0.792
0.528,0.966,0.95,1.333,1.177,0.162,0.245,0.792
0.528,0.966,0.95,1.333,1.177,0.162,0.245,0.792
0.528,0.965,0.95,1.333,1.176,0.162,0.245,0.792
0.528,0.965,0.951,1.333,1.176,0.161,0.245,0.792
0.528,0.965,0.951,1.333,1.176,0.161,0.245,0.792
0.528,0.965,0.951,1.333,1.176,0.161,0.245,0.791
0.528,0.964,0.951,1.333,1.176,0.161,0.245,0.791
0.528,0.964,0.951,1.333,1.176,0.161,0.245,0.791
0.528,0.964,0.951,1.333,1.175,0.161,0.245,0.791
0.528,0.964,0.951,1.333,1.175,0.161,0.245,0.79
0.528,0.963,0.952,1.333,1.175,0.161,0.245,0.79
0.528,0.963,0.952,1.332,1.175,0.161,0.246,0.79
0.528,0.963,0.952,1.333,1.174,0.161,0.245,0.79
0.529,0.963,0.952,1.332,1.174,0.161,0.245,0.79
0.529,0.962,0.952,1.332,1.174,0.16,0.246,0.79
0.529,0.962,0.953,1.332,1.174,0.16,0.245,0.789
0.529,0.962,0.953,1.332,1.174,0.16,0.246,0.789
0.529,0.962,0.953,1.332,1.173,0.16,0.245,0.789
0.529,0.961,0.953,1.332,1.173,0.16,0.245,0.789
0.529,0.961,0.953,1.332,1.173,0.16,0.245,0.788
0.529,0.961,0.953,1.332,1.173,0.16,0.246,0.788
0.529,0.961,0.954,1.332,1.173,0.16,0.245,0.788
0.529,0.96,0.954,1.332,1.172,0.16,0.245,0.788
0.529,0.96,0.954,1.332,1.172,0.159,0.245,0.788
0.529,0.96,0.954,1.332,1.172,0.159,0.245,0.788
0.529,0.959,0.954,1.332,1.172,0.159,0.245,0.787
0.529,0.959,0.954,1.332,1.172,0.159,0.245,0.787
0.529,0.959,0.955,1.332,1.171,0.159,0.245,0.787
0.529,0.959,0.955,1.332,1.171,0.159,0.245,0.787
0.529,0.959,0.955,1.332,1.171,0.159,0.245,0.787
0.529,0.958,0.955,1.332,1.171,0.159,0.245,0.786
0.529,0.958,0.955,1.332,1.171,0.159,0.246,0.786
0.529,0.958,0.955,1.331,1.17,0.159,0.246,0.786
0.529,0.958,0.956,1.331,1.17,0.158,0.245,0.786
0.529,0.958,0.956,1.331,1.17,0.158,0.245,0.786
0.529,0.957,0.956,1.331,1.17,0.158,0.245,0.786
0.529,0.957,0.956,1.331,1.17,0.158,0.245,0.785
0.529,0.957,0.957,1.331,1.17,0.158,0.245,0.785
0.529,0.956,0.957,1.331,1.169,0.158,0.246,0.785
0.529,0.956,0.957,1.331,1.169,0.158,0.245,0.785
0.529,0.956,0.957,1.331,1.169,0.158,0.245,0.785
0.529,0.956,0.957,1.331,1.169,0.158,0.245,0.784
0.53,0.956,0.957,1.331,1.169,0.158,0.245,0.784
0.53,0.955,0.958,1.331,1.168,0.158,0.245,0.784
0.53,0.955,0.958,1.331,1.168,0.157,0.246,0.784
0.53,0.955,0.958,1.331,1.168,0.157,0.246,0.784
0.53,0.955,0.958,1.331,1.168,0.157,0.246,0.784
0.53,0.954,0.958,1.331,1.168,0.157,0.245,0.783
0.53,0.954,0.958,1.33,1.167,0.157,0.245,0.783
0.53,0.954,0.958,1.331,1.167,0.157,0.246,0.783
0.53,0.954,0.959,1.331,1.167,0.157,0.246,0.783
0.53,0.954,0.959,1.33,1.167,0.157,0.246,0.783
0.53,0.953,0.959,1.331,1.167,0.157,0.245,0.783
0.53,0.953,0.959,1.331,1.166,0.157,0.245,0.782
0.53,0.953,0.959,1.331,1.166,0.157,0.246,0.782
0.53,0.953,0.96,1.33,1.166,0.156,0.246,0.782
0.53,0.952,0.96,1.33,1.166,0.156,0.245,0.782
0.53,0.952,0.96,1.33,1.166,0.156,0.246,0.782
0.53,0.952,0.96,1.33,1.165,0.156,0.245,0.782
0.53,0.952,0.96,1.33,1.165,0.156,0.245,0.781
0.53,0.952,0.96,1.33,1.165,0.156,0.245,0.781
0.53,0.951,0.961,1.33,1.165,0.156,0.245,0.781
0.53,0.951,0.961,1.33,1.165,0.156,0.246,0.781
0.53,0.951,0.961,1.33,1.165,0.156,0.245,0.781
0.53,0.951,0.961,1.33,1.165,0.156,0.245,0.78
0.53,0.95,0.961,1.33,1.164,0.155,0.245,0.78
0.53,0.95,0.961,1.33,1.164,0.155,0.245,0.78
0.53,0.95,0.962,1.33,1.164,0.155,0.245,0.78
0.53,0.95,0.962,1.33,1.164,0.155,0.245,0.78
0.53,0.949,0.962,1.33,1.163,0.155,0.246,0.78
0.53,0.949,0.962,1.33,1.163,0.155,0.245,0.779
0.53,0.949,0.962,1.33,1.163,0.155,0.245,0.779
0.53,0.949,0.962,1.33,1.163,0.155,0.246,0.779
0.53,0.949,0.963,1.33,1.163,0.155,0.246,0.779
0.53,0.948,0.963,1.33,1.163,0.155,0.245,0.779
0.53,0.948,0.963,1.33,1.162,0.155,0.246,0.778
0.53,0.948,0.963,1.33,1.162,0.154,0.245,0.778
0.53,0.948,0.963,1.33,1.162,0.155,0.246,0.778
0.53,0.948,0.963,1.33,1.162,0.154,0.245,0.778
0.53,0.947,0.964,1.33,1.162,0.154,0.246,0.778
0.53,0.947,0.964,1.33,1.161,0.154,0.245,0.777
0.53,0.947,0.964,1.33,1.161,0.154,0.245,0.777
0.53,0.947,0.964,1.33,1.161,0.154,0.245,0.777
0.53,0.947,0.964,1.33,1.161,0.154,0.245,0.777
0.53,0.947,0.964,1.33,1.161,0.154,0.245,0.777
0.53,0.946,0.965,1.329,1.16,0.154,0.245,0.777
0.53,0.946,0.965,1.329,1.16,0.154,0.245,0.776
0.53,0.946,0.965,1.329,1.16,0.154,0.245,0.776
0.531,0.946,0.965,1.33,1.16,0.154,0.245,0.776
0.531,0.946,0.965,1.33,1.16,0.153,0.245,0.776
0.531,0.946,0.966,1.329,1.16,0.153,0.245,0.776
0.531,0.945,0.965,1.329,1.16,0.153,0.245,0.776
0.531,0.945,0.966,1.329,1.159,0.153,0.245,0.775
0.531,0.945,0.966,1.329,1.159,0.153,0.246,0.775
0.531,0.945,0.966,1.329,1.159,0.153,0.245,0.775
0.531,0.945,0.966,1.329,1.159,0.153,0.245,0.775
0.531,0.944,0.967,1.329,1.159,0.153,0.245,0.775
0.531,0.944,0.967,1.329,1.159,0.153,0.246,0.775
0.531,0.944,0.967,1.329,1.159,0.153,0.245,0.774
0.531,0.944,0.967,1.329,1.158,0.153,0.245,0.774
0.531,0.944,0.967,1.329,1.158,0.152,0.245,0.774
0.531,0.943,0.967,1.329,1.158,0.152,0.245,0.774
0.531,0.943,0.968,1.329,1.158,0.152,0.246,0.774
0.531,0.943,0.968,1.329,1.158,0.152,0.245,0.774
0.531,0.943,0.968,1.329,1.157,0.152,0.245,0.774
0.531,0.943,0.968,1.329,1.157,0.152,0.245,0.773
0.531,0.943,0.968,1.329,1.157,0.152,0.246,0.773
0.531,0.942,0.968,1.329,1.157,0.152,0.246,0.773
0.531,0.942,0.968,1.329,1.157,0.152,0.246,0.773
0.531,0.942,0.969,1.329,1.156,0.152,0.245,0.773
0.531,0.942,0.969,1.329,1.156,0.152,0.245,0.772
0.531,0.941,0.969,1.329,1.156,0.152,0.245,0.772
0.531,0.941,0.969,1.329,1.156,0.152,0.245,0.772
0.531,0.941,0.969,1.329,1.156,0.152,0.245,0.772
0.531,0.941,0.969,1.329,1.155,0.151,0.246,0.772
0.531,0.941,0.97,1.329,1.155,0.151,0.246,0.772
0.531,0.941,0.97,1.329,1.155,0.151,0.246,0.772
0.531,0.94,0.97,1.328,1.155,0.151,0.246,0.771
0.531,0.94,0.97,1.329,1.155,0.151,0.245,0.771
0.531,0.94,0.97,1.328,1.154,0.151,0.245,0.771
0.531,0.94,0.971,1.328,1.154,0.151,0.246,0.771
0.531,0.939,0.971,1.328,1.154,0.151,0.245,0.771
0.531,0.939,0.971,1.328,1.154,0.151,0.246,0.77
0.531,0.939,0.971,1.328,1.154,0.151,0.245,0.77
0.531,0.939,0.971,1.328,1.153,0.15,0.245,0.77
0.531,0.939,0.971,1.328,1.153,0.15,0.246,0.77
0.531,0.939,0.971,1.328,1.153,0.15,0.245,0.77
0.531,0.938,0.972,1.328,1.153,0.15,0.246,0.77
0.531,0.938,0.972,1.328,1.153,0.15,0.246,0.769
0.531,0.938,0.972,1.328,1.153,0.15,0.246,0.769
0.531,0.938,0.972,1.328,1.152,0.15,0.246,0.769
0.531,0.937,0.972,1.328,1.152,0.15,0.246,0.769
0.531,0.937,0.973,1.328,1.152,0.15,0.245,0.769
0.531,0.937,0.973,1.328,1.152,0.15,0.245,0.769
0.531,0.937,0.973,1.328,1.152,0.15,0.245,0.769
0.531,0.937,0.973,1.328,1.151,0.15,0.245,0.768
0.531,0.936,0.973,1.328,1.151,0.15,0.246,0.768
0.531,0.936,0.973,1.327,1.151,0.15,0.245,0.768
0.531,0.936,0.973,1.327,1.151,0.149,0.246,0.768
0.531,0.936,0.974,1.327,1.151,0.149,0.245,0.768
0.531,0.936,0.974,1.327,1.151,0.149,0.245,0.768
0.531,0.936,0.974,1.327,1.15,0.149,0.246,0.767
0.531,0.935,0.974,1.327,1.15,0.149,0.246,0.767
0.531,0.935,0.974,1.327,1.15,0.149,0.246,0.767
0.531,0.935,0.974,1.327,1.15,0.149,0.245,0.767
0.531,0.935,0.975,1.327,1.15,0.149,0.245,0.767
0.531,0.934,0.975,1.327,1.15,0.149,0.246,0.767
0.531,0.934,0.975,1.327,1.149,0.149,0.245,0.766
0.531,0.934,0.975,1.327,1.149,0.149,0.245,0.766
0.531,0.934,0.975,1.327,1.149,0.149,0.246,0.766
0.531,0.934,0.975,1.327,1.149,0.148,0.245,0.766
0.531,0.934,0.975,1.327,1.149,0.148,0.245,0.766
0.531,0.933,0.976,1.327,1.148,0.148,0.246,0.766
0.531,0.933,0.976,1.326,1.148,0.148,0.245,0.766
0.531,0.933,0.976,1.327,1.148,0.148,0.245,0.765
0.531,0.933,0.976,1.327,1.148,0.148,0.246,0.765
0.531,0.933,0.976,1.327,1.148,0.148,0.246,0.765
0.531,0.933,0.977,1.326,1.148,0.148,0.245,0.765
0.531,0.932,0.977,1.326,1.148,0.148,0.245,0.765
0.531,0.932,0.977,1.326,1.147,0.148,0.245,0.765
0.531,0.932,0.977,1.326,1.147,0.148,0.246,0.765
0.531,0.932,0.977,1.326,1.147,0.148,0.245,0.764
0.531,0.932,0.977,1.326,1.147,0.148,0.245,0.764
0.531,0.931,0.977,1.326,1.146,0.148,0.245,0.764
0.531,0.931,0.977,1.326,1.146,0.147,0.245,0.764
0.531,0.931,0.978,1.326,1.146,0.147,0.245,0.764
0.531,0.931,0.978,1.326,1.146,0.147,0.245,0.764
0.531,0.931,0.978,1.326,1.146,0.147,0.245,0.764
0.531,0.931,0.978,1.326,1.146,0.147,0.245,0.763
0.531,0.93,0.978,1.326,1.145,0.147,0.245,0.763
0.531,0.93,0.978,1.326,1.145,0.147,0.245,0.763
0.531,0.93,0.979,1.326,1.145,0.147,0.245,0.763
0.531,0.93,0.979,1.326,1.145,0.147,0.245,0.763
0.531,0.929,0.979,1.326,1.145,0.147,0.245,0.762
0.531,0.929,0.979,1.326,1.145,0.147,0.246,0.762
0.531,0.929,0.979,1.326,1.144,0.146,0.245,0.762
0.531,0.929,0.979,1.326,1.144,0.146,0.245,0.762
0.531,0.929,0.979,1.325,1.144,0.146,0.245,0.762
0.531,0.929,0.98,1.325,1.144,0.146,0.246,0.762
0.531,0.929,0.98,1.325,1.144,0.146,0.245,0.761
0.531,0.928,0.98,1.325,1.143,0.146,0.245,0.761
0.531,0.928,0.98,1.325,1.143,0.146,0.245,0.761
0.531,0.928,0.98,1.325,1.143,0.146,0.246,0.761
0.531,0.928,0.98,1.325,1.143,0.146,0.246,0.761
0.531,0.928,0.981,1.325,1.143,0.146,0.246,0.761
0.531,0.928,0.981,1.325,1.143,0.146,0.246,0.761
0.531,0.927,0.981,1.325,1.142,0.146,0.245,0.761
0.531,0.927,0.981,1.325,1.142,0.146,0.245,0.76
0.531,0.927,0.981,1.325,1.142,0.146,0.245,0.76
0.531,0.927,0.981,1.325,1.142,0.145,0.245,0.76
0.531,0.926,0.981,1.325,1.142,0.145,0.245,0.76
0.531,0.927,0.981,1.325,1.142,0.145,0.245,0.76
0.531,0.926,0.981,1.324,1.142,0.145,0.245,0.759
0.531,0.926,0.982,1.325,1.141,0.145,0.245,0.759
0.531,0.926,0.982,1.325,1.141,0.145,0.245,0.759
0.531,0.926,0.982,1.324,1.141,0.145,0.245,0.759
0.531,0.926,0.982,1.325,1.141,0.145,0.245,0.759
0.531,0.926,0.982,1.324,1.141,0.145,0.245,0.759
0.531,0.925,0.983,1.325,1.141,0.145,0.245,0.759
0.531,0.925,0.983,1.324,1.14,0.145,0.245,0.758
0.531,0.925,0.983,1.324,1.14,0.145,0.246,0.758
0.531,0.925,0.983,1.324,1.14,0.145,0.245,0.758
0.531,0.925,0.983,1.324,1.14,0.145,0.245,0.758
0.531,0.924,0.983,1.324,1.14,0.144,0.245,0.758
0.531,0.925,0.984,1.324,1.14,0.145,0.245,0.758
0.531,0.924,0.984,1.324,1.139,0.144,0.245,0.758
0.531,0.924,0.984,1.324,1.139,0.144,0.245,0.757
0.531,0.924,0.984,1.324,1.139,0.144,0.245,0.757
0.531,0.924,0.984,1.324,1.139,0.144,0.246,0.757
0.531,0.923,0.984,1.324,1.139,0.144,0.245,0.757
0.531,0.923,0.985,1.324,1.139,0.144,0.245,0.757
0.531,0.923,0.985,1.324,1.138,0.144,0.246,0.757
0.531,0.923,0.985,1.324,1.138,0.144,0.246,0.756
0.531,0.923,0.985,1.324,1.138,0.144,0.246,0.756
0.531,0.923,0.985,1.324,1.138,0.144,0.245,0.756
0.531,0.923,0.985,1.324,1.138,0.144,0.245,0.756
0.531,0.922,0.985,1.324,1.138,0.144,0.246,0.756
0.531,0.922,0.985,1.324,1.137,0.144,0.245,0.756
0.531,0.922,0.986,1.324,1.137,0.144,0.245,0.756
0.531,0.922,0.986,1.323,1.137,0.143,0.245,0.755
0.531,0.922,0.986,1.324,1.137,0.143,0.245,0.755
0.531,0.922,0.986,1.323,1.137,0.143,0.246,0.755
0.531,0.922,0.986,1.323,1.137,0.143,0.245,0.755
0.531,0.921,0.986,1.324,1.137,0.143,0.245,0.755
0.531,0.921,0.987,1.323,1.136,0.143,0.246,0.755
0.531,0.921,0.987,1.323,1.136,0.143,0.245,0.755
0.531,0.921,0.987,1.323,1.136,0.143,0.245,0.754
0.531,0.921,0.987,1.323,1.136,0.143,0.245,0.754
0.531,0.92,0.987,1.323,1.136,0.143,0.245,0.754
0.531,0.92,0.987,1.323,1.135,0.143,0.245,0.754
0.531,0.92,0.987,1.323,1.135,0.143,0.245,0.754
0.531,0.92,0.988,1.323,1.135,0.143,0.245,0.754
0.531,0.92,0.988,1.323,1.135,0.143,0.245,0.753
0.531,0.92,0.988,1.323,1.135,0.142,0.245,0.754
0.531,0.92,0.988,1.323,1.135,0.143,0.245,0.753
0.531,0.92,0.988,1.323,1.135,0.142,0.245,0.753
0.531,0.919,0.988,1.323,1.134,0.142,0.245,0.753
0.531,0.919,0.989,1.323,1.134,0.142,0.246,0.753
0.531,0.919,0.989,1.323,1.134,0.142,0.245,0.753
0.531,0.919,0.988,1.322,1.134,0.142,0.245,0.752
0.531,0.918,0.989,1.322,1.133,0.142,0.245,0.752
0.531,0.918,0.989,1.322,1.133,0.142,0.245,0.752
0.531,0.918,0.989,1.322,1.133,0.142,0.245,0.752
0.531,0.918,0.989,1.322,1.133,0.142,0.245,0.752
0.531,0.918,0.989,1.321,1.133,0.142,0.245,0.752
0.531,0.917,0.989,1.321,1.133,0.142,0.245,0.752
0.531,0.917,0.989,1.32,1.132,0.141,0.245,0.752
0.531,0.917,0.989,1.319,1.132,0.141,0.246,0.752
0.531,0.915,0.989,1.319,1.132,0.141,0.245,0.752
0.53,0.914,0.989,1.318,1.132,0.141,0.245,0.752
0.53,0.912,0.989,1.317,1.132,0.141,0.245,0.753
0.53,0.91,0.989,1.316,1.132,0.141,0.245,0.753
0.53,0.907,0.989,1.315,1.132,0.141,0.245,0.753
0.53,0.905,0.989,1.314,1.132,0.141,0.245,0.754
0.53,0.902,0.989,1.312,1.132,0.141,0.245,0.754
0.53,0.899,0.989,1.311,1.132,0.141,0.245,0.755
0.53,0.896,0.989,1.31,1.132,0.141,0.245,0.755
0.53,0.893,0.989,1.309,1.132,0.141,0.246,0.756
0.53,0.89,0.989,1.308,1.132,0.141,0.245,0.756
0.53,0.887,0.989,1.307,1.132,0.141,0.245,0.756
0.53,0.884,0.989,1.306,1.132,0.141,0.245,0.756
0.53,0.881,0.989,1.304,1.132,0.141,0.246,0.756
0.53,0.878,0.989,1.303,1.132,0.141,0.245,0.756
0.53,0.875,0.989,1.302,1.132,0.14,0.245,0.756
0.53,0.872,0.989,1.301,1.132,0.14,0.245,0.756
0.53,0.869,0.989,1.3,1.133,0.14,0.245,0.756
0.529,0.866,0.989,1.298,1.133,0.14,0.245,0.756
0.529,0.863,0.988,1.297,1.133,0.14,0.245,0.756
0.529,0.86,0.988,1.296,1.133,0.14,0.245,0.756
0.529,0.857,0.988,1.295,1.133,0.14,0.245,0.755
0.529,0.854,0.988,1.294,1.133,0.14,0.245,0.755
0.528,0.851,0.988,1.293,1.133,0.14,0.245,0.755
0.528,0.848,0.988,1.292,1.134,0.14,0.245,0.754
0.528,0.845,0.988,1.291,1.134,0.14,0.245,0.754
0.528,0.842,0.988,1.29,1.134,0.14,0.245,0.754
0.528,0.839,0.988,1.288,1.134,0.139,0.245,0.753
0.528,0.836,0.988,1.288,1.134,0.139,0.245,0.753
0.527,0.833,0.987,1.286,1.134,0.139,0.245,0.752
0.527,0.83,0.987,1.285,1.134,0.139,0.245,0.752
0.527,0.828,0.987,1.284,1.134,0.139,0.245,0.751
0.527,0.825,0.987,1.283,1.134,0.139,0.245,0.751
0.527,0.822,0.987,1.282,1.134,0.139,0.245,0.75
0.527,0.82,0.987,1.281,1.134,0.139,0.245,0.75
0.526,0.817,0.987,1.279,1.134,0.139,0.245,0.749
0.526,0.814,0.987,1.278,1.134,0.139,0.245,0.749
0.526,0.812,0.986,1.277,1.134,0.139,0.245,0.748
0.526,0.809,0.986,1.275,1.134,0.139,0.245,0.748
0.525,0.807,0.986,1.274,1.134,0.139,0.245,0.747
0.525,0.804,0.986,1.273,1.134,0.139,0.245,0.746
0.525,0.802,0.986,1.272,1.134,0.138,0.245,0.746
0.525,0.799,0.986,1.27,1.134,0.138,0.245,0.745
0.524,0.797,0.985,1.269,1.133,0.138,0.245,0.745
0.524,0.794,0.985,1.268,1.133,0.138,0.245,0.744
0.524,0.792,0.985,1.267,1.133,0.138,0.245,0.744
0.524,0.789,0.985,1.266,1.133,0.138,0.245,0.743
0.523,0.786,0.984,1.265,1.132,0.138,0.245,0.742
0.523,0.784,0.984,1.264,1.132,0.138,0.245,0.742
0.523,0.781,0.984,1.262,1.132,0.138,0.245,0.741
0.523,0.779,0.984,1.261,1.132,0.138,0.245,0.741
0.522,0.776,0.984,1.26,1.131,0.138,0.245,0.74
0.522,0.774,0.984,1.259,1.131,0.137,0.245,0.74
0.522,0.772,0.983,1.258,1.13,0.137,0.245,0.739
0.521,0.769,0.983,1.257,1.13,0.137,0.245,0.738
0.521,0.767,0.983,1.256,1.13,0.137,0.245,0.738
0.521,0.764,0.983,1.255,1.129,0.137,0.245,0.737
0.521,0.762,0.982,1.254,1.129,0.137,0.245,0.736
0.52,0.76,0.982,1.252,1.129,0.137,0.245,0.736
0.52,0.758,0.982,1.251,1.128,0.137,0.245,0.735
0.52,0.755,0.982,1.25,1.128,0.137,0.244,0.734
0.519,0.753,0.981,1.249,1.127,0.136,0.244,0.734
0.519,0.751,0.982,1.248,1.127,0.136,0.245,0.733
0.519,0.749,0.981,1.246,1.126,0.136,0.244,0.732
0.518,0.747,0.981,1.245,1.126,0.136,0.244,0.732
0.518,0.745,0.981,1.244,1.125,0.136,0.244,0.731
0.518,0.742,0.98,1.243,1.125,0.136,0.244,0.73
0.518,0.74,0.98,1.241,1.125,0.136,0.244,0.729
0.517,0.738,0.98,1.24,1.124,0.136,0.244,0.729
0.517,0.736,0.98,1.238,1.124,0.135,0.244,0.728
0.517,0.734,0.979,1.237,1.123,0.135,0.244,0.727
0.516,0.732,0.979,1.236,1.123,0.135,0.244,0.726
0.516,0.73,0.979,1.235,1.122,0.135,0.244,0.726
0.516,0.728,0.979,1.233,1.122,0.135,0.244,0.725
0.516,0.726,0.979,1.232,1.121,0.135,0.244,0.724
0.515,0.724,0.978,1.231,1.12,0.135,0.244,0.724
0.515,0.722,0.978,1.23,1.12,0.134,0.244,0.723
0.514,0.72,0.978,1.228,1.12,0.134,0.244,0.722
0.514,0.718,0.977,1.227,1.119,0.134,0.244,0.721
0.514,0.716,0.977,1.226,1.118,0.134,0.244,0.72
0.513,0.714,0.977,1.225,1.118,0.134,0.244,0.72
0.513,0.712,0.977,1.223,1.117,0.134,0.244,0.719
0.513,0.71,0.976,1.222,1.117,0.134,0.244,0.718
0.512,0.708,0.976,1.221,1.116,0.134,0.244,0.717
0.512,0.706,0.976,1.22,1.116,0.133,0.244,0.717
0.512,0.704,0.976,1.218,1.115,0.133,0.243,0.716
0.511,0.702,0.975,1.217,1.114,0.133,0.244,0.715
0.511,0.7,0.975,1.216,1.114,0.133,0.244,0.714
0.511,0.698,0.975,1.214,1.113,0.133,0.244,0.714
0.51,0.696,0.974,1.213,1.113,0.133,0.244,0.713
0.51,0.694,0.974,1.212,1.112,0.133,0.243,0.712
0.509,0.692,0.974,1.211,1.111,0.132,0.244,0.711
0.509,0.69,0.973,1.209,1.111,0.132,0.243,0.711
0.509,0.689,0.973,1.208,1.11,0.132,0.243,0.71
0.508,0.687,0.973,1.207,1.109,0.132,0.243,0.709
0.508,0.685,0.972,1.205,1.109,0.132,0.244,0.708
0.508,0.683,0.972,1.204,1.108,0.131,0.243,0.708
0.507,0.681,0.972,1.203,1.107,0.131,0.243,0.707
0.507,0.68,0.972,1.201,1.107,0.131,0.243,0.706
0.506,0.678,0.971,1.2,1.106,0.131,0.243,0.705
0.506,0.676,0.971,1.198,1.105,0.131,0.243,0.704
0.506,0.675,0.971,1.197,1.105,0.131,0.243,0.703
0.505,0.673,0.971,1.196,1.104,0.131,0.243,0.703
0.505,0.671,0.97,1.195,1.103,0.131,0.243,0.702
0.505,0.67,0.97,1.193,1.103,0.13,0.243,0.701
0.504,0.668,0.969,1.192,1.102,0.13,0.243,0.7
0.504,0.667,0.969,1.19,1.101,0.13,0.243,0.7
0.503,0.665,0.969,1.189,1.101,0.13,0.243,0.699
0.503,0.664,0.968,1.188,1.1,0.13,0.243,0.698
0.503,0.662,0.968,1.186,1.099,0.129,0.243,0.697
0.502,0.66,0.968,1.185,1.099,0.129,0.243,0.696
0.502,0.659,0.968,1.184,1.098,0.129,0.243,0.696
0.502,0.657,0.967,1.183,1.097,0.129,0.242,0.695
0.501,0.656,0.967,1.182,1.096,0.129,0.243,0.694
0.501,0.654,0.967,1.18,1.096,0.129,0.243,0.694
0.5,0.653,0.966,1.179,1.095,0.129,0.243,0.693
0.5,0.652,0.966,1.178,1.094,0.128,0.242,0.692
0.499,0.65,0.966,1.177,1.094,0.128,0.242,0.691
0.499,0.649,0.965,1.176,1.093,0.128,0.242,0.691
0.499,0.647,0.965,1.174,1.092,0.128,0.242,0.69
0.498,0.646,0.965,1.173,1.091,0.128,0.242,0.689
0.498,0.645,0.964,1.172,1.091,0.128,0.242,0.689
0.498,0.643,0.964,1.171,1.09,0.128,0.242,0.688
0.497,0.642,0.964,1.169,1.089,0.127,0.242,0.687
0.497,0.641,0.963,1.168,1.088,0.127,0.242,0.686
0.496,0.639,0.963,1.167,1.087,0.127,0.242,0.686
0.496,0.638,0.963,1.166,1.087,0.127,0.242,0.685
0.496,0.637,0.963,1.165,1.086,0.127,0.242,0.684
0.495,0.635,0.962,1.164,1.085,0.126,0.242,0.684
0.495,0.634,0.962,1.162,1.084,0.126,0.242,0.683
0.494,0.633,0.961,1.161,1.084,0.126,0.242,0.682
0.494,0.631,0.961,1.16,1.083,0.126,0.242,0.681
0.494,0.63,0.961,1.159,1.082,0.126,0.242,0.681
0.493,0.629,0.96,1.157,1.081,0.126,0.242,0.68
0.493,0.627,0.96,1.156,1.081,0.125,0.242,0.679
0.492,0.626,0.96,1.155,1.08,0.126,0.242,0.678
0.492,0.625,0.96,1.154,1.079,0.125,0.242,0.678
0.492,0.624,0.959,1.153,1.079,0.125,0.242,0.677
0.491,0.622,0.959,1.152,1.078,0.125,0.241,0.676
0.491,0.621,0.958,1.151,1.077,0.125,0.242,0.675
0.49,0.62,0.958,1.149,1.076,0.125,0.242,0.675
0.49,0.619,0.958,1.148,1.075,0.124,0.241,0.674
0.49,0.617,0.958,1.147,1.075,0.124,0.241,0.673
0.489,0.616,0.957,1.146,1.074,0.124,0.241,0.672
0.489,0.615,0.957,1.145,1.073,0.124,0.241,0.672
0.488,0.614,0.956,1.144,1.073,0.124,0.241,0.671
0.488,0.613,0.956,1.142,1.072,0.123,0.241,0.67
0.488,0.612,0.956,1.141,1.071,0.123,0.241,0.669
0.487,0.611,0.956,1.14,1.07,0.123,0.241,0.669
0.487,0.609,0.955,1.138,1.069,0.123,0.241,0.668
0.486,0.608,0.955,1.137,1.068,0.123,0.241,0.667
0.486,0.607,0.955,1.136,1.068,0.123,0.241,0.666
0.485,0.606,0.954,1.135,1.067,0.122,0.241,0.666
0.485,0.605,0.954,1.133,1.066,0.122,0.241,0.665
0.485,0.604,0.954,1.132,1.065,0.122,0.241,0.664
0.484,0.603,0.953,1.131,1.065,0.122,0.241,0.663
0.484,0.602,0.953,1.13,1.064,0.122,0.241,0.663
0.483,0.601,0.952,1.128,1.063,0.122,0.241,0.662
0.483,0.6,0.952,1.127,1.062,0.121,0.241,0.661
0.483,0.599,0.952,1.126,1.062,0.121,0.241,0.661
0.482,0.598,0.952,1.125,1.061,0.121,0.241,0.66
0.482,0.597,0.951,1.124,1.06,0.121,0.241,0.659
0.481,0.596,0.951,1.123,1.059,0.121,0.24,0.659
0.481,0.594,0.95,1.122,1.059,0.121,0.24,0.658
0.481,0.593,0.95,1.12,1.058,0.121,0.24,0.657
0.48,0.592,0.95,1.119,1.057,0.12,0.24,0.656
0.48,0.591,0.949,1.118,1.056,0.12,0.24,0.656
0.479,0.59,0.949,1.117,1.055,0.12,0.24,0.655
0.479,0.589,0.949,1.116,1.055,0.12,0.24,0.654
0.479,0.588,0.948,1.115,1.054,0.12,0.24,0.654
0.478,0.587,0.948,1.114,1.053,0.119,0.24,0.653
0.478,0.586,0.948,1.113,1.052,0.119,0.24,0.652
0.477,0.585,0.947,1.112,1.051,0.119,0.24,0.652
0.477,0.584,0.947,1.111,1.051,0.119,0.24,0.651
0.476,0.583,0.947,1.11,1.05,0.119,0.24,0.65
0.476,0.582,0.946,1.109,1.049,0.119,0.24,0.65
0.476,0.581,0.946,1.108,1.048,0.118,0.24,0.649
0.475,0.58,0.945,1.106,1.048,0.118,0.24,0.648
0.475,0.579,0.945,1.105,1.047,0.118,0.24,0.647
0.474,0.578,0.944,1.104,1.046,0.118,0.24,0.647
0.474,0.577,0.944,1.103,1.045,0.118,0.24,0.646
0.474,0.576,0.944,1.102,1.045,0.118,0.24,0.645
0.473,0.575,0.943,1.101,1.044,0.118,0.24,0.645
0.473,0.574,0.943,1.1,1.043,0.117,0.239,0.644
0.472,0.573,0.943,1.099,1.042,0.117,0.239,0.643
0.472,0.572,0.943,1.097,1.041,0.117,0.24,0.643
0.471,0.571,0.942,1.096,1.041,0.117,0.24,0.642
0.471,0.57,0.942,1.095,1.04,0.117,0.239,0.641
0.471,0.569,0.941,1.094,1.039,0.116,0.239,0.641
0.47,0.568,0.941,1.093,1.038,0.116,0.239,0.64
0.47,0.567,0.941,1.092,1.037,0.116,0.239,0.639
0.469,0.567,0.94,1.091,1.037,0.116,0.239,0.639
0.469,0.566,0.94,1.09,1.036,0.116,0.239,0.638
0.469,0.565,0.939,1.089,1.035,0.116,0.239,0.637
0.468,0.564,0.939,1.088,1.034,0.116,0.239,0.637
0.468,0.563,0.939,1.086,1.034,0.115,0.239,0.636
0.467,0.562,0.938,1.085,1.033,0.115,0.239,0.635
0.467,0.562,0.938,1.084,1.032,0.115,0.239,0.635
0.467,0.561,0.938,1.083,1.031,0.115,0.239,0.634
0.466,0.56,0.937,1.082,1.03,0.115,0.239,0.633
0.466,0.559,0.937,1.081,1.03,0.114,0.239,0.633
0.465,0.558,0.936,1.08,1.029,0.114,0.239,0.632
0.465,0.557,0.936,1.079,1.028,0.114,0.239,0.632
0.465,0.556,0.936,1.078,1.027,0.114,0.239,0.631
0.464,0.556,0.935,1.076,1.026,0.114,0.239,0.63
0.464,0.555,0.935,1.075,1.026,0.114,0.238,0.629
0.463,0.554,0.935,1.074,1.025,0.114,0.239,0.629
0.463,0.553,0.934,1.073,1.024,0.113,0.239,0.628
0.463,0.552,0.934,1.072,1.023,0.113,0.239,0.628
0.462,0.551,0.934,1.071,1.023,0.113,0.238,0.627
0.462,0.551,0.933,1.07,1.022,0.113,0.238,0.626
0.461,0.55,0.933,1.07,1.021,0.113,0.238,0.625
0.461,0.549,0.933,1.069,1.02,0.113,0.238,0.625
0.461,0.549,0.932,1.068,1.019,0.112,0.238,0.624
0.46,0.548,0.932,1.067,1.019,0.112,0.238,0.624
0.46,0.547,0.932,1.066,1.018,0.112,0.238,0.623
0.459,0.546,0.931,1.065,1.017,0.112,0.238,0.622
0.459,0.546,0.931,1.064,1.016,0.112,0.238,0.622
0.459,0.545,0.93,1.063,1.015,0.112,0.238,0.621
0.458,0.544,0.93,1.062,1.015,0.112,0.238,0.62
0.458,0.543,0.93,1.061,1.014,0.112,0.238,0.62
0.457,0.543,0.929,1.06,1.013,0.111,0.238,0.619
0.457,0.542,0.929,1.059,1.013,0.111,0.238,0.618
0.457,0.541,0.929,1.058,1.012,0.111,0.238,0.618
0.456,0.541,0.928,1.057,1.011,0.111,0.238,0.617
0.456,0.54,0.928,1.056,1.01,0.111,0.238,0.617
0.455,0.539,0.927,1.055,1.01,0.11,0.238,0.616
0.455,0.539,0.927,1.054,1.009,0.11,0.238,0.615
0.455,0.538,0.927,1.053,1.008,0.11,0.237,0.615
0.454,0.537,0.926,1.052,1.007,0.11,0.237,0.614
0.454,0.537,0.926,1.05,1.007,0.11,0.238,0.614
0.454,0.536,0.925,1.049,1.006,0.11,0.237,0.613
0.453,0.535,0.925,1.049,1.005,0.11,0.237,0.613
0.453,0.534,0.925,1.048,1.004,0.11,0.237,0.612
0.452,0.534,0.924,1.047,1.004,0.109,0.237,0.611
0.452,0.533,0.924,1.046,1.003,0.109,0.237,0.611
0.452,0.532,0.924,1.045,1.002,0.109,0.237,0.61
0.451,0.532,0.923,1.044,1.001,0.109,0.237,0.61
0.451,0.531,0.923,1.043,1.001,0.109,0.237,0.609
0.45,0.53,0.922,1.042,1.0,0.109,0.237,0.609
0.45,0.53,0.922,1.041,0.999,0.108,0.237,0.608
0.45,0.529,0.922,1.04,0.998,0.108,0.237,0.608
0.449,0.528,0.921,1.04,0.998,0.108,0.237,0.607
0.449,0.528,0.921,1.039,0.997,0.108,0.237,0.606
0.448,0.527,0.921,1.038,0.996,0.108,0.237,0.606
0.448,0.526,0.92,1.037,0.996,0.108,0.237,0.605
0.448,0.526,0.92,1.036,0.995,0.108,0.237,0.604
0.447,0.525,0.92,1.035,0.994,0.107,0.237,0.604
0.447,0.524,0.919,1.034,0.993,0.107,0.237,0.603
0.446,0.524,0.919,1.033,0.993,0.107,0.236,0.603
0.446,0.523,0.918,1.032,0.992,0.107,0.237,0.602
0.446,0.522,0.918,1.031,0.991,0.107,0.237,0.602
0.445,0.522,0.918,1.03,0.99,0.107,0.237,0.601
0.445,0.521,0.917,1.029,0.989,0.107,0.236,0.6
0.445,0.52,0.917,1.028,0.989,0.106,0.236,0.6
0.444,0.52,0.916,1.027,0.988,0.106,0.236,0.599
0.444,0.519,0.916,1.026,0.987,0.106,0.236,0.599
0.443,0.518,0.916,1.025,0.987,0.106,0.236,0.598
0.443,0.517,0.915,1.025,0.986,0.106,0.236,0.598
0.443,0.517,0.915,1.024,0.985,0.106,0.236,0.597
0.442,0.516,0.915,1.023,0.984,0.105,0.236,0.596
0.442,0.515,0.914,1.021,0.984,0.105,0.236,0.596
0.442,0.515,0.914,1.021,0.983,0.105,0.236,0.595
0.441,0.514,0.914,1.02,0.982,0.105,0.236,0.595
0.441,0.514,0.913,1.019,0.981,0.105,0.236,0.594
0.44,0.513,0.913,1.018,0.981,0.105,0.236,0.594
0.44,0.512,0.912,1.017,0.98,0.105,0.236,0.593
0.44,0.511,0.912,1.016,0.98,0.105,0.236,0.592
0.439,0.511,0.912,1.016,0.979,0.104,0.236,0.592
0.439,0.51,0.911,1.015,0.978,0.104,0.236,0.591
0.439,0.51,0.911,1.014,0.977,0.104,0.236,0.591
0.438,0.509,0.911,1.013,0.977,0.104,0.235,0.59
0.438,0.508,0.91,1.012,0.976,0.104,0.236,0.59
0.438,0.508,0.91,1.011,0.975,0.104,0.235,0.589
0.437,0.507,0.909,1.01,0.974,0.104,0.235,0.589
0.437,0.507,0.909,1.01,0.974,0.104,0.235,0.588
0.436,0.506,0.909,1.009,0.973,0.104,0.235,0.587
0.436,0.505,0.908,1.008,0.972,0.103,0.235,0.587
0.436,0.505,0.908,1.007,0.972,0.103,0.235,0.586
0.435,0.504,0.907,1.006,0.971,0.103,0.235,0.586
0.435,0.504,0.907,1.005,0.97,0.103,0.235,0.585
0.435,0.503,0.907,1.004,0.97,0.103,0.235,0.585
0.434,0.503,0.906,1.003,0.969,0.103,0.235,0.584
0.434,0.502,0.906,1.003,0.968,0.103,0.235,0.584
0.434,0.502,0.906,1.002,0.968,0.103,0.235,0.583
0.433,0.501,0.905,1.001,0.967,0.102,0.235,0.582
0.433,0.501,0.905,1.0,0.966,0.102,0.235,0.582
0.432,0.5,0.904,1.0,0.966,0.102,0.235,0.581
0.432,0.5,0.904,0.999,0.965,0.102,0.235,0.581
0.432,0.499,0.904,0.998,0.964,0.102,0.235,0.58
0.431,0.499,0.903,0.997,0.963,0.102,0.235,0.58
0.431,0.498,0.903,0.996,0.963,0.102,0.235,0.579
0.431,0.498,0.903,0.996,0.962,0.102,0.235,0.579
0.43,0.497,0.902,0.995,0.961,0.101,0.235,0.578
0.43,0.497,0.902,0.994,0.961,0.101,0.235,0.578
0.43,0.496,0.901,0.993,0.96,0.101,0.234,0.577
0.429,0.496,0.901,0.992,0.959,0.101,0.235,0.577
0.429,0.495,0.901,0.992,0.958,0.101,0.234,0.576
0.429,0.495,0.9,0.991,0.958,0.101,0.234,0.576
0.428,0.494,0.9,0.99,0.957,0.1,0.234,0.575
0.428,0.494,0.9,0.989,0.956,0.101,0.234,0.575
0.428,0.493,0.899,0.989,0.956,0.1,0.234,0.574
0.427,0.493,0.899,0.988,0.955,0.1,0.234,0.573
0.427,0.492,0.898,0.987,0.954,0.1,0.234,0.573
0.427,0.492,0.898,0.986,0.954,0.1,0.234,0.572
0.426,0.491,0.898,0.986,0.953,0.1,0.234,0.572
0.426,0.491,0.897,0.985,0.952,0.1,0.234,0.571
0.425,0.491,0.897,0.984,0.952,0.1,0.234,0.571
0.425,0.49,0.897,0.983,0.951,0.1,0.234,0.57
0.425,0.49,0.896,0.982,0.95,0.1,0.234,0.57
0.424,0.489,0.896,0.981,0.949,0.099,0.234,0.569
0.424,0.489,0.895,0.98,0.949,0.099,0.234,0.569
0.424,0.488,0.895,0.98,0.948,0.099,0.234,0.568
0.423,0.488,0.895,0.979,0.948,0.099,0.234,0.568
0.423,0.488,0.894,0.978,0.947,0.099,0.234,0.567
0.423,0.487,0.894,0.977,0.946,0.099,0.234,0.567
0.422,0.487,0.894,0.976,0.945,0.099,0.234,0.567
0.422,0.486,0.893,0.975,0.945,0.099,0.234,0.566
0.422,0.486,0.893,0.974,0.944,0.098,0.233,0.566
0.421,0.485,0.893,0.974,0.943,0.098,0.233,0.565
0.421,0.485,0.892,0.973,0.943,0.098,0.233,0.565
0.421,0.485,0.892,0.972,0.942,0.098,0.233,0.564
0.42,0.484,0.892,0.971,0.941,0.098,0.233,0.564
0.42,0.484,0.891,0.971,0.941,0.098,0.233,0.563
0.42,0.483,0.891,0.97,0.94,0.098,0.233,0.563
0.419,0.483,0.89,0.969,0.94,0.098,0.233,0.562
0.419,0.482,0.89,0.968,0.939,0.098,0.233,0.562
0.419,0.482,0.89,0.967,0.938,0.098,0.233,0.561
0.418,0.481,0.89,0.967,0.938,0.097,0.233,0.561
0.418,0.481,0.889,0.966,0.937,0.097,0.233,0.56
0.418,0.481,0.889,0.965,0.936,0.097,0.233,0.56
0.417,0.48,0.888,0.965,0.936,0.097,0.233,0.559
0.417,0.48,0.888,0.964,0.935,0.097,0.233,0.559
0.417,0.479,0.888,0.963,0.934,0.097,0.233,0.558
0.416,0.479,0.887,0.962,0.934,0.097,0.233,0.558
0.416,0.478,0.887,0.961,0.933,0.097,0.233,0.557
0.416,0.478,0.887,0.961,0.933,0.097,0.232,0.557
0.415,0.478,0.886,0.96,0.932,0.096,0.233,0.556
0.415,0.477,0.886,0.959,0.931,0.096,0.233,0.556
0.415,0.477,0.885,0.958,0.931,0.096,0.233,0.555
0.414,0.476,0.885,0.958,0.93,0.096,0.232,0.555
0.414,0.476,0.885,0.957,0.929,0.096,0.232,0.555
0.414,0.475,0.884,0.956,0.929,0.096,0.233,0.554
0.413,0.475,0.884,0.955,0.928,0.096,0.232,0.553
0.413,0.475,0.884,0.954,0.927,0.096,0.232,0.553
0.413,0.474,0.883,0.954,0.927,0.096,0.232,0.553
0.412,0.474,0.883,0.953,0.926,0.095,0.232,0.552
0.412,0.474,0.882,0.952,0.925,0.095,0.232,0.552
0.412,0.473,0.882,0.951,0.925,0.095,0.232,0.551
0.412,0.473,0.882,0.951,0.924,0.095,0.232,0.551
0.411,0.472,0.881,0.95,0.924,0.095,0.232,0.55
0.411,0.472,0.881,0.95,0.923,0.095,0.232,0.55
0.41,0.471,0.881,0.949,0.922,0.095,0.232,0.55
0.41,0.471,0.88,0.948,0.922,0.095,0.232,0.549
0.41,0.471,0.88,0.947,0.921,0.095,0.232,0.549
0.409,0.47,0.88,0.947,0.92,0.095,0.232,0.548
0.409,0.47,0.879,0.946,0.92,0.095,0.232,0.548
0.409,0.469,0.879,0.945,0.919,0.094,0.232,0.547
0.408,0.469,0.879,0.944,0.919,0.094,0.232,0.547
0.408,0.468,0.878,0.944,0.918,0.094,0.232,0.546
0.408,0.468,0.878,0.943,0.917,0.094,0.232,0.546
0.408,0.468,0.877,0.943,0.917,0.094,0.232,0.546
0.407,0.467,0.877,0.942,0.916,0.094,0.232,0.545
0.407,0.467,0.877,0.941,0.916,0.094,0.231,0.545
0.407,0.466,0.877,0.941,0.915,0.094,0.231,0.544
0.406,0.466,0.876,0.94,0.914,0.094,0.231,0.544
0.406,0.466,0.876,0.939,0.914,0.094,0.231,0.543
0.406,0.465,0.875,0.938,0.913,0.093,0.231,0.543
0.405,0.465,0.875,0.938,0.913,0.093,0.231,0.543
0.405,0.464,0.875,0.937,0.912,0.093,0.231,0.542
0.405,0.464,0.874,0.936,0.912,0.093,0.231,0.542
0.404,0.464,0.874,0.935,0.911,0.093,0.231,0.541
0.404,0.463,0.874,0.935,0.91,0.093,0.231,0.541
0.404,0.463,0.873,0.934,0.91,0.093,0.231,0.54
0.404,0.463,0.873,0.933,0.909,0.093,0.231,0.54
0.403,0.462,0.872,0.933,0.909,0.093,0.231,0.54
0.403,0.462,0.872,0.932,0.908,0.093,0.231,0.539
0.403,0.462,0.872,0.931,0.908,0.093,0.231,0.539
0.402,0.461,0.872,0.93,0.907,0.092,0.231,0.538
0.402,0.461,0.871,0.93,0.907,0.092,0.231,0.538
0.402,0.46,0.871,0.929,0.906,0.092,0.231,0.538
0.402,0.46,0.871,0.928,0.905,0.092,0.231,0.537
0.401,0.46,0.87,0.928,0.905,0.092,0.231,0.537
0.401,0.459,0.87,0.927,0.904,0.092,0.231,0.536
0.401,0.459,0.869,0.926,0.903,0.092,0.231,0.536
0.4,0.459,0.869,0.926,0.903,0.092,0.23,0.535
0.4,0.458,0.869,0.925,0.902,0.092,0.23,0.535
0.4,0.458,0.868,0.924,0.901,0.092,0.23,0.535
0.399,0.458,0.868,0.924,0.901,0.092,0.23,0.534
0.399,0.457,0.868,0.923,0.9,0.091,0.23,0.534
0.399,0.457,0.867,0.922,0.9,0.091,0.23,0.533
0.398,0.456,0.867,0.921,0.899,0.091,0.23,0.533
0.398,0.456,0.867,0.921,0.899,0.091,0.23,0.533
0.398,0.456,0.866,0.92,0.898,0.091,0.23,0.532
0.398,0.455,0.866,0.92,0.898,0.091,0.23,0.532
0.397,0.455,0.865,0.919,0.897,0.091,0.23,0.531
0.397,0.455,0.865,0.918,0.896,0.091,0.23,0.531
0.397,0.454,0.865,0.918,0.896,0.091,0.23,0.53
0.396,0.454,0.864,0.917,0.895,0.091,0.23,0.53
0.396,0.454,0.864,0.916,0.895,0.091,0.23,0.53
0.396,0.453,0.864,0.916,0.894,0.091,0.23,0.529
0.395,0.453,0.863,0.915,0.893,0.091,0.23,0.529
0.395,0.453,0.863,0.915,0.893,0.09,0.23,0.528
0.395,0.452,0.863,0.914,0.892,0.09,0.23,0.528
0.395,0.452,0.862,0.913,0.892,0.09,0.23,0.527
0.394,0.451,0.862,0.913,0.891,0.09,0.23,0.527
0.394,0.451,0.862,0.912,0.891,0.09,0.23,0.527
0.394,0.451,0.861,0.912,0.89,0.09,0.23,0.526
0.393,0.45,0.861,0.911,0.89,0.09,0.23,0.526
0.393,0.45,0.86,0.911,0.889,0.09,0.23,0.526
0.393,0.449,0.86,0.91,0.888,0.09,0.229,0.525
0.393,0.449,0.86,0.909,0.888,0.09,0.229,0.525
0.392,0.449,0.859,0.909,0.887,0.09,0.229,0.524
0.392,0.448,0.859,0.908,0.887,0.09,0.229,0.524
0.392,0.448,0.859,0.907,0.886,0.09,0.229,0.524
0.391,0.447,0.858,0.907,0.886,0.09,0.229,0.523
0.391,0.447,0.858,0.906,0.885,0.089,0.229,0.523
0.391,0.447,0.858,0.905,0.885,0.089,0.229,0.522
0.391,0.446,0.857,0.905,0.884,0.089,0.229,0.522
0.39,0.446,0.857,0.904,0.883,0.089,0.229,0.522
0.39,0.446,0.857,0.903,0.883,0.089,0.229,0.521
0.39,0.445,0.856,0.903,0.882,0.089,0.229,0.521
0.39,0.445,0.856,0.902,0.882,0.089,0.229,0.52
0.389,0.445,0.856,0.902,0.881,0.089,0.229,0.52
0.389,0.445,0.855,0.901,0.881,0.089,0.229,0.52
0.389,0.444,0.855,0.9,0.88,0.089,0.229,0.519
0.388,0.444,0.854,0.9,0.88,0.089,0.229,0.519
0.388,0.444,0.854,0.899,0.879,0.089,0.229,0.518
0.388,0.444,0.854,0.899,0.879,0.088,0.229,0.518
0.388,0.443,0.853,0.898,0.878,0.088,0.229,0.518
0.387,0.443,0.853,0.898,0.878,0.088,0.229,0.517
0.387,0.443,0.853,0.897,0.877,0.088,0.229,0.517
0.387,0.443,0.852,0.896,0.876,0.088,0.229,0.516
0.386,0.442,0.852,0.896,0.876,0.088,0.229,0.516
0.386,0.442,0.852,0.895,0.875,0.088,0.228,0.516
0.386,0.442,0.851,0.895,0.875,0.088,0.228,0.515
0.386,0.442,0.851,0.894,0.874,0.088,0.228,0.515
0.385,0.441,0.851,0.893,0.874,0.088,0.228,0.515
0.385,0.441,0.85,0.893,0.873,0.088,0.228,0.514
0.385,0.441,0.85,0.892,0.873,0.088,0.228,0.514
0.384,0.44,0.85,0.891,0.872,0.088,0.228,0.514
0.384,0.44,0.849,0.891,0.872,0.088,0.228,0.513
0.384,0.44,0.849,0.89,0.871,0.088,0.228,0.513
0.384,0.44,0.849,0.89,0.871,0.087,0.228,0.513
0.384,0.44,0.848,0.889,0.87,0.087,0.228,0.512
0.383,0.439,0.848,0.888,0.87,0.087,0.228,0.512
0.383,0.439,0.848,0.888,0.869,0.087,0.228,0.512
0.383,0.439,0.847,0.887,0.869,0.087,0.228,0.511
0.382,0.439,0.847,0.887,0.868,0.087,0.228,0.511
0.382,0.438,0.847,0.886,0.868,0.087,0.228,0.511
0.382,0.438,0.846,0.886,0.867,0.087,0.228,0.511
0.382,0.438,0.846,0.885,0.867,0.087,0.228,0.51
0.381,0.437,0.846,0.885,0.867,0.087,0.228,0.51
0.381,0.437,0.845,0.884,0.866,0.087,0.228,0.51
0.381,0.437,0.845,0.884,0.865,0.087,0.228,0.509
0.381,0.436,0.845,0.883,0.865,0.087,0.228,0.509
0.38,0.436,0.844,0.883,0.865,0.086,0.228,0.509
0.38,0.436,0.844,0.882,0.864,0.087,0.227,0.508
0.38,0.436,0.844,0.881,0.864,0.086,0.227,0.508
0.38,0.435,0.843,0.881,0.863,0.086,0.227,0.508
0.379,0.435,0.843,0.88,0.863,0.086,0.227,0.507
0.379,0.435,0.843,0.88,0.862,0.086,0.227,0.507
0.379,0.435,0.842,0.879,0.862,0.086,0.227,0.506
0.379,0.434,0.842,0.878,0.861,0.086,0.227,0.506
0.378,0.434,0.842,0.878,0.861,0.086,0.227,0.506
0.378,0.434,0.841,0.877,0.86,0.086,0.227,0.505
0.378,0.433,0.841,0.877,0.86,0.086,0.227,0.505
0.377,0.433,0.841,0.876,0.859,0.086,0.227,0.505
0.377,0.433,0.84,0.876,0.859,0.086,0.227,0.505
0.377,0.433,0.84,0.875,0.858,0.086,0.227,0.504
0.377,0.432,0.84,0.874,0.858,0.086,0.227,0.504
0.376,0.432,0.839,0.874,0.857,0.086,0.227,0.504
0.376,0.432,0.839,0.874,0.857,0.086,0.227,0.503
0.376,0.431,0.839,0.873,0.857,0.085,0.227,0.503
0.376,0.431,0.838,0.872,0.856,0.085,0.227,0.503
0.375,0.431,0.838,0.872,0.856,0.085,0.227,0.502
0.375,0.43,0.838,0.871,0.855,0.085,0.227,0.502
0.375,0.43,0.837,0.871,0.855,0.085,0.227,0.502
0.375,0.43,0.837,0.87,0.854,0.085,0.227,0.502
0.374,0.43,0.837,0.87,0.854,0.085,0.227,0.501
0.374,0.429,0.836,0.869,0.853,0.085,0.227,0.501
0.374,0.429,0.836,0.868,0.853,0.085,0.227,0.5
0.374,0.429,0.836,0.867,0.852,0.085,0.227,0.5
0.373,0.428,0.835,0.867,0.851,0.085,0.226,0.499
0.373,0.428,0.835,0.866,0.851,0.085,0.226,0.499
0.373,0.428,0.835,0.865,0.85,0.085,0.226,0.499
0.373,0.427,0.834,0.865,0.849,0.085,0.226,0.498
0.372,0.427,0.834,0.864,0.849,0.085,0.226,0.498
0.372,0.427,0.834,0.864,0.848,0.085,0.226,0.497
0.372,0.427,0.833,0.863,0.848,0.085,0.226,0.497
0.371,0.427,0.833,0.863,0.847,0.085,0.226,0.497
0.371,0.426,0.833,0.862,0.846,0.084,0.226,0.496
0.371,0.426,0.832,0.861,0.846,0.084,0.226,0.496
0.371,0.425,0.832,0.861,0.845,0.084,0.226,0.495
0.37,0.425,0.831,0.86,0.844,0.084,0.226,0.495
0.37,0.425,0.831,0.859,0.844,0.084,0.226,0.495
0.37,0.424,0.831,0.858,0.843,0.084,0.226,0.494
0.37,0.424,0.831,0.857,0.842,0.084,0.226,0.494
0.369,0.423,0.83,0.857,0.842,0.084,0.226,0.493
0.369,0.423,0.83,0.856,0.841,0.084,0.226,0.493
0.369,0.423,0.829,0.855,0.84,0.084,0.226,0.492
0.368,0.422,0.829,0.854,0.84,0.084,0.226,0.492
0.368,0.422,0.829,0.854,0.839,0.084,0.226,0.492
0.368,0.421,0.828,0.853,0.838,0.084,0.226,0.491
0.368,0.421,0.828,0.852,0.838,0.084,0.226,0.491
0.368,0.421,0.828,0.851,0.837,0.084,0.226,0.49
0.367,0.42,0.827,0.85,0.836,0.084,0.225,0.49
0.367,0.42,0.827,0.85,0.836,0.083,0.225,0.49
0.367,0.419,0.827,0.849,0.835,0.083,0.226,0.489
0.366,0.418,0.826,0.848,0.834,0.083,0.225,0.489
0.366,0.418,0.826,0.847,0.834,0.083,0.225,0.488
0.366,0.418,0.826,0.847,0.833,0.083,0.225,0.488
0.366,0.417,0.825,0.845,0.832,0.083,0.225,0.487
0.365,0.417,0.825,0.845,0.832,0.083,0.225,0.487
0.365,0.416,0.824,0.844,0.831,0.083,0.225,0.487
0.365,0.416,0.824,0.843,0.83,0.083,0.225,0.486
0.364,0.415,0.824,0.842,0.829,0.083,0.225,0.486
0.364,0.415,0.823,0.841,0.829,0.083,0.225,0.485
0.364,0.414,0.823,0.841,0.828,0.083,0.225,0.485
0.364,0.414,0.823,0.84,0.827,0.082,0.225,0.484
0.363,0.413,0.822,0.839,0.827,0.083,0.225,0.484
0.363,0.413,0.822,0.838,0.826,0.083,0.225,0.484
0.363,0.412,0.821,0.838,0.825,0.082,0.225,0.483
0.363,0.412,0.821,0.837,0.825,0.083,0.225,0.483
0.362,0.411,0.821,0.836,0.824,0.082,0.225,0.482
0.362,0.411,0.82,0.835,0.823,0.082,0.225,0.482
0.362,0.411,0.82,0.834,0.822,0.082,0.225,0.481
0.362,0.41,0.82,0.833,0.822,0.082,0.225,0.481
0.361,0.41,0.819,0.833,0.821,0.082,0.225,0.48
0.361,0.409,0.819,0.832,0.82,0.082,0.225,0.48
0.361,0.409,0.818,0.831,0.819,0.082,0.225,0.48
0.36,0.409,0.818,0.83,0.818,0.082,0.225,0.479
0.36,0.408,0.818,0.829,0.818,0.082,0.224,0.479
0.36,0.408,0.817,0.829,0.817,0.082,0.225,0.478
0.36,0.407,0.817,0.828,0.816,0.082,0.224,0.478
0.359,0.407,0.817,0.827,0.815,0.081,0.224,0.477
0.359,0.406,0.816,0.826,0.814,0.081,0.224,0.477
0.359,0.406,0.816,0.826,0.813,0.081,0.224,0.476
0.358,0.405,0.816,0.825,0.812,0.081,0.224,0.476
0.358,0.405,0.815,0.824,0.811,0.081,0.224,0.476
0.358,0.405,0.815,0.823,0.811,0.081,0.224,0.475
0.358,0.404,0.815,0.823,0.81,0.081,0.224,0.475
0.357,0.404,0.814,0.822,0.809,0.081,0.224,0.474
0.357,0.403,0.814,0.821,0.809,0.081,0.224,0.474
0.357,0.403,0.813,0.82,0.808,0.081,0.224,0.474
0.356,0.402,0.813,0.819,0.807,0.081,0.224,0.473
0.356,0.402,0.813,0.819,0.806,0.081,0.224,0.473
0.356,0.402,0.812,0.818,0.806,0.081,0.224,0.472
0.356,0.401,0.812,0.817,0.805,0.08,0.224,0.472
0.355,0.401,0.812,0.816,0.805,0.081,0.224,0.471
0.355,0.4,0.811,0.816,0.804,0.08,0.224,0.471
0.355,0.4,0.811,0.815,0.804,0.08,0.224,0.47
0.354,0.399,0.81,0.814,0.803,0.08,0.224,0.47
0.354,0.399,0.81,0.813,0.802,0.08,0.224,0.47
0.354,0.399,0.81,0.813,0.801,0.08,0.224,0.469
0.354,0.398,0.809,0.812,0.801,0.08,0.224,0.469
0.354,0.398,0.809,0.811,0.8,0.08,0.224,0.468
0.353,0.397,0.809,0.81,0.8,0.08,0.224,0.468
0.353,0.397,0.808,0.81,0.799,0.08,0.223,0.467
0.353,0.396,0.808,0.809,0.798,0.08,0.224,0.467
0.352,0.396,0.807,0.808,0.798,0.08,0.223,0.466
0.352,0.396,0.807,0.808,0.797,0.08,0.223,0.466
0.352,0.395,0.807,0.807,0.796,0.079,0.224,0.465
0.352,0.395,0.806,0.806,0.795,0.08,0.223,0.465
0.351,0.395,0.806,0.805,0.795,0.079,0.223,0.464
0.351,0.394,0.806,0.805,0.794,0.079,0.223,0.464
0.351,0.394,0.805,0.804,0.794,0.079,0.223,0.463
0.35,0.393,0.805,0.803,0.793,0.079,0.223,0.463
0.35,0.393,0.804,0.803,0.792,0.079,0.223,0.462
0.35,0.393,0.804,0.802,0.791,0.079,0.223,0.462
0.35,0.392,0.804,0.801,0.79,0.079,0.223,0.461
0.35,0.392,0.803,0.801,0.79,0.079,0.223,0.461
0.349,0.391,0.803,0.8,0.789,0.079,0.223,0.46
0.349,0.391,0.803,0.799,0.789,0.079,0.223,0.46
0.349,0.391,0.802,0.799,0.788,0.079,0.223,0.46
0.348,0.391,0.802,0.798,0.787,0.079,0.223,0.459
0.348,0.39,0.802,0.797,0.787,0.079,0.223,0.459
0.348,0.39,0.801,0.797,0.786,0.079,0.223,0.458
0.348,0.39,0.801,0.796,0.786,0.078,0.223,0.458
0.347,0.389,0.8,0.795,0.785,0.078,0.223,0.457
0.347,0.389,0.8,0.794,0.785,0.078,0.223,0.457
0.347,0.388,0.8,0.794,0.784,0.078,0.223,0.457
0.346,0.388,0.8,0.793,0.784,0.078,0.223,0.456
0.346,0.388,0.799,0.792,0.783,0.078,0.223,0.456
0.346,0.387,0.799,0.792,0.782,0.078,0.223,0.455
0.345,0.387,0.798,0.791,0.782,0.078,0.223,0.455
0.345,0.387,0.798,0.79,0.781,0.078,0.222,0.455
0.345,0.387,0.798,0.79,0.781,0.078,0.222,0.454
0.345,0.386,0.797,0.789,0.78,0.078,0.222,0.454
0.345,0.386,0.797,0.788,0.779,0.078,0.222,0.454
0.344,0.385,0.797,0.788,0.779,0.078,0.222,0.453
0.344,0.385,0.796,0.787,0.778,0.077,0.222,0.453
0.344,0.385,0.796,0.786,0.777,0.078,0.222,0.452
0.343,0.385,0.796,0.786,0.777,0.077,0.222,0.452
0.343,0.384,0.795,0.785,0.776,0.077,0.222,0.451
0.343,0.384,0.795,0.785,0.775,0.077,0.222,0.451
0.343,0.384,0.794,0.784,0.775,0.077,0.222,0.451
0.342,0.383,0.794,0.783,0.774,0.077,0.222,0.45
0.342,0.383,0.794,0.783,0.774,0.077,0.222,0.45
0.342,0.383,0.793,0.782,0.773,0.077,0.222,0.45
0.342,0.382,0.793,0.781,0.773,0.077,0.222,0.449
0.341,0.382,0.793,0.781,0.772,0.077,0.222,0.449
0.341,0.382,0.792,0.78,0.771,0.077,0.222,0.448
0.341,0.382,0.792,0.779,0.771,0.077,0.222,0.448
0.34,0.381,0.792,0.778,0.77,0.077,0.222,0.448
0.34,0.381,0.791,0.778,0.769,0.077,0.222,0.447
0.34,0.38,0.791,0.777,0.769,0.077,0.222,0.447
0.34,0.38,0.79,0.777,0.768,0.077,0.222,0.446
0.339,0.38,0.79,0.776,0.768,0.077,0.222,0.446
0.339,0.38,0.79,0.775,0.767,0.076,0.221,0.446
0.339,0.38,0.789,0.775,0.767,0.076,0.221,0.445
0.339,0.379,0.789,0.774,0.766,0.076,0.222,0.445
0.338,0.379,0.789,0.774,0.766,0.076,0.222,0.444
0.338,0.379,0.788,0.773,0.765,0.076,0.221,0.444
0.338,0.379,0.788,0.772,0.764,0.076,0.221,0.444
0.338,0.379,0.788,0.772,0.764,0.076,0.221,0.443
0.337,0.378,0.787,0.771,0.763,0.076,0.221,0.443
0.337,0.378,0.787,0.77,0.763,0.076,0.221,0.442
0.337,0.378,0.787,0.77,0.762,0.076,0.221,0.442
0.337,0.378,0.786,0.769,0.762,0.076,0.221,0.442
0.336,0.377,0.786,0.769,0.761,0.076,0.221,0.441
0.336,0.377,0.786,0.768,0.761,0.076,0.221,0.441
0.336,0.377,0.785,0.767,0.76,0.076,0.221,0.441
0.335,0.377,0.785,0.767,0.76,0.076,0.221,0.44
0.335,0.376,0.784,0.766,0.759,0.076,0.221,0.44
0.335,0.376,0.784,0.766,0.759,0.076,0.221,0.439
0.335,0.376,0.784,0.765,0.758,0.076,0.221,0.439
0.335,0.375,0.783,0.764,0.758,0.075,0.221,0.439
0.334,0.375,0.783,0.764,0.757,0.075,0.221,0.438
0.334,0.375,0.783,0.763,0.757,0.075,0.221,0.438
0.334,0.375,0.782,0.762,0.756,0.075,0.221,0.438
0.334,0.374,0.782,0.762,0.756,0.075,0.221,0.437
0.333,0.374,0.782,0.761,0.755,0.075,0.221,0.437
0.333,0.374,0.781,0.761,0.755,0.075,0.221,0.437
0.333,0.374,0.781,0.76,0.754,0.075,0.221,0.436
0.333,0.373,0.781,0.76,0.753,0.075,0.22,0.436
0.332,0.373,0.78,0.759,0.753,0.075,0.221,0.436
0.332,0.373,0.78,0.758,0.752,0.075,0.22,0.436
0.332,0.373,0.78,0.758,0.752,0.075,0.221,0.435
0.332,0.372,0.779,0.757,0.751,0.075,0.22,0.435
0.331,0.372,0.779,0.757,0.751,0.075,0.22,0.435
0.331,0.372,0.778,0.756,0.75,0.075,0.22,0.434
0.331,0.371,0.778,0.755,0.749,0.074,0.22,0.434
0.331,0.371,0.778,0.755,0.749,0.075,0.22,0.433
0.33,0.371,0.778,0.754,0.748,0.074,0.22,0.433
0.33,0.371,0.777,0.754,0.748,0.074,0.22,0.433
0.33,0.37,0.777,0.753,0.747,0.074,0.22,0.433
0.33,0.37,0.776,0.753,0.747,0.074,0.22,0.432
0.329,0.37,0.776,0.752,0.746,0.074,0.22,0.432
0.329,0.37,0.776,0.751,0.745,0.074,0.22,0.432
0.329,0.369,0.776,0.751,0.745,0.074,0.22,0.431
0.329,0.369,0.775,0.75,0.744,0.074,0.22,0.431
0.328,0.369,0.775,0.75,0.744,0.074,0.22,0.43
0.328,0.369,0.774,0.749,0.743,0.074,0.22,0.43
0.328,0.368,0.774,0.749,0.743,0.074,0.22,0.43
0.328,0.368,0.774,0.748,0.742,0.074,0.22,0.429
0.328,0.368,0.773,0.748,0.742,0.074,0.22,0.429
0.327,0.368,0.773,0.747,0.741,0.074,0.22,0.429
0.327,0.367,0.773,0.747,0.741,0.074,0.22,0.428
0.327,0.367,0.772,0.746,0.74,0.074,0.22,0.428
0.326,0.367,0.772,0.746,0.74,0.074,0.22,0.428
0.326,0.367,0.772,0.745,0.74,0.073,0.22,0.427
0.326,0.366,0.771,0.745,0.739,0.073,0.219,0.427
0.326,0.366,0.771,0.744,0.739,0.073,0.22,0.426
0.326,0.366,0.771,0.744,0.738,0.073,0.219,0.426
0.325,0.366,0.77,0.743,0.738,0.073,0.219,0.426
0.325,0.366,0.77,0.742,0.737,0.073,0.219,0.425
0.325,0.365,0.77,0.742,0.737,0.073,0.219,0.425
0.324,0.365,0.769,0.742,0.736,0.073,0.219,0.425
0.324,0.365,0.769,0.741,0.736,0.073,0.219,0.424
0.324,0.365,0.769,0.74,0.735,0.073,0.219,0.424
0.324,0.365,0.768,0.74,0.735,0.073,0.219,0.424
0.324,0.365,0.768,0.739,0.734,0.073,0.219,0.423
0.323,0.364,0.768,0.739,0.734,0.073,0.219,0.423
0.323,0.364,0.767,0.739,0.733,0.073,0.219,0.423
0.323,0.364,0.767,0.738,0.733,0.073,0.219,0.423
0.323,0.364,0.767,0.737,0.732,0.073,0.219,0.422
0.322,0.363,0.766,0.737,0.732,0.073,0.219,0.422
0.322,0.363,0.766,0.737,0.732,0.073,0.219,0.422
0.322,0.363,0.766,0.736,0.731,0.073,0.219,0.421
0.322,0.363,0.765,0.735,0.73,0.073,0.219,0.421
0.321,0.362,0.765,0.735,0.73,0.072,0.219,0.421
0.321,0.362,0.765,0.734,0.729,0.072,0.219,0.42
0.321,0.362,0.764,0.734,0.729,0.072,0.219,0.42
0.321,0.362,0.764,0.733,0.728,0.072,0.219,0.42
0.321,0.362,0.764,0.733,0.728,0.072,0.219,0.42
0.32,0.361,0.763,0.732,0.727,0.072,0.218,0.419
0.32,0.361,0.763,0.732,0.727,0.072,0.219,0.419
0.32,0.361,0.763,0.731,0.726,0.072,0.219,0.419
0.32,0.361,0.762,0.731,0.726,0.072,0.218,0.419
0.319,0.361,0.762,0.73,0.725,0.072,0.219,0.418
0.319,0.36,0.762,0.73,0.725,0.072,0.219,0.418
0.319,0.36,0.761,0.729,0.724,0.072,0.218,0.418
0.319,0.36,0.761,0.729,0.724,0.072,0.218,0.417
0.319,0.36,0.761,0.728,0.723,0.072,0.218,0.417
0.318,0.359,0.761,0.728,0.722,0.072,0.218,0.417
0.318,0.359,0.76,0.727,0.722,0.072,0.218,0.416
0.318,0.359,0.76,0.727,0.722,0.072,0.218,0.416
0.318,0.359,0.759,0.726,0.721,0.072,0.218,0.416
0.317,0.359,0.759,0.726,0.721,0.072,0.218,0.416
0.317,0.359,0.759,0.725,0.72,0.072,0.218,0.415
0.317,0.358,0.758,0.725,0.72,0.072,0.218,0.415
0.316,0.358,0.758,0.724,0.719,0.072,0.218,0.415
0.316,0.358,0.758,0.724,0.718,0.071,0.218,0.415
0.316,0.358,0.757,0.723,0.718,0.071,0.218,0.414
0.316,0.357,0.757,0.723,0.718,0.071,0.218,0.414
0.316,0.357,0.757,0.722,0.717,0.071,0.218,0.414
0.316,0.357,0.757,0.722,0.717,0.071,0.218,0.413
0.315,0.357,0.756,0.721,0.716,0.071,0.218,0.413
0.315,0.357,0.756,0.721,0.716,0.071,0.218,0.413
0.315,0.356,0.755,0.72,0.715,0.071,0.218,0.412
0.315,0.356,0.755,0.72,0.715,0.071,0.218,0.412
0.315,0.356,0.755,0.719,0.714,0.071,0.218,0.412
0.314,0.356,0.755,0.719,0.714,0.071,0.218,0.412
0.314,0.356,0.754,0.718,0.714,0.071,0.218,0.411
0.314,0.355,0.754,0.718,0.713,0.071,0.218,0.411
0.314,0.355,0.754,0.718,0.713,0.071,0.218,0.411
0.313,0.355,0.753,0.717,0.713,0.071,0.217,0.41
0.313,0.355,0.753,0.717,0.712,0.071,0.217,0.41
0.313,0.355,0.753,0.716,0.712,0.071,0.217,0.41
0.313,0.355,0.752,0.715,0.711,0.071,0.217,0.409
0.312,0.354,0.752,0.715,0.711,0.071,0.217,0.409
0.312,0.354,0.752,0.714,0.71,0.071,0.217,0.409
0.312,0.354,0.751,0.714,0.71,0.071,0.217,0.409
0.312,0.354,0.751,0.714,0.71,0.071,0.217,0.408
0.312,0.354,0.751,0.713,0.709,0.071,0.217,0.408
0.312,0.354,0.75,0.713,0.709,0.07,0.217,0.408
0.311,0.354,0.75,0.712,0.708,0.07,0.217,0.407
0.311,0.353,0.75,0.712,0.708,0.07,0.217,0.407
0.311,0.353,0.749,0.711,0.708,0.07,0.217,0.407
0.311,0.353,0.749,0.711,0.707,0.07,0.217,0.407
0.31,0.353,0.749,0.711,0.707,0.07,0.217,0.406
0.31,0.353,0.749,0.71,0.706,0.07,0.217,0.406
0.31,0.352,0.748,0.71,0.706,0.07,0.217,0.406
0.31,0.352,0.748,0.709,0.705,0.07,0.217,0.406
0.309,0.352,0.748,0.709,0.705,0.07,0.217,0.406
0.309,0.352,0.747,0.708,0.705,0.07,0.217,0.405
0.309,0.352,0.747,0.708,0.704,0.07,0.217,0.405
0.309,0.351,0.747,0.707,0.704,0.07,0.217,0.405
0.309,0.351,0.746,0.707,0.703,0.07,0.217,0.404
0.309,0.351,0.746,0.707,0.703,0.07,0.217,0.404
0.308,0.351,0.746,0.706,0.702,0.07,0.217,0.404
0.308,0.351,0.745,0.706,0.702,0.07,0.217,0.404
0.308,0.351,0.745,0.705,0.701,0.07,0.216,0.403
0.308,0.35,0.745,0.705,0.701,0.07,0.216,0.403
0.308,0.35,0.745,0.704,0.701,0.07,0.216,0.403
0.307,0.35,0.744,0.704,0.7,0.07,0.216,0.403
0.307,0.35,0.744,0.703,0.7,0.07,0.216,0.403
0.307,0.35,0.744,0.703,0.699,0.07,0.216,0.402
0.306,0.35,0.743,0.703,0.699,0.069,0.216,0.402
0.306,0.349,0.743,0.702,0.698,0.07,0.216,0.402
0.306,0.349,0.743,0.701,0.698,0.069,0.216,0.401
0.306,0.349,0.742,0.701,0.697,0.07,0.216,0.401
0.306,0.349,0.742,0.701,0.697,0.069,0.216,0.401
0.306,0.349,0.742,0.7,0.697,0.069,0.216,0.401
0.305,0.349,0.741,0.7,0.696,0.069,0.216,0.4
0.305,0.349,0.741,0.699,0.696,0.069,0.216,0.4
0.305,0.348,0.741,0.699,0.695,0.069,0.216,0.4
0.305,0.348,0.74,0.699,0.695,0.069,0.216,0.399
0.304,0.348,0.74,0.698,0.695,0.069,0.216,0.399
0.304,0.348,0.74,0.698,0.694,0.069,0.216,0.399
0.304,0.347,0.739,0.697,0.694,0.069,0.216,0.399
0.304,0.347,0.739,0.697,0.693,0.069,0.216,0.398
0.304,0.347,0.739,0.696,0.693,0.069,0.216,0.398
0.303,0.347,0.739,0.696,0.693,0.069,0.216,0.398
0.303,0.347,0.738,0.695,0.692,0.069,0.216,0.398
0.303,0.347,0.738,0.695,0.692,0.069,0.215,0.397
0.303,0.346,0.738,0.694,0.691,0.069,0.216,0.397
0.303,0.346,0.737,0.694,0.691,0.069,0.216,0.397
0.303,0.346,0.737,0.694,0.69,0.069,0.216,0.397
0.302,0.346,0.737,0.693,0.69,0.069,0.216,0.396
0.302,0.346,0.736,0.693,0.69,0.069,0.216,0.396
0.302,0.346,0.736,0.693,0.689,0.069,0.216,0.396
0.302,0.346,0.736,0.692,0.689,0.069,0.215,0.396
0.302,0.345,0.736,0.692,0.689,0.069,0.215,0.395
0.301,0.345,0.735,0.691,0.688,0.069,0.215,0.395
0.301,0.345,0.735,0.691,0.688,0.069,0.215,0.395
0.301,0.345,0.735,0.69,0.687,0.069,0.215,0.394
0.301,0.345,0.734,0.69,0.687,0.069,0.215,0.394
0.3,0.345,0.734,0.689,0.687,0.069,0.215,0.394
0.3,0.345,0.734,0.689,0.686,0.068,0.215,0.394
0.3,0.345,0.733,0.689,0.686,0.068,0.215,0.394
0.3,0.344,0.733,0.688,0.686,0.068,0.215,0.394
0.3,0.344,0.733,0.688,0.685,0.068,0.215,0.393
0.3,0.344,0.733,0.688,0.685,0.068,0.215,0.393
0.299,0.344,0.732,0.687,0.684,0.068,0.215,0.393
0.299,0.344,0.732,0.687,0.684,0.068,0.215,0.392
0.299,0.344,0.732,0.686,0.684,0.068,0.215,0.392
0.299,0.343,0.731,0.686,0.683,0.068,0.215,0.392
0.299,0.343,0.731,0.686,0.683,0.068,0.215,0.392
0.298,0.343,0.731,0.685,0.682,0.068,0.215,0.391
0.298,0.343,0.73,0.685,0.682,0.068,0.215,0.391
0.298,0.343,0.73,0.684,0.682,0.068,0.215,0.391
0.298,0.343,0.73,0.684,0.681,0.068,0.215,0.391
0.298,0.342,0.73,0.684,0.681,0.068,0.215,0.39
0.298,0.342,0.729,0.683,0.681,0.068,0.214,0.39
0.297,0.342,0.729,0.683,0.68,0.068,0.215,0.39
0.297,0.342,0.729,0.682,0.68,0.068,0.215,0.39
0.297,0.342,0.728,0.682,0.679,0.068,0.214,0.39
0.297,0.342,0.728,0.682,0.679,0.068,0.214,0.389
0.296,0.342,0.728,0.681,0.679,0.068,0.214,0.389
0.296,0.341,0.728,0.681,0.678,0.068,0.214,0.389
0.296,0.341,0.727,0.68,0.678,0.068,0.214,0.389
0.296,0.341,0.727,0.68,0.678,0.068,0.214,0.389
0.296,0.341,0.727,0.68,0.677,0.068,0.214,0.388
0.296,0.341,0.726,0.679,0.676,0.068,0.214,0.388
0.295,0.34,0.726,0.679,0.676,0.068,0.214,0.388
0.295,0.34,0.726,0.678,0.676,0.068,0.214,0.388
0.295,0.34,0.726,0.678,0.675,0.068,0.214,0.388
0.295,0.34,0.725,0.678,0.675,0.067,0.214,0.387
0.295,0.34,0.725,0.677,0.674,0.068,0.214,0.387
0.294,0.34,0.725,0.677,0.674,0.067,0.214,0.387
0.294,0.339,0.724,0.677,0.674,0.067,0.214,0.387
0.294,0.339,0.724,0.676,0.673,0.067,0.214,0.386
0.294,0.339,0.724,0.676,0.673,0.067,0.214,0.386
0.294,0.339,0.724,0.676,0.672,0.067,0.214,0.386
0.294,0.339,0.723,0.675,0.672,0.067,0.214,0.386
0.293,0.339,0.723,0.674,0.672,0.067,0.214,0.386
0.293,0.339,0.722,0.674,0.671,0.067,0.214,0.385
0.293,0.338,0.722,0.674,0.671,0.067,0.214,0.385
0.293,0.338,0.722,0.674,0.671,0.067,0.214,0.385
0.293,0.338,0.722,0.673,0.67,0.067,0.214,0.385
0.293,0.338,0.721,0.673,0.67,0.067,0.214,0.384
0.292,0.338,0.721,0.672,0.67,0.067,0.214,0.384
0.292,0.338,0.721,0.672,0.669,0.067,0.214,0.384
0.292,0.338,0.721,0.672,0.669,0.067,0.214,0.384
0.292,0.337,0.72,0.671,0.668,0.067,0.213,0.384
0.292,0.337,0.72,0.671,0.668,0.067,0.214,0.383
0.291,0.337,0.72,0.67,0.668,0.067,0.213,0.383
0.291,0.337,0.719,0.67,0.667,0.067,0.213,0.382
0.292,0.337,0.72,0.67,0.668,0.067,0.213,0.383
0.291,0.337,0.72,0.671,0.668,0.067,0.214,0.383
0.291,0.337,0.719,0.669,0.667,0.067,0.213,0.383
0.29,0.336,0.718,0.668,0.666,0.067,0.213,0.382
0.289,0.335,0.715,0.666,0.663,0.066,0.212,0.381
0.29,0.335,0.716,0.666,0.663,0.066,0.213,0.38
0.29,0.336,0.718,0.668,0.665,0.067,0.213,0.381
0.29,0.336,0.718,0.668,0.666,0.067,0.213,0.382
0.29,0.336,0.717,0.667,0.665,0.067,0.213,0.382
0.289,0.335,0.716,0.666,0.664,0.067,0.213,0.381
0.288,0.334,0.713,0.664,0.661,0.066,0.212,0.38
0.289,0.334,0.714,0.664,0.661,0.066,0.212,0.379
0.289,0.335,0.716,0.666,0.663,0.066,0.213,0.38
0.289,0.335,0.717,0.666,0.664,0.067,0.213,0.381
0.289,0.335,0.716,0.665,0.663,0.067,0.213,0.38
0.288,0.334,0.714,0.664,0.662,0.066,0.213,0.38
0.287,0.333,0.712,0.661,0.659,0.066,0.212,0.378
0.287,0.333,0.712,0.661,0.659,0.066,0.212,0.378
0.288,0.334,0.715,0.663,0.661,0.066,0.213,0.379
0.288,0.334,0.715,0.664,0.662,0.066,0.213,0.38
0.287,0.334,0.714,0.663,0.661,0.066,0.213,0.379
0.287,0.333,0.713,0.661,0.659,0.066,0.213,0.378
0.286,0.332,0.71,0.659,0.657,0.066,0.212,0.377
0.286,0.332,0.711,0.659,0.657,0.066,0.212,0.377
0.287,0.333,0.713,0.661,0.659,0.066,0.212,0.378
0.287,0.333,0.713,0.662,0.659,0.066,0.213,0.378
0.287,0.333,0.712,0.661,0.659,0.066,0.213,0.378
0.286,0.332,0.711,0.659,0.657,0.066,0.212,0.377
0.285,0.331,0.708,0.657,0.655,0.066,0.212,0.376
0.285,0.331,0.709,0.657,0.654,0.066,0.211,0.375
0.286,0.332,0.711,0.659,0.657,0.066,0.212,0.376
0.286,0.333,0.712,0.66,0.657,0.066,0.213,0.377
0.286,0.332,0.711,0.658,0.656,0.066,0.212,0.377
0.285,0.332,0.71,0.657,0.655,0.066,0.212,0.376
0.284,0.33,0.707,0.655,0.653,0.066,0.211,0.375
0.284,0.331,0.707,0.655,0.652,0.066,0.211,0.374
0.285,0.332,0.71,0.657,0.654,0.066,0.212,0.375
0.285,0.332,0.71,0.657,0.655,0.066,0.213,0.376
0.285,0.332,0.709,0.656,0.655,0.066,0.212,0.375
0.284,0.331,0.708,0.655,0.653,0.066,0.212,0.375
0.283,0.33,0.706,0.653,0.651,0.065,0.211,0.373
0.283,0.33,0.705,0.652,0.65,0.065,0.211,0.373
0.284,0.331,0.708,0.655,0.652,0.066,0.212,0.374
0.284,0.331,0.708,0.655,0.653,0.066,0.212,0.375
0.284,0.331,0.707,0.654,0.652,0.066,0.212,0.374
0.283,0.33,0.706,0.653,0.651,0.066,0.212,0.374
0.282,0.329,0.704,0.651,0.649,0.065,0.211,0.373
0.282,0.329,0.703,0.65,0.648,0.065,0.211,0.372
0.283,0.33,0.706,0.652,0.65,0.065,0.211,0.373
0.283,0.33,0.707,0.653,0.651,0.066,0.212,0.374
0.283,0.33,0.706,0.652,0.65,0.066,0.212,0.373
0.282,0.329,0.705,0.651,0.649,0.065,0.212,0.373
0.281,0.328,0.702,0.649,0.647,0.065,0.211,0.372
0.281,0.328,0.702,0.648,0.646,0.065,0.211,0.371
0.282,0.329,0.704,0.65,0.648,0.065,0.211,0.372
0.282,0.33,0.705,0.651,0.649,0.065,0.212,0.373
0.281,0.329,0.704,0.65,0.648,0.065,0.212,0.372
0.281,0.329,0.703,0.649,0.647,0.065,0.211,0.372
0.28,0.328,0.701,0.647,0.645,0.065,0.211,0.371
0.28,0.328,0.7,0.646,0.644,0.065,0.211,0.37
0.281,0.329,0.702,0.648,0.646,0.065,0.211,0.371
0.28,0.328,0.702,0.647,0.646,0.065,0.211,0.371
0.28,0.328,0.702,0.647,0.645,0.065,0.211,0.371
0.28,0.328,0.701,0.647,0.645,0.065,0.211,0.371
0.28,0.328,0.701,0.646,0.645,0.065,0.211,0.37
0.28,0.328,0.701,0.646,0.644,0.065,0.211,0.37
0.28,0.328,0.701,0.646,0.644,0.065,0.211,0.37
0.28,0.328,0.7,0.645,0.644,0.065,0.211,0.37
0.279,0.328,0.7,0.645,0.643,0.065,0.211,0.37
0.279,0.327,0.7,0.645,0.643,0.065,0.211,0.37
0.279,0.327,0.699,0.644,0.643,0.065,0.211,0.369
0.279,0.327,0.699,0.644,0.642,0.065,0.211,0.369
0.279,0.327,0.699,0.644,0.642,0.065,0.211,0.369
0.278,0.326,0.699,0.643,0.642,0.065,0.211,0.369
0.278,0.326,0.699,0.643,0.641,0.065,0.211,0.369
0.278,0.326,0.698,0.643,0.641,0.065,0.211,0.369
0.278,0.326,0.698,0.642,0.641,0.065,0.211,0.368
0.278,0.326,0.698,0.642,0.64,0.065,0.211,0.368
0.278,0.326,0.697,0.642,0.64,0.065,0.211,0.368
0.277,0.326,0.697,0.641,0.64,0.065,0.211,0.368
0.278,0.326,0.697,0.641,0.64,0.065,0.21,0.368
0.277,0.326,0.697,0.641,0.639,0.065,0.211,0.368
0.277,0.325,0.696,0.641,0.639,0.065,0.21,0.367
0.277,0.325,0.696,0.64,0.639,0.065,0.21,0.367
0.277,0.325,0.696,0.64,0.638,0.065,0.211,0.367
0.277,0.325,0.696,0.639,0.638,0.065,0.21,0.367
0.276,0.325,0.695,0.639,0.638,0.065,0.21,0.366
0.276,0.325,0.695,0.639,0.637,0.064,0.21,0.366
0.276,0.325,0.695,0.639,0.637,0.064,0.21,0.366
0.276,0.324,0.695,0.638,0.637,0.064,0.21,0.366
0.276,0.325,0.694,0.638,0.636,0.064,0.21,0.366
0.276,0.325,0.694,0.638,0.636,0.065,0.21,0.366
0.276,0.324,0.694,0.637,0.636,0.064,0.21,0.366
0.275,0.324,0.693,0.637,0.636,0.064,0.21,0.366
0.275,0.324,0.693,0.636,0.635,0.064,0.21,0.365
0.275,0.324,0.693,0.636,0.635,0.064,0.21,0.365
0.275,0.324,0.693,0.636,0.635,0.064,0.21,0.365
0.275,0.324,0.692,0.635,0.634,0.064,0.21,0.365
0.275,0.324,0.692,0.635,0.634,0.064,0.21,0.365
0.275,0.324,0.692,0.635,0.634,0.064,0.21,0.364
0.274,0.323,0.692,0.635,0.633,0.064,0.21,0.364
0.274,0.323,0.692,0.634,0.633,0.064,0.21,0.364
0.274,0.323,0.691,0.634,0.633,0.064,0.21,0.364
0.274,0.323,0.691,0.634,0.633,0.064,0.21,0.364
0.274,0.323,0.691,0.634,0.632,0.064,0.21,0.363
0.274,0.323,0.69,0.633,0.632,0.064,0.21,0.363
0.273,0.323,0.69,0.633,0.632,0.064,0.21,0.363
0.273,0.323,0.69,0.632,0.631,0.064,0.21,0.363
0.273,0.323,0.69,0.632,0.631,0.064,0.21,0.363
0.273,0.323,0.689,0.632,0.631,0.064,0.21,0.362
0.273,0.322,0.689,0.632,0.63,0.064,0.21,0.362
0.273,0.322,0.689,0.631,0.63,0.064,0.209,0.362
0.273,0.322,0.689,0.631,0.63,0.064,0.21,0.362
0.272,0.322,0.688,0.631,0.63,0.064,0.209,0.362
0.272,0.322,0.688,0.63,0.629,0.064,0.209,0.362
0.272,0.322,0.688,0.63,0.629,0.064,0.209,0.361
0.272,0.321,0.687,0.63,0.629,0.064,0.209,0.361
0.272,0.321,0.687,0.629,0.628,0.064,0.209,0.361
0.272,0.321,0.687,0.629,0.628,0.064,0.209,0.361
0.272,0.321,0.687,0.629,0.628,0.064,0.209,0.361
0.271,0.321,0.687,0.628,0.628,0.064,0.209,0.36
0.271,0.321,0.686,0.628,0.627,0.064,0.209,0.36
0.271,0.321,0.686,0.628,0.627,0.064,0.209,0.36
0.271,0.321,0.686,0.628,0.627,0.064,0.209,0.36
0.271,0.321,0.686,0.627,0.626,0.064,0.209,0.36
0.271,0.321,0.685,0.627,0.626,0.064,0.209,0.359
0.27,0.32,0.685,0.627,0.626,0.064,0.209,0.359
0.27,0.32,0.685,0.627,0.625,0.064,0.209,0.359
0.27,0.32,0.685,0.626,0.625,0.064,0.209,0.359
0.27,0.32,0.684,0.626,0.625,0.064,0.209,0.359
0.27,0.32,0.684,0.625,0.624,0.064,0.209,0.359
0.27,0.32,0.684,0.625,0.624,0.064,0.209,0.359
0.27,0.32,0.684,0.625,0.624,0.063,0.209,0.358
0.269,0.32,0.683,0.625,0.623,0.064,0.209,0.358
0.269,0.32,0.683,0.625,0.623,0.063,0.209,0.358
0.269,0.319,0.683,0.624,0.623,0.063,0.209,0.358
0.269,0.319,0.683,0.624,0.623,0.064,0.209,0.358
0.269,0.319,0.682,0.624,0.622,0.064,0.209,0.358
0.269,0.319,0.682,0.623,0.622,0.063,0.209,0.357
0.269,0.319,0.682,0.623,0.622,0.063,0.209,0.357
0.269,0.319,0.682,0.623,0.621,0.063,0.208,0.357
0.268,0.319,0.681,0.623,0.621,0.063,0.209,0.357
0.268,0.319,0.681,0.622,0.621,0.063,0.209,0.357
0.268,0.319,0.681,0.622,0.621,0.064,0.209,0.357
0.268,0.318,0.681,0.622,0.62,0.063,0.208,0.357
0.268,0.318,0.68,0.621,0.62,0.063,0.209,0.356
0.268,0.318,0.68,0.621,0.62,0.063,0.209,0.356
0.267,0.318,0.68,0.621,0.619,0.063,0.208,0.356
0.267,0.318,0.68,0.62,0.619,0.063,0.208,0.356
0.267,0.318,0.68,0.62,0.619,0.063,0.208,0.356
0.267,0.318,0.679,0.62,0.618,0.063,0.208,0.356
0.267,0.318,0.679,0.62,0.618,0.063,0.208,0.355
0.267,0.318,0.679,0.619,0.618,0.063,0.208,0.355
0.267,0.318,0.678,0.619,0.618,0.063,0.208,0.355
0.266,0.317,0.678,0.619,0.617,0.063,0.208,0.355
0.266,0.317,0.678,0.618,0.617,0.063,0.208,0.355
0.266,0.317,0.678,0.618,0.617,0.063,0.208,0.354
0.266,0.317,0.678,0.618,0.617,0.063,0.208,0.354
0.266,0.317,0.677,0.617,0.616,0.063,0.208,0.354
0.266,0.317,0.677,0.617,0.616,0.063,0.208,0.354
0.266,0.317,0.677,0.617,0.616,0.063,0.208,0.354
0.266,0.317,0.677,0.617,0.616,0.063,0.208,0.354
0.265,0.317,0.676,0.617,0.615,0.063,0.208,0.353
0.265,0.316,0.676,0.616,0.615,0.063,0.208,0.353
0.265,0.316,0.676,0.616,0.615,0.063,0.208,0.353
0.265,0.316,0.676,0.616,0.615,0.063,0.208,0.353
0.265,0.316,0.675,0.615,0.614,0.063,0.208,0.353
0.265,0.316,0.675,0.615,0.614,0.063,0.208,0.353
0.264,0.316,0.675,0.615,0.614,0.063,0.208,0.352
0.264,0.316,0.675,0.614,0.614,0.063,0.208,0.352
0.264,0.316,0.674,0.614,0.613,0.063,0.208,0.352
0.264,0.316,0.674,0.614,0.613,0.063,0.208,0.352
0.264,0.316,0.674,0.614,0.613,0.063,0.208,0.352
0.264,0.316,0.674,0.613,0.613,0.063,0.208,0.352
0.264,0.316,0.673,0.613,0.612,0.063,0.208,0.352
0.264,0.315,0.673,0.613,0.612,0.063,0.208,0.352
0.263,0.315,0.673,0.613,0.612,0.063,0.208,0.351
0.263,0.315,0.673,0.612,0.611,0.063,0.208,0.351
0.263,0.315,0.672,0.612,0.611,0.063,0.207,0.351
0.263,0.315,0.672,0.612,0.611,0.063,0.208,0.351
0.263,0.315,0.672,0.612,0.611,0.063,0.207,0.351
0.263,0.315,0.672,0.611,0.61,0.063,0.207,0.351
0.263,0.314,0.672,0.611,0.61,0.063,0.207,0.35
0.262,0.314,0.671,0.611,0.61,0.063,0.207,0.35
0.262,0.314,0.671,0.611,0.61,0.063,0.207,0.35
0.262,0.314,0.671,0.61,0.609,0.063,0.207,0.35
0.262,0.314,0.671,0.61,0.609,0.063,0.207,0.35
0.262,0.314,0.67,0.61,0.609,0.063,0.207,0.35
0.262,0.314,0.67,0.609,0.608,0.063,0.207,0.35
0.262,0.314,0.67,0.609,0.608,0.063,0.207,0.349
0.262,0.314,0.67,0.609,0.608,0.063,0.207,0.349
0.261,0.314,0.669,0.609,0.607,0.063,0.207,0.349
0.261,0.314,0.669,0.608,0.607,0.063,0.207,0.349
0.261,0.314,0.669,0.608,0.607,0.063,0.207,0.349
0.261,0.314,0.669,0.608,0.607,0.063,0.207,0.349
0.261,0.313,0.668,0.608,0.607,0.063,0.207,0.349
0.261,0.313,0.668,0.607,0.606,0.063,0.207,0.348
0.261,0.313,0.668,0.607,0.606,0.063,0.207,0.348
0.261,0.313,0.668,0.607,0.606,0.063,0.207,0.348
0.26,0.313,0.667,0.607,0.606,0.062,0.207,0.348
0.26,0.313,0.667,0.606,0.605,0.062,0.207,0.348
0.26,0.313,0.667,0.606,0.605,0.063,0.207,0.348
0.26,0.312,0.667,0.606,0.605,0.062,0.207,0.348
0.26,0.312,0.667,0.605,0.604,0.062,0.207,0.347
0.26,0.312,0.666,0.605,0.604,0.062,0.207,0.347
0.259,0.312,0.666,0.605,0.604,0.062,0.207,0.347
0.259,0.312,0.666,0.605,0.604,0.062,0.206,0.347
0.259,0.312,0.666,0.604,0.603,0.062,0.207,0.347
0.259,0.312,0.665,0.604,0.603,0.062,0.206,0.347
0.259,0.312,0.665,0.604,0.603,0.062,0.206,0.346
0.259,0.312,0.665,0.604,0.603,0.062,0.207,0.346
0.259,0.312,0.665,0.603,0.603,0.062,0.206,0.346
0.259,0.311,0.665,0.603,0.602,0.062,0.206,0.346
0.259,0.311,0.664,0.603,0.602,0.062,0.206,0.346
0.258,0.311,0.664,0.603,0.602,0.062,0.206,0.345
0.258,0.311,0.664,0.602,0.602,0.062,0.206,0.345
0.258,0.311,0.664,0.602,0.602,0.062,0.206,0.345
0.258,0.311,0.663,0.602,0.601,0.062,0.206,0.345
0.258,0.311,0.663,0.602,0.601,0.062,0.206,0.345
0.258,0.311,0.663,0.601,0.601,0.062,0.206,0.345
0.258,0.311,0.663,0.601,0.601,0.062,0.206,0.345
0.257,0.31,0.662,0.601,0.6,0.062,0.206,0.344
0.257,0.31,0.662,0.601,0.6,0.062,0.206,0.344
0.257,0.31,0.662,0.6,0.6,0.062,0.206,0.344
0.257,0.31,0.662,0.6,0.6,0.062,0.206,0.344
0.257,0.31,0.661,0.6,0.6,0.062,0.206,0.344
0.257,0.31,0.661,0.6,0.599,0.062,0.206,0.344
0.257,0.31,0.661,0.599,0.599,0.062,0.206,0.343
0.257,0.309,0.661,0.599,0.599,0.062,0.206,0.343
0.257,0.31,0.661,0.599,0.599,0.062,0.206,0.343
0.256,0.309,0.66,0.599,0.598,0.062,0.206,0.343
0.256,0.309,0.66,0.598,0.598,0.062,0.206,0.343
0.256,0.309,0.66,0.598,0.598,0.062,0.206,0.343
0.256,0.309,0.66,0.598,0.598,0.062,0.206,0.342
0.256,0.309,0.659,0.598,0.597,0.062,0.206,0.342
0.256,0.309,0.659,0.597,0.597,0.062,0.206,0.342
0.256,0.309,0.659,0.597,0.597,0.062,0.206,0.342
0.256,0.309,0.659,0.597,0.597,0.062,0.206,0.342
0.255,0.309,0.659,0.597,0.597,0.062,0.206,0.342
0.255,0.309,0.658,0.596,0.596,0.062,0.206,0.342
0.255,0.309,0.658,0.596,0.596,0.062,0.206,0.342
0.255,0.308,0.658,0.596,0.596,0.062,0.206,0.341
0.255,0.308,0.658,0.596,0.596,0.062,0.205,0.341
0.255,0.308,0.657,0.595,0.595,0.062,0.205,0.341
0.255,0.308,0.657,0.595,0.595,0.062,0.205,0.341
0.255,0.308,0.657,0.595,0.595,0.062,0.205,0.341
0.255,0.308,0.657,0.595,0.594,0.062,0.205,0.341
0.254,0.308,0.657,0.594,0.594,0.062,0.205,0.34
0.254,0.308,0.656,0.594,0.594,0.062,0.205,0.34
0.254,0.308,0.656,0.594,0.594,0.062,0.205,0.34
0.254,0.308,0.656,0.593,0.594,0.062,0.205,0.34
0.254,0.308,0.656,0.593,0.593,0.062,0.205,0.34
0.254,0.308,0.656,0.593,0.593,0.062,0.205,0.34
0.254,0.308,0.655,0.593,0.593,0.062,0.205,0.339
0.254,0.307,0.655,0.593,0.593,0.062,0.205,0.339
0.253,0.307,0.655,0.592,0.592,0.062,0.205,0.339
0.253,0.307,0.655,0.592,0.592,0.062,0.205,0.339
0.253,0.307,0.655,0.592,0.592,0.062,0.205,0.339
0.253,0.307,0.654,0.592,0.592,0.062,0.205,0.339
0.253,0.307,0.654,0.591,0.592,0.061,0.205,0.339
0.253,0.307,0.653,0.591,0.591,0.062,0.205,0.339
0.253,0.307,0.653,0.591,0.591,0.062,0.205,0.338
0.253,0.307,0.653,0.59,0.591,0.062,0.205,0.338
0.252,0.307,0.653,0.59,0.591,0.062,0.205,0.338
0.252,0.307,0.653,0.59,0.591,0.062,0.205,0.338
0.252,0.306,0.653,0.59,0.59,0.062,0.205,0.338
0.252,0.306,0.652,0.59,0.59,0.062,0.205,0.338
0.252,0.306,0.652,0.589,0.59,0.062,0.205,0.338
0.252,0.306,0.652,0.589,0.59,0.061,0.205,0.337
0.252,0.306,0.652,0.589,0.589,0.061,0.205,0.337
0.252,0.306,0.652,0.589,0.589,0.062,0.205,0.337
0.252,0.306,0.651,0.588,0.589,0.061,0.204,0.337
0.251,0.306,0.651,0.588,0.589,0.061,0.205,0.337
0.251,0.306,0.651,0.588,0.588,0.061,0.204,0.337
0.251,0.306,0.651,0.588,0.588,0.061,0.205,0.337
0.251,0.306,0.65,0.587,0.588,0.061,0.204,0.337
0.251,0.306,0.65,0.587,0.588,0.061,0.204,0.336
0.251,0.306,0.65,0.587,0.587,0.061,0.204,0.336
0.251,0.305,0.65,0.587,0.587,0.061,0.204,0.336
0.251,0.305,0.65,0.587,0.587,0.061,0.204,0.336
0.25,0.305,0.649,0.586,0.587,0.061,0.204,0.336
0.25,0.305,0.649,0.586,0.587,0.061,0.204,0.336
0.25,0.305,0.649,0.586,0.586,0.061,0.204,0.336
0.25,0.305,0.649,0.586,0.586,0.061,0.204,0.335
0.25,0.305,0.648,0.585,0.586,0.061,0.204,0.335
0.25,0.305,0.648,0.585,0.586,0.061,0.204,0.335
0.25,0.305,0.648,0.585,0.586,0.061,0.204,0.335
0.25,0.305,0.648,0.584,0.585,0.061,0.204,0.335
0.25,0.305,0.648,0.584,0.585,0.061,0.204,0.335
0.249,0.304,0.647,0.584,0.585,0.061,0.204,0.335
0.249,0.304,0.647,0.584,0.584,0.061,0.204,0.334
0.249,0.304,0.647,0.584,0.584,0.061,0.204,0.334
0.249,0.304,0.647,0.583,0.584,0.061,0.204,0.334
0.249,0.304,0.647,0.583,0.584,0.061,0.204,0.334
0.249,0.304,0.646,0.583,0.583,0.061,0.204,0.334
0.249,0.304,0.646,0.583,0.583,0.061,0.204,0.334
0.249,0.304,0.646,0.582,0.583,0.061,0.204,0.334
0.249,0.304,0.646,0.582,0.583,0.061,0.204,0.334
0.248,0.304,0.645,0.582,0.582,0.061,0.204,0.333
0.248,0.303,0.645,0.582,0.582,0.061,0.204,0.334
0.248,0.304,0.645,0.581,0.582,0.061,0.204,0.333
0.248,0.303,0.645,0.581,0.582,0.061,0.204,0.333
0.248,0.303,0.644,0.581,0.581,0.061,0.204,0.333
0.248,0.303,0.644,0.581,0.581,0.061,0.204,0.333
0.248,0.303,0.644,0.581,0.581,0.061,0.204,0.333
0.248,0.303,0.644,0.58,0.581,0.061,0.204,0.333
0.248,0.303,0.644,0.58,0.58,0.061,0.203,0.332
0.247,0.303,0.644,0.58,0.58,0.061,0.204,0.332
0.247,0.303,0.643,0.58,0.58,0.061,0.203,0.332
0.247,0.303,0.643,0.58,0.58,0.061,0.203,0.332
0.247,0.303,0.643,0.579,0.58,0.061,0.203,0.332
0.247,0.303,0.643,0.579,0.579,0.061,0.203,0.332
0.247,0.303,0.642,0.579,0.579,0.061,0.203,0.332
0.247,0.302,0.642,0.579,0.579,0.061,0.203,0.331
0.247,0.302,0.642,0.578,0.579,0.061,0.203,0.331
0.247,0.302,0.642,0.578,0.578,0.061,0.203,0.331
0.247,0.302,0.642,0.578,0.578,0.061,0.203,0.331
0.246,0.302,0.641,0.578,0.578,0.061,0.203,0.331
0.246,0.302,0.641,0.577,0.578,0.061,0.203,0.331
0.246,0.302,0.641,0.577,0.578,0.061,0.203,0.331
0.246,0.302,0.641,0.577,0.578,0.061,0.203,0.33
0.246,0.302,0.64,0.577,0.577,0.061,0.203,0.33
0.246,0.302,0.64,0.576,0.577,0.061,0.203,0.33
0.246,0.302,0.64,0.576,0.577,0.061,0.203,0.33
0.246,0.302,0.64,0.576,0.577,0.061,0.203,0.33
0.246,0.302,0.64,0.576,0.576,0.061,0.203,0.33
0.245,0.302,0.639,0.575,0.576,0.061,0.203,0.33
0.245,0.301,0.639,0.575,0.576,0.061,0.203,0.329
0.245,0.301,0.639,0.575,0.576,0.061,0.203,0.329
0.245,0.301,0.639,0.575,0.575,0.061,0.203,0.329
0.245,0.301,0.639,0.575,0.575,0.061,0.203,0.329
0.245,0.301,0.638,0.574,0.575,0.061,0.203,0.329
0.245,0.301,0.638,0.574,0.575,0.061,0.203,0.329
0.245,0.301,0.638,0.574,0.575,0.06,0.203,0.329
0.245,0.301,0.638,0.574,0.574,0.06,0.203,0.329
0.244,0.301,0.638,0.573,0.574,0.061,0.203,0.328
0.244,0.301,0.637,0.573,0.574,0.061,0.203,0.328
0.244,0.3,0.637,0.573,0.574,0.06,0.203,0.328
0.244,0.3,0.637,0.573,0.573,0.06,0.203,0.328
0.244,0.3,0.637,0.573,0.573,0.06,0.203,0.328
0.244,0.3,0.637,0.572,0.573,0.06,0.203,0.328
0.244,0.3,0.636,0.572,0.573,0.06,0.203,0.328
0.244,0.3,0.636,0.572,0.573,0.06,0.203,0.328
0.244,0.3,0.636,0.572,0.572,0.061,0.202,0.328
0.244,0.3,0.636,0.571,0.572,0.06,0.202,0.328
0.243,0.3,0.636,0.571,0.572,0.061,0.202,0.327
0.243,0.3,0.635,0.571,0.572,0.06,0.202,0.327
0.243,0.3,0.635,0.571,0.571,0.06,0.202,0.327
0.243,0.299,0.635,0.571,0.571,0.06,0.202,0.327
0.243,0.299,0.635,0.57,0.571,0.061,0.202,0.327
0.243,0.299,0.634,0.57,0.571,0.06,0.202,0.327
0.243,0.299,0.634,0.57,0.571,0.06,0.202,0.327
0.243,0.299,0.634,0.57,0.571,0.06,0.202,0.327
0.242,0.299,0.634,0.57,0.57,0.06,0.202,0.327
0.242,0.299,0.634,0.569,0.57,0.06,0.202,0.326
0.242,0.299,0.633,0.569,0.57,0.06,0.202,0.326
0.242,0.299,0.633,0.569,0.57,0.06,0.202,0.326
0.242,0.299,0.633,0.569,0.569,0.06,0.202,0.326
0.242,0.299,0.633,0.569,0.569,0.06,0.202,0.326
0.242,0.299,0.633,0.568,0.569,0.06,0.202,0.326
0.242,0.299,0.632,0.568,0.569,0.06,0.202,0.326
0.242,0.298,0.632,0.568,0.569,0.06,0.202,0.325
0.242,0.298,0.632,0.568,0.568,0.06,0.202,0.325
0.241,0.298,0.632,0.567,0.568,0.06,0.202,0.325
0.241,0.298,0.632,0.567,0.568,0.06,0.202,0.325
0.241,0.298,0.631,0.567,0.568,0.06,0.202,0.325
0.241,0.298,0.631,0.567,0.567,0.06,0.202,0.325
0.241,0.298,0.631,0.567,0.567,0.06,0.202,0.325
0.241,0.298,0.631,0.567,0.567,0.06,0.202,0.325
0.241,0.298,0.631,0.567,0.567,0.06,0.202,0.325
0.241,0.298,0.631,0.567,0.567,0.06,0.202,0.325
0.241,0.298,0.631,0.567,0.567,0.06,0.202,0.325
0.241,0.298,0.631,0.567,0.567,0.06,0.202,0.325
0.241,0.298,0.631,0.567,0.567,0.06,0.202,0.325
0.241,0.298,0.631,0.567,0.567,0.06,0.202,0.325
0.241,0.298,0.631,0.567,0.567,0.06,0.202,0.325
0.241,0.298,0.631,0.567,0.567,0.06,0.202,0.325
0.241,0.298,0.631,0.567,0.567,0.06,0.202,0.325
0.241,0.298,0.631,0.567,0.567,0.06,0.202,0.325
0.241,0.298,0.631,0.567,0.567,0.06,0.202,0.325
0.241,0.298,0.631,0.567,0.567,0.06,0.202,0.325
0.241,0.298,0.631,0.567,0.567,0.06,0.202,0.325
0.241,0.298,0.631,0.567,0.567,0.06,0.202,0.325
0.241,0.298,0.631,0.567,0.567,0.06,0.202,0.325
0.241,0.298,0.631,0.567,0.567,0.06,0.202,0.325
0.241,0.298,0.631,0.567,0.567,0.06,0.202,0.325
0.241,0.298,0.631,0.567,0.567,0.06,0.202,0.325
0.241,0.298,0.631,0.567,0.567,0.06,0.202,0.325
0.241,0.298,0.631,0.567,0.567,0.06,0.202,0.325
0.241,0.298,0.631,0.567,0.567,0.06,0.202,0.325
0.241,0.298,0.631,0.567,0.567,0.06,0.202,0.325
0.241,0.298,0.631,0.567,0.567,0.06,0.202,0.325
0.241,0.298,0.631,0.567,0.567,0.06,0.202,0.325
0.241,0.298,0.631,0.567,0.567,0.06,0.202,0.325
0.241,0.298,0.631,0.567,0.567,0.06,0.202,0.325
0.241,0.298,0.631,0.567,0.567,0.06,0.202,0.325
0.241,0.298,0.631,0.567,0.567,0.06,0.202,0.325
0.241,0.298,0.631,0.567,0.567,0.06,0.202,0.325
0.241,0.298,0.631,0.567,0.567,0.06,0.202,0.325
0.241,0.298,0.631,0.567,0.567,0.06,0.202,0.325
0.241,0.298,0.631,0.567,0.567,0.06,0.202,0.325
0.241,0.298,0.631,0.567,0.567,0.06,0.202,0.325
0.241,0.298,0.631,0.567,0.567,0.06,0.202,0.325
0.241,0.298,0.631,0.567,0.567,0.06,0.202,0.325
0.241,0.298,0.631,0.567,0.567,0.06,0.202,0.325
0.241,0.298,0.631,0.567,0.567,0.06,0.202,0.325
0.241,0.298,0.631,0.567,0.567,0.06,0.202,0.325
0.241,0.298,0.631,0.567,0.567,0.06,0.202,0.325
0.241,0.298,0.631,0.567,0.567,0.06,0.202,0.325
0.241,0.298,0.631,0.567,0.567,0.06,0.202,0.325
0.241,0.298,0.631,0.567,0.567,0.06,0.202,0.325
0.241,0.298,0.631,0.567,0.567,0.06,0.202,0.325
0.241,0.298,0.631,0.567,0.567,0.06,0.202,0.325
0.241,0.298,0.631,0.567,0.567,0.06,0.202,0.325
0.241,0.298,0.631,0.567,0.567,0.06,0.202,0.325
0.241,0.298,0.631,0.567,0.567,0.06,0.202,0.325
0.241,0.298,0.631,0.567,0.567,0.06,0.202,0.325
0.241,0.298,0.631,0.567,0.567,0.06,0.202,0.325
0.241,0.298,0.631,0.567,0.567,0.06,0.202,0.325
0.241,0.298,0.631,0.567,0.567,0.06,0.202,0.325
0.241,0.298,0.631,0.567,0.567,0.06,0.202,0.325
0.241,0.298,0.631,0.567,0.567,0.06,0.202,0.325
0.241,0.298,0.631,0.567,0.567,0.06,0.202,0.325
0.241,0.298,0.631,0.567,0.567,0.06,0.202,0.325
0.241,0.298,0.631,0.567,0.567,0.06,0.202,0.325
0.241,0.298,0.631,0.567,0.567,0.06,0.202,0.325
0.241,0.298,0.631,0.567,0.567,0.06,0.202,0.325
0.241,0.298,0.631,0.567,0.567,0.06,0.202,0.325
0.241,0.298,0.631,0.567,0.567,0.06,0.202,0.325
0.241,0.298,0.631,0.567,0.567,0.06,0.202,0.325
0.241,0.298,0.631,0.567,0.567,0.06,0.202,0.325
0.241,0.298,0.631,0.567,0.567,0.06,0.202,0.325
0.241,0.298,0.631,0.567,0.567,0.06,0.202,0.325
0.241,0.298,0.631,0.567,0.567,0.06,0.202,0.325
0.241,0.298,0.631,0.567,0.567,0.06,0.202,0.325
0.241,0.298,0.631,0.567,0.567,0.06,0.202,0.325
0.241,0.298,0.631,0.567,0.567,0.06,0.202,0.325
0.241,0.298,0.631,0.567,0.567,0.06,0.202,0.325
0.241,0.298,0.631,0.567,0.567,0.06,0.202,0.325
0.241,0.298,0.631,0.567,0.567,0.06,0.202,0.325
0.241,0.298,0.631,0.567,0.567,0.06,0.202,0.325
0.241,0.298,0.631,0.567,0.567,0.06,0.202,0.325
0.241,0.298,0.631,0.567,0.567,0.06,0.202,0.325
0.241,0.298,0.631,0.567,0.567,0.06,0.202,0.325
0.241,0.298,0.631,0.567,0.567,0.06,0.202,0.325
0.241,0.298,0.631,0.567,0.567,0.06,0.202,0.325
0.241,0.298,0.631,0.567,0.567,0.06,0.202,0.325
0.241,0.298,0.631,0.567,0.567,0.06,0.202,0.325
0.241,0.298,0.631,0.567,0.567,0.06,0.202,0.325
0.241,0.298,0.631,0.567,0.567,0.06,0.202,0.325
0.241,0.298,0.631,0.567,0.567,0.06,0.202,0.325
0.241,0.298,0.631,0.567,0.567,0.06,0.202,0.325
0.241,0.298,0.631,0.567,0.567,0.06,0.202,0.325
0.241,0.298,0.631,0.567,0.567,0.06,0.202,0.325
0.241,0.298,0.631,0.567,0.567,0.06,0.202,0.325
0.241,0.298,0.631,0.567,0.567,0.06,0.202,0.325
0.241,0.298,0.631,0.567,0.567,0.06,0.202,0.325
0.241,0.298,0.631,0.567,0.567,0.06,0.202,0.325
0.241,0.298,0.631,0.567,0.567,0.06,0.202,0.325
0.241,0.298,0.631,0.567,0.567,0.06,0.202,0.325
0.241,0.298,0.631,0.567,0.567,0.06,0.202,0.325
0.241,0.298,0.631,0.567,0.567,0.06,0.202,0.325
0.241,0.298,0.631,0.567,0.567,0.06,0.202,0.325
0.241,0.298,0.631,0.567,0.567,0.06,0.202,0.325
0.241,0.298,0.631,0.567,0.567,0.06,0.202,0.325
0.241,0.298,0.631,0.567,0.567,0.06,0.202,0.325
0.241,0.298,0.631,0.567,0.567,0.06,0.202,0.325
0.241,0.298,0.631,0.567,0.567,0.06,0.202,0.325
0.241,0.298,0.631,0.567,0.567,0.06,0.202,0.325
0.241,0.298,0.631,0.567,0.567,0.06,0.202,0.325
0.241,0.298,0.631,0.567,0.567,0.06,0.202,0.325
0.241,0.298,0.631,0.567,0.567,0.06,0.202,0.325
0.241,0.298,0.631,0.567,0.567,0.06,0.202,0.325
0.241,0.298,0.631,0.567,0.567,0.06,0.202,0.325
0.241,0.298,0.631,0.567,0.567,0.06,0.202,0.325
0.241,0.298,0.631,0.567,0.567,0.06,0.202,0.325
0.241,0.298,0.631,0.567,0.567,0.06,0.202,0.325
0.241,0.298,0.631,0.567,0.567,0.06,0.202,0.325
0.241,0.298,0.631,0.567,0.567,0.06,0.202,0.325
0.241,0.298,0.631,0.567,0.567,0.06,0.202,0.325
0.241,0.298,0.631,0.567,0.567,0.06,0.202,0.325
0.241,0.298,0.631,0.567,0.567,0.06,0.202,0.325
0.241,0.298,0.631,0.567,0.567,0.06,0.202,0.325
0.241,0.298,0.631,0.567,0.567,0.06,0.202,0.325
0.241,0.298,0.631,0.567,0.567,0.06,0.202,0.325
0.241,0.298,0.631,0.567,0.567,0.06,0.202,0.325
0.241,0.298,0.631,0.567,0.567,0.06,0.202,0.325
0.241,0.298,0.631,0.567,0.567,0.06,0.202,0.325
0.241,0.298,0.631,0.567,0.567,0.06,0.202,0.325
0.241,0.298,0.631,0.567,0.567,0.06,0.202,0.325
0.241,0.298,0.631,0.567,0.567,0.06,0.202,0.325
0.241,0.298,0.631,0.567,0.567,0.06,0.202,0.325
0.241,0.298,0.631,0.567,0.567,0.06,0.202,0.325
0.241,0.298,0.631,0.567,0.567,0.06,0.202,0.325
0.241,0.298,0.631,0.567,0.567,0.06,0.202,0.325
0.241,0.298,0.631,0.567,0.567,0.06,0.202,0.325
0.241,0.298,0.631,0.567,0.567,0.06,0.202,0.325
0.241,0.298,0.631,0.567,0.567,0.06,0.202,0.325
0.241,0.298,0.631,0.567,0.567,0.06,0.202,0.325
0.241,0.298,0.631,0.567,0.567,0.06,0.202,0.325
0.241,0.298,0.631,0.567,0.567,0.06,0.202,0.325
0.241,0.298,0.631,0.567,0.567,0.06,0.202,0.325
0.241,0.298,0.631,0.567,0.567,0.06,0.202,0.325
0.241,0.298,0.631,0.567,0.567,0.06,0.202,0.325
0.241,0.298,0.631,0.567,0.567,0.06,0.202,0.325
0.241,0.298,0.631,0.567,0.567,0.06,0.202,0.325
0.241,0.298,0.631,0.567,0.567,0.06,0.202,0.325
0.241,0.298,0.631,0.567,0.567,0.06,0.202,0.325
0.241,0.298,0.631,0.567,0.567,0.06,0.202,0.325
0.241,0.298,0.631,0.567,0.567,0.06,0.202,0.325
0.241,0.298,0.631,0.567,0.567,0.06,0.202,0.325
0.241,0.298,0.631,0.567,0.567,0.06,0.202,0.325
0.241,0.298,0.631,0.567,0.567,0.06,0.202,0.325
0.241,0.298,0.631,0.567,0.567,0.06,0.202,0.325
0.241,0.298,0.631,0.567,0.567,0.06,0.202,0.325
0.241,0.298,0.631,0.567,0.567,0.06,0.202,0.325
0.241,0.298,0.631,0.567,0.567,0.06,0.202,0.325
0.241,0.298,0.631,0.567,0.567,0.06,0.202,0.325
0.241,0.298,0.631,0.567,0.567,0.06,0.202,0.325
0.241,0.298,0.631,0.567,0.567,0.06,0.202,0.325
0.241,0.298,0.631,0.567,0.567,0.06,0.202,0.325
0.241,0.298,0.631,0.567,0.567,0.06,0.202,0.325
0.241,0.298,0.631,0.567,0.567,0.06,0.202,0.325
0.241,0.298,0.631,0.567,0.567,0.06,0.202,0.325
0.241,0.298,0.631,0.567,0.567,0.06,0.202,0.325
0.241,0.298,0.631,0.567,0.567,0.06,0.202,0.325
0.241,0.298,0.631,0.567,0.567,0.06,0.202,0.325
0.241,0.298,0.631,0.567,0.567,0.06,0.202,0.325
0.241,0.298,0.631,0.567,0.567,0.06,0.202,0.325
0.241,0.298,0.631,0.567,0.567,0.06,0.202,0.325
0.241,0.298,0.631,0.567,0.567,0.06,0.202,0.325
0.241,0.298,0.631,0.567,0.567,0.06,0.202,0.325
0.241,0.298,0.631,0.567,0.567,0.06,0.202,0.325
0.241,0.298,0.631,0.567,0.567,0.06,0.202,0.325
0.241,0.298,0.631,0.567,0.567,0.06,0.202,0.325
0.241,0.298,0.631,0.567,0.567,0.06,0.202,0.325
0.241,0.298,0.631,0.567,0.567,0.06,0.202,0.325
0.241,0.298,0.631,0.567,0.567,0.06,0.202,0.325
0.241,0.298,0.631,0.567,0.567,0.06,0.202,0.325
0.241,0.298,0.631,0.567,0.567,0.06,0.202,0.325
0.241,0.298,0.631,0.567,0.567,0.06,0.202,0.325
0.241,0.298,0.631,0.567,0.567,0.06,0.202,0.325
0.241,0.298,0.631,0.567,0.567,0.06,0.202,0.325
0.241,0.298,0.631,0.567,0.567,0.06,0.202,0.325
0.241,0.298,0.631,0.567,0.567,0.06,0.202,0.325
0.241,0.298,0.631,0.567,0.567,0.06,0.202,0.325
0.241,0.298,0.631,0.567,0.567,0.06,0.202,0.325
0.241,0.298,0.631,0.567,0.567,0.06,0.202,0.325
0.241,0.298,0.631,0.567,0.567,0.06,0.202,0.325
0.241,0.298,0.631,0.567,0.567,0.06,0.202,0.325
0.241,0.298,0.631,0.567,0.567,0.06,0.202,0.325
0.241,0.298,0.631,0.567,0.567,0.06,0.202,0.325
0.241,0.298,0.631,0.567,0.567,0.06,0.202,0.325
0.241,0.298,0.631,0.567,0.567,0.06,0.202,0.325
0.241,0.298,0.631,0.567,0.567,0.06,0.202,0.325
0.241,0.298,0.631,0.567,0.567,0.06,0.202,0.325
0.241,0.298,0.631,0.567,0.567,0.06,0.202,0.325
0.241,0.298,0.631,0.567,0.567,0.06,0.202,0.325
0.241,0.298,0.631,0.567,0.567,0.06,0.202,0.325
0.241,0.298,0.631,0.567,0.567,0.06,0.202,0.325
0.241,0.298,0.631,0.567,0.567,0.06,0.202,0.325
0.241,0.298,0.631,0.567,0.567,0.06,0.202,0.325
0.241,0.298,0.631,0.567,0.567,0.06,0.202,0.325
0.241,0.298,0.631,0.567,0.567,0.06,0.202,0.325
0.241,0.298,0.631,0.567,0.567,0.06,0.202,0.325
0.241,0.298,0.631,0.567,0.567,0.06,0.202,0.325
0.241,0.298,0.631,0.567,0.567,0.06,0.202,0.325
0.241,0.298,0.631,0.567,0.567,0.06,0.202,0.325
0.241,0.298,0.631,0.567,0.567,0.06,0.202,0.325
0.241,0.298,0.631,0.567,0.567,0.06,0.202,0.325
0.241,0.298,0.631,0.567,0.567,0.06,0.202,0.325
0.241,0.298,0.631,0.567,0.567,0.06,0.202,0.325
0.241,0.298,0.631,0.567,0.567,0.06,0.202,0.325
0.241,0.298,0.631,0.567,0.567,0.06,0.202,0.325
0.241,0.298,0.631,0.567,0.567,0.06,0.202,0.325
0.241,0.298,0.631,0.567,0.567,0.06,0.202,0.325
0.241,0.298,0.631,0.567,0.567,0.06,0.202,0.325
0.241,0.298,0.631,0.567,0.567,0.06,0.202,0.325
0.241,0.298,0.631,0.567,0.567,0.06,0.202,0.325
0.241,0.298,0.631,0.567,0.567,0.06,0.202,0.325
0.241,0.298,0.631,0.567,0.567,0.06,0.202,0.325
0.241,0.298,0.631,0.567,0.567,0.06,0.202,0.325
0.241,0.298,0.631,0.567,0.567,0.06,0.202,0.325
0.241,0.298,0.631,0.567,0.567,0.06,0.202,0.325
0.241,0.298,0.631,0.567,0.567,0.06,0.202,0.325
0.241,0.298,0.631,0.567,0.567,0.06,0.202,0.325
0.241,0.298,0.631,0.567,0.567,0.06,0.202,0.325
0.241,0.298,0.631,0.567,0.567,0.06,0.202,0.325
0.241,0.298,0.631,0.567,0.567,0.06,0.202,0.325
0.241,0.298,0.631,0.567,0.567,0.06,0.202,0.325
0.241,0.298,0.631,0.567,0.567,0.06,0.202,0.325
0.241,0.298,0.631,0.567,0.567,0.06,0.202,0.325
0.241,0.298,0.631,0.567,0.567,0.06,0.202,0.325
0.241,0.298,0.631,0.567,0.567,0.06,0.202,0.325
0.241,0.298,0.631,0.567,0.567,0.06,0.202,0.325
0.241,0.298,0.631,0.567,0.567,0.06,0.202,0.325
0.241,0.298,0.631,0.567,0.567,0.06,0.202,0.325
0.241,0.298,0.631,0.567,0.567,0.06,0.202,0.325
0.241,0.298,0.631,0.567,0.567,0.06,0.202,0.325
0.241,0.298,0.631,0.567,0.567,0.06,0.202,0.325
0.241,0.298,0.631,0.567,0.567,0.06,0.202,0.325
0.241,0.298,0.631,0.567,0.567,0.06,0.202,0.325
0.241,0.298,0.631,0.567,0.567,0.06,0.202,0.325
0.241,0.298,0.631,0.567,0.567,0.06,0.202,0.325
0.241,0.298,0.631,0.567,0.567,0.06,0.202,0.325
0.241,0.298,0.631,0.567,0.567,0.06,0.202,0.325
0.241,0.298,0.631,0.567,0.567,0.06,0.202,0.325
0.241,0.298,0.631,0.567,0.567,0.06,0.202,0.325
0.241,0.298,0.631,0.567,0.567,0.06,0.202,0.325
0.241,0.298,0.631,0.567,0.567,0.06,0.202,0.325
0.241,0.298,0.631,0.567,0.567,0.06,0.202,0.325
0.241,0.298,0.631,0.567,0.567,0.06,0.202,0.325
0.241,0.298,0.631,0.567,0.567,0.06,0.202,0.325
0.241,0.298,0.631,0.567,0.567,0.06,0.202,0.325
0.241,0.298,0.631,0.567,0.567,0.06,0.202,0.325
0.241,0.298,0.631,0.567,0.567,0.06,0.202,0.325
0.241,0.298,0.631,0.567,0.567,0.06,0.202,0.325
0.241,0.298,0.631,0.567,0.567,0.06,0.202,0.325
0.241,0.298,0.631,0.567,0.567,0.06,0.202,0.325
0.241,0.298,0.631,0.567,0.567,0.06,0.202,0.325
0.241,0.298,0.631,0.567,0.567,0.06,0.202,0.325
0.241,0.298,0.631,0.567,0.567,0.06,0.202,0.325
0.241,0.298,0.631,0.567,0.567,0.06,0.202,0.325
0.241,0.298,0.631,0.567,0.567,0.06,0.202,0.325
0.241,0.298,0.631,0.567,0.567,0.06,0.202,0.325
0.241,0.298,0.631,0.567,0.567,0.06,0.202,0.325
0.241,0.298,0.631,0.567,0.567,0.06,0.202,0.325
0.241,0.298,0.631,0.567,0.567,0.06,0.202,0.325
0.241,0.298,0.631,0.567,0.567,0.06,0.202,0.325
0.241,0.298,0.631,0.567,0.567,0.06,0.202,0.325
0.241,0.298,0.631,0.567,0.567,0.06,0.202,0.325
0.241,0.298,0.631,0.567,0.567,0.06,0.202,0.325
0.241,0.298,0.631,0.567,0.567,0.06,0.202,0.325
0.241,0.298,0.631,0.567,0.567,0.06,0.202,0.325
0.241,0.298,0.631,0.567,0.567,0.06,0.202,0.325
0.241,0.298,0.631,0.567,0.567,0.06,0.202,0.325
0.241,0.298,0.631,0.567,0.567,0.06,0.202,0.325
0.241,0.298,0.631,0.567,0.567,0.06,0.202,0.325
0.241,0.298,0.631,0.567,0.567,0.06,0.202,0.325
0.241,0.298,0.631,0.567,0.567,0.06,0.202,0.325
0.241,0.298,0.631,0.567,0.567,0.06,0.202,0.325
0.241,0.298,0.631,0.567,0.567,0.06,0.202,0.325
0.241,0.298,0.631,0.567,0.567,0.06,0.202,0.325
0.241,0.298,0.631,0.567,0.567,0.06,0.202,0.325
0.241,0.298,0.631,0.567,0.567,0.06,0.202,0.325
0.241,0.298,0.631,0.567,0.567,0.06,0.202,0.325
0.241,0.298,0.631,0.567,0.567,0.06,0.202,0.325
0.241,0.298,0.631,0.567,0.567,0.06,0.202,0.325
0.241,0.298,0.631,0.567,0.567,0.06,0.202,0.325
0.241,0.298,0.631,0.567,0.567,0.06,0.202,0.325
0.241,0.298,0.631,0.567,0.567,0.06,0.202,0.325
0.241,0.298,0.631,0.567,0.567,0.06,0.202,0.325
0.241,0.298,0.631,0.567,0.567,0.06,0.202,0.325
0.241,0.298,0.631,0.567,0.567,0.06,0.202,0.325
0.241,0.298,0.631,0.567,0.567,0.06,0.202,0.325
0.241,0.298,0.631,0.567,0.567,0.06,0.202,0.325
0.241,0.298,0.631,0.567,0.567,0.06,0.202,0.325
0.241,0.298,0.631,0.567,0.567,0.06,0.202,0.325
0.241,0.298,0.631,0.567,0.567,0.06,0.202,0.325
0.241,0.298,0.631,0.567,0.567,0.06,0.202,0.325
0.241,0.298,0.631,0.567,0.567,0.06,0.202,0.325
0.241,0.298,0.631,0.567,0.567,0.06,0.202,0.325
0.241,0.298,0.631,0.567,0.567,0.06,0.202,0.325
0.241,0.298,0.631,0.567,0.567,0.06,0.202,0.325
0.241,0.298,0.631,0.567,0.567,0.06,0.202,0.325
0.241,0.298,0.631,0.567,0.567,0.06,0.202,0.325
0.241,0.298,0.631,0.567,0.567,0.06,0.202,0.325
0.241,0.298,0.631,0.567,0.567,0.06,0.202,0.325
0.241,0.298,0.631,0.567,0.567,0.06,0.202,0.325
0.241,0.298,0.631,0.567,0.567,0.06,0.202,0.325
0.241,0.298,0.631,0.567,0.567,0.06,0.202,0.325
0.241,0.298,0.631,0.567,0.567,0.06,0.202,0.325
0.241,0.298,0.631,0.567,0.567,0.06,0.202,0.325
0.241,0.298,0.631,0.567,0.567,0.06,0.202,0.325
0.241,0.298,0.631,0.567,0.567,0.06,0.202,0.325
0.241,0.298,0.631,0.567,0.567,0.06,0.202,0.325
0.241,0.298,0.631,0.567,0.567,0.06,0.202,0.325
0.241,0.298,0.631,0.567,0.567,0.06,0.202,0.325
0.241,0.298,0.631,0.567,0.567,0.06,0.202,0.325
0.241,0.298,0.631,0.567,0.567,0.06,0.202,0.325
0.241,0.298,0.631,0.567,0.567,0.06,0.202,0.325
0.241,0.298,0.631,0.567,0.567,0.06,0.202,0.325
0.241,0.298,0.631,0.567,0.567,0.06,0.202,0.325
0.241,0.298,0.631,0.567,0.567,0.06,0.202,0.325
0.241,0.298,0.631,0.567,0.567,0.06,0.202,0.325
0.241,0.298,0.631,0.567,0.567,0.06,0.202,0.325
0.241,0.298,0.631,0.567,0.567,0.06,0.202,0.325
0.241,0.298,0.631,0.567,0.567,0.06,0.202,0.325
0.241,0.298,0.631,0.567,0.567,0.06,0.202,0.325
0.241,0.298,0.631,0.567,0.567,0.06,0.202,0.325
0.241,0.298,0.631,0.567,0.567,0.06,0.202,0.325
0.241,0.298,0.631,0.567,0.567,0.06,0.202,0.325
0.241,0.298,0.631,0.567,0.567,0.06,0.202,0.325
0.241,0.298,0.631,0.567,0.567,0.06,0.202,0.325
0.241,0.298,0.631,0.567,0.567,0.06,0.202,0.325
0.241,0.298,0.631,0.567,0.567,0.06,0.202,0.325
0.241,0.298,0.631,0.567,0.567,0.06,0.202,0.325
0.241,0.298,0.631,0.567,0.567,0.06,0.202,0.325
0.241,0.298,0.631,0.567,0.567,0.06,0.202,0.325
0.241,0.298,0.631,0.567,0.567,0.06,0.202,0.325
0.241,0.298,0.631,0.567,0.567,0.06,0.202,0.325
0.241,0.298,0.631,0.567,0.567,0.06,0.202,0.325
0.241,0.298,0.631,0.567,0.567,0.06,0.202,0.325
0.241,0.298,0.631,0.567,0.567,0.06,0.202,0.325
0.241,0.298,0.631,0.567,0.567,0.06,0.202,0.325
0.241,0.298,0.631,0.567,0.567,0.06,0.202,0.325
0.241,0.298,0.631,0.567,0.567,0.06,0.202,0.325
0.241,0.298,0.631,0.567,0.567,0.06,0.202,0.325
0.241,0.298,0.631,0.567,0.567,0.06,0.202,0.325
0.241,0.298,0.631,0.567,0.567,0.06,0.202,0.325
0.241,0.298,0.631,0.567,0.567,0.06,0.202,0.325
0.241,0.298,0.631,0.567,0.567,0.06,0.202,0.325
0.241,0.298,0.631,0.567,0.567,0.06,0.202,0.325
0.241,0.298,0.631,0.567,0.567,0.06,0.202,0.325
0.241,0.298,0.631,0.567,0.567,0.06,0.202,0.325
0.241,0.298,0.631,0.567,0.567,0.06,0.202,0.325
0.241,0.298,0.631,0.567,0.567,0.06,0.202,0.325
0.241,0.298,0.631,0.567,0.567,0.06,0.202,0.325
0.241,0.298,0.631,0.567,0.567,0.06,0.202,0.325
0.241,0.298,0.631,0.567,0.567,0.06,0.202,0.325
0.241,0.298,0.631,0.567,0.567,0.06,0.202,0.325
0.241,0.298,0.631,0.567,0.567,0.06,0.202,0.325
0.241,0.298,0.631,0.567,0.567,0.06,0.202,0.325
0.241,0.298,0.631,0.567,0.567,0.06,0.202,0.325
0.241,0.298,0.631,0.567,0.567,0.06,0.202,0.325
0.241,0.298,0.631,0.567,0.567,0.06,0.202,0.325
0.241,0.298,0.631,0.567,0.567,0.06,0.202,0.325
0.241,0.298,0.631,0.567,0.567,0.06,0.202,0.325
0.241,0.298,0.631,0.567,0.567,0.06,0.202,0.325
0.241,0.298,0.631,0.567,0.567,0.06,0.202,0.325
0.241,0.298,0.631,0.567,0.567,0.06,0.202,0.325
0.241,0.298,0.631,0.567,0.567,0.06,0.202,0.325
0.241,0.298,0.631,0.567,0.567,0.06,0.202,0.325
0.241,0.298,0.631,0.567,0.567,0.06,0.202,0.325
0.241,0.298,0.631,0.567,0.567,0.06,0.202,0.325
0.241,0.298,0.631,0.567,0.567,0.06,0.202,0.325
0.241,0.298,0.631,0.567,0.567,0.06,0.202,0.325
0.241,0.298,0.631,0.567,0.567,0.06,0.202,0.325
0.241,0.298,0.631,0.567,0.567,0.06,0.202,0.325
0.241,0.298,0.631,0.567,0.567,0.06,0.202,0.325
0.241,0.298,0.631,0.567,0.567,0.06,0.202,0.325
0.241,0.298,0.631,0.567,0.567,0.06,0.202,0.325
0.241,0.298,0.631,0.567,0.567,0.06,0.202,0.325
0.241,0.298,0.631,0.567,0.567,0.06,0.202,0.325
0.241,0.298,0.631,0.567,0.567,0.06,0.202,0.325
0.241,0.298,0.631,0.567,0.567,0.06,0.202,0.325
0.241,0.298,0.631,0.567,0.567,0.06,0.202,0.325
0.241,0.298,0.631,0.567,0.567,0.06,0.202,0.325
0.241,0.298,0.631,0.567,0.567,0.06,0.202,0.325
0.241,0.298,0.631,0.567,0.567,0.06,0.202,0.325
0.241,0.298,0.631,0.567,0.567,0.06,0.202,0.325
0.241,0.298,0.631,0.567,0.567,0.06,0.202,0.325
0.241,0.298,0.631,0.567,0.567,0.06,0.202,0.325
0.241,0.298,0.631,0.567,0.567,0.06,0.202,0.325
0.241,0.298,0.631,0.567,0.567,0.06,0.202,0.325
0.241,0.298,0.631,0.567,0.567,0.06,0.202,0.325
0.241,0.298,0.631,0.567,0.567,0.06,0.202,0.325
0.241,0.298,0.631,0.567,0.567,0.06,0.202,0.325
0.241,0.298,0.631,0.567,0.567,0.06,0.202,0.325
0.241,0.298,0.631,0.567,0.567,0.06,0.202,0.325
0.241,0.298,0.631,0.567,0.567,0.06,0.202,0.325
0.241,0.298,0.631,0.567,0.567,0.06,0.202,0.325
0.241,0.298,0.631,0.567,0.567,0.06,0.202,0.325
0.241,0.298,0.631,0.567,0.567,0.06,0.202,0.325
0.241,0.298,0.631,0.567,0.567,0.06,0.202,0.325
0.241,0.298,0.631,0.567,0.567,0.06,0.202,0.325
0.241,0.298,0.631,0.567,0.567,0.06,0.202,0.325
0.241,0.298,0.631,0.567,0.567,0.06,0.202,0.325
0.241,0.298,0.631,0.567,0.567,0.06,0.202,0.325
0.241,0.298,0.631,0.567,0.567,0.06,0.202,0.325
0.241,0.298,0.631,0.567,0.567,0.06,0.202,0.325
0.241,0.298,0.631,0.567,0.567,0.06,0.202,0.325
0.241,0.298,0.631,0.567,0.567,0.06,0.202,0.325
0.241,0.298,0.631,0.567,0.567,0.06,0.202,0.325
0.241,0.298,0.631,0.567,0.567,0.06,0.202,0.325
0.241,0.298,0.631,0.567,0.567,0.06,0.202,0.325
0.241,0.298,0.631,0.567,0.567,0.06,0.202,0.325
0.241,0.298,0.631,0.567,0.567,0.06,0.202,0.325
0.241,0.298,0.631,0.567,0.567,0.06,0.202,0.325
0.241,0.298,0.631,0.567,0.567,0.06,0.202,0.325
0.241,0.298,0.631,0.567,0.567,0.06,0.202,0.325
0.241,0.298,0.631,0.567,0.567,0.06,0.202,0.325
0.241,0.298,0.631,0.567,0.567,0.06,0.202,0.325
0.241,0.298,0.631,0.567,0.567,0.06,0.202,0.325
0.241,0.298,0.631,0.567,0.567,0.06,0.202,0.325
0.241,0.298,0.631,0.567,0.567,0.06,0.202,0.325
0.241,0.298,0.631,0.567,0.567,0.06,0.202,0.325
0.241,0.298,0.631,0.567,0.567,0.06,0.202,0.325
0.241,0.298,0.631,0.567,0.567,0.06,0.202,0.325
0.241,0.298,0.631,0.567,0.567,0.06,0.202,0.325
0.241,0.298,0.631,0.567,0.567,0.06,0.202,0.325
0.241,0.298,0.631,0.567,0.567,0.06,0.202,0.325
0.241,0.298,0.631,0.567,0.567,0.06,0.202,0.325
0.241,0.298,0.631,0.567,0.567,0.06,0.202,0.325
0.241,0.298,0.631,0.567,0.567,0.06,0.202,0.325
0.241,0.298,0.631,0.567,0.567,0.06,0.202,0.325
0.241,0.298,0.631,0.567,0.567,0.06,0.202,0.325
0.241,0.298,0.631,0.567,0.567,0.06,0.202,0.325
0.241,0.298,0.631,0.567,0.567,0.06,0.202,0.325
0.241,0.298,0.631,0.567,0.567,0.06,0.202,0.325
0.241,0.298,0.631,0.567,0.567,0.06,0.202,0.325
0.241,0.298,0.631,0.567,0.567,0.06,0.202,0.325
0.241,0.298,0.631,0.567,0.567,0.06,0.202,0.325
0.241,0.298,0.631,0.567,0.567,0.06,0.202,0.325
0.241,0.298,0.631,0.567,0.567,0.06,0.202,0.325
0.241,0.298,0.631,0.567,0.567,0.06,0.202,0.325
0.241,0.298,0.631,0.567,0.567,0.06,0.202,0.325
0.241,0.298,0.631,0.567,0.567,0.06,0.202,0.325
0.241,0.298,0.631,0.567,0.567,0.06,0.202,0.325
0.241,0.298,0.631,0.567,0.567,0.06,0.202,0.325
0.241,0.298,0.631,0.567,0.567,0.06,0.202,0.325
0.241,0.298,0.631,0.567,0.567,0.06,0.202,0.325
0.241,0.298,0.631,0.567,0.567,0.06,0.202,0.325
0.241,0.298,0.631,0.567,0.567,0.06,0.202,0.325
0.241,0.298,0.631,0.567,0.567,0.06,0.202,0.325
0.241,0.298,0.631,0.567,0.567,0.06,0.202,0.325
0.241,0.298,0.631,0.567,0.567,0.06,0.202,0.325
0.241,0.298,0.631,0.567,0.567,0.06,0.202,0.325
0.241,0.298,0.631,0.567,0.567,0.06,0.202,0.325
0.241,0.298,0.631,0.567,0.567,0.06,0.202,0.325
0.241,0.298,0.631,0.567,0.567,0.06,0.202,0.325
0.241,0.298,0.631,0.567,0.567,0.06,0.202,0.325
0.241,0.298,0.631,0.567,0.567,0.06,0.202,0.325
0.241,0.298,0.631,0.567,0.567,0.06,0.202,0.325
0.241,0.298,0.631,0.567,0.567,0.06,0.202,0.325
0.241,0.298,0.631,0.567,0.567,0.06,0.202,0.325
0.241,0.298,0.631,0.567,0.567,0.06,0.202,0.325
0.241,0.298,0.631,0.567,0.567,0.06,0.202,0.325
0.241,0.298,0.631,0.567,0.567,0.06,0.202,0.325
0.241,0.298,0.631,0.567,0.567,0.06,0.202,0.325
0.241,0.298,0.631,0.567,0.567,0.06,0.202,0.325
0.241,0.298,0.631,0.567,0.567,0.06,0.202,0.325
0.241,0.298,0.631,0.567,0.567,0.06,0.202,0.325
0.241,0.298,0.631,0.567,0.567,0.06,0.202,0.325
0.241,0.298,0.631,0.567,0.567,0.06,0.202,0.325
0.241,0.298,0.631,0.567,0.567,0.06,0.202,0.325
0.241,0.298,0.631,0.567,0.567,0.06,0.202,0.325
0.241,0.298,0.631,0.567,0.567,0.06,0.202,0.325
0.241,0.298,0.631,0.567,0.567,0.06,0.202,0.325
0.241,0.298,0.631,0.567,0.567,0.06,0.202,0.325
0.241,0.298,0.631,0.567,0.567,0.06,0.202,0.325
0.241,0.298,0.631,0.567,0.567,0.06,0.202,0.325
0.241,0.298,0.631,0.567,0.567,0.06,0.202,0.325
0.241,0.298,0.631,0.567,0.567,0.06,0.202,0.325
0.241,0.298,0.631,0.567,0.567,0.06,0.202,0.325
0.241,0.298,0.631,0.567,0.567,0.06,0.202,0.325
0.241,0.298,0.631,0.567,0.567,0.06,0.202,0.325
0.241,0.298,0.631,0.567,0.567,0.06,0.202,0.325
0.241,0.298,0.631,0.567,0.567,0.06,0.202,0.325
0.241,0.298,0.631,0.567,0.567,0.06,0.202,0.325
0.241,0.298,0.631,0.567,0.567,0.06,0.202,0.325
0.241,0.298,0.631,0.567,0.567,0.06,0.202,0.325
0.241,0.298,0.631,0.567,0.567,0.06,0.202,0.325
0.241,0.298,0.631,0.567,0.567,0.06,0.202,0.325
0.241,0.298,0.631,0.567,0.567,0.06,0.202,0.325
0.241,0.298,0.631,0.567,0.567,0.06,0.202,0.325
0.241,0.298,0.631,0.567,0.567,0.06,0.202,0.325
0.241,0.298,0.631,0.567,0.567,0.06,0.202,0.325
0.241,0.298,0.631,0.567,0.567,0.06,0.202,0.325
0.241,0.298,0.631,0.567,0.567,0.06,0.202,0.325
0.241,0.298,0.631,0.567,0.567,0.06,0.202,0.325
0.241,0.298,0.631,0.567,0.567,0.06,0.202,0.325
0.241,0.298,0.631,0.567,0.567,0.06,0.202,0.325
0.241,0.298,0.631,0.567,0.567,0.06,0.202,0.325
0.241,0.298,0.631,0.567,0.567,0.06,0.202,0.325
0.241,0.298,0.631,0.567,0.567,0.06,0.202,0.325
0.241,0.298,0.631,0.567,0.567,0.06,0.202,0.325
0.241,0.298,0.631,0.567,0.567,0.06,0.202,0.325
0.241,0.298,0.631,0.567,0.567,0.06,0.202,0.325
0.241,0.298,0.631,0.567,0.567,0.06,0.202,0.325
0.241,0.298,0.631,0.567,0.567,0.06,0.202,0.325
0.241,0.298,0.631,0.567,0.567,0.06,0.202,0.325
0.241,0.298,0.631,0.567,0.567,0.06,0.202,0.325
0.241,0.298,0.631,0.567,0.567,0.06,0.202,0.325
0.241,0.298,0.631,0.567,0.567,0.06,0.202,0.325
0.241,0.298,0.631,0.567,0.567,0.06,0.202,0.325
0.241,0.298,0.631,0.567,0.567,0.06,0.202,0.325
0.241,0.298,0.631,0.567,0.567,0.06,0.202,0.325
0.241,0.298,0.631,0.567,0.567,0.06,0.202,0.325
0.241,0.298,0.631,0.567,0.567,0.06,0.202,0.325
0.241,0.298,0.631,0.567,0.567,0.06,0.202,0.325
0.241,0.298,0.631,0.567,0.567,0.06,0.202,0.325
0.241,0.298,0.631,0.567,0.567,0.06,0.202,0.325
0.241,0.298,0.631,0.567,0.567,0.06,0.202,0.325
0.241,0.298,0.631,0.567,0.567,0.06,0.202,0.325
0.241,0.298,0.631,0.567,0.567,0.06,0.202,0.325
0.241,0.298,0.631,0.567,0.567,0.06,0.202,0.325
0.241,0.298,0.631,0.567,0.567,0.06,0.202,0.325
0.241,0.298,0.631,0.567,0.567,0.06,0.202,0.325
0.241,0.298,0.631,0.567,0.567,0.06,0.202,0.325
0.241,0.298,0.631,0.567,0.567,0.06,0.202,0.325
0.241,0.298,0.631,0.567,0.567,0.06,0.202,0.325
0.241,0.298,0.631,0.567,0.567,0.06,0.202,0.325
0.241,0.298,0.631,0.567,0.567,0.06,0.202,0.325
0.241,0.298,0.631,0.567,0.567,0.06,0.202,0.325
0.241,0.298,0.631,0.567,0.567,0.06,0.202,0.325
0.241,0.298,0.631,0.567,0.567,0.06,0.202,0.325
0.241,0.298,0.631,0.567,0.567,0.06,0.202,0.325
0.241,0.298,0.631,0.567,0.567,0.06,0.202,0.325
0.241,0.298,0.631,0.567,0.567,0.06,0.202,0.325
0.241,0.298,0.631,0.567,0.567,0.06,0.202,0.325
0.241,0.298,0.631,0.567,0.567,0.06,0.202,0.325
0.241,0.298,0.631,0.567,0.567,0.06,0.202,0.325
0.241,0.298,0.631,0.567,0.567,0.06,0.202,0.325
0.241,0.298,0.631,0.567,0.567,0.06,0.202,0.325
0.241,0.298,0.631,0.567,0.567,0.06,0.202,0.325
0.241,0.298,0.631,0.567,0.567,0.06,0.202,0.325
0.241,0.298,0.631,0.567,0.567,0.06,0.202,0.325
0.241,0.298,0.631,0.567,0.567,0.06,0.202,0.325
0.241,0.298,0.631,0.567,0.567,0.06,0.202,0.325
0.241,0.298,0.631,0.567,0.567,0.06,0.202,0.325
0.241,0.298,0.631,0.567,0.567,0.06,0.202,0.325
0.241,0.298,0.631,0.567,0.567,0.06,0.202,0.325
0.241,0.298,0.631,0.567,0.567,0.06,0.202,0.325
0.241,0.298,0.631,0.567,0.567,0.06,0.202,0.325
0.241,0.298,0.631,0.567,0.567,0.06,0.202,0.325
0.241,0.298,0.631,0.567,0.567,0.06,0.202,0.325
0.241,0.298,0.631,0.567,0.567,0.06,0.202,0.325
0.241,0.298,0.631,0.567,0.567,0.06,0.202,0.325
0.241,0.298,0.631,0.567,0.567,0.06,0.202,0.325
0.241,0.298,0.631,0.567,0.567,0.06,0.202,0.325
0.241,0.298,0.631,0.567,0.567,0.06,0.202,0.325
0.241,0.298,0.631,0.567,0.567,0.06,0.202,0.325
0.241,0.298,0.631,0.567,0.567,0.06,0.202,0.325
0.241,0.298,0.631,0.567,0.567,0.06,0.202,0.325
0.241,0.298,0.631,0.567,0.567,0.06,0.202,0.325
0.241,0.298,0.631,0.567,0.567,0.06,0.202,0.325
0.241,0.298,0.631,0.567,0.567,0.06,0.202,0.325
0.241,0.298,0.631,0.567,0.567,0.06,0.202,0.325
0.241,0.298,0.631,0.567,0.567,0.06,0.202,0.325
0.241,0.298,0.631,0.567,0.567,0.06,0.202,0.325
0.241,0.298,0.631,0.567,0.567,0.06,0.202,0.325
0.241,0.298,0.631,0.567,0.567,0.06,0.202,0.325
0.241,0.298,0.631,0.567,0.567,0.06,0.202,0.325
0.241,0.298,0.631,0.567,0.567,0.06,0.202,0.325
0.241,0.298,0.631,0.567,0.567,0.06,0.202,0.325
0.241,0.298,0.631,0.567,0.567,0.06,0.202,0.325
0.241,0.298,0.631,0.567,0.567,0.06,0.202,0.325
0.241,0.298,0.631,0.567,0.567,0.06,0.202,0.325
0.241,0.298,0.631,0.567,0.567,0.06,0.202,0.325
0.241,0.298,0.631,0.567,0.567,0.06,0.202,0.325
0.241,0.298,0.631,0.567,0.567,0.06,0.202,0.325
0.241,0.298,0.631,0.567,0.567,0.06,0.202,0.325
0.241,0.298,0.631,0.567,0.567,0.06,0.202,0.325
0.241,0.298,0.631,0.567,0.567,0.06,0.202,0.325
0.241,0.298,0.631,0.567,0.567,0.06,0.202,0.325
0.241,0.298,0.631,0.567,0.567,0.06,0.202,0.325
0.241,0.298,0.631,0.567,0.567,0.06,0.202,0.325
0.241,0.298,0.631,0.567,0.567,0.06,0.202,0.325
0.241,0.298,0.631,0.567,0.567,0.06,0.202,0.325
0.241,0.298,0.631,0.567,0.567,0.06,0.202,0.325
0.241,0.298,0.631,0.567,0.567,0.06,0.202,0.325
0.241,0.298,0.631,0.567,0.567,0.06,0.202,0.325
0.241,0.298,0.631,0.567,0.567,0.06,0.202,0.325
0.241,0.298,0.631,0.567,0.567,0.06,0.202,0.325
0.241,0.298,0.631,0.567,0.567,0.06,0.202,0.325
0.241,0.298,0.631,0.567,0.567,0.06,0.202,0.325
0.241,0.298,0.631,0.567,0.567,0.06,0.202,0.325
0.241,0.298,0.631,0.567,0.567,0.06,0.202,0.325
0.241,0.298,0.631,0.567,0.567,0.06,0.202,0.325
0.241,0.298,0.631,0.567,0.567,0.06,0.202,0.325
0.241,0.298,0.631,0.567,0.567,0.06,0.202,0.325
0.241,0.298,0.631,0.567,0.567,0.06,0.202,0.325
0.241,0.298,0.631,0.567,0.567,0.06,0.202,0.325
0.241,0.298,0.631,0.567,0.567,0.06,0.202,0.325
0.241,0.298,0.631,0.567,0.567,0.06,0.202,0.325
0.241,0.298,0.631,0.567,0.567,0.06,0.202,0.325
0.241,0.298,0.631,0.567,0.567,0.06,0.202,0.325
0.241,0.298,0.631,0.567,0.567,0.06,0.202,0.325
0.241,0.298,0.631,0.567,0.567,0.06,0.202,0.325
0.241,0.298,0.631,0.567,0.567,0.06,0.202,0.325
0.241,0.298,0.631,0.567,0.567,0.06,0.202,0.325
0.241,0.298,0.631,0.567,0.567,0.06,0.202,0.325
0.241,0.298,0.631,0.567,0.567,0.06,0.202,0.325
0.241,0.298,0.631,0.567,0.567,0.06,0.202,0.325
0.241,0.298,0.631,0.567,0.567,0.06,0.202,0.325
0.241,0.298,0.631,0.567,0.567,0.06,0.202,0.325
0.241,0.298,0.631,0.567,0.567,0.06,0.202,0.325
0.241,0.298,0.631,0.567,0.567,0.06,0.202,0.325
0.241,0.298,0.631,0.567,0.567,0.06,0.202,0.325
0.241,0.298,0.631,0.567,0.567,0.06,0.202,0.325
0.241,0.298,0.631,0.567,0.567,0.06,0.202,0.325
0.241,0.298,0.631,0.567,0.567,0.06,0.202,0.325
0.241,0.298,0.631,0.567,0.567,0.06,0.202,0.325
0.241,0.298,0.631,0.567,0.567,0.06,0.202,0.325
0.241,0.298,0.631,0.567,0.567,0.06,0.202,0.325
0.241,0.298,0.631,0.567,0.567,0.06,0.202,0.325
0.241,0.298,0.631,0.567,0.567,0.06,0.202,0.325
0.241,0.298,0.631,0.567,0.567,0.06,0.202,0.325
0.241,0.298,0.631,0.567,0.567,0.06,0.202,0.325
0.241,0.298,0.631,0.567,0.567,0.06,0.202,0.325
0.241,0.298,0.631,0.567,0.567,0.06,0.202,0.325
0.241,0.298,0.631,0.567,0.567,0.06,0.202,0.325
0.241,0.298,0.631,0.567,0.567,0.06,0.202,0.325
0.241,0.298,0.631,0.567,0.567,0.06,0.202,0.325
0.241,0.298,0.631,0.567,0.567,0.06,0.202,0.325
0.241,0.298,0.631,0.567,0.567,0.06,0.202,0.325
0.241,0.298,0.631,0.567,0.567,0.06,0.202,0.325
0.241,0.298,0.631,0.567,0.567,0.06,0.202,0.325
0.241,0.298,0.631,0.567,0.567,0.06,0.202,0.325
0.241,0.298,0.631,0.567,0.567,0.06,0.202,0.325
0.241,0.298,0.631,0.567,0.567,0.06,0.202,0.325
0.241,0.298,0.631,0.567,0.567,0.06,0.202,0.325
0.241,0.298,0.631,0.567,0.567,0.06,0.202,0.325
0.241,0.298,0.631,0.567,0.567,0.06,0.202,0.325
0.241,0.298,0.631,0.567,0.567,0.06,0.202,0.325
0.241,0.298,0.631,0.567,0.567,0.06,0.202,0.325
0.241,0.298,0.631,0.567,0.567,0.06,0.202,0.325
0.241,0.298,0.631,0.567,0.567,0.06,0.202,0.325
0.241,0.298,0.631,0.567,0.567,0.06,0.202,0.325
0.241,0.298,0.631,0.567,0.567,0.06,0.202,0.325
0.241,0.298,0.631,0.567,0.567,0.06,0.202,0.325
0.241,0.298,0.631,0.567,0.567,0.06,0.202,0.325
0.241,0.298,0.631,0.567,0.567,0.06,0.202,0.325
0.241,0.298,0.631,0.567,0.567,0.06,0.202,0.325
0.241,0.298,0.631,0.567,0.567,0.06,0.202,0.325
0.241,0.298,0.631,0.567,0.567,0.06,0.202,0.325
0.241,0.298,0.631,0.567,0.567,0.06,0.202,0.325
0.241,0.298,0.631,0.567,0.567,0.06,0.202,0.325
0.241,0.298,0.631,0.567,0.567,0.06,0.202,0.325
0.241,0.298,0.631,0.567,0.567,0.06,0.202,0.325
0.241,0.298,0.631,0.567,0.567,0.06,0.202,0.325
0.241,0.298,0.631,0.567,0.567,0.06,0.202,0.325
0.241,0.298,0.631,0.567,0.567,0.06,0.202,0.325
0.241,0.298,0.631,0.567,0.567,0.06,0.202,0.325
0.241,0.298,0.631,0.567,0.567,0.06,0.202,0.325
0.241,0.298,0.631,0.567,0.567,0.06,0.202,0.325
0.241,0.298,0.631,0.567,0.567,0.06,0.202,0.325
0.241,0.298,0.631,0.567,0.567,0.06,0.202,0.325
0.241,0.298,0.631,0.567,0.567,0.06,0.202,0.325
0.241,0.298,0.631,0.567,0.567,0.06,0.202,0.325
0.241,0.298,0.631,0.567,0.567,0.06,0.202,0.325
0.241,0.298,0.631,0.567,0.567,0.06,0.202,0.325
0.241,0.298,0.631,0.567,0.567,0.06,0.202,0.325
0.241,0.298,0.631,0.567,0.567,0.06,0.202,0.325
0.241,0.298,0.631,0.567,0.567,0.06,0.202,0.325
0.241,0.298,0.631,0.567,0.567,0.06,0.202,0.325
0.241,0.298,0.631,0.567,0.567,0.06,0.202,0.325
0.241,0.298,0.631,0.567,0.567,0.06,0.202,0.325
0.241,0.298,0.631,0.567,0.567,0.06,0.202,0.325
0.241,0.298,0.631,0.567,0.567,0.06,0.202,0.325
0.241,0.298,0.631,0.567,0.567,0.06,0.202,0.325
0.241,0.298,0.631,0.567,0.567,0.06,0.202,0.325
0.241,0.298,0.631,0.567,0.567,0.06,0.202,0.325
0.241,0.298,0.631,0.567,0.567,0.06,0.202,0.325
0.241,0.298,0.631,0.567,0.567,0.06,0.202,0.325
0.241,0.298,0.631,0.567,0.567,0.06,0.202,0.325
0.241,0.298,0.631,0.567,0.567,0.06,0.202,0.325
0.241,0.298,0.631,0.567,0.567,0.06,0.202,0.325
0.241,0.298,0.631,0.567,0.567,0.06,0.202,0.325
0.241,0.298,0.631,0.567,0.567,0.06,0.202,0.325
0.241,0.298,0.631,0.567,0.567,0.06,0.202,0.325
0.241,0.298,0.631,0.567,0.567,0.06,0.202,0.325
0.241,0.298,0.631,0.567,0.567,0.06,0.202,0.325
0.241,0.298,0.631,0.567,0.567,0.06,0.202,0.325
0.241,0.298,0.631,0.567,0.567,0.06,0.202,0.325
0.241,0.298,0.631,0.567,0.567,0.06,0.202,0.325
0.241,0.298,0.631,0.567,0.567,0.06,0.202,0.325
0.241,0.298,0.631,0.567,0.567,0.06,0.202,0.325
0.241,0.298,0.631,0.567,0.567,0.06,0.202,0.325
0.241,0.298,0.631,0.567,0.567,0.06,0.202,0.325
0.241,0.298,0.631,0.567,0.567,0.06,0.202,0.325
0.241,0.298,0.631,0.567,0.567,0.06,0.202,0.325
0.241,0.298,0.631,0.567,0.567,0.06,0.202,0.325
0.241,0.298,0.631,0.567,0.567,0.06,0.202,0.325
0.241,0.298,0.631,0.567,0.567,0.06,0.202,0.325
0.241,0.298,0.631,0.567,0.567,0.06,0.202,0.325
0.241,0.298,0.631,0.567,0.567,0.06,0.202,0.325
0.241,0.298,0.631,0.567,0.567,0.06,0.202,0.325
0.241,0.298,0.631,0.567,0.567,0.06,0.202,0.325
0.241,0.298,0.631,0.567,0.567,0.06,0.202,0.325
0.241,0.298,0.631,0.567,0.567,0.06,0.202,0.325
0.241,0.298,0.631,0.567,0.567,0.06,0.202,0.325
0.241,0.298,0.631,0.567,0.567,0.06,0.202,0.325
0.241,0.298,0.631,0.567,0.567,0.06,0.202,0.325
0.241,0.298,0.631,0.567,0.567,0.06,0.202,0.325
0.241,0.298,0.631,0.567,0.567,0.06,0.202,0.325
0.241,0.298,0.631,0.567,0.567,0.06,0.202,0.325
0.241,0.298,0.631,0.567,0.567,0.06,0.202,0.325
0.241,0.298,0.631,0.567,0.567,0.06,0.202,0.325
0.241,0.298,0.631,0.567,0.567,0.06,0.202,0.325
0.241,0.298,0.631,0.567,0.567,0.06,0.202,0.325
0.241,0.298,0.631,0.567,0.567,0.06,0.202,0.325
0.241,0.298,0.631,0.567,0.567,0.06,0.202,0.325
0.241,0.298,0.631,0.567,0.567,0.06,0.202,0.325
0.241,0.298,0.631,0.567,0.567,0.06,0.202,0.325
0.241,0.298,0.631,0.567,0.567,0.06,0.202,0.325
0.241,0.298,0.631,0.567,0.567,0.06,0.202,0.325
0.241,0.298,0.631,0.567,0.567,0.06,0.202,0.325
0.241,0.298,0.631,0.567,0.567,0.06,0.202,0.325
0.241,0.298,0.631,0.567,0.567,0.06,0.202,0.325
0.241,0.298,0.631,0.567,0.567,0.06,0.202,0.325
0.241,0.298,0.631,0.567,0.567,0.06,0.202,0.325
0.241,0.298,0.631,0.567,0.567,0.06,0.202,0.325
0.241,0.298,0.631,0.567,0.567,0.06,0.202,0.325
0.241,0.298,0.631,0.567,0.567,0.06,0.202,0.325
0.241,0.298,0.631,0.567,0.567,0.06,0.202,0.325
0.241,0.298,0.631,0.567,0.567,0.06,0.202,0.325
0.241,0.298,0.631,0.567,0.567,0.06,0.202,0.325
0.241,0.298,0.631,0.567,0.567,0.06,0.202,0.325
0.241,0.298,0.631,0.567,0.567,0.06,0.202,0.325
0.241,0.298,0.631,0.567,0.567,0.06,0.202,0.325
0.241,0.298,0.631,0.567,0.567,0.06,0.202,0.325
0.241,0.298,0.631,0.567,0.567,0.06,0.202,0.325
0.241,0.298,0.631,0.567,0.567,0.06,0.202,0.325
0.241,0.298,0.631,0.567,0.567,0.06,0.202,0.325
0.241,0.298,0.631,0.567,0.567,0.06,0.202,0.325
0.241,0.298,0.631,0.567,0.567,0.06,0.202,0.325
0.241,0.298,0.631,0.567,0.567,0.06,0.202,0.325
0.241,0.298,0.631,0.567,0.567,0.06,0.202,0.325
0.241,0.298,0.631,0.567,0.567,0.06,0.202,0.325
0.241,0.298,0.631,0.567,0.567,0.06,0.202,0.325
0.241,0.298,0.631,0.567,0.567,0.06,0.202,0.325
0.241,0.298,0.631,0.567,0.567,0.06,0.202,0.325
0.241,0.298,0.631,0.567,0.567,0.06,0.202,0.325
0.241,0.298,0.631,0.567,0.567,0.06,0.202,0.325
0.241,0.298,0.631,0.567,0.567,0.06,0.202,0.325
0.241,0.298,0.631,0.567,0.567,0.06,0.202,0.325
0.241,0.298,0.631,0.567,0.567,0.06,0.202,0.325
0.241,0.298,0.631,0.567,0.567,0.06,0.202,0.325
0.241,0.298,0.631,0.567,0.567,0.06,0.202,0.325
0.241,0.298,0.631,0.567,0.567,0.06,0.202,0.325
0.241,0.298,0.631,0.567,0.567,0.06,0.202,0.325
0.241,0.298,0.631,0.567,0.567,0.06,0.202,0.325
0.241,0.298,0.631,0.567,0.567,0.06,0.202,0.325
0.241,0.298,0.631,0.567,0.567,0.06,0.202,0.325
0.241,0.298,0.631,0.567,0.567,0.06,0.202,0.325
0.241,0.298,0.631,0.567,0.567,0.06,0.202,0.325
0.241,0.298,0.631,0.567,0.567,0.06,0.202,0.325
0.241,0.298,0.631,0.567,0.567,0.06,0.202,0.325
0.241,0.298,0.631,0.567,0.567,0.06,0.202,0.325
0.241,0.298,0.631,0.567,0.567,0.06,0.202,0.325
0.241,0.298,0.631,0.567,0.567,0.06,0.202,0.325
0.241,0.298,0.631,0.567,0.567,0.06,0.202,0.325
0.241,0.298,0.631,0.567,0.567,0.06,0.202,0.325
0.241,0.298,0.631,0.567,0.567,0.06,0.202,0.325
0.241,0.298,0.631,0.567,0.567,0.06,0.202,0.325
0.241,0.298,0.631,0.567,0.567,0.06,0.202,0.325
0.241,0.298,0.631,0.567,0.567,0.06,0.202,0.325
0.241,0.298,0.631,0.567,0.567,0.06,0.202,0.325
0.241,0.298,0.631,0.567,0.567,0.06,0.202,0.325
0.241,0.298,0.631,0.567,0.567,0.06,0.202,0.325
0.241,0.298,0.631,0.567,0.567,0.06,0.202,0.325
0.241,0.298,0.631,0.567,0.567,0.06,0.202,0.325
0.241,0.298,0.631,0.567,0.567,0.06,0.202,0.325
0.241,0.298,0.631,0.567,0.567,0.06,0.202,0.325
0.241,0.298,0.631,0.567,0.567,0.06,0.202,0.325
0.241,0.298,0.631,0.567,0.567,0.06,0.202,0.325
0.241,0.298,0.631,0.567,0.567,0.06,0.202,0.325
0.241,0.298,0.631,0.567,0.567,0.06,0.202,0.325
0.241,0.298,0.631,0.567,0.567,0.06,0.202,0.325
0.241,0.298,0.631,0.567,0.567,0.06,0.202,0.325
0.241,0.298,0.631,0.567,0.567,0.06,0.202,0.325
0.241,0.298,0.631,0.567,0.567,0.06,0.202,0.325
0.241,0.298,0.631,0.567,0.567,0.06,0.202,0.325
0.241,0.298,0.631,0.567,0.567,0.06,0.202,0.325
0.241,0.298,0.631,0.567,0.567,0.06,0.202,0.325
0.241,0.298,0.631,0.567,0.567,0.06,0.202,0.325
0.241,0.298,0.631,0.567,0.567,0.06,0.202,0.325
0.241,0.298,0.631,0.567,0.567,0.06,0.202,0.325
0.241,0.298,0.631,0.567,0.567,0.06,0.202,0.325
0.241,0.298,0.631,0.567,0.567,0.06,0.202,0.325
0.241,0.298,0.631,0.567,0.567,0.06,0.202,0.325
0.241,0.298,0.631,0.567,0.567,0.06,0.202,0.325
0.241,0.298,0.631,0.567,0.567,0.06,0.202,0.325
0.241,0.298,0.631,0.567,0.567,0.06,0.202,0.325
0.241,0.298,0.631,0.567,0.567,0.06,0.202,0.325
0.241,0.298,0.631,0.567,0.567,0.06,0.202,0.325
0.241,0.298,0.631,0.567,0.567,0.06,0.202,0.325
0.241,0.298,0.631,0.567,0.567,0.06,0.202,0.325
0.241,0.298,0.631,0.567,0.567,0.06,0.202,0.325
0.241,0.298,0.631,0.567,0.567,0.06,0.202,0.325
0.241,0.298,0.631,0.567,0.567,0.06,0.202,0.325
0.241,0.298,0.631,0.567,0.567,0.06,0.202,0.325
0.241,0.298,0.631,0.567,0.567,0.06,0.202,0.325
0.241,0.298,0.631,0.567,0.567,0.06,0.202,0.325
0.241,0.298,0.631,0.567,0.567,0.06,0.202,0.325
0.241,0.298,0.631,0.567,0.567,0.06,0.202,0.325
0.241,0.298,0.631,0.567,0.567,0.06,0.202,0.325
0.241,0.298,0.631,0.567,0.567,0.06,0.202,0.325
0.241,0.298,0.631,0.567,0.567,0.06,0.202,0.325
0.241,0.298,0.631,0.567,0.567,0.06,0.202,0.325
0.241,0.298,0.631,0.567,0.567,0.06,0.202,0.325
0.241,0.298,0.631,0.567,0.567,0.06,0.202,0.325
0.241,0.298,0.631,0.567,0.567,0.06,0.202,0.325
0.241,0.298,0.631,0.567,0.567,0.06,0.202,0.325
0.241,0.298,0.631,0.567,0.567,0.06,0.202,0.325
0.241,0.298,0.631,0.567,0.567,0.06,0.202,0.325
0.241,0.298,0.631,0.567,0.567,0.06,0.202,0.325
0.241,0.298,0.631,0.567,0.567,0.06,0.202,0.325
0.241,0.298,0.631,0.567,0.567,0.06,0.202,0.325
0.241,0.298,0.631,0.567,0.567,0.06,0.202,0.325
0.241,0.298,0.631,0.567,0.567,0.06,0.202,0.325
0.241,0.298,0.631,0.567,0.567,0.06,0.202,0.325
0.241,0.298,0.631,0.567,0.567,0.06,0.202,0.325
0.241,0.298,0.631,0.567,0.567,0.06,0.202,0.325
0.241,0.298,0.631,0.567,0.567,0.06,0.202,0.325
0.241,0.298,0.631,0.567,0.567,0.06,0.202,0.325
0.241,0.298,0.631,0.567,0.567,0.06,0.202,0.325
0.241,0.298,0.631,0.567,0.567,0.06,0.202,0.325
0.241,0.298,0.631,0.567,0.567,0.06,0.202,0.325
0.241,0.298,0.631,0.567,0.567,0.06,0.202,0.325
0.241,0.298,0.631,0.567,0.567,0.06,0.202,0.325
0.241,0.298,0.631,0.567,0.567,0.06,0.202,0.325
0.241,0.298,0.631,0.567,0.567,0.06,0.202,0.325
0.241,0.298,0.631,0.567,0.567,0.06,0.202,0.325
0.241,0.298,0.631,0.567,0.567,0.06,0.202,0.325
0.241,0.298,0.631,0.567,0.567,0.06,0.202,0.325
0.241,0.298,0.631,0.567,0.567,0.06,0.202,0.325
0.241,0.298,0.631,0.567,0.567,0.06,0.202,0.325
0.241,0.298,0.631,0.567,0.567,0.06,0.202,0.325
0.241,0.298,0.631,0.567,0.567,0.06,0.202,0.325
0.241,0.298,0.631,0.567,0.567,0.06,0.202,0.325
0.241,0.298,0.631,0.567,0.567,0.06,0.202,0.325
0.241,0.298,0.631,0.567,0.567,0.06,0.202,0.325
0.241,0.298,0.631,0.567,0.567,0.06,0.202,0.325
0.241,0.298,0.631,0.567,0.567,0.06,0.202,0.325
0.241,0.298,0.631,0.567,0.567,0.06,0.202,0.325
0.241,0.298,0.631,0.567,0.567,0.06,0.202,0.325
0.241,0.298,0.631,0.567,0.567,0.06,0.202,0.325
0.241,0.298,0.631,0.567,0.567,0.06,0.202,0.325
0.241,0.298,0.631,0.567,0.567,0.06,0.202,0.325
0.241,0.298,0.631,0.567,0.567,0.06,0.202,0.325
0.241,0.298,0.631,0.567,0.567,0.06,0.202,0.325
0.241,0.298,0.631,0.567,0.567,0.06,0.202,0.325
0.241,0.298,0.631,0.567,0.567,0.06,0.202,0.325
0.241,0.298,0.631,0.567,0.567,0.06,0.202,0.325
0.241,0.298,0.631,0.567,0.567,0.06,0.202,0.325
0.241,0.298,0.631,0.567,0.567,0.06,0.202,0.325
0.241,0.298,0.631,0.567,0.567,0.06,0.202,0.325
0.241,0.298,0.631,0.567,0.567,0.06,0.202,0.325
0.241,0.298,0.631,0.567,0.567,0.06,0.202,0.325
0.241,0.298,0.631,0.567,0.567,0.06,0.202,0.325
0.241,0.298,0.631,0.567,0.567,0.06,0.202,0.325
0.241,0.298,0.631,0.567,0.567,0.06,0.202,0.325
0.241,0.298,0.631,0.567,0.567,0.06,0.202,0.325
0.241,0.298,0.631,0.567,0.567,0.06,0.202,0.325
0.241,0.298,0.631,0.567,0.567,0.06,0.202,0.325
0.241,0.298,0.631,0.567,0.567,0.06,0.202,0.325
0.241,0.298,0.631,0.567,0.567,0.06,0.202,0.325
0.241,0.298,0.631,0.567,0.567,0.06,0.202,0.325
0.241,0.298,0.631,0.567,0.567,0.06,0.202,0.325
0.241,0.298,0.631,0.567,0.567,0.06,0.202,0.325
0.241,0.298,0.631,0.567,0.567,0.06,0.202,0.325
0.241,0.298,0.631,0.567,0.567,0.06,0.202,0.325
0.241,0.298,0.631,0.567,0.567,0.06,0.202,0.325
0.241,0.298,0.631,0.567,0.567,0.06,0.202,0.325
0.241,0.298,0.631,0.567,0.567,0.06,0.202,0.325
0.241,0.298,0.631,0.567,0.567,0.06,0.202,0.325
0.241,0.298,0.631,0.567,0.567,0.06,0.202,0.325
0.241,0.298,0.631,0.567,0.567,0.06,0.202,0.325
0.241,0.298,0.631,0.567,0.567,0.06,0.202,0.325
0.241,0.298,0.631,0.567,0.567,0.06,0.202,0.325
0.241,0.298,0.631,0.567,0.567,0.06,0.202,0.325
0.241,0.298,0.631,0.567,0.567,0.06,0.202,0.325
0.241,0.298,0.631,0.567,0.567,0.06,0.202,0.325
0.241,0.298,0.631,0.567,0.567,0.06,0.202,0.325
0.241,0.298,0.631,0.567,0.567,0.06,0.202,0.325
0.241,0.298,0.631,0.567,0.567,0.06,0.202,0.325
0.241,0.298,0.631,0.567,0.567,0.06,0.202,0.325
0.241,0.298,0.631,0.567,0.567,0.06,0.202,0.325
0.241,0.298,0.631,0.567,0.567,0.06,0.202,0.325
0.241,0.298,0.631,0.567,0.567,0.06,0.202,0.325
0.241,0.298,0.631,0.567,0.567,0.06,0.202,0.325
0.241,0.298,0.631,0.567,0.567,0.06,0.202,0.325
0.241,0.298,0.631,0.567,0.567,0.06,0.202,0.325
0.241,0.298,0.631,0.567,0.567,0.06,0.202,0.325
0.241,0.298,0.631,0.567,0.567,0.06,0.202,0.325
0.241,0.298,0.631,0.567,0.567,0.06,0.202,0.325
0.241,0.298,0.631,0.567,0.567,0.06,0.202,0.325
0.241,0.298,0.631,0.567,0.567,0.06,0.202,0.325
0.241,0.298,0.631,0.567,0.567,0.06,0.202,0.325
0.241,0.298,0.631,0.567,0.567,0.06,0.202,0.325
0.241,0.298,0.631,0.567,0.567,0.06,0.202,0.325
0.241,0.298,0.631,0.567,0.567,0.06,0.202,0.325
0.241,0.298,0.631,0.567,0.567,0.06,0.202,0.325
0.241,0.298,0.631,0.567,0.567,0.06,0.202,0.325
0.241,0.298,0.631,0.567,0.567,0.06,0.202,0.325
0.241,0.298,0.631,0.567,0.567,0.06,0.202,0.325
0.241,0.298,0.631,0.567,0.567,0.06,0.202,0.325
0.241,0.298,0.631,0.567,0.567,0.06,0.202,0.325
0.241,0.298,0.631,0.567,0.567,0.06,0.202,0.325
0.241,0.298,0.631,0.567,0.567,0.06,0.202,0.325
0.241,0.298,0.631,0.567,0.567,0.06,0.202,0.325
0.241,0.298,0.631,0.567,0.567,0.06,0.202,0.325
0.241,0.298,0.631,0.567,0.567,0.06,0.202,0.325
0.241,0.298,0.631,0.567,0.567,0.06,0.202,0.325
0.241,0.298,0.631,0.567,0.567,0.06,0.202,0.325
0.241,0.298,0.631,0.567,0.567,0.06,0.202,0.325
0.241,0.298,0.631,0.567,0.567,0.06,0.202,0.325
0.241,0.298,0.631,0.567,0.567,0.06,0.202,0.325
0.241,0.298,0.631,0.567,0.567,0.06,0.202,0.325
0.241,0.298,0.631,0.567,0.567,0.06,0.202,0.325
0.241,0.298,0.631,0.567,0.567,0.06,0.202,0.325
0.241,0.298,0.631,0.567,0.567,0.06,0.202,0.325
0.241,0.298,0.631,0.567,0.567,0.06,0.202,0.325
0.241,0.298,0.631,0.567,0.567,0.06,0.202,0.325
0.241,0.298,0.631,0.567,0.567,0.06,0.202,0.325
0.241,0.298,0.631,0.567,0.567,0.06,0.202,0.325
0.241,0.298,0.631,0.567,0.567,0.06,0.202,0.325
0.241,0.298,0.631,0.567,0.567,0.06,0.202,0.325
0.241,0.298,0.631,0.567,0.567,0.06,0.202,0.325
0.241,0.298,0.631,0.567,0.567,0.06,0.202,0.325
0.241,0.298,0.631,0.567,0.567,0.06,0.202,0.325
0.241,0.298,0.631,0.567,0.567,0.06,0.202,0.325
0.241,0.298,0.631,0.567,0.567,0.06,0.202,0.325
0.241,0.298,0.631,0.567,0.567,0.06,0.202,0.325
0.241,0.298,0.631,0.567,0.567,0.06,0.202,0.325
0.241,0.298,0.631,0.567,0.567,0.06,0.202,0.325
0.241,0.298,0.631,0.567,0.567,0.06,0.202,0.325
0.241,0.298,0.631,0.567,0.567,0.06,0.202,0.325
0.241,0.298,0.631,0.567,0.567,0.06,0.202,0.325
0.241,0.298,0.631,0.567,0.567,0.06,0.202,0.325
0.241,0.298,0.631,0.567,0.567,0.06,0.202,0.325
0.241,0.298,0.631,0.567,0.567,0.06,0.202,0.325
0.241,0.298,0.631,0.567,0.567,0.06,0.202,0.325
0.241,0.298,0.631,0.567,0.567,0.06,0.202,0.325
0.241,0.298,0.631,0.567,0.567,0.06,0.202,0.325
0.241,0.298,0.631,0.567,0.567,0.06,0.202,0.325
0.241,0.298,0.631,0.567,0.567,0.06,0.202,0.325
0.241,0.298,0.631,0.567,0.567,0.06,0.202,0.325
0.241,0.298,0.631,0.567,0.567,0.06,0.202,0.325
0.241,0.298,0.631,0.567,0.567,0.06,0.202,0.325
0.241,0.298,0.631,0.567,0.567,0.06,0.202,0.325
0.241,0.298,0.631,0.567,0.567,0.06,0.202,0.325
0.241,0.298,0.631,0.567,0.567,0.06,0.202,0.325
0.241,0.298,0.631,0.567,0.567,0.06,0.202,0.325
0.241,0.298,0.631,0.567,0.567,0.06,0.202,0.325
0.241,0.298,0.631,0.567,0.567,0.06,0.202,0.325
0.241,0.298,0.631,0.567,0.567,0.06,0.202,0.325
0.241,0.298,0.631,0.567,0.567,0.06,0.202,0.325
0.241,0.298,0.631,0.567,0.567,0.06,0.202,0.325
0.241,0.298,0.631,0.567,0.567,0.06,0.202,0.325
0.241,0.298,0.631,0.567,0.567,0.06,0.202,0.325
0.241,0.298,0.631,0.567,0.567,0.06,0.202,0.325
0.241,0.298,0.631,0.567,0.567,0.06,0.202,0.325
0.241,0.298,0.631,0.567,0.567,0.06,0.202,0.325
0.241,0.298,0.631,0.567,0.567,0.06,0.202,0.325
0.241,0.298,0.631,0.567,0.567,0.06,0.202,0.325
0.241,0.298,0.631,0.567,0.567,0.06,0.202,0.325
0.241,0.298,0.631,0.567,0.567,0.06,0.202,0.325
0.241,0.298,0.631,0.567,0.567,0.06,0.202,0.325
0.241,0.298,0.631,0.567,0.567,0.06,0.202,0.325
0.241,0.298,0.631,0.567,0.567,0.06,0.202,0.325
0.241,0.298,0.631,0.567,0.567,0.06,0.202,0.325
0.241,0.298,0.631,0.567,0.567,0.06,0.202,0.325
0.241,0.298,0.631,0.567,0.567,0.06,0.202,0.325
0.241,0.298,0.631,0.567,0.567,0.06,0.202,0.325
0.241,0.298,0.631,0.567,0.567,0.06,0.202,0.325
0.241,0.298,0.631,0.567,0.567,0.06,0.202,0.325
0.241,0.298,0.631,0.567,0.567,0.06,0.202,0.325
0.241,0.298,0.631,0.567,0.567,0.06,0.202,0.325
0.241,0.298,0.631,0.567,0.567,0.06,0.202,0.325
0.241,0.298,0.631,0.567,0.567,0.06,0.202,0.325
0.241,0.298,0.631,0.567,0.567,0.06,0.202,0.325
0.241,0.298,0.631,0.567,0.567,0.06,0.202,0.325
0.241,0.298,0.631,0.567,0.567,0.06,0.202,0.325
0.241,0.298,0.631,0.567,0.567,0.06,0.202,0.325
0.241,0.298,0.631,0.567,0.567,0.06,0.202,0.325
0.241,0.298,0.631,0.567,0.567,0.06,0.202,0.325
0.241,0.298,0.631,0.567,0.567,0.06,0.202,0.325
0.241,0.298,0.631,0.567,0.567,0.06,0.202,0.325
0.241,0.298,0.631,0.567,0.567,0.06,0.202,0.325
0.241,0.298,0.631,0.567,0.567,0.06,0.202,0.325
0.241,0.298,0.631,0.567,0.567,0.06,0.202,0.325
0.241,0.298,0.631,0.567,0.567,0.06,0.202,0.325
0.241,0.298,0.631,0.567,0.567,0.06,0.202,0.325
0.241,0.298,0.631,0.567,0.567,0.06,0.202,0.325
0.241,0.298,0.631,0.567,0.567,0.06,0.202,0.325
0.241,0.298,0.631,0.567,0.567,0.06,0.202,0.325
0.241,0.298,0.631,0.567,0.567,0.06,0.202,0.325
0.241,0.298,0.631,0.567,0.567,0.06,0.202,0.325
0.241,0.298,0.631,0.567,0.567,0.06,0.202,0.325
0.241,0.298,0.631,0.567,0.567,0.06,0.202,0.325
0.241,0.298,0.631,0.567,0.567,0.06,0.202,0.325
0.241,0.298,0.631,0.567,0.567,0.06,0.202,0.325
0.241,0.298,0.631,0.567,0.567,0.06,0.202,0.325
0.241,0.298,0.631,0.567,0.567,0.06,0.202,0.325
0.241,0.298,0.631,0.567,0.567,0.06,0.202,0.325
0.241,0.298,0.631,0.567,0.567,0.06,0.202,0.325
0.241,0.298,0.631,0.567,0.567,0.06,0.202,0.325
0.241,0.298,0.631,0.567,0.567,0.06,0.202,0.325
0.241,0.298,0.631,0.567,0.567,0.06,0.202,0.325
0.241,0.298,0.631,0.567,0.567,0.06,0.202,0.325
0.241,0.298,0.631,0.567,0.567,0.06,0.202,0.325
0.241,0.298,0.631,0.567,0.567,0.06,0.202,0.325
0.241,0.298,0.631,0.567,0.567,0.06,0.202,0.325
0.241,0.298,0.631,0.567,0.567,0.06,0.202,0.325
0.241,0.298,0.631,0.567,0.567,0.06,0.202,0.325
0.241,0.298,0.631,0.567,0.567,0.06,0.202,0.325
0.241,0.298,0.631,0.567,0.567,0.06,0.202,0.325
0.241,0.298,0.631,0.567,0.567,0.06,0.202,0.325
0.241,0.298,0.631,0.567,0.567,0.06,0.202,0.325
0.241,0.298,0.631,0.567,0.567,0.06,0.202,0.325
0.241,0.298,0.631,0.567,0.567,0.06,0.202,0.325
0.241,0.298,0.631,0.567,0.567,0.06,0.202,0.325
0.241,0.298,0.631,0.567,0.567,0.06,0.202,0.325
0.241,0.298,0.631,0.567,0.567,0.06,0.202,0.325
