S1_D0902,S2_D0902,S3_D0902,S4_D0902,S5_D0902,S6_D0902,S7_D0902,S8_D0902
0.297,0.396,0.647,0.419,0.475,0.081,0.276,0.284
0.297,0.396,0.647,0.419,0.475,0.081,0.276,0.284
0.297,0.396,0.647,0.419,0.475,0.081,0.275,0.284
0.297,0.396,0.647,0.418,0.475,0.081,0.276,0.284
0.297,0.396,0.647,0.418,0.475,0.081,0.276,0.284
0.297,0.396,0.647,0.418,0.475,0.081,0.276,0.284
0.297,0.396,0.647,0.418,0.475,0.081,0.275,0.284
0.297,0.396,0.647,0.418,0.475,0.081,0.275,0.284
0.297,0.396,0.647,0.418,0.475,0.081,0.275,0.284
0.297,0.396,0.647,0.418,0.475,0.081,0.275,0.284
0.297,0.396,0.647,0.418,0.475,0.081,0.275,0.284
0.297,0.396,0.647,0.418,0.475,0.081,0.275,0.284
0.297,0.396,0.647,0.418,0.475,0.081,0.275,0.284
0.297,0.396,0.647,0.418,0.475,0.081,0.275,0.284
0.297,0.396,0.647,0.418,0.475,0.081,0.275,0.284
0.297,0.396,0.647,0.418,0.475,0.081,0.275,0.284
0.297,0.396,0.646,0.418,0.475,0.081,0.275,0.284
0.297,0.396,0.647,0.418,0.475,0.081,0.275,0.284
0.297,0.396,0.646,0.418,0.475,0.081,0.275,0.284
0.297,0.396,0.646,0.418,0.475,0.081,0.275,0.284
0.297,0.396,0.646,0.418,0.475,0.081,0.275,0.284
0.297,0.396,0.646,0.418,0.475,0.081,0.275,0.284
0.297,0.395,0.646,0.418,0.475,0.081,0.275,0.284
0.297,0.395,0.646,0.418,0.475,0.081,0.275,0.284
0.297,0.395,0.646,0.418,0.475,0.081,0.275,0.284
0.297,0.396,0.646,0.417,0.475,0.081,0.275,0.284
0.297,0.396,0.646,0.417,0.475,0.081,0.275,0.284
0.297,0.396,0.646,0.417,0.475,0.081,0.275,0.284
0.297,0.396,0.646,0.417,0.475,0.081,0.275,0.284
0.297,0.396,0.646,0.417,0.474,0.081,0.275,0.284
0.297,0.396,0.646,0.417,0.474,0.081,0.275,0.284
0.297,0.396,0.646,0.417,0.474,0.081,0.275,0.284
0.297,0.396,0.646,0.417,0.474,0.081,0.275,0.284
0.297,0.396,0.646,0.417,0.474,0.081,0.275,0.283
0.297,0.396,0.646,0.417,0.474,0.081,0.275,0.283
0.297,0.396,0.646,0.417,0.474,0.081,0.275,0.283
0.297,0.396,0.646,0.417,0.474,0.081,0.275,0.284
0.297,0.395,0.646,0.417,0.474,0.081,0.275,0.283
0.297,0.395,0.645,0.417,0.474,0.081,0.275,0.283
0.297,0.395,0.645,0.417,0.474,0.081,0.275,0.284
0.297,0.396,0.645,0.417,0.474,0.081,0.275,0.284
0.297,0.396,0.645,0.417,0.474,0.081,0.275,0.284
0.297,0.395,0.645,0.417,0.474,0.081,0.275,0.283
0.297,0.395,0.645,0.417,0.474,0.081,0.275,0.283
0.297,0.396,0.645,0.417,0.474,0.081,0.275,0.283
0.297,0.396,0.645,0.417,0.474,0.081,0.275,0.283
0.297,0.395,0.645,0.417,0.474,0.081,0.274,0.283
0.297,0.396,0.645,0.417,0.474,0.081,0.274,0.283
0.297,0.396,0.645,0.416,0.474,0.081,0.275,0.283
0.297,0.396,0.645,0.417,0.474,0.081,0.274,0.283
0.297,0.396,0.645,0.417,0.474,0.081,0.275,0.283
0.297,0.396,0.645,0.417,0.474,0.081,0.274,0.283
0.296,0.396,0.644,0.417,0.474,0.081,0.274,0.283
0.296,0.396,0.644,0.417,0.473,0.081,0.274,0.283
0.297,0.396,0.644,0.416,0.473,0.081,0.274,0.283
0.296,0.396,0.644,0.416,0.473,0.081,0.275,0.283
0.296,0.395,0.644,0.416,0.473,0.081,0.275,0.283
0.297,0.395,0.644,0.416,0.473,0.081,0.274,0.283
0.296,0.395,0.644,0.416,0.473,0.081,0.274,0.283
0.297,0.395,0.644,0.416,0.473,0.081,0.274,0.283
0.296,0.395,0.644,0.416,0.473,0.081,0.274,0.283
0.296,0.395,0.644,0.416,0.473,0.081,0.274,0.283
0.296,0.395,0.644,0.416,0.473,0.081,0.274,0.283
0.296,0.395,0.644,0.416,0.473,0.081,0.274,0.283
0.296,0.395,0.644,0.416,0.473,0.081,0.274,0.283
0.296,0.395,0.644,0.416,0.473,0.081,0.274,0.283
0.296,0.395,0.644,0.416,0.473,0.081,0.274,0.283
0.296,0.395,0.644,0.416,0.473,0.081,0.274,0.283
0.296,0.395,0.644,0.416,0.473,0.081,0.274,0.283
0.296,0.395,0.644,0.416,0.473,0.081,0.274,0.282
0.296,0.395,0.644,0.416,0.473,0.081,0.274,0.282
0.296,0.395,0.644,0.416,0.473,0.081,0.274,0.283
0.296,0.395,0.644,0.416,0.473,0.081,0.274,0.282
0.296,0.395,0.644,0.416,0.473,0.081,0.274,0.282
0.296,0.395,0.644,0.416,0.473,0.081,0.274,0.283
0.296,0.395,0.644,0.416,0.473,0.081,0.274,0.283
0.296,0.395,0.644,0.416,0.473,0.081,0.274,0.282
0.296,0.395,0.644,0.416,0.473,0.081,0.274,0.282
0.296,0.395,0.644,0.416,0.473,0.081,0.274,0.283
0.296,0.395,0.644,0.416,0.473,0.081,0.274,0.283
0.296,0.395,0.643,0.416,0.473,0.081,0.274,0.283
0.296,0.395,0.643,0.416,0.473,0.081,0.274,0.283
0.296,0.395,0.643,0.416,0.473,0.081,0.274,0.283
0.296,0.395,0.643,0.416,0.473,0.081,0.274,0.282
0.296,0.395,0.643,0.416,0.473,0.081,0.274,0.283
0.296,0.395,0.643,0.416,0.473,0.081,0.274,0.283
0.296,0.395,0.643,0.416,0.473,0.081,0.274,0.283
0.296,0.395,0.643,0.416,0.473,0.081,0.274,0.283
0.296,0.395,0.643,0.416,0.473,0.081,0.274,0.283
0.296,0.395,0.643,0.416,0.473,0.081,0.274,0.283
0.296,0.395,0.643,0.416,0.473,0.081,0.273,0.283
0.296,0.395,0.643,0.416,0.473,0.081,0.274,0.283
0.296,0.395,0.643,0.416,0.473,0.081,0.274,0.283
0.296,0.395,0.643,0.416,0.473,0.081,0.274,0.283
0.296,0.395,0.643,0.416,0.473,0.081,0.274,0.283
0.296,0.395,0.643,0.416,0.473,0.081,0.273,0.283
0.296,0.395,0.642,0.416,0.472,0.081,0.273,0.283
0.296,0.394,0.642,0.416,0.473,0.081,0.273,0.283
0.296,0.394,0.642,0.416,0.473,0.081,0.273,0.283
0.296,0.394,0.642,0.416,0.473,0.081,0.273,0.283
0.296,0.394,0.642,0.415,0.473,0.081,0.274,0.283
0.296,0.394,0.642,0.415,0.473,0.081,0.273,0.283
0.296,0.394,0.642,0.415,0.472,0.081,0.273,0.283
0.296,0.394,0.642,0.415,0.473,0.081,0.273,0.283
0.296,0.394,0.642,0.416,0.473,0.081,0.273,0.283
0.296,0.394,0.642,0.415,0.472,0.081,0.273,0.283
0.296,0.394,0.642,0.415,0.473,0.081,0.273,0.283
0.296,0.394,0.642,0.415,0.472,0.081,0.273,0.283
0.296,0.394,0.642,0.415,0.472,0.081,0.273,0.283
0.296,0.394,0.642,0.415,0.472,0.081,0.273,0.283
0.296,0.394,0.642,0.415,0.472,0.081,0.273,0.283
0.296,0.394,0.642,0.415,0.472,0.081,0.273,0.283
0.296,0.394,0.641,0.415,0.472,0.081,0.273,0.283
0.296,0.394,0.642,0.415,0.472,0.081,0.273,0.283
0.296,0.394,0.642,0.415,0.472,0.081,0.273,0.283
0.296,0.394,0.641,0.415,0.472,0.081,0.273,0.283
0.296,0.394,0.641,0.415,0.472,0.081,0.273,0.283
0.295,0.394,0.641,0.415,0.472,0.081,0.273,0.283
0.296,0.394,0.641,0.415,0.472,0.081,0.273,0.283
0.296,0.394,0.641,0.415,0.472,0.081,0.273,0.283
0.296,0.394,0.641,0.414,0.472,0.081,0.273,0.283
0.296,0.394,0.641,0.414,0.472,0.081,0.273,0.283
0.296,0.394,0.641,0.414,0.472,0.081,0.273,0.283
0.296,0.394,0.641,0.414,0.472,0.081,0.273,0.283
0.296,0.394,0.641,0.414,0.472,0.081,0.273,0.283
0.296,0.394,0.641,0.414,0.472,0.081,0.273,0.283
0.295,0.394,0.641,0.414,0.472,0.081,0.273,0.283
0.296,0.394,0.641,0.415,0.473,0.081,0.273,0.283
0.296,0.395,0.641,0.415,0.473,0.081,0.273,0.283
0.296,0.394,0.641,0.415,0.473,0.081,0.273,0.283
0.296,0.394,0.642,0.414,0.473,0.081,0.273,0.283
0.296,0.394,0.641,0.415,0.473,0.081,0.273,0.283
0.296,0.394,0.641,0.415,0.473,0.081,0.273,0.283
0.296,0.394,0.641,0.415,0.473,0.081,0.273,0.283
0.296,0.394,0.641,0.415,0.473,0.081,0.273,0.283
0.296,0.394,0.641,0.415,0.473,0.081,0.273,0.283
0.296,0.394,0.641,0.416,0.473,0.081,0.273,0.283
0.296,0.395,0.641,0.416,0.473,0.081,0.273,0.283
0.296,0.395,0.641,0.416,0.473,0.081,0.273,0.283
0.296,0.395,0.641,0.417,0.473,0.081,0.273,0.283
0.296,0.395,0.641,0.417,0.473,0.081,0.273,0.283
0.296,0.396,0.641,0.417,0.473,0.081,0.273,0.283
0.296,0.396,0.641,0.418,0.473,0.081,0.273,0.284
0.296,0.396,0.641,0.418,0.473,0.081,0.273,0.284
0.296,0.397,0.641,0.419,0.474,0.081,0.273,0.284
0.296,0.397,0.641,0.419,0.474,0.081,0.273,0.284
0.296,0.397,0.641,0.419,0.474,0.081,0.273,0.285
0.296,0.398,0.641,0.42,0.474,0.081,0.273,0.285
0.296,0.398,0.641,0.421,0.474,0.081,0.273,0.285
0.296,0.399,0.641,0.421,0.475,0.081,0.273,0.286
0.296,0.399,0.641,0.422,0.475,0.081,0.273,0.286
0.296,0.4,0.641,0.422,0.475,0.081,0.273,0.287
0.296,0.4,0.641,0.423,0.475,0.081,0.273,0.287
0.296,0.401,0.641,0.423,0.476,0.081,0.273,0.287
0.296,0.401,0.641,0.424,0.476,0.081,0.273,0.288
0.296,0.402,0.641,0.425,0.476,0.081,0.273,0.288
0.296,0.402,0.641,0.425,0.476,0.081,0.273,0.289
0.297,0.403,0.641,0.426,0.477,0.081,0.273,0.29
0.297,0.404,0.641,0.427,0.477,0.081,0.273,0.29
0.297,0.404,0.641,0.427,0.477,0.081,0.273,0.291
0.297,0.405,0.641,0.428,0.477,0.081,0.273,0.291
0.297,0.406,0.641,0.429,0.478,0.081,0.273,0.292
0.297,0.406,0.641,0.429,0.478,0.081,0.273,0.292
0.297,0.407,0.641,0.43,0.478,0.081,0.273,0.293
0.297,0.408,0.641,0.431,0.479,0.081,0.273,0.294
0.297,0.408,0.641,0.431,0.479,0.081,0.273,0.294
0.297,0.409,0.641,0.432,0.48,0.081,0.273,0.295
0.298,0.409,0.641,0.433,0.48,0.081,0.273,0.295
0.298,0.41,0.641,0.434,0.48,0.081,0.273,0.296
0.298,0.411,0.641,0.435,0.481,0.081,0.272,0.297
0.298,0.411,0.641,0.436,0.481,0.081,0.273,0.297
0.298,0.412,0.641,0.436,0.482,0.081,0.273,0.298
0.298,0.413,0.641,0.438,0.482,0.081,0.273,0.299
0.298,0.413,0.642,0.439,0.483,0.081,0.273,0.299
0.298,0.414,0.642,0.44,0.483,0.081,0.273,0.3
0.299,0.414,0.642,0.441,0.484,0.081,0.273,0.301
0.299,0.415,0.642,0.443,0.484,0.081,0.273,0.301
0.299,0.416,0.642,0.444,0.485,0.081,0.273,0.302
0.299,0.417,0.642,0.445,0.485,0.081,0.273,0.303
0.299,0.417,0.642,0.446,0.486,0.081,0.273,0.304
0.299,0.419,0.642,0.447,0.487,0.081,0.273,0.305
0.299,0.42,0.642,0.449,0.487,0.081,0.273,0.306
0.3,0.422,0.642,0.45,0.488,0.081,0.273,0.307
0.3,0.424,0.642,0.451,0.489,0.081,0.273,0.308
0.3,0.426,0.642,0.453,0.489,0.081,0.273,0.31
0.3,0.429,0.642,0.455,0.49,0.081,0.273,0.311
0.301,0.433,0.642,0.456,0.491,0.081,0.273,0.313
0.301,0.436,0.643,0.458,0.492,0.081,0.273,0.314
0.301,0.44,0.643,0.461,0.492,0.081,0.273,0.315
0.301,0.444,0.643,0.464,0.493,0.082,0.273,0.317
0.302,0.449,0.643,0.466,0.494,0.082,0.273,0.318
0.302,0.453,0.644,0.469,0.495,0.081,0.273,0.32
0.302,0.457,0.644,0.472,0.497,0.082,0.273,0.321
0.302,0.461,0.644,0.475,0.498,0.082,0.273,0.322
0.303,0.465,0.645,0.477,0.499,0.082,0.273,0.323
0.303,0.468,0.645,0.48,0.501,0.082,0.273,0.324
0.303,0.472,0.645,0.482,0.503,0.082,0.273,0.326
0.303,0.475,0.646,0.485,0.505,0.082,0.273,0.327
0.304,0.478,0.646,0.487,0.506,0.082,0.273,0.328
0.304,0.482,0.646,0.489,0.508,0.082,0.274,0.33
0.304,0.485,0.647,0.491,0.51,0.082,0.273,0.331
0.304,0.488,0.647,0.493,0.511,0.082,0.274,0.332
0.305,0.492,0.647,0.495,0.512,0.082,0.273,0.333
0.305,0.496,0.648,0.496,0.514,0.082,0.274,0.335
0.305,0.5,0.648,0.498,0.515,0.082,0.274,0.336
0.305,0.505,0.648,0.499,0.516,0.082,0.274,0.337
0.306,0.509,0.649,0.501,0.518,0.083,0.274,0.339
0.306,0.514,0.649,0.503,0.52,0.083,0.274,0.34
0.307,0.518,0.65,0.505,0.521,0.083,0.274,0.341
0.307,0.523,0.65,0.508,0.524,0.083,0.274,0.343
0.307,0.527,0.651,0.51,0.526,0.083,0.274,0.344
0.308,0.532,0.651,0.512,0.528,0.083,0.274,0.345
0.308,0.536,0.652,0.514,0.53,0.083,0.275,0.346
0.308,0.54,0.653,0.517,0.532,0.083,0.275,0.347
0.309,0.543,0.653,0.519,0.534,0.083,0.275,0.348
0.309,0.547,0.653,0.521,0.536,0.083,0.275,0.349
0.309,0.55,0.654,0.523,0.538,0.084,0.275,0.35
0.31,0.553,0.654,0.525,0.54,0.084,0.275,0.35
0.31,0.555,0.655,0.527,0.541,0.084,0.275,0.351
0.31,0.558,0.655,0.529,0.543,0.084,0.275,0.353
0.311,0.561,0.656,0.53,0.544,0.084,0.275,0.354
0.311,0.565,0.656,0.532,0.546,0.084,0.275,0.355
0.312,0.569,0.657,0.533,0.547,0.084,0.275,0.356
0.312,0.573,0.657,0.535,0.549,0.085,0.276,0.357
0.313,0.577,0.658,0.537,0.551,0.085,0.276,0.358
0.313,0.581,0.658,0.538,0.553,0.085,0.276,0.359
0.314,0.584,0.659,0.539,0.555,0.085,0.276,0.359
0.314,0.588,0.659,0.542,0.556,0.085,0.276,0.36
0.314,0.593,0.66,0.542,0.558,0.085,0.276,0.362
0.314,0.602,0.661,0.544,0.561,0.085,0.277,0.366
0.314,0.612,0.662,0.553,0.568,0.086,0.277,0.379
0.315,0.626,0.663,0.561,0.579,0.086,0.277,0.395
0.316,0.643,0.664,0.57,0.588,0.087,0.278,0.41
0.316,0.675,0.666,0.575,0.6,0.088,0.278,0.423
0.317,0.711,0.667,0.585,0.615,0.089,0.278,0.435
0.318,0.749,0.669,0.594,0.631,0.09,0.278,0.446
0.319,0.789,0.671,0.599,0.646,0.091,0.278,0.455
0.32,0.829,0.672,0.608,0.659,0.091,0.279,0.465
0.321,0.873,0.674,0.614,0.673,0.092,0.279,0.476
0.323,0.913,0.676,0.624,0.685,0.093,0.278,0.483
0.324,0.947,0.678,0.631,0.696,0.094,0.278,0.491
0.326,0.979,0.68,0.64,0.708,0.095,0.278,0.499
0.327,1.009,0.682,0.647,0.72,0.096,0.278,0.508
0.329,1.036,0.685,0.655,0.73,0.097,0.278,0.516
0.33,1.063,0.686,0.661,0.741,0.098,0.278,0.524
0.332,1.088,0.688,0.669,0.751,0.099,0.278,0.531
0.333,1.112,0.69,0.679,0.762,0.1,0.278,0.539
0.335,1.134,0.692,0.684,0.771,0.102,0.278,0.546
0.337,1.156,0.694,0.692,0.781,0.103,0.277,0.553
0.338,1.176,0.696,0.701,0.791,0.104,0.277,0.56
0.34,1.195,0.698,0.707,0.8,0.105,0.277,0.566
0.342,1.213,0.701,0.716,0.809,0.107,0.277,0.574
0.344,1.228,0.703,0.721,0.818,0.108,0.277,0.58
0.345,1.244,0.705,0.727,0.827,0.109,0.277,0.587
0.347,1.258,0.707,0.734,0.835,0.11,0.277,0.592
0.349,1.272,0.709,0.744,0.844,0.111,0.277,0.598
0.351,1.285,0.712,0.75,0.852,0.113,0.277,0.605
0.353,1.299,0.714,0.755,0.86,0.114,0.277,0.611
0.354,1.312,0.716,0.762,0.868,0.115,0.277,0.618
0.356,1.325,0.718,0.77,0.877,0.117,0.277,0.624
0.358,1.338,0.72,0.777,0.885,0.118,0.277,0.63
0.36,1.349,0.723,0.783,0.893,0.119,0.278,0.637
0.362,1.361,0.725,0.79,0.901,0.121,0.278,0.642
0.364,1.372,0.727,0.796,0.909,0.122,0.278,0.649
0.366,1.382,0.73,0.803,0.916,0.123,0.278,0.655
0.368,1.392,0.732,0.813,0.925,0.125,0.279,0.661
0.37,1.402,0.734,0.818,0.932,0.126,0.279,0.666
0.373,1.411,0.737,0.827,0.94,0.128,0.279,0.672
0.375,1.42,0.739,0.834,0.947,0.129,0.279,0.678
0.377,1.429,0.741,0.844,0.955,0.131,0.28,0.684
0.379,1.438,0.744,0.848,0.963,0.132,0.28,0.691
0.381,1.446,0.746,0.859,0.97,0.134,0.28,0.697
0.384,1.454,0.749,0.867,0.977,0.135,0.281,0.703
0.386,1.462,0.751,0.874,0.985,0.137,0.281,0.709
0.388,1.47,0.753,0.882,0.992,0.138,0.282,0.716
0.391,1.478,0.756,0.889,1.0,0.14,0.282,0.721
0.393,1.485,0.758,0.896,1.007,0.142,0.283,0.727
0.395,1.492,0.761,0.904,1.014,0.143,0.283,0.734
0.398,1.5,0.763,0.912,1.021,0.145,0.284,0.74
0.4,1.506,0.765,0.92,1.029,0.146,0.285,0.746
0.403,1.513,0.768,0.928,1.036,0.148,0.285,0.751
0.405,1.52,0.77,0.935,1.043,0.15,0.286,0.758
0.408,1.527,0.773,0.942,1.05,0.151,0.286,0.764
0.41,1.533,0.775,0.949,1.057,0.153,0.287,0.769
0.413,1.539,0.777,0.956,1.064,0.155,0.288,0.775
0.415,1.546,0.78,0.963,1.071,0.157,0.288,0.781
0.418,1.552,0.782,0.97,1.078,0.159,0.289,0.787
0.42,1.558,0.784,0.977,1.085,0.16,0.29,0.793
0.422,1.564,0.787,0.985,1.092,0.162,0.29,0.799
0.425,1.57,0.789,0.992,1.098,0.164,0.291,0.805
0.428,1.576,0.792,0.999,1.105,0.166,0.291,0.811
0.43,1.582,0.794,1.006,1.112,0.168,0.292,0.817
0.433,1.587,0.796,1.013,1.119,0.17,0.293,0.823
0.435,1.593,0.799,1.019,1.125,0.172,0.294,0.829
0.438,1.599,0.801,1.027,1.132,0.174,0.294,0.834
0.44,1.605,0.804,1.033,1.139,0.176,0.295,0.84
0.443,1.61,0.806,1.04,1.146,0.178,0.296,0.846
0.446,1.616,0.808,1.047,1.153,0.179,0.296,0.852
0.448,1.621,0.811,1.054,1.159,0.182,0.297,0.858
0.451,1.626,0.813,1.061,1.166,0.184,0.297,0.863
0.453,1.632,0.816,1.068,1.172,0.186,0.298,0.869
0.456,1.637,0.818,1.074,1.179,0.188,0.299,0.875
0.459,1.642,0.82,1.081,1.185,0.19,0.299,0.881
0.461,1.647,0.823,1.088,1.192,0.192,0.3,0.886
0.464,1.652,0.825,1.095,1.198,0.194,0.301,0.892
0.467,1.657,0.827,1.102,1.205,0.196,0.301,0.897
0.469,1.661,0.829,1.108,1.211,0.198,0.302,0.903
0.472,1.666,0.832,1.115,1.217,0.2,0.303,0.908
0.475,1.67,0.834,1.121,1.224,0.202,0.304,0.914
0.477,1.674,0.836,1.128,1.23,0.205,0.304,0.919
0.48,1.679,0.839,1.134,1.236,0.207,0.305,0.925
0.482,1.683,0.841,1.14,1.242,0.209,0.305,0.93
0.485,1.687,0.843,1.146,1.248,0.211,0.306,0.935
0.488,1.691,0.846,1.152,1.254,0.213,0.307,0.941
0.491,1.695,0.848,1.159,1.26,0.215,0.308,0.946
0.493,1.699,0.851,1.164,1.266,0.217,0.308,0.951
0.496,1.703,0.853,1.17,1.272,0.219,0.309,0.956
0.498,1.707,0.855,1.176,1.278,0.221,0.31,0.961
0.501,1.71,0.857,1.182,1.284,0.224,0.31,0.966
0.504,1.714,0.86,1.188,1.29,0.226,0.311,0.971
0.506,1.717,0.862,1.194,1.295,0.228,0.312,0.976
0.509,1.721,0.864,1.199,1.301,0.23,0.312,0.981
0.512,1.724,0.866,1.205,1.307,0.232,0.313,0.986
0.514,1.728,0.869,1.21,1.312,0.234,0.313,0.991
0.517,1.731,0.871,1.216,1.317,0.236,0.314,0.996
0.52,1.734,0.873,1.222,1.323,0.238,0.315,1.001
0.522,1.737,0.875,1.227,1.329,0.24,0.315,1.006
0.525,1.74,0.878,1.232,1.334,0.243,0.316,1.01
0.528,1.743,0.88,1.238,1.339,0.245,0.317,1.015
0.53,1.747,0.882,1.243,1.345,0.247,0.318,1.02
0.533,1.75,0.885,1.248,1.35,0.249,0.318,1.025
0.536,1.753,0.887,1.253,1.355,0.251,0.319,1.029
0.538,1.756,0.889,1.258,1.36,0.253,0.319,1.034
0.541,1.759,0.891,1.263,1.366,0.255,0.32,1.038
0.544,1.762,0.894,1.268,1.371,0.257,0.321,1.043
0.547,1.765,0.896,1.273,1.376,0.259,0.321,1.048
0.55,1.767,0.898,1.278,1.381,0.261,0.322,1.052
0.552,1.77,0.9,1.282,1.385,0.263,0.323,1.057
0.555,1.773,0.902,1.287,1.391,0.265,0.323,1.061
0.558,1.776,0.905,1.291,1.396,0.268,0.324,1.065
0.56,1.778,0.907,1.296,1.4,0.27,0.325,1.069
0.563,1.782,0.909,1.301,1.405,0.272,0.325,1.074
0.566,1.784,0.911,1.305,1.41,0.274,0.326,1.078
0.569,1.787,0.913,1.31,1.415,0.276,0.327,1.082
0.571,1.79,0.916,1.314,1.419,0.278,0.327,1.087
0.574,1.792,0.918,1.318,1.424,0.28,0.328,1.091
0.577,1.795,0.92,1.323,1.429,0.282,0.329,1.095
0.58,1.797,0.922,1.327,1.433,0.284,0.329,1.099
0.582,1.8,0.925,1.331,1.438,0.286,0.33,1.103
0.585,1.803,0.927,1.335,1.442,0.288,0.33,1.107
0.588,1.805,0.929,1.339,1.447,0.29,0.331,1.111
0.59,1.808,0.931,1.343,1.451,0.292,0.332,1.115
0.593,1.81,0.933,1.347,1.456,0.294,0.332,1.118
0.596,1.812,0.935,1.352,1.46,0.297,0.333,1.122
0.599,1.814,0.938,1.355,1.464,0.299,0.334,1.126
0.601,1.817,0.94,1.359,1.468,0.301,0.334,1.13
0.604,1.819,0.942,1.363,1.473,0.302,0.335,1.134
0.607,1.822,0.944,1.367,1.477,0.305,0.336,1.137
0.61,1.824,0.946,1.371,1.481,0.307,0.336,1.141
0.613,1.826,0.948,1.374,1.485,0.309,0.337,1.145
0.615,1.829,0.95,1.378,1.489,0.311,0.338,1.148
0.618,1.831,0.952,1.382,1.493,0.313,0.338,1.152
0.621,1.833,0.954,1.385,1.497,0.315,0.339,1.155
0.623,1.835,0.957,1.389,1.501,0.317,0.339,1.159
0.626,1.838,0.959,1.392,1.505,0.319,0.34,1.162
0.629,1.84,0.961,1.396,1.509,0.321,0.341,1.166
0.632,1.842,0.963,1.4,1.513,0.323,0.341,1.169
0.635,1.844,0.965,1.403,1.517,0.325,0.342,1.172
0.637,1.846,0.967,1.406,1.52,0.327,0.343,1.176
0.64,1.848,0.97,1.409,1.524,0.329,0.343,1.179
0.643,1.85,0.972,1.413,1.528,0.331,0.344,1.182
0.646,1.853,0.974,1.416,1.531,0.333,0.344,1.185
0.649,1.854,0.976,1.419,1.535,0.335,0.345,1.188
0.651,1.857,0.978,1.422,1.538,0.337,0.346,1.191
0.654,1.859,0.98,1.425,1.542,0.338,0.346,1.195
0.657,1.861,0.982,1.428,1.545,0.34,0.347,1.197
0.66,1.862,0.984,1.431,1.549,0.342,0.348,1.2
0.662,1.865,0.986,1.434,1.552,0.344,0.348,1.203
0.665,1.866,0.988,1.437,1.556,0.346,0.349,1.206
0.668,1.868,0.99,1.44,1.559,0.348,0.349,1.209
0.671,1.87,0.992,1.442,1.562,0.35,0.35,1.212
0.674,1.872,0.994,1.445,1.565,0.352,0.351,1.214
0.676,1.874,0.996,1.448,1.568,0.354,0.351,1.217
0.679,1.876,0.998,1.45,1.571,0.356,0.352,1.219
0.682,1.878,1.0,1.453,1.575,0.358,0.353,1.222
0.685,1.879,1.003,1.455,1.578,0.359,0.353,1.224
0.687,1.881,1.004,1.458,1.581,0.361,0.354,1.227
0.69,1.883,1.006,1.46,1.584,0.363,0.354,1.229
0.693,1.885,1.008,1.463,1.586,0.365,0.355,1.232
0.696,1.886,1.01,1.465,1.589,0.367,0.356,1.234
0.699,1.888,1.012,1.468,1.592,0.369,0.356,1.237
0.701,1.89,1.015,1.47,1.595,0.37,0.357,1.238
0.704,1.892,1.016,1.473,1.598,0.372,0.357,1.241
0.707,1.893,1.018,1.475,1.6,0.374,0.358,1.243
0.71,1.895,1.02,1.477,1.603,0.376,0.359,1.245
0.713,1.897,1.022,1.479,1.606,0.378,0.359,1.247
0.715,1.898,1.024,1.481,1.608,0.379,0.36,1.249
0.718,1.9,1.026,1.483,1.611,0.381,0.36,1.251
0.721,1.902,1.028,1.486,1.614,0.383,0.361,1.253
0.724,1.903,1.03,1.487,1.616,0.385,0.361,1.255
0.726,1.905,1.032,1.49,1.619,0.387,0.362,1.257
0.729,1.907,1.034,1.492,1.621,0.388,0.363,1.259
0.732,1.909,1.036,1.494,1.624,0.39,0.363,1.26
0.735,1.909,1.038,1.496,1.626,0.392,0.364,1.262
0.737,1.911,1.04,1.498,1.628,0.394,0.365,1.263
0.74,1.913,1.042,1.499,1.63,0.395,0.365,1.265
0.743,1.914,1.044,1.501,1.633,0.397,0.366,1.266
0.746,1.916,1.045,1.503,1.635,0.399,0.366,1.268
0.748,1.917,1.047,1.505,1.637,0.4,0.367,1.269
0.751,1.918,1.049,1.507,1.639,0.402,0.367,1.271
0.754,1.92,1.051,1.509,1.642,0.404,0.368,1.272
0.757,1.921,1.053,1.51,1.644,0.405,0.368,1.274
0.759,1.923,1.055,1.512,1.646,0.407,0.369,1.275
0.762,1.923,1.056,1.514,1.648,0.408,0.369,1.276
0.765,1.925,1.059,1.515,1.65,0.41,0.37,1.277
0.767,1.926,1.06,1.517,1.652,0.412,0.371,1.278
0.77,1.928,1.062,1.519,1.654,0.413,0.371,1.279
0.773,1.929,1.064,1.52,1.656,0.415,0.372,1.28
0.776,1.93,1.066,1.521,1.658,0.417,0.373,1.281
0.778,1.931,1.068,1.523,1.659,0.418,0.373,1.282
0.781,1.932,1.07,1.524,1.661,0.42,0.374,1.283
0.784,1.934,1.071,1.526,1.663,0.421,0.374,1.284
0.787,1.935,1.073,1.527,1.665,0.423,0.375,1.285
0.789,1.936,1.075,1.528,1.666,0.424,0.375,1.286
0.792,1.937,1.077,1.53,1.668,0.426,0.376,1.286
0.795,1.938,1.078,1.531,1.669,0.427,0.376,1.287
0.797,1.939,1.08,1.533,1.671,0.429,0.377,1.288
0.8,1.94,1.082,1.534,1.673,0.43,0.377,1.289
0.803,1.941,1.084,1.535,1.674,0.431,0.378,1.289
0.805,1.941,1.085,1.536,1.676,0.433,0.378,1.289
0.808,1.942,1.087,1.538,1.677,0.434,0.379,1.29
0.811,1.943,1.089,1.539,1.679,0.436,0.38,1.291
0.813,1.945,1.091,1.54,1.68,0.437,0.38,1.291
0.816,1.945,1.093,1.541,1.681,0.438,0.381,1.292
0.819,1.946,1.094,1.543,1.683,0.44,0.381,1.292
0.821,1.946,1.096,1.543,1.684,0.441,0.382,1.292
0.824,1.947,1.097,1.545,1.686,0.443,0.382,1.293
0.826,1.948,1.099,1.546,1.687,0.444,0.383,1.293
0.829,1.947,1.096,1.541,1.681,0.443,0.382,1.289
0.829,1.941,1.098,1.542,1.683,0.444,0.382,1.289
0.831,1.942,1.099,1.543,1.684,0.446,0.383,1.289
0.834,1.942,1.101,1.544,1.685,0.447,0.383,1.289
0.836,1.942,1.103,1.545,1.686,0.448,0.384,1.289
0.839,1.943,1.105,1.546,1.687,0.45,0.384,1.29
0.841,1.943,1.106,1.546,1.689,0.451,0.385,1.29
0.844,1.944,1.108,1.548,1.689,0.452,0.386,1.29
0.846,1.944,1.11,1.548,1.691,0.453,0.386,1.29
0.849,1.945,1.111,1.549,1.691,0.454,0.387,1.291
0.851,1.945,1.113,1.55,1.692,0.455,0.387,1.291
0.854,1.945,1.114,1.551,1.693,0.456,0.387,1.291
0.856,1.945,1.116,1.552,1.694,0.457,0.388,1.291
0.859,1.945,1.118,1.553,1.696,0.459,0.388,1.291
0.861,1.946,1.119,1.554,1.697,0.46,0.389,1.291
0.864,1.946,1.121,1.555,1.697,0.461,0.39,1.291
0.866,1.946,1.122,1.556,1.698,0.462,0.39,1.292
0.869,1.947,1.124,1.557,1.7,0.463,0.391,1.292
0.871,1.947,1.125,1.558,1.7,0.464,0.391,1.292
0.874,1.947,1.127,1.559,1.701,0.465,0.391,1.292
0.876,1.947,1.129,1.56,1.702,0.466,0.392,1.292
0.879,1.947,1.13,1.561,1.703,0.467,0.392,1.292
0.881,1.947,1.131,1.561,1.704,0.468,0.393,1.292
0.884,1.947,1.133,1.562,1.705,0.469,0.393,1.292
0.886,1.948,1.135,1.563,1.705,0.47,0.394,1.292
0.888,1.947,1.136,1.564,1.706,0.471,0.395,1.292
0.891,1.947,1.137,1.565,1.707,0.472,0.395,1.292
0.893,1.947,1.139,1.566,1.708,0.473,0.395,1.292
0.896,1.947,1.141,1.567,1.709,0.473,0.396,1.292
0.898,1.947,1.142,1.567,1.709,0.475,0.396,1.291
0.9,1.947,1.144,1.568,1.71,0.475,0.397,1.292
0.903,1.947,1.145,1.569,1.711,0.476,0.397,1.292
0.905,1.946,1.146,1.57,1.711,0.477,0.398,1.291
0.908,1.946,1.148,1.571,1.712,0.478,0.398,1.291
0.91,1.946,1.15,1.572,1.713,0.479,0.399,1.291
0.912,1.946,1.151,1.572,1.713,0.48,0.399,1.291
0.914,1.945,1.152,1.572,1.714,0.48,0.399,1.291
0.917,1.945,1.154,1.574,1.714,0.481,0.4,1.29
0.919,1.945,1.155,1.574,1.715,0.482,0.4,1.29
0.921,1.945,1.157,1.575,1.716,0.483,0.401,1.29
0.924,1.944,1.158,1.576,1.716,0.484,0.401,1.29
0.926,1.943,1.159,1.576,1.716,0.484,0.402,1.289
0.928,1.943,1.161,1.576,1.717,0.485,0.402,1.289
0.93,1.942,1.162,1.577,1.718,0.486,0.403,1.289
0.932,1.942,1.164,1.578,1.718,0.487,0.403,1.289
0.935,1.942,1.165,1.579,1.719,0.487,0.403,1.288
0.937,1.94,1.166,1.579,1.719,0.488,0.404,1.289
0.939,1.941,1.168,1.58,1.72,0.489,0.404,1.288
0.941,1.939,1.169,1.581,1.72,0.489,0.405,1.288
0.943,1.939,1.171,1.581,1.721,0.49,0.405,1.287
0.946,1.939,1.172,1.582,1.721,0.491,0.406,1.287
0.948,1.938,1.173,1.582,1.722,0.492,0.406,1.286
0.95,1.937,1.175,1.583,1.722,0.492,0.406,1.286
0.952,1.936,1.176,1.583,1.722,0.493,0.407,1.286
0.954,1.935,1.177,1.584,1.722,0.493,0.407,1.286
0.957,1.934,1.179,1.585,1.723,0.494,0.408,1.285
0.958,1.933,1.18,1.585,1.723,0.495,0.408,1.285
0.961,1.933,1.182,1.586,1.724,0.495,0.409,1.285
0.963,1.932,1.183,1.586,1.724,0.496,0.409,1.284
0.965,1.931,1.184,1.587,1.724,0.496,0.409,1.284
0.967,1.93,1.186,1.587,1.725,0.497,0.41,1.284
0.969,1.928,1.187,1.587,1.724,0.497,0.41,1.283
0.971,1.928,1.188,1.588,1.725,0.498,0.411,1.283
0.973,1.927,1.189,1.588,1.726,0.498,0.411,1.283
0.975,1.926,1.191,1.589,1.726,0.499,0.412,1.282
0.977,1.925,1.192,1.59,1.726,0.499,0.412,1.282
0.979,1.923,1.193,1.59,1.726,0.499,0.412,1.281
0.981,1.923,1.195,1.59,1.726,0.5,0.413,1.281
0.983,1.922,1.196,1.591,1.726,0.5,0.413,1.28
0.985,1.92,1.197,1.591,1.727,0.501,0.414,1.28
0.987,1.92,1.198,1.591,1.727,0.501,0.414,1.279
0.989,1.918,1.2,1.592,1.727,0.502,0.414,1.279
0.991,1.917,1.201,1.592,1.727,0.502,0.415,1.278
0.993,1.915,1.202,1.592,1.727,0.503,0.415,1.278
0.995,1.914,1.204,1.593,1.728,0.503,0.415,1.277
0.997,1.913,1.205,1.593,1.727,0.503,0.416,1.277
0.998,1.912,1.206,1.593,1.728,0.504,0.416,1.276
1.0,1.91,1.207,1.594,1.727,0.504,0.416,1.276
1.002,1.909,1.209,1.594,1.727,0.504,0.417,1.275
1.004,1.908,1.21,1.595,1.728,0.504,0.417,1.274
1.006,1.907,1.211,1.595,1.728,0.505,0.418,1.274
1.008,1.905,1.212,1.595,1.728,0.505,0.418,1.273
1.01,1.904,1.214,1.595,1.728,0.505,0.418,1.272
1.011,1.902,1.214,1.595,1.728,0.505,0.419,1.272
1.013,1.901,1.216,1.596,1.728,0.505,0.419,1.271
1.015,1.9,1.217,1.596,1.728,0.506,0.42,1.271
1.017,1.898,1.218,1.596,1.728,0.506,0.42,1.27
1.019,1.897,1.22,1.597,1.728,0.506,0.42,1.27
1.02,1.895,1.221,1.597,1.728,0.506,0.421,1.269
1.022,1.894,1.222,1.597,1.727,0.506,0.421,1.268
1.024,1.893,1.223,1.597,1.728,0.507,0.422,1.268
1.025,1.891,1.225,1.598,1.727,0.507,0.422,1.267
1.027,1.89,1.226,1.598,1.728,0.507,0.422,1.266
1.029,1.888,1.227,1.598,1.727,0.507,0.423,1.266
1.031,1.887,1.228,1.598,1.728,0.507,0.423,1.265
1.032,1.885,1.23,1.599,1.728,0.507,0.423,1.264
1.034,1.884,1.231,1.599,1.727,0.507,0.424,1.264
1.036,1.882,1.232,1.599,1.728,0.507,0.424,1.263
1.037,1.881,1.233,1.6,1.728,0.507,0.424,1.263
1.039,1.879,1.234,1.6,1.727,0.507,0.425,1.262
1.04,1.878,1.235,1.6,1.727,0.507,0.425,1.261
1.042,1.877,1.236,1.6,1.727,0.508,0.425,1.261
1.044,1.874,1.237,1.6,1.727,0.508,0.426,1.26
1.045,1.873,1.239,1.601,1.727,0.507,0.426,1.26
1.047,1.872,1.24,1.601,1.726,0.507,0.427,1.259
1.048,1.87,1.241,1.601,1.726,0.507,0.427,1.258
1.05,1.868,1.242,1.601,1.727,0.507,0.427,1.257
1.052,1.867,1.243,1.601,1.726,0.507,0.427,1.257
1.053,1.865,1.244,1.601,1.726,0.507,0.428,1.256
1.054,1.864,1.245,1.601,1.726,0.507,0.428,1.256
1.056,1.862,1.246,1.602,1.726,0.507,0.429,1.255
1.057,1.86,1.247,1.602,1.725,0.507,0.429,1.254
1.059,1.859,1.249,1.602,1.725,0.507,0.429,1.254
1.06,1.857,1.25,1.602,1.725,0.507,0.43,1.253
1.062,1.855,1.251,1.603,1.725,0.507,0.43,1.252
1.063,1.854,1.252,1.603,1.725,0.507,0.43,1.251
1.065,1.852,1.253,1.603,1.725,0.507,0.43,1.251
1.066,1.851,1.255,1.603,1.725,0.506,0.431,1.25
1.068,1.849,1.255,1.603,1.725,0.506,0.431,1.249
1.069,1.847,1.256,1.604,1.724,0.506,0.432,1.249
1.07,1.846,1.257,1.604,1.724,0.506,0.432,1.248
1.072,1.844,1.258,1.604,1.724,0.506,0.432,1.248
1.073,1.843,1.259,1.604,1.724,0.506,0.432,1.247
1.074,1.841,1.261,1.604,1.723,0.506,0.433,1.246
1.076,1.839,1.268,1.611,1.731,0.508,0.435,1.252
1.079,1.842,1.266,1.609,1.729,0.507,0.435,1.25
1.077,1.834,1.263,1.604,1.722,0.505,0.434,1.245
1.082,1.837,1.266,1.606,1.723,0.505,0.434,1.242
1.087,1.843,1.273,1.613,1.73,0.507,0.436,1.247
1.088,1.841,1.274,1.614,1.732,0.507,0.437,1.249
1.088,1.837,1.274,1.613,1.73,0.507,0.437,1.247
1.087,1.832,1.273,1.61,1.727,0.506,0.437,1.246
1.085,1.824,1.269,1.604,1.721,0.504,0.436,1.24
1.089,1.826,1.273,1.607,1.722,0.504,0.436,1.239
1.095,1.832,1.279,1.613,1.729,0.506,0.438,1.243
1.095,1.83,1.28,1.614,1.73,0.506,0.439,1.245
1.096,1.828,1.281,1.613,1.728,0.505,0.439,1.243
1.094,1.822,1.279,1.611,1.726,0.505,0.439,1.242
1.092,1.814,1.276,1.606,1.719,0.502,0.438,1.237
1.097,1.817,1.279,1.607,1.72,0.502,0.438,1.235
1.102,1.822,1.286,1.615,1.727,0.504,0.44,1.239
1.102,1.82,1.287,1.615,1.729,0.505,0.441,1.241
1.103,1.817,1.287,1.614,1.727,0.504,0.441,1.239
1.101,1.812,1.285,1.611,1.724,0.503,0.441,1.238
1.1,1.804,1.282,1.605,1.717,0.501,0.44,1.232
1.104,1.806,1.286,1.608,1.718,0.5,0.44,1.231
1.109,1.812,1.292,1.615,1.726,0.502,0.442,1.235
1.11,1.81,1.293,1.616,1.727,0.503,0.443,1.237
1.11,1.807,1.293,1.615,1.725,0.502,0.443,1.236
1.108,1.801,1.292,1.612,1.722,0.501,0.443,1.234
1.106,1.794,1.288,1.606,1.716,0.499,0.441,1.229
1.111,1.796,1.292,1.608,1.717,0.498,0.442,1.227
1.116,1.802,1.298,1.615,1.724,0.5,0.444,1.231
1.116,1.8,1.299,1.616,1.725,0.501,0.445,1.233
1.116,1.797,1.299,1.615,1.723,0.5,0.445,1.231
1.115,1.791,1.298,1.612,1.72,0.499,0.445,1.23
1.113,1.784,1.294,1.607,1.714,0.496,0.443,1.224
1.116,1.786,1.298,1.609,1.715,0.496,0.444,1.223
1.122,1.792,1.304,1.616,1.721,0.498,0.446,1.228
1.122,1.789,1.305,1.616,1.722,0.498,0.447,1.229
1.122,1.786,1.305,1.615,1.72,0.497,0.447,1.227
1.12,1.781,1.303,1.612,1.718,0.496,0.446,1.225
1.118,1.773,1.301,1.606,1.711,0.494,0.445,1.22
1.122,1.776,1.304,1.609,1.712,0.494,0.445,1.219
1.128,1.781,1.31,1.616,1.72,0.496,0.448,1.224
1.128,1.779,1.311,1.616,1.72,0.495,0.448,1.225
1.128,1.776,1.311,1.615,1.718,0.495,0.449,1.223
1.126,1.77,1.31,1.612,1.715,0.494,0.448,1.222
1.124,1.763,1.307,1.606,1.709,0.492,0.447,1.216
1.128,1.766,1.31,1.609,1.71,0.491,0.447,1.215
1.133,1.771,1.316,1.616,1.717,0.493,0.449,1.219
1.133,1.769,1.317,1.616,1.717,0.493,0.45,1.221
1.133,1.766,1.317,1.615,1.716,0.492,0.45,1.219
1.131,1.759,1.315,1.612,1.713,0.491,0.45,1.218
1.129,1.752,1.312,1.607,1.706,0.489,0.448,1.212
1.134,1.755,1.315,1.609,1.707,0.488,0.449,1.211
1.138,1.761,1.322,1.617,1.715,0.49,0.451,1.216
1.138,1.758,1.323,1.617,1.715,0.49,0.452,1.217
1.138,1.755,1.323,1.615,1.713,0.489,0.452,1.215
1.136,1.749,1.321,1.612,1.71,0.488,0.452,1.213
1.134,1.743,1.318,1.607,1.703,0.486,0.45,1.208
1.138,1.746,1.321,1.609,1.705,0.485,0.45,1.207
1.143,1.75,1.328,1.616,1.712,0.487,0.453,1.211
1.143,1.748,1.328,1.616,1.713,0.487,0.454,1.213
1.143,1.745,1.329,1.615,1.711,0.486,0.447,1.205
1.138,1.735,1.323,1.608,1.702,0.483,0.452,1.204
1.139,1.733,1.324,1.608,1.702,0.482,0.452,1.204
1.14,1.732,1.325,1.607,1.701,0.482,0.452,1.203
1.141,1.731,1.326,1.608,1.701,0.481,0.452,1.202
1.142,1.729,1.327,1.608,1.701,0.481,0.453,1.202
1.142,1.727,1.328,1.608,1.7,0.48,0.453,1.201
1.142,1.725,1.329,1.607,1.699,0.48,0.453,1.2
1.143,1.723,1.329,1.607,1.699,0.479,0.454,1.2
1.144,1.722,1.331,1.607,1.699,0.479,0.454,1.199
1.145,1.721,1.332,1.607,1.698,0.478,0.454,1.198
1.146,1.719,1.333,1.608,1.699,0.478,0.454,1.198
1.145,1.717,1.333,1.607,1.697,0.477,0.455,1.197
1.146,1.715,1.334,1.606,1.696,0.476,0.455,1.196
1.147,1.714,1.335,1.607,1.696,0.476,0.455,1.195
1.147,1.712,1.336,1.607,1.695,0.475,0.455,1.195
1.148,1.711,1.337,1.607,1.695,0.475,0.455,1.194
1.149,1.709,1.338,1.607,1.695,0.474,0.456,1.194
1.15,1.707,1.338,1.606,1.694,0.473,0.456,1.193
1.149,1.705,1.339,1.606,1.693,0.473,0.456,1.192
1.15,1.704,1.34,1.606,1.692,0.472,0.457,1.191
1.15,1.702,1.34,1.606,1.692,0.471,0.457,1.19
1.152,1.701,1.342,1.606,1.692,0.471,0.457,1.19
1.152,1.699,1.342,1.607,1.692,0.47,0.457,1.189
1.152,1.697,1.343,1.606,1.691,0.47,0.458,1.188
1.152,1.695,1.344,1.606,1.69,0.469,0.458,1.188
1.153,1.694,1.345,1.606,1.689,0.468,0.458,1.187
1.154,1.692,1.346,1.605,1.689,0.468,0.458,1.186
1.154,1.691,1.346,1.606,1.688,0.467,0.458,1.185
1.154,1.69,1.348,1.606,1.689,0.466,0.459,1.185
1.155,1.687,1.348,1.605,1.687,0.466,0.459,1.184
1.154,1.685,1.349,1.605,1.687,0.465,0.459,1.183
1.155,1.684,1.349,1.605,1.686,0.465,0.459,1.182
1.156,1.682,1.35,1.604,1.686,0.464,0.459,1.182
1.157,1.681,1.352,1.605,1.685,0.463,0.46,1.181
1.157,1.68,1.352,1.605,1.685,0.463,0.46,1.181
1.157,1.677,1.353,1.605,1.684,0.462,0.46,1.18
1.157,1.675,1.353,1.604,1.683,0.461,0.46,1.179
1.158,1.674,1.354,1.604,1.683,0.461,0.46,1.179
1.158,1.672,1.355,1.604,1.682,0.46,0.461,1.178
1.159,1.671,1.356,1.604,1.682,0.459,0.461,1.177
1.159,1.67,1.357,1.604,1.682,0.459,0.461,1.177
1.159,1.668,1.358,1.604,1.681,0.458,0.462,1.176
1.159,1.666,1.358,1.603,1.68,0.457,0.461,1.175
1.16,1.664,1.359,1.603,1.679,0.457,0.462,1.174
1.16,1.663,1.36,1.603,1.679,0.456,0.462,1.173
1.161,1.662,1.361,1.603,1.679,0.456,0.462,1.173
1.161,1.66,1.362,1.604,1.678,0.455,0.462,1.173
1.161,1.659,1.362,1.603,1.677,0.454,0.463,1.172
1.161,1.656,1.363,1.602,1.676,0.453,0.463,1.171
1.162,1.655,1.363,1.602,1.676,0.453,0.463,1.17
1.162,1.654,1.364,1.602,1.676,0.452,0.463,1.169
1.163,1.653,1.365,1.602,1.676,0.452,0.463,1.169
1.163,1.651,1.366,1.603,1.675,0.451,0.464,1.169
1.163,1.649,1.367,1.603,1.674,0.45,0.464,1.168
1.163,1.647,1.367,1.602,1.673,0.45,0.464,1.167
1.163,1.646,1.368,1.602,1.672,0.449,0.464,1.166
1.164,1.644,1.369,1.602,1.672,0.448,0.464,1.165
1.164,1.643,1.37,1.602,1.671,0.448,0.465,1.164
1.164,1.642,1.371,1.602,1.672,0.447,0.465,1.164
1.164,1.64,1.371,1.601,1.671,0.446,0.465,1.163
1.164,1.638,1.371,1.601,1.669,0.445,0.465,1.162
1.165,1.637,1.372,1.6,1.669,0.445,0.465,1.161
1.165,1.635,1.373,1.601,1.669,0.444,0.466,1.161
1.166,1.634,1.382,1.607,1.675,0.445,0.468,1.165
1.17,1.638,1.38,1.607,1.674,0.444,0.468,1.164
1.17,1.637,1.381,1.607,1.674,0.444,0.468,1.163
1.171,1.636,1.382,1.607,1.673,0.443,0.468,1.162
1.171,1.634,1.382,1.607,1.672,0.443,0.468,1.162
1.171,1.633,1.383,1.607,1.672,0.442,0.468,1.161
1.171,1.631,1.384,1.606,1.672,0.441,0.469,1.161
1.171,1.63,1.385,1.606,1.671,0.44,0.469,1.16
1.172,1.628,1.385,1.606,1.67,0.44,0.469,1.159
1.172,1.627,1.386,1.606,1.67,0.439,0.469,1.158
1.172,1.626,1.387,1.606,1.669,0.439,0.469,1.158
1.172,1.624,1.387,1.606,1.668,0.438,0.47,1.157
1.172,1.623,1.389,1.606,1.668,0.437,0.47,1.157
1.172,1.621,1.389,1.606,1.667,0.437,0.47,1.156
1.173,1.619,1.39,1.605,1.667,0.436,0.47,1.155
1.173,1.618,1.39,1.605,1.666,0.435,0.471,1.155
1.173,1.616,1.391,1.605,1.666,0.435,0.471,1.154
1.173,1.615,1.392,1.605,1.665,0.434,0.471,1.153
1.173,1.614,1.393,1.605,1.665,0.433,0.471,1.153
1.173,1.612,1.393,1.605,1.664,0.433,0.471,1.152
1.173,1.611,1.394,1.605,1.663,0.432,0.471,1.151
1.174,1.61,1.395,1.604,1.663,0.431,0.472,1.151
1.174,1.608,1.396,1.604,1.662,0.431,0.472,1.15
1.174,1.607,1.396,1.604,1.662,0.43,0.472,1.149
1.174,1.605,1.397,1.604,1.661,0.429,0.472,1.148
1.174,1.604,1.398,1.604,1.66,0.429,0.472,1.148
1.174,1.602,1.398,1.603,1.66,0.428,0.473,1.147
1.174,1.601,1.399,1.603,1.659,0.427,0.473,1.146
1.174,1.599,1.4,1.603,1.658,0.427,0.473,1.146
1.174,1.598,1.401,1.603,1.658,0.426,0.473,1.145
1.174,1.597,1.401,1.603,1.658,0.426,0.474,1.144
1.174,1.595,1.402,1.603,1.657,0.425,0.473,1.144
1.175,1.594,1.403,1.603,1.656,0.424,0.474,1.143
1.174,1.593,1.404,1.602,1.656,0.424,0.474,1.143
1.175,1.591,1.404,1.602,1.655,0.423,0.474,1.142
1.175,1.59,1.405,1.602,1.654,0.422,0.474,1.141
1.175,1.589,1.405,1.602,1.654,0.422,0.474,1.14
1.175,1.587,1.406,1.602,1.653,0.421,0.475,1.14
1.175,1.586,1.407,1.602,1.653,0.42,0.475,1.139
1.175,1.584,1.407,1.601,1.652,0.42,0.475,1.139
1.175,1.583,1.408,1.601,1.652,0.419,0.475,1.138
1.175,1.582,1.409,1.601,1.651,0.418,0.476,1.137
1.175,1.58,1.41,1.601,1.65,0.418,0.476,1.136
1.175,1.579,1.41,1.601,1.649,0.417,0.476,1.136
1.175,1.578,1.411,1.601,1.649,0.416,0.476,1.135
1.175,1.576,1.412,1.6,1.649,0.416,0.476,1.135
1.175,1.575,1.413,1.6,1.648,0.415,0.476,1.134
1.175,1.574,1.413,1.6,1.647,0.415,0.476,1.133
1.175,1.573,1.414,1.6,1.647,0.414,0.477,1.133
1.175,1.571,1.415,1.6,1.646,0.413,0.477,1.132
1.175,1.57,1.416,1.6,1.646,0.413,0.477,1.131
1.175,1.569,1.416,1.6,1.645,0.412,0.477,1.13
1.175,1.567,1.417,1.599,1.644,0.411,0.477,1.13
1.175,1.566,1.417,1.599,1.644,0.411,0.478,1.129
1.175,1.565,1.418,1.599,1.643,0.41,0.478,1.129
1.175,1.564,1.419,1.598,1.643,0.41,0.478,1.128
1.175,1.562,1.419,1.599,1.642,0.409,0.478,1.127
1.175,1.561,1.42,1.598,1.641,0.408,0.478,1.126
1.175,1.56,1.42,1.598,1.64,0.407,0.478,1.126
1.175,1.558,1.421,1.598,1.64,0.407,0.479,1.125
1.175,1.557,1.422,1.598,1.64,0.406,0.479,1.125
1.175,1.556,1.422,1.598,1.639,0.406,0.479,1.124
1.175,1.555,1.423,1.597,1.638,0.405,0.479,1.123
1.174,1.553,1.424,1.597,1.638,0.404,0.479,1.123
1.174,1.552,1.424,1.597,1.637,0.404,0.479,1.122
1.174,1.551,1.425,1.597,1.636,0.403,0.48,1.122
1.174,1.549,1.426,1.597,1.636,0.403,0.48,1.121
1.174,1.548,1.426,1.597,1.635,0.402,0.48,1.12
1.174,1.547,1.427,1.597,1.635,0.401,0.48,1.12
1.174,1.546,1.428,1.596,1.634,0.401,0.48,1.119
1.174,1.544,1.428,1.596,1.633,0.4,0.481,1.118
1.174,1.543,1.429,1.596,1.633,0.399,0.481,1.118
1.173,1.542,1.43,1.596,1.632,0.399,0.481,1.117
1.174,1.541,1.43,1.596,1.632,0.398,0.481,1.116
1.173,1.54,1.431,1.595,1.631,0.397,0.481,1.115
1.173,1.538,1.431,1.595,1.63,0.397,0.481,1.115
1.173,1.537,1.432,1.595,1.629,0.396,0.481,1.114
1.173,1.536,1.432,1.595,1.629,0.396,0.481,1.113
1.173,1.534,1.433,1.595,1.628,0.395,0.482,1.113
1.173,1.534,1.434,1.594,1.628,0.394,0.482,1.112
1.172,1.532,1.434,1.594,1.627,0.394,0.482,1.112
1.172,1.531,1.435,1.593,1.626,0.393,0.482,1.111
1.172,1.529,1.436,1.594,1.626,0.392,0.482,1.11
1.172,1.528,1.436,1.593,1.625,0.392,0.482,1.11
1.172,1.527,1.437,1.593,1.624,0.391,0.483,1.109
1.172,1.526,1.437,1.593,1.624,0.391,0.483,1.108
1.171,1.525,1.438,1.593,1.623,0.39,0.483,1.108
1.171,1.523,1.439,1.593,1.623,0.389,0.483,1.107
1.171,1.522,1.439,1.593,1.622,0.389,0.483,1.106
1.171,1.521,1.439,1.592,1.621,0.388,0.483,1.106
1.171,1.52,1.441,1.592,1.621,0.388,0.484,1.105
1.171,1.519,1.441,1.592,1.62,0.387,0.484,1.104
1.17,1.518,1.442,1.592,1.619,0.386,0.484,1.104
1.17,1.517,1.442,1.591,1.619,0.386,0.484,1.103
1.17,1.515,1.443,1.591,1.618,0.385,0.484,1.103
1.17,1.514,1.443,1.59,1.618,0.384,0.484,1.102
1.17,1.513,1.444,1.591,1.617,0.384,0.485,1.101
1.169,1.512,1.444,1.59,1.616,0.383,0.484,1.1
1.169,1.51,1.445,1.59,1.615,0.383,0.485,1.1
1.169,1.509,1.445,1.59,1.615,0.382,0.485,1.099
1.169,1.508,1.446,1.59,1.615,0.381,0.485,1.099
1.169,1.507,1.446,1.589,1.614,0.381,0.485,1.098
1.168,1.506,1.447,1.589,1.613,0.38,0.485,1.098
1.168,1.504,1.448,1.589,1.612,0.38,0.485,1.097
1.168,1.503,1.448,1.589,1.612,0.379,0.485,1.096
1.167,1.502,1.449,1.588,1.611,0.378,0.486,1.095
1.167,1.501,1.449,1.588,1.61,0.378,0.486,1.095
1.167,1.5,1.449,1.588,1.61,0.377,0.486,1.094
1.167,1.499,1.451,1.588,1.609,0.376,0.486,1.093
1.167,1.498,1.451,1.587,1.608,0.376,0.486,1.093
1.167,1.497,1.452,1.587,1.607,0.375,0.486,1.092
1.166,1.495,1.452,1.587,1.607,0.375,0.486,1.092
1.166,1.494,1.453,1.587,1.607,0.374,0.487,1.091
1.166,1.493,1.453,1.586,1.606,0.373,0.487,1.09
1.165,1.492,1.454,1.586,1.605,0.373,0.487,1.09
1.166,1.491,1.454,1.586,1.605,0.372,0.487,1.089
1.165,1.49,1.455,1.586,1.604,0.372,0.487,1.089
1.165,1.489,1.455,1.586,1.603,0.371,0.487,1.088
1.164,1.488,1.456,1.585,1.603,0.37,0.487,1.087
1.164,1.487,1.456,1.585,1.602,0.37,0.487,1.086
1.164,1.486,1.457,1.585,1.601,0.369,0.488,1.086
1.164,1.484,1.457,1.584,1.6,0.369,0.488,1.085
1.163,1.483,1.458,1.584,1.6,0.368,0.488,1.084
1.163,1.482,1.458,1.584,1.599,0.367,0.488,1.084
1.163,1.481,1.459,1.584,1.599,0.367,0.488,1.083
1.163,1.48,1.459,1.583,1.598,0.366,0.488,1.083
1.162,1.479,1.46,1.583,1.597,0.366,0.488,1.082
1.162,1.478,1.46,1.583,1.597,0.365,0.488,1.081
1.162,1.477,1.461,1.583,1.596,0.365,0.489,1.081
1.161,1.476,1.461,1.583,1.596,0.364,0.489,1.08
1.161,1.475,1.462,1.582,1.595,0.363,0.489,1.079
1.161,1.473,1.463,1.582,1.594,0.363,0.489,1.079
1.161,1.473,1.463,1.582,1.594,0.362,0.489,1.078
1.16,1.471,1.463,1.581,1.593,0.362,0.489,1.078
1.16,1.471,1.464,1.581,1.592,0.361,0.489,1.077
1.16,1.469,1.465,1.581,1.592,0.36,0.489,1.076
1.159,1.468,1.465,1.581,1.591,0.36,0.489,1.076
1.159,1.467,1.466,1.581,1.591,0.359,0.489,1.075
1.159,1.466,1.466,1.58,1.59,0.359,0.49,1.075
1.158,1.465,1.466,1.58,1.589,0.358,0.49,1.074
1.158,1.464,1.467,1.58,1.588,0.358,0.49,1.073
1.158,1.463,1.467,1.579,1.588,0.357,0.49,1.073
1.157,1.462,1.468,1.579,1.587,0.356,0.49,1.072
1.157,1.461,1.468,1.579,1.587,0.356,0.49,1.072
1.157,1.46,1.469,1.579,1.586,0.355,0.49,1.071
1.157,1.459,1.469,1.578,1.585,0.355,0.49,1.07
1.156,1.458,1.47,1.578,1.585,0.354,0.491,1.07
1.156,1.457,1.471,1.578,1.584,0.354,0.49,1.069
1.156,1.456,1.471,1.578,1.584,0.353,0.491,1.068
1.155,1.455,1.472,1.578,1.583,0.353,0.491,1.068
1.155,1.454,1.472,1.577,1.583,0.352,0.491,1.067
1.155,1.453,1.472,1.577,1.582,0.351,0.491,1.067
1.155,1.452,1.473,1.577,1.581,0.351,0.491,1.066
1.154,1.451,1.473,1.577,1.58,0.35,0.491,1.066
1.154,1.45,1.474,1.576,1.579,0.35,0.491,1.065
1.153,1.449,1.475,1.576,1.579,0.349,0.491,1.064
1.153,1.449,1.475,1.576,1.579,0.349,0.492,1.064
1.153,1.448,1.475,1.576,1.578,0.348,0.492,1.063
1.152,1.446,1.476,1.575,1.577,0.348,0.492,1.062
1.152,1.445,1.476,1.575,1.577,0.347,0.492,1.062
1.152,1.445,1.477,1.575,1.576,0.347,0.492,1.061
1.151,1.443,1.477,1.575,1.575,0.346,0.492,1.061
1.151,1.443,1.478,1.575,1.575,0.346,0.492,1.06
1.151,1.442,1.478,1.574,1.574,0.345,0.492,1.06
1.151,1.441,1.479,1.574,1.574,0.345,0.492,1.059
1.15,1.44,1.479,1.574,1.573,0.344,0.492,1.058
1.15,1.439,1.48,1.574,1.572,0.343,0.493,1.058
1.149,1.438,1.48,1.573,1.572,0.343,0.493,1.057
1.149,1.437,1.481,1.573,1.571,0.343,0.493,1.056
1.148,1.436,1.481,1.573,1.571,0.342,0.493,1.056
1.148,1.435,1.481,1.573,1.57,0.342,0.493,1.055
1.148,1.434,1.482,1.572,1.569,0.341,0.493,1.055
1.148,1.433,1.482,1.572,1.569,0.341,0.493,1.054
1.147,1.432,1.483,1.572,1.568,0.34,0.493,1.053
1.147,1.431,1.483,1.572,1.567,0.339,0.493,1.053
1.146,1.431,1.484,1.571,1.567,0.339,0.494,1.052
1.146,1.43,1.484,1.571,1.566,0.338,0.494,1.052
1.146,1.429,1.485,1.571,1.566,0.338,0.494,1.051
1.146,1.428,1.485,1.571,1.565,0.337,0.494,1.051
1.145,1.427,1.486,1.571,1.564,0.337,0.494,1.05
1.145,1.426,1.486,1.571,1.564,0.336,0.494,1.049
1.145,1.425,1.487,1.57,1.563,0.336,0.494,1.049
1.144,1.424,1.487,1.57,1.562,0.335,0.494,1.048
1.144,1.423,1.488,1.57,1.562,0.335,0.494,1.048
1.144,1.422,1.488,1.569,1.562,0.334,0.494,1.047
1.143,1.421,1.488,1.569,1.561,0.334,0.495,1.046
1.143,1.421,1.489,1.569,1.561,0.333,0.494,1.046
1.142,1.419,1.489,1.569,1.56,0.333,0.495,1.045
1.142,1.419,1.49,1.568,1.559,0.332,0.495,1.045
1.142,1.418,1.49,1.568,1.558,0.332,0.495,1.044
1.141,1.417,1.49,1.567,1.558,0.331,0.495,1.044
1.141,1.416,1.491,1.568,1.557,0.331,0.495,1.043
1.14,1.416,1.491,1.567,1.557,0.33,0.495,1.042
1.14,1.414,1.492,1.567,1.556,0.33,0.495,1.042
1.14,1.413,1.492,1.567,1.555,0.329,0.495,1.041
1.139,1.412,1.493,1.566,1.555,0.329,0.495,1.041
1.139,1.412,1.493,1.566,1.554,0.328,0.495,1.04
1.138,1.411,1.493,1.566,1.554,0.328,0.496,1.04
1.138,1.41,1.494,1.566,1.553,0.327,0.496,1.039
1.138,1.409,1.494,1.565,1.552,0.327,0.496,1.038
1.137,1.408,1.495,1.565,1.552,0.327,0.496,1.038
1.137,1.407,1.495,1.565,1.551,0.326,0.496,1.037
1.137,1.407,1.495,1.564,1.551,0.326,0.496,1.037
1.136,1.405,1.496,1.564,1.55,0.325,0.496,1.036
1.136,1.405,1.497,1.564,1.549,0.325,0.496,1.036
1.135,1.404,1.497,1.564,1.548,0.324,0.496,1.035
1.135,1.403,1.497,1.564,1.548,0.324,0.496,1.035
1.135,1.403,1.497,1.563,1.547,0.323,0.496,1.034
1.134,1.402,1.498,1.563,1.547,0.323,0.496,1.033
1.134,1.4,1.498,1.563,1.546,0.322,0.496,1.033
1.133,1.4,1.499,1.563,1.545,0.322,0.497,1.032
1.133,1.399,1.499,1.563,1.545,0.321,0.497,1.031
1.133,1.398,1.5,1.562,1.544,0.321,0.497,1.031
1.132,1.397,1.5,1.562,1.544,0.32,0.497,1.03
1.132,1.396,1.501,1.562,1.543,0.32,0.497,1.03
1.131,1.396,1.501,1.561,1.543,0.319,0.497,1.029
1.131,1.395,1.501,1.561,1.542,0.319,0.497,1.029
1.131,1.394,1.502,1.561,1.542,0.319,0.497,1.029
1.13,1.393,1.502,1.561,1.541,0.318,0.497,1.028
1.13,1.392,1.502,1.56,1.54,0.318,0.497,1.027
1.13,1.391,1.503,1.56,1.54,0.317,0.497,1.027
1.129,1.391,1.503,1.56,1.539,0.317,0.497,1.026
1.129,1.39,1.504,1.56,1.539,0.316,0.498,1.026
1.128,1.389,1.504,1.559,1.538,0.316,0.498,1.025
1.128,1.388,1.504,1.559,1.537,0.315,0.498,1.024
1.128,1.387,1.505,1.559,1.537,0.315,0.497,1.024
1.127,1.387,1.505,1.558,1.536,0.315,0.498,1.023
1.127,1.386,1.506,1.558,1.535,0.314,0.498,1.023
1.126,1.385,1.506,1.558,1.535,0.314,0.498,1.022
1.126,1.384,1.506,1.557,1.534,0.313,0.498,1.022
1.126,1.384,1.507,1.557,1.534,0.313,0.498,1.021
1.125,1.383,1.507,1.557,1.533,0.312,0.498,1.02
1.125,1.382,1.507,1.557,1.532,0.312,0.498,1.02
1.124,1.381,1.508,1.557,1.532,0.311,0.498,1.019
1.124,1.38,1.508,1.556,1.531,0.311,0.498,1.019
1.123,1.38,1.509,1.556,1.531,0.311,0.498,1.018
1.123,1.379,1.509,1.556,1.53,0.31,0.498,1.018
1.123,1.378,1.509,1.555,1.529,0.31,0.498,1.017
1.122,1.377,1.51,1.555,1.529,0.309,0.498,1.017
1.122,1.377,1.51,1.555,1.528,0.309,0.498,1.016
1.121,1.375,1.511,1.555,1.528,0.308,0.499,1.016
1.121,1.375,1.511,1.555,1.527,0.308,0.498,1.015
1.121,1.374,1.511,1.554,1.527,0.307,0.499,1.014
1.12,1.373,1.511,1.554,1.526,0.307,0.499,1.014
1.12,1.372,1.512,1.554,1.525,0.307,0.499,1.013
1.119,1.371,1.512,1.554,1.524,0.306,0.499,1.013
1.119,1.371,1.512,1.553,1.524,0.306,0.499,1.012
1.118,1.37,1.513,1.553,1.523,0.305,0.499,1.012
1.118,1.369,1.513,1.552,1.523,0.305,0.499,1.011
1.117,1.368,1.514,1.552,1.522,0.304,0.499,1.011
1.117,1.368,1.514,1.552,1.522,0.304,0.499,1.01
1.117,1.367,1.514,1.552,1.521,0.304,0.499,1.01
1.116,1.366,1.515,1.552,1.52,0.303,0.499,1.009
1.116,1.365,1.515,1.551,1.52,0.303,0.499,1.008
1.116,1.365,1.515,1.551,1.519,0.303,0.499,1.008
1.115,1.364,1.516,1.551,1.519,0.302,0.499,1.007
1.115,1.363,1.516,1.55,1.518,0.302,0.499,1.006
1.114,1.362,1.516,1.55,1.518,0.301,0.5,1.006
1.114,1.362,1.517,1.55,1.517,0.301,0.5,1.006
1.113,1.361,1.517,1.549,1.516,0.3,0.5,1.005
1.113,1.36,1.517,1.55,1.516,0.3,0.5,1.005
1.112,1.36,1.518,1.549,1.515,0.3,0.5,1.004
1.112,1.359,1.518,1.549,1.515,0.299,0.5,1.004
1.112,1.358,1.518,1.548,1.514,0.299,0.5,1.003
1.111,1.357,1.518,1.548,1.513,0.298,0.5,1.002
1.111,1.357,1.519,1.548,1.513,0.298,0.5,1.002
1.11,1.356,1.519,1.548,1.512,0.297,0.5,1.002
1.11,1.355,1.52,1.547,1.512,0.297,0.5,1.001
1.109,1.354,1.52,1.547,1.511,0.297,0.5,1.0
1.109,1.354,1.52,1.547,1.511,0.296,0.5,1.0
1.109,1.353,1.521,1.547,1.51,0.296,0.5,0.999
1.108,1.352,1.521,1.547,1.51,0.296,0.5,0.999
1.108,1.352,1.521,1.546,1.509,0.295,0.5,0.998
1.107,1.351,1.522,1.546,1.508,0.295,0.5,0.998
1.107,1.35,1.522,1.546,1.508,0.294,0.5,0.997
1.106,1.35,1.523,1.545,1.507,0.294,0.501,0.997
1.106,1.349,1.523,1.545,1.506,0.294,0.501,0.996
1.106,1.348,1.523,1.545,1.506,0.293,0.501,0.996
1.105,1.347,1.523,1.544,1.506,0.293,0.501,0.995
1.105,1.347,1.523,1.544,1.505,0.292,0.501,0.995
1.105,1.346,1.524,1.544,1.504,0.292,0.501,0.994
1.104,1.345,1.524,1.544,1.504,0.292,0.501,0.994
1.103,1.345,1.524,1.543,1.503,0.291,0.501,0.993
1.103,1.344,1.525,1.543,1.502,0.291,0.501,0.992
1.103,1.343,1.525,1.543,1.502,0.29,0.501,0.992
1.102,1.342,1.525,1.542,1.501,0.29,0.501,0.992
1.102,1.341,1.526,1.542,1.501,0.29,0.501,0.991
1.101,1.341,1.526,1.542,1.5,0.289,0.501,0.99
1.101,1.34,1.527,1.542,1.5,0.289,0.501,0.99
1.1,1.339,1.527,1.541,1.499,0.289,0.501,0.989
1.1,1.339,1.527,1.541,1.499,0.288,0.501,0.989
1.099,1.338,1.527,1.541,1.498,0.288,0.501,0.988
1.099,1.337,1.527,1.541,1.497,0.287,0.501,0.988
1.099,1.337,1.527,1.541,1.497,0.287,0.501,0.987
1.099,1.336,1.528,1.54,1.496,0.287,0.501,0.987
1.098,1.336,1.528,1.54,1.496,0.286,0.501,0.986
1.097,1.335,1.529,1.54,1.495,0.286,0.501,0.986
1.097,1.334,1.529,1.539,1.494,0.286,0.501,0.985
1.097,1.333,1.529,1.539,1.494,0.285,0.501,0.985
1.096,1.333,1.529,1.539,1.493,0.285,0.501,0.984
1.096,1.332,1.53,1.538,1.493,0.284,0.502,0.984
1.095,1.331,1.53,1.538,1.492,0.284,0.501,0.983
1.095,1.331,1.53,1.538,1.492,0.284,0.502,0.983
1.094,1.33,1.531,1.538,1.491,0.284,0.502,0.982
1.094,1.33,1.531,1.538,1.491,0.283,0.502,0.982
1.093,1.329,1.531,1.537,1.49,0.283,0.502,0.981
1.093,1.328,1.531,1.537,1.489,0.282,0.502,0.981
1.092,1.327,1.532,1.537,1.489,0.282,0.502,0.98
1.092,1.327,1.532,1.537,1.488,0.282,0.502,0.98
1.092,1.326,1.532,1.536,1.488,0.281,0.502,0.979
1.091,1.325,1.532,1.536,1.487,0.281,0.502,0.978
1.09,1.325,1.533,1.536,1.487,0.281,0.502,0.978
1.09,1.324,1.533,1.536,1.486,0.28,0.502,0.977
1.09,1.324,1.534,1.535,1.485,0.28,0.502,0.977
1.089,1.323,1.533,1.535,1.485,0.28,0.502,0.977
1.089,1.322,1.534,1.535,1.484,0.279,0.502,0.976
1.088,1.321,1.534,1.534,1.484,0.279,0.502,0.976
1.088,1.321,1.534,1.534,1.483,0.278,0.502,0.975
1.087,1.32,1.535,1.534,1.483,0.278,0.502,0.975
1.087,1.32,1.535,1.534,1.482,0.278,0.502,0.974
1.087,1.319,1.535,1.533,1.482,0.277,0.502,0.973
1.086,1.319,1.536,1.533,1.482,0.277,0.502,0.973
1.086,1.318,1.536,1.533,1.481,0.277,0.502,0.973
1.085,1.317,1.536,1.533,1.48,0.277,0.502,0.972
1.085,1.317,1.536,1.532,1.479,0.276,0.502,0.972
1.084,1.316,1.537,1.532,1.479,0.276,0.502,0.971
1.084,1.315,1.537,1.532,1.478,0.275,0.502,0.971
1.084,1.315,1.537,1.532,1.478,0.275,0.502,0.97
1.083,1.314,1.538,1.532,1.478,0.275,0.502,0.97
1.083,1.313,1.538,1.531,1.477,0.274,0.502,0.969
1.082,1.313,1.538,1.531,1.476,0.274,0.502,0.969
1.082,1.312,1.538,1.531,1.476,0.274,0.502,0.968
1.082,1.312,1.538,1.531,1.476,0.273,0.502,0.968
1.081,1.311,1.539,1.53,1.475,0.273,0.502,0.967
1.08,1.311,1.539,1.53,1.474,0.273,0.503,0.967
1.08,1.31,1.539,1.53,1.474,0.272,0.503,0.966
1.08,1.309,1.54,1.529,1.473,0.272,0.503,0.966
1.079,1.309,1.54,1.529,1.473,0.272,0.503,0.965
1.079,1.308,1.54,1.529,1.472,0.272,0.503,0.965
1.079,1.308,1.54,1.529,1.472,0.271,0.503,0.964
1.078,1.307,1.541,1.529,1.471,0.271,0.503,0.964
1.078,1.307,1.541,1.528,1.471,0.271,0.503,0.964
1.078,1.306,1.541,1.528,1.47,0.27,0.503,0.963
1.077,1.305,1.542,1.528,1.47,0.27,0.503,0.963
1.077,1.305,1.542,1.528,1.469,0.27,0.503,0.962
1.076,1.304,1.542,1.527,1.469,0.269,0.503,0.962
1.075,1.303,1.542,1.527,1.468,0.269,0.503,0.961
1.075,1.303,1.542,1.527,1.468,0.269,0.503,0.961
1.075,1.302,1.542,1.527,1.467,0.268,0.503,0.96
1.074,1.302,1.543,1.526,1.466,0.268,0.503,0.96
1.074,1.301,1.543,1.526,1.466,0.268,0.503,0.959
1.073,1.301,1.543,1.526,1.465,0.267,0.503,0.959
1.073,1.3,1.544,1.525,1.465,0.267,0.503,0.958
1.072,1.3,1.544,1.525,1.465,0.267,0.503,0.958
1.072,1.299,1.544,1.525,1.464,0.266,0.503,0.957
1.071,1.298,1.544,1.525,1.463,0.266,0.503,0.957
1.071,1.298,1.544,1.525,1.463,0.266,0.503,0.956
1.071,1.297,1.545,1.524,1.462,0.266,0.503,0.956
1.07,1.297,1.545,1.524,1.462,0.265,0.503,0.955
1.07,1.296,1.545,1.524,1.461,0.265,0.503,0.955
1.069,1.296,1.545,1.523,1.461,0.264,0.503,0.955
1.069,1.295,1.545,1.523,1.461,0.264,0.503,0.954
1.068,1.295,1.546,1.523,1.46,0.264,0.503,0.954
1.068,1.294,1.546,1.522,1.459,0.264,0.503,0.953
1.067,1.293,1.546,1.522,1.459,0.263,0.503,0.953
1.067,1.293,1.546,1.522,1.458,0.263,0.503,0.952
1.067,1.292,1.547,1.522,1.458,0.263,0.503,0.952
1.066,1.291,1.547,1.522,1.457,0.263,0.503,0.951
1.066,1.291,1.547,1.522,1.457,0.262,0.503,0.951
1.065,1.29,1.548,1.521,1.456,0.262,0.503,0.95
1.065,1.29,1.547,1.521,1.456,0.262,0.503,0.95
1.065,1.289,1.548,1.521,1.455,0.261,0.504,0.949
1.064,1.289,1.548,1.52,1.455,0.261,0.503,0.949
1.063,1.288,1.548,1.52,1.454,0.261,0.504,0.949
1.063,1.288,1.549,1.52,1.454,0.26,0.503,0.948
1.063,1.287,1.549,1.52,1.453,0.26,0.503,0.948
1.062,1.287,1.549,1.519,1.452,0.26,0.503,0.947
1.062,1.286,1.549,1.519,1.452,0.259,0.504,0.947
1.061,1.286,1.549,1.519,1.452,0.259,0.504,0.946
1.061,1.285,1.55,1.518,1.451,0.259,0.504,0.946
1.061,1.285,1.55,1.518,1.451,0.259,0.504,0.946
1.06,1.284,1.55,1.518,1.45,0.258,0.504,0.945
1.06,1.283,1.55,1.517,1.45,0.258,0.504,0.945
1.059,1.283,1.551,1.518,1.449,0.258,0.504,0.944
1.059,1.282,1.551,1.517,1.449,0.258,0.504,0.944
1.058,1.282,1.551,1.517,1.448,0.257,0.504,0.943
1.058,1.281,1.552,1.517,1.448,0.257,0.504,0.943
1.058,1.281,1.551,1.517,1.447,0.257,0.504,0.943
1.057,1.28,1.552,1.516,1.447,0.256,0.504,0.942
1.057,1.28,1.552,1.516,1.447,0.256,0.504,0.942
1.057,1.279,1.552,1.516,1.446,0.256,0.504,0.941
1.056,1.279,1.553,1.516,1.446,0.256,0.504,0.941
1.056,1.279,1.553,1.516,1.445,0.255,0.504,0.941
1.056,1.278,1.553,1.515,1.445,0.255,0.504,0.94
1.055,1.277,1.553,1.515,1.444,0.255,0.504,0.94
1.055,1.277,1.554,1.515,1.444,0.255,0.504,0.939
1.054,1.276,1.554,1.514,1.443,0.254,0.504,0.939
1.054,1.276,1.554,1.514,1.443,0.254,0.504,0.939
1.053,1.275,1.554,1.514,1.442,0.254,0.504,0.938
1.053,1.275,1.554,1.514,1.442,0.254,0.504,0.938
1.052,1.274,1.554,1.513,1.441,0.253,0.504,0.937
1.052,1.274,1.554,1.513,1.441,0.253,0.504,0.937
1.052,1.273,1.555,1.513,1.44,0.253,0.504,0.936
1.051,1.273,1.555,1.513,1.44,0.252,0.504,0.936
1.05,1.272,1.555,1.512,1.439,0.252,0.504,0.935
1.05,1.272,1.556,1.512,1.439,0.252,0.504,0.935
1.05,1.271,1.555,1.512,1.438,0.251,0.504,0.935
1.049,1.271,1.556,1.512,1.438,0.251,0.504,0.934
1.049,1.27,1.556,1.512,1.437,0.251,0.504,0.934
1.048,1.27,1.556,1.511,1.437,0.251,0.504,0.934
1.048,1.269,1.556,1.511,1.437,0.251,0.504,0.933
1.048,1.269,1.556,1.511,1.436,0.25,0.504,0.933
1.047,1.268,1.557,1.511,1.435,0.25,0.504,0.932
1.047,1.268,1.557,1.51,1.435,0.25,0.504,0.932
1.047,1.267,1.557,1.51,1.435,0.25,0.504,0.931
1.046,1.267,1.557,1.51,1.434,0.249,0.504,0.931
1.045,1.266,1.557,1.509,1.434,0.249,0.504,0.931
1.045,1.266,1.558,1.509,1.433,0.249,0.504,0.93
1.045,1.265,1.558,1.509,1.433,0.248,0.504,0.93
1.045,1.265,1.558,1.509,1.432,0.248,0.504,0.929
1.044,1.264,1.559,1.508,1.432,0.248,0.504,0.929
1.044,1.264,1.558,1.508,1.431,0.247,0.504,0.929
1.043,1.263,1.559,1.508,1.431,0.247,0.504,0.928
1.043,1.263,1.559,1.508,1.43,0.247,0.504,0.928
1.042,1.262,1.559,1.507,1.43,0.247,0.504,0.927
1.042,1.262,1.559,1.507,1.43,0.247,0.504,0.927
1.042,1.261,1.559,1.507,1.429,0.246,0.504,0.927
1.041,1.261,1.56,1.507,1.429,0.246,0.504,0.926
1.041,1.26,1.56,1.506,1.428,0.246,0.504,0.926
1.04,1.26,1.56,1.506,1.428,0.246,0.504,0.925
1.04,1.259,1.56,1.506,1.427,0.245,0.504,0.925
1.039,1.259,1.56,1.505,1.427,0.245,0.504,0.925
1.039,1.259,1.561,1.506,1.426,0.245,0.504,0.924
1.039,1.258,1.56,1.505,1.426,0.245,0.504,0.924
1.038,1.257,1.561,1.505,1.425,0.244,0.504,0.923
1.038,1.257,1.561,1.504,1.425,0.244,0.504,0.923
1.038,1.256,1.561,1.504,1.424,0.244,0.504,0.923
1.037,1.256,1.561,1.504,1.424,0.244,0.504,0.922
1.037,1.256,1.562,1.504,1.423,0.243,0.504,0.922
1.036,1.255,1.562,1.504,1.423,0.243,0.504,0.921
1.036,1.254,1.562,1.503,1.422,0.243,0.504,0.921
1.035,1.254,1.562,1.503,1.422,0.243,0.504,0.92
1.035,1.253,1.562,1.503,1.421,0.242,0.504,0.92
1.034,1.253,1.562,1.503,1.421,0.242,0.504,0.92
1.034,1.253,1.562,1.503,1.42,0.242,0.504,0.919
1.033,1.252,1.563,1.502,1.42,0.242,0.505,0.919
1.033,1.252,1.563,1.502,1.419,0.241,0.504,0.919
1.033,1.251,1.563,1.502,1.419,0.241,0.504,0.918
1.033,1.251,1.563,1.502,1.419,0.241,0.504,0.918
1.032,1.25,1.564,1.501,1.418,0.241,0.504,0.917
1.032,1.25,1.564,1.501,1.418,0.241,0.504,0.917
1.031,1.249,1.564,1.501,1.417,0.24,0.504,0.917
1.031,1.249,1.564,1.501,1.417,0.24,0.504,0.917
1.031,1.249,1.564,1.5,1.416,0.24,0.504,0.916
1.03,1.248,1.564,1.5,1.416,0.24,0.504,0.915
1.029,1.247,1.564,1.499,1.415,0.239,0.504,0.915
1.029,1.247,1.564,1.5,1.415,0.239,0.504,0.915
1.029,1.247,1.565,1.5,1.415,0.239,0.504,0.914
1.028,1.246,1.565,1.499,1.414,0.239,0.504,0.914
1.028,1.246,1.565,1.499,1.414,0.238,0.504,0.914
1.028,1.245,1.565,1.499,1.413,0.238,0.504,0.913
1.027,1.245,1.565,1.498,1.413,0.238,0.504,0.913
1.027,1.244,1.565,1.498,1.412,0.238,0.504,0.912
1.026,1.244,1.566,1.498,1.412,0.237,0.504,0.912
1.026,1.243,1.566,1.498,1.411,0.237,0.504,0.912
1.026,1.243,1.566,1.498,1.411,0.237,0.504,0.911
1.025,1.243,1.567,1.497,1.411,0.237,0.504,0.911
1.025,1.242,1.566,1.498,1.41,0.237,0.505,0.911
1.025,1.242,1.567,1.497,1.41,0.236,0.504,0.91
1.024,1.241,1.567,1.497,1.409,0.236,0.504,0.91
1.024,1.241,1.567,1.497,1.409,0.236,0.504,0.909
1.023,1.24,1.567,1.496,1.409,0.236,0.504,0.909
1.023,1.24,1.567,1.496,1.408,0.236,0.504,0.909
1.023,1.24,1.567,1.496,1.408,0.235,0.504,0.908
1.022,1.239,1.568,1.496,1.407,0.235,0.504,0.908
1.022,1.239,1.567,1.495,1.407,0.235,0.505,0.908
1.022,1.239,1.568,1.495,1.407,0.235,0.504,0.907
1.021,1.238,1.568,1.495,1.406,0.234,0.505,0.907
1.021,1.238,1.569,1.495,1.406,0.234,0.505,0.906
1.02,1.237,1.569,1.495,1.405,0.234,0.504,0.906
1.02,1.237,1.569,1.494,1.405,0.234,0.505,0.906
1.02,1.236,1.569,1.494,1.404,0.234,0.504,0.905
1.019,1.236,1.569,1.494,1.404,0.233,0.504,0.905
1.019,1.236,1.569,1.494,1.403,0.233,0.504,0.905
1.018,1.235,1.569,1.493,1.403,0.233,0.504,0.904
1.018,1.234,1.569,1.493,1.403,0.233,0.504,0.904
1.018,1.234,1.57,1.493,1.402,0.232,0.504,0.903
1.017,1.234,1.569,1.493,1.402,0.232,0.504,0.903
1.017,1.233,1.57,1.492,1.401,0.232,0.504,0.903
1.016,1.233,1.57,1.492,1.401,0.232,0.504,0.902
1.016,1.232,1.57,1.492,1.401,0.232,0.504,0.902
1.016,1.232,1.57,1.492,1.4,0.231,0.504,0.902
1.015,1.232,1.57,1.491,1.4,0.231,0.504,0.901
1.015,1.231,1.571,1.491,1.4,0.231,0.504,0.901
1.014,1.231,1.571,1.491,1.399,0.231,0.504,0.901
1.014,1.23,1.571,1.491,1.399,0.231,0.504,0.9
1.014,1.23,1.571,1.49,1.398,0.23,0.504,0.9
1.013,1.23,1.571,1.49,1.398,0.23,0.504,0.899
1.013,1.229,1.571,1.49,1.397,0.23,0.504,0.899
1.013,1.229,1.571,1.49,1.397,0.23,0.504,0.899
1.012,1.228,1.572,1.49,1.396,0.229,0.504,0.898
1.012,1.228,1.571,1.489,1.396,0.229,0.504,0.898
1.011,1.227,1.572,1.489,1.396,0.229,0.504,0.898
1.011,1.227,1.572,1.489,1.395,0.229,0.504,0.897
1.01,1.227,1.572,1.489,1.395,0.229,0.504,0.897
1.01,1.226,1.572,1.488,1.394,0.229,0.504,0.896
1.01,1.225,1.572,1.488,1.394,0.228,0.504,0.896
1.009,1.225,1.572,1.488,1.393,0.228,0.504,0.896
1.009,1.225,1.572,1.487,1.393,0.228,0.504,0.895
1.008,1.225,1.573,1.488,1.393,0.228,0.504,0.895
1.008,1.224,1.572,1.487,1.392,0.228,0.504,0.895
1.008,1.224,1.573,1.487,1.392,0.227,0.504,0.894
1.007,1.223,1.573,1.487,1.391,0.227,0.504,0.894
1.007,1.223,1.573,1.487,1.391,0.227,0.504,0.894
1.007,1.223,1.574,1.486,1.39,0.227,0.504,0.893
1.006,1.222,1.574,1.486,1.39,0.227,0.504,0.893
1.006,1.222,1.574,1.486,1.39,0.226,0.504,0.893
1.006,1.222,1.574,1.486,1.39,0.226,0.504,0.892
1.006,1.221,1.574,1.486,1.389,0.226,0.504,0.892
1.005,1.221,1.574,1.485,1.388,0.226,0.504,0.892
1.005,1.22,1.574,1.485,1.388,0.225,0.504,0.891
1.004,1.22,1.575,1.485,1.388,0.225,0.504,0.891
1.004,1.22,1.575,1.485,1.388,0.225,0.504,0.891
1.004,1.219,1.575,1.485,1.387,0.225,0.504,0.89
1.003,1.219,1.575,1.484,1.387,0.225,0.504,0.89
1.003,1.219,1.575,1.484,1.387,0.225,0.504,0.89
1.002,1.218,1.575,1.484,1.386,0.224,0.504,0.889
1.002,1.218,1.575,1.484,1.386,0.224,0.504,0.889
1.001,1.218,1.575,1.483,1.385,0.224,0.504,0.888
1.001,1.217,1.575,1.483,1.384,0.224,0.504,0.888
1.0,1.217,1.574,1.482,1.383,0.223,0.503,0.887
0.999,1.215,1.574,1.481,1.382,0.223,0.504,0.886
0.999,1.214,1.574,1.48,1.382,0.223,0.503,0.886
0.998,1.214,1.574,1.48,1.381,0.223,0.504,0.886
0.998,1.213,1.574,1.479,1.381,0.223,0.504,0.886
0.998,1.213,1.574,1.478,1.381,0.222,0.503,0.886
0.998,1.212,1.574,1.477,1.38,0.222,0.504,0.886
0.997,1.21,1.573,1.475,1.38,0.222,0.503,0.886
0.997,1.207,1.573,1.473,1.38,0.222,0.503,0.886
0.997,1.203,1.573,1.471,1.379,0.222,0.504,0.887
0.996,1.199,1.573,1.469,1.379,0.221,0.503,0.888
0.996,1.194,1.573,1.467,1.379,0.221,0.503,0.888
0.995,1.189,1.572,1.466,1.378,0.221,0.503,0.889
0.995,1.184,1.572,1.463,1.378,0.221,0.503,0.889
0.994,1.178,1.571,1.461,1.378,0.221,0.503,0.889
0.994,1.173,1.571,1.459,1.378,0.221,0.503,0.889
0.993,1.167,1.571,1.456,1.378,0.22,0.503,0.889
0.993,1.162,1.57,1.454,1.378,0.22,0.503,0.889
0.992,1.157,1.57,1.451,1.378,0.22,0.503,0.888
0.991,1.151,1.569,1.449,1.378,0.22,0.503,0.888
0.991,1.146,1.569,1.446,1.378,0.22,0.503,0.887
0.99,1.141,1.568,1.444,1.378,0.219,0.503,0.887
0.989,1.136,1.568,1.441,1.377,0.219,0.503,0.886
0.988,1.131,1.567,1.438,1.377,0.219,0.503,0.886
0.988,1.126,1.567,1.436,1.377,0.219,0.502,0.885
0.987,1.122,1.566,1.433,1.376,0.219,0.503,0.884
0.986,1.117,1.566,1.43,1.375,0.218,0.502,0.883
0.985,1.112,1.565,1.427,1.375,0.218,0.502,0.882
0.984,1.106,1.564,1.424,1.374,0.218,0.502,0.881
0.983,1.102,1.564,1.421,1.373,0.218,0.502,0.88
0.982,1.097,1.563,1.418,1.372,0.217,0.502,0.879
0.981,1.093,1.563,1.415,1.372,0.217,0.502,0.878
0.98,1.089,1.562,1.412,1.37,0.217,0.502,0.877
0.979,1.086,1.561,1.409,1.37,0.216,0.502,0.876
0.978,1.082,1.561,1.406,1.368,0.216,0.501,0.875
0.977,1.078,1.56,1.402,1.367,0.216,0.501,0.874
0.976,1.074,1.559,1.399,1.367,0.216,0.501,0.873
0.975,1.07,1.558,1.396,1.365,0.215,0.501,0.872
0.974,1.066,1.558,1.393,1.364,0.215,0.501,0.871
0.973,1.062,1.557,1.39,1.363,0.215,0.501,0.87
0.972,1.058,1.556,1.386,1.362,0.215,0.501,0.868
0.971,1.054,1.555,1.383,1.361,0.214,0.501,0.867
0.97,1.05,1.554,1.38,1.36,0.214,0.5,0.866
0.968,1.045,1.553,1.377,1.359,0.214,0.5,0.866
0.967,1.041,1.553,1.374,1.358,0.213,0.5,0.864
0.966,1.037,1.552,1.371,1.357,0.213,0.5,0.863
0.965,1.033,1.551,1.367,1.355,0.213,0.5,0.862
0.964,1.029,1.55,1.364,1.354,0.212,0.5,0.861
0.962,1.025,1.549,1.361,1.353,0.212,0.5,0.86
0.961,1.021,1.548,1.358,1.352,0.212,0.5,0.859
0.96,1.018,1.547,1.355,1.35,0.212,0.499,0.858
0.959,1.013,1.546,1.352,1.349,0.211,0.499,0.857
0.957,1.009,1.546,1.349,1.348,0.211,0.499,0.855
0.956,1.005,1.545,1.346,1.346,0.211,0.499,0.854
0.955,1.001,1.544,1.343,1.345,0.21,0.499,0.853
0.954,0.997,1.543,1.34,1.344,0.21,0.499,0.852
0.952,0.994,1.543,1.337,1.343,0.209,0.498,0.85
0.95,0.99,1.542,1.335,1.341,0.209,0.498,0.849
0.949,0.986,1.541,1.332,1.34,0.209,0.498,0.847
0.948,0.983,1.54,1.329,1.339,0.208,0.498,0.846
0.946,0.98,1.539,1.326,1.337,0.208,0.498,0.844
0.945,0.977,1.538,1.323,1.336,0.207,0.498,0.843
0.944,0.973,1.537,1.32,1.334,0.207,0.498,0.842
0.942,0.97,1.537,1.317,1.333,0.207,0.497,0.84
0.941,0.966,1.536,1.314,1.332,0.206,0.497,0.839
0.939,0.963,1.535,1.311,1.33,0.206,0.497,0.838
0.938,0.96,1.534,1.309,1.329,0.206,0.497,0.836
0.936,0.957,1.533,1.305,1.327,0.205,0.497,0.834
0.935,0.953,1.532,1.303,1.325,0.205,0.497,0.833
0.934,0.95,1.531,1.3,1.324,0.204,0.497,0.832
0.932,0.947,1.53,1.297,1.322,0.204,0.496,0.83
0.931,0.943,1.529,1.294,1.321,0.204,0.496,0.829
0.929,0.94,1.528,1.291,1.32,0.203,0.496,0.827
0.928,0.937,1.527,1.288,1.318,0.203,0.496,0.826
0.926,0.933,1.526,1.285,1.317,0.202,0.496,0.825
0.925,0.93,1.526,1.283,1.315,0.202,0.495,0.823
0.923,0.927,1.524,1.28,1.313,0.202,0.495,0.822
0.922,0.924,1.524,1.277,1.312,0.201,0.495,0.82
0.92,0.921,1.523,1.274,1.31,0.201,0.495,0.819
0.919,0.918,1.522,1.272,1.309,0.2,0.495,0.817
0.917,0.916,1.521,1.269,1.307,0.2,0.495,0.816
0.916,0.914,1.52,1.266,1.306,0.199,0.494,0.815
0.914,0.911,1.519,1.263,1.304,0.199,0.494,0.813
0.913,0.908,1.518,1.261,1.302,0.199,0.494,0.812
0.911,0.906,1.518,1.258,1.301,0.198,0.494,0.81
0.91,0.903,1.516,1.255,1.299,0.198,0.494,0.809
0.908,0.9,1.516,1.253,1.298,0.197,0.493,0.808
0.907,0.897,1.514,1.25,1.296,0.197,0.493,0.806
0.905,0.894,1.514,1.248,1.294,0.196,0.493,0.805
0.904,0.891,1.513,1.245,1.293,0.196,0.493,0.803
0.902,0.889,1.512,1.243,1.291,0.195,0.493,0.802
0.901,0.886,1.511,1.24,1.289,0.195,0.493,0.801
0.899,0.884,1.51,1.238,1.288,0.195,0.492,0.799
0.898,0.882,1.509,1.235,1.286,0.194,0.492,0.798
0.896,0.879,1.508,1.233,1.284,0.194,0.492,0.796
0.894,0.877,1.507,1.231,1.283,0.193,0.492,0.795
0.893,0.875,1.506,1.228,1.281,0.193,0.492,0.794
0.892,0.873,1.505,1.226,1.28,0.192,0.492,0.792
0.89,0.87,1.504,1.223,1.278,0.192,0.491,0.79
0.889,0.868,1.503,1.221,1.276,0.192,0.491,0.789
0.887,0.865,1.502,1.218,1.275,0.191,0.491,0.787
0.885,0.862,1.501,1.215,1.273,0.191,0.49,0.786
0.884,0.86,1.5,1.213,1.271,0.19,0.49,0.785
0.882,0.858,1.499,1.211,1.269,0.19,0.49,0.783
0.881,0.856,1.498,1.208,1.268,0.189,0.49,0.782
0.879,0.854,1.497,1.206,1.266,0.189,0.49,0.781
0.878,0.852,1.496,1.204,1.265,0.188,0.49,0.779
0.876,0.85,1.495,1.202,1.263,0.188,0.489,0.778
0.875,0.848,1.494,1.199,1.261,0.188,0.489,0.776
0.873,0.846,1.493,1.197,1.259,0.187,0.489,0.775
0.872,0.844,1.492,1.194,1.258,0.187,0.489,0.774
0.87,0.842,1.492,1.192,1.256,0.186,0.489,0.772
0.869,0.84,1.49,1.19,1.254,0.186,0.488,0.771
0.867,0.837,1.489,1.188,1.253,0.185,0.488,0.77
0.865,0.835,1.489,1.185,1.251,0.185,0.488,0.768
0.864,0.833,1.487,1.183,1.249,0.185,0.488,0.767
0.862,0.831,1.486,1.181,1.248,0.184,0.488,0.766
0.861,0.829,1.485,1.179,1.246,0.184,0.488,0.764
0.86,0.827,1.484,1.177,1.244,0.183,0.487,0.763
0.858,0.825,1.483,1.174,1.242,0.183,0.487,0.762
0.856,0.823,1.482,1.172,1.24,0.182,0.487,0.76
0.855,0.821,1.481,1.17,1.238,0.182,0.487,0.759
0.853,0.819,1.48,1.168,1.237,0.181,0.486,0.758
0.852,0.817,1.479,1.166,1.235,0.181,0.486,0.756
0.85,0.815,1.478,1.164,1.233,0.18,0.486,0.755
0.849,0.813,1.477,1.161,1.232,0.18,0.486,0.754
0.847,0.81,1.476,1.159,1.23,0.179,0.486,0.752
0.846,0.808,1.475,1.157,1.228,0.179,0.485,0.751
0.844,0.806,1.474,1.155,1.226,0.179,0.485,0.75
0.843,0.804,1.473,1.153,1.224,0.178,0.485,0.748
0.841,0.802,1.472,1.151,1.223,0.178,0.485,0.747
0.84,0.8,1.47,1.15,1.221,0.177,0.485,0.746
0.839,0.798,1.47,1.148,1.22,0.177,0.484,0.745
0.837,0.796,1.469,1.146,1.218,0.176,0.484,0.744
0.836,0.794,1.468,1.145,1.216,0.176,0.484,0.742
0.834,0.792,1.467,1.144,1.215,0.176,0.484,0.741
0.833,0.79,1.466,1.142,1.213,0.175,0.484,0.74
0.831,0.789,1.465,1.141,1.211,0.175,0.483,0.739
0.83,0.787,1.464,1.139,1.21,0.174,0.483,0.738
0.828,0.785,1.463,1.138,1.208,0.174,0.483,0.736
0.827,0.783,1.462,1.136,1.206,0.173,0.483,0.735
0.825,0.782,1.461,1.135,1.204,0.173,0.482,0.734
0.824,0.78,1.46,1.133,1.203,0.172,0.482,0.733
0.823,0.778,1.459,1.131,1.201,0.172,0.482,0.731
0.821,0.776,1.458,1.13,1.199,0.172,0.482,0.73
0.82,0.775,1.457,1.128,1.198,0.171,0.482,0.729
0.818,0.773,1.456,1.127,1.196,0.171,0.482,0.727
0.817,0.771,1.455,1.125,1.194,0.17,0.481,0.726
0.816,0.769,1.454,1.123,1.192,0.17,0.481,0.725
0.814,0.768,1.453,1.121,1.19,0.17,0.481,0.724
0.813,0.766,1.452,1.119,1.189,0.169,0.481,0.723
0.811,0.765,1.451,1.118,1.186,0.169,0.48,0.721
0.81,0.763,1.45,1.116,1.185,0.168,0.48,0.72
0.808,0.761,1.448,1.114,1.183,0.168,0.48,0.719
0.807,0.76,1.448,1.112,1.181,0.168,0.48,0.718
0.806,0.758,1.446,1.11,1.179,0.167,0.48,0.716
0.804,0.757,1.445,1.108,1.178,0.167,0.479,0.715
0.803,0.755,1.445,1.106,1.176,0.166,0.479,0.714
0.801,0.754,1.444,1.105,1.174,0.166,0.479,0.713
0.8,0.753,1.442,1.103,1.172,0.165,0.479,0.712
0.799,0.751,1.442,1.101,1.171,0.165,0.479,0.711
0.797,0.75,1.441,1.099,1.169,0.164,0.478,0.709
0.796,0.748,1.44,1.098,1.167,0.164,0.478,0.708
0.795,0.747,1.439,1.095,1.165,0.164,0.478,0.707
0.793,0.746,1.438,1.093,1.163,0.163,0.478,0.706
0.792,0.744,1.437,1.092,1.162,0.163,0.477,0.705
0.791,0.743,1.436,1.09,1.16,0.162,0.477,0.704
0.789,0.742,1.434,1.088,1.158,0.162,0.477,0.703
0.788,0.741,1.433,1.086,1.156,0.162,0.477,0.702
0.787,0.74,1.433,1.084,1.155,0.161,0.477,0.7
0.785,0.739,1.432,1.082,1.153,0.161,0.477,0.699
0.784,0.737,1.43,1.08,1.151,0.16,0.476,0.698
0.783,0.736,1.429,1.079,1.149,0.16,0.476,0.697
0.781,0.735,1.428,1.077,1.148,0.16,0.476,0.696
0.78,0.734,1.427,1.075,1.146,0.159,0.476,0.695
0.779,0.732,1.426,1.073,1.144,0.159,0.475,0.694
0.777,0.731,1.425,1.071,1.143,0.159,0.475,0.693
0.776,0.73,1.424,1.069,1.141,0.159,0.475,0.692
0.775,0.728,1.423,1.067,1.139,0.158,0.475,0.691
0.774,0.727,1.422,1.066,1.138,0.158,0.475,0.69
0.772,0.726,1.421,1.064,1.136,0.157,0.474,0.689
0.771,0.725,1.42,1.062,1.134,0.157,0.474,0.688
0.77,0.724,1.419,1.061,1.133,0.156,0.474,0.687
0.769,0.722,1.418,1.059,1.132,0.156,0.474,0.686
0.768,0.721,1.417,1.057,1.13,0.156,0.474,0.685
0.766,0.719,1.416,1.056,1.128,0.155,0.473,0.684
0.765,0.718,1.415,1.054,1.127,0.155,0.473,0.683
0.763,0.717,1.414,1.052,1.125,0.155,0.473,0.682
0.762,0.716,1.413,1.051,1.124,0.154,0.473,0.681
0.761,0.714,1.411,1.049,1.123,0.154,0.473,0.679
0.76,0.713,1.411,1.048,1.121,0.154,0.472,0.679
0.759,0.712,1.41,1.047,1.119,0.153,0.472,0.677
0.757,0.711,1.408,1.045,1.118,0.153,0.472,0.677
0.756,0.71,1.407,1.044,1.117,0.153,0.472,0.675
0.755,0.708,1.406,1.043,1.115,0.152,0.471,0.674
0.753,0.707,1.405,1.041,1.114,0.152,0.471,0.673
0.752,0.706,1.404,1.04,1.113,0.152,0.471,0.672
0.751,0.705,1.403,1.039,1.111,0.151,0.471,0.671
0.75,0.704,1.403,1.038,1.11,0.151,0.471,0.67
0.749,0.703,1.401,1.037,1.108,0.151,0.471,0.669
0.748,0.702,1.401,1.036,1.107,0.15,0.47,0.668
0.746,0.701,1.4,1.035,1.106,0.15,0.47,0.667
0.745,0.7,1.399,1.033,1.104,0.15,0.47,0.666
0.744,0.699,1.398,1.032,1.103,0.149,0.47,0.665
0.743,0.698,1.397,1.031,1.102,0.149,0.469,0.664
0.742,0.697,1.396,1.03,1.1,0.149,0.469,0.663
0.74,0.696,1.395,1.029,1.098,0.148,0.469,0.662
0.739,0.695,1.394,1.027,1.097,0.148,0.469,0.661
0.738,0.693,1.393,1.026,1.096,0.148,0.469,0.66
0.737,0.693,1.392,1.025,1.094,0.147,0.469,0.659
0.736,0.692,1.39,1.024,1.093,0.147,0.468,0.658
0.735,0.69,1.39,1.022,1.092,0.147,0.468,0.657
0.734,0.689,1.389,1.021,1.09,0.146,0.468,0.656
0.732,0.688,1.388,1.019,1.089,0.146,0.468,0.655
0.731,0.687,1.387,1.018,1.087,0.146,0.467,0.655
0.73,0.687,1.386,1.017,1.086,0.145,0.467,0.653
0.729,0.685,1.385,1.015,1.084,0.145,0.467,0.652
0.728,0.685,1.384,1.014,1.083,0.145,0.467,0.652
0.727,0.684,1.383,1.012,1.081,0.145,0.467,0.651
0.725,0.683,1.382,1.011,1.08,0.144,0.466,0.65
0.724,0.682,1.381,1.009,1.078,0.144,0.466,0.649
0.723,0.681,1.381,1.008,1.077,0.144,0.466,0.648
0.722,0.68,1.379,1.007,1.075,0.143,0.466,0.647
0.721,0.68,1.379,1.005,1.074,0.143,0.466,0.646
0.72,0.679,1.378,1.004,1.072,0.143,0.466,0.645
0.719,0.678,1.377,1.002,1.071,0.143,0.465,0.644
0.718,0.677,1.375,1.001,1.069,0.142,0.465,0.643
0.717,0.677,1.375,0.999,1.068,0.142,0.465,0.642
0.716,0.676,1.374,0.998,1.066,0.142,0.465,0.641
0.715,0.675,1.373,0.996,1.065,0.141,0.464,0.641
0.713,0.675,1.372,0.995,1.063,0.141,0.464,0.64
0.712,0.674,1.371,0.993,1.062,0.141,0.464,0.639
0.711,0.673,1.37,0.991,1.06,0.141,0.464,0.638
0.71,0.672,1.369,0.99,1.059,0.14,0.464,0.637
0.709,0.671,1.368,0.989,1.058,0.14,0.464,0.637
0.708,0.671,1.367,0.987,1.056,0.14,0.463,0.636
0.707,0.67,1.366,0.986,1.055,0.139,0.463,0.635
0.706,0.669,1.365,0.984,1.053,0.139,0.463,0.634
0.705,0.668,1.364,0.983,1.052,0.139,0.463,0.633
0.704,0.667,1.363,0.982,1.051,0.139,0.462,0.632
0.703,0.666,1.362,0.98,1.05,0.138,0.462,0.632
0.702,0.666,1.361,0.979,1.048,0.138,0.462,0.631
0.701,0.665,1.36,0.978,1.047,0.138,0.462,0.63
0.7,0.664,1.359,0.976,1.046,0.138,0.462,0.629
0.699,0.663,1.358,0.975,1.044,0.137,0.462,0.628
0.698,0.662,1.357,0.974,1.043,0.137,0.461,0.628
0.697,0.662,1.356,0.973,1.042,0.137,0.461,0.627
0.696,0.661,1.356,0.971,1.04,0.137,0.461,0.626
0.695,0.66,1.354,0.97,1.039,0.136,0.461,0.625
0.694,0.659,1.354,0.969,1.038,0.136,0.46,0.625
0.692,0.658,1.353,0.968,1.037,0.136,0.46,0.624
0.692,0.658,1.352,0.966,1.035,0.136,0.46,0.623
0.691,0.657,1.351,0.965,1.034,0.135,0.46,0.622
0.69,0.656,1.35,0.964,1.033,0.135,0.46,0.621
0.689,0.655,1.349,0.963,1.032,0.135,0.46,0.621
0.688,0.654,1.348,0.961,1.03,0.135,0.46,0.62
0.687,0.654,1.347,0.96,1.029,0.134,0.459,0.619
0.686,0.653,1.346,0.959,1.028,0.134,0.459,0.618
0.685,0.652,1.345,0.957,1.027,0.134,0.459,0.618
0.684,0.651,1.344,0.956,1.025,0.134,0.459,0.617
0.683,0.651,1.343,0.955,1.024,0.134,0.458,0.616
0.682,0.65,1.343,0.954,1.023,0.133,0.458,0.615
0.681,0.649,1.342,0.952,1.022,0.133,0.458,0.615
0.68,0.648,1.341,0.951,1.021,0.133,0.458,0.614
0.679,0.648,1.34,0.95,1.02,0.133,0.458,0.613
0.678,0.647,1.339,0.949,1.019,0.133,0.457,0.613
0.677,0.646,1.338,0.948,1.018,0.132,0.457,0.612
0.676,0.645,1.337,0.947,1.017,0.132,0.457,0.611
0.675,0.645,1.336,0.945,1.015,0.132,0.457,0.61
0.674,0.644,1.335,0.944,1.014,0.132,0.457,0.61
0.673,0.643,1.334,0.943,1.013,0.131,0.457,0.609
0.673,0.642,1.333,0.942,1.012,0.131,0.456,0.608
0.672,0.641,1.332,0.941,1.011,0.131,0.456,0.607
0.671,0.641,1.332,0.94,1.01,0.131,0.456,0.607
0.67,0.64,1.331,0.938,1.009,0.13,0.456,0.606
0.669,0.64,1.33,0.938,1.008,0.13,0.456,0.605
0.668,0.639,1.329,0.936,1.007,0.13,0.455,0.604
0.667,0.638,1.328,0.935,1.006,0.13,0.455,0.604
0.666,0.638,1.327,0.934,1.005,0.13,0.455,0.603
0.665,0.637,1.326,0.933,1.003,0.13,0.455,0.602
0.664,0.637,1.325,0.932,1.002,0.129,0.455,0.601
0.663,0.636,1.324,0.931,1.001,0.129,0.454,0.601
0.662,0.636,1.324,0.93,1.0,0.129,0.454,0.6
0.662,0.635,1.323,0.929,0.999,0.129,0.454,0.599
0.661,0.635,1.322,0.928,0.998,0.128,0.454,0.599
0.66,0.634,1.321,0.926,0.996,0.128,0.454,0.598
0.659,0.634,1.32,0.925,0.995,0.128,0.454,0.597
0.658,0.633,1.319,0.924,0.994,0.128,0.453,0.597
0.658,0.633,1.318,0.923,0.993,0.128,0.453,0.596
0.656,0.632,1.318,0.922,0.992,0.127,0.453,0.595
0.656,0.631,1.317,0.921,0.991,0.127,0.453,0.595
0.655,0.631,1.316,0.92,0.99,0.127,0.453,0.594
0.654,0.63,1.315,0.919,0.988,0.127,0.453,0.593
0.653,0.629,1.314,0.918,0.987,0.127,0.452,0.593
0.652,0.629,1.313,0.917,0.986,0.127,0.452,0.592
0.651,0.628,1.312,0.915,0.985,0.126,0.452,0.591
0.65,0.628,1.311,0.915,0.984,0.126,0.452,0.591
0.65,0.628,1.311,0.913,0.983,0.126,0.452,0.59
0.649,0.627,1.31,0.913,0.982,0.126,0.451,0.589
0.648,0.627,1.309,0.911,0.981,0.126,0.451,0.589
0.647,0.626,1.308,0.91,0.98,0.125,0.451,0.588
0.646,0.626,1.307,0.909,0.979,0.125,0.451,0.587
0.645,0.625,1.306,0.908,0.978,0.125,0.451,0.587
0.645,0.625,1.306,0.907,0.977,0.125,0.451,0.586
0.644,0.624,1.305,0.906,0.975,0.125,0.45,0.585
0.643,0.624,1.304,0.905,0.974,0.125,0.45,0.585
0.642,0.623,1.303,0.904,0.974,0.124,0.45,0.584
0.641,0.623,1.302,0.903,0.973,0.124,0.45,0.584
0.641,0.622,1.301,0.902,0.971,0.124,0.45,0.583
0.64,0.622,1.3,0.901,0.97,0.124,0.449,0.582
0.639,0.621,1.3,0.9,0.97,0.124,0.449,0.582
0.638,0.621,1.299,0.899,0.969,0.123,0.449,0.581
0.637,0.62,1.298,0.898,0.968,0.123,0.449,0.581
0.637,0.619,1.297,0.897,0.967,0.123,0.449,0.58
0.636,0.619,1.296,0.897,0.966,0.123,0.449,0.58
0.635,0.618,1.295,0.896,0.965,0.123,0.448,0.579
0.634,0.617,1.295,0.895,0.964,0.123,0.448,0.578
0.633,0.616,1.294,0.894,0.963,0.122,0.448,0.578
0.633,0.616,1.293,0.894,0.962,0.122,0.448,0.577
0.632,0.615,1.292,0.893,0.961,0.122,0.447,0.577
0.631,0.615,1.291,0.892,0.96,0.122,0.447,0.576
0.63,0.614,1.291,0.891,0.959,0.122,0.447,0.575
0.63,0.614,1.29,0.89,0.958,0.122,0.447,0.575
0.629,0.613,1.289,0.889,0.957,0.121,0.447,0.574
0.628,0.613,1.288,0.888,0.956,0.121,0.447,0.573
0.627,0.612,1.287,0.887,0.955,0.121,0.447,0.573
0.626,0.611,1.286,0.886,0.954,0.121,0.446,0.572
0.626,0.611,1.285,0.885,0.953,0.121,0.446,0.571
0.625,0.61,1.285,0.884,0.952,0.121,0.446,0.571
0.624,0.61,1.284,0.883,0.952,0.121,0.446,0.57
0.623,0.609,1.283,0.883,0.95,0.12,0.446,0.57
0.623,0.609,1.282,0.881,0.949,0.12,0.445,0.569
0.622,0.608,1.282,0.881,0.948,0.12,0.445,0.568
0.621,0.607,1.281,0.88,0.948,0.12,0.445,0.568
0.62,0.607,1.28,0.879,0.947,0.12,0.445,0.567
0.62,0.606,1.279,0.878,0.946,0.12,0.445,0.567
0.619,0.606,1.278,0.877,0.945,0.12,0.444,0.566
0.618,0.605,1.278,0.877,0.944,0.119,0.444,0.566
0.618,0.605,1.277,0.876,0.943,0.119,0.444,0.565
0.617,0.604,1.276,0.876,0.942,0.119,0.444,0.564
0.616,0.604,1.275,0.875,0.942,0.119,0.444,0.564
0.615,0.604,1.274,0.874,0.94,0.119,0.444,0.563
0.615,0.603,1.274,0.873,0.94,0.119,0.444,0.563
0.614,0.603,1.273,0.873,0.939,0.118,0.444,0.562
0.613,0.603,1.272,0.872,0.938,0.118,0.443,0.562
0.613,0.602,1.271,0.871,0.937,0.118,0.443,0.561
0.612,0.601,1.27,0.871,0.936,0.118,0.443,0.56
0.611,0.6,1.27,0.87,0.935,0.118,0.443,0.56
0.61,0.6,1.269,0.869,0.934,0.118,0.442,0.559
0.61,0.6,1.268,0.868,0.933,0.118,0.442,0.559
0.609,0.599,1.267,0.868,0.933,0.117,0.442,0.558
0.609,0.599,1.266,0.867,0.932,0.117,0.442,0.557
0.608,0.598,1.265,0.866,0.931,0.117,0.442,0.557
0.607,0.598,1.265,0.865,0.93,0.117,0.442,0.556
0.606,0.597,1.264,0.864,0.929,0.117,0.441,0.556
0.606,0.597,1.263,0.863,0.928,0.117,0.441,0.555
0.605,0.597,1.262,0.863,0.927,0.117,0.441,0.554
0.604,0.596,1.262,0.862,0.926,0.117,0.441,0.554
0.604,0.596,1.261,0.861,0.925,0.116,0.441,0.554
0.603,0.595,1.26,0.86,0.924,0.116,0.441,0.553
0.602,0.595,1.259,0.86,0.923,0.116,0.44,0.552
0.602,0.594,1.259,0.859,0.922,0.116,0.44,0.552
0.601,0.594,1.258,0.858,0.922,0.116,0.44,0.551
0.6,0.593,1.257,0.858,0.921,0.116,0.44,0.551
0.6,0.593,1.256,0.857,0.92,0.115,0.44,0.55
0.599,0.593,1.256,0.856,0.919,0.115,0.44,0.55
0.598,0.592,1.255,0.855,0.918,0.115,0.439,0.55
0.598,0.592,1.254,0.854,0.917,0.115,0.439,0.549
0.597,0.591,1.253,0.853,0.916,0.115,0.439,0.548
0.596,0.591,1.252,0.853,0.915,0.115,0.439,0.548
0.596,0.59,1.252,0.851,0.915,0.115,0.439,0.547
0.595,0.59,1.251,0.851,0.914,0.115,0.439,0.547
0.594,0.589,1.25,0.85,0.913,0.114,0.439,0.546
0.594,0.589,1.249,0.849,0.912,0.114,0.438,0.546
0.593,0.589,1.248,0.848,0.911,0.114,0.438,0.545
0.593,0.588,1.247,0.847,0.91,0.114,0.438,0.545
0.592,0.588,1.247,0.847,0.909,0.114,0.438,0.544
0.591,0.588,1.246,0.846,0.908,0.114,0.438,0.544
0.591,0.587,1.245,0.845,0.908,0.114,0.437,0.543
0.59,0.587,1.244,0.844,0.907,0.114,0.437,0.543
0.59,0.587,1.244,0.843,0.906,0.114,0.437,0.542
0.589,0.586,1.243,0.842,0.905,0.113,0.437,0.542
0.588,0.585,1.242,0.841,0.904,0.113,0.437,0.541
0.588,0.585,1.241,0.84,0.903,0.113,0.437,0.541
0.587,0.585,1.24,0.839,0.902,0.113,0.436,0.54
0.586,0.584,1.24,0.838,0.902,0.113,0.436,0.54
0.586,0.584,1.239,0.838,0.901,0.113,0.436,0.539
0.585,0.584,1.238,0.837,0.9,0.113,0.436,0.539
0.585,0.583,1.237,0.836,0.899,0.113,0.436,0.538
0.584,0.583,1.236,0.835,0.898,0.112,0.436,0.538
0.583,0.583,1.236,0.834,0.897,0.112,0.435,0.537
0.583,0.582,1.235,0.833,0.897,0.112,0.435,0.537
0.582,0.582,1.235,0.832,0.896,0.112,0.435,0.536
0.581,0.581,1.233,0.832,0.895,0.112,0.435,0.536
0.581,0.581,1.233,0.831,0.894,0.112,0.435,0.535
0.58,0.58,1.232,0.83,0.893,0.112,0.435,0.535
0.58,0.58,1.231,0.829,0.892,0.112,0.435,0.535
0.579,0.58,1.231,0.829,0.892,0.112,0.434,0.534
0.578,0.579,1.23,0.828,0.891,0.112,0.434,0.533
0.578,0.579,1.229,0.827,0.89,0.111,0.434,0.533
0.577,0.578,1.228,0.827,0.89,0.111,0.434,0.533
0.577,0.578,1.228,0.826,0.889,0.111,0.434,0.532
0.576,0.577,1.226,0.825,0.888,0.111,0.433,0.532
0.575,0.576,1.226,0.825,0.887,0.111,0.433,0.531
0.575,0.576,1.225,0.824,0.887,0.111,0.433,0.531
0.574,0.575,1.225,0.823,0.886,0.111,0.433,0.53
0.574,0.575,1.224,0.823,0.885,0.111,0.433,0.53
0.573,0.575,1.223,0.822,0.884,0.111,0.433,0.529
0.573,0.574,1.223,0.822,0.884,0.11,0.433,0.529
0.572,0.574,1.222,0.821,0.883,0.11,0.432,0.528
0.571,0.574,1.221,0.821,0.882,0.11,0.432,0.528
0.571,0.573,1.221,0.82,0.882,0.11,0.432,0.527
0.57,0.573,1.22,0.82,0.881,0.11,0.432,0.527
0.57,0.572,1.219,0.819,0.88,0.11,0.432,0.526
0.569,0.572,1.218,0.819,0.879,0.11,0.431,0.526
0.569,0.572,1.218,0.818,0.878,0.11,0.431,0.526
0.568,0.571,1.217,0.818,0.878,0.11,0.431,0.525
0.568,0.571,1.216,0.817,0.877,0.109,0.431,0.525
0.567,0.571,1.215,0.817,0.877,0.109,0.431,0.524
0.566,0.57,1.215,0.816,0.876,0.109,0.431,0.524
0.566,0.57,1.214,0.815,0.875,0.109,0.43,0.523
0.565,0.569,1.213,0.814,0.874,0.109,0.43,0.523
0.565,0.569,1.212,0.814,0.873,0.109,0.43,0.522
0.564,0.569,1.211,0.813,0.873,0.109,0.43,0.522
0.563,0.568,1.211,0.812,0.872,0.109,0.43,0.522
0.563,0.568,1.21,0.812,0.871,0.109,0.43,0.521
0.562,0.567,1.209,0.811,0.87,0.109,0.429,0.521
0.562,0.567,1.209,0.81,0.87,0.109,0.43,0.52
0.561,0.567,1.208,0.81,0.869,0.109,0.429,0.52
0.561,0.566,1.207,0.809,0.868,0.108,0.429,0.519
0.56,0.566,1.206,0.808,0.867,0.108,0.429,0.519
0.56,0.566,1.206,0.808,0.867,0.108,0.429,0.518
0.559,0.565,1.205,0.807,0.866,0.108,0.428,0.518
0.559,0.565,1.204,0.806,0.865,0.108,0.428,0.517
0.558,0.565,1.203,0.806,0.864,0.108,0.428,0.517
0.558,0.564,1.203,0.805,0.863,0.108,0.428,0.516
0.557,0.564,1.202,0.804,0.863,0.108,0.428,0.516
0.556,0.564,1.201,0.803,0.862,0.108,0.428,0.515
0.556,0.564,1.201,0.803,0.861,0.108,0.428,0.515
0.555,0.563,1.2,0.802,0.86,0.107,0.428,0.515
0.555,0.563,1.199,0.801,0.86,0.107,0.427,0.514
0.554,0.563,1.199,0.8,0.859,0.107,0.427,0.514
0.554,0.562,1.198,0.8,0.858,0.107,0.427,0.513
0.553,0.562,1.197,0.799,0.857,0.107,0.427,0.513
0.553,0.562,1.196,0.798,0.856,0.107,0.427,0.512
0.552,0.562,1.196,0.797,0.856,0.107,0.427,0.512
0.552,0.561,1.195,0.797,0.855,0.107,0.426,0.512
0.551,0.561,1.194,0.796,0.854,0.107,0.426,0.511
0.551,0.561,1.194,0.795,0.853,0.107,0.426,0.511
0.55,0.56,1.193,0.794,0.853,0.107,0.426,0.511
0.55,0.56,1.192,0.794,0.852,0.106,0.426,0.51
0.549,0.559,1.191,0.793,0.851,0.106,0.425,0.51
0.549,0.559,1.19,0.792,0.85,0.106,0.426,0.509
0.548,0.559,1.19,0.791,0.85,0.106,0.425,0.509
0.548,0.558,1.189,0.79,0.849,0.106,0.425,0.509
0.547,0.558,1.188,0.79,0.848,0.106,0.425,0.508
0.547,0.558,1.188,0.789,0.848,0.106,0.425,0.508
0.546,0.558,1.187,0.788,0.847,0.106,0.425,0.507
0.546,0.557,1.186,0.788,0.846,0.106,0.424,0.507
0.545,0.557,1.186,0.787,0.845,0.106,0.424,0.507
0.545,0.557,1.185,0.786,0.845,0.106,0.424,0.506
0.544,0.557,1.184,0.786,0.844,0.106,0.424,0.506
0.544,0.557,1.183,0.785,0.843,0.105,0.424,0.506
0.543,0.556,1.183,0.784,0.843,0.105,0.424,0.505
0.543,0.556,1.182,0.784,0.842,0.105,0.424,0.505
0.542,0.556,1.181,0.783,0.841,0.105,0.424,0.505
0.542,0.555,1.181,0.782,0.841,0.105,0.423,0.504
0.541,0.555,1.18,0.782,0.84,0.105,0.423,0.504
0.541,0.555,1.179,0.782,0.84,0.105,0.423,0.504
0.54,0.555,1.179,0.781,0.839,0.105,0.423,0.503
0.54,0.554,1.178,0.781,0.838,0.105,0.423,0.502
0.539,0.554,1.177,0.78,0.838,0.105,0.423,0.502
0.539,0.554,1.177,0.78,0.837,0.105,0.422,0.502
0.538,0.554,1.176,0.779,0.837,0.105,0.422,0.501
0.538,0.554,1.175,0.779,0.836,0.104,0.422,0.501
0.537,0.554,1.175,0.778,0.835,0.104,0.422,0.5
0.537,0.553,1.174,0.777,0.835,0.104,0.422,0.5
0.536,0.553,1.173,0.777,0.834,0.104,0.422,0.5
0.536,0.552,1.173,0.776,0.833,0.104,0.421,0.499
0.536,0.552,1.172,0.776,0.833,0.104,0.421,0.499
0.535,0.551,1.171,0.775,0.832,0.104,0.421,0.498
0.535,0.551,1.171,0.775,0.832,0.104,0.421,0.498
0.534,0.551,1.17,0.774,0.831,0.104,0.421,0.497
0.534,0.55,1.169,0.774,0.83,0.104,0.421,0.497
0.533,0.55,1.169,0.773,0.83,0.104,0.421,0.497
0.533,0.55,1.168,0.772,0.829,0.104,0.42,0.496
0.532,0.55,1.168,0.772,0.828,0.104,0.42,0.496
0.532,0.55,1.167,0.771,0.827,0.104,0.42,0.496
0.531,0.549,1.167,0.771,0.827,0.103,0.42,0.495
0.531,0.549,1.165,0.77,0.826,0.103,0.42,0.495
0.53,0.549,1.165,0.769,0.825,0.103,0.42,0.494
0.53,0.548,1.165,0.768,0.825,0.103,0.419,0.494
0.53,0.548,1.163,0.768,0.824,0.103,0.419,0.494
0.529,0.548,1.163,0.767,0.823,0.103,0.419,0.493
0.529,0.547,1.163,0.767,0.823,0.103,0.419,0.493
0.528,0.547,1.162,0.766,0.822,0.103,0.419,0.493
0.528,0.547,1.161,0.765,0.821,0.103,0.419,0.492
0.527,0.546,1.161,0.765,0.821,0.103,0.419,0.492
0.527,0.546,1.16,0.764,0.82,0.103,0.418,0.492
0.526,0.546,1.159,0.763,0.82,0.103,0.418,0.491
0.526,0.546,1.159,0.763,0.819,0.102,0.418,0.491
0.526,0.545,1.158,0.763,0.819,0.103,0.418,0.491
0.525,0.545,1.158,0.762,0.818,0.102,0.418,0.49
0.525,0.545,1.157,0.761,0.817,0.102,0.418,0.49
0.524,0.545,1.156,0.761,0.817,0.102,0.418,0.49
0.524,0.544,1.155,0.76,0.816,0.102,0.417,0.489
0.523,0.544,1.155,0.76,0.816,0.102,0.417,0.489
0.523,0.544,1.154,0.759,0.815,0.102,0.417,0.488
0.523,0.544,1.154,0.759,0.814,0.102,0.417,0.488
0.522,0.543,1.153,0.758,0.814,0.102,0.417,0.488
0.521,0.543,1.152,0.757,0.813,0.102,0.417,0.488
0.521,0.543,1.152,0.757,0.813,0.102,0.417,0.487
0.521,0.542,1.151,0.757,0.812,0.102,0.416,0.487
0.52,0.542,1.151,0.756,0.812,0.102,0.416,0.486
0.52,0.542,1.15,0.756,0.811,0.102,0.416,0.486
0.519,0.542,1.149,0.755,0.81,0.102,0.416,0.486
0.519,0.541,1.149,0.754,0.81,0.102,0.416,0.486
0.519,0.541,1.148,0.754,0.809,0.101,0.416,0.485
0.518,0.541,1.148,0.753,0.809,0.101,0.416,0.485
0.518,0.54,1.147,0.753,0.808,0.101,0.415,0.485
0.517,0.54,1.147,0.752,0.807,0.101,0.415,0.484
0.517,0.54,1.146,0.752,0.807,0.101,0.415,0.484
0.517,0.54,1.145,0.751,0.806,0.101,0.415,0.483
0.516,0.539,1.144,0.75,0.805,0.101,0.415,0.483
0.516,0.539,1.144,0.75,0.805,0.101,0.415,0.483
0.515,0.539,1.143,0.749,0.804,0.101,0.414,0.482
0.515,0.538,1.142,0.748,0.804,0.101,0.415,0.482
0.515,0.538,1.142,0.748,0.803,0.101,0.414,0.482
0.514,0.538,1.141,0.747,0.803,0.101,0.414,0.482
0.514,0.537,1.141,0.747,0.802,0.101,0.414,0.481
0.513,0.537,1.14,0.747,0.801,0.101,0.414,0.481
0.513,0.537,1.139,0.746,0.801,0.101,0.414,0.48
0.512,0.537,1.139,0.745,0.8,0.1,0.414,0.48
0.512,0.536,1.138,0.745,0.8,0.1,0.413,0.48
0.512,0.536,1.138,0.744,0.799,0.1,0.413,0.479
0.511,0.536,1.137,0.744,0.799,0.1,0.413,0.479
0.511,0.535,1.137,0.743,0.798,0.1,0.413,0.479
0.511,0.535,1.136,0.743,0.797,0.1,0.413,0.478
0.51,0.535,1.135,0.742,0.797,0.1,0.413,0.478
0.509,0.535,1.135,0.741,0.796,0.1,0.413,0.478
0.509,0.535,1.134,0.741,0.796,0.1,0.413,0.477
0.509,0.534,1.134,0.74,0.795,0.1,0.412,0.477
0.508,0.534,1.133,0.74,0.795,0.1,0.412,0.477
0.508,0.534,1.133,0.739,0.794,0.1,0.412,0.476
0.508,0.534,1.132,0.739,0.794,0.1,0.412,0.476
0.507,0.533,1.131,0.738,0.793,0.1,0.412,0.476
0.507,0.533,1.131,0.737,0.793,0.1,0.412,0.476
0.506,0.533,1.13,0.737,0.792,0.099,0.412,0.475
0.506,0.533,1.13,0.737,0.792,0.1,0.411,0.475
0.506,0.533,1.129,0.736,0.791,0.099,0.411,0.475
0.505,0.532,1.128,0.735,0.791,0.099,0.411,0.474
0.505,0.532,1.128,0.735,0.79,0.099,0.411,0.474
0.504,0.531,1.127,0.735,0.79,0.099,0.411,0.474
0.504,0.531,1.127,0.734,0.79,0.099,0.411,0.474
0.504,0.531,1.126,0.734,0.789,0.099,0.411,0.473
0.503,0.531,1.125,0.734,0.789,0.099,0.41,0.473
0.503,0.53,1.125,0.733,0.788,0.099,0.41,0.472
0.502,0.53,1.124,0.733,0.788,0.099,0.41,0.472
0.502,0.53,1.124,0.732,0.788,0.099,0.41,0.472
0.502,0.53,1.123,0.732,0.787,0.099,0.41,0.472
0.501,0.529,1.123,0.732,0.786,0.099,0.41,0.471
0.501,0.529,1.122,0.731,0.786,0.099,0.41,0.471
0.501,0.529,1.121,0.731,0.786,0.099,0.409,0.471
0.5,0.528,1.121,0.73,0.785,0.099,0.409,0.47
0.5,0.528,1.12,0.73,0.785,0.099,0.409,0.47
0.499,0.528,1.12,0.73,0.784,0.099,0.409,0.469
0.499,0.528,1.119,0.729,0.783,0.099,0.409,0.469
0.499,0.528,1.119,0.729,0.783,0.099,0.409,0.469
0.498,0.528,1.118,0.728,0.782,0.098,0.409,0.468
0.498,0.527,1.117,0.728,0.782,0.098,0.408,0.468
0.498,0.527,1.117,0.727,0.781,0.098,0.408,0.468
0.497,0.527,1.116,0.727,0.781,0.098,0.408,0.467
0.497,0.526,1.116,0.727,0.78,0.098,0.408,0.467
0.497,0.526,1.115,0.726,0.779,0.098,0.408,0.467
0.496,0.526,1.115,0.726,0.779,0.098,0.408,0.466
0.496,0.526,1.114,0.725,0.778,0.098,0.408,0.466
0.495,0.525,1.113,0.725,0.778,0.098,0.407,0.466
0.495,0.525,1.113,0.724,0.777,0.098,0.407,0.465
0.495,0.525,1.112,0.724,0.776,0.098,0.407,0.465
0.494,0.524,1.112,0.723,0.776,0.098,0.407,0.465
0.494,0.524,1.111,0.723,0.776,0.098,0.407,0.465
0.494,0.523,1.111,0.722,0.775,0.098,0.407,0.464
0.493,0.523,1.11,0.722,0.775,0.098,0.407,0.464
0.493,0.523,1.11,0.722,0.774,0.098,0.406,0.464
0.493,0.523,1.109,0.721,0.773,0.098,0.406,0.464
0.492,0.523,1.109,0.72,0.773,0.098,0.406,0.463
0.492,0.522,1.108,0.72,0.773,0.098,0.406,0.463
0.492,0.522,1.107,0.719,0.772,0.097,0.406,0.463
0.491,0.522,1.107,0.719,0.771,0.097,0.406,0.463
0.491,0.522,1.106,0.719,0.771,0.097,0.406,0.462
0.491,0.521,1.106,0.718,0.771,0.097,0.406,0.462
0.49,0.521,1.105,0.717,0.77,0.097,0.406,0.462
0.49,0.521,1.104,0.717,0.77,0.097,0.405,0.461
0.489,0.521,1.104,0.716,0.769,0.097,0.405,0.461
0.489,0.521,1.103,0.716,0.768,0.097,0.405,0.461
0.489,0.52,1.102,0.715,0.768,0.097,0.405,0.46
0.488,0.52,1.102,0.715,0.767,0.097,0.405,0.46
0.488,0.52,1.102,0.714,0.767,0.097,0.405,0.46
0.488,0.52,1.101,0.714,0.766,0.097,0.405,0.459
0.487,0.52,1.1,0.713,0.766,0.097,0.404,0.459
0.487,0.52,1.1,0.713,0.765,0.097,0.404,0.459
0.487,0.519,1.099,0.712,0.765,0.097,0.404,0.459
0.486,0.519,1.099,0.712,0.764,0.097,0.404,0.458
0.486,0.519,1.098,0.711,0.764,0.097,0.404,0.458
0.485,0.519,1.097,0.71,0.764,0.097,0.404,0.458
0.485,0.519,1.097,0.71,0.763,0.097,0.404,0.458
0.485,0.518,1.097,0.71,0.763,0.097,0.404,0.457
0.484,0.518,1.096,0.709,0.762,0.097,0.403,0.457
0.484,0.518,1.095,0.709,0.762,0.096,0.403,0.457
0.484,0.518,1.095,0.709,0.762,0.096,0.403,0.457
0.484,0.517,1.094,0.708,0.761,0.096,0.403,0.456
0.483,0.517,1.094,0.708,0.761,0.096,0.403,0.456
0.483,0.517,1.094,0.707,0.76,0.096,0.403,0.456
0.483,0.517,1.093,0.707,0.76,0.096,0.403,0.456
0.482,0.517,1.092,0.707,0.759,0.096,0.402,0.455
0.482,0.516,1.092,0.706,0.759,0.096,0.402,0.455
0.482,0.516,1.091,0.706,0.759,0.096,0.402,0.455
0.481,0.516,1.091,0.706,0.758,0.096,0.402,0.455
0.481,0.516,1.09,0.705,0.758,0.096,0.402,0.454
0.48,0.515,1.089,0.705,0.757,0.096,0.402,0.454
0.48,0.515,1.089,0.704,0.757,0.096,0.402,0.454
0.48,0.515,1.088,0.704,0.757,0.096,0.402,0.454
0.48,0.515,1.088,0.703,0.756,0.096,0.401,0.453
0.479,0.514,1.087,0.703,0.756,0.096,0.401,0.453
0.479,0.514,1.087,0.702,0.755,0.096,0.401,0.453
0.479,0.514,1.086,0.702,0.755,0.096,0.401,0.452
0.478,0.514,1.086,0.702,0.754,0.096,0.401,0.452
0.478,0.514,1.085,0.701,0.754,0.096,0.401,0.452
0.477,0.513,1.085,0.701,0.753,0.095,0.4,0.452
0.477,0.513,1.084,0.7,0.753,0.096,0.401,0.451
0.477,0.513,1.084,0.7,0.753,0.095,0.4,0.451
0.477,0.513,1.083,0.699,0.752,0.095,0.4,0.451
0.476,0.513,1.083,0.699,0.752,0.095,0.4,0.451
0.476,0.512,1.082,0.698,0.751,0.095,0.4,0.451
0.476,0.512,1.082,0.698,0.751,0.095,0.4,0.45
0.475,0.512,1.081,0.698,0.75,0.095,0.4,0.45
0.475,0.512,1.081,0.697,0.75,0.095,0.4,0.45
0.475,0.512,1.08,0.697,0.75,0.095,0.399,0.45
0.474,0.512,1.08,0.696,0.749,0.095,0.399,0.449
0.474,0.512,1.079,0.696,0.749,0.095,0.399,0.449
0.474,0.511,1.079,0.695,0.748,0.095,0.399,0.449
0.474,0.511,1.078,0.695,0.748,0.095,0.399,0.449
0.473,0.511,1.078,0.695,0.747,0.095,0.399,0.448
0.473,0.511,1.077,0.694,0.747,0.095,0.399,0.448
0.472,0.511,1.077,0.694,0.747,0.095,0.399,0.448
0.472,0.51,1.076,0.693,0.746,0.095,0.398,0.448
0.472,0.51,1.075,0.693,0.746,0.095,0.398,0.447
0.472,0.51,1.075,0.692,0.745,0.095,0.398,0.447
0.471,0.51,1.074,0.692,0.745,0.095,0.398,0.447
0.471,0.51,1.074,0.691,0.744,0.095,0.398,0.447
0.471,0.509,1.073,0.691,0.744,0.095,0.398,0.446
0.47,0.509,1.073,0.691,0.744,0.095,0.398,0.446
0.47,0.509,1.073,0.69,0.743,0.095,0.398,0.446
0.47,0.509,1.072,0.689,0.743,0.095,0.398,0.446
0.469,0.509,1.071,0.689,0.742,0.095,0.397,0.446
0.469,0.509,1.071,0.689,0.742,0.095,0.397,0.445
0.469,0.509,1.071,0.688,0.742,0.095,0.397,0.445
0.469,0.509,1.07,0.688,0.741,0.095,0.397,0.445
0.468,0.509,1.07,0.688,0.741,0.095,0.397,0.445
0.468,0.508,1.069,0.687,0.74,0.095,0.397,0.444
0.468,0.508,1.069,0.687,0.74,0.094,0.397,0.444
0.467,0.508,1.068,0.687,0.739,0.094,0.397,0.444
0.467,0.508,1.068,0.686,0.739,0.095,0.396,0.444
0.467,0.507,1.067,0.686,0.738,0.094,0.396,0.443
0.467,0.507,1.067,0.685,0.738,0.094,0.396,0.443
0.466,0.507,1.066,0.685,0.738,0.094,0.396,0.443
0.466,0.507,1.066,0.685,0.737,0.094,0.396,0.443
0.466,0.507,1.065,0.684,0.737,0.094,0.396,0.442
0.465,0.507,1.065,0.684,0.736,0.094,0.396,0.442
0.465,0.506,1.064,0.683,0.736,0.094,0.396,0.442
0.465,0.506,1.064,0.683,0.735,0.094,0.395,0.442
0.465,0.506,1.063,0.682,0.735,0.094,0.395,0.441
0.464,0.506,1.063,0.682,0.734,0.094,0.395,0.441
0.464,0.506,1.062,0.681,0.734,0.094,0.395,0.441
0.464,0.506,1.062,0.681,0.734,0.094,0.395,0.441
0.463,0.506,1.061,0.681,0.733,0.094,0.395,0.44
0.463,0.505,1.061,0.68,0.733,0.094,0.395,0.44
0.463,0.505,1.06,0.68,0.732,0.094,0.395,0.44
0.463,0.505,1.06,0.679,0.732,0.094,0.394,0.44
0.462,0.505,1.059,0.679,0.732,0.094,0.394,0.439
0.462,0.505,1.059,0.678,0.731,0.094,0.394,0.439
0.462,0.504,1.058,0.678,0.731,0.094,0.394,0.439
0.461,0.504,1.058,0.678,0.731,0.094,0.394,0.439
0.461,0.504,1.057,0.677,0.73,0.094,0.394,0.439
0.461,0.504,1.057,0.677,0.73,0.094,0.394,0.438
0.461,0.504,1.056,0.677,0.73,0.094,0.394,0.438
0.46,0.503,1.056,0.676,0.729,0.094,0.394,0.438
0.46,0.503,1.055,0.676,0.729,0.094,0.393,0.438
0.46,0.503,1.054,0.675,0.728,0.094,0.393,0.437
0.46,0.503,1.054,0.675,0.728,0.093,0.393,0.437
0.459,0.502,1.054,0.674,0.728,0.094,0.393,0.437
0.459,0.503,1.053,0.674,0.727,0.093,0.393,0.437
0.459,0.502,1.053,0.674,0.727,0.093,0.393,0.437
0.458,0.502,1.053,0.673,0.727,0.093,0.393,0.436
0.458,0.502,1.052,0.673,0.726,0.093,0.393,0.436
0.458,0.502,1.051,0.673,0.726,0.093,0.392,0.436
0.457,0.502,1.051,0.672,0.725,0.093,0.392,0.436
0.457,0.501,1.05,0.672,0.725,0.093,0.392,0.436
0.457,0.501,1.05,0.671,0.725,0.093,0.392,0.435
0.457,0.501,1.049,0.671,0.724,0.093,0.392,0.435
0.456,0.501,1.049,0.671,0.724,0.093,0.392,0.435
0.456,0.501,1.048,0.67,0.724,0.093,0.392,0.435
0.456,0.501,1.048,0.67,0.723,0.093,0.392,0.434
0.456,0.501,1.048,0.669,0.723,0.093,0.391,0.434
0.455,0.501,1.047,0.669,0.722,0.093,0.391,0.434
0.455,0.501,1.047,0.668,0.722,0.093,0.391,0.434
0.455,0.501,1.046,0.668,0.722,0.093,0.391,0.434
0.455,0.501,1.046,0.668,0.721,0.093,0.391,0.433
0.454,0.5,1.045,0.667,0.721,0.093,0.391,0.433
0.454,0.5,1.045,0.667,0.721,0.093,0.391,0.433
0.454,0.5,1.044,0.667,0.72,0.093,0.391,0.433
0.453,0.5,1.044,0.666,0.72,0.093,0.391,0.433
0.453,0.5,1.043,0.666,0.72,0.093,0.39,0.433
0.453,0.5,1.043,0.665,0.719,0.093,0.39,0.432
0.453,0.499,1.042,0.665,0.719,0.093,0.39,0.432
0.452,0.499,1.042,0.665,0.719,0.093,0.39,0.432
0.452,0.499,1.041,0.664,0.718,0.093,0.39,0.432
0.452,0.499,1.041,0.664,0.718,0.093,0.39,0.432
0.452,0.499,1.041,0.664,0.718,0.093,0.39,0.432
0.451,0.499,1.04,0.663,0.718,0.093,0.39,0.431
0.451,0.498,1.039,0.663,0.717,0.093,0.39,0.431
0.451,0.498,1.039,0.663,0.717,0.092,0.39,0.431
0.45,0.498,1.038,0.662,0.717,0.093,0.389,0.431
0.45,0.498,1.038,0.662,0.717,0.093,0.389,0.431
0.45,0.497,1.038,0.662,0.717,0.093,0.389,0.431
0.45,0.497,1.037,0.662,0.717,0.092,0.389,0.43
0.449,0.497,1.037,0.661,0.716,0.093,0.389,0.43
0.449,0.496,1.036,0.661,0.716,0.092,0.389,0.43
0.449,0.496,1.036,0.661,0.716,0.092,0.389,0.43
0.449,0.496,1.035,0.661,0.716,0.092,0.389,0.429
0.448,0.495,1.035,0.661,0.715,0.092,0.389,0.429
0.448,0.495,1.034,0.661,0.715,0.092,0.388,0.429
0.448,0.495,1.034,0.66,0.715,0.092,0.388,0.429
0.448,0.495,1.033,0.66,0.714,0.092,0.388,0.429
0.447,0.495,1.033,0.66,0.714,0.092,0.388,0.428
0.447,0.495,1.032,0.66,0.714,0.092,0.388,0.428
0.447,0.495,1.032,0.659,0.713,0.092,0.388,0.428
0.447,0.494,1.031,0.659,0.713,0.092,0.388,0.428
0.446,0.494,1.031,0.659,0.713,0.092,0.387,0.427
0.446,0.494,1.031,0.658,0.712,0.092,0.388,0.427
0.446,0.494,1.03,0.658,0.712,0.092,0.387,0.427
0.446,0.494,1.03,0.657,0.712,0.092,0.387,0.427
0.446,0.494,1.029,0.657,0.711,0.092,0.387,0.426
0.445,0.494,1.029,0.657,0.711,0.092,0.387,0.426
0.445,0.493,1.028,0.656,0.71,0.092,0.387,0.426
0.445,0.493,1.028,0.656,0.71,0.092,0.387,0.426
0.444,0.493,1.027,0.656,0.71,0.092,0.387,0.425
0.444,0.492,1.027,0.655,0.709,0.092,0.387,0.425
0.444,0.492,1.026,0.655,0.709,0.092,0.386,0.425
0.444,0.492,1.026,0.655,0.708,0.092,0.386,0.425
0.443,0.492,1.026,0.655,0.708,0.092,0.386,0.424
0.443,0.492,1.025,0.654,0.708,0.092,0.386,0.424
0.443,0.491,1.025,0.654,0.707,0.092,0.386,0.424
0.443,0.491,1.024,0.654,0.707,0.092,0.386,0.424
0.443,0.491,1.024,0.653,0.706,0.092,0.386,0.424
0.442,0.491,1.023,0.653,0.706,0.092,0.386,0.423
0.442,0.491,1.023,0.652,0.706,0.092,0.386,0.423
0.442,0.491,1.022,0.652,0.705,0.092,0.386,0.423
0.441,0.491,1.022,0.652,0.705,0.092,0.385,0.423
0.441,0.491,1.022,0.651,0.705,0.092,0.385,0.422
0.441,0.491,1.021,0.651,0.704,0.092,0.385,0.422
0.441,0.491,1.021,0.651,0.704,0.092,0.385,0.422
0.44,0.49,1.02,0.65,0.703,0.092,0.385,0.422
0.44,0.49,1.02,0.65,0.703,0.092,0.385,0.421
0.44,0.49,1.02,0.65,0.702,0.091,0.385,0.421
0.44,0.49,1.019,0.649,0.702,0.092,0.385,0.421
0.439,0.49,1.019,0.649,0.702,0.092,0.385,0.421
0.439,0.49,1.018,0.649,0.701,0.091,0.384,0.42
0.439,0.49,1.018,0.649,0.701,0.091,0.384,0.42
0.439,0.49,1.018,0.648,0.701,0.091,0.384,0.42
0.439,0.49,1.017,0.648,0.7,0.092,0.384,0.42
0.438,0.489,1.016,0.648,0.7,0.091,0.384,0.42
0.438,0.489,1.016,0.648,0.7,0.091,0.384,0.419
0.438,0.489,1.016,0.647,0.7,0.091,0.384,0.419
0.437,0.488,1.015,0.647,0.699,0.091,0.384,0.419
0.437,0.488,1.015,0.647,0.699,0.091,0.384,0.419
0.437,0.488,1.014,0.646,0.699,0.091,0.383,0.419
0.437,0.488,1.014,0.646,0.698,0.091,0.383,0.419
0.437,0.488,1.014,0.646,0.698,0.091,0.383,0.419
0.436,0.488,1.013,0.646,0.698,0.091,0.383,0.418
0.436,0.487,1.013,0.645,0.697,0.091,0.383,0.418
0.436,0.487,1.012,0.645,0.697,0.091,0.383,0.418
0.436,0.487,1.012,0.645,0.697,0.091,0.383,0.418
0.435,0.487,1.012,0.645,0.696,0.091,0.383,0.417
0.435,0.486,1.011,0.644,0.696,0.091,0.382,0.417
0.435,0.486,1.011,0.644,0.696,0.091,0.382,0.417
0.435,0.486,1.01,0.644,0.695,0.091,0.382,0.416
0.434,0.486,1.01,0.643,0.695,0.091,0.382,0.416
0.434,0.486,1.01,0.643,0.695,0.091,0.382,0.416
0.434,0.486,1.009,0.643,0.694,0.091,0.382,0.416
0.434,0.485,1.009,0.642,0.694,0.091,0.382,0.416
0.434,0.485,1.008,0.642,0.693,0.091,0.382,0.415
0.433,0.485,1.008,0.642,0.693,0.091,0.382,0.415
0.433,0.485,1.007,0.641,0.693,0.091,0.381,0.415
0.433,0.485,1.007,0.641,0.692,0.091,0.381,0.415
0.433,0.485,1.006,0.641,0.692,0.091,0.381,0.415
0.432,0.484,1.006,0.64,0.691,0.091,0.381,0.414
0.432,0.484,1.006,0.64,0.691,0.091,0.381,0.414
0.432,0.484,1.006,0.64,0.691,0.091,0.381,0.414
0.432,0.484,1.005,0.639,0.69,0.091,0.381,0.414
0.432,0.484,1.004,0.639,0.69,0.091,0.381,0.414
0.431,0.484,1.004,0.639,0.69,0.091,0.381,0.414
0.431,0.484,1.003,0.638,0.689,0.091,0.381,0.413
0.431,0.484,1.003,0.638,0.689,0.091,0.381,0.413
0.431,0.484,1.002,0.638,0.689,0.091,0.381,0.413
0.43,0.483,1.002,0.637,0.688,0.09,0.38,0.413
0.43,0.483,1.002,0.637,0.688,0.09,0.38,0.413
0.43,0.483,1.001,0.637,0.688,0.09,0.38,0.412
0.43,0.483,1.001,0.636,0.687,0.091,0.38,0.412
0.43,0.483,1.0,0.636,0.687,0.09,0.38,0.412
0.429,0.483,1.0,0.636,0.687,0.09,0.38,0.412
0.429,0.483,0.999,0.635,0.687,0.09,0.38,0.412
0.429,0.483,0.999,0.635,0.686,0.09,0.38,0.412
0.429,0.482,0.998,0.635,0.686,0.09,0.38,0.411
0.428,0.482,0.998,0.634,0.685,0.09,0.379,0.411
0.428,0.482,0.998,0.634,0.685,0.09,0.379,0.411
0.428,0.482,0.997,0.634,0.685,0.09,0.379,0.411
0.428,0.482,0.997,0.634,0.684,0.09,0.379,0.41
0.428,0.482,0.997,0.633,0.684,0.09,0.379,0.41
0.427,0.482,0.996,0.633,0.684,0.09,0.379,0.41
0.427,0.482,0.996,0.632,0.683,0.09,0.379,0.41
0.427,0.482,0.995,0.632,0.683,0.09,0.379,0.41
0.427,0.482,0.995,0.632,0.683,0.09,0.379,0.41
0.426,0.482,0.995,0.631,0.682,0.09,0.379,0.409
0.426,0.481,0.994,0.631,0.682,0.09,0.378,0.409
0.426,0.481,0.994,0.63,0.681,0.09,0.378,0.409
0.426,0.481,0.993,0.63,0.681,0.09,0.378,0.409
0.425,0.481,0.993,0.63,0.681,0.09,0.378,0.409
0.425,0.48,0.992,0.63,0.681,0.09,0.378,0.408
0.425,0.48,0.992,0.629,0.68,0.09,0.378,0.408
0.425,0.48,0.992,0.629,0.68,0.09,0.378,0.408
0.425,0.48,0.991,0.629,0.68,0.09,0.378,0.408
0.424,0.48,0.991,0.629,0.68,0.09,0.378,0.408
0.424,0.48,0.99,0.629,0.679,0.09,0.377,0.407
0.424,0.48,0.99,0.628,0.679,0.09,0.377,0.407
0.424,0.48,0.99,0.628,0.678,0.09,0.377,0.407
0.424,0.48,0.989,0.628,0.678,0.09,0.377,0.407
0.423,0.48,0.989,0.627,0.678,0.09,0.377,0.407
0.423,0.48,0.988,0.627,0.678,0.09,0.377,0.407
0.423,0.48,0.988,0.627,0.678,0.09,0.377,0.407
0.423,0.479,0.988,0.627,0.677,0.09,0.377,0.406
0.422,0.479,0.987,0.627,0.677,0.09,0.376,0.406
0.422,0.479,0.987,0.626,0.677,0.09,0.377,0.406
0.422,0.479,0.986,0.626,0.676,0.09,0.376,0.406
0.422,0.479,0.986,0.626,0.676,0.09,0.376,0.406
0.422,0.479,0.986,0.625,0.676,0.09,0.376,0.406
0.421,0.479,0.985,0.625,0.676,0.09,0.376,0.405
0.421,0.479,0.985,0.625,0.675,0.09,0.376,0.405
0.421,0.479,0.984,0.624,0.675,0.09,0.376,0.405
0.421,0.479,0.984,0.624,0.675,0.089,0.376,0.405
0.421,0.479,0.984,0.624,0.674,0.09,0.376,0.405
0.42,0.479,0.983,0.623,0.674,0.09,0.376,0.405
0.42,0.479,0.983,0.623,0.674,0.09,0.376,0.404
0.42,0.479,0.982,0.623,0.673,0.089,0.375,0.404
0.42,0.479,0.982,0.622,0.673,0.089,0.375,0.404
0.42,0.479,0.982,0.622,0.673,0.089,0.375,0.404
0.419,0.478,0.981,0.622,0.673,0.089,0.375,0.404
0.419,0.478,0.981,0.622,0.672,0.089,0.375,0.403
0.419,0.478,0.981,0.621,0.672,0.089,0.375,0.403
0.419,0.478,0.98,0.621,0.672,0.089,0.375,0.403
0.418,0.478,0.98,0.621,0.672,0.089,0.375,0.403
0.418,0.477,0.98,0.621,0.671,0.089,0.375,0.403
0.418,0.477,0.979,0.621,0.671,0.089,0.375,0.403
0.418,0.477,0.979,0.62,0.671,0.089,0.374,0.403
0.418,0.477,0.978,0.62,0.671,0.089,0.374,0.402
0.417,0.477,0.978,0.62,0.671,0.089,0.374,0.402
0.417,0.477,0.978,0.619,0.67,0.089,0.374,0.402
0.417,0.477,0.977,0.619,0.67,0.089,0.374,0.402
0.417,0.476,0.977,0.619,0.67,0.089,0.374,0.402
0.417,0.476,0.976,0.619,0.67,0.089,0.374,0.402
0.416,0.476,0.976,0.618,0.669,0.089,0.374,0.402
0.416,0.476,0.976,0.618,0.669,0.089,0.374,0.401
0.416,0.476,0.975,0.618,0.669,0.089,0.374,0.401
0.416,0.476,0.975,0.618,0.668,0.089,0.373,0.401
0.415,0.476,0.975,0.617,0.668,0.089,0.373,0.401
0.415,0.476,0.974,0.617,0.668,0.089,0.373,0.401
0.415,0.475,0.974,0.617,0.667,0.089,0.373,0.4
0.415,0.475,0.973,0.617,0.667,0.089,0.373,0.4
0.415,0.475,0.973,0.616,0.667,0.089,0.373,0.4
0.414,0.475,0.973,0.616,0.667,0.089,0.373,0.4
0.414,0.475,0.972,0.616,0.666,0.089,0.373,0.4
0.414,0.475,0.972,0.615,0.666,0.089,0.373,0.4
0.414,0.475,0.971,0.615,0.666,0.089,0.373,0.4
0.414,0.475,0.971,0.615,0.665,0.089,0.373,0.4
0.413,0.475,0.971,0.615,0.665,0.089,0.372,0.399
0.413,0.475,0.971,0.614,0.665,0.089,0.372,0.399
0.413,0.475,0.97,0.614,0.665,0.089,0.372,0.399
0.413,0.475,0.97,0.614,0.664,0.089,0.372,0.399
0.413,0.474,0.969,0.613,0.664,0.089,0.372,0.399
0.412,0.474,0.969,0.613,0.664,0.089,0.372,0.399
0.412,0.474,0.969,0.613,0.664,0.089,0.372,0.398
0.412,0.474,0.968,0.613,0.663,0.089,0.372,0.398
0.412,0.474,0.968,0.612,0.663,0.089,0.371,0.398
0.412,0.473,0.967,0.612,0.663,0.089,0.371,0.398
0.412,0.473,0.967,0.612,0.663,0.089,0.371,0.398
0.411,0.473,0.967,0.611,0.662,0.089,0.371,0.398
0.411,0.473,0.966,0.611,0.662,0.089,0.371,0.398
0.411,0.473,0.966,0.611,0.662,0.089,0.371,0.397
0.411,0.473,0.966,0.611,0.662,0.089,0.371,0.397
0.41,0.472,0.965,0.611,0.661,0.089,0.371,0.397
0.41,0.472,0.965,0.61,0.661,0.089,0.371,0.397
0.41,0.472,0.964,0.61,0.661,0.089,0.371,0.397
0.41,0.472,0.964,0.61,0.661,0.089,0.371,0.397
0.41,0.472,0.964,0.609,0.66,0.089,0.37,0.396
0.41,0.472,0.963,0.609,0.66,0.088,0.371,0.396
0.409,0.471,0.963,0.609,0.66,0.088,0.37,0.396
0.409,0.471,0.963,0.609,0.66,0.088,0.37,0.396
0.409,0.471,0.962,0.608,0.66,0.088,0.37,0.396
0.409,0.471,0.962,0.608,0.659,0.088,0.37,0.396
0.409,0.471,0.962,0.608,0.659,0.088,0.37,0.395
0.408,0.471,0.961,0.608,0.659,0.088,0.37,0.395
0.408,0.471,0.961,0.607,0.658,0.088,0.37,0.395
0.408,0.471,0.961,0.607,0.658,0.088,0.37,0.395
0.408,0.471,0.96,0.607,0.658,0.088,0.37,0.395
0.408,0.471,0.96,0.607,0.658,0.088,0.369,0.395
0.408,0.471,0.959,0.606,0.657,0.088,0.369,0.395
0.407,0.471,0.959,0.606,0.657,0.088,0.369,0.395
0.407,0.47,0.959,0.606,0.657,0.088,0.369,0.394
0.407,0.47,0.958,0.606,0.657,0.088,0.369,0.394
0.407,0.47,0.958,0.606,0.657,0.088,0.369,0.394
0.407,0.47,0.957,0.605,0.656,0.088,0.369,0.394
0.406,0.47,0.957,0.605,0.656,0.088,0.369,0.394
0.406,0.47,0.957,0.605,0.656,0.088,0.369,0.394
0.406,0.469,0.957,0.604,0.655,0.088,0.368,0.393
0.406,0.469,0.956,0.604,0.655,0.088,0.368,0.393
0.406,0.469,0.956,0.604,0.655,0.088,0.368,0.393
0.405,0.469,0.955,0.604,0.655,0.088,0.368,0.393
0.405,0.469,0.955,0.604,0.654,0.088,0.368,0.393
0.405,0.468,0.955,0.603,0.654,0.088,0.368,0.393
0.405,0.468,0.954,0.603,0.654,0.088,0.368,0.393
0.404,0.468,0.954,0.603,0.654,0.088,0.368,0.393
0.404,0.468,0.954,0.603,0.653,0.088,0.368,0.392
0.404,0.468,0.953,0.602,0.653,0.088,0.368,0.392
0.404,0.468,0.953,0.602,0.653,0.088,0.368,0.392
0.404,0.467,0.953,0.602,0.653,0.088,0.368,0.392
0.404,0.467,0.952,0.602,0.652,0.088,0.367,0.392
0.403,0.467,0.952,0.602,0.652,0.088,0.367,0.392
0.403,0.467,0.952,0.602,0.652,0.088,0.367,0.392
0.403,0.467,0.951,0.602,0.652,0.088,0.367,0.391
0.403,0.467,0.951,0.601,0.652,0.088,0.367,0.391
0.403,0.467,0.951,0.601,0.651,0.088,0.367,0.391
0.403,0.466,0.95,0.601,0.651,0.088,0.367,0.391
0.402,0.466,0.95,0.601,0.651,0.088,0.367,0.391
0.402,0.466,0.949,0.601,0.651,0.088,0.367,0.391
0.402,0.466,0.949,0.6,0.651,0.088,0.367,0.391
0.402,0.465,0.949,0.6,0.65,0.088,0.367,0.391
0.402,0.465,0.948,0.6,0.65,0.088,0.366,0.39
0.401,0.465,0.948,0.6,0.65,0.088,0.366,0.39
0.401,0.465,0.948,0.599,0.65,0.088,0.366,0.39
0.401,0.465,0.947,0.599,0.649,0.088,0.366,0.39
0.401,0.465,0.947,0.599,0.649,0.088,0.366,0.39
0.401,0.465,0.947,0.599,0.649,0.088,0.366,0.39
0.401,0.465,0.946,0.599,0.649,0.088,0.366,0.39
0.4,0.465,0.946,0.599,0.648,0.088,0.366,0.39
0.4,0.465,0.946,0.598,0.648,0.088,0.366,0.389
0.4,0.465,0.945,0.598,0.648,0.088,0.366,0.389
0.4,0.464,0.945,0.598,0.648,0.088,0.365,0.389
0.4,0.465,0.945,0.598,0.648,0.088,0.365,0.389
0.4,0.465,0.944,0.598,0.647,0.087,0.365,0.389
0.4,0.464,0.944,0.597,0.647,0.087,0.365,0.389
0.399,0.464,0.944,0.597,0.647,0.088,0.365,0.389
0.399,0.464,0.943,0.597,0.646,0.087,0.365,0.388
0.399,0.464,0.943,0.597,0.646,0.087,0.365,0.388
0.399,0.464,0.942,0.596,0.646,0.087,0.365,0.388
0.398,0.464,0.942,0.596,0.646,0.088,0.365,0.388
0.399,0.464,0.942,0.596,0.645,0.087,0.365,0.388
0.398,0.464,0.942,0.596,0.645,0.087,0.365,0.388
0.398,0.463,0.941,0.596,0.645,0.087,0.364,0.388
0.398,0.463,0.941,0.595,0.644,0.087,0.364,0.388
0.398,0.463,0.941,0.595,0.644,0.088,0.364,0.388
0.398,0.463,0.94,0.595,0.644,0.087,0.364,0.387
0.397,0.463,0.94,0.594,0.644,0.088,0.364,0.387
0.397,0.463,0.939,0.594,0.643,0.087,0.364,0.387
0.397,0.463,0.939,0.594,0.643,0.087,0.364,0.387
0.397,0.462,0.939,0.594,0.643,0.087,0.364,0.387
0.397,0.462,0.938,0.593,0.643,0.087,0.364,0.387
0.397,0.462,0.938,0.593,0.642,0.087,0.364,0.387
0.396,0.462,0.938,0.593,0.642,0.087,0.364,0.387
0.396,0.462,0.937,0.592,0.642,0.087,0.363,0.386
0.396,0.462,0.937,0.592,0.642,0.087,0.363,0.386
0.396,0.461,0.937,0.592,0.641,0.087,0.363,0.386
0.396,0.461,0.936,0.592,0.641,0.087,0.363,0.386
0.396,0.461,0.936,0.592,0.641,0.087,0.363,0.386
0.396,0.461,0.936,0.591,0.641,0.087,0.363,0.385
0.395,0.461,0.935,0.591,0.641,0.087,0.363,0.385
0.395,0.461,0.935,0.59,0.641,0.087,0.363,0.385
0.395,0.461,0.935,0.59,0.64,0.087,0.363,0.385
0.395,0.461,0.934,0.59,0.64,0.087,0.363,0.385
0.395,0.461,0.934,0.59,0.64,0.087,0.363,0.385
0.395,0.461,0.934,0.59,0.64,0.087,0.363,0.385
0.394,0.46,0.933,0.59,0.64,0.087,0.362,0.385
0.394,0.46,0.933,0.59,0.639,0.087,0.362,0.385
0.394,0.46,0.933,0.589,0.639,0.087,0.362,0.384
0.394,0.46,0.932,0.589,0.639,0.087,0.362,0.384
0.394,0.46,0.932,0.589,0.639,0.087,0.362,0.384
0.393,0.46,0.932,0.589,0.639,0.087,0.362,0.384
0.393,0.459,0.932,0.589,0.638,0.087,0.362,0.384
0.393,0.459,0.931,0.589,0.638,0.087,0.362,0.384
0.393,0.459,0.931,0.589,0.638,0.087,0.362,0.384
0.393,0.459,0.931,0.589,0.638,0.087,0.361,0.384
0.393,0.459,0.93,0.588,0.638,0.087,0.362,0.384
0.392,0.459,0.93,0.588,0.638,0.087,0.361,0.384
0.392,0.459,0.93,0.588,0.638,0.087,0.361,0.383
0.392,0.458,0.929,0.588,0.637,0.087,0.361,0.383
0.392,0.458,0.929,0.588,0.637,0.087,0.361,0.383
0.392,0.458,0.929,0.588,0.637,0.087,0.361,0.383
0.392,0.458,0.928,0.588,0.637,0.087,0.361,0.383
0.392,0.458,0.928,0.587,0.637,0.087,0.361,0.383
0.391,0.458,0.928,0.587,0.637,0.087,0.361,0.383
0.391,0.458,0.927,0.587,0.636,0.087,0.361,0.383
0.391,0.457,0.927,0.587,0.636,0.087,0.36,0.383
0.391,0.457,0.927,0.587,0.636,0.087,0.36,0.382
0.391,0.457,0.926,0.586,0.635,0.087,0.36,0.382
0.391,0.457,0.926,0.586,0.635,0.087,0.36,0.382
0.39,0.457,0.926,0.586,0.635,0.087,0.36,0.382
0.39,0.457,0.925,0.586,0.635,0.087,0.36,0.382
0.39,0.457,0.925,0.586,0.634,0.087,0.36,0.382
0.39,0.457,0.925,0.585,0.634,0.087,0.36,0.381
0.39,0.457,0.924,0.585,0.634,0.087,0.36,0.381
0.39,0.456,0.924,0.585,0.634,0.087,0.36,0.381
0.39,0.456,0.924,0.585,0.633,0.087,0.36,0.381
0.39,0.456,0.923,0.584,0.633,0.087,0.36,0.381
0.389,0.456,0.923,0.584,0.633,0.087,0.359,0.381
0.389,0.456,0.923,0.584,0.633,0.087,0.359,0.38
0.389,0.456,0.923,0.584,0.633,0.087,0.359,0.381
0.389,0.456,0.922,0.583,0.632,0.086,0.359,0.38
0.389,0.456,0.922,0.583,0.632,0.087,0.359,0.38
0.388,0.456,0.921,0.583,0.632,0.087,0.359,0.38
0.388,0.455,0.921,0.583,0.632,0.087,0.359,0.38
0.388,0.455,0.921,0.582,0.632,0.087,0.359,0.38
0.388,0.455,0.92,0.582,0.631,0.087,0.359,0.38
0.388,0.455,0.92,0.582,0.631,0.087,0.358,0.379
0.388,0.455,0.92,0.582,0.631,0.087,0.359,0.379
0.387,0.455,0.919,0.581,0.631,0.087,0.358,0.379
0.387,0.455,0.919,0.581,0.63,0.087,0.358,0.379
0.387,0.455,0.919,0.581,0.63,0.086,0.358,0.379
0.387,0.455,0.919,0.581,0.63,0.087,0.358,0.379
0.387,0.455,0.918,0.58,0.63,0.087,0.358,0.379
0.387,0.455,0.918,0.58,0.629,0.086,0.358,0.378
0.387,0.455,0.918,0.58,0.629,0.087,0.358,0.378
0.386,0.454,0.917,0.58,0.629,0.086,0.358,0.378
0.386,0.454,0.917,0.579,0.629,0.086,0.358,0.378
0.386,0.454,0.917,0.579,0.628,0.086,0.358,0.378
0.386,0.454,0.916,0.579,0.628,0.086,0.358,0.378
0.386,0.454,0.916,0.579,0.628,0.086,0.357,0.378
0.386,0.454,0.915,0.578,0.628,0.086,0.357,0.378
0.386,0.454,0.915,0.578,0.627,0.086,0.357,0.378
0.385,0.454,0.915,0.578,0.627,0.086,0.357,0.378
0.385,0.453,0.914,0.578,0.627,0.086,0.357,0.377
0.385,0.453,0.914,0.577,0.627,0.086,0.357,0.377
0.385,0.453,0.914,0.577,0.626,0.086,0.357,0.377
0.385,0.453,0.914,0.577,0.626,0.086,0.357,0.377
0.385,0.453,0.913,0.577,0.626,0.086,0.357,0.377
0.385,0.453,0.913,0.577,0.626,0.086,0.357,0.377
0.384,0.453,0.912,0.576,0.625,0.086,0.357,0.377
0.384,0.453,0.912,0.576,0.625,0.086,0.357,0.376
0.384,0.453,0.912,0.576,0.625,0.086,0.356,0.376
0.384,0.453,0.912,0.576,0.625,0.086,0.356,0.376
0.384,0.453,0.911,0.575,0.625,0.086,0.356,0.376
0.384,0.452,0.911,0.575,0.624,0.086,0.356,0.376
0.384,0.452,0.911,0.575,0.624,0.086,0.356,0.376
0.384,0.452,0.91,0.575,0.624,0.086,0.356,0.376
0.383,0.452,0.91,0.575,0.624,0.086,0.356,0.376
0.383,0.452,0.91,0.574,0.624,0.086,0.356,0.376
0.383,0.452,0.909,0.574,0.624,0.086,0.356,0.376
0.383,0.451,0.909,0.574,0.623,0.086,0.356,0.375
0.383,0.451,0.909,0.574,0.623,0.086,0.356,0.375
0.382,0.451,0.908,0.574,0.623,0.086,0.356,0.375
0.382,0.451,0.908,0.573,0.623,0.086,0.356,0.375
0.382,0.451,0.908,0.573,0.622,0.086,0.355,0.375
0.382,0.451,0.908,0.573,0.622,0.086,0.355,0.375
0.382,0.451,0.907,0.573,0.622,0.086,0.355,0.375
0.382,0.451,0.907,0.573,0.622,0.086,0.355,0.375
0.382,0.451,0.907,0.573,0.621,0.086,0.355,0.374
0.382,0.451,0.906,0.572,0.621,0.086,0.355,0.374
0.382,0.451,0.906,0.572,0.621,0.086,0.355,0.374
0.381,0.451,0.906,0.572,0.621,0.086,0.355,0.374
0.381,0.45,0.905,0.571,0.621,0.086,0.355,0.374
0.381,0.45,0.905,0.571,0.62,0.086,0.355,0.374
0.381,0.45,0.904,0.571,0.62,0.086,0.355,0.374
0.381,0.45,0.904,0.571,0.62,0.086,0.354,0.374
0.381,0.45,0.904,0.57,0.62,0.086,0.354,0.373
0.38,0.45,0.904,0.57,0.619,0.086,0.354,0.373
0.38,0.45,0.903,0.57,0.619,0.086,0.354,0.373
0.38,0.45,0.903,0.57,0.619,0.086,0.354,0.373
0.38,0.45,0.903,0.569,0.618,0.086,0.354,0.373
0.38,0.45,0.902,0.569,0.619,0.086,0.354,0.373
0.38,0.45,0.902,0.569,0.618,0.086,0.354,0.373
0.38,0.45,0.902,0.569,0.618,0.086,0.354,0.373
0.379,0.449,0.902,0.569,0.618,0.086,0.354,0.373
0.379,0.449,0.901,0.568,0.617,0.086,0.354,0.373
0.379,0.449,0.901,0.568,0.617,0.086,0.354,0.373
0.379,0.449,0.901,0.568,0.617,0.086,0.353,0.373
0.379,0.449,0.9,0.568,0.617,0.086,0.353,0.373
0.379,0.449,0.9,0.567,0.617,0.086,0.353,0.372
0.379,0.449,0.9,0.567,0.617,0.086,0.353,0.372
0.379,0.449,0.899,0.567,0.616,0.086,0.353,0.372
0.379,0.448,0.899,0.567,0.616,0.086,0.353,0.372
0.378,0.448,0.899,0.566,0.616,0.086,0.353,0.372
0.378,0.448,0.899,0.566,0.616,0.086,0.353,0.372
0.378,0.448,0.898,0.566,0.616,0.086,0.353,0.372
0.378,0.448,0.898,0.566,0.616,0.086,0.353,0.372
0.378,0.448,0.898,0.566,0.615,0.086,0.353,0.372
0.378,0.448,0.897,0.565,0.615,0.086,0.352,0.372
0.378,0.448,0.897,0.565,0.615,0.086,0.353,0.371
0.377,0.448,0.897,0.565,0.615,0.086,0.352,0.371
0.377,0.448,0.896,0.565,0.615,0.086,0.352,0.371
0.377,0.448,0.896,0.565,0.615,0.086,0.352,0.371
0.377,0.447,0.896,0.565,0.615,0.086,0.352,0.371
0.377,0.448,0.896,0.565,0.614,0.086,0.352,0.371
0.377,0.447,0.895,0.565,0.614,0.086,0.352,0.371
0.377,0.447,0.895,0.564,0.614,0.086,0.352,0.37
0.376,0.447,0.895,0.564,0.614,0.086,0.352,0.37
0.376,0.447,0.895,0.564,0.614,0.086,0.352,0.37
0.376,0.447,0.894,0.564,0.613,0.086,0.352,0.37
0.376,0.447,0.894,0.564,0.613,0.086,0.351,0.37
0.376,0.447,0.894,0.564,0.613,0.086,0.352,0.37
0.376,0.447,0.894,0.564,0.613,0.086,0.351,0.37
0.376,0.447,0.893,0.564,0.613,0.086,0.351,0.37
0.375,0.446,0.893,0.563,0.612,0.086,0.351,0.369
0.375,0.446,0.893,0.563,0.612,0.085,0.351,0.37
0.375,0.446,0.892,0.563,0.612,0.086,0.351,0.369
0.375,0.446,0.892,0.563,0.612,0.085,0.351,0.369
0.375,0.446,0.892,0.563,0.611,0.086,0.351,0.369
0.375,0.446,0.892,0.562,0.611,0.085,0.351,0.369
0.375,0.446,0.891,0.562,0.611,0.085,0.351,0.369
0.375,0.447,0.891,0.562,0.611,0.085,0.351,0.369
0.374,0.447,0.89,0.562,0.611,0.086,0.351,0.369
0.374,0.446,0.89,0.561,0.61,0.086,0.35,0.368
0.374,0.446,0.89,0.561,0.61,0.085,0.35,0.368
0.374,0.446,0.89,0.561,0.61,0.086,0.35,0.368
0.374,0.446,0.89,0.561,0.61,0.086,0.35,0.368
0.374,0.446,0.889,0.56,0.61,0.085,0.35,0.368
0.373,0.447,0.889,0.56,0.609,0.086,0.35,0.368
0.373,0.446,0.889,0.56,0.609,0.085,0.35,0.368
0.373,0.446,0.888,0.56,0.609,0.085,0.35,0.368
0.373,0.446,0.888,0.56,0.609,0.085,0.35,0.368
0.373,0.446,0.888,0.56,0.609,0.085,0.35,0.367
0.373,0.446,0.888,0.559,0.608,0.085,0.35,0.367
0.373,0.446,0.887,0.559,0.608,0.085,0.349,0.367
0.373,0.446,0.887,0.559,0.608,0.085,0.349,0.367
0.372,0.446,0.887,0.559,0.608,0.085,0.349,0.367
0.372,0.445,0.886,0.558,0.608,0.085,0.349,0.367
0.372,0.445,0.886,0.558,0.608,0.085,0.349,0.367
0.372,0.445,0.886,0.558,0.607,0.085,0.349,0.367
0.372,0.445,0.885,0.558,0.607,0.085,0.349,0.367
0.372,0.445,0.885,0.557,0.607,0.085,0.349,0.367
0.372,0.445,0.885,0.557,0.607,0.085,0.349,0.366
0.372,0.445,0.885,0.557,0.607,0.085,0.349,0.366
0.371,0.445,0.884,0.557,0.607,0.085,0.349,0.366
0.371,0.445,0.884,0.557,0.607,0.085,0.349,0.366
0.371,0.445,0.884,0.556,0.606,0.085,0.349,0.366
0.371,0.445,0.884,0.556,0.606,0.085,0.349,0.366
0.371,0.445,0.883,0.556,0.606,0.085,0.349,0.366
0.371,0.445,0.883,0.556,0.606,0.085,0.349,0.366
0.371,0.445,0.883,0.556,0.606,0.085,0.349,0.366
0.371,0.445,0.882,0.555,0.605,0.085,0.348,0.366
0.37,0.445,0.882,0.555,0.605,0.085,0.348,0.365
0.37,0.445,0.882,0.555,0.605,0.085,0.348,0.365
0.37,0.445,0.881,0.555,0.605,0.085,0.348,0.365
0.37,0.445,0.881,0.554,0.605,0.085,0.348,0.365
0.37,0.445,0.881,0.554,0.605,0.085,0.348,0.365
0.37,0.444,0.881,0.554,0.604,0.085,0.348,0.365
0.37,0.444,0.88,0.554,0.604,0.085,0.348,0.365
0.37,0.444,0.88,0.553,0.604,0.085,0.348,0.365
0.369,0.444,0.88,0.553,0.604,0.085,0.348,0.365
0.369,0.444,0.879,0.553,0.604,0.085,0.348,0.365
0.369,0.444,0.879,0.553,0.604,0.085,0.348,0.365
0.369,0.444,0.879,0.553,0.603,0.085,0.348,0.365
0.369,0.443,0.879,0.552,0.603,0.085,0.348,0.364
0.369,0.443,0.878,0.552,0.603,0.085,0.347,0.364
0.369,0.443,0.878,0.552,0.603,0.085,0.347,0.364
0.369,0.443,0.878,0.552,0.603,0.085,0.347,0.364
0.368,0.443,0.878,0.552,0.603,0.085,0.347,0.364
0.368,0.443,0.877,0.552,0.603,0.085,0.347,0.364
0.368,0.443,0.877,0.551,0.603,0.085,0.347,0.364
0.368,0.443,0.877,0.551,0.603,0.085,0.347,0.364
0.368,0.443,0.876,0.551,0.602,0.085,0.347,0.364
0.368,0.443,0.876,0.551,0.602,0.085,0.347,0.364
0.368,0.442,0.876,0.551,0.602,0.085,0.347,0.363
0.368,0.442,0.876,0.551,0.602,0.085,0.347,0.363
0.367,0.442,0.875,0.551,0.602,0.085,0.347,0.363
0.367,0.442,0.875,0.55,0.602,0.085,0.346,0.363
0.367,0.442,0.875,0.55,0.602,0.085,0.346,0.363
0.367,0.442,0.874,0.55,0.602,0.085,0.346,0.363
0.367,0.441,0.874,0.55,0.601,0.085,0.346,0.363
0.367,0.441,0.874,0.55,0.601,0.085,0.346,0.363
0.367,0.441,0.874,0.549,0.601,0.085,0.346,0.362
0.367,0.441,0.873,0.549,0.601,0.085,0.346,0.362
0.367,0.441,0.873,0.549,0.601,0.085,0.346,0.362
0.366,0.441,0.873,0.549,0.601,0.085,0.346,0.362
0.366,0.441,0.872,0.549,0.601,0.085,0.346,0.362
0.366,0.441,0.872,0.549,0.6,0.085,0.346,0.362
0.366,0.44,0.872,0.549,0.6,0.085,0.346,0.362
0.366,0.44,0.872,0.549,0.6,0.085,0.345,0.362
0.366,0.44,0.871,0.548,0.6,0.085,0.346,0.362
0.366,0.44,0.871,0.548,0.6,0.085,0.345,0.361
0.365,0.44,0.871,0.548,0.6,0.085,0.345,0.361
0.365,0.44,0.871,0.548,0.599,0.085,0.345,0.361
0.365,0.439,0.87,0.548,0.599,0.085,0.345,0.361
0.365,0.439,0.87,0.548,0.599,0.085,0.345,0.361
0.365,0.439,0.87,0.548,0.599,0.085,0.345,0.361
0.365,0.439,0.869,0.548,0.599,0.085,0.345,0.36
0.365,0.439,0.869,0.548,0.599,0.085,0.345,0.36
0.365,0.439,0.869,0.548,0.598,0.085,0.345,0.36
0.365,0.439,0.869,0.547,0.598,0.085,0.345,0.36
0.364,0.439,0.869,0.547,0.598,0.085,0.345,0.36
0.364,0.439,0.868,0.547,0.598,0.085,0.344,0.36
0.364,0.439,0.868,0.547,0.598,0.085,0.344,0.36
0.364,0.439,0.868,0.547,0.597,0.085,0.344,0.36
0.364,0.439,0.867,0.546,0.597,0.085,0.344,0.36
0.364,0.439,0.867,0.546,0.597,0.085,0.344,0.359
0.364,0.439,0.867,0.546,0.597,0.085,0.344,0.359
0.364,0.439,0.867,0.546,0.596,0.085,0.344,0.359
0.363,0.439,0.866,0.546,0.596,0.085,0.344,0.359
0.363,0.439,0.866,0.546,0.596,0.085,0.344,0.359
0.363,0.438,0.866,0.545,0.596,0.085,0.344,0.359
0.363,0.438,0.865,0.545,0.596,0.085,0.344,0.359
0.363,0.438,0.865,0.545,0.596,0.085,0.344,0.359
0.363,0.438,0.865,0.545,0.595,0.085,0.344,0.359
0.363,0.438,0.865,0.545,0.595,0.085,0.344,0.359
0.363,0.438,0.864,0.544,0.595,0.085,0.344,0.359
0.363,0.438,0.864,0.544,0.595,0.085,0.343,0.359
0.362,0.438,0.864,0.544,0.595,0.085,0.343,0.358
0.362,0.438,0.864,0.544,0.594,0.085,0.343,0.358
0.362,0.438,0.863,0.544,0.594,0.085,0.343,0.358
0.362,0.438,0.863,0.544,0.594,0.085,0.343,0.358
0.362,0.438,0.863,0.543,0.594,0.085,0.343,0.358
0.362,0.438,0.862,0.543,0.594,0.085,0.343,0.358
0.362,0.438,0.862,0.543,0.594,0.085,0.343,0.358
0.362,0.437,0.862,0.543,0.594,0.085,0.343,0.358
0.362,0.437,0.862,0.543,0.593,0.085,0.343,0.358
0.362,0.437,0.862,0.542,0.593,0.085,0.343,0.358
0.361,0.437,0.861,0.542,0.593,0.085,0.343,0.358
0.361,0.437,0.861,0.542,0.593,0.085,0.342,0.357
0.361,0.437,0.861,0.542,0.593,0.085,0.343,0.357
0.361,0.436,0.86,0.542,0.593,0.085,0.343,0.357
0.361,0.436,0.86,0.542,0.593,0.084,0.342,0.357
0.361,0.436,0.86,0.542,0.593,0.085,0.342,0.357
0.361,0.436,0.86,0.541,0.592,0.085,0.342,0.357
0.361,0.436,0.86,0.541,0.592,0.085,0.342,0.357
0.36,0.436,0.859,0.541,0.592,0.084,0.342,0.357
0.36,0.436,0.859,0.541,0.592,0.085,0.342,0.357
0.36,0.436,0.859,0.541,0.592,0.084,0.342,0.357
0.36,0.436,0.859,0.541,0.592,0.084,0.342,0.357
0.36,0.436,0.858,0.541,0.592,0.085,0.342,0.357
0.36,0.436,0.858,0.54,0.592,0.085,0.342,0.357
0.36,0.436,0.858,0.54,0.591,0.085,0.342,0.357
0.36,0.436,0.858,0.54,0.591,0.085,0.342,0.356
0.359,0.436,0.857,0.54,0.591,0.084,0.342,0.356
0.359,0.435,0.857,0.54,0.591,0.085,0.341,0.356
0.359,0.435,0.857,0.54,0.591,0.084,0.341,0.356
0.359,0.436,0.856,0.54,0.59,0.084,0.341,0.356
0.359,0.435,0.856,0.54,0.591,0.085,0.341,0.356
0.359,0.435,0.856,0.539,0.59,0.085,0.341,0.356
0.359,0.435,0.856,0.539,0.59,0.084,0.341,0.356
0.359,0.435,0.856,0.539,0.59,0.084,0.341,0.355
0.358,0.435,0.856,0.539,0.59,0.084,0.341,0.355
0.358,0.435,0.855,0.539,0.59,0.084,0.341,0.355
0.358,0.434,0.855,0.539,0.59,0.085,0.341,0.355
0.358,0.434,0.855,0.539,0.589,0.084,0.341,0.355
0.358,0.434,0.854,0.538,0.589,0.084,0.341,0.355
0.358,0.434,0.854,0.538,0.589,0.085,0.341,0.355
0.358,0.434,0.854,0.538,0.589,0.085,0.341,0.355
0.358,0.434,0.854,0.538,0.589,0.084,0.341,0.354
0.358,0.434,0.853,0.538,0.589,0.084,0.341,0.354
0.358,0.434,0.854,0.538,0.589,0.084,0.34,0.354
0.357,0.434,0.853,0.538,0.588,0.084,0.34,0.354
0.357,0.433,0.853,0.538,0.588,0.084,0.34,0.354
0.357,0.433,0.853,0.538,0.588,0.084,0.34,0.354
0.357,0.433,0.852,0.538,0.588,0.084,0.34,0.354
0.357,0.433,0.852,0.538,0.588,0.084,0.34,0.354
0.357,0.433,0.852,0.537,0.588,0.084,0.34,0.354
0.357,0.433,0.851,0.537,0.588,0.084,0.34,0.353
0.357,0.433,0.851,0.537,0.587,0.084,0.34,0.353
0.357,0.433,0.851,0.537,0.587,0.084,0.34,0.353
0.356,0.432,0.851,0.537,0.587,0.084,0.339,0.353
0.356,0.433,0.851,0.537,0.587,0.084,0.34,0.353
0.356,0.432,0.85,0.537,0.587,0.084,0.339,0.353
0.356,0.432,0.85,0.537,0.586,0.084,0.339,0.353
0.356,0.432,0.85,0.537,0.586,0.084,0.339,0.353
0.356,0.432,0.85,0.536,0.586,0.084,0.339,0.353
0.356,0.432,0.849,0.536,0.586,0.084,0.339,0.353
0.356,0.432,0.849,0.536,0.586,0.084,0.339,0.353
0.355,0.432,0.849,0.536,0.585,0.084,0.339,0.353
0.355,0.432,0.848,0.536,0.585,0.084,0.339,0.353
0.355,0.432,0.848,0.536,0.585,0.084,0.339,0.352
0.355,0.431,0.848,0.536,0.585,0.084,0.339,0.352
0.355,0.431,0.848,0.535,0.585,0.084,0.339,0.352
0.355,0.432,0.848,0.535,0.585,0.084,0.339,0.352
0.355,0.431,0.847,0.535,0.585,0.084,0.338,0.352
0.355,0.431,0.847,0.535,0.584,0.084,0.339,0.352
0.355,0.432,0.847,0.535,0.584,0.084,0.338,0.352
0.355,0.431,0.846,0.534,0.584,0.084,0.338,0.352
0.354,0.432,0.846,0.534,0.584,0.084,0.338,0.352
0.354,0.431,0.846,0.534,0.584,0.084,0.338,0.351
0.354,0.431,0.846,0.534,0.584,0.084,0.338,0.351
0.354,0.431,0.846,0.534,0.584,0.084,0.338,0.351
0.354,0.431,0.845,0.534,0.583,0.084,0.338,0.351
0.354,0.431,0.845,0.533,0.583,0.084,0.338,0.351
0.354,0.431,0.845,0.533,0.583,0.084,0.338,0.351
0.354,0.431,0.845,0.533,0.583,0.084,0.338,0.351
0.353,0.431,0.845,0.533,0.583,0.084,0.338,0.351
0.354,0.431,0.844,0.533,0.583,0.084,0.338,0.351
0.354,0.431,0.844,0.533,0.583,0.084,0.338,0.351
0.353,0.431,0.844,0.532,0.582,0.084,0.338,0.35
0.353,0.431,0.843,0.532,0.582,0.084,0.337,0.35
0.353,0.431,0.843,0.532,0.582,0.084,0.337,0.35
0.353,0.43,0.843,0.532,0.582,0.084,0.337,0.35
0.353,0.43,0.843,0.532,0.582,0.084,0.337,0.35
0.353,0.43,0.843,0.532,0.582,0.084,0.337,0.35
0.353,0.43,0.842,0.531,0.582,0.084,0.337,0.35
0.353,0.43,0.842,0.531,0.581,0.084,0.337,0.35
0.353,0.43,0.842,0.531,0.581,0.084,0.337,0.35
0.352,0.43,0.842,0.531,0.581,0.084,0.337,0.35
0.352,0.43,0.841,0.531,0.581,0.084,0.337,0.35
0.352,0.43,0.841,0.531,0.581,0.084,0.337,0.35
0.352,0.429,0.841,0.531,0.581,0.084,0.337,0.349
0.352,0.429,0.841,0.531,0.581,0.084,0.337,0.349
0.352,0.429,0.84,0.531,0.581,0.084,0.337,0.349
0.352,0.429,0.84,0.531,0.58,0.084,0.336,0.349
0.352,0.429,0.84,0.531,0.58,0.084,0.336,0.349
0.352,0.429,0.84,0.53,0.58,0.084,0.336,0.349
0.351,0.429,0.84,0.53,0.58,0.084,0.336,0.349
0.351,0.429,0.839,0.53,0.58,0.084,0.336,0.348
0.351,0.428,0.839,0.53,0.58,0.084,0.336,0.348
0.351,0.428,0.839,0.53,0.58,0.084,0.336,0.348
0.351,0.428,0.839,0.53,0.58,0.084,0.336,0.348
0.351,0.428,0.838,0.53,0.58,0.084,0.336,0.348
0.351,0.428,0.838,0.53,0.58,0.084,0.336,0.348
0.351,0.428,0.838,0.53,0.579,0.084,0.336,0.348
0.351,0.428,0.838,0.53,0.579,0.084,0.336,0.348
0.35,0.428,0.838,0.53,0.579,0.084,0.336,0.348
0.35,0.428,0.837,0.53,0.579,0.084,0.336,0.348
0.35,0.427,0.837,0.53,0.579,0.084,0.336,0.347
0.35,0.427,0.837,0.53,0.579,0.084,0.335,0.347
0.35,0.427,0.837,0.53,0.579,0.084,0.335,0.347
0.35,0.427,0.836,0.53,0.579,0.084,0.335,0.347
0.35,0.427,0.836,0.53,0.579,0.084,0.335,0.347
0.35,0.427,0.836,0.53,0.579,0.084,0.335,0.347
0.35,0.427,0.836,0.53,0.579,0.084,0.335,0.347
0.35,0.427,0.835,0.53,0.578,0.084,0.335,0.347
0.35,0.426,0.835,0.53,0.578,0.084,0.335,0.346
0.349,0.426,0.835,0.53,0.578,0.084,0.335,0.346
0.349,0.426,0.835,0.53,0.578,0.084,0.335,0.346
0.349,0.426,0.835,0.53,0.578,0.084,0.335,0.346
0.349,0.426,0.834,0.53,0.578,0.084,0.335,0.346
0.349,0.426,0.834,0.529,0.577,0.084,0.335,0.346
0.349,0.426,0.834,0.529,0.577,0.084,0.334,0.346
0.349,0.426,0.834,0.529,0.577,0.084,0.334,0.346
0.349,0.426,0.833,0.529,0.577,0.084,0.334,0.346
0.349,0.426,0.833,0.529,0.576,0.084,0.334,0.346
0.348,0.426,0.833,0.529,0.576,0.084,0.334,0.345
0.348,0.426,0.833,0.529,0.576,0.084,0.334,0.345
0.348,0.426,0.832,0.528,0.576,0.084,0.334,0.345
0.348,0.426,0.832,0.528,0.575,0.084,0.334,0.345
0.348,0.426,0.832,0.528,0.575,0.084,0.334,0.345
0.348,0.426,0.832,0.528,0.575,0.084,0.334,0.345
0.348,0.426,0.832,0.528,0.575,0.084,0.334,0.345
0.348,0.425,0.831,0.527,0.575,0.084,0.334,0.345
0.348,0.425,0.831,0.527,0.574,0.084,0.334,0.345
0.348,0.425,0.831,0.527,0.574,0.084,0.334,0.345
0.347,0.425,0.831,0.527,0.574,0.084,0.333,0.345
0.348,0.425,0.831,0.527,0.574,0.084,0.333,0.344
0.347,0.425,0.83,0.527,0.574,0.084,0.333,0.344
0.347,0.425,0.83,0.526,0.574,0.084,0.333,0.344
0.347,0.425,0.83,0.526,0.573,0.084,0.333,0.344
0.347,0.425,0.83,0.526,0.573,0.084,0.333,0.344
0.347,0.425,0.83,0.526,0.573,0.084,0.333,0.344
0.347,0.425,0.829,0.526,0.573,0.083,0.333,0.344
0.347,0.425,0.829,0.526,0.573,0.084,0.333,0.344
0.347,0.425,0.829,0.526,0.573,0.084,0.333,0.344
0.347,0.424,0.828,0.526,0.573,0.083,0.333,0.344
0.346,0.424,0.828,0.526,0.573,0.084,0.333,0.344
0.346,0.424,0.828,0.526,0.573,0.084,0.333,0.344
0.346,0.424,0.828,0.525,0.572,0.083,0.333,0.344
0.346,0.424,0.828,0.525,0.572,0.083,0.332,0.343
0.346,0.424,0.827,0.525,0.572,0.083,0.332,0.343
0.346,0.424,0.827,0.525,0.572,0.083,0.333,0.343
0.346,0.424,0.827,0.525,0.572,0.083,0.332,0.343
0.346,0.424,0.827,0.525,0.571,0.083,0.332,0.343
0.346,0.424,0.827,0.525,0.571,0.083,0.332,0.343
0.346,0.424,0.826,0.525,0.571,0.083,0.332,0.343
0.346,0.424,0.826,0.524,0.571,0.084,0.332,0.343
0.346,0.424,0.826,0.524,0.571,0.083,0.332,0.343
0.345,0.424,0.826,0.524,0.571,0.083,0.332,0.343
0.345,0.424,0.826,0.524,0.571,0.083,0.332,0.342
0.345,0.424,0.825,0.524,0.571,0.084,0.332,0.342
0.345,0.424,0.825,0.524,0.57,0.083,0.332,0.342
0.345,0.424,0.825,0.524,0.57,0.083,0.332,0.342
0.345,0.424,0.825,0.523,0.57,0.083,0.332,0.342
0.345,0.424,0.825,0.523,0.57,0.083,0.332,0.342
0.345,0.424,0.824,0.523,0.57,0.083,0.331,0.342
0.345,0.424,0.824,0.523,0.569,0.083,0.331,0.342
0.345,0.423,0.824,0.523,0.569,0.083,0.331,0.342
0.345,0.423,0.824,0.523,0.569,0.083,0.331,0.342
0.344,0.423,0.823,0.523,0.569,0.083,0.331,0.342
0.344,0.423,0.823,0.522,0.569,0.083,0.331,0.342
0.344,0.423,0.823,0.522,0.569,0.083,0.331,0.342
0.344,0.423,0.823,0.522,0.568,0.083,0.331,0.342
0.344,0.423,0.823,0.522,0.568,0.083,0.331,0.342
0.344,0.423,0.822,0.522,0.568,0.083,0.331,0.342
0.344,0.423,0.822,0.521,0.568,0.083,0.331,0.342
0.344,0.423,0.822,0.521,0.568,0.083,0.331,0.341
0.344,0.423,0.822,0.521,0.568,0.083,0.331,0.341
0.343,0.423,0.822,0.521,0.567,0.083,0.33,0.341
0.343,0.423,0.821,0.521,0.568,0.083,0.33,0.341
0.343,0.423,0.821,0.52,0.567,0.083,0.33,0.341
0.343,0.423,0.821,0.52,0.567,0.083,0.33,0.341
0.343,0.423,0.821,0.52,0.567,0.083,0.33,0.341
0.343,0.422,0.821,0.52,0.567,0.083,0.33,0.341
0.343,0.422,0.82,0.52,0.567,0.083,0.33,0.341
0.343,0.422,0.82,0.52,0.567,0.083,0.33,0.341
0.343,0.422,0.82,0.52,0.566,0.083,0.33,0.341
0.343,0.422,0.82,0.519,0.566,0.083,0.33,0.341
0.343,0.422,0.82,0.519,0.566,0.083,0.33,0.341
0.343,0.422,0.819,0.519,0.566,0.083,0.33,0.341
0.342,0.422,0.819,0.519,0.566,0.083,0.33,0.341
0.342,0.421,0.819,0.519,0.566,0.083,0.33,0.34
0.342,0.421,0.819,0.519,0.565,0.083,0.33,0.34
0.342,0.421,0.818,0.519,0.565,0.083,0.33,0.34
0.342,0.421,0.818,0.518,0.565,0.083,0.329,0.34
0.342,0.421,0.818,0.518,0.565,0.083,0.329,0.34
0.342,0.421,0.818,0.518,0.565,0.083,0.329,0.34
0.342,0.421,0.817,0.518,0.565,0.083,0.329,0.34
0.342,0.421,0.817,0.518,0.565,0.083,0.329,0.34
0.342,0.421,0.817,0.517,0.564,0.083,0.329,0.34
0.342,0.421,0.817,0.517,0.564,0.083,0.329,0.34
0.342,0.421,0.817,0.517,0.564,0.083,0.329,0.34
0.341,0.421,0.816,0.517,0.564,0.083,0.329,0.34
0.342,0.421,0.816,0.517,0.564,0.083,0.329,0.34
0.341,0.421,0.816,0.517,0.564,0.083,0.329,0.339
0.341,0.421,0.816,0.517,0.563,0.083,0.329,0.34
0.341,0.421,0.816,0.516,0.563,0.083,0.329,0.339
0.341,0.421,0.815,0.516,0.563,0.083,0.329,0.339
0.341,0.42,0.815,0.516,0.563,0.083,0.328,0.339
0.341,0.421,0.815,0.516,0.563,0.083,0.328,0.339
0.341,0.42,0.815,0.516,0.563,0.083,0.329,0.339
0.341,0.42,0.814,0.516,0.563,0.083,0.328,0.339
0.34,0.421,0.814,0.515,0.563,0.083,0.328,0.339
0.341,0.421,0.814,0.515,0.562,0.083,0.328,0.339
0.34,0.42,0.814,0.515,0.562,0.083,0.328,0.339
0.34,0.42,0.813,0.515,0.562,0.083,0.328,0.339
0.34,0.42,0.813,0.515,0.562,0.083,0.328,0.339
0.34,0.42,0.813,0.515,0.562,0.083,0.328,0.339
0.34,0.42,0.813,0.514,0.562,0.083,0.328,0.338
0.34,0.42,0.813,0.514,0.562,0.083,0.328,0.338
0.34,0.42,0.812,0.514,0.562,0.083,0.328,0.338
0.34,0.42,0.812,0.514,0.562,0.083,0.328,0.338
0.34,0.42,0.812,0.514,0.562,0.083,0.328,0.338
0.339,0.42,0.812,0.514,0.561,0.083,0.328,0.338
0.339,0.42,0.812,0.514,0.561,0.083,0.328,0.338
0.339,0.42,0.811,0.514,0.561,0.083,0.327,0.338
0.339,0.42,0.811,0.513,0.561,0.083,0.327,0.338
0.339,0.419,0.811,0.514,0.561,0.083,0.327,0.338
0.339,0.419,0.811,0.513,0.561,0.083,0.327,0.337
0.339,0.419,0.81,0.513,0.561,0.083,0.327,0.338
0.339,0.419,0.81,0.513,0.561,0.083,0.327,0.338
0.339,0.419,0.81,0.513,0.561,0.083,0.327,0.337
0.339,0.419,0.81,0.513,0.561,0.083,0.327,0.337
0.339,0.419,0.81,0.513,0.56,0.083,0.327,0.337
0.339,0.419,0.81,0.513,0.56,0.083,0.327,0.337
0.339,0.419,0.809,0.513,0.56,0.083,0.327,0.337
0.338,0.419,0.809,0.513,0.56,0.083,0.327,0.337
0.339,0.419,0.809,0.512,0.56,0.083,0.327,0.337
0.338,0.419,0.809,0.512,0.56,0.083,0.327,0.337
0.338,0.419,0.809,0.512,0.56,0.083,0.327,0.337
0.338,0.419,0.809,0.512,0.559,0.083,0.326,0.337
0.338,0.419,0.808,0.512,0.559,0.083,0.326,0.337
0.338,0.419,0.808,0.512,0.559,0.083,0.326,0.337
0.338,0.419,0.808,0.512,0.559,0.083,0.326,0.337
0.338,0.419,0.808,0.512,0.559,0.083,0.326,0.337
0.338,0.419,0.808,0.511,0.559,0.083,0.326,0.337
0.338,0.419,0.807,0.511,0.559,0.083,0.326,0.336
0.337,0.419,0.807,0.511,0.559,0.083,0.326,0.336
0.337,0.419,0.807,0.511,0.559,0.083,0.326,0.336
0.337,0.419,0.807,0.511,0.559,0.083,0.326,0.336
0.337,0.419,0.807,0.511,0.559,0.083,0.326,0.336
0.337,0.419,0.807,0.511,0.558,0.083,0.326,0.336
0.337,0.419,0.806,0.511,0.558,0.083,0.326,0.336
0.337,0.419,0.806,0.511,0.558,0.083,0.326,0.336
0.337,0.419,0.806,0.511,0.558,0.083,0.326,0.336
0.337,0.419,0.806,0.51,0.558,0.083,0.326,0.336
0.337,0.419,0.805,0.51,0.558,0.083,0.325,0.335
0.337,0.419,0.805,0.51,0.558,0.083,0.325,0.335
0.337,0.419,0.805,0.51,0.558,0.083,0.325,0.335
0.336,0.418,0.805,0.51,0.558,0.083,0.325,0.335
0.336,0.418,0.805,0.51,0.558,0.083,0.325,0.335
0.336,0.418,0.804,0.51,0.557,0.083,0.325,0.335
0.336,0.418,0.804,0.51,0.557,0.083,0.325,0.335
0.336,0.418,0.804,0.51,0.557,0.083,0.325,0.335
0.336,0.418,0.804,0.51,0.557,0.083,0.325,0.335
0.336,0.418,0.804,0.51,0.557,0.083,0.325,0.335
0.336,0.418,0.803,0.509,0.557,0.083,0.325,0.335
0.336,0.418,0.803,0.509,0.557,0.083,0.325,0.335
0.336,0.418,0.803,0.509,0.557,0.083,0.325,0.335
0.336,0.418,0.803,0.509,0.557,0.082,0.325,0.335
0.336,0.417,0.803,0.509,0.557,0.083,0.324,0.334
0.335,0.417,0.803,0.509,0.557,0.083,0.324,0.334
0.335,0.417,0.802,0.509,0.556,0.083,0.324,0.334
0.335,0.417,0.802,0.509,0.556,0.083,0.324,0.334
0.335,0.417,0.802,0.509,0.556,0.083,0.324,0.334
0.335,0.417,0.802,0.508,0.556,0.083,0.324,0.334
0.335,0.417,0.801,0.508,0.556,0.083,0.324,0.334
0.335,0.417,0.802,0.508,0.556,0.083,0.324,0.334
0.335,0.417,0.801,0.508,0.556,0.083,0.324,0.334
0.335,0.417,0.801,0.508,0.556,0.083,0.324,0.334
0.335,0.417,0.801,0.508,0.555,0.083,0.324,0.334
0.335,0.417,0.8,0.508,0.555,0.082,0.324,0.334
0.335,0.416,0.8,0.507,0.555,0.083,0.324,0.333
0.335,0.416,0.8,0.507,0.555,0.083,0.324,0.334
0.335,0.416,0.8,0.507,0.555,0.083,0.324,0.334
0.334,0.416,0.8,0.507,0.555,0.082,0.324,0.333
0.334,0.416,0.8,0.507,0.555,0.083,0.324,0.333
0.334,0.416,0.799,0.506,0.554,0.082,0.324,0.333
0.334,0.416,0.799,0.506,0.554,0.083,0.323,0.333
0.334,0.416,0.799,0.506,0.554,0.082,0.323,0.333
0.334,0.416,0.799,0.506,0.554,0.082,0.323,0.333
0.334,0.416,0.799,0.506,0.554,0.083,0.323,0.333
0.334,0.416,0.798,0.506,0.554,0.083,0.323,0.333
0.334,0.416,0.798,0.506,0.553,0.083,0.323,0.333
0.333,0.416,0.798,0.506,0.553,0.082,0.323,0.333
0.333,0.415,0.798,0.505,0.553,0.083,0.323,0.333
0.333,0.416,0.797,0.505,0.553,0.082,0.323,0.333
0.333,0.415,0.797,0.505,0.553,0.082,0.323,0.332
0.333,0.415,0.797,0.505,0.553,0.083,0.323,0.332
0.333,0.415,0.797,0.505,0.553,0.082,0.323,0.332
0.333,0.415,0.797,0.505,0.553,0.082,0.323,0.333
0.333,0.415,0.797,0.505,0.553,0.082,0.323,0.332
0.333,0.415,0.796,0.505,0.553,0.083,0.323,0.332
0.333,0.415,0.796,0.505,0.553,0.082,0.323,0.332
0.333,0.415,0.796,0.505,0.553,0.082,0.323,0.332
0.333,0.415,0.796,0.504,0.553,0.082,0.323,0.332
0.333,0.414,0.796,0.504,0.553,0.082,0.323,0.332
0.333,0.414,0.796,0.504,0.552,0.082,0.322,0.332
0.332,0.414,0.795,0.504,0.552,0.082,0.322,0.332
0.332,0.414,0.795,0.504,0.552,0.082,0.322,0.332
0.332,0.414,0.795,0.504,0.552,0.082,0.322,0.332
0.332,0.414,0.795,0.504,0.552,0.082,0.322,0.332
0.332,0.414,0.795,0.503,0.552,0.082,0.322,0.331
0.332,0.414,0.794,0.503,0.552,0.082,0.322,0.331
0.332,0.414,0.794,0.503,0.552,0.082,0.322,0.331
0.332,0.414,0.794,0.503,0.552,0.082,0.322,0.331
0.332,0.414,0.794,0.503,0.551,0.082,0.322,0.331
0.332,0.414,0.794,0.503,0.551,0.083,0.322,0.331
0.332,0.414,0.793,0.503,0.551,0.082,0.322,0.331
0.332,0.414,0.793,0.503,0.551,0.082,0.322,0.331
0.332,0.414,0.793,0.502,0.551,0.082,0.322,0.331
0.331,0.413,0.793,0.502,0.551,0.082,0.322,0.331
0.331,0.413,0.793,0.502,0.551,0.082,0.322,0.331
0.331,0.413,0.792,0.502,0.551,0.082,0.322,0.331
0.331,0.413,0.792,0.502,0.551,0.082,0.321,0.331
0.331,0.413,0.792,0.502,0.551,0.082,0.321,0.331
0.331,0.413,0.792,0.502,0.55,0.082,0.321,0.33
0.331,0.413,0.792,0.502,0.55,0.082,0.321,0.331
0.331,0.413,0.792,0.501,0.55,0.082,0.321,0.33
0.331,0.412,0.791,0.501,0.55,0.082,0.321,0.331
0.331,0.412,0.791,0.501,0.55,0.082,0.321,0.33
0.331,0.412,0.791,0.501,0.55,0.082,0.321,0.33
0.331,0.412,0.791,0.501,0.55,0.082,0.321,0.33
0.331,0.412,0.791,0.501,0.55,0.082,0.321,0.33
0.33,0.412,0.79,0.501,0.549,0.082,0.321,0.33
0.33,0.412,0.79,0.501,0.549,0.082,0.321,0.33
0.33,0.412,0.79,0.5,0.549,0.082,0.321,0.33
0.33,0.412,0.79,0.5,0.549,0.082,0.321,0.33
0.33,0.412,0.79,0.5,0.549,0.082,0.321,0.33
0.33,0.412,0.789,0.5,0.549,0.082,0.321,0.33
0.33,0.412,0.789,0.5,0.549,0.082,0.321,0.33
0.33,0.412,0.789,0.5,0.549,0.082,0.32,0.33
0.33,0.412,0.789,0.5,0.549,0.082,0.32,0.33
0.33,0.412,0.789,0.499,0.549,0.082,0.32,0.33
0.33,0.412,0.789,0.499,0.548,0.082,0.32,0.33
0.33,0.412,0.789,0.499,0.548,0.082,0.32,0.329
0.329,0.412,0.788,0.499,0.548,0.082,0.32,0.329
0.329,0.412,0.788,0.499,0.548,0.082,0.32,0.329
0.329,0.412,0.788,0.499,0.548,0.082,0.32,0.329
0.329,0.412,0.788,0.499,0.548,0.082,0.32,0.329
0.329,0.412,0.788,0.499,0.548,0.082,0.32,0.329
0.329,0.412,0.788,0.498,0.548,0.082,0.32,0.329
0.329,0.412,0.787,0.498,0.548,0.082,0.32,0.329
0.329,0.412,0.787,0.498,0.548,0.082,0.32,0.329
0.329,0.412,0.787,0.498,0.548,0.082,0.32,0.329
0.329,0.412,0.787,0.498,0.547,0.082,0.32,0.329
0.329,0.412,0.787,0.498,0.547,0.082,0.32,0.329
0.329,0.412,0.786,0.498,0.547,0.082,0.32,0.329
0.328,0.412,0.786,0.498,0.547,0.082,0.32,0.329
0.328,0.412,0.786,0.498,0.547,0.082,0.319,0.329
0.328,0.412,0.786,0.497,0.547,0.082,0.319,0.329
0.328,0.412,0.786,0.497,0.547,0.082,0.319,0.329
0.328,0.411,0.786,0.497,0.547,0.082,0.319,0.329
0.328,0.411,0.786,0.497,0.546,0.082,0.319,0.329
0.328,0.411,0.785,0.497,0.546,0.082,0.319,0.328
0.328,0.411,0.785,0.497,0.546,0.082,0.319,0.328
0.328,0.411,0.785,0.497,0.546,0.082,0.319,0.328
0.328,0.411,0.785,0.497,0.546,0.082,0.319,0.328
0.328,0.411,0.784,0.497,0.546,0.082,0.319,0.328
0.328,0.411,0.784,0.496,0.546,0.082,0.319,0.328
0.327,0.411,0.784,0.496,0.546,0.082,0.319,0.328
0.328,0.41,0.784,0.497,0.546,0.082,0.319,0.328
0.327,0.41,0.784,0.496,0.546,0.082,0.319,0.328
0.327,0.41,0.783,0.496,0.545,0.082,0.319,0.328
0.327,0.41,0.784,0.496,0.546,0.082,0.319,0.327
0.327,0.41,0.783,0.496,0.545,0.082,0.318,0.327
0.327,0.41,0.783,0.496,0.545,0.082,0.319,0.327
0.327,0.41,0.783,0.496,0.545,0.082,0.319,0.327
0.327,0.41,0.783,0.496,0.545,0.082,0.318,0.327
0.327,0.41,0.783,0.496,0.545,0.082,0.318,0.327
0.327,0.41,0.782,0.496,0.545,0.082,0.318,0.327
0.327,0.41,0.782,0.496,0.545,0.082,0.318,0.327
0.327,0.41,0.782,0.496,0.545,0.082,0.318,0.327
0.327,0.41,0.782,0.496,0.545,0.082,0.318,0.327
0.326,0.409,0.782,0.496,0.545,0.082,0.318,0.327
0.326,0.409,0.782,0.496,0.545,0.082,0.318,0.327
0.326,0.409,0.781,0.496,0.545,0.082,0.318,0.327
0.326,0.409,0.781,0.496,0.545,0.082,0.318,0.327
0.326,0.409,0.781,0.496,0.545,0.082,0.318,0.327
0.326,0.409,0.781,0.496,0.545,0.082,0.318,0.326
0.326,0.409,0.781,0.495,0.545,0.082,0.318,0.327
0.326,0.408,0.781,0.495,0.544,0.082,0.318,0.327
0.326,0.408,0.78,0.495,0.544,0.082,0.318,0.327
0.326,0.408,0.78,0.495,0.544,0.082,0.318,0.326
0.326,0.408,0.78,0.495,0.544,0.082,0.317,0.326
0.326,0.408,0.78,0.495,0.544,0.082,0.317,0.326
0.326,0.408,0.78,0.495,0.544,0.082,0.317,0.326
0.326,0.408,0.78,0.495,0.544,0.082,0.317,0.326
0.326,0.408,0.779,0.495,0.543,0.082,0.317,0.326
0.325,0.408,0.779,0.495,0.543,0.082,0.317,0.326
0.325,0.408,0.779,0.494,0.543,0.082,0.317,0.326
0.325,0.408,0.779,0.494,0.543,0.082,0.317,0.326
0.325,0.408,0.779,0.494,0.543,0.082,0.317,0.326
0.325,0.408,0.779,0.494,0.543,0.082,0.317,0.325
0.325,0.408,0.778,0.494,0.543,0.082,0.317,0.325
0.325,0.408,0.778,0.494,0.542,0.082,0.317,0.325
0.325,0.408,0.778,0.494,0.542,0.082,0.317,0.325
0.325,0.408,0.778,0.494,0.542,0.082,0.317,0.325
0.325,0.408,0.778,0.494,0.542,0.082,0.317,0.325
0.325,0.408,0.778,0.494,0.542,0.082,0.317,0.325
0.325,0.408,0.778,0.493,0.542,0.082,0.317,0.325
0.324,0.408,0.778,0.493,0.542,0.082,0.317,0.325
0.324,0.408,0.777,0.493,0.542,0.082,0.317,0.325
0.325,0.408,0.777,0.493,0.541,0.082,0.316,0.325
0.325,0.408,0.777,0.493,0.541,0.082,0.316,0.325
0.324,0.408,0.777,0.493,0.541,0.082,0.316,0.325
0.324,0.408,0.777,0.493,0.541,0.082,0.316,0.325
0.324,0.408,0.777,0.493,0.541,0.082,0.316,0.325
0.324,0.408,0.776,0.493,0.541,0.082,0.316,0.325
0.324,0.408,0.776,0.492,0.541,0.082,0.316,0.325
0.324,0.408,0.776,0.492,0.541,0.082,0.316,0.325
0.324,0.408,0.776,0.492,0.541,0.082,0.316,0.324
0.324,0.408,0.776,0.492,0.54,0.082,0.316,0.325
0.324,0.408,0.776,0.492,0.54,0.082,0.316,0.324
0.324,0.408,0.775,0.492,0.54,0.082,0.316,0.324
0.324,0.408,0.775,0.492,0.54,0.082,0.316,0.324
0.324,0.407,0.775,0.492,0.54,0.082,0.316,0.324
0.323,0.407,0.775,0.491,0.54,0.082,0.316,0.324
0.323,0.407,0.774,0.491,0.54,0.082,0.316,0.324
0.323,0.407,0.774,0.491,0.54,0.082,0.316,0.324
0.323,0.407,0.774,0.491,0.54,0.082,0.315,0.324
0.323,0.407,0.774,0.491,0.54,0.082,0.315,0.324
0.323,0.407,0.774,0.491,0.539,0.082,0.315,0.324
0.323,0.407,0.774,0.491,0.539,0.082,0.315,0.324
0.323,0.407,0.774,0.491,0.539,0.082,0.315,0.324
0.323,0.407,0.773,0.491,0.539,0.082,0.315,0.324
0.323,0.407,0.773,0.491,0.539,0.082,0.315,0.324
0.323,0.407,0.773,0.49,0.539,0.082,0.315,0.324
0.323,0.407,0.773,0.49,0.539,0.082,0.315,0.324
0.323,0.407,0.773,0.49,0.539,0.082,0.315,0.324
0.323,0.406,0.772,0.49,0.539,0.082,0.315,0.324
0.322,0.406,0.772,0.49,0.538,0.082,0.315,0.323
0.322,0.406,0.772,0.49,0.538,0.082,0.315,0.323
0.322,0.406,0.772,0.49,0.538,0.082,0.315,0.323
0.322,0.406,0.772,0.49,0.538,0.082,0.315,0.323
0.322,0.406,0.772,0.49,0.538,0.082,0.315,0.323
0.322,0.406,0.772,0.49,0.538,0.082,0.315,0.323
0.322,0.406,0.771,0.49,0.538,0.082,0.314,0.323
0.322,0.406,0.771,0.49,0.538,0.082,0.314,0.323
0.322,0.406,0.771,0.49,0.538,0.082,0.314,0.323
0.322,0.406,0.771,0.49,0.538,0.082,0.314,0.323
0.322,0.406,0.771,0.489,0.538,0.082,0.314,0.323
0.322,0.406,0.77,0.489,0.538,0.082,0.314,0.323
0.322,0.406,0.77,0.489,0.538,0.082,0.314,0.323
0.322,0.406,0.77,0.489,0.537,0.082,0.314,0.323
0.322,0.406,0.77,0.489,0.537,0.082,0.314,0.323
0.322,0.406,0.77,0.489,0.537,0.082,0.314,0.323
0.321,0.406,0.769,0.489,0.537,0.082,0.314,0.323
0.321,0.406,0.769,0.489,0.537,0.082,0.314,0.323
0.321,0.406,0.769,0.489,0.537,0.082,0.314,0.322
0.321,0.406,0.769,0.489,0.537,0.082,0.314,0.322
0.321,0.406,0.769,0.488,0.537,0.082,0.314,0.322
0.321,0.406,0.769,0.488,0.537,0.082,0.314,0.322
0.321,0.406,0.769,0.488,0.536,0.082,0.314,0.322
0.321,0.405,0.768,0.488,0.536,0.082,0.313,0.322
0.321,0.405,0.768,0.488,0.536,0.082,0.313,0.322
0.321,0.405,0.768,0.488,0.536,0.082,0.314,0.322
0.321,0.405,0.768,0.487,0.536,0.082,0.313,0.322
0.321,0.405,0.768,0.487,0.536,0.082,0.313,0.322
0.321,0.405,0.767,0.487,0.536,0.082,0.313,0.322
0.321,0.405,0.768,0.487,0.536,0.082,0.313,0.322
0.32,0.405,0.767,0.487,0.536,0.082,0.313,0.322
0.32,0.405,0.767,0.487,0.536,0.082,0.313,0.322
0.32,0.405,0.767,0.487,0.536,0.082,0.313,0.322
0.32,0.405,0.767,0.487,0.535,0.081,0.313,0.321
0.32,0.405,0.767,0.487,0.535,0.082,0.313,0.321
0.32,0.405,0.767,0.487,0.535,0.082,0.313,0.321
0.32,0.405,0.766,0.487,0.535,0.082,0.313,0.321
0.32,0.405,0.766,0.487,0.535,0.082,0.313,0.321
0.32,0.404,0.766,0.486,0.535,0.082,0.313,0.321
0.32,0.404,0.766,0.486,0.535,0.082,0.313,0.321
0.32,0.404,0.766,0.486,0.535,0.082,0.313,0.321
0.32,0.404,0.765,0.486,0.535,0.082,0.313,0.321
0.32,0.404,0.765,0.486,0.535,0.082,0.313,0.321
0.32,0.404,0.765,0.486,0.534,0.082,0.313,0.321
0.319,0.404,0.765,0.486,0.534,0.082,0.312,0.321
0.319,0.404,0.765,0.486,0.534,0.082,0.312,0.321
0.319,0.404,0.765,0.486,0.534,0.081,0.312,0.321
0.319,0.403,0.765,0.486,0.534,0.082,0.312,0.321
0.319,0.403,0.764,0.486,0.534,0.082,0.312,0.32
0.319,0.403,0.764,0.486,0.534,0.082,0.312,0.32
0.319,0.403,0.764,0.486,0.534,0.082,0.312,0.32
0.319,0.403,0.764,0.486,0.534,0.082,0.312,0.32
0.319,0.403,0.764,0.486,0.534,0.082,0.312,0.32
0.319,0.403,0.763,0.486,0.533,0.082,0.312,0.32
0.319,0.403,0.763,0.486,0.533,0.081,0.312,0.32
0.319,0.403,0.763,0.486,0.533,0.081,0.312,0.32
0.319,0.403,0.763,0.486,0.533,0.082,0.312,0.32
0.319,0.403,0.763,0.486,0.533,0.082,0.312,0.32
0.319,0.403,0.763,0.486,0.533,0.081,0.312,0.32
0.319,0.403,0.762,0.486,0.533,0.081,0.312,0.319
0.319,0.403,0.762,0.486,0.533,0.082,0.312,0.32
0.318,0.403,0.762,0.485,0.532,0.082,0.312,0.319
0.319,0.403,0.762,0.485,0.532,0.081,0.311,0.319
0.318,0.403,0.762,0.485,0.532,0.082,0.311,0.319
0.318,0.403,0.762,0.485,0.532,0.082,0.311,0.319
0.318,0.402,0.761,0.485,0.532,0.081,0.311,0.319
0.318,0.402,0.761,0.485,0.532,0.081,0.311,0.319
0.318,0.403,0.761,0.485,0.532,0.082,0.311,0.319
0.318,0.403,0.761,0.485,0.532,0.081,0.311,0.319
0.318,0.403,0.761,0.484,0.532,0.081,0.311,0.319
0.318,0.402,0.76,0.484,0.531,0.082,0.311,0.319
0.318,0.403,0.76,0.484,0.531,0.082,0.311,0.319
0.318,0.403,0.76,0.484,0.531,0.081,0.311,0.319
0.318,0.403,0.76,0.484,0.531,0.081,0.311,0.319
0.318,0.403,0.76,0.484,0.531,0.081,0.311,0.319
0.318,0.403,0.76,0.483,0.531,0.081,0.311,0.319
0.317,0.403,0.76,0.483,0.531,0.082,0.311,0.319
0.317,0.403,0.76,0.483,0.531,0.081,0.311,0.319
0.317,0.403,0.759,0.483,0.53,0.081,0.311,0.319
0.317,0.403,0.759,0.483,0.53,0.081,0.311,0.319
0.317,0.403,0.759,0.483,0.53,0.081,0.31,0.319
0.317,0.403,0.759,0.483,0.53,0.081,0.31,0.318
0.317,0.402,0.758,0.483,0.53,0.081,0.31,0.319
0.317,0.402,0.758,0.482,0.53,0.081,0.31,0.318
0.317,0.402,0.758,0.482,0.53,0.081,0.31,0.318
0.317,0.402,0.758,0.482,0.53,0.081,0.31,0.318
0.317,0.402,0.758,0.482,0.53,0.081,0.31,0.318
0.317,0.402,0.758,0.482,0.53,0.081,0.31,0.318
0.317,0.402,0.758,0.482,0.53,0.081,0.31,0.318
0.317,0.402,0.757,0.482,0.53,0.081,0.31,0.318
0.317,0.402,0.757,0.482,0.53,0.081,0.31,0.318
0.317,0.402,0.757,0.482,0.53,0.081,0.31,0.318
0.317,0.402,0.757,0.482,0.53,0.081,0.31,0.318
0.316,0.402,0.757,0.481,0.53,0.082,0.31,0.318
0.317,0.402,0.756,0.481,0.53,0.081,0.31,0.318
0.316,0.402,0.756,0.481,0.529,0.081,0.31,0.318
0.316,0.402,0.756,0.481,0.529,0.081,0.31,0.318
0.316,0.402,0.756,0.481,0.529,0.082,0.309,0.317
0.316,0.402,0.756,0.481,0.529,0.081,0.31,0.318
0.316,0.402,0.756,0.481,0.529,0.081,0.31,0.317
0.316,0.402,0.756,0.48,0.529,0.081,0.309,0.317
0.316,0.402,0.755,0.481,0.529,0.081,0.309,0.317
0.316,0.402,0.755,0.481,0.529,0.081,0.31,0.317
0.316,0.402,0.755,0.48,0.529,0.081,0.309,0.317
0.316,0.402,0.755,0.48,0.529,0.081,0.309,0.317
0.316,0.401,0.755,0.48,0.529,0.081,0.309,0.317
0.316,0.401,0.755,0.48,0.529,0.081,0.309,0.317
0.316,0.401,0.755,0.48,0.529,0.081,0.309,0.317
0.315,0.401,0.754,0.48,0.528,0.081,0.309,0.317
0.315,0.401,0.754,0.48,0.528,0.081,0.309,0.317
0.315,0.401,0.754,0.48,0.529,0.081,0.309,0.317
0.315,0.401,0.754,0.48,0.528,0.081,0.309,0.317
0.315,0.401,0.754,0.48,0.528,0.081,0.309,0.317
0.315,0.401,0.754,0.48,0.528,0.081,0.309,0.317
0.315,0.401,0.753,0.48,0.528,0.081,0.309,0.317
0.315,0.401,0.753,0.479,0.528,0.081,0.309,0.317
0.315,0.401,0.753,0.479,0.528,0.081,0.308,0.317
0.315,0.401,0.753,0.479,0.528,0.081,0.308,0.317
0.315,0.401,0.753,0.479,0.528,0.081,0.308,0.316
0.315,0.401,0.753,0.479,0.527,0.081,0.308,0.317
0.315,0.401,0.753,0.479,0.527,0.081,0.308,0.317
0.315,0.401,0.752,0.479,0.527,0.081,0.308,0.316
0.315,0.401,0.752,0.479,0.527,0.081,0.308,0.316
0.315,0.4,0.752,0.479,0.527,0.081,0.308,0.316
0.315,0.4,0.752,0.478,0.527,0.081,0.308,0.316
0.315,0.401,0.752,0.478,0.526,0.081,0.308,0.316
0.314,0.401,0.752,0.478,0.526,0.081,0.308,0.316
0.315,0.4,0.751,0.478,0.526,0.081,0.308,0.316
0.314,0.4,0.751,0.478,0.526,0.081,0.308,0.316
0.314,0.4,0.751,0.478,0.526,0.081,0.308,0.316
0.314,0.4,0.751,0.478,0.526,0.081,0.308,0.316
0.314,0.4,0.751,0.478,0.526,0.081,0.308,0.316
0.314,0.4,0.751,0.477,0.526,0.081,0.308,0.316
0.314,0.4,0.75,0.477,0.526,0.081,0.308,0.316
0.314,0.4,0.75,0.477,0.526,0.081,0.308,0.316
0.314,0.4,0.75,0.477,0.526,0.081,0.308,0.315
0.314,0.4,0.75,0.477,0.525,0.081,0.308,0.315
0.314,0.4,0.75,0.477,0.525,0.081,0.308,0.316
0.314,0.4,0.75,0.477,0.525,0.081,0.308,0.316
0.314,0.4,0.75,0.477,0.525,0.081,0.307,0.315
0.314,0.4,0.749,0.476,0.525,0.081,0.307,0.315
0.314,0.4,0.749,0.477,0.525,0.081,0.307,0.315
0.313,0.4,0.749,0.476,0.525,0.081,0.307,0.315
0.313,0.4,0.749,0.476,0.525,0.081,0.307,0.315
0.313,0.4,0.749,0.476,0.525,0.081,0.307,0.315
0.313,0.4,0.748,0.476,0.525,0.081,0.307,0.315
0.313,0.4,0.748,0.476,0.525,0.081,0.307,0.315
0.313,0.4,0.748,0.476,0.525,0.081,0.307,0.315
0.313,0.399,0.748,0.476,0.525,0.081,0.307,0.315
0.313,0.399,0.748,0.476,0.524,0.081,0.307,0.315
0.313,0.399,0.748,0.476,0.525,0.081,0.307,0.315
0.313,0.399,0.748,0.476,0.524,0.081,0.307,0.315
0.313,0.399,0.747,0.476,0.524,0.081,0.307,0.315
0.313,0.399,0.747,0.476,0.524,0.081,0.307,0.315
0.313,0.399,0.747,0.476,0.524,0.081,0.307,0.315
0.313,0.399,0.747,0.475,0.524,0.081,0.307,0.315
0.313,0.399,0.747,0.475,0.524,0.081,0.307,0.315
0.313,0.399,0.747,0.475,0.524,0.081,0.306,0.315
0.313,0.399,0.747,0.475,0.524,0.081,0.307,0.315
0.312,0.399,0.746,0.475,0.524,0.081,0.307,0.314
0.313,0.399,0.746,0.475,0.524,0.081,0.306,0.314
0.312,0.399,0.746,0.475,0.524,0.081,0.306,0.314
0.312,0.399,0.746,0.475,0.524,0.081,0.306,0.314
0.312,0.399,0.746,0.475,0.523,0.081,0.306,0.314
0.312,0.399,0.746,0.475,0.523,0.081,0.306,0.314
0.312,0.398,0.745,0.475,0.523,0.081,0.306,0.314
0.312,0.398,0.745,0.474,0.523,0.081,0.306,0.314
0.312,0.398,0.745,0.475,0.523,0.081,0.306,0.314
0.312,0.398,0.745,0.474,0.523,0.081,0.306,0.314
0.312,0.398,0.745,0.474,0.523,0.081,0.306,0.314
0.312,0.398,0.745,0.474,0.523,0.081,0.306,0.314
0.312,0.398,0.745,0.474,0.523,0.081,0.306,0.314
0.312,0.397,0.744,0.474,0.523,0.081,0.306,0.314
0.312,0.397,0.744,0.474,0.522,0.081,0.306,0.314
0.312,0.397,0.744,0.474,0.522,0.081,0.306,0.314
0.312,0.397,0.744,0.474,0.522,0.081,0.306,0.314
0.312,0.397,0.744,0.474,0.522,0.081,0.306,0.314
0.312,0.397,0.744,0.474,0.522,0.081,0.306,0.313
0.311,0.397,0.743,0.474,0.522,0.081,0.306,0.313
0.311,0.397,0.744,0.474,0.522,0.081,0.306,0.313
0.311,0.397,0.744,0.474,0.522,0.081,0.305,0.313
0.311,0.397,0.743,0.474,0.522,0.081,0.306,0.313
0.311,0.397,0.743,0.474,0.522,0.081,0.305,0.313
0.311,0.397,0.743,0.474,0.522,0.081,0.305,0.313
0.311,0.397,0.743,0.474,0.522,0.081,0.305,0.313
0.311,0.397,0.743,0.474,0.522,0.081,0.305,0.313
0.311,0.397,0.743,0.474,0.522,0.081,0.305,0.313
0.311,0.397,0.742,0.474,0.522,0.081,0.305,0.313
0.311,0.397,0.742,0.473,0.521,0.081,0.305,0.313
0.311,0.397,0.742,0.473,0.521,0.081,0.305,0.313
0.311,0.397,0.742,0.473,0.521,0.081,0.305,0.313
0.311,0.397,0.742,0.473,0.521,0.081,0.305,0.313
0.311,0.397,0.742,0.473,0.521,0.081,0.305,0.312
0.311,0.397,0.741,0.473,0.521,0.081,0.305,0.312
0.311,0.397,0.741,0.473,0.521,0.081,0.305,0.312
0.31,0.397,0.741,0.473,0.521,0.081,0.305,0.312
0.311,0.397,0.741,0.473,0.521,0.081,0.305,0.312
0.311,0.397,0.741,0.473,0.52,0.081,0.305,0.312
0.31,0.396,0.741,0.473,0.52,0.081,0.305,0.312
0.31,0.396,0.741,0.473,0.52,0.081,0.305,0.312
0.31,0.397,0.74,0.473,0.52,0.081,0.305,0.312
0.31,0.397,0.74,0.472,0.52,0.081,0.304,0.312
0.31,0.396,0.74,0.472,0.52,0.081,0.304,0.312
0.31,0.396,0.74,0.472,0.52,0.081,0.304,0.312
0.31,0.396,0.74,0.472,0.52,0.081,0.304,0.312
0.31,0.396,0.74,0.472,0.519,0.081,0.304,0.312
0.31,0.396,0.74,0.472,0.52,0.081,0.304,0.312
0.31,0.396,0.74,0.472,0.519,0.081,0.304,0.312
0.31,0.396,0.739,0.472,0.52,0.081,0.304,0.312
0.31,0.396,0.739,0.472,0.519,0.081,0.304,0.312
0.31,0.396,0.739,0.472,0.519,0.081,0.304,0.312
0.31,0.396,0.739,0.472,0.519,0.081,0.304,0.312
0.31,0.396,0.739,0.471,0.519,0.081,0.304,0.311
0.31,0.396,0.738,0.471,0.519,0.081,0.304,0.311
0.31,0.396,0.738,0.471,0.519,0.081,0.304,0.312
0.31,0.396,0.738,0.471,0.519,0.081,0.304,0.311
0.31,0.396,0.738,0.471,0.519,0.081,0.304,0.311
0.31,0.396,0.738,0.471,0.519,0.081,0.304,0.311
0.31,0.396,0.738,0.471,0.519,0.081,0.303,0.311
0.309,0.396,0.737,0.471,0.519,0.081,0.304,0.311
0.309,0.396,0.738,0.471,0.519,0.081,0.303,0.311
0.309,0.396,0.737,0.471,0.518,0.081,0.303,0.311
0.309,0.396,0.737,0.471,0.518,0.081,0.303,0.311
0.309,0.396,0.737,0.471,0.518,0.081,0.303,0.311
0.309,0.396,0.737,0.471,0.518,0.081,0.303,0.311
0.309,0.396,0.737,0.471,0.518,0.081,0.303,0.311
0.309,0.396,0.736,0.47,0.518,0.081,0.303,0.311
0.309,0.396,0.736,0.47,0.518,0.081,0.303,0.311
0.309,0.396,0.736,0.471,0.518,0.081,0.303,0.31
0.309,0.396,0.736,0.47,0.518,0.081,0.303,0.31
0.309,0.396,0.736,0.47,0.518,0.081,0.303,0.31
0.309,0.396,0.736,0.47,0.518,0.081,0.303,0.31
0.309,0.395,0.735,0.47,0.518,0.081,0.303,0.31
0.309,0.395,0.736,0.47,0.518,0.081,0.303,0.31
0.308,0.395,0.735,0.47,0.518,0.081,0.303,0.31
0.308,0.395,0.735,0.47,0.518,0.081,0.303,0.31
0.309,0.395,0.735,0.47,0.518,0.081,0.303,0.31
0.309,0.395,0.735,0.47,0.518,0.081,0.303,0.31
0.309,0.395,0.735,0.47,0.518,0.081,0.302,0.31
0.308,0.395,0.735,0.47,0.518,0.081,0.303,0.31
0.308,0.395,0.734,0.47,0.517,0.081,0.303,0.31
0.308,0.395,0.734,0.47,0.517,0.081,0.303,0.31
0.308,0.395,0.734,0.47,0.517,0.081,0.303,0.309
0.308,0.395,0.734,0.47,0.517,0.081,0.302,0.309
0.308,0.395,0.734,0.469,0.517,0.081,0.302,0.309
0.308,0.395,0.734,0.469,0.517,0.081,0.302,0.309
0.308,0.395,0.734,0.469,0.517,0.081,0.302,0.309
0.308,0.395,0.733,0.469,0.516,0.081,0.302,0.309
0.308,0.395,0.733,0.469,0.516,0.081,0.302,0.309
0.308,0.395,0.733,0.469,0.516,0.081,0.302,0.309
0.308,0.395,0.733,0.469,0.516,0.081,0.302,0.309
0.308,0.394,0.733,0.469,0.516,0.081,0.302,0.309
0.308,0.395,0.733,0.469,0.516,0.081,0.302,0.309
0.308,0.394,0.732,0.469,0.516,0.081,0.302,0.309
0.308,0.394,0.732,0.468,0.516,0.081,0.302,0.309
0.308,0.394,0.732,0.468,0.516,0.081,0.302,0.309
0.308,0.394,0.732,0.468,0.516,0.081,0.302,0.309
0.307,0.394,0.732,0.468,0.515,0.081,0.302,0.309
0.307,0.394,0.732,0.468,0.515,0.081,0.302,0.308
0.307,0.394,0.732,0.468,0.515,0.081,0.302,0.309
0.307,0.394,0.732,0.468,0.515,0.081,0.302,0.309
0.307,0.394,0.731,0.468,0.515,0.081,0.301,0.309
0.307,0.394,0.731,0.468,0.515,0.081,0.301,0.308
0.307,0.394,0.731,0.468,0.515,0.081,0.301,0.308
0.307,0.394,0.731,0.467,0.515,0.081,0.302,0.308
0.307,0.394,0.731,0.467,0.515,0.081,0.301,0.309
0.307,0.394,0.731,0.467,0.515,0.081,0.301,0.308
0.307,0.394,0.731,0.467,0.514,0.081,0.301,0.308
0.307,0.394,0.73,0.467,0.514,0.081,0.301,0.308
0.307,0.394,0.73,0.467,0.514,0.081,0.301,0.308
0.307,0.393,0.73,0.467,0.514,0.081,0.301,0.308
0.307,0.393,0.73,0.467,0.514,0.081,0.301,0.308
0.307,0.393,0.73,0.466,0.514,0.081,0.301,0.308
0.307,0.393,0.73,0.466,0.514,0.081,0.301,0.308
0.307,0.393,0.729,0.466,0.514,0.081,0.301,0.308
0.307,0.393,0.729,0.466,0.514,0.081,0.301,0.308
0.307,0.393,0.729,0.466,0.514,0.081,0.301,0.308
0.306,0.393,0.729,0.466,0.514,0.081,0.301,0.308
0.306,0.393,0.729,0.466,0.514,0.081,0.301,0.308
0.306,0.393,0.729,0.466,0.513,0.081,0.301,0.308
0.306,0.393,0.729,0.466,0.514,0.081,0.301,0.308
0.306,0.393,0.729,0.465,0.513,0.081,0.301,0.308
0.306,0.393,0.728,0.465,0.513,0.081,0.301,0.308
0.306,0.393,0.728,0.465,0.513,0.081,0.301,0.308
0.306,0.393,0.728,0.465,0.513,0.081,0.301,0.308
0.306,0.393,0.728,0.465,0.513,0.081,0.3,0.308
0.306,0.393,0.728,0.465,0.513,0.081,0.3,0.308
0.306,0.393,0.728,0.465,0.513,0.081,0.3,0.308
0.306,0.393,0.728,0.465,0.513,0.081,0.3,0.308
0.306,0.393,0.727,0.465,0.513,0.081,0.3,0.308
0.306,0.393,0.727,0.465,0.513,0.081,0.3,0.308
0.306,0.393,0.727,0.465,0.513,0.081,0.3,0.308
0.305,0.393,0.727,0.465,0.513,0.081,0.3,0.308
0.306,0.393,0.727,0.464,0.513,0.081,0.3,0.308
0.305,0.393,0.727,0.465,0.513,0.081,0.3,0.308
0.306,0.393,0.727,0.464,0.513,0.081,0.3,0.308
0.306,0.393,0.726,0.464,0.513,0.081,0.3,0.307
0.305,0.393,0.726,0.464,0.513,0.081,0.3,0.308
0.305,0.393,0.726,0.465,0.513,0.081,0.3,0.307
0.305,0.393,0.726,0.465,0.513,0.081,0.3,0.307
0.305,0.393,0.726,0.465,0.513,0.081,0.3,0.307
0.305,0.393,0.726,0.464,0.513,0.081,0.3,0.307
0.305,0.393,0.726,0.465,0.513,0.081,0.3,0.307
0.305,0.393,0.725,0.465,0.513,0.081,0.3,0.307
0.305,0.393,0.726,0.465,0.513,0.081,0.3,0.307
0.305,0.392,0.725,0.465,0.513,0.081,0.3,0.307
0.305,0.392,0.725,0.465,0.513,0.081,0.299,0.307
0.305,0.392,0.725,0.465,0.513,0.081,0.3,0.307
0.305,0.392,0.725,0.465,0.513,0.081,0.3,0.307
0.305,0.392,0.725,0.465,0.513,0.081,0.3,0.307
0.305,0.392,0.725,0.465,0.513,0.081,0.299,0.307
0.305,0.392,0.725,0.465,0.513,0.081,0.299,0.307
0.305,0.392,0.724,0.465,0.513,0.081,0.299,0.307
0.305,0.392,0.724,0.465,0.512,0.081,0.299,0.307
0.304,0.392,0.724,0.465,0.512,0.081,0.299,0.307
0.305,0.392,0.724,0.465,0.512,0.081,0.299,0.307
0.305,0.391,0.724,0.465,0.512,0.081,0.299,0.307
0.305,0.391,0.724,0.465,0.512,0.081,0.299,0.307
0.304,0.391,0.724,0.465,0.512,0.081,0.299,0.306
0.304,0.391,0.723,0.465,0.512,0.081,0.299,0.306
0.304,0.391,0.724,0.465,0.512,0.081,0.299,0.306
0.304,0.391,0.723,0.465,0.512,0.081,0.299,0.306
0.304,0.391,0.723,0.465,0.512,0.081,0.299,0.306
0.304,0.391,0.723,0.465,0.512,0.08,0.299,0.306
0.304,0.391,0.723,0.464,0.512,0.081,0.299,0.306
0.304,0.391,0.723,0.464,0.512,0.081,0.299,0.306
0.304,0.391,0.723,0.464,0.512,0.081,0.299,0.306
0.304,0.39,0.722,0.464,0.512,0.081,0.299,0.306
0.304,0.39,0.722,0.464,0.512,0.08,0.299,0.306
0.304,0.39,0.722,0.464,0.512,0.081,0.299,0.306
0.304,0.39,0.722,0.464,0.511,0.081,0.299,0.306
0.304,0.39,0.722,0.464,0.511,0.081,0.299,0.306
0.304,0.39,0.722,0.464,0.511,0.081,0.298,0.306
0.304,0.39,0.722,0.464,0.511,0.081,0.299,0.306
0.304,0.39,0.721,0.464,0.511,0.081,0.298,0.306
0.304,0.39,0.721,0.464,0.511,0.081,0.298,0.306
0.303,0.39,0.721,0.464,0.511,0.08,0.298,0.306
0.303,0.39,0.721,0.464,0.511,0.081,0.298,0.305
0.303,0.39,0.721,0.464,0.511,0.08,0.298,0.305
0.303,0.39,0.721,0.463,0.511,0.081,0.298,0.306
0.303,0.39,0.721,0.463,0.511,0.081,0.298,0.305
0.303,0.39,0.721,0.463,0.511,0.081,0.298,0.305
0.303,0.39,0.72,0.463,0.511,0.081,0.298,0.305
0.303,0.39,0.72,0.463,0.51,0.081,0.298,0.305
0.303,0.39,0.72,0.463,0.51,0.081,0.298,0.305
0.303,0.39,0.72,0.463,0.51,0.08,0.298,0.305
0.303,0.389,0.72,0.463,0.51,0.081,0.298,0.305
0.303,0.39,0.72,0.463,0.51,0.081,0.298,0.305
0.303,0.39,0.72,0.463,0.51,0.081,0.298,0.305
0.303,0.39,0.72,0.463,0.51,0.08,0.298,0.305
0.303,0.389,0.719,0.463,0.51,0.081,0.298,0.305
0.303,0.39,0.719,0.462,0.51,0.081,0.298,0.305
0.303,0.39,0.719,0.462,0.51,0.081,0.297,0.305
0.302,0.39,0.719,0.462,0.51,0.081,0.297,0.305
0.303,0.389,0.719,0.463,0.51,0.081,0.297,0.305
0.303,0.389,0.719,0.462,0.51,0.081,0.297,0.304
0.302,0.389,0.719,0.462,0.51,0.08,0.297,0.305
0.302,0.389,0.719,0.462,0.51,0.08,0.297,0.305
0.303,0.389,0.718,0.462,0.51,0.08,0.297,0.305
0.302,0.389,0.718,0.462,0.509,0.08,0.297,0.304
0.302,0.389,0.718,0.462,0.509,0.081,0.297,0.304
0.302,0.389,0.718,0.462,0.509,0.08,0.297,0.305
0.302,0.389,0.718,0.461,0.509,0.081,0.297,0.305
0.302,0.389,0.718,0.461,0.509,0.08,0.297,0.304
0.302,0.389,0.718,0.461,0.509,0.08,0.297,0.304
0.302,0.388,0.718,0.461,0.509,0.08,0.297,0.304
0.302,0.388,0.717,0.461,0.509,0.08,0.297,0.304
0.302,0.388,0.717,0.461,0.509,0.08,0.297,0.304
0.302,0.388,0.717,0.461,0.509,0.081,0.297,0.304
0.302,0.388,0.717,0.461,0.509,0.081,0.297,0.304
0.302,0.388,0.717,0.461,0.509,0.08,0.297,0.304
0.302,0.388,0.717,0.46,0.508,0.08,0.297,0.304
0.302,0.388,0.717,0.46,0.508,0.08,0.297,0.304
0.302,0.388,0.716,0.46,0.508,0.08,0.297,0.304
0.302,0.388,0.716,0.46,0.508,0.08,0.297,0.304
0.302,0.388,0.716,0.46,0.508,0.08,0.296,0.304
0.302,0.388,0.716,0.46,0.508,0.08,0.297,0.304
0.301,0.388,0.716,0.46,0.508,0.08,0.296,0.304
0.302,0.388,0.716,0.46,0.508,0.08,0.296,0.304
0.301,0.388,0.716,0.46,0.508,0.08,0.296,0.304
0.302,0.388,0.715,0.459,0.508,0.08,0.296,0.303
0.301,0.388,0.715,0.459,0.508,0.08,0.296,0.303
0.301,0.388,0.715,0.459,0.508,0.08,0.296,0.303
0.301,0.388,0.715,0.459,0.507,0.08,0.296,0.303
0.301,0.388,0.715,0.459,0.507,0.08,0.296,0.303
0.301,0.387,0.715,0.459,0.507,0.08,0.296,0.303
0.301,0.388,0.714,0.459,0.507,0.08,0.296,0.303
0.301,0.387,0.714,0.459,0.507,0.08,0.296,0.303
0.301,0.387,0.714,0.459,0.507,0.08,0.296,0.303
0.301,0.387,0.714,0.458,0.507,0.08,0.296,0.303
0.301,0.387,0.714,0.458,0.507,0.08,0.296,0.303
0.301,0.387,0.714,0.458,0.507,0.08,0.296,0.303
0.301,0.387,0.714,0.458,0.506,0.08,0.296,0.303
0.301,0.387,0.714,0.458,0.507,0.08,0.296,0.303
0.301,0.387,0.713,0.458,0.506,0.08,0.296,0.303
0.301,0.387,0.713,0.458,0.506,0.08,0.296,0.303
0.301,0.387,0.713,0.458,0.506,0.08,0.295,0.303
0.301,0.387,0.713,0.458,0.506,0.08,0.296,0.303
0.3,0.387,0.713,0.458,0.506,0.08,0.296,0.303
0.3,0.387,0.713,0.457,0.506,0.08,0.296,0.303
0.3,0.387,0.713,0.457,0.506,0.08,0.296,0.303
0.3,0.387,0.713,0.457,0.506,0.08,0.295,0.303
0.3,0.387,0.712,0.457,0.506,0.08,0.295,0.303
0.3,0.387,0.712,0.457,0.506,0.08,0.295,0.303
0.3,0.387,0.712,0.457,0.506,0.08,0.295,0.303
0.3,0.387,0.712,0.457,0.505,0.08,0.295,0.303
0.3,0.387,0.712,0.457,0.505,0.08,0.295,0.303
0.3,0.387,0.712,0.457,0.505,0.08,0.295,0.303
0.3,0.387,0.712,0.457,0.505,0.08,0.295,0.302
0.3,0.387,0.712,0.457,0.505,0.08,0.295,0.302
0.3,0.387,0.712,0.456,0.505,0.08,0.295,0.302
0.3,0.387,0.711,0.456,0.505,0.08,0.295,0.302
0.3,0.387,0.711,0.456,0.505,0.08,0.295,0.302
0.3,0.387,0.711,0.456,0.505,0.08,0.295,0.302
0.3,0.387,0.711,0.456,0.505,0.08,0.295,0.302
0.3,0.387,0.711,0.456,0.505,0.08,0.295,0.302
0.3,0.387,0.711,0.456,0.505,0.08,0.295,0.302
0.3,0.387,0.711,0.456,0.505,0.08,0.295,0.302
0.3,0.386,0.71,0.456,0.504,0.08,0.295,0.302
0.3,0.386,0.71,0.456,0.504,0.08,0.295,0.302
0.299,0.386,0.71,0.456,0.504,0.08,0.295,0.302
0.299,0.386,0.71,0.456,0.504,0.08,0.294,0.302
0.299,0.386,0.71,0.456,0.504,0.08,0.295,0.302
0.299,0.386,0.71,0.456,0.504,0.08,0.294,0.302
0.299,0.386,0.709,0.455,0.504,0.08,0.294,0.302
0.299,0.386,0.71,0.455,0.504,0.08,0.294,0.302
0.299,0.386,0.709,0.456,0.504,0.08,0.294,0.301
0.299,0.386,0.709,0.455,0.504,0.08,0.294,0.301
0.299,0.385,0.709,0.455,0.504,0.08,0.294,0.301
0.299,0.385,0.709,0.455,0.503,0.08,0.294,0.301
0.299,0.385,0.709,0.455,0.503,0.08,0.294,0.301
0.299,0.385,0.709,0.455,0.503,0.08,0.294,0.301
0.299,0.385,0.709,0.455,0.503,0.08,0.294,0.301
0.299,0.385,0.709,0.455,0.503,0.08,0.294,0.301
0.299,0.385,0.708,0.454,0.503,0.08,0.294,0.301
0.299,0.385,0.708,0.455,0.503,0.08,0.294,0.301
0.299,0.385,0.708,0.455,0.503,0.08,0.294,0.301
0.299,0.385,0.708,0.455,0.503,0.08,0.294,0.301
0.299,0.385,0.708,0.454,0.503,0.08,0.294,0.301
0.299,0.385,0.708,0.454,0.503,0.08,0.294,0.301
0.299,0.385,0.708,0.454,0.503,0.08,0.294,0.301
0.299,0.385,0.708,0.454,0.503,0.08,0.294,0.301
0.298,0.385,0.707,0.454,0.503,0.08,0.294,0.301
0.299,0.385,0.707,0.454,0.502,0.08,0.294,0.301
0.298,0.385,0.707,0.454,0.502,0.08,0.293,0.301
0.299,0.385,0.707,0.454,0.502,0.08,0.293,0.301
0.298,0.385,0.707,0.454,0.502,0.08,0.293,0.301
0.298,0.385,0.707,0.454,0.502,0.08,0.293,0.3
0.298,0.384,0.707,0.454,0.502,0.08,0.293,0.301
0.298,0.384,0.707,0.454,0.502,0.08,0.293,0.301
0.298,0.384,0.707,0.454,0.502,0.08,0.293,0.301
0.298,0.384,0.706,0.454,0.502,0.08,0.293,0.301
0.298,0.384,0.706,0.454,0.502,0.08,0.293,0.3
0.298,0.384,0.706,0.454,0.502,0.08,0.293,0.3
0.298,0.384,0.706,0.454,0.502,0.08,0.293,0.3
0.298,0.384,0.706,0.454,0.502,0.08,0.293,0.3
0.298,0.384,0.706,0.454,0.502,0.08,0.293,0.3
0.298,0.384,0.706,0.453,0.502,0.08,0.293,0.3
0.298,0.384,0.705,0.453,0.502,0.08,0.293,0.3
0.298,0.384,0.705,0.453,0.502,0.08,0.293,0.3
0.298,0.383,0.705,0.453,0.502,0.08,0.293,0.3
0.298,0.383,0.705,0.453,0.502,0.08,0.293,0.3
0.298,0.383,0.705,0.453,0.502,0.08,0.293,0.3
0.298,0.383,0.705,0.453,0.501,0.08,0.293,0.3
0.298,0.383,0.705,0.453,0.501,0.08,0.293,0.3
0.298,0.383,0.705,0.453,0.501,0.08,0.293,0.3
0.297,0.383,0.704,0.453,0.501,0.08,0.293,0.3
0.297,0.383,0.704,0.453,0.501,0.08,0.293,0.3
0.297,0.383,0.704,0.453,0.501,0.08,0.293,0.3
0.298,0.383,0.704,0.453,0.501,0.08,0.293,0.3
0.297,0.383,0.704,0.453,0.501,0.08,0.292,0.3
0.297,0.383,0.704,0.453,0.501,0.08,0.292,0.3
0.297,0.383,0.704,0.452,0.501,0.08,0.292,0.3
0.297,0.383,0.704,0.452,0.501,0.08,0.292,0.299
0.297,0.383,0.704,0.452,0.501,0.08,0.292,0.299
0.297,0.383,0.704,0.452,0.501,0.08,0.292,0.299
0.297,0.383,0.704,0.452,0.501,0.08,0.292,0.299
0.297,0.383,0.703,0.452,0.5,0.08,0.292,0.299
0.297,0.384,0.703,0.452,0.5,0.08,0.292,0.299
0.297,0.383,0.703,0.452,0.5,0.08,0.292,0.299
0.297,0.383,0.703,0.452,0.5,0.08,0.292,0.299
0.297,0.383,0.703,0.452,0.5,0.08,0.292,0.299
0.297,0.383,0.703,0.452,0.5,0.08,0.292,0.299
0.297,0.384,0.702,0.451,0.5,0.08,0.292,0.299
0.297,0.383,0.702,0.451,0.5,0.08,0.292,0.299
0.297,0.384,0.702,0.451,0.5,0.08,0.292,0.299
0.297,0.383,0.702,0.451,0.499,0.08,0.292,0.299
0.296,0.384,0.702,0.451,0.499,0.08,0.292,0.299
0.297,0.383,0.702,0.451,0.499,0.08,0.292,0.299
0.296,0.384,0.702,0.451,0.499,0.08,0.291,0.299
0.297,0.383,0.701,0.451,0.499,0.08,0.292,0.298
0.296,0.383,0.702,0.451,0.499,0.08,0.292,0.299
0.296,0.383,0.701,0.45,0.499,0.08,0.292,0.299
0.296,0.383,0.701,0.45,0.499,0.08,0.291,0.299
0.296,0.383,0.701,0.45,0.499,0.08,0.291,0.299
0.296,0.383,0.701,0.45,0.499,0.08,0.291,0.299
0.296,0.383,0.701,0.45,0.499,0.08,0.291,0.298
0.296,0.383,0.701,0.45,0.499,0.08,0.291,0.298
0.296,0.384,0.7,0.45,0.499,0.08,0.291,0.298
0.296,0.383,0.7,0.45,0.498,0.08,0.291,0.298
0.296,0.383,0.7,0.45,0.498,0.08,0.291,0.298
0.296,0.383,0.7,0.45,0.498,0.08,0.291,0.298
0.296,0.383,0.7,0.449,0.498,0.08,0.291,0.298
0.296,0.383,0.7,0.449,0.498,0.08,0.291,0.298
0.296,0.383,0.7,0.449,0.498,0.08,0.291,0.298
0.296,0.383,0.7,0.449,0.498,0.08,0.291,0.298
0.296,0.383,0.699,0.449,0.498,0.08,0.291,0.298
0.296,0.383,0.699,0.449,0.498,0.08,0.291,0.298
0.296,0.383,0.699,0.449,0.498,0.08,0.291,0.298
0.296,0.383,0.699,0.449,0.498,0.08,0.291,0.298
0.296,0.383,0.699,0.449,0.498,0.08,0.291,0.298
0.296,0.383,0.699,0.449,0.498,0.08,0.291,0.298
0.296,0.383,0.699,0.449,0.498,0.08,0.29,0.298
0.295,0.383,0.698,0.448,0.497,0.08,0.291,0.298
0.295,0.383,0.698,0.448,0.497,0.08,0.291,0.298
0.295,0.383,0.698,0.448,0.497,0.08,0.291,0.298
0.295,0.383,0.698,0.448,0.497,0.08,0.291,0.298
0.295,0.383,0.698,0.448,0.497,0.08,0.29,0.298
0.295,0.383,0.698,0.448,0.497,0.08,0.29,0.298
0.295,0.383,0.698,0.448,0.497,0.08,0.29,0.298
0.295,0.383,0.698,0.448,0.497,0.08,0.29,0.298
0.295,0.383,0.697,0.448,0.497,0.08,0.29,0.298
0.295,0.383,0.697,0.447,0.497,0.08,0.29,0.298
0.295,0.383,0.697,0.448,0.497,0.08,0.29,0.298
0.295,0.383,0.697,0.447,0.497,0.08,0.29,0.298
0.295,0.383,0.697,0.448,0.497,0.08,0.29,0.298
0.295,0.383,0.697,0.447,0.497,0.08,0.29,0.298
0.295,0.383,0.697,0.447,0.497,0.08,0.29,0.298
0.295,0.383,0.696,0.447,0.496,0.08,0.29,0.298
0.295,0.383,0.696,0.447,0.496,0.08,0.29,0.298
0.295,0.383,0.696,0.447,0.497,0.08,0.29,0.298
0.295,0.383,0.696,0.447,0.496,0.08,0.29,0.298
0.295,0.383,0.696,0.447,0.496,0.08,0.29,0.298
0.294,0.382,0.696,0.447,0.497,0.08,0.29,0.298
0.295,0.382,0.696,0.447,0.496,0.08,0.29,0.298
0.295,0.382,0.696,0.447,0.496,0.08,0.29,0.298
0.294,0.382,0.696,0.447,0.496,0.08,0.29,0.298
0.295,0.382,0.696,0.446,0.496,0.08,0.29,0.298
0.294,0.382,0.695,0.446,0.496,0.08,0.289,0.298
0.294,0.382,0.695,0.446,0.496,0.08,0.289,0.298
0.295,0.382,0.695,0.446,0.496,0.08,0.29,0.298
0.294,0.382,0.695,0.446,0.496,0.08,0.289,0.297
0.294,0.382,0.695,0.446,0.496,0.08,0.289,0.298
0.294,0.382,0.695,0.446,0.496,0.08,0.289,0.298
0.294,0.382,0.694,0.446,0.496,0.08,0.289,0.297
0.294,0.382,0.694,0.446,0.496,0.08,0.289,0.298
0.294,0.382,0.694,0.446,0.496,0.08,0.289,0.297
0.294,0.382,0.694,0.446,0.496,0.08,0.289,0.297
0.294,0.382,0.694,0.446,0.496,0.08,0.289,0.297
0.294,0.382,0.694,0.446,0.496,0.08,0.289,0.297
0.294,0.382,0.694,0.446,0.496,0.08,0.289,0.297
0.294,0.382,0.694,0.445,0.496,0.08,0.289,0.297
0.294,0.382,0.694,0.445,0.496,0.08,0.289,0.297
0.294,0.382,0.693,0.445,0.496,0.08,0.289,0.297
0.294,0.382,0.693,0.445,0.496,0.08,0.289,0.297
0.294,0.382,0.693,0.445,0.496,0.08,0.289,0.297
0.294,0.382,0.693,0.445,0.495,0.08,0.289,0.297
0.294,0.381,0.693,0.445,0.495,0.08,0.289,0.297
0.294,0.382,0.693,0.445,0.495,0.08,0.289,0.297
0.294,0.382,0.693,0.445,0.495,0.08,0.289,0.297
0.294,0.382,0.693,0.445,0.495,0.08,0.289,0.297
0.293,0.382,0.693,0.445,0.495,0.08,0.289,0.297
0.294,0.381,0.692,0.445,0.495,0.08,0.289,0.297
0.293,0.381,0.692,0.445,0.495,0.08,0.289,0.297
0.293,0.381,0.692,0.444,0.495,0.08,0.289,0.297
0.293,0.381,0.692,0.444,0.495,0.08,0.289,0.297
0.293,0.382,0.692,0.444,0.495,0.08,0.289,0.296
0.293,0.381,0.692,0.444,0.495,0.08,0.289,0.296
0.293,0.381,0.692,0.444,0.495,0.08,0.288,0.297
0.293,0.381,0.692,0.444,0.495,0.08,0.288,0.297
0.293,0.381,0.692,0.444,0.495,0.08,0.288,0.297
0.293,0.381,0.691,0.444,0.495,0.08,0.288,0.296
0.293,0.382,0.691,0.444,0.495,0.08,0.288,0.297
0.293,0.381,0.691,0.444,0.495,0.08,0.288,0.296
0.293,0.381,0.691,0.444,0.495,0.08,0.288,0.296
0.293,0.381,0.691,0.444,0.494,0.08,0.288,0.296
0.293,0.381,0.691,0.444,0.494,0.08,0.288,0.296
0.293,0.381,0.691,0.444,0.494,0.08,0.288,0.296
0.293,0.381,0.691,0.443,0.494,0.08,0.288,0.296
0.293,0.381,0.691,0.443,0.494,0.08,0.288,0.296
0.293,0.381,0.691,0.443,0.494,0.08,0.288,0.296
0.293,0.381,0.69,0.443,0.494,0.08,0.288,0.296
0.293,0.381,0.69,0.443,0.494,0.08,0.288,0.296
0.293,0.381,0.69,0.443,0.494,0.08,0.288,0.296
0.293,0.381,0.69,0.443,0.494,0.08,0.288,0.296
0.293,0.381,0.69,0.443,0.494,0.08,0.288,0.296
0.293,0.381,0.69,0.443,0.494,0.08,0.288,0.296
0.293,0.38,0.69,0.443,0.494,0.08,0.288,0.296
0.292,0.38,0.69,0.443,0.494,0.08,0.288,0.296
0.292,0.38,0.69,0.443,0.494,0.08,0.288,0.296
0.292,0.38,0.689,0.443,0.493,0.08,0.288,0.296
0.293,0.38,0.689,0.443,0.493,0.08,0.288,0.296
0.292,0.38,0.689,0.443,0.493,0.08,0.288,0.296
0.292,0.38,0.689,0.443,0.493,0.08,0.288,0.296
0.292,0.38,0.689,0.443,0.493,0.08,0.288,0.296
0.292,0.38,0.689,0.443,0.493,0.08,0.287,0.296
0.292,0.38,0.689,0.442,0.493,0.08,0.287,0.296
0.292,0.38,0.689,0.442,0.493,0.08,0.287,0.295
0.292,0.38,0.688,0.442,0.493,0.08,0.287,0.295
0.292,0.38,0.689,0.442,0.493,0.08,0.287,0.296
0.292,0.38,0.688,0.442,0.493,0.08,0.287,0.295
0.292,0.38,0.688,0.442,0.493,0.08,0.287,0.296
0.292,0.38,0.688,0.442,0.493,0.08,0.287,0.295
0.292,0.38,0.688,0.442,0.492,0.08,0.287,0.295
0.292,0.38,0.688,0.442,0.493,0.08,0.287,0.295
0.292,0.381,0.688,0.442,0.492,0.08,0.287,0.295
0.292,0.381,0.688,0.442,0.492,0.08,0.287,0.295
0.292,0.38,0.688,0.442,0.493,0.08,0.287,0.295
0.292,0.38,0.687,0.442,0.492,0.08,0.287,0.295
0.292,0.38,0.687,0.442,0.493,0.08,0.287,0.295
0.292,0.38,0.687,0.442,0.492,0.08,0.287,0.295
0.291,0.38,0.687,0.442,0.492,0.08,0.287,0.295
0.292,0.38,0.687,0.442,0.492,0.08,0.287,0.295
0.292,0.38,0.687,0.442,0.492,0.08,0.287,0.295
0.292,0.38,0.687,0.442,0.492,0.08,0.287,0.295
0.291,0.38,0.687,0.442,0.492,0.08,0.287,0.295
0.292,0.38,0.686,0.442,0.492,0.08,0.287,0.295
0.291,0.379,0.686,0.442,0.492,0.08,0.287,0.295
0.291,0.379,0.686,0.442,0.492,0.08,0.287,0.295
0.291,0.379,0.686,0.442,0.492,0.08,0.287,0.295
0.291,0.379,0.686,0.442,0.492,0.08,0.287,0.295
0.291,0.379,0.686,0.442,0.492,0.08,0.286,0.295
0.291,0.379,0.686,0.442,0.492,0.08,0.286,0.295
0.291,0.379,0.686,0.442,0.492,0.08,0.287,0.295
0.291,0.379,0.686,0.442,0.492,0.08,0.287,0.294
0.291,0.379,0.685,0.441,0.492,0.079,0.286,0.294
0.291,0.379,0.686,0.442,0.492,0.08,0.286,0.294
0.291,0.379,0.685,0.442,0.492,0.08,0.286,0.294
0.291,0.379,0.685,0.441,0.492,0.08,0.286,0.294
0.291,0.379,0.685,0.441,0.492,0.08,0.286,0.294
0.291,0.379,0.685,0.441,0.492,0.08,0.286,0.294
0.291,0.379,0.685,0.441,0.492,0.08,0.286,0.294
0.291,0.379,0.685,0.441,0.492,0.08,0.286,0.294
0.291,0.378,0.685,0.441,0.491,0.08,0.286,0.294
0.291,0.378,0.684,0.441,0.491,0.079,0.286,0.294
0.291,0.378,0.684,0.441,0.491,0.08,0.286,0.294
0.291,0.379,0.684,0.441,0.491,0.08,0.286,0.294
0.291,0.379,0.684,0.441,0.491,0.08,0.286,0.294
0.291,0.379,0.684,0.441,0.491,0.08,0.286,0.294
0.291,0.379,0.684,0.441,0.491,0.08,0.286,0.294
0.291,0.378,0.684,0.441,0.491,0.08,0.286,0.294
0.291,0.378,0.684,0.44,0.491,0.08,0.286,0.294
0.291,0.378,0.684,0.441,0.491,0.08,0.286,0.294
0.291,0.378,0.683,0.44,0.491,0.08,0.286,0.294
0.29,0.378,0.683,0.441,0.491,0.08,0.286,0.294
0.29,0.378,0.683,0.441,0.491,0.08,0.286,0.294
0.29,0.378,0.683,0.441,0.491,0.08,0.286,0.294
0.29,0.378,0.683,0.441,0.491,0.08,0.286,0.293
0.29,0.378,0.683,0.441,0.491,0.08,0.286,0.293
0.29,0.378,0.683,0.44,0.491,0.079,0.286,0.293
0.29,0.378,0.683,0.44,0.491,0.08,0.285,0.294
0.29,0.378,0.683,0.44,0.491,0.08,0.285,0.293
0.29,0.378,0.682,0.44,0.491,0.08,0.285,0.293
0.29,0.378,0.682,0.44,0.491,0.08,0.285,0.293
0.29,0.378,0.682,0.44,0.491,0.079,0.285,0.293
0.29,0.378,0.682,0.44,0.491,0.08,0.285,0.293
0.29,0.378,0.682,0.44,0.491,0.08,0.285,0.293
0.29,0.378,0.682,0.44,0.491,0.08,0.285,0.293
0.29,0.378,0.682,0.44,0.491,0.079,0.285,0.293
0.29,0.378,0.682,0.44,0.491,0.08,0.285,0.293
0.29,0.378,0.682,0.44,0.491,0.08,0.285,0.293
0.29,0.378,0.681,0.44,0.491,0.079,0.285,0.293
0.29,0.378,0.681,0.44,0.49,0.08,0.285,0.293
0.29,0.378,0.681,0.44,0.49,0.08,0.285,0.293
0.29,0.378,0.681,0.44,0.49,0.08,0.285,0.293
0.29,0.378,0.681,0.44,0.49,0.08,0.285,0.293
0.29,0.377,0.681,0.44,0.49,0.079,0.285,0.292
0.29,0.377,0.681,0.44,0.49,0.08,0.285,0.292
0.29,0.377,0.681,0.439,0.49,0.08,0.285,0.292
0.29,0.377,0.68,0.439,0.49,0.079,0.285,0.292
0.29,0.377,0.68,0.439,0.49,0.079,0.285,0.292
0.289,0.377,0.68,0.439,0.49,0.08,0.285,0.292
0.289,0.377,0.68,0.439,0.49,0.08,0.285,0.292
0.29,0.377,0.68,0.439,0.489,0.079,0.285,0.292
0.289,0.377,0.68,0.439,0.49,0.08,0.284,0.292
0.289,0.377,0.68,0.439,0.489,0.08,0.285,0.292
0.289,0.377,0.68,0.439,0.489,0.079,0.284,0.292
0.289,0.377,0.68,0.439,0.489,0.08,0.284,0.292
0.289,0.377,0.679,0.439,0.489,0.079,0.285,0.292
0.289,0.377,0.679,0.439,0.489,0.08,0.284,0.292
0.289,0.377,0.679,0.439,0.489,0.08,0.285,0.292
0.289,0.377,0.679,0.439,0.489,0.079,0.284,0.292
0.289,0.377,0.679,0.438,0.489,0.079,0.284,0.292
0.289,0.377,0.679,0.439,0.488,0.08,0.284,0.292
0.289,0.377,0.679,0.438,0.488,0.08,0.284,0.292
0.289,0.377,0.679,0.438,0.488,0.079,0.284,0.292
0.289,0.377,0.679,0.438,0.488,0.08,0.284,0.292
0.289,0.377,0.678,0.438,0.488,0.08,0.284,0.292
0.289,0.377,0.678,0.438,0.488,0.079,0.284,0.292
0.289,0.377,0.678,0.438,0.488,0.079,0.284,0.292
0.289,0.377,0.678,0.438,0.488,0.079,0.284,0.292
0.289,0.377,0.678,0.438,0.488,0.08,0.284,0.292
0.289,0.377,0.678,0.438,0.488,0.08,0.284,0.292
0.289,0.377,0.678,0.438,0.488,0.079,0.284,0.292
0.289,0.377,0.678,0.438,0.487,0.079,0.284,0.292
0.289,0.377,0.677,0.438,0.487,0.08,0.284,0.292
0.289,0.377,0.678,0.437,0.487,0.079,0.284,0.292
0.288,0.377,0.677,0.437,0.487,0.079,0.284,0.292
0.289,0.377,0.677,0.437,0.487,0.08,0.284,0.291
0.288,0.377,0.677,0.437,0.487,0.079,0.284,0.292
0.288,0.377,0.677,0.437,0.487,0.079,0.284,0.292
0.288,0.377,0.677,0.437,0.487,0.079,0.284,0.291
0.288,0.377,0.677,0.437,0.487,0.08,0.284,0.291
0.288,0.377,0.677,0.437,0.487,0.079,0.284,0.292
0.288,0.377,0.676,0.437,0.487,0.08,0.283,0.292
0.288,0.377,0.676,0.437,0.487,0.079,0.284,0.291
0.288,0.377,0.676,0.437,0.487,0.079,0.284,0.291
0.288,0.377,0.676,0.437,0.486,0.079,0.283,0.291
0.288,0.377,0.676,0.437,0.486,0.079,0.283,0.291
0.288,0.377,0.676,0.436,0.486,0.079,0.284,0.291
0.288,0.377,0.676,0.436,0.486,0.079,0.284,0.291
0.288,0.376,0.676,0.436,0.486,0.08,0.284,0.291
0.288,0.376,0.676,0.436,0.486,0.079,0.283,0.291
0.288,0.376,0.676,0.436,0.486,0.079,0.283,0.291
0.288,0.376,0.675,0.436,0.486,0.079,0.283,0.291
0.288,0.376,0.675,0.436,0.486,0.079,0.283,0.291
0.288,0.376,0.675,0.436,0.486,0.079,0.283,0.291
0.288,0.376,0.675,0.436,0.486,0.079,0.283,0.291
0.288,0.376,0.675,0.436,0.486,0.079,0.283,0.291
0.288,0.376,0.675,0.436,0.486,0.079,0.283,0.291
0.288,0.376,0.675,0.436,0.486,0.079,0.283,0.291
0.288,0.376,0.675,0.436,0.486,0.079,0.283,0.291
0.288,0.376,0.675,0.436,0.486,0.079,0.283,0.291
0.288,0.376,0.675,0.436,0.486,0.079,0.283,0.291
0.288,0.376,0.674,0.436,0.486,0.079,0.283,0.291
0.288,0.375,0.674,0.436,0.486,0.079,0.283,0.291
0.287,0.376,0.674,0.436,0.486,0.079,0.283,0.291
0.287,0.375,0.674,0.435,0.486,0.079,0.283,0.291
0.287,0.375,0.674,0.436,0.485,0.079,0.283,0.291
0.288,0.375,0.674,0.435,0.486,0.079,0.283,0.291
0.288,0.376,0.674,0.435,0.486,0.079,0.283,0.291
0.287,0.375,0.674,0.435,0.485,0.079,0.283,0.291
0.287,0.375,0.674,0.435,0.485,0.079,0.283,0.291
0.287,0.376,0.674,0.435,0.485,0.079,0.283,0.291
0.287,0.376,0.674,0.435,0.485,0.079,0.283,0.291
0.287,0.376,0.673,0.435,0.485,0.079,0.283,0.29
0.287,0.376,0.673,0.435,0.485,0.079,0.283,0.291
0.287,0.375,0.673,0.435,0.485,0.079,0.283,0.29
0.287,0.375,0.673,0.435,0.485,0.079,0.283,0.29
0.287,0.375,0.673,0.435,0.485,0.079,0.282,0.29
0.287,0.375,0.673,0.435,0.485,0.079,0.282,0.29
0.287,0.375,0.673,0.435,0.485,0.079,0.282,0.29
0.287,0.375,0.673,0.435,0.485,0.079,0.282,0.29
0.287,0.375,0.673,0.435,0.485,0.079,0.282,0.29
0.287,0.375,0.672,0.435,0.484,0.079,0.282,0.29
0.287,0.375,0.673,0.434,0.484,0.079,0.282,0.29
0.287,0.375,0.672,0.434,0.484,0.079,0.282,0.29
0.287,0.375,0.672,0.434,0.484,0.08,0.282,0.29
0.287,0.375,0.672,0.434,0.484,0.079,0.282,0.29
0.287,0.375,0.672,0.434,0.484,0.079,0.282,0.29
0.287,0.375,0.672,0.434,0.484,0.079,0.282,0.29
0.287,0.375,0.672,0.434,0.484,0.079,0.282,0.29
0.287,0.375,0.672,0.434,0.484,0.079,0.282,0.29
0.287,0.375,0.672,0.434,0.484,0.079,0.282,0.29
0.287,0.375,0.671,0.434,0.484,0.079,0.282,0.29
0.286,0.375,0.671,0.434,0.484,0.079,0.282,0.29
0.286,0.375,0.671,0.434,0.484,0.079,0.282,0.29
0.286,0.375,0.671,0.434,0.484,0.079,0.282,0.29
0.286,0.375,0.671,0.434,0.484,0.079,0.282,0.29
0.286,0.375,0.671,0.434,0.484,0.079,0.282,0.29
0.286,0.375,0.671,0.434,0.484,0.079,0.282,0.29
0.286,0.375,0.671,0.434,0.484,0.079,0.282,0.29
0.286,0.375,0.671,0.434,0.484,0.079,0.282,0.29
0.286,0.375,0.671,0.434,0.484,0.079,0.282,0.29
0.286,0.375,0.671,0.434,0.484,0.079,0.282,0.29
0.286,0.375,0.671,0.434,0.484,0.079,0.282,0.29
0.286,0.375,0.671,0.434,0.484,0.079,0.282,0.29
0.286,0.375,0.671,0.434,0.484,0.079,0.282,0.29
0.286,0.375,0.671,0.434,0.484,0.079,0.282,0.29
0.286,0.375,0.671,0.434,0.484,0.079,0.282,0.29
0.286,0.375,0.671,0.434,0.484,0.079,0.282,0.29
0.286,0.375,0.671,0.434,0.484,0.079,0.282,0.29
0.286,0.375,0.671,0.434,0.484,0.079,0.282,0.29
0.286,0.375,0.671,0.434,0.484,0.079,0.282,0.29
0.286,0.375,0.671,0.434,0.484,0.079,0.282,0.29
0.286,0.375,0.671,0.434,0.484,0.079,0.282,0.29
0.286,0.375,0.671,0.434,0.484,0.079,0.282,0.29
0.286,0.375,0.671,0.434,0.484,0.079,0.282,0.29
0.286,0.375,0.671,0.434,0.484,0.079,0.282,0.29
0.286,0.375,0.671,0.434,0.484,0.079,0.282,0.29
0.286,0.375,0.671,0.434,0.484,0.079,0.282,0.29
0.286,0.375,0.671,0.434,0.484,0.079,0.282,0.29
0.286,0.375,0.671,0.434,0.484,0.079,0.282,0.29
0.286,0.375,0.671,0.434,0.484,0.079,0.282,0.29
0.286,0.375,0.671,0.434,0.484,0.079,0.282,0.29
0.286,0.375,0.671,0.434,0.484,0.079,0.282,0.29
0.286,0.375,0.671,0.434,0.484,0.079,0.282,0.29
0.286,0.375,0.671,0.434,0.484,0.079,0.282,0.29
0.286,0.375,0.671,0.434,0.484,0.079,0.282,0.29
0.286,0.375,0.671,0.434,0.484,0.079,0.282,0.29
0.286,0.375,0.671,0.434,0.484,0.079,0.282,0.29
0.286,0.375,0.671,0.434,0.484,0.079,0.282,0.29
0.286,0.375,0.671,0.434,0.484,0.079,0.282,0.29
0.286,0.375,0.671,0.434,0.484,0.079,0.282,0.29
0.286,0.375,0.671,0.434,0.484,0.079,0.282,0.29
0.286,0.375,0.671,0.434,0.484,0.079,0.282,0.29
0.286,0.375,0.671,0.434,0.484,0.079,0.282,0.29
0.286,0.375,0.671,0.434,0.484,0.079,0.282,0.29
0.286,0.375,0.671,0.434,0.484,0.079,0.282,0.29
0.286,0.375,0.671,0.434,0.484,0.079,0.282,0.29
0.286,0.375,0.671,0.434,0.484,0.079,0.282,0.29
0.286,0.375,0.671,0.434,0.484,0.079,0.282,0.29
0.286,0.375,0.671,0.434,0.484,0.079,0.282,0.29
0.286,0.375,0.671,0.434,0.484,0.079,0.282,0.29
0.286,0.375,0.671,0.434,0.484,0.079,0.282,0.29
0.286,0.375,0.671,0.434,0.484,0.079,0.282,0.29
0.286,0.375,0.671,0.434,0.484,0.079,0.282,0.29
0.286,0.375,0.671,0.434,0.484,0.079,0.282,0.29
0.286,0.375,0.671,0.434,0.484,0.079,0.282,0.29
0.286,0.375,0.671,0.434,0.484,0.079,0.282,0.29
0.286,0.375,0.671,0.434,0.484,0.079,0.282,0.29
0.286,0.375,0.671,0.434,0.484,0.079,0.282,0.29
0.286,0.375,0.671,0.434,0.484,0.079,0.282,0.29
0.286,0.375,0.671,0.434,0.484,0.079,0.282,0.29
0.286,0.375,0.671,0.434,0.484,0.079,0.282,0.29
0.286,0.375,0.671,0.434,0.484,0.079,0.282,0.29
0.286,0.375,0.671,0.434,0.484,0.079,0.282,0.29
0.286,0.375,0.671,0.434,0.484,0.079,0.282,0.29
0.286,0.375,0.671,0.434,0.484,0.079,0.282,0.29
0.286,0.375,0.671,0.434,0.484,0.079,0.282,0.29
0.286,0.375,0.671,0.434,0.484,0.079,0.282,0.29
0.286,0.375,0.671,0.434,0.484,0.079,0.282,0.29
0.286,0.375,0.671,0.434,0.484,0.079,0.282,0.29
0.286,0.375,0.671,0.434,0.484,0.079,0.282,0.29
0.286,0.375,0.671,0.434,0.484,0.079,0.282,0.29
0.286,0.375,0.671,0.434,0.484,0.079,0.282,0.29
0.286,0.375,0.671,0.434,0.484,0.079,0.282,0.29
0.286,0.375,0.671,0.434,0.484,0.079,0.282,0.29
0.286,0.375,0.671,0.434,0.484,0.079,0.282,0.29
0.286,0.375,0.671,0.434,0.484,0.079,0.282,0.29
0.286,0.375,0.671,0.434,0.484,0.079,0.282,0.29
0.286,0.375,0.671,0.434,0.484,0.079,0.282,0.29
0.286,0.375,0.671,0.434,0.484,0.079,0.282,0.29
0.286,0.375,0.671,0.434,0.484,0.079,0.282,0.29
0.286,0.375,0.671,0.434,0.484,0.079,0.282,0.29
0.286,0.375,0.671,0.434,0.484,0.079,0.282,0.29
0.286,0.375,0.671,0.434,0.484,0.079,0.282,0.29
0.286,0.375,0.671,0.434,0.484,0.079,0.282,0.29
0.286,0.375,0.671,0.434,0.484,0.079,0.282,0.29
0.286,0.375,0.671,0.434,0.484,0.079,0.282,0.29
0.286,0.375,0.671,0.434,0.484,0.079,0.282,0.29
0.286,0.375,0.671,0.434,0.484,0.079,0.282,0.29
0.286,0.375,0.671,0.434,0.484,0.079,0.282,0.29
0.286,0.375,0.671,0.434,0.484,0.079,0.282,0.29
0.286,0.375,0.671,0.434,0.484,0.079,0.282,0.29
0.286,0.375,0.671,0.434,0.484,0.079,0.282,0.29
0.286,0.375,0.671,0.434,0.484,0.079,0.282,0.29
0.286,0.375,0.671,0.434,0.484,0.079,0.282,0.29
0.286,0.375,0.671,0.434,0.484,0.079,0.282,0.29
0.286,0.375,0.671,0.434,0.484,0.079,0.282,0.29
0.286,0.375,0.671,0.434,0.484,0.079,0.282,0.29
0.286,0.375,0.671,0.434,0.484,0.079,0.282,0.29
0.286,0.375,0.671,0.434,0.484,0.079,0.282,0.29
0.286,0.375,0.671,0.434,0.484,0.079,0.282,0.29
0.286,0.375,0.671,0.434,0.484,0.079,0.282,0.29
0.286,0.375,0.671,0.434,0.484,0.079,0.282,0.29
0.286,0.375,0.671,0.434,0.484,0.079,0.282,0.29
0.286,0.375,0.671,0.434,0.484,0.079,0.282,0.29
0.286,0.375,0.671,0.434,0.484,0.079,0.282,0.29
0.286,0.375,0.671,0.434,0.484,0.079,0.282,0.29
0.286,0.375,0.671,0.434,0.484,0.079,0.282,0.29
0.286,0.375,0.671,0.434,0.484,0.079,0.282,0.29
0.286,0.375,0.671,0.434,0.484,0.079,0.282,0.29
0.286,0.375,0.671,0.434,0.484,0.079,0.282,0.29
0.286,0.375,0.671,0.434,0.484,0.079,0.282,0.29
0.286,0.375,0.671,0.434,0.484,0.079,0.282,0.29
0.286,0.375,0.671,0.434,0.484,0.079,0.282,0.29
0.286,0.375,0.671,0.434,0.484,0.079,0.282,0.29
0.286,0.375,0.671,0.434,0.484,0.079,0.282,0.29
0.286,0.375,0.671,0.434,0.484,0.079,0.282,0.29
0.286,0.375,0.671,0.434,0.484,0.079,0.282,0.29
0.286,0.375,0.671,0.434,0.484,0.079,0.282,0.29
0.286,0.375,0.671,0.434,0.484,0.079,0.282,0.29
0.286,0.375,0.671,0.434,0.484,0.079,0.282,0.29
0.286,0.375,0.671,0.434,0.484,0.079,0.282,0.29
0.286,0.375,0.671,0.434,0.484,0.079,0.282,0.29
0.286,0.375,0.671,0.434,0.484,0.079,0.282,0.29
0.286,0.375,0.671,0.434,0.484,0.079,0.282,0.29
0.286,0.375,0.671,0.434,0.484,0.079,0.282,0.29
0.286,0.375,0.671,0.434,0.484,0.079,0.282,0.29
0.286,0.375,0.671,0.434,0.484,0.079,0.282,0.29
0.286,0.375,0.671,0.434,0.484,0.079,0.282,0.29
0.286,0.375,0.671,0.434,0.484,0.079,0.282,0.29
0.286,0.375,0.671,0.434,0.484,0.079,0.282,0.29
0.286,0.375,0.671,0.434,0.484,0.079,0.282,0.29
0.286,0.375,0.671,0.434,0.484,0.079,0.282,0.29
0.286,0.375,0.671,0.434,0.484,0.079,0.282,0.29
0.286,0.375,0.671,0.434,0.484,0.079,0.282,0.29
0.286,0.375,0.671,0.434,0.484,0.079,0.282,0.29
0.286,0.375,0.671,0.434,0.484,0.079,0.282,0.29
0.286,0.375,0.671,0.434,0.484,0.079,0.282,0.29
0.286,0.375,0.671,0.434,0.484,0.079,0.282,0.29
0.286,0.375,0.671,0.434,0.484,0.079,0.282,0.29
0.286,0.375,0.671,0.434,0.484,0.079,0.282,0.29
0.286,0.375,0.671,0.434,0.484,0.079,0.282,0.29
0.286,0.375,0.671,0.434,0.484,0.079,0.282,0.29
0.286,0.375,0.671,0.434,0.484,0.079,0.282,0.29
0.286,0.375,0.671,0.434,0.484,0.079,0.282,0.29
0.286,0.375,0.671,0.434,0.484,0.079,0.282,0.29
0.286,0.375,0.671,0.434,0.484,0.079,0.282,0.29
0.286,0.375,0.671,0.434,0.484,0.079,0.282,0.29
0.286,0.375,0.671,0.434,0.484,0.079,0.282,0.29
0.286,0.375,0.671,0.434,0.484,0.079,0.282,0.29
0.286,0.375,0.671,0.434,0.484,0.079,0.282,0.29
0.286,0.375,0.671,0.434,0.484,0.079,0.282,0.29
0.286,0.375,0.671,0.434,0.484,0.079,0.282,0.29
0.286,0.375,0.671,0.434,0.484,0.079,0.282,0.29
0.286,0.375,0.671,0.434,0.484,0.079,0.282,0.29
0.286,0.375,0.671,0.434,0.484,0.079,0.282,0.29
0.286,0.375,0.671,0.434,0.484,0.079,0.282,0.29
0.286,0.375,0.671,0.434,0.484,0.079,0.282,0.29
0.286,0.375,0.671,0.434,0.484,0.079,0.282,0.29
0.286,0.375,0.671,0.434,0.484,0.079,0.282,0.29
0.286,0.375,0.671,0.434,0.484,0.079,0.282,0.29
0.286,0.375,0.671,0.434,0.484,0.079,0.282,0.29
0.286,0.375,0.671,0.434,0.484,0.079,0.282,0.29
0.286,0.375,0.671,0.434,0.484,0.079,0.282,0.29
0.286,0.375,0.671,0.434,0.484,0.079,0.282,0.29
0.286,0.375,0.671,0.434,0.484,0.079,0.282,0.29
0.286,0.375,0.671,0.434,0.484,0.079,0.282,0.29
0.286,0.375,0.671,0.434,0.484,0.079,0.282,0.29
0.286,0.375,0.671,0.434,0.484,0.079,0.282,0.29
0.286,0.375,0.671,0.434,0.484,0.079,0.282,0.29
0.286,0.375,0.671,0.434,0.484,0.079,0.282,0.29
0.286,0.375,0.671,0.434,0.484,0.079,0.282,0.29
0.286,0.375,0.671,0.434,0.484,0.079,0.282,0.29
0.286,0.375,0.671,0.434,0.484,0.079,0.282,0.29
0.286,0.375,0.671,0.434,0.484,0.079,0.282,0.29
0.286,0.375,0.671,0.434,0.484,0.079,0.282,0.29
0.286,0.375,0.671,0.434,0.484,0.079,0.282,0.29
0.286,0.375,0.671,0.434,0.484,0.079,0.282,0.29
0.286,0.375,0.671,0.434,0.484,0.079,0.282,0.29
0.286,0.375,0.671,0.434,0.484,0.079,0.282,0.29
0.286,0.375,0.671,0.434,0.484,0.079,0.282,0.29
0.286,0.375,0.671,0.434,0.484,0.079,0.282,0.29
0.286,0.375,0.671,0.434,0.484,0.079,0.282,0.29
0.286,0.375,0.671,0.434,0.484,0.079,0.282,0.29
0.286,0.375,0.671,0.434,0.484,0.079,0.282,0.29
0.286,0.375,0.671,0.434,0.484,0.079,0.282,0.29
0.286,0.375,0.671,0.434,0.484,0.079,0.282,0.29
0.286,0.375,0.671,0.434,0.484,0.079,0.282,0.29
0.286,0.375,0.671,0.434,0.484,0.079,0.282,0.29
0.286,0.375,0.671,0.434,0.484,0.079,0.282,0.29
0.286,0.375,0.671,0.434,0.484,0.079,0.282,0.29
0.286,0.375,0.671,0.434,0.484,0.079,0.282,0.29
0.286,0.375,0.671,0.434,0.484,0.079,0.282,0.29
0.286,0.375,0.671,0.434,0.484,0.079,0.282,0.29
0.286,0.375,0.671,0.434,0.484,0.079,0.282,0.29
0.286,0.375,0.671,0.434,0.484,0.079,0.282,0.29
0.286,0.375,0.671,0.434,0.484,0.079,0.282,0.29
0.286,0.375,0.671,0.434,0.484,0.079,0.282,0.29
0.286,0.375,0.671,0.434,0.484,0.079,0.282,0.29
0.286,0.375,0.671,0.434,0.484,0.079,0.282,0.29
0.286,0.375,0.671,0.434,0.484,0.079,0.282,0.29
0.286,0.375,0.671,0.434,0.484,0.079,0.282,0.29
0.286,0.375,0.671,0.434,0.484,0.079,0.282,0.29
0.286,0.375,0.671,0.434,0.484,0.079,0.282,0.29
0.286,0.375,0.671,0.434,0.484,0.079,0.282,0.29
0.286,0.375,0.671,0.434,0.484,0.079,0.282,0.29
0.286,0.375,0.671,0.434,0.484,0.079,0.282,0.29
0.286,0.375,0.671,0.434,0.484,0.079,0.282,0.29
0.286,0.375,0.671,0.434,0.484,0.079,0.282,0.29
0.286,0.375,0.671,0.434,0.484,0.079,0.282,0.29
0.286,0.375,0.671,0.434,0.484,0.079,0.282,0.29
0.286,0.375,0.671,0.434,0.484,0.079,0.282,0.29
0.286,0.375,0.671,0.434,0.484,0.079,0.282,0.29
0.286,0.375,0.671,0.434,0.484,0.079,0.282,0.29
0.286,0.375,0.671,0.434,0.484,0.079,0.282,0.29
0.286,0.375,0.671,0.434,0.484,0.079,0.282,0.29
0.286,0.375,0.671,0.434,0.484,0.079,0.282,0.29
0.286,0.375,0.671,0.434,0.484,0.079,0.282,0.29
0.286,0.375,0.671,0.434,0.484,0.079,0.282,0.29
0.286,0.375,0.671,0.434,0.484,0.079,0.282,0.29
0.286,0.375,0.671,0.434,0.484,0.079,0.282,0.29
0.286,0.375,0.671,0.434,0.484,0.079,0.282,0.29
0.286,0.375,0.671,0.434,0.484,0.079,0.282,0.29
0.286,0.375,0.671,0.434,0.484,0.079,0.282,0.29
0.286,0.375,0.671,0.434,0.484,0.079,0.282,0.29
0.286,0.375,0.671,0.434,0.484,0.079,0.282,0.29
0.286,0.375,0.671,0.434,0.484,0.079,0.282,0.29
0.286,0.375,0.671,0.434,0.484,0.079,0.282,0.29
0.286,0.375,0.671,0.434,0.484,0.079,0.282,0.29
0.286,0.375,0.671,0.434,0.484,0.079,0.282,0.29
0.286,0.375,0.671,0.434,0.484,0.079,0.282,0.29
0.286,0.375,0.671,0.434,0.484,0.079,0.282,0.29
0.286,0.375,0.671,0.434,0.484,0.079,0.282,0.29
0.286,0.375,0.671,0.434,0.484,0.079,0.282,0.29
0.286,0.375,0.671,0.434,0.484,0.079,0.282,0.29
0.286,0.375,0.671,0.434,0.484,0.079,0.282,0.29
0.286,0.375,0.671,0.434,0.484,0.079,0.282,0.29
0.286,0.375,0.671,0.434,0.484,0.079,0.282,0.29
0.286,0.375,0.671,0.434,0.484,0.079,0.282,0.29
0.286,0.375,0.671,0.434,0.484,0.079,0.282,0.29
0.286,0.375,0.671,0.434,0.484,0.079,0.282,0.29
0.286,0.375,0.671,0.434,0.484,0.079,0.282,0.29
0.286,0.375,0.671,0.434,0.484,0.079,0.282,0.29
0.286,0.375,0.671,0.434,0.484,0.079,0.282,0.29
0.286,0.375,0.671,0.434,0.484,0.079,0.282,0.29
0.286,0.375,0.671,0.434,0.484,0.079,0.282,0.29
0.286,0.375,0.671,0.434,0.484,0.079,0.282,0.29
0.286,0.375,0.671,0.434,0.484,0.079,0.282,0.29
0.286,0.375,0.671,0.434,0.484,0.079,0.282,0.29
0.286,0.375,0.671,0.434,0.484,0.079,0.282,0.29
0.286,0.375,0.671,0.434,0.484,0.079,0.282,0.29
0.286,0.375,0.671,0.434,0.484,0.079,0.282,0.29
0.286,0.375,0.671,0.434,0.484,0.079,0.282,0.29
0.286,0.375,0.671,0.434,0.484,0.079,0.282,0.29
0.286,0.375,0.671,0.434,0.484,0.079,0.282,0.29
0.286,0.375,0.671,0.434,0.484,0.079,0.282,0.29
0.286,0.375,0.671,0.434,0.484,0.079,0.282,0.29
0.286,0.375,0.671,0.434,0.484,0.079,0.282,0.29
0.286,0.375,0.671,0.434,0.484,0.079,0.282,0.29
0.286,0.375,0.671,0.434,0.484,0.079,0.282,0.29
0.286,0.375,0.671,0.434,0.484,0.079,0.282,0.29
0.286,0.375,0.671,0.434,0.484,0.079,0.282,0.29
0.286,0.375,0.671,0.434,0.484,0.079,0.282,0.29
0.286,0.375,0.671,0.434,0.484,0.079,0.282,0.29
0.286,0.375,0.671,0.434,0.484,0.079,0.282,0.29
0.286,0.375,0.671,0.434,0.484,0.079,0.282,0.29
0.286,0.375,0.671,0.434,0.484,0.079,0.282,0.29
0.286,0.375,0.671,0.434,0.484,0.079,0.282,0.29
0.286,0.375,0.671,0.434,0.484,0.079,0.282,0.29
0.286,0.375,0.671,0.434,0.484,0.079,0.282,0.29
0.286,0.375,0.671,0.434,0.484,0.079,0.282,0.29
0.286,0.375,0.671,0.434,0.484,0.079,0.282,0.29
0.286,0.375,0.671,0.434,0.484,0.079,0.282,0.29
0.286,0.375,0.671,0.434,0.484,0.079,0.282,0.29
0.286,0.375,0.671,0.434,0.484,0.079,0.282,0.29
0.286,0.375,0.671,0.434,0.484,0.079,0.282,0.29
0.286,0.375,0.671,0.434,0.484,0.079,0.282,0.29
0.286,0.375,0.671,0.434,0.484,0.079,0.282,0.29
0.286,0.375,0.671,0.434,0.484,0.079,0.282,0.29
0.286,0.375,0.671,0.434,0.484,0.079,0.282,0.29
0.286,0.375,0.671,0.434,0.484,0.079,0.282,0.29
0.286,0.375,0.671,0.434,0.484,0.079,0.282,0.29
0.286,0.375,0.671,0.434,0.484,0.079,0.282,0.29
0.286,0.375,0.671,0.434,0.484,0.079,0.282,0.29
0.286,0.375,0.671,0.434,0.484,0.079,0.282,0.29
0.286,0.375,0.671,0.434,0.484,0.079,0.282,0.29
0.286,0.375,0.671,0.434,0.484,0.079,0.282,0.29
0.286,0.375,0.671,0.434,0.484,0.079,0.282,0.29
0.286,0.375,0.671,0.434,0.484,0.079,0.282,0.29
0.286,0.375,0.671,0.434,0.484,0.079,0.282,0.29
0.286,0.375,0.671,0.434,0.484,0.079,0.282,0.29
0.286,0.375,0.671,0.434,0.484,0.079,0.282,0.29
0.286,0.375,0.671,0.434,0.484,0.079,0.282,0.29
0.286,0.375,0.671,0.434,0.484,0.079,0.282,0.29
0.286,0.375,0.671,0.434,0.484,0.079,0.282,0.29
0.286,0.375,0.671,0.434,0.484,0.079,0.282,0.29
0.286,0.375,0.671,0.434,0.484,0.079,0.282,0.29
0.286,0.375,0.671,0.434,0.484,0.079,0.282,0.29
0.286,0.375,0.671,0.434,0.484,0.079,0.282,0.29
0.286,0.375,0.671,0.434,0.484,0.079,0.282,0.29
0.286,0.375,0.671,0.434,0.484,0.079,0.282,0.29
0.286,0.375,0.671,0.434,0.484,0.079,0.282,0.29
0.286,0.375,0.671,0.434,0.484,0.079,0.282,0.29
0.286,0.375,0.671,0.434,0.484,0.079,0.282,0.29
0.286,0.375,0.671,0.434,0.484,0.079,0.282,0.29
0.286,0.375,0.671,0.434,0.484,0.079,0.282,0.29
0.286,0.375,0.671,0.434,0.484,0.079,0.282,0.29
0.286,0.375,0.671,0.434,0.484,0.079,0.282,0.29
0.286,0.375,0.671,0.434,0.484,0.079,0.282,0.29
0.286,0.375,0.671,0.434,0.484,0.079,0.282,0.29
0.286,0.375,0.671,0.434,0.484,0.079,0.282,0.29
0.286,0.375,0.671,0.434,0.484,0.079,0.282,0.29
0.286,0.375,0.671,0.434,0.484,0.079,0.282,0.29
0.286,0.375,0.671,0.434,0.484,0.079,0.282,0.29
0.286,0.375,0.671,0.434,0.484,0.079,0.282,0.29
0.286,0.375,0.671,0.434,0.484,0.079,0.282,0.29
0.286,0.375,0.671,0.434,0.484,0.079,0.282,0.29
0.286,0.375,0.671,0.434,0.484,0.079,0.282,0.29
0.286,0.375,0.671,0.434,0.484,0.079,0.282,0.29
0.286,0.375,0.671,0.434,0.484,0.079,0.282,0.29
0.286,0.375,0.671,0.434,0.484,0.079,0.282,0.29
0.286,0.375,0.671,0.434,0.484,0.079,0.282,0.29
0.286,0.375,0.671,0.434,0.484,0.079,0.282,0.29
0.286,0.375,0.671,0.434,0.484,0.079,0.282,0.29
0.286,0.375,0.671,0.434,0.484,0.079,0.282,0.29
0.286,0.375,0.671,0.434,0.484,0.079,0.282,0.29
0.286,0.375,0.671,0.434,0.484,0.079,0.282,0.29
0.286,0.375,0.671,0.434,0.484,0.079,0.282,0.29
0.286,0.375,0.671,0.434,0.484,0.079,0.282,0.29
0.286,0.375,0.671,0.434,0.484,0.079,0.282,0.29
0.286,0.375,0.671,0.434,0.484,0.079,0.282,0.29
0.286,0.375,0.671,0.434,0.484,0.079,0.282,0.29
0.286,0.375,0.671,0.434,0.484,0.079,0.282,0.29
0.286,0.375,0.671,0.434,0.484,0.079,0.282,0.29
0.286,0.375,0.671,0.434,0.484,0.079,0.282,0.29
0.286,0.375,0.671,0.434,0.484,0.079,0.282,0.29
0.286,0.375,0.671,0.434,0.484,0.079,0.282,0.29
0.286,0.375,0.671,0.434,0.484,0.079,0.282,0.29
0.286,0.375,0.671,0.434,0.484,0.079,0.282,0.29
0.286,0.375,0.671,0.434,0.484,0.079,0.282,0.29
0.286,0.375,0.671,0.434,0.484,0.079,0.282,0.29
0.286,0.375,0.671,0.434,0.484,0.079,0.282,0.29
0.286,0.375,0.671,0.434,0.484,0.079,0.282,0.29
0.286,0.375,0.671,0.434,0.484,0.079,0.282,0.29
0.286,0.375,0.671,0.434,0.484,0.079,0.282,0.29
0.286,0.375,0.671,0.434,0.484,0.079,0.282,0.29
0.286,0.375,0.671,0.434,0.484,0.079,0.282,0.29
0.286,0.375,0.671,0.434,0.484,0.079,0.282,0.29
0.286,0.375,0.671,0.434,0.484,0.079,0.282,0.29
0.286,0.375,0.671,0.434,0.484,0.079,0.282,0.29
0.286,0.375,0.671,0.434,0.484,0.079,0.282,0.29
0.286,0.375,0.671,0.434,0.484,0.079,0.282,0.29
0.286,0.375,0.671,0.434,0.484,0.079,0.282,0.29
0.286,0.375,0.671,0.434,0.484,0.079,0.282,0.29
0.286,0.375,0.671,0.434,0.484,0.079,0.282,0.29
0.286,0.375,0.671,0.434,0.484,0.079,0.282,0.29
0.286,0.375,0.671,0.434,0.484,0.079,0.282,0.29
0.286,0.375,0.671,0.434,0.484,0.079,0.282,0.29
0.286,0.375,0.671,0.434,0.484,0.079,0.282,0.29
0.286,0.375,0.671,0.434,0.484,0.079,0.282,0.29
0.286,0.375,0.671,0.434,0.484,0.079,0.282,0.29
0.286,0.375,0.671,0.434,0.484,0.079,0.282,0.29
0.286,0.375,0.671,0.434,0.484,0.079,0.282,0.29
