S1_D0202,S2_D0202,S3_D0202,S4_D0202,S5_D0202,S6_D0202,S7_D0202,S8_D0202
0.213,0.292,0.487,0.328,0.371,0.075,0.21,0.222
0.214,0.292,0.487,0.327,0.371,0.075,0.21,0.222
0.214,0.292,0.487,0.328,0.371,0.075,0.21,0.222
0.214,0.292,0.487,0.328,0.371,0.075,0.21,0.222
0.214,0.292,0.486,0.328,0.371,0.076,0.21,0.222
0.213,0.292,0.486,0.328,0.371,0.075,0.21,0.222
0.214,0.292,0.486,0.328,0.371,0.076,0.21,0.221
0.213,0.292,0.486,0.327,0.371,0.075,0.21,0.221
0.214,0.292,0.486,0.328,0.371,0.075,0.21,0.221
0.213,0.292,0.486,0.327,0.371,0.075,0.21,0.221
0.213,0.292,0.486,0.327,0.371,0.075,0.21,0.222
0.213,0.292,0.486,0.327,0.37,0.075,0.21,0.221
0.213,0.292,0.486,0.327,0.37,0.075,0.21,0.221
0.214,0.292,0.486,0.328,0.37,0.075,0.21,0.221
0.214,0.292,0.486,0.327,0.37,0.076,0.21,0.221
0.213,0.292,0.486,0.327,0.37,0.075,0.21,0.221
0.213,0.292,0.486,0.327,0.37,0.075,0.21,0.221
0.213,0.292,0.486,0.327,0.37,0.075,0.21,0.221
0.213,0.292,0.486,0.327,0.37,0.075,0.21,0.221
0.214,0.292,0.486,0.327,0.37,0.075,0.21,0.221
0.213,0.292,0.486,0.327,0.37,0.075,0.21,0.221
0.213,0.292,0.486,0.327,0.37,0.075,0.21,0.221
0.213,0.292,0.486,0.327,0.37,0.075,0.21,0.221
0.213,0.292,0.486,0.327,0.37,0.075,0.21,0.221
0.213,0.292,0.486,0.327,0.37,0.075,0.21,0.221
0.213,0.292,0.486,0.327,0.37,0.075,0.21,0.221
0.213,0.292,0.486,0.327,0.37,0.075,0.21,0.221
0.213,0.292,0.485,0.327,0.37,0.075,0.21,0.221
0.213,0.292,0.486,0.327,0.37,0.075,0.21,0.221
0.213,0.291,0.485,0.327,0.37,0.075,0.21,0.221
0.213,0.291,0.485,0.327,0.37,0.075,0.21,0.221
0.213,0.291,0.485,0.327,0.37,0.075,0.21,0.221
0.213,0.291,0.485,0.327,0.37,0.075,0.21,0.221
0.213,0.291,0.485,0.327,0.37,0.075,0.21,0.221
0.213,0.291,0.485,0.327,0.37,0.075,0.21,0.221
0.213,0.291,0.485,0.327,0.37,0.075,0.21,0.221
0.213,0.291,0.485,0.327,0.37,0.075,0.21,0.221
0.213,0.291,0.485,0.327,0.37,0.075,0.21,0.221
0.213,0.291,0.485,0.327,0.37,0.075,0.21,0.221
0.213,0.291,0.485,0.327,0.37,0.075,0.21,0.221
0.213,0.291,0.485,0.327,0.37,0.075,0.21,0.221
0.213,0.291,0.485,0.327,0.37,0.075,0.21,0.221
0.213,0.291,0.485,0.327,0.37,0.075,0.21,0.221
0.213,0.291,0.485,0.327,0.37,0.075,0.21,0.221
0.213,0.291,0.485,0.327,0.37,0.075,0.21,0.221
0.213,0.291,0.485,0.327,0.37,0.075,0.21,0.221
0.213,0.291,0.485,0.327,0.37,0.075,0.21,0.221
0.213,0.291,0.484,0.327,0.37,0.075,0.21,0.221
0.213,0.291,0.485,0.327,0.369,0.075,0.21,0.221
0.213,0.291,0.485,0.327,0.369,0.075,0.21,0.221
0.213,0.291,0.484,0.327,0.369,0.075,0.21,0.221
0.213,0.291,0.484,0.327,0.369,0.075,0.21,0.221
0.213,0.291,0.484,0.327,0.37,0.075,0.21,0.221
0.213,0.291,0.484,0.327,0.369,0.075,0.21,0.221
0.213,0.291,0.484,0.326,0.369,0.075,0.21,0.221
0.213,0.291,0.484,0.326,0.369,0.075,0.21,0.221
0.213,0.291,0.484,0.326,0.369,0.075,0.21,0.221
0.213,0.291,0.484,0.327,0.37,0.075,0.21,0.221
0.213,0.29,0.484,0.326,0.369,0.075,0.209,0.221
0.213,0.29,0.484,0.326,0.37,0.075,0.209,0.221
0.213,0.29,0.484,0.326,0.37,0.075,0.209,0.221
0.213,0.29,0.484,0.326,0.369,0.075,0.209,0.221
0.213,0.291,0.484,0.326,0.37,0.075,0.209,0.221
0.213,0.291,0.484,0.326,0.369,0.075,0.209,0.221
0.213,0.291,0.484,0.326,0.37,0.075,0.209,0.221
0.213,0.291,0.484,0.326,0.37,0.075,0.209,0.221
0.213,0.291,0.484,0.326,0.369,0.075,0.209,0.221
0.213,0.291,0.484,0.326,0.369,0.075,0.209,0.221
0.213,0.291,0.484,0.326,0.369,0.075,0.209,0.221
0.213,0.291,0.484,0.326,0.369,0.075,0.209,0.221
0.213,0.291,0.484,0.326,0.369,0.075,0.209,0.221
0.213,0.291,0.483,0.326,0.369,0.075,0.209,0.221
0.213,0.291,0.483,0.326,0.369,0.075,0.209,0.221
0.213,0.291,0.483,0.326,0.369,0.075,0.209,0.221
0.213,0.291,0.483,0.326,0.369,0.075,0.209,0.22
0.213,0.291,0.483,0.326,0.369,0.075,0.209,0.221
0.213,0.29,0.483,0.326,0.369,0.075,0.209,0.221
0.213,0.291,0.483,0.326,0.369,0.075,0.209,0.22
0.213,0.29,0.483,0.326,0.369,0.075,0.209,0.22
0.213,0.29,0.483,0.326,0.369,0.075,0.209,0.22
0.212,0.29,0.483,0.326,0.369,0.075,0.209,0.221
0.213,0.29,0.483,0.326,0.369,0.075,0.209,0.22
0.212,0.291,0.483,0.326,0.369,0.075,0.209,0.221
0.212,0.29,0.483,0.326,0.369,0.075,0.209,0.22
0.212,0.29,0.483,0.326,0.369,0.075,0.209,0.22
0.213,0.291,0.483,0.326,0.369,0.075,0.209,0.221
0.213,0.29,0.483,0.326,0.369,0.075,0.209,0.221
0.212,0.29,0.483,0.326,0.369,0.075,0.209,0.22
0.213,0.29,0.483,0.326,0.369,0.075,0.209,0.22
0.212,0.29,0.483,0.326,0.369,0.075,0.209,0.22
0.213,0.291,0.483,0.326,0.369,0.075,0.209,0.22
0.212,0.29,0.482,0.325,0.369,0.075,0.209,0.22
0.212,0.29,0.483,0.325,0.369,0.075,0.209,0.22
0.212,0.29,0.482,0.325,0.369,0.075,0.209,0.22
0.212,0.291,0.482,0.325,0.369,0.075,0.209,0.22
0.212,0.29,0.482,0.325,0.369,0.075,0.209,0.221
0.212,0.29,0.482,0.325,0.369,0.075,0.209,0.221
0.212,0.29,0.482,0.325,0.369,0.075,0.209,0.221
0.212,0.29,0.482,0.325,0.369,0.075,0.209,0.22
0.212,0.29,0.482,0.325,0.369,0.075,0.209,0.22
0.212,0.29,0.482,0.325,0.369,0.075,0.209,0.22
0.212,0.29,0.482,0.325,0.369,0.075,0.209,0.22
0.212,0.29,0.482,0.325,0.369,0.075,0.209,0.22
0.212,0.29,0.482,0.325,0.369,0.075,0.209,0.221
0.212,0.29,0.482,0.325,0.369,0.075,0.209,0.22
0.212,0.29,0.482,0.325,0.369,0.075,0.209,0.22
0.212,0.29,0.482,0.325,0.369,0.075,0.209,0.22
0.212,0.29,0.482,0.325,0.369,0.075,0.209,0.22
0.212,0.29,0.482,0.325,0.369,0.075,0.209,0.22
0.212,0.29,0.482,0.326,0.369,0.075,0.209,0.22
0.212,0.29,0.482,0.325,0.369,0.075,0.209,0.22
0.212,0.29,0.482,0.326,0.369,0.075,0.209,0.22
0.212,0.29,0.482,0.325,0.369,0.075,0.209,0.22
0.212,0.29,0.482,0.326,0.369,0.075,0.209,0.22
0.212,0.29,0.482,0.325,0.369,0.075,0.209,0.22
0.212,0.29,0.481,0.326,0.369,0.075,0.209,0.22
0.212,0.29,0.481,0.326,0.369,0.075,0.209,0.22
0.212,0.29,0.481,0.325,0.369,0.075,0.209,0.22
0.212,0.29,0.481,0.325,0.369,0.075,0.209,0.22
0.212,0.29,0.481,0.325,0.369,0.075,0.209,0.22
0.212,0.29,0.481,0.325,0.369,0.075,0.209,0.22
0.212,0.29,0.481,0.325,0.369,0.075,0.209,0.22
0.212,0.29,0.481,0.325,0.369,0.075,0.209,0.22
0.212,0.29,0.481,0.325,0.369,0.075,0.209,0.22
0.212,0.29,0.481,0.325,0.369,0.075,0.209,0.22
0.212,0.29,0.481,0.326,0.369,0.075,0.209,0.22
0.212,0.29,0.481,0.325,0.369,0.075,0.209,0.22
0.212,0.29,0.481,0.325,0.369,0.075,0.208,0.22
0.212,0.29,0.481,0.325,0.369,0.075,0.209,0.22
0.212,0.29,0.481,0.325,0.369,0.075,0.209,0.22
0.212,0.29,0.481,0.325,0.369,0.075,0.209,0.22
0.212,0.291,0.481,0.325,0.369,0.075,0.209,0.22
0.212,0.29,0.481,0.325,0.369,0.075,0.209,0.22
0.212,0.291,0.481,0.325,0.369,0.075,0.209,0.22
0.212,0.291,0.481,0.325,0.369,0.075,0.209,0.22
0.212,0.291,0.481,0.325,0.369,0.075,0.209,0.22
0.212,0.291,0.481,0.325,0.369,0.075,0.208,0.22
0.212,0.291,0.481,0.325,0.368,0.075,0.208,0.22
0.212,0.291,0.481,0.325,0.369,0.075,0.208,0.22
0.212,0.291,0.48,0.325,0.368,0.075,0.209,0.22
0.212,0.291,0.48,0.325,0.368,0.075,0.208,0.22
0.212,0.291,0.48,0.325,0.368,0.075,0.208,0.22
0.212,0.291,0.48,0.325,0.368,0.075,0.208,0.22
0.212,0.291,0.48,0.325,0.368,0.075,0.208,0.22
0.212,0.291,0.48,0.325,0.368,0.075,0.208,0.22
0.212,0.29,0.48,0.325,0.368,0.075,0.208,0.22
0.212,0.29,0.48,0.325,0.368,0.075,0.208,0.22
0.212,0.29,0.48,0.325,0.368,0.075,0.208,0.22
0.212,0.29,0.48,0.325,0.368,0.075,0.208,0.22
0.212,0.29,0.48,0.325,0.368,0.075,0.208,0.22
0.212,0.29,0.48,0.325,0.368,0.075,0.208,0.22
0.212,0.29,0.48,0.325,0.368,0.075,0.208,0.22
0.212,0.29,0.48,0.325,0.368,0.075,0.208,0.22
0.212,0.29,0.48,0.325,0.368,0.075,0.208,0.22
0.212,0.29,0.48,0.325,0.368,0.075,0.208,0.22
0.212,0.29,0.48,0.325,0.368,0.075,0.208,0.22
0.212,0.29,0.48,0.325,0.368,0.075,0.208,0.22
0.212,0.29,0.48,0.325,0.368,0.075,0.208,0.22
0.212,0.29,0.48,0.325,0.368,0.075,0.208,0.22
0.212,0.29,0.48,0.325,0.368,0.075,0.208,0.22
0.212,0.29,0.48,0.325,0.368,0.075,0.208,0.22
0.212,0.29,0.48,0.325,0.368,0.075,0.208,0.22
0.212,0.29,0.479,0.325,0.368,0.075,0.208,0.22
0.212,0.29,0.48,0.325,0.368,0.075,0.208,0.22
0.212,0.29,0.479,0.325,0.368,0.075,0.208,0.219
0.212,0.29,0.479,0.325,0.368,0.075,0.208,0.219
0.211,0.29,0.479,0.325,0.368,0.075,0.208,0.22
0.212,0.29,0.479,0.325,0.368,0.075,0.208,0.22
0.212,0.29,0.479,0.325,0.368,0.075,0.208,0.219
0.211,0.29,0.479,0.325,0.368,0.075,0.208,0.22
0.212,0.29,0.479,0.324,0.368,0.075,0.208,0.22
0.212,0.29,0.479,0.324,0.368,0.075,0.208,0.219
0.211,0.29,0.479,0.325,0.368,0.075,0.208,0.22
0.212,0.291,0.479,0.325,0.368,0.075,0.208,0.22
0.212,0.29,0.48,0.325,0.368,0.075,0.208,0.22
0.212,0.29,0.479,0.325,0.368,0.075,0.208,0.22
0.212,0.29,0.479,0.325,0.368,0.075,0.208,0.22
0.212,0.29,0.479,0.325,0.368,0.075,0.208,0.22
0.212,0.29,0.479,0.325,0.368,0.075,0.208,0.22
0.212,0.29,0.479,0.325,0.368,0.075,0.208,0.22
0.212,0.291,0.479,0.325,0.368,0.075,0.208,0.22
0.212,0.291,0.479,0.325,0.368,0.075,0.208,0.22
0.212,0.291,0.479,0.325,0.368,0.075,0.208,0.22
0.211,0.291,0.479,0.325,0.368,0.075,0.208,0.22
0.212,0.291,0.479,0.325,0.368,0.075,0.208,0.22
0.212,0.292,0.479,0.326,0.368,0.075,0.208,0.22
0.212,0.292,0.479,0.326,0.368,0.075,0.208,0.22
0.212,0.292,0.479,0.326,0.368,0.075,0.208,0.22
0.212,0.293,0.479,0.326,0.368,0.075,0.208,0.22
0.212,0.293,0.479,0.326,0.368,0.075,0.208,0.221
0.212,0.293,0.479,0.327,0.368,0.075,0.208,0.221
0.212,0.293,0.479,0.327,0.369,0.075,0.208,0.221
0.212,0.294,0.479,0.327,0.369,0.075,0.208,0.221
0.212,0.294,0.479,0.328,0.369,0.075,0.208,0.221
0.212,0.295,0.479,0.328,0.369,0.075,0.208,0.222
0.212,0.295,0.479,0.328,0.369,0.075,0.208,0.222
0.212,0.296,0.479,0.329,0.369,0.075,0.208,0.222
0.212,0.296,0.479,0.329,0.37,0.075,0.208,0.223
0.212,0.296,0.479,0.33,0.37,0.075,0.208,0.223
0.212,0.297,0.479,0.33,0.37,0.075,0.208,0.223
0.212,0.297,0.479,0.33,0.37,0.075,0.208,0.224
0.212,0.298,0.479,0.331,0.37,0.075,0.208,0.224
0.212,0.298,0.479,0.331,0.371,0.075,0.208,0.225
0.212,0.298,0.479,0.332,0.371,0.075,0.208,0.225
0.212,0.299,0.479,0.332,0.371,0.075,0.208,0.226
0.212,0.299,0.479,0.333,0.371,0.075,0.208,0.226
0.212,0.3,0.479,0.334,0.372,0.075,0.208,0.227
0.212,0.3,0.479,0.334,0.372,0.075,0.208,0.227
0.212,0.301,0.479,0.335,0.372,0.075,0.208,0.227
0.212,0.301,0.479,0.335,0.372,0.075,0.208,0.228
0.212,0.302,0.479,0.336,0.373,0.075,0.208,0.228
0.213,0.302,0.479,0.336,0.373,0.075,0.208,0.229
0.212,0.303,0.479,0.337,0.373,0.075,0.208,0.229
0.212,0.303,0.479,0.337,0.373,0.075,0.208,0.23
0.212,0.303,0.479,0.338,0.374,0.075,0.208,0.23
0.213,0.304,0.479,0.339,0.374,0.075,0.208,0.231
0.213,0.304,0.479,0.339,0.374,0.075,0.208,0.231
0.213,0.305,0.479,0.34,0.374,0.075,0.208,0.232
0.213,0.305,0.48,0.34,0.375,0.075,0.208,0.232
0.213,0.306,0.479,0.341,0.375,0.075,0.208,0.233
0.213,0.306,0.479,0.342,0.375,0.075,0.208,0.233
0.213,0.307,0.48,0.342,0.375,0.075,0.208,0.234
0.213,0.307,0.48,0.343,0.376,0.075,0.208,0.234
0.213,0.308,0.48,0.343,0.376,0.075,0.208,0.235
0.213,0.308,0.48,0.344,0.376,0.075,0.208,0.235
0.213,0.308,0.479,0.345,0.376,0.075,0.208,0.236
0.213,0.309,0.48,0.345,0.377,0.075,0.208,0.236
0.213,0.309,0.48,0.346,0.377,0.075,0.208,0.237
0.214,0.31,0.48,0.347,0.377,0.075,0.208,0.237
0.214,0.31,0.48,0.347,0.377,0.075,0.208,0.238
0.214,0.31,0.48,0.348,0.378,0.075,0.208,0.238
0.214,0.311,0.48,0.349,0.378,0.075,0.208,0.239
0.214,0.311,0.48,0.349,0.378,0.075,0.208,0.24
0.214,0.312,0.48,0.35,0.378,0.075,0.208,0.24
0.214,0.312,0.48,0.35,0.379,0.075,0.208,0.241
0.214,0.312,0.48,0.351,0.379,0.075,0.208,0.241
0.214,0.313,0.48,0.352,0.379,0.075,0.208,0.242
0.214,0.313,0.48,0.352,0.38,0.075,0.208,0.242
0.214,0.314,0.48,0.353,0.38,0.075,0.208,0.243
0.214,0.314,0.48,0.353,0.38,0.075,0.208,0.243
0.214,0.314,0.48,0.354,0.38,0.075,0.208,0.244
0.214,0.315,0.48,0.354,0.38,0.076,0.208,0.244
0.215,0.315,0.48,0.355,0.381,0.075,0.208,0.245
0.215,0.316,0.48,0.356,0.381,0.075,0.208,0.245
0.215,0.316,0.48,0.356,0.381,0.075,0.208,0.246
0.215,0.317,0.48,0.357,0.381,0.076,0.208,0.246
0.215,0.317,0.48,0.359,0.381,0.076,0.208,0.246
0.215,0.317,0.48,0.36,0.382,0.076,0.208,0.247
0.215,0.318,0.48,0.362,0.382,0.076,0.208,0.247
0.215,0.318,0.481,0.363,0.383,0.075,0.208,0.248
0.215,0.318,0.481,0.365,0.383,0.076,0.208,0.248
0.215,0.319,0.481,0.366,0.384,0.076,0.208,0.249
0.215,0.319,0.481,0.368,0.385,0.076,0.208,0.249
0.215,0.32,0.481,0.369,0.385,0.076,0.208,0.249
0.215,0.32,0.481,0.37,0.386,0.076,0.208,0.25
0.216,0.321,0.481,0.371,0.386,0.076,0.208,0.25
0.216,0.321,0.481,0.372,0.387,0.076,0.208,0.251
0.216,0.322,0.481,0.373,0.388,0.076,0.208,0.251
0.216,0.322,0.481,0.374,0.389,0.076,0.208,0.252
0.216,0.322,0.481,0.375,0.389,0.076,0.208,0.252
0.216,0.323,0.481,0.376,0.39,0.076,0.208,0.252
0.216,0.323,0.481,0.376,0.39,0.076,0.208,0.253
0.216,0.324,0.482,0.377,0.391,0.076,0.208,0.253
0.216,0.324,0.482,0.378,0.392,0.076,0.208,0.254
0.216,0.324,0.482,0.379,0.392,0.076,0.208,0.254
0.216,0.325,0.482,0.38,0.393,0.076,0.208,0.255
0.217,0.325,0.482,0.381,0.394,0.076,0.208,0.255
0.217,0.326,0.482,0.381,0.394,0.076,0.208,0.256
0.217,0.326,0.482,0.382,0.395,0.076,0.208,0.256
0.217,0.327,0.482,0.383,0.395,0.077,0.208,0.256
0.217,0.327,0.482,0.384,0.396,0.076,0.208,0.257
0.217,0.327,0.482,0.385,0.397,0.076,0.208,0.257
0.217,0.328,0.482,0.386,0.397,0.077,0.208,0.258
0.217,0.328,0.483,0.386,0.398,0.076,0.208,0.258
0.217,0.329,0.483,0.387,0.398,0.077,0.208,0.259
0.218,0.329,0.483,0.388,0.399,0.077,0.208,0.259
0.218,0.33,0.483,0.388,0.399,0.077,0.208,0.259
0.218,0.33,0.483,0.389,0.4,0.077,0.208,0.26
0.218,0.331,0.483,0.39,0.4,0.077,0.208,0.261
0.218,0.331,0.483,0.39,0.401,0.077,0.208,0.261
0.218,0.331,0.483,0.391,0.401,0.077,0.208,0.261
0.218,0.332,0.483,0.392,0.402,0.077,0.208,0.262
0.218,0.332,0.483,0.393,0.402,0.077,0.208,0.262
0.218,0.333,0.484,0.394,0.403,0.077,0.208,0.262
0.218,0.334,0.484,0.395,0.403,0.077,0.208,0.263
0.219,0.336,0.484,0.396,0.404,0.077,0.208,0.263
0.219,0.337,0.484,0.398,0.404,0.077,0.208,0.263
0.219,0.339,0.484,0.4,0.405,0.077,0.209,0.264
0.219,0.34,0.484,0.403,0.405,0.077,0.209,0.264
0.219,0.342,0.484,0.406,0.406,0.077,0.209,0.265
0.219,0.344,0.485,0.41,0.408,0.078,0.209,0.265
0.219,0.348,0.485,0.415,0.41,0.078,0.209,0.266
0.219,0.355,0.486,0.419,0.412,0.078,0.209,0.267
0.219,0.363,0.486,0.424,0.414,0.078,0.209,0.268
0.219,0.371,0.487,0.427,0.416,0.078,0.209,0.27
0.219,0.379,0.487,0.431,0.418,0.078,0.209,0.272
0.22,0.387,0.487,0.434,0.42,0.078,0.209,0.274
0.22,0.394,0.488,0.436,0.422,0.078,0.21,0.276
0.22,0.4,0.488,0.438,0.424,0.079,0.21,0.278
0.22,0.407,0.488,0.44,0.425,0.079,0.21,0.28
0.22,0.413,0.489,0.442,0.427,0.079,0.21,0.282
0.22,0.419,0.489,0.444,0.429,0.079,0.21,0.284
0.22,0.424,0.489,0.446,0.43,0.079,0.21,0.286
0.22,0.43,0.49,0.447,0.432,0.079,0.21,0.288
0.221,0.435,0.49,0.449,0.433,0.079,0.211,0.29
0.221,0.439,0.49,0.45,0.435,0.079,0.211,0.292
0.221,0.444,0.491,0.451,0.436,0.08,0.211,0.293
0.221,0.448,0.491,0.453,0.438,0.08,0.211,0.295
0.221,0.452,0.491,0.455,0.44,0.08,0.211,0.297
0.222,0.456,0.492,0.458,0.443,0.08,0.211,0.298
0.222,0.46,0.492,0.46,0.445,0.08,0.211,0.3
0.222,0.463,0.492,0.463,0.448,0.081,0.211,0.302
0.222,0.467,0.493,0.465,0.45,0.081,0.212,0.303
0.222,0.47,0.493,0.467,0.452,0.081,0.212,0.305
0.222,0.474,0.493,0.469,0.454,0.081,0.212,0.306
0.223,0.477,0.494,0.472,0.456,0.081,0.212,0.308
0.223,0.481,0.494,0.474,0.457,0.081,0.212,0.309
0.223,0.485,0.494,0.476,0.459,0.082,0.212,0.311
0.223,0.488,0.495,0.479,0.461,0.082,0.212,0.312
0.223,0.491,0.495,0.481,0.463,0.082,0.213,0.313
0.224,0.495,0.496,0.483,0.465,0.082,0.213,0.314
0.224,0.498,0.496,0.486,0.467,0.083,0.213,0.316
0.224,0.502,0.497,0.488,0.468,0.083,0.213,0.317
0.224,0.507,0.497,0.49,0.47,0.083,0.213,0.319
0.225,0.511,0.498,0.492,0.471,0.083,0.214,0.32
0.225,0.516,0.498,0.494,0.473,0.083,0.214,0.322
0.225,0.52,0.499,0.496,0.474,0.084,0.214,0.323
0.225,0.525,0.499,0.498,0.475,0.084,0.214,0.325
0.225,0.528,0.5,0.501,0.477,0.084,0.214,0.326
0.226,0.532,0.5,0.503,0.478,0.084,0.214,0.328
0.226,0.536,0.501,0.505,0.48,0.084,0.215,0.33
0.226,0.54,0.501,0.507,0.482,0.085,0.215,0.331
0.226,0.544,0.502,0.51,0.483,0.085,0.215,0.333
0.227,0.549,0.502,0.512,0.485,0.085,0.215,0.335
0.227,0.553,0.503,0.514,0.486,0.085,0.215,0.336
0.227,0.557,0.503,0.516,0.487,0.085,0.216,0.338
0.227,0.562,0.504,0.518,0.489,0.086,0.216,0.34
0.228,0.566,0.504,0.521,0.49,0.086,0.216,0.341
0.228,0.57,0.504,0.522,0.492,0.086,0.216,0.343
0.228,0.574,0.505,0.525,0.493,0.086,0.216,0.345
0.228,0.578,0.506,0.526,0.494,0.086,0.217,0.346
0.229,0.582,0.506,0.528,0.496,0.087,0.217,0.348
0.229,0.586,0.506,0.529,0.497,0.087,0.217,0.349
0.229,0.59,0.507,0.531,0.498,0.087,0.217,0.351
0.229,0.594,0.507,0.532,0.499,0.088,0.217,0.352
0.23,0.598,0.508,0.533,0.501,0.088,0.218,0.354
0.23,0.601,0.508,0.535,0.502,0.088,0.218,0.355
0.23,0.604,0.509,0.537,0.503,0.088,0.218,0.356
0.23,0.606,0.509,0.539,0.505,0.088,0.218,0.358
0.231,0.609,0.51,0.541,0.507,0.089,0.218,0.359
0.231,0.611,0.51,0.543,0.508,0.089,0.219,0.36
0.232,0.614,0.511,0.546,0.51,0.089,0.219,0.362
0.232,0.617,0.512,0.548,0.512,0.089,0.219,0.363
0.232,0.62,0.512,0.551,0.514,0.089,0.219,0.365
0.232,0.625,0.513,0.553,0.517,0.09,0.219,0.366
0.232,0.629,0.513,0.556,0.518,0.09,0.22,0.368
0.233,0.634,0.514,0.558,0.52,0.09,0.22,0.37
0.233,0.64,0.515,0.561,0.522,0.091,0.22,0.371
0.233,0.645,0.515,0.563,0.524,0.091,0.22,0.373
0.234,0.65,0.516,0.565,0.525,0.091,0.22,0.375
0.234,0.655,0.516,0.567,0.527,0.091,0.221,0.376
0.234,0.66,0.517,0.569,0.528,0.092,0.221,0.378
0.234,0.665,0.517,0.57,0.529,0.092,0.221,0.379
0.235,0.669,0.518,0.572,0.531,0.092,0.221,0.381
0.235,0.672,0.519,0.573,0.532,0.092,0.222,0.382
0.235,0.676,0.519,0.573,0.533,0.093,0.222,0.383
0.236,0.679,0.52,0.574,0.534,0.093,0.222,0.384
0.236,0.683,0.52,0.574,0.535,0.093,0.222,0.385
0.236,0.686,0.521,0.575,0.536,0.093,0.222,0.386
0.237,0.69,0.521,0.575,0.537,0.094,0.223,0.386
0.237,0.693,0.522,0.575,0.538,0.094,0.223,0.387
0.237,0.696,0.522,0.575,0.539,0.094,0.223,0.388
0.238,0.699,0.523,0.575,0.54,0.095,0.223,0.389
0.238,0.702,0.523,0.574,0.541,0.095,0.224,0.389
0.239,0.705,0.524,0.574,0.542,0.095,0.224,0.39
0.239,0.708,0.525,0.574,0.543,0.096,0.224,0.391
0.239,0.711,0.525,0.574,0.544,0.096,0.224,0.391
0.239,0.714,0.526,0.573,0.545,0.096,0.224,0.392
0.24,0.717,0.526,0.573,0.547,0.096,0.225,0.392
0.24,0.719,0.527,0.573,0.548,0.097,0.225,0.393
0.24,0.722,0.528,0.572,0.55,0.097,0.225,0.393
0.241,0.725,0.528,0.572,0.552,0.097,0.225,0.394
0.241,0.727,0.529,0.572,0.554,0.098,0.225,0.394
0.241,0.728,0.53,0.572,0.555,0.098,0.226,0.395
0.242,0.73,0.53,0.573,0.557,0.098,0.226,0.395
0.242,0.731,0.531,0.573,0.559,0.098,0.226,0.395
0.243,0.732,0.531,0.574,0.56,0.099,0.226,0.395
0.243,0.733,0.532,0.575,0.562,0.099,0.226,0.395
0.243,0.734,0.533,0.576,0.563,0.099,0.226,0.395
0.244,0.735,0.533,0.576,0.564,0.1,0.227,0.394
0.244,0.736,0.534,0.577,0.565,0.1,0.227,0.394
0.244,0.737,0.534,0.578,0.566,0.1,0.227,0.394
0.245,0.737,0.535,0.579,0.567,0.1,0.227,0.394
0.245,0.738,0.536,0.58,0.568,0.101,0.227,0.394
0.245,0.74,0.536,0.581,0.569,0.101,0.227,0.393
0.246,0.74,0.537,0.582,0.569,0.101,0.227,0.393
0.246,0.741,0.537,0.583,0.57,0.101,0.228,0.393
0.246,0.742,0.538,0.584,0.571,0.102,0.228,0.393
0.247,0.743,0.539,0.585,0.572,0.102,0.228,0.392
0.247,0.744,0.539,0.586,0.572,0.102,0.228,0.392
0.247,0.745,0.54,0.587,0.573,0.102,0.228,0.392
0.248,0.746,0.541,0.588,0.574,0.103,0.228,0.392
0.248,0.747,0.541,0.589,0.575,0.103,0.228,0.391
0.249,0.748,0.542,0.59,0.576,0.103,0.229,0.391
0.249,0.749,0.542,0.591,0.577,0.103,0.229,0.391
0.25,0.75,0.543,0.592,0.578,0.104,0.229,0.391
0.25,0.751,0.544,0.593,0.579,0.104,0.229,0.39
0.25,0.752,0.544,0.594,0.58,0.104,0.229,0.391
0.251,0.752,0.545,0.595,0.581,0.104,0.229,0.391
0.251,0.753,0.545,0.597,0.582,0.105,0.229,0.392
0.251,0.754,0.546,0.6,0.584,0.105,0.23,0.393
0.252,0.755,0.547,0.603,0.585,0.105,0.23,0.394
0.252,0.757,0.547,0.607,0.587,0.105,0.23,0.396
0.253,0.759,0.548,0.61,0.588,0.105,0.23,0.398
0.253,0.762,0.549,0.615,0.59,0.106,0.23,0.402
0.253,0.765,0.549,0.621,0.592,0.106,0.23,0.405
0.254,0.769,0.55,0.627,0.595,0.106,0.231,0.409
0.254,0.774,0.551,0.634,0.598,0.107,0.231,0.413
0.254,0.78,0.552,0.641,0.601,0.107,0.231,0.417
0.255,0.785,0.553,0.647,0.605,0.107,0.231,0.421
0.255,0.791,0.553,0.653,0.609,0.107,0.231,0.426
0.256,0.798,0.554,0.657,0.613,0.108,0.232,0.431
0.256,0.804,0.555,0.661,0.618,0.108,0.232,0.436
0.256,0.81,0.556,0.665,0.623,0.109,0.232,0.441
0.257,0.817,0.557,0.668,0.627,0.109,0.233,0.446
0.257,0.823,0.557,0.671,0.632,0.109,0.233,0.451
0.258,0.829,0.558,0.675,0.636,0.11,0.233,0.455
0.258,0.834,0.559,0.678,0.641,0.11,0.233,0.46
0.259,0.839,0.56,0.681,0.645,0.111,0.234,0.464
0.259,0.844,0.561,0.685,0.648,0.111,0.234,0.468
0.259,0.848,0.562,0.688,0.652,0.111,0.234,0.471
0.26,0.853,0.562,0.691,0.656,0.112,0.234,0.475
0.26,0.857,0.563,0.694,0.659,0.112,0.235,0.478
0.261,0.861,0.564,0.697,0.663,0.113,0.235,0.482
0.261,0.864,0.565,0.7,0.666,0.113,0.235,0.485
0.262,0.868,0.566,0.703,0.669,0.113,0.235,0.487
0.262,0.871,0.566,0.706,0.672,0.114,0.236,0.49
0.262,0.874,0.567,0.708,0.675,0.114,0.236,0.493
0.263,0.877,0.568,0.711,0.677,0.114,0.236,0.495
0.263,0.881,0.569,0.713,0.68,0.115,0.236,0.498
0.264,0.883,0.57,0.716,0.683,0.115,0.237,0.5
0.264,0.886,0.571,0.718,0.685,0.116,0.237,0.502
0.265,0.888,0.571,0.72,0.688,0.116,0.237,0.504
0.265,0.891,0.572,0.723,0.69,0.116,0.237,0.506
0.265,0.893,0.573,0.725,0.692,0.117,0.238,0.508
0.266,0.896,0.574,0.728,0.695,0.117,0.238,0.51
0.266,0.898,0.575,0.731,0.698,0.118,0.238,0.512
0.267,0.9,0.576,0.733,0.7,0.118,0.238,0.514
0.267,0.903,0.576,0.736,0.703,0.118,0.238,0.515
0.268,0.906,0.577,0.739,0.705,0.119,0.239,0.517
0.268,0.909,0.578,0.742,0.708,0.119,0.239,0.519
0.269,0.913,0.579,0.744,0.71,0.119,0.239,0.522
0.269,0.917,0.58,0.747,0.713,0.12,0.24,0.524
0.269,0.921,0.581,0.75,0.715,0.12,0.24,0.526
0.27,0.924,0.582,0.753,0.718,0.121,0.24,0.529
0.27,0.928,0.583,0.755,0.72,0.121,0.24,0.532
0.271,0.931,0.584,0.758,0.723,0.121,0.24,0.534
0.271,0.935,0.585,0.761,0.725,0.122,0.24,0.537
0.272,0.938,0.586,0.764,0.728,0.122,0.241,0.54
0.272,0.942,0.587,0.767,0.731,0.123,0.241,0.543
0.273,0.946,0.588,0.771,0.733,0.123,0.241,0.546
0.273,0.95,0.589,0.775,0.737,0.124,0.242,0.549
0.274,0.954,0.59,0.779,0.74,0.124,0.242,0.552
0.274,0.959,0.59,0.784,0.743,0.125,0.242,0.555
0.275,0.963,0.592,0.787,0.746,0.125,0.242,0.558
0.275,0.967,0.593,0.792,0.75,0.125,0.243,0.562
0.276,0.972,0.593,0.796,0.753,0.126,0.243,0.565
0.277,0.976,0.594,0.799,0.757,0.126,0.243,0.569
0.277,0.98,0.595,0.803,0.76,0.127,0.244,0.573
0.278,0.985,0.597,0.806,0.764,0.127,0.244,0.576
0.278,0.989,0.597,0.81,0.767,0.128,0.244,0.58
0.278,0.993,0.598,0.813,0.771,0.128,0.245,0.583
0.279,0.996,0.599,0.816,0.774,0.129,0.245,0.587
0.28,1.0,0.601,0.819,0.778,0.129,0.245,0.59
0.28,1.003,0.602,0.823,0.781,0.13,0.245,0.593
0.281,1.006,0.603,0.826,0.784,0.13,0.246,0.597
0.281,1.01,0.604,0.829,0.788,0.131,0.246,0.6
0.282,1.013,0.605,0.832,0.791,0.131,0.246,0.603
0.282,1.015,0.605,0.834,0.794,0.132,0.246,0.606
0.283,1.018,0.607,0.837,0.797,0.132,0.247,0.609
0.283,1.021,0.607,0.84,0.8,0.133,0.247,0.612
0.284,1.024,0.609,0.843,0.803,0.133,0.247,0.614
0.284,1.027,0.609,0.846,0.807,0.134,0.247,0.617
0.285,1.03,0.611,0.849,0.81,0.134,0.248,0.62
0.285,1.033,0.612,0.852,0.813,0.135,0.248,0.623
0.286,1.037,0.613,0.856,0.816,0.135,0.248,0.625
0.286,1.04,0.614,0.859,0.819,0.136,0.249,0.628
0.287,1.043,0.615,0.862,0.822,0.137,0.249,0.631
0.287,1.047,0.616,0.865,0.825,0.137,0.249,0.633
0.288,1.05,0.617,0.868,0.828,0.138,0.249,0.636
0.289,1.053,0.618,0.871,0.832,0.138,0.25,0.639
0.289,1.055,0.619,0.874,0.835,0.139,0.25,0.641
0.29,1.058,0.62,0.877,0.838,0.139,0.25,0.644
0.29,1.06,0.621,0.88,0.841,0.14,0.25,0.647
0.291,1.063,0.622,0.883,0.844,0.14,0.251,0.649
0.291,1.066,0.624,0.886,0.847,0.141,0.251,0.651
0.292,1.069,0.624,0.889,0.85,0.142,0.251,0.654
0.292,1.072,0.626,0.892,0.853,0.142,0.251,0.657
0.293,1.075,0.627,0.896,0.856,0.143,0.252,0.659
0.294,1.078,0.628,0.899,0.859,0.143,0.252,0.662
0.294,1.081,0.629,0.902,0.863,0.144,0.252,0.665
0.295,1.084,0.63,0.905,0.866,0.144,0.252,0.667
0.295,1.087,0.631,0.908,0.869,0.145,0.253,0.67
0.296,1.09,0.632,0.911,0.872,0.146,0.253,0.672
0.296,1.092,0.633,0.914,0.875,0.146,0.253,0.675
0.297,1.095,0.634,0.917,0.878,0.147,0.254,0.677
0.297,1.097,0.635,0.919,0.881,0.147,0.254,0.68
0.298,1.099,0.636,0.922,0.884,0.148,0.254,0.682
0.299,1.101,0.637,0.925,0.887,0.149,0.254,0.685
0.299,1.104,0.638,0.928,0.89,0.149,0.255,0.687
0.3,1.106,0.639,0.931,0.893,0.15,0.255,0.69
0.3,1.108,0.641,0.934,0.896,0.15,0.255,0.692
0.301,1.111,0.642,0.937,0.899,0.151,0.255,0.694
0.301,1.113,0.643,0.94,0.902,0.152,0.256,0.697
0.302,1.115,0.644,0.943,0.905,0.152,0.256,0.699
0.302,1.117,0.645,0.945,0.907,0.153,0.256,0.701
0.303,1.12,0.646,0.948,0.91,0.153,0.256,0.704
0.304,1.122,0.647,0.951,0.913,0.154,0.257,0.706
0.304,1.124,0.648,0.953,0.916,0.155,0.257,0.708
0.305,1.126,0.649,0.956,0.919,0.155,0.257,0.711
0.305,1.128,0.65,0.959,0.921,0.156,0.257,0.713
0.306,1.129,0.651,0.961,0.924,0.157,0.258,0.715
0.306,1.131,0.652,0.964,0.927,0.157,0.258,0.717
0.307,1.133,0.653,0.96,0.922,0.157,0.257,0.715
0.306,1.13,0.651,0.964,0.927,0.158,0.257,0.717
0.308,1.134,0.654,0.968,0.932,0.159,0.258,0.72
0.309,1.14,0.657,0.974,0.938,0.16,0.259,0.725
0.309,1.14,0.657,0.976,0.941,0.161,0.26,0.728
0.308,1.136,0.655,0.973,0.938,0.161,0.259,0.727
0.308,1.137,0.656,0.973,0.939,0.161,0.258,0.726
0.309,1.14,0.657,0.977,0.942,0.162,0.259,0.728
0.311,1.144,0.66,0.98,0.946,0.162,0.259,0.73
0.312,1.15,0.663,0.986,0.952,0.164,0.261,0.735
0.312,1.15,0.664,0.987,0.955,0.164,0.261,0.738
0.311,1.146,0.661,0.984,0.952,0.164,0.26,0.736
0.312,1.147,0.661,0.984,0.952,0.165,0.26,0.735
0.313,1.15,0.664,0.987,0.956,0.165,0.26,0.737
0.314,1.154,0.666,0.99,0.96,0.166,0.261,0.739
0.315,1.16,0.669,0.995,0.966,0.167,0.262,0.743
0.315,1.16,0.67,0.997,0.968,0.168,0.263,0.746
0.314,1.155,0.667,0.993,0.965,0.168,0.262,0.743
0.315,1.156,0.668,0.992,0.965,0.168,0.261,0.742
0.316,1.159,0.67,0.995,0.969,0.169,0.262,0.744
0.317,1.163,0.672,0.998,0.972,0.17,0.262,0.746
0.319,1.169,0.675,1.003,0.978,0.171,0.263,0.749
0.319,1.169,0.676,1.004,0.98,0.172,0.264,0.752
0.317,1.164,0.673,0.999,0.977,0.172,0.263,0.75
0.318,1.164,0.673,0.998,0.977,0.172,0.262,0.748
0.319,1.167,0.675,1.001,0.98,0.173,0.263,0.749
0.32,1.171,0.678,1.003,0.984,0.174,0.264,0.751
0.322,1.177,0.681,1.008,0.989,0.175,0.265,0.754
0.322,1.177,0.682,1.008,0.991,0.176,0.266,0.756
0.321,1.172,0.679,1.004,0.988,0.176,0.265,0.754
0.321,1.172,0.679,1.002,0.988,0.176,0.264,0.752
0.322,1.175,0.681,1.004,0.991,0.177,0.264,0.753
0.323,1.179,0.684,1.007,0.994,0.178,0.265,0.754
0.325,1.185,0.687,1.01,0.999,0.179,0.266,0.757
0.325,1.185,0.688,1.011,1.001,0.18,0.267,0.76
0.324,1.18,0.685,1.005,0.998,0.18,0.266,0.757
0.324,1.18,0.685,1.003,0.996,0.18,0.265,0.754
0.325,1.183,0.687,1.004,0.999,0.181,0.266,0.755
0.327,1.187,0.689,1.006,1.002,0.182,0.266,0.756
0.328,1.192,0.693,1.01,1.007,0.183,0.267,0.759
0.328,1.191,0.694,1.01,1.01,0.184,0.268,0.76
0.327,1.185,0.691,1.006,1.006,0.184,0.267,0.757
0.327,1.183,0.691,1.004,1.005,0.184,0.266,0.753
0.328,1.185,0.693,1.006,1.008,0.185,0.267,0.753
0.33,1.187,0.695,1.008,1.011,0.186,0.268,0.754
0.332,1.191,0.699,1.012,1.017,0.187,0.269,0.756
0.332,1.189,0.699,1.013,1.019,0.188,0.269,0.758
0.33,1.182,0.696,1.008,1.015,0.187,0.268,0.754
0.331,1.18,0.696,1.006,1.015,0.188,0.268,0.751
0.332,1.182,0.698,1.008,1.017,0.189,0.268,0.752
0.333,1.184,0.7,1.011,1.02,0.189,0.269,0.753
0.335,1.188,0.704,1.015,1.025,0.191,0.27,0.756
0.335,1.186,0.704,1.016,1.028,0.192,0.27,0.758
0.334,1.18,0.702,1.012,1.024,0.191,0.27,0.755
0.334,1.179,0.702,1.011,1.023,0.192,0.269,0.753
0.335,1.181,0.703,1.014,1.026,0.192,0.269,0.755
0.336,1.184,0.706,1.017,1.029,0.193,0.27,0.757
0.338,1.189,0.709,1.022,1.035,0.195,0.271,0.761
0.338,1.188,0.71,1.024,1.037,0.195,0.272,0.764
0.337,1.183,0.707,1.021,1.034,0.195,0.271,0.762
0.337,1.181,0.707,1.02,1.033,0.195,0.272,0.765
0.34,1.189,0.712,1.028,1.041,0.197,0.272,0.767
0.341,1.189,0.713,1.03,1.043,0.198,0.272,0.769
0.341,1.19,0.714,1.032,1.044,0.198,0.272,0.77
0.342,1.191,0.714,1.034,1.047,0.199,0.273,0.772
0.342,1.191,0.715,1.036,1.048,0.199,0.273,0.774
0.343,1.192,0.716,1.039,1.05,0.2,0.273,0.776
0.343,1.193,0.717,1.041,1.052,0.201,0.273,0.778
0.344,1.194,0.718,1.044,1.054,0.202,0.273,0.78
0.345,1.196,0.719,1.047,1.056,0.202,0.273,0.782
0.345,1.197,0.72,1.05,1.058,0.203,0.274,0.785
0.346,1.199,0.721,1.052,1.061,0.204,0.274,0.787
0.346,1.201,0.722,1.055,1.063,0.204,0.274,0.789
0.347,1.203,0.723,1.057,1.065,0.205,0.275,0.792
0.347,1.204,0.724,1.06,1.067,0.206,0.275,0.794
0.348,1.206,0.725,1.063,1.069,0.206,0.275,0.797
0.348,1.207,0.725,1.065,1.072,0.207,0.275,0.799
0.349,1.209,0.726,1.068,1.074,0.208,0.275,0.802
0.35,1.211,0.728,1.071,1.076,0.208,0.276,0.804
0.35,1.212,0.728,1.073,1.079,0.209,0.276,0.807
0.351,1.214,0.73,1.076,1.081,0.21,0.276,0.81
0.351,1.216,0.731,1.079,1.083,0.21,0.276,0.812
0.352,1.218,0.731,1.081,1.085,0.211,0.276,0.815
0.353,1.22,0.732,1.084,1.087,0.212,0.277,0.817
0.353,1.222,0.733,1.086,1.09,0.212,0.277,0.82
0.354,1.224,0.734,1.088,1.092,0.213,0.277,0.822
0.354,1.226,0.735,1.09,1.094,0.214,0.277,0.825
0.355,1.227,0.736,1.092,1.096,0.214,0.278,0.827
0.355,1.229,0.737,1.095,1.098,0.215,0.278,0.829
0.356,1.23,0.738,1.097,1.1,0.216,0.278,0.831
0.356,1.231,0.739,1.099,1.102,0.216,0.278,0.833
0.357,1.232,0.74,1.101,1.104,0.217,0.278,0.836
0.358,1.234,0.741,1.103,1.106,0.218,0.279,0.838
0.358,1.235,0.742,1.105,1.108,0.219,0.279,0.839
0.359,1.236,0.742,1.107,1.11,0.219,0.279,0.842
0.359,1.238,0.744,1.109,1.112,0.22,0.279,0.844
0.36,1.239,0.744,1.111,1.114,0.221,0.28,0.845
0.36,1.24,0.745,1.114,1.116,0.221,0.28,0.847
0.361,1.241,0.746,1.116,1.118,0.222,0.28,0.849
0.362,1.243,0.747,1.118,1.12,0.223,0.28,0.851
0.362,1.244,0.748,1.12,1.122,0.223,0.28,0.852
0.363,1.246,0.749,1.122,1.124,0.224,0.281,0.854
0.364,1.247,0.75,1.124,1.126,0.224,0.281,0.856
0.364,1.248,0.751,1.126,1.128,0.225,0.281,0.858
0.365,1.25,0.752,1.128,1.13,0.226,0.281,0.86
0.365,1.251,0.753,1.13,1.132,0.226,0.282,0.862
0.366,1.252,0.754,1.132,1.133,0.227,0.282,0.863
0.366,1.253,0.755,1.134,1.135,0.228,0.282,0.865
0.367,1.254,0.756,1.136,1.137,0.228,0.282,0.867
0.368,1.256,0.757,1.137,1.139,0.229,0.282,0.869
0.368,1.257,0.758,1.14,1.141,0.23,0.283,0.871
0.369,1.258,0.759,1.142,1.143,0.23,0.283,0.872
0.369,1.26,0.76,1.144,1.145,0.231,0.283,0.874
0.37,1.262,0.76,1.146,1.147,0.231,0.283,0.876
0.371,1.263,0.761,1.148,1.15,0.232,0.284,0.878
0.371,1.265,0.762,1.15,1.152,0.233,0.284,0.88
0.372,1.266,0.763,1.153,1.154,0.233,0.284,0.882
0.372,1.267,0.764,1.155,1.156,0.234,0.284,0.883
0.373,1.268,0.765,1.157,1.158,0.235,0.284,0.885
0.374,1.269,0.766,1.159,1.16,0.236,0.285,0.887
0.374,1.27,0.767,1.161,1.162,0.236,0.285,0.889
0.375,1.272,0.768,1.163,1.164,0.237,0.285,0.89
0.375,1.273,0.769,1.165,1.165,0.238,0.285,0.892
0.376,1.274,0.77,1.167,1.168,0.238,0.286,0.894
0.376,1.275,0.768,1.166,1.166,0.238,0.285,0.893
0.376,1.272,0.77,1.167,1.168,0.239,0.285,0.894
0.376,1.273,0.77,1.169,1.17,0.239,0.285,0.896
0.377,1.273,0.771,1.171,1.171,0.24,0.286,0.897
0.378,1.274,0.772,1.173,1.173,0.241,0.286,0.899
0.378,1.275,0.773,1.175,1.175,0.241,0.286,0.9
0.379,1.276,0.774,1.177,1.177,0.242,0.286,0.902
0.379,1.277,0.775,1.178,1.178,0.243,0.286,0.903
0.38,1.278,0.776,1.18,1.18,0.243,0.287,0.905
0.38,1.279,0.777,1.181,1.182,0.244,0.287,0.906
0.381,1.279,0.778,1.183,1.183,0.244,0.287,0.907
0.381,1.28,0.779,1.184,1.185,0.245,0.287,0.908
0.382,1.281,0.78,1.186,1.187,0.246,0.287,0.909
0.382,1.282,0.78,1.187,1.188,0.246,0.288,0.91
0.383,1.283,0.781,1.189,1.19,0.247,0.288,0.912
0.384,1.283,0.782,1.19,1.192,0.248,0.288,0.913
0.384,1.284,0.783,1.192,1.193,0.248,0.288,0.914
0.385,1.285,0.784,1.193,1.195,0.249,0.288,0.915
0.386,1.286,0.785,1.195,1.197,0.249,0.289,0.916
0.386,1.287,0.786,1.196,1.198,0.25,0.289,0.917
0.387,1.289,0.787,1.198,1.2,0.251,0.289,0.919
0.387,1.289,0.788,1.2,1.202,0.251,0.289,0.92
0.388,1.291,0.789,1.201,1.203,0.252,0.289,0.922
0.388,1.291,0.79,1.203,1.205,0.253,0.29,0.923
0.389,1.292,0.791,1.204,1.207,0.253,0.29,0.925
0.389,1.292,0.791,1.206,1.208,0.254,0.29,0.926
0.39,1.293,0.792,1.207,1.21,0.255,0.29,0.928
0.39,1.294,0.793,1.209,1.212,0.255,0.29,0.929
0.391,1.295,0.794,1.21,1.213,0.256,0.29,0.931
0.392,1.296,0.795,1.212,1.215,0.257,0.291,0.932
0.392,1.296,0.796,1.213,1.216,0.257,0.291,0.933
0.393,1.297,0.797,1.215,1.218,0.258,0.291,0.935
0.393,1.298,0.798,1.217,1.22,0.258,0.291,0.936
0.394,1.299,0.799,1.219,1.222,0.259,0.291,0.938
0.395,1.3,0.8,1.22,1.223,0.26,0.291,0.939
0.395,1.301,0.8,1.222,1.225,0.26,0.292,0.941
0.396,1.302,0.801,1.224,1.226,0.261,0.292,0.942
0.396,1.302,0.802,1.225,1.228,0.262,0.292,0.944
0.397,1.303,0.803,1.227,1.23,0.262,0.292,0.945
0.397,1.304,0.804,1.229,1.231,0.263,0.293,0.946
0.398,1.305,0.805,1.231,1.233,0.263,0.293,0.948
0.398,1.305,0.806,1.232,1.235,0.264,0.293,0.949
0.399,1.306,0.807,1.234,1.236,0.265,0.293,0.95
0.4,1.307,0.808,1.235,1.238,0.265,0.293,0.952
0.4,1.308,0.808,1.237,1.24,0.266,0.294,0.953
0.401,1.308,0.81,1.238,1.241,0.267,0.294,0.954
0.401,1.309,0.81,1.24,1.243,0.267,0.294,0.956
0.402,1.31,0.811,1.241,1.244,0.268,0.294,0.957
0.403,1.311,0.812,1.243,1.246,0.269,0.294,0.958
0.403,1.311,0.813,1.244,1.247,0.269,0.295,0.959
0.404,1.312,0.814,1.245,1.249,0.27,0.295,0.96
0.404,1.313,0.815,1.247,1.25,0.27,0.295,0.961
0.405,1.313,0.816,1.248,1.252,0.271,0.295,0.962
0.405,1.314,0.817,1.249,1.253,0.272,0.295,0.963
0.406,1.315,0.817,1.25,1.254,0.272,0.295,0.963
0.406,1.315,0.818,1.25,1.255,0.273,0.296,0.964
0.407,1.316,0.819,1.251,1.257,0.274,0.296,0.965
0.408,1.316,0.82,1.252,1.258,0.275,0.296,0.965
0.408,1.317,0.821,1.252,1.259,0.275,0.296,0.966
0.409,1.318,0.822,1.252,1.26,0.276,0.296,0.966
0.409,1.319,0.823,1.253,1.261,0.276,0.298,0.969
0.411,1.323,0.826,1.256,1.266,0.278,0.298,0.97
0.411,1.323,0.827,1.256,1.267,0.279,0.298,0.97
0.412,1.324,0.828,1.256,1.268,0.279,0.298,0.97
0.413,1.325,0.829,1.256,1.269,0.28,0.298,0.97
0.413,1.325,0.829,1.257,1.27,0.28,0.298,0.97
0.414,1.326,0.83,1.256,1.271,0.281,0.298,0.971
0.414,1.326,0.831,1.256,1.272,0.282,0.299,0.97
0.415,1.327,0.832,1.256,1.273,0.282,0.299,0.97
0.416,1.328,0.833,1.256,1.274,0.283,0.299,0.97
0.416,1.328,0.834,1.255,1.275,0.284,0.299,0.97
0.417,1.329,0.835,1.255,1.275,0.284,0.3,0.969
0.417,1.329,0.836,1.255,1.276,0.285,0.299,0.969
0.418,1.329,0.837,1.254,1.277,0.286,0.3,0.969
0.419,1.33,0.838,1.254,1.278,0.286,0.3,0.968
0.419,1.33,0.839,1.254,1.279,0.287,0.3,0.968
0.42,1.33,0.839,1.253,1.279,0.288,0.3,0.967
0.42,1.329,0.84,1.253,1.28,0.288,0.3,0.966
0.421,1.328,0.841,1.252,1.281,0.289,0.301,0.965
0.421,1.327,0.842,1.252,1.281,0.289,0.301,0.963
0.422,1.325,0.843,1.251,1.282,0.29,0.301,0.962
0.423,1.323,0.844,1.25,1.282,0.291,0.301,0.96
0.423,1.321,0.844,1.249,1.282,0.292,0.301,0.958
0.424,1.318,0.845,1.248,1.282,0.292,0.302,0.956
0.424,1.315,0.846,1.246,1.283,0.293,0.302,0.954
0.425,1.312,0.847,1.245,1.283,0.293,0.302,0.952
0.426,1.309,0.848,1.243,1.283,0.294,0.302,0.95
0.426,1.306,0.848,1.242,1.283,0.294,0.302,0.948
0.427,1.303,0.849,1.242,1.283,0.295,0.302,0.947
0.427,1.3,0.85,1.241,1.283,0.295,0.302,0.946
0.428,1.298,0.851,1.241,1.284,0.296,0.302,0.945
0.429,1.297,0.851,1.242,1.284,0.297,0.303,0.944
0.429,1.297,0.852,1.243,1.284,0.297,0.303,0.943
0.43,1.296,0.853,1.244,1.285,0.298,0.303,0.943
0.431,1.296,0.853,1.245,1.286,0.298,0.303,0.944
0.431,1.296,0.854,1.246,1.287,0.299,0.303,0.945
0.432,1.296,0.855,1.248,1.288,0.299,0.303,0.946
0.432,1.296,0.856,1.25,1.289,0.3,0.304,0.947
0.433,1.296,0.857,1.252,1.29,0.3,0.304,0.949
0.433,1.297,0.857,1.254,1.291,0.3,0.304,0.951
0.434,1.297,0.858,1.256,1.292,0.301,0.304,0.952
0.435,1.298,0.859,1.258,1.293,0.302,0.304,0.954
0.435,1.299,0.86,1.261,1.294,0.302,0.304,0.956
0.436,1.3,0.861,1.263,1.295,0.302,0.305,0.958
0.436,1.301,0.861,1.265,1.296,0.303,0.305,0.96
0.437,1.302,0.862,1.267,1.298,0.304,0.305,0.962
0.437,1.303,0.863,1.269,1.299,0.304,0.305,0.964
0.438,1.304,0.864,1.27,1.301,0.305,0.305,0.966
0.439,1.305,0.865,1.272,1.302,0.305,0.305,0.969
0.439,1.306,0.865,1.273,1.304,0.306,0.306,0.971
0.44,1.307,0.866,1.275,1.305,0.306,0.306,0.973
0.44,1.308,0.867,1.276,1.307,0.307,0.306,0.975
0.441,1.309,0.868,1.278,1.308,0.307,0.306,0.977
0.441,1.31,0.868,1.279,1.31,0.308,0.306,0.979
0.442,1.31,0.869,1.281,1.311,0.308,0.307,0.98
0.443,1.311,0.87,1.282,1.312,0.309,0.307,0.982
0.443,1.312,0.871,1.284,1.314,0.31,0.307,0.984
0.444,1.312,0.872,1.286,1.316,0.31,0.307,0.985
0.444,1.313,0.873,1.288,1.318,0.311,0.307,0.987
0.445,1.315,0.873,1.29,1.319,0.311,0.308,0.988
0.445,1.316,0.874,1.292,1.321,0.311,0.308,0.99
0.446,1.318,0.875,1.294,1.322,0.312,0.308,0.991
0.447,1.319,0.876,1.295,1.323,0.312,0.308,0.993
0.447,1.321,0.877,1.297,1.325,0.313,0.308,0.995
0.448,1.322,0.871,1.295,1.322,0.313,0.307,0.993
0.447,1.319,0.876,1.297,1.324,0.313,0.308,0.995
0.448,1.32,0.877,1.298,1.325,0.314,0.308,0.996
0.448,1.321,0.877,1.3,1.326,0.314,0.308,0.998
0.449,1.322,0.878,1.301,1.328,0.315,0.308,1.0
0.449,1.323,0.879,1.302,1.329,0.315,0.308,1.001
0.45,1.323,0.88,1.304,1.33,0.315,0.309,1.003
0.45,1.324,0.881,1.305,1.331,0.316,0.309,1.004
0.451,1.325,0.882,1.307,1.333,0.317,0.309,1.005
0.451,1.325,0.882,1.308,1.334,0.317,0.309,1.006
0.452,1.326,0.883,1.31,1.335,0.317,0.309,1.008
0.453,1.327,0.884,1.311,1.336,0.318,0.309,1.009
0.453,1.328,0.885,1.312,1.337,0.318,0.31,1.01
0.454,1.329,0.886,1.314,1.339,0.319,0.31,1.012
0.454,1.33,0.886,1.315,1.34,0.319,0.31,1.013
0.455,1.33,0.887,1.317,1.341,0.32,0.31,1.014
0.455,1.331,0.888,1.318,1.342,0.32,0.31,1.015
0.456,1.332,0.889,1.319,1.343,0.321,0.31,1.016
0.456,1.333,0.89,1.321,1.344,0.321,0.31,1.017
0.457,1.334,0.89,1.322,1.346,0.321,0.311,1.018
0.458,1.335,0.891,1.323,1.347,0.322,0.311,1.02
0.458,1.336,0.892,1.325,1.348,0.322,0.311,1.021
0.459,1.337,0.893,1.326,1.349,0.323,0.311,1.022
0.459,1.338,0.894,1.327,1.35,0.323,0.311,1.023
0.46,1.338,0.894,1.329,1.351,0.323,0.312,1.024
0.46,1.339,0.895,1.33,1.352,0.324,0.312,1.026
0.461,1.34,0.896,1.332,1.353,0.324,0.312,1.027
0.462,1.341,0.897,1.333,1.354,0.325,0.312,1.028
0.462,1.342,0.897,1.334,1.355,0.325,0.312,1.03
0.463,1.343,0.898,1.335,1.356,0.326,0.312,1.031
0.463,1.343,0.899,1.337,1.358,0.326,0.313,1.032
0.464,1.344,0.9,1.338,1.359,0.326,0.313,1.033
0.464,1.345,0.901,1.339,1.36,0.327,0.313,1.034
0.465,1.345,0.901,1.34,1.361,0.327,0.313,1.035
0.465,1.346,0.902,1.341,1.362,0.328,0.313,1.037
0.466,1.347,0.903,1.342,1.363,0.328,0.313,1.037
0.466,1.347,0.904,1.343,1.364,0.328,0.314,1.038
0.467,1.348,0.905,1.344,1.364,0.329,0.314,1.039
0.467,1.348,0.905,1.345,1.365,0.329,0.314,1.04
0.468,1.349,0.906,1.346,1.366,0.33,0.314,1.041
0.469,1.349,0.907,1.346,1.367,0.33,0.314,1.041
0.469,1.35,0.907,1.347,1.368,0.33,0.314,1.042
0.47,1.35,0.908,1.348,1.369,0.331,0.315,1.043
0.47,1.35,0.909,1.35,1.37,0.331,0.315,1.044
0.471,1.35,0.91,1.351,1.371,0.332,0.315,1.044
0.472,1.351,0.911,1.352,1.372,0.332,0.315,1.045
0.472,1.352,0.912,1.354,1.373,0.332,0.315,1.046
0.473,1.353,0.912,1.355,1.374,0.333,0.315,1.047
0.473,1.354,0.913,1.356,1.375,0.333,0.315,1.048
0.474,1.355,0.914,1.358,1.376,0.333,0.316,1.05
0.474,1.356,0.915,1.359,1.378,0.334,0.316,1.051
0.475,1.357,0.915,1.361,1.379,0.334,0.316,1.052
0.476,1.358,0.916,1.361,1.38,0.335,0.316,1.053
0.476,1.358,0.917,1.363,1.382,0.335,0.316,1.054
0.477,1.359,0.918,1.364,1.383,0.336,0.317,1.056
0.477,1.36,0.919,1.366,1.384,0.336,0.317,1.057
0.478,1.36,0.919,1.367,1.385,0.336,0.317,1.058
0.479,1.36,0.92,1.368,1.387,0.337,0.317,1.059
0.479,1.361,0.921,1.37,1.388,0.337,0.317,1.06
0.479,1.362,0.922,1.372,1.389,0.338,0.317,1.062
0.48,1.363,0.923,1.373,1.39,0.338,0.318,1.063
0.481,1.364,0.924,1.374,1.391,0.339,0.318,1.064
0.481,1.365,0.925,1.375,1.393,0.339,0.318,1.066
0.482,1.365,0.925,1.377,1.394,0.339,0.318,1.067
0.483,1.366,0.926,1.378,1.395,0.34,0.318,1.068
0.483,1.367,0.927,1.38,1.396,0.34,0.318,1.069
0.483,1.367,0.928,1.381,1.398,0.341,0.319,1.07
0.484,1.368,0.929,1.383,1.399,0.341,0.319,1.071
0.485,1.369,0.929,1.384,1.4,0.342,0.319,1.073
0.485,1.369,0.93,1.386,1.401,0.342,0.319,1.074
0.486,1.37,0.931,1.387,1.402,0.342,0.319,1.075
0.486,1.371,0.932,1.389,1.403,0.343,0.319,1.077
0.487,1.372,0.933,1.39,1.405,0.343,0.319,1.078
0.487,1.373,0.933,1.391,1.406,0.344,0.32,1.079
0.488,1.373,0.934,1.393,1.407,0.344,0.32,1.08
0.489,1.374,0.935,1.395,1.408,0.345,0.32,1.081
0.489,1.375,0.936,1.396,1.409,0.345,0.32,1.083
0.49,1.376,0.937,1.397,1.41,0.346,0.32,1.084
0.49,1.377,0.937,1.399,1.412,0.346,0.32,1.085
0.491,1.378,0.938,1.4,1.413,0.347,0.321,1.086
0.492,1.379,0.939,1.402,1.414,0.347,0.321,1.088
0.492,1.38,0.94,1.403,1.415,0.347,0.321,1.089
0.493,1.38,0.941,1.404,1.416,0.348,0.321,1.09
0.493,1.382,0.941,1.406,1.417,0.348,0.321,1.092
0.494,1.382,0.942,1.408,1.419,0.349,0.322,1.093
0.495,1.383,0.943,1.409,1.42,0.349,0.322,1.094
0.495,1.384,0.944,1.41,1.421,0.35,0.322,1.096
0.496,1.385,0.945,1.411,1.422,0.35,0.322,1.097
0.496,1.386,0.946,1.413,1.423,0.351,0.322,1.098
0.497,1.386,0.946,1.414,1.424,0.351,0.322,1.099
0.497,1.387,0.947,1.415,1.426,0.352,0.323,1.101
0.498,1.388,0.948,1.416,1.427,0.352,0.323,1.102
0.498,1.389,0.949,1.417,1.428,0.353,0.323,1.103
0.499,1.389,0.949,1.418,1.429,0.353,0.323,1.104
0.5,1.39,0.95,1.419,1.43,0.354,0.323,1.105
0.5,1.39,0.951,1.421,1.431,0.354,0.323,1.106
0.501,1.391,0.952,1.421,1.432,0.355,0.323,1.107
0.501,1.391,0.953,1.422,1.433,0.355,0.324,1.108
0.502,1.392,0.954,1.423,1.434,0.356,0.324,1.108
0.502,1.393,0.954,1.424,1.435,0.356,0.324,1.109
0.503,1.393,0.955,1.424,1.435,0.356,0.324,1.11
0.504,1.393,0.956,1.425,1.436,0.357,0.324,1.11
0.504,1.394,0.956,1.425,1.437,0.358,0.325,1.11
0.505,1.394,0.957,1.426,1.438,0.358,0.325,1.111
0.505,1.395,0.958,1.426,1.438,0.358,0.325,1.111
0.506,1.395,0.959,1.426,1.439,0.359,0.325,1.111
0.506,1.396,0.96,1.426,1.439,0.359,0.325,1.111
0.507,1.396,0.961,1.426,1.44,0.36,0.325,1.112
0.507,1.397,0.961,1.427,1.441,0.361,0.325,1.112
0.508,1.397,0.962,1.426,1.442,0.361,0.326,1.112
0.509,1.397,0.963,1.426,1.442,0.361,0.326,1.112
0.509,1.398,0.964,1.426,1.443,0.362,0.326,1.111
0.51,1.398,0.964,1.426,1.443,0.362,0.326,1.111
0.51,1.398,0.965,1.426,1.444,0.363,0.326,1.111
0.511,1.399,0.966,1.426,1.444,0.363,0.326,1.111
0.512,1.399,0.967,1.425,1.445,0.364,0.327,1.11
0.512,1.399,0.968,1.425,1.445,0.364,0.327,1.11
0.513,1.4,0.969,1.425,1.446,0.364,0.327,1.11
0.513,1.4,0.969,1.424,1.446,0.365,0.327,1.11
0.514,1.4,0.97,1.424,1.446,0.365,0.327,1.109
0.515,1.401,0.971,1.424,1.447,0.366,0.327,1.109
0.515,1.401,0.972,1.423,1.447,0.366,0.328,1.108
0.516,1.401,0.972,1.423,1.447,0.367,0.328,1.107
0.517,1.402,0.973,1.422,1.448,0.367,0.328,1.107
0.517,1.402,0.974,1.421,1.448,0.367,0.328,1.106
0.518,1.402,0.975,1.421,1.448,0.368,0.328,1.105
0.518,1.403,0.975,1.42,1.449,0.368,0.328,1.105
0.519,1.403,0.976,1.42,1.449,0.369,0.329,1.104
0.519,1.403,0.977,1.419,1.449,0.369,0.329,1.103
0.52,1.403,0.978,1.418,1.449,0.37,0.329,1.102
0.521,1.404,0.978,1.418,1.45,0.37,0.329,1.101
0.521,1.404,0.979,1.417,1.45,0.37,0.329,1.101
0.522,1.404,0.98,1.416,1.45,0.371,0.329,1.1
0.522,1.405,0.981,1.415,1.45,0.371,0.329,1.099
0.523,1.405,0.981,1.414,1.45,0.372,0.33,1.098
0.524,1.405,0.982,1.413,1.45,0.372,0.33,1.097
0.524,1.405,0.983,1.412,1.45,0.372,0.33,1.096
0.525,1.405,0.983,1.412,1.45,0.373,0.33,1.095
0.525,1.405,0.984,1.411,1.451,0.373,0.33,1.094
0.526,1.406,0.985,1.41,1.451,0.373,0.33,1.093
0.527,1.406,0.986,1.409,1.451,0.374,0.33,1.092
0.527,1.406,0.986,1.408,1.451,0.374,0.331,1.09
0.528,1.406,0.987,1.407,1.451,0.374,0.331,1.089
0.528,1.407,0.988,1.406,1.451,0.375,0.331,1.088
0.529,1.407,0.989,1.406,1.451,0.375,0.331,1.087
0.53,1.407,0.989,1.404,1.451,0.376,0.331,1.086
0.53,1.407,0.99,1.403,1.451,0.376,0.331,1.085
0.531,1.407,0.99,1.402,1.451,0.376,0.332,1.083
0.531,1.407,0.991,1.401,1.45,0.377,0.332,1.082
0.532,1.408,0.992,1.4,1.45,0.377,0.332,1.081
0.532,1.408,0.993,1.4,1.45,0.377,0.332,1.079
0.533,1.408,0.993,1.399,1.45,0.378,0.332,1.078
0.534,1.408,0.994,1.397,1.45,0.378,0.332,1.077
0.534,1.408,0.995,1.396,1.45,0.378,0.332,1.076
0.535,1.408,0.995,1.395,1.45,0.379,0.332,1.075
0.536,1.408,0.996,1.394,1.45,0.379,0.333,1.073
0.536,1.408,0.997,1.394,1.449,0.379,0.333,1.072
0.537,1.408,0.997,1.392,1.449,0.38,0.333,1.071
0.537,1.408,0.998,1.391,1.449,0.38,0.333,1.069
0.538,1.408,0.999,1.39,1.449,0.38,0.333,1.068
0.539,1.408,0.999,1.389,1.449,0.381,0.333,1.067
0.539,1.409,1.0,1.388,1.448,0.381,0.333,1.066
0.54,1.409,1.001,1.387,1.448,0.381,0.333,1.064
0.54,1.409,1.001,1.386,1.448,0.381,0.334,1.063
0.541,1.409,1.002,1.385,1.448,0.382,0.334,1.062
0.542,1.408,1.002,1.385,1.448,0.382,0.334,1.06
0.542,1.409,1.003,1.383,1.447,0.382,0.334,1.059
0.543,1.409,1.004,1.383,1.447,0.383,0.334,1.057
0.543,1.409,1.004,1.381,1.447,0.383,0.334,1.056
0.544,1.409,1.005,1.38,1.447,0.383,0.335,1.055
0.544,1.409,1.006,1.379,1.446,0.383,0.335,1.053
0.545,1.409,1.006,1.378,1.446,0.384,0.335,1.052
0.546,1.409,1.007,1.377,1.446,0.384,0.335,1.051
0.546,1.409,1.008,1.376,1.445,0.384,0.335,1.049
0.547,1.409,1.008,1.376,1.445,0.385,0.335,1.048
0.547,1.408,1.009,1.375,1.445,0.385,0.336,1.047
0.548,1.408,1.009,1.373,1.444,0.385,0.335,1.045
0.549,1.408,1.01,1.372,1.444,0.385,0.336,1.044
0.549,1.408,1.011,1.372,1.443,0.385,0.336,1.042
0.55,1.408,1.011,1.371,1.443,0.386,0.336,1.041
0.55,1.408,1.012,1.37,1.443,0.386,0.336,1.039
0.551,1.408,1.012,1.369,1.443,0.386,0.336,1.038
0.552,1.408,1.013,1.368,1.442,0.386,0.336,1.037
0.552,1.408,1.014,1.367,1.442,0.386,0.336,1.035
0.553,1.407,1.014,1.366,1.441,0.387,0.336,1.034
0.553,1.407,1.015,1.365,1.441,0.387,0.337,1.032
0.554,1.407,1.015,1.364,1.441,0.387,0.337,1.031
0.554,1.407,1.016,1.363,1.44,0.387,0.337,1.029
0.555,1.407,1.017,1.362,1.439,0.387,0.337,1.027
0.555,1.407,1.017,1.361,1.439,0.388,0.337,1.026
0.556,1.406,1.018,1.36,1.439,0.387,0.337,1.025
0.557,1.406,1.018,1.359,1.438,0.388,0.337,1.023
0.557,1.406,1.019,1.358,1.437,0.388,0.337,1.022
0.558,1.406,1.019,1.357,1.437,0.388,0.337,1.02
0.558,1.405,1.02,1.356,1.437,0.388,0.337,1.019
0.559,1.405,1.021,1.355,1.436,0.388,0.338,1.017
0.56,1.405,1.021,1.354,1.435,0.388,0.338,1.016
0.56,1.404,1.022,1.353,1.435,0.388,0.338,1.014
0.561,1.404,1.022,1.352,1.434,0.388,0.338,1.013
0.561,1.403,1.023,1.351,1.434,0.389,0.338,1.011
0.562,1.403,1.023,1.35,1.433,0.389,0.338,1.009
0.562,1.403,1.024,1.349,1.433,0.389,0.338,1.008
0.563,1.402,1.024,1.348,1.432,0.389,0.338,1.006
0.564,1.401,1.025,1.347,1.431,0.389,0.339,1.005
0.564,1.401,1.026,1.346,1.431,0.389,0.339,1.004
0.565,1.401,1.026,1.345,1.43,0.389,0.339,1.002
0.565,1.4,1.027,1.344,1.429,0.389,0.339,1.001
0.566,1.399,1.027,1.343,1.429,0.389,0.339,0.999
0.566,1.399,1.027,1.342,1.428,0.389,0.339,0.998
0.567,1.398,1.028,1.341,1.427,0.389,0.339,0.996
0.567,1.398,1.029,1.34,1.427,0.389,0.339,0.995
0.568,1.397,1.029,1.339,1.426,0.389,0.339,0.993
0.569,1.396,1.03,1.338,1.425,0.389,0.34,0.992
0.569,1.396,1.03,1.338,1.425,0.389,0.34,0.99
0.57,1.395,1.031,1.337,1.424,0.389,0.34,0.989
0.57,1.394,1.031,1.336,1.423,0.389,0.34,0.988
0.571,1.393,1.032,1.335,1.422,0.389,0.34,0.986
0.571,1.393,1.032,1.334,1.422,0.389,0.34,0.985
0.572,1.392,1.033,1.333,1.421,0.389,0.34,0.983
0.573,1.391,1.033,1.332,1.42,0.388,0.34,0.982
0.573,1.39,1.034,1.331,1.419,0.388,0.34,0.98
0.573,1.389,1.034,1.33,1.419,0.388,0.341,0.979
0.574,1.389,1.034,1.329,1.418,0.388,0.341,0.978
0.575,1.387,1.035,1.328,1.417,0.388,0.341,0.976
0.575,1.387,1.036,1.328,1.417,0.388,0.341,0.975
0.576,1.385,1.036,1.327,1.416,0.388,0.341,0.973
0.576,1.384,1.036,1.326,1.415,0.388,0.341,0.972
0.577,1.384,1.037,1.325,1.414,0.387,0.341,0.971
0.577,1.382,1.037,1.324,1.413,0.387,0.341,0.97
0.578,1.381,1.038,1.323,1.413,0.387,0.341,0.968
0.579,1.38,1.039,1.322,1.412,0.387,0.341,0.967
0.579,1.379,1.039,1.321,1.411,0.387,0.341,0.966
0.58,1.378,1.04,1.321,1.41,0.387,0.342,0.964
0.58,1.377,1.04,1.32,1.409,0.387,0.342,0.963
0.581,1.376,1.04,1.319,1.409,0.386,0.342,0.962
0.581,1.374,1.041,1.318,1.408,0.386,0.342,0.96
0.582,1.373,1.041,1.317,1.407,0.386,0.342,0.959
0.583,1.372,1.042,1.317,1.406,0.386,0.342,0.958
0.583,1.37,1.042,1.316,1.405,0.386,0.342,0.957
0.584,1.369,1.043,1.315,1.405,0.385,0.342,0.955
0.584,1.368,1.043,1.314,1.404,0.385,0.342,0.954
0.585,1.366,1.044,1.313,1.403,0.385,0.342,0.953
0.585,1.365,1.044,1.312,1.402,0.385,0.342,0.951
0.586,1.363,1.044,1.312,1.401,0.384,0.343,0.95
0.586,1.362,1.045,1.311,1.4,0.384,0.343,0.949
0.587,1.36,1.045,1.31,1.4,0.384,0.343,0.948
0.587,1.359,1.046,1.309,1.399,0.384,0.343,0.947
0.588,1.357,1.046,1.309,1.398,0.383,0.343,0.945
0.588,1.355,1.047,1.308,1.397,0.383,0.343,0.944
0.589,1.354,1.047,1.307,1.396,0.383,0.343,0.943
0.589,1.352,1.047,1.306,1.396,0.382,0.343,0.942
0.59,1.351,1.048,1.306,1.395,0.382,0.343,0.941
0.59,1.349,1.048,1.305,1.394,0.382,0.343,0.94
0.591,1.347,1.049,1.304,1.393,0.382,0.344,0.938
0.591,1.345,1.049,1.303,1.392,0.381,0.344,0.937
0.592,1.344,1.05,1.302,1.391,0.381,0.344,0.936
0.592,1.342,1.05,1.301,1.39,0.381,0.344,0.935
0.593,1.34,1.05,1.301,1.39,0.38,0.344,0.934
0.593,1.338,1.051,1.3,1.389,0.38,0.344,0.933
0.594,1.337,1.051,1.299,1.388,0.38,0.344,0.932
0.594,1.335,1.052,1.299,1.387,0.379,0.344,0.93
0.595,1.333,1.052,1.298,1.386,0.379,0.344,0.929
0.596,1.331,1.052,1.297,1.385,0.379,0.344,0.928
0.596,1.33,1.053,1.296,1.384,0.378,0.344,0.927
0.597,1.328,1.053,1.296,1.384,0.378,0.344,0.925
0.597,1.326,1.053,1.295,1.383,0.378,0.344,0.925
0.597,1.324,1.054,1.294,1.382,0.377,0.345,0.923
0.598,1.322,1.054,1.293,1.381,0.377,0.345,0.922
0.598,1.321,1.055,1.293,1.38,0.376,0.345,0.921
0.599,1.319,1.055,1.292,1.379,0.376,0.345,0.92
0.599,1.317,1.055,1.291,1.378,0.376,0.345,0.919
0.6,1.315,1.056,1.291,1.377,0.375,0.345,0.918
0.6,1.314,1.056,1.29,1.377,0.375,0.345,0.917
0.601,1.312,1.056,1.289,1.376,0.374,0.345,0.916
0.601,1.31,1.057,1.289,1.375,0.374,0.345,0.915
0.602,1.308,1.057,1.287,1.374,0.373,0.345,0.914
0.602,1.306,1.058,1.287,1.373,0.373,0.345,0.912
0.603,1.304,1.058,1.287,1.372,0.373,0.345,0.911
0.603,1.303,1.058,1.286,1.371,0.372,0.345,0.91
0.604,1.301,1.059,1.285,1.37,0.372,0.345,0.909
0.604,1.299,1.059,1.284,1.37,0.372,0.345,0.908
0.605,1.297,1.06,1.284,1.369,0.371,0.346,0.907
0.605,1.295,1.06,1.283,1.368,0.371,0.346,0.906
0.606,1.294,1.06,1.282,1.367,0.37,0.346,0.905
0.606,1.292,1.06,1.282,1.366,0.37,0.346,0.903
0.607,1.29,1.061,1.281,1.365,0.369,0.346,0.902
0.607,1.288,1.061,1.28,1.364,0.369,0.346,0.901
0.608,1.286,1.061,1.28,1.364,0.368,0.346,0.9
0.608,1.284,1.062,1.279,1.363,0.368,0.346,0.899
0.608,1.282,1.062,1.278,1.361,0.367,0.346,0.898
0.609,1.281,1.063,1.278,1.361,0.367,0.346,0.897
0.609,1.279,1.063,1.277,1.36,0.366,0.346,0.896
0.61,1.277,1.063,1.276,1.359,0.366,0.346,0.895
0.61,1.275,1.064,1.276,1.358,0.365,0.346,0.894
0.611,1.273,1.064,1.275,1.357,0.365,0.346,0.893
0.611,1.271,1.064,1.274,1.356,0.364,0.347,0.892
0.611,1.27,1.065,1.274,1.355,0.364,0.346,0.89
0.612,1.268,1.065,1.274,1.354,0.363,0.347,0.89
0.612,1.266,1.065,1.273,1.354,0.363,0.347,0.889
0.613,1.264,1.066,1.272,1.353,0.362,0.347,0.887
0.613,1.263,1.066,1.272,1.352,0.362,0.347,0.886
0.614,1.261,1.066,1.271,1.351,0.361,0.347,0.885
0.614,1.259,1.067,1.27,1.35,0.361,0.347,0.884
0.614,1.257,1.067,1.27,1.349,0.36,0.347,0.883
0.615,1.255,1.067,1.269,1.348,0.359,0.347,0.882
0.615,1.254,1.068,1.269,1.347,0.359,0.347,0.881
0.616,1.252,1.068,1.268,1.346,0.358,0.347,0.88
0.616,1.25,1.068,1.268,1.345,0.358,0.347,0.879
0.617,1.249,1.069,1.267,1.344,0.357,0.347,0.878
0.617,1.247,1.069,1.266,1.344,0.357,0.347,0.877
0.617,1.245,1.069,1.266,1.343,0.356,0.347,0.876
0.618,1.243,1.07,1.265,1.342,0.356,0.348,0.875
0.618,1.241,1.07,1.265,1.341,0.355,0.348,0.874
0.619,1.24,1.07,1.264,1.34,0.354,0.348,0.873
0.619,1.238,1.071,1.263,1.339,0.354,0.348,0.872
0.619,1.236,1.071,1.263,1.338,0.353,0.348,0.871
0.62,1.234,1.071,1.262,1.337,0.353,0.348,0.87
0.62,1.233,1.071,1.262,1.336,0.352,0.348,0.869
0.62,1.231,1.072,1.261,1.336,0.352,0.348,0.869
0.621,1.229,1.072,1.261,1.335,0.351,0.348,0.867
0.621,1.228,1.072,1.26,1.334,0.35,0.348,0.867
0.622,1.226,1.073,1.26,1.333,0.35,0.348,0.866
0.622,1.224,1.073,1.259,1.332,0.349,0.348,0.865
0.622,1.222,1.073,1.259,1.331,0.348,0.348,0.864
0.623,1.221,1.074,1.258,1.33,0.348,0.348,0.863
0.623,1.219,1.074,1.258,1.329,0.347,0.348,0.862
0.624,1.218,1.074,1.257,1.328,0.347,0.348,0.861
0.624,1.216,1.075,1.257,1.327,0.346,0.348,0.86
0.624,1.215,1.075,1.256,1.327,0.346,0.348,0.859
0.625,1.213,1.075,1.256,1.326,0.345,0.348,0.858
0.625,1.211,1.076,1.255,1.325,0.344,0.349,0.857
0.625,1.21,1.076,1.255,1.324,0.344,0.349,0.857
0.626,1.208,1.076,1.255,1.323,0.343,0.349,0.856
0.626,1.206,1.077,1.254,1.322,0.342,0.349,0.855
0.627,1.205,1.077,1.253,1.321,0.342,0.349,0.854
0.627,1.203,1.077,1.253,1.32,0.341,0.349,0.853
0.627,1.202,1.077,1.253,1.32,0.341,0.349,0.852
0.627,1.2,1.078,1.252,1.319,0.34,0.349,0.851
0.628,1.199,1.078,1.252,1.318,0.339,0.349,0.851
0.628,1.197,1.078,1.252,1.317,0.339,0.349,0.85
0.629,1.196,1.079,1.251,1.316,0.338,0.349,0.849
0.629,1.194,1.079,1.25,1.315,0.337,0.349,0.848
0.629,1.193,1.079,1.25,1.314,0.337,0.349,0.847
0.63,1.191,1.079,1.25,1.314,0.336,0.349,0.846
0.63,1.189,1.08,1.249,1.313,0.336,0.349,0.846
0.63,1.188,1.08,1.249,1.312,0.335,0.349,0.845
0.631,1.186,1.08,1.248,1.311,0.334,0.349,0.844
0.631,1.185,1.08,1.248,1.31,0.334,0.349,0.843
0.631,1.183,1.081,1.248,1.309,0.333,0.349,0.842
0.632,1.182,1.081,1.247,1.308,0.333,0.349,0.841
0.632,1.18,1.081,1.246,1.308,0.332,0.349,0.841
0.632,1.178,1.082,1.246,1.307,0.331,0.349,0.84
0.632,1.177,1.082,1.246,1.306,0.331,0.35,0.839
0.633,1.175,1.082,1.245,1.305,0.33,0.35,0.838
0.633,1.174,1.082,1.245,1.304,0.329,0.35,0.837
0.633,1.172,1.083,1.244,1.303,0.329,0.35,0.837
0.634,1.171,1.083,1.244,1.302,0.328,0.35,0.836
0.634,1.169,1.083,1.243,1.301,0.328,0.35,0.835
0.634,1.167,1.084,1.243,1.3,0.327,0.35,0.834
0.635,1.166,1.084,1.242,1.3,0.326,0.35,0.833
0.635,1.164,1.084,1.242,1.299,0.326,0.35,0.833
0.635,1.163,1.084,1.242,1.298,0.325,0.35,0.832
0.635,1.161,1.085,1.241,1.297,0.324,0.35,0.831
0.636,1.16,1.085,1.24,1.296,0.324,0.35,0.83
0.636,1.158,1.085,1.24,1.295,0.323,0.35,0.83
0.636,1.157,1.086,1.24,1.295,0.323,0.35,0.829
0.637,1.155,1.086,1.239,1.293,0.322,0.35,0.828
0.637,1.154,1.086,1.239,1.293,0.321,0.35,0.827
0.637,1.152,1.086,1.238,1.292,0.321,0.35,0.827
0.637,1.151,1.087,1.238,1.291,0.32,0.35,0.826
0.638,1.149,1.087,1.238,1.29,0.319,0.35,0.825
0.638,1.148,1.087,1.237,1.289,0.319,0.35,0.825
0.638,1.146,1.087,1.234,1.283,0.317,0.349,0.82
0.641,1.149,1.091,1.239,1.289,0.318,0.35,0.823
0.643,1.151,1.095,1.244,1.295,0.319,0.352,0.827
0.642,1.148,1.094,1.242,1.293,0.318,0.352,0.826
0.64,1.143,1.091,1.238,1.289,0.317,0.352,0.824
0.637,1.135,1.085,1.231,1.281,0.315,0.35,0.819
0.638,1.134,1.085,1.23,1.278,0.313,0.349,0.816
0.642,1.141,1.093,1.237,1.284,0.314,0.351,0.818
0.644,1.143,1.096,1.241,1.289,0.315,0.352,0.823
0.643,1.14,1.095,1.24,1.288,0.314,0.353,0.822
0.641,1.135,1.092,1.236,1.284,0.313,0.352,0.82
0.638,1.128,1.087,1.229,1.276,0.311,0.35,0.815
0.639,1.127,1.086,1.227,1.273,0.31,0.349,0.811
0.644,1.133,1.094,1.234,1.279,0.311,0.351,0.814
0.646,1.135,1.098,1.239,1.284,0.312,0.353,0.818
0.645,1.132,1.097,1.238,1.283,0.311,0.353,0.818
0.643,1.127,1.094,1.234,1.279,0.309,0.352,0.815
0.64,1.12,1.089,1.227,1.271,0.307,0.351,0.811
0.641,1.119,1.088,1.225,1.268,0.306,0.349,0.807
0.645,1.125,1.095,1.232,1.274,0.307,0.351,0.809
0.647,1.128,1.099,1.237,1.279,0.308,0.353,0.814
0.646,1.125,1.099,1.236,1.278,0.307,0.353,0.813
0.645,1.12,1.096,1.232,1.274,0.306,0.352,0.811
0.641,1.113,1.09,1.225,1.267,0.304,0.351,0.806
0.642,1.112,1.09,1.223,1.263,0.302,0.349,0.802
0.647,1.118,1.097,1.23,1.269,0.303,0.351,0.805
0.649,1.12,1.101,1.235,1.275,0.305,0.353,0.809
0.648,1.118,1.1,1.234,1.273,0.304,0.353,0.809
0.646,1.113,1.097,1.23,1.269,0.303,0.352,0.807
0.642,1.106,1.092,1.223,1.262,0.3,0.351,0.802
0.643,1.105,1.091,1.221,1.258,0.299,0.35,0.798
0.648,1.111,1.098,1.228,1.265,0.3,0.351,0.801
0.65,1.113,1.103,1.233,1.27,0.301,0.353,0.805
0.649,1.111,1.102,1.232,1.268,0.3,0.353,0.805
0.647,1.106,1.099,1.228,1.264,0.299,0.353,0.802
0.644,1.099,1.093,1.221,1.257,0.297,0.351,0.798
0.645,1.098,1.093,1.219,1.254,0.295,0.35,0.794
0.649,1.104,1.1,1.226,1.26,0.296,0.352,0.797
0.651,1.107,1.104,1.231,1.265,0.297,0.354,0.801
0.65,1.104,1.103,1.23,1.264,0.297,0.354,0.801
0.648,1.1,1.101,1.226,1.26,0.296,0.353,0.798
0.645,1.093,1.094,1.219,1.252,0.293,0.351,0.794
0.646,1.092,1.094,1.217,1.249,0.292,0.35,0.79
0.65,1.098,1.102,1.224,1.255,0.293,0.352,0.792
0.652,1.1,1.106,1.229,1.26,0.294,0.354,0.797
0.652,1.098,1.105,1.228,1.259,0.293,0.354,0.797
0.649,1.093,1.102,1.224,1.255,0.292,0.353,0.794
0.646,1.087,1.097,1.217,1.248,0.29,0.351,0.79
0.647,1.086,1.096,1.215,1.244,0.289,0.35,0.786
0.651,1.091,1.103,1.222,1.25,0.29,0.352,0.789
0.653,1.094,1.107,1.227,1.256,0.291,0.354,0.793
0.653,1.092,1.106,1.226,1.254,0.29,0.354,0.793
0.65,1.087,1.104,1.222,1.251,0.289,0.353,0.79
0.647,1.08,1.098,1.215,1.243,0.287,0.351,0.786
0.648,1.079,1.097,1.213,1.24,0.285,0.35,0.782
0.652,1.085,1.104,1.22,1.246,0.286,0.352,0.784
0.654,1.088,1.109,1.225,1.251,0.287,0.354,0.789
0.654,1.086,1.108,1.224,1.25,0.287,0.354,0.789
0.652,1.081,1.105,1.22,1.246,0.285,0.353,0.787
0.648,1.074,1.1,1.214,1.239,0.283,0.351,0.782
0.649,1.073,1.099,1.211,1.235,0.282,0.351,0.779
0.651,1.076,1.103,1.216,1.24,0.283,0.352,0.781
0.651,1.075,1.103,1.216,1.239,0.282,0.352,0.781
0.651,1.074,1.104,1.215,1.238,0.282,0.352,0.78
0.652,1.073,1.104,1.215,1.238,0.281,0.352,0.779
0.652,1.072,1.104,1.215,1.237,0.281,0.352,0.779
0.652,1.071,1.105,1.214,1.236,0.28,0.352,0.778
0.652,1.07,1.105,1.214,1.236,0.28,0.352,0.778
0.652,1.069,1.105,1.214,1.234,0.279,0.352,0.777
0.652,1.068,1.105,1.213,1.234,0.279,0.352,0.776
0.652,1.067,1.105,1.213,1.233,0.278,0.352,0.776
0.652,1.066,1.106,1.213,1.232,0.278,0.352,0.775
0.653,1.065,1.106,1.213,1.232,0.277,0.352,0.775
0.653,1.065,1.106,1.212,1.231,0.277,0.352,0.774
0.653,1.064,1.107,1.212,1.23,0.276,0.352,0.773
0.653,1.063,1.106,1.212,1.229,0.276,0.352,0.773
0.653,1.062,1.107,1.211,1.229,0.275,0.352,0.772
0.653,1.061,1.107,1.211,1.228,0.274,0.352,0.772
0.653,1.06,1.107,1.211,1.227,0.274,0.352,0.771
0.653,1.059,1.107,1.211,1.227,0.273,0.352,0.77
0.654,1.058,1.108,1.21,1.226,0.273,0.353,0.77
0.654,1.057,1.108,1.21,1.225,0.272,0.352,0.769
0.654,1.056,1.108,1.21,1.224,0.272,0.352,0.768
0.654,1.056,1.108,1.209,1.224,0.271,0.353,0.768
0.654,1.055,1.108,1.209,1.223,0.271,0.353,0.767
0.654,1.054,1.109,1.209,1.222,0.27,0.352,0.767
0.654,1.053,1.109,1.209,1.221,0.27,0.352,0.766
0.654,1.052,1.109,1.208,1.221,0.269,0.353,0.765
0.654,1.051,1.109,1.208,1.22,0.269,0.352,0.765
0.655,1.05,1.109,1.208,1.219,0.268,0.353,0.764
0.655,1.049,1.11,1.207,1.219,0.268,0.352,0.764
0.655,1.049,1.11,1.207,1.218,0.267,0.353,0.763
0.655,1.048,1.11,1.207,1.217,0.267,0.352,0.763
0.655,1.047,1.11,1.206,1.216,0.266,0.353,0.762
0.655,1.046,1.111,1.206,1.216,0.266,0.353,0.761
0.655,1.045,1.111,1.206,1.215,0.265,0.353,0.761
0.655,1.044,1.111,1.206,1.214,0.265,0.353,0.76
0.655,1.044,1.111,1.205,1.213,0.264,0.353,0.759
0.655,1.043,1.111,1.205,1.213,0.264,0.353,0.759
0.656,1.042,1.112,1.205,1.212,0.263,0.353,0.759
0.656,1.041,1.112,1.205,1.211,0.263,0.353,0.758
0.656,1.04,1.112,1.204,1.211,0.262,0.353,0.757
0.656,1.039,1.112,1.204,1.21,0.262,0.352,0.757
0.656,1.039,1.112,1.203,1.209,0.261,0.353,0.756
0.656,1.038,1.113,1.203,1.208,0.261,0.353,0.756
0.656,1.037,1.113,1.203,1.208,0.261,0.353,0.755
0.656,1.036,1.113,1.203,1.207,0.26,0.353,0.755
0.656,1.035,1.113,1.203,1.206,0.259,0.353,0.754
0.656,1.035,1.114,1.202,1.206,0.259,0.353,0.753
0.656,1.034,1.114,1.202,1.205,0.259,0.353,0.753
0.657,1.034,1.114,1.202,1.205,0.258,0.353,0.752
0.656,1.033,1.114,1.202,1.204,0.258,0.353,0.752
0.657,1.032,1.115,1.202,1.203,0.257,0.353,0.751
0.657,1.031,1.115,1.201,1.203,0.257,0.353,0.751
0.657,1.03,1.115,1.201,1.202,0.256,0.353,0.75
0.657,1.03,1.115,1.201,1.201,0.256,0.353,0.75
0.657,1.029,1.116,1.2,1.2,0.255,0.353,0.749
0.657,1.028,1.116,1.2,1.2,0.255,0.353,0.749
0.657,1.027,1.116,1.2,1.199,0.254,0.353,0.748
0.657,1.026,1.116,1.2,1.198,0.254,0.353,0.748
0.657,1.026,1.116,1.199,1.198,0.254,0.353,0.747
0.657,1.025,1.116,1.199,1.197,0.253,0.353,0.747
0.657,1.024,1.117,1.199,1.196,0.253,0.353,0.746
0.657,1.024,1.117,1.198,1.196,0.252,0.353,0.745
0.657,1.023,1.117,1.203,1.199,0.253,0.354,0.748
0.655,1.019,1.113,1.194,1.192,0.251,0.352,0.744
0.655,1.017,1.112,1.192,1.188,0.25,0.351,0.74
0.659,1.022,1.118,1.198,1.193,0.25,0.352,0.742
0.662,1.026,1.124,1.204,1.199,0.251,0.354,0.746
0.661,1.026,1.125,1.205,1.2,0.251,0.355,0.747
0.659,1.021,1.121,1.2,1.195,0.25,0.354,0.745
0.655,1.014,1.115,1.193,1.187,0.248,0.352,0.74
0.655,1.013,1.113,1.19,1.183,0.247,0.351,0.737
0.659,1.018,1.12,1.196,1.188,0.248,0.352,0.739
0.662,1.022,1.125,1.203,1.194,0.249,0.354,0.743
0.662,1.022,1.126,1.203,1.195,0.249,0.355,0.744
0.659,1.017,1.122,1.199,1.191,0.248,0.354,0.742
0.655,1.01,1.116,1.192,1.183,0.246,0.352,0.737
0.655,1.008,1.114,1.189,1.18,0.244,0.351,0.734
0.659,1.014,1.121,1.195,1.184,0.245,0.352,0.735
0.662,1.018,1.127,1.201,1.19,0.246,0.355,0.74
0.662,1.018,1.128,1.202,1.192,0.246,0.355,0.741
0.659,1.013,1.123,1.197,1.187,0.245,0.354,0.739
0.655,1.006,1.117,1.19,1.18,0.243,0.352,0.734
0.655,1.005,1.115,1.187,1.176,0.242,0.351,0.731
0.66,1.01,1.122,1.193,1.18,0.243,0.352,0.732
0.663,1.014,1.128,1.199,1.187,0.244,0.355,0.737
0.662,1.013,1.129,1.2,1.188,0.244,0.355,0.738
0.659,1.009,1.124,1.196,1.183,0.243,0.354,0.736
0.656,1.002,1.118,1.189,1.176,0.241,0.352,0.732
0.656,1.001,1.116,1.186,1.172,0.239,0.351,0.728
0.66,1.006,1.123,1.192,1.177,0.24,0.352,0.729
0.663,1.01,1.129,1.198,1.183,0.241,0.355,0.733
0.662,1.01,1.13,1.199,1.184,0.241,0.355,0.735
0.659,1.005,1.126,1.194,1.179,0.24,0.354,0.733
0.656,0.998,1.12,1.187,1.172,0.238,0.352,0.729
0.656,0.997,1.118,1.184,1.168,0.237,0.351,0.725
0.66,1.002,1.124,1.19,1.172,0.238,0.352,0.727
0.663,1.006,1.13,1.197,1.179,0.239,0.355,0.731
0.663,1.006,1.131,1.198,1.18,0.239,0.355,0.732
0.66,1.001,1.127,1.193,1.176,0.238,0.354,0.73
0.656,0.995,1.121,1.186,1.168,0.236,0.352,0.726
0.656,0.993,1.119,1.183,1.164,0.235,0.351,0.722
0.66,0.998,1.125,1.188,1.169,0.236,0.352,0.724
0.663,1.003,1.132,1.195,1.175,0.236,0.355,0.728
0.663,1.002,1.132,1.196,1.176,0.237,0.355,0.73
0.66,0.998,1.128,1.192,1.172,0.236,0.354,0.728
0.656,0.991,1.122,1.185,1.165,0.234,0.352,0.723
0.656,0.99,1.12,1.182,1.16,0.233,0.351,0.719
0.66,0.995,1.126,1.187,1.165,0.233,0.352,0.721
0.663,0.999,1.133,1.194,1.171,0.234,0.354,0.725
0.663,0.999,1.134,1.195,1.173,0.234,0.355,0.727
0.66,0.994,1.13,1.19,1.168,0.233,0.354,0.725
0.656,0.987,1.124,1.184,1.161,0.231,0.352,0.72
0.656,0.986,1.122,1.18,1.157,0.23,0.351,0.717
0.66,0.991,1.127,1.186,1.161,0.231,0.352,0.718
0.663,0.996,1.134,1.193,1.168,0.232,0.354,0.722
0.663,0.995,1.135,1.194,1.169,0.232,0.355,0.724
0.66,0.991,1.131,1.189,1.165,0.231,0.354,0.722
0.656,0.984,1.124,1.182,1.157,0.229,0.352,0.718
0.656,0.982,1.122,1.179,1.153,0.228,0.351,0.714
0.66,0.988,1.128,1.184,1.157,0.229,0.352,0.715
0.663,0.992,1.135,1.191,1.164,0.23,0.354,0.719
0.663,0.992,1.136,1.192,1.165,0.23,0.355,0.721
0.66,0.987,1.132,1.188,1.161,0.229,0.355,0.714
0.659,0.985,1.129,1.184,1.156,0.228,0.353,0.715
0.659,0.984,1.129,1.184,1.156,0.227,0.353,0.715
0.659,0.984,1.129,1.184,1.155,0.227,0.353,0.715
0.659,0.983,1.13,1.184,1.155,0.227,0.353,0.714
0.659,0.982,1.13,1.183,1.154,0.226,0.353,0.714
0.659,0.982,1.13,1.183,1.153,0.226,0.353,0.713
0.659,0.981,1.13,1.183,1.153,0.226,0.353,0.713
0.659,0.981,1.13,1.183,1.152,0.225,0.353,0.712
0.659,0.98,1.131,1.182,1.152,0.225,0.353,0.712
0.659,0.98,1.131,1.182,1.151,0.224,0.353,0.712
0.659,0.979,1.131,1.182,1.15,0.224,0.353,0.711
0.659,0.979,1.131,1.182,1.15,0.224,0.353,0.711
0.659,0.978,1.132,1.182,1.149,0.223,0.353,0.71
0.659,0.978,1.132,1.181,1.149,0.223,0.353,0.71
0.659,0.977,1.132,1.181,1.148,0.223,0.353,0.709
0.659,0.977,1.132,1.181,1.148,0.222,0.353,0.709
0.659,0.976,1.132,1.181,1.147,0.222,0.353,0.709
0.659,0.976,1.132,1.181,1.147,0.222,0.353,0.708
0.659,0.975,1.132,1.18,1.146,0.221,0.353,0.708
0.659,0.975,1.133,1.18,1.145,0.221,0.353,0.707
0.659,0.974,1.133,1.18,1.145,0.221,0.353,0.707
0.659,0.974,1.133,1.18,1.144,0.22,0.353,0.706
0.659,0.973,1.133,1.18,1.143,0.22,0.353,0.706
0.659,0.972,1.133,1.179,1.143,0.22,0.353,0.705
0.659,0.972,1.133,1.179,1.142,0.219,0.353,0.705
0.659,0.972,1.133,1.179,1.142,0.219,0.353,0.705
0.658,0.971,1.134,1.179,1.141,0.219,0.353,0.704
0.659,0.971,1.134,1.178,1.141,0.218,0.353,0.704
0.658,0.97,1.134,1.178,1.14,0.218,0.353,0.703
0.658,0.97,1.134,1.178,1.139,0.218,0.353,0.703
0.658,0.969,1.134,1.178,1.139,0.218,0.353,0.702
0.658,0.969,1.134,1.178,1.138,0.217,0.353,0.702
0.658,0.968,1.135,1.178,1.138,0.217,0.353,0.702
0.658,0.968,1.135,1.178,1.137,0.217,0.353,0.701
0.658,0.967,1.135,1.177,1.137,0.216,0.353,0.701
0.658,0.967,1.135,1.177,1.136,0.216,0.353,0.7
0.658,0.966,1.135,1.177,1.135,0.216,0.353,0.7
0.658,0.966,1.135,1.176,1.135,0.215,0.353,0.7
0.658,0.965,1.136,1.176,1.134,0.215,0.353,0.699
0.658,0.965,1.136,1.176,1.134,0.215,0.353,0.699
0.658,0.964,1.136,1.176,1.133,0.214,0.353,0.698
0.658,0.964,1.136,1.176,1.133,0.214,0.353,0.698
0.658,0.964,1.136,1.176,1.132,0.214,0.353,0.698
0.658,0.963,1.136,1.175,1.132,0.213,0.353,0.697
0.658,0.962,1.136,1.175,1.131,0.213,0.353,0.697
0.658,0.962,1.137,1.175,1.131,0.213,0.353,0.697
0.658,0.962,1.137,1.175,1.13,0.212,0.353,0.696
0.658,0.961,1.137,1.175,1.129,0.212,0.353,0.696
0.658,0.961,1.137,1.174,1.129,0.212,0.353,0.695
0.658,0.96,1.137,1.174,1.128,0.212,0.353,0.695
0.658,0.96,1.137,1.174,1.128,0.211,0.352,0.694
0.657,0.959,1.137,1.174,1.127,0.211,0.352,0.694
0.657,0.959,1.138,1.174,1.127,0.211,0.352,0.694
0.657,0.959,1.138,1.174,1.126,0.21,0.353,0.693
0.657,0.958,1.138,1.173,1.126,0.21,0.353,0.693
0.657,0.958,1.138,1.173,1.125,0.21,0.352,0.693
0.657,0.957,1.138,1.173,1.124,0.209,0.352,0.692
0.657,0.957,1.138,1.173,1.124,0.209,0.352,0.692
0.657,0.956,1.139,1.173,1.123,0.209,0.352,0.692
0.657,0.956,1.139,1.172,1.123,0.209,0.352,0.691
0.657,0.955,1.139,1.172,1.123,0.208,0.352,0.691
0.657,0.955,1.139,1.172,1.122,0.208,0.352,0.69
0.657,0.955,1.139,1.172,1.121,0.208,0.352,0.69
0.657,0.954,1.139,1.177,1.124,0.208,0.353,0.692
0.659,0.956,1.143,1.175,1.123,0.208,0.353,0.691
0.659,0.956,1.143,1.175,1.123,0.207,0.353,0.691
0.659,0.956,1.143,1.174,1.122,0.207,0.353,0.69
0.659,0.955,1.143,1.174,1.122,0.207,0.353,0.69
0.659,0.955,1.143,1.174,1.121,0.207,0.353,0.69
0.659,0.955,1.144,1.174,1.121,0.206,0.353,0.689
0.658,0.954,1.144,1.174,1.12,0.206,0.353,0.689
0.658,0.954,1.144,1.174,1.12,0.206,0.353,0.689
0.658,0.953,1.144,1.174,1.119,0.206,0.353,0.688
0.658,0.953,1.144,1.173,1.119,0.205,0.353,0.688
0.658,0.952,1.144,1.173,1.118,0.205,0.353,0.687
0.658,0.952,1.145,1.173,1.118,0.205,0.353,0.687
0.658,0.951,1.145,1.173,1.118,0.205,0.353,0.687
0.658,0.951,1.145,1.173,1.117,0.204,0.353,0.686
0.658,0.951,1.145,1.172,1.116,0.204,0.353,0.686
0.658,0.95,1.145,1.172,1.116,0.204,0.353,0.686
0.658,0.95,1.146,1.172,1.116,0.204,0.353,0.685
0.658,0.95,1.146,1.172,1.115,0.203,0.353,0.685
0.658,0.949,1.146,1.172,1.114,0.203,0.353,0.685
0.658,0.949,1.146,1.172,1.114,0.203,0.353,0.684
0.658,0.949,1.146,1.171,1.113,0.202,0.353,0.684
0.658,0.948,1.146,1.171,1.113,0.202,0.353,0.683
0.658,0.948,1.147,1.171,1.113,0.202,0.353,0.683
0.658,0.947,1.147,1.171,1.112,0.202,0.353,0.683
0.658,0.947,1.147,1.171,1.112,0.202,0.353,0.683
0.658,0.947,1.147,1.171,1.111,0.201,0.353,0.682
0.658,0.946,1.147,1.171,1.111,0.201,0.353,0.682
0.658,0.946,1.148,1.17,1.11,0.201,0.353,0.681
0.658,0.946,1.148,1.17,1.109,0.2,0.353,0.681
0.658,0.945,1.148,1.17,1.109,0.2,0.353,0.681
0.657,0.945,1.148,1.17,1.109,0.2,0.353,0.68
0.657,0.944,1.148,1.17,1.108,0.2,0.353,0.68
0.657,0.944,1.148,1.17,1.108,0.199,0.353,0.68
0.657,0.944,1.149,1.17,1.107,0.199,0.353,0.679
0.657,0.943,1.149,1.17,1.107,0.199,0.353,0.679
0.657,0.943,1.149,1.169,1.106,0.199,0.353,0.679
0.657,0.942,1.149,1.169,1.106,0.198,0.353,0.678
0.657,0.942,1.149,1.169,1.105,0.198,0.353,0.678
0.657,0.942,1.15,1.169,1.105,0.198,0.353,0.678
0.657,0.942,1.15,1.169,1.104,0.198,0.353,0.677
0.657,0.941,1.15,1.169,1.104,0.197,0.353,0.677
0.657,0.941,1.15,1.168,1.103,0.197,0.354,0.677
0.657,0.94,1.15,1.168,1.103,0.197,0.353,0.676
0.657,0.94,1.15,1.168,1.102,0.197,0.353,0.676
0.657,0.94,1.15,1.168,1.102,0.197,0.353,0.676
0.657,0.939,1.151,1.168,1.102,0.197,0.353,0.676
0.657,0.939,1.151,1.168,1.101,0.196,0.353,0.675
0.657,0.938,1.151,1.167,1.101,0.196,0.353,0.675
0.657,0.938,1.151,1.167,1.1,0.196,0.353,0.674
0.657,0.938,1.151,1.167,1.1,0.196,0.353,0.674
0.657,0.938,1.151,1.167,1.099,0.195,0.353,0.674
0.657,0.937,1.152,1.167,1.099,0.195,0.353,0.674
0.657,0.937,1.152,1.167,1.098,0.195,0.353,0.673
0.656,0.937,1.152,1.166,1.098,0.195,0.353,0.673
0.657,0.936,1.152,1.166,1.097,0.194,0.353,0.673
0.656,0.936,1.152,1.166,1.097,0.194,0.353,0.672
0.656,0.936,1.152,1.166,1.096,0.194,0.353,0.672
0.656,0.935,1.153,1.166,1.096,0.194,0.353,0.672
0.656,0.935,1.153,1.166,1.096,0.193,0.353,0.671
0.656,0.935,1.153,1.166,1.095,0.193,0.353,0.671
0.657,0.935,1.154,1.167,1.096,0.193,0.354,0.671
0.656,0.934,1.154,1.166,1.095,0.193,0.353,0.671
0.655,0.933,1.152,1.164,1.093,0.192,0.353,0.67
0.654,0.931,1.151,1.162,1.09,0.192,0.352,0.668
0.655,0.932,1.152,1.163,1.091,0.192,0.352,0.667
0.657,0.933,1.155,1.166,1.093,0.192,0.353,0.669
0.656,0.933,1.155,1.166,1.093,0.192,0.354,0.67
0.656,0.932,1.155,1.165,1.092,0.192,0.354,0.669
0.655,0.931,1.154,1.164,1.091,0.191,0.353,0.668
0.654,0.928,1.151,1.161,1.088,0.191,0.352,0.666
0.655,0.93,1.153,1.162,1.088,0.19,0.353,0.666
0.656,0.931,1.156,1.165,1.09,0.191,0.354,0.667
0.656,0.931,1.156,1.165,1.09,0.191,0.354,0.668
0.656,0.93,1.156,1.164,1.089,0.19,0.354,0.667
0.654,0.929,1.155,1.163,1.088,0.19,0.353,0.666
0.653,0.927,1.152,1.16,1.085,0.189,0.352,0.664
0.655,0.928,1.154,1.161,1.085,0.189,0.352,0.664
0.656,0.93,1.157,1.164,1.088,0.19,0.353,0.665
0.656,0.929,1.157,1.164,1.088,0.189,0.354,0.666
0.655,0.928,1.157,1.163,1.086,0.189,0.353,0.665
0.654,0.927,1.155,1.162,1.085,0.189,0.353,0.664
0.653,0.925,1.153,1.159,1.083,0.188,0.352,0.662
0.654,0.926,1.155,1.16,1.083,0.188,0.352,0.662
0.655,0.928,1.158,1.163,1.085,0.188,0.353,0.663
0.655,0.927,1.158,1.163,1.085,0.188,0.354,0.664
0.655,0.927,1.157,1.162,1.084,0.188,0.353,0.663
0.653,0.925,1.156,1.161,1.083,0.188,0.353,0.662
0.652,0.923,1.154,1.159,1.08,0.187,0.352,0.66
0.654,0.924,1.156,1.159,1.08,0.187,0.352,0.66
0.655,0.926,1.159,1.162,1.082,0.187,0.353,0.661
0.655,0.925,1.159,1.162,1.082,0.187,0.353,0.662
0.654,0.925,1.158,1.162,1.081,0.187,0.353,0.661
0.653,0.923,1.157,1.16,1.08,0.186,0.353,0.661
0.652,0.921,1.155,1.158,1.078,0.186,0.352,0.659
0.653,0.922,1.157,1.159,1.077,0.186,0.352,0.658
0.655,0.924,1.159,1.161,1.08,0.186,0.353,0.659
0.654,0.924,1.16,1.162,1.08,0.186,0.353,0.66
0.654,0.923,1.159,1.161,1.079,0.185,0.353,0.659
0.653,0.921,1.158,1.159,1.077,0.185,0.353,0.659
0.652,0.92,1.156,1.157,1.075,0.185,0.352,0.657
0.653,0.921,1.157,1.157,1.075,0.184,0.352,0.656
0.654,0.922,1.161,1.161,1.077,0.185,0.353,0.658
0.654,0.922,1.161,1.16,1.077,0.185,0.354,0.658
0.654,0.921,1.16,1.16,1.076,0.184,0.353,0.658
0.652,0.92,1.159,1.159,1.075,0.184,0.353,0.657
0.651,0.918,1.157,1.156,1.072,0.183,0.352,0.655
0.652,0.919,1.158,1.157,1.072,0.183,0.352,0.655
0.654,0.921,1.161,1.16,1.075,0.183,0.353,0.656
0.653,0.92,1.161,1.16,1.075,0.183,0.354,0.657
0.653,0.92,1.161,1.159,1.074,0.183,0.353,0.656
0.652,0.918,1.16,1.158,1.073,0.183,0.353,0.655
0.651,0.916,1.158,1.155,1.07,0.182,0.352,0.653
0.652,0.917,1.159,1.156,1.07,0.182,0.352,0.653
0.653,0.919,1.162,1.159,1.072,0.182,0.353,0.654
0.653,0.918,1.162,1.159,1.072,0.182,0.353,0.655
0.653,0.918,1.162,1.158,1.071,0.182,0.353,0.654
0.651,0.916,1.161,1.157,1.07,0.182,0.353,0.653
0.65,0.915,1.158,1.154,1.067,0.181,0.352,0.651
0.651,0.915,1.16,1.155,1.067,0.181,0.352,0.651
0.653,0.917,1.163,1.158,1.07,0.181,0.353,0.652
0.652,0.917,1.163,1.158,1.07,0.181,0.353,0.653
0.652,0.916,1.163,1.157,1.069,0.181,0.353,0.652
0.651,0.915,1.162,1.156,1.067,0.181,0.353,0.651
0.65,0.913,1.159,1.154,1.067,0.181,0.353,0.651
0.652,0.915,1.163,1.156,1.067,0.18,0.353,0.651
0.652,0.915,1.163,1.156,1.066,0.18,0.353,0.651
0.651,0.914,1.163,1.156,1.066,0.18,0.353,0.65
0.651,0.914,1.163,1.156,1.066,0.18,0.353,0.65
0.651,0.914,1.163,1.156,1.065,0.18,0.353,0.65
0.651,0.914,1.163,1.155,1.065,0.18,0.353,0.65
0.651,0.914,1.164,1.155,1.065,0.179,0.353,0.649
0.651,0.913,1.164,1.155,1.064,0.179,0.353,0.649
0.651,0.913,1.164,1.155,1.064,0.179,0.353,0.649
0.651,0.913,1.164,1.155,1.063,0.179,0.353,0.649
0.651,0.912,1.164,1.155,1.063,0.179,0.353,0.648
0.651,0.912,1.164,1.155,1.062,0.178,0.353,0.648
0.651,0.912,1.165,1.155,1.062,0.178,0.353,0.648
0.651,0.912,1.165,1.154,1.062,0.178,0.353,0.647
0.651,0.911,1.165,1.154,1.061,0.178,0.353,0.647
0.65,0.911,1.165,1.154,1.061,0.178,0.353,0.647
0.65,0.911,1.165,1.154,1.061,0.178,0.353,0.647
0.65,0.911,1.165,1.154,1.06,0.177,0.353,0.647
0.65,0.91,1.165,1.154,1.06,0.177,0.353,0.646
0.65,0.91,1.165,1.154,1.06,0.177,0.353,0.646
0.65,0.91,1.166,1.153,1.059,0.177,0.353,0.646
0.65,0.91,1.166,1.153,1.059,0.177,0.353,0.646
0.65,0.909,1.166,1.153,1.058,0.177,0.353,0.645
0.65,0.909,1.166,1.153,1.058,0.176,0.352,0.645
0.65,0.909,1.166,1.153,1.057,0.176,0.353,0.645
0.65,0.908,1.166,1.153,1.057,0.176,0.353,0.645
0.65,0.908,1.167,1.153,1.057,0.176,0.353,0.644
0.65,0.908,1.166,1.152,1.056,0.176,0.353,0.644
0.65,0.908,1.167,1.152,1.056,0.176,0.352,0.644
0.649,0.908,1.167,1.152,1.056,0.176,0.353,0.643
0.649,0.908,1.167,1.152,1.055,0.175,0.352,0.643
0.649,0.907,1.167,1.152,1.055,0.175,0.353,0.643
0.649,0.907,1.167,1.152,1.054,0.175,0.352,0.643
0.649,0.907,1.167,1.152,1.054,0.175,0.353,0.642
0.649,0.906,1.168,1.152,1.054,0.175,0.353,0.642
0.649,0.906,1.168,1.152,1.053,0.174,0.353,0.642
0.649,0.906,1.168,1.151,1.053,0.174,0.353,0.642
0.649,0.906,1.168,1.151,1.053,0.174,0.353,0.641
0.649,0.906,1.168,1.151,1.052,0.174,0.352,0.641
0.649,0.905,1.168,1.151,1.052,0.174,0.353,0.641
0.649,0.905,1.169,1.151,1.051,0.174,0.353,0.64
0.648,0.905,1.169,1.151,1.051,0.174,0.352,0.64
0.648,0.904,1.169,1.151,1.051,0.173,0.352,0.64
0.648,0.904,1.169,1.15,1.05,0.173,0.352,0.64
0.648,0.904,1.169,1.15,1.05,0.173,0.353,0.64
0.648,0.904,1.169,1.15,1.05,0.173,0.353,0.639
0.648,0.904,1.169,1.15,1.049,0.173,0.353,0.639
0.648,0.903,1.169,1.15,1.049,0.173,0.352,0.639
0.648,0.903,1.169,1.15,1.048,0.172,0.353,0.639
0.648,0.903,1.17,1.15,1.048,0.172,0.352,0.638
0.648,0.903,1.17,1.149,1.048,0.172,0.352,0.638
0.648,0.903,1.17,1.15,1.047,0.172,0.352,0.638
0.648,0.902,1.17,1.149,1.047,0.172,0.352,0.638
0.648,0.902,1.17,1.149,1.047,0.172,0.352,0.637
0.648,0.902,1.17,1.149,1.046,0.172,0.352,0.637
0.647,0.902,1.171,1.149,1.046,0.172,0.352,0.637
0.647,0.902,1.171,1.149,1.046,0.171,0.352,0.636
0.647,0.901,1.171,1.149,1.045,0.171,0.352,0.637
0.647,0.901,1.171,1.149,1.045,0.171,0.352,0.636
0.647,0.901,1.171,1.149,1.044,0.171,0.352,0.636
0.647,0.901,1.171,1.148,1.044,0.171,0.352,0.636
0.647,0.9,1.171,1.148,1.044,0.171,0.352,0.635
0.647,0.9,1.171,1.148,1.043,0.171,0.353,0.635
0.647,0.9,1.172,1.148,1.043,0.17,0.353,0.635
0.647,0.9,1.172,1.148,1.043,0.17,0.352,0.635
0.647,0.899,1.172,1.148,1.042,0.17,0.352,0.634
0.647,0.9,1.172,1.148,1.042,0.17,0.352,0.634
0.646,0.899,1.172,1.148,1.042,0.17,0.352,0.634
0.646,0.899,1.172,1.147,1.041,0.17,0.352,0.634
0.646,0.899,1.172,1.147,1.041,0.17,0.352,0.633
0.646,0.898,1.172,1.147,1.041,0.169,0.352,0.633
0.646,0.898,1.172,1.147,1.04,0.169,0.352,0.633
0.646,0.898,1.173,1.147,1.04,0.169,0.352,0.633
0.646,0.898,1.173,1.147,1.04,0.169,0.352,0.632
0.646,0.898,1.173,1.147,1.039,0.169,0.352,0.632
0.646,0.897,1.173,1.147,1.039,0.169,0.352,0.632
0.646,0.897,1.173,1.146,1.038,0.169,0.352,0.632
0.645,0.897,1.173,1.146,1.038,0.168,0.352,0.632
0.646,0.897,1.173,1.146,1.038,0.168,0.352,0.631
0.646,0.897,1.173,1.146,1.038,0.168,0.352,0.631
0.645,0.896,1.174,1.146,1.037,0.168,0.352,0.631
0.645,0.896,1.174,1.146,1.037,0.168,0.352,0.631
0.645,0.896,1.174,1.146,1.036,0.168,0.352,0.63
0.645,0.896,1.174,1.146,1.036,0.168,0.352,0.63
0.645,0.896,1.174,1.146,1.036,0.167,0.352,0.63
0.645,0.895,1.174,1.145,1.035,0.167,0.352,0.63
0.645,0.895,1.175,1.145,1.035,0.167,0.352,0.629
0.645,0.895,1.175,1.145,1.035,0.167,0.352,0.629
0.645,0.895,1.175,1.145,1.034,0.167,0.352,0.629
0.645,0.895,1.175,1.145,1.034,0.167,0.352,0.629
0.644,0.894,1.175,1.145,1.034,0.167,0.352,0.629
0.644,0.894,1.175,1.145,1.033,0.167,0.352,0.628
0.644,0.894,1.175,1.145,1.033,0.167,0.352,0.628
0.644,0.894,1.175,1.145,1.033,0.166,0.352,0.628
0.644,0.894,1.175,1.145,1.032,0.166,0.352,0.628
0.644,0.893,1.176,1.144,1.032,0.166,0.352,0.627
0.644,0.893,1.176,1.144,1.032,0.166,0.352,0.627
0.644,0.893,1.176,1.144,1.031,0.166,0.352,0.627
0.644,0.893,1.176,1.144,1.031,0.166,0.352,0.627
0.644,0.893,1.176,1.144,1.031,0.165,0.352,0.626
0.644,0.892,1.176,1.144,1.03,0.165,0.352,0.626
0.644,0.892,1.176,1.144,1.03,0.165,0.352,0.626
0.643,0.892,1.177,1.144,1.029,0.165,0.352,0.626
0.644,0.892,1.177,1.144,1.029,0.165,0.352,0.625
0.643,0.892,1.177,1.143,1.029,0.165,0.352,0.625
0.643,0.892,1.177,1.143,1.029,0.165,0.352,0.625
0.643,0.891,1.177,1.143,1.028,0.165,0.352,0.625
0.643,0.891,1.177,1.143,1.028,0.164,0.352,0.624
0.643,0.891,1.177,1.143,1.028,0.165,0.352,0.624
0.643,0.891,1.177,1.143,1.027,0.164,0.352,0.624
0.643,0.891,1.177,1.143,1.027,0.164,0.352,0.624
0.643,0.891,1.178,1.143,1.027,0.164,0.352,0.624
0.643,0.89,1.178,1.143,1.026,0.164,0.352,0.623
0.643,0.89,1.178,1.143,1.026,0.164,0.352,0.623
0.643,0.89,1.178,1.142,1.026,0.164,0.352,0.623
0.642,0.89,1.178,1.142,1.025,0.164,0.352,0.623
0.642,0.89,1.178,1.142,1.025,0.163,0.352,0.622
0.642,0.889,1.178,1.142,1.025,0.163,0.352,0.622
0.642,0.889,1.178,1.142,1.024,0.163,0.352,0.622
0.642,0.889,1.179,1.142,1.024,0.163,0.352,0.622
0.642,0.889,1.179,1.142,1.024,0.163,0.352,0.622
0.642,0.889,1.179,1.142,1.023,0.163,0.352,0.621
0.642,0.889,1.179,1.141,1.023,0.163,0.352,0.621
0.642,0.888,1.179,1.142,1.023,0.163,0.352,0.621
0.642,0.888,1.179,1.141,1.022,0.163,0.352,0.621
0.642,0.888,1.179,1.141,1.022,0.162,0.352,0.621
0.641,0.888,1.179,1.141,1.022,0.162,0.352,0.62
0.641,0.888,1.18,1.141,1.022,0.162,0.352,0.62
0.641,0.887,1.18,1.141,1.021,0.162,0.352,0.62
0.641,0.887,1.18,1.141,1.021,0.162,0.352,0.62
0.641,0.887,1.18,1.14,1.02,0.162,0.352,0.62
0.641,0.887,1.18,1.14,1.02,0.162,0.351,0.619
0.641,0.887,1.18,1.14,1.02,0.162,0.352,0.619
0.641,0.887,1.18,1.14,1.02,0.161,0.352,0.619
0.641,0.886,1.18,1.14,1.019,0.161,0.351,0.619
0.641,0.886,1.18,1.14,1.019,0.161,0.352,0.619
0.641,0.886,1.181,1.14,1.018,0.161,0.352,0.619
0.641,0.886,1.181,1.139,1.018,0.161,0.351,0.618
0.64,0.886,1.181,1.14,1.018,0.161,0.351,0.618
0.64,0.885,1.181,1.139,1.018,0.161,0.352,0.618
0.64,0.885,1.181,1.139,1.017,0.161,0.352,0.618
0.64,0.885,1.181,1.139,1.017,0.16,0.351,0.618
0.64,0.885,1.182,1.139,1.017,0.16,0.351,0.618
0.64,0.885,1.182,1.139,1.016,0.16,0.352,0.617
0.64,0.884,1.182,1.139,1.016,0.16,0.351,0.617
0.64,0.884,1.182,1.138,1.016,0.16,0.351,0.617
0.64,0.884,1.182,1.138,1.015,0.16,0.351,0.617
0.64,0.884,1.182,1.139,1.015,0.16,0.351,0.617
0.64,0.884,1.182,1.138,1.015,0.16,0.351,0.616
0.64,0.883,1.182,1.138,1.014,0.159,0.351,0.616
0.639,0.883,1.182,1.138,1.014,0.159,0.351,0.616
0.639,0.883,1.182,1.138,1.014,0.159,0.351,0.616
0.639,0.883,1.182,1.138,1.013,0.159,0.351,0.615
0.639,0.883,1.182,1.138,1.013,0.159,0.351,0.615
0.639,0.883,1.183,1.138,1.013,0.159,0.351,0.615
0.639,0.883,1.183,1.138,1.012,0.159,0.351,0.615
0.639,0.882,1.183,1.137,1.012,0.159,0.351,0.615
0.639,0.882,1.183,1.137,1.012,0.159,0.351,0.614
0.639,0.882,1.183,1.137,1.012,0.159,0.351,0.614
0.639,0.882,1.183,1.137,1.011,0.158,0.351,0.614
0.639,0.882,1.183,1.137,1.011,0.158,0.351,0.614
0.638,0.882,1.184,1.137,1.011,0.158,0.351,0.614
0.638,0.881,1.183,1.137,1.01,0.158,0.351,0.613
0.638,0.881,1.184,1.137,1.01,0.158,0.351,0.613
0.638,0.881,1.184,1.136,1.01,0.158,0.351,0.613
0.638,0.881,1.184,1.136,1.009,0.158,0.351,0.613
0.638,0.881,1.184,1.136,1.009,0.158,0.351,0.613
0.638,0.881,1.184,1.136,1.009,0.158,0.351,0.612
0.638,0.881,1.184,1.136,1.008,0.158,0.351,0.612
0.638,0.88,1.184,1.136,1.008,0.157,0.351,0.612
0.638,0.88,1.184,1.136,1.008,0.157,0.351,0.612
0.638,0.88,1.185,1.135,1.008,0.157,0.351,0.611
0.638,0.88,1.185,1.135,1.007,0.157,0.351,0.611
0.637,0.88,1.185,1.135,1.007,0.157,0.351,0.611
0.637,0.88,1.185,1.135,1.007,0.157,0.351,0.611
0.637,0.879,1.185,1.135,1.006,0.157,0.351,0.611
0.637,0.879,1.185,1.135,1.006,0.157,0.351,0.61
0.637,0.879,1.185,1.135,1.006,0.156,0.351,0.61
0.637,0.879,1.185,1.135,1.005,0.156,0.351,0.61
0.637,0.879,1.185,1.134,1.005,0.157,0.351,0.61
0.637,0.879,1.186,1.134,1.005,0.156,0.351,0.61
0.637,0.878,1.186,1.134,1.004,0.156,0.351,0.61
0.637,0.878,1.186,1.134,1.004,0.156,0.351,0.609
0.637,0.878,1.186,1.134,1.004,0.156,0.351,0.609
0.636,0.878,1.186,1.134,1.003,0.156,0.351,0.609
0.636,0.878,1.186,1.133,1.003,0.156,0.351,0.609
0.636,0.878,1.186,1.133,1.003,0.156,0.351,0.609
0.636,0.877,1.186,1.133,1.003,0.156,0.351,0.608
0.636,0.877,1.186,1.133,1.002,0.156,0.351,0.608
0.636,0.877,1.187,1.133,1.002,0.155,0.351,0.608
0.636,0.877,1.187,1.133,1.002,0.155,0.351,0.608
0.636,0.877,1.187,1.133,1.001,0.155,0.351,0.607
0.636,0.876,1.187,1.132,1.001,0.155,0.351,0.607
0.635,0.876,1.187,1.132,1.001,0.155,0.351,0.607
0.636,0.876,1.187,1.132,1.0,0.155,0.351,0.607
0.635,0.876,1.187,1.132,1.0,0.155,0.351,0.607
0.635,0.876,1.187,1.132,1.0,0.155,0.351,0.607
0.635,0.876,1.187,1.132,1.0,0.155,0.351,0.606
0.635,0.876,1.187,1.132,0.999,0.154,0.35,0.606
0.635,0.875,1.187,1.132,0.999,0.154,0.351,0.606
0.635,0.875,1.188,1.132,0.999,0.154,0.35,0.606
0.635,0.875,1.187,1.132,0.999,0.154,0.35,0.605
0.635,0.875,1.188,1.132,0.998,0.154,0.35,0.605
0.635,0.875,1.188,1.132,0.998,0.154,0.351,0.605
0.635,0.875,1.188,1.132,0.997,0.154,0.35,0.605
0.635,0.875,1.188,1.131,0.997,0.154,0.35,0.605
0.634,0.874,1.188,1.131,0.997,0.154,0.35,0.605
0.634,0.875,1.188,1.131,0.997,0.154,0.35,0.604
0.634,0.875,1.188,1.131,0.996,0.154,0.35,0.604
0.634,0.874,1.188,1.131,0.996,0.154,0.35,0.604
0.634,0.874,1.189,1.131,0.996,0.153,0.35,0.604
0.634,0.874,1.189,1.131,0.995,0.153,0.35,0.603
0.634,0.874,1.189,1.131,0.995,0.153,0.35,0.603
0.634,0.874,1.189,1.131,0.995,0.153,0.35,0.603
0.634,0.874,1.189,1.131,0.995,0.153,0.35,0.603
0.634,0.874,1.189,1.131,0.994,0.153,0.35,0.603
0.633,0.873,1.189,1.131,0.994,0.153,0.35,0.603
0.634,0.873,1.189,1.131,0.994,0.153,0.35,0.602
0.633,0.873,1.189,1.131,0.994,0.153,0.35,0.602
0.633,0.873,1.189,1.13,0.993,0.153,0.35,0.602
0.633,0.873,1.19,1.13,0.993,0.153,0.35,0.602
0.633,0.873,1.19,1.13,0.993,0.152,0.35,0.601
0.633,0.873,1.19,1.13,0.992,0.152,0.35,0.601
0.633,0.873,1.19,1.13,0.992,0.152,0.35,0.601
0.633,0.873,1.19,1.13,0.992,0.152,0.35,0.601
0.633,0.872,1.19,1.13,0.992,0.152,0.35,0.601
0.633,0.872,1.19,1.13,0.991,0.152,0.35,0.601
0.633,0.872,1.19,1.13,0.991,0.152,0.35,0.6
0.632,0.872,1.19,1.13,0.991,0.152,0.35,0.6
0.632,0.872,1.19,1.13,0.991,0.152,0.35,0.6
0.633,0.872,1.19,1.13,0.99,0.152,0.35,0.6
0.632,0.872,1.191,1.129,0.99,0.151,0.35,0.599
0.632,0.872,1.191,1.13,0.99,0.151,0.35,0.599
0.632,0.872,1.191,1.13,0.989,0.151,0.35,0.599
0.632,0.871,1.191,1.129,0.989,0.151,0.35,0.599
0.632,0.871,1.191,1.129,0.989,0.151,0.35,0.599
0.632,0.871,1.191,1.129,0.989,0.151,0.35,0.599
0.632,0.871,1.191,1.129,0.988,0.151,0.35,0.598
0.632,0.871,1.191,1.129,0.988,0.151,0.35,0.598
0.632,0.871,1.191,1.129,0.988,0.151,0.35,0.598
0.632,0.871,1.191,1.129,0.988,0.151,0.35,0.598
0.631,0.871,1.191,1.129,0.987,0.151,0.35,0.597
0.631,0.87,1.192,1.129,0.987,0.151,0.35,0.597
0.631,0.871,1.192,1.129,0.987,0.15,0.35,0.597
0.631,0.87,1.192,1.129,0.987,0.15,0.35,0.597
0.631,0.87,1.192,1.129,0.986,0.15,0.35,0.597
0.631,0.87,1.192,1.129,0.986,0.15,0.35,0.596
0.631,0.87,1.192,1.129,0.986,0.15,0.35,0.596
0.631,0.87,1.192,1.129,0.986,0.15,0.35,0.596
0.631,0.87,1.192,1.129,0.985,0.15,0.35,0.596
0.631,0.87,1.192,1.128,0.985,0.15,0.35,0.596
0.631,0.87,1.193,1.128,0.985,0.15,0.35,0.596
0.631,0.87,1.193,1.128,0.985,0.15,0.35,0.595
0.63,0.869,1.193,1.128,0.984,0.15,0.35,0.595
0.63,0.869,1.192,1.129,0.984,0.149,0.349,0.594
0.63,0.869,1.192,1.127,0.983,0.149,0.349,0.594
0.63,0.869,1.192,1.127,0.983,0.149,0.349,0.594
0.63,0.868,1.192,1.127,0.982,0.149,0.349,0.594
0.63,0.868,1.192,1.127,0.982,0.149,0.349,0.594
0.63,0.868,1.192,1.126,0.982,0.149,0.349,0.594
0.629,0.867,1.192,1.125,0.982,0.149,0.349,0.594
0.629,0.866,1.192,1.124,0.982,0.149,0.349,0.594
0.629,0.865,1.192,1.122,0.981,0.149,0.349,0.595
0.629,0.863,1.192,1.121,0.981,0.149,0.349,0.595
0.629,0.859,1.192,1.119,0.981,0.149,0.349,0.596
0.629,0.856,1.191,1.118,0.981,0.149,0.349,0.597
0.629,0.852,1.191,1.116,0.981,0.148,0.349,0.597
0.629,0.848,1.191,1.114,0.981,0.148,0.349,0.598
0.629,0.844,1.191,1.112,0.981,0.148,0.349,0.598
0.628,0.84,1.19,1.111,0.981,0.148,0.349,0.598
0.628,0.837,1.19,1.109,0.981,0.148,0.349,0.599
0.628,0.833,1.19,1.107,0.98,0.148,0.349,0.599
0.628,0.83,1.19,1.106,0.98,0.148,0.349,0.599
0.628,0.826,1.189,1.103,0.98,0.148,0.349,0.598
0.628,0.823,1.189,1.102,0.98,0.147,0.349,0.598
0.627,0.819,1.189,1.1,0.98,0.148,0.349,0.598
0.627,0.816,1.189,1.098,0.98,0.147,0.349,0.597
0.627,0.813,1.188,1.096,0.98,0.147,0.349,0.597
0.627,0.809,1.188,1.094,0.98,0.147,0.349,0.596
0.626,0.806,1.188,1.092,0.98,0.147,0.348,0.596
0.626,0.803,1.187,1.09,0.98,0.147,0.348,0.595
0.626,0.8,1.187,1.087,0.98,0.147,0.348,0.594
0.626,0.797,1.187,1.085,0.98,0.147,0.348,0.594
0.625,0.793,1.186,1.083,0.979,0.147,0.348,0.593
0.625,0.79,1.186,1.081,0.979,0.147,0.348,0.593
0.625,0.787,1.186,1.079,0.979,0.147,0.348,0.592
0.624,0.784,1.185,1.077,0.979,0.146,0.348,0.591
0.624,0.781,1.185,1.075,0.979,0.146,0.348,0.59
0.624,0.778,1.185,1.072,0.978,0.146,0.348,0.59
0.623,0.774,1.184,1.07,0.978,0.146,0.348,0.589
0.623,0.772,1.184,1.068,0.978,0.146,0.348,0.588
0.623,0.769,1.183,1.066,0.977,0.146,0.348,0.588
0.622,0.767,1.183,1.064,0.977,0.146,0.347,0.587
0.622,0.764,1.182,1.062,0.976,0.146,0.348,0.586
0.621,0.762,1.182,1.059,0.976,0.146,0.347,0.585
0.621,0.759,1.182,1.057,0.975,0.145,0.347,0.585
0.621,0.756,1.181,1.055,0.975,0.145,0.347,0.584
0.62,0.754,1.181,1.053,0.974,0.145,0.347,0.583
0.62,0.751,1.181,1.051,0.974,0.145,0.347,0.582
0.619,0.749,1.18,1.049,0.973,0.145,0.347,0.582
0.619,0.747,1.179,1.046,0.973,0.145,0.347,0.581
0.619,0.745,1.179,1.044,0.972,0.145,0.347,0.58
0.618,0.742,1.179,1.042,0.971,0.145,0.347,0.58
0.618,0.74,1.178,1.04,0.97,0.145,0.347,0.579
0.617,0.738,1.178,1.038,0.97,0.144,0.346,0.578
0.617,0.735,1.177,1.036,0.969,0.144,0.346,0.578
0.616,0.732,1.177,1.034,0.968,0.144,0.346,0.577
0.616,0.73,1.176,1.032,0.968,0.144,0.346,0.576
0.615,0.727,1.176,1.03,0.967,0.144,0.346,0.576
0.615,0.725,1.175,1.028,0.966,0.144,0.346,0.575
0.614,0.722,1.175,1.026,0.965,0.144,0.346,0.574
0.614,0.72,1.174,1.024,0.965,0.143,0.346,0.574
0.613,0.718,1.174,1.021,0.964,0.143,0.346,0.573
0.613,0.716,1.173,1.019,0.963,0.143,0.346,0.572
0.612,0.713,1.173,1.017,0.962,0.143,0.346,0.571
0.612,0.711,1.172,1.015,0.961,0.143,0.346,0.57
0.611,0.709,1.172,1.013,0.961,0.143,0.346,0.569
0.61,0.706,1.171,1.011,0.96,0.143,0.346,0.568
0.61,0.704,1.171,1.009,0.959,0.142,0.345,0.568
0.609,0.702,1.17,1.007,0.959,0.142,0.345,0.567
0.609,0.699,1.17,1.005,0.958,0.142,0.345,0.566
0.608,0.697,1.169,1.003,0.957,0.142,0.345,0.565
0.608,0.695,1.169,1.001,0.956,0.142,0.345,0.564
0.607,0.692,1.168,0.999,0.955,0.142,0.345,0.563
0.607,0.69,1.168,0.997,0.954,0.142,0.345,0.563
0.606,0.688,1.168,0.996,0.954,0.141,0.345,0.562
0.605,0.686,1.167,0.994,0.953,0.141,0.345,0.561
0.605,0.685,1.166,0.992,0.952,0.141,0.345,0.56
0.604,0.683,1.166,0.99,0.951,0.141,0.345,0.559
0.604,0.681,1.166,0.989,0.95,0.141,0.344,0.558
0.603,0.679,1.165,0.987,0.949,0.141,0.344,0.557
0.602,0.677,1.165,0.985,0.948,0.14,0.344,0.557
0.602,0.675,1.164,0.983,0.947,0.14,0.344,0.556
0.601,0.673,1.163,0.981,0.946,0.14,0.344,0.555
0.601,0.671,1.162,0.98,0.945,0.14,0.344,0.554
0.6,0.669,1.162,0.978,0.944,0.14,0.344,0.553
0.6,0.667,1.161,0.976,0.943,0.14,0.344,0.553
0.599,0.665,1.161,0.974,0.942,0.139,0.344,0.552
0.598,0.663,1.16,0.972,0.941,0.139,0.344,0.551
0.598,0.661,1.159,0.97,0.94,0.139,0.343,0.55
0.597,0.66,1.159,0.968,0.939,0.139,0.343,0.549
0.596,0.658,1.158,0.966,0.938,0.139,0.343,0.548
0.596,0.656,1.158,0.964,0.937,0.139,0.343,0.547
0.595,0.654,1.157,0.963,0.936,0.138,0.343,0.547
0.594,0.652,1.156,0.961,0.935,0.138,0.343,0.546
0.594,0.651,1.156,0.959,0.934,0.138,0.343,0.545
0.593,0.649,1.155,0.957,0.933,0.138,0.343,0.544
0.592,0.648,1.154,0.955,0.932,0.138,0.343,0.543
0.592,0.647,1.154,0.953,0.931,0.137,0.343,0.542
0.591,0.645,1.153,0.951,0.931,0.137,0.343,0.542
0.59,0.643,1.153,0.949,0.93,0.137,0.342,0.541
0.59,0.642,1.152,0.947,0.929,0.137,0.342,0.54
0.589,0.64,1.151,0.946,0.928,0.137,0.342,0.539
0.589,0.639,1.151,0.944,0.927,0.137,0.342,0.538
0.588,0.637,1.15,0.942,0.926,0.136,0.342,0.537
0.587,0.636,1.149,0.94,0.925,0.136,0.342,0.537
0.587,0.634,1.149,0.938,0.923,0.136,0.342,0.536
0.586,0.632,1.148,0.937,0.923,0.136,0.342,0.535
0.585,0.63,1.147,0.935,0.921,0.136,0.342,0.534
0.585,0.629,1.147,0.933,0.92,0.135,0.342,0.534
0.584,0.627,1.146,0.932,0.919,0.135,0.342,0.533
0.583,0.625,1.146,0.93,0.919,0.135,0.341,0.532
0.583,0.624,1.145,0.928,0.917,0.135,0.341,0.531
0.582,0.623,1.144,0.926,0.917,0.135,0.341,0.53
0.581,0.622,1.144,0.925,0.916,0.135,0.341,0.53
0.581,0.62,1.143,0.923,0.915,0.135,0.341,0.529
0.58,0.619,1.142,0.921,0.914,0.134,0.341,0.528
0.579,0.618,1.142,0.92,0.913,0.134,0.341,0.527
0.579,0.616,1.141,0.918,0.912,0.134,0.341,0.526
0.578,0.615,1.141,0.916,0.911,0.134,0.341,0.526
0.577,0.613,1.14,0.915,0.91,0.134,0.34,0.525
0.577,0.612,1.14,0.913,0.909,0.133,0.34,0.524
0.576,0.611,1.139,0.912,0.908,0.133,0.34,0.523
0.575,0.61,1.138,0.91,0.907,0.133,0.34,0.522
0.575,0.608,1.138,0.909,0.906,0.133,0.34,0.522
0.574,0.607,1.137,0.907,0.905,0.133,0.34,0.521
0.573,0.605,1.136,0.906,0.904,0.132,0.34,0.52
0.573,0.604,1.136,0.904,0.903,0.132,0.34,0.519
0.572,0.603,1.135,0.903,0.901,0.132,0.34,0.519
0.571,0.602,1.135,0.901,0.901,0.132,0.339,0.518
0.57,0.6,1.134,0.9,0.9,0.132,0.339,0.517
0.57,0.599,1.133,0.898,0.898,0.131,0.339,0.516
0.569,0.598,1.132,0.897,0.897,0.131,0.339,0.515
0.569,0.597,1.132,0.895,0.896,0.131,0.339,0.515
0.568,0.596,1.131,0.894,0.895,0.131,0.339,0.514
0.567,0.594,1.13,0.892,0.894,0.131,0.339,0.513
0.567,0.593,1.13,0.891,0.893,0.131,0.339,0.512
0.566,0.592,1.129,0.889,0.892,0.131,0.339,0.512
0.565,0.591,1.129,0.888,0.89,0.13,0.338,0.511
0.564,0.59,1.128,0.887,0.889,0.13,0.338,0.51
0.564,0.588,1.127,0.885,0.888,0.13,0.338,0.51
0.563,0.588,1.127,0.884,0.887,0.13,0.338,0.509
0.563,0.586,1.126,0.882,0.886,0.129,0.338,0.508
0.562,0.586,1.125,0.881,0.885,0.129,0.338,0.507
0.561,0.585,1.124,0.88,0.884,0.129,0.338,0.507
0.56,0.584,1.124,0.878,0.883,0.129,0.338,0.506
0.56,0.583,1.123,0.877,0.881,0.129,0.338,0.505
0.559,0.582,1.122,0.875,0.881,0.128,0.338,0.505
0.558,0.581,1.122,0.874,0.879,0.128,0.337,0.504
0.558,0.579,1.121,0.872,0.878,0.128,0.337,0.503
0.557,0.578,1.121,0.871,0.877,0.128,0.337,0.502
0.557,0.577,1.12,0.869,0.876,0.128,0.337,0.502
0.556,0.576,1.119,0.868,0.875,0.128,0.337,0.501
0.555,0.575,1.119,0.866,0.874,0.127,0.337,0.5
0.554,0.574,1.118,0.865,0.873,0.127,0.337,0.5
0.554,0.574,1.117,0.864,0.872,0.127,0.337,0.499
0.553,0.573,1.116,0.862,0.871,0.127,0.337,0.498
0.552,0.572,1.116,0.861,0.87,0.127,0.336,0.498
0.552,0.571,1.115,0.859,0.869,0.126,0.336,0.497
0.551,0.57,1.114,0.858,0.868,0.126,0.336,0.496
0.55,0.569,1.114,0.857,0.867,0.126,0.336,0.496
0.55,0.568,1.113,0.855,0.866,0.126,0.336,0.495
0.549,0.567,1.112,0.854,0.865,0.126,0.336,0.494
0.549,0.566,1.112,0.853,0.864,0.126,0.336,0.494
0.548,0.565,1.111,0.851,0.863,0.126,0.336,0.493
0.547,0.564,1.11,0.85,0.862,0.125,0.336,0.492
0.547,0.563,1.11,0.849,0.861,0.125,0.336,0.492
0.546,0.562,1.109,0.847,0.86,0.125,0.335,0.491
0.545,0.561,1.109,0.846,0.86,0.125,0.335,0.491
0.545,0.56,1.108,0.845,0.858,0.125,0.335,0.49
0.544,0.559,1.107,0.844,0.858,0.124,0.335,0.489
0.543,0.558,1.107,0.843,0.857,0.124,0.335,0.489
0.543,0.557,1.106,0.841,0.856,0.124,0.335,0.488
0.542,0.556,1.106,0.84,0.855,0.124,0.335,0.487
0.541,0.556,1.105,0.839,0.854,0.124,0.335,0.487
0.541,0.555,1.104,0.838,0.853,0.123,0.335,0.486
0.54,0.554,1.104,0.836,0.852,0.123,0.334,0.486
0.539,0.553,1.103,0.835,0.851,0.123,0.334,0.485
0.539,0.552,1.102,0.834,0.85,0.123,0.334,0.484
0.538,0.551,1.102,0.833,0.849,0.123,0.334,0.484
0.537,0.551,1.101,0.831,0.848,0.123,0.334,0.483
0.537,0.55,1.1,0.83,0.847,0.122,0.334,0.483
0.536,0.55,1.1,0.829,0.846,0.122,0.334,0.482
0.536,0.549,1.099,0.828,0.845,0.122,0.334,0.481
0.535,0.548,1.098,0.826,0.844,0.122,0.334,0.481
0.534,0.547,1.098,0.825,0.843,0.122,0.334,0.48
0.534,0.547,1.097,0.824,0.842,0.122,0.333,0.479
0.533,0.546,1.097,0.823,0.841,0.121,0.333,0.479
0.532,0.545,1.096,0.822,0.84,0.121,0.333,0.478
0.532,0.544,1.095,0.82,0.839,0.121,0.333,0.477
0.531,0.544,1.094,0.819,0.839,0.121,0.333,0.477
0.53,0.543,1.094,0.818,0.838,0.121,0.333,0.476
0.53,0.542,1.093,0.817,0.837,0.121,0.333,0.476
0.529,0.541,1.092,0.816,0.836,0.121,0.333,0.475
0.529,0.54,1.092,0.815,0.835,0.12,0.332,0.474
0.528,0.539,1.091,0.814,0.834,0.12,0.333,0.474
0.527,0.539,1.091,0.813,0.833,0.12,0.332,0.473
0.527,0.538,1.09,0.812,0.832,0.12,0.332,0.473
0.526,0.537,1.089,0.811,0.831,0.12,0.332,0.472
0.525,0.536,1.088,0.81,0.83,0.12,0.332,0.472
0.525,0.536,1.088,0.809,0.83,0.119,0.332,0.471
0.524,0.535,1.087,0.808,0.829,0.119,0.332,0.471
0.524,0.535,1.087,0.807,0.828,0.119,0.332,0.47
0.523,0.534,1.086,0.806,0.827,0.119,0.332,0.469
0.522,0.534,1.085,0.805,0.826,0.119,0.332,0.469
0.522,0.533,1.085,0.804,0.825,0.119,0.331,0.469
0.521,0.533,1.084,0.802,0.824,0.118,0.331,0.468
0.521,0.532,1.083,0.801,0.823,0.118,0.331,0.467
0.52,0.531,1.082,0.8,0.822,0.118,0.331,0.467
0.519,0.53,1.082,0.799,0.821,0.118,0.331,0.466
0.519,0.529,1.081,0.798,0.821,0.118,0.331,0.466
0.518,0.529,1.08,0.797,0.82,0.118,0.331,0.465
0.518,0.528,1.08,0.796,0.819,0.118,0.331,0.465
0.517,0.527,1.079,0.795,0.818,0.117,0.331,0.464
0.516,0.527,1.078,0.794,0.817,0.117,0.331,0.464
0.516,0.526,1.078,0.793,0.816,0.117,0.33,0.463
0.515,0.525,1.077,0.791,0.815,0.117,0.33,0.463
0.515,0.525,1.076,0.79,0.814,0.117,0.33,0.462
0.514,0.524,1.075,0.789,0.813,0.117,0.33,0.462
0.513,0.524,1.075,0.788,0.812,0.116,0.33,0.461
0.513,0.523,1.074,0.787,0.812,0.116,0.33,0.46
0.512,0.522,1.074,0.786,0.811,0.116,0.33,0.46
0.512,0.521,1.073,0.785,0.81,0.116,0.33,0.459
0.511,0.521,1.072,0.784,0.809,0.116,0.33,0.459
0.51,0.52,1.072,0.783,0.808,0.116,0.33,0.458
0.51,0.519,1.071,0.782,0.807,0.116,0.33,0.458
0.509,0.519,1.07,0.781,0.807,0.116,0.329,0.457
0.509,0.518,1.07,0.78,0.806,0.115,0.329,0.457
0.508,0.518,1.069,0.779,0.805,0.115,0.329,0.456
0.508,0.517,1.068,0.778,0.804,0.115,0.329,0.455
0.507,0.516,1.067,0.777,0.803,0.115,0.329,0.455
0.506,0.516,1.067,0.776,0.803,0.115,0.329,0.454
0.506,0.515,1.066,0.775,0.802,0.115,0.329,0.454
0.505,0.515,1.065,0.774,0.801,0.114,0.329,0.453
0.505,0.515,1.065,0.773,0.8,0.114,0.329,0.453
0.504,0.514,1.064,0.772,0.799,0.114,0.329,0.452
0.504,0.514,1.063,0.771,0.798,0.114,0.328,0.452
0.503,0.513,1.063,0.77,0.797,0.114,0.328,0.451
0.502,0.512,1.062,0.769,0.797,0.114,0.328,0.451
0.502,0.512,1.062,0.768,0.796,0.114,0.328,0.45
0.501,0.511,1.061,0.767,0.795,0.114,0.328,0.45
0.501,0.511,1.06,0.766,0.794,0.113,0.328,0.449
0.5,0.51,1.06,0.765,0.793,0.113,0.328,0.449
0.5,0.51,1.059,0.764,0.792,0.113,0.327,0.448
0.499,0.509,1.059,0.763,0.792,0.113,0.328,0.448
0.498,0.509,1.058,0.762,0.791,0.113,0.327,0.447
0.498,0.508,1.057,0.761,0.79,0.113,0.327,0.447
0.497,0.508,1.057,0.76,0.789,0.112,0.327,0.446
0.497,0.507,1.056,0.759,0.788,0.113,0.327,0.446
0.496,0.507,1.056,0.758,0.787,0.112,0.327,0.445
0.495,0.506,1.055,0.757,0.786,0.112,0.327,0.445
0.495,0.506,1.054,0.756,0.786,0.112,0.327,0.444
0.494,0.505,1.054,0.755,0.785,0.112,0.327,0.444
0.494,0.505,1.053,0.754,0.784,0.112,0.327,0.444
0.493,0.504,1.052,0.754,0.783,0.112,0.327,0.443
0.493,0.504,1.052,0.753,0.783,0.112,0.326,0.443
0.492,0.503,1.051,0.752,0.782,0.111,0.326,0.442
0.492,0.502,1.05,0.751,0.781,0.111,0.326,0.442
0.491,0.502,1.05,0.75,0.781,0.111,0.326,0.442
0.491,0.501,1.049,0.749,0.78,0.111,0.326,0.441
0.49,0.501,1.048,0.749,0.779,0.111,0.326,0.44
0.49,0.5,1.048,0.748,0.778,0.111,0.326,0.44
0.489,0.5,1.047,0.747,0.778,0.111,0.326,0.44
0.489,0.499,1.047,0.746,0.777,0.11,0.325,0.439
0.488,0.499,1.046,0.746,0.776,0.11,0.326,0.439
0.487,0.498,1.045,0.745,0.775,0.11,0.325,0.438
0.487,0.497,1.045,0.744,0.775,0.11,0.325,0.438
0.486,0.497,1.044,0.743,0.774,0.11,0.325,0.437
0.486,0.497,1.044,0.742,0.773,0.11,0.325,0.437
0.485,0.496,1.043,0.741,0.773,0.11,0.325,0.436
0.485,0.496,1.043,0.741,0.772,0.11,0.325,0.436
0.484,0.495,1.042,0.74,0.771,0.109,0.325,0.436
0.484,0.495,1.041,0.739,0.77,0.11,0.325,0.435
0.483,0.495,1.041,0.738,0.769,0.109,0.324,0.435
0.483,0.494,1.04,0.737,0.768,0.109,0.324,0.434
0.482,0.494,1.039,0.736,0.768,0.109,0.325,0.434
0.482,0.493,1.039,0.736,0.767,0.109,0.324,0.433
0.481,0.493,1.038,0.735,0.766,0.109,0.324,0.433
0.481,0.492,1.038,0.734,0.766,0.109,0.324,0.432
0.48,0.492,1.037,0.733,0.765,0.109,0.324,0.432
0.48,0.491,1.036,0.732,0.764,0.108,0.324,0.432
0.479,0.491,1.036,0.731,0.763,0.108,0.324,0.431
0.479,0.49,1.035,0.731,0.762,0.108,0.324,0.431
0.478,0.49,1.035,0.73,0.762,0.108,0.324,0.43
0.477,0.489,1.034,0.729,0.761,0.108,0.323,0.43
0.477,0.489,1.034,0.728,0.76,0.108,0.323,0.429
0.477,0.488,1.033,0.727,0.759,0.108,0.323,0.429
0.476,0.488,1.032,0.727,0.758,0.108,0.323,0.429
0.475,0.487,1.032,0.726,0.758,0.108,0.323,0.428
0.475,0.487,1.031,0.725,0.757,0.108,0.323,0.428
0.474,0.487,1.031,0.724,0.756,0.107,0.323,0.427
0.474,0.486,1.03,0.724,0.755,0.107,0.323,0.427
0.474,0.486,1.029,0.723,0.755,0.107,0.323,0.427
0.473,0.485,1.029,0.722,0.754,0.107,0.323,0.426
0.473,0.485,1.028,0.721,0.753,0.107,0.323,0.426
0.472,0.485,1.028,0.72,0.752,0.107,0.322,0.425
0.471,0.484,1.027,0.72,0.752,0.107,0.322,0.425
0.471,0.484,1.026,0.719,0.751,0.107,0.322,0.425
0.471,0.484,1.026,0.718,0.75,0.107,0.322,0.424
0.47,0.484,1.025,0.717,0.749,0.106,0.322,0.424
0.47,0.484,1.025,0.716,0.749,0.106,0.322,0.424
0.469,0.483,1.024,0.716,0.748,0.106,0.322,0.423
0.469,0.483,1.023,0.714,0.747,0.106,0.322,0.423
0.468,0.483,1.023,0.714,0.747,0.106,0.322,0.422
0.468,0.482,1.022,0.713,0.746,0.106,0.322,0.422
0.467,0.482,1.022,0.712,0.745,0.106,0.322,0.422
0.467,0.481,1.021,0.712,0.745,0.106,0.321,0.421
0.466,0.481,1.02,0.711,0.744,0.106,0.321,0.421
0.466,0.48,1.02,0.71,0.743,0.105,0.321,0.421
0.465,0.48,1.019,0.709,0.743,0.105,0.321,0.42
0.465,0.48,1.018,0.708,0.742,0.105,0.321,0.42
0.464,0.479,1.018,0.707,0.741,0.105,0.321,0.42
0.464,0.479,1.018,0.707,0.74,0.105,0.321,0.419
0.463,0.479,1.017,0.706,0.74,0.105,0.321,0.419
0.463,0.479,1.016,0.705,0.739,0.105,0.321,0.419
0.462,0.478,1.015,0.705,0.738,0.105,0.321,0.418
0.462,0.478,1.015,0.704,0.738,0.105,0.32,0.418
0.461,0.477,1.014,0.703,0.737,0.105,0.321,0.418
0.461,0.477,1.014,0.702,0.736,0.105,0.32,0.417
0.461,0.477,1.013,0.702,0.736,0.104,0.32,0.417
0.46,0.476,1.013,0.701,0.735,0.104,0.32,0.416
0.46,0.476,1.012,0.7,0.734,0.104,0.32,0.416
0.459,0.475,1.012,0.7,0.734,0.104,0.32,0.416
0.459,0.475,1.011,0.699,0.733,0.104,0.32,0.415
0.458,0.475,1.011,0.698,0.732,0.104,0.32,0.415
0.458,0.474,1.01,0.698,0.732,0.104,0.32,0.415
0.457,0.474,1.009,0.697,0.731,0.104,0.32,0.414
0.457,0.474,1.009,0.696,0.73,0.104,0.319,0.414
0.457,0.473,1.009,0.696,0.73,0.104,0.319,0.413
0.456,0.473,1.008,0.695,0.729,0.103,0.319,0.413
0.456,0.473,1.007,0.694,0.729,0.103,0.319,0.413
0.455,0.472,1.007,0.693,0.728,0.103,0.319,0.412
0.455,0.472,1.006,0.693,0.727,0.103,0.319,0.412
0.454,0.472,1.006,0.692,0.727,0.103,0.319,0.412
0.454,0.471,1.005,0.691,0.726,0.103,0.319,0.411
0.453,0.471,1.004,0.691,0.726,0.103,0.319,0.411
0.453,0.471,1.004,0.69,0.725,0.103,0.319,0.411
0.452,0.471,1.003,0.689,0.725,0.103,0.319,0.41
0.452,0.47,1.003,0.689,0.724,0.103,0.319,0.41
0.451,0.47,1.002,0.688,0.723,0.103,0.318,0.409
0.451,0.47,1.002,0.687,0.723,0.102,0.318,0.409
0.451,0.469,1.001,0.687,0.722,0.103,0.318,0.409
0.45,0.469,1.0,0.686,0.721,0.102,0.318,0.409
0.45,0.469,1.0,0.685,0.721,0.102,0.318,0.408
0.449,0.469,0.999,0.685,0.72,0.102,0.318,0.408
0.449,0.468,0.999,0.684,0.72,0.102,0.318,0.408
0.448,0.468,0.998,0.683,0.719,0.102,0.318,0.408
0.448,0.468,0.998,0.683,0.718,0.102,0.318,0.407
0.448,0.467,0.997,0.682,0.718,0.102,0.318,0.407
0.447,0.467,0.997,0.681,0.717,0.102,0.318,0.407
0.447,0.466,0.996,0.681,0.717,0.102,0.318,0.406
0.446,0.466,0.995,0.68,0.716,0.102,0.317,0.406
0.446,0.465,0.995,0.68,0.716,0.102,0.317,0.406
0.446,0.465,0.994,0.679,0.715,0.102,0.317,0.406
0.445,0.464,0.994,0.678,0.715,0.101,0.317,0.405
0.445,0.464,0.993,0.678,0.714,0.101,0.317,0.405
0.444,0.463,0.992,0.677,0.714,0.101,0.317,0.405
0.444,0.463,0.992,0.677,0.713,0.101,0.317,0.404
0.443,0.463,0.991,0.676,0.713,0.101,0.317,0.404
0.443,0.463,0.991,0.676,0.712,0.101,0.317,0.404
0.443,0.462,0.99,0.675,0.712,0.101,0.317,0.403
0.442,0.462,0.99,0.675,0.711,0.101,0.316,0.403
0.442,0.462,0.989,0.674,0.711,0.101,0.316,0.403
0.441,0.462,0.988,0.674,0.71,0.101,0.317,0.402
0.441,0.461,0.988,0.673,0.71,0.101,0.316,0.402
0.441,0.461,0.988,0.673,0.709,0.1,0.316,0.401
0.44,0.461,0.987,0.672,0.708,0.1,0.316,0.401
0.44,0.46,0.987,0.672,0.708,0.1,0.316,0.401
0.439,0.46,0.986,0.671,0.707,0.1,0.316,0.4
0.439,0.46,0.985,0.671,0.707,0.1,0.316,0.4
0.438,0.459,0.985,0.67,0.706,0.1,0.316,0.4
0.438,0.459,0.984,0.67,0.705,0.1,0.316,0.399
0.438,0.458,0.984,0.669,0.705,0.1,0.316,0.399
0.437,0.458,0.983,0.668,0.704,0.1,0.316,0.399
0.437,0.458,0.983,0.668,0.704,0.1,0.315,0.398
0.437,0.458,0.982,0.667,0.703,0.1,0.315,0.398
0.436,0.457,0.982,0.667,0.702,0.1,0.315,0.398
0.436,0.457,0.981,0.667,0.702,0.1,0.315,0.397
0.435,0.457,0.98,0.666,0.701,0.1,0.315,0.397
0.435,0.457,0.98,0.665,0.701,0.099,0.315,0.397
0.435,0.456,0.979,0.665,0.7,0.1,0.315,0.396
0.434,0.456,0.979,0.664,0.699,0.099,0.315,0.396
0.434,0.456,0.978,0.664,0.699,0.099,0.315,0.396
0.433,0.455,0.978,0.663,0.698,0.099,0.315,0.395
0.433,0.455,0.977,0.662,0.698,0.099,0.315,0.395
0.433,0.455,0.977,0.662,0.697,0.099,0.314,0.395
0.432,0.454,0.976,0.662,0.696,0.099,0.314,0.394
0.432,0.454,0.976,0.661,0.696,0.099,0.314,0.394
0.431,0.454,0.975,0.66,0.695,0.099,0.314,0.394
0.431,0.454,0.975,0.66,0.695,0.099,0.314,0.394
0.431,0.453,0.974,0.659,0.694,0.099,0.314,0.393
0.43,0.453,0.973,0.659,0.694,0.099,0.314,0.393
0.43,0.453,0.973,0.658,0.693,0.099,0.314,0.393
0.429,0.452,0.972,0.658,0.692,0.099,0.314,0.392
0.429,0.452,0.972,0.657,0.692,0.099,0.313,0.392
0.429,0.451,0.971,0.657,0.692,0.099,0.314,0.392
0.428,0.451,0.971,0.656,0.691,0.098,0.313,0.392
0.428,0.451,0.97,0.656,0.691,0.098,0.313,0.391
0.428,0.45,0.97,0.655,0.69,0.098,0.313,0.391
0.427,0.45,0.969,0.655,0.69,0.098,0.313,0.391
0.427,0.45,0.969,0.654,0.689,0.098,0.313,0.39
0.427,0.45,0.968,0.654,0.688,0.098,0.313,0.39
0.426,0.449,0.968,0.654,0.688,0.098,0.313,0.39
0.426,0.449,0.967,0.653,0.688,0.098,0.313,0.39
0.425,0.449,0.967,0.653,0.687,0.098,0.313,0.389
0.425,0.449,0.966,0.652,0.686,0.098,0.313,0.389
0.425,0.449,0.966,0.652,0.686,0.098,0.313,0.388
0.424,0.449,0.965,0.651,0.685,0.098,0.312,0.388
0.424,0.449,0.965,0.651,0.685,0.098,0.312,0.388
0.424,0.449,0.964,0.65,0.684,0.098,0.312,0.388
0.423,0.448,0.964,0.65,0.683,0.097,0.312,0.387
0.423,0.448,0.963,0.649,0.683,0.097,0.312,0.387
0.423,0.448,0.962,0.648,0.682,0.097,0.312,0.387
0.422,0.448,0.962,0.648,0.682,0.097,0.312,0.386
0.422,0.448,0.962,0.647,0.681,0.097,0.312,0.386
0.421,0.447,0.961,0.647,0.681,0.097,0.312,0.386
0.421,0.447,0.961,0.646,0.68,0.097,0.312,0.386
0.421,0.447,0.96,0.646,0.68,0.097,0.312,0.386
0.42,0.446,0.96,0.645,0.679,0.097,0.312,0.385
0.42,0.446,0.959,0.645,0.678,0.097,0.312,0.385
0.419,0.446,0.959,0.644,0.678,0.097,0.311,0.385
0.419,0.446,0.958,0.644,0.677,0.097,0.311,0.385
0.419,0.445,0.958,0.643,0.677,0.097,0.311,0.384
0.418,0.445,0.957,0.643,0.676,0.097,0.311,0.384
0.418,0.445,0.956,0.642,0.676,0.097,0.311,0.384
0.418,0.445,0.956,0.642,0.675,0.097,0.311,0.383
0.417,0.444,0.956,0.641,0.675,0.097,0.311,0.383
0.417,0.444,0.955,0.64,0.674,0.096,0.311,0.383
0.417,0.444,0.954,0.64,0.673,0.096,0.311,0.383
0.416,0.444,0.954,0.639,0.673,0.096,0.311,0.382
0.416,0.443,0.953,0.639,0.672,0.096,0.31,0.382
0.416,0.443,0.953,0.638,0.672,0.096,0.31,0.382
0.415,0.443,0.952,0.638,0.671,0.096,0.311,0.382
0.415,0.443,0.952,0.637,0.671,0.096,0.31,0.381
0.415,0.442,0.951,0.637,0.671,0.096,0.31,0.381
0.414,0.442,0.951,0.636,0.67,0.096,0.31,0.381
0.414,0.442,0.95,0.636,0.67,0.096,0.31,0.38
0.414,0.441,0.95,0.635,0.669,0.096,0.31,0.38
0.413,0.441,0.949,0.635,0.669,0.096,0.31,0.38
0.413,0.441,0.949,0.634,0.668,0.096,0.31,0.38
0.413,0.441,0.948,0.634,0.668,0.096,0.31,0.379
0.412,0.44,0.948,0.633,0.667,0.096,0.31,0.379
0.412,0.44,0.947,0.633,0.667,0.096,0.31,0.379
0.412,0.44,0.947,0.632,0.666,0.096,0.309,0.378
0.411,0.439,0.946,0.632,0.666,0.096,0.309,0.378
0.411,0.439,0.946,0.631,0.665,0.096,0.309,0.378
0.411,0.439,0.945,0.631,0.665,0.095,0.309,0.378
0.41,0.439,0.945,0.63,0.665,0.095,0.309,0.377
0.41,0.438,0.944,0.63,0.664,0.095,0.309,0.377
0.41,0.438,0.944,0.63,0.664,0.095,0.309,0.377
0.409,0.438,0.943,0.629,0.663,0.095,0.309,0.377
0.409,0.438,0.943,0.629,0.663,0.095,0.309,0.377
0.409,0.437,0.942,0.628,0.662,0.095,0.309,0.376
0.408,0.437,0.942,0.628,0.662,0.095,0.309,0.376
0.408,0.437,0.942,0.627,0.662,0.095,0.309,0.376
0.408,0.437,0.941,0.627,0.661,0.095,0.309,0.375
0.407,0.436,0.941,0.627,0.661,0.095,0.309,0.375
0.407,0.436,0.94,0.626,0.66,0.095,0.308,0.375
0.407,0.436,0.94,0.626,0.66,0.095,0.308,0.375
0.406,0.436,0.939,0.625,0.659,0.095,0.308,0.375
0.406,0.436,0.938,0.625,0.658,0.095,0.308,0.374
0.406,0.435,0.938,0.624,0.658,0.095,0.308,0.374
0.405,0.435,0.937,0.624,0.658,0.095,0.308,0.374
0.405,0.435,0.937,0.624,0.657,0.095,0.308,0.374
0.405,0.434,0.937,0.623,0.657,0.094,0.308,0.374
0.404,0.434,0.936,0.623,0.656,0.094,0.308,0.373
0.404,0.434,0.936,0.622,0.656,0.094,0.308,0.373
0.404,0.434,0.935,0.622,0.655,0.094,0.308,0.373
0.404,0.434,0.935,0.621,0.654,0.094,0.308,0.373
0.403,0.433,0.934,0.621,0.654,0.094,0.308,0.372
0.403,0.433,0.933,0.62,0.653,0.094,0.307,0.372
0.403,0.433,0.933,0.62,0.653,0.094,0.307,0.372
0.402,0.433,0.933,0.619,0.652,0.094,0.307,0.371
0.402,0.432,0.932,0.619,0.652,0.094,0.307,0.371
0.402,0.432,0.932,0.619,0.651,0.094,0.307,0.371
0.401,0.432,0.931,0.618,0.651,0.094,0.307,0.371
0.401,0.432,0.931,0.617,0.65,0.094,0.307,0.37
0.401,0.431,0.93,0.617,0.65,0.094,0.307,0.37
0.4,0.431,0.93,0.617,0.649,0.094,0.307,0.37
0.4,0.431,0.929,0.616,0.649,0.094,0.307,0.37
0.4,0.431,0.929,0.615,0.648,0.094,0.307,0.369
0.4,0.431,0.928,0.615,0.648,0.094,0.307,0.369
0.399,0.431,0.928,0.615,0.647,0.094,0.307,0.369
0.399,0.43,0.928,0.614,0.647,0.094,0.306,0.369
0.399,0.43,0.927,0.614,0.646,0.093,0.306,0.368
0.398,0.43,0.927,0.613,0.646,0.093,0.306,0.368
0.398,0.43,0.926,0.613,0.646,0.093,0.306,0.368
0.398,0.43,0.926,0.613,0.645,0.093,0.306,0.367
0.397,0.43,0.925,0.612,0.645,0.093,0.306,0.367
0.397,0.429,0.925,0.612,0.644,0.093,0.306,0.367
0.397,0.429,0.924,0.611,0.644,0.093,0.306,0.367
0.396,0.429,0.924,0.611,0.644,0.093,0.306,0.367
0.396,0.429,0.923,0.61,0.643,0.093,0.306,0.366
0.396,0.429,0.923,0.61,0.643,0.093,0.306,0.366
0.396,0.428,0.923,0.61,0.642,0.093,0.305,0.366
0.395,0.428,0.922,0.609,0.642,0.093,0.305,0.366
0.395,0.428,0.921,0.609,0.642,0.093,0.305,0.366
0.395,0.428,0.921,0.608,0.641,0.093,0.305,0.366
0.394,0.428,0.92,0.608,0.641,0.093,0.305,0.366
0.394,0.427,0.92,0.608,0.64,0.093,0.305,0.365
0.394,0.427,0.919,0.607,0.64,0.093,0.305,0.365
0.394,0.427,0.919,0.607,0.64,0.093,0.305,0.365
0.393,0.427,0.919,0.607,0.639,0.093,0.305,0.365
0.393,0.426,0.918,0.606,0.639,0.093,0.305,0.364
0.393,0.426,0.918,0.605,0.639,0.092,0.305,0.364
0.392,0.426,0.917,0.605,0.638,0.092,0.305,0.364
0.392,0.426,0.917,0.605,0.638,0.093,0.304,0.364
0.392,0.425,0.916,0.604,0.637,0.092,0.305,0.364
0.392,0.425,0.916,0.604,0.637,0.092,0.305,0.363
0.391,0.425,0.915,0.604,0.637,0.092,0.304,0.363
0.391,0.424,0.915,0.603,0.636,0.092,0.304,0.363
0.391,0.424,0.915,0.603,0.636,0.092,0.304,0.363
0.39,0.424,0.914,0.603,0.636,0.092,0.304,0.362
0.39,0.424,0.914,0.602,0.635,0.092,0.304,0.362
0.39,0.424,0.913,0.602,0.634,0.092,0.304,0.362
0.39,0.424,0.913,0.601,0.634,0.092,0.304,0.362
0.389,0.424,0.912,0.601,0.634,0.092,0.304,0.361
0.389,0.423,0.912,0.6,0.633,0.092,0.304,0.361
0.389,0.423,0.911,0.6,0.633,0.092,0.304,0.361
0.388,0.423,0.911,0.6,0.632,0.092,0.303,0.361
0.388,0.423,0.91,0.599,0.632,0.092,0.304,0.36
0.388,0.423,0.91,0.599,0.631,0.092,0.304,0.36
0.388,0.423,0.91,0.598,0.631,0.092,0.303,0.36
0.387,0.422,0.909,0.598,0.631,0.092,0.303,0.36
0.387,0.422,0.909,0.598,0.63,0.092,0.303,0.36
0.387,0.422,0.908,0.597,0.63,0.092,0.303,0.359
0.387,0.422,0.908,0.597,0.629,0.092,0.303,0.359
0.386,0.422,0.907,0.596,0.629,0.092,0.303,0.359
0.386,0.421,0.907,0.596,0.629,0.091,0.303,0.359
0.386,0.421,0.907,0.595,0.628,0.092,0.303,0.359
0.386,0.421,0.906,0.595,0.628,0.091,0.303,0.358
0.385,0.421,0.906,0.595,0.627,0.091,0.303,0.358
0.385,0.421,0.905,0.594,0.627,0.091,0.303,0.358
0.385,0.421,0.905,0.594,0.627,0.091,0.303,0.358
0.384,0.42,0.904,0.593,0.626,0.091,0.302,0.358
0.384,0.42,0.904,0.593,0.626,0.091,0.302,0.357
0.384,0.42,0.904,0.593,0.625,0.091,0.302,0.357
0.384,0.42,0.903,0.592,0.625,0.091,0.302,0.357
0.383,0.42,0.903,0.592,0.625,0.091,0.302,0.357
0.383,0.42,0.902,0.592,0.624,0.091,0.302,0.357
0.383,0.419,0.902,0.591,0.624,0.091,0.302,0.357
0.382,0.419,0.902,0.591,0.623,0.091,0.302,0.356
0.382,0.419,0.901,0.591,0.623,0.091,0.302,0.356
0.382,0.419,0.901,0.59,0.623,0.091,0.302,0.356
0.382,0.419,0.901,0.59,0.622,0.091,0.302,0.356
0.381,0.418,0.9,0.589,0.622,0.091,0.302,0.356
0.381,0.418,0.9,0.589,0.622,0.091,0.302,0.355
0.381,0.418,0.899,0.589,0.621,0.091,0.302,0.355
0.381,0.418,0.899,0.588,0.621,0.091,0.302,0.355
0.38,0.418,0.898,0.588,0.62,0.091,0.302,0.355
0.38,0.418,0.898,0.587,0.62,0.091,0.301,0.355
0.38,0.417,0.898,0.587,0.62,0.091,0.301,0.355
0.38,0.418,0.897,0.587,0.619,0.091,0.301,0.354
0.379,0.417,0.897,0.586,0.619,0.091,0.301,0.354
0.379,0.417,0.896,0.586,0.619,0.091,0.301,0.354
0.379,0.417,0.896,0.585,0.618,0.091,0.301,0.354
0.379,0.417,0.895,0.585,0.618,0.091,0.301,0.354
0.378,0.417,0.895,0.585,0.618,0.09,0.301,0.353
0.378,0.417,0.894,0.584,0.617,0.091,0.301,0.353
0.378,0.416,0.894,0.584,0.617,0.09,0.301,0.353
0.378,0.416,0.894,0.583,0.617,0.09,0.301,0.353
0.377,0.416,0.893,0.583,0.616,0.09,0.301,0.353
0.377,0.416,0.893,0.583,0.616,0.09,0.3,0.353
0.377,0.416,0.892,0.582,0.616,0.09,0.3,0.352
0.377,0.416,0.892,0.582,0.615,0.09,0.301,0.352
0.376,0.415,0.892,0.582,0.615,0.09,0.3,0.352
0.376,0.415,0.891,0.581,0.615,0.09,0.3,0.352
0.376,0.415,0.891,0.581,0.614,0.09,0.3,0.352
0.376,0.415,0.89,0.581,0.614,0.09,0.3,0.352
0.375,0.415,0.89,0.58,0.614,0.09,0.3,0.352
0.375,0.415,0.889,0.58,0.614,0.09,0.3,0.351
0.375,0.414,0.889,0.58,0.613,0.09,0.3,0.351
0.375,0.414,0.888,0.579,0.613,0.09,0.3,0.351
0.375,0.414,0.888,0.579,0.613,0.09,0.3,0.351
0.374,0.414,0.888,0.579,0.612,0.09,0.3,0.351
0.374,0.414,0.887,0.578,0.612,0.09,0.3,0.351
0.374,0.414,0.887,0.578,0.612,0.09,0.3,0.35
0.374,0.413,0.886,0.578,0.611,0.09,0.299,0.35
0.373,0.413,0.886,0.577,0.611,0.09,0.3,0.35
0.373,0.413,0.885,0.577,0.611,0.09,0.299,0.35
0.373,0.413,0.885,0.577,0.61,0.09,0.299,0.35
0.373,0.413,0.885,0.576,0.61,0.09,0.299,0.349
0.372,0.413,0.884,0.576,0.61,0.09,0.299,0.349
0.372,0.412,0.884,0.576,0.609,0.09,0.299,0.349
0.372,0.412,0.883,0.575,0.609,0.089,0.299,0.349
0.371,0.412,0.883,0.575,0.609,0.09,0.299,0.349
0.371,0.412,0.883,0.575,0.608,0.09,0.299,0.349
0.371,0.412,0.882,0.574,0.608,0.09,0.299,0.348
0.371,0.411,0.882,0.574,0.608,0.09,0.299,0.348
0.37,0.411,0.881,0.574,0.607,0.089,0.299,0.348
0.37,0.411,0.881,0.573,0.607,0.089,0.299,0.348
0.37,0.411,0.881,0.573,0.607,0.089,0.298,0.348
0.37,0.411,0.88,0.573,0.606,0.089,0.298,0.347
0.37,0.411,0.88,0.572,0.606,0.089,0.298,0.347
0.369,0.411,0.879,0.572,0.606,0.089,0.298,0.347
0.369,0.411,0.879,0.572,0.605,0.089,0.298,0.347
0.369,0.411,0.879,0.571,0.605,0.089,0.298,0.347
0.369,0.411,0.878,0.571,0.605,0.089,0.298,0.347
0.369,0.41,0.878,0.571,0.604,0.089,0.298,0.346
0.368,0.41,0.877,0.57,0.604,0.089,0.298,0.346
0.368,0.41,0.877,0.57,0.604,0.089,0.298,0.346
0.368,0.41,0.877,0.569,0.603,0.089,0.298,0.346
0.368,0.41,0.876,0.569,0.603,0.089,0.298,0.346
0.367,0.409,0.876,0.569,0.602,0.089,0.298,0.345
0.367,0.409,0.875,0.568,0.602,0.089,0.298,0.345
0.367,0.409,0.875,0.568,0.602,0.089,0.297,0.345
0.367,0.409,0.875,0.568,0.602,0.089,0.298,0.345
0.366,0.409,0.874,0.567,0.601,0.089,0.297,0.344
0.366,0.409,0.874,0.567,0.601,0.089,0.297,0.344
0.366,0.408,0.874,0.567,0.601,0.089,0.297,0.344
0.366,0.408,0.873,0.566,0.6,0.089,0.297,0.344
0.366,0.408,0.873,0.566,0.6,0.089,0.297,0.344
0.365,0.408,0.872,0.566,0.6,0.089,0.297,0.343
0.365,0.408,0.872,0.565,0.6,0.089,0.297,0.343
0.365,0.408,0.872,0.565,0.599,0.089,0.297,0.343
0.365,0.408,0.871,0.565,0.599,0.089,0.297,0.343
0.364,0.407,0.871,0.565,0.599,0.089,0.297,0.343
0.364,0.407,0.871,0.565,0.598,0.088,0.297,0.343
0.364,0.407,0.87,0.564,0.598,0.088,0.297,0.342
0.364,0.407,0.87,0.564,0.598,0.088,0.297,0.342
0.364,0.407,0.87,0.564,0.597,0.089,0.297,0.342
0.363,0.407,0.869,0.563,0.597,0.088,0.297,0.342
0.363,0.407,0.869,0.563,0.597,0.088,0.296,0.342
0.363,0.406,0.868,0.563,0.596,0.088,0.296,0.342
0.363,0.406,0.868,0.562,0.596,0.088,0.296,0.342
0.363,0.406,0.868,0.562,0.596,0.088,0.296,0.341
0.362,0.406,0.867,0.562,0.595,0.088,0.296,0.341
0.362,0.406,0.867,0.562,0.595,0.088,0.296,0.341
0.362,0.406,0.867,0.561,0.595,0.088,0.296,0.341
0.362,0.406,0.866,0.561,0.594,0.088,0.296,0.341
0.361,0.406,0.866,0.561,0.594,0.088,0.296,0.341
0.361,0.405,0.866,0.561,0.594,0.088,0.296,0.341
0.361,0.405,0.865,0.56,0.593,0.088,0.296,0.34
0.361,0.405,0.865,0.56,0.593,0.088,0.296,0.34
0.36,0.405,0.865,0.56,0.593,0.088,0.296,0.34
0.36,0.405,0.864,0.559,0.592,0.088,0.296,0.34
0.36,0.404,0.864,0.559,0.592,0.088,0.295,0.34
0.36,0.404,0.863,0.559,0.592,0.088,0.295,0.34
0.36,0.404,0.863,0.558,0.591,0.088,0.295,0.34
0.359,0.404,0.863,0.558,0.591,0.088,0.295,0.339
0.359,0.404,0.862,0.558,0.591,0.088,0.295,0.339
0.359,0.403,0.862,0.557,0.591,0.088,0.295,0.339
0.359,0.403,0.862,0.557,0.59,0.088,0.295,0.339
0.359,0.403,0.861,0.557,0.59,0.088,0.295,0.339
0.358,0.403,0.861,0.556,0.59,0.088,0.295,0.339
0.358,0.403,0.86,0.556,0.59,0.088,0.295,0.338
0.358,0.403,0.86,0.555,0.589,0.088,0.295,0.338
0.358,0.403,0.86,0.555,0.589,0.088,0.295,0.338
0.358,0.402,0.859,0.555,0.589,0.088,0.295,0.338
0.357,0.402,0.859,0.555,0.588,0.088,0.295,0.338
0.357,0.402,0.858,0.554,0.588,0.088,0.294,0.338
0.357,0.402,0.858,0.554,0.588,0.088,0.294,0.338
0.357,0.402,0.858,0.554,0.587,0.088,0.294,0.338
0.357,0.402,0.858,0.553,0.587,0.088,0.294,0.337
0.356,0.402,0.857,0.553,0.587,0.087,0.294,0.337
0.356,0.401,0.857,0.553,0.587,0.088,0.294,0.337
0.356,0.401,0.856,0.552,0.586,0.087,0.294,0.337
0.356,0.401,0.856,0.552,0.586,0.088,0.294,0.337
0.355,0.401,0.856,0.552,0.586,0.087,0.294,0.337
0.355,0.401,0.855,0.552,0.585,0.087,0.294,0.337
0.355,0.401,0.855,0.551,0.585,0.087,0.294,0.336
0.355,0.401,0.854,0.551,0.585,0.087,0.294,0.336
0.355,0.401,0.854,0.551,0.584,0.087,0.294,0.336
0.355,0.401,0.854,0.55,0.584,0.087,0.294,0.336
0.354,0.401,0.853,0.55,0.584,0.087,0.294,0.336
0.354,0.4,0.853,0.55,0.583,0.087,0.294,0.336
0.354,0.4,0.853,0.549,0.583,0.087,0.293,0.336
0.354,0.4,0.852,0.549,0.583,0.087,0.293,0.336
0.354,0.4,0.852,0.549,0.583,0.087,0.293,0.335
0.353,0.4,0.851,0.549,0.582,0.087,0.293,0.335
0.353,0.4,0.851,0.548,0.582,0.087,0.293,0.335
0.353,0.4,0.851,0.548,0.582,0.087,0.293,0.335
0.353,0.399,0.85,0.548,0.582,0.087,0.293,0.335
0.353,0.399,0.85,0.548,0.582,0.087,0.293,0.335
0.352,0.399,0.85,0.547,0.581,0.087,0.293,0.335
0.352,0.399,0.849,0.547,0.581,0.087,0.293,0.334
0.352,0.399,0.849,0.547,0.581,0.087,0.293,0.334
0.352,0.399,0.848,0.547,0.581,0.087,0.293,0.334
0.352,0.398,0.848,0.546,0.58,0.087,0.293,0.334
0.351,0.398,0.848,0.546,0.58,0.087,0.293,0.334
0.351,0.398,0.848,0.546,0.58,0.087,0.293,0.334
0.351,0.398,0.847,0.545,0.58,0.087,0.293,0.334
0.351,0.398,0.847,0.545,0.579,0.087,0.293,0.334
0.351,0.398,0.846,0.545,0.579,0.087,0.293,0.333
0.35,0.398,0.846,0.544,0.579,0.087,0.292,0.333
0.35,0.398,0.846,0.544,0.578,0.087,0.292,0.333
0.35,0.397,0.845,0.544,0.578,0.087,0.292,0.333
0.35,0.397,0.845,0.544,0.578,0.087,0.292,0.333
0.35,0.397,0.844,0.543,0.577,0.087,0.292,0.333
0.349,0.397,0.844,0.543,0.577,0.087,0.292,0.333
0.349,0.397,0.844,0.543,0.577,0.087,0.292,0.333
0.349,0.397,0.843,0.543,0.577,0.087,0.292,0.333
0.349,0.396,0.843,0.542,0.576,0.087,0.292,0.332
0.349,0.396,0.843,0.542,0.576,0.087,0.292,0.332
0.348,0.396,0.842,0.542,0.576,0.087,0.292,0.332
0.348,0.396,0.842,0.541,0.576,0.087,0.292,0.332
0.348,0.396,0.841,0.541,0.575,0.087,0.292,0.332
0.348,0.396,0.841,0.541,0.575,0.087,0.292,0.332
0.348,0.396,0.841,0.54,0.575,0.087,0.292,0.332
0.348,0.396,0.84,0.54,0.574,0.087,0.291,0.331
0.347,0.396,0.84,0.54,0.574,0.086,0.291,0.331
0.347,0.395,0.84,0.54,0.574,0.086,0.291,0.331
0.347,0.395,0.839,0.539,0.573,0.086,0.291,0.331
0.347,0.395,0.839,0.539,0.573,0.087,0.291,0.331
0.347,0.395,0.838,0.539,0.573,0.087,0.291,0.331
0.346,0.395,0.838,0.538,0.573,0.086,0.291,0.331
0.346,0.395,0.838,0.538,0.573,0.087,0.291,0.331
0.346,0.395,0.837,0.538,0.572,0.086,0.291,0.33
0.346,0.394,0.837,0.537,0.572,0.086,0.291,0.33
0.346,0.394,0.837,0.537,0.572,0.086,0.291,0.33
0.346,0.394,0.837,0.537,0.572,0.086,0.291,0.33
0.345,0.394,0.836,0.537,0.571,0.086,0.291,0.33
0.345,0.394,0.836,0.536,0.571,0.086,0.291,0.33
0.345,0.394,0.835,0.536,0.571,0.086,0.291,0.33
0.345,0.394,0.835,0.536,0.57,0.086,0.291,0.329
0.345,0.394,0.835,0.536,0.57,0.086,0.29,0.329
0.344,0.394,0.834,0.535,0.57,0.086,0.29,0.329
0.344,0.393,0.834,0.535,0.57,0.086,0.29,0.329
0.344,0.393,0.834,0.535,0.569,0.086,0.29,0.329
0.344,0.393,0.833,0.535,0.569,0.086,0.29,0.329
0.344,0.393,0.833,0.534,0.569,0.086,0.29,0.329
0.343,0.393,0.833,0.534,0.569,0.086,0.29,0.329
0.343,0.393,0.832,0.534,0.569,0.086,0.29,0.328
0.343,0.393,0.832,0.533,0.568,0.086,0.29,0.328
0.343,0.393,0.832,0.533,0.568,0.086,0.29,0.328
0.343,0.393,0.831,0.533,0.568,0.086,0.29,0.328
0.343,0.393,0.831,0.533,0.568,0.086,0.29,0.328
0.343,0.393,0.831,0.532,0.567,0.086,0.29,0.328
0.342,0.393,0.83,0.532,0.567,0.086,0.29,0.328
0.342,0.392,0.83,0.532,0.567,0.086,0.29,0.328
0.342,0.392,0.83,0.532,0.566,0.086,0.29,0.327
0.342,0.392,0.829,0.531,0.566,0.086,0.29,0.327
0.342,0.392,0.829,0.531,0.566,0.086,0.29,0.327
0.342,0.392,0.829,0.53,0.566,0.086,0.289,0.327
0.341,0.392,0.828,0.53,0.566,0.086,0.289,0.327
0.341,0.392,0.828,0.53,0.565,0.086,0.289,0.327
0.341,0.392,0.828,0.53,0.565,0.086,0.289,0.326
0.341,0.392,0.827,0.529,0.565,0.086,0.289,0.326
0.341,0.392,0.827,0.529,0.564,0.086,0.289,0.326
0.34,0.392,0.827,0.529,0.564,0.086,0.289,0.326
0.34,0.392,0.826,0.529,0.564,0.086,0.289,0.326
0.34,0.392,0.826,0.528,0.564,0.086,0.289,0.326
0.34,0.391,0.825,0.528,0.563,0.086,0.289,0.326
0.34,0.391,0.825,0.528,0.563,0.086,0.289,0.326
0.34,0.391,0.825,0.527,0.563,0.086,0.289,0.326
0.34,0.391,0.824,0.527,0.563,0.086,0.289,0.325
0.339,0.39,0.824,0.527,0.563,0.086,0.289,0.325
0.339,0.39,0.824,0.527,0.562,0.086,0.289,0.325
0.339,0.39,0.823,0.526,0.562,0.086,0.289,0.325
0.339,0.39,0.823,0.526,0.562,0.085,0.289,0.325
0.339,0.39,0.823,0.526,0.562,0.086,0.288,0.325
0.338,0.39,0.822,0.526,0.561,0.086,0.288,0.325
0.338,0.39,0.822,0.525,0.561,0.086,0.288,0.325
0.338,0.39,0.822,0.525,0.561,0.086,0.288,0.324
0.338,0.39,0.821,0.525,0.561,0.086,0.288,0.324
0.338,0.389,0.821,0.525,0.56,0.086,0.288,0.324
0.338,0.389,0.821,0.524,0.56,0.086,0.288,0.324
0.337,0.389,0.82,0.524,0.56,0.085,0.288,0.324
0.337,0.389,0.82,0.524,0.56,0.086,0.288,0.324
0.337,0.389,0.82,0.524,0.56,0.086,0.288,0.323
0.337,0.389,0.819,0.523,0.559,0.085,0.288,0.324
0.337,0.388,0.819,0.523,0.559,0.085,0.288,0.323
0.337,0.388,0.819,0.523,0.559,0.086,0.288,0.323
0.336,0.388,0.818,0.523,0.559,0.085,0.288,0.323
0.336,0.388,0.818,0.522,0.559,0.086,0.288,0.323
0.336,0.388,0.818,0.522,0.559,0.085,0.288,0.323
0.336,0.388,0.817,0.522,0.558,0.085,0.288,0.323
0.336,0.388,0.817,0.522,0.558,0.085,0.287,0.323
0.336,0.387,0.817,0.522,0.558,0.085,0.287,0.323
0.335,0.387,0.816,0.521,0.558,0.085,0.287,0.323
0.335,0.387,0.816,0.521,0.558,0.085,0.287,0.322
0.335,0.387,0.816,0.521,0.557,0.085,0.287,0.322
0.335,0.387,0.815,0.521,0.557,0.085,0.287,0.322
0.335,0.387,0.815,0.521,0.557,0.085,0.287,0.322
0.335,0.386,0.815,0.521,0.557,0.085,0.287,0.322
0.334,0.386,0.814,0.521,0.557,0.085,0.287,0.322
0.334,0.386,0.814,0.52,0.556,0.085,0.287,0.322
0.334,0.386,0.814,0.52,0.556,0.085,0.287,0.322
0.334,0.386,0.813,0.52,0.556,0.085,0.287,0.321
0.334,0.386,0.813,0.52,0.556,0.085,0.287,0.321
0.334,0.386,0.813,0.519,0.555,0.085,0.287,0.321
0.334,0.386,0.813,0.519,0.555,0.085,0.287,0.321
0.333,0.386,0.812,0.519,0.555,0.085,0.287,0.321
0.333,0.386,0.812,0.519,0.555,0.085,0.286,0.321
0.333,0.386,0.811,0.519,0.555,0.085,0.286,0.321
0.333,0.385,0.811,0.518,0.554,0.085,0.286,0.32
0.333,0.385,0.811,0.518,0.554,0.085,0.286,0.32
0.332,0.385,0.811,0.518,0.554,0.085,0.286,0.32
0.333,0.385,0.81,0.518,0.553,0.085,0.286,0.32
0.332,0.385,0.81,0.517,0.553,0.085,0.286,0.32
0.332,0.385,0.81,0.517,0.553,0.085,0.286,0.32
0.332,0.385,0.809,0.517,0.552,0.085,0.286,0.32
0.332,0.385,0.809,0.517,0.552,0.085,0.286,0.32
0.332,0.384,0.809,0.517,0.552,0.085,0.286,0.319
0.332,0.384,0.808,0.516,0.552,0.085,0.286,0.319
0.331,0.384,0.808,0.516,0.552,0.085,0.286,0.319
0.331,0.384,0.808,0.516,0.551,0.085,0.286,0.319
0.331,0.384,0.807,0.516,0.551,0.085,0.286,0.319
0.331,0.384,0.807,0.515,0.551,0.085,0.286,0.319
0.331,0.384,0.807,0.515,0.551,0.085,0.286,0.319
0.331,0.384,0.806,0.515,0.55,0.085,0.286,0.319
0.33,0.384,0.806,0.514,0.55,0.085,0.286,0.319
0.33,0.384,0.806,0.514,0.55,0.085,0.285,0.318
0.33,0.384,0.806,0.514,0.55,0.085,0.285,0.318
0.33,0.384,0.805,0.514,0.549,0.085,0.285,0.318
0.33,0.384,0.805,0.513,0.549,0.085,0.285,0.318
0.33,0.384,0.805,0.513,0.549,0.085,0.285,0.318
0.33,0.384,0.804,0.513,0.549,0.085,0.285,0.318
0.329,0.384,0.804,0.513,0.548,0.085,0.285,0.318
0.329,0.384,0.804,0.512,0.548,0.085,0.285,0.318
0.329,0.384,0.803,0.512,0.548,0.085,0.285,0.317
0.329,0.384,0.803,0.512,0.548,0.085,0.285,0.317
0.329,0.383,0.803,0.512,0.548,0.085,0.285,0.317
0.329,0.383,0.802,0.512,0.547,0.084,0.285,0.317
0.328,0.383,0.802,0.511,0.547,0.085,0.285,0.317
0.328,0.383,0.802,0.511,0.547,0.085,0.285,0.317
0.328,0.383,0.801,0.511,0.547,0.085,0.285,0.317
0.328,0.383,0.801,0.51,0.546,0.085,0.285,0.317
0.328,0.383,0.801,0.51,0.546,0.085,0.285,0.317
0.328,0.383,0.8,0.51,0.546,0.084,0.285,0.316
0.328,0.382,0.8,0.51,0.546,0.084,0.285,0.316
0.327,0.382,0.8,0.51,0.546,0.084,0.284,0.316
0.327,0.382,0.8,0.509,0.546,0.085,0.284,0.316
0.327,0.382,0.799,0.509,0.545,0.084,0.284,0.316
0.327,0.382,0.799,0.509,0.545,0.085,0.284,0.316
0.327,0.382,0.798,0.509,0.545,0.084,0.284,0.316
0.327,0.382,0.798,0.509,0.545,0.084,0.284,0.316
0.326,0.382,0.798,0.508,0.544,0.084,0.284,0.316
0.326,0.382,0.798,0.508,0.544,0.084,0.284,0.315
0.326,0.382,0.797,0.508,0.544,0.084,0.284,0.315
0.326,0.381,0.797,0.508,0.544,0.084,0.284,0.315
0.326,0.381,0.797,0.508,0.543,0.084,0.284,0.315
0.326,0.381,0.797,0.507,0.543,0.084,0.284,0.315
0.326,0.381,0.796,0.507,0.543,0.084,0.284,0.315
0.325,0.381,0.796,0.507,0.543,0.084,0.284,0.315
0.325,0.381,0.796,0.507,0.543,0.084,0.284,0.315
0.325,0.381,0.795,0.507,0.542,0.084,0.284,0.314
0.325,0.38,0.795,0.506,0.542,0.084,0.284,0.314
0.325,0.38,0.795,0.506,0.542,0.084,0.284,0.314
0.325,0.38,0.795,0.506,0.542,0.084,0.284,0.314
0.325,0.38,0.794,0.506,0.542,0.084,0.284,0.314
0.324,0.38,0.794,0.506,0.542,0.084,0.283,0.314
0.324,0.38,0.794,0.505,0.541,0.084,0.283,0.314
0.324,0.38,0.794,0.505,0.541,0.084,0.283,0.314
0.324,0.379,0.793,0.505,0.541,0.084,0.283,0.314
0.324,0.379,0.793,0.505,0.541,0.084,0.283,0.313
0.324,0.379,0.793,0.505,0.541,0.084,0.283,0.314
0.324,0.379,0.792,0.505,0.54,0.084,0.283,0.313
0.323,0.379,0.792,0.505,0.54,0.084,0.283,0.313
0.323,0.379,0.792,0.505,0.54,0.084,0.283,0.313
0.323,0.379,0.792,0.504,0.54,0.084,0.283,0.313
0.323,0.379,0.791,0.504,0.539,0.084,0.283,0.313
0.323,0.379,0.791,0.504,0.539,0.084,0.283,0.313
0.323,0.378,0.791,0.504,0.539,0.084,0.283,0.312
0.323,0.378,0.791,0.504,0.539,0.084,0.283,0.312
0.322,0.378,0.79,0.504,0.539,0.084,0.283,0.312
0.322,0.378,0.79,0.503,0.538,0.084,0.282,0.312
0.322,0.378,0.79,0.503,0.538,0.084,0.282,0.312
0.322,0.378,0.789,0.503,0.538,0.084,0.282,0.312
0.322,0.378,0.789,0.503,0.538,0.084,0.282,0.312
0.322,0.378,0.789,0.503,0.538,0.084,0.282,0.312
0.322,0.378,0.789,0.503,0.537,0.084,0.282,0.311
0.322,0.378,0.788,0.502,0.537,0.084,0.282,0.311
0.321,0.378,0.788,0.502,0.537,0.084,0.282,0.311
0.321,0.378,0.788,0.502,0.537,0.084,0.282,0.311
0.321,0.378,0.787,0.502,0.536,0.084,0.282,0.311
0.321,0.377,0.787,0.502,0.536,0.084,0.282,0.311
0.321,0.377,0.787,0.501,0.536,0.084,0.282,0.311
0.321,0.377,0.787,0.501,0.536,0.084,0.282,0.311
0.321,0.377,0.786,0.501,0.536,0.084,0.282,0.311
0.32,0.377,0.786,0.501,0.535,0.084,0.282,0.311
0.32,0.377,0.786,0.5,0.535,0.084,0.282,0.311
0.32,0.377,0.786,0.5,0.535,0.084,0.281,0.311
0.32,0.376,0.785,0.5,0.535,0.084,0.282,0.31
0.32,0.376,0.785,0.5,0.535,0.084,0.282,0.31
0.32,0.376,0.785,0.5,0.534,0.084,0.281,0.31
0.32,0.376,0.784,0.499,0.534,0.084,0.282,0.31
0.319,0.376,0.784,0.499,0.534,0.084,0.281,0.31
0.319,0.376,0.784,0.499,0.534,0.084,0.281,0.31
0.319,0.376,0.784,0.499,0.533,0.084,0.281,0.31
0.319,0.376,0.783,0.498,0.534,0.084,0.281,0.31
0.319,0.376,0.783,0.498,0.533,0.084,0.281,0.31
0.319,0.376,0.783,0.498,0.533,0.084,0.281,0.31
0.318,0.376,0.782,0.498,0.533,0.084,0.281,0.31
0.319,0.376,0.782,0.498,0.533,0.084,0.281,0.31
0.318,0.376,0.782,0.497,0.532,0.084,0.281,0.309
0.318,0.376,0.782,0.497,0.532,0.083,0.281,0.309
0.318,0.375,0.781,0.497,0.532,0.084,0.281,0.309
0.318,0.375,0.781,0.497,0.532,0.083,0.281,0.309
0.318,0.375,0.781,0.496,0.532,0.084,0.281,0.309
0.318,0.375,0.781,0.496,0.531,0.084,0.281,0.309
0.317,0.375,0.78,0.496,0.531,0.084,0.281,0.309
0.317,0.375,0.78,0.496,0.531,0.084,0.281,0.309
0.317,0.375,0.78,0.496,0.531,0.084,0.28,0.308
0.317,0.375,0.779,0.495,0.531,0.083,0.28,0.308
0.317,0.374,0.779,0.495,0.53,0.084,0.281,0.308
0.317,0.374,0.779,0.495,0.53,0.084,0.28,0.308
0.317,0.374,0.779,0.495,0.53,0.083,0.28,0.308
0.317,0.374,0.778,0.495,0.53,0.084,0.28,0.308
0.317,0.374,0.778,0.494,0.53,0.083,0.28,0.308
0.316,0.374,0.778,0.494,0.529,0.083,0.28,0.308
0.316,0.374,0.777,0.494,0.529,0.084,0.28,0.308
0.316,0.374,0.777,0.494,0.529,0.083,0.28,0.307
0.316,0.374,0.777,0.494,0.529,0.083,0.28,0.307
0.316,0.374,0.777,0.494,0.529,0.083,0.28,0.307
0.316,0.374,0.776,0.493,0.529,0.083,0.28,0.307
0.316,0.374,0.776,0.493,0.528,0.083,0.28,0.307
0.315,0.373,0.776,0.493,0.528,0.083,0.28,0.307
0.315,0.373,0.776,0.493,0.528,0.083,0.28,0.307
0.315,0.373,0.775,0.492,0.528,0.083,0.28,0.307
0.315,0.373,0.775,0.492,0.528,0.083,0.28,0.307
0.315,0.373,0.775,0.492,0.527,0.083,0.279,0.307
0.315,0.373,0.775,0.492,0.527,0.083,0.28,0.306
0.315,0.373,0.774,0.492,0.527,0.083,0.279,0.306
0.314,0.373,0.774,0.491,0.527,0.083,0.279,0.306
0.314,0.373,0.774,0.491,0.527,0.083,0.279,0.306
0.314,0.372,0.773,0.491,0.527,0.083,0.279,0.306
0.314,0.372,0.773,0.491,0.526,0.083,0.279,0.306
0.314,0.372,0.773,0.491,0.526,0.083,0.279,0.306
0.314,0.372,0.773,0.49,0.526,0.083,0.279,0.306
0.314,0.372,0.772,0.49,0.526,0.083,0.279,0.306
0.314,0.372,0.772,0.49,0.526,0.083,0.279,0.306
0.314,0.372,0.772,0.49,0.525,0.083,0.279,0.305
0.313,0.372,0.771,0.49,0.525,0.083,0.279,0.305
0.313,0.371,0.771,0.49,0.525,0.083,0.279,0.305
0.313,0.371,0.771,0.489,0.525,0.083,0.279,0.305
0.313,0.371,0.771,0.489,0.525,0.083,0.279,0.305
0.313,0.371,0.77,0.489,0.525,0.083,0.279,0.305
0.313,0.371,0.77,0.489,0.524,0.083,0.279,0.305
0.312,0.371,0.77,0.489,0.524,0.083,0.279,0.305
0.313,0.371,0.769,0.489,0.524,0.083,0.279,0.305
0.312,0.37,0.769,0.488,0.524,0.083,0.278,0.305
0.312,0.37,0.769,0.488,0.524,0.083,0.278,0.305
0.312,0.37,0.769,0.488,0.523,0.083,0.278,0.305
0.312,0.37,0.768,0.488,0.523,0.083,0.278,0.305
0.312,0.37,0.768,0.488,0.523,0.083,0.278,0.304
0.312,0.37,0.768,0.487,0.523,0.083,0.278,0.304
0.312,0.37,0.768,0.487,0.523,0.083,0.278,0.304
0.311,0.37,0.767,0.487,0.522,0.083,0.278,0.304
0.311,0.369,0.767,0.487,0.522,0.083,0.278,0.304
0.311,0.369,0.767,0.487,0.522,0.083,0.278,0.304
0.311,0.369,0.767,0.487,0.522,0.083,0.278,0.304
0.311,0.369,0.766,0.486,0.522,0.083,0.278,0.304
0.311,0.369,0.766,0.486,0.521,0.083,0.278,0.304
0.311,0.369,0.766,0.486,0.521,0.083,0.278,0.303
0.31,0.369,0.766,0.486,0.521,0.083,0.278,0.304
0.311,0.369,0.765,0.486,0.521,0.083,0.278,0.303
0.31,0.368,0.765,0.485,0.521,0.083,0.278,0.303
0.31,0.368,0.765,0.485,0.521,0.083,0.278,0.303
0.31,0.368,0.765,0.485,0.52,0.083,0.278,0.303
0.31,0.368,0.764,0.485,0.52,0.083,0.277,0.303
0.31,0.368,0.764,0.485,0.52,0.083,0.277,0.303
0.31,0.368,0.764,0.485,0.52,0.083,0.278,0.303
0.31,0.368,0.763,0.485,0.52,0.083,0.277,0.303
0.31,0.368,0.763,0.484,0.519,0.083,0.277,0.303
0.309,0.367,0.763,0.484,0.519,0.083,0.277,0.302
0.309,0.367,0.763,0.484,0.519,0.083,0.277,0.302
0.309,0.367,0.762,0.484,0.519,0.083,0.277,0.302
0.309,0.367,0.762,0.484,0.519,0.083,0.277,0.302
0.309,0.367,0.762,0.484,0.519,0.083,0.277,0.302
0.309,0.367,0.762,0.483,0.519,0.083,0.277,0.302
0.309,0.367,0.761,0.483,0.518,0.083,0.277,0.302
0.309,0.367,0.761,0.483,0.518,0.083,0.277,0.302
0.309,0.367,0.761,0.483,0.518,0.083,0.277,0.302
0.308,0.367,0.761,0.483,0.518,0.083,0.277,0.302
0.308,0.367,0.76,0.483,0.517,0.082,0.277,0.302
0.308,0.367,0.76,0.483,0.517,0.083,0.277,0.302
0.308,0.367,0.76,0.483,0.517,0.083,0.277,0.301
0.308,0.367,0.759,0.483,0.517,0.083,0.277,0.301
0.308,0.367,0.759,0.482,0.517,0.083,0.277,0.301
0.308,0.367,0.759,0.482,0.516,0.083,0.276,0.301
0.307,0.366,0.759,0.482,0.516,0.083,0.276,0.301
0.308,0.366,0.758,0.482,0.516,0.083,0.277,0.301
0.307,0.366,0.758,0.482,0.516,0.082,0.276,0.301
0.307,0.366,0.758,0.481,0.516,0.083,0.276,0.301
0.307,0.366,0.758,0.481,0.516,0.083,0.276,0.301
0.307,0.366,0.757,0.481,0.515,0.082,0.276,0.301
0.307,0.366,0.757,0.481,0.515,0.082,0.276,0.301
0.307,0.366,0.757,0.481,0.515,0.083,0.276,0.3
0.307,0.366,0.757,0.481,0.515,0.083,0.276,0.3
0.307,0.365,0.756,0.481,0.515,0.082,0.276,0.3
0.306,0.365,0.756,0.48,0.515,0.082,0.276,0.3
0.306,0.365,0.756,0.48,0.515,0.083,0.276,0.3
0.306,0.365,0.755,0.48,0.514,0.083,0.276,0.3
0.306,0.365,0.755,0.48,0.514,0.082,0.276,0.3
0.306,0.365,0.755,0.48,0.514,0.082,0.276,0.3
0.306,0.365,0.755,0.48,0.514,0.083,0.276,0.3
0.306,0.365,0.754,0.48,0.514,0.082,0.276,0.3
0.306,0.365,0.754,0.479,0.514,0.082,0.276,0.3
0.306,0.365,0.754,0.479,0.513,0.082,0.275,0.299
0.305,0.365,0.753,0.479,0.513,0.082,0.276,0.299
0.305,0.365,0.753,0.479,0.513,0.082,0.275,0.299
0.305,0.364,0.753,0.479,0.513,0.082,0.275,0.299
0.305,0.364,0.753,0.479,0.513,0.082,0.276,0.299
0.305,0.364,0.752,0.479,0.513,0.082,0.275,0.299
0.305,0.364,0.752,0.478,0.513,0.082,0.275,0.299
0.305,0.364,0.752,0.478,0.512,0.082,0.275,0.299
0.305,0.364,0.752,0.478,0.512,0.082,0.275,0.299
0.305,0.364,0.751,0.478,0.512,0.082,0.275,0.299
0.305,0.364,0.751,0.478,0.512,0.082,0.275,0.298
0.304,0.364,0.751,0.478,0.512,0.083,0.275,0.298
0.304,0.364,0.751,0.477,0.512,0.082,0.275,0.298
0.304,0.364,0.75,0.477,0.511,0.082,0.275,0.298
0.304,0.364,0.75,0.477,0.511,0.082,0.275,0.298
0.304,0.363,0.75,0.477,0.511,0.082,0.275,0.298
0.304,0.363,0.75,0.477,0.511,0.082,0.275,0.298
0.304,0.363,0.749,0.477,0.511,0.082,0.275,0.298
0.304,0.363,0.749,0.476,0.511,0.082,0.275,0.298
0.303,0.363,0.749,0.476,0.51,0.082,0.275,0.297
0.303,0.363,0.749,0.476,0.51,0.082,0.275,0.297
0.303,0.363,0.748,0.476,0.51,0.082,0.275,0.297
0.303,0.363,0.748,0.476,0.51,0.082,0.275,0.297
0.303,0.363,0.748,0.475,0.509,0.082,0.275,0.297
0.303,0.363,0.748,0.475,0.509,0.082,0.274,0.297
0.303,0.363,0.748,0.475,0.509,0.082,0.275,0.297
0.303,0.363,0.747,0.475,0.509,0.082,0.274,0.297
0.303,0.363,0.747,0.475,0.509,0.082,0.274,0.297
0.303,0.363,0.747,0.475,0.509,0.082,0.274,0.297
0.302,0.363,0.746,0.474,0.508,0.082,0.274,0.297
0.302,0.363,0.746,0.474,0.508,0.082,0.274,0.297
0.302,0.362,0.746,0.474,0.508,0.082,0.274,0.297
0.302,0.362,0.746,0.474,0.508,0.082,0.274,0.297
0.302,0.362,0.745,0.474,0.508,0.082,0.274,0.297
0.302,0.362,0.745,0.474,0.508,0.082,0.274,0.296
0.302,0.362,0.745,0.473,0.507,0.082,0.274,0.296
0.302,0.362,0.745,0.473,0.507,0.082,0.274,0.296
0.302,0.362,0.744,0.473,0.507,0.082,0.274,0.296
0.301,0.362,0.744,0.473,0.507,0.082,0.274,0.296
0.301,0.362,0.744,0.473,0.507,0.082,0.274,0.296
0.301,0.362,0.744,0.473,0.507,0.082,0.274,0.296
0.301,0.362,0.744,0.472,0.507,0.082,0.273,0.296
0.301,0.362,0.743,0.472,0.506,0.082,0.273,0.296
0.301,0.362,0.743,0.472,0.506,0.082,0.273,0.296
0.301,0.362,0.743,0.472,0.506,0.082,0.273,0.296
0.301,0.361,0.742,0.472,0.506,0.082,0.273,0.296
0.301,0.361,0.742,0.472,0.506,0.082,0.273,0.296
0.301,0.361,0.742,0.471,0.506,0.082,0.273,0.296
0.3,0.361,0.742,0.471,0.506,0.082,0.273,0.296
0.3,0.361,0.741,0.471,0.506,0.082,0.273,0.296
0.3,0.361,0.741,0.471,0.505,0.082,0.273,0.295
0.3,0.361,0.741,0.471,0.505,0.082,0.273,0.295
0.3,0.361,0.741,0.471,0.505,0.082,0.273,0.295
0.3,0.36,0.741,0.471,0.505,0.082,0.273,0.295
0.3,0.36,0.74,0.471,0.505,0.082,0.273,0.295
0.3,0.36,0.74,0.47,0.505,0.082,0.273,0.295
0.299,0.36,0.74,0.47,0.504,0.082,0.273,0.295
0.3,0.36,0.74,0.47,0.504,0.082,0.273,0.295
0.299,0.36,0.74,0.47,0.504,0.082,0.273,0.295
0.299,0.36,0.739,0.47,0.504,0.082,0.273,0.295
0.299,0.36,0.739,0.47,0.504,0.082,0.273,0.295
0.299,0.36,0.738,0.47,0.504,0.082,0.273,0.295
0.299,0.36,0.738,0.469,0.504,0.082,0.273,0.295
0.299,0.36,0.738,0.469,0.504,0.082,0.272,0.294
0.299,0.36,0.738,0.469,0.503,0.082,0.272,0.294
0.299,0.359,0.738,0.469,0.503,0.082,0.272,0.294
0.299,0.359,0.738,0.469,0.503,0.082,0.272,0.294
0.299,0.359,0.737,0.469,0.503,0.082,0.272,0.294
0.298,0.359,0.737,0.468,0.503,0.082,0.272,0.294
0.298,0.359,0.737,0.468,0.502,0.082,0.272,0.294
0.298,0.359,0.737,0.468,0.502,0.082,0.272,0.294
0.298,0.359,0.736,0.468,0.502,0.082,0.272,0.294
0.298,0.359,0.736,0.468,0.502,0.082,0.272,0.294
0.298,0.359,0.736,0.468,0.502,0.082,0.272,0.294
0.298,0.359,0.736,0.468,0.502,0.082,0.272,0.294
0.298,0.359,0.735,0.467,0.502,0.082,0.272,0.293
0.297,0.359,0.735,0.467,0.501,0.082,0.272,0.293
0.297,0.359,0.735,0.467,0.501,0.082,0.272,0.293
0.297,0.358,0.735,0.467,0.501,0.082,0.272,0.293
0.297,0.358,0.734,0.467,0.501,0.082,0.272,0.293
0.297,0.358,0.734,0.467,0.501,0.082,0.272,0.293
0.297,0.358,0.734,0.466,0.501,0.082,0.272,0.293
0.297,0.358,0.734,0.466,0.5,0.082,0.272,0.293
0.297,0.358,0.733,0.466,0.5,0.082,0.272,0.293
0.297,0.358,0.733,0.466,0.5,0.082,0.272,0.293
0.296,0.358,0.733,0.466,0.5,0.082,0.271,0.293
0.297,0.358,0.733,0.466,0.5,0.082,0.272,0.293
0.296,0.358,0.733,0.465,0.5,0.082,0.271,0.292
0.296,0.358,0.732,0.466,0.5,0.082,0.271,0.292
0.296,0.358,0.732,0.465,0.499,0.082,0.271,0.292
0.296,0.358,0.732,0.465,0.499,0.081,0.271,0.292
0.296,0.358,0.732,0.465,0.499,0.082,0.271,0.292
0.296,0.357,0.732,0.465,0.499,0.081,0.271,0.292
0.296,0.358,0.731,0.465,0.499,0.082,0.271,0.292
0.296,0.357,0.731,0.465,0.499,0.082,0.271,0.292
0.296,0.357,0.731,0.465,0.499,0.082,0.271,0.292
0.296,0.357,0.731,0.465,0.498,0.081,0.271,0.292
0.295,0.357,0.731,0.464,0.498,0.081,0.271,0.292
0.295,0.357,0.73,0.464,0.498,0.081,0.271,0.291
0.295,0.357,0.73,0.464,0.498,0.081,0.271,0.291
0.295,0.357,0.73,0.464,0.498,0.081,0.271,0.291
0.295,0.357,0.73,0.464,0.498,0.081,0.271,0.291
0.295,0.357,0.729,0.464,0.497,0.081,0.271,0.291
0.295,0.357,0.729,0.464,0.497,0.081,0.271,0.291
0.295,0.356,0.729,0.463,0.497,0.081,0.271,0.291
0.295,0.356,0.729,0.463,0.497,0.081,0.27,0.291
0.295,0.356,0.728,0.463,0.497,0.081,0.271,0.291
0.295,0.356,0.728,0.463,0.497,0.081,0.27,0.291
0.294,0.356,0.728,0.463,0.496,0.081,0.27,0.291
0.294,0.356,0.728,0.463,0.496,0.081,0.27,0.291
0.294,0.356,0.728,0.462,0.496,0.081,0.27,0.29
0.294,0.356,0.727,0.462,0.496,0.081,0.27,0.29
0.294,0.355,0.727,0.462,0.496,0.081,0.27,0.29
0.294,0.355,0.727,0.462,0.496,0.081,0.27,0.29
0.294,0.355,0.726,0.462,0.495,0.081,0.27,0.29
0.294,0.355,0.726,0.462,0.495,0.081,0.27,0.29
0.294,0.355,0.726,0.462,0.495,0.081,0.27,0.29
0.293,0.355,0.726,0.462,0.495,0.081,0.27,0.29
0.293,0.355,0.726,0.461,0.495,0.081,0.27,0.29
0.293,0.355,0.725,0.461,0.495,0.081,0.27,0.29
0.293,0.355,0.725,0.461,0.494,0.081,0.27,0.29
0.293,0.355,0.725,0.461,0.494,0.081,0.27,0.29
0.293,0.355,0.725,0.461,0.494,0.081,0.27,0.289
0.293,0.355,0.725,0.461,0.494,0.081,0.27,0.289
0.293,0.355,0.724,0.461,0.494,0.081,0.27,0.289
0.293,0.355,0.724,0.461,0.494,0.081,0.27,0.289
0.293,0.355,0.724,0.46,0.493,0.081,0.27,0.289
0.293,0.355,0.724,0.46,0.493,0.081,0.269,0.289
0.293,0.355,0.723,0.46,0.493,0.081,0.269,0.289
0.292,0.355,0.723,0.46,0.493,0.081,0.269,0.289
0.292,0.354,0.723,0.46,0.493,0.081,0.269,0.289
0.292,0.354,0.723,0.46,0.493,0.081,0.269,0.289
0.292,0.354,0.723,0.459,0.493,0.081,0.269,0.289
0.292,0.354,0.722,0.459,0.492,0.081,0.269,0.289
0.292,0.354,0.722,0.459,0.492,0.081,0.269,0.289
0.292,0.354,0.722,0.459,0.492,0.081,0.269,0.289
0.292,0.354,0.722,0.459,0.492,0.081,0.269,0.289
0.292,0.354,0.721,0.459,0.492,0.081,0.269,0.289
0.292,0.354,0.721,0.458,0.492,0.081,0.269,0.289
0.291,0.353,0.721,0.458,0.492,0.081,0.269,0.288
0.291,0.354,0.721,0.458,0.491,0.081,0.269,0.288
0.291,0.353,0.721,0.458,0.491,0.081,0.269,0.288
0.291,0.353,0.72,0.458,0.491,0.081,0.269,0.288
0.291,0.353,0.72,0.458,0.491,0.081,0.269,0.288
0.291,0.353,0.72,0.457,0.491,0.081,0.269,0.288
0.291,0.353,0.72,0.457,0.491,0.081,0.269,0.288
0.291,0.353,0.72,0.457,0.491,0.081,0.268,0.288
0.29,0.353,0.719,0.457,0.491,0.081,0.269,0.288
0.29,0.353,0.719,0.457,0.491,0.081,0.268,0.288
0.291,0.353,0.719,0.457,0.49,0.081,0.269,0.287
0.29,0.353,0.719,0.456,0.49,0.081,0.268,0.287
0.29,0.353,0.719,0.456,0.49,0.081,0.269,0.287
0.29,0.353,0.718,0.456,0.49,0.081,0.268,0.287
0.29,0.352,0.718,0.456,0.49,0.081,0.268,0.287
0.29,0.352,0.718,0.456,0.49,0.081,0.268,0.287
0.29,0.352,0.718,0.456,0.49,0.081,0.268,0.287
0.29,0.352,0.717,0.456,0.489,0.081,0.268,0.287
0.29,0.352,0.717,0.455,0.489,0.081,0.268,0.287
0.29,0.352,0.717,0.455,0.489,0.081,0.268,0.286
0.289,0.352,0.717,0.455,0.489,0.081,0.268,0.286
0.289,0.352,0.717,0.455,0.489,0.081,0.268,0.286
0.289,0.352,0.716,0.455,0.489,0.081,0.268,0.286
0.289,0.352,0.716,0.455,0.489,0.081,0.268,0.286
0.289,0.352,0.716,0.454,0.488,0.081,0.268,0.286
0.289,0.352,0.716,0.454,0.488,0.081,0.268,0.286
0.289,0.352,0.715,0.454,0.488,0.081,0.268,0.286
0.289,0.351,0.715,0.454,0.488,0.081,0.268,0.286
0.289,0.351,0.715,0.454,0.488,0.081,0.268,0.286
0.289,0.351,0.715,0.454,0.488,0.081,0.268,0.286
0.288,0.351,0.715,0.454,0.488,0.081,0.268,0.286
0.288,0.351,0.714,0.454,0.488,0.081,0.268,0.286
0.288,0.351,0.714,0.453,0.488,0.081,0.267,0.286
0.288,0.351,0.714,0.453,0.488,0.081,0.268,0.285
0.288,0.351,0.714,0.453,0.487,0.081,0.267,0.286
0.288,0.351,0.714,0.453,0.487,0.081,0.267,0.286
0.288,0.351,0.713,0.453,0.487,0.081,0.267,0.286
0.288,0.351,0.713,0.453,0.487,0.081,0.267,0.285
0.288,0.351,0.713,0.453,0.487,0.081,0.267,0.285
0.288,0.351,0.713,0.453,0.487,0.081,0.267,0.285
0.288,0.351,0.713,0.453,0.487,0.081,0.267,0.285
0.288,0.351,0.712,0.452,0.486,0.081,0.267,0.285
0.288,0.351,0.712,0.452,0.486,0.081,0.267,0.285
0.287,0.351,0.712,0.452,0.486,0.081,0.267,0.285
0.287,0.35,0.712,0.452,0.486,0.081,0.267,0.285
0.287,0.351,0.712,0.452,0.486,0.081,0.267,0.285
0.287,0.35,0.712,0.452,0.486,0.081,0.267,0.285
0.287,0.351,0.711,0.452,0.485,0.081,0.267,0.285
0.287,0.35,0.711,0.452,0.485,0.081,0.267,0.285
0.287,0.35,0.711,0.452,0.485,0.081,0.267,0.284
0.287,0.351,0.711,0.452,0.485,0.081,0.267,0.284
0.287,0.35,0.711,0.451,0.485,0.081,0.267,0.284
0.287,0.35,0.71,0.451,0.485,0.081,0.267,0.284
0.286,0.35,0.71,0.451,0.485,0.081,0.267,0.284
0.286,0.35,0.71,0.451,0.484,0.081,0.267,0.284
0.286,0.35,0.71,0.451,0.484,0.08,0.266,0.284
0.286,0.35,0.71,0.451,0.484,0.08,0.266,0.284
0.286,0.35,0.709,0.451,0.484,0.081,0.266,0.284
0.286,0.35,0.709,0.45,0.484,0.081,0.266,0.284
0.286,0.35,0.709,0.45,0.484,0.081,0.266,0.284
0.286,0.35,0.709,0.45,0.484,0.081,0.266,0.284
0.286,0.35,0.709,0.45,0.483,0.081,0.266,0.284
0.286,0.35,0.708,0.45,0.483,0.081,0.266,0.284
0.286,0.35,0.708,0.45,0.483,0.08,0.266,0.284
0.286,0.35,0.708,0.45,0.483,0.081,0.266,0.284
0.286,0.35,0.708,0.45,0.483,0.08,0.266,0.283
0.285,0.35,0.708,0.45,0.483,0.08,0.266,0.283
0.285,0.35,0.707,0.45,0.482,0.08,0.266,0.283
0.285,0.35,0.707,0.449,0.482,0.081,0.266,0.283
0.285,0.35,0.707,0.449,0.482,0.081,0.266,0.283
0.285,0.35,0.707,0.449,0.482,0.081,0.266,0.283
0.285,0.35,0.707,0.449,0.482,0.08,0.266,0.283
0.285,0.35,0.706,0.449,0.482,0.08,0.266,0.283
0.285,0.35,0.706,0.449,0.482,0.081,0.266,0.283
0.285,0.35,0.706,0.448,0.482,0.08,0.266,0.283
0.285,0.35,0.706,0.448,0.482,0.08,0.266,0.283
0.285,0.35,0.706,0.448,0.482,0.081,0.266,0.283
0.285,0.35,0.705,0.448,0.481,0.08,0.265,0.283
0.284,0.349,0.705,0.448,0.481,0.08,0.266,0.283
0.284,0.349,0.705,0.448,0.481,0.08,0.266,0.283
0.284,0.349,0.705,0.448,0.481,0.08,0.265,0.283
0.284,0.349,0.705,0.448,0.481,0.081,0.265,0.283
0.284,0.349,0.704,0.448,0.481,0.081,0.265,0.283
0.284,0.349,0.704,0.447,0.481,0.08,0.265,0.282
0.284,0.349,0.704,0.447,0.481,0.08,0.265,0.282
0.284,0.349,0.704,0.447,0.481,0.08,0.265,0.282
0.284,0.348,0.704,0.447,0.481,0.08,0.265,0.282
0.284,0.348,0.703,0.447,0.481,0.08,0.265,0.282
0.283,0.348,0.703,0.447,0.481,0.08,0.265,0.282
0.283,0.348,0.703,0.447,0.48,0.08,0.265,0.282
0.283,0.348,0.703,0.447,0.48,0.08,0.265,0.282
0.283,0.348,0.703,0.447,0.48,0.08,0.265,0.282
0.283,0.348,0.702,0.446,0.48,0.08,0.265,0.282
0.283,0.348,0.702,0.446,0.48,0.08,0.265,0.282
0.283,0.348,0.702,0.446,0.48,0.08,0.265,0.282
0.283,0.348,0.702,0.446,0.48,0.08,0.265,0.281
0.283,0.348,0.702,0.446,0.48,0.08,0.265,0.281
0.283,0.348,0.701,0.446,0.48,0.08,0.265,0.281
0.283,0.348,0.701,0.446,0.479,0.08,0.265,0.281
0.283,0.348,0.701,0.446,0.479,0.08,0.265,0.281
0.283,0.348,0.701,0.445,0.479,0.08,0.265,0.281
0.282,0.348,0.701,0.446,0.479,0.08,0.264,0.281
0.282,0.347,0.7,0.445,0.479,0.08,0.265,0.281
0.282,0.347,0.7,0.445,0.479,0.08,0.264,0.281
0.282,0.347,0.7,0.445,0.478,0.08,0.264,0.281
0.282,0.347,0.7,0.445,0.478,0.08,0.264,0.281
0.282,0.347,0.7,0.445,0.478,0.08,0.264,0.281
0.282,0.347,0.699,0.445,0.478,0.08,0.264,0.281
0.282,0.347,0.699,0.445,0.478,0.08,0.264,0.281
0.282,0.347,0.699,0.445,0.478,0.08,0.264,0.281
0.282,0.347,0.699,0.444,0.478,0.08,0.264,0.281
0.282,0.347,0.699,0.444,0.478,0.08,0.264,0.28
0.282,0.347,0.698,0.444,0.477,0.08,0.264,0.28
0.282,0.347,0.698,0.444,0.477,0.08,0.264,0.28
0.281,0.347,0.698,0.444,0.477,0.08,0.264,0.28
0.281,0.347,0.698,0.444,0.477,0.08,0.264,0.28
0.281,0.346,0.698,0.444,0.477,0.08,0.264,0.28
0.281,0.346,0.697,0.444,0.477,0.08,0.264,0.28
0.281,0.346,0.697,0.444,0.477,0.08,0.264,0.28
0.281,0.346,0.697,0.444,0.477,0.08,0.264,0.28
0.281,0.346,0.697,0.444,0.476,0.08,0.264,0.28
0.281,0.346,0.697,0.443,0.476,0.08,0.264,0.28
0.281,0.346,0.696,0.443,0.476,0.08,0.264,0.28
0.281,0.346,0.696,0.443,0.476,0.08,0.264,0.28
0.281,0.346,0.696,0.443,0.476,0.08,0.264,0.28
0.281,0.346,0.696,0.443,0.476,0.08,0.264,0.28
0.28,0.346,0.696,0.443,0.476,0.08,0.263,0.28
0.28,0.346,0.695,0.443,0.476,0.08,0.263,0.28
0.28,0.346,0.695,0.442,0.476,0.08,0.263,0.28
0.28,0.346,0.695,0.442,0.476,0.08,0.263,0.28
0.28,0.346,0.695,0.442,0.476,0.08,0.263,0.28
0.28,0.345,0.695,0.442,0.475,0.08,0.263,0.279
0.28,0.345,0.694,0.442,0.476,0.08,0.263,0.28
0.28,0.345,0.694,0.442,0.476,0.08,0.263,0.279
0.28,0.345,0.694,0.442,0.475,0.08,0.263,0.279
0.28,0.345,0.694,0.442,0.475,0.08,0.263,0.279
0.28,0.345,0.694,0.442,0.475,0.08,0.263,0.279
0.28,0.345,0.693,0.442,0.475,0.08,0.263,0.279
0.28,0.345,0.693,0.442,0.475,0.08,0.263,0.279
0.279,0.345,0.693,0.441,0.475,0.08,0.263,0.279
0.28,0.344,0.693,0.441,0.475,0.08,0.263,0.279
0.279,0.344,0.693,0.441,0.475,0.08,0.263,0.279
0.279,0.344,0.692,0.441,0.475,0.08,0.263,0.279
0.279,0.344,0.692,0.441,0.475,0.08,0.263,0.279
0.279,0.344,0.692,0.441,0.474,0.08,0.263,0.278
0.279,0.344,0.692,0.441,0.474,0.08,0.263,0.278
0.279,0.344,0.692,0.441,0.474,0.08,0.263,0.278
0.279,0.344,0.692,0.44,0.474,0.08,0.263,0.278
0.279,0.344,0.691,0.44,0.474,0.08,0.263,0.278
0.279,0.344,0.691,0.44,0.474,0.08,0.262,0.278
0.278,0.344,0.691,0.44,0.474,0.08,0.263,0.278
0.279,0.343,0.691,0.44,0.474,0.08,0.262,0.278
0.279,0.343,0.69,0.44,0.474,0.08,0.262,0.278
0.279,0.343,0.69,0.44,0.473,0.08,0.263,0.278
0.278,0.343,0.69,0.44,0.473,0.08,0.262,0.278
0.278,0.343,0.69,0.439,0.473,0.08,0.263,0.278
0.278,0.343,0.69,0.439,0.473,0.08,0.262,0.277
0.278,0.343,0.689,0.439,0.473,0.08,0.262,0.277
0.278,0.343,0.689,0.439,0.473,0.08,0.262,0.277
0.278,0.343,0.689,0.439,0.473,0.08,0.262,0.277
0.278,0.343,0.689,0.439,0.473,0.08,0.262,0.277
0.278,0.343,0.689,0.439,0.472,0.08,0.262,0.277
0.278,0.342,0.688,0.439,0.472,0.08,0.262,0.277
0.278,0.343,0.688,0.438,0.472,0.08,0.262,0.277
0.278,0.342,0.688,0.438,0.472,0.08,0.262,0.277
0.278,0.343,0.688,0.438,0.472,0.08,0.262,0.277
0.277,0.343,0.688,0.438,0.472,0.08,0.262,0.277
0.277,0.342,0.688,0.438,0.471,0.08,0.262,0.277
0.277,0.343,0.687,0.438,0.471,0.08,0.262,0.277
0.277,0.342,0.687,0.438,0.471,0.08,0.262,0.277
0.277,0.342,0.687,0.438,0.471,0.08,0.262,0.277
0.277,0.342,0.687,0.437,0.471,0.08,0.262,0.277
0.277,0.342,0.687,0.437,0.471,0.08,0.262,0.277
0.277,0.342,0.686,0.437,0.471,0.08,0.262,0.277
0.277,0.342,0.686,0.437,0.47,0.08,0.262,0.277
0.277,0.342,0.686,0.437,0.47,0.08,0.261,0.277
0.277,0.342,0.686,0.437,0.47,0.08,0.261,0.276
0.277,0.342,0.686,0.437,0.47,0.08,0.261,0.276
0.276,0.342,0.685,0.436,0.47,0.08,0.261,0.276
0.277,0.342,0.685,0.436,0.47,0.08,0.261,0.276
0.277,0.342,0.685,0.436,0.47,0.08,0.261,0.276
0.276,0.341,0.685,0.436,0.47,0.08,0.261,0.276
0.276,0.341,0.685,0.436,0.469,0.079,0.261,0.276
0.276,0.341,0.684,0.436,0.469,0.08,0.261,0.276
0.276,0.341,0.684,0.436,0.469,0.08,0.261,0.276
0.276,0.341,0.684,0.436,0.469,0.08,0.261,0.276
0.276,0.341,0.684,0.435,0.469,0.08,0.261,0.276
0.276,0.341,0.684,0.435,0.469,0.08,0.261,0.276
0.276,0.341,0.683,0.435,0.469,0.08,0.261,0.276
0.276,0.341,0.683,0.435,0.468,0.08,0.261,0.276
0.276,0.341,0.683,0.435,0.469,0.08,0.261,0.276
0.276,0.341,0.683,0.435,0.468,0.08,0.261,0.275
0.276,0.341,0.683,0.435,0.468,0.079,0.261,0.275
0.275,0.341,0.683,0.435,0.468,0.08,0.261,0.275
0.275,0.341,0.682,0.435,0.468,0.08,0.261,0.275
0.275,0.341,0.682,0.434,0.468,0.079,0.261,0.275
0.275,0.341,0.682,0.434,0.468,0.079,0.261,0.275
0.275,0.341,0.682,0.434,0.468,0.079,0.26,0.275
0.275,0.341,0.682,0.434,0.468,0.079,0.26,0.275
0.275,0.341,0.682,0.434,0.468,0.079,0.26,0.275
0.275,0.341,0.681,0.434,0.468,0.08,0.26,0.275
0.275,0.341,0.681,0.434,0.468,0.079,0.26,0.275
0.275,0.341,0.681,0.434,0.468,0.079,0.26,0.275
0.275,0.341,0.681,0.434,0.468,0.079,0.26,0.275
0.275,0.341,0.681,0.434,0.468,0.08,0.26,0.275
0.275,0.341,0.68,0.434,0.468,0.079,0.26,0.275
0.274,0.34,0.68,0.434,0.468,0.079,0.26,0.275
0.274,0.34,0.68,0.433,0.467,0.079,0.26,0.275
0.274,0.34,0.68,0.434,0.467,0.08,0.26,0.275
0.274,0.34,0.68,0.433,0.467,0.079,0.26,0.274
0.274,0.34,0.679,0.433,0.467,0.079,0.26,0.274
0.274,0.34,0.679,0.433,0.467,0.079,0.26,0.274
0.274,0.34,0.679,0.433,0.467,0.079,0.26,0.274
0.274,0.34,0.679,0.433,0.467,0.079,0.26,0.274
0.274,0.34,0.679,0.433,0.467,0.079,0.26,0.274
0.274,0.34,0.679,0.433,0.467,0.079,0.26,0.274
0.274,0.34,0.678,0.433,0.466,0.079,0.26,0.274
0.274,0.34,0.678,0.433,0.466,0.079,0.26,0.274
0.274,0.339,0.678,0.433,0.466,0.079,0.26,0.274
0.273,0.34,0.678,0.432,0.466,0.079,0.26,0.274
0.274,0.339,0.678,0.432,0.466,0.079,0.26,0.274
0.273,0.339,0.677,0.432,0.466,0.079,0.26,0.274
0.273,0.339,0.677,0.432,0.466,0.079,0.259,0.273
0.273,0.339,0.677,0.432,0.466,0.079,0.26,0.273
0.273,0.339,0.677,0.432,0.466,0.079,0.26,0.273
0.273,0.339,0.677,0.432,0.465,0.079,0.259,0.273
0.273,0.339,0.676,0.431,0.465,0.079,0.259,0.273
0.273,0.339,0.676,0.431,0.465,0.079,0.259,0.273
0.273,0.339,0.676,0.431,0.465,0.079,0.259,0.273
0.273,0.339,0.676,0.431,0.465,0.079,0.259,0.273
0.273,0.339,0.676,0.431,0.465,0.079,0.259,0.273
0.273,0.339,0.676,0.431,0.465,0.079,0.259,0.273
0.273,0.339,0.676,0.431,0.464,0.079,0.259,0.273
0.273,0.339,0.675,0.431,0.464,0.079,0.259,0.273
0.272,0.339,0.675,0.431,0.464,0.079,0.259,0.273
0.272,0.339,0.675,0.431,0.464,0.079,0.259,0.273
0.272,0.339,0.675,0.431,0.464,0.079,0.259,0.273
0.272,0.338,0.675,0.431,0.464,0.079,0.259,0.273
0.272,0.339,0.674,0.43,0.464,0.079,0.259,0.273
0.272,0.338,0.674,0.43,0.464,0.079,0.259,0.273
0.272,0.338,0.674,0.43,0.464,0.079,0.259,0.273
0.272,0.338,0.674,0.43,0.464,0.079,0.259,0.273
0.272,0.338,0.674,0.43,0.464,0.079,0.259,0.273
0.272,0.338,0.673,0.43,0.463,0.079,0.259,0.273
0.272,0.338,0.673,0.43,0.463,0.079,0.259,0.272
0.272,0.338,0.673,0.43,0.463,0.079,0.259,0.272
0.272,0.338,0.673,0.43,0.463,0.079,0.258,0.272
0.271,0.338,0.673,0.43,0.463,0.079,0.259,0.272
0.272,0.338,0.673,0.43,0.463,0.079,0.259,0.272
0.271,0.338,0.672,0.429,0.463,0.079,0.258,0.272
0.271,0.338,0.672,0.429,0.463,0.079,0.259,0.272
0.271,0.338,0.672,0.429,0.463,0.079,0.258,0.272
0.271,0.338,0.672,0.429,0.463,0.079,0.258,0.272
0.271,0.338,0.672,0.429,0.462,0.079,0.258,0.272
0.271,0.338,0.672,0.429,0.462,0.079,0.258,0.272
0.271,0.338,0.671,0.429,0.462,0.079,0.258,0.272
0.271,0.338,0.671,0.429,0.462,0.079,0.258,0.272
0.271,0.338,0.671,0.429,0.462,0.079,0.258,0.272
0.271,0.338,0.671,0.428,0.462,0.079,0.258,0.272
0.271,0.338,0.671,0.428,0.462,0.079,0.258,0.272
0.271,0.337,0.671,0.428,0.462,0.079,0.258,0.272
0.271,0.337,0.67,0.428,0.462,0.079,0.258,0.272
0.27,0.337,0.67,0.428,0.461,0.079,0.258,0.271
0.271,0.337,0.67,0.428,0.461,0.079,0.258,0.271
0.27,0.337,0.67,0.428,0.461,0.079,0.258,0.271
0.27,0.337,0.67,0.428,0.461,0.079,0.258,0.271
0.27,0.337,0.67,0.428,0.461,0.079,0.258,0.271
0.27,0.337,0.669,0.428,0.461,0.079,0.258,0.271
0.27,0.337,0.669,0.427,0.461,0.079,0.258,0.271
0.27,0.337,0.669,0.427,0.461,0.079,0.258,0.271
0.27,0.337,0.669,0.427,0.461,0.079,0.258,0.271
0.27,0.337,0.669,0.427,0.461,0.079,0.257,0.271
0.27,0.337,0.669,0.427,0.46,0.079,0.257,0.271
0.27,0.337,0.668,0.427,0.46,0.079,0.257,0.271
0.27,0.337,0.668,0.427,0.46,0.079,0.257,0.271
0.27,0.337,0.668,0.427,0.46,0.079,0.257,0.271
0.27,0.337,0.668,0.426,0.46,0.079,0.257,0.271
0.27,0.336,0.668,0.426,0.46,0.079,0.257,0.271
0.27,0.336,0.668,0.426,0.46,0.079,0.257,0.271
0.269,0.336,0.667,0.426,0.46,0.079,0.257,0.271
0.269,0.336,0.667,0.426,0.46,0.079,0.257,0.271
0.269,0.336,0.667,0.426,0.459,0.079,0.257,0.271
0.269,0.336,0.667,0.426,0.459,0.079,0.257,0.27
0.269,0.336,0.667,0.426,0.459,0.079,0.257,0.271
0.269,0.336,0.666,0.426,0.459,0.079,0.257,0.271
0.269,0.336,0.666,0.425,0.459,0.079,0.257,0.27
0.269,0.336,0.666,0.425,0.459,0.079,0.257,0.27
0.269,0.336,0.666,0.425,0.459,0.079,0.257,0.27
0.269,0.336,0.666,0.425,0.459,0.079,0.257,0.27
0.269,0.336,0.666,0.425,0.459,0.079,0.257,0.27
0.269,0.336,0.666,0.425,0.459,0.079,0.257,0.27
0.269,0.336,0.666,0.425,0.459,0.079,0.257,0.27
0.269,0.336,0.665,0.425,0.458,0.079,0.257,0.27
0.269,0.336,0.665,0.425,0.458,0.079,0.257,0.27
0.268,0.336,0.665,0.425,0.458,0.079,0.257,0.27
0.268,0.336,0.665,0.425,0.458,0.079,0.257,0.27
0.268,0.335,0.665,0.425,0.458,0.079,0.257,0.27
0.268,0.336,0.664,0.425,0.458,0.079,0.257,0.27
0.268,0.335,0.664,0.424,0.458,0.079,0.257,0.27
0.268,0.335,0.664,0.424,0.458,0.079,0.256,0.27
0.268,0.335,0.664,0.424,0.457,0.079,0.256,0.27
0.268,0.335,0.664,0.424,0.457,0.079,0.256,0.27
0.268,0.335,0.663,0.424,0.457,0.079,0.256,0.27
0.268,0.335,0.663,0.424,0.457,0.079,0.257,0.27
0.268,0.335,0.663,0.424,0.457,0.079,0.256,0.27
0.268,0.335,0.663,0.424,0.457,0.079,0.256,0.269
0.268,0.335,0.663,0.424,0.457,0.079,0.256,0.27
0.267,0.335,0.663,0.424,0.457,0.079,0.256,0.269
0.267,0.335,0.663,0.423,0.457,0.079,0.256,0.269
0.267,0.335,0.662,0.423,0.457,0.079,0.256,0.269
0.267,0.335,0.662,0.423,0.457,0.079,0.256,0.269
0.267,0.335,0.662,0.423,0.456,0.079,0.256,0.269
0.267,0.335,0.662,0.423,0.456,0.079,0.256,0.269
0.267,0.335,0.662,0.423,0.456,0.079,0.256,0.269
0.267,0.335,0.662,0.423,0.456,0.079,0.256,0.269
0.267,0.335,0.661,0.423,0.456,0.079,0.256,0.269
0.267,0.335,0.661,0.423,0.456,0.079,0.256,0.269
0.267,0.335,0.661,0.423,0.456,0.079,0.256,0.269
0.267,0.335,0.661,0.423,0.456,0.079,0.256,0.269
0.267,0.335,0.661,0.422,0.455,0.079,0.256,0.269
0.267,0.335,0.661,0.422,0.455,0.079,0.256,0.269
0.267,0.335,0.661,0.422,0.455,0.079,0.256,0.269
0.267,0.335,0.66,0.422,0.455,0.079,0.256,0.269
0.267,0.335,0.66,0.422,0.455,0.079,0.256,0.269
0.267,0.335,0.66,0.422,0.455,0.079,0.255,0.269
0.266,0.335,0.66,0.422,0.455,0.079,0.255,0.269
0.266,0.335,0.66,0.422,0.455,0.079,0.256,0.269
0.266,0.335,0.659,0.422,0.455,0.079,0.255,0.269
0.266,0.335,0.659,0.422,0.455,0.079,0.255,0.269
0.266,0.335,0.659,0.421,0.455,0.079,0.255,0.268
0.266,0.335,0.659,0.421,0.455,0.079,0.255,0.268
0.266,0.335,0.659,0.421,0.454,0.079,0.255,0.268
0.266,0.335,0.659,0.421,0.455,0.079,0.255,0.268
0.266,0.335,0.658,0.421,0.454,0.079,0.255,0.268
0.266,0.335,0.658,0.421,0.454,0.079,0.255,0.269
0.266,0.335,0.658,0.421,0.454,0.079,0.255,0.268
0.266,0.335,0.658,0.421,0.454,0.079,0.255,0.268
0.266,0.335,0.658,0.421,0.454,0.079,0.255,0.269
0.266,0.334,0.658,0.421,0.454,0.079,0.255,0.268
0.266,0.334,0.658,0.42,0.454,0.079,0.255,0.268
0.266,0.334,0.657,0.42,0.454,0.079,0.255,0.268
0.266,0.334,0.657,0.42,0.454,0.079,0.255,0.268
0.266,0.334,0.657,0.42,0.454,0.079,0.255,0.268
0.265,0.334,0.657,0.42,0.454,0.079,0.255,0.268
0.265,0.334,0.657,0.42,0.454,0.079,0.255,0.268
0.265,0.334,0.657,0.42,0.454,0.079,0.255,0.268
0.265,0.334,0.656,0.42,0.454,0.079,0.255,0.268
0.265,0.334,0.656,0.42,0.454,0.079,0.255,0.268
0.265,0.333,0.656,0.42,0.454,0.079,0.255,0.268
0.265,0.333,0.656,0.42,0.454,0.079,0.255,0.268
0.265,0.333,0.656,0.42,0.454,0.079,0.255,0.268
0.265,0.333,0.656,0.42,0.454,0.079,0.255,0.268
0.265,0.333,0.655,0.42,0.454,0.079,0.254,0.268
0.265,0.333,0.655,0.42,0.454,0.079,0.254,0.267
0.265,0.333,0.655,0.419,0.454,0.079,0.254,0.267
0.265,0.333,0.655,0.419,0.454,0.079,0.254,0.267
0.265,0.333,0.655,0.419,0.454,0.079,0.255,0.267
0.265,0.332,0.655,0.419,0.454,0.079,0.254,0.267
0.264,0.332,0.655,0.419,0.454,0.079,0.254,0.267
0.264,0.332,0.654,0.419,0.454,0.079,0.254,0.267
0.264,0.332,0.654,0.419,0.454,0.079,0.254,0.267
0.264,0.332,0.654,0.419,0.453,0.079,0.254,0.267
0.264,0.332,0.654,0.419,0.453,0.079,0.254,0.267
0.264,0.332,0.654,0.419,0.453,0.079,0.254,0.267
0.264,0.332,0.654,0.419,0.453,0.079,0.254,0.267
0.264,0.332,0.653,0.419,0.453,0.079,0.254,0.266
0.264,0.332,0.653,0.418,0.453,0.079,0.254,0.266
0.264,0.332,0.653,0.418,0.453,0.078,0.254,0.266
0.264,0.332,0.653,0.418,0.453,0.079,0.254,0.266
0.264,0.332,0.653,0.418,0.452,0.079,0.254,0.266
0.264,0.332,0.653,0.418,0.452,0.079,0.254,0.266
0.264,0.332,0.652,0.418,0.452,0.079,0.254,0.266
0.264,0.331,0.652,0.418,0.452,0.079,0.254,0.266
0.263,0.331,0.652,0.418,0.452,0.079,0.254,0.266
0.263,0.331,0.652,0.417,0.452,0.079,0.254,0.266
0.263,0.331,0.652,0.417,0.452,0.079,0.254,0.266
0.263,0.331,0.652,0.417,0.452,0.079,0.254,0.266
0.263,0.331,0.652,0.417,0.452,0.079,0.254,0.266
0.263,0.331,0.651,0.417,0.452,0.079,0.254,0.266
0.263,0.331,0.651,0.417,0.451,0.078,0.254,0.266
0.263,0.331,0.651,0.417,0.451,0.079,0.253,0.266
0.263,0.331,0.651,0.417,0.451,0.079,0.253,0.266
0.263,0.331,0.651,0.417,0.451,0.078,0.254,0.266
0.263,0.331,0.651,0.417,0.451,0.079,0.254,0.266
0.263,0.331,0.65,0.416,0.451,0.079,0.253,0.265
0.263,0.331,0.65,0.417,0.451,0.079,0.253,0.266
0.263,0.331,0.65,0.416,0.451,0.079,0.253,0.265
0.263,0.331,0.65,0.416,0.451,0.078,0.253,0.265
0.263,0.331,0.65,0.416,0.45,0.079,0.253,0.265
0.263,0.331,0.649,0.416,0.45,0.078,0.253,0.266
0.263,0.33,0.649,0.416,0.45,0.079,0.253,0.265
0.262,0.33,0.649,0.416,0.45,0.079,0.253,0.265
0.262,0.33,0.649,0.416,0.45,0.078,0.253,0.265
0.262,0.33,0.649,0.416,0.45,0.079,0.253,0.265
0.262,0.33,0.649,0.416,0.45,0.078,0.253,0.265
0.262,0.33,0.649,0.416,0.45,0.078,0.253,0.265
0.262,0.33,0.649,0.415,0.45,0.078,0.253,0.265
0.262,0.33,0.648,0.415,0.45,0.078,0.253,0.265
0.262,0.33,0.648,0.415,0.45,0.078,0.253,0.265
0.262,0.33,0.648,0.415,0.45,0.079,0.253,0.265
0.262,0.33,0.648,0.415,0.449,0.078,0.253,0.265
0.262,0.33,0.648,0.415,0.449,0.079,0.253,0.265
0.262,0.33,0.648,0.415,0.449,0.079,0.253,0.264
0.262,0.33,0.647,0.415,0.449,0.078,0.253,0.264
0.262,0.33,0.647,0.415,0.449,0.078,0.253,0.264
0.262,0.33,0.647,0.415,0.449,0.078,0.253,0.264
0.261,0.33,0.647,0.415,0.449,0.078,0.253,0.264
0.261,0.33,0.647,0.415,0.449,0.078,0.253,0.264
0.261,0.33,0.647,0.415,0.449,0.078,0.253,0.264
0.261,0.33,0.647,0.415,0.449,0.078,0.252,0.264
0.261,0.33,0.647,0.414,0.449,0.079,0.252,0.264
0.261,0.33,0.646,0.414,0.449,0.078,0.252,0.264
0.261,0.33,0.646,0.414,0.449,0.078,0.252,0.264
0.261,0.33,0.646,0.415,0.449,0.078,0.252,0.264
0.261,0.33,0.646,0.415,0.449,0.078,0.252,0.264
0.261,0.33,0.646,0.414,0.449,0.078,0.252,0.264
0.261,0.329,0.645,0.415,0.449,0.078,0.252,0.264
0.261,0.329,0.645,0.415,0.449,0.078,0.252,0.264
0.261,0.329,0.645,0.414,0.449,0.078,0.252,0.264
0.261,0.329,0.645,0.414,0.449,0.078,0.252,0.264
0.261,0.329,0.645,0.414,0.448,0.078,0.252,0.264
0.261,0.329,0.645,0.415,0.448,0.078,0.252,0.264
0.261,0.329,0.645,0.414,0.448,0.078,0.252,0.264
0.261,0.329,0.645,0.414,0.448,0.078,0.252,0.263
0.26,0.329,0.644,0.414,0.448,0.078,0.252,0.263
0.26,0.329,0.644,0.414,0.448,0.078,0.252,0.263
0.261,0.329,0.644,0.414,0.448,0.078,0.252,0.263
0.26,0.329,0.644,0.414,0.448,0.078,0.252,0.263
0.26,0.329,0.644,0.414,0.448,0.078,0.252,0.263
0.26,0.329,0.644,0.414,0.447,0.078,0.252,0.263
0.26,0.329,0.643,0.414,0.447,0.078,0.252,0.263
0.26,0.329,0.643,0.414,0.447,0.078,0.252,0.263
0.26,0.328,0.643,0.414,0.447,0.078,0.252,0.263
0.26,0.328,0.643,0.414,0.447,0.078,0.252,0.263
0.26,0.328,0.643,0.413,0.447,0.078,0.251,0.263
0.26,0.328,0.643,0.413,0.447,0.078,0.251,0.263
0.26,0.328,0.643,0.413,0.446,0.078,0.251,0.263
0.26,0.328,0.643,0.413,0.446,0.078,0.251,0.263
0.26,0.328,0.642,0.413,0.446,0.078,0.251,0.263
0.26,0.328,0.642,0.413,0.446,0.078,0.251,0.263
0.259,0.328,0.642,0.413,0.446,0.078,0.251,0.263
0.26,0.328,0.642,0.413,0.446,0.078,0.251,0.263
0.259,0.328,0.642,0.413,0.446,0.078,0.251,0.263
0.26,0.328,0.642,0.412,0.446,0.078,0.251,0.262
0.259,0.328,0.642,0.413,0.446,0.078,0.251,0.263
0.259,0.328,0.642,0.412,0.445,0.078,0.251,0.262
0.259,0.328,0.641,0.412,0.445,0.078,0.251,0.262
0.259,0.328,0.641,0.412,0.445,0.078,0.251,0.262
0.259,0.328,0.641,0.412,0.445,0.078,0.251,0.262
0.259,0.328,0.641,0.412,0.445,0.078,0.251,0.262
0.259,0.328,0.641,0.412,0.445,0.078,0.251,0.262
0.259,0.328,0.641,0.411,0.445,0.078,0.251,0.262
0.259,0.328,0.64,0.412,0.444,0.078,0.251,0.262
0.259,0.328,0.64,0.411,0.444,0.078,0.251,0.262
0.259,0.328,0.64,0.411,0.444,0.078,0.251,0.262
0.259,0.328,0.64,0.411,0.444,0.078,0.251,0.262
0.259,0.328,0.64,0.411,0.444,0.078,0.251,0.262
0.259,0.328,0.64,0.411,0.444,0.078,0.251,0.262
0.259,0.328,0.639,0.411,0.444,0.078,0.251,0.262
0.259,0.328,0.639,0.411,0.444,0.078,0.251,0.262
0.258,0.328,0.639,0.411,0.444,0.078,0.251,0.262
0.258,0.328,0.639,0.411,0.444,0.078,0.251,0.262
0.258,0.328,0.639,0.41,0.444,0.078,0.251,0.262
0.258,0.328,0.639,0.41,0.443,0.078,0.251,0.262
0.258,0.328,0.639,0.41,0.443,0.078,0.251,0.262
0.258,0.328,0.638,0.41,0.443,0.078,0.251,0.262
0.258,0.328,0.638,0.41,0.443,0.078,0.25,0.262
0.258,0.328,0.638,0.41,0.443,0.078,0.251,0.262
0.258,0.328,0.638,0.41,0.443,0.078,0.251,0.262
0.258,0.328,0.638,0.41,0.443,0.078,0.25,0.262
0.258,0.328,0.638,0.41,0.443,0.078,0.25,0.262
0.258,0.328,0.638,0.409,0.443,0.078,0.25,0.262
0.258,0.328,0.637,0.409,0.443,0.078,0.25,0.262
0.258,0.327,0.637,0.409,0.443,0.078,0.25,0.262
0.258,0.327,0.637,0.409,0.443,0.078,0.25,0.262
0.258,0.327,0.637,0.409,0.443,0.078,0.25,0.261
0.258,0.328,0.637,0.409,0.443,0.078,0.25,0.261
0.257,0.327,0.637,0.409,0.443,0.078,0.25,0.261
0.258,0.327,0.637,0.409,0.443,0.078,0.25,0.261
0.257,0.328,0.637,0.409,0.442,0.078,0.25,0.261
0.257,0.328,0.636,0.408,0.442,0.078,0.25,0.261
0.257,0.328,0.636,0.409,0.442,0.078,0.25,0.261
0.257,0.328,0.636,0.408,0.442,0.078,0.25,0.261
0.257,0.328,0.636,0.408,0.442,0.078,0.25,0.261
0.257,0.328,0.636,0.408,0.442,0.078,0.25,0.261
0.257,0.327,0.636,0.408,0.442,0.078,0.25,0.261
0.257,0.327,0.635,0.408,0.442,0.078,0.25,0.261
0.257,0.327,0.635,0.408,0.442,0.078,0.25,0.261
0.257,0.327,0.635,0.408,0.442,0.078,0.25,0.261
0.257,0.327,0.635,0.408,0.442,0.078,0.25,0.261
0.257,0.328,0.635,0.408,0.442,0.078,0.25,0.261
0.257,0.327,0.635,0.407,0.442,0.078,0.25,0.261
0.257,0.327,0.635,0.407,0.442,0.078,0.25,0.261
0.257,0.327,0.635,0.407,0.441,0.078,0.25,0.261
0.257,0.327,0.634,0.407,0.441,0.078,0.25,0.261
0.256,0.327,0.634,0.407,0.441,0.078,0.25,0.261
0.257,0.327,0.634,0.407,0.441,0.078,0.25,0.261
0.257,0.327,0.634,0.407,0.441,0.078,0.249,0.261
0.256,0.327,0.634,0.407,0.441,0.078,0.249,0.261
0.256,0.327,0.634,0.407,0.441,0.078,0.249,0.261
0.256,0.327,0.634,0.407,0.441,0.078,0.249,0.26
0.256,0.327,0.633,0.407,0.441,0.078,0.249,0.261
0.256,0.327,0.633,0.406,0.441,0.078,0.249,0.26
0.256,0.327,0.633,0.406,0.441,0.078,0.249,0.26
0.256,0.327,0.633,0.406,0.441,0.078,0.249,0.26
0.256,0.327,0.633,0.406,0.441,0.078,0.249,0.26
0.256,0.327,0.633,0.406,0.44,0.078,0.249,0.26
0.256,0.327,0.633,0.406,0.44,0.078,0.249,0.26
0.256,0.327,0.632,0.406,0.44,0.078,0.249,0.26
0.256,0.327,0.632,0.406,0.44,0.078,0.249,0.26
0.256,0.327,0.632,0.406,0.44,0.078,0.249,0.26
0.256,0.327,0.632,0.406,0.44,0.078,0.249,0.26
0.256,0.327,0.632,0.406,0.44,0.078,0.249,0.26
0.256,0.327,0.632,0.406,0.44,0.078,0.249,0.26
0.255,0.327,0.632,0.405,0.44,0.078,0.249,0.26
0.256,0.327,0.631,0.405,0.44,0.078,0.249,0.26
0.255,0.327,0.631,0.405,0.44,0.078,0.249,0.26
0.256,0.326,0.631,0.405,0.44,0.078,0.249,0.26
0.255,0.326,0.631,0.405,0.44,0.078,0.249,0.26
0.255,0.326,0.631,0.405,0.439,0.078,0.249,0.26
0.255,0.326,0.631,0.405,0.44,0.078,0.249,0.26
0.255,0.326,0.631,0.405,0.439,0.078,0.249,0.26
0.255,0.326,0.631,0.405,0.439,0.078,0.249,0.26
0.255,0.326,0.63,0.405,0.439,0.078,0.249,0.26
0.255,0.326,0.63,0.405,0.439,0.078,0.249,0.26
0.255,0.326,0.63,0.405,0.439,0.078,0.249,0.26
0.255,0.326,0.63,0.405,0.439,0.078,0.249,0.259
0.255,0.326,0.63,0.405,0.439,0.078,0.249,0.259
0.255,0.326,0.63,0.405,0.439,0.078,0.248,0.26
0.255,0.326,0.63,0.404,0.439,0.078,0.248,0.259
0.255,0.325,0.63,0.404,0.439,0.078,0.249,0.259
0.255,0.326,0.629,0.404,0.439,0.078,0.248,0.259
0.255,0.326,0.629,0.404,0.439,0.078,0.248,0.259
0.254,0.325,0.629,0.404,0.439,0.078,0.248,0.259
0.254,0.325,0.629,0.404,0.439,0.078,0.248,0.259
0.255,0.325,0.629,0.404,0.439,0.078,0.248,0.259
0.254,0.325,0.629,0.404,0.438,0.078,0.248,0.259
0.254,0.325,0.629,0.404,0.438,0.078,0.248,0.259
0.254,0.325,0.628,0.404,0.438,0.078,0.248,0.259
0.254,0.325,0.628,0.404,0.438,0.078,0.248,0.259
0.254,0.325,0.628,0.404,0.438,0.078,0.248,0.259
0.254,0.325,0.628,0.404,0.438,0.078,0.248,0.259
0.254,0.325,0.628,0.403,0.438,0.078,0.248,0.259
0.254,0.325,0.628,0.403,0.438,0.078,0.248,0.259
0.254,0.325,0.628,0.403,0.438,0.078,0.248,0.259
0.254,0.325,0.627,0.403,0.438,0.078,0.248,0.259
0.254,0.325,0.627,0.403,0.438,0.078,0.248,0.259
0.254,0.325,0.627,0.403,0.438,0.078,0.248,0.259
0.254,0.324,0.627,0.403,0.438,0.078,0.248,0.259
0.254,0.324,0.627,0.403,0.438,0.078,0.248,0.258
0.254,0.324,0.627,0.403,0.438,0.078,0.248,0.258
0.253,0.324,0.627,0.403,0.438,0.078,0.248,0.258
0.254,0.324,0.626,0.403,0.437,0.078,0.248,0.258
0.254,0.324,0.627,0.403,0.437,0.078,0.248,0.259
0.254,0.324,0.626,0.403,0.438,0.078,0.248,0.259
0.253,0.324,0.626,0.403,0.437,0.078,0.248,0.258
0.253,0.324,0.626,0.402,0.437,0.078,0.248,0.258
0.253,0.324,0.626,0.403,0.437,0.078,0.247,0.258
0.253,0.324,0.626,0.402,0.437,0.078,0.247,0.258
0.253,0.324,0.626,0.402,0.437,0.078,0.248,0.258
0.253,0.324,0.625,0.402,0.437,0.078,0.247,0.258
0.253,0.324,0.625,0.402,0.437,0.078,0.248,0.258
0.253,0.324,0.625,0.402,0.437,0.078,0.247,0.258
0.253,0.324,0.625,0.402,0.437,0.078,0.247,0.258
0.253,0.324,0.625,0.402,0.437,0.078,0.247,0.258
0.253,0.324,0.625,0.402,0.437,0.078,0.247,0.258
0.253,0.324,0.624,0.402,0.437,0.078,0.247,0.258
0.253,0.324,0.624,0.402,0.436,0.078,0.247,0.258
0.253,0.324,0.624,0.402,0.436,0.078,0.247,0.258
0.253,0.324,0.624,0.402,0.436,0.078,0.247,0.258
0.253,0.324,0.624,0.401,0.436,0.078,0.247,0.258
0.253,0.324,0.624,0.401,0.436,0.078,0.247,0.258
0.253,0.324,0.624,0.401,0.436,0.078,0.247,0.258
0.253,0.324,0.624,0.401,0.436,0.078,0.247,0.258
0.253,0.324,0.623,0.401,0.436,0.078,0.247,0.258
0.253,0.324,0.623,0.401,0.436,0.078,0.247,0.258
0.252,0.324,0.623,0.401,0.436,0.078,0.247,0.258
0.252,0.323,0.623,0.401,0.435,0.078,0.247,0.258
0.252,0.324,0.623,0.401,0.435,0.078,0.247,0.258
0.252,0.324,0.623,0.401,0.435,0.078,0.247,0.258
0.252,0.323,0.623,0.4,0.435,0.078,0.247,0.258
0.252,0.323,0.622,0.4,0.435,0.078,0.247,0.258
0.252,0.323,0.622,0.4,0.435,0.078,0.247,0.258
0.252,0.323,0.622,0.4,0.435,0.078,0.247,0.258
0.252,0.323,0.622,0.4,0.435,0.078,0.247,0.258
0.252,0.323,0.622,0.4,0.435,0.078,0.247,0.257
0.252,0.323,0.622,0.4,0.435,0.078,0.247,0.258
0.252,0.323,0.622,0.4,0.435,0.078,0.247,0.257
0.252,0.323,0.622,0.4,0.435,0.078,0.247,0.257
0.252,0.323,0.621,0.4,0.435,0.078,0.247,0.257
0.252,0.323,0.621,0.4,0.435,0.078,0.247,0.257
0.252,0.323,0.621,0.4,0.435,0.078,0.247,0.257
0.252,0.323,0.621,0.4,0.435,0.078,0.247,0.257
0.252,0.323,0.621,0.399,0.435,0.078,0.246,0.257
0.252,0.323,0.621,0.399,0.435,0.078,0.246,0.257
0.252,0.323,0.621,0.399,0.434,0.078,0.247,0.257
0.251,0.323,0.62,0.399,0.434,0.078,0.246,0.257
0.251,0.323,0.62,0.399,0.434,0.078,0.246,0.257
0.251,0.323,0.62,0.399,0.434,0.078,0.247,0.257
0.251,0.323,0.62,0.399,0.434,0.078,0.246,0.257
0.251,0.323,0.62,0.399,0.434,0.078,0.246,0.257
0.251,0.323,0.62,0.399,0.434,0.078,0.246,0.257
0.251,0.323,0.62,0.399,0.434,0.078,0.246,0.257
0.251,0.322,0.62,0.399,0.434,0.078,0.246,0.257
0.251,0.323,0.62,0.399,0.434,0.078,0.246,0.257
0.251,0.323,0.619,0.399,0.434,0.078,0.246,0.257
0.251,0.323,0.619,0.399,0.434,0.078,0.246,0.257
0.251,0.323,0.619,0.399,0.434,0.078,0.246,0.257
0.251,0.323,0.619,0.399,0.434,0.078,0.246,0.257
0.251,0.322,0.619,0.399,0.434,0.078,0.246,0.257
0.251,0.322,0.619,0.399,0.434,0.078,0.246,0.256
0.251,0.323,0.619,0.399,0.433,0.078,0.246,0.257
0.251,0.323,0.619,0.399,0.433,0.078,0.246,0.257
0.251,0.322,0.618,0.398,0.433,0.078,0.246,0.256
0.251,0.322,0.618,0.398,0.433,0.078,0.246,0.256
0.251,0.322,0.618,0.398,0.433,0.078,0.246,0.256
0.251,0.322,0.618,0.398,0.433,0.078,0.246,0.256
0.25,0.322,0.618,0.398,0.433,0.078,0.246,0.256
0.25,0.322,0.618,0.398,0.433,0.078,0.246,0.256
0.25,0.322,0.618,0.398,0.433,0.078,0.246,0.256
0.25,0.322,0.618,0.398,0.433,0.078,0.246,0.256
0.25,0.322,0.618,0.398,0.433,0.078,0.246,0.256
0.25,0.322,0.617,0.398,0.433,0.078,0.245,0.256
0.25,0.322,0.617,0.398,0.432,0.078,0.246,0.256
0.25,0.322,0.617,0.398,0.432,0.078,0.246,0.256
0.25,0.322,0.617,0.398,0.432,0.078,0.246,0.256
0.25,0.322,0.617,0.397,0.432,0.078,0.246,0.256
0.25,0.322,0.616,0.397,0.432,0.078,0.245,0.256
0.25,0.322,0.617,0.397,0.432,0.078,0.245,0.256
0.25,0.322,0.616,0.397,0.432,0.078,0.245,0.256
0.25,0.322,0.616,0.397,0.432,0.078,0.245,0.256
0.25,0.322,0.616,0.397,0.432,0.078,0.245,0.256
0.25,0.322,0.616,0.397,0.432,0.078,0.245,0.256
0.25,0.322,0.616,0.397,0.432,0.078,0.245,0.256
0.25,0.322,0.616,0.397,0.431,0.078,0.245,0.256
0.25,0.322,0.616,0.397,0.432,0.078,0.245,0.256
0.25,0.322,0.616,0.397,0.431,0.078,0.245,0.256
0.25,0.322,0.615,0.397,0.431,0.078,0.245,0.256
0.249,0.322,0.615,0.396,0.431,0.078,0.245,0.256
0.249,0.322,0.615,0.396,0.431,0.078,0.245,0.256
0.249,0.322,0.615,0.396,0.431,0.078,0.245,0.256
0.249,0.322,0.615,0.396,0.431,0.078,0.245,0.255
0.249,0.322,0.615,0.396,0.431,0.078,0.245,0.256
0.249,0.322,0.615,0.396,0.431,0.078,0.245,0.255
0.249,0.322,0.614,0.396,0.431,0.078,0.245,0.255
0.249,0.321,0.614,0.396,0.431,0.078,0.245,0.255
0.249,0.322,0.614,0.396,0.431,0.078,0.245,0.255
0.249,0.322,0.614,0.396,0.431,0.078,0.245,0.255
0.249,0.322,0.614,0.396,0.431,0.078,0.245,0.255
0.249,0.321,0.614,0.396,0.43,0.078,0.245,0.255
0.249,0.321,0.614,0.396,0.43,0.078,0.245,0.255
0.249,0.321,0.614,0.395,0.43,0.078,0.245,0.255
0.249,0.321,0.614,0.395,0.43,0.078,0.245,0.255
0.249,0.321,0.613,0.395,0.43,0.078,0.245,0.255
0.249,0.321,0.613,0.395,0.43,0.078,0.245,0.255
0.249,0.321,0.613,0.395,0.43,0.078,0.245,0.255
0.249,0.321,0.613,0.395,0.43,0.078,0.245,0.255
0.249,0.321,0.613,0.395,0.43,0.078,0.245,0.255
0.248,0.321,0.613,0.395,0.43,0.078,0.245,0.255
0.248,0.321,0.613,0.395,0.43,0.078,0.244,0.255
0.249,0.321,0.613,0.395,0.43,0.078,0.244,0.255
0.248,0.321,0.612,0.395,0.43,0.078,0.244,0.255
0.248,0.321,0.612,0.395,0.43,0.078,0.244,0.255
0.248,0.321,0.612,0.395,0.43,0.078,0.244,0.255
0.248,0.321,0.612,0.395,0.43,0.078,0.245,0.255
0.248,0.321,0.612,0.394,0.43,0.078,0.244,0.255
0.248,0.321,0.612,0.395,0.43,0.078,0.244,0.255
0.248,0.321,0.612,0.395,0.43,0.078,0.244,0.255
0.248,0.321,0.612,0.394,0.43,0.078,0.244,0.255
0.248,0.321,0.612,0.394,0.43,0.078,0.244,0.255
0.248,0.321,0.611,0.394,0.43,0.078,0.244,0.255
0.248,0.321,0.611,0.394,0.429,0.078,0.244,0.255
0.248,0.32,0.611,0.394,0.429,0.078,0.244,0.255
0.248,0.32,0.611,0.394,0.429,0.078,0.244,0.255
0.248,0.32,0.611,0.394,0.429,0.078,0.244,0.255
0.248,0.32,0.611,0.394,0.429,0.078,0.244,0.255
0.248,0.32,0.611,0.394,0.429,0.078,0.244,0.255
0.248,0.32,0.611,0.394,0.429,0.078,0.244,0.255
0.248,0.32,0.611,0.394,0.429,0.078,0.244,0.255
0.248,0.32,0.61,0.394,0.429,0.078,0.244,0.255
0.248,0.32,0.61,0.394,0.429,0.078,0.244,0.254
0.248,0.32,0.61,0.394,0.429,0.078,0.244,0.254
0.247,0.32,0.61,0.394,0.429,0.078,0.244,0.254
0.248,0.32,0.61,0.393,0.429,0.078,0.244,0.254
0.247,0.32,0.61,0.393,0.429,0.078,0.244,0.254
0.248,0.32,0.61,0.393,0.428,0.078,0.244,0.254
0.247,0.32,0.61,0.393,0.428,0.078,0.244,0.254
0.247,0.319,0.609,0.393,0.428,0.078,0.244,0.254
0.247,0.319,0.609,0.393,0.428,0.078,0.244,0.254
0.247,0.319,0.609,0.393,0.428,0.078,0.244,0.254
0.247,0.319,0.609,0.393,0.428,0.078,0.244,0.254
0.247,0.319,0.609,0.393,0.428,0.078,0.244,0.254
0.247,0.319,0.609,0.393,0.428,0.078,0.244,0.254
0.247,0.319,0.609,0.393,0.428,0.078,0.243,0.254
0.247,0.319,0.609,0.392,0.428,0.078,0.243,0.254
0.247,0.319,0.609,0.392,0.428,0.078,0.244,0.254
0.247,0.319,0.608,0.392,0.428,0.078,0.244,0.254
0.247,0.319,0.608,0.392,0.428,0.078,0.244,0.254
0.247,0.319,0.608,0.392,0.428,0.078,0.243,0.254
0.247,0.319,0.608,0.392,0.427,0.078,0.243,0.254
0.247,0.319,0.608,0.392,0.427,0.078,0.243,0.254
0.247,0.319,0.608,0.392,0.427,0.078,0.243,0.254
0.247,0.319,0.608,0.392,0.427,0.078,0.243,0.254
0.247,0.319,0.608,0.392,0.427,0.078,0.243,0.254
0.247,0.319,0.608,0.392,0.427,0.078,0.243,0.254
0.247,0.319,0.608,0.392,0.427,0.078,0.243,0.254
0.247,0.319,0.607,0.392,0.427,0.078,0.243,0.254
0.246,0.319,0.607,0.392,0.427,0.078,0.243,0.254
0.247,0.319,0.607,0.391,0.427,0.078,0.243,0.254
0.246,0.319,0.607,0.391,0.427,0.078,0.243,0.253
0.246,0.319,0.607,0.391,0.427,0.078,0.243,0.254
0.246,0.319,0.607,0.392,0.427,0.078,0.243,0.253
0.246,0.319,0.607,0.391,0.427,0.078,0.243,0.253
0.246,0.319,0.606,0.391,0.427,0.078,0.243,0.253
0.246,0.319,0.606,0.391,0.427,0.078,0.243,0.253
0.246,0.319,0.606,0.391,0.427,0.078,0.243,0.253
0.246,0.319,0.606,0.391,0.426,0.078,0.243,0.253
0.246,0.319,0.606,0.391,0.426,0.078,0.243,0.253
0.246,0.319,0.606,0.391,0.426,0.078,0.243,0.253
0.246,0.319,0.606,0.391,0.426,0.078,0.243,0.253
0.246,0.319,0.606,0.391,0.426,0.078,0.243,0.253
0.246,0.319,0.606,0.391,0.426,0.078,0.243,0.253
0.246,0.319,0.606,0.391,0.426,0.078,0.243,0.253
0.246,0.319,0.606,0.391,0.426,0.078,0.243,0.253
0.246,0.319,0.605,0.391,0.426,0.078,0.243,0.253
0.246,0.319,0.605,0.391,0.426,0.078,0.243,0.253
0.246,0.318,0.605,0.391,0.426,0.078,0.243,0.253
0.246,0.318,0.605,0.391,0.426,0.078,0.243,0.253
0.246,0.318,0.605,0.391,0.426,0.078,0.243,0.253
0.245,0.318,0.605,0.391,0.426,0.078,0.243,0.253
0.246,0.318,0.605,0.391,0.426,0.078,0.242,0.253
0.245,0.318,0.604,0.391,0.426,0.078,0.243,0.253
0.246,0.318,0.605,0.391,0.426,0.078,0.243,0.253
0.245,0.318,0.604,0.391,0.426,0.078,0.243,0.253
0.246,0.318,0.604,0.391,0.426,0.077,0.243,0.253
0.245,0.318,0.604,0.391,0.426,0.078,0.243,0.253
0.245,0.318,0.604,0.391,0.426,0.078,0.242,0.253
0.245,0.318,0.604,0.391,0.426,0.078,0.243,0.253
0.245,0.318,0.604,0.391,0.426,0.078,0.242,0.253
0.245,0.317,0.604,0.391,0.426,0.078,0.242,0.252
0.245,0.317,0.604,0.391,0.426,0.078,0.242,0.252
0.245,0.317,0.604,0.391,0.426,0.078,0.242,0.252
0.245,0.317,0.603,0.391,0.426,0.077,0.242,0.252
0.245,0.317,0.603,0.391,0.426,0.078,0.242,0.252
0.245,0.317,0.603,0.391,0.426,0.078,0.242,0.252
0.245,0.317,0.603,0.391,0.426,0.077,0.242,0.252
0.245,0.317,0.603,0.391,0.426,0.078,0.242,0.252
0.245,0.317,0.603,0.391,0.426,0.078,0.242,0.252
0.245,0.317,0.603,0.391,0.426,0.078,0.242,0.252
0.245,0.317,0.603,0.391,0.425,0.078,0.242,0.252
0.245,0.317,0.602,0.39,0.425,0.077,0.242,0.252
0.245,0.317,0.602,0.39,0.425,0.077,0.242,0.252
0.245,0.317,0.602,0.39,0.425,0.077,0.242,0.252
0.245,0.317,0.602,0.39,0.425,0.078,0.242,0.252
0.245,0.317,0.602,0.39,0.425,0.077,0.242,0.252
0.245,0.317,0.602,0.39,0.425,0.077,0.242,0.251
0.245,0.316,0.602,0.39,0.425,0.077,0.242,0.251
0.244,0.316,0.602,0.39,0.424,0.078,0.242,0.251
0.244,0.316,0.602,0.39,0.424,0.078,0.242,0.251
0.244,0.316,0.602,0.39,0.424,0.077,0.242,0.251
0.244,0.316,0.601,0.39,0.424,0.077,0.242,0.251
0.244,0.316,0.601,0.39,0.424,0.077,0.242,0.251
0.244,0.316,0.601,0.39,0.424,0.077,0.242,0.251
0.244,0.316,0.601,0.39,0.424,0.077,0.242,0.251
0.244,0.316,0.601,0.39,0.424,0.077,0.242,0.251
0.244,0.316,0.601,0.39,0.424,0.077,0.242,0.251
0.244,0.316,0.601,0.389,0.424,0.077,0.242,0.251
0.244,0.316,0.601,0.389,0.424,0.077,0.242,0.251
0.244,0.316,0.601,0.389,0.424,0.077,0.241,0.251
0.244,0.316,0.601,0.389,0.423,0.077,0.241,0.251
0.244,0.316,0.6,0.389,0.423,0.077,0.242,0.251
0.244,0.316,0.6,0.389,0.423,0.077,0.242,0.251
0.244,0.316,0.6,0.389,0.423,0.077,0.241,0.251
0.244,0.316,0.6,0.389,0.423,0.077,0.241,0.251
0.244,0.316,0.6,0.389,0.423,0.077,0.241,0.251
0.244,0.316,0.6,0.389,0.423,0.077,0.241,0.251
0.244,0.316,0.6,0.389,0.423,0.077,0.241,0.251
0.244,0.316,0.6,0.388,0.423,0.077,0.241,0.251
0.244,0.316,0.6,0.388,0.423,0.078,0.241,0.251
0.243,0.316,0.6,0.388,0.423,0.077,0.241,0.251
0.243,0.316,0.599,0.388,0.423,0.077,0.241,0.251
0.244,0.315,0.599,0.388,0.422,0.077,0.241,0.251
0.244,0.315,0.599,0.388,0.422,0.077,0.241,0.251
0.243,0.315,0.599,0.388,0.422,0.078,0.241,0.251
0.243,0.315,0.599,0.388,0.422,0.077,0.241,0.251
0.243,0.315,0.599,0.388,0.422,0.077,0.241,0.251
0.243,0.315,0.599,0.388,0.422,0.077,0.241,0.251
0.243,0.315,0.599,0.388,0.422,0.077,0.241,0.251
0.243,0.315,0.599,0.388,0.422,0.077,0.241,0.251
0.243,0.315,0.598,0.388,0.422,0.077,0.241,0.251
0.243,0.315,0.598,0.387,0.422,0.077,0.241,0.251
0.243,0.315,0.598,0.387,0.422,0.077,0.241,0.251
0.243,0.315,0.598,0.387,0.422,0.077,0.241,0.251
0.243,0.315,0.598,0.387,0.422,0.077,0.241,0.25
0.243,0.315,0.598,0.387,0.421,0.077,0.241,0.251
0.243,0.315,0.598,0.387,0.422,0.077,0.241,0.25
0.243,0.315,0.598,0.387,0.421,0.077,0.241,0.251
0.243,0.315,0.598,0.387,0.421,0.077,0.241,0.251
0.243,0.315,0.597,0.387,0.421,0.077,0.241,0.251
0.243,0.315,0.597,0.387,0.421,0.077,0.241,0.25
0.243,0.315,0.597,0.387,0.421,0.077,0.241,0.25
0.243,0.315,0.597,0.387,0.421,0.077,0.241,0.25
0.243,0.315,0.597,0.387,0.421,0.077,0.241,0.25
0.243,0.315,0.597,0.386,0.421,0.077,0.241,0.25
0.243,0.315,0.597,0.386,0.421,0.077,0.241,0.25
0.243,0.315,0.597,0.386,0.421,0.077,0.24,0.25
0.243,0.316,0.597,0.386,0.421,0.077,0.241,0.25
0.243,0.315,0.597,0.386,0.421,0.077,0.24,0.25
0.242,0.316,0.596,0.386,0.421,0.077,0.241,0.25
0.242,0.315,0.596,0.386,0.421,0.077,0.241,0.25
0.242,0.315,0.596,0.386,0.421,0.077,0.241,0.25
0.242,0.315,0.596,0.386,0.421,0.077,0.24,0.25
0.243,0.315,0.596,0.386,0.421,0.077,0.241,0.25
0.242,0.315,0.596,0.386,0.421,0.077,0.241,0.25
0.242,0.315,0.596,0.386,0.421,0.077,0.24,0.25
0.242,0.315,0.596,0.386,0.421,0.077,0.24,0.25
0.242,0.315,0.596,0.386,0.421,0.077,0.24,0.25
0.242,0.315,0.595,0.386,0.421,0.078,0.24,0.25
0.242,0.315,0.595,0.386,0.421,0.077,0.24,0.25
0.242,0.315,0.595,0.386,0.421,0.077,0.24,0.25
0.242,0.315,0.595,0.386,0.421,0.077,0.24,0.25
0.242,0.315,0.595,0.386,0.421,0.077,0.24,0.25
0.242,0.315,0.595,0.386,0.421,0.077,0.24,0.25
0.242,0.315,0.595,0.385,0.421,0.077,0.24,0.25
0.242,0.315,0.595,0.385,0.421,0.077,0.24,0.25
0.242,0.315,0.595,0.385,0.421,0.077,0.24,0.25
0.242,0.315,0.595,0.385,0.421,0.077,0.24,0.25
0.242,0.315,0.594,0.385,0.421,0.077,0.24,0.25
0.242,0.315,0.594,0.385,0.421,0.077,0.24,0.25
0.242,0.315,0.594,0.385,0.421,0.077,0.24,0.25
0.242,0.315,0.594,0.385,0.421,0.077,0.24,0.25
0.242,0.315,0.594,0.385,0.421,0.077,0.24,0.25
0.242,0.315,0.594,0.385,0.421,0.077,0.24,0.25
0.242,0.315,0.594,0.385,0.421,0.077,0.24,0.25
0.242,0.315,0.594,0.385,0.42,0.077,0.24,0.25
0.242,0.314,0.594,0.385,0.42,0.077,0.24,0.25
0.242,0.315,0.594,0.385,0.42,0.077,0.24,0.25
0.242,0.315,0.593,0.385,0.42,0.077,0.24,0.249
0.241,0.314,0.593,0.385,0.42,0.077,0.24,0.25
0.241,0.314,0.593,0.385,0.42,0.077,0.24,0.25
0.241,0.314,0.593,0.385,0.42,0.077,0.24,0.249
0.241,0.314,0.593,0.385,0.42,0.077,0.24,0.249
0.241,0.314,0.593,0.385,0.42,0.077,0.24,0.249
0.241,0.314,0.593,0.385,0.42,0.077,0.24,0.249
0.241,0.314,0.593,0.385,0.42,0.077,0.24,0.249
0.241,0.314,0.593,0.384,0.42,0.077,0.24,0.249
0.241,0.314,0.593,0.384,0.42,0.077,0.24,0.249
0.241,0.314,0.593,0.384,0.42,0.077,0.24,0.249
0.241,0.314,0.593,0.384,0.42,0.077,0.24,0.249
0.241,0.314,0.592,0.384,0.419,0.077,0.24,0.249
0.241,0.314,0.592,0.384,0.419,0.077,0.24,0.249
0.241,0.314,0.592,0.384,0.419,0.077,0.24,0.249
0.241,0.314,0.592,0.384,0.419,0.077,0.239,0.249
0.241,0.314,0.592,0.384,0.419,0.077,0.239,0.249
0.241,0.314,0.592,0.384,0.419,0.077,0.239,0.249
0.241,0.314,0.592,0.384,0.419,0.077,0.239,0.249
0.241,0.314,0.592,0.384,0.419,0.077,0.239,0.249
0.241,0.314,0.591,0.384,0.419,0.077,0.239,0.249
0.241,0.314,0.591,0.383,0.419,0.077,0.239,0.249
0.241,0.314,0.591,0.383,0.419,0.077,0.239,0.249
0.241,0.314,0.591,0.383,0.419,0.077,0.239,0.249
0.241,0.314,0.591,0.383,0.419,0.077,0.239,0.249
0.241,0.314,0.591,0.383,0.418,0.077,0.239,0.249
0.241,0.314,0.591,0.383,0.418,0.077,0.239,0.249
0.24,0.314,0.591,0.383,0.418,0.077,0.239,0.249
0.24,0.314,0.59,0.383,0.418,0.077,0.239,0.249
0.24,0.314,0.59,0.383,0.418,0.077,0.239,0.249
0.241,0.314,0.59,0.383,0.418,0.077,0.239,0.249
0.24,0.314,0.59,0.383,0.418,0.077,0.239,0.249
0.24,0.314,0.59,0.383,0.418,0.077,0.239,0.249
0.24,0.313,0.59,0.383,0.418,0.077,0.239,0.249
0.24,0.314,0.59,0.382,0.418,0.077,0.239,0.249
0.24,0.314,0.59,0.382,0.418,0.077,0.239,0.249
0.24,0.314,0.59,0.382,0.418,0.077,0.239,0.249
0.24,0.313,0.59,0.382,0.418,0.077,0.239,0.249
0.24,0.314,0.59,0.382,0.418,0.077,0.239,0.249
0.24,0.314,0.59,0.382,0.418,0.077,0.239,0.249
0.24,0.313,0.589,0.382,0.418,0.077,0.239,0.249
0.24,0.313,0.589,0.382,0.417,0.077,0.239,0.249
0.24,0.313,0.589,0.382,0.417,0.077,0.239,0.249
0.24,0.313,0.589,0.382,0.417,0.077,0.239,0.249
0.24,0.313,0.589,0.382,0.417,0.077,0.239,0.249
0.24,0.313,0.589,0.382,0.417,0.077,0.239,0.249
0.24,0.313,0.589,0.382,0.417,0.077,0.239,0.249
0.24,0.313,0.589,0.382,0.417,0.077,0.239,0.249
0.24,0.313,0.589,0.382,0.417,0.077,0.239,0.248
0.24,0.313,0.588,0.382,0.417,0.077,0.239,0.248
0.24,0.313,0.588,0.382,0.417,0.077,0.239,0.248
0.24,0.313,0.588,0.382,0.417,0.077,0.239,0.248
0.24,0.313,0.588,0.382,0.417,0.077,0.239,0.248
0.24,0.313,0.588,0.382,0.417,0.077,0.239,0.248
0.24,0.313,0.588,0.381,0.417,0.077,0.239,0.248
0.24,0.313,0.588,0.382,0.417,0.077,0.239,0.248
0.24,0.313,0.588,0.382,0.417,0.077,0.239,0.248
0.239,0.313,0.588,0.381,0.417,0.077,0.239,0.248
0.24,0.313,0.588,0.381,0.417,0.077,0.239,0.248
0.239,0.313,0.588,0.381,0.417,0.077,0.239,0.248
0.239,0.313,0.588,0.381,0.417,0.077,0.239,0.248
0.239,0.313,0.587,0.381,0.417,0.077,0.239,0.248
0.24,0.313,0.587,0.381,0.417,0.077,0.239,0.248
0.239,0.313,0.587,0.381,0.417,0.077,0.238,0.248
0.239,0.313,0.587,0.381,0.417,0.077,0.238,0.248
0.239,0.313,0.587,0.381,0.416,0.077,0.239,0.248
0.239,0.313,0.587,0.381,0.417,0.077,0.239,0.248
0.239,0.313,0.587,0.381,0.417,0.077,0.239,0.248
0.239,0.313,0.587,0.381,0.416,0.077,0.239,0.248
0.239,0.313,0.587,0.381,0.416,0.077,0.238,0.248
0.239,0.313,0.587,0.381,0.416,0.077,0.238,0.248
0.239,0.313,0.586,0.381,0.416,0.077,0.238,0.248
0.239,0.313,0.586,0.381,0.416,0.077,0.238,0.248
0.239,0.312,0.586,0.38,0.416,0.077,0.238,0.247
0.239,0.312,0.586,0.381,0.416,0.077,0.238,0.247
0.239,0.312,0.586,0.38,0.416,0.077,0.238,0.247
0.239,0.312,0.586,0.381,0.416,0.077,0.238,0.247
0.239,0.312,0.586,0.38,0.416,0.077,0.238,0.247
0.239,0.312,0.586,0.38,0.416,0.077,0.238,0.247
0.239,0.312,0.586,0.38,0.416,0.077,0.238,0.247
0.239,0.312,0.586,0.38,0.416,0.077,0.238,0.247
0.239,0.312,0.585,0.38,0.416,0.077,0.238,0.247
0.239,0.312,0.585,0.38,0.416,0.077,0.238,0.247
0.239,0.312,0.585,0.38,0.416,0.077,0.238,0.247
0.239,0.312,0.585,0.38,0.416,0.077,0.238,0.247
0.239,0.312,0.585,0.38,0.416,0.077,0.238,0.247
0.238,0.312,0.585,0.38,0.416,0.077,0.238,0.247
0.239,0.312,0.585,0.38,0.415,0.077,0.238,0.247
0.239,0.311,0.585,0.38,0.415,0.077,0.238,0.247
0.238,0.311,0.584,0.38,0.415,0.077,0.238,0.247
0.238,0.311,0.585,0.38,0.415,0.077,0.238,0.247
0.238,0.311,0.584,0.38,0.415,0.077,0.238,0.247
0.238,0.311,0.584,0.38,0.415,0.077,0.238,0.247
0.238,0.311,0.584,0.38,0.415,0.077,0.238,0.247
0.238,0.311,0.584,0.379,0.415,0.077,0.238,0.247
0.238,0.311,0.584,0.38,0.415,0.077,0.238,0.247
0.238,0.311,0.584,0.38,0.415,0.077,0.238,0.247
0.238,0.311,0.584,0.379,0.415,0.077,0.238,0.247
0.238,0.311,0.584,0.379,0.415,0.077,0.238,0.247
0.238,0.311,0.584,0.379,0.415,0.077,0.237,0.247
0.238,0.311,0.584,0.38,0.415,0.077,0.238,0.247
0.238,0.311,0.583,0.379,0.415,0.077,0.238,0.246
0.238,0.311,0.583,0.379,0.415,0.077,0.238,0.247
0.238,0.311,0.583,0.379,0.414,0.077,0.238,0.246
0.238,0.311,0.583,0.379,0.415,0.077,0.238,0.246
0.238,0.311,0.583,0.379,0.414,0.077,0.238,0.246
0.238,0.311,0.583,0.379,0.415,0.077,0.238,0.246
0.238,0.311,0.583,0.379,0.414,0.077,0.237,0.246
0.238,0.311,0.583,0.379,0.415,0.077,0.237,0.246
0.238,0.311,0.583,0.379,0.415,0.077,0.237,0.246
0.238,0.311,0.583,0.379,0.414,0.077,0.237,0.246
0.238,0.31,0.582,0.379,0.414,0.077,0.238,0.246
0.238,0.311,0.582,0.379,0.414,0.077,0.237,0.246
0.238,0.311,0.582,0.379,0.414,0.077,0.237,0.246
0.238,0.31,0.582,0.379,0.414,0.077,0.237,0.246
0.238,0.31,0.582,0.379,0.414,0.077,0.237,0.246
0.238,0.31,0.582,0.379,0.414,0.077,0.237,0.246
0.238,0.31,0.582,0.379,0.414,0.077,0.237,0.246
0.237,0.31,0.582,0.379,0.414,0.077,0.237,0.246
0.237,0.31,0.582,0.379,0.414,0.077,0.237,0.246
0.237,0.31,0.582,0.379,0.414,0.077,0.237,0.246
0.237,0.31,0.582,0.379,0.414,0.077,0.237,0.246
0.237,0.31,0.582,0.379,0.414,0.077,0.237,0.246
0.238,0.31,0.581,0.379,0.413,0.077,0.237,0.246
0.237,0.31,0.581,0.379,0.413,0.077,0.237,0.246
0.237,0.31,0.581,0.379,0.413,0.077,0.237,0.246
0.237,0.31,0.581,0.378,0.413,0.077,0.237,0.246
0.237,0.31,0.581,0.378,0.413,0.077,0.237,0.246
0.237,0.31,0.581,0.378,0.413,0.077,0.237,0.246
0.237,0.31,0.581,0.378,0.413,0.077,0.237,0.246
0.237,0.31,0.581,0.378,0.413,0.077,0.237,0.246
0.237,0.31,0.581,0.378,0.413,0.077,0.237,0.246
0.237,0.31,0.58,0.378,0.413,0.077,0.237,0.246
0.237,0.31,0.58,0.378,0.413,0.077,0.237,0.246
0.237,0.31,0.58,0.378,0.413,0.077,0.237,0.246
0.237,0.31,0.58,0.378,0.413,0.077,0.237,0.246
0.237,0.31,0.58,0.378,0.413,0.077,0.237,0.246
0.237,0.31,0.58,0.378,0.413,0.077,0.237,0.246
0.237,0.31,0.58,0.378,0.413,0.077,0.237,0.246
0.237,0.31,0.58,0.377,0.412,0.077,0.237,0.246
0.237,0.31,0.58,0.377,0.412,0.077,0.237,0.246
0.237,0.31,0.58,0.377,0.412,0.077,0.237,0.246
0.237,0.31,0.58,0.377,0.412,0.077,0.237,0.246
0.237,0.31,0.58,0.377,0.412,0.077,0.237,0.245
0.237,0.31,0.579,0.377,0.412,0.077,0.236,0.245
0.237,0.31,0.579,0.377,0.412,0.077,0.237,0.245
0.237,0.31,0.579,0.377,0.412,0.077,0.236,0.245
0.237,0.31,0.579,0.377,0.412,0.077,0.236,0.245
0.237,0.31,0.579,0.377,0.412,0.077,0.236,0.245
0.236,0.31,0.579,0.377,0.412,0.077,0.236,0.245
0.237,0.31,0.579,0.377,0.412,0.077,0.236,0.245
0.236,0.31,0.579,0.377,0.412,0.077,0.237,0.245
0.236,0.31,0.579,0.377,0.412,0.077,0.236,0.245
0.236,0.31,0.579,0.377,0.412,0.077,0.236,0.245
0.236,0.31,0.578,0.377,0.412,0.077,0.236,0.245
0.236,0.309,0.578,0.377,0.412,0.077,0.237,0.245
0.237,0.31,0.578,0.377,0.412,0.077,0.236,0.245
0.236,0.31,0.578,0.376,0.411,0.077,0.236,0.245
0.236,0.309,0.578,0.376,0.411,0.077,0.236,0.245
0.236,0.309,0.578,0.376,0.411,0.077,0.236,0.245
0.236,0.309,0.578,0.376,0.411,0.077,0.236,0.245
0.236,0.309,0.578,0.376,0.411,0.077,0.236,0.245
0.236,0.309,0.578,0.376,0.411,0.077,0.236,0.245
0.236,0.309,0.578,0.376,0.411,0.077,0.236,0.245
0.236,0.309,0.578,0.376,0.411,0.077,0.236,0.245
0.236,0.309,0.578,0.376,0.411,0.077,0.236,0.245
0.236,0.309,0.577,0.376,0.411,0.077,0.236,0.245
0.236,0.309,0.577,0.376,0.411,0.077,0.236,0.245
0.236,0.309,0.577,0.376,0.411,0.077,0.236,0.245
0.236,0.309,0.577,0.376,0.411,0.077,0.236,0.245
0.236,0.309,0.577,0.376,0.411,0.077,0.236,0.245
0.236,0.309,0.577,0.376,0.411,0.077,0.236,0.245
0.236,0.309,0.577,0.376,0.411,0.077,0.236,0.245
0.236,0.309,0.577,0.376,0.411,0.077,0.236,0.245
0.236,0.309,0.577,0.376,0.411,0.077,0.236,0.245
0.236,0.309,0.577,0.376,0.411,0.077,0.236,0.245
0.236,0.309,0.577,0.376,0.411,0.077,0.236,0.245
0.236,0.309,0.577,0.376,0.411,0.077,0.236,0.245
0.236,0.309,0.577,0.376,0.411,0.077,0.236,0.245
0.236,0.309,0.577,0.375,0.411,0.077,0.236,0.245
0.236,0.309,0.576,0.376,0.411,0.077,0.236,0.245
0.236,0.309,0.576,0.375,0.411,0.077,0.236,0.245
0.236,0.309,0.576,0.376,0.411,0.077,0.236,0.244
0.236,0.31,0.576,0.375,0.411,0.077,0.236,0.245
0.236,0.309,0.576,0.375,0.411,0.077,0.236,0.244
0.236,0.309,0.576,0.375,0.411,0.077,0.236,0.245
0.236,0.309,0.576,0.375,0.411,0.077,0.236,0.245
0.236,0.309,0.576,0.375,0.411,0.077,0.236,0.245
0.235,0.309,0.576,0.375,0.41,0.077,0.236,0.244
0.235,0.309,0.576,0.375,0.41,0.077,0.236,0.244
0.235,0.309,0.576,0.375,0.41,0.077,0.236,0.244
0.235,0.309,0.576,0.375,0.41,0.077,0.236,0.244
0.235,0.309,0.576,0.375,0.41,0.077,0.236,0.244
0.235,0.309,0.576,0.375,0.41,0.077,0.236,0.244
0.235,0.309,0.576,0.375,0.41,0.077,0.236,0.244
0.235,0.309,0.576,0.375,0.41,0.077,0.236,0.244
0.235,0.309,0.576,0.375,0.41,0.077,0.236,0.244
0.235,0.309,0.576,0.375,0.41,0.077,0.236,0.244
0.235,0.309,0.576,0.375,0.41,0.077,0.236,0.244
0.235,0.309,0.576,0.375,0.41,0.077,0.236,0.244
0.235,0.309,0.576,0.375,0.41,0.077,0.236,0.244
0.235,0.309,0.576,0.375,0.41,0.077,0.236,0.244
0.235,0.309,0.576,0.375,0.41,0.077,0.236,0.244
0.235,0.309,0.576,0.375,0.41,0.077,0.236,0.244
0.235,0.309,0.576,0.375,0.41,0.077,0.236,0.244
0.235,0.309,0.576,0.375,0.41,0.077,0.236,0.244
0.235,0.309,0.576,0.375,0.41,0.077,0.236,0.244
0.235,0.309,0.576,0.375,0.41,0.077,0.236,0.244
0.235,0.309,0.576,0.375,0.41,0.077,0.236,0.244
0.235,0.309,0.576,0.375,0.41,0.077,0.236,0.244
0.235,0.309,0.576,0.375,0.41,0.077,0.236,0.244
0.235,0.309,0.576,0.375,0.41,0.077,0.236,0.244
0.235,0.309,0.576,0.375,0.41,0.077,0.236,0.244
0.235,0.309,0.576,0.375,0.41,0.077,0.236,0.244
0.235,0.309,0.576,0.375,0.41,0.077,0.236,0.244
0.235,0.309,0.576,0.375,0.41,0.077,0.236,0.244
0.235,0.309,0.576,0.375,0.41,0.077,0.236,0.244
0.235,0.309,0.576,0.375,0.41,0.077,0.236,0.244
0.235,0.309,0.576,0.375,0.41,0.077,0.236,0.244
0.235,0.309,0.576,0.375,0.41,0.077,0.236,0.244
0.235,0.309,0.576,0.375,0.41,0.077,0.236,0.244
0.235,0.309,0.576,0.375,0.41,0.077,0.236,0.244
0.235,0.309,0.576,0.375,0.41,0.077,0.236,0.244
0.235,0.309,0.576,0.375,0.41,0.077,0.236,0.244
0.235,0.309,0.576,0.375,0.41,0.077,0.236,0.244
0.235,0.309,0.576,0.375,0.41,0.077,0.236,0.244
0.235,0.309,0.576,0.375,0.41,0.077,0.236,0.244
0.235,0.309,0.576,0.375,0.41,0.077,0.236,0.244
0.235,0.309,0.576,0.375,0.41,0.077,0.236,0.244
0.235,0.309,0.576,0.375,0.41,0.077,0.236,0.244
0.235,0.309,0.576,0.375,0.41,0.077,0.236,0.244
0.235,0.309,0.576,0.375,0.41,0.077,0.236,0.244
0.235,0.309,0.576,0.375,0.41,0.077,0.236,0.244
0.235,0.309,0.576,0.375,0.41,0.077,0.236,0.244
0.235,0.309,0.576,0.375,0.41,0.077,0.236,0.244
0.235,0.309,0.576,0.375,0.41,0.077,0.236,0.244
0.235,0.309,0.576,0.375,0.41,0.077,0.236,0.244
0.235,0.309,0.576,0.375,0.41,0.077,0.236,0.244
0.235,0.309,0.576,0.375,0.41,0.077,0.236,0.244
0.235,0.309,0.576,0.375,0.41,0.077,0.236,0.244
0.235,0.309,0.576,0.375,0.41,0.077,0.236,0.244
0.235,0.309,0.576,0.375,0.41,0.077,0.236,0.244
0.235,0.309,0.576,0.375,0.41,0.077,0.236,0.244
0.235,0.309,0.576,0.375,0.41,0.077,0.236,0.244
0.235,0.309,0.576,0.375,0.41,0.077,0.236,0.244
0.235,0.309,0.576,0.375,0.41,0.077,0.236,0.244
0.235,0.309,0.576,0.375,0.41,0.077,0.236,0.244
0.235,0.309,0.576,0.375,0.41,0.077,0.236,0.244
0.235,0.309,0.576,0.375,0.41,0.077,0.236,0.244
0.235,0.309,0.576,0.375,0.41,0.077,0.236,0.244
0.235,0.309,0.576,0.375,0.41,0.077,0.236,0.244
0.235,0.309,0.576,0.375,0.41,0.077,0.236,0.244
0.235,0.309,0.576,0.375,0.41,0.077,0.236,0.244
0.235,0.309,0.576,0.375,0.41,0.077,0.236,0.244
0.235,0.309,0.576,0.375,0.41,0.077,0.236,0.244
0.235,0.309,0.576,0.375,0.41,0.077,0.236,0.244
0.235,0.309,0.576,0.375,0.41,0.077,0.236,0.244
0.235,0.309,0.576,0.375,0.41,0.077,0.236,0.244
0.235,0.309,0.576,0.375,0.41,0.077,0.236,0.244
0.235,0.309,0.576,0.375,0.41,0.077,0.236,0.244
0.235,0.309,0.576,0.375,0.41,0.077,0.236,0.244
0.235,0.309,0.576,0.375,0.41,0.077,0.236,0.244
0.235,0.309,0.576,0.375,0.41,0.077,0.236,0.244
0.235,0.309,0.576,0.375,0.41,0.077,0.236,0.244
0.235,0.309,0.576,0.375,0.41,0.077,0.236,0.244
0.235,0.309,0.576,0.375,0.41,0.077,0.236,0.244
0.235,0.309,0.576,0.375,0.41,0.077,0.236,0.244
0.235,0.309,0.576,0.375,0.41,0.077,0.236,0.244
0.235,0.309,0.576,0.375,0.41,0.077,0.236,0.244
