S1_D1201,S2_D1201,S3_D1201,S4_D1201,S5_D1201,S6_D1201,S7_D1201,S8_D1201
0.228,0.292,0.55,0.436,0.525,0.076,0.24,0.281
0.228,0.292,0.55,0.436,0.525,0.076,0.24,0.281
0.228,0.292,0.55,0.436,0.525,0.076,0.24,0.281
0.228,0.292,0.549,0.436,0.525,0.076,0.24,0.281
0.228,0.292,0.549,0.436,0.525,0.076,0.24,0.281
0.228,0.292,0.549,0.436,0.525,0.076,0.24,0.281
0.227,0.292,0.549,0.436,0.524,0.076,0.24,0.281
0.228,0.292,0.549,0.436,0.524,0.076,0.24,0.281
0.227,0.292,0.549,0.436,0.524,0.076,0.24,0.281
0.228,0.292,0.549,0.436,0.524,0.076,0.24,0.28
0.227,0.292,0.549,0.435,0.524,0.076,0.24,0.28
0.228,0.292,0.549,0.435,0.524,0.076,0.24,0.28
0.227,0.292,0.549,0.436,0.524,0.076,0.24,0.28
0.227,0.292,0.548,0.435,0.524,0.076,0.24,0.28
0.227,0.292,0.548,0.435,0.524,0.076,0.24,0.28
0.227,0.292,0.548,0.435,0.524,0.076,0.24,0.28
0.227,0.292,0.548,0.435,0.524,0.076,0.24,0.28
0.227,0.292,0.548,0.435,0.524,0.076,0.24,0.28
0.227,0.292,0.548,0.435,0.524,0.076,0.24,0.28
0.227,0.292,0.548,0.435,0.524,0.076,0.24,0.28
0.227,0.292,0.548,0.435,0.524,0.076,0.24,0.28
0.227,0.291,0.548,0.435,0.524,0.076,0.24,0.28
0.227,0.292,0.548,0.435,0.524,0.076,0.24,0.28
0.227,0.292,0.548,0.435,0.524,0.076,0.24,0.28
0.227,0.292,0.548,0.435,0.524,0.076,0.239,0.28
0.227,0.292,0.548,0.435,0.524,0.076,0.24,0.28
0.227,0.292,0.547,0.435,0.523,0.076,0.239,0.28
0.227,0.292,0.547,0.435,0.523,0.076,0.239,0.28
0.227,0.292,0.547,0.435,0.523,0.076,0.239,0.28
0.227,0.292,0.547,0.435,0.523,0.076,0.239,0.28
0.227,0.292,0.547,0.435,0.523,0.076,0.239,0.28
0.227,0.292,0.547,0.435,0.523,0.076,0.239,0.28
0.227,0.292,0.547,0.435,0.523,0.076,0.239,0.28
0.227,0.292,0.547,0.435,0.523,0.076,0.239,0.28
0.227,0.292,0.547,0.435,0.523,0.076,0.239,0.28
0.227,0.292,0.547,0.435,0.523,0.076,0.239,0.28
0.227,0.291,0.547,0.434,0.523,0.076,0.239,0.28
0.227,0.292,0.547,0.434,0.523,0.076,0.239,0.28
0.227,0.291,0.547,0.434,0.523,0.076,0.239,0.28
0.226,0.291,0.546,0.434,0.523,0.076,0.239,0.28
0.226,0.291,0.546,0.434,0.523,0.076,0.239,0.28
0.226,0.291,0.546,0.434,0.522,0.076,0.239,0.279
0.226,0.291,0.546,0.434,0.523,0.076,0.239,0.279
0.226,0.291,0.546,0.434,0.522,0.076,0.239,0.279
0.226,0.291,0.546,0.434,0.522,0.076,0.239,0.279
0.226,0.291,0.546,0.434,0.522,0.076,0.239,0.279
0.226,0.291,0.546,0.434,0.522,0.076,0.239,0.279
0.226,0.291,0.546,0.434,0.522,0.076,0.239,0.279
0.226,0.291,0.546,0.434,0.522,0.076,0.239,0.279
0.226,0.291,0.546,0.434,0.522,0.076,0.239,0.279
0.226,0.291,0.545,0.434,0.522,0.076,0.239,0.279
0.226,0.291,0.545,0.434,0.522,0.076,0.239,0.279
0.226,0.291,0.545,0.434,0.522,0.076,0.239,0.279
0.226,0.29,0.545,0.434,0.522,0.076,0.239,0.279
0.226,0.291,0.545,0.434,0.522,0.076,0.239,0.279
0.226,0.291,0.545,0.434,0.522,0.076,0.238,0.279
0.226,0.291,0.545,0.434,0.522,0.076,0.239,0.279
0.226,0.291,0.545,0.434,0.522,0.076,0.239,0.279
0.226,0.29,0.545,0.434,0.522,0.076,0.238,0.279
0.226,0.29,0.545,0.434,0.522,0.076,0.239,0.279
0.226,0.291,0.545,0.434,0.521,0.076,0.238,0.279
0.226,0.29,0.545,0.434,0.521,0.076,0.238,0.279
0.226,0.291,0.545,0.434,0.521,0.076,0.238,0.279
0.226,0.29,0.544,0.434,0.521,0.076,0.238,0.279
0.226,0.291,0.544,0.434,0.521,0.076,0.238,0.279
0.226,0.29,0.544,0.434,0.521,0.076,0.238,0.279
0.226,0.29,0.544,0.434,0.521,0.076,0.238,0.279
0.226,0.29,0.544,0.434,0.521,0.076,0.238,0.279
0.226,0.29,0.544,0.434,0.521,0.076,0.238,0.279
0.226,0.29,0.544,0.434,0.521,0.076,0.238,0.279
0.226,0.29,0.544,0.434,0.521,0.076,0.238,0.279
0.226,0.29,0.544,0.434,0.521,0.076,0.238,0.279
0.225,0.29,0.544,0.434,0.521,0.076,0.238,0.279
0.226,0.29,0.544,0.433,0.521,0.076,0.238,0.279
0.226,0.29,0.544,0.433,0.521,0.076,0.238,0.279
0.225,0.29,0.544,0.433,0.521,0.076,0.238,0.279
0.225,0.29,0.544,0.433,0.521,0.076,0.238,0.279
0.225,0.29,0.543,0.433,0.521,0.076,0.238,0.279
0.225,0.29,0.543,0.433,0.521,0.076,0.238,0.279
0.225,0.29,0.543,0.433,0.52,0.076,0.238,0.278
0.225,0.29,0.543,0.433,0.52,0.076,0.238,0.279
0.225,0.29,0.543,0.433,0.52,0.076,0.238,0.278
0.225,0.29,0.543,0.433,0.52,0.076,0.238,0.278
0.225,0.29,0.543,0.433,0.52,0.076,0.238,0.278
0.225,0.29,0.543,0.433,0.52,0.076,0.238,0.278
0.225,0.29,0.543,0.433,0.52,0.076,0.238,0.278
0.225,0.29,0.543,0.433,0.52,0.076,0.238,0.279
0.225,0.29,0.543,0.433,0.52,0.076,0.238,0.278
0.225,0.29,0.542,0.433,0.52,0.076,0.238,0.279
0.225,0.29,0.542,0.433,0.52,0.076,0.238,0.278
0.225,0.29,0.542,0.433,0.52,0.076,0.238,0.278
0.225,0.29,0.542,0.433,0.52,0.076,0.238,0.278
0.225,0.29,0.542,0.433,0.52,0.076,0.238,0.278
0.225,0.29,0.542,0.433,0.52,0.076,0.238,0.278
0.225,0.29,0.542,0.433,0.52,0.076,0.237,0.278
0.225,0.29,0.542,0.433,0.52,0.076,0.238,0.278
0.225,0.29,0.542,0.433,0.52,0.076,0.238,0.278
0.225,0.29,0.542,0.433,0.52,0.076,0.237,0.278
0.225,0.29,0.542,0.433,0.52,0.076,0.237,0.278
0.225,0.29,0.542,0.433,0.52,0.076,0.237,0.278
0.225,0.29,0.541,0.433,0.52,0.076,0.237,0.278
0.225,0.29,0.541,0.433,0.52,0.076,0.237,0.278
0.225,0.29,0.541,0.433,0.52,0.076,0.238,0.278
0.225,0.289,0.541,0.433,0.52,0.076,0.237,0.278
0.225,0.29,0.541,0.432,0.52,0.076,0.237,0.278
0.225,0.29,0.541,0.432,0.52,0.076,0.237,0.278
0.225,0.289,0.541,0.433,0.52,0.076,0.237,0.278
0.225,0.29,0.541,0.432,0.519,0.075,0.237,0.278
0.224,0.29,0.541,0.432,0.519,0.076,0.237,0.278
0.224,0.289,0.541,0.432,0.519,0.076,0.237,0.278
0.224,0.29,0.541,0.432,0.519,0.076,0.237,0.278
0.224,0.289,0.541,0.432,0.519,0.076,0.237,0.278
0.224,0.289,0.541,0.432,0.519,0.076,0.237,0.278
0.224,0.289,0.541,0.432,0.519,0.076,0.237,0.277
0.224,0.289,0.54,0.432,0.519,0.076,0.237,0.277
0.224,0.289,0.54,0.432,0.519,0.076,0.237,0.277
0.224,0.289,0.54,0.432,0.519,0.076,0.237,0.277
0.224,0.289,0.54,0.432,0.519,0.076,0.237,0.277
0.224,0.289,0.54,0.431,0.519,0.076,0.237,0.277
0.224,0.289,0.54,0.431,0.519,0.076,0.237,0.277
0.224,0.289,0.54,0.431,0.519,0.076,0.237,0.277
0.224,0.289,0.54,0.431,0.519,0.076,0.237,0.277
0.224,0.289,0.54,0.431,0.519,0.076,0.237,0.277
0.224,0.289,0.54,0.431,0.518,0.076,0.237,0.277
0.224,0.289,0.539,0.431,0.518,0.075,0.237,0.277
0.224,0.289,0.539,0.431,0.518,0.075,0.237,0.277
0.224,0.289,0.539,0.431,0.518,0.076,0.237,0.277
0.224,0.289,0.539,0.431,0.518,0.076,0.237,0.277
0.224,0.289,0.539,0.43,0.518,0.076,0.237,0.277
0.224,0.289,0.539,0.43,0.518,0.076,0.237,0.277
0.224,0.289,0.539,0.43,0.518,0.076,0.237,0.277
0.224,0.289,0.539,0.43,0.518,0.076,0.237,0.277
0.224,0.289,0.539,0.43,0.518,0.076,0.237,0.277
0.224,0.289,0.539,0.43,0.518,0.075,0.237,0.277
0.224,0.289,0.539,0.43,0.518,0.076,0.237,0.277
0.224,0.289,0.539,0.43,0.518,0.076,0.237,0.277
0.224,0.289,0.539,0.43,0.518,0.076,0.236,0.277
0.224,0.289,0.539,0.43,0.518,0.075,0.236,0.277
0.224,0.289,0.538,0.43,0.518,0.076,0.237,0.277
0.224,0.289,0.538,0.43,0.517,0.076,0.236,0.277
0.223,0.289,0.538,0.43,0.518,0.076,0.236,0.277
0.224,0.289,0.538,0.43,0.518,0.076,0.236,0.277
0.224,0.289,0.538,0.43,0.517,0.076,0.236,0.276
0.224,0.289,0.538,0.43,0.517,0.076,0.236,0.277
0.223,0.289,0.538,0.43,0.517,0.076,0.236,0.276
0.224,0.289,0.538,0.43,0.517,0.075,0.236,0.276
0.223,0.289,0.538,0.43,0.517,0.075,0.236,0.276
0.223,0.288,0.538,0.43,0.517,0.076,0.236,0.276
0.223,0.289,0.538,0.43,0.517,0.076,0.236,0.277
0.223,0.289,0.538,0.43,0.517,0.076,0.236,0.276
0.223,0.289,0.538,0.43,0.517,0.076,0.236,0.276
0.223,0.289,0.537,0.43,0.517,0.076,0.236,0.276
0.223,0.288,0.537,0.43,0.517,0.076,0.236,0.277
0.223,0.289,0.537,0.43,0.517,0.076,0.236,0.276
0.223,0.289,0.537,0.43,0.517,0.076,0.236,0.276
0.223,0.289,0.537,0.43,0.517,0.076,0.236,0.276
0.223,0.288,0.537,0.43,0.517,0.075,0.236,0.276
0.223,0.289,0.537,0.43,0.517,0.076,0.236,0.276
0.223,0.288,0.537,0.43,0.517,0.076,0.236,0.276
0.223,0.288,0.537,0.43,0.517,0.076,0.236,0.277
0.223,0.288,0.537,0.43,0.517,0.076,0.236,0.276
0.223,0.288,0.537,0.43,0.517,0.076,0.236,0.276
0.223,0.288,0.536,0.43,0.517,0.076,0.236,0.276
0.223,0.288,0.536,0.43,0.517,0.076,0.236,0.276
0.223,0.288,0.536,0.43,0.517,0.076,0.236,0.276
0.223,0.288,0.536,0.43,0.517,0.076,0.236,0.276
0.223,0.288,0.536,0.429,0.517,0.075,0.236,0.276
0.223,0.288,0.536,0.429,0.517,0.076,0.236,0.276
0.223,0.288,0.536,0.429,0.517,0.076,0.236,0.277
0.223,0.288,0.536,0.429,0.517,0.076,0.236,0.276
0.223,0.288,0.536,0.429,0.517,0.076,0.236,0.276
0.223,0.288,0.536,0.429,0.517,0.076,0.236,0.277
0.223,0.288,0.536,0.43,0.517,0.076,0.236,0.277
0.223,0.288,0.536,0.43,0.517,0.076,0.236,0.277
0.223,0.288,0.536,0.429,0.517,0.076,0.236,0.277
0.223,0.288,0.536,0.43,0.517,0.076,0.236,0.276
0.223,0.288,0.536,0.429,0.517,0.076,0.236,0.277
0.223,0.288,0.536,0.429,0.517,0.076,0.236,0.276
0.223,0.288,0.536,0.429,0.517,0.076,0.236,0.276
0.223,0.288,0.535,0.43,0.517,0.076,0.236,0.277
0.223,0.288,0.535,0.43,0.517,0.076,0.236,0.276
0.223,0.288,0.535,0.43,0.517,0.076,0.236,0.276
0.223,0.288,0.535,0.43,0.517,0.076,0.235,0.277
0.223,0.288,0.535,0.431,0.517,0.076,0.235,0.277
0.223,0.289,0.535,0.431,0.517,0.076,0.235,0.277
0.223,0.289,0.535,0.431,0.517,0.075,0.235,0.277
0.223,0.289,0.535,0.432,0.517,0.076,0.235,0.277
0.223,0.289,0.535,0.432,0.518,0.076,0.235,0.278
0.223,0.289,0.535,0.433,0.518,0.076,0.235,0.278
0.223,0.289,0.535,0.434,0.518,0.075,0.235,0.278
0.223,0.289,0.535,0.434,0.518,0.076,0.235,0.279
0.223,0.289,0.535,0.435,0.519,0.076,0.235,0.279
0.223,0.29,0.535,0.436,0.519,0.076,0.235,0.28
0.222,0.29,0.534,0.437,0.519,0.075,0.235,0.281
0.223,0.29,0.535,0.438,0.52,0.076,0.235,0.281
0.223,0.29,0.535,0.438,0.52,0.076,0.235,0.282
0.223,0.29,0.534,0.439,0.52,0.076,0.235,0.283
0.223,0.291,0.534,0.44,0.521,0.076,0.235,0.283
0.223,0.291,0.534,0.441,0.521,0.076,0.235,0.284
0.223,0.291,0.534,0.442,0.522,0.076,0.235,0.285
0.223,0.291,0.534,0.443,0.522,0.076,0.235,0.286
0.223,0.292,0.534,0.444,0.522,0.075,0.235,0.287
0.223,0.292,0.534,0.445,0.523,0.075,0.235,0.287
0.223,0.292,0.534,0.446,0.523,0.076,0.235,0.288
0.223,0.292,0.534,0.447,0.524,0.076,0.235,0.289
0.223,0.293,0.534,0.448,0.524,0.076,0.235,0.29
0.223,0.293,0.534,0.449,0.525,0.076,0.235,0.29
0.223,0.293,0.534,0.45,0.525,0.076,0.235,0.291
0.223,0.294,0.534,0.451,0.526,0.076,0.235,0.292
0.223,0.294,0.534,0.452,0.526,0.076,0.235,0.293
0.223,0.294,0.534,0.453,0.527,0.076,0.235,0.294
0.223,0.295,0.534,0.454,0.527,0.075,0.235,0.294
0.223,0.295,0.534,0.455,0.528,0.076,0.235,0.295
0.223,0.295,0.534,0.456,0.528,0.076,0.235,0.296
0.223,0.296,0.534,0.457,0.528,0.076,0.235,0.297
0.223,0.296,0.534,0.458,0.529,0.076,0.235,0.297
0.223,0.296,0.534,0.459,0.529,0.075,0.235,0.298
0.223,0.297,0.534,0.459,0.53,0.076,0.235,0.299
0.223,0.297,0.534,0.46,0.53,0.076,0.235,0.3
0.223,0.298,0.534,0.461,0.531,0.076,0.235,0.301
0.223,0.298,0.534,0.462,0.531,0.076,0.235,0.301
0.223,0.298,0.534,0.463,0.532,0.076,0.235,0.302
0.223,0.299,0.534,0.464,0.532,0.076,0.235,0.303
0.224,0.299,0.534,0.465,0.533,0.076,0.235,0.304
0.224,0.3,0.534,0.466,0.533,0.076,0.235,0.304
0.224,0.3,0.534,0.467,0.534,0.076,0.235,0.305
0.224,0.3,0.534,0.468,0.534,0.076,0.235,0.306
0.224,0.301,0.534,0.469,0.535,0.076,0.235,0.306
0.224,0.301,0.534,0.47,0.535,0.076,0.235,0.307
0.224,0.301,0.534,0.471,0.535,0.076,0.235,0.308
0.224,0.302,0.534,0.472,0.536,0.076,0.235,0.308
0.224,0.302,0.534,0.472,0.536,0.076,0.235,0.309
0.224,0.303,0.534,0.473,0.537,0.076,0.235,0.31
0.224,0.303,0.534,0.474,0.537,0.076,0.235,0.311
0.224,0.304,0.534,0.475,0.538,0.076,0.235,0.311
0.224,0.304,0.534,0.476,0.538,0.076,0.235,0.312
0.224,0.304,0.534,0.477,0.539,0.076,0.235,0.313
0.224,0.305,0.534,0.478,0.539,0.076,0.235,0.313
0.224,0.305,0.534,0.479,0.54,0.076,0.235,0.314
0.224,0.306,0.534,0.48,0.54,0.076,0.235,0.315
0.225,0.306,0.534,0.481,0.541,0.076,0.235,0.316
0.225,0.306,0.534,0.482,0.541,0.076,0.235,0.316
0.225,0.307,0.534,0.482,0.542,0.076,0.235,0.317
0.225,0.307,0.534,0.483,0.542,0.076,0.235,0.318
0.225,0.308,0.534,0.484,0.543,0.076,0.235,0.318
0.225,0.308,0.534,0.485,0.543,0.076,0.235,0.319
0.225,0.309,0.534,0.486,0.544,0.076,0.235,0.319
0.225,0.309,0.534,0.487,0.544,0.076,0.235,0.32
0.225,0.309,0.534,0.488,0.545,0.076,0.235,0.321
0.225,0.31,0.534,0.489,0.545,0.076,0.235,0.321
0.225,0.31,0.534,0.49,0.546,0.076,0.235,0.322
0.225,0.311,0.534,0.491,0.546,0.076,0.235,0.322
0.225,0.311,0.534,0.492,0.547,0.076,0.235,0.323
0.225,0.312,0.534,0.493,0.547,0.076,0.235,0.323
0.225,0.312,0.534,0.494,0.548,0.076,0.235,0.324
0.225,0.313,0.534,0.495,0.548,0.076,0.235,0.325
0.226,0.313,0.534,0.496,0.549,0.076,0.235,0.325
0.226,0.313,0.534,0.497,0.549,0.076,0.235,0.326
0.226,0.314,0.534,0.498,0.55,0.076,0.235,0.327
0.226,0.314,0.534,0.499,0.55,0.076,0.235,0.327
0.226,0.314,0.534,0.5,0.551,0.076,0.235,0.328
0.226,0.315,0.534,0.501,0.551,0.076,0.235,0.328
0.226,0.315,0.534,0.502,0.552,0.076,0.235,0.329
0.226,0.316,0.535,0.503,0.552,0.076,0.235,0.329
0.226,0.316,0.534,0.504,0.553,0.076,0.235,0.33
0.226,0.317,0.535,0.505,0.554,0.076,0.235,0.33
0.226,0.318,0.535,0.506,0.554,0.076,0.235,0.331
0.226,0.318,0.534,0.507,0.555,0.076,0.235,0.331
0.226,0.319,0.535,0.508,0.555,0.076,0.235,0.332
0.226,0.32,0.534,0.509,0.556,0.076,0.235,0.333
0.226,0.321,0.535,0.51,0.556,0.076,0.235,0.334
0.227,0.323,0.535,0.511,0.557,0.076,0.235,0.335
0.227,0.325,0.535,0.512,0.557,0.076,0.235,0.336
0.227,0.328,0.535,0.514,0.558,0.076,0.235,0.337
0.227,0.332,0.535,0.516,0.559,0.076,0.235,0.339
0.227,0.336,0.535,0.518,0.56,0.076,0.235,0.34
0.227,0.34,0.535,0.521,0.562,0.076,0.235,0.341
0.228,0.345,0.536,0.524,0.564,0.076,0.235,0.343
0.228,0.351,0.536,0.527,0.566,0.076,0.235,0.344
0.228,0.356,0.536,0.53,0.568,0.077,0.236,0.346
0.228,0.361,0.537,0.534,0.571,0.077,0.235,0.347
0.228,0.367,0.537,0.537,0.574,0.077,0.235,0.349
0.228,0.373,0.538,0.54,0.576,0.077,0.236,0.35
0.229,0.378,0.538,0.544,0.579,0.077,0.236,0.352
0.229,0.384,0.539,0.547,0.582,0.077,0.236,0.353
0.229,0.389,0.539,0.55,0.585,0.077,0.236,0.354
0.229,0.395,0.54,0.553,0.587,0.077,0.236,0.356
0.229,0.4,0.54,0.556,0.59,0.077,0.236,0.357
0.23,0.406,0.541,0.559,0.592,0.077,0.236,0.358
0.23,0.411,0.541,0.561,0.595,0.078,0.236,0.359
0.23,0.416,0.542,0.564,0.597,0.078,0.237,0.361
0.23,0.421,0.542,0.567,0.6,0.078,0.237,0.362
0.231,0.426,0.543,0.569,0.602,0.078,0.237,0.363
0.231,0.431,0.543,0.572,0.604,0.078,0.237,0.364
0.231,0.436,0.544,0.574,0.606,0.078,0.237,0.365
0.231,0.441,0.544,0.577,0.609,0.079,0.237,0.366
0.232,0.445,0.545,0.579,0.611,0.079,0.237,0.367
0.232,0.45,0.545,0.581,0.613,0.079,0.237,0.368
0.232,0.455,0.546,0.583,0.614,0.079,0.238,0.369
0.233,0.459,0.547,0.585,0.616,0.079,0.238,0.37
0.233,0.463,0.547,0.587,0.618,0.079,0.238,0.371
0.233,0.467,0.548,0.589,0.62,0.08,0.238,0.371
0.234,0.471,0.548,0.591,0.621,0.08,0.238,0.372
0.234,0.474,0.549,0.592,0.623,0.08,0.238,0.372
0.234,0.478,0.549,0.594,0.625,0.08,0.238,0.373
0.234,0.482,0.55,0.595,0.627,0.08,0.238,0.374
0.235,0.487,0.551,0.598,0.629,0.081,0.238,0.375
0.235,0.492,0.551,0.601,0.63,0.081,0.239,0.375
0.235,0.498,0.552,0.604,0.632,0.081,0.239,0.377
0.235,0.505,0.552,0.608,0.634,0.081,0.239,0.379
0.236,0.512,0.553,0.613,0.636,0.082,0.239,0.382
0.236,0.52,0.554,0.619,0.638,0.082,0.24,0.386
0.236,0.529,0.555,0.625,0.641,0.082,0.24,0.391
0.237,0.539,0.555,0.633,0.645,0.082,0.24,0.398
0.237,0.549,0.556,0.642,0.649,0.083,0.24,0.406
0.237,0.561,0.557,0.65,0.654,0.083,0.241,0.414
0.238,0.572,0.558,0.658,0.659,0.084,0.241,0.423
0.238,0.585,0.559,0.665,0.667,0.084,0.242,0.433
0.239,0.601,0.56,0.671,0.675,0.084,0.242,0.442
0.239,0.618,0.561,0.678,0.684,0.085,0.242,0.452
0.24,0.637,0.562,0.683,0.694,0.086,0.243,0.461
0.241,0.656,0.564,0.688,0.705,0.086,0.244,0.471
0.241,0.673,0.565,0.692,0.716,0.087,0.244,0.48
0.242,0.69,0.566,0.698,0.727,0.088,0.244,0.489
0.243,0.709,0.568,0.702,0.737,0.088,0.245,0.497
0.243,0.725,0.569,0.708,0.747,0.089,0.245,0.505
0.244,0.742,0.57,0.714,0.757,0.09,0.245,0.513
0.244,0.762,0.572,0.72,0.766,0.09,0.246,0.52
0.245,0.782,0.573,0.725,0.774,0.091,0.246,0.527
0.245,0.8,0.575,0.731,0.783,0.092,0.247,0.533
0.246,0.815,0.576,0.735,0.791,0.093,0.247,0.54
0.247,0.831,0.578,0.741,0.799,0.094,0.247,0.545
0.247,0.845,0.58,0.745,0.807,0.094,0.247,0.551
0.248,0.861,0.581,0.746,0.814,0.095,0.248,0.556
0.248,0.877,0.583,0.75,0.821,0.096,0.248,0.562
0.249,0.892,0.584,0.755,0.828,0.097,0.248,0.567
0.249,0.907,0.586,0.759,0.835,0.097,0.248,0.572
0.25,0.922,0.588,0.764,0.842,0.098,0.249,0.577
0.251,0.936,0.589,0.768,0.849,0.099,0.249,0.581
0.251,0.952,0.591,0.773,0.855,0.1,0.249,0.587
0.252,0.966,0.593,0.776,0.862,0.1,0.249,0.591
0.252,0.979,0.594,0.78,0.868,0.101,0.249,0.595
0.253,0.99,0.596,0.785,0.874,0.102,0.249,0.6
0.253,1.0,0.597,0.788,0.881,0.103,0.249,0.604
0.254,1.01,0.599,0.791,0.887,0.104,0.25,0.608
0.255,1.021,0.601,0.798,0.892,0.104,0.25,0.612
0.255,1.031,0.602,0.801,0.898,0.105,0.25,0.616
0.256,1.042,0.604,0.804,0.903,0.106,0.25,0.62
0.257,1.052,0.606,0.813,0.909,0.106,0.25,0.623
0.257,1.061,0.607,0.818,0.915,0.107,0.25,0.626
0.258,1.07,0.609,0.819,0.92,0.108,0.25,0.631
0.259,1.079,0.611,0.824,0.926,0.109,0.251,0.635
0.259,1.087,0.612,0.829,0.931,0.11,0.251,0.639
0.26,1.096,0.614,0.835,0.936,0.11,0.251,0.642
0.261,1.104,0.616,0.837,0.941,0.111,0.251,0.646
0.261,1.112,0.617,0.841,0.946,0.112,0.251,0.65
0.262,1.119,0.619,0.846,0.951,0.113,0.251,0.654
0.263,1.125,0.621,0.846,0.956,0.113,0.252,0.658
0.264,1.132,0.622,0.854,0.961,0.114,0.252,0.661
0.265,1.139,0.624,0.856,0.966,0.115,0.252,0.665
0.265,1.145,0.626,0.863,0.97,0.116,0.252,0.669
0.266,1.151,0.627,0.868,0.975,0.116,0.253,0.672
0.267,1.157,0.629,0.869,0.98,0.117,0.253,0.675
0.268,1.162,0.631,0.875,0.984,0.118,0.253,0.679
0.269,1.168,0.632,0.877,0.989,0.119,0.254,0.683
0.269,1.173,0.634,0.882,0.994,0.119,0.254,0.686
0.27,1.178,0.636,0.885,0.998,0.12,0.254,0.69
0.271,1.184,0.637,0.891,1.003,0.121,0.254,0.693
0.272,1.189,0.639,0.894,1.008,0.122,0.255,0.697
0.273,1.194,0.64,0.896,1.012,0.123,0.255,0.701
0.274,1.199,0.642,0.904,1.017,0.124,0.256,0.705
0.274,1.205,0.644,0.909,1.021,0.124,0.256,0.708
0.275,1.21,0.646,0.913,1.026,0.125,0.256,0.711
0.276,1.215,0.647,0.918,1.03,0.126,0.256,0.715
0.277,1.22,0.648,0.921,1.035,0.127,0.257,0.719
0.278,1.225,0.65,0.926,1.039,0.127,0.257,0.723
0.279,1.23,0.652,0.93,1.044,0.128,0.257,0.726
0.28,1.235,0.654,0.936,1.048,0.129,0.258,0.73
0.28,1.24,0.655,0.942,1.053,0.13,0.258,0.734
0.281,1.245,0.657,0.946,1.057,0.131,0.258,0.737
0.282,1.249,0.658,0.952,1.061,0.132,0.259,0.74
0.283,1.254,0.66,0.957,1.065,0.132,0.259,0.744
0.284,1.258,0.661,0.962,1.07,0.133,0.26,0.747
0.285,1.262,0.663,0.967,1.074,0.134,0.26,0.751
0.286,1.267,0.665,0.972,1.078,0.135,0.26,0.754
0.287,1.271,0.666,0.977,1.082,0.136,0.261,0.758
0.288,1.275,0.668,0.981,1.086,0.137,0.261,0.761
0.289,1.278,0.669,0.985,1.091,0.137,0.262,0.765
0.29,1.283,0.671,0.99,1.095,0.138,0.262,0.768
0.291,1.286,0.672,0.994,1.099,0.139,0.262,0.772
0.292,1.29,0.674,0.998,1.103,0.14,0.263,0.775
0.293,1.293,0.675,1.002,1.107,0.141,0.263,0.778
0.294,1.297,0.677,1.007,1.111,0.142,0.264,0.782
0.295,1.301,0.679,1.01,1.115,0.142,0.264,0.785
0.296,1.304,0.68,1.014,1.119,0.143,0.265,0.788
0.297,1.308,0.682,1.019,1.123,0.144,0.265,0.792
0.298,1.311,0.683,1.023,1.127,0.145,0.265,0.795
0.299,1.315,0.685,1.027,1.131,0.146,0.266,0.798
0.3,1.318,0.686,1.031,1.135,0.147,0.266,0.802
0.301,1.321,0.688,1.035,1.139,0.147,0.267,0.805
0.302,1.325,0.689,1.039,1.142,0.148,0.267,0.808
0.303,1.328,0.691,1.043,1.146,0.149,0.267,0.812
0.304,1.331,0.693,1.046,1.15,0.15,0.268,0.815
0.305,1.335,0.694,1.05,1.154,0.151,0.268,0.818
0.306,1.338,0.695,1.054,1.158,0.152,0.269,0.821
0.307,1.341,0.697,1.058,1.162,0.153,0.269,0.825
0.308,1.345,0.699,1.061,1.165,0.153,0.27,0.828
0.309,1.348,0.7,1.065,1.169,0.155,0.27,0.831
0.31,1.351,0.702,1.068,1.173,0.155,0.27,0.835
0.311,1.354,0.703,1.072,1.177,0.156,0.271,0.838
0.312,1.357,0.705,1.076,1.181,0.157,0.271,0.841
0.313,1.36,0.706,1.079,1.184,0.158,0.272,0.844
0.314,1.364,0.708,1.083,1.188,0.159,0.272,0.848
0.315,1.367,0.709,1.087,1.192,0.16,0.272,0.851
0.316,1.37,0.711,1.089,1.196,0.161,0.273,0.854
0.317,1.373,0.712,1.093,1.2,0.162,0.273,0.857
0.318,1.376,0.714,1.097,1.204,0.162,0.274,0.861
0.32,1.38,0.715,1.101,1.208,0.163,0.274,0.864
0.32,1.383,0.717,1.105,1.211,0.164,0.274,0.867
0.322,1.386,0.718,1.108,1.215,0.165,0.275,0.871
0.323,1.389,0.72,1.112,1.219,0.166,0.275,0.874
0.324,1.392,0.721,1.116,1.223,0.167,0.276,0.877
0.325,1.395,0.723,1.119,1.227,0.168,0.276,0.881
0.326,1.398,0.724,1.122,1.23,0.169,0.277,0.884
0.327,1.402,0.726,1.122,1.235,0.17,0.277,0.888
0.328,1.405,0.727,1.124,1.238,0.171,0.277,0.891
0.329,1.408,0.729,1.125,1.242,0.172,0.278,0.894
0.33,1.411,0.73,1.129,1.246,0.173,0.278,0.897
0.331,1.415,0.732,1.134,1.25,0.174,0.278,0.901
0.332,1.418,0.733,1.138,1.254,0.175,0.279,0.904
0.333,1.422,0.734,1.144,1.258,0.176,0.279,0.908
0.334,1.425,0.736,1.147,1.262,0.177,0.279,0.911
0.335,1.428,0.737,1.151,1.266,0.178,0.28,0.915
0.336,1.432,0.739,1.154,1.27,0.179,0.28,0.918
0.337,1.435,0.74,1.158,1.274,0.18,0.28,0.922
0.338,1.438,0.742,1.162,1.278,0.181,0.281,0.925
0.34,1.442,0.743,1.167,1.282,0.182,0.281,0.929
0.341,1.445,0.745,1.169,1.286,0.183,0.282,0.932
0.342,1.448,0.746,1.173,1.289,0.184,0.282,0.935
0.343,1.452,0.748,1.178,1.293,0.185,0.282,0.938
0.344,1.454,0.749,1.183,1.297,0.186,0.283,0.942
0.345,1.458,0.751,1.188,1.301,0.187,0.283,0.945
0.346,1.46,0.752,1.192,1.305,0.188,0.284,0.948
0.347,1.463,0.754,1.197,1.309,0.19,0.284,0.951
0.349,1.466,0.755,1.201,1.313,0.191,0.284,0.955
0.35,1.469,0.757,1.205,1.316,0.192,0.285,0.958
0.351,1.472,0.758,1.209,1.32,0.193,0.285,0.961
0.352,1.475,0.76,1.213,1.324,0.194,0.286,0.964
0.353,1.478,0.761,1.217,1.327,0.195,0.286,0.967
0.354,1.481,0.763,1.22,1.331,0.196,0.286,0.97
0.356,1.483,0.764,1.224,1.335,0.197,0.287,0.973
0.357,1.486,0.766,1.228,1.338,0.198,0.287,0.977
0.358,1.489,0.767,1.232,1.342,0.199,0.288,0.98
0.359,1.492,0.769,1.236,1.345,0.201,0.288,0.983
0.36,1.494,0.77,1.24,1.349,0.202,0.288,0.986
0.361,1.497,0.772,1.243,1.353,0.203,0.289,0.989
0.363,1.5,0.773,1.247,1.356,0.204,0.289,0.992
0.364,1.502,0.774,1.251,1.36,0.205,0.29,0.995
0.365,1.505,0.776,1.254,1.363,0.206,0.29,0.999
0.366,1.507,0.777,1.258,1.367,0.207,0.291,1.002
0.367,1.51,0.779,1.262,1.37,0.208,0.291,1.005
0.369,1.512,0.78,1.265,1.374,0.209,0.291,1.008
0.37,1.515,0.782,1.269,1.377,0.211,0.292,1.011
0.371,1.517,0.783,1.273,1.381,0.212,0.292,1.014
0.372,1.52,0.785,1.276,1.384,0.213,0.293,1.017
0.373,1.522,0.786,1.28,1.387,0.214,0.293,1.02
0.374,1.524,0.788,1.283,1.391,0.215,0.293,1.023
0.375,1.525,0.789,1.286,1.394,0.216,0.294,1.025
0.376,1.524,0.79,1.289,1.398,0.217,0.294,1.027
0.377,1.52,0.791,1.289,1.4,0.218,0.295,1.029
0.378,1.515,0.793,1.288,1.402,0.22,0.295,1.031
0.379,1.51,0.793,1.285,1.404,0.22,0.295,1.032
0.38,1.506,0.794,1.283,1.406,0.221,0.296,1.033
0.381,1.502,0.795,1.282,1.406,0.222,0.296,1.034
0.383,1.499,0.796,1.281,1.407,0.223,0.296,1.035
0.384,1.496,0.797,1.28,1.407,0.224,0.296,1.035
0.384,1.49,0.796,1.277,1.404,0.224,0.296,1.034
0.386,1.487,0.797,1.276,1.405,0.225,0.297,1.034
0.387,1.485,0.797,1.276,1.405,0.226,0.297,1.034
0.388,1.482,0.798,1.276,1.406,0.227,0.297,1.035
0.389,1.479,0.799,1.275,1.406,0.227,0.298,1.036
0.39,1.476,0.8,1.275,1.407,0.228,0.298,1.036
0.391,1.474,0.801,1.275,1.408,0.229,0.298,1.036
0.393,1.471,0.801,1.274,1.408,0.23,0.298,1.036
0.393,1.469,0.802,1.274,1.409,0.23,0.299,1.037
0.395,1.467,0.803,1.274,1.409,0.231,0.299,1.037
0.396,1.465,0.804,1.274,1.41,0.231,0.299,1.038
0.397,1.463,0.804,1.274,1.411,0.232,0.299,1.039
0.398,1.462,0.805,1.275,1.411,0.233,0.3,1.039
0.399,1.461,0.806,1.275,1.412,0.233,0.3,1.04
0.4,1.459,0.807,1.275,1.413,0.234,0.3,1.041
0.401,1.458,0.808,1.276,1.414,0.234,0.301,1.041
0.402,1.457,0.808,1.276,1.415,0.235,0.301,1.042
0.403,1.455,0.809,1.277,1.416,0.235,0.301,1.042
0.404,1.454,0.81,1.277,1.417,0.236,0.301,1.043
0.406,1.453,0.811,1.279,1.418,0.237,0.302,1.043
0.407,1.452,0.812,1.279,1.419,0.237,0.302,1.044
0.408,1.451,0.812,1.281,1.42,0.238,0.302,1.044
0.409,1.45,0.813,1.282,1.421,0.238,0.302,1.044
0.41,1.447,0.814,1.284,1.422,0.239,0.303,1.044
0.411,1.444,0.815,1.286,1.424,0.24,0.303,1.044
0.411,1.44,0.815,1.288,1.425,0.24,0.303,1.043
0.413,1.435,0.816,1.29,1.426,0.24,0.303,1.043
0.413,1.431,0.817,1.291,1.428,0.241,0.304,1.043
0.414,1.426,0.817,1.291,1.428,0.242,0.304,1.044
0.415,1.421,0.818,1.291,1.428,0.242,0.304,1.044
0.416,1.417,0.819,1.29,1.428,0.242,0.305,1.045
0.417,1.412,0.819,1.289,1.428,0.243,0.305,1.045
0.418,1.408,0.82,1.284,1.427,0.243,0.305,1.045
0.419,1.406,0.821,1.284,1.427,0.244,0.305,1.044
0.42,1.406,0.821,1.286,1.427,0.244,0.305,1.044
0.42,1.405,0.822,1.288,1.427,0.244,0.306,1.043
0.421,1.405,0.823,1.289,1.428,0.245,0.306,1.044
0.422,1.406,0.824,1.291,1.428,0.245,0.306,1.044
0.422,1.407,0.824,1.293,1.429,0.246,0.306,1.045
0.423,1.408,0.825,1.295,1.429,0.246,0.307,1.047
0.423,1.41,0.826,1.293,1.43,0.247,0.307,1.049
0.424,1.412,0.827,1.297,1.431,0.247,0.307,1.052
0.424,1.414,0.828,1.298,1.433,0.248,0.307,1.055
0.425,1.417,0.828,1.302,1.435,0.248,0.307,1.058
0.425,1.42,0.829,1.306,1.437,0.248,0.308,1.061
0.426,1.424,0.83,1.31,1.44,0.249,0.308,1.064
0.426,1.427,0.831,1.313,1.442,0.25,0.308,1.067
0.427,1.431,0.832,1.316,1.444,0.25,0.308,1.07
0.428,1.435,0.833,1.32,1.447,0.251,0.309,1.073
0.428,1.437,0.834,1.322,1.449,0.251,0.309,1.075
0.429,1.441,0.835,1.325,1.452,0.252,0.309,1.078
0.43,1.444,0.835,1.328,1.454,0.252,0.309,1.08
0.43,1.447,0.836,1.33,1.456,0.253,0.31,1.083
0.431,1.449,0.837,1.333,1.459,0.254,0.31,1.086
0.432,1.452,0.838,1.335,1.461,0.254,0.31,1.088
0.432,1.454,0.839,1.337,1.463,0.255,0.31,1.09
0.433,1.457,0.84,1.34,1.465,0.256,0.311,1.093
0.434,1.459,0.841,1.342,1.467,0.256,0.311,1.095
0.435,1.462,0.842,1.345,1.47,0.257,0.311,1.097
0.435,1.465,0.843,1.347,1.472,0.258,0.312,1.1
0.436,1.468,0.849,1.352,1.477,0.259,0.313,1.104
0.438,1.473,0.847,1.355,1.479,0.26,0.313,1.107
0.439,1.476,0.848,1.357,1.482,0.26,0.313,1.109
0.439,1.478,0.848,1.359,1.484,0.261,0.313,1.111
0.44,1.48,0.849,1.362,1.485,0.262,0.314,1.113
0.441,1.481,0.85,1.364,1.487,0.262,0.314,1.115
0.442,1.483,0.851,1.366,1.489,0.263,0.314,1.117
0.442,1.485,0.852,1.368,1.491,0.264,0.315,1.119
0.443,1.486,0.853,1.37,1.493,0.264,0.315,1.121
0.444,1.488,0.854,1.372,1.495,0.265,0.315,1.122
0.445,1.49,0.855,1.374,1.497,0.266,0.315,1.124
0.446,1.491,0.856,1.376,1.499,0.266,0.316,1.126
0.446,1.492,0.857,1.377,1.5,0.267,0.316,1.128
0.447,1.494,0.858,1.379,1.502,0.268,0.316,1.129
0.448,1.495,0.859,1.381,1.504,0.268,0.317,1.131
0.449,1.496,0.86,1.383,1.505,0.269,0.317,1.132
0.45,1.498,0.861,1.384,1.507,0.27,0.317,1.134
0.45,1.499,0.862,1.386,1.509,0.27,0.317,1.136
0.451,1.5,0.863,1.388,1.51,0.271,0.318,1.137
0.452,1.501,0.864,1.389,1.512,0.271,0.318,1.139
0.453,1.503,0.865,1.391,1.513,0.272,0.318,1.14
0.454,1.504,0.866,1.393,1.515,0.273,0.319,1.142
0.455,1.505,0.867,1.394,1.517,0.273,0.319,1.143
0.455,1.506,0.868,1.395,1.518,0.274,0.319,1.145
0.456,1.507,0.869,1.397,1.519,0.275,0.319,1.146
0.457,1.508,0.87,1.398,1.521,0.275,0.32,1.148
0.458,1.509,0.871,1.4,1.522,0.276,0.32,1.149
0.459,1.51,0.872,1.401,1.524,0.276,0.32,1.15
0.46,1.511,0.873,1.402,1.525,0.277,0.321,1.152
0.461,1.512,0.874,1.404,1.526,0.277,0.321,1.153
0.461,1.513,0.875,1.405,1.528,0.278,0.321,1.154
0.462,1.514,0.876,1.406,1.529,0.279,0.322,1.156
0.463,1.514,0.877,1.408,1.53,0.279,0.322,1.157
0.464,1.516,0.877,1.409,1.532,0.28,0.322,1.158
0.465,1.516,0.878,1.41,1.533,0.28,0.323,1.159
0.466,1.517,0.879,1.411,1.535,0.281,0.323,1.161
0.467,1.518,0.881,1.412,1.536,0.282,0.323,1.162
0.468,1.519,0.881,1.414,1.537,0.282,0.323,1.163
0.468,1.52,0.882,1.415,1.538,0.283,0.324,1.164
0.469,1.52,0.883,1.415,1.539,0.283,0.324,1.165
0.47,1.521,0.884,1.417,1.541,0.284,0.324,1.166
0.471,1.522,0.885,1.418,1.542,0.284,0.324,1.167
0.472,1.523,0.886,1.419,1.543,0.285,0.325,1.168
0.473,1.523,0.887,1.42,1.544,0.285,0.325,1.169
0.473,1.524,0.888,1.421,1.545,0.286,0.325,1.17
0.474,1.525,0.889,1.422,1.547,0.286,0.326,1.171
0.475,1.525,0.89,1.423,1.548,0.287,0.326,1.172
0.476,1.526,0.891,1.424,1.549,0.288,0.326,1.173
0.477,1.527,0.892,1.425,1.55,0.288,0.326,1.174
0.478,1.527,0.893,1.426,1.551,0.289,0.327,1.175
0.479,1.528,0.894,1.426,1.553,0.289,0.327,1.175
0.48,1.529,0.895,1.428,1.554,0.29,0.327,1.176
0.481,1.53,0.896,1.429,1.555,0.29,0.327,1.177
0.481,1.53,0.897,1.429,1.556,0.291,0.328,1.178
0.482,1.531,0.898,1.43,1.557,0.291,0.328,1.179
0.483,1.531,0.899,1.431,1.558,0.292,0.328,1.179
0.484,1.532,0.899,1.432,1.559,0.293,0.329,1.18
0.485,1.532,0.9,1.433,1.56,0.293,0.329,1.18
0.486,1.533,0.901,1.433,1.561,0.294,0.329,1.181
0.487,1.534,0.902,1.434,1.562,0.294,0.33,1.182
0.488,1.534,0.903,1.435,1.563,0.295,0.33,1.183
0.489,1.535,0.904,1.436,1.564,0.295,0.33,1.183
0.489,1.536,0.905,1.436,1.565,0.296,0.33,1.184
0.49,1.536,0.906,1.437,1.566,0.296,0.33,1.182
0.49,1.533,0.905,1.434,1.563,0.296,0.33,1.182
0.491,1.534,0.906,1.435,1.564,0.297,0.33,1.182
0.492,1.534,0.907,1.436,1.565,0.297,0.331,1.183
0.493,1.535,0.908,1.436,1.566,0.298,0.331,1.183
0.494,1.535,0.909,1.437,1.567,0.298,0.331,1.184
0.494,1.536,0.909,1.438,1.568,0.299,0.332,1.184
0.495,1.536,0.91,1.438,1.569,0.299,0.332,1.185
0.496,1.537,0.911,1.439,1.569,0.3,0.332,1.185
0.497,1.537,0.912,1.44,1.57,0.3,0.332,1.186
0.498,1.537,0.913,1.44,1.571,0.301,0.332,1.186
0.499,1.538,0.914,1.441,1.572,0.301,0.333,1.186
0.5,1.538,0.915,1.441,1.573,0.302,0.333,1.186
0.5,1.539,0.916,1.442,1.573,0.302,0.333,1.187
0.501,1.539,0.917,1.443,1.574,0.302,0.333,1.187
0.502,1.54,0.917,1.443,1.575,0.303,0.334,1.187
0.503,1.541,0.919,1.443,1.576,0.304,0.334,1.188
0.504,1.541,0.919,1.444,1.577,0.304,0.334,1.188
0.505,1.541,0.92,1.444,1.577,0.305,0.335,1.188
0.506,1.542,0.921,1.445,1.578,0.305,0.335,1.188
0.507,1.542,0.922,1.445,1.579,0.305,0.335,1.189
0.507,1.543,0.923,1.446,1.58,0.306,0.335,1.189
0.508,1.543,0.924,1.446,1.58,0.307,0.336,1.189
0.509,1.543,0.924,1.447,1.581,0.307,0.336,1.189
0.51,1.544,0.925,1.447,1.582,0.307,0.336,1.189
0.511,1.544,0.926,1.448,1.582,0.308,0.336,1.189
0.512,1.544,0.927,1.448,1.583,0.308,0.336,1.189
0.513,1.545,0.928,1.448,1.584,0.309,0.337,1.189
0.513,1.545,0.929,1.449,1.584,0.309,0.337,1.189
0.514,1.546,0.93,1.449,1.585,0.31,0.337,1.189
0.515,1.546,0.93,1.449,1.585,0.31,0.337,1.189
0.516,1.546,0.931,1.45,1.586,0.31,0.338,1.189
0.517,1.547,0.932,1.45,1.586,0.311,0.338,1.189
0.518,1.547,0.933,1.451,1.587,0.312,0.338,1.189
0.519,1.547,0.934,1.451,1.588,0.312,0.338,1.189
0.52,1.548,0.935,1.451,1.588,0.312,0.339,1.189
0.52,1.548,0.935,1.451,1.589,0.313,0.339,1.189
0.521,1.549,0.936,1.452,1.589,0.313,0.339,1.188
0.522,1.549,0.937,1.452,1.59,0.314,0.339,1.188
0.523,1.549,0.938,1.452,1.59,0.314,0.34,1.188
0.524,1.549,0.939,1.453,1.591,0.314,0.34,1.188
0.525,1.55,0.94,1.453,1.591,0.315,0.34,1.188
0.526,1.55,0.941,1.453,1.592,0.315,0.34,1.187
0.526,1.55,0.941,1.453,1.592,0.316,0.34,1.187
0.527,1.551,0.942,1.454,1.593,0.316,0.341,1.187
0.528,1.551,0.943,1.454,1.593,0.317,0.341,1.187
0.529,1.551,0.944,1.454,1.594,0.317,0.341,1.187
0.53,1.551,0.945,1.454,1.594,0.317,0.342,1.186
0.531,1.551,0.946,1.455,1.594,0.318,0.342,1.186
0.532,1.552,0.946,1.455,1.594,0.318,0.342,1.186
0.532,1.552,0.947,1.455,1.595,0.319,0.342,1.185
0.533,1.552,0.948,1.455,1.595,0.319,0.342,1.185
0.534,1.552,0.949,1.455,1.596,0.319,0.343,1.185
0.535,1.552,0.95,1.455,1.596,0.32,0.343,1.184
0.536,1.552,0.951,1.455,1.596,0.32,0.343,1.184
0.537,1.553,0.951,1.456,1.596,0.321,0.343,1.184
0.538,1.553,0.952,1.456,1.597,0.321,0.344,1.183
0.539,1.553,0.953,1.456,1.597,0.321,0.344,1.183
0.539,1.553,0.954,1.456,1.597,0.322,0.344,1.182
0.54,1.553,0.954,1.456,1.598,0.322,0.344,1.182
0.541,1.553,0.955,1.456,1.598,0.323,0.345,1.182
0.542,1.553,0.956,1.456,1.598,0.323,0.345,1.181
0.543,1.553,0.957,1.456,1.598,0.323,0.345,1.181
0.544,1.553,0.958,1.456,1.598,0.324,0.345,1.181
0.545,1.553,0.958,1.456,1.599,0.324,0.345,1.18
0.545,1.554,0.959,1.457,1.599,0.324,0.345,1.179
0.546,1.553,0.96,1.456,1.599,0.325,0.346,1.179
0.547,1.553,0.961,1.457,1.599,0.325,0.346,1.179
0.548,1.553,0.961,1.457,1.599,0.325,0.346,1.178
0.549,1.553,0.962,1.456,1.6,0.326,0.346,1.178
0.55,1.553,0.963,1.457,1.6,0.326,0.347,1.177
0.55,1.553,0.964,1.456,1.6,0.326,0.347,1.177
0.551,1.553,0.965,1.456,1.6,0.327,0.347,1.176
0.552,1.553,0.965,1.456,1.6,0.327,0.347,1.176
0.553,1.553,0.966,1.456,1.6,0.327,0.348,1.175
0.554,1.553,0.967,1.456,1.6,0.328,0.348,1.174
0.554,1.553,0.968,1.456,1.6,0.328,0.348,1.174
0.556,1.552,0.968,1.456,1.6,0.328,0.348,1.173
0.556,1.552,0.969,1.456,1.6,0.329,0.348,1.172
0.557,1.552,0.97,1.456,1.6,0.329,0.349,1.171
0.558,1.552,0.97,1.456,1.6,0.329,0.349,1.17
0.559,1.552,0.971,1.456,1.6,0.329,0.349,1.17
0.559,1.552,0.972,1.456,1.6,0.33,0.349,1.169
0.56,1.551,0.973,1.456,1.6,0.33,0.349,1.168
0.561,1.551,0.974,1.456,1.6,0.33,0.35,1.167
0.562,1.551,0.974,1.455,1.6,0.331,0.35,1.166
0.563,1.551,0.975,1.455,1.6,0.331,0.35,1.166
0.564,1.551,0.976,1.455,1.599,0.331,0.35,1.165
0.565,1.551,0.977,1.455,1.599,0.331,0.351,1.164
0.566,1.55,0.977,1.455,1.599,0.332,0.351,1.163
0.566,1.55,0.978,1.455,1.599,0.332,0.351,1.163
0.567,1.55,0.979,1.455,1.599,0.332,0.351,1.162
0.568,1.55,0.979,1.455,1.599,0.332,0.351,1.161
0.569,1.55,0.98,1.455,1.599,0.333,0.352,1.16
0.57,1.549,0.981,1.454,1.599,0.333,0.352,1.159
0.57,1.549,0.982,1.454,1.599,0.333,0.352,1.158
0.571,1.549,0.982,1.454,1.598,0.333,0.352,1.158
0.572,1.549,0.983,1.454,1.598,0.334,0.352,1.157
0.573,1.548,0.984,1.454,1.598,0.334,0.352,1.156
0.574,1.548,0.984,1.454,1.598,0.334,0.353,1.155
0.575,1.548,0.985,1.454,1.598,0.334,0.353,1.154
0.575,1.547,0.986,1.454,1.598,0.335,0.353,1.154
0.576,1.547,0.987,1.454,1.598,0.335,0.353,1.153
0.577,1.547,0.987,1.454,1.598,0.335,0.353,1.152
0.578,1.547,0.988,1.454,1.597,0.335,0.354,1.152
0.579,1.547,0.989,1.454,1.598,0.336,0.354,1.151
0.58,1.546,0.989,1.454,1.597,0.336,0.354,1.15
0.58,1.546,0.99,1.454,1.597,0.336,0.354,1.15
0.581,1.546,0.991,1.454,1.597,0.336,0.354,1.149
0.582,1.545,0.992,1.454,1.597,0.336,0.355,1.148
0.583,1.545,0.992,1.454,1.597,0.337,0.355,1.148
0.584,1.545,0.993,1.454,1.597,0.337,0.355,1.147
0.584,1.544,0.994,1.454,1.597,0.337,0.355,1.146
0.585,1.544,0.994,1.454,1.596,0.337,0.355,1.146
0.586,1.544,0.995,1.454,1.596,0.337,0.355,1.145
0.587,1.543,0.996,1.454,1.596,0.338,0.356,1.144
0.588,1.543,0.997,1.453,1.596,0.338,0.356,1.144
0.588,1.542,0.997,1.454,1.596,0.338,0.356,1.143
0.589,1.542,0.998,1.454,1.596,0.338,0.356,1.142
0.59,1.542,0.998,1.454,1.595,0.338,0.356,1.142
0.591,1.541,0.999,1.453,1.595,0.338,0.356,1.141
0.591,1.541,1.0,1.453,1.595,0.339,0.357,1.14
0.592,1.54,1.001,1.453,1.595,0.339,0.357,1.14
0.593,1.54,1.001,1.453,1.595,0.339,0.357,1.139
0.594,1.539,1.002,1.453,1.595,0.339,0.357,1.138
0.595,1.538,1.003,1.453,1.595,0.339,0.357,1.138
0.595,1.538,1.003,1.453,1.594,0.339,0.358,1.137
0.596,1.537,1.004,1.453,1.594,0.34,0.358,1.137
0.597,1.537,1.004,1.453,1.594,0.34,0.358,1.136
0.598,1.536,1.005,1.453,1.594,0.34,0.358,1.136
0.599,1.536,1.006,1.453,1.594,0.34,0.358,1.135
0.599,1.535,1.007,1.453,1.593,0.34,0.358,1.134
0.6,1.535,1.007,1.453,1.593,0.34,0.359,1.134
0.601,1.534,1.008,1.453,1.593,0.34,0.359,1.133
0.602,1.534,1.009,1.453,1.593,0.341,0.359,1.133
0.602,1.533,1.009,1.453,1.592,0.341,0.359,1.132
0.603,1.532,1.01,1.453,1.592,0.341,0.359,1.131
0.604,1.532,1.01,1.453,1.592,0.341,0.36,1.131
0.605,1.531,1.011,1.453,1.591,0.341,0.36,1.13
0.605,1.53,1.012,1.453,1.591,0.341,0.36,1.13
0.606,1.53,1.012,1.453,1.591,0.341,0.36,1.129
0.607,1.529,1.013,1.453,1.591,0.341,0.36,1.128
0.608,1.529,1.014,1.453,1.591,0.341,0.36,1.128
0.608,1.528,1.014,1.453,1.59,0.341,0.36,1.127
0.609,1.527,1.015,1.453,1.59,0.341,0.361,1.127
0.61,1.527,1.016,1.453,1.59,0.341,0.361,1.126
0.611,1.526,1.016,1.453,1.59,0.342,0.361,1.125
0.611,1.525,1.017,1.453,1.589,0.342,0.361,1.125
0.612,1.525,1.018,1.453,1.589,0.342,0.361,1.124
0.613,1.524,1.018,1.453,1.589,0.342,0.361,1.124
0.614,1.524,1.019,1.453,1.588,0.342,0.362,1.123
0.614,1.523,1.02,1.453,1.588,0.342,0.362,1.122
0.615,1.522,1.02,1.453,1.588,0.342,0.362,1.122
0.616,1.522,1.021,1.452,1.588,0.342,0.362,1.121
0.617,1.521,1.021,1.452,1.587,0.342,0.362,1.121
0.617,1.52,1.022,1.452,1.587,0.342,0.362,1.12
0.618,1.519,1.023,1.452,1.587,0.342,0.362,1.119
0.619,1.519,1.023,1.453,1.587,0.342,0.363,1.119
0.62,1.518,1.024,1.453,1.586,0.342,0.363,1.118
0.62,1.518,1.024,1.453,1.586,0.342,0.363,1.118
0.621,1.517,1.025,1.453,1.586,0.342,0.363,1.117
0.622,1.516,1.026,1.452,1.585,0.342,0.363,1.117
0.622,1.516,1.026,1.453,1.585,0.342,0.363,1.116
0.623,1.515,1.027,1.453,1.585,0.342,0.364,1.115
0.624,1.515,1.028,1.453,1.585,0.342,0.364,1.115
0.624,1.514,1.028,1.453,1.584,0.342,0.364,1.114
0.625,1.513,1.029,1.452,1.584,0.342,0.364,1.114
0.626,1.512,1.03,1.453,1.584,0.342,0.364,1.113
0.626,1.512,1.03,1.453,1.583,0.342,0.364,1.113
0.627,1.511,1.031,1.453,1.583,0.342,0.364,1.112
0.628,1.511,1.031,1.453,1.583,0.342,0.365,1.111
0.629,1.51,1.032,1.453,1.583,0.342,0.365,1.111
0.629,1.509,1.033,1.453,1.582,0.342,0.365,1.11
0.63,1.509,1.033,1.453,1.582,0.342,0.365,1.109
0.631,1.508,1.034,1.453,1.581,0.342,0.365,1.109
0.631,1.507,1.034,1.453,1.581,0.342,0.365,1.108
0.632,1.506,1.035,1.453,1.581,0.342,0.366,1.108
0.633,1.506,1.035,1.453,1.581,0.342,0.366,1.107
0.633,1.505,1.036,1.453,1.58,0.342,0.366,1.106
0.634,1.505,1.037,1.453,1.58,0.342,0.366,1.106
0.635,1.504,1.037,1.453,1.58,0.342,0.366,1.105
0.635,1.503,1.038,1.453,1.579,0.342,0.366,1.105
0.636,1.503,1.039,1.453,1.579,0.342,0.366,1.104
0.637,1.502,1.039,1.453,1.579,0.342,0.366,1.104
0.638,1.501,1.04,1.453,1.579,0.342,0.367,1.103
0.638,1.5,1.04,1.453,1.578,0.342,0.367,1.102
0.639,1.5,1.041,1.453,1.578,0.342,0.367,1.102
0.639,1.499,1.042,1.453,1.577,0.342,0.367,1.101
0.64,1.498,1.042,1.453,1.577,0.342,0.367,1.101
0.641,1.497,1.042,1.453,1.577,0.342,0.367,1.1
0.642,1.497,1.043,1.453,1.576,0.342,0.367,1.1
0.642,1.496,1.044,1.453,1.576,0.342,0.368,1.099
0.643,1.495,1.044,1.453,1.576,0.342,0.368,1.098
0.644,1.495,1.045,1.453,1.575,0.342,0.368,1.098
0.644,1.494,1.046,1.453,1.575,0.342,0.368,1.097
0.645,1.493,1.046,1.453,1.575,0.342,0.368,1.096
0.646,1.492,1.047,1.453,1.574,0.342,0.368,1.096
0.646,1.492,1.047,1.453,1.574,0.342,0.368,1.095
0.647,1.491,1.048,1.453,1.574,0.341,0.369,1.095
0.647,1.49,1.048,1.453,1.573,0.341,0.369,1.094
0.648,1.489,1.049,1.453,1.573,0.341,0.369,1.093
0.649,1.488,1.05,1.453,1.572,0.341,0.369,1.093
0.649,1.488,1.05,1.453,1.572,0.341,0.369,1.092
0.65,1.487,1.051,1.453,1.572,0.341,0.369,1.092
0.651,1.486,1.051,1.453,1.572,0.341,0.369,1.091
0.651,1.486,1.052,1.453,1.571,0.341,0.369,1.09
0.652,1.485,1.052,1.453,1.571,0.341,0.369,1.09
0.652,1.484,1.053,1.453,1.57,0.341,0.37,1.089
0.653,1.483,1.054,1.453,1.57,0.341,0.37,1.089
0.654,1.482,1.054,1.452,1.57,0.34,0.37,1.088
0.654,1.481,1.055,1.453,1.569,0.34,0.37,1.087
0.655,1.48,1.055,1.453,1.569,0.34,0.37,1.087
0.656,1.48,1.056,1.453,1.568,0.34,0.37,1.086
0.656,1.479,1.056,1.453,1.568,0.34,0.37,1.086
0.657,1.478,1.057,1.452,1.568,0.34,0.37,1.085
0.658,1.477,1.057,1.452,1.567,0.34,0.37,1.084
0.658,1.476,1.058,1.452,1.567,0.34,0.371,1.084
0.659,1.476,1.059,1.452,1.566,0.34,0.371,1.083
0.659,1.475,1.059,1.452,1.566,0.339,0.371,1.083
0.66,1.474,1.06,1.452,1.566,0.339,0.371,1.082
0.661,1.473,1.06,1.452,1.565,0.339,0.371,1.081
0.661,1.472,1.061,1.452,1.565,0.339,0.371,1.081
0.662,1.471,1.061,1.452,1.564,0.339,0.371,1.08
0.662,1.47,1.062,1.452,1.564,0.339,0.372,1.079
0.663,1.47,1.062,1.452,1.564,0.339,0.372,1.079
0.664,1.469,1.063,1.452,1.563,0.338,0.372,1.078
0.664,1.468,1.063,1.452,1.563,0.338,0.372,1.078
0.665,1.467,1.064,1.452,1.562,0.338,0.372,1.077
0.665,1.466,1.064,1.452,1.562,0.338,0.372,1.076
0.666,1.465,1.065,1.452,1.562,0.338,0.372,1.076
0.666,1.465,1.065,1.452,1.561,0.338,0.372,1.075
0.667,1.464,1.066,1.452,1.561,0.338,0.372,1.074
0.668,1.463,1.067,1.452,1.56,0.338,0.373,1.074
0.668,1.462,1.067,1.452,1.56,0.337,0.373,1.073
0.669,1.461,1.068,1.452,1.56,0.337,0.373,1.073
0.669,1.46,1.068,1.452,1.559,0.337,0.373,1.072
0.67,1.459,1.069,1.452,1.559,0.337,0.373,1.071
0.67,1.458,1.069,1.451,1.558,0.337,0.373,1.071
0.671,1.458,1.07,1.451,1.558,0.337,0.373,1.07
0.671,1.457,1.07,1.451,1.557,0.336,0.373,1.07
0.672,1.456,1.071,1.451,1.557,0.336,0.373,1.069
0.673,1.455,1.071,1.451,1.557,0.336,0.374,1.069
0.673,1.454,1.072,1.451,1.556,0.336,0.374,1.068
0.674,1.453,1.072,1.451,1.556,0.336,0.374,1.067
0.674,1.452,1.073,1.451,1.555,0.335,0.374,1.067
0.675,1.451,1.073,1.451,1.555,0.335,0.374,1.066
0.675,1.451,1.074,1.451,1.554,0.335,0.374,1.066
0.676,1.45,1.074,1.451,1.554,0.335,0.374,1.065
0.676,1.449,1.075,1.451,1.554,0.335,0.375,1.067
0.679,1.451,1.078,1.454,1.557,0.335,0.375,1.066
0.679,1.45,1.079,1.454,1.556,0.335,0.375,1.066
0.68,1.45,1.079,1.454,1.556,0.335,0.376,1.065
0.68,1.449,1.08,1.454,1.556,0.335,0.376,1.065
0.681,1.448,1.08,1.454,1.555,0.334,0.376,1.064
0.681,1.447,1.081,1.454,1.555,0.334,0.376,1.063
0.682,1.446,1.081,1.454,1.554,0.334,0.376,1.063
0.682,1.445,1.082,1.454,1.554,0.334,0.376,1.062
0.683,1.444,1.082,1.454,1.553,0.334,0.376,1.061
0.683,1.443,1.083,1.454,1.553,0.334,0.376,1.061
0.684,1.443,1.083,1.454,1.553,0.333,0.377,1.06
0.684,1.442,1.084,1.454,1.552,0.333,0.376,1.06
0.685,1.441,1.085,1.454,1.552,0.333,0.377,1.059
0.686,1.44,1.085,1.454,1.551,0.333,0.377,1.059
0.686,1.439,1.085,1.454,1.551,0.333,0.377,1.058
0.687,1.438,1.086,1.454,1.55,0.332,0.377,1.057
0.687,1.437,1.086,1.454,1.55,0.332,0.377,1.057
0.688,1.436,1.087,1.454,1.549,0.332,0.377,1.056
0.688,1.436,1.087,1.454,1.549,0.332,0.377,1.056
0.689,1.435,1.088,1.454,1.549,0.331,0.377,1.055
0.689,1.434,1.089,1.454,1.548,0.331,0.377,1.055
0.69,1.433,1.089,1.454,1.548,0.331,0.378,1.054
0.69,1.432,1.09,1.453,1.547,0.331,0.378,1.054
0.691,1.431,1.09,1.453,1.547,0.331,0.378,1.053
0.691,1.43,1.091,1.454,1.546,0.33,0.378,1.052
0.692,1.429,1.091,1.453,1.546,0.33,0.378,1.052
0.692,1.429,1.092,1.453,1.546,0.33,0.378,1.051
0.693,1.428,1.092,1.453,1.545,0.33,0.378,1.05
0.693,1.427,1.093,1.453,1.545,0.33,0.378,1.05
0.694,1.426,1.093,1.453,1.544,0.329,0.378,1.049
0.694,1.425,1.094,1.453,1.544,0.329,0.378,1.049
0.695,1.425,1.094,1.453,1.543,0.329,0.379,1.048
0.695,1.424,1.095,1.453,1.543,0.329,0.379,1.048
0.696,1.423,1.095,1.453,1.543,0.329,0.379,1.047
0.696,1.422,1.096,1.453,1.542,0.328,0.379,1.047
0.697,1.421,1.096,1.453,1.542,0.328,0.379,1.046
0.697,1.421,1.097,1.453,1.541,0.328,0.379,1.045
0.698,1.42,1.097,1.453,1.541,0.327,0.379,1.045
0.698,1.419,1.098,1.453,1.541,0.327,0.379,1.044
0.699,1.418,1.098,1.453,1.54,0.327,0.38,1.044
0.699,1.417,1.099,1.453,1.54,0.327,0.38,1.043
0.7,1.416,1.099,1.453,1.539,0.327,0.38,1.042
0.7,1.415,1.1,1.453,1.538,0.326,0.38,1.042
0.701,1.415,1.1,1.453,1.538,0.326,0.38,1.041
0.701,1.414,1.101,1.453,1.538,0.326,0.38,1.041
0.702,1.413,1.102,1.453,1.537,0.326,0.38,1.04
0.702,1.412,1.102,1.453,1.537,0.326,0.38,1.04
0.703,1.411,1.102,1.452,1.536,0.325,0.38,1.039
0.703,1.41,1.103,1.452,1.536,0.325,0.38,1.038
0.703,1.41,1.104,1.452,1.536,0.325,0.38,1.038
0.704,1.409,1.104,1.452,1.535,0.324,0.381,1.037
0.704,1.408,1.104,1.452,1.535,0.324,0.381,1.037
0.705,1.407,1.105,1.452,1.534,0.324,0.381,1.036
0.705,1.406,1.106,1.452,1.534,0.324,0.381,1.035
0.706,1.406,1.106,1.452,1.533,0.324,0.381,1.035
0.706,1.405,1.106,1.452,1.533,0.323,0.381,1.035
0.707,1.404,1.107,1.452,1.533,0.323,0.381,1.034
0.707,1.403,1.107,1.452,1.532,0.323,0.381,1.033
0.707,1.402,1.108,1.452,1.532,0.323,0.381,1.033
0.708,1.402,1.108,1.452,1.531,0.322,0.381,1.032
0.708,1.401,1.106,1.448,1.527,0.321,0.381,1.029
0.707,1.397,1.107,1.448,1.527,0.321,0.381,1.029
0.708,1.396,1.107,1.448,1.526,0.321,0.381,1.028
0.708,1.395,1.108,1.448,1.526,0.32,0.381,1.027
0.708,1.394,1.108,1.448,1.525,0.32,0.381,1.027
0.709,1.393,1.109,1.448,1.525,0.32,0.381,1.026
0.709,1.393,1.109,1.448,1.524,0.32,0.381,1.026
0.71,1.392,1.109,1.448,1.524,0.319,0.381,1.025
0.71,1.391,1.11,1.448,1.523,0.319,0.381,1.024
0.71,1.39,1.11,1.448,1.523,0.319,0.381,1.024
0.711,1.389,1.111,1.448,1.522,0.318,0.382,1.023
0.711,1.389,1.111,1.448,1.522,0.318,0.381,1.023
0.712,1.388,1.112,1.448,1.522,0.318,0.382,1.022
0.712,1.387,1.112,1.448,1.521,0.318,0.382,1.021
0.712,1.386,1.113,1.447,1.52,0.317,0.382,1.021
0.713,1.385,1.113,1.447,1.52,0.317,0.382,1.02
0.713,1.385,1.114,1.447,1.52,0.317,0.382,1.019
0.714,1.384,1.114,1.447,1.519,0.317,0.382,1.019
0.714,1.383,1.115,1.447,1.518,0.316,0.382,1.018
0.714,1.382,1.115,1.447,1.518,0.316,0.382,1.018
0.715,1.381,1.115,1.447,1.518,0.316,0.382,1.017
0.715,1.381,1.116,1.447,1.517,0.315,0.382,1.016
0.715,1.38,1.116,1.447,1.517,0.315,0.382,1.016
0.716,1.379,1.117,1.447,1.516,0.315,0.382,1.015
0.716,1.378,1.117,1.447,1.516,0.315,0.383,1.015
0.717,1.378,1.118,1.446,1.515,0.314,0.382,1.014
0.717,1.377,1.118,1.446,1.515,0.314,0.382,1.014
0.717,1.376,1.119,1.446,1.514,0.314,0.383,1.013
0.718,1.375,1.119,1.446,1.514,0.313,0.383,1.012
0.718,1.375,1.12,1.446,1.513,0.313,0.383,1.012
0.718,1.374,1.12,1.446,1.513,0.313,0.383,1.011
0.719,1.373,1.12,1.446,1.513,0.313,0.383,1.011
0.719,1.372,1.121,1.446,1.512,0.312,0.383,1.01
0.719,1.372,1.121,1.446,1.511,0.312,0.383,1.01
0.72,1.37,1.122,1.446,1.511,0.312,0.383,1.009
0.72,1.37,1.122,1.446,1.51,0.311,0.383,1.008
0.72,1.369,1.122,1.446,1.51,0.311,0.383,1.008
0.721,1.368,1.123,1.445,1.51,0.311,0.383,1.007
0.721,1.368,1.123,1.446,1.509,0.311,0.383,1.007
0.721,1.367,1.124,1.445,1.509,0.31,0.383,1.006
0.722,1.366,1.124,1.445,1.508,0.31,0.383,1.006
0.722,1.365,1.125,1.445,1.508,0.31,0.384,1.005
0.722,1.364,1.125,1.445,1.507,0.309,0.383,1.004
0.723,1.364,1.126,1.445,1.507,0.309,0.384,1.004
0.723,1.363,1.126,1.445,1.506,0.309,0.384,1.003
0.723,1.363,1.126,1.445,1.506,0.309,0.384,1.003
0.724,1.362,1.127,1.445,1.505,0.308,0.384,1.002
0.724,1.361,1.127,1.445,1.505,0.308,0.384,1.001
0.724,1.36,1.127,1.445,1.504,0.308,0.384,1.001
0.725,1.36,1.128,1.445,1.504,0.307,0.384,1.0
0.725,1.359,1.129,1.445,1.504,0.307,0.384,1.0
0.725,1.358,1.129,1.444,1.503,0.307,0.384,0.999
0.726,1.357,1.129,1.445,1.503,0.307,0.384,0.998
0.726,1.356,1.13,1.444,1.502,0.306,0.384,0.998
0.726,1.356,1.13,1.444,1.502,0.306,0.384,0.998
0.727,1.355,1.131,1.444,1.501,0.306,0.384,0.997
0.727,1.354,1.131,1.444,1.501,0.305,0.385,0.996
0.727,1.354,1.131,1.444,1.5,0.305,0.385,0.996
0.727,1.353,1.132,1.444,1.5,0.305,0.385,0.995
0.728,1.352,1.132,1.444,1.499,0.305,0.385,0.995
0.728,1.351,1.133,1.444,1.499,0.304,0.385,0.994
0.728,1.351,1.133,1.444,1.498,0.304,0.385,0.994
0.728,1.35,1.134,1.444,1.498,0.304,0.385,0.993
0.729,1.349,1.134,1.444,1.498,0.303,0.385,0.996
0.731,1.352,1.137,1.447,1.5,0.304,0.386,0.994
0.731,1.351,1.137,1.447,1.5,0.303,0.386,0.994
0.731,1.35,1.138,1.447,1.5,0.303,0.386,0.993
0.732,1.349,1.138,1.447,1.499,0.303,0.386,0.993
0.732,1.349,1.139,1.446,1.499,0.303,0.386,0.992
0.732,1.348,1.139,1.447,1.498,0.302,0.386,0.992
0.733,1.348,1.14,1.447,1.498,0.302,0.386,0.991
0.733,1.347,1.14,1.446,1.497,0.302,0.386,0.99
0.733,1.346,1.14,1.446,1.497,0.302,0.386,0.99
0.733,1.345,1.141,1.447,1.497,0.301,0.386,0.989
0.734,1.345,1.141,1.446,1.496,0.301,0.386,0.989
0.734,1.344,1.142,1.446,1.496,0.301,0.387,0.989
0.734,1.343,1.142,1.446,1.495,0.3,0.387,0.988
0.735,1.343,1.143,1.446,1.495,0.3,0.387,0.987
0.735,1.342,1.143,1.446,1.494,0.3,0.387,0.987
0.735,1.341,1.144,1.446,1.494,0.3,0.387,0.986
0.735,1.341,1.144,1.446,1.493,0.299,0.387,0.986
0.736,1.34,1.144,1.446,1.493,0.299,0.387,0.985
0.736,1.339,1.145,1.446,1.493,0.299,0.387,0.985
0.736,1.339,1.145,1.446,1.492,0.298,0.387,0.984
0.736,1.338,1.145,1.446,1.492,0.298,0.387,0.984
0.737,1.337,1.146,1.445,1.491,0.298,0.387,0.983
0.737,1.336,1.146,1.445,1.491,0.298,0.387,0.982
0.737,1.336,1.147,1.445,1.49,0.297,0.387,0.982
0.738,1.335,1.147,1.445,1.49,0.297,0.387,0.981
0.738,1.335,1.148,1.445,1.49,0.297,0.387,0.981
0.738,1.334,1.148,1.445,1.489,0.297,0.387,0.98
0.738,1.333,1.149,1.445,1.489,0.296,0.387,0.98
0.739,1.332,1.149,1.445,1.488,0.296,0.388,0.979
0.739,1.332,1.149,1.445,1.488,0.296,0.388,0.979
0.739,1.331,1.15,1.445,1.487,0.295,0.388,0.978
0.739,1.33,1.15,1.445,1.487,0.295,0.388,0.978
0.74,1.33,1.151,1.445,1.486,0.295,0.388,0.977
0.74,1.329,1.151,1.445,1.486,0.295,0.388,0.977
0.74,1.328,1.151,1.444,1.485,0.294,0.388,0.976
0.74,1.328,1.152,1.445,1.485,0.294,0.388,0.976
0.741,1.327,1.152,1.444,1.485,0.294,0.388,0.975
0.741,1.326,1.153,1.444,1.484,0.293,0.388,0.975
0.741,1.326,1.153,1.444,1.484,0.293,0.388,0.974
0.741,1.325,1.154,1.444,1.483,0.293,0.388,0.974
0.742,1.324,1.154,1.444,1.483,0.293,0.388,0.973
0.742,1.324,1.154,1.444,1.482,0.292,0.388,0.972
0.742,1.323,1.155,1.444,1.482,0.292,0.388,0.972
0.742,1.322,1.155,1.444,1.481,0.292,0.388,0.971
0.742,1.322,1.156,1.444,1.481,0.292,0.388,0.971
0.743,1.321,1.156,1.443,1.481,0.291,0.388,0.97
0.743,1.32,1.156,1.443,1.48,0.291,0.389,0.97
0.743,1.32,1.157,1.443,1.479,0.291,0.389,0.969
0.744,1.319,1.157,1.443,1.479,0.29,0.389,0.969
0.744,1.318,1.158,1.443,1.479,0.29,0.389,0.968
0.744,1.318,1.158,1.443,1.478,0.29,0.389,0.968
0.744,1.317,1.158,1.443,1.478,0.29,0.389,0.967
0.745,1.316,1.159,1.443,1.477,0.289,0.389,0.967
0.745,1.316,1.159,1.443,1.477,0.289,0.389,0.966
0.745,1.315,1.16,1.443,1.476,0.289,0.389,0.966
0.745,1.314,1.16,1.443,1.476,0.289,0.389,0.965
0.745,1.314,1.161,1.443,1.476,0.288,0.389,0.965
0.745,1.313,1.161,1.442,1.475,0.288,0.389,0.964
0.745,1.312,1.161,1.442,1.475,0.288,0.389,0.964
0.746,1.312,1.162,1.442,1.474,0.287,0.389,0.963
0.746,1.311,1.162,1.442,1.474,0.287,0.389,0.963
0.746,1.311,1.163,1.442,1.473,0.287,0.389,0.962
0.746,1.31,1.163,1.442,1.473,0.287,0.39,0.962
0.747,1.309,1.163,1.442,1.472,0.286,0.39,0.961
0.747,1.309,1.164,1.441,1.472,0.286,0.39,0.961
0.747,1.308,1.164,1.441,1.471,0.286,0.39,0.96
0.747,1.307,1.164,1.441,1.471,0.285,0.39,0.96
0.747,1.307,1.165,1.441,1.47,0.285,0.39,0.959
0.748,1.306,1.165,1.441,1.47,0.285,0.39,0.959
0.748,1.305,1.166,1.441,1.469,0.285,0.39,0.958
0.748,1.305,1.166,1.441,1.469,0.284,0.39,0.958
0.748,1.304,1.167,1.441,1.469,0.284,0.39,0.957
0.748,1.303,1.167,1.441,1.468,0.284,0.39,0.956
0.749,1.303,1.167,1.441,1.468,0.284,0.39,0.956
0.749,1.302,1.168,1.441,1.467,0.283,0.39,0.956
0.749,1.301,1.168,1.44,1.467,0.283,0.39,0.955
0.749,1.301,1.169,1.44,1.466,0.283,0.39,0.955
0.749,1.3,1.169,1.44,1.466,0.282,0.39,0.954
0.749,1.299,1.169,1.44,1.465,0.282,0.39,0.954
0.75,1.299,1.17,1.44,1.465,0.282,0.39,0.953
0.75,1.298,1.17,1.44,1.465,0.282,0.39,0.953
0.75,1.298,1.17,1.44,1.464,0.281,0.39,0.952
0.75,1.297,1.171,1.44,1.464,0.281,0.39,0.951
0.75,1.297,1.171,1.44,1.463,0.281,0.39,0.951
0.75,1.296,1.172,1.44,1.463,0.281,0.39,0.951
0.751,1.295,1.172,1.439,1.462,0.28,0.391,0.95
0.751,1.295,1.172,1.439,1.462,0.28,0.391,0.95
0.751,1.294,1.173,1.439,1.461,0.28,0.39,0.949
0.751,1.293,1.173,1.439,1.461,0.279,0.391,0.949
0.751,1.293,1.173,1.439,1.461,0.279,0.391,0.948
0.751,1.292,1.174,1.439,1.46,0.279,0.391,0.948
0.752,1.291,1.174,1.439,1.459,0.278,0.391,0.947
0.752,1.291,1.175,1.438,1.459,0.278,0.391,0.947
0.752,1.29,1.175,1.439,1.459,0.278,0.391,0.946
0.752,1.29,1.175,1.438,1.458,0.278,0.391,0.946
0.752,1.289,1.176,1.438,1.458,0.277,0.391,0.945
0.752,1.288,1.176,1.438,1.457,0.277,0.391,0.945
0.753,1.288,1.176,1.438,1.457,0.277,0.391,0.944
0.753,1.287,1.177,1.438,1.456,0.277,0.391,0.944
0.753,1.286,1.177,1.438,1.456,0.276,0.391,0.943
0.753,1.286,1.178,1.437,1.455,0.276,0.391,0.943
0.753,1.285,1.178,1.437,1.455,0.276,0.391,0.942
0.753,1.285,1.178,1.437,1.455,0.276,0.391,0.942
0.753,1.284,1.179,1.437,1.454,0.275,0.391,0.941
0.753,1.283,1.179,1.437,1.454,0.275,0.391,0.941
0.754,1.283,1.18,1.437,1.453,0.275,0.391,0.94
0.754,1.282,1.18,1.437,1.453,0.275,0.391,0.94
0.754,1.282,1.18,1.437,1.452,0.274,0.391,0.939
0.754,1.281,1.18,1.436,1.452,0.274,0.391,0.939
0.754,1.281,1.181,1.436,1.451,0.274,0.392,0.938
0.754,1.28,1.181,1.436,1.451,0.273,0.392,0.938
0.754,1.279,1.182,1.436,1.45,0.273,0.392,0.937
0.754,1.279,1.182,1.436,1.45,0.273,0.392,0.937
0.755,1.278,1.182,1.436,1.449,0.273,0.392,0.937
0.755,1.278,1.183,1.435,1.449,0.272,0.392,0.936
0.755,1.277,1.183,1.435,1.449,0.272,0.392,0.935
0.755,1.276,1.183,1.435,1.448,0.272,0.392,0.935
0.755,1.276,1.184,1.435,1.448,0.272,0.392,0.935
0.755,1.275,1.184,1.435,1.447,0.271,0.392,0.934
0.755,1.274,1.185,1.435,1.447,0.271,0.392,0.933
0.755,1.274,1.185,1.435,1.446,0.271,0.392,0.933
0.756,1.274,1.185,1.435,1.446,0.271,0.392,0.933
0.756,1.273,1.186,1.434,1.446,0.27,0.392,0.932
0.756,1.272,1.186,1.434,1.445,0.27,0.392,0.932
0.756,1.272,1.186,1.434,1.445,0.27,0.392,0.931
0.756,1.271,1.187,1.434,1.444,0.27,0.392,0.931
0.756,1.27,1.187,1.434,1.444,0.269,0.392,0.93
0.756,1.27,1.187,1.434,1.443,0.269,0.392,0.93
0.756,1.269,1.187,1.434,1.443,0.269,0.392,0.929
0.756,1.269,1.188,1.434,1.442,0.268,0.392,0.929
0.757,1.268,1.188,1.434,1.442,0.268,0.393,0.928
0.757,1.267,1.188,1.433,1.441,0.268,0.392,0.928
0.757,1.267,1.189,1.433,1.441,0.268,0.392,0.928
0.757,1.266,1.189,1.433,1.441,0.268,0.392,0.927
0.757,1.266,1.19,1.433,1.44,0.267,0.392,0.927
0.757,1.265,1.19,1.433,1.44,0.267,0.393,0.926
0.757,1.265,1.19,1.433,1.439,0.267,0.393,0.926
0.757,1.264,1.191,1.432,1.439,0.266,0.393,0.925
0.757,1.263,1.191,1.432,1.438,0.266,0.393,0.925
0.758,1.263,1.191,1.432,1.438,0.266,0.393,0.924
0.758,1.262,1.192,1.432,1.437,0.266,0.393,0.924
0.757,1.262,1.192,1.432,1.437,0.265,0.393,0.924
0.758,1.261,1.192,1.432,1.437,0.265,0.393,0.923
0.758,1.261,1.193,1.432,1.436,0.265,0.393,0.923
0.758,1.26,1.193,1.432,1.436,0.265,0.393,0.922
0.758,1.26,1.193,1.431,1.435,0.264,0.393,0.922
0.758,1.259,1.194,1.431,1.435,0.264,0.393,0.921
0.758,1.259,1.194,1.431,1.434,0.264,0.393,0.921
0.758,1.258,1.194,1.431,1.434,0.263,0.393,0.92
0.758,1.257,1.195,1.431,1.434,0.263,0.393,0.92
0.758,1.257,1.195,1.431,1.433,0.263,0.393,0.919
0.758,1.256,1.196,1.431,1.432,0.263,0.393,0.919
0.759,1.256,1.196,1.43,1.432,0.263,0.393,0.919
0.758,1.255,1.196,1.43,1.432,0.262,0.393,0.918
0.759,1.255,1.197,1.43,1.431,0.262,0.393,0.918
0.759,1.254,1.197,1.43,1.431,0.262,0.393,0.917
0.759,1.254,1.197,1.43,1.43,0.262,0.393,0.917
0.759,1.253,1.198,1.43,1.43,0.261,0.393,0.916
0.759,1.252,1.198,1.43,1.43,0.261,0.393,0.916
0.759,1.252,1.198,1.429,1.429,0.261,0.393,0.916
0.759,1.251,1.199,1.429,1.428,0.26,0.393,0.915
0.759,1.251,1.199,1.429,1.428,0.26,0.393,0.915
0.759,1.25,1.199,1.429,1.428,0.26,0.393,0.914
0.759,1.249,1.2,1.429,1.427,0.26,0.393,0.914
0.759,1.249,1.2,1.429,1.427,0.26,0.393,0.913
0.759,1.249,1.2,1.429,1.426,0.259,0.394,0.913
0.759,1.248,1.201,1.429,1.426,0.259,0.394,0.912
0.759,1.248,1.201,1.428,1.425,0.259,0.394,0.912
0.759,1.247,1.201,1.428,1.425,0.259,0.394,0.911
0.759,1.246,1.202,1.428,1.425,0.258,0.394,0.911
0.76,1.246,1.202,1.428,1.424,0.258,0.394,0.911
0.76,1.245,1.202,1.428,1.424,0.258,0.394,0.91
0.76,1.245,1.202,1.428,1.423,0.258,0.394,0.91
0.76,1.244,1.203,1.428,1.423,0.257,0.394,0.909
0.76,1.244,1.203,1.428,1.423,0.257,0.394,0.909
0.76,1.243,1.203,1.427,1.422,0.257,0.394,0.909
0.76,1.242,1.204,1.427,1.421,0.257,0.394,0.908
0.76,1.242,1.204,1.427,1.421,0.256,0.394,0.908
0.76,1.242,1.204,1.427,1.42,0.256,0.394,0.907
0.76,1.241,1.205,1.427,1.42,0.256,0.394,0.907
0.76,1.241,1.205,1.426,1.42,0.255,0.394,0.906
0.76,1.24,1.205,1.426,1.419,0.255,0.394,0.906
0.76,1.239,1.206,1.426,1.419,0.255,0.394,0.905
0.76,1.239,1.206,1.426,1.418,0.255,0.394,0.905
0.76,1.238,1.206,1.426,1.418,0.255,0.394,0.905
0.76,1.238,1.207,1.426,1.418,0.254,0.394,0.904
0.76,1.237,1.207,1.426,1.417,0.254,0.394,0.904
0.76,1.236,1.207,1.426,1.417,0.254,0.394,0.903
0.76,1.236,1.207,1.425,1.416,0.254,0.394,0.903
0.76,1.236,1.208,1.425,1.416,0.254,0.394,0.902
0.76,1.235,1.208,1.425,1.415,0.253,0.394,0.902
0.76,1.235,1.208,1.425,1.415,0.253,0.394,0.902
0.76,1.234,1.209,1.425,1.414,0.253,0.394,0.901
0.76,1.234,1.209,1.425,1.414,0.252,0.394,0.901
0.76,1.233,1.209,1.424,1.413,0.252,0.394,0.9
0.761,1.233,1.21,1.424,1.413,0.252,0.394,0.9
0.76,1.232,1.21,1.424,1.413,0.252,0.394,0.899
0.76,1.231,1.21,1.424,1.412,0.251,0.394,0.899
0.76,1.231,1.211,1.424,1.412,0.251,0.394,0.898
0.761,1.23,1.211,1.424,1.411,0.251,0.394,0.898
0.76,1.23,1.211,1.423,1.411,0.251,0.395,0.898
0.761,1.229,1.211,1.423,1.411,0.251,0.394,0.897
0.761,1.229,1.212,1.423,1.41,0.25,0.395,0.897
0.761,1.228,1.212,1.423,1.409,0.25,0.395,0.896
0.761,1.228,1.212,1.423,1.409,0.25,0.395,0.896
0.761,1.227,1.213,1.423,1.409,0.249,0.395,0.896
0.761,1.227,1.213,1.423,1.408,0.249,0.395,0.895
0.761,1.226,1.213,1.422,1.408,0.249,0.395,0.895
0.761,1.225,1.213,1.422,1.407,0.249,0.395,0.894
0.761,1.225,1.214,1.422,1.407,0.248,0.395,0.894
0.761,1.225,1.214,1.422,1.406,0.248,0.395,0.894
0.761,1.224,1.214,1.422,1.406,0.248,0.395,0.893
0.761,1.223,1.215,1.421,1.406,0.248,0.395,0.893
0.761,1.223,1.215,1.421,1.405,0.248,0.395,0.892
0.761,1.222,1.215,1.421,1.405,0.247,0.395,0.892
0.761,1.222,1.215,1.421,1.404,0.247,0.395,0.892
0.761,1.221,1.216,1.421,1.404,0.247,0.395,0.891
0.761,1.221,1.216,1.421,1.403,0.247,0.395,0.891
0.761,1.221,1.216,1.421,1.403,0.246,0.395,0.89
0.761,1.22,1.216,1.421,1.403,0.246,0.395,0.89
0.761,1.22,1.217,1.42,1.402,0.246,0.395,0.89
0.761,1.219,1.217,1.42,1.402,0.246,0.395,0.889
0.761,1.218,1.217,1.42,1.401,0.246,0.395,0.889
0.761,1.218,1.218,1.42,1.401,0.245,0.395,0.888
0.761,1.217,1.218,1.42,1.4,0.245,0.395,0.888
0.761,1.217,1.218,1.419,1.4,0.245,0.395,0.888
0.761,1.216,1.219,1.419,1.4,0.244,0.395,0.887
0.761,1.216,1.219,1.419,1.399,0.244,0.395,0.887
0.761,1.215,1.219,1.419,1.399,0.244,0.395,0.886
0.76,1.215,1.219,1.419,1.398,0.244,0.395,0.886
0.761,1.214,1.219,1.419,1.397,0.244,0.395,0.886
0.761,1.214,1.22,1.419,1.397,0.243,0.395,0.885
0.761,1.213,1.22,1.418,1.397,0.243,0.395,0.885
0.76,1.213,1.22,1.418,1.396,0.243,0.395,0.885
0.761,1.212,1.221,1.418,1.396,0.243,0.395,0.884
0.761,1.212,1.221,1.418,1.395,0.243,0.395,0.884
0.761,1.211,1.221,1.418,1.395,0.242,0.395,0.883
0.76,1.211,1.222,1.418,1.395,0.242,0.395,0.883
0.76,1.21,1.222,1.417,1.394,0.242,0.395,0.883
0.76,1.21,1.222,1.417,1.394,0.242,0.395,0.882
0.761,1.21,1.222,1.417,1.393,0.241,0.395,0.882
0.76,1.209,1.223,1.417,1.393,0.241,0.395,0.881
0.76,1.208,1.223,1.417,1.393,0.241,0.395,0.881
0.76,1.208,1.223,1.417,1.392,0.241,0.395,0.881
0.76,1.208,1.224,1.416,1.392,0.24,0.395,0.88
0.76,1.207,1.224,1.416,1.391,0.24,0.395,0.88
0.76,1.207,1.224,1.416,1.391,0.24,0.395,0.879
0.76,1.206,1.224,1.416,1.391,0.24,0.396,0.879
0.76,1.206,1.225,1.416,1.39,0.24,0.395,0.879
0.76,1.205,1.225,1.416,1.39,0.239,0.396,0.878
0.76,1.205,1.225,1.416,1.389,0.239,0.396,0.878
0.76,1.204,1.225,1.415,1.389,0.239,0.396,0.877
0.76,1.204,1.226,1.415,1.388,0.239,0.396,0.877
0.76,1.203,1.226,1.415,1.388,0.238,0.396,0.877
0.76,1.203,1.226,1.415,1.387,0.238,0.396,0.876
0.76,1.202,1.226,1.415,1.387,0.238,0.395,0.876
0.76,1.202,1.227,1.415,1.387,0.238,0.395,0.876
0.76,1.201,1.227,1.414,1.386,0.238,0.396,0.875
0.76,1.201,1.227,1.414,1.386,0.237,0.396,0.875
0.76,1.2,1.228,1.414,1.385,0.237,0.396,0.875
0.76,1.2,1.228,1.414,1.385,0.237,0.396,0.874
0.76,1.199,1.228,1.414,1.384,0.237,0.396,0.874
0.76,1.199,1.228,1.414,1.384,0.237,0.396,0.873
0.76,1.198,1.228,1.413,1.384,0.236,0.396,0.873
0.76,1.198,1.229,1.413,1.383,0.236,0.396,0.873
0.76,1.198,1.229,1.413,1.383,0.236,0.396,0.872
0.759,1.197,1.229,1.413,1.382,0.236,0.396,0.872
0.76,1.197,1.23,1.413,1.382,0.236,0.396,0.871
0.76,1.196,1.23,1.413,1.381,0.235,0.396,0.871
0.76,1.196,1.23,1.412,1.381,0.235,0.396,0.871
0.759,1.195,1.23,1.413,1.381,0.235,0.396,0.87
0.759,1.195,1.231,1.412,1.38,0.235,0.396,0.87
0.759,1.194,1.231,1.412,1.38,0.235,0.396,0.87
0.759,1.194,1.231,1.412,1.38,0.234,0.396,0.869
0.759,1.193,1.232,1.412,1.379,0.234,0.396,0.869
0.759,1.193,1.232,1.412,1.379,0.234,0.396,0.869
0.759,1.192,1.232,1.411,1.378,0.234,0.396,0.868
0.759,1.192,1.232,1.411,1.378,0.234,0.396,0.868
0.759,1.192,1.232,1.411,1.378,0.233,0.396,0.868
0.759,1.191,1.232,1.411,1.377,0.233,0.396,0.867
0.759,1.191,1.233,1.411,1.377,0.233,0.396,0.867
0.759,1.19,1.233,1.41,1.376,0.233,0.396,0.866
0.758,1.189,1.232,1.41,1.375,0.232,0.396,0.866
0.758,1.188,1.233,1.409,1.374,0.232,0.396,0.865
0.758,1.188,1.233,1.409,1.374,0.232,0.396,0.865
0.758,1.188,1.233,1.409,1.374,0.232,0.396,0.865
0.758,1.187,1.234,1.408,1.373,0.231,0.396,0.864
0.758,1.186,1.234,1.407,1.373,0.231,0.396,0.864
0.758,1.186,1.234,1.406,1.372,0.231,0.396,0.864
0.758,1.185,1.233,1.405,1.372,0.231,0.396,0.864
0.758,1.184,1.234,1.403,1.372,0.231,0.396,0.864
0.758,1.182,1.234,1.402,1.371,0.23,0.396,0.865
0.758,1.179,1.234,1.4,1.371,0.23,0.396,0.865
0.758,1.175,1.234,1.398,1.37,0.23,0.396,0.866
0.758,1.17,1.233,1.396,1.37,0.23,0.396,0.867
0.758,1.166,1.234,1.394,1.37,0.23,0.396,0.867
0.757,1.161,1.233,1.393,1.369,0.229,0.396,0.868
0.757,1.156,1.233,1.391,1.369,0.229,0.396,0.869
0.757,1.151,1.233,1.389,1.369,0.229,0.396,0.87
0.757,1.146,1.233,1.387,1.369,0.229,0.396,0.871
0.757,1.141,1.233,1.385,1.368,0.228,0.396,0.871
0.757,1.136,1.232,1.383,1.368,0.228,0.396,0.872
0.757,1.131,1.232,1.381,1.368,0.228,0.396,0.872
0.756,1.126,1.232,1.379,1.368,0.228,0.396,0.873
0.756,1.121,1.232,1.377,1.367,0.228,0.396,0.873
0.756,1.116,1.232,1.375,1.367,0.227,0.396,0.873
0.756,1.111,1.231,1.373,1.367,0.227,0.396,0.873
0.755,1.106,1.231,1.371,1.367,0.227,0.396,0.873
0.755,1.101,1.231,1.369,1.367,0.227,0.396,0.872
0.755,1.096,1.23,1.367,1.367,0.227,0.396,0.872
0.754,1.091,1.23,1.365,1.367,0.226,0.396,0.872
0.754,1.086,1.23,1.363,1.367,0.226,0.396,0.871
0.754,1.081,1.23,1.36,1.367,0.226,0.396,0.871
0.753,1.076,1.229,1.359,1.367,0.226,0.396,0.87
0.753,1.071,1.229,1.357,1.367,0.226,0.396,0.87
0.753,1.066,1.229,1.354,1.367,0.225,0.396,0.869
0.752,1.062,1.228,1.352,1.367,0.225,0.396,0.868
0.752,1.057,1.228,1.35,1.367,0.225,0.396,0.868
0.751,1.052,1.228,1.348,1.366,0.225,0.396,0.867
0.751,1.047,1.228,1.346,1.366,0.225,0.396,0.866
0.75,1.042,1.227,1.344,1.366,0.224,0.396,0.865
0.75,1.038,1.227,1.342,1.366,0.224,0.396,0.864
0.75,1.034,1.227,1.34,1.366,0.224,0.396,0.863
0.749,1.03,1.227,1.338,1.366,0.224,0.395,0.863
0.748,1.026,1.226,1.336,1.366,0.224,0.396,0.862
0.748,1.021,1.226,1.334,1.365,0.223,0.396,0.861
0.747,1.017,1.225,1.332,1.365,0.223,0.396,0.86
0.747,1.013,1.225,1.33,1.365,0.223,0.395,0.859
0.746,1.009,1.225,1.328,1.365,0.223,0.395,0.858
0.746,1.005,1.224,1.326,1.364,0.222,0.395,0.857
0.745,1.001,1.224,1.324,1.364,0.222,0.395,0.856
0.745,0.997,1.224,1.323,1.364,0.222,0.395,0.855
0.744,0.993,1.223,1.321,1.363,0.221,0.395,0.855
0.743,0.989,1.223,1.319,1.363,0.221,0.395,0.854
0.743,0.986,1.222,1.317,1.362,0.221,0.395,0.853
0.742,0.982,1.222,1.315,1.362,0.221,0.395,0.852
0.742,0.979,1.222,1.313,1.361,0.22,0.395,0.851
0.741,0.975,1.222,1.311,1.36,0.22,0.395,0.85
0.74,0.972,1.221,1.309,1.36,0.22,0.395,0.849
0.74,0.968,1.221,1.308,1.359,0.219,0.395,0.847
0.739,0.965,1.22,1.306,1.358,0.219,0.395,0.846
0.738,0.961,1.22,1.304,1.358,0.219,0.394,0.845
0.737,0.957,1.219,1.302,1.357,0.218,0.394,0.844
0.737,0.954,1.219,1.3,1.356,0.218,0.394,0.843
0.736,0.95,1.219,1.298,1.356,0.218,0.394,0.842
0.735,0.947,1.218,1.296,1.355,0.217,0.394,0.841
0.735,0.944,1.218,1.295,1.354,0.217,0.394,0.84
0.734,0.94,1.217,1.293,1.353,0.217,0.394,0.839
0.733,0.937,1.217,1.291,1.352,0.217,0.394,0.838
0.733,0.934,1.216,1.289,1.351,0.216,0.394,0.837
0.732,0.93,1.216,1.286,1.35,0.216,0.394,0.836
0.731,0.927,1.215,1.284,1.35,0.215,0.394,0.835
0.73,0.924,1.215,1.282,1.349,0.215,0.394,0.834
0.73,0.92,1.215,1.28,1.348,0.215,0.394,0.833
0.729,0.917,1.214,1.278,1.347,0.214,0.393,0.832
0.728,0.914,1.214,1.276,1.346,0.214,0.393,0.831
0.727,0.911,1.213,1.274,1.345,0.214,0.393,0.83
0.727,0.908,1.213,1.272,1.344,0.213,0.393,0.829
0.726,0.905,1.212,1.27,1.343,0.213,0.393,0.828
0.725,0.902,1.212,1.268,1.343,0.213,0.393,0.826
0.724,0.898,1.211,1.266,1.342,0.212,0.393,0.825
0.723,0.895,1.211,1.264,1.341,0.212,0.393,0.824
0.723,0.892,1.21,1.262,1.34,0.211,0.393,0.823
0.722,0.889,1.21,1.26,1.339,0.211,0.393,0.822
0.721,0.886,1.209,1.258,1.338,0.211,0.393,0.821
0.72,0.883,1.209,1.256,1.337,0.21,0.392,0.82
0.719,0.88,1.208,1.254,1.336,0.21,0.392,0.819
0.719,0.877,1.208,1.251,1.335,0.209,0.392,0.818
0.718,0.874,1.207,1.249,1.334,0.209,0.392,0.816
0.717,0.871,1.207,1.247,1.333,0.209,0.392,0.815
0.716,0.868,1.206,1.245,1.331,0.208,0.392,0.814
0.715,0.866,1.206,1.243,1.33,0.208,0.392,0.813
0.714,0.863,1.205,1.241,1.329,0.208,0.392,0.812
0.714,0.861,1.204,1.239,1.328,0.207,0.392,0.811
0.713,0.858,1.204,1.237,1.327,0.207,0.392,0.81
0.712,0.856,1.203,1.235,1.326,0.206,0.391,0.809
0.711,0.853,1.203,1.233,1.325,0.206,0.391,0.807
0.71,0.85,1.202,1.232,1.324,0.205,0.391,0.806
0.709,0.847,1.202,1.229,1.323,0.205,0.391,0.805
0.708,0.844,1.201,1.228,1.322,0.205,0.391,0.804
0.708,0.842,1.2,1.226,1.32,0.204,0.391,0.803
0.707,0.839,1.2,1.224,1.319,0.204,0.391,0.801
0.706,0.837,1.199,1.222,1.318,0.203,0.391,0.801
0.705,0.834,1.199,1.22,1.317,0.203,0.391,0.799
0.704,0.832,1.198,1.218,1.316,0.202,0.391,0.798
0.703,0.83,1.198,1.216,1.315,0.202,0.39,0.797
0.702,0.828,1.197,1.214,1.313,0.202,0.39,0.796
0.702,0.826,1.196,1.212,1.312,0.201,0.39,0.795
0.701,0.823,1.196,1.211,1.311,0.201,0.39,0.794
0.7,0.82,1.195,1.209,1.31,0.201,0.39,0.792
0.699,0.818,1.195,1.207,1.308,0.2,0.39,0.791
0.698,0.816,1.194,1.205,1.307,0.2,0.39,0.79
0.697,0.814,1.194,1.204,1.306,0.199,0.39,0.789
0.696,0.811,1.193,1.202,1.305,0.199,0.39,0.788
0.695,0.809,1.192,1.2,1.303,0.198,0.39,0.786
0.694,0.806,1.192,1.198,1.302,0.198,0.39,0.785
0.693,0.804,1.191,1.197,1.301,0.197,0.389,0.784
0.693,0.802,1.191,1.195,1.3,0.197,0.389,0.783
0.692,0.8,1.19,1.194,1.298,0.197,0.389,0.782
0.691,0.798,1.19,1.192,1.297,0.196,0.389,0.78
0.69,0.796,1.189,1.191,1.296,0.196,0.389,0.779
0.689,0.794,1.188,1.189,1.295,0.195,0.389,0.778
0.688,0.792,1.188,1.187,1.293,0.195,0.389,0.777
0.687,0.79,1.188,1.186,1.292,0.194,0.389,0.776
0.686,0.788,1.187,1.184,1.291,0.194,0.388,0.774
0.685,0.786,1.186,1.182,1.289,0.193,0.388,0.773
0.685,0.784,1.185,1.181,1.288,0.193,0.388,0.772
0.684,0.782,1.185,1.179,1.286,0.193,0.388,0.771
0.683,0.78,1.184,1.178,1.285,0.192,0.388,0.77
0.682,0.778,1.184,1.176,1.284,0.192,0.388,0.769
0.681,0.776,1.183,1.175,1.283,0.191,0.388,0.768
0.68,0.774,1.183,1.173,1.281,0.191,0.388,0.766
0.679,0.772,1.182,1.172,1.28,0.19,0.388,0.765
0.678,0.77,1.182,1.17,1.279,0.19,0.388,0.764
0.677,0.768,1.181,1.169,1.277,0.189,0.387,0.763
0.676,0.767,1.18,1.167,1.276,0.189,0.387,0.762
0.675,0.765,1.18,1.165,1.275,0.189,0.387,0.761
0.674,0.763,1.179,1.163,1.273,0.188,0.387,0.76
0.674,0.761,1.178,1.162,1.272,0.188,0.387,0.759
0.673,0.76,1.178,1.16,1.271,0.187,0.387,0.758
0.672,0.758,1.177,1.159,1.269,0.187,0.387,0.757
0.671,0.756,1.177,1.157,1.268,0.186,0.386,0.756
0.67,0.754,1.176,1.155,1.266,0.186,0.387,0.754
0.669,0.752,1.175,1.154,1.265,0.185,0.386,0.753
0.668,0.75,1.175,1.152,1.263,0.185,0.386,0.752
0.667,0.748,1.174,1.15,1.262,0.185,0.386,0.751
0.666,0.746,1.173,1.149,1.26,0.184,0.386,0.75
0.665,0.744,1.173,1.147,1.259,0.184,0.386,0.748
0.664,0.742,1.172,1.145,1.258,0.183,0.386,0.747
0.664,0.741,1.172,1.144,1.256,0.183,0.386,0.746
0.663,0.739,1.171,1.142,1.255,0.182,0.385,0.745
0.662,0.737,1.17,1.14,1.254,0.182,0.385,0.744
0.661,0.735,1.17,1.138,1.252,0.182,0.385,0.743
0.66,0.733,1.169,1.137,1.251,0.181,0.385,0.741
0.659,0.732,1.168,1.135,1.25,0.181,0.385,0.74
0.658,0.73,1.168,1.134,1.248,0.18,0.385,0.739
0.657,0.728,1.167,1.132,1.247,0.18,0.385,0.738
0.656,0.727,1.166,1.131,1.246,0.18,0.384,0.737
0.655,0.725,1.166,1.129,1.244,0.179,0.384,0.736
0.654,0.723,1.165,1.127,1.243,0.179,0.384,0.735
0.654,0.722,1.165,1.126,1.242,0.178,0.384,0.733
0.653,0.72,1.164,1.124,1.24,0.178,0.384,0.732
0.652,0.719,1.163,1.123,1.239,0.177,0.384,0.731
0.651,0.717,1.163,1.122,1.237,0.177,0.384,0.73
0.65,0.715,1.162,1.12,1.236,0.176,0.384,0.729
0.649,0.714,1.162,1.119,1.235,0.176,0.383,0.727
0.648,0.712,1.161,1.117,1.233,0.176,0.383,0.726
0.647,0.711,1.16,1.115,1.232,0.175,0.383,0.725
0.647,0.71,1.16,1.114,1.231,0.175,0.383,0.724
0.646,0.709,1.159,1.112,1.229,0.174,0.383,0.722
0.645,0.707,1.158,1.11,1.228,0.174,0.383,0.721
0.644,0.706,1.158,1.109,1.226,0.174,0.383,0.72
0.643,0.704,1.157,1.107,1.225,0.173,0.383,0.719
0.642,0.703,1.156,1.105,1.223,0.173,0.383,0.718
0.641,0.702,1.156,1.104,1.222,0.172,0.382,0.717
0.64,0.7,1.155,1.102,1.221,0.172,0.382,0.715
0.639,0.699,1.155,1.101,1.219,0.171,0.382,0.714
0.639,0.697,1.154,1.099,1.218,0.171,0.382,0.713
0.638,0.696,1.153,1.098,1.217,0.171,0.382,0.712
0.637,0.694,1.152,1.097,1.215,0.17,0.382,0.711
0.636,0.693,1.152,1.095,1.214,0.17,0.382,0.71
0.635,0.691,1.151,1.094,1.213,0.169,0.381,0.709
0.634,0.69,1.15,1.093,1.211,0.169,0.381,0.708
0.633,0.688,1.15,1.091,1.21,0.169,0.381,0.707
0.633,0.687,1.149,1.09,1.208,0.168,0.381,0.706
0.631,0.686,1.148,1.089,1.207,0.168,0.381,0.705
0.631,0.684,1.148,1.087,1.206,0.167,0.381,0.704
0.63,0.683,1.147,1.086,1.204,0.167,0.381,0.703
0.629,0.681,1.146,1.084,1.203,0.167,0.381,0.702
0.628,0.68,1.146,1.083,1.201,0.166,0.38,0.701
0.627,0.678,1.145,1.082,1.2,0.166,0.38,0.7
0.626,0.677,1.145,1.08,1.199,0.165,0.38,0.699
0.625,0.676,1.144,1.078,1.198,0.165,0.38,0.698
0.625,0.675,1.143,1.077,1.196,0.165,0.38,0.697
0.624,0.674,1.143,1.075,1.195,0.164,0.38,0.696
0.623,0.672,1.142,1.074,1.194,0.164,0.38,0.694
0.622,0.671,1.141,1.072,1.192,0.164,0.38,0.694
0.621,0.67,1.141,1.07,1.191,0.163,0.38,0.693
0.62,0.668,1.14,1.069,1.19,0.163,0.379,0.691
0.619,0.667,1.139,1.067,1.188,0.163,0.379,0.69
0.619,0.666,1.139,1.066,1.187,0.162,0.379,0.689
0.618,0.665,1.138,1.064,1.186,0.162,0.379,0.688
0.617,0.663,1.137,1.063,1.184,0.161,0.379,0.687
0.616,0.662,1.137,1.062,1.183,0.161,0.379,0.686
0.615,0.661,1.136,1.06,1.182,0.161,0.378,0.685
0.614,0.66,1.135,1.059,1.18,0.16,0.378,0.684
0.614,0.659,1.135,1.057,1.179,0.16,0.378,0.683
0.613,0.658,1.134,1.056,1.178,0.159,0.378,0.682
0.612,0.656,1.133,1.054,1.176,0.159,0.378,0.681
0.611,0.656,1.133,1.053,1.175,0.159,0.378,0.68
0.61,0.654,1.132,1.051,1.173,0.158,0.378,0.679
0.61,0.653,1.131,1.05,1.172,0.158,0.378,0.678
0.609,0.652,1.131,1.048,1.171,0.158,0.377,0.677
0.608,0.651,1.13,1.047,1.169,0.157,0.377,0.676
0.607,0.65,1.13,1.045,1.168,0.157,0.377,0.675
0.606,0.649,1.129,1.044,1.167,0.157,0.377,0.674
0.605,0.648,1.128,1.042,1.165,0.156,0.377,0.673
0.605,0.647,1.128,1.041,1.164,0.156,0.377,0.673
0.604,0.646,1.127,1.039,1.163,0.156,0.377,0.672
0.603,0.645,1.126,1.038,1.162,0.155,0.376,0.671
0.602,0.644,1.126,1.036,1.16,0.155,0.376,0.67
0.601,0.643,1.125,1.035,1.159,0.155,0.376,0.669
0.601,0.642,1.124,1.034,1.158,0.154,0.376,0.668
0.6,0.641,1.124,1.033,1.156,0.154,0.376,0.667
0.599,0.639,1.123,1.031,1.155,0.154,0.376,0.666
0.598,0.638,1.122,1.03,1.154,0.153,0.376,0.665
0.597,0.637,1.122,1.029,1.152,0.153,0.376,0.664
0.597,0.636,1.121,1.028,1.151,0.152,0.376,0.663
0.596,0.635,1.12,1.026,1.15,0.152,0.375,0.662
0.595,0.634,1.12,1.025,1.148,0.152,0.375,0.662
0.594,0.633,1.119,1.024,1.147,0.152,0.375,0.661
0.593,0.631,1.118,1.022,1.146,0.151,0.375,0.66
0.593,0.63,1.118,1.021,1.144,0.151,0.375,0.659
0.592,0.629,1.117,1.02,1.143,0.151,0.375,0.658
0.591,0.628,1.116,1.018,1.142,0.15,0.375,0.657
0.59,0.627,1.116,1.017,1.14,0.15,0.375,0.656
0.589,0.626,1.115,1.016,1.139,0.15,0.374,0.655
0.589,0.625,1.115,1.014,1.138,0.149,0.374,0.655
0.588,0.624,1.114,1.013,1.136,0.149,0.374,0.654
0.587,0.623,1.113,1.012,1.135,0.149,0.374,0.653
0.586,0.622,1.113,1.011,1.134,0.149,0.374,0.652
0.585,0.621,1.112,1.009,1.132,0.148,0.374,0.651
0.585,0.62,1.111,1.008,1.131,0.148,0.374,0.65
0.584,0.619,1.111,1.006,1.129,0.148,0.373,0.649
0.583,0.618,1.11,1.005,1.128,0.147,0.373,0.649
0.583,0.617,1.109,1.004,1.127,0.147,0.373,0.648
0.582,0.617,1.109,1.002,1.126,0.147,0.373,0.646
0.581,0.616,1.108,1.001,1.124,0.146,0.373,0.646
0.58,0.615,1.107,1.0,1.123,0.146,0.373,0.645
0.58,0.614,1.107,0.998,1.122,0.146,0.373,0.644
0.579,0.613,1.106,0.997,1.12,0.145,0.373,0.643
0.578,0.612,1.105,0.996,1.119,0.145,0.373,0.643
0.577,0.611,1.104,0.994,1.118,0.145,0.372,0.642
0.577,0.61,1.104,0.993,1.117,0.144,0.372,0.641
0.576,0.609,1.103,0.992,1.116,0.144,0.372,0.64
0.575,0.608,1.103,0.991,1.114,0.144,0.372,0.639
0.574,0.607,1.102,0.989,1.113,0.144,0.372,0.639
0.574,0.607,1.101,0.988,1.112,0.143,0.372,0.638
0.573,0.606,1.101,0.987,1.111,0.143,0.372,0.637
0.572,0.605,1.1,0.986,1.11,0.143,0.371,0.636
0.571,0.604,1.099,0.984,1.108,0.142,0.371,0.635
0.571,0.603,1.099,0.983,1.107,0.142,0.371,0.635
0.57,0.602,1.098,0.982,1.106,0.142,0.371,0.634
0.569,0.602,1.097,0.981,1.105,0.142,0.371,0.633
0.568,0.601,1.097,0.979,1.103,0.141,0.371,0.632
0.568,0.6,1.096,0.978,1.102,0.141,0.371,0.631
0.567,0.599,1.095,0.977,1.101,0.141,0.371,0.631
0.566,0.598,1.095,0.976,1.1,0.141,0.37,0.63
0.566,0.597,1.094,0.975,1.099,0.14,0.37,0.629
0.565,0.596,1.094,0.974,1.097,0.14,0.37,0.628
0.564,0.596,1.093,0.972,1.096,0.14,0.37,0.627
0.563,0.595,1.092,0.971,1.095,0.14,0.37,0.627
0.563,0.594,1.092,0.97,1.094,0.139,0.37,0.626
0.562,0.593,1.091,0.969,1.093,0.139,0.37,0.625
0.561,0.592,1.09,0.968,1.092,0.139,0.37,0.624
0.56,0.591,1.09,0.967,1.09,0.139,0.369,0.624
0.56,0.59,1.089,0.966,1.089,0.138,0.369,0.623
0.559,0.59,1.088,0.964,1.088,0.138,0.369,0.622
0.558,0.589,1.088,0.963,1.087,0.138,0.369,0.621
0.558,0.588,1.087,0.962,1.086,0.137,0.369,0.621
0.557,0.587,1.086,0.961,1.084,0.137,0.369,0.62
0.556,0.586,1.086,0.96,1.083,0.137,0.369,0.619
0.556,0.585,1.085,0.959,1.082,0.137,0.369,0.618
0.555,0.585,1.084,0.957,1.081,0.137,0.369,0.617
0.554,0.584,1.084,0.956,1.08,0.136,0.368,0.616
0.554,0.583,1.083,0.955,1.079,0.136,0.368,0.616
0.553,0.582,1.082,0.954,1.077,0.136,0.368,0.615
0.552,0.581,1.082,0.953,1.076,0.136,0.368,0.614
0.552,0.58,1.081,0.952,1.075,0.135,0.368,0.614
0.551,0.58,1.08,0.951,1.074,0.135,0.368,0.613
0.55,0.579,1.08,0.949,1.073,0.135,0.367,0.612
0.55,0.578,1.079,0.948,1.072,0.135,0.367,0.611
0.549,0.577,1.078,0.947,1.071,0.134,0.367,0.611
0.548,0.576,1.078,0.946,1.07,0.134,0.367,0.61
0.548,0.576,1.077,0.945,1.068,0.134,0.367,0.609
0.547,0.575,1.076,0.944,1.067,0.134,0.367,0.608
0.546,0.574,1.076,0.943,1.066,0.134,0.367,0.608
0.546,0.574,1.075,0.942,1.065,0.133,0.367,0.607
0.545,0.573,1.074,0.941,1.064,0.133,0.367,0.606
0.544,0.572,1.074,0.94,1.062,0.133,0.366,0.605
0.544,0.572,1.073,0.939,1.061,0.133,0.366,0.605
0.543,0.571,1.072,0.937,1.06,0.132,0.366,0.604
0.542,0.57,1.072,0.936,1.059,0.132,0.366,0.603
0.542,0.569,1.071,0.935,1.058,0.132,0.366,0.603
0.541,0.569,1.07,0.934,1.057,0.132,0.366,0.602
0.54,0.568,1.07,0.933,1.056,0.131,0.366,0.601
0.54,0.567,1.069,0.932,1.055,0.131,0.365,0.601
0.539,0.566,1.068,0.931,1.054,0.131,0.365,0.6
0.538,0.566,1.068,0.93,1.053,0.131,0.365,0.599
0.538,0.565,1.067,0.928,1.052,0.131,0.365,0.598
0.537,0.564,1.066,0.927,1.051,0.13,0.365,0.598
0.536,0.563,1.066,0.927,1.05,0.13,0.365,0.597
0.536,0.563,1.065,0.925,1.048,0.13,0.365,0.596
0.535,0.562,1.065,0.924,1.048,0.13,0.364,0.596
0.535,0.561,1.064,0.923,1.046,0.129,0.365,0.595
0.534,0.561,1.063,0.922,1.046,0.129,0.364,0.594
0.533,0.56,1.063,0.921,1.044,0.129,0.364,0.594
0.533,0.559,1.062,0.92,1.043,0.129,0.364,0.593
0.532,0.558,1.061,0.919,1.042,0.129,0.364,0.592
0.531,0.558,1.061,0.918,1.041,0.129,0.364,0.591
0.531,0.557,1.06,0.917,1.04,0.128,0.364,0.591
0.53,0.557,1.059,0.916,1.039,0.128,0.364,0.59
0.53,0.556,1.059,0.915,1.038,0.128,0.364,0.589
0.529,0.555,1.058,0.914,1.037,0.128,0.363,0.588
0.528,0.554,1.057,0.914,1.036,0.128,0.363,0.588
0.528,0.554,1.057,0.912,1.035,0.127,0.363,0.587
0.527,0.553,1.056,0.911,1.034,0.127,0.363,0.587
0.527,0.552,1.056,0.911,1.033,0.127,0.363,0.586
0.526,0.552,1.055,0.91,1.032,0.127,0.363,0.585
0.525,0.551,1.054,0.909,1.031,0.126,0.363,0.584
0.525,0.55,1.054,0.908,1.03,0.126,0.362,0.584
0.524,0.55,1.053,0.907,1.029,0.126,0.362,0.583
0.524,0.55,1.053,0.906,1.028,0.126,0.362,0.582
0.523,0.549,1.052,0.905,1.027,0.126,0.362,0.582
0.522,0.549,1.051,0.904,1.026,0.125,0.362,0.581
0.522,0.548,1.051,0.904,1.025,0.125,0.362,0.581
0.521,0.548,1.05,0.902,1.024,0.125,0.362,0.58
0.521,0.547,1.05,0.901,1.023,0.125,0.362,0.579
0.52,0.546,1.049,0.9,1.022,0.125,0.362,0.579
0.52,0.546,1.048,0.9,1.021,0.125,0.361,0.578
0.519,0.545,1.048,0.899,1.02,0.124,0.361,0.577
0.518,0.544,1.047,0.898,1.019,0.124,0.361,0.577
0.518,0.544,1.047,0.897,1.018,0.124,0.361,0.576
0.517,0.543,1.046,0.896,1.017,0.124,0.361,0.575
0.517,0.542,1.045,0.896,1.016,0.124,0.361,0.575
0.516,0.542,1.045,0.895,1.015,0.123,0.361,0.574
0.515,0.541,1.044,0.894,1.014,0.123,0.361,0.574
0.515,0.54,1.044,0.893,1.013,0.123,0.36,0.573
0.514,0.54,1.043,0.892,1.012,0.123,0.36,0.572
0.514,0.539,1.043,0.891,1.011,0.123,0.36,0.572
0.513,0.539,1.042,0.891,1.01,0.123,0.36,0.571
0.513,0.538,1.041,0.89,1.009,0.122,0.36,0.571
0.512,0.538,1.041,0.889,1.008,0.122,0.36,0.57
0.511,0.537,1.04,0.889,1.007,0.122,0.36,0.569
0.511,0.537,1.039,0.888,1.006,0.122,0.359,0.569
0.51,0.536,1.039,0.887,1.005,0.122,0.359,0.568
0.51,0.535,1.038,0.887,1.004,0.122,0.359,0.567
0.509,0.535,1.038,0.886,1.004,0.122,0.359,0.567
0.509,0.534,1.037,0.885,1.003,0.121,0.359,0.566
0.508,0.534,1.037,0.884,1.002,0.121,0.359,0.566
0.507,0.533,1.036,0.883,1.001,0.121,0.359,0.565
0.507,0.532,1.035,0.883,1.0,0.121,0.359,0.564
0.506,0.532,1.035,0.882,0.999,0.12,0.359,0.564
0.506,0.531,1.034,0.881,0.998,0.12,0.359,0.563
0.505,0.531,1.034,0.88,0.997,0.12,0.358,0.563
0.505,0.53,1.033,0.879,0.996,0.12,0.358,0.562
0.504,0.53,1.032,0.878,0.995,0.12,0.358,0.561
0.504,0.529,1.032,0.877,0.994,0.12,0.358,0.561
0.503,0.529,1.031,0.876,0.993,0.12,0.358,0.56
0.503,0.528,1.031,0.876,0.993,0.119,0.358,0.56
0.502,0.528,1.03,0.875,0.992,0.119,0.358,0.559
0.501,0.527,1.029,0.874,0.991,0.119,0.358,0.558
0.501,0.527,1.029,0.873,0.99,0.119,0.357,0.558
0.5,0.527,1.028,0.872,0.989,0.119,0.357,0.557
0.5,0.526,1.028,0.871,0.988,0.119,0.357,0.557
0.499,0.525,1.027,0.87,0.987,0.119,0.357,0.556
0.499,0.525,1.027,0.87,0.986,0.118,0.357,0.556
0.498,0.525,1.026,0.869,0.985,0.118,0.357,0.555
0.498,0.524,1.025,0.868,0.984,0.118,0.357,0.554
0.497,0.523,1.025,0.867,0.984,0.118,0.356,0.554
0.497,0.523,1.024,0.866,0.983,0.118,0.357,0.553
0.496,0.522,1.024,0.865,0.982,0.117,0.356,0.552
0.496,0.522,1.023,0.865,0.981,0.117,0.356,0.552
0.495,0.521,1.023,0.864,0.98,0.117,0.356,0.551
0.494,0.521,1.022,0.863,0.979,0.117,0.356,0.551
0.494,0.52,1.021,0.862,0.978,0.117,0.356,0.55
0.494,0.52,1.021,0.862,0.977,0.117,0.356,0.55
0.493,0.519,1.02,0.861,0.976,0.117,0.356,0.549
0.493,0.519,1.02,0.86,0.976,0.117,0.356,0.548
0.492,0.519,1.019,0.859,0.975,0.116,0.355,0.548
0.492,0.518,1.019,0.858,0.974,0.116,0.355,0.547
0.491,0.518,1.018,0.858,0.973,0.116,0.355,0.547
0.491,0.517,1.017,0.857,0.972,0.116,0.355,0.546
0.49,0.517,1.017,0.856,0.971,0.116,0.355,0.546
0.49,0.516,1.016,0.855,0.97,0.116,0.355,0.545
0.489,0.516,1.016,0.854,0.969,0.116,0.355,0.545
0.489,0.515,1.015,0.853,0.969,0.115,0.354,0.544
0.488,0.515,1.015,0.852,0.968,0.115,0.354,0.544
0.488,0.514,1.014,0.851,0.967,0.115,0.354,0.543
0.487,0.514,1.013,0.851,0.966,0.115,0.354,0.543
0.487,0.513,1.013,0.85,0.965,0.115,0.354,0.542
0.486,0.513,1.012,0.849,0.964,0.115,0.354,0.541
0.486,0.512,1.012,0.848,0.964,0.115,0.354,0.541
0.485,0.512,1.011,0.847,0.963,0.115,0.354,0.54
0.484,0.511,1.011,0.846,0.962,0.114,0.354,0.54
0.484,0.511,1.01,0.845,0.961,0.114,0.354,0.539
0.484,0.51,1.009,0.845,0.96,0.114,0.354,0.539
0.483,0.51,1.009,0.844,0.959,0.114,0.353,0.538
0.483,0.51,1.009,0.843,0.959,0.114,0.353,0.538
0.482,0.509,1.008,0.842,0.958,0.114,0.353,0.537
0.482,0.509,1.007,0.842,0.957,0.114,0.353,0.537
0.481,0.508,1.007,0.841,0.956,0.113,0.353,0.536
0.481,0.508,1.006,0.84,0.955,0.113,0.353,0.536
0.48,0.507,1.006,0.839,0.955,0.113,0.353,0.535
0.48,0.507,1.005,0.839,0.954,0.113,0.352,0.535
0.479,0.506,1.005,0.838,0.953,0.113,0.353,0.534
0.479,0.506,1.004,0.837,0.952,0.113,0.352,0.534
0.478,0.506,1.003,0.837,0.951,0.113,0.352,0.533
0.478,0.505,1.003,0.836,0.951,0.113,0.352,0.533
0.477,0.505,1.002,0.835,0.95,0.113,0.352,0.532
0.477,0.504,1.002,0.834,0.949,0.113,0.352,0.532
0.476,0.504,1.001,0.834,0.948,0.112,0.352,0.531
0.476,0.503,1.001,0.833,0.947,0.112,0.352,0.531
0.475,0.503,1.0,0.832,0.947,0.112,0.352,0.53
0.475,0.502,1.0,0.831,0.946,0.112,0.351,0.53
0.475,0.502,0.999,0.831,0.945,0.112,0.351,0.529
0.474,0.501,0.998,0.83,0.944,0.112,0.351,0.529
0.474,0.501,0.998,0.829,0.943,0.112,0.351,0.528
0.473,0.5,0.997,0.829,0.943,0.111,0.351,0.528
0.473,0.5,0.997,0.828,0.942,0.111,0.351,0.527
0.472,0.499,0.996,0.827,0.941,0.111,0.351,0.527
0.472,0.499,0.996,0.827,0.94,0.111,0.351,0.526
0.471,0.498,0.995,0.826,0.939,0.111,0.35,0.526
0.471,0.498,0.994,0.825,0.939,0.111,0.35,0.525
0.47,0.497,0.994,0.824,0.938,0.111,0.35,0.525
0.47,0.497,0.994,0.824,0.937,0.111,0.35,0.524
0.469,0.496,0.993,0.823,0.936,0.11,0.35,0.524
0.469,0.496,0.993,0.822,0.935,0.11,0.35,0.523
0.469,0.496,0.992,0.821,0.935,0.11,0.35,0.523
0.468,0.495,0.991,0.82,0.934,0.11,0.35,0.522
0.468,0.495,0.991,0.82,0.933,0.11,0.35,0.522
0.467,0.494,0.99,0.819,0.932,0.11,0.35,0.521
0.467,0.494,0.99,0.818,0.932,0.11,0.349,0.521
0.466,0.494,0.989,0.818,0.931,0.11,0.349,0.52
0.466,0.493,0.989,0.817,0.93,0.11,0.349,0.52
0.465,0.493,0.988,0.816,0.929,0.11,0.349,0.519
0.465,0.493,0.988,0.816,0.929,0.11,0.349,0.519
0.465,0.492,0.987,0.815,0.928,0.109,0.349,0.519
0.464,0.492,0.986,0.814,0.927,0.109,0.349,0.518
0.464,0.491,0.986,0.813,0.927,0.109,0.349,0.518
0.463,0.491,0.986,0.813,0.926,0.109,0.349,0.517
0.463,0.491,0.985,0.812,0.925,0.109,0.348,0.517
0.462,0.49,0.984,0.811,0.925,0.109,0.348,0.516
0.462,0.49,0.984,0.81,0.924,0.109,0.348,0.516
0.461,0.49,0.983,0.81,0.923,0.109,0.348,0.515
0.461,0.49,0.983,0.809,0.922,0.108,0.348,0.515
0.461,0.489,0.982,0.808,0.922,0.108,0.348,0.514
0.46,0.489,0.982,0.808,0.921,0.108,0.348,0.514
0.46,0.489,0.981,0.807,0.92,0.108,0.348,0.514
0.459,0.488,0.981,0.806,0.919,0.108,0.348,0.513
0.459,0.488,0.98,0.806,0.919,0.108,0.347,0.513
0.459,0.488,0.98,0.805,0.918,0.108,0.347,0.512
0.458,0.487,0.979,0.805,0.917,0.108,0.347,0.512
0.458,0.487,0.979,0.804,0.917,0.108,0.347,0.511
0.457,0.487,0.978,0.804,0.916,0.108,0.347,0.511
0.457,0.486,0.978,0.803,0.915,0.107,0.347,0.51
0.456,0.486,0.977,0.803,0.915,0.107,0.347,0.51
0.456,0.486,0.977,0.802,0.914,0.107,0.347,0.51
0.456,0.485,0.976,0.801,0.913,0.107,0.347,0.509
0.455,0.485,0.976,0.801,0.912,0.107,0.346,0.509
0.455,0.485,0.975,0.8,0.912,0.107,0.346,0.508
0.454,0.484,0.975,0.799,0.911,0.107,0.346,0.508
0.454,0.484,0.974,0.799,0.91,0.107,0.346,0.507
0.454,0.484,0.973,0.798,0.91,0.107,0.346,0.507
0.453,0.483,0.973,0.797,0.909,0.107,0.346,0.506
0.453,0.483,0.973,0.797,0.908,0.107,0.346,0.506
0.452,0.483,0.972,0.796,0.908,0.106,0.346,0.506
0.452,0.482,0.972,0.795,0.907,0.106,0.346,0.505
0.452,0.482,0.971,0.794,0.906,0.106,0.345,0.505
0.451,0.482,0.971,0.794,0.906,0.106,0.345,0.505
0.451,0.481,0.97,0.793,0.905,0.106,0.345,0.504
0.45,0.481,0.969,0.793,0.904,0.106,0.345,0.504
0.45,0.48,0.969,0.792,0.904,0.106,0.345,0.503
0.449,0.48,0.968,0.791,0.903,0.106,0.345,0.503
0.449,0.48,0.968,0.79,0.902,0.106,0.345,0.502
0.449,0.479,0.967,0.79,0.902,0.106,0.345,0.502
0.448,0.479,0.967,0.789,0.901,0.106,0.345,0.502
0.448,0.478,0.966,0.789,0.9,0.106,0.345,0.501
0.448,0.478,0.966,0.788,0.9,0.105,0.345,0.501
0.447,0.478,0.965,0.787,0.899,0.105,0.344,0.501
0.447,0.477,0.965,0.787,0.898,0.105,0.344,0.5
0.446,0.477,0.964,0.786,0.898,0.105,0.344,0.5
0.446,0.477,0.964,0.785,0.897,0.105,0.344,0.499
0.446,0.476,0.963,0.785,0.896,0.105,0.344,0.499
0.445,0.476,0.963,0.784,0.896,0.105,0.344,0.498
0.445,0.476,0.962,0.784,0.895,0.105,0.344,0.498
0.444,0.476,0.962,0.783,0.894,0.105,0.344,0.498
0.444,0.475,0.962,0.782,0.894,0.105,0.344,0.497
0.444,0.475,0.961,0.782,0.893,0.105,0.344,0.497
0.443,0.475,0.961,0.781,0.892,0.104,0.343,0.497
0.443,0.475,0.96,0.78,0.892,0.104,0.343,0.496
0.443,0.474,0.96,0.78,0.891,0.104,0.343,0.496
0.442,0.474,0.959,0.779,0.89,0.104,0.343,0.495
0.442,0.474,0.959,0.779,0.89,0.104,0.343,0.495
0.441,0.474,0.958,0.778,0.889,0.104,0.343,0.495
0.441,0.473,0.958,0.777,0.888,0.104,0.343,0.494
0.441,0.473,0.957,0.777,0.888,0.104,0.343,0.494
0.44,0.473,0.957,0.776,0.887,0.104,0.343,0.494
0.44,0.472,0.956,0.775,0.886,0.104,0.342,0.493
0.44,0.472,0.956,0.775,0.886,0.104,0.342,0.493
0.439,0.472,0.955,0.774,0.885,0.104,0.342,0.493
0.439,0.471,0.955,0.774,0.885,0.104,0.342,0.492
0.438,0.471,0.954,0.773,0.884,0.103,0.342,0.492
0.438,0.471,0.954,0.773,0.883,0.103,0.342,0.491
0.438,0.471,0.953,0.772,0.883,0.103,0.342,0.491
0.437,0.471,0.953,0.771,0.882,0.103,0.342,0.491
0.437,0.47,0.952,0.771,0.882,0.103,0.342,0.49
0.436,0.47,0.952,0.77,0.881,0.103,0.342,0.49
0.436,0.469,0.951,0.77,0.88,0.103,0.341,0.49
0.436,0.469,0.951,0.769,0.88,0.103,0.341,0.489
0.435,0.469,0.95,0.769,0.879,0.103,0.341,0.489
0.435,0.468,0.95,0.768,0.878,0.103,0.341,0.488
0.435,0.468,0.95,0.767,0.878,0.103,0.341,0.488
0.434,0.468,0.949,0.767,0.877,0.103,0.341,0.488
0.434,0.467,0.948,0.766,0.877,0.103,0.341,0.487
0.434,0.467,0.948,0.766,0.876,0.102,0.341,0.487
0.433,0.467,0.947,0.765,0.876,0.102,0.341,0.487
0.433,0.466,0.947,0.764,0.875,0.102,0.34,0.486
0.432,0.466,0.947,0.764,0.874,0.102,0.34,0.486
0.432,0.466,0.946,0.763,0.874,0.102,0.34,0.486
0.432,0.465,0.946,0.762,0.873,0.102,0.34,0.485
0.431,0.465,0.945,0.762,0.872,0.102,0.34,0.485
0.431,0.465,0.944,0.761,0.872,0.102,0.34,0.485
0.431,0.465,0.944,0.76,0.871,0.102,0.34,0.484
0.43,0.464,0.943,0.76,0.871,0.102,0.34,0.484
0.43,0.464,0.943,0.759,0.87,0.102,0.34,0.484
0.43,0.464,0.943,0.759,0.869,0.102,0.34,0.483
0.429,0.463,0.942,0.758,0.869,0.102,0.34,0.483
0.429,0.463,0.942,0.758,0.868,0.101,0.339,0.482
0.429,0.463,0.941,0.757,0.868,0.102,0.339,0.482
0.428,0.463,0.941,0.757,0.867,0.101,0.339,0.482
0.428,0.462,0.94,0.756,0.866,0.101,0.339,0.481
0.428,0.462,0.94,0.756,0.866,0.101,0.339,0.481
0.427,0.462,0.939,0.755,0.865,0.101,0.339,0.481
0.427,0.461,0.939,0.755,0.865,0.101,0.339,0.48
0.427,0.461,0.938,0.754,0.864,0.101,0.339,0.48
0.426,0.461,0.938,0.754,0.864,0.101,0.339,0.479
0.426,0.46,0.937,0.753,0.863,0.101,0.338,0.479
0.425,0.46,0.937,0.753,0.863,0.101,0.339,0.479
0.425,0.46,0.937,0.752,0.862,0.101,0.338,0.478
0.425,0.459,0.936,0.752,0.861,0.101,0.338,0.478
0.425,0.459,0.935,0.751,0.861,0.101,0.338,0.478
0.424,0.459,0.935,0.751,0.86,0.101,0.338,0.477
0.424,0.459,0.934,0.75,0.86,0.101,0.338,0.477
0.424,0.458,0.934,0.75,0.859,0.101,0.338,0.477
0.423,0.458,0.934,0.749,0.859,0.101,0.338,0.476
0.423,0.458,0.933,0.749,0.858,0.1,0.338,0.476
0.423,0.458,0.933,0.748,0.857,0.1,0.337,0.475
0.422,0.457,0.932,0.748,0.857,0.1,0.338,0.475
0.422,0.457,0.932,0.747,0.856,0.1,0.337,0.475
0.421,0.457,0.931,0.747,0.856,0.1,0.337,0.474
0.421,0.457,0.931,0.746,0.855,0.1,0.337,0.474
0.421,0.456,0.93,0.746,0.855,0.1,0.337,0.474
0.421,0.456,0.93,0.745,0.854,0.1,0.337,0.473
0.42,0.456,0.929,0.745,0.853,0.1,0.337,0.473
0.42,0.455,0.929,0.744,0.853,0.1,0.337,0.472
0.42,0.455,0.929,0.744,0.852,0.1,0.337,0.472
0.419,0.455,0.928,0.743,0.852,0.1,0.337,0.472
0.419,0.454,0.928,0.743,0.851,0.1,0.336,0.471
0.419,0.454,0.927,0.742,0.85,0.1,0.336,0.471
0.418,0.454,0.927,0.742,0.85,0.099,0.336,0.471
0.418,0.453,0.926,0.741,0.849,0.099,0.336,0.47
0.418,0.453,0.926,0.741,0.849,0.099,0.336,0.47
0.417,0.453,0.925,0.74,0.848,0.099,0.336,0.47
0.417,0.452,0.925,0.739,0.848,0.099,0.336,0.469
0.417,0.452,0.924,0.739,0.847,0.099,0.336,0.469
0.416,0.452,0.924,0.738,0.846,0.099,0.336,0.469
0.416,0.452,0.923,0.738,0.846,0.099,0.336,0.468
0.416,0.451,0.923,0.737,0.845,0.099,0.335,0.468
0.415,0.451,0.923,0.737,0.845,0.099,0.335,0.468
0.415,0.451,0.922,0.736,0.844,0.099,0.335,0.467
0.415,0.451,0.921,0.736,0.844,0.099,0.335,0.467
0.415,0.45,0.921,0.735,0.843,0.099,0.335,0.467
0.414,0.45,0.921,0.735,0.843,0.099,0.335,0.467
0.414,0.45,0.92,0.734,0.842,0.099,0.335,0.466
0.414,0.45,0.92,0.734,0.842,0.098,0.335,0.466
0.413,0.449,0.919,0.733,0.841,0.098,0.335,0.466
0.413,0.449,0.919,0.733,0.841,0.099,0.335,0.465
0.413,0.449,0.918,0.732,0.84,0.099,0.334,0.465
0.412,0.449,0.918,0.732,0.84,0.099,0.334,0.465
0.412,0.448,0.917,0.731,0.839,0.098,0.334,0.464
0.412,0.448,0.917,0.731,0.838,0.098,0.334,0.464
0.411,0.447,0.917,0.73,0.838,0.098,0.334,0.464
0.411,0.447,0.916,0.73,0.837,0.098,0.334,0.463
0.411,0.447,0.916,0.73,0.837,0.098,0.334,0.463
0.41,0.447,0.915,0.729,0.836,0.098,0.334,0.463
0.41,0.446,0.915,0.729,0.836,0.098,0.334,0.462
0.41,0.446,0.914,0.728,0.835,0.098,0.334,0.462
0.41,0.446,0.914,0.728,0.835,0.098,0.334,0.462
0.409,0.446,0.914,0.728,0.834,0.098,0.333,0.461
0.409,0.445,0.913,0.727,0.834,0.098,0.333,0.461
0.409,0.445,0.913,0.726,0.833,0.098,0.333,0.461
0.408,0.445,0.912,0.726,0.833,0.098,0.333,0.461
0.408,0.445,0.912,0.726,0.832,0.098,0.333,0.46
0.408,0.444,0.911,0.725,0.832,0.098,0.333,0.46
0.408,0.444,0.911,0.725,0.831,0.097,0.333,0.46
0.407,0.444,0.911,0.724,0.831,0.097,0.333,0.459
0.407,0.444,0.91,0.724,0.83,0.097,0.333,0.459
0.407,0.443,0.91,0.723,0.83,0.097,0.333,0.459
0.406,0.443,0.909,0.723,0.829,0.097,0.332,0.458
0.406,0.443,0.909,0.722,0.829,0.097,0.332,0.458
0.406,0.442,0.908,0.722,0.828,0.097,0.332,0.458
0.405,0.442,0.908,0.721,0.828,0.097,0.332,0.457
0.405,0.442,0.908,0.72,0.827,0.097,0.332,0.457
0.405,0.442,0.907,0.72,0.826,0.097,0.332,0.457
0.405,0.441,0.907,0.72,0.826,0.097,0.332,0.456
0.404,0.441,0.906,0.719,0.826,0.097,0.332,0.456
0.404,0.441,0.906,0.718,0.825,0.097,0.332,0.456
0.404,0.441,0.905,0.718,0.825,0.097,0.332,0.455
0.403,0.44,0.905,0.718,0.824,0.097,0.332,0.455
0.403,0.44,0.904,0.717,0.824,0.097,0.332,0.455
0.403,0.44,0.904,0.717,0.823,0.097,0.331,0.455
0.403,0.44,0.904,0.716,0.822,0.097,0.331,0.454
0.402,0.439,0.903,0.716,0.822,0.097,0.331,0.454
0.402,0.439,0.903,0.715,0.821,0.096,0.331,0.454
0.402,0.439,0.903,0.715,0.821,0.097,0.331,0.453
0.401,0.439,0.902,0.714,0.82,0.096,0.331,0.453
0.401,0.439,0.902,0.714,0.82,0.096,0.331,0.453
0.401,0.438,0.901,0.713,0.819,0.096,0.331,0.452
0.401,0.438,0.901,0.713,0.819,0.096,0.331,0.452
0.4,0.438,0.9,0.712,0.818,0.096,0.331,0.452
0.4,0.437,0.9,0.712,0.818,0.096,0.33,0.451
0.4,0.437,0.9,0.711,0.817,0.096,0.33,0.451
0.4,0.437,0.899,0.711,0.817,0.096,0.33,0.451
0.399,0.437,0.899,0.71,0.816,0.096,0.33,0.451
0.399,0.436,0.898,0.71,0.815,0.096,0.33,0.451
0.399,0.436,0.898,0.709,0.815,0.096,0.33,0.45
0.398,0.436,0.897,0.709,0.815,0.096,0.33,0.45
0.398,0.436,0.897,0.708,0.814,0.096,0.33,0.45
0.398,0.435,0.897,0.708,0.814,0.096,0.33,0.449
0.398,0.435,0.896,0.707,0.813,0.096,0.33,0.449
0.397,0.435,0.896,0.707,0.813,0.096,0.329,0.449
0.397,0.435,0.895,0.707,0.812,0.096,0.329,0.449
0.397,0.435,0.895,0.706,0.812,0.096,0.329,0.448
0.396,0.434,0.894,0.706,0.811,0.096,0.329,0.448
0.396,0.434,0.894,0.706,0.811,0.095,0.329,0.448
0.396,0.434,0.894,0.705,0.81,0.096,0.329,0.448
0.396,0.434,0.893,0.705,0.81,0.095,0.329,0.447
0.396,0.434,0.893,0.704,0.809,0.095,0.329,0.447
0.395,0.433,0.892,0.704,0.809,0.095,0.329,0.447
0.395,0.433,0.892,0.703,0.808,0.095,0.329,0.446
0.395,0.433,0.892,0.703,0.808,0.095,0.328,0.446
0.394,0.433,0.891,0.703,0.807,0.095,0.329,0.446
0.394,0.433,0.891,0.702,0.807,0.095,0.328,0.445
0.394,0.432,0.891,0.702,0.807,0.095,0.328,0.445
0.394,0.432,0.89,0.701,0.806,0.095,0.328,0.445
0.393,0.432,0.89,0.701,0.806,0.095,0.328,0.444
0.393,0.431,0.889,0.701,0.805,0.095,0.328,0.444
0.393,0.431,0.889,0.7,0.805,0.095,0.328,0.444
0.392,0.431,0.888,0.7,0.804,0.095,0.328,0.443
0.392,0.431,0.888,0.7,0.804,0.095,0.328,0.443
0.392,0.431,0.887,0.699,0.803,0.095,0.328,0.443
0.392,0.431,0.887,0.699,0.803,0.095,0.327,0.443
0.391,0.43,0.887,0.698,0.802,0.095,0.327,0.442
0.391,0.43,0.886,0.698,0.802,0.095,0.327,0.442
0.391,0.43,0.886,0.698,0.801,0.094,0.327,0.442
0.391,0.429,0.885,0.697,0.801,0.094,0.327,0.442
0.39,0.429,0.885,0.697,0.801,0.094,0.327,0.441
0.39,0.429,0.884,0.697,0.8,0.094,0.327,0.441
0.39,0.429,0.884,0.696,0.8,0.094,0.327,0.441
0.39,0.428,0.884,0.696,0.799,0.094,0.327,0.441
0.389,0.428,0.883,0.695,0.799,0.094,0.327,0.44
0.389,0.428,0.883,0.695,0.798,0.094,0.327,0.44
0.389,0.428,0.882,0.694,0.798,0.094,0.327,0.44
0.389,0.427,0.882,0.694,0.798,0.094,0.327,0.44
0.388,0.427,0.882,0.694,0.797,0.094,0.326,0.439
0.388,0.427,0.881,0.693,0.797,0.094,0.326,0.439
0.388,0.427,0.881,0.693,0.796,0.094,0.326,0.439
0.387,0.426,0.881,0.692,0.796,0.094,0.326,0.438
0.387,0.426,0.88,0.692,0.795,0.094,0.326,0.438
0.387,0.426,0.88,0.692,0.795,0.094,0.326,0.438
0.387,0.426,0.879,0.691,0.794,0.094,0.326,0.438
0.387,0.426,0.879,0.691,0.794,0.094,0.326,0.437
0.386,0.425,0.878,0.69,0.794,0.094,0.326,0.437
0.386,0.425,0.878,0.69,0.793,0.094,0.326,0.437
0.386,0.425,0.877,0.689,0.793,0.094,0.325,0.436
0.385,0.425,0.877,0.689,0.792,0.094,0.325,0.436
0.385,0.424,0.877,0.689,0.792,0.094,0.325,0.436
0.385,0.424,0.876,0.688,0.791,0.094,0.325,0.435
0.385,0.424,0.876,0.688,0.791,0.094,0.325,0.435
0.384,0.424,0.876,0.687,0.79,0.094,0.325,0.435
0.384,0.424,0.875,0.687,0.79,0.093,0.325,0.435
0.384,0.424,0.875,0.687,0.789,0.093,0.325,0.434
0.384,0.424,0.875,0.686,0.789,0.093,0.325,0.434
0.383,0.424,0.874,0.686,0.789,0.093,0.325,0.434
0.383,0.423,0.874,0.686,0.788,0.093,0.325,0.433
0.383,0.423,0.873,0.685,0.788,0.093,0.324,0.433
0.383,0.423,0.873,0.685,0.787,0.093,0.324,0.433
0.382,0.423,0.873,0.684,0.787,0.093,0.324,0.433
0.382,0.423,0.872,0.684,0.786,0.093,0.324,0.432
0.382,0.422,0.872,0.684,0.786,0.093,0.324,0.432
0.382,0.422,0.871,0.683,0.785,0.093,0.324,0.432
0.381,0.422,0.871,0.683,0.785,0.093,0.324,0.432
0.381,0.422,0.871,0.683,0.785,0.093,0.324,0.432
0.381,0.422,0.87,0.682,0.784,0.093,0.324,0.431
0.381,0.422,0.87,0.682,0.784,0.093,0.324,0.431
0.38,0.421,0.87,0.682,0.784,0.093,0.323,0.431
0.38,0.421,0.869,0.681,0.783,0.093,0.324,0.43
0.38,0.421,0.869,0.681,0.783,0.093,0.323,0.43
0.38,0.421,0.869,0.681,0.782,0.093,0.323,0.43
0.379,0.421,0.868,0.68,0.782,0.093,0.323,0.43
0.379,0.42,0.868,0.68,0.781,0.093,0.323,0.43
0.379,0.42,0.867,0.68,0.781,0.093,0.323,0.429
0.379,0.42,0.867,0.679,0.78,0.093,0.323,0.429
0.378,0.42,0.867,0.679,0.78,0.093,0.323,0.429
0.378,0.42,0.866,0.679,0.78,0.093,0.323,0.429
0.378,0.42,0.866,0.678,0.779,0.093,0.323,0.428
0.378,0.419,0.865,0.678,0.779,0.092,0.323,0.428
0.378,0.419,0.865,0.677,0.778,0.092,0.323,0.428
0.377,0.419,0.865,0.677,0.778,0.092,0.323,0.428
0.377,0.419,0.864,0.677,0.778,0.093,0.322,0.428
0.377,0.418,0.864,0.676,0.777,0.092,0.322,0.427
0.377,0.418,0.864,0.676,0.777,0.092,0.322,0.427
0.376,0.418,0.863,0.676,0.776,0.092,0.322,0.427
0.376,0.418,0.863,0.675,0.776,0.092,0.322,0.426
0.376,0.417,0.862,0.675,0.776,0.092,0.322,0.426
0.376,0.417,0.862,0.675,0.775,0.092,0.322,0.426
0.375,0.417,0.862,0.674,0.775,0.092,0.322,0.426
0.375,0.417,0.861,0.674,0.775,0.092,0.322,0.426
0.375,0.417,0.861,0.673,0.774,0.092,0.322,0.425
0.375,0.417,0.861,0.673,0.774,0.092,0.322,0.425
0.375,0.416,0.86,0.673,0.773,0.092,0.321,0.425
0.374,0.416,0.86,0.672,0.773,0.092,0.321,0.425
0.374,0.416,0.86,0.672,0.773,0.092,0.321,0.424
0.374,0.416,0.859,0.672,0.772,0.092,0.321,0.424
0.374,0.416,0.859,0.671,0.772,0.092,0.321,0.424
0.373,0.416,0.858,0.671,0.771,0.092,0.321,0.424
0.373,0.416,0.858,0.671,0.771,0.092,0.321,0.424
0.373,0.415,0.858,0.67,0.771,0.092,0.321,0.423
0.373,0.415,0.857,0.67,0.77,0.092,0.321,0.423
0.372,0.415,0.857,0.669,0.77,0.092,0.321,0.423
0.372,0.415,0.857,0.669,0.769,0.092,0.321,0.423
0.372,0.415,0.856,0.669,0.769,0.092,0.321,0.422
0.372,0.414,0.856,0.668,0.769,0.092,0.321,0.422
0.372,0.414,0.855,0.668,0.769,0.092,0.32,0.422
0.371,0.414,0.855,0.668,0.768,0.091,0.32,0.422
0.371,0.413,0.855,0.667,0.768,0.092,0.32,0.422
0.371,0.413,0.854,0.667,0.767,0.091,0.32,0.421
0.371,0.413,0.854,0.667,0.767,0.091,0.32,0.421
0.37,0.413,0.854,0.666,0.767,0.091,0.32,0.421
0.37,0.413,0.853,0.666,0.766,0.091,0.32,0.421
0.37,0.412,0.853,0.665,0.766,0.091,0.32,0.42
0.37,0.412,0.853,0.665,0.765,0.091,0.32,0.42
0.37,0.412,0.852,0.665,0.765,0.091,0.32,0.42
0.369,0.412,0.852,0.664,0.765,0.091,0.319,0.42
0.369,0.411,0.851,0.664,0.764,0.091,0.32,0.419
0.369,0.411,0.851,0.664,0.764,0.091,0.319,0.419
0.369,0.411,0.851,0.663,0.763,0.091,0.319,0.419
0.368,0.411,0.85,0.663,0.763,0.091,0.319,0.419
0.368,0.411,0.85,0.662,0.763,0.091,0.319,0.418
0.368,0.41,0.85,0.662,0.762,0.091,0.319,0.418
0.368,0.41,0.849,0.662,0.762,0.091,0.319,0.418
0.368,0.41,0.849,0.661,0.762,0.091,0.319,0.418
0.367,0.41,0.849,0.661,0.761,0.091,0.319,0.417
0.367,0.409,0.848,0.661,0.761,0.091,0.319,0.417
0.367,0.409,0.848,0.66,0.76,0.091,0.318,0.417
0.367,0.409,0.847,0.66,0.76,0.091,0.318,0.416
0.366,0.408,0.847,0.66,0.76,0.091,0.318,0.416
0.366,0.408,0.847,0.659,0.759,0.091,0.318,0.416
0.366,0.408,0.846,0.659,0.759,0.091,0.318,0.416
0.366,0.408,0.846,0.659,0.758,0.091,0.318,0.416
0.366,0.408,0.846,0.659,0.758,0.091,0.318,0.415
0.365,0.407,0.845,0.658,0.758,0.09,0.318,0.415
0.365,0.407,0.845,0.658,0.757,0.091,0.318,0.415
0.365,0.407,0.844,0.657,0.757,0.09,0.318,0.415
0.365,0.407,0.844,0.657,0.757,0.091,0.318,0.414
0.364,0.406,0.844,0.657,0.756,0.091,0.318,0.414
0.364,0.406,0.843,0.657,0.756,0.09,0.318,0.414
0.364,0.406,0.843,0.656,0.755,0.09,0.318,0.414
0.364,0.406,0.843,0.656,0.755,0.09,0.317,0.414
0.364,0.406,0.842,0.656,0.755,0.09,0.317,0.413
0.363,0.405,0.842,0.655,0.754,0.09,0.317,0.413
0.363,0.405,0.842,0.655,0.754,0.09,0.317,0.413
0.363,0.405,0.841,0.655,0.754,0.09,0.317,0.413
0.363,0.405,0.841,0.654,0.753,0.09,0.317,0.413
0.363,0.405,0.841,0.654,0.753,0.09,0.317,0.412
0.362,0.405,0.84,0.654,0.752,0.09,0.317,0.412
0.362,0.404,0.84,0.653,0.752,0.09,0.317,0.412
0.362,0.404,0.84,0.653,0.752,0.09,0.317,0.412
0.362,0.404,0.839,0.653,0.751,0.09,0.317,0.412
0.361,0.404,0.839,0.652,0.751,0.09,0.317,0.411
0.361,0.404,0.838,0.652,0.751,0.09,0.317,0.411
0.361,0.403,0.838,0.652,0.75,0.09,0.316,0.411
0.361,0.403,0.838,0.652,0.75,0.09,0.316,0.411
0.361,0.403,0.837,0.651,0.75,0.09,0.316,0.411
0.36,0.403,0.837,0.651,0.749,0.09,0.316,0.41
0.36,0.403,0.837,0.651,0.749,0.09,0.316,0.41
0.36,0.403,0.837,0.65,0.749,0.09,0.316,0.41
0.36,0.403,0.836,0.65,0.748,0.09,0.316,0.41
0.36,0.402,0.836,0.65,0.748,0.09,0.316,0.409
0.359,0.402,0.836,0.649,0.747,0.09,0.316,0.409
0.359,0.402,0.835,0.649,0.747,0.09,0.316,0.409
0.359,0.402,0.835,0.649,0.747,0.09,0.315,0.409
0.359,0.402,0.834,0.649,0.746,0.09,0.315,0.408
0.359,0.402,0.834,0.648,0.746,0.09,0.315,0.408
0.358,0.402,0.834,0.648,0.746,0.09,0.315,0.408
0.358,0.401,0.833,0.648,0.745,0.09,0.315,0.408
0.358,0.401,0.833,0.647,0.745,0.09,0.315,0.408
0.358,0.401,0.833,0.647,0.745,0.089,0.315,0.407
0.358,0.401,0.832,0.647,0.744,0.09,0.315,0.407
0.357,0.401,0.832,0.646,0.744,0.089,0.315,0.407
0.357,0.401,0.832,0.646,0.743,0.089,0.315,0.407
0.357,0.4,0.831,0.646,0.743,0.089,0.315,0.407
0.357,0.4,0.831,0.646,0.743,0.089,0.314,0.406
0.357,0.401,0.831,0.646,0.742,0.089,0.315,0.406
0.356,0.4,0.831,0.645,0.742,0.089,0.314,0.406
0.356,0.4,0.83,0.645,0.742,0.089,0.314,0.406
0.356,0.4,0.83,0.645,0.741,0.089,0.314,0.405
0.356,0.4,0.83,0.644,0.741,0.089,0.314,0.405
0.356,0.4,0.829,0.644,0.741,0.089,0.314,0.405
0.355,0.399,0.829,0.644,0.74,0.089,0.314,0.405
0.355,0.399,0.829,0.644,0.74,0.089,0.314,0.405
0.355,0.399,0.828,0.643,0.74,0.089,0.314,0.405
0.355,0.399,0.828,0.643,0.739,0.089,0.314,0.404
0.355,0.399,0.828,0.643,0.739,0.089,0.314,0.404
0.355,0.399,0.827,0.642,0.739,0.089,0.314,0.404
0.354,0.398,0.827,0.642,0.738,0.089,0.314,0.404
0.354,0.398,0.826,0.642,0.738,0.089,0.313,0.404
0.354,0.398,0.826,0.641,0.738,0.089,0.313,0.403
0.354,0.398,0.826,0.641,0.737,0.089,0.313,0.403
0.353,0.398,0.826,0.641,0.737,0.089,0.313,0.403
0.353,0.398,0.825,0.641,0.737,0.089,0.313,0.403
0.353,0.397,0.825,0.641,0.736,0.089,0.313,0.403
0.353,0.397,0.825,0.64,0.736,0.089,0.313,0.402
0.353,0.397,0.824,0.64,0.736,0.089,0.313,0.402
0.353,0.397,0.824,0.64,0.735,0.089,0.313,0.402
0.352,0.397,0.824,0.639,0.735,0.089,0.313,0.402
0.352,0.397,0.823,0.639,0.734,0.089,0.313,0.402
0.352,0.397,0.823,0.639,0.734,0.089,0.313,0.402
0.352,0.397,0.823,0.639,0.734,0.088,0.313,0.401
0.352,0.396,0.823,0.638,0.734,0.089,0.312,0.401
0.351,0.396,0.822,0.638,0.733,0.089,0.312,0.401
0.351,0.396,0.822,0.638,0.733,0.089,0.312,0.401
0.351,0.396,0.821,0.638,0.733,0.089,0.312,0.401
0.351,0.396,0.821,0.637,0.732,0.088,0.312,0.4
0.351,0.396,0.821,0.637,0.732,0.089,0.312,0.4
0.351,0.396,0.82,0.637,0.732,0.088,0.312,0.4
0.35,0.395,0.82,0.636,0.731,0.088,0.312,0.4
0.35,0.395,0.82,0.636,0.731,0.088,0.312,0.4
0.35,0.395,0.819,0.636,0.731,0.088,0.312,0.4
0.35,0.395,0.819,0.636,0.73,0.088,0.312,0.4
0.35,0.395,0.819,0.635,0.73,0.088,0.312,0.399
0.349,0.395,0.819,0.635,0.73,0.088,0.312,0.399
0.349,0.394,0.818,0.634,0.729,0.088,0.312,0.399
0.349,0.394,0.818,0.634,0.729,0.088,0.311,0.399
0.349,0.394,0.818,0.634,0.729,0.088,0.311,0.399
0.349,0.394,0.817,0.633,0.728,0.088,0.311,0.399
0.349,0.394,0.817,0.633,0.728,0.088,0.311,0.398
0.348,0.394,0.817,0.633,0.728,0.088,0.311,0.398
0.348,0.393,0.816,0.632,0.727,0.088,0.311,0.398
0.348,0.393,0.816,0.632,0.727,0.088,0.311,0.398
0.348,0.393,0.816,0.631,0.727,0.088,0.311,0.398
0.348,0.393,0.815,0.631,0.726,0.088,0.311,0.398
0.347,0.393,0.815,0.631,0.726,0.088,0.311,0.397
0.347,0.392,0.815,0.63,0.726,0.088,0.311,0.397
0.347,0.392,0.814,0.63,0.725,0.088,0.31,0.397
0.347,0.392,0.814,0.63,0.725,0.088,0.31,0.397
0.347,0.392,0.814,0.629,0.725,0.088,0.31,0.397
0.347,0.392,0.813,0.629,0.725,0.088,0.31,0.396
0.346,0.391,0.813,0.629,0.724,0.088,0.31,0.396
0.346,0.391,0.813,0.629,0.724,0.088,0.31,0.396
0.346,0.391,0.812,0.628,0.724,0.088,0.31,0.396
0.346,0.391,0.812,0.628,0.723,0.088,0.31,0.396
0.346,0.391,0.812,0.628,0.723,0.088,0.31,0.395
0.346,0.391,0.811,0.627,0.723,0.088,0.31,0.395
0.345,0.39,0.811,0.627,0.722,0.088,0.31,0.395
0.345,0.39,0.811,0.627,0.722,0.088,0.31,0.395
0.345,0.39,0.81,0.626,0.722,0.088,0.31,0.395
0.345,0.39,0.81,0.626,0.721,0.088,0.31,0.395
0.344,0.39,0.81,0.626,0.721,0.088,0.309,0.394
0.344,0.39,0.809,0.625,0.721,0.088,0.309,0.394
0.344,0.39,0.809,0.625,0.72,0.088,0.309,0.394
0.344,0.389,0.809,0.625,0.72,0.088,0.309,0.394
0.344,0.389,0.808,0.624,0.72,0.087,0.309,0.393
0.344,0.389,0.808,0.624,0.72,0.088,0.309,0.393
0.344,0.389,0.808,0.624,0.719,0.087,0.309,0.393
0.344,0.389,0.807,0.624,0.719,0.088,0.309,0.393
0.343,0.388,0.807,0.623,0.719,0.087,0.309,0.393
0.343,0.388,0.807,0.623,0.719,0.087,0.309,0.393
0.343,0.388,0.806,0.623,0.718,0.087,0.309,0.393
0.343,0.388,0.806,0.622,0.718,0.087,0.309,0.392
0.342,0.388,0.806,0.622,0.718,0.087,0.309,0.392
0.342,0.388,0.806,0.622,0.717,0.087,0.309,0.392
0.342,0.388,0.805,0.622,0.717,0.087,0.308,0.392
0.342,0.387,0.805,0.622,0.717,0.087,0.308,0.392
0.342,0.387,0.805,0.621,0.716,0.087,0.308,0.391
0.342,0.387,0.804,0.621,0.716,0.087,0.308,0.391
0.341,0.387,0.804,0.621,0.716,0.087,0.308,0.391
0.341,0.387,0.804,0.621,0.716,0.087,0.308,0.391
0.341,0.387,0.804,0.62,0.715,0.087,0.308,0.391
0.341,0.386,0.803,0.62,0.715,0.087,0.308,0.391
0.341,0.387,0.803,0.62,0.715,0.087,0.308,0.391
0.341,0.386,0.802,0.62,0.714,0.087,0.308,0.39
0.34,0.386,0.802,0.619,0.714,0.087,0.308,0.39
0.34,0.386,0.802,0.619,0.714,0.087,0.307,0.39
0.34,0.386,0.802,0.619,0.714,0.087,0.307,0.39
0.34,0.385,0.801,0.619,0.713,0.087,0.307,0.39
0.34,0.385,0.801,0.618,0.713,0.087,0.307,0.389
0.34,0.385,0.801,0.618,0.713,0.087,0.307,0.389
0.34,0.385,0.8,0.618,0.713,0.087,0.307,0.389
0.339,0.385,0.8,0.618,0.712,0.087,0.307,0.389
0.339,0.385,0.8,0.617,0.712,0.087,0.307,0.389
0.339,0.385,0.799,0.617,0.712,0.087,0.307,0.388
0.339,0.385,0.799,0.617,0.711,0.087,0.307,0.388
0.339,0.384,0.799,0.617,0.711,0.087,0.307,0.388
0.338,0.384,0.799,0.616,0.711,0.087,0.307,0.388
0.338,0.384,0.798,0.616,0.711,0.087,0.307,0.388
0.338,0.384,0.798,0.616,0.71,0.087,0.307,0.388
0.338,0.384,0.798,0.616,0.71,0.087,0.307,0.387
0.338,0.384,0.797,0.615,0.71,0.087,0.307,0.387
0.338,0.384,0.797,0.615,0.709,0.087,0.306,0.387
0.337,0.384,0.797,0.615,0.709,0.087,0.306,0.387
0.337,0.384,0.796,0.614,0.709,0.087,0.306,0.387
0.337,0.384,0.796,0.614,0.709,0.087,0.306,0.387
0.337,0.384,0.796,0.614,0.708,0.087,0.306,0.387
0.337,0.383,0.796,0.614,0.708,0.087,0.306,0.386
0.337,0.383,0.795,0.614,0.708,0.087,0.306,0.386
0.336,0.383,0.795,0.613,0.707,0.087,0.306,0.386
0.336,0.383,0.795,0.613,0.707,0.087,0.306,0.386
0.336,0.383,0.794,0.613,0.707,0.087,0.306,0.386
0.336,0.383,0.794,0.612,0.707,0.087,0.306,0.386
0.336,0.383,0.794,0.612,0.706,0.087,0.305,0.386
0.336,0.383,0.793,0.612,0.706,0.086,0.305,0.386
0.336,0.383,0.793,0.612,0.706,0.086,0.305,0.385
0.335,0.383,0.793,0.611,0.705,0.086,0.305,0.385
0.335,0.383,0.792,0.611,0.705,0.087,0.305,0.385
0.335,0.382,0.792,0.61,0.705,0.087,0.305,0.385
0.335,0.382,0.792,0.61,0.705,0.086,0.305,0.385
0.335,0.382,0.791,0.61,0.704,0.086,0.305,0.384
0.335,0.382,0.791,0.61,0.704,0.086,0.305,0.384
0.334,0.382,0.791,0.609,0.704,0.086,0.305,0.384
0.334,0.382,0.791,0.609,0.703,0.086,0.305,0.384
0.334,0.381,0.79,0.609,0.703,0.087,0.305,0.384
0.334,0.381,0.79,0.609,0.703,0.086,0.305,0.384
0.334,0.381,0.79,0.608,0.703,0.086,0.304,0.383
0.334,0.381,0.789,0.608,0.702,0.086,0.304,0.383
0.333,0.381,0.789,0.608,0.702,0.086,0.304,0.383
0.333,0.381,0.789,0.608,0.702,0.086,0.304,0.383
0.333,0.381,0.789,0.608,0.701,0.086,0.304,0.383
0.333,0.381,0.788,0.607,0.701,0.086,0.304,0.383
0.333,0.381,0.788,0.607,0.701,0.086,0.304,0.382
0.333,0.38,0.788,0.607,0.701,0.086,0.304,0.382
0.332,0.38,0.787,0.606,0.7,0.086,0.304,0.382
0.332,0.38,0.787,0.606,0.7,0.086,0.304,0.382
0.332,0.38,0.787,0.606,0.7,0.086,0.304,0.382
0.332,0.38,0.787,0.606,0.7,0.086,0.304,0.382
0.332,0.38,0.786,0.605,0.699,0.086,0.304,0.381
0.332,0.38,0.786,0.605,0.699,0.086,0.304,0.381
0.331,0.379,0.786,0.605,0.699,0.086,0.304,0.381
0.331,0.379,0.785,0.604,0.698,0.086,0.303,0.381
0.331,0.379,0.785,0.604,0.698,0.086,0.303,0.381
0.331,0.379,0.785,0.604,0.698,0.086,0.303,0.381
0.331,0.379,0.785,0.604,0.698,0.086,0.303,0.38
0.331,0.379,0.784,0.603,0.697,0.086,0.303,0.38
0.33,0.379,0.784,0.603,0.697,0.086,0.303,0.38
0.33,0.379,0.784,0.603,0.697,0.086,0.303,0.38
0.33,0.378,0.783,0.602,0.696,0.086,0.303,0.38
0.33,0.378,0.783,0.602,0.696,0.086,0.303,0.38
0.33,0.378,0.783,0.602,0.696,0.086,0.303,0.38
0.33,0.378,0.783,0.601,0.695,0.086,0.303,0.379
0.33,0.378,0.783,0.601,0.695,0.086,0.303,0.379
0.33,0.378,0.782,0.601,0.695,0.086,0.303,0.379
0.329,0.378,0.782,0.601,0.695,0.086,0.303,0.379
0.329,0.377,0.782,0.6,0.694,0.086,0.303,0.379
0.329,0.377,0.781,0.6,0.694,0.086,0.302,0.379
0.329,0.377,0.781,0.6,0.694,0.086,0.302,0.379
0.329,0.377,0.781,0.599,0.693,0.086,0.302,0.378
0.329,0.377,0.781,0.599,0.693,0.086,0.302,0.378
0.328,0.377,0.78,0.599,0.693,0.086,0.302,0.378
0.328,0.377,0.78,0.599,0.693,0.086,0.302,0.378
0.328,0.377,0.78,0.598,0.692,0.086,0.302,0.378
0.328,0.377,0.779,0.598,0.692,0.086,0.302,0.378
0.328,0.377,0.779,0.598,0.692,0.086,0.302,0.378
0.328,0.376,0.779,0.598,0.692,0.086,0.302,0.377
0.328,0.376,0.779,0.597,0.691,0.086,0.302,0.377
0.327,0.376,0.778,0.597,0.691,0.086,0.302,0.377
0.327,0.376,0.778,0.597,0.691,0.086,0.302,0.377
0.327,0.376,0.778,0.597,0.691,0.086,0.301,0.377
0.327,0.376,0.777,0.596,0.691,0.085,0.301,0.377
0.327,0.375,0.777,0.596,0.69,0.085,0.301,0.377
0.327,0.375,0.777,0.596,0.69,0.085,0.301,0.376
0.326,0.375,0.777,0.596,0.69,0.085,0.301,0.376
0.326,0.375,0.776,0.596,0.689,0.086,0.301,0.376
0.326,0.375,0.776,0.596,0.689,0.086,0.301,0.376
0.326,0.375,0.776,0.595,0.689,0.085,0.301,0.375
0.326,0.375,0.775,0.595,0.689,0.085,0.301,0.376
0.326,0.375,0.775,0.595,0.689,0.085,0.301,0.375
0.326,0.374,0.775,0.595,0.688,0.085,0.301,0.375
0.325,0.374,0.775,0.594,0.688,0.085,0.301,0.375
0.325,0.374,0.774,0.594,0.688,0.085,0.301,0.375
0.325,0.374,0.774,0.594,0.688,0.085,0.3,0.374
0.325,0.374,0.774,0.594,0.687,0.085,0.3,0.374
0.325,0.374,0.774,0.594,0.687,0.085,0.3,0.374
0.325,0.374,0.773,0.593,0.687,0.085,0.3,0.374
0.325,0.374,0.773,0.593,0.687,0.085,0.3,0.374
0.324,0.374,0.773,0.593,0.686,0.085,0.3,0.373
0.324,0.374,0.772,0.593,0.686,0.085,0.3,0.373
0.324,0.374,0.772,0.592,0.686,0.085,0.3,0.373
0.324,0.374,0.772,0.592,0.686,0.085,0.3,0.373
0.324,0.373,0.771,0.592,0.685,0.085,0.3,0.373
0.324,0.373,0.771,0.592,0.685,0.085,0.3,0.373
0.324,0.373,0.771,0.591,0.685,0.085,0.3,0.373
0.323,0.373,0.771,0.591,0.684,0.085,0.299,0.373
0.323,0.373,0.77,0.591,0.684,0.085,0.3,0.372
0.323,0.373,0.77,0.591,0.684,0.085,0.3,0.372
0.323,0.373,0.77,0.591,0.684,0.085,0.299,0.372
0.323,0.373,0.77,0.59,0.683,0.085,0.299,0.372
0.323,0.373,0.769,0.59,0.683,0.085,0.299,0.372
0.323,0.372,0.769,0.59,0.683,0.085,0.299,0.372
0.322,0.372,0.769,0.59,0.683,0.085,0.299,0.371
0.322,0.372,0.769,0.589,0.682,0.085,0.299,0.371
0.322,0.372,0.768,0.589,0.682,0.085,0.299,0.371
0.322,0.372,0.768,0.589,0.682,0.085,0.299,0.371
0.322,0.372,0.768,0.589,0.681,0.085,0.299,0.371
0.322,0.371,0.767,0.588,0.681,0.085,0.299,0.371
0.322,0.371,0.767,0.588,0.681,0.085,0.299,0.371
0.322,0.371,0.767,0.588,0.681,0.085,0.299,0.371
0.321,0.371,0.766,0.588,0.68,0.085,0.299,0.37
0.321,0.371,0.766,0.588,0.68,0.085,0.299,0.37
0.321,0.371,0.766,0.587,0.68,0.085,0.298,0.37
0.321,0.371,0.766,0.587,0.68,0.085,0.298,0.37
0.321,0.371,0.765,0.587,0.679,0.085,0.298,0.37
0.321,0.371,0.765,0.587,0.679,0.085,0.298,0.37
0.321,0.37,0.765,0.587,0.679,0.085,0.298,0.37
0.32,0.37,0.765,0.586,0.679,0.085,0.298,0.369
0.32,0.37,0.764,0.586,0.678,0.085,0.298,0.369
0.32,0.37,0.764,0.586,0.678,0.085,0.298,0.369
0.32,0.37,0.764,0.586,0.678,0.085,0.298,0.369
0.32,0.37,0.763,0.585,0.678,0.084,0.298,0.369
0.32,0.369,0.763,0.585,0.677,0.085,0.298,0.369
0.319,0.369,0.763,0.585,0.677,0.084,0.298,0.369
0.319,0.369,0.763,0.585,0.677,0.085,0.298,0.368
0.319,0.369,0.762,0.585,0.676,0.084,0.297,0.368
0.319,0.369,0.762,0.584,0.676,0.085,0.297,0.368
0.319,0.369,0.762,0.584,0.676,0.084,0.298,0.368
0.319,0.369,0.762,0.584,0.676,0.084,0.297,0.368
0.319,0.369,0.761,0.583,0.676,0.085,0.297,0.368
0.319,0.369,0.761,0.583,0.675,0.084,0.297,0.368
0.318,0.369,0.761,0.583,0.675,0.084,0.297,0.367
0.318,0.369,0.761,0.583,0.675,0.084,0.297,0.367
0.318,0.369,0.76,0.582,0.675,0.084,0.297,0.367
0.318,0.369,0.76,0.582,0.674,0.084,0.297,0.367
0.318,0.369,0.76,0.582,0.674,0.084,0.297,0.367
0.318,0.369,0.759,0.582,0.674,0.084,0.297,0.367
0.318,0.369,0.759,0.582,0.674,0.084,0.297,0.367
0.318,0.369,0.759,0.581,0.673,0.084,0.297,0.366
0.317,0.369,0.759,0.581,0.673,0.084,0.297,0.366
0.317,0.368,0.758,0.581,0.673,0.084,0.297,0.366
0.317,0.368,0.758,0.58,0.673,0.084,0.296,0.366
0.317,0.368,0.758,0.58,0.672,0.084,0.296,0.366
0.317,0.368,0.758,0.58,0.672,0.084,0.296,0.366
0.317,0.368,0.757,0.58,0.672,0.084,0.296,0.366
0.317,0.368,0.757,0.58,0.672,0.084,0.296,0.366
0.317,0.368,0.757,0.58,0.671,0.084,0.296,0.365
0.316,0.368,0.757,0.579,0.671,0.084,0.296,0.365
0.316,0.368,0.756,0.579,0.671,0.084,0.296,0.365
0.316,0.367,0.756,0.579,0.671,0.084,0.296,0.365
0.316,0.368,0.756,0.579,0.671,0.084,0.296,0.365
0.316,0.367,0.756,0.579,0.67,0.084,0.296,0.365
0.316,0.367,0.755,0.579,0.67,0.084,0.296,0.364
0.316,0.367,0.755,0.578,0.67,0.084,0.296,0.364
0.315,0.367,0.755,0.578,0.67,0.084,0.296,0.364
0.315,0.367,0.755,0.578,0.67,0.084,0.296,0.364
0.315,0.367,0.754,0.578,0.669,0.084,0.295,0.364
0.315,0.367,0.754,0.578,0.669,0.084,0.295,0.364
0.315,0.367,0.754,0.578,0.669,0.084,0.295,0.364
0.315,0.367,0.753,0.578,0.669,0.084,0.295,0.364
0.315,0.367,0.753,0.577,0.668,0.084,0.295,0.363
0.314,0.367,0.753,0.577,0.668,0.084,0.295,0.364
0.314,0.367,0.753,0.577,0.668,0.084,0.295,0.363
0.314,0.367,0.752,0.577,0.668,0.084,0.295,0.363
0.314,0.367,0.752,0.577,0.667,0.084,0.295,0.363
0.314,0.366,0.752,0.577,0.667,0.084,0.295,0.363
0.314,0.366,0.752,0.576,0.667,0.084,0.295,0.363
0.314,0.366,0.751,0.576,0.667,0.084,0.295,0.363
0.314,0.366,0.751,0.576,0.667,0.084,0.295,0.363
0.314,0.366,0.751,0.576,0.666,0.084,0.295,0.362
0.313,0.366,0.751,0.576,0.666,0.084,0.295,0.362
0.313,0.366,0.75,0.576,0.666,0.084,0.295,0.362
0.313,0.366,0.75,0.575,0.666,0.084,0.294,0.362
0.313,0.366,0.75,0.575,0.666,0.084,0.294,0.362
0.313,0.366,0.75,0.575,0.665,0.084,0.294,0.362
0.313,0.365,0.749,0.575,0.665,0.084,0.294,0.362
0.312,0.365,0.749,0.574,0.665,0.084,0.294,0.362
0.313,0.365,0.749,0.574,0.665,0.084,0.294,0.362
0.312,0.365,0.749,0.574,0.665,0.084,0.294,0.361
0.312,0.365,0.748,0.574,0.664,0.084,0.294,0.361
0.312,0.365,0.748,0.574,0.664,0.084,0.294,0.361
0.312,0.365,0.748,0.574,0.664,0.084,0.294,0.361
0.312,0.364,0.748,0.573,0.663,0.084,0.294,0.361
0.312,0.364,0.747,0.573,0.663,0.084,0.294,0.361
0.312,0.364,0.747,0.573,0.663,0.083,0.294,0.361
0.312,0.364,0.747,0.573,0.663,0.084,0.294,0.36
0.311,0.364,0.747,0.573,0.663,0.084,0.293,0.36
0.311,0.364,0.746,0.572,0.663,0.084,0.294,0.36
0.311,0.364,0.746,0.572,0.662,0.083,0.293,0.36
0.311,0.364,0.746,0.572,0.662,0.084,0.293,0.36
0.311,0.364,0.746,0.572,0.662,0.083,0.293,0.36
0.311,0.363,0.745,0.572,0.662,0.083,0.293,0.36
0.311,0.363,0.745,0.571,0.661,0.083,0.293,0.359
0.31,0.363,0.745,0.571,0.661,0.083,0.293,0.359
0.31,0.363,0.745,0.571,0.661,0.084,0.293,0.359
0.31,0.363,0.744,0.571,0.661,0.083,0.293,0.359
0.31,0.363,0.744,0.57,0.66,0.083,0.293,0.359
0.31,0.363,0.744,0.57,0.66,0.083,0.293,0.359
0.31,0.363,0.744,0.57,0.66,0.083,0.293,0.359
0.31,0.363,0.744,0.57,0.66,0.083,0.293,0.358
0.31,0.363,0.743,0.569,0.66,0.083,0.292,0.358
0.309,0.362,0.743,0.569,0.659,0.083,0.293,0.359
0.31,0.362,0.743,0.569,0.659,0.083,0.293,0.358
0.309,0.362,0.742,0.569,0.659,0.083,0.293,0.358
0.309,0.362,0.742,0.569,0.659,0.083,0.292,0.358
0.309,0.362,0.742,0.568,0.658,0.083,0.292,0.358
0.309,0.362,0.742,0.568,0.658,0.083,0.292,0.358
0.309,0.362,0.741,0.568,0.658,0.083,0.292,0.358
0.309,0.362,0.741,0.568,0.658,0.083,0.292,0.358
0.309,0.362,0.741,0.568,0.658,0.083,0.292,0.357
0.308,0.362,0.741,0.568,0.658,0.083,0.292,0.357
0.308,0.362,0.741,0.567,0.657,0.083,0.292,0.357
0.308,0.362,0.74,0.567,0.657,0.083,0.292,0.357
0.308,0.361,0.74,0.567,0.657,0.083,0.292,0.357
0.308,0.361,0.74,0.567,0.656,0.083,0.292,0.357
0.308,0.361,0.74,0.567,0.656,0.083,0.292,0.357
0.308,0.361,0.739,0.566,0.656,0.083,0.292,0.357
0.307,0.361,0.739,0.566,0.656,0.083,0.292,0.356
0.308,0.361,0.739,0.566,0.656,0.083,0.291,0.356
0.307,0.36,0.739,0.566,0.656,0.083,0.291,0.356
0.307,0.36,0.738,0.565,0.656,0.083,0.291,0.356
0.307,0.36,0.738,0.565,0.655,0.083,0.291,0.356
0.307,0.36,0.738,0.565,0.655,0.083,0.291,0.356
0.307,0.36,0.738,0.565,0.655,0.083,0.291,0.356
0.307,0.36,0.737,0.565,0.655,0.083,0.291,0.356
0.306,0.36,0.737,0.564,0.655,0.083,0.291,0.355
0.306,0.36,0.737,0.564,0.654,0.083,0.291,0.356
0.306,0.36,0.737,0.564,0.654,0.083,0.291,0.355
0.306,0.36,0.737,0.564,0.654,0.083,0.291,0.355
0.306,0.359,0.736,0.564,0.654,0.083,0.291,0.355
0.306,0.359,0.736,0.564,0.654,0.083,0.291,0.355
0.306,0.359,0.736,0.564,0.653,0.083,0.291,0.355
0.306,0.359,0.736,0.563,0.653,0.083,0.291,0.355
0.306,0.359,0.735,0.563,0.653,0.083,0.291,0.354
0.306,0.359,0.735,0.563,0.653,0.083,0.291,0.354
0.305,0.359,0.735,0.563,0.653,0.083,0.291,0.354
0.306,0.358,0.735,0.563,0.652,0.083,0.29,0.354
0.305,0.358,0.734,0.562,0.652,0.083,0.29,0.354
0.305,0.358,0.734,0.562,0.652,0.083,0.29,0.354
0.305,0.358,0.734,0.562,0.652,0.083,0.29,0.354
0.305,0.358,0.734,0.562,0.651,0.083,0.29,0.354
0.305,0.358,0.733,0.562,0.651,0.083,0.29,0.354
0.305,0.358,0.733,0.561,0.651,0.083,0.29,0.353
0.305,0.358,0.733,0.561,0.651,0.083,0.29,0.353
0.304,0.358,0.733,0.561,0.651,0.083,0.29,0.353
0.304,0.358,0.733,0.561,0.651,0.083,0.29,0.353
0.304,0.358,0.732,0.561,0.65,0.083,0.29,0.353
0.304,0.358,0.732,0.561,0.65,0.083,0.29,0.353
0.304,0.358,0.732,0.56,0.65,0.083,0.29,0.353
0.304,0.357,0.732,0.56,0.65,0.083,0.29,0.353
0.304,0.357,0.731,0.56,0.649,0.083,0.29,0.352
0.303,0.357,0.731,0.56,0.649,0.083,0.289,0.352
0.303,0.357,0.731,0.56,0.649,0.083,0.289,0.352
0.304,0.357,0.731,0.559,0.649,0.083,0.289,0.352
0.303,0.357,0.73,0.559,0.649,0.083,0.289,0.352
0.303,0.357,0.73,0.559,0.648,0.083,0.289,0.352
0.303,0.357,0.73,0.559,0.648,0.083,0.289,0.352
0.303,0.357,0.73,0.559,0.648,0.083,0.289,0.352
0.303,0.357,0.73,0.558,0.647,0.083,0.289,0.352
0.303,0.356,0.729,0.558,0.647,0.083,0.289,0.352
0.303,0.356,0.729,0.558,0.647,0.083,0.289,0.352
0.303,0.356,0.729,0.558,0.647,0.082,0.289,0.351
0.302,0.356,0.729,0.557,0.647,0.083,0.289,0.351
0.302,0.356,0.729,0.557,0.647,0.082,0.289,0.351
0.302,0.356,0.728,0.557,0.647,0.083,0.289,0.351
0.302,0.356,0.728,0.557,0.646,0.082,0.289,0.351
0.302,0.356,0.728,0.557,0.646,0.082,0.289,0.351
0.302,0.356,0.728,0.556,0.646,0.083,0.288,0.351
0.302,0.356,0.727,0.556,0.646,0.082,0.288,0.351
0.302,0.355,0.727,0.556,0.646,0.083,0.288,0.351
0.301,0.355,0.727,0.556,0.645,0.082,0.288,0.35
0.301,0.355,0.727,0.556,0.645,0.082,0.288,0.35
0.301,0.355,0.726,0.556,0.645,0.082,0.288,0.35
0.301,0.355,0.726,0.555,0.645,0.083,0.288,0.35
0.301,0.355,0.726,0.555,0.645,0.082,0.288,0.35
0.301,0.355,0.726,0.555,0.644,0.082,0.288,0.35
0.301,0.355,0.725,0.555,0.644,0.082,0.288,0.35
0.301,0.355,0.725,0.555,0.644,0.082,0.288,0.35
0.301,0.355,0.725,0.554,0.644,0.082,0.288,0.349
0.3,0.355,0.725,0.554,0.644,0.082,0.288,0.349
0.3,0.355,0.725,0.554,0.643,0.082,0.288,0.349
0.3,0.355,0.724,0.554,0.643,0.082,0.288,0.349
0.3,0.355,0.724,0.554,0.643,0.082,0.288,0.349
0.3,0.355,0.724,0.554,0.643,0.082,0.288,0.349
0.3,0.355,0.724,0.553,0.643,0.082,0.287,0.349
0.3,0.355,0.724,0.553,0.642,0.082,0.287,0.349
0.3,0.355,0.723,0.553,0.642,0.082,0.287,0.349
0.3,0.355,0.723,0.553,0.642,0.082,0.287,0.349
0.299,0.355,0.723,0.553,0.642,0.082,0.287,0.348
0.299,0.355,0.723,0.553,0.642,0.082,0.287,0.348
0.299,0.354,0.722,0.553,0.641,0.082,0.287,0.348
0.299,0.354,0.722,0.552,0.641,0.082,0.287,0.348
0.299,0.354,0.722,0.552,0.641,0.082,0.287,0.348
0.299,0.354,0.722,0.552,0.641,0.082,0.287,0.348
0.299,0.354,0.721,0.552,0.641,0.082,0.287,0.348
0.299,0.354,0.721,0.552,0.641,0.082,0.287,0.348
0.299,0.353,0.721,0.552,0.64,0.082,0.287,0.348
0.299,0.353,0.721,0.551,0.64,0.082,0.287,0.348
0.298,0.353,0.72,0.551,0.64,0.082,0.287,0.347
0.298,0.353,0.72,0.551,0.64,0.082,0.286,0.347
0.298,0.353,0.72,0.551,0.64,0.082,0.287,0.347
0.298,0.353,0.72,0.551,0.639,0.082,0.287,0.347
0.298,0.353,0.72,0.551,0.639,0.082,0.286,0.347
0.298,0.353,0.719,0.55,0.639,0.082,0.286,0.347
0.298,0.353,0.719,0.55,0.639,0.082,0.286,0.347
0.298,0.352,0.719,0.55,0.639,0.082,0.286,0.347
0.298,0.352,0.719,0.55,0.639,0.082,0.286,0.347
0.297,0.352,0.719,0.55,0.639,0.082,0.286,0.347
0.297,0.352,0.718,0.55,0.638,0.082,0.286,0.346
0.297,0.352,0.718,0.55,0.638,0.082,0.286,0.346
0.297,0.352,0.718,0.549,0.638,0.082,0.286,0.346
0.297,0.352,0.718,0.549,0.638,0.082,0.286,0.346
0.297,0.352,0.717,0.549,0.638,0.082,0.286,0.346
0.297,0.352,0.717,0.549,0.637,0.082,0.286,0.346
0.297,0.352,0.717,0.549,0.637,0.082,0.286,0.346
0.297,0.351,0.717,0.549,0.637,0.082,0.286,0.346
0.296,0.351,0.716,0.549,0.637,0.082,0.286,0.345
0.296,0.351,0.716,0.548,0.637,0.082,0.286,0.345
0.296,0.351,0.716,0.548,0.636,0.082,0.285,0.345
0.296,0.351,0.716,0.548,0.636,0.082,0.286,0.345
0.296,0.351,0.716,0.548,0.636,0.082,0.285,0.345
0.296,0.351,0.716,0.548,0.636,0.082,0.285,0.345
0.296,0.351,0.715,0.548,0.636,0.082,0.285,0.345
0.296,0.351,0.715,0.547,0.635,0.082,0.285,0.345
0.296,0.351,0.715,0.547,0.635,0.082,0.285,0.344
0.296,0.351,0.715,0.547,0.635,0.082,0.285,0.344
0.296,0.351,0.714,0.547,0.635,0.082,0.285,0.345
0.295,0.351,0.714,0.547,0.635,0.082,0.285,0.344
0.295,0.351,0.714,0.546,0.634,0.082,0.285,0.344
0.295,0.351,0.714,0.546,0.634,0.082,0.285,0.344
0.295,0.35,0.713,0.546,0.634,0.082,0.285,0.344
0.295,0.35,0.713,0.546,0.634,0.082,0.285,0.344
0.295,0.35,0.713,0.546,0.634,0.082,0.285,0.344
0.295,0.35,0.713,0.545,0.633,0.082,0.285,0.344
0.295,0.35,0.713,0.545,0.633,0.082,0.285,0.344
0.295,0.35,0.712,0.545,0.633,0.082,0.284,0.344
0.295,0.35,0.712,0.545,0.633,0.082,0.284,0.344
0.294,0.349,0.712,0.545,0.633,0.082,0.284,0.343
0.294,0.349,0.712,0.545,0.633,0.082,0.284,0.343
0.294,0.349,0.712,0.545,0.632,0.082,0.284,0.343
0.294,0.349,0.711,0.544,0.632,0.082,0.284,0.343
0.294,0.349,0.711,0.544,0.632,0.082,0.284,0.343
0.294,0.349,0.711,0.544,0.632,0.082,0.284,0.343
0.294,0.349,0.711,0.544,0.632,0.082,0.284,0.343
0.294,0.349,0.711,0.544,0.632,0.081,0.284,0.343
0.294,0.349,0.71,0.544,0.631,0.082,0.284,0.343
0.293,0.349,0.71,0.544,0.631,0.082,0.284,0.343
0.293,0.348,0.71,0.544,0.631,0.082,0.284,0.343
0.293,0.349,0.71,0.543,0.631,0.081,0.284,0.342
0.293,0.348,0.71,0.543,0.631,0.082,0.284,0.342
0.293,0.348,0.709,0.543,0.63,0.082,0.284,0.342
0.293,0.348,0.709,0.543,0.63,0.082,0.284,0.342
0.293,0.348,0.709,0.543,0.63,0.081,0.284,0.342
0.293,0.348,0.709,0.543,0.63,0.081,0.283,0.342
0.293,0.348,0.709,0.542,0.63,0.082,0.283,0.342
0.292,0.348,0.708,0.542,0.63,0.082,0.283,0.342
0.292,0.348,0.708,0.542,0.629,0.081,0.283,0.342
0.292,0.348,0.708,0.542,0.629,0.081,0.283,0.342
0.292,0.348,0.708,0.542,0.629,0.082,0.283,0.341
0.292,0.348,0.708,0.542,0.629,0.081,0.283,0.341
0.292,0.347,0.707,0.541,0.629,0.081,0.283,0.341
0.292,0.347,0.707,0.541,0.629,0.081,0.283,0.341
0.292,0.347,0.707,0.541,0.628,0.081,0.283,0.341
0.292,0.347,0.707,0.541,0.628,0.081,0.283,0.341
0.292,0.347,0.707,0.541,0.628,0.081,0.283,0.341
0.292,0.347,0.706,0.541,0.628,0.081,0.283,0.341
0.292,0.347,0.706,0.541,0.627,0.082,0.283,0.341
0.291,0.347,0.706,0.541,0.628,0.081,0.283,0.34
0.291,0.347,0.706,0.54,0.627,0.081,0.283,0.34
0.291,0.347,0.706,0.54,0.627,0.081,0.283,0.34
0.291,0.347,0.705,0.54,0.627,0.081,0.283,0.34
0.291,0.347,0.705,0.54,0.627,0.081,0.282,0.34
0.291,0.347,0.705,0.54,0.627,0.081,0.282,0.34
0.291,0.347,0.705,0.54,0.626,0.081,0.282,0.34
0.291,0.347,0.705,0.54,0.626,0.081,0.282,0.34
0.291,0.347,0.704,0.54,0.626,0.081,0.282,0.34
0.291,0.346,0.704,0.539,0.626,0.081,0.282,0.339
0.291,0.347,0.704,0.539,0.626,0.081,0.282,0.34
0.29,0.346,0.704,0.539,0.626,0.081,0.282,0.339
0.29,0.346,0.703,0.539,0.625,0.081,0.282,0.339
0.29,0.346,0.703,0.539,0.625,0.081,0.282,0.339
0.29,0.346,0.703,0.539,0.625,0.081,0.282,0.339
0.29,0.346,0.703,0.539,0.625,0.081,0.282,0.339
0.29,0.346,0.703,0.538,0.625,0.081,0.282,0.339
0.29,0.346,0.703,0.538,0.624,0.081,0.282,0.339
0.29,0.346,0.702,0.538,0.624,0.081,0.282,0.339
0.29,0.346,0.702,0.538,0.624,0.081,0.282,0.339
0.289,0.346,0.702,0.538,0.624,0.081,0.282,0.339
0.289,0.346,0.702,0.538,0.624,0.081,0.282,0.339
0.289,0.346,0.701,0.537,0.624,0.081,0.281,0.338
0.289,0.346,0.701,0.537,0.624,0.081,0.281,0.338
0.289,0.345,0.701,0.537,0.623,0.081,0.281,0.338
0.289,0.346,0.701,0.537,0.623,0.081,0.281,0.338
0.289,0.345,0.701,0.537,0.623,0.081,0.281,0.338
0.289,0.345,0.7,0.537,0.623,0.081,0.281,0.338
0.289,0.345,0.7,0.536,0.623,0.081,0.281,0.338
0.289,0.345,0.7,0.536,0.622,0.081,0.281,0.338
0.289,0.345,0.7,0.536,0.622,0.081,0.281,0.338
0.289,0.345,0.7,0.536,0.622,0.081,0.281,0.338
0.288,0.345,0.7,0.536,0.622,0.081,0.281,0.338
0.288,0.345,0.699,0.536,0.622,0.081,0.281,0.338
0.288,0.345,0.699,0.535,0.622,0.081,0.281,0.337
0.288,0.345,0.699,0.535,0.621,0.081,0.281,0.337
0.288,0.345,0.699,0.535,0.621,0.081,0.281,0.337
0.288,0.345,0.698,0.535,0.621,0.081,0.281,0.337
0.288,0.345,0.698,0.535,0.621,0.081,0.281,0.337
0.288,0.345,0.698,0.534,0.621,0.081,0.281,0.337
0.288,0.345,0.698,0.534,0.621,0.081,0.28,0.337
0.288,0.345,0.698,0.534,0.62,0.081,0.28,0.337
0.288,0.344,0.697,0.534,0.62,0.081,0.28,0.337
0.287,0.344,0.697,0.534,0.62,0.081,0.28,0.337
0.287,0.344,0.697,0.533,0.62,0.081,0.28,0.336
0.287,0.344,0.697,0.533,0.62,0.081,0.28,0.336
0.287,0.344,0.697,0.533,0.62,0.081,0.28,0.336
0.287,0.344,0.696,0.533,0.62,0.081,0.28,0.336
0.287,0.344,0.696,0.533,0.619,0.081,0.28,0.336
0.287,0.344,0.696,0.533,0.619,0.081,0.28,0.336
0.287,0.343,0.696,0.533,0.619,0.081,0.28,0.336
0.287,0.343,0.696,0.533,0.619,0.081,0.28,0.336
0.287,0.343,0.696,0.532,0.619,0.081,0.28,0.336
0.286,0.343,0.695,0.532,0.619,0.081,0.28,0.336
0.286,0.343,0.695,0.532,0.618,0.081,0.28,0.335
0.286,0.343,0.695,0.532,0.618,0.081,0.28,0.335
0.286,0.343,0.695,0.532,0.618,0.081,0.28,0.335
0.286,0.343,0.695,0.532,0.618,0.081,0.28,0.335
0.286,0.343,0.694,0.532,0.618,0.081,0.28,0.335
0.286,0.343,0.694,0.532,0.618,0.081,0.28,0.335
0.286,0.343,0.694,0.532,0.617,0.081,0.28,0.335
0.286,0.343,0.694,0.531,0.617,0.081,0.279,0.335
0.286,0.342,0.694,0.531,0.617,0.081,0.279,0.335
0.286,0.343,0.694,0.531,0.617,0.081,0.279,0.335
0.285,0.342,0.693,0.531,0.617,0.081,0.279,0.335
0.285,0.343,0.693,0.531,0.617,0.081,0.279,0.334
0.285,0.342,0.693,0.531,0.617,0.081,0.279,0.334
0.285,0.342,0.693,0.531,0.616,0.081,0.279,0.334
0.285,0.342,0.692,0.53,0.616,0.081,0.279,0.334
0.285,0.342,0.692,0.53,0.616,0.081,0.279,0.334
0.285,0.342,0.692,0.53,0.616,0.081,0.279,0.334
0.285,0.342,0.692,0.53,0.616,0.081,0.279,0.334
0.285,0.342,0.692,0.53,0.616,0.081,0.279,0.334
0.285,0.342,0.692,0.53,0.616,0.081,0.279,0.334
0.285,0.342,0.691,0.53,0.615,0.081,0.279,0.334
0.285,0.341,0.691,0.529,0.615,0.081,0.279,0.333
0.284,0.341,0.691,0.529,0.615,0.081,0.279,0.333
0.284,0.341,0.691,0.529,0.615,0.081,0.279,0.333
0.284,0.341,0.69,0.529,0.615,0.081,0.279,0.333
0.284,0.341,0.69,0.529,0.615,0.081,0.278,0.333
0.284,0.341,0.69,0.529,0.614,0.081,0.278,0.333
0.284,0.341,0.69,0.528,0.614,0.081,0.278,0.333
0.284,0.341,0.69,0.528,0.614,0.081,0.278,0.333
0.284,0.341,0.69,0.528,0.614,0.081,0.278,0.333
0.284,0.341,0.689,0.528,0.614,0.081,0.278,0.333
0.284,0.341,0.689,0.528,0.613,0.081,0.278,0.333
0.284,0.341,0.689,0.528,0.613,0.081,0.278,0.333
0.283,0.34,0.689,0.527,0.613,0.08,0.278,0.333
0.283,0.34,0.689,0.527,0.613,0.081,0.278,0.332
0.283,0.34,0.688,0.527,0.613,0.08,0.278,0.332
0.283,0.34,0.688,0.527,0.613,0.081,0.278,0.332
0.283,0.34,0.688,0.527,0.613,0.08,0.278,0.332
0.283,0.34,0.688,0.527,0.612,0.081,0.278,0.332
0.283,0.34,0.688,0.527,0.612,0.081,0.278,0.332
0.283,0.34,0.687,0.526,0.612,0.08,0.278,0.332
0.283,0.34,0.687,0.526,0.612,0.08,0.278,0.332
0.283,0.34,0.687,0.526,0.612,0.08,0.277,0.332
0.283,0.34,0.687,0.526,0.612,0.081,0.277,0.332
0.283,0.339,0.687,0.526,0.612,0.08,0.277,0.331
0.283,0.339,0.686,0.526,0.612,0.08,0.277,0.331
0.282,0.339,0.686,0.526,0.611,0.08,0.277,0.331
0.282,0.339,0.686,0.526,0.611,0.08,0.277,0.331
0.282,0.339,0.686,0.525,0.611,0.08,0.277,0.331
0.282,0.339,0.686,0.525,0.611,0.081,0.277,0.331
0.282,0.339,0.685,0.525,0.611,0.08,0.277,0.331
0.282,0.339,0.685,0.525,0.61,0.08,0.277,0.331
0.282,0.339,0.685,0.525,0.61,0.08,0.277,0.331
0.282,0.338,0.685,0.525,0.61,0.08,0.277,0.331
0.282,0.338,0.685,0.525,0.61,0.081,0.277,0.331
0.282,0.338,0.685,0.525,0.61,0.08,0.277,0.331
0.282,0.338,0.684,0.524,0.61,0.08,0.277,0.33
0.282,0.338,0.684,0.524,0.61,0.08,0.277,0.33
0.281,0.338,0.684,0.524,0.609,0.08,0.277,0.33
0.281,0.338,0.684,0.524,0.609,0.08,0.277,0.33
0.281,0.338,0.684,0.524,0.609,0.08,0.277,0.33
0.281,0.338,0.683,0.524,0.609,0.08,0.277,0.33
0.281,0.338,0.683,0.523,0.609,0.08,0.277,0.33
0.281,0.338,0.683,0.523,0.609,0.08,0.277,0.33
0.281,0.338,0.683,0.523,0.609,0.08,0.276,0.33
0.281,0.338,0.682,0.523,0.608,0.08,0.276,0.33
0.281,0.337,0.683,0.523,0.608,0.08,0.276,0.33
0.281,0.337,0.682,0.523,0.608,0.08,0.276,0.33
0.28,0.338,0.682,0.522,0.608,0.08,0.276,0.33
0.28,0.337,0.682,0.523,0.608,0.08,0.276,0.33
0.28,0.337,0.682,0.522,0.608,0.08,0.276,0.329
0.28,0.337,0.681,0.522,0.608,0.08,0.276,0.329
0.28,0.337,0.681,0.522,0.607,0.08,0.276,0.329
0.28,0.337,0.681,0.522,0.607,0.08,0.276,0.329
0.28,0.337,0.681,0.522,0.607,0.08,0.276,0.329
0.28,0.337,0.681,0.521,0.607,0.08,0.276,0.329
0.28,0.337,0.68,0.521,0.607,0.08,0.276,0.329
0.28,0.337,0.68,0.521,0.607,0.08,0.276,0.328
0.28,0.337,0.68,0.521,0.607,0.08,0.276,0.329
0.28,0.337,0.68,0.521,0.607,0.08,0.276,0.328
0.28,0.337,0.68,0.521,0.606,0.08,0.275,0.328
0.28,0.336,0.68,0.521,0.606,0.08,0.276,0.328
0.279,0.336,0.679,0.521,0.606,0.08,0.276,0.328
0.279,0.336,0.679,0.52,0.606,0.08,0.275,0.328
0.279,0.336,0.679,0.52,0.606,0.08,0.275,0.328
0.279,0.336,0.679,0.52,0.606,0.08,0.275,0.328
0.279,0.336,0.679,0.52,0.605,0.08,0.275,0.328
0.279,0.336,0.678,0.52,0.605,0.08,0.275,0.328
0.279,0.336,0.678,0.52,0.605,0.08,0.275,0.328
0.279,0.336,0.678,0.52,0.605,0.08,0.275,0.328
0.279,0.336,0.678,0.519,0.605,0.08,0.275,0.328
0.279,0.336,0.678,0.519,0.605,0.08,0.275,0.328
0.279,0.336,0.678,0.519,0.605,0.08,0.275,0.328
0.278,0.335,0.677,0.519,0.604,0.08,0.275,0.327
0.278,0.336,0.677,0.519,0.604,0.08,0.275,0.327
0.278,0.335,0.677,0.519,0.604,0.08,0.275,0.327
0.278,0.335,0.677,0.519,0.604,0.08,0.275,0.327
0.278,0.335,0.677,0.518,0.604,0.08,0.275,0.327
0.278,0.335,0.677,0.518,0.604,0.08,0.274,0.327
0.278,0.335,0.676,0.518,0.604,0.08,0.275,0.327
0.278,0.335,0.676,0.518,0.603,0.08,0.274,0.327
0.278,0.335,0.676,0.518,0.603,0.08,0.275,0.327
0.278,0.335,0.676,0.518,0.603,0.08,0.274,0.327
0.278,0.335,0.675,0.518,0.603,0.08,0.274,0.327
0.278,0.335,0.675,0.518,0.603,0.08,0.274,0.326
0.278,0.335,0.675,0.518,0.603,0.08,0.274,0.326
0.277,0.335,0.675,0.517,0.603,0.08,0.274,0.326
0.277,0.335,0.675,0.517,0.603,0.08,0.274,0.326
0.277,0.335,0.675,0.517,0.602,0.08,0.274,0.326
0.277,0.335,0.675,0.517,0.602,0.08,0.274,0.326
0.277,0.335,0.674,0.517,0.602,0.08,0.274,0.326
0.277,0.335,0.674,0.517,0.602,0.08,0.274,0.326
0.277,0.335,0.674,0.517,0.602,0.08,0.274,0.326
0.277,0.335,0.674,0.517,0.602,0.08,0.274,0.326
0.277,0.335,0.674,0.517,0.602,0.08,0.274,0.326
0.277,0.335,0.673,0.516,0.601,0.08,0.274,0.326
0.277,0.335,0.673,0.516,0.601,0.08,0.274,0.326
0.277,0.335,0.673,0.516,0.601,0.08,0.274,0.326
0.277,0.335,0.673,0.516,0.601,0.08,0.274,0.326
0.277,0.335,0.673,0.516,0.601,0.08,0.274,0.326
0.276,0.334,0.672,0.516,0.601,0.08,0.273,0.325
0.276,0.334,0.672,0.516,0.601,0.08,0.273,0.325
0.276,0.334,0.672,0.515,0.601,0.08,0.273,0.325
0.276,0.334,0.672,0.516,0.6,0.08,0.273,0.325
0.276,0.334,0.672,0.515,0.6,0.08,0.273,0.325
0.276,0.334,0.672,0.515,0.6,0.08,0.273,0.325
0.276,0.334,0.671,0.515,0.6,0.08,0.273,0.325
0.276,0.334,0.671,0.515,0.6,0.08,0.273,0.325
0.276,0.334,0.671,0.515,0.6,0.08,0.273,0.325
0.276,0.334,0.671,0.515,0.6,0.08,0.273,0.325
0.276,0.334,0.671,0.515,0.6,0.08,0.273,0.325
0.276,0.334,0.671,0.515,0.599,0.08,0.273,0.324
0.275,0.334,0.67,0.515,0.599,0.08,0.273,0.324
0.275,0.334,0.67,0.515,0.599,0.08,0.273,0.324
0.275,0.334,0.67,0.514,0.599,0.08,0.273,0.324
0.275,0.334,0.67,0.514,0.599,0.08,0.273,0.324
0.275,0.333,0.67,0.514,0.599,0.08,0.273,0.324
0.275,0.333,0.669,0.514,0.599,0.08,0.273,0.324
0.275,0.333,0.669,0.514,0.599,0.08,0.273,0.324
0.275,0.333,0.669,0.514,0.599,0.08,0.273,0.324
0.275,0.333,0.669,0.514,0.598,0.08,0.272,0.324
0.275,0.333,0.669,0.514,0.598,0.08,0.272,0.324
0.275,0.333,0.669,0.514,0.598,0.08,0.272,0.324
0.275,0.333,0.668,0.514,0.598,0.08,0.272,0.324
0.275,0.333,0.668,0.513,0.598,0.08,0.272,0.323
0.274,0.333,0.668,0.513,0.598,0.08,0.272,0.323
0.274,0.333,0.668,0.513,0.598,0.08,0.272,0.323
0.274,0.333,0.668,0.513,0.597,0.08,0.272,0.323
0.274,0.333,0.667,0.513,0.597,0.08,0.272,0.323
0.274,0.333,0.667,0.513,0.597,0.08,0.272,0.323
0.274,0.333,0.667,0.512,0.597,0.08,0.272,0.323
0.274,0.333,0.667,0.512,0.597,0.08,0.272,0.323
0.274,0.332,0.667,0.512,0.597,0.08,0.272,0.323
0.274,0.332,0.667,0.512,0.597,0.08,0.272,0.323
0.274,0.332,0.666,0.512,0.597,0.08,0.272,0.322
0.274,0.332,0.666,0.512,0.596,0.08,0.272,0.322
0.274,0.332,0.666,0.511,0.596,0.08,0.272,0.322
0.274,0.332,0.666,0.511,0.596,0.08,0.272,0.322
0.274,0.332,0.666,0.511,0.596,0.08,0.272,0.322
0.274,0.332,0.666,0.511,0.596,0.08,0.272,0.322
0.273,0.332,0.665,0.511,0.596,0.08,0.272,0.322
0.273,0.332,0.665,0.511,0.595,0.08,0.271,0.322
0.273,0.331,0.665,0.511,0.595,0.079,0.271,0.322
0.273,0.331,0.665,0.511,0.595,0.08,0.272,0.322
0.273,0.331,0.665,0.511,0.595,0.079,0.271,0.322
0.273,0.331,0.665,0.511,0.595,0.08,0.271,0.322
0.273,0.331,0.664,0.511,0.595,0.079,0.271,0.322
0.273,0.331,0.664,0.51,0.595,0.079,0.271,0.322
0.273,0.331,0.664,0.51,0.595,0.079,0.271,0.321
0.273,0.331,0.664,0.51,0.594,0.08,0.271,0.322
0.273,0.331,0.664,0.51,0.594,0.08,0.271,0.321
0.273,0.331,0.664,0.51,0.594,0.08,0.271,0.321
0.272,0.331,0.663,0.51,0.594,0.08,0.271,0.321
0.272,0.331,0.663,0.51,0.594,0.079,0.271,0.321
0.272,0.331,0.663,0.51,0.594,0.079,0.271,0.321
0.272,0.331,0.663,0.51,0.594,0.079,0.271,0.321
0.272,0.33,0.663,0.51,0.593,0.079,0.271,0.321
0.272,0.33,0.663,0.509,0.593,0.08,0.271,0.321
0.272,0.33,0.662,0.509,0.593,0.08,0.271,0.321
0.272,0.33,0.662,0.509,0.593,0.079,0.271,0.321
0.272,0.33,0.662,0.509,0.593,0.079,0.271,0.321
0.272,0.33,0.662,0.509,0.593,0.079,0.271,0.321
0.272,0.33,0.662,0.509,0.592,0.079,0.271,0.32
0.272,0.33,0.662,0.509,0.593,0.079,0.271,0.32
0.272,0.33,0.661,0.509,0.592,0.079,0.27,0.32
0.272,0.33,0.661,0.509,0.592,0.079,0.27,0.32
0.271,0.33,0.661,0.508,0.592,0.079,0.27,0.32
0.271,0.33,0.661,0.508,0.592,0.079,0.27,0.32
0.271,0.33,0.661,0.508,0.592,0.079,0.27,0.32
0.271,0.33,0.661,0.508,0.592,0.079,0.27,0.32
0.271,0.329,0.66,0.508,0.591,0.079,0.27,0.32
0.271,0.33,0.66,0.508,0.591,0.079,0.27,0.32
0.271,0.329,0.66,0.508,0.591,0.079,0.27,0.32
0.271,0.33,0.66,0.508,0.591,0.079,0.27,0.32
0.271,0.329,0.66,0.507,0.591,0.079,0.27,0.32
0.271,0.329,0.66,0.507,0.591,0.079,0.27,0.32
0.271,0.329,0.659,0.507,0.591,0.079,0.27,0.32
0.271,0.329,0.659,0.507,0.591,0.079,0.27,0.319
0.271,0.329,0.659,0.507,0.591,0.079,0.27,0.319
0.271,0.329,0.659,0.507,0.591,0.079,0.27,0.319
0.271,0.329,0.659,0.507,0.59,0.079,0.27,0.319
0.271,0.329,0.659,0.506,0.59,0.079,0.27,0.319
0.271,0.329,0.659,0.507,0.59,0.079,0.27,0.319
0.27,0.329,0.658,0.506,0.59,0.079,0.269,0.319
0.27,0.329,0.658,0.506,0.59,0.079,0.27,0.319
0.27,0.329,0.658,0.506,0.59,0.079,0.27,0.319
0.27,0.329,0.658,0.506,0.59,0.079,0.269,0.319
0.27,0.329,0.658,0.506,0.59,0.079,0.269,0.319
0.27,0.329,0.658,0.505,0.59,0.079,0.269,0.319
0.27,0.329,0.657,0.505,0.589,0.079,0.269,0.319
0.27,0.329,0.657,0.505,0.589,0.079,0.269,0.319
0.27,0.329,0.657,0.505,0.589,0.079,0.269,0.319
0.27,0.329,0.657,0.505,0.589,0.079,0.269,0.318
0.27,0.329,0.657,0.505,0.589,0.079,0.269,0.318
0.27,0.328,0.657,0.505,0.589,0.079,0.269,0.318
0.27,0.328,0.657,0.505,0.589,0.079,0.269,0.318
0.27,0.328,0.656,0.505,0.589,0.079,0.269,0.318
0.269,0.328,0.656,0.505,0.589,0.079,0.269,0.318
0.269,0.328,0.656,0.505,0.589,0.079,0.269,0.318
0.269,0.328,0.656,0.504,0.588,0.079,0.269,0.318
0.269,0.328,0.656,0.504,0.588,0.079,0.269,0.318
0.269,0.328,0.656,0.504,0.588,0.079,0.269,0.318
0.269,0.328,0.655,0.504,0.588,0.079,0.269,0.318
0.269,0.328,0.655,0.504,0.588,0.079,0.269,0.318
0.269,0.328,0.655,0.504,0.588,0.079,0.269,0.317
0.269,0.328,0.655,0.504,0.588,0.079,0.269,0.318
0.269,0.328,0.655,0.504,0.588,0.079,0.269,0.317
0.269,0.328,0.655,0.504,0.587,0.079,0.269,0.317
0.269,0.328,0.655,0.504,0.587,0.079,0.269,0.317
0.269,0.328,0.654,0.504,0.587,0.079,0.269,0.317
0.269,0.328,0.654,0.504,0.587,0.079,0.268,0.317
0.268,0.328,0.654,0.504,0.587,0.079,0.268,0.317
0.268,0.328,0.654,0.504,0.587,0.079,0.268,0.317
0.268,0.328,0.654,0.503,0.587,0.079,0.268,0.317
0.268,0.328,0.653,0.503,0.586,0.079,0.268,0.317
0.268,0.328,0.653,0.503,0.586,0.079,0.268,0.317
0.268,0.328,0.653,0.503,0.586,0.079,0.268,0.317
0.268,0.328,0.653,0.503,0.586,0.079,0.268,0.317
0.268,0.327,0.653,0.503,0.586,0.079,0.268,0.317
0.268,0.327,0.653,0.503,0.586,0.079,0.268,0.317
0.268,0.327,0.652,0.503,0.586,0.079,0.268,0.316
0.268,0.327,0.652,0.503,0.586,0.079,0.268,0.316
0.268,0.327,0.652,0.503,0.586,0.079,0.268,0.316
0.268,0.327,0.652,0.502,0.585,0.079,0.268,0.316
0.268,0.327,0.652,0.502,0.585,0.079,0.268,0.316
0.268,0.327,0.652,0.502,0.585,0.079,0.268,0.316
0.267,0.327,0.652,0.502,0.585,0.079,0.268,0.316
0.267,0.327,0.651,0.502,0.585,0.079,0.268,0.316
0.267,0.327,0.651,0.502,0.585,0.079,0.268,0.316
0.267,0.327,0.651,0.502,0.585,0.079,0.268,0.316
0.267,0.327,0.651,0.502,0.585,0.079,0.268,0.316
0.267,0.327,0.651,0.502,0.585,0.079,0.268,0.316
0.267,0.327,0.651,0.502,0.584,0.079,0.268,0.316
0.267,0.327,0.65,0.502,0.584,0.079,0.268,0.316
0.267,0.327,0.65,0.501,0.584,0.079,0.267,0.316
0.267,0.327,0.65,0.501,0.584,0.079,0.268,0.316
0.267,0.327,0.65,0.501,0.584,0.079,0.268,0.315
0.267,0.327,0.65,0.501,0.584,0.079,0.267,0.315
0.267,0.327,0.65,0.501,0.584,0.079,0.267,0.315
0.267,0.327,0.65,0.501,0.584,0.079,0.267,0.315
0.267,0.327,0.649,0.501,0.584,0.079,0.267,0.315
0.267,0.327,0.649,0.5,0.583,0.079,0.267,0.315
0.266,0.327,0.649,0.5,0.583,0.079,0.267,0.315
0.266,0.327,0.649,0.5,0.583,0.079,0.267,0.315
0.266,0.326,0.649,0.5,0.583,0.079,0.267,0.315
0.266,0.326,0.649,0.5,0.583,0.079,0.267,0.315
0.266,0.326,0.649,0.5,0.583,0.079,0.267,0.315
0.266,0.326,0.648,0.5,0.583,0.079,0.267,0.315
0.266,0.326,0.648,0.5,0.583,0.079,0.267,0.315
0.266,0.326,0.648,0.5,0.583,0.079,0.267,0.315
0.266,0.326,0.648,0.5,0.583,0.079,0.267,0.315
0.266,0.326,0.648,0.5,0.582,0.079,0.267,0.315
0.266,0.326,0.648,0.499,0.582,0.079,0.267,0.314
0.266,0.326,0.647,0.499,0.582,0.079,0.267,0.314
0.266,0.326,0.647,0.499,0.582,0.079,0.267,0.314
0.266,0.326,0.647,0.499,0.582,0.079,0.267,0.314
0.266,0.326,0.647,0.499,0.582,0.079,0.267,0.314
0.265,0.326,0.647,0.499,0.582,0.079,0.266,0.314
0.265,0.326,0.647,0.499,0.581,0.079,0.266,0.314
0.265,0.326,0.647,0.498,0.582,0.079,0.267,0.314
0.265,0.326,0.646,0.499,0.581,0.079,0.266,0.314
0.265,0.326,0.646,0.498,0.581,0.079,0.266,0.314
0.265,0.326,0.646,0.498,0.581,0.079,0.266,0.314
0.265,0.326,0.646,0.498,0.581,0.079,0.266,0.314
0.265,0.326,0.646,0.498,0.581,0.079,0.266,0.314
0.265,0.326,0.646,0.498,0.581,0.079,0.266,0.314
0.265,0.325,0.645,0.498,0.58,0.079,0.266,0.314
0.265,0.325,0.645,0.498,0.58,0.079,0.266,0.314
0.265,0.325,0.645,0.498,0.58,0.079,0.266,0.313
0.265,0.325,0.645,0.497,0.58,0.079,0.266,0.313
0.265,0.325,0.645,0.497,0.58,0.079,0.266,0.313
0.264,0.325,0.645,0.497,0.58,0.079,0.266,0.313
0.265,0.325,0.644,0.497,0.58,0.079,0.266,0.313
0.264,0.325,0.644,0.497,0.58,0.079,0.266,0.313
0.264,0.325,0.644,0.497,0.58,0.079,0.266,0.313
0.264,0.325,0.644,0.497,0.579,0.079,0.266,0.313
0.264,0.325,0.644,0.497,0.579,0.079,0.266,0.313
0.264,0.325,0.644,0.497,0.579,0.079,0.266,0.313
0.264,0.325,0.644,0.497,0.579,0.079,0.266,0.313
0.264,0.325,0.644,0.497,0.579,0.079,0.266,0.313
0.264,0.325,0.643,0.496,0.579,0.079,0.266,0.313
0.264,0.325,0.643,0.496,0.579,0.079,0.266,0.313
0.264,0.324,0.643,0.496,0.579,0.079,0.266,0.313
0.264,0.324,0.643,0.496,0.578,0.079,0.266,0.312
0.264,0.324,0.643,0.496,0.578,0.079,0.265,0.313
0.264,0.324,0.642,0.496,0.578,0.079,0.265,0.313
0.264,0.324,0.643,0.496,0.578,0.079,0.265,0.312
0.264,0.324,0.642,0.496,0.578,0.079,0.265,0.312
0.263,0.324,0.642,0.496,0.578,0.079,0.265,0.312
0.263,0.324,0.642,0.496,0.578,0.079,0.265,0.312
0.263,0.324,0.642,0.495,0.578,0.079,0.265,0.312
0.263,0.324,0.642,0.495,0.577,0.079,0.265,0.312
0.263,0.324,0.642,0.495,0.577,0.079,0.265,0.312
0.263,0.324,0.642,0.495,0.577,0.079,0.265,0.312
0.263,0.324,0.641,0.495,0.577,0.078,0.265,0.312
0.263,0.323,0.641,0.495,0.577,0.079,0.265,0.312
0.263,0.323,0.641,0.495,0.577,0.079,0.265,0.312
0.263,0.323,0.641,0.495,0.577,0.079,0.265,0.312
0.263,0.323,0.641,0.494,0.577,0.079,0.265,0.312
0.263,0.323,0.641,0.494,0.577,0.079,0.265,0.312
0.263,0.323,0.64,0.494,0.576,0.079,0.265,0.312
0.263,0.323,0.64,0.494,0.576,0.079,0.265,0.312
0.263,0.323,0.64,0.494,0.576,0.079,0.265,0.312
0.262,0.323,0.64,0.494,0.576,0.079,0.265,0.311
0.263,0.323,0.64,0.494,0.576,0.079,0.265,0.311
0.262,0.323,0.64,0.494,0.576,0.078,0.265,0.311
0.262,0.323,0.64,0.494,0.576,0.079,0.265,0.311
0.262,0.323,0.64,0.494,0.576,0.079,0.265,0.311
0.262,0.323,0.639,0.493,0.576,0.079,0.265,0.311
0.262,0.323,0.639,0.493,0.576,0.079,0.265,0.311
0.262,0.323,0.639,0.493,0.576,0.079,0.264,0.311
0.262,0.323,0.639,0.493,0.576,0.079,0.264,0.311
0.262,0.323,0.639,0.493,0.575,0.079,0.264,0.311
0.262,0.323,0.639,0.493,0.575,0.079,0.264,0.311
0.262,0.323,0.639,0.493,0.575,0.078,0.264,0.311
0.262,0.323,0.638,0.493,0.575,0.079,0.264,0.311
0.262,0.322,0.638,0.492,0.575,0.079,0.264,0.311
0.262,0.323,0.638,0.492,0.575,0.079,0.264,0.311
0.262,0.323,0.638,0.492,0.575,0.079,0.264,0.311
0.262,0.322,0.638,0.492,0.575,0.079,0.264,0.311
0.262,0.322,0.638,0.492,0.575,0.079,0.264,0.311
0.261,0.322,0.637,0.492,0.575,0.078,0.264,0.311
0.261,0.322,0.637,0.492,0.575,0.078,0.264,0.31
0.261,0.322,0.637,0.492,0.574,0.078,0.264,0.31
0.261,0.322,0.637,0.492,0.574,0.079,0.264,0.31
0.261,0.322,0.637,0.492,0.574,0.079,0.264,0.31
0.261,0.322,0.637,0.492,0.574,0.078,0.264,0.31
0.261,0.322,0.637,0.492,0.574,0.079,0.264,0.31
0.261,0.322,0.636,0.491,0.574,0.078,0.264,0.31
0.261,0.322,0.636,0.491,0.574,0.078,0.264,0.31
0.261,0.322,0.636,0.491,0.574,0.078,0.264,0.31
0.261,0.322,0.636,0.491,0.574,0.078,0.263,0.31
0.261,0.322,0.636,0.491,0.573,0.079,0.264,0.31
0.261,0.322,0.636,0.491,0.573,0.078,0.264,0.31
0.261,0.322,0.636,0.491,0.573,0.078,0.264,0.31
0.261,0.322,0.636,0.49,0.573,0.078,0.263,0.31
0.261,0.322,0.635,0.49,0.573,0.078,0.263,0.31
0.261,0.322,0.635,0.49,0.573,0.078,0.263,0.31
0.261,0.322,0.635,0.49,0.573,0.079,0.263,0.31
0.26,0.322,0.635,0.49,0.573,0.078,0.263,0.31
0.26,0.322,0.635,0.49,0.573,0.078,0.263,0.31
0.26,0.322,0.635,0.49,0.572,0.078,0.263,0.309
0.26,0.322,0.635,0.49,0.572,0.078,0.263,0.309
0.26,0.322,0.634,0.49,0.572,0.078,0.263,0.309
0.26,0.322,0.634,0.49,0.572,0.078,0.263,0.309
0.26,0.322,0.634,0.49,0.572,0.078,0.263,0.309
0.26,0.321,0.634,0.49,0.572,0.078,0.263,0.309
0.26,0.322,0.634,0.489,0.572,0.078,0.263,0.309
0.26,0.321,0.634,0.489,0.572,0.078,0.263,0.309
0.26,0.321,0.634,0.489,0.572,0.078,0.263,0.309
0.26,0.321,0.634,0.489,0.572,0.078,0.263,0.309
0.26,0.321,0.633,0.489,0.571,0.078,0.263,0.309
0.26,0.321,0.633,0.489,0.571,0.078,0.263,0.309
0.26,0.321,0.633,0.489,0.571,0.078,0.263,0.309
0.26,0.321,0.633,0.489,0.571,0.078,0.263,0.309
0.26,0.321,0.633,0.489,0.571,0.078,0.263,0.309
0.259,0.321,0.633,0.489,0.571,0.078,0.263,0.308
0.259,0.321,0.632,0.489,0.571,0.078,0.263,0.309
0.259,0.321,0.632,0.489,0.571,0.078,0.262,0.308
0.259,0.321,0.632,0.489,0.571,0.078,0.263,0.309
0.259,0.321,0.632,0.488,0.57,0.078,0.262,0.308
0.259,0.321,0.632,0.488,0.57,0.078,0.262,0.308
0.259,0.321,0.632,0.488,0.57,0.078,0.262,0.308
0.259,0.32,0.632,0.488,0.57,0.078,0.262,0.308
0.259,0.32,0.631,0.488,0.57,0.078,0.262,0.308
0.259,0.32,0.631,0.488,0.57,0.078,0.262,0.308
0.259,0.32,0.631,0.488,0.57,0.078,0.262,0.308
0.259,0.32,0.631,0.488,0.57,0.078,0.262,0.308
0.259,0.32,0.631,0.488,0.57,0.078,0.262,0.308
0.259,0.32,0.631,0.488,0.569,0.078,0.262,0.308
0.259,0.32,0.631,0.487,0.569,0.078,0.262,0.308
0.259,0.32,0.631,0.488,0.569,0.078,0.262,0.308
0.258,0.32,0.63,0.488,0.569,0.078,0.262,0.308
0.258,0.32,0.63,0.487,0.569,0.078,0.262,0.308
0.258,0.32,0.63,0.487,0.569,0.078,0.262,0.307
0.258,0.319,0.63,0.487,0.569,0.078,0.262,0.307
0.258,0.319,0.63,0.487,0.569,0.078,0.262,0.307
0.258,0.319,0.63,0.487,0.569,0.078,0.262,0.307
0.258,0.319,0.629,0.487,0.569,0.078,0.262,0.307
0.258,0.319,0.629,0.487,0.568,0.078,0.262,0.307
0.258,0.319,0.629,0.487,0.568,0.078,0.262,0.307
0.258,0.319,0.629,0.487,0.568,0.078,0.261,0.307
0.258,0.319,0.629,0.487,0.568,0.078,0.262,0.307
0.258,0.319,0.629,0.487,0.568,0.078,0.262,0.307
0.258,0.319,0.629,0.486,0.568,0.078,0.261,0.307
0.258,0.319,0.628,0.486,0.568,0.078,0.261,0.307
0.258,0.319,0.628,0.486,0.568,0.078,0.261,0.307
0.257,0.319,0.628,0.486,0.567,0.078,0.261,0.307
0.257,0.319,0.628,0.486,0.567,0.078,0.261,0.307
0.258,0.318,0.628,0.486,0.567,0.078,0.261,0.307
0.257,0.319,0.628,0.486,0.567,0.078,0.261,0.306
0.257,0.318,0.628,0.486,0.567,0.078,0.261,0.306
0.257,0.318,0.627,0.485,0.567,0.078,0.261,0.306
0.257,0.318,0.627,0.485,0.567,0.078,0.261,0.306
0.257,0.318,0.627,0.485,0.567,0.078,0.261,0.306
0.257,0.318,0.627,0.485,0.567,0.078,0.261,0.306
0.257,0.318,0.627,0.485,0.567,0.078,0.261,0.306
0.257,0.318,0.627,0.485,0.567,0.078,0.261,0.306
0.257,0.318,0.626,0.485,0.566,0.078,0.261,0.306
0.257,0.318,0.626,0.485,0.566,0.078,0.261,0.306
0.257,0.318,0.626,0.485,0.566,0.078,0.261,0.306
0.257,0.318,0.626,0.485,0.566,0.078,0.261,0.306
0.257,0.318,0.626,0.484,0.566,0.078,0.261,0.306
0.257,0.318,0.626,0.484,0.566,0.078,0.261,0.306
0.257,0.318,0.626,0.484,0.566,0.078,0.261,0.306
0.257,0.318,0.625,0.484,0.566,0.078,0.261,0.306
0.256,0.318,0.625,0.484,0.565,0.078,0.261,0.305
0.256,0.318,0.625,0.484,0.565,0.078,0.26,0.305
0.257,0.318,0.625,0.484,0.565,0.078,0.26,0.305
0.256,0.318,0.625,0.484,0.565,0.078,0.26,0.306
0.256,0.318,0.625,0.484,0.565,0.078,0.261,0.305
0.256,0.318,0.625,0.484,0.565,0.078,0.26,0.305
0.256,0.317,0.625,0.484,0.565,0.078,0.26,0.305
0.256,0.317,0.624,0.484,0.565,0.078,0.26,0.305
0.256,0.317,0.624,0.484,0.565,0.078,0.26,0.305
0.256,0.317,0.624,0.484,0.565,0.078,0.26,0.305
0.256,0.317,0.624,0.483,0.565,0.078,0.26,0.305
0.256,0.317,0.624,0.483,0.564,0.078,0.26,0.305
0.256,0.317,0.624,0.483,0.564,0.078,0.26,0.305
0.256,0.317,0.623,0.483,0.564,0.078,0.26,0.305
0.256,0.317,0.623,0.483,0.564,0.078,0.26,0.305
0.256,0.317,0.623,0.483,0.564,0.078,0.26,0.305
0.255,0.317,0.623,0.483,0.564,0.078,0.26,0.304
0.256,0.317,0.623,0.483,0.564,0.078,0.26,0.305
0.256,0.317,0.623,0.483,0.564,0.078,0.26,0.304
0.255,0.316,0.623,0.483,0.564,0.078,0.26,0.304
0.255,0.316,0.623,0.483,0.563,0.078,0.26,0.304
0.255,0.316,0.622,0.483,0.563,0.078,0.26,0.304
0.255,0.316,0.622,0.483,0.563,0.078,0.26,0.304
0.255,0.316,0.622,0.482,0.563,0.078,0.26,0.304
0.255,0.316,0.622,0.482,0.563,0.078,0.26,0.304
0.255,0.316,0.622,0.482,0.563,0.078,0.26,0.304
0.255,0.316,0.622,0.482,0.563,0.078,0.259,0.304
0.255,0.316,0.622,0.482,0.563,0.078,0.259,0.304
0.255,0.316,0.621,0.482,0.563,0.078,0.259,0.304
0.255,0.316,0.621,0.482,0.563,0.078,0.259,0.304
0.255,0.316,0.621,0.482,0.563,0.078,0.259,0.304
0.255,0.316,0.621,0.482,0.563,0.078,0.259,0.304
0.255,0.316,0.621,0.482,0.563,0.078,0.259,0.304
0.255,0.316,0.621,0.482,0.562,0.078,0.259,0.304
0.255,0.316,0.621,0.481,0.562,0.078,0.259,0.303
0.255,0.316,0.62,0.481,0.562,0.078,0.259,0.303
0.255,0.316,0.62,0.481,0.562,0.078,0.259,0.303
0.255,0.316,0.62,0.481,0.562,0.078,0.259,0.303
0.254,0.316,0.62,0.481,0.562,0.078,0.259,0.303
0.254,0.316,0.62,0.481,0.562,0.078,0.259,0.303
0.254,0.315,0.62,0.481,0.562,0.078,0.259,0.303
0.254,0.315,0.62,0.481,0.562,0.078,0.259,0.303
0.254,0.315,0.619,0.481,0.562,0.078,0.259,0.303
0.254,0.315,0.619,0.48,0.561,0.078,0.259,0.303
0.254,0.315,0.619,0.48,0.561,0.078,0.259,0.303
0.254,0.315,0.619,0.48,0.561,0.078,0.259,0.303
0.254,0.315,0.619,0.48,0.561,0.078,0.259,0.303
0.254,0.315,0.619,0.48,0.561,0.078,0.259,0.303
0.254,0.315,0.618,0.48,0.561,0.078,0.259,0.303
0.254,0.315,0.618,0.48,0.561,0.078,0.259,0.303
0.254,0.315,0.618,0.48,0.561,0.078,0.259,0.303
0.254,0.315,0.618,0.479,0.561,0.078,0.259,0.303
0.254,0.315,0.618,0.479,0.561,0.078,0.259,0.303
0.254,0.315,0.618,0.479,0.561,0.078,0.258,0.303
0.253,0.315,0.618,0.479,0.56,0.078,0.259,0.303
0.254,0.315,0.618,0.479,0.56,0.078,0.258,0.303
0.254,0.315,0.617,0.479,0.56,0.078,0.258,0.302
0.253,0.315,0.617,0.479,0.56,0.078,0.258,0.302
0.253,0.315,0.617,0.479,0.56,0.078,0.258,0.302
0.253,0.315,0.617,0.479,0.56,0.078,0.258,0.302
0.253,0.315,0.617,0.479,0.56,0.078,0.258,0.302
0.253,0.315,0.617,0.479,0.56,0.078,0.258,0.302
0.253,0.315,0.616,0.478,0.56,0.078,0.258,0.302
0.253,0.315,0.616,0.478,0.56,0.078,0.258,0.302
0.253,0.315,0.616,0.478,0.56,0.078,0.258,0.302
0.253,0.315,0.616,0.478,0.56,0.078,0.258,0.302
0.253,0.315,0.616,0.478,0.56,0.078,0.258,0.302
0.253,0.315,0.616,0.478,0.56,0.078,0.258,0.302
0.253,0.315,0.616,0.478,0.559,0.078,0.258,0.302
0.253,0.315,0.616,0.478,0.559,0.078,0.258,0.302
0.253,0.314,0.615,0.478,0.559,0.078,0.258,0.302
0.253,0.315,0.615,0.478,0.559,0.078,0.258,0.302
0.253,0.315,0.615,0.477,0.559,0.078,0.258,0.302
0.253,0.315,0.615,0.477,0.559,0.078,0.258,0.302
0.252,0.315,0.615,0.477,0.559,0.078,0.258,0.301
0.252,0.314,0.615,0.477,0.559,0.078,0.258,0.301
0.252,0.315,0.615,0.477,0.559,0.078,0.258,0.301
0.252,0.314,0.615,0.477,0.559,0.078,0.258,0.301
0.252,0.315,0.614,0.477,0.559,0.078,0.258,0.301
0.252,0.314,0.614,0.477,0.558,0.078,0.258,0.301
0.252,0.314,0.614,0.477,0.558,0.078,0.258,0.301
0.252,0.314,0.614,0.476,0.558,0.078,0.258,0.301
0.252,0.314,0.614,0.476,0.558,0.078,0.257,0.301
0.252,0.314,0.614,0.476,0.558,0.078,0.257,0.301
0.252,0.314,0.614,0.476,0.558,0.078,0.257,0.301
0.252,0.314,0.614,0.476,0.558,0.078,0.257,0.301
0.252,0.314,0.613,0.476,0.558,0.078,0.257,0.301
0.252,0.314,0.613,0.476,0.558,0.078,0.257,0.301
0.252,0.314,0.613,0.476,0.558,0.078,0.257,0.301
0.252,0.314,0.613,0.476,0.558,0.078,0.257,0.301
0.252,0.314,0.613,0.476,0.557,0.078,0.257,0.301
0.252,0.313,0.613,0.476,0.557,0.078,0.257,0.301
0.251,0.314,0.613,0.475,0.557,0.078,0.257,0.301
0.252,0.313,0.613,0.476,0.557,0.078,0.257,0.301
0.251,0.313,0.612,0.475,0.557,0.078,0.257,0.301
0.252,0.313,0.612,0.475,0.557,0.078,0.257,0.301
0.251,0.313,0.612,0.475,0.557,0.078,0.257,0.3
0.251,0.313,0.612,0.475,0.557,0.078,0.257,0.301
0.251,0.313,0.612,0.475,0.557,0.078,0.257,0.3
0.251,0.313,0.612,0.475,0.556,0.078,0.257,0.3
0.251,0.314,0.611,0.475,0.556,0.078,0.257,0.3
0.251,0.313,0.611,0.475,0.556,0.078,0.257,0.3
0.251,0.313,0.611,0.475,0.556,0.078,0.257,0.3
0.251,0.313,0.611,0.475,0.556,0.078,0.257,0.3
0.251,0.313,0.611,0.474,0.556,0.078,0.257,0.3
0.251,0.313,0.611,0.474,0.556,0.078,0.257,0.3
0.251,0.313,0.611,0.474,0.556,0.078,0.257,0.3
0.251,0.313,0.611,0.474,0.556,0.078,0.257,0.3
0.251,0.313,0.611,0.474,0.556,0.078,0.256,0.3
0.251,0.313,0.61,0.474,0.556,0.078,0.256,0.3
0.251,0.313,0.61,0.474,0.555,0.078,0.256,0.3
0.251,0.313,0.61,0.474,0.555,0.078,0.256,0.3
0.251,0.312,0.61,0.474,0.555,0.078,0.256,0.3
0.25,0.312,0.61,0.474,0.555,0.078,0.256,0.3
0.25,0.312,0.61,0.474,0.555,0.077,0.256,0.3
0.25,0.312,0.61,0.474,0.555,0.078,0.256,0.3
0.25,0.312,0.609,0.474,0.555,0.078,0.256,0.299
0.25,0.312,0.61,0.474,0.555,0.078,0.256,0.3
0.25,0.312,0.609,0.473,0.555,0.078,0.256,0.299
0.25,0.312,0.609,0.473,0.555,0.078,0.256,0.299
0.25,0.312,0.609,0.473,0.555,0.077,0.256,0.299
0.25,0.312,0.609,0.473,0.555,0.078,0.256,0.299
0.25,0.312,0.609,0.473,0.554,0.077,0.256,0.299
0.25,0.312,0.608,0.473,0.555,0.078,0.256,0.299
0.25,0.312,0.609,0.473,0.554,0.078,0.256,0.299
0.25,0.312,0.608,0.473,0.554,0.077,0.256,0.299
0.25,0.312,0.608,0.473,0.554,0.077,0.256,0.299
0.25,0.312,0.608,0.472,0.554,0.077,0.256,0.299
0.25,0.311,0.608,0.472,0.554,0.078,0.256,0.299
0.25,0.311,0.608,0.472,0.554,0.077,0.256,0.299
0.25,0.311,0.608,0.472,0.554,0.077,0.256,0.299
0.25,0.311,0.607,0.472,0.554,0.077,0.256,0.299
0.25,0.311,0.607,0.472,0.554,0.077,0.255,0.299
0.25,0.311,0.607,0.472,0.554,0.077,0.256,0.299
0.249,0.311,0.607,0.472,0.554,0.077,0.256,0.299
0.249,0.311,0.607,0.472,0.554,0.078,0.255,0.299
0.249,0.311,0.607,0.472,0.553,0.077,0.256,0.298
0.249,0.311,0.607,0.472,0.553,0.077,0.255,0.298
0.249,0.311,0.607,0.472,0.553,0.077,0.255,0.298
0.249,0.311,0.606,0.472,0.553,0.078,0.255,0.298
0.249,0.31,0.606,0.472,0.553,0.078,0.255,0.298
0.249,0.311,0.606,0.472,0.553,0.077,0.255,0.298
0.249,0.311,0.606,0.471,0.553,0.078,0.255,0.298
0.249,0.311,0.606,0.471,0.553,0.077,0.255,0.298
0.249,0.31,0.606,0.471,0.553,0.077,0.255,0.298
0.249,0.311,0.606,0.471,0.553,0.077,0.255,0.298
0.249,0.31,0.606,0.471,0.553,0.077,0.255,0.298
0.249,0.31,0.605,0.471,0.553,0.078,0.255,0.298
0.249,0.31,0.605,0.471,0.552,0.077,0.255,0.298
0.249,0.31,0.605,0.471,0.552,0.078,0.255,0.298
0.249,0.31,0.605,0.471,0.552,0.077,0.255,0.298
0.248,0.31,0.605,0.471,0.552,0.078,0.255,0.298
0.248,0.31,0.605,0.471,0.552,0.077,0.255,0.297
0.248,0.31,0.605,0.471,0.552,0.077,0.255,0.297
0.248,0.31,0.604,0.471,0.552,0.077,0.255,0.297
0.248,0.31,0.604,0.471,0.552,0.077,0.255,0.297
0.248,0.31,0.604,0.471,0.552,0.077,0.255,0.297
0.248,0.31,0.604,0.47,0.551,0.077,0.255,0.297
0.248,0.31,0.604,0.47,0.551,0.077,0.254,0.297
0.248,0.31,0.604,0.47,0.551,0.077,0.254,0.297
0.248,0.31,0.604,0.47,0.551,0.077,0.254,0.297
0.248,0.31,0.603,0.47,0.551,0.077,0.254,0.297
0.248,0.309,0.603,0.47,0.551,0.077,0.254,0.297
0.248,0.309,0.603,0.47,0.551,0.077,0.255,0.297
0.248,0.309,0.603,0.47,0.551,0.077,0.255,0.297
0.248,0.309,0.603,0.47,0.551,0.077,0.254,0.297
0.248,0.309,0.603,0.469,0.551,0.077,0.254,0.297
0.248,0.309,0.603,0.469,0.551,0.077,0.254,0.297
0.247,0.309,0.602,0.469,0.55,0.077,0.254,0.297
0.248,0.309,0.602,0.469,0.55,0.077,0.254,0.297
0.247,0.309,0.602,0.469,0.55,0.077,0.254,0.296
0.248,0.309,0.602,0.469,0.55,0.077,0.254,0.296
0.248,0.309,0.602,0.469,0.55,0.077,0.254,0.296
0.247,0.309,0.602,0.469,0.55,0.077,0.254,0.296
0.247,0.309,0.602,0.469,0.55,0.077,0.254,0.296
0.247,0.309,0.602,0.469,0.55,0.077,0.254,0.296
0.247,0.309,0.601,0.469,0.55,0.077,0.254,0.296
0.247,0.309,0.601,0.469,0.55,0.077,0.254,0.296
0.247,0.309,0.601,0.468,0.549,0.077,0.254,0.296
0.247,0.309,0.601,0.468,0.549,0.077,0.254,0.296
0.247,0.309,0.601,0.468,0.549,0.077,0.254,0.296
0.247,0.309,0.601,0.468,0.549,0.077,0.254,0.296
0.247,0.309,0.601,0.468,0.549,0.077,0.254,0.296
0.247,0.309,0.601,0.468,0.549,0.077,0.254,0.296
0.247,0.309,0.6,0.468,0.549,0.077,0.254,0.296
0.247,0.309,0.6,0.468,0.549,0.077,0.254,0.296
0.247,0.308,0.6,0.468,0.549,0.077,0.253,0.296
0.247,0.308,0.6,0.468,0.549,0.077,0.254,0.296
0.246,0.309,0.6,0.468,0.549,0.077,0.253,0.296
0.246,0.308,0.6,0.468,0.549,0.077,0.253,0.296
0.246,0.308,0.599,0.468,0.549,0.077,0.253,0.295
0.246,0.308,0.599,0.467,0.548,0.077,0.253,0.296
0.246,0.308,0.599,0.467,0.548,0.077,0.253,0.296
0.246,0.308,0.599,0.467,0.548,0.077,0.253,0.295
0.246,0.308,0.599,0.467,0.548,0.077,0.253,0.295
0.246,0.308,0.599,0.467,0.548,0.077,0.253,0.295
0.246,0.308,0.599,0.467,0.548,0.077,0.253,0.295
0.246,0.308,0.599,0.467,0.548,0.077,0.253,0.295
0.246,0.308,0.599,0.467,0.548,0.077,0.253,0.295
0.246,0.308,0.599,0.467,0.548,0.077,0.253,0.295
0.246,0.308,0.598,0.467,0.548,0.077,0.253,0.295
0.246,0.308,0.598,0.467,0.548,0.077,0.253,0.295
0.246,0.308,0.598,0.467,0.548,0.077,0.253,0.295
0.246,0.308,0.598,0.467,0.547,0.077,0.253,0.295
0.246,0.308,0.598,0.467,0.547,0.077,0.253,0.295
0.246,0.308,0.598,0.467,0.547,0.077,0.253,0.295
0.246,0.308,0.598,0.466,0.547,0.077,0.253,0.294
0.246,0.308,0.597,0.467,0.547,0.077,0.253,0.295
0.246,0.308,0.597,0.466,0.547,0.077,0.253,0.294
0.246,0.308,0.597,0.466,0.547,0.077,0.253,0.294
0.245,0.308,0.597,0.466,0.547,0.077,0.253,0.294
0.245,0.308,0.597,0.466,0.547,0.077,0.252,0.294
0.245,0.308,0.597,0.466,0.547,0.077,0.252,0.294
0.245,0.308,0.597,0.466,0.547,0.077,0.252,0.294
0.245,0.308,0.597,0.466,0.546,0.077,0.252,0.294
0.245,0.308,0.597,0.466,0.546,0.077,0.253,0.294
0.245,0.308,0.596,0.466,0.546,0.077,0.252,0.294
0.245,0.308,0.596,0.466,0.546,0.077,0.252,0.294
0.245,0.308,0.596,0.466,0.546,0.077,0.252,0.294
0.245,0.308,0.596,0.466,0.546,0.077,0.252,0.294
0.245,0.307,0.596,0.465,0.546,0.077,0.252,0.294
0.245,0.307,0.596,0.465,0.546,0.077,0.252,0.294
0.245,0.307,0.596,0.465,0.546,0.077,0.252,0.294
0.245,0.307,0.596,0.465,0.546,0.077,0.252,0.294
0.245,0.307,0.595,0.465,0.546,0.077,0.252,0.294
0.245,0.307,0.595,0.465,0.546,0.077,0.252,0.294
0.244,0.307,0.595,0.465,0.545,0.077,0.252,0.294
0.244,0.307,0.595,0.465,0.545,0.077,0.252,0.294
0.244,0.307,0.595,0.465,0.545,0.077,0.252,0.294
0.244,0.307,0.595,0.465,0.545,0.077,0.252,0.294
0.244,0.307,0.595,0.465,0.545,0.077,0.252,0.294
0.244,0.307,0.594,0.465,0.545,0.077,0.252,0.293
0.244,0.307,0.594,0.464,0.545,0.077,0.252,0.294
0.244,0.307,0.594,0.464,0.545,0.077,0.252,0.293
0.244,0.307,0.594,0.464,0.545,0.077,0.252,0.293
0.244,0.307,0.594,0.464,0.545,0.077,0.252,0.294
0.244,0.307,0.594,0.464,0.544,0.077,0.252,0.293
0.244,0.307,0.594,0.464,0.544,0.077,0.251,0.293
0.244,0.307,0.593,0.464,0.544,0.077,0.251,0.293
0.244,0.307,0.593,0.463,0.544,0.077,0.251,0.293
0.244,0.307,0.593,0.463,0.544,0.077,0.251,0.293
0.244,0.307,0.593,0.463,0.544,0.077,0.251,0.293
0.244,0.307,0.593,0.463,0.544,0.077,0.251,0.293
0.244,0.307,0.593,0.463,0.544,0.077,0.251,0.293
0.244,0.307,0.593,0.463,0.544,0.077,0.251,0.293
0.244,0.306,0.592,0.463,0.544,0.077,0.251,0.293
0.243,0.306,0.592,0.463,0.544,0.077,0.251,0.293
0.243,0.306,0.592,0.463,0.544,0.077,0.251,0.293
0.243,0.307,0.592,0.463,0.544,0.077,0.251,0.293
0.243,0.306,0.592,0.462,0.543,0.077,0.251,0.293
0.243,0.306,0.592,0.462,0.543,0.077,0.251,0.293
0.243,0.306,0.592,0.462,0.543,0.077,0.251,0.293
0.243,0.306,0.591,0.462,0.543,0.077,0.251,0.292
0.243,0.306,0.591,0.462,0.543,0.077,0.251,0.293
0.243,0.306,0.591,0.462,0.543,0.077,0.251,0.293
0.243,0.306,0.591,0.462,0.543,0.077,0.251,0.293
0.243,0.306,0.591,0.462,0.543,0.077,0.251,0.292
0.243,0.306,0.591,0.462,0.543,0.077,0.251,0.293
0.243,0.306,0.591,0.461,0.543,0.077,0.251,0.292
0.243,0.306,0.591,0.461,0.543,0.077,0.251,0.292
0.243,0.306,0.59,0.461,0.543,0.077,0.251,0.292
0.243,0.306,0.59,0.461,0.543,0.077,0.251,0.292
0.243,0.305,0.59,0.461,0.543,0.077,0.251,0.292
0.243,0.305,0.59,0.461,0.542,0.077,0.251,0.292
0.243,0.306,0.59,0.461,0.542,0.077,0.251,0.292
0.243,0.305,0.59,0.461,0.542,0.077,0.251,0.292
0.243,0.305,0.59,0.461,0.542,0.077,0.25,0.292
0.242,0.305,0.589,0.461,0.542,0.077,0.251,0.292
0.242,0.305,0.59,0.461,0.542,0.077,0.25,0.292
0.242,0.305,0.589,0.461,0.542,0.077,0.25,0.292
0.242,0.305,0.589,0.461,0.542,0.077,0.25,0.292
0.242,0.305,0.589,0.461,0.542,0.077,0.25,0.292
0.242,0.305,0.589,0.46,0.542,0.077,0.25,0.292
0.242,0.305,0.589,0.461,0.542,0.077,0.25,0.291
0.242,0.305,0.589,0.46,0.542,0.077,0.25,0.292
0.242,0.305,0.589,0.46,0.541,0.077,0.25,0.292
0.242,0.305,0.589,0.46,0.541,0.077,0.25,0.292
0.242,0.305,0.588,0.46,0.541,0.077,0.25,0.291
0.242,0.305,0.588,0.46,0.541,0.077,0.25,0.291
0.242,0.305,0.588,0.46,0.541,0.077,0.25,0.291
0.242,0.304,0.588,0.46,0.541,0.077,0.25,0.291
0.242,0.304,0.588,0.46,0.541,0.077,0.25,0.291
0.242,0.304,0.588,0.46,0.541,0.077,0.25,0.291
0.242,0.304,0.588,0.46,0.541,0.077,0.25,0.291
0.242,0.304,0.587,0.46,0.541,0.077,0.25,0.291
0.242,0.304,0.587,0.46,0.541,0.077,0.25,0.291
0.242,0.304,0.587,0.46,0.541,0.077,0.25,0.291
0.241,0.304,0.587,0.46,0.541,0.077,0.25,0.291
0.241,0.304,0.587,0.46,0.541,0.077,0.25,0.291
0.241,0.304,0.587,0.459,0.54,0.077,0.25,0.291
0.241,0.304,0.587,0.459,0.54,0.077,0.249,0.291
0.241,0.304,0.587,0.459,0.54,0.077,0.25,0.29
0.241,0.304,0.587,0.459,0.54,0.077,0.249,0.291
0.241,0.304,0.586,0.459,0.54,0.077,0.25,0.291
0.241,0.304,0.586,0.459,0.54,0.077,0.249,0.291
0.241,0.304,0.586,0.459,0.54,0.077,0.249,0.29
0.241,0.304,0.586,0.459,0.54,0.077,0.249,0.29
0.241,0.304,0.586,0.459,0.54,0.077,0.249,0.29
0.241,0.304,0.586,0.459,0.54,0.077,0.249,0.29
0.241,0.304,0.586,0.459,0.54,0.077,0.249,0.29
0.241,0.304,0.585,0.459,0.539,0.077,0.249,0.29
0.241,0.304,0.585,0.459,0.539,0.077,0.249,0.29
0.241,0.304,0.585,0.459,0.539,0.077,0.249,0.29
0.24,0.304,0.585,0.458,0.539,0.077,0.249,0.29
0.241,0.304,0.585,0.458,0.539,0.077,0.249,0.29
0.241,0.304,0.585,0.458,0.539,0.077,0.249,0.29
0.241,0.304,0.585,0.458,0.539,0.076,0.249,0.29
0.24,0.304,0.585,0.458,0.539,0.077,0.249,0.29
0.241,0.304,0.584,0.458,0.539,0.077,0.249,0.29
0.24,0.304,0.584,0.458,0.539,0.077,0.249,0.29
0.24,0.304,0.584,0.458,0.539,0.077,0.249,0.29
0.24,0.304,0.584,0.458,0.538,0.077,0.249,0.29
0.24,0.303,0.584,0.458,0.538,0.077,0.249,0.29
0.24,0.303,0.584,0.458,0.538,0.077,0.249,0.29
0.24,0.303,0.584,0.458,0.538,0.077,0.248,0.29
0.24,0.304,0.584,0.458,0.538,0.077,0.248,0.29
0.24,0.304,0.584,0.458,0.538,0.077,0.249,0.29
0.24,0.303,0.584,0.458,0.538,0.077,0.248,0.29
0.24,0.303,0.583,0.458,0.538,0.077,0.249,0.289
0.24,0.303,0.583,0.457,0.538,0.077,0.248,0.289
0.24,0.303,0.583,0.457,0.538,0.077,0.248,0.289
0.24,0.303,0.583,0.457,0.538,0.077,0.248,0.289
0.24,0.303,0.583,0.457,0.538,0.077,0.248,0.289
0.24,0.303,0.583,0.457,0.538,0.076,0.248,0.289
0.24,0.303,0.583,0.457,0.537,0.076,0.248,0.289
0.24,0.303,0.582,0.457,0.537,0.076,0.248,0.289
0.24,0.303,0.582,0.457,0.537,0.076,0.248,0.289
0.239,0.303,0.582,0.457,0.537,0.076,0.248,0.289
0.239,0.303,0.582,0.457,0.537,0.077,0.248,0.289
0.239,0.303,0.582,0.456,0.537,0.077,0.248,0.289
0.239,0.303,0.582,0.456,0.537,0.076,0.248,0.289
0.239,0.303,0.582,0.456,0.537,0.077,0.248,0.289
0.239,0.303,0.582,0.456,0.537,0.076,0.248,0.289
0.239,0.303,0.582,0.456,0.537,0.077,0.248,0.289
0.239,0.303,0.581,0.456,0.537,0.077,0.248,0.289
0.239,0.303,0.581,0.456,0.536,0.076,0.248,0.289
0.239,0.303,0.581,0.456,0.536,0.076,0.248,0.288
0.239,0.303,0.581,0.456,0.536,0.076,0.248,0.289
0.239,0.303,0.581,0.455,0.536,0.077,0.248,0.288
0.239,0.303,0.581,0.456,0.536,0.076,0.248,0.288
0.239,0.303,0.581,0.455,0.536,0.076,0.248,0.288
0.239,0.303,0.581,0.455,0.536,0.076,0.248,0.288
0.239,0.303,0.581,0.455,0.536,0.077,0.248,0.288
0.239,0.302,0.58,0.455,0.536,0.076,0.247,0.288
0.239,0.303,0.58,0.455,0.536,0.076,0.248,0.288
0.239,0.303,0.58,0.455,0.536,0.076,0.247,0.288
0.239,0.303,0.58,0.455,0.536,0.076,0.247,0.288
0.239,0.303,0.58,0.455,0.535,0.076,0.247,0.288
0.238,0.303,0.58,0.455,0.535,0.076,0.247,0.288
0.239,0.303,0.58,0.455,0.535,0.076,0.247,0.288
0.238,0.302,0.579,0.455,0.535,0.076,0.247,0.288
0.238,0.302,0.579,0.455,0.535,0.076,0.247,0.288
0.238,0.302,0.579,0.455,0.535,0.076,0.247,0.288
0.238,0.302,0.579,0.455,0.535,0.076,0.247,0.288
0.238,0.302,0.579,0.455,0.535,0.077,0.247,0.288
0.238,0.302,0.579,0.455,0.535,0.076,0.247,0.288
0.238,0.302,0.579,0.454,0.535,0.076,0.247,0.288
0.238,0.302,0.579,0.454,0.535,0.076,0.247,0.288
0.238,0.302,0.579,0.454,0.534,0.076,0.247,0.288
0.238,0.302,0.578,0.454,0.534,0.076,0.247,0.288
0.238,0.302,0.578,0.454,0.534,0.076,0.247,0.288
0.238,0.302,0.578,0.454,0.534,0.076,0.247,0.287
0.238,0.302,0.578,0.454,0.534,0.076,0.247,0.287
0.238,0.302,0.578,0.454,0.534,0.076,0.247,0.287
0.238,0.302,0.578,0.454,0.534,0.076,0.247,0.287
0.238,0.302,0.578,0.454,0.534,0.076,0.247,0.287
0.238,0.302,0.578,0.454,0.534,0.076,0.247,0.287
0.238,0.302,0.577,0.453,0.534,0.076,0.246,0.287
0.238,0.302,0.577,0.454,0.534,0.076,0.246,0.287
0.238,0.302,0.577,0.453,0.534,0.076,0.247,0.287
0.237,0.301,0.577,0.453,0.534,0.076,0.247,0.287
0.237,0.301,0.577,0.453,0.533,0.076,0.246,0.287
0.237,0.301,0.577,0.453,0.533,0.076,0.246,0.287
0.237,0.301,0.577,0.453,0.533,0.076,0.246,0.287
0.237,0.301,0.577,0.453,0.533,0.076,0.246,0.287
0.237,0.301,0.577,0.453,0.533,0.076,0.246,0.287
0.237,0.302,0.576,0.453,0.533,0.076,0.246,0.287
0.237,0.302,0.576,0.453,0.533,0.076,0.246,0.287
0.237,0.301,0.576,0.453,0.533,0.076,0.246,0.287
0.237,0.302,0.576,0.453,0.533,0.076,0.246,0.287
0.237,0.301,0.576,0.453,0.533,0.076,0.246,0.287
0.237,0.301,0.576,0.453,0.533,0.076,0.246,0.287
0.237,0.302,0.576,0.453,0.533,0.076,0.246,0.287
0.237,0.301,0.575,0.453,0.532,0.076,0.246,0.287
0.237,0.301,0.576,0.452,0.532,0.076,0.246,0.286
0.237,0.301,0.575,0.452,0.532,0.076,0.246,0.286
0.237,0.301,0.575,0.452,0.532,0.076,0.246,0.286
0.237,0.301,0.575,0.452,0.532,0.076,0.246,0.286
0.237,0.301,0.575,0.452,0.532,0.076,0.246,0.286
0.237,0.301,0.575,0.452,0.532,0.076,0.246,0.286
0.236,0.301,0.575,0.452,0.532,0.076,0.246,0.286
0.236,0.301,0.575,0.452,0.532,0.076,0.246,0.286
0.236,0.301,0.575,0.452,0.532,0.076,0.246,0.286
0.237,0.301,0.575,0.452,0.532,0.076,0.246,0.286
0.236,0.301,0.574,0.452,0.532,0.076,0.246,0.286
0.236,0.301,0.574,0.452,0.532,0.076,0.246,0.286
0.236,0.301,0.574,0.452,0.531,0.076,0.246,0.286
0.236,0.301,0.574,0.452,0.531,0.076,0.245,0.286
0.236,0.301,0.574,0.451,0.531,0.076,0.245,0.286
0.236,0.301,0.574,0.451,0.531,0.076,0.246,0.286
0.236,0.301,0.574,0.451,0.531,0.076,0.245,0.286
0.236,0.301,0.573,0.451,0.531,0.076,0.245,0.286
0.236,0.301,0.573,0.451,0.531,0.076,0.245,0.286
0.236,0.3,0.573,0.451,0.531,0.076,0.245,0.286
0.236,0.3,0.573,0.451,0.531,0.076,0.245,0.286
0.236,0.3,0.573,0.451,0.531,0.076,0.245,0.286
0.236,0.3,0.573,0.451,0.531,0.076,0.245,0.286
0.236,0.3,0.573,0.451,0.53,0.076,0.245,0.286
0.236,0.3,0.573,0.451,0.531,0.076,0.245,0.285
0.236,0.3,0.573,0.451,0.53,0.076,0.245,0.285
0.236,0.3,0.572,0.451,0.53,0.076,0.245,0.286
0.236,0.3,0.572,0.451,0.53,0.076,0.245,0.286
0.236,0.3,0.572,0.451,0.53,0.076,0.245,0.285
0.236,0.3,0.572,0.451,0.53,0.076,0.245,0.286
0.235,0.3,0.572,0.45,0.53,0.076,0.245,0.285
0.235,0.3,0.572,0.45,0.53,0.076,0.245,0.285
0.236,0.3,0.572,0.45,0.53,0.076,0.245,0.286
0.235,0.3,0.572,0.45,0.53,0.076,0.245,0.285
0.235,0.3,0.572,0.45,0.53,0.076,0.245,0.285
0.235,0.3,0.571,0.45,0.529,0.076,0.245,0.285
0.235,0.3,0.571,0.45,0.53,0.076,0.245,0.285
0.235,0.3,0.571,0.45,0.529,0.076,0.245,0.285
0.235,0.3,0.571,0.45,0.529,0.076,0.245,0.285
0.235,0.3,0.571,0.45,0.529,0.076,0.245,0.285
0.235,0.3,0.571,0.45,0.529,0.076,0.245,0.285
0.235,0.3,0.571,0.45,0.529,0.076,0.244,0.285
0.235,0.3,0.571,0.449,0.529,0.076,0.244,0.285
0.235,0.3,0.571,0.449,0.529,0.076,0.245,0.285
0.235,0.3,0.57,0.449,0.529,0.076,0.245,0.285
0.235,0.3,0.57,0.449,0.529,0.076,0.244,0.285
0.235,0.3,0.57,0.449,0.529,0.076,0.244,0.285
0.235,0.3,0.57,0.449,0.529,0.076,0.244,0.285
0.235,0.3,0.57,0.449,0.529,0.076,0.244,0.285
0.235,0.3,0.57,0.449,0.529,0.076,0.244,0.285
0.235,0.3,0.57,0.449,0.528,0.076,0.244,0.285
0.235,0.3,0.57,0.449,0.528,0.076,0.244,0.285
0.235,0.3,0.57,0.449,0.528,0.076,0.244,0.285
0.235,0.3,0.569,0.448,0.528,0.076,0.244,0.285
0.235,0.3,0.569,0.448,0.528,0.076,0.244,0.285
0.235,0.3,0.569,0.448,0.528,0.076,0.244,0.285
0.235,0.3,0.569,0.448,0.528,0.076,0.244,0.285
0.234,0.3,0.569,0.448,0.528,0.076,0.244,0.285
0.234,0.299,0.569,0.448,0.528,0.076,0.244,0.285
0.234,0.299,0.569,0.448,0.528,0.076,0.244,0.284
0.234,0.299,0.569,0.448,0.528,0.076,0.244,0.284
0.234,0.299,0.569,0.448,0.528,0.076,0.244,0.284
0.234,0.299,0.568,0.448,0.528,0.076,0.244,0.284
0.234,0.299,0.568,0.448,0.528,0.076,0.244,0.284
0.234,0.299,0.568,0.448,0.528,0.076,0.244,0.284
0.234,0.299,0.568,0.448,0.528,0.076,0.244,0.284
0.234,0.299,0.568,0.448,0.528,0.076,0.244,0.284
0.234,0.299,0.568,0.448,0.528,0.076,0.244,0.284
0.234,0.299,0.568,0.447,0.527,0.076,0.244,0.284
0.234,0.299,0.568,0.447,0.528,0.076,0.244,0.284
0.234,0.299,0.568,0.447,0.527,0.076,0.243,0.284
0.234,0.299,0.567,0.447,0.527,0.076,0.244,0.284
0.234,0.299,0.567,0.447,0.527,0.076,0.244,0.284
0.234,0.299,0.567,0.447,0.527,0.076,0.244,0.284
0.234,0.299,0.567,0.447,0.527,0.076,0.243,0.284
0.234,0.299,0.567,0.447,0.527,0.076,0.243,0.284
0.234,0.299,0.567,0.447,0.527,0.076,0.243,0.284
0.234,0.299,0.567,0.447,0.527,0.076,0.243,0.284
0.234,0.299,0.567,0.447,0.527,0.076,0.243,0.284
0.234,0.299,0.567,0.447,0.527,0.076,0.243,0.284
0.233,0.299,0.567,0.447,0.527,0.076,0.243,0.284
0.233,0.299,0.566,0.447,0.527,0.076,0.243,0.284
0.233,0.299,0.566,0.446,0.526,0.076,0.243,0.284
0.233,0.299,0.566,0.446,0.526,0.076,0.243,0.283
0.233,0.299,0.566,0.447,0.526,0.076,0.243,0.283
0.233,0.299,0.566,0.446,0.526,0.076,0.243,0.284
0.233,0.299,0.566,0.446,0.526,0.076,0.243,0.283
0.233,0.299,0.566,0.446,0.526,0.076,0.243,0.283
0.233,0.299,0.566,0.446,0.526,0.076,0.243,0.283
0.233,0.299,0.566,0.446,0.526,0.076,0.243,0.283
0.233,0.298,0.565,0.446,0.526,0.076,0.243,0.283
0.233,0.298,0.565,0.446,0.526,0.076,0.243,0.283
0.233,0.299,0.565,0.446,0.526,0.076,0.243,0.283
0.233,0.298,0.565,0.446,0.526,0.076,0.243,0.283
0.233,0.298,0.565,0.446,0.526,0.076,0.243,0.283
0.233,0.298,0.565,0.446,0.526,0.076,0.242,0.283
0.233,0.298,0.565,0.446,0.525,0.076,0.243,0.283
0.233,0.299,0.565,0.446,0.525,0.076,0.243,0.283
0.233,0.299,0.565,0.445,0.526,0.076,0.243,0.283
0.233,0.298,0.565,0.445,0.525,0.076,0.242,0.283
0.233,0.299,0.564,0.445,0.525,0.076,0.242,0.283
0.233,0.298,0.564,0.445,0.525,0.076,0.242,0.283
0.233,0.299,0.564,0.445,0.525,0.076,0.242,0.283
0.233,0.299,0.564,0.445,0.525,0.076,0.242,0.283
0.232,0.299,0.564,0.445,0.525,0.076,0.242,0.283
0.232,0.299,0.564,0.445,0.525,0.076,0.242,0.283
0.232,0.299,0.564,0.445,0.525,0.076,0.242,0.283
0.232,0.299,0.564,0.445,0.525,0.076,0.242,0.283
0.232,0.298,0.564,0.445,0.525,0.076,0.242,0.283
0.232,0.298,0.564,0.445,0.525,0.076,0.242,0.283
0.232,0.298,0.564,0.444,0.525,0.076,0.242,0.283
0.232,0.298,0.563,0.445,0.525,0.076,0.242,0.283
0.232,0.299,0.563,0.445,0.525,0.076,0.242,0.283
0.232,0.298,0.563,0.444,0.524,0.076,0.242,0.283
0.232,0.298,0.563,0.444,0.524,0.076,0.242,0.283
0.232,0.298,0.563,0.444,0.525,0.076,0.242,0.283
0.232,0.298,0.563,0.444,0.524,0.076,0.242,0.282
0.232,0.298,0.563,0.444,0.524,0.076,0.242,0.283
0.232,0.298,0.563,0.444,0.524,0.076,0.242,0.282
0.232,0.298,0.563,0.444,0.524,0.076,0.242,0.282
0.232,0.298,0.563,0.444,0.524,0.076,0.242,0.282
0.232,0.298,0.562,0.444,0.524,0.076,0.242,0.282
0.232,0.298,0.562,0.444,0.524,0.076,0.242,0.282
0.232,0.298,0.562,0.444,0.524,0.076,0.242,0.282
0.232,0.298,0.562,0.444,0.524,0.076,0.242,0.282
0.232,0.298,0.562,0.444,0.524,0.076,0.242,0.282
0.232,0.298,0.562,0.444,0.524,0.076,0.242,0.282
0.232,0.298,0.562,0.444,0.524,0.076,0.242,0.282
0.231,0.298,0.562,0.444,0.524,0.076,0.242,0.282
0.231,0.298,0.562,0.443,0.523,0.076,0.242,0.282
0.231,0.298,0.561,0.443,0.523,0.076,0.242,0.282
0.232,0.298,0.561,0.443,0.523,0.076,0.241,0.282
0.231,0.298,0.561,0.443,0.523,0.076,0.241,0.282
0.231,0.298,0.561,0.443,0.523,0.076,0.241,0.282
0.231,0.298,0.561,0.443,0.523,0.076,0.241,0.282
0.231,0.298,0.561,0.443,0.523,0.076,0.241,0.282
0.231,0.298,0.561,0.443,0.523,0.076,0.241,0.282
0.231,0.298,0.561,0.443,0.523,0.076,0.241,0.282
0.231,0.298,0.561,0.443,0.523,0.076,0.241,0.282
0.231,0.298,0.56,0.443,0.523,0.076,0.241,0.282
0.231,0.298,0.56,0.443,0.523,0.076,0.241,0.282
0.231,0.298,0.56,0.443,0.523,0.076,0.241,0.282
0.231,0.298,0.56,0.443,0.523,0.076,0.241,0.282
0.231,0.298,0.56,0.442,0.523,0.076,0.241,0.282
0.231,0.298,0.56,0.442,0.523,0.076,0.241,0.281
0.231,0.298,0.56,0.442,0.523,0.076,0.241,0.281
0.231,0.298,0.56,0.442,0.522,0.076,0.241,0.281
0.231,0.298,0.56,0.442,0.522,0.076,0.241,0.282
0.231,0.298,0.56,0.442,0.522,0.076,0.241,0.281
0.231,0.297,0.56,0.442,0.522,0.076,0.241,0.281
0.231,0.298,0.559,0.442,0.522,0.076,0.241,0.281
0.231,0.297,0.559,0.442,0.522,0.076,0.241,0.281
0.231,0.297,0.559,0.442,0.522,0.076,0.241,0.281
0.231,0.297,0.559,0.442,0.522,0.076,0.241,0.281
0.23,0.297,0.559,0.442,0.522,0.076,0.241,0.281
0.23,0.297,0.559,0.441,0.522,0.076,0.241,0.281
0.231,0.297,0.559,0.441,0.522,0.076,0.241,0.281
0.23,0.297,0.559,0.442,0.522,0.076,0.241,0.281
0.23,0.297,0.559,0.441,0.522,0.076,0.241,0.281
0.23,0.297,0.558,0.441,0.522,0.076,0.241,0.281
0.23,0.297,0.558,0.442,0.522,0.076,0.241,0.281
0.23,0.297,0.558,0.441,0.522,0.076,0.24,0.281
0.23,0.297,0.558,0.441,0.522,0.076,0.24,0.281
0.23,0.297,0.558,0.441,0.522,0.076,0.241,0.281
0.23,0.297,0.558,0.441,0.522,0.076,0.24,0.281
0.23,0.297,0.558,0.441,0.522,0.076,0.24,0.281
0.23,0.297,0.558,0.441,0.522,0.076,0.24,0.281
0.23,0.297,0.558,0.441,0.521,0.076,0.24,0.281
0.23,0.297,0.558,0.441,0.522,0.076,0.24,0.281
0.23,0.297,0.558,0.441,0.521,0.076,0.24,0.281
0.23,0.297,0.557,0.441,0.521,0.076,0.24,0.281
0.23,0.297,0.557,0.441,0.521,0.076,0.24,0.281
0.23,0.297,0.557,0.441,0.521,0.076,0.24,0.281
0.23,0.296,0.557,0.441,0.521,0.076,0.24,0.28
0.23,0.296,0.557,0.441,0.521,0.076,0.24,0.28
0.23,0.297,0.557,0.441,0.521,0.076,0.24,0.28
0.23,0.296,0.557,0.441,0.521,0.076,0.24,0.28
0.23,0.296,0.557,0.441,0.521,0.076,0.24,0.28
0.23,0.296,0.557,0.441,0.521,0.076,0.24,0.281
0.23,0.296,0.556,0.441,0.521,0.076,0.24,0.28
0.23,0.296,0.556,0.441,0.521,0.076,0.24,0.28
0.229,0.296,0.556,0.441,0.521,0.076,0.24,0.28
0.229,0.296,0.556,0.441,0.521,0.076,0.24,0.28
0.229,0.296,0.556,0.441,0.521,0.076,0.24,0.28
0.229,0.296,0.556,0.44,0.521,0.076,0.24,0.28
0.229,0.296,0.556,0.44,0.521,0.076,0.24,0.28
0.229,0.296,0.556,0.441,0.521,0.076,0.24,0.28
0.229,0.296,0.556,0.441,0.521,0.076,0.24,0.28
0.229,0.296,0.556,0.44,0.521,0.076,0.24,0.28
0.229,0.296,0.555,0.44,0.521,0.076,0.24,0.28
0.229,0.296,0.555,0.44,0.52,0.076,0.24,0.28
0.229,0.296,0.555,0.44,0.52,0.076,0.24,0.28
0.229,0.296,0.555,0.44,0.52,0.076,0.24,0.28
0.229,0.296,0.555,0.44,0.52,0.076,0.239,0.28
0.229,0.296,0.555,0.44,0.52,0.076,0.239,0.279
0.229,0.296,0.555,0.44,0.52,0.076,0.239,0.279
0.229,0.296,0.555,0.44,0.52,0.076,0.239,0.28
0.229,0.296,0.555,0.44,0.52,0.076,0.239,0.279
0.229,0.296,0.555,0.44,0.52,0.076,0.239,0.279
0.229,0.296,0.555,0.44,0.52,0.076,0.239,0.279
0.229,0.296,0.555,0.44,0.52,0.076,0.239,0.279
0.229,0.296,0.554,0.44,0.52,0.076,0.239,0.279
0.229,0.296,0.554,0.44,0.52,0.076,0.239,0.279
0.229,0.296,0.554,0.44,0.52,0.076,0.239,0.279
0.229,0.296,0.554,0.44,0.52,0.076,0.239,0.279
0.229,0.296,0.554,0.439,0.519,0.076,0.239,0.279
0.229,0.295,0.554,0.439,0.519,0.076,0.239,0.279
0.229,0.296,0.554,0.439,0.519,0.076,0.239,0.279
0.228,0.295,0.554,0.439,0.519,0.076,0.239,0.279
0.228,0.295,0.554,0.439,0.519,0.076,0.239,0.279
0.228,0.295,0.554,0.439,0.519,0.076,0.239,0.279
0.229,0.295,0.553,0.439,0.519,0.076,0.239,0.279
0.228,0.295,0.553,0.439,0.519,0.076,0.239,0.279
0.228,0.295,0.553,0.439,0.519,0.076,0.239,0.279
0.228,0.295,0.553,0.439,0.519,0.076,0.239,0.279
0.228,0.295,0.553,0.439,0.519,0.076,0.239,0.279
0.228,0.295,0.553,0.439,0.519,0.076,0.239,0.279
0.228,0.295,0.553,0.439,0.519,0.076,0.239,0.279
0.228,0.295,0.553,0.439,0.519,0.076,0.239,0.279
0.228,0.295,0.553,0.439,0.519,0.076,0.239,0.279
0.228,0.295,0.553,0.438,0.519,0.076,0.239,0.279
0.228,0.295,0.553,0.439,0.518,0.076,0.239,0.279
0.228,0.295,0.553,0.438,0.518,0.076,0.238,0.279
0.228,0.295,0.553,0.438,0.518,0.076,0.239,0.279
0.228,0.295,0.552,0.438,0.518,0.076,0.239,0.279
0.228,0.295,0.552,0.438,0.518,0.076,0.239,0.278
0.228,0.295,0.552,0.438,0.518,0.076,0.238,0.279
0.228,0.295,0.552,0.438,0.518,0.076,0.238,0.279
0.228,0.295,0.552,0.438,0.518,0.076,0.238,0.279
0.228,0.295,0.552,0.438,0.518,0.076,0.238,0.279
0.228,0.295,0.552,0.438,0.518,0.076,0.238,0.278
0.228,0.295,0.552,0.438,0.518,0.076,0.238,0.279
0.228,0.295,0.552,0.438,0.518,0.076,0.238,0.278
0.228,0.295,0.552,0.438,0.518,0.076,0.238,0.278
0.228,0.295,0.552,0.438,0.518,0.076,0.238,0.278
0.228,0.295,0.551,0.438,0.518,0.076,0.238,0.278
0.228,0.295,0.551,0.438,0.518,0.076,0.238,0.278
0.227,0.295,0.551,0.438,0.518,0.076,0.238,0.278
0.227,0.295,0.551,0.437,0.518,0.076,0.238,0.278
0.227,0.295,0.551,0.437,0.518,0.075,0.238,0.278
0.228,0.295,0.551,0.437,0.518,0.076,0.238,0.279
0.227,0.295,0.551,0.437,0.517,0.076,0.238,0.278
0.227,0.295,0.551,0.437,0.517,0.076,0.238,0.278
0.227,0.295,0.551,0.437,0.517,0.076,0.238,0.278
0.227,0.295,0.551,0.437,0.517,0.076,0.238,0.278
0.227,0.295,0.55,0.437,0.517,0.076,0.238,0.278
0.227,0.295,0.55,0.437,0.517,0.076,0.238,0.278
0.227,0.295,0.55,0.437,0.517,0.076,0.238,0.278
0.227,0.295,0.55,0.437,0.517,0.076,0.238,0.278
0.227,0.295,0.55,0.437,0.517,0.076,0.238,0.278
0.227,0.294,0.55,0.437,0.517,0.076,0.238,0.278
0.227,0.294,0.55,0.437,0.517,0.076,0.238,0.278
0.227,0.295,0.55,0.437,0.517,0.076,0.238,0.278
0.227,0.295,0.55,0.437,0.517,0.076,0.238,0.278
0.227,0.294,0.549,0.437,0.517,0.075,0.238,0.278
0.227,0.294,0.549,0.437,0.517,0.076,0.238,0.278
0.227,0.294,0.549,0.437,0.517,0.076,0.238,0.278
0.227,0.294,0.549,0.437,0.517,0.076,0.237,0.278
0.227,0.294,0.549,0.437,0.516,0.076,0.237,0.278
0.227,0.294,0.549,0.437,0.516,0.076,0.238,0.278
0.227,0.294,0.549,0.437,0.516,0.075,0.237,0.277
0.227,0.294,0.549,0.437,0.516,0.075,0.237,0.278
0.227,0.294,0.549,0.437,0.516,0.076,0.237,0.278
0.227,0.294,0.549,0.437,0.516,0.076,0.237,0.277
0.226,0.294,0.549,0.436,0.516,0.076,0.237,0.277
0.227,0.294,0.549,0.436,0.516,0.076,0.237,0.277
0.227,0.294,0.548,0.436,0.516,0.076,0.237,0.277
0.226,0.294,0.548,0.436,0.516,0.076,0.237,0.277
0.226,0.294,0.548,0.436,0.516,0.075,0.237,0.277
0.226,0.294,0.548,0.436,0.516,0.075,0.237,0.277
0.227,0.294,0.548,0.436,0.516,0.076,0.237,0.277
0.226,0.294,0.548,0.436,0.516,0.076,0.237,0.277
0.226,0.294,0.548,0.436,0.516,0.076,0.237,0.277
0.226,0.294,0.548,0.436,0.516,0.075,0.237,0.277
0.226,0.294,0.548,0.436,0.516,0.076,0.237,0.277
0.226,0.294,0.548,0.436,0.515,0.076,0.237,0.277
0.226,0.294,0.548,0.436,0.515,0.076,0.237,0.277
0.226,0.294,0.548,0.436,0.515,0.075,0.237,0.277
0.226,0.294,0.547,0.436,0.515,0.075,0.237,0.277
0.226,0.294,0.547,0.435,0.515,0.075,0.237,0.277
0.226,0.294,0.547,0.435,0.515,0.075,0.237,0.277
0.226,0.294,0.547,0.435,0.515,0.075,0.237,0.277
0.226,0.294,0.547,0.435,0.515,0.075,0.237,0.277
0.226,0.294,0.547,0.435,0.515,0.075,0.237,0.277
0.226,0.294,0.547,0.435,0.515,0.075,0.237,0.277
0.226,0.293,0.547,0.435,0.515,0.075,0.237,0.277
0.226,0.294,0.547,0.435,0.515,0.076,0.237,0.277
0.226,0.294,0.547,0.435,0.515,0.076,0.237,0.277
0.226,0.294,0.546,0.435,0.515,0.075,0.237,0.277
0.226,0.294,0.546,0.435,0.515,0.076,0.237,0.277
0.226,0.293,0.546,0.435,0.515,0.075,0.237,0.276
0.226,0.293,0.546,0.435,0.515,0.075,0.237,0.277
0.226,0.293,0.546,0.435,0.515,0.075,0.236,0.276
0.226,0.293,0.546,0.435,0.515,0.075,0.236,0.277
0.226,0.293,0.546,0.435,0.515,0.075,0.236,0.276
0.226,0.293,0.546,0.435,0.515,0.075,0.237,0.277
0.226,0.293,0.546,0.435,0.515,0.076,0.236,0.276
0.226,0.293,0.546,0.435,0.514,0.075,0.236,0.276
0.226,0.293,0.546,0.435,0.514,0.075,0.236,0.276
0.226,0.293,0.545,0.435,0.514,0.075,0.236,0.276
0.225,0.293,0.545,0.435,0.514,0.075,0.236,0.276
0.225,0.293,0.545,0.435,0.514,0.075,0.236,0.276
0.225,0.293,0.545,0.434,0.514,0.075,0.236,0.276
0.225,0.293,0.545,0.435,0.514,0.075,0.236,0.276
0.225,0.293,0.545,0.434,0.514,0.075,0.236,0.276
0.225,0.293,0.545,0.434,0.514,0.075,0.236,0.276
0.225,0.293,0.545,0.434,0.514,0.075,0.236,0.276
0.225,0.293,0.545,0.434,0.514,0.075,0.236,0.276
0.225,0.293,0.545,0.434,0.514,0.075,0.236,0.276
0.225,0.293,0.545,0.434,0.514,0.076,0.236,0.276
0.225,0.293,0.544,0.434,0.514,0.075,0.236,0.276
0.225,0.293,0.544,0.434,0.514,0.075,0.236,0.276
0.225,0.293,0.544,0.434,0.514,0.075,0.236,0.276
0.225,0.293,0.544,0.434,0.513,0.075,0.236,0.276
0.225,0.293,0.544,0.434,0.513,0.075,0.236,0.276
0.225,0.292,0.544,0.434,0.513,0.075,0.236,0.276
0.225,0.293,0.544,0.434,0.513,0.075,0.236,0.276
0.225,0.293,0.544,0.434,0.513,0.075,0.236,0.276
0.225,0.293,0.544,0.434,0.513,0.075,0.236,0.276
0.225,0.293,0.544,0.433,0.513,0.075,0.236,0.275
0.225,0.292,0.544,0.433,0.513,0.075,0.236,0.275
0.225,0.292,0.543,0.433,0.513,0.075,0.236,0.276
0.225,0.292,0.543,0.433,0.513,0.075,0.236,0.275
0.225,0.292,0.543,0.433,0.513,0.075,0.236,0.275
0.225,0.292,0.543,0.433,0.513,0.075,0.236,0.275
0.225,0.292,0.543,0.433,0.513,0.075,0.236,0.275
0.225,0.292,0.543,0.433,0.513,0.075,0.235,0.275
0.225,0.292,0.543,0.433,0.513,0.075,0.235,0.275
0.224,0.292,0.543,0.433,0.513,0.075,0.235,0.275
0.224,0.292,0.543,0.433,0.512,0.075,0.235,0.275
0.224,0.292,0.543,0.433,0.513,0.075,0.235,0.275
0.224,0.292,0.542,0.433,0.512,0.075,0.235,0.275
0.224,0.292,0.542,0.433,0.512,0.075,0.235,0.275
0.224,0.292,0.542,0.432,0.512,0.075,0.235,0.275
0.224,0.292,0.542,0.432,0.512,0.075,0.235,0.275
0.224,0.292,0.542,0.432,0.512,0.075,0.235,0.275
0.224,0.292,0.542,0.432,0.512,0.075,0.235,0.275
0.224,0.292,0.542,0.432,0.512,0.075,0.235,0.275
0.224,0.292,0.542,0.432,0.512,0.075,0.235,0.275
0.224,0.292,0.542,0.432,0.512,0.075,0.235,0.275
0.224,0.292,0.542,0.432,0.512,0.075,0.235,0.275
0.224,0.292,0.542,0.432,0.512,0.075,0.235,0.275
0.224,0.292,0.542,0.432,0.512,0.075,0.235,0.275
0.224,0.292,0.541,0.432,0.512,0.075,0.235,0.275
0.224,0.292,0.541,0.432,0.512,0.075,0.235,0.275
0.224,0.292,0.541,0.432,0.512,0.075,0.235,0.275
0.224,0.292,0.541,0.432,0.512,0.075,0.235,0.275
0.224,0.292,0.541,0.432,0.511,0.075,0.235,0.275
0.224,0.292,0.541,0.432,0.511,0.075,0.235,0.275
0.224,0.292,0.541,0.432,0.511,0.075,0.235,0.275
0.224,0.292,0.541,0.431,0.511,0.075,0.235,0.275
0.224,0.292,0.541,0.431,0.511,0.075,0.235,0.275
0.224,0.291,0.541,0.431,0.511,0.075,0.235,0.275
0.224,0.292,0.54,0.431,0.511,0.075,0.235,0.275
0.223,0.291,0.54,0.431,0.511,0.075,0.235,0.275
0.224,0.291,0.54,0.431,0.511,0.075,0.235,0.275
0.223,0.291,0.54,0.431,0.511,0.075,0.235,0.275
0.223,0.291,0.54,0.431,0.511,0.075,0.235,0.275
0.223,0.291,0.54,0.431,0.511,0.075,0.235,0.275
0.223,0.291,0.54,0.431,0.511,0.075,0.235,0.275
0.224,0.291,0.54,0.431,0.511,0.075,0.235,0.275
0.223,0.291,0.54,0.431,0.511,0.075,0.235,0.275
0.223,0.291,0.54,0.431,0.511,0.075,0.234,0.275
0.223,0.291,0.54,0.431,0.511,0.075,0.235,0.275
0.223,0.291,0.54,0.43,0.511,0.075,0.234,0.274
0.223,0.291,0.539,0.431,0.511,0.075,0.234,0.275
0.223,0.291,0.54,0.431,0.511,0.075,0.234,0.274
0.223,0.291,0.539,0.431,0.511,0.075,0.234,0.274
0.223,0.291,0.539,0.43,0.511,0.075,0.234,0.274
0.223,0.291,0.539,0.431,0.51,0.075,0.234,0.274
0.223,0.291,0.539,0.431,0.51,0.075,0.234,0.274
0.223,0.291,0.539,0.431,0.51,0.075,0.234,0.274
0.223,0.291,0.539,0.431,0.51,0.075,0.234,0.274
0.223,0.291,0.539,0.431,0.51,0.075,0.234,0.274
0.223,0.291,0.539,0.431,0.51,0.075,0.234,0.274
0.223,0.291,0.539,0.431,0.51,0.075,0.234,0.274
0.223,0.291,0.539,0.431,0.51,0.075,0.234,0.274
0.223,0.291,0.539,0.431,0.51,0.075,0.234,0.274
0.223,0.291,0.539,0.431,0.51,0.075,0.234,0.274
0.223,0.291,0.539,0.431,0.51,0.075,0.234,0.274
0.223,0.291,0.539,0.431,0.51,0.075,0.234,0.274
0.223,0.291,0.539,0.431,0.51,0.075,0.234,0.274
0.223,0.291,0.539,0.431,0.51,0.075,0.234,0.274
0.223,0.291,0.539,0.431,0.51,0.075,0.234,0.274
0.223,0.291,0.539,0.431,0.51,0.075,0.234,0.274
0.223,0.291,0.539,0.431,0.51,0.075,0.234,0.274
0.223,0.291,0.539,0.431,0.51,0.075,0.234,0.274
0.223,0.291,0.539,0.431,0.51,0.075,0.234,0.274
0.223,0.291,0.539,0.431,0.51,0.075,0.234,0.274
0.223,0.291,0.539,0.431,0.51,0.075,0.234,0.274
0.223,0.291,0.539,0.431,0.51,0.075,0.234,0.274
0.223,0.291,0.539,0.431,0.51,0.075,0.234,0.274
0.223,0.291,0.539,0.431,0.51,0.075,0.234,0.274
0.223,0.291,0.539,0.431,0.51,0.075,0.234,0.274
0.223,0.291,0.539,0.431,0.51,0.075,0.234,0.274
0.223,0.291,0.539,0.431,0.51,0.075,0.234,0.274
0.223,0.291,0.539,0.431,0.51,0.075,0.234,0.274
0.223,0.291,0.539,0.431,0.51,0.075,0.234,0.274
0.223,0.291,0.539,0.431,0.51,0.075,0.234,0.274
0.223,0.291,0.539,0.431,0.51,0.075,0.234,0.274
0.223,0.291,0.539,0.431,0.51,0.075,0.234,0.274
0.223,0.291,0.539,0.431,0.51,0.075,0.234,0.274
0.223,0.291,0.539,0.431,0.51,0.075,0.234,0.274
0.223,0.291,0.539,0.431,0.51,0.075,0.234,0.274
0.223,0.291,0.539,0.431,0.51,0.075,0.234,0.274
0.223,0.291,0.539,0.431,0.51,0.075,0.234,0.274
0.223,0.291,0.539,0.431,0.51,0.075,0.234,0.274
0.223,0.291,0.539,0.431,0.51,0.075,0.234,0.274
0.223,0.291,0.539,0.431,0.51,0.075,0.234,0.274
0.223,0.291,0.539,0.431,0.51,0.075,0.234,0.274
0.223,0.291,0.539,0.431,0.51,0.075,0.234,0.274
0.223,0.291,0.539,0.431,0.51,0.075,0.234,0.274
0.223,0.291,0.539,0.431,0.51,0.075,0.234,0.274
0.223,0.291,0.539,0.431,0.51,0.075,0.234,0.274
0.223,0.291,0.539,0.431,0.51,0.075,0.234,0.274
0.223,0.291,0.539,0.431,0.51,0.075,0.234,0.274
0.223,0.291,0.539,0.431,0.51,0.075,0.234,0.274
0.223,0.291,0.539,0.431,0.51,0.075,0.234,0.274
0.223,0.291,0.539,0.431,0.51,0.075,0.234,0.274
0.223,0.291,0.539,0.431,0.51,0.075,0.234,0.274
0.223,0.291,0.539,0.431,0.51,0.075,0.234,0.274
0.223,0.291,0.539,0.431,0.51,0.075,0.234,0.274
0.223,0.291,0.539,0.431,0.51,0.075,0.234,0.274
0.223,0.291,0.539,0.431,0.51,0.075,0.234,0.274
0.223,0.291,0.539,0.431,0.51,0.075,0.234,0.274
0.223,0.291,0.539,0.431,0.51,0.075,0.234,0.274
0.223,0.291,0.539,0.431,0.51,0.075,0.234,0.274
0.223,0.291,0.539,0.431,0.51,0.075,0.234,0.274
0.223,0.291,0.539,0.431,0.51,0.075,0.234,0.274
0.223,0.291,0.539,0.431,0.51,0.075,0.234,0.274
0.223,0.291,0.539,0.431,0.51,0.075,0.234,0.274
0.223,0.291,0.539,0.431,0.51,0.075,0.234,0.274
0.223,0.291,0.539,0.431,0.51,0.075,0.234,0.274
0.223,0.291,0.539,0.431,0.51,0.075,0.234,0.274
0.223,0.291,0.539,0.431,0.51,0.075,0.234,0.274
0.223,0.291,0.539,0.431,0.51,0.075,0.234,0.274
0.223,0.291,0.539,0.431,0.51,0.075,0.234,0.274
0.223,0.291,0.539,0.431,0.51,0.075,0.234,0.274
0.223,0.291,0.539,0.431,0.51,0.075,0.234,0.274
0.223,0.291,0.539,0.431,0.51,0.075,0.234,0.274
0.223,0.291,0.539,0.431,0.51,0.075,0.234,0.274
0.223,0.291,0.539,0.431,0.51,0.075,0.234,0.274
0.223,0.291,0.539,0.431,0.51,0.075,0.234,0.274
0.223,0.291,0.539,0.431,0.51,0.075,0.234,0.274
0.223,0.291,0.539,0.431,0.51,0.075,0.234,0.274
0.223,0.291,0.539,0.431,0.51,0.075,0.234,0.274
0.223,0.291,0.539,0.431,0.51,0.075,0.234,0.274
0.223,0.291,0.539,0.431,0.51,0.075,0.234,0.274
0.223,0.291,0.539,0.431,0.51,0.075,0.234,0.274
0.223,0.291,0.539,0.431,0.51,0.075,0.234,0.274
0.223,0.291,0.539,0.431,0.51,0.075,0.234,0.274
0.223,0.291,0.539,0.431,0.51,0.075,0.234,0.274
0.223,0.291,0.539,0.431,0.51,0.075,0.234,0.274
0.223,0.291,0.539,0.431,0.51,0.075,0.234,0.274
0.223,0.291,0.539,0.431,0.51,0.075,0.234,0.274
0.223,0.291,0.539,0.431,0.51,0.075,0.234,0.274
0.223,0.291,0.539,0.431,0.51,0.075,0.234,0.274
0.223,0.291,0.539,0.431,0.51,0.075,0.234,0.274
0.223,0.291,0.539,0.431,0.51,0.075,0.234,0.274
0.223,0.291,0.539,0.431,0.51,0.075,0.234,0.274
0.223,0.291,0.539,0.431,0.51,0.075,0.234,0.274
0.223,0.291,0.539,0.431,0.51,0.075,0.234,0.274
0.223,0.291,0.539,0.431,0.51,0.075,0.234,0.274
0.223,0.291,0.539,0.431,0.51,0.075,0.234,0.274
0.223,0.291,0.539,0.431,0.51,0.075,0.234,0.274
0.223,0.291,0.539,0.431,0.51,0.075,0.234,0.274
0.223,0.291,0.539,0.431,0.51,0.075,0.234,0.274
0.223,0.291,0.539,0.431,0.51,0.075,0.234,0.274
0.223,0.291,0.539,0.431,0.51,0.075,0.234,0.274
0.223,0.291,0.539,0.431,0.51,0.075,0.234,0.274
0.223,0.291,0.539,0.431,0.51,0.075,0.234,0.274
0.223,0.291,0.539,0.431,0.51,0.075,0.234,0.274
0.223,0.291,0.539,0.431,0.51,0.075,0.234,0.274
0.223,0.291,0.539,0.431,0.51,0.075,0.234,0.274
0.223,0.291,0.539,0.431,0.51,0.075,0.234,0.274
0.223,0.291,0.539,0.431,0.51,0.075,0.234,0.274
0.223,0.291,0.539,0.431,0.51,0.075,0.234,0.274
0.223,0.291,0.539,0.431,0.51,0.075,0.234,0.274
0.223,0.291,0.539,0.431,0.51,0.075,0.234,0.274
0.223,0.291,0.539,0.431,0.51,0.075,0.234,0.274
0.223,0.291,0.539,0.431,0.51,0.075,0.234,0.274
0.223,0.291,0.539,0.431,0.51,0.075,0.234,0.274
0.223,0.291,0.539,0.431,0.51,0.075,0.234,0.274
0.223,0.291,0.539,0.431,0.51,0.075,0.234,0.274
0.223,0.291,0.539,0.431,0.51,0.075,0.234,0.274
0.223,0.291,0.539,0.431,0.51,0.075,0.234,0.274
0.223,0.291,0.539,0.431,0.51,0.075,0.234,0.274
0.223,0.291,0.539,0.431,0.51,0.075,0.234,0.274
0.223,0.291,0.539,0.431,0.51,0.075,0.234,0.274
0.223,0.291,0.539,0.431,0.51,0.075,0.234,0.274
0.223,0.291,0.539,0.431,0.51,0.075,0.234,0.274
0.223,0.291,0.539,0.431,0.51,0.075,0.234,0.274
0.223,0.291,0.539,0.431,0.51,0.075,0.234,0.274
0.223,0.291,0.539,0.431,0.51,0.075,0.234,0.274
0.223,0.291,0.539,0.431,0.51,0.075,0.234,0.274
0.223,0.291,0.539,0.431,0.51,0.075,0.234,0.274
0.223,0.291,0.539,0.431,0.51,0.075,0.234,0.274
0.223,0.291,0.539,0.431,0.51,0.075,0.234,0.274
0.223,0.291,0.539,0.431,0.51,0.075,0.234,0.274
0.223,0.291,0.539,0.431,0.51,0.075,0.234,0.274
0.223,0.291,0.539,0.431,0.51,0.075,0.234,0.274
0.223,0.291,0.539,0.431,0.51,0.075,0.234,0.274
0.223,0.291,0.539,0.431,0.51,0.075,0.234,0.274
0.223,0.291,0.539,0.431,0.51,0.075,0.234,0.274
0.223,0.291,0.539,0.431,0.51,0.075,0.234,0.274
0.223,0.291,0.539,0.431,0.51,0.075,0.234,0.274
0.223,0.291,0.539,0.431,0.51,0.075,0.234,0.274
0.223,0.291,0.539,0.431,0.51,0.075,0.234,0.274
0.223,0.291,0.539,0.431,0.51,0.075,0.234,0.274
0.223,0.291,0.539,0.431,0.51,0.075,0.234,0.274
0.223,0.291,0.539,0.431,0.51,0.075,0.234,0.274
0.223,0.291,0.539,0.431,0.51,0.075,0.234,0.274
0.223,0.291,0.539,0.431,0.51,0.075,0.234,0.274
0.223,0.291,0.539,0.431,0.51,0.075,0.234,0.274
0.223,0.291,0.539,0.431,0.51,0.075,0.234,0.274
0.223,0.291,0.539,0.431,0.51,0.075,0.234,0.274
0.223,0.291,0.539,0.431,0.51,0.075,0.234,0.274
0.223,0.291,0.539,0.431,0.51,0.075,0.234,0.274
0.223,0.291,0.539,0.431,0.51,0.075,0.234,0.274
0.223,0.291,0.539,0.431,0.51,0.075,0.234,0.274
0.223,0.291,0.539,0.431,0.51,0.075,0.234,0.274
0.223,0.291,0.539,0.431,0.51,0.075,0.234,0.274
0.223,0.291,0.539,0.431,0.51,0.075,0.234,0.274
0.223,0.291,0.539,0.431,0.51,0.075,0.234,0.274
0.223,0.291,0.539,0.431,0.51,0.075,0.234,0.274
0.223,0.291,0.539,0.431,0.51,0.075,0.234,0.274
0.223,0.291,0.539,0.431,0.51,0.075,0.234,0.274
0.223,0.291,0.539,0.431,0.51,0.075,0.234,0.274
0.223,0.291,0.539,0.431,0.51,0.075,0.234,0.274
0.223,0.291,0.539,0.431,0.51,0.075,0.234,0.274
0.223,0.291,0.539,0.431,0.51,0.075,0.234,0.274
0.223,0.291,0.539,0.431,0.51,0.075,0.234,0.274
0.223,0.291,0.539,0.431,0.51,0.075,0.234,0.274
0.223,0.291,0.539,0.431,0.51,0.075,0.234,0.274
0.223,0.291,0.539,0.431,0.51,0.075,0.234,0.274
0.223,0.291,0.539,0.431,0.51,0.075,0.234,0.274
0.223,0.291,0.539,0.431,0.51,0.075,0.234,0.274
0.223,0.291,0.539,0.431,0.51,0.075,0.234,0.274
0.223,0.291,0.539,0.431,0.51,0.075,0.234,0.274
0.223,0.291,0.539,0.431,0.51,0.075,0.234,0.274
0.223,0.291,0.539,0.431,0.51,0.075,0.234,0.274
0.223,0.291,0.539,0.431,0.51,0.075,0.234,0.274
0.223,0.291,0.539,0.431,0.51,0.075,0.234,0.274
0.223,0.291,0.539,0.431,0.51,0.075,0.234,0.274
0.223,0.291,0.539,0.431,0.51,0.075,0.234,0.274
0.223,0.291,0.539,0.431,0.51,0.075,0.234,0.274
0.223,0.291,0.539,0.431,0.51,0.075,0.234,0.274
0.223,0.291,0.539,0.431,0.51,0.075,0.234,0.274
0.223,0.291,0.539,0.431,0.51,0.075,0.234,0.274
0.223,0.291,0.539,0.431,0.51,0.075,0.234,0.274
0.223,0.291,0.539,0.431,0.51,0.075,0.234,0.274
0.223,0.291,0.539,0.431,0.51,0.075,0.234,0.274
0.223,0.291,0.539,0.431,0.51,0.075,0.234,0.274
0.223,0.291,0.539,0.431,0.51,0.075,0.234,0.274
0.223,0.291,0.539,0.431,0.51,0.075,0.234,0.274
0.223,0.291,0.539,0.431,0.51,0.075,0.234,0.274
0.223,0.291,0.539,0.431,0.51,0.075,0.234,0.274
0.223,0.291,0.539,0.431,0.51,0.075,0.234,0.274
0.223,0.291,0.539,0.431,0.51,0.075,0.234,0.274
0.223,0.291,0.539,0.431,0.51,0.075,0.234,0.274
0.223,0.291,0.539,0.431,0.51,0.075,0.234,0.274
0.223,0.291,0.539,0.431,0.51,0.075,0.234,0.274
0.223,0.291,0.539,0.431,0.51,0.075,0.234,0.274
0.223,0.291,0.539,0.431,0.51,0.075,0.234,0.274
0.223,0.291,0.539,0.431,0.51,0.075,0.234,0.274
0.223,0.291,0.539,0.431,0.51,0.075,0.234,0.274
0.223,0.291,0.539,0.431,0.51,0.075,0.234,0.274
0.223,0.291,0.539,0.431,0.51,0.075,0.234,0.274
0.223,0.291,0.539,0.431,0.51,0.075,0.234,0.274
0.223,0.291,0.539,0.431,0.51,0.075,0.234,0.274
0.223,0.291,0.539,0.431,0.51,0.075,0.234,0.274
0.223,0.291,0.539,0.431,0.51,0.075,0.234,0.274
0.223,0.291,0.539,0.431,0.51,0.075,0.234,0.274
0.223,0.291,0.539,0.431,0.51,0.075,0.234,0.274
0.223,0.291,0.539,0.431,0.51,0.075,0.234,0.274
0.223,0.291,0.539,0.431,0.51,0.075,0.234,0.274
0.223,0.291,0.539,0.431,0.51,0.075,0.234,0.274
0.223,0.291,0.539,0.431,0.51,0.075,0.234,0.274
0.223,0.291,0.539,0.431,0.51,0.075,0.234,0.274
0.223,0.291,0.539,0.431,0.51,0.075,0.234,0.274
0.223,0.291,0.539,0.431,0.51,0.075,0.234,0.274
0.223,0.291,0.539,0.431,0.51,0.075,0.234,0.274
0.223,0.291,0.539,0.431,0.51,0.075,0.234,0.274
0.223,0.291,0.539,0.431,0.51,0.075,0.234,0.274
0.223,0.291,0.539,0.431,0.51,0.075,0.234,0.274
0.223,0.291,0.539,0.431,0.51,0.075,0.234,0.274
0.223,0.291,0.539,0.431,0.51,0.075,0.234,0.274
0.223,0.291,0.539,0.431,0.51,0.075,0.234,0.274
0.223,0.291,0.539,0.431,0.51,0.075,0.234,0.274
0.223,0.291,0.539,0.431,0.51,0.075,0.234,0.274
0.223,0.291,0.539,0.431,0.51,0.075,0.234,0.274
0.223,0.291,0.539,0.431,0.51,0.075,0.234,0.274
0.223,0.291,0.539,0.431,0.51,0.075,0.234,0.274
0.223,0.291,0.539,0.431,0.51,0.075,0.234,0.274
0.223,0.291,0.539,0.431,0.51,0.075,0.234,0.274
0.223,0.291,0.539,0.431,0.51,0.075,0.234,0.274
0.223,0.291,0.539,0.431,0.51,0.075,0.234,0.274
0.223,0.291,0.539,0.431,0.51,0.075,0.234,0.274
0.223,0.291,0.539,0.431,0.51,0.075,0.234,0.274
0.223,0.291,0.539,0.431,0.51,0.075,0.234,0.274
