S1_D1502,S2_D1502,S3_D1502,S4_D1502,S5_D1502,S6_D1502,S7_D1502,S8_D1502
0.186,0.25,0.442,0.466,0.484,0.061,0.16,0.259
0.186,0.25,0.442,0.466,0.484,0.061,0.16,0.259
0.186,0.25,0.442,0.466,0.484,0.06,0.16,0.259
0.186,0.25,0.441,0.466,0.484,0.061,0.16,0.259
0.186,0.25,0.441,0.466,0.484,0.061,0.16,0.259
0.186,0.25,0.441,0.465,0.484,0.061,0.16,0.259
0.186,0.25,0.441,0.465,0.484,0.061,0.16,0.259
0.186,0.25,0.441,0.465,0.484,0.061,0.16,0.259
0.186,0.25,0.441,0.465,0.484,0.061,0.16,0.259
0.186,0.25,0.441,0.465,0.484,0.061,0.16,0.259
0.186,0.25,0.441,0.465,0.484,0.06,0.16,0.259
0.186,0.25,0.441,0.465,0.483,0.06,0.16,0.259
0.186,0.25,0.441,0.465,0.483,0.061,0.16,0.258
0.185,0.249,0.441,0.465,0.483,0.06,0.16,0.259
0.186,0.249,0.441,0.465,0.483,0.061,0.16,0.259
0.185,0.25,0.44,0.465,0.483,0.061,0.16,0.258
0.185,0.25,0.44,0.465,0.483,0.061,0.16,0.258
0.185,0.249,0.44,0.465,0.483,0.061,0.16,0.258
0.185,0.249,0.44,0.465,0.483,0.06,0.16,0.259
0.185,0.249,0.44,0.465,0.483,0.061,0.16,0.258
0.185,0.249,0.44,0.465,0.483,0.06,0.16,0.258
0.185,0.249,0.44,0.465,0.483,0.061,0.16,0.258
0.185,0.249,0.44,0.465,0.483,0.06,0.16,0.258
0.185,0.249,0.44,0.464,0.483,0.061,0.16,0.258
0.185,0.249,0.44,0.465,0.483,0.061,0.16,0.258
0.185,0.249,0.44,0.465,0.483,0.06,0.16,0.258
0.185,0.249,0.44,0.464,0.483,0.061,0.16,0.258
0.185,0.249,0.439,0.464,0.483,0.06,0.16,0.258
0.185,0.249,0.439,0.464,0.483,0.06,0.159,0.258
0.185,0.249,0.439,0.464,0.483,0.061,0.16,0.258
0.185,0.249,0.439,0.464,0.483,0.06,0.16,0.258
0.185,0.249,0.439,0.464,0.482,0.06,0.16,0.258
0.185,0.249,0.439,0.464,0.482,0.061,0.16,0.258
0.185,0.249,0.439,0.464,0.482,0.06,0.16,0.258
0.185,0.249,0.439,0.464,0.482,0.061,0.16,0.258
0.185,0.249,0.439,0.464,0.482,0.061,0.16,0.258
0.185,0.249,0.439,0.464,0.482,0.06,0.159,0.258
0.185,0.249,0.439,0.464,0.482,0.06,0.159,0.258
0.185,0.249,0.439,0.464,0.482,0.061,0.159,0.258
0.185,0.249,0.439,0.464,0.482,0.061,0.159,0.258
0.185,0.249,0.438,0.464,0.482,0.06,0.159,0.258
0.185,0.249,0.438,0.463,0.482,0.06,0.159,0.258
0.185,0.249,0.438,0.463,0.482,0.06,0.159,0.258
0.185,0.249,0.438,0.463,0.482,0.06,0.159,0.258
0.185,0.249,0.438,0.463,0.482,0.06,0.159,0.258
0.185,0.249,0.438,0.463,0.482,0.06,0.159,0.257
0.185,0.249,0.438,0.463,0.482,0.06,0.159,0.258
0.185,0.249,0.438,0.463,0.482,0.06,0.159,0.258
0.185,0.249,0.438,0.463,0.482,0.06,0.159,0.258
0.185,0.249,0.438,0.463,0.482,0.06,0.159,0.258
0.185,0.249,0.438,0.463,0.481,0.06,0.159,0.257
0.185,0.249,0.438,0.463,0.481,0.06,0.159,0.257
0.184,0.249,0.438,0.463,0.481,0.06,0.159,0.257
0.184,0.249,0.438,0.463,0.481,0.06,0.159,0.257
0.184,0.249,0.437,0.463,0.481,0.061,0.159,0.257
0.184,0.249,0.437,0.463,0.481,0.061,0.159,0.257
0.184,0.249,0.437,0.463,0.481,0.06,0.159,0.257
0.184,0.249,0.437,0.463,0.481,0.061,0.159,0.257
0.184,0.249,0.437,0.463,0.481,0.061,0.159,0.257
0.184,0.249,0.437,0.463,0.481,0.06,0.159,0.257
0.184,0.249,0.437,0.464,0.482,0.06,0.159,0.258
0.184,0.249,0.437,0.464,0.482,0.06,0.159,0.258
0.184,0.249,0.437,0.464,0.482,0.06,0.159,0.258
0.184,0.249,0.437,0.465,0.482,0.06,0.159,0.258
0.184,0.249,0.437,0.465,0.482,0.06,0.159,0.258
0.184,0.249,0.437,0.465,0.483,0.06,0.159,0.259
0.184,0.249,0.437,0.466,0.483,0.06,0.159,0.259
0.184,0.249,0.437,0.466,0.483,0.06,0.159,0.259
0.184,0.249,0.437,0.467,0.483,0.06,0.159,0.26
0.184,0.25,0.437,0.467,0.484,0.06,0.159,0.26
0.184,0.25,0.436,0.468,0.484,0.06,0.159,0.26
0.184,0.25,0.436,0.468,0.484,0.06,0.159,0.261
0.184,0.25,0.436,0.469,0.484,0.06,0.159,0.261
0.184,0.25,0.436,0.469,0.485,0.06,0.159,0.262
0.184,0.25,0.436,0.47,0.485,0.06,0.159,0.262
0.184,0.25,0.436,0.47,0.485,0.06,0.159,0.263
0.184,0.25,0.436,0.471,0.485,0.06,0.159,0.263
0.184,0.251,0.436,0.472,0.486,0.06,0.159,0.264
0.184,0.251,0.436,0.472,0.486,0.06,0.159,0.264
0.184,0.251,0.436,0.473,0.487,0.06,0.159,0.265
0.184,0.251,0.436,0.474,0.487,0.06,0.159,0.266
0.184,0.251,0.436,0.474,0.488,0.06,0.159,0.266
0.184,0.252,0.436,0.475,0.488,0.06,0.159,0.267
0.184,0.252,0.436,0.475,0.488,0.06,0.159,0.268
0.184,0.252,0.436,0.476,0.489,0.06,0.159,0.268
0.184,0.252,0.436,0.477,0.489,0.06,0.159,0.269
0.184,0.252,0.436,0.477,0.49,0.06,0.159,0.27
0.184,0.253,0.436,0.478,0.49,0.06,0.159,0.27
0.184,0.253,0.436,0.479,0.49,0.06,0.158,0.271
0.184,0.253,0.435,0.479,0.491,0.06,0.159,0.272
0.184,0.253,0.436,0.48,0.491,0.06,0.159,0.272
0.184,0.254,0.435,0.48,0.492,0.06,0.159,0.273
0.184,0.254,0.436,0.481,0.492,0.06,0.158,0.274
0.184,0.254,0.435,0.482,0.492,0.06,0.158,0.274
0.184,0.254,0.435,0.482,0.493,0.06,0.159,0.275
0.184,0.255,0.435,0.483,0.493,0.06,0.158,0.276
0.184,0.255,0.435,0.483,0.493,0.06,0.158,0.276
0.184,0.255,0.435,0.484,0.494,0.06,0.158,0.277
0.184,0.255,0.435,0.485,0.494,0.06,0.158,0.277
0.184,0.256,0.435,0.485,0.495,0.06,0.158,0.278
0.184,0.256,0.435,0.486,0.495,0.06,0.158,0.278
0.184,0.256,0.435,0.486,0.495,0.06,0.159,0.279
0.184,0.257,0.435,0.487,0.496,0.06,0.158,0.28
0.184,0.257,0.435,0.487,0.496,0.061,0.158,0.28
0.184,0.257,0.435,0.488,0.497,0.061,0.158,0.281
0.184,0.257,0.435,0.489,0.497,0.06,0.158,0.281
0.184,0.258,0.435,0.489,0.497,0.06,0.158,0.282
0.184,0.258,0.435,0.49,0.497,0.06,0.158,0.282
0.184,0.258,0.435,0.49,0.498,0.06,0.158,0.283
0.184,0.258,0.435,0.491,0.498,0.06,0.158,0.283
0.184,0.259,0.435,0.491,0.499,0.06,0.158,0.284
0.184,0.259,0.435,0.492,0.499,0.06,0.158,0.284
0.184,0.26,0.435,0.492,0.499,0.06,0.158,0.285
0.184,0.26,0.435,0.493,0.5,0.06,0.158,0.285
0.184,0.26,0.435,0.493,0.5,0.06,0.158,0.286
0.184,0.26,0.435,0.494,0.5,0.06,0.158,0.286
0.184,0.261,0.435,0.494,0.501,0.06,0.158,0.287
0.184,0.261,0.435,0.495,0.501,0.06,0.158,0.287
0.184,0.261,0.435,0.495,0.501,0.06,0.158,0.288
0.184,0.262,0.435,0.496,0.502,0.06,0.158,0.288
0.184,0.262,0.435,0.496,0.502,0.06,0.158,0.289
0.184,0.262,0.435,0.497,0.502,0.061,0.158,0.289
0.184,0.262,0.435,0.497,0.503,0.06,0.158,0.29
0.184,0.263,0.435,0.498,0.503,0.06,0.158,0.29
0.184,0.263,0.435,0.499,0.504,0.06,0.158,0.291
0.184,0.263,0.435,0.499,0.504,0.06,0.158,0.291
0.185,0.264,0.435,0.5,0.504,0.061,0.158,0.292
0.184,0.264,0.435,0.5,0.505,0.06,0.158,0.292
0.184,0.264,0.435,0.5,0.505,0.06,0.158,0.293
0.185,0.265,0.435,0.501,0.505,0.06,0.158,0.293
0.185,0.265,0.435,0.502,0.506,0.06,0.158,0.294
0.185,0.265,0.435,0.502,0.506,0.061,0.158,0.294
0.185,0.266,0.435,0.503,0.507,0.06,0.158,0.294
0.185,0.266,0.435,0.503,0.507,0.061,0.158,0.295
0.185,0.266,0.435,0.504,0.507,0.061,0.158,0.295
0.185,0.267,0.435,0.504,0.508,0.06,0.158,0.296
0.185,0.267,0.435,0.505,0.508,0.061,0.158,0.296
0.185,0.267,0.435,0.505,0.508,0.061,0.158,0.297
0.185,0.268,0.435,0.506,0.509,0.061,0.158,0.297
0.185,0.268,0.435,0.506,0.509,0.061,0.158,0.298
0.185,0.268,0.435,0.507,0.509,0.061,0.158,0.298
0.185,0.269,0.435,0.508,0.51,0.06,0.158,0.299
0.185,0.269,0.435,0.508,0.51,0.061,0.158,0.299
0.185,0.269,0.435,0.509,0.511,0.061,0.158,0.3
0.185,0.27,0.435,0.509,0.511,0.061,0.158,0.3
0.185,0.27,0.435,0.51,0.511,0.061,0.158,0.3
0.185,0.27,0.435,0.51,0.512,0.061,0.158,0.301
0.185,0.271,0.435,0.511,0.512,0.061,0.158,0.301
0.185,0.271,0.435,0.511,0.513,0.061,0.158,0.302
0.185,0.271,0.435,0.512,0.513,0.061,0.158,0.302
0.185,0.272,0.435,0.513,0.513,0.061,0.158,0.303
0.185,0.272,0.435,0.513,0.514,0.061,0.158,0.303
0.185,0.273,0.435,0.514,0.514,0.061,0.158,0.304
0.185,0.273,0.435,0.514,0.515,0.061,0.158,0.304
0.185,0.273,0.435,0.515,0.515,0.061,0.158,0.305
0.185,0.273,0.435,0.515,0.516,0.061,0.158,0.305
0.185,0.274,0.435,0.516,0.516,0.061,0.158,0.306
0.185,0.274,0.435,0.516,0.516,0.061,0.158,0.306
0.185,0.275,0.435,0.517,0.517,0.061,0.158,0.306
0.185,0.275,0.435,0.518,0.517,0.061,0.158,0.307
0.185,0.275,0.435,0.518,0.517,0.061,0.158,0.307
0.185,0.276,0.435,0.519,0.518,0.061,0.158,0.308
0.185,0.276,0.435,0.519,0.518,0.061,0.158,0.308
0.185,0.276,0.435,0.52,0.519,0.061,0.158,0.308
0.185,0.277,0.435,0.52,0.519,0.061,0.158,0.309
0.185,0.277,0.435,0.521,0.52,0.061,0.158,0.309
0.185,0.277,0.435,0.521,0.52,0.061,0.158,0.31
0.185,0.278,0.435,0.522,0.52,0.061,0.158,0.31
0.185,0.278,0.435,0.523,0.521,0.061,0.158,0.311
0.186,0.278,0.435,0.523,0.521,0.061,0.158,0.311
0.186,0.279,0.435,0.524,0.522,0.061,0.158,0.312
0.185,0.279,0.435,0.525,0.522,0.061,0.158,0.312
0.185,0.279,0.435,0.525,0.523,0.061,0.158,0.312
0.186,0.28,0.435,0.526,0.523,0.061,0.158,0.313
0.186,0.28,0.435,0.527,0.524,0.061,0.158,0.313
0.185,0.28,0.435,0.528,0.524,0.061,0.158,0.314
0.186,0.281,0.435,0.529,0.525,0.061,0.158,0.314
0.186,0.281,0.435,0.53,0.525,0.061,0.158,0.315
0.186,0.282,0.435,0.53,0.526,0.061,0.158,0.315
0.186,0.283,0.435,0.531,0.526,0.061,0.158,0.316
0.186,0.285,0.435,0.532,0.526,0.061,0.158,0.317
0.186,0.286,0.435,0.532,0.527,0.061,0.158,0.318
0.186,0.288,0.435,0.533,0.527,0.061,0.158,0.319
0.186,0.291,0.436,0.534,0.528,0.061,0.158,0.32
0.186,0.294,0.436,0.535,0.529,0.061,0.158,0.321
0.186,0.297,0.436,0.537,0.529,0.061,0.158,0.322
0.186,0.301,0.436,0.539,0.53,0.061,0.158,0.323
0.186,0.305,0.436,0.541,0.531,0.061,0.158,0.324
0.186,0.309,0.436,0.543,0.533,0.061,0.158,0.326
0.187,0.313,0.437,0.546,0.535,0.061,0.158,0.327
0.187,0.318,0.437,0.549,0.537,0.061,0.158,0.328
0.187,0.322,0.437,0.551,0.54,0.061,0.158,0.329
0.187,0.326,0.437,0.554,0.542,0.062,0.158,0.33
0.187,0.33,0.438,0.556,0.544,0.062,0.158,0.331
0.187,0.334,0.438,0.559,0.547,0.062,0.158,0.332
0.187,0.338,0.438,0.561,0.549,0.062,0.158,0.333
0.187,0.342,0.438,0.564,0.551,0.062,0.158,0.334
0.187,0.345,0.439,0.566,0.553,0.062,0.158,0.335
0.187,0.349,0.439,0.568,0.555,0.062,0.158,0.336
0.188,0.353,0.439,0.57,0.556,0.062,0.158,0.336
0.188,0.358,0.44,0.571,0.558,0.062,0.158,0.338
0.188,0.362,0.44,0.574,0.56,0.062,0.158,0.338
0.188,0.366,0.44,0.576,0.561,0.062,0.158,0.339
0.188,0.37,0.44,0.577,0.563,0.062,0.159,0.34
0.188,0.375,0.441,0.58,0.565,0.063,0.159,0.341
0.188,0.378,0.441,0.582,0.566,0.063,0.159,0.342
0.188,0.382,0.441,0.584,0.568,0.063,0.159,0.343
0.189,0.385,0.442,0.586,0.569,0.063,0.159,0.343
0.189,0.388,0.442,0.588,0.571,0.063,0.159,0.344
0.189,0.391,0.443,0.59,0.572,0.063,0.159,0.345
0.189,0.395,0.443,0.592,0.573,0.063,0.159,0.346
0.189,0.398,0.443,0.593,0.574,0.063,0.159,0.347
0.189,0.402,0.444,0.594,0.575,0.063,0.159,0.347
0.19,0.406,0.444,0.596,0.577,0.064,0.159,0.348
0.19,0.409,0.444,0.597,0.578,0.064,0.159,0.349
0.19,0.413,0.445,0.599,0.58,0.064,0.159,0.35
0.19,0.417,0.445,0.601,0.582,0.064,0.159,0.351
0.19,0.42,0.445,0.603,0.583,0.064,0.159,0.351
0.19,0.424,0.446,0.605,0.585,0.064,0.159,0.352
0.19,0.427,0.446,0.606,0.586,0.064,0.16,0.353
0.19,0.43,0.446,0.608,0.588,0.064,0.16,0.353
0.19,0.433,0.447,0.61,0.589,0.064,0.16,0.354
0.191,0.436,0.447,0.612,0.591,0.065,0.16,0.355
0.191,0.439,0.447,0.613,0.592,0.065,0.16,0.355
0.191,0.442,0.448,0.615,0.593,0.065,0.16,0.355
0.191,0.445,0.448,0.616,0.595,0.065,0.16,0.356
0.191,0.448,0.449,0.618,0.596,0.065,0.16,0.356
0.191,0.451,0.449,0.62,0.598,0.065,0.16,0.357
0.191,0.455,0.449,0.621,0.599,0.066,0.16,0.358
0.192,0.458,0.45,0.622,0.601,0.066,0.16,0.358
0.192,0.462,0.45,0.622,0.602,0.066,0.16,0.36
0.192,0.465,0.45,0.625,0.604,0.066,0.16,0.362
0.192,0.47,0.451,0.63,0.606,0.066,0.161,0.364
0.192,0.475,0.452,0.636,0.608,0.066,0.161,0.368
0.193,0.482,0.452,0.642,0.611,0.067,0.161,0.374
0.193,0.489,0.453,0.648,0.615,0.067,0.161,0.383
0.193,0.498,0.454,0.655,0.62,0.067,0.161,0.392
0.193,0.508,0.454,0.66,0.627,0.067,0.162,0.402
0.194,0.518,0.455,0.666,0.635,0.068,0.162,0.412
0.194,0.529,0.456,0.671,0.643,0.068,0.162,0.421
0.195,0.54,0.456,0.675,0.652,0.069,0.163,0.43
0.196,0.551,0.457,0.68,0.662,0.069,0.163,0.438
0.196,0.564,0.458,0.685,0.671,0.07,0.163,0.446
0.197,0.577,0.459,0.69,0.68,0.07,0.163,0.453
0.197,0.59,0.46,0.696,0.689,0.071,0.164,0.46
0.198,0.603,0.461,0.699,0.697,0.071,0.164,0.466
0.198,0.616,0.462,0.703,0.705,0.072,0.164,0.472
0.199,0.631,0.463,0.707,0.712,0.072,0.164,0.478
0.2,0.646,0.464,0.711,0.72,0.073,0.164,0.483
0.2,0.662,0.466,0.714,0.727,0.073,0.165,0.488
0.201,0.676,0.467,0.718,0.733,0.074,0.165,0.493
0.201,0.689,0.468,0.721,0.74,0.074,0.165,0.498
0.202,0.7,0.469,0.725,0.747,0.075,0.165,0.502
0.202,0.711,0.47,0.73,0.753,0.075,0.165,0.507
0.203,0.723,0.471,0.735,0.759,0.076,0.166,0.511
0.203,0.734,0.472,0.737,0.765,0.076,0.166,0.515
0.204,0.744,0.473,0.74,0.77,0.077,0.166,0.519
0.205,0.755,0.474,0.743,0.776,0.077,0.166,0.523
0.205,0.766,0.475,0.748,0.781,0.078,0.166,0.528
0.205,0.776,0.476,0.752,0.786,0.078,0.166,0.532
0.206,0.786,0.477,0.759,0.791,0.079,0.166,0.536
0.206,0.795,0.478,0.766,0.796,0.079,0.167,0.539
0.207,0.803,0.48,0.772,0.801,0.079,0.167,0.543
0.208,0.812,0.481,0.778,0.805,0.08,0.167,0.547
0.208,0.82,0.482,0.783,0.81,0.08,0.167,0.55
0.209,0.827,0.483,0.789,0.814,0.081,0.167,0.553
0.209,0.834,0.484,0.793,0.818,0.081,0.168,0.557
0.21,0.841,0.485,0.798,0.822,0.082,0.168,0.56
0.211,0.848,0.486,0.801,0.826,0.082,0.168,0.563
0.211,0.854,0.487,0.802,0.83,0.083,0.168,0.567
0.212,0.861,0.488,0.804,0.834,0.083,0.169,0.57
0.212,0.867,0.489,0.806,0.838,0.083,0.169,0.573
0.212,0.874,0.49,0.809,0.842,0.084,0.169,0.576
0.213,0.88,0.491,0.812,0.846,0.084,0.169,0.579
0.214,0.886,0.492,0.814,0.849,0.085,0.17,0.582
0.214,0.892,0.493,0.814,0.853,0.085,0.17,0.585
0.215,0.898,0.494,0.815,0.857,0.086,0.17,0.588
0.215,0.904,0.495,0.816,0.86,0.086,0.17,0.591
0.216,0.91,0.496,0.818,0.864,0.086,0.171,0.594
0.216,0.917,0.497,0.822,0.867,0.087,0.171,0.597
0.217,0.923,0.498,0.826,0.871,0.087,0.171,0.601
0.217,0.929,0.499,0.829,0.875,0.088,0.171,0.604
0.218,0.935,0.501,0.83,0.879,0.088,0.171,0.607
0.218,0.941,0.502,0.835,0.883,0.089,0.172,0.61
0.219,0.946,0.503,0.84,0.887,0.089,0.172,0.614
0.219,0.952,0.504,0.841,0.891,0.09,0.172,0.617
0.22,0.958,0.505,0.844,0.895,0.09,0.172,0.621
0.22,0.964,0.506,0.844,0.899,0.091,0.172,0.624
0.221,0.97,0.507,0.851,0.903,0.091,0.173,0.628
0.221,0.976,0.508,0.854,0.907,0.091,0.173,0.631
0.222,0.981,0.509,0.857,0.91,0.092,0.173,0.634
0.222,0.986,0.51,0.859,0.915,0.092,0.173,0.638
0.223,0.991,0.511,0.863,0.918,0.093,0.173,0.641
0.223,0.996,0.512,0.864,0.922,0.093,0.174,0.644
0.224,1.001,0.513,0.866,0.926,0.094,0.174,0.648
0.224,1.007,0.514,0.869,0.93,0.094,0.174,0.651
0.225,1.012,0.515,0.872,0.934,0.095,0.174,0.654
0.225,1.017,0.516,0.878,0.938,0.095,0.174,0.657
0.226,1.022,0.517,0.883,0.941,0.096,0.175,0.66
0.227,1.026,0.518,0.887,0.945,0.096,0.175,0.663
0.227,1.031,0.519,0.891,0.949,0.097,0.175,0.666
0.228,1.036,0.52,0.893,0.952,0.097,0.175,0.669
0.228,1.04,0.521,0.896,0.956,0.098,0.176,0.672
0.229,1.045,0.522,0.9,0.959,0.098,0.176,0.675
0.229,1.049,0.523,0.902,0.962,0.099,0.176,0.678
0.23,1.053,0.524,0.906,0.966,0.099,0.176,0.68
0.23,1.058,0.525,0.91,0.969,0.1,0.176,0.683
0.231,1.062,0.526,0.914,0.972,0.1,0.176,0.686
0.231,1.065,0.527,0.917,0.976,0.1,0.177,0.688
0.232,1.069,0.528,0.921,0.979,0.101,0.177,0.691
0.233,1.073,0.529,0.925,0.982,0.101,0.177,0.694
0.233,1.077,0.53,0.929,0.985,0.102,0.177,0.696
0.234,1.08,0.531,0.933,0.988,0.102,0.178,0.699
0.234,1.084,0.532,0.937,0.991,0.103,0.178,0.701
0.235,1.087,0.533,0.94,0.994,0.103,0.178,0.704
0.235,1.091,0.534,0.944,0.997,0.104,0.178,0.706
0.236,1.094,0.535,0.947,1.0,0.104,0.178,0.709
0.236,1.097,0.536,0.951,1.003,0.105,0.179,0.711
0.237,1.101,0.537,0.954,1.006,0.105,0.179,0.714
0.237,1.104,0.538,0.958,1.009,0.106,0.179,0.716
0.238,1.107,0.539,0.961,1.012,0.106,0.179,0.718
0.239,1.11,0.54,0.964,1.015,0.107,0.179,0.721
0.239,1.113,0.541,0.967,1.018,0.107,0.18,0.723
0.24,1.115,0.542,0.97,1.021,0.108,0.18,0.726
0.24,1.118,0.543,0.973,1.024,0.108,0.18,0.728
0.241,1.121,0.544,0.976,1.027,0.108,0.18,0.731
0.241,1.124,0.545,0.979,1.03,0.109,0.18,0.733
0.242,1.127,0.546,0.982,1.033,0.109,0.181,0.735
0.243,1.129,0.547,0.984,1.036,0.11,0.181,0.738
0.243,1.132,0.547,0.985,1.038,0.11,0.181,0.74
0.244,1.135,0.548,0.986,1.041,0.111,0.181,0.742
0.244,1.137,0.549,0.988,1.044,0.111,0.181,0.744
0.245,1.14,0.55,0.989,1.047,0.112,0.182,0.747
0.245,1.143,0.551,0.991,1.05,0.112,0.182,0.749
0.246,1.146,0.552,0.994,1.052,0.113,0.182,0.751
0.246,1.142,0.553,0.994,1.053,0.113,0.182,0.752
0.247,1.152,0.554,0.998,1.059,0.114,0.182,0.756
0.247,1.154,0.555,1.0,1.062,0.114,0.183,0.759
0.248,1.157,0.556,1.003,1.064,0.115,0.183,0.761
0.248,1.158,0.556,1.003,1.066,0.115,0.183,0.763
0.249,1.16,0.556,1.004,1.067,0.116,0.183,0.764
0.249,1.164,0.558,1.008,1.07,0.116,0.183,0.766
0.25,1.168,0.56,1.013,1.075,0.117,0.184,0.77
0.251,1.171,0.561,1.016,1.078,0.117,0.184,0.773
0.251,1.173,0.561,1.018,1.081,0.118,0.184,0.775
0.251,1.174,0.562,1.02,1.083,0.118,0.184,0.777
0.252,1.176,0.562,1.02,1.084,0.119,0.184,0.779
0.252,1.179,0.563,1.023,1.087,0.119,0.184,0.781
0.254,1.184,0.565,1.028,1.092,0.12,0.185,0.785
0.254,1.186,0.566,1.031,1.095,0.121,0.185,0.788
0.255,1.189,0.567,1.035,1.097,0.121,0.185,0.79
0.255,1.19,0.567,1.037,1.1,0.121,0.185,0.792
0.255,1.192,0.567,1.038,1.101,0.122,0.185,0.793
0.256,1.195,0.569,1.042,1.104,0.122,0.185,0.795
0.257,1.199,0.57,1.047,1.108,0.123,0.186,0.798
0.257,1.202,0.572,1.051,1.112,0.124,0.186,0.802
0.258,1.204,0.572,1.054,1.114,0.124,0.186,0.804
0.258,1.205,0.572,1.057,1.116,0.125,0.186,0.806
0.258,1.206,0.572,1.058,1.117,0.125,0.186,0.807
0.259,1.209,0.574,1.062,1.12,0.126,0.186,0.809
0.26,1.214,0.576,1.067,1.125,0.126,0.187,0.813
0.261,1.216,0.577,1.07,1.128,0.127,0.187,0.816
0.261,1.218,0.577,1.073,1.13,0.127,0.187,0.818
0.262,1.219,0.578,1.075,1.132,0.128,0.187,0.82
0.262,1.219,0.578,1.076,1.133,0.128,0.187,0.821
0.263,1.222,0.579,1.079,1.136,0.129,0.187,0.823
0.264,1.227,0.581,1.084,1.141,0.13,0.188,0.827
0.264,1.229,0.582,1.088,1.144,0.13,0.188,0.83
0.264,1.231,0.582,1.09,1.146,0.131,0.189,0.832
0.265,1.232,0.583,1.092,1.148,0.131,0.189,0.833
0.265,1.232,0.583,1.093,1.149,0.132,0.189,0.835
0.266,1.236,0.584,1.096,1.152,0.132,0.189,0.836
0.267,1.24,0.586,1.101,1.157,0.133,0.189,0.84
0.268,1.242,0.587,1.104,1.16,0.134,0.19,0.843
0.268,1.244,0.588,1.106,1.162,0.134,0.19,0.845
0.268,1.245,0.588,1.108,1.164,0.135,0.19,0.847
0.268,1.246,0.588,1.109,1.165,0.135,0.19,0.848
0.269,1.248,0.589,1.111,1.167,0.135,0.19,0.85
0.27,1.253,0.591,1.116,1.172,0.136,0.19,0.853
0.271,1.255,0.592,1.119,1.176,0.137,0.191,0.857
0.271,1.257,0.593,1.121,1.177,0.137,0.191,0.858
0.272,1.258,0.593,1.123,1.18,0.138,0.191,0.86
0.272,1.258,0.593,1.124,1.18,0.138,0.191,0.861
0.273,1.261,0.594,1.127,1.183,0.139,0.191,0.863
0.274,1.266,0.596,1.132,1.188,0.14,0.191,0.866
0.274,1.268,0.598,1.135,1.191,0.141,0.192,0.869
0.275,1.27,0.598,1.137,1.193,0.141,0.192,0.872
0.275,1.271,0.599,1.14,1.195,0.142,0.192,0.874
0.275,1.271,0.599,1.14,1.196,0.142,0.192,0.874
0.276,1.273,0.6,1.143,1.198,0.142,0.192,0.875
0.277,1.276,0.602,1.147,1.203,0.143,0.193,0.878
0.278,1.276,0.603,1.15,1.206,0.144,0.193,0.881
0.278,1.273,0.603,1.151,1.207,0.145,0.193,0.882
0.278,1.27,0.603,1.15,1.208,0.145,0.193,0.883
0.278,1.265,0.603,1.146,1.207,0.145,0.193,0.882
0.279,1.262,0.603,1.144,1.209,0.146,0.193,0.884
0.279,1.261,0.605,1.144,1.21,0.147,0.194,0.884
0.28,1.258,0.605,1.143,1.21,0.147,0.194,0.884
0.28,1.254,0.606,1.142,1.21,0.148,0.194,0.885
0.281,1.252,0.606,1.142,1.21,0.148,0.194,0.885
0.282,1.25,0.607,1.142,1.21,0.149,0.194,0.885
0.282,1.248,0.607,1.142,1.209,0.149,0.194,0.885
0.283,1.246,0.608,1.143,1.209,0.149,0.194,0.885
0.283,1.245,0.609,1.143,1.209,0.15,0.194,0.886
0.284,1.243,0.609,1.143,1.209,0.15,0.195,0.886
0.285,1.241,0.609,1.143,1.208,0.151,0.195,0.886
0.285,1.239,0.61,1.144,1.208,0.151,0.195,0.886
0.286,1.238,0.611,1.144,1.208,0.152,0.195,0.887
0.286,1.236,0.611,1.145,1.207,0.152,0.195,0.887
0.287,1.235,0.611,1.145,1.207,0.153,0.195,0.887
0.287,1.233,0.612,1.145,1.207,0.153,0.195,0.887
0.288,1.231,0.613,1.146,1.206,0.153,0.196,0.888
0.288,1.229,0.613,1.147,1.206,0.154,0.196,0.888
0.289,1.227,0.614,1.147,1.206,0.154,0.196,0.888
0.289,1.225,0.614,1.148,1.206,0.155,0.196,0.889
0.29,1.222,0.614,1.148,1.206,0.155,0.196,0.889
0.29,1.219,0.615,1.149,1.206,0.155,0.196,0.889
0.291,1.217,0.615,1.149,1.206,0.156,0.196,0.889
0.291,1.214,0.616,1.149,1.205,0.156,0.196,0.889
0.292,1.211,0.616,1.148,1.205,0.156,0.197,0.889
0.292,1.208,0.617,1.147,1.205,0.157,0.197,0.889
0.293,1.205,0.617,1.147,1.204,0.157,0.197,0.889
0.293,1.203,0.617,1.147,1.204,0.157,0.197,0.889
0.294,1.2,0.618,1.147,1.204,0.158,0.197,0.889
0.294,1.198,0.618,1.147,1.204,0.158,0.197,0.89
0.295,1.196,0.618,1.147,1.204,0.158,0.197,0.89
0.295,1.194,0.619,1.148,1.203,0.159,0.197,0.89
0.296,1.191,0.619,1.141,1.202,0.159,0.197,0.891
0.296,1.19,0.619,1.136,1.202,0.16,0.197,0.891
0.297,1.188,0.62,1.132,1.201,0.16,0.198,0.89
0.297,1.186,0.62,1.132,1.2,0.16,0.198,0.889
0.297,1.185,0.621,1.131,1.199,0.16,0.198,0.889
0.297,1.186,0.621,1.133,1.201,0.161,0.198,0.892
0.297,1.187,0.622,1.136,1.203,0.161,0.198,0.897
0.298,1.189,0.622,1.139,1.208,0.161,0.198,0.902
0.298,1.192,0.623,1.14,1.213,0.162,0.198,0.908
0.298,1.196,0.623,1.141,1.217,0.162,0.198,0.912
0.298,1.202,0.624,1.143,1.222,0.163,0.198,0.916
0.299,1.208,0.624,1.143,1.226,0.163,0.198,0.919
0.299,1.213,0.625,1.145,1.23,0.164,0.198,0.922
0.299,1.22,0.626,1.146,1.234,0.164,0.198,0.925
0.299,1.226,0.627,1.148,1.237,0.164,0.198,0.927
0.3,1.232,0.627,1.153,1.24,0.165,0.198,0.929
0.3,1.238,0.628,1.151,1.243,0.165,0.198,0.931
0.3,1.243,0.629,1.151,1.247,0.166,0.198,0.933
0.301,1.248,0.629,1.155,1.25,0.166,0.198,0.936
0.301,1.252,0.63,1.157,1.252,0.167,0.198,0.937
0.301,1.255,0.631,1.163,1.255,0.167,0.198,0.939
0.302,1.259,0.631,1.169,1.257,0.168,0.198,0.941
0.302,1.262,0.632,1.173,1.259,0.168,0.198,0.943
0.302,1.266,0.632,1.177,1.262,0.168,0.198,0.945
0.303,1.269,0.633,1.179,1.264,0.169,0.198,0.946
0.303,1.272,0.634,1.181,1.266,0.169,0.198,0.948
0.304,1.275,0.634,1.183,1.268,0.17,0.198,0.949
0.304,1.278,0.635,1.185,1.27,0.17,0.198,0.951
0.304,1.281,0.636,1.187,1.272,0.17,0.198,0.953
0.305,1.284,0.636,1.19,1.273,0.171,0.198,0.954
0.305,1.286,0.637,1.189,1.276,0.171,0.198,0.956
0.305,1.288,0.638,1.192,1.277,0.172,0.198,0.957
0.304,1.288,0.637,1.193,1.277,0.172,0.198,0.957
0.306,1.291,0.638,1.194,1.279,0.172,0.198,0.959
0.306,1.293,0.638,1.196,1.281,0.173,0.198,0.96
0.307,1.296,0.639,1.198,1.282,0.173,0.198,0.962
0.307,1.298,0.64,1.2,1.284,0.174,0.198,0.964
0.307,1.301,0.64,1.201,1.286,0.174,0.199,0.965
0.308,1.303,0.641,1.202,1.288,0.175,0.199,0.967
0.308,1.305,0.642,1.203,1.29,0.175,0.199,0.969
0.309,1.307,0.642,1.206,1.292,0.176,0.199,0.971
0.309,1.31,0.643,1.208,1.294,0.176,0.199,0.972
0.309,1.312,0.644,1.208,1.296,0.176,0.199,0.974
0.31,1.314,0.644,1.208,1.297,0.177,0.199,0.976
0.31,1.316,0.645,1.211,1.299,0.177,0.199,0.978
0.311,1.318,0.646,1.214,1.301,0.178,0.2,0.98
0.311,1.321,0.646,1.215,1.303,0.178,0.2,0.981
0.311,1.323,0.647,1.218,1.305,0.179,0.2,0.983
0.312,1.325,0.648,1.221,1.307,0.179,0.2,0.985
0.312,1.327,0.648,1.223,1.309,0.18,0.2,0.987
0.313,1.329,0.649,1.225,1.311,0.18,0.2,0.989
0.313,1.33,0.65,1.228,1.313,0.181,0.2,0.991
0.314,1.333,0.65,1.231,1.315,0.181,0.2,0.992
0.314,1.334,0.651,1.233,1.317,0.182,0.201,0.994
0.314,1.336,0.652,1.235,1.319,0.182,0.201,0.996
0.315,1.338,0.653,1.238,1.321,0.183,0.201,0.998
0.315,1.34,0.653,1.242,1.323,0.183,0.201,1.0
0.316,1.342,0.654,1.244,1.325,0.184,0.201,1.001
0.316,1.343,0.655,1.247,1.327,0.184,0.201,1.003
0.317,1.345,0.655,1.249,1.328,0.185,0.201,1.005
0.317,1.347,0.656,1.252,1.33,0.185,0.201,1.006
0.318,1.349,0.657,1.254,1.332,0.186,0.202,1.008
0.318,1.35,0.657,1.256,1.334,0.186,0.202,1.01
0.319,1.352,0.658,1.258,1.336,0.187,0.202,1.012
0.319,1.354,0.659,1.26,1.338,0.187,0.202,1.013
0.32,1.356,0.66,1.263,1.34,0.188,0.202,1.015
0.32,1.357,0.66,1.266,1.342,0.188,0.202,1.017
0.321,1.358,0.661,1.269,1.344,0.189,0.202,1.019
0.322,1.36,0.662,1.272,1.346,0.19,0.203,1.02
0.322,1.361,0.662,1.274,1.348,0.19,0.202,1.022
0.322,1.363,0.663,1.277,1.349,0.191,0.203,1.024
0.323,1.364,0.664,1.28,1.351,0.191,0.203,1.026
0.323,1.366,0.665,1.282,1.353,0.192,0.203,1.027
0.324,1.367,0.665,1.284,1.355,0.192,0.203,1.029
0.325,1.368,0.666,1.287,1.357,0.193,0.203,1.031
0.325,1.37,0.667,1.289,1.359,0.193,0.203,1.032
0.325,1.371,0.667,1.291,1.361,0.194,0.204,1.034
0.326,1.373,0.668,1.294,1.362,0.194,0.204,1.036
0.327,1.374,0.669,1.296,1.364,0.195,0.204,1.037
0.327,1.375,0.669,1.298,1.366,0.195,0.204,1.039
0.327,1.377,0.67,1.3,1.368,0.196,0.204,1.041
0.328,1.378,0.671,1.303,1.37,0.197,0.204,1.042
0.329,1.379,0.671,1.305,1.371,0.197,0.204,1.044
0.329,1.38,0.672,1.307,1.373,0.198,0.205,1.045
0.33,1.382,0.673,1.309,1.375,0.198,0.205,1.047
0.33,1.383,0.674,1.312,1.377,0.199,0.205,1.049
0.331,1.384,0.674,1.314,1.378,0.199,0.205,1.05
0.331,1.385,0.675,1.316,1.38,0.2,0.205,1.052
0.332,1.386,0.676,1.318,1.382,0.201,0.205,1.054
0.332,1.388,0.677,1.32,1.384,0.201,0.205,1.055
0.333,1.389,0.677,1.322,1.386,0.202,0.206,1.057
0.333,1.39,0.678,1.324,1.387,0.202,0.206,1.059
0.334,1.391,0.679,1.327,1.389,0.203,0.206,1.06
0.334,1.392,0.679,1.329,1.391,0.203,0.206,1.062
0.335,1.394,0.68,1.331,1.393,0.204,0.206,1.064
0.335,1.395,0.681,1.333,1.395,0.205,0.206,1.065
0.336,1.396,0.682,1.335,1.396,0.205,0.207,1.067
0.337,1.397,0.682,1.337,1.398,0.206,0.207,1.068
0.337,1.398,0.683,1.339,1.399,0.206,0.207,1.07
0.338,1.399,0.684,1.341,1.401,0.207,0.207,1.072
0.338,1.4,0.684,1.343,1.403,0.207,0.207,1.073
0.339,1.401,0.685,1.345,1.405,0.208,0.207,1.075
0.339,1.402,0.686,1.347,1.406,0.209,0.207,1.076
0.34,1.403,0.687,1.349,1.408,0.209,0.208,1.078
0.34,1.404,0.687,1.351,1.41,0.21,0.208,1.079
0.341,1.404,0.688,1.353,1.411,0.21,0.208,1.081
0.341,1.405,0.689,1.355,1.413,0.211,0.208,1.082
0.342,1.406,0.689,1.357,1.415,0.211,0.208,1.084
0.343,1.407,0.69,1.359,1.416,0.212,0.208,1.086
0.343,1.408,0.691,1.361,1.418,0.213,0.208,1.087
0.344,1.409,0.691,1.363,1.419,0.213,0.209,1.089
0.344,1.41,0.692,1.365,1.421,0.214,0.209,1.09
0.345,1.41,0.693,1.367,1.422,0.214,0.209,1.091
0.345,1.411,0.694,1.368,1.424,0.215,0.209,1.093
0.346,1.412,0.694,1.37,1.426,0.216,0.209,1.094
0.346,1.413,0.695,1.372,1.427,0.216,0.209,1.096
0.347,1.413,0.696,1.374,1.429,0.216,0.209,1.097
0.347,1.414,0.696,1.376,1.43,0.217,0.21,1.099
0.348,1.415,0.697,1.378,1.432,0.218,0.21,1.1
0.348,1.416,0.698,1.379,1.433,0.218,0.21,1.101
0.349,1.416,0.698,1.381,1.435,0.219,0.21,1.103
0.349,1.417,0.699,1.383,1.436,0.219,0.21,1.104
0.35,1.418,0.7,1.385,1.438,0.22,0.21,1.106
0.35,1.419,0.7,1.386,1.439,0.221,0.211,1.107
0.351,1.419,0.701,1.388,1.441,0.221,0.211,1.108
0.351,1.42,0.702,1.39,1.442,0.222,0.211,1.11
0.352,1.421,0.702,1.391,1.444,0.222,0.211,1.111
0.352,1.421,0.703,1.393,1.445,0.223,0.211,1.112
0.353,1.422,0.704,1.395,1.447,0.223,0.211,1.114
0.354,1.423,0.705,1.396,1.448,0.224,0.211,1.115
0.354,1.423,0.705,1.398,1.449,0.224,0.212,1.116
0.355,1.424,0.706,1.4,1.451,0.225,0.212,1.118
0.355,1.425,0.707,1.401,1.452,0.225,0.212,1.119
0.356,1.425,0.707,1.403,1.454,0.226,0.212,1.12
0.356,1.426,0.708,1.404,1.455,0.227,0.212,1.121
0.357,1.426,0.709,1.406,1.456,0.227,0.212,1.123
0.357,1.427,0.709,1.408,1.458,0.228,0.212,1.124
0.358,1.428,0.71,1.409,1.459,0.228,0.213,1.125
0.358,1.429,0.711,1.41,1.46,0.229,0.213,1.126
0.359,1.429,0.711,1.412,1.462,0.229,0.213,1.128
0.36,1.43,0.712,1.414,1.463,0.23,0.213,1.129
0.36,1.431,0.713,1.415,1.465,0.231,0.213,1.13
0.361,1.431,0.713,1.417,1.466,0.231,0.214,1.131
0.361,1.432,0.714,1.418,1.467,0.232,0.214,1.132
0.362,1.432,0.715,1.42,1.468,0.232,0.214,1.134
0.362,1.433,0.716,1.421,1.47,0.233,0.214,1.135
0.363,1.434,0.716,1.423,1.471,0.233,0.214,1.136
0.363,1.434,0.717,1.424,1.472,0.234,0.214,1.137
0.364,1.435,0.718,1.425,1.473,0.235,0.214,1.138
0.364,1.435,0.718,1.427,1.475,0.235,0.214,1.139
0.365,1.436,0.719,1.428,1.476,0.235,0.215,1.14
0.365,1.437,0.719,1.429,1.477,0.236,0.215,1.141
0.366,1.437,0.72,1.431,1.478,0.237,0.215,1.142
0.367,1.438,0.721,1.432,1.479,0.237,0.215,1.143
0.367,1.438,0.721,1.433,1.481,0.238,0.215,1.144
0.368,1.439,0.722,1.435,1.481,0.238,0.215,1.145
0.368,1.439,0.723,1.436,1.483,0.239,0.215,1.146
0.369,1.44,0.723,1.437,1.484,0.239,0.215,1.147
0.369,1.44,0.724,1.438,1.485,0.24,0.216,1.148
0.37,1.441,0.725,1.44,1.486,0.24,0.216,1.149
0.37,1.441,0.726,1.441,1.487,0.241,0.216,1.15
0.371,1.442,0.726,1.442,1.488,0.242,0.216,1.151
0.371,1.443,0.727,1.443,1.489,0.242,0.216,1.152
0.372,1.443,0.727,1.444,1.49,0.243,0.216,1.152
0.372,1.444,0.728,1.445,1.491,0.243,0.217,1.153
0.373,1.444,0.729,1.447,1.492,0.244,0.217,1.154
0.374,1.445,0.729,1.448,1.493,0.244,0.217,1.155
0.374,1.446,0.73,1.449,1.495,0.245,0.217,1.155
0.375,1.446,0.731,1.45,1.496,0.245,0.217,1.156
0.375,1.447,0.731,1.451,1.496,0.246,0.217,1.157
0.376,1.447,0.732,1.452,1.497,0.247,0.217,1.158
0.376,1.448,0.733,1.453,1.498,0.247,0.217,1.159
0.377,1.448,0.733,1.454,1.499,0.247,0.218,1.159
0.378,1.449,0.734,1.455,1.5,0.248,0.218,1.16
0.378,1.449,0.735,1.456,1.501,0.249,0.218,1.16
0.378,1.45,0.735,1.457,1.502,0.249,0.218,1.161
0.379,1.45,0.736,1.458,1.503,0.25,0.218,1.161
0.38,1.451,0.737,1.459,1.504,0.25,0.218,1.162
0.38,1.451,0.737,1.46,1.504,0.251,0.218,1.163
0.381,1.452,0.738,1.461,1.505,0.251,0.218,1.163
0.381,1.452,0.739,1.462,1.506,0.252,0.219,1.164
0.382,1.453,0.739,1.463,1.507,0.252,0.219,1.165
0.382,1.454,0.74,1.464,1.508,0.253,0.219,1.165
0.383,1.454,0.74,1.465,1.508,0.253,0.219,1.166
0.383,1.454,0.741,1.466,1.509,0.254,0.219,1.166
0.384,1.455,0.742,1.467,1.51,0.254,0.219,1.167
0.385,1.456,0.742,1.467,1.511,0.255,0.219,1.167
0.385,1.456,0.743,1.468,1.512,0.255,0.219,1.168
0.386,1.456,0.744,1.469,1.513,0.256,0.22,1.168
0.386,1.457,0.744,1.47,1.513,0.256,0.22,1.169
0.387,1.457,0.745,1.471,1.514,0.257,0.22,1.169
0.387,1.458,0.745,1.472,1.515,0.257,0.22,1.17
0.388,1.458,0.746,1.473,1.515,0.258,0.22,1.17
0.388,1.459,0.747,1.473,1.516,0.258,0.22,1.171
0.389,1.459,0.747,1.474,1.516,0.259,0.22,1.171
0.39,1.46,0.748,1.475,1.517,0.26,0.221,1.171
0.39,1.46,0.749,1.476,1.518,0.26,0.221,1.172
0.391,1.46,0.749,1.476,1.518,0.261,0.221,1.172
0.391,1.461,0.75,1.477,1.519,0.261,0.221,1.173
0.392,1.461,0.75,1.478,1.519,0.262,0.221,1.173
0.392,1.462,0.751,1.479,1.52,0.262,0.221,1.173
0.393,1.462,0.752,1.479,1.521,0.263,0.221,1.174
0.393,1.463,0.752,1.48,1.521,0.263,0.222,1.174
0.394,1.463,0.753,1.481,1.522,0.264,0.222,1.174
0.394,1.464,0.753,1.481,1.522,0.264,0.222,1.175
0.395,1.464,0.754,1.482,1.523,0.265,0.222,1.175
0.396,1.464,0.755,1.483,1.523,0.265,0.222,1.175
0.396,1.465,0.755,1.483,1.524,0.266,0.222,1.175
0.397,1.465,0.756,1.484,1.523,0.266,0.222,1.175
0.397,1.466,0.756,1.484,1.523,0.267,0.222,1.175
0.398,1.466,0.757,1.485,1.525,0.267,0.223,1.176
0.398,1.466,0.758,1.486,1.525,0.268,0.223,1.176
0.399,1.467,0.758,1.486,1.526,0.268,0.223,1.176
0.399,1.467,0.759,1.487,1.526,0.269,0.223,1.176
0.4,1.468,0.76,1.487,1.526,0.269,0.223,1.176
0.4,1.468,0.76,1.488,1.527,0.27,0.223,1.176
0.401,1.469,0.761,1.489,1.527,0.27,0.223,1.176
0.401,1.469,0.761,1.489,1.527,0.27,0.223,1.176
0.402,1.469,0.762,1.489,1.528,0.271,0.223,1.176
0.403,1.47,0.763,1.49,1.528,0.271,0.224,1.176
0.403,1.47,0.763,1.491,1.528,0.272,0.224,1.176
0.404,1.47,0.764,1.491,1.529,0.272,0.224,1.176
0.404,1.471,0.765,1.492,1.529,0.273,0.224,1.176
0.405,1.471,0.765,1.492,1.528,0.273,0.224,1.176
0.406,1.471,0.766,1.493,1.528,0.274,0.224,1.176
0.406,1.472,0.766,1.493,1.528,0.274,0.225,1.176
0.407,1.472,0.767,1.494,1.529,0.275,0.225,1.176
0.407,1.472,0.767,1.494,1.53,0.275,0.225,1.176
0.408,1.473,0.768,1.494,1.531,0.276,0.225,1.176
0.408,1.473,0.769,1.495,1.531,0.276,0.225,1.176
0.409,1.473,0.769,1.495,1.531,0.277,0.225,1.176
0.409,1.473,0.77,1.496,1.532,0.277,0.225,1.176
0.41,1.474,0.77,1.496,1.532,0.278,0.225,1.176
0.41,1.474,0.771,1.497,1.532,0.278,0.225,1.176
0.411,1.475,0.772,1.497,1.532,0.279,0.225,1.176
0.411,1.475,0.772,1.498,1.532,0.279,0.226,1.176
0.412,1.475,0.773,1.498,1.531,0.279,0.226,1.176
0.412,1.475,0.773,1.499,1.532,0.28,0.226,1.176
0.413,1.476,0.774,1.499,1.532,0.28,0.226,1.175
0.414,1.476,0.774,1.5,1.533,0.281,0.226,1.175
0.414,1.476,0.775,1.5,1.534,0.281,0.226,1.175
0.415,1.477,0.775,1.501,1.534,0.282,0.226,1.175
0.415,1.477,0.776,1.501,1.534,0.282,0.226,1.175
0.416,1.477,0.776,1.501,1.534,0.283,0.226,1.175
0.416,1.477,0.777,1.502,1.534,0.283,0.227,1.174
0.417,1.477,0.778,1.502,1.534,0.283,0.227,1.174
0.417,1.478,0.778,1.502,1.534,0.284,0.227,1.174
0.418,1.478,0.779,1.503,1.534,0.284,0.227,1.174
0.418,1.478,0.779,1.503,1.535,0.285,0.227,1.173
0.419,1.478,0.78,1.503,1.535,0.285,0.227,1.173
0.42,1.479,0.78,1.504,1.535,0.285,0.227,1.173
0.42,1.479,0.781,1.504,1.535,0.286,0.227,1.172
0.421,1.479,0.781,1.504,1.535,0.286,0.227,1.172
0.421,1.479,0.782,1.505,1.535,0.287,0.227,1.172
0.422,1.479,0.782,1.505,1.535,0.287,0.228,1.172
0.422,1.479,0.783,1.505,1.535,0.287,0.228,1.171
0.423,1.479,0.783,1.506,1.535,0.288,0.228,1.171
0.423,1.48,0.784,1.506,1.535,0.288,0.228,1.17
0.424,1.48,0.784,1.506,1.535,0.289,0.228,1.17
0.424,1.48,0.785,1.506,1.535,0.289,0.228,1.17
0.425,1.48,0.785,1.507,1.535,0.289,0.228,1.17
0.425,1.48,0.786,1.507,1.535,0.29,0.228,1.169
0.426,1.48,0.786,1.507,1.535,0.29,0.228,1.169
0.426,1.48,0.787,1.507,1.535,0.291,0.229,1.168
0.427,1.481,0.787,1.508,1.535,0.291,0.229,1.168
0.427,1.481,0.788,1.508,1.535,0.291,0.228,1.168
0.428,1.481,0.789,1.508,1.535,0.292,0.229,1.167
0.428,1.481,0.789,1.509,1.535,0.292,0.229,1.167
0.429,1.481,0.79,1.509,1.535,0.292,0.229,1.167
0.43,1.481,0.79,1.509,1.535,0.293,0.229,1.166
0.43,1.481,0.79,1.509,1.535,0.293,0.229,1.166
0.43,1.481,0.791,1.51,1.535,0.293,0.229,1.165
0.431,1.481,0.791,1.51,1.535,0.294,0.23,1.165
0.431,1.481,0.792,1.51,1.535,0.294,0.229,1.164
0.432,1.481,0.792,1.51,1.535,0.295,0.229,1.164
0.432,1.481,0.793,1.511,1.535,0.295,0.229,1.163
0.433,1.481,0.793,1.511,1.534,0.295,0.23,1.163
0.433,1.481,0.794,1.511,1.534,0.295,0.23,1.162
0.434,1.481,0.794,1.511,1.535,0.296,0.23,1.162
0.435,1.482,0.795,1.512,1.534,0.296,0.23,1.162
0.435,1.482,0.795,1.512,1.534,0.296,0.23,1.161
0.436,1.481,0.796,1.512,1.534,0.297,0.23,1.16
0.436,1.482,0.796,1.512,1.534,0.297,0.23,1.16
0.437,1.481,0.797,1.512,1.534,0.297,0.23,1.16
0.437,1.481,0.797,1.512,1.534,0.298,0.23,1.159
0.438,1.481,0.798,1.512,1.534,0.298,0.23,1.158
0.438,1.481,0.798,1.512,1.534,0.298,0.23,1.158
0.439,1.481,0.799,1.513,1.534,0.299,0.231,1.157
0.439,1.481,0.799,1.513,1.533,0.299,0.231,1.157
0.44,1.481,0.8,1.513,1.533,0.299,0.231,1.156
0.44,1.481,0.8,1.513,1.533,0.299,0.231,1.156
0.441,1.481,0.801,1.513,1.533,0.3,0.231,1.155
0.441,1.481,0.801,1.514,1.533,0.3,0.231,1.155
0.442,1.481,0.802,1.514,1.533,0.301,0.231,1.154
0.442,1.481,0.802,1.514,1.533,0.301,0.231,1.154
0.443,1.481,0.802,1.514,1.532,0.301,0.231,1.153
0.443,1.481,0.803,1.514,1.532,0.301,0.231,1.152
0.444,1.481,0.803,1.514,1.532,0.301,0.231,1.152
0.444,1.481,0.804,1.514,1.532,0.302,0.231,1.151
0.445,1.48,0.804,1.514,1.532,0.302,0.231,1.151
0.445,1.48,0.805,1.514,1.531,0.302,0.232,1.15
0.446,1.48,0.805,1.515,1.531,0.303,0.232,1.15
0.446,1.48,0.806,1.515,1.531,0.303,0.231,1.149
0.447,1.48,0.806,1.515,1.531,0.303,0.232,1.148
0.447,1.48,0.806,1.515,1.531,0.303,0.232,1.148
0.448,1.48,0.807,1.515,1.531,0.304,0.232,1.147
0.448,1.479,0.807,1.515,1.53,0.304,0.232,1.146
0.448,1.479,0.808,1.515,1.53,0.304,0.232,1.146
0.449,1.479,0.808,1.515,1.53,0.304,0.232,1.145
0.449,1.479,0.809,1.515,1.53,0.305,0.232,1.145
0.45,1.479,0.809,1.515,1.529,0.305,0.232,1.144
0.45,1.478,0.809,1.516,1.529,0.305,0.232,1.143
0.451,1.478,0.81,1.515,1.529,0.305,0.232,1.143
0.451,1.478,0.81,1.516,1.529,0.305,0.232,1.142
0.452,1.478,0.811,1.516,1.528,0.306,0.232,1.142
0.452,1.477,0.811,1.516,1.528,0.306,0.233,1.141
0.453,1.477,0.811,1.516,1.528,0.306,0.233,1.14
0.453,1.477,0.812,1.516,1.528,0.306,0.233,1.14
0.454,1.477,0.812,1.516,1.528,0.307,0.233,1.139
0.454,1.477,0.813,1.516,1.527,0.307,0.233,1.139
0.455,1.476,0.813,1.516,1.527,0.307,0.233,1.138
0.455,1.476,0.814,1.516,1.527,0.307,0.233,1.137
0.456,1.476,0.814,1.516,1.526,0.307,0.233,1.137
0.456,1.475,0.814,1.516,1.526,0.308,0.233,1.136
0.457,1.475,0.815,1.516,1.526,0.308,0.233,1.136
0.457,1.475,0.815,1.516,1.526,0.308,0.233,1.135
0.458,1.475,0.816,1.517,1.526,0.308,0.233,1.135
0.458,1.475,0.816,1.517,1.525,0.308,0.233,1.134
0.459,1.474,0.817,1.517,1.525,0.309,0.233,1.133
0.459,1.474,0.817,1.517,1.525,0.309,0.234,1.133
0.46,1.474,0.818,1.517,1.525,0.309,0.234,1.132
0.46,1.473,0.818,1.517,1.524,0.309,0.234,1.131
0.46,1.473,0.818,1.517,1.524,0.309,0.234,1.131
0.461,1.472,0.819,1.517,1.524,0.31,0.234,1.13
0.461,1.472,0.819,1.517,1.523,0.31,0.234,1.129
0.462,1.472,0.82,1.517,1.523,0.31,0.234,1.129
0.462,1.471,0.82,1.517,1.523,0.31,0.234,1.128
0.463,1.471,0.821,1.517,1.523,0.31,0.234,1.128
0.463,1.471,0.821,1.517,1.522,0.31,0.234,1.127
0.464,1.47,0.821,1.517,1.522,0.31,0.234,1.126
0.464,1.47,0.822,1.517,1.522,0.311,0.234,1.126
0.465,1.469,0.822,1.517,1.521,0.311,0.234,1.125
0.465,1.469,0.822,1.517,1.521,0.311,0.234,1.125
0.466,1.469,0.823,1.517,1.521,0.311,0.234,1.124
0.466,1.468,0.823,1.517,1.52,0.311,0.234,1.124
0.467,1.468,0.824,1.517,1.52,0.311,0.234,1.123
0.467,1.467,0.824,1.517,1.52,0.311,0.235,1.122
0.467,1.467,0.824,1.517,1.52,0.311,0.235,1.121
0.468,1.466,0.825,1.517,1.519,0.311,0.235,1.121
0.468,1.466,0.825,1.517,1.519,0.312,0.235,1.12
0.469,1.465,0.826,1.517,1.519,0.312,0.235,1.12
0.47,1.465,0.826,1.518,1.519,0.312,0.235,1.119
0.47,1.464,0.826,1.518,1.518,0.312,0.235,1.119
0.47,1.464,0.827,1.518,1.518,0.312,0.235,1.118
0.471,1.464,0.827,1.518,1.518,0.312,0.235,1.117
0.472,1.463,0.828,1.518,1.517,0.313,0.235,1.117
0.472,1.463,0.828,1.518,1.517,0.313,0.235,1.116
0.472,1.462,0.829,1.518,1.517,0.313,0.235,1.116
0.473,1.462,0.829,1.518,1.516,0.313,0.235,1.115
0.473,1.461,0.829,1.518,1.516,0.313,0.235,1.114
0.474,1.461,0.83,1.518,1.516,0.313,0.236,1.114
0.474,1.46,0.83,1.518,1.515,0.313,0.236,1.113
0.475,1.46,0.831,1.518,1.515,0.313,0.236,1.113
0.475,1.459,0.831,1.518,1.515,0.313,0.236,1.112
0.476,1.459,0.831,1.518,1.514,0.313,0.236,1.111
0.476,1.458,0.832,1.518,1.514,0.313,0.236,1.11
0.477,1.458,0.832,1.518,1.514,0.313,0.236,1.11
0.477,1.457,0.832,1.518,1.513,0.313,0.236,1.109
0.477,1.456,0.833,1.518,1.512,0.314,0.236,1.108
0.478,1.456,0.833,1.517,1.512,0.313,0.236,1.108
0.478,1.455,0.834,1.517,1.512,0.314,0.236,1.107
0.479,1.454,0.834,1.517,1.511,0.313,0.236,1.106
0.479,1.454,0.834,1.517,1.511,0.314,0.236,1.106
0.48,1.453,0.835,1.517,1.511,0.314,0.236,1.105
0.48,1.453,0.835,1.517,1.51,0.314,0.236,1.104
0.48,1.452,0.835,1.517,1.51,0.314,0.236,1.104
0.481,1.452,0.836,1.517,1.509,0.314,0.236,1.103
0.481,1.451,0.836,1.517,1.509,0.314,0.237,1.102
0.482,1.45,0.837,1.517,1.509,0.314,0.236,1.102
0.482,1.45,0.837,1.517,1.508,0.314,0.237,1.101
0.483,1.449,0.837,1.517,1.508,0.314,0.237,1.1
0.483,1.448,0.838,1.517,1.508,0.314,0.237,1.1
0.484,1.448,0.838,1.517,1.507,0.314,0.237,1.099
0.484,1.447,0.838,1.517,1.507,0.314,0.237,1.098
0.484,1.446,0.839,1.517,1.506,0.314,0.237,1.098
0.485,1.446,0.839,1.516,1.506,0.314,0.237,1.097
0.485,1.445,0.839,1.517,1.505,0.314,0.237,1.096
0.486,1.444,0.84,1.517,1.505,0.314,0.237,1.096
0.486,1.444,0.84,1.517,1.505,0.314,0.237,1.095
0.487,1.443,0.841,1.517,1.505,0.314,0.237,1.095
0.487,1.442,0.841,1.517,1.504,0.314,0.237,1.094
0.487,1.442,0.841,1.517,1.504,0.314,0.237,1.094
0.488,1.441,0.842,1.517,1.504,0.314,0.237,1.093
0.488,1.441,0.842,1.516,1.503,0.314,0.237,1.093
0.489,1.44,0.843,1.516,1.503,0.314,0.237,1.092
0.489,1.439,0.843,1.517,1.502,0.314,0.237,1.091
0.49,1.438,0.843,1.517,1.502,0.314,0.237,1.091
0.49,1.438,0.843,1.516,1.501,0.314,0.237,1.09
0.49,1.437,0.844,1.516,1.501,0.314,0.238,1.09
0.491,1.436,0.844,1.516,1.501,0.314,0.238,1.089
0.491,1.435,0.845,1.516,1.5,0.314,0.238,1.089
0.492,1.435,0.845,1.516,1.5,0.314,0.238,1.088
0.492,1.434,0.845,1.516,1.5,0.314,0.238,1.087
0.493,1.433,0.846,1.516,1.499,0.314,0.238,1.087
0.493,1.438,0.848,1.519,1.502,0.314,0.238,1.088
0.495,1.435,0.848,1.519,1.501,0.314,0.238,1.088
0.495,1.434,0.848,1.519,1.501,0.314,0.239,1.087
0.495,1.433,0.849,1.519,1.501,0.314,0.239,1.087
0.496,1.432,0.849,1.519,1.5,0.314,0.239,1.086
0.496,1.432,0.85,1.519,1.5,0.314,0.239,1.085
0.497,1.431,0.85,1.519,1.499,0.314,0.239,1.085
0.497,1.43,0.85,1.519,1.499,0.314,0.239,1.084
0.497,1.429,0.851,1.519,1.498,0.314,0.239,1.084
0.498,1.429,0.851,1.519,1.498,0.314,0.239,1.083
0.498,1.428,0.851,1.519,1.498,0.314,0.239,1.083
0.499,1.427,0.852,1.519,1.497,0.314,0.239,1.082
0.499,1.426,0.852,1.518,1.497,0.313,0.239,1.081
0.5,1.425,0.852,1.518,1.497,0.313,0.239,1.081
0.5,1.424,0.853,1.518,1.496,0.313,0.239,1.08
0.5,1.424,0.853,1.518,1.496,0.313,0.239,1.08
0.501,1.423,0.853,1.518,1.495,0.313,0.239,1.079
0.501,1.422,0.854,1.518,1.495,0.313,0.239,1.079
0.502,1.422,0.854,1.518,1.495,0.313,0.239,1.078
0.502,1.421,0.854,1.518,1.494,0.313,0.239,1.078
0.503,1.42,0.855,1.518,1.494,0.313,0.239,1.077
0.503,1.419,0.855,1.518,1.493,0.313,0.239,1.076
0.503,1.418,0.856,1.518,1.493,0.313,0.24,1.076
0.504,1.418,0.856,1.518,1.493,0.312,0.239,1.075
0.504,1.417,0.856,1.518,1.492,0.312,0.24,1.075
0.504,1.416,0.856,1.518,1.492,0.312,0.24,1.074
0.505,1.415,0.857,1.518,1.491,0.312,0.24,1.074
0.505,1.415,0.858,1.518,1.491,0.312,0.24,1.073
0.506,1.414,0.858,1.518,1.491,0.312,0.24,1.073
0.506,1.413,0.858,1.517,1.49,0.312,0.24,1.072
0.507,1.412,0.858,1.517,1.49,0.312,0.24,1.071
0.507,1.411,0.859,1.517,1.489,0.312,0.24,1.071
0.507,1.41,0.859,1.517,1.489,0.312,0.24,1.07
0.508,1.41,0.859,1.517,1.488,0.312,0.24,1.07
0.508,1.409,0.86,1.517,1.488,0.311,0.24,1.069
0.508,1.408,0.86,1.517,1.488,0.311,0.24,1.069
0.509,1.407,0.86,1.517,1.487,0.311,0.24,1.068
0.509,1.406,0.861,1.517,1.487,0.311,0.24,1.067
0.51,1.405,0.861,1.517,1.486,0.311,0.24,1.067
0.51,1.404,0.861,1.516,1.486,0.311,0.24,1.067
0.511,1.404,0.862,1.517,1.485,0.311,0.24,1.066
0.511,1.403,0.862,1.516,1.485,0.311,0.24,1.065
0.511,1.402,0.862,1.516,1.485,0.31,0.24,1.065
0.512,1.401,0.863,1.516,1.484,0.31,0.24,1.064
0.512,1.4,0.863,1.516,1.484,0.31,0.24,1.064
0.513,1.399,0.864,1.516,1.484,0.31,0.24,1.064
0.513,1.399,0.864,1.516,1.483,0.31,0.24,1.063
0.513,1.398,0.864,1.516,1.483,0.31,0.241,1.062
0.514,1.397,0.865,1.516,1.482,0.31,0.24,1.062
0.514,1.396,0.865,1.516,1.482,0.309,0.241,1.061
0.514,1.395,0.865,1.516,1.481,0.309,0.241,1.061
0.515,1.394,0.866,1.516,1.481,0.309,0.241,1.06
0.515,1.394,0.866,1.516,1.481,0.309,0.241,1.06
0.516,1.393,0.866,1.516,1.48,0.309,0.241,1.059
0.516,1.392,0.867,1.516,1.48,0.309,0.241,1.059
0.516,1.391,0.867,1.516,1.479,0.308,0.241,1.058
0.517,1.39,0.867,1.516,1.479,0.308,0.241,1.057
0.517,1.39,0.868,1.516,1.478,0.308,0.241,1.057
0.517,1.389,0.868,1.516,1.478,0.308,0.241,1.056
0.518,1.388,0.869,1.516,1.478,0.308,0.241,1.056
0.519,1.387,0.869,1.516,1.478,0.308,0.241,1.054
0.518,1.384,0.868,1.513,1.474,0.307,0.241,1.053
0.518,1.383,0.868,1.513,1.474,0.307,0.241,1.053
0.518,1.382,0.868,1.512,1.473,0.307,0.241,1.052
0.519,1.381,0.868,1.512,1.473,0.306,0.241,1.051
0.519,1.38,0.869,1.512,1.472,0.306,0.241,1.051
0.52,1.379,0.869,1.512,1.472,0.306,0.241,1.05
0.52,1.378,0.869,1.512,1.472,0.306,0.241,1.05
0.52,1.378,0.87,1.512,1.471,0.306,0.241,1.049
0.521,1.377,0.87,1.512,1.471,0.305,0.241,1.049
0.521,1.376,0.87,1.512,1.47,0.305,0.241,1.048
0.521,1.375,0.871,1.511,1.47,0.305,0.241,1.048
0.522,1.374,0.871,1.511,1.47,0.305,0.241,1.047
0.522,1.373,0.871,1.511,1.469,0.305,0.241,1.047
0.523,1.373,0.872,1.511,1.469,0.305,0.241,1.046
0.523,1.371,0.872,1.511,1.468,0.304,0.241,1.046
0.523,1.371,0.872,1.511,1.468,0.304,0.241,1.045
0.524,1.37,0.873,1.511,1.467,0.304,0.241,1.045
0.524,1.369,0.873,1.511,1.467,0.304,0.241,1.044
0.524,1.368,0.873,1.511,1.467,0.304,0.241,1.044
0.525,1.367,0.873,1.511,1.466,0.303,0.241,1.043
0.525,1.366,0.874,1.511,1.466,0.303,0.241,1.043
0.525,1.366,0.874,1.511,1.465,0.303,0.241,1.042
0.526,1.365,0.875,1.51,1.465,0.303,0.241,1.042
0.526,1.364,0.875,1.51,1.464,0.303,0.241,1.041
0.526,1.363,0.875,1.51,1.464,0.302,0.241,1.041
0.527,1.362,0.875,1.51,1.464,0.302,0.241,1.04
0.527,1.361,0.876,1.51,1.463,0.302,0.241,1.039
0.527,1.36,0.876,1.51,1.462,0.302,0.241,1.039
0.528,1.359,0.876,1.509,1.462,0.301,0.241,1.038
0.528,1.358,0.877,1.509,1.461,0.301,0.242,1.038
0.528,1.358,0.877,1.509,1.461,0.301,0.242,1.037
0.529,1.357,0.877,1.509,1.46,0.301,0.242,1.037
0.529,1.355,0.878,1.509,1.46,0.3,0.242,1.036
0.529,1.355,0.878,1.509,1.46,0.3,0.242,1.036
0.53,1.354,0.878,1.509,1.459,0.3,0.242,1.035
0.53,1.353,0.878,1.509,1.459,0.3,0.242,1.035
0.53,1.352,0.879,1.509,1.458,0.3,0.242,1.034
0.531,1.351,0.879,1.509,1.458,0.299,0.242,1.034
0.531,1.351,0.879,1.509,1.458,0.299,0.242,1.033
0.531,1.35,0.88,1.509,1.457,0.299,0.242,1.033
0.532,1.349,0.88,1.509,1.457,0.299,0.242,1.032
0.532,1.348,0.88,1.508,1.456,0.298,0.242,1.032
0.532,1.347,0.88,1.508,1.456,0.298,0.242,1.031
0.532,1.346,0.881,1.508,1.455,0.298,0.242,1.031
0.533,1.346,0.881,1.508,1.455,0.298,0.242,1.03
0.533,1.345,0.882,1.508,1.455,0.298,0.242,1.03
0.534,1.344,0.882,1.508,1.454,0.297,0.242,1.029
0.534,1.343,0.882,1.508,1.454,0.297,0.242,1.029
0.534,1.342,0.883,1.508,1.453,0.297,0.242,1.029
0.535,1.341,0.883,1.508,1.453,0.296,0.242,1.028
0.535,1.34,0.883,1.508,1.452,0.296,0.242,1.027
0.535,1.339,0.883,1.507,1.452,0.296,0.242,1.027
0.536,1.339,0.884,1.507,1.452,0.296,0.242,1.026
0.536,1.338,0.884,1.507,1.451,0.296,0.242,1.026
0.536,1.337,0.884,1.507,1.451,0.296,0.242,1.025
0.537,1.336,0.885,1.507,1.45,0.295,0.242,1.025
0.537,1.335,0.885,1.507,1.45,0.295,0.242,1.024
0.537,1.334,0.885,1.507,1.449,0.295,0.242,1.024
0.537,1.333,0.885,1.507,1.449,0.294,0.242,1.023
0.538,1.333,0.886,1.507,1.448,0.294,0.242,1.023
0.538,1.332,0.886,1.507,1.448,0.294,0.242,1.022
0.538,1.331,0.886,1.506,1.447,0.294,0.242,1.022
0.539,1.33,0.886,1.506,1.447,0.293,0.242,1.021
0.539,1.329,0.889,1.509,1.449,0.293,0.243,1.023
0.54,1.33,0.889,1.508,1.449,0.293,0.243,1.022
0.54,1.329,0.889,1.508,1.448,0.293,0.243,1.022
0.541,1.329,0.889,1.508,1.448,0.293,0.243,1.021
0.541,1.328,0.889,1.508,1.447,0.293,0.243,1.02
0.541,1.327,0.89,1.508,1.447,0.292,0.243,1.02
0.542,1.326,0.89,1.508,1.447,0.292,0.243,1.02
0.542,1.325,0.89,1.508,1.446,0.292,0.243,1.019
0.542,1.324,0.891,1.507,1.446,0.292,0.243,1.018
0.543,1.323,0.891,1.507,1.445,0.291,0.243,1.018
0.543,1.322,0.891,1.507,1.445,0.291,0.243,1.017
0.543,1.322,0.891,1.507,1.444,0.291,0.243,1.017
0.544,1.321,0.892,1.507,1.444,0.291,0.243,1.017
0.544,1.32,0.892,1.507,1.443,0.29,0.243,1.016
0.544,1.319,0.892,1.507,1.443,0.29,0.243,1.016
0.544,1.318,0.892,1.507,1.443,0.29,0.243,1.015
0.545,1.317,0.893,1.506,1.442,0.29,0.243,1.015
0.545,1.316,0.893,1.506,1.441,0.289,0.243,1.014
0.545,1.316,0.893,1.506,1.441,0.289,0.243,1.014
0.545,1.315,0.894,1.506,1.441,0.289,0.243,1.013
0.546,1.314,0.894,1.506,1.44,0.289,0.243,1.013
0.546,1.313,0.894,1.506,1.44,0.288,0.243,1.012
0.546,1.312,0.895,1.506,1.44,0.288,0.243,1.012
0.547,1.312,0.895,1.506,1.439,0.288,0.243,1.011
0.547,1.311,0.895,1.506,1.439,0.287,0.243,1.011
0.547,1.31,0.895,1.505,1.438,0.287,0.243,1.01
0.547,1.309,0.896,1.505,1.438,0.287,0.243,1.01
0.548,1.308,0.896,1.506,1.438,0.287,0.243,1.01
0.548,1.308,0.896,1.506,1.437,0.286,0.243,1.009
0.549,1.307,0.897,1.505,1.437,0.286,0.243,1.009
0.549,1.306,0.897,1.505,1.436,0.286,0.244,1.008
0.549,1.305,0.897,1.505,1.436,0.286,0.243,1.008
0.549,1.304,0.897,1.505,1.435,0.285,0.244,1.007
0.55,1.303,0.898,1.505,1.435,0.285,0.244,1.007
0.55,1.302,0.898,1.504,1.435,0.285,0.243,1.006
0.55,1.301,0.898,1.505,1.434,0.285,0.244,1.006
0.551,1.301,0.899,1.504,1.434,0.284,0.244,1.005
0.551,1.3,0.899,1.504,1.433,0.284,0.244,1.005
0.551,1.299,0.899,1.504,1.433,0.284,0.244,1.004
0.551,1.298,0.899,1.504,1.432,0.283,0.244,1.004
0.552,1.297,0.9,1.504,1.432,0.283,0.244,1.003
0.552,1.297,0.9,1.504,1.432,0.283,0.244,1.003
0.552,1.296,0.9,1.504,1.431,0.283,0.244,1.003
0.552,1.295,0.901,1.504,1.431,0.282,0.244,1.002
0.553,1.294,0.901,1.503,1.43,0.282,0.244,1.002
0.553,1.293,0.901,1.503,1.43,0.282,0.244,1.001
0.553,1.293,0.902,1.503,1.43,0.282,0.244,1.001
0.554,1.292,0.902,1.503,1.429,0.281,0.244,1.001
0.554,1.291,0.902,1.503,1.429,0.281,0.244,1.0
0.554,1.29,0.902,1.503,1.428,0.281,0.244,0.999
0.554,1.289,0.903,1.503,1.428,0.281,0.244,0.999
0.555,1.289,0.903,1.503,1.427,0.28,0.244,0.999
0.555,1.287,0.903,1.503,1.427,0.28,0.244,0.998
0.555,1.287,0.903,1.502,1.426,0.28,0.244,0.998
0.555,1.286,0.904,1.502,1.426,0.279,0.244,0.997
0.555,1.285,0.904,1.502,1.425,0.279,0.244,0.997
0.556,1.284,0.904,1.502,1.425,0.279,0.244,0.996
0.556,1.283,0.904,1.502,1.424,0.279,0.244,0.996
0.556,1.282,0.905,1.502,1.424,0.278,0.244,0.995
0.557,1.282,0.905,1.502,1.424,0.278,0.244,0.995
0.557,1.281,0.905,1.501,1.423,0.278,0.243,0.992
0.556,1.277,0.904,1.498,1.42,0.277,0.244,0.992
0.556,1.277,0.904,1.498,1.42,0.277,0.244,0.991
0.557,1.276,0.904,1.498,1.419,0.276,0.243,0.991
0.557,1.275,0.904,1.498,1.419,0.276,0.244,0.99
0.557,1.274,0.905,1.497,1.418,0.276,0.244,0.99
0.557,1.273,0.905,1.497,1.418,0.276,0.244,0.99
0.557,1.272,0.905,1.497,1.417,0.275,0.244,0.989
0.558,1.272,0.906,1.497,1.417,0.275,0.244,0.989
0.558,1.271,0.906,1.497,1.417,0.275,0.244,0.988
0.558,1.27,0.906,1.497,1.416,0.274,0.244,0.988
0.559,1.269,0.906,1.497,1.416,0.274,0.244,0.987
0.559,1.269,0.907,1.497,1.415,0.274,0.244,0.987
0.559,1.268,0.907,1.496,1.415,0.274,0.244,0.987
0.559,1.267,0.907,1.496,1.414,0.273,0.244,0.986
0.56,1.266,0.907,1.496,1.414,0.273,0.244,0.985
0.56,1.265,0.908,1.496,1.413,0.273,0.244,0.985
0.56,1.264,0.908,1.496,1.413,0.272,0.244,0.985
0.56,1.264,0.908,1.496,1.412,0.272,0.244,0.984
0.56,1.263,0.908,1.495,1.412,0.272,0.244,0.984
0.561,1.262,0.909,1.495,1.411,0.272,0.244,0.983
0.561,1.261,0.909,1.495,1.411,0.271,0.244,0.983
0.561,1.26,0.909,1.495,1.41,0.271,0.244,0.982
0.561,1.259,0.909,1.495,1.41,0.271,0.244,0.982
0.561,1.259,0.909,1.495,1.41,0.27,0.244,0.981
0.562,1.258,0.91,1.494,1.409,0.27,0.244,0.981
0.562,1.257,0.91,1.494,1.409,0.27,0.244,0.98
0.562,1.256,0.91,1.494,1.408,0.269,0.244,0.98
0.562,1.256,0.911,1.494,1.408,0.269,0.244,0.98
0.563,1.255,0.911,1.494,1.408,0.269,0.244,0.979
0.563,1.254,0.911,1.494,1.407,0.269,0.244,0.979
0.563,1.253,0.911,1.494,1.407,0.269,0.244,0.978
0.563,1.252,0.911,1.493,1.406,0.268,0.244,0.978
0.563,1.252,0.912,1.493,1.406,0.268,0.244,0.977
0.564,1.251,0.912,1.493,1.405,0.268,0.244,0.977
0.564,1.25,0.912,1.493,1.405,0.267,0.244,0.977
0.564,1.249,0.912,1.493,1.405,0.267,0.244,0.976
0.564,1.248,0.913,1.493,1.404,0.267,0.244,0.976
0.564,1.248,0.913,1.492,1.403,0.267,0.244,0.975
0.565,1.247,0.913,1.493,1.403,0.266,0.244,0.975
0.565,1.246,0.913,1.492,1.403,0.266,0.244,0.974
0.565,1.245,0.914,1.492,1.402,0.265,0.244,0.974
0.565,1.244,0.914,1.492,1.401,0.265,0.244,0.973
0.566,1.244,0.914,1.491,1.401,0.265,0.244,0.973
0.566,1.243,0.914,1.491,1.401,0.265,0.244,0.972
0.566,1.242,0.914,1.491,1.4,0.265,0.244,0.972
0.566,1.241,0.915,1.491,1.4,0.264,0.244,0.971
0.566,1.24,0.915,1.491,1.399,0.264,0.244,0.971
0.567,1.239,0.915,1.491,1.399,0.263,0.244,0.971
0.567,1.239,0.915,1.49,1.398,0.263,0.244,0.97
0.567,1.238,0.916,1.49,1.398,0.263,0.244,0.97
0.567,1.237,0.916,1.491,1.398,0.263,0.244,0.969
0.567,1.237,0.916,1.49,1.397,0.263,0.244,0.969
0.567,1.236,0.916,1.49,1.397,0.262,0.244,0.968
0.568,1.235,0.917,1.49,1.397,0.262,0.244,0.968
0.568,1.234,0.917,1.49,1.396,0.262,0.244,0.968
0.568,1.234,0.917,1.49,1.396,0.261,0.244,0.967
0.568,1.233,0.917,1.49,1.395,0.261,0.244,0.967
0.568,1.232,0.917,1.489,1.395,0.261,0.244,0.966
0.569,1.231,0.918,1.489,1.394,0.26,0.244,0.966
0.569,1.23,0.918,1.489,1.394,0.26,0.244,0.965
0.569,1.23,0.918,1.488,1.393,0.26,0.244,0.965
0.569,1.229,0.918,1.488,1.393,0.26,0.244,0.964
0.569,1.228,0.918,1.488,1.392,0.26,0.244,0.964
0.569,1.227,0.922,1.491,1.395,0.26,0.244,0.966
0.571,1.229,0.921,1.491,1.395,0.26,0.244,0.965
0.571,1.228,0.921,1.491,1.394,0.259,0.244,0.965
0.571,1.228,0.921,1.491,1.394,0.259,0.244,0.964
0.571,1.227,0.921,1.491,1.393,0.258,0.245,0.964
0.572,1.226,0.922,1.491,1.393,0.258,0.244,0.963
0.572,1.225,0.922,1.49,1.392,0.258,0.245,0.963
0.572,1.224,0.922,1.491,1.392,0.258,0.245,0.963
0.572,1.224,0.923,1.49,1.392,0.258,0.244,0.962
0.573,1.223,0.923,1.49,1.391,0.257,0.245,0.962
0.573,1.223,0.923,1.49,1.391,0.257,0.245,0.962
0.573,1.222,0.923,1.49,1.39,0.257,0.245,0.961
0.573,1.222,0.924,1.49,1.39,0.256,0.245,0.961
0.573,1.221,0.924,1.49,1.39,0.256,0.245,0.961
0.574,1.22,0.924,1.49,1.389,0.256,0.245,0.96
0.574,1.219,0.925,1.49,1.389,0.256,0.245,0.96
0.574,1.219,0.925,1.49,1.389,0.256,0.245,0.959
0.574,1.218,0.925,1.489,1.388,0.255,0.245,0.959
0.574,1.217,0.925,1.489,1.388,0.255,0.245,0.958
0.575,1.216,0.925,1.489,1.387,0.255,0.245,0.958
0.575,1.216,0.926,1.489,1.387,0.254,0.245,0.958
0.575,1.214,0.926,1.488,1.386,0.254,0.245,0.957
0.575,1.214,0.926,1.488,1.386,0.254,0.245,0.957
0.575,1.213,0.926,1.488,1.386,0.253,0.245,0.956
0.575,1.212,0.926,1.488,1.385,0.253,0.245,0.956
0.576,1.212,0.927,1.488,1.385,0.253,0.245,0.956
0.576,1.211,0.927,1.488,1.384,0.253,0.245,0.955
0.576,1.21,0.927,1.487,1.384,0.252,0.245,0.955
0.576,1.21,0.927,1.487,1.383,0.252,0.245,0.954
0.576,1.209,0.928,1.487,1.383,0.252,0.245,0.954
0.576,1.208,0.928,1.487,1.383,0.252,0.245,0.953
0.577,1.207,0.928,1.487,1.382,0.251,0.245,0.953
0.577,1.207,0.928,1.487,1.382,0.251,0.245,0.953
0.577,1.206,0.929,1.487,1.381,0.251,0.245,0.952
0.577,1.205,0.929,1.486,1.381,0.251,0.245,0.952
0.577,1.205,0.929,1.486,1.381,0.25,0.245,0.952
0.577,1.204,0.929,1.486,1.38,0.25,0.245,0.951
0.578,1.203,0.929,1.486,1.38,0.25,0.245,0.951
0.578,1.202,0.93,1.486,1.379,0.25,0.245,0.95
0.578,1.202,0.93,1.486,1.379,0.249,0.245,0.95
0.578,1.201,0.93,1.485,1.378,0.249,0.245,0.95
0.578,1.2,0.93,1.485,1.378,0.249,0.245,0.949
0.579,1.199,0.931,1.485,1.378,0.248,0.245,0.949
0.579,1.199,0.931,1.485,1.377,0.248,0.245,0.948
0.579,1.198,0.931,1.485,1.377,0.248,0.245,0.948
0.579,1.197,0.931,1.485,1.376,0.248,0.245,0.948
0.579,1.197,0.932,1.485,1.376,0.247,0.245,0.947
0.579,1.196,0.932,1.484,1.376,0.247,0.245,0.947
0.58,1.195,0.932,1.484,1.375,0.247,0.245,0.947
0.58,1.195,0.932,1.484,1.375,0.246,0.245,0.946
0.58,1.194,0.933,1.484,1.375,0.246,0.245,0.946
0.58,1.193,0.933,1.484,1.374,0.246,0.245,0.945
0.58,1.193,0.933,1.484,1.374,0.246,0.245,0.945
0.58,1.192,0.933,1.484,1.373,0.246,0.245,0.945
0.58,1.191,0.933,1.484,1.373,0.245,0.245,0.944
0.581,1.19,0.934,1.483,1.373,0.245,0.245,0.944
0.581,1.19,0.934,1.483,1.372,0.245,0.245,0.944
0.581,1.189,0.934,1.483,1.372,0.245,0.245,0.943
0.581,1.189,0.935,1.483,1.371,0.244,0.245,0.943
0.581,1.188,0.935,1.483,1.371,0.244,0.245,0.943
0.581,1.187,0.935,1.482,1.371,0.244,0.243,0.94
0.58,1.184,0.933,1.479,1.367,0.243,0.244,0.94
0.581,1.183,0.934,1.479,1.367,0.243,0.244,0.939
0.581,1.183,0.934,1.479,1.366,0.242,0.244,0.939
0.581,1.182,0.934,1.479,1.366,0.242,0.245,0.939
0.581,1.182,0.934,1.479,1.366,0.242,0.245,0.938
0.581,1.181,0.935,1.479,1.366,0.242,0.245,0.938
0.582,1.18,0.935,1.479,1.366,0.242,0.245,0.938
0.582,1.18,0.935,1.479,1.365,0.241,0.245,0.938
0.582,1.179,0.935,1.479,1.365,0.241,0.244,0.937
0.582,1.179,0.936,1.479,1.364,0.241,0.245,0.937
0.582,1.178,0.936,1.478,1.364,0.24,0.245,0.936
0.582,1.177,0.936,1.478,1.364,0.24,0.245,0.936
0.582,1.176,0.936,1.478,1.363,0.24,0.245,0.936
0.583,1.176,0.937,1.478,1.363,0.24,0.245,0.935
0.583,1.175,0.937,1.478,1.362,0.24,0.245,0.935
0.583,1.175,0.937,1.478,1.362,0.239,0.245,0.934
0.583,1.174,0.937,1.477,1.361,0.239,0.244,0.934
0.583,1.173,0.937,1.477,1.361,0.239,0.245,0.934
0.583,1.173,0.937,1.477,1.361,0.238,0.245,0.933
0.583,1.172,0.938,1.477,1.361,0.238,0.245,0.933
0.583,1.171,0.938,1.477,1.36,0.238,0.245,0.932
0.583,1.17,0.938,1.477,1.359,0.238,0.245,0.932
0.584,1.17,0.938,1.476,1.359,0.238,0.245,0.932
0.584,1.169,0.939,1.476,1.358,0.237,0.244,0.931
0.584,1.168,0.939,1.476,1.358,0.237,0.245,0.931
0.584,1.168,0.939,1.476,1.358,0.237,0.244,0.93
0.584,1.167,0.939,1.475,1.357,0.236,0.245,0.93
0.584,1.167,0.939,1.475,1.357,0.236,0.245,0.93
0.584,1.166,0.939,1.475,1.356,0.236,0.245,0.929
0.584,1.165,0.94,1.475,1.356,0.236,0.245,0.929
0.585,1.165,0.94,1.475,1.356,0.235,0.245,0.929
0.585,1.164,0.94,1.475,1.355,0.235,0.244,0.928
0.585,1.163,0.94,1.475,1.355,0.235,0.245,0.928
0.585,1.162,0.94,1.474,1.354,0.235,0.245,0.928
0.585,1.162,0.941,1.474,1.354,0.235,0.245,0.927
0.585,1.161,0.941,1.474,1.354,0.234,0.245,0.927
0.585,1.161,0.941,1.474,1.353,0.234,0.245,0.927
0.585,1.16,0.941,1.474,1.353,0.234,0.244,0.926
0.585,1.159,0.942,1.474,1.352,0.234,0.245,0.926
0.586,1.159,0.942,1.473,1.352,0.233,0.245,0.925
0.586,1.158,0.942,1.473,1.352,0.233,0.245,0.925
0.586,1.157,0.942,1.473,1.352,0.233,0.245,0.925
0.586,1.157,0.943,1.473,1.351,0.233,0.244,0.924
0.586,1.156,0.943,1.473,1.351,0.232,0.245,0.924
0.586,1.156,0.943,1.472,1.35,0.232,0.244,0.924
0.586,1.155,0.943,1.472,1.35,0.232,0.245,0.923
0.586,1.154,0.943,1.472,1.349,0.231,0.244,0.923
0.587,1.154,0.943,1.472,1.349,0.231,0.244,0.922
0.587,1.153,0.943,1.472,1.348,0.231,0.244,0.922
0.587,1.152,0.944,1.472,1.348,0.231,0.245,0.922
0.587,1.152,0.944,1.472,1.348,0.23,0.245,0.921
0.587,1.151,0.944,1.472,1.348,0.23,0.245,0.921
0.587,1.151,0.944,1.471,1.347,0.23,0.244,0.921
0.587,1.15,0.945,1.471,1.347,0.23,0.244,0.92
0.587,1.149,0.945,1.471,1.346,0.23,0.245,0.92
0.587,1.148,0.945,1.471,1.346,0.229,0.244,0.92
0.588,1.148,0.945,1.471,1.345,0.229,0.244,0.919
0.588,1.147,0.945,1.47,1.345,0.229,0.244,0.919
0.588,1.147,0.946,1.47,1.345,0.229,0.245,0.918
0.588,1.146,0.946,1.47,1.344,0.228,0.244,0.918
0.588,1.145,0.946,1.47,1.344,0.228,0.245,0.918
0.588,1.145,0.946,1.47,1.343,0.228,0.244,0.917
0.588,1.144,0.946,1.47,1.343,0.228,0.245,0.917
0.588,1.143,0.95,1.465,1.338,0.227,0.244,0.914
0.59,1.145,0.948,1.471,1.343,0.227,0.245,0.916
0.591,1.148,0.951,1.476,1.347,0.228,0.245,0.919
0.591,1.146,0.951,1.475,1.347,0.228,0.245,0.92
0.589,1.142,0.948,1.471,1.343,0.227,0.245,0.918
0.587,1.138,0.945,1.465,1.338,0.226,0.244,0.914
0.587,1.137,0.945,1.464,1.337,0.225,0.244,0.912
0.59,1.142,0.949,1.47,1.341,0.226,0.245,0.914
0.592,1.145,0.953,1.475,1.345,0.227,0.245,0.917
0.591,1.143,0.952,1.475,1.345,0.226,0.246,0.918
0.589,1.139,0.95,1.47,1.341,0.226,0.245,0.916
0.588,1.134,0.947,1.465,1.336,0.224,0.244,0.912
0.588,1.134,0.946,1.464,1.334,0.224,0.244,0.91
0.591,1.138,0.951,1.469,1.339,0.224,0.244,0.912
0.592,1.141,0.954,1.474,1.343,0.225,0.246,0.915
0.592,1.14,0.954,1.474,1.343,0.225,0.246,0.916
0.59,1.136,0.951,1.469,1.339,0.224,0.245,0.914
0.588,1.131,0.948,1.464,1.334,0.223,0.244,0.91
0.589,1.13,0.948,1.463,1.332,0.223,0.244,0.908
0.591,1.135,0.952,1.468,1.336,0.223,0.244,0.91
0.593,1.137,0.955,1.473,1.34,0.224,0.246,0.913
0.592,1.136,0.955,1.473,1.341,0.224,0.246,0.914
0.59,1.132,0.952,1.469,1.337,0.223,0.245,0.912
0.589,1.127,0.949,1.463,1.332,0.222,0.244,0.908
0.589,1.127,0.949,1.461,1.329,0.221,0.244,0.905
0.591,1.131,0.953,1.466,1.333,0.222,0.244,0.907
0.593,1.134,0.956,1.472,1.338,0.222,0.245,0.911
0.593,1.133,0.956,1.472,1.339,0.222,0.246,0.912
0.591,1.129,0.954,1.468,1.335,0.222,0.245,0.91
0.589,1.124,0.95,1.462,1.33,0.22,0.244,0.906
0.589,1.123,0.95,1.46,1.327,0.22,0.244,0.904
0.592,1.127,0.954,1.466,1.331,0.22,0.244,0.905
0.594,1.13,0.957,1.471,1.336,0.221,0.245,0.909
0.593,1.129,0.957,1.471,1.336,0.221,0.246,0.91
0.592,1.125,0.955,1.467,1.333,0.22,0.245,0.908
0.59,1.121,0.951,1.461,1.327,0.219,0.244,0.904
0.59,1.119,0.951,1.459,1.325,0.219,0.244,0.901
0.592,1.123,0.955,1.464,1.329,0.219,0.244,0.903
0.594,1.126,0.958,1.469,1.333,0.22,0.245,0.907
0.594,1.126,0.958,1.47,1.334,0.22,0.246,0.908
0.592,1.122,0.956,1.466,1.331,0.219,0.245,0.906
0.59,1.117,0.953,1.46,1.325,0.218,0.244,0.902
0.59,1.116,0.952,1.458,1.322,0.217,0.244,0.9
0.593,1.12,0.956,1.463,1.326,0.218,0.244,0.901
0.595,1.124,0.96,1.469,1.331,0.218,0.245,0.905
0.595,1.123,0.96,1.469,1.332,0.218,0.246,0.906
0.593,1.119,0.958,1.465,1.329,0.217,0.245,0.904
0.591,1.114,0.954,1.46,1.323,0.217,0.244,0.901
0.591,1.113,0.953,1.457,1.32,0.216,0.244,0.898
0.593,1.117,0.957,1.462,1.324,0.216,0.244,0.899
0.595,1.12,0.961,1.468,1.329,0.217,0.245,0.902
0.595,1.12,0.961,1.468,1.33,0.217,0.246,0.904
0.593,1.116,0.959,1.465,1.327,0.216,0.245,0.902
0.591,1.111,0.956,1.459,1.322,0.215,0.244,0.898
0.591,1.109,0.954,1.456,1.318,0.215,0.243,0.896
0.594,1.113,0.958,1.461,1.321,0.215,0.244,0.897
0.595,1.117,0.962,1.466,1.327,0.216,0.245,0.9
0.595,1.116,0.962,1.468,1.328,0.216,0.246,0.902
0.594,1.113,0.96,1.464,1.324,0.215,0.245,0.9
0.592,1.108,0.957,1.458,1.319,0.214,0.244,0.897
0.591,1.106,0.955,1.455,1.316,0.213,0.243,0.897
0.593,1.109,0.959,1.46,1.32,0.214,0.245,0.897
0.593,1.109,0.959,1.46,1.32,0.214,0.245,0.896
0.593,1.108,0.959,1.46,1.319,0.213,0.245,0.896
0.593,1.108,0.959,1.46,1.319,0.213,0.244,0.896
0.594,1.107,0.959,1.46,1.319,0.213,0.244,0.895
0.594,1.107,0.96,1.459,1.318,0.213,0.244,0.895
0.594,1.106,0.96,1.459,1.318,0.213,0.245,0.894
0.594,1.105,0.96,1.459,1.318,0.212,0.244,0.894
0.594,1.105,0.96,1.459,1.317,0.212,0.245,0.894
0.594,1.104,0.961,1.459,1.317,0.212,0.245,0.894
0.594,1.104,0.961,1.459,1.317,0.212,0.244,0.893
0.594,1.103,0.961,1.459,1.316,0.212,0.244,0.893
0.594,1.103,0.961,1.458,1.316,0.211,0.244,0.892
0.594,1.102,0.961,1.458,1.315,0.211,0.244,0.892
0.594,1.102,0.961,1.458,1.315,0.211,0.244,0.892
0.594,1.101,0.961,1.457,1.314,0.211,0.244,0.891
0.594,1.101,0.962,1.457,1.314,0.21,0.244,0.891
0.594,1.1,0.962,1.457,1.314,0.21,0.244,0.891
0.594,1.099,0.962,1.457,1.313,0.21,0.244,0.89
0.594,1.099,0.962,1.457,1.313,0.21,0.244,0.89
0.594,1.099,0.962,1.457,1.313,0.21,0.244,0.89
0.594,1.098,0.962,1.457,1.312,0.21,0.244,0.889
0.595,1.098,0.963,1.456,1.312,0.209,0.244,0.889
0.595,1.097,0.963,1.456,1.312,0.209,0.244,0.889
0.595,1.096,0.963,1.456,1.311,0.209,0.244,0.888
0.595,1.096,0.963,1.456,1.311,0.209,0.244,0.888
0.595,1.095,0.963,1.456,1.31,0.209,0.244,0.888
0.595,1.095,0.964,1.456,1.31,0.208,0.244,0.887
0.595,1.094,0.964,1.455,1.31,0.208,0.244,0.887
0.595,1.094,0.964,1.455,1.309,0.208,0.244,0.887
0.595,1.094,0.964,1.455,1.309,0.208,0.244,0.887
0.595,1.093,0.964,1.455,1.309,0.207,0.244,0.887
0.595,1.093,0.965,1.455,1.309,0.207,0.244,0.886
0.595,1.092,0.965,1.455,1.308,0.207,0.245,0.886
0.595,1.092,0.965,1.455,1.308,0.207,0.244,0.886
0.595,1.091,0.965,1.455,1.308,0.207,0.244,0.885
0.595,1.091,0.965,1.455,1.307,0.206,0.244,0.885
0.595,1.09,0.966,1.454,1.307,0.206,0.244,0.884
0.595,1.09,0.966,1.454,1.306,0.206,0.244,0.884
0.595,1.089,0.966,1.454,1.306,0.206,0.244,0.884
0.595,1.088,0.966,1.454,1.306,0.206,0.244,0.884
0.595,1.088,0.966,1.453,1.305,0.205,0.244,0.883
0.595,1.087,0.966,1.453,1.305,0.205,0.244,0.883
0.595,1.087,0.967,1.453,1.304,0.205,0.244,0.883
0.596,1.086,0.967,1.453,1.304,0.205,0.244,0.882
0.596,1.086,0.967,1.453,1.304,0.205,0.244,0.882
0.596,1.086,0.967,1.453,1.303,0.204,0.244,0.882
0.596,1.085,0.968,1.453,1.303,0.204,0.244,0.882
0.596,1.085,0.968,1.453,1.303,0.204,0.244,0.881
0.596,1.084,0.968,1.453,1.303,0.204,0.244,0.881
0.596,1.084,0.968,1.453,1.302,0.204,0.244,0.881
0.596,1.083,0.968,1.452,1.302,0.204,0.244,0.88
0.596,1.083,0.968,1.452,1.302,0.203,0.244,0.88
0.596,1.082,0.969,1.452,1.301,0.203,0.244,0.88
0.596,1.082,0.969,1.452,1.301,0.203,0.244,0.879
0.596,1.081,0.969,1.452,1.301,0.203,0.244,0.879
0.596,1.081,0.969,1.452,1.3,0.203,0.244,0.879
0.596,1.08,0.969,1.451,1.3,0.202,0.244,0.878
0.596,1.08,0.969,1.451,1.299,0.202,0.244,0.878
0.596,1.079,0.97,1.451,1.299,0.202,0.244,0.878
0.596,1.079,0.97,1.451,1.299,0.202,0.244,0.877
0.596,1.078,0.97,1.45,1.298,0.202,0.244,0.877
0.596,1.078,0.97,1.45,1.298,0.201,0.244,0.877
0.596,1.077,0.97,1.456,1.302,0.202,0.245,0.88
0.596,1.077,0.971,1.451,1.299,0.201,0.245,0.878
0.595,1.074,0.968,1.446,1.294,0.201,0.244,0.875
0.597,1.075,0.97,1.448,1.295,0.2,0.244,0.874
0.599,1.079,0.974,1.454,1.3,0.201,0.245,0.877
0.599,1.08,0.975,1.456,1.302,0.201,0.245,0.879
0.598,1.078,0.974,1.454,1.3,0.201,0.245,0.878
0.596,1.074,0.972,1.451,1.297,0.201,0.245,0.876
0.595,1.071,0.969,1.446,1.292,0.199,0.244,0.873
0.597,1.073,0.971,1.447,1.292,0.199,0.244,0.872
0.599,1.077,0.975,1.453,1.298,0.2,0.245,0.875
0.599,1.077,0.976,1.455,1.3,0.2,0.245,0.877
0.599,1.075,0.976,1.454,1.298,0.2,0.245,0.877
0.597,1.072,0.973,1.45,1.295,0.199,0.245,0.875
0.595,1.068,0.97,1.445,1.29,0.198,0.244,0.872
0.597,1.07,0.972,1.446,1.291,0.198,0.244,0.87
0.599,1.074,0.976,1.452,1.296,0.199,0.245,0.873
0.6,1.074,0.978,1.454,1.298,0.199,0.245,0.875
0.599,1.072,0.977,1.453,1.296,0.199,0.245,0.875
0.597,1.069,0.974,1.449,1.293,0.198,0.245,0.873
0.596,1.066,0.972,1.444,1.288,0.197,0.244,0.87
0.597,1.067,0.973,1.445,1.288,0.197,0.244,0.869
0.599,1.071,0.977,1.451,1.294,0.198,0.245,0.871
0.6,1.071,0.979,1.454,1.296,0.198,0.245,0.874
0.599,1.07,0.978,1.452,1.294,0.198,0.245,0.873
0.597,1.066,0.976,1.448,1.291,0.197,0.245,0.871
0.596,1.063,0.973,1.443,1.286,0.196,0.244,0.868
0.597,1.064,0.974,1.444,1.286,0.196,0.244,0.867
0.599,1.068,0.978,1.45,1.291,0.197,0.245,0.869
0.6,1.069,0.98,1.452,1.294,0.197,0.245,0.872
0.599,1.067,0.979,1.451,1.292,0.197,0.245,0.871
0.597,1.064,0.977,1.448,1.289,0.196,0.245,0.87
0.596,1.06,0.974,1.442,1.285,0.195,0.244,0.866
0.597,1.061,0.975,1.443,1.284,0.195,0.244,0.865
0.599,1.065,0.979,1.449,1.289,0.196,0.245,0.868
0.6,1.066,0.981,1.452,1.292,0.196,0.246,0.87
0.599,1.064,0.98,1.45,1.29,0.196,0.245,0.87
0.598,1.061,0.978,1.447,1.288,0.195,0.245,0.868
0.596,1.058,0.975,1.442,1.283,0.194,0.244,0.865
0.597,1.058,0.976,1.442,1.282,0.194,0.244,0.863
0.6,1.063,0.98,1.448,1.287,0.195,0.244,0.866
0.6,1.063,0.982,1.451,1.29,0.195,0.245,0.868
0.599,1.062,0.981,1.449,1.289,0.195,0.245,0.868
0.598,1.059,0.979,1.446,1.286,0.194,0.245,0.866
0.596,1.055,0.976,1.441,1.281,0.193,0.244,0.863
0.597,1.055,0.977,1.441,1.28,0.193,0.244,0.862
0.6,1.06,0.981,1.447,1.285,0.193,0.244,0.864
0.6,1.061,0.983,1.45,1.288,0.194,0.245,0.867
0.6,1.059,0.982,1.449,1.287,0.194,0.245,0.867
0.598,1.056,0.98,1.445,1.284,0.193,0.245,0.865
0.596,1.053,0.977,1.44,1.279,0.192,0.244,0.862
0.597,1.053,0.978,1.44,1.278,0.192,0.244,0.86
0.6,1.057,0.982,1.445,1.283,0.193,0.245,0.862
0.601,1.058,0.984,1.449,1.286,0.193,0.245,0.865
0.6,1.057,0.983,1.447,1.285,0.193,0.245,0.865
0.598,1.054,0.981,1.444,1.282,0.192,0.245,0.863
0.596,1.05,0.978,1.439,1.277,0.191,0.244,0.86
0.597,1.05,0.979,1.438,1.276,0.191,0.244,0.858
0.6,1.054,0.983,1.444,1.281,0.191,0.244,0.861
0.601,1.055,0.985,1.448,1.284,0.192,0.245,0.863
0.6,1.054,0.984,1.446,1.283,0.192,0.245,0.859
0.598,1.05,0.981,1.441,1.278,0.191,0.244,0.86
0.598,1.05,0.981,1.441,1.277,0.19,0.244,0.859
0.598,1.049,0.982,1.441,1.277,0.19,0.244,0.859
0.598,1.049,0.982,1.441,1.277,0.19,0.244,0.859
0.598,1.049,0.982,1.441,1.277,0.19,0.244,0.859
0.598,1.048,0.982,1.441,1.276,0.19,0.244,0.858
0.598,1.047,0.982,1.44,1.276,0.19,0.244,0.858
0.598,1.047,0.982,1.44,1.276,0.19,0.244,0.858
0.598,1.047,0.983,1.44,1.275,0.189,0.244,0.857
0.598,1.046,0.983,1.44,1.275,0.189,0.244,0.857
0.598,1.046,0.983,1.44,1.275,0.189,0.244,0.857
0.598,1.045,0.983,1.439,1.274,0.189,0.244,0.857
0.598,1.045,0.983,1.439,1.274,0.189,0.244,0.856
0.598,1.045,0.983,1.439,1.274,0.189,0.244,0.856
0.598,1.044,0.983,1.439,1.273,0.189,0.244,0.856
0.598,1.044,0.984,1.439,1.273,0.188,0.244,0.855
0.598,1.043,0.984,1.439,1.272,0.188,0.244,0.855
0.598,1.043,0.984,1.438,1.272,0.188,0.244,0.855
0.598,1.042,0.984,1.438,1.272,0.188,0.244,0.854
0.598,1.042,0.984,1.438,1.271,0.188,0.244,0.854
0.598,1.042,0.984,1.438,1.271,0.187,0.244,0.854
0.598,1.041,0.985,1.438,1.271,0.187,0.244,0.854
0.598,1.041,0.985,1.438,1.271,0.187,0.244,0.853
0.598,1.04,0.985,1.437,1.27,0.187,0.244,0.853
0.598,1.04,0.985,1.437,1.27,0.187,0.244,0.853
0.598,1.04,0.985,1.437,1.27,0.187,0.244,0.853
0.598,1.039,0.985,1.437,1.269,0.187,0.244,0.852
0.598,1.039,0.986,1.437,1.269,0.187,0.244,0.852
0.598,1.039,0.986,1.437,1.269,0.186,0.244,0.852
0.598,1.038,0.986,1.436,1.268,0.186,0.244,0.852
0.598,1.038,0.986,1.437,1.268,0.186,0.244,0.851
0.598,1.037,0.986,1.436,1.268,0.186,0.244,0.851
0.598,1.037,0.986,1.436,1.267,0.186,0.244,0.851
0.598,1.037,0.986,1.436,1.267,0.186,0.244,0.85
0.598,1.036,0.987,1.436,1.267,0.185,0.244,0.85
0.598,1.036,0.987,1.436,1.266,0.185,0.244,0.85
0.598,1.036,0.987,1.436,1.266,0.185,0.244,0.85
0.598,1.035,0.987,1.435,1.266,0.185,0.244,0.849
0.598,1.035,0.988,1.435,1.266,0.185,0.244,0.849
0.598,1.034,0.987,1.435,1.265,0.184,0.244,0.849
0.598,1.034,0.988,1.435,1.265,0.184,0.244,0.849
0.598,1.034,0.988,1.435,1.265,0.184,0.244,0.848
0.598,1.033,0.988,1.435,1.264,0.184,0.244,0.848
0.598,1.033,0.988,1.434,1.264,0.184,0.244,0.848
0.598,1.032,0.988,1.434,1.264,0.184,0.244,0.848
0.598,1.032,0.988,1.434,1.263,0.184,0.244,0.847
0.598,1.032,0.988,1.434,1.263,0.184,0.244,0.847
0.598,1.031,0.989,1.434,1.263,0.183,0.244,0.847
0.598,1.031,0.989,1.434,1.263,0.183,0.244,0.846
0.598,1.031,0.989,1.434,1.262,0.183,0.244,0.846
0.598,1.03,0.989,1.434,1.262,0.183,0.244,0.846
0.598,1.03,0.989,1.433,1.262,0.183,0.244,0.846
0.598,1.029,0.99,1.433,1.261,0.183,0.244,0.845
0.598,1.029,0.99,1.433,1.261,0.182,0.244,0.845
0.598,1.028,0.99,1.433,1.26,0.182,0.244,0.845
0.598,1.028,0.99,1.432,1.26,0.182,0.244,0.844
0.598,1.028,0.99,1.432,1.26,0.182,0.244,0.844
0.598,1.027,0.99,1.432,1.259,0.182,0.244,0.844
0.597,1.027,0.99,1.432,1.259,0.182,0.244,0.844
0.597,1.027,0.99,1.432,1.259,0.181,0.244,0.844
0.597,1.026,0.99,1.432,1.258,0.181,0.244,0.843
0.598,1.026,0.991,1.431,1.258,0.181,0.244,0.843
0.597,1.025,0.991,1.431,1.258,0.181,0.244,0.843
0.598,1.025,0.991,1.436,1.258,0.181,0.244,0.841
0.6,1.029,0.995,1.437,1.262,0.181,0.245,0.845
0.6,1.028,0.995,1.437,1.262,0.181,0.245,0.846
0.599,1.026,0.994,1.435,1.26,0.181,0.245,0.844
0.596,1.023,0.991,1.43,1.256,0.18,0.244,0.842
0.596,1.021,0.989,1.427,1.253,0.18,0.243,0.839
0.598,1.024,0.993,1.431,1.256,0.18,0.244,0.84
0.6,1.027,0.996,1.436,1.26,0.181,0.245,0.843
0.599,1.026,0.996,1.436,1.261,0.181,0.245,0.844
0.598,1.024,0.995,1.434,1.259,0.18,0.245,0.843
0.596,1.02,0.992,1.429,1.255,0.18,0.244,0.84
0.596,1.019,0.99,1.426,1.251,0.179,0.243,0.838
0.598,1.022,0.994,1.43,1.254,0.179,0.244,0.838
0.6,1.025,0.997,1.435,1.259,0.18,0.245,0.842
0.6,1.025,0.997,1.435,1.259,0.18,0.245,0.843
0.599,1.022,0.996,1.433,1.257,0.179,0.245,0.842
0.596,1.019,0.993,1.429,1.253,0.179,0.244,0.839
0.596,1.017,0.991,1.425,1.25,0.178,0.243,0.836
0.598,1.02,0.995,1.429,1.252,0.178,0.244,0.837
0.6,1.023,0.998,1.434,1.257,0.179,0.245,0.84
0.6,1.022,0.998,1.435,1.258,0.179,0.245,0.841
0.598,1.02,0.997,1.433,1.255,0.178,0.245,0.84
0.596,1.017,0.994,1.428,1.251,0.178,0.244,0.838
0.596,1.014,0.992,1.424,1.247,0.177,0.243,0.835
0.598,1.017,0.995,1.428,1.25,0.177,0.244,0.835
0.6,1.02,0.999,1.433,1.255,0.178,0.245,0.839
0.599,1.02,0.999,1.434,1.256,0.178,0.245,0.84
0.598,1.018,0.998,1.432,1.254,0.178,0.245,0.839
0.596,1.015,0.995,1.427,1.25,0.177,0.244,0.837
0.595,1.012,0.993,1.424,1.246,0.176,0.243,0.833
0.598,1.015,0.996,1.427,1.248,0.176,0.243,0.834
0.6,1.019,1.0,1.432,1.253,0.177,0.245,0.837
0.599,1.018,1.0,1.433,1.254,0.177,0.245,0.839
0.598,1.016,0.999,1.431,1.252,0.177,0.245,0.837
0.596,1.013,0.996,1.427,1.248,0.176,0.244,0.835
0.595,1.01,0.994,1.423,1.244,0.176,0.243,0.832
0.597,1.013,0.997,1.426,1.246,0.176,0.244,0.832
0.599,1.016,1.001,1.431,1.251,0.176,0.245,0.836
0.599,1.016,1.001,1.432,1.252,0.176,0.245,0.837
0.598,1.014,1.0,1.43,1.25,0.176,0.245,0.836
0.596,1.011,0.997,1.426,1.247,0.176,0.244,0.834
0.595,1.008,0.995,1.422,1.242,0.175,0.243,0.831
0.597,1.011,0.998,1.424,1.244,0.175,0.243,0.831
0.599,1.014,1.002,1.431,1.249,0.176,0.244,0.834
0.599,1.014,1.002,1.431,1.25,0.176,0.245,0.836
0.598,1.012,1.001,1.429,1.249,0.175,0.245,0.835
0.596,1.009,0.998,1.425,1.245,0.175,0.244,0.832
0.595,1.006,0.996,1.421,1.241,0.174,0.243,0.829
0.597,1.009,0.999,1.424,1.243,0.174,0.243,0.829
0.599,1.012,1.003,1.429,1.248,0.175,0.245,0.833
0.599,1.012,1.003,1.43,1.249,0.175,0.245,0.834
0.598,1.01,1.002,1.428,1.247,0.175,0.245,0.833
0.596,1.007,1.0,1.424,1.243,0.174,0.244,0.831
0.595,1.004,0.997,1.42,1.24,0.173,0.243,0.828
0.597,1.006,0.999,1.422,1.241,0.173,0.243,0.828
0.599,1.01,1.004,1.428,1.246,0.174,0.245,0.831
0.599,1.01,1.004,1.43,1.247,0.174,0.245,0.833
0.598,1.008,1.003,1.428,1.245,0.174,0.245,0.832
0.596,1.005,1.0,1.424,1.242,0.173,0.244,0.83
0.595,1.002,0.998,1.419,1.238,0.173,0.243,0.827
0.597,1.005,1.0,1.422,1.239,0.172,0.243,0.825
0.596,1.004,1.001,1.423,1.24,0.173,0.244,0.828
0.596,1.004,1.001,1.423,1.24,0.172,0.244,0.828
0.596,1.004,1.001,1.422,1.24,0.173,0.244,0.827
0.596,1.003,1.001,1.422,1.239,0.172,0.244,0.827
0.596,1.003,1.001,1.422,1.239,0.172,0.244,0.827
0.596,1.003,1.002,1.422,1.239,0.172,0.244,0.827
0.596,1.002,1.002,1.422,1.238,0.172,0.244,0.826
0.596,1.002,1.002,1.422,1.238,0.172,0.244,0.826
0.596,1.002,1.002,1.421,1.238,0.172,0.244,0.826
0.596,1.001,1.002,1.421,1.238,0.171,0.244,0.826
0.596,1.001,1.002,1.421,1.237,0.171,0.244,0.825
0.596,1.001,1.002,1.421,1.237,0.171,0.244,0.825
0.596,1.0,1.002,1.421,1.237,0.171,0.244,0.825
0.596,1.0,1.003,1.421,1.236,0.171,0.244,0.825
0.596,1.0,1.003,1.42,1.236,0.171,0.244,0.824
0.596,0.999,1.003,1.42,1.236,0.171,0.244,0.824
0.596,0.999,1.003,1.42,1.236,0.171,0.244,0.824
0.595,0.999,1.003,1.42,1.235,0.171,0.244,0.824
0.595,0.998,1.003,1.42,1.235,0.17,0.244,0.824
0.596,0.998,1.003,1.42,1.235,0.17,0.244,0.823
0.596,0.998,1.003,1.42,1.234,0.17,0.244,0.823
0.595,0.998,1.004,1.42,1.234,0.17,0.244,0.823
0.595,0.997,1.004,1.42,1.234,0.17,0.244,0.823
0.595,0.997,1.004,1.419,1.234,0.17,0.244,0.822
0.595,0.997,1.004,1.419,1.233,0.17,0.244,0.822
0.595,0.996,1.004,1.419,1.233,0.17,0.244,0.822
0.595,0.996,1.004,1.419,1.233,0.169,0.244,0.822
0.595,0.995,1.004,1.419,1.233,0.169,0.244,0.822
0.595,0.995,1.005,1.419,1.232,0.169,0.244,0.821
0.595,0.995,1.005,1.418,1.232,0.169,0.244,0.821
0.595,0.995,1.005,1.418,1.232,0.169,0.244,0.821
0.595,0.994,1.005,1.418,1.231,0.169,0.244,0.821
0.595,0.994,1.005,1.418,1.231,0.169,0.244,0.82
0.595,0.994,1.005,1.418,1.231,0.169,0.243,0.82
0.595,0.993,1.005,1.418,1.23,0.168,0.244,0.82
0.595,0.993,1.006,1.417,1.23,0.168,0.244,0.82
0.595,0.993,1.005,1.417,1.23,0.168,0.244,0.819
0.595,0.992,1.006,1.417,1.23,0.168,0.244,0.819
0.595,0.992,1.006,1.417,1.229,0.168,0.244,0.819
0.595,0.992,1.006,1.417,1.229,0.168,0.244,0.819
0.595,0.992,1.006,1.417,1.229,0.168,0.244,0.819
0.595,0.991,1.006,1.417,1.228,0.168,0.244,0.818
0.594,0.991,1.006,1.416,1.228,0.167,0.244,0.818
0.594,0.991,1.006,1.416,1.228,0.167,0.244,0.818
0.594,0.99,1.007,1.416,1.228,0.167,0.244,0.818
0.594,0.99,1.007,1.416,1.227,0.167,0.244,0.817
0.594,0.99,1.007,1.416,1.227,0.167,0.243,0.817
0.594,0.989,1.007,1.416,1.227,0.167,0.244,0.817
0.594,0.989,1.007,1.416,1.226,0.167,0.243,0.817
0.594,0.989,1.007,1.416,1.226,0.167,0.243,0.816
0.594,0.989,1.008,1.415,1.226,0.166,0.244,0.816
0.594,0.988,1.008,1.415,1.226,0.166,0.244,0.816
0.594,0.988,1.008,1.415,1.226,0.166,0.244,0.816
0.594,0.988,1.008,1.415,1.225,0.166,0.244,0.816
0.594,0.987,1.008,1.415,1.225,0.166,0.243,0.815
0.594,0.987,1.008,1.415,1.225,0.166,0.243,0.815
0.594,0.987,1.008,1.414,1.224,0.166,0.243,0.815
0.594,0.986,1.008,1.414,1.224,0.166,0.243,0.815
0.594,0.986,1.008,1.414,1.224,0.165,0.243,0.814
0.594,0.986,1.008,1.414,1.223,0.165,0.243,0.814
0.593,0.985,1.008,1.413,1.223,0.165,0.243,0.814
0.593,0.985,1.009,1.413,1.223,0.165,0.243,0.814
0.593,0.985,1.009,1.413,1.223,0.165,0.243,0.814
0.593,0.984,1.009,1.413,1.221,0.165,0.243,0.814
0.592,0.981,1.006,1.409,1.219,0.164,0.243,0.811
0.592,0.982,1.007,1.41,1.219,0.164,0.243,0.811
0.594,0.984,1.01,1.413,1.222,0.165,0.243,0.812
0.596,0.987,1.014,1.418,1.226,0.165,0.244,0.815
0.595,0.987,1.014,1.418,1.226,0.165,0.244,0.816
0.592,0.982,1.009,1.412,1.221,0.164,0.244,0.813
0.592,0.98,1.007,1.408,1.217,0.164,0.243,0.81
0.592,0.98,1.008,1.409,1.218,0.164,0.243,0.809
0.594,0.983,1.011,1.412,1.22,0.164,0.243,0.811
0.596,0.986,1.014,1.417,1.224,0.164,0.244,0.813
0.595,0.985,1.014,1.417,1.225,0.165,0.244,0.815
0.592,0.98,1.01,1.411,1.22,0.164,0.243,0.812
0.591,0.978,1.008,1.408,1.216,0.163,0.243,0.809
0.592,0.979,1.009,1.408,1.216,0.163,0.243,0.808
0.593,0.981,1.011,1.411,1.218,0.163,0.243,0.809
0.595,0.984,1.015,1.416,1.222,0.164,0.244,0.812
0.595,0.983,1.015,1.417,1.223,0.164,0.245,0.814
0.592,0.979,1.011,1.411,1.218,0.163,0.244,0.811
0.591,0.977,1.009,1.407,1.214,0.162,0.243,0.807
0.591,0.977,1.01,1.407,1.214,0.162,0.243,0.807
0.593,0.979,1.012,1.41,1.217,0.163,0.243,0.808
0.595,0.982,1.016,1.415,1.22,0.163,0.244,0.811
0.594,0.982,1.016,1.416,1.222,0.163,0.245,0.812
0.592,0.977,1.012,1.41,1.217,0.162,0.243,0.81
0.59,0.975,1.009,1.406,1.213,0.162,0.243,0.806
0.591,0.976,1.01,1.407,1.213,0.162,0.243,0.806
0.592,0.977,1.013,1.409,1.215,0.162,0.243,0.807
0.594,0.981,1.016,1.414,1.219,0.162,0.244,0.809
0.594,0.98,1.017,1.416,1.22,0.163,0.244,0.811
0.591,0.976,1.013,1.41,1.216,0.162,0.244,0.809
0.59,0.973,1.01,1.405,1.211,0.161,0.242,0.805
0.591,0.974,1.011,1.406,1.211,0.161,0.243,0.804
0.592,0.976,1.013,1.408,1.213,0.161,0.243,0.805
0.594,0.979,1.017,1.413,1.217,0.162,0.244,0.808
0.594,0.979,1.018,1.415,1.219,0.162,0.244,0.81
0.591,0.974,1.014,1.409,1.214,0.161,0.243,0.808
0.59,0.971,1.011,1.404,1.21,0.161,0.242,0.804
0.59,0.972,1.012,1.405,1.21,0.16,0.243,0.803
0.592,0.974,1.014,1.407,1.212,0.161,0.243,0.804
0.594,0.977,1.018,1.412,1.215,0.161,0.244,0.806
0.594,0.977,1.019,1.414,1.217,0.161,0.244,0.809
0.591,0.973,1.015,1.408,1.213,0.161,0.244,0.807
0.59,0.97,1.012,1.404,1.208,0.16,0.243,0.803
0.59,0.97,1.013,1.404,1.208,0.16,0.243,0.802
0.591,0.972,1.015,1.406,1.21,0.16,0.243,0.803
0.593,0.975,1.018,1.411,1.214,0.16,0.244,0.805
0.593,0.976,1.019,1.413,1.216,0.161,0.244,0.807
0.591,0.971,1.015,1.408,1.211,0.16,0.244,0.805
0.589,0.968,1.013,1.403,1.206,0.159,0.243,0.801
0.59,0.969,1.013,1.403,1.206,0.159,0.242,0.801
0.591,0.971,1.015,1.406,1.208,0.159,0.243,0.802
0.593,0.974,1.019,1.41,1.212,0.16,0.244,0.804
0.593,0.974,1.02,1.412,1.214,0.16,0.244,0.806
0.59,0.97,1.017,1.407,1.21,0.16,0.244,0.804
0.589,0.967,1.014,1.402,1.205,0.159,0.243,0.8
0.589,0.967,1.014,1.402,1.205,0.159,0.243,0.799
0.591,0.969,1.016,1.405,1.207,0.159,0.243,0.8
0.593,0.972,1.02,1.409,1.21,0.159,0.244,0.802
0.593,0.973,1.021,1.411,1.213,0.159,0.244,0.805
0.59,0.968,1.017,1.407,1.209,0.159,0.244,0.803
0.59,0.968,1.017,1.405,1.207,0.158,0.243,0.801
0.59,0.967,1.017,1.405,1.206,0.158,0.243,0.801
0.59,0.967,1.017,1.404,1.206,0.158,0.243,0.8
0.59,0.967,1.017,1.404,1.206,0.158,0.243,0.8
0.59,0.967,1.017,1.404,1.205,0.158,0.243,0.8
0.59,0.967,1.018,1.404,1.205,0.158,0.243,0.8
0.59,0.966,1.018,1.404,1.205,0.158,0.243,0.799
0.59,0.966,1.018,1.404,1.205,0.158,0.243,0.799
0.59,0.966,1.018,1.404,1.205,0.158,0.243,0.799
0.589,0.966,1.018,1.404,1.204,0.157,0.243,0.799
0.589,0.965,1.018,1.404,1.204,0.158,0.243,0.799
0.59,0.965,1.019,1.403,1.204,0.157,0.243,0.799
0.589,0.965,1.018,1.403,1.204,0.157,0.243,0.798
0.589,0.964,1.019,1.403,1.203,0.157,0.243,0.798
0.589,0.964,1.019,1.403,1.203,0.157,0.243,0.798
0.589,0.964,1.019,1.403,1.203,0.157,0.243,0.798
0.589,0.964,1.019,1.403,1.203,0.157,0.243,0.798
0.589,0.964,1.019,1.402,1.202,0.157,0.243,0.798
0.589,0.963,1.019,1.402,1.202,0.157,0.243,0.797
0.589,0.963,1.019,1.402,1.202,0.157,0.243,0.797
0.589,0.963,1.019,1.402,1.202,0.156,0.243,0.797
0.589,0.963,1.02,1.402,1.201,0.156,0.243,0.797
0.589,0.962,1.02,1.402,1.201,0.156,0.243,0.796
0.589,0.962,1.02,1.402,1.201,0.156,0.243,0.796
0.589,0.962,1.02,1.402,1.201,0.156,0.243,0.796
0.589,0.962,1.02,1.402,1.201,0.156,0.243,0.796
0.589,0.961,1.02,1.401,1.2,0.156,0.243,0.796
0.588,0.961,1.02,1.401,1.2,0.156,0.243,0.795
0.588,0.961,1.021,1.401,1.2,0.156,0.243,0.795
0.588,0.961,1.02,1.401,1.2,0.156,0.243,0.795
0.588,0.96,1.021,1.401,1.199,0.155,0.243,0.795
0.588,0.96,1.021,1.401,1.199,0.155,0.243,0.795
0.588,0.96,1.021,1.4,1.199,0.155,0.243,0.795
0.588,0.959,1.021,1.4,1.198,0.155,0.243,0.794
0.588,0.959,1.021,1.4,1.198,0.155,0.243,0.794
0.588,0.959,1.021,1.4,1.198,0.155,0.243,0.794
0.588,0.959,1.021,1.4,1.198,0.155,0.243,0.794
0.588,0.959,1.021,1.4,1.198,0.155,0.243,0.794
0.588,0.959,1.022,1.4,1.197,0.155,0.243,0.793
0.588,0.958,1.022,1.4,1.197,0.155,0.243,0.793
0.588,0.958,1.022,1.399,1.197,0.155,0.243,0.793
0.588,0.958,1.022,1.399,1.197,0.154,0.243,0.793
0.588,0.958,1.022,1.399,1.196,0.154,0.243,0.793
0.588,0.957,1.022,1.399,1.196,0.154,0.243,0.792
0.587,0.957,1.022,1.399,1.196,0.154,0.243,0.792
0.587,0.957,1.022,1.398,1.196,0.154,0.243,0.792
0.587,0.956,1.022,1.399,1.195,0.154,0.243,0.792
0.587,0.956,1.023,1.398,1.195,0.154,0.243,0.792
0.587,0.956,1.023,1.398,1.195,0.154,0.243,0.792
0.587,0.956,1.023,1.398,1.194,0.154,0.243,0.791
0.587,0.955,1.023,1.398,1.194,0.154,0.243,0.791
0.587,0.955,1.023,1.398,1.194,0.154,0.243,0.791
0.587,0.955,1.023,1.397,1.194,0.153,0.243,0.791
0.587,0.955,1.023,1.397,1.193,0.153,0.243,0.791
0.587,0.954,1.023,1.397,1.193,0.153,0.243,0.79
0.586,0.954,1.023,1.397,1.193,0.153,0.243,0.79
0.586,0.954,1.023,1.397,1.193,0.153,0.243,0.79
0.586,0.954,1.023,1.397,1.192,0.153,0.242,0.79
0.586,0.953,1.023,1.396,1.192,0.153,0.243,0.79
0.586,0.953,1.024,1.396,1.192,0.153,0.243,0.789
0.586,0.953,1.024,1.396,1.192,0.153,0.243,0.789
0.586,0.953,1.024,1.396,1.191,0.153,0.243,0.789
0.586,0.952,1.024,1.396,1.191,0.153,0.243,0.789
0.586,0.952,1.024,1.4,1.194,0.153,0.243,0.79
0.589,0.956,1.029,1.402,1.196,0.153,0.244,0.792
0.587,0.954,1.027,1.4,1.195,0.153,0.244,0.792
0.585,0.95,1.024,1.395,1.19,0.152,0.243,0.789
0.584,0.948,1.021,1.391,1.187,0.152,0.242,0.786
0.586,0.95,1.024,1.393,1.188,0.152,0.242,0.786
0.588,0.954,1.028,1.399,1.193,0.152,0.243,0.789
0.588,0.955,1.03,1.402,1.196,0.153,0.244,0.791
0.587,0.953,1.029,1.4,1.194,0.152,0.244,0.791
0.585,0.949,1.025,1.395,1.19,0.152,0.243,0.788
0.583,0.947,1.023,1.391,1.186,0.151,0.242,0.785
0.585,0.949,1.024,1.393,1.187,0.151,0.242,0.785
0.588,0.953,1.029,1.398,1.192,0.152,0.243,0.788
0.588,0.954,1.031,1.401,1.194,0.152,0.244,0.79
0.587,0.952,1.029,1.399,1.193,0.152,0.244,0.79
0.585,0.948,1.026,1.395,1.188,0.151,0.243,0.787
0.583,0.946,1.023,1.39,1.184,0.151,0.242,0.784
0.585,0.948,1.025,1.391,1.185,0.151,0.242,0.784
0.587,0.951,1.03,1.398,1.19,0.151,0.243,0.787
0.588,0.953,1.032,1.401,1.193,0.152,0.244,0.789
0.587,0.951,1.03,1.399,1.192,0.151,0.244,0.789
0.584,0.947,1.027,1.394,1.187,0.151,0.243,0.786
0.583,0.944,1.024,1.389,1.183,0.15,0.242,0.783
0.584,0.946,1.026,1.391,1.184,0.15,0.242,0.783
0.587,0.95,1.03,1.397,1.189,0.151,0.243,0.786
0.587,0.951,1.032,1.4,1.191,0.151,0.244,0.788
0.586,0.95,1.031,1.398,1.19,0.151,0.244,0.788
0.584,0.946,1.027,1.393,1.186,0.15,0.243,0.785
0.583,0.943,1.025,1.389,1.182,0.15,0.242,0.783
0.584,0.945,1.027,1.39,1.182,0.15,0.242,0.782
0.586,0.949,1.031,1.396,1.187,0.15,0.243,0.785
0.587,0.95,1.033,1.399,1.19,0.151,0.244,0.787
0.586,0.948,1.032,1.397,1.189,0.15,0.244,0.787
0.584,0.945,1.028,1.392,1.185,0.15,0.243,0.785
0.582,0.942,1.025,1.388,1.18,0.149,0.242,0.781
0.584,0.943,1.027,1.389,1.181,0.149,0.242,0.781
0.586,0.947,1.031,1.395,1.186,0.15,0.243,0.783
0.587,0.949,1.034,1.398,1.189,0.15,0.244,0.786
0.586,0.947,1.033,1.397,1.188,0.15,0.244,0.786
0.583,0.943,1.029,1.392,1.183,0.149,0.243,0.783
0.582,0.941,1.026,1.387,1.179,0.149,0.242,0.78
0.583,0.942,1.028,1.388,1.18,0.149,0.242,0.78
0.586,0.946,1.032,1.394,1.184,0.149,0.243,0.782
0.586,0.947,1.034,1.397,1.187,0.15,0.244,0.785
0.585,0.945,1.033,1.396,1.186,0.149,0.244,0.785
0.583,0.942,1.03,1.391,1.182,0.149,0.243,0.783
0.581,0.939,1.027,1.386,1.178,0.148,0.242,0.78
0.583,0.94,1.028,1.387,1.178,0.148,0.242,0.778
0.585,0.944,1.033,1.393,1.182,0.149,0.243,0.781
0.586,0.946,1.035,1.396,1.186,0.149,0.244,0.784
0.585,0.944,1.034,1.395,1.185,0.149,0.244,0.784
0.583,0.941,1.031,1.39,1.181,0.148,0.243,0.782
0.581,0.938,1.027,1.386,1.177,0.148,0.242,0.779
0.582,0.939,1.029,1.386,1.177,0.148,0.242,0.778
0.585,0.943,1.033,1.392,1.181,0.148,0.243,0.78
0.586,0.945,1.036,1.396,1.185,0.149,0.244,0.783
0.585,0.943,1.035,1.394,1.184,0.148,0.244,0.783
0.582,0.939,1.032,1.39,1.18,0.148,0.243,0.781
0.581,0.937,1.028,1.385,1.175,0.147,0.242,0.778
0.582,0.938,1.029,1.385,1.175,0.147,0.242,0.776
0.584,0.941,1.034,1.391,1.18,0.147,0.242,0.779
0.582,0.939,1.032,1.388,1.178,0.147,0.242,0.779
0.582,0.938,1.032,1.388,1.178,0.147,0.242,0.778
0.582,0.938,1.032,1.388,1.177,0.147,0.243,0.778
0.582,0.938,1.032,1.388,1.177,0.147,0.243,0.778
0.582,0.938,1.032,1.387,1.177,0.147,0.243,0.778
0.582,0.938,1.032,1.387,1.176,0.147,0.243,0.778
0.582,0.937,1.032,1.387,1.176,0.147,0.242,0.778
0.582,0.937,1.032,1.387,1.176,0.147,0.242,0.777
0.582,0.937,1.033,1.387,1.176,0.147,0.243,0.777
0.582,0.937,1.033,1.387,1.176,0.147,0.243,0.777
0.582,0.937,1.033,1.387,1.176,0.147,0.242,0.777
0.581,0.936,1.033,1.387,1.175,0.147,0.242,0.777
0.581,0.936,1.033,1.386,1.175,0.146,0.243,0.776
0.581,0.936,1.033,1.386,1.175,0.146,0.242,0.776
0.581,0.935,1.033,1.386,1.175,0.146,0.242,0.776
0.581,0.935,1.033,1.386,1.174,0.146,0.242,0.776
0.581,0.935,1.033,1.386,1.174,0.146,0.243,0.776
0.581,0.935,1.033,1.386,1.174,0.146,0.242,0.776
0.581,0.935,1.033,1.385,1.174,0.146,0.243,0.776
0.581,0.934,1.033,1.385,1.173,0.146,0.242,0.775
0.581,0.934,1.033,1.385,1.173,0.146,0.242,0.775
0.581,0.934,1.034,1.385,1.173,0.146,0.242,0.775
0.581,0.934,1.034,1.385,1.172,0.146,0.242,0.775
0.58,0.934,1.034,1.385,1.172,0.146,0.242,0.775
0.58,0.933,1.034,1.385,1.172,0.145,0.242,0.775
0.58,0.933,1.034,1.384,1.172,0.145,0.242,0.774
0.58,0.933,1.034,1.384,1.172,0.145,0.242,0.774
0.58,0.933,1.034,1.384,1.172,0.145,0.242,0.774
0.58,0.933,1.034,1.384,1.171,0.145,0.243,0.774
0.58,0.932,1.034,1.384,1.171,0.145,0.242,0.774
0.58,0.932,1.035,1.384,1.171,0.145,0.242,0.773
0.58,0.932,1.035,1.384,1.171,0.145,0.242,0.773
0.58,0.932,1.035,1.384,1.17,0.145,0.242,0.773
0.58,0.932,1.035,1.384,1.17,0.145,0.242,0.773
0.58,0.931,1.035,1.383,1.17,0.145,0.242,0.773
0.58,0.931,1.035,1.383,1.17,0.145,0.242,0.773
0.58,0.931,1.035,1.383,1.17,0.145,0.242,0.773
0.58,0.931,1.035,1.383,1.17,0.144,0.242,0.772
0.579,0.931,1.035,1.383,1.169,0.144,0.242,0.772
0.58,0.93,1.035,1.383,1.169,0.144,0.242,0.772
0.579,0.93,1.036,1.383,1.169,0.144,0.242,0.772
0.579,0.93,1.035,1.382,1.169,0.144,0.242,0.772
0.579,0.93,1.036,1.382,1.168,0.144,0.242,0.772
0.579,0.93,1.036,1.382,1.168,0.144,0.242,0.771
0.579,0.929,1.036,1.382,1.168,0.144,0.242,0.771
0.579,0.929,1.036,1.382,1.168,0.144,0.242,0.771
0.579,0.929,1.036,1.382,1.168,0.144,0.242,0.771
0.579,0.929,1.036,1.382,1.167,0.144,0.242,0.771
0.579,0.929,1.036,1.382,1.167,0.144,0.242,0.771
0.579,0.929,1.036,1.382,1.167,0.144,0.242,0.771
0.579,0.928,1.037,1.381,1.167,0.144,0.242,0.77
0.579,0.928,1.037,1.381,1.167,0.143,0.242,0.77
0.578,0.928,1.037,1.381,1.166,0.144,0.242,0.77
0.578,0.927,1.037,1.381,1.166,0.143,0.242,0.77
0.578,0.928,1.037,1.381,1.166,0.143,0.242,0.77
0.578,0.927,1.037,1.381,1.166,0.143,0.242,0.769
0.578,0.927,1.037,1.381,1.165,0.143,0.242,0.769
0.578,0.927,1.037,1.381,1.165,0.143,0.242,0.769
0.578,0.927,1.037,1.38,1.165,0.143,0.242,0.769
0.578,0.927,1.037,1.38,1.165,0.143,0.242,0.769
0.578,0.926,1.038,1.38,1.164,0.143,0.242,0.769
0.578,0.926,1.038,1.38,1.164,0.143,0.242,0.768
0.578,0.926,1.037,1.38,1.164,0.143,0.242,0.768
0.577,0.923,1.035,1.376,1.161,0.142,0.242,0.767
0.576,0.924,1.035,1.376,1.161,0.142,0.242,0.766
0.578,0.925,1.038,1.379,1.163,0.142,0.242,0.767
0.579,0.928,1.041,1.383,1.166,0.143,0.243,0.769
0.58,0.929,1.043,1.385,1.168,0.143,0.243,0.771
0.577,0.925,1.039,1.38,1.165,0.142,0.243,0.769
0.575,0.922,1.035,1.375,1.16,0.142,0.242,0.766
0.576,0.922,1.036,1.375,1.159,0.142,0.241,0.765
0.577,0.924,1.038,1.378,1.161,0.142,0.242,0.766
0.579,0.927,1.042,1.382,1.165,0.142,0.243,0.768
0.579,0.928,1.043,1.385,1.167,0.143,0.243,0.77
0.577,0.924,1.04,1.38,1.164,0.142,0.243,0.769
0.575,0.921,1.036,1.375,1.159,0.142,0.242,0.765
0.575,0.921,1.037,1.375,1.158,0.141,0.242,0.764
0.577,0.923,1.038,1.377,1.16,0.141,0.242,0.765
0.578,0.926,1.042,1.381,1.163,0.142,0.243,0.767
0.579,0.927,1.044,1.384,1.166,0.142,0.243,0.769
0.576,0.923,1.04,1.379,1.163,0.142,0.243,0.768
0.574,0.92,1.037,1.374,1.158,0.141,0.242,0.764
0.575,0.92,1.037,1.374,1.157,0.141,0.241,0.763
0.576,0.922,1.039,1.376,1.159,0.141,0.242,0.764
0.578,0.925,1.042,1.38,1.162,0.141,0.243,0.766
0.578,0.926,1.045,1.383,1.165,0.142,0.243,0.768
0.576,0.922,1.041,1.379,1.162,0.141,0.243,0.767
0.574,0.919,1.038,1.374,1.157,0.141,0.242,0.763
0.574,0.919,1.038,1.373,1.156,0.14,0.241,0.762
0.576,0.921,1.04,1.376,1.158,0.141,0.242,0.763
0.577,0.924,1.043,1.379,1.161,0.141,0.242,0.765
0.578,0.925,1.045,1.382,1.163,0.141,0.243,0.767
0.575,0.921,1.042,1.378,1.161,0.141,0.243,0.766
0.574,0.918,1.038,1.373,1.156,0.14,0.242,0.763
0.574,0.918,1.038,1.372,1.155,0.14,0.241,0.761
0.575,0.92,1.04,1.375,1.156,0.14,0.242,0.762
0.577,0.922,1.043,1.379,1.159,0.141,0.242,0.764
0.578,0.924,1.046,1.382,1.163,0.141,0.243,0.766
0.575,0.92,1.043,1.378,1.16,0.141,0.243,0.766
0.573,0.917,1.039,1.372,1.155,0.14,0.242,0.762
0.573,0.917,1.039,1.372,1.153,0.14,0.241,0.76
0.575,0.918,1.041,1.374,1.155,0.14,0.242,0.761
0.576,0.921,1.044,1.378,1.158,0.14,0.242,0.763
0.577,0.923,1.046,1.381,1.161,0.14,0.243,0.765
0.575,0.919,1.043,1.378,1.159,0.14,0.243,0.765
0.573,0.916,1.039,1.372,1.154,0.14,0.242,0.761
0.573,0.916,1.039,1.371,1.152,0.139,0.241,0.76
0.574,0.917,1.041,1.373,1.154,0.139,0.241,0.76
0.576,0.92,1.044,1.377,1.157,0.14,0.242,0.762
0.577,0.922,1.047,1.381,1.16,0.14,0.243,0.765
0.575,0.919,1.044,1.377,1.158,0.14,0.243,0.764
0.573,0.915,1.04,1.372,1.153,0.139,0.242,0.761
0.573,0.915,1.04,1.37,1.151,0.139,0.241,0.759
0.574,0.916,1.042,1.372,1.153,0.139,0.241,0.759
0.575,0.919,1.045,1.376,1.155,0.139,0.242,0.761
0.576,0.921,1.048,1.38,1.159,0.14,0.243,0.764
0.574,0.918,1.045,1.377,1.157,0.14,0.243,0.763
0.572,0.914,1.041,1.371,1.152,0.139,0.242,0.76
0.572,0.914,1.04,1.369,1.15,0.139,0.241,0.758
0.573,0.915,1.042,1.371,1.151,0.139,0.241,0.758
0.575,0.918,1.045,1.375,1.154,0.139,0.242,0.76
0.576,0.92,1.048,1.379,1.158,0.139,0.243,0.763
0.574,0.917,1.046,1.376,1.156,0.139,0.243,0.762
0.572,0.913,1.042,1.37,1.152,0.139,0.242,0.759
0.573,0.915,1.043,1.372,1.152,0.139,0.242,0.759
0.573,0.915,1.044,1.372,1.152,0.138,0.242,0.759
0.573,0.915,1.044,1.372,1.151,0.138,0.242,0.759
0.573,0.914,1.044,1.372,1.151,0.138,0.242,0.759
0.573,0.914,1.044,1.372,1.151,0.138,0.242,0.758
0.573,0.914,1.044,1.372,1.151,0.138,0.242,0.758
0.572,0.914,1.044,1.372,1.151,0.138,0.242,0.758
0.572,0.914,1.044,1.371,1.15,0.138,0.242,0.758
0.572,0.913,1.044,1.371,1.15,0.138,0.242,0.758
0.572,0.913,1.044,1.371,1.15,0.138,0.242,0.758
0.572,0.913,1.044,1.371,1.15,0.138,0.242,0.758
0.572,0.913,1.044,1.371,1.149,0.138,0.242,0.757
0.572,0.913,1.045,1.371,1.149,0.138,0.242,0.757
0.572,0.913,1.045,1.371,1.149,0.138,0.242,0.757
0.572,0.912,1.045,1.37,1.149,0.138,0.242,0.757
0.572,0.912,1.044,1.37,1.149,0.138,0.242,0.757
0.572,0.912,1.045,1.37,1.148,0.138,0.242,0.757
0.571,0.912,1.045,1.37,1.148,0.138,0.242,0.757
0.571,0.912,1.045,1.37,1.148,0.138,0.242,0.756
0.571,0.911,1.045,1.37,1.148,0.137,0.242,0.756
0.571,0.911,1.045,1.37,1.148,0.137,0.242,0.756
0.571,0.911,1.045,1.37,1.147,0.137,0.242,0.756
0.571,0.911,1.045,1.37,1.147,0.137,0.242,0.756
0.571,0.911,1.046,1.369,1.147,0.137,0.242,0.756
0.571,0.911,1.046,1.369,1.147,0.137,0.242,0.755
0.571,0.91,1.046,1.369,1.147,0.137,0.242,0.755
0.571,0.911,1.046,1.369,1.147,0.137,0.242,0.755
0.571,0.91,1.046,1.369,1.146,0.137,0.242,0.755
0.571,0.91,1.046,1.369,1.146,0.137,0.242,0.755
0.571,0.91,1.046,1.369,1.146,0.137,0.242,0.755
0.571,0.91,1.046,1.369,1.146,0.137,0.242,0.755
0.571,0.91,1.046,1.369,1.146,0.137,0.242,0.755
0.57,0.91,1.047,1.369,1.146,0.137,0.242,0.754
0.57,0.909,1.046,1.368,1.145,0.136,0.242,0.754
0.57,0.909,1.047,1.368,1.145,0.137,0.242,0.754
0.57,0.909,1.047,1.368,1.145,0.136,0.242,0.754
0.57,0.909,1.047,1.368,1.145,0.136,0.242,0.754
0.57,0.909,1.047,1.368,1.145,0.136,0.242,0.754
0.57,0.909,1.047,1.368,1.145,0.136,0.242,0.754
0.57,0.909,1.047,1.368,1.144,0.136,0.242,0.753
0.57,0.908,1.047,1.367,1.144,0.136,0.242,0.753
0.57,0.908,1.047,1.368,1.144,0.136,0.242,0.753
0.57,0.908,1.047,1.367,1.144,0.136,0.242,0.753
0.57,0.908,1.047,1.367,1.144,0.136,0.242,0.753
0.57,0.908,1.048,1.367,1.143,0.136,0.242,0.753
0.569,0.907,1.048,1.367,1.143,0.136,0.242,0.753
0.569,0.907,1.048,1.367,1.143,0.136,0.242,0.753
0.569,0.907,1.048,1.367,1.143,0.136,0.242,0.752
0.569,0.907,1.048,1.367,1.143,0.136,0.242,0.752
0.569,0.907,1.048,1.366,1.143,0.135,0.242,0.752
0.569,0.907,1.048,1.366,1.142,0.136,0.242,0.752
0.569,0.906,1.048,1.366,1.142,0.135,0.242,0.752
0.569,0.906,1.048,1.366,1.142,0.135,0.242,0.752
0.569,0.906,1.048,1.366,1.142,0.135,0.242,0.752
0.569,0.906,1.049,1.366,1.142,0.135,0.242,0.751
0.569,0.906,1.048,1.366,1.142,0.135,0.242,0.751
0.569,0.906,1.049,1.366,1.141,0.135,0.242,0.751
0.568,0.906,1.049,1.366,1.141,0.135,0.242,0.751
0.568,0.906,1.049,1.366,1.141,0.135,0.242,0.751
0.568,0.905,1.049,1.366,1.141,0.135,0.242,0.751
0.569,0.905,1.049,1.366,1.141,0.135,0.242,0.751
0.568,0.905,1.049,1.366,1.141,0.135,0.242,0.75
0.568,0.905,1.049,1.365,1.14,0.135,0.243,0.752
0.569,0.906,1.051,1.367,1.142,0.135,0.242,0.751
0.569,0.906,1.051,1.367,1.142,0.135,0.242,0.751
0.569,0.906,1.051,1.367,1.141,0.135,0.242,0.751
0.569,0.906,1.051,1.367,1.141,0.135,0.242,0.751
0.569,0.906,1.051,1.367,1.141,0.135,0.242,0.751
0.569,0.905,1.052,1.367,1.141,0.135,0.242,0.751
0.569,0.905,1.052,1.366,1.141,0.135,0.242,0.751
0.568,0.905,1.051,1.365,1.141,0.135,0.242,0.751
0.568,0.904,1.051,1.365,1.14,0.135,0.242,0.751
0.568,0.903,1.051,1.364,1.14,0.134,0.242,0.751
0.568,0.902,1.052,1.363,1.14,0.134,0.242,0.751
0.568,0.9,1.051,1.362,1.14,0.134,0.242,0.751
0.568,0.898,1.051,1.361,1.14,0.134,0.242,0.752
0.568,0.896,1.051,1.359,1.14,0.134,0.242,0.752
0.568,0.894,1.051,1.358,1.14,0.134,0.242,0.752
0.568,0.892,1.051,1.357,1.14,0.134,0.242,0.753
0.567,0.89,1.051,1.356,1.14,0.134,0.242,0.753
0.567,0.887,1.051,1.355,1.139,0.134,0.242,0.754
0.567,0.885,1.051,1.353,1.139,0.134,0.242,0.754
0.567,0.882,1.051,1.352,1.14,0.134,0.242,0.754
0.567,0.88,1.051,1.351,1.139,0.134,0.242,0.755
0.567,0.877,1.051,1.35,1.139,0.134,0.242,0.755
0.567,0.875,1.051,1.348,1.139,0.134,0.242,0.755
0.567,0.872,1.051,1.347,1.139,0.134,0.242,0.755
0.567,0.87,1.05,1.346,1.139,0.134,0.242,0.755
0.566,0.867,1.05,1.344,1.139,0.134,0.242,0.755
0.566,0.864,1.05,1.343,1.139,0.134,0.242,0.755
0.566,0.861,1.05,1.342,1.139,0.134,0.242,0.754
0.566,0.858,1.05,1.34,1.139,0.133,0.242,0.754
0.565,0.855,1.05,1.339,1.139,0.133,0.242,0.754
0.565,0.853,1.05,1.338,1.14,0.133,0.242,0.754
0.565,0.849,1.049,1.337,1.14,0.133,0.242,0.754
0.565,0.847,1.049,1.335,1.14,0.133,0.242,0.753
0.565,0.843,1.049,1.334,1.14,0.133,0.242,0.753
0.565,0.841,1.049,1.333,1.14,0.133,0.242,0.753
0.564,0.838,1.049,1.331,1.14,0.133,0.242,0.752
0.564,0.835,1.049,1.331,1.14,0.133,0.242,0.752
0.564,0.833,1.049,1.329,1.14,0.133,0.242,0.752
0.564,0.83,1.049,1.328,1.14,0.133,0.242,0.751
0.563,0.827,1.048,1.327,1.141,0.133,0.242,0.751
0.563,0.824,1.048,1.325,1.141,0.133,0.242,0.75
0.563,0.821,1.048,1.324,1.141,0.133,0.242,0.75
0.562,0.819,1.048,1.323,1.141,0.133,0.242,0.749
0.562,0.816,1.048,1.321,1.141,0.133,0.242,0.749
0.562,0.813,1.047,1.32,1.141,0.133,0.242,0.748
0.562,0.81,1.047,1.319,1.141,0.133,0.242,0.748
0.561,0.808,1.047,1.317,1.141,0.133,0.242,0.747
0.561,0.805,1.047,1.316,1.141,0.132,0.242,0.747
0.561,0.803,1.047,1.315,1.141,0.132,0.242,0.746
0.56,0.8,1.046,1.313,1.14,0.132,0.242,0.745
0.56,0.797,1.046,1.312,1.14,0.132,0.242,0.745
0.56,0.795,1.046,1.311,1.14,0.132,0.242,0.744
0.559,0.793,1.046,1.31,1.14,0.132,0.242,0.744
0.559,0.79,1.045,1.309,1.14,0.132,0.242,0.743
0.559,0.788,1.045,1.307,1.14,0.132,0.242,0.742
0.558,0.786,1.045,1.306,1.139,0.132,0.242,0.742
0.558,0.784,1.045,1.305,1.139,0.132,0.242,0.741
0.558,0.782,1.044,1.303,1.139,0.132,0.242,0.741
0.558,0.779,1.044,1.302,1.139,0.132,0.242,0.74
0.557,0.777,1.044,1.301,1.138,0.132,0.242,0.74
0.557,0.775,1.044,1.299,1.138,0.131,0.241,0.739
0.557,0.773,1.043,1.298,1.138,0.131,0.242,0.738
0.556,0.771,1.043,1.296,1.137,0.131,0.241,0.738
0.556,0.769,1.043,1.295,1.137,0.131,0.241,0.737
0.555,0.766,1.042,1.294,1.137,0.131,0.241,0.737
0.555,0.764,1.042,1.292,1.137,0.131,0.241,0.736
0.555,0.761,1.042,1.291,1.136,0.131,0.241,0.736
0.554,0.759,1.042,1.29,1.136,0.131,0.241,0.735
0.554,0.757,1.042,1.288,1.136,0.131,0.241,0.734
0.554,0.754,1.041,1.287,1.135,0.131,0.241,0.734
0.553,0.752,1.041,1.286,1.135,0.131,0.241,0.733
0.553,0.75,1.041,1.285,1.135,0.131,0.241,0.733
0.553,0.748,1.041,1.284,1.134,0.131,0.241,0.732
0.552,0.746,1.04,1.282,1.134,0.13,0.241,0.731
0.552,0.744,1.04,1.281,1.133,0.13,0.241,0.731
0.551,0.742,1.039,1.28,1.133,0.13,0.241,0.73
0.551,0.74,1.039,1.278,1.132,0.13,0.241,0.729
0.551,0.738,1.039,1.277,1.132,0.13,0.241,0.729
0.55,0.736,1.038,1.276,1.131,0.13,0.241,0.728
0.55,0.733,1.038,1.274,1.131,0.13,0.241,0.727
0.549,0.731,1.038,1.273,1.13,0.13,0.241,0.727
0.549,0.73,1.038,1.272,1.13,0.13,0.241,0.726
0.549,0.728,1.037,1.271,1.13,0.13,0.241,0.725
0.548,0.726,1.037,1.269,1.129,0.13,0.241,0.725
0.548,0.724,1.037,1.268,1.128,0.129,0.241,0.724
0.547,0.722,1.037,1.267,1.128,0.129,0.241,0.723
0.547,0.72,1.036,1.265,1.127,0.129,0.241,0.722
0.547,0.718,1.036,1.264,1.127,0.129,0.241,0.722
0.546,0.716,1.036,1.263,1.126,0.129,0.241,0.721
0.546,0.714,1.035,1.262,1.126,0.129,0.241,0.72
0.545,0.712,1.035,1.26,1.125,0.129,0.241,0.72
0.545,0.71,1.035,1.259,1.125,0.129,0.241,0.719
0.545,0.708,1.034,1.258,1.124,0.129,0.241,0.718
0.544,0.707,1.034,1.257,1.124,0.128,0.241,0.717
0.544,0.705,1.034,1.255,1.123,0.128,0.24,0.717
0.543,0.703,1.033,1.254,1.122,0.128,0.241,0.716
0.543,0.702,1.033,1.253,1.122,0.128,0.24,0.715
0.542,0.7,1.033,1.252,1.121,0.128,0.24,0.715
0.542,0.698,1.033,1.251,1.121,0.128,0.241,0.714
0.542,0.697,1.032,1.25,1.12,0.128,0.241,0.713
0.541,0.695,1.032,1.249,1.12,0.128,0.24,0.713
0.541,0.694,1.032,1.247,1.119,0.128,0.24,0.712
0.54,0.692,1.031,1.246,1.119,0.127,0.24,0.711
0.54,0.691,1.031,1.245,1.118,0.127,0.24,0.71
0.539,0.689,1.031,1.244,1.117,0.127,0.24,0.709
0.539,0.688,1.03,1.242,1.117,0.127,0.24,0.709
0.539,0.686,1.03,1.241,1.116,0.127,0.24,0.708
0.538,0.685,1.029,1.24,1.115,0.127,0.24,0.708
0.538,0.683,1.029,1.239,1.115,0.127,0.24,0.707
0.537,0.681,1.029,1.237,1.114,0.126,0.24,0.706
0.537,0.68,1.028,1.236,1.114,0.126,0.24,0.706
0.536,0.678,1.028,1.235,1.113,0.126,0.24,0.705
0.536,0.677,1.028,1.233,1.113,0.126,0.24,0.704
0.536,0.675,1.027,1.232,1.112,0.126,0.24,0.703
0.535,0.673,1.027,1.231,1.111,0.126,0.24,0.703
0.535,0.672,1.027,1.229,1.11,0.126,0.24,0.702
0.534,0.67,1.026,1.228,1.11,0.126,0.24,0.701
0.534,0.669,1.026,1.227,1.109,0.125,0.24,0.7
0.533,0.667,1.025,1.226,1.108,0.125,0.24,0.699
0.533,0.666,1.025,1.224,1.107,0.125,0.24,0.699
0.532,0.665,1.025,1.223,1.107,0.125,0.24,0.698
0.532,0.663,1.024,1.222,1.106,0.125,0.239,0.697
0.531,0.662,1.024,1.221,1.105,0.125,0.24,0.697
0.531,0.66,1.024,1.219,1.104,0.125,0.24,0.696
0.53,0.659,1.023,1.218,1.104,0.125,0.239,0.695
0.53,0.658,1.023,1.216,1.103,0.124,0.239,0.694
0.53,0.656,1.022,1.215,1.102,0.124,0.239,0.694
0.529,0.655,1.022,1.214,1.102,0.124,0.239,0.693
0.529,0.653,1.021,1.213,1.101,0.124,0.239,0.692
0.528,0.652,1.021,1.211,1.1,0.124,0.239,0.691
0.528,0.65,1.021,1.21,1.099,0.124,0.239,0.691
0.527,0.649,1.02,1.209,1.099,0.124,0.239,0.69
0.527,0.648,1.02,1.207,1.098,0.124,0.239,0.689
0.526,0.646,1.02,1.206,1.097,0.123,0.239,0.688
0.526,0.645,1.019,1.205,1.097,0.123,0.239,0.688
0.525,0.644,1.019,1.204,1.096,0.123,0.239,0.687
0.525,0.642,1.018,1.203,1.095,0.123,0.239,0.686
0.524,0.641,1.018,1.201,1.094,0.123,0.239,0.686
0.524,0.64,1.018,1.2,1.094,0.123,0.239,0.685
0.524,0.638,1.018,1.199,1.093,0.122,0.239,0.684
0.523,0.637,1.017,1.198,1.093,0.122,0.239,0.684
0.523,0.636,1.017,1.197,1.092,0.122,0.239,0.683
0.522,0.635,1.017,1.195,1.091,0.122,0.239,0.682
0.522,0.633,1.016,1.194,1.09,0.122,0.239,0.682
0.521,0.632,1.016,1.193,1.089,0.122,0.239,0.681
0.521,0.631,1.015,1.192,1.089,0.122,0.239,0.68
0.52,0.629,1.015,1.19,1.088,0.122,0.239,0.679
0.52,0.628,1.015,1.189,1.087,0.121,0.239,0.679
0.52,0.627,1.014,1.188,1.087,0.121,0.239,0.678
0.519,0.626,1.014,1.187,1.086,0.121,0.238,0.677
0.519,0.625,1.014,1.186,1.085,0.121,0.238,0.677
0.518,0.624,1.013,1.185,1.084,0.121,0.238,0.676
0.518,0.623,1.013,1.184,1.084,0.121,0.238,0.675
0.517,0.621,1.012,1.182,1.083,0.121,0.238,0.675
0.517,0.62,1.012,1.181,1.082,0.12,0.238,0.674
0.516,0.619,1.012,1.18,1.081,0.12,0.238,0.673
0.516,0.618,1.011,1.179,1.081,0.12,0.238,0.672
0.515,0.617,1.011,1.177,1.08,0.12,0.238,0.672
0.515,0.616,1.01,1.176,1.079,0.12,0.238,0.671
0.514,0.615,1.01,1.175,1.078,0.12,0.238,0.67
0.514,0.614,1.01,1.174,1.078,0.12,0.238,0.67
0.513,0.613,1.009,1.173,1.077,0.12,0.238,0.669
0.513,0.613,1.009,1.172,1.076,0.119,0.238,0.668
0.512,0.611,1.009,1.17,1.076,0.119,0.238,0.668
0.512,0.61,1.008,1.169,1.075,0.119,0.238,0.667
0.512,0.609,1.008,1.168,1.074,0.119,0.238,0.666
0.511,0.608,1.007,1.167,1.073,0.119,0.238,0.665
0.511,0.607,1.007,1.166,1.073,0.119,0.238,0.665
0.51,0.606,1.007,1.165,1.072,0.119,0.238,0.664
0.51,0.605,1.006,1.164,1.071,0.118,0.238,0.663
0.509,0.604,1.006,1.162,1.07,0.118,0.238,0.663
0.509,0.603,1.005,1.161,1.07,0.118,0.237,0.662
0.508,0.602,1.005,1.16,1.069,0.118,0.238,0.661
0.508,0.601,1.005,1.159,1.068,0.118,0.237,0.661
0.507,0.6,1.004,1.158,1.067,0.118,0.238,0.66
0.507,0.599,1.004,1.157,1.067,0.117,0.238,0.659
0.506,0.598,1.003,1.156,1.066,0.117,0.237,0.659
0.506,0.598,1.003,1.155,1.065,0.117,0.237,0.658
0.506,0.597,1.003,1.153,1.063,0.117,0.237,0.657
0.505,0.595,1.002,1.152,1.062,0.117,0.237,0.656
0.505,0.595,1.002,1.151,1.062,0.117,0.237,0.656
0.504,0.593,1.001,1.15,1.061,0.117,0.237,0.655
0.504,0.593,1.001,1.149,1.061,0.117,0.237,0.655
0.503,0.591,1.001,1.148,1.061,0.116,0.237,0.654
0.503,0.591,1.0,1.147,1.06,0.116,0.237,0.653
0.502,0.59,1.0,1.146,1.059,0.116,0.237,0.653
0.502,0.589,0.999,1.145,1.058,0.116,0.237,0.652
0.502,0.588,0.999,1.144,1.058,0.116,0.237,0.651
0.501,0.587,0.999,1.143,1.057,0.116,0.237,0.651
0.501,0.586,0.998,1.142,1.056,0.116,0.237,0.65
0.5,0.585,0.998,1.141,1.056,0.115,0.237,0.649
0.5,0.584,0.998,1.14,1.055,0.115,0.237,0.649
0.499,0.583,0.997,1.139,1.054,0.115,0.237,0.648
0.499,0.582,0.997,1.137,1.054,0.115,0.237,0.647
0.498,0.581,0.996,1.136,1.053,0.115,0.237,0.647
0.498,0.58,0.996,1.135,1.052,0.115,0.237,0.646
0.497,0.579,0.996,1.134,1.05,0.114,0.237,0.645
0.497,0.578,0.995,1.134,1.05,0.114,0.237,0.645
0.497,0.577,0.995,1.133,1.049,0.114,0.237,0.644
0.496,0.576,0.994,1.132,1.049,0.114,0.236,0.643
0.496,0.575,0.994,1.13,1.048,0.114,0.237,0.643
0.495,0.575,0.993,1.129,1.047,0.114,0.236,0.642
0.495,0.574,0.993,1.129,1.047,0.114,0.236,0.641
0.494,0.573,0.992,1.127,1.046,0.114,0.236,0.641
0.494,0.572,0.992,1.126,1.046,0.114,0.237,0.64
0.493,0.571,0.992,1.125,1.045,0.113,0.236,0.639
0.493,0.57,0.991,1.124,1.044,0.113,0.236,0.638
0.492,0.57,0.991,1.123,1.043,0.113,0.236,0.638
0.492,0.569,0.991,1.122,1.042,0.113,0.236,0.637
0.491,0.568,0.99,1.121,1.042,0.113,0.236,0.637
0.491,0.568,0.99,1.12,1.041,0.113,0.236,0.636
0.49,0.567,0.989,1.119,1.04,0.113,0.236,0.636
0.49,0.566,0.989,1.118,1.039,0.112,0.236,0.635
0.49,0.566,0.988,1.117,1.038,0.112,0.236,0.634
0.489,0.565,0.988,1.116,1.038,0.112,0.236,0.634
0.489,0.564,0.988,1.115,1.037,0.112,0.236,0.633
0.488,0.563,0.987,1.114,1.036,0.112,0.236,0.632
0.488,0.563,0.987,1.113,1.035,0.112,0.236,0.632
0.487,0.562,0.987,1.112,1.034,0.111,0.236,0.631
0.487,0.561,0.986,1.111,1.033,0.111,0.236,0.631
0.487,0.56,0.986,1.11,1.032,0.111,0.236,0.63
0.486,0.56,0.985,1.109,1.032,0.111,0.236,0.629
0.486,0.559,0.985,1.108,1.031,0.111,0.236,0.629
0.485,0.558,0.984,1.107,1.03,0.111,0.236,0.628
0.485,0.558,0.984,1.105,1.029,0.111,0.236,0.628
0.485,0.557,0.984,1.105,1.029,0.111,0.236,0.627
0.484,0.556,0.983,1.103,1.029,0.11,0.235,0.626
0.483,0.555,0.983,1.102,1.028,0.11,0.236,0.626
0.483,0.554,0.982,1.101,1.027,0.11,0.235,0.625
0.483,0.554,0.982,1.1,1.026,0.11,0.235,0.624
0.482,0.553,0.982,1.099,1.026,0.11,0.235,0.624
0.482,0.552,0.981,1.098,1.025,0.11,0.235,0.623
0.481,0.551,0.981,1.097,1.024,0.11,0.235,0.622
0.481,0.551,0.98,1.096,1.023,0.11,0.235,0.622
0.48,0.55,0.98,1.095,1.022,0.109,0.235,0.621
0.48,0.549,0.979,1.094,1.022,0.109,0.235,0.621
0.48,0.548,0.979,1.093,1.021,0.109,0.235,0.62
0.479,0.548,0.979,1.092,1.02,0.109,0.235,0.619
0.479,0.547,0.978,1.091,1.019,0.109,0.235,0.618
0.478,0.546,0.978,1.09,1.018,0.109,0.235,0.618
0.478,0.546,0.977,1.089,1.018,0.109,0.235,0.617
0.477,0.545,0.977,1.088,1.017,0.109,0.235,0.617
0.477,0.544,0.976,1.087,1.016,0.108,0.235,0.616
0.476,0.543,0.976,1.086,1.015,0.108,0.235,0.615
0.476,0.543,0.975,1.085,1.015,0.108,0.235,0.615
0.476,0.542,0.975,1.084,1.014,0.108,0.235,0.614
0.475,0.541,0.975,1.083,1.013,0.108,0.235,0.614
0.475,0.541,0.974,1.082,1.012,0.108,0.235,0.613
0.474,0.54,0.974,1.081,1.012,0.107,0.235,0.612
0.474,0.539,0.973,1.08,1.011,0.107,0.235,0.612
0.473,0.538,0.973,1.079,1.01,0.108,0.235,0.611
0.473,0.538,0.973,1.078,1.009,0.107,0.235,0.611
0.473,0.537,0.972,1.077,1.009,0.107,0.235,0.61
0.472,0.536,0.972,1.076,1.008,0.107,0.235,0.609
0.472,0.535,0.971,1.075,1.007,0.107,0.235,0.609
0.471,0.535,0.971,1.074,1.006,0.107,0.234,0.608
0.471,0.534,0.97,1.073,1.006,0.107,0.234,0.607
0.47,0.533,0.97,1.073,1.005,0.107,0.234,0.607
0.47,0.533,0.97,1.072,1.004,0.106,0.234,0.607
0.47,0.532,0.969,1.071,1.003,0.106,0.234,0.606
0.469,0.532,0.969,1.07,1.003,0.106,0.234,0.605
0.469,0.531,0.968,1.069,1.002,0.106,0.234,0.605
0.468,0.53,0.968,1.068,1.001,0.106,0.234,0.604
0.468,0.53,0.968,1.067,1.0,0.106,0.234,0.604
0.467,0.529,0.967,1.066,1.0,0.106,0.234,0.603
0.467,0.529,0.967,1.066,0.999,0.106,0.234,0.602
0.467,0.528,0.966,1.065,0.998,0.106,0.234,0.602
0.466,0.527,0.966,1.064,0.998,0.105,0.234,0.602
0.466,0.527,0.966,1.063,0.997,0.105,0.234,0.601
0.465,0.526,0.965,1.062,0.996,0.105,0.234,0.6
0.465,0.526,0.965,1.061,0.996,0.105,0.234,0.6
0.465,0.525,0.965,1.06,0.995,0.105,0.234,0.599
0.464,0.525,0.964,1.059,0.994,0.105,0.234,0.599
0.464,0.524,0.964,1.058,0.993,0.105,0.234,0.598
0.463,0.523,0.963,1.058,0.993,0.104,0.234,0.598
0.463,0.523,0.963,1.056,0.992,0.104,0.234,0.597
0.463,0.522,0.963,1.055,0.991,0.104,0.234,0.597
0.462,0.522,0.962,1.055,0.991,0.104,0.234,0.596
0.462,0.521,0.962,1.054,0.99,0.104,0.234,0.596
0.461,0.521,0.961,1.053,0.989,0.104,0.234,0.595
0.461,0.52,0.961,1.052,0.988,0.104,0.234,0.595
0.461,0.52,0.961,1.051,0.988,0.104,0.234,0.594
0.46,0.519,0.96,1.05,0.987,0.104,0.234,0.594
0.46,0.519,0.96,1.049,0.986,0.103,0.234,0.593
0.459,0.518,0.959,1.048,0.985,0.103,0.233,0.593
0.459,0.517,0.959,1.047,0.985,0.103,0.233,0.592
0.459,0.517,0.959,1.046,0.984,0.103,0.233,0.592
0.458,0.516,0.958,1.045,0.984,0.103,0.233,0.591
0.458,0.516,0.958,1.044,0.983,0.103,0.233,0.591
0.457,0.515,0.957,1.043,0.982,0.103,0.233,0.59
0.457,0.515,0.957,1.042,0.981,0.103,0.233,0.59
0.457,0.514,0.956,1.041,0.981,0.102,0.233,0.589
0.456,0.514,0.956,1.04,0.98,0.102,0.233,0.588
0.456,0.513,0.956,1.039,0.979,0.102,0.233,0.588
0.455,0.513,0.955,1.038,0.979,0.102,0.233,0.588
0.455,0.512,0.955,1.037,0.978,0.102,0.233,0.587
0.455,0.512,0.954,1.036,0.977,0.102,0.233,0.586
0.454,0.511,0.954,1.036,0.977,0.102,0.233,0.586
0.454,0.511,0.953,1.035,0.976,0.102,0.233,0.585
0.453,0.51,0.953,1.034,0.975,0.102,0.233,0.585
0.453,0.509,0.953,1.033,0.975,0.102,0.233,0.584
0.453,0.509,0.952,1.032,0.974,0.101,0.233,0.584
0.452,0.509,0.952,1.031,0.973,0.101,0.233,0.583
0.452,0.508,0.951,1.03,0.972,0.101,0.233,0.583
0.451,0.508,0.951,1.029,0.972,0.101,0.233,0.582
0.451,0.507,0.951,1.028,0.971,0.101,0.233,0.582
0.451,0.507,0.95,1.027,0.97,0.101,0.233,0.581
0.45,0.506,0.95,1.027,0.97,0.101,0.233,0.58
0.45,0.506,0.95,1.026,0.969,0.101,0.233,0.58
0.45,0.505,0.949,1.025,0.968,0.101,0.232,0.579
0.449,0.505,0.949,1.024,0.967,0.1,0.233,0.579
0.449,0.504,0.948,1.023,0.967,0.1,0.232,0.578
0.448,0.504,0.948,1.022,0.966,0.1,0.232,0.578
0.448,0.503,0.948,1.021,0.965,0.1,0.232,0.577
0.448,0.503,0.947,1.02,0.964,0.1,0.232,0.577
0.447,0.502,0.947,1.019,0.964,0.1,0.232,0.576
0.447,0.502,0.946,1.019,0.963,0.1,0.232,0.576
0.446,0.501,0.946,1.018,0.963,0.1,0.232,0.576
0.446,0.501,0.945,1.017,0.962,0.1,0.232,0.575
0.446,0.501,0.945,1.016,0.961,0.099,0.232,0.575
0.445,0.5,0.945,1.015,0.96,0.099,0.232,0.574
0.445,0.5,0.944,1.014,0.96,0.099,0.232,0.574
0.445,0.499,0.944,1.013,0.959,0.099,0.232,0.573
0.444,0.499,0.944,1.012,0.959,0.099,0.232,0.573
0.444,0.498,0.943,1.012,0.958,0.099,0.232,0.572
0.443,0.498,0.943,1.011,0.957,0.099,0.232,0.572
0.443,0.497,0.942,1.01,0.956,0.099,0.232,0.571
0.443,0.497,0.942,1.009,0.956,0.099,0.232,0.571
0.442,0.497,0.941,1.008,0.955,0.099,0.232,0.57
0.442,0.496,0.941,1.007,0.954,0.098,0.232,0.57
0.442,0.496,0.941,1.006,0.954,0.099,0.232,0.569
0.441,0.495,0.94,1.005,0.953,0.098,0.232,0.569
0.441,0.495,0.94,1.004,0.952,0.098,0.232,0.568
0.44,0.494,0.939,1.004,0.952,0.098,0.232,0.568
0.44,0.494,0.939,1.003,0.951,0.098,0.232,0.568
0.44,0.494,0.939,1.002,0.951,0.098,0.231,0.567
0.439,0.493,0.938,1.001,0.95,0.098,0.232,0.566
0.439,0.493,0.938,1.001,0.949,0.098,0.232,0.566
0.439,0.493,0.938,1.0,0.949,0.098,0.232,0.566
0.438,0.492,0.937,0.999,0.948,0.097,0.232,0.565
0.438,0.492,0.937,0.998,0.947,0.097,0.231,0.565
0.437,0.491,0.936,0.998,0.947,0.097,0.231,0.565
0.437,0.491,0.936,0.997,0.946,0.097,0.231,0.564
0.437,0.49,0.935,0.996,0.945,0.097,0.231,0.564
0.436,0.49,0.935,0.995,0.945,0.097,0.231,0.563
0.436,0.489,0.935,0.994,0.944,0.097,0.231,0.563
0.436,0.489,0.934,0.994,0.943,0.097,0.231,0.562
0.435,0.489,0.934,0.993,0.943,0.097,0.231,0.562
0.435,0.488,0.933,0.992,0.942,0.097,0.231,0.561
0.435,0.488,0.933,0.991,0.942,0.096,0.231,0.561
0.434,0.487,0.933,0.991,0.941,0.096,0.231,0.56
0.434,0.487,0.932,0.99,0.94,0.096,0.231,0.56
0.433,0.487,0.932,0.989,0.94,0.096,0.231,0.56
0.433,0.486,0.932,0.988,0.939,0.096,0.231,0.559
0.433,0.486,0.931,0.987,0.939,0.096,0.231,0.559
0.432,0.485,0.931,0.987,0.938,0.096,0.231,0.558
0.432,0.485,0.93,0.986,0.937,0.096,0.231,0.558
0.432,0.485,0.93,0.985,0.937,0.096,0.231,0.557
0.431,0.484,0.93,0.984,0.936,0.096,0.231,0.557
0.431,0.484,0.929,0.984,0.935,0.096,0.231,0.557
0.431,0.483,0.929,0.983,0.935,0.096,0.231,0.556
0.43,0.483,0.928,0.982,0.934,0.096,0.231,0.556
0.43,0.483,0.928,0.981,0.933,0.095,0.231,0.555
0.43,0.482,0.928,0.981,0.933,0.095,0.231,0.555
0.429,0.482,0.927,0.98,0.932,0.095,0.231,0.554
0.429,0.482,0.927,0.979,0.932,0.095,0.231,0.554
0.428,0.481,0.927,0.978,0.931,0.095,0.23,0.553
0.428,0.481,0.926,0.977,0.931,0.095,0.23,0.553
0.428,0.48,0.926,0.977,0.93,0.095,0.23,0.552
0.427,0.48,0.925,0.976,0.929,0.095,0.23,0.552
0.427,0.48,0.925,0.975,0.929,0.095,0.23,0.551
0.427,0.479,0.924,0.974,0.928,0.095,0.23,0.551
0.426,0.479,0.924,0.974,0.927,0.094,0.23,0.55
0.426,0.479,0.924,0.973,0.927,0.094,0.23,0.55
0.426,0.478,0.923,0.972,0.926,0.094,0.23,0.55
0.425,0.477,0.923,0.972,0.926,0.094,0.23,0.549
0.425,0.477,0.923,0.971,0.925,0.094,0.23,0.549
0.425,0.477,0.922,0.97,0.924,0.094,0.23,0.548
0.424,0.476,0.922,0.969,0.924,0.094,0.23,0.548
0.424,0.476,0.921,0.969,0.923,0.094,0.23,0.547
0.424,0.476,0.921,0.968,0.922,0.094,0.23,0.547
0.423,0.475,0.921,0.967,0.922,0.094,0.23,0.546
0.423,0.475,0.92,0.967,0.921,0.094,0.23,0.546
0.422,0.474,0.92,0.966,0.921,0.094,0.23,0.546
0.422,0.474,0.92,0.965,0.92,0.093,0.23,0.545
0.422,0.474,0.919,0.964,0.919,0.093,0.23,0.545
0.422,0.473,0.919,0.964,0.919,0.093,0.23,0.544
0.421,0.473,0.919,0.963,0.918,0.093,0.23,0.544
0.421,0.473,0.918,0.962,0.918,0.093,0.23,0.544
0.42,0.473,0.918,0.962,0.917,0.093,0.229,0.543
0.42,0.472,0.917,0.961,0.916,0.093,0.23,0.543
0.42,0.472,0.917,0.96,0.916,0.093,0.23,0.542
0.419,0.471,0.916,0.959,0.915,0.093,0.229,0.542
0.419,0.471,0.916,0.959,0.915,0.093,0.229,0.541
0.419,0.471,0.916,0.958,0.914,0.093,0.229,0.541
0.419,0.47,0.915,0.958,0.913,0.092,0.229,0.54
0.418,0.47,0.915,0.957,0.913,0.092,0.229,0.54
0.418,0.469,0.914,0.956,0.912,0.092,0.229,0.54
0.418,0.469,0.914,0.955,0.911,0.092,0.229,0.539
0.417,0.469,0.914,0.955,0.911,0.092,0.229,0.539
0.417,0.468,0.913,0.954,0.91,0.092,0.229,0.538
0.417,0.468,0.913,0.953,0.91,0.092,0.229,0.538
0.416,0.468,0.913,0.953,0.909,0.092,0.229,0.537
0.416,0.467,0.912,0.952,0.909,0.092,0.229,0.537
0.415,0.467,0.912,0.951,0.908,0.092,0.229,0.537
0.415,0.467,0.911,0.951,0.907,0.092,0.229,0.536
0.415,0.466,0.911,0.95,0.907,0.092,0.229,0.536
0.415,0.466,0.911,0.95,0.906,0.092,0.229,0.536
0.414,0.465,0.91,0.949,0.906,0.092,0.229,0.535
0.414,0.465,0.91,0.948,0.905,0.091,0.229,0.535
0.414,0.464,0.909,0.948,0.904,0.091,0.229,0.534
0.413,0.464,0.909,0.947,0.904,0.091,0.229,0.533
0.413,0.464,0.909,0.946,0.903,0.091,0.229,0.533
0.413,0.464,0.908,0.946,0.903,0.091,0.229,0.533
0.412,0.463,0.908,0.945,0.902,0.091,0.229,0.532
0.412,0.463,0.907,0.945,0.901,0.091,0.229,0.532
0.412,0.463,0.907,0.944,0.901,0.091,0.229,0.532
0.411,0.462,0.907,0.943,0.901,0.091,0.229,0.531
0.411,0.462,0.906,0.943,0.9,0.091,0.229,0.531
0.411,0.462,0.906,0.942,0.899,0.091,0.229,0.53
0.411,0.461,0.906,0.941,0.898,0.091,0.228,0.53
0.41,0.461,0.905,0.941,0.898,0.091,0.228,0.53
0.41,0.461,0.905,0.94,0.898,0.091,0.228,0.529
0.41,0.46,0.904,0.939,0.897,0.09,0.228,0.529
0.409,0.46,0.904,0.939,0.896,0.09,0.228,0.529
0.409,0.46,0.904,0.938,0.896,0.09,0.228,0.528
0.409,0.459,0.903,0.937,0.895,0.09,0.228,0.528
0.408,0.459,0.903,0.937,0.894,0.09,0.228,0.527
0.408,0.459,0.903,0.936,0.894,0.09,0.228,0.527
0.408,0.458,0.902,0.935,0.893,0.09,0.228,0.527
0.407,0.458,0.902,0.935,0.893,0.09,0.228,0.526
0.407,0.458,0.901,0.934,0.892,0.09,0.228,0.526
0.407,0.457,0.901,0.933,0.892,0.09,0.228,0.525
0.406,0.457,0.901,0.933,0.891,0.09,0.228,0.525
0.406,0.457,0.9,0.932,0.89,0.09,0.228,0.525
0.406,0.456,0.9,0.931,0.89,0.089,0.228,0.524
0.405,0.456,0.899,0.931,0.889,0.09,0.228,0.524
0.405,0.456,0.899,0.93,0.889,0.09,0.228,0.524
0.405,0.455,0.899,0.93,0.888,0.089,0.228,0.523
0.405,0.455,0.898,0.929,0.888,0.089,0.228,0.523
0.404,0.455,0.898,0.928,0.887,0.089,0.228,0.522
0.404,0.455,0.898,0.928,0.887,0.089,0.228,0.522
0.404,0.454,0.897,0.927,0.886,0.089,0.228,0.522
0.403,0.454,0.897,0.926,0.886,0.089,0.227,0.521
0.403,0.454,0.896,0.926,0.885,0.089,0.228,0.521
0.403,0.453,0.896,0.925,0.885,0.089,0.227,0.52
0.403,0.453,0.896,0.924,0.884,0.089,0.227,0.52
0.402,0.453,0.895,0.923,0.883,0.089,0.227,0.52
0.402,0.452,0.895,0.923,0.883,0.089,0.227,0.519
0.402,0.452,0.895,0.922,0.882,0.089,0.227,0.519
0.401,0.451,0.894,0.921,0.882,0.089,0.227,0.519
0.401,0.451,0.894,0.921,0.881,0.089,0.227,0.518
0.401,0.451,0.893,0.92,0.881,0.088,0.227,0.518
0.4,0.45,0.893,0.92,0.88,0.088,0.227,0.517
0.4,0.45,0.892,0.919,0.88,0.088,0.227,0.517
0.4,0.45,0.892,0.919,0.879,0.088,0.227,0.517
0.399,0.449,0.892,0.918,0.879,0.088,0.227,0.516
0.399,0.449,0.891,0.917,0.878,0.088,0.227,0.516
0.399,0.449,0.891,0.917,0.878,0.088,0.227,0.516
0.398,0.448,0.891,0.916,0.877,0.088,0.227,0.515
0.398,0.448,0.89,0.916,0.877,0.088,0.227,0.515
0.398,0.448,0.89,0.915,0.876,0.088,0.227,0.514
0.398,0.447,0.889,0.915,0.875,0.088,0.227,0.514
0.397,0.447,0.889,0.914,0.875,0.088,0.227,0.514
0.397,0.447,0.889,0.914,0.874,0.087,0.227,0.513
0.397,0.446,0.888,0.913,0.874,0.088,0.227,0.513
0.396,0.446,0.888,0.912,0.873,0.087,0.227,0.512
0.396,0.446,0.887,0.912,0.873,0.087,0.227,0.512
0.396,0.445,0.887,0.911,0.873,0.087,0.227,0.512
0.395,0.445,0.887,0.911,0.872,0.087,0.227,0.511
0.395,0.445,0.886,0.91,0.871,0.087,0.227,0.511
0.395,0.445,0.886,0.909,0.871,0.087,0.226,0.511
0.395,0.444,0.886,0.909,0.87,0.087,0.226,0.51
0.394,0.444,0.885,0.908,0.87,0.087,0.226,0.51
0.394,0.444,0.885,0.908,0.869,0.087,0.226,0.509
0.394,0.443,0.884,0.907,0.869,0.087,0.226,0.509
0.394,0.443,0.884,0.906,0.868,0.087,0.226,0.509
0.393,0.443,0.883,0.906,0.868,0.087,0.226,0.508
0.393,0.442,0.883,0.905,0.867,0.087,0.226,0.508
0.393,0.442,0.883,0.904,0.867,0.087,0.226,0.508
0.393,0.442,0.882,0.904,0.866,0.087,0.226,0.507
0.392,0.442,0.882,0.903,0.866,0.086,0.226,0.507
0.392,0.442,0.882,0.903,0.865,0.086,0.226,0.507
0.392,0.441,0.881,0.902,0.865,0.086,0.226,0.506
0.391,0.441,0.881,0.901,0.864,0.086,0.226,0.506
0.391,0.441,0.88,0.901,0.864,0.086,0.226,0.506
0.391,0.44,0.88,0.9,0.864,0.086,0.226,0.505
0.391,0.44,0.88,0.9,0.863,0.086,0.226,0.505
0.39,0.44,0.879,0.899,0.863,0.086,0.226,0.505
0.39,0.44,0.879,0.898,0.862,0.086,0.226,0.504
0.39,0.44,0.878,0.898,0.862,0.086,0.226,0.504
0.389,0.439,0.878,0.897,0.861,0.086,0.226,0.504
0.389,0.439,0.878,0.897,0.86,0.086,0.226,0.503
0.389,0.439,0.878,0.896,0.86,0.086,0.226,0.503
0.389,0.438,0.877,0.895,0.86,0.086,0.226,0.503
0.388,0.438,0.877,0.895,0.859,0.086,0.225,0.503
0.388,0.438,0.877,0.894,0.859,0.086,0.226,0.502
0.388,0.438,0.876,0.894,0.858,0.086,0.225,0.502
0.387,0.437,0.876,0.893,0.858,0.085,0.226,0.501
0.387,0.437,0.875,0.892,0.857,0.086,0.226,0.501
0.387,0.437,0.875,0.892,0.857,0.085,0.225,0.501
0.387,0.436,0.875,0.891,0.856,0.085,0.225,0.5
0.386,0.436,0.874,0.89,0.856,0.085,0.225,0.5
0.386,0.436,0.874,0.89,0.855,0.085,0.226,0.5
0.386,0.435,0.874,0.889,0.855,0.085,0.225,0.499
0.386,0.435,0.873,0.888,0.854,0.085,0.225,0.499
0.385,0.435,0.873,0.888,0.854,0.085,0.225,0.499
0.385,0.435,0.873,0.887,0.853,0.085,0.225,0.499
0.385,0.435,0.872,0.887,0.853,0.085,0.225,0.498
0.385,0.434,0.872,0.886,0.853,0.085,0.225,0.498
0.385,0.434,0.872,0.886,0.852,0.085,0.225,0.498
0.384,0.434,0.871,0.885,0.852,0.085,0.225,0.497
0.384,0.434,0.871,0.884,0.851,0.085,0.225,0.497
0.383,0.434,0.871,0.884,0.851,0.085,0.225,0.497
0.383,0.434,0.87,0.883,0.85,0.085,0.225,0.496
0.383,0.433,0.87,0.883,0.849,0.085,0.225,0.496
0.383,0.433,0.869,0.882,0.849,0.085,0.225,0.496
0.383,0.433,0.869,0.882,0.849,0.084,0.225,0.495
0.382,0.433,0.869,0.881,0.848,0.084,0.225,0.495
0.382,0.433,0.868,0.88,0.848,0.084,0.225,0.495
0.382,0.432,0.868,0.88,0.847,0.084,0.225,0.494
0.381,0.432,0.868,0.879,0.847,0.084,0.225,0.494
0.381,0.432,0.867,0.879,0.846,0.084,0.225,0.494
0.381,0.432,0.867,0.878,0.846,0.084,0.225,0.494
0.381,0.431,0.867,0.878,0.845,0.084,0.225,0.493
0.38,0.431,0.866,0.877,0.845,0.084,0.225,0.493
0.38,0.431,0.866,0.877,0.844,0.084,0.225,0.493
0.38,0.431,0.866,0.876,0.844,0.084,0.225,0.493
0.38,0.43,0.865,0.875,0.844,0.084,0.225,0.492
0.379,0.43,0.865,0.875,0.843,0.084,0.225,0.492
0.379,0.43,0.865,0.875,0.843,0.084,0.225,0.492
0.379,0.43,0.864,0.874,0.842,0.084,0.224,0.491
0.379,0.429,0.864,0.874,0.842,0.084,0.224,0.491
0.378,0.429,0.864,0.873,0.842,0.084,0.224,0.491
0.378,0.429,0.863,0.872,0.841,0.084,0.225,0.49
0.378,0.429,0.863,0.872,0.841,0.084,0.224,0.49
0.378,0.428,0.863,0.871,0.84,0.084,0.224,0.49
0.377,0.428,0.862,0.871,0.84,0.083,0.224,0.489
0.377,0.428,0.862,0.87,0.839,0.083,0.224,0.489
0.377,0.428,0.862,0.87,0.839,0.083,0.224,0.489
0.377,0.427,0.861,0.869,0.839,0.083,0.224,0.489
0.376,0.427,0.861,0.868,0.838,0.083,0.224,0.489
0.376,0.427,0.86,0.868,0.838,0.083,0.224,0.488
0.376,0.427,0.86,0.867,0.837,0.083,0.224,0.488
0.376,0.427,0.86,0.867,0.837,0.083,0.224,0.488
0.375,0.426,0.859,0.866,0.836,0.083,0.224,0.487
0.375,0.426,0.859,0.866,0.836,0.083,0.224,0.487
0.375,0.426,0.859,0.865,0.836,0.083,0.224,0.487
0.375,0.426,0.859,0.865,0.835,0.083,0.224,0.486
0.374,0.425,0.858,0.864,0.835,0.083,0.224,0.486
0.374,0.425,0.858,0.864,0.834,0.083,0.224,0.486
0.374,0.425,0.857,0.863,0.834,0.083,0.224,0.485
0.374,0.425,0.857,0.863,0.833,0.083,0.224,0.485
0.373,0.424,0.857,0.862,0.833,0.083,0.224,0.485
0.373,0.424,0.856,0.862,0.833,0.083,0.224,0.485
0.373,0.424,0.856,0.861,0.832,0.083,0.224,0.484
0.373,0.424,0.855,0.861,0.832,0.083,0.224,0.484
0.373,0.424,0.855,0.86,0.831,0.083,0.224,0.484
0.372,0.423,0.855,0.86,0.831,0.082,0.224,0.484
0.372,0.423,0.855,0.859,0.831,0.082,0.224,0.483
0.372,0.423,0.854,0.859,0.83,0.082,0.224,0.483
0.372,0.423,0.854,0.858,0.83,0.082,0.224,0.483
0.372,0.422,0.854,0.858,0.83,0.082,0.223,0.482
0.371,0.422,0.853,0.858,0.829,0.082,0.224,0.482
0.371,0.422,0.853,0.857,0.829,0.082,0.223,0.482
0.371,0.422,0.853,0.857,0.828,0.082,0.224,0.481
0.371,0.422,0.852,0.856,0.828,0.082,0.223,0.481
0.37,0.421,0.852,0.856,0.827,0.082,0.223,0.481
0.37,0.421,0.852,0.856,0.827,0.082,0.223,0.481
0.37,0.421,0.851,0.855,0.826,0.082,0.223,0.48
0.369,0.421,0.851,0.854,0.826,0.082,0.223,0.48
0.369,0.42,0.85,0.854,0.825,0.082,0.223,0.479
0.369,0.42,0.85,0.853,0.825,0.082,0.223,0.479
0.369,0.42,0.85,0.853,0.824,0.082,0.223,0.479
0.369,0.42,0.85,0.853,0.824,0.082,0.223,0.479
0.368,0.42,0.849,0.852,0.824,0.082,0.223,0.479
0.368,0.419,0.849,0.852,0.823,0.082,0.223,0.478
0.368,0.419,0.849,0.851,0.823,0.082,0.223,0.478
0.368,0.419,0.848,0.851,0.823,0.082,0.223,0.477
0.367,0.419,0.848,0.851,0.822,0.082,0.223,0.477
0.367,0.419,0.847,0.85,0.822,0.082,0.223,0.477
0.367,0.418,0.847,0.85,0.821,0.081,0.223,0.477
0.367,0.418,0.847,0.849,0.821,0.082,0.223,0.477
0.366,0.418,0.847,0.849,0.82,0.081,0.223,0.476
0.366,0.418,0.846,0.848,0.82,0.081,0.223,0.476
0.366,0.418,0.846,0.848,0.82,0.081,0.223,0.476
0.366,0.418,0.846,0.847,0.819,0.081,0.223,0.475
0.365,0.417,0.845,0.847,0.819,0.081,0.223,0.475
0.365,0.417,0.845,0.847,0.818,0.081,0.223,0.475
0.365,0.417,0.845,0.846,0.818,0.081,0.223,0.474
0.365,0.417,0.844,0.846,0.818,0.081,0.223,0.474
0.365,0.417,0.844,0.845,0.817,0.081,0.223,0.474
0.364,0.416,0.844,0.845,0.817,0.081,0.223,0.474
0.364,0.416,0.843,0.845,0.816,0.081,0.223,0.473
0.364,0.416,0.843,0.844,0.816,0.081,0.223,0.473
0.364,0.416,0.843,0.844,0.815,0.081,0.222,0.473
0.363,0.416,0.842,0.843,0.815,0.081,0.222,0.472
0.363,0.415,0.842,0.843,0.815,0.081,0.222,0.472
0.363,0.415,0.842,0.842,0.814,0.081,0.222,0.472
0.363,0.415,0.841,0.842,0.814,0.081,0.222,0.472
0.362,0.415,0.841,0.842,0.813,0.081,0.222,0.471
0.362,0.415,0.841,0.841,0.813,0.081,0.222,0.471
0.362,0.415,0.84,0.84,0.813,0.081,0.222,0.471
0.362,0.414,0.84,0.84,0.812,0.081,0.222,0.47
0.362,0.414,0.84,0.839,0.812,0.081,0.222,0.47
0.361,0.414,0.84,0.839,0.811,0.08,0.222,0.47
0.361,0.414,0.839,0.839,0.811,0.08,0.222,0.47
0.361,0.413,0.839,0.838,0.81,0.08,0.222,0.47
0.361,0.413,0.838,0.838,0.81,0.08,0.222,0.469
0.361,0.413,0.838,0.837,0.81,0.08,0.222,0.469
0.36,0.413,0.838,0.836,0.809,0.08,0.222,0.469
0.36,0.413,0.837,0.836,0.809,0.08,0.222,0.468
0.36,0.413,0.837,0.835,0.808,0.08,0.222,0.468
0.36,0.412,0.837,0.835,0.808,0.08,0.222,0.468
0.36,0.412,0.836,0.834,0.807,0.08,0.222,0.468
0.359,0.412,0.836,0.834,0.807,0.08,0.222,0.467
0.359,0.412,0.836,0.834,0.807,0.08,0.222,0.467
0.359,0.411,0.835,0.833,0.806,0.08,0.222,0.467
0.358,0.411,0.835,0.833,0.806,0.08,0.222,0.466
0.358,0.411,0.835,0.832,0.805,0.08,0.222,0.466
0.358,0.411,0.834,0.832,0.805,0.08,0.222,0.466
0.358,0.411,0.834,0.831,0.805,0.08,0.222,0.466
0.358,0.41,0.834,0.831,0.804,0.08,0.222,0.465
0.357,0.41,0.833,0.83,0.804,0.08,0.222,0.465
0.357,0.41,0.833,0.83,0.803,0.08,0.222,0.465
0.357,0.41,0.833,0.83,0.803,0.08,0.222,0.465
0.357,0.41,0.833,0.829,0.802,0.08,0.221,0.465
0.357,0.41,0.832,0.829,0.802,0.08,0.221,0.464
0.356,0.409,0.832,0.828,0.802,0.08,0.221,0.464
0.356,0.409,0.831,0.828,0.801,0.079,0.221,0.464
0.356,0.409,0.831,0.827,0.801,0.079,0.221,0.463
0.356,0.409,0.831,0.827,0.8,0.079,0.221,0.463
0.356,0.409,0.831,0.826,0.8,0.08,0.221,0.463
0.355,0.409,0.83,0.826,0.799,0.079,0.221,0.463
0.355,0.408,0.83,0.825,0.799,0.079,0.221,0.463
0.355,0.408,0.829,0.825,0.799,0.079,0.221,0.462
0.355,0.408,0.829,0.824,0.798,0.08,0.221,0.462
0.355,0.408,0.829,0.824,0.798,0.079,0.221,0.462
0.354,0.408,0.828,0.823,0.797,0.079,0.221,0.462
0.354,0.407,0.828,0.823,0.797,0.079,0.221,0.461
0.354,0.407,0.828,0.822,0.797,0.079,0.221,0.461
0.354,0.407,0.827,0.822,0.796,0.079,0.221,0.461
0.353,0.407,0.827,0.822,0.796,0.079,0.221,0.46
0.353,0.406,0.827,0.821,0.796,0.079,0.221,0.46
0.353,0.406,0.826,0.821,0.795,0.079,0.221,0.46
0.353,0.406,0.826,0.82,0.795,0.079,0.221,0.46
0.353,0.406,0.826,0.82,0.794,0.079,0.221,0.459
0.353,0.406,0.825,0.819,0.794,0.079,0.221,0.459
0.352,0.405,0.825,0.819,0.794,0.079,0.221,0.459
0.352,0.405,0.825,0.818,0.793,0.079,0.221,0.459
0.352,0.405,0.825,0.818,0.793,0.079,0.221,0.458
0.352,0.405,0.824,0.817,0.793,0.079,0.221,0.458
0.352,0.405,0.824,0.817,0.792,0.079,0.221,0.458
0.351,0.404,0.824,0.816,0.792,0.079,0.221,0.458
0.351,0.404,0.823,0.816,0.791,0.079,0.221,0.457
0.351,0.404,0.823,0.816,0.791,0.079,0.22,0.457
0.351,0.404,0.823,0.815,0.791,0.079,0.221,0.457
0.35,0.404,0.822,0.815,0.79,0.079,0.22,0.457
0.35,0.403,0.822,0.814,0.79,0.078,0.22,0.456
0.35,0.403,0.822,0.814,0.79,0.078,0.22,0.456
0.35,0.403,0.821,0.813,0.789,0.078,0.22,0.456
0.35,0.403,0.821,0.813,0.789,0.078,0.22,0.456
0.349,0.403,0.821,0.813,0.789,0.078,0.22,0.455
0.349,0.402,0.821,0.812,0.788,0.078,0.22,0.455
0.349,0.402,0.82,0.812,0.788,0.078,0.22,0.455
0.349,0.402,0.82,0.811,0.788,0.078,0.22,0.455
0.349,0.402,0.82,0.811,0.787,0.078,0.22,0.455
0.349,0.402,0.82,0.81,0.787,0.078,0.22,0.454
0.348,0.401,0.819,0.81,0.786,0.078,0.22,0.454
0.348,0.401,0.819,0.81,0.786,0.078,0.22,0.454
0.348,0.401,0.819,0.809,0.786,0.078,0.22,0.453
0.348,0.401,0.818,0.809,0.785,0.078,0.22,0.453
0.347,0.401,0.818,0.808,0.785,0.078,0.22,0.453
0.347,0.401,0.818,0.808,0.784,0.078,0.22,0.453
0.347,0.401,0.817,0.808,0.784,0.078,0.22,0.453
0.347,0.4,0.817,0.807,0.784,0.078,0.22,0.452
0.347,0.4,0.817,0.807,0.783,0.078,0.22,0.452
0.346,0.4,0.816,0.806,0.783,0.078,0.22,0.452
0.346,0.4,0.816,0.806,0.783,0.078,0.22,0.452
0.346,0.4,0.816,0.806,0.782,0.078,0.22,0.451
0.346,0.4,0.815,0.805,0.782,0.078,0.22,0.451
0.346,0.4,0.815,0.805,0.782,0.078,0.22,0.451
0.345,0.399,0.815,0.804,0.781,0.078,0.22,0.451
0.345,0.399,0.814,0.804,0.781,0.078,0.22,0.45
0.345,0.399,0.814,0.803,0.78,0.078,0.22,0.45
0.345,0.399,0.814,0.803,0.78,0.078,0.219,0.45
0.345,0.399,0.813,0.802,0.78,0.078,0.219,0.45
0.345,0.399,0.813,0.802,0.779,0.078,0.219,0.449
0.344,0.399,0.813,0.801,0.779,0.077,0.219,0.449
0.344,0.398,0.812,0.801,0.779,0.078,0.219,0.449
0.344,0.398,0.812,0.801,0.778,0.078,0.219,0.449
0.344,0.398,0.812,0.8,0.778,0.078,0.219,0.449
0.343,0.398,0.812,0.8,0.778,0.077,0.219,0.448
0.343,0.398,0.811,0.799,0.777,0.077,0.219,0.448
0.343,0.398,0.811,0.799,0.777,0.077,0.219,0.448
0.343,0.397,0.811,0.798,0.777,0.077,0.219,0.448
0.343,0.397,0.81,0.798,0.776,0.077,0.219,0.447
0.343,0.397,0.81,0.798,0.776,0.077,0.219,0.447
0.342,0.397,0.81,0.797,0.776,0.077,0.219,0.447
0.342,0.397,0.81,0.797,0.775,0.077,0.219,0.447
0.342,0.397,0.809,0.797,0.775,0.077,0.219,0.446
0.342,0.397,0.809,0.796,0.775,0.077,0.219,0.446
0.342,0.397,0.809,0.796,0.774,0.077,0.219,0.446
0.341,0.396,0.808,0.795,0.774,0.077,0.219,0.446
0.341,0.396,0.808,0.795,0.773,0.077,0.219,0.446
0.341,0.396,0.808,0.795,0.773,0.077,0.219,0.445
0.341,0.396,0.807,0.794,0.773,0.077,0.219,0.445
0.341,0.396,0.807,0.794,0.772,0.077,0.219,0.445
0.341,0.396,0.807,0.793,0.772,0.077,0.219,0.445
0.34,0.396,0.807,0.793,0.772,0.077,0.219,0.444
0.34,0.395,0.806,0.792,0.771,0.077,0.219,0.444
0.34,0.395,0.806,0.792,0.771,0.077,0.219,0.444
0.34,0.395,0.806,0.792,0.771,0.077,0.219,0.444
0.34,0.395,0.805,0.791,0.77,0.077,0.219,0.444
0.339,0.395,0.805,0.791,0.77,0.077,0.218,0.444
0.339,0.395,0.805,0.79,0.77,0.077,0.218,0.443
0.339,0.394,0.804,0.79,0.77,0.077,0.218,0.443
0.339,0.394,0.804,0.79,0.769,0.077,0.218,0.443
0.339,0.394,0.804,0.789,0.769,0.077,0.218,0.443
0.339,0.394,0.803,0.789,0.768,0.077,0.218,0.442
0.338,0.394,0.803,0.788,0.768,0.077,0.218,0.442
0.338,0.394,0.803,0.788,0.768,0.077,0.218,0.442
0.338,0.393,0.803,0.788,0.768,0.076,0.218,0.442
0.338,0.393,0.802,0.787,0.767,0.077,0.218,0.442
0.338,0.393,0.802,0.787,0.767,0.077,0.218,0.441
0.337,0.393,0.802,0.787,0.767,0.076,0.218,0.441
0.337,0.393,0.801,0.786,0.766,0.076,0.218,0.441
0.337,0.393,0.801,0.786,0.766,0.076,0.218,0.441
0.337,0.392,0.801,0.786,0.765,0.076,0.218,0.441
0.336,0.392,0.8,0.785,0.765,0.076,0.218,0.44
0.336,0.392,0.8,0.785,0.765,0.076,0.218,0.44
0.336,0.392,0.8,0.784,0.765,0.076,0.218,0.44
0.336,0.392,0.8,0.784,0.764,0.076,0.218,0.439
0.336,0.392,0.799,0.784,0.764,0.076,0.218,0.439
0.336,0.392,0.799,0.783,0.764,0.076,0.218,0.439
0.335,0.391,0.799,0.783,0.764,0.076,0.218,0.439
0.335,0.391,0.798,0.783,0.763,0.076,0.218,0.439
0.335,0.391,0.798,0.783,0.763,0.076,0.218,0.439
0.335,0.391,0.798,0.782,0.762,0.076,0.218,0.438
0.335,0.391,0.797,0.782,0.762,0.076,0.218,0.438
0.335,0.39,0.797,0.781,0.762,0.076,0.218,0.438
0.335,0.39,0.797,0.781,0.761,0.076,0.218,0.438
0.334,0.39,0.797,0.781,0.761,0.076,0.218,0.438
0.334,0.39,0.796,0.78,0.761,0.076,0.218,0.437
0.334,0.39,0.796,0.78,0.76,0.076,0.218,0.437
0.334,0.39,0.795,0.779,0.76,0.076,0.218,0.437
0.333,0.39,0.795,0.779,0.76,0.076,0.217,0.437
0.333,0.39,0.795,0.779,0.76,0.076,0.217,0.437
0.333,0.389,0.795,0.779,0.759,0.076,0.218,0.436
0.333,0.389,0.794,0.778,0.759,0.076,0.217,0.436
0.333,0.389,0.794,0.778,0.759,0.076,0.217,0.436
0.333,0.389,0.794,0.777,0.758,0.076,0.217,0.436
0.332,0.389,0.794,0.777,0.758,0.076,0.217,0.435
0.332,0.389,0.793,0.777,0.758,0.076,0.217,0.435
0.332,0.389,0.793,0.776,0.758,0.076,0.217,0.435
0.332,0.388,0.793,0.776,0.757,0.076,0.217,0.435
0.332,0.388,0.793,0.775,0.757,0.076,0.217,0.435
0.332,0.388,0.792,0.775,0.757,0.076,0.217,0.434
0.331,0.388,0.792,0.775,0.756,0.075,0.217,0.434
0.331,0.388,0.791,0.774,0.756,0.076,0.217,0.434
0.331,0.388,0.791,0.774,0.755,0.076,0.217,0.434
0.331,0.388,0.791,0.773,0.755,0.076,0.217,0.433
0.331,0.387,0.79,0.773,0.755,0.075,0.217,0.433
0.33,0.387,0.79,0.773,0.754,0.075,0.217,0.433
0.33,0.387,0.79,0.772,0.754,0.076,0.217,0.433
0.33,0.387,0.79,0.772,0.754,0.075,0.217,0.433
0.33,0.387,0.789,0.772,0.754,0.075,0.217,0.432
0.33,0.387,0.789,0.771,0.753,0.075,0.217,0.432
0.33,0.387,0.789,0.771,0.753,0.075,0.217,0.432
0.329,0.386,0.789,0.771,0.753,0.075,0.217,0.432
0.329,0.386,0.788,0.77,0.752,0.075,0.217,0.432
0.329,0.386,0.788,0.77,0.752,0.075,0.217,0.431
0.329,0.386,0.788,0.769,0.752,0.075,0.217,0.431
0.329,0.386,0.787,0.769,0.751,0.075,0.217,0.431
0.329,0.386,0.787,0.768,0.751,0.075,0.217,0.431
0.329,0.385,0.787,0.768,0.751,0.075,0.217,0.43
0.328,0.385,0.786,0.768,0.751,0.075,0.216,0.43
0.328,0.385,0.786,0.768,0.75,0.075,0.217,0.43
0.328,0.385,0.786,0.767,0.75,0.075,0.217,0.43
0.328,0.385,0.785,0.767,0.75,0.075,0.216,0.43
0.328,0.385,0.785,0.766,0.749,0.075,0.216,0.429
0.328,0.384,0.785,0.766,0.749,0.075,0.216,0.429
0.327,0.384,0.785,0.766,0.749,0.075,0.216,0.429
0.327,0.384,0.784,0.765,0.748,0.075,0.216,0.429
0.327,0.384,0.784,0.765,0.748,0.075,0.216,0.429
0.327,0.384,0.784,0.765,0.748,0.075,0.216,0.428
0.327,0.384,0.784,0.764,0.747,0.075,0.216,0.428
0.326,0.384,0.783,0.764,0.747,0.075,0.216,0.428
0.326,0.384,0.783,0.764,0.747,0.075,0.216,0.428
0.326,0.384,0.783,0.763,0.747,0.075,0.216,0.428
0.326,0.384,0.782,0.763,0.746,0.075,0.216,0.428
0.326,0.384,0.782,0.763,0.746,0.075,0.216,0.427
0.326,0.383,0.782,0.763,0.746,0.075,0.216,0.427
0.326,0.383,0.781,0.762,0.745,0.075,0.216,0.427
0.325,0.383,0.781,0.762,0.745,0.075,0.216,0.427
0.325,0.383,0.781,0.761,0.745,0.075,0.216,0.426
0.325,0.383,0.781,0.761,0.744,0.075,0.216,0.426
0.325,0.383,0.78,0.761,0.744,0.075,0.216,0.426
0.325,0.383,0.78,0.76,0.744,0.075,0.216,0.426
0.324,0.383,0.78,0.76,0.743,0.075,0.216,0.426
0.324,0.382,0.78,0.759,0.743,0.075,0.216,0.426
0.324,0.382,0.779,0.759,0.743,0.074,0.216,0.426
0.324,0.382,0.779,0.758,0.742,0.074,0.216,0.425
0.324,0.382,0.778,0.758,0.742,0.074,0.216,0.425
0.324,0.381,0.778,0.757,0.741,0.074,0.215,0.425
0.323,0.381,0.778,0.757,0.741,0.074,0.216,0.425
0.323,0.381,0.778,0.756,0.74,0.074,0.215,0.424
0.323,0.381,0.777,0.756,0.74,0.074,0.215,0.424
0.323,0.38,0.777,0.755,0.74,0.074,0.216,0.424
0.323,0.38,0.776,0.755,0.739,0.074,0.215,0.423
0.322,0.38,0.776,0.754,0.739,0.074,0.215,0.423
0.322,0.379,0.776,0.754,0.738,0.074,0.215,0.423
0.322,0.379,0.775,0.753,0.738,0.074,0.215,0.422
0.322,0.379,0.775,0.752,0.737,0.074,0.215,0.422
0.322,0.378,0.775,0.752,0.737,0.074,0.215,0.422
0.322,0.378,0.775,0.751,0.736,0.074,0.215,0.422
0.321,0.378,0.774,0.751,0.736,0.074,0.215,0.421
0.321,0.377,0.774,0.75,0.736,0.074,0.215,0.421
0.321,0.377,0.773,0.75,0.735,0.074,0.215,0.421
0.321,0.377,0.773,0.749,0.735,0.074,0.215,0.421
0.32,0.377,0.773,0.749,0.734,0.074,0.215,0.42
0.32,0.376,0.772,0.748,0.733,0.074,0.215,0.42
0.32,0.376,0.772,0.747,0.733,0.074,0.215,0.42
0.32,0.375,0.772,0.747,0.732,0.074,0.215,0.419
0.32,0.375,0.772,0.746,0.732,0.074,0.215,0.419
0.32,0.375,0.771,0.746,0.731,0.074,0.215,0.418
0.319,0.374,0.771,0.745,0.731,0.074,0.215,0.418
0.319,0.374,0.771,0.745,0.73,0.074,0.215,0.418
0.319,0.374,0.77,0.744,0.73,0.074,0.215,0.417
0.319,0.373,0.77,0.744,0.729,0.074,0.215,0.417
0.319,0.373,0.77,0.743,0.729,0.074,0.215,0.417
0.318,0.372,0.769,0.742,0.728,0.074,0.215,0.417
0.318,0.372,0.769,0.742,0.728,0.074,0.215,0.416
0.318,0.372,0.768,0.741,0.727,0.073,0.215,0.416
0.318,0.371,0.768,0.741,0.726,0.073,0.214,0.416
0.317,0.371,0.768,0.74,0.726,0.073,0.214,0.415
0.317,0.371,0.768,0.739,0.725,0.074,0.214,0.415
0.317,0.37,0.767,0.739,0.725,0.073,0.214,0.415
0.317,0.37,0.767,0.738,0.724,0.073,0.214,0.414
0.317,0.37,0.766,0.738,0.724,0.073,0.214,0.414
0.317,0.369,0.766,0.737,0.723,0.073,0.214,0.414
0.316,0.369,0.766,0.736,0.723,0.073,0.214,0.413
0.316,0.369,0.765,0.736,0.722,0.073,0.214,0.413
0.316,0.368,0.765,0.735,0.722,0.073,0.214,0.413
0.316,0.368,0.765,0.735,0.721,0.073,0.214,0.412
0.316,0.368,0.764,0.734,0.721,0.073,0.214,0.412
0.315,0.367,0.764,0.734,0.72,0.073,0.214,0.412
0.315,0.367,0.763,0.733,0.72,0.073,0.214,0.411
0.315,0.367,0.763,0.732,0.719,0.073,0.214,0.411
0.315,0.366,0.763,0.732,0.718,0.073,0.214,0.411
0.315,0.366,0.762,0.731,0.718,0.073,0.214,0.41
0.314,0.366,0.762,0.731,0.717,0.073,0.214,0.41
0.314,0.365,0.762,0.73,0.717,0.073,0.214,0.409
0.314,0.365,0.762,0.73,0.716,0.073,0.214,0.409
0.314,0.365,0.761,0.729,0.716,0.073,0.213,0.409
0.314,0.364,0.761,0.729,0.715,0.073,0.213,0.409
0.313,0.364,0.76,0.728,0.715,0.073,0.214,0.408
0.313,0.364,0.76,0.728,0.714,0.073,0.213,0.408
0.313,0.363,0.76,0.727,0.714,0.072,0.213,0.408
0.313,0.363,0.759,0.727,0.713,0.072,0.213,0.407
0.312,0.363,0.759,0.726,0.713,0.072,0.213,0.407
0.312,0.362,0.759,0.725,0.712,0.072,0.213,0.407
0.312,0.362,0.758,0.725,0.712,0.072,0.213,0.406
0.312,0.362,0.758,0.724,0.711,0.072,0.213,0.406
0.312,0.361,0.758,0.724,0.711,0.072,0.213,0.406
0.311,0.361,0.757,0.723,0.71,0.072,0.213,0.405
0.311,0.361,0.757,0.723,0.71,0.072,0.213,0.405
0.311,0.36,0.757,0.722,0.709,0.072,0.213,0.405
0.311,0.36,0.756,0.721,0.709,0.072,0.213,0.404
0.311,0.36,0.756,0.721,0.708,0.072,0.213,0.404
0.311,0.36,0.756,0.72,0.708,0.072,0.213,0.404
0.31,0.36,0.755,0.72,0.707,0.072,0.213,0.403
0.31,0.359,0.755,0.719,0.707,0.072,0.213,0.403
0.31,0.359,0.755,0.719,0.706,0.072,0.213,0.403
0.31,0.359,0.754,0.718,0.706,0.072,0.213,0.402
0.309,0.358,0.754,0.718,0.705,0.072,0.213,0.402
0.309,0.358,0.753,0.717,0.704,0.072,0.213,0.402
0.309,0.358,0.753,0.717,0.704,0.072,0.212,0.401
0.309,0.357,0.753,0.716,0.703,0.072,0.212,0.401
0.308,0.357,0.752,0.716,0.703,0.072,0.212,0.401
0.308,0.357,0.752,0.715,0.702,0.072,0.212,0.4
0.308,0.356,0.752,0.714,0.702,0.071,0.212,0.4
0.308,0.356,0.751,0.714,0.701,0.072,0.212,0.4
0.308,0.356,0.751,0.713,0.701,0.071,0.212,0.4
0.307,0.356,0.751,0.713,0.7,0.071,0.212,0.399
0.307,0.355,0.75,0.713,0.7,0.071,0.212,0.399
0.307,0.355,0.75,0.712,0.7,0.071,0.212,0.398
0.307,0.355,0.75,0.711,0.699,0.071,0.212,0.398
0.307,0.355,0.749,0.711,0.698,0.071,0.212,0.398
0.307,0.354,0.749,0.71,0.698,0.071,0.212,0.398
0.306,0.354,0.749,0.71,0.698,0.071,0.212,0.397
0.306,0.354,0.748,0.71,0.697,0.071,0.212,0.397
0.306,0.353,0.748,0.709,0.697,0.071,0.212,0.397
0.306,0.353,0.748,0.708,0.696,0.071,0.212,0.396
0.305,0.353,0.747,0.708,0.696,0.071,0.212,0.396
0.305,0.353,0.747,0.707,0.695,0.071,0.212,0.396
0.305,0.352,0.747,0.707,0.695,0.071,0.212,0.396
0.305,0.352,0.746,0.707,0.694,0.071,0.212,0.395
0.305,0.352,0.746,0.706,0.694,0.071,0.212,0.395
0.305,0.352,0.746,0.706,0.694,0.071,0.212,0.395
0.304,0.352,0.746,0.705,0.693,0.071,0.211,0.395
0.304,0.352,0.745,0.705,0.693,0.071,0.211,0.394
0.304,0.351,0.745,0.704,0.692,0.071,0.212,0.394
0.304,0.351,0.744,0.704,0.692,0.071,0.211,0.394
0.304,0.351,0.744,0.703,0.691,0.071,0.211,0.393
0.303,0.35,0.744,0.703,0.691,0.07,0.211,0.393
0.303,0.35,0.743,0.703,0.69,0.07,0.211,0.393
0.303,0.35,0.743,0.702,0.689,0.07,0.211,0.393
0.303,0.35,0.743,0.701,0.689,0.07,0.211,0.392
0.302,0.349,0.742,0.701,0.689,0.07,0.211,0.392
0.302,0.349,0.742,0.701,0.688,0.07,0.211,0.392
0.302,0.349,0.742,0.7,0.688,0.07,0.211,0.392
0.302,0.349,0.741,0.7,0.687,0.07,0.211,0.391
0.302,0.348,0.741,0.699,0.687,0.07,0.211,0.391
0.301,0.348,0.74,0.698,0.686,0.07,0.211,0.391
0.301,0.348,0.74,0.698,0.686,0.07,0.211,0.39
0.301,0.348,0.74,0.698,0.685,0.07,0.211,0.39
0.301,0.347,0.74,0.697,0.685,0.07,0.211,0.39
0.301,0.347,0.739,0.697,0.684,0.07,0.211,0.39
0.3,0.347,0.739,0.696,0.684,0.07,0.211,0.389
0.3,0.347,0.738,0.696,0.683,0.07,0.21,0.389
0.3,0.346,0.738,0.695,0.683,0.07,0.211,0.389
0.3,0.346,0.738,0.695,0.682,0.07,0.211,0.389
0.3,0.346,0.738,0.694,0.682,0.07,0.211,0.388
0.299,0.346,0.737,0.694,0.681,0.07,0.211,0.388
0.299,0.346,0.737,0.693,0.681,0.07,0.211,0.388
0.299,0.345,0.737,0.693,0.68,0.07,0.21,0.388
0.299,0.345,0.736,0.692,0.68,0.07,0.21,0.387
0.299,0.345,0.736,0.692,0.68,0.07,0.21,0.387
0.298,0.345,0.735,0.691,0.679,0.07,0.21,0.387
0.298,0.345,0.735,0.691,0.679,0.07,0.21,0.386
0.298,0.345,0.735,0.691,0.678,0.069,0.21,0.386
0.298,0.344,0.735,0.69,0.678,0.069,0.21,0.386
0.298,0.344,0.734,0.69,0.678,0.069,0.21,0.386
0.298,0.344,0.734,0.689,0.677,0.069,0.21,0.385
0.297,0.344,0.734,0.689,0.677,0.069,0.21,0.385
0.297,0.343,0.733,0.688,0.676,0.069,0.21,0.385
0.297,0.343,0.733,0.688,0.676,0.069,0.21,0.385
0.297,0.343,0.733,0.688,0.676,0.069,0.21,0.384
0.297,0.343,0.733,0.687,0.675,0.069,0.21,0.384
0.297,0.342,0.732,0.687,0.675,0.069,0.21,0.384
0.296,0.342,0.732,0.687,0.674,0.069,0.21,0.384
0.296,0.342,0.732,0.686,0.674,0.069,0.21,0.383
0.296,0.342,0.731,0.685,0.673,0.069,0.21,0.383
0.296,0.342,0.731,0.685,0.673,0.069,0.21,0.383
0.296,0.342,0.73,0.685,0.673,0.069,0.21,0.383
0.295,0.341,0.73,0.684,0.672,0.069,0.21,0.382
0.295,0.341,0.73,0.684,0.672,0.069,0.209,0.382
0.295,0.341,0.729,0.683,0.672,0.069,0.209,0.382
0.295,0.341,0.729,0.683,0.671,0.069,0.209,0.381
0.295,0.341,0.729,0.683,0.671,0.069,0.209,0.381
0.294,0.34,0.729,0.682,0.67,0.069,0.209,0.381
0.294,0.34,0.728,0.682,0.67,0.069,0.209,0.381
0.294,0.34,0.728,0.681,0.669,0.069,0.209,0.38
0.294,0.34,0.728,0.681,0.669,0.069,0.209,0.38
0.294,0.339,0.727,0.68,0.669,0.069,0.209,0.38
0.293,0.339,0.727,0.68,0.668,0.068,0.209,0.38
0.293,0.339,0.726,0.679,0.668,0.068,0.209,0.38
0.293,0.339,0.726,0.679,0.668,0.069,0.209,0.379
0.293,0.339,0.726,0.679,0.667,0.068,0.209,0.379
0.293,0.339,0.725,0.678,0.667,0.068,0.209,0.379
0.293,0.338,0.725,0.678,0.666,0.068,0.209,0.378
0.292,0.338,0.725,0.677,0.666,0.068,0.209,0.378
0.292,0.338,0.724,0.677,0.666,0.068,0.209,0.378
0.292,0.337,0.724,0.677,0.665,0.068,0.209,0.378
0.292,0.337,0.724,0.676,0.665,0.068,0.209,0.378
0.292,0.337,0.724,0.676,0.665,0.068,0.209,0.377
0.291,0.337,0.723,0.675,0.664,0.068,0.209,0.377
0.291,0.337,0.723,0.675,0.664,0.068,0.209,0.377
0.291,0.337,0.723,0.675,0.663,0.068,0.209,0.377
0.291,0.336,0.722,0.674,0.663,0.068,0.209,0.376
0.291,0.336,0.722,0.674,0.663,0.068,0.208,0.376
0.29,0.336,0.722,0.673,0.662,0.068,0.208,0.376
0.29,0.336,0.721,0.673,0.662,0.068,0.209,0.376
0.29,0.336,0.721,0.672,0.662,0.068,0.208,0.375
0.29,0.336,0.721,0.672,0.661,0.068,0.208,0.375
0.29,0.336,0.72,0.672,0.661,0.068,0.208,0.375
0.289,0.335,0.72,0.671,0.66,0.068,0.208,0.375
0.289,0.335,0.72,0.671,0.66,0.068,0.208,0.374
0.289,0.335,0.72,0.67,0.66,0.068,0.208,0.374
0.289,0.335,0.719,0.67,0.66,0.068,0.208,0.374
0.289,0.335,0.719,0.67,0.659,0.068,0.208,0.373
0.289,0.334,0.719,0.669,0.659,0.068,0.208,0.373
0.288,0.334,0.718,0.669,0.658,0.068,0.208,0.373
0.288,0.334,0.718,0.668,0.658,0.068,0.208,0.373
0.288,0.334,0.718,0.668,0.657,0.067,0.208,0.373
0.288,0.334,0.717,0.668,0.657,0.067,0.208,0.373
0.288,0.333,0.717,0.667,0.657,0.068,0.208,0.372
0.287,0.333,0.717,0.667,0.656,0.067,0.208,0.372
0.287,0.333,0.717,0.666,0.656,0.067,0.208,0.372
0.287,0.333,0.716,0.666,0.656,0.067,0.207,0.372
0.287,0.333,0.716,0.666,0.655,0.067,0.208,0.371
0.287,0.333,0.715,0.665,0.655,0.067,0.207,0.371
0.287,0.332,0.715,0.665,0.654,0.067,0.208,0.371
0.286,0.332,0.715,0.664,0.654,0.067,0.207,0.371
0.286,0.332,0.715,0.664,0.653,0.067,0.207,0.37
0.286,0.332,0.714,0.664,0.653,0.067,0.207,0.37
0.286,0.332,0.714,0.663,0.653,0.067,0.207,0.37
0.286,0.331,0.713,0.663,0.652,0.067,0.207,0.37
0.286,0.331,0.713,0.662,0.652,0.067,0.207,0.369
0.285,0.331,0.713,0.662,0.651,0.067,0.207,0.369
0.285,0.331,0.713,0.661,0.651,0.067,0.207,0.369
0.285,0.331,0.712,0.661,0.651,0.067,0.207,0.369
0.285,0.33,0.712,0.661,0.65,0.067,0.207,0.368
0.285,0.33,0.712,0.661,0.65,0.067,0.207,0.368
0.284,0.33,0.711,0.66,0.649,0.067,0.207,0.368
0.284,0.33,0.711,0.66,0.649,0.067,0.207,0.368
0.284,0.33,0.711,0.659,0.649,0.067,0.207,0.367
0.284,0.33,0.71,0.659,0.648,0.067,0.207,0.367
0.283,0.33,0.71,0.659,0.648,0.067,0.207,0.367
0.283,0.33,0.71,0.658,0.647,0.067,0.207,0.367
0.283,0.329,0.709,0.658,0.647,0.067,0.207,0.367
0.283,0.329,0.709,0.657,0.647,0.067,0.207,0.366
0.283,0.329,0.709,0.657,0.646,0.067,0.207,0.366
0.283,0.329,0.709,0.657,0.646,0.066,0.206,0.366
0.283,0.329,0.708,0.656,0.646,0.067,0.206,0.366
0.283,0.329,0.708,0.656,0.645,0.066,0.206,0.365
0.282,0.329,0.708,0.656,0.645,0.066,0.206,0.365
0.282,0.328,0.708,0.655,0.645,0.066,0.206,0.365
0.282,0.328,0.707,0.655,0.644,0.066,0.206,0.365
0.282,0.328,0.707,0.654,0.644,0.066,0.206,0.365
0.282,0.328,0.707,0.654,0.644,0.066,0.206,0.365
0.281,0.328,0.706,0.654,0.643,0.066,0.206,0.364
0.281,0.328,0.706,0.653,0.643,0.066,0.206,0.364
0.281,0.327,0.705,0.653,0.642,0.066,0.206,0.364
0.281,0.327,0.705,0.653,0.642,0.066,0.206,0.364
0.281,0.327,0.705,0.652,0.642,0.066,0.206,0.364
0.281,0.327,0.705,0.652,0.641,0.066,0.206,0.364
0.28,0.327,0.705,0.652,0.641,0.066,0.206,0.363
0.28,0.327,0.704,0.651,0.641,0.066,0.206,0.363
0.28,0.327,0.704,0.651,0.64,0.066,0.206,0.363
0.28,0.326,0.704,0.65,0.64,0.066,0.206,0.363
0.28,0.326,0.703,0.65,0.64,0.066,0.206,0.363
0.279,0.326,0.703,0.65,0.639,0.066,0.206,0.362
0.279,0.326,0.703,0.649,0.639,0.066,0.206,0.362
0.279,0.326,0.702,0.649,0.638,0.066,0.206,0.362
0.279,0.326,0.702,0.648,0.638,0.066,0.206,0.362
0.279,0.326,0.701,0.648,0.638,0.066,0.205,0.362
0.279,0.325,0.701,0.648,0.637,0.066,0.205,0.361
0.278,0.325,0.701,0.647,0.637,0.066,0.205,0.361
0.278,0.325,0.701,0.647,0.637,0.066,0.205,0.361
0.278,0.325,0.7,0.647,0.636,0.066,0.205,0.361
0.278,0.325,0.7,0.646,0.636,0.066,0.205,0.361
0.278,0.325,0.7,0.646,0.636,0.066,0.205,0.36
0.278,0.325,0.699,0.646,0.635,0.066,0.205,0.36
0.277,0.325,0.699,0.645,0.635,0.066,0.205,0.36
0.277,0.325,0.699,0.645,0.635,0.066,0.205,0.36
0.277,0.324,0.699,0.645,0.634,0.066,0.205,0.36
0.277,0.324,0.698,0.644,0.634,0.065,0.205,0.36
0.277,0.324,0.698,0.644,0.634,0.066,0.205,0.359
0.277,0.324,0.698,0.644,0.634,0.065,0.205,0.359
0.276,0.324,0.698,0.643,0.633,0.066,0.205,0.359
0.276,0.324,0.697,0.643,0.633,0.065,0.205,0.359
0.276,0.323,0.697,0.643,0.633,0.065,0.205,0.359
0.276,0.324,0.697,0.642,0.632,0.065,0.205,0.358
0.276,0.323,0.696,0.642,0.632,0.065,0.205,0.358
0.276,0.323,0.696,0.641,0.632,0.065,0.205,0.358
0.275,0.323,0.696,0.641,0.631,0.065,0.205,0.358
0.275,0.323,0.695,0.641,0.631,0.065,0.205,0.358
0.275,0.323,0.695,0.64,0.631,0.065,0.205,0.357
0.275,0.323,0.695,0.64,0.63,0.065,0.204,0.357
0.275,0.322,0.695,0.64,0.63,0.065,0.205,0.357
0.275,0.322,0.694,0.639,0.63,0.065,0.204,0.357
0.275,0.322,0.694,0.639,0.63,0.065,0.204,0.357
0.274,0.322,0.694,0.639,0.629,0.065,0.204,0.356
0.274,0.322,0.693,0.638,0.629,0.065,0.204,0.356
0.274,0.322,0.693,0.638,0.629,0.065,0.204,0.356
0.274,0.322,0.693,0.638,0.628,0.065,0.204,0.356
0.274,0.321,0.693,0.637,0.628,0.065,0.204,0.356
0.273,0.321,0.692,0.637,0.628,0.065,0.204,0.355
0.273,0.321,0.692,0.637,0.627,0.065,0.204,0.355
0.273,0.321,0.692,0.636,0.627,0.065,0.204,0.355
0.273,0.321,0.691,0.636,0.627,0.065,0.204,0.355
0.273,0.321,0.691,0.636,0.626,0.065,0.204,0.355
0.273,0.32,0.691,0.635,0.626,0.065,0.204,0.354
0.273,0.32,0.691,0.635,0.626,0.065,0.204,0.354
0.272,0.32,0.69,0.635,0.625,0.065,0.204,0.354
0.272,0.32,0.69,0.634,0.625,0.065,0.204,0.354
0.272,0.32,0.689,0.634,0.625,0.065,0.204,0.354
0.272,0.32,0.689,0.634,0.624,0.065,0.204,0.354
0.272,0.32,0.689,0.633,0.624,0.064,0.204,0.353
0.272,0.32,0.689,0.633,0.624,0.065,0.204,0.353
0.271,0.32,0.689,0.633,0.624,0.065,0.204,0.353
0.271,0.319,0.688,0.633,0.623,0.065,0.204,0.353
0.271,0.319,0.688,0.632,0.623,0.065,0.204,0.353
0.271,0.319,0.688,0.632,0.623,0.065,0.203,0.353
0.271,0.319,0.687,0.631,0.622,0.064,0.203,0.352
0.271,0.319,0.687,0.631,0.622,0.064,0.203,0.352
0.27,0.319,0.687,0.631,0.622,0.064,0.203,0.352
0.27,0.319,0.686,0.63,0.621,0.064,0.203,0.352
0.27,0.318,0.686,0.63,0.621,0.064,0.203,0.352
0.27,0.318,0.686,0.63,0.621,0.064,0.203,0.351
0.27,0.318,0.685,0.629,0.62,0.064,0.203,0.351
0.27,0.318,0.685,0.629,0.62,0.064,0.203,0.351
0.27,0.318,0.685,0.629,0.62,0.064,0.203,0.351
0.269,0.318,0.685,0.629,0.619,0.064,0.203,0.351
0.269,0.318,0.685,0.628,0.619,0.064,0.203,0.35
0.269,0.317,0.684,0.628,0.619,0.064,0.203,0.35
0.269,0.317,0.684,0.628,0.619,0.064,0.203,0.35
0.269,0.317,0.684,0.627,0.618,0.064,0.203,0.35
0.269,0.317,0.683,0.627,0.618,0.064,0.203,0.35
0.269,0.317,0.683,0.627,0.618,0.064,0.203,0.349
0.268,0.317,0.683,0.626,0.617,0.064,0.203,0.349
0.268,0.317,0.682,0.626,0.617,0.064,0.203,0.349
0.268,0.317,0.682,0.626,0.617,0.064,0.203,0.349
0.268,0.316,0.682,0.625,0.617,0.064,0.203,0.349
0.268,0.316,0.682,0.625,0.616,0.064,0.203,0.349
0.267,0.316,0.681,0.625,0.616,0.064,0.202,0.348
0.267,0.316,0.681,0.624,0.616,0.064,0.203,0.348
0.267,0.316,0.681,0.624,0.615,0.064,0.203,0.348
0.267,0.316,0.681,0.624,0.615,0.064,0.202,0.348
0.267,0.316,0.68,0.624,0.615,0.064,0.202,0.348
0.267,0.316,0.68,0.623,0.615,0.064,0.202,0.348
0.267,0.316,0.68,0.623,0.613,0.064,0.202,0.347
0.267,0.316,0.68,0.623,0.614,0.064,0.202,0.347
0.266,0.316,0.68,0.623,0.614,0.064,0.202,0.347
0.266,0.316,0.679,0.622,0.614,0.064,0.202,0.347
0.266,0.315,0.679,0.622,0.613,0.064,0.202,0.347
0.265,0.314,0.677,0.62,0.612,0.064,0.202,0.346
0.265,0.315,0.677,0.62,0.611,0.064,0.202,0.346
0.266,0.315,0.678,0.621,0.612,0.064,0.202,0.346
0.266,0.315,0.678,0.621,0.613,0.064,0.202,0.346
0.266,0.315,0.678,0.621,0.612,0.064,0.202,0.346
0.265,0.314,0.677,0.62,0.611,0.064,0.202,0.346
0.265,0.314,0.676,0.619,0.61,0.063,0.202,0.345
0.264,0.314,0.675,0.618,0.61,0.063,0.202,0.344
0.265,0.314,0.676,0.619,0.61,0.064,0.202,0.345
0.265,0.314,0.677,0.619,0.611,0.063,0.202,0.345
0.265,0.314,0.676,0.619,0.61,0.064,0.202,0.345
0.264,0.314,0.675,0.618,0.61,0.063,0.202,0.345
0.264,0.313,0.674,0.617,0.609,0.063,0.201,0.344
0.263,0.313,0.674,0.616,0.608,0.063,0.201,0.344
0.264,0.314,0.675,0.617,0.609,0.063,0.201,0.344
0.264,0.314,0.675,0.618,0.609,0.064,0.202,0.344
0.264,0.313,0.674,0.617,0.608,0.063,0.202,0.344
0.263,0.313,0.674,0.616,0.608,0.063,0.201,0.344
0.263,0.312,0.672,0.615,0.607,0.063,0.201,0.343
0.263,0.312,0.672,0.615,0.606,0.063,0.201,0.343
0.263,0.313,0.673,0.616,0.607,0.063,0.201,0.343
0.263,0.313,0.673,0.616,0.607,0.063,0.201,0.343
0.263,0.313,0.673,0.615,0.607,0.063,0.201,0.343
0.262,0.312,0.672,0.615,0.606,0.063,0.201,0.343
0.262,0.312,0.671,0.613,0.605,0.063,0.201,0.342
0.262,0.312,0.67,0.613,0.604,0.063,0.201,0.341
0.262,0.312,0.671,0.614,0.605,0.063,0.201,0.342
0.262,0.313,0.672,0.614,0.606,0.063,0.201,0.342
0.262,0.312,0.671,0.614,0.605,0.063,0.201,0.342
0.262,0.312,0.671,0.613,0.604,0.063,0.201,0.342
0.261,0.311,0.669,0.612,0.603,0.063,0.201,0.341
0.261,0.311,0.668,0.611,0.603,0.063,0.2,0.34
0.261,0.312,0.669,0.612,0.603,0.063,0.201,0.341
0.261,0.312,0.67,0.612,0.604,0.063,0.201,0.341
0.261,0.312,0.669,0.612,0.603,0.063,0.201,0.341
0.261,0.311,0.669,0.611,0.603,0.063,0.201,0.341
0.26,0.311,0.667,0.61,0.602,0.063,0.2,0.34
0.26,0.311,0.667,0.61,0.601,0.063,0.2,0.34
0.26,0.311,0.668,0.61,0.601,0.063,0.2,0.34
0.26,0.311,0.669,0.611,0.602,0.063,0.201,0.34
0.26,0.311,0.668,0.61,0.601,0.063,0.201,0.34
0.26,0.311,0.667,0.61,0.601,0.063,0.201,0.34
0.259,0.31,0.666,0.609,0.6,0.063,0.2,0.339
0.259,0.31,0.665,0.608,0.599,0.063,0.2,0.339
0.26,0.31,0.666,0.608,0.6,0.063,0.2,0.339
0.259,0.31,0.667,0.609,0.6,0.063,0.2,0.34
0.259,0.31,0.666,0.609,0.6,0.063,0.2,0.339
0.259,0.31,0.666,0.608,0.599,0.063,0.2,0.339
0.258,0.309,0.665,0.607,0.598,0.063,0.2,0.338
0.259,0.309,0.664,0.606,0.597,0.062,0.2,0.338
0.259,0.309,0.665,0.607,0.598,0.063,0.2,0.338
0.259,0.31,0.665,0.607,0.599,0.063,0.2,0.339
0.258,0.309,0.665,0.607,0.598,0.063,0.2,0.338
0.258,0.309,0.664,0.606,0.598,0.062,0.2,0.338
0.258,0.309,0.663,0.605,0.597,0.062,0.2,0.338
0.257,0.308,0.662,0.604,0.596,0.062,0.2,0.338
0.258,0.309,0.663,0.605,0.597,0.062,0.2,0.338
0.258,0.309,0.663,0.605,0.597,0.063,0.2,0.337
0.257,0.309,0.663,0.605,0.597,0.062,0.2,0.337
0.257,0.309,0.662,0.604,0.596,0.062,0.2,0.337
0.257,0.308,0.662,0.604,0.596,0.062,0.2,0.337
0.257,0.308,0.662,0.604,0.596,0.062,0.2,0.337
0.257,0.308,0.662,0.604,0.596,0.062,0.2,0.337
0.257,0.308,0.661,0.603,0.595,0.062,0.2,0.336
0.257,0.308,0.661,0.603,0.595,0.062,0.199,0.336
0.257,0.308,0.661,0.603,0.595,0.062,0.2,0.336
0.256,0.308,0.661,0.602,0.595,0.062,0.2,0.336
0.256,0.308,0.66,0.602,0.594,0.062,0.199,0.336
0.256,0.308,0.66,0.602,0.594,0.062,0.199,0.336
0.256,0.308,0.66,0.602,0.594,0.062,0.199,0.336
0.256,0.308,0.66,0.601,0.594,0.062,0.199,0.335
0.256,0.307,0.66,0.601,0.593,0.062,0.199,0.335
0.256,0.307,0.659,0.601,0.593,0.062,0.199,0.335
0.256,0.307,0.659,0.601,0.593,0.062,0.199,0.335
0.255,0.307,0.659,0.6,0.593,0.062,0.199,0.335
0.255,0.307,0.658,0.6,0.592,0.062,0.199,0.335
0.255,0.307,0.658,0.6,0.592,0.062,0.199,0.334
0.255,0.307,0.658,0.6,0.592,0.062,0.199,0.334
0.255,0.307,0.658,0.599,0.592,0.062,0.199,0.334
0.255,0.307,0.657,0.599,0.591,0.062,0.199,0.334
0.255,0.306,0.657,0.599,0.591,0.062,0.199,0.334
0.254,0.306,0.657,0.598,0.591,0.062,0.199,0.334
0.254,0.306,0.657,0.598,0.591,0.062,0.199,0.334
0.254,0.306,0.656,0.598,0.59,0.062,0.199,0.333
0.254,0.306,0.656,0.597,0.59,0.062,0.199,0.333
0.254,0.306,0.656,0.597,0.59,0.062,0.199,0.333
0.254,0.306,0.656,0.597,0.59,0.062,0.199,0.333
0.254,0.306,0.655,0.597,0.589,0.062,0.199,0.333
0.253,0.306,0.655,0.596,0.589,0.062,0.199,0.333
0.253,0.305,0.655,0.596,0.589,0.062,0.199,0.333
0.253,0.305,0.655,0.596,0.589,0.062,0.199,0.333
0.253,0.305,0.654,0.596,0.588,0.062,0.199,0.332
0.253,0.305,0.654,0.595,0.588,0.062,0.199,0.332
0.253,0.305,0.654,0.595,0.588,0.062,0.198,0.332
0.253,0.305,0.654,0.595,0.588,0.062,0.199,0.332
0.253,0.305,0.653,0.595,0.588,0.062,0.198,0.332
0.252,0.305,0.653,0.595,0.587,0.062,0.198,0.332
0.252,0.305,0.653,0.594,0.587,0.062,0.198,0.332
0.252,0.305,0.653,0.594,0.587,0.062,0.198,0.332
0.252,0.304,0.652,0.594,0.587,0.062,0.198,0.331
0.252,0.304,0.652,0.593,0.587,0.062,0.198,0.331
0.252,0.304,0.652,0.593,0.586,0.062,0.198,0.331
0.252,0.304,0.652,0.593,0.586,0.062,0.198,0.331
0.252,0.304,0.651,0.593,0.586,0.062,0.198,0.331
0.252,0.304,0.651,0.592,0.585,0.062,0.198,0.331
0.251,0.304,0.651,0.592,0.585,0.062,0.198,0.33
0.251,0.304,0.651,0.592,0.585,0.062,0.198,0.33
0.251,0.304,0.651,0.592,0.585,0.061,0.198,0.33
0.251,0.303,0.65,0.591,0.585,0.062,0.198,0.33
0.251,0.303,0.65,0.591,0.584,0.061,0.198,0.33
0.251,0.303,0.65,0.591,0.584,0.061,0.198,0.33
0.251,0.303,0.649,0.591,0.584,0.062,0.198,0.33
0.25,0.303,0.649,0.59,0.584,0.061,0.198,0.33
0.25,0.303,0.649,0.59,0.583,0.062,0.198,0.329
0.25,0.303,0.649,0.59,0.583,0.062,0.198,0.329
0.25,0.303,0.648,0.59,0.583,0.062,0.198,0.329
0.25,0.303,0.648,0.589,0.583,0.061,0.198,0.329
0.25,0.303,0.648,0.589,0.583,0.061,0.198,0.329
0.25,0.302,0.648,0.589,0.582,0.061,0.198,0.329
0.25,0.303,0.648,0.589,0.582,0.061,0.198,0.329
0.249,0.303,0.647,0.588,0.582,0.062,0.197,0.328
0.249,0.302,0.647,0.588,0.582,0.061,0.198,0.328
0.249,0.302,0.647,0.588,0.581,0.061,0.197,0.328
0.249,0.302,0.646,0.588,0.581,0.061,0.197,0.328
0.249,0.302,0.646,0.587,0.581,0.061,0.197,0.328
0.249,0.302,0.646,0.587,0.581,0.061,0.197,0.328
0.249,0.302,0.646,0.587,0.58,0.061,0.197,0.328
0.249,0.302,0.645,0.587,0.58,0.061,0.197,0.328
0.249,0.302,0.645,0.586,0.58,0.061,0.197,0.328
0.248,0.302,0.645,0.586,0.58,0.061,0.197,0.327
0.248,0.301,0.645,0.586,0.579,0.061,0.197,0.327
0.248,0.301,0.645,0.586,0.579,0.061,0.197,0.327
0.248,0.301,0.644,0.585,0.579,0.061,0.197,0.327
0.248,0.301,0.644,0.585,0.579,0.061,0.197,0.327
0.248,0.301,0.644,0.585,0.579,0.061,0.197,0.327
0.248,0.301,0.644,0.585,0.578,0.061,0.197,0.327
0.247,0.301,0.644,0.584,0.578,0.061,0.197,0.327
0.247,0.301,0.643,0.584,0.578,0.061,0.197,0.326
0.247,0.301,0.643,0.584,0.578,0.061,0.197,0.326
0.247,0.301,0.643,0.584,0.577,0.061,0.197,0.326
0.247,0.301,0.642,0.583,0.577,0.061,0.197,0.326
0.247,0.3,0.642,0.583,0.577,0.061,0.197,0.326
0.247,0.3,0.642,0.583,0.577,0.061,0.197,0.326
0.247,0.3,0.642,0.583,0.576,0.061,0.197,0.326
0.247,0.3,0.642,0.583,0.576,0.061,0.197,0.326
0.247,0.3,0.641,0.582,0.576,0.061,0.197,0.325
0.246,0.3,0.641,0.582,0.576,0.061,0.197,0.325
0.246,0.299,0.641,0.582,0.576,0.061,0.197,0.325
0.246,0.299,0.641,0.582,0.575,0.061,0.197,0.325
0.246,0.299,0.64,0.581,0.575,0.061,0.197,0.325
0.246,0.299,0.64,0.581,0.575,0.061,0.197,0.325
0.246,0.299,0.64,0.581,0.575,0.061,0.197,0.325
0.246,0.299,0.64,0.581,0.575,0.061,0.197,0.324
0.245,0.299,0.639,0.58,0.574,0.061,0.196,0.324
0.245,0.299,0.639,0.58,0.574,0.061,0.196,0.324
0.245,0.299,0.639,0.58,0.574,0.061,0.196,0.324
0.245,0.299,0.639,0.58,0.573,0.061,0.196,0.324
0.245,0.299,0.639,0.579,0.573,0.061,0.196,0.324
0.245,0.299,0.638,0.579,0.573,0.061,0.196,0.324
0.245,0.299,0.638,0.579,0.573,0.061,0.196,0.324
0.245,0.299,0.638,0.579,0.573,0.061,0.196,0.323
0.244,0.299,0.638,0.579,0.573,0.061,0.196,0.323
0.244,0.299,0.638,0.578,0.572,0.061,0.196,0.323
0.244,0.298,0.637,0.578,0.572,0.061,0.196,0.323
0.244,0.298,0.637,0.578,0.572,0.061,0.196,0.323
0.244,0.298,0.637,0.578,0.572,0.061,0.196,0.323
0.244,0.298,0.637,0.578,0.572,0.061,0.196,0.323
0.244,0.298,0.636,0.577,0.571,0.061,0.196,0.323
0.244,0.298,0.636,0.577,0.571,0.061,0.196,0.322
0.244,0.298,0.636,0.577,0.571,0.061,0.196,0.322
0.244,0.298,0.636,0.577,0.571,0.061,0.196,0.322
0.243,0.298,0.635,0.576,0.571,0.061,0.196,0.322
0.243,0.298,0.635,0.576,0.57,0.061,0.196,0.322
0.243,0.298,0.635,0.576,0.57,0.061,0.196,0.322
0.243,0.298,0.635,0.575,0.57,0.061,0.196,0.321
0.243,0.298,0.635,0.575,0.57,0.061,0.196,0.321
0.243,0.298,0.634,0.575,0.569,0.061,0.196,0.321
0.243,0.297,0.634,0.575,0.569,0.06,0.196,0.321
0.243,0.297,0.634,0.575,0.569,0.06,0.196,0.321
0.243,0.297,0.634,0.575,0.569,0.061,0.196,0.321
0.242,0.297,0.633,0.574,0.569,0.061,0.195,0.321
0.242,0.297,0.633,0.574,0.568,0.06,0.195,0.321
0.242,0.297,0.633,0.574,0.568,0.06,0.196,0.321
0.242,0.297,0.633,0.574,0.568,0.06,0.195,0.32
0.242,0.297,0.633,0.573,0.568,0.061,0.195,0.32
0.242,0.297,0.632,0.573,0.568,0.061,0.195,0.32
0.242,0.297,0.632,0.573,0.567,0.06,0.195,0.32
0.242,0.297,0.632,0.573,0.567,0.061,0.195,0.32
0.242,0.297,0.632,0.572,0.567,0.06,0.195,0.32
0.241,0.296,0.631,0.572,0.567,0.06,0.195,0.32
0.241,0.297,0.631,0.572,0.566,0.06,0.195,0.32
0.241,0.296,0.631,0.572,0.566,0.06,0.195,0.319
0.241,0.296,0.631,0.572,0.566,0.06,0.195,0.319
0.241,0.296,0.631,0.571,0.566,0.06,0.195,0.319
0.241,0.296,0.63,0.571,0.566,0.06,0.195,0.319
0.241,0.296,0.63,0.571,0.565,0.06,0.195,0.319
0.241,0.296,0.63,0.571,0.565,0.06,0.195,0.319
0.24,0.296,0.63,0.57,0.565,0.06,0.195,0.319
0.24,0.296,0.63,0.57,0.565,0.06,0.195,0.318
0.24,0.296,0.629,0.57,0.564,0.06,0.195,0.319
0.24,0.296,0.629,0.57,0.564,0.06,0.195,0.318
0.24,0.296,0.629,0.569,0.564,0.06,0.195,0.318
0.24,0.296,0.629,0.569,0.564,0.06,0.195,0.318
0.24,0.295,0.628,0.569,0.564,0.06,0.195,0.318
0.24,0.295,0.628,0.569,0.563,0.06,0.195,0.318
0.24,0.295,0.628,0.569,0.563,0.06,0.195,0.318
0.24,0.295,0.628,0.568,0.563,0.06,0.195,0.318
0.239,0.295,0.627,0.568,0.563,0.06,0.195,0.317
0.239,0.295,0.627,0.568,0.562,0.06,0.195,0.318
0.239,0.295,0.627,0.568,0.562,0.06,0.195,0.317
0.239,0.295,0.627,0.568,0.562,0.06,0.195,0.317
0.239,0.295,0.627,0.567,0.562,0.06,0.195,0.317
0.239,0.295,0.626,0.567,0.562,0.06,0.194,0.317
0.239,0.295,0.626,0.567,0.562,0.06,0.194,0.317
0.239,0.295,0.626,0.567,0.561,0.06,0.194,0.317
0.239,0.295,0.626,0.566,0.561,0.06,0.194,0.317
0.238,0.295,0.626,0.566,0.561,0.06,0.194,0.316
0.238,0.294,0.625,0.566,0.561,0.06,0.194,0.316
0.238,0.294,0.625,0.566,0.56,0.06,0.194,0.316
0.238,0.294,0.625,0.566,0.56,0.06,0.194,0.316
0.238,0.294,0.625,0.565,0.56,0.06,0.194,0.316
0.238,0.294,0.625,0.565,0.56,0.06,0.194,0.316
0.238,0.294,0.624,0.565,0.56,0.06,0.194,0.316
0.238,0.294,0.624,0.565,0.559,0.06,0.194,0.316
0.238,0.294,0.624,0.564,0.559,0.06,0.194,0.315
0.238,0.294,0.624,0.564,0.559,0.06,0.194,0.315
0.237,0.294,0.623,0.564,0.559,0.06,0.194,0.315
0.237,0.294,0.623,0.564,0.559,0.06,0.194,0.315
0.237,0.293,0.623,0.564,0.559,0.06,0.194,0.315
0.237,0.294,0.623,0.563,0.558,0.06,0.194,0.315
0.237,0.293,0.622,0.563,0.558,0.06,0.194,0.315
0.237,0.293,0.622,0.563,0.558,0.06,0.194,0.315
0.237,0.293,0.622,0.563,0.558,0.06,0.194,0.315
0.237,0.293,0.622,0.563,0.558,0.06,0.194,0.315
0.237,0.293,0.622,0.562,0.557,0.06,0.194,0.314
0.237,0.293,0.621,0.562,0.557,0.06,0.194,0.314
0.236,0.293,0.621,0.562,0.557,0.06,0.194,0.314
0.236,0.293,0.621,0.562,0.557,0.06,0.194,0.314
0.236,0.293,0.621,0.562,0.557,0.06,0.194,0.314
0.236,0.293,0.621,0.561,0.556,0.06,0.194,0.314
0.236,0.293,0.62,0.561,0.556,0.06,0.194,0.314
0.236,0.293,0.62,0.561,0.556,0.06,0.194,0.314
0.236,0.293,0.62,0.561,0.556,0.06,0.194,0.314
0.236,0.293,0.62,0.561,0.556,0.06,0.193,0.314
0.236,0.292,0.62,0.56,0.556,0.06,0.193,0.313
0.235,0.292,0.619,0.56,0.555,0.06,0.193,0.313
0.235,0.292,0.619,0.56,0.555,0.06,0.193,0.313
0.235,0.292,0.619,0.56,0.555,0.06,0.193,0.313
0.235,0.292,0.619,0.56,0.555,0.06,0.193,0.313
0.235,0.292,0.618,0.559,0.555,0.06,0.193,0.313
0.235,0.292,0.618,0.559,0.554,0.06,0.193,0.313
0.235,0.292,0.618,0.559,0.554,0.06,0.193,0.313
0.235,0.292,0.618,0.559,0.554,0.06,0.193,0.313
0.235,0.292,0.618,0.559,0.554,0.06,0.193,0.313
0.235,0.292,0.617,0.558,0.553,0.06,0.193,0.312
0.235,0.291,0.617,0.558,0.553,0.06,0.193,0.312
0.234,0.291,0.617,0.558,0.553,0.06,0.193,0.312
0.234,0.291,0.617,0.558,0.553,0.06,0.193,0.312
0.234,0.291,0.617,0.558,0.553,0.06,0.193,0.312
0.234,0.291,0.616,0.557,0.553,0.06,0.193,0.312
0.234,0.291,0.616,0.557,0.552,0.06,0.193,0.312
0.234,0.291,0.616,0.557,0.552,0.06,0.193,0.312
0.234,0.291,0.616,0.557,0.552,0.059,0.193,0.311
0.234,0.291,0.616,0.557,0.552,0.059,0.193,0.311
0.234,0.291,0.615,0.556,0.552,0.06,0.193,0.311
0.233,0.291,0.615,0.556,0.552,0.06,0.193,0.311
0.233,0.29,0.615,0.556,0.551,0.059,0.193,0.311
0.233,0.29,0.615,0.556,0.551,0.059,0.193,0.311
0.233,0.29,0.615,0.556,0.551,0.06,0.193,0.311
0.233,0.29,0.615,0.556,0.551,0.059,0.193,0.311
0.233,0.29,0.614,0.555,0.55,0.059,0.193,0.311
0.233,0.29,0.614,0.555,0.55,0.06,0.193,0.311
0.233,0.29,0.614,0.555,0.55,0.06,0.193,0.31
0.233,0.29,0.613,0.555,0.55,0.059,0.193,0.311
0.232,0.29,0.613,0.555,0.55,0.059,0.192,0.31
0.233,0.29,0.613,0.554,0.55,0.059,0.193,0.31
0.232,0.29,0.613,0.554,0.549,0.059,0.192,0.31
0.232,0.29,0.613,0.554,0.549,0.059,0.192,0.31
0.232,0.289,0.612,0.554,0.549,0.059,0.192,0.31
0.232,0.289,0.612,0.554,0.549,0.059,0.192,0.31
0.232,0.289,0.612,0.554,0.549,0.059,0.192,0.31
0.232,0.289,0.612,0.553,0.548,0.059,0.192,0.31
0.232,0.289,0.612,0.553,0.548,0.059,0.192,0.309
0.232,0.289,0.611,0.553,0.548,0.059,0.192,0.309
0.232,0.289,0.611,0.553,0.548,0.059,0.192,0.309
0.232,0.289,0.611,0.553,0.548,0.06,0.192,0.309
0.231,0.289,0.611,0.552,0.547,0.059,0.192,0.309
0.231,0.289,0.611,0.552,0.547,0.059,0.192,0.309
0.231,0.289,0.611,0.552,0.547,0.059,0.192,0.309
0.231,0.289,0.61,0.552,0.547,0.059,0.192,0.309
0.231,0.288,0.61,0.552,0.547,0.059,0.192,0.309
0.231,0.289,0.61,0.552,0.546,0.059,0.192,0.309
0.231,0.289,0.61,0.551,0.546,0.059,0.192,0.309
0.231,0.288,0.61,0.551,0.546,0.059,0.192,0.309
0.23,0.288,0.609,0.551,0.546,0.059,0.192,0.308
0.231,0.288,0.609,0.551,0.546,0.059,0.192,0.308
0.231,0.288,0.609,0.551,0.545,0.059,0.192,0.308
0.23,0.288,0.609,0.55,0.545,0.059,0.192,0.308
0.23,0.288,0.609,0.55,0.545,0.059,0.192,0.308
0.23,0.288,0.608,0.55,0.545,0.059,0.192,0.308
0.23,0.288,0.608,0.55,0.545,0.059,0.192,0.308
0.23,0.288,0.608,0.55,0.545,0.059,0.192,0.308
0.23,0.288,0.608,0.549,0.544,0.059,0.192,0.307
0.23,0.288,0.608,0.549,0.544,0.059,0.192,0.307
0.23,0.288,0.607,0.549,0.544,0.059,0.192,0.307
0.23,0.287,0.607,0.549,0.544,0.059,0.191,0.307
0.23,0.287,0.607,0.549,0.544,0.059,0.192,0.307
0.229,0.287,0.607,0.548,0.544,0.059,0.191,0.307
0.229,0.287,0.607,0.548,0.543,0.059,0.192,0.307
0.229,0.287,0.606,0.548,0.543,0.059,0.191,0.307
0.229,0.287,0.606,0.548,0.543,0.059,0.191,0.307
0.229,0.287,0.606,0.548,0.543,0.059,0.191,0.307
0.229,0.287,0.606,0.547,0.543,0.059,0.191,0.306
0.229,0.287,0.606,0.547,0.543,0.059,0.191,0.307
0.229,0.287,0.605,0.547,0.542,0.059,0.191,0.306
0.229,0.287,0.605,0.547,0.542,0.059,0.191,0.306
0.228,0.287,0.605,0.547,0.542,0.059,0.191,0.306
0.228,0.287,0.605,0.546,0.542,0.059,0.191,0.306
0.228,0.287,0.605,0.546,0.542,0.059,0.191,0.306
0.228,0.286,0.604,0.546,0.542,0.059,0.191,0.306
0.228,0.286,0.604,0.546,0.541,0.059,0.191,0.306
0.228,0.286,0.604,0.546,0.541,0.059,0.191,0.306
0.228,0.286,0.604,0.546,0.541,0.059,0.191,0.306
0.228,0.286,0.604,0.545,0.541,0.059,0.191,0.306
0.228,0.286,0.603,0.545,0.541,0.059,0.191,0.306
0.228,0.286,0.603,0.545,0.541,0.059,0.191,0.306
0.227,0.286,0.603,0.545,0.54,0.059,0.191,0.305
0.227,0.286,0.603,0.545,0.54,0.059,0.191,0.305
0.228,0.286,0.603,0.545,0.54,0.059,0.191,0.305
0.227,0.286,0.603,0.544,0.54,0.059,0.191,0.305
0.227,0.286,0.602,0.544,0.54,0.059,0.191,0.305
0.227,0.286,0.602,0.544,0.539,0.059,0.191,0.305
0.227,0.286,0.602,0.544,0.539,0.059,0.191,0.305
0.227,0.286,0.602,0.544,0.539,0.059,0.191,0.305
0.227,0.286,0.601,0.543,0.539,0.059,0.191,0.305
0.227,0.286,0.601,0.543,0.539,0.059,0.191,0.305
0.227,0.285,0.601,0.543,0.539,0.059,0.191,0.305
0.227,0.285,0.601,0.543,0.539,0.059,0.191,0.305
0.227,0.285,0.601,0.543,0.538,0.059,0.191,0.304
0.226,0.285,0.601,0.543,0.538,0.059,0.191,0.304
0.226,0.285,0.6,0.542,0.538,0.059,0.191,0.304
0.226,0.285,0.6,0.542,0.538,0.059,0.191,0.304
0.226,0.285,0.6,0.542,0.538,0.059,0.19,0.304
0.226,0.285,0.6,0.542,0.538,0.059,0.191,0.304
0.226,0.285,0.6,0.542,0.537,0.059,0.19,0.304
0.226,0.285,0.599,0.541,0.537,0.059,0.19,0.304
0.226,0.285,0.599,0.541,0.537,0.059,0.19,0.304
0.226,0.285,0.599,0.541,0.537,0.059,0.191,0.304
0.226,0.285,0.599,0.541,0.537,0.059,0.19,0.303
0.226,0.284,0.599,0.541,0.537,0.059,0.19,0.303
0.225,0.284,0.598,0.54,0.536,0.059,0.19,0.303
0.225,0.284,0.598,0.54,0.536,0.059,0.19,0.303
0.225,0.284,0.598,0.54,0.536,0.059,0.19,0.303
0.225,0.284,0.598,0.54,0.536,0.059,0.19,0.303
0.225,0.284,0.598,0.54,0.536,0.059,0.19,0.303
0.225,0.284,0.597,0.54,0.536,0.059,0.19,0.303
0.225,0.284,0.597,0.54,0.535,0.059,0.19,0.303
0.225,0.284,0.597,0.539,0.535,0.059,0.19,0.303
0.225,0.284,0.597,0.539,0.535,0.059,0.19,0.302
0.225,0.284,0.597,0.539,0.535,0.059,0.19,0.302
0.225,0.284,0.596,0.539,0.535,0.059,0.19,0.302
0.225,0.284,0.596,0.539,0.535,0.058,0.19,0.302
0.224,0.284,0.596,0.539,0.534,0.059,0.19,0.302
0.224,0.284,0.596,0.538,0.534,0.058,0.19,0.302
0.224,0.284,0.596,0.538,0.534,0.059,0.19,0.302
0.224,0.284,0.596,0.538,0.534,0.059,0.19,0.302
0.224,0.284,0.595,0.538,0.534,0.058,0.19,0.302
0.224,0.283,0.595,0.538,0.534,0.059,0.19,0.302
0.224,0.283,0.595,0.538,0.534,0.058,0.19,0.301
0.224,0.283,0.595,0.537,0.533,0.059,0.19,0.301
0.224,0.283,0.595,0.537,0.533,0.058,0.19,0.301
0.224,0.283,0.595,0.537,0.533,0.058,0.19,0.301
0.224,0.283,0.594,0.537,0.533,0.058,0.19,0.301
0.223,0.283,0.594,0.537,0.533,0.058,0.19,0.301
0.223,0.283,0.594,0.537,0.533,0.059,0.19,0.301
0.223,0.283,0.594,0.536,0.533,0.058,0.19,0.301
0.223,0.283,0.594,0.536,0.532,0.059,0.19,0.301
0.223,0.283,0.593,0.536,0.532,0.058,0.189,0.3
0.223,0.283,0.593,0.536,0.532,0.058,0.19,0.3
0.223,0.283,0.593,0.536,0.532,0.058,0.189,0.3
0.223,0.282,0.593,0.536,0.532,0.058,0.19,0.3
0.223,0.282,0.593,0.535,0.532,0.058,0.189,0.3
0.223,0.282,0.593,0.535,0.532,0.058,0.189,0.3
0.223,0.282,0.592,0.535,0.531,0.059,0.189,0.3
0.223,0.282,0.592,0.535,0.531,0.058,0.189,0.3
0.222,0.282,0.592,0.535,0.531,0.058,0.189,0.3
0.222,0.282,0.592,0.535,0.531,0.059,0.189,0.299
0.222,0.282,0.592,0.534,0.531,0.058,0.189,0.299
0.222,0.282,0.591,0.534,0.53,0.058,0.189,0.299
0.222,0.282,0.591,0.534,0.53,0.058,0.189,0.299
0.222,0.282,0.591,0.534,0.53,0.058,0.189,0.299
0.222,0.282,0.591,0.534,0.53,0.058,0.189,0.299
0.222,0.282,0.591,0.533,0.53,0.058,0.189,0.299
0.222,0.282,0.591,0.533,0.53,0.058,0.189,0.299
0.222,0.282,0.59,0.533,0.53,0.058,0.189,0.299
0.221,0.282,0.59,0.533,0.53,0.058,0.189,0.299
0.221,0.282,0.59,0.533,0.529,0.058,0.189,0.299
0.221,0.281,0.59,0.533,0.529,0.059,0.189,0.299
0.221,0.281,0.59,0.532,0.529,0.058,0.189,0.298
0.221,0.281,0.589,0.532,0.529,0.058,0.189,0.298
0.221,0.281,0.589,0.532,0.529,0.058,0.189,0.298
0.221,0.281,0.589,0.532,0.529,0.058,0.189,0.298
0.221,0.281,0.589,0.532,0.528,0.058,0.189,0.298
0.221,0.281,0.589,0.532,0.528,0.058,0.189,0.298
0.221,0.281,0.589,0.532,0.528,0.058,0.189,0.298
0.221,0.281,0.588,0.531,0.528,0.058,0.189,0.298
0.221,0.281,0.588,0.531,0.528,0.058,0.189,0.298
0.221,0.281,0.588,0.531,0.528,0.058,0.189,0.297
0.22,0.281,0.588,0.531,0.527,0.058,0.189,0.298
0.221,0.281,0.588,0.531,0.527,0.058,0.189,0.297
0.22,0.281,0.588,0.531,0.527,0.058,0.188,0.297
0.22,0.281,0.587,0.53,0.527,0.058,0.189,0.297
0.22,0.281,0.587,0.53,0.527,0.058,0.189,0.297
0.22,0.281,0.587,0.53,0.527,0.058,0.189,0.297
0.22,0.28,0.587,0.53,0.527,0.058,0.189,0.297
0.22,0.281,0.587,0.53,0.526,0.058,0.189,0.297
0.22,0.28,0.587,0.53,0.526,0.058,0.189,0.297
0.22,0.28,0.586,0.53,0.526,0.058,0.188,0.297
0.22,0.28,0.586,0.529,0.526,0.058,0.188,0.297
0.22,0.28,0.586,0.529,0.526,0.058,0.189,0.297
0.22,0.28,0.586,0.529,0.526,0.058,0.188,0.296
0.219,0.28,0.586,0.529,0.526,0.058,0.188,0.296
0.219,0.28,0.586,0.529,0.525,0.058,0.188,0.296
0.219,0.28,0.585,0.528,0.525,0.058,0.188,0.296
0.219,0.28,0.585,0.528,0.525,0.058,0.188,0.296
0.219,0.28,0.585,0.528,0.525,0.058,0.188,0.296
0.219,0.28,0.585,0.528,0.525,0.058,0.188,0.296
0.219,0.28,0.585,0.528,0.525,0.058,0.188,0.296
0.219,0.28,0.585,0.528,0.525,0.058,0.188,0.296
0.219,0.28,0.584,0.527,0.524,0.058,0.188,0.296
0.219,0.28,0.584,0.527,0.524,0.058,0.188,0.295
0.219,0.279,0.584,0.527,0.524,0.058,0.188,0.296
0.219,0.279,0.584,0.527,0.524,0.058,0.188,0.295
0.218,0.279,0.584,0.527,0.524,0.058,0.188,0.295
0.219,0.279,0.584,0.527,0.524,0.058,0.188,0.295
0.218,0.279,0.583,0.527,0.524,0.058,0.188,0.295
0.218,0.279,0.583,0.526,0.523,0.058,0.188,0.295
0.218,0.279,0.583,0.526,0.523,0.058,0.188,0.295
0.218,0.279,0.583,0.526,0.523,0.058,0.188,0.295
0.218,0.279,0.582,0.526,0.523,0.058,0.188,0.295
0.218,0.279,0.583,0.526,0.523,0.058,0.188,0.295
0.218,0.279,0.582,0.526,0.523,0.058,0.188,0.295
0.218,0.279,0.582,0.525,0.522,0.058,0.188,0.294
0.218,0.278,0.582,0.525,0.522,0.058,0.188,0.294
0.218,0.278,0.582,0.525,0.522,0.058,0.188,0.294
0.218,0.278,0.581,0.525,0.522,0.058,0.188,0.294
0.217,0.278,0.581,0.525,0.522,0.058,0.188,0.294
0.217,0.278,0.581,0.525,0.522,0.058,0.188,0.294
0.217,0.278,0.581,0.524,0.522,0.058,0.188,0.294
0.217,0.278,0.581,0.524,0.522,0.058,0.188,0.294
0.217,0.278,0.581,0.524,0.521,0.058,0.188,0.294
0.217,0.278,0.581,0.524,0.521,0.058,0.187,0.294
0.217,0.278,0.58,0.524,0.521,0.058,0.188,0.294
0.217,0.278,0.58,0.524,0.521,0.058,0.188,0.294
0.217,0.277,0.58,0.523,0.521,0.058,0.187,0.293
0.217,0.278,0.58,0.523,0.521,0.058,0.187,0.293
0.217,0.278,0.58,0.523,0.52,0.058,0.188,0.293
0.217,0.277,0.579,0.523,0.52,0.058,0.187,0.293
0.216,0.277,0.579,0.523,0.52,0.058,0.187,0.293
0.216,0.277,0.579,0.523,0.52,0.058,0.187,0.293
0.216,0.277,0.579,0.522,0.52,0.058,0.187,0.293
0.216,0.277,0.579,0.522,0.52,0.058,0.187,0.293
0.216,0.277,0.579,0.522,0.52,0.058,0.187,0.293
0.216,0.277,0.578,0.522,0.519,0.058,0.187,0.293
0.216,0.277,0.578,0.522,0.52,0.058,0.187,0.293
0.216,0.277,0.578,0.522,0.519,0.058,0.187,0.293
0.216,0.277,0.578,0.522,0.519,0.058,0.187,0.292
0.216,0.277,0.578,0.521,0.519,0.058,0.187,0.292
0.216,0.277,0.577,0.521,0.519,0.058,0.187,0.292
0.216,0.276,0.578,0.521,0.519,0.058,0.187,0.292
0.216,0.276,0.577,0.521,0.519,0.058,0.187,0.292
0.215,0.276,0.577,0.521,0.519,0.058,0.187,0.292
0.215,0.276,0.577,0.521,0.518,0.058,0.187,0.292
0.215,0.276,0.577,0.52,0.518,0.058,0.187,0.292
0.215,0.276,0.577,0.521,0.518,0.058,0.187,0.292
0.215,0.276,0.576,0.52,0.518,0.058,0.187,0.292
0.215,0.276,0.576,0.52,0.518,0.058,0.187,0.292
0.215,0.276,0.576,0.52,0.518,0.058,0.187,0.292
0.215,0.276,0.576,0.52,0.518,0.058,0.187,0.292
0.215,0.276,0.576,0.52,0.518,0.058,0.187,0.291
0.215,0.276,0.576,0.52,0.517,0.058,0.187,0.291
0.215,0.276,0.576,0.52,0.517,0.058,0.187,0.291
0.215,0.276,0.575,0.519,0.517,0.058,0.187,0.291
0.215,0.276,0.575,0.519,0.517,0.058,0.187,0.291
0.215,0.276,0.575,0.519,0.517,0.058,0.187,0.291
0.214,0.276,0.575,0.519,0.517,0.058,0.187,0.291
0.214,0.276,0.575,0.519,0.517,0.058,0.187,0.291
0.214,0.276,0.574,0.519,0.516,0.058,0.187,0.291
0.214,0.276,0.574,0.519,0.516,0.058,0.187,0.291
0.214,0.276,0.574,0.518,0.516,0.058,0.187,0.291
0.214,0.275,0.574,0.517,0.516,0.058,0.186,0.29
0.214,0.276,0.574,0.519,0.516,0.058,0.187,0.291
0.214,0.276,0.574,0.518,0.516,0.058,0.187,0.291
0.214,0.275,0.574,0.518,0.516,0.058,0.187,0.291
0.214,0.275,0.572,0.517,0.515,0.058,0.186,0.29
0.213,0.275,0.572,0.517,0.514,0.057,0.186,0.29
0.214,0.275,0.573,0.517,0.515,0.058,0.186,0.29
0.214,0.275,0.573,0.518,0.515,0.057,0.186,0.29
0.214,0.275,0.573,0.517,0.515,0.058,0.186,0.29
0.213,0.275,0.573,0.517,0.515,0.058,0.187,0.29
0.213,0.274,0.571,0.516,0.514,0.058,0.186,0.29
0.213,0.274,0.571,0.515,0.513,0.058,0.186,0.289
0.213,0.275,0.572,0.516,0.514,0.057,0.186,0.289
0.213,0.275,0.572,0.517,0.515,0.058,0.186,0.29
0.213,0.275,0.572,0.516,0.514,0.057,0.186,0.29
0.213,0.275,0.572,0.516,0.514,0.057,0.186,0.29
0.213,0.274,0.57,0.515,0.513,0.057,0.186,0.289
0.212,0.274,0.57,0.514,0.512,0.057,0.186,0.289
0.213,0.274,0.571,0.515,0.513,0.057,0.186,0.289
0.213,0.275,0.571,0.516,0.514,0.058,0.186,0.29
0.213,0.274,0.571,0.516,0.513,0.058,0.186,0.289
0.213,0.274,0.571,0.515,0.513,0.058,0.186,0.289
0.212,0.274,0.57,0.514,0.512,0.057,0.186,0.289
0.212,0.273,0.569,0.514,0.511,0.057,0.186,0.289
0.213,0.274,0.57,0.514,0.512,0.057,0.186,0.288
0.213,0.274,0.57,0.515,0.513,0.057,0.186,0.289
0.212,0.274,0.57,0.515,0.512,0.057,0.186,0.289
0.212,0.274,0.57,0.514,0.512,0.057,0.186,0.289
0.212,0.274,0.569,0.514,0.511,0.057,0.186,0.289
0.212,0.273,0.568,0.513,0.511,0.057,0.185,0.288
0.212,0.274,0.569,0.514,0.511,0.057,0.185,0.288
0.212,0.274,0.569,0.514,0.512,0.057,0.186,0.289
0.212,0.274,0.569,0.514,0.512,0.057,0.186,0.289
0.212,0.274,0.569,0.514,0.511,0.057,0.186,0.288
0.211,0.273,0.568,0.513,0.511,0.057,0.186,0.288
0.211,0.273,0.567,0.512,0.51,0.057,0.185,0.287
0.212,0.274,0.568,0.513,0.51,0.057,0.185,0.288
0.212,0.274,0.568,0.513,0.511,0.057,0.186,0.288
0.211,0.274,0.568,0.513,0.511,0.057,0.186,0.288
0.211,0.274,0.568,0.513,0.511,0.057,0.186,0.288
0.211,0.273,0.567,0.512,0.51,0.058,0.185,0.287
0.211,0.273,0.566,0.511,0.509,0.057,0.185,0.287
0.211,0.274,0.567,0.512,0.51,0.057,0.185,0.287
0.211,0.274,0.568,0.513,0.51,0.058,0.185,0.288
0.211,0.274,0.567,0.512,0.51,0.057,0.186,0.287
0.211,0.274,0.567,0.512,0.51,0.057,0.185,0.287
0.21,0.273,0.566,0.511,0.509,0.057,0.185,0.287
0.21,0.274,0.565,0.51,0.509,0.057,0.185,0.287
0.211,0.274,0.566,0.511,0.509,0.057,0.185,0.286
0.211,0.274,0.567,0.512,0.51,0.057,0.185,0.287
0.211,0.274,0.566,0.512,0.51,0.057,0.185,0.287
0.211,0.274,0.566,0.511,0.509,0.057,0.185,0.287
0.21,0.274,0.565,0.51,0.509,0.057,0.185,0.287
0.21,0.273,0.564,0.51,0.508,0.057,0.185,0.286
0.21,0.274,0.565,0.51,0.508,0.057,0.185,0.286
0.211,0.274,0.566,0.511,0.509,0.057,0.185,0.287
0.21,0.274,0.565,0.511,0.509,0.057,0.185,0.287
0.21,0.274,0.565,0.51,0.509,0.057,0.185,0.287
0.21,0.274,0.564,0.51,0.508,0.057,0.185,0.286
0.21,0.273,0.564,0.509,0.507,0.057,0.185,0.286
0.21,0.274,0.564,0.509,0.508,0.057,0.185,0.286
0.21,0.274,0.564,0.51,0.508,0.057,0.185,0.286
0.21,0.274,0.564,0.51,0.508,0.057,0.185,0.286
0.21,0.274,0.564,0.51,0.508,0.057,0.185,0.286
0.21,0.274,0.564,0.509,0.508,0.057,0.185,0.286
0.21,0.274,0.564,0.509,0.508,0.057,0.185,0.286
0.21,0.274,0.564,0.509,0.508,0.057,0.185,0.286
0.21,0.274,0.563,0.509,0.508,0.057,0.185,0.286
0.209,0.274,0.563,0.509,0.508,0.057,0.185,0.286
0.209,0.274,0.563,0.509,0.508,0.057,0.184,0.286
0.209,0.274,0.563,0.509,0.508,0.057,0.185,0.286
0.209,0.274,0.563,0.509,0.508,0.057,0.185,0.286
0.209,0.274,0.563,0.509,0.508,0.057,0.185,0.286
0.209,0.275,0.563,0.509,0.508,0.057,0.184,0.286
0.209,0.275,0.562,0.509,0.508,0.057,0.184,0.286
0.209,0.275,0.562,0.509,0.508,0.057,0.184,0.286
0.209,0.275,0.562,0.509,0.508,0.057,0.184,0.286
0.209,0.275,0.562,0.509,0.508,0.057,0.184,0.286
0.209,0.275,0.562,0.509,0.508,0.057,0.184,0.286
0.209,0.275,0.562,0.509,0.507,0.057,0.184,0.286
0.209,0.275,0.562,0.508,0.507,0.057,0.184,0.286
0.209,0.275,0.561,0.509,0.507,0.057,0.184,0.286
0.209,0.275,0.561,0.508,0.507,0.057,0.184,0.286
0.209,0.275,0.561,0.509,0.507,0.057,0.184,0.286
0.208,0.275,0.561,0.509,0.507,0.057,0.184,0.285
0.208,0.275,0.561,0.508,0.507,0.057,0.184,0.285
0.208,0.275,0.561,0.508,0.507,0.057,0.184,0.286
0.208,0.275,0.561,0.508,0.507,0.057,0.184,0.285
0.208,0.275,0.561,0.508,0.507,0.057,0.184,0.286
0.208,0.275,0.56,0.508,0.507,0.057,0.184,0.285
0.208,0.275,0.56,0.508,0.507,0.057,0.184,0.285
0.208,0.275,0.56,0.508,0.507,0.057,0.184,0.285
0.208,0.275,0.56,0.508,0.507,0.057,0.184,0.285
0.208,0.275,0.56,0.508,0.507,0.057,0.184,0.286
0.208,0.275,0.56,0.508,0.507,0.057,0.184,0.285
0.208,0.275,0.56,0.508,0.507,0.057,0.184,0.285
0.208,0.275,0.56,0.508,0.507,0.057,0.184,0.285
0.208,0.275,0.56,0.508,0.507,0.057,0.184,0.285
0.208,0.276,0.559,0.508,0.507,0.057,0.184,0.285
0.208,0.275,0.559,0.508,0.507,0.057,0.184,0.285
0.208,0.276,0.559,0.508,0.507,0.057,0.184,0.285
0.208,0.276,0.559,0.508,0.507,0.057,0.184,0.285
0.208,0.276,0.559,0.508,0.507,0.057,0.184,0.285
0.208,0.276,0.559,0.508,0.507,0.057,0.184,0.285
0.207,0.276,0.559,0.508,0.507,0.057,0.184,0.285
0.207,0.276,0.558,0.508,0.507,0.057,0.184,0.285
0.207,0.276,0.559,0.508,0.507,0.057,0.183,0.285
0.207,0.276,0.558,0.508,0.507,0.057,0.183,0.285
0.207,0.276,0.558,0.508,0.507,0.057,0.183,0.285
0.207,0.276,0.558,0.508,0.507,0.057,0.183,0.285
0.207,0.276,0.558,0.508,0.507,0.057,0.183,0.285
0.207,0.276,0.558,0.508,0.507,0.057,0.183,0.285
0.207,0.276,0.558,0.508,0.507,0.057,0.183,0.285
0.207,0.276,0.557,0.508,0.507,0.057,0.183,0.285
0.207,0.276,0.557,0.508,0.507,0.057,0.183,0.285
0.207,0.276,0.557,0.508,0.507,0.057,0.183,0.285
0.207,0.276,0.557,0.507,0.507,0.057,0.183,0.285
0.207,0.276,0.557,0.507,0.507,0.057,0.183,0.285
0.207,0.276,0.557,0.508,0.507,0.057,0.183,0.285
0.207,0.277,0.557,0.507,0.507,0.057,0.183,0.285
0.207,0.277,0.557,0.507,0.507,0.058,0.183,0.285
0.207,0.277,0.557,0.507,0.506,0.057,0.183,0.285
0.207,0.276,0.556,0.507,0.506,0.057,0.183,0.285
0.207,0.277,0.556,0.507,0.506,0.057,0.183,0.285
0.207,0.277,0.556,0.507,0.506,0.057,0.183,0.285
0.207,0.277,0.556,0.507,0.506,0.057,0.183,0.285
0.206,0.277,0.556,0.507,0.506,0.057,0.183,0.285
0.206,0.277,0.556,0.507,0.506,0.057,0.183,0.285
0.206,0.277,0.556,0.507,0.506,0.057,0.183,0.285
0.206,0.277,0.556,0.507,0.506,0.057,0.183,0.285
0.206,0.277,0.556,0.507,0.506,0.057,0.183,0.285
0.206,0.277,0.555,0.507,0.506,0.058,0.183,0.285
0.206,0.277,0.555,0.507,0.506,0.057,0.183,0.285
0.206,0.277,0.555,0.507,0.506,0.057,0.183,0.285
0.206,0.277,0.555,0.507,0.506,0.058,0.183,0.285
0.206,0.277,0.555,0.507,0.506,0.057,0.183,0.285
0.206,0.277,0.555,0.507,0.506,0.057,0.183,0.285
0.206,0.277,0.555,0.507,0.506,0.057,0.183,0.285
0.206,0.277,0.554,0.507,0.506,0.057,0.183,0.285
0.206,0.277,0.554,0.507,0.506,0.058,0.183,0.285
0.206,0.277,0.554,0.507,0.506,0.057,0.183,0.285
0.206,0.277,0.554,0.507,0.506,0.058,0.183,0.285
0.206,0.277,0.554,0.507,0.506,0.057,0.183,0.285
0.206,0.277,0.554,0.507,0.506,0.057,0.182,0.285
0.206,0.277,0.554,0.507,0.506,0.057,0.183,0.285
0.206,0.277,0.554,0.507,0.506,0.057,0.182,0.285
0.206,0.277,0.554,0.507,0.506,0.057,0.182,0.285
0.205,0.277,0.553,0.507,0.506,0.057,0.182,0.285
0.205,0.277,0.553,0.507,0.506,0.057,0.182,0.285
0.205,0.277,0.553,0.507,0.506,0.058,0.182,0.285
0.205,0.277,0.553,0.507,0.506,0.057,0.182,0.285
0.206,0.277,0.553,0.507,0.506,0.058,0.182,0.285
0.205,0.277,0.553,0.507,0.506,0.057,0.182,0.285
0.205,0.277,0.553,0.507,0.506,0.058,0.182,0.285
0.205,0.277,0.553,0.507,0.506,0.057,0.182,0.285
0.205,0.277,0.553,0.506,0.506,0.058,0.182,0.285
0.205,0.277,0.552,0.506,0.506,0.058,0.182,0.285
0.205,0.277,0.552,0.506,0.506,0.058,0.182,0.285
0.205,0.277,0.552,0.506,0.506,0.058,0.182,0.285
0.205,0.277,0.552,0.506,0.506,0.058,0.182,0.285
0.205,0.277,0.552,0.506,0.506,0.058,0.182,0.285
0.205,0.277,0.552,0.506,0.506,0.058,0.182,0.285
0.205,0.277,0.552,0.506,0.506,0.057,0.182,0.285
0.205,0.277,0.551,0.506,0.506,0.058,0.182,0.285
0.205,0.277,0.551,0.506,0.506,0.058,0.182,0.285
0.205,0.277,0.551,0.506,0.506,0.058,0.182,0.285
0.205,0.277,0.551,0.506,0.506,0.058,0.182,0.285
0.205,0.277,0.551,0.506,0.506,0.058,0.182,0.285
0.205,0.277,0.551,0.506,0.506,0.058,0.182,0.285
0.205,0.277,0.551,0.506,0.506,0.058,0.182,0.285
0.205,0.277,0.551,0.506,0.506,0.057,0.182,0.285
0.204,0.277,0.55,0.506,0.506,0.058,0.182,0.285
0.205,0.277,0.55,0.506,0.506,0.058,0.182,0.285
0.204,0.277,0.55,0.506,0.506,0.058,0.182,0.285
0.205,0.277,0.55,0.506,0.506,0.058,0.182,0.285
0.205,0.277,0.55,0.506,0.506,0.058,0.182,0.285
0.204,0.277,0.55,0.506,0.506,0.058,0.182,0.285
0.204,0.277,0.55,0.506,0.506,0.058,0.182,0.285
0.204,0.277,0.55,0.506,0.506,0.058,0.182,0.285
0.204,0.277,0.55,0.506,0.506,0.058,0.182,0.285
0.204,0.277,0.55,0.506,0.506,0.058,0.182,0.285
0.204,0.277,0.549,0.506,0.506,0.058,0.181,0.285
0.204,0.277,0.549,0.506,0.506,0.058,0.182,0.285
0.204,0.277,0.549,0.506,0.506,0.058,0.182,0.285
0.204,0.278,0.549,0.506,0.506,0.058,0.181,0.284
0.204,0.277,0.549,0.506,0.506,0.058,0.181,0.285
0.204,0.278,0.549,0.506,0.506,0.058,0.181,0.284
0.204,0.278,0.549,0.506,0.506,0.058,0.181,0.284
0.204,0.278,0.549,0.506,0.506,0.058,0.181,0.285
0.204,0.278,0.549,0.506,0.506,0.057,0.181,0.285
0.204,0.278,0.548,0.506,0.506,0.058,0.181,0.284
0.204,0.278,0.548,0.506,0.506,0.058,0.181,0.284
0.204,0.278,0.548,0.506,0.506,0.058,0.181,0.284
0.204,0.277,0.548,0.506,0.506,0.058,0.181,0.284
0.204,0.278,0.548,0.506,0.506,0.058,0.181,0.284
0.204,0.278,0.548,0.506,0.506,0.058,0.181,0.284
0.204,0.278,0.548,0.506,0.506,0.058,0.181,0.284
0.204,0.278,0.548,0.506,0.506,0.058,0.181,0.284
0.204,0.278,0.548,0.506,0.506,0.058,0.181,0.284
0.204,0.278,0.548,0.506,0.506,0.058,0.181,0.284
0.204,0.278,0.548,0.506,0.506,0.058,0.181,0.284
0.204,0.278,0.548,0.506,0.506,0.058,0.181,0.284
0.204,0.278,0.548,0.506,0.506,0.058,0.181,0.284
0.204,0.278,0.548,0.506,0.506,0.058,0.181,0.284
0.204,0.278,0.548,0.506,0.506,0.058,0.181,0.284
0.204,0.278,0.548,0.506,0.506,0.058,0.181,0.284
0.204,0.278,0.548,0.506,0.506,0.058,0.181,0.284
0.204,0.278,0.548,0.506,0.506,0.058,0.181,0.284
0.204,0.278,0.548,0.506,0.506,0.058,0.181,0.284
0.204,0.278,0.548,0.506,0.506,0.058,0.181,0.284
0.204,0.278,0.548,0.506,0.506,0.058,0.181,0.284
0.204,0.278,0.548,0.506,0.506,0.058,0.181,0.284
0.204,0.278,0.548,0.506,0.506,0.058,0.181,0.284
0.204,0.278,0.548,0.506,0.506,0.058,0.181,0.284
0.204,0.278,0.548,0.506,0.506,0.058,0.181,0.284
0.204,0.278,0.548,0.506,0.506,0.058,0.181,0.284
0.204,0.278,0.548,0.506,0.506,0.058,0.181,0.284
0.204,0.278,0.548,0.506,0.506,0.058,0.181,0.284
0.204,0.278,0.548,0.506,0.506,0.058,0.181,0.284
0.204,0.278,0.548,0.506,0.506,0.058,0.181,0.284
0.204,0.278,0.548,0.506,0.506,0.058,0.181,0.284
0.204,0.278,0.548,0.506,0.506,0.058,0.181,0.284
0.204,0.278,0.548,0.506,0.506,0.058,0.181,0.284
0.204,0.278,0.548,0.506,0.506,0.058,0.181,0.284
0.204,0.278,0.548,0.506,0.506,0.058,0.181,0.284
0.204,0.278,0.548,0.506,0.506,0.058,0.181,0.284
0.204,0.278,0.548,0.506,0.506,0.058,0.181,0.284
0.204,0.278,0.548,0.506,0.506,0.058,0.181,0.284
0.204,0.278,0.548,0.506,0.506,0.058,0.181,0.284
0.204,0.278,0.548,0.506,0.506,0.058,0.181,0.284
0.204,0.278,0.548,0.506,0.506,0.058,0.181,0.284
0.204,0.278,0.548,0.506,0.506,0.058,0.181,0.284
0.204,0.278,0.548,0.506,0.506,0.058,0.181,0.284
0.204,0.278,0.548,0.506,0.506,0.058,0.181,0.284
0.204,0.278,0.548,0.506,0.506,0.058,0.181,0.284
0.204,0.278,0.548,0.506,0.506,0.058,0.181,0.284
0.204,0.278,0.548,0.506,0.506,0.058,0.181,0.284
0.204,0.278,0.548,0.506,0.506,0.058,0.181,0.284
0.204,0.278,0.548,0.506,0.506,0.058,0.181,0.284
0.204,0.278,0.548,0.506,0.506,0.058,0.181,0.284
0.204,0.278,0.548,0.506,0.506,0.058,0.181,0.284
0.204,0.278,0.548,0.506,0.506,0.058,0.181,0.284
0.204,0.278,0.548,0.506,0.506,0.058,0.181,0.284
0.204,0.278,0.548,0.506,0.506,0.058,0.181,0.284
0.204,0.278,0.548,0.506,0.506,0.058,0.181,0.284
0.204,0.278,0.548,0.506,0.506,0.058,0.181,0.284
0.204,0.278,0.548,0.506,0.506,0.058,0.181,0.284
0.204,0.278,0.548,0.506,0.506,0.058,0.181,0.284
0.204,0.278,0.548,0.506,0.506,0.058,0.181,0.284
0.204,0.278,0.548,0.506,0.506,0.058,0.181,0.284
0.204,0.278,0.548,0.506,0.506,0.058,0.181,0.284
0.204,0.278,0.548,0.506,0.506,0.058,0.181,0.284
0.204,0.278,0.548,0.506,0.506,0.058,0.181,0.284
0.204,0.278,0.548,0.506,0.506,0.058,0.181,0.284
0.204,0.278,0.548,0.506,0.506,0.058,0.181,0.284
0.204,0.278,0.548,0.506,0.506,0.058,0.181,0.284
0.204,0.278,0.548,0.506,0.506,0.058,0.181,0.284
0.204,0.278,0.548,0.506,0.506,0.058,0.181,0.284
0.204,0.278,0.548,0.506,0.506,0.058,0.181,0.284
0.204,0.278,0.548,0.506,0.506,0.058,0.181,0.284
0.204,0.278,0.548,0.506,0.506,0.058,0.181,0.284
0.204,0.278,0.548,0.506,0.506,0.058,0.181,0.284
0.204,0.278,0.548,0.506,0.506,0.058,0.181,0.284
0.204,0.278,0.548,0.506,0.506,0.058,0.181,0.284
0.204,0.278,0.548,0.506,0.506,0.058,0.181,0.284
0.204,0.278,0.548,0.506,0.506,0.058,0.181,0.284
0.204,0.278,0.548,0.506,0.506,0.058,0.181,0.284
0.204,0.278,0.548,0.506,0.506,0.058,0.181,0.284
0.204,0.278,0.548,0.506,0.506,0.058,0.181,0.284
0.204,0.278,0.548,0.506,0.506,0.058,0.181,0.284
0.204,0.278,0.548,0.506,0.506,0.058,0.181,0.284
0.204,0.278,0.548,0.506,0.506,0.058,0.181,0.284
0.204,0.278,0.548,0.506,0.506,0.058,0.181,0.284
0.204,0.278,0.548,0.506,0.506,0.058,0.181,0.284
0.204,0.278,0.548,0.506,0.506,0.058,0.181,0.284
0.204,0.278,0.548,0.506,0.506,0.058,0.181,0.284
0.204,0.278,0.548,0.506,0.506,0.058,0.181,0.284
0.204,0.278,0.548,0.506,0.506,0.058,0.181,0.284
0.204,0.278,0.548,0.506,0.506,0.058,0.181,0.284
0.204,0.278,0.548,0.506,0.506,0.058,0.181,0.284
0.204,0.278,0.548,0.506,0.506,0.058,0.181,0.284
0.204,0.278,0.548,0.506,0.506,0.058,0.181,0.284
0.204,0.278,0.548,0.506,0.506,0.058,0.181,0.284
0.204,0.278,0.548,0.506,0.506,0.058,0.181,0.284
0.204,0.278,0.548,0.506,0.506,0.058,0.181,0.284
0.204,0.278,0.548,0.506,0.506,0.058,0.181,0.284
0.204,0.278,0.548,0.506,0.506,0.058,0.181,0.284
0.204,0.278,0.548,0.506,0.506,0.058,0.181,0.284
0.204,0.278,0.548,0.506,0.506,0.058,0.181,0.284
0.204,0.278,0.548,0.506,0.506,0.058,0.181,0.284
0.204,0.278,0.548,0.506,0.506,0.058,0.181,0.284
0.204,0.278,0.548,0.506,0.506,0.058,0.181,0.284
0.204,0.278,0.548,0.506,0.506,0.058,0.181,0.284
0.204,0.278,0.548,0.506,0.506,0.058,0.181,0.284
0.204,0.278,0.548,0.506,0.506,0.058,0.181,0.284
0.204,0.278,0.548,0.506,0.506,0.058,0.181,0.284
0.204,0.278,0.548,0.506,0.506,0.058,0.181,0.284
0.204,0.278,0.548,0.506,0.506,0.058,0.181,0.284
0.204,0.278,0.548,0.506,0.506,0.058,0.181,0.284
0.204,0.278,0.548,0.506,0.506,0.058,0.181,0.284
0.204,0.278,0.548,0.506,0.506,0.058,0.181,0.284
0.204,0.278,0.548,0.506,0.506,0.058,0.181,0.284
0.204,0.278,0.548,0.506,0.506,0.058,0.181,0.284
0.204,0.278,0.548,0.506,0.506,0.058,0.181,0.284
0.204,0.278,0.548,0.506,0.506,0.058,0.181,0.284
0.204,0.278,0.548,0.506,0.506,0.058,0.181,0.284
0.204,0.278,0.548,0.506,0.506,0.058,0.181,0.284
0.204,0.278,0.548,0.506,0.506,0.058,0.181,0.284
0.204,0.278,0.548,0.506,0.506,0.058,0.181,0.284
0.204,0.278,0.548,0.506,0.506,0.058,0.181,0.284
0.204,0.278,0.548,0.506,0.506,0.058,0.181,0.284
0.204,0.278,0.548,0.506,0.506,0.058,0.181,0.284
0.204,0.278,0.548,0.506,0.506,0.058,0.181,0.284
0.204,0.278,0.548,0.506,0.506,0.058,0.181,0.284
0.204,0.278,0.548,0.506,0.506,0.058,0.181,0.284
0.204,0.278,0.548,0.506,0.506,0.058,0.181,0.284
0.204,0.278,0.548,0.506,0.506,0.058,0.181,0.284
0.204,0.278,0.548,0.506,0.506,0.058,0.181,0.284
0.204,0.278,0.548,0.506,0.506,0.058,0.181,0.284
0.204,0.278,0.548,0.506,0.506,0.058,0.181,0.284
0.204,0.278,0.548,0.506,0.506,0.058,0.181,0.284
0.204,0.278,0.548,0.506,0.506,0.058,0.181,0.284
0.204,0.278,0.548,0.506,0.506,0.058,0.181,0.284
0.204,0.278,0.548,0.506,0.506,0.058,0.181,0.284
0.204,0.278,0.548,0.506,0.506,0.058,0.181,0.284
0.204,0.278,0.548,0.506,0.506,0.058,0.181,0.284
0.204,0.278,0.548,0.506,0.506,0.058,0.181,0.284
0.204,0.278,0.548,0.506,0.506,0.058,0.181,0.284
0.204,0.278,0.548,0.506,0.506,0.058,0.181,0.284
0.204,0.278,0.548,0.506,0.506,0.058,0.181,0.284
0.204,0.278,0.548,0.506,0.506,0.058,0.181,0.284
0.204,0.278,0.548,0.506,0.506,0.058,0.181,0.284
0.204,0.278,0.548,0.506,0.506,0.058,0.181,0.284
0.204,0.278,0.548,0.506,0.506,0.058,0.181,0.284
0.204,0.278,0.548,0.506,0.506,0.058,0.181,0.284
0.204,0.278,0.548,0.506,0.506,0.058,0.181,0.284
0.204,0.278,0.548,0.506,0.506,0.058,0.181,0.284
0.204,0.278,0.548,0.506,0.506,0.058,0.181,0.284
0.204,0.278,0.548,0.506,0.506,0.058,0.181,0.284
0.204,0.278,0.548,0.506,0.506,0.058,0.181,0.284
0.204,0.278,0.548,0.506,0.506,0.058,0.181,0.284
0.204,0.278,0.548,0.506,0.506,0.058,0.181,0.284
0.204,0.278,0.548,0.506,0.506,0.058,0.181,0.284
0.204,0.278,0.548,0.506,0.506,0.058,0.181,0.284
0.204,0.278,0.548,0.506,0.506,0.058,0.181,0.284
0.204,0.278,0.548,0.506,0.506,0.058,0.181,0.284
0.204,0.278,0.548,0.506,0.506,0.058,0.181,0.284
0.204,0.278,0.548,0.506,0.506,0.058,0.181,0.284
0.204,0.278,0.548,0.506,0.506,0.058,0.181,0.284
0.204,0.278,0.548,0.506,0.506,0.058,0.181,0.284
0.204,0.278,0.548,0.506,0.506,0.058,0.181,0.284
0.204,0.278,0.548,0.506,0.506,0.058,0.181,0.284
0.204,0.278,0.548,0.506,0.506,0.058,0.181,0.284
0.204,0.278,0.548,0.506,0.506,0.058,0.181,0.284
0.204,0.278,0.548,0.506,0.506,0.058,0.181,0.284
0.204,0.278,0.548,0.506,0.506,0.058,0.181,0.284
0.204,0.278,0.548,0.506,0.506,0.058,0.181,0.284
0.204,0.278,0.548,0.506,0.506,0.058,0.181,0.284
0.204,0.278,0.548,0.506,0.506,0.058,0.181,0.284
0.204,0.278,0.548,0.506,0.506,0.058,0.181,0.284
0.204,0.278,0.548,0.506,0.506,0.058,0.181,0.284
0.204,0.278,0.548,0.506,0.506,0.058,0.181,0.284
0.204,0.278,0.548,0.506,0.506,0.058,0.181,0.284
0.204,0.278,0.548,0.506,0.506,0.058,0.181,0.284
0.204,0.278,0.548,0.506,0.506,0.058,0.181,0.284
0.204,0.278,0.548,0.506,0.506,0.058,0.181,0.284
0.204,0.278,0.548,0.506,0.506,0.058,0.181,0.284
0.204,0.278,0.548,0.506,0.506,0.058,0.181,0.284
0.204,0.278,0.548,0.506,0.506,0.058,0.181,0.284
0.204,0.278,0.548,0.506,0.506,0.058,0.181,0.284
0.204,0.278,0.548,0.506,0.506,0.058,0.181,0.284
0.204,0.278,0.548,0.506,0.506,0.058,0.181,0.284
0.204,0.278,0.548,0.506,0.506,0.058,0.181,0.284
0.204,0.278,0.548,0.506,0.506,0.058,0.181,0.284
0.204,0.278,0.548,0.506,0.506,0.058,0.181,0.284
0.204,0.278,0.548,0.506,0.506,0.058,0.181,0.284
0.204,0.278,0.548,0.506,0.506,0.058,0.181,0.284
0.204,0.278,0.548,0.506,0.506,0.058,0.181,0.284
0.204,0.278,0.548,0.506,0.506,0.058,0.181,0.284
0.204,0.278,0.548,0.506,0.506,0.058,0.181,0.284
0.204,0.278,0.548,0.506,0.506,0.058,0.181,0.284
0.204,0.278,0.548,0.506,0.506,0.058,0.181,0.284
0.204,0.278,0.548,0.506,0.506,0.058,0.181,0.284
0.204,0.278,0.548,0.506,0.506,0.058,0.181,0.284
0.204,0.278,0.548,0.506,0.506,0.058,0.181,0.284
0.204,0.278,0.548,0.506,0.506,0.058,0.181,0.284
0.204,0.278,0.548,0.506,0.506,0.058,0.181,0.284
0.204,0.278,0.548,0.506,0.506,0.058,0.181,0.284
0.204,0.278,0.548,0.506,0.506,0.058,0.181,0.284
0.204,0.278,0.548,0.506,0.506,0.058,0.181,0.284
0.204,0.278,0.548,0.506,0.506,0.058,0.181,0.284
0.204,0.278,0.548,0.506,0.506,0.058,0.181,0.284
0.204,0.278,0.548,0.506,0.506,0.058,0.181,0.284
0.204,0.278,0.548,0.506,0.506,0.058,0.181,0.284
0.204,0.278,0.548,0.506,0.506,0.058,0.181,0.284
0.204,0.278,0.548,0.506,0.506,0.058,0.181,0.284
0.204,0.278,0.548,0.506,0.506,0.058,0.181,0.284
0.204,0.278,0.548,0.506,0.506,0.058,0.181,0.284
0.204,0.278,0.548,0.506,0.506,0.058,0.181,0.284
0.204,0.278,0.548,0.506,0.506,0.058,0.181,0.284
0.204,0.278,0.548,0.506,0.506,0.058,0.181,0.284
0.204,0.278,0.548,0.506,0.506,0.058,0.181,0.284
0.204,0.278,0.548,0.506,0.506,0.058,0.181,0.284
0.204,0.278,0.548,0.506,0.506,0.058,0.181,0.284
0.204,0.278,0.548,0.506,0.506,0.058,0.181,0.284
0.204,0.278,0.548,0.506,0.506,0.058,0.181,0.284
0.204,0.278,0.548,0.506,0.506,0.058,0.181,0.284
0.204,0.278,0.548,0.506,0.506,0.058,0.181,0.284
0.204,0.278,0.548,0.506,0.506,0.058,0.181,0.284
0.204,0.278,0.548,0.506,0.506,0.058,0.181,0.284
0.204,0.278,0.548,0.506,0.506,0.058,0.181,0.284
0.204,0.278,0.548,0.506,0.506,0.058,0.181,0.284
0.204,0.278,0.548,0.506,0.506,0.058,0.181,0.284
0.204,0.278,0.548,0.506,0.506,0.058,0.181,0.284
0.204,0.278,0.548,0.506,0.506,0.058,0.181,0.284
0.204,0.278,0.548,0.506,0.506,0.058,0.181,0.284
0.204,0.278,0.548,0.506,0.506,0.058,0.181,0.284
0.204,0.278,0.548,0.506,0.506,0.058,0.181,0.284
0.204,0.278,0.548,0.506,0.506,0.058,0.181,0.284
0.204,0.278,0.548,0.506,0.506,0.058,0.181,0.284
0.204,0.278,0.548,0.506,0.506,0.058,0.181,0.284
0.204,0.278,0.548,0.506,0.506,0.058,0.181,0.284
0.204,0.278,0.548,0.506,0.506,0.058,0.181,0.284
0.204,0.278,0.548,0.506,0.506,0.058,0.181,0.284
0.204,0.278,0.548,0.506,0.506,0.058,0.181,0.284
0.204,0.278,0.548,0.506,0.506,0.058,0.181,0.284
0.204,0.278,0.548,0.506,0.506,0.058,0.181,0.284
0.204,0.278,0.548,0.506,0.506,0.058,0.181,0.284
0.204,0.278,0.548,0.506,0.506,0.058,0.181,0.284
0.204,0.278,0.548,0.506,0.506,0.058,0.181,0.284
0.204,0.278,0.548,0.506,0.506,0.058,0.181,0.284
0.204,0.278,0.548,0.506,0.506,0.058,0.181,0.284
0.204,0.278,0.548,0.506,0.506,0.058,0.181,0.284
0.204,0.278,0.548,0.506,0.506,0.058,0.181,0.284
0.204,0.278,0.548,0.506,0.506,0.058,0.181,0.284
0.204,0.278,0.548,0.506,0.506,0.058,0.181,0.284
0.204,0.278,0.548,0.506,0.506,0.058,0.181,0.284
0.204,0.278,0.548,0.506,0.506,0.058,0.181,0.284
0.204,0.278,0.548,0.506,0.506,0.058,0.181,0.284
0.204,0.278,0.548,0.506,0.506,0.058,0.181,0.284
0.204,0.278,0.548,0.506,0.506,0.058,0.181,0.284
0.204,0.278,0.548,0.506,0.506,0.058,0.181,0.284
0.204,0.278,0.548,0.506,0.506,0.058,0.181,0.284
0.204,0.278,0.548,0.506,0.506,0.058,0.181,0.284
0.204,0.278,0.548,0.506,0.506,0.058,0.181,0.284
