S1_D0802,S2_D0802,S3_D0802,S4_D0802,S5_D0802,S6_D0802,S7_D0802,S8_D0802
0.16,0.253,0.408,0.319,0.361,0.068,0.176,0.212
0.16,0.253,0.408,0.319,0.361,0.068,0.176,0.212
0.16,0.253,0.408,0.319,0.361,0.068,0.176,0.212
0.159,0.253,0.408,0.319,0.361,0.068,0.176,0.212
0.16,0.253,0.408,0.319,0.361,0.068,0.176,0.212
0.159,0.253,0.408,0.319,0.361,0.068,0.176,0.212
0.16,0.253,0.408,0.319,0.361,0.068,0.176,0.212
0.159,0.253,0.408,0.319,0.361,0.068,0.176,0.212
0.16,0.253,0.408,0.319,0.361,0.068,0.176,0.212
0.159,0.253,0.408,0.319,0.361,0.068,0.176,0.212
0.159,0.253,0.408,0.319,0.361,0.068,0.175,0.212
0.159,0.253,0.408,0.319,0.361,0.068,0.176,0.212
0.159,0.253,0.408,0.319,0.361,0.068,0.176,0.212
0.159,0.253,0.408,0.319,0.361,0.068,0.176,0.212
0.159,0.253,0.408,0.319,0.361,0.068,0.176,0.212
0.159,0.253,0.408,0.319,0.361,0.068,0.176,0.212
0.159,0.253,0.407,0.319,0.361,0.068,0.176,0.212
0.159,0.253,0.408,0.319,0.361,0.068,0.176,0.212
0.159,0.253,0.407,0.319,0.361,0.068,0.176,0.212
0.159,0.253,0.407,0.319,0.361,0.068,0.176,0.212
0.159,0.253,0.407,0.319,0.361,0.068,0.176,0.212
0.159,0.253,0.407,0.319,0.361,0.068,0.176,0.212
0.159,0.253,0.407,0.319,0.361,0.068,0.176,0.212
0.159,0.253,0.407,0.318,0.361,0.068,0.176,0.212
0.159,0.253,0.407,0.318,0.361,0.068,0.175,0.212
0.159,0.253,0.407,0.318,0.361,0.068,0.175,0.212
0.159,0.253,0.407,0.318,0.361,0.068,0.176,0.212
0.159,0.253,0.407,0.319,0.361,0.068,0.176,0.212
0.159,0.253,0.407,0.318,0.361,0.068,0.175,0.212
0.159,0.253,0.407,0.318,0.361,0.068,0.175,0.212
0.159,0.253,0.407,0.318,0.361,0.068,0.175,0.212
0.159,0.253,0.407,0.318,0.361,0.068,0.175,0.212
0.159,0.253,0.407,0.318,0.361,0.068,0.175,0.212
0.159,0.252,0.407,0.318,0.361,0.068,0.175,0.212
0.159,0.252,0.407,0.318,0.361,0.068,0.175,0.212
0.159,0.253,0.406,0.318,0.361,0.068,0.175,0.212
0.159,0.253,0.407,0.318,0.361,0.068,0.175,0.212
0.159,0.253,0.406,0.318,0.361,0.068,0.175,0.212
0.159,0.253,0.406,0.318,0.361,0.068,0.175,0.212
0.159,0.253,0.406,0.318,0.361,0.068,0.175,0.212
0.159,0.252,0.406,0.318,0.361,0.068,0.175,0.212
0.159,0.252,0.406,0.318,0.361,0.068,0.175,0.212
0.159,0.252,0.406,0.318,0.361,0.068,0.175,0.212
0.159,0.253,0.406,0.318,0.361,0.068,0.175,0.212
0.159,0.253,0.406,0.318,0.36,0.068,0.175,0.212
0.159,0.253,0.406,0.318,0.361,0.068,0.175,0.212
0.159,0.252,0.406,0.318,0.361,0.068,0.175,0.212
0.159,0.253,0.406,0.318,0.36,0.068,0.175,0.212
0.159,0.252,0.406,0.318,0.36,0.068,0.175,0.212
0.159,0.252,0.406,0.318,0.36,0.068,0.175,0.212
0.159,0.252,0.406,0.317,0.36,0.068,0.175,0.212
0.159,0.253,0.406,0.318,0.36,0.068,0.175,0.212
0.159,0.252,0.406,0.318,0.36,0.068,0.175,0.212
0.159,0.252,0.406,0.317,0.36,0.068,0.175,0.212
0.159,0.252,0.406,0.317,0.36,0.068,0.175,0.212
0.159,0.252,0.405,0.317,0.36,0.068,0.175,0.212
0.159,0.252,0.405,0.318,0.36,0.068,0.175,0.212
0.159,0.253,0.406,0.318,0.36,0.068,0.175,0.212
0.159,0.252,0.405,0.318,0.36,0.068,0.175,0.212
0.159,0.252,0.405,0.317,0.36,0.068,0.175,0.212
0.159,0.252,0.405,0.318,0.36,0.068,0.175,0.212
0.159,0.252,0.405,0.317,0.36,0.068,0.175,0.212
0.159,0.252,0.405,0.317,0.36,0.068,0.175,0.211
0.159,0.252,0.405,0.317,0.36,0.068,0.175,0.211
0.159,0.252,0.405,0.317,0.36,0.068,0.175,0.211
0.159,0.252,0.405,0.317,0.36,0.068,0.175,0.211
0.159,0.252,0.405,0.317,0.36,0.068,0.175,0.211
0.158,0.252,0.405,0.317,0.36,0.068,0.175,0.211
0.159,0.252,0.405,0.317,0.36,0.068,0.175,0.211
0.159,0.252,0.405,0.317,0.36,0.068,0.175,0.211
0.158,0.252,0.405,0.317,0.36,0.068,0.175,0.211
0.159,0.252,0.405,0.317,0.36,0.068,0.175,0.211
0.159,0.252,0.405,0.317,0.36,0.068,0.175,0.211
0.159,0.252,0.405,0.317,0.36,0.068,0.175,0.211
0.159,0.252,0.405,0.317,0.36,0.068,0.175,0.211
0.158,0.252,0.405,0.317,0.36,0.068,0.175,0.211
0.158,0.252,0.405,0.317,0.36,0.068,0.175,0.211
0.159,0.252,0.405,0.317,0.36,0.068,0.175,0.211
0.159,0.252,0.405,0.317,0.36,0.068,0.175,0.211
0.158,0.252,0.405,0.317,0.36,0.068,0.175,0.211
0.158,0.252,0.404,0.317,0.36,0.068,0.175,0.211
0.158,0.252,0.404,0.317,0.36,0.068,0.175,0.211
0.158,0.252,0.404,0.317,0.36,0.068,0.175,0.211
0.158,0.252,0.404,0.317,0.36,0.068,0.175,0.211
0.158,0.252,0.404,0.317,0.36,0.068,0.175,0.211
0.158,0.252,0.404,0.317,0.36,0.068,0.175,0.211
0.158,0.252,0.404,0.317,0.36,0.068,0.175,0.211
0.158,0.252,0.404,0.317,0.36,0.068,0.175,0.211
0.158,0.252,0.404,0.317,0.36,0.068,0.175,0.211
0.158,0.252,0.404,0.317,0.36,0.068,0.175,0.211
0.158,0.252,0.404,0.317,0.36,0.068,0.175,0.211
0.159,0.252,0.404,0.317,0.36,0.068,0.175,0.211
0.158,0.252,0.404,0.317,0.36,0.068,0.175,0.211
0.158,0.252,0.404,0.317,0.36,0.068,0.175,0.211
0.158,0.252,0.404,0.317,0.36,0.068,0.175,0.211
0.158,0.252,0.404,0.317,0.36,0.068,0.175,0.211
0.158,0.252,0.404,0.317,0.36,0.068,0.175,0.211
0.158,0.252,0.404,0.317,0.36,0.068,0.174,0.211
0.158,0.252,0.404,0.317,0.36,0.068,0.175,0.211
0.158,0.252,0.404,0.317,0.36,0.068,0.175,0.211
0.158,0.252,0.404,0.318,0.36,0.068,0.175,0.211
0.158,0.252,0.404,0.318,0.36,0.068,0.175,0.211
0.158,0.252,0.404,0.318,0.36,0.068,0.175,0.211
0.158,0.252,0.404,0.318,0.36,0.068,0.175,0.211
0.158,0.252,0.404,0.318,0.36,0.068,0.174,0.211
0.158,0.252,0.404,0.318,0.36,0.068,0.174,0.211
0.158,0.252,0.404,0.318,0.36,0.068,0.175,0.211
0.158,0.253,0.404,0.319,0.36,0.068,0.175,0.211
0.158,0.253,0.403,0.319,0.36,0.068,0.174,0.212
0.158,0.253,0.404,0.319,0.36,0.068,0.174,0.212
0.158,0.253,0.404,0.319,0.361,0.068,0.174,0.212
0.158,0.253,0.403,0.32,0.361,0.068,0.175,0.212
0.158,0.253,0.404,0.32,0.361,0.068,0.175,0.212
0.158,0.254,0.404,0.32,0.361,0.068,0.174,0.212
0.158,0.254,0.403,0.32,0.361,0.068,0.174,0.213
0.158,0.254,0.404,0.32,0.361,0.068,0.174,0.213
0.158,0.254,0.403,0.321,0.362,0.068,0.174,0.213
0.158,0.255,0.403,0.321,0.362,0.068,0.174,0.213
0.158,0.255,0.403,0.321,0.362,0.068,0.174,0.214
0.158,0.255,0.404,0.322,0.362,0.068,0.174,0.214
0.158,0.255,0.403,0.322,0.362,0.068,0.174,0.214
0.158,0.256,0.403,0.322,0.363,0.068,0.174,0.214
0.158,0.256,0.403,0.322,0.363,0.068,0.174,0.215
0.158,0.256,0.403,0.323,0.363,0.068,0.174,0.215
0.158,0.257,0.403,0.323,0.363,0.068,0.174,0.215
0.158,0.257,0.403,0.323,0.363,0.068,0.174,0.216
0.158,0.257,0.403,0.324,0.364,0.068,0.174,0.216
0.158,0.257,0.403,0.324,0.364,0.068,0.174,0.216
0.158,0.258,0.403,0.324,0.364,0.068,0.174,0.217
0.158,0.258,0.403,0.324,0.364,0.068,0.174,0.217
0.158,0.259,0.403,0.325,0.365,0.068,0.174,0.217
0.158,0.259,0.403,0.325,0.365,0.068,0.174,0.218
0.158,0.259,0.403,0.326,0.365,0.068,0.174,0.218
0.158,0.259,0.403,0.326,0.365,0.068,0.174,0.219
0.158,0.26,0.403,0.326,0.365,0.068,0.174,0.219
0.158,0.26,0.403,0.326,0.366,0.068,0.174,0.22
0.158,0.26,0.403,0.327,0.366,0.068,0.174,0.22
0.158,0.261,0.403,0.327,0.366,0.068,0.174,0.22
0.158,0.261,0.403,0.327,0.366,0.068,0.174,0.221
0.158,0.261,0.403,0.328,0.367,0.068,0.174,0.221
0.158,0.261,0.403,0.328,0.367,0.068,0.174,0.222
0.158,0.262,0.403,0.329,0.367,0.068,0.174,0.222
0.158,0.262,0.403,0.329,0.367,0.068,0.174,0.222
0.158,0.262,0.403,0.329,0.368,0.068,0.174,0.223
0.158,0.263,0.403,0.33,0.368,0.068,0.174,0.223
0.158,0.263,0.403,0.33,0.368,0.068,0.174,0.224
0.159,0.263,0.403,0.331,0.368,0.068,0.174,0.224
0.159,0.264,0.403,0.331,0.369,0.068,0.174,0.224
0.159,0.264,0.403,0.331,0.369,0.068,0.174,0.225
0.159,0.264,0.403,0.332,0.369,0.068,0.174,0.225
0.159,0.265,0.403,0.332,0.369,0.068,0.174,0.226
0.159,0.265,0.403,0.332,0.37,0.068,0.174,0.226
0.159,0.265,0.403,0.333,0.37,0.068,0.174,0.226
0.159,0.266,0.403,0.333,0.37,0.068,0.174,0.227
0.159,0.266,0.403,0.333,0.37,0.068,0.174,0.227
0.159,0.266,0.403,0.334,0.371,0.068,0.174,0.227
0.159,0.267,0.403,0.334,0.371,0.068,0.174,0.228
0.159,0.267,0.403,0.335,0.371,0.068,0.174,0.228
0.159,0.267,0.403,0.335,0.371,0.068,0.174,0.229
0.159,0.268,0.403,0.335,0.372,0.068,0.174,0.229
0.159,0.268,0.403,0.336,0.372,0.068,0.174,0.229
0.159,0.268,0.403,0.336,0.372,0.068,0.174,0.23
0.159,0.268,0.403,0.337,0.372,0.068,0.174,0.23
0.159,0.269,0.403,0.337,0.373,0.068,0.174,0.23
0.159,0.269,0.403,0.338,0.373,0.068,0.174,0.231
0.159,0.269,0.403,0.338,0.373,0.068,0.174,0.231
0.159,0.27,0.403,0.338,0.373,0.068,0.174,0.232
0.159,0.27,0.403,0.339,0.374,0.068,0.174,0.232
0.159,0.27,0.403,0.339,0.374,0.068,0.174,0.232
0.159,0.271,0.403,0.339,0.374,0.068,0.174,0.233
0.159,0.271,0.403,0.34,0.374,0.068,0.174,0.233
0.159,0.271,0.403,0.341,0.375,0.068,0.174,0.233
0.159,0.272,0.403,0.341,0.375,0.068,0.174,0.234
0.159,0.272,0.403,0.341,0.375,0.068,0.174,0.234
0.159,0.272,0.403,0.341,0.376,0.068,0.174,0.235
0.159,0.273,0.403,0.342,0.376,0.068,0.174,0.235
0.159,0.273,0.403,0.342,0.376,0.068,0.174,0.235
0.159,0.273,0.403,0.343,0.376,0.068,0.174,0.235
0.159,0.274,0.403,0.343,0.377,0.068,0.174,0.236
0.159,0.274,0.403,0.344,0.377,0.068,0.174,0.236
0.159,0.274,0.403,0.344,0.377,0.068,0.174,0.237
0.159,0.275,0.403,0.345,0.377,0.068,0.174,0.237
0.16,0.275,0.403,0.345,0.378,0.068,0.174,0.237
0.159,0.275,0.403,0.346,0.378,0.068,0.174,0.238
0.159,0.276,0.403,0.347,0.378,0.068,0.174,0.238
0.16,0.276,0.403,0.348,0.378,0.068,0.174,0.238
0.16,0.276,0.403,0.348,0.379,0.068,0.174,0.239
0.16,0.276,0.403,0.349,0.379,0.068,0.174,0.239
0.16,0.277,0.403,0.35,0.38,0.068,0.174,0.239
0.16,0.277,0.403,0.351,0.38,0.068,0.174,0.24
0.16,0.277,0.403,0.351,0.38,0.068,0.174,0.24
0.16,0.278,0.403,0.352,0.381,0.068,0.174,0.24
0.16,0.278,0.403,0.353,0.381,0.068,0.174,0.24
0.16,0.278,0.403,0.353,0.382,0.068,0.174,0.241
0.16,0.279,0.403,0.354,0.382,0.069,0.174,0.241
0.16,0.279,0.403,0.355,0.382,0.068,0.174,0.241
0.16,0.28,0.403,0.355,0.383,0.069,0.174,0.242
0.16,0.28,0.403,0.356,0.383,0.069,0.174,0.242
0.16,0.28,0.403,0.356,0.384,0.069,0.174,0.242
0.16,0.28,0.403,0.357,0.384,0.069,0.174,0.243
0.16,0.281,0.403,0.358,0.384,0.068,0.174,0.243
0.16,0.281,0.403,0.358,0.385,0.069,0.174,0.243
0.16,0.281,0.403,0.359,0.385,0.069,0.174,0.244
0.16,0.282,0.403,0.359,0.386,0.069,0.174,0.244
0.16,0.282,0.403,0.36,0.386,0.069,0.174,0.244
0.16,0.282,0.403,0.36,0.386,0.069,0.174,0.245
0.16,0.283,0.403,0.361,0.387,0.069,0.174,0.245
0.16,0.283,0.404,0.361,0.387,0.069,0.174,0.245
0.16,0.283,0.403,0.362,0.388,0.069,0.174,0.245
0.16,0.284,0.403,0.362,0.388,0.069,0.174,0.246
0.16,0.284,0.403,0.363,0.388,0.069,0.174,0.246
0.16,0.284,0.404,0.363,0.389,0.069,0.174,0.246
0.161,0.285,0.403,0.364,0.389,0.069,0.174,0.247
0.16,0.285,0.404,0.364,0.389,0.069,0.174,0.247
0.16,0.285,0.404,0.365,0.39,0.069,0.174,0.247
0.161,0.286,0.403,0.365,0.39,0.069,0.174,0.248
0.161,0.286,0.404,0.365,0.39,0.069,0.174,0.248
0.161,0.286,0.404,0.366,0.39,0.069,0.174,0.248
0.161,0.287,0.404,0.366,0.391,0.069,0.174,0.248
0.161,0.287,0.404,0.367,0.391,0.069,0.174,0.249
0.161,0.287,0.404,0.367,0.392,0.069,0.174,0.249
0.161,0.288,0.404,0.368,0.392,0.069,0.174,0.249
0.161,0.288,0.404,0.368,0.392,0.069,0.174,0.25
0.161,0.289,0.404,0.369,0.392,0.069,0.174,0.25
0.161,0.289,0.404,0.369,0.393,0.069,0.174,0.25
0.161,0.289,0.404,0.369,0.393,0.069,0.174,0.251
0.161,0.289,0.404,0.37,0.394,0.069,0.174,0.251
0.161,0.29,0.404,0.37,0.394,0.069,0.174,0.251
0.161,0.29,0.404,0.371,0.394,0.069,0.174,0.252
0.161,0.291,0.404,0.371,0.394,0.069,0.174,0.252
0.161,0.291,0.404,0.372,0.395,0.069,0.174,0.252
0.161,0.291,0.404,0.372,0.395,0.069,0.174,0.252
0.161,0.291,0.404,0.372,0.395,0.069,0.174,0.253
0.161,0.292,0.404,0.373,0.396,0.069,0.174,0.253
0.161,0.292,0.404,0.373,0.396,0.069,0.174,0.253
0.161,0.293,0.404,0.374,0.396,0.069,0.174,0.254
0.161,0.293,0.404,0.374,0.397,0.069,0.174,0.254
0.162,0.293,0.404,0.375,0.397,0.069,0.174,0.254
0.162,0.294,0.404,0.375,0.397,0.069,0.174,0.254
0.161,0.294,0.404,0.376,0.398,0.069,0.174,0.255
0.162,0.294,0.404,0.376,0.398,0.069,0.174,0.255
0.162,0.295,0.404,0.376,0.398,0.069,0.174,0.255
0.162,0.295,0.405,0.377,0.399,0.069,0.174,0.256
0.162,0.295,0.404,0.377,0.399,0.069,0.174,0.256
0.162,0.296,0.405,0.378,0.399,0.069,0.174,0.256
0.162,0.296,0.405,0.378,0.4,0.069,0.174,0.256
0.162,0.296,0.405,0.379,0.4,0.07,0.174,0.257
0.162,0.297,0.405,0.379,0.4,0.069,0.174,0.257
0.162,0.297,0.405,0.38,0.4,0.07,0.174,0.257
0.162,0.298,0.405,0.38,0.401,0.07,0.174,0.258
0.162,0.298,0.405,0.38,0.401,0.07,0.174,0.258
0.162,0.298,0.405,0.381,0.401,0.07,0.174,0.258
0.162,0.299,0.405,0.381,0.402,0.07,0.174,0.258
0.162,0.299,0.405,0.382,0.402,0.07,0.174,0.259
0.162,0.299,0.405,0.382,0.402,0.07,0.174,0.259
0.162,0.3,0.405,0.383,0.403,0.07,0.174,0.259
0.162,0.3,0.405,0.383,0.403,0.07,0.174,0.259
0.162,0.3,0.405,0.384,0.403,0.07,0.174,0.26
0.162,0.301,0.405,0.384,0.404,0.07,0.174,0.26
0.163,0.301,0.405,0.384,0.404,0.07,0.174,0.26
0.163,0.302,0.405,0.385,0.404,0.07,0.174,0.26
0.163,0.302,0.405,0.385,0.405,0.07,0.174,0.261
0.163,0.302,0.406,0.386,0.405,0.07,0.174,0.261
0.163,0.303,0.405,0.386,0.405,0.07,0.174,0.261
0.163,0.303,0.406,0.387,0.406,0.07,0.174,0.261
0.163,0.304,0.406,0.387,0.406,0.07,0.174,0.262
0.163,0.304,0.406,0.388,0.406,0.07,0.174,0.262
0.163,0.304,0.406,0.388,0.406,0.07,0.174,0.262
0.163,0.305,0.406,0.388,0.407,0.07,0.174,0.263
0.163,0.305,0.406,0.389,0.407,0.07,0.174,0.263
0.163,0.305,0.406,0.389,0.408,0.07,0.174,0.263
0.163,0.306,0.406,0.39,0.408,0.07,0.174,0.263
0.163,0.306,0.406,0.39,0.408,0.07,0.174,0.264
0.163,0.306,0.406,0.391,0.408,0.07,0.174,0.264
0.163,0.307,0.406,0.391,0.409,0.07,0.174,0.264
0.163,0.307,0.406,0.392,0.409,0.07,0.174,0.264
0.163,0.308,0.406,0.392,0.409,0.07,0.174,0.265
0.164,0.308,0.406,0.392,0.41,0.07,0.174,0.265
0.164,0.309,0.406,0.393,0.41,0.07,0.174,0.265
0.163,0.309,0.406,0.393,0.41,0.07,0.174,0.265
0.163,0.309,0.407,0.394,0.411,0.07,0.174,0.266
0.164,0.31,0.407,0.394,0.411,0.07,0.174,0.266
0.164,0.31,0.407,0.395,0.411,0.07,0.174,0.266
0.164,0.311,0.407,0.395,0.412,0.07,0.174,0.266
0.164,0.311,0.407,0.395,0.412,0.07,0.174,0.266
0.164,0.311,0.407,0.396,0.412,0.07,0.174,0.267
0.164,0.312,0.407,0.396,0.412,0.07,0.174,0.267
0.164,0.312,0.407,0.397,0.413,0.07,0.174,0.267
0.164,0.313,0.407,0.397,0.413,0.07,0.174,0.267
0.164,0.313,0.407,0.398,0.413,0.071,0.175,0.268
0.164,0.313,0.407,0.398,0.414,0.07,0.175,0.268
0.164,0.314,0.407,0.398,0.414,0.07,0.174,0.268
0.164,0.314,0.407,0.399,0.414,0.071,0.174,0.268
0.164,0.315,0.407,0.399,0.415,0.071,0.175,0.268
0.164,0.315,0.408,0.4,0.415,0.071,0.175,0.269
0.164,0.316,0.408,0.4,0.415,0.071,0.175,0.269
0.165,0.316,0.408,0.4,0.415,0.071,0.174,0.269
0.164,0.317,0.408,0.401,0.416,0.071,0.175,0.269
0.165,0.317,0.408,0.401,0.416,0.071,0.175,0.27
0.164,0.318,0.408,0.402,0.416,0.071,0.174,0.27
0.165,0.318,0.408,0.402,0.417,0.071,0.174,0.27
0.165,0.319,0.408,0.403,0.417,0.071,0.175,0.27
0.165,0.319,0.408,0.403,0.417,0.071,0.175,0.27
0.165,0.32,0.408,0.404,0.418,0.071,0.175,0.271
0.165,0.32,0.408,0.404,0.418,0.071,0.175,0.271
0.165,0.321,0.409,0.405,0.418,0.071,0.175,0.271
0.165,0.321,0.408,0.406,0.418,0.071,0.175,0.271
0.165,0.322,0.409,0.406,0.419,0.071,0.175,0.271
0.165,0.322,0.409,0.407,0.419,0.071,0.175,0.272
0.165,0.323,0.409,0.407,0.42,0.071,0.175,0.272
0.165,0.324,0.409,0.408,0.42,0.071,0.175,0.272
0.165,0.324,0.409,0.408,0.42,0.071,0.175,0.272
0.165,0.325,0.409,0.409,0.421,0.071,0.175,0.273
0.165,0.325,0.409,0.409,0.421,0.071,0.174,0.273
0.165,0.325,0.409,0.41,0.421,0.071,0.175,0.273
0.165,0.326,0.409,0.411,0.422,0.071,0.175,0.273
0.166,0.327,0.409,0.411,0.422,0.071,0.175,0.274
0.166,0.327,0.409,0.411,0.422,0.071,0.175,0.274
0.166,0.328,0.41,0.417,0.423,0.071,0.175,0.274
0.166,0.33,0.41,0.437,0.423,0.071,0.175,0.274
0.165,0.339,0.411,0.447,0.425,0.071,0.175,0.278
0.166,0.354,0.411,0.46,0.431,0.072,0.175,0.291
0.166,0.372,0.412,0.475,0.446,0.072,0.176,0.312
0.166,0.394,0.413,0.488,0.464,0.072,0.176,0.333
0.166,0.417,0.414,0.5,0.481,0.073,0.177,0.351
0.167,0.441,0.415,0.51,0.496,0.073,0.177,0.366
0.168,0.462,0.416,0.52,0.51,0.074,0.178,0.379
0.168,0.482,0.417,0.528,0.524,0.075,0.178,0.389
0.168,0.503,0.418,0.539,0.538,0.076,0.179,0.398
0.169,0.526,0.419,0.547,0.55,0.077,0.179,0.407
0.17,0.55,0.42,0.555,0.562,0.078,0.179,0.415
0.17,0.573,0.422,0.561,0.572,0.078,0.18,0.423
0.171,0.595,0.423,0.568,0.582,0.079,0.18,0.43
0.171,0.615,0.424,0.576,0.59,0.08,0.181,0.437
0.172,0.633,0.425,0.583,0.599,0.081,0.181,0.443
0.172,0.65,0.426,0.59,0.607,0.081,0.181,0.449
0.173,0.666,0.428,0.596,0.615,0.082,0.182,0.455
0.173,0.681,0.429,0.603,0.622,0.083,0.182,0.461
0.173,0.696,0.43,0.61,0.629,0.083,0.183,0.466
0.174,0.709,0.432,0.616,0.636,0.084,0.183,0.471
0.175,0.722,0.433,0.623,0.642,0.085,0.183,0.476
0.175,0.734,0.434,0.629,0.648,0.085,0.184,0.481
0.175,0.746,0.435,0.635,0.655,0.086,0.184,0.486
0.176,0.757,0.436,0.641,0.66,0.087,0.184,0.491
0.176,0.767,0.438,0.647,0.666,0.087,0.185,0.495
0.177,0.777,0.439,0.653,0.672,0.088,0.185,0.5
0.177,0.787,0.44,0.659,0.677,0.089,0.186,0.504
0.178,0.797,0.441,0.666,0.683,0.089,0.186,0.509
0.178,0.806,0.442,0.672,0.688,0.09,0.186,0.513
0.178,0.815,0.444,0.677,0.693,0.091,0.187,0.517
0.179,0.823,0.445,0.683,0.698,0.091,0.187,0.521
0.179,0.831,0.446,0.688,0.703,0.092,0.187,0.525
0.18,0.839,0.447,0.693,0.708,0.092,0.188,0.529
0.18,0.847,0.448,0.697,0.713,0.093,0.188,0.533
0.18,0.854,0.449,0.702,0.718,0.094,0.188,0.537
0.181,0.862,0.451,0.707,0.722,0.095,0.189,0.54
0.181,0.869,0.452,0.711,0.727,0.095,0.189,0.544
0.182,0.876,0.453,0.715,0.731,0.096,0.189,0.548
0.182,0.882,0.454,0.719,0.736,0.096,0.19,0.551
0.182,0.887,0.455,0.723,0.74,0.097,0.19,0.554
0.183,0.891,0.456,0.727,0.744,0.097,0.19,0.557
0.183,0.895,0.457,0.731,0.748,0.098,0.191,0.56
0.184,0.898,0.458,0.733,0.752,0.099,0.191,0.562
0.184,0.902,0.459,0.736,0.756,0.099,0.191,0.565
0.184,0.905,0.46,0.739,0.76,0.1,0.192,0.567
0.185,0.909,0.461,0.742,0.764,0.1,0.192,0.57
0.185,0.912,0.462,0.744,0.767,0.101,0.192,0.572
0.186,0.915,0.463,0.747,0.771,0.102,0.193,0.574
0.186,0.919,0.464,0.749,0.774,0.102,0.193,0.576
0.186,0.923,0.465,0.752,0.778,0.103,0.193,0.578
0.187,0.926,0.466,0.754,0.781,0.103,0.193,0.58
0.187,0.93,0.467,0.756,0.784,0.104,0.194,0.582
0.188,0.933,0.468,0.759,0.787,0.104,0.194,0.584
0.188,0.936,0.469,0.761,0.79,0.105,0.194,0.585
0.188,0.938,0.47,0.764,0.793,0.105,0.195,0.587
0.189,0.94,0.471,0.766,0.796,0.106,0.195,0.588
0.189,0.941,0.472,0.768,0.799,0.107,0.195,0.589
0.189,0.942,0.473,0.771,0.802,0.107,0.195,0.59
0.19,0.943,0.473,0.773,0.805,0.108,0.196,0.591
0.19,0.943,0.474,0.775,0.807,0.108,0.196,0.592
0.191,0.944,0.475,0.776,0.81,0.109,0.196,0.592
0.191,0.944,0.476,0.778,0.812,0.109,0.196,0.593
0.191,0.945,0.477,0.779,0.815,0.11,0.197,0.594
0.192,0.946,0.477,0.78,0.817,0.111,0.197,0.594
0.192,0.946,0.478,0.78,0.82,0.111,0.197,0.595
0.192,0.946,0.479,0.781,0.822,0.111,0.198,0.595
0.193,0.947,0.48,0.782,0.824,0.112,0.198,0.596
0.193,0.947,0.481,0.783,0.826,0.112,0.198,0.596
0.193,0.947,0.481,0.784,0.828,0.113,0.198,0.596
0.194,0.946,0.482,0.784,0.829,0.114,0.198,0.596
0.194,0.946,0.483,0.785,0.831,0.114,0.199,0.596
0.195,0.946,0.483,0.786,0.832,0.114,0.199,0.596
0.195,0.945,0.484,0.786,0.833,0.115,0.199,0.596
0.195,0.944,0.485,0.786,0.834,0.115,0.199,0.596
0.196,0.944,0.486,0.782,0.835,0.116,0.2,0.596
0.196,0.945,0.486,0.779,0.836,0.116,0.2,0.596
0.196,0.948,0.487,0.782,0.837,0.117,0.2,0.599
0.196,0.952,0.488,0.786,0.84,0.117,0.2,0.606
0.196,0.959,0.489,0.791,0.845,0.118,0.2,0.613
0.196,0.966,0.49,0.798,0.85,0.118,0.2,0.621
0.197,0.974,0.49,0.805,0.854,0.119,0.2,0.628
0.197,0.981,0.492,0.807,0.859,0.119,0.2,0.633
0.197,0.99,0.492,0.809,0.864,0.12,0.201,0.638
0.198,0.999,0.493,0.813,0.868,0.121,0.201,0.643
0.198,1.007,0.494,0.816,0.873,0.121,0.201,0.647
0.198,1.016,0.495,0.821,0.878,0.122,0.201,0.651
0.199,1.025,0.496,0.827,0.882,0.122,0.201,0.655
0.199,1.033,0.497,0.83,0.887,0.123,0.201,0.658
0.199,1.041,0.498,0.835,0.891,0.123,0.202,0.662
0.2,1.048,0.499,0.838,0.896,0.124,0.202,0.666
0.2,1.054,0.5,0.843,0.9,0.125,0.202,0.669
0.2,1.061,0.501,0.846,0.904,0.125,0.202,0.673
0.201,1.068,0.502,0.85,0.908,0.126,0.202,0.676
0.201,1.075,0.503,0.854,0.912,0.126,0.203,0.68
0.201,1.081,0.504,0.857,0.916,0.127,0.203,0.683
0.202,1.087,0.506,0.86,0.92,0.128,0.203,0.686
0.202,1.093,0.506,0.866,0.924,0.128,0.203,0.69
0.202,1.099,0.508,0.869,0.928,0.129,0.203,0.693
0.203,1.104,0.509,0.874,0.932,0.129,0.204,0.696
0.203,1.109,0.51,0.878,0.936,0.13,0.204,0.699
0.204,1.114,0.511,0.883,0.94,0.131,0.204,0.703
0.204,1.119,0.512,0.888,0.943,0.131,0.204,0.706
0.204,1.125,0.513,0.892,0.947,0.132,0.205,0.709
0.205,1.13,0.514,0.896,0.951,0.132,0.205,0.712
0.205,1.135,0.515,0.901,0.954,0.133,0.205,0.715
0.206,1.139,0.516,0.907,0.958,0.133,0.206,0.718
0.206,1.143,0.517,0.912,0.961,0.134,0.206,0.721
0.207,1.147,0.518,0.916,0.965,0.135,0.206,0.724
0.207,1.151,0.519,0.921,0.968,0.135,0.206,0.727
0.207,1.155,0.52,0.925,0.972,0.136,0.207,0.73
0.208,1.159,0.521,0.929,0.975,0.137,0.207,0.733
0.208,1.163,0.522,0.933,0.979,0.137,0.207,0.736
0.209,1.166,0.523,0.937,0.982,0.138,0.207,0.739
0.209,1.17,0.524,0.941,0.986,0.138,0.208,0.742
0.209,1.173,0.525,0.944,0.989,0.139,0.208,0.745
0.21,1.177,0.526,0.948,0.992,0.14,0.208,0.748
0.21,1.18,0.528,0.952,0.996,0.14,0.208,0.75
0.211,1.183,0.529,0.955,0.999,0.141,0.208,0.753
0.211,1.186,0.53,0.959,1.002,0.142,0.209,0.756
0.212,1.189,0.531,0.962,1.005,0.142,0.209,0.758
0.212,1.192,0.532,0.966,1.009,0.143,0.209,0.761
0.212,1.195,0.533,0.969,1.012,0.143,0.21,0.764
0.213,1.198,0.534,0.972,1.015,0.144,0.21,0.766
0.213,1.201,0.535,0.976,1.018,0.144,0.21,0.769
0.214,1.204,0.536,0.979,1.021,0.145,0.21,0.771
0.214,1.206,0.537,0.982,1.025,0.146,0.211,0.774
0.214,1.209,0.538,0.985,1.027,0.146,0.211,0.777
0.215,1.212,0.539,0.989,1.031,0.147,0.211,0.779
0.215,1.215,0.54,0.992,1.034,0.148,0.211,0.781
0.216,1.217,0.541,0.995,1.037,0.148,0.211,0.784
0.216,1.219,0.542,0.997,1.04,0.149,0.212,0.786
0.217,1.222,0.543,1.001,1.043,0.149,0.212,0.788
0.217,1.224,0.544,1.004,1.046,0.15,0.212,0.791
0.217,1.227,0.545,1.006,1.048,0.151,0.213,0.793
0.218,1.229,0.546,1.009,1.051,0.151,0.213,0.795
0.218,1.232,0.547,1.012,1.054,0.152,0.213,0.797
0.219,1.234,0.548,1.014,1.057,0.152,0.213,0.799
0.219,1.236,0.549,1.017,1.06,0.153,0.213,0.801
0.22,1.238,0.55,1.02,1.063,0.154,0.214,0.803
0.22,1.241,0.551,1.023,1.065,0.154,0.214,0.805
0.221,1.243,0.552,1.025,1.068,0.155,0.214,0.807
0.221,1.245,0.553,1.028,1.071,0.155,0.215,0.809
0.221,1.247,0.554,1.03,1.074,0.156,0.215,0.811
0.222,1.25,0.555,1.033,1.076,0.157,0.215,0.813
0.222,1.252,0.556,1.035,1.079,0.157,0.215,0.814
0.223,1.254,0.557,1.037,1.082,0.158,0.215,0.816
0.223,1.256,0.558,1.039,1.084,0.158,0.216,0.818
0.224,1.258,0.559,1.042,1.087,0.159,0.216,0.819
0.224,1.26,0.56,1.044,1.089,0.16,0.216,0.821
0.224,1.262,0.561,1.046,1.091,0.16,0.216,0.822
0.225,1.264,0.562,1.048,1.094,0.161,0.217,0.824
0.225,1.266,0.563,1.05,1.096,0.161,0.217,0.825
0.226,1.268,0.563,1.052,1.099,0.162,0.217,0.826
0.226,1.27,0.564,1.054,1.101,0.163,0.217,0.827
0.227,1.272,0.566,1.056,1.103,0.163,0.217,0.829
0.227,1.273,0.566,1.058,1.105,0.164,0.218,0.83
0.227,1.275,0.567,1.06,1.108,0.164,0.218,0.831
0.228,1.277,0.568,1.062,1.11,0.165,0.218,0.832
0.228,1.279,0.569,1.064,1.112,0.166,0.218,0.833
0.229,1.281,0.57,1.066,1.114,0.167,0.219,0.834
0.229,1.283,0.571,1.067,1.116,0.167,0.219,0.835
0.23,1.284,0.572,1.069,1.118,0.168,0.219,0.836
0.23,1.286,0.573,1.071,1.12,0.168,0.219,0.836
0.23,1.288,0.574,1.073,1.122,0.169,0.219,0.837
0.231,1.289,0.575,1.074,1.124,0.169,0.22,0.838
0.231,1.291,0.576,1.076,1.126,0.17,0.22,0.839
0.232,1.293,0.577,1.077,1.128,0.171,0.22,0.839
0.232,1.295,0.578,1.079,1.129,0.171,0.22,0.84
0.233,1.296,0.579,1.08,1.131,0.172,0.221,0.841
0.233,1.298,0.58,1.082,1.133,0.172,0.221,0.841
0.234,1.3,0.581,1.083,1.135,0.173,0.221,0.842
0.234,1.301,0.582,1.085,1.137,0.174,0.221,0.842
0.234,1.303,0.582,1.086,1.138,0.174,0.221,0.843
0.235,1.304,0.583,1.087,1.14,0.175,0.222,0.843
0.235,1.306,0.584,1.089,1.141,0.175,0.222,0.844
0.236,1.307,0.585,1.09,1.143,0.176,0.222,0.844
0.236,1.309,0.586,1.091,1.144,0.177,0.222,0.845
0.237,1.311,0.587,1.093,1.146,0.177,0.223,0.845
0.237,1.312,0.588,1.094,1.147,0.178,0.223,0.846
0.237,1.314,0.589,1.095,1.149,0.179,0.223,0.846
0.238,1.315,0.59,1.096,1.15,0.179,0.223,0.847
0.238,1.317,0.591,1.098,1.152,0.18,0.224,0.847
0.239,1.318,0.592,1.099,1.153,0.18,0.224,0.848
0.239,1.32,0.592,1.1,1.155,0.181,0.224,0.848
0.24,1.321,0.593,1.101,1.156,0.182,0.224,0.849
0.24,1.323,0.594,1.103,1.158,0.182,0.224,0.849
0.241,1.324,0.595,1.104,1.159,0.183,0.224,0.849
0.241,1.326,0.596,1.105,1.16,0.183,0.225,0.85
0.242,1.327,0.597,1.106,1.161,0.184,0.225,0.85
0.242,1.328,0.598,1.107,1.163,0.185,0.225,0.85
0.242,1.33,0.599,1.108,1.164,0.185,0.225,0.851
0.243,1.331,0.6,1.109,1.165,0.186,0.226,0.851
0.243,1.333,0.601,1.11,1.167,0.186,0.226,0.851
0.244,1.334,0.602,1.111,1.168,0.187,0.226,0.852
0.244,1.335,0.603,1.113,1.169,0.188,0.226,0.852
0.245,1.337,0.603,1.114,1.17,0.188,0.226,0.852
0.245,1.338,0.604,1.115,1.171,0.189,0.226,0.852
0.245,1.339,0.605,1.116,1.172,0.189,0.227,0.853
0.246,1.341,0.606,1.117,1.174,0.19,0.227,0.853
0.246,1.342,0.607,1.118,1.175,0.191,0.227,0.853
0.247,1.343,0.608,1.119,1.176,0.191,0.227,0.853
0.247,1.344,0.609,1.119,1.177,0.192,0.227,0.853
0.248,1.345,0.61,1.121,1.178,0.192,0.228,0.853
0.248,1.347,0.61,1.121,1.179,0.193,0.228,0.853
0.249,1.348,0.611,1.122,1.18,0.194,0.228,0.853
0.249,1.349,0.612,1.123,1.181,0.194,0.228,0.853
0.25,1.351,0.613,1.124,1.182,0.195,0.229,0.854
0.25,1.352,0.614,1.125,1.183,0.196,0.229,0.853
0.25,1.353,0.615,1.126,1.184,0.196,0.229,0.854
0.251,1.354,0.616,1.126,1.185,0.197,0.229,0.853
0.251,1.355,0.616,1.127,1.185,0.197,0.229,0.853
0.252,1.357,0.617,1.128,1.186,0.198,0.229,0.853
0.252,1.358,0.618,1.129,1.187,0.198,0.229,0.853
0.253,1.359,0.619,1.13,1.188,0.199,0.229,0.853
0.253,1.36,0.62,1.13,1.189,0.2,0.23,0.853
0.254,1.361,0.621,1.131,1.189,0.2,0.23,0.853
0.254,1.362,0.621,1.132,1.19,0.201,0.23,0.853
0.254,1.363,0.622,1.133,1.191,0.202,0.23,0.853
0.255,1.365,0.623,1.126,1.189,0.201,0.23,0.851
0.255,1.363,0.623,1.132,1.19,0.202,0.23,0.851
0.255,1.364,0.624,1.132,1.191,0.203,0.23,0.851
0.256,1.365,0.624,1.133,1.191,0.203,0.231,0.85
0.256,1.366,0.625,1.134,1.192,0.204,0.231,0.85
0.256,1.367,0.626,1.134,1.193,0.205,0.231,0.85
0.257,1.368,0.627,1.135,1.193,0.205,0.231,0.85
0.257,1.369,0.628,1.136,1.194,0.206,0.231,0.85
0.258,1.37,0.629,1.136,1.195,0.206,0.231,0.849
0.258,1.371,0.629,1.137,1.195,0.207,0.232,0.849
0.259,1.372,0.63,1.137,1.195,0.207,0.232,0.849
0.259,1.373,0.631,1.138,1.196,0.208,0.232,0.848
0.26,1.374,0.632,1.138,1.197,0.209,0.232,0.848
0.26,1.375,0.633,1.139,1.197,0.209,0.232,0.848
0.26,1.376,0.633,1.139,1.198,0.21,0.232,0.847
0.261,1.377,0.634,1.14,1.198,0.21,0.233,0.847
0.261,1.378,0.635,1.14,1.199,0.211,0.233,0.847
0.262,1.379,0.636,1.141,1.199,0.211,0.233,0.846
0.262,1.38,0.636,1.141,1.199,0.212,0.233,0.846
0.263,1.381,0.637,1.142,1.2,0.213,0.233,0.845
0.263,1.382,0.638,1.142,1.2,0.213,0.233,0.845
0.263,1.383,0.639,1.142,1.201,0.214,0.234,0.844
0.264,1.384,0.64,1.143,1.201,0.214,0.234,0.844
0.264,1.384,0.64,1.143,1.201,0.215,0.234,0.843
0.265,1.385,0.641,1.143,1.201,0.215,0.234,0.842
0.265,1.386,0.642,1.144,1.202,0.216,0.234,0.842
0.266,1.387,0.643,1.144,1.202,0.216,0.234,0.841
0.266,1.388,0.643,1.144,1.202,0.217,0.234,0.841
0.266,1.389,0.644,1.145,1.202,0.218,0.235,0.84
0.267,1.389,0.645,1.145,1.202,0.218,0.235,0.839
0.267,1.39,0.646,1.145,1.202,0.219,0.235,0.838
0.268,1.391,0.646,1.145,1.203,0.219,0.235,0.838
0.268,1.392,0.647,1.145,1.203,0.22,0.235,0.837
0.269,1.392,0.648,1.146,1.203,0.22,0.236,0.836
0.269,1.393,0.649,1.146,1.203,0.221,0.235,0.835
0.27,1.393,0.649,1.146,1.203,0.221,0.236,0.835
0.27,1.394,0.65,1.146,1.203,0.222,0.236,0.834
0.27,1.395,0.651,1.146,1.203,0.222,0.236,0.833
0.271,1.395,0.651,1.146,1.203,0.223,0.236,0.832
0.271,1.396,0.652,1.147,1.203,0.223,0.237,0.831
0.272,1.396,0.653,1.147,1.203,0.224,0.236,0.83
0.272,1.396,0.653,1.146,1.203,0.224,0.237,0.83
0.273,1.396,0.654,1.147,1.202,0.225,0.237,0.829
0.273,1.397,0.655,1.147,1.202,0.225,0.237,0.828
0.274,1.397,0.656,1.147,1.202,0.226,0.237,0.827
0.274,1.397,0.656,1.147,1.202,0.226,0.237,0.826
0.274,1.397,0.657,1.147,1.202,0.227,0.237,0.826
0.275,1.398,0.658,1.147,1.202,0.227,0.238,0.825
0.275,1.397,0.658,1.147,1.201,0.228,0.238,0.824
0.276,1.398,0.659,1.147,1.201,0.228,0.238,0.823
0.276,1.398,0.66,1.147,1.201,0.229,0.238,0.822
0.276,1.397,0.66,1.147,1.201,0.229,0.238,0.822
0.277,1.397,0.661,1.147,1.201,0.23,0.238,0.821
0.277,1.397,0.662,1.147,1.201,0.23,0.239,0.82
0.278,1.397,0.662,1.147,1.2,0.23,0.239,0.819
0.278,1.397,0.663,1.147,1.2,0.231,0.239,0.819
0.279,1.396,0.663,1.147,1.2,0.231,0.239,0.818
0.279,1.396,0.664,1.147,1.2,0.232,0.239,0.817
0.28,1.396,0.665,1.147,1.199,0.232,0.239,0.817
0.28,1.395,0.666,1.147,1.199,0.232,0.24,0.816
0.281,1.395,0.666,1.147,1.199,0.233,0.24,0.817
0.281,1.398,0.668,1.15,1.201,0.234,0.24,0.816
0.282,1.397,0.669,1.15,1.201,0.234,0.24,0.816
0.282,1.397,0.669,1.15,1.201,0.235,0.24,0.815
0.283,1.396,0.67,1.15,1.2,0.235,0.241,0.814
0.283,1.396,0.671,1.15,1.2,0.235,0.241,0.814
0.284,1.395,0.671,1.15,1.2,0.236,0.241,0.813
0.284,1.395,0.672,1.15,1.2,0.236,0.241,0.813
0.285,1.394,0.672,1.15,1.199,0.237,0.241,0.812
0.285,1.393,0.673,1.15,1.199,0.237,0.241,0.812
0.285,1.393,0.674,1.15,1.199,0.237,0.242,0.811
0.286,1.392,0.674,1.149,1.198,0.238,0.242,0.81
0.286,1.391,0.675,1.15,1.198,0.238,0.242,0.81
0.287,1.391,0.676,1.149,1.198,0.238,0.242,0.809
0.287,1.39,0.676,1.149,1.198,0.239,0.242,0.809
0.288,1.389,0.677,1.149,1.197,0.239,0.242,0.808
0.288,1.388,0.677,1.149,1.197,0.239,0.243,0.808
0.289,1.388,0.678,1.149,1.197,0.24,0.243,0.807
0.289,1.387,0.679,1.149,1.196,0.24,0.243,0.806
0.289,1.386,0.679,1.149,1.196,0.241,0.243,0.806
0.29,1.385,0.68,1.149,1.196,0.241,0.243,0.805
0.29,1.385,0.68,1.149,1.195,0.241,0.243,0.804
0.291,1.384,0.681,1.149,1.195,0.242,0.243,0.804
0.291,1.383,0.681,1.149,1.195,0.242,0.243,0.803
0.291,1.382,0.682,1.149,1.194,0.242,0.244,0.803
0.292,1.381,0.683,1.149,1.194,0.243,0.244,0.802
0.292,1.38,0.683,1.149,1.194,0.243,0.244,0.801
0.293,1.379,0.684,1.149,1.193,0.243,0.244,0.801
0.293,1.378,0.684,1.149,1.193,0.243,0.244,0.8
0.294,1.377,0.685,1.149,1.192,0.244,0.244,0.799
0.294,1.376,0.685,1.149,1.192,0.244,0.244,0.799
0.295,1.375,0.686,1.148,1.192,0.244,0.244,0.798
0.295,1.374,0.687,1.148,1.191,0.245,0.245,0.798
0.295,1.373,0.687,1.148,1.191,0.245,0.245,0.797
0.296,1.372,0.688,1.148,1.19,0.245,0.245,0.796
0.296,1.371,0.688,1.148,1.19,0.245,0.245,0.796
0.297,1.37,0.689,1.148,1.19,0.246,0.245,0.795
0.297,1.369,0.689,1.148,1.189,0.246,0.245,0.794
0.298,1.368,0.69,1.148,1.189,0.246,0.245,0.794
0.298,1.367,0.69,1.148,1.188,0.247,0.246,0.793
0.298,1.366,0.691,1.148,1.188,0.247,0.246,0.792
0.299,1.365,0.692,1.148,1.188,0.247,0.246,0.792
0.299,1.363,0.692,1.148,1.187,0.247,0.246,0.791
0.3,1.362,0.693,1.148,1.187,0.248,0.246,0.791
0.3,1.361,0.693,1.147,1.187,0.248,0.246,0.79
0.3,1.36,0.694,1.147,1.186,0.248,0.246,0.789
0.301,1.359,0.694,1.147,1.186,0.248,0.247,0.788
0.301,1.358,0.695,1.147,1.185,0.248,0.246,0.788
0.302,1.357,0.695,1.147,1.185,0.249,0.247,0.787
0.302,1.356,0.696,1.147,1.185,0.249,0.247,0.787
0.303,1.355,0.696,1.147,1.184,0.249,0.247,0.786
0.303,1.353,0.697,1.147,1.184,0.25,0.247,0.786
0.304,1.352,0.697,1.147,1.183,0.25,0.247,0.785
0.304,1.351,0.698,1.147,1.183,0.25,0.247,0.784
0.304,1.35,0.698,1.147,1.183,0.25,0.247,0.784
0.305,1.349,0.699,1.147,1.182,0.25,0.247,0.783
0.305,1.348,0.699,1.147,1.182,0.25,0.248,0.782
0.306,1.347,0.7,1.147,1.182,0.25,0.248,0.782
0.306,1.346,0.7,1.147,1.181,0.251,0.248,0.781
0.306,1.345,0.701,1.146,1.181,0.251,0.248,0.78
0.307,1.343,0.701,1.147,1.18,0.251,0.248,0.78
0.307,1.342,0.702,1.146,1.18,0.251,0.248,0.779
0.308,1.341,0.702,1.146,1.179,0.252,0.248,0.779
0.308,1.34,0.703,1.146,1.179,0.252,0.249,0.778
0.308,1.339,0.703,1.145,1.176,0.252,0.248,0.776
0.308,1.335,0.702,1.144,1.176,0.252,0.248,0.775
0.308,1.333,0.703,1.144,1.175,0.252,0.248,0.775
0.309,1.332,0.703,1.144,1.175,0.252,0.248,0.774
0.309,1.331,0.704,1.143,1.175,0.252,0.248,0.773
0.31,1.33,0.704,1.143,1.174,0.252,0.249,0.773
0.31,1.329,0.705,1.143,1.174,0.252,0.249,0.772
0.31,1.328,0.705,1.143,1.173,0.253,0.249,0.772
0.311,1.327,0.706,1.143,1.173,0.253,0.249,0.771
0.311,1.326,0.706,1.143,1.172,0.253,0.249,0.77
0.312,1.324,0.707,1.143,1.172,0.253,0.249,0.77
0.312,1.323,0.707,1.143,1.171,0.253,0.249,0.769
0.313,1.322,0.708,1.143,1.171,0.253,0.249,0.768
0.313,1.321,0.708,1.143,1.171,0.253,0.249,0.768
0.313,1.319,0.708,1.143,1.17,0.254,0.249,0.767
0.314,1.318,0.709,1.142,1.17,0.254,0.249,0.766
0.314,1.317,0.709,1.142,1.169,0.254,0.249,0.765
0.314,1.316,0.71,1.142,1.169,0.254,0.25,0.765
0.315,1.315,0.71,1.142,1.168,0.254,0.25,0.764
0.315,1.314,0.711,1.142,1.168,0.254,0.25,0.763
0.316,1.312,0.711,1.142,1.167,0.254,0.25,0.762
0.316,1.311,0.712,1.142,1.167,0.254,0.25,0.762
0.317,1.31,0.712,1.142,1.166,0.254,0.25,0.761
0.317,1.309,0.712,1.142,1.166,0.254,0.25,0.76
0.317,1.307,0.713,1.141,1.165,0.255,0.25,0.759
0.317,1.306,0.714,1.141,1.165,0.255,0.25,0.758
0.318,1.305,0.714,1.141,1.164,0.255,0.25,0.758
0.318,1.304,0.714,1.141,1.164,0.255,0.25,0.757
0.319,1.302,0.715,1.141,1.163,0.255,0.25,0.756
0.319,1.301,0.715,1.141,1.163,0.255,0.25,0.755
0.32,1.3,0.715,1.14,1.162,0.255,0.251,0.754
0.32,1.298,0.716,1.14,1.162,0.255,0.251,0.754
0.32,1.297,0.716,1.14,1.161,0.255,0.251,0.753
0.321,1.296,0.717,1.14,1.161,0.255,0.251,0.752
0.321,1.294,0.717,1.14,1.16,0.255,0.251,0.751
0.321,1.293,0.718,1.139,1.159,0.255,0.251,0.75
0.322,1.292,0.718,1.139,1.159,0.255,0.251,0.749
0.322,1.29,0.719,1.139,1.158,0.255,0.251,0.749
0.322,1.289,0.719,1.139,1.158,0.255,0.251,0.748
0.323,1.288,0.72,1.139,1.157,0.255,0.251,0.747
0.323,1.286,0.72,1.139,1.157,0.255,0.251,0.746
0.323,1.285,0.72,1.138,1.156,0.255,0.252,0.746
0.324,1.283,0.721,1.138,1.156,0.255,0.251,0.745
0.324,1.282,0.721,1.138,1.155,0.255,0.252,0.744
0.325,1.281,0.722,1.138,1.154,0.255,0.252,0.743
0.325,1.279,0.722,1.137,1.154,0.255,0.252,0.743
0.325,1.278,0.722,1.137,1.153,0.255,0.252,0.742
0.326,1.276,0.723,1.137,1.153,0.255,0.252,0.742
0.326,1.275,0.723,1.137,1.152,0.255,0.252,0.741
0.326,1.274,0.723,1.136,1.151,0.255,0.252,0.74
0.327,1.272,0.724,1.136,1.151,0.255,0.252,0.74
0.327,1.271,0.724,1.136,1.15,0.255,0.252,0.739
0.327,1.269,0.725,1.136,1.15,0.255,0.252,0.738
0.328,1.268,0.725,1.136,1.149,0.255,0.252,0.738
0.328,1.267,0.725,1.135,1.149,0.255,0.252,0.737
0.329,1.266,0.726,1.135,1.148,0.255,0.253,0.737
0.329,1.264,0.726,1.135,1.148,0.255,0.253,0.736
0.329,1.263,0.727,1.135,1.147,0.255,0.253,0.736
0.33,1.262,0.727,1.135,1.146,0.255,0.253,0.735
0.33,1.26,0.728,1.135,1.146,0.255,0.253,0.734
0.33,1.259,0.728,1.134,1.145,0.255,0.253,0.734
0.332,1.26,0.73,1.137,1.147,0.255,0.253,0.735
0.332,1.259,0.73,1.136,1.147,0.255,0.254,0.734
0.332,1.258,0.731,1.136,1.146,0.255,0.254,0.734
0.333,1.256,0.731,1.136,1.145,0.255,0.254,0.733
0.333,1.255,0.731,1.136,1.145,0.255,0.254,0.733
0.333,1.254,0.732,1.136,1.144,0.255,0.254,0.732
0.334,1.253,0.732,1.136,1.144,0.255,0.254,0.732
0.334,1.251,0.733,1.135,1.143,0.255,0.254,0.731
0.334,1.25,0.733,1.135,1.143,0.255,0.254,0.731
0.335,1.249,0.733,1.135,1.142,0.254,0.254,0.73
0.335,1.247,0.734,1.135,1.142,0.254,0.254,0.73
0.336,1.246,0.734,1.135,1.141,0.254,0.254,0.729
0.336,1.245,0.735,1.134,1.141,0.254,0.254,0.729
0.336,1.243,0.735,1.134,1.14,0.254,0.254,0.728
0.337,1.242,0.735,1.134,1.139,0.254,0.255,0.727
0.337,1.241,0.736,1.134,1.139,0.254,0.255,0.727
0.337,1.239,0.736,1.134,1.138,0.254,0.255,0.726
0.338,1.238,0.737,1.134,1.138,0.254,0.255,0.726
0.338,1.237,0.737,1.134,1.137,0.254,0.255,0.725
0.338,1.235,0.737,1.133,1.137,0.254,0.255,0.725
0.339,1.234,0.738,1.133,1.136,0.253,0.255,0.724
0.339,1.233,0.738,1.133,1.136,0.253,0.255,0.724
0.339,1.232,0.738,1.133,1.135,0.253,0.255,0.723
0.34,1.23,0.739,1.132,1.135,0.253,0.255,0.723
0.34,1.229,0.739,1.132,1.134,0.253,0.255,0.722
0.34,1.227,0.74,1.132,1.133,0.253,0.255,0.722
0.341,1.226,0.74,1.132,1.133,0.253,0.256,0.721
0.341,1.225,0.74,1.132,1.132,0.253,0.255,0.721
0.341,1.224,0.741,1.132,1.132,0.252,0.256,0.72
0.342,1.223,0.741,1.132,1.131,0.252,0.256,0.72
0.342,1.221,0.741,1.131,1.131,0.252,0.256,0.719
0.343,1.22,0.742,1.131,1.13,0.252,0.256,0.718
0.343,1.219,0.742,1.131,1.13,0.252,0.256,0.718
0.343,1.217,0.743,1.131,1.129,0.252,0.256,0.717
0.343,1.216,0.743,1.131,1.129,0.252,0.256,0.717
0.344,1.215,0.743,1.13,1.128,0.251,0.256,0.716
0.344,1.214,0.744,1.13,1.127,0.251,0.256,0.716
0.345,1.212,0.744,1.13,1.127,0.251,0.256,0.715
0.345,1.211,0.744,1.13,1.127,0.251,0.256,0.715
0.345,1.21,0.745,1.13,1.126,0.251,0.256,0.714
0.345,1.208,0.745,1.13,1.125,0.251,0.256,0.714
0.346,1.207,0.746,1.129,1.125,0.25,0.256,0.713
0.346,1.206,0.746,1.13,1.124,0.25,0.257,0.713
0.346,1.205,0.746,1.129,1.124,0.25,0.257,0.712
0.347,1.203,0.747,1.129,1.123,0.25,0.256,0.711
0.347,1.202,0.747,1.129,1.123,0.25,0.257,0.711
0.347,1.201,0.747,1.129,1.122,0.25,0.257,0.71
0.348,1.2,0.748,1.129,1.122,0.249,0.257,0.71
0.348,1.198,0.748,1.128,1.121,0.249,0.257,0.709
0.348,1.197,0.748,1.128,1.121,0.249,0.257,0.709
0.349,1.196,0.749,1.128,1.12,0.249,0.257,0.708
0.349,1.195,0.749,1.128,1.12,0.249,0.257,0.708
0.349,1.193,0.749,1.128,1.119,0.248,0.257,0.707
0.35,1.192,0.75,1.128,1.118,0.248,0.257,0.706
0.35,1.191,0.75,1.127,1.118,0.248,0.257,0.706
0.35,1.19,0.75,1.127,1.117,0.248,0.257,0.705
0.351,1.189,0.751,1.127,1.117,0.248,0.257,0.705
0.351,1.187,0.751,1.127,1.116,0.248,0.257,0.704
0.351,1.186,0.752,1.127,1.116,0.247,0.257,0.704
0.352,1.185,0.752,1.127,1.115,0.247,0.257,0.703
0.352,1.184,0.752,1.126,1.115,0.247,0.257,0.703
0.352,1.182,0.752,1.126,1.114,0.247,0.258,0.702
0.353,1.181,0.753,1.126,1.114,0.247,0.258,0.702
0.353,1.18,0.753,1.126,1.113,0.246,0.258,0.701
0.353,1.179,0.753,1.126,1.112,0.246,0.258,0.7
0.354,1.177,0.754,1.126,1.112,0.246,0.258,0.7
0.354,1.176,0.754,1.125,1.111,0.246,0.258,0.699
0.354,1.175,0.754,1.125,1.111,0.246,0.258,0.699
0.354,1.174,0.755,1.125,1.11,0.245,0.258,0.699
0.355,1.173,0.755,1.125,1.11,0.245,0.258,0.698
0.355,1.172,0.755,1.125,1.109,0.245,0.258,0.698
0.355,1.17,0.756,1.125,1.109,0.245,0.258,0.697
0.356,1.169,0.756,1.124,1.108,0.245,0.258,0.696
0.356,1.168,0.756,1.124,1.108,0.244,0.258,0.696
0.356,1.167,0.757,1.124,1.107,0.244,0.258,0.695
0.357,1.166,0.757,1.124,1.107,0.244,0.258,0.695
0.357,1.165,0.757,1.124,1.106,0.244,0.258,0.694
0.357,1.163,0.758,1.123,1.106,0.243,0.258,0.694
0.358,1.162,0.758,1.123,1.105,0.243,0.258,0.693
0.358,1.161,0.758,1.123,1.104,0.243,0.258,0.693
0.358,1.16,0.759,1.123,1.104,0.243,0.259,0.692
0.358,1.159,0.759,1.123,1.104,0.243,0.258,0.692
0.359,1.158,0.759,1.123,1.103,0.242,0.259,0.691
0.359,1.157,0.76,1.123,1.102,0.242,0.259,0.691
0.359,1.156,0.76,1.122,1.102,0.242,0.259,0.69
0.36,1.154,0.76,1.122,1.101,0.242,0.259,0.69
0.36,1.153,0.761,1.122,1.101,0.242,0.259,0.689
0.36,1.152,0.761,1.122,1.1,0.241,0.259,0.689
0.36,1.151,0.761,1.122,1.1,0.241,0.259,0.688
0.361,1.15,0.762,1.121,1.099,0.241,0.259,0.688
0.361,1.149,0.762,1.121,1.099,0.24,0.259,0.687
0.361,1.148,0.762,1.121,1.098,0.24,0.259,0.687
0.362,1.147,0.763,1.121,1.098,0.24,0.259,0.686
0.362,1.145,0.763,1.121,1.097,0.24,0.259,0.686
0.362,1.145,0.763,1.12,1.097,0.24,0.259,0.685
0.363,1.143,0.764,1.12,1.096,0.239,0.259,0.685
0.363,1.142,0.764,1.12,1.095,0.239,0.259,0.685
0.363,1.141,0.764,1.12,1.095,0.239,0.259,0.684
0.363,1.14,0.764,1.12,1.094,0.239,0.259,0.684
0.364,1.139,0.765,1.12,1.094,0.238,0.259,0.683
0.364,1.138,0.765,1.12,1.093,0.238,0.259,0.683
0.364,1.137,0.765,1.119,1.093,0.238,0.259,0.682
0.364,1.135,0.765,1.119,1.092,0.238,0.259,0.682
0.365,1.134,0.766,1.119,1.092,0.237,0.26,0.681
0.365,1.133,0.766,1.119,1.091,0.237,0.26,0.681
0.365,1.132,0.766,1.119,1.091,0.237,0.26,0.68
0.366,1.131,0.767,1.119,1.09,0.237,0.26,0.68
0.366,1.13,0.767,1.118,1.09,0.237,0.26,0.679
0.366,1.129,0.767,1.118,1.089,0.236,0.26,0.679
0.366,1.128,0.768,1.118,1.089,0.236,0.26,0.679
0.367,1.127,0.768,1.118,1.088,0.236,0.26,0.678
0.367,1.126,0.768,1.118,1.088,0.235,0.26,0.678
0.367,1.125,0.769,1.118,1.087,0.235,0.26,0.677
0.368,1.124,0.769,1.118,1.087,0.235,0.26,0.677
0.368,1.123,0.769,1.117,1.086,0.235,0.26,0.676
0.368,1.122,0.769,1.117,1.085,0.234,0.26,0.676
0.368,1.121,0.77,1.117,1.085,0.234,0.26,0.675
0.369,1.12,0.77,1.117,1.084,0.234,0.26,0.675
0.369,1.119,0.77,1.117,1.084,0.233,0.26,0.674
0.369,1.117,0.771,1.116,1.083,0.233,0.26,0.674
0.37,1.116,0.771,1.116,1.083,0.233,0.26,0.673
0.37,1.115,0.771,1.116,1.082,0.233,0.26,0.673
0.37,1.114,0.772,1.116,1.082,0.232,0.26,0.672
0.37,1.113,0.772,1.116,1.081,0.232,0.26,0.672
0.37,1.112,0.772,1.115,1.081,0.232,0.26,0.672
0.371,1.111,0.772,1.115,1.08,0.232,0.261,0.671
0.371,1.11,0.773,1.115,1.08,0.231,0.26,0.671
0.371,1.109,0.773,1.115,1.079,0.231,0.26,0.67
0.372,1.108,0.773,1.115,1.079,0.231,0.26,0.67
0.372,1.107,0.773,1.114,1.078,0.231,0.261,0.669
0.372,1.106,0.774,1.114,1.078,0.23,0.261,0.669
0.372,1.105,0.774,1.114,1.077,0.23,0.26,0.669
0.373,1.104,0.774,1.114,1.077,0.23,0.261,0.668
0.373,1.103,0.774,1.114,1.076,0.229,0.261,0.668
0.373,1.102,0.775,1.114,1.076,0.229,0.261,0.667
0.373,1.101,0.775,1.113,1.075,0.229,0.261,0.667
0.374,1.1,0.775,1.113,1.075,0.229,0.261,0.666
0.374,1.099,0.776,1.113,1.074,0.228,0.261,0.666
0.374,1.098,0.776,1.113,1.074,0.228,0.261,0.666
0.375,1.097,0.776,1.113,1.073,0.228,0.261,0.665
0.375,1.096,0.776,1.113,1.072,0.228,0.261,0.665
0.375,1.095,0.777,1.113,1.072,0.227,0.261,0.664
0.375,1.094,0.777,1.112,1.071,0.227,0.261,0.664
0.375,1.093,0.777,1.112,1.071,0.227,0.261,0.663
0.376,1.092,0.778,1.112,1.07,0.227,0.261,0.663
0.376,1.091,0.778,1.112,1.07,0.226,0.261,0.663
0.376,1.09,0.778,1.111,1.07,0.226,0.261,0.662
0.376,1.089,0.778,1.111,1.069,0.226,0.261,0.662
0.377,1.088,0.779,1.111,1.069,0.225,0.261,0.661
0.377,1.087,0.779,1.111,1.068,0.225,0.261,0.661
0.377,1.086,0.779,1.111,1.068,0.225,0.261,0.661
0.377,1.085,0.779,1.111,1.067,0.225,0.261,0.66
0.378,1.084,0.78,1.111,1.067,0.224,0.261,0.66
0.378,1.083,0.78,1.11,1.066,0.224,0.261,0.66
0.378,1.082,0.78,1.11,1.066,0.224,0.261,0.659
0.378,1.081,0.781,1.11,1.065,0.224,0.261,0.659
0.379,1.08,0.781,1.11,1.065,0.223,0.261,0.658
0.379,1.079,0.781,1.11,1.064,0.223,0.261,0.658
0.379,1.078,0.781,1.109,1.064,0.223,0.261,0.657
0.379,1.078,0.782,1.109,1.063,0.222,0.261,0.657
0.379,1.077,0.782,1.109,1.063,0.222,0.262,0.657
0.38,1.076,0.782,1.109,1.062,0.222,0.261,0.656
0.38,1.075,0.782,1.109,1.062,0.222,0.261,0.656
0.38,1.074,0.782,1.108,1.061,0.221,0.262,0.655
0.381,1.073,0.783,1.109,1.061,0.221,0.261,0.655
0.381,1.072,0.783,1.108,1.06,0.221,0.262,0.655
0.381,1.071,0.783,1.108,1.06,0.221,0.261,0.654
0.381,1.07,0.784,1.108,1.059,0.22,0.262,0.654
0.381,1.069,0.784,1.108,1.059,0.22,0.262,0.653
0.382,1.068,0.784,1.108,1.058,0.219,0.262,0.653
0.382,1.068,0.784,1.108,1.058,0.219,0.262,0.653
0.382,1.067,0.785,1.107,1.057,0.219,0.262,0.652
0.382,1.066,0.785,1.107,1.057,0.219,0.262,0.652
0.383,1.065,0.785,1.107,1.056,0.219,0.262,0.651
0.383,1.064,0.785,1.107,1.056,0.218,0.262,0.651
0.383,1.063,0.786,1.106,1.055,0.218,0.262,0.651
0.383,1.062,0.786,1.107,1.055,0.218,0.262,0.65
0.383,1.061,0.786,1.106,1.054,0.217,0.262,0.65
0.384,1.06,0.786,1.106,1.054,0.217,0.262,0.65
0.384,1.059,0.786,1.106,1.053,0.217,0.262,0.649
0.384,1.059,0.787,1.106,1.053,0.217,0.262,0.649
0.384,1.058,0.787,1.106,1.052,0.216,0.262,0.648
0.385,1.057,0.787,1.105,1.052,0.216,0.262,0.648
0.385,1.056,0.787,1.105,1.052,0.216,0.262,0.648
0.385,1.055,0.788,1.105,1.051,0.215,0.262,0.647
0.385,1.054,0.788,1.105,1.051,0.215,0.262,0.647
0.386,1.053,0.788,1.105,1.05,0.215,0.262,0.646
0.386,1.052,0.788,1.105,1.05,0.215,0.262,0.646
0.386,1.052,0.789,1.104,1.049,0.214,0.262,0.646
0.386,1.051,0.789,1.104,1.049,0.214,0.262,0.645
0.386,1.05,0.789,1.104,1.048,0.214,0.262,0.645
0.387,1.049,0.789,1.104,1.048,0.214,0.262,0.644
0.387,1.048,0.79,1.104,1.047,0.213,0.262,0.644
0.387,1.047,0.79,1.104,1.047,0.213,0.262,0.644
0.387,1.046,0.79,1.103,1.046,0.213,0.262,0.643
0.387,1.046,0.79,1.103,1.046,0.212,0.262,0.643
0.388,1.045,0.79,1.103,1.045,0.212,0.262,0.643
0.388,1.044,0.791,1.103,1.045,0.212,0.262,0.642
0.388,1.043,0.791,1.103,1.045,0.212,0.262,0.642
0.388,1.042,0.791,1.103,1.044,0.212,0.262,0.641
0.388,1.042,0.791,1.102,1.044,0.211,0.262,0.641
0.389,1.041,0.792,1.102,1.043,0.211,0.262,0.641
0.389,1.04,0.792,1.102,1.043,0.211,0.262,0.64
0.389,1.039,0.792,1.102,1.042,0.21,0.262,0.64
0.389,1.038,0.793,1.102,1.042,0.21,0.262,0.64
0.39,1.037,0.793,1.101,1.041,0.21,0.262,0.639
0.39,1.037,0.793,1.102,1.041,0.21,0.262,0.639
0.39,1.036,0.793,1.101,1.04,0.209,0.262,0.639
0.39,1.035,0.793,1.101,1.04,0.209,0.262,0.638
0.39,1.034,0.794,1.101,1.04,0.209,0.262,0.638
0.39,1.033,0.794,1.101,1.039,0.208,0.262,0.637
0.391,1.033,0.794,1.101,1.039,0.208,0.263,0.637
0.391,1.032,0.794,1.1,1.038,0.208,0.262,0.637
0.391,1.031,0.794,1.101,1.038,0.208,0.263,0.637
0.391,1.03,0.795,1.1,1.037,0.207,0.262,0.636
0.391,1.03,0.795,1.1,1.037,0.207,0.263,0.636
0.392,1.029,0.795,1.1,1.036,0.207,0.263,0.635
0.392,1.028,0.795,1.1,1.036,0.206,0.263,0.635
0.392,1.027,0.796,1.099,1.036,0.206,0.263,0.635
0.392,1.027,0.796,1.099,1.035,0.206,0.263,0.634
0.392,1.026,0.796,1.099,1.035,0.206,0.263,0.634
0.393,1.025,0.796,1.099,1.034,0.206,0.263,0.634
0.393,1.024,0.797,1.099,1.034,0.205,0.263,0.633
0.393,1.023,0.797,1.099,1.033,0.205,0.263,0.633
0.393,1.023,0.797,1.098,1.033,0.205,0.263,0.633
0.393,1.022,0.797,1.098,1.032,0.205,0.263,0.632
0.394,1.021,0.797,1.098,1.032,0.204,0.263,0.632
0.394,1.02,0.798,1.098,1.032,0.204,0.263,0.632
0.394,1.019,0.798,1.098,1.031,0.204,0.263,0.631
0.394,1.019,0.798,1.098,1.031,0.203,0.263,0.631
0.394,1.018,0.798,1.097,1.03,0.203,0.263,0.63
0.395,1.017,0.798,1.097,1.03,0.203,0.263,0.63
0.395,1.017,0.799,1.097,1.029,0.203,0.263,0.63
0.395,1.016,0.799,1.097,1.029,0.202,0.263,0.629
0.395,1.015,0.799,1.097,1.028,0.202,0.263,0.629
0.395,1.014,0.799,1.097,1.028,0.202,0.263,0.629
0.396,1.014,0.8,1.097,1.028,0.202,0.263,0.628
0.396,1.013,0.8,1.096,1.027,0.201,0.263,0.628
0.396,1.012,0.8,1.096,1.027,0.201,0.263,0.628
0.396,1.011,0.8,1.096,1.026,0.201,0.263,0.627
0.396,1.011,0.8,1.096,1.026,0.201,0.263,0.627
0.396,1.01,0.801,1.096,1.025,0.2,0.263,0.627
0.397,1.009,0.801,1.096,1.025,0.2,0.263,0.626
0.397,1.008,0.801,1.095,1.024,0.2,0.263,0.626
0.397,1.008,0.801,1.095,1.024,0.2,0.263,0.626
0.397,1.007,0.801,1.095,1.024,0.199,0.263,0.625
0.397,1.006,0.802,1.095,1.023,0.199,0.263,0.625
0.397,1.006,0.802,1.095,1.023,0.199,0.263,0.625
0.398,1.005,0.802,1.095,1.022,0.199,0.263,0.624
0.398,1.004,0.802,1.095,1.022,0.198,0.263,0.624
0.398,1.003,0.802,1.094,1.021,0.198,0.263,0.624
0.398,1.003,0.803,1.094,1.021,0.198,0.263,0.623
0.398,1.002,0.803,1.094,1.021,0.197,0.263,0.623
0.398,1.001,0.803,1.094,1.02,0.197,0.263,0.623
0.399,1.001,0.803,1.094,1.02,0.197,0.263,0.622
0.399,1.0,0.803,1.094,1.019,0.197,0.263,0.622
0.399,0.999,0.804,1.093,1.019,0.197,0.263,0.622
0.399,0.998,0.804,1.093,1.019,0.196,0.263,0.621
0.399,0.998,0.804,1.093,1.018,0.196,0.263,0.621
0.399,0.997,0.804,1.093,1.018,0.196,0.263,0.621
0.4,0.996,0.804,1.093,1.017,0.196,0.263,0.62
0.4,0.996,0.805,1.093,1.017,0.195,0.263,0.62
0.4,0.995,0.805,1.092,1.017,0.195,0.263,0.62
0.4,0.994,0.805,1.092,1.016,0.195,0.263,0.619
0.4,0.994,0.805,1.092,1.016,0.195,0.263,0.619
0.4,0.993,0.805,1.092,1.015,0.194,0.263,0.619
0.401,0.992,0.806,1.092,1.015,0.194,0.263,0.619
0.401,0.992,0.806,1.092,1.014,0.194,0.263,0.618
0.401,0.991,0.806,1.092,1.014,0.194,0.263,0.618
0.401,0.99,0.806,1.092,1.014,0.193,0.263,0.617
0.401,0.99,0.807,1.091,1.013,0.193,0.263,0.617
0.401,0.989,0.807,1.091,1.013,0.193,0.263,0.617
0.402,0.988,0.807,1.091,1.012,0.193,0.263,0.616
0.402,0.988,0.807,1.091,1.012,0.193,0.263,0.616
0.402,0.987,0.807,1.091,1.012,0.192,0.263,0.616
0.402,0.986,0.807,1.091,1.011,0.192,0.263,0.616
0.402,0.986,0.808,1.09,1.011,0.192,0.263,0.615
0.402,0.985,0.808,1.09,1.01,0.192,0.263,0.615
0.403,0.984,0.808,1.09,1.01,0.191,0.263,0.615
0.403,0.984,0.808,1.09,1.009,0.191,0.263,0.614
0.403,0.983,0.809,1.09,1.009,0.191,0.263,0.614
0.403,0.982,0.809,1.089,1.009,0.191,0.263,0.614
0.403,0.982,0.809,1.089,1.008,0.191,0.263,0.613
0.403,0.981,0.809,1.089,1.008,0.19,0.263,0.613
0.403,0.98,0.809,1.089,1.007,0.19,0.263,0.613
0.404,0.98,0.809,1.089,1.007,0.19,0.263,0.612
0.404,0.979,0.81,1.089,1.007,0.189,0.263,0.612
0.404,0.979,0.81,1.089,1.006,0.189,0.263,0.612
0.404,0.978,0.81,1.089,1.006,0.189,0.263,0.611
0.404,0.977,0.81,1.088,1.005,0.189,0.263,0.611
0.404,0.977,0.81,1.088,1.005,0.189,0.263,0.611
0.405,0.976,0.811,1.088,1.005,0.188,0.263,0.61
0.405,0.975,0.811,1.088,1.004,0.188,0.263,0.61
0.405,0.975,0.811,1.088,1.004,0.188,0.264,0.61
0.405,0.974,0.811,1.088,1.003,0.188,0.263,0.61
0.405,0.974,0.811,1.087,1.003,0.187,0.263,0.609
0.405,0.973,0.811,1.087,1.002,0.187,0.264,0.609
0.405,0.972,0.812,1.087,1.002,0.187,0.263,0.609
0.406,0.972,0.812,1.087,1.002,0.187,0.263,0.608
0.406,0.971,0.812,1.087,1.001,0.187,0.263,0.608
0.406,0.97,0.812,1.087,1.001,0.186,0.264,0.608
0.406,0.97,0.812,1.087,1.001,0.186,0.264,0.607
0.406,0.969,0.813,1.086,1.0,0.186,0.263,0.607
0.406,0.969,0.813,1.086,1.0,0.186,0.263,0.607
0.406,0.968,0.813,1.086,0.999,0.186,0.264,0.607
0.407,0.968,0.813,1.086,0.999,0.185,0.263,0.606
0.407,0.967,0.813,1.086,0.999,0.185,0.263,0.606
0.407,0.966,0.814,1.086,0.998,0.185,0.264,0.606
0.407,0.966,0.814,1.085,0.998,0.185,0.263,0.606
0.407,0.965,0.814,1.085,0.997,0.184,0.263,0.605
0.407,0.965,0.814,1.085,0.997,0.184,0.263,0.605
0.408,0.964,0.814,1.085,0.997,0.184,0.264,0.605
0.408,0.963,0.815,1.085,0.996,0.184,0.264,0.604
0.408,0.963,0.815,1.085,0.996,0.183,0.263,0.604
0.408,0.962,0.815,1.084,0.996,0.183,0.263,0.604
0.408,0.962,0.815,1.085,0.995,0.183,0.263,0.604
0.408,0.961,0.815,1.084,0.995,0.183,0.263,0.603
0.408,0.96,0.815,1.084,0.995,0.183,0.264,0.603
0.408,0.96,0.816,1.084,0.994,0.182,0.264,0.603
0.408,0.959,0.816,1.084,0.994,0.182,0.263,0.602
0.409,0.959,0.816,1.084,0.993,0.182,0.264,0.602
0.409,0.958,0.816,1.083,0.993,0.182,0.263,0.602
0.409,0.958,0.816,1.083,0.993,0.182,0.264,0.602
0.409,0.957,0.817,1.083,0.992,0.181,0.264,0.601
0.409,0.956,0.817,1.083,0.992,0.181,0.264,0.601
0.409,0.955,0.817,1.083,0.991,0.181,0.263,0.6
0.409,0.955,0.817,1.082,0.991,0.181,0.263,0.6
0.41,0.954,0.817,1.082,0.99,0.181,0.263,0.6
0.41,0.954,0.817,1.082,0.99,0.18,0.263,0.6
0.41,0.953,0.817,1.081,0.99,0.18,0.263,0.599
0.41,0.952,0.817,1.08,0.989,0.18,0.263,0.599
0.41,0.951,0.817,1.08,0.989,0.18,0.263,0.6
0.41,0.949,0.817,1.078,0.989,0.179,0.263,0.6
0.41,0.946,0.817,1.077,0.988,0.179,0.264,0.601
0.41,0.943,0.817,1.075,0.988,0.179,0.263,0.602
0.41,0.94,0.817,1.073,0.988,0.179,0.263,0.603
0.411,0.936,0.817,1.071,0.988,0.178,0.263,0.604
0.411,0.932,0.817,1.069,0.987,0.178,0.263,0.605
0.411,0.928,0.817,1.067,0.987,0.178,0.263,0.606
0.411,0.923,0.817,1.065,0.987,0.178,0.263,0.607
0.411,0.919,0.817,1.064,0.987,0.178,0.263,0.607
0.411,0.914,0.817,1.061,0.987,0.177,0.263,0.608
0.411,0.91,0.817,1.06,0.987,0.177,0.263,0.608
0.411,0.906,0.817,1.058,0.987,0.177,0.263,0.609
0.411,0.901,0.816,1.056,0.987,0.177,0.263,0.609
0.411,0.896,0.816,1.054,0.987,0.176,0.263,0.609
0.411,0.892,0.816,1.052,0.987,0.176,0.263,0.608
0.411,0.888,0.816,1.05,0.987,0.176,0.263,0.608
0.411,0.883,0.816,1.048,0.987,0.176,0.263,0.608
0.411,0.879,0.816,1.046,0.987,0.175,0.263,0.608
0.412,0.876,0.816,1.044,0.988,0.175,0.263,0.607
0.412,0.872,0.816,1.041,0.988,0.175,0.263,0.607
0.412,0.868,0.816,1.04,0.988,0.175,0.263,0.607
0.411,0.864,0.816,1.038,0.988,0.175,0.263,0.606
0.412,0.861,0.815,1.036,0.988,0.175,0.263,0.606
0.412,0.857,0.816,1.034,0.988,0.174,0.263,0.606
0.412,0.853,0.815,1.032,0.988,0.174,0.263,0.605
0.411,0.849,0.815,1.03,0.988,0.174,0.263,0.605
0.411,0.845,0.815,1.028,0.988,0.174,0.263,0.604
0.411,0.841,0.815,1.026,0.988,0.173,0.263,0.604
0.411,0.837,0.815,1.024,0.987,0.173,0.263,0.604
0.411,0.834,0.814,1.022,0.987,0.173,0.263,0.603
0.411,0.83,0.814,1.02,0.986,0.173,0.263,0.603
0.411,0.826,0.814,1.018,0.986,0.172,0.263,0.602
0.411,0.822,0.814,1.016,0.985,0.172,0.263,0.602
0.411,0.818,0.814,1.014,0.985,0.172,0.263,0.601
0.411,0.814,0.814,1.012,0.984,0.172,0.263,0.6
0.411,0.811,0.813,1.01,0.984,0.172,0.263,0.6
0.411,0.808,0.813,1.008,0.983,0.171,0.263,0.599
0.411,0.804,0.813,1.005,0.982,0.171,0.263,0.598
0.411,0.801,0.813,1.003,0.982,0.171,0.263,0.597
0.411,0.797,0.813,1.001,0.981,0.17,0.262,0.597
0.411,0.794,0.812,0.999,0.98,0.17,0.262,0.596
0.41,0.79,0.812,0.997,0.98,0.17,0.262,0.595
0.41,0.787,0.812,0.995,0.979,0.17,0.263,0.594
0.41,0.783,0.812,0.993,0.978,0.169,0.262,0.593
0.41,0.78,0.812,0.991,0.978,0.169,0.262,0.593
0.41,0.776,0.811,0.989,0.977,0.169,0.262,0.592
0.41,0.773,0.811,0.987,0.976,0.169,0.262,0.591
0.41,0.77,0.811,0.985,0.975,0.168,0.262,0.591
0.41,0.767,0.811,0.982,0.975,0.168,0.262,0.59
0.41,0.764,0.811,0.98,0.974,0.168,0.262,0.589
0.41,0.761,0.81,0.978,0.973,0.167,0.262,0.588
0.409,0.758,0.81,0.976,0.972,0.167,0.262,0.588
0.409,0.755,0.809,0.974,0.972,0.167,0.262,0.587
0.409,0.752,0.809,0.972,0.971,0.167,0.262,0.586
0.409,0.749,0.809,0.969,0.97,0.166,0.262,0.585
0.409,0.746,0.809,0.967,0.969,0.166,0.262,0.585
0.409,0.744,0.808,0.965,0.968,0.166,0.262,0.584
0.409,0.741,0.808,0.963,0.967,0.165,0.262,0.583
0.408,0.738,0.808,0.961,0.966,0.165,0.262,0.582
0.408,0.735,0.808,0.958,0.966,0.165,0.262,0.582
0.408,0.731,0.807,0.957,0.965,0.165,0.262,0.581
0.408,0.728,0.807,0.954,0.964,0.164,0.262,0.58
0.408,0.725,0.807,0.952,0.963,0.164,0.261,0.579
0.407,0.723,0.807,0.951,0.962,0.164,0.261,0.578
0.407,0.72,0.806,0.948,0.961,0.163,0.261,0.577
0.407,0.717,0.806,0.947,0.96,0.163,0.261,0.576
0.407,0.715,0.806,0.945,0.959,0.163,0.261,0.575
0.407,0.713,0.806,0.943,0.958,0.163,0.261,0.575
0.406,0.71,0.805,0.941,0.958,0.162,0.261,0.573
0.406,0.708,0.805,0.939,0.956,0.162,0.261,0.573
0.406,0.706,0.805,0.937,0.956,0.162,0.261,0.572
0.406,0.704,0.804,0.935,0.955,0.161,0.261,0.571
0.406,0.701,0.804,0.934,0.954,0.161,0.261,0.57
0.406,0.699,0.804,0.932,0.953,0.161,0.261,0.569
0.406,0.697,0.803,0.93,0.952,0.16,0.261,0.568
0.405,0.694,0.803,0.929,0.951,0.16,0.261,0.567
0.405,0.692,0.803,0.927,0.95,0.16,0.261,0.566
0.405,0.69,0.803,0.925,0.95,0.16,0.261,0.565
0.405,0.688,0.803,0.924,0.949,0.159,0.261,0.565
0.404,0.686,0.802,0.922,0.948,0.159,0.26,0.564
0.404,0.684,0.802,0.921,0.947,0.159,0.26,0.563
0.404,0.682,0.802,0.919,0.946,0.158,0.26,0.562
0.404,0.679,0.802,0.917,0.945,0.158,0.26,0.561
0.404,0.677,0.802,0.915,0.944,0.158,0.26,0.56
0.403,0.675,0.801,0.914,0.943,0.157,0.26,0.559
0.403,0.673,0.801,0.912,0.942,0.157,0.26,0.558
0.403,0.671,0.8,0.91,0.941,0.157,0.26,0.557
0.403,0.669,0.8,0.909,0.94,0.156,0.26,0.557
0.402,0.668,0.8,0.907,0.939,0.156,0.26,0.556
0.402,0.666,0.8,0.905,0.938,0.156,0.26,0.555
0.402,0.664,0.799,0.903,0.937,0.155,0.26,0.554
0.402,0.662,0.799,0.902,0.936,0.155,0.26,0.553
0.401,0.66,0.799,0.9,0.935,0.155,0.26,0.552
0.401,0.658,0.799,0.898,0.933,0.155,0.26,0.551
0.401,0.656,0.798,0.897,0.932,0.154,0.26,0.551
0.401,0.654,0.798,0.895,0.931,0.154,0.259,0.55
0.401,0.652,0.797,0.893,0.93,0.153,0.259,0.549
0.4,0.65,0.797,0.892,0.929,0.153,0.259,0.548
0.4,0.648,0.797,0.89,0.928,0.153,0.259,0.547
0.4,0.646,0.796,0.888,0.927,0.153,0.259,0.546
0.4,0.644,0.796,0.886,0.926,0.152,0.259,0.546
0.399,0.642,0.796,0.885,0.925,0.152,0.259,0.545
0.399,0.64,0.796,0.883,0.924,0.152,0.259,0.544
0.399,0.639,0.795,0.881,0.923,0.151,0.259,0.543
0.399,0.637,0.795,0.879,0.921,0.151,0.259,0.542
0.398,0.636,0.795,0.878,0.921,0.151,0.259,0.542
0.398,0.634,0.794,0.876,0.919,0.15,0.259,0.541
0.398,0.632,0.794,0.875,0.918,0.15,0.259,0.54
0.398,0.63,0.794,0.873,0.917,0.149,0.259,0.539
0.397,0.629,0.793,0.871,0.916,0.149,0.259,0.538
0.397,0.627,0.793,0.87,0.915,0.149,0.259,0.537
0.397,0.625,0.793,0.868,0.914,0.149,0.259,0.536
0.397,0.623,0.792,0.866,0.913,0.148,0.258,0.535
0.396,0.621,0.792,0.865,0.912,0.148,0.259,0.535
0.396,0.619,0.792,0.864,0.911,0.148,0.258,0.534
0.396,0.618,0.792,0.862,0.91,0.147,0.258,0.533
0.395,0.616,0.791,0.861,0.909,0.147,0.258,0.532
0.395,0.615,0.791,0.86,0.907,0.147,0.258,0.531
0.395,0.613,0.791,0.858,0.906,0.146,0.258,0.53
0.395,0.611,0.79,0.857,0.905,0.146,0.258,0.53
0.394,0.61,0.79,0.855,0.904,0.146,0.258,0.529
0.394,0.608,0.79,0.854,0.903,0.146,0.258,0.528
0.394,0.607,0.789,0.853,0.902,0.145,0.258,0.527
0.393,0.605,0.789,0.851,0.901,0.145,0.258,0.526
0.394,0.604,0.789,0.85,0.9,0.144,0.258,0.525
0.393,0.603,0.788,0.849,0.899,0.144,0.257,0.525
0.393,0.601,0.788,0.847,0.898,0.144,0.257,0.524
0.393,0.6,0.788,0.846,0.897,0.144,0.257,0.523
0.392,0.598,0.787,0.844,0.896,0.143,0.257,0.522
0.392,0.597,0.787,0.843,0.894,0.143,0.257,0.521
0.392,0.596,0.787,0.842,0.894,0.143,0.257,0.521
0.391,0.594,0.786,0.84,0.892,0.142,0.257,0.52
0.391,0.593,0.786,0.839,0.891,0.142,0.257,0.519
0.391,0.592,0.786,0.838,0.89,0.142,0.257,0.518
0.39,0.59,0.785,0.837,0.889,0.142,0.257,0.517
0.39,0.589,0.785,0.835,0.888,0.141,0.257,0.517
0.39,0.588,0.785,0.834,0.887,0.141,0.257,0.516
0.39,0.587,0.784,0.833,0.886,0.14,0.257,0.515
0.389,0.585,0.784,0.832,0.885,0.14,0.257,0.515
0.389,0.584,0.784,0.831,0.884,0.14,0.257,0.514
0.389,0.582,0.783,0.83,0.883,0.14,0.257,0.513
0.388,0.581,0.783,0.829,0.882,0.139,0.257,0.512
0.388,0.579,0.783,0.827,0.881,0.139,0.256,0.512
0.388,0.578,0.783,0.826,0.88,0.139,0.257,0.511
0.388,0.577,0.782,0.825,0.878,0.139,0.256,0.51
0.388,0.575,0.782,0.824,0.877,0.138,0.256,0.509
0.387,0.574,0.782,0.822,0.876,0.138,0.256,0.509
0.387,0.573,0.781,0.821,0.875,0.138,0.256,0.508
0.387,0.572,0.781,0.82,0.874,0.137,0.256,0.507
0.386,0.571,0.781,0.819,0.873,0.137,0.256,0.506
0.386,0.57,0.78,0.818,0.872,0.137,0.256,0.505
0.385,0.569,0.78,0.816,0.871,0.136,0.256,0.505
0.385,0.568,0.78,0.815,0.869,0.136,0.256,0.504
0.385,0.566,0.779,0.814,0.868,0.136,0.256,0.503
0.385,0.565,0.779,0.812,0.867,0.136,0.256,0.503
0.385,0.564,0.779,0.811,0.866,0.135,0.256,0.502
0.384,0.563,0.778,0.81,0.865,0.135,0.256,0.501
0.384,0.562,0.778,0.808,0.864,0.135,0.255,0.5
0.383,0.561,0.778,0.807,0.863,0.134,0.255,0.5
0.383,0.559,0.777,0.806,0.862,0.134,0.255,0.499
0.383,0.558,0.777,0.805,0.861,0.134,0.255,0.498
0.383,0.557,0.777,0.804,0.86,0.133,0.255,0.498
0.382,0.556,0.776,0.802,0.859,0.133,0.255,0.497
0.382,0.555,0.776,0.801,0.858,0.133,0.255,0.496
0.382,0.554,0.776,0.8,0.857,0.133,0.255,0.496
0.381,0.553,0.775,0.799,0.856,0.133,0.255,0.495
0.381,0.551,0.775,0.798,0.855,0.132,0.255,0.494
0.381,0.55,0.775,0.797,0.854,0.132,0.255,0.494
0.381,0.549,0.774,0.795,0.852,0.132,0.255,0.493
0.38,0.548,0.774,0.794,0.851,0.131,0.255,0.492
0.38,0.547,0.774,0.793,0.85,0.131,0.255,0.492
0.379,0.546,0.773,0.792,0.849,0.131,0.255,0.491
0.379,0.545,0.773,0.791,0.848,0.131,0.255,0.49
0.379,0.544,0.773,0.79,0.847,0.13,0.254,0.49
0.379,0.543,0.772,0.789,0.846,0.13,0.254,0.489
0.379,0.542,0.772,0.788,0.845,0.13,0.254,0.488
0.378,0.541,0.772,0.786,0.844,0.13,0.254,0.488
0.378,0.54,0.771,0.785,0.843,0.129,0.254,0.487
0.378,0.539,0.771,0.784,0.843,0.129,0.254,0.487
0.377,0.538,0.771,0.783,0.841,0.129,0.254,0.486
0.377,0.537,0.77,0.782,0.84,0.129,0.254,0.485
0.377,0.536,0.77,0.78,0.839,0.128,0.254,0.485
0.376,0.535,0.77,0.779,0.839,0.128,0.254,0.484
0.376,0.534,0.769,0.778,0.838,0.128,0.254,0.483
0.376,0.533,0.769,0.777,0.836,0.128,0.254,0.483
0.376,0.532,0.769,0.776,0.836,0.127,0.254,0.482
0.375,0.531,0.768,0.775,0.835,0.127,0.254,0.481
0.375,0.53,0.768,0.774,0.833,0.127,0.253,0.481
0.375,0.529,0.768,0.773,0.833,0.126,0.253,0.48
0.374,0.528,0.767,0.772,0.831,0.126,0.254,0.479
0.374,0.527,0.767,0.771,0.831,0.126,0.253,0.479
0.374,0.526,0.767,0.77,0.83,0.126,0.253,0.478
0.373,0.525,0.766,0.769,0.829,0.126,0.253,0.478
0.373,0.524,0.766,0.768,0.828,0.125,0.253,0.477
0.373,0.523,0.766,0.767,0.827,0.125,0.253,0.476
0.373,0.522,0.766,0.767,0.826,0.125,0.253,0.476
0.372,0.522,0.765,0.766,0.825,0.125,0.253,0.475
0.372,0.521,0.765,0.765,0.824,0.125,0.253,0.475
0.372,0.52,0.764,0.764,0.823,0.124,0.253,0.474
0.371,0.519,0.764,0.763,0.822,0.124,0.253,0.473
0.371,0.518,0.764,0.762,0.821,0.124,0.253,0.473
0.371,0.517,0.764,0.761,0.82,0.123,0.253,0.472
0.371,0.516,0.763,0.76,0.819,0.123,0.253,0.471
0.37,0.515,0.763,0.759,0.818,0.123,0.252,0.471
0.37,0.515,0.762,0.758,0.817,0.123,0.252,0.47
0.369,0.514,0.762,0.757,0.816,0.123,0.252,0.469
0.369,0.513,0.762,0.756,0.815,0.122,0.252,0.469
0.369,0.512,0.762,0.755,0.814,0.122,0.252,0.468
0.369,0.511,0.761,0.754,0.813,0.122,0.252,0.468
0.369,0.51,0.761,0.754,0.813,0.122,0.252,0.467
0.368,0.51,0.761,0.753,0.812,0.122,0.252,0.466
0.368,0.509,0.76,0.752,0.81,0.121,0.252,0.466
0.368,0.508,0.76,0.751,0.81,0.121,0.252,0.465
0.367,0.507,0.76,0.75,0.809,0.121,0.252,0.465
0.367,0.507,0.759,0.749,0.808,0.121,0.252,0.464
0.367,0.506,0.759,0.748,0.807,0.12,0.252,0.463
0.366,0.505,0.759,0.747,0.806,0.12,0.252,0.463
0.366,0.505,0.758,0.746,0.805,0.12,0.252,0.462
0.366,0.504,0.758,0.745,0.804,0.12,0.252,0.462
0.365,0.503,0.758,0.744,0.803,0.12,0.251,0.461
0.365,0.502,0.758,0.743,0.803,0.119,0.251,0.46
0.365,0.502,0.757,0.742,0.802,0.119,0.251,0.46
0.365,0.501,0.757,0.741,0.801,0.119,0.251,0.459
0.364,0.5,0.757,0.74,0.8,0.119,0.251,0.459
0.364,0.5,0.756,0.739,0.799,0.119,0.251,0.458
0.364,0.499,0.756,0.738,0.798,0.118,0.251,0.458
0.364,0.498,0.756,0.737,0.797,0.118,0.251,0.457
0.363,0.498,0.755,0.736,0.796,0.118,0.251,0.457
0.363,0.497,0.755,0.735,0.795,0.118,0.251,0.456
0.363,0.496,0.755,0.734,0.794,0.118,0.251,0.456
0.362,0.496,0.754,0.733,0.793,0.117,0.251,0.455
0.362,0.495,0.754,0.732,0.792,0.117,0.251,0.455
0.362,0.494,0.754,0.731,0.791,0.117,0.251,0.454
0.361,0.493,0.753,0.73,0.791,0.117,0.251,0.454
0.361,0.493,0.753,0.729,0.79,0.116,0.25,0.453
0.361,0.492,0.753,0.728,0.789,0.116,0.25,0.453
0.361,0.491,0.752,0.727,0.788,0.116,0.25,0.452
0.36,0.491,0.752,0.726,0.787,0.116,0.25,0.452
0.36,0.49,0.752,0.725,0.786,0.116,0.25,0.451
0.36,0.489,0.751,0.724,0.785,0.116,0.25,0.451
0.359,0.489,0.751,0.723,0.785,0.115,0.25,0.45
0.359,0.488,0.751,0.722,0.784,0.115,0.25,0.45
0.359,0.487,0.75,0.721,0.783,0.115,0.25,0.449
0.359,0.487,0.75,0.721,0.782,0.115,0.25,0.449
0.358,0.486,0.75,0.72,0.781,0.115,0.25,0.448
0.358,0.486,0.749,0.719,0.78,0.114,0.25,0.448
0.358,0.485,0.749,0.718,0.78,0.114,0.25,0.447
0.358,0.484,0.749,0.717,0.779,0.114,0.25,0.447
0.357,0.483,0.748,0.716,0.778,0.114,0.25,0.446
0.357,0.483,0.748,0.715,0.777,0.114,0.25,0.446
0.357,0.482,0.748,0.714,0.776,0.114,0.25,0.446
0.356,0.482,0.747,0.713,0.775,0.113,0.249,0.445
0.356,0.481,0.747,0.712,0.775,0.113,0.249,0.444
0.356,0.48,0.747,0.711,0.774,0.113,0.249,0.444
0.356,0.48,0.747,0.711,0.773,0.113,0.249,0.443
0.355,0.479,0.746,0.71,0.773,0.113,0.249,0.443
0.355,0.479,0.746,0.709,0.772,0.113,0.249,0.443
0.355,0.478,0.745,0.708,0.771,0.112,0.249,0.442
0.355,0.477,0.745,0.707,0.77,0.112,0.249,0.441
0.354,0.477,0.745,0.706,0.769,0.112,0.249,0.441
0.354,0.476,0.744,0.706,0.769,0.112,0.249,0.44
0.354,0.475,0.744,0.705,0.768,0.112,0.249,0.44
0.353,0.475,0.744,0.704,0.767,0.112,0.249,0.439
0.353,0.474,0.744,0.703,0.766,0.111,0.249,0.439
0.353,0.474,0.743,0.702,0.765,0.111,0.249,0.438
0.353,0.473,0.743,0.701,0.764,0.111,0.249,0.438
0.352,0.472,0.742,0.7,0.764,0.111,0.248,0.437
0.352,0.472,0.742,0.7,0.763,0.111,0.248,0.437
0.352,0.471,0.742,0.699,0.762,0.111,0.248,0.437
0.351,0.47,0.742,0.698,0.761,0.11,0.248,0.436
0.351,0.47,0.741,0.697,0.76,0.11,0.248,0.436
0.351,0.469,0.741,0.696,0.759,0.11,0.248,0.435
0.351,0.468,0.741,0.695,0.759,0.11,0.248,0.435
0.35,0.468,0.74,0.694,0.758,0.11,0.248,0.435
0.35,0.467,0.74,0.694,0.757,0.11,0.248,0.434
0.35,0.466,0.74,0.693,0.756,0.109,0.248,0.434
0.349,0.466,0.739,0.692,0.756,0.109,0.248,0.433
0.349,0.465,0.739,0.691,0.755,0.109,0.248,0.433
0.349,0.464,0.739,0.691,0.754,0.109,0.248,0.432
0.349,0.464,0.738,0.69,0.753,0.109,0.248,0.432
0.348,0.463,0.738,0.689,0.753,0.109,0.248,0.432
0.348,0.463,0.738,0.688,0.752,0.109,0.248,0.431
0.348,0.462,0.738,0.688,0.751,0.108,0.248,0.431
0.347,0.462,0.737,0.687,0.751,0.108,0.248,0.43
0.347,0.461,0.737,0.686,0.75,0.108,0.247,0.43
0.347,0.461,0.737,0.685,0.749,0.108,0.247,0.429
0.347,0.46,0.736,0.685,0.748,0.108,0.247,0.429
0.347,0.46,0.736,0.684,0.748,0.108,0.247,0.428
0.346,0.459,0.736,0.683,0.747,0.108,0.247,0.428
0.346,0.459,0.735,0.682,0.746,0.107,0.247,0.427
0.346,0.458,0.735,0.682,0.745,0.107,0.247,0.427
0.346,0.458,0.735,0.681,0.745,0.107,0.247,0.426
0.345,0.457,0.734,0.68,0.744,0.107,0.247,0.426
0.345,0.457,0.734,0.68,0.743,0.107,0.247,0.425
0.344,0.456,0.734,0.679,0.743,0.107,0.247,0.425
0.345,0.456,0.734,0.678,0.742,0.107,0.247,0.424
0.344,0.456,0.733,0.677,0.741,0.106,0.247,0.424
0.344,0.455,0.733,0.677,0.741,0.106,0.247,0.424
0.344,0.455,0.733,0.676,0.74,0.106,0.247,0.423
0.344,0.454,0.732,0.676,0.739,0.106,0.246,0.422
0.343,0.454,0.732,0.675,0.738,0.106,0.246,0.422
0.343,0.453,0.732,0.674,0.737,0.106,0.246,0.422
0.343,0.453,0.731,0.673,0.737,0.106,0.246,0.421
0.342,0.453,0.731,0.672,0.736,0.105,0.246,0.421
0.342,0.452,0.731,0.672,0.735,0.105,0.246,0.42
0.342,0.452,0.73,0.671,0.734,0.105,0.246,0.42
0.342,0.451,0.73,0.67,0.734,0.105,0.246,0.42
0.341,0.451,0.73,0.669,0.733,0.105,0.246,0.419
0.341,0.45,0.729,0.669,0.732,0.105,0.246,0.419
0.341,0.45,0.729,0.668,0.731,0.105,0.246,0.418
0.341,0.449,0.729,0.667,0.73,0.105,0.246,0.418
0.34,0.449,0.728,0.666,0.73,0.104,0.246,0.417
0.34,0.448,0.728,0.665,0.729,0.104,0.246,0.417
0.34,0.448,0.728,0.665,0.728,0.104,0.246,0.417
0.339,0.448,0.727,0.664,0.728,0.104,0.246,0.416
0.339,0.447,0.727,0.664,0.727,0.104,0.246,0.416
0.339,0.447,0.727,0.663,0.726,0.104,0.246,0.416
0.339,0.446,0.727,0.662,0.725,0.104,0.245,0.415
0.338,0.445,0.726,0.661,0.725,0.104,0.245,0.415
0.338,0.445,0.726,0.661,0.724,0.103,0.245,0.414
0.338,0.445,0.726,0.66,0.723,0.103,0.245,0.414
0.338,0.444,0.725,0.66,0.723,0.103,0.245,0.414
0.338,0.444,0.725,0.659,0.722,0.103,0.245,0.413
0.337,0.443,0.725,0.658,0.721,0.103,0.245,0.413
0.337,0.443,0.724,0.657,0.721,0.103,0.245,0.412
0.337,0.443,0.724,0.657,0.72,0.103,0.245,0.412
0.337,0.442,0.724,0.656,0.719,0.103,0.245,0.412
0.336,0.442,0.723,0.655,0.719,0.103,0.245,0.411
0.336,0.442,0.723,0.655,0.718,0.102,0.245,0.411
0.336,0.441,0.723,0.654,0.718,0.102,0.245,0.411
0.336,0.441,0.722,0.653,0.717,0.102,0.245,0.41
0.335,0.44,0.722,0.653,0.717,0.102,0.245,0.41
0.335,0.439,0.722,0.652,0.716,0.102,0.245,0.409
0.335,0.439,0.721,0.651,0.715,0.102,0.245,0.409
0.334,0.439,0.721,0.651,0.715,0.102,0.244,0.409
0.334,0.438,0.721,0.651,0.714,0.102,0.244,0.408
0.334,0.438,0.72,0.65,0.714,0.101,0.244,0.408
0.334,0.437,0.72,0.65,0.713,0.101,0.244,0.408
0.333,0.437,0.72,0.649,0.712,0.101,0.244,0.408
0.333,0.437,0.72,0.649,0.712,0.101,0.244,0.407
0.333,0.436,0.719,0.648,0.711,0.101,0.244,0.407
0.333,0.436,0.719,0.647,0.71,0.101,0.244,0.406
0.333,0.435,0.719,0.647,0.709,0.101,0.244,0.406
0.332,0.435,0.718,0.646,0.709,0.101,0.244,0.406
0.332,0.434,0.718,0.645,0.708,0.101,0.244,0.405
0.332,0.434,0.718,0.645,0.707,0.1,0.244,0.405
0.331,0.434,0.718,0.644,0.707,0.1,0.244,0.404
0.331,0.433,0.717,0.644,0.706,0.1,0.244,0.404
0.331,0.433,0.717,0.643,0.705,0.1,0.244,0.404
0.331,0.433,0.717,0.642,0.705,0.1,0.244,0.403
0.331,0.432,0.716,0.642,0.704,0.1,0.244,0.403
0.33,0.432,0.716,0.641,0.704,0.1,0.243,0.403
0.33,0.431,0.716,0.641,0.703,0.1,0.244,0.402
0.33,0.431,0.716,0.64,0.703,0.1,0.243,0.402
0.329,0.43,0.715,0.64,0.702,0.1,0.243,0.402
0.329,0.43,0.715,0.639,0.701,0.099,0.243,0.401
0.329,0.43,0.715,0.638,0.7,0.099,0.243,0.401
0.329,0.429,0.714,0.638,0.7,0.099,0.243,0.401
0.329,0.429,0.714,0.637,0.699,0.099,0.243,0.401
0.328,0.428,0.714,0.637,0.699,0.099,0.243,0.4
0.328,0.428,0.713,0.636,0.698,0.099,0.243,0.4
0.328,0.428,0.713,0.635,0.697,0.099,0.243,0.4
0.328,0.428,0.713,0.635,0.697,0.099,0.243,0.399
0.327,0.427,0.713,0.634,0.696,0.099,0.243,0.399
0.327,0.427,0.712,0.633,0.695,0.099,0.243,0.398
0.327,0.427,0.712,0.633,0.695,0.098,0.243,0.398
0.327,0.426,0.712,0.632,0.694,0.098,0.243,0.398
0.327,0.426,0.711,0.632,0.694,0.098,0.243,0.397
0.326,0.426,0.711,0.631,0.693,0.098,0.242,0.397
0.326,0.425,0.711,0.631,0.692,0.098,0.242,0.397
0.326,0.425,0.71,0.63,0.692,0.098,0.242,0.396
0.325,0.425,0.71,0.63,0.691,0.098,0.242,0.396
0.325,0.424,0.71,0.629,0.69,0.098,0.242,0.396
0.325,0.423,0.71,0.629,0.69,0.098,0.242,0.395
0.325,0.423,0.709,0.628,0.689,0.098,0.242,0.395
0.325,0.423,0.709,0.627,0.689,0.097,0.242,0.395
0.324,0.422,0.709,0.627,0.688,0.097,0.242,0.394
0.324,0.422,0.708,0.626,0.688,0.097,0.242,0.394
0.324,0.421,0.708,0.626,0.687,0.097,0.242,0.394
0.323,0.421,0.708,0.626,0.687,0.097,0.242,0.394
0.324,0.421,0.708,0.625,0.686,0.097,0.242,0.393
0.323,0.42,0.707,0.625,0.686,0.097,0.242,0.393
0.323,0.42,0.707,0.624,0.685,0.097,0.242,0.392
0.323,0.42,0.707,0.624,0.684,0.097,0.242,0.392
0.323,0.419,0.706,0.623,0.684,0.097,0.242,0.392
0.322,0.419,0.706,0.623,0.683,0.096,0.242,0.392
0.322,0.419,0.706,0.622,0.683,0.096,0.241,0.391
0.322,0.418,0.705,0.622,0.682,0.096,0.241,0.391
0.322,0.418,0.705,0.621,0.682,0.096,0.241,0.391
0.321,0.417,0.705,0.621,0.681,0.096,0.241,0.39
0.321,0.417,0.705,0.621,0.68,0.096,0.241,0.39
0.321,0.416,0.704,0.62,0.68,0.096,0.241,0.39
0.321,0.416,0.704,0.62,0.679,0.096,0.241,0.389
0.321,0.416,0.704,0.619,0.679,0.096,0.241,0.389
0.32,0.416,0.703,0.618,0.678,0.096,0.241,0.389
0.32,0.415,0.703,0.618,0.678,0.095,0.241,0.389
0.32,0.415,0.703,0.617,0.677,0.096,0.241,0.388
0.32,0.415,0.703,0.617,0.676,0.095,0.241,0.388
0.32,0.415,0.702,0.616,0.676,0.095,0.241,0.388
0.319,0.414,0.702,0.616,0.675,0.095,0.241,0.387
0.319,0.414,0.702,0.615,0.675,0.095,0.241,0.387
0.319,0.414,0.702,0.614,0.674,0.095,0.241,0.387
0.319,0.413,0.701,0.614,0.673,0.095,0.241,0.386
0.318,0.413,0.701,0.614,0.673,0.095,0.241,0.386
0.318,0.413,0.701,0.613,0.672,0.095,0.241,0.386
0.318,0.413,0.701,0.612,0.672,0.095,0.241,0.385
0.318,0.412,0.7,0.612,0.671,0.095,0.24,0.385
0.318,0.412,0.7,0.611,0.671,0.095,0.241,0.385
0.317,0.411,0.7,0.611,0.67,0.095,0.24,0.385
0.317,0.411,0.699,0.61,0.669,0.095,0.24,0.384
0.317,0.411,0.699,0.61,0.669,0.094,0.24,0.384
0.317,0.411,0.699,0.609,0.669,0.094,0.24,0.384
0.316,0.41,0.698,0.609,0.668,0.094,0.24,0.384
0.316,0.41,0.698,0.608,0.668,0.094,0.24,0.383
0.316,0.41,0.698,0.608,0.667,0.094,0.24,0.383
0.316,0.409,0.698,0.607,0.667,0.094,0.24,0.383
0.316,0.409,0.697,0.607,0.666,0.094,0.24,0.383
0.315,0.408,0.697,0.606,0.666,0.094,0.24,0.382
0.315,0.408,0.697,0.606,0.665,0.094,0.24,0.382
0.315,0.408,0.697,0.605,0.665,0.094,0.24,0.382
0.315,0.408,0.696,0.605,0.665,0.094,0.24,0.381
0.314,0.407,0.696,0.605,0.664,0.094,0.24,0.381
0.314,0.407,0.696,0.604,0.664,0.094,0.24,0.381
0.314,0.406,0.695,0.604,0.663,0.093,0.24,0.381
0.314,0.406,0.695,0.603,0.663,0.093,0.24,0.38
0.314,0.406,0.695,0.603,0.662,0.093,0.239,0.38
0.314,0.405,0.695,0.602,0.662,0.093,0.24,0.38
0.313,0.405,0.694,0.602,0.661,0.093,0.239,0.379
0.313,0.405,0.694,0.601,0.661,0.093,0.239,0.379
0.313,0.404,0.694,0.601,0.66,0.093,0.239,0.379
0.312,0.404,0.693,0.601,0.66,0.093,0.239,0.379
0.312,0.403,0.693,0.6,0.659,0.093,0.239,0.378
0.312,0.403,0.693,0.6,0.659,0.093,0.239,0.378
0.312,0.403,0.693,0.599,0.658,0.093,0.239,0.377
0.312,0.402,0.692,0.599,0.658,0.093,0.239,0.377
0.311,0.402,0.692,0.599,0.657,0.093,0.239,0.377
0.311,0.402,0.692,0.598,0.657,0.092,0.239,0.377
0.311,0.401,0.691,0.598,0.656,0.092,0.239,0.376
0.311,0.401,0.691,0.597,0.656,0.092,0.239,0.376
0.311,0.401,0.691,0.597,0.655,0.092,0.239,0.376
0.311,0.4,0.691,0.596,0.655,0.092,0.239,0.375
0.31,0.4,0.691,0.596,0.654,0.092,0.239,0.375
0.31,0.4,0.69,0.595,0.654,0.092,0.239,0.375
0.31,0.4,0.69,0.595,0.653,0.092,0.239,0.375
0.31,0.399,0.69,0.595,0.653,0.092,0.239,0.374
0.309,0.399,0.689,0.594,0.652,0.092,0.239,0.374
0.309,0.399,0.689,0.594,0.652,0.092,0.239,0.374
0.309,0.399,0.689,0.593,0.651,0.092,0.238,0.374
0.309,0.398,0.689,0.593,0.651,0.092,0.238,0.373
0.309,0.398,0.688,0.593,0.65,0.092,0.238,0.373
0.308,0.398,0.688,0.592,0.65,0.092,0.238,0.373
0.308,0.398,0.688,0.592,0.649,0.091,0.238,0.372
0.308,0.397,0.687,0.591,0.649,0.092,0.238,0.372
0.308,0.397,0.687,0.591,0.648,0.091,0.238,0.372
0.308,0.397,0.687,0.591,0.648,0.091,0.238,0.371
0.308,0.397,0.687,0.59,0.647,0.091,0.238,0.371
0.307,0.396,0.686,0.59,0.647,0.091,0.238,0.371
0.307,0.396,0.686,0.589,0.646,0.091,0.238,0.371
0.307,0.396,0.686,0.589,0.646,0.091,0.238,0.37
0.307,0.395,0.686,0.589,0.645,0.091,0.238,0.37
0.307,0.395,0.685,0.588,0.645,0.091,0.238,0.37
0.306,0.395,0.685,0.588,0.644,0.091,0.238,0.37
0.306,0.394,0.685,0.587,0.644,0.091,0.238,0.369
0.306,0.394,0.685,0.587,0.643,0.091,0.238,0.369
0.306,0.394,0.684,0.587,0.643,0.091,0.237,0.369
0.306,0.394,0.684,0.586,0.642,0.091,0.237,0.369
0.305,0.394,0.684,0.586,0.642,0.091,0.238,0.368
0.305,0.394,0.683,0.585,0.642,0.09,0.238,0.368
0.305,0.393,0.683,0.585,0.641,0.09,0.237,0.368
0.305,0.393,0.683,0.584,0.641,0.09,0.237,0.367
0.305,0.393,0.683,0.584,0.64,0.09,0.237,0.367
0.304,0.392,0.683,0.583,0.64,0.09,0.237,0.367
0.304,0.392,0.682,0.583,0.639,0.09,0.237,0.367
0.304,0.392,0.682,0.583,0.639,0.09,0.237,0.366
0.304,0.391,0.682,0.582,0.638,0.09,0.237,0.366
0.304,0.392,0.682,0.582,0.638,0.09,0.237,0.366
0.304,0.391,0.681,0.581,0.637,0.09,0.237,0.366
0.303,0.391,0.681,0.581,0.637,0.09,0.237,0.365
0.303,0.391,0.681,0.58,0.637,0.09,0.237,0.365
0.303,0.39,0.68,0.58,0.636,0.09,0.237,0.365
0.302,0.39,0.68,0.58,0.636,0.09,0.237,0.365
0.303,0.389,0.68,0.579,0.635,0.09,0.237,0.364
0.302,0.389,0.68,0.579,0.635,0.09,0.237,0.364
0.302,0.389,0.679,0.578,0.634,0.089,0.237,0.364
0.302,0.389,0.679,0.578,0.634,0.089,0.237,0.364
0.302,0.388,0.679,0.577,0.633,0.089,0.237,0.364
0.302,0.388,0.679,0.577,0.633,0.089,0.237,0.363
0.301,0.388,0.678,0.576,0.632,0.089,0.237,0.363
0.301,0.388,0.678,0.576,0.632,0.089,0.236,0.363
0.301,0.388,0.678,0.576,0.632,0.089,0.236,0.362
0.301,0.387,0.678,0.575,0.631,0.089,0.236,0.362
0.301,0.388,0.677,0.575,0.631,0.089,0.236,0.362
0.3,0.387,0.677,0.574,0.63,0.089,0.236,0.362
0.3,0.387,0.677,0.574,0.63,0.089,0.236,0.362
0.3,0.386,0.677,0.573,0.629,0.089,0.236,0.361
0.3,0.386,0.676,0.573,0.629,0.089,0.236,0.361
0.3,0.386,0.676,0.573,0.629,0.089,0.236,0.361
0.3,0.386,0.676,0.572,0.628,0.088,0.236,0.361
0.299,0.386,0.676,0.572,0.628,0.089,0.236,0.361
0.299,0.385,0.675,0.571,0.627,0.089,0.236,0.36
0.299,0.385,0.675,0.571,0.627,0.088,0.236,0.36
0.299,0.385,0.675,0.57,0.626,0.088,0.236,0.36
0.298,0.385,0.675,0.57,0.626,0.088,0.236,0.36
0.298,0.385,0.674,0.569,0.626,0.088,0.236,0.359
0.298,0.384,0.674,0.569,0.625,0.088,0.236,0.359
0.298,0.384,0.674,0.568,0.625,0.088,0.236,0.359
0.298,0.384,0.673,0.568,0.624,0.088,0.236,0.359
0.298,0.383,0.673,0.568,0.624,0.088,0.236,0.359
0.297,0.383,0.673,0.567,0.623,0.088,0.236,0.358
0.297,0.383,0.673,0.567,0.623,0.088,0.236,0.358
0.297,0.383,0.673,0.566,0.623,0.088,0.235,0.358
0.297,0.382,0.672,0.566,0.622,0.088,0.236,0.358
0.297,0.382,0.672,0.565,0.622,0.088,0.235,0.357
0.297,0.382,0.672,0.565,0.622,0.088,0.235,0.357
0.296,0.382,0.671,0.565,0.621,0.088,0.235,0.357
0.296,0.381,0.671,0.564,0.621,0.088,0.235,0.357
0.296,0.381,0.671,0.564,0.62,0.088,0.235,0.357
0.296,0.381,0.671,0.563,0.62,0.088,0.235,0.356
0.296,0.381,0.67,0.563,0.62,0.087,0.235,0.356
0.295,0.38,0.67,0.563,0.619,0.087,0.235,0.356
0.295,0.38,0.67,0.562,0.619,0.087,0.235,0.356
0.295,0.38,0.67,0.562,0.618,0.087,0.235,0.356
0.295,0.38,0.669,0.561,0.618,0.087,0.235,0.355
0.295,0.38,0.669,0.561,0.618,0.087,0.235,0.355
0.295,0.379,0.669,0.561,0.617,0.087,0.235,0.355
0.294,0.379,0.669,0.56,0.617,0.087,0.235,0.355
0.294,0.379,0.668,0.56,0.616,0.087,0.235,0.354
0.294,0.379,0.668,0.559,0.616,0.087,0.235,0.354
0.294,0.378,0.668,0.559,0.616,0.087,0.235,0.354
0.294,0.378,0.667,0.559,0.615,0.087,0.235,0.354
0.293,0.378,0.667,0.558,0.615,0.087,0.234,0.354
0.293,0.378,0.667,0.558,0.614,0.087,0.234,0.354
0.293,0.378,0.667,0.558,0.614,0.087,0.234,0.353
0.293,0.377,0.667,0.557,0.614,0.087,0.234,0.353
0.293,0.377,0.666,0.557,0.613,0.087,0.234,0.353
0.293,0.377,0.666,0.556,0.613,0.087,0.234,0.353
0.293,0.377,0.666,0.556,0.613,0.087,0.234,0.352
0.292,0.377,0.666,0.556,0.613,0.087,0.234,0.352
0.292,0.376,0.666,0.556,0.612,0.087,0.234,0.352
0.292,0.376,0.665,0.555,0.612,0.087,0.234,0.352
0.292,0.376,0.665,0.555,0.612,0.087,0.234,0.352
0.292,0.376,0.665,0.555,0.612,0.086,0.234,0.351
0.291,0.375,0.664,0.554,0.611,0.086,0.234,0.351
0.291,0.375,0.664,0.554,0.611,0.086,0.234,0.351
0.291,0.375,0.664,0.554,0.611,0.086,0.234,0.351
0.291,0.375,0.664,0.554,0.61,0.086,0.234,0.351
0.291,0.374,0.664,0.553,0.61,0.086,0.234,0.351
0.291,0.374,0.663,0.553,0.61,0.086,0.234,0.35
0.29,0.374,0.663,0.552,0.609,0.086,0.234,0.35
0.29,0.374,0.663,0.552,0.609,0.086,0.234,0.35
0.29,0.373,0.663,0.552,0.608,0.086,0.233,0.349
0.29,0.373,0.662,0.551,0.608,0.086,0.233,0.349
0.29,0.373,0.662,0.551,0.608,0.086,0.234,0.349
0.289,0.373,0.662,0.551,0.607,0.086,0.233,0.349
0.29,0.373,0.661,0.55,0.607,0.086,0.233,0.349
0.289,0.373,0.661,0.55,0.606,0.086,0.233,0.348
0.289,0.372,0.661,0.549,0.606,0.086,0.233,0.348
0.289,0.372,0.661,0.549,0.606,0.086,0.233,0.348
0.289,0.372,0.661,0.549,0.606,0.086,0.233,0.348
0.289,0.372,0.66,0.548,0.605,0.085,0.233,0.348
0.288,0.372,0.66,0.548,0.605,0.086,0.233,0.347
0.288,0.371,0.66,0.548,0.604,0.085,0.233,0.347
0.288,0.371,0.66,0.547,0.604,0.086,0.233,0.347
0.288,0.371,0.66,0.547,0.603,0.086,0.233,0.347
0.288,0.371,0.659,0.547,0.603,0.085,0.233,0.346
0.288,0.371,0.659,0.547,0.603,0.086,0.233,0.346
0.287,0.37,0.659,0.546,0.602,0.085,0.233,0.346
0.287,0.37,0.658,0.546,0.602,0.085,0.233,0.346
0.287,0.37,0.658,0.545,0.601,0.085,0.233,0.346
0.287,0.37,0.658,0.545,0.601,0.085,0.233,0.345
0.287,0.37,0.658,0.545,0.601,0.085,0.233,0.345
0.287,0.37,0.657,0.544,0.6,0.085,0.233,0.345
0.286,0.369,0.657,0.544,0.6,0.085,0.233,0.345
0.286,0.369,0.657,0.544,0.599,0.085,0.233,0.345
0.286,0.369,0.657,0.543,0.599,0.085,0.233,0.344
0.286,0.369,0.657,0.543,0.599,0.085,0.232,0.344
0.286,0.369,0.656,0.543,0.598,0.085,0.232,0.344
0.286,0.368,0.656,0.542,0.598,0.085,0.232,0.344
0.285,0.368,0.656,0.542,0.598,0.085,0.232,0.344
0.285,0.368,0.656,0.542,0.597,0.085,0.232,0.344
0.285,0.368,0.655,0.541,0.597,0.085,0.232,0.343
0.285,0.367,0.655,0.541,0.596,0.085,0.232,0.343
0.285,0.367,0.655,0.541,0.596,0.085,0.232,0.343
0.285,0.367,0.655,0.54,0.596,0.085,0.232,0.343
0.285,0.367,0.655,0.54,0.595,0.085,0.232,0.343
0.284,0.367,0.654,0.54,0.595,0.084,0.232,0.343
0.284,0.367,0.654,0.539,0.594,0.084,0.232,0.342
0.284,0.366,0.654,0.539,0.594,0.084,0.232,0.342
0.284,0.366,0.654,0.539,0.594,0.084,0.232,0.342
0.284,0.366,0.653,0.538,0.593,0.084,0.232,0.342
0.284,0.366,0.653,0.538,0.593,0.084,0.232,0.341
0.284,0.365,0.653,0.538,0.593,0.084,0.231,0.341
0.284,0.365,0.652,0.537,0.593,0.084,0.232,0.341
0.283,0.365,0.652,0.537,0.592,0.084,0.232,0.341
0.283,0.365,0.652,0.537,0.592,0.084,0.232,0.341
0.283,0.365,0.652,0.536,0.591,0.084,0.232,0.34
0.283,0.364,0.652,0.536,0.591,0.084,0.231,0.34
0.282,0.364,0.651,0.535,0.59,0.084,0.232,0.34
0.282,0.364,0.651,0.535,0.59,0.084,0.231,0.34
0.282,0.364,0.651,0.535,0.59,0.084,0.231,0.34
0.282,0.364,0.651,0.535,0.589,0.084,0.231,0.339
0.282,0.364,0.65,0.534,0.589,0.084,0.231,0.339
0.282,0.363,0.65,0.534,0.589,0.084,0.231,0.339
0.282,0.363,0.65,0.533,0.588,0.084,0.231,0.339
0.282,0.363,0.65,0.533,0.588,0.084,0.231,0.339
0.281,0.363,0.65,0.533,0.588,0.084,0.231,0.339
0.281,0.363,0.649,0.532,0.587,0.084,0.231,0.338
0.281,0.363,0.649,0.532,0.587,0.084,0.231,0.338
0.281,0.363,0.649,0.532,0.587,0.084,0.231,0.338
0.281,0.363,0.649,0.531,0.586,0.084,0.231,0.338
0.281,0.362,0.648,0.531,0.586,0.084,0.231,0.338
0.28,0.362,0.648,0.531,0.586,0.084,0.231,0.337
0.28,0.362,0.648,0.53,0.586,0.084,0.231,0.337
0.28,0.362,0.648,0.53,0.585,0.084,0.231,0.337
0.28,0.362,0.648,0.53,0.585,0.083,0.231,0.337
0.28,0.362,0.647,0.53,0.585,0.083,0.231,0.337
0.28,0.361,0.647,0.529,0.584,0.083,0.231,0.337
0.28,0.361,0.647,0.529,0.584,0.083,0.231,0.336
0.279,0.361,0.647,0.529,0.584,0.083,0.231,0.336
0.279,0.361,0.647,0.529,0.584,0.083,0.23,0.336
0.279,0.36,0.646,0.528,0.583,0.083,0.23,0.336
0.279,0.36,0.646,0.528,0.583,0.083,0.23,0.336
0.279,0.36,0.646,0.528,0.582,0.083,0.231,0.335
0.279,0.36,0.646,0.527,0.582,0.083,0.23,0.335
0.279,0.36,0.645,0.527,0.582,0.083,0.23,0.335
0.278,0.36,0.645,0.527,0.582,0.083,0.23,0.335
0.278,0.36,0.645,0.526,0.581,0.083,0.23,0.335
0.278,0.359,0.645,0.526,0.581,0.083,0.23,0.334
0.278,0.359,0.645,0.526,0.581,0.083,0.23,0.334
0.278,0.359,0.644,0.526,0.58,0.083,0.23,0.334
0.278,0.358,0.644,0.525,0.58,0.083,0.23,0.334
0.277,0.358,0.644,0.525,0.58,0.083,0.23,0.334
0.277,0.358,0.644,0.525,0.579,0.083,0.23,0.334
0.277,0.358,0.643,0.524,0.579,0.083,0.23,0.334
0.277,0.358,0.643,0.524,0.579,0.083,0.23,0.333
0.277,0.357,0.643,0.524,0.578,0.083,0.23,0.333
0.277,0.357,0.643,0.524,0.578,0.083,0.23,0.333
0.277,0.357,0.642,0.523,0.578,0.083,0.23,0.333
0.276,0.357,0.642,0.523,0.578,0.083,0.23,0.333
0.276,0.357,0.642,0.523,0.577,0.082,0.23,0.332
0.276,0.357,0.642,0.522,0.577,0.083,0.23,0.332
0.276,0.357,0.641,0.522,0.577,0.083,0.23,0.332
0.276,0.356,0.641,0.522,0.576,0.083,0.23,0.332
0.276,0.356,0.641,0.522,0.576,0.082,0.229,0.332
0.275,0.356,0.641,0.521,0.576,0.083,0.229,0.331
0.276,0.356,0.641,0.521,0.575,0.082,0.229,0.331
0.275,0.356,0.641,0.521,0.575,0.082,0.229,0.331
0.275,0.356,0.64,0.52,0.575,0.082,0.229,0.331
0.275,0.355,0.64,0.52,0.574,0.082,0.229,0.331
0.275,0.355,0.64,0.52,0.574,0.082,0.229,0.331
0.275,0.355,0.64,0.519,0.574,0.082,0.229,0.33
0.275,0.355,0.639,0.519,0.573,0.082,0.229,0.33
0.275,0.355,0.639,0.519,0.573,0.082,0.229,0.33
0.274,0.355,0.639,0.518,0.573,0.082,0.229,0.33
0.274,0.354,0.639,0.518,0.572,0.082,0.229,0.33
0.274,0.354,0.638,0.518,0.572,0.082,0.229,0.33
0.274,0.354,0.638,0.517,0.572,0.082,0.229,0.329
0.274,0.354,0.638,0.517,0.571,0.082,0.229,0.329
0.274,0.354,0.638,0.517,0.571,0.082,0.229,0.329
0.274,0.354,0.638,0.517,0.571,0.082,0.229,0.329
0.273,0.354,0.637,0.516,0.57,0.082,0.229,0.329
0.273,0.354,0.637,0.516,0.57,0.082,0.229,0.329
0.273,0.353,0.637,0.516,0.57,0.082,0.229,0.329
0.273,0.353,0.637,0.515,0.569,0.082,0.229,0.329
0.273,0.353,0.637,0.515,0.569,0.082,0.229,0.328
0.273,0.353,0.636,0.515,0.569,0.082,0.229,0.328
0.273,0.353,0.636,0.514,0.569,0.082,0.228,0.328
0.273,0.353,0.636,0.514,0.568,0.082,0.228,0.328
0.272,0.353,0.636,0.514,0.568,0.082,0.228,0.328
0.272,0.352,0.635,0.513,0.568,0.082,0.228,0.328
0.272,0.353,0.635,0.513,0.567,0.081,0.228,0.327
0.272,0.352,0.635,0.513,0.567,0.082,0.228,0.327
0.272,0.352,0.635,0.512,0.567,0.082,0.228,0.327
0.272,0.352,0.635,0.512,0.566,0.082,0.228,0.327
0.272,0.352,0.634,0.512,0.566,0.082,0.228,0.327
0.272,0.352,0.634,0.511,0.566,0.082,0.228,0.327
0.271,0.352,0.634,0.511,0.566,0.081,0.228,0.327
0.271,0.352,0.634,0.511,0.565,0.082,0.228,0.326
0.271,0.351,0.634,0.511,0.565,0.081,0.228,0.326
0.271,0.351,0.633,0.51,0.565,0.081,0.228,0.326
0.271,0.351,0.633,0.51,0.564,0.081,0.228,0.326
0.271,0.351,0.633,0.51,0.564,0.081,0.228,0.326
0.27,0.351,0.632,0.509,0.564,0.081,0.228,0.326
0.271,0.351,0.633,0.509,0.564,0.081,0.228,0.326
0.27,0.351,0.632,0.509,0.563,0.081,0.228,0.325
0.27,0.351,0.632,0.508,0.563,0.081,0.228,0.325
0.27,0.35,0.632,0.508,0.563,0.081,0.227,0.325
0.27,0.351,0.632,0.508,0.562,0.081,0.227,0.325
0.27,0.35,0.632,0.508,0.562,0.081,0.228,0.325
0.27,0.35,0.631,0.507,0.562,0.081,0.227,0.325
0.27,0.35,0.631,0.507,0.562,0.081,0.227,0.325
0.269,0.35,0.631,0.507,0.561,0.081,0.227,0.325
0.269,0.35,0.631,0.506,0.561,0.081,0.227,0.324
0.269,0.349,0.63,0.506,0.561,0.081,0.227,0.324
0.269,0.349,0.63,0.506,0.561,0.081,0.227,0.324
0.269,0.349,0.63,0.506,0.56,0.081,0.227,0.324
0.269,0.349,0.63,0.505,0.56,0.081,0.227,0.324
0.269,0.349,0.63,0.505,0.56,0.081,0.227,0.324
0.268,0.349,0.629,0.505,0.56,0.081,0.227,0.323
0.268,0.349,0.629,0.505,0.559,0.081,0.227,0.323
0.268,0.349,0.629,0.504,0.559,0.081,0.227,0.323
0.268,0.349,0.629,0.504,0.559,0.081,0.227,0.323
0.268,0.348,0.629,0.504,0.559,0.081,0.227,0.323
0.268,0.348,0.628,0.503,0.558,0.081,0.227,0.323
0.268,0.348,0.628,0.503,0.558,0.081,0.227,0.323
0.268,0.348,0.628,0.503,0.558,0.081,0.227,0.322
0.267,0.348,0.628,0.502,0.558,0.081,0.227,0.322
0.267,0.348,0.628,0.502,0.557,0.081,0.227,0.322
0.267,0.348,0.627,0.502,0.557,0.081,0.227,0.322
0.267,0.348,0.627,0.502,0.557,0.081,0.227,0.322
0.267,0.348,0.627,0.502,0.557,0.081,0.227,0.322
0.267,0.348,0.627,0.501,0.556,0.081,0.227,0.322
0.267,0.347,0.626,0.501,0.556,0.08,0.226,0.321
0.267,0.347,0.626,0.501,0.556,0.08,0.226,0.321
0.266,0.347,0.626,0.5,0.555,0.081,0.226,0.321
0.266,0.347,0.626,0.5,0.555,0.081,0.226,0.321
0.266,0.347,0.626,0.5,0.555,0.08,0.226,0.321
0.266,0.347,0.625,0.5,0.555,0.08,0.226,0.321
0.266,0.347,0.625,0.5,0.554,0.08,0.226,0.32
0.266,0.347,0.625,0.499,0.554,0.08,0.226,0.32
0.266,0.346,0.625,0.499,0.554,0.08,0.226,0.32
0.265,0.346,0.625,0.499,0.554,0.08,0.226,0.32
0.265,0.346,0.624,0.498,0.553,0.08,0.226,0.32
0.265,0.346,0.624,0.498,0.553,0.08,0.226,0.32
0.265,0.346,0.624,0.498,0.553,0.08,0.226,0.32
0.265,0.345,0.624,0.498,0.553,0.08,0.226,0.32
0.265,0.345,0.624,0.498,0.552,0.08,0.226,0.32
0.265,0.345,0.623,0.497,0.552,0.08,0.226,0.319
0.265,0.345,0.623,0.497,0.552,0.08,0.226,0.319
0.264,0.345,0.623,0.497,0.552,0.08,0.226,0.319
0.264,0.345,0.623,0.497,0.552,0.08,0.226,0.319
0.265,0.345,0.623,0.497,0.551,0.08,0.226,0.319
0.264,0.344,0.622,0.496,0.551,0.08,0.226,0.319
0.264,0.344,0.622,0.496,0.551,0.08,0.225,0.318
0.264,0.344,0.622,0.496,0.55,0.08,0.226,0.318
0.264,0.344,0.622,0.496,0.55,0.08,0.225,0.318
0.264,0.344,0.621,0.495,0.55,0.08,0.226,0.318
0.263,0.343,0.621,0.495,0.55,0.08,0.225,0.318
0.263,0.343,0.621,0.495,0.549,0.08,0.225,0.318
0.263,0.343,0.621,0.495,0.549,0.08,0.225,0.318
0.263,0.343,0.621,0.494,0.549,0.08,0.225,0.317
0.263,0.343,0.621,0.494,0.549,0.08,0.225,0.317
0.263,0.343,0.62,0.494,0.548,0.08,0.225,0.317
0.263,0.343,0.62,0.494,0.548,0.08,0.225,0.317
0.263,0.343,0.62,0.493,0.548,0.08,0.225,0.317
0.263,0.343,0.62,0.493,0.548,0.08,0.225,0.317
0.262,0.342,0.62,0.493,0.547,0.08,0.225,0.317
0.262,0.342,0.619,0.493,0.547,0.08,0.225,0.316
0.262,0.342,0.619,0.493,0.547,0.08,0.225,0.316
0.262,0.342,0.619,0.492,0.547,0.08,0.225,0.316
0.262,0.342,0.619,0.492,0.547,0.08,0.225,0.316
0.262,0.342,0.619,0.492,0.546,0.08,0.225,0.316
0.262,0.342,0.619,0.492,0.546,0.08,0.225,0.316
0.261,0.342,0.618,0.491,0.546,0.079,0.225,0.316
0.261,0.342,0.618,0.491,0.546,0.079,0.225,0.315
0.261,0.342,0.618,0.491,0.545,0.08,0.224,0.315
0.261,0.341,0.618,0.491,0.545,0.079,0.224,0.315
0.261,0.341,0.617,0.491,0.545,0.079,0.225,0.315
0.261,0.341,0.617,0.491,0.545,0.079,0.225,0.315
0.261,0.341,0.617,0.49,0.545,0.079,0.224,0.315
0.261,0.341,0.617,0.49,0.544,0.079,0.224,0.315
0.261,0.341,0.617,0.49,0.544,0.079,0.224,0.315
0.261,0.341,0.617,0.49,0.544,0.079,0.224,0.315
0.26,0.34,0.616,0.49,0.544,0.079,0.224,0.314
0.26,0.34,0.616,0.489,0.544,0.079,0.224,0.314
0.26,0.34,0.616,0.489,0.543,0.079,0.224,0.314
0.26,0.34,0.616,0.489,0.543,0.079,0.224,0.314
0.26,0.339,0.616,0.489,0.543,0.079,0.224,0.314
0.26,0.339,0.616,0.489,0.543,0.079,0.224,0.314
0.259,0.339,0.615,0.488,0.542,0.079,0.224,0.313
0.259,0.339,0.615,0.488,0.542,0.079,0.224,0.313
0.259,0.339,0.615,0.488,0.542,0.079,0.224,0.313
0.259,0.339,0.615,0.488,0.542,0.079,0.224,0.313
0.259,0.339,0.614,0.487,0.541,0.079,0.224,0.313
0.259,0.338,0.614,0.487,0.541,0.079,0.224,0.313
0.259,0.338,0.614,0.487,0.541,0.079,0.224,0.313
0.259,0.338,0.614,0.487,0.541,0.079,0.224,0.313
0.259,0.338,0.614,0.487,0.54,0.079,0.224,0.312
0.259,0.338,0.613,0.486,0.54,0.079,0.224,0.312
0.258,0.338,0.613,0.486,0.54,0.079,0.223,0.312
0.258,0.337,0.613,0.486,0.54,0.079,0.223,0.312
0.258,0.337,0.613,0.485,0.539,0.079,0.224,0.312
0.258,0.337,0.613,0.485,0.539,0.079,0.223,0.312
0.258,0.337,0.612,0.485,0.539,0.079,0.223,0.312
0.258,0.336,0.612,0.485,0.539,0.079,0.223,0.312
0.258,0.336,0.612,0.485,0.538,0.079,0.223,0.311
0.258,0.336,0.612,0.484,0.538,0.079,0.223,0.311
0.258,0.336,0.612,0.484,0.538,0.079,0.223,0.311
0.257,0.336,0.611,0.484,0.538,0.079,0.223,0.311
0.257,0.336,0.611,0.484,0.537,0.079,0.223,0.311
0.257,0.336,0.611,0.484,0.537,0.079,0.223,0.311
0.257,0.336,0.611,0.484,0.537,0.079,0.223,0.311
0.257,0.335,0.611,0.483,0.536,0.079,0.223,0.31
0.257,0.335,0.61,0.483,0.536,0.079,0.223,0.31
0.257,0.335,0.61,0.483,0.536,0.079,0.223,0.31
0.257,0.335,0.61,0.482,0.536,0.079,0.223,0.31
0.257,0.335,0.61,0.482,0.535,0.079,0.223,0.31
0.256,0.335,0.61,0.482,0.535,0.079,0.223,0.31
0.256,0.335,0.61,0.482,0.535,0.079,0.223,0.309
0.256,0.335,0.609,0.481,0.535,0.079,0.223,0.309
0.256,0.335,0.609,0.481,0.534,0.078,0.223,0.309
0.256,0.335,0.609,0.481,0.534,0.079,0.223,0.309
0.256,0.335,0.609,0.481,0.534,0.079,0.222,0.309
0.256,0.334,0.609,0.481,0.534,0.078,0.223,0.309
0.256,0.334,0.608,0.48,0.534,0.078,0.222,0.309
0.255,0.334,0.608,0.48,0.533,0.078,0.222,0.308
0.255,0.334,0.608,0.48,0.533,0.078,0.222,0.308
0.255,0.334,0.608,0.48,0.533,0.078,0.222,0.308
0.255,0.334,0.608,0.48,0.533,0.078,0.222,0.308
0.255,0.334,0.607,0.48,0.532,0.078,0.222,0.308
0.255,0.334,0.607,0.479,0.532,0.078,0.222,0.308
0.255,0.334,0.607,0.479,0.532,0.078,0.222,0.308
0.255,0.334,0.607,0.479,0.532,0.078,0.222,0.308
0.254,0.334,0.607,0.479,0.532,0.078,0.222,0.308
0.254,0.333,0.606,0.479,0.531,0.078,0.222,0.308
0.254,0.333,0.606,0.478,0.531,0.078,0.222,0.308
0.254,0.333,0.606,0.478,0.531,0.078,0.222,0.307
0.254,0.333,0.606,0.478,0.531,0.078,0.222,0.307
0.254,0.333,0.606,0.478,0.531,0.078,0.222,0.307
0.254,0.333,0.606,0.478,0.53,0.078,0.222,0.307
0.254,0.333,0.606,0.478,0.53,0.078,0.222,0.307
0.254,0.333,0.605,0.478,0.53,0.078,0.222,0.307
0.254,0.333,0.605,0.478,0.53,0.078,0.222,0.307
0.254,0.333,0.605,0.478,0.53,0.078,0.222,0.307
0.253,0.333,0.605,0.477,0.53,0.078,0.222,0.307
0.253,0.333,0.605,0.477,0.53,0.078,0.222,0.307
0.253,0.333,0.604,0.477,0.529,0.078,0.222,0.307
0.253,0.333,0.604,0.477,0.529,0.078,0.222,0.307
0.253,0.333,0.604,0.477,0.529,0.078,0.221,0.307
0.253,0.332,0.604,0.477,0.529,0.078,0.221,0.307
0.253,0.333,0.604,0.477,0.529,0.078,0.222,0.306
0.253,0.333,0.604,0.477,0.529,0.078,0.222,0.307
0.253,0.332,0.603,0.476,0.529,0.078,0.221,0.306
0.253,0.332,0.603,0.477,0.529,0.078,0.221,0.306
0.252,0.332,0.603,0.477,0.529,0.078,0.221,0.306
0.252,0.332,0.603,0.477,0.528,0.078,0.221,0.306
0.252,0.332,0.603,0.477,0.528,0.078,0.221,0.306
0.252,0.332,0.602,0.477,0.528,0.078,0.221,0.306
0.252,0.332,0.602,0.476,0.528,0.078,0.221,0.306
0.252,0.332,0.602,0.476,0.528,0.078,0.221,0.306
0.252,0.332,0.602,0.476,0.528,0.078,0.221,0.306
0.252,0.332,0.602,0.476,0.528,0.078,0.221,0.306
0.252,0.332,0.602,0.476,0.528,0.078,0.221,0.306
0.251,0.332,0.602,0.476,0.528,0.078,0.221,0.306
0.251,0.332,0.601,0.476,0.527,0.078,0.221,0.306
0.251,0.332,0.601,0.476,0.527,0.078,0.221,0.306
0.251,0.332,0.601,0.476,0.527,0.078,0.221,0.306
0.251,0.331,0.601,0.476,0.527,0.077,0.221,0.305
0.251,0.332,0.601,0.476,0.527,0.078,0.221,0.305
0.251,0.332,0.6,0.476,0.527,0.077,0.221,0.305
0.251,0.331,0.6,0.476,0.527,0.077,0.221,0.305
0.251,0.332,0.6,0.476,0.527,0.078,0.221,0.305
0.25,0.331,0.6,0.476,0.527,0.078,0.221,0.305
0.251,0.331,0.6,0.476,0.527,0.078,0.221,0.305
0.25,0.331,0.6,0.475,0.527,0.077,0.221,0.305
0.25,0.331,0.6,0.475,0.527,0.077,0.221,0.305
0.25,0.331,0.6,0.475,0.526,0.077,0.22,0.305
0.25,0.331,0.599,0.475,0.526,0.077,0.221,0.305
0.25,0.331,0.599,0.475,0.526,0.077,0.22,0.305
0.25,0.331,0.599,0.475,0.526,0.078,0.221,0.305
0.25,0.331,0.599,0.475,0.526,0.077,0.221,0.305
0.25,0.331,0.599,0.475,0.526,0.077,0.22,0.305
0.25,0.331,0.599,0.475,0.526,0.077,0.22,0.304
0.25,0.331,0.598,0.475,0.526,0.077,0.22,0.304
0.25,0.331,0.598,0.475,0.526,0.077,0.22,0.304
0.25,0.331,0.598,0.475,0.525,0.077,0.22,0.304
0.249,0.331,0.598,0.475,0.526,0.077,0.22,0.304
0.249,0.331,0.598,0.475,0.525,0.077,0.22,0.304
0.249,0.33,0.598,0.474,0.525,0.077,0.22,0.304
0.249,0.33,0.597,0.475,0.525,0.077,0.22,0.304
0.249,0.33,0.597,0.474,0.525,0.077,0.22,0.304
0.249,0.33,0.597,0.474,0.525,0.077,0.22,0.304
0.249,0.33,0.597,0.474,0.525,0.077,0.22,0.304
0.249,0.33,0.597,0.474,0.525,0.077,0.22,0.304
0.249,0.33,0.597,0.474,0.525,0.077,0.22,0.304
0.248,0.33,0.596,0.474,0.525,0.077,0.22,0.303
0.249,0.33,0.596,0.474,0.525,0.077,0.22,0.304
0.248,0.33,0.596,0.474,0.525,0.077,0.22,0.303
0.248,0.33,0.596,0.474,0.525,0.077,0.22,0.303
0.248,0.33,0.596,0.474,0.524,0.077,0.22,0.303
0.248,0.33,0.596,0.474,0.524,0.077,0.22,0.303
0.248,0.33,0.596,0.474,0.524,0.077,0.22,0.303
0.248,0.33,0.595,0.474,0.524,0.077,0.22,0.303
0.248,0.33,0.595,0.474,0.524,0.077,0.22,0.303
0.248,0.33,0.595,0.474,0.524,0.077,0.22,0.303
0.248,0.33,0.595,0.474,0.524,0.077,0.22,0.303
0.248,0.33,0.595,0.474,0.524,0.077,0.22,0.303
0.248,0.33,0.595,0.474,0.524,0.077,0.22,0.303
0.247,0.33,0.594,0.474,0.524,0.077,0.219,0.303
0.248,0.33,0.594,0.474,0.524,0.077,0.219,0.302
0.247,0.33,0.594,0.474,0.524,0.077,0.219,0.303
0.247,0.33,0.594,0.474,0.524,0.077,0.219,0.302
0.247,0.33,0.594,0.474,0.523,0.077,0.219,0.303
0.247,0.33,0.594,0.473,0.523,0.077,0.219,0.302
0.247,0.33,0.594,0.473,0.523,0.077,0.219,0.302
0.247,0.33,0.593,0.473,0.523,0.077,0.219,0.302
0.247,0.33,0.593,0.473,0.523,0.077,0.219,0.302
0.247,0.33,0.593,0.473,0.523,0.077,0.219,0.302
0.247,0.33,0.593,0.473,0.523,0.077,0.219,0.302
0.247,0.33,0.593,0.473,0.523,0.077,0.219,0.302
0.247,0.33,0.593,0.473,0.523,0.077,0.219,0.302
0.247,0.33,0.593,0.473,0.523,0.077,0.219,0.302
0.247,0.33,0.592,0.473,0.523,0.077,0.219,0.302
0.246,0.33,0.592,0.473,0.523,0.077,0.219,0.302
0.246,0.33,0.592,0.473,0.523,0.077,0.219,0.302
0.246,0.33,0.592,0.473,0.523,0.077,0.219,0.302
0.246,0.329,0.592,0.473,0.523,0.077,0.219,0.302
0.246,0.33,0.592,0.473,0.523,0.077,0.219,0.302
0.246,0.329,0.591,0.473,0.523,0.077,0.219,0.302
0.246,0.329,0.591,0.473,0.523,0.077,0.219,0.302
0.246,0.329,0.591,0.473,0.523,0.077,0.219,0.302
0.246,0.329,0.591,0.473,0.523,0.077,0.219,0.303
0.246,0.329,0.591,0.473,0.523,0.077,0.219,0.303
0.246,0.329,0.591,0.473,0.523,0.077,0.219,0.302
0.246,0.329,0.59,0.473,0.523,0.077,0.218,0.303
0.245,0.329,0.59,0.472,0.523,0.077,0.219,0.302
0.246,0.329,0.59,0.472,0.523,0.077,0.219,0.302
0.245,0.329,0.59,0.472,0.523,0.077,0.219,0.302
0.245,0.329,0.59,0.472,0.523,0.077,0.218,0.303
0.245,0.329,0.59,0.473,0.523,0.077,0.219,0.302
0.245,0.329,0.59,0.472,0.523,0.077,0.218,0.302
0.245,0.329,0.59,0.472,0.523,0.077,0.218,0.303
0.245,0.329,0.589,0.472,0.523,0.077,0.219,0.302
0.245,0.329,0.589,0.472,0.522,0.077,0.218,0.302
0.245,0.329,0.589,0.472,0.522,0.077,0.218,0.302
0.245,0.329,0.589,0.472,0.523,0.077,0.218,0.302
0.245,0.329,0.589,0.472,0.522,0.077,0.218,0.302
0.245,0.329,0.589,0.472,0.522,0.077,0.218,0.302
0.245,0.329,0.588,0.472,0.522,0.077,0.218,0.302
0.244,0.329,0.588,0.472,0.522,0.077,0.218,0.302
0.244,0.329,0.588,0.472,0.522,0.077,0.218,0.302
0.244,0.329,0.588,0.471,0.522,0.077,0.218,0.302
0.244,0.329,0.588,0.472,0.522,0.077,0.218,0.302
0.244,0.329,0.588,0.471,0.522,0.076,0.218,0.302
0.244,0.329,0.588,0.472,0.522,0.077,0.218,0.302
0.244,0.329,0.587,0.471,0.522,0.077,0.218,0.302
0.244,0.329,0.587,0.471,0.522,0.077,0.218,0.302
0.244,0.328,0.587,0.471,0.522,0.077,0.218,0.302
0.244,0.328,0.587,0.471,0.522,0.077,0.218,0.302
0.244,0.328,0.587,0.471,0.522,0.077,0.218,0.302
0.244,0.328,0.587,0.471,0.522,0.077,0.218,0.302
0.244,0.328,0.586,0.471,0.522,0.077,0.218,0.302
0.244,0.328,0.586,0.471,0.522,0.077,0.218,0.302
0.244,0.328,0.586,0.471,0.522,0.076,0.218,0.302
0.243,0.328,0.586,0.47,0.522,0.076,0.218,0.302
0.243,0.328,0.586,0.47,0.522,0.077,0.218,0.302
0.243,0.328,0.586,0.47,0.522,0.077,0.218,0.302
0.243,0.328,0.586,0.47,0.522,0.077,0.217,0.302
0.243,0.328,0.586,0.47,0.522,0.077,0.218,0.302
0.243,0.328,0.585,0.47,0.522,0.076,0.218,0.302
0.243,0.328,0.585,0.47,0.522,0.076,0.218,0.302
0.243,0.328,0.585,0.47,0.522,0.076,0.218,0.302
0.243,0.328,0.585,0.47,0.522,0.076,0.217,0.302
0.243,0.328,0.585,0.47,0.522,0.076,0.217,0.302
0.243,0.328,0.585,0.47,0.522,0.076,0.217,0.302
0.242,0.328,0.584,0.469,0.522,0.076,0.217,0.302
0.243,0.328,0.584,0.47,0.522,0.076,0.217,0.302
0.243,0.328,0.584,0.469,0.522,0.077,0.217,0.302
0.242,0.328,0.584,0.469,0.522,0.076,0.217,0.302
0.243,0.328,0.584,0.469,0.522,0.076,0.217,0.302
0.242,0.328,0.584,0.469,0.522,0.076,0.217,0.302
0.242,0.327,0.584,0.469,0.522,0.077,0.217,0.301
0.242,0.327,0.583,0.469,0.522,0.076,0.217,0.301
0.242,0.327,0.583,0.469,0.522,0.076,0.217,0.302
0.242,0.327,0.583,0.469,0.522,0.076,0.217,0.301
0.242,0.327,0.583,0.469,0.522,0.076,0.217,0.301
0.242,0.327,0.583,0.469,0.522,0.076,0.217,0.301
0.242,0.327,0.583,0.469,0.522,0.076,0.217,0.301
0.242,0.327,0.583,0.469,0.522,0.076,0.217,0.301
0.242,0.327,0.583,0.469,0.522,0.076,0.217,0.301
0.242,0.327,0.582,0.469,0.522,0.076,0.217,0.301
0.242,0.327,0.582,0.469,0.522,0.076,0.217,0.301
0.241,0.327,0.582,0.468,0.522,0.076,0.217,0.301
0.241,0.327,0.582,0.468,0.522,0.076,0.217,0.301
0.241,0.327,0.582,0.468,0.522,0.076,0.217,0.301
0.241,0.327,0.582,0.468,0.522,0.076,0.217,0.301
0.241,0.327,0.581,0.468,0.522,0.077,0.217,0.301
0.241,0.327,0.581,0.468,0.522,0.076,0.217,0.301
0.241,0.327,0.581,0.468,0.522,0.076,0.217,0.301
0.241,0.327,0.581,0.468,0.522,0.076,0.217,0.301
0.241,0.327,0.581,0.468,0.522,0.076,0.217,0.301
0.241,0.327,0.581,0.468,0.522,0.076,0.217,0.301
0.241,0.327,0.581,0.468,0.522,0.076,0.217,0.301
0.241,0.327,0.58,0.468,0.522,0.076,0.217,0.301
0.241,0.327,0.58,0.468,0.522,0.076,0.217,0.301
0.241,0.327,0.58,0.468,0.522,0.076,0.217,0.301
0.241,0.327,0.58,0.468,0.522,0.076,0.217,0.301
0.241,0.327,0.58,0.468,0.522,0.076,0.217,0.301
0.241,0.326,0.58,0.468,0.522,0.076,0.217,0.301
0.241,0.326,0.58,0.467,0.522,0.076,0.216,0.301
0.24,0.326,0.58,0.468,0.522,0.076,0.216,0.301
0.24,0.326,0.579,0.468,0.522,0.076,0.216,0.301
0.24,0.326,0.579,0.467,0.521,0.076,0.217,0.301
0.24,0.327,0.579,0.467,0.522,0.076,0.216,0.301
0.24,0.326,0.579,0.467,0.521,0.076,0.216,0.301
0.24,0.326,0.579,0.467,0.521,0.076,0.216,0.3
0.24,0.326,0.579,0.467,0.521,0.076,0.216,0.3
0.24,0.326,0.579,0.467,0.521,0.076,0.216,0.3
0.24,0.326,0.578,0.467,0.521,0.076,0.216,0.301
0.24,0.326,0.578,0.467,0.521,0.076,0.216,0.301
0.24,0.326,0.578,0.467,0.521,0.076,0.216,0.301
0.24,0.326,0.578,0.466,0.521,0.076,0.216,0.3
0.24,0.326,0.578,0.466,0.521,0.076,0.216,0.3
0.24,0.326,0.578,0.466,0.521,0.076,0.216,0.301
0.24,0.326,0.578,0.466,0.521,0.076,0.216,0.3
0.239,0.326,0.577,0.466,0.521,0.076,0.216,0.3
0.239,0.326,0.577,0.466,0.521,0.076,0.216,0.3
0.239,0.326,0.577,0.466,0.521,0.076,0.216,0.3
0.239,0.326,0.577,0.466,0.521,0.076,0.216,0.3
0.239,0.325,0.577,0.466,0.521,0.076,0.216,0.3
0.239,0.325,0.577,0.466,0.521,0.076,0.216,0.3
0.239,0.325,0.577,0.466,0.521,0.076,0.216,0.3
0.239,0.325,0.577,0.466,0.521,0.076,0.216,0.3
0.239,0.325,0.576,0.466,0.521,0.076,0.216,0.3
0.239,0.325,0.576,0.466,0.521,0.076,0.216,0.3
0.239,0.325,0.576,0.465,0.521,0.076,0.216,0.3
0.239,0.325,0.576,0.465,0.521,0.076,0.216,0.3
0.239,0.325,0.576,0.465,0.521,0.076,0.216,0.3
0.239,0.325,0.576,0.465,0.521,0.076,0.216,0.3
0.239,0.325,0.576,0.465,0.521,0.076,0.216,0.3
0.239,0.325,0.575,0.465,0.521,0.076,0.216,0.3
0.239,0.325,0.575,0.465,0.521,0.076,0.216,0.3
0.238,0.325,0.575,0.465,0.521,0.076,0.216,0.3
0.239,0.325,0.575,0.465,0.521,0.076,0.216,0.3
0.238,0.325,0.575,0.465,0.521,0.076,0.216,0.3
0.238,0.325,0.575,0.465,0.521,0.076,0.215,0.3
0.238,0.325,0.575,0.465,0.521,0.076,0.216,0.3
0.238,0.325,0.575,0.465,0.521,0.076,0.216,0.3
0.238,0.325,0.574,0.465,0.521,0.076,0.216,0.3
0.238,0.325,0.574,0.465,0.521,0.076,0.216,0.3
0.238,0.325,0.574,0.465,0.521,0.076,0.215,0.3
0.238,0.325,0.574,0.465,0.521,0.076,0.215,0.3
0.238,0.324,0.574,0.464,0.521,0.076,0.215,0.3
0.238,0.324,0.574,0.464,0.521,0.076,0.215,0.3
0.238,0.324,0.574,0.464,0.521,0.076,0.215,0.3
0.238,0.324,0.574,0.464,0.521,0.076,0.215,0.3
0.237,0.324,0.573,0.464,0.521,0.076,0.215,0.299
0.238,0.324,0.573,0.464,0.521,0.076,0.215,0.299
0.237,0.324,0.573,0.464,0.52,0.076,0.215,0.299
0.237,0.324,0.573,0.464,0.52,0.076,0.215,0.299
0.237,0.324,0.573,0.464,0.52,0.076,0.215,0.299
0.237,0.324,0.573,0.463,0.52,0.076,0.215,0.299
0.237,0.324,0.573,0.463,0.52,0.076,0.215,0.299
0.237,0.324,0.572,0.463,0.52,0.076,0.215,0.299
0.237,0.323,0.572,0.463,0.52,0.076,0.215,0.299
0.237,0.323,0.572,0.463,0.52,0.076,0.215,0.299
0.237,0.323,0.572,0.463,0.52,0.076,0.215,0.299
0.237,0.324,0.572,0.463,0.52,0.076,0.215,0.298
0.237,0.323,0.572,0.463,0.52,0.076,0.215,0.298
0.237,0.323,0.572,0.462,0.52,0.076,0.215,0.298
0.237,0.323,0.572,0.462,0.52,0.076,0.215,0.298
0.237,0.323,0.572,0.462,0.52,0.076,0.215,0.298
0.237,0.323,0.571,0.462,0.519,0.076,0.215,0.298
0.237,0.323,0.571,0.462,0.519,0.076,0.215,0.298
0.236,0.323,0.571,0.462,0.519,0.076,0.215,0.298
0.237,0.323,0.571,0.462,0.519,0.076,0.215,0.297
0.236,0.323,0.571,0.462,0.519,0.076,0.215,0.297
0.236,0.323,0.571,0.462,0.519,0.076,0.215,0.298
0.236,0.322,0.571,0.462,0.519,0.076,0.215,0.297
0.236,0.323,0.57,0.462,0.519,0.076,0.215,0.297
0.236,0.322,0.57,0.461,0.519,0.076,0.215,0.297
0.236,0.322,0.57,0.462,0.519,0.076,0.215,0.297
0.236,0.322,0.57,0.462,0.519,0.076,0.215,0.297
0.236,0.322,0.57,0.461,0.519,0.076,0.215,0.297
0.236,0.322,0.57,0.461,0.518,0.076,0.215,0.297
0.236,0.322,0.57,0.461,0.518,0.076,0.215,0.297
0.236,0.322,0.57,0.461,0.518,0.076,0.215,0.297
0.235,0.322,0.569,0.461,0.518,0.076,0.214,0.296
0.235,0.322,0.569,0.461,0.518,0.076,0.215,0.296
0.236,0.322,0.569,0.461,0.518,0.076,0.215,0.296
0.235,0.322,0.569,0.461,0.518,0.076,0.214,0.296
0.235,0.322,0.569,0.461,0.518,0.076,0.215,0.296
0.235,0.322,0.569,0.46,0.518,0.076,0.214,0.296
0.235,0.322,0.569,0.46,0.517,0.076,0.215,0.296
0.235,0.322,0.569,0.46,0.517,0.076,0.214,0.296
0.235,0.322,0.568,0.46,0.517,0.076,0.214,0.296
0.235,0.321,0.568,0.46,0.517,0.076,0.214,0.296
0.235,0.321,0.568,0.46,0.517,0.076,0.214,0.295
0.235,0.322,0.568,0.46,0.517,0.076,0.214,0.295
0.235,0.322,0.568,0.46,0.517,0.076,0.214,0.296
0.235,0.321,0.568,0.46,0.517,0.076,0.214,0.295
0.235,0.321,0.568,0.46,0.517,0.076,0.214,0.295
0.235,0.321,0.568,0.46,0.516,0.076,0.214,0.295
0.235,0.321,0.567,0.459,0.517,0.076,0.214,0.295
0.234,0.321,0.567,0.459,0.516,0.076,0.214,0.295
0.235,0.321,0.567,0.459,0.516,0.076,0.214,0.295
0.235,0.321,0.567,0.459,0.516,0.076,0.214,0.295
0.234,0.321,0.567,0.459,0.516,0.076,0.214,0.295
0.234,0.321,0.567,0.459,0.516,0.076,0.214,0.295
0.234,0.321,0.567,0.459,0.516,0.076,0.214,0.295
0.234,0.321,0.567,0.459,0.516,0.076,0.214,0.294
0.234,0.321,0.567,0.459,0.515,0.076,0.214,0.294
0.234,0.321,0.566,0.459,0.515,0.076,0.214,0.294
0.234,0.321,0.566,0.459,0.515,0.076,0.214,0.294
0.234,0.321,0.566,0.459,0.515,0.076,0.214,0.294
0.234,0.32,0.566,0.458,0.515,0.076,0.214,0.294
0.234,0.32,0.566,0.458,0.515,0.076,0.214,0.294
0.234,0.32,0.566,0.458,0.515,0.076,0.214,0.294
0.234,0.32,0.566,0.458,0.515,0.076,0.214,0.294
0.234,0.32,0.565,0.458,0.514,0.076,0.214,0.294
0.234,0.32,0.566,0.458,0.514,0.076,0.214,0.294
0.233,0.32,0.565,0.458,0.514,0.076,0.214,0.294
0.234,0.32,0.565,0.458,0.514,0.076,0.214,0.294
0.234,0.32,0.565,0.458,0.514,0.076,0.214,0.294
0.233,0.32,0.565,0.458,0.514,0.076,0.214,0.294
0.233,0.32,0.565,0.458,0.514,0.076,0.214,0.294
0.233,0.32,0.565,0.458,0.514,0.076,0.214,0.293
0.233,0.32,0.564,0.458,0.513,0.076,0.214,0.293
0.233,0.32,0.564,0.457,0.514,0.076,0.214,0.293
0.233,0.32,0.564,0.457,0.513,0.076,0.214,0.293
0.233,0.32,0.564,0.457,0.513,0.076,0.213,0.293
0.233,0.319,0.564,0.457,0.513,0.076,0.213,0.293
0.233,0.319,0.564,0.457,0.513,0.076,0.213,0.293
0.233,0.319,0.564,0.457,0.513,0.076,0.213,0.293
0.233,0.319,0.564,0.457,0.512,0.076,0.214,0.293
0.233,0.319,0.563,0.456,0.512,0.076,0.213,0.293
0.233,0.319,0.563,0.456,0.512,0.076,0.213,0.293
0.232,0.319,0.563,0.456,0.512,0.076,0.213,0.292
0.232,0.318,0.563,0.456,0.512,0.076,0.213,0.292
0.232,0.318,0.563,0.455,0.512,0.076,0.213,0.292
0.232,0.318,0.563,0.455,0.511,0.076,0.213,0.292
0.232,0.318,0.563,0.455,0.511,0.076,0.213,0.292
0.232,0.318,0.563,0.455,0.511,0.076,0.213,0.292
0.232,0.318,0.562,0.455,0.511,0.076,0.213,0.292
0.232,0.317,0.562,0.454,0.51,0.076,0.213,0.292
0.232,0.317,0.562,0.454,0.51,0.076,0.213,0.291
0.232,0.317,0.562,0.454,0.51,0.076,0.213,0.291
0.232,0.317,0.562,0.454,0.51,0.076,0.213,0.291
0.232,0.317,0.562,0.454,0.509,0.076,0.213,0.291
0.232,0.317,0.562,0.453,0.509,0.076,0.213,0.291
0.232,0.317,0.561,0.453,0.509,0.076,0.213,0.291
0.232,0.316,0.561,0.453,0.509,0.076,0.213,0.291
0.231,0.317,0.561,0.453,0.508,0.076,0.213,0.29
0.232,0.316,0.561,0.452,0.508,0.076,0.213,0.29
0.231,0.316,0.561,0.452,0.508,0.076,0.213,0.29
0.232,0.316,0.561,0.452,0.508,0.076,0.213,0.29
0.231,0.316,0.561,0.452,0.507,0.076,0.213,0.29
0.231,0.316,0.561,0.451,0.507,0.076,0.213,0.29
0.231,0.315,0.56,0.451,0.507,0.076,0.213,0.29
0.231,0.316,0.56,0.451,0.507,0.076,0.213,0.289
0.231,0.316,0.56,0.45,0.506,0.076,0.213,0.289
0.231,0.315,0.56,0.45,0.506,0.076,0.212,0.289
0.231,0.315,0.56,0.45,0.506,0.076,0.213,0.289
0.231,0.315,0.56,0.45,0.506,0.076,0.213,0.289
0.231,0.315,0.56,0.449,0.506,0.076,0.212,0.289
0.231,0.315,0.56,0.449,0.505,0.076,0.212,0.289
0.231,0.314,0.559,0.449,0.505,0.076,0.212,0.289
0.231,0.314,0.559,0.449,0.505,0.076,0.213,0.288
0.23,0.314,0.559,0.448,0.505,0.076,0.213,0.289
0.23,0.314,0.559,0.448,0.504,0.076,0.212,0.288
0.23,0.314,0.559,0.448,0.504,0.076,0.212,0.288
0.23,0.314,0.559,0.448,0.504,0.076,0.213,0.288
0.23,0.314,0.559,0.448,0.504,0.076,0.212,0.288
0.23,0.314,0.559,0.447,0.504,0.076,0.212,0.288
0.23,0.314,0.558,0.447,0.503,0.076,0.212,0.288
0.23,0.313,0.558,0.447,0.503,0.076,0.212,0.287
0.23,0.313,0.558,0.447,0.503,0.076,0.212,0.287
0.23,0.313,0.558,0.446,0.502,0.076,0.212,0.287
0.23,0.313,0.558,0.446,0.502,0.076,0.212,0.287
0.23,0.313,0.558,0.446,0.502,0.076,0.212,0.287
0.23,0.313,0.558,0.446,0.502,0.075,0.212,0.287
0.23,0.313,0.557,0.446,0.502,0.075,0.212,0.287
0.229,0.313,0.557,0.445,0.501,0.076,0.212,0.287
0.229,0.313,0.557,0.445,0.501,0.076,0.212,0.287
0.229,0.312,0.557,0.445,0.501,0.076,0.212,0.286
0.229,0.312,0.557,0.445,0.501,0.076,0.212,0.286
0.229,0.312,0.557,0.444,0.501,0.075,0.212,0.286
0.229,0.312,0.557,0.444,0.5,0.075,0.212,0.286
0.229,0.312,0.556,0.444,0.5,0.076,0.212,0.286
0.229,0.311,0.556,0.444,0.5,0.076,0.212,0.286
0.229,0.311,0.556,0.444,0.5,0.075,0.212,0.286
0.229,0.311,0.556,0.443,0.499,0.075,0.212,0.286
0.229,0.311,0.556,0.443,0.499,0.076,0.212,0.285
0.229,0.311,0.556,0.443,0.499,0.075,0.212,0.285
0.229,0.311,0.556,0.443,0.499,0.075,0.212,0.285
0.228,0.311,0.556,0.443,0.499,0.075,0.212,0.285
0.228,0.311,0.556,0.442,0.499,0.075,0.212,0.285
0.228,0.311,0.555,0.442,0.498,0.075,0.212,0.285
0.228,0.311,0.555,0.442,0.498,0.075,0.212,0.285
0.228,0.311,0.555,0.442,0.498,0.075,0.212,0.285
0.228,0.31,0.555,0.442,0.498,0.075,0.211,0.284
0.228,0.31,0.555,0.441,0.498,0.075,0.211,0.284
0.228,0.31,0.555,0.441,0.498,0.075,0.211,0.284
0.228,0.31,0.555,0.441,0.498,0.075,0.211,0.284
0.228,0.31,0.555,0.441,0.497,0.075,0.211,0.284
0.228,0.31,0.554,0.441,0.497,0.075,0.211,0.284
0.228,0.31,0.554,0.441,0.497,0.075,0.211,0.284
0.228,0.309,0.554,0.44,0.497,0.075,0.211,0.284
0.228,0.309,0.554,0.44,0.497,0.075,0.211,0.284
0.227,0.309,0.554,0.44,0.496,0.075,0.211,0.283
0.227,0.309,0.554,0.44,0.496,0.075,0.211,0.283
0.227,0.309,0.554,0.44,0.496,0.075,0.211,0.283
0.227,0.309,0.553,0.44,0.496,0.075,0.211,0.283
0.227,0.309,0.553,0.44,0.495,0.075,0.211,0.283
0.227,0.309,0.553,0.44,0.495,0.075,0.211,0.283
0.227,0.309,0.553,0.439,0.495,0.075,0.211,0.283
0.227,0.309,0.553,0.439,0.495,0.075,0.211,0.282
0.227,0.309,0.553,0.439,0.495,0.075,0.211,0.282
0.227,0.309,0.553,0.439,0.494,0.075,0.211,0.282
0.227,0.308,0.552,0.439,0.494,0.075,0.211,0.282
0.227,0.308,0.552,0.438,0.494,0.075,0.211,0.282
0.227,0.308,0.552,0.438,0.494,0.075,0.211,0.282
0.227,0.308,0.552,0.438,0.493,0.075,0.211,0.282
0.226,0.308,0.552,0.438,0.493,0.075,0.211,0.282
0.226,0.308,0.552,0.438,0.493,0.075,0.211,0.282
0.226,0.308,0.552,0.438,0.493,0.075,0.211,0.281
0.226,0.308,0.552,0.437,0.493,0.075,0.211,0.281
0.226,0.308,0.552,0.437,0.493,0.075,0.211,0.281
0.226,0.308,0.551,0.437,0.492,0.075,0.211,0.281
0.226,0.308,0.551,0.437,0.492,0.075,0.211,0.281
0.226,0.307,0.551,0.436,0.492,0.075,0.211,0.281
0.226,0.307,0.551,0.436,0.492,0.075,0.211,0.281
0.226,0.307,0.551,0.436,0.491,0.075,0.211,0.281
0.226,0.307,0.551,0.436,0.491,0.075,0.211,0.281
0.225,0.307,0.551,0.436,0.491,0.075,0.211,0.281
0.226,0.307,0.55,0.436,0.491,0.075,0.211,0.28
0.226,0.307,0.55,0.435,0.491,0.075,0.21,0.28
0.225,0.307,0.55,0.435,0.491,0.075,0.21,0.28
0.225,0.307,0.55,0.435,0.49,0.075,0.211,0.28
0.226,0.307,0.55,0.435,0.49,0.075,0.21,0.28
0.225,0.306,0.55,0.435,0.49,0.075,0.21,0.28
0.225,0.306,0.549,0.434,0.49,0.075,0.21,0.28
0.225,0.306,0.549,0.434,0.49,0.075,0.21,0.28
0.225,0.306,0.549,0.434,0.489,0.075,0.21,0.28
0.225,0.306,0.549,0.434,0.489,0.075,0.21,0.28
0.225,0.306,0.549,0.434,0.489,0.075,0.21,0.28
0.225,0.306,0.549,0.433,0.489,0.075,0.21,0.28
0.225,0.306,0.549,0.433,0.489,0.075,0.21,0.279
0.225,0.305,0.549,0.433,0.488,0.075,0.21,0.279
0.225,0.306,0.548,0.433,0.488,0.075,0.21,0.279
0.225,0.305,0.548,0.433,0.488,0.075,0.21,0.279
0.224,0.305,0.548,0.432,0.488,0.075,0.21,0.279
0.224,0.305,0.548,0.432,0.488,0.075,0.21,0.279
0.224,0.305,0.548,0.432,0.488,0.075,0.21,0.279
0.224,0.305,0.548,0.432,0.487,0.075,0.21,0.279
0.224,0.305,0.548,0.432,0.487,0.075,0.21,0.279
0.224,0.305,0.548,0.432,0.487,0.075,0.21,0.278
0.224,0.305,0.548,0.431,0.487,0.075,0.21,0.279
0.224,0.305,0.547,0.431,0.487,0.075,0.21,0.278
0.224,0.305,0.547,0.431,0.487,0.075,0.21,0.278
0.224,0.304,0.547,0.431,0.486,0.075,0.21,0.278
0.224,0.304,0.547,0.431,0.486,0.075,0.21,0.278
0.224,0.304,0.547,0.431,0.486,0.075,0.21,0.278
0.224,0.304,0.547,0.43,0.486,0.075,0.21,0.278
0.224,0.304,0.546,0.43,0.486,0.075,0.21,0.278
0.224,0.304,0.547,0.43,0.486,0.075,0.21,0.278
0.224,0.304,0.546,0.43,0.485,0.075,0.21,0.277
0.223,0.304,0.546,0.43,0.485,0.075,0.21,0.278
0.223,0.304,0.546,0.43,0.485,0.075,0.209,0.277
0.223,0.303,0.546,0.43,0.485,0.075,0.21,0.277
0.223,0.303,0.546,0.429,0.485,0.075,0.209,0.277
0.223,0.303,0.545,0.429,0.484,0.075,0.209,0.277
0.223,0.303,0.545,0.429,0.484,0.075,0.21,0.277
0.223,0.303,0.545,0.429,0.484,0.075,0.209,0.277
0.223,0.303,0.545,0.429,0.484,0.075,0.209,0.277
0.223,0.303,0.545,0.429,0.484,0.074,0.21,0.277
0.223,0.303,0.545,0.428,0.484,0.075,0.209,0.276
0.223,0.302,0.545,0.428,0.483,0.075,0.209,0.276
0.223,0.303,0.545,0.428,0.483,0.075,0.209,0.276
0.222,0.303,0.545,0.428,0.483,0.075,0.209,0.276
0.222,0.303,0.544,0.428,0.483,0.075,0.209,0.276
0.222,0.302,0.544,0.428,0.483,0.075,0.209,0.276
0.222,0.302,0.544,0.427,0.483,0.074,0.209,0.276
0.222,0.302,0.544,0.427,0.482,0.075,0.209,0.276
0.222,0.302,0.544,0.427,0.482,0.075,0.209,0.276
0.222,0.302,0.544,0.427,0.482,0.075,0.209,0.275
0.222,0.302,0.544,0.427,0.482,0.075,0.209,0.275
0.222,0.302,0.543,0.427,0.482,0.075,0.209,0.275
0.222,0.302,0.543,0.426,0.482,0.074,0.209,0.275
0.222,0.302,0.543,0.426,0.481,0.074,0.209,0.275
0.222,0.301,0.543,0.426,0.481,0.074,0.209,0.275
0.222,0.301,0.543,0.426,0.481,0.074,0.209,0.275
0.222,0.301,0.543,0.426,0.481,0.074,0.209,0.275
0.222,0.301,0.543,0.426,0.481,0.074,0.209,0.275
0.221,0.301,0.543,0.426,0.48,0.074,0.209,0.275
0.221,0.301,0.542,0.425,0.48,0.074,0.209,0.275
0.221,0.301,0.542,0.425,0.48,0.074,0.209,0.275
0.221,0.301,0.542,0.425,0.48,0.074,0.209,0.275
0.221,0.301,0.542,0.425,0.48,0.074,0.209,0.274
0.221,0.301,0.542,0.425,0.48,0.074,0.209,0.274
0.221,0.301,0.542,0.425,0.479,0.074,0.209,0.274
0.221,0.301,0.541,0.424,0.479,0.074,0.209,0.274
0.221,0.301,0.542,0.424,0.479,0.074,0.209,0.274
0.221,0.301,0.541,0.424,0.479,0.074,0.209,0.274
0.221,0.301,0.541,0.424,0.479,0.074,0.208,0.274
0.221,0.301,0.541,0.424,0.479,0.074,0.209,0.274
0.221,0.301,0.541,0.424,0.478,0.074,0.209,0.274
0.22,0.3,0.541,0.424,0.478,0.074,0.209,0.273
0.22,0.3,0.541,0.423,0.478,0.074,0.208,0.273
0.22,0.3,0.54,0.423,0.478,0.074,0.208,0.274
0.22,0.3,0.54,0.423,0.478,0.074,0.208,0.274
0.22,0.3,0.54,0.423,0.478,0.074,0.209,0.273
0.22,0.3,0.54,0.423,0.478,0.074,0.208,0.273
0.22,0.3,0.54,0.423,0.477,0.074,0.208,0.273
0.22,0.3,0.54,0.423,0.477,0.074,0.208,0.273
0.22,0.3,0.54,0.422,0.477,0.074,0.208,0.273
0.22,0.299,0.54,0.422,0.477,0.074,0.208,0.273
0.22,0.299,0.539,0.422,0.477,0.074,0.208,0.273
0.22,0.299,0.539,0.422,0.477,0.074,0.208,0.273
0.22,0.299,0.539,0.422,0.477,0.074,0.208,0.273
0.22,0.299,0.539,0.422,0.476,0.074,0.208,0.272
0.219,0.299,0.539,0.422,0.476,0.074,0.208,0.273
0.219,0.299,0.539,0.422,0.476,0.074,0.208,0.272
0.219,0.299,0.539,0.421,0.476,0.074,0.208,0.272
0.219,0.299,0.539,0.421,0.476,0.074,0.208,0.272
0.219,0.298,0.538,0.421,0.476,0.074,0.208,0.272
0.219,0.298,0.539,0.421,0.476,0.074,0.208,0.272
0.219,0.298,0.538,0.421,0.476,0.074,0.208,0.272
0.219,0.298,0.538,0.421,0.475,0.074,0.208,0.272
0.219,0.298,0.538,0.421,0.475,0.074,0.208,0.272
0.219,0.298,0.538,0.421,0.475,0.074,0.208,0.272
0.219,0.298,0.538,0.42,0.475,0.074,0.208,0.272
0.219,0.298,0.538,0.421,0.475,0.074,0.208,0.272
0.219,0.298,0.538,0.42,0.475,0.074,0.208,0.271
0.218,0.298,0.537,0.42,0.475,0.074,0.208,0.271
0.218,0.298,0.537,0.42,0.474,0.074,0.208,0.271
0.218,0.298,0.537,0.42,0.474,0.074,0.208,0.271
0.218,0.298,0.537,0.42,0.474,0.074,0.208,0.271
0.218,0.298,0.537,0.42,0.474,0.074,0.208,0.271
0.218,0.297,0.537,0.42,0.474,0.074,0.208,0.271
0.218,0.297,0.537,0.419,0.474,0.074,0.208,0.271
0.218,0.297,0.536,0.419,0.474,0.074,0.208,0.271
0.218,0.297,0.536,0.419,0.474,0.074,0.207,0.271
0.218,0.297,0.536,0.419,0.473,0.074,0.208,0.271
0.218,0.297,0.536,0.419,0.473,0.074,0.208,0.271
0.218,0.297,0.536,0.419,0.473,0.074,0.208,0.27
0.218,0.297,0.536,0.419,0.473,0.074,0.207,0.27
0.218,0.296,0.536,0.419,0.473,0.074,0.207,0.27
0.218,0.296,0.536,0.419,0.473,0.074,0.207,0.27
0.218,0.296,0.535,0.419,0.472,0.074,0.207,0.27
0.217,0.296,0.535,0.418,0.472,0.074,0.207,0.27
0.217,0.296,0.535,0.418,0.472,0.074,0.207,0.27
0.217,0.296,0.535,0.418,0.472,0.074,0.207,0.27
0.217,0.296,0.535,0.418,0.472,0.074,0.207,0.27
0.217,0.296,0.535,0.418,0.472,0.074,0.207,0.27
0.217,0.296,0.535,0.418,0.471,0.074,0.207,0.27
0.217,0.296,0.535,0.417,0.471,0.074,0.207,0.27
0.217,0.296,0.534,0.417,0.471,0.074,0.207,0.27
0.217,0.296,0.534,0.417,0.471,0.074,0.207,0.269
0.217,0.296,0.534,0.417,0.471,0.074,0.207,0.269
0.217,0.296,0.534,0.417,0.471,0.074,0.207,0.269
0.217,0.296,0.534,0.417,0.47,0.074,0.207,0.269
0.217,0.296,0.534,0.416,0.47,0.074,0.207,0.269
0.216,0.296,0.534,0.416,0.47,0.074,0.207,0.269
0.216,0.295,0.534,0.416,0.47,0.074,0.207,0.269
0.216,0.295,0.533,0.416,0.47,0.074,0.207,0.269
0.216,0.295,0.533,0.416,0.47,0.074,0.207,0.269
0.216,0.295,0.533,0.416,0.47,0.074,0.207,0.269
0.216,0.295,0.533,0.416,0.469,0.074,0.207,0.269
0.216,0.295,0.533,0.415,0.469,0.074,0.207,0.269
0.216,0.295,0.533,0.416,0.469,0.074,0.207,0.268
0.216,0.295,0.533,0.415,0.469,0.074,0.207,0.268
0.216,0.295,0.533,0.415,0.469,0.074,0.207,0.268
0.216,0.295,0.533,0.415,0.469,0.074,0.207,0.268
0.216,0.295,0.532,0.415,0.469,0.073,0.207,0.268
0.216,0.295,0.532,0.415,0.468,0.074,0.207,0.268
0.216,0.295,0.532,0.414,0.468,0.074,0.207,0.268
0.215,0.294,0.532,0.414,0.468,0.073,0.207,0.268
0.216,0.295,0.532,0.414,0.468,0.074,0.207,0.268
0.215,0.295,0.532,0.414,0.468,0.074,0.207,0.268
0.215,0.295,0.532,0.414,0.468,0.074,0.207,0.268
0.215,0.294,0.531,0.414,0.468,0.073,0.207,0.268
0.215,0.294,0.531,0.414,0.468,0.073,0.207,0.267
0.215,0.294,0.531,0.414,0.467,0.074,0.207,0.267
0.215,0.294,0.531,0.413,0.467,0.074,0.207,0.267
0.215,0.294,0.531,0.413,0.467,0.074,0.206,0.267
0.215,0.294,0.531,0.413,0.467,0.073,0.206,0.267
0.215,0.294,0.531,0.413,0.467,0.074,0.206,0.267
0.215,0.294,0.531,0.413,0.467,0.074,0.207,0.267
0.215,0.294,0.531,0.413,0.467,0.074,0.206,0.267
0.215,0.294,0.53,0.413,0.467,0.074,0.206,0.267
0.215,0.294,0.53,0.413,0.467,0.074,0.206,0.267
0.215,0.294,0.53,0.413,0.466,0.073,0.206,0.267
0.215,0.294,0.53,0.413,0.467,0.074,0.206,0.267
0.215,0.294,0.53,0.413,0.466,0.074,0.206,0.266
0.215,0.294,0.53,0.412,0.466,0.073,0.206,0.266
0.214,0.293,0.529,0.412,0.466,0.073,0.206,0.266
0.214,0.293,0.529,0.412,0.466,0.073,0.206,0.266
0.214,0.293,0.529,0.412,0.466,0.073,0.206,0.266
0.214,0.293,0.529,0.412,0.466,0.073,0.206,0.266
0.214,0.293,0.529,0.412,0.466,0.074,0.206,0.266
0.214,0.293,0.529,0.412,0.466,0.073,0.206,0.266
0.214,0.293,0.529,0.412,0.466,0.073,0.206,0.266
0.214,0.293,0.529,0.412,0.465,0.073,0.206,0.266
0.214,0.293,0.529,0.411,0.465,0.073,0.206,0.265
0.214,0.292,0.528,0.412,0.465,0.073,0.206,0.265
0.214,0.292,0.528,0.411,0.465,0.073,0.206,0.265
0.214,0.292,0.528,0.412,0.465,0.073,0.206,0.265
0.214,0.292,0.528,0.411,0.465,0.073,0.206,0.265
0.214,0.292,0.528,0.411,0.465,0.073,0.206,0.265
0.213,0.292,0.528,0.411,0.464,0.073,0.206,0.265
0.214,0.292,0.528,0.411,0.464,0.073,0.206,0.265
0.213,0.292,0.528,0.411,0.464,0.073,0.206,0.265
0.213,0.292,0.528,0.411,0.464,0.073,0.206,0.265
0.213,0.292,0.527,0.411,0.464,0.073,0.206,0.265
0.213,0.292,0.527,0.411,0.464,0.073,0.206,0.265
0.213,0.292,0.527,0.411,0.464,0.073,0.206,0.265
0.213,0.292,0.527,0.411,0.464,0.073,0.206,0.265
0.213,0.291,0.527,0.41,0.463,0.073,0.206,0.264
0.213,0.291,0.527,0.41,0.463,0.073,0.206,0.264
0.213,0.291,0.527,0.41,0.463,0.073,0.206,0.264
0.213,0.291,0.526,0.41,0.463,0.073,0.206,0.264
0.213,0.291,0.526,0.41,0.463,0.073,0.206,0.264
0.213,0.291,0.526,0.41,0.463,0.073,0.206,0.264
0.213,0.291,0.526,0.41,0.463,0.073,0.206,0.264
0.213,0.291,0.526,0.41,0.463,0.073,0.206,0.264
0.213,0.291,0.526,0.409,0.462,0.073,0.205,0.264
0.212,0.291,0.526,0.41,0.462,0.073,0.205,0.264
0.212,0.291,0.526,0.409,0.462,0.073,0.206,0.264
0.213,0.291,0.525,0.409,0.462,0.073,0.205,0.264
0.212,0.291,0.525,0.409,0.462,0.073,0.205,0.264
0.212,0.291,0.525,0.409,0.462,0.073,0.205,0.264
0.212,0.29,0.525,0.409,0.462,0.073,0.205,0.264
0.212,0.29,0.525,0.409,0.462,0.073,0.205,0.264
0.212,0.291,0.525,0.408,0.461,0.073,0.205,0.264
0.212,0.29,0.525,0.408,0.461,0.073,0.205,0.264
0.212,0.29,0.525,0.408,0.461,0.073,0.205,0.264
0.212,0.29,0.525,0.408,0.461,0.073,0.205,0.263
0.212,0.29,0.524,0.408,0.461,0.073,0.205,0.263
0.212,0.29,0.524,0.408,0.461,0.073,0.205,0.263
0.212,0.29,0.524,0.408,0.46,0.073,0.205,0.263
0.212,0.29,0.524,0.408,0.46,0.073,0.205,0.263
0.212,0.29,0.524,0.407,0.46,0.073,0.205,0.263
0.212,0.29,0.524,0.407,0.46,0.073,0.205,0.263
0.212,0.29,0.524,0.407,0.46,0.073,0.205,0.263
0.211,0.29,0.524,0.407,0.46,0.073,0.205,0.263
0.211,0.29,0.523,0.407,0.46,0.073,0.205,0.263
0.211,0.29,0.523,0.407,0.46,0.073,0.205,0.263
0.211,0.29,0.523,0.407,0.459,0.073,0.205,0.263
0.211,0.29,0.523,0.407,0.459,0.073,0.205,0.263
0.211,0.29,0.523,0.406,0.459,0.073,0.205,0.263
0.211,0.29,0.523,0.406,0.459,0.073,0.205,0.262
0.211,0.289,0.523,0.406,0.459,0.073,0.205,0.262
0.211,0.289,0.523,0.406,0.459,0.073,0.205,0.263
0.211,0.289,0.522,0.406,0.459,0.073,0.205,0.262
0.211,0.289,0.522,0.406,0.459,0.073,0.205,0.263
0.211,0.289,0.522,0.406,0.459,0.073,0.205,0.262
0.211,0.289,0.522,0.406,0.458,0.073,0.205,0.262
0.211,0.289,0.522,0.406,0.458,0.073,0.205,0.262
0.21,0.289,0.522,0.405,0.458,0.073,0.205,0.262
0.21,0.289,0.522,0.405,0.458,0.073,0.205,0.262
0.21,0.289,0.522,0.405,0.458,0.073,0.205,0.262
0.21,0.289,0.521,0.405,0.458,0.073,0.205,0.262
0.21,0.289,0.521,0.405,0.457,0.073,0.205,0.262
0.21,0.289,0.521,0.405,0.457,0.073,0.204,0.262
0.21,0.289,0.521,0.405,0.457,0.073,0.205,0.262
0.21,0.289,0.521,0.405,0.457,0.073,0.204,0.262
0.21,0.289,0.521,0.404,0.457,0.073,0.205,0.262
0.21,0.288,0.521,0.404,0.457,0.073,0.204,0.262
0.21,0.288,0.521,0.404,0.457,0.073,0.204,0.262
0.21,0.288,0.521,0.404,0.456,0.073,0.204,0.262
0.21,0.288,0.521,0.404,0.456,0.073,0.204,0.262
0.21,0.288,0.52,0.404,0.456,0.073,0.204,0.262
0.21,0.288,0.52,0.404,0.456,0.073,0.204,0.261
0.21,0.288,0.52,0.404,0.456,0.073,0.204,0.261
0.21,0.288,0.52,0.404,0.456,0.073,0.204,0.261
0.21,0.288,0.52,0.403,0.456,0.073,0.204,0.261
0.209,0.288,0.52,0.403,0.456,0.073,0.204,0.261
0.209,0.288,0.52,0.403,0.456,0.073,0.204,0.261
0.209,0.288,0.519,0.403,0.455,0.073,0.204,0.261
0.209,0.288,0.519,0.403,0.455,0.073,0.204,0.261
0.209,0.288,0.519,0.403,0.455,0.073,0.204,0.261
0.209,0.288,0.519,0.403,0.455,0.073,0.204,0.261
0.209,0.288,0.519,0.403,0.455,0.073,0.204,0.261
0.209,0.288,0.519,0.403,0.455,0.073,0.204,0.261
0.209,0.288,0.519,0.403,0.455,0.073,0.204,0.261
0.209,0.288,0.518,0.403,0.455,0.073,0.204,0.261
0.209,0.288,0.518,0.402,0.455,0.073,0.204,0.261
0.209,0.288,0.519,0.402,0.455,0.073,0.204,0.26
0.209,0.287,0.518,0.402,0.454,0.073,0.204,0.26
0.209,0.287,0.518,0.402,0.454,0.073,0.204,0.26
0.209,0.287,0.518,0.402,0.454,0.073,0.204,0.26
0.208,0.287,0.518,0.402,0.454,0.073,0.204,0.26
0.208,0.287,0.518,0.402,0.454,0.073,0.204,0.26
0.208,0.287,0.518,0.402,0.454,0.073,0.204,0.26
0.208,0.287,0.517,0.402,0.454,0.073,0.204,0.26
0.208,0.287,0.518,0.402,0.454,0.073,0.204,0.26
0.208,0.287,0.517,0.402,0.453,0.073,0.204,0.26
0.208,0.287,0.517,0.402,0.453,0.073,0.204,0.26
0.208,0.287,0.517,0.402,0.453,0.073,0.204,0.26
0.208,0.287,0.517,0.402,0.453,0.073,0.204,0.26
0.208,0.287,0.517,0.402,0.453,0.073,0.204,0.26
0.208,0.287,0.517,0.401,0.453,0.073,0.204,0.259
0.208,0.287,0.517,0.402,0.453,0.073,0.204,0.26
0.208,0.286,0.517,0.402,0.453,0.073,0.204,0.259
0.208,0.286,0.517,0.401,0.453,0.073,0.204,0.26
0.208,0.286,0.516,0.401,0.453,0.073,0.204,0.259
0.208,0.286,0.516,0.401,0.453,0.073,0.204,0.259
0.208,0.286,0.516,0.401,0.453,0.073,0.203,0.259
0.207,0.286,0.516,0.401,0.452,0.073,0.204,0.259
0.207,0.286,0.516,0.401,0.452,0.073,0.203,0.259
0.208,0.286,0.516,0.401,0.452,0.073,0.203,0.259
0.207,0.286,0.516,0.401,0.452,0.073,0.203,0.259
0.207,0.286,0.516,0.401,0.452,0.073,0.203,0.259
0.207,0.286,0.516,0.4,0.452,0.073,0.203,0.259
0.207,0.286,0.515,0.4,0.452,0.073,0.204,0.259
0.207,0.285,0.515,0.4,0.452,0.072,0.203,0.259
0.207,0.286,0.515,0.4,0.451,0.072,0.203,0.259
0.207,0.286,0.515,0.4,0.451,0.073,0.203,0.258
0.207,0.285,0.515,0.4,0.451,0.072,0.203,0.259
0.207,0.285,0.515,0.4,0.451,0.073,0.203,0.258
0.207,0.286,0.515,0.4,0.451,0.072,0.203,0.258
0.207,0.285,0.515,0.4,0.451,0.073,0.203,0.258
0.207,0.285,0.515,0.4,0.45,0.073,0.203,0.258
0.207,0.285,0.514,0.4,0.45,0.072,0.203,0.258
0.207,0.285,0.514,0.399,0.45,0.072,0.203,0.258
0.207,0.285,0.514,0.399,0.45,0.072,0.203,0.258
0.207,0.285,0.514,0.399,0.45,0.072,0.203,0.258
0.206,0.285,0.514,0.399,0.45,0.072,0.203,0.258
0.206,0.285,0.514,0.399,0.449,0.073,0.203,0.258
0.206,0.285,0.514,0.399,0.449,0.072,0.203,0.258
0.206,0.285,0.514,0.398,0.449,0.073,0.203,0.258
0.206,0.285,0.513,0.399,0.449,0.072,0.203,0.258
0.206,0.285,0.513,0.398,0.449,0.072,0.203,0.258
0.206,0.285,0.513,0.398,0.449,0.072,0.203,0.258
0.206,0.285,0.513,0.398,0.449,0.072,0.203,0.258
0.206,0.285,0.513,0.398,0.449,0.072,0.203,0.258
0.206,0.285,0.513,0.398,0.449,0.072,0.203,0.257
0.206,0.285,0.513,0.397,0.448,0.072,0.203,0.258
0.206,0.285,0.513,0.398,0.448,0.072,0.203,0.257
0.206,0.285,0.513,0.398,0.448,0.072,0.203,0.258
0.206,0.284,0.513,0.397,0.448,0.072,0.203,0.257
0.206,0.284,0.512,0.397,0.448,0.072,0.203,0.257
0.206,0.284,0.512,0.397,0.448,0.072,0.203,0.257
0.206,0.284,0.512,0.397,0.448,0.072,0.203,0.257
0.205,0.284,0.512,0.397,0.448,0.072,0.203,0.257
0.206,0.284,0.512,0.397,0.448,0.072,0.203,0.257
0.205,0.284,0.512,0.397,0.447,0.072,0.203,0.257
0.206,0.284,0.512,0.397,0.447,0.072,0.203,0.257
0.205,0.284,0.512,0.397,0.447,0.072,0.203,0.257
0.205,0.284,0.511,0.396,0.447,0.072,0.203,0.257
0.205,0.284,0.511,0.396,0.447,0.072,0.203,0.257
0.205,0.284,0.511,0.396,0.447,0.072,0.203,0.257
0.205,0.284,0.511,0.396,0.447,0.072,0.203,0.257
0.205,0.284,0.511,0.396,0.447,0.072,0.203,0.257
0.205,0.284,0.511,0.396,0.447,0.072,0.203,0.257
0.205,0.284,0.511,0.396,0.446,0.072,0.203,0.257
0.205,0.283,0.511,0.396,0.446,0.072,0.203,0.257
0.205,0.283,0.51,0.396,0.446,0.072,0.203,0.256
0.205,0.283,0.51,0.395,0.446,0.072,0.203,0.257
0.205,0.283,0.51,0.395,0.446,0.072,0.203,0.256
0.205,0.283,0.51,0.395,0.446,0.072,0.203,0.256
0.205,0.283,0.51,0.395,0.446,0.072,0.202,0.256
0.205,0.283,0.51,0.395,0.446,0.072,0.203,0.256
0.205,0.283,0.51,0.395,0.445,0.072,0.203,0.256
0.204,0.283,0.51,0.395,0.445,0.072,0.202,0.256
0.204,0.283,0.509,0.395,0.445,0.072,0.202,0.256
0.205,0.283,0.509,0.395,0.445,0.072,0.202,0.256
0.204,0.283,0.509,0.394,0.445,0.072,0.202,0.256
0.204,0.283,0.509,0.394,0.445,0.072,0.202,0.256
0.204,0.283,0.509,0.394,0.445,0.072,0.202,0.256
0.204,0.283,0.509,0.394,0.445,0.072,0.202,0.256
0.204,0.283,0.509,0.394,0.445,0.072,0.202,0.256
0.204,0.283,0.509,0.394,0.444,0.072,0.202,0.256
0.204,0.282,0.508,0.394,0.444,0.072,0.202,0.256
0.204,0.282,0.508,0.394,0.444,0.072,0.202,0.256
0.204,0.283,0.508,0.394,0.444,0.072,0.202,0.256
0.204,0.282,0.508,0.393,0.444,0.072,0.202,0.256
0.204,0.282,0.508,0.393,0.444,0.072,0.202,0.256
0.204,0.282,0.508,0.393,0.444,0.072,0.202,0.256
0.204,0.282,0.508,0.393,0.444,0.072,0.202,0.255
0.204,0.282,0.508,0.393,0.444,0.072,0.202,0.255
0.204,0.282,0.508,0.393,0.444,0.072,0.202,0.255
0.204,0.282,0.507,0.392,0.443,0.072,0.202,0.255
0.203,0.282,0.507,0.392,0.443,0.072,0.202,0.255
0.203,0.282,0.507,0.392,0.443,0.072,0.202,0.255
0.203,0.282,0.507,0.392,0.443,0.072,0.202,0.255
0.203,0.282,0.507,0.392,0.443,0.072,0.202,0.255
0.203,0.282,0.507,0.392,0.443,0.072,0.202,0.255
0.203,0.282,0.507,0.392,0.443,0.072,0.202,0.255
0.203,0.282,0.507,0.392,0.443,0.072,0.202,0.255
0.203,0.282,0.507,0.392,0.443,0.072,0.202,0.255
0.203,0.281,0.507,0.392,0.442,0.072,0.202,0.255
0.203,0.282,0.506,0.392,0.443,0.072,0.202,0.255
0.203,0.282,0.506,0.392,0.442,0.072,0.202,0.255
0.203,0.281,0.506,0.391,0.442,0.072,0.202,0.255
0.203,0.281,0.506,0.391,0.442,0.072,0.202,0.255
0.203,0.281,0.506,0.391,0.442,0.072,0.202,0.255
0.203,0.281,0.506,0.391,0.442,0.072,0.202,0.255
0.203,0.281,0.506,0.391,0.442,0.072,0.202,0.255
0.203,0.281,0.506,0.391,0.442,0.072,0.202,0.255
0.203,0.281,0.506,0.391,0.442,0.072,0.202,0.255
0.203,0.281,0.505,0.391,0.441,0.072,0.202,0.254
0.203,0.281,0.505,0.391,0.442,0.072,0.202,0.254
0.203,0.281,0.505,0.391,0.442,0.072,0.202,0.254
0.203,0.281,0.505,0.39,0.441,0.072,0.201,0.254
0.203,0.281,0.505,0.391,0.441,0.072,0.202,0.254
0.203,0.281,0.505,0.391,0.441,0.072,0.201,0.254
0.202,0.281,0.505,0.39,0.441,0.072,0.201,0.254
0.202,0.281,0.505,0.39,0.441,0.072,0.201,0.254
0.202,0.281,0.505,0.39,0.441,0.072,0.201,0.254
0.202,0.281,0.505,0.39,0.441,0.072,0.201,0.254
0.202,0.281,0.504,0.39,0.441,0.072,0.201,0.254
0.202,0.281,0.504,0.39,0.44,0.072,0.201,0.254
0.202,0.281,0.504,0.39,0.44,0.072,0.201,0.254
0.202,0.281,0.504,0.39,0.44,0.072,0.201,0.254
0.202,0.281,0.504,0.39,0.44,0.072,0.201,0.254
0.202,0.281,0.504,0.389,0.44,0.072,0.201,0.254
0.202,0.281,0.504,0.389,0.44,0.072,0.201,0.254
0.202,0.281,0.504,0.389,0.44,0.072,0.201,0.254
0.202,0.281,0.504,0.389,0.44,0.072,0.201,0.254
0.202,0.281,0.503,0.389,0.44,0.072,0.201,0.254
0.202,0.281,0.503,0.389,0.44,0.072,0.201,0.254
0.202,0.281,0.503,0.389,0.439,0.072,0.201,0.254
0.202,0.281,0.503,0.389,0.439,0.072,0.201,0.254
0.202,0.281,0.503,0.389,0.439,0.072,0.201,0.254
0.202,0.281,0.503,0.388,0.439,0.072,0.201,0.253
0.202,0.281,0.503,0.388,0.439,0.072,0.201,0.254
0.201,0.281,0.503,0.388,0.439,0.072,0.201,0.253
0.201,0.281,0.503,0.388,0.439,0.072,0.201,0.253
0.201,0.281,0.503,0.388,0.439,0.072,0.201,0.253
0.201,0.281,0.502,0.388,0.439,0.072,0.201,0.253
0.201,0.281,0.502,0.387,0.438,0.072,0.201,0.253
0.201,0.281,0.502,0.388,0.438,0.072,0.201,0.253
0.201,0.281,0.502,0.388,0.438,0.072,0.201,0.253
0.201,0.28,0.502,0.387,0.438,0.072,0.201,0.253
0.201,0.28,0.502,0.387,0.438,0.072,0.201,0.253
0.201,0.28,0.502,0.387,0.438,0.072,0.201,0.253
0.201,0.28,0.502,0.387,0.438,0.072,0.201,0.253
0.201,0.28,0.501,0.387,0.438,0.072,0.201,0.253
0.201,0.28,0.501,0.387,0.438,0.072,0.201,0.253
0.201,0.28,0.501,0.387,0.438,0.072,0.201,0.253
0.201,0.28,0.501,0.387,0.437,0.072,0.201,0.253
0.201,0.28,0.501,0.386,0.437,0.072,0.201,0.253
0.201,0.28,0.501,0.386,0.437,0.072,0.201,0.253
0.201,0.28,0.501,0.386,0.437,0.072,0.201,0.253
0.201,0.28,0.501,0.386,0.437,0.072,0.201,0.253
0.201,0.28,0.501,0.386,0.437,0.072,0.201,0.252
0.2,0.28,0.501,0.386,0.437,0.072,0.201,0.253
0.2,0.28,0.5,0.386,0.437,0.072,0.201,0.253
0.2,0.28,0.5,0.386,0.437,0.072,0.2,0.253
0.2,0.28,0.5,0.386,0.436,0.072,0.2,0.253
0.2,0.28,0.5,0.386,0.436,0.072,0.2,0.253
0.2,0.28,0.5,0.385,0.436,0.072,0.2,0.253
0.2,0.28,0.5,0.385,0.436,0.071,0.2,0.252
0.2,0.279,0.5,0.385,0.436,0.072,0.2,0.252
0.2,0.28,0.5,0.385,0.436,0.072,0.2,0.252
0.2,0.279,0.499,0.385,0.436,0.072,0.2,0.253
0.2,0.279,0.499,0.385,0.436,0.072,0.2,0.252
0.2,0.279,0.499,0.385,0.436,0.072,0.2,0.252
0.2,0.279,0.499,0.385,0.436,0.072,0.2,0.252
0.2,0.279,0.499,0.385,0.436,0.072,0.2,0.252
0.2,0.279,0.499,0.385,0.436,0.072,0.2,0.252
0.2,0.279,0.499,0.385,0.436,0.072,0.2,0.252
0.2,0.279,0.499,0.384,0.435,0.072,0.2,0.252
0.2,0.279,0.499,0.384,0.435,0.072,0.2,0.252
0.2,0.279,0.498,0.384,0.435,0.072,0.2,0.252
0.2,0.279,0.498,0.384,0.435,0.072,0.2,0.252
0.2,0.279,0.498,0.384,0.435,0.072,0.2,0.252
0.2,0.279,0.498,0.384,0.435,0.072,0.2,0.252
0.2,0.279,0.498,0.384,0.435,0.072,0.2,0.252
0.2,0.279,0.498,0.384,0.435,0.072,0.2,0.252
0.199,0.279,0.498,0.384,0.435,0.072,0.2,0.252
0.199,0.278,0.498,0.384,0.435,0.072,0.2,0.252
0.199,0.279,0.498,0.384,0.435,0.072,0.2,0.252
0.199,0.278,0.498,0.384,0.435,0.072,0.2,0.252
0.199,0.279,0.498,0.384,0.435,0.072,0.2,0.252
0.199,0.278,0.497,0.383,0.435,0.071,0.2,0.251
0.199,0.279,0.497,0.383,0.434,0.072,0.2,0.251
0.199,0.278,0.497,0.383,0.434,0.072,0.2,0.252
0.199,0.278,0.497,0.383,0.434,0.072,0.2,0.251
0.199,0.278,0.497,0.383,0.434,0.071,0.2,0.251
0.199,0.278,0.497,0.383,0.434,0.071,0.2,0.251
0.199,0.278,0.497,0.383,0.434,0.071,0.2,0.251
0.199,0.278,0.497,0.383,0.434,0.072,0.2,0.251
0.199,0.278,0.497,0.383,0.434,0.072,0.2,0.251
0.199,0.278,0.497,0.383,0.434,0.072,0.2,0.251
0.199,0.278,0.496,0.383,0.434,0.071,0.2,0.251
0.199,0.278,0.496,0.383,0.434,0.072,0.2,0.251
0.199,0.278,0.496,0.383,0.434,0.071,0.2,0.251
0.199,0.278,0.496,0.383,0.433,0.072,0.2,0.251
0.199,0.278,0.496,0.383,0.433,0.071,0.2,0.251
0.199,0.278,0.496,0.383,0.433,0.071,0.2,0.251
0.199,0.278,0.496,0.383,0.433,0.072,0.2,0.251
0.199,0.278,0.496,0.383,0.433,0.071,0.2,0.251
0.198,0.278,0.495,0.383,0.433,0.072,0.2,0.251
0.198,0.278,0.495,0.382,0.433,0.071,0.2,0.25
0.198,0.277,0.495,0.382,0.433,0.072,0.2,0.25
0.198,0.278,0.495,0.382,0.433,0.071,0.2,0.25
0.198,0.278,0.495,0.382,0.433,0.071,0.2,0.25
0.198,0.278,0.495,0.382,0.432,0.071,0.199,0.25
0.198,0.277,0.495,0.382,0.433,0.071,0.2,0.25
0.198,0.277,0.495,0.382,0.432,0.071,0.2,0.25
0.198,0.277,0.495,0.382,0.432,0.072,0.199,0.25
0.198,0.277,0.495,0.382,0.432,0.071,0.199,0.25
0.198,0.277,0.495,0.382,0.432,0.071,0.199,0.25
0.198,0.277,0.494,0.382,0.432,0.071,0.199,0.25
0.198,0.277,0.494,0.381,0.432,0.071,0.199,0.25
0.198,0.277,0.494,0.381,0.432,0.072,0.199,0.25
0.198,0.277,0.494,0.381,0.431,0.071,0.199,0.25
0.198,0.277,0.494,0.381,0.431,0.071,0.199,0.25
0.198,0.277,0.494,0.381,0.431,0.071,0.199,0.25
0.198,0.277,0.494,0.381,0.431,0.071,0.199,0.25
0.198,0.277,0.494,0.381,0.431,0.071,0.199,0.25
0.198,0.277,0.493,0.381,0.431,0.071,0.199,0.25
0.198,0.277,0.493,0.381,0.431,0.071,0.199,0.25
0.198,0.277,0.493,0.381,0.431,0.071,0.199,0.25
0.197,0.277,0.493,0.38,0.431,0.071,0.199,0.25
0.197,0.277,0.493,0.38,0.431,0.071,0.199,0.25
0.197,0.277,0.493,0.38,0.431,0.071,0.199,0.249
0.197,0.276,0.493,0.38,0.431,0.071,0.199,0.249
0.197,0.276,0.493,0.38,0.43,0.071,0.199,0.249
0.197,0.276,0.493,0.38,0.43,0.071,0.199,0.249
0.197,0.276,0.492,0.38,0.43,0.071,0.199,0.249
0.197,0.276,0.492,0.38,0.43,0.071,0.199,0.249
0.197,0.276,0.492,0.38,0.43,0.071,0.199,0.249
0.197,0.276,0.492,0.38,0.43,0.071,0.199,0.249
0.197,0.276,0.492,0.38,0.43,0.071,0.199,0.249
0.197,0.276,0.492,0.379,0.43,0.071,0.199,0.249
0.197,0.276,0.492,0.379,0.43,0.071,0.199,0.249
0.197,0.276,0.492,0.379,0.43,0.071,0.199,0.249
0.197,0.276,0.492,0.379,0.429,0.071,0.199,0.249
0.197,0.276,0.492,0.379,0.429,0.071,0.199,0.249
0.197,0.276,0.492,0.379,0.429,0.071,0.199,0.249
0.197,0.276,0.491,0.379,0.429,0.071,0.199,0.249
0.197,0.276,0.491,0.379,0.429,0.071,0.199,0.249
0.197,0.276,0.491,0.379,0.429,0.071,0.199,0.249
0.197,0.276,0.491,0.379,0.429,0.071,0.199,0.249
0.197,0.276,0.491,0.379,0.429,0.071,0.199,0.249
0.197,0.276,0.491,0.379,0.429,0.071,0.199,0.249
0.197,0.276,0.491,0.378,0.429,0.071,0.199,0.249
0.197,0.276,0.491,0.378,0.428,0.071,0.199,0.249
0.196,0.275,0.491,0.378,0.428,0.071,0.199,0.249
0.196,0.276,0.491,0.378,0.428,0.071,0.199,0.248
0.196,0.276,0.49,0.378,0.428,0.071,0.199,0.248
0.196,0.276,0.49,0.378,0.428,0.071,0.199,0.249
0.196,0.275,0.49,0.378,0.428,0.071,0.198,0.248
0.196,0.275,0.49,0.378,0.428,0.071,0.199,0.248
0.196,0.275,0.49,0.378,0.428,0.071,0.198,0.248
0.196,0.275,0.49,0.378,0.428,0.071,0.198,0.248
0.196,0.275,0.49,0.378,0.428,0.071,0.198,0.248
0.196,0.275,0.49,0.378,0.428,0.071,0.198,0.248
0.196,0.275,0.489,0.377,0.428,0.071,0.198,0.248
0.196,0.275,0.489,0.377,0.427,0.071,0.198,0.248
0.196,0.275,0.489,0.377,0.428,0.071,0.198,0.248
0.196,0.275,0.489,0.377,0.428,0.071,0.198,0.248
0.196,0.275,0.489,0.377,0.427,0.071,0.198,0.248
0.196,0.275,0.489,0.377,0.427,0.071,0.198,0.248
0.196,0.275,0.489,0.377,0.427,0.071,0.198,0.248
0.196,0.275,0.489,0.377,0.427,0.071,0.198,0.248
0.196,0.275,0.489,0.377,0.427,0.071,0.198,0.248
0.196,0.275,0.488,0.377,0.427,0.071,0.198,0.248
0.196,0.275,0.488,0.376,0.427,0.071,0.198,0.248
0.196,0.275,0.488,0.377,0.427,0.071,0.198,0.248
0.196,0.275,0.488,0.376,0.427,0.071,0.198,0.248
0.195,0.275,0.488,0.376,0.427,0.071,0.198,0.248
0.195,0.274,0.488,0.376,0.426,0.071,0.198,0.247
0.195,0.274,0.488,0.376,0.427,0.071,0.198,0.248
0.195,0.274,0.488,0.376,0.426,0.071,0.198,0.247
0.195,0.274,0.488,0.376,0.426,0.071,0.198,0.247
0.195,0.274,0.488,0.376,0.426,0.071,0.198,0.247
0.195,0.274,0.488,0.376,0.426,0.071,0.198,0.248
0.195,0.274,0.487,0.376,0.426,0.071,0.198,0.247
0.195,0.274,0.487,0.376,0.426,0.071,0.198,0.247
0.195,0.274,0.488,0.376,0.426,0.071,0.198,0.247
0.195,0.274,0.487,0.376,0.426,0.071,0.198,0.247
0.195,0.274,0.487,0.376,0.426,0.071,0.198,0.247
0.195,0.274,0.487,0.376,0.426,0.071,0.198,0.247
0.195,0.274,0.487,0.375,0.425,0.071,0.198,0.247
0.195,0.274,0.487,0.375,0.426,0.071,0.198,0.247
0.195,0.274,0.487,0.375,0.425,0.071,0.198,0.247
0.195,0.274,0.487,0.375,0.425,0.071,0.198,0.247
0.195,0.274,0.486,0.375,0.425,0.071,0.198,0.247
0.195,0.274,0.487,0.375,0.425,0.071,0.198,0.247
0.195,0.274,0.487,0.375,0.425,0.071,0.198,0.247
0.195,0.274,0.486,0.375,0.425,0.071,0.198,0.247
0.195,0.273,0.486,0.375,0.425,0.071,0.198,0.247
0.195,0.274,0.486,0.375,0.425,0.071,0.198,0.247
0.195,0.274,0.486,0.375,0.425,0.071,0.197,0.247
0.194,0.273,0.486,0.375,0.425,0.071,0.198,0.247
0.195,0.273,0.486,0.375,0.425,0.071,0.197,0.247
0.195,0.274,0.486,0.374,0.425,0.071,0.197,0.247
0.194,0.273,0.486,0.374,0.425,0.071,0.198,0.247
0.194,0.273,0.485,0.374,0.424,0.071,0.198,0.246
0.194,0.273,0.485,0.374,0.424,0.071,0.197,0.246
0.194,0.274,0.485,0.374,0.424,0.071,0.197,0.246
0.194,0.273,0.485,0.374,0.424,0.071,0.197,0.246
0.194,0.273,0.485,0.374,0.424,0.071,0.197,0.246
0.194,0.273,0.485,0.374,0.424,0.071,0.197,0.246
0.194,0.273,0.485,0.374,0.424,0.071,0.197,0.246
0.194,0.273,0.485,0.374,0.424,0.071,0.197,0.246
0.194,0.273,0.485,0.374,0.424,0.071,0.197,0.246
0.194,0.273,0.485,0.374,0.424,0.071,0.197,0.246
0.194,0.273,0.484,0.374,0.423,0.071,0.197,0.246
0.194,0.273,0.484,0.373,0.423,0.071,0.197,0.246
0.194,0.273,0.484,0.373,0.423,0.071,0.197,0.246
0.194,0.273,0.484,0.374,0.423,0.071,0.197,0.246
0.194,0.273,0.484,0.373,0.423,0.071,0.197,0.246
0.194,0.273,0.484,0.373,0.423,0.071,0.197,0.246
0.194,0.273,0.484,0.373,0.423,0.071,0.197,0.246
0.194,0.273,0.484,0.373,0.423,0.071,0.197,0.246
0.194,0.273,0.484,0.373,0.423,0.071,0.197,0.246
0.194,0.273,0.484,0.373,0.423,0.071,0.197,0.246
0.194,0.273,0.484,0.373,0.423,0.071,0.197,0.246
0.194,0.273,0.484,0.373,0.423,0.071,0.197,0.246
0.194,0.273,0.483,0.373,0.422,0.071,0.197,0.246
0.194,0.273,0.483,0.373,0.422,0.071,0.197,0.246
0.194,0.273,0.483,0.373,0.422,0.071,0.197,0.245
0.193,0.273,0.483,0.373,0.422,0.071,0.197,0.246
0.193,0.273,0.483,0.372,0.422,0.071,0.197,0.246
0.193,0.273,0.483,0.372,0.422,0.071,0.197,0.245
0.193,0.273,0.483,0.372,0.422,0.071,0.197,0.245
0.193,0.273,0.483,0.372,0.422,0.071,0.197,0.245
0.193,0.273,0.483,0.372,0.422,0.071,0.197,0.245
0.193,0.273,0.483,0.372,0.422,0.071,0.197,0.245
0.193,0.273,0.483,0.372,0.421,0.071,0.197,0.245
0.193,0.272,0.482,0.372,0.421,0.071,0.197,0.245
0.193,0.272,0.482,0.372,0.422,0.071,0.197,0.245
0.193,0.272,0.482,0.372,0.421,0.071,0.197,0.245
0.193,0.272,0.482,0.372,0.421,0.071,0.197,0.245
0.193,0.272,0.482,0.372,0.421,0.071,0.197,0.245
0.193,0.272,0.482,0.372,0.421,0.071,0.197,0.245
0.193,0.272,0.482,0.371,0.421,0.071,0.197,0.245
0.193,0.272,0.482,0.372,0.421,0.071,0.196,0.245
0.193,0.272,0.482,0.372,0.421,0.071,0.196,0.245
0.193,0.272,0.482,0.371,0.421,0.071,0.197,0.245
0.193,0.272,0.481,0.371,0.421,0.071,0.196,0.245
0.193,0.272,0.481,0.371,0.421,0.071,0.196,0.245
0.193,0.272,0.481,0.371,0.421,0.071,0.196,0.245
0.193,0.272,0.481,0.371,0.421,0.071,0.196,0.245
0.193,0.272,0.481,0.371,0.42,0.071,0.196,0.245
0.193,0.272,0.481,0.371,0.42,0.071,0.196,0.245
0.193,0.272,0.481,0.371,0.42,0.071,0.196,0.245
0.193,0.272,0.481,0.371,0.42,0.071,0.196,0.245
0.193,0.272,0.481,0.371,0.42,0.071,0.196,0.245
0.193,0.272,0.481,0.371,0.42,0.071,0.196,0.245
0.193,0.272,0.481,0.37,0.42,0.071,0.196,0.245
0.193,0.272,0.481,0.37,0.42,0.071,0.196,0.245
0.192,0.272,0.48,0.37,0.42,0.071,0.196,0.245
0.193,0.272,0.48,0.37,0.42,0.071,0.196,0.245
0.192,0.272,0.48,0.37,0.42,0.071,0.196,0.244
0.192,0.272,0.48,0.37,0.42,0.071,0.196,0.244
0.192,0.272,0.48,0.37,0.42,0.071,0.196,0.244
0.192,0.272,0.48,0.37,0.42,0.071,0.196,0.244
0.192,0.271,0.48,0.37,0.42,0.071,0.196,0.244
0.192,0.271,0.48,0.37,0.419,0.071,0.196,0.244
0.192,0.271,0.48,0.37,0.419,0.071,0.196,0.244
0.192,0.271,0.48,0.37,0.419,0.071,0.196,0.244
0.192,0.271,0.48,0.37,0.419,0.071,0.196,0.244
0.192,0.271,0.479,0.37,0.419,0.071,0.196,0.244
0.192,0.271,0.479,0.37,0.419,0.07,0.196,0.244
0.192,0.271,0.479,0.37,0.419,0.071,0.196,0.244
0.192,0.271,0.479,0.37,0.419,0.071,0.196,0.244
0.192,0.271,0.479,0.37,0.419,0.071,0.196,0.244
0.192,0.271,0.479,0.369,0.419,0.071,0.195,0.244
0.192,0.271,0.479,0.369,0.419,0.071,0.196,0.244
0.192,0.271,0.479,0.37,0.419,0.071,0.196,0.244
0.192,0.271,0.479,0.369,0.419,0.07,0.196,0.244
0.192,0.271,0.479,0.369,0.419,0.071,0.196,0.244
0.192,0.271,0.479,0.369,0.418,0.071,0.196,0.244
0.192,0.271,0.479,0.369,0.418,0.07,0.196,0.244
0.191,0.271,0.479,0.369,0.418,0.071,0.196,0.244
0.192,0.271,0.478,0.369,0.418,0.071,0.196,0.244
0.192,0.271,0.478,0.369,0.418,0.07,0.196,0.243
0.192,0.271,0.478,0.369,0.418,0.07,0.195,0.243
0.191,0.27,0.478,0.369,0.418,0.071,0.195,0.243
0.192,0.271,0.478,0.369,0.418,0.07,0.195,0.243
0.191,0.271,0.478,0.368,0.418,0.071,0.195,0.243
0.191,0.271,0.478,0.369,0.418,0.07,0.195,0.243
0.191,0.27,0.478,0.368,0.417,0.071,0.195,0.243
0.191,0.271,0.478,0.368,0.418,0.07,0.195,0.243
0.191,0.27,0.478,0.368,0.417,0.071,0.195,0.243
0.191,0.27,0.477,0.368,0.417,0.071,0.195,0.243
0.191,0.27,0.477,0.368,0.417,0.07,0.195,0.243
0.191,0.27,0.477,0.368,0.417,0.071,0.195,0.243
0.191,0.27,0.477,0.368,0.417,0.071,0.195,0.243
0.191,0.27,0.477,0.368,0.417,0.07,0.195,0.243
0.191,0.27,0.477,0.368,0.417,0.071,0.195,0.243
0.191,0.27,0.477,0.368,0.417,0.07,0.195,0.243
0.191,0.27,0.477,0.368,0.417,0.07,0.195,0.243
0.191,0.27,0.477,0.367,0.417,0.07,0.195,0.243
0.191,0.27,0.477,0.367,0.417,0.071,0.195,0.243
0.191,0.27,0.477,0.367,0.417,0.07,0.195,0.243
0.191,0.27,0.477,0.367,0.417,0.071,0.195,0.243
0.191,0.27,0.476,0.367,0.416,0.07,0.195,0.243
0.191,0.27,0.476,0.367,0.416,0.071,0.195,0.243
0.191,0.27,0.476,0.367,0.416,0.07,0.195,0.242
0.191,0.27,0.476,0.367,0.416,0.07,0.195,0.243
0.191,0.27,0.476,0.367,0.416,0.07,0.195,0.242
0.191,0.27,0.476,0.367,0.416,0.07,0.195,0.242
0.191,0.27,0.476,0.367,0.416,0.07,0.195,0.242
0.191,0.27,0.476,0.367,0.416,0.071,0.195,0.242
0.191,0.27,0.476,0.367,0.416,0.07,0.195,0.242
0.19,0.27,0.476,0.367,0.416,0.07,0.195,0.242
0.191,0.27,0.475,0.367,0.416,0.07,0.195,0.242
0.19,0.27,0.476,0.366,0.416,0.07,0.195,0.242
0.19,0.27,0.475,0.367,0.416,0.07,0.195,0.242
0.19,0.27,0.475,0.366,0.416,0.07,0.195,0.242
0.19,0.27,0.475,0.367,0.416,0.07,0.195,0.242
0.19,0.27,0.475,0.366,0.416,0.07,0.195,0.242
0.19,0.27,0.475,0.366,0.415,0.07,0.195,0.242
0.19,0.269,0.475,0.366,0.415,0.07,0.195,0.242
0.19,0.269,0.475,0.366,0.415,0.07,0.195,0.242
0.19,0.269,0.475,0.366,0.415,0.07,0.195,0.242
0.19,0.27,0.475,0.366,0.415,0.07,0.195,0.242
0.19,0.269,0.475,0.366,0.415,0.07,0.195,0.242
0.19,0.269,0.475,0.366,0.415,0.07,0.195,0.242
0.19,0.269,0.474,0.366,0.415,0.07,0.195,0.242
0.19,0.269,0.474,0.366,0.415,0.07,0.194,0.242
0.19,0.269,0.474,0.366,0.415,0.07,0.194,0.242
0.19,0.269,0.474,0.366,0.415,0.07,0.194,0.242
0.19,0.269,0.474,0.366,0.415,0.07,0.195,0.242
0.19,0.269,0.474,0.366,0.415,0.07,0.194,0.242
0.19,0.269,0.474,0.366,0.415,0.07,0.194,0.242
0.19,0.269,0.474,0.365,0.415,0.07,0.194,0.242
0.19,0.269,0.474,0.366,0.415,0.07,0.194,0.242
0.19,0.269,0.474,0.365,0.415,0.07,0.194,0.241
0.19,0.269,0.474,0.365,0.414,0.07,0.194,0.241
0.19,0.269,0.474,0.365,0.414,0.07,0.194,0.241
0.19,0.269,0.474,0.365,0.414,0.07,0.194,0.241
0.19,0.269,0.473,0.365,0.414,0.07,0.194,0.241
0.189,0.269,0.473,0.365,0.414,0.07,0.194,0.241
0.189,0.269,0.473,0.365,0.414,0.07,0.194,0.241
0.189,0.269,0.473,0.365,0.414,0.07,0.194,0.241
0.189,0.269,0.473,0.365,0.414,0.07,0.194,0.241
0.189,0.269,0.473,0.365,0.414,0.07,0.194,0.241
0.189,0.269,0.473,0.365,0.414,0.07,0.194,0.241
0.189,0.269,0.473,0.365,0.414,0.07,0.194,0.241
0.189,0.268,0.473,0.365,0.414,0.07,0.194,0.241
0.189,0.269,0.473,0.365,0.414,0.07,0.194,0.241
0.189,0.269,0.473,0.365,0.414,0.07,0.194,0.241
0.189,0.269,0.472,0.365,0.414,0.07,0.194,0.241
0.189,0.269,0.472,0.365,0.414,0.07,0.194,0.241
0.189,0.268,0.472,0.364,0.414,0.07,0.194,0.241
0.189,0.268,0.472,0.364,0.413,0.07,0.194,0.241
0.189,0.268,0.472,0.364,0.413,0.07,0.194,0.241
0.189,0.269,0.472,0.364,0.413,0.07,0.194,0.241
0.189,0.268,0.472,0.364,0.413,0.07,0.194,0.241
0.189,0.268,0.472,0.364,0.413,0.07,0.194,0.24
0.189,0.268,0.472,0.364,0.413,0.07,0.194,0.241
0.189,0.268,0.472,0.364,0.413,0.07,0.194,0.24
0.189,0.268,0.472,0.364,0.413,0.07,0.194,0.24
0.189,0.268,0.472,0.364,0.413,0.07,0.194,0.24
0.189,0.268,0.471,0.364,0.413,0.07,0.194,0.24
0.189,0.268,0.471,0.364,0.413,0.07,0.194,0.24
0.189,0.268,0.471,0.364,0.413,0.07,0.194,0.24
0.188,0.268,0.471,0.364,0.412,0.07,0.193,0.24
0.188,0.268,0.471,0.364,0.412,0.07,0.194,0.24
0.188,0.268,0.471,0.364,0.412,0.07,0.193,0.24
0.188,0.268,0.471,0.363,0.412,0.07,0.194,0.24
0.188,0.268,0.471,0.363,0.412,0.07,0.193,0.24
0.188,0.268,0.471,0.364,0.412,0.07,0.193,0.24
0.188,0.268,0.471,0.363,0.412,0.07,0.193,0.24
0.188,0.268,0.471,0.363,0.412,0.07,0.194,0.24
0.188,0.268,0.471,0.363,0.412,0.07,0.193,0.24
0.188,0.268,0.471,0.363,0.412,0.07,0.193,0.24
0.188,0.268,0.47,0.363,0.411,0.07,0.193,0.24
0.188,0.268,0.47,0.363,0.411,0.07,0.193,0.24
0.188,0.268,0.47,0.363,0.411,0.07,0.193,0.24
0.188,0.268,0.47,0.363,0.411,0.07,0.193,0.24
0.188,0.268,0.47,0.363,0.411,0.07,0.193,0.24
0.188,0.268,0.47,0.363,0.411,0.07,0.193,0.24
0.188,0.268,0.47,0.363,0.411,0.07,0.193,0.24
0.188,0.268,0.47,0.363,0.411,0.07,0.193,0.24
0.188,0.268,0.47,0.363,0.411,0.07,0.193,0.239
0.188,0.268,0.47,0.362,0.411,0.07,0.193,0.239
0.188,0.268,0.47,0.362,0.411,0.07,0.193,0.239
0.188,0.267,0.469,0.362,0.411,0.07,0.193,0.239
0.188,0.268,0.469,0.363,0.411,0.07,0.193,0.239
0.188,0.268,0.469,0.362,0.411,0.07,0.193,0.239
0.188,0.268,0.469,0.362,0.411,0.07,0.193,0.239
0.188,0.268,0.469,0.362,0.411,0.07,0.193,0.239
0.188,0.267,0.469,0.362,0.411,0.07,0.193,0.239
0.188,0.267,0.469,0.362,0.41,0.07,0.193,0.239
0.188,0.267,0.469,0.362,0.411,0.07,0.193,0.239
0.187,0.267,0.469,0.362,0.41,0.07,0.193,0.239
0.188,0.267,0.469,0.362,0.41,0.07,0.193,0.239
0.187,0.267,0.469,0.362,0.41,0.07,0.193,0.239
0.187,0.267,0.469,0.362,0.41,0.07,0.193,0.239
0.187,0.267,0.469,0.362,0.41,0.07,0.193,0.239
0.187,0.267,0.468,0.362,0.41,0.07,0.193,0.239
0.187,0.267,0.468,0.361,0.41,0.07,0.193,0.239
0.187,0.267,0.468,0.362,0.41,0.07,0.193,0.239
0.187,0.267,0.468,0.361,0.41,0.07,0.193,0.239
0.187,0.267,0.468,0.361,0.41,0.07,0.193,0.239
0.187,0.267,0.468,0.361,0.41,0.07,0.193,0.239
0.187,0.267,0.468,0.361,0.41,0.07,0.193,0.239
0.187,0.267,0.468,0.361,0.41,0.07,0.193,0.239
0.187,0.267,0.468,0.361,0.409,0.07,0.193,0.239
0.187,0.267,0.468,0.361,0.409,0.07,0.193,0.239
0.187,0.267,0.468,0.361,0.409,0.07,0.193,0.239
0.187,0.267,0.468,0.361,0.409,0.07,0.193,0.239
0.187,0.267,0.468,0.361,0.409,0.07,0.193,0.239
0.187,0.267,0.467,0.361,0.409,0.07,0.193,0.239
0.187,0.267,0.467,0.361,0.409,0.07,0.192,0.239
0.187,0.267,0.467,0.361,0.409,0.07,0.192,0.239
0.187,0.267,0.467,0.361,0.409,0.07,0.193,0.238
0.187,0.267,0.467,0.36,0.409,0.07,0.192,0.238
0.187,0.267,0.467,0.36,0.409,0.07,0.192,0.238
0.187,0.267,0.467,0.36,0.409,0.07,0.192,0.238
0.187,0.267,0.467,0.36,0.409,0.07,0.192,0.238
0.187,0.267,0.467,0.36,0.409,0.07,0.192,0.238
0.186,0.267,0.467,0.36,0.409,0.07,0.192,0.238
0.187,0.267,0.466,0.36,0.408,0.07,0.192,0.238
0.187,0.267,0.466,0.36,0.409,0.07,0.192,0.238
0.187,0.267,0.466,0.36,0.408,0.07,0.192,0.238
0.186,0.267,0.466,0.36,0.408,0.07,0.192,0.238
0.186,0.267,0.466,0.36,0.408,0.07,0.192,0.238
0.186,0.267,0.466,0.36,0.408,0.07,0.192,0.238
0.186,0.267,0.466,0.36,0.408,0.07,0.192,0.238
0.186,0.266,0.466,0.36,0.408,0.07,0.192,0.238
0.186,0.267,0.466,0.36,0.408,0.07,0.192,0.238
0.186,0.267,0.466,0.36,0.408,0.07,0.192,0.238
0.186,0.266,0.466,0.36,0.408,0.07,0.192,0.238
0.186,0.267,0.466,0.36,0.408,0.07,0.192,0.238
0.186,0.266,0.466,0.36,0.408,0.07,0.192,0.238
0.186,0.266,0.466,0.36,0.408,0.07,0.192,0.237
0.186,0.267,0.465,0.36,0.408,0.07,0.192,0.238
0.186,0.266,0.465,0.359,0.408,0.07,0.192,0.238
0.186,0.266,0.465,0.36,0.408,0.07,0.192,0.237
0.186,0.266,0.465,0.36,0.408,0.07,0.192,0.238
0.186,0.266,0.465,0.359,0.408,0.07,0.192,0.237
0.186,0.266,0.465,0.359,0.407,0.07,0.192,0.237
0.186,0.266,0.465,0.359,0.407,0.07,0.192,0.237
0.186,0.266,0.465,0.359,0.407,0.07,0.192,0.237
0.186,0.266,0.465,0.359,0.407,0.07,0.192,0.237
0.186,0.266,0.465,0.359,0.407,0.07,0.192,0.237
0.186,0.266,0.465,0.359,0.407,0.07,0.192,0.237
0.186,0.266,0.464,0.359,0.407,0.07,0.192,0.237
0.186,0.266,0.465,0.359,0.407,0.07,0.192,0.237
0.186,0.266,0.464,0.359,0.407,0.07,0.192,0.237
0.186,0.266,0.464,0.359,0.407,0.07,0.192,0.237
0.186,0.266,0.464,0.359,0.407,0.07,0.192,0.237
0.186,0.266,0.464,0.359,0.407,0.07,0.192,0.237
0.186,0.266,0.464,0.359,0.407,0.07,0.192,0.237
0.185,0.266,0.464,0.359,0.407,0.07,0.192,0.237
0.185,0.266,0.464,0.359,0.406,0.07,0.191,0.237
0.185,0.266,0.464,0.359,0.406,0.07,0.192,0.237
0.185,0.266,0.464,0.359,0.406,0.07,0.191,0.237
0.185,0.266,0.464,0.359,0.406,0.07,0.192,0.237
0.185,0.266,0.464,0.358,0.406,0.07,0.192,0.237
0.185,0.266,0.463,0.359,0.406,0.07,0.191,0.237
0.185,0.266,0.463,0.358,0.406,0.07,0.191,0.237
0.185,0.266,0.463,0.358,0.406,0.07,0.191,0.236
0.185,0.266,0.463,0.358,0.406,0.07,0.192,0.236
0.185,0.266,0.463,0.358,0.406,0.07,0.191,0.236
0.185,0.266,0.463,0.358,0.406,0.07,0.192,0.236
0.185,0.266,0.463,0.358,0.405,0.07,0.192,0.236
0.185,0.266,0.463,0.358,0.405,0.07,0.191,0.237
0.185,0.266,0.463,0.358,0.405,0.07,0.191,0.236
0.185,0.266,0.463,0.358,0.405,0.07,0.191,0.236
0.185,0.266,0.463,0.358,0.405,0.07,0.191,0.236
0.185,0.266,0.463,0.358,0.405,0.07,0.191,0.236
0.185,0.266,0.462,0.358,0.405,0.07,0.191,0.236
0.185,0.266,0.462,0.357,0.405,0.07,0.191,0.236
0.185,0.266,0.462,0.357,0.405,0.07,0.191,0.236
0.185,0.266,0.462,0.357,0.405,0.07,0.191,0.236
0.185,0.266,0.462,0.357,0.405,0.07,0.191,0.236
0.185,0.266,0.462,0.357,0.405,0.07,0.191,0.236
0.185,0.265,0.462,0.357,0.405,0.07,0.191,0.236
0.185,0.266,0.462,0.357,0.405,0.07,0.191,0.236
0.185,0.266,0.462,0.357,0.405,0.07,0.191,0.236
0.185,0.265,0.462,0.357,0.404,0.07,0.191,0.236
0.185,0.265,0.462,0.356,0.404,0.069,0.191,0.236
0.185,0.265,0.462,0.357,0.404,0.07,0.191,0.236
0.184,0.265,0.462,0.357,0.404,0.069,0.191,0.236
0.185,0.265,0.461,0.357,0.404,0.069,0.191,0.236
0.185,0.265,0.461,0.357,0.404,0.07,0.191,0.236
0.184,0.265,0.461,0.357,0.404,0.07,0.191,0.236
0.184,0.265,0.461,0.356,0.404,0.069,0.191,0.236
0.184,0.265,0.461,0.356,0.404,0.07,0.191,0.236
0.184,0.265,0.461,0.356,0.404,0.069,0.191,0.236
0.184,0.265,0.461,0.356,0.404,0.07,0.191,0.236
0.184,0.265,0.461,0.356,0.404,0.069,0.191,0.236
0.184,0.265,0.461,0.356,0.404,0.069,0.191,0.236
0.184,0.265,0.461,0.356,0.404,0.07,0.191,0.236
0.184,0.265,0.461,0.356,0.404,0.069,0.191,0.236
0.184,0.265,0.461,0.356,0.404,0.069,0.191,0.236
0.184,0.265,0.46,0.356,0.404,0.07,0.191,0.236
0.184,0.265,0.46,0.356,0.404,0.069,0.191,0.236
0.184,0.265,0.46,0.356,0.404,0.07,0.191,0.236
0.184,0.265,0.46,0.356,0.403,0.07,0.191,0.236
0.184,0.265,0.46,0.356,0.404,0.069,0.191,0.236
0.184,0.265,0.46,0.356,0.403,0.07,0.19,0.235
0.184,0.265,0.46,0.356,0.403,0.069,0.191,0.235
0.184,0.265,0.46,0.356,0.403,0.07,0.191,0.235
0.184,0.265,0.46,0.355,0.403,0.069,0.191,0.236
0.184,0.265,0.46,0.355,0.403,0.069,0.191,0.235
0.184,0.265,0.46,0.355,0.403,0.069,0.191,0.235
0.184,0.265,0.46,0.355,0.403,0.069,0.191,0.235
0.184,0.265,0.459,0.355,0.403,0.069,0.19,0.235
0.184,0.265,0.459,0.355,0.403,0.07,0.191,0.235
0.184,0.265,0.459,0.355,0.403,0.07,0.19,0.235
0.184,0.265,0.459,0.355,0.403,0.07,0.191,0.235
0.184,0.265,0.459,0.355,0.403,0.07,0.19,0.236
0.184,0.264,0.459,0.355,0.403,0.069,0.19,0.235
0.184,0.265,0.459,0.355,0.403,0.069,0.191,0.235
0.184,0.264,0.459,0.355,0.403,0.069,0.19,0.235
0.183,0.264,0.459,0.355,0.403,0.069,0.19,0.235
0.183,0.265,0.459,0.355,0.403,0.069,0.19,0.235
0.183,0.264,0.458,0.354,0.402,0.069,0.19,0.235
0.183,0.265,0.458,0.355,0.403,0.069,0.19,0.235
0.183,0.265,0.458,0.355,0.402,0.069,0.19,0.235
0.183,0.264,0.458,0.355,0.402,0.069,0.19,0.235
0.183,0.264,0.458,0.355,0.402,0.069,0.19,0.235
0.183,0.264,0.458,0.354,0.402,0.069,0.19,0.235
0.183,0.264,0.458,0.354,0.402,0.069,0.19,0.235
0.183,0.264,0.458,0.354,0.402,0.07,0.19,0.235
0.183,0.264,0.458,0.354,0.402,0.069,0.19,0.235
0.183,0.264,0.458,0.354,0.402,0.069,0.19,0.235
0.183,0.264,0.458,0.354,0.402,0.069,0.19,0.235
0.183,0.264,0.458,0.354,0.402,0.069,0.19,0.235
0.183,0.264,0.458,0.354,0.402,0.069,0.19,0.235
0.183,0.264,0.458,0.354,0.402,0.069,0.19,0.235
0.183,0.264,0.458,0.354,0.402,0.069,0.19,0.235
0.183,0.264,0.457,0.354,0.402,0.069,0.19,0.235
0.183,0.264,0.457,0.354,0.402,0.069,0.19,0.235
0.183,0.264,0.457,0.354,0.401,0.069,0.19,0.235
0.183,0.264,0.457,0.354,0.401,0.069,0.19,0.235
0.183,0.264,0.457,0.353,0.401,0.069,0.19,0.235
0.183,0.264,0.457,0.354,0.401,0.069,0.19,0.235
0.183,0.264,0.457,0.354,0.401,0.069,0.19,0.235
0.183,0.264,0.457,0.353,0.401,0.069,0.19,0.235
0.183,0.264,0.457,0.353,0.401,0.069,0.19,0.234
0.183,0.264,0.457,0.353,0.401,0.069,0.19,0.234
0.183,0.264,0.457,0.353,0.401,0.069,0.19,0.234
0.183,0.264,0.457,0.353,0.401,0.069,0.19,0.234
0.183,0.264,0.457,0.353,0.401,0.069,0.19,0.234
0.183,0.264,0.457,0.353,0.401,0.069,0.19,0.234
0.183,0.264,0.456,0.353,0.401,0.069,0.19,0.234
0.183,0.264,0.456,0.353,0.401,0.069,0.19,0.234
0.182,0.264,0.456,0.353,0.401,0.069,0.19,0.234
0.182,0.264,0.456,0.353,0.401,0.069,0.19,0.234
0.182,0.264,0.456,0.353,0.401,0.069,0.19,0.234
0.182,0.264,0.456,0.353,0.401,0.069,0.19,0.234
0.182,0.264,0.456,0.353,0.401,0.069,0.19,0.234
0.182,0.264,0.456,0.353,0.401,0.069,0.19,0.234
0.182,0.263,0.456,0.353,0.401,0.069,0.19,0.234
0.182,0.264,0.456,0.353,0.401,0.069,0.19,0.234
0.182,0.264,0.456,0.353,0.401,0.069,0.19,0.234
0.182,0.264,0.455,0.353,0.4,0.069,0.19,0.234
0.182,0.263,0.456,0.353,0.4,0.069,0.189,0.234
0.182,0.263,0.455,0.353,0.4,0.069,0.189,0.234
0.182,0.263,0.455,0.353,0.4,0.069,0.189,0.234
0.182,0.263,0.455,0.353,0.4,0.069,0.19,0.234
0.182,0.263,0.455,0.352,0.4,0.069,0.189,0.234
0.182,0.263,0.455,0.352,0.4,0.069,0.189,0.234
0.182,0.263,0.455,0.352,0.4,0.069,0.189,0.234
0.182,0.263,0.455,0.352,0.4,0.069,0.189,0.234
0.182,0.263,0.455,0.353,0.4,0.069,0.189,0.234
0.182,0.263,0.455,0.352,0.4,0.069,0.189,0.234
0.182,0.263,0.455,0.352,0.4,0.069,0.189,0.233
0.182,0.263,0.455,0.352,0.4,0.069,0.189,0.234
0.182,0.263,0.455,0.352,0.4,0.069,0.189,0.233
0.182,0.263,0.455,0.352,0.4,0.069,0.189,0.233
0.182,0.263,0.454,0.352,0.399,0.069,0.189,0.234
0.182,0.263,0.454,0.352,0.399,0.069,0.189,0.233
0.182,0.263,0.454,0.352,0.4,0.069,0.189,0.233
0.182,0.263,0.454,0.352,0.399,0.069,0.189,0.233
0.182,0.263,0.454,0.352,0.399,0.069,0.189,0.233
0.182,0.263,0.454,0.352,0.399,0.069,0.189,0.233
0.182,0.263,0.454,0.352,0.399,0.069,0.189,0.233
0.182,0.263,0.454,0.352,0.399,0.069,0.189,0.233
0.182,0.263,0.454,0.352,0.399,0.069,0.189,0.233
0.182,0.263,0.454,0.351,0.399,0.069,0.189,0.233
0.182,0.263,0.454,0.351,0.399,0.069,0.189,0.233
0.181,0.263,0.454,0.351,0.399,0.069,0.189,0.233
0.181,0.263,0.453,0.351,0.399,0.069,0.189,0.233
0.181,0.263,0.454,0.351,0.399,0.069,0.189,0.233
0.181,0.263,0.453,0.351,0.399,0.069,0.189,0.233
0.181,0.263,0.453,0.351,0.399,0.069,0.189,0.233
0.181,0.263,0.453,0.351,0.399,0.069,0.189,0.233
0.181,0.263,0.453,0.351,0.399,0.069,0.189,0.233
0.181,0.263,0.453,0.351,0.399,0.069,0.189,0.233
0.181,0.263,0.453,0.351,0.398,0.069,0.189,0.233
0.181,0.263,0.453,0.351,0.398,0.069,0.189,0.233
0.181,0.263,0.453,0.351,0.398,0.069,0.189,0.233
0.181,0.263,0.453,0.351,0.399,0.069,0.189,0.233
0.181,0.262,0.453,0.351,0.399,0.069,0.189,0.233
0.181,0.263,0.453,0.351,0.398,0.069,0.189,0.233
0.181,0.263,0.452,0.351,0.398,0.069,0.189,0.232
0.181,0.262,0.453,0.351,0.398,0.069,0.189,0.233
0.181,0.262,0.452,0.351,0.398,0.069,0.189,0.233
0.181,0.262,0.452,0.351,0.398,0.069,0.189,0.233
0.181,0.262,0.452,0.351,0.398,0.069,0.189,0.233
0.181,0.262,0.452,0.351,0.398,0.069,0.189,0.233
0.181,0.262,0.452,0.351,0.398,0.069,0.189,0.233
0.181,0.262,0.452,0.351,0.398,0.069,0.188,0.232
0.181,0.262,0.452,0.351,0.398,0.069,0.189,0.233
0.181,0.262,0.452,0.351,0.398,0.069,0.189,0.232
0.181,0.262,0.452,0.351,0.398,0.069,0.188,0.232
0.181,0.262,0.452,0.351,0.398,0.069,0.189,0.232
0.181,0.262,0.452,0.351,0.398,0.069,0.188,0.232
0.181,0.262,0.452,0.351,0.398,0.069,0.188,0.232
0.18,0.262,0.452,0.351,0.398,0.069,0.188,0.232
0.181,0.262,0.452,0.351,0.397,0.069,0.188,0.232
0.181,0.262,0.451,0.351,0.398,0.069,0.188,0.232
0.181,0.262,0.451,0.351,0.397,0.069,0.189,0.232
0.18,0.262,0.451,0.35,0.397,0.069,0.188,0.232
0.18,0.262,0.451,0.35,0.397,0.069,0.188,0.232
0.18,0.262,0.451,0.35,0.397,0.069,0.188,0.232
0.18,0.262,0.451,0.35,0.397,0.069,0.188,0.232
0.18,0.262,0.451,0.35,0.397,0.069,0.188,0.232
0.18,0.262,0.451,0.35,0.397,0.069,0.188,0.232
0.18,0.262,0.451,0.35,0.397,0.069,0.188,0.232
0.18,0.262,0.451,0.35,0.397,0.069,0.188,0.232
0.18,0.262,0.451,0.35,0.397,0.069,0.188,0.232
0.18,0.262,0.451,0.35,0.397,0.069,0.188,0.232
0.18,0.262,0.45,0.35,0.397,0.069,0.188,0.232
0.18,0.262,0.451,0.35,0.397,0.069,0.188,0.232
0.18,0.262,0.45,0.35,0.397,0.069,0.188,0.232
0.18,0.262,0.45,0.35,0.396,0.069,0.188,0.232
0.18,0.262,0.45,0.35,0.396,0.069,0.188,0.232
0.18,0.262,0.45,0.349,0.396,0.069,0.188,0.232
0.18,0.262,0.45,0.349,0.396,0.069,0.188,0.232
0.18,0.262,0.45,0.349,0.396,0.069,0.188,0.231
0.18,0.262,0.45,0.349,0.396,0.069,0.188,0.232
0.18,0.261,0.45,0.349,0.396,0.069,0.188,0.232
0.18,0.262,0.45,0.349,0.396,0.069,0.188,0.231
0.18,0.262,0.45,0.349,0.396,0.069,0.188,0.231
0.18,0.261,0.45,0.349,0.396,0.069,0.188,0.231
0.18,0.262,0.45,0.349,0.396,0.069,0.188,0.231
0.18,0.261,0.449,0.349,0.396,0.069,0.188,0.231
0.18,0.261,0.449,0.349,0.396,0.069,0.188,0.231
0.18,0.261,0.45,0.349,0.396,0.069,0.188,0.231
0.18,0.261,0.449,0.349,0.396,0.069,0.188,0.231
0.18,0.261,0.449,0.349,0.395,0.069,0.188,0.231
0.18,0.261,0.449,0.349,0.396,0.069,0.188,0.231
0.18,0.261,0.449,0.349,0.396,0.069,0.188,0.231
0.18,0.261,0.449,0.348,0.395,0.069,0.188,0.231
0.18,0.261,0.449,0.349,0.396,0.069,0.188,0.231
0.18,0.261,0.449,0.348,0.395,0.069,0.188,0.231
0.18,0.261,0.449,0.348,0.395,0.069,0.188,0.231
0.18,0.261,0.449,0.348,0.395,0.069,0.188,0.231
0.179,0.261,0.449,0.348,0.395,0.069,0.188,0.231
0.18,0.261,0.449,0.348,0.395,0.069,0.188,0.231
0.179,0.261,0.449,0.348,0.395,0.069,0.188,0.231
0.179,0.261,0.449,0.348,0.395,0.069,0.188,0.231
0.179,0.261,0.448,0.348,0.395,0.069,0.188,0.231
0.179,0.261,0.448,0.348,0.395,0.069,0.188,0.231
0.179,0.261,0.448,0.348,0.395,0.069,0.188,0.231
0.179,0.261,0.448,0.348,0.395,0.069,0.188,0.231
0.179,0.261,0.448,0.348,0.395,0.069,0.187,0.231
0.179,0.261,0.448,0.348,0.395,0.069,0.188,0.231
0.179,0.261,0.448,0.348,0.395,0.069,0.187,0.231
0.179,0.261,0.448,0.348,0.395,0.069,0.187,0.231
0.179,0.261,0.448,0.348,0.394,0.069,0.187,0.231
0.179,0.261,0.448,0.348,0.395,0.069,0.187,0.231
0.179,0.261,0.448,0.347,0.394,0.069,0.187,0.231
0.179,0.261,0.448,0.347,0.394,0.069,0.187,0.231
0.179,0.261,0.448,0.347,0.394,0.069,0.187,0.23
0.179,0.261,0.447,0.347,0.394,0.069,0.187,0.231
0.179,0.261,0.447,0.347,0.394,0.069,0.188,0.231
0.179,0.261,0.447,0.347,0.394,0.069,0.187,0.231
0.179,0.261,0.447,0.347,0.394,0.069,0.187,0.231
0.179,0.261,0.447,0.347,0.394,0.069,0.187,0.23
0.179,0.261,0.447,0.347,0.394,0.069,0.187,0.23
0.179,0.261,0.447,0.347,0.394,0.069,0.187,0.23
0.179,0.261,0.447,0.347,0.394,0.069,0.187,0.23
0.179,0.261,0.447,0.347,0.394,0.069,0.187,0.231
0.179,0.261,0.447,0.347,0.394,0.069,0.187,0.23
0.179,0.261,0.447,0.347,0.394,0.069,0.187,0.23
0.179,0.261,0.447,0.347,0.394,0.069,0.187,0.23
0.179,0.261,0.447,0.347,0.394,0.069,0.187,0.23
0.179,0.261,0.447,0.347,0.394,0.069,0.187,0.23
0.179,0.261,0.447,0.347,0.393,0.069,0.187,0.23
0.179,0.261,0.447,0.347,0.394,0.069,0.187,0.23
0.179,0.261,0.446,0.347,0.393,0.069,0.187,0.23
0.179,0.261,0.446,0.347,0.393,0.069,0.187,0.23
0.178,0.26,0.446,0.347,0.393,0.069,0.187,0.23
0.178,0.26,0.446,0.346,0.393,0.069,0.187,0.23
0.179,0.261,0.446,0.346,0.393,0.069,0.187,0.23
0.178,0.261,0.446,0.346,0.393,0.069,0.187,0.23
0.178,0.261,0.446,0.346,0.393,0.069,0.187,0.23
0.178,0.26,0.446,0.346,0.393,0.069,0.187,0.23
0.178,0.26,0.446,0.346,0.393,0.069,0.187,0.23
0.178,0.26,0.446,0.346,0.393,0.069,0.187,0.23
0.178,0.26,0.446,0.346,0.393,0.069,0.187,0.23
0.178,0.26,0.446,0.346,0.393,0.069,0.187,0.23
0.178,0.26,0.446,0.346,0.393,0.069,0.187,0.23
0.178,0.26,0.445,0.346,0.393,0.069,0.187,0.23
0.178,0.26,0.445,0.346,0.393,0.069,0.187,0.23
0.178,0.26,0.445,0.346,0.392,0.069,0.187,0.23
0.178,0.26,0.445,0.346,0.392,0.069,0.187,0.23
0.178,0.26,0.445,0.346,0.392,0.069,0.187,0.23
0.178,0.26,0.445,0.346,0.393,0.069,0.187,0.23
0.178,0.26,0.445,0.346,0.392,0.069,0.187,0.23
0.178,0.26,0.445,0.346,0.392,0.069,0.187,0.23
0.178,0.26,0.445,0.346,0.392,0.069,0.187,0.23
0.178,0.26,0.445,0.345,0.392,0.069,0.187,0.23
0.178,0.26,0.445,0.346,0.392,0.069,0.187,0.229
0.178,0.26,0.445,0.345,0.392,0.069,0.187,0.23
0.178,0.26,0.445,0.345,0.392,0.069,0.187,0.23
0.178,0.26,0.445,0.345,0.392,0.069,0.187,0.229
0.178,0.26,0.445,0.345,0.392,0.069,0.187,0.23
0.178,0.26,0.445,0.345,0.392,0.069,0.187,0.229
0.178,0.26,0.444,0.345,0.392,0.069,0.186,0.229
0.178,0.26,0.444,0.345,0.392,0.069,0.187,0.229
0.178,0.26,0.444,0.345,0.392,0.069,0.187,0.229
0.178,0.26,0.444,0.345,0.392,0.069,0.187,0.229
0.178,0.26,0.444,0.345,0.392,0.069,0.187,0.23
0.178,0.26,0.444,0.345,0.392,0.069,0.187,0.229
0.178,0.26,0.444,0.345,0.391,0.069,0.186,0.229
0.178,0.26,0.444,0.345,0.392,0.069,0.186,0.229
0.178,0.26,0.444,0.345,0.392,0.069,0.186,0.229
0.178,0.26,0.444,0.345,0.391,0.069,0.186,0.229
0.178,0.26,0.444,0.344,0.391,0.069,0.186,0.229
0.177,0.26,0.444,0.345,0.392,0.069,0.186,0.229
0.177,0.26,0.444,0.345,0.391,0.069,0.186,0.229
0.177,0.26,0.444,0.345,0.391,0.069,0.186,0.229
0.177,0.26,0.443,0.345,0.391,0.069,0.186,0.229
0.177,0.26,0.443,0.345,0.391,0.069,0.186,0.229
0.177,0.26,0.443,0.344,0.391,0.069,0.186,0.229
0.177,0.26,0.443,0.344,0.391,0.069,0.186,0.229
0.177,0.26,0.443,0.344,0.391,0.069,0.186,0.229
0.177,0.26,0.443,0.344,0.391,0.069,0.186,0.229
0.177,0.26,0.443,0.344,0.391,0.069,0.186,0.229
0.177,0.26,0.443,0.344,0.391,0.069,0.186,0.229
0.177,0.26,0.443,0.344,0.391,0.069,0.186,0.229
0.177,0.26,0.443,0.344,0.391,0.069,0.186,0.229
0.177,0.26,0.443,0.344,0.391,0.069,0.186,0.229
0.177,0.26,0.443,0.344,0.391,0.069,0.186,0.229
0.177,0.26,0.443,0.344,0.391,0.069,0.186,0.229
0.177,0.26,0.443,0.344,0.391,0.069,0.186,0.229
0.177,0.26,0.443,0.344,0.391,0.069,0.186,0.229
0.177,0.26,0.443,0.344,0.391,0.069,0.186,0.229
0.177,0.26,0.442,0.344,0.391,0.069,0.186,0.229
0.177,0.26,0.442,0.344,0.391,0.069,0.186,0.229
0.177,0.26,0.442,0.344,0.391,0.069,0.186,0.229
0.177,0.26,0.442,0.344,0.391,0.069,0.186,0.229
0.177,0.26,0.442,0.344,0.391,0.069,0.186,0.229
0.177,0.259,0.442,0.344,0.39,0.069,0.186,0.229
0.177,0.259,0.442,0.344,0.391,0.069,0.186,0.229
0.177,0.259,0.442,0.344,0.391,0.069,0.186,0.229
0.177,0.26,0.442,0.344,0.391,0.069,0.186,0.229
0.177,0.259,0.442,0.344,0.391,0.069,0.186,0.229
0.177,0.259,0.442,0.344,0.39,0.069,0.186,0.228
0.177,0.259,0.442,0.344,0.391,0.069,0.186,0.229
0.177,0.259,0.442,0.343,0.391,0.069,0.186,0.228
0.177,0.259,0.442,0.344,0.39,0.069,0.186,0.228
0.177,0.259,0.441,0.344,0.391,0.069,0.186,0.228
0.177,0.259,0.441,0.344,0.391,0.069,0.186,0.228
0.177,0.259,0.441,0.343,0.391,0.069,0.186,0.228
0.177,0.259,0.441,0.343,0.39,0.069,0.186,0.228
0.177,0.259,0.441,0.343,0.39,0.069,0.186,0.228
0.176,0.259,0.441,0.344,0.39,0.069,0.186,0.228
0.176,0.259,0.441,0.343,0.39,0.069,0.185,0.228
0.176,0.259,0.441,0.343,0.39,0.069,0.186,0.228
0.176,0.259,0.441,0.343,0.39,0.069,0.185,0.228
0.176,0.259,0.441,0.343,0.39,0.069,0.185,0.228
0.176,0.259,0.441,0.343,0.39,0.069,0.185,0.228
0.176,0.259,0.441,0.343,0.39,0.069,0.186,0.228
0.176,0.259,0.441,0.343,0.39,0.069,0.186,0.228
0.176,0.259,0.441,0.343,0.39,0.069,0.186,0.228
0.176,0.259,0.441,0.343,0.39,0.069,0.185,0.228
0.176,0.259,0.44,0.343,0.39,0.069,0.185,0.228
0.176,0.259,0.44,0.343,0.39,0.069,0.185,0.228
0.176,0.259,0.44,0.343,0.39,0.069,0.185,0.228
0.176,0.259,0.44,0.343,0.389,0.069,0.185,0.228
0.176,0.259,0.44,0.343,0.389,0.069,0.185,0.228
0.176,0.259,0.44,0.343,0.389,0.069,0.185,0.228
0.176,0.259,0.44,0.343,0.389,0.069,0.185,0.228
0.176,0.259,0.44,0.343,0.389,0.069,0.185,0.228
0.176,0.259,0.44,0.343,0.389,0.069,0.185,0.228
0.176,0.259,0.44,0.342,0.389,0.069,0.185,0.228
0.176,0.258,0.44,0.342,0.389,0.069,0.185,0.228
0.176,0.259,0.44,0.342,0.389,0.069,0.185,0.228
0.176,0.259,0.44,0.342,0.389,0.069,0.185,0.228
0.176,0.258,0.44,0.342,0.389,0.069,0.185,0.227
0.176,0.259,0.439,0.342,0.389,0.069,0.185,0.228
0.176,0.258,0.439,0.342,0.389,0.069,0.185,0.227
0.176,0.259,0.439,0.342,0.389,0.069,0.185,0.228
0.176,0.259,0.439,0.342,0.389,0.069,0.185,0.227
0.176,0.259,0.439,0.342,0.389,0.069,0.185,0.227
0.176,0.259,0.439,0.342,0.388,0.069,0.185,0.227
0.176,0.258,0.439,0.342,0.389,0.069,0.185,0.227
0.176,0.258,0.439,0.342,0.388,0.069,0.185,0.227
0.176,0.259,0.439,0.342,0.388,0.069,0.185,0.227
0.176,0.258,0.439,0.342,0.388,0.069,0.185,0.227
0.176,0.258,0.439,0.342,0.388,0.069,0.185,0.227
0.176,0.258,0.439,0.342,0.388,0.069,0.185,0.227
0.175,0.258,0.439,0.341,0.388,0.069,0.185,0.227
0.175,0.259,0.439,0.342,0.388,0.069,0.185,0.227
0.176,0.258,0.438,0.342,0.388,0.069,0.185,0.227
0.176,0.259,0.438,0.341,0.388,0.069,0.185,0.227
0.176,0.258,0.439,0.341,0.388,0.069,0.185,0.227
0.175,0.259,0.438,0.341,0.388,0.069,0.185,0.227
0.175,0.258,0.438,0.341,0.388,0.069,0.185,0.227
0.175,0.258,0.438,0.341,0.388,0.069,0.185,0.227
0.175,0.258,0.438,0.341,0.388,0.069,0.185,0.227
0.175,0.258,0.438,0.341,0.388,0.069,0.185,0.227
0.175,0.258,0.438,0.341,0.388,0.069,0.185,0.227
0.175,0.258,0.438,0.341,0.387,0.069,0.185,0.227
0.175,0.258,0.438,0.341,0.388,0.069,0.185,0.227
0.175,0.258,0.438,0.341,0.387,0.069,0.185,0.227
0.175,0.258,0.438,0.341,0.388,0.069,0.185,0.227
0.175,0.258,0.438,0.341,0.388,0.069,0.185,0.227
0.175,0.258,0.438,0.341,0.387,0.069,0.185,0.227
0.175,0.258,0.438,0.341,0.388,0.069,0.185,0.227
0.175,0.258,0.438,0.341,0.387,0.069,0.185,0.227
0.175,0.258,0.437,0.341,0.387,0.069,0.184,0.227
0.175,0.258,0.437,0.341,0.387,0.069,0.185,0.227
0.175,0.258,0.437,0.341,0.387,0.069,0.185,0.227
0.175,0.258,0.437,0.341,0.387,0.069,0.185,0.227
0.175,0.258,0.437,0.341,0.387,0.069,0.184,0.227
0.175,0.258,0.437,0.341,0.387,0.069,0.185,0.227
0.175,0.258,0.437,0.341,0.387,0.069,0.184,0.227
0.175,0.258,0.437,0.341,0.387,0.069,0.184,0.227
0.175,0.258,0.437,0.341,0.387,0.069,0.185,0.227
0.175,0.258,0.437,0.341,0.387,0.069,0.184,0.227
0.175,0.257,0.437,0.341,0.387,0.069,0.184,0.227
0.175,0.257,0.437,0.341,0.387,0.069,0.184,0.227
0.175,0.257,0.437,0.34,0.387,0.069,0.185,0.227
0.175,0.257,0.437,0.34,0.387,0.069,0.184,0.227
0.175,0.257,0.437,0.341,0.387,0.069,0.184,0.227
0.175,0.257,0.437,0.34,0.387,0.069,0.184,0.226
0.175,0.257,0.436,0.34,0.387,0.069,0.184,0.227
0.175,0.257,0.436,0.34,0.387,0.069,0.184,0.226
0.175,0.257,0.436,0.34,0.387,0.069,0.184,0.227
0.175,0.257,0.436,0.34,0.387,0.069,0.184,0.226
0.175,0.257,0.436,0.34,0.387,0.069,0.184,0.226
0.175,0.257,0.436,0.34,0.387,0.069,0.184,0.226
0.174,0.257,0.436,0.34,0.387,0.069,0.184,0.226
0.174,0.257,0.436,0.34,0.387,0.069,0.184,0.226
0.174,0.257,0.436,0.34,0.387,0.069,0.184,0.226
0.174,0.257,0.436,0.34,0.387,0.069,0.184,0.226
0.175,0.257,0.436,0.34,0.387,0.069,0.184,0.226
0.174,0.257,0.436,0.34,0.386,0.068,0.184,0.226
0.174,0.257,0.436,0.34,0.387,0.069,0.184,0.226
0.175,0.257,0.436,0.34,0.386,0.069,0.184,0.226
0.174,0.257,0.436,0.34,0.386,0.069,0.184,0.226
0.174,0.257,0.435,0.34,0.386,0.069,0.184,0.226
0.174,0.257,0.435,0.34,0.386,0.069,0.184,0.226
0.174,0.257,0.435,0.34,0.386,0.069,0.184,0.226
0.174,0.257,0.435,0.34,0.386,0.069,0.184,0.226
0.174,0.257,0.435,0.34,0.386,0.069,0.184,0.226
0.174,0.257,0.435,0.34,0.386,0.069,0.184,0.226
0.174,0.257,0.435,0.34,0.386,0.069,0.184,0.226
0.174,0.257,0.435,0.34,0.386,0.069,0.184,0.226
0.174,0.257,0.435,0.34,0.386,0.069,0.184,0.226
0.174,0.257,0.435,0.34,0.386,0.069,0.184,0.226
0.174,0.257,0.435,0.339,0.386,0.069,0.184,0.225
0.174,0.257,0.435,0.339,0.386,0.069,0.184,0.226
0.174,0.257,0.435,0.339,0.386,0.068,0.184,0.226
0.174,0.257,0.435,0.339,0.386,0.069,0.184,0.225
0.174,0.257,0.435,0.339,0.386,0.069,0.184,0.225
0.174,0.257,0.435,0.339,0.386,0.069,0.184,0.226
0.174,0.257,0.435,0.339,0.386,0.069,0.184,0.226
0.174,0.257,0.435,0.339,0.386,0.069,0.184,0.225
0.174,0.257,0.434,0.339,0.386,0.069,0.184,0.226
0.174,0.257,0.434,0.339,0.385,0.068,0.184,0.226
0.174,0.257,0.434,0.339,0.385,0.069,0.184,0.225
0.174,0.257,0.434,0.339,0.385,0.069,0.184,0.225
0.174,0.257,0.434,0.339,0.385,0.069,0.184,0.226
0.174,0.257,0.434,0.339,0.385,0.068,0.184,0.226
0.174,0.257,0.434,0.339,0.385,0.068,0.184,0.226
0.174,0.257,0.434,0.339,0.385,0.069,0.184,0.225
0.174,0.257,0.434,0.339,0.385,0.068,0.184,0.226
0.174,0.257,0.434,0.339,0.385,0.069,0.184,0.225
0.174,0.257,0.434,0.339,0.385,0.068,0.183,0.225
0.174,0.257,0.434,0.339,0.385,0.069,0.184,0.225
0.173,0.256,0.434,0.338,0.385,0.069,0.183,0.225
0.173,0.256,0.434,0.338,0.385,0.069,0.183,0.225
0.173,0.256,0.434,0.338,0.385,0.069,0.183,0.225
0.173,0.257,0.433,0.338,0.385,0.069,0.183,0.225
0.173,0.256,0.434,0.338,0.385,0.069,0.183,0.225
0.174,0.256,0.433,0.338,0.385,0.068,0.183,0.225
0.173,0.256,0.433,0.338,0.385,0.069,0.183,0.225
0.173,0.256,0.433,0.338,0.385,0.068,0.183,0.225
0.173,0.256,0.433,0.338,0.385,0.069,0.183,0.225
0.173,0.256,0.433,0.338,0.385,0.068,0.183,0.225
0.173,0.256,0.433,0.338,0.384,0.069,0.183,0.225
0.173,0.256,0.433,0.338,0.384,0.068,0.183,0.225
0.173,0.256,0.433,0.338,0.384,0.068,0.183,0.225
0.173,0.256,0.433,0.338,0.384,0.068,0.183,0.225
0.173,0.256,0.433,0.338,0.384,0.069,0.183,0.225
0.173,0.256,0.433,0.338,0.384,0.068,0.183,0.225
0.173,0.256,0.433,0.338,0.384,0.069,0.183,0.225
0.173,0.256,0.433,0.338,0.384,0.069,0.183,0.225
0.173,0.256,0.433,0.338,0.384,0.068,0.183,0.225
0.173,0.256,0.433,0.338,0.384,0.069,0.183,0.225
0.173,0.256,0.433,0.338,0.384,0.068,0.183,0.225
0.173,0.256,0.433,0.338,0.384,0.069,0.183,0.225
0.173,0.256,0.433,0.338,0.384,0.069,0.183,0.225
0.173,0.256,0.432,0.338,0.384,0.068,0.183,0.225
0.173,0.256,0.432,0.338,0.384,0.069,0.183,0.225
0.173,0.256,0.432,0.338,0.384,0.068,0.183,0.225
0.173,0.256,0.432,0.338,0.384,0.068,0.183,0.225
0.173,0.256,0.432,0.338,0.384,0.068,0.183,0.225
0.173,0.256,0.432,0.338,0.384,0.069,0.183,0.225
0.173,0.256,0.432,0.338,0.384,0.068,0.183,0.225
0.173,0.256,0.432,0.337,0.384,0.069,0.183,0.224
0.173,0.256,0.432,0.337,0.384,0.068,0.183,0.224
0.173,0.256,0.432,0.337,0.384,0.068,0.183,0.225
0.173,0.256,0.432,0.337,0.384,0.069,0.183,0.224
0.173,0.256,0.432,0.337,0.383,0.068,0.183,0.225
0.173,0.256,0.432,0.337,0.383,0.069,0.183,0.224
0.173,0.256,0.432,0.337,0.383,0.068,0.183,0.225
0.172,0.256,0.432,0.337,0.384,0.068,0.183,0.224
0.173,0.256,0.431,0.337,0.383,0.068,0.183,0.225
0.172,0.256,0.431,0.337,0.383,0.068,0.183,0.224
0.172,0.256,0.431,0.337,0.383,0.068,0.183,0.224
0.173,0.256,0.431,0.337,0.383,0.068,0.183,0.224
0.172,0.256,0.431,0.337,0.383,0.068,0.183,0.224
0.173,0.256,0.431,0.337,0.383,0.069,0.183,0.224
0.173,0.256,0.431,0.337,0.383,0.068,0.183,0.224
0.173,0.256,0.431,0.337,0.383,0.068,0.183,0.224
0.172,0.256,0.431,0.337,0.383,0.069,0.183,0.224
0.172,0.256,0.431,0.337,0.383,0.068,0.183,0.224
0.172,0.256,0.431,0.337,0.383,0.069,0.183,0.224
0.172,0.256,0.431,0.337,0.383,0.068,0.183,0.224
0.172,0.256,0.431,0.336,0.383,0.069,0.183,0.224
0.172,0.256,0.431,0.336,0.383,0.069,0.183,0.224
0.172,0.255,0.431,0.336,0.383,0.069,0.183,0.224
0.172,0.255,0.431,0.336,0.382,0.068,0.183,0.224
0.172,0.256,0.431,0.336,0.383,0.069,0.182,0.224
0.172,0.255,0.43,0.336,0.383,0.068,0.183,0.224
0.172,0.255,0.431,0.336,0.383,0.068,0.183,0.224
0.172,0.255,0.43,0.336,0.382,0.068,0.182,0.224
0.172,0.255,0.43,0.336,0.382,0.068,0.182,0.224
0.172,0.255,0.43,0.336,0.383,0.068,0.183,0.224
0.172,0.255,0.43,0.336,0.382,0.068,0.182,0.224
0.172,0.255,0.43,0.336,0.382,0.068,0.182,0.224
0.172,0.255,0.43,0.336,0.382,0.068,0.182,0.224
0.172,0.255,0.43,0.336,0.382,0.068,0.182,0.224
0.172,0.255,0.43,0.336,0.382,0.068,0.182,0.224
0.172,0.255,0.43,0.336,0.382,0.068,0.182,0.224
0.172,0.255,0.43,0.336,0.382,0.068,0.182,0.224
0.172,0.255,0.43,0.336,0.382,0.068,0.182,0.224
0.172,0.255,0.43,0.336,0.382,0.068,0.182,0.224
0.172,0.255,0.43,0.336,0.382,0.068,0.182,0.224
0.172,0.255,0.43,0.336,0.382,0.068,0.182,0.224
0.172,0.255,0.43,0.336,0.382,0.068,0.182,0.224
0.172,0.255,0.43,0.336,0.382,0.069,0.182,0.224
0.172,0.255,0.429,0.336,0.382,0.068,0.182,0.224
0.172,0.255,0.429,0.335,0.382,0.068,0.182,0.224
0.172,0.255,0.429,0.335,0.382,0.068,0.182,0.224
0.172,0.255,0.429,0.335,0.382,0.068,0.182,0.224
0.172,0.255,0.429,0.335,0.382,0.068,0.182,0.224
0.172,0.255,0.429,0.335,0.382,0.068,0.182,0.224
0.172,0.255,0.429,0.335,0.382,0.068,0.182,0.224
0.172,0.255,0.429,0.335,0.382,0.068,0.182,0.224
0.172,0.255,0.429,0.335,0.381,0.068,0.182,0.224
0.172,0.255,0.429,0.335,0.382,0.068,0.182,0.224
0.171,0.255,0.429,0.335,0.382,0.068,0.182,0.224
0.172,0.255,0.429,0.335,0.382,0.068,0.182,0.223
0.171,0.255,0.429,0.335,0.382,0.068,0.182,0.223
0.172,0.255,0.429,0.335,0.382,0.068,0.182,0.224
0.171,0.255,0.429,0.335,0.381,0.068,0.182,0.224
0.171,0.255,0.429,0.335,0.382,0.068,0.182,0.223
0.171,0.255,0.428,0.335,0.382,0.068,0.182,0.223
0.171,0.255,0.429,0.335,0.381,0.068,0.182,0.224
0.171,0.255,0.429,0.335,0.381,0.068,0.182,0.223
0.171,0.255,0.428,0.335,0.381,0.068,0.182,0.223
0.171,0.255,0.428,0.335,0.381,0.068,0.182,0.223
0.171,0.255,0.428,0.335,0.381,0.068,0.182,0.223
0.171,0.255,0.428,0.335,0.381,0.068,0.182,0.223
0.171,0.255,0.428,0.335,0.381,0.068,0.182,0.223
0.171,0.255,0.428,0.335,0.381,0.068,0.182,0.223
0.171,0.255,0.428,0.334,0.381,0.068,0.182,0.223
0.171,0.255,0.428,0.335,0.381,0.068,0.182,0.223
0.171,0.255,0.428,0.335,0.381,0.068,0.182,0.223
0.171,0.255,0.428,0.334,0.381,0.068,0.182,0.223
0.171,0.255,0.428,0.334,0.381,0.068,0.182,0.223
0.171,0.255,0.428,0.334,0.381,0.068,0.182,0.223
0.171,0.255,0.428,0.334,0.381,0.068,0.182,0.223
0.171,0.255,0.428,0.334,0.381,0.068,0.182,0.223
0.171,0.255,0.427,0.334,0.381,0.068,0.182,0.223
0.171,0.255,0.428,0.334,0.381,0.068,0.182,0.223
0.171,0.255,0.427,0.334,0.381,0.068,0.182,0.223
0.171,0.255,0.427,0.334,0.38,0.068,0.182,0.223
0.171,0.255,0.427,0.334,0.381,0.068,0.182,0.223
0.171,0.255,0.427,0.334,0.38,0.068,0.182,0.223
0.171,0.255,0.427,0.334,0.38,0.068,0.182,0.223
0.171,0.255,0.427,0.334,0.38,0.068,0.181,0.223
0.171,0.255,0.427,0.334,0.38,0.069,0.182,0.223
0.171,0.254,0.427,0.334,0.38,0.068,0.182,0.223
0.171,0.255,0.427,0.334,0.38,0.068,0.181,0.223
0.171,0.255,0.427,0.334,0.38,0.068,0.182,0.222
0.171,0.254,0.427,0.334,0.38,0.068,0.181,0.223
0.171,0.255,0.427,0.334,0.38,0.068,0.182,0.223
0.171,0.255,0.427,0.334,0.38,0.068,0.181,0.223
0.171,0.255,0.427,0.333,0.38,0.068,0.181,0.222
0.171,0.254,0.427,0.333,0.38,0.068,0.181,0.223
0.171,0.255,0.426,0.333,0.38,0.068,0.181,0.222
0.17,0.254,0.426,0.333,0.38,0.068,0.181,0.222
0.171,0.255,0.426,0.333,0.38,0.068,0.181,0.222
0.17,0.255,0.426,0.333,0.38,0.069,0.181,0.223
0.171,0.254,0.426,0.333,0.38,0.068,0.181,0.222
0.171,0.255,0.426,0.333,0.38,0.068,0.181,0.222
0.17,0.254,0.426,0.333,0.38,0.068,0.181,0.222
0.17,0.254,0.426,0.333,0.38,0.068,0.181,0.222
0.17,0.254,0.426,0.333,0.38,0.068,0.181,0.222
0.171,0.254,0.426,0.333,0.38,0.068,0.181,0.223
0.17,0.254,0.426,0.333,0.38,0.068,0.181,0.222
0.171,0.254,0.426,0.333,0.379,0.068,0.181,0.222
0.17,0.254,0.426,0.333,0.379,0.068,0.181,0.222
0.17,0.254,0.426,0.333,0.38,0.068,0.181,0.222
0.17,0.254,0.426,0.333,0.379,0.068,0.181,0.222
0.17,0.254,0.426,0.333,0.379,0.068,0.181,0.222
0.17,0.254,0.426,0.333,0.379,0.068,0.181,0.222
0.17,0.254,0.426,0.333,0.379,0.068,0.181,0.222
0.17,0.254,0.426,0.333,0.379,0.068,0.181,0.222
0.17,0.254,0.425,0.333,0.379,0.068,0.181,0.222
0.17,0.254,0.425,0.333,0.379,0.068,0.181,0.222
0.17,0.254,0.425,0.333,0.379,0.068,0.181,0.222
0.17,0.254,0.425,0.333,0.379,0.068,0.181,0.222
0.17,0.254,0.425,0.333,0.379,0.068,0.181,0.222
0.17,0.254,0.425,0.333,0.379,0.068,0.181,0.222
0.17,0.254,0.425,0.332,0.379,0.068,0.181,0.222
0.17,0.254,0.425,0.332,0.379,0.068,0.181,0.222
0.17,0.254,0.425,0.333,0.379,0.068,0.181,0.222
0.17,0.254,0.425,0.332,0.379,0.068,0.181,0.222
0.17,0.254,0.425,0.333,0.379,0.068,0.181,0.222
0.17,0.254,0.425,0.333,0.379,0.068,0.181,0.222
0.17,0.254,0.425,0.333,0.379,0.068,0.181,0.222
0.17,0.254,0.425,0.332,0.379,0.068,0.181,0.222
0.17,0.254,0.425,0.332,0.379,0.068,0.181,0.222
0.17,0.254,0.425,0.332,0.379,0.068,0.181,0.222
0.17,0.254,0.425,0.332,0.379,0.068,0.181,0.222
0.17,0.254,0.425,0.332,0.379,0.068,0.181,0.222
0.17,0.254,0.425,0.332,0.379,0.068,0.181,0.222
0.17,0.254,0.424,0.332,0.379,0.068,0.181,0.222
0.17,0.254,0.424,0.332,0.379,0.068,0.181,0.222
0.17,0.254,0.424,0.332,0.379,0.068,0.181,0.222
0.17,0.254,0.424,0.332,0.379,0.068,0.181,0.222
0.17,0.254,0.424,0.332,0.379,0.068,0.181,0.222
0.17,0.254,0.424,0.332,0.379,0.068,0.181,0.222
0.17,0.254,0.424,0.332,0.378,0.068,0.181,0.222
0.17,0.254,0.424,0.332,0.379,0.068,0.181,0.222
0.17,0.254,0.424,0.332,0.378,0.068,0.181,0.222
0.17,0.254,0.424,0.332,0.379,0.068,0.181,0.221
0.17,0.254,0.424,0.332,0.378,0.068,0.18,0.222
0.17,0.254,0.424,0.332,0.378,0.068,0.181,0.222
0.17,0.254,0.424,0.332,0.378,0.068,0.181,0.221
0.169,0.254,0.424,0.332,0.378,0.068,0.181,0.222
0.17,0.254,0.424,0.332,0.378,0.068,0.181,0.221
0.169,0.254,0.424,0.332,0.378,0.068,0.18,0.222
0.169,0.254,0.424,0.332,0.378,0.068,0.18,0.222
0.169,0.254,0.424,0.332,0.378,0.068,0.18,0.222
0.169,0.254,0.424,0.332,0.378,0.068,0.18,0.221
0.17,0.254,0.424,0.332,0.378,0.068,0.18,0.221
0.169,0.254,0.423,0.332,0.378,0.068,0.18,0.221
0.169,0.254,0.423,0.332,0.378,0.068,0.18,0.221
0.169,0.254,0.423,0.332,0.378,0.068,0.18,0.222
0.169,0.254,0.423,0.332,0.378,0.068,0.181,0.221
0.169,0.254,0.423,0.332,0.378,0.068,0.18,0.221
0.169,0.254,0.423,0.332,0.378,0.068,0.18,0.221
0.169,0.254,0.423,0.331,0.378,0.068,0.18,0.221
0.169,0.253,0.423,0.332,0.378,0.068,0.18,0.221
0.169,0.254,0.423,0.332,0.378,0.068,0.18,0.221
0.169,0.253,0.423,0.332,0.378,0.068,0.18,0.221
0.169,0.253,0.423,0.332,0.378,0.068,0.18,0.221
0.169,0.253,0.423,0.331,0.378,0.068,0.18,0.221
0.169,0.253,0.423,0.332,0.378,0.068,0.18,0.221
0.169,0.253,0.423,0.331,0.378,0.068,0.18,0.221
0.169,0.253,0.423,0.332,0.378,0.068,0.18,0.221
0.169,0.253,0.423,0.332,0.378,0.068,0.18,0.221
0.169,0.253,0.423,0.332,0.378,0.068,0.18,0.221
0.169,0.253,0.423,0.331,0.378,0.068,0.18,0.221
0.169,0.253,0.422,0.332,0.378,0.068,0.18,0.221
0.169,0.253,0.422,0.331,0.377,0.068,0.18,0.221
0.169,0.253,0.422,0.331,0.378,0.068,0.18,0.221
0.169,0.253,0.422,0.331,0.378,0.068,0.18,0.221
0.169,0.253,0.422,0.331,0.377,0.068,0.18,0.221
0.169,0.253,0.422,0.331,0.377,0.068,0.18,0.221
0.169,0.253,0.422,0.331,0.377,0.068,0.18,0.221
0.169,0.253,0.422,0.331,0.377,0.068,0.18,0.221
0.169,0.253,0.422,0.331,0.377,0.068,0.18,0.221
0.169,0.253,0.422,0.331,0.377,0.068,0.18,0.221
0.169,0.253,0.422,0.331,0.377,0.068,0.18,0.221
0.169,0.253,0.422,0.331,0.377,0.068,0.18,0.221
0.169,0.253,0.422,0.331,0.377,0.068,0.18,0.221
0.169,0.253,0.422,0.331,0.377,0.068,0.18,0.221
0.169,0.253,0.422,0.331,0.377,0.068,0.18,0.221
0.169,0.253,0.422,0.331,0.377,0.068,0.18,0.221
0.169,0.253,0.421,0.331,0.377,0.068,0.18,0.221
0.169,0.253,0.421,0.331,0.377,0.068,0.18,0.22
0.169,0.253,0.421,0.331,0.377,0.068,0.18,0.221
0.168,0.253,0.421,0.331,0.377,0.068,0.18,0.221
0.169,0.253,0.421,0.331,0.377,0.068,0.18,0.22
0.168,0.253,0.421,0.331,0.377,0.068,0.18,0.22
0.168,0.253,0.421,0.331,0.377,0.068,0.18,0.22
0.168,0.253,0.421,0.331,0.377,0.068,0.18,0.22
0.168,0.253,0.421,0.331,0.377,0.068,0.18,0.22
0.168,0.253,0.421,0.331,0.377,0.068,0.18,0.22
0.168,0.253,0.421,0.331,0.377,0.068,0.18,0.22
0.168,0.253,0.421,0.331,0.376,0.068,0.18,0.22
0.168,0.253,0.421,0.331,0.376,0.068,0.18,0.22
0.168,0.252,0.421,0.331,0.377,0.068,0.18,0.22
0.168,0.252,0.421,0.331,0.376,0.068,0.18,0.22
0.168,0.253,0.421,0.331,0.377,0.068,0.179,0.22
0.168,0.253,0.421,0.331,0.376,0.068,0.18,0.22
0.168,0.253,0.421,0.33,0.376,0.068,0.18,0.22
0.168,0.253,0.421,0.331,0.376,0.068,0.18,0.22
0.168,0.253,0.421,0.33,0.376,0.068,0.179,0.22
0.168,0.253,0.42,0.33,0.376,0.068,0.18,0.22
0.168,0.253,0.42,0.331,0.376,0.068,0.18,0.22
0.168,0.253,0.42,0.33,0.376,0.068,0.18,0.22
0.168,0.252,0.42,0.33,0.376,0.068,0.18,0.22
0.168,0.253,0.42,0.33,0.376,0.068,0.179,0.22
0.168,0.253,0.42,0.33,0.376,0.068,0.18,0.22
0.168,0.253,0.42,0.33,0.376,0.068,0.179,0.22
0.168,0.253,0.42,0.33,0.376,0.068,0.179,0.22
0.168,0.253,0.42,0.33,0.376,0.068,0.179,0.22
0.168,0.253,0.42,0.33,0.376,0.068,0.179,0.22
0.168,0.252,0.42,0.33,0.376,0.068,0.18,0.22
0.168,0.253,0.42,0.33,0.376,0.068,0.179,0.22
0.168,0.253,0.42,0.33,0.376,0.068,0.179,0.22
0.168,0.253,0.42,0.33,0.376,0.068,0.179,0.22
0.168,0.252,0.42,0.33,0.375,0.068,0.179,0.22
0.168,0.253,0.42,0.33,0.375,0.068,0.179,0.22
0.168,0.253,0.42,0.33,0.375,0.068,0.179,0.22
0.168,0.253,0.419,0.33,0.375,0.068,0.179,0.22
0.168,0.253,0.42,0.329,0.375,0.068,0.179,0.22
0.168,0.253,0.419,0.33,0.375,0.068,0.179,0.219
0.168,0.253,0.419,0.33,0.375,0.068,0.179,0.219
0.168,0.253,0.419,0.329,0.375,0.068,0.179,0.219
0.168,0.252,0.419,0.329,0.375,0.068,0.179,0.219
0.167,0.253,0.419,0.329,0.375,0.068,0.179,0.219
0.168,0.253,0.419,0.329,0.375,0.068,0.179,0.22
0.168,0.253,0.419,0.329,0.375,0.068,0.179,0.22
0.168,0.253,0.419,0.329,0.375,0.068,0.179,0.22
0.167,0.253,0.419,0.329,0.375,0.068,0.179,0.219
0.168,0.253,0.419,0.329,0.375,0.068,0.179,0.219
0.167,0.253,0.419,0.329,0.375,0.068,0.179,0.219
0.168,0.253,0.419,0.329,0.375,0.068,0.179,0.219
0.167,0.252,0.419,0.329,0.375,0.068,0.179,0.22
0.167,0.253,0.419,0.329,0.375,0.068,0.179,0.219
0.167,0.252,0.419,0.329,0.375,0.068,0.179,0.219
0.167,0.253,0.419,0.329,0.375,0.068,0.179,0.219
0.167,0.252,0.419,0.329,0.375,0.068,0.179,0.219
0.167,0.252,0.419,0.329,0.375,0.068,0.179,0.219
0.167,0.253,0.418,0.329,0.375,0.068,0.179,0.219
0.167,0.252,0.418,0.329,0.375,0.068,0.179,0.219
0.167,0.252,0.418,0.329,0.375,0.068,0.179,0.219
0.167,0.252,0.418,0.329,0.374,0.068,0.179,0.219
0.167,0.252,0.418,0.329,0.375,0.068,0.179,0.219
0.167,0.252,0.418,0.329,0.375,0.068,0.179,0.219
0.167,0.253,0.418,0.328,0.374,0.068,0.179,0.219
0.167,0.253,0.418,0.329,0.375,0.068,0.179,0.219
0.167,0.253,0.418,0.328,0.374,0.068,0.179,0.219
0.167,0.252,0.418,0.328,0.374,0.068,0.179,0.219
0.167,0.252,0.418,0.328,0.374,0.068,0.179,0.219
0.167,0.252,0.418,0.328,0.374,0.068,0.179,0.219
0.167,0.252,0.418,0.328,0.374,0.068,0.179,0.219
0.167,0.252,0.418,0.328,0.374,0.068,0.179,0.219
0.167,0.252,0.418,0.328,0.374,0.068,0.179,0.219
0.167,0.252,0.418,0.328,0.374,0.068,0.179,0.219
0.167,0.252,0.418,0.328,0.374,0.068,0.179,0.219
0.167,0.252,0.417,0.328,0.374,0.068,0.179,0.219
0.167,0.252,0.417,0.328,0.374,0.068,0.179,0.219
0.167,0.252,0.417,0.328,0.374,0.068,0.179,0.219
0.167,0.252,0.417,0.328,0.374,0.068,0.179,0.219
0.167,0.252,0.417,0.328,0.374,0.068,0.179,0.219
0.167,0.252,0.417,0.328,0.374,0.068,0.179,0.219
0.167,0.252,0.417,0.328,0.374,0.068,0.179,0.219
0.167,0.252,0.417,0.328,0.374,0.068,0.179,0.219
0.167,0.252,0.417,0.328,0.374,0.068,0.179,0.219
0.167,0.252,0.417,0.328,0.373,0.068,0.179,0.219
0.167,0.252,0.417,0.328,0.374,0.068,0.179,0.219
0.167,0.252,0.417,0.328,0.374,0.068,0.179,0.219
0.167,0.252,0.417,0.328,0.374,0.068,0.179,0.219
0.167,0.252,0.417,0.328,0.374,0.068,0.179,0.219
0.167,0.252,0.417,0.327,0.374,0.068,0.179,0.219
0.167,0.252,0.417,0.328,0.374,0.068,0.179,0.219
0.167,0.252,0.417,0.328,0.374,0.068,0.179,0.219
0.167,0.252,0.417,0.328,0.374,0.068,0.178,0.219
0.166,0.252,0.417,0.328,0.374,0.068,0.178,0.219
0.167,0.252,0.416,0.328,0.374,0.068,0.179,0.219
0.167,0.252,0.416,0.328,0.374,0.068,0.179,0.219
0.167,0.252,0.416,0.328,0.374,0.068,0.179,0.219
0.166,0.252,0.416,0.327,0.374,0.068,0.178,0.219
0.166,0.252,0.416,0.327,0.374,0.068,0.178,0.218
0.166,0.252,0.416,0.327,0.374,0.068,0.179,0.219
0.167,0.252,0.416,0.327,0.374,0.068,0.178,0.219
0.166,0.252,0.416,0.327,0.373,0.068,0.178,0.219
0.166,0.252,0.416,0.327,0.373,0.068,0.178,0.218
0.167,0.252,0.416,0.327,0.374,0.068,0.178,0.218
0.166,0.252,0.416,0.327,0.373,0.068,0.178,0.218
0.166,0.252,0.416,0.327,0.373,0.068,0.178,0.218
0.166,0.252,0.416,0.327,0.373,0.068,0.178,0.218
0.166,0.252,0.416,0.327,0.373,0.068,0.178,0.218
0.166,0.251,0.416,0.327,0.373,0.068,0.178,0.218
0.166,0.252,0.416,0.327,0.373,0.068,0.178,0.218
0.166,0.252,0.415,0.327,0.373,0.068,0.178,0.218
0.166,0.252,0.415,0.327,0.373,0.068,0.178,0.218
0.166,0.252,0.415,0.327,0.373,0.068,0.178,0.218
0.166,0.251,0.415,0.327,0.373,0.068,0.178,0.218
0.166,0.252,0.415,0.327,0.373,0.068,0.178,0.218
0.166,0.252,0.415,0.327,0.373,0.068,0.178,0.218
0.166,0.252,0.415,0.327,0.373,0.068,0.178,0.218
0.166,0.252,0.415,0.327,0.373,0.068,0.178,0.218
0.166,0.251,0.415,0.327,0.373,0.068,0.178,0.218
0.166,0.252,0.415,0.327,0.373,0.068,0.178,0.218
0.166,0.251,0.415,0.327,0.373,0.068,0.178,0.218
0.166,0.251,0.415,0.327,0.373,0.068,0.178,0.218
0.166,0.251,0.415,0.327,0.373,0.068,0.178,0.218
0.166,0.251,0.415,0.327,0.373,0.068,0.178,0.218
0.166,0.251,0.415,0.327,0.373,0.068,0.178,0.218
0.166,0.251,0.415,0.326,0.373,0.068,0.178,0.218
0.166,0.251,0.415,0.327,0.373,0.068,0.178,0.218
0.166,0.251,0.414,0.326,0.373,0.068,0.178,0.218
0.166,0.251,0.415,0.326,0.373,0.068,0.178,0.218
0.166,0.251,0.415,0.326,0.372,0.068,0.178,0.218
0.166,0.251,0.414,0.326,0.372,0.068,0.178,0.218
0.166,0.251,0.414,0.326,0.372,0.068,0.178,0.218
0.166,0.251,0.414,0.326,0.372,0.068,0.178,0.218
0.166,0.251,0.414,0.326,0.372,0.068,0.178,0.218
0.166,0.251,0.414,0.326,0.372,0.068,0.178,0.218
0.166,0.251,0.414,0.326,0.372,0.068,0.178,0.218
0.166,0.251,0.414,0.326,0.372,0.068,0.178,0.218
0.166,0.251,0.414,0.326,0.372,0.068,0.178,0.218
0.166,0.251,0.414,0.326,0.372,0.068,0.178,0.217
0.166,0.251,0.414,0.326,0.372,0.068,0.178,0.217
0.166,0.251,0.414,0.326,0.372,0.068,0.178,0.218
0.165,0.251,0.414,0.326,0.372,0.068,0.178,0.217
0.165,0.251,0.414,0.326,0.372,0.068,0.178,0.218
0.166,0.251,0.414,0.326,0.372,0.068,0.178,0.217
0.165,0.251,0.414,0.326,0.372,0.068,0.178,0.218
0.166,0.251,0.414,0.326,0.372,0.068,0.178,0.217
0.165,0.251,0.414,0.326,0.372,0.068,0.178,0.217
0.165,0.251,0.414,0.326,0.372,0.068,0.178,0.217
0.165,0.25,0.414,0.326,0.372,0.068,0.178,0.217
0.165,0.25,0.414,0.326,0.372,0.068,0.178,0.217
0.165,0.251,0.413,0.326,0.372,0.068,0.178,0.217
0.165,0.25,0.413,0.326,0.372,0.068,0.178,0.217
0.165,0.25,0.413,0.326,0.372,0.068,0.178,0.217
0.165,0.251,0.413,0.326,0.372,0.068,0.178,0.217
0.165,0.251,0.413,0.326,0.372,0.068,0.177,0.217
0.165,0.25,0.413,0.326,0.372,0.068,0.177,0.217
0.165,0.251,0.413,0.326,0.372,0.068,0.177,0.217
0.165,0.251,0.413,0.326,0.371,0.068,0.177,0.217
0.165,0.25,0.413,0.325,0.371,0.068,0.177,0.217
0.165,0.251,0.413,0.326,0.372,0.068,0.177,0.217
0.165,0.25,0.413,0.325,0.371,0.068,0.178,0.217
0.165,0.25,0.413,0.326,0.371,0.068,0.177,0.217
0.165,0.25,0.413,0.325,0.371,0.068,0.177,0.217
0.165,0.25,0.413,0.325,0.371,0.068,0.177,0.217
0.165,0.25,0.413,0.325,0.371,0.068,0.177,0.217
0.165,0.25,0.413,0.325,0.371,0.068,0.177,0.217
0.165,0.25,0.413,0.325,0.371,0.068,0.177,0.217
0.165,0.25,0.413,0.325,0.371,0.068,0.177,0.217
0.165,0.25,0.413,0.325,0.371,0.068,0.177,0.217
0.165,0.25,0.413,0.325,0.371,0.068,0.177,0.217
0.165,0.25,0.413,0.325,0.371,0.068,0.177,0.217
0.165,0.25,0.412,0.325,0.371,0.068,0.177,0.217
0.165,0.25,0.412,0.325,0.371,0.068,0.177,0.217
0.165,0.25,0.412,0.325,0.371,0.068,0.177,0.217
0.165,0.25,0.412,0.325,0.371,0.068,0.177,0.217
0.165,0.25,0.412,0.325,0.371,0.068,0.177,0.217
0.165,0.25,0.412,0.325,0.371,0.068,0.177,0.217
0.165,0.25,0.412,0.325,0.371,0.068,0.177,0.217
0.165,0.25,0.412,0.325,0.371,0.068,0.177,0.217
0.165,0.25,0.412,0.325,0.371,0.068,0.177,0.217
0.165,0.25,0.412,0.325,0.371,0.068,0.177,0.217
0.165,0.25,0.412,0.325,0.371,0.068,0.177,0.217
0.165,0.25,0.412,0.325,0.371,0.068,0.177,0.217
0.165,0.25,0.412,0.325,0.371,0.068,0.177,0.217
0.165,0.25,0.412,0.325,0.371,0.068,0.177,0.217
0.165,0.25,0.412,0.325,0.371,0.068,0.177,0.217
0.165,0.25,0.411,0.325,0.371,0.068,0.177,0.217
0.165,0.25,0.412,0.325,0.371,0.068,0.177,0.217
0.164,0.25,0.411,0.325,0.371,0.068,0.177,0.216
0.165,0.25,0.411,0.325,0.371,0.068,0.177,0.216
0.165,0.25,0.411,0.325,0.371,0.068,0.177,0.216
0.164,0.25,0.411,0.325,0.371,0.068,0.177,0.216
0.165,0.25,0.411,0.325,0.371,0.068,0.177,0.216
0.164,0.25,0.411,0.325,0.371,0.068,0.177,0.216
0.164,0.25,0.411,0.325,0.371,0.068,0.177,0.216
0.164,0.25,0.411,0.325,0.371,0.068,0.177,0.216
0.164,0.25,0.411,0.324,0.37,0.068,0.177,0.216
0.164,0.25,0.411,0.324,0.37,0.068,0.177,0.216
0.164,0.25,0.411,0.324,0.37,0.068,0.177,0.216
0.164,0.25,0.411,0.324,0.371,0.068,0.177,0.216
0.164,0.25,0.411,0.324,0.37,0.068,0.177,0.216
0.164,0.25,0.411,0.324,0.37,0.068,0.177,0.216
0.164,0.25,0.411,0.324,0.37,0.068,0.177,0.216
0.164,0.25,0.411,0.324,0.37,0.068,0.177,0.216
0.164,0.25,0.411,0.324,0.37,0.068,0.177,0.216
0.164,0.25,0.411,0.324,0.37,0.068,0.177,0.216
0.164,0.25,0.411,0.324,0.37,0.068,0.177,0.216
0.164,0.25,0.411,0.324,0.37,0.068,0.177,0.216
0.164,0.25,0.41,0.324,0.37,0.068,0.177,0.216
0.164,0.25,0.41,0.324,0.37,0.068,0.177,0.216
0.164,0.25,0.41,0.324,0.37,0.068,0.177,0.216
0.164,0.249,0.41,0.324,0.37,0.068,0.177,0.216
0.164,0.25,0.41,0.324,0.37,0.068,0.177,0.216
0.164,0.25,0.41,0.324,0.37,0.068,0.177,0.216
0.164,0.25,0.41,0.324,0.37,0.068,0.177,0.216
0.164,0.25,0.41,0.324,0.37,0.068,0.177,0.216
0.164,0.249,0.41,0.324,0.37,0.068,0.176,0.216
0.164,0.249,0.41,0.324,0.37,0.068,0.177,0.216
0.164,0.249,0.41,0.324,0.37,0.068,0.177,0.216
0.164,0.249,0.41,0.324,0.37,0.068,0.176,0.216
0.164,0.249,0.41,0.324,0.37,0.068,0.176,0.216
0.164,0.25,0.41,0.324,0.37,0.068,0.177,0.216
0.164,0.249,0.41,0.324,0.37,0.068,0.176,0.216
0.164,0.249,0.41,0.323,0.37,0.068,0.177,0.216
0.164,0.249,0.41,0.324,0.37,0.068,0.176,0.215
0.164,0.249,0.41,0.324,0.37,0.068,0.176,0.215
0.164,0.249,0.41,0.324,0.37,0.068,0.176,0.215
0.164,0.249,0.41,0.323,0.37,0.068,0.176,0.215
0.163,0.25,0.41,0.323,0.37,0.068,0.176,0.215
0.164,0.249,0.409,0.323,0.369,0.068,0.176,0.215
0.164,0.249,0.409,0.323,0.37,0.068,0.176,0.215
0.164,0.249,0.409,0.323,0.37,0.068,0.176,0.215
0.164,0.25,0.409,0.323,0.369,0.068,0.176,0.215
0.164,0.25,0.409,0.323,0.369,0.068,0.176,0.215
0.164,0.25,0.409,0.323,0.37,0.068,0.176,0.216
0.163,0.25,0.409,0.323,0.369,0.068,0.176,0.215
0.164,0.249,0.409,0.323,0.37,0.068,0.176,0.215
0.164,0.249,0.409,0.323,0.369,0.068,0.176,0.215
0.163,0.249,0.409,0.323,0.369,0.068,0.176,0.215
0.164,0.249,0.409,0.323,0.369,0.068,0.176,0.215
0.164,0.249,0.409,0.323,0.369,0.068,0.176,0.215
0.163,0.249,0.409,0.323,0.369,0.068,0.176,0.215
0.164,0.249,0.409,0.323,0.369,0.068,0.176,0.215
0.163,0.25,0.409,0.323,0.369,0.068,0.176,0.215
0.163,0.249,0.409,0.323,0.369,0.068,0.176,0.215
0.163,0.249,0.409,0.323,0.369,0.068,0.176,0.215
0.164,0.249,0.409,0.323,0.369,0.068,0.176,0.215
0.163,0.249,0.409,0.323,0.369,0.068,0.176,0.215
0.163,0.249,0.409,0.323,0.369,0.068,0.176,0.215
0.163,0.249,0.409,0.323,0.369,0.068,0.176,0.215
0.163,0.249,0.408,0.323,0.369,0.068,0.176,0.215
0.163,0.249,0.409,0.323,0.369,0.068,0.176,0.215
0.163,0.249,0.408,0.323,0.369,0.068,0.176,0.215
0.163,0.249,0.408,0.323,0.369,0.068,0.176,0.215
0.163,0.249,0.408,0.323,0.369,0.068,0.176,0.215
0.163,0.249,0.408,0.323,0.369,0.068,0.176,0.215
0.163,0.249,0.408,0.322,0.369,0.068,0.176,0.215
0.163,0.249,0.408,0.323,0.369,0.068,0.176,0.215
0.163,0.249,0.408,0.323,0.369,0.068,0.176,0.215
0.163,0.249,0.408,0.323,0.369,0.068,0.176,0.215
0.163,0.249,0.408,0.323,0.369,0.068,0.176,0.215
0.163,0.249,0.408,0.323,0.369,0.068,0.176,0.215
0.163,0.249,0.408,0.323,0.369,0.068,0.176,0.215
0.163,0.249,0.408,0.322,0.369,0.068,0.176,0.215
0.163,0.249,0.408,0.323,0.369,0.068,0.176,0.215
0.163,0.249,0.408,0.323,0.369,0.068,0.176,0.215
0.163,0.249,0.408,0.323,0.369,0.068,0.176,0.215
0.163,0.249,0.408,0.323,0.368,0.068,0.176,0.215
0.163,0.249,0.408,0.322,0.368,0.068,0.176,0.215
0.163,0.249,0.408,0.323,0.369,0.068,0.176,0.215
0.163,0.249,0.408,0.322,0.368,0.068,0.176,0.215
0.163,0.249,0.408,0.322,0.368,0.068,0.176,0.215
0.163,0.249,0.408,0.322,0.368,0.068,0.176,0.215
0.163,0.249,0.407,0.322,0.368,0.068,0.176,0.215
0.163,0.249,0.407,0.322,0.368,0.068,0.176,0.215
0.163,0.249,0.407,0.322,0.368,0.068,0.175,0.215
0.163,0.249,0.407,0.322,0.368,0.068,0.176,0.215
0.163,0.249,0.407,0.322,0.368,0.068,0.176,0.215
0.163,0.249,0.407,0.322,0.368,0.068,0.176,0.215
0.163,0.249,0.407,0.322,0.368,0.068,0.176,0.215
