S1_D1401,S2_D1401,S3_D1401,S4_D1401,S5_D1401,S6_D1401,S7_D1401,S8_D1401
0.178,0.302,0.47,0.467,0.518,0.056,0.183,0.267
0.178,0.302,0.47,0.467,0.518,0.056,0.183,0.267
0.178,0.302,0.47,0.467,0.518,0.056,0.183,0.267
0.177,0.302,0.47,0.467,0.518,0.056,0.183,0.267
0.178,0.302,0.47,0.467,0.518,0.056,0.183,0.267
0.178,0.302,0.47,0.467,0.518,0.056,0.183,0.267
0.177,0.302,0.47,0.467,0.518,0.056,0.183,0.267
0.177,0.302,0.47,0.467,0.518,0.056,0.183,0.267
0.177,0.302,0.469,0.467,0.518,0.056,0.182,0.267
0.178,0.302,0.469,0.467,0.518,0.056,0.183,0.267
0.178,0.302,0.47,0.467,0.518,0.056,0.183,0.267
0.177,0.302,0.469,0.467,0.518,0.056,0.182,0.267
0.177,0.302,0.469,0.467,0.518,0.056,0.183,0.267
0.178,0.302,0.469,0.467,0.518,0.056,0.183,0.267
0.178,0.302,0.469,0.467,0.518,0.056,0.183,0.267
0.178,0.302,0.469,0.467,0.518,0.056,0.182,0.267
0.178,0.302,0.469,0.467,0.518,0.056,0.182,0.267
0.177,0.302,0.469,0.467,0.518,0.056,0.182,0.267
0.177,0.302,0.469,0.467,0.518,0.056,0.182,0.267
0.177,0.302,0.469,0.467,0.518,0.056,0.182,0.267
0.177,0.302,0.469,0.467,0.518,0.056,0.182,0.267
0.177,0.302,0.469,0.467,0.518,0.056,0.182,0.267
0.178,0.302,0.469,0.467,0.518,0.056,0.182,0.267
0.178,0.302,0.469,0.467,0.518,0.056,0.182,0.267
0.177,0.302,0.469,0.467,0.518,0.056,0.182,0.267
0.177,0.302,0.469,0.467,0.518,0.056,0.182,0.267
0.177,0.302,0.469,0.467,0.518,0.056,0.182,0.267
0.178,0.302,0.469,0.467,0.518,0.056,0.182,0.267
0.178,0.302,0.469,0.467,0.518,0.056,0.182,0.267
0.178,0.302,0.469,0.467,0.518,0.056,0.182,0.267
0.177,0.302,0.469,0.467,0.518,0.056,0.182,0.267
0.177,0.302,0.469,0.467,0.518,0.056,0.182,0.267
0.177,0.302,0.469,0.467,0.519,0.056,0.182,0.267
0.178,0.302,0.469,0.467,0.519,0.056,0.182,0.267
0.178,0.302,0.469,0.467,0.519,0.056,0.182,0.267
0.178,0.303,0.469,0.467,0.519,0.056,0.182,0.267
0.178,0.302,0.469,0.467,0.519,0.056,0.182,0.267
0.178,0.303,0.469,0.467,0.519,0.056,0.182,0.267
0.177,0.302,0.469,0.467,0.519,0.056,0.182,0.267
0.178,0.303,0.469,0.467,0.519,0.056,0.182,0.267
0.178,0.303,0.469,0.467,0.519,0.056,0.182,0.267
0.178,0.303,0.469,0.467,0.519,0.056,0.182,0.267
0.178,0.303,0.469,0.468,0.519,0.056,0.182,0.267
0.178,0.303,0.469,0.468,0.519,0.056,0.182,0.267
0.178,0.303,0.469,0.468,0.519,0.056,0.182,0.268
0.178,0.303,0.469,0.468,0.52,0.056,0.182,0.268
0.178,0.303,0.469,0.468,0.52,0.056,0.182,0.268
0.178,0.303,0.469,0.469,0.52,0.056,0.182,0.268
0.178,0.303,0.469,0.469,0.52,0.056,0.182,0.268
0.178,0.304,0.469,0.469,0.52,0.056,0.182,0.268
0.178,0.304,0.469,0.47,0.52,0.056,0.182,0.269
0.178,0.304,0.468,0.47,0.521,0.056,0.182,0.269
0.178,0.304,0.468,0.47,0.521,0.056,0.182,0.269
0.178,0.304,0.468,0.471,0.521,0.056,0.182,0.27
0.178,0.305,0.468,0.471,0.521,0.056,0.182,0.27
0.178,0.305,0.468,0.471,0.521,0.056,0.182,0.27
0.178,0.305,0.468,0.472,0.521,0.056,0.182,0.271
0.178,0.305,0.469,0.472,0.522,0.056,0.182,0.271
0.178,0.305,0.468,0.473,0.522,0.056,0.182,0.271
0.178,0.306,0.468,0.473,0.522,0.056,0.182,0.272
0.178,0.306,0.468,0.474,0.522,0.056,0.182,0.272
0.178,0.306,0.468,0.474,0.523,0.056,0.182,0.273
0.178,0.307,0.468,0.475,0.523,0.056,0.182,0.273
0.178,0.307,0.468,0.475,0.523,0.056,0.182,0.273
0.178,0.307,0.468,0.475,0.523,0.056,0.182,0.274
0.178,0.307,0.468,0.476,0.523,0.056,0.182,0.274
0.178,0.308,0.468,0.476,0.524,0.056,0.182,0.275
0.178,0.308,0.468,0.477,0.524,0.056,0.182,0.275
0.178,0.308,0.468,0.477,0.524,0.056,0.182,0.276
0.178,0.309,0.468,0.478,0.524,0.056,0.182,0.276
0.178,0.309,0.468,0.478,0.524,0.056,0.182,0.276
0.178,0.309,0.468,0.479,0.525,0.056,0.182,0.277
0.178,0.31,0.468,0.479,0.525,0.056,0.182,0.277
0.178,0.31,0.468,0.479,0.525,0.056,0.181,0.278
0.178,0.31,0.468,0.48,0.526,0.056,0.182,0.278
0.178,0.311,0.468,0.481,0.526,0.056,0.181,0.278
0.178,0.311,0.468,0.481,0.526,0.056,0.181,0.279
0.178,0.311,0.468,0.481,0.526,0.056,0.182,0.279
0.178,0.312,0.468,0.482,0.526,0.056,0.182,0.28
0.178,0.312,0.468,0.482,0.526,0.056,0.181,0.28
0.178,0.312,0.468,0.483,0.527,0.056,0.181,0.28
0.178,0.313,0.468,0.483,0.527,0.056,0.182,0.281
0.178,0.313,0.468,0.484,0.527,0.056,0.181,0.281
0.178,0.313,0.468,0.484,0.528,0.056,0.181,0.282
0.178,0.314,0.468,0.485,0.528,0.056,0.181,0.282
0.178,0.314,0.468,0.485,0.528,0.056,0.181,0.282
0.178,0.314,0.468,0.486,0.528,0.056,0.181,0.283
0.178,0.315,0.468,0.486,0.528,0.056,0.181,0.283
0.178,0.315,0.468,0.487,0.529,0.056,0.181,0.284
0.178,0.316,0.468,0.487,0.529,0.056,0.181,0.284
0.178,0.316,0.468,0.488,0.529,0.056,0.181,0.285
0.178,0.316,0.468,0.488,0.529,0.056,0.181,0.285
0.178,0.317,0.468,0.489,0.53,0.056,0.181,0.285
0.178,0.317,0.467,0.489,0.53,0.056,0.181,0.285
0.178,0.317,0.467,0.49,0.53,0.056,0.181,0.286
0.178,0.318,0.467,0.49,0.53,0.056,0.181,0.286
0.178,0.318,0.468,0.491,0.531,0.056,0.181,0.287
0.178,0.318,0.467,0.491,0.531,0.056,0.181,0.287
0.178,0.319,0.467,0.492,0.531,0.056,0.181,0.288
0.178,0.319,0.467,0.492,0.531,0.056,0.181,0.288
0.179,0.32,0.467,0.492,0.532,0.056,0.181,0.288
0.178,0.32,0.467,0.493,0.532,0.056,0.181,0.289
0.178,0.32,0.467,0.493,0.532,0.056,0.181,0.289
0.179,0.321,0.467,0.494,0.533,0.056,0.181,0.289
0.179,0.321,0.467,0.494,0.533,0.056,0.181,0.29
0.179,0.321,0.467,0.495,0.533,0.056,0.181,0.29
0.179,0.322,0.467,0.495,0.533,0.056,0.181,0.291
0.179,0.322,0.467,0.496,0.534,0.056,0.181,0.291
0.179,0.322,0.467,0.496,0.534,0.056,0.181,0.291
0.179,0.323,0.467,0.497,0.534,0.056,0.181,0.292
0.179,0.323,0.467,0.497,0.535,0.056,0.181,0.292
0.179,0.324,0.467,0.498,0.535,0.056,0.181,0.292
0.179,0.324,0.467,0.498,0.535,0.056,0.181,0.293
0.179,0.324,0.467,0.499,0.535,0.056,0.181,0.293
0.179,0.325,0.467,0.5,0.536,0.056,0.181,0.294
0.179,0.325,0.467,0.5,0.536,0.056,0.181,0.294
0.179,0.325,0.467,0.5,0.536,0.056,0.181,0.295
0.179,0.326,0.467,0.501,0.537,0.056,0.181,0.295
0.179,0.326,0.467,0.501,0.537,0.056,0.181,0.295
0.179,0.327,0.467,0.502,0.537,0.056,0.181,0.296
0.179,0.327,0.467,0.502,0.537,0.056,0.181,0.296
0.179,0.327,0.467,0.503,0.538,0.056,0.181,0.296
0.179,0.328,0.467,0.504,0.538,0.056,0.181,0.297
0.179,0.328,0.467,0.504,0.538,0.056,0.18,0.297
0.179,0.328,0.467,0.505,0.539,0.056,0.18,0.298
0.179,0.329,0.467,0.505,0.539,0.056,0.18,0.298
0.179,0.329,0.467,0.505,0.539,0.056,0.18,0.298
0.179,0.329,0.467,0.506,0.54,0.056,0.18,0.299
0.179,0.33,0.467,0.506,0.54,0.056,0.18,0.299
0.179,0.33,0.467,0.507,0.54,0.056,0.18,0.3
0.179,0.331,0.467,0.507,0.541,0.056,0.18,0.3
0.179,0.331,0.467,0.508,0.541,0.056,0.18,0.3
0.179,0.331,0.467,0.509,0.541,0.056,0.18,0.301
0.179,0.332,0.467,0.509,0.541,0.056,0.18,0.301
0.179,0.332,0.467,0.51,0.542,0.056,0.18,0.302
0.18,0.332,0.467,0.51,0.542,0.056,0.18,0.302
0.18,0.333,0.467,0.511,0.542,0.056,0.18,0.303
0.18,0.333,0.467,0.511,0.543,0.056,0.18,0.303
0.18,0.334,0.467,0.512,0.543,0.056,0.18,0.303
0.18,0.334,0.467,0.512,0.544,0.056,0.18,0.304
0.18,0.334,0.467,0.513,0.544,0.056,0.18,0.305
0.18,0.335,0.467,0.513,0.544,0.057,0.18,0.305
0.18,0.335,0.467,0.514,0.544,0.056,0.18,0.305
0.18,0.336,0.467,0.514,0.545,0.056,0.18,0.306
0.18,0.336,0.467,0.515,0.545,0.056,0.18,0.306
0.18,0.337,0.467,0.515,0.545,0.056,0.18,0.307
0.18,0.337,0.467,0.516,0.546,0.056,0.18,0.307
0.18,0.337,0.467,0.516,0.546,0.056,0.18,0.307
0.18,0.338,0.468,0.517,0.547,0.056,0.18,0.308
0.18,0.338,0.468,0.517,0.547,0.056,0.18,0.308
0.18,0.339,0.468,0.518,0.547,0.057,0.18,0.309
0.18,0.339,0.468,0.518,0.547,0.056,0.18,0.309
0.18,0.339,0.468,0.519,0.548,0.056,0.18,0.309
0.18,0.34,0.468,0.519,0.548,0.056,0.18,0.31
0.18,0.34,0.468,0.52,0.548,0.056,0.18,0.31
0.18,0.341,0.468,0.521,0.549,0.057,0.18,0.31
0.181,0.341,0.468,0.521,0.549,0.056,0.18,0.311
0.18,0.342,0.468,0.522,0.55,0.056,0.18,0.311
0.181,0.342,0.468,0.522,0.55,0.056,0.18,0.311
0.18,0.343,0.468,0.523,0.55,0.056,0.18,0.312
0.181,0.343,0.468,0.523,0.551,0.056,0.18,0.312
0.181,0.343,0.468,0.524,0.551,0.057,0.18,0.313
0.181,0.344,0.468,0.524,0.551,0.057,0.18,0.313
0.181,0.344,0.468,0.525,0.552,0.057,0.18,0.313
0.181,0.345,0.468,0.525,0.552,0.057,0.18,0.314
0.181,0.345,0.468,0.526,0.552,0.057,0.18,0.314
0.181,0.346,0.468,0.527,0.552,0.057,0.18,0.314
0.181,0.346,0.468,0.527,0.553,0.057,0.18,0.314
0.181,0.346,0.468,0.528,0.553,0.057,0.18,0.315
0.181,0.347,0.468,0.528,0.553,0.057,0.18,0.315
0.181,0.347,0.468,0.529,0.554,0.057,0.18,0.316
0.181,0.348,0.468,0.53,0.554,0.057,0.18,0.316
0.181,0.348,0.468,0.53,0.555,0.057,0.18,0.316
0.181,0.349,0.468,0.531,0.555,0.057,0.18,0.316
0.181,0.349,0.469,0.532,0.556,0.057,0.18,0.317
0.181,0.349,0.469,0.532,0.556,0.057,0.18,0.317
0.181,0.35,0.469,0.533,0.556,0.057,0.18,0.317
0.182,0.35,0.469,0.534,0.557,0.057,0.18,0.318
0.182,0.351,0.469,0.535,0.557,0.057,0.18,0.318
0.182,0.351,0.469,0.535,0.557,0.057,0.18,0.318
0.182,0.351,0.469,0.536,0.558,0.057,0.18,0.319
0.182,0.352,0.469,0.537,0.558,0.057,0.18,0.319
0.182,0.353,0.469,0.537,0.558,0.057,0.18,0.32
0.182,0.353,0.469,0.538,0.559,0.057,0.18,0.32
0.182,0.355,0.469,0.539,0.559,0.057,0.18,0.321
0.182,0.357,0.469,0.539,0.56,0.057,0.18,0.322
0.182,0.359,0.469,0.54,0.56,0.057,0.18,0.323
0.182,0.362,0.469,0.541,0.56,0.057,0.18,0.324
0.182,0.365,0.469,0.541,0.561,0.057,0.18,0.325
0.183,0.369,0.469,0.542,0.561,0.057,0.18,0.326
0.183,0.373,0.469,0.543,0.562,0.057,0.18,0.327
0.183,0.376,0.47,0.544,0.562,0.057,0.18,0.328
0.183,0.38,0.47,0.545,0.562,0.057,0.18,0.329
0.183,0.385,0.47,0.546,0.563,0.057,0.18,0.33
0.183,0.389,0.47,0.548,0.563,0.057,0.18,0.33
0.183,0.393,0.471,0.55,0.564,0.057,0.18,0.331
0.183,0.397,0.471,0.552,0.564,0.057,0.18,0.332
0.183,0.401,0.471,0.554,0.565,0.057,0.18,0.333
0.184,0.405,0.471,0.556,0.566,0.057,0.18,0.334
0.184,0.409,0.472,0.558,0.567,0.058,0.18,0.335
0.184,0.413,0.472,0.559,0.568,0.057,0.18,0.335
0.184,0.416,0.472,0.561,0.568,0.058,0.18,0.336
0.184,0.42,0.473,0.563,0.569,0.058,0.18,0.337
0.184,0.424,0.473,0.565,0.57,0.058,0.18,0.338
0.184,0.428,0.473,0.566,0.571,0.058,0.18,0.338
0.184,0.431,0.473,0.568,0.572,0.058,0.18,0.339
0.185,0.435,0.474,0.569,0.573,0.058,0.18,0.34
0.185,0.438,0.474,0.571,0.574,0.058,0.18,0.34
0.185,0.442,0.474,0.572,0.575,0.058,0.18,0.341
0.185,0.445,0.475,0.573,0.576,0.058,0.18,0.341
0.185,0.448,0.475,0.575,0.576,0.058,0.18,0.342
0.185,0.451,0.475,0.576,0.577,0.058,0.18,0.342
0.185,0.454,0.476,0.578,0.579,0.058,0.18,0.343
0.185,0.457,0.476,0.579,0.58,0.058,0.18,0.344
0.186,0.46,0.476,0.58,0.581,0.058,0.181,0.345
0.186,0.464,0.476,0.581,0.582,0.059,0.181,0.346
0.186,0.467,0.477,0.583,0.583,0.059,0.18,0.347
0.186,0.47,0.477,0.584,0.584,0.059,0.181,0.348
0.186,0.474,0.477,0.585,0.585,0.059,0.181,0.349
0.186,0.478,0.478,0.586,0.586,0.059,0.181,0.349
0.187,0.482,0.478,0.587,0.587,0.059,0.181,0.35
0.187,0.485,0.478,0.589,0.588,0.059,0.181,0.351
0.187,0.489,0.479,0.59,0.589,0.059,0.181,0.352
0.187,0.493,0.479,0.592,0.59,0.059,0.181,0.352
0.187,0.497,0.479,0.593,0.591,0.059,0.181,0.353
0.187,0.5,0.48,0.595,0.592,0.059,0.181,0.354
0.187,0.503,0.48,0.596,0.593,0.059,0.181,0.354
0.188,0.507,0.48,0.598,0.594,0.059,0.181,0.355
0.188,0.51,0.481,0.599,0.595,0.059,0.181,0.355
0.188,0.514,0.481,0.601,0.596,0.06,0.181,0.356
0.188,0.517,0.481,0.602,0.597,0.06,0.181,0.356
0.188,0.52,0.482,0.603,0.598,0.06,0.181,0.356
0.188,0.523,0.482,0.604,0.599,0.06,0.181,0.357
0.189,0.526,0.482,0.605,0.6,0.06,0.182,0.358
0.189,0.529,0.482,0.607,0.601,0.06,0.182,0.358
0.189,0.531,0.483,0.609,0.602,0.06,0.182,0.359
0.189,0.534,0.483,0.611,0.603,0.06,0.182,0.36
0.189,0.538,0.484,0.613,0.604,0.06,0.182,0.361
0.189,0.541,0.484,0.615,0.605,0.061,0.182,0.362
0.19,0.546,0.484,0.618,0.607,0.061,0.182,0.364
0.19,0.55,0.485,0.62,0.608,0.061,0.182,0.365
0.19,0.555,0.485,0.623,0.61,0.061,0.182,0.367
0.19,0.559,0.485,0.626,0.611,0.061,0.182,0.369
0.19,0.564,0.486,0.628,0.613,0.061,0.182,0.371
0.19,0.569,0.486,0.631,0.615,0.061,0.182,0.374
0.191,0.573,0.487,0.634,0.617,0.061,0.183,0.376
0.191,0.578,0.487,0.637,0.619,0.061,0.183,0.379
0.191,0.584,0.488,0.641,0.621,0.062,0.183,0.382
0.191,0.591,0.488,0.644,0.624,0.062,0.183,0.385
0.191,0.597,0.488,0.648,0.626,0.062,0.183,0.388
0.192,0.603,0.489,0.651,0.629,0.062,0.184,0.392
0.192,0.61,0.489,0.655,0.633,0.062,0.184,0.395
0.192,0.617,0.49,0.659,0.636,0.063,0.184,0.399
0.192,0.624,0.49,0.662,0.639,0.063,0.184,0.403
0.193,0.631,0.491,0.666,0.642,0.063,0.184,0.407
0.193,0.638,0.491,0.67,0.645,0.063,0.184,0.411
0.193,0.645,0.492,0.674,0.649,0.063,0.185,0.415
0.193,0.652,0.492,0.678,0.652,0.064,0.185,0.419
0.194,0.66,0.493,0.682,0.656,0.064,0.185,0.423
0.194,0.668,0.493,0.686,0.659,0.064,0.185,0.427
0.194,0.676,0.494,0.69,0.663,0.064,0.185,0.431
0.195,0.684,0.495,0.694,0.666,0.064,0.186,0.435
0.195,0.693,0.495,0.698,0.669,0.065,0.186,0.439
0.195,0.701,0.496,0.703,0.673,0.065,0.186,0.444
0.196,0.71,0.496,0.707,0.677,0.065,0.186,0.448
0.196,0.719,0.497,0.712,0.68,0.066,0.187,0.452
0.197,0.728,0.498,0.716,0.685,0.066,0.187,0.456
0.197,0.737,0.499,0.721,0.689,0.066,0.187,0.46
0.197,0.746,0.5,0.725,0.693,0.066,0.187,0.465
0.198,0.755,0.5,0.73,0.697,0.067,0.188,0.469
0.198,0.764,0.501,0.734,0.702,0.067,0.188,0.473
0.199,0.773,0.502,0.739,0.706,0.067,0.188,0.477
0.199,0.782,0.503,0.743,0.711,0.068,0.188,0.482
0.2,0.791,0.504,0.748,0.716,0.068,0.189,0.486
0.2,0.801,0.505,0.753,0.72,0.068,0.189,0.49
0.201,0.81,0.506,0.757,0.725,0.068,0.189,0.494
0.201,0.819,0.507,0.762,0.73,0.069,0.19,0.499
0.202,0.828,0.508,0.767,0.734,0.069,0.19,0.503
0.202,0.837,0.509,0.771,0.739,0.069,0.19,0.507
0.203,0.846,0.51,0.776,0.744,0.07,0.19,0.511
0.204,0.855,0.511,0.78,0.748,0.07,0.191,0.515
0.204,0.864,0.512,0.785,0.753,0.07,0.191,0.519
0.205,0.873,0.513,0.789,0.758,0.071,0.191,0.524
0.205,0.881,0.514,0.794,0.763,0.071,0.192,0.528
0.206,0.889,0.515,0.798,0.767,0.071,0.192,0.532
0.206,0.898,0.516,0.803,0.772,0.072,0.192,0.536
0.207,0.907,0.517,0.807,0.776,0.072,0.192,0.54
0.208,0.915,0.518,0.811,0.781,0.072,0.193,0.544
0.208,0.923,0.519,0.816,0.786,0.073,0.193,0.547
0.209,0.931,0.52,0.82,0.79,0.073,0.193,0.551
0.209,0.939,0.521,0.824,0.795,0.073,0.194,0.555
0.21,0.947,0.522,0.829,0.799,0.074,0.194,0.559
0.211,0.955,0.523,0.833,0.804,0.074,0.194,0.563
0.211,0.962,0.524,0.837,0.809,0.074,0.195,0.567
0.212,0.97,0.525,0.841,0.813,0.074,0.195,0.57
0.213,0.977,0.526,0.845,0.818,0.075,0.195,0.574
0.213,0.984,0.527,0.85,0.822,0.075,0.195,0.578
0.214,0.992,0.528,0.853,0.826,0.076,0.196,0.581
0.214,0.999,0.53,0.858,0.831,0.076,0.196,0.585
0.215,1.006,0.531,0.862,0.835,0.076,0.196,0.588
0.216,1.013,0.532,0.865,0.839,0.077,0.197,0.592
0.216,1.02,0.533,0.87,0.843,0.077,0.197,0.595
0.217,1.027,0.534,0.873,0.847,0.077,0.197,0.599
0.217,1.033,0.535,0.877,0.852,0.078,0.197,0.602
0.218,1.04,0.536,0.881,0.855,0.078,0.198,0.606
0.219,1.046,0.537,0.885,0.859,0.078,0.198,0.609
0.219,1.052,0.538,0.889,0.864,0.079,0.198,0.612
0.22,1.059,0.539,0.893,0.868,0.079,0.199,0.615
0.22,1.065,0.541,0.896,0.872,0.079,0.199,0.619
0.221,1.071,0.542,0.9,0.875,0.08,0.199,0.622
0.222,1.076,0.543,0.904,0.879,0.08,0.199,0.625
0.222,1.082,0.544,0.907,0.883,0.08,0.2,0.629
0.223,1.087,0.545,0.911,0.887,0.08,0.2,0.632
0.224,1.092,0.546,0.915,0.891,0.081,0.2,0.635
0.224,1.097,0.547,0.918,0.894,0.081,0.201,0.638
0.225,1.103,0.548,0.922,0.898,0.082,0.201,0.641
0.225,1.107,0.549,0.925,0.902,0.082,0.201,0.644
0.226,1.112,0.55,0.928,0.905,0.082,0.201,0.647
0.226,1.117,0.551,0.932,0.909,0.082,0.202,0.649
0.227,1.122,0.553,0.935,0.912,0.083,0.202,0.652
0.228,1.127,0.554,0.938,0.915,0.083,0.202,0.655
0.228,1.131,0.555,0.941,0.919,0.084,0.203,0.658
0.229,1.136,0.556,0.945,0.922,0.084,0.203,0.661
0.229,1.14,0.557,0.948,0.925,0.084,0.203,0.663
0.23,1.145,0.558,0.951,0.929,0.085,0.203,0.666
0.231,1.149,0.559,0.954,0.932,0.085,0.203,0.668
0.231,1.153,0.56,0.957,0.935,0.085,0.204,0.671
0.232,1.158,0.561,0.96,0.938,0.086,0.204,0.673
0.232,1.162,0.562,0.962,0.941,0.086,0.204,0.675
0.233,1.166,0.563,0.965,0.944,0.086,0.205,0.678
0.233,1.17,0.564,0.968,0.947,0.086,0.205,0.68
0.234,1.174,0.565,0.971,0.95,0.087,0.205,0.682
0.235,1.178,0.566,0.973,0.953,0.087,0.205,0.685
0.235,1.182,0.567,0.976,0.956,0.087,0.206,0.687
0.236,1.185,0.568,0.979,0.959,0.088,0.206,0.689
0.236,1.189,0.569,0.981,0.962,0.088,0.206,0.691
0.237,1.193,0.57,0.984,0.965,0.088,0.206,0.693
0.238,1.197,0.571,0.986,0.967,0.088,0.207,0.695
0.238,1.2,0.572,0.989,0.97,0.089,0.207,0.697
0.239,1.204,0.573,0.991,0.973,0.089,0.207,0.699
0.239,1.207,0.574,0.993,0.976,0.09,0.207,0.701
0.24,1.211,0.575,0.996,0.978,0.09,0.208,0.703
0.24,1.214,0.576,0.998,0.981,0.09,0.208,0.704
0.241,1.217,0.577,1.0,0.984,0.09,0.208,0.706
0.242,1.221,0.578,1.002,0.986,0.091,0.209,0.708
0.242,1.224,0.58,1.005,0.989,0.091,0.209,0.709
0.243,1.227,0.581,1.007,0.991,0.091,0.209,0.711
0.243,1.23,0.582,1.009,0.994,0.092,0.209,0.713
0.244,1.234,0.582,1.011,0.996,0.092,0.21,0.714
0.244,1.237,0.583,1.013,0.999,0.092,0.21,0.716
0.245,1.24,0.584,1.015,1.001,0.093,0.21,0.717
0.245,1.243,0.586,1.017,1.003,0.093,0.21,0.719
0.246,1.246,0.586,1.019,1.006,0.093,0.21,0.72
0.247,1.249,0.588,1.021,1.008,0.094,0.211,0.722
0.247,1.252,0.588,1.023,1.01,0.094,0.211,0.723
0.248,1.254,0.589,1.025,1.013,0.094,0.211,0.724
0.248,1.257,0.59,1.027,1.015,0.094,0.211,0.726
0.249,1.26,0.591,1.028,1.017,0.095,0.212,0.727
0.249,1.263,0.592,1.03,1.019,0.095,0.212,0.728
0.25,1.266,0.593,1.032,1.021,0.095,0.212,0.729
0.25,1.269,0.594,1.034,1.024,0.096,0.212,0.731
0.251,1.271,0.595,1.035,1.026,0.096,0.212,0.732
0.251,1.274,0.596,1.037,1.028,0.096,0.213,0.733
0.252,1.277,0.597,1.038,1.03,0.097,0.213,0.734
0.253,1.279,0.598,1.04,1.032,0.097,0.213,0.735
0.253,1.282,0.599,1.042,1.034,0.097,0.213,0.736
0.254,1.285,0.6,1.043,1.036,0.098,0.213,0.738
0.254,1.287,0.601,1.045,1.038,0.098,0.214,0.738
0.255,1.29,0.602,1.046,1.04,0.098,0.214,0.739
0.255,1.292,0.603,1.048,1.042,0.098,0.214,0.74
0.256,1.294,0.604,1.049,1.045,0.099,0.214,0.741
0.256,1.297,0.605,1.051,1.047,0.099,0.215,0.742
0.257,1.298,0.606,1.053,1.049,0.099,0.215,0.742
0.257,1.3,0.607,1.054,1.051,0.1,0.215,0.743
0.258,1.301,0.608,1.056,1.053,0.1,0.215,0.743
0.259,1.301,0.608,1.057,1.055,0.1,0.215,0.743
0.259,1.301,0.609,1.059,1.057,0.101,0.215,0.743
0.259,1.3,0.61,1.06,1.059,0.101,0.216,0.743
0.26,1.299,0.611,1.062,1.061,0.101,0.216,0.743
0.26,1.298,0.612,1.063,1.063,0.101,0.216,0.743
0.261,1.297,0.613,1.064,1.065,0.102,0.216,0.743
0.261,1.295,0.614,1.065,1.067,0.102,0.216,0.743
0.262,1.294,0.614,1.066,1.069,0.102,0.217,0.743
0.262,1.293,0.615,1.067,1.07,0.102,0.217,0.743
0.263,1.291,0.616,1.067,1.072,0.103,0.217,0.742
0.263,1.289,0.617,1.068,1.074,0.103,0.217,0.742
0.264,1.288,0.617,1.068,1.075,0.103,0.217,0.742
0.264,1.286,0.618,1.068,1.076,0.103,0.217,0.742
0.264,1.284,0.618,1.069,1.078,0.104,0.217,0.742
0.265,1.283,0.619,1.069,1.079,0.104,0.218,0.741
0.265,1.281,0.62,1.069,1.08,0.104,0.218,0.741
0.266,1.279,0.62,1.069,1.081,0.104,0.218,0.74
0.266,1.277,0.621,1.069,1.081,0.104,0.218,0.74
0.267,1.275,0.622,1.069,1.082,0.105,0.218,0.74
0.267,1.273,0.622,1.069,1.083,0.105,0.218,0.739
0.267,1.271,0.623,1.069,1.084,0.105,0.218,0.739
0.268,1.269,0.623,1.069,1.084,0.105,0.219,0.738
0.268,1.267,0.624,1.069,1.085,0.105,0.219,0.738
0.269,1.264,0.624,1.069,1.085,0.106,0.219,0.737
0.269,1.262,0.625,1.069,1.085,0.106,0.219,0.736
0.269,1.26,0.625,1.069,1.086,0.106,0.219,0.736
0.27,1.257,0.626,1.069,1.086,0.106,0.219,0.735
0.27,1.255,0.626,1.068,1.086,0.106,0.219,0.734
0.271,1.253,0.627,1.068,1.086,0.107,0.219,0.734
0.271,1.25,0.627,1.067,1.086,0.107,0.219,0.733
0.271,1.248,0.628,1.067,1.085,0.107,0.22,0.732
0.272,1.246,0.628,1.067,1.085,0.107,0.22,0.732
0.272,1.244,0.629,1.066,1.085,0.107,0.22,0.731
0.273,1.242,0.629,1.066,1.085,0.107,0.22,0.73
0.273,1.24,0.63,1.066,1.084,0.107,0.22,0.729
0.273,1.238,0.63,1.065,1.084,0.107,0.22,0.728
0.274,1.236,0.631,1.065,1.084,0.108,0.22,0.727
0.274,1.234,0.631,1.065,1.084,0.108,0.22,0.727
0.275,1.232,0.632,1.064,1.083,0.108,0.22,0.725
0.275,1.23,0.632,1.064,1.083,0.108,0.22,0.725
0.275,1.229,0.633,1.064,1.083,0.108,0.22,0.724
0.276,1.227,0.633,1.064,1.082,0.108,0.221,0.723
0.276,1.225,0.634,1.064,1.082,0.109,0.221,0.722
0.277,1.223,0.634,1.063,1.082,0.109,0.221,0.721
0.277,1.222,0.634,1.063,1.081,0.109,0.221,0.72
0.277,1.22,0.635,1.063,1.081,0.109,0.221,0.719
0.278,1.218,0.635,1.063,1.081,0.109,0.221,0.718
0.278,1.217,0.636,1.063,1.08,0.109,0.221,0.717
0.279,1.215,0.636,1.063,1.08,0.109,0.221,0.716
0.279,1.213,0.636,1.062,1.079,0.11,0.221,0.715
0.279,1.212,0.637,1.062,1.079,0.11,0.221,0.714
0.28,1.21,0.637,1.062,1.078,0.11,0.221,0.713
0.28,1.209,0.638,1.062,1.078,0.11,0.221,0.712
0.281,1.207,0.638,1.062,1.078,0.11,0.221,0.711
0.281,1.206,0.638,1.062,1.077,0.11,0.221,0.71
0.281,1.206,0.639,1.062,1.077,0.11,0.221,0.709
0.282,1.205,0.639,1.062,1.077,0.11,0.222,0.709
0.282,1.204,0.64,1.062,1.077,0.11,0.222,0.708
0.283,1.203,0.64,1.062,1.076,0.11,0.222,0.707
0.283,1.202,0.64,1.062,1.076,0.111,0.222,0.706
0.283,1.201,0.641,1.062,1.076,0.111,0.222,0.706
0.284,1.2,0.641,1.062,1.076,0.111,0.222,0.705
0.284,1.2,0.642,1.063,1.076,0.111,0.222,0.705
0.285,1.199,0.642,1.063,1.076,0.111,0.222,0.704
0.285,1.198,0.642,1.063,1.076,0.111,0.222,0.704
0.285,1.197,0.643,1.063,1.076,0.111,0.222,0.704
0.286,1.197,0.643,1.064,1.076,0.111,0.222,0.703
0.286,1.196,0.644,1.064,1.076,0.111,0.222,0.703
0.286,1.195,0.644,1.064,1.076,0.111,0.222,0.703
0.287,1.194,0.645,1.064,1.076,0.112,0.222,0.702
0.287,1.194,0.645,1.064,1.076,0.112,0.222,0.702
0.287,1.193,0.645,1.064,1.076,0.112,0.223,0.702
0.288,1.192,0.646,1.065,1.076,0.112,0.223,0.702
0.288,1.192,0.646,1.065,1.076,0.112,0.223,0.702
0.289,1.191,0.647,1.065,1.076,0.112,0.223,0.701
0.289,1.19,0.647,1.065,1.076,0.112,0.223,0.701
0.289,1.189,0.647,1.065,1.076,0.112,0.223,0.701
0.29,1.188,0.648,1.065,1.076,0.112,0.223,0.701
0.29,1.187,0.648,1.066,1.076,0.112,0.223,0.7
0.29,1.186,0.648,1.066,1.077,0.113,0.223,0.7
0.291,1.185,0.649,1.066,1.077,0.113,0.223,0.7
0.291,1.184,0.649,1.066,1.077,0.113,0.223,0.699
0.291,1.183,0.649,1.066,1.077,0.113,0.223,0.699
0.292,1.182,0.65,1.067,1.077,0.113,0.223,0.699
0.292,1.181,0.65,1.068,1.077,0.113,0.223,0.699
0.292,1.179,0.651,1.068,1.077,0.113,0.223,0.699
0.293,1.178,0.651,1.069,1.077,0.113,0.223,0.7
0.293,1.177,0.651,1.07,1.078,0.113,0.223,0.7
0.293,1.177,0.652,1.071,1.078,0.114,0.224,0.701
0.294,1.176,0.652,1.072,1.078,0.114,0.224,0.701
0.294,1.176,0.652,1.073,1.079,0.114,0.224,0.702
0.294,1.175,0.653,1.074,1.079,0.114,0.224,0.703
0.295,1.175,0.653,1.075,1.08,0.114,0.224,0.703
0.295,1.174,0.654,1.077,1.08,0.114,0.224,0.704
0.295,1.174,0.654,1.078,1.081,0.114,0.224,0.705
0.296,1.174,0.655,1.08,1.082,0.114,0.224,0.706
0.296,1.175,0.655,1.082,1.083,0.114,0.224,0.707
0.297,1.176,0.655,1.083,1.083,0.115,0.224,0.709
0.297,1.178,0.656,1.085,1.084,0.115,0.224,0.711
0.297,1.179,0.656,1.087,1.085,0.115,0.224,0.713
0.297,1.18,0.657,1.089,1.086,0.115,0.225,0.715
0.298,1.182,0.657,1.091,1.087,0.115,0.225,0.717
0.298,1.184,0.658,1.094,1.088,0.115,0.225,0.72
0.299,1.187,0.658,1.097,1.089,0.115,0.225,0.723
0.299,1.19,0.659,1.1,1.091,0.116,0.225,0.726
0.299,1.193,0.659,1.104,1.092,0.116,0.225,0.73
0.3,1.197,0.66,1.107,1.094,0.116,0.225,0.733
0.3,1.2,0.661,1.11,1.097,0.116,0.225,0.737
0.3,1.204,0.661,1.113,1.099,0.116,0.226,0.741
0.301,1.208,0.662,1.116,1.102,0.117,0.226,0.745
0.301,1.212,0.662,1.119,1.104,0.117,0.226,0.749
0.302,1.217,0.663,1.122,1.107,0.117,0.226,0.753
0.302,1.221,0.664,1.125,1.11,0.117,0.226,0.757
0.302,1.226,0.664,1.128,1.112,0.118,0.226,0.761
0.303,1.23,0.665,1.131,1.116,0.118,0.226,0.765
0.303,1.235,0.665,1.134,1.119,0.118,0.227,0.769
0.304,1.24,0.666,1.136,1.122,0.118,0.227,0.773
0.304,1.245,0.667,1.139,1.125,0.119,0.227,0.776
0.305,1.25,0.667,1.142,1.128,0.119,0.227,0.78
0.305,1.255,0.668,1.146,1.131,0.119,0.227,0.784
0.306,1.26,0.669,1.149,1.134,0.12,0.228,0.788
0.306,1.265,0.67,1.152,1.138,0.12,0.228,0.792
0.307,1.27,0.67,1.156,1.141,0.12,0.228,0.796
0.307,1.275,0.671,1.159,1.145,0.121,0.228,0.799
0.308,1.281,0.672,1.163,1.148,0.121,0.228,0.803
0.308,1.286,0.673,1.166,1.152,0.121,0.228,0.807
0.309,1.291,0.674,1.169,1.155,0.122,0.229,0.81
0.309,1.296,0.674,1.172,1.159,0.122,0.229,0.814
0.31,1.301,0.675,1.175,1.162,0.123,0.229,0.818
0.311,1.306,0.676,1.178,1.165,0.123,0.229,0.821
0.311,1.311,0.677,1.181,1.169,0.123,0.229,0.824
0.312,1.316,0.677,1.185,1.172,0.124,0.23,0.828
0.312,1.321,0.678,1.188,1.175,0.124,0.23,0.831
0.313,1.326,0.679,1.191,1.179,0.124,0.23,0.835
0.313,1.331,0.68,1.194,1.182,0.125,0.23,0.838
0.314,1.336,0.681,1.197,1.186,0.125,0.231,0.841
0.315,1.34,0.682,1.2,1.189,0.126,0.231,0.845
0.315,1.345,0.682,1.203,1.192,0.126,0.231,0.848
0.316,1.35,0.683,1.206,1.196,0.126,0.23,0.849
0.316,1.351,0.683,1.207,1.196,0.127,0.231,0.853
0.316,1.356,0.683,1.209,1.2,0.127,0.231,0.856
0.317,1.361,0.684,1.211,1.203,0.127,0.231,0.859
0.318,1.365,0.685,1.213,1.206,0.128,0.231,0.863
0.318,1.37,0.686,1.216,1.21,0.128,0.232,0.866
0.319,1.374,0.687,1.218,1.213,0.129,0.232,0.869
0.32,1.379,0.688,1.221,1.216,0.129,0.232,0.872
0.32,1.383,0.689,1.223,1.22,0.13,0.232,0.876
0.321,1.388,0.69,1.225,1.223,0.13,0.232,0.879
0.322,1.393,0.691,1.228,1.226,0.131,0.233,0.882
0.322,1.398,0.692,1.229,1.23,0.131,0.233,0.885
0.323,1.402,0.693,1.231,1.233,0.132,0.233,0.888
0.324,1.407,0.693,1.233,1.236,0.132,0.233,0.891
0.324,1.411,0.694,1.236,1.239,0.133,0.233,0.894
0.326,1.416,0.695,1.24,1.242,0.133,0.234,0.898
0.326,1.421,0.696,1.243,1.246,0.134,0.234,0.901
0.327,1.425,0.697,1.244,1.249,0.134,0.234,0.904
0.328,1.43,0.698,1.245,1.253,0.135,0.234,0.907
0.328,1.435,0.699,1.248,1.256,0.135,0.235,0.911
0.329,1.44,0.7,1.25,1.259,0.136,0.235,0.914
0.33,1.444,0.701,1.252,1.263,0.136,0.235,0.917
0.33,1.448,0.702,1.255,1.266,0.137,0.235,0.92
0.331,1.452,0.703,1.257,1.27,0.137,0.235,0.923
0.332,1.456,0.704,1.259,1.273,0.138,0.236,0.926
0.333,1.461,0.705,1.259,1.276,0.138,0.236,0.929
0.334,1.464,0.706,1.262,1.28,0.139,0.236,0.932
0.334,1.469,0.707,1.265,1.283,0.139,0.236,0.935
0.335,1.473,0.708,1.266,1.286,0.14,0.236,0.938
0.336,1.478,0.709,1.266,1.29,0.14,0.236,0.941
0.337,1.482,0.71,1.268,1.293,0.141,0.237,0.944
0.337,1.486,0.711,1.269,1.296,0.141,0.237,0.947
0.338,1.49,0.712,1.272,1.3,0.142,0.237,0.95
0.339,1.494,0.713,1.276,1.303,0.142,0.237,0.953
0.339,1.498,0.714,1.277,1.306,0.143,0.237,0.956
0.34,1.501,0.715,1.28,1.309,0.143,0.237,0.959
0.341,1.505,0.716,1.284,1.312,0.144,0.238,0.961
0.342,1.509,0.717,1.287,1.315,0.144,0.238,0.964
0.342,1.513,0.718,1.289,1.318,0.145,0.238,0.967
0.343,1.516,0.719,1.292,1.322,0.146,0.238,0.969
0.344,1.52,0.72,1.296,1.325,0.146,0.238,0.972
0.345,1.523,0.721,1.298,1.328,0.147,0.239,0.975
0.346,1.527,0.722,1.302,1.33,0.147,0.239,0.977
0.346,1.53,0.723,1.304,1.333,0.148,0.239,0.98
0.347,1.533,0.724,1.307,1.336,0.148,0.239,0.982
0.348,1.537,0.725,1.309,1.339,0.149,0.239,0.985
0.348,1.539,0.726,1.314,1.342,0.149,0.239,0.987
0.349,1.543,0.726,1.318,1.345,0.15,0.24,0.989
0.35,1.545,0.728,1.321,1.347,0.15,0.24,0.992
0.351,1.548,0.728,1.325,1.35,0.151,0.24,0.995
0.351,1.551,0.73,1.328,1.353,0.152,0.24,0.997
0.352,1.554,0.73,1.332,1.356,0.152,0.24,0.999
0.353,1.557,0.731,1.335,1.358,0.152,0.241,1.001
0.354,1.56,0.733,1.338,1.361,0.153,0.241,1.004
0.355,1.562,0.733,1.342,1.363,0.154,0.241,1.006
0.356,1.565,0.734,1.345,1.366,0.154,0.241,1.009
0.356,1.567,0.735,1.348,1.369,0.155,0.241,1.011
0.357,1.57,0.736,1.351,1.371,0.155,0.242,1.013
0.358,1.572,0.737,1.354,1.374,0.156,0.242,1.015
0.358,1.575,0.738,1.357,1.376,0.156,0.242,1.018
0.359,1.577,0.739,1.359,1.379,0.157,0.242,1.02
0.36,1.588,0.742,1.365,1.384,0.158,0.243,1.024
0.361,1.584,0.742,1.368,1.387,0.158,0.243,1.026
0.362,1.587,0.743,1.37,1.389,0.159,0.243,1.029
0.363,1.589,0.744,1.373,1.392,0.159,0.243,1.031
0.364,1.591,0.745,1.376,1.394,0.16,0.244,1.033
0.364,1.593,0.746,1.378,1.396,0.16,0.244,1.035
0.365,1.594,0.747,1.381,1.399,0.161,0.244,1.037
0.366,1.596,0.748,1.383,1.401,0.161,0.244,1.039
0.367,1.598,0.749,1.386,1.403,0.162,0.244,1.041
0.367,1.6,0.75,1.388,1.405,0.162,0.245,1.044
0.368,1.602,0.751,1.391,1.408,0.163,0.245,1.046
0.369,1.603,0.752,1.393,1.41,0.163,0.245,1.048
0.37,1.605,0.753,1.396,1.412,0.164,0.245,1.05
0.37,1.607,0.754,1.398,1.414,0.164,0.245,1.052
0.371,1.608,0.754,1.4,1.417,0.165,0.246,1.054
0.372,1.61,0.755,1.403,1.419,0.165,0.246,1.056
0.373,1.612,0.756,1.405,1.421,0.166,0.246,1.058
0.373,1.613,0.757,1.407,1.423,0.166,0.246,1.06
0.374,1.615,0.758,1.41,1.425,0.167,0.246,1.062
0.375,1.616,0.759,1.412,1.427,0.167,0.247,1.064
0.376,1.618,0.76,1.414,1.429,0.168,0.247,1.066
0.376,1.619,0.761,1.417,1.431,0.168,0.247,1.068
0.377,1.621,0.762,1.419,1.434,0.169,0.247,1.07
0.378,1.622,0.762,1.421,1.436,0.169,0.247,1.071
0.379,1.623,0.763,1.423,1.438,0.17,0.247,1.073
0.379,1.625,0.764,1.425,1.44,0.17,0.248,1.075
0.38,1.626,0.765,1.428,1.442,0.171,0.248,1.077
0.381,1.627,0.766,1.43,1.444,0.171,0.248,1.079
0.382,1.629,0.767,1.432,1.446,0.171,0.248,1.081
0.382,1.63,0.768,1.434,1.448,0.172,0.248,1.083
0.383,1.632,0.769,1.436,1.45,0.172,0.249,1.084
0.384,1.633,0.77,1.438,1.452,0.173,0.249,1.086
0.385,1.634,0.771,1.44,1.454,0.173,0.249,1.088
0.385,1.635,0.771,1.442,1.456,0.174,0.249,1.089
0.386,1.637,0.772,1.444,1.457,0.174,0.249,1.091
0.387,1.638,0.773,1.446,1.46,0.175,0.25,1.092
0.388,1.639,0.774,1.448,1.462,0.175,0.25,1.094
0.388,1.641,0.775,1.45,1.463,0.176,0.25,1.096
0.389,1.642,0.776,1.452,1.465,0.176,0.25,1.097
0.39,1.643,0.777,1.453,1.467,0.177,0.25,1.099
0.39,1.644,0.778,1.455,1.469,0.177,0.251,1.1
0.391,1.645,0.778,1.457,1.471,0.178,0.251,1.102
0.392,1.646,0.779,1.459,1.472,0.178,0.251,1.103
0.393,1.647,0.78,1.461,1.474,0.178,0.251,1.104
0.393,1.649,0.781,1.463,1.476,0.179,0.251,1.106
0.394,1.65,0.782,1.464,1.478,0.18,0.251,1.107
0.395,1.651,0.783,1.466,1.479,0.18,0.252,1.108
0.396,1.652,0.783,1.468,1.481,0.18,0.252,1.109
0.396,1.653,0.784,1.469,1.483,0.181,0.252,1.111
0.397,1.654,0.785,1.471,1.484,0.181,0.252,1.112
0.398,1.655,0.786,1.472,1.486,0.182,0.252,1.113
0.398,1.656,0.787,1.474,1.488,0.182,0.252,1.114
0.399,1.657,0.788,1.476,1.49,0.183,0.253,1.115
0.4,1.658,0.789,1.477,1.491,0.183,0.253,1.116
0.401,1.659,0.789,1.479,1.493,0.184,0.253,1.118
0.402,1.66,0.79,1.48,1.495,0.184,0.253,1.118
0.402,1.661,0.791,1.482,1.496,0.185,0.253,1.12
0.403,1.663,0.792,1.483,1.498,0.185,0.253,1.121
0.404,1.663,0.793,1.485,1.499,0.185,0.254,1.122
0.405,1.664,0.794,1.486,1.501,0.186,0.254,1.123
0.405,1.665,0.794,1.488,1.502,0.186,0.254,1.123
0.406,1.666,0.795,1.489,1.504,0.187,0.254,1.125
0.407,1.667,0.796,1.49,1.506,0.187,0.254,1.125
0.408,1.669,0.797,1.491,1.507,0.188,0.254,1.122
0.409,1.671,0.798,1.493,1.509,0.188,0.255,1.126
0.41,1.675,0.801,1.499,1.514,0.189,0.256,1.131
0.409,1.669,0.799,1.495,1.512,0.189,0.255,1.131
0.408,1.664,0.797,1.49,1.507,0.189,0.254,1.127
0.409,1.665,0.798,1.491,1.507,0.189,0.254,1.125
0.411,1.669,0.8,1.495,1.511,0.19,0.255,1.128
0.413,1.676,0.803,1.501,1.517,0.191,0.256,1.132
0.414,1.681,0.806,1.506,1.523,0.192,0.257,1.137
0.413,1.675,0.804,1.503,1.521,0.192,0.257,1.137
0.413,1.67,0.802,1.498,1.516,0.191,0.255,1.132
0.413,1.671,0.802,1.499,1.516,0.192,0.255,1.131
0.415,1.675,0.804,1.502,1.52,0.192,0.256,1.133
0.417,1.682,0.808,1.509,1.526,0.194,0.257,1.137
0.418,1.686,0.811,1.514,1.532,0.194,0.258,1.142
0.417,1.681,0.809,1.511,1.53,0.195,0.257,1.142
0.417,1.675,0.807,1.505,1.525,0.194,0.256,1.138
0.417,1.676,0.807,1.506,1.524,0.194,0.256,1.136
0.419,1.68,0.81,1.51,1.528,0.195,0.257,1.139
0.421,1.687,0.813,1.515,1.534,0.196,0.257,1.142
0.423,1.691,0.816,1.521,1.54,0.197,0.259,1.147
0.422,1.686,0.814,1.518,1.538,0.197,0.258,1.147
0.421,1.68,0.811,1.512,1.533,0.197,0.257,1.143
0.422,1.681,0.812,1.513,1.532,0.197,0.257,1.141
0.423,1.685,0.814,1.516,1.536,0.198,0.258,1.143
0.425,1.692,0.817,1.522,1.542,0.199,0.258,1.146
0.427,1.696,0.821,1.528,1.548,0.2,0.26,1.151
0.426,1.691,0.819,1.525,1.546,0.2,0.259,1.151
0.425,1.685,0.816,1.519,1.54,0.199,0.258,1.146
0.426,1.686,0.817,1.519,1.54,0.199,0.258,1.144
0.428,1.689,0.819,1.522,1.543,0.2,0.259,1.146
0.43,1.696,0.822,1.527,1.549,0.201,0.259,1.149
0.432,1.701,0.825,1.533,1.555,0.202,0.261,1.153
0.431,1.696,0.824,1.531,1.553,0.202,0.26,1.154
0.43,1.69,0.821,1.524,1.547,0.202,0.259,1.148
0.431,1.69,0.821,1.524,1.546,0.202,0.259,1.146
0.432,1.694,0.823,1.527,1.55,0.203,0.259,1.148
0.434,1.7,0.827,1.533,1.555,0.204,0.26,1.151
0.436,1.705,0.83,1.538,1.562,0.205,0.261,1.155
0.435,1.701,0.828,1.536,1.56,0.205,0.261,1.155
0.434,1.694,0.825,1.529,1.554,0.204,0.26,1.15
0.435,1.695,0.826,1.529,1.553,0.205,0.26,1.148
0.437,1.698,0.828,1.532,1.556,0.205,0.26,1.149
0.439,1.704,0.831,1.538,1.562,0.206,0.261,1.152
0.441,1.71,0.834,1.543,1.568,0.207,0.262,1.156
0.44,1.705,0.833,1.541,1.567,0.208,0.262,1.157
0.439,1.699,0.83,1.534,1.56,0.207,0.261,1.152
0.44,1.699,0.83,1.534,1.559,0.207,0.261,1.149
0.441,1.702,0.832,1.536,1.562,0.208,0.261,1.15
0.443,1.708,0.836,1.542,1.568,0.209,0.262,1.153
0.445,1.713,0.839,1.547,1.574,0.21,0.263,1.157
0.445,1.709,0.838,1.545,1.573,0.21,0.263,1.158
0.443,1.703,0.834,1.539,1.566,0.21,0.262,1.153
0.444,1.702,0.834,1.537,1.565,0.21,0.262,1.15
0.446,1.705,0.837,1.541,1.568,0.21,0.262,1.151
0.448,1.711,0.84,1.546,1.573,0.211,0.263,1.153
0.45,1.717,0.843,1.552,1.58,0.212,0.264,1.158
0.449,1.712,0.842,1.55,1.579,0.213,0.264,1.159
0.448,1.705,0.839,1.543,1.572,0.212,0.263,1.153
0.449,1.705,0.839,1.541,1.57,0.212,0.263,1.15
0.45,1.708,0.841,1.544,1.573,0.213,0.263,1.151
0.453,1.714,0.845,1.551,1.58,0.214,0.264,1.156
0.453,1.715,0.845,1.551,1.581,0.214,0.264,1.157
0.454,1.715,0.846,1.552,1.582,0.215,0.264,1.157
0.455,1.716,0.847,1.552,1.583,0.215,0.265,1.157
0.455,1.716,0.847,1.553,1.584,0.215,0.265,1.157
0.456,1.717,0.848,1.554,1.585,0.216,0.265,1.157
0.457,1.717,0.849,1.554,1.586,0.216,0.265,1.158
0.458,1.717,0.85,1.555,1.587,0.217,0.265,1.158
0.458,1.718,0.85,1.555,1.587,0.217,0.265,1.158
0.459,1.718,0.851,1.556,1.588,0.217,0.266,1.158
0.46,1.719,0.852,1.556,1.589,0.218,0.266,1.158
0.461,1.719,0.852,1.557,1.589,0.218,0.266,1.158
0.461,1.719,0.853,1.557,1.59,0.219,0.266,1.158
0.462,1.72,0.854,1.558,1.591,0.219,0.266,1.158
0.463,1.72,0.855,1.558,1.592,0.219,0.266,1.158
0.464,1.72,0.855,1.559,1.593,0.22,0.266,1.158
0.464,1.721,0.856,1.56,1.594,0.22,0.267,1.158
0.465,1.721,0.857,1.56,1.594,0.22,0.267,1.158
0.466,1.722,0.857,1.56,1.595,0.221,0.267,1.158
0.467,1.722,0.858,1.561,1.596,0.221,0.267,1.158
0.467,1.722,0.859,1.561,1.597,0.222,0.267,1.158
0.468,1.722,0.859,1.562,1.597,0.222,0.267,1.158
0.469,1.723,0.86,1.562,1.598,0.222,0.267,1.158
0.47,1.723,0.861,1.563,1.599,0.223,0.268,1.158
0.471,1.723,0.862,1.564,1.6,0.223,0.268,1.158
0.471,1.724,0.862,1.564,1.6,0.224,0.268,1.159
0.472,1.724,0.863,1.564,1.601,0.224,0.268,1.158
0.473,1.724,0.864,1.565,1.602,0.224,0.268,1.158
0.473,1.724,0.865,1.565,1.602,0.225,0.269,1.158
0.474,1.724,0.865,1.566,1.603,0.225,0.269,1.158
0.475,1.725,0.866,1.566,1.604,0.225,0.269,1.158
0.476,1.725,0.867,1.567,1.604,0.226,0.269,1.158
0.476,1.725,0.867,1.567,1.605,0.226,0.269,1.158
0.477,1.725,0.868,1.567,1.605,0.226,0.269,1.158
0.478,1.725,0.869,1.568,1.606,0.227,0.269,1.158
0.479,1.725,0.869,1.568,1.607,0.227,0.27,1.158
0.479,1.725,0.87,1.568,1.607,0.227,0.27,1.158
0.48,1.726,0.871,1.569,1.608,0.228,0.27,1.158
0.481,1.726,0.871,1.569,1.608,0.228,0.27,1.157
0.482,1.726,0.872,1.569,1.609,0.228,0.27,1.157
0.483,1.726,0.873,1.57,1.61,0.229,0.27,1.157
0.483,1.726,0.873,1.57,1.61,0.229,0.27,1.157
0.484,1.726,0.874,1.57,1.611,0.229,0.271,1.157
0.485,1.726,0.875,1.571,1.611,0.23,0.271,1.157
0.485,1.726,0.875,1.571,1.612,0.23,0.271,1.156
0.486,1.726,0.876,1.571,1.612,0.231,0.271,1.156
0.487,1.726,0.877,1.572,1.613,0.231,0.271,1.156
0.488,1.726,0.877,1.572,1.613,0.231,0.271,1.156
0.488,1.726,0.878,1.572,1.614,0.231,0.271,1.156
0.489,1.726,0.878,1.573,1.614,0.232,0.271,1.155
0.49,1.726,0.879,1.573,1.615,0.232,0.271,1.155
0.49,1.726,0.88,1.573,1.615,0.233,0.271,1.155
0.491,1.726,0.881,1.573,1.616,0.233,0.272,1.154
0.492,1.726,0.881,1.574,1.616,0.233,0.272,1.154
0.493,1.726,0.882,1.574,1.617,0.233,0.272,1.154
0.493,1.725,0.882,1.574,1.617,0.234,0.272,1.154
0.494,1.725,0.883,1.574,1.617,0.234,0.272,1.154
0.495,1.725,0.884,1.575,1.618,0.234,0.272,1.153
0.496,1.725,0.884,1.575,1.618,0.235,0.272,1.153
0.496,1.725,0.885,1.575,1.619,0.235,0.273,1.153
0.497,1.725,0.886,1.575,1.619,0.235,0.273,1.153
0.498,1.725,0.886,1.576,1.619,0.236,0.273,1.152
0.498,1.725,0.887,1.576,1.62,0.236,0.273,1.152
0.499,1.724,0.888,1.576,1.62,0.236,0.272,1.149
0.499,1.72,0.886,1.573,1.617,0.236,0.273,1.149
0.5,1.72,0.887,1.573,1.618,0.236,0.273,1.149
0.5,1.72,0.887,1.573,1.618,0.237,0.273,1.148
0.501,1.72,0.888,1.573,1.618,0.237,0.273,1.148
0.502,1.72,0.889,1.574,1.618,0.237,0.273,1.148
0.502,1.719,0.889,1.574,1.619,0.237,0.273,1.147
0.503,1.719,0.89,1.574,1.619,0.238,0.273,1.147
0.504,1.719,0.89,1.574,1.619,0.238,0.273,1.146
0.504,1.718,0.891,1.574,1.62,0.238,0.273,1.146
0.505,1.718,0.891,1.575,1.62,0.239,0.274,1.146
0.506,1.718,0.892,1.575,1.62,0.239,0.274,1.145
0.506,1.718,0.893,1.575,1.621,0.239,0.274,1.145
0.507,1.718,0.893,1.575,1.621,0.239,0.274,1.145
0.508,1.717,0.894,1.575,1.621,0.24,0.274,1.144
0.509,1.717,0.895,1.575,1.621,0.24,0.274,1.144
0.509,1.717,0.895,1.576,1.622,0.24,0.274,1.143
0.51,1.716,0.895,1.576,1.622,0.24,0.274,1.143
0.511,1.716,0.896,1.576,1.623,0.241,0.275,1.143
0.511,1.716,0.897,1.576,1.623,0.241,0.275,1.142
0.512,1.715,0.897,1.576,1.623,0.241,0.275,1.142
0.513,1.715,0.898,1.576,1.623,0.241,0.275,1.141
0.513,1.715,0.898,1.576,1.623,0.242,0.275,1.141
0.514,1.714,0.899,1.577,1.624,0.242,0.275,1.14
0.515,1.714,0.9,1.577,1.624,0.242,0.275,1.14
0.515,1.714,0.9,1.577,1.624,0.242,0.275,1.14
0.516,1.713,0.901,1.577,1.624,0.243,0.275,1.139
0.517,1.713,0.901,1.577,1.625,0.243,0.275,1.139
0.517,1.712,0.902,1.577,1.625,0.243,0.275,1.138
0.518,1.712,0.902,1.577,1.625,0.243,0.276,1.138
0.519,1.712,0.903,1.577,1.625,0.244,0.276,1.137
0.519,1.711,0.904,1.578,1.625,0.244,0.276,1.137
0.52,1.711,0.904,1.578,1.626,0.244,0.276,1.136
0.521,1.71,0.905,1.578,1.626,0.244,0.276,1.136
0.521,1.71,0.905,1.578,1.626,0.245,0.276,1.135
0.522,1.71,0.906,1.578,1.626,0.245,0.276,1.135
0.523,1.709,0.906,1.578,1.626,0.245,0.276,1.135
0.523,1.709,0.907,1.578,1.627,0.245,0.276,1.134
0.524,1.708,0.908,1.578,1.627,0.246,0.277,1.134
0.525,1.708,0.908,1.578,1.627,0.246,0.277,1.133
0.525,1.707,0.909,1.579,1.627,0.246,0.277,1.133
0.526,1.707,0.909,1.579,1.628,0.246,0.277,1.132
0.527,1.706,0.91,1.579,1.628,0.246,0.277,1.132
0.527,1.706,0.91,1.579,1.628,0.247,0.277,1.132
0.528,1.705,0.911,1.579,1.628,0.247,0.277,1.131
0.529,1.705,0.912,1.579,1.628,0.247,0.277,1.131
0.529,1.704,0.912,1.579,1.629,0.247,0.278,1.13
0.53,1.704,0.912,1.579,1.629,0.248,0.277,1.13
0.531,1.703,0.913,1.58,1.629,0.248,0.277,1.129
0.531,1.703,0.914,1.58,1.629,0.248,0.277,1.129
0.532,1.702,0.914,1.58,1.629,0.248,0.278,1.129
0.533,1.702,0.915,1.58,1.63,0.248,0.278,1.128
0.533,1.701,0.915,1.58,1.63,0.249,0.278,1.128
0.534,1.701,0.916,1.58,1.63,0.249,0.278,1.127
0.535,1.7,0.917,1.581,1.63,0.249,0.278,1.127
0.535,1.699,0.917,1.581,1.63,0.249,0.278,1.126
0.536,1.699,0.918,1.581,1.63,0.25,0.278,1.126
0.536,1.698,0.918,1.581,1.631,0.25,0.278,1.125
0.537,1.698,0.919,1.581,1.63,0.25,0.278,1.125
0.538,1.697,0.919,1.581,1.631,0.25,0.278,1.125
0.538,1.697,0.92,1.581,1.631,0.25,0.278,1.124
0.539,1.696,0.92,1.581,1.631,0.251,0.278,1.124
0.54,1.696,0.921,1.581,1.631,0.251,0.278,1.123
0.54,1.695,0.921,1.581,1.631,0.251,0.279,1.123
0.541,1.694,0.922,1.582,1.631,0.251,0.279,1.122
0.541,1.694,0.923,1.582,1.631,0.251,0.279,1.122
0.542,1.693,0.923,1.582,1.632,0.251,0.279,1.121
0.543,1.692,0.924,1.581,1.632,0.252,0.279,1.121
0.543,1.691,0.924,1.582,1.632,0.252,0.279,1.121
0.544,1.691,0.925,1.582,1.632,0.252,0.279,1.12
0.545,1.69,0.925,1.582,1.632,0.252,0.279,1.12
0.545,1.689,0.926,1.582,1.632,0.252,0.279,1.119
0.546,1.689,0.926,1.582,1.632,0.253,0.279,1.119
0.546,1.688,0.927,1.582,1.632,0.253,0.28,1.118
0.547,1.687,0.927,1.582,1.632,0.253,0.28,1.118
0.548,1.687,0.928,1.582,1.632,0.253,0.28,1.117
0.548,1.686,0.928,1.582,1.632,0.253,0.28,1.117
0.549,1.685,0.929,1.582,1.632,0.253,0.28,1.116
0.55,1.684,0.929,1.582,1.632,0.253,0.28,1.116
0.55,1.684,0.93,1.582,1.632,0.253,0.28,1.116
0.551,1.683,0.93,1.583,1.632,0.254,0.28,1.115
0.551,1.682,0.931,1.583,1.632,0.254,0.28,1.114
0.552,1.681,0.931,1.583,1.633,0.254,0.28,1.114
0.553,1.68,0.932,1.583,1.632,0.254,0.28,1.113
0.553,1.679,0.932,1.583,1.632,0.254,0.281,1.113
0.554,1.678,0.933,1.582,1.632,0.254,0.28,1.112
0.554,1.677,0.933,1.582,1.632,0.255,0.281,1.112
0.555,1.677,0.934,1.582,1.632,0.255,0.281,1.111
0.555,1.676,0.934,1.583,1.632,0.255,0.281,1.111
0.556,1.675,0.935,1.583,1.632,0.255,0.281,1.11
0.557,1.674,0.935,1.583,1.632,0.255,0.281,1.11
0.557,1.673,0.936,1.583,1.632,0.255,0.281,1.109
0.558,1.672,0.936,1.583,1.632,0.255,0.281,1.109
0.558,1.671,0.937,1.583,1.632,0.256,0.281,1.108
0.559,1.67,0.937,1.583,1.632,0.256,0.281,1.108
0.56,1.67,0.938,1.583,1.632,0.256,0.281,1.107
0.56,1.668,0.938,1.583,1.632,0.256,0.281,1.107
0.561,1.668,0.939,1.583,1.632,0.256,0.281,1.106
0.561,1.667,0.939,1.583,1.632,0.256,0.282,1.106
0.562,1.666,0.94,1.583,1.632,0.256,0.282,1.105
0.563,1.665,0.94,1.583,1.632,0.256,0.282,1.105
0.563,1.664,0.941,1.583,1.632,0.257,0.282,1.104
0.564,1.663,0.941,1.583,1.632,0.257,0.282,1.104
0.564,1.662,0.942,1.583,1.632,0.257,0.282,1.103
0.565,1.661,0.942,1.583,1.632,0.257,0.282,1.103
0.565,1.66,0.943,1.583,1.632,0.257,0.282,1.102
0.566,1.659,0.943,1.583,1.632,0.257,0.282,1.102
0.567,1.658,0.944,1.583,1.632,0.257,0.282,1.101
0.567,1.656,0.944,1.583,1.631,0.257,0.282,1.101
0.568,1.655,0.945,1.583,1.631,0.258,0.282,1.1
0.568,1.654,0.945,1.583,1.631,0.258,0.282,1.1
0.569,1.653,0.946,1.583,1.631,0.258,0.283,1.099
0.57,1.652,0.946,1.582,1.631,0.258,0.283,1.099
0.57,1.651,0.947,1.583,1.631,0.258,0.283,1.098
0.571,1.65,0.947,1.583,1.631,0.258,0.283,1.098
0.572,1.649,0.948,1.583,1.631,0.258,0.283,1.097
0.572,1.648,0.948,1.583,1.631,0.258,0.283,1.097
0.573,1.647,0.949,1.583,1.631,0.258,0.283,1.097
0.573,1.645,0.949,1.583,1.631,0.258,0.283,1.096
0.574,1.644,0.95,1.583,1.631,0.259,0.283,1.096
0.574,1.643,0.95,1.583,1.63,0.259,0.283,1.095
0.575,1.642,0.951,1.583,1.63,0.259,0.284,1.094
0.575,1.641,0.951,1.582,1.631,0.259,0.283,1.094
0.576,1.64,0.952,1.582,1.63,0.259,0.283,1.094
0.577,1.639,0.952,1.583,1.63,0.259,0.285,1.096
0.579,1.641,0.955,1.586,1.634,0.26,0.284,1.095
0.579,1.64,0.955,1.586,1.634,0.26,0.284,1.095
0.58,1.639,0.956,1.586,1.634,0.26,0.284,1.094
0.58,1.638,0.956,1.586,1.634,0.26,0.285,1.094
0.581,1.637,0.957,1.586,1.634,0.26,0.285,1.093
0.581,1.635,0.957,1.586,1.633,0.26,0.285,1.093
0.582,1.635,0.958,1.586,1.633,0.26,0.285,1.092
0.583,1.633,0.958,1.586,1.633,0.26,0.285,1.092
0.583,1.632,0.959,1.586,1.633,0.26,0.285,1.091
0.584,1.631,0.959,1.586,1.633,0.26,0.285,1.091
0.584,1.63,0.96,1.586,1.633,0.261,0.285,1.091
0.585,1.629,0.96,1.586,1.633,0.26,0.285,1.09
0.585,1.627,0.961,1.586,1.633,0.261,0.285,1.089
0.586,1.626,0.961,1.586,1.633,0.261,0.285,1.089
0.586,1.625,0.962,1.586,1.633,0.261,0.285,1.089
0.587,1.624,0.962,1.586,1.632,0.261,0.285,1.088
0.588,1.623,0.963,1.586,1.632,0.261,0.286,1.088
0.588,1.622,0.963,1.586,1.632,0.261,0.286,1.087
0.589,1.62,0.964,1.586,1.632,0.261,0.286,1.087
0.589,1.619,0.964,1.586,1.632,0.261,0.286,1.086
0.59,1.618,0.965,1.586,1.632,0.261,0.286,1.086
0.591,1.617,0.965,1.586,1.632,0.261,0.286,1.085
0.591,1.616,0.966,1.585,1.632,0.261,0.286,1.085
0.592,1.615,0.966,1.585,1.631,0.261,0.286,1.084
0.592,1.614,0.967,1.586,1.631,0.261,0.286,1.084
0.593,1.612,0.967,1.585,1.631,0.262,0.286,1.083
0.593,1.611,0.968,1.585,1.631,0.261,0.286,1.083
0.593,1.608,0.967,1.584,1.629,0.261,0.286,1.081
0.594,1.607,0.968,1.584,1.629,0.261,0.286,1.081
0.594,1.606,0.969,1.583,1.629,0.261,0.286,1.081
0.595,1.605,0.969,1.584,1.629,0.261,0.286,1.08
0.595,1.603,0.969,1.583,1.629,0.262,0.286,1.08
0.596,1.602,0.97,1.583,1.629,0.261,0.287,1.079
0.597,1.6,0.97,1.582,1.628,0.262,0.287,1.079
0.597,1.598,0.97,1.582,1.628,0.262,0.287,1.079
0.598,1.596,0.971,1.581,1.628,0.261,0.287,1.079
0.598,1.592,0.971,1.58,1.628,0.262,0.287,1.08
0.599,1.588,0.971,1.579,1.628,0.262,0.287,1.08
0.599,1.583,0.972,1.577,1.628,0.262,0.287,1.081
0.6,1.577,0.972,1.576,1.628,0.262,0.287,1.082
0.6,1.572,0.972,1.574,1.628,0.262,0.287,1.083
0.601,1.567,0.973,1.572,1.628,0.262,0.287,1.084
0.601,1.562,0.973,1.57,1.628,0.262,0.288,1.084
0.602,1.555,0.973,1.569,1.628,0.261,0.288,1.085
0.602,1.549,0.973,1.567,1.628,0.262,0.288,1.086
0.602,1.542,0.973,1.565,1.627,0.262,0.288,1.086
0.603,1.535,0.974,1.563,1.628,0.262,0.288,1.087
0.603,1.528,0.974,1.562,1.628,0.262,0.288,1.087
0.603,1.521,0.974,1.56,1.628,0.262,0.288,1.088
0.604,1.514,0.974,1.558,1.628,0.262,0.288,1.088
0.604,1.507,0.974,1.556,1.628,0.262,0.288,1.088
0.604,1.5,0.974,1.554,1.628,0.262,0.288,1.088
0.604,1.492,0.975,1.552,1.628,0.262,0.288,1.088
0.605,1.485,0.975,1.551,1.629,0.262,0.288,1.088
0.605,1.479,0.975,1.549,1.629,0.262,0.288,1.088
0.605,1.472,0.975,1.547,1.629,0.262,0.288,1.087
0.605,1.464,0.975,1.545,1.629,0.261,0.288,1.087
0.606,1.457,0.975,1.544,1.63,0.261,0.289,1.086
0.606,1.45,0.975,1.542,1.63,0.261,0.289,1.086
0.606,1.443,0.975,1.54,1.63,0.262,0.288,1.085
0.606,1.436,0.971,1.534,1.626,0.261,0.288,1.082
0.605,1.426,0.973,1.533,1.626,0.261,0.288,1.081
0.605,1.419,0.973,1.532,1.626,0.261,0.288,1.081
0.605,1.413,0.973,1.53,1.626,0.26,0.288,1.08
0.605,1.407,0.973,1.528,1.626,0.26,0.288,1.079
0.605,1.401,0.973,1.526,1.626,0.26,0.288,1.079
0.605,1.394,0.973,1.525,1.626,0.26,0.288,1.078
0.605,1.386,0.973,1.523,1.625,0.26,0.288,1.077
0.605,1.379,0.973,1.521,1.625,0.26,0.288,1.077
0.605,1.372,0.973,1.519,1.625,0.259,0.288,1.076
0.605,1.365,0.973,1.517,1.624,0.26,0.288,1.075
0.605,1.358,0.973,1.515,1.624,0.259,0.288,1.074
0.605,1.351,0.973,1.513,1.623,0.259,0.288,1.073
0.605,1.344,0.973,1.511,1.623,0.259,0.288,1.073
0.605,1.338,0.973,1.509,1.622,0.259,0.288,1.072
0.605,1.332,0.973,1.507,1.622,0.258,0.288,1.071
0.605,1.325,0.973,1.506,1.621,0.258,0.288,1.07
0.605,1.318,0.973,1.504,1.621,0.258,0.288,1.07
0.605,1.311,0.972,1.502,1.62,0.258,0.288,1.069
0.605,1.305,0.973,1.5,1.619,0.257,0.288,1.068
0.605,1.299,0.972,1.498,1.619,0.257,0.288,1.067
0.605,1.292,0.972,1.497,1.618,0.257,0.288,1.066
0.605,1.286,0.972,1.495,1.617,0.257,0.288,1.065
0.605,1.279,0.972,1.493,1.617,0.256,0.288,1.064
0.605,1.273,0.972,1.491,1.616,0.256,0.288,1.063
0.604,1.267,0.972,1.489,1.615,0.256,0.288,1.062
0.604,1.261,0.972,1.487,1.614,0.255,0.288,1.061
0.604,1.255,0.972,1.485,1.614,0.255,0.288,1.06
0.604,1.249,0.972,1.484,1.612,0.255,0.288,1.059
0.604,1.243,0.972,1.482,1.611,0.254,0.288,1.057
0.604,1.237,0.971,1.48,1.611,0.254,0.288,1.056
0.604,1.232,0.971,1.478,1.61,0.254,0.288,1.055
0.604,1.226,0.971,1.476,1.609,0.253,0.288,1.054
0.603,1.221,0.971,1.474,1.608,0.253,0.288,1.053
0.603,1.216,0.971,1.472,1.607,0.253,0.288,1.052
0.603,1.21,0.971,1.47,1.606,0.252,0.288,1.051
0.603,1.204,0.971,1.468,1.605,0.252,0.288,1.05
0.603,1.199,0.971,1.466,1.604,0.252,0.287,1.048
0.603,1.193,0.971,1.464,1.603,0.251,0.288,1.047
0.602,1.187,0.971,1.463,1.602,0.251,0.288,1.046
0.602,1.181,0.97,1.461,1.601,0.25,0.288,1.045
0.602,1.176,0.97,1.459,1.6,0.25,0.288,1.043
0.602,1.17,0.97,1.457,1.599,0.249,0.288,1.042
0.602,1.165,0.97,1.456,1.598,0.249,0.287,1.041
0.601,1.16,0.97,1.454,1.597,0.249,0.287,1.039
0.601,1.154,0.969,1.452,1.596,0.248,0.287,1.038
0.601,1.149,0.969,1.451,1.595,0.248,0.287,1.037
0.601,1.143,0.969,1.449,1.594,0.247,0.287,1.036
0.601,1.138,0.969,1.447,1.593,0.247,0.287,1.034
0.6,1.133,0.969,1.446,1.592,0.246,0.287,1.033
0.6,1.128,0.969,1.444,1.59,0.246,0.287,1.032
0.6,1.124,0.968,1.442,1.589,0.245,0.287,1.031
0.6,1.119,0.968,1.44,1.588,0.245,0.287,1.029
0.599,1.114,0.968,1.439,1.587,0.244,0.287,1.028
0.599,1.109,0.968,1.437,1.586,0.244,0.287,1.027
0.599,1.105,0.968,1.436,1.585,0.243,0.287,1.025
0.598,1.1,0.968,1.434,1.584,0.243,0.287,1.024
0.598,1.095,0.967,1.432,1.583,0.242,0.287,1.023
0.598,1.091,0.967,1.431,1.581,0.242,0.287,1.021
0.598,1.087,0.967,1.429,1.58,0.241,0.287,1.02
0.597,1.082,0.967,1.427,1.579,0.241,0.287,1.019
0.597,1.078,0.967,1.426,1.577,0.24,0.287,1.017
0.597,1.074,0.967,1.424,1.576,0.24,0.287,1.016
0.597,1.071,0.966,1.422,1.575,0.239,0.287,1.018
0.598,1.069,0.968,1.423,1.577,0.239,0.287,1.016
0.597,1.066,0.968,1.422,1.575,0.239,0.287,1.015
0.597,1.061,0.968,1.42,1.574,0.238,0.287,1.013
0.597,1.057,0.968,1.418,1.573,0.238,0.287,1.012
0.597,1.053,0.967,1.416,1.571,0.237,0.287,1.011
0.596,1.049,0.967,1.415,1.57,0.237,0.287,1.01
0.596,1.045,0.967,1.413,1.568,0.236,0.287,1.008
0.596,1.041,0.967,1.411,1.567,0.236,0.287,1.007
0.595,1.038,0.967,1.41,1.566,0.235,0.287,1.005
0.595,1.034,0.967,1.408,1.564,0.235,0.287,1.004
0.595,1.03,0.966,1.406,1.563,0.234,0.287,1.003
0.594,1.027,0.966,1.404,1.561,0.234,0.287,1.002
0.594,1.023,0.966,1.403,1.56,0.233,0.287,1.0
0.594,1.02,0.966,1.401,1.559,0.233,0.287,0.999
0.594,1.016,0.966,1.399,1.557,0.232,0.287,0.998
0.593,1.013,0.966,1.397,1.556,0.231,0.287,0.996
0.593,1.009,0.965,1.395,1.555,0.231,0.287,0.995
0.593,1.006,0.965,1.394,1.554,0.23,0.286,0.993
0.592,1.002,0.965,1.392,1.552,0.23,0.286,0.992
0.592,0.998,0.965,1.391,1.551,0.229,0.286,0.991
0.592,0.995,0.964,1.389,1.55,0.229,0.286,0.989
0.591,0.991,0.964,1.388,1.548,0.228,0.286,0.988
0.591,0.987,0.964,1.386,1.547,0.228,0.286,0.986
0.591,0.984,0.964,1.384,1.545,0.227,0.286,0.985
0.59,0.98,0.964,1.383,1.544,0.227,0.286,0.984
0.59,0.977,0.963,1.382,1.543,0.226,0.286,0.982
0.59,0.974,0.963,1.38,1.541,0.225,0.286,0.981
0.589,0.971,0.963,1.379,1.54,0.225,0.286,0.98
0.589,0.967,0.963,1.377,1.538,0.224,0.286,0.978
0.589,0.964,0.963,1.376,1.537,0.224,0.286,0.977
0.588,0.961,0.962,1.374,1.535,0.223,0.286,0.975
0.588,0.958,0.962,1.373,1.534,0.223,0.286,0.974
0.587,0.955,0.962,1.371,1.532,0.222,0.285,0.972
0.587,0.952,0.962,1.369,1.531,0.221,0.286,0.971
0.587,0.949,0.961,1.368,1.529,0.221,0.285,0.97
0.587,0.946,0.961,1.366,1.528,0.22,0.286,0.968
0.586,0.943,0.961,1.364,1.526,0.22,0.285,0.967
0.586,0.939,0.961,1.363,1.525,0.219,0.285,0.966
0.585,0.936,0.961,1.361,1.523,0.219,0.285,0.964
0.585,0.933,0.96,1.36,1.522,0.218,0.285,0.963
0.585,0.93,0.96,1.358,1.52,0.218,0.285,0.962
0.584,0.927,0.96,1.356,1.519,0.217,0.285,0.96
0.584,0.925,0.96,1.355,1.517,0.216,0.285,0.959
0.583,0.922,0.959,1.353,1.516,0.216,0.285,0.958
0.583,0.919,0.959,1.352,1.514,0.215,0.285,0.957
0.583,0.916,0.959,1.35,1.513,0.215,0.285,0.955
0.582,0.913,0.959,1.349,1.511,0.214,0.285,0.954
0.582,0.91,0.958,1.347,1.509,0.214,0.285,0.953
0.582,0.908,0.958,1.345,1.508,0.213,0.285,0.951
0.581,0.905,0.958,1.344,1.506,0.213,0.285,0.95
0.581,0.902,0.958,1.343,1.505,0.212,0.284,0.949
0.58,0.9,0.958,1.341,1.503,0.211,0.285,0.947
0.58,0.897,0.957,1.339,1.502,0.211,0.284,0.946
0.58,0.894,0.957,1.338,1.5,0.21,0.285,0.945
0.579,0.892,0.957,1.337,1.499,0.21,0.284,0.943
0.579,0.89,0.957,1.335,1.497,0.209,0.284,0.942
0.578,0.887,0.956,1.333,1.495,0.209,0.284,0.941
0.578,0.884,0.956,1.332,1.494,0.208,0.284,0.939
0.578,0.882,0.956,1.33,1.492,0.208,0.284,0.938
0.577,0.879,0.955,1.329,1.491,0.207,0.284,0.937
0.577,0.877,0.955,1.322,1.486,0.206,0.283,0.933
0.575,0.872,0.953,1.323,1.484,0.205,0.283,0.932
0.575,0.87,0.953,1.321,1.482,0.205,0.283,0.93
0.574,0.867,0.952,1.32,1.481,0.204,0.283,0.929
0.574,0.865,0.952,1.319,1.479,0.204,0.283,0.928
0.574,0.863,0.952,1.317,1.478,0.203,0.283,0.927
0.573,0.86,0.952,1.316,1.476,0.203,0.283,0.925
0.573,0.858,0.951,1.314,1.475,0.202,0.283,0.924
0.572,0.856,0.951,1.313,1.473,0.201,0.283,0.923
0.572,0.853,0.951,1.311,1.472,0.201,0.283,0.922
0.571,0.851,0.95,1.31,1.47,0.201,0.283,0.92
0.571,0.849,0.95,1.308,1.469,0.2,0.283,0.919
0.571,0.846,0.95,1.307,1.467,0.199,0.283,0.918
0.57,0.844,0.95,1.306,1.466,0.199,0.283,0.916
0.57,0.842,0.949,1.304,1.464,0.198,0.282,0.915
0.569,0.84,0.949,1.302,1.462,0.198,0.282,0.914
0.569,0.838,0.949,1.301,1.461,0.197,0.282,0.912
0.568,0.835,0.949,1.299,1.459,0.197,0.282,0.911
0.568,0.833,0.948,1.298,1.458,0.196,0.282,0.91
0.568,0.831,0.948,1.296,1.456,0.196,0.282,0.908
0.567,0.829,0.948,1.295,1.455,0.195,0.282,0.907
0.567,0.827,0.947,1.293,1.453,0.195,0.282,0.906
0.566,0.825,0.947,1.292,1.452,0.194,0.282,0.905
0.566,0.822,0.947,1.29,1.45,0.194,0.282,0.903
0.565,0.82,0.946,1.289,1.448,0.193,0.282,0.902
0.565,0.818,0.946,1.287,1.447,0.192,0.282,0.901
0.564,0.815,0.946,1.286,1.445,0.192,0.282,0.899
0.564,0.813,0.946,1.285,1.444,0.191,0.281,0.898
0.564,0.811,0.945,1.283,1.442,0.191,0.281,0.897
0.563,0.809,0.945,1.282,1.441,0.19,0.281,0.896
0.563,0.807,0.945,1.281,1.439,0.19,0.281,0.894
0.562,0.805,0.944,1.279,1.438,0.189,0.281,0.893
0.562,0.803,0.944,1.278,1.436,0.189,0.281,0.892
0.561,0.801,0.944,1.277,1.435,0.188,0.281,0.89
0.561,0.799,0.943,1.276,1.433,0.188,0.281,0.889
0.561,0.797,0.943,1.274,1.432,0.187,0.281,0.888
0.56,0.795,0.943,1.273,1.43,0.187,0.281,0.887
0.56,0.793,0.943,1.272,1.429,0.186,0.281,0.885
0.559,0.791,0.942,1.271,1.427,0.186,0.281,0.884
0.559,0.79,0.942,1.269,1.426,0.185,0.281,0.883
0.558,0.788,0.942,1.268,1.424,0.185,0.28,0.881
0.558,0.786,0.941,1.267,1.423,0.184,0.28,0.88
0.557,0.784,0.941,1.266,1.421,0.184,0.28,0.879
0.557,0.782,0.941,1.264,1.42,0.183,0.28,0.878
0.556,0.78,0.94,1.264,1.418,0.183,0.28,0.876
0.556,0.778,0.94,1.262,1.417,0.182,0.28,0.875
0.556,0.777,0.94,1.261,1.415,0.182,0.28,0.874
0.555,0.775,0.94,1.26,1.414,0.181,0.28,0.873
0.555,0.773,0.939,1.259,1.412,0.181,0.28,0.872
0.554,0.771,0.939,1.257,1.411,0.18,0.28,0.87
0.554,0.769,0.939,1.256,1.409,0.18,0.28,0.869
0.553,0.767,0.938,1.255,1.408,0.179,0.28,0.868
0.553,0.765,0.938,1.254,1.406,0.179,0.28,0.867
0.552,0.764,0.938,1.252,1.405,0.178,0.28,0.866
0.552,0.762,0.938,1.251,1.404,0.178,0.279,0.864
0.552,0.76,0.937,1.25,1.402,0.178,0.279,0.863
0.551,0.758,0.937,1.249,1.401,0.177,0.279,0.862
0.551,0.757,0.937,1.247,1.399,0.177,0.279,0.861
0.55,0.755,0.936,1.246,1.398,0.176,0.279,0.86
0.55,0.753,0.936,1.244,1.396,0.176,0.279,0.859
0.549,0.751,0.936,1.243,1.395,0.175,0.279,0.858
0.549,0.749,0.935,1.242,1.394,0.175,0.279,0.856
0.548,0.747,0.935,1.24,1.392,0.174,0.279,0.855
0.548,0.746,0.935,1.239,1.391,0.174,0.279,0.856
0.549,0.746,0.937,1.241,1.394,0.174,0.28,0.856
0.546,0.742,0.933,1.236,1.388,0.173,0.279,0.853
0.545,0.739,0.931,1.231,1.382,0.172,0.278,0.849
0.547,0.74,0.934,1.233,1.384,0.172,0.278,0.848
0.549,0.742,0.938,1.238,1.389,0.172,0.279,0.851
0.548,0.74,0.937,1.237,1.389,0.172,0.28,0.852
0.546,0.737,0.935,1.233,1.385,0.171,0.279,0.85
0.544,0.733,0.932,1.228,1.379,0.17,0.278,0.846
0.542,0.73,0.929,1.223,1.374,0.169,0.277,0.842
0.545,0.732,0.932,1.226,1.376,0.169,0.278,0.842
0.546,0.733,0.936,1.23,1.381,0.17,0.279,0.845
0.545,0.731,0.935,1.229,1.381,0.17,0.279,0.846
0.544,0.728,0.934,1.226,1.378,0.169,0.279,0.843
0.541,0.724,0.93,1.22,1.372,0.168,0.278,0.84
0.54,0.721,0.927,1.215,1.366,0.167,0.277,0.836
0.542,0.722,0.93,1.218,1.368,0.167,0.277,0.836
0.543,0.724,0.934,1.222,1.374,0.167,0.278,0.839
0.543,0.722,0.934,1.222,1.373,0.167,0.279,0.839
0.541,0.719,0.932,1.219,1.37,0.166,0.279,0.837
0.539,0.715,0.928,1.213,1.364,0.165,0.277,0.834
0.537,0.712,0.926,1.209,1.358,0.164,0.276,0.83
0.539,0.714,0.929,1.211,1.36,0.164,0.277,0.829
0.541,0.715,0.932,1.216,1.365,0.165,0.278,0.832
0.54,0.713,0.932,1.215,1.365,0.164,0.278,0.833
0.539,0.711,0.93,1.212,1.362,0.164,0.278,0.831
0.536,0.706,0.926,1.207,1.357,0.163,0.277,0.827
0.535,0.703,0.924,1.202,1.351,0.162,0.276,0.823
0.536,0.705,0.927,1.205,1.353,0.162,0.276,0.823
0.538,0.706,0.93,1.209,1.358,0.162,0.278,0.826
0.537,0.705,0.93,1.209,1.358,0.162,0.278,0.826
0.536,0.703,0.928,1.206,1.355,0.162,0.278,0.824
0.534,0.699,0.925,1.201,1.349,0.161,0.277,0.821
0.532,0.696,0.922,1.196,1.343,0.16,0.276,0.817
0.534,0.698,0.925,1.198,1.345,0.16,0.276,0.816
0.535,0.699,0.928,1.203,1.35,0.16,0.277,0.819
0.535,0.698,0.929,1.202,1.351,0.16,0.278,0.82
0.533,0.695,0.927,1.199,1.348,0.159,0.277,0.818
0.531,0.692,0.923,1.194,1.342,0.158,0.276,0.815
0.529,0.689,0.92,1.189,1.336,0.157,0.275,0.811
0.531,0.69,0.923,1.192,1.337,0.157,0.276,0.81
0.533,0.692,0.927,1.196,1.343,0.158,0.277,0.813
0.532,0.69,0.927,1.196,1.343,0.157,0.277,0.814
0.531,0.688,0.925,1.193,1.34,0.157,0.277,0.813
0.528,0.684,0.921,1.188,1.335,0.156,0.276,0.809
0.527,0.681,0.919,1.183,1.329,0.155,0.275,0.805
0.528,0.683,0.921,1.185,1.33,0.155,0.275,0.804
0.53,0.685,0.925,1.189,1.335,0.156,0.277,0.807
0.53,0.683,0.925,1.189,1.336,0.155,0.277,0.808
0.528,0.681,0.924,1.186,1.333,0.155,0.277,0.806
0.526,0.677,0.92,1.181,1.328,0.154,0.275,0.804
0.524,0.675,0.917,1.176,1.322,0.153,0.275,0.8
0.526,0.676,0.919,1.177,1.323,0.153,0.275,0.799
0.528,0.678,0.923,1.182,1.328,0.153,0.276,0.802
0.527,0.677,0.924,1.182,1.329,0.153,0.276,0.803
0.526,0.674,0.922,1.179,1.326,0.153,0.276,0.801
0.523,0.671,0.918,1.175,1.321,0.152,0.275,0.798
0.522,0.668,0.916,1.169,1.315,0.151,0.274,0.794
0.523,0.669,0.917,1.171,1.315,0.151,0.274,0.793
0.525,0.671,0.921,1.176,1.321,0.151,0.276,0.796
0.525,0.67,0.922,1.175,1.321,0.151,0.276,0.797
0.523,0.668,0.92,1.172,1.313,0.15,0.275,0.792
0.521,0.665,0.917,1.168,1.312,0.15,0.275,0.791
0.521,0.663,0.916,1.167,1.311,0.15,0.275,0.79
0.521,0.662,0.916,1.166,1.31,0.149,0.274,0.789
0.52,0.661,0.916,1.165,1.309,0.149,0.275,0.788
0.52,0.66,0.915,1.164,1.308,0.149,0.274,0.787
0.519,0.659,0.915,1.163,1.307,0.148,0.274,0.787
0.519,0.658,0.915,1.162,1.305,0.148,0.274,0.786
0.519,0.656,0.915,1.161,1.304,0.148,0.274,0.785
0.518,0.655,0.914,1.16,1.303,0.147,0.274,0.784
0.518,0.654,0.914,1.159,1.302,0.147,0.274,0.783
0.517,0.653,0.914,1.158,1.3,0.147,0.274,0.782
0.517,0.652,0.913,1.157,1.299,0.146,0.274,0.781
0.516,0.651,0.913,1.156,1.298,0.146,0.274,0.78
0.516,0.65,0.913,1.155,1.297,0.146,0.274,0.779
0.516,0.649,0.912,1.154,1.296,0.145,0.274,0.778
0.515,0.648,0.912,1.153,1.295,0.145,0.274,0.777
0.515,0.647,0.912,1.152,1.294,0.145,0.274,0.776
0.514,0.646,0.911,1.151,1.293,0.144,0.274,0.775
0.514,0.645,0.911,1.15,1.291,0.144,0.274,0.774
0.514,0.644,0.911,1.149,1.29,0.144,0.273,0.774
0.513,0.643,0.91,1.148,1.289,0.143,0.273,0.773
0.513,0.642,0.91,1.147,1.288,0.143,0.273,0.772
0.512,0.641,0.91,1.146,1.287,0.143,0.273,0.771
0.512,0.64,0.91,1.146,1.286,0.143,0.273,0.77
0.512,0.639,0.91,1.145,1.285,0.142,0.273,0.77
0.511,0.638,0.909,1.144,1.284,0.142,0.273,0.769
0.511,0.638,0.909,1.143,1.283,0.142,0.273,0.768
0.51,0.637,0.909,1.142,1.282,0.142,0.273,0.767
0.51,0.635,0.908,1.141,1.28,0.141,0.273,0.766
0.51,0.634,0.908,1.14,1.279,0.141,0.273,0.765
0.509,0.633,0.908,1.139,1.278,0.14,0.273,0.764
0.509,0.632,0.907,1.138,1.277,0.14,0.273,0.764
0.509,0.631,0.907,1.137,1.276,0.14,0.273,0.763
0.508,0.63,0.907,1.136,1.275,0.14,0.273,0.762
0.508,0.63,0.907,1.135,1.274,0.139,0.273,0.761
0.507,0.629,0.906,1.134,1.273,0.139,0.273,0.76
0.507,0.628,0.906,1.134,1.272,0.139,0.272,0.759
0.506,0.627,0.906,1.133,1.271,0.139,0.272,0.758
0.506,0.626,0.905,1.132,1.27,0.138,0.272,0.758
0.506,0.625,0.905,1.131,1.269,0.138,0.272,0.757
0.505,0.624,0.905,1.13,1.267,0.138,0.272,0.756
0.505,0.623,0.905,1.129,1.266,0.138,0.272,0.755
0.504,0.623,0.904,1.128,1.265,0.137,0.272,0.754
0.504,0.622,0.904,1.127,1.264,0.137,0.272,0.754
0.504,0.621,0.904,1.126,1.263,0.137,0.272,0.753
0.503,0.62,0.903,1.126,1.262,0.136,0.272,0.752
0.503,0.619,0.903,1.125,1.261,0.136,0.272,0.751
0.502,0.619,0.903,1.124,1.26,0.136,0.272,0.75
0.502,0.618,0.902,1.123,1.259,0.135,0.272,0.749
0.502,0.617,0.902,1.122,1.258,0.135,0.272,0.749
0.501,0.616,0.902,1.121,1.257,0.135,0.272,0.748
0.501,0.616,0.901,1.12,1.256,0.135,0.271,0.747
0.5,0.615,0.901,1.119,1.255,0.134,0.271,0.746
0.5,0.614,0.901,1.118,1.253,0.134,0.271,0.745
0.5,0.613,0.901,1.118,1.253,0.134,0.271,0.744
0.499,0.612,0.9,1.117,1.252,0.134,0.271,0.743
0.499,0.611,0.9,1.116,1.251,0.133,0.271,0.743
0.499,0.611,0.9,1.115,1.25,0.133,0.271,0.742
0.498,0.61,0.9,1.114,1.248,0.133,0.271,0.741
0.498,0.609,0.899,1.114,1.247,0.133,0.271,0.74
0.497,0.608,0.899,1.113,1.246,0.132,0.271,0.74
0.497,0.608,0.899,1.112,1.245,0.132,0.271,0.739
0.497,0.607,0.898,1.111,1.245,0.132,0.271,0.74
0.497,0.607,0.9,1.113,1.246,0.132,0.271,0.739
0.497,0.607,0.9,1.112,1.245,0.132,0.271,0.738
0.497,0.606,0.9,1.111,1.244,0.132,0.271,0.737
0.496,0.605,0.899,1.11,1.243,0.131,0.271,0.736
0.496,0.605,0.899,1.109,1.242,0.131,0.271,0.735
0.496,0.604,0.899,1.108,1.241,0.131,0.271,0.735
0.495,0.603,0.898,1.107,1.24,0.131,0.271,0.734
0.495,0.603,0.898,1.106,1.239,0.13,0.271,0.733
0.494,0.602,0.898,1.106,1.238,0.13,0.271,0.733
0.494,0.601,0.897,1.105,1.237,0.13,0.271,0.732
0.494,0.601,0.897,1.103,1.236,0.13,0.271,0.731
0.493,0.6,0.897,1.103,1.235,0.129,0.27,0.73
0.493,0.599,0.897,1.102,1.234,0.129,0.271,0.73
0.493,0.599,0.896,1.101,1.233,0.129,0.27,0.729
0.492,0.598,0.896,1.1,1.232,0.129,0.27,0.729
0.492,0.597,0.896,1.099,1.231,0.128,0.27,0.728
0.491,0.596,0.895,1.098,1.23,0.128,0.27,0.727
0.491,0.595,0.895,1.098,1.229,0.128,0.27,0.726
0.491,0.595,0.895,1.097,1.228,0.128,0.27,0.726
0.49,0.594,0.895,1.096,1.227,0.127,0.27,0.725
0.49,0.593,0.894,1.095,1.226,0.127,0.27,0.724
0.49,0.593,0.894,1.095,1.225,0.127,0.27,0.724
0.489,0.592,0.894,1.094,1.224,0.127,0.27,0.723
0.489,0.591,0.894,1.093,1.223,0.127,0.27,0.722
0.489,0.591,0.893,1.092,1.222,0.126,0.27,0.721
0.488,0.59,0.893,1.091,1.221,0.126,0.27,0.721
0.488,0.589,0.893,1.091,1.22,0.126,0.27,0.72
0.488,0.588,0.892,1.09,1.22,0.126,0.27,0.719
0.487,0.587,0.892,1.089,1.219,0.126,0.27,0.719
0.487,0.586,0.892,1.088,1.218,0.125,0.27,0.718
0.487,0.586,0.892,1.087,1.217,0.125,0.27,0.717
0.486,0.585,0.891,1.086,1.216,0.125,0.269,0.716
0.486,0.584,0.891,1.086,1.215,0.125,0.27,0.716
0.485,0.584,0.891,1.085,1.214,0.124,0.269,0.715
0.485,0.583,0.891,1.084,1.213,0.124,0.269,0.714
0.485,0.583,0.89,1.083,1.212,0.124,0.269,0.714
0.484,0.582,0.89,1.082,1.211,0.124,0.269,0.713
0.484,0.581,0.89,1.082,1.21,0.124,0.269,0.712
0.484,0.581,0.889,1.081,1.209,0.123,0.269,0.712
0.484,0.58,0.889,1.08,1.208,0.123,0.269,0.711
0.483,0.579,0.889,1.079,1.208,0.123,0.269,0.71
0.483,0.579,0.889,1.078,1.206,0.123,0.269,0.71
0.482,0.578,0.888,1.077,1.206,0.123,0.269,0.709
0.482,0.577,0.888,1.077,1.205,0.123,0.269,0.708
0.482,0.577,0.888,1.075,1.204,0.122,0.269,0.708
0.481,0.576,0.887,1.075,1.203,0.122,0.269,0.707
0.481,0.576,0.887,1.074,1.202,0.122,0.269,0.706
0.481,0.575,0.887,1.073,1.201,0.122,0.269,0.706
0.48,0.574,0.887,1.072,1.2,0.122,0.269,0.705
0.48,0.574,0.886,1.072,1.199,0.121,0.269,0.704
0.479,0.573,0.886,1.071,1.198,0.121,0.269,0.704
0.479,0.573,0.886,1.07,1.198,0.121,0.269,0.703
0.479,0.572,0.885,1.069,1.197,0.121,0.269,0.702
0.479,0.572,0.885,1.068,1.196,0.121,0.268,0.702
0.478,0.571,0.885,1.067,1.195,0.12,0.268,0.701
0.478,0.571,0.885,1.067,1.194,0.12,0.268,0.7
0.478,0.57,0.884,1.066,1.193,0.12,0.268,0.7
0.477,0.57,0.884,1.065,1.193,0.12,0.268,0.699
0.477,0.569,0.884,1.064,1.192,0.12,0.268,0.699
0.477,0.568,0.883,1.064,1.191,0.12,0.268,0.698
0.476,0.568,0.883,1.063,1.19,0.119,0.268,0.697
0.476,0.567,0.883,1.062,1.189,0.119,0.268,0.697
0.476,0.567,0.883,1.061,1.188,0.119,0.268,0.696
0.475,0.566,0.882,1.061,1.187,0.119,0.268,0.695
0.475,0.565,0.882,1.06,1.186,0.119,0.268,0.695
0.475,0.565,0.882,1.059,1.186,0.118,0.268,0.694
0.474,0.564,0.882,1.058,1.185,0.118,0.268,0.693
0.474,0.564,0.881,1.058,1.184,0.118,0.268,0.693
0.474,0.563,0.881,1.057,1.183,0.118,0.268,0.692
0.473,0.563,0.881,1.056,1.182,0.118,0.268,0.692
0.473,0.562,0.881,1.056,1.181,0.118,0.268,0.691
0.473,0.561,0.88,1.055,1.18,0.117,0.268,0.69
0.472,0.561,0.88,1.054,1.18,0.117,0.267,0.69
0.472,0.56,0.88,1.053,1.179,0.117,0.268,0.689
0.472,0.56,0.879,1.052,1.178,0.117,0.267,0.688
0.471,0.559,0.879,1.051,1.177,0.117,0.267,0.688
0.471,0.559,0.879,1.051,1.176,0.117,0.268,0.687
0.471,0.558,0.879,1.05,1.175,0.116,0.267,0.687
0.47,0.558,0.878,1.049,1.175,0.116,0.267,0.686
0.47,0.558,0.878,1.049,1.174,0.116,0.267,0.685
0.47,0.557,0.878,1.048,1.173,0.116,0.267,0.685
0.469,0.557,0.878,1.047,1.172,0.116,0.267,0.684
0.469,0.556,0.877,1.046,1.171,0.116,0.267,0.683
0.469,0.556,0.877,1.046,1.17,0.115,0.267,0.683
0.468,0.555,0.877,1.045,1.17,0.115,0.267,0.682
0.468,0.554,0.877,1.044,1.169,0.115,0.267,0.681
0.468,0.554,0.876,1.044,1.168,0.115,0.267,0.681
0.467,0.554,0.876,1.043,1.167,0.115,0.267,0.68
0.467,0.553,0.876,1.042,1.166,0.115,0.267,0.68
0.467,0.553,0.876,1.041,1.165,0.115,0.267,0.679
0.466,0.552,0.875,1.041,1.165,0.114,0.267,0.678
0.466,0.551,0.875,1.04,1.164,0.114,0.267,0.678
0.466,0.551,0.874,1.039,1.163,0.114,0.267,0.678
0.466,0.55,0.874,1.038,1.162,0.114,0.266,0.677
0.465,0.55,0.874,1.037,1.161,0.114,0.266,0.676
0.465,0.549,0.874,1.037,1.16,0.114,0.266,0.676
0.464,0.549,0.874,1.036,1.16,0.113,0.266,0.675
0.464,0.548,0.873,1.035,1.159,0.113,0.266,0.674
0.464,0.548,0.873,1.035,1.158,0.113,0.266,0.674
0.464,0.547,0.873,1.034,1.157,0.113,0.266,0.673
0.463,0.547,0.872,1.033,1.156,0.113,0.266,0.673
0.463,0.546,0.872,1.032,1.156,0.113,0.266,0.672
0.463,0.546,0.872,1.032,1.155,0.112,0.266,0.671
0.462,0.545,0.872,1.031,1.154,0.112,0.266,0.671
0.462,0.545,0.871,1.03,1.153,0.112,0.266,0.67
0.462,0.544,0.871,1.029,1.153,0.112,0.266,0.67
0.461,0.544,0.871,1.029,1.152,0.112,0.266,0.669
0.461,0.543,0.871,1.028,1.151,0.112,0.266,0.669
0.461,0.543,0.87,1.027,1.15,0.111,0.266,0.668
0.46,0.542,0.87,1.027,1.15,0.111,0.266,0.668
0.46,0.542,0.87,1.026,1.149,0.111,0.266,0.667
0.46,0.541,0.87,1.026,1.148,0.111,0.266,0.666
0.459,0.54,0.869,1.025,1.147,0.111,0.265,0.666
0.459,0.54,0.869,1.024,1.147,0.111,0.265,0.665
0.459,0.54,0.869,1.024,1.146,0.111,0.265,0.665
0.459,0.539,0.869,1.023,1.145,0.111,0.265,0.664
0.458,0.539,0.868,1.023,1.144,0.11,0.265,0.664
0.458,0.539,0.868,1.022,1.144,0.11,0.265,0.663
0.458,0.538,0.868,1.021,1.143,0.11,0.265,0.662
0.457,0.538,0.868,1.021,1.142,0.11,0.265,0.662
0.457,0.537,0.867,1.02,1.141,0.11,0.265,0.661
0.457,0.537,0.867,1.019,1.141,0.11,0.265,0.661
0.456,0.537,0.867,1.019,1.14,0.109,0.265,0.66
0.456,0.536,0.867,1.018,1.139,0.109,0.265,0.659
0.456,0.536,0.866,1.017,1.138,0.109,0.265,0.659
0.456,0.535,0.866,1.017,1.138,0.109,0.265,0.658
0.455,0.535,0.866,1.016,1.137,0.109,0.265,0.658
0.455,0.534,0.865,1.015,1.136,0.109,0.265,0.657
0.455,0.534,0.865,1.015,1.135,0.109,0.265,0.657
0.454,0.533,0.865,1.014,1.135,0.109,0.265,0.656
0.454,0.533,0.865,1.014,1.134,0.108,0.265,0.656
0.454,0.532,0.864,1.013,1.133,0.108,0.265,0.655
0.453,0.532,0.864,1.012,1.132,0.108,0.265,0.655
0.453,0.531,0.864,1.012,1.132,0.108,0.264,0.654
0.453,0.531,0.864,1.011,1.131,0.108,0.265,0.654
0.453,0.53,0.864,1.011,1.13,0.108,0.264,0.653
0.452,0.53,0.863,1.01,1.13,0.108,0.264,0.653
0.452,0.529,0.863,1.009,1.129,0.108,0.264,0.652
0.452,0.529,0.863,1.009,1.128,0.108,0.264,0.652
0.451,0.528,0.862,1.008,1.128,0.107,0.264,0.651
0.451,0.528,0.862,1.008,1.127,0.107,0.264,0.651
0.451,0.527,0.862,1.007,1.126,0.107,0.264,0.65
0.451,0.527,0.862,1.006,1.125,0.107,0.264,0.65
0.45,0.527,0.861,1.006,1.125,0.107,0.264,0.649
0.45,0.526,0.861,1.005,1.124,0.107,0.264,0.649
0.45,0.526,0.861,1.005,1.123,0.107,0.264,0.648
0.449,0.525,0.861,1.004,1.123,0.106,0.264,0.648
0.449,0.525,0.86,1.004,1.122,0.106,0.264,0.647
0.449,0.524,0.86,1.003,1.121,0.106,0.264,0.646
0.449,0.524,0.86,1.003,1.12,0.106,0.264,0.646
0.448,0.524,0.86,1.002,1.12,0.106,0.264,0.645
0.448,0.523,0.859,1.002,1.119,0.106,0.264,0.645
0.448,0.523,0.859,1.001,1.119,0.106,0.264,0.644
0.447,0.522,0.859,1.0,1.118,0.106,0.264,0.644
0.447,0.522,0.859,1.0,1.117,0.105,0.264,0.643
0.447,0.522,0.858,0.999,1.116,0.105,0.264,0.643
0.447,0.521,0.858,0.998,1.116,0.105,0.264,0.642
0.446,0.521,0.858,0.998,1.115,0.105,0.263,0.642
0.446,0.521,0.858,0.997,1.114,0.105,0.263,0.641
0.446,0.52,0.857,0.997,1.114,0.105,0.263,0.641
0.446,0.52,0.857,0.996,1.113,0.105,0.263,0.64
0.445,0.519,0.857,0.995,1.112,0.105,0.263,0.64
0.445,0.519,0.857,0.995,1.112,0.105,0.263,0.639
0.445,0.518,0.856,0.994,1.111,0.104,0.263,0.639
0.445,0.518,0.856,0.994,1.11,0.104,0.263,0.638
0.444,0.518,0.856,0.993,1.109,0.104,0.263,0.638
0.444,0.517,0.856,0.993,1.109,0.104,0.263,0.637
0.444,0.517,0.855,0.992,1.108,0.104,0.263,0.637
0.443,0.517,0.855,0.991,1.108,0.104,0.263,0.636
0.443,0.516,0.855,0.991,1.107,0.104,0.263,0.636
0.443,0.516,0.855,0.99,1.106,0.104,0.263,0.635
0.443,0.516,0.854,0.989,1.105,0.103,0.263,0.635
0.442,0.515,0.854,0.989,1.105,0.103,0.263,0.634
0.442,0.515,0.854,0.988,1.104,0.103,0.263,0.634
0.442,0.515,0.853,0.987,1.103,0.103,0.263,0.633
0.441,0.514,0.853,0.987,1.103,0.103,0.263,0.633
0.441,0.514,0.853,0.986,1.102,0.103,0.262,0.632
0.441,0.514,0.853,0.985,1.101,0.103,0.262,0.632
0.441,0.514,0.853,0.985,1.101,0.103,0.262,0.631
0.44,0.513,0.852,0.984,1.1,0.103,0.263,0.631
0.44,0.513,0.852,0.984,1.099,0.102,0.262,0.63
0.44,0.513,0.852,0.983,1.099,0.102,0.262,0.63
0.44,0.513,0.852,0.982,1.098,0.102,0.262,0.629
0.439,0.512,0.851,0.982,1.098,0.102,0.262,0.629
0.439,0.512,0.851,0.981,1.097,0.102,0.262,0.628
0.439,0.512,0.851,0.98,1.096,0.102,0.262,0.628
0.439,0.511,0.851,0.98,1.095,0.102,0.262,0.627
0.438,0.511,0.85,0.979,1.095,0.102,0.262,0.627
0.438,0.511,0.85,0.978,1.094,0.102,0.262,0.626
0.438,0.511,0.85,0.978,1.094,0.102,0.262,0.626
0.438,0.51,0.85,0.977,1.093,0.101,0.262,0.625
0.437,0.51,0.849,0.977,1.092,0.101,0.262,0.625
0.437,0.51,0.849,0.976,1.092,0.101,0.262,0.624
0.437,0.509,0.849,0.976,1.091,0.101,0.262,0.624
0.436,0.509,0.849,0.975,1.09,0.101,0.262,0.623
0.436,0.509,0.848,0.974,1.09,0.101,0.262,0.623
0.436,0.508,0.848,0.974,1.089,0.101,0.262,0.623
0.436,0.508,0.848,0.973,1.088,0.101,0.262,0.622
0.435,0.508,0.848,0.973,1.088,0.101,0.262,0.622
0.435,0.507,0.847,0.972,1.087,0.101,0.261,0.621
0.435,0.507,0.847,0.971,1.086,0.1,0.262,0.621
0.434,0.507,0.847,0.971,1.086,0.1,0.261,0.62
0.434,0.507,0.847,0.97,1.085,0.1,0.261,0.62
0.434,0.506,0.847,0.97,1.085,0.1,0.261,0.619
0.434,0.506,0.846,0.969,1.084,0.1,0.261,0.619
0.434,0.506,0.846,0.968,1.083,0.1,0.261,0.619
0.433,0.505,0.846,0.968,1.082,0.1,0.261,0.618
0.433,0.505,0.846,0.967,1.082,0.1,0.261,0.618
0.433,0.505,0.845,0.967,1.081,0.1,0.261,0.617
0.433,0.505,0.845,0.966,1.081,0.1,0.261,0.617
0.432,0.504,0.845,0.965,1.08,0.099,0.261,0.616
0.432,0.504,0.845,0.965,1.079,0.099,0.261,0.616
0.432,0.504,0.845,0.964,1.079,0.099,0.261,0.615
0.431,0.503,0.844,0.964,1.078,0.099,0.261,0.615
0.431,0.503,0.844,0.963,1.077,0.099,0.261,0.615
0.431,0.502,0.844,0.962,1.077,0.099,0.261,0.614
0.431,0.502,0.843,0.962,1.076,0.099,0.261,0.614
0.43,0.502,0.843,0.961,1.075,0.099,0.261,0.614
0.43,0.501,0.843,0.96,1.075,0.099,0.261,0.613
0.43,0.501,0.843,0.96,1.074,0.099,0.261,0.613
0.43,0.501,0.842,0.959,1.074,0.099,0.261,0.612
0.429,0.5,0.842,0.959,1.073,0.098,0.261,0.612
0.429,0.5,0.842,0.958,1.072,0.098,0.261,0.612
0.429,0.5,0.842,0.958,1.072,0.098,0.261,0.611
0.429,0.499,0.842,0.957,1.071,0.098,0.261,0.611
0.428,0.499,0.841,0.957,1.071,0.098,0.26,0.61
0.428,0.499,0.841,0.956,1.07,0.098,0.261,0.61
0.428,0.499,0.841,0.956,1.07,0.098,0.26,0.609
0.428,0.498,0.841,0.955,1.069,0.098,0.26,0.609
0.428,0.498,0.84,0.955,1.068,0.098,0.26,0.608
0.427,0.498,0.84,0.954,1.068,0.098,0.26,0.608
0.427,0.497,0.84,0.954,1.067,0.097,0.26,0.607
0.427,0.497,0.84,0.953,1.066,0.097,0.26,0.607
0.426,0.497,0.84,0.952,1.066,0.097,0.26,0.607
0.426,0.497,0.839,0.952,1.065,0.097,0.26,0.606
0.426,0.496,0.839,0.951,1.065,0.097,0.26,0.606
0.426,0.496,0.839,0.951,1.064,0.097,0.26,0.605
0.425,0.496,0.839,0.95,1.063,0.097,0.26,0.605
0.425,0.496,0.838,0.95,1.063,0.097,0.26,0.605
0.425,0.495,0.838,0.949,1.063,0.097,0.26,0.604
0.425,0.495,0.838,0.949,1.062,0.097,0.26,0.604
0.425,0.495,0.838,0.948,1.061,0.097,0.26,0.603
0.424,0.495,0.837,0.948,1.061,0.096,0.26,0.603
0.424,0.494,0.837,0.947,1.06,0.096,0.26,0.603
0.424,0.494,0.837,0.947,1.059,0.096,0.26,0.602
0.423,0.494,0.837,0.946,1.059,0.096,0.26,0.602
0.423,0.493,0.836,0.945,1.058,0.096,0.26,0.601
0.423,0.493,0.836,0.945,1.058,0.096,0.26,0.601
0.423,0.493,0.836,0.944,1.057,0.096,0.26,0.6
0.422,0.493,0.836,0.944,1.057,0.096,0.259,0.6
0.422,0.492,0.835,0.943,1.056,0.096,0.259,0.6
0.422,0.492,0.835,0.943,1.056,0.096,0.26,0.599
0.422,0.492,0.835,0.942,1.055,0.096,0.259,0.599
0.422,0.491,0.835,0.942,1.054,0.096,0.259,0.599
0.421,0.491,0.834,0.941,1.054,0.096,0.259,0.598
0.421,0.491,0.834,0.94,1.053,0.095,0.259,0.598
0.421,0.49,0.834,0.94,1.053,0.095,0.259,0.597
0.42,0.49,0.834,0.939,1.052,0.095,0.259,0.597
0.42,0.49,0.833,0.939,1.052,0.095,0.259,0.596
0.42,0.489,0.833,0.938,1.051,0.095,0.259,0.596
0.42,0.489,0.833,0.938,1.051,0.095,0.259,0.596
0.42,0.489,0.833,0.937,1.05,0.095,0.259,0.595
0.419,0.488,0.832,0.936,1.049,0.095,0.259,0.595
0.419,0.488,0.832,0.936,1.049,0.095,0.259,0.595
0.419,0.488,0.832,0.935,1.048,0.095,0.259,0.594
0.419,0.487,0.832,0.935,1.047,0.094,0.259,0.594
0.418,0.487,0.831,0.934,1.047,0.095,0.259,0.593
0.418,0.487,0.831,0.934,1.046,0.094,0.259,0.593
0.418,0.486,0.831,0.933,1.046,0.094,0.259,0.593
0.418,0.486,0.831,0.933,1.045,0.094,0.259,0.592
0.418,0.486,0.83,0.932,1.045,0.094,0.259,0.592
0.417,0.486,0.83,0.932,1.044,0.094,0.259,0.592
0.417,0.485,0.83,0.931,1.044,0.094,0.259,0.591
0.417,0.485,0.83,0.931,1.043,0.094,0.259,0.591
0.417,0.485,0.829,0.93,1.043,0.094,0.259,0.59
0.416,0.484,0.829,0.929,1.042,0.094,0.259,0.59
0.416,0.484,0.829,0.929,1.041,0.094,0.258,0.59
0.416,0.484,0.829,0.928,1.041,0.094,0.258,0.589
0.416,0.483,0.828,0.928,1.04,0.094,0.258,0.589
0.415,0.483,0.828,0.927,1.04,0.094,0.258,0.589
0.415,0.483,0.828,0.927,1.039,0.094,0.258,0.588
0.415,0.482,0.828,0.926,1.039,0.094,0.258,0.588
0.415,0.482,0.828,0.926,1.038,0.094,0.258,0.587
0.414,0.482,0.827,0.925,1.038,0.093,0.258,0.587
0.414,0.482,0.827,0.925,1.037,0.093,0.258,0.587
0.414,0.481,0.827,0.924,1.036,0.093,0.258,0.586
0.414,0.481,0.827,0.924,1.036,0.093,0.258,0.586
0.414,0.481,0.826,0.923,1.035,0.093,0.258,0.585
0.413,0.481,0.826,0.923,1.035,0.093,0.258,0.585
0.413,0.48,0.826,0.922,1.034,0.093,0.258,0.585
0.413,0.48,0.826,0.922,1.034,0.093,0.258,0.584
0.413,0.48,0.826,0.921,1.034,0.093,0.258,0.584
0.412,0.479,0.825,0.921,1.033,0.093,0.258,0.584
0.412,0.479,0.825,0.921,1.032,0.093,0.258,0.583
0.412,0.479,0.825,0.92,1.032,0.093,0.258,0.583
0.412,0.479,0.825,0.92,1.031,0.093,0.258,0.583
0.412,0.478,0.824,0.919,1.031,0.093,0.258,0.582
0.411,0.478,0.824,0.919,1.031,0.092,0.258,0.582
0.411,0.478,0.824,0.918,1.03,0.092,0.258,0.581
0.411,0.478,0.824,0.918,1.029,0.092,0.258,0.581
0.411,0.477,0.823,0.918,1.029,0.092,0.257,0.581
0.411,0.477,0.823,0.917,1.028,0.092,0.257,0.58
0.41,0.477,0.823,0.917,1.028,0.092,0.257,0.58
0.41,0.477,0.823,0.916,1.028,0.092,0.258,0.58
0.41,0.476,0.823,0.916,1.027,0.092,0.257,0.579
0.41,0.476,0.823,0.916,1.026,0.092,0.257,0.579
0.41,0.476,0.823,0.915,1.026,0.092,0.257,0.578
0.409,0.475,0.822,0.915,1.026,0.092,0.257,0.578
0.409,0.475,0.822,0.915,1.025,0.092,0.257,0.578
0.409,0.475,0.822,0.914,1.025,0.091,0.257,0.577
0.409,0.475,0.821,0.914,1.024,0.092,0.257,0.577
0.408,0.474,0.821,0.914,1.024,0.091,0.257,0.577
0.408,0.474,0.821,0.913,1.023,0.091,0.257,0.576
0.408,0.474,0.821,0.912,1.023,0.091,0.257,0.576
0.408,0.473,0.821,0.912,1.022,0.091,0.257,0.576
0.407,0.473,0.82,0.912,1.022,0.091,0.257,0.575
0.407,0.473,0.82,0.911,1.021,0.091,0.257,0.575
0.407,0.472,0.82,0.911,1.021,0.091,0.257,0.574
0.407,0.472,0.82,0.911,1.02,0.091,0.257,0.574
0.407,0.472,0.819,0.91,1.02,0.091,0.257,0.574
0.406,0.472,0.819,0.91,1.019,0.091,0.257,0.573
0.406,0.472,0.819,0.909,1.019,0.091,0.257,0.573
0.406,0.471,0.819,0.909,1.018,0.091,0.257,0.573
0.406,0.471,0.819,0.909,1.018,0.091,0.257,0.572
0.406,0.471,0.818,0.908,1.017,0.091,0.257,0.572
0.405,0.471,0.818,0.907,1.017,0.09,0.257,0.572
0.405,0.47,0.818,0.907,1.016,0.09,0.257,0.571
0.405,0.47,0.818,0.907,1.016,0.09,0.257,0.571
0.405,0.47,0.817,0.906,1.016,0.09,0.257,0.571
0.404,0.47,0.817,0.906,1.015,0.09,0.257,0.57
0.404,0.469,0.817,0.905,1.015,0.09,0.257,0.57
0.404,0.469,0.817,0.905,1.014,0.09,0.257,0.57
0.404,0.469,0.817,0.904,1.014,0.09,0.256,0.569
0.404,0.469,0.816,0.904,1.013,0.09,0.256,0.569
0.404,0.468,0.816,0.904,1.012,0.09,0.256,0.568
0.403,0.468,0.816,0.903,1.012,0.09,0.256,0.568
0.403,0.468,0.816,0.902,1.012,0.09,0.256,0.568
0.403,0.468,0.816,0.902,1.011,0.09,0.256,0.568
0.403,0.467,0.815,0.902,1.01,0.09,0.256,0.567
0.403,0.467,0.815,0.901,1.01,0.09,0.256,0.567
0.402,0.467,0.815,0.901,1.009,0.09,0.256,0.567
0.402,0.467,0.814,0.9,1.009,0.09,0.256,0.566
0.402,0.467,0.814,0.9,1.009,0.09,0.256,0.566
0.402,0.466,0.814,0.899,1.008,0.09,0.256,0.566
0.401,0.466,0.814,0.899,1.007,0.089,0.256,0.565
0.401,0.466,0.814,0.898,1.007,0.089,0.256,0.565
0.401,0.466,0.813,0.898,1.007,0.089,0.256,0.564
0.401,0.465,0.813,0.898,1.006,0.089,0.256,0.564
0.401,0.465,0.813,0.897,1.006,0.089,0.256,0.564
0.401,0.465,0.813,0.897,1.005,0.089,0.256,0.563
0.4,0.465,0.813,0.896,1.005,0.089,0.256,0.563
0.4,0.465,0.812,0.896,1.005,0.089,0.256,0.563
0.4,0.464,0.812,0.895,1.004,0.089,0.256,0.563
0.4,0.464,0.812,0.895,1.003,0.089,0.256,0.562
0.399,0.464,0.812,0.894,1.003,0.089,0.256,0.562
0.399,0.464,0.812,0.894,1.002,0.089,0.256,0.562
0.399,0.463,0.811,0.894,1.002,0.089,0.256,0.561
0.399,0.463,0.811,0.893,1.001,0.089,0.256,0.561
0.399,0.463,0.811,0.893,1.001,0.089,0.255,0.561
0.398,0.462,0.811,0.892,1.0,0.089,0.256,0.56
0.398,0.462,0.81,0.892,1.0,0.089,0.256,0.56
0.398,0.462,0.81,0.891,0.999,0.088,0.255,0.559
0.398,0.462,0.81,0.891,0.999,0.088,0.255,0.559
0.398,0.461,0.81,0.891,0.998,0.088,0.255,0.559
0.397,0.461,0.809,0.89,0.998,0.088,0.255,0.559
0.397,0.461,0.809,0.89,0.997,0.088,0.255,0.558
0.397,0.461,0.809,0.889,0.997,0.088,0.255,0.558
0.397,0.46,0.809,0.889,0.996,0.088,0.255,0.557
0.397,0.46,0.809,0.889,0.996,0.088,0.255,0.557
0.396,0.46,0.808,0.888,0.996,0.088,0.255,0.557
0.396,0.46,0.808,0.888,0.995,0.088,0.255,0.557
0.396,0.46,0.808,0.888,0.995,0.088,0.255,0.556
0.396,0.459,0.808,0.887,0.994,0.088,0.255,0.556
0.396,0.459,0.808,0.887,0.994,0.088,0.255,0.555
0.395,0.459,0.807,0.886,0.993,0.088,0.255,0.555
0.395,0.459,0.807,0.886,0.993,0.088,0.255,0.555
0.395,0.458,0.807,0.885,0.992,0.087,0.255,0.554
0.395,0.458,0.807,0.885,0.992,0.088,0.255,0.554
0.395,0.458,0.806,0.885,0.991,0.087,0.255,0.554
0.394,0.458,0.806,0.884,0.991,0.088,0.255,0.554
0.394,0.458,0.806,0.884,0.99,0.087,0.255,0.553
0.394,0.457,0.806,0.883,0.99,0.087,0.255,0.553
0.394,0.457,0.806,0.883,0.989,0.087,0.255,0.552
0.393,0.457,0.805,0.882,0.989,0.087,0.255,0.552
0.393,0.457,0.805,0.882,0.988,0.087,0.255,0.552
0.393,0.456,0.805,0.882,0.988,0.087,0.255,0.552
0.393,0.456,0.805,0.881,0.988,0.087,0.255,0.551
0.393,0.456,0.804,0.881,0.987,0.087,0.254,0.551
0.393,0.456,0.804,0.881,0.987,0.087,0.254,0.551
0.392,0.455,0.804,0.881,0.986,0.087,0.255,0.55
0.392,0.455,0.804,0.88,0.986,0.087,0.254,0.55
0.392,0.455,0.803,0.88,0.985,0.087,0.254,0.55
0.392,0.454,0.803,0.879,0.985,0.087,0.254,0.549
0.392,0.454,0.803,0.879,0.985,0.087,0.254,0.549
0.391,0.454,0.803,0.878,0.984,0.087,0.254,0.548
0.391,0.454,0.802,0.878,0.984,0.087,0.254,0.548
0.391,0.454,0.802,0.878,0.983,0.086,0.254,0.548
0.391,0.454,0.802,0.877,0.983,0.086,0.254,0.547
0.391,0.453,0.802,0.877,0.982,0.087,0.254,0.547
0.39,0.453,0.802,0.876,0.982,0.086,0.254,0.546
0.39,0.453,0.802,0.876,0.981,0.086,0.254,0.546
0.39,0.453,0.801,0.876,0.981,0.086,0.254,0.546
0.39,0.453,0.801,0.875,0.98,0.086,0.254,0.545
0.39,0.453,0.801,0.875,0.98,0.086,0.254,0.545
0.39,0.452,0.801,0.874,0.979,0.086,0.254,0.545
0.389,0.452,0.8,0.874,0.979,0.086,0.254,0.544
0.389,0.452,0.8,0.873,0.979,0.086,0.254,0.544
0.389,0.452,0.8,0.873,0.978,0.086,0.254,0.544
0.389,0.452,0.8,0.872,0.978,0.086,0.254,0.544
0.389,0.452,0.8,0.872,0.977,0.086,0.254,0.543
0.388,0.451,0.799,0.872,0.977,0.086,0.254,0.543
0.388,0.451,0.799,0.871,0.976,0.086,0.254,0.543
0.388,0.451,0.799,0.871,0.976,0.086,0.254,0.542
0.388,0.45,0.799,0.87,0.975,0.086,0.254,0.542
0.388,0.45,0.798,0.87,0.975,0.086,0.254,0.542
0.387,0.45,0.798,0.87,0.975,0.086,0.254,0.542
0.387,0.45,0.798,0.869,0.974,0.086,0.254,0.541
0.387,0.45,0.798,0.869,0.974,0.085,0.253,0.541
0.387,0.45,0.797,0.869,0.973,0.085,0.253,0.541
0.387,0.449,0.797,0.868,0.973,0.085,0.253,0.541
0.387,0.449,0.797,0.868,0.973,0.085,0.253,0.54
0.386,0.449,0.797,0.868,0.972,0.085,0.253,0.54
0.386,0.449,0.797,0.868,0.972,0.085,0.253,0.54
0.386,0.449,0.796,0.867,0.972,0.085,0.253,0.54
0.386,0.449,0.796,0.867,0.971,0.085,0.253,0.539
0.386,0.449,0.796,0.867,0.971,0.085,0.253,0.539
0.386,0.448,0.796,0.867,0.97,0.085,0.253,0.539
0.386,0.448,0.796,0.866,0.97,0.085,0.253,0.539
0.385,0.448,0.796,0.866,0.97,0.085,0.253,0.539
0.385,0.448,0.796,0.866,0.969,0.085,0.253,0.539
0.385,0.448,0.795,0.866,0.969,0.085,0.253,0.538
0.385,0.447,0.795,0.866,0.969,0.085,0.253,0.538
0.385,0.447,0.795,0.865,0.968,0.085,0.253,0.538
0.384,0.447,0.795,0.865,0.968,0.085,0.253,0.538
0.384,0.447,0.794,0.865,0.967,0.085,0.253,0.537
0.384,0.447,0.794,0.864,0.967,0.085,0.253,0.537
0.384,0.447,0.794,0.864,0.966,0.085,0.253,0.537
0.384,0.447,0.794,0.864,0.966,0.085,0.253,0.537
0.384,0.446,0.794,0.863,0.966,0.085,0.253,0.536
0.383,0.446,0.793,0.863,0.965,0.085,0.253,0.536
0.383,0.446,0.793,0.862,0.965,0.084,0.253,0.536
0.383,0.446,0.793,0.862,0.964,0.084,0.253,0.535
0.383,0.446,0.793,0.862,0.964,0.084,0.253,0.535
0.383,0.446,0.793,0.861,0.963,0.084,0.253,0.535
0.382,0.446,0.792,0.861,0.963,0.084,0.253,0.534
0.382,0.445,0.792,0.861,0.962,0.084,0.253,0.534
0.382,0.445,0.792,0.86,0.962,0.084,0.252,0.533
0.382,0.445,0.791,0.859,0.961,0.084,0.252,0.533
0.382,0.445,0.791,0.859,0.961,0.084,0.252,0.533
0.381,0.445,0.791,0.859,0.961,0.084,0.252,0.533
0.381,0.445,0.791,0.858,0.96,0.084,0.252,0.532
0.381,0.444,0.791,0.858,0.96,0.084,0.252,0.532
0.381,0.444,0.79,0.858,0.96,0.084,0.252,0.532
0.381,0.444,0.79,0.857,0.959,0.084,0.252,0.531
0.381,0.444,0.79,0.857,0.959,0.084,0.252,0.531
0.38,0.444,0.79,0.857,0.958,0.084,0.252,0.531
0.38,0.444,0.79,0.857,0.958,0.084,0.252,0.531
0.38,0.443,0.789,0.856,0.957,0.083,0.252,0.531
0.38,0.443,0.789,0.856,0.957,0.083,0.252,0.531
0.38,0.443,0.789,0.856,0.957,0.084,0.252,0.53
0.38,0.443,0.789,0.855,0.956,0.084,0.252,0.53
0.379,0.443,0.789,0.855,0.956,0.083,0.252,0.53
0.379,0.442,0.788,0.855,0.955,0.084,0.252,0.53
0.379,0.442,0.788,0.855,0.955,0.084,0.252,0.53
0.379,0.442,0.788,0.854,0.955,0.083,0.252,0.529
0.379,0.442,0.788,0.854,0.955,0.083,0.252,0.529
0.379,0.442,0.787,0.854,0.954,0.083,0.252,0.529
0.378,0.442,0.787,0.854,0.954,0.083,0.251,0.529
0.378,0.442,0.787,0.853,0.954,0.083,0.252,0.529
0.378,0.441,0.787,0.853,0.953,0.083,0.252,0.528
0.378,0.441,0.787,0.853,0.953,0.083,0.252,0.528
0.378,0.441,0.786,0.853,0.953,0.083,0.251,0.528
0.378,0.441,0.786,0.852,0.952,0.083,0.251,0.527
0.377,0.441,0.786,0.852,0.952,0.083,0.251,0.527
0.377,0.44,0.786,0.852,0.952,0.083,0.251,0.527
0.377,0.44,0.785,0.852,0.951,0.083,0.251,0.527
0.377,0.44,0.785,0.851,0.951,0.083,0.251,0.527
0.377,0.44,0.785,0.851,0.95,0.083,0.251,0.527
0.377,0.44,0.785,0.851,0.95,0.083,0.251,0.527
0.377,0.44,0.785,0.85,0.95,0.083,0.251,0.527
0.376,0.439,0.785,0.85,0.949,0.083,0.251,0.527
0.376,0.439,0.784,0.85,0.949,0.083,0.251,0.526
0.376,0.439,0.784,0.85,0.949,0.083,0.251,0.526
0.376,0.439,0.784,0.849,0.948,0.082,0.251,0.526
0.376,0.439,0.784,0.849,0.948,0.083,0.251,0.526
0.376,0.438,0.784,0.849,0.948,0.082,0.251,0.526
0.375,0.438,0.784,0.848,0.947,0.083,0.251,0.525
0.375,0.438,0.783,0.848,0.947,0.082,0.251,0.525
0.375,0.438,0.783,0.848,0.946,0.082,0.251,0.525
0.375,0.438,0.783,0.847,0.946,0.082,0.251,0.524
0.375,0.438,0.783,0.847,0.946,0.082,0.251,0.524
0.375,0.438,0.782,0.847,0.945,0.082,0.251,0.524
0.374,0.438,0.782,0.846,0.945,0.082,0.251,0.523
0.374,0.437,0.782,0.846,0.945,0.082,0.251,0.523
0.374,0.437,0.782,0.846,0.944,0.082,0.251,0.523
0.374,0.437,0.782,0.845,0.944,0.082,0.251,0.523
0.374,0.437,0.781,0.845,0.943,0.082,0.251,0.522
0.374,0.437,0.781,0.845,0.943,0.082,0.251,0.522
0.373,0.437,0.781,0.844,0.943,0.082,0.251,0.522
0.373,0.436,0.781,0.844,0.942,0.082,0.251,0.521
0.373,0.436,0.781,0.844,0.942,0.082,0.251,0.521
0.373,0.436,0.781,0.843,0.942,0.082,0.251,0.521
0.373,0.436,0.78,0.843,0.941,0.082,0.251,0.521
0.373,0.435,0.78,0.842,0.941,0.082,0.25,0.521
0.372,0.435,0.78,0.842,0.941,0.082,0.25,0.52
0.372,0.435,0.78,0.842,0.94,0.082,0.25,0.52
0.372,0.435,0.78,0.842,0.94,0.082,0.25,0.52
0.372,0.435,0.779,0.841,0.94,0.082,0.25,0.52
0.372,0.434,0.779,0.841,0.939,0.082,0.25,0.519
0.372,0.434,0.779,0.84,0.939,0.082,0.25,0.519
0.372,0.434,0.779,0.84,0.938,0.082,0.25,0.519
0.371,0.434,0.779,0.839,0.938,0.082,0.25,0.518
0.371,0.434,0.778,0.839,0.938,0.081,0.25,0.518
0.371,0.434,0.778,0.839,0.937,0.081,0.25,0.518
0.371,0.434,0.778,0.838,0.937,0.081,0.25,0.518
0.371,0.433,0.778,0.838,0.937,0.082,0.25,0.517
0.371,0.433,0.778,0.838,0.936,0.081,0.25,0.517
0.37,0.433,0.778,0.837,0.936,0.081,0.25,0.517
0.37,0.433,0.777,0.837,0.936,0.081,0.25,0.516
0.37,0.433,0.777,0.837,0.935,0.081,0.25,0.516
0.37,0.433,0.777,0.836,0.935,0.081,0.25,0.516
0.37,0.432,0.777,0.836,0.934,0.081,0.25,0.516
0.37,0.432,0.776,0.836,0.934,0.081,0.25,0.515
0.37,0.432,0.776,0.835,0.934,0.081,0.25,0.515
0.369,0.432,0.776,0.835,0.933,0.081,0.25,0.515
0.369,0.432,0.776,0.835,0.933,0.081,0.25,0.514
0.369,0.431,0.776,0.834,0.933,0.081,0.25,0.514
0.369,0.431,0.776,0.834,0.932,0.081,0.25,0.514
0.369,0.431,0.775,0.834,0.932,0.081,0.25,0.513
0.369,0.431,0.775,0.833,0.931,0.081,0.25,0.513
0.368,0.431,0.775,0.833,0.931,0.081,0.249,0.513
0.368,0.43,0.775,0.832,0.931,0.081,0.25,0.513
0.368,0.43,0.775,0.832,0.93,0.081,0.249,0.513
0.368,0.43,0.774,0.832,0.93,0.081,0.25,0.512
0.368,0.43,0.774,0.831,0.929,0.081,0.249,0.512
0.368,0.43,0.774,0.831,0.929,0.081,0.249,0.512
0.368,0.43,0.774,0.831,0.929,0.081,0.249,0.512
0.367,0.43,0.774,0.83,0.929,0.081,0.249,0.511
0.367,0.429,0.774,0.83,0.928,0.081,0.249,0.511
0.367,0.429,0.773,0.83,0.928,0.081,0.249,0.511
0.367,0.429,0.773,0.829,0.927,0.081,0.249,0.51
0.367,0.429,0.773,0.829,0.927,0.081,0.249,0.51
0.367,0.429,0.773,0.828,0.927,0.08,0.249,0.51
0.367,0.429,0.772,0.828,0.926,0.08,0.249,0.509
0.366,0.429,0.772,0.828,0.926,0.08,0.249,0.509
0.366,0.429,0.772,0.827,0.926,0.08,0.249,0.509
0.366,0.428,0.772,0.827,0.925,0.08,0.249,0.509
0.366,0.428,0.772,0.827,0.925,0.08,0.249,0.509
0.366,0.428,0.772,0.827,0.925,0.08,0.249,0.509
0.366,0.428,0.771,0.827,0.924,0.08,0.249,0.509
0.365,0.428,0.771,0.826,0.924,0.08,0.249,0.508
0.365,0.428,0.771,0.826,0.924,0.08,0.249,0.508
0.365,0.428,0.771,0.826,0.923,0.08,0.249,0.508
0.365,0.428,0.771,0.826,0.923,0.08,0.249,0.508
0.365,0.428,0.77,0.826,0.923,0.08,0.249,0.508
0.365,0.428,0.77,0.825,0.923,0.08,0.249,0.507
0.365,0.428,0.77,0.825,0.922,0.08,0.249,0.507
0.364,0.428,0.77,0.825,0.922,0.08,0.249,0.507
0.364,0.428,0.77,0.824,0.922,0.08,0.249,0.507
0.364,0.428,0.769,0.824,0.921,0.08,0.249,0.507
0.364,0.428,0.769,0.824,0.921,0.08,0.249,0.507
0.364,0.428,0.769,0.824,0.921,0.08,0.249,0.507
0.364,0.428,0.769,0.823,0.92,0.08,0.248,0.506
0.364,0.427,0.769,0.823,0.92,0.08,0.248,0.506
0.363,0.427,0.769,0.823,0.92,0.08,0.248,0.506
0.363,0.427,0.768,0.823,0.919,0.08,0.248,0.506
0.363,0.427,0.768,0.822,0.919,0.08,0.248,0.506
0.363,0.427,0.768,0.822,0.919,0.079,0.248,0.506
0.363,0.427,0.768,0.822,0.919,0.08,0.248,0.506
0.363,0.427,0.767,0.822,0.919,0.079,0.248,0.506
0.363,0.426,0.767,0.821,0.918,0.08,0.248,0.506
0.362,0.426,0.767,0.821,0.918,0.079,0.248,0.506
0.362,0.426,0.767,0.821,0.918,0.08,0.248,0.506
0.362,0.426,0.767,0.821,0.918,0.08,0.248,0.506
0.362,0.426,0.766,0.821,0.918,0.079,0.248,0.506
0.362,0.426,0.766,0.821,0.917,0.079,0.248,0.506
0.362,0.426,0.766,0.821,0.917,0.079,0.248,0.506
0.362,0.426,0.766,0.821,0.917,0.079,0.248,0.506
0.362,0.426,0.766,0.821,0.917,0.079,0.248,0.506
0.361,0.426,0.766,0.821,0.916,0.079,0.248,0.506
0.361,0.426,0.765,0.821,0.916,0.079,0.248,0.506
0.361,0.426,0.765,0.821,0.916,0.079,0.248,0.506
0.361,0.426,0.765,0.821,0.916,0.079,0.248,0.506
0.361,0.426,0.765,0.821,0.916,0.079,0.248,0.506
0.361,0.426,0.765,0.821,0.916,0.079,0.248,0.505
0.361,0.426,0.764,0.821,0.915,0.079,0.248,0.505
0.361,0.426,0.764,0.821,0.915,0.079,0.248,0.506
0.361,0.426,0.764,0.821,0.915,0.079,0.248,0.506
0.36,0.426,0.764,0.821,0.915,0.079,0.248,0.506
0.36,0.426,0.764,0.821,0.915,0.079,0.248,0.505
0.36,0.426,0.764,0.821,0.914,0.079,0.248,0.506
0.36,0.426,0.763,0.821,0.914,0.079,0.248,0.506
0.36,0.427,0.763,0.82,0.914,0.079,0.247,0.506
0.36,0.427,0.763,0.82,0.914,0.079,0.248,0.506
0.36,0.427,0.763,0.82,0.913,0.079,0.247,0.505
0.36,0.427,0.763,0.82,0.913,0.079,0.247,0.505
0.359,0.427,0.762,0.82,0.913,0.079,0.247,0.505
0.359,0.427,0.762,0.82,0.913,0.079,0.248,0.505
0.359,0.428,0.762,0.82,0.913,0.079,0.248,0.505
0.359,0.428,0.762,0.82,0.912,0.079,0.247,0.505
0.359,0.428,0.762,0.819,0.912,0.079,0.247,0.505
0.359,0.428,0.762,0.819,0.912,0.079,0.247,0.505
0.359,0.428,0.761,0.819,0.912,0.078,0.247,0.506
0.359,0.429,0.761,0.819,0.911,0.079,0.247,0.506
0.359,0.429,0.761,0.819,0.911,0.079,0.247,0.506
0.359,0.429,0.761,0.819,0.911,0.079,0.247,0.506
0.358,0.429,0.761,0.819,0.911,0.078,0.247,0.506
0.358,0.429,0.761,0.819,0.91,0.078,0.247,0.506
0.358,0.429,0.761,0.819,0.91,0.078,0.247,0.506
0.358,0.43,0.76,0.818,0.91,0.078,0.247,0.506
0.358,0.43,0.76,0.818,0.91,0.078,0.247,0.506
0.358,0.43,0.76,0.818,0.909,0.078,0.247,0.506
0.358,0.43,0.76,0.818,0.909,0.078,0.247,0.506
0.358,0.43,0.76,0.818,0.909,0.078,0.247,0.506
0.358,0.43,0.759,0.818,0.908,0.078,0.247,0.506
0.357,0.431,0.759,0.818,0.909,0.078,0.247,0.507
0.357,0.431,0.759,0.818,0.908,0.078,0.247,0.507
0.357,0.431,0.759,0.818,0.908,0.078,0.247,0.507
0.357,0.431,0.759,0.817,0.908,0.078,0.247,0.507
0.357,0.431,0.759,0.817,0.908,0.078,0.247,0.507
0.357,0.431,0.759,0.817,0.907,0.078,0.247,0.507
0.357,0.431,0.758,0.817,0.907,0.078,0.247,0.507
0.357,0.432,0.758,0.817,0.907,0.078,0.247,0.507
0.357,0.432,0.758,0.817,0.907,0.078,0.247,0.507
0.356,0.432,0.758,0.817,0.906,0.078,0.247,0.507
0.356,0.432,0.757,0.817,0.906,0.078,0.246,0.507
0.356,0.432,0.757,0.817,0.906,0.078,0.247,0.508
0.356,0.432,0.757,0.816,0.906,0.078,0.247,0.508
0.356,0.432,0.757,0.816,0.906,0.078,0.247,0.508
0.356,0.432,0.757,0.816,0.905,0.078,0.247,0.508
0.356,0.433,0.757,0.816,0.905,0.078,0.247,0.508
0.356,0.432,0.757,0.816,0.905,0.078,0.246,0.508
0.356,0.433,0.756,0.816,0.905,0.078,0.246,0.508
0.355,0.433,0.756,0.816,0.904,0.078,0.246,0.508
0.355,0.432,0.756,0.816,0.904,0.078,0.246,0.509
0.355,0.433,0.756,0.816,0.904,0.078,0.246,0.509
0.355,0.433,0.756,0.815,0.904,0.078,0.246,0.509
0.355,0.433,0.756,0.815,0.904,0.078,0.246,0.509
0.355,0.433,0.755,0.815,0.903,0.078,0.246,0.509
0.355,0.433,0.755,0.815,0.903,0.078,0.246,0.509
0.355,0.433,0.755,0.815,0.903,0.078,0.246,0.509
0.355,0.433,0.755,0.815,0.903,0.078,0.246,0.509
0.355,0.433,0.755,0.815,0.902,0.078,0.246,0.51
0.355,0.433,0.755,0.815,0.902,0.078,0.246,0.51
0.355,0.433,0.754,0.814,0.902,0.078,0.246,0.51
0.354,0.433,0.754,0.814,0.902,0.078,0.246,0.51
0.354,0.433,0.754,0.814,0.902,0.077,0.246,0.51
0.354,0.433,0.754,0.814,0.902,0.077,0.246,0.51
0.354,0.432,0.753,0.814,0.902,0.077,0.246,0.51
0.354,0.432,0.753,0.813,0.901,0.077,0.246,0.51
0.354,0.432,0.753,0.813,0.901,0.077,0.246,0.51
0.354,0.432,0.753,0.813,0.901,0.077,0.246,0.51
0.354,0.432,0.753,0.813,0.901,0.077,0.246,0.51
0.354,0.431,0.752,0.812,0.901,0.077,0.246,0.51
0.354,0.431,0.752,0.812,0.9,0.077,0.246,0.51
0.353,0.431,0.752,0.812,0.9,0.077,0.246,0.51
0.353,0.431,0.752,0.812,0.9,0.077,0.246,0.51
0.353,0.43,0.752,0.811,0.9,0.077,0.245,0.509
0.353,0.43,0.752,0.811,0.9,0.077,0.246,0.509
0.353,0.43,0.751,0.811,0.899,0.077,0.246,0.509
0.353,0.429,0.751,0.811,0.9,0.077,0.246,0.509
0.353,0.429,0.751,0.81,0.899,0.077,0.245,0.509
0.353,0.429,0.751,0.81,0.899,0.077,0.245,0.509
0.353,0.429,0.75,0.81,0.899,0.077,0.245,0.509
0.353,0.428,0.75,0.81,0.899,0.077,0.245,0.508
0.352,0.428,0.75,0.81,0.899,0.077,0.245,0.508
0.352,0.428,0.75,0.81,0.898,0.077,0.245,0.508
0.352,0.428,0.75,0.81,0.898,0.077,0.245,0.508
0.352,0.428,0.75,0.809,0.898,0.077,0.245,0.508
0.352,0.427,0.749,0.809,0.898,0.077,0.245,0.508
0.352,0.427,0.749,0.809,0.897,0.077,0.245,0.507
0.352,0.427,0.749,0.809,0.897,0.077,0.245,0.507
0.352,0.427,0.749,0.809,0.897,0.077,0.245,0.507
0.352,0.427,0.749,0.808,0.897,0.077,0.245,0.507
0.352,0.427,0.748,0.808,0.897,0.077,0.245,0.507
0.351,0.427,0.748,0.808,0.896,0.077,0.245,0.507
0.351,0.426,0.748,0.808,0.896,0.077,0.245,0.507
0.351,0.426,0.748,0.808,0.896,0.077,0.245,0.506
0.351,0.426,0.748,0.807,0.895,0.077,0.245,0.506
0.351,0.426,0.748,0.807,0.895,0.077,0.245,0.506
0.351,0.426,0.748,0.807,0.895,0.077,0.245,0.506
0.351,0.426,0.747,0.807,0.895,0.077,0.245,0.506
0.351,0.425,0.747,0.807,0.895,0.077,0.245,0.506
0.351,0.425,0.747,0.806,0.895,0.076,0.245,0.506
0.35,0.425,0.747,0.806,0.894,0.076,0.245,0.505
0.35,0.425,0.747,0.806,0.894,0.076,0.245,0.505
0.35,0.425,0.746,0.806,0.894,0.076,0.245,0.505
0.35,0.425,0.746,0.806,0.894,0.076,0.245,0.505
0.35,0.424,0.746,0.805,0.893,0.076,0.245,0.505
0.35,0.424,0.746,0.805,0.893,0.076,0.245,0.504
0.35,0.424,0.746,0.805,0.893,0.076,0.245,0.504
0.35,0.424,0.745,0.805,0.893,0.076,0.245,0.504
0.35,0.424,0.745,0.804,0.893,0.076,0.245,0.504
0.35,0.424,0.745,0.804,0.893,0.076,0.245,0.504
0.349,0.424,0.745,0.804,0.893,0.076,0.245,0.504
0.349,0.423,0.745,0.804,0.892,0.076,0.244,0.503
0.349,0.423,0.745,0.804,0.892,0.076,0.244,0.503
0.349,0.423,0.744,0.804,0.892,0.076,0.244,0.503
0.349,0.423,0.744,0.804,0.892,0.076,0.244,0.503
0.349,0.422,0.744,0.803,0.891,0.076,0.244,0.503
0.349,0.422,0.744,0.803,0.891,0.076,0.244,0.503
0.349,0.422,0.744,0.803,0.891,0.076,0.244,0.503
0.349,0.422,0.744,0.803,0.891,0.076,0.244,0.502
0.349,0.422,0.743,0.803,0.891,0.076,0.244,0.502
0.349,0.421,0.743,0.803,0.891,0.076,0.244,0.502
0.348,0.421,0.743,0.802,0.891,0.076,0.244,0.502
0.348,0.421,0.743,0.802,0.89,0.076,0.244,0.502
0.348,0.421,0.743,0.802,0.89,0.076,0.244,0.501
0.348,0.42,0.742,0.802,0.89,0.076,0.244,0.501
0.348,0.42,0.742,0.801,0.89,0.076,0.244,0.501
0.348,0.42,0.742,0.801,0.889,0.076,0.244,0.501
0.348,0.42,0.742,0.801,0.889,0.076,0.244,0.501
0.348,0.419,0.742,0.8,0.889,0.076,0.244,0.5
0.348,0.419,0.741,0.8,0.889,0.076,0.244,0.5
0.347,0.419,0.741,0.799,0.888,0.076,0.244,0.5
0.347,0.419,0.741,0.799,0.888,0.076,0.244,0.499
0.347,0.418,0.741,0.798,0.887,0.076,0.244,0.499
0.347,0.418,0.741,0.798,0.887,0.076,0.244,0.499
0.347,0.418,0.74,0.797,0.887,0.076,0.244,0.498
0.347,0.418,0.74,0.797,0.886,0.076,0.244,0.498
0.347,0.417,0.74,0.796,0.886,0.076,0.244,0.498
0.347,0.417,0.74,0.796,0.886,0.076,0.244,0.497
0.346,0.417,0.74,0.795,0.885,0.076,0.244,0.497
0.346,0.416,0.74,0.794,0.885,0.076,0.244,0.496
0.346,0.416,0.739,0.794,0.885,0.076,0.244,0.496
0.346,0.416,0.739,0.793,0.885,0.076,0.244,0.496
0.346,0.416,0.739,0.793,0.884,0.076,0.244,0.495
0.346,0.415,0.739,0.792,0.884,0.076,0.244,0.495
0.346,0.415,0.738,0.791,0.884,0.076,0.243,0.494
0.346,0.415,0.738,0.791,0.883,0.076,0.243,0.494
0.345,0.415,0.738,0.79,0.883,0.076,0.244,0.494
0.345,0.415,0.738,0.789,0.882,0.075,0.244,0.493
0.345,0.414,0.738,0.789,0.882,0.076,0.244,0.493
0.345,0.414,0.738,0.788,0.881,0.075,0.243,0.492
0.345,0.414,0.737,0.788,0.881,0.076,0.243,0.492
0.345,0.414,0.737,0.787,0.881,0.076,0.243,0.491
0.345,0.414,0.737,0.786,0.881,0.075,0.244,0.491
0.344,0.413,0.737,0.786,0.88,0.075,0.243,0.49
0.344,0.413,0.737,0.785,0.88,0.075,0.243,0.49
0.344,0.413,0.736,0.784,0.879,0.075,0.243,0.49
0.344,0.412,0.736,0.784,0.879,0.075,0.243,0.489
0.344,0.412,0.736,0.784,0.879,0.075,0.243,0.489
0.344,0.412,0.736,0.783,0.878,0.075,0.243,0.488
0.344,0.412,0.736,0.783,0.878,0.075,0.243,0.488
0.343,0.412,0.735,0.782,0.878,0.075,0.243,0.488
0.343,0.411,0.735,0.782,0.877,0.075,0.243,0.487
0.343,0.411,0.735,0.782,0.877,0.075,0.243,0.487
0.343,0.411,0.735,0.781,0.877,0.075,0.243,0.486
0.343,0.411,0.735,0.78,0.876,0.075,0.243,0.486
0.343,0.41,0.734,0.78,0.876,0.075,0.243,0.485
0.343,0.41,0.734,0.78,0.876,0.075,0.243,0.485
0.342,0.41,0.734,0.779,0.875,0.075,0.243,0.485
0.342,0.41,0.734,0.779,0.875,0.075,0.243,0.484
0.342,0.409,0.734,0.778,0.875,0.075,0.243,0.484
0.342,0.409,0.734,0.778,0.874,0.075,0.243,0.484
0.342,0.409,0.733,0.778,0.874,0.075,0.243,0.483
0.342,0.409,0.733,0.778,0.874,0.075,0.243,0.483
0.342,0.409,0.733,0.778,0.873,0.075,0.243,0.483
0.341,0.409,0.733,0.778,0.873,0.075,0.243,0.482
0.342,0.408,0.733,0.778,0.873,0.075,0.243,0.482
0.341,0.408,0.732,0.778,0.872,0.075,0.242,0.482
0.341,0.408,0.732,0.778,0.872,0.075,0.242,0.482
0.341,0.408,0.732,0.778,0.872,0.075,0.242,0.481
0.341,0.408,0.732,0.778,0.871,0.075,0.242,0.481
0.341,0.408,0.732,0.779,0.871,0.075,0.242,0.481
0.341,0.408,0.732,0.779,0.871,0.075,0.242,0.481
0.34,0.408,0.732,0.779,0.871,0.075,0.242,0.48
0.34,0.408,0.732,0.779,0.871,0.075,0.242,0.48
0.34,0.408,0.731,0.779,0.871,0.075,0.242,0.48
0.34,0.408,0.731,0.78,0.87,0.075,0.242,0.48
0.34,0.408,0.731,0.78,0.87,0.075,0.242,0.48
0.34,0.408,0.731,0.78,0.87,0.075,0.242,0.48
0.34,0.408,0.731,0.78,0.87,0.075,0.242,0.48
0.34,0.409,0.731,0.78,0.87,0.075,0.242,0.48
0.34,0.409,0.73,0.78,0.869,0.075,0.242,0.48
0.34,0.409,0.73,0.781,0.869,0.075,0.242,0.479
0.339,0.409,0.73,0.781,0.869,0.075,0.242,0.479
0.339,0.409,0.73,0.781,0.869,0.075,0.242,0.479
0.339,0.41,0.73,0.781,0.869,0.075,0.242,0.479
0.339,0.41,0.73,0.781,0.869,0.075,0.242,0.479
0.339,0.41,0.73,0.781,0.868,0.075,0.242,0.479
0.339,0.411,0.73,0.782,0.868,0.075,0.242,0.479
0.339,0.411,0.729,0.782,0.868,0.075,0.242,0.479
0.339,0.411,0.729,0.782,0.868,0.075,0.242,0.479
0.338,0.411,0.729,0.782,0.868,0.075,0.242,0.479
0.338,0.412,0.729,0.782,0.868,0.074,0.241,0.479
0.338,0.412,0.729,0.782,0.868,0.074,0.241,0.479
0.338,0.412,0.729,0.782,0.868,0.074,0.241,0.479
0.338,0.413,0.729,0.782,0.868,0.074,0.241,0.479
0.338,0.413,0.729,0.782,0.867,0.074,0.241,0.479
0.338,0.414,0.728,0.782,0.867,0.074,0.241,0.479
0.338,0.414,0.728,0.782,0.867,0.074,0.241,0.479
0.338,0.414,0.728,0.783,0.867,0.074,0.241,0.479
0.338,0.415,0.728,0.783,0.867,0.074,0.241,0.479
0.338,0.415,0.728,0.783,0.866,0.074,0.241,0.479
0.337,0.416,0.728,0.783,0.866,0.074,0.241,0.479
0.337,0.416,0.728,0.783,0.866,0.074,0.241,0.479
0.337,0.416,0.728,0.783,0.866,0.074,0.241,0.479
0.337,0.417,0.727,0.782,0.866,0.074,0.241,0.479
0.337,0.418,0.727,0.782,0.866,0.074,0.241,0.479
0.337,0.418,0.727,0.782,0.865,0.074,0.241,0.479
0.337,0.418,0.727,0.781,0.865,0.074,0.241,0.479
0.337,0.418,0.727,0.781,0.865,0.074,0.241,0.479
0.336,0.418,0.726,0.781,0.864,0.074,0.241,0.479
0.336,0.418,0.726,0.78,0.864,0.074,0.241,0.479
0.336,0.417,0.726,0.779,0.864,0.074,0.241,0.479
0.336,0.417,0.726,0.779,0.863,0.074,0.241,0.479
0.336,0.417,0.726,0.778,0.863,0.074,0.241,0.479
0.336,0.416,0.725,0.778,0.863,0.074,0.241,0.478
0.336,0.416,0.725,0.777,0.862,0.074,0.241,0.478
0.336,0.415,0.725,0.777,0.862,0.074,0.241,0.478
0.335,0.415,0.725,0.776,0.861,0.074,0.24,0.478
0.335,0.414,0.725,0.776,0.861,0.074,0.24,0.477
0.335,0.414,0.724,0.775,0.86,0.074,0.24,0.477
0.335,0.414,0.724,0.774,0.86,0.074,0.24,0.477
0.335,0.413,0.724,0.774,0.859,0.074,0.24,0.476
0.335,0.413,0.724,0.773,0.859,0.074,0.24,0.476
0.335,0.412,0.723,0.772,0.858,0.074,0.24,0.475
0.334,0.412,0.723,0.771,0.858,0.074,0.24,0.475
0.334,0.411,0.723,0.771,0.857,0.074,0.24,0.475
0.334,0.411,0.723,0.77,0.856,0.074,0.24,0.474
0.334,0.41,0.723,0.769,0.856,0.074,0.24,0.474
0.334,0.41,0.722,0.769,0.855,0.074,0.24,0.473
0.334,0.409,0.722,0.768,0.855,0.074,0.24,0.473
0.333,0.409,0.722,0.767,0.854,0.074,0.24,0.472
0.333,0.408,0.722,0.766,0.853,0.074,0.24,0.472
0.333,0.408,0.722,0.766,0.853,0.074,0.24,0.471
0.333,0.407,0.721,0.765,0.852,0.074,0.24,0.471
0.333,0.406,0.721,0.764,0.852,0.073,0.24,0.471
0.333,0.406,0.721,0.764,0.851,0.073,0.24,0.47
0.332,0.405,0.721,0.763,0.851,0.073,0.24,0.47
0.332,0.405,0.72,0.762,0.85,0.073,0.24,0.47
0.332,0.404,0.72,0.761,0.849,0.073,0.24,0.469
0.332,0.403,0.72,0.761,0.849,0.073,0.24,0.469
0.332,0.403,0.72,0.76,0.848,0.073,0.24,0.468
0.332,0.402,0.719,0.759,0.847,0.073,0.239,0.468
0.331,0.402,0.719,0.759,0.847,0.073,0.24,0.468
0.331,0.401,0.719,0.758,0.846,0.073,0.239,0.467
0.331,0.401,0.719,0.757,0.845,0.073,0.239,0.467
0.331,0.4,0.718,0.757,0.845,0.073,0.239,0.467
0.331,0.399,0.718,0.756,0.844,0.073,0.239,0.466
0.331,0.399,0.718,0.755,0.843,0.073,0.239,0.466
0.33,0.398,0.718,0.755,0.843,0.073,0.239,0.465
0.33,0.398,0.717,0.754,0.842,0.073,0.239,0.465
0.33,0.397,0.717,0.753,0.841,0.073,0.239,0.465
0.33,0.397,0.717,0.753,0.841,0.073,0.239,0.464
0.329,0.396,0.717,0.752,0.84,0.073,0.239,0.464
0.329,0.396,0.716,0.751,0.839,0.073,0.239,0.464
0.329,0.395,0.716,0.751,0.838,0.073,0.239,0.463
0.329,0.394,0.716,0.75,0.838,0.073,0.239,0.463
0.329,0.394,0.716,0.749,0.837,0.073,0.239,0.462
0.329,0.393,0.716,0.748,0.836,0.073,0.239,0.462
0.328,0.393,0.715,0.748,0.836,0.073,0.239,0.461
0.328,0.392,0.715,0.747,0.835,0.073,0.239,0.461
0.328,0.392,0.715,0.746,0.834,0.073,0.239,0.46
0.328,0.391,0.715,0.746,0.834,0.072,0.239,0.46
0.328,0.391,0.714,0.745,0.833,0.072,0.239,0.46
0.327,0.39,0.714,0.745,0.832,0.072,0.239,0.459
0.327,0.39,0.714,0.744,0.832,0.072,0.239,0.459
0.327,0.389,0.714,0.743,0.831,0.072,0.238,0.458
0.327,0.389,0.713,0.743,0.83,0.072,0.238,0.458
0.327,0.388,0.713,0.742,0.83,0.072,0.238,0.457
0.326,0.388,0.713,0.741,0.829,0.072,0.238,0.457
0.326,0.388,0.713,0.741,0.828,0.072,0.238,0.457
0.326,0.387,0.712,0.74,0.828,0.072,0.238,0.456
0.326,0.386,0.712,0.739,0.827,0.072,0.238,0.456
0.326,0.386,0.712,0.739,0.827,0.072,0.238,0.455
0.326,0.385,0.712,0.738,0.826,0.072,0.238,0.455
0.325,0.385,0.711,0.737,0.825,0.072,0.238,0.455
0.325,0.384,0.711,0.737,0.824,0.072,0.238,0.454
0.325,0.384,0.711,0.736,0.824,0.072,0.238,0.454
0.325,0.384,0.711,0.736,0.823,0.072,0.238,0.454
0.324,0.383,0.71,0.735,0.823,0.072,0.238,0.453
0.324,0.383,0.71,0.734,0.822,0.072,0.238,0.453
0.324,0.382,0.71,0.734,0.821,0.072,0.238,0.453
0.324,0.381,0.71,0.733,0.82,0.072,0.238,0.452
0.324,0.381,0.709,0.732,0.82,0.072,0.238,0.452
0.324,0.381,0.709,0.732,0.819,0.071,0.238,0.452
0.323,0.38,0.709,0.732,0.818,0.071,0.238,0.451
0.323,0.38,0.709,0.731,0.818,0.071,0.238,0.451
0.323,0.38,0.708,0.73,0.817,0.071,0.238,0.45
0.323,0.379,0.708,0.729,0.816,0.071,0.238,0.45
0.323,0.379,0.708,0.729,0.816,0.071,0.237,0.45
0.322,0.378,0.707,0.728,0.815,0.071,0.237,0.449
0.322,0.378,0.707,0.728,0.814,0.071,0.237,0.449
0.322,0.377,0.707,0.727,0.814,0.071,0.237,0.448
0.322,0.377,0.707,0.726,0.813,0.071,0.237,0.448
0.321,0.377,0.707,0.726,0.812,0.071,0.237,0.448
0.321,0.376,0.706,0.725,0.812,0.071,0.237,0.447
0.321,0.376,0.706,0.725,0.811,0.071,0.237,0.447
0.321,0.376,0.706,0.724,0.81,0.071,0.237,0.447
0.321,0.375,0.705,0.723,0.81,0.071,0.237,0.446
0.32,0.375,0.705,0.723,0.809,0.071,0.237,0.446
0.32,0.374,0.705,0.722,0.809,0.071,0.237,0.446
0.32,0.374,0.705,0.722,0.808,0.071,0.237,0.445
0.32,0.374,0.705,0.721,0.807,0.071,0.237,0.445
0.32,0.373,0.704,0.721,0.807,0.071,0.237,0.445
0.32,0.373,0.704,0.72,0.806,0.07,0.237,0.444
0.319,0.372,0.704,0.72,0.806,0.07,0.237,0.444
0.319,0.372,0.703,0.719,0.805,0.071,0.237,0.444
0.319,0.372,0.703,0.719,0.805,0.07,0.237,0.443
0.319,0.371,0.703,0.718,0.804,0.07,0.237,0.443
0.319,0.371,0.703,0.718,0.803,0.07,0.237,0.443
0.318,0.37,0.702,0.717,0.803,0.07,0.236,0.442
0.318,0.37,0.702,0.717,0.802,0.07,0.236,0.442
0.318,0.369,0.702,0.716,0.801,0.07,0.236,0.442
0.318,0.369,0.702,0.716,0.801,0.07,0.236,0.441
0.318,0.369,0.701,0.715,0.8,0.07,0.236,0.441
0.317,0.369,0.701,0.715,0.8,0.07,0.236,0.441
0.317,0.368,0.701,0.714,0.799,0.07,0.236,0.441
0.317,0.368,0.701,0.714,0.799,0.07,0.236,0.44
0.317,0.368,0.701,0.713,0.798,0.07,0.236,0.44
0.317,0.367,0.7,0.713,0.798,0.07,0.236,0.44
0.316,0.367,0.7,0.712,0.797,0.07,0.236,0.439
0.316,0.366,0.7,0.712,0.797,0.07,0.236,0.439
0.316,0.366,0.7,0.711,0.796,0.07,0.236,0.438
0.316,0.366,0.699,0.711,0.795,0.07,0.236,0.438
0.316,0.366,0.699,0.71,0.795,0.07,0.236,0.438
0.315,0.365,0.699,0.71,0.794,0.07,0.236,0.437
0.315,0.365,0.699,0.709,0.794,0.069,0.236,0.437
0.315,0.365,0.698,0.709,0.793,0.07,0.236,0.437
0.315,0.364,0.698,0.708,0.793,0.07,0.236,0.436
0.315,0.364,0.698,0.708,0.792,0.069,0.236,0.436
0.315,0.364,0.698,0.707,0.792,0.069,0.236,0.436
0.314,0.363,0.697,0.707,0.791,0.069,0.236,0.435
0.314,0.363,0.697,0.707,0.791,0.069,0.236,0.435
0.314,0.363,0.697,0.706,0.79,0.069,0.236,0.434
0.314,0.363,0.697,0.705,0.79,0.069,0.236,0.434
0.313,0.362,0.696,0.705,0.789,0.069,0.236,0.434
0.313,0.362,0.696,0.705,0.789,0.069,0.235,0.433
0.313,0.362,0.696,0.704,0.788,0.069,0.235,0.433
0.313,0.362,0.696,0.704,0.788,0.069,0.235,0.433
0.313,0.361,0.695,0.703,0.787,0.069,0.235,0.432
0.312,0.361,0.695,0.703,0.787,0.069,0.235,0.432
0.312,0.36,0.695,0.702,0.786,0.069,0.235,0.431
0.312,0.36,0.695,0.702,0.786,0.069,0.235,0.431
0.312,0.36,0.694,0.701,0.785,0.069,0.235,0.431
0.312,0.36,0.694,0.701,0.784,0.069,0.235,0.43
0.311,0.359,0.694,0.701,0.784,0.069,0.235,0.43
0.311,0.359,0.694,0.7,0.784,0.069,0.235,0.43
0.311,0.359,0.694,0.7,0.783,0.069,0.235,0.429
0.311,0.359,0.693,0.699,0.783,0.069,0.235,0.429
0.311,0.358,0.693,0.699,0.782,0.069,0.235,0.429
0.31,0.358,0.693,0.698,0.782,0.069,0.235,0.428
0.31,0.358,0.693,0.698,0.781,0.068,0.235,0.428
0.31,0.357,0.692,0.697,0.781,0.068,0.235,0.428
0.31,0.357,0.692,0.697,0.78,0.068,0.235,0.427
0.31,0.357,0.692,0.696,0.78,0.068,0.235,0.427
0.31,0.357,0.692,0.696,0.779,0.068,0.235,0.427
0.309,0.356,0.692,0.696,0.779,0.068,0.235,0.426
0.309,0.356,0.691,0.695,0.778,0.068,0.235,0.426
0.309,0.356,0.691,0.695,0.778,0.068,0.234,0.426
0.309,0.356,0.691,0.694,0.778,0.068,0.234,0.425
0.308,0.356,0.691,0.694,0.777,0.068,0.234,0.425
0.308,0.355,0.69,0.693,0.776,0.068,0.234,0.425
0.308,0.355,0.69,0.693,0.776,0.068,0.234,0.424
0.308,0.355,0.69,0.693,0.776,0.068,0.234,0.424
0.308,0.355,0.69,0.692,0.775,0.068,0.234,0.424
0.308,0.354,0.689,0.692,0.775,0.068,0.234,0.424
0.307,0.354,0.689,0.691,0.774,0.068,0.234,0.423
0.307,0.354,0.689,0.691,0.774,0.068,0.234,0.423
0.307,0.354,0.689,0.691,0.773,0.068,0.234,0.423
0.307,0.354,0.689,0.69,0.773,0.068,0.234,0.422
0.307,0.353,0.688,0.69,0.772,0.068,0.234,0.422
0.306,0.353,0.688,0.689,0.772,0.068,0.234,0.422
0.306,0.353,0.688,0.689,0.771,0.068,0.234,0.422
0.306,0.353,0.688,0.688,0.771,0.068,0.234,0.421
0.306,0.353,0.687,0.688,0.77,0.068,0.234,0.421
0.306,0.353,0.687,0.688,0.77,0.068,0.234,0.421
0.305,0.352,0.687,0.687,0.769,0.068,0.234,0.42
0.305,0.352,0.687,0.687,0.769,0.068,0.234,0.42
0.305,0.352,0.686,0.686,0.768,0.067,0.234,0.42
0.305,0.352,0.686,0.686,0.768,0.067,0.233,0.42
0.305,0.352,0.686,0.685,0.767,0.067,0.234,0.419
0.305,0.351,0.686,0.685,0.767,0.067,0.233,0.419
0.304,0.351,0.686,0.685,0.766,0.067,0.233,0.419
0.304,0.351,0.685,0.684,0.766,0.067,0.233,0.418
0.304,0.351,0.685,0.684,0.765,0.067,0.233,0.418
0.304,0.351,0.685,0.683,0.765,0.067,0.233,0.418
0.303,0.35,0.685,0.683,0.764,0.067,0.233,0.418
0.304,0.35,0.684,0.683,0.764,0.067,0.233,0.417
0.303,0.35,0.684,0.682,0.763,0.067,0.233,0.417
0.303,0.35,0.684,0.682,0.763,0.067,0.233,0.417
0.303,0.35,0.684,0.681,0.763,0.067,0.233,0.416
0.303,0.349,0.684,0.681,0.762,0.067,0.233,0.416
0.303,0.349,0.683,0.68,0.762,0.067,0.233,0.416
0.302,0.349,0.683,0.68,0.761,0.067,0.233,0.416
0.302,0.349,0.683,0.68,0.761,0.067,0.233,0.415
0.302,0.348,0.683,0.679,0.76,0.067,0.233,0.415
0.302,0.348,0.682,0.679,0.76,0.067,0.233,0.415
0.302,0.348,0.682,0.679,0.759,0.067,0.233,0.414
0.301,0.348,0.682,0.678,0.759,0.067,0.233,0.414
0.301,0.348,0.682,0.678,0.758,0.067,0.233,0.414
0.301,0.347,0.681,0.677,0.758,0.067,0.233,0.414
0.301,0.347,0.681,0.677,0.758,0.067,0.233,0.413
0.301,0.347,0.681,0.677,0.757,0.067,0.233,0.413
0.301,0.347,0.681,0.676,0.757,0.067,0.233,0.413
0.3,0.346,0.68,0.676,0.757,0.067,0.232,0.413
0.3,0.346,0.68,0.675,0.756,0.067,0.233,0.412
0.3,0.346,0.68,0.675,0.756,0.066,0.232,0.412
0.3,0.346,0.68,0.675,0.755,0.067,0.232,0.412
0.299,0.346,0.68,0.674,0.755,0.066,0.232,0.411
0.299,0.346,0.679,0.674,0.755,0.066,0.232,0.411
0.299,0.346,0.679,0.673,0.754,0.066,0.232,0.411
0.299,0.346,0.679,0.673,0.754,0.066,0.232,0.41
0.299,0.345,0.679,0.673,0.754,0.066,0.232,0.41
0.299,0.345,0.679,0.672,0.753,0.066,0.232,0.41
0.299,0.345,0.678,0.672,0.753,0.066,0.232,0.41
0.298,0.345,0.678,0.672,0.752,0.066,0.232,0.409
0.298,0.345,0.678,0.672,0.752,0.066,0.232,0.409
0.298,0.345,0.678,0.671,0.752,0.066,0.232,0.409
0.298,0.345,0.677,0.671,0.751,0.066,0.232,0.409
0.298,0.344,0.677,0.67,0.751,0.066,0.232,0.408
0.297,0.344,0.677,0.67,0.75,0.066,0.232,0.408
0.297,0.344,0.677,0.67,0.75,0.066,0.232,0.408
0.297,0.344,0.677,0.669,0.749,0.066,0.232,0.407
0.297,0.344,0.676,0.669,0.749,0.066,0.232,0.407
0.297,0.343,0.676,0.668,0.748,0.066,0.232,0.407
0.296,0.343,0.676,0.668,0.748,0.066,0.232,0.407
0.296,0.343,0.675,0.668,0.748,0.066,0.232,0.406
0.296,0.343,0.675,0.667,0.747,0.066,0.232,0.406
0.296,0.343,0.675,0.667,0.747,0.066,0.232,0.406
0.296,0.342,0.675,0.667,0.747,0.066,0.232,0.406
0.296,0.342,0.675,0.666,0.746,0.066,0.231,0.405
0.295,0.343,0.675,0.666,0.746,0.066,0.231,0.405
0.295,0.342,0.674,0.666,0.745,0.066,0.231,0.405
0.295,0.342,0.674,0.665,0.745,0.066,0.231,0.404
0.295,0.342,0.674,0.665,0.744,0.066,0.231,0.404
0.295,0.342,0.673,0.664,0.744,0.066,0.231,0.404
0.294,0.342,0.673,0.664,0.744,0.066,0.231,0.404
0.294,0.341,0.673,0.664,0.743,0.065,0.231,0.404
0.294,0.341,0.673,0.663,0.743,0.065,0.231,0.403
0.294,0.341,0.673,0.663,0.742,0.065,0.231,0.403
0.293,0.341,0.673,0.663,0.742,0.065,0.231,0.403
0.293,0.341,0.672,0.662,0.741,0.065,0.231,0.403
0.293,0.341,0.672,0.662,0.741,0.065,0.231,0.402
0.293,0.341,0.672,0.661,0.74,0.065,0.231,0.402
0.293,0.34,0.672,0.661,0.74,0.065,0.231,0.402
0.293,0.34,0.671,0.661,0.739,0.065,0.231,0.402
0.293,0.34,0.671,0.66,0.739,0.065,0.231,0.401
0.292,0.34,0.671,0.66,0.738,0.065,0.231,0.401
0.292,0.34,0.671,0.66,0.738,0.065,0.231,0.401
0.292,0.34,0.671,0.659,0.738,0.065,0.231,0.4
0.292,0.34,0.67,0.659,0.737,0.065,0.231,0.4
0.292,0.339,0.67,0.659,0.737,0.065,0.231,0.4
0.291,0.339,0.67,0.658,0.736,0.065,0.231,0.4
0.291,0.339,0.67,0.658,0.736,0.065,0.231,0.399
0.291,0.339,0.669,0.658,0.735,0.065,0.23,0.399
0.291,0.339,0.669,0.657,0.735,0.065,0.23,0.399
0.291,0.339,0.669,0.657,0.735,0.065,0.231,0.399
0.291,0.339,0.669,0.657,0.735,0.065,0.23,0.398
0.291,0.338,0.669,0.656,0.734,0.065,0.231,0.398
0.29,0.338,0.668,0.656,0.734,0.065,0.23,0.398
0.29,0.338,0.668,0.655,0.733,0.065,0.23,0.398
0.29,0.338,0.668,0.655,0.733,0.065,0.23,0.397
0.29,0.338,0.668,0.655,0.733,0.065,0.23,0.397
0.29,0.338,0.668,0.655,0.732,0.065,0.23,0.397
0.289,0.337,0.667,0.655,0.732,0.065,0.23,0.397
0.289,0.337,0.667,0.654,0.731,0.065,0.23,0.397
0.289,0.337,0.667,0.654,0.731,0.065,0.23,0.396
0.289,0.337,0.667,0.653,0.731,0.065,0.23,0.396
0.289,0.337,0.666,0.653,0.73,0.065,0.23,0.396
0.288,0.337,0.666,0.653,0.73,0.064,0.23,0.396
0.288,0.337,0.666,0.652,0.73,0.064,0.23,0.395
0.288,0.337,0.666,0.652,0.729,0.064,0.23,0.395
0.288,0.337,0.666,0.652,0.729,0.064,0.23,0.395
0.288,0.336,0.665,0.651,0.729,0.064,0.23,0.395
0.288,0.336,0.665,0.651,0.728,0.064,0.23,0.395
0.288,0.336,0.665,0.651,0.728,0.064,0.23,0.394
0.287,0.336,0.665,0.651,0.728,0.064,0.23,0.394
0.287,0.336,0.665,0.65,0.727,0.064,0.23,0.394
0.287,0.336,0.664,0.65,0.727,0.064,0.229,0.394
0.287,0.336,0.664,0.65,0.726,0.064,0.229,0.394
0.287,0.335,0.664,0.649,0.726,0.064,0.229,0.393
0.286,0.335,0.664,0.649,0.726,0.064,0.229,0.393
0.286,0.335,0.663,0.648,0.725,0.064,0.229,0.393
0.286,0.335,0.663,0.648,0.725,0.064,0.229,0.393
0.286,0.335,0.663,0.648,0.725,0.064,0.229,0.392
0.286,0.335,0.663,0.647,0.724,0.064,0.229,0.392
0.286,0.335,0.663,0.647,0.724,0.064,0.229,0.392
0.285,0.334,0.662,0.647,0.723,0.064,0.229,0.392
0.285,0.334,0.662,0.646,0.723,0.064,0.229,0.392
0.285,0.334,0.662,0.646,0.723,0.064,0.229,0.391
0.285,0.334,0.662,0.646,0.722,0.064,0.229,0.391
0.285,0.334,0.662,0.646,0.722,0.064,0.229,0.391
0.285,0.334,0.661,0.645,0.722,0.064,0.229,0.391
0.284,0.334,0.661,0.645,0.721,0.064,0.229,0.39
0.284,0.334,0.661,0.644,0.721,0.064,0.229,0.39
0.284,0.333,0.661,0.644,0.721,0.064,0.229,0.39
0.284,0.333,0.66,0.644,0.72,0.064,0.229,0.39
0.284,0.333,0.66,0.643,0.72,0.064,0.229,0.39
0.283,0.333,0.66,0.643,0.719,0.064,0.229,0.389
0.283,0.333,0.66,0.643,0.719,0.064,0.229,0.389
0.283,0.333,0.66,0.643,0.719,0.064,0.229,0.389
0.283,0.333,0.659,0.642,0.718,0.064,0.229,0.389
0.283,0.333,0.659,0.642,0.718,0.064,0.228,0.389
0.283,0.333,0.659,0.642,0.718,0.063,0.228,0.389
0.282,0.333,0.659,0.641,0.718,0.063,0.229,0.388
0.282,0.332,0.658,0.641,0.717,0.063,0.228,0.388
0.282,0.332,0.658,0.641,0.717,0.063,0.228,0.388
0.282,0.332,0.658,0.641,0.717,0.063,0.228,0.387
0.282,0.332,0.658,0.64,0.716,0.063,0.228,0.387
0.282,0.332,0.658,0.64,0.716,0.063,0.228,0.387
0.281,0.332,0.657,0.64,0.715,0.063,0.228,0.387
0.281,0.332,0.657,0.639,0.715,0.063,0.228,0.387
0.281,0.332,0.657,0.639,0.715,0.063,0.228,0.386
0.281,0.332,0.657,0.639,0.714,0.063,0.228,0.386
0.281,0.331,0.656,0.638,0.714,0.063,0.228,0.386
0.281,0.331,0.656,0.638,0.714,0.063,0.228,0.386
0.28,0.331,0.656,0.638,0.713,0.063,0.228,0.386
0.28,0.331,0.656,0.637,0.713,0.063,0.228,0.385
0.28,0.331,0.656,0.637,0.713,0.063,0.228,0.385
0.28,0.331,0.655,0.637,0.712,0.063,0.228,0.385
0.28,0.331,0.655,0.637,0.709,0.063,0.227,0.384
0.28,0.331,0.656,0.637,0.712,0.063,0.228,0.385
0.28,0.331,0.655,0.636,0.712,0.063,0.228,0.385
0.279,0.331,0.655,0.636,0.711,0.063,0.228,0.385
0.279,0.33,0.654,0.635,0.711,0.063,0.228,0.384
0.278,0.329,0.653,0.634,0.709,0.063,0.227,0.383
0.279,0.33,0.653,0.634,0.709,0.063,0.227,0.383
0.279,0.33,0.654,0.635,0.71,0.063,0.227,0.384
0.279,0.33,0.654,0.635,0.71,0.063,0.228,0.384
0.278,0.33,0.654,0.634,0.709,0.063,0.228,0.383
0.278,0.329,0.653,0.633,0.709,0.063,0.227,0.383
0.277,0.328,0.651,0.632,0.707,0.062,0.227,0.382
0.277,0.329,0.652,0.632,0.707,0.063,0.227,0.382
0.278,0.33,0.653,0.633,0.708,0.063,0.227,0.382
0.278,0.33,0.653,0.633,0.708,0.063,0.228,0.382
0.278,0.329,0.652,0.632,0.707,0.063,0.227,0.382
0.277,0.329,0.652,0.631,0.707,0.063,0.227,0.382
0.276,0.328,0.65,0.63,0.705,0.062,0.227,0.381
0.277,0.329,0.651,0.63,0.705,0.063,0.226,0.38
0.277,0.329,0.652,0.631,0.706,0.063,0.227,0.381
0.277,0.329,0.652,0.631,0.706,0.063,0.227,0.381
0.276,0.329,0.651,0.631,0.705,0.063,0.227,0.381
0.276,0.329,0.65,0.63,0.705,0.063,0.227,0.38
0.276,0.328,0.649,0.628,0.703,0.062,0.226,0.38
0.276,0.328,0.649,0.628,0.703,0.062,0.226,0.379
0.276,0.329,0.65,0.63,0.704,0.063,0.227,0.38
0.276,0.329,0.65,0.629,0.704,0.063,0.227,0.38
0.276,0.329,0.65,0.629,0.703,0.062,0.227,0.38
0.275,0.328,0.649,0.628,0.703,0.062,0.227,0.379
0.275,0.327,0.648,0.627,0.701,0.062,0.226,0.378
0.275,0.328,0.648,0.627,0.701,0.062,0.226,0.378
0.275,0.328,0.649,0.628,0.702,0.063,0.227,0.379
0.275,0.328,0.649,0.628,0.702,0.062,0.227,0.379
0.275,0.328,0.649,0.627,0.701,0.062,0.226,0.379
0.274,0.328,0.648,0.626,0.701,0.062,0.226,0.378
0.274,0.327,0.647,0.625,0.699,0.062,0.226,0.377
0.274,0.327,0.647,0.625,0.699,0.062,0.226,0.377
0.274,0.328,0.648,0.626,0.7,0.062,0.226,0.378
0.274,0.328,0.648,0.626,0.7,0.062,0.227,0.378
0.274,0.327,0.647,0.626,0.7,0.062,0.226,0.378
0.273,0.327,0.647,0.625,0.699,0.062,0.226,0.377
0.273,0.326,0.645,0.623,0.698,0.062,0.226,0.376
0.273,0.326,0.646,0.623,0.697,0.062,0.226,0.376
0.273,0.327,0.647,0.624,0.698,0.062,0.226,0.377
0.273,0.327,0.647,0.625,0.699,0.062,0.226,0.377
0.273,0.327,0.646,0.624,0.698,0.062,0.226,0.377
0.273,0.326,0.646,0.623,0.697,0.062,0.226,0.376
0.272,0.325,0.644,0.622,0.695,0.062,0.225,0.375
0.272,0.326,0.644,0.622,0.695,0.062,0.225,0.375
0.273,0.326,0.646,0.623,0.697,0.062,0.226,0.376
0.272,0.326,0.646,0.623,0.697,0.062,0.226,0.376
0.272,0.326,0.645,0.622,0.696,0.062,0.226,0.376
0.272,0.326,0.644,0.622,0.695,0.062,0.226,0.375
0.271,0.325,0.643,0.621,0.694,0.062,0.225,0.375
0.271,0.325,0.643,0.62,0.693,0.061,0.225,0.374
0.272,0.326,0.644,0.621,0.695,0.062,0.225,0.375
0.271,0.326,0.645,0.621,0.695,0.062,0.226,0.375
0.271,0.325,0.644,0.621,0.694,0.062,0.226,0.375
0.271,0.325,0.643,0.62,0.694,0.062,0.226,0.374
0.27,0.324,0.642,0.619,0.692,0.062,0.225,0.374
0.27,0.325,0.642,0.619,0.692,0.062,0.225,0.374
0.271,0.325,0.643,0.62,0.693,0.062,0.225,0.374
0.27,0.325,0.643,0.62,0.693,0.062,0.226,0.374
0.27,0.325,0.643,0.619,0.692,0.062,0.225,0.373
0.27,0.325,0.643,0.619,0.692,0.062,0.225,0.373
0.27,0.325,0.642,0.619,0.692,0.062,0.225,0.373
0.27,0.324,0.642,0.618,0.691,0.062,0.225,0.373
0.269,0.324,0.642,0.618,0.691,0.062,0.225,0.373
0.269,0.324,0.642,0.618,0.691,0.062,0.225,0.373
0.269,0.324,0.642,0.618,0.69,0.061,0.225,0.372
0.269,0.324,0.641,0.617,0.69,0.062,0.225,0.372
0.269,0.324,0.641,0.617,0.69,0.062,0.225,0.372
0.269,0.324,0.641,0.617,0.69,0.062,0.225,0.372
0.269,0.324,0.641,0.617,0.69,0.062,0.225,0.372
0.269,0.324,0.641,0.616,0.689,0.061,0.225,0.371
0.269,0.324,0.64,0.616,0.689,0.061,0.225,0.371
0.268,0.324,0.64,0.616,0.689,0.061,0.225,0.371
0.268,0.323,0.64,0.615,0.688,0.061,0.225,0.371
0.268,0.323,0.64,0.615,0.688,0.061,0.225,0.371
0.268,0.323,0.64,0.615,0.688,0.061,0.225,0.371
0.268,0.323,0.64,0.615,0.688,0.061,0.225,0.37
0.268,0.323,0.639,0.615,0.687,0.061,0.225,0.37
0.267,0.323,0.639,0.614,0.687,0.061,0.225,0.37
0.267,0.323,0.639,0.614,0.687,0.061,0.225,0.37
0.267,0.323,0.639,0.614,0.686,0.061,0.225,0.37
0.267,0.323,0.639,0.614,0.686,0.061,0.225,0.37
0.267,0.323,0.638,0.614,0.686,0.061,0.225,0.369
0.267,0.323,0.638,0.613,0.686,0.061,0.225,0.369
0.267,0.323,0.638,0.613,0.685,0.061,0.225,0.369
0.267,0.323,0.638,0.613,0.685,0.061,0.225,0.369
0.267,0.323,0.638,0.613,0.685,0.061,0.225,0.369
0.266,0.323,0.638,0.612,0.685,0.061,0.225,0.369
0.266,0.322,0.638,0.612,0.684,0.061,0.224,0.369
0.266,0.322,0.637,0.612,0.684,0.061,0.225,0.368
0.266,0.322,0.637,0.612,0.684,0.061,0.225,0.368
0.266,0.322,0.637,0.611,0.684,0.061,0.224,0.368
0.266,0.322,0.637,0.611,0.684,0.061,0.224,0.368
0.266,0.322,0.637,0.611,0.683,0.061,0.224,0.368
0.266,0.322,0.637,0.611,0.683,0.061,0.225,0.368
0.265,0.322,0.636,0.611,0.683,0.061,0.224,0.368
0.265,0.322,0.636,0.611,0.683,0.061,0.224,0.368
0.265,0.322,0.636,0.61,0.682,0.061,0.224,0.367
0.265,0.322,0.636,0.61,0.682,0.061,0.224,0.367
0.265,0.321,0.636,0.61,0.682,0.061,0.224,0.367
0.265,0.321,0.635,0.609,0.681,0.061,0.224,0.367
0.265,0.321,0.635,0.609,0.681,0.061,0.224,0.367
0.265,0.321,0.635,0.609,0.681,0.061,0.224,0.367
0.264,0.321,0.635,0.609,0.681,0.061,0.224,0.367
0.264,0.321,0.635,0.608,0.681,0.061,0.224,0.367
0.264,0.321,0.635,0.608,0.68,0.061,0.224,0.366
0.264,0.321,0.635,0.608,0.68,0.061,0.224,0.366
0.264,0.321,0.634,0.608,0.68,0.061,0.224,0.366
0.264,0.321,0.634,0.608,0.68,0.061,0.224,0.366
0.264,0.321,0.634,0.607,0.679,0.061,0.224,0.366
0.263,0.321,0.634,0.607,0.679,0.061,0.224,0.366
0.263,0.321,0.634,0.607,0.679,0.061,0.224,0.366
0.263,0.32,0.634,0.607,0.679,0.061,0.224,0.366
0.263,0.32,0.633,0.607,0.678,0.061,0.224,0.365
0.263,0.32,0.633,0.606,0.678,0.061,0.224,0.365
0.263,0.32,0.633,0.606,0.678,0.061,0.224,0.365
0.263,0.32,0.633,0.606,0.678,0.061,0.224,0.365
0.263,0.32,0.633,0.605,0.677,0.061,0.224,0.365
0.263,0.32,0.633,0.605,0.677,0.061,0.224,0.365
0.262,0.32,0.632,0.605,0.677,0.061,0.224,0.365
0.262,0.32,0.631,0.604,0.676,0.061,0.224,0.365
0.261,0.318,0.629,0.602,0.673,0.06,0.223,0.363
0.261,0.318,0.629,0.601,0.672,0.06,0.222,0.362
0.262,0.319,0.632,0.604,0.675,0.061,0.223,0.363
0.263,0.32,0.634,0.606,0.677,0.061,0.224,0.365
0.262,0.32,0.633,0.606,0.677,0.061,0.224,0.365
0.261,0.319,0.631,0.603,0.675,0.061,0.224,0.364
0.26,0.318,0.628,0.6,0.672,0.06,0.223,0.362
0.26,0.318,0.628,0.6,0.671,0.06,0.222,0.361
0.261,0.319,0.631,0.602,0.673,0.06,0.223,0.362
0.262,0.32,0.633,0.605,0.676,0.061,0.224,0.364
0.262,0.32,0.632,0.604,0.676,0.061,0.224,0.364
0.261,0.318,0.63,0.602,0.673,0.061,0.224,0.363
0.259,0.317,0.627,0.599,0.67,0.06,0.223,0.361
0.26,0.317,0.627,0.599,0.669,0.06,0.222,0.361
0.261,0.319,0.63,0.601,0.672,0.06,0.223,0.361
0.261,0.32,0.631,0.603,0.674,0.061,0.224,0.363
0.261,0.319,0.631,0.603,0.674,0.061,0.224,0.363
0.26,0.318,0.629,0.601,0.672,0.06,0.223,0.362
0.259,0.317,0.626,0.598,0.669,0.06,0.222,0.36
0.259,0.317,0.626,0.597,0.668,0.06,0.222,0.36
0.26,0.318,0.628,0.6,0.67,0.06,0.223,0.361
0.261,0.319,0.631,0.602,0.672,0.061,0.224,0.362
0.26,0.319,0.63,0.602,0.673,0.061,0.224,0.363
0.259,0.318,0.628,0.599,0.67,0.06,0.223,0.362
0.258,0.316,0.625,0.597,0.667,0.06,0.222,0.36
0.258,0.316,0.625,0.596,0.666,0.06,0.222,0.359
0.259,0.318,0.627,0.598,0.669,0.06,0.222,0.36
0.26,0.319,0.63,0.6,0.671,0.061,0.224,0.362
0.26,0.318,0.63,0.6,0.671,0.06,0.224,0.362
0.258,0.317,0.627,0.598,0.669,0.06,0.223,0.361
0.257,0.316,0.625,0.596,0.666,0.06,0.222,0.359
0.257,0.316,0.624,0.595,0.665,0.06,0.222,0.358
0.258,0.317,0.627,0.597,0.667,0.06,0.222,0.359
0.259,0.318,0.629,0.599,0.669,0.061,0.224,0.361
0.259,0.318,0.628,0.599,0.67,0.06,0.224,0.361
0.258,0.317,0.626,0.597,0.668,0.06,0.223,0.36
0.257,0.316,0.624,0.595,0.665,0.06,0.222,0.358
0.257,0.316,0.623,0.594,0.663,0.06,0.221,0.357
0.258,0.317,0.626,0.596,0.666,0.06,0.222,0.358
0.259,0.318,0.628,0.598,0.668,0.06,0.223,0.36
0.258,0.318,0.628,0.598,0.668,0.06,0.224,0.36
0.257,0.317,0.625,0.596,0.666,0.06,0.223,0.36
0.256,0.315,0.623,0.593,0.663,0.06,0.222,0.358
0.256,0.315,0.622,0.592,0.662,0.06,0.221,0.357
0.257,0.316,0.625,0.595,0.664,0.06,0.222,0.358
0.258,0.318,0.627,0.597,0.667,0.06,0.223,0.359
0.258,0.318,0.627,0.597,0.667,0.06,0.223,0.36
0.257,0.316,0.625,0.595,0.665,0.06,0.223,0.359
0.255,0.315,0.622,0.592,0.662,0.06,0.222,0.357
0.255,0.315,0.621,0.591,0.661,0.06,0.221,0.356
0.256,0.316,0.623,0.593,0.663,0.06,0.222,0.356
0.257,0.317,0.626,0.595,0.665,0.06,0.223,0.358
0.257,0.317,0.626,0.596,0.666,0.06,0.223,0.358
0.256,0.315,0.624,0.593,0.664,0.06,0.223,0.358
0.255,0.314,0.621,0.591,0.661,0.06,0.221,0.356
0.255,0.314,0.62,0.59,0.659,0.059,0.221,0.355
0.256,0.315,0.622,0.592,0.661,0.06,0.221,0.355
0.256,0.316,0.624,0.594,0.664,0.06,0.223,0.357
0.256,0.316,0.625,0.594,0.664,0.06,0.223,0.358
0.255,0.315,0.623,0.592,0.662,0.06,0.222,0.356
0.255,0.315,0.623,0.592,0.662,0.06,0.222,0.356
0.255,0.315,0.622,0.592,0.661,0.06,0.222,0.356
0.255,0.315,0.622,0.592,0.661,0.06,0.222,0.356
0.255,0.315,0.622,0.591,0.661,0.06,0.222,0.356
0.255,0.315,0.622,0.591,0.661,0.06,0.222,0.356
0.255,0.315,0.622,0.591,0.661,0.06,0.222,0.355
0.255,0.315,0.622,0.591,0.66,0.06,0.222,0.355
0.255,0.315,0.622,0.591,0.66,0.06,0.222,0.355
0.254,0.315,0.621,0.591,0.66,0.06,0.222,0.355
0.254,0.315,0.621,0.59,0.66,0.06,0.222,0.355
0.254,0.315,0.621,0.59,0.659,0.06,0.222,0.355
0.254,0.315,0.621,0.59,0.659,0.06,0.222,0.355
0.254,0.315,0.621,0.59,0.659,0.06,0.222,0.354
0.254,0.314,0.621,0.59,0.659,0.06,0.222,0.355
0.254,0.315,0.621,0.59,0.659,0.06,0.222,0.354
0.254,0.315,0.621,0.59,0.659,0.06,0.222,0.354
0.254,0.315,0.621,0.59,0.659,0.06,0.222,0.354
0.254,0.315,0.62,0.589,0.659,0.06,0.222,0.354
0.254,0.314,0.62,0.589,0.658,0.06,0.222,0.354
0.253,0.314,0.62,0.589,0.658,0.06,0.222,0.354
0.253,0.314,0.62,0.589,0.658,0.06,0.222,0.354
0.253,0.314,0.62,0.589,0.658,0.06,0.222,0.354
0.253,0.314,0.62,0.588,0.658,0.06,0.222,0.353
0.253,0.314,0.62,0.588,0.657,0.06,0.222,0.353
0.253,0.314,0.62,0.588,0.657,0.06,0.222,0.353
0.253,0.314,0.619,0.588,0.657,0.06,0.222,0.353
0.253,0.314,0.619,0.588,0.657,0.06,0.222,0.353
0.253,0.314,0.619,0.587,0.656,0.06,0.222,0.353
0.253,0.314,0.619,0.587,0.656,0.06,0.222,0.353
0.252,0.314,0.619,0.587,0.656,0.06,0.222,0.353
0.252,0.313,0.619,0.587,0.656,0.06,0.222,0.352
0.252,0.313,0.619,0.587,0.656,0.06,0.222,0.352
0.252,0.314,0.618,0.587,0.656,0.06,0.222,0.352
0.252,0.313,0.618,0.586,0.655,0.06,0.222,0.352
0.252,0.313,0.618,0.586,0.655,0.06,0.222,0.352
0.252,0.313,0.618,0.586,0.655,0.06,0.222,0.352
0.252,0.313,0.618,0.586,0.655,0.06,0.222,0.352
0.252,0.313,0.618,0.586,0.655,0.06,0.222,0.351
0.252,0.313,0.618,0.586,0.655,0.06,0.222,0.351
0.251,0.313,0.617,0.585,0.654,0.06,0.222,0.351
0.251,0.313,0.617,0.585,0.654,0.059,0.222,0.351
0.251,0.313,0.617,0.585,0.654,0.06,0.222,0.351
0.251,0.312,0.617,0.585,0.654,0.06,0.222,0.351
0.251,0.312,0.617,0.585,0.653,0.06,0.221,0.351
0.251,0.312,0.617,0.585,0.653,0.06,0.221,0.351
0.251,0.312,0.617,0.584,0.653,0.06,0.221,0.351
0.251,0.312,0.617,0.584,0.653,0.06,0.221,0.35
0.251,0.312,0.616,0.584,0.653,0.059,0.221,0.35
0.251,0.312,0.616,0.584,0.653,0.059,0.221,0.35
0.25,0.312,0.616,0.584,0.652,0.06,0.221,0.35
0.25,0.312,0.616,0.583,0.652,0.059,0.221,0.35
0.25,0.312,0.616,0.583,0.652,0.059,0.221,0.35
0.25,0.312,0.616,0.583,0.652,0.059,0.221,0.349
0.25,0.312,0.616,0.583,0.652,0.059,0.221,0.349
0.25,0.312,0.615,0.583,0.651,0.059,0.221,0.349
0.25,0.312,0.615,0.583,0.651,0.06,0.221,0.349
0.25,0.312,0.615,0.582,0.651,0.059,0.221,0.349
0.25,0.311,0.615,0.582,0.651,0.06,0.221,0.349
0.249,0.311,0.615,0.582,0.651,0.059,0.221,0.348
0.249,0.312,0.615,0.582,0.65,0.059,0.221,0.348
0.249,0.311,0.614,0.582,0.65,0.059,0.221,0.348
0.249,0.311,0.614,0.581,0.65,0.059,0.221,0.348
0.249,0.311,0.614,0.581,0.65,0.059,0.221,0.348
0.25,0.312,0.615,0.582,0.65,0.06,0.221,0.348
0.249,0.312,0.615,0.582,0.651,0.059,0.221,0.348
0.249,0.311,0.614,0.581,0.65,0.06,0.221,0.348
0.248,0.31,0.613,0.58,0.648,0.06,0.221,0.347
0.248,0.31,0.611,0.578,0.646,0.059,0.22,0.346
0.248,0.311,0.612,0.579,0.647,0.059,0.22,0.346
0.249,0.312,0.614,0.581,0.649,0.06,0.221,0.348
0.249,0.311,0.614,0.581,0.649,0.059,0.221,0.347
0.248,0.311,0.613,0.58,0.649,0.06,0.221,0.347
0.247,0.31,0.612,0.579,0.647,0.059,0.221,0.346
0.247,0.31,0.61,0.577,0.645,0.059,0.22,0.345
0.248,0.31,0.611,0.578,0.646,0.059,0.22,0.345
0.248,0.311,0.613,0.58,0.648,0.059,0.221,0.346
0.248,0.311,0.613,0.58,0.648,0.059,0.221,0.347
0.248,0.311,0.613,0.579,0.647,0.059,0.221,0.346
0.247,0.31,0.611,0.578,0.646,0.059,0.221,0.346
0.246,0.309,0.609,0.576,0.644,0.059,0.22,0.344
0.247,0.31,0.611,0.577,0.644,0.059,0.22,0.345
0.248,0.311,0.613,0.579,0.647,0.059,0.221,0.346
0.248,0.31,0.613,0.579,0.647,0.059,0.221,0.346
0.247,0.31,0.612,0.578,0.646,0.059,0.221,0.346
0.246,0.309,0.61,0.576,0.645,0.059,0.22,0.345
0.246,0.309,0.609,0.575,0.643,0.059,0.22,0.344
0.247,0.31,0.61,0.576,0.643,0.059,0.22,0.344
0.247,0.31,0.612,0.578,0.645,0.059,0.221,0.345
0.247,0.31,0.612,0.578,0.646,0.059,0.221,0.345
0.246,0.31,0.611,0.577,0.645,0.059,0.221,0.345
0.246,0.309,0.61,0.576,0.643,0.059,0.22,0.344
0.245,0.309,0.608,0.574,0.641,0.059,0.22,0.343
0.246,0.309,0.609,0.575,0.642,0.059,0.22,0.343
0.247,0.31,0.611,0.576,0.644,0.059,0.221,0.344
0.246,0.31,0.611,0.577,0.644,0.059,0.221,0.345
0.246,0.31,0.61,0.576,0.644,0.059,0.221,0.344
0.245,0.309,0.609,0.575,0.642,0.059,0.22,0.344
0.245,0.308,0.607,0.573,0.64,0.059,0.22,0.342
0.245,0.309,0.608,0.573,0.64,0.059,0.22,0.342
0.246,0.31,0.61,0.575,0.643,0.059,0.22,0.343
0.246,0.31,0.61,0.575,0.643,0.059,0.221,0.344
0.246,0.31,0.61,0.575,0.642,0.059,0.221,0.343
0.245,0.309,0.608,0.573,0.641,0.059,0.22,0.343
0.244,0.308,0.606,0.571,0.639,0.059,0.219,0.342
0.244,0.309,0.607,0.572,0.639,0.059,0.219,0.341
0.245,0.309,0.609,0.574,0.642,0.059,0.22,0.343
0.245,0.31,0.609,0.574,0.642,0.059,0.221,0.343
0.245,0.309,0.609,0.574,0.641,0.059,0.22,0.343
0.244,0.308,0.607,0.572,0.64,0.059,0.22,0.342
0.243,0.308,0.605,0.571,0.638,0.059,0.219,0.341
0.244,0.308,0.606,0.571,0.638,0.059,0.219,0.341
0.245,0.309,0.608,0.573,0.64,0.059,0.22,0.342
0.245,0.309,0.608,0.573,0.641,0.059,0.221,0.343
0.244,0.309,0.608,0.573,0.64,0.059,0.22,0.342
0.244,0.308,0.606,0.571,0.639,0.059,0.22,0.342
0.243,0.307,0.605,0.57,0.637,0.059,0.219,0.34
0.243,0.308,0.605,0.57,0.637,0.059,0.219,0.34
0.244,0.309,0.607,0.572,0.639,0.059,0.22,0.341
0.244,0.309,0.608,0.572,0.64,0.059,0.22,0.342
0.244,0.308,0.607,0.572,0.639,0.059,0.22,0.341
0.243,0.308,0.606,0.571,0.638,0.059,0.22,0.341
0.243,0.307,0.604,0.569,0.636,0.059,0.219,0.34
0.243,0.307,0.605,0.569,0.635,0.059,0.219,0.339
0.244,0.309,0.607,0.571,0.637,0.059,0.22,0.341
0.243,0.308,0.606,0.57,0.637,0.059,0.22,0.341
0.243,0.308,0.606,0.57,0.637,0.059,0.22,0.34
0.243,0.308,0.605,0.57,0.637,0.059,0.22,0.34
0.243,0.308,0.605,0.57,0.637,0.059,0.22,0.34
0.243,0.308,0.605,0.57,0.637,0.059,0.22,0.34
0.243,0.308,0.605,0.569,0.636,0.059,0.22,0.34
0.243,0.308,0.605,0.569,0.636,0.059,0.22,0.34
0.243,0.308,0.605,0.569,0.636,0.059,0.22,0.34
0.243,0.308,0.605,0.569,0.636,0.059,0.22,0.34
0.242,0.308,0.605,0.569,0.636,0.059,0.22,0.339
0.242,0.308,0.604,0.568,0.635,0.059,0.22,0.339
0.242,0.308,0.604,0.568,0.635,0.059,0.22,0.339
0.242,0.308,0.604,0.568,0.635,0.059,0.219,0.339
0.242,0.307,0.604,0.568,0.635,0.059,0.22,0.339
0.242,0.307,0.604,0.568,0.634,0.059,0.219,0.339
0.242,0.307,0.604,0.567,0.634,0.059,0.22,0.339
0.242,0.307,0.603,0.567,0.634,0.059,0.22,0.339
0.241,0.307,0.603,0.567,0.634,0.059,0.219,0.339
0.241,0.307,0.603,0.567,0.634,0.059,0.22,0.339
0.241,0.307,0.603,0.567,0.634,0.059,0.219,0.338
0.241,0.307,0.603,0.567,0.633,0.059,0.219,0.339
0.241,0.307,0.603,0.566,0.633,0.059,0.219,0.338
0.241,0.307,0.603,0.566,0.633,0.059,0.219,0.338
0.241,0.306,0.603,0.566,0.633,0.059,0.219,0.338
0.241,0.306,0.603,0.566,0.633,0.059,0.219,0.338
0.241,0.306,0.602,0.566,0.632,0.059,0.219,0.338
0.241,0.306,0.602,0.565,0.632,0.059,0.219,0.338
0.241,0.306,0.602,0.565,0.632,0.059,0.219,0.338
0.241,0.306,0.602,0.565,0.632,0.059,0.219,0.338
0.24,0.306,0.602,0.565,0.631,0.059,0.219,0.338
0.24,0.306,0.602,0.565,0.631,0.059,0.219,0.337
0.24,0.306,0.602,0.564,0.631,0.059,0.219,0.337
0.24,0.306,0.601,0.564,0.631,0.059,0.219,0.337
0.24,0.306,0.601,0.564,0.631,0.059,0.219,0.337
0.24,0.306,0.601,0.564,0.631,0.059,0.219,0.337
0.24,0.306,0.601,0.564,0.63,0.059,0.219,0.337
0.24,0.306,0.601,0.564,0.63,0.058,0.219,0.337
0.24,0.306,0.601,0.564,0.63,0.059,0.219,0.337
0.24,0.306,0.601,0.564,0.63,0.059,0.219,0.336
0.24,0.306,0.601,0.563,0.63,0.059,0.219,0.336
0.24,0.306,0.6,0.563,0.629,0.059,0.219,0.336
0.239,0.306,0.6,0.563,0.629,0.059,0.219,0.336
0.239,0.305,0.6,0.563,0.629,0.059,0.219,0.336
0.239,0.305,0.6,0.562,0.629,0.059,0.219,0.336
0.239,0.305,0.6,0.562,0.629,0.059,0.219,0.336
0.239,0.305,0.6,0.562,0.628,0.059,0.219,0.335
0.239,0.305,0.599,0.562,0.628,0.059,0.219,0.335
0.239,0.305,0.599,0.562,0.628,0.058,0.219,0.335
0.239,0.305,0.599,0.562,0.628,0.059,0.219,0.335
0.239,0.305,0.599,0.561,0.628,0.058,0.219,0.335
0.239,0.305,0.599,0.561,0.627,0.058,0.219,0.335
0.238,0.305,0.599,0.561,0.627,0.058,0.219,0.335
0.238,0.305,0.599,0.561,0.627,0.059,0.219,0.335
0.238,0.305,0.599,0.561,0.627,0.059,0.219,0.335
0.238,0.305,0.598,0.561,0.626,0.058,0.219,0.335
0.238,0.305,0.598,0.56,0.626,0.058,0.219,0.334
0.238,0.305,0.598,0.56,0.626,0.058,0.219,0.335
0.238,0.305,0.598,0.56,0.626,0.059,0.219,0.334
0.238,0.305,0.598,0.56,0.626,0.058,0.219,0.334
0.238,0.304,0.598,0.56,0.626,0.058,0.219,0.334
0.238,0.305,0.598,0.56,0.625,0.058,0.219,0.334
0.238,0.305,0.598,0.559,0.625,0.058,0.219,0.334
0.238,0.304,0.598,0.559,0.625,0.058,0.219,0.334
0.237,0.304,0.596,0.558,0.624,0.058,0.218,0.333
0.237,0.304,0.596,0.558,0.623,0.058,0.218,0.333
0.238,0.305,0.597,0.559,0.624,0.058,0.218,0.334
0.237,0.305,0.598,0.559,0.625,0.058,0.219,0.334
0.237,0.304,0.597,0.559,0.624,0.058,0.218,0.334
0.237,0.304,0.597,0.558,0.624,0.058,0.218,0.334
0.237,0.303,0.595,0.557,0.622,0.058,0.218,0.333
0.237,0.303,0.595,0.557,0.622,0.058,0.218,0.333
0.237,0.304,0.596,0.558,0.623,0.058,0.218,0.333
0.237,0.304,0.597,0.558,0.623,0.058,0.219,0.334
0.237,0.304,0.596,0.558,0.623,0.058,0.218,0.333
0.237,0.304,0.596,0.557,0.623,0.058,0.218,0.333
0.236,0.303,0.595,0.556,0.621,0.058,0.218,0.332
0.236,0.303,0.595,0.556,0.62,0.058,0.218,0.332
0.236,0.304,0.596,0.557,0.622,0.058,0.218,0.332
0.236,0.304,0.596,0.557,0.622,0.058,0.219,0.333
0.236,0.304,0.596,0.556,0.622,0.058,0.218,0.333
0.236,0.303,0.595,0.556,0.621,0.058,0.218,0.332
0.235,0.303,0.594,0.555,0.62,0.058,0.218,0.332
0.236,0.303,0.594,0.555,0.619,0.058,0.218,0.331
0.236,0.303,0.595,0.556,0.62,0.058,0.218,0.332
0.236,0.304,0.595,0.556,0.621,0.059,0.218,0.333
0.236,0.303,0.595,0.556,0.62,0.058,0.218,0.332
0.235,0.303,0.594,0.555,0.62,0.058,0.218,0.332
0.235,0.303,0.593,0.554,0.619,0.058,0.218,0.331
0.235,0.303,0.593,0.554,0.618,0.058,0.218,0.331
0.235,0.303,0.594,0.554,0.619,0.058,0.218,0.331
0.235,0.303,0.594,0.555,0.62,0.058,0.218,0.332
0.235,0.303,0.594,0.554,0.619,0.058,0.218,0.331
0.235,0.303,0.594,0.554,0.619,0.058,0.218,0.331
0.234,0.302,0.592,0.553,0.618,0.058,0.218,0.33
0.234,0.302,0.592,0.553,0.617,0.058,0.218,0.33
0.235,0.303,0.593,0.553,0.618,0.058,0.218,0.33
0.235,0.303,0.594,0.554,0.619,0.058,0.218,0.331
0.235,0.303,0.593,0.554,0.618,0.058,0.218,0.331
0.234,0.302,0.593,0.553,0.618,0.058,0.218,0.33
0.234,0.302,0.592,0.552,0.617,0.058,0.218,0.33
0.234,0.302,0.591,0.551,0.616,0.058,0.217,0.329
0.234,0.302,0.592,0.552,0.617,0.058,0.218,0.33
0.234,0.303,0.593,0.553,0.618,0.058,0.218,0.33
0.234,0.302,0.593,0.553,0.617,0.058,0.218,0.33
0.234,0.302,0.592,0.552,0.617,0.058,0.218,0.33
0.233,0.302,0.591,0.551,0.616,0.058,0.217,0.329
0.233,0.302,0.591,0.551,0.615,0.058,0.217,0.328
0.234,0.302,0.592,0.552,0.616,0.058,0.217,0.329
0.234,0.302,0.592,0.552,0.617,0.058,0.218,0.329
0.234,0.302,0.592,0.552,0.616,0.058,0.218,0.329
0.233,0.302,0.591,0.551,0.616,0.058,0.218,0.329
0.233,0.301,0.59,0.55,0.615,0.058,0.217,0.328
0.233,0.301,0.59,0.55,0.614,0.058,0.217,0.328
0.233,0.302,0.591,0.551,0.615,0.058,0.218,0.328
0.233,0.302,0.591,0.551,0.616,0.058,0.218,0.329
0.233,0.302,0.591,0.55,0.615,0.058,0.218,0.328
0.233,0.302,0.59,0.55,0.615,0.058,0.217,0.328
0.232,0.301,0.589,0.549,0.614,0.058,0.217,0.328
0.232,0.301,0.589,0.548,0.613,0.058,0.217,0.327
0.232,0.301,0.59,0.549,0.614,0.058,0.217,0.328
0.233,0.301,0.59,0.55,0.615,0.058,0.217,0.328
0.232,0.301,0.59,0.55,0.614,0.058,0.217,0.328
0.232,0.301,0.589,0.549,0.614,0.058,0.217,0.328
0.232,0.301,0.589,0.549,0.613,0.058,0.217,0.327
0.232,0.301,0.589,0.549,0.613,0.058,0.217,0.327
0.232,0.301,0.589,0.548,0.613,0.058,0.217,0.327
0.232,0.301,0.589,0.548,0.613,0.058,0.217,0.327
0.232,0.301,0.589,0.548,0.613,0.058,0.217,0.327
0.232,0.301,0.589,0.548,0.613,0.058,0.217,0.327
0.232,0.301,0.589,0.548,0.612,0.058,0.217,0.327
0.232,0.301,0.588,0.548,0.612,0.058,0.217,0.327
0.231,0.301,0.588,0.547,0.612,0.058,0.217,0.326
0.231,0.301,0.588,0.547,0.612,0.058,0.217,0.326
0.231,0.301,0.588,0.547,0.612,0.058,0.217,0.326
0.231,0.301,0.588,0.547,0.611,0.058,0.217,0.326
0.231,0.301,0.588,0.547,0.611,0.058,0.217,0.326
0.231,0.3,0.588,0.547,0.611,0.058,0.217,0.326
0.231,0.3,0.588,0.546,0.611,0.058,0.217,0.326
0.231,0.3,0.587,0.546,0.61,0.058,0.217,0.326
0.231,0.3,0.587,0.546,0.61,0.058,0.217,0.326
0.231,0.3,0.587,0.546,0.61,0.058,0.217,0.326
0.231,0.3,0.587,0.546,0.61,0.058,0.217,0.325
0.231,0.3,0.587,0.546,0.61,0.058,0.217,0.325
0.23,0.3,0.587,0.546,0.61,0.058,0.217,0.325
0.23,0.3,0.587,0.545,0.609,0.058,0.217,0.325
0.23,0.3,0.586,0.545,0.609,0.058,0.217,0.325
0.23,0.3,0.586,0.545,0.609,0.058,0.217,0.325
0.23,0.3,0.586,0.545,0.609,0.058,0.217,0.325
0.23,0.3,0.586,0.545,0.609,0.058,0.217,0.325
0.23,0.3,0.586,0.545,0.609,0.058,0.217,0.325
0.23,0.3,0.586,0.544,0.608,0.058,0.217,0.324
0.23,0.3,0.586,0.544,0.608,0.058,0.216,0.324
0.23,0.3,0.585,0.544,0.608,0.058,0.217,0.324
0.23,0.3,0.585,0.544,0.608,0.058,0.217,0.324
0.23,0.299,0.585,0.544,0.607,0.058,0.216,0.324
0.229,0.3,0.585,0.544,0.608,0.058,0.216,0.324
0.229,0.3,0.585,0.544,0.608,0.058,0.216,0.324
0.229,0.299,0.585,0.543,0.607,0.058,0.216,0.324
0.229,0.299,0.585,0.543,0.607,0.058,0.216,0.324
0.229,0.299,0.585,0.543,0.607,0.058,0.216,0.324
0.229,0.299,0.585,0.543,0.607,0.058,0.216,0.323
0.229,0.299,0.585,0.543,0.606,0.058,0.216,0.323
0.229,0.299,0.584,0.543,0.606,0.058,0.216,0.323
0.229,0.299,0.584,0.542,0.606,0.058,0.216,0.323
0.229,0.299,0.584,0.542,0.606,0.058,0.216,0.323
0.229,0.299,0.584,0.542,0.606,0.058,0.216,0.323
0.229,0.299,0.584,0.542,0.606,0.058,0.216,0.323
0.228,0.299,0.584,0.542,0.605,0.058,0.216,0.323
0.228,0.299,0.584,0.542,0.605,0.058,0.216,0.323
0.228,0.299,0.583,0.542,0.605,0.058,0.216,0.323
0.228,0.299,0.583,0.541,0.605,0.057,0.216,0.323
0.228,0.299,0.583,0.541,0.605,0.058,0.216,0.323
0.228,0.299,0.583,0.541,0.605,0.058,0.216,0.322
0.228,0.299,0.583,0.541,0.604,0.058,0.216,0.322
0.228,0.299,0.583,0.541,0.604,0.058,0.216,0.322
0.228,0.298,0.583,0.541,0.604,0.057,0.216,0.322
0.228,0.299,0.583,0.541,0.604,0.058,0.216,0.322
0.228,0.298,0.582,0.54,0.604,0.058,0.216,0.322
0.228,0.298,0.582,0.54,0.603,0.058,0.216,0.322
0.228,0.298,0.582,0.54,0.603,0.057,0.216,0.322
0.227,0.298,0.582,0.54,0.603,0.058,0.216,0.322
0.227,0.298,0.582,0.54,0.603,0.058,0.216,0.322
0.227,0.298,0.582,0.54,0.603,0.057,0.216,0.322
0.227,0.298,0.582,0.54,0.603,0.058,0.216,0.322
0.227,0.298,0.582,0.539,0.602,0.057,0.216,0.321
0.227,0.298,0.581,0.539,0.602,0.058,0.216,0.322
0.227,0.298,0.581,0.539,0.604,0.058,0.216,0.322
0.227,0.298,0.582,0.54,0.603,0.058,0.216,0.322
0.227,0.298,0.581,0.539,0.602,0.058,0.216,0.322
0.226,0.297,0.58,0.538,0.6,0.057,0.216,0.321
0.226,0.297,0.578,0.536,0.599,0.057,0.215,0.32
0.227,0.298,0.58,0.537,0.6,0.058,0.215,0.32
0.227,0.298,0.582,0.539,0.602,0.058,0.216,0.322
0.227,0.298,0.581,0.539,0.602,0.058,0.216,0.322
0.226,0.298,0.581,0.538,0.601,0.057,0.216,0.321
0.226,0.297,0.579,0.537,0.599,0.057,0.215,0.321
0.225,0.296,0.578,0.535,0.597,0.057,0.215,0.319
0.226,0.297,0.579,0.536,0.599,0.057,0.215,0.32
0.227,0.298,0.581,0.538,0.6,0.058,0.216,0.321
0.226,0.298,0.581,0.538,0.6,0.058,0.216,0.321
0.226,0.297,0.58,0.537,0.6,0.057,0.216,0.321
0.225,0.297,0.578,0.535,0.598,0.057,0.215,0.32
0.225,0.296,0.577,0.534,0.596,0.057,0.214,0.319
0.226,0.297,0.578,0.536,0.597,0.057,0.215,0.319
0.226,0.298,0.58,0.537,0.599,0.058,0.216,0.32
0.226,0.297,0.58,0.537,0.599,0.057,0.216,0.32
0.225,0.297,0.579,0.536,0.599,0.057,0.216,0.32
0.225,0.296,0.577,0.535,0.597,0.057,0.215,0.32
0.225,0.295,0.576,0.533,0.595,0.057,0.215,0.318
0.225,0.296,0.577,0.534,0.596,0.057,0.215,0.318
0.226,0.297,0.579,0.536,0.598,0.057,0.215,0.32
0.225,0.297,0.579,0.536,0.598,0.057,0.216,0.32
0.225,0.297,0.578,0.535,0.597,0.057,0.215,0.32
0.224,0.296,0.577,0.534,0.596,0.057,0.215,0.319
0.224,0.295,0.575,0.533,0.594,0.057,0.214,0.318
0.225,0.296,0.577,0.534,0.595,0.057,0.214,0.318
0.225,0.297,0.578,0.535,0.597,0.057,0.215,0.319
0.225,0.297,0.578,0.535,0.597,0.057,0.215,0.319
0.224,0.296,0.578,0.535,0.596,0.057,0.215,0.319
0.224,0.296,0.576,0.533,0.595,0.057,0.215,0.318
0.223,0.295,0.575,0.531,0.593,0.057,0.214,0.317
0.224,0.295,0.576,0.533,0.594,0.057,0.214,0.317
0.225,0.296,0.578,0.534,0.596,0.057,0.215,0.319
0.224,0.296,0.577,0.534,0.596,0.057,0.215,0.319
0.224,0.296,0.577,0.534,0.595,0.057,0.215,0.319
0.223,0.295,0.575,0.532,0.594,0.057,0.215,0.318
0.223,0.294,0.574,0.531,0.592,0.057,0.214,0.317
0.223,0.295,0.575,0.532,0.593,0.057,0.214,0.317
0.224,0.296,0.577,0.534,0.595,0.057,0.215,0.318
0.224,0.296,0.577,0.533,0.595,0.057,0.215,0.318
0.224,0.296,0.576,0.533,0.594,0.057,0.215,0.318
0.223,0.295,0.574,0.531,0.593,0.057,0.215,0.317
0.222,0.294,0.573,0.53,0.591,0.057,0.214,0.316
0.223,0.295,0.574,0.531,0.592,0.057,0.214,0.316
0.224,0.296,0.576,0.533,0.594,0.057,0.215,0.317
0.223,0.296,0.576,0.533,0.594,0.057,0.215,0.318
0.223,0.295,0.575,0.532,0.593,0.057,0.215,0.317
0.222,0.294,0.574,0.531,0.592,0.057,0.214,0.317
0.222,0.294,0.572,0.529,0.59,0.057,0.214,0.316
0.223,0.295,0.573,0.53,0.591,0.057,0.214,0.316
0.223,0.296,0.575,0.532,0.593,0.057,0.215,0.317
0.223,0.295,0.575,0.532,0.593,0.057,0.215,0.317
0.223,0.295,0.575,0.531,0.592,0.057,0.215,0.317
0.222,0.294,0.573,0.53,0.591,0.057,0.214,0.316
0.222,0.293,0.571,0.528,0.589,0.057,0.214,0.315
0.222,0.294,0.573,0.529,0.59,0.057,0.214,0.315
0.223,0.295,0.575,0.531,0.592,0.057,0.215,0.316
0.222,0.295,0.574,0.53,0.591,0.057,0.214,0.316
0.222,0.295,0.573,0.53,0.591,0.057,0.214,0.316
0.222,0.295,0.573,0.53,0.591,0.057,0.214,0.316
0.222,0.295,0.573,0.53,0.591,0.057,0.214,0.316
0.222,0.294,0.573,0.529,0.59,0.057,0.214,0.316
0.222,0.294,0.573,0.529,0.59,0.057,0.214,0.315
0.222,0.294,0.573,0.529,0.59,0.057,0.214,0.315
0.222,0.294,0.573,0.529,0.59,0.057,0.214,0.315
0.222,0.294,0.573,0.529,0.59,0.057,0.214,0.315
0.222,0.294,0.572,0.529,0.59,0.057,0.214,0.315
0.222,0.294,0.572,0.529,0.589,0.057,0.214,0.315
0.221,0.294,0.572,0.528,0.589,0.057,0.214,0.315
0.221,0.294,0.572,0.528,0.589,0.057,0.214,0.315
0.221,0.294,0.572,0.528,0.589,0.057,0.214,0.315
0.221,0.294,0.572,0.528,0.589,0.057,0.214,0.315
0.221,0.294,0.572,0.528,0.589,0.057,0.214,0.315
0.221,0.294,0.572,0.528,0.589,0.057,0.214,0.315
0.221,0.294,0.571,0.528,0.589,0.057,0.214,0.314
0.221,0.294,0.571,0.527,0.588,0.057,0.214,0.314
0.221,0.294,0.571,0.527,0.588,0.057,0.214,0.314
0.221,0.294,0.571,0.527,0.588,0.057,0.214,0.314
0.221,0.294,0.571,0.527,0.588,0.057,0.214,0.314
0.221,0.294,0.571,0.527,0.588,0.057,0.214,0.314
0.221,0.294,0.571,0.527,0.587,0.057,0.214,0.314
0.221,0.294,0.571,0.527,0.587,0.057,0.214,0.314
0.22,0.293,0.571,0.526,0.587,0.057,0.214,0.314
0.22,0.293,0.57,0.526,0.587,0.057,0.214,0.314
0.22,0.293,0.57,0.526,0.587,0.057,0.214,0.314
0.22,0.293,0.57,0.526,0.587,0.057,0.214,0.314
0.22,0.293,0.57,0.526,0.586,0.057,0.214,0.314
0.22,0.293,0.57,0.526,0.586,0.057,0.214,0.313
0.22,0.293,0.57,0.526,0.586,0.057,0.214,0.313
0.22,0.293,0.57,0.525,0.586,0.057,0.214,0.313
0.22,0.293,0.569,0.525,0.586,0.057,0.214,0.313
0.22,0.293,0.569,0.525,0.585,0.057,0.213,0.313
0.22,0.293,0.569,0.525,0.585,0.057,0.213,0.313
0.22,0.293,0.569,0.525,0.585,0.057,0.213,0.313
0.219,0.293,0.569,0.525,0.585,0.057,0.213,0.313
0.219,0.293,0.569,0.524,0.585,0.057,0.213,0.313
0.219,0.293,0.569,0.525,0.585,0.057,0.213,0.312
0.219,0.292,0.569,0.524,0.585,0.057,0.214,0.313
0.219,0.293,0.569,0.524,0.584,0.057,0.213,0.313
0.219,0.292,0.568,0.524,0.584,0.057,0.213,0.313
0.219,0.292,0.568,0.524,0.584,0.057,0.213,0.312
0.219,0.292,0.568,0.524,0.584,0.057,0.213,0.312
0.219,0.292,0.568,0.524,0.584,0.057,0.213,0.312
0.219,0.292,0.568,0.523,0.584,0.057,0.213,0.312
0.219,0.292,0.568,0.523,0.583,0.057,0.213,0.312
0.219,0.292,0.568,0.523,0.583,0.057,0.213,0.312
0.219,0.292,0.567,0.523,0.583,0.057,0.213,0.312
0.219,0.292,0.568,0.523,0.583,0.057,0.213,0.312
0.219,0.292,0.567,0.523,0.583,0.057,0.213,0.311
0.218,0.292,0.567,0.523,0.583,0.057,0.213,0.312
0.218,0.292,0.567,0.523,0.583,0.057,0.213,0.311
0.218,0.292,0.567,0.522,0.582,0.057,0.213,0.311
0.218,0.292,0.567,0.522,0.582,0.057,0.213,0.311
0.218,0.292,0.567,0.522,0.582,0.057,0.213,0.311
0.218,0.292,0.567,0.522,0.582,0.057,0.213,0.311
0.218,0.292,0.567,0.522,0.582,0.057,0.213,0.311
0.218,0.292,0.566,0.522,0.582,0.057,0.213,0.311
0.218,0.292,0.566,0.522,0.581,0.057,0.213,0.311
0.218,0.292,0.566,0.521,0.581,0.057,0.213,0.311
0.218,0.292,0.566,0.521,0.581,0.057,0.213,0.311
0.218,0.292,0.566,0.521,0.581,0.057,0.213,0.311
0.218,0.292,0.566,0.521,0.581,0.057,0.213,0.311
0.218,0.292,0.566,0.521,0.581,0.057,0.213,0.31
0.217,0.292,0.566,0.521,0.58,0.057,0.213,0.31
0.217,0.291,0.565,0.521,0.58,0.057,0.213,0.31
0.217,0.292,0.565,0.521,0.58,0.057,0.213,0.31
0.217,0.292,0.565,0.52,0.58,0.057,0.213,0.31
0.217,0.291,0.565,0.52,0.58,0.057,0.213,0.31
0.217,0.291,0.565,0.52,0.579,0.057,0.213,0.31
0.217,0.291,0.565,0.52,0.579,0.057,0.213,0.31
0.217,0.291,0.565,0.52,0.579,0.057,0.212,0.31
0.217,0.291,0.564,0.52,0.579,0.057,0.212,0.31
0.217,0.291,0.564,0.519,0.579,0.057,0.212,0.31
0.217,0.291,0.564,0.519,0.579,0.057,0.213,0.309
0.217,0.291,0.564,0.519,0.578,0.057,0.212,0.309
0.216,0.291,0.564,0.519,0.578,0.057,0.213,0.309
0.216,0.291,0.564,0.519,0.578,0.057,0.212,0.309
0.216,0.291,0.564,0.519,0.578,0.057,0.212,0.309
0.216,0.291,0.564,0.519,0.578,0.057,0.212,0.309
0.216,0.291,0.563,0.518,0.578,0.057,0.212,0.309
0.216,0.291,0.563,0.518,0.577,0.056,0.212,0.309
0.216,0.291,0.563,0.518,0.577,0.057,0.212,0.309
0.216,0.291,0.563,0.518,0.577,0.057,0.212,0.309
0.216,0.291,0.563,0.518,0.577,0.057,0.212,0.308
0.216,0.291,0.563,0.518,0.577,0.057,0.212,0.309
0.216,0.291,0.563,0.518,0.577,0.057,0.212,0.308
0.216,0.291,0.562,0.517,0.576,0.057,0.212,0.308
0.216,0.29,0.562,0.517,0.576,0.057,0.212,0.308
0.216,0.291,0.562,0.517,0.576,0.057,0.212,0.308
0.215,0.29,0.562,0.517,0.576,0.056,0.212,0.308
0.215,0.29,0.562,0.517,0.576,0.056,0.212,0.308
0.215,0.29,0.562,0.517,0.576,0.056,0.212,0.308
0.215,0.29,0.562,0.517,0.575,0.056,0.212,0.308
0.215,0.29,0.562,0.516,0.575,0.056,0.212,0.308
0.215,0.29,0.562,0.516,0.575,0.057,0.212,0.308
0.215,0.29,0.562,0.516,0.575,0.056,0.212,0.307
0.215,0.29,0.561,0.516,0.575,0.056,0.212,0.307
0.215,0.29,0.561,0.516,0.574,0.056,0.212,0.307
0.215,0.29,0.561,0.516,0.574,0.056,0.212,0.307
0.215,0.29,0.561,0.516,0.574,0.056,0.212,0.307
0.215,0.29,0.561,0.516,0.574,0.057,0.212,0.307
0.215,0.29,0.561,0.515,0.574,0.056,0.212,0.307
0.215,0.29,0.56,0.515,0.574,0.056,0.212,0.307
0.214,0.29,0.56,0.515,0.574,0.056,0.212,0.307
0.214,0.29,0.56,0.515,0.573,0.056,0.212,0.307
0.214,0.29,0.56,0.515,0.573,0.056,0.212,0.307
0.214,0.29,0.56,0.515,0.573,0.056,0.212,0.307
0.214,0.29,0.56,0.514,0.573,0.056,0.212,0.306
0.214,0.29,0.56,0.514,0.573,0.056,0.212,0.306
0.214,0.29,0.56,0.514,0.573,0.056,0.212,0.306
0.214,0.29,0.559,0.514,0.573,0.056,0.211,0.306
0.214,0.289,0.559,0.514,0.572,0.056,0.211,0.306
0.214,0.29,0.559,0.514,0.572,0.056,0.211,0.306
0.214,0.289,0.559,0.513,0.572,0.056,0.211,0.306
0.214,0.289,0.559,0.514,0.572,0.056,0.211,0.306
0.214,0.29,0.559,0.514,0.572,0.056,0.211,0.306
0.214,0.289,0.559,0.513,0.572,0.056,0.211,0.306
0.213,0.289,0.559,0.513,0.571,0.056,0.211,0.306
0.213,0.289,0.558,0.513,0.571,0.056,0.211,0.306
0.213,0.289,0.558,0.513,0.571,0.056,0.211,0.306
0.213,0.289,0.558,0.513,0.571,0.056,0.211,0.306
0.213,0.289,0.558,0.513,0.571,0.056,0.211,0.306
0.213,0.289,0.558,0.513,0.571,0.056,0.211,0.305
0.213,0.289,0.558,0.512,0.57,0.056,0.211,0.306
0.213,0.289,0.558,0.512,0.57,0.056,0.211,0.305
0.213,0.289,0.557,0.512,0.57,0.056,0.211,0.305
0.213,0.289,0.557,0.512,0.57,0.056,0.211,0.305
0.213,0.289,0.557,0.512,0.57,0.056,0.211,0.305
0.213,0.289,0.557,0.511,0.57,0.056,0.211,0.305
0.213,0.289,0.557,0.512,0.569,0.056,0.211,0.305
0.213,0.289,0.557,0.511,0.569,0.056,0.211,0.305
0.213,0.289,0.557,0.511,0.569,0.056,0.211,0.305
0.213,0.289,0.557,0.511,0.569,0.056,0.211,0.305
0.213,0.289,0.557,0.511,0.569,0.056,0.211,0.305
0.213,0.289,0.557,0.511,0.569,0.056,0.211,0.305
0.213,0.289,0.557,0.511,0.569,0.056,0.211,0.305
0.213,0.289,0.557,0.511,0.569,0.056,0.211,0.305
0.213,0.289,0.557,0.511,0.569,0.056,0.211,0.305
0.213,0.289,0.557,0.511,0.569,0.056,0.211,0.305
0.213,0.289,0.557,0.511,0.569,0.056,0.211,0.305
0.213,0.289,0.557,0.511,0.569,0.056,0.211,0.305
0.213,0.289,0.557,0.511,0.569,0.056,0.211,0.305
0.213,0.289,0.557,0.511,0.569,0.056,0.211,0.305
0.213,0.289,0.557,0.511,0.569,0.056,0.211,0.305
0.213,0.289,0.557,0.511,0.569,0.056,0.211,0.305
0.213,0.289,0.557,0.511,0.569,0.056,0.211,0.305
0.213,0.289,0.557,0.511,0.569,0.056,0.211,0.305
0.213,0.289,0.557,0.511,0.569,0.056,0.211,0.305
0.213,0.289,0.557,0.511,0.569,0.056,0.211,0.305
0.213,0.289,0.557,0.511,0.569,0.056,0.211,0.305
0.213,0.289,0.557,0.511,0.569,0.056,0.211,0.305
0.213,0.289,0.557,0.511,0.569,0.056,0.211,0.305
0.213,0.289,0.557,0.511,0.569,0.056,0.211,0.305
0.213,0.289,0.557,0.511,0.569,0.056,0.211,0.305
0.213,0.289,0.557,0.511,0.569,0.056,0.211,0.305
0.213,0.289,0.557,0.511,0.569,0.056,0.211,0.305
0.213,0.289,0.557,0.511,0.569,0.056,0.211,0.305
0.213,0.289,0.557,0.511,0.569,0.056,0.211,0.305
0.213,0.289,0.557,0.511,0.569,0.056,0.211,0.305
0.213,0.289,0.557,0.511,0.569,0.056,0.211,0.305
0.213,0.289,0.557,0.511,0.569,0.056,0.211,0.305
0.213,0.289,0.557,0.511,0.569,0.056,0.211,0.305
0.213,0.289,0.557,0.511,0.569,0.056,0.211,0.305
0.213,0.289,0.557,0.511,0.569,0.056,0.211,0.305
0.213,0.289,0.557,0.511,0.569,0.056,0.211,0.305
0.213,0.289,0.557,0.511,0.569,0.056,0.211,0.305
0.213,0.289,0.557,0.511,0.569,0.056,0.211,0.305
0.213,0.289,0.557,0.511,0.569,0.056,0.211,0.305
0.213,0.289,0.557,0.511,0.569,0.056,0.211,0.305
0.213,0.289,0.557,0.511,0.569,0.056,0.211,0.305
0.213,0.289,0.557,0.511,0.569,0.056,0.211,0.305
0.213,0.289,0.557,0.511,0.569,0.056,0.211,0.305
0.213,0.289,0.557,0.511,0.569,0.056,0.211,0.305
0.213,0.289,0.557,0.511,0.569,0.056,0.211,0.305
0.213,0.289,0.557,0.511,0.569,0.056,0.211,0.305
0.213,0.289,0.557,0.511,0.569,0.056,0.211,0.305
0.213,0.289,0.557,0.511,0.569,0.056,0.211,0.305
0.213,0.289,0.557,0.511,0.569,0.056,0.211,0.305
0.213,0.289,0.557,0.511,0.569,0.056,0.211,0.305
0.213,0.289,0.557,0.511,0.569,0.056,0.211,0.305
0.213,0.289,0.557,0.511,0.569,0.056,0.211,0.305
0.213,0.289,0.557,0.511,0.569,0.056,0.211,0.305
0.213,0.289,0.557,0.511,0.569,0.056,0.211,0.305
0.213,0.289,0.557,0.511,0.569,0.056,0.211,0.305
0.213,0.289,0.557,0.511,0.569,0.056,0.211,0.305
0.213,0.289,0.557,0.511,0.569,0.056,0.211,0.305
0.213,0.289,0.557,0.511,0.569,0.056,0.211,0.305
0.213,0.289,0.557,0.511,0.569,0.056,0.211,0.305
0.213,0.289,0.557,0.511,0.569,0.056,0.211,0.305
0.213,0.289,0.557,0.511,0.569,0.056,0.211,0.305
0.213,0.289,0.557,0.511,0.569,0.056,0.211,0.305
0.213,0.289,0.557,0.511,0.569,0.056,0.211,0.305
0.213,0.289,0.557,0.511,0.569,0.056,0.211,0.305
0.213,0.289,0.557,0.511,0.569,0.056,0.211,0.305
0.213,0.289,0.557,0.511,0.569,0.056,0.211,0.305
0.213,0.289,0.557,0.511,0.569,0.056,0.211,0.305
0.213,0.289,0.557,0.511,0.569,0.056,0.211,0.305
0.213,0.289,0.557,0.511,0.569,0.056,0.211,0.305
0.213,0.289,0.557,0.511,0.569,0.056,0.211,0.305
0.213,0.289,0.557,0.511,0.569,0.056,0.211,0.305
0.213,0.289,0.557,0.511,0.569,0.056,0.211,0.305
0.213,0.289,0.557,0.511,0.569,0.056,0.211,0.305
0.213,0.289,0.557,0.511,0.569,0.056,0.211,0.305
0.213,0.289,0.557,0.511,0.569,0.056,0.211,0.305
0.213,0.289,0.557,0.511,0.569,0.056,0.211,0.305
0.213,0.289,0.557,0.511,0.569,0.056,0.211,0.305
0.213,0.289,0.557,0.511,0.569,0.056,0.211,0.305
0.213,0.289,0.557,0.511,0.569,0.056,0.211,0.305
0.213,0.289,0.557,0.511,0.569,0.056,0.211,0.305
0.213,0.289,0.557,0.511,0.569,0.056,0.211,0.305
0.213,0.289,0.557,0.511,0.569,0.056,0.211,0.305
0.213,0.289,0.557,0.511,0.569,0.056,0.211,0.305
0.213,0.289,0.557,0.511,0.569,0.056,0.211,0.305
0.213,0.289,0.557,0.511,0.569,0.056,0.211,0.305
0.213,0.289,0.557,0.511,0.569,0.056,0.211,0.305
0.213,0.289,0.557,0.511,0.569,0.056,0.211,0.305
0.213,0.289,0.557,0.511,0.569,0.056,0.211,0.305
0.213,0.289,0.557,0.511,0.569,0.056,0.211,0.305
0.213,0.289,0.557,0.511,0.569,0.056,0.211,0.305
0.213,0.289,0.557,0.511,0.569,0.056,0.211,0.305
0.213,0.289,0.557,0.511,0.569,0.056,0.211,0.305
0.213,0.289,0.557,0.511,0.569,0.056,0.211,0.305
0.213,0.289,0.557,0.511,0.569,0.056,0.211,0.305
0.213,0.289,0.557,0.511,0.569,0.056,0.211,0.305
0.213,0.289,0.557,0.511,0.569,0.056,0.211,0.305
0.213,0.289,0.557,0.511,0.569,0.056,0.211,0.305
0.213,0.289,0.557,0.511,0.569,0.056,0.211,0.305
0.213,0.289,0.557,0.511,0.569,0.056,0.211,0.305
0.213,0.289,0.557,0.511,0.569,0.056,0.211,0.305
0.213,0.289,0.557,0.511,0.569,0.056,0.211,0.305
0.213,0.289,0.557,0.511,0.569,0.056,0.211,0.305
0.213,0.289,0.557,0.511,0.569,0.056,0.211,0.305
0.213,0.289,0.557,0.511,0.569,0.056,0.211,0.305
0.213,0.289,0.557,0.511,0.569,0.056,0.211,0.305
0.213,0.289,0.557,0.511,0.569,0.056,0.211,0.305
0.213,0.289,0.557,0.511,0.569,0.056,0.211,0.305
0.213,0.289,0.557,0.511,0.569,0.056,0.211,0.305
0.213,0.289,0.557,0.511,0.569,0.056,0.211,0.305
0.213,0.289,0.557,0.511,0.569,0.056,0.211,0.305
0.213,0.289,0.557,0.511,0.569,0.056,0.211,0.305
0.213,0.289,0.557,0.511,0.569,0.056,0.211,0.305
0.213,0.289,0.557,0.511,0.569,0.056,0.211,0.305
0.213,0.289,0.557,0.511,0.569,0.056,0.211,0.305
0.213,0.289,0.557,0.511,0.569,0.056,0.211,0.305
0.213,0.289,0.557,0.511,0.569,0.056,0.211,0.305
0.213,0.289,0.557,0.511,0.569,0.056,0.211,0.305
0.213,0.289,0.557,0.511,0.569,0.056,0.211,0.305
0.213,0.289,0.557,0.511,0.569,0.056,0.211,0.305
0.213,0.289,0.557,0.511,0.569,0.056,0.211,0.305
0.213,0.289,0.557,0.511,0.569,0.056,0.211,0.305
0.213,0.289,0.557,0.511,0.569,0.056,0.211,0.305
0.213,0.289,0.557,0.511,0.569,0.056,0.211,0.305
0.213,0.289,0.557,0.511,0.569,0.056,0.211,0.305
0.213,0.289,0.557,0.511,0.569,0.056,0.211,0.305
0.213,0.289,0.557,0.511,0.569,0.056,0.211,0.305
0.213,0.289,0.557,0.511,0.569,0.056,0.211,0.305
0.213,0.289,0.557,0.511,0.569,0.056,0.211,0.305
0.213,0.289,0.557,0.511,0.569,0.056,0.211,0.305
0.213,0.289,0.557,0.511,0.569,0.056,0.211,0.305
0.213,0.289,0.557,0.511,0.569,0.056,0.211,0.305
0.213,0.289,0.557,0.511,0.569,0.056,0.211,0.305
0.213,0.289,0.557,0.511,0.569,0.056,0.211,0.305
0.213,0.289,0.557,0.511,0.569,0.056,0.211,0.305
0.213,0.289,0.557,0.511,0.569,0.056,0.211,0.305
0.213,0.289,0.557,0.511,0.569,0.056,0.211,0.305
0.213,0.289,0.557,0.511,0.569,0.056,0.211,0.305
0.213,0.289,0.557,0.511,0.569,0.056,0.211,0.305
0.213,0.289,0.557,0.511,0.569,0.056,0.211,0.305
0.213,0.289,0.557,0.511,0.569,0.056,0.211,0.305
0.213,0.289,0.557,0.511,0.569,0.056,0.211,0.305
0.213,0.289,0.557,0.511,0.569,0.056,0.211,0.305
0.213,0.289,0.557,0.511,0.569,0.056,0.211,0.305
0.213,0.289,0.557,0.511,0.569,0.056,0.211,0.305
0.213,0.289,0.557,0.511,0.569,0.056,0.211,0.305
0.213,0.289,0.557,0.511,0.569,0.056,0.211,0.305
0.213,0.289,0.557,0.511,0.569,0.056,0.211,0.305
0.213,0.289,0.557,0.511,0.569,0.056,0.211,0.305
0.213,0.289,0.557,0.511,0.569,0.056,0.211,0.305
0.213,0.289,0.557,0.511,0.569,0.056,0.211,0.305
0.213,0.289,0.557,0.511,0.569,0.056,0.211,0.305
0.213,0.289,0.557,0.511,0.569,0.056,0.211,0.305
0.213,0.289,0.557,0.511,0.569,0.056,0.211,0.305
0.213,0.289,0.557,0.511,0.569,0.056,0.211,0.305
0.213,0.289,0.557,0.511,0.569,0.056,0.211,0.305
0.213,0.289,0.557,0.511,0.569,0.056,0.211,0.305
0.213,0.289,0.557,0.511,0.569,0.056,0.211,0.305
0.213,0.289,0.557,0.511,0.569,0.056,0.211,0.305
0.213,0.289,0.557,0.511,0.569,0.056,0.211,0.305
0.213,0.289,0.557,0.511,0.569,0.056,0.211,0.305
0.213,0.289,0.557,0.511,0.569,0.056,0.211,0.305
0.213,0.289,0.557,0.511,0.569,0.056,0.211,0.305
0.213,0.289,0.557,0.511,0.569,0.056,0.211,0.305
0.213,0.289,0.557,0.511,0.569,0.056,0.211,0.305
0.213,0.289,0.557,0.511,0.569,0.056,0.211,0.305
0.213,0.289,0.557,0.511,0.569,0.056,0.211,0.305
0.213,0.289,0.557,0.511,0.569,0.056,0.211,0.305
0.213,0.289,0.557,0.511,0.569,0.056,0.211,0.305
0.213,0.289,0.557,0.511,0.569,0.056,0.211,0.305
0.213,0.289,0.557,0.511,0.569,0.056,0.211,0.305
0.213,0.289,0.557,0.511,0.569,0.056,0.211,0.305
0.213,0.289,0.557,0.511,0.569,0.056,0.211,0.305
0.213,0.289,0.557,0.511,0.569,0.056,0.211,0.305
0.213,0.289,0.557,0.511,0.569,0.056,0.211,0.305
0.213,0.289,0.557,0.511,0.569,0.056,0.211,0.305
0.213,0.289,0.557,0.511,0.569,0.056,0.211,0.305
0.213,0.289,0.557,0.511,0.569,0.056,0.211,0.305
0.213,0.289,0.557,0.511,0.569,0.056,0.211,0.305
0.213,0.289,0.557,0.511,0.569,0.056,0.211,0.305
0.213,0.289,0.557,0.511,0.569,0.056,0.211,0.305
0.213,0.289,0.557,0.511,0.569,0.056,0.211,0.305
0.213,0.289,0.557,0.511,0.569,0.056,0.211,0.305
0.213,0.289,0.557,0.511,0.569,0.056,0.211,0.305
0.213,0.289,0.557,0.511,0.569,0.056,0.211,0.305
0.213,0.289,0.557,0.511,0.569,0.056,0.211,0.305
0.213,0.289,0.557,0.511,0.569,0.056,0.211,0.305
0.213,0.289,0.557,0.511,0.569,0.056,0.211,0.305
0.213,0.289,0.557,0.511,0.569,0.056,0.211,0.305
0.213,0.289,0.557,0.511,0.569,0.056,0.211,0.305
0.213,0.289,0.557,0.511,0.569,0.056,0.211,0.305
0.213,0.289,0.557,0.511,0.569,0.056,0.211,0.305
0.213,0.289,0.557,0.511,0.569,0.056,0.211,0.305
0.213,0.289,0.557,0.511,0.569,0.056,0.211,0.305
0.213,0.289,0.557,0.511,0.569,0.056,0.211,0.305
0.213,0.289,0.557,0.511,0.569,0.056,0.211,0.305
0.213,0.289,0.557,0.511,0.569,0.056,0.211,0.305
0.213,0.289,0.557,0.511,0.569,0.056,0.211,0.305
0.213,0.289,0.557,0.511,0.569,0.056,0.211,0.305
0.213,0.289,0.557,0.511,0.569,0.056,0.211,0.305
0.213,0.289,0.557,0.511,0.569,0.056,0.211,0.305
0.213,0.289,0.557,0.511,0.569,0.056,0.211,0.305
0.213,0.289,0.557,0.511,0.569,0.056,0.211,0.305
0.213,0.289,0.557,0.511,0.569,0.056,0.211,0.305
0.213,0.289,0.557,0.511,0.569,0.056,0.211,0.305
0.213,0.289,0.557,0.511,0.569,0.056,0.211,0.305
0.213,0.289,0.557,0.511,0.569,0.056,0.211,0.305
0.213,0.289,0.557,0.511,0.569,0.056,0.211,0.305
0.213,0.289,0.557,0.511,0.569,0.056,0.211,0.305
0.213,0.289,0.557,0.511,0.569,0.056,0.211,0.305
0.213,0.289,0.557,0.511,0.569,0.056,0.211,0.305
0.213,0.289,0.557,0.511,0.569,0.056,0.211,0.305
0.213,0.289,0.557,0.511,0.569,0.056,0.211,0.305
0.213,0.289,0.557,0.511,0.569,0.056,0.211,0.305
0.213,0.289,0.557,0.511,0.569,0.056,0.211,0.305
0.213,0.289,0.557,0.511,0.569,0.056,0.211,0.305
0.213,0.289,0.557,0.511,0.569,0.056,0.211,0.305
0.213,0.289,0.557,0.511,0.569,0.056,0.211,0.305
0.213,0.289,0.557,0.511,0.569,0.056,0.211,0.305
0.213,0.289,0.557,0.511,0.569,0.056,0.211,0.305
0.213,0.289,0.557,0.511,0.569,0.056,0.211,0.305
0.213,0.289,0.557,0.511,0.569,0.056,0.211,0.305
0.213,0.289,0.557,0.511,0.569,0.056,0.211,0.305
0.213,0.289,0.557,0.511,0.569,0.056,0.211,0.305
0.213,0.289,0.557,0.511,0.569,0.056,0.211,0.305
0.213,0.289,0.557,0.511,0.569,0.056,0.211,0.305
0.213,0.289,0.557,0.511,0.569,0.056,0.211,0.305
0.213,0.289,0.557,0.511,0.569,0.056,0.211,0.305
0.213,0.289,0.557,0.511,0.569,0.056,0.211,0.305
0.213,0.289,0.557,0.511,0.569,0.056,0.211,0.305
0.213,0.289,0.557,0.511,0.569,0.056,0.211,0.305
0.213,0.289,0.557,0.511,0.569,0.056,0.211,0.305
0.213,0.289,0.557,0.511,0.569,0.056,0.211,0.305
0.213,0.289,0.557,0.511,0.569,0.056,0.211,0.305
0.213,0.289,0.557,0.511,0.569,0.056,0.211,0.305
0.213,0.289,0.557,0.511,0.569,0.056,0.211,0.305
0.213,0.289,0.557,0.511,0.569,0.056,0.211,0.305
0.213,0.289,0.557,0.511,0.569,0.056,0.211,0.305
0.213,0.289,0.557,0.511,0.569,0.056,0.211,0.305
0.213,0.289,0.557,0.511,0.569,0.056,0.211,0.305
0.213,0.289,0.557,0.511,0.569,0.056,0.211,0.305
0.213,0.289,0.557,0.511,0.569,0.056,0.211,0.305
0.213,0.289,0.557,0.511,0.569,0.056,0.211,0.305
0.213,0.289,0.557,0.511,0.569,0.056,0.211,0.305
0.213,0.289,0.557,0.511,0.569,0.056,0.211,0.305
0.213,0.289,0.557,0.511,0.569,0.056,0.211,0.305
0.213,0.289,0.557,0.511,0.569,0.056,0.211,0.305
0.213,0.289,0.557,0.511,0.569,0.056,0.211,0.305
0.213,0.289,0.557,0.511,0.569,0.056,0.211,0.305
0.213,0.289,0.557,0.511,0.569,0.056,0.211,0.305
0.213,0.289,0.557,0.511,0.569,0.056,0.211,0.305
0.213,0.289,0.557,0.511,0.569,0.056,0.211,0.305
0.213,0.289,0.557,0.511,0.569,0.056,0.211,0.305
0.213,0.289,0.557,0.511,0.569,0.056,0.211,0.305
0.213,0.289,0.557,0.511,0.569,0.056,0.211,0.305
0.213,0.289,0.557,0.511,0.569,0.056,0.211,0.305
0.213,0.289,0.557,0.511,0.569,0.056,0.211,0.305
0.213,0.289,0.557,0.511,0.569,0.056,0.211,0.305
0.213,0.289,0.557,0.511,0.569,0.056,0.211,0.305
0.213,0.289,0.557,0.511,0.569,0.056,0.211,0.305
0.213,0.289,0.557,0.511,0.569,0.056,0.211,0.305
0.213,0.289,0.557,0.511,0.569,0.056,0.211,0.305
0.213,0.289,0.557,0.511,0.569,0.056,0.211,0.305
0.213,0.289,0.557,0.511,0.569,0.056,0.211,0.305
0.213,0.289,0.557,0.511,0.569,0.056,0.211,0.305
0.213,0.289,0.557,0.511,0.569,0.056,0.211,0.305
0.213,0.289,0.557,0.511,0.569,0.056,0.211,0.305
0.213,0.289,0.557,0.511,0.569,0.056,0.211,0.305
0.213,0.289,0.557,0.511,0.569,0.056,0.211,0.305
0.213,0.289,0.557,0.511,0.569,0.056,0.211,0.305
0.213,0.289,0.557,0.511,0.569,0.056,0.211,0.305
0.213,0.289,0.557,0.511,0.569,0.056,0.211,0.305
0.213,0.289,0.557,0.511,0.569,0.056,0.211,0.305
0.213,0.289,0.557,0.511,0.569,0.056,0.211,0.305
0.213,0.289,0.557,0.511,0.569,0.056,0.211,0.305
0.213,0.289,0.557,0.511,0.569,0.056,0.211,0.305
0.213,0.289,0.557,0.511,0.569,0.056,0.211,0.305
0.213,0.289,0.557,0.511,0.569,0.056,0.211,0.305
0.213,0.289,0.557,0.511,0.569,0.056,0.211,0.305
0.213,0.289,0.557,0.511,0.569,0.056,0.211,0.305
0.213,0.289,0.557,0.511,0.569,0.056,0.211,0.305
0.213,0.289,0.557,0.511,0.569,0.056,0.211,0.305
0.213,0.289,0.557,0.511,0.569,0.056,0.211,0.305
0.213,0.289,0.557,0.511,0.569,0.056,0.211,0.305
0.213,0.289,0.557,0.511,0.569,0.056,0.211,0.305
0.213,0.289,0.557,0.511,0.569,0.056,0.211,0.305
0.213,0.289,0.557,0.511,0.569,0.056,0.211,0.305
0.213,0.289,0.557,0.511,0.569,0.056,0.211,0.305
0.213,0.289,0.557,0.511,0.569,0.056,0.211,0.305
0.213,0.289,0.557,0.511,0.569,0.056,0.211,0.305
0.213,0.289,0.557,0.511,0.569,0.056,0.211,0.305
0.213,0.289,0.557,0.511,0.569,0.056,0.211,0.305
0.213,0.289,0.557,0.511,0.569,0.056,0.211,0.305
0.213,0.289,0.557,0.511,0.569,0.056,0.211,0.305
0.213,0.289,0.557,0.511,0.569,0.056,0.211,0.305
0.213,0.289,0.557,0.511,0.569,0.056,0.211,0.305
0.213,0.289,0.557,0.511,0.569,0.056,0.211,0.305
0.213,0.289,0.557,0.511,0.569,0.056,0.211,0.305
0.213,0.289,0.557,0.511,0.569,0.056,0.211,0.305
0.213,0.289,0.557,0.511,0.569,0.056,0.211,0.305
0.213,0.289,0.557,0.511,0.569,0.056,0.211,0.305
0.213,0.289,0.557,0.511,0.569,0.056,0.211,0.305
0.213,0.289,0.557,0.511,0.569,0.056,0.211,0.305
0.213,0.289,0.557,0.511,0.569,0.056,0.211,0.305
0.213,0.289,0.557,0.511,0.569,0.056,0.211,0.305
0.213,0.289,0.557,0.511,0.569,0.056,0.211,0.305
0.213,0.289,0.557,0.511,0.569,0.056,0.211,0.305
0.213,0.289,0.557,0.511,0.569,0.056,0.211,0.305
0.213,0.289,0.557,0.511,0.569,0.056,0.211,0.305
0.213,0.289,0.557,0.511,0.569,0.056,0.211,0.305
0.213,0.289,0.557,0.511,0.569,0.056,0.211,0.305
0.213,0.289,0.557,0.511,0.569,0.056,0.211,0.305
0.213,0.289,0.557,0.511,0.569,0.056,0.211,0.305
0.213,0.289,0.557,0.511,0.569,0.056,0.211,0.305
0.213,0.289,0.557,0.511,0.569,0.056,0.211,0.305
0.213,0.289,0.557,0.511,0.569,0.056,0.211,0.305
0.213,0.289,0.557,0.511,0.569,0.056,0.211,0.305
0.213,0.289,0.557,0.511,0.569,0.056,0.211,0.305
0.213,0.289,0.557,0.511,0.569,0.056,0.211,0.305
0.213,0.289,0.557,0.511,0.569,0.056,0.211,0.305
0.213,0.289,0.557,0.511,0.569,0.056,0.211,0.305
0.213,0.289,0.557,0.511,0.569,0.056,0.211,0.305
0.213,0.289,0.557,0.511,0.569,0.056,0.211,0.305
0.213,0.289,0.557,0.511,0.569,0.056,0.211,0.305
0.213,0.289,0.557,0.511,0.569,0.056,0.211,0.305
0.213,0.289,0.557,0.511,0.569,0.056,0.211,0.305
0.213,0.289,0.557,0.511,0.569,0.056,0.211,0.305
0.213,0.289,0.557,0.511,0.569,0.056,0.211,0.305
0.213,0.289,0.557,0.511,0.569,0.056,0.211,0.305
0.213,0.289,0.557,0.511,0.569,0.056,0.211,0.305
0.213,0.289,0.557,0.511,0.569,0.056,0.211,0.305
0.213,0.289,0.557,0.511,0.569,0.056,0.211,0.305
0.213,0.289,0.557,0.511,0.569,0.056,0.211,0.305
0.213,0.289,0.557,0.511,0.569,0.056,0.211,0.305
0.213,0.289,0.557,0.511,0.569,0.056,0.211,0.305
0.213,0.289,0.557,0.511,0.569,0.056,0.211,0.305
0.213,0.289,0.557,0.511,0.569,0.056,0.211,0.305
0.213,0.289,0.557,0.511,0.569,0.056,0.211,0.305
0.213,0.289,0.557,0.511,0.569,0.056,0.211,0.305
0.213,0.289,0.557,0.511,0.569,0.056,0.211,0.305
0.213,0.289,0.557,0.511,0.569,0.056,0.211,0.305
0.213,0.289,0.557,0.511,0.569,0.056,0.211,0.305
0.213,0.289,0.557,0.511,0.569,0.056,0.211,0.305
0.213,0.289,0.557,0.511,0.569,0.056,0.211,0.305
0.213,0.289,0.557,0.511,0.569,0.056,0.211,0.305
0.213,0.289,0.557,0.511,0.569,0.056,0.211,0.305
0.213,0.289,0.557,0.511,0.569,0.056,0.211,0.305
0.213,0.289,0.557,0.511,0.569,0.056,0.211,0.305
0.213,0.289,0.557,0.511,0.569,0.056,0.211,0.305
0.213,0.289,0.557,0.511,0.569,0.056,0.211,0.305
0.213,0.289,0.557,0.511,0.569,0.056,0.211,0.305
0.213,0.289,0.557,0.511,0.569,0.056,0.211,0.305
0.213,0.289,0.557,0.511,0.569,0.056,0.211,0.305
0.213,0.289,0.557,0.511,0.569,0.056,0.211,0.305
0.213,0.289,0.557,0.511,0.569,0.056,0.211,0.305
0.213,0.289,0.557,0.511,0.569,0.056,0.211,0.305
0.213,0.289,0.557,0.511,0.569,0.056,0.211,0.305
0.213,0.289,0.557,0.511,0.569,0.056,0.211,0.305
0.213,0.289,0.557,0.511,0.569,0.056,0.211,0.305
0.213,0.289,0.557,0.511,0.569,0.056,0.211,0.305
0.213,0.289,0.557,0.511,0.569,0.056,0.211,0.305
0.213,0.289,0.557,0.511,0.569,0.056,0.211,0.305
0.213,0.289,0.557,0.511,0.569,0.056,0.211,0.305
0.213,0.289,0.557,0.511,0.569,0.056,0.211,0.305
0.213,0.289,0.557,0.511,0.569,0.056,0.211,0.305
0.213,0.289,0.557,0.511,0.569,0.056,0.211,0.305
0.213,0.289,0.557,0.511,0.569,0.056,0.211,0.305
0.213,0.289,0.557,0.511,0.569,0.056,0.211,0.305
0.213,0.289,0.557,0.511,0.569,0.056,0.211,0.305
0.213,0.289,0.557,0.511,0.569,0.056,0.211,0.305
0.213,0.289,0.557,0.511,0.569,0.056,0.211,0.305
0.213,0.289,0.557,0.511,0.569,0.056,0.211,0.305
0.213,0.289,0.557,0.511,0.569,0.056,0.211,0.305
0.213,0.289,0.557,0.511,0.569,0.056,0.211,0.305
0.213,0.289,0.557,0.511,0.569,0.056,0.211,0.305
0.213,0.289,0.557,0.511,0.569,0.056,0.211,0.305
0.213,0.289,0.557,0.511,0.569,0.056,0.211,0.305
0.213,0.289,0.557,0.511,0.569,0.056,0.211,0.305
0.213,0.289,0.557,0.511,0.569,0.056,0.211,0.305
0.213,0.289,0.557,0.511,0.569,0.056,0.211,0.305
0.213,0.289,0.557,0.511,0.569,0.056,0.211,0.305
0.213,0.289,0.557,0.511,0.569,0.056,0.211,0.305
0.213,0.289,0.557,0.511,0.569,0.056,0.211,0.305
0.213,0.289,0.557,0.511,0.569,0.056,0.211,0.305
0.213,0.289,0.557,0.511,0.569,0.056,0.211,0.305
0.213,0.289,0.557,0.511,0.569,0.056,0.211,0.305
0.213,0.289,0.557,0.511,0.569,0.056,0.211,0.305
0.213,0.289,0.557,0.511,0.569,0.056,0.211,0.305
0.213,0.289,0.557,0.511,0.569,0.056,0.211,0.305
0.213,0.289,0.557,0.511,0.569,0.056,0.211,0.305
0.213,0.289,0.557,0.511,0.569,0.056,0.211,0.305
0.213,0.289,0.557,0.511,0.569,0.056,0.211,0.305
0.213,0.289,0.557,0.511,0.569,0.056,0.211,0.305
0.213,0.289,0.557,0.511,0.569,0.056,0.211,0.305
0.213,0.289,0.557,0.511,0.569,0.056,0.211,0.305
0.213,0.289,0.557,0.511,0.569,0.056,0.211,0.305
0.213,0.289,0.557,0.511,0.569,0.056,0.211,0.305
0.213,0.289,0.557,0.511,0.569,0.056,0.211,0.305
0.213,0.289,0.557,0.511,0.569,0.056,0.211,0.305
0.213,0.289,0.557,0.511,0.569,0.056,0.211,0.305
0.213,0.289,0.557,0.511,0.569,0.056,0.211,0.305
0.213,0.289,0.557,0.511,0.569,0.056,0.211,0.305
0.213,0.289,0.557,0.511,0.569,0.056,0.211,0.305
0.213,0.289,0.557,0.511,0.569,0.056,0.211,0.305
0.213,0.289,0.557,0.511,0.569,0.056,0.211,0.305
0.213,0.289,0.557,0.511,0.569,0.056,0.211,0.305
0.213,0.289,0.557,0.511,0.569,0.056,0.211,0.305
0.213,0.289,0.557,0.511,0.569,0.056,0.211,0.305
0.213,0.289,0.557,0.511,0.569,0.056,0.211,0.305
0.213,0.289,0.557,0.511,0.569,0.056,0.211,0.305
0.213,0.289,0.557,0.511,0.569,0.056,0.211,0.305
0.213,0.289,0.557,0.511,0.569,0.056,0.211,0.305
0.213,0.289,0.557,0.511,0.569,0.056,0.211,0.305
0.213,0.289,0.557,0.511,0.569,0.056,0.211,0.305
0.213,0.289,0.557,0.511,0.569,0.056,0.211,0.305
0.213,0.289,0.557,0.511,0.569,0.056,0.211,0.305
0.213,0.289,0.557,0.511,0.569,0.056,0.211,0.305
0.213,0.289,0.557,0.511,0.569,0.056,0.211,0.305
0.213,0.289,0.557,0.511,0.569,0.056,0.211,0.305
0.213,0.289,0.557,0.511,0.569,0.056,0.211,0.305
0.213,0.289,0.557,0.511,0.569,0.056,0.211,0.305
0.213,0.289,0.557,0.511,0.569,0.056,0.211,0.305
0.213,0.289,0.557,0.511,0.569,0.056,0.211,0.305
0.213,0.289,0.557,0.511,0.569,0.056,0.211,0.305
0.213,0.289,0.557,0.511,0.569,0.056,0.211,0.305
0.213,0.289,0.557,0.511,0.569,0.056,0.211,0.305
0.213,0.289,0.557,0.511,0.569,0.056,0.211,0.305
0.213,0.289,0.557,0.511,0.569,0.056,0.211,0.305
0.213,0.289,0.557,0.511,0.569,0.056,0.211,0.305
0.213,0.289,0.557,0.511,0.569,0.056,0.211,0.305
0.213,0.289,0.557,0.511,0.569,0.056,0.211,0.305
0.213,0.289,0.557,0.511,0.569,0.056,0.211,0.305
0.213,0.289,0.557,0.511,0.569,0.056,0.211,0.305
0.213,0.289,0.557,0.511,0.569,0.056,0.211,0.305
0.213,0.289,0.557,0.511,0.569,0.056,0.211,0.305
0.213,0.289,0.557,0.511,0.569,0.056,0.211,0.305
0.213,0.289,0.557,0.511,0.569,0.056,0.211,0.305
0.213,0.289,0.557,0.511,0.569,0.056,0.211,0.305
0.213,0.289,0.557,0.511,0.569,0.056,0.211,0.305
0.213,0.289,0.557,0.511,0.569,0.056,0.211,0.305
0.213,0.289,0.557,0.511,0.569,0.056,0.211,0.305
0.213,0.289,0.557,0.511,0.569,0.056,0.211,0.305
0.213,0.289,0.557,0.511,0.569,0.056,0.211,0.305
0.213,0.289,0.557,0.511,0.569,0.056,0.211,0.305
0.213,0.289,0.557,0.511,0.569,0.056,0.211,0.305
0.213,0.289,0.557,0.511,0.569,0.056,0.211,0.305
0.213,0.289,0.557,0.511,0.569,0.056,0.211,0.305
0.213,0.289,0.557,0.511,0.569,0.056,0.211,0.305
0.213,0.289,0.557,0.511,0.569,0.056,0.211,0.305
0.213,0.289,0.557,0.511,0.569,0.056,0.211,0.305
0.213,0.289,0.557,0.511,0.569,0.056,0.211,0.305
0.213,0.289,0.557,0.511,0.569,0.056,0.211,0.305
0.213,0.289,0.557,0.511,0.569,0.056,0.211,0.305
0.213,0.289,0.557,0.511,0.569,0.056,0.211,0.305
0.213,0.289,0.557,0.511,0.569,0.056,0.211,0.305
0.213,0.289,0.557,0.511,0.569,0.056,0.211,0.305
0.213,0.289,0.557,0.511,0.569,0.056,0.211,0.305
0.213,0.289,0.557,0.511,0.569,0.056,0.211,0.305
0.213,0.289,0.557,0.511,0.569,0.056,0.211,0.305
0.213,0.289,0.557,0.511,0.569,0.056,0.211,0.305
0.213,0.289,0.557,0.511,0.569,0.056,0.211,0.305
0.213,0.289,0.557,0.511,0.569,0.056,0.211,0.305
0.213,0.289,0.557,0.511,0.569,0.056,0.211,0.305
0.213,0.289,0.557,0.511,0.569,0.056,0.211,0.305
0.213,0.289,0.557,0.511,0.569,0.056,0.211,0.305
0.213,0.289,0.557,0.511,0.569,0.056,0.211,0.305
0.213,0.289,0.557,0.511,0.569,0.056,0.211,0.305
0.213,0.289,0.557,0.511,0.569,0.056,0.211,0.305
0.213,0.289,0.557,0.511,0.569,0.056,0.211,0.305
0.213,0.289,0.557,0.511,0.569,0.056,0.211,0.305
0.213,0.289,0.557,0.511,0.569,0.056,0.211,0.305
0.213,0.289,0.557,0.511,0.569,0.056,0.211,0.305
0.213,0.289,0.557,0.511,0.569,0.056,0.211,0.305
0.213,0.289,0.557,0.511,0.569,0.056,0.211,0.305
0.213,0.289,0.557,0.511,0.569,0.056,0.211,0.305
0.213,0.289,0.557,0.511,0.569,0.056,0.211,0.305
0.213,0.289,0.557,0.511,0.569,0.056,0.211,0.305
0.213,0.289,0.557,0.511,0.569,0.056,0.211,0.305
0.213,0.289,0.557,0.511,0.569,0.056,0.211,0.305
0.213,0.289,0.557,0.511,0.569,0.056,0.211,0.305
0.213,0.289,0.557,0.511,0.569,0.056,0.211,0.305
0.213,0.289,0.557,0.511,0.569,0.056,0.211,0.305
0.213,0.289,0.557,0.511,0.569,0.056,0.211,0.305
0.213,0.289,0.557,0.511,0.569,0.056,0.211,0.305
0.213,0.289,0.557,0.511,0.569,0.056,0.211,0.305
0.213,0.289,0.557,0.511,0.569,0.056,0.211,0.305
0.213,0.289,0.557,0.511,0.569,0.056,0.211,0.305
0.213,0.289,0.557,0.511,0.569,0.056,0.211,0.305
0.213,0.289,0.557,0.511,0.569,0.056,0.211,0.305
0.213,0.289,0.557,0.511,0.569,0.056,0.211,0.305
0.213,0.289,0.557,0.511,0.569,0.056,0.211,0.305
0.213,0.289,0.557,0.511,0.569,0.056,0.211,0.305
0.213,0.289,0.557,0.511,0.569,0.056,0.211,0.305
0.213,0.289,0.557,0.511,0.569,0.056,0.211,0.305
0.213,0.289,0.557,0.511,0.569,0.056,0.211,0.305
0.213,0.289,0.557,0.511,0.569,0.056,0.211,0.305
0.213,0.289,0.557,0.511,0.569,0.056,0.211,0.305
0.213,0.289,0.557,0.511,0.569,0.056,0.211,0.305
0.213,0.289,0.557,0.511,0.569,0.056,0.211,0.305
0.213,0.289,0.557,0.511,0.569,0.056,0.211,0.305
0.213,0.289,0.557,0.511,0.569,0.056,0.211,0.305
0.213,0.289,0.557,0.511,0.569,0.056,0.211,0.305
0.213,0.289,0.557,0.511,0.569,0.056,0.211,0.305
0.213,0.289,0.557,0.511,0.569,0.056,0.211,0.305
0.213,0.289,0.557,0.511,0.569,0.056,0.211,0.305
0.213,0.289,0.557,0.511,0.569,0.056,0.211,0.305
0.213,0.289,0.557,0.511,0.569,0.056,0.211,0.305
0.213,0.289,0.557,0.511,0.569,0.056,0.211,0.305
0.213,0.289,0.557,0.511,0.569,0.056,0.211,0.305
0.213,0.289,0.557,0.511,0.569,0.056,0.211,0.305
0.213,0.289,0.557,0.511,0.569,0.056,0.211,0.305
0.213,0.289,0.557,0.511,0.569,0.056,0.211,0.305
0.213,0.289,0.557,0.511,0.569,0.056,0.211,0.305
0.213,0.289,0.557,0.511,0.569,0.056,0.211,0.305
0.213,0.289,0.557,0.511,0.569,0.056,0.211,0.305
0.213,0.289,0.557,0.511,0.569,0.056,0.211,0.305
0.213,0.289,0.557,0.511,0.569,0.056,0.211,0.305
0.213,0.289,0.557,0.511,0.569,0.056,0.211,0.305
0.213,0.289,0.557,0.511,0.569,0.056,0.211,0.305
0.213,0.289,0.557,0.511,0.569,0.056,0.211,0.305
0.213,0.289,0.557,0.511,0.569,0.056,0.211,0.305
0.213,0.289,0.557,0.511,0.569,0.056,0.211,0.305
0.213,0.289,0.557,0.511,0.569,0.056,0.211,0.305
0.213,0.289,0.557,0.511,0.569,0.056,0.211,0.305
0.213,0.289,0.557,0.511,0.569,0.056,0.211,0.305
0.213,0.289,0.557,0.511,0.569,0.056,0.211,0.305
0.213,0.289,0.557,0.511,0.569,0.056,0.211,0.305
0.213,0.289,0.557,0.511,0.569,0.056,0.211,0.305
0.213,0.289,0.557,0.511,0.569,0.056,0.211,0.305
0.213,0.289,0.557,0.511,0.569,0.056,0.211,0.305
0.213,0.289,0.557,0.511,0.569,0.056,0.211,0.305
0.213,0.289,0.557,0.511,0.569,0.056,0.211,0.305
0.213,0.289,0.557,0.511,0.569,0.056,0.211,0.305
0.213,0.289,0.557,0.511,0.569,0.056,0.211,0.305
0.213,0.289,0.557,0.511,0.569,0.056,0.211,0.305
0.213,0.289,0.557,0.511,0.569,0.056,0.211,0.305
0.213,0.289,0.557,0.511,0.569,0.056,0.211,0.305
0.213,0.289,0.557,0.511,0.569,0.056,0.211,0.305
0.213,0.289,0.557,0.511,0.569,0.056,0.211,0.305
0.213,0.289,0.557,0.511,0.569,0.056,0.211,0.305
0.213,0.289,0.557,0.511,0.569,0.056,0.211,0.305
0.213,0.289,0.557,0.511,0.569,0.056,0.211,0.305
0.213,0.289,0.557,0.511,0.569,0.056,0.211,0.305
0.213,0.289,0.557,0.511,0.569,0.056,0.211,0.305
0.213,0.289,0.557,0.511,0.569,0.056,0.211,0.305
0.213,0.289,0.557,0.511,0.569,0.056,0.211,0.305
0.213,0.289,0.557,0.511,0.569,0.056,0.211,0.305
0.213,0.289,0.557,0.511,0.569,0.056,0.211,0.305
0.213,0.289,0.557,0.511,0.569,0.056,0.211,0.305
0.213,0.289,0.557,0.511,0.569,0.056,0.211,0.305
0.213,0.289,0.557,0.511,0.569,0.056,0.211,0.305
0.213,0.289,0.557,0.511,0.569,0.056,0.211,0.305
0.213,0.289,0.557,0.511,0.569,0.056,0.211,0.305
0.213,0.289,0.557,0.511,0.569,0.056,0.211,0.305
0.213,0.289,0.557,0.511,0.569,0.056,0.211,0.305
0.213,0.289,0.557,0.511,0.569,0.056,0.211,0.305
0.213,0.289,0.557,0.511,0.569,0.056,0.211,0.305
0.213,0.289,0.557,0.511,0.569,0.056,0.211,0.305
0.213,0.289,0.557,0.511,0.569,0.056,0.211,0.305
0.213,0.289,0.557,0.511,0.569,0.056,0.211,0.305
0.213,0.289,0.557,0.511,0.569,0.056,0.211,0.305
0.213,0.289,0.557,0.511,0.569,0.056,0.211,0.305
0.213,0.289,0.557,0.511,0.569,0.056,0.211,0.305
0.213,0.289,0.557,0.511,0.569,0.056,0.211,0.305
0.213,0.289,0.557,0.511,0.569,0.056,0.211,0.305
0.213,0.289,0.557,0.511,0.569,0.056,0.211,0.305
0.213,0.289,0.557,0.511,0.569,0.056,0.211,0.305
0.213,0.289,0.557,0.511,0.569,0.056,0.211,0.305
0.213,0.289,0.557,0.511,0.569,0.056,0.211,0.305
0.213,0.289,0.557,0.511,0.569,0.056,0.211,0.305
0.213,0.289,0.557,0.511,0.569,0.056,0.211,0.305
0.213,0.289,0.557,0.511,0.569,0.056,0.211,0.305
0.213,0.289,0.557,0.511,0.569,0.056,0.211,0.305
0.213,0.289,0.557,0.511,0.569,0.056,0.211,0.305
0.213,0.289,0.557,0.511,0.569,0.056,0.211,0.305
0.213,0.289,0.557,0.511,0.569,0.056,0.211,0.305
0.213,0.289,0.557,0.511,0.569,0.056,0.211,0.305
0.213,0.289,0.557,0.511,0.569,0.056,0.211,0.305
0.213,0.289,0.557,0.511,0.569,0.056,0.211,0.305
0.213,0.289,0.557,0.511,0.569,0.056,0.211,0.305
0.213,0.289,0.557,0.511,0.569,0.056,0.211,0.305
0.213,0.289,0.557,0.511,0.569,0.056,0.211,0.305
0.213,0.289,0.557,0.511,0.569,0.056,0.211,0.305
0.213,0.289,0.557,0.511,0.569,0.056,0.211,0.305
0.213,0.289,0.557,0.511,0.569,0.056,0.211,0.305
0.213,0.289,0.557,0.511,0.569,0.056,0.211,0.305
0.213,0.289,0.557,0.511,0.569,0.056,0.211,0.305
0.213,0.289,0.557,0.511,0.569,0.056,0.211,0.305
0.213,0.289,0.557,0.511,0.569,0.056,0.211,0.305
0.213,0.289,0.557,0.511,0.569,0.056,0.211,0.305
0.213,0.289,0.557,0.511,0.569,0.056,0.211,0.305
0.213,0.289,0.557,0.511,0.569,0.056,0.211,0.305
0.213,0.289,0.557,0.511,0.569,0.056,0.211,0.305
0.213,0.289,0.557,0.511,0.569,0.056,0.211,0.305
0.213,0.289,0.557,0.511,0.569,0.056,0.211,0.305
0.213,0.289,0.557,0.511,0.569,0.056,0.211,0.305
0.213,0.289,0.557,0.511,0.569,0.056,0.211,0.305
0.213,0.289,0.557,0.511,0.569,0.056,0.211,0.305
0.213,0.289,0.557,0.511,0.569,0.056,0.211,0.305
0.213,0.289,0.557,0.511,0.569,0.056,0.211,0.305
0.213,0.289,0.557,0.511,0.569,0.056,0.211,0.305
0.213,0.289,0.557,0.511,0.569,0.056,0.211,0.305
0.213,0.289,0.557,0.511,0.569,0.056,0.211,0.305
0.213,0.289,0.557,0.511,0.569,0.056,0.211,0.305
0.213,0.289,0.557,0.511,0.569,0.056,0.211,0.305
0.213,0.289,0.557,0.511,0.569,0.056,0.211,0.305
0.213,0.289,0.557,0.511,0.569,0.056,0.211,0.305
0.213,0.289,0.557,0.511,0.569,0.056,0.211,0.305
0.213,0.289,0.557,0.511,0.569,0.056,0.211,0.305
0.213,0.289,0.557,0.511,0.569,0.056,0.211,0.305
0.213,0.289,0.557,0.511,0.569,0.056,0.211,0.305
0.213,0.289,0.557,0.511,0.569,0.056,0.211,0.305
0.213,0.289,0.557,0.511,0.569,0.056,0.211,0.305
0.213,0.289,0.557,0.511,0.569,0.056,0.211,0.305
0.213,0.289,0.557,0.511,0.569,0.056,0.211,0.305
0.213,0.289,0.557,0.511,0.569,0.056,0.211,0.305
0.213,0.289,0.557,0.511,0.569,0.056,0.211,0.305
0.213,0.289,0.557,0.511,0.569,0.056,0.211,0.305
0.213,0.289,0.557,0.511,0.569,0.056,0.211,0.305
0.213,0.289,0.557,0.511,0.569,0.056,0.211,0.305
0.213,0.289,0.557,0.511,0.569,0.056,0.211,0.305
0.213,0.289,0.557,0.511,0.569,0.056,0.211,0.305
0.213,0.289,0.557,0.511,0.569,0.056,0.211,0.305
0.213,0.289,0.557,0.511,0.569,0.056,0.211,0.305
0.213,0.289,0.557,0.511,0.569,0.056,0.211,0.305
0.213,0.289,0.557,0.511,0.569,0.056,0.211,0.305
0.213,0.289,0.557,0.511,0.569,0.056,0.211,0.305
0.213,0.289,0.557,0.511,0.569,0.056,0.211,0.305
0.213,0.289,0.557,0.511,0.569,0.056,0.211,0.305
0.213,0.289,0.557,0.511,0.569,0.056,0.211,0.305
0.213,0.289,0.557,0.511,0.569,0.056,0.211,0.305
0.213,0.289,0.557,0.511,0.569,0.056,0.211,0.305
0.213,0.289,0.557,0.511,0.569,0.056,0.211,0.305
0.213,0.289,0.557,0.511,0.569,0.056,0.211,0.305
0.213,0.289,0.557,0.511,0.569,0.056,0.211,0.305
0.213,0.289,0.557,0.511,0.569,0.056,0.211,0.305
0.213,0.289,0.557,0.511,0.569,0.056,0.211,0.305
0.213,0.289,0.557,0.511,0.569,0.056,0.211,0.305
0.213,0.289,0.557,0.511,0.569,0.056,0.211,0.305
0.213,0.289,0.557,0.511,0.569,0.056,0.211,0.305
0.213,0.289,0.557,0.511,0.569,0.056,0.211,0.305
0.213,0.289,0.557,0.511,0.569,0.056,0.211,0.305
0.213,0.289,0.557,0.511,0.569,0.056,0.211,0.305
0.213,0.289,0.557,0.511,0.569,0.056,0.211,0.305
0.213,0.289,0.557,0.511,0.569,0.056,0.211,0.305
0.213,0.289,0.557,0.511,0.569,0.056,0.211,0.305
0.213,0.289,0.557,0.511,0.569,0.056,0.211,0.305
0.213,0.289,0.557,0.511,0.569,0.056,0.211,0.305
0.213,0.289,0.557,0.511,0.569,0.056,0.211,0.305
0.213,0.289,0.557,0.511,0.569,0.056,0.211,0.305
0.213,0.289,0.557,0.511,0.569,0.056,0.211,0.305
0.213,0.289,0.557,0.511,0.569,0.056,0.211,0.305
0.213,0.289,0.557,0.511,0.569,0.056,0.211,0.305
0.213,0.289,0.557,0.511,0.569,0.056,0.211,0.305
0.213,0.289,0.557,0.511,0.569,0.056,0.211,0.305
0.213,0.289,0.557,0.511,0.569,0.056,0.211,0.305
0.213,0.289,0.557,0.511,0.569,0.056,0.211,0.305
0.213,0.289,0.557,0.511,0.569,0.056,0.211,0.305
0.213,0.289,0.557,0.511,0.569,0.056,0.211,0.305
0.213,0.289,0.557,0.511,0.569,0.056,0.211,0.305
0.213,0.289,0.557,0.511,0.569,0.056,0.211,0.305
0.213,0.289,0.557,0.511,0.569,0.056,0.211,0.305
0.213,0.289,0.557,0.511,0.569,0.056,0.211,0.305
0.213,0.289,0.557,0.511,0.569,0.056,0.211,0.305
0.213,0.289,0.557,0.511,0.569,0.056,0.211,0.305
0.213,0.289,0.557,0.511,0.569,0.056,0.211,0.305
0.213,0.289,0.557,0.511,0.569,0.056,0.211,0.305
0.213,0.289,0.557,0.511,0.569,0.056,0.211,0.305
0.213,0.289,0.557,0.511,0.569,0.056,0.211,0.305
0.213,0.289,0.557,0.511,0.569,0.056,0.211,0.305
0.213,0.289,0.557,0.511,0.569,0.056,0.211,0.305
0.213,0.289,0.557,0.511,0.569,0.056,0.211,0.305
0.213,0.289,0.557,0.511,0.569,0.056,0.211,0.305
0.213,0.289,0.557,0.511,0.569,0.056,0.211,0.305
0.213,0.289,0.557,0.511,0.569,0.056,0.211,0.305
0.213,0.289,0.557,0.511,0.569,0.056,0.211,0.305
0.213,0.289,0.557,0.511,0.569,0.056,0.211,0.305
0.213,0.289,0.557,0.511,0.569,0.056,0.211,0.305
0.213,0.289,0.557,0.511,0.569,0.056,0.211,0.305
0.213,0.289,0.557,0.511,0.569,0.056,0.211,0.305
0.213,0.289,0.557,0.511,0.569,0.056,0.211,0.305
0.213,0.289,0.557,0.511,0.569,0.056,0.211,0.305
0.213,0.289,0.557,0.511,0.569,0.056,0.211,0.305
0.213,0.289,0.557,0.511,0.569,0.056,0.211,0.305
0.213,0.289,0.557,0.511,0.569,0.056,0.211,0.305
0.213,0.289,0.557,0.511,0.569,0.056,0.211,0.305
0.213,0.289,0.557,0.511,0.569,0.056,0.211,0.305
0.213,0.289,0.557,0.511,0.569,0.056,0.211,0.305
0.213,0.289,0.557,0.511,0.569,0.056,0.211,0.305
0.213,0.289,0.557,0.511,0.569,0.056,0.211,0.305
0.213,0.289,0.557,0.511,0.569,0.056,0.211,0.305
0.213,0.289,0.557,0.511,0.569,0.056,0.211,0.305
0.213,0.289,0.557,0.511,0.569,0.056,0.211,0.305
0.213,0.289,0.557,0.511,0.569,0.056,0.211,0.305
0.213,0.289,0.557,0.511,0.569,0.056,0.211,0.305
0.213,0.289,0.557,0.511,0.569,0.056,0.211,0.305
0.213,0.289,0.557,0.511,0.569,0.056,0.211,0.305
0.213,0.289,0.557,0.511,0.569,0.056,0.211,0.305
0.213,0.289,0.557,0.511,0.569,0.056,0.211,0.305
0.213,0.289,0.557,0.511,0.569,0.056,0.211,0.305
0.213,0.289,0.557,0.511,0.569,0.056,0.211,0.305
0.213,0.289,0.557,0.511,0.569,0.056,0.211,0.305
0.213,0.289,0.557,0.511,0.569,0.056,0.211,0.305
0.213,0.289,0.557,0.511,0.569,0.056,0.211,0.305
0.213,0.289,0.557,0.511,0.569,0.056,0.211,0.305
0.213,0.289,0.557,0.511,0.569,0.056,0.211,0.305
0.213,0.289,0.557,0.511,0.569,0.056,0.211,0.305
0.213,0.289,0.557,0.511,0.569,0.056,0.211,0.305
0.213,0.289,0.557,0.511,0.569,0.056,0.211,0.305
0.213,0.289,0.557,0.511,0.569,0.056,0.211,0.305
0.213,0.289,0.557,0.511,0.569,0.056,0.211,0.305
0.213,0.289,0.557,0.511,0.569,0.056,0.211,0.305
0.213,0.289,0.557,0.511,0.569,0.056,0.211,0.305
0.213,0.289,0.557,0.511,0.569,0.056,0.211,0.305
0.213,0.289,0.557,0.511,0.569,0.056,0.211,0.305
0.213,0.289,0.557,0.511,0.569,0.056,0.211,0.305
0.213,0.289,0.557,0.511,0.569,0.056,0.211,0.305
0.213,0.289,0.557,0.511,0.569,0.056,0.211,0.305
0.213,0.289,0.557,0.511,0.569,0.056,0.211,0.305
0.213,0.289,0.557,0.511,0.569,0.056,0.211,0.305
0.213,0.289,0.557,0.511,0.569,0.056,0.211,0.305
0.213,0.289,0.557,0.511,0.569,0.056,0.211,0.305
0.213,0.289,0.557,0.511,0.569,0.056,0.211,0.305
0.213,0.289,0.557,0.511,0.569,0.056,0.211,0.305
0.213,0.289,0.557,0.511,0.569,0.056,0.211,0.305
0.213,0.289,0.557,0.511,0.569,0.056,0.211,0.305
0.213,0.289,0.557,0.511,0.569,0.056,0.211,0.305
0.213,0.289,0.557,0.511,0.569,0.056,0.211,0.305
0.213,0.289,0.557,0.511,0.569,0.056,0.211,0.305
0.213,0.289,0.557,0.511,0.569,0.056,0.211,0.305
0.213,0.289,0.557,0.511,0.569,0.056,0.211,0.305
0.213,0.289,0.557,0.511,0.569,0.056,0.211,0.305
0.213,0.289,0.557,0.511,0.569,0.056,0.211,0.305
0.213,0.289,0.557,0.511,0.569,0.056,0.211,0.305
0.213,0.289,0.557,0.511,0.569,0.056,0.211,0.305
0.213,0.289,0.557,0.511,0.569,0.056,0.211,0.305
0.213,0.289,0.557,0.511,0.569,0.056,0.211,0.305
0.213,0.289,0.557,0.511,0.569,0.056,0.211,0.305
0.213,0.289,0.557,0.511,0.569,0.056,0.211,0.305
0.213,0.289,0.557,0.511,0.569,0.056,0.211,0.305
0.213,0.289,0.557,0.511,0.569,0.056,0.211,0.305
0.213,0.289,0.557,0.511,0.569,0.056,0.211,0.305
0.213,0.289,0.557,0.511,0.569,0.056,0.211,0.305
0.213,0.289,0.557,0.511,0.569,0.056,0.211,0.305
0.213,0.289,0.557,0.511,0.569,0.056,0.211,0.305
0.213,0.289,0.557,0.511,0.569,0.056,0.211,0.305
0.213,0.289,0.557,0.511,0.569,0.056,0.211,0.305
0.213,0.289,0.557,0.511,0.569,0.056,0.211,0.305
0.213,0.289,0.557,0.511,0.569,0.056,0.211,0.305
0.213,0.289,0.557,0.511,0.569,0.056,0.211,0.305
0.213,0.289,0.557,0.511,0.569,0.056,0.211,0.305
0.213,0.289,0.557,0.511,0.569,0.056,0.211,0.305
0.213,0.289,0.557,0.511,0.569,0.056,0.211,0.305
0.213,0.289,0.557,0.511,0.569,0.056,0.211,0.305
0.213,0.289,0.557,0.511,0.569,0.056,0.211,0.305
0.213,0.289,0.557,0.511,0.569,0.056,0.211,0.305
0.213,0.289,0.557,0.511,0.569,0.056,0.211,0.305
0.213,0.289,0.557,0.511,0.569,0.056,0.211,0.305
0.213,0.289,0.557,0.511,0.569,0.056,0.211,0.305
0.213,0.289,0.557,0.511,0.569,0.056,0.211,0.305
0.213,0.289,0.557,0.511,0.569,0.056,0.211,0.305
0.213,0.289,0.557,0.511,0.569,0.056,0.211,0.305
0.213,0.289,0.557,0.511,0.569,0.056,0.211,0.305
0.213,0.289,0.557,0.511,0.569,0.056,0.211,0.305
0.213,0.289,0.557,0.511,0.569,0.056,0.211,0.305
0.213,0.289,0.557,0.511,0.569,0.056,0.211,0.305
0.213,0.289,0.557,0.511,0.569,0.056,0.211,0.305
0.213,0.289,0.557,0.511,0.569,0.056,0.211,0.305
0.213,0.289,0.557,0.511,0.569,0.056,0.211,0.305
0.213,0.289,0.557,0.511,0.569,0.056,0.211,0.305
0.213,0.289,0.557,0.511,0.569,0.056,0.211,0.305
0.213,0.289,0.557,0.511,0.569,0.056,0.211,0.305
0.213,0.289,0.557,0.511,0.569,0.056,0.211,0.305
0.213,0.289,0.557,0.511,0.569,0.056,0.211,0.305
0.213,0.289,0.557,0.511,0.569,0.056,0.211,0.305
0.213,0.289,0.557,0.511,0.569,0.056,0.211,0.305
0.213,0.289,0.557,0.511,0.569,0.056,0.211,0.305
0.213,0.289,0.557,0.511,0.569,0.056,0.211,0.305
0.213,0.289,0.557,0.511,0.569,0.056,0.211,0.305
0.213,0.289,0.557,0.511,0.569,0.056,0.211,0.305
0.213,0.289,0.557,0.511,0.569,0.056,0.211,0.305
0.213,0.289,0.557,0.511,0.569,0.056,0.211,0.305
0.213,0.289,0.557,0.511,0.569,0.056,0.211,0.305
0.213,0.289,0.557,0.511,0.569,0.056,0.211,0.305
0.213,0.289,0.557,0.511,0.569,0.056,0.211,0.305
0.213,0.289,0.557,0.511,0.569,0.056,0.211,0.305
0.213,0.289,0.557,0.511,0.569,0.056,0.211,0.305
0.213,0.289,0.557,0.511,0.569,0.056,0.211,0.305
0.213,0.289,0.557,0.511,0.569,0.056,0.211,0.305
0.213,0.289,0.557,0.511,0.569,0.056,0.211,0.305
0.213,0.289,0.557,0.511,0.569,0.056,0.211,0.305
0.213,0.289,0.557,0.511,0.569,0.056,0.211,0.305
0.213,0.289,0.557,0.511,0.569,0.056,0.211,0.305
0.213,0.289,0.557,0.511,0.569,0.056,0.211,0.305
0.213,0.289,0.557,0.511,0.569,0.056,0.211,0.305
0.213,0.289,0.557,0.511,0.569,0.056,0.211,0.305
0.213,0.289,0.557,0.511,0.569,0.056,0.211,0.305
0.213,0.289,0.557,0.511,0.569,0.056,0.211,0.305
0.213,0.289,0.557,0.511,0.569,0.056,0.211,0.305
0.213,0.289,0.557,0.511,0.569,0.056,0.211,0.305
0.213,0.289,0.557,0.511,0.569,0.056,0.211,0.305
0.213,0.289,0.557,0.511,0.569,0.056,0.211,0.305
0.213,0.289,0.557,0.511,0.569,0.056,0.211,0.305
0.213,0.289,0.557,0.511,0.569,0.056,0.211,0.305
0.213,0.289,0.557,0.511,0.569,0.056,0.211,0.305
0.213,0.289,0.557,0.511,0.569,0.056,0.211,0.305
0.213,0.289,0.557,0.511,0.569,0.056,0.211,0.305
0.213,0.289,0.557,0.511,0.569,0.056,0.211,0.305
0.213,0.289,0.557,0.511,0.569,0.056,0.211,0.305
0.213,0.289,0.557,0.511,0.569,0.056,0.211,0.305
0.213,0.289,0.557,0.511,0.569,0.056,0.211,0.305
0.213,0.289,0.557,0.511,0.569,0.056,0.211,0.305
0.213,0.289,0.557,0.511,0.569,0.056,0.211,0.305
0.213,0.289,0.557,0.511,0.569,0.056,0.211,0.305
0.213,0.289,0.557,0.511,0.569,0.056,0.211,0.305
0.213,0.289,0.557,0.511,0.569,0.056,0.211,0.305
0.213,0.289,0.557,0.511,0.569,0.056,0.211,0.305
0.213,0.289,0.557,0.511,0.569,0.056,0.211,0.305
0.213,0.289,0.557,0.511,0.569,0.056,0.211,0.305
0.213,0.289,0.557,0.511,0.569,0.056,0.211,0.305
0.213,0.289,0.557,0.511,0.569,0.056,0.211,0.305
0.213,0.289,0.557,0.511,0.569,0.056,0.211,0.305
0.213,0.289,0.557,0.511,0.569,0.056,0.211,0.305
0.213,0.289,0.557,0.511,0.569,0.056,0.211,0.305
0.213,0.289,0.557,0.511,0.569,0.056,0.211,0.305
0.213,0.289,0.557,0.511,0.569,0.056,0.211,0.305
0.213,0.289,0.557,0.511,0.569,0.056,0.211,0.305
0.213,0.289,0.557,0.511,0.569,0.056,0.211,0.305
0.213,0.289,0.557,0.511,0.569,0.056,0.211,0.305
0.213,0.289,0.557,0.511,0.569,0.056,0.211,0.305
0.213,0.289,0.557,0.511,0.569,0.056,0.211,0.305
0.213,0.289,0.557,0.511,0.569,0.056,0.211,0.305
0.213,0.289,0.557,0.511,0.569,0.056,0.211,0.305
0.213,0.289,0.557,0.511,0.569,0.056,0.211,0.305
0.213,0.289,0.557,0.511,0.569,0.056,0.211,0.305
0.213,0.289,0.557,0.511,0.569,0.056,0.211,0.305
0.213,0.289,0.557,0.511,0.569,0.056,0.211,0.305
0.213,0.289,0.557,0.511,0.569,0.056,0.211,0.305
0.213,0.289,0.557,0.511,0.569,0.056,0.211,0.305
0.213,0.289,0.557,0.511,0.569,0.056,0.211,0.305
0.213,0.289,0.557,0.511,0.569,0.056,0.211,0.305
0.213,0.289,0.557,0.511,0.569,0.056,0.211,0.305
0.213,0.289,0.557,0.511,0.569,0.056,0.211,0.305
0.213,0.289,0.557,0.511,0.569,0.056,0.211,0.305
0.213,0.289,0.557,0.511,0.569,0.056,0.211,0.305
0.213,0.289,0.557,0.511,0.569,0.056,0.211,0.305
0.213,0.289,0.557,0.511,0.569,0.056,0.211,0.305
0.213,0.289,0.557,0.511,0.569,0.056,0.211,0.305
0.213,0.289,0.557,0.511,0.569,0.056,0.211,0.305
0.213,0.289,0.557,0.511,0.569,0.056,0.211,0.305
0.213,0.289,0.557,0.511,0.569,0.056,0.211,0.305
0.213,0.289,0.557,0.511,0.569,0.056,0.211,0.305
0.213,0.289,0.557,0.511,0.569,0.056,0.211,0.305
0.213,0.289,0.557,0.511,0.569,0.056,0.211,0.305
0.213,0.289,0.557,0.511,0.569,0.056,0.211,0.305
0.213,0.289,0.557,0.511,0.569,0.056,0.211,0.305
0.213,0.289,0.557,0.511,0.569,0.056,0.211,0.305
0.213,0.289,0.557,0.511,0.569,0.056,0.211,0.305
0.213,0.289,0.557,0.511,0.569,0.056,0.211,0.305
0.213,0.289,0.557,0.511,0.569,0.056,0.211,0.305
0.213,0.289,0.557,0.511,0.569,0.056,0.211,0.305
0.213,0.289,0.557,0.511,0.569,0.056,0.211,0.305
0.213,0.289,0.557,0.511,0.569,0.056,0.211,0.305
0.213,0.289,0.557,0.511,0.569,0.056,0.211,0.305
0.213,0.289,0.557,0.511,0.569,0.056,0.211,0.305
0.213,0.289,0.557,0.511,0.569,0.056,0.211,0.305
0.213,0.289,0.557,0.511,0.569,0.056,0.211,0.305
0.213,0.289,0.557,0.511,0.569,0.056,0.211,0.305
0.213,0.289,0.557,0.511,0.569,0.056,0.211,0.305
0.213,0.289,0.557,0.511,0.569,0.056,0.211,0.305
0.213,0.289,0.557,0.511,0.569,0.056,0.211,0.305
0.213,0.289,0.557,0.511,0.569,0.056,0.211,0.305
0.213,0.289,0.557,0.511,0.569,0.056,0.211,0.305
0.213,0.289,0.557,0.511,0.569,0.056,0.211,0.305
0.213,0.289,0.557,0.511,0.569,0.056,0.211,0.305
0.213,0.289,0.557,0.511,0.569,0.056,0.211,0.305
0.213,0.289,0.557,0.511,0.569,0.056,0.211,0.305
0.213,0.289,0.557,0.511,0.569,0.056,0.211,0.305
0.213,0.289,0.557,0.511,0.569,0.056,0.211,0.305
0.213,0.289,0.557,0.511,0.569,0.056,0.211,0.305
0.213,0.289,0.557,0.511,0.569,0.056,0.211,0.305
0.213,0.289,0.557,0.511,0.569,0.056,0.211,0.305
0.213,0.289,0.557,0.511,0.569,0.056,0.211,0.305
0.213,0.289,0.557,0.511,0.569,0.056,0.211,0.305
0.213,0.289,0.557,0.511,0.569,0.056,0.211,0.305
0.213,0.289,0.557,0.511,0.569,0.056,0.211,0.305
0.213,0.289,0.557,0.511,0.569,0.056,0.211,0.305
0.213,0.289,0.557,0.511,0.569,0.056,0.211,0.305
0.213,0.289,0.557,0.511,0.569,0.056,0.211,0.305
0.213,0.289,0.557,0.511,0.569,0.056,0.211,0.305
0.213,0.289,0.557,0.511,0.569,0.056,0.211,0.305
0.213,0.289,0.557,0.511,0.569,0.056,0.211,0.305
0.213,0.289,0.557,0.511,0.569,0.056,0.211,0.305
0.213,0.289,0.557,0.511,0.569,0.056,0.211,0.305
0.213,0.289,0.557,0.511,0.569,0.056,0.211,0.305
0.213,0.289,0.557,0.511,0.569,0.056,0.211,0.305
0.213,0.289,0.557,0.511,0.569,0.056,0.211,0.305
0.213,0.289,0.557,0.511,0.569,0.056,0.211,0.305
0.213,0.289,0.557,0.511,0.569,0.056,0.211,0.305
0.213,0.289,0.557,0.511,0.569,0.056,0.211,0.305
0.213,0.289,0.557,0.511,0.569,0.056,0.211,0.305
0.213,0.289,0.557,0.511,0.569,0.056,0.211,0.305
0.213,0.289,0.557,0.511,0.569,0.056,0.211,0.305
0.213,0.289,0.557,0.511,0.569,0.056,0.211,0.305
0.213,0.289,0.557,0.511,0.569,0.056,0.211,0.305
0.213,0.289,0.557,0.511,0.569,0.056,0.211,0.305
0.213,0.289,0.557,0.511,0.569,0.056,0.211,0.305
0.213,0.289,0.557,0.511,0.569,0.056,0.211,0.305
0.213,0.289,0.557,0.511,0.569,0.056,0.211,0.305
0.213,0.289,0.557,0.511,0.569,0.056,0.211,0.305
0.213,0.289,0.557,0.511,0.569,0.056,0.211,0.305
0.213,0.289,0.557,0.511,0.569,0.056,0.211,0.305
0.213,0.289,0.557,0.511,0.569,0.056,0.211,0.305
0.213,0.289,0.557,0.511,0.569,0.056,0.211,0.305
0.213,0.289,0.557,0.511,0.569,0.056,0.211,0.305
0.213,0.289,0.557,0.511,0.569,0.056,0.211,0.305
0.213,0.289,0.557,0.511,0.569,0.056,0.211,0.305
0.213,0.289,0.557,0.511,0.569,0.056,0.211,0.305
0.213,0.289,0.557,0.511,0.569,0.056,0.211,0.305
0.213,0.289,0.557,0.511,0.569,0.056,0.211,0.305
0.213,0.289,0.557,0.511,0.569,0.056,0.211,0.305
0.213,0.289,0.557,0.511,0.569,0.056,0.211,0.305
0.213,0.289,0.557,0.511,0.569,0.056,0.211,0.305
0.213,0.289,0.557,0.511,0.569,0.056,0.211,0.305
0.213,0.289,0.557,0.511,0.569,0.056,0.211,0.305
0.213,0.289,0.557,0.511,0.569,0.056,0.211,0.305
0.213,0.289,0.557,0.511,0.569,0.056,0.211,0.305
0.213,0.289,0.557,0.511,0.569,0.056,0.211,0.305
0.213,0.289,0.557,0.511,0.569,0.056,0.211,0.305
0.213,0.289,0.557,0.511,0.569,0.056,0.211,0.305
0.213,0.289,0.557,0.511,0.569,0.056,0.211,0.305
0.213,0.289,0.557,0.511,0.569,0.056,0.211,0.305
0.213,0.289,0.557,0.511,0.569,0.056,0.211,0.305
0.213,0.289,0.557,0.511,0.569,0.056,0.211,0.305
0.213,0.289,0.557,0.511,0.569,0.056,0.211,0.305
0.213,0.289,0.557,0.511,0.569,0.056,0.211,0.305
0.213,0.289,0.557,0.511,0.569,0.056,0.211,0.305
0.213,0.289,0.557,0.511,0.569,0.056,0.211,0.305
0.213,0.289,0.557,0.511,0.569,0.056,0.211,0.305
0.213,0.289,0.557,0.511,0.569,0.056,0.211,0.305
0.213,0.289,0.557,0.511,0.569,0.056,0.211,0.305
0.213,0.289,0.557,0.511,0.569,0.056,0.211,0.305
