S1_D1001,S2_D1001,S3_D1001,S4_D1001,S5_D1001,S6_D1001,S7_D1001,S8_D1001
0.264,0.353,0.605,0.4,0.452,0.078,0.26,0.271
0.264,0.354,0.605,0.401,0.452,0.078,0.26,0.271
0.264,0.353,0.605,0.401,0.452,0.078,0.26,0.271
0.264,0.353,0.604,0.401,0.452,0.078,0.26,0.271
0.264,0.353,0.604,0.4,0.452,0.078,0.26,0.271
0.264,0.353,0.604,0.4,0.452,0.078,0.26,0.271
0.264,0.353,0.604,0.401,0.452,0.078,0.26,0.271
0.264,0.353,0.604,0.4,0.452,0.078,0.26,0.271
0.264,0.353,0.604,0.4,0.452,0.078,0.26,0.271
0.263,0.353,0.604,0.401,0.452,0.078,0.26,0.271
0.264,0.353,0.604,0.4,0.452,0.078,0.26,0.271
0.264,0.353,0.604,0.4,0.452,0.078,0.26,0.271
0.264,0.353,0.604,0.4,0.452,0.078,0.26,0.271
0.264,0.353,0.604,0.4,0.452,0.078,0.26,0.271
0.263,0.353,0.604,0.4,0.452,0.078,0.26,0.271
0.263,0.353,0.604,0.4,0.452,0.078,0.26,0.271
0.263,0.353,0.604,0.4,0.452,0.078,0.26,0.271
0.263,0.353,0.603,0.4,0.452,0.078,0.26,0.271
0.264,0.353,0.603,0.4,0.452,0.078,0.26,0.271
0.263,0.353,0.603,0.4,0.452,0.078,0.26,0.271
0.263,0.353,0.603,0.4,0.451,0.078,0.26,0.271
0.263,0.353,0.603,0.4,0.451,0.078,0.26,0.271
0.263,0.353,0.603,0.4,0.451,0.078,0.26,0.271
0.263,0.353,0.603,0.4,0.451,0.078,0.26,0.271
0.263,0.353,0.603,0.4,0.451,0.078,0.26,0.271
0.263,0.352,0.603,0.4,0.451,0.078,0.26,0.271
0.263,0.352,0.603,0.4,0.451,0.078,0.26,0.271
0.263,0.353,0.603,0.4,0.451,0.078,0.26,0.271
0.263,0.352,0.603,0.4,0.451,0.078,0.26,0.271
0.263,0.352,0.603,0.4,0.451,0.078,0.26,0.27
0.263,0.352,0.603,0.4,0.451,0.078,0.26,0.271
0.263,0.352,0.602,0.4,0.451,0.078,0.26,0.27
0.263,0.353,0.602,0.4,0.451,0.078,0.26,0.27
0.263,0.353,0.602,0.4,0.451,0.078,0.26,0.27
0.263,0.352,0.602,0.4,0.451,0.078,0.259,0.27
0.263,0.352,0.602,0.4,0.451,0.078,0.259,0.27
0.263,0.352,0.602,0.4,0.451,0.078,0.259,0.27
0.263,0.352,0.602,0.399,0.451,0.078,0.26,0.27
0.263,0.353,0.602,0.399,0.451,0.078,0.259,0.27
0.263,0.352,0.602,0.399,0.451,0.078,0.259,0.27
0.263,0.352,0.602,0.399,0.451,0.078,0.259,0.27
0.263,0.352,0.602,0.399,0.451,0.078,0.259,0.27
0.263,0.352,0.602,0.399,0.451,0.078,0.259,0.27
0.263,0.352,0.602,0.399,0.45,0.078,0.259,0.27
0.263,0.352,0.602,0.399,0.451,0.078,0.259,0.27
0.263,0.352,0.602,0.399,0.45,0.078,0.259,0.27
0.263,0.352,0.601,0.399,0.45,0.078,0.259,0.27
0.263,0.352,0.601,0.399,0.45,0.078,0.259,0.27
0.263,0.352,0.601,0.399,0.45,0.078,0.259,0.27
0.263,0.352,0.601,0.399,0.45,0.078,0.259,0.27
0.263,0.352,0.601,0.399,0.45,0.078,0.259,0.27
0.263,0.352,0.601,0.399,0.45,0.078,0.259,0.27
0.263,0.352,0.601,0.399,0.45,0.078,0.259,0.27
0.263,0.352,0.601,0.399,0.45,0.078,0.259,0.27
0.262,0.352,0.601,0.399,0.45,0.078,0.259,0.27
0.263,0.352,0.601,0.399,0.45,0.078,0.259,0.27
0.263,0.352,0.601,0.399,0.45,0.078,0.259,0.27
0.263,0.352,0.6,0.399,0.45,0.078,0.259,0.27
0.263,0.352,0.6,0.399,0.45,0.078,0.259,0.27
0.263,0.352,0.6,0.399,0.45,0.078,0.259,0.27
0.262,0.352,0.6,0.399,0.45,0.078,0.259,0.27
0.263,0.352,0.6,0.399,0.45,0.078,0.259,0.27
0.262,0.352,0.6,0.399,0.45,0.078,0.259,0.27
0.262,0.352,0.6,0.399,0.45,0.078,0.259,0.27
0.263,0.352,0.6,0.399,0.45,0.078,0.259,0.27
0.262,0.352,0.6,0.399,0.45,0.078,0.259,0.27
0.262,0.352,0.6,0.399,0.45,0.078,0.259,0.27
0.262,0.352,0.6,0.399,0.45,0.078,0.259,0.27
0.262,0.352,0.6,0.399,0.449,0.078,0.259,0.27
0.262,0.352,0.6,0.399,0.45,0.078,0.259,0.27
0.262,0.351,0.6,0.399,0.449,0.078,0.259,0.27
0.262,0.351,0.6,0.398,0.449,0.078,0.259,0.27
0.262,0.351,0.6,0.398,0.45,0.078,0.259,0.27
0.262,0.351,0.599,0.398,0.45,0.078,0.259,0.27
0.262,0.351,0.599,0.398,0.449,0.078,0.258,0.27
0.262,0.351,0.599,0.399,0.45,0.078,0.258,0.27
0.262,0.351,0.599,0.398,0.449,0.078,0.258,0.27
0.262,0.351,0.599,0.398,0.45,0.078,0.259,0.269
0.262,0.351,0.599,0.399,0.449,0.078,0.258,0.27
0.262,0.351,0.599,0.399,0.45,0.078,0.258,0.27
0.262,0.351,0.599,0.399,0.45,0.078,0.258,0.27
0.262,0.351,0.599,0.399,0.45,0.078,0.258,0.27
0.262,0.351,0.599,0.399,0.449,0.078,0.258,0.27
0.262,0.351,0.599,0.399,0.449,0.078,0.258,0.27
0.262,0.351,0.599,0.399,0.449,0.078,0.258,0.27
0.262,0.351,0.599,0.399,0.449,0.078,0.258,0.27
0.262,0.351,0.598,0.399,0.449,0.078,0.258,0.27
0.262,0.351,0.599,0.399,0.449,0.078,0.258,0.27
0.262,0.351,0.599,0.399,0.449,0.078,0.258,0.269
0.262,0.351,0.598,0.399,0.449,0.078,0.258,0.27
0.262,0.351,0.598,0.398,0.449,0.078,0.258,0.27
0.262,0.351,0.598,0.398,0.449,0.078,0.258,0.27
0.262,0.351,0.598,0.398,0.449,0.078,0.258,0.27
0.262,0.351,0.598,0.398,0.449,0.078,0.258,0.27
0.262,0.35,0.598,0.398,0.449,0.078,0.258,0.269
0.262,0.351,0.598,0.398,0.449,0.078,0.258,0.269
0.262,0.351,0.598,0.398,0.449,0.078,0.258,0.269
0.262,0.35,0.598,0.398,0.449,0.078,0.258,0.27
0.262,0.35,0.598,0.398,0.449,0.078,0.258,0.269
0.262,0.35,0.598,0.398,0.449,0.078,0.258,0.269
0.262,0.35,0.598,0.398,0.449,0.078,0.258,0.269
0.262,0.35,0.598,0.398,0.449,0.078,0.258,0.269
0.262,0.35,0.598,0.398,0.449,0.078,0.258,0.269
0.262,0.35,0.597,0.398,0.449,0.078,0.258,0.269
0.262,0.35,0.597,0.398,0.449,0.078,0.258,0.269
0.262,0.35,0.597,0.398,0.449,0.078,0.258,0.269
0.262,0.35,0.597,0.398,0.449,0.078,0.258,0.269
0.262,0.35,0.597,0.398,0.449,0.078,0.258,0.269
0.261,0.35,0.597,0.398,0.449,0.078,0.258,0.269
0.262,0.35,0.597,0.398,0.449,0.078,0.258,0.269
0.262,0.35,0.597,0.398,0.449,0.078,0.258,0.269
0.261,0.35,0.597,0.398,0.448,0.078,0.258,0.269
0.262,0.35,0.597,0.398,0.448,0.078,0.258,0.269
0.261,0.35,0.597,0.398,0.449,0.078,0.258,0.27
0.262,0.35,0.597,0.398,0.449,0.078,0.258,0.269
0.262,0.35,0.597,0.398,0.449,0.078,0.258,0.269
0.262,0.35,0.597,0.398,0.449,0.078,0.258,0.269
0.262,0.35,0.597,0.398,0.449,0.078,0.258,0.269
0.262,0.35,0.597,0.398,0.449,0.078,0.258,0.269
0.262,0.35,0.597,0.398,0.449,0.078,0.258,0.269
0.262,0.35,0.597,0.398,0.449,0.078,0.258,0.269
0.262,0.35,0.597,0.398,0.449,0.078,0.258,0.269
0.262,0.35,0.597,0.398,0.449,0.078,0.258,0.269
0.262,0.35,0.597,0.399,0.449,0.078,0.258,0.269
0.262,0.35,0.597,0.399,0.449,0.078,0.258,0.269
0.262,0.351,0.597,0.399,0.449,0.078,0.257,0.27
0.262,0.351,0.597,0.4,0.449,0.078,0.257,0.27
0.262,0.351,0.597,0.4,0.449,0.078,0.257,0.27
0.262,0.351,0.597,0.4,0.449,0.078,0.258,0.27
0.262,0.352,0.597,0.401,0.45,0.078,0.258,0.27
0.262,0.352,0.597,0.401,0.449,0.078,0.257,0.27
0.262,0.352,0.597,0.401,0.45,0.078,0.258,0.271
0.262,0.353,0.597,0.402,0.45,0.078,0.258,0.271
0.262,0.353,0.597,0.402,0.45,0.078,0.257,0.271
0.262,0.353,0.597,0.403,0.45,0.078,0.258,0.271
0.262,0.354,0.597,0.403,0.45,0.078,0.257,0.272
0.262,0.354,0.597,0.404,0.451,0.078,0.257,0.272
0.262,0.355,0.597,0.404,0.451,0.078,0.257,0.273
0.262,0.355,0.596,0.405,0.451,0.078,0.257,0.273
0.262,0.355,0.596,0.405,0.451,0.078,0.257,0.273
0.262,0.356,0.597,0.406,0.451,0.078,0.257,0.274
0.262,0.357,0.596,0.407,0.452,0.078,0.257,0.274
0.262,0.357,0.596,0.407,0.452,0.078,0.257,0.275
0.262,0.358,0.596,0.408,0.452,0.078,0.258,0.276
0.262,0.358,0.597,0.408,0.453,0.078,0.257,0.276
0.262,0.359,0.597,0.409,0.453,0.078,0.257,0.277
0.262,0.359,0.597,0.41,0.453,0.078,0.257,0.277
0.262,0.36,0.597,0.41,0.453,0.078,0.257,0.278
0.263,0.36,0.596,0.411,0.454,0.078,0.257,0.278
0.263,0.361,0.596,0.412,0.454,0.078,0.257,0.279
0.263,0.362,0.596,0.412,0.454,0.078,0.257,0.279
0.263,0.362,0.596,0.413,0.455,0.078,0.257,0.28
0.263,0.362,0.596,0.413,0.455,0.078,0.257,0.28
0.263,0.363,0.596,0.414,0.455,0.078,0.257,0.281
0.263,0.363,0.596,0.415,0.456,0.078,0.257,0.282
0.263,0.364,0.596,0.416,0.456,0.078,0.257,0.282
0.263,0.365,0.596,0.416,0.456,0.078,0.257,0.283
0.263,0.365,0.596,0.417,0.457,0.078,0.257,0.283
0.263,0.366,0.596,0.418,0.457,0.078,0.257,0.284
0.264,0.367,0.596,0.419,0.457,0.078,0.257,0.284
0.263,0.367,0.596,0.42,0.458,0.078,0.257,0.285
0.264,0.368,0.597,0.421,0.458,0.078,0.257,0.286
0.264,0.368,0.597,0.421,0.459,0.078,0.257,0.286
0.264,0.369,0.597,0.422,0.459,0.078,0.257,0.287
0.264,0.369,0.597,0.423,0.46,0.078,0.257,0.287
0.264,0.37,0.597,0.424,0.46,0.078,0.257,0.288
0.264,0.37,0.597,0.425,0.461,0.078,0.257,0.288
0.264,0.371,0.597,0.426,0.461,0.078,0.257,0.289
0.264,0.371,0.597,0.428,0.462,0.078,0.257,0.29
0.264,0.372,0.597,0.429,0.462,0.078,0.257,0.291
0.265,0.372,0.597,0.43,0.463,0.078,0.257,0.291
0.265,0.373,0.597,0.432,0.463,0.078,0.257,0.292
0.265,0.375,0.597,0.433,0.464,0.078,0.257,0.293
0.265,0.377,0.597,0.436,0.465,0.079,0.257,0.295
0.265,0.381,0.597,0.438,0.467,0.078,0.257,0.296
0.265,0.385,0.597,0.442,0.469,0.078,0.257,0.298
0.266,0.389,0.598,0.446,0.472,0.078,0.257,0.299
0.266,0.393,0.598,0.449,0.474,0.079,0.257,0.301
0.266,0.397,0.599,0.453,0.477,0.079,0.258,0.303
0.266,0.401,0.599,0.456,0.48,0.079,0.258,0.304
0.267,0.404,0.599,0.459,0.482,0.079,0.258,0.306
0.267,0.408,0.6,0.462,0.484,0.079,0.258,0.307
0.267,0.411,0.6,0.465,0.486,0.079,0.258,0.309
0.267,0.415,0.6,0.468,0.488,0.079,0.258,0.311
0.267,0.419,0.601,0.47,0.49,0.079,0.258,0.313
0.268,0.424,0.601,0.472,0.492,0.079,0.258,0.315
0.268,0.43,0.602,0.475,0.494,0.079,0.258,0.317
0.268,0.436,0.602,0.479,0.497,0.079,0.258,0.318
0.268,0.441,0.603,0.482,0.499,0.079,0.258,0.32
0.269,0.447,0.603,0.486,0.502,0.079,0.258,0.322
0.269,0.453,0.604,0.489,0.504,0.08,0.258,0.323
0.269,0.458,0.604,0.493,0.507,0.08,0.259,0.325
0.27,0.463,0.605,0.496,0.509,0.08,0.259,0.326
0.27,0.468,0.605,0.498,0.512,0.08,0.259,0.327
0.271,0.473,0.606,0.501,0.514,0.08,0.259,0.329
0.271,0.477,0.606,0.503,0.516,0.08,0.259,0.33
0.271,0.481,0.607,0.506,0.518,0.081,0.259,0.331
0.272,0.485,0.607,0.508,0.52,0.081,0.259,0.332
0.272,0.489,0.608,0.51,0.522,0.081,0.26,0.333
0.273,0.493,0.608,0.512,0.524,0.081,0.26,0.334
0.273,0.498,0.609,0.514,0.525,0.081,0.26,0.335
0.273,0.502,0.609,0.516,0.527,0.081,0.26,0.336
0.274,0.507,0.61,0.518,0.529,0.081,0.26,0.337
0.274,0.511,0.61,0.52,0.531,0.081,0.26,0.339
0.274,0.515,0.611,0.522,0.533,0.082,0.26,0.339
0.275,0.52,0.611,0.525,0.534,0.082,0.26,0.341
0.275,0.524,0.612,0.527,0.535,0.082,0.26,0.342
0.276,0.528,0.613,0.529,0.537,0.082,0.26,0.342
0.276,0.531,0.613,0.529,0.539,0.082,0.26,0.343
0.277,0.535,0.614,0.531,0.54,0.083,0.261,0.344
0.277,0.54,0.615,0.533,0.541,0.083,0.261,0.345
0.277,0.549,0.615,0.537,0.543,0.083,0.261,0.348
0.277,0.562,0.616,0.544,0.547,0.083,0.261,0.356
0.278,0.577,0.617,0.553,0.555,0.083,0.262,0.369
0.278,0.597,0.618,0.561,0.566,0.084,0.262,0.385
0.279,0.617,0.62,0.57,0.576,0.084,0.263,0.401
0.28,0.641,0.621,0.58,0.586,0.085,0.264,0.414
0.281,0.666,0.622,0.589,0.599,0.086,0.264,0.427
0.282,0.691,0.624,0.599,0.611,0.087,0.265,0.439
0.283,0.716,0.626,0.608,0.624,0.087,0.265,0.45
0.285,0.742,0.628,0.616,0.638,0.088,0.265,0.461
0.286,0.771,0.63,0.624,0.653,0.089,0.266,0.471
0.288,0.802,0.632,0.634,0.667,0.09,0.266,0.481
0.29,0.836,0.634,0.643,0.679,0.092,0.267,0.49
0.291,0.871,0.637,0.65,0.691,0.093,0.267,0.498
0.293,0.904,0.639,0.659,0.704,0.094,0.267,0.507
0.295,0.934,0.642,0.667,0.716,0.095,0.267,0.516
0.296,0.961,0.644,0.676,0.729,0.096,0.267,0.524
0.298,0.988,0.647,0.683,0.74,0.098,0.267,0.532
0.3,1.015,0.649,0.693,0.751,0.099,0.268,0.541
0.301,1.044,0.651,0.702,0.761,0.1,0.268,0.549
0.303,1.069,0.654,0.71,0.773,0.101,0.268,0.557
0.305,1.093,0.656,0.716,0.783,0.103,0.268,0.564
0.307,1.114,0.659,0.723,0.794,0.104,0.268,0.571
0.309,1.133,0.661,0.733,0.803,0.105,0.268,0.578
0.311,1.151,0.663,0.74,0.813,0.107,0.268,0.585
0.313,1.169,0.666,0.748,0.823,0.108,0.269,0.593
0.315,1.185,0.668,0.757,0.832,0.109,0.269,0.6
0.317,1.2,0.67,0.772,0.842,0.111,0.27,0.607
0.319,1.214,0.673,0.778,0.85,0.112,0.27,0.613
0.321,1.226,0.675,0.784,0.859,0.113,0.271,0.619
0.323,1.238,0.678,0.79,0.867,0.115,0.271,0.625
0.326,1.249,0.68,0.797,0.875,0.116,0.271,0.631
0.327,1.26,0.683,0.804,0.883,0.117,0.272,0.637
0.33,1.271,0.685,0.81,0.891,0.119,0.272,0.643
0.332,1.28,0.688,0.819,0.899,0.12,0.273,0.649
0.334,1.29,0.69,0.827,0.907,0.122,0.274,0.655
0.336,1.299,0.693,0.835,0.914,0.123,0.274,0.661
0.339,1.309,0.695,0.844,0.922,0.125,0.275,0.667
0.341,1.317,0.698,0.853,0.93,0.126,0.275,0.673
0.343,1.326,0.7,0.861,0.937,0.128,0.276,0.679
0.346,1.334,0.702,0.868,0.945,0.129,0.277,0.685
0.348,1.342,0.705,0.876,0.952,0.131,0.277,0.691
0.35,1.35,0.707,0.884,0.959,0.132,0.278,0.697
0.353,1.358,0.71,0.892,0.967,0.134,0.279,0.703
0.355,1.366,0.712,0.9,0.974,0.135,0.279,0.709
0.357,1.374,0.715,0.907,0.981,0.137,0.28,0.715
0.36,1.381,0.717,0.915,0.988,0.139,0.28,0.722
0.362,1.389,0.72,0.922,0.996,0.14,0.281,0.728
0.364,1.396,0.722,0.929,1.003,0.142,0.282,0.734
0.366,1.404,0.725,0.936,1.01,0.143,0.283,0.74
0.369,1.411,0.727,0.944,1.018,0.145,0.283,0.746
0.371,1.418,0.729,0.951,1.025,0.147,0.284,0.752
0.374,1.426,0.732,0.958,1.032,0.149,0.285,0.759
0.376,1.433,0.734,0.964,1.039,0.15,0.285,0.765
0.379,1.44,0.737,0.97,1.047,0.152,0.286,0.771
0.381,1.447,0.739,0.977,1.054,0.154,0.287,0.777
0.384,1.454,0.742,0.985,1.061,0.156,0.287,0.783
0.386,1.461,0.744,0.992,1.068,0.157,0.288,0.789
0.388,1.468,0.747,0.999,1.075,0.159,0.289,0.795
0.391,1.475,0.749,1.007,1.082,0.161,0.289,0.801
0.393,1.481,0.751,1.014,1.089,0.163,0.29,0.807
0.396,1.488,0.754,1.021,1.096,0.165,0.291,0.813
0.398,1.494,0.756,1.028,1.104,0.167,0.292,0.82
0.401,1.501,0.759,1.036,1.11,0.168,0.292,0.826
0.404,1.507,0.761,1.043,1.118,0.171,0.293,0.832
0.406,1.514,0.764,1.05,1.125,0.173,0.294,0.838
0.409,1.52,0.766,1.057,1.132,0.175,0.294,0.844
0.411,1.526,0.768,1.064,1.139,0.177,0.295,0.85
0.414,1.532,0.771,1.071,1.146,0.179,0.296,0.856
0.416,1.538,0.773,1.078,1.152,0.181,0.297,0.862
0.419,1.544,0.775,1.085,1.159,0.183,0.297,0.868
0.422,1.55,0.778,1.092,1.166,0.185,0.298,0.874
0.424,1.556,0.78,1.099,1.173,0.187,0.299,0.88
0.427,1.562,0.783,1.106,1.18,0.189,0.299,0.886
0.43,1.567,0.785,1.113,1.186,0.191,0.3,0.892
0.432,1.573,0.787,1.119,1.193,0.193,0.301,0.898
0.435,1.578,0.79,1.126,1.2,0.196,0.301,0.904
0.437,1.584,0.792,1.133,1.207,0.198,0.302,0.909
0.44,1.589,0.794,1.14,1.213,0.2,0.303,0.915
0.443,1.594,0.797,1.146,1.22,0.202,0.304,0.921
0.445,1.6,0.799,1.152,1.226,0.204,0.304,0.927
0.448,1.604,0.802,1.159,1.233,0.207,0.305,0.932
0.451,1.609,0.804,1.165,1.239,0.209,0.305,0.938
0.453,1.614,0.806,1.171,1.246,0.211,0.306,0.943
0.456,1.619,0.809,1.178,1.252,0.213,0.307,0.949
0.459,1.623,0.811,1.184,1.259,0.215,0.308,0.954
0.461,1.627,0.813,1.19,1.265,0.218,0.308,0.959
0.464,1.632,0.816,1.196,1.271,0.22,0.309,0.965
0.467,1.636,0.818,1.202,1.277,0.222,0.31,0.97
0.469,1.64,0.82,1.208,1.283,0.224,0.31,0.975
0.472,1.644,0.823,1.214,1.289,0.227,0.311,0.98
0.475,1.648,0.825,1.22,1.295,0.229,0.312,0.985
0.477,1.652,0.827,1.225,1.301,0.231,0.312,0.991
0.48,1.656,0.83,1.231,1.307,0.233,0.313,0.996
0.483,1.66,0.832,1.236,1.313,0.235,0.314,1.001
0.485,1.663,0.835,1.242,1.318,0.237,0.314,1.006
0.488,1.667,0.836,1.248,1.324,0.24,0.315,1.011
0.491,1.671,0.839,1.253,1.329,0.242,0.316,1.015
0.493,1.674,0.841,1.258,1.335,0.244,0.317,1.02
0.496,1.678,0.844,1.263,1.34,0.247,0.317,1.025
0.499,1.681,0.846,1.269,1.346,0.248,0.318,1.03
0.502,1.685,0.848,1.274,1.352,0.251,0.318,1.034
0.504,1.689,0.85,1.279,1.357,0.253,0.319,1.039
0.507,1.692,0.853,1.284,1.362,0.255,0.32,1.044
0.51,1.695,0.855,1.289,1.367,0.257,0.321,1.048
0.512,1.698,0.857,1.294,1.373,0.26,0.321,1.053
0.515,1.701,0.859,1.298,1.378,0.262,0.322,1.057
0.518,1.704,0.861,1.303,1.383,0.264,0.322,1.062
0.521,1.707,0.864,1.307,1.388,0.266,0.323,1.066
0.523,1.71,0.866,1.312,1.393,0.268,0.324,1.07
0.526,1.714,0.869,1.316,1.398,0.27,0.325,1.074
0.529,1.717,0.871,1.321,1.403,0.273,0.325,1.079
0.532,1.72,0.873,1.325,1.408,0.275,0.326,1.083
0.534,1.723,0.875,1.33,1.413,0.277,0.326,1.087
0.537,1.726,0.877,1.334,1.418,0.279,0.327,1.091
0.54,1.729,0.88,1.338,1.422,0.282,0.328,1.095
0.543,1.732,0.882,1.342,1.427,0.284,0.328,1.099
0.545,1.735,0.884,1.346,1.432,0.286,0.329,1.103
0.548,1.738,0.886,1.35,1.436,0.288,0.33,1.107
0.551,1.74,0.889,1.354,1.441,0.29,0.331,1.111
0.554,1.743,0.891,1.358,1.446,0.292,0.331,1.115
0.556,1.746,0.893,1.362,1.449,0.294,0.332,1.118
0.559,1.748,0.895,1.366,1.454,0.297,0.332,1.122
0.562,1.751,0.897,1.37,1.459,0.299,0.333,1.126
0.565,1.754,0.9,1.373,1.463,0.301,0.334,1.13
0.568,1.757,0.902,1.377,1.468,0.303,0.334,1.133
0.57,1.759,0.904,1.381,1.472,0.305,0.335,1.137
0.573,1.762,0.906,1.384,1.476,0.307,0.336,1.14
0.576,1.764,0.908,1.388,1.48,0.309,0.336,1.144
0.579,1.766,0.91,1.391,1.484,0.311,0.337,1.147
0.582,1.769,0.913,1.394,1.488,0.313,0.337,1.15
0.584,1.772,0.915,1.398,1.493,0.316,0.338,1.154
0.587,1.774,0.917,1.401,1.497,0.318,0.339,1.157
0.59,1.776,0.919,1.404,1.5,0.32,0.339,1.16
0.593,1.779,0.921,1.407,1.505,0.322,0.34,1.163
0.596,1.782,0.924,1.411,1.508,0.324,0.341,1.166
0.598,1.783,0.926,1.414,1.512,0.326,0.342,1.169
0.601,1.786,0.928,1.417,1.516,0.328,0.342,1.172
0.604,1.788,0.93,1.42,1.52,0.33,0.343,1.175
0.607,1.79,0.932,1.423,1.523,0.332,0.343,1.178
0.609,1.792,0.934,1.425,1.527,0.334,0.344,1.181
0.612,1.795,0.936,1.428,1.53,0.336,0.345,1.184
0.615,1.797,0.939,1.431,1.534,0.338,0.345,1.186
0.618,1.799,0.94,1.433,1.538,0.34,0.346,1.189
0.621,1.802,0.942,1.436,1.541,0.342,0.346,1.191
0.624,1.804,0.945,1.439,1.544,0.344,0.347,1.194
0.626,1.806,0.947,1.441,1.548,0.346,0.348,1.196
0.629,1.808,0.948,1.444,1.551,0.348,0.348,1.198
0.632,1.81,0.951,1.446,1.554,0.35,0.349,1.201
0.635,1.812,0.953,1.449,1.558,0.352,0.35,1.197
0.635,1.808,0.952,1.446,1.555,0.353,0.349,1.202
0.638,1.81,0.954,1.448,1.558,0.355,0.349,1.204
0.641,1.812,0.956,1.451,1.562,0.357,0.35,1.206
0.644,1.814,0.958,1.453,1.565,0.359,0.351,1.209
0.647,1.816,0.96,1.455,1.568,0.361,0.352,1.211
0.649,1.819,0.962,1.458,1.571,0.363,0.352,1.213
0.652,1.821,0.964,1.46,1.574,0.365,0.353,1.215
0.655,1.822,0.966,1.462,1.576,0.367,0.353,1.217
0.658,1.824,0.968,1.464,1.579,0.369,0.354,1.218
0.66,1.826,0.97,1.466,1.582,0.37,0.355,1.22
0.663,1.828,0.972,1.468,1.585,0.372,0.355,1.222
0.666,1.83,0.973,1.47,1.587,0.374,0.356,1.224
0.669,1.831,0.976,1.472,1.59,0.376,0.356,1.226
0.671,1.833,0.978,1.474,1.593,0.378,0.357,1.228
0.674,1.835,0.98,1.476,1.595,0.38,0.358,1.229
0.677,1.837,0.981,1.478,1.598,0.381,0.358,1.231
0.68,1.839,0.984,1.479,1.601,0.383,0.359,1.232
0.682,1.84,0.985,1.481,1.602,0.385,0.359,1.234
0.685,1.842,0.987,1.483,1.605,0.387,0.36,1.235
0.688,1.843,0.989,1.484,1.608,0.388,0.36,1.237
0.691,1.845,0.991,1.486,1.61,0.39,0.361,1.238
0.693,1.847,0.993,1.487,1.612,0.392,0.361,1.239
0.696,1.848,0.995,1.489,1.615,0.394,0.362,1.24
0.699,1.85,0.996,1.49,1.616,0.395,0.363,1.241
0.701,1.852,0.998,1.492,1.619,0.397,0.363,1.243
0.704,1.853,1.0,1.494,1.621,0.399,0.364,1.244
0.707,1.855,1.003,1.496,1.624,0.401,0.364,1.245
0.71,1.856,1.004,1.497,1.625,0.402,0.365,1.246
0.712,1.858,1.006,1.498,1.627,0.404,0.365,1.247
0.715,1.859,1.008,1.5,1.629,0.405,0.366,1.248
0.718,1.861,1.009,1.501,1.631,0.407,0.367,1.249
0.72,1.862,1.011,1.502,1.633,0.409,0.367,1.25
0.723,1.864,1.013,1.504,1.635,0.41,0.368,1.251
0.726,1.865,1.015,1.506,1.637,0.412,0.368,1.251
0.728,1.867,1.017,1.506,1.639,0.414,0.369,1.252
0.731,1.868,1.019,1.508,1.641,0.415,0.37,1.253
0.734,1.869,1.02,1.509,1.642,0.417,0.37,1.253
0.737,1.87,1.022,1.51,1.644,0.418,0.37,1.254
0.739,1.872,1.024,1.511,1.646,0.42,0.371,1.255
0.742,1.873,1.026,1.512,1.648,0.421,0.372,1.255
0.745,1.874,1.027,1.513,1.649,0.423,0.372,1.255
0.747,1.875,1.029,1.515,1.651,0.424,0.373,1.256
0.75,1.877,1.031,1.516,1.653,0.426,0.373,1.257
0.752,1.877,1.033,1.516,1.653,0.427,0.374,1.257
0.755,1.878,1.034,1.517,1.655,0.429,0.374,1.257
0.757,1.879,1.036,1.518,1.657,0.43,0.375,1.258
0.76,1.88,1.038,1.519,1.658,0.431,0.375,1.258
0.763,1.881,1.039,1.52,1.66,0.433,0.376,1.258
0.765,1.882,1.041,1.521,1.661,0.435,0.376,1.258
0.768,1.883,1.043,1.522,1.662,0.436,0.377,1.259
0.77,1.884,1.044,1.523,1.664,0.437,0.377,1.259
0.773,1.885,1.046,1.524,1.665,0.439,0.378,1.259
0.776,1.885,1.048,1.525,1.666,0.44,0.378,1.259
0.778,1.886,1.05,1.525,1.667,0.441,0.379,1.259
0.781,1.887,1.051,1.526,1.669,0.443,0.379,1.26
0.783,1.888,1.053,1.527,1.67,0.444,0.38,1.259
0.786,1.888,1.054,1.527,1.671,0.445,0.38,1.26
0.788,1.889,1.056,1.528,1.672,0.446,0.381,1.26
0.791,1.89,1.057,1.529,1.673,0.448,0.381,1.26
0.793,1.891,1.059,1.53,1.674,0.449,0.382,1.26
0.796,1.91,1.064,1.536,1.681,0.452,0.384,1.264
0.801,1.899,1.066,1.537,1.683,0.453,0.384,1.264
0.804,1.899,1.068,1.538,1.684,0.454,0.385,1.264
0.806,1.9,1.069,1.538,1.685,0.456,0.385,1.264
0.809,1.9,1.071,1.539,1.685,0.457,0.386,1.264
0.811,1.9,1.072,1.54,1.686,0.458,0.386,1.264
0.814,1.9,1.074,1.54,1.688,0.459,0.387,1.264
0.816,1.901,1.076,1.541,1.688,0.46,0.387,1.263
0.819,1.902,1.077,1.542,1.689,0.461,0.388,1.263
0.821,1.902,1.079,1.542,1.69,0.463,0.388,1.263
0.824,1.902,1.08,1.543,1.691,0.464,0.389,1.263
0.826,1.902,1.082,1.544,1.692,0.465,0.389,1.263
0.829,1.902,1.084,1.544,1.693,0.466,0.39,1.263
0.831,1.903,1.085,1.545,1.694,0.467,0.39,1.263
0.834,1.903,1.087,1.545,1.695,0.468,0.391,1.262
0.836,1.903,1.088,1.546,1.696,0.469,0.391,1.262
0.839,1.903,1.089,1.546,1.696,0.47,0.392,1.262
0.841,1.903,1.091,1.547,1.697,0.471,0.392,1.261
0.844,1.903,1.093,1.547,1.698,0.472,0.393,1.262
0.846,1.903,1.095,1.548,1.698,0.474,0.393,1.261
0.849,1.904,1.096,1.549,1.7,0.475,0.394,1.261
0.851,1.903,1.098,1.549,1.7,0.476,0.394,1.261
0.853,1.903,1.099,1.55,1.701,0.476,0.395,1.26
0.855,1.902,1.1,1.55,1.701,0.477,0.395,1.26
0.858,1.902,1.102,1.55,1.702,0.479,0.396,1.26
0.86,1.902,1.104,1.55,1.702,0.479,0.396,1.259
0.863,1.902,1.105,1.551,1.703,0.48,0.396,1.259
0.865,1.901,1.106,1.551,1.704,0.481,0.397,1.259
0.867,1.901,1.108,1.552,1.704,0.482,0.398,1.258
0.87,1.901,1.109,1.552,1.704,0.483,0.398,1.258
0.872,1.9,1.111,1.552,1.705,0.483,0.399,1.257
0.874,1.9,1.112,1.553,1.705,0.484,0.399,1.256
0.876,1.899,1.113,1.553,1.705,0.485,0.399,1.256
0.879,1.898,1.115,1.553,1.706,0.486,0.4,1.256
0.881,1.898,1.116,1.553,1.706,0.486,0.4,1.255
0.883,1.897,1.118,1.554,1.707,0.487,0.401,1.255
0.886,1.897,1.119,1.554,1.707,0.488,0.401,1.254
0.888,1.896,1.121,1.555,1.707,0.489,0.402,1.254
0.89,1.896,1.122,1.555,1.708,0.489,0.402,1.254
0.892,1.895,1.123,1.555,1.708,0.49,0.403,1.253
0.895,1.894,1.125,1.555,1.708,0.491,0.403,1.253
0.897,1.893,1.126,1.556,1.709,0.491,0.404,1.252
0.899,1.892,1.127,1.556,1.709,0.492,0.404,1.252
0.901,1.891,1.129,1.556,1.709,0.492,0.404,1.251
0.903,1.891,1.13,1.556,1.709,0.493,0.405,1.25
0.905,1.89,1.131,1.556,1.709,0.493,0.405,1.25
0.907,1.889,1.133,1.557,1.709,0.494,0.406,1.249
0.91,1.888,1.135,1.557,1.71,0.494,0.406,1.249
0.912,1.888,1.136,1.557,1.71,0.495,0.407,1.249
0.914,1.886,1.137,1.558,1.71,0.496,0.407,1.248
0.916,1.886,1.139,1.558,1.711,0.496,0.407,1.248
0.918,1.885,1.14,1.558,1.711,0.497,0.408,1.247
0.92,1.884,1.141,1.558,1.711,0.497,0.408,1.246
0.922,1.883,1.142,1.559,1.711,0.497,0.409,1.246
0.924,1.882,1.144,1.558,1.711,0.498,0.409,1.245
0.926,1.88,1.145,1.559,1.711,0.498,0.41,1.244
0.928,1.879,1.146,1.559,1.711,0.498,0.41,1.244
0.93,1.878,1.148,1.559,1.711,0.499,0.411,1.243
0.932,1.877,1.149,1.559,1.711,0.5,0.411,1.242
0.934,1.877,1.15,1.56,1.711,0.5,0.411,1.242
0.936,1.875,1.152,1.56,1.712,0.5,0.412,1.241
0.938,1.874,1.153,1.56,1.712,0.5,0.412,1.241
0.94,1.873,1.154,1.56,1.711,0.501,0.413,1.24
0.942,1.872,1.155,1.56,1.71,0.499,0.412,1.235
0.94,1.864,1.153,1.555,1.706,0.5,0.412,1.234
0.943,1.863,1.154,1.555,1.705,0.5,0.413,1.234
0.945,1.861,1.155,1.555,1.705,0.5,0.413,1.233
0.946,1.861,1.156,1.556,1.706,0.501,0.413,1.233
0.948,1.859,1.158,1.556,1.706,0.501,0.414,1.232
0.95,1.858,1.159,1.556,1.706,0.501,0.414,1.231
0.952,1.857,1.161,1.557,1.706,0.501,0.414,1.231
0.954,1.855,1.161,1.556,1.706,0.501,0.415,1.23
0.955,1.854,1.163,1.556,1.706,0.502,0.415,1.229
0.958,1.852,1.164,1.556,1.705,0.502,0.416,1.229
0.959,1.851,1.165,1.556,1.705,0.502,0.416,1.228
0.961,1.849,1.166,1.556,1.705,0.502,0.416,1.228
0.963,1.848,1.168,1.557,1.705,0.503,0.417,1.227
0.965,1.846,1.169,1.557,1.705,0.503,0.417,1.227
0.966,1.845,1.17,1.557,1.705,0.503,0.417,1.226
0.968,1.843,1.171,1.557,1.705,0.503,0.418,1.225
0.97,1.841,1.172,1.557,1.705,0.503,0.418,1.225
0.971,1.84,1.173,1.557,1.704,0.503,0.419,1.224
0.973,1.838,1.174,1.558,1.705,0.503,0.419,1.223
0.975,1.837,1.175,1.558,1.704,0.503,0.419,1.223
0.976,1.835,1.177,1.557,1.704,0.503,0.42,1.222
0.978,1.833,1.178,1.557,1.704,0.503,0.42,1.222
0.98,1.831,1.179,1.558,1.704,0.503,0.421,1.221
0.981,1.829,1.18,1.558,1.704,0.504,0.421,1.221
0.983,1.828,1.182,1.558,1.704,0.504,0.421,1.22
0.985,1.826,1.183,1.558,1.704,0.504,0.422,1.219
0.986,1.824,1.184,1.558,1.703,0.504,0.422,1.218
0.988,1.822,1.185,1.558,1.703,0.504,0.422,1.218
0.989,1.82,1.186,1.558,1.703,0.504,0.423,1.217
0.991,1.818,1.187,1.558,1.703,0.504,0.423,1.217
0.992,1.817,1.188,1.558,1.703,0.504,0.423,1.217
0.994,1.815,1.189,1.558,1.703,0.504,0.424,1.216
0.996,1.813,1.191,1.558,1.702,0.504,0.424,1.215
0.997,1.811,1.191,1.558,1.702,0.503,0.424,1.214
0.998,1.809,1.192,1.558,1.702,0.503,0.425,1.213
1.0,1.807,1.193,1.558,1.701,0.503,0.425,1.212
1.001,1.805,1.195,1.558,1.701,0.503,0.425,1.212
1.003,1.803,1.196,1.558,1.701,0.503,0.426,1.211
1.004,1.801,1.197,1.558,1.701,0.503,0.426,1.211
1.006,1.799,1.198,1.558,1.7,0.503,0.426,1.209
1.007,1.797,1.199,1.558,1.7,0.503,0.427,1.209
1.008,1.794,1.2,1.558,1.7,0.502,0.427,1.209
1.01,1.793,1.201,1.558,1.699,0.502,0.427,1.207
1.011,1.791,1.202,1.558,1.699,0.502,0.428,1.207
1.012,1.789,1.203,1.558,1.699,0.502,0.428,1.206
1.014,1.787,1.204,1.558,1.698,0.502,0.428,1.205
1.015,1.785,1.205,1.558,1.698,0.502,0.429,1.204
1.016,1.783,1.206,1.558,1.697,0.502,0.429,1.204
1.018,1.781,1.207,1.558,1.697,0.501,0.429,1.203
1.019,1.779,1.208,1.558,1.697,0.501,0.43,1.202
1.02,1.777,1.209,1.558,1.696,0.501,0.43,1.202
1.021,1.775,1.21,1.558,1.696,0.501,0.43,1.2
1.022,1.773,1.211,1.557,1.696,0.5,0.431,1.2
1.024,1.771,1.212,1.557,1.695,0.5,0.431,1.199
1.025,1.769,1.213,1.557,1.695,0.5,0.431,1.199
1.026,1.767,1.214,1.557,1.694,0.499,0.431,1.198
1.027,1.765,1.215,1.557,1.694,0.499,0.432,1.197
1.028,1.762,1.216,1.557,1.693,0.499,0.432,1.196
1.03,1.761,1.217,1.557,1.693,0.498,0.432,1.195
1.031,1.758,1.218,1.557,1.693,0.498,0.433,1.195
1.032,1.757,1.219,1.557,1.692,0.498,0.433,1.194
1.033,1.755,1.22,1.557,1.692,0.497,0.433,1.193
1.034,1.753,1.221,1.557,1.691,0.497,0.434,1.192
1.035,1.751,1.222,1.556,1.691,0.497,0.434,1.191
1.036,1.749,1.223,1.556,1.69,0.496,0.434,1.191
1.037,1.746,1.224,1.556,1.69,0.496,0.434,1.19
1.038,1.745,1.225,1.556,1.689,0.495,0.434,1.189
1.039,1.743,1.226,1.556,1.688,0.495,0.435,1.188
1.04,1.741,1.226,1.556,1.688,0.495,0.435,1.188
1.041,1.739,1.227,1.556,1.688,0.494,0.436,1.187
1.042,1.737,1.228,1.556,1.688,0.494,0.436,1.187
1.044,1.735,1.23,1.556,1.687,0.494,0.436,1.185
1.045,1.733,1.23,1.556,1.687,0.493,0.436,1.185
1.046,1.731,1.231,1.556,1.686,0.493,0.437,1.184
1.047,1.729,1.232,1.556,1.687,0.492,0.437,1.184
1.048,1.728,1.233,1.556,1.686,0.492,0.437,1.183
1.049,1.726,1.235,1.556,1.686,0.491,0.438,1.182
1.05,1.724,1.235,1.555,1.685,0.491,0.438,1.181
1.051,1.722,1.236,1.556,1.685,0.491,0.438,1.181
1.052,1.72,1.237,1.556,1.684,0.49,0.439,1.18
1.053,1.718,1.238,1.556,1.684,0.49,0.439,1.179
1.054,1.716,1.239,1.555,1.683,0.489,0.439,1.178
1.054,1.714,1.24,1.555,1.682,0.488,0.439,1.177
1.055,1.712,1.241,1.555,1.682,0.488,0.44,1.176
1.056,1.71,1.242,1.555,1.682,0.488,0.44,1.176
1.057,1.708,1.243,1.555,1.681,0.487,0.44,1.175
1.058,1.706,1.244,1.554,1.681,0.487,0.44,1.174
1.058,1.704,1.244,1.554,1.68,0.486,0.441,1.173
1.059,1.702,1.245,1.554,1.679,0.485,0.441,1.172
1.06,1.7,1.246,1.554,1.679,0.485,0.441,1.172
1.061,1.698,1.247,1.554,1.678,0.485,0.441,1.171
1.062,1.697,1.248,1.554,1.678,0.484,0.442,1.17
1.063,1.695,1.249,1.554,1.678,0.483,0.442,1.169
1.063,1.693,1.25,1.553,1.677,0.483,0.442,1.168
1.064,1.691,1.251,1.553,1.676,0.482,0.442,1.167
1.064,1.689,1.251,1.553,1.675,0.482,0.443,1.167
1.065,1.687,1.252,1.553,1.675,0.481,0.443,1.166
1.066,1.686,1.253,1.553,1.675,0.481,0.443,1.165
1.067,1.683,1.254,1.552,1.674,0.48,0.444,1.165
1.068,1.681,1.255,1.552,1.673,0.479,0.444,1.164
1.068,1.679,1.255,1.552,1.673,0.479,0.444,1.163
1.069,1.677,1.256,1.552,1.672,0.478,0.444,1.162
1.07,1.675,1.257,1.552,1.672,0.478,0.444,1.162
1.07,1.673,1.258,1.552,1.671,0.477,0.445,1.161
1.071,1.672,1.259,1.551,1.671,0.477,0.445,1.161
1.072,1.67,1.26,1.551,1.67,0.476,0.445,1.159
1.072,1.668,1.261,1.551,1.67,0.475,0.446,1.159
1.073,1.666,1.262,1.551,1.669,0.475,0.446,1.158
1.073,1.664,1.262,1.551,1.668,0.474,0.446,1.157
1.074,1.662,1.263,1.551,1.668,0.473,0.446,1.157
1.074,1.66,1.264,1.551,1.667,0.473,0.447,1.156
1.075,1.658,1.265,1.55,1.666,0.472,0.447,1.155
1.075,1.656,1.266,1.55,1.666,0.471,0.447,1.154
1.076,1.654,1.266,1.55,1.665,0.471,0.447,1.153
1.077,1.653,1.267,1.549,1.665,0.47,0.447,1.153
1.077,1.651,1.268,1.55,1.664,0.469,0.448,1.152
1.078,1.649,1.269,1.549,1.663,0.469,0.448,1.151
1.078,1.647,1.269,1.549,1.663,0.468,0.448,1.15
1.079,1.645,1.271,1.549,1.662,0.467,0.448,1.15
1.079,1.643,1.271,1.549,1.661,0.467,0.449,1.149
1.08,1.641,1.272,1.549,1.661,0.466,0.449,1.148
1.08,1.64,1.273,1.548,1.66,0.465,0.449,1.147
1.081,1.637,1.273,1.548,1.659,0.465,0.449,1.146
1.081,1.636,1.274,1.548,1.659,0.467,0.451,1.149
1.085,1.639,1.279,1.553,1.664,0.465,0.451,1.149
1.086,1.638,1.28,1.552,1.663,0.464,0.451,1.148
1.086,1.636,1.281,1.553,1.663,0.464,0.452,1.148
1.087,1.635,1.282,1.553,1.663,0.463,0.452,1.147
1.088,1.633,1.283,1.553,1.662,0.462,0.452,1.146
1.088,1.631,1.283,1.552,1.661,0.462,0.452,1.145
1.088,1.629,1.284,1.552,1.66,0.461,0.453,1.145
1.089,1.627,1.285,1.552,1.66,0.46,0.453,1.144
1.089,1.626,1.286,1.552,1.659,0.46,0.453,1.143
1.089,1.623,1.287,1.551,1.658,0.459,0.453,1.142
1.09,1.622,1.287,1.551,1.658,0.458,0.453,1.142
1.09,1.619,1.288,1.551,1.657,0.458,0.454,1.141
1.091,1.618,1.288,1.551,1.656,0.457,0.454,1.14
1.091,1.616,1.289,1.55,1.656,0.456,0.454,1.139
1.091,1.614,1.29,1.55,1.655,0.456,0.454,1.139
1.092,1.613,1.291,1.55,1.654,0.455,0.455,1.138
1.092,1.611,1.291,1.55,1.653,0.454,0.455,1.137
1.092,1.609,1.292,1.55,1.653,0.453,0.455,1.136
1.093,1.607,1.293,1.549,1.653,0.453,0.455,1.136
1.093,1.605,1.294,1.549,1.652,0.452,0.455,1.135
1.093,1.604,1.295,1.549,1.651,0.451,0.456,1.134
1.094,1.602,1.295,1.549,1.65,0.45,0.456,1.133
1.094,1.6,1.296,1.548,1.65,0.45,0.456,1.133
1.094,1.598,1.297,1.548,1.649,0.449,0.456,1.132
1.095,1.597,1.297,1.548,1.648,0.448,0.457,1.131
1.095,1.595,1.299,1.548,1.648,0.448,0.457,1.131
1.095,1.593,1.299,1.548,1.647,0.447,0.457,1.13
1.096,1.592,1.3,1.548,1.646,0.446,0.457,1.129
1.096,1.59,1.3,1.547,1.646,0.446,0.458,1.128
1.096,1.588,1.301,1.547,1.645,0.445,0.458,1.128
1.096,1.586,1.302,1.547,1.644,0.444,0.458,1.127
1.096,1.584,1.303,1.547,1.643,0.443,0.458,1.126
1.097,1.583,1.303,1.546,1.643,0.443,0.458,1.125
1.097,1.581,1.304,1.546,1.642,0.442,0.458,1.124
1.097,1.579,1.304,1.545,1.641,0.441,0.459,1.124
1.097,1.577,1.305,1.545,1.641,0.441,0.459,1.123
1.097,1.575,1.306,1.545,1.64,0.44,0.459,1.122
1.097,1.574,1.306,1.545,1.639,0.439,0.459,1.121
1.098,1.572,1.307,1.545,1.638,0.438,0.459,1.121
1.098,1.571,1.308,1.544,1.638,0.438,0.46,1.12
1.098,1.569,1.309,1.544,1.637,0.437,0.46,1.119
1.098,1.567,1.309,1.544,1.636,0.436,0.46,1.119
1.098,1.565,1.31,1.544,1.636,0.435,0.46,1.118
1.099,1.564,1.311,1.543,1.635,0.435,0.46,1.117
1.099,1.562,1.312,1.543,1.634,0.434,0.461,1.116
1.099,1.56,1.312,1.543,1.634,0.433,0.461,1.116
1.099,1.559,1.313,1.543,1.633,0.432,0.461,1.115
1.099,1.557,1.314,1.542,1.632,0.431,0.461,1.114
1.099,1.556,1.314,1.542,1.631,0.431,0.461,1.113
1.099,1.554,1.315,1.542,1.631,0.43,0.462,1.113
1.1,1.552,1.316,1.541,1.63,0.429,0.462,1.112
1.1,1.551,1.316,1.542,1.629,0.429,0.462,1.111
1.1,1.549,1.317,1.541,1.628,0.428,0.462,1.11
1.1,1.547,1.318,1.54,1.627,0.427,0.462,1.11
1.1,1.545,1.318,1.54,1.627,0.426,0.462,1.109
1.1,1.544,1.318,1.54,1.626,0.426,0.463,1.108
1.1,1.543,1.319,1.54,1.625,0.425,0.463,1.107
1.1,1.541,1.32,1.54,1.625,0.424,0.463,1.106
1.1,1.539,1.321,1.54,1.624,0.423,0.463,1.106
1.1,1.538,1.321,1.54,1.623,0.423,0.463,1.105
1.1,1.536,1.322,1.539,1.623,0.422,0.464,1.105
1.1,1.535,1.323,1.539,1.622,0.421,0.464,1.104
1.1,1.533,1.323,1.538,1.622,0.42,0.464,1.103
1.1,1.531,1.324,1.538,1.62,0.42,0.464,1.102
1.1,1.53,1.325,1.538,1.62,0.419,0.464,1.102
1.101,1.528,1.325,1.538,1.619,0.418,0.464,1.101
1.1,1.527,1.326,1.538,1.618,0.417,0.464,1.1
1.101,1.525,1.327,1.537,1.617,0.417,0.465,1.099
1.1,1.524,1.327,1.537,1.616,0.416,0.465,1.098
1.1,1.522,1.328,1.536,1.616,0.415,0.465,1.098
1.1,1.52,1.328,1.536,1.615,0.414,0.465,1.097
1.1,1.519,1.329,1.536,1.614,0.414,0.465,1.096
1.1,1.517,1.33,1.536,1.614,0.413,0.466,1.096
1.101,1.516,1.331,1.536,1.613,0.412,0.466,1.095
1.101,1.515,1.331,1.536,1.613,0.412,0.466,1.094
1.1,1.513,1.331,1.535,1.612,0.411,0.466,1.093
1.1,1.511,1.332,1.535,1.611,0.41,0.466,1.093
1.1,1.51,1.332,1.535,1.61,0.409,0.466,1.092
1.1,1.509,1.333,1.534,1.609,0.409,0.467,1.091
1.1,1.507,1.334,1.534,1.609,0.408,0.467,1.091
1.1,1.506,1.334,1.534,1.608,0.407,0.467,1.09
1.1,1.504,1.335,1.533,1.607,0.406,0.467,1.089
1.1,1.503,1.336,1.533,1.606,0.406,0.467,1.088
1.1,1.501,1.336,1.533,1.606,0.405,0.467,1.088
1.1,1.5,1.337,1.532,1.605,0.404,0.467,1.087
1.099,1.498,1.337,1.532,1.604,0.403,0.468,1.086
1.099,1.496,1.338,1.532,1.603,0.403,0.468,1.085
1.099,1.495,1.338,1.531,1.602,0.402,0.468,1.085
1.099,1.493,1.339,1.531,1.601,0.401,0.468,1.084
1.099,1.492,1.339,1.53,1.601,0.4,0.468,1.083
1.099,1.49,1.34,1.53,1.6,0.4,0.468,1.082
1.099,1.489,1.34,1.53,1.599,0.399,0.469,1.082
1.099,1.487,1.341,1.53,1.598,0.398,0.468,1.081
1.098,1.486,1.342,1.529,1.598,0.397,0.469,1.08
1.098,1.485,1.342,1.529,1.597,0.397,0.469,1.079
1.098,1.483,1.343,1.529,1.597,0.396,0.469,1.079
1.098,1.482,1.343,1.528,1.595,0.395,0.469,1.078
1.098,1.48,1.344,1.528,1.595,0.395,0.469,1.077
1.098,1.479,1.344,1.528,1.594,0.394,0.469,1.077
1.098,1.478,1.345,1.528,1.594,0.393,0.47,1.076
1.098,1.476,1.346,1.528,1.593,0.393,0.47,1.075
1.098,1.475,1.346,1.527,1.592,0.392,0.47,1.075
1.097,1.473,1.346,1.527,1.591,0.391,0.47,1.074
1.097,1.472,1.347,1.526,1.59,0.39,0.47,1.073
1.097,1.47,1.347,1.526,1.589,0.389,0.47,1.072
1.097,1.469,1.348,1.526,1.589,0.389,0.47,1.071
1.096,1.468,1.348,1.525,1.588,0.388,0.471,1.071
1.096,1.466,1.349,1.525,1.587,0.387,0.471,1.07
1.096,1.465,1.35,1.525,1.586,0.387,0.471,1.069
1.096,1.463,1.35,1.524,1.586,0.386,0.471,1.069
1.096,1.462,1.351,1.524,1.585,0.385,0.471,1.068
1.096,1.461,1.351,1.524,1.584,0.385,0.471,1.068
1.096,1.459,1.352,1.524,1.584,0.384,0.471,1.067
1.095,1.458,1.353,1.523,1.583,0.383,0.471,1.066
1.095,1.457,1.353,1.523,1.582,0.382,0.472,1.066
1.095,1.456,1.354,1.523,1.581,0.382,0.472,1.065
1.095,1.454,1.354,1.522,1.581,0.381,0.472,1.064
1.095,1.453,1.355,1.522,1.58,0.38,0.472,1.063
1.094,1.451,1.355,1.522,1.579,0.38,0.472,1.063
1.094,1.45,1.356,1.521,1.578,0.379,0.472,1.062
1.094,1.449,1.356,1.521,1.578,0.378,0.472,1.061
1.093,1.447,1.356,1.52,1.576,0.377,0.472,1.06
1.093,1.446,1.357,1.52,1.576,0.377,0.472,1.06
1.093,1.445,1.357,1.52,1.575,0.376,0.473,1.059
1.093,1.444,1.358,1.52,1.574,0.375,0.473,1.058
1.092,1.442,1.358,1.519,1.574,0.375,0.473,1.058
1.092,1.441,1.359,1.519,1.573,0.374,0.473,1.057
1.092,1.44,1.36,1.519,1.572,0.373,0.473,1.056
1.092,1.438,1.36,1.518,1.572,0.373,0.473,1.056
1.091,1.437,1.36,1.518,1.57,0.372,0.473,1.055
1.091,1.436,1.361,1.518,1.569,0.371,0.473,1.054
1.091,1.434,1.361,1.517,1.569,0.371,0.474,1.053
1.09,1.433,1.362,1.517,1.568,0.37,0.474,1.053
1.09,1.432,1.362,1.517,1.567,0.369,0.474,1.052
1.09,1.431,1.362,1.516,1.567,0.369,0.474,1.051
1.09,1.429,1.363,1.516,1.566,0.368,0.474,1.051
1.09,1.428,1.363,1.516,1.565,0.367,0.474,1.05
1.089,1.427,1.364,1.515,1.564,0.367,0.474,1.049
1.089,1.426,1.364,1.515,1.564,0.366,0.474,1.049
1.089,1.424,1.365,1.515,1.563,0.365,0.474,1.048
1.088,1.423,1.366,1.515,1.562,0.365,0.475,1.047
1.088,1.422,1.366,1.514,1.561,0.364,0.474,1.047
1.088,1.421,1.366,1.514,1.56,0.363,0.475,1.046
1.087,1.42,1.367,1.514,1.56,0.363,0.475,1.045
1.087,1.418,1.367,1.513,1.559,0.362,0.475,1.044
1.087,1.417,1.367,1.513,1.558,0.361,0.475,1.044
1.086,1.416,1.368,1.513,1.558,0.361,0.475,1.043
1.086,1.415,1.368,1.513,1.557,0.36,0.475,1.042
1.086,1.413,1.369,1.512,1.556,0.359,0.475,1.042
1.086,1.412,1.369,1.512,1.555,0.359,0.475,1.041
1.085,1.411,1.37,1.512,1.555,0.358,0.475,1.041
1.085,1.41,1.371,1.511,1.554,0.357,0.476,1.039
1.085,1.409,1.371,1.511,1.553,0.357,0.476,1.039
1.084,1.407,1.371,1.511,1.552,0.356,0.476,1.038
1.084,1.406,1.372,1.51,1.552,0.355,0.476,1.038
1.084,1.405,1.372,1.51,1.551,0.355,0.476,1.037
1.083,1.404,1.372,1.51,1.55,0.354,0.476,1.036
1.083,1.403,1.373,1.509,1.55,0.353,0.476,1.035
1.083,1.402,1.373,1.509,1.548,0.353,0.476,1.035
1.082,1.4,1.374,1.509,1.548,0.352,0.476,1.034
1.082,1.399,1.374,1.509,1.547,0.352,0.476,1.033
1.081,1.398,1.374,1.508,1.546,0.351,0.476,1.033
1.081,1.397,1.375,1.507,1.545,0.35,0.476,1.032
1.081,1.396,1.375,1.507,1.545,0.35,0.477,1.031
1.08,1.394,1.376,1.507,1.544,0.349,0.477,1.031
1.08,1.393,1.376,1.507,1.544,0.349,0.477,1.03
1.08,1.392,1.377,1.506,1.542,0.348,0.477,1.029
1.079,1.391,1.377,1.506,1.542,0.347,0.477,1.029
1.079,1.39,1.377,1.506,1.541,0.347,0.477,1.028
1.079,1.389,1.378,1.506,1.541,0.346,0.477,1.028
1.079,1.388,1.378,1.505,1.54,0.345,0.477,1.027
1.078,1.387,1.379,1.505,1.539,0.345,0.477,1.026
1.077,1.386,1.379,1.505,1.538,0.344,0.477,1.025
1.077,1.384,1.38,1.504,1.537,0.344,0.478,1.025
1.077,1.383,1.38,1.504,1.537,0.343,0.478,1.024
1.076,1.382,1.38,1.504,1.536,0.342,0.478,1.023
1.076,1.382,1.381,1.504,1.535,0.342,0.478,1.023
1.076,1.38,1.382,1.503,1.535,0.341,0.478,1.022
1.076,1.379,1.382,1.503,1.534,0.341,0.478,1.021
1.075,1.378,1.382,1.503,1.533,0.34,0.478,1.021
1.075,1.377,1.382,1.502,1.533,0.339,0.478,1.02
1.074,1.376,1.383,1.502,1.532,0.339,0.478,1.019
1.074,1.375,1.383,1.502,1.531,0.338,0.478,1.019
1.073,1.374,1.384,1.502,1.53,0.338,0.478,1.018
1.073,1.373,1.384,1.501,1.529,0.337,0.478,1.017
1.073,1.372,1.384,1.501,1.529,0.336,0.479,1.017
1.072,1.371,1.385,1.501,1.528,0.336,0.479,1.016
1.072,1.369,1.385,1.5,1.527,0.335,0.479,1.015
1.071,1.368,1.386,1.5,1.527,0.335,0.479,1.015
1.071,1.367,1.386,1.5,1.526,0.334,0.479,1.014
1.071,1.367,1.386,1.5,1.525,0.333,0.479,1.014
1.07,1.365,1.387,1.499,1.525,0.333,0.479,1.013
1.07,1.364,1.387,1.499,1.524,0.332,0.479,1.012
1.07,1.363,1.387,1.498,1.523,0.332,0.479,1.012
1.069,1.362,1.388,1.498,1.522,0.331,0.479,1.011
1.069,1.361,1.388,1.498,1.521,0.331,0.479,1.01
1.068,1.36,1.389,1.497,1.521,0.33,0.479,1.01
1.068,1.359,1.389,1.497,1.52,0.33,0.479,1.009
1.068,1.358,1.389,1.497,1.519,0.329,0.479,1.008
1.067,1.357,1.39,1.497,1.518,0.329,0.48,1.008
1.067,1.356,1.39,1.496,1.518,0.328,0.48,1.007
1.066,1.355,1.39,1.495,1.517,0.327,0.479,1.006
1.066,1.354,1.391,1.495,1.516,0.327,0.48,1.006
1.065,1.353,1.391,1.495,1.516,0.326,0.48,1.005
1.065,1.352,1.391,1.495,1.515,0.326,0.48,1.004
1.065,1.351,1.392,1.495,1.514,0.325,0.48,1.004
1.064,1.35,1.392,1.494,1.513,0.325,0.48,1.003
1.064,1.349,1.393,1.494,1.513,0.324,0.48,1.003
1.063,1.349,1.393,1.494,1.512,0.324,0.48,1.002
1.063,1.347,1.393,1.494,1.511,0.323,0.48,1.001
1.063,1.346,1.394,1.493,1.511,0.323,0.48,1.001
1.062,1.345,1.394,1.493,1.51,0.322,0.48,1.0
1.062,1.344,1.394,1.492,1.509,0.321,0.48,0.999
1.061,1.343,1.394,1.492,1.509,0.321,0.48,0.999
1.061,1.342,1.395,1.492,1.508,0.32,0.48,0.998
1.06,1.341,1.395,1.492,1.507,0.32,0.48,0.997
1.06,1.34,1.396,1.491,1.506,0.319,0.48,0.997
1.06,1.34,1.396,1.491,1.506,0.319,0.481,0.996
1.059,1.339,1.397,1.491,1.505,0.318,0.481,0.995
1.059,1.337,1.397,1.49,1.504,0.318,0.481,0.995
1.058,1.337,1.397,1.49,1.504,0.317,0.481,0.994
1.058,1.336,1.397,1.49,1.503,0.317,0.481,0.993
1.057,1.335,1.398,1.49,1.502,0.316,0.481,0.993
1.057,1.334,1.398,1.489,1.502,0.316,0.481,0.992
1.057,1.333,1.399,1.489,1.501,0.315,0.481,0.992
1.056,1.332,1.399,1.488,1.5,0.315,0.481,0.991
1.056,1.331,1.399,1.488,1.5,0.314,0.481,0.99
1.055,1.33,1.4,1.488,1.499,0.313,0.481,0.99
1.055,1.329,1.4,1.488,1.498,0.313,0.481,0.989
1.054,1.328,1.4,1.487,1.498,0.312,0.481,0.989
1.054,1.327,1.401,1.487,1.497,0.312,0.481,0.988
1.054,1.326,1.401,1.487,1.496,0.312,0.481,0.987
1.053,1.325,1.401,1.486,1.495,0.311,0.481,0.987
1.053,1.324,1.401,1.486,1.495,0.31,0.481,0.986
1.052,1.324,1.402,1.486,1.494,0.31,0.481,0.985
1.052,1.323,1.402,1.485,1.493,0.309,0.482,0.985
1.051,1.322,1.402,1.485,1.493,0.309,0.482,0.984
1.051,1.321,1.403,1.485,1.492,0.308,0.482,0.984
1.051,1.32,1.403,1.484,1.491,0.308,0.482,0.983
1.05,1.319,1.403,1.484,1.49,0.308,0.481,0.982
1.049,1.318,1.404,1.484,1.49,0.307,0.482,0.982
1.049,1.318,1.404,1.484,1.489,0.306,0.482,0.981
1.048,1.316,1.404,1.483,1.488,0.306,0.482,0.98
1.048,1.316,1.405,1.483,1.488,0.305,0.482,0.98
1.048,1.315,1.405,1.483,1.487,0.305,0.482,0.979
1.047,1.314,1.405,1.483,1.487,0.305,0.482,0.979
1.047,1.313,1.405,1.482,1.486,0.304,0.482,0.978
1.046,1.312,1.406,1.482,1.485,0.304,0.482,0.978
1.046,1.311,1.406,1.481,1.484,0.303,0.482,0.977
1.046,1.311,1.406,1.481,1.484,0.303,0.482,0.977
1.045,1.31,1.407,1.481,1.483,0.302,0.482,0.976
1.044,1.309,1.407,1.481,1.482,0.302,0.482,0.975
1.044,1.308,1.407,1.481,1.482,0.301,0.482,0.975
1.044,1.307,1.408,1.48,1.481,0.301,0.482,0.974
1.043,1.306,1.408,1.48,1.481,0.3,0.482,0.974
1.043,1.305,1.408,1.479,1.48,0.3,0.482,0.973
1.042,1.305,1.408,1.479,1.479,0.299,0.482,0.973
1.042,1.304,1.409,1.479,1.479,0.299,0.482,0.972
1.042,1.303,1.409,1.479,1.478,0.298,0.482,0.971
1.041,1.302,1.409,1.478,1.477,0.298,0.483,0.971
1.041,1.301,1.41,1.478,1.477,0.298,0.483,0.97
1.04,1.301,1.41,1.478,1.476,0.297,0.482,0.97
1.04,1.3,1.41,1.477,1.475,0.296,0.483,0.969
1.039,1.299,1.411,1.477,1.474,0.296,0.483,0.968
1.039,1.298,1.411,1.477,1.474,0.296,0.483,0.968
1.038,1.297,1.411,1.476,1.473,0.295,0.483,0.967
1.038,1.296,1.412,1.476,1.473,0.295,0.483,0.967
1.037,1.295,1.412,1.476,1.472,0.294,0.483,0.966
1.037,1.295,1.412,1.475,1.471,0.294,0.483,0.966
1.036,1.294,1.412,1.475,1.47,0.293,0.483,0.965
1.036,1.293,1.413,1.475,1.47,0.293,0.483,0.964
1.035,1.292,1.413,1.474,1.469,0.292,0.483,0.964
1.035,1.291,1.413,1.474,1.468,0.292,0.483,0.963
1.034,1.291,1.413,1.474,1.468,0.292,0.483,0.963
1.034,1.29,1.414,1.474,1.467,0.291,0.483,0.962
1.034,1.289,1.414,1.473,1.466,0.291,0.483,0.961
1.033,1.288,1.414,1.473,1.466,0.29,0.483,0.961
1.033,1.287,1.415,1.473,1.465,0.29,0.483,0.96
1.032,1.287,1.415,1.473,1.465,0.289,0.483,0.96
1.032,1.286,1.415,1.472,1.464,0.289,0.483,0.959
1.031,1.285,1.415,1.472,1.463,0.289,0.483,0.959
1.031,1.284,1.416,1.472,1.463,0.288,0.483,0.958
1.03,1.284,1.416,1.471,1.462,0.288,0.483,0.958
1.03,1.283,1.416,1.471,1.461,0.287,0.483,0.957
1.03,1.282,1.416,1.47,1.461,0.287,0.483,0.956
1.029,1.281,1.417,1.47,1.46,0.286,0.483,0.956
1.029,1.28,1.417,1.47,1.459,0.286,0.483,0.955
1.028,1.28,1.417,1.47,1.459,0.285,0.483,0.955
1.028,1.279,1.418,1.47,1.458,0.285,0.483,0.954
1.027,1.278,1.418,1.469,1.457,0.285,0.483,0.954
1.027,1.277,1.418,1.469,1.457,0.284,0.483,0.953
1.026,1.277,1.419,1.469,1.456,0.284,0.483,0.953
1.026,1.276,1.418,1.468,1.455,0.283,0.484,0.952
1.025,1.275,1.419,1.468,1.455,0.283,0.483,0.952
1.025,1.274,1.419,1.468,1.454,0.283,0.483,0.951
1.025,1.274,1.419,1.468,1.454,0.282,0.484,0.95
1.024,1.273,1.419,1.467,1.453,0.282,0.483,0.95
1.024,1.272,1.42,1.467,1.452,0.281,0.484,0.949
1.023,1.271,1.42,1.466,1.451,0.281,0.484,0.949
1.022,1.271,1.42,1.466,1.451,0.28,0.484,0.948
1.022,1.27,1.42,1.466,1.45,0.28,0.484,0.948
1.022,1.269,1.421,1.466,1.45,0.28,0.484,0.947
1.021,1.268,1.421,1.465,1.449,0.279,0.484,0.947
1.021,1.268,1.421,1.465,1.449,0.279,0.484,0.946
1.02,1.267,1.422,1.465,1.448,0.278,0.484,0.945
1.02,1.266,1.422,1.465,1.447,0.278,0.484,0.945
1.019,1.265,1.422,1.464,1.447,0.278,0.484,0.945
1.019,1.264,1.422,1.464,1.446,0.277,0.484,0.944
1.019,1.264,1.423,1.464,1.445,0.277,0.484,0.944
1.018,1.263,1.423,1.463,1.445,0.276,0.484,0.943
1.017,1.263,1.423,1.463,1.444,0.276,0.484,0.942
1.017,1.262,1.423,1.463,1.443,0.275,0.484,0.942
1.017,1.261,1.423,1.462,1.443,0.275,0.484,0.941
1.016,1.26,1.423,1.462,1.442,0.275,0.484,0.94
1.015,1.26,1.424,1.462,1.442,0.274,0.484,0.94
1.015,1.259,1.424,1.461,1.441,0.274,0.484,0.94
1.015,1.258,1.424,1.461,1.44,0.274,0.484,0.939
1.014,1.257,1.425,1.461,1.44,0.273,0.484,0.938
1.014,1.257,1.425,1.46,1.439,0.273,0.484,0.938
1.013,1.256,1.425,1.46,1.439,0.272,0.484,0.938
1.013,1.256,1.425,1.46,1.438,0.272,0.484,0.937
1.012,1.254,1.425,1.46,1.437,0.272,0.484,0.936
1.012,1.254,1.426,1.459,1.436,0.271,0.484,0.936
1.011,1.253,1.426,1.459,1.436,0.271,0.484,0.935
1.011,1.252,1.426,1.459,1.435,0.271,0.484,0.935
1.01,1.252,1.426,1.458,1.434,0.27,0.484,0.934
1.01,1.251,1.427,1.458,1.434,0.27,0.484,0.934
1.009,1.251,1.427,1.458,1.433,0.27,0.484,0.933
1.009,1.25,1.427,1.458,1.433,0.269,0.484,0.933
1.008,1.249,1.427,1.457,1.432,0.269,0.484,0.932
1.008,1.248,1.428,1.457,1.431,0.268,0.484,0.932
1.008,1.248,1.428,1.457,1.431,0.268,0.484,0.931
1.007,1.247,1.428,1.456,1.43,0.268,0.484,0.931
1.007,1.246,1.428,1.456,1.43,0.267,0.484,0.93
1.006,1.246,1.428,1.456,1.429,0.267,0.484,0.93
1.006,1.245,1.428,1.456,1.428,0.266,0.484,0.929
1.005,1.244,1.428,1.455,1.428,0.266,0.484,0.929
1.005,1.243,1.429,1.455,1.427,0.266,0.484,0.928
1.004,1.243,1.429,1.454,1.426,0.265,0.484,0.927
1.003,1.242,1.429,1.454,1.426,0.265,0.484,0.927
1.003,1.241,1.429,1.454,1.425,0.265,0.484,0.926
1.003,1.241,1.429,1.454,1.425,0.264,0.484,0.926
1.002,1.24,1.429,1.453,1.424,0.264,0.484,0.926
1.002,1.239,1.43,1.453,1.423,0.263,0.484,0.925
1.001,1.239,1.43,1.453,1.423,0.263,0.484,0.924
1.001,1.238,1.43,1.453,1.422,0.263,0.484,0.924
1.0,1.237,1.431,1.452,1.422,0.262,0.484,0.923
1.0,1.236,1.431,1.452,1.421,0.262,0.484,0.923
0.999,1.236,1.431,1.452,1.42,0.262,0.484,0.922
0.999,1.235,1.431,1.451,1.42,0.261,0.484,0.922
0.998,1.235,1.431,1.451,1.419,0.261,0.484,0.921
0.998,1.234,1.432,1.451,1.418,0.261,0.484,0.921
0.998,1.233,1.432,1.45,1.418,0.26,0.484,0.921
0.997,1.233,1.432,1.45,1.417,0.26,0.484,0.92
0.997,1.232,1.432,1.45,1.417,0.26,0.484,0.92
0.996,1.231,1.432,1.45,1.416,0.259,0.484,0.919
0.996,1.231,1.433,1.45,1.416,0.259,0.484,0.919
0.995,1.231,1.433,1.449,1.415,0.259,0.484,0.918
0.995,1.23,1.433,1.449,1.415,0.258,0.484,0.918
0.994,1.229,1.433,1.449,1.414,0.258,0.484,0.917
0.994,1.229,1.433,1.449,1.414,0.258,0.484,0.917
0.994,1.228,1.434,1.448,1.413,0.257,0.484,0.916
0.993,1.227,1.434,1.448,1.412,0.257,0.484,0.916
0.993,1.227,1.434,1.447,1.412,0.257,0.484,0.915
0.992,1.226,1.434,1.447,1.411,0.256,0.484,0.915
0.992,1.226,1.434,1.447,1.411,0.256,0.484,0.915
0.991,1.225,1.434,1.447,1.41,0.256,0.484,0.914
0.991,1.224,1.435,1.446,1.409,0.255,0.484,0.914
0.991,1.224,1.435,1.446,1.409,0.255,0.484,0.913
0.99,1.223,1.435,1.446,1.408,0.255,0.484,0.912
0.99,1.222,1.435,1.446,1.408,0.254,0.484,0.912
0.989,1.222,1.436,1.446,1.407,0.254,0.484,0.912
0.989,1.221,1.436,1.445,1.406,0.254,0.484,0.911
0.988,1.22,1.435,1.444,1.405,0.253,0.484,0.91
0.987,1.219,1.435,1.444,1.405,0.253,0.484,0.91
0.987,1.219,1.435,1.443,1.404,0.253,0.483,0.909
0.986,1.218,1.436,1.443,1.403,0.252,0.483,0.909
0.986,1.217,1.436,1.443,1.403,0.252,0.484,0.908
0.985,1.217,1.436,1.442,1.403,0.252,0.484,0.908
0.985,1.216,1.436,1.442,1.402,0.251,0.484,0.907
0.984,1.216,1.437,1.442,1.402,0.251,0.483,0.907
0.984,1.215,1.437,1.442,1.401,0.25,0.483,0.906
0.984,1.214,1.437,1.441,1.4,0.25,0.484,0.906
0.983,1.214,1.437,1.441,1.4,0.25,0.483,0.905
0.982,1.213,1.437,1.441,1.399,0.25,0.483,0.905
0.982,1.213,1.437,1.44,1.398,0.249,0.483,0.904
0.982,1.212,1.437,1.44,1.398,0.249,0.483,0.904
0.981,1.211,1.438,1.44,1.397,0.249,0.483,0.903
0.981,1.211,1.437,1.439,1.397,0.248,0.483,0.903
0.98,1.21,1.438,1.439,1.396,0.248,0.484,0.902
0.98,1.21,1.438,1.439,1.395,0.248,0.483,0.902
0.979,1.209,1.438,1.439,1.395,0.248,0.483,0.902
0.979,1.209,1.438,1.438,1.394,0.247,0.483,0.901
0.978,1.208,1.438,1.438,1.394,0.247,0.483,0.9
0.978,1.207,1.439,1.438,1.393,0.247,0.483,0.9
0.977,1.207,1.438,1.438,1.393,0.246,0.483,0.9
0.977,1.206,1.439,1.437,1.391,0.246,0.483,0.899
0.976,1.205,1.439,1.437,1.391,0.245,0.483,0.899
0.976,1.205,1.439,1.438,1.392,0.246,0.483,0.899
0.975,1.204,1.439,1.436,1.39,0.245,0.483,0.898
0.975,1.204,1.439,1.436,1.39,0.245,0.483,0.897
0.974,1.203,1.439,1.435,1.389,0.244,0.483,0.897
0.974,1.202,1.439,1.435,1.388,0.244,0.483,0.896
0.974,1.202,1.44,1.435,1.388,0.244,0.483,0.896
0.973,1.202,1.44,1.435,1.387,0.244,0.483,0.895
0.973,1.201,1.44,1.435,1.387,0.243,0.483,0.895
0.972,1.2,1.44,1.434,1.386,0.243,0.483,0.895
0.972,1.2,1.44,1.434,1.386,0.243,0.483,0.894
0.971,1.199,1.44,1.434,1.385,0.242,0.483,0.893
0.971,1.198,1.44,1.433,1.384,0.242,0.483,0.894
0.971,1.199,1.441,1.434,1.385,0.242,0.483,0.893
0.971,1.198,1.442,1.434,1.384,0.241,0.483,0.893
0.97,1.198,1.442,1.434,1.384,0.241,0.483,0.892
0.97,1.197,1.442,1.433,1.383,0.241,0.483,0.892
0.969,1.196,1.441,1.432,1.382,0.24,0.483,0.891
0.968,1.195,1.441,1.432,1.381,0.24,0.483,0.89
0.968,1.195,1.442,1.432,1.381,0.24,0.483,0.89
0.967,1.194,1.442,1.431,1.38,0.239,0.483,0.89
0.967,1.194,1.441,1.431,1.38,0.239,0.483,0.889
0.966,1.193,1.442,1.431,1.379,0.239,0.483,0.888
0.966,1.193,1.442,1.43,1.379,0.239,0.483,0.888
0.965,1.192,1.442,1.43,1.378,0.239,0.483,0.888
0.965,1.191,1.442,1.43,1.377,0.238,0.482,0.887
0.965,1.191,1.442,1.43,1.377,0.238,0.483,0.887
0.964,1.19,1.442,1.429,1.376,0.238,0.483,0.886
0.964,1.19,1.443,1.429,1.376,0.237,0.483,0.886
0.963,1.189,1.443,1.429,1.375,0.237,0.483,0.885
0.963,1.189,1.443,1.428,1.375,0.237,0.483,0.886
0.963,1.189,1.444,1.429,1.375,0.237,0.483,0.885
0.963,1.188,1.444,1.429,1.375,0.236,0.482,0.884
0.962,1.188,1.443,1.428,1.373,0.236,0.482,0.884
0.961,1.187,1.443,1.428,1.374,0.236,0.483,0.884
0.961,1.187,1.445,1.428,1.373,0.235,0.483,0.884
0.961,1.186,1.445,1.428,1.373,0.235,0.483,0.883
0.96,1.186,1.445,1.428,1.372,0.235,0.483,0.883
0.96,1.184,1.444,1.427,1.371,0.235,0.482,0.881
0.96,1.185,1.445,1.427,1.371,0.234,0.482,0.882
0.958,1.183,1.444,1.426,1.37,0.234,0.482,0.881
0.958,1.183,1.444,1.425,1.369,0.234,0.482,0.88
0.957,1.182,1.444,1.425,1.369,0.234,0.482,0.88
0.957,1.182,1.444,1.425,1.368,0.233,0.482,0.879
0.957,1.182,1.445,1.425,1.368,0.233,0.482,0.879
0.956,1.181,1.445,1.425,1.367,0.233,0.482,0.878
0.956,1.18,1.445,1.424,1.366,0.233,0.482,0.878
0.955,1.18,1.445,1.424,1.366,0.232,0.482,0.877
0.955,1.179,1.445,1.424,1.366,0.232,0.482,0.877
0.954,1.179,1.445,1.424,1.365,0.232,0.482,0.877
0.954,1.178,1.445,1.423,1.365,0.231,0.482,0.876
0.954,1.178,1.445,1.423,1.364,0.231,0.482,0.876
0.953,1.177,1.446,1.423,1.364,0.231,0.482,0.875
0.953,1.177,1.446,1.423,1.363,0.231,0.482,0.875
0.953,1.177,1.446,1.422,1.363,0.23,0.482,0.875
0.952,1.176,1.446,1.422,1.362,0.23,0.482,0.874
0.952,1.176,1.446,1.422,1.361,0.23,0.482,0.874
0.951,1.175,1.446,1.422,1.361,0.23,0.482,0.873
0.951,1.175,1.447,1.421,1.36,0.229,0.482,0.873
0.95,1.174,1.447,1.421,1.36,0.229,0.482,0.872
0.95,1.174,1.447,1.421,1.36,0.229,0.482,0.872
0.949,1.173,1.447,1.421,1.359,0.229,0.482,0.872
0.949,1.173,1.447,1.421,1.359,0.228,0.482,0.871
0.949,1.172,1.447,1.42,1.358,0.228,0.482,0.871
0.948,1.172,1.447,1.42,1.358,0.228,0.481,0.87
0.948,1.171,1.447,1.42,1.357,0.228,0.482,0.87
0.947,1.171,1.447,1.42,1.357,0.227,0.482,0.869
0.947,1.17,1.447,1.419,1.356,0.227,0.482,0.869
0.946,1.17,1.448,1.419,1.356,0.227,0.482,0.869
0.946,1.17,1.448,1.419,1.355,0.227,0.482,0.868
0.946,1.169,1.448,1.419,1.354,0.227,0.481,0.868
0.945,1.168,1.448,1.419,1.354,0.226,0.481,0.868
0.945,1.168,1.448,1.418,1.354,0.226,0.481,0.867
0.944,1.168,1.448,1.418,1.353,0.226,0.481,0.867
0.944,1.167,1.448,1.418,1.353,0.226,0.481,0.866
0.944,1.167,1.449,1.418,1.352,0.225,0.481,0.866
0.943,1.166,1.449,1.417,1.352,0.225,0.481,0.866
0.943,1.166,1.449,1.417,1.351,0.225,0.481,0.865
0.942,1.165,1.449,1.417,1.351,0.225,0.481,0.865
0.942,1.165,1.448,1.416,1.35,0.224,0.481,0.864
0.941,1.164,1.449,1.416,1.35,0.224,0.481,0.864
0.941,1.164,1.449,1.416,1.35,0.224,0.481,0.863
0.94,1.163,1.449,1.416,1.349,0.224,0.481,0.863
0.94,1.163,1.449,1.416,1.349,0.223,0.481,0.863
0.94,1.163,1.449,1.415,1.348,0.223,0.481,0.862
0.939,1.162,1.449,1.415,1.348,0.223,0.481,0.862
0.939,1.162,1.45,1.415,1.347,0.223,0.481,0.861
0.939,1.161,1.45,1.415,1.346,0.223,0.481,0.861
0.938,1.161,1.45,1.415,1.346,0.222,0.481,0.861
0.938,1.161,1.45,1.414,1.346,0.222,0.481,0.861
0.937,1.16,1.45,1.414,1.345,0.222,0.481,0.86
0.937,1.16,1.451,1.414,1.345,0.222,0.481,0.86
0.937,1.159,1.45,1.414,1.344,0.221,0.481,0.859
0.936,1.159,1.45,1.413,1.344,0.221,0.481,0.859
0.936,1.158,1.451,1.414,1.344,0.221,0.481,0.859
0.935,1.158,1.451,1.413,1.343,0.221,0.481,0.858
0.935,1.158,1.451,1.413,1.343,0.221,0.481,0.858
0.934,1.157,1.451,1.412,1.342,0.22,0.481,0.857
0.934,1.157,1.451,1.412,1.342,0.22,0.481,0.857
0.934,1.156,1.451,1.412,1.341,0.22,0.481,0.857
0.933,1.156,1.451,1.412,1.341,0.22,0.481,0.856
0.933,1.155,1.451,1.412,1.34,0.219,0.481,0.856
0.932,1.155,1.451,1.411,1.34,0.219,0.481,0.855
0.932,1.154,1.451,1.411,1.339,0.219,0.481,0.855
0.932,1.154,1.451,1.411,1.339,0.219,0.481,0.855
0.931,1.153,1.452,1.411,1.338,0.218,0.481,0.854
0.931,1.153,1.452,1.411,1.338,0.218,0.48,0.854
0.93,1.152,1.452,1.41,1.338,0.218,0.481,0.853
0.93,1.152,1.452,1.41,1.337,0.218,0.481,0.853
0.93,1.152,1.452,1.41,1.336,0.218,0.48,0.853
0.929,1.151,1.452,1.41,1.336,0.217,0.48,0.852
0.929,1.151,1.452,1.409,1.336,0.217,0.48,0.852
0.928,1.151,1.452,1.409,1.335,0.217,0.48,0.852
0.928,1.15,1.452,1.409,1.335,0.217,0.48,0.851
0.927,1.149,1.452,1.408,1.334,0.216,0.48,0.851
0.927,1.149,1.452,1.409,1.334,0.216,0.48,0.85
0.927,1.149,1.452,1.408,1.333,0.216,0.48,0.85
0.927,1.149,1.453,1.408,1.333,0.216,0.48,0.85
0.926,1.149,1.453,1.408,1.333,0.216,0.48,0.849
0.925,1.148,1.453,1.408,1.332,0.215,0.48,0.849
0.925,1.147,1.453,1.407,1.332,0.215,0.48,0.849
0.925,1.147,1.453,1.407,1.332,0.215,0.48,0.848
0.924,1.146,1.453,1.407,1.331,0.215,0.48,0.848
0.924,1.146,1.453,1.407,1.33,0.215,0.48,0.848
0.923,1.146,1.453,1.406,1.33,0.214,0.48,0.847
0.923,1.146,1.453,1.407,1.33,0.214,0.48,0.847
0.923,1.145,1.454,1.406,1.329,0.214,0.48,0.847
0.922,1.145,1.454,1.406,1.329,0.214,0.48,0.846
0.922,1.144,1.454,1.406,1.328,0.213,0.48,0.846
0.922,1.144,1.454,1.406,1.328,0.213,0.48,0.846
0.921,1.144,1.454,1.406,1.328,0.213,0.48,0.845
0.921,1.143,1.454,1.405,1.327,0.213,0.48,0.845
0.921,1.143,1.455,1.406,1.327,0.213,0.48,0.845
0.921,1.143,1.455,1.405,1.327,0.213,0.48,0.844
0.92,1.142,1.455,1.405,1.326,0.212,0.48,0.844
0.92,1.142,1.455,1.404,1.326,0.212,0.48,0.844
0.919,1.142,1.455,1.405,1.326,0.212,0.48,0.843
0.919,1.141,1.455,1.404,1.325,0.212,0.48,0.843
0.918,1.141,1.455,1.404,1.325,0.212,0.48,0.843
0.918,1.14,1.455,1.404,1.324,0.211,0.48,0.842
0.918,1.14,1.456,1.404,1.324,0.211,0.48,0.842
0.918,1.14,1.456,1.403,1.323,0.211,0.48,0.841
0.917,1.139,1.456,1.403,1.323,0.211,0.48,0.841
0.916,1.138,1.455,1.403,1.322,0.21,0.479,0.841
0.916,1.138,1.455,1.403,1.322,0.21,0.479,0.84
0.916,1.138,1.455,1.403,1.322,0.21,0.479,0.84
0.915,1.137,1.455,1.402,1.321,0.21,0.479,0.839
0.915,1.137,1.456,1.402,1.321,0.21,0.479,0.839
0.914,1.136,1.455,1.401,1.32,0.21,0.479,0.838
0.914,1.136,1.456,1.401,1.319,0.21,0.479,0.838
0.913,1.136,1.455,1.401,1.319,0.209,0.479,0.838
0.913,1.135,1.455,1.401,1.319,0.209,0.479,0.837
0.913,1.135,1.455,1.401,1.318,0.209,0.479,0.837
0.912,1.134,1.456,1.4,1.318,0.209,0.479,0.837
0.912,1.134,1.456,1.4,1.317,0.208,0.479,0.836
0.912,1.133,1.456,1.399,1.317,0.208,0.479,0.836
0.911,1.133,1.456,1.399,1.316,0.208,0.479,0.836
0.911,1.133,1.456,1.399,1.316,0.208,0.479,0.835
0.91,1.132,1.456,1.399,1.316,0.208,0.479,0.835
0.91,1.132,1.456,1.399,1.315,0.207,0.479,0.835
0.909,1.131,1.456,1.398,1.315,0.207,0.479,0.834
0.909,1.131,1.456,1.398,1.314,0.207,0.479,0.834
0.909,1.131,1.456,1.398,1.314,0.207,0.478,0.834
0.908,1.131,1.456,1.398,1.314,0.207,0.478,0.833
0.908,1.13,1.457,1.398,1.313,0.207,0.479,0.833
0.908,1.13,1.456,1.398,1.313,0.206,0.478,0.833
0.907,1.13,1.457,1.397,1.312,0.206,0.478,0.832
0.907,1.129,1.457,1.397,1.312,0.206,0.478,0.831
0.907,1.129,1.456,1.397,1.311,0.206,0.478,0.832
0.906,1.128,1.456,1.397,1.311,0.206,0.478,0.831
0.906,1.128,1.457,1.397,1.311,0.205,0.478,0.831
0.905,1.128,1.457,1.396,1.31,0.205,0.478,0.83
0.905,1.127,1.457,1.396,1.31,0.205,0.478,0.83
0.905,1.127,1.457,1.396,1.309,0.205,0.478,0.83
0.904,1.127,1.457,1.396,1.309,0.205,0.478,0.829
0.904,1.126,1.457,1.395,1.309,0.205,0.478,0.829
0.904,1.126,1.457,1.395,1.308,0.204,0.478,0.829
0.903,1.126,1.457,1.395,1.308,0.204,0.478,0.829
0.903,1.125,1.457,1.395,1.308,0.204,0.478,0.828
0.903,1.125,1.458,1.395,1.307,0.204,0.478,0.828
0.902,1.124,1.457,1.394,1.307,0.204,0.478,0.828
0.902,1.124,1.458,1.394,1.306,0.204,0.478,0.827
0.901,1.124,1.458,1.394,1.306,0.203,0.478,0.827
0.901,1.123,1.458,1.394,1.305,0.203,0.478,0.827
0.901,1.123,1.458,1.394,1.305,0.203,0.478,0.826
0.901,1.123,1.458,1.394,1.305,0.203,0.478,0.826
0.9,1.123,1.458,1.394,1.305,0.203,0.478,0.826
0.9,1.122,1.459,1.393,1.304,0.203,0.478,0.825
0.899,1.122,1.458,1.393,1.304,0.202,0.478,0.825
0.899,1.122,1.459,1.393,1.303,0.202,0.478,0.825
0.899,1.121,1.459,1.393,1.303,0.202,0.478,0.824
0.898,1.121,1.459,1.392,1.302,0.202,0.477,0.824
0.898,1.121,1.459,1.392,1.302,0.202,0.477,0.824
0.897,1.12,1.459,1.392,1.302,0.202,0.477,0.823
0.897,1.12,1.459,1.392,1.302,0.201,0.477,0.823
0.897,1.119,1.459,1.392,1.301,0.201,0.477,0.823
0.897,1.119,1.459,1.391,1.301,0.201,0.477,0.823
0.896,1.119,1.459,1.391,1.3,0.201,0.477,0.822
0.896,1.119,1.459,1.391,1.3,0.201,0.477,0.822
0.895,1.119,1.459,1.391,1.3,0.201,0.477,0.822
0.895,1.118,1.459,1.391,1.299,0.2,0.477,0.821
0.895,1.118,1.459,1.391,1.299,0.2,0.477,0.821
0.894,1.117,1.459,1.39,1.298,0.2,0.477,0.821
0.894,1.117,1.459,1.39,1.298,0.2,0.477,0.82
0.893,1.117,1.459,1.39,1.298,0.2,0.477,0.82
0.893,1.116,1.46,1.389,1.297,0.199,0.477,0.82
0.893,1.116,1.46,1.389,1.297,0.2,0.477,0.819
0.893,1.116,1.46,1.389,1.296,0.199,0.477,0.819
0.892,1.115,1.459,1.389,1.296,0.199,0.477,0.819
0.892,1.115,1.46,1.389,1.296,0.199,0.477,0.818
0.892,1.115,1.46,1.389,1.296,0.199,0.477,0.818
0.891,1.114,1.46,1.388,1.295,0.199,0.477,0.818
0.891,1.114,1.46,1.388,1.295,0.198,0.477,0.817
0.891,1.114,1.46,1.388,1.294,0.198,0.477,0.817
0.89,1.114,1.46,1.388,1.294,0.198,0.477,0.817
0.89,1.113,1.46,1.388,1.294,0.198,0.476,0.816
0.89,1.113,1.46,1.388,1.293,0.198,0.477,0.816
0.889,1.113,1.46,1.387,1.293,0.198,0.477,0.816
0.889,1.112,1.46,1.387,1.292,0.198,0.476,0.816
0.889,1.112,1.46,1.387,1.292,0.197,0.476,0.816
0.889,1.112,1.461,1.387,1.292,0.197,0.476,0.815
0.888,1.111,1.46,1.386,1.292,0.197,0.476,0.815
0.888,1.111,1.461,1.387,1.291,0.197,0.476,0.814
0.887,1.109,1.459,1.385,1.289,0.196,0.476,0.814
0.886,1.109,1.459,1.384,1.289,0.196,0.476,0.813
0.886,1.109,1.459,1.384,1.288,0.196,0.476,0.813
0.886,1.108,1.459,1.384,1.288,0.196,0.476,0.813
0.885,1.108,1.459,1.383,1.288,0.196,0.476,0.813
0.885,1.107,1.459,1.382,1.288,0.196,0.476,0.813
0.884,1.107,1.459,1.381,1.287,0.196,0.475,0.813
0.884,1.105,1.459,1.379,1.287,0.195,0.475,0.813
0.884,1.103,1.458,1.377,1.287,0.195,0.475,0.814
0.883,1.1,1.458,1.375,1.286,0.195,0.475,0.814
0.883,1.097,1.458,1.373,1.286,0.195,0.475,0.815
0.883,1.093,1.457,1.372,1.286,0.195,0.475,0.816
0.882,1.089,1.457,1.369,1.285,0.194,0.475,0.817
0.882,1.084,1.457,1.367,1.285,0.194,0.475,0.817
0.881,1.079,1.456,1.365,1.285,0.194,0.475,0.817
0.881,1.075,1.456,1.363,1.284,0.194,0.475,0.818
0.88,1.07,1.455,1.36,1.284,0.194,0.475,0.817
0.88,1.065,1.456,1.358,1.283,0.193,0.475,0.817
0.879,1.061,1.455,1.356,1.283,0.193,0.475,0.817
0.879,1.056,1.454,1.353,1.282,0.193,0.475,0.817
0.878,1.052,1.454,1.351,1.282,0.193,0.475,0.816
0.878,1.047,1.453,1.348,1.281,0.193,0.474,0.816
0.877,1.043,1.452,1.345,1.281,0.193,0.474,0.816
0.876,1.038,1.452,1.343,1.281,0.192,0.475,0.815
0.876,1.033,1.451,1.34,1.28,0.192,0.474,0.814
0.875,1.029,1.451,1.338,1.28,0.192,0.474,0.813
0.874,1.024,1.451,1.336,1.28,0.192,0.474,0.813
0.874,1.02,1.45,1.333,1.28,0.192,0.474,0.812
0.873,1.015,1.449,1.33,1.28,0.191,0.474,0.811
0.872,1.011,1.449,1.328,1.279,0.191,0.474,0.81
0.871,1.007,1.447,1.324,1.278,0.191,0.474,0.809
0.87,1.002,1.447,1.322,1.278,0.191,0.473,0.807
0.869,0.997,1.447,1.32,1.278,0.191,0.473,0.807
0.869,0.993,1.446,1.318,1.277,0.19,0.473,0.805
0.868,0.989,1.445,1.315,1.277,0.19,0.473,0.804
0.867,0.984,1.445,1.313,1.276,0.19,0.473,0.803
0.866,0.98,1.444,1.311,1.275,0.19,0.473,0.803
0.865,0.976,1.443,1.308,1.274,0.189,0.473,0.801
0.864,0.972,1.442,1.305,1.273,0.189,0.473,0.8
0.863,0.969,1.442,1.303,1.272,0.189,0.472,0.799
0.862,0.965,1.442,1.301,1.271,0.189,0.472,0.798
0.861,0.962,1.441,1.298,1.27,0.188,0.472,0.797
0.86,0.958,1.44,1.295,1.269,0.188,0.472,0.795
0.859,0.954,1.439,1.292,1.268,0.188,0.472,0.794
0.858,0.95,1.438,1.289,1.267,0.188,0.472,0.793
0.857,0.947,1.438,1.287,1.266,0.187,0.472,0.792
0.856,0.943,1.437,1.284,1.265,0.187,0.471,0.791
0.855,0.94,1.437,1.281,1.264,0.187,0.471,0.79
0.854,0.936,1.435,1.278,1.262,0.187,0.471,0.789
0.853,0.932,1.435,1.275,1.261,0.186,0.471,0.788
0.852,0.929,1.434,1.273,1.26,0.186,0.471,0.786
0.851,0.926,1.434,1.269,1.259,0.186,0.471,0.785
0.85,0.922,1.433,1.267,1.258,0.186,0.47,0.784
0.849,0.918,1.432,1.264,1.257,0.185,0.471,0.783
0.848,0.915,1.431,1.261,1.256,0.185,0.47,0.782
0.847,0.911,1.431,1.258,1.255,0.185,0.47,0.781
0.846,0.908,1.429,1.255,1.253,0.185,0.47,0.78
0.844,0.905,1.428,1.252,1.252,0.184,0.47,0.779
0.843,0.902,1.428,1.249,1.251,0.184,0.47,0.778
0.842,0.899,1.427,1.246,1.249,0.184,0.469,0.776
0.841,0.896,1.426,1.244,1.248,0.183,0.469,0.775
0.84,0.893,1.425,1.241,1.247,0.183,0.469,0.774
0.839,0.89,1.424,1.238,1.245,0.183,0.469,0.773
0.838,0.887,1.423,1.235,1.244,0.182,0.469,0.771
0.836,0.883,1.423,1.232,1.243,0.182,0.468,0.77
0.835,0.88,1.422,1.23,1.241,0.182,0.468,0.769
0.834,0.876,1.421,1.227,1.24,0.182,0.468,0.768
0.833,0.873,1.42,1.225,1.239,0.181,0.468,0.767
0.832,0.87,1.42,1.223,1.238,0.181,0.468,0.766
0.83,0.866,1.418,1.22,1.236,0.181,0.468,0.764
0.829,0.863,1.417,1.217,1.235,0.18,0.468,0.763
0.828,0.861,1.417,1.215,1.234,0.18,0.468,0.762
0.827,0.858,1.416,1.212,1.232,0.18,0.467,0.761
0.826,0.856,1.416,1.21,1.231,0.179,0.467,0.759
0.824,0.853,1.415,1.208,1.229,0.179,0.467,0.758
0.823,0.85,1.414,1.205,1.228,0.179,0.467,0.757
0.822,0.848,1.413,1.203,1.227,0.178,0.467,0.755
0.821,0.845,1.412,1.2,1.225,0.178,0.466,0.754
0.82,0.843,1.411,1.198,1.224,0.178,0.466,0.753
0.818,0.84,1.411,1.195,1.222,0.177,0.466,0.751
0.817,0.838,1.41,1.193,1.221,0.177,0.466,0.75
0.816,0.835,1.409,1.191,1.22,0.177,0.465,0.749
0.814,0.832,1.408,1.188,1.218,0.176,0.465,0.747
0.813,0.83,1.407,1.186,1.216,0.176,0.465,0.746
0.812,0.828,1.406,1.184,1.215,0.176,0.465,0.745
0.811,0.825,1.405,1.181,1.213,0.175,0.465,0.743
0.809,0.823,1.404,1.179,1.212,0.175,0.465,0.742
0.808,0.82,1.403,1.176,1.21,0.175,0.464,0.741
0.807,0.818,1.403,1.174,1.209,0.174,0.464,0.74
0.806,0.815,1.402,1.172,1.207,0.174,0.464,0.738
0.804,0.813,1.401,1.169,1.206,0.173,0.464,0.737
0.803,0.81,1.4,1.167,1.204,0.173,0.464,0.736
0.802,0.808,1.399,1.164,1.202,0.173,0.463,0.735
0.8,0.806,1.398,1.162,1.201,0.172,0.463,0.734
0.799,0.803,1.397,1.16,1.199,0.172,0.463,0.733
0.798,0.801,1.396,1.158,1.197,0.172,0.463,0.731
0.797,0.799,1.395,1.155,1.196,0.172,0.463,0.73
0.795,0.796,1.394,1.153,1.194,0.171,0.463,0.729
0.794,0.794,1.393,1.15,1.193,0.171,0.462,0.728
0.793,0.791,1.392,1.148,1.191,0.17,0.462,0.727
0.791,0.789,1.391,1.146,1.19,0.17,0.462,0.726
0.79,0.787,1.39,1.144,1.188,0.17,0.462,0.724
0.789,0.785,1.389,1.142,1.187,0.169,0.462,0.723
0.787,0.782,1.388,1.14,1.185,0.169,0.461,0.722
0.786,0.78,1.388,1.138,1.184,0.168,0.461,0.72
0.785,0.778,1.387,1.136,1.183,0.168,0.461,0.719
0.783,0.776,1.386,1.134,1.181,0.168,0.461,0.718
0.783,0.774,1.385,1.132,1.18,0.168,0.461,0.716
0.781,0.772,1.384,1.131,1.178,0.167,0.46,0.715
0.78,0.77,1.383,1.129,1.177,0.167,0.46,0.714
0.778,0.768,1.382,1.127,1.175,0.167,0.46,0.713
0.777,0.766,1.381,1.125,1.174,0.166,0.46,0.711
0.776,0.764,1.381,1.123,1.172,0.166,0.46,0.71
0.775,0.762,1.38,1.121,1.171,0.165,0.46,0.709
0.773,0.76,1.379,1.119,1.169,0.165,0.459,0.708
0.772,0.759,1.378,1.118,1.168,0.165,0.459,0.706
0.771,0.757,1.377,1.116,1.166,0.164,0.459,0.705
0.77,0.755,1.377,1.114,1.164,0.164,0.459,0.704
0.768,0.753,1.376,1.112,1.163,0.164,0.459,0.703
0.767,0.752,1.375,1.11,1.161,0.163,0.458,0.702
0.766,0.75,1.374,1.107,1.16,0.163,0.458,0.7
0.765,0.748,1.373,1.105,1.158,0.162,0.458,0.699
0.763,0.747,1.372,1.103,1.156,0.162,0.458,0.698
0.762,0.745,1.371,1.101,1.155,0.162,0.457,0.697
0.761,0.743,1.37,1.099,1.153,0.161,0.457,0.696
0.759,0.742,1.369,1.097,1.152,0.161,0.457,0.695
0.758,0.74,1.368,1.095,1.15,0.161,0.457,0.694
0.757,0.739,1.367,1.093,1.149,0.16,0.457,0.692
0.755,0.737,1.366,1.091,1.147,0.16,0.457,0.691
0.754,0.736,1.365,1.088,1.145,0.16,0.456,0.69
0.753,0.734,1.364,1.086,1.144,0.159,0.456,0.689
0.752,0.732,1.363,1.084,1.142,0.159,0.456,0.688
0.75,0.731,1.362,1.082,1.141,0.159,0.456,0.687
0.749,0.73,1.361,1.08,1.139,0.158,0.456,0.686
0.748,0.728,1.36,1.078,1.138,0.158,0.455,0.685
0.747,0.727,1.359,1.076,1.136,0.157,0.455,0.684
0.746,0.725,1.358,1.074,1.134,0.157,0.455,0.683
0.744,0.723,1.357,1.072,1.133,0.157,0.455,0.682
0.743,0.722,1.356,1.07,1.132,0.157,0.454,0.681
0.742,0.72,1.355,1.068,1.13,0.156,0.454,0.68
0.741,0.719,1.354,1.066,1.129,0.156,0.454,0.678
0.739,0.717,1.353,1.064,1.127,0.155,0.454,0.678
0.738,0.716,1.352,1.062,1.126,0.155,0.454,0.676
0.737,0.714,1.352,1.061,1.124,0.155,0.454,0.675
0.735,0.713,1.351,1.058,1.123,0.154,0.453,0.674
0.734,0.712,1.35,1.057,1.121,0.154,0.453,0.673
0.733,0.71,1.349,1.055,1.12,0.154,0.453,0.672
0.732,0.709,1.348,1.053,1.118,0.153,0.453,0.671
0.731,0.707,1.347,1.052,1.117,0.153,0.452,0.67
0.73,0.706,1.346,1.05,1.116,0.153,0.452,0.669
0.728,0.705,1.345,1.049,1.115,0.152,0.452,0.668
0.727,0.703,1.345,1.047,1.113,0.152,0.452,0.667
0.726,0.702,1.344,1.046,1.112,0.152,0.452,0.666
0.725,0.7,1.343,1.045,1.11,0.151,0.452,0.665
0.724,0.699,1.342,1.043,1.109,0.151,0.451,0.664
0.722,0.697,1.341,1.042,1.107,0.151,0.451,0.663
0.721,0.696,1.34,1.04,1.106,0.151,0.451,0.662
0.72,0.695,1.339,1.039,1.105,0.15,0.451,0.661
0.719,0.694,1.338,1.037,1.103,0.15,0.451,0.66
0.718,0.692,1.337,1.036,1.102,0.15,0.45,0.658
0.717,0.691,1.337,1.034,1.1,0.149,0.45,0.657
0.715,0.69,1.336,1.033,1.099,0.149,0.45,0.656
0.714,0.689,1.335,1.031,1.097,0.149,0.45,0.655
0.713,0.687,1.334,1.03,1.096,0.148,0.45,0.654
0.712,0.686,1.333,1.028,1.094,0.148,0.449,0.653
0.711,0.685,1.332,1.027,1.093,0.148,0.449,0.652
0.71,0.684,1.331,1.025,1.091,0.147,0.449,0.651
0.708,0.683,1.33,1.024,1.09,0.147,0.449,0.65
0.707,0.682,1.329,1.022,1.089,0.147,0.448,0.649
0.706,0.68,1.328,1.02,1.087,0.146,0.448,0.648
0.705,0.679,1.327,1.019,1.086,0.146,0.448,0.647
0.704,0.678,1.327,1.017,1.084,0.146,0.448,0.646
0.703,0.677,1.326,1.016,1.083,0.145,0.448,0.645
0.701,0.676,1.325,1.014,1.081,0.145,0.448,0.644
0.7,0.674,1.324,1.013,1.08,0.145,0.448,0.643
0.699,0.673,1.323,1.011,1.078,0.145,0.447,0.642
0.698,0.672,1.322,1.01,1.077,0.144,0.447,0.641
0.697,0.67,1.321,1.009,1.075,0.144,0.447,0.641
0.696,0.669,1.32,1.007,1.074,0.144,0.447,0.64
0.695,0.668,1.319,1.005,1.072,0.143,0.446,0.639
0.693,0.667,1.318,1.004,1.071,0.143,0.446,0.638
0.692,0.666,1.317,1.002,1.069,0.142,0.446,0.637
0.691,0.665,1.316,1.001,1.068,0.142,0.446,0.636
0.69,0.664,1.315,0.999,1.066,0.142,0.446,0.635
0.689,0.662,1.314,0.997,1.065,0.142,0.445,0.634
0.688,0.661,1.313,0.996,1.063,0.141,0.445,0.633
0.687,0.66,1.312,0.994,1.062,0.141,0.445,0.632
0.686,0.659,1.311,0.992,1.06,0.141,0.445,0.631
0.685,0.659,1.31,0.991,1.059,0.141,0.445,0.63
0.683,0.657,1.309,0.99,1.058,0.14,0.445,0.629
0.682,0.657,1.309,0.988,1.056,0.14,0.444,0.629
0.681,0.656,1.308,0.987,1.055,0.14,0.444,0.628
0.68,0.655,1.307,0.985,1.053,0.139,0.444,0.627
0.679,0.654,1.306,0.983,1.052,0.139,0.444,0.626
0.678,0.653,1.305,0.982,1.051,0.139,0.443,0.625
0.677,0.652,1.304,0.981,1.05,0.138,0.443,0.624
0.676,0.652,1.304,0.979,1.048,0.138,0.443,0.623
0.675,0.651,1.302,0.978,1.047,0.138,0.443,0.622
0.674,0.65,1.301,0.976,1.046,0.138,0.443,0.622
0.673,0.648,1.3,0.975,1.044,0.137,0.443,0.621
0.672,0.647,1.299,0.974,1.043,0.137,0.442,0.62
0.671,0.646,1.298,0.972,1.042,0.137,0.442,0.619
0.67,0.645,1.297,0.971,1.04,0.137,0.442,0.618
0.669,0.644,1.297,0.97,1.039,0.136,0.442,0.617
0.668,0.643,1.296,0.969,1.037,0.136,0.442,0.617
0.667,0.642,1.295,0.967,1.036,0.136,0.441,0.615
0.666,0.641,1.294,0.966,1.035,0.136,0.441,0.615
0.665,0.64,1.293,0.965,1.034,0.135,0.441,0.614
0.664,0.639,1.292,0.963,1.032,0.135,0.441,0.613
0.663,0.638,1.291,0.962,1.031,0.135,0.441,0.612
0.662,0.637,1.29,0.961,1.029,0.135,0.44,0.611
0.661,0.636,1.29,0.96,1.028,0.134,0.44,0.61
0.66,0.635,1.289,0.958,1.027,0.134,0.44,0.609
0.659,0.634,1.288,0.957,1.026,0.134,0.44,0.609
0.658,0.634,1.287,0.956,1.024,0.134,0.44,0.608
0.657,0.633,1.286,0.954,1.023,0.133,0.439,0.607
0.656,0.632,1.285,0.953,1.021,0.133,0.439,0.606
0.655,0.631,1.284,0.952,1.02,0.133,0.439,0.605
0.654,0.631,1.283,0.951,1.019,0.133,0.439,0.604
0.653,0.63,1.282,0.95,1.017,0.132,0.439,0.604
0.652,0.629,1.282,0.949,1.016,0.132,0.438,0.603
0.651,0.628,1.281,0.947,1.015,0.132,0.438,0.602
0.65,0.627,1.28,0.946,1.013,0.132,0.438,0.601
0.649,0.626,1.279,0.945,1.012,0.131,0.438,0.6
0.648,0.625,1.278,0.943,1.011,0.131,0.438,0.6
0.647,0.624,1.277,0.942,1.01,0.131,0.438,0.599
0.646,0.623,1.276,0.941,1.008,0.131,0.437,0.598
0.645,0.622,1.276,0.939,1.007,0.131,0.437,0.597
0.644,0.621,1.274,0.938,1.006,0.13,0.437,0.597
0.643,0.62,1.273,0.937,1.004,0.13,0.437,0.596
0.643,0.62,1.273,0.935,1.003,0.13,0.437,0.595
0.642,0.619,1.271,0.934,1.002,0.129,0.436,0.595
0.641,0.619,1.271,0.933,1.001,0.129,0.436,0.594
0.64,0.618,1.269,0.932,1.0,0.129,0.436,0.593
0.639,0.617,1.269,0.93,0.998,0.129,0.436,0.592
0.638,0.616,1.268,0.929,0.997,0.129,0.436,0.592
0.637,0.615,1.267,0.928,0.996,0.128,0.436,0.591
0.636,0.615,1.266,0.927,0.995,0.128,0.435,0.59
0.635,0.614,1.265,0.925,0.993,0.128,0.435,0.59
0.634,0.613,1.264,0.924,0.992,0.128,0.435,0.589
0.633,0.612,1.264,0.923,0.991,0.127,0.435,0.588
0.633,0.612,1.263,0.922,0.99,0.127,0.435,0.588
0.632,0.611,1.262,0.921,0.989,0.127,0.435,0.587
0.631,0.611,1.261,0.919,0.988,0.127,0.434,0.586
0.63,0.61,1.26,0.918,0.986,0.127,0.434,0.585
0.629,0.609,1.259,0.917,0.985,0.127,0.434,0.585
0.628,0.609,1.259,0.916,0.984,0.126,0.434,0.584
0.627,0.608,1.258,0.915,0.983,0.126,0.434,0.583
0.627,0.607,1.257,0.913,0.982,0.126,0.434,0.583
0.626,0.606,1.256,0.912,0.981,0.126,0.433,0.582
0.625,0.605,1.255,0.911,0.98,0.125,0.433,0.581
0.624,0.605,1.254,0.91,0.978,0.125,0.433,0.581
0.623,0.604,1.253,0.909,0.978,0.125,0.433,0.58
0.622,0.603,1.253,0.908,0.976,0.125,0.433,0.579
0.621,0.603,1.252,0.906,0.975,0.125,0.433,0.578
0.62,0.602,1.251,0.905,0.974,0.125,0.432,0.578
0.62,0.601,1.25,0.904,0.973,0.124,0.432,0.577
0.619,0.6,1.249,0.903,0.972,0.124,0.432,0.577
0.618,0.6,1.248,0.902,0.971,0.124,0.432,0.576
0.617,0.599,1.248,0.901,0.97,0.124,0.432,0.575
0.616,0.598,1.247,0.899,0.969,0.124,0.432,0.575
0.615,0.597,1.246,0.898,0.968,0.123,0.431,0.574
0.615,0.597,1.245,0.897,0.966,0.123,0.431,0.573
0.614,0.596,1.244,0.896,0.965,0.123,0.431,0.573
0.613,0.595,1.243,0.895,0.964,0.123,0.431,0.572
0.612,0.595,1.242,0.894,0.963,0.123,0.431,0.572
0.611,0.594,1.242,0.893,0.962,0.122,0.431,0.571
0.611,0.594,1.241,0.892,0.961,0.122,0.431,0.57
0.61,0.593,1.24,0.891,0.96,0.122,0.43,0.57
0.609,0.592,1.239,0.89,0.959,0.122,0.43,0.569
0.608,0.592,1.238,0.889,0.958,0.122,0.43,0.568
0.607,0.591,1.237,0.888,0.957,0.122,0.43,0.568
0.606,0.591,1.236,0.887,0.956,0.121,0.43,0.567
0.606,0.59,1.235,0.886,0.955,0.121,0.429,0.566
0.605,0.589,1.235,0.885,0.954,0.121,0.429,0.566
0.604,0.589,1.234,0.884,0.953,0.121,0.429,0.565
0.603,0.588,1.233,0.883,0.953,0.121,0.429,0.564
0.603,0.588,1.232,0.882,0.951,0.121,0.429,0.563
0.602,0.587,1.231,0.881,0.951,0.12,0.429,0.563
0.601,0.587,1.231,0.88,0.949,0.12,0.428,0.562
0.6,0.586,1.23,0.879,0.949,0.12,0.428,0.561
0.599,0.585,1.229,0.878,0.947,0.12,0.428,0.561
0.599,0.585,1.228,0.877,0.946,0.119,0.428,0.56
0.598,0.584,1.228,0.876,0.945,0.119,0.428,0.559
0.597,0.584,1.227,0.875,0.945,0.119,0.428,0.559
0.596,0.583,1.226,0.874,0.943,0.119,0.427,0.558
0.596,0.583,1.226,0.873,0.942,0.119,0.427,0.558
0.595,0.582,1.225,0.872,0.941,0.119,0.427,0.557
0.594,0.582,1.224,0.871,0.94,0.119,0.427,0.557
0.593,0.581,1.223,0.87,0.939,0.118,0.427,0.556
0.593,0.581,1.222,0.869,0.939,0.118,0.427,0.556
0.592,0.581,1.222,0.868,0.937,0.118,0.426,0.555
0.591,0.58,1.221,0.867,0.937,0.118,0.426,0.555
0.59,0.58,1.22,0.865,0.936,0.118,0.426,0.554
0.59,0.58,1.219,0.865,0.935,0.118,0.426,0.554
0.589,0.579,1.219,0.864,0.934,0.117,0.426,0.553
0.588,0.578,1.217,0.862,0.933,0.117,0.426,0.553
0.587,0.578,1.217,0.861,0.932,0.117,0.425,0.552
0.587,0.577,1.216,0.86,0.931,0.117,0.425,0.552
0.586,0.577,1.215,0.859,0.93,0.117,0.425,0.551
0.585,0.576,1.214,0.858,0.929,0.117,0.425,0.55
0.585,0.576,1.214,0.857,0.928,0.117,0.425,0.55
0.584,0.575,1.213,0.856,0.927,0.116,0.425,0.549
0.583,0.575,1.212,0.855,0.926,0.116,0.424,0.549
0.582,0.574,1.211,0.854,0.925,0.116,0.424,0.548
0.582,0.574,1.21,0.853,0.924,0.116,0.424,0.548
0.581,0.573,1.209,0.853,0.923,0.116,0.424,0.547
0.58,0.572,1.209,0.852,0.923,0.116,0.424,0.547
0.58,0.572,1.208,0.851,0.922,0.116,0.424,0.546
0.579,0.571,1.207,0.85,0.921,0.116,0.424,0.546
0.578,0.57,1.206,0.849,0.92,0.115,0.423,0.545
0.577,0.57,1.205,0.848,0.919,0.115,0.423,0.545
0.577,0.569,1.205,0.847,0.919,0.115,0.423,0.544
0.576,0.569,1.204,0.847,0.918,0.115,0.423,0.544
0.575,0.568,1.203,0.846,0.917,0.115,0.423,0.543
0.575,0.568,1.202,0.845,0.916,0.115,0.423,0.542
0.574,0.567,1.202,0.844,0.915,0.114,0.422,0.542
0.573,0.567,1.201,0.843,0.914,0.114,0.422,0.541
0.573,0.566,1.2,0.842,0.913,0.114,0.422,0.54
0.572,0.566,1.199,0.842,0.912,0.114,0.422,0.54
0.571,0.566,1.198,0.841,0.911,0.114,0.422,0.539
0.571,0.565,1.198,0.84,0.911,0.114,0.422,0.539
0.57,0.565,1.197,0.839,0.909,0.114,0.421,0.538
0.569,0.564,1.196,0.838,0.909,0.113,0.421,0.538
0.569,0.564,1.195,0.838,0.908,0.113,0.421,0.537
0.568,0.564,1.195,0.837,0.907,0.113,0.421,0.537
0.567,0.563,1.194,0.836,0.906,0.113,0.421,0.536
0.567,0.563,1.193,0.835,0.905,0.113,0.421,0.535
0.566,0.562,1.193,0.834,0.904,0.113,0.42,0.535
0.566,0.562,1.192,0.834,0.903,0.113,0.42,0.534
0.565,0.561,1.191,0.833,0.902,0.113,0.42,0.534
0.564,0.561,1.19,0.832,0.901,0.113,0.42,0.533
0.564,0.56,1.19,0.831,0.9,0.112,0.42,0.533
0.563,0.56,1.189,0.83,0.899,0.112,0.42,0.532
0.562,0.56,1.188,0.829,0.899,0.112,0.42,0.532
0.562,0.559,1.187,0.828,0.898,0.112,0.42,0.532
0.561,0.558,1.187,0.827,0.897,0.112,0.419,0.531
0.56,0.558,1.186,0.826,0.896,0.112,0.419,0.531
0.559,0.558,1.185,0.826,0.895,0.112,0.419,0.53
0.559,0.557,1.185,0.825,0.894,0.112,0.419,0.53
0.558,0.557,1.184,0.824,0.893,0.111,0.419,0.529
0.558,0.557,1.183,0.823,0.892,0.111,0.418,0.529
0.557,0.556,1.182,0.822,0.892,0.111,0.419,0.528
0.557,0.556,1.182,0.821,0.891,0.111,0.418,0.528
0.556,0.555,1.181,0.821,0.89,0.111,0.418,0.527
0.555,0.555,1.18,0.82,0.889,0.111,0.418,0.527
0.555,0.555,1.18,0.819,0.888,0.111,0.418,0.526
0.554,0.555,1.179,0.818,0.887,0.111,0.418,0.526
0.553,0.554,1.178,0.817,0.887,0.11,0.417,0.525
0.553,0.554,1.177,0.817,0.886,0.11,0.417,0.525
0.552,0.554,1.177,0.816,0.885,0.11,0.417,0.524
0.552,0.553,1.176,0.815,0.884,0.11,0.417,0.524
0.551,0.552,1.175,0.814,0.884,0.11,0.417,0.524
0.55,0.552,1.175,0.814,0.883,0.11,0.417,0.523
0.55,0.552,1.174,0.813,0.882,0.11,0.417,0.523
0.549,0.551,1.174,0.813,0.882,0.11,0.416,0.522
0.549,0.551,1.173,0.812,0.881,0.109,0.416,0.522
0.548,0.55,1.172,0.811,0.88,0.109,0.416,0.521
0.548,0.55,1.172,0.81,0.879,0.109,0.416,0.521
0.547,0.549,1.171,0.81,0.878,0.109,0.416,0.52
0.546,0.549,1.17,0.809,0.878,0.109,0.416,0.52
0.546,0.548,1.17,0.808,0.877,0.109,0.416,0.519
0.545,0.548,1.169,0.807,0.876,0.109,0.416,0.519
0.545,0.548,1.168,0.807,0.875,0.109,0.415,0.518
0.544,0.547,1.168,0.806,0.874,0.109,0.415,0.518
0.543,0.547,1.167,0.805,0.874,0.109,0.415,0.517
0.543,0.546,1.166,0.805,0.873,0.108,0.415,0.517
0.542,0.546,1.165,0.804,0.872,0.108,0.415,0.516
0.542,0.546,1.164,0.803,0.871,0.108,0.415,0.516
0.541,0.546,1.164,0.802,0.87,0.108,0.415,0.515
0.54,0.545,1.163,0.802,0.87,0.108,0.414,0.515
0.54,0.545,1.162,0.801,0.869,0.108,0.414,0.515
0.539,0.544,1.161,0.8,0.868,0.108,0.414,0.514
0.539,0.544,1.161,0.799,0.867,0.108,0.414,0.514
0.538,0.543,1.16,0.799,0.866,0.108,0.414,0.513
0.538,0.543,1.159,0.798,0.866,0.108,0.414,0.513
0.537,0.543,1.159,0.797,0.865,0.108,0.413,0.512
0.537,0.542,1.158,0.796,0.865,0.107,0.413,0.512
0.536,0.542,1.158,0.796,0.864,0.107,0.413,0.511
0.536,0.541,1.157,0.795,0.863,0.107,0.413,0.511
0.535,0.541,1.156,0.795,0.862,0.107,0.413,0.51
0.534,0.54,1.155,0.794,0.861,0.107,0.413,0.51
0.534,0.54,1.155,0.793,0.861,0.107,0.413,0.51
0.533,0.539,1.154,0.793,0.86,0.107,0.412,0.509
0.532,0.539,1.153,0.792,0.859,0.107,0.412,0.509
0.532,0.539,1.152,0.791,0.859,0.107,0.412,0.508
0.532,0.538,1.152,0.791,0.858,0.106,0.412,0.508
0.531,0.538,1.151,0.79,0.857,0.106,0.412,0.507
0.531,0.538,1.151,0.79,0.856,0.106,0.412,0.507
0.53,0.537,1.15,0.789,0.856,0.106,0.412,0.506
0.529,0.537,1.149,0.788,0.855,0.106,0.412,0.506
0.529,0.537,1.149,0.788,0.854,0.106,0.411,0.505
0.528,0.536,1.148,0.787,0.854,0.106,0.411,0.505
0.528,0.536,1.147,0.786,0.853,0.106,0.411,0.505
0.527,0.536,1.147,0.786,0.852,0.106,0.411,0.504
0.527,0.535,1.146,0.785,0.851,0.106,0.411,0.504
0.526,0.535,1.145,0.784,0.85,0.106,0.411,0.503
0.526,0.534,1.145,0.784,0.85,0.105,0.41,0.503
0.525,0.534,1.144,0.783,0.849,0.105,0.41,0.503
0.525,0.533,1.143,0.782,0.848,0.105,0.41,0.502
0.524,0.533,1.143,0.781,0.847,0.105,0.41,0.502
0.524,0.533,1.142,0.781,0.847,0.105,0.41,0.501
0.523,0.533,1.141,0.78,0.846,0.105,0.41,0.501
0.523,0.532,1.141,0.779,0.845,0.105,0.41,0.501
0.522,0.532,1.14,0.779,0.844,0.105,0.409,0.5
0.521,0.531,1.139,0.778,0.844,0.105,0.41,0.5
0.521,0.531,1.139,0.777,0.843,0.105,0.409,0.499
0.521,0.53,1.138,0.777,0.842,0.105,0.409,0.499
0.52,0.53,1.137,0.776,0.841,0.104,0.409,0.498
0.519,0.53,1.137,0.776,0.841,0.104,0.409,0.498
0.519,0.53,1.136,0.775,0.84,0.104,0.409,0.498
0.518,0.529,1.135,0.774,0.84,0.104,0.409,0.497
0.518,0.529,1.135,0.773,0.839,0.104,0.408,0.497
0.518,0.528,1.134,0.773,0.838,0.104,0.408,0.496
0.517,0.528,1.133,0.772,0.837,0.104,0.408,0.496
0.516,0.528,1.133,0.772,0.836,0.104,0.408,0.496
0.516,0.527,1.132,0.771,0.836,0.104,0.408,0.495
0.515,0.527,1.131,0.77,0.835,0.104,0.408,0.495
0.515,0.527,1.131,0.769,0.834,0.104,0.408,0.495
0.514,0.526,1.13,0.769,0.834,0.104,0.407,0.494
0.514,0.526,1.13,0.768,0.833,0.103,0.407,0.494
0.514,0.526,1.129,0.767,0.832,0.103,0.407,0.493
0.513,0.525,1.128,0.767,0.832,0.103,0.407,0.493
0.512,0.525,1.128,0.766,0.831,0.103,0.407,0.492
0.512,0.525,1.127,0.765,0.83,0.103,0.407,0.492
0.511,0.524,1.126,0.765,0.83,0.103,0.407,0.492
0.511,0.524,1.125,0.764,0.829,0.103,0.406,0.491
0.51,0.524,1.125,0.763,0.828,0.103,0.406,0.491
0.51,0.523,1.124,0.763,0.828,0.103,0.406,0.491
0.51,0.523,1.124,0.762,0.827,0.103,0.406,0.49
0.509,0.523,1.123,0.761,0.826,0.103,0.406,0.49
0.509,0.522,1.122,0.761,0.825,0.102,0.406,0.489
0.508,0.522,1.122,0.76,0.825,0.102,0.406,0.489
0.508,0.522,1.121,0.759,0.824,0.102,0.405,0.488
0.507,0.521,1.121,0.759,0.823,0.102,0.405,0.488
0.507,0.521,1.12,0.758,0.823,0.102,0.405,0.488
0.506,0.521,1.119,0.758,0.822,0.102,0.405,0.487
0.506,0.521,1.118,0.757,0.821,0.102,0.405,0.487
0.505,0.52,1.118,0.756,0.821,0.102,0.405,0.486
0.505,0.52,1.118,0.756,0.82,0.102,0.405,0.486
0.504,0.52,1.117,0.755,0.819,0.102,0.404,0.485
0.504,0.52,1.116,0.754,0.819,0.102,0.404,0.485
0.503,0.519,1.116,0.754,0.818,0.101,0.404,0.485
0.503,0.519,1.115,0.753,0.817,0.102,0.404,0.484
0.502,0.519,1.114,0.753,0.817,0.101,0.404,0.484
0.502,0.519,1.114,0.752,0.816,0.101,0.404,0.484
0.502,0.519,1.113,0.752,0.815,0.101,0.404,0.483
0.501,0.518,1.113,0.751,0.815,0.101,0.403,0.483
0.501,0.518,1.112,0.751,0.814,0.101,0.403,0.482
0.5,0.518,1.111,0.75,0.813,0.101,0.403,0.482
0.5,0.518,1.111,0.749,0.813,0.101,0.403,0.482
0.499,0.517,1.11,0.749,0.812,0.101,0.403,0.481
0.499,0.517,1.11,0.749,0.812,0.101,0.403,0.481
0.498,0.517,1.109,0.748,0.811,0.101,0.403,0.481
0.498,0.516,1.108,0.748,0.81,0.101,0.403,0.48
0.498,0.516,1.108,0.747,0.81,0.101,0.402,0.48
0.497,0.516,1.107,0.746,0.809,0.101,0.402,0.479
0.497,0.515,1.107,0.746,0.808,0.101,0.402,0.479
0.496,0.515,1.106,0.745,0.808,0.1,0.402,0.479
0.496,0.515,1.105,0.745,0.807,0.1,0.402,0.478
0.495,0.514,1.105,0.744,0.807,0.1,0.402,0.478
0.495,0.514,1.104,0.744,0.806,0.1,0.402,0.478
0.494,0.514,1.104,0.743,0.805,0.1,0.401,0.477
0.494,0.514,1.103,0.742,0.805,0.1,0.401,0.477
0.493,0.513,1.102,0.742,0.804,0.1,0.401,0.476
0.493,0.513,1.102,0.741,0.803,0.1,0.401,0.476
0.493,0.512,1.101,0.74,0.803,0.1,0.401,0.476
0.492,0.512,1.1,0.74,0.802,0.1,0.401,0.475
0.492,0.512,1.1,0.739,0.801,0.1,0.401,0.475
0.491,0.512,1.099,0.739,0.801,0.1,0.4,0.475
0.491,0.511,1.099,0.738,0.8,0.099,0.4,0.474
0.49,0.511,1.098,0.738,0.8,0.1,0.4,0.474
0.49,0.511,1.097,0.737,0.799,0.099,0.4,0.474
0.49,0.511,1.097,0.736,0.799,0.099,0.4,0.474
0.489,0.51,1.097,0.736,0.798,0.099,0.4,0.473
0.489,0.51,1.096,0.735,0.797,0.099,0.4,0.473
0.488,0.51,1.095,0.734,0.797,0.099,0.4,0.473
0.488,0.509,1.095,0.734,0.796,0.099,0.4,0.472
0.487,0.509,1.094,0.733,0.796,0.099,0.399,0.472
0.487,0.509,1.093,0.733,0.795,0.099,0.399,0.472
0.487,0.508,1.093,0.732,0.794,0.099,0.399,0.471
0.486,0.508,1.092,0.731,0.794,0.099,0.399,0.471
0.486,0.508,1.092,0.731,0.793,0.099,0.399,0.471
0.485,0.507,1.091,0.73,0.792,0.099,0.399,0.47
0.485,0.507,1.09,0.729,0.792,0.099,0.399,0.47
0.484,0.507,1.09,0.729,0.791,0.099,0.398,0.47
0.484,0.506,1.089,0.728,0.791,0.099,0.398,0.469
0.484,0.506,1.089,0.728,0.79,0.098,0.398,0.469
0.483,0.506,1.088,0.727,0.79,0.098,0.398,0.469
0.483,0.506,1.087,0.727,0.789,0.098,0.398,0.468
0.482,0.505,1.087,0.726,0.789,0.098,0.398,0.468
0.482,0.505,1.086,0.726,0.788,0.098,0.398,0.468
0.482,0.505,1.085,0.725,0.787,0.098,0.398,0.467
0.481,0.505,1.085,0.725,0.787,0.098,0.397,0.467
0.481,0.505,1.084,0.724,0.786,0.098,0.397,0.467
0.48,0.504,1.084,0.724,0.786,0.098,0.397,0.466
0.48,0.504,1.083,0.723,0.786,0.098,0.397,0.466
0.479,0.504,1.082,0.722,0.785,0.098,0.397,0.466
0.479,0.504,1.082,0.722,0.785,0.098,0.397,0.465
0.479,0.503,1.081,0.721,0.784,0.098,0.397,0.465
0.479,0.503,1.081,0.721,0.783,0.098,0.396,0.465
0.478,0.503,1.08,0.72,0.783,0.098,0.396,0.464
0.478,0.503,1.079,0.72,0.782,0.098,0.396,0.464
0.477,0.502,1.079,0.719,0.782,0.098,0.396,0.464
0.477,0.502,1.079,0.719,0.781,0.097,0.396,0.463
0.476,0.502,1.078,0.718,0.781,0.097,0.396,0.463
0.476,0.502,1.078,0.718,0.78,0.097,0.396,0.462
0.476,0.502,1.077,0.717,0.78,0.097,0.396,0.462
0.475,0.501,1.076,0.717,0.779,0.097,0.395,0.462
0.475,0.501,1.076,0.717,0.779,0.097,0.395,0.461
0.474,0.501,1.075,0.716,0.778,0.097,0.395,0.461
0.474,0.501,1.075,0.716,0.778,0.097,0.395,0.461
0.474,0.5,1.074,0.715,0.777,0.097,0.395,0.46
0.473,0.5,1.074,0.715,0.777,0.097,0.395,0.46
0.473,0.5,1.073,0.714,0.776,0.097,0.395,0.46
0.472,0.5,1.072,0.714,0.775,0.097,0.394,0.46
0.472,0.499,1.072,0.713,0.775,0.097,0.394,0.459
0.472,0.499,1.071,0.713,0.775,0.097,0.394,0.459
0.471,0.499,1.071,0.712,0.774,0.097,0.394,0.458
0.471,0.499,1.07,0.712,0.773,0.096,0.394,0.458
0.47,0.498,1.07,0.712,0.773,0.097,0.394,0.458
0.47,0.498,1.069,0.711,0.772,0.097,0.394,0.457
0.47,0.498,1.069,0.711,0.772,0.097,0.393,0.457
0.469,0.498,1.068,0.71,0.772,0.097,0.393,0.457
0.469,0.497,1.068,0.71,0.771,0.096,0.393,0.457
0.469,0.497,1.067,0.709,0.77,0.096,0.393,0.456
0.468,0.497,1.067,0.709,0.77,0.096,0.393,0.456
0.468,0.497,1.066,0.708,0.769,0.096,0.393,0.456
0.467,0.496,1.066,0.708,0.769,0.096,0.393,0.456
0.467,0.496,1.065,0.708,0.769,0.096,0.393,0.455
0.467,0.496,1.065,0.707,0.768,0.096,0.393,0.455
0.466,0.496,1.064,0.707,0.768,0.096,0.393,0.455
0.466,0.495,1.064,0.706,0.767,0.096,0.392,0.455
0.466,0.495,1.063,0.706,0.766,0.096,0.392,0.454
0.465,0.495,1.063,0.705,0.766,0.096,0.392,0.454
0.465,0.495,1.062,0.705,0.765,0.096,0.392,0.454
0.465,0.495,1.062,0.704,0.765,0.096,0.392,0.453
0.464,0.495,1.061,0.704,0.764,0.096,0.392,0.453
0.464,0.494,1.061,0.704,0.764,0.096,0.392,0.453
0.464,0.494,1.06,0.703,0.763,0.096,0.392,0.452
0.463,0.494,1.06,0.703,0.763,0.096,0.391,0.452
0.463,0.494,1.059,0.702,0.762,0.096,0.391,0.452
0.462,0.493,1.058,0.702,0.762,0.095,0.391,0.452
0.462,0.493,1.058,0.701,0.761,0.095,0.391,0.451
0.462,0.493,1.058,0.701,0.76,0.096,0.391,0.451
0.461,0.492,1.057,0.7,0.76,0.095,0.391,0.451
0.461,0.492,1.056,0.7,0.759,0.095,0.391,0.45
0.461,0.492,1.056,0.699,0.759,0.095,0.39,0.45
0.46,0.492,1.055,0.699,0.758,0.095,0.39,0.45
0.46,0.491,1.055,0.698,0.758,0.095,0.39,0.45
0.46,0.491,1.054,0.698,0.757,0.095,0.39,0.449
0.459,0.491,1.054,0.697,0.757,0.095,0.39,0.449
0.459,0.49,1.053,0.696,0.756,0.095,0.39,0.449
0.459,0.49,1.053,0.696,0.756,0.095,0.39,0.449
0.458,0.49,1.052,0.695,0.755,0.095,0.39,0.448
0.458,0.49,1.051,0.695,0.755,0.095,0.389,0.448
0.457,0.49,1.051,0.694,0.754,0.095,0.389,0.448
0.457,0.49,1.05,0.694,0.754,0.095,0.389,0.447
0.457,0.489,1.05,0.693,0.753,0.095,0.389,0.447
0.456,0.489,1.049,0.693,0.753,0.095,0.389,0.447
0.456,0.489,1.049,0.692,0.752,0.095,0.389,0.446
0.456,0.489,1.048,0.692,0.752,0.095,0.389,0.446
0.455,0.488,1.048,0.692,0.751,0.094,0.389,0.446
0.455,0.488,1.047,0.691,0.751,0.094,0.389,0.446
0.455,0.488,1.047,0.69,0.75,0.094,0.388,0.445
0.454,0.488,1.046,0.69,0.75,0.095,0.388,0.445
0.454,0.487,1.046,0.689,0.75,0.094,0.388,0.445
0.454,0.487,1.046,0.689,0.749,0.094,0.388,0.445
0.453,0.487,1.045,0.689,0.749,0.094,0.388,0.445
0.453,0.487,1.044,0.688,0.748,0.094,0.388,0.444
0.453,0.487,1.044,0.688,0.748,0.094,0.388,0.444
0.453,0.487,1.044,0.687,0.747,0.094,0.388,0.443
0.452,0.486,1.043,0.687,0.747,0.094,0.387,0.443
0.452,0.486,1.043,0.686,0.747,0.094,0.387,0.443
0.452,0.486,1.042,0.686,0.746,0.094,0.387,0.443
0.451,0.486,1.041,0.685,0.746,0.094,0.387,0.442
0.451,0.486,1.041,0.685,0.745,0.094,0.387,0.442
0.45,0.485,1.04,0.685,0.745,0.094,0.387,0.442
0.45,0.485,1.04,0.684,0.744,0.094,0.387,0.442
0.45,0.485,1.04,0.684,0.744,0.094,0.387,0.441
0.45,0.485,1.039,0.683,0.743,0.094,0.386,0.441
0.449,0.484,1.038,0.683,0.743,0.094,0.386,0.441
0.449,0.484,1.038,0.683,0.743,0.094,0.386,0.44
0.448,0.484,1.038,0.682,0.742,0.094,0.386,0.44
0.448,0.484,1.037,0.682,0.742,0.093,0.386,0.44
0.448,0.483,1.037,0.682,0.741,0.093,0.386,0.439
0.448,0.483,1.036,0.682,0.741,0.093,0.386,0.439
0.447,0.483,1.036,0.681,0.74,0.093,0.386,0.439
0.447,0.483,1.035,0.681,0.74,0.093,0.385,0.439
0.447,0.483,1.035,0.68,0.739,0.093,0.385,0.438
0.446,0.482,1.034,0.68,0.739,0.093,0.385,0.438
0.446,0.482,1.034,0.68,0.739,0.093,0.385,0.438
0.446,0.482,1.033,0.68,0.738,0.093,0.385,0.437
0.445,0.482,1.033,0.679,0.738,0.093,0.385,0.437
0.445,0.481,1.032,0.679,0.737,0.093,0.385,0.437
0.445,0.481,1.032,0.679,0.737,0.093,0.385,0.437
0.444,0.481,1.031,0.678,0.736,0.093,0.385,0.436
0.444,0.481,1.031,0.678,0.736,0.093,0.385,0.436
0.444,0.481,1.03,0.678,0.735,0.093,0.384,0.436
0.443,0.48,1.03,0.677,0.735,0.093,0.384,0.436
0.443,0.48,1.029,0.677,0.734,0.093,0.384,0.435
0.443,0.48,1.029,0.677,0.734,0.093,0.384,0.435
0.442,0.48,1.028,0.676,0.733,0.093,0.384,0.435
0.442,0.479,1.028,0.676,0.733,0.093,0.384,0.435
0.442,0.479,1.027,0.676,0.732,0.093,0.384,0.434
0.442,0.479,1.027,0.675,0.732,0.093,0.383,0.434
0.441,0.479,1.026,0.675,0.731,0.093,0.383,0.434
0.441,0.479,1.026,0.674,0.731,0.093,0.383,0.433
0.441,0.478,1.025,0.674,0.73,0.092,0.383,0.433
0.44,0.478,1.025,0.674,0.73,0.093,0.383,0.433
0.44,0.478,1.024,0.673,0.729,0.092,0.383,0.433
0.44,0.477,1.024,0.673,0.729,0.093,0.383,0.432
0.44,0.477,1.023,0.673,0.728,0.093,0.383,0.432
0.439,0.477,1.023,0.672,0.728,0.092,0.383,0.432
0.439,0.476,1.023,0.672,0.728,0.092,0.382,0.432
0.439,0.476,1.022,0.671,0.727,0.092,0.382,0.431
0.438,0.476,1.021,0.671,0.727,0.092,0.382,0.431
0.438,0.476,1.021,0.671,0.726,0.092,0.382,0.431
0.438,0.476,1.021,0.67,0.726,0.092,0.382,0.43
0.438,0.475,1.02,0.67,0.726,0.092,0.382,0.43
0.437,0.475,1.02,0.67,0.725,0.092,0.382,0.43
0.437,0.475,1.019,0.669,0.724,0.092,0.382,0.43
0.436,0.475,1.019,0.669,0.724,0.092,0.381,0.429
0.436,0.475,1.018,0.669,0.724,0.092,0.381,0.429
0.436,0.474,1.018,0.668,0.723,0.092,0.381,0.429
0.436,0.474,1.017,0.668,0.723,0.092,0.381,0.429
0.435,0.474,1.017,0.667,0.722,0.092,0.381,0.428
0.435,0.474,1.016,0.667,0.722,0.092,0.381,0.428
0.435,0.474,1.016,0.667,0.721,0.092,0.381,0.428
0.434,0.473,1.015,0.666,0.721,0.092,0.381,0.427
0.434,0.473,1.015,0.666,0.72,0.092,0.38,0.427
0.434,0.473,1.014,0.665,0.72,0.092,0.38,0.427
0.434,0.473,1.014,0.665,0.719,0.092,0.38,0.427
0.433,0.472,1.013,0.664,0.719,0.092,0.38,0.427
0.433,0.472,1.013,0.664,0.718,0.092,0.38,0.426
0.433,0.472,1.012,0.663,0.718,0.091,0.38,0.426
0.432,0.472,1.012,0.663,0.717,0.091,0.38,0.426
0.432,0.472,1.011,0.662,0.717,0.091,0.38,0.426
0.432,0.472,1.011,0.662,0.717,0.091,0.38,0.425
0.432,0.472,1.01,0.662,0.716,0.091,0.379,0.425
0.431,0.472,1.01,0.661,0.716,0.091,0.379,0.425
0.431,0.472,1.01,0.661,0.715,0.091,0.379,0.425
0.431,0.472,1.009,0.66,0.715,0.091,0.379,0.424
0.43,0.471,1.008,0.66,0.714,0.091,0.379,0.424
0.43,0.471,1.008,0.659,0.714,0.091,0.379,0.424
0.43,0.471,1.008,0.659,0.713,0.091,0.379,0.424
0.43,0.471,1.007,0.658,0.713,0.091,0.379,0.424
0.429,0.47,1.006,0.658,0.713,0.091,0.379,0.424
0.429,0.47,1.006,0.657,0.712,0.091,0.378,0.423
0.429,0.47,1.006,0.657,0.712,0.091,0.378,0.423
0.429,0.47,1.005,0.657,0.711,0.091,0.378,0.423
0.428,0.47,1.005,0.656,0.711,0.091,0.378,0.422
0.428,0.469,1.004,0.656,0.71,0.091,0.378,0.422
0.428,0.469,1.004,0.655,0.71,0.091,0.378,0.422
0.428,0.469,1.003,0.655,0.71,0.091,0.378,0.422
0.427,0.469,1.003,0.654,0.709,0.091,0.378,0.422
0.427,0.469,1.002,0.654,0.709,0.091,0.378,0.422
0.427,0.469,1.002,0.654,0.709,0.091,0.378,0.421
0.426,0.469,1.001,0.653,0.708,0.091,0.377,0.421
0.426,0.469,1.001,0.653,0.708,0.091,0.377,0.421
0.426,0.468,1.0,0.652,0.708,0.091,0.377,0.421
0.426,0.468,1.0,0.652,0.707,0.091,0.377,0.42
0.425,0.468,0.999,0.652,0.707,0.091,0.377,0.42
0.425,0.468,0.999,0.651,0.706,0.09,0.377,0.42
0.425,0.467,0.998,0.651,0.706,0.091,0.377,0.42
0.425,0.467,0.998,0.651,0.706,0.091,0.377,0.42
0.424,0.467,0.997,0.65,0.705,0.091,0.376,0.42
0.424,0.467,0.997,0.65,0.705,0.09,0.376,0.419
0.424,0.467,0.997,0.65,0.705,0.09,0.376,0.419
0.423,0.467,0.996,0.649,0.704,0.09,0.376,0.419
0.423,0.467,0.996,0.649,0.704,0.09,0.376,0.419
0.423,0.467,0.995,0.648,0.704,0.09,0.376,0.418
0.423,0.467,0.995,0.648,0.704,0.09,0.376,0.418
0.422,0.467,0.994,0.648,0.703,0.09,0.376,0.418
0.422,0.466,0.994,0.647,0.703,0.09,0.376,0.418
0.422,0.466,0.993,0.647,0.703,0.09,0.376,0.417
0.422,0.466,0.993,0.647,0.702,0.09,0.376,0.417
0.421,0.466,0.993,0.647,0.702,0.09,0.375,0.417
0.421,0.466,0.992,0.646,0.702,0.09,0.375,0.417
0.421,0.465,0.992,0.646,0.702,0.09,0.375,0.416
0.421,0.465,0.991,0.646,0.701,0.09,0.375,0.416
0.42,0.465,0.99,0.646,0.701,0.09,0.375,0.416
0.42,0.465,0.99,0.646,0.701,0.09,0.375,0.416
0.42,0.465,0.99,0.645,0.7,0.09,0.375,0.416
0.42,0.465,0.989,0.645,0.7,0.09,0.374,0.415
0.419,0.464,0.989,0.645,0.7,0.09,0.374,0.415
0.419,0.464,0.989,0.645,0.699,0.09,0.374,0.415
0.419,0.464,0.988,0.644,0.699,0.09,0.374,0.415
0.418,0.464,0.988,0.644,0.699,0.09,0.374,0.414
0.418,0.464,0.987,0.644,0.698,0.09,0.374,0.414
0.418,0.463,0.987,0.643,0.698,0.09,0.374,0.414
0.418,0.463,0.986,0.643,0.697,0.09,0.374,0.414
0.418,0.463,0.986,0.643,0.697,0.09,0.374,0.414
0.417,0.463,0.985,0.643,0.697,0.09,0.373,0.413
0.417,0.463,0.985,0.642,0.696,0.09,0.373,0.413
0.417,0.463,0.985,0.642,0.696,0.09,0.373,0.413
0.417,0.462,0.984,0.642,0.695,0.09,0.373,0.413
0.416,0.462,0.984,0.641,0.695,0.09,0.373,0.412
0.416,0.462,0.983,0.641,0.695,0.089,0.373,0.412
0.416,0.462,0.983,0.641,0.694,0.09,0.373,0.412
0.415,0.462,0.983,0.64,0.694,0.089,0.373,0.412
0.415,0.461,0.982,0.64,0.693,0.089,0.373,0.411
0.415,0.461,0.982,0.64,0.693,0.089,0.373,0.411
0.415,0.461,0.981,0.639,0.692,0.089,0.372,0.411
0.415,0.461,0.981,0.639,0.692,0.089,0.372,0.411
0.414,0.461,0.981,0.639,0.692,0.089,0.372,0.41
0.414,0.461,0.98,0.638,0.692,0.089,0.372,0.41
0.414,0.461,0.98,0.638,0.691,0.089,0.372,0.41
0.414,0.461,0.979,0.637,0.691,0.089,0.372,0.41
0.413,0.46,0.979,0.637,0.69,0.089,0.372,0.41
0.413,0.46,0.978,0.636,0.69,0.089,0.372,0.409
0.413,0.46,0.978,0.636,0.689,0.089,0.372,0.409
0.413,0.46,0.978,0.636,0.689,0.089,0.371,0.409
0.412,0.46,0.977,0.636,0.688,0.089,0.371,0.409
0.412,0.46,0.977,0.635,0.688,0.089,0.371,0.409
0.412,0.459,0.976,0.635,0.688,0.089,0.371,0.409
0.412,0.459,0.976,0.634,0.687,0.089,0.371,0.408
0.411,0.459,0.975,0.634,0.687,0.089,0.371,0.408
0.411,0.459,0.975,0.633,0.686,0.089,0.371,0.408
0.411,0.459,0.975,0.633,0.686,0.089,0.371,0.408
0.411,0.458,0.974,0.633,0.686,0.089,0.371,0.408
0.41,0.458,0.973,0.632,0.685,0.089,0.371,0.408
0.41,0.458,0.973,0.632,0.685,0.089,0.371,0.408
0.41,0.458,0.973,0.631,0.685,0.089,0.37,0.408
0.41,0.458,0.972,0.631,0.684,0.089,0.37,0.407
0.409,0.457,0.972,0.631,0.684,0.089,0.37,0.407
0.409,0.457,0.971,0.631,0.684,0.089,0.37,0.407
0.409,0.457,0.971,0.63,0.684,0.089,0.37,0.407
0.409,0.457,0.971,0.63,0.683,0.089,0.37,0.407
0.408,0.456,0.97,0.63,0.683,0.089,0.37,0.406
0.408,0.456,0.97,0.63,0.683,0.089,0.37,0.406
0.408,0.456,0.969,0.629,0.683,0.089,0.37,0.406
0.408,0.456,0.969,0.629,0.683,0.089,0.369,0.406
0.408,0.455,0.968,0.629,0.682,0.088,0.369,0.405
0.407,0.455,0.968,0.629,0.682,0.088,0.369,0.405
0.407,0.455,0.968,0.629,0.682,0.089,0.369,0.405
0.407,0.455,0.967,0.628,0.681,0.088,0.369,0.405
0.407,0.455,0.967,0.628,0.681,0.089,0.369,0.404
0.406,0.455,0.967,0.628,0.681,0.089,0.369,0.404
0.406,0.454,0.966,0.628,0.68,0.088,0.369,0.404
0.406,0.454,0.966,0.628,0.68,0.088,0.369,0.404
0.406,0.454,0.966,0.627,0.68,0.088,0.369,0.404
0.406,0.454,0.965,0.627,0.679,0.088,0.367,0.402
0.406,0.455,0.966,0.628,0.68,0.089,0.369,0.404
0.405,0.454,0.965,0.627,0.68,0.088,0.369,0.404
0.405,0.454,0.964,0.626,0.679,0.088,0.368,0.403
0.403,0.452,0.961,0.624,0.677,0.088,0.368,0.402
0.402,0.451,0.958,0.622,0.674,0.088,0.366,0.4
0.404,0.453,0.961,0.624,0.675,0.088,0.366,0.4
0.405,0.454,0.964,0.626,0.678,0.088,0.368,0.403
0.404,0.453,0.963,0.625,0.678,0.088,0.368,0.402
0.404,0.453,0.962,0.625,0.676,0.088,0.368,0.402
0.402,0.451,0.958,0.623,0.674,0.088,0.367,0.401
0.401,0.45,0.955,0.62,0.672,0.088,0.366,0.399
0.402,0.452,0.958,0.622,0.673,0.088,0.366,0.4
0.403,0.453,0.961,0.624,0.676,0.088,0.368,0.401
0.403,0.453,0.961,0.623,0.675,0.088,0.368,0.401
0.402,0.452,0.959,0.622,0.674,0.088,0.367,0.401
0.4,0.451,0.956,0.62,0.672,0.088,0.366,0.4
0.4,0.449,0.953,0.618,0.67,0.087,0.365,0.398
0.401,0.451,0.956,0.62,0.671,0.088,0.365,0.398
0.402,0.452,0.959,0.622,0.674,0.088,0.367,0.4
0.401,0.452,0.958,0.622,0.673,0.088,0.367,0.4
0.401,0.451,0.957,0.621,0.672,0.088,0.367,0.4
0.399,0.449,0.953,0.619,0.67,0.088,0.366,0.399
0.398,0.448,0.951,0.617,0.668,0.087,0.364,0.397
0.4,0.45,0.954,0.618,0.669,0.087,0.364,0.397
0.401,0.451,0.957,0.621,0.672,0.088,0.366,0.399
0.4,0.451,0.956,0.62,0.671,0.088,0.366,0.399
0.4,0.45,0.955,0.62,0.671,0.088,0.366,0.399
0.398,0.448,0.951,0.617,0.669,0.088,0.365,0.398
0.397,0.447,0.948,0.615,0.666,0.087,0.363,0.396
0.398,0.449,0.951,0.617,0.668,0.087,0.364,0.396
0.399,0.45,0.955,0.619,0.67,0.088,0.366,0.398
0.399,0.45,0.953,0.619,0.67,0.088,0.366,0.398
0.398,0.449,0.952,0.618,0.669,0.088,0.365,0.397
0.397,0.448,0.949,0.616,0.667,0.087,0.364,0.396
0.395,0.447,0.946,0.614,0.664,0.087,0.363,0.394
0.397,0.448,0.949,0.616,0.666,0.087,0.364,0.395
0.398,0.45,0.952,0.618,0.669,0.088,0.365,0.397
0.397,0.449,0.951,0.617,0.668,0.088,0.365,0.397
0.397,0.449,0.95,0.617,0.667,0.087,0.365,0.396
0.395,0.447,0.947,0.615,0.665,0.087,0.364,0.395
0.394,0.445,0.944,0.613,0.663,0.087,0.362,0.393
0.396,0.447,0.947,0.614,0.664,0.087,0.363,0.394
0.397,0.448,0.95,0.617,0.667,0.087,0.364,0.395
0.396,0.448,0.949,0.616,0.666,0.087,0.364,0.395
0.396,0.447,0.948,0.615,0.665,0.087,0.364,0.395
0.394,0.445,0.944,0.613,0.663,0.087,0.363,0.394
0.393,0.444,0.941,0.612,0.661,0.087,0.361,0.392
0.395,0.446,0.944,0.613,0.662,0.087,0.362,0.392
0.395,0.447,0.947,0.615,0.665,0.087,0.364,0.394
0.395,0.446,0.946,0.615,0.664,0.087,0.364,0.394
0.394,0.446,0.945,0.614,0.663,0.087,0.363,0.394
0.392,0.444,0.942,0.612,0.661,0.087,0.362,0.393
0.392,0.443,0.939,0.609,0.658,0.087,0.361,0.391
0.393,0.445,0.942,0.611,0.66,0.087,0.362,0.391
0.394,0.446,0.945,0.613,0.663,0.087,0.363,0.393
0.394,0.446,0.944,0.613,0.662,0.087,0.363,0.393
0.393,0.445,0.943,0.612,0.661,0.087,0.363,0.393
0.391,0.443,0.939,0.61,0.659,0.087,0.362,0.392
0.39,0.442,0.937,0.607,0.656,0.086,0.36,0.39
0.392,0.444,0.94,0.609,0.658,0.087,0.361,0.39
0.393,0.444,0.941,0.61,0.659,0.087,0.362,0.392
0.392,0.444,0.941,0.61,0.659,0.087,0.362,0.391
0.392,0.444,0.94,0.61,0.658,0.087,0.362,0.391
0.391,0.444,0.939,0.609,0.658,0.087,0.362,0.391
0.391,0.444,0.939,0.609,0.658,0.087,0.362,0.391
0.391,0.444,0.939,0.608,0.657,0.087,0.361,0.391
0.391,0.444,0.938,0.608,0.657,0.087,0.361,0.39
0.391,0.444,0.938,0.608,0.657,0.087,0.361,0.39
0.39,0.444,0.937,0.608,0.656,0.087,0.361,0.39
0.39,0.444,0.937,0.607,0.656,0.087,0.361,0.39
0.39,0.444,0.937,0.607,0.656,0.087,0.361,0.39
0.39,0.443,0.936,0.606,0.655,0.087,0.361,0.39
0.39,0.443,0.936,0.606,0.655,0.087,0.361,0.39
0.389,0.443,0.936,0.606,0.655,0.086,0.361,0.389
0.389,0.443,0.935,0.605,0.654,0.087,0.361,0.389
0.389,0.443,0.935,0.605,0.654,0.087,0.36,0.389
0.389,0.442,0.935,0.604,0.654,0.086,0.36,0.389
0.389,0.442,0.934,0.604,0.653,0.086,0.36,0.389
0.388,0.442,0.934,0.604,0.653,0.086,0.36,0.389
0.388,0.442,0.933,0.604,0.653,0.086,0.36,0.389
0.388,0.442,0.933,0.604,0.652,0.086,0.36,0.388
0.388,0.442,0.933,0.603,0.652,0.086,0.36,0.388
0.388,0.442,0.932,0.603,0.652,0.086,0.36,0.388
0.387,0.442,0.932,0.603,0.652,0.086,0.36,0.388
0.387,0.442,0.932,0.602,0.651,0.086,0.36,0.388
0.387,0.442,0.931,0.602,0.651,0.086,0.36,0.388
0.387,0.442,0.931,0.602,0.651,0.086,0.36,0.388
0.387,0.441,0.931,0.601,0.651,0.086,0.359,0.387
0.387,0.441,0.93,0.601,0.65,0.086,0.359,0.387
0.386,0.441,0.93,0.601,0.65,0.086,0.359,0.387
0.386,0.441,0.93,0.6,0.65,0.086,0.359,0.387
0.386,0.441,0.929,0.6,0.65,0.086,0.359,0.387
0.386,0.441,0.929,0.6,0.649,0.086,0.359,0.387
0.386,0.44,0.929,0.6,0.649,0.086,0.359,0.386
0.385,0.44,0.928,0.6,0.649,0.086,0.359,0.386
0.385,0.44,0.928,0.599,0.648,0.086,0.359,0.386
0.385,0.44,0.928,0.599,0.648,0.086,0.358,0.386
0.385,0.44,0.927,0.599,0.648,0.086,0.358,0.386
0.385,0.44,0.927,0.598,0.648,0.086,0.358,0.385
0.384,0.44,0.927,0.598,0.647,0.086,0.358,0.385
0.384,0.44,0.926,0.598,0.647,0.086,0.358,0.385
0.384,0.44,0.926,0.598,0.647,0.086,0.358,0.385
0.384,0.44,0.925,0.597,0.646,0.086,0.358,0.385
0.384,0.44,0.925,0.597,0.646,0.086,0.358,0.384
0.383,0.44,0.925,0.597,0.646,0.086,0.358,0.384
0.383,0.439,0.924,0.597,0.646,0.086,0.358,0.384
0.383,0.439,0.924,0.596,0.645,0.086,0.358,0.384
0.383,0.439,0.924,0.596,0.645,0.086,0.357,0.384
0.383,0.439,0.923,0.596,0.645,0.086,0.357,0.384
0.383,0.439,0.923,0.596,0.645,0.086,0.357,0.383
0.382,0.439,0.923,0.595,0.644,0.086,0.357,0.383
0.382,0.439,0.922,0.595,0.644,0.086,0.357,0.383
0.382,0.439,0.922,0.594,0.644,0.086,0.357,0.383
0.382,0.439,0.922,0.594,0.644,0.086,0.357,0.383
0.382,0.439,0.921,0.594,0.643,0.086,0.357,0.383
0.381,0.439,0.921,0.594,0.643,0.086,0.357,0.382
0.381,0.439,0.921,0.593,0.643,0.086,0.357,0.382
0.381,0.438,0.92,0.593,0.642,0.086,0.357,0.382
0.381,0.438,0.92,0.593,0.642,0.086,0.357,0.382
0.381,0.438,0.92,0.593,0.642,0.086,0.356,0.382
0.381,0.438,0.919,0.592,0.642,0.086,0.356,0.382
0.38,0.438,0.919,0.592,0.641,0.086,0.356,0.382
0.38,0.438,0.919,0.592,0.641,0.086,0.356,0.381
0.38,0.437,0.918,0.592,0.641,0.086,0.356,0.381
0.38,0.437,0.918,0.591,0.641,0.086,0.356,0.381
0.38,0.437,0.917,0.591,0.64,0.086,0.356,0.381
0.379,0.437,0.917,0.591,0.64,0.086,0.356,0.381
0.379,0.437,0.917,0.59,0.64,0.086,0.356,0.381
0.379,0.437,0.916,0.59,0.639,0.086,0.356,0.38
0.379,0.437,0.916,0.59,0.639,0.086,0.356,0.38
0.379,0.437,0.916,0.59,0.639,0.086,0.355,0.38
0.378,0.437,0.916,0.589,0.639,0.086,0.355,0.38
0.378,0.436,0.915,0.589,0.639,0.085,0.355,0.38
0.378,0.436,0.915,0.589,0.639,0.085,0.355,0.38
0.378,0.436,0.914,0.589,0.638,0.085,0.355,0.38
0.378,0.436,0.914,0.588,0.638,0.086,0.355,0.38
0.378,0.436,0.914,0.588,0.638,0.086,0.355,0.379
0.377,0.436,0.913,0.588,0.637,0.085,0.355,0.379
0.377,0.436,0.913,0.588,0.637,0.085,0.355,0.379
0.377,0.436,0.913,0.588,0.637,0.085,0.355,0.379
0.377,0.435,0.913,0.587,0.637,0.085,0.355,0.379
0.377,0.435,0.912,0.587,0.636,0.085,0.354,0.379
0.376,0.435,0.912,0.587,0.636,0.086,0.354,0.379
0.376,0.435,0.911,0.586,0.636,0.085,0.354,0.378
0.376,0.435,0.911,0.586,0.635,0.085,0.354,0.378
0.376,0.435,0.911,0.586,0.635,0.085,0.354,0.378
0.376,0.434,0.91,0.586,0.635,0.085,0.354,0.378
0.376,0.434,0.91,0.585,0.635,0.085,0.354,0.378
0.375,0.434,0.909,0.585,0.634,0.085,0.354,0.378
0.375,0.434,0.909,0.585,0.634,0.085,0.354,0.377
0.375,0.434,0.909,0.584,0.634,0.085,0.354,0.377
0.375,0.433,0.908,0.584,0.634,0.085,0.354,0.377
0.375,0.433,0.908,0.584,0.633,0.085,0.353,0.377
0.375,0.433,0.908,0.584,0.633,0.085,0.353,0.377
0.374,0.433,0.908,0.584,0.633,0.085,0.353,0.377
0.374,0.433,0.907,0.583,0.633,0.085,0.353,0.377
0.374,0.433,0.907,0.583,0.632,0.085,0.353,0.377
0.374,0.432,0.906,0.583,0.632,0.085,0.353,0.376
0.374,0.432,0.906,0.582,0.632,0.085,0.353,0.376
0.374,0.432,0.906,0.582,0.631,0.085,0.353,0.376
0.374,0.432,0.905,0.582,0.631,0.085,0.353,0.376
0.373,0.432,0.905,0.582,0.631,0.085,0.353,0.376
0.373,0.431,0.905,0.581,0.631,0.085,0.353,0.376
0.373,0.431,0.904,0.581,0.63,0.085,0.352,0.376
0.373,0.431,0.904,0.581,0.63,0.085,0.352,0.375
0.373,0.431,0.904,0.581,0.63,0.085,0.352,0.375
0.372,0.431,0.903,0.581,0.63,0.085,0.352,0.375
0.372,0.431,0.903,0.58,0.629,0.085,0.352,0.375
0.372,0.431,0.903,0.58,0.629,0.085,0.352,0.375
0.372,0.43,0.902,0.58,0.629,0.085,0.352,0.375
0.372,0.43,0.902,0.58,0.629,0.085,0.352,0.375
0.372,0.43,0.901,0.579,0.628,0.085,0.352,0.374
0.372,0.43,0.901,0.579,0.628,0.085,0.352,0.374
0.371,0.43,0.901,0.579,0.628,0.085,0.352,0.374
0.371,0.43,0.901,0.579,0.627,0.085,0.351,0.374
0.371,0.43,0.9,0.578,0.627,0.085,0.351,0.374
0.371,0.429,0.9,0.578,0.627,0.085,0.351,0.374
0.37,0.429,0.9,0.578,0.626,0.085,0.351,0.374
0.37,0.429,0.899,0.577,0.626,0.085,0.351,0.373
0.37,0.429,0.899,0.577,0.626,0.085,0.351,0.373
0.37,0.429,0.898,0.577,0.625,0.085,0.351,0.373
0.37,0.429,0.898,0.576,0.625,0.085,0.351,0.373
0.37,0.429,0.898,0.576,0.625,0.085,0.351,0.373
0.37,0.429,0.898,0.576,0.625,0.085,0.351,0.373
0.369,0.429,0.897,0.576,0.625,0.085,0.351,0.373
0.369,0.429,0.897,0.576,0.624,0.085,0.351,0.372
0.369,0.428,0.897,0.575,0.624,0.085,0.351,0.372
0.369,0.428,0.896,0.575,0.624,0.085,0.35,0.372
0.369,0.428,0.896,0.575,0.624,0.085,0.35,0.372
0.369,0.428,0.896,0.575,0.624,0.085,0.35,0.372
0.368,0.428,0.895,0.574,0.623,0.085,0.35,0.372
0.368,0.428,0.895,0.574,0.623,0.085,0.35,0.371
0.368,0.427,0.895,0.574,0.623,0.085,0.35,0.372
0.368,0.427,0.894,0.574,0.623,0.085,0.35,0.371
0.368,0.427,0.894,0.573,0.622,0.085,0.35,0.371
0.368,0.427,0.894,0.573,0.622,0.085,0.349,0.371
0.368,0.427,0.893,0.573,0.622,0.084,0.35,0.371
0.367,0.427,0.893,0.573,0.622,0.085,0.35,0.371
0.367,0.427,0.893,0.572,0.621,0.085,0.349,0.371
0.367,0.427,0.892,0.572,0.621,0.084,0.349,0.371
0.367,0.427,0.892,0.572,0.621,0.084,0.349,0.37
0.367,0.427,0.891,0.572,0.621,0.085,0.349,0.37
0.367,0.427,0.891,0.571,0.62,0.085,0.349,0.37
0.366,0.427,0.891,0.571,0.62,0.085,0.349,0.37
0.366,0.426,0.89,0.571,0.62,0.084,0.349,0.37
0.366,0.426,0.89,0.571,0.62,0.084,0.349,0.37
0.366,0.426,0.89,0.571,0.619,0.084,0.349,0.37
0.366,0.426,0.889,0.57,0.619,0.084,0.349,0.37
0.365,0.426,0.889,0.57,0.619,0.084,0.349,0.369
0.365,0.426,0.889,0.57,0.619,0.084,0.348,0.369
0.365,0.426,0.888,0.57,0.619,0.084,0.348,0.369
0.365,0.426,0.888,0.569,0.619,0.084,0.348,0.369
0.365,0.425,0.888,0.569,0.618,0.084,0.348,0.369
0.365,0.425,0.888,0.569,0.618,0.084,0.348,0.369
0.365,0.425,0.887,0.569,0.618,0.084,0.348,0.369
0.364,0.425,0.887,0.568,0.618,0.084,0.348,0.369
0.364,0.425,0.887,0.568,0.617,0.084,0.348,0.368
0.364,0.425,0.886,0.568,0.617,0.084,0.348,0.368
0.364,0.425,0.886,0.568,0.617,0.084,0.348,0.368
0.364,0.425,0.886,0.568,0.617,0.084,0.348,0.368
0.364,0.425,0.885,0.567,0.617,0.084,0.348,0.368
0.363,0.425,0.885,0.567,0.616,0.084,0.347,0.368
0.363,0.425,0.885,0.567,0.616,0.084,0.347,0.367
0.363,0.425,0.884,0.567,0.616,0.084,0.347,0.367
0.363,0.425,0.884,0.566,0.616,0.084,0.347,0.367
0.363,0.425,0.884,0.566,0.615,0.084,0.347,0.367
0.363,0.425,0.883,0.566,0.615,0.084,0.347,0.367
0.363,0.425,0.883,0.566,0.615,0.084,0.347,0.367
0.362,0.425,0.883,0.566,0.615,0.084,0.347,0.367
0.362,0.425,0.882,0.566,0.615,0.084,0.347,0.366
0.362,0.424,0.882,0.565,0.614,0.084,0.347,0.366
0.362,0.424,0.882,0.565,0.614,0.084,0.346,0.366
0.362,0.424,0.882,0.565,0.614,0.084,0.347,0.366
0.362,0.424,0.881,0.565,0.614,0.084,0.346,0.366
0.362,0.424,0.881,0.565,0.614,0.084,0.346,0.366
0.361,0.424,0.88,0.565,0.613,0.084,0.346,0.365
0.361,0.424,0.88,0.565,0.613,0.084,0.346,0.365
0.361,0.424,0.88,0.564,0.613,0.084,0.346,0.365
0.361,0.423,0.88,0.564,0.612,0.084,0.346,0.365
0.361,0.423,0.879,0.564,0.612,0.084,0.346,0.365
0.361,0.423,0.879,0.564,0.612,0.084,0.346,0.365
0.361,0.423,0.879,0.563,0.612,0.084,0.346,0.365
0.36,0.423,0.878,0.563,0.612,0.084,0.346,0.365
0.36,0.423,0.878,0.563,0.611,0.084,0.346,0.364
0.36,0.423,0.878,0.563,0.611,0.084,0.345,0.364
0.36,0.422,0.877,0.563,0.611,0.084,0.345,0.364
0.36,0.422,0.877,0.562,0.611,0.084,0.345,0.364
0.36,0.422,0.877,0.562,0.61,0.084,0.345,0.364
0.359,0.422,0.876,0.562,0.61,0.084,0.345,0.364
0.359,0.422,0.876,0.562,0.61,0.084,0.345,0.364
0.359,0.422,0.876,0.561,0.61,0.084,0.345,0.364
0.359,0.422,0.875,0.561,0.609,0.084,0.345,0.363
0.359,0.422,0.875,0.561,0.609,0.084,0.345,0.363
0.359,0.422,0.875,0.561,0.609,0.084,0.345,0.363
0.358,0.422,0.874,0.561,0.609,0.084,0.345,0.363
0.358,0.422,0.874,0.56,0.609,0.084,0.345,0.363
0.358,0.421,0.874,0.56,0.609,0.084,0.344,0.363
0.358,0.421,0.874,0.56,0.608,0.084,0.344,0.363
0.358,0.421,0.873,0.56,0.608,0.084,0.344,0.362
0.358,0.421,0.873,0.559,0.608,0.084,0.344,0.362
0.358,0.421,0.872,0.559,0.608,0.084,0.344,0.362
0.357,0.421,0.872,0.559,0.607,0.084,0.344,0.362
0.357,0.421,0.872,0.559,0.607,0.084,0.344,0.362
0.357,0.421,0.872,0.559,0.607,0.084,0.344,0.362
0.357,0.42,0.871,0.559,0.607,0.084,0.344,0.362
0.357,0.42,0.871,0.558,0.607,0.083,0.344,0.362
0.357,0.42,0.871,0.558,0.607,0.084,0.343,0.361
0.357,0.42,0.87,0.558,0.607,0.084,0.344,0.361
0.356,0.42,0.87,0.558,0.606,0.084,0.344,0.361
0.356,0.42,0.87,0.558,0.606,0.084,0.343,0.361
0.356,0.42,0.869,0.557,0.606,0.084,0.343,0.361
0.356,0.42,0.869,0.557,0.606,0.084,0.343,0.361
0.356,0.419,0.869,0.557,0.606,0.084,0.343,0.36
0.356,0.419,0.868,0.557,0.605,0.084,0.343,0.361
0.355,0.419,0.868,0.557,0.605,0.083,0.343,0.36
0.355,0.419,0.868,0.556,0.605,0.083,0.343,0.36
0.355,0.419,0.868,0.556,0.605,0.083,0.343,0.36
0.355,0.419,0.867,0.556,0.605,0.083,0.343,0.36
0.355,0.419,0.867,0.556,0.604,0.083,0.343,0.36
0.355,0.419,0.866,0.555,0.604,0.084,0.343,0.36
0.355,0.419,0.866,0.555,0.604,0.084,0.342,0.359
0.355,0.419,0.866,0.555,0.604,0.084,0.342,0.359
0.354,0.419,0.866,0.555,0.603,0.084,0.342,0.359
0.354,0.419,0.865,0.555,0.603,0.084,0.342,0.359
0.354,0.419,0.865,0.554,0.603,0.083,0.342,0.359
0.354,0.419,0.865,0.554,0.603,0.083,0.342,0.359
0.354,0.419,0.864,0.554,0.603,0.083,0.342,0.359
0.354,0.419,0.864,0.553,0.602,0.083,0.342,0.359
0.354,0.418,0.864,0.553,0.602,0.083,0.342,0.359
0.354,0.418,0.863,0.553,0.602,0.083,0.342,0.358
0.353,0.418,0.863,0.553,0.602,0.083,0.342,0.358
0.353,0.419,0.863,0.553,0.601,0.083,0.342,0.358
0.353,0.419,0.863,0.552,0.601,0.083,0.342,0.358
0.353,0.418,0.862,0.552,0.601,0.083,0.342,0.358
0.353,0.418,0.862,0.552,0.601,0.083,0.341,0.358
0.353,0.418,0.861,0.552,0.6,0.083,0.341,0.358
0.353,0.418,0.861,0.551,0.6,0.083,0.341,0.358
0.352,0.418,0.861,0.551,0.6,0.083,0.341,0.358
0.352,0.418,0.86,0.551,0.6,0.083,0.341,0.358
0.352,0.418,0.86,0.551,0.6,0.083,0.341,0.357
0.352,0.417,0.86,0.551,0.6,0.083,0.341,0.357
0.352,0.417,0.86,0.55,0.599,0.083,0.341,0.357
0.352,0.417,0.859,0.55,0.599,0.083,0.341,0.357
0.351,0.417,0.859,0.55,0.599,0.083,0.341,0.357
0.351,0.417,0.859,0.55,0.599,0.083,0.341,0.357
0.351,0.416,0.858,0.55,0.599,0.083,0.341,0.357
0.351,0.416,0.858,0.55,0.598,0.083,0.34,0.357
0.351,0.416,0.858,0.549,0.598,0.083,0.34,0.357
0.351,0.416,0.858,0.549,0.598,0.083,0.34,0.357
0.351,0.416,0.857,0.549,0.598,0.083,0.34,0.357
0.351,0.416,0.857,0.549,0.598,0.083,0.34,0.356
0.35,0.416,0.857,0.549,0.598,0.083,0.34,0.356
0.35,0.416,0.856,0.549,0.597,0.083,0.34,0.356
0.35,0.416,0.856,0.548,0.597,0.083,0.34,0.356
0.35,0.415,0.856,0.548,0.597,0.083,0.34,0.356
0.35,0.415,0.855,0.548,0.596,0.083,0.34,0.356
0.35,0.415,0.855,0.548,0.597,0.083,0.34,0.356
0.35,0.415,0.855,0.548,0.597,0.083,0.34,0.356
0.35,0.415,0.855,0.548,0.596,0.083,0.339,0.355
0.349,0.415,0.854,0.547,0.596,0.083,0.34,0.355
0.349,0.415,0.854,0.547,0.596,0.083,0.339,0.355
0.349,0.415,0.854,0.547,0.596,0.083,0.339,0.355
0.349,0.415,0.854,0.547,0.596,0.083,0.339,0.355
0.349,0.415,0.853,0.547,0.595,0.083,0.339,0.355
0.349,0.415,0.853,0.547,0.595,0.083,0.339,0.355
0.348,0.414,0.853,0.546,0.595,0.083,0.339,0.355
0.348,0.414,0.853,0.546,0.595,0.083,0.339,0.354
0.348,0.414,0.852,0.546,0.595,0.083,0.339,0.354
0.348,0.414,0.852,0.546,0.595,0.083,0.339,0.354
0.348,0.414,0.852,0.546,0.594,0.083,0.339,0.354
0.348,0.414,0.851,0.546,0.594,0.083,0.339,0.354
0.348,0.413,0.851,0.546,0.594,0.083,0.339,0.354
0.348,0.413,0.851,0.546,0.594,0.083,0.338,0.354
0.347,0.413,0.85,0.546,0.594,0.083,0.338,0.354
0.348,0.413,0.85,0.545,0.593,0.083,0.338,0.354
0.347,0.413,0.85,0.545,0.593,0.083,0.338,0.354
0.347,0.413,0.85,0.545,0.593,0.083,0.338,0.353
0.347,0.413,0.849,0.545,0.593,0.083,0.338,0.353
0.347,0.413,0.849,0.545,0.593,0.083,0.338,0.353
0.347,0.412,0.849,0.545,0.592,0.083,0.338,0.353
0.347,0.412,0.848,0.544,0.592,0.083,0.338,0.353
0.346,0.412,0.848,0.544,0.592,0.083,0.338,0.353
0.346,0.412,0.848,0.544,0.592,0.083,0.338,0.353
0.346,0.412,0.848,0.544,0.592,0.083,0.338,0.353
0.346,0.412,0.847,0.544,0.591,0.083,0.337,0.352
0.346,0.412,0.847,0.544,0.591,0.083,0.337,0.352
0.346,0.412,0.847,0.544,0.591,0.083,0.337,0.352
0.346,0.412,0.847,0.543,0.591,0.083,0.337,0.352
0.345,0.412,0.846,0.543,0.591,0.083,0.337,0.352
0.345,0.412,0.846,0.543,0.59,0.083,0.337,0.352
0.345,0.411,0.846,0.543,0.59,0.083,0.337,0.352
0.345,0.411,0.845,0.543,0.59,0.083,0.337,0.352
0.345,0.411,0.845,0.542,0.59,0.083,0.337,0.352
0.345,0.411,0.845,0.542,0.589,0.083,0.337,0.351
0.345,0.411,0.845,0.542,0.589,0.083,0.337,0.351
0.345,0.411,0.844,0.542,0.589,0.083,0.337,0.351
0.344,0.411,0.844,0.542,0.589,0.083,0.337,0.351
0.344,0.411,0.844,0.542,0.589,0.083,0.337,0.351
0.344,0.411,0.843,0.541,0.588,0.083,0.336,0.351
0.344,0.41,0.843,0.541,0.588,0.083,0.336,0.351
0.344,0.41,0.843,0.541,0.588,0.083,0.336,0.35
0.344,0.41,0.843,0.541,0.588,0.083,0.336,0.35
0.344,0.41,0.842,0.541,0.587,0.083,0.336,0.351
0.344,0.41,0.842,0.54,0.588,0.083,0.336,0.35
0.344,0.409,0.842,0.54,0.587,0.083,0.336,0.35
0.343,0.409,0.842,0.54,0.587,0.083,0.336,0.35
0.343,0.409,0.842,0.54,0.587,0.083,0.336,0.35
0.343,0.409,0.841,0.54,0.587,0.083,0.336,0.35
0.343,0.409,0.841,0.54,0.586,0.083,0.336,0.35
0.343,0.409,0.841,0.539,0.586,0.083,0.336,0.35
0.343,0.409,0.84,0.539,0.586,0.082,0.335,0.35
0.343,0.409,0.84,0.539,0.586,0.082,0.336,0.349
0.342,0.409,0.84,0.539,0.585,0.082,0.335,0.349
0.342,0.409,0.84,0.539,0.585,0.083,0.335,0.349
0.342,0.409,0.839,0.538,0.585,0.083,0.335,0.349
0.342,0.409,0.839,0.538,0.585,0.083,0.335,0.349
0.342,0.408,0.839,0.538,0.585,0.082,0.335,0.349
0.342,0.408,0.839,0.538,0.584,0.082,0.335,0.349
0.342,0.408,0.838,0.538,0.584,0.082,0.335,0.349
0.342,0.408,0.838,0.537,0.584,0.082,0.335,0.349
0.341,0.408,0.838,0.537,0.584,0.082,0.335,0.348
0.341,0.408,0.838,0.537,0.584,0.082,0.335,0.348
0.341,0.408,0.837,0.537,0.583,0.082,0.335,0.348
0.341,0.408,0.837,0.537,0.584,0.082,0.335,0.348
0.341,0.408,0.837,0.536,0.583,0.082,0.334,0.348
0.341,0.408,0.837,0.536,0.583,0.082,0.334,0.348
0.341,0.408,0.836,0.536,0.583,0.082,0.334,0.348
0.341,0.408,0.836,0.536,0.583,0.082,0.334,0.348
0.341,0.408,0.836,0.536,0.582,0.083,0.334,0.348
0.34,0.408,0.835,0.536,0.582,0.082,0.334,0.348
0.34,0.407,0.835,0.536,0.582,0.082,0.334,0.347
0.34,0.407,0.835,0.535,0.582,0.082,0.334,0.347
0.34,0.408,0.835,0.535,0.582,0.082,0.334,0.347
0.34,0.407,0.834,0.535,0.582,0.082,0.334,0.347
0.34,0.407,0.834,0.535,0.581,0.082,0.334,0.347
0.34,0.407,0.834,0.534,0.581,0.082,0.334,0.347
0.34,0.407,0.834,0.534,0.581,0.082,0.333,0.347
0.339,0.407,0.833,0.534,0.581,0.082,0.334,0.347
0.339,0.407,0.833,0.534,0.581,0.082,0.333,0.347
0.339,0.407,0.833,0.534,0.581,0.082,0.333,0.347
0.339,0.407,0.833,0.533,0.58,0.082,0.333,0.346
0.339,0.407,0.832,0.533,0.58,0.082,0.333,0.346
0.339,0.407,0.832,0.533,0.58,0.082,0.333,0.346
0.338,0.407,0.832,0.533,0.58,0.082,0.333,0.346
0.338,0.407,0.831,0.533,0.579,0.082,0.333,0.346
0.338,0.407,0.831,0.532,0.579,0.082,0.333,0.346
0.338,0.407,0.831,0.532,0.579,0.082,0.333,0.346
0.338,0.407,0.831,0.532,0.579,0.082,0.333,0.346
0.338,0.407,0.83,0.532,0.579,0.082,0.333,0.346
0.338,0.407,0.83,0.532,0.578,0.082,0.333,0.346
0.338,0.407,0.83,0.532,0.578,0.082,0.332,0.346
0.338,0.406,0.83,0.531,0.578,0.082,0.333,0.345
0.337,0.406,0.829,0.531,0.578,0.082,0.332,0.345
0.338,0.406,0.829,0.531,0.578,0.082,0.332,0.345
0.337,0.406,0.829,0.531,0.578,0.082,0.332,0.345
0.337,0.406,0.829,0.531,0.577,0.082,0.332,0.345
0.337,0.406,0.828,0.53,0.577,0.082,0.332,0.345
0.337,0.406,0.828,0.53,0.577,0.082,0.332,0.345
0.337,0.406,0.828,0.53,0.577,0.082,0.332,0.345
0.337,0.406,0.827,0.53,0.577,0.082,0.332,0.345
0.336,0.406,0.827,0.53,0.577,0.082,0.332,0.345
0.336,0.405,0.827,0.53,0.577,0.082,0.332,0.345
0.336,0.405,0.827,0.529,0.576,0.082,0.332,0.345
0.336,0.405,0.827,0.529,0.576,0.082,0.332,0.345
0.336,0.405,0.826,0.529,0.576,0.082,0.331,0.344
0.336,0.405,0.826,0.529,0.576,0.082,0.332,0.344
0.336,0.405,0.826,0.529,0.576,0.082,0.331,0.344
0.336,0.405,0.826,0.529,0.576,0.082,0.331,0.344
0.336,0.405,0.825,0.528,0.575,0.082,0.331,0.344
0.335,0.405,0.825,0.528,0.575,0.082,0.331,0.344
0.335,0.405,0.825,0.528,0.575,0.082,0.331,0.344
0.335,0.404,0.824,0.528,0.575,0.082,0.331,0.344
0.335,0.404,0.824,0.528,0.575,0.082,0.331,0.343
0.335,0.404,0.824,0.528,0.575,0.082,0.331,0.343
0.335,0.404,0.824,0.527,0.575,0.082,0.331,0.343
0.335,0.404,0.824,0.527,0.574,0.082,0.331,0.343
0.335,0.404,0.823,0.527,0.574,0.082,0.331,0.343
0.335,0.404,0.823,0.527,0.574,0.082,0.331,0.343
0.334,0.404,0.823,0.527,0.574,0.082,0.331,0.343
0.334,0.403,0.823,0.527,0.574,0.082,0.33,0.343
0.334,0.403,0.822,0.527,0.574,0.082,0.331,0.343
0.334,0.403,0.822,0.527,0.573,0.082,0.33,0.343
0.334,0.403,0.822,0.527,0.573,0.082,0.33,0.343
0.334,0.403,0.822,0.527,0.573,0.082,0.33,0.343
0.334,0.403,0.821,0.526,0.573,0.082,0.33,0.342
0.334,0.403,0.821,0.526,0.573,0.082,0.33,0.342
0.333,0.403,0.821,0.526,0.573,0.082,0.33,0.342
0.333,0.402,0.821,0.526,0.573,0.082,0.33,0.342
0.333,0.402,0.82,0.526,0.573,0.082,0.33,0.342
0.333,0.402,0.82,0.526,0.573,0.082,0.33,0.342
0.333,0.402,0.82,0.526,0.572,0.082,0.33,0.342
0.333,0.402,0.82,0.526,0.573,0.082,0.33,0.342
0.333,0.402,0.819,0.526,0.572,0.082,0.33,0.342
0.333,0.402,0.819,0.526,0.572,0.082,0.33,0.342
0.333,0.402,0.819,0.526,0.572,0.082,0.329,0.342
0.333,0.401,0.819,0.526,0.572,0.082,0.329,0.342
0.333,0.401,0.818,0.526,0.572,0.082,0.329,0.341
0.332,0.401,0.818,0.526,0.572,0.082,0.329,0.341
0.332,0.401,0.818,0.526,0.572,0.082,0.329,0.341
0.332,0.401,0.818,0.525,0.572,0.082,0.329,0.341
0.332,0.401,0.817,0.525,0.572,0.082,0.329,0.341
0.332,0.401,0.817,0.525,0.572,0.082,0.329,0.341
0.332,0.401,0.817,0.525,0.571,0.082,0.329,0.341
0.332,0.401,0.817,0.525,0.571,0.082,0.329,0.341
0.332,0.401,0.817,0.525,0.571,0.082,0.329,0.341
0.331,0.401,0.816,0.525,0.571,0.082,0.329,0.34
0.331,0.4,0.816,0.525,0.571,0.082,0.329,0.341
0.331,0.4,0.816,0.525,0.571,0.082,0.329,0.34
0.331,0.4,0.815,0.524,0.57,0.082,0.328,0.34
0.331,0.4,0.815,0.524,0.57,0.082,0.328,0.34
0.331,0.4,0.815,0.524,0.57,0.082,0.328,0.34
0.331,0.4,0.815,0.524,0.57,0.082,0.328,0.34
0.331,0.4,0.815,0.524,0.57,0.082,0.328,0.34
0.331,0.4,0.814,0.523,0.57,0.082,0.328,0.34
0.33,0.4,0.814,0.523,0.569,0.082,0.328,0.339
0.33,0.4,0.814,0.523,0.569,0.082,0.328,0.339
0.33,0.4,0.814,0.523,0.569,0.082,0.328,0.339
0.33,0.4,0.813,0.523,0.569,0.082,0.328,0.339
0.33,0.4,0.813,0.523,0.568,0.082,0.328,0.339
0.33,0.4,0.813,0.523,0.568,0.082,0.328,0.339
0.33,0.399,0.812,0.523,0.568,0.082,0.328,0.339
0.33,0.399,0.812,0.522,0.568,0.082,0.328,0.339
0.33,0.399,0.812,0.522,0.567,0.082,0.327,0.339
0.329,0.399,0.812,0.522,0.567,0.082,0.328,0.339
0.329,0.399,0.812,0.522,0.567,0.081,0.327,0.339
0.329,0.399,0.811,0.522,0.567,0.082,0.327,0.338
0.329,0.399,0.811,0.521,0.567,0.082,0.327,0.338
0.329,0.399,0.811,0.521,0.566,0.082,0.327,0.338
0.329,0.399,0.811,0.521,0.566,0.082,0.327,0.338
0.329,0.399,0.81,0.521,0.566,0.081,0.327,0.338
0.329,0.399,0.81,0.521,0.566,0.082,0.327,0.338
0.329,0.399,0.81,0.52,0.566,0.082,0.327,0.338
0.328,0.399,0.81,0.52,0.565,0.082,0.327,0.338
0.328,0.399,0.809,0.52,0.565,0.082,0.327,0.338
0.328,0.398,0.809,0.52,0.565,0.081,0.327,0.338
0.328,0.398,0.809,0.52,0.565,0.081,0.327,0.338
0.328,0.398,0.809,0.52,0.565,0.081,0.327,0.338
0.328,0.398,0.809,0.519,0.565,0.081,0.326,0.338
0.328,0.398,0.808,0.519,0.564,0.082,0.326,0.337
0.328,0.398,0.808,0.519,0.564,0.082,0.326,0.337
0.328,0.398,0.808,0.519,0.564,0.081,0.326,0.337
0.328,0.398,0.808,0.519,0.564,0.082,0.326,0.337
0.327,0.398,0.807,0.519,0.564,0.082,0.326,0.337
0.327,0.398,0.807,0.519,0.564,0.082,0.326,0.337
0.327,0.398,0.807,0.519,0.563,0.081,0.326,0.337
0.327,0.398,0.807,0.518,0.564,0.081,0.326,0.337
0.327,0.398,0.807,0.518,0.563,0.082,0.326,0.337
0.327,0.398,0.806,0.518,0.563,0.082,0.326,0.337
0.327,0.398,0.806,0.518,0.563,0.081,0.326,0.336
0.327,0.398,0.806,0.518,0.563,0.081,0.326,0.336
0.327,0.397,0.806,0.518,0.562,0.081,0.326,0.336
0.326,0.397,0.805,0.517,0.562,0.081,0.326,0.336
0.326,0.397,0.805,0.517,0.562,0.081,0.326,0.336
0.326,0.397,0.805,0.517,0.562,0.081,0.325,0.336
0.326,0.397,0.805,0.517,0.562,0.081,0.325,0.336
0.326,0.397,0.805,0.517,0.562,0.081,0.325,0.336
0.326,0.397,0.804,0.517,0.561,0.081,0.325,0.336
0.326,0.397,0.804,0.516,0.561,0.081,0.325,0.336
0.326,0.397,0.804,0.516,0.561,0.082,0.325,0.335
0.326,0.397,0.804,0.516,0.561,0.081,0.325,0.335
0.325,0.397,0.803,0.516,0.561,0.081,0.325,0.335
0.325,0.396,0.803,0.516,0.561,0.081,0.325,0.335
0.325,0.396,0.803,0.516,0.56,0.081,0.325,0.335
0.325,0.396,0.803,0.516,0.56,0.081,0.325,0.335
0.325,0.396,0.803,0.515,0.56,0.081,0.325,0.335
0.325,0.396,0.802,0.515,0.56,0.081,0.325,0.335
0.325,0.396,0.802,0.515,0.56,0.081,0.325,0.335
0.325,0.396,0.802,0.515,0.56,0.081,0.324,0.335
0.325,0.396,0.801,0.514,0.56,0.081,0.324,0.335
0.325,0.396,0.801,0.514,0.559,0.081,0.325,0.335
0.325,0.396,0.801,0.514,0.559,0.081,0.324,0.334
0.325,0.396,0.801,0.514,0.559,0.081,0.324,0.334
0.325,0.396,0.8,0.514,0.559,0.081,0.324,0.334
0.324,0.396,0.8,0.514,0.559,0.081,0.324,0.334
0.324,0.396,0.8,0.514,0.559,0.081,0.324,0.334
0.324,0.396,0.8,0.513,0.559,0.081,0.324,0.334
0.324,0.396,0.8,0.513,0.558,0.081,0.324,0.334
0.324,0.396,0.799,0.513,0.558,0.081,0.324,0.334
0.324,0.396,0.799,0.513,0.558,0.081,0.324,0.334
0.324,0.396,0.799,0.513,0.558,0.081,0.324,0.333
0.324,0.395,0.799,0.513,0.558,0.081,0.324,0.334
0.324,0.396,0.799,0.513,0.558,0.081,0.324,0.333
0.323,0.395,0.798,0.512,0.557,0.081,0.324,0.333
0.323,0.396,0.798,0.512,0.557,0.081,0.323,0.333
0.323,0.395,0.798,0.512,0.557,0.081,0.324,0.333
0.323,0.395,0.798,0.512,0.557,0.081,0.323,0.333
0.323,0.395,0.797,0.512,0.557,0.081,0.323,0.333
0.323,0.395,0.797,0.512,0.557,0.081,0.323,0.333
0.323,0.395,0.797,0.511,0.557,0.081,0.323,0.333
0.323,0.395,0.797,0.511,0.556,0.081,0.323,0.333
0.323,0.395,0.797,0.511,0.556,0.081,0.323,0.333
0.323,0.395,0.796,0.511,0.556,0.081,0.323,0.332
0.323,0.395,0.796,0.511,0.556,0.081,0.323,0.332
0.322,0.395,0.796,0.511,0.556,0.081,0.323,0.332
0.322,0.395,0.796,0.51,0.556,0.081,0.323,0.332
0.322,0.395,0.795,0.51,0.555,0.081,0.323,0.332
0.322,0.395,0.795,0.51,0.555,0.081,0.323,0.332
0.322,0.395,0.795,0.51,0.555,0.081,0.323,0.332
0.322,0.395,0.795,0.51,0.555,0.081,0.323,0.332
0.322,0.395,0.795,0.51,0.555,0.081,0.323,0.332
0.322,0.394,0.794,0.51,0.555,0.081,0.322,0.332
0.322,0.394,0.794,0.509,0.555,0.081,0.322,0.332
0.322,0.394,0.794,0.509,0.555,0.081,0.322,0.332
0.321,0.394,0.794,0.509,0.554,0.081,0.322,0.332
0.321,0.394,0.793,0.509,0.554,0.081,0.322,0.332
0.321,0.394,0.793,0.509,0.554,0.081,0.322,0.331
0.321,0.394,0.793,0.509,0.554,0.081,0.322,0.331
0.321,0.393,0.793,0.509,0.554,0.081,0.322,0.331
0.321,0.394,0.793,0.509,0.554,0.081,0.322,0.331
0.321,0.393,0.792,0.508,0.554,0.081,0.322,0.331
0.321,0.393,0.792,0.508,0.553,0.081,0.322,0.331
0.321,0.393,0.792,0.508,0.553,0.081,0.322,0.331
0.321,0.393,0.792,0.508,0.553,0.081,0.322,0.331
0.32,0.393,0.791,0.508,0.553,0.081,0.322,0.331
0.32,0.393,0.791,0.508,0.553,0.081,0.322,0.331
0.32,0.393,0.791,0.507,0.553,0.081,0.322,0.331
0.32,0.393,0.791,0.507,0.553,0.081,0.322,0.331
0.32,0.393,0.791,0.507,0.552,0.081,0.321,0.331
0.32,0.393,0.79,0.507,0.552,0.081,0.321,0.33
0.32,0.393,0.79,0.507,0.552,0.081,0.321,0.33
0.32,0.393,0.79,0.506,0.552,0.081,0.321,0.33
0.32,0.393,0.79,0.506,0.552,0.081,0.321,0.33
0.319,0.393,0.789,0.506,0.551,0.081,0.321,0.33
0.319,0.393,0.789,0.506,0.551,0.081,0.321,0.33
0.319,0.393,0.789,0.506,0.551,0.081,0.321,0.33
0.319,0.393,0.789,0.506,0.551,0.081,0.321,0.33
0.319,0.393,0.788,0.505,0.551,0.081,0.321,0.33
0.319,0.393,0.788,0.505,0.551,0.081,0.321,0.33
0.319,0.392,0.788,0.505,0.551,0.081,0.321,0.33
0.319,0.392,0.788,0.505,0.551,0.081,0.321,0.33
0.319,0.392,0.788,0.505,0.551,0.081,0.321,0.33
0.319,0.392,0.787,0.505,0.551,0.081,0.321,0.33
0.319,0.392,0.787,0.505,0.551,0.081,0.321,0.329
0.319,0.392,0.787,0.505,0.551,0.081,0.321,0.329
0.318,0.392,0.787,0.505,0.551,0.081,0.32,0.329
0.318,0.391,0.786,0.504,0.551,0.081,0.32,0.329
0.318,0.391,0.786,0.504,0.551,0.081,0.32,0.329
0.318,0.391,0.786,0.504,0.551,0.081,0.32,0.329
0.318,0.391,0.786,0.504,0.551,0.081,0.32,0.329
0.318,0.391,0.785,0.504,0.55,0.081,0.32,0.329
0.318,0.391,0.785,0.504,0.55,0.081,0.32,0.329
0.318,0.391,0.785,0.504,0.55,0.081,0.32,0.329
0.318,0.39,0.785,0.504,0.55,0.081,0.32,0.329
0.318,0.39,0.785,0.504,0.55,0.081,0.32,0.329
0.318,0.39,0.784,0.504,0.55,0.081,0.32,0.328
0.317,0.39,0.784,0.504,0.55,0.081,0.32,0.329
0.317,0.39,0.784,0.504,0.55,0.081,0.32,0.328
0.317,0.39,0.784,0.504,0.55,0.081,0.32,0.328
0.317,0.39,0.784,0.504,0.55,0.081,0.32,0.328
0.317,0.39,0.783,0.504,0.55,0.081,0.32,0.328
0.317,0.39,0.783,0.503,0.549,0.081,0.319,0.328
0.317,0.39,0.783,0.503,0.549,0.081,0.319,0.328
0.317,0.39,0.783,0.503,0.549,0.081,0.319,0.328
0.317,0.39,0.782,0.503,0.549,0.081,0.319,0.327
0.317,0.39,0.782,0.503,0.549,0.081,0.319,0.328
0.317,0.39,0.782,0.503,0.548,0.081,0.319,0.327
0.317,0.39,0.782,0.502,0.548,0.081,0.319,0.327
0.316,0.39,0.781,0.502,0.548,0.081,0.319,0.327
0.316,0.39,0.781,0.502,0.548,0.081,0.319,0.327
0.316,0.39,0.781,0.502,0.548,0.081,0.319,0.327
0.316,0.39,0.781,0.502,0.548,0.081,0.319,0.327
0.316,0.389,0.781,0.502,0.547,0.081,0.319,0.327
0.316,0.39,0.781,0.502,0.547,0.081,0.319,0.327
0.316,0.389,0.78,0.501,0.547,0.081,0.319,0.327
0.316,0.389,0.78,0.501,0.547,0.081,0.319,0.327
0.316,0.389,0.78,0.501,0.547,0.081,0.319,0.327
0.315,0.389,0.78,0.501,0.547,0.081,0.319,0.326
0.315,0.389,0.779,0.501,0.547,0.081,0.319,0.326
0.315,0.389,0.779,0.501,0.547,0.081,0.318,0.326
0.315,0.389,0.779,0.501,0.547,0.081,0.318,0.326
0.315,0.389,0.779,0.501,0.546,0.081,0.318,0.326
0.315,0.389,0.779,0.501,0.546,0.081,0.318,0.326
0.315,0.389,0.778,0.5,0.546,0.081,0.318,0.326
0.315,0.389,0.778,0.5,0.546,0.081,0.318,0.326
0.315,0.389,0.778,0.5,0.546,0.081,0.318,0.326
0.314,0.388,0.778,0.5,0.546,0.081,0.318,0.326
0.314,0.388,0.778,0.5,0.546,0.081,0.318,0.326
0.314,0.388,0.778,0.5,0.546,0.081,0.318,0.325
0.314,0.388,0.777,0.5,0.546,0.081,0.318,0.325
0.314,0.388,0.777,0.5,0.545,0.081,0.318,0.325
0.314,0.388,0.777,0.5,0.545,0.081,0.318,0.325
0.314,0.388,0.777,0.5,0.545,0.081,0.318,0.325
0.314,0.388,0.776,0.499,0.545,0.081,0.317,0.325
0.314,0.388,0.776,0.499,0.545,0.081,0.317,0.325
0.314,0.388,0.776,0.499,0.545,0.081,0.318,0.325
0.314,0.388,0.776,0.499,0.545,0.081,0.317,0.325
0.313,0.388,0.775,0.499,0.544,0.081,0.317,0.325
0.314,0.388,0.775,0.499,0.544,0.081,0.317,0.325
0.313,0.388,0.775,0.499,0.544,0.081,0.317,0.325
0.313,0.388,0.775,0.499,0.544,0.081,0.317,0.325
0.313,0.388,0.775,0.499,0.544,0.081,0.317,0.324
0.313,0.388,0.775,0.498,0.544,0.081,0.317,0.324
0.313,0.388,0.774,0.498,0.544,0.081,0.317,0.324
0.313,0.387,0.774,0.498,0.544,0.081,0.317,0.324
0.313,0.387,0.774,0.498,0.543,0.081,0.317,0.324
0.313,0.387,0.774,0.498,0.543,0.081,0.317,0.324
0.313,0.387,0.774,0.498,0.543,0.081,0.317,0.324
0.313,0.387,0.773,0.497,0.543,0.081,0.317,0.324
0.313,0.387,0.773,0.497,0.543,0.081,0.317,0.324
0.312,0.387,0.773,0.497,0.543,0.081,0.317,0.324
0.312,0.387,0.773,0.497,0.542,0.081,0.316,0.324
0.312,0.387,0.773,0.497,0.543,0.081,0.317,0.324
0.312,0.387,0.772,0.497,0.542,0.081,0.316,0.324
0.312,0.387,0.772,0.497,0.542,0.081,0.316,0.324
0.312,0.386,0.772,0.496,0.542,0.081,0.316,0.324
0.312,0.387,0.772,0.496,0.542,0.081,0.316,0.324
0.312,0.386,0.772,0.496,0.542,0.081,0.316,0.323
0.312,0.386,0.771,0.496,0.542,0.081,0.316,0.324
0.312,0.386,0.771,0.496,0.541,0.081,0.316,0.323
0.312,0.386,0.771,0.496,0.541,0.081,0.316,0.323
0.312,0.386,0.771,0.496,0.541,0.081,0.316,0.323
0.311,0.386,0.771,0.496,0.541,0.081,0.316,0.323
0.311,0.386,0.771,0.496,0.541,0.081,0.316,0.323
0.311,0.386,0.771,0.496,0.541,0.081,0.316,0.323
0.311,0.386,0.77,0.495,0.541,0.081,0.316,0.323
0.311,0.386,0.77,0.496,0.541,0.081,0.316,0.323
0.311,0.386,0.77,0.495,0.541,0.081,0.316,0.323
0.311,0.386,0.77,0.495,0.541,0.081,0.316,0.323
0.311,0.386,0.77,0.495,0.541,0.081,0.316,0.323
0.311,0.386,0.77,0.495,0.541,0.081,0.316,0.323
0.311,0.386,0.77,0.495,0.541,0.081,0.316,0.323
0.311,0.386,0.769,0.495,0.541,0.081,0.316,0.323
0.311,0.386,0.769,0.495,0.541,0.081,0.315,0.323
0.311,0.386,0.769,0.495,0.54,0.081,0.316,0.323
0.311,0.386,0.769,0.495,0.54,0.081,0.316,0.323
0.311,0.386,0.769,0.494,0.54,0.081,0.316,0.323
0.31,0.386,0.769,0.494,0.54,0.081,0.316,0.323
0.31,0.386,0.769,0.494,0.54,0.081,0.315,0.323
0.31,0.385,0.768,0.494,0.54,0.081,0.315,0.322
0.31,0.385,0.768,0.494,0.54,0.081,0.315,0.322
0.31,0.385,0.768,0.494,0.54,0.081,0.315,0.322
0.31,0.385,0.768,0.494,0.54,0.081,0.315,0.322
0.31,0.386,0.768,0.494,0.539,0.081,0.315,0.322
0.31,0.386,0.768,0.494,0.539,0.081,0.315,0.322
0.31,0.386,0.767,0.493,0.539,0.081,0.315,0.322
0.31,0.386,0.767,0.493,0.539,0.081,0.315,0.322
0.31,0.386,0.767,0.493,0.539,0.081,0.315,0.322
0.31,0.386,0.767,0.493,0.539,0.081,0.315,0.322
0.31,0.386,0.767,0.493,0.538,0.081,0.315,0.322
0.31,0.386,0.766,0.493,0.538,0.081,0.315,0.322
0.31,0.385,0.766,0.493,0.538,0.081,0.315,0.322
0.31,0.385,0.766,0.492,0.538,0.081,0.315,0.322
0.309,0.385,0.766,0.492,0.538,0.081,0.315,0.322
0.309,0.385,0.766,0.492,0.538,0.081,0.315,0.322
0.309,0.385,0.766,0.492,0.538,0.081,0.315,0.322
0.309,0.385,0.765,0.492,0.538,0.081,0.314,0.322
0.309,0.385,0.765,0.492,0.538,0.081,0.315,0.322
0.309,0.385,0.765,0.492,0.538,0.081,0.315,0.322
0.309,0.385,0.765,0.492,0.538,0.081,0.315,0.322
0.309,0.385,0.765,0.492,0.538,0.081,0.314,0.322
0.309,0.384,0.765,0.492,0.538,0.081,0.314,0.322
0.309,0.384,0.765,0.492,0.537,0.081,0.314,0.321
0.309,0.385,0.764,0.491,0.537,0.081,0.314,0.321
0.309,0.384,0.764,0.491,0.537,0.081,0.314,0.321
0.309,0.385,0.764,0.491,0.537,0.081,0.314,0.321
0.309,0.385,0.764,0.491,0.537,0.081,0.314,0.321
0.309,0.384,0.764,0.491,0.537,0.081,0.314,0.321
0.309,0.385,0.764,0.491,0.537,0.081,0.314,0.321
0.308,0.385,0.764,0.491,0.537,0.081,0.314,0.321
0.308,0.385,0.764,0.491,0.537,0.081,0.314,0.321
0.309,0.385,0.764,0.491,0.537,0.081,0.314,0.321
0.308,0.384,0.763,0.491,0.536,0.081,0.314,0.321
0.308,0.384,0.763,0.49,0.536,0.081,0.314,0.321
0.308,0.384,0.763,0.49,0.536,0.081,0.314,0.321
0.308,0.384,0.762,0.49,0.536,0.081,0.314,0.32
0.308,0.384,0.762,0.49,0.536,0.081,0.314,0.32
0.308,0.384,0.762,0.49,0.536,0.081,0.314,0.32
0.308,0.384,0.762,0.49,0.536,0.081,0.313,0.32
0.308,0.384,0.762,0.49,0.536,0.081,0.313,0.32
0.308,0.384,0.762,0.49,0.536,0.081,0.313,0.32
0.307,0.384,0.762,0.49,0.536,0.081,0.313,0.32
0.307,0.384,0.761,0.49,0.536,0.081,0.313,0.32
0.308,0.384,0.761,0.49,0.536,0.081,0.313,0.32
0.307,0.384,0.761,0.49,0.536,0.081,0.313,0.32
0.307,0.384,0.761,0.49,0.536,0.081,0.313,0.32
0.307,0.384,0.761,0.49,0.536,0.081,0.313,0.32
0.307,0.384,0.761,0.49,0.536,0.081,0.313,0.32
0.307,0.384,0.761,0.49,0.536,0.081,0.313,0.32
0.307,0.384,0.761,0.49,0.536,0.081,0.313,0.32
0.307,0.383,0.761,0.49,0.536,0.081,0.313,0.32
0.307,0.384,0.76,0.49,0.536,0.081,0.313,0.32
0.307,0.383,0.76,0.49,0.536,0.081,0.313,0.32
0.307,0.383,0.76,0.49,0.536,0.081,0.313,0.32
0.307,0.383,0.76,0.49,0.536,0.081,0.313,0.32
0.307,0.383,0.76,0.49,0.536,0.081,0.313,0.32
0.307,0.383,0.76,0.49,0.536,0.081,0.313,0.32
0.307,0.383,0.76,0.49,0.536,0.081,0.313,0.32
0.307,0.383,0.76,0.49,0.536,0.081,0.313,0.32
0.307,0.383,0.76,0.49,0.536,0.081,0.313,0.319
0.307,0.383,0.759,0.49,0.536,0.081,0.313,0.32
0.307,0.383,0.759,0.49,0.535,0.081,0.313,0.319
0.307,0.382,0.759,0.49,0.535,0.081,0.313,0.319
0.307,0.383,0.759,0.49,0.535,0.081,0.313,0.319
0.306,0.382,0.759,0.49,0.535,0.081,0.313,0.319
0.306,0.382,0.759,0.49,0.535,0.081,0.313,0.319
0.307,0.382,0.759,0.49,0.535,0.081,0.313,0.319
0.306,0.383,0.759,0.49,0.535,0.081,0.313,0.319
0.306,0.382,0.758,0.489,0.535,0.081,0.313,0.319
0.306,0.382,0.758,0.489,0.535,0.081,0.313,0.319
0.306,0.382,0.758,0.489,0.535,0.081,0.313,0.319
0.306,0.382,0.758,0.489,0.535,0.081,0.313,0.319
0.306,0.382,0.758,0.489,0.535,0.081,0.313,0.318
0.306,0.382,0.758,0.489,0.534,0.081,0.313,0.318
0.306,0.382,0.758,0.489,0.534,0.081,0.312,0.319
0.306,0.382,0.758,0.489,0.534,0.081,0.313,0.318
0.306,0.382,0.757,0.489,0.534,0.081,0.313,0.318
0.306,0.382,0.757,0.489,0.534,0.081,0.312,0.318
0.306,0.382,0.757,0.489,0.534,0.081,0.312,0.318
0.306,0.382,0.757,0.489,0.534,0.081,0.312,0.318
0.306,0.382,0.757,0.489,0.534,0.081,0.312,0.318
0.305,0.382,0.757,0.489,0.534,0.081,0.312,0.318
0.305,0.382,0.757,0.488,0.533,0.081,0.312,0.318
0.306,0.382,0.757,0.488,0.533,0.081,0.312,0.318
0.305,0.382,0.756,0.488,0.533,0.081,0.312,0.318
0.305,0.382,0.756,0.488,0.533,0.081,0.312,0.318
0.305,0.382,0.756,0.488,0.533,0.081,0.312,0.318
0.305,0.382,0.756,0.488,0.533,0.081,0.312,0.318
0.305,0.382,0.756,0.487,0.532,0.081,0.312,0.318
0.305,0.382,0.756,0.487,0.532,0.081,0.312,0.318
0.305,0.382,0.756,0.487,0.532,0.081,0.312,0.318
0.305,0.382,0.755,0.487,0.532,0.081,0.312,0.317
0.305,0.382,0.755,0.487,0.532,0.081,0.312,0.318
0.305,0.382,0.755,0.487,0.532,0.081,0.312,0.318
0.305,0.382,0.755,0.487,0.531,0.081,0.312,0.317
0.305,0.382,0.755,0.486,0.531,0.081,0.312,0.317
0.305,0.381,0.755,0.486,0.531,0.081,0.312,0.317
0.305,0.381,0.755,0.486,0.531,0.081,0.312,0.317
0.305,0.382,0.754,0.486,0.531,0.081,0.312,0.317
0.304,0.382,0.754,0.486,0.531,0.081,0.312,0.317
0.304,0.381,0.754,0.486,0.531,0.081,0.311,0.317
0.304,0.381,0.754,0.486,0.531,0.081,0.312,0.317
0.304,0.382,0.754,0.486,0.531,0.081,0.311,0.317
0.304,0.381,0.754,0.486,0.53,0.081,0.311,0.317
0.304,0.381,0.753,0.486,0.53,0.081,0.311,0.317
0.304,0.381,0.753,0.486,0.53,0.081,0.311,0.317
0.304,0.381,0.753,0.486,0.53,0.081,0.311,0.317
0.304,0.381,0.753,0.485,0.53,0.081,0.311,0.317
0.304,0.381,0.753,0.485,0.53,0.081,0.311,0.316
0.304,0.381,0.753,0.485,0.53,0.081,0.311,0.317
0.304,0.381,0.753,0.485,0.53,0.081,0.311,0.317
0.304,0.381,0.752,0.485,0.53,0.081,0.311,0.316
0.304,0.381,0.752,0.485,0.53,0.081,0.311,0.317
0.304,0.381,0.752,0.485,0.53,0.081,0.311,0.316
0.304,0.381,0.752,0.485,0.53,0.081,0.311,0.317
0.304,0.381,0.752,0.485,0.53,0.081,0.311,0.317
0.303,0.381,0.752,0.485,0.529,0.081,0.311,0.316
0.304,0.381,0.752,0.485,0.529,0.081,0.311,0.316
0.303,0.381,0.751,0.484,0.529,0.081,0.311,0.316
0.303,0.381,0.751,0.484,0.529,0.081,0.311,0.316
0.303,0.38,0.751,0.484,0.529,0.081,0.311,0.316
0.303,0.38,0.751,0.484,0.529,0.081,0.311,0.316
0.303,0.381,0.751,0.484,0.529,0.081,0.311,0.316
0.303,0.38,0.751,0.484,0.529,0.081,0.311,0.316
0.303,0.381,0.751,0.484,0.529,0.081,0.311,0.316
0.303,0.381,0.75,0.484,0.529,0.081,0.311,0.316
0.303,0.381,0.75,0.484,0.529,0.081,0.31,0.316
0.303,0.381,0.75,0.484,0.529,0.081,0.31,0.316
0.303,0.38,0.75,0.483,0.528,0.081,0.311,0.316
0.303,0.38,0.75,0.483,0.528,0.081,0.31,0.316
0.303,0.38,0.75,0.483,0.528,0.081,0.31,0.316
0.303,0.38,0.749,0.483,0.528,0.081,0.31,0.316
0.303,0.38,0.749,0.483,0.528,0.081,0.31,0.316
0.303,0.38,0.749,0.483,0.528,0.081,0.31,0.316
0.302,0.38,0.749,0.483,0.528,0.081,0.31,0.315
0.303,0.38,0.749,0.483,0.528,0.081,0.311,0.315
0.302,0.38,0.749,0.482,0.528,0.081,0.31,0.315
0.302,0.38,0.748,0.482,0.527,0.081,0.31,0.315
0.302,0.38,0.748,0.482,0.527,0.081,0.31,0.315
0.302,0.38,0.748,0.482,0.527,0.081,0.31,0.315
0.302,0.38,0.748,0.482,0.527,0.081,0.31,0.315
0.302,0.38,0.748,0.482,0.527,0.081,0.31,0.315
0.302,0.38,0.748,0.482,0.527,0.081,0.31,0.315
0.302,0.38,0.747,0.482,0.527,0.081,0.31,0.315
0.302,0.38,0.747,0.482,0.527,0.081,0.31,0.315
0.302,0.38,0.747,0.481,0.527,0.081,0.31,0.315
0.302,0.38,0.747,0.481,0.526,0.081,0.31,0.314
0.302,0.38,0.747,0.481,0.526,0.081,0.31,0.314
0.302,0.379,0.747,0.481,0.526,0.081,0.31,0.314
0.301,0.379,0.746,0.481,0.526,0.081,0.31,0.314
0.301,0.379,0.746,0.481,0.526,0.081,0.309,0.314
0.301,0.379,0.746,0.481,0.526,0.081,0.309,0.314
0.301,0.379,0.746,0.481,0.526,0.081,0.31,0.314
0.301,0.379,0.746,0.481,0.526,0.081,0.309,0.314
0.301,0.379,0.746,0.481,0.526,0.081,0.309,0.314
0.301,0.379,0.746,0.481,0.525,0.081,0.309,0.314
0.301,0.379,0.746,0.481,0.525,0.081,0.309,0.313
0.301,0.379,0.745,0.481,0.525,0.081,0.309,0.313
0.301,0.379,0.745,0.481,0.525,0.081,0.309,0.313
0.301,0.379,0.745,0.48,0.525,0.081,0.309,0.313
0.301,0.378,0.745,0.48,0.525,0.081,0.309,0.313
0.301,0.378,0.745,0.48,0.525,0.081,0.309,0.313
0.301,0.378,0.745,0.48,0.525,0.081,0.309,0.313
0.3,0.378,0.745,0.48,0.525,0.081,0.309,0.313
0.3,0.378,0.744,0.48,0.525,0.081,0.309,0.313
0.3,0.378,0.744,0.48,0.524,0.081,0.309,0.313
0.3,0.378,0.744,0.48,0.524,0.081,0.309,0.313
0.3,0.378,0.744,0.48,0.525,0.081,0.309,0.313
0.3,0.378,0.744,0.48,0.524,0.081,0.309,0.312
0.3,0.378,0.744,0.48,0.524,0.081,0.309,0.313
0.3,0.378,0.743,0.48,0.524,0.081,0.309,0.312
0.3,0.377,0.743,0.48,0.524,0.081,0.309,0.312
0.3,0.377,0.743,0.48,0.524,0.081,0.309,0.312
0.3,0.377,0.743,0.48,0.524,0.081,0.309,0.312
0.3,0.377,0.743,0.48,0.524,0.081,0.309,0.312
0.3,0.377,0.743,0.48,0.524,0.081,0.309,0.312
0.3,0.377,0.743,0.48,0.524,0.081,0.309,0.312
0.3,0.377,0.742,0.48,0.524,0.081,0.308,0.312
0.299,0.377,0.742,0.48,0.524,0.081,0.308,0.312
0.3,0.377,0.742,0.48,0.523,0.081,0.308,0.311
0.3,0.377,0.742,0.479,0.523,0.081,0.308,0.312
0.299,0.376,0.742,0.48,0.523,0.081,0.308,0.311
0.299,0.377,0.742,0.479,0.523,0.081,0.308,0.311
0.299,0.377,0.742,0.479,0.523,0.081,0.308,0.311
0.299,0.376,0.741,0.479,0.523,0.081,0.308,0.311
0.299,0.376,0.741,0.479,0.523,0.081,0.308,0.311
0.299,0.376,0.741,0.479,0.523,0.081,0.308,0.311
0.299,0.376,0.741,0.479,0.522,0.081,0.308,0.311
0.299,0.376,0.741,0.479,0.522,0.081,0.308,0.311
0.299,0.376,0.741,0.479,0.522,0.081,0.308,0.311
0.299,0.376,0.741,0.479,0.522,0.081,0.308,0.31
0.299,0.376,0.74,0.479,0.522,0.081,0.308,0.31
0.299,0.376,0.74,0.479,0.522,0.081,0.308,0.31
0.299,0.376,0.74,0.479,0.521,0.081,0.308,0.31
0.298,0.376,0.74,0.478,0.521,0.081,0.308,0.31
0.298,0.376,0.74,0.478,0.521,0.081,0.308,0.31
0.298,0.376,0.74,0.478,0.521,0.081,0.308,0.31
0.298,0.376,0.739,0.478,0.521,0.081,0.307,0.31
0.298,0.376,0.739,0.478,0.52,0.081,0.307,0.31
0.298,0.376,0.739,0.478,0.52,0.081,0.308,0.31
0.298,0.376,0.739,0.478,0.52,0.081,0.307,0.31
0.298,0.376,0.739,0.478,0.52,0.081,0.308,0.31
0.298,0.376,0.738,0.477,0.52,0.081,0.307,0.31
0.298,0.376,0.738,0.478,0.52,0.081,0.307,0.31
0.298,0.376,0.738,0.477,0.52,0.081,0.307,0.31
0.297,0.375,0.738,0.477,0.52,0.081,0.307,0.31
0.297,0.375,0.738,0.477,0.52,0.081,0.307,0.31
0.297,0.375,0.738,0.477,0.519,0.081,0.307,0.31
0.297,0.375,0.738,0.477,0.519,0.081,0.307,0.309
0.297,0.375,0.738,0.477,0.519,0.081,0.307,0.309
0.297,0.375,0.737,0.477,0.519,0.081,0.307,0.309
0.297,0.375,0.737,0.477,0.519,0.081,0.307,0.31
0.297,0.375,0.737,0.476,0.519,0.081,0.307,0.309
0.297,0.375,0.737,0.476,0.519,0.081,0.307,0.309
0.297,0.375,0.737,0.477,0.519,0.081,0.307,0.309
0.297,0.375,0.737,0.476,0.519,0.081,0.307,0.309
0.297,0.375,0.737,0.476,0.519,0.081,0.307,0.309
0.297,0.375,0.736,0.476,0.519,0.081,0.307,0.309
0.297,0.375,0.736,0.476,0.518,0.081,0.307,0.309
0.297,0.375,0.736,0.476,0.518,0.081,0.306,0.309
0.297,0.375,0.736,0.476,0.518,0.081,0.307,0.309
0.297,0.374,0.736,0.476,0.518,0.081,0.306,0.309
0.297,0.374,0.736,0.476,0.518,0.081,0.306,0.309
0.297,0.374,0.736,0.476,0.518,0.081,0.307,0.309
0.296,0.374,0.735,0.476,0.518,0.081,0.306,0.309
0.296,0.374,0.735,0.475,0.518,0.081,0.306,0.309
0.296,0.374,0.735,0.475,0.518,0.081,0.306,0.309
0.296,0.375,0.735,0.475,0.518,0.081,0.306,0.309
0.296,0.374,0.735,0.475,0.517,0.081,0.306,0.308
0.296,0.374,0.735,0.475,0.517,0.081,0.306,0.308
0.296,0.374,0.735,0.475,0.517,0.081,0.306,0.308
0.296,0.374,0.734,0.474,0.517,0.081,0.306,0.308
0.296,0.374,0.734,0.475,0.517,0.081,0.306,0.308
0.296,0.374,0.734,0.474,0.517,0.081,0.306,0.308
0.296,0.374,0.734,0.474,0.517,0.081,0.306,0.308
0.296,0.374,0.734,0.474,0.516,0.081,0.306,0.308
0.296,0.374,0.734,0.474,0.516,0.081,0.306,0.308
0.296,0.374,0.733,0.474,0.516,0.081,0.306,0.308
0.296,0.374,0.733,0.474,0.516,0.081,0.306,0.308
0.296,0.374,0.733,0.473,0.516,0.081,0.306,0.308
0.295,0.374,0.733,0.473,0.516,0.081,0.306,0.308
0.296,0.374,0.733,0.473,0.516,0.081,0.306,0.308
0.295,0.374,0.733,0.473,0.516,0.08,0.306,0.308
0.295,0.374,0.733,0.473,0.516,0.081,0.306,0.308
0.295,0.374,0.732,0.473,0.516,0.081,0.306,0.308
0.295,0.374,0.732,0.472,0.516,0.081,0.305,0.308
0.295,0.374,0.732,0.472,0.516,0.081,0.305,0.308
0.295,0.374,0.732,0.472,0.516,0.081,0.305,0.308
0.295,0.374,0.732,0.472,0.515,0.081,0.305,0.308
0.295,0.374,0.732,0.472,0.515,0.081,0.305,0.308
0.295,0.374,0.732,0.472,0.515,0.081,0.305,0.308
0.295,0.374,0.731,0.472,0.515,0.081,0.305,0.308
0.295,0.374,0.731,0.472,0.515,0.081,0.305,0.308
0.295,0.374,0.731,0.472,0.515,0.081,0.305,0.308
0.295,0.374,0.731,0.471,0.515,0.081,0.305,0.308
0.295,0.374,0.731,0.471,0.515,0.081,0.305,0.307
0.295,0.374,0.731,0.471,0.515,0.081,0.305,0.308
0.295,0.374,0.731,0.471,0.515,0.081,0.305,0.308
0.295,0.374,0.73,0.471,0.515,0.081,0.305,0.307
0.294,0.373,0.73,0.471,0.515,0.081,0.305,0.307
0.295,0.373,0.73,0.471,0.514,0.081,0.305,0.307
0.294,0.373,0.73,0.471,0.514,0.081,0.305,0.307
0.294,0.373,0.73,0.471,0.514,0.081,0.305,0.307
0.294,0.373,0.73,0.471,0.514,0.08,0.305,0.307
0.294,0.373,0.73,0.471,0.514,0.081,0.305,0.307
0.294,0.373,0.729,0.471,0.514,0.081,0.305,0.307
0.294,0.373,0.729,0.471,0.514,0.081,0.304,0.307
0.294,0.373,0.729,0.47,0.514,0.081,0.305,0.307
0.294,0.373,0.729,0.47,0.514,0.081,0.304,0.307
0.294,0.373,0.729,0.47,0.514,0.081,0.304,0.307
0.294,0.373,0.729,0.47,0.514,0.081,0.304,0.307
0.294,0.373,0.729,0.47,0.513,0.08,0.304,0.306
0.294,0.372,0.728,0.47,0.513,0.081,0.304,0.306
0.294,0.372,0.728,0.47,0.513,0.081,0.304,0.306
0.294,0.372,0.728,0.47,0.513,0.081,0.304,0.306
0.293,0.372,0.728,0.47,0.513,0.081,0.304,0.306
0.293,0.372,0.728,0.469,0.513,0.081,0.304,0.306
0.293,0.372,0.728,0.469,0.513,0.08,0.304,0.306
0.293,0.372,0.727,0.469,0.513,0.081,0.304,0.306
0.293,0.372,0.727,0.469,0.513,0.081,0.304,0.306
0.293,0.372,0.727,0.469,0.513,0.08,0.304,0.306
0.293,0.372,0.727,0.469,0.512,0.081,0.304,0.306
0.293,0.372,0.727,0.469,0.512,0.081,0.304,0.306
0.293,0.372,0.727,0.469,0.512,0.081,0.304,0.306
0.293,0.372,0.727,0.469,0.512,0.081,0.304,0.306
0.293,0.372,0.726,0.469,0.512,0.081,0.304,0.306
0.293,0.372,0.726,0.468,0.512,0.08,0.304,0.305
0.293,0.372,0.726,0.469,0.512,0.081,0.303,0.305
0.293,0.372,0.726,0.468,0.512,0.081,0.303,0.305
0.293,0.372,0.726,0.468,0.512,0.08,0.304,0.305
0.293,0.372,0.726,0.468,0.511,0.08,0.303,0.305
0.293,0.372,0.726,0.468,0.511,0.08,0.303,0.305
0.293,0.372,0.725,0.468,0.511,0.081,0.303,0.305
0.292,0.372,0.725,0.468,0.511,0.081,0.303,0.305
0.293,0.373,0.725,0.468,0.511,0.081,0.303,0.305
0.292,0.373,0.725,0.468,0.511,0.081,0.303,0.305
0.292,0.373,0.725,0.467,0.511,0.081,0.303,0.305
0.292,0.373,0.724,0.467,0.511,0.081,0.303,0.305
0.292,0.372,0.724,0.467,0.511,0.08,0.303,0.305
0.292,0.372,0.724,0.467,0.51,0.08,0.303,0.305
0.292,0.372,0.724,0.467,0.51,0.081,0.303,0.305
0.292,0.372,0.724,0.467,0.51,0.081,0.303,0.305
0.292,0.372,0.724,0.467,0.51,0.08,0.303,0.305
0.292,0.372,0.724,0.467,0.51,0.08,0.303,0.305
0.292,0.372,0.724,0.467,0.51,0.081,0.303,0.305
0.292,0.372,0.723,0.466,0.51,0.081,0.303,0.305
0.292,0.372,0.723,0.466,0.51,0.08,0.303,0.305
0.292,0.371,0.723,0.466,0.51,0.08,0.303,0.305
0.292,0.372,0.723,0.466,0.51,0.08,0.303,0.305
0.291,0.372,0.723,0.466,0.51,0.08,0.303,0.305
0.291,0.372,0.723,0.466,0.51,0.08,0.302,0.305
0.291,0.372,0.723,0.466,0.509,0.08,0.302,0.305
0.291,0.372,0.722,0.466,0.509,0.081,0.302,0.304
0.291,0.372,0.722,0.466,0.509,0.08,0.302,0.304
0.291,0.372,0.722,0.466,0.509,0.08,0.302,0.304
0.291,0.372,0.722,0.466,0.509,0.081,0.302,0.304
0.291,0.372,0.722,0.466,0.509,0.08,0.302,0.304
0.291,0.372,0.722,0.465,0.509,0.08,0.302,0.304
0.291,0.372,0.722,0.465,0.509,0.08,0.302,0.304
0.291,0.371,0.721,0.465,0.509,0.08,0.302,0.304
0.291,0.372,0.721,0.465,0.509,0.08,0.302,0.304
0.291,0.371,0.721,0.465,0.509,0.08,0.302,0.304
0.291,0.371,0.721,0.465,0.509,0.081,0.302,0.304
0.291,0.371,0.721,0.465,0.508,0.081,0.302,0.304
0.291,0.371,0.721,0.465,0.509,0.08,0.302,0.304
0.291,0.371,0.721,0.465,0.508,0.081,0.302,0.304
0.291,0.371,0.72,0.465,0.508,0.08,0.302,0.304
0.291,0.371,0.72,0.465,0.508,0.08,0.302,0.304
0.29,0.371,0.72,0.465,0.508,0.08,0.302,0.304
0.29,0.371,0.72,0.465,0.508,0.081,0.302,0.304
0.29,0.371,0.72,0.464,0.508,0.081,0.302,0.304
0.29,0.37,0.72,0.464,0.508,0.081,0.302,0.304
0.29,0.371,0.72,0.464,0.508,0.081,0.301,0.304
0.29,0.37,0.72,0.464,0.508,0.08,0.301,0.304
0.29,0.37,0.719,0.464,0.508,0.08,0.301,0.303
0.29,0.37,0.719,0.464,0.508,0.08,0.301,0.303
0.29,0.37,0.719,0.464,0.507,0.08,0.301,0.304
0.29,0.37,0.719,0.464,0.507,0.081,0.301,0.304
0.29,0.37,0.719,0.464,0.507,0.08,0.301,0.303
0.29,0.37,0.719,0.464,0.507,0.08,0.301,0.303
0.29,0.37,0.718,0.464,0.507,0.08,0.301,0.303
0.29,0.37,0.718,0.464,0.507,0.081,0.301,0.303
0.29,0.37,0.718,0.463,0.507,0.08,0.301,0.303
0.289,0.37,0.718,0.463,0.507,0.08,0.301,0.303
0.29,0.37,0.718,0.463,0.507,0.081,0.301,0.303
0.29,0.37,0.718,0.463,0.507,0.081,0.301,0.303
0.289,0.37,0.718,0.463,0.507,0.08,0.301,0.303
0.289,0.37,0.717,0.463,0.507,0.08,0.301,0.303
0.289,0.369,0.717,0.463,0.507,0.08,0.301,0.303
0.289,0.369,0.717,0.463,0.506,0.08,0.301,0.303
0.289,0.37,0.717,0.463,0.506,0.08,0.301,0.303
0.289,0.369,0.717,0.463,0.506,0.08,0.301,0.303
0.289,0.369,0.717,0.463,0.506,0.08,0.301,0.303
0.289,0.369,0.717,0.463,0.506,0.08,0.3,0.303
0.289,0.369,0.717,0.463,0.506,0.08,0.3,0.303
0.289,0.369,0.716,0.463,0.506,0.081,0.3,0.303
0.289,0.369,0.716,0.463,0.506,0.08,0.3,0.302
0.289,0.369,0.716,0.462,0.506,0.08,0.3,0.303
0.289,0.369,0.716,0.462,0.506,0.081,0.3,0.302
0.289,0.369,0.716,0.462,0.506,0.08,0.3,0.302
0.289,0.369,0.716,0.462,0.506,0.08,0.3,0.302
0.289,0.369,0.715,0.462,0.505,0.08,0.3,0.302
0.289,0.369,0.715,0.462,0.505,0.08,0.3,0.302
0.288,0.369,0.715,0.462,0.505,0.08,0.3,0.302
0.289,0.369,0.715,0.462,0.505,0.081,0.3,0.302
0.289,0.369,0.715,0.462,0.505,0.08,0.3,0.302
0.288,0.369,0.715,0.462,0.505,0.08,0.3,0.302
0.288,0.369,0.714,0.462,0.505,0.081,0.3,0.302
0.288,0.369,0.714,0.462,0.505,0.08,0.3,0.302
0.288,0.369,0.714,0.461,0.505,0.08,0.3,0.302
0.288,0.369,0.714,0.461,0.505,0.08,0.3,0.302
0.288,0.369,0.714,0.461,0.505,0.08,0.3,0.302
0.288,0.368,0.714,0.461,0.504,0.081,0.3,0.302
0.288,0.368,0.714,0.461,0.504,0.08,0.3,0.302
0.288,0.368,0.713,0.461,0.504,0.08,0.3,0.301
0.288,0.368,0.713,0.461,0.504,0.08,0.3,0.302
0.288,0.369,0.713,0.461,0.504,0.08,0.299,0.301
0.288,0.369,0.713,0.461,0.504,0.08,0.3,0.301
0.288,0.368,0.713,0.461,0.504,0.08,0.299,0.301
0.288,0.368,0.713,0.46,0.504,0.08,0.299,0.301
0.288,0.368,0.713,0.461,0.504,0.08,0.299,0.301
0.287,0.368,0.712,0.46,0.504,0.08,0.299,0.301
0.288,0.368,0.712,0.46,0.504,0.08,0.299,0.301
0.288,0.368,0.712,0.46,0.504,0.08,0.299,0.301
0.288,0.368,0.712,0.46,0.504,0.081,0.299,0.301
0.288,0.368,0.712,0.46,0.503,0.08,0.299,0.301
0.288,0.368,0.712,0.46,0.503,0.08,0.299,0.301
0.287,0.368,0.712,0.46,0.503,0.08,0.299,0.301
0.287,0.368,0.711,0.459,0.503,0.081,0.299,0.301
0.287,0.368,0.711,0.46,0.503,0.08,0.299,0.3
0.287,0.368,0.711,0.459,0.503,0.08,0.299,0.3
0.287,0.368,0.711,0.459,0.503,0.08,0.299,0.3
0.287,0.368,0.711,0.459,0.503,0.08,0.299,0.3
0.287,0.368,0.711,0.459,0.503,0.08,0.299,0.3
0.287,0.368,0.711,0.459,0.503,0.08,0.299,0.3
0.287,0.368,0.71,0.459,0.503,0.08,0.299,0.3
0.287,0.368,0.71,0.459,0.503,0.08,0.298,0.3
0.287,0.368,0.71,0.459,0.503,0.08,0.298,0.3
0.287,0.368,0.71,0.459,0.503,0.08,0.298,0.3
0.287,0.368,0.71,0.459,0.503,0.08,0.298,0.3
0.287,0.368,0.71,0.459,0.503,0.08,0.299,0.3
0.287,0.368,0.71,0.459,0.503,0.08,0.298,0.3
0.287,0.368,0.71,0.459,0.503,0.08,0.298,0.299
0.286,0.368,0.71,0.459,0.502,0.08,0.298,0.299
0.286,0.368,0.709,0.459,0.502,0.08,0.298,0.299
0.286,0.367,0.709,0.459,0.502,0.08,0.298,0.299
0.286,0.367,0.709,0.459,0.502,0.081,0.298,0.299
0.286,0.367,0.709,0.458,0.502,0.08,0.298,0.299
0.286,0.367,0.709,0.458,0.502,0.08,0.298,0.299
0.286,0.367,0.709,0.458,0.502,0.08,0.298,0.299
0.286,0.367,0.709,0.458,0.502,0.08,0.298,0.299
0.286,0.367,0.708,0.458,0.502,0.08,0.298,0.299
0.286,0.367,0.708,0.458,0.502,0.08,0.298,0.299
0.286,0.367,0.708,0.458,0.501,0.08,0.298,0.299
0.286,0.367,0.708,0.458,0.501,0.08,0.298,0.298
0.286,0.367,0.708,0.458,0.501,0.08,0.298,0.299
0.286,0.367,0.708,0.458,0.501,0.08,0.298,0.298
0.286,0.367,0.708,0.458,0.501,0.08,0.298,0.298
0.285,0.367,0.708,0.458,0.501,0.08,0.297,0.298
0.286,0.367,0.707,0.458,0.5,0.08,0.297,0.298
0.285,0.367,0.707,0.457,0.5,0.08,0.297,0.298
0.285,0.367,0.707,0.457,0.5,0.08,0.297,0.298
0.285,0.366,0.707,0.457,0.5,0.08,0.297,0.298
0.285,0.366,0.707,0.457,0.5,0.08,0.297,0.298
0.285,0.366,0.707,0.457,0.5,0.08,0.297,0.297
0.285,0.366,0.707,0.457,0.5,0.08,0.297,0.297
0.285,0.366,0.707,0.457,0.5,0.08,0.297,0.297
0.285,0.366,0.706,0.457,0.499,0.08,0.297,0.297
0.285,0.366,0.706,0.457,0.499,0.08,0.297,0.297
0.285,0.366,0.706,0.457,0.499,0.08,0.297,0.297
0.285,0.366,0.706,0.456,0.499,0.08,0.297,0.297
0.285,0.366,0.706,0.456,0.499,0.08,0.297,0.296
0.285,0.366,0.706,0.456,0.499,0.08,0.297,0.296
0.285,0.366,0.706,0.456,0.499,0.08,0.297,0.296
0.284,0.366,0.706,0.456,0.499,0.08,0.297,0.296
0.284,0.366,0.705,0.456,0.498,0.08,0.297,0.296
0.284,0.366,0.705,0.456,0.498,0.08,0.297,0.296
0.284,0.365,0.705,0.456,0.498,0.08,0.297,0.296
0.284,0.365,0.705,0.455,0.498,0.08,0.297,0.296
0.284,0.365,0.705,0.455,0.498,0.08,0.297,0.296
0.284,0.365,0.705,0.455,0.497,0.08,0.296,0.295
0.284,0.365,0.705,0.455,0.497,0.08,0.296,0.295
0.284,0.365,0.704,0.455,0.497,0.08,0.297,0.295
0.284,0.365,0.704,0.455,0.497,0.08,0.296,0.295
0.284,0.365,0.704,0.455,0.497,0.08,0.296,0.295
0.283,0.365,0.704,0.455,0.497,0.08,0.296,0.295
0.284,0.365,0.704,0.455,0.497,0.08,0.296,0.295
0.284,0.365,0.704,0.454,0.496,0.08,0.296,0.295
0.283,0.365,0.704,0.454,0.496,0.08,0.296,0.295
0.283,0.365,0.704,0.454,0.496,0.08,0.296,0.295
0.283,0.365,0.704,0.454,0.496,0.08,0.296,0.294
0.283,0.365,0.704,0.454,0.496,0.08,0.296,0.294
0.283,0.365,0.703,0.454,0.496,0.08,0.296,0.294
0.283,0.365,0.703,0.454,0.496,0.08,0.296,0.294
0.283,0.364,0.703,0.454,0.495,0.08,0.296,0.294
0.283,0.364,0.703,0.454,0.496,0.08,0.296,0.294
0.283,0.364,0.703,0.454,0.495,0.08,0.296,0.294
0.283,0.364,0.703,0.454,0.495,0.08,0.296,0.294
0.283,0.364,0.702,0.454,0.495,0.08,0.296,0.294
0.283,0.364,0.702,0.454,0.495,0.08,0.295,0.294
0.282,0.364,0.702,0.454,0.495,0.08,0.295,0.294
0.282,0.364,0.702,0.454,0.495,0.08,0.295,0.294
0.282,0.364,0.702,0.454,0.495,0.08,0.295,0.294
0.282,0.364,0.702,0.454,0.494,0.08,0.295,0.294
0.282,0.364,0.702,0.454,0.494,0.08,0.295,0.294
0.282,0.364,0.701,0.453,0.494,0.08,0.295,0.294
0.282,0.364,0.701,0.453,0.494,0.08,0.295,0.294
0.282,0.364,0.701,0.453,0.494,0.08,0.295,0.293
0.282,0.364,0.701,0.453,0.494,0.08,0.295,0.293
0.282,0.364,0.701,0.453,0.494,0.08,0.295,0.293
0.282,0.364,0.701,0.453,0.494,0.08,0.295,0.293
0.282,0.363,0.701,0.453,0.493,0.08,0.295,0.293
0.282,0.363,0.701,0.453,0.493,0.08,0.295,0.293
0.282,0.363,0.7,0.453,0.493,0.08,0.295,0.293
0.282,0.363,0.7,0.453,0.493,0.08,0.295,0.293
0.282,0.363,0.7,0.452,0.493,0.08,0.295,0.293
0.281,0.363,0.7,0.452,0.493,0.08,0.295,0.293
0.281,0.363,0.7,0.452,0.493,0.08,0.295,0.293
0.281,0.363,0.7,0.452,0.493,0.08,0.295,0.293
0.281,0.363,0.7,0.452,0.493,0.08,0.295,0.293
0.281,0.363,0.699,0.452,0.492,0.08,0.294,0.293
0.281,0.363,0.699,0.452,0.492,0.08,0.294,0.293
0.281,0.363,0.699,0.452,0.492,0.08,0.294,0.293
0.281,0.363,0.699,0.452,0.492,0.08,0.294,0.293
0.281,0.363,0.699,0.452,0.492,0.08,0.294,0.293
0.281,0.363,0.699,0.451,0.492,0.08,0.294,0.293
0.281,0.363,0.699,0.451,0.492,0.08,0.294,0.292
0.281,0.363,0.699,0.451,0.492,0.08,0.294,0.292
0.281,0.363,0.698,0.451,0.492,0.08,0.294,0.292
0.281,0.362,0.698,0.451,0.491,0.08,0.294,0.292
0.281,0.362,0.698,0.451,0.491,0.08,0.294,0.292
0.28,0.362,0.698,0.451,0.491,0.08,0.294,0.293
0.28,0.362,0.698,0.451,0.491,0.08,0.294,0.292
0.28,0.362,0.698,0.451,0.491,0.08,0.294,0.292
0.28,0.362,0.698,0.451,0.491,0.08,0.294,0.292
0.28,0.362,0.697,0.451,0.491,0.08,0.294,0.292
0.28,0.362,0.697,0.45,0.491,0.08,0.294,0.292
0.28,0.362,0.697,0.45,0.491,0.08,0.294,0.292
0.28,0.362,0.697,0.45,0.49,0.08,0.293,0.292
0.28,0.362,0.697,0.45,0.49,0.08,0.293,0.292
0.28,0.362,0.697,0.45,0.49,0.08,0.293,0.292
0.28,0.362,0.697,0.45,0.49,0.08,0.294,0.292
0.28,0.362,0.696,0.45,0.49,0.08,0.293,0.292
0.28,0.362,0.696,0.45,0.49,0.08,0.293,0.292
0.28,0.362,0.696,0.45,0.49,0.08,0.293,0.292
0.28,0.362,0.696,0.45,0.49,0.08,0.293,0.292
0.279,0.361,0.696,0.45,0.49,0.08,0.293,0.292
0.279,0.361,0.696,0.449,0.49,0.08,0.293,0.292
0.279,0.361,0.696,0.449,0.489,0.08,0.293,0.292
0.279,0.361,0.696,0.449,0.489,0.08,0.293,0.292
0.279,0.362,0.695,0.449,0.489,0.08,0.293,0.292
0.279,0.361,0.695,0.449,0.489,0.08,0.293,0.291
0.279,0.362,0.695,0.449,0.489,0.08,0.293,0.291
0.279,0.362,0.695,0.449,0.489,0.08,0.293,0.291
0.279,0.361,0.695,0.449,0.489,0.08,0.293,0.291
0.279,0.362,0.695,0.448,0.489,0.08,0.293,0.291
0.279,0.362,0.694,0.448,0.489,0.08,0.293,0.291
0.279,0.361,0.694,0.448,0.489,0.08,0.293,0.291
0.279,0.361,0.694,0.448,0.488,0.08,0.293,0.291
0.279,0.361,0.694,0.448,0.488,0.08,0.292,0.291
0.279,0.361,0.694,0.448,0.488,0.08,0.293,0.291
0.279,0.361,0.694,0.448,0.488,0.08,0.293,0.291
0.279,0.361,0.694,0.448,0.488,0.08,0.292,0.291
0.279,0.361,0.694,0.448,0.488,0.08,0.292,0.291
0.278,0.361,0.693,0.448,0.488,0.08,0.292,0.291
0.278,0.361,0.693,0.448,0.488,0.08,0.292,0.291
0.278,0.361,0.693,0.448,0.488,0.08,0.292,0.291
0.279,0.361,0.693,0.448,0.488,0.08,0.292,0.291
0.278,0.361,0.693,0.447,0.488,0.08,0.292,0.291
0.278,0.361,0.693,0.447,0.488,0.08,0.292,0.291
0.278,0.361,0.693,0.447,0.488,0.08,0.292,0.291
0.278,0.36,0.692,0.447,0.488,0.08,0.292,0.29
0.278,0.36,0.692,0.447,0.487,0.08,0.292,0.29
0.278,0.36,0.692,0.447,0.487,0.08,0.292,0.29
0.278,0.36,0.692,0.447,0.487,0.08,0.292,0.29
0.278,0.36,0.692,0.447,0.487,0.08,0.292,0.29
0.278,0.36,0.692,0.447,0.487,0.08,0.292,0.29
0.277,0.36,0.692,0.447,0.487,0.08,0.292,0.29
0.278,0.36,0.692,0.447,0.487,0.08,0.292,0.29
0.278,0.36,0.691,0.447,0.487,0.08,0.292,0.29
0.278,0.36,0.691,0.447,0.487,0.08,0.292,0.29
0.277,0.36,0.691,0.446,0.487,0.079,0.292,0.29
0.277,0.36,0.691,0.446,0.487,0.08,0.292,0.29
0.277,0.36,0.691,0.446,0.486,0.08,0.292,0.29
0.277,0.36,0.691,0.446,0.486,0.079,0.292,0.29
0.277,0.36,0.69,0.446,0.486,0.079,0.291,0.29
0.277,0.359,0.69,0.446,0.486,0.08,0.291,0.29
0.277,0.359,0.69,0.446,0.486,0.08,0.291,0.29
0.277,0.359,0.69,0.446,0.486,0.08,0.291,0.29
0.277,0.359,0.69,0.446,0.486,0.079,0.291,0.289
0.277,0.359,0.69,0.446,0.486,0.079,0.291,0.289
0.277,0.359,0.69,0.446,0.486,0.079,0.291,0.289
0.277,0.359,0.69,0.446,0.486,0.08,0.291,0.289
0.277,0.359,0.689,0.446,0.485,0.079,0.291,0.289
0.277,0.359,0.689,0.446,0.485,0.079,0.291,0.289
0.277,0.359,0.689,0.446,0.485,0.08,0.291,0.289
0.276,0.359,0.689,0.446,0.485,0.079,0.291,0.289
0.277,0.359,0.689,0.445,0.485,0.079,0.291,0.289
0.276,0.359,0.689,0.445,0.485,0.079,0.291,0.289
0.276,0.359,0.689,0.445,0.485,0.079,0.291,0.289
0.276,0.359,0.689,0.445,0.485,0.079,0.291,0.289
0.276,0.359,0.688,0.445,0.485,0.079,0.291,0.289
0.276,0.359,0.688,0.445,0.485,0.08,0.291,0.289
0.276,0.359,0.688,0.445,0.485,0.079,0.29,0.289
0.276,0.359,0.688,0.445,0.485,0.079,0.291,0.289
0.276,0.359,0.688,0.445,0.485,0.079,0.29,0.289
0.276,0.359,0.688,0.445,0.485,0.08,0.29,0.289
0.276,0.359,0.688,0.445,0.485,0.079,0.29,0.289
0.276,0.359,0.688,0.445,0.485,0.079,0.29,0.289
0.276,0.359,0.687,0.445,0.484,0.079,0.29,0.289
0.276,0.359,0.687,0.445,0.484,0.079,0.29,0.289
0.276,0.359,0.687,0.445,0.484,0.079,0.29,0.289
0.276,0.359,0.687,0.445,0.484,0.079,0.29,0.289
0.275,0.359,0.687,0.444,0.484,0.079,0.29,0.288
0.275,0.359,0.687,0.444,0.484,0.079,0.29,0.289
0.275,0.359,0.686,0.444,0.484,0.079,0.29,0.288
0.275,0.359,0.686,0.444,0.484,0.079,0.29,0.288
0.275,0.359,0.686,0.444,0.484,0.079,0.29,0.288
0.275,0.359,0.686,0.444,0.484,0.079,0.29,0.288
0.275,0.359,0.686,0.444,0.484,0.079,0.29,0.288
0.275,0.359,0.686,0.444,0.483,0.079,0.29,0.288
0.275,0.358,0.686,0.444,0.483,0.079,0.29,0.288
0.275,0.359,0.686,0.444,0.483,0.079,0.29,0.288
0.275,0.358,0.686,0.443,0.483,0.079,0.29,0.288
0.275,0.359,0.685,0.443,0.483,0.079,0.29,0.288
0.275,0.358,0.685,0.443,0.483,0.079,0.289,0.288
0.275,0.358,0.685,0.443,0.483,0.079,0.289,0.288
0.275,0.358,0.685,0.443,0.483,0.079,0.29,0.288
0.275,0.358,0.685,0.443,0.483,0.079,0.289,0.288
0.275,0.358,0.685,0.443,0.483,0.079,0.289,0.288
0.275,0.358,0.685,0.443,0.483,0.079,0.289,0.288
0.274,0.358,0.685,0.443,0.482,0.079,0.289,0.288
0.274,0.358,0.684,0.443,0.483,0.079,0.289,0.288
0.274,0.358,0.684,0.442,0.482,0.079,0.289,0.288
0.274,0.358,0.684,0.442,0.482,0.079,0.289,0.288
0.274,0.358,0.684,0.442,0.482,0.079,0.289,0.288
0.274,0.358,0.684,0.442,0.482,0.079,0.289,0.288
0.274,0.358,0.684,0.442,0.482,0.079,0.289,0.288
0.274,0.358,0.684,0.442,0.482,0.079,0.289,0.288
0.274,0.358,0.683,0.442,0.482,0.079,0.289,0.287
0.274,0.358,0.683,0.442,0.482,0.079,0.289,0.287
0.274,0.358,0.684,0.442,0.482,0.079,0.289,0.287
0.274,0.358,0.683,0.442,0.482,0.079,0.289,0.287
0.274,0.357,0.683,0.442,0.482,0.079,0.289,0.287
0.274,0.357,0.683,0.442,0.481,0.079,0.289,0.287
0.274,0.357,0.683,0.442,0.481,0.079,0.289,0.287
0.274,0.357,0.683,0.442,0.481,0.079,0.289,0.287
0.274,0.357,0.683,0.441,0.481,0.079,0.289,0.287
0.274,0.357,0.682,0.441,0.481,0.079,0.288,0.287
0.274,0.357,0.682,0.441,0.481,0.079,0.288,0.287
0.274,0.357,0.682,0.441,0.481,0.079,0.288,0.287
0.274,0.357,0.682,0.441,0.481,0.079,0.288,0.287
0.273,0.357,0.682,0.441,0.481,0.079,0.288,0.287
0.274,0.357,0.682,0.441,0.481,0.079,0.288,0.287
0.274,0.357,0.682,0.441,0.481,0.079,0.288,0.287
0.274,0.357,0.682,0.441,0.481,0.079,0.288,0.287
0.273,0.357,0.682,0.441,0.481,0.079,0.288,0.287
0.273,0.357,0.681,0.441,0.481,0.079,0.288,0.287
0.273,0.356,0.681,0.441,0.481,0.079,0.288,0.287
0.273,0.356,0.681,0.441,0.481,0.079,0.288,0.287
0.273,0.356,0.681,0.441,0.481,0.079,0.288,0.287
0.273,0.356,0.681,0.441,0.48,0.079,0.288,0.287
0.273,0.357,0.681,0.44,0.481,0.079,0.288,0.287
0.273,0.357,0.681,0.44,0.481,0.079,0.288,0.287
0.273,0.357,0.681,0.441,0.481,0.079,0.288,0.287
0.273,0.357,0.68,0.44,0.481,0.079,0.288,0.287
0.273,0.356,0.68,0.44,0.48,0.079,0.288,0.287
0.273,0.357,0.68,0.44,0.48,0.079,0.288,0.286
0.273,0.357,0.68,0.44,0.48,0.079,0.288,0.286
0.273,0.356,0.68,0.44,0.48,0.079,0.288,0.286
0.273,0.356,0.68,0.44,0.48,0.079,0.288,0.286
0.273,0.356,0.68,0.44,0.48,0.079,0.287,0.286
0.273,0.356,0.679,0.44,0.48,0.079,0.287,0.286
0.273,0.356,0.679,0.44,0.48,0.079,0.287,0.286
0.273,0.356,0.679,0.44,0.48,0.079,0.288,0.286
0.272,0.356,0.679,0.44,0.48,0.079,0.287,0.286
0.272,0.356,0.679,0.44,0.48,0.079,0.287,0.286
0.272,0.356,0.679,0.44,0.48,0.079,0.287,0.286
0.272,0.356,0.679,0.44,0.479,0.079,0.287,0.286
0.272,0.356,0.679,0.439,0.479,0.079,0.287,0.286
0.272,0.356,0.678,0.439,0.479,0.079,0.287,0.286
0.272,0.356,0.678,0.439,0.479,0.079,0.287,0.286
0.272,0.356,0.678,0.439,0.479,0.079,0.287,0.286
0.272,0.356,0.678,0.439,0.479,0.079,0.287,0.286
0.272,0.356,0.678,0.439,0.479,0.079,0.287,0.286
0.272,0.356,0.678,0.439,0.479,0.079,0.287,0.286
0.272,0.356,0.678,0.439,0.479,0.079,0.287,0.286
0.272,0.356,0.677,0.439,0.479,0.079,0.287,0.286
0.272,0.356,0.677,0.439,0.479,0.079,0.287,0.286
0.272,0.356,0.677,0.438,0.479,0.079,0.287,0.286
0.272,0.356,0.677,0.438,0.479,0.079,0.287,0.286
0.272,0.355,0.677,0.438,0.479,0.079,0.287,0.286
0.272,0.355,0.677,0.438,0.479,0.079,0.287,0.286
0.272,0.355,0.677,0.438,0.479,0.079,0.287,0.286
0.272,0.355,0.676,0.438,0.478,0.079,0.286,0.286
0.272,0.355,0.676,0.438,0.478,0.079,0.286,0.286
0.272,0.355,0.676,0.438,0.478,0.079,0.286,0.286
0.271,0.355,0.676,0.438,0.478,0.079,0.286,0.286
0.272,0.355,0.676,0.438,0.478,0.079,0.286,0.286
0.271,0.355,0.676,0.437,0.478,0.079,0.286,0.286
0.271,0.355,0.676,0.437,0.478,0.079,0.286,0.286
0.271,0.355,0.676,0.438,0.478,0.079,0.286,0.286
0.271,0.355,0.676,0.437,0.478,0.079,0.286,0.286
0.271,0.355,0.675,0.437,0.478,0.079,0.286,0.285
0.271,0.355,0.675,0.437,0.478,0.079,0.286,0.285
0.271,0.355,0.675,0.437,0.478,0.079,0.286,0.285
0.271,0.355,0.675,0.437,0.478,0.079,0.286,0.285
0.271,0.354,0.675,0.437,0.478,0.079,0.286,0.285
0.271,0.355,0.675,0.437,0.478,0.079,0.286,0.285
0.271,0.355,0.674,0.437,0.478,0.079,0.286,0.285
0.271,0.354,0.674,0.437,0.478,0.079,0.286,0.285
0.271,0.355,0.674,0.437,0.478,0.079,0.286,0.285
0.271,0.354,0.674,0.437,0.478,0.079,0.286,0.285
0.271,0.354,0.674,0.437,0.478,0.079,0.286,0.285
0.271,0.354,0.674,0.437,0.478,0.079,0.286,0.285
0.271,0.354,0.674,0.437,0.478,0.079,0.286,0.285
0.271,0.354,0.674,0.437,0.478,0.079,0.286,0.285
0.271,0.354,0.674,0.437,0.478,0.079,0.286,0.285
0.271,0.354,0.673,0.437,0.478,0.079,0.286,0.285
0.271,0.354,0.673,0.437,0.478,0.079,0.285,0.285
0.271,0.354,0.673,0.436,0.478,0.079,0.285,0.285
0.271,0.354,0.673,0.436,0.478,0.079,0.285,0.285
0.271,0.354,0.673,0.437,0.478,0.079,0.285,0.285
0.27,0.354,0.673,0.436,0.478,0.079,0.285,0.285
0.27,0.354,0.673,0.437,0.477,0.079,0.285,0.285
0.27,0.354,0.673,0.436,0.477,0.079,0.285,0.285
0.27,0.354,0.672,0.436,0.477,0.079,0.285,0.284
0.27,0.354,0.672,0.436,0.477,0.079,0.285,0.284
0.27,0.354,0.672,0.436,0.477,0.079,0.285,0.285
0.27,0.354,0.672,0.436,0.477,0.079,0.285,0.284
0.27,0.353,0.672,0.436,0.477,0.079,0.285,0.284
0.27,0.353,0.672,0.436,0.477,0.079,0.285,0.284
0.27,0.353,0.672,0.436,0.477,0.079,0.285,0.284
0.27,0.353,0.671,0.436,0.477,0.079,0.285,0.284
0.27,0.353,0.671,0.436,0.477,0.079,0.285,0.284
0.27,0.353,0.671,0.436,0.477,0.079,0.285,0.284
0.27,0.353,0.671,0.436,0.477,0.079,0.285,0.284
0.27,0.353,0.671,0.436,0.476,0.079,0.285,0.284
0.27,0.353,0.671,0.436,0.476,0.079,0.285,0.284
0.27,0.353,0.671,0.436,0.476,0.079,0.285,0.284
0.27,0.353,0.671,0.436,0.476,0.079,0.284,0.284
0.27,0.353,0.67,0.436,0.476,0.079,0.284,0.284
0.27,0.353,0.671,0.436,0.476,0.079,0.284,0.284
0.27,0.353,0.67,0.436,0.476,0.079,0.284,0.284
0.27,0.353,0.67,0.436,0.476,0.079,0.284,0.284
0.27,0.353,0.67,0.436,0.476,0.079,0.284,0.283
0.27,0.353,0.67,0.435,0.476,0.079,0.284,0.284
0.27,0.353,0.67,0.436,0.475,0.079,0.284,0.284
0.27,0.352,0.67,0.436,0.475,0.079,0.284,0.283
0.27,0.353,0.67,0.435,0.475,0.079,0.284,0.284
0.27,0.352,0.669,0.436,0.475,0.079,0.284,0.283
0.269,0.352,0.669,0.435,0.475,0.079,0.284,0.283
0.269,0.352,0.669,0.435,0.475,0.079,0.284,0.283
0.269,0.352,0.669,0.435,0.475,0.079,0.284,0.283
0.269,0.352,0.669,0.435,0.475,0.079,0.284,0.283
0.269,0.352,0.669,0.435,0.475,0.079,0.284,0.283
0.269,0.352,0.669,0.435,0.475,0.079,0.284,0.283
0.269,0.352,0.669,0.435,0.475,0.079,0.284,0.283
0.269,0.352,0.669,0.435,0.475,0.079,0.284,0.283
0.269,0.352,0.668,0.435,0.475,0.079,0.284,0.283
0.269,0.352,0.668,0.435,0.475,0.079,0.284,0.283
0.269,0.352,0.668,0.435,0.474,0.079,0.284,0.283
0.269,0.352,0.668,0.435,0.474,0.079,0.283,0.283
0.269,0.352,0.668,0.435,0.474,0.079,0.283,0.283
0.269,0.352,0.668,0.435,0.474,0.079,0.283,0.283
0.269,0.352,0.668,0.434,0.474,0.079,0.284,0.283
0.269,0.352,0.667,0.434,0.474,0.079,0.283,0.283
0.269,0.352,0.667,0.434,0.474,0.079,0.283,0.283
0.269,0.352,0.667,0.434,0.474,0.079,0.283,0.283
0.269,0.352,0.667,0.434,0.474,0.079,0.283,0.283
0.269,0.352,0.667,0.434,0.474,0.079,0.283,0.283
0.269,0.352,0.667,0.434,0.474,0.079,0.283,0.283
0.268,0.352,0.667,0.434,0.473,0.079,0.283,0.283
0.269,0.352,0.667,0.434,0.473,0.079,0.283,0.283
0.269,0.352,0.666,0.434,0.473,0.079,0.283,0.283
0.269,0.352,0.667,0.433,0.473,0.079,0.283,0.283
0.268,0.352,0.666,0.434,0.473,0.079,0.283,0.283
0.268,0.352,0.666,0.433,0.473,0.079,0.283,0.283
0.268,0.352,0.666,0.433,0.473,0.079,0.283,0.283
0.268,0.352,0.666,0.433,0.473,0.079,0.283,0.283
0.268,0.352,0.666,0.433,0.473,0.079,0.283,0.283
0.268,0.352,0.665,0.433,0.473,0.079,0.283,0.282
0.268,0.352,0.666,0.433,0.473,0.079,0.283,0.283
0.268,0.352,0.665,0.433,0.473,0.079,0.283,0.283
0.268,0.352,0.665,0.433,0.473,0.079,0.283,0.283
0.268,0.352,0.665,0.433,0.473,0.079,0.283,0.283
0.268,0.352,0.665,0.433,0.473,0.079,0.283,0.282
0.268,0.352,0.665,0.433,0.473,0.079,0.283,0.283
0.268,0.352,0.665,0.433,0.473,0.079,0.283,0.282
0.268,0.352,0.665,0.433,0.473,0.079,0.282,0.282
0.268,0.351,0.664,0.432,0.473,0.079,0.282,0.282
0.268,0.351,0.664,0.432,0.473,0.079,0.282,0.282
0.268,0.351,0.664,0.432,0.473,0.079,0.282,0.282
0.268,0.351,0.664,0.432,0.473,0.079,0.282,0.282
0.268,0.351,0.664,0.432,0.473,0.079,0.282,0.282
0.268,0.351,0.664,0.432,0.472,0.079,0.282,0.282
0.268,0.351,0.664,0.432,0.472,0.079,0.282,0.282
0.268,0.351,0.664,0.432,0.472,0.079,0.282,0.282
0.268,0.351,0.664,0.432,0.472,0.079,0.282,0.282
0.268,0.351,0.663,0.432,0.472,0.079,0.282,0.282
0.267,0.351,0.663,0.432,0.472,0.079,0.282,0.282
0.268,0.351,0.663,0.432,0.472,0.079,0.282,0.282
0.267,0.351,0.663,0.432,0.472,0.079,0.282,0.282
0.267,0.351,0.663,0.432,0.472,0.079,0.282,0.282
0.267,0.351,0.663,0.432,0.472,0.079,0.282,0.282
0.267,0.351,0.663,0.431,0.471,0.079,0.282,0.282
0.267,0.351,0.663,0.431,0.471,0.079,0.282,0.282
0.268,0.351,0.662,0.431,0.471,0.079,0.282,0.282
0.267,0.351,0.662,0.431,0.471,0.079,0.282,0.282
0.267,0.351,0.662,0.431,0.471,0.079,0.282,0.282
0.267,0.351,0.662,0.431,0.471,0.079,0.282,0.282
0.267,0.351,0.662,0.431,0.471,0.079,0.282,0.282
0.267,0.351,0.662,0.431,0.471,0.079,0.282,0.282
0.267,0.351,0.662,0.431,0.471,0.079,0.282,0.282
0.267,0.351,0.662,0.431,0.471,0.079,0.282,0.282
0.267,0.351,0.661,0.431,0.471,0.079,0.281,0.282
0.267,0.351,0.661,0.431,0.471,0.079,0.281,0.282
0.267,0.351,0.661,0.431,0.471,0.079,0.281,0.282
0.267,0.351,0.661,0.43,0.471,0.079,0.281,0.282
0.267,0.351,0.661,0.43,0.471,0.079,0.281,0.282
0.267,0.351,0.661,0.43,0.471,0.079,0.281,0.282
0.267,0.351,0.661,0.43,0.47,0.079,0.281,0.282
0.267,0.351,0.661,0.43,0.471,0.079,0.281,0.281
0.267,0.351,0.661,0.43,0.47,0.079,0.281,0.281
0.267,0.351,0.66,0.43,0.47,0.079,0.281,0.281
0.267,0.351,0.66,0.43,0.47,0.079,0.281,0.281
0.267,0.351,0.66,0.43,0.47,0.079,0.281,0.281
0.267,0.351,0.66,0.43,0.47,0.079,0.281,0.281
0.266,0.351,0.66,0.43,0.47,0.079,0.281,0.281
0.267,0.351,0.66,0.429,0.47,0.079,0.281,0.281
0.266,0.351,0.66,0.429,0.47,0.079,0.281,0.281
0.266,0.351,0.659,0.429,0.47,0.079,0.281,0.281
0.266,0.351,0.659,0.429,0.47,0.079,0.281,0.281
0.266,0.351,0.659,0.429,0.47,0.079,0.281,0.281
0.266,0.351,0.659,0.429,0.47,0.079,0.281,0.281
0.266,0.351,0.659,0.429,0.47,0.079,0.281,0.281
0.266,0.351,0.659,0.429,0.47,0.079,0.281,0.281
0.266,0.351,0.659,0.429,0.469,0.079,0.28,0.281
0.266,0.351,0.659,0.429,0.469,0.079,0.281,0.281
0.266,0.351,0.659,0.429,0.469,0.079,0.281,0.281
0.266,0.351,0.659,0.429,0.469,0.079,0.28,0.281
0.266,0.351,0.658,0.429,0.469,0.079,0.28,0.281
0.266,0.351,0.658,0.429,0.469,0.079,0.28,0.281
0.266,0.351,0.658,0.429,0.469,0.079,0.28,0.281
0.266,0.351,0.658,0.428,0.469,0.079,0.28,0.281
0.266,0.351,0.658,0.428,0.469,0.079,0.28,0.281
0.266,0.351,0.658,0.428,0.469,0.079,0.28,0.281
0.266,0.351,0.658,0.428,0.469,0.079,0.28,0.281
0.266,0.351,0.657,0.428,0.469,0.079,0.28,0.281
0.266,0.351,0.658,0.428,0.469,0.079,0.28,0.281
0.266,0.351,0.657,0.428,0.469,0.079,0.28,0.28
0.266,0.351,0.657,0.428,0.469,0.079,0.28,0.281
0.266,0.351,0.657,0.428,0.469,0.079,0.28,0.28
0.266,0.351,0.657,0.428,0.469,0.079,0.28,0.28
0.265,0.351,0.657,0.428,0.469,0.079,0.28,0.28
0.266,0.351,0.657,0.428,0.469,0.079,0.28,0.28
0.266,0.351,0.657,0.428,0.468,0.079,0.28,0.28
0.266,0.351,0.657,0.428,0.468,0.079,0.28,0.28
0.265,0.35,0.656,0.428,0.468,0.079,0.28,0.28
0.265,0.35,0.656,0.428,0.468,0.079,0.28,0.28
0.265,0.35,0.656,0.428,0.468,0.079,0.28,0.28
0.265,0.35,0.656,0.428,0.468,0.079,0.28,0.28
0.265,0.35,0.656,0.428,0.468,0.079,0.28,0.28
0.265,0.35,0.656,0.428,0.468,0.079,0.28,0.28
0.265,0.35,0.656,0.428,0.468,0.079,0.279,0.28
0.265,0.35,0.656,0.427,0.468,0.079,0.279,0.28
0.265,0.35,0.656,0.427,0.468,0.079,0.279,0.28
0.265,0.35,0.656,0.427,0.468,0.079,0.279,0.28
0.265,0.35,0.655,0.427,0.468,0.079,0.279,0.28
0.265,0.35,0.655,0.427,0.467,0.079,0.279,0.28
0.265,0.35,0.655,0.427,0.467,0.079,0.279,0.28
0.265,0.35,0.655,0.427,0.467,0.079,0.279,0.28
0.265,0.35,0.655,0.427,0.467,0.079,0.279,0.28
0.265,0.35,0.655,0.427,0.467,0.079,0.279,0.28
0.265,0.35,0.655,0.427,0.467,0.079,0.279,0.28
0.265,0.35,0.655,0.426,0.467,0.079,0.279,0.28
0.265,0.35,0.655,0.426,0.467,0.079,0.279,0.28
0.265,0.35,0.655,0.426,0.467,0.079,0.279,0.28
0.265,0.35,0.654,0.426,0.467,0.079,0.279,0.28
0.265,0.35,0.654,0.426,0.467,0.079,0.279,0.28
0.265,0.35,0.654,0.426,0.467,0.079,0.279,0.28
0.265,0.35,0.654,0.426,0.467,0.079,0.279,0.28
0.265,0.35,0.654,0.426,0.467,0.079,0.279,0.279
0.265,0.35,0.654,0.426,0.467,0.079,0.279,0.28
0.265,0.35,0.654,0.426,0.466,0.079,0.279,0.279
0.264,0.35,0.653,0.425,0.466,0.079,0.279,0.279
0.264,0.35,0.653,0.426,0.466,0.079,0.279,0.279
0.264,0.35,0.653,0.425,0.466,0.079,0.279,0.28
0.264,0.35,0.653,0.425,0.466,0.079,0.279,0.279
0.264,0.35,0.653,0.425,0.466,0.079,0.278,0.279
0.265,0.35,0.653,0.425,0.466,0.079,0.278,0.279
0.264,0.35,0.653,0.425,0.466,0.079,0.278,0.279
0.264,0.35,0.653,0.425,0.466,0.079,0.278,0.279
0.264,0.35,0.652,0.425,0.466,0.079,0.278,0.279
0.264,0.35,0.652,0.425,0.466,0.079,0.278,0.279
0.264,0.35,0.652,0.425,0.466,0.079,0.278,0.279
0.264,0.35,0.652,0.425,0.466,0.079,0.278,0.279
0.264,0.35,0.652,0.424,0.466,0.079,0.278,0.279
0.264,0.349,0.652,0.424,0.466,0.079,0.278,0.279
0.264,0.349,0.652,0.424,0.466,0.079,0.278,0.279
0.264,0.349,0.652,0.424,0.466,0.079,0.278,0.279
0.264,0.349,0.651,0.424,0.466,0.079,0.278,0.279
0.264,0.349,0.651,0.424,0.466,0.079,0.278,0.279
0.264,0.349,0.651,0.424,0.466,0.079,0.278,0.279
0.264,0.349,0.651,0.424,0.466,0.079,0.278,0.279
0.264,0.349,0.651,0.424,0.465,0.079,0.278,0.279
0.264,0.349,0.651,0.424,0.465,0.079,0.278,0.279
0.264,0.349,0.651,0.424,0.465,0.079,0.278,0.279
0.264,0.349,0.651,0.424,0.465,0.079,0.278,0.279
0.264,0.349,0.651,0.424,0.465,0.079,0.278,0.279
0.264,0.349,0.65,0.424,0.465,0.079,0.278,0.279
0.264,0.349,0.65,0.424,0.465,0.079,0.278,0.279
0.264,0.349,0.65,0.424,0.465,0.079,0.278,0.279
0.263,0.348,0.65,0.424,0.465,0.079,0.278,0.279
0.264,0.348,0.65,0.423,0.465,0.079,0.278,0.279
0.263,0.348,0.65,0.423,0.465,0.079,0.278,0.279
0.263,0.348,0.65,0.423,0.465,0.079,0.277,0.279
0.263,0.348,0.65,0.423,0.465,0.079,0.277,0.278
0.264,0.348,0.65,0.423,0.465,0.079,0.277,0.278
0.263,0.348,0.649,0.423,0.465,0.079,0.277,0.279
0.263,0.348,0.649,0.423,0.465,0.079,0.277,0.278
0.263,0.348,0.649,0.423,0.465,0.079,0.277,0.278
0.263,0.348,0.649,0.423,0.464,0.079,0.277,0.278
0.263,0.348,0.649,0.423,0.464,0.079,0.277,0.278
0.263,0.348,0.649,0.423,0.464,0.079,0.277,0.278
0.263,0.348,0.649,0.423,0.464,0.079,0.277,0.278
0.263,0.348,0.649,0.422,0.464,0.079,0.277,0.278
0.263,0.348,0.648,0.422,0.464,0.079,0.277,0.278
0.263,0.348,0.648,0.422,0.464,0.079,0.277,0.278
0.263,0.348,0.648,0.422,0.464,0.079,0.277,0.278
0.263,0.348,0.648,0.422,0.464,0.079,0.277,0.278
0.263,0.348,0.648,0.422,0.464,0.079,0.277,0.278
0.263,0.348,0.648,0.422,0.464,0.079,0.277,0.278
0.263,0.348,0.648,0.422,0.464,0.079,0.277,0.278
0.263,0.348,0.647,0.422,0.464,0.079,0.277,0.278
0.263,0.348,0.647,0.422,0.464,0.079,0.277,0.278
0.263,0.348,0.647,0.422,0.464,0.078,0.277,0.278
0.263,0.348,0.647,0.422,0.464,0.079,0.277,0.278
0.263,0.348,0.647,0.421,0.463,0.078,0.277,0.278
0.263,0.348,0.647,0.421,0.463,0.079,0.277,0.278
0.263,0.348,0.647,0.421,0.463,0.079,0.277,0.278
0.262,0.348,0.647,0.421,0.463,0.079,0.276,0.278
0.262,0.348,0.646,0.421,0.463,0.079,0.276,0.278
0.262,0.348,0.646,0.421,0.463,0.078,0.276,0.278
0.262,0.348,0.646,0.421,0.463,0.079,0.276,0.277
0.262,0.348,0.646,0.421,0.463,0.079,0.276,0.278
0.262,0.348,0.646,0.421,0.463,0.079,0.276,0.278
0.262,0.348,0.646,0.42,0.463,0.079,0.276,0.278
0.262,0.348,0.646,0.42,0.463,0.079,0.276,0.278
0.262,0.348,0.646,0.42,0.463,0.079,0.276,0.277
0.262,0.348,0.646,0.42,0.463,0.079,0.276,0.278
0.262,0.348,0.646,0.42,0.463,0.079,0.276,0.277
0.262,0.348,0.645,0.42,0.463,0.079,0.276,0.277
0.262,0.347,0.645,0.42,0.463,0.079,0.276,0.278
0.262,0.347,0.645,0.42,0.463,0.079,0.276,0.278
0.262,0.347,0.645,0.42,0.463,0.079,0.276,0.277
0.262,0.347,0.645,0.42,0.463,0.079,0.276,0.277
0.262,0.347,0.645,0.42,0.463,0.079,0.276,0.277
0.262,0.347,0.644,0.42,0.463,0.079,0.276,0.277
0.262,0.347,0.644,0.42,0.462,0.079,0.276,0.277
0.262,0.347,0.644,0.42,0.463,0.079,0.276,0.277
0.262,0.347,0.644,0.42,0.462,0.079,0.276,0.277
0.262,0.347,0.644,0.42,0.462,0.079,0.276,0.277
0.262,0.347,0.644,0.42,0.462,0.079,0.276,0.277
0.262,0.347,0.644,0.42,0.462,0.079,0.276,0.277
0.262,0.347,0.644,0.419,0.462,0.078,0.276,0.277
0.262,0.347,0.644,0.42,0.462,0.079,0.276,0.277
0.262,0.347,0.643,0.419,0.462,0.079,0.276,0.277
0.262,0.347,0.643,0.419,0.462,0.079,0.276,0.277
0.262,0.347,0.643,0.419,0.462,0.079,0.276,0.277
0.262,0.347,0.643,0.419,0.462,0.078,0.275,0.277
0.262,0.347,0.643,0.419,0.462,0.078,0.276,0.277
0.262,0.347,0.643,0.419,0.462,0.078,0.275,0.277
0.261,0.347,0.643,0.419,0.462,0.078,0.276,0.277
0.261,0.347,0.643,0.419,0.462,0.079,0.275,0.277
0.261,0.346,0.643,0.419,0.462,0.079,0.275,0.277
0.261,0.347,0.643,0.419,0.462,0.079,0.275,0.277
0.261,0.347,0.642,0.419,0.462,0.079,0.275,0.277
0.261,0.347,0.642,0.419,0.462,0.079,0.275,0.277
0.261,0.346,0.642,0.419,0.462,0.079,0.275,0.277
0.261,0.347,0.642,0.419,0.462,0.079,0.275,0.277
0.261,0.346,0.642,0.419,0.462,0.078,0.275,0.276
0.261,0.346,0.642,0.419,0.462,0.079,0.275,0.277
0.261,0.346,0.642,0.418,0.462,0.079,0.275,0.276
0.261,0.346,0.642,0.418,0.462,0.079,0.275,0.276
0.261,0.346,0.641,0.418,0.461,0.078,0.275,0.276
0.261,0.346,0.641,0.418,0.461,0.079,0.275,0.276
0.261,0.346,0.641,0.418,0.461,0.079,0.275,0.276
0.261,0.346,0.641,0.418,0.461,0.079,0.275,0.276
0.261,0.346,0.641,0.418,0.461,0.079,0.275,0.276
0.261,0.346,0.641,0.418,0.461,0.079,0.275,0.276
0.261,0.346,0.641,0.418,0.461,0.079,0.275,0.276
0.261,0.346,0.641,0.418,0.461,0.079,0.275,0.276
0.261,0.346,0.64,0.418,0.461,0.079,0.275,0.276
0.261,0.346,0.64,0.418,0.461,0.079,0.275,0.276
0.261,0.346,0.64,0.418,0.461,0.079,0.275,0.276
0.261,0.346,0.64,0.418,0.461,0.079,0.275,0.276
0.261,0.346,0.64,0.418,0.461,0.078,0.275,0.276
0.261,0.346,0.64,0.418,0.461,0.079,0.274,0.276
0.261,0.346,0.64,0.418,0.461,0.079,0.275,0.276
0.26,0.346,0.64,0.418,0.461,0.079,0.274,0.276
0.261,0.346,0.639,0.418,0.461,0.079,0.274,0.276
0.26,0.346,0.639,0.418,0.461,0.079,0.274,0.276
0.26,0.346,0.639,0.418,0.46,0.079,0.274,0.276
0.26,0.346,0.639,0.418,0.46,0.079,0.274,0.276
0.26,0.346,0.639,0.418,0.46,0.079,0.274,0.276
0.26,0.346,0.639,0.418,0.46,0.079,0.274,0.276
0.26,0.346,0.639,0.418,0.46,0.079,0.274,0.276
0.26,0.346,0.639,0.418,0.46,0.079,0.274,0.275
0.26,0.346,0.639,0.417,0.46,0.079,0.274,0.276
0.26,0.346,0.639,0.417,0.46,0.079,0.274,0.275
0.26,0.346,0.638,0.417,0.46,0.079,0.274,0.276
0.26,0.346,0.638,0.417,0.46,0.079,0.274,0.276
0.26,0.346,0.638,0.417,0.46,0.079,0.274,0.275
0.26,0.346,0.638,0.417,0.46,0.079,0.274,0.275
0.26,0.346,0.638,0.417,0.46,0.079,0.274,0.275
0.26,0.346,0.638,0.417,0.46,0.079,0.274,0.275
0.26,0.346,0.638,0.417,0.46,0.079,0.274,0.275
0.26,0.346,0.637,0.417,0.46,0.079,0.274,0.275
0.26,0.346,0.638,0.417,0.46,0.079,0.274,0.275
0.26,0.346,0.637,0.417,0.46,0.078,0.274,0.275
0.26,0.346,0.637,0.417,0.459,0.078,0.274,0.275
0.26,0.346,0.637,0.417,0.459,0.079,0.274,0.275
0.26,0.346,0.637,0.417,0.459,0.079,0.274,0.275
0.26,0.346,0.637,0.417,0.459,0.079,0.273,0.275
0.26,0.346,0.637,0.417,0.459,0.079,0.273,0.275
0.26,0.346,0.637,0.417,0.459,0.078,0.274,0.275
0.26,0.345,0.637,0.417,0.459,0.079,0.274,0.275
0.259,0.345,0.637,0.417,0.459,0.079,0.273,0.275
0.26,0.345,0.637,0.417,0.459,0.079,0.273,0.275
0.259,0.345,0.636,0.417,0.459,0.079,0.274,0.275
0.259,0.345,0.636,0.416,0.459,0.079,0.273,0.275
0.259,0.345,0.636,0.416,0.459,0.079,0.273,0.275
0.259,0.345,0.636,0.416,0.459,0.079,0.273,0.275
0.259,0.345,0.636,0.416,0.459,0.079,0.273,0.275
0.259,0.345,0.636,0.416,0.459,0.079,0.273,0.275
0.259,0.345,0.636,0.416,0.459,0.079,0.273,0.275
0.259,0.345,0.636,0.416,0.459,0.079,0.273,0.275
0.259,0.345,0.636,0.416,0.458,0.079,0.273,0.275
0.259,0.345,0.635,0.416,0.459,0.079,0.273,0.275
0.259,0.345,0.635,0.416,0.458,0.079,0.273,0.275
0.259,0.345,0.635,0.416,0.458,0.079,0.273,0.275
0.259,0.345,0.635,0.416,0.458,0.079,0.273,0.275
0.259,0.345,0.635,0.416,0.458,0.078,0.273,0.274
0.259,0.345,0.635,0.416,0.458,0.079,0.273,0.274
0.259,0.344,0.635,0.416,0.458,0.079,0.273,0.274
0.259,0.345,0.635,0.416,0.458,0.079,0.273,0.274
0.259,0.344,0.635,0.416,0.458,0.078,0.273,0.274
0.259,0.344,0.635,0.416,0.458,0.079,0.273,0.274
0.259,0.344,0.634,0.416,0.458,0.079,0.273,0.274
0.259,0.344,0.634,0.416,0.458,0.079,0.273,0.274
0.259,0.344,0.634,0.416,0.458,0.079,0.273,0.274
0.259,0.344,0.634,0.416,0.458,0.079,0.272,0.274
0.259,0.344,0.634,0.416,0.458,0.079,0.273,0.274
0.259,0.344,0.634,0.416,0.458,0.079,0.273,0.274
0.258,0.344,0.634,0.416,0.458,0.079,0.272,0.274
0.259,0.344,0.634,0.416,0.458,0.079,0.273,0.274
0.258,0.344,0.634,0.416,0.458,0.078,0.272,0.274
0.258,0.344,0.634,0.416,0.458,0.079,0.272,0.274
0.258,0.344,0.633,0.416,0.457,0.079,0.273,0.274
0.258,0.344,0.633,0.416,0.458,0.079,0.272,0.274
0.258,0.344,0.633,0.416,0.458,0.079,0.272,0.274
0.258,0.344,0.633,0.416,0.457,0.079,0.272,0.274
0.258,0.344,0.633,0.416,0.457,0.079,0.272,0.274
0.258,0.344,0.633,0.416,0.457,0.079,0.272,0.274
0.258,0.344,0.633,0.416,0.458,0.078,0.272,0.274
0.258,0.344,0.633,0.416,0.457,0.079,0.272,0.274
0.258,0.343,0.632,0.416,0.458,0.079,0.272,0.274
0.258,0.344,0.632,0.416,0.457,0.078,0.272,0.274
0.258,0.343,0.632,0.416,0.457,0.079,0.272,0.274
0.258,0.343,0.632,0.416,0.457,0.079,0.272,0.273
0.258,0.343,0.632,0.416,0.457,0.079,0.272,0.273
0.258,0.343,0.632,0.416,0.457,0.079,0.272,0.273
0.258,0.343,0.632,0.416,0.457,0.079,0.272,0.273
0.258,0.343,0.632,0.416,0.457,0.078,0.272,0.273
0.258,0.343,0.632,0.416,0.457,0.078,0.272,0.273
0.258,0.343,0.632,0.415,0.457,0.078,0.272,0.273
0.258,0.343,0.632,0.415,0.457,0.078,0.272,0.273
0.258,0.343,0.631,0.415,0.457,0.078,0.272,0.273
0.258,0.343,0.631,0.415,0.457,0.079,0.272,0.273
0.258,0.343,0.631,0.415,0.457,0.079,0.271,0.273
0.258,0.343,0.631,0.415,0.457,0.079,0.272,0.273
0.258,0.343,0.631,0.415,0.457,0.079,0.271,0.273
0.258,0.343,0.631,0.415,0.457,0.079,0.271,0.273
0.258,0.343,0.631,0.415,0.456,0.078,0.271,0.273
0.258,0.343,0.631,0.415,0.456,0.079,0.271,0.273
0.258,0.343,0.631,0.415,0.456,0.079,0.271,0.273
0.258,0.343,0.631,0.415,0.456,0.078,0.271,0.273
0.257,0.343,0.631,0.415,0.456,0.078,0.271,0.273
0.257,0.343,0.63,0.415,0.456,0.079,0.271,0.273
0.257,0.343,0.63,0.415,0.456,0.078,0.271,0.273
0.257,0.343,0.63,0.414,0.456,0.079,0.271,0.273
0.257,0.343,0.63,0.414,0.456,0.078,0.271,0.272
0.257,0.343,0.63,0.414,0.456,0.078,0.271,0.273
0.257,0.343,0.63,0.414,0.456,0.078,0.271,0.272
0.257,0.343,0.63,0.414,0.456,0.079,0.271,0.273
0.257,0.343,0.63,0.414,0.456,0.078,0.271,0.272
0.257,0.343,0.63,0.414,0.456,0.078,0.271,0.272
0.257,0.343,0.629,0.414,0.455,0.079,0.271,0.272
0.257,0.343,0.629,0.414,0.455,0.078,0.271,0.272
0.257,0.343,0.629,0.414,0.455,0.079,0.271,0.272
0.257,0.343,0.629,0.414,0.455,0.078,0.271,0.272
0.257,0.343,0.629,0.414,0.455,0.079,0.271,0.272
0.257,0.343,0.629,0.414,0.455,0.079,0.271,0.272
0.257,0.343,0.629,0.414,0.455,0.078,0.271,0.272
0.257,0.343,0.629,0.414,0.455,0.078,0.271,0.272
0.257,0.343,0.629,0.414,0.455,0.079,0.271,0.272
0.257,0.343,0.628,0.414,0.455,0.078,0.271,0.272
0.257,0.343,0.628,0.413,0.455,0.078,0.271,0.272
0.257,0.343,0.628,0.414,0.455,0.078,0.271,0.272
0.257,0.343,0.628,0.413,0.455,0.078,0.27,0.272
0.257,0.343,0.628,0.413,0.455,0.078,0.271,0.272
0.257,0.343,0.628,0.414,0.455,0.079,0.271,0.272
0.257,0.343,0.628,0.414,0.455,0.078,0.27,0.272
0.257,0.343,0.628,0.414,0.455,0.078,0.271,0.272
0.257,0.343,0.628,0.413,0.455,0.078,0.27,0.272
0.257,0.343,0.628,0.413,0.455,0.078,0.27,0.272
0.256,0.342,0.628,0.414,0.454,0.079,0.27,0.272
0.256,0.342,0.628,0.413,0.455,0.079,0.27,0.272
0.257,0.342,0.628,0.413,0.454,0.079,0.27,0.272
0.256,0.343,0.627,0.413,0.454,0.078,0.27,0.272
0.256,0.342,0.627,0.413,0.454,0.078,0.27,0.272
0.256,0.342,0.627,0.413,0.454,0.078,0.27,0.272
0.256,0.342,0.627,0.413,0.454,0.078,0.27,0.272
0.256,0.342,0.627,0.413,0.454,0.078,0.27,0.272
0.256,0.342,0.627,0.413,0.454,0.079,0.27,0.272
0.256,0.342,0.627,0.413,0.454,0.079,0.27,0.272
0.256,0.342,0.627,0.413,0.454,0.078,0.27,0.272
0.256,0.342,0.627,0.413,0.454,0.078,0.27,0.272
0.256,0.342,0.627,0.413,0.454,0.078,0.27,0.272
0.256,0.342,0.627,0.413,0.454,0.078,0.27,0.271
0.256,0.342,0.627,0.413,0.454,0.078,0.27,0.272
0.256,0.342,0.626,0.413,0.454,0.078,0.27,0.271
0.256,0.342,0.626,0.413,0.453,0.078,0.27,0.271
0.256,0.342,0.626,0.412,0.453,0.078,0.27,0.271
0.256,0.341,0.626,0.413,0.453,0.078,0.27,0.271
0.256,0.341,0.626,0.412,0.453,0.078,0.27,0.271
0.256,0.341,0.626,0.412,0.453,0.078,0.27,0.271
0.256,0.341,0.626,0.412,0.453,0.078,0.27,0.271
0.256,0.341,0.626,0.412,0.453,0.078,0.27,0.271
0.256,0.341,0.625,0.412,0.453,0.078,0.269,0.271
0.256,0.341,0.625,0.412,0.453,0.078,0.269,0.271
0.256,0.341,0.625,0.412,0.453,0.078,0.269,0.271
0.256,0.341,0.625,0.412,0.453,0.078,0.269,0.271
0.256,0.341,0.625,0.412,0.453,0.078,0.269,0.271
0.256,0.341,0.625,0.412,0.453,0.078,0.269,0.271
0.256,0.341,0.625,0.412,0.453,0.078,0.269,0.271
0.256,0.341,0.625,0.412,0.453,0.078,0.269,0.271
0.256,0.341,0.625,0.412,0.453,0.078,0.269,0.271
0.256,0.341,0.625,0.412,0.453,0.078,0.269,0.271
0.256,0.341,0.625,0.412,0.453,0.078,0.269,0.271
0.256,0.341,0.625,0.412,0.453,0.078,0.269,0.271
0.256,0.341,0.625,0.412,0.453,0.078,0.269,0.271
0.256,0.341,0.625,0.412,0.453,0.078,0.269,0.271
0.256,0.341,0.625,0.412,0.453,0.078,0.269,0.271
0.256,0.341,0.625,0.412,0.453,0.078,0.269,0.271
0.256,0.341,0.625,0.412,0.453,0.078,0.269,0.271
0.256,0.341,0.625,0.412,0.453,0.078,0.269,0.271
0.256,0.341,0.625,0.412,0.453,0.078,0.269,0.271
0.256,0.341,0.625,0.412,0.453,0.078,0.269,0.271
0.256,0.341,0.625,0.412,0.453,0.078,0.269,0.271
0.256,0.341,0.625,0.412,0.453,0.078,0.269,0.271
0.256,0.341,0.625,0.412,0.453,0.078,0.269,0.271
0.256,0.341,0.625,0.412,0.453,0.078,0.269,0.271
0.256,0.341,0.625,0.412,0.453,0.078,0.269,0.271
0.256,0.341,0.625,0.412,0.453,0.078,0.269,0.271
0.256,0.341,0.625,0.412,0.453,0.078,0.269,0.271
0.256,0.341,0.625,0.412,0.453,0.078,0.269,0.271
0.256,0.341,0.625,0.412,0.453,0.078,0.269,0.271
0.256,0.341,0.625,0.412,0.453,0.078,0.269,0.271
0.256,0.341,0.625,0.412,0.453,0.078,0.269,0.271
0.256,0.341,0.625,0.412,0.453,0.078,0.269,0.271
0.256,0.341,0.625,0.412,0.453,0.078,0.269,0.271
0.256,0.341,0.625,0.412,0.453,0.078,0.269,0.271
0.256,0.341,0.625,0.412,0.453,0.078,0.269,0.271
0.256,0.341,0.625,0.412,0.453,0.078,0.269,0.271
0.256,0.341,0.625,0.412,0.453,0.078,0.269,0.271
0.256,0.341,0.625,0.412,0.453,0.078,0.269,0.271
0.256,0.341,0.625,0.412,0.453,0.078,0.269,0.271
0.256,0.341,0.625,0.412,0.453,0.078,0.269,0.271
0.256,0.341,0.625,0.412,0.453,0.078,0.269,0.271
0.256,0.341,0.625,0.412,0.453,0.078,0.269,0.271
0.256,0.341,0.625,0.412,0.453,0.078,0.269,0.271
0.256,0.341,0.625,0.412,0.453,0.078,0.269,0.271
0.256,0.341,0.625,0.412,0.453,0.078,0.269,0.271
0.256,0.341,0.625,0.412,0.453,0.078,0.269,0.271
0.256,0.341,0.625,0.412,0.453,0.078,0.269,0.271
0.256,0.341,0.625,0.412,0.453,0.078,0.269,0.271
0.256,0.341,0.625,0.412,0.453,0.078,0.269,0.271
0.256,0.341,0.625,0.412,0.453,0.078,0.269,0.271
0.256,0.341,0.625,0.412,0.453,0.078,0.269,0.271
0.256,0.341,0.625,0.412,0.453,0.078,0.269,0.271
0.256,0.341,0.625,0.412,0.453,0.078,0.269,0.271
0.256,0.341,0.625,0.412,0.453,0.078,0.269,0.271
0.256,0.341,0.625,0.412,0.453,0.078,0.269,0.271
0.256,0.341,0.625,0.412,0.453,0.078,0.269,0.271
0.256,0.341,0.625,0.412,0.453,0.078,0.269,0.271
0.256,0.341,0.625,0.412,0.453,0.078,0.269,0.271
0.256,0.341,0.625,0.412,0.453,0.078,0.269,0.271
0.256,0.341,0.625,0.412,0.453,0.078,0.269,0.271
0.256,0.341,0.625,0.412,0.453,0.078,0.269,0.271
0.256,0.341,0.625,0.412,0.453,0.078,0.269,0.271
0.256,0.341,0.625,0.412,0.453,0.078,0.269,0.271
0.256,0.341,0.625,0.412,0.453,0.078,0.269,0.271
0.256,0.341,0.625,0.412,0.453,0.078,0.269,0.271
0.256,0.341,0.625,0.412,0.453,0.078,0.269,0.271
0.256,0.341,0.625,0.412,0.453,0.078,0.269,0.271
0.256,0.341,0.625,0.412,0.453,0.078,0.269,0.271
0.256,0.341,0.625,0.412,0.453,0.078,0.269,0.271
0.256,0.341,0.625,0.412,0.453,0.078,0.269,0.271
0.256,0.341,0.625,0.412,0.453,0.078,0.269,0.271
0.256,0.341,0.625,0.412,0.453,0.078,0.269,0.271
0.256,0.341,0.625,0.412,0.453,0.078,0.269,0.271
0.256,0.341,0.625,0.412,0.453,0.078,0.269,0.271
0.256,0.341,0.625,0.412,0.453,0.078,0.269,0.271
0.256,0.341,0.625,0.412,0.453,0.078,0.269,0.271
0.256,0.341,0.625,0.412,0.453,0.078,0.269,0.271
0.256,0.341,0.625,0.412,0.453,0.078,0.269,0.271
0.256,0.341,0.625,0.412,0.453,0.078,0.269,0.271
0.256,0.341,0.625,0.412,0.453,0.078,0.269,0.271
0.256,0.341,0.625,0.412,0.453,0.078,0.269,0.271
0.256,0.341,0.625,0.412,0.453,0.078,0.269,0.271
0.256,0.341,0.625,0.412,0.453,0.078,0.269,0.271
0.256,0.341,0.625,0.412,0.453,0.078,0.269,0.271
0.256,0.341,0.625,0.412,0.453,0.078,0.269,0.271
0.256,0.341,0.625,0.412,0.453,0.078,0.269,0.271
0.256,0.341,0.625,0.412,0.453,0.078,0.269,0.271
0.256,0.341,0.625,0.412,0.453,0.078,0.269,0.271
0.256,0.341,0.625,0.412,0.453,0.078,0.269,0.271
0.256,0.341,0.625,0.412,0.453,0.078,0.269,0.271
0.256,0.341,0.625,0.412,0.453,0.078,0.269,0.271
0.256,0.341,0.625,0.412,0.453,0.078,0.269,0.271
0.256,0.341,0.625,0.412,0.453,0.078,0.269,0.271
0.256,0.341,0.625,0.412,0.453,0.078,0.269,0.271
0.256,0.341,0.625,0.412,0.453,0.078,0.269,0.271
0.256,0.341,0.625,0.412,0.453,0.078,0.269,0.271
0.256,0.341,0.625,0.412,0.453,0.078,0.269,0.271
0.256,0.341,0.625,0.412,0.453,0.078,0.269,0.271
0.256,0.341,0.625,0.412,0.453,0.078,0.269,0.271
0.256,0.341,0.625,0.412,0.453,0.078,0.269,0.271
0.256,0.341,0.625,0.412,0.453,0.078,0.269,0.271
0.256,0.341,0.625,0.412,0.453,0.078,0.269,0.271
0.256,0.341,0.625,0.412,0.453,0.078,0.269,0.271
0.256,0.341,0.625,0.412,0.453,0.078,0.269,0.271
0.256,0.341,0.625,0.412,0.453,0.078,0.269,0.271
0.256,0.341,0.625,0.412,0.453,0.078,0.269,0.271
0.256,0.341,0.625,0.412,0.453,0.078,0.269,0.271
0.256,0.341,0.625,0.412,0.453,0.078,0.269,0.271
0.256,0.341,0.625,0.412,0.453,0.078,0.269,0.271
0.256,0.341,0.625,0.412,0.453,0.078,0.269,0.271
0.256,0.341,0.625,0.412,0.453,0.078,0.269,0.271
0.256,0.341,0.625,0.412,0.453,0.078,0.269,0.271
0.256,0.341,0.625,0.412,0.453,0.078,0.269,0.271
0.256,0.341,0.625,0.412,0.453,0.078,0.269,0.271
0.256,0.341,0.625,0.412,0.453,0.078,0.269,0.271
0.256,0.341,0.625,0.412,0.453,0.078,0.269,0.271
0.256,0.341,0.625,0.412,0.453,0.078,0.269,0.271
0.256,0.341,0.625,0.412,0.453,0.078,0.269,0.271
0.256,0.341,0.625,0.412,0.453,0.078,0.269,0.271
0.256,0.341,0.625,0.412,0.453,0.078,0.269,0.271
0.256,0.341,0.625,0.412,0.453,0.078,0.269,0.271
0.256,0.341,0.625,0.412,0.453,0.078,0.269,0.271
0.256,0.341,0.625,0.412,0.453,0.078,0.269,0.271
0.256,0.341,0.625,0.412,0.453,0.078,0.269,0.271
0.256,0.341,0.625,0.412,0.453,0.078,0.269,0.271
0.256,0.341,0.625,0.412,0.453,0.078,0.269,0.271
0.256,0.341,0.625,0.412,0.453,0.078,0.269,0.271
0.256,0.341,0.625,0.412,0.453,0.078,0.269,0.271
0.256,0.341,0.625,0.412,0.453,0.078,0.269,0.271
0.256,0.341,0.625,0.412,0.453,0.078,0.269,0.271
0.256,0.341,0.625,0.412,0.453,0.078,0.269,0.271
0.256,0.341,0.625,0.412,0.453,0.078,0.269,0.271
0.256,0.341,0.625,0.412,0.453,0.078,0.269,0.271
0.256,0.341,0.625,0.412,0.453,0.078,0.269,0.271
0.256,0.341,0.625,0.412,0.453,0.078,0.269,0.271
0.256,0.341,0.625,0.412,0.453,0.078,0.269,0.271
0.256,0.341,0.625,0.412,0.453,0.078,0.269,0.271
0.256,0.341,0.625,0.412,0.453,0.078,0.269,0.271
0.256,0.341,0.625,0.412,0.453,0.078,0.269,0.271
0.256,0.341,0.625,0.412,0.453,0.078,0.269,0.271
0.256,0.341,0.625,0.412,0.453,0.078,0.269,0.271
0.256,0.341,0.625,0.412,0.453,0.078,0.269,0.271
0.256,0.341,0.625,0.412,0.453,0.078,0.269,0.271
0.256,0.341,0.625,0.412,0.453,0.078,0.269,0.271
0.256,0.341,0.625,0.412,0.453,0.078,0.269,0.271
0.256,0.341,0.625,0.412,0.453,0.078,0.269,0.271
0.256,0.341,0.625,0.412,0.453,0.078,0.269,0.271
0.256,0.341,0.625,0.412,0.453,0.078,0.269,0.271
0.256,0.341,0.625,0.412,0.453,0.078,0.269,0.271
0.256,0.341,0.625,0.412,0.453,0.078,0.269,0.271
0.256,0.341,0.625,0.412,0.453,0.078,0.269,0.271
0.256,0.341,0.625,0.412,0.453,0.078,0.269,0.271
0.256,0.341,0.625,0.412,0.453,0.078,0.269,0.271
0.256,0.341,0.625,0.412,0.453,0.078,0.269,0.271
0.256,0.341,0.625,0.412,0.453,0.078,0.269,0.271
0.256,0.341,0.625,0.412,0.453,0.078,0.269,0.271
0.256,0.341,0.625,0.412,0.453,0.078,0.269,0.271
0.256,0.341,0.625,0.412,0.453,0.078,0.269,0.271
0.256,0.341,0.625,0.412,0.453,0.078,0.269,0.271
0.256,0.341,0.625,0.412,0.453,0.078,0.269,0.271
0.256,0.341,0.625,0.412,0.453,0.078,0.269,0.271
0.256,0.341,0.625,0.412,0.453,0.078,0.269,0.271
0.256,0.341,0.625,0.412,0.453,0.078,0.269,0.271
0.256,0.341,0.625,0.412,0.453,0.078,0.269,0.271
0.256,0.341,0.625,0.412,0.453,0.078,0.269,0.271
0.256,0.341,0.625,0.412,0.453,0.078,0.269,0.271
0.256,0.341,0.625,0.412,0.453,0.078,0.269,0.271
0.256,0.341,0.625,0.412,0.453,0.078,0.269,0.271
0.256,0.341,0.625,0.412,0.453,0.078,0.269,0.271
0.256,0.341,0.625,0.412,0.453,0.078,0.269,0.271
0.256,0.341,0.625,0.412,0.453,0.078,0.269,0.271
0.256,0.341,0.625,0.412,0.453,0.078,0.269,0.271
0.256,0.341,0.625,0.412,0.453,0.078,0.269,0.271
0.256,0.341,0.625,0.412,0.453,0.078,0.269,0.271
0.256,0.341,0.625,0.412,0.453,0.078,0.269,0.271
0.256,0.341,0.625,0.412,0.453,0.078,0.269,0.271
0.256,0.341,0.625,0.412,0.453,0.078,0.269,0.271
0.256,0.341,0.625,0.412,0.453,0.078,0.269,0.271
0.256,0.341,0.625,0.412,0.453,0.078,0.269,0.271
0.256,0.341,0.625,0.412,0.453,0.078,0.269,0.271
0.256,0.341,0.625,0.412,0.453,0.078,0.269,0.271
0.256,0.341,0.625,0.412,0.453,0.078,0.269,0.271
0.256,0.341,0.625,0.412,0.453,0.078,0.269,0.271
0.256,0.341,0.625,0.412,0.453,0.078,0.269,0.271
0.256,0.341,0.625,0.412,0.453,0.078,0.269,0.271
0.256,0.341,0.625,0.412,0.453,0.078,0.269,0.271
0.256,0.341,0.625,0.412,0.453,0.078,0.269,0.271
0.256,0.341,0.625,0.412,0.453,0.078,0.269,0.271
0.256,0.341,0.625,0.412,0.453,0.078,0.269,0.271
0.256,0.341,0.625,0.412,0.453,0.078,0.269,0.271
0.256,0.341,0.625,0.412,0.453,0.078,0.269,0.271
0.256,0.341,0.625,0.412,0.453,0.078,0.269,0.271
0.256,0.341,0.625,0.412,0.453,0.078,0.269,0.271
0.256,0.341,0.625,0.412,0.453,0.078,0.269,0.271
0.256,0.341,0.625,0.412,0.453,0.078,0.269,0.271
0.256,0.341,0.625,0.412,0.453,0.078,0.269,0.271
0.256,0.341,0.625,0.412,0.453,0.078,0.269,0.271
0.256,0.341,0.625,0.412,0.453,0.078,0.269,0.271
0.256,0.341,0.625,0.412,0.453,0.078,0.269,0.271
0.256,0.341,0.625,0.412,0.453,0.078,0.269,0.271
0.256,0.341,0.625,0.412,0.453,0.078,0.269,0.271
0.256,0.341,0.625,0.412,0.453,0.078,0.269,0.271
0.256,0.341,0.625,0.412,0.453,0.078,0.269,0.271
0.256,0.341,0.625,0.412,0.453,0.078,0.269,0.271
0.256,0.341,0.625,0.412,0.453,0.078,0.269,0.271
0.256,0.341,0.625,0.412,0.453,0.078,0.269,0.271
0.256,0.341,0.625,0.412,0.453,0.078,0.269,0.271
0.256,0.341,0.625,0.412,0.453,0.078,0.269,0.271
0.256,0.341,0.625,0.412,0.453,0.078,0.269,0.271
0.256,0.341,0.625,0.412,0.453,0.078,0.269,0.271
0.256,0.341,0.625,0.412,0.453,0.078,0.269,0.271
0.256,0.341,0.625,0.412,0.453,0.078,0.269,0.271
0.256,0.341,0.625,0.412,0.453,0.078,0.269,0.271
0.256,0.341,0.625,0.412,0.453,0.078,0.269,0.271
0.256,0.341,0.625,0.412,0.453,0.078,0.269,0.271
0.256,0.341,0.625,0.412,0.453,0.078,0.269,0.271
0.256,0.341,0.625,0.412,0.453,0.078,0.269,0.271
0.256,0.341,0.625,0.412,0.453,0.078,0.269,0.271
0.256,0.341,0.625,0.412,0.453,0.078,0.269,0.271
0.256,0.341,0.625,0.412,0.453,0.078,0.269,0.271
0.256,0.341,0.625,0.412,0.453,0.078,0.269,0.271
0.256,0.341,0.625,0.412,0.453,0.078,0.269,0.271
0.256,0.341,0.625,0.412,0.453,0.078,0.269,0.271
0.256,0.341,0.625,0.412,0.453,0.078,0.269,0.271
0.256,0.341,0.625,0.412,0.453,0.078,0.269,0.271
0.256,0.341,0.625,0.412,0.453,0.078,0.269,0.271
0.256,0.341,0.625,0.412,0.453,0.078,0.269,0.271
0.256,0.341,0.625,0.412,0.453,0.078,0.269,0.271
0.256,0.341,0.625,0.412,0.453,0.078,0.269,0.271
0.256,0.341,0.625,0.412,0.453,0.078,0.269,0.271
0.256,0.341,0.625,0.412,0.453,0.078,0.269,0.271
0.256,0.341,0.625,0.412,0.453,0.078,0.269,0.271
0.256,0.341,0.625,0.412,0.453,0.078,0.269,0.271
0.256,0.341,0.625,0.412,0.453,0.078,0.269,0.271
0.256,0.341,0.625,0.412,0.453,0.078,0.269,0.271
0.256,0.341,0.625,0.412,0.453,0.078,0.269,0.271
0.256,0.341,0.625,0.412,0.453,0.078,0.269,0.271
0.256,0.341,0.625,0.412,0.453,0.078,0.269,0.271
0.256,0.341,0.625,0.412,0.453,0.078,0.269,0.271
