S1_D0702,S2_D0702,S3_D0702,S4_D0702,S5_D0702,S6_D0702,S7_D0702,S8_D0702
0.167,0.253,0.407,0.325,0.379,0.071,0.183,0.226
0.167,0.253,0.407,0.325,0.379,0.071,0.183,0.226
0.167,0.253,0.407,0.325,0.379,0.071,0.183,0.226
0.168,0.253,0.407,0.325,0.379,0.071,0.183,0.226
0.167,0.253,0.407,0.325,0.378,0.071,0.183,0.226
0.167,0.253,0.407,0.325,0.378,0.071,0.183,0.226
0.167,0.253,0.407,0.325,0.379,0.071,0.183,0.226
0.167,0.253,0.407,0.324,0.378,0.071,0.183,0.226
0.167,0.253,0.407,0.324,0.378,0.071,0.183,0.226
0.167,0.253,0.407,0.324,0.378,0.071,0.183,0.226
0.167,0.253,0.407,0.324,0.378,0.071,0.183,0.226
0.167,0.253,0.407,0.324,0.378,0.071,0.183,0.225
0.167,0.253,0.407,0.324,0.378,0.071,0.183,0.225
0.167,0.253,0.406,0.324,0.378,0.071,0.183,0.225
0.167,0.253,0.406,0.324,0.378,0.071,0.183,0.225
0.167,0.253,0.406,0.324,0.378,0.071,0.183,0.225
0.167,0.253,0.406,0.324,0.378,0.071,0.183,0.225
0.167,0.253,0.406,0.324,0.378,0.071,0.183,0.225
0.167,0.253,0.406,0.324,0.378,0.071,0.183,0.225
0.167,0.253,0.406,0.324,0.378,0.071,0.183,0.225
0.167,0.253,0.406,0.324,0.378,0.071,0.183,0.225
0.167,0.253,0.406,0.324,0.378,0.071,0.183,0.225
0.167,0.253,0.406,0.324,0.378,0.071,0.183,0.225
0.167,0.253,0.406,0.324,0.378,0.071,0.183,0.225
0.167,0.253,0.406,0.324,0.378,0.071,0.183,0.225
0.167,0.253,0.406,0.324,0.378,0.071,0.183,0.225
0.167,0.253,0.406,0.324,0.378,0.071,0.183,0.225
0.167,0.253,0.406,0.324,0.378,0.071,0.183,0.225
0.167,0.253,0.406,0.324,0.378,0.071,0.183,0.225
0.167,0.253,0.406,0.324,0.378,0.071,0.183,0.225
0.167,0.253,0.406,0.324,0.378,0.071,0.183,0.225
0.167,0.253,0.406,0.324,0.378,0.071,0.183,0.225
0.167,0.253,0.405,0.324,0.378,0.071,0.183,0.225
0.167,0.253,0.406,0.324,0.378,0.071,0.183,0.225
0.167,0.253,0.405,0.324,0.378,0.071,0.183,0.225
0.167,0.253,0.405,0.324,0.378,0.071,0.183,0.225
0.167,0.253,0.405,0.324,0.377,0.071,0.183,0.225
0.167,0.253,0.405,0.324,0.378,0.071,0.183,0.225
0.167,0.253,0.405,0.324,0.378,0.071,0.183,0.225
0.167,0.253,0.405,0.324,0.378,0.071,0.183,0.225
0.167,0.253,0.405,0.323,0.378,0.071,0.183,0.225
0.167,0.253,0.405,0.324,0.378,0.071,0.183,0.225
0.167,0.253,0.405,0.324,0.377,0.071,0.183,0.225
0.167,0.253,0.405,0.324,0.377,0.071,0.183,0.225
0.167,0.253,0.405,0.324,0.378,0.071,0.183,0.225
0.167,0.253,0.405,0.324,0.377,0.071,0.183,0.225
0.166,0.253,0.405,0.323,0.378,0.071,0.183,0.225
0.166,0.253,0.405,0.323,0.377,0.071,0.183,0.225
0.167,0.253,0.405,0.323,0.377,0.071,0.183,0.225
0.167,0.253,0.405,0.324,0.377,0.071,0.183,0.225
0.166,0.253,0.405,0.323,0.377,0.071,0.183,0.225
0.166,0.253,0.404,0.323,0.377,0.071,0.183,0.225
0.167,0.253,0.405,0.323,0.377,0.071,0.182,0.225
0.166,0.253,0.405,0.323,0.377,0.071,0.183,0.225
0.166,0.253,0.404,0.323,0.377,0.071,0.182,0.225
0.166,0.253,0.404,0.323,0.377,0.071,0.182,0.225
0.166,0.253,0.404,0.323,0.377,0.071,0.182,0.225
0.166,0.253,0.404,0.323,0.377,0.071,0.182,0.225
0.166,0.253,0.404,0.323,0.377,0.071,0.182,0.225
0.166,0.253,0.404,0.323,0.377,0.071,0.182,0.225
0.166,0.253,0.404,0.323,0.377,0.071,0.182,0.225
0.166,0.253,0.404,0.323,0.377,0.071,0.182,0.224
0.166,0.253,0.404,0.323,0.377,0.071,0.182,0.224
0.166,0.253,0.404,0.323,0.377,0.071,0.182,0.225
0.166,0.253,0.404,0.323,0.377,0.071,0.182,0.225
0.166,0.253,0.404,0.323,0.377,0.071,0.182,0.225
0.166,0.253,0.404,0.323,0.377,0.071,0.182,0.225
0.166,0.253,0.404,0.323,0.377,0.071,0.182,0.225
0.166,0.253,0.404,0.323,0.377,0.071,0.182,0.225
0.166,0.253,0.404,0.324,0.377,0.071,0.182,0.225
0.166,0.253,0.404,0.323,0.377,0.071,0.182,0.225
0.166,0.253,0.404,0.324,0.377,0.071,0.182,0.225
0.166,0.254,0.404,0.324,0.377,0.071,0.182,0.225
0.166,0.254,0.404,0.324,0.377,0.071,0.182,0.225
0.166,0.254,0.404,0.324,0.377,0.071,0.182,0.225
0.166,0.254,0.404,0.324,0.377,0.071,0.182,0.225
0.166,0.254,0.404,0.324,0.377,0.071,0.182,0.226
0.166,0.254,0.404,0.325,0.378,0.071,0.182,0.226
0.166,0.255,0.403,0.325,0.378,0.071,0.182,0.226
0.166,0.255,0.403,0.325,0.378,0.071,0.182,0.226
0.166,0.255,0.403,0.325,0.378,0.071,0.182,0.227
0.166,0.255,0.403,0.325,0.378,0.071,0.182,0.227
0.166,0.256,0.403,0.326,0.379,0.071,0.182,0.227
0.166,0.256,0.403,0.326,0.379,0.071,0.182,0.227
0.166,0.256,0.403,0.326,0.379,0.071,0.182,0.228
0.166,0.256,0.403,0.326,0.379,0.071,0.182,0.228
0.166,0.257,0.403,0.327,0.379,0.071,0.182,0.228
0.166,0.257,0.403,0.327,0.38,0.071,0.182,0.229
0.166,0.257,0.403,0.327,0.38,0.071,0.182,0.229
0.166,0.258,0.403,0.327,0.38,0.071,0.182,0.229
0.166,0.258,0.403,0.328,0.38,0.071,0.182,0.23
0.166,0.258,0.403,0.328,0.38,0.071,0.182,0.23
0.166,0.258,0.403,0.328,0.381,0.071,0.182,0.231
0.166,0.259,0.403,0.329,0.381,0.071,0.182,0.231
0.166,0.259,0.403,0.329,0.381,0.071,0.182,0.232
0.166,0.259,0.403,0.329,0.382,0.071,0.182,0.232
0.166,0.26,0.403,0.33,0.382,0.071,0.182,0.232
0.166,0.26,0.403,0.33,0.382,0.071,0.182,0.233
0.166,0.26,0.403,0.331,0.382,0.071,0.182,0.233
0.166,0.26,0.403,0.331,0.383,0.071,0.182,0.234
0.166,0.261,0.403,0.331,0.383,0.071,0.182,0.234
0.166,0.261,0.403,0.332,0.383,0.071,0.182,0.235
0.166,0.262,0.403,0.332,0.383,0.071,0.182,0.235
0.166,0.262,0.403,0.333,0.384,0.071,0.182,0.236
0.166,0.262,0.403,0.333,0.384,0.071,0.182,0.236
0.166,0.262,0.403,0.333,0.385,0.071,0.182,0.236
0.166,0.263,0.403,0.334,0.385,0.071,0.182,0.237
0.166,0.263,0.403,0.334,0.385,0.071,0.182,0.237
0.166,0.263,0.403,0.335,0.385,0.071,0.182,0.238
0.166,0.264,0.403,0.335,0.386,0.071,0.182,0.238
0.166,0.264,0.403,0.336,0.386,0.071,0.182,0.239
0.166,0.264,0.403,0.336,0.386,0.071,0.182,0.239
0.166,0.265,0.403,0.337,0.387,0.071,0.182,0.24
0.166,0.265,0.403,0.337,0.387,0.071,0.182,0.24
0.166,0.266,0.403,0.338,0.387,0.071,0.182,0.241
0.166,0.266,0.403,0.338,0.388,0.071,0.182,0.241
0.166,0.266,0.403,0.339,0.388,0.071,0.182,0.242
0.166,0.266,0.403,0.339,0.389,0.071,0.182,0.242
0.167,0.267,0.403,0.34,0.389,0.071,0.182,0.243
0.166,0.267,0.403,0.34,0.389,0.071,0.182,0.243
0.166,0.267,0.403,0.341,0.389,0.071,0.182,0.244
0.166,0.268,0.403,0.341,0.39,0.071,0.182,0.244
0.167,0.268,0.403,0.342,0.39,0.071,0.182,0.244
0.166,0.269,0.403,0.342,0.39,0.071,0.182,0.245
0.167,0.269,0.403,0.343,0.391,0.071,0.182,0.246
0.167,0.269,0.403,0.343,0.391,0.071,0.182,0.246
0.167,0.27,0.403,0.344,0.391,0.071,0.182,0.247
0.167,0.27,0.403,0.344,0.392,0.071,0.182,0.247
0.167,0.27,0.403,0.345,0.392,0.071,0.182,0.247
0.167,0.27,0.403,0.345,0.392,0.071,0.182,0.248
0.167,0.271,0.403,0.346,0.393,0.071,0.182,0.248
0.167,0.271,0.403,0.346,0.393,0.071,0.182,0.249
0.167,0.272,0.403,0.347,0.393,0.071,0.182,0.249
0.167,0.272,0.403,0.347,0.394,0.071,0.182,0.25
0.167,0.272,0.403,0.348,0.394,0.071,0.182,0.25
0.167,0.273,0.403,0.348,0.394,0.071,0.182,0.251
0.167,0.273,0.403,0.349,0.395,0.071,0.182,0.251
0.167,0.273,0.403,0.349,0.395,0.071,0.182,0.251
0.167,0.274,0.403,0.35,0.396,0.071,0.182,0.252
0.167,0.274,0.403,0.35,0.396,0.071,0.182,0.252
0.167,0.274,0.403,0.351,0.396,0.071,0.182,0.253
0.167,0.275,0.403,0.351,0.397,0.071,0.182,0.253
0.167,0.275,0.403,0.352,0.397,0.071,0.182,0.254
0.167,0.275,0.403,0.353,0.397,0.071,0.182,0.254
0.167,0.276,0.403,0.353,0.398,0.071,0.182,0.255
0.167,0.276,0.403,0.354,0.398,0.071,0.182,0.255
0.167,0.276,0.403,0.354,0.398,0.071,0.182,0.256
0.167,0.277,0.403,0.355,0.399,0.071,0.182,0.256
0.167,0.277,0.403,0.355,0.399,0.071,0.182,0.257
0.167,0.277,0.403,0.355,0.399,0.071,0.182,0.257
0.167,0.278,0.403,0.356,0.4,0.071,0.182,0.257
0.167,0.278,0.403,0.357,0.4,0.071,0.182,0.258
0.167,0.278,0.403,0.357,0.4,0.071,0.182,0.258
0.167,0.279,0.403,0.358,0.401,0.071,0.182,0.259
0.167,0.279,0.403,0.358,0.401,0.071,0.182,0.259
0.168,0.279,0.403,0.359,0.401,0.071,0.182,0.26
0.168,0.28,0.403,0.359,0.402,0.072,0.182,0.26
0.168,0.28,0.403,0.36,0.402,0.071,0.182,0.26
0.168,0.28,0.403,0.36,0.402,0.071,0.182,0.261
0.168,0.281,0.403,0.361,0.403,0.072,0.182,0.261
0.168,0.281,0.403,0.361,0.403,0.071,0.182,0.261
0.168,0.281,0.403,0.362,0.403,0.072,0.182,0.262
0.168,0.282,0.403,0.362,0.404,0.072,0.182,0.262
0.168,0.282,0.403,0.363,0.404,0.072,0.182,0.263
0.168,0.283,0.403,0.363,0.405,0.072,0.182,0.263
0.168,0.283,0.403,0.364,0.405,0.071,0.182,0.263
0.168,0.283,0.403,0.364,0.405,0.072,0.182,0.264
0.168,0.284,0.403,0.365,0.406,0.071,0.182,0.264
0.168,0.284,0.403,0.365,0.406,0.072,0.182,0.265
0.168,0.284,0.403,0.366,0.406,0.072,0.182,0.265
0.168,0.285,0.403,0.366,0.407,0.072,0.182,0.266
0.168,0.285,0.403,0.367,0.407,0.072,0.182,0.266
0.168,0.285,0.403,0.367,0.407,0.072,0.182,0.266
0.168,0.286,0.403,0.368,0.408,0.072,0.182,0.267
0.168,0.286,0.403,0.368,0.408,0.072,0.182,0.267
0.168,0.287,0.403,0.369,0.408,0.072,0.182,0.268
0.168,0.287,0.403,0.369,0.409,0.072,0.182,0.268
0.168,0.287,0.403,0.37,0.409,0.072,0.182,0.268
0.168,0.287,0.403,0.37,0.41,0.072,0.182,0.269
0.169,0.288,0.403,0.371,0.41,0.072,0.182,0.269
0.168,0.288,0.403,0.371,0.41,0.072,0.182,0.269
0.169,0.289,0.403,0.372,0.411,0.072,0.182,0.27
0.169,0.289,0.403,0.372,0.411,0.072,0.182,0.27
0.169,0.289,0.404,0.373,0.411,0.072,0.182,0.27
0.169,0.29,0.403,0.373,0.412,0.072,0.182,0.271
0.169,0.29,0.403,0.374,0.412,0.072,0.182,0.271
0.169,0.29,0.404,0.374,0.412,0.072,0.182,0.271
0.169,0.291,0.404,0.374,0.412,0.072,0.182,0.272
0.169,0.291,0.404,0.375,0.413,0.072,0.182,0.272
0.169,0.292,0.404,0.375,0.413,0.072,0.182,0.273
0.169,0.292,0.404,0.375,0.413,0.072,0.182,0.273
0.169,0.292,0.404,0.376,0.414,0.072,0.182,0.273
0.169,0.293,0.404,0.376,0.414,0.072,0.182,0.273
0.169,0.293,0.404,0.377,0.414,0.072,0.182,0.274
0.169,0.294,0.404,0.377,0.414,0.072,0.182,0.274
0.169,0.294,0.404,0.377,0.415,0.072,0.182,0.274
0.169,0.294,0.404,0.378,0.415,0.072,0.182,0.275
0.169,0.295,0.404,0.378,0.415,0.072,0.182,0.275
0.169,0.295,0.404,0.378,0.415,0.072,0.182,0.275
0.169,0.296,0.404,0.379,0.416,0.072,0.182,0.276
0.169,0.296,0.404,0.379,0.416,0.072,0.182,0.276
0.169,0.297,0.404,0.38,0.416,0.072,0.182,0.276
0.169,0.297,0.404,0.38,0.417,0.072,0.182,0.277
0.17,0.298,0.404,0.38,0.417,0.072,0.182,0.277
0.17,0.298,0.404,0.381,0.417,0.073,0.182,0.277
0.17,0.298,0.404,0.381,0.418,0.073,0.182,0.277
0.17,0.299,0.404,0.382,0.418,0.073,0.182,0.278
0.17,0.299,0.404,0.382,0.418,0.072,0.182,0.278
0.17,0.3,0.404,0.383,0.418,0.073,0.182,0.278
0.17,0.3,0.404,0.383,0.419,0.073,0.182,0.279
0.17,0.301,0.404,0.384,0.419,0.073,0.182,0.279
0.17,0.301,0.405,0.385,0.42,0.073,0.182,0.279
0.17,0.301,0.405,0.385,0.42,0.073,0.182,0.279
0.17,0.302,0.405,0.386,0.42,0.073,0.182,0.28
0.17,0.302,0.405,0.386,0.421,0.073,0.182,0.28
0.17,0.303,0.405,0.386,0.421,0.073,0.182,0.28
0.17,0.303,0.405,0.387,0.421,0.073,0.182,0.281
0.17,0.304,0.405,0.388,0.422,0.073,0.182,0.281
0.17,0.304,0.405,0.388,0.422,0.073,0.182,0.281
0.17,0.305,0.405,0.389,0.422,0.073,0.182,0.281
0.17,0.305,0.405,0.389,0.423,0.073,0.182,0.282
0.17,0.306,0.405,0.39,0.423,0.073,0.182,0.282
0.17,0.306,0.405,0.392,0.423,0.073,0.182,0.282
0.17,0.308,0.405,0.413,0.424,0.073,0.182,0.282
0.17,0.314,0.406,0.427,0.425,0.073,0.182,0.286
0.17,0.326,0.407,0.44,0.431,0.073,0.183,0.296
0.171,0.34,0.407,0.455,0.444,0.073,0.183,0.315
0.171,0.359,0.408,0.469,0.46,0.074,0.184,0.337
0.171,0.387,0.409,0.482,0.477,0.074,0.184,0.355
0.172,0.415,0.41,0.494,0.493,0.075,0.185,0.371
0.172,0.438,0.411,0.504,0.51,0.076,0.185,0.385
0.173,0.464,0.412,0.513,0.526,0.077,0.186,0.397
0.173,0.494,0.413,0.522,0.54,0.078,0.186,0.408
0.174,0.521,0.415,0.53,0.554,0.079,0.187,0.418
0.174,0.547,0.416,0.538,0.566,0.08,0.187,0.427
0.175,0.573,0.417,0.546,0.578,0.081,0.187,0.435
0.175,0.597,0.418,0.553,0.588,0.082,0.188,0.443
0.176,0.62,0.42,0.561,0.598,0.083,0.188,0.451
0.176,0.641,0.421,0.567,0.607,0.083,0.189,0.458
0.177,0.661,0.422,0.575,0.615,0.084,0.189,0.464
0.177,0.679,0.424,0.582,0.624,0.085,0.189,0.471
0.178,0.695,0.425,0.589,0.632,0.086,0.19,0.477
0.178,0.709,0.426,0.594,0.639,0.087,0.19,0.482
0.178,0.723,0.427,0.601,0.646,0.087,0.19,0.488
0.179,0.735,0.429,0.605,0.653,0.088,0.191,0.493
0.179,0.746,0.43,0.613,0.66,0.089,0.191,0.498
0.18,0.757,0.431,0.619,0.666,0.09,0.192,0.503
0.18,0.768,0.432,0.625,0.671,0.09,0.192,0.507
0.181,0.777,0.433,0.63,0.677,0.091,0.192,0.512
0.181,0.787,0.435,0.635,0.683,0.092,0.193,0.516
0.181,0.797,0.436,0.641,0.688,0.092,0.193,0.52
0.182,0.806,0.437,0.646,0.693,0.093,0.193,0.525
0.182,0.815,0.438,0.652,0.698,0.094,0.194,0.529
0.183,0.823,0.439,0.658,0.703,0.094,0.194,0.533
0.183,0.832,0.441,0.664,0.708,0.095,0.194,0.537
0.183,0.84,0.442,0.67,0.713,0.096,0.195,0.541
0.184,0.847,0.443,0.675,0.718,0.096,0.195,0.545
0.184,0.855,0.444,0.68,0.723,0.097,0.195,0.548
0.185,0.862,0.445,0.685,0.727,0.098,0.196,0.552
0.185,0.869,0.447,0.69,0.732,0.098,0.196,0.556
0.186,0.876,0.448,0.694,0.736,0.099,0.197,0.56
0.186,0.883,0.449,0.699,0.741,0.1,0.197,0.563
0.187,0.889,0.45,0.703,0.745,0.1,0.197,0.567
0.187,0.895,0.451,0.707,0.749,0.101,0.198,0.57
0.187,0.901,0.452,0.712,0.753,0.101,0.198,0.574
0.188,0.907,0.453,0.716,0.757,0.102,0.199,0.577
0.188,0.913,0.454,0.719,0.761,0.103,0.199,0.58
0.188,0.918,0.456,0.724,0.766,0.103,0.199,0.584
0.189,0.923,0.457,0.728,0.77,0.104,0.199,0.587
0.189,0.929,0.458,0.731,0.773,0.105,0.2,0.59
0.19,0.934,0.459,0.735,0.777,0.105,0.2,0.593
0.19,0.939,0.46,0.739,0.781,0.106,0.2,0.596
0.19,0.944,0.461,0.743,0.785,0.107,0.201,0.599
0.191,0.948,0.462,0.746,0.789,0.107,0.201,0.602
0.191,0.953,0.463,0.75,0.792,0.108,0.201,0.605
0.192,0.958,0.464,0.753,0.796,0.108,0.202,0.608
0.192,0.962,0.465,0.757,0.8,0.109,0.202,0.61
0.193,0.967,0.466,0.761,0.803,0.11,0.202,0.613
0.193,0.971,0.467,0.764,0.807,0.11,0.203,0.616
0.193,0.975,0.469,0.767,0.81,0.111,0.203,0.618
0.194,0.979,0.47,0.77,0.814,0.111,0.203,0.621
0.194,0.983,0.47,0.773,0.817,0.112,0.203,0.623
0.194,0.987,0.472,0.776,0.82,0.112,0.204,0.625
0.195,0.991,0.473,0.779,0.823,0.113,0.204,0.628
0.195,0.995,0.474,0.782,0.827,0.114,0.204,0.63
0.196,0.999,0.475,0.785,0.83,0.114,0.205,0.632
0.196,1.003,0.476,0.788,0.833,0.115,0.205,0.634
0.196,1.007,0.477,0.791,0.836,0.115,0.205,0.636
0.197,1.01,0.478,0.794,0.839,0.116,0.206,0.638
0.197,1.014,0.479,0.796,0.842,0.116,0.206,0.64
0.198,1.017,0.48,0.799,0.845,0.117,0.206,0.641
0.198,1.019,0.481,0.801,0.848,0.118,0.206,0.643
0.198,1.022,0.482,0.804,0.851,0.118,0.207,0.644
0.199,1.024,0.483,0.806,0.853,0.119,0.207,0.646
0.199,1.026,0.484,0.809,0.856,0.119,0.207,0.647
0.2,1.028,0.485,0.811,0.859,0.12,0.208,0.649
0.2,1.03,0.486,0.814,0.862,0.121,0.208,0.65
0.2,1.031,0.487,0.816,0.864,0.121,0.208,0.651
0.201,1.033,0.488,0.818,0.867,0.122,0.208,0.652
0.201,1.034,0.489,0.821,0.869,0.122,0.208,0.653
0.201,1.036,0.49,0.823,0.872,0.123,0.209,0.654
0.202,1.037,0.491,0.825,0.874,0.123,0.209,0.656
0.202,1.038,0.492,0.827,0.877,0.124,0.209,0.657
0.203,1.04,0.493,0.829,0.879,0.124,0.21,0.657
0.203,1.041,0.494,0.831,0.882,0.125,0.21,0.658
0.203,1.043,0.494,0.833,0.884,0.126,0.21,0.659
0.204,1.044,0.495,0.835,0.886,0.126,0.211,0.66
0.204,1.045,0.496,0.836,0.888,0.127,0.211,0.661
0.205,1.046,0.497,0.838,0.891,0.127,0.211,0.661
0.205,1.048,0.498,0.839,0.893,0.128,0.211,0.662
0.205,1.049,0.499,0.841,0.895,0.128,0.211,0.662
0.206,1.049,0.5,0.842,0.897,0.129,0.212,0.662
0.206,1.05,0.501,0.844,0.899,0.13,0.212,0.662
0.206,1.05,0.502,0.845,0.901,0.13,0.212,0.663
0.207,1.05,0.502,0.846,0.903,0.131,0.212,0.663
0.207,1.049,0.503,0.848,0.904,0.131,0.213,0.663
0.208,1.048,0.504,0.849,0.906,0.132,0.213,0.663
0.208,1.047,0.505,0.847,0.908,0.132,0.213,0.663
0.208,1.047,0.506,0.842,0.909,0.133,0.213,0.663
0.209,1.05,0.507,0.839,0.911,0.133,0.213,0.666
0.209,1.054,0.508,0.842,0.914,0.134,0.213,0.67
0.209,1.059,0.509,0.845,0.918,0.134,0.214,0.677
0.209,1.065,0.509,0.85,0.922,0.135,0.214,0.683
0.209,1.074,0.51,0.852,0.926,0.135,0.214,0.69
0.209,1.088,0.511,0.854,0.931,0.136,0.214,0.696
0.209,1.1,0.512,0.859,0.937,0.137,0.214,0.702
0.21,1.11,0.513,0.864,0.941,0.137,0.214,0.707
0.21,1.118,0.514,0.869,0.945,0.138,0.214,0.711
0.211,1.125,0.515,0.874,0.949,0.138,0.214,0.715
0.211,1.131,0.516,0.876,0.953,0.139,0.214,0.718
0.211,1.136,0.517,0.879,0.956,0.139,0.214,0.722
0.212,1.14,0.518,0.882,0.96,0.14,0.215,0.725
0.212,1.144,0.519,0.883,0.963,0.141,0.215,0.728
0.212,1.148,0.52,0.888,0.967,0.141,0.215,0.731
0.212,1.153,0.521,0.887,0.97,0.142,0.215,0.733
0.212,1.157,0.522,0.89,0.973,0.142,0.215,0.736
0.213,1.161,0.523,0.897,0.977,0.143,0.216,0.739
0.213,1.166,0.524,0.898,0.98,0.144,0.216,0.742
0.213,1.17,0.525,0.9,0.983,0.144,0.216,0.745
0.214,1.174,0.526,0.904,0.986,0.145,0.216,0.748
0.214,1.178,0.527,0.909,0.99,0.145,0.216,0.75
0.214,1.182,0.528,0.914,0.993,0.146,0.217,0.753
0.215,1.185,0.528,0.919,0.996,0.146,0.217,0.755
0.215,1.188,0.529,0.924,0.999,0.147,0.217,0.758
0.216,1.191,0.53,0.929,1.002,0.148,0.217,0.761
0.216,1.194,0.531,0.933,1.005,0.148,0.217,0.763
0.216,1.197,0.532,0.937,1.008,0.149,0.218,0.765
0.217,1.199,0.533,0.94,1.01,0.149,0.218,0.768
0.217,1.202,0.534,0.944,1.013,0.15,0.218,0.77
0.217,1.205,0.535,0.947,1.016,0.15,0.219,0.773
0.218,1.207,0.536,0.95,1.019,0.151,0.219,0.775
0.218,1.21,0.537,0.953,1.022,0.152,0.219,0.777
0.218,1.212,0.538,0.956,1.025,0.152,0.219,0.78
0.219,1.214,0.539,0.96,1.027,0.153,0.219,0.782
0.219,1.217,0.54,0.962,1.03,0.154,0.22,0.784
0.22,1.219,0.541,0.965,1.033,0.154,0.22,0.787
0.22,1.221,0.542,0.968,1.035,0.154,0.22,0.789
0.22,1.223,0.543,0.971,1.038,0.155,0.22,0.791
0.221,1.226,0.544,0.974,1.041,0.156,0.221,0.793
0.221,1.228,0.545,0.977,1.043,0.156,0.221,0.795
0.221,1.23,0.546,0.98,1.046,0.157,0.221,0.797
0.222,1.232,0.547,0.983,1.049,0.158,0.221,0.799
0.222,1.234,0.548,0.986,1.051,0.158,0.221,0.801
0.223,1.236,0.549,0.988,1.054,0.159,0.222,0.804
0.223,1.238,0.55,0.991,1.056,0.159,0.222,0.806
0.223,1.24,0.551,0.994,1.059,0.16,0.222,0.808
0.224,1.242,0.551,0.996,1.062,0.16,0.222,0.81
0.224,1.244,0.552,0.999,1.064,0.161,0.223,0.812
0.224,1.245,0.554,1.002,1.067,0.162,0.223,0.814
0.225,1.247,0.554,1.004,1.069,0.162,0.223,0.816
0.225,1.249,0.555,1.007,1.072,0.163,0.223,0.818
0.226,1.25,0.556,1.009,1.074,0.163,0.224,0.82
0.226,1.252,0.557,1.012,1.077,0.164,0.224,0.822
0.226,1.254,0.558,1.014,1.079,0.164,0.224,0.824
0.227,1.255,0.559,1.017,1.081,0.165,0.224,0.826
0.227,1.257,0.56,1.019,1.084,0.166,0.225,0.828
0.228,1.259,0.561,1.022,1.086,0.166,0.225,0.83
0.228,1.26,0.562,1.024,1.089,0.167,0.225,0.832
0.228,1.262,0.563,1.027,1.091,0.167,0.225,0.834
0.229,1.263,0.564,1.029,1.094,0.168,0.225,0.836
0.229,1.265,0.565,1.031,1.096,0.169,0.226,0.837
0.229,1.267,0.565,1.033,1.098,0.169,0.226,0.839
0.23,1.268,0.567,1.036,1.101,0.17,0.226,0.841
0.23,1.27,0.567,1.038,1.103,0.17,0.226,0.843
0.231,1.271,0.568,1.04,1.105,0.171,0.227,0.845
0.231,1.273,0.569,1.042,1.108,0.172,0.227,0.846
0.231,1.274,0.57,1.044,1.11,0.172,0.227,0.848
0.232,1.276,0.571,1.046,1.112,0.173,0.227,0.849
0.232,1.277,0.572,1.048,1.114,0.173,0.227,0.851
0.233,1.278,0.573,1.05,1.116,0.174,0.228,0.852
0.233,1.28,0.574,1.052,1.118,0.174,0.228,0.854
0.233,1.281,0.575,1.054,1.121,0.175,0.228,0.855
0.234,1.283,0.575,1.056,1.123,0.176,0.228,0.857
0.234,1.284,0.576,1.058,1.125,0.176,0.228,0.858
0.235,1.285,0.577,1.059,1.127,0.177,0.229,0.86
0.235,1.287,0.578,1.061,1.129,0.177,0.229,0.861
0.236,1.288,0.579,1.063,1.131,0.178,0.229,0.862
0.236,1.289,0.58,1.065,1.133,0.178,0.229,0.863
0.236,1.29,0.581,1.066,1.135,0.179,0.23,0.864
0.237,1.292,0.582,1.068,1.137,0.18,0.23,0.865
0.237,1.293,0.582,1.069,1.138,0.18,0.23,0.866
0.237,1.294,0.583,1.071,1.14,0.181,0.23,0.867
0.238,1.295,0.584,1.072,1.142,0.181,0.23,0.869
0.238,1.297,0.585,1.074,1.144,0.182,0.231,0.869
0.239,1.298,0.586,1.076,1.145,0.182,0.231,0.87
0.239,1.299,0.587,1.077,1.147,0.183,0.231,0.871
0.24,1.3,0.588,1.078,1.149,0.184,0.231,0.872
0.24,1.302,0.589,1.08,1.151,0.184,0.231,0.873
0.24,1.303,0.59,1.081,1.152,0.185,0.232,0.874
0.241,1.304,0.591,1.083,1.154,0.185,0.232,0.875
0.241,1.305,0.591,1.084,1.155,0.186,0.232,0.876
0.242,1.306,0.592,1.085,1.157,0.187,0.232,0.876
0.242,1.307,0.593,1.087,1.159,0.187,0.233,0.877
0.242,1.309,0.594,1.088,1.16,0.188,0.233,0.878
0.243,1.31,0.595,1.089,1.161,0.188,0.233,0.878
0.243,1.311,0.596,1.09,1.163,0.189,0.233,0.879
0.244,1.312,0.596,1.092,1.164,0.189,0.233,0.88
0.244,1.313,0.597,1.092,1.166,0.19,0.234,0.88
0.244,1.314,0.598,1.094,1.167,0.19,0.234,0.881
0.245,1.316,0.599,1.095,1.168,0.191,0.234,0.881
0.245,1.316,0.6,1.096,1.17,0.191,0.234,0.882
0.246,1.318,0.601,1.097,1.171,0.192,0.234,0.882
0.246,1.319,0.602,1.098,1.172,0.193,0.235,0.883
0.246,1.32,0.602,1.099,1.173,0.193,0.235,0.883
0.247,1.321,0.603,1.1,1.175,0.194,0.235,0.884
0.247,1.322,0.604,1.102,1.176,0.194,0.235,0.885
0.248,1.323,0.605,1.103,1.177,0.195,0.236,0.885
0.248,1.324,0.606,1.104,1.178,0.195,0.236,0.885
0.249,1.325,0.607,1.105,1.179,0.196,0.236,0.886
0.249,1.326,0.608,1.105,1.18,0.197,0.236,0.886
0.249,1.327,0.608,1.106,1.181,0.197,0.236,0.886
0.25,1.328,0.609,1.107,1.183,0.198,0.236,0.887
0.25,1.33,0.61,1.108,1.184,0.198,0.237,0.887
0.251,1.331,0.611,1.109,1.185,0.199,0.237,0.887
0.251,1.331,0.612,1.11,1.186,0.199,0.237,0.888
0.251,1.333,0.613,1.111,1.187,0.2,0.237,0.888
0.252,1.334,0.613,1.112,1.188,0.201,0.237,0.888
0.252,1.335,0.614,1.113,1.188,0.201,0.238,0.889
0.253,1.336,0.615,1.114,1.189,0.202,0.238,0.889
0.253,1.337,0.616,1.114,1.19,0.202,0.238,0.889
0.254,1.338,0.617,1.115,1.191,0.203,0.238,0.889
0.254,1.339,0.618,1.116,1.192,0.203,0.238,0.889
0.254,1.34,0.619,1.117,1.193,0.204,0.239,0.89
0.255,1.341,0.619,1.118,1.194,0.204,0.239,0.89
0.255,1.342,0.62,1.119,1.194,0.205,0.239,0.89
0.256,1.343,0.621,1.119,1.195,0.206,0.239,0.89
0.256,1.344,0.622,1.12,1.196,0.206,0.239,0.89
0.257,1.345,0.623,1.121,1.197,0.207,0.24,0.89
0.257,1.346,0.623,1.121,1.197,0.207,0.24,0.89
0.257,1.346,0.624,1.122,1.198,0.208,0.24,0.89
0.258,1.348,0.625,1.123,1.199,0.208,0.24,0.89
0.258,1.349,0.626,1.123,1.199,0.209,0.24,0.89
0.258,1.35,0.627,1.124,1.2,0.209,0.241,0.89
0.259,1.351,0.627,1.125,1.201,0.21,0.241,0.89
0.259,1.351,0.628,1.125,1.201,0.211,0.241,0.89
0.26,1.352,0.629,1.126,1.202,0.211,0.241,0.89
0.26,1.353,0.63,1.127,1.202,0.212,0.241,0.89
0.261,1.354,0.631,1.127,1.203,0.212,0.242,0.89
0.261,1.355,0.631,1.128,1.204,0.213,0.242,0.89
0.261,1.356,0.632,1.128,1.204,0.213,0.242,0.89
0.262,1.357,0.633,1.129,1.205,0.214,0.242,0.889
0.262,1.358,0.634,1.129,1.205,0.214,0.242,0.889
0.263,1.359,0.635,1.13,1.205,0.215,0.242,0.889
0.263,1.359,0.636,1.13,1.206,0.215,0.243,0.889
0.264,1.36,0.636,1.131,1.206,0.216,0.243,0.889
0.264,1.361,0.637,1.132,1.207,0.217,0.243,0.889
0.264,1.362,0.638,1.132,1.207,0.217,0.243,0.888
0.265,1.363,0.639,1.132,1.208,0.218,0.243,0.888
0.265,1.363,0.639,1.133,1.208,0.218,0.243,0.888
0.266,1.364,0.64,1.134,1.209,0.218,0.244,0.888
0.266,1.365,0.641,1.134,1.209,0.219,0.244,0.888
0.267,1.366,0.642,1.135,1.209,0.22,0.244,0.887
0.267,1.367,0.642,1.13,1.207,0.22,0.244,0.885
0.267,1.365,0.642,1.133,1.208,0.22,0.244,0.885
0.267,1.365,0.643,1.134,1.208,0.221,0.244,0.885
0.268,1.366,0.643,1.134,1.208,0.221,0.244,0.884
0.268,1.367,0.644,1.134,1.209,0.222,0.244,0.884
0.268,1.367,0.645,1.135,1.209,0.222,0.244,0.884
0.269,1.368,0.646,1.136,1.209,0.223,0.245,0.883
0.27,1.369,0.647,1.136,1.209,0.223,0.245,0.883
0.27,1.37,0.647,1.136,1.21,0.224,0.245,0.883
0.27,1.37,0.648,1.137,1.21,0.224,0.245,0.882
0.271,1.371,0.649,1.137,1.21,0.225,0.245,0.882
0.271,1.372,0.649,1.138,1.211,0.225,0.245,0.882
0.272,1.373,0.65,1.138,1.211,0.226,0.246,0.881
0.272,1.373,0.651,1.138,1.211,0.226,0.246,0.881
0.272,1.374,0.652,1.139,1.211,0.227,0.246,0.88
0.273,1.374,0.652,1.139,1.212,0.227,0.246,0.88
0.273,1.375,0.653,1.14,1.212,0.228,0.246,0.879
0.274,1.376,0.654,1.14,1.212,0.228,0.246,0.879
0.274,1.376,0.654,1.14,1.212,0.229,0.247,0.878
0.274,1.377,0.655,1.141,1.212,0.229,0.247,0.878
0.275,1.378,0.656,1.141,1.212,0.23,0.247,0.877
0.275,1.378,0.657,1.141,1.212,0.23,0.247,0.877
0.276,1.379,0.657,1.141,1.212,0.231,0.247,0.876
0.276,1.379,0.658,1.142,1.213,0.231,0.247,0.875
0.276,1.38,0.659,1.142,1.212,0.232,0.248,0.875
0.277,1.38,0.66,1.142,1.212,0.232,0.248,0.874
0.277,1.381,0.66,1.142,1.213,0.233,0.248,0.873
0.278,1.382,0.661,1.142,1.213,0.233,0.248,0.873
0.278,1.382,0.661,1.142,1.212,0.234,0.248,0.872
0.279,1.382,0.662,1.143,1.212,0.234,0.248,0.871
0.279,1.383,0.663,1.143,1.212,0.234,0.248,0.87
0.279,1.383,0.664,1.143,1.212,0.235,0.249,0.87
0.28,1.384,0.664,1.143,1.212,0.235,0.249,0.869
0.28,1.384,0.665,1.143,1.212,0.236,0.249,0.868
0.281,1.385,0.666,1.144,1.212,0.236,0.249,0.867
0.281,1.385,0.666,1.144,1.212,0.237,0.249,0.866
0.281,1.385,0.667,1.144,1.212,0.237,0.249,0.866
0.282,1.385,0.668,1.144,1.212,0.238,0.249,0.865
0.282,1.385,0.668,1.144,1.212,0.238,0.249,0.864
0.283,1.386,0.669,1.144,1.211,0.238,0.25,0.863
0.283,1.386,0.67,1.144,1.211,0.239,0.25,0.863
0.284,1.386,0.67,1.144,1.211,0.239,0.25,0.862
0.284,1.386,0.671,1.144,1.211,0.24,0.25,0.861
0.284,1.387,0.672,1.144,1.211,0.24,0.25,0.86
0.285,1.387,0.672,1.144,1.21,0.241,0.25,0.859
0.285,1.387,0.673,1.144,1.21,0.241,0.25,0.859
0.285,1.387,0.674,1.144,1.21,0.242,0.251,0.858
0.286,1.387,0.674,1.144,1.21,0.242,0.251,0.857
0.286,1.387,0.675,1.144,1.21,0.242,0.251,0.856
0.287,1.387,0.676,1.144,1.21,0.243,0.251,0.855
0.287,1.387,0.676,1.145,1.209,0.243,0.251,0.855
0.288,1.387,0.677,1.145,1.209,0.243,0.251,0.854
0.288,1.387,0.677,1.144,1.209,0.244,0.252,0.853
0.288,1.388,0.678,1.145,1.209,0.244,0.251,0.853
0.289,1.387,0.679,1.145,1.208,0.245,0.252,0.852
0.289,1.387,0.679,1.145,1.208,0.245,0.252,0.851
0.29,1.387,0.68,1.145,1.208,0.245,0.252,0.85
0.29,1.387,0.681,1.145,1.208,0.246,0.252,0.849
0.291,1.387,0.681,1.145,1.208,0.246,0.252,0.848
0.291,1.387,0.682,1.145,1.207,0.247,0.252,0.848
0.291,1.387,0.683,1.145,1.207,0.247,0.252,0.852
0.292,1.39,0.685,1.147,1.209,0.248,0.253,0.848
0.293,1.39,0.685,1.147,1.209,0.248,0.253,0.847
0.293,1.39,0.686,1.147,1.209,0.248,0.254,0.846
0.294,1.389,0.686,1.147,1.208,0.249,0.254,0.846
0.294,1.389,0.687,1.147,1.208,0.249,0.254,0.845
0.295,1.389,0.688,1.147,1.208,0.25,0.254,0.844
0.295,1.389,0.688,1.147,1.207,0.25,0.254,0.843
0.295,1.388,0.689,1.147,1.207,0.25,0.254,0.843
0.296,1.388,0.689,1.147,1.207,0.25,0.254,0.842
0.296,1.388,0.69,1.147,1.207,0.251,0.254,0.841
0.297,1.387,0.691,1.147,1.206,0.251,0.255,0.84
0.297,1.387,0.691,1.147,1.206,0.252,0.255,0.84
0.297,1.387,0.692,1.147,1.206,0.252,0.255,0.839
0.298,1.386,0.692,1.147,1.205,0.252,0.255,0.838
0.298,1.386,0.693,1.147,1.205,0.252,0.255,0.838
0.299,1.386,0.694,1.147,1.205,0.253,0.255,0.837
0.299,1.385,0.694,1.147,1.204,0.253,0.256,0.836
0.3,1.385,0.695,1.147,1.204,0.253,0.256,0.835
0.3,1.384,0.696,1.147,1.204,0.254,0.256,0.834
0.3,1.384,0.696,1.147,1.203,0.254,0.256,0.834
0.301,1.383,0.697,1.146,1.203,0.254,0.256,0.833
0.301,1.383,0.697,1.147,1.202,0.255,0.256,0.832
0.302,1.382,0.698,1.146,1.202,0.255,0.256,0.831
0.302,1.381,0.698,1.146,1.202,0.255,0.256,0.831
0.302,1.381,0.699,1.146,1.201,0.255,0.257,0.83
0.303,1.38,0.7,1.146,1.201,0.256,0.257,0.829
0.303,1.38,0.7,1.146,1.201,0.256,0.257,0.829
0.304,1.379,0.701,1.146,1.2,0.256,0.257,0.828
0.304,1.379,0.701,1.146,1.2,0.256,0.257,0.827
0.305,1.378,0.702,1.146,1.199,0.257,0.257,0.826
0.305,1.377,0.702,1.146,1.199,0.257,0.257,0.826
0.305,1.377,0.703,1.146,1.199,0.257,0.258,0.825
0.306,1.376,0.704,1.146,1.198,0.257,0.258,0.824
0.306,1.375,0.704,1.146,1.198,0.258,0.258,0.823
0.307,1.375,0.705,1.146,1.197,0.258,0.258,0.823
0.307,1.374,0.705,1.146,1.197,0.258,0.258,0.822
0.307,1.373,0.706,1.145,1.197,0.258,0.258,0.821
0.308,1.372,0.706,1.146,1.196,0.258,0.258,0.82
0.308,1.372,0.707,1.145,1.196,0.259,0.258,0.82
0.309,1.371,0.707,1.145,1.195,0.259,0.258,0.819
0.309,1.37,0.708,1.145,1.195,0.259,0.258,0.818
0.31,1.369,0.709,1.145,1.194,0.259,0.259,0.817
0.31,1.368,0.709,1.145,1.194,0.26,0.259,0.817
0.31,1.367,0.71,1.145,1.193,0.26,0.259,0.816
0.311,1.367,0.71,1.145,1.193,0.26,0.259,0.815
0.311,1.366,0.711,1.145,1.193,0.26,0.259,0.815
0.311,1.365,0.711,1.145,1.192,0.26,0.259,0.814
0.312,1.364,0.712,1.145,1.192,0.26,0.259,0.813
0.312,1.363,0.712,1.145,1.191,0.261,0.259,0.812
0.313,1.362,0.713,1.144,1.191,0.261,0.259,0.812
0.313,1.361,0.713,1.145,1.19,0.261,0.259,0.811
0.313,1.36,0.714,1.144,1.19,0.261,0.26,0.81
0.314,1.359,0.714,1.144,1.189,0.261,0.26,0.809
0.314,1.358,0.715,1.144,1.189,0.261,0.26,0.809
0.315,1.357,0.716,1.144,1.189,0.262,0.26,0.808
0.315,1.356,0.716,1.144,1.188,0.262,0.26,0.807
0.316,1.355,0.716,1.144,1.188,0.262,0.26,0.806
0.316,1.354,0.717,1.144,1.187,0.262,0.26,0.806
0.317,1.353,0.717,1.144,1.187,0.262,0.26,0.805
0.317,1.352,0.718,1.144,1.186,0.262,0.261,0.804
0.317,1.351,0.719,1.144,1.186,0.263,0.261,0.803
0.318,1.35,0.719,1.144,1.185,0.263,0.261,0.803
0.318,1.349,0.72,1.144,1.185,0.263,0.261,0.802
0.318,1.348,0.72,1.139,1.182,0.262,0.26,0.799
0.318,1.344,0.719,1.141,1.181,0.262,0.26,0.799
0.319,1.343,0.719,1.141,1.181,0.263,0.261,0.798
0.319,1.342,0.72,1.141,1.181,0.263,0.261,0.797
0.319,1.341,0.721,1.141,1.18,0.263,0.261,0.796
0.32,1.34,0.721,1.141,1.18,0.263,0.261,0.796
0.32,1.339,0.722,1.141,1.179,0.263,0.261,0.795
0.32,1.338,0.722,1.14,1.179,0.263,0.261,0.794
0.321,1.337,0.723,1.14,1.178,0.263,0.261,0.793
0.321,1.336,0.723,1.14,1.178,0.263,0.261,0.793
0.321,1.335,0.724,1.14,1.177,0.263,0.262,0.792
0.322,1.334,0.724,1.14,1.177,0.263,0.261,0.791
0.322,1.332,0.724,1.14,1.176,0.263,0.261,0.791
0.323,1.331,0.725,1.14,1.176,0.264,0.262,0.79
0.323,1.33,0.725,1.139,1.175,0.264,0.262,0.789
0.323,1.329,0.726,1.139,1.175,0.264,0.262,0.788
0.324,1.328,0.726,1.139,1.174,0.264,0.262,0.788
0.324,1.327,0.727,1.139,1.174,0.264,0.262,0.787
0.325,1.325,0.727,1.139,1.173,0.264,0.262,0.786
0.325,1.324,0.728,1.139,1.172,0.264,0.262,0.786
0.325,1.323,0.728,1.139,1.172,0.264,0.262,0.785
0.326,1.322,0.729,1.138,1.172,0.264,0.262,0.784
0.326,1.321,0.729,1.139,1.171,0.264,0.263,0.783
0.327,1.32,0.73,1.138,1.17,0.264,0.263,0.783
0.327,1.318,0.73,1.138,1.17,0.264,0.263,0.782
0.327,1.317,0.73,1.138,1.169,0.264,0.263,0.781
0.328,1.316,0.731,1.138,1.169,0.264,0.263,0.781
0.328,1.315,0.731,1.138,1.168,0.264,0.263,0.78
0.328,1.314,0.732,1.138,1.168,0.264,0.263,0.779
0.329,1.312,0.732,1.138,1.167,0.264,0.263,0.778
0.329,1.311,0.733,1.138,1.167,0.264,0.263,0.778
0.33,1.31,0.733,1.138,1.166,0.264,0.263,0.777
0.33,1.309,0.733,1.138,1.166,0.264,0.263,0.776
0.33,1.308,0.734,1.137,1.165,0.264,0.263,0.776
0.331,1.306,0.734,1.137,1.165,0.264,0.264,0.775
0.331,1.305,0.735,1.137,1.164,0.264,0.264,0.774
0.331,1.304,0.735,1.137,1.164,0.264,0.264,0.774
0.332,1.303,0.736,1.137,1.163,0.264,0.264,0.773
0.332,1.302,0.736,1.137,1.163,0.264,0.264,0.772
0.332,1.3,0.737,1.137,1.162,0.264,0.264,0.771
0.333,1.299,0.737,1.136,1.162,0.264,0.264,0.771
0.333,1.298,0.737,1.136,1.161,0.264,0.264,0.77
0.334,1.297,0.738,1.136,1.161,0.264,0.264,0.77
0.334,1.295,0.738,1.136,1.16,0.264,0.264,0.769
0.334,1.294,0.739,1.136,1.159,0.264,0.264,0.768
0.335,1.293,0.739,1.136,1.159,0.264,0.264,0.767
0.335,1.292,0.74,1.136,1.158,0.264,0.264,0.767
0.335,1.291,0.74,1.136,1.158,0.264,0.264,0.766
0.336,1.289,0.74,1.136,1.157,0.264,0.265,0.766
0.336,1.288,0.741,1.135,1.157,0.263,0.265,0.765
0.337,1.287,0.741,1.135,1.156,0.263,0.265,0.764
0.337,1.286,0.742,1.135,1.156,0.263,0.265,0.764
0.337,1.284,0.742,1.135,1.155,0.263,0.265,0.763
0.338,1.283,0.743,1.135,1.155,0.263,0.265,0.762
0.338,1.282,0.743,1.135,1.154,0.263,0.265,0.762
0.338,1.281,0.744,1.135,1.154,0.263,0.265,0.761
0.339,1.279,0.744,1.135,1.153,0.263,0.265,0.76
0.339,1.278,0.744,1.135,1.153,0.263,0.265,0.76
0.339,1.277,0.744,1.134,1.152,0.263,0.265,0.759
0.34,1.275,0.745,1.134,1.151,0.263,0.265,0.759
0.34,1.274,0.745,1.134,1.151,0.263,0.265,0.758
0.341,1.276,0.747,1.136,1.153,0.263,0.266,0.759
0.341,1.275,0.748,1.136,1.152,0.263,0.266,0.758
0.342,1.273,0.748,1.136,1.152,0.263,0.266,0.758
0.342,1.272,0.749,1.136,1.151,0.263,0.266,0.757
0.343,1.271,0.749,1.136,1.151,0.263,0.266,0.756
0.343,1.27,0.749,1.136,1.15,0.263,0.266,0.756
0.343,1.269,0.75,1.136,1.15,0.262,0.266,0.755
0.344,1.267,0.75,1.136,1.149,0.262,0.267,0.755
0.344,1.266,0.751,1.135,1.149,0.262,0.266,0.754
0.344,1.265,0.751,1.135,1.148,0.262,0.267,0.753
0.345,1.264,0.752,1.135,1.148,0.262,0.267,0.753
0.345,1.263,0.752,1.135,1.147,0.262,0.267,0.752
0.345,1.261,0.752,1.135,1.147,0.262,0.267,0.751
0.346,1.26,0.753,1.135,1.146,0.262,0.267,0.751
0.346,1.259,0.753,1.135,1.146,0.262,0.267,0.75
0.346,1.257,0.753,1.135,1.145,0.261,0.267,0.75
0.347,1.256,0.754,1.135,1.145,0.261,0.267,0.749
0.347,1.255,0.754,1.135,1.144,0.261,0.267,0.749
0.348,1.254,0.755,1.135,1.144,0.261,0.267,0.748
0.348,1.253,0.755,1.134,1.143,0.261,0.267,0.747
0.348,1.251,0.756,1.134,1.143,0.261,0.267,0.747
0.348,1.25,0.756,1.134,1.142,0.261,0.267,0.746
0.349,1.249,0.756,1.134,1.141,0.261,0.267,0.746
0.349,1.248,0.757,1.134,1.141,0.261,0.268,0.745
0.35,1.246,0.757,1.134,1.14,0.26,0.268,0.744
0.35,1.245,0.758,1.134,1.14,0.26,0.268,0.744
0.35,1.244,0.758,1.134,1.139,0.26,0.268,0.743
0.351,1.243,0.758,1.133,1.139,0.26,0.268,0.743
0.351,1.242,0.759,1.133,1.138,0.26,0.268,0.742
0.351,1.24,0.759,1.133,1.138,0.26,0.268,0.742
0.352,1.239,0.759,1.133,1.137,0.259,0.268,0.741
0.352,1.238,0.76,1.133,1.137,0.259,0.268,0.741
0.352,1.237,0.76,1.133,1.136,0.259,0.268,0.74
0.353,1.235,0.761,1.133,1.136,0.259,0.268,0.739
0.353,1.234,0.761,1.133,1.135,0.259,0.268,0.739
0.353,1.233,0.762,1.132,1.135,0.259,0.268,0.738
0.354,1.232,0.762,1.132,1.134,0.258,0.268,0.738
0.354,1.23,0.762,1.132,1.134,0.258,0.269,0.737
0.354,1.23,0.763,1.132,1.133,0.258,0.269,0.737
0.355,1.228,0.763,1.132,1.132,0.258,0.269,0.736
0.355,1.227,0.763,1.132,1.132,0.258,0.269,0.736
0.355,1.226,0.764,1.132,1.131,0.257,0.269,0.735
0.356,1.225,0.764,1.132,1.131,0.257,0.269,0.734
0.356,1.223,0.764,1.131,1.13,0.257,0.269,0.734
0.356,1.222,0.765,1.131,1.13,0.257,0.269,0.733
0.357,1.221,0.765,1.131,1.129,0.257,0.269,0.733
0.357,1.22,0.766,1.131,1.129,0.256,0.269,0.732
0.357,1.218,0.766,1.131,1.128,0.256,0.269,0.732
0.358,1.217,0.766,1.131,1.128,0.256,0.269,0.731
0.358,1.216,0.767,1.131,1.127,0.256,0.269,0.731
0.358,1.215,0.767,1.131,1.127,0.255,0.269,0.73
0.359,1.214,0.768,1.131,1.126,0.255,0.269,0.73
0.359,1.212,0.768,1.13,1.126,0.255,0.269,0.729
0.359,1.211,0.768,1.13,1.125,0.255,0.27,0.729
0.36,1.21,0.769,1.13,1.125,0.255,0.269,0.728
0.36,1.209,0.769,1.13,1.124,0.255,0.27,0.728
0.36,1.208,0.769,1.13,1.124,0.254,0.27,0.727
0.361,1.207,0.77,1.13,1.123,0.254,0.27,0.726
0.361,1.205,0.77,1.13,1.122,0.254,0.27,0.726
0.361,1.204,0.77,1.13,1.122,0.253,0.27,0.725
0.362,1.203,0.771,1.129,1.121,0.254,0.27,0.725
0.362,1.202,0.771,1.129,1.121,0.253,0.27,0.724
0.362,1.201,0.772,1.129,1.121,0.253,0.27,0.724
0.362,1.2,0.772,1.129,1.12,0.253,0.27,0.723
0.363,1.199,0.772,1.129,1.12,0.253,0.27,0.723
0.363,1.197,0.773,1.129,1.119,0.252,0.27,0.722
0.364,1.196,0.773,1.129,1.118,0.252,0.27,0.722
0.364,1.195,0.773,1.129,1.118,0.252,0.27,0.721
0.364,1.194,0.774,1.129,1.117,0.252,0.27,0.721
0.364,1.193,0.774,1.128,1.117,0.252,0.27,0.72
0.365,1.192,0.774,1.128,1.116,0.251,0.27,0.72
0.365,1.19,0.775,1.128,1.116,0.251,0.27,0.719
0.365,1.189,0.775,1.128,1.115,0.251,0.27,0.719
0.366,1.188,0.775,1.128,1.115,0.251,0.271,0.718
0.366,1.187,0.776,1.128,1.114,0.25,0.271,0.718
0.366,1.186,0.776,1.128,1.114,0.25,0.271,0.717
0.367,1.185,0.777,1.128,1.113,0.25,0.271,0.717
0.367,1.184,0.777,1.128,1.113,0.249,0.271,0.716
0.367,1.183,0.777,1.127,1.112,0.249,0.271,0.716
0.367,1.181,0.777,1.127,1.112,0.249,0.271,0.715
0.368,1.18,0.778,1.127,1.111,0.249,0.271,0.715
0.368,1.179,0.778,1.127,1.111,0.249,0.271,0.714
0.368,1.178,0.779,1.127,1.11,0.248,0.271,0.714
0.369,1.177,0.779,1.127,1.11,0.248,0.271,0.713
0.369,1.176,0.779,1.127,1.109,0.248,0.271,0.713
0.369,1.175,0.78,1.126,1.108,0.247,0.271,0.712
0.37,1.174,0.78,1.126,1.108,0.247,0.271,0.711
0.37,1.172,0.78,1.126,1.108,0.247,0.271,0.711
0.37,1.171,0.78,1.126,1.107,0.247,0.271,0.711
0.371,1.17,0.781,1.126,1.106,0.246,0.271,0.71
0.371,1.169,0.781,1.126,1.106,0.246,0.271,0.71
0.371,1.168,0.782,1.126,1.105,0.246,0.271,0.709
0.371,1.167,0.782,1.126,1.105,0.246,0.271,0.709
0.372,1.166,0.782,1.126,1.104,0.245,0.271,0.708
0.372,1.165,0.782,1.126,1.104,0.245,0.272,0.708
0.372,1.164,0.783,1.125,1.103,0.245,0.272,0.707
0.373,1.163,0.783,1.125,1.103,0.245,0.271,0.707
0.373,1.161,0.783,1.125,1.103,0.244,0.272,0.706
0.373,1.16,0.784,1.125,1.102,0.244,0.272,0.706
0.373,1.159,0.784,1.125,1.101,0.244,0.272,0.705
0.374,1.158,0.784,1.125,1.101,0.244,0.272,0.705
0.374,1.157,0.785,1.125,1.1,0.243,0.272,0.704
0.374,1.156,0.785,1.124,1.1,0.243,0.272,0.704
0.375,1.155,0.785,1.124,1.099,0.243,0.272,0.703
0.375,1.154,0.786,1.124,1.099,0.242,0.272,0.703
0.375,1.153,0.786,1.124,1.098,0.242,0.272,0.702
0.375,1.152,0.786,1.124,1.098,0.242,0.272,0.702
0.376,1.151,0.787,1.124,1.097,0.242,0.272,0.701
0.376,1.15,0.787,1.124,1.097,0.241,0.272,0.701
0.376,1.149,0.787,1.124,1.096,0.241,0.272,0.7
0.377,1.148,0.788,1.123,1.096,0.241,0.272,0.7
0.377,1.147,0.788,1.123,1.095,0.241,0.272,0.699
0.377,1.146,0.788,1.123,1.095,0.24,0.272,0.699
0.377,1.145,0.789,1.123,1.094,0.24,0.272,0.698
0.378,1.144,0.789,1.123,1.094,0.24,0.272,0.698
0.378,1.143,0.789,1.123,1.093,0.24,0.272,0.698
0.378,1.142,0.789,1.123,1.093,0.239,0.272,0.697
0.378,1.141,0.79,1.123,1.092,0.239,0.272,0.697
0.379,1.14,0.79,1.123,1.092,0.239,0.272,0.696
0.379,1.139,0.791,1.122,1.091,0.238,0.272,0.696
0.379,1.138,0.791,1.122,1.091,0.238,0.272,0.695
0.38,1.137,0.791,1.122,1.09,0.238,0.273,0.695
0.38,1.136,0.791,1.122,1.09,0.237,0.272,0.694
0.38,1.134,0.792,1.122,1.089,0.237,0.272,0.694
0.38,1.134,0.792,1.122,1.089,0.237,0.273,0.693
0.381,1.133,0.792,1.122,1.088,0.237,0.273,0.693
0.381,1.132,0.793,1.122,1.088,0.237,0.273,0.692
0.381,1.131,0.793,1.121,1.087,0.236,0.273,0.692
0.382,1.13,0.793,1.121,1.087,0.236,0.273,0.691
0.382,1.129,0.794,1.121,1.086,0.236,0.273,0.691
0.382,1.128,0.794,1.121,1.086,0.235,0.273,0.691
0.382,1.127,0.794,1.121,1.085,0.235,0.273,0.69
0.383,1.126,0.795,1.121,1.085,0.235,0.273,0.69
0.383,1.125,0.795,1.121,1.084,0.235,0.273,0.689
0.383,1.124,0.795,1.121,1.084,0.234,0.273,0.689
0.383,1.123,0.795,1.121,1.083,0.234,0.273,0.688
0.384,1.122,0.796,1.12,1.083,0.234,0.273,0.688
0.384,1.121,0.796,1.12,1.082,0.233,0.273,0.687
0.384,1.12,0.796,1.12,1.082,0.233,0.273,0.687
0.384,1.119,0.797,1.12,1.082,0.233,0.273,0.686
0.385,1.118,0.797,1.12,1.081,0.233,0.273,0.686
0.385,1.117,0.797,1.12,1.08,0.232,0.273,0.685
0.385,1.116,0.797,1.12,1.08,0.232,0.273,0.685
0.385,1.116,0.798,1.12,1.08,0.232,0.273,0.685
0.386,1.115,0.798,1.12,1.079,0.232,0.273,0.684
0.386,1.114,0.798,1.12,1.079,0.231,0.273,0.684
0.386,1.113,0.799,1.12,1.078,0.231,0.273,0.683
0.386,1.112,0.799,1.119,1.078,0.231,0.273,0.683
0.387,1.111,0.799,1.119,1.077,0.23,0.273,0.682
0.387,1.11,0.799,1.119,1.077,0.23,0.273,0.682
0.387,1.109,0.8,1.119,1.076,0.23,0.273,0.681
0.387,1.109,0.8,1.119,1.076,0.229,0.273,0.681
0.388,1.108,0.8,1.119,1.075,0.229,0.273,0.68
0.388,1.107,0.801,1.119,1.075,0.229,0.274,0.68
0.388,1.106,0.801,1.119,1.074,0.229,0.274,0.68
0.388,1.105,0.801,1.119,1.074,0.228,0.274,0.679
0.389,1.104,0.801,1.119,1.074,0.228,0.273,0.679
0.389,1.104,0.802,1.119,1.073,0.228,0.274,0.678
0.389,1.103,0.802,1.119,1.073,0.228,0.274,0.678
0.389,1.102,0.802,1.118,1.072,0.227,0.274,0.677
0.39,1.101,0.803,1.118,1.072,0.227,0.274,0.677
0.39,1.1,0.803,1.119,1.071,0.227,0.274,0.677
0.39,1.099,0.803,1.118,1.071,0.227,0.274,0.676
0.39,1.099,0.803,1.118,1.07,0.226,0.274,0.676
0.391,1.098,0.804,1.118,1.07,0.226,0.274,0.675
0.391,1.097,0.804,1.118,1.069,0.225,0.274,0.675
0.391,1.096,0.804,1.118,1.069,0.225,0.274,0.675
0.391,1.095,0.805,1.118,1.069,0.225,0.274,0.674
0.392,1.095,0.805,1.118,1.068,0.225,0.274,0.674
0.392,1.094,0.805,1.118,1.068,0.224,0.274,0.673
0.392,1.093,0.806,1.117,1.067,0.224,0.274,0.673
0.392,1.092,0.806,1.117,1.067,0.224,0.274,0.672
0.392,1.091,0.806,1.117,1.066,0.224,0.274,0.672
0.393,1.09,0.806,1.117,1.066,0.223,0.274,0.672
0.393,1.09,0.806,1.117,1.065,0.223,0.274,0.671
0.393,1.089,0.807,1.117,1.065,0.223,0.274,0.671
0.393,1.088,0.807,1.117,1.064,0.223,0.274,0.671
0.394,1.087,0.807,1.117,1.064,0.222,0.274,0.67
0.394,1.086,0.808,1.117,1.064,0.222,0.274,0.67
0.394,1.085,0.808,1.117,1.063,0.222,0.274,0.669
0.394,1.085,0.808,1.116,1.063,0.222,0.274,0.669
0.394,1.084,0.808,1.116,1.062,0.221,0.274,0.669
0.395,1.083,0.809,1.116,1.062,0.221,0.274,0.668
0.395,1.082,0.809,1.116,1.061,0.221,0.274,0.668
0.395,1.081,0.809,1.116,1.061,0.22,0.274,0.668
0.395,1.08,0.81,1.116,1.06,0.22,0.274,0.667
0.396,1.079,0.81,1.116,1.06,0.22,0.274,0.667
0.396,1.079,0.81,1.116,1.059,0.22,0.274,0.666
0.396,1.078,0.81,1.115,1.059,0.219,0.275,0.666
0.396,1.077,0.811,1.115,1.059,0.219,0.274,0.665
0.397,1.076,0.811,1.115,1.058,0.219,0.274,0.665
0.397,1.075,0.811,1.115,1.058,0.218,0.274,0.665
0.397,1.075,0.811,1.115,1.057,0.218,0.274,0.664
0.397,1.074,0.812,1.115,1.057,0.218,0.275,0.664
0.398,1.073,0.812,1.115,1.056,0.218,0.274,0.664
0.398,1.072,0.812,1.115,1.056,0.217,0.275,0.663
0.398,1.071,0.813,1.115,1.055,0.217,0.275,0.663
0.398,1.071,0.813,1.114,1.055,0.217,0.274,0.663
0.398,1.07,0.813,1.114,1.055,0.217,0.274,0.662
0.399,1.069,0.813,1.114,1.054,0.216,0.275,0.662
0.399,1.068,0.814,1.114,1.054,0.216,0.275,0.661
0.399,1.067,0.814,1.114,1.053,0.216,0.275,0.661
0.399,1.066,0.814,1.114,1.053,0.216,0.275,0.66
0.4,1.066,0.814,1.114,1.052,0.215,0.275,0.66
0.4,1.065,0.815,1.114,1.052,0.215,0.275,0.66
0.4,1.064,0.815,1.114,1.051,0.215,0.275,0.66
0.4,1.063,0.815,1.113,1.051,0.214,0.275,0.659
0.4,1.062,0.815,1.113,1.051,0.214,0.275,0.659
0.401,1.062,0.816,1.113,1.05,0.214,0.275,0.658
0.401,1.061,0.816,1.113,1.05,0.214,0.275,0.658
0.401,1.06,0.816,1.113,1.049,0.214,0.275,0.657
0.401,1.059,0.816,1.113,1.049,0.213,0.275,0.657
0.401,1.059,0.817,1.112,1.048,0.213,0.275,0.657
0.402,1.058,0.817,1.112,1.048,0.213,0.275,0.656
0.402,1.057,0.817,1.112,1.047,0.212,0.275,0.656
0.402,1.056,0.817,1.112,1.047,0.212,0.275,0.656
0.402,1.055,0.818,1.112,1.047,0.212,0.275,0.655
0.402,1.055,0.818,1.112,1.046,0.212,0.275,0.655
0.403,1.054,0.818,1.112,1.046,0.211,0.275,0.654
0.403,1.053,0.818,1.112,1.045,0.211,0.275,0.654
0.403,1.052,0.819,1.112,1.045,0.211,0.275,0.654
0.403,1.052,0.819,1.111,1.045,0.211,0.275,0.653
0.403,1.051,0.819,1.111,1.044,0.21,0.275,0.653
0.404,1.05,0.819,1.111,1.044,0.21,0.275,0.653
0.404,1.049,0.82,1.111,1.043,0.21,0.275,0.652
0.404,1.049,0.82,1.111,1.043,0.21,0.275,0.652
0.404,1.048,0.82,1.111,1.043,0.209,0.275,0.651
0.404,1.047,0.82,1.111,1.042,0.209,0.275,0.651
0.405,1.046,0.821,1.111,1.042,0.209,0.275,0.651
0.405,1.046,0.821,1.111,1.041,0.209,0.275,0.65
0.405,1.045,0.821,1.111,1.041,0.208,0.275,0.65
0.405,1.044,0.821,1.11,1.04,0.208,0.275,0.65
0.405,1.043,0.822,1.11,1.04,0.208,0.275,0.649
0.406,1.043,0.822,1.11,1.04,0.208,0.275,0.649
0.406,1.042,0.822,1.11,1.039,0.207,0.275,0.649
0.406,1.041,0.822,1.11,1.039,0.207,0.275,0.648
0.406,1.041,0.823,1.11,1.038,0.207,0.275,0.648
0.406,1.04,0.823,1.11,1.038,0.206,0.275,0.648
0.407,1.039,0.823,1.109,1.037,0.206,0.275,0.647
0.407,1.038,0.823,1.109,1.037,0.206,0.275,0.647
0.407,1.038,0.823,1.109,1.037,0.206,0.275,0.646
0.407,1.037,0.824,1.109,1.036,0.206,0.275,0.646
0.407,1.036,0.824,1.109,1.036,0.205,0.275,0.646
0.408,1.036,0.824,1.109,1.035,0.205,0.275,0.645
0.408,1.035,0.824,1.109,1.035,0.205,0.275,0.645
0.408,1.034,0.825,1.108,1.034,0.205,0.275,0.645
0.408,1.033,0.825,1.108,1.034,0.204,0.275,0.644
0.408,1.033,0.825,1.108,1.034,0.204,0.275,0.644
0.409,1.032,0.825,1.108,1.033,0.204,0.275,0.644
0.409,1.031,0.826,1.108,1.033,0.204,0.275,0.643
0.409,1.031,0.826,1.108,1.033,0.203,0.275,0.643
0.409,1.03,0.826,1.108,1.032,0.203,0.275,0.643
0.409,1.029,0.826,1.108,1.032,0.203,0.275,0.642
0.409,1.029,0.827,1.107,1.031,0.203,0.275,0.642
0.41,1.028,0.827,1.107,1.031,0.202,0.275,0.642
0.41,1.027,0.827,1.107,1.03,0.202,0.275,0.641
0.41,1.027,0.827,1.107,1.03,0.202,0.275,0.641
0.41,1.026,0.827,1.107,1.03,0.202,0.275,0.64
0.41,1.025,0.828,1.107,1.029,0.201,0.275,0.64
0.41,1.025,0.828,1.107,1.029,0.201,0.275,0.64
0.411,1.024,0.828,1.107,1.028,0.201,0.275,0.64
0.411,1.023,0.828,1.106,1.028,0.201,0.275,0.639
0.411,1.023,0.828,1.106,1.028,0.2,0.275,0.639
0.411,1.022,0.829,1.106,1.027,0.2,0.275,0.639
0.411,1.021,0.829,1.106,1.027,0.2,0.275,0.638
0.411,1.021,0.829,1.106,1.026,0.2,0.275,0.638
0.412,1.02,0.829,1.106,1.026,0.199,0.275,0.638
0.412,1.019,0.83,1.106,1.026,0.199,0.275,0.637
0.412,1.019,0.83,1.106,1.025,0.199,0.275,0.637
0.412,1.018,0.83,1.105,1.025,0.199,0.275,0.637
0.412,1.018,0.83,1.105,1.024,0.198,0.275,0.636
0.412,1.017,0.83,1.105,1.024,0.198,0.275,0.636
0.413,1.016,0.831,1.105,1.023,0.198,0.275,0.635
0.413,1.016,0.831,1.105,1.023,0.198,0.275,0.635
0.413,1.015,0.831,1.105,1.023,0.197,0.275,0.635
0.413,1.014,0.831,1.105,1.022,0.197,0.275,0.635
0.413,1.014,0.832,1.104,1.022,0.197,0.275,0.634
0.413,1.013,0.832,1.104,1.021,0.197,0.275,0.634
0.414,1.012,0.832,1.104,1.021,0.197,0.275,0.634
0.414,1.012,0.832,1.104,1.021,0.196,0.275,0.633
0.414,1.011,0.832,1.104,1.02,0.196,0.275,0.633
0.414,1.011,0.833,1.104,1.02,0.196,0.275,0.633
0.414,1.01,0.833,1.104,1.019,0.196,0.275,0.632
0.414,1.009,0.833,1.103,1.019,0.195,0.275,0.632
0.414,1.008,0.833,1.103,1.019,0.195,0.275,0.632
0.415,1.008,0.833,1.103,1.018,0.195,0.275,0.631
0.415,1.007,0.834,1.103,1.018,0.195,0.275,0.631
0.415,1.007,0.834,1.103,1.018,0.195,0.275,0.631
0.415,1.006,0.834,1.103,1.017,0.194,0.275,0.631
0.415,1.006,0.834,1.103,1.017,0.194,0.276,0.63
0.415,1.005,0.835,1.103,1.016,0.194,0.275,0.63
0.416,1.004,0.835,1.103,1.016,0.194,0.276,0.63
0.416,1.004,0.835,1.102,1.016,0.193,0.275,0.629
0.416,1.003,0.835,1.102,1.015,0.193,0.276,0.629
0.416,1.002,0.835,1.102,1.015,0.193,0.275,0.629
0.416,1.002,0.836,1.102,1.015,0.193,0.275,0.628
0.416,1.001,0.836,1.102,1.014,0.192,0.275,0.628
0.417,1.001,0.836,1.102,1.014,0.192,0.275,0.628
0.417,1.0,0.836,1.102,1.013,0.192,0.275,0.627
0.417,0.999,0.836,1.101,1.013,0.192,0.276,0.627
0.417,0.999,0.837,1.101,1.013,0.192,0.275,0.627
0.417,0.998,0.837,1.101,1.012,0.191,0.275,0.627
0.417,0.998,0.837,1.101,1.012,0.191,0.275,0.626
0.417,0.997,0.837,1.101,1.011,0.191,0.275,0.626
0.418,0.997,0.837,1.101,1.011,0.191,0.275,0.626
0.418,0.996,0.838,1.101,1.011,0.19,0.276,0.625
0.418,0.995,0.838,1.101,1.01,0.19,0.276,0.625
0.418,0.995,0.838,1.1,1.01,0.19,0.275,0.625
0.418,0.994,0.838,1.1,1.01,0.19,0.275,0.624
0.418,0.993,0.838,1.1,1.009,0.19,0.275,0.624
0.419,0.993,0.839,1.1,1.009,0.19,0.275,0.624
0.419,0.993,0.839,1.1,1.009,0.189,0.276,0.623
0.419,0.992,0.839,1.1,1.008,0.189,0.275,0.623
0.419,0.991,0.839,1.1,1.008,0.189,0.275,0.623
0.419,0.991,0.84,1.099,1.007,0.189,0.275,0.623
0.419,0.99,0.84,1.099,1.007,0.188,0.275,0.622
0.419,0.99,0.84,1.099,1.007,0.188,0.275,0.622
0.419,0.989,0.84,1.099,1.006,0.188,0.275,0.622
0.42,0.989,0.84,1.099,1.006,0.188,0.275,0.621
0.42,0.988,0.84,1.099,1.006,0.188,0.276,0.621
0.42,0.987,0.841,1.099,1.005,0.187,0.275,0.621
0.42,0.987,0.841,1.099,1.005,0.187,0.276,0.621
0.42,0.986,0.841,1.098,1.004,0.187,0.275,0.62
0.42,0.986,0.841,1.098,1.004,0.187,0.275,0.62
0.42,0.985,0.841,1.098,1.004,0.186,0.276,0.62
0.421,0.985,0.842,1.098,1.003,0.186,0.276,0.619
0.421,0.984,0.842,1.098,1.003,0.186,0.276,0.619
0.421,0.984,0.842,1.098,1.002,0.186,0.276,0.619
0.421,0.983,0.842,1.098,1.002,0.186,0.276,0.618
0.421,0.982,0.842,1.097,1.002,0.185,0.276,0.618
0.421,0.982,0.843,1.097,1.001,0.185,0.275,0.618
0.421,0.981,0.843,1.097,1.001,0.185,0.276,0.618
0.421,0.981,0.843,1.097,1.001,0.185,0.276,0.617
0.422,0.98,0.843,1.097,1.0,0.185,0.275,0.617
0.422,0.98,0.843,1.097,1.0,0.184,0.276,0.617
0.422,0.979,0.844,1.097,1.0,0.184,0.275,0.617
0.422,0.979,0.844,1.097,0.999,0.184,0.276,0.616
0.422,0.978,0.844,1.096,0.999,0.184,0.275,0.616
0.422,0.978,0.844,1.096,0.999,0.184,0.276,0.616
0.423,0.977,0.844,1.096,0.998,0.183,0.275,0.615
0.423,0.976,0.845,1.096,0.998,0.183,0.276,0.615
0.423,0.976,0.845,1.096,0.997,0.183,0.275,0.615
0.423,0.976,0.845,1.096,0.997,0.183,0.275,0.615
0.423,0.975,0.845,1.096,0.997,0.183,0.275,0.614
0.423,0.974,0.845,1.096,0.997,0.183,0.276,0.614
0.423,0.974,0.846,1.096,0.996,0.182,0.276,0.614
0.423,0.974,0.846,1.095,0.996,0.182,0.275,0.614
0.423,0.973,0.846,1.095,0.995,0.182,0.276,0.613
0.424,0.972,0.846,1.095,0.995,0.182,0.275,0.613
0.424,0.972,0.846,1.095,0.995,0.181,0.276,0.613
0.424,0.971,0.847,1.095,0.995,0.181,0.276,0.612
0.424,0.971,0.847,1.095,0.994,0.181,0.276,0.612
0.424,0.97,0.847,1.094,0.994,0.181,0.275,0.612
0.424,0.97,0.847,1.095,0.994,0.181,0.276,0.612
0.424,0.969,0.847,1.094,0.993,0.18,0.275,0.611
0.425,0.969,0.848,1.094,0.993,0.18,0.276,0.611
0.425,0.968,0.848,1.094,0.992,0.18,0.276,0.611
0.425,0.968,0.848,1.094,0.992,0.18,0.275,0.611
0.425,0.967,0.848,1.094,0.992,0.18,0.276,0.61
0.425,0.967,0.848,1.094,0.991,0.18,0.276,0.61
0.425,0.966,0.849,1.094,0.991,0.179,0.276,0.61
0.425,0.966,0.849,1.094,0.991,0.179,0.275,0.609
0.425,0.965,0.849,1.094,0.99,0.179,0.275,0.609
0.425,0.965,0.849,1.093,0.99,0.179,0.276,0.609
0.426,0.964,0.849,1.093,0.99,0.179,0.276,0.609
0.426,0.964,0.849,1.093,0.989,0.178,0.275,0.608
0.426,0.963,0.849,1.093,0.988,0.178,0.275,0.608
0.426,0.963,0.849,1.092,0.988,0.178,0.275,0.608
0.426,0.962,0.85,1.092,0.988,0.178,0.275,0.607
0.426,0.961,0.85,1.092,0.987,0.178,0.275,0.607
0.426,0.961,0.85,1.091,0.987,0.177,0.275,0.607
0.426,0.959,0.85,1.09,0.987,0.177,0.275,0.607
0.426,0.958,0.85,1.089,0.987,0.177,0.275,0.608
0.426,0.955,0.85,1.087,0.986,0.177,0.275,0.608
0.426,0.952,0.85,1.086,0.986,0.177,0.275,0.609
0.427,0.948,0.85,1.084,0.986,0.176,0.275,0.61
0.427,0.944,0.849,1.082,0.986,0.176,0.275,0.611
0.427,0.939,0.85,1.081,0.986,0.176,0.276,0.612
0.427,0.934,0.85,1.079,0.986,0.176,0.275,0.613
0.427,0.929,0.85,1.077,0.986,0.176,0.275,0.615
0.427,0.924,0.849,1.075,0.986,0.175,0.275,0.615
0.427,0.92,0.849,1.074,0.986,0.175,0.275,0.616
0.427,0.916,0.849,1.071,0.986,0.175,0.275,0.616
0.427,0.911,0.849,1.07,0.985,0.175,0.275,0.617
0.428,0.907,0.849,1.068,0.985,0.174,0.275,0.617
0.428,0.902,0.849,1.066,0.985,0.174,0.275,0.617
0.427,0.898,0.849,1.064,0.985,0.174,0.275,0.617
0.428,0.893,0.849,1.062,0.984,0.174,0.275,0.616
0.428,0.889,0.849,1.059,0.984,0.173,0.275,0.616
0.428,0.885,0.848,1.057,0.984,0.173,0.275,0.615
0.428,0.88,0.848,1.055,0.984,0.173,0.275,0.615
0.428,0.876,0.848,1.053,0.983,0.173,0.275,0.614
0.428,0.873,0.848,1.051,0.983,0.173,0.275,0.614
0.428,0.869,0.848,1.049,0.983,0.172,0.275,0.613
0.428,0.865,0.848,1.047,0.983,0.172,0.275,0.613
0.428,0.862,0.848,1.044,0.983,0.172,0.275,0.612
0.428,0.858,0.848,1.042,0.983,0.172,0.275,0.611
0.427,0.854,0.847,1.04,0.983,0.172,0.275,0.611
0.427,0.85,0.847,1.038,0.982,0.171,0.275,0.61
0.427,0.846,0.847,1.036,0.982,0.171,0.275,0.61
0.427,0.842,0.847,1.034,0.982,0.171,0.275,0.609
0.427,0.838,0.847,1.032,0.981,0.171,0.275,0.609
0.427,0.835,0.847,1.03,0.981,0.17,0.275,0.608
0.427,0.831,0.846,1.028,0.981,0.17,0.274,0.607
0.427,0.827,0.846,1.026,0.98,0.17,0.275,0.607
0.427,0.823,0.846,1.024,0.98,0.17,0.275,0.606
0.427,0.82,0.846,1.023,0.979,0.169,0.274,0.605
0.427,0.816,0.845,1.02,0.978,0.169,0.274,0.605
0.427,0.813,0.845,1.019,0.978,0.169,0.274,0.604
0.427,0.809,0.845,1.017,0.977,0.169,0.274,0.603
0.427,0.806,0.845,1.015,0.976,0.168,0.274,0.603
0.426,0.803,0.845,1.013,0.976,0.168,0.274,0.602
0.426,0.799,0.844,1.011,0.975,0.168,0.274,0.601
0.426,0.796,0.844,1.009,0.974,0.168,0.274,0.6
0.426,0.792,0.844,1.007,0.973,0.167,0.274,0.6
0.426,0.789,0.844,1.005,0.972,0.167,0.274,0.599
0.426,0.785,0.843,1.003,0.971,0.167,0.274,0.598
0.426,0.782,0.843,1.001,0.971,0.167,0.274,0.597
0.426,0.779,0.843,0.999,0.97,0.166,0.274,0.596
0.425,0.776,0.843,0.997,0.969,0.166,0.274,0.596
0.425,0.773,0.842,0.994,0.968,0.166,0.274,0.595
0.425,0.77,0.842,0.992,0.967,0.165,0.274,0.594
0.425,0.768,0.842,0.99,0.966,0.165,0.274,0.593
0.425,0.765,0.842,0.988,0.965,0.165,0.274,0.592
0.425,0.762,0.841,0.985,0.964,0.165,0.274,0.591
0.425,0.759,0.841,0.983,0.963,0.164,0.273,0.59
0.424,0.756,0.841,0.981,0.962,0.164,0.273,0.589
0.424,0.753,0.84,0.979,0.961,0.164,0.273,0.589
0.424,0.751,0.84,0.977,0.961,0.164,0.273,0.588
0.424,0.748,0.84,0.975,0.959,0.163,0.273,0.587
0.424,0.745,0.84,0.972,0.959,0.163,0.273,0.586
0.423,0.742,0.839,0.97,0.958,0.163,0.273,0.585
0.423,0.74,0.839,0.968,0.957,0.162,0.273,0.585
0.423,0.737,0.839,0.966,0.956,0.162,0.273,0.584
0.423,0.735,0.839,0.964,0.955,0.162,0.273,0.583
0.423,0.732,0.838,0.962,0.954,0.162,0.273,0.582
0.423,0.73,0.838,0.96,0.953,0.161,0.273,0.581
0.422,0.727,0.838,0.958,0.952,0.161,0.273,0.581
0.422,0.724,0.837,0.956,0.951,0.161,0.273,0.579
0.422,0.722,0.837,0.954,0.95,0.16,0.273,0.579
0.422,0.719,0.837,0.952,0.949,0.16,0.273,0.578
0.422,0.716,0.836,0.95,0.948,0.16,0.272,0.577
0.422,0.713,0.836,0.948,0.947,0.16,0.273,0.576
0.421,0.711,0.836,0.946,0.946,0.159,0.272,0.575
0.421,0.708,0.836,0.944,0.946,0.159,0.272,0.574
0.421,0.705,0.835,0.942,0.944,0.159,0.272,0.573
0.42,0.703,0.835,0.94,0.944,0.158,0.272,0.572
0.42,0.701,0.835,0.938,0.943,0.158,0.272,0.571
0.42,0.698,0.834,0.937,0.942,0.158,0.272,0.57
0.42,0.696,0.834,0.935,0.941,0.157,0.272,0.569
0.419,0.694,0.834,0.933,0.94,0.157,0.272,0.568
0.419,0.692,0.834,0.931,0.939,0.157,0.272,0.567
0.419,0.689,0.833,0.93,0.938,0.157,0.272,0.567
0.419,0.687,0.833,0.928,0.938,0.156,0.272,0.566
0.418,0.685,0.833,0.927,0.937,0.156,0.272,0.565
0.418,0.683,0.832,0.925,0.936,0.156,0.272,0.564
0.418,0.681,0.832,0.923,0.935,0.155,0.272,0.563
0.418,0.679,0.832,0.922,0.934,0.155,0.272,0.562
0.417,0.676,0.831,0.92,0.933,0.155,0.271,0.561
0.417,0.674,0.831,0.919,0.931,0.155,0.271,0.56
0.417,0.672,0.831,0.917,0.93,0.154,0.271,0.56
0.417,0.67,0.83,0.915,0.929,0.154,0.271,0.559
0.416,0.668,0.83,0.914,0.928,0.154,0.271,0.558
0.416,0.665,0.83,0.912,0.927,0.153,0.271,0.557
0.416,0.663,0.829,0.91,0.926,0.153,0.271,0.556
0.416,0.661,0.829,0.909,0.925,0.153,0.271,0.555
0.415,0.659,0.829,0.907,0.924,0.152,0.271,0.554
0.415,0.657,0.828,0.905,0.922,0.152,0.271,0.554
0.415,0.655,0.828,0.904,0.922,0.152,0.271,0.553
0.415,0.653,0.827,0.902,0.92,0.151,0.271,0.552
0.414,0.651,0.827,0.901,0.919,0.151,0.27,0.551
0.414,0.649,0.827,0.899,0.918,0.151,0.27,0.55
0.414,0.647,0.826,0.897,0.917,0.15,0.27,0.549
0.414,0.645,0.826,0.895,0.916,0.15,0.27,0.548
0.413,0.643,0.826,0.894,0.914,0.15,0.27,0.547
0.413,0.641,0.825,0.892,0.913,0.149,0.27,0.547
0.413,0.64,0.825,0.89,0.912,0.149,0.27,0.546
0.412,0.638,0.825,0.888,0.911,0.149,0.27,0.545
0.412,0.636,0.824,0.887,0.91,0.149,0.27,0.544
0.412,0.634,0.824,0.885,0.909,0.148,0.27,0.543
0.412,0.632,0.823,0.884,0.908,0.148,0.27,0.542
0.411,0.63,0.823,0.882,0.907,0.148,0.27,0.541
0.411,0.629,0.823,0.88,0.905,0.147,0.269,0.541
0.411,0.627,0.823,0.878,0.904,0.147,0.27,0.54
0.41,0.625,0.822,0.877,0.903,0.147,0.269,0.539
0.41,0.623,0.822,0.875,0.902,0.146,0.269,0.538
0.41,0.622,0.821,0.873,0.901,0.146,0.269,0.537
0.409,0.62,0.821,0.872,0.9,0.146,0.269,0.536
0.409,0.618,0.821,0.87,0.899,0.145,0.269,0.535
0.409,0.617,0.82,0.868,0.898,0.145,0.269,0.535
0.408,0.616,0.82,0.867,0.897,0.145,0.269,0.533
0.408,0.615,0.82,0.865,0.895,0.144,0.269,0.533
0.408,0.613,0.819,0.864,0.894,0.144,0.269,0.532
0.408,0.612,0.819,0.862,0.893,0.144,0.269,0.531
0.407,0.61,0.819,0.861,0.892,0.144,0.269,0.53
0.407,0.609,0.818,0.859,0.891,0.143,0.269,0.529
0.407,0.607,0.818,0.858,0.89,0.143,0.269,0.528
0.406,0.606,0.817,0.856,0.889,0.143,0.269,0.528
0.406,0.605,0.817,0.855,0.888,0.142,0.268,0.527
0.406,0.603,0.817,0.853,0.887,0.142,0.269,0.526
0.405,0.602,0.817,0.852,0.885,0.142,0.268,0.525
0.405,0.6,0.816,0.85,0.884,0.142,0.268,0.524
0.405,0.599,0.816,0.849,0.883,0.141,0.268,0.524
0.405,0.598,0.816,0.847,0.882,0.141,0.268,0.523
0.404,0.596,0.815,0.846,0.881,0.141,0.268,0.522
0.404,0.595,0.815,0.844,0.88,0.14,0.268,0.521
0.403,0.593,0.814,0.843,0.879,0.14,0.268,0.52
0.403,0.592,0.814,0.841,0.878,0.14,0.268,0.52
0.403,0.59,0.814,0.84,0.877,0.14,0.268,0.519
0.403,0.589,0.813,0.838,0.875,0.139,0.268,0.518
0.402,0.588,0.813,0.837,0.874,0.139,0.268,0.517
0.402,0.586,0.813,0.835,0.873,0.139,0.268,0.516
0.402,0.585,0.812,0.833,0.872,0.138,0.267,0.516
0.401,0.583,0.812,0.832,0.871,0.138,0.267,0.515
0.401,0.582,0.811,0.83,0.87,0.138,0.267,0.514
0.401,0.581,0.811,0.829,0.869,0.138,0.267,0.513
0.4,0.58,0.811,0.828,0.868,0.137,0.267,0.513
0.4,0.578,0.81,0.826,0.867,0.137,0.267,0.512
0.4,0.577,0.81,0.825,0.866,0.137,0.267,0.511
0.399,0.575,0.81,0.823,0.865,0.137,0.267,0.51
0.399,0.574,0.809,0.822,0.864,0.136,0.267,0.51
0.399,0.573,0.809,0.82,0.863,0.136,0.267,0.509
0.398,0.571,0.808,0.819,0.862,0.136,0.267,0.508
0.398,0.571,0.808,0.818,0.861,0.135,0.267,0.508
0.398,0.569,0.808,0.816,0.86,0.135,0.267,0.507
0.397,0.568,0.807,0.815,0.859,0.135,0.266,0.506
0.397,0.567,0.807,0.814,0.858,0.134,0.267,0.505
0.397,0.566,0.807,0.812,0.856,0.134,0.266,0.505
0.396,0.564,0.806,0.81,0.855,0.134,0.266,0.504
0.396,0.564,0.806,0.809,0.854,0.134,0.266,0.503
0.396,0.563,0.806,0.808,0.853,0.133,0.266,0.503
0.395,0.562,0.805,0.806,0.852,0.133,0.266,0.502
0.395,0.561,0.805,0.805,0.851,0.133,0.266,0.501
0.395,0.56,0.804,0.804,0.85,0.133,0.266,0.501
0.395,0.558,0.804,0.802,0.849,0.132,0.266,0.5
0.394,0.557,0.804,0.801,0.848,0.132,0.266,0.5
0.394,0.556,0.803,0.8,0.847,0.132,0.266,0.499
0.393,0.555,0.803,0.799,0.846,0.132,0.266,0.498
0.393,0.554,0.803,0.797,0.845,0.131,0.266,0.498
0.393,0.553,0.802,0.796,0.844,0.131,0.265,0.497
0.392,0.552,0.802,0.794,0.843,0.131,0.265,0.496
0.392,0.55,0.802,0.793,0.842,0.131,0.265,0.496
0.392,0.549,0.801,0.792,0.841,0.13,0.265,0.495
0.392,0.548,0.801,0.791,0.84,0.13,0.265,0.495
0.391,0.547,0.8,0.789,0.839,0.13,0.265,0.494
0.391,0.546,0.8,0.788,0.838,0.13,0.265,0.493
0.39,0.545,0.8,0.787,0.837,0.13,0.265,0.492
0.39,0.544,0.799,0.786,0.837,0.129,0.265,0.492
0.39,0.543,0.799,0.785,0.836,0.129,0.265,0.491
0.39,0.543,0.799,0.783,0.835,0.129,0.265,0.49
0.389,0.542,0.798,0.782,0.834,0.129,0.265,0.49
0.389,0.541,0.798,0.781,0.833,0.128,0.265,0.489
0.389,0.54,0.798,0.78,0.832,0.128,0.264,0.488
0.388,0.539,0.797,0.779,0.831,0.128,0.265,0.488
0.388,0.538,0.797,0.778,0.83,0.128,0.264,0.487
0.387,0.537,0.797,0.777,0.829,0.127,0.264,0.486
0.387,0.536,0.796,0.776,0.829,0.127,0.264,0.486
0.387,0.535,0.796,0.775,0.828,0.127,0.264,0.485
0.387,0.534,0.796,0.773,0.827,0.127,0.264,0.484
0.386,0.533,0.795,0.772,0.826,0.127,0.264,0.483
0.386,0.533,0.795,0.771,0.825,0.126,0.264,0.483
0.386,0.532,0.794,0.77,0.824,0.126,0.264,0.482
0.385,0.531,0.794,0.769,0.823,0.126,0.264,0.481
0.385,0.53,0.794,0.768,0.822,0.126,0.264,0.481
0.385,0.529,0.794,0.767,0.821,0.125,0.264,0.48
0.384,0.528,0.793,0.766,0.821,0.125,0.264,0.48
0.384,0.528,0.793,0.765,0.82,0.125,0.264,0.479
0.384,0.527,0.792,0.764,0.819,0.125,0.264,0.478
0.383,0.526,0.792,0.763,0.818,0.124,0.263,0.478
0.383,0.525,0.792,0.762,0.817,0.124,0.263,0.477
0.383,0.525,0.791,0.761,0.816,0.124,0.263,0.476
0.382,0.524,0.791,0.76,0.816,0.124,0.263,0.476
0.382,0.523,0.791,0.759,0.815,0.124,0.263,0.475
0.382,0.523,0.791,0.758,0.814,0.123,0.263,0.475
0.382,0.522,0.79,0.757,0.813,0.123,0.263,0.474
0.381,0.521,0.79,0.756,0.812,0.123,0.263,0.474
0.381,0.52,0.789,0.755,0.811,0.123,0.263,0.473
0.381,0.519,0.789,0.754,0.81,0.122,0.263,0.473
0.38,0.518,0.789,0.753,0.809,0.122,0.263,0.472
0.38,0.518,0.788,0.752,0.808,0.122,0.263,0.471
0.38,0.517,0.788,0.751,0.807,0.122,0.263,0.471
0.379,0.516,0.788,0.75,0.806,0.122,0.262,0.47
0.379,0.515,0.787,0.749,0.805,0.121,0.262,0.47
0.379,0.514,0.787,0.748,0.804,0.121,0.262,0.469
0.378,0.513,0.787,0.747,0.803,0.121,0.262,0.469
0.378,0.513,0.786,0.746,0.803,0.121,0.262,0.468
0.378,0.512,0.786,0.745,0.802,0.12,0.262,0.468
0.377,0.511,0.786,0.744,0.801,0.121,0.262,0.467
0.377,0.51,0.785,0.742,0.8,0.12,0.262,0.466
0.377,0.509,0.785,0.741,0.799,0.12,0.262,0.466
0.376,0.509,0.785,0.74,0.798,0.12,0.262,0.466
0.376,0.508,0.784,0.739,0.797,0.12,0.262,0.465
0.376,0.507,0.784,0.738,0.796,0.12,0.262,0.464
0.376,0.507,0.783,0.737,0.795,0.119,0.262,0.464
0.375,0.506,0.783,0.736,0.794,0.119,0.262,0.463
0.375,0.505,0.783,0.735,0.793,0.119,0.261,0.463
0.374,0.505,0.782,0.734,0.793,0.119,0.261,0.462
0.374,0.504,0.782,0.733,0.792,0.119,0.261,0.462
0.374,0.503,0.782,0.732,0.791,0.118,0.261,0.461
0.374,0.503,0.781,0.731,0.79,0.118,0.261,0.461
0.373,0.502,0.781,0.73,0.789,0.118,0.261,0.46
0.373,0.501,0.78,0.729,0.788,0.118,0.261,0.46
0.373,0.5,0.78,0.728,0.788,0.118,0.261,0.459
0.372,0.499,0.78,0.727,0.787,0.117,0.261,0.459
0.372,0.498,0.779,0.726,0.786,0.117,0.261,0.458
0.372,0.498,0.779,0.725,0.785,0.117,0.261,0.458
0.371,0.497,0.779,0.724,0.784,0.117,0.261,0.457
0.371,0.496,0.778,0.724,0.784,0.117,0.261,0.457
0.371,0.495,0.778,0.723,0.783,0.117,0.261,0.456
0.37,0.494,0.778,0.722,0.782,0.116,0.261,0.456
0.37,0.494,0.777,0.721,0.781,0.116,0.261,0.455
0.37,0.493,0.777,0.72,0.78,0.116,0.26,0.455
0.37,0.492,0.776,0.719,0.78,0.116,0.26,0.454
0.369,0.492,0.776,0.718,0.779,0.116,0.26,0.454
0.369,0.491,0.776,0.718,0.778,0.115,0.26,0.453
0.369,0.49,0.775,0.717,0.777,0.115,0.26,0.453
0.368,0.49,0.775,0.716,0.776,0.115,0.26,0.452
0.368,0.489,0.775,0.715,0.776,0.115,0.26,0.452
0.368,0.489,0.775,0.714,0.775,0.115,0.26,0.451
0.367,0.488,0.774,0.714,0.774,0.114,0.26,0.45
0.367,0.488,0.774,0.713,0.773,0.115,0.26,0.45
0.367,0.487,0.774,0.712,0.773,0.114,0.26,0.449
0.367,0.487,0.773,0.711,0.772,0.114,0.26,0.449
0.366,0.486,0.773,0.711,0.771,0.114,0.259,0.448
0.366,0.486,0.772,0.71,0.77,0.114,0.26,0.448
0.365,0.485,0.772,0.709,0.769,0.114,0.259,0.447
0.365,0.484,0.772,0.708,0.769,0.113,0.259,0.447
0.365,0.484,0.771,0.707,0.768,0.113,0.259,0.446
0.365,0.483,0.771,0.706,0.767,0.113,0.259,0.446
0.364,0.482,0.771,0.706,0.766,0.113,0.259,0.445
0.364,0.482,0.77,0.705,0.765,0.113,0.259,0.445
0.364,0.481,0.77,0.704,0.764,0.113,0.259,0.445
0.363,0.48,0.77,0.703,0.764,0.112,0.259,0.444
0.363,0.48,0.769,0.703,0.763,0.112,0.259,0.444
0.363,0.479,0.769,0.702,0.762,0.112,0.259,0.443
0.362,0.479,0.769,0.701,0.762,0.112,0.259,0.443
0.362,0.478,0.768,0.7,0.761,0.112,0.259,0.442
0.362,0.478,0.768,0.699,0.76,0.112,0.259,0.442
0.362,0.477,0.768,0.699,0.759,0.111,0.258,0.441
0.361,0.477,0.767,0.698,0.758,0.111,0.258,0.441
0.361,0.476,0.767,0.697,0.758,0.111,0.259,0.44
0.361,0.475,0.767,0.696,0.757,0.111,0.258,0.44
0.36,0.475,0.766,0.695,0.756,0.111,0.258,0.44
0.36,0.474,0.766,0.695,0.755,0.111,0.258,0.439
0.36,0.474,0.766,0.693,0.755,0.111,0.258,0.439
0.36,0.474,0.765,0.693,0.754,0.11,0.258,0.438
0.36,0.473,0.765,0.692,0.753,0.11,0.258,0.438
0.359,0.472,0.765,0.691,0.752,0.11,0.258,0.437
0.359,0.472,0.764,0.69,0.751,0.11,0.258,0.437
0.358,0.471,0.764,0.69,0.75,0.11,0.258,0.436
0.358,0.471,0.764,0.689,0.75,0.11,0.258,0.436
0.358,0.47,0.763,0.688,0.749,0.11,0.258,0.435
0.358,0.47,0.763,0.687,0.748,0.109,0.258,0.435
0.357,0.469,0.763,0.687,0.747,0.109,0.258,0.434
0.357,0.469,0.762,0.686,0.746,0.109,0.257,0.434
0.357,0.468,0.762,0.685,0.746,0.109,0.257,0.433
0.356,0.468,0.762,0.684,0.745,0.109,0.257,0.433
0.356,0.467,0.761,0.684,0.744,0.109,0.257,0.433
0.356,0.466,0.761,0.683,0.743,0.109,0.257,0.432
0.355,0.466,0.761,0.682,0.743,0.108,0.257,0.432
0.355,0.465,0.76,0.681,0.742,0.108,0.257,0.431
0.355,0.465,0.76,0.68,0.741,0.108,0.257,0.431
0.355,0.464,0.76,0.68,0.741,0.108,0.257,0.43
0.354,0.464,0.759,0.679,0.74,0.108,0.257,0.43
0.354,0.463,0.759,0.678,0.739,0.108,0.257,0.429
0.354,0.463,0.758,0.677,0.738,0.108,0.257,0.429
0.353,0.462,0.758,0.676,0.738,0.108,0.257,0.428
0.353,0.462,0.758,0.676,0.737,0.108,0.257,0.428
0.353,0.461,0.757,0.675,0.736,0.107,0.257,0.428
0.353,0.461,0.757,0.675,0.736,0.107,0.257,0.427
0.352,0.46,0.757,0.674,0.735,0.107,0.256,0.427
0.352,0.46,0.757,0.673,0.734,0.107,0.256,0.427
0.352,0.459,0.756,0.672,0.734,0.107,0.256,0.426
0.351,0.458,0.756,0.672,0.733,0.107,0.256,0.426
0.351,0.458,0.755,0.671,0.732,0.107,0.256,0.425
0.351,0.457,0.755,0.67,0.732,0.106,0.256,0.425
0.351,0.457,0.755,0.67,0.731,0.106,0.256,0.424
0.35,0.456,0.754,0.669,0.73,0.106,0.256,0.424
0.35,0.456,0.754,0.669,0.73,0.106,0.256,0.424
0.35,0.455,0.754,0.668,0.729,0.106,0.256,0.423
0.35,0.455,0.753,0.667,0.728,0.106,0.256,0.423
0.349,0.454,0.753,0.667,0.728,0.106,0.256,0.422
0.349,0.454,0.753,0.666,0.727,0.106,0.256,0.422
0.349,0.453,0.752,0.666,0.726,0.105,0.256,0.422
0.349,0.453,0.752,0.665,0.725,0.105,0.255,0.421
0.348,0.452,0.751,0.665,0.725,0.105,0.256,0.421
0.348,0.452,0.751,0.664,0.724,0.105,0.255,0.42
0.348,0.451,0.751,0.663,0.724,0.105,0.255,0.42
0.347,0.451,0.751,0.663,0.723,0.105,0.255,0.419
0.347,0.45,0.75,0.662,0.722,0.105,0.255,0.419
0.347,0.45,0.75,0.662,0.722,0.105,0.255,0.419
0.346,0.45,0.75,0.661,0.721,0.105,0.255,0.418
0.346,0.449,0.749,0.66,0.72,0.104,0.255,0.418
0.346,0.449,0.749,0.66,0.72,0.104,0.255,0.418
0.346,0.448,0.749,0.659,0.719,0.104,0.255,0.417
0.345,0.448,0.748,0.659,0.718,0.104,0.255,0.417
0.345,0.447,0.748,0.658,0.718,0.104,0.255,0.416
0.345,0.447,0.748,0.657,0.717,0.104,0.255,0.416
0.344,0.447,0.747,0.657,0.716,0.104,0.254,0.416
0.344,0.446,0.747,0.656,0.716,0.104,0.255,0.415
0.344,0.446,0.747,0.656,0.715,0.103,0.255,0.415
0.344,0.445,0.746,0.655,0.714,0.103,0.254,0.415
0.344,0.445,0.746,0.654,0.714,0.103,0.254,0.414
0.343,0.445,0.746,0.654,0.713,0.103,0.254,0.414
0.343,0.444,0.745,0.653,0.713,0.103,0.254,0.413
0.343,0.444,0.745,0.652,0.712,0.103,0.254,0.413
0.343,0.443,0.745,0.652,0.711,0.103,0.254,0.413
0.342,0.443,0.744,0.651,0.711,0.103,0.254,0.412
0.342,0.443,0.744,0.651,0.71,0.102,0.254,0.412
0.342,0.442,0.743,0.65,0.709,0.102,0.254,0.412
0.341,0.442,0.743,0.649,0.709,0.102,0.254,0.411
0.341,0.441,0.743,0.649,0.708,0.102,0.254,0.411
0.341,0.441,0.743,0.648,0.708,0.102,0.254,0.411
0.341,0.44,0.742,0.648,0.707,0.102,0.254,0.41
0.341,0.44,0.742,0.647,0.706,0.102,0.254,0.41
0.34,0.44,0.742,0.646,0.706,0.102,0.253,0.41
0.34,0.439,0.742,0.646,0.705,0.102,0.253,0.41
0.34,0.439,0.741,0.645,0.704,0.102,0.253,0.409
0.339,0.438,0.741,0.644,0.704,0.102,0.253,0.409
0.339,0.438,0.74,0.644,0.703,0.101,0.253,0.408
0.339,0.438,0.74,0.643,0.703,0.101,0.253,0.408
0.339,0.437,0.74,0.642,0.702,0.101,0.253,0.408
0.338,0.437,0.74,0.642,0.701,0.101,0.253,0.407
0.338,0.437,0.739,0.641,0.701,0.101,0.253,0.407
0.338,0.436,0.739,0.641,0.7,0.101,0.253,0.407
0.338,0.436,0.739,0.64,0.7,0.101,0.253,0.406
0.338,0.435,0.738,0.639,0.699,0.101,0.253,0.406
0.337,0.435,0.738,0.639,0.698,0.101,0.253,0.406
0.337,0.434,0.738,0.638,0.698,0.101,0.253,0.405
0.337,0.434,0.738,0.638,0.697,0.1,0.253,0.405
0.336,0.434,0.737,0.637,0.697,0.1,0.253,0.405
0.336,0.433,0.737,0.636,0.696,0.1,0.253,0.404
0.336,0.433,0.737,0.636,0.695,0.1,0.252,0.404
0.336,0.433,0.736,0.635,0.695,0.1,0.253,0.404
0.335,0.432,0.736,0.634,0.694,0.1,0.252,0.403
0.335,0.432,0.736,0.634,0.694,0.1,0.252,0.403
0.335,0.432,0.735,0.633,0.693,0.1,0.252,0.403
0.335,0.431,0.735,0.632,0.693,0.1,0.252,0.402
0.334,0.431,0.735,0.632,0.692,0.1,0.252,0.402
0.334,0.431,0.734,0.631,0.691,0.1,0.252,0.401
0.334,0.43,0.734,0.631,0.691,0.099,0.252,0.401
0.334,0.43,0.734,0.63,0.69,0.099,0.252,0.401
0.333,0.429,0.733,0.629,0.689,0.099,0.252,0.4
0.333,0.429,0.733,0.629,0.689,0.099,0.252,0.4
0.333,0.429,0.733,0.628,0.688,0.099,0.252,0.4
0.333,0.428,0.732,0.627,0.687,0.099,0.252,0.399
0.332,0.428,0.732,0.627,0.687,0.099,0.252,0.399
0.332,0.428,0.732,0.626,0.686,0.099,0.252,0.399
0.332,0.428,0.731,0.625,0.686,0.098,0.252,0.398
0.332,0.427,0.731,0.625,0.685,0.098,0.252,0.398
0.331,0.427,0.731,0.624,0.684,0.098,0.252,0.398
0.331,0.427,0.73,0.623,0.684,0.098,0.251,0.397
0.331,0.426,0.73,0.623,0.683,0.098,0.251,0.397
0.331,0.426,0.73,0.622,0.683,0.098,0.251,0.397
0.33,0.426,0.73,0.622,0.682,0.098,0.251,0.396
0.33,0.426,0.729,0.621,0.682,0.098,0.251,0.396
0.33,0.425,0.729,0.62,0.681,0.098,0.251,0.396
0.33,0.425,0.729,0.62,0.681,0.098,0.251,0.395
0.33,0.425,0.728,0.619,0.68,0.098,0.251,0.395
0.329,0.424,0.728,0.619,0.68,0.098,0.251,0.395
0.329,0.424,0.728,0.618,0.679,0.098,0.251,0.395
0.329,0.424,0.727,0.618,0.679,0.098,0.251,0.394
0.328,0.423,0.727,0.617,0.678,0.098,0.251,0.394
0.328,0.423,0.727,0.617,0.678,0.097,0.251,0.394
0.328,0.423,0.726,0.616,0.677,0.097,0.251,0.393
0.328,0.422,0.726,0.616,0.677,0.097,0.251,0.393
0.328,0.422,0.726,0.615,0.677,0.097,0.251,0.393
0.327,0.421,0.725,0.615,0.676,0.097,0.25,0.392
0.327,0.421,0.725,0.615,0.675,0.097,0.25,0.392
0.327,0.421,0.725,0.614,0.675,0.097,0.25,0.392
0.326,0.42,0.725,0.614,0.675,0.097,0.25,0.391
0.326,0.42,0.724,0.613,0.674,0.097,0.25,0.391
0.326,0.42,0.724,0.613,0.674,0.097,0.25,0.391
0.326,0.42,0.723,0.612,0.673,0.096,0.25,0.39
0.326,0.419,0.723,0.612,0.672,0.096,0.25,0.39
0.325,0.419,0.723,0.612,0.672,0.096,0.25,0.39
0.325,0.418,0.723,0.611,0.671,0.096,0.25,0.389
0.325,0.418,0.722,0.611,0.671,0.096,0.25,0.389
0.325,0.418,0.722,0.61,0.671,0.096,0.25,0.389
0.324,0.417,0.722,0.61,0.67,0.096,0.25,0.388
0.324,0.417,0.721,0.609,0.669,0.096,0.25,0.388
0.324,0.417,0.721,0.609,0.669,0.096,0.25,0.388
0.324,0.417,0.721,0.608,0.668,0.096,0.249,0.388
0.323,0.417,0.721,0.608,0.668,0.096,0.25,0.387
0.323,0.416,0.72,0.607,0.667,0.096,0.249,0.387
0.323,0.416,0.72,0.607,0.666,0.096,0.249,0.387
0.323,0.416,0.72,0.606,0.666,0.096,0.249,0.386
0.322,0.416,0.719,0.606,0.665,0.096,0.249,0.386
0.322,0.416,0.719,0.605,0.665,0.095,0.249,0.386
0.322,0.415,0.719,0.605,0.664,0.095,0.249,0.385
0.322,0.415,0.719,0.604,0.664,0.095,0.249,0.385
0.321,0.415,0.718,0.604,0.663,0.095,0.249,0.385
0.321,0.415,0.718,0.603,0.662,0.095,0.249,0.384
0.321,0.414,0.718,0.602,0.662,0.095,0.249,0.384
0.321,0.414,0.717,0.602,0.661,0.095,0.249,0.384
0.321,0.414,0.717,0.601,0.661,0.095,0.249,0.383
0.32,0.413,0.717,0.601,0.66,0.095,0.249,0.383
0.32,0.413,0.716,0.6,0.66,0.095,0.249,0.383
0.32,0.413,0.716,0.6,0.659,0.095,0.248,0.383
0.32,0.412,0.716,0.599,0.659,0.095,0.249,0.383
0.32,0.412,0.716,0.599,0.658,0.094,0.249,0.382
0.319,0.411,0.715,0.598,0.658,0.094,0.248,0.382
0.319,0.411,0.715,0.598,0.657,0.094,0.248,0.382
0.319,0.411,0.715,0.597,0.657,0.094,0.248,0.381
0.319,0.41,0.714,0.597,0.656,0.094,0.248,0.381
0.318,0.41,0.714,0.596,0.656,0.094,0.248,0.381
0.318,0.409,0.714,0.596,0.655,0.094,0.248,0.381
0.318,0.409,0.713,0.595,0.655,0.094,0.248,0.38
0.318,0.409,0.713,0.595,0.654,0.094,0.248,0.38
0.318,0.408,0.713,0.594,0.654,0.094,0.248,0.38
0.317,0.408,0.713,0.594,0.653,0.094,0.248,0.38
0.317,0.408,0.712,0.593,0.653,0.094,0.248,0.379
0.317,0.407,0.712,0.593,0.652,0.094,0.248,0.379
0.317,0.407,0.712,0.592,0.652,0.094,0.248,0.379
0.316,0.407,0.711,0.592,0.651,0.094,0.248,0.378
0.316,0.407,0.711,0.591,0.651,0.094,0.248,0.378
0.316,0.406,0.711,0.591,0.651,0.093,0.248,0.378
0.316,0.406,0.71,0.591,0.65,0.093,0.248,0.378
0.316,0.406,0.71,0.59,0.65,0.093,0.247,0.377
0.315,0.405,0.71,0.59,0.649,0.093,0.247,0.377
0.315,0.405,0.709,0.589,0.649,0.093,0.247,0.377
0.315,0.405,0.709,0.589,0.648,0.093,0.247,0.376
0.315,0.404,0.709,0.589,0.648,0.093,0.247,0.376
0.314,0.404,0.709,0.588,0.647,0.093,0.247,0.376
0.314,0.404,0.708,0.588,0.647,0.093,0.247,0.376
0.314,0.404,0.708,0.587,0.646,0.093,0.247,0.375
0.314,0.404,0.708,0.587,0.646,0.093,0.247,0.375
0.313,0.403,0.708,0.586,0.645,0.093,0.247,0.375
0.313,0.403,0.707,0.586,0.645,0.093,0.247,0.375
0.313,0.403,0.707,0.586,0.645,0.093,0.247,0.374
0.313,0.403,0.707,0.585,0.644,0.093,0.247,0.374
0.313,0.402,0.707,0.585,0.644,0.092,0.247,0.374
0.313,0.402,0.706,0.584,0.643,0.092,0.247,0.373
0.312,0.402,0.706,0.584,0.643,0.092,0.247,0.373
0.312,0.401,0.706,0.583,0.642,0.092,0.247,0.373
0.312,0.401,0.705,0.582,0.642,0.092,0.247,0.373
0.312,0.401,0.705,0.582,0.641,0.092,0.247,0.372
0.311,0.4,0.705,0.582,0.641,0.092,0.246,0.372
0.311,0.4,0.704,0.581,0.64,0.092,0.246,0.372
0.311,0.4,0.704,0.581,0.639,0.092,0.246,0.372
0.311,0.399,0.704,0.58,0.639,0.092,0.246,0.371
0.31,0.399,0.704,0.58,0.639,0.092,0.246,0.371
0.311,0.399,0.703,0.579,0.638,0.092,0.246,0.371
0.31,0.399,0.703,0.579,0.638,0.092,0.246,0.371
0.31,0.398,0.703,0.579,0.637,0.092,0.246,0.37
0.31,0.398,0.703,0.578,0.637,0.092,0.246,0.37
0.31,0.398,0.702,0.578,0.636,0.091,0.246,0.37
0.309,0.397,0.702,0.577,0.636,0.092,0.246,0.369
0.309,0.397,0.702,0.577,0.635,0.091,0.246,0.369
0.309,0.397,0.701,0.577,0.635,0.091,0.246,0.369
0.309,0.397,0.701,0.576,0.635,0.091,0.246,0.369
0.309,0.396,0.701,0.575,0.634,0.091,0.246,0.368
0.308,0.396,0.701,0.575,0.634,0.091,0.246,0.368
0.308,0.396,0.7,0.575,0.633,0.091,0.246,0.368
0.308,0.396,0.7,0.574,0.633,0.091,0.245,0.368
0.308,0.396,0.7,0.574,0.632,0.091,0.246,0.368
0.307,0.395,0.7,0.573,0.632,0.091,0.245,0.367
0.307,0.395,0.699,0.572,0.632,0.091,0.246,0.367
0.307,0.395,0.699,0.572,0.631,0.091,0.245,0.367
0.307,0.395,0.699,0.572,0.63,0.091,0.245,0.366
0.307,0.395,0.698,0.571,0.63,0.091,0.245,0.366
0.307,0.394,0.698,0.571,0.63,0.091,0.245,0.366
0.306,0.394,0.698,0.57,0.629,0.091,0.245,0.366
0.306,0.394,0.698,0.57,0.629,0.091,0.245,0.365
0.306,0.394,0.697,0.569,0.628,0.091,0.245,0.365
0.306,0.393,0.697,0.569,0.628,0.09,0.245,0.365
0.306,0.393,0.697,0.568,0.627,0.091,0.245,0.365
0.305,0.393,0.696,0.568,0.627,0.09,0.245,0.365
0.305,0.393,0.696,0.568,0.627,0.09,0.245,0.364
0.305,0.392,0.696,0.567,0.626,0.09,0.245,0.364
0.305,0.392,0.695,0.567,0.626,0.09,0.245,0.364
0.305,0.392,0.695,0.566,0.626,0.09,0.245,0.364
0.304,0.392,0.695,0.566,0.625,0.09,0.245,0.364
0.304,0.391,0.695,0.565,0.625,0.09,0.245,0.364
0.304,0.391,0.695,0.565,0.624,0.09,0.244,0.363
0.304,0.391,0.694,0.565,0.624,0.09,0.244,0.363
0.304,0.391,0.694,0.564,0.624,0.09,0.245,0.363
0.304,0.39,0.694,0.564,0.623,0.09,0.244,0.362
0.303,0.39,0.693,0.564,0.623,0.09,0.244,0.362
0.303,0.39,0.693,0.563,0.623,0.09,0.244,0.362
0.303,0.39,0.693,0.563,0.622,0.09,0.244,0.362
0.303,0.389,0.692,0.562,0.622,0.09,0.244,0.362
0.302,0.389,0.692,0.562,0.621,0.09,0.244,0.361
0.302,0.389,0.692,0.562,0.621,0.09,0.244,0.361
0.302,0.388,0.692,0.561,0.621,0.09,0.244,0.361
0.302,0.388,0.691,0.561,0.62,0.09,0.244,0.361
0.302,0.388,0.691,0.561,0.62,0.09,0.244,0.36
0.301,0.388,0.691,0.56,0.62,0.089,0.244,0.36
0.301,0.387,0.691,0.56,0.619,0.09,0.244,0.36
0.301,0.387,0.69,0.56,0.619,0.089,0.244,0.36
0.301,0.387,0.69,0.559,0.619,0.089,0.244,0.359
0.301,0.387,0.69,0.559,0.618,0.089,0.244,0.359
0.301,0.387,0.689,0.559,0.618,0.089,0.244,0.359
0.3,0.386,0.689,0.558,0.617,0.089,0.244,0.359
0.3,0.386,0.689,0.558,0.617,0.089,0.243,0.358
0.3,0.386,0.689,0.558,0.616,0.089,0.243,0.358
0.3,0.386,0.688,0.557,0.616,0.089,0.243,0.358
0.3,0.386,0.688,0.557,0.616,0.089,0.243,0.358
0.299,0.385,0.688,0.557,0.615,0.089,0.243,0.357
0.299,0.385,0.687,0.556,0.615,0.089,0.243,0.357
0.299,0.385,0.687,0.556,0.615,0.089,0.243,0.357
0.299,0.385,0.687,0.556,0.614,0.089,0.243,0.357
0.299,0.385,0.687,0.555,0.614,0.089,0.243,0.357
0.298,0.384,0.687,0.555,0.613,0.089,0.243,0.356
0.298,0.384,0.686,0.554,0.613,0.089,0.243,0.356
0.298,0.384,0.686,0.554,0.612,0.089,0.243,0.356
0.298,0.384,0.686,0.554,0.612,0.089,0.243,0.356
0.298,0.384,0.686,0.553,0.612,0.088,0.243,0.355
0.298,0.383,0.685,0.553,0.611,0.089,0.243,0.355
0.297,0.383,0.685,0.553,0.611,0.088,0.243,0.355
0.297,0.383,0.685,0.552,0.61,0.088,0.243,0.355
0.297,0.383,0.685,0.552,0.61,0.088,0.243,0.354
0.297,0.382,0.684,0.552,0.61,0.088,0.243,0.354
0.297,0.382,0.684,0.551,0.609,0.088,0.243,0.354
0.296,0.382,0.684,0.551,0.609,0.088,0.243,0.354
0.296,0.382,0.683,0.55,0.608,0.088,0.242,0.354
0.296,0.381,0.683,0.55,0.608,0.088,0.242,0.353
0.296,0.381,0.683,0.549,0.608,0.088,0.242,0.353
0.296,0.381,0.683,0.549,0.607,0.088,0.242,0.353
0.296,0.381,0.682,0.549,0.607,0.088,0.242,0.353
0.295,0.381,0.682,0.549,0.606,0.088,0.242,0.353
0.295,0.38,0.682,0.548,0.606,0.088,0.242,0.353
0.295,0.38,0.681,0.548,0.605,0.088,0.242,0.352
0.295,0.38,0.681,0.547,0.605,0.088,0.242,0.352
0.295,0.38,0.681,0.547,0.605,0.088,0.242,0.352
0.295,0.379,0.681,0.547,0.605,0.088,0.242,0.352
0.294,0.379,0.68,0.546,0.604,0.088,0.242,0.352
0.294,0.379,0.68,0.546,0.604,0.088,0.242,0.351
0.294,0.379,0.68,0.546,0.603,0.088,0.242,0.351
0.294,0.378,0.68,0.545,0.603,0.088,0.242,0.351
0.293,0.378,0.679,0.545,0.603,0.087,0.242,0.351
0.293,0.378,0.679,0.544,0.602,0.088,0.242,0.35
0.293,0.378,0.679,0.544,0.602,0.088,0.242,0.35
0.293,0.377,0.679,0.544,0.602,0.087,0.242,0.35
0.293,0.377,0.678,0.544,0.601,0.087,0.241,0.35
0.293,0.377,0.678,0.543,0.601,0.087,0.241,0.35
0.293,0.377,0.678,0.543,0.601,0.087,0.241,0.349
0.292,0.376,0.678,0.543,0.6,0.087,0.241,0.349
0.292,0.376,0.677,0.542,0.6,0.087,0.241,0.349
0.292,0.376,0.677,0.542,0.599,0.087,0.241,0.349
0.292,0.376,0.677,0.542,0.599,0.087,0.241,0.348
0.292,0.376,0.676,0.541,0.599,0.087,0.241,0.348
0.291,0.375,0.676,0.541,0.598,0.087,0.241,0.348
0.291,0.375,0.676,0.54,0.598,0.087,0.241,0.348
0.291,0.375,0.676,0.54,0.598,0.087,0.241,0.348
0.291,0.375,0.676,0.54,0.597,0.087,0.241,0.347
0.291,0.375,0.675,0.539,0.597,0.087,0.241,0.347
0.291,0.375,0.675,0.539,0.596,0.087,0.241,0.347
0.29,0.374,0.675,0.539,0.596,0.087,0.241,0.347
0.29,0.374,0.675,0.538,0.596,0.087,0.241,0.347
0.29,0.374,0.674,0.538,0.595,0.087,0.241,0.346
0.29,0.374,0.674,0.537,0.595,0.087,0.24,0.346
0.29,0.374,0.674,0.537,0.595,0.087,0.24,0.346
0.29,0.374,0.674,0.537,0.594,0.087,0.24,0.346
0.289,0.373,0.673,0.537,0.594,0.086,0.24,0.345
0.289,0.373,0.673,0.536,0.594,0.087,0.24,0.345
0.289,0.373,0.673,0.536,0.593,0.086,0.24,0.345
0.289,0.373,0.673,0.536,0.593,0.086,0.24,0.345
0.289,0.373,0.672,0.535,0.592,0.086,0.24,0.345
0.289,0.372,0.672,0.535,0.592,0.086,0.24,0.345
0.288,0.372,0.672,0.535,0.592,0.086,0.24,0.344
0.288,0.372,0.672,0.534,0.591,0.086,0.24,0.344
0.288,0.372,0.671,0.534,0.591,0.086,0.24,0.344
0.288,0.372,0.671,0.534,0.591,0.086,0.24,0.344
0.288,0.371,0.671,0.533,0.59,0.086,0.24,0.344
0.287,0.371,0.67,0.533,0.59,0.086,0.24,0.344
0.287,0.371,0.67,0.532,0.59,0.086,0.24,0.343
0.287,0.371,0.67,0.532,0.589,0.086,0.24,0.343
0.287,0.371,0.669,0.532,0.589,0.086,0.24,0.343
0.287,0.371,0.669,0.532,0.588,0.086,0.24,0.343
0.287,0.37,0.669,0.531,0.588,0.086,0.239,0.342
0.287,0.37,0.669,0.531,0.588,0.086,0.24,0.342
0.287,0.37,0.669,0.531,0.587,0.086,0.239,0.342
0.286,0.37,0.668,0.53,0.587,0.086,0.239,0.342
0.286,0.37,0.668,0.53,0.587,0.086,0.239,0.342
0.286,0.369,0.668,0.529,0.586,0.086,0.239,0.341
0.286,0.369,0.668,0.529,0.586,0.086,0.239,0.341
0.286,0.369,0.668,0.529,0.586,0.086,0.239,0.341
0.285,0.369,0.667,0.528,0.585,0.086,0.239,0.341
0.285,0.368,0.667,0.528,0.585,0.086,0.239,0.341
0.285,0.368,0.667,0.528,0.585,0.085,0.239,0.341
0.285,0.368,0.667,0.527,0.584,0.086,0.239,0.341
0.285,0.368,0.666,0.527,0.584,0.086,0.239,0.34
0.285,0.368,0.666,0.527,0.584,0.086,0.239,0.34
0.285,0.367,0.666,0.527,0.584,0.085,0.239,0.34
0.284,0.367,0.666,0.526,0.583,0.086,0.239,0.34
0.284,0.367,0.665,0.526,0.583,0.085,0.239,0.34
0.284,0.367,0.665,0.526,0.583,0.085,0.239,0.34
0.284,0.367,0.665,0.526,0.582,0.085,0.239,0.339
0.283,0.366,0.665,0.525,0.582,0.085,0.239,0.339
0.284,0.366,0.664,0.525,0.582,0.085,0.239,0.339
0.283,0.366,0.664,0.525,0.582,0.085,0.239,0.339
0.283,0.366,0.664,0.524,0.581,0.085,0.238,0.339
0.283,0.366,0.664,0.524,0.581,0.085,0.238,0.338
0.283,0.366,0.664,0.524,0.581,0.085,0.238,0.338
0.283,0.365,0.663,0.524,0.58,0.085,0.239,0.338
0.282,0.365,0.663,0.523,0.58,0.085,0.238,0.338
0.282,0.365,0.663,0.523,0.58,0.085,0.238,0.338
0.282,0.365,0.663,0.523,0.579,0.085,0.238,0.338
0.282,0.365,0.662,0.522,0.579,0.085,0.238,0.337
0.282,0.365,0.662,0.522,0.579,0.085,0.238,0.337
0.282,0.364,0.662,0.522,0.578,0.085,0.238,0.337
0.282,0.364,0.662,0.522,0.578,0.085,0.238,0.337
0.281,0.364,0.661,0.521,0.578,0.085,0.238,0.336
0.281,0.364,0.661,0.521,0.577,0.085,0.238,0.336
0.281,0.364,0.661,0.521,0.577,0.085,0.238,0.336
0.281,0.364,0.661,0.521,0.577,0.085,0.238,0.336
0.281,0.363,0.66,0.52,0.576,0.085,0.238,0.336
0.28,0.363,0.66,0.52,0.576,0.085,0.238,0.336
0.281,0.363,0.66,0.52,0.576,0.085,0.238,0.335
0.28,0.363,0.66,0.519,0.576,0.085,0.238,0.335
0.28,0.363,0.659,0.519,0.576,0.084,0.238,0.335
0.28,0.362,0.659,0.519,0.575,0.085,0.238,0.335
0.28,0.362,0.659,0.519,0.575,0.085,0.238,0.335
0.28,0.362,0.659,0.518,0.575,0.085,0.238,0.335
0.279,0.362,0.658,0.518,0.574,0.084,0.237,0.334
0.279,0.361,0.658,0.518,0.574,0.084,0.237,0.334
0.279,0.361,0.658,0.517,0.574,0.084,0.237,0.334
0.279,0.361,0.658,0.517,0.574,0.084,0.237,0.334
0.279,0.361,0.657,0.517,0.573,0.084,0.237,0.334
0.279,0.361,0.657,0.517,0.573,0.084,0.237,0.334
0.279,0.361,0.657,0.517,0.573,0.084,0.237,0.333
0.278,0.36,0.657,0.516,0.572,0.084,0.237,0.333
0.278,0.36,0.656,0.516,0.572,0.084,0.237,0.333
0.278,0.36,0.656,0.516,0.571,0.084,0.237,0.333
0.278,0.36,0.656,0.515,0.571,0.084,0.237,0.333
0.278,0.359,0.656,0.515,0.571,0.084,0.237,0.332
0.278,0.359,0.656,0.515,0.571,0.084,0.237,0.332
0.277,0.359,0.655,0.514,0.57,0.084,0.237,0.332
0.277,0.359,0.655,0.514,0.57,0.084,0.237,0.332
0.277,0.358,0.655,0.514,0.569,0.084,0.237,0.331
0.277,0.358,0.654,0.513,0.569,0.084,0.237,0.331
0.277,0.358,0.654,0.513,0.569,0.084,0.236,0.331
0.277,0.358,0.654,0.513,0.569,0.084,0.236,0.331
0.277,0.358,0.654,0.513,0.568,0.084,0.237,0.331
0.276,0.358,0.653,0.512,0.568,0.084,0.237,0.331
0.276,0.357,0.653,0.512,0.568,0.084,0.236,0.331
0.276,0.357,0.653,0.512,0.567,0.084,0.236,0.33
0.276,0.357,0.653,0.511,0.567,0.084,0.236,0.33
0.276,0.357,0.652,0.511,0.567,0.084,0.236,0.33
0.276,0.357,0.652,0.511,0.567,0.084,0.236,0.33
0.276,0.357,0.652,0.51,0.566,0.084,0.236,0.33
0.275,0.357,0.652,0.51,0.566,0.084,0.236,0.33
0.275,0.356,0.651,0.51,0.566,0.084,0.236,0.329
0.275,0.356,0.651,0.51,0.565,0.084,0.236,0.329
0.275,0.356,0.651,0.509,0.565,0.084,0.236,0.329
0.275,0.356,0.651,0.509,0.565,0.083,0.236,0.329
0.275,0.356,0.651,0.509,0.564,0.083,0.236,0.329
0.274,0.355,0.65,0.509,0.564,0.083,0.236,0.329
0.275,0.355,0.65,0.508,0.564,0.083,0.236,0.329
0.274,0.355,0.65,0.508,0.564,0.083,0.236,0.328
0.274,0.355,0.65,0.508,0.563,0.083,0.236,0.328
0.274,0.355,0.649,0.508,0.563,0.083,0.236,0.328
0.274,0.355,0.649,0.508,0.563,0.083,0.236,0.328
0.274,0.355,0.649,0.507,0.562,0.083,0.236,0.328
0.274,0.355,0.649,0.507,0.562,0.083,0.236,0.327
0.273,0.354,0.648,0.507,0.562,0.083,0.235,0.327
0.273,0.354,0.648,0.506,0.562,0.083,0.235,0.327
0.273,0.354,0.648,0.506,0.561,0.083,0.236,0.327
0.273,0.354,0.648,0.506,0.561,0.083,0.235,0.327
0.273,0.354,0.648,0.506,0.561,0.083,0.235,0.327
0.273,0.354,0.647,0.506,0.561,0.083,0.235,0.326
0.272,0.353,0.647,0.505,0.56,0.083,0.235,0.326
0.272,0.353,0.647,0.505,0.56,0.083,0.235,0.326
0.272,0.353,0.647,0.505,0.56,0.083,0.235,0.326
0.272,0.353,0.646,0.505,0.559,0.083,0.235,0.326
0.272,0.353,0.646,0.504,0.559,0.083,0.235,0.326
0.272,0.352,0.646,0.504,0.559,0.083,0.235,0.326
0.272,0.352,0.646,0.504,0.558,0.083,0.235,0.325
0.272,0.352,0.645,0.503,0.558,0.083,0.235,0.325
0.271,0.352,0.645,0.503,0.558,0.083,0.235,0.325
0.271,0.352,0.645,0.503,0.558,0.083,0.235,0.325
0.271,0.352,0.645,0.503,0.557,0.083,0.235,0.325
0.271,0.352,0.644,0.503,0.557,0.083,0.235,0.324
0.271,0.351,0.644,0.502,0.557,0.083,0.235,0.324
0.271,0.351,0.644,0.502,0.556,0.083,0.235,0.324
0.27,0.351,0.644,0.502,0.556,0.083,0.235,0.324
0.27,0.351,0.644,0.501,0.556,0.083,0.235,0.324
0.27,0.351,0.643,0.501,0.556,0.083,0.234,0.324
0.27,0.351,0.643,0.501,0.555,0.082,0.234,0.323
0.27,0.351,0.643,0.501,0.555,0.082,0.235,0.323
0.27,0.351,0.643,0.5,0.555,0.082,0.234,0.323
0.27,0.351,0.642,0.5,0.554,0.083,0.234,0.323
0.27,0.351,0.642,0.5,0.554,0.083,0.234,0.323
0.27,0.35,0.642,0.5,0.554,0.082,0.234,0.323
0.269,0.35,0.642,0.499,0.554,0.082,0.234,0.323
0.269,0.35,0.642,0.499,0.553,0.082,0.234,0.322
0.269,0.35,0.641,0.499,0.553,0.082,0.234,0.322
0.269,0.35,0.641,0.498,0.553,0.082,0.234,0.322
0.269,0.35,0.641,0.498,0.552,0.082,0.234,0.322
0.269,0.35,0.641,0.498,0.552,0.082,0.234,0.322
0.268,0.35,0.64,0.498,0.552,0.082,0.234,0.322
0.268,0.349,0.64,0.497,0.552,0.082,0.234,0.322
0.268,0.349,0.64,0.497,0.551,0.082,0.234,0.322
0.268,0.349,0.64,0.497,0.551,0.082,0.234,0.321
0.268,0.349,0.64,0.497,0.551,0.082,0.234,0.321
0.268,0.349,0.639,0.496,0.551,0.082,0.234,0.321
0.268,0.349,0.639,0.496,0.55,0.082,0.234,0.321
0.268,0.348,0.639,0.496,0.55,0.082,0.234,0.321
0.268,0.348,0.639,0.496,0.55,0.082,0.234,0.321
0.267,0.348,0.638,0.495,0.55,0.082,0.234,0.321
0.267,0.348,0.638,0.495,0.55,0.082,0.233,0.32
0.267,0.348,0.638,0.495,0.549,0.082,0.233,0.32
0.267,0.347,0.638,0.494,0.549,0.082,0.233,0.32
0.267,0.347,0.638,0.494,0.549,0.082,0.233,0.32
0.267,0.347,0.637,0.494,0.548,0.082,0.233,0.32
0.267,0.347,0.637,0.494,0.548,0.082,0.233,0.32
0.266,0.347,0.637,0.494,0.548,0.082,0.233,0.32
0.266,0.347,0.637,0.493,0.548,0.082,0.233,0.32
0.266,0.347,0.636,0.493,0.548,0.082,0.233,0.319
0.266,0.346,0.636,0.493,0.547,0.082,0.233,0.319
0.266,0.347,0.636,0.493,0.547,0.082,0.233,0.319
0.265,0.346,0.636,0.493,0.547,0.082,0.233,0.319
0.266,0.346,0.636,0.492,0.547,0.082,0.233,0.319
0.265,0.346,0.636,0.492,0.547,0.082,0.233,0.319
0.266,0.346,0.635,0.492,0.546,0.082,0.233,0.319
0.265,0.346,0.635,0.492,0.546,0.082,0.233,0.319
0.265,0.346,0.635,0.491,0.546,0.082,0.233,0.318
0.265,0.346,0.635,0.491,0.546,0.082,0.233,0.319
0.265,0.346,0.634,0.491,0.545,0.081,0.233,0.318
0.265,0.345,0.634,0.491,0.545,0.082,0.233,0.318
0.265,0.345,0.634,0.49,0.545,0.082,0.233,0.318
0.264,0.345,0.634,0.49,0.545,0.082,0.233,0.318
0.264,0.345,0.634,0.49,0.544,0.082,0.233,0.318
0.264,0.345,0.633,0.489,0.544,0.082,0.232,0.318
0.264,0.345,0.633,0.489,0.544,0.082,0.233,0.317
0.264,0.345,0.633,0.489,0.544,0.081,0.232,0.317
0.264,0.345,0.633,0.489,0.544,0.081,0.232,0.317
0.264,0.345,0.632,0.488,0.544,0.082,0.232,0.317
0.264,0.344,0.632,0.488,0.543,0.081,0.232,0.317
0.263,0.344,0.632,0.488,0.543,0.081,0.232,0.317
0.263,0.344,0.632,0.488,0.543,0.081,0.232,0.317
0.263,0.344,0.631,0.487,0.543,0.081,0.232,0.316
0.263,0.344,0.631,0.487,0.542,0.081,0.232,0.316
0.263,0.344,0.631,0.487,0.542,0.081,0.232,0.316
0.263,0.344,0.631,0.487,0.542,0.081,0.232,0.316
0.263,0.344,0.631,0.487,0.542,0.081,0.232,0.316
0.262,0.343,0.63,0.486,0.541,0.081,0.232,0.316
0.262,0.343,0.63,0.486,0.541,0.081,0.232,0.316
0.262,0.343,0.63,0.486,0.541,0.081,0.232,0.316
0.262,0.343,0.63,0.486,0.541,0.081,0.232,0.315
0.262,0.343,0.63,0.486,0.541,0.081,0.232,0.315
0.262,0.343,0.63,0.485,0.54,0.081,0.232,0.315
0.262,0.343,0.629,0.485,0.54,0.081,0.232,0.315
0.262,0.342,0.629,0.485,0.54,0.081,0.232,0.315
0.262,0.342,0.629,0.485,0.54,0.081,0.232,0.314
0.262,0.342,0.629,0.485,0.539,0.081,0.232,0.314
0.261,0.342,0.629,0.485,0.539,0.081,0.231,0.314
0.261,0.342,0.628,0.484,0.539,0.081,0.232,0.314
0.261,0.342,0.628,0.484,0.539,0.081,0.232,0.314
0.261,0.342,0.628,0.484,0.538,0.081,0.232,0.314
0.261,0.341,0.628,0.484,0.538,0.081,0.231,0.314
0.261,0.341,0.627,0.484,0.538,0.081,0.231,0.314
0.261,0.341,0.627,0.484,0.538,0.081,0.231,0.313
0.26,0.341,0.627,0.484,0.538,0.081,0.231,0.313
0.26,0.341,0.627,0.483,0.537,0.081,0.231,0.313
0.26,0.34,0.626,0.483,0.537,0.081,0.231,0.313
0.26,0.34,0.626,0.483,0.537,0.081,0.231,0.313
0.26,0.34,0.626,0.483,0.537,0.081,0.231,0.313
0.26,0.34,0.626,0.483,0.537,0.081,0.231,0.313
0.26,0.34,0.626,0.482,0.536,0.081,0.231,0.312
0.259,0.34,0.626,0.482,0.536,0.081,0.231,0.312
0.259,0.34,0.625,0.482,0.536,0.081,0.231,0.312
0.259,0.34,0.625,0.482,0.536,0.081,0.231,0.312
0.259,0.34,0.625,0.482,0.535,0.081,0.231,0.312
0.259,0.339,0.625,0.482,0.535,0.081,0.231,0.312
0.259,0.339,0.624,0.481,0.535,0.081,0.231,0.312
0.259,0.339,0.624,0.481,0.534,0.081,0.231,0.311
0.259,0.339,0.624,0.481,0.534,0.081,0.231,0.311
0.259,0.339,0.624,0.481,0.534,0.081,0.231,0.311
0.258,0.338,0.624,0.48,0.534,0.081,0.23,0.311
0.258,0.338,0.624,0.48,0.533,0.081,0.231,0.311
0.258,0.338,0.623,0.48,0.533,0.08,0.231,0.311
0.258,0.338,0.623,0.48,0.533,0.08,0.23,0.311
0.258,0.338,0.623,0.479,0.532,0.081,0.23,0.311
0.258,0.338,0.623,0.479,0.532,0.08,0.23,0.31
0.258,0.338,0.623,0.479,0.532,0.08,0.23,0.31
0.258,0.338,0.622,0.479,0.532,0.08,0.23,0.31
0.257,0.338,0.622,0.478,0.531,0.08,0.23,0.31
0.257,0.338,0.622,0.478,0.531,0.08,0.23,0.31
0.257,0.338,0.622,0.478,0.531,0.08,0.23,0.31
0.257,0.337,0.621,0.478,0.531,0.08,0.23,0.31
0.257,0.337,0.621,0.478,0.531,0.08,0.23,0.31
0.257,0.337,0.621,0.477,0.53,0.08,0.23,0.309
0.257,0.337,0.621,0.477,0.53,0.08,0.23,0.309
0.257,0.337,0.62,0.477,0.53,0.08,0.23,0.309
0.257,0.337,0.62,0.476,0.53,0.08,0.23,0.309
0.257,0.337,0.62,0.476,0.529,0.08,0.23,0.309
0.256,0.336,0.62,0.476,0.529,0.08,0.23,0.309
0.256,0.337,0.62,0.475,0.529,0.08,0.23,0.309
0.256,0.337,0.62,0.475,0.529,0.08,0.23,0.309
0.256,0.336,0.619,0.475,0.528,0.08,0.23,0.308
0.256,0.336,0.619,0.475,0.528,0.08,0.23,0.308
0.256,0.336,0.619,0.474,0.528,0.08,0.23,0.308
0.256,0.336,0.619,0.474,0.528,0.08,0.23,0.308
0.255,0.336,0.619,0.474,0.527,0.08,0.23,0.308
0.256,0.336,0.618,0.474,0.527,0.08,0.23,0.308
0.255,0.336,0.618,0.473,0.527,0.08,0.23,0.308
0.255,0.336,0.618,0.473,0.527,0.08,0.229,0.307
0.255,0.335,0.618,0.473,0.526,0.08,0.229,0.307
0.255,0.335,0.618,0.472,0.526,0.08,0.229,0.307
0.255,0.335,0.617,0.472,0.526,0.08,0.229,0.307
0.255,0.335,0.617,0.472,0.525,0.08,0.229,0.307
0.255,0.335,0.617,0.472,0.525,0.08,0.229,0.307
0.254,0.335,0.617,0.472,0.525,0.08,0.229,0.307
0.254,0.335,0.617,0.471,0.525,0.08,0.229,0.307
0.254,0.335,0.617,0.471,0.525,0.08,0.229,0.307
0.254,0.335,0.616,0.471,0.525,0.08,0.229,0.307
0.254,0.335,0.616,0.471,0.524,0.08,0.229,0.306
0.254,0.335,0.616,0.471,0.524,0.08,0.229,0.306
0.254,0.334,0.616,0.47,0.524,0.08,0.229,0.306
0.254,0.334,0.615,0.47,0.524,0.08,0.229,0.306
0.254,0.334,0.615,0.47,0.524,0.08,0.229,0.306
0.253,0.334,0.615,0.469,0.523,0.08,0.229,0.306
0.253,0.334,0.615,0.469,0.523,0.08,0.229,0.306
0.253,0.334,0.615,0.469,0.523,0.08,0.229,0.306
0.253,0.334,0.614,0.469,0.523,0.08,0.229,0.306
0.253,0.334,0.614,0.469,0.523,0.08,0.229,0.305
0.253,0.334,0.614,0.468,0.522,0.08,0.229,0.305
0.253,0.334,0.614,0.468,0.522,0.08,0.229,0.305
0.253,0.334,0.614,0.468,0.522,0.08,0.229,0.305
0.253,0.333,0.613,0.468,0.522,0.08,0.229,0.305
0.253,0.333,0.613,0.468,0.522,0.08,0.228,0.305
0.253,0.333,0.613,0.468,0.522,0.08,0.229,0.305
0.252,0.333,0.613,0.467,0.522,0.08,0.228,0.305
0.252,0.333,0.613,0.467,0.521,0.08,0.228,0.305
0.252,0.333,0.612,0.467,0.521,0.08,0.228,0.304
0.252,0.332,0.612,0.467,0.521,0.08,0.228,0.304
0.252,0.333,0.612,0.466,0.521,0.08,0.228,0.304
0.252,0.332,0.612,0.466,0.521,0.079,0.228,0.304
0.252,0.332,0.612,0.466,0.52,0.079,0.228,0.304
0.251,0.332,0.611,0.466,0.52,0.08,0.228,0.304
0.251,0.332,0.611,0.466,0.52,0.08,0.228,0.304
0.251,0.332,0.611,0.465,0.52,0.079,0.228,0.304
0.251,0.332,0.611,0.465,0.52,0.08,0.228,0.304
0.251,0.332,0.611,0.465,0.519,0.08,0.228,0.304
0.251,0.331,0.611,0.465,0.519,0.08,0.228,0.304
0.251,0.331,0.61,0.465,0.519,0.079,0.228,0.303
0.251,0.331,0.61,0.464,0.519,0.079,0.228,0.303
0.251,0.331,0.61,0.464,0.519,0.079,0.228,0.303
0.25,0.331,0.61,0.464,0.519,0.079,0.228,0.303
0.25,0.331,0.61,0.464,0.518,0.08,0.228,0.303
0.25,0.331,0.609,0.464,0.518,0.079,0.228,0.303
0.25,0.331,0.609,0.463,0.518,0.079,0.228,0.303
0.25,0.331,0.609,0.463,0.518,0.08,0.228,0.302
0.25,0.331,0.609,0.463,0.517,0.079,0.227,0.302
0.25,0.33,0.609,0.463,0.517,0.079,0.227,0.302
0.25,0.33,0.609,0.463,0.517,0.079,0.227,0.302
0.25,0.33,0.608,0.463,0.517,0.079,0.227,0.302
0.25,0.33,0.608,0.462,0.517,0.079,0.227,0.302
0.249,0.33,0.608,0.462,0.517,0.079,0.227,0.302
0.249,0.33,0.608,0.462,0.516,0.079,0.227,0.302
0.249,0.33,0.608,0.462,0.516,0.079,0.227,0.302
0.249,0.33,0.607,0.462,0.516,0.079,0.227,0.302
0.249,0.329,0.607,0.462,0.516,0.079,0.227,0.301
0.249,0.33,0.607,0.461,0.515,0.079,0.227,0.301
0.249,0.329,0.607,0.461,0.515,0.079,0.227,0.301
0.249,0.329,0.606,0.461,0.515,0.079,0.227,0.301
0.249,0.329,0.607,0.461,0.515,0.079,0.227,0.301
0.248,0.329,0.606,0.461,0.515,0.079,0.227,0.301
0.248,0.329,0.606,0.461,0.514,0.079,0.227,0.301
0.248,0.329,0.606,0.46,0.514,0.079,0.227,0.301
0.248,0.329,0.606,0.46,0.514,0.079,0.227,0.301
0.248,0.329,0.606,0.46,0.514,0.079,0.227,0.3
0.248,0.328,0.605,0.46,0.514,0.079,0.227,0.3
0.248,0.328,0.605,0.46,0.514,0.079,0.227,0.3
0.248,0.328,0.605,0.459,0.513,0.079,0.227,0.3
0.248,0.328,0.605,0.459,0.513,0.079,0.227,0.3
0.247,0.328,0.605,0.459,0.513,0.079,0.227,0.3
0.247,0.328,0.605,0.459,0.513,0.079,0.227,0.3
0.247,0.328,0.604,0.459,0.513,0.079,0.227,0.3
0.247,0.328,0.604,0.458,0.513,0.079,0.227,0.3
0.247,0.327,0.604,0.458,0.512,0.079,0.226,0.299
0.247,0.327,0.604,0.458,0.512,0.079,0.226,0.299
0.247,0.327,0.604,0.458,0.512,0.079,0.226,0.299
0.247,0.327,0.603,0.458,0.512,0.079,0.226,0.299
0.247,0.327,0.603,0.458,0.511,0.079,0.226,0.299
0.247,0.327,0.603,0.457,0.511,0.079,0.226,0.299
0.247,0.327,0.603,0.457,0.511,0.079,0.226,0.299
0.246,0.327,0.603,0.457,0.511,0.079,0.226,0.299
0.246,0.327,0.602,0.457,0.511,0.079,0.226,0.298
0.246,0.327,0.602,0.457,0.511,0.079,0.226,0.298
0.246,0.327,0.602,0.456,0.51,0.079,0.226,0.298
0.246,0.327,0.602,0.456,0.51,0.079,0.226,0.298
0.246,0.327,0.602,0.456,0.51,0.079,0.226,0.298
0.246,0.327,0.602,0.456,0.51,0.079,0.226,0.298
0.246,0.327,0.601,0.456,0.509,0.079,0.226,0.298
0.246,0.327,0.601,0.455,0.509,0.079,0.226,0.298
0.246,0.327,0.601,0.455,0.509,0.079,0.226,0.297
0.245,0.327,0.601,0.455,0.509,0.079,0.226,0.297
0.245,0.327,0.6,0.455,0.509,0.079,0.226,0.297
0.245,0.327,0.6,0.455,0.509,0.079,0.226,0.297
0.245,0.326,0.6,0.455,0.508,0.079,0.226,0.297
0.245,0.326,0.6,0.454,0.508,0.079,0.226,0.297
0.245,0.326,0.6,0.454,0.508,0.079,0.226,0.297
0.245,0.326,0.599,0.454,0.508,0.079,0.225,0.297
0.245,0.326,0.599,0.454,0.508,0.078,0.225,0.297
0.245,0.326,0.599,0.454,0.507,0.079,0.225,0.297
0.245,0.326,0.599,0.453,0.507,0.079,0.225,0.297
0.245,0.326,0.599,0.453,0.507,0.079,0.225,0.297
0.244,0.325,0.599,0.453,0.507,0.078,0.225,0.297
0.244,0.325,0.599,0.453,0.507,0.079,0.225,0.297
0.244,0.325,0.598,0.453,0.506,0.078,0.225,0.297
0.244,0.325,0.598,0.452,0.506,0.078,0.225,0.296
0.244,0.325,0.598,0.452,0.506,0.078,0.225,0.296
0.244,0.325,0.598,0.452,0.506,0.078,0.225,0.296
0.244,0.325,0.598,0.452,0.506,0.078,0.225,0.296
0.243,0.324,0.597,0.452,0.506,0.078,0.225,0.296
0.243,0.324,0.597,0.452,0.506,0.078,0.225,0.296
0.243,0.324,0.597,0.451,0.506,0.078,0.225,0.296
0.243,0.324,0.597,0.451,0.506,0.078,0.225,0.296
0.243,0.324,0.597,0.451,0.505,0.078,0.225,0.295
0.243,0.324,0.596,0.451,0.505,0.078,0.225,0.295
0.243,0.324,0.596,0.451,0.505,0.078,0.225,0.295
0.243,0.324,0.596,0.451,0.505,0.078,0.225,0.295
0.243,0.324,0.596,0.451,0.505,0.078,0.225,0.295
0.243,0.324,0.596,0.451,0.505,0.078,0.225,0.295
0.243,0.324,0.596,0.45,0.505,0.078,0.225,0.295
0.243,0.323,0.596,0.45,0.505,0.078,0.225,0.295
0.243,0.323,0.595,0.45,0.504,0.078,0.225,0.295
0.242,0.323,0.595,0.45,0.504,0.078,0.225,0.295
0.242,0.323,0.595,0.45,0.504,0.078,0.224,0.294
0.242,0.323,0.595,0.45,0.504,0.078,0.224,0.294
0.242,0.323,0.595,0.449,0.504,0.078,0.224,0.294
0.242,0.323,0.594,0.449,0.503,0.078,0.224,0.294
0.242,0.323,0.594,0.449,0.503,0.078,0.224,0.294
0.242,0.323,0.594,0.449,0.503,0.078,0.224,0.294
0.242,0.323,0.594,0.449,0.503,0.078,0.224,0.294
0.242,0.323,0.594,0.449,0.503,0.078,0.224,0.294
0.241,0.323,0.594,0.449,0.502,0.078,0.224,0.294
0.241,0.322,0.593,0.448,0.502,0.078,0.224,0.294
0.241,0.322,0.593,0.448,0.502,0.078,0.224,0.293
0.241,0.322,0.593,0.448,0.502,0.078,0.224,0.293
0.241,0.322,0.593,0.448,0.502,0.078,0.224,0.293
0.241,0.322,0.593,0.447,0.501,0.078,0.224,0.293
0.241,0.322,0.592,0.447,0.501,0.078,0.224,0.293
0.241,0.322,0.592,0.447,0.501,0.078,0.224,0.293
0.24,0.322,0.592,0.447,0.501,0.078,0.224,0.293
0.241,0.322,0.592,0.447,0.501,0.078,0.224,0.293
0.241,0.322,0.592,0.447,0.501,0.078,0.224,0.293
0.24,0.322,0.592,0.446,0.5,0.078,0.224,0.292
0.24,0.322,0.592,0.446,0.5,0.078,0.224,0.292
0.24,0.321,0.591,0.446,0.5,0.078,0.224,0.292
0.24,0.322,0.591,0.446,0.5,0.078,0.224,0.292
0.24,0.322,0.591,0.446,0.5,0.078,0.224,0.292
0.24,0.321,0.591,0.446,0.499,0.078,0.224,0.292
0.24,0.321,0.591,0.445,0.499,0.078,0.224,0.292
0.24,0.321,0.59,0.445,0.499,0.078,0.224,0.292
0.24,0.321,0.59,0.445,0.499,0.078,0.224,0.292
0.24,0.321,0.59,0.445,0.499,0.078,0.223,0.292
0.24,0.321,0.59,0.445,0.499,0.078,0.223,0.292
0.239,0.321,0.59,0.445,0.499,0.078,0.223,0.291
0.239,0.32,0.589,0.444,0.499,0.078,0.223,0.291
0.239,0.32,0.589,0.444,0.498,0.078,0.224,0.291
0.239,0.32,0.589,0.444,0.498,0.078,0.223,0.291
0.239,0.32,0.589,0.444,0.498,0.078,0.223,0.291
0.239,0.32,0.589,0.444,0.498,0.078,0.223,0.291
0.239,0.32,0.589,0.443,0.498,0.078,0.223,0.291
0.239,0.32,0.588,0.443,0.497,0.078,0.223,0.291
0.239,0.32,0.588,0.443,0.497,0.078,0.223,0.291
0.239,0.319,0.588,0.443,0.497,0.078,0.223,0.29
0.238,0.319,0.588,0.443,0.497,0.078,0.223,0.291
0.239,0.319,0.588,0.443,0.497,0.078,0.223,0.291
0.238,0.319,0.588,0.443,0.497,0.078,0.223,0.29
0.238,0.319,0.588,0.443,0.497,0.078,0.223,0.29
0.238,0.319,0.587,0.442,0.496,0.078,0.223,0.29
0.238,0.319,0.587,0.442,0.496,0.078,0.223,0.29
0.238,0.319,0.587,0.442,0.496,0.078,0.223,0.29
0.238,0.319,0.587,0.442,0.496,0.078,0.223,0.29
0.238,0.319,0.587,0.442,0.495,0.078,0.223,0.29
0.238,0.319,0.586,0.442,0.495,0.078,0.223,0.29
0.238,0.319,0.586,0.442,0.495,0.078,0.223,0.29
0.238,0.319,0.586,0.441,0.495,0.078,0.223,0.29
0.237,0.319,0.586,0.441,0.495,0.078,0.223,0.29
0.237,0.318,0.586,0.441,0.494,0.078,0.223,0.289
0.237,0.319,0.586,0.441,0.494,0.078,0.223,0.289
0.237,0.318,0.585,0.441,0.494,0.078,0.222,0.289
0.237,0.318,0.585,0.441,0.494,0.078,0.222,0.289
0.237,0.318,0.585,0.44,0.494,0.078,0.223,0.289
0.237,0.318,0.585,0.44,0.494,0.078,0.222,0.289
0.237,0.318,0.585,0.44,0.494,0.078,0.222,0.289
0.237,0.318,0.585,0.44,0.493,0.078,0.222,0.288
0.237,0.318,0.585,0.44,0.493,0.078,0.222,0.288
0.236,0.318,0.584,0.44,0.493,0.077,0.222,0.288
0.236,0.318,0.584,0.44,0.493,0.077,0.222,0.288
0.236,0.318,0.584,0.439,0.493,0.078,0.222,0.288
0.236,0.318,0.584,0.439,0.493,0.078,0.222,0.288
0.236,0.318,0.584,0.439,0.493,0.077,0.222,0.288
0.236,0.318,0.584,0.439,0.492,0.078,0.222,0.288
0.236,0.317,0.583,0.439,0.492,0.077,0.222,0.288
0.236,0.317,0.583,0.439,0.492,0.077,0.222,0.287
0.236,0.317,0.583,0.439,0.492,0.077,0.222,0.287
0.236,0.317,0.583,0.438,0.492,0.077,0.222,0.287
0.236,0.317,0.583,0.438,0.492,0.077,0.222,0.287
0.236,0.317,0.583,0.438,0.492,0.077,0.222,0.287
0.236,0.317,0.582,0.438,0.491,0.077,0.222,0.287
0.235,0.317,0.582,0.438,0.491,0.077,0.222,0.287
0.236,0.317,0.582,0.438,0.491,0.077,0.222,0.287
0.235,0.317,0.582,0.438,0.491,0.077,0.222,0.287
0.235,0.317,0.582,0.438,0.49,0.077,0.222,0.287
0.235,0.317,0.581,0.437,0.49,0.077,0.221,0.287
0.235,0.317,0.581,0.437,0.49,0.077,0.222,0.286
0.235,0.317,0.581,0.437,0.49,0.077,0.221,0.287
0.235,0.316,0.581,0.437,0.49,0.077,0.221,0.287
0.235,0.316,0.581,0.437,0.49,0.077,0.221,0.286
0.235,0.317,0.581,0.437,0.489,0.077,0.221,0.286
0.235,0.316,0.581,0.436,0.489,0.077,0.221,0.286
0.234,0.316,0.58,0.436,0.489,0.077,0.221,0.286
0.235,0.316,0.58,0.436,0.489,0.077,0.221,0.286
0.234,0.316,0.58,0.436,0.489,0.077,0.221,0.286
0.234,0.316,0.58,0.436,0.488,0.077,0.221,0.286
0.234,0.316,0.58,0.435,0.488,0.077,0.221,0.286
0.234,0.316,0.58,0.435,0.488,0.077,0.221,0.286
0.234,0.315,0.579,0.435,0.488,0.077,0.221,0.286
0.234,0.315,0.579,0.435,0.488,0.077,0.221,0.286
0.234,0.315,0.579,0.435,0.488,0.077,0.221,0.286
0.234,0.315,0.579,0.435,0.488,0.077,0.221,0.286
0.234,0.315,0.579,0.434,0.487,0.077,0.221,0.286
0.234,0.315,0.579,0.434,0.487,0.077,0.221,0.286
0.234,0.315,0.578,0.434,0.487,0.077,0.221,0.285
0.233,0.315,0.578,0.434,0.487,0.077,0.221,0.285
0.233,0.315,0.578,0.434,0.487,0.077,0.221,0.285
0.233,0.315,0.578,0.434,0.487,0.077,0.221,0.285
0.233,0.315,0.578,0.434,0.487,0.077,0.221,0.285
0.233,0.315,0.578,0.434,0.486,0.077,0.221,0.285
0.233,0.315,0.577,0.434,0.486,0.077,0.221,0.285
0.233,0.314,0.577,0.433,0.486,0.077,0.22,0.285
0.233,0.314,0.577,0.433,0.486,0.077,0.221,0.284
0.233,0.314,0.577,0.433,0.486,0.077,0.22,0.284
0.233,0.314,0.577,0.433,0.486,0.077,0.22,0.284
0.233,0.314,0.576,0.433,0.486,0.077,0.22,0.284
0.233,0.314,0.576,0.433,0.485,0.077,0.22,0.284
0.232,0.314,0.576,0.433,0.485,0.077,0.22,0.284
0.233,0.314,0.576,0.433,0.485,0.077,0.22,0.284
0.232,0.314,0.576,0.432,0.485,0.077,0.22,0.284
0.232,0.313,0.576,0.432,0.485,0.077,0.22,0.284
0.232,0.313,0.576,0.432,0.485,0.077,0.22,0.283
0.232,0.313,0.576,0.432,0.485,0.077,0.22,0.283
0.232,0.313,0.575,0.432,0.484,0.077,0.22,0.283
0.232,0.313,0.575,0.432,0.484,0.077,0.22,0.283
0.232,0.313,0.575,0.432,0.484,0.077,0.22,0.283
0.232,0.313,0.575,0.432,0.484,0.077,0.22,0.283
0.231,0.313,0.575,0.431,0.484,0.077,0.22,0.283
0.232,0.313,0.574,0.431,0.483,0.077,0.22,0.283
0.231,0.313,0.574,0.431,0.483,0.077,0.22,0.283
0.231,0.312,0.574,0.431,0.483,0.077,0.22,0.283
0.231,0.312,0.574,0.431,0.483,0.077,0.22,0.283
0.231,0.313,0.574,0.431,0.483,0.077,0.22,0.283
0.231,0.312,0.574,0.431,0.483,0.077,0.22,0.282
0.231,0.312,0.573,0.43,0.483,0.077,0.22,0.282
0.231,0.312,0.573,0.43,0.482,0.077,0.22,0.282
0.231,0.312,0.573,0.43,0.482,0.077,0.22,0.282
0.231,0.312,0.573,0.43,0.482,0.077,0.219,0.282
0.231,0.312,0.573,0.43,0.482,0.077,0.22,0.282
0.231,0.312,0.573,0.43,0.482,0.077,0.219,0.282
0.231,0.312,0.572,0.43,0.482,0.077,0.219,0.282
0.231,0.312,0.572,0.429,0.482,0.077,0.219,0.282
0.23,0.312,0.572,0.429,0.481,0.077,0.22,0.282
0.23,0.312,0.572,0.429,0.481,0.077,0.219,0.282
0.23,0.311,0.572,0.429,0.481,0.077,0.219,0.282
0.23,0.311,0.572,0.429,0.481,0.077,0.219,0.281
0.23,0.311,0.572,0.429,0.481,0.076,0.219,0.281
0.23,0.312,0.572,0.428,0.481,0.077,0.219,0.281
0.23,0.311,0.571,0.428,0.481,0.076,0.219,0.281
0.23,0.311,0.571,0.428,0.48,0.077,0.219,0.281
0.23,0.311,0.571,0.428,0.48,0.077,0.219,0.281
0.23,0.311,0.571,0.428,0.48,0.076,0.219,0.281
0.23,0.311,0.571,0.428,0.48,0.077,0.219,0.281
0.23,0.311,0.57,0.428,0.48,0.077,0.219,0.281
0.229,0.311,0.57,0.427,0.48,0.076,0.219,0.281
0.229,0.311,0.57,0.427,0.479,0.077,0.219,0.281
0.229,0.311,0.57,0.427,0.479,0.077,0.219,0.28
0.229,0.311,0.57,0.427,0.479,0.076,0.219,0.28
0.229,0.311,0.57,0.427,0.479,0.076,0.219,0.28
0.229,0.311,0.57,0.427,0.479,0.076,0.219,0.28
0.229,0.311,0.569,0.427,0.479,0.076,0.219,0.28
0.229,0.311,0.569,0.427,0.479,0.076,0.219,0.28
0.229,0.311,0.569,0.426,0.479,0.076,0.219,0.28
0.229,0.31,0.569,0.426,0.478,0.076,0.219,0.28
0.229,0.31,0.569,0.426,0.478,0.076,0.219,0.28
0.229,0.31,0.569,0.426,0.478,0.076,0.219,0.28
0.229,0.31,0.568,0.426,0.478,0.076,0.219,0.28
0.229,0.31,0.568,0.426,0.478,0.076,0.218,0.28
0.229,0.31,0.568,0.426,0.478,0.076,0.218,0.28
0.228,0.31,0.568,0.426,0.478,0.076,0.219,0.279
0.228,0.31,0.568,0.426,0.478,0.076,0.218,0.279
0.228,0.31,0.568,0.426,0.478,0.076,0.218,0.279
0.228,0.31,0.567,0.426,0.477,0.076,0.218,0.279
0.228,0.31,0.568,0.425,0.477,0.076,0.218,0.279
0.228,0.31,0.567,0.425,0.477,0.076,0.218,0.279
0.228,0.309,0.567,0.425,0.477,0.076,0.218,0.279
0.228,0.309,0.567,0.425,0.477,0.076,0.218,0.279
0.228,0.309,0.567,0.425,0.477,0.076,0.218,0.279
0.228,0.309,0.567,0.425,0.477,0.076,0.218,0.279
0.228,0.309,0.567,0.425,0.476,0.076,0.218,0.278
0.228,0.309,0.567,0.425,0.476,0.076,0.218,0.278
0.227,0.309,0.566,0.425,0.476,0.076,0.218,0.278
0.227,0.309,0.566,0.425,0.476,0.076,0.218,0.278
0.227,0.309,0.566,0.424,0.476,0.076,0.218,0.278
0.227,0.309,0.566,0.424,0.476,0.076,0.218,0.278
0.227,0.309,0.566,0.424,0.475,0.076,0.218,0.278
0.227,0.309,0.566,0.424,0.475,0.076,0.218,0.278
0.227,0.309,0.566,0.424,0.475,0.076,0.218,0.278
0.227,0.308,0.565,0.424,0.475,0.076,0.218,0.278
0.227,0.308,0.565,0.424,0.475,0.076,0.218,0.278
0.227,0.308,0.565,0.424,0.475,0.076,0.218,0.277
0.227,0.308,0.565,0.424,0.475,0.076,0.218,0.277
0.226,0.308,0.565,0.423,0.474,0.076,0.218,0.277
0.227,0.308,0.565,0.423,0.474,0.076,0.218,0.277
0.226,0.308,0.564,0.423,0.474,0.076,0.218,0.277
0.226,0.308,0.564,0.423,0.474,0.076,0.218,0.277
0.226,0.308,0.564,0.423,0.474,0.076,0.217,0.277
0.226,0.308,0.564,0.423,0.474,0.076,0.217,0.277
0.226,0.307,0.564,0.423,0.473,0.076,0.217,0.277
0.226,0.307,0.564,0.423,0.473,0.076,0.217,0.277
0.226,0.307,0.563,0.422,0.473,0.076,0.217,0.277
0.226,0.307,0.563,0.422,0.473,0.076,0.217,0.276
0.226,0.307,0.563,0.422,0.473,0.076,0.217,0.276
0.226,0.307,0.563,0.422,0.473,0.076,0.217,0.276
0.225,0.307,0.563,0.422,0.473,0.076,0.217,0.276
0.225,0.307,0.563,0.422,0.472,0.076,0.217,0.276
0.225,0.307,0.563,0.422,0.472,0.076,0.217,0.276
0.225,0.307,0.562,0.421,0.472,0.076,0.217,0.276
0.225,0.307,0.562,0.421,0.472,0.076,0.217,0.276
0.225,0.307,0.562,0.421,0.472,0.076,0.217,0.276
0.225,0.307,0.562,0.421,0.472,0.076,0.217,0.276
0.225,0.306,0.562,0.421,0.471,0.076,0.217,0.276
0.225,0.307,0.562,0.421,0.471,0.076,0.217,0.276
0.225,0.306,0.561,0.421,0.471,0.076,0.217,0.276
0.225,0.306,0.561,0.421,0.471,0.076,0.217,0.276
0.225,0.306,0.561,0.421,0.471,0.076,0.217,0.275
0.225,0.306,0.561,0.42,0.471,0.076,0.217,0.275
0.225,0.306,0.561,0.42,0.47,0.076,0.217,0.275
0.225,0.306,0.561,0.42,0.47,0.076,0.217,0.275
0.224,0.306,0.561,0.42,0.47,0.076,0.217,0.275
0.224,0.306,0.561,0.42,0.47,0.076,0.217,0.275
0.224,0.305,0.56,0.42,0.47,0.076,0.217,0.275
0.224,0.305,0.56,0.419,0.47,0.076,0.217,0.275
0.224,0.306,0.56,0.419,0.47,0.076,0.217,0.275
0.224,0.306,0.56,0.419,0.469,0.076,0.216,0.275
0.224,0.305,0.56,0.419,0.47,0.076,0.217,0.275
0.224,0.305,0.56,0.419,0.469,0.076,0.216,0.275
0.224,0.305,0.559,0.419,0.469,0.076,0.216,0.275
0.224,0.305,0.559,0.419,0.469,0.076,0.216,0.274
0.224,0.305,0.559,0.419,0.469,0.076,0.217,0.274
0.224,0.305,0.559,0.419,0.469,0.076,0.216,0.274
0.224,0.305,0.559,0.418,0.469,0.075,0.216,0.274
0.224,0.305,0.559,0.418,0.469,0.076,0.216,0.274
0.223,0.305,0.559,0.418,0.469,0.076,0.216,0.274
0.224,0.305,0.558,0.418,0.469,0.076,0.216,0.274
0.223,0.305,0.558,0.418,0.468,0.076,0.216,0.274
0.223,0.304,0.558,0.418,0.468,0.076,0.216,0.274
0.223,0.304,0.558,0.418,0.468,0.076,0.216,0.274
0.223,0.305,0.558,0.418,0.468,0.075,0.216,0.274
0.223,0.304,0.558,0.418,0.468,0.076,0.216,0.274
0.223,0.304,0.558,0.418,0.468,0.075,0.216,0.273
0.223,0.304,0.558,0.417,0.468,0.075,0.216,0.273
0.223,0.304,0.557,0.417,0.467,0.075,0.216,0.273
0.223,0.304,0.557,0.417,0.467,0.075,0.216,0.273
0.223,0.304,0.557,0.417,0.467,0.075,0.216,0.273
0.223,0.304,0.557,0.417,0.467,0.075,0.216,0.273
0.223,0.304,0.557,0.417,0.467,0.075,0.216,0.273
0.222,0.304,0.557,0.417,0.467,0.076,0.216,0.273
0.222,0.304,0.557,0.417,0.467,0.075,0.216,0.273
0.222,0.304,0.556,0.416,0.467,0.075,0.216,0.273
0.222,0.304,0.556,0.416,0.467,0.075,0.216,0.273
0.222,0.304,0.556,0.416,0.466,0.075,0.216,0.273
0.222,0.304,0.556,0.416,0.466,0.075,0.216,0.273
0.222,0.304,0.556,0.416,0.466,0.075,0.216,0.273
0.222,0.304,0.556,0.416,0.466,0.075,0.215,0.272
0.222,0.304,0.556,0.416,0.466,0.075,0.215,0.273
0.222,0.303,0.555,0.416,0.466,0.075,0.215,0.273
0.222,0.303,0.555,0.416,0.466,0.075,0.215,0.272
0.222,0.303,0.555,0.416,0.466,0.075,0.215,0.272
0.222,0.303,0.555,0.415,0.466,0.075,0.215,0.272
0.222,0.303,0.555,0.416,0.466,0.075,0.215,0.272
0.222,0.303,0.555,0.415,0.465,0.075,0.215,0.272
0.222,0.303,0.555,0.415,0.465,0.075,0.215,0.272
0.221,0.303,0.555,0.415,0.465,0.075,0.215,0.272
0.221,0.303,0.554,0.415,0.465,0.075,0.215,0.272
0.221,0.303,0.554,0.415,0.465,0.075,0.215,0.272
0.221,0.303,0.554,0.415,0.465,0.075,0.215,0.272
0.221,0.303,0.554,0.415,0.465,0.075,0.215,0.272
0.221,0.302,0.554,0.415,0.465,0.075,0.215,0.272
0.221,0.302,0.554,0.415,0.465,0.075,0.215,0.272
0.221,0.302,0.553,0.414,0.464,0.075,0.215,0.272
0.221,0.302,0.553,0.414,0.464,0.075,0.215,0.272
0.221,0.302,0.553,0.414,0.464,0.075,0.215,0.271
0.221,0.302,0.553,0.414,0.464,0.075,0.215,0.271
0.221,0.302,0.553,0.414,0.464,0.075,0.215,0.271
0.221,0.302,0.553,0.414,0.464,0.075,0.215,0.271
0.22,0.302,0.553,0.414,0.464,0.075,0.215,0.271
0.221,0.302,0.552,0.414,0.463,0.075,0.215,0.271
0.22,0.302,0.553,0.413,0.463,0.075,0.215,0.271
0.22,0.302,0.552,0.413,0.463,0.075,0.215,0.271
0.22,0.302,0.552,0.413,0.463,0.075,0.214,0.271
0.22,0.302,0.552,0.413,0.463,0.075,0.215,0.271
0.22,0.302,0.552,0.413,0.463,0.075,0.214,0.271
0.22,0.302,0.552,0.413,0.463,0.075,0.214,0.27
0.22,0.302,0.552,0.413,0.463,0.075,0.214,0.271
0.22,0.302,0.551,0.413,0.462,0.075,0.215,0.271
0.22,0.302,0.551,0.412,0.462,0.075,0.215,0.271
0.22,0.301,0.551,0.413,0.462,0.075,0.214,0.27
0.22,0.301,0.551,0.412,0.462,0.075,0.214,0.27
0.22,0.301,0.551,0.412,0.462,0.075,0.214,0.27
0.22,0.301,0.551,0.412,0.462,0.075,0.214,0.27
0.22,0.301,0.551,0.412,0.462,0.075,0.214,0.27
0.22,0.301,0.551,0.412,0.462,0.075,0.214,0.27
0.219,0.301,0.551,0.412,0.461,0.075,0.214,0.27
0.219,0.301,0.55,0.412,0.461,0.075,0.214,0.27
0.219,0.301,0.55,0.412,0.461,0.075,0.214,0.27
0.219,0.301,0.55,0.411,0.461,0.075,0.214,0.27
0.219,0.301,0.55,0.411,0.461,0.075,0.214,0.27
0.219,0.3,0.55,0.411,0.461,0.075,0.214,0.27
0.219,0.301,0.55,0.411,0.461,0.075,0.214,0.269
0.219,0.3,0.549,0.411,0.461,0.075,0.214,0.27
0.219,0.3,0.549,0.411,0.46,0.075,0.214,0.269
0.219,0.301,0.549,0.411,0.46,0.075,0.214,0.269
0.219,0.3,0.549,0.411,0.46,0.075,0.214,0.269
0.219,0.301,0.549,0.41,0.46,0.075,0.214,0.269
0.219,0.3,0.549,0.41,0.46,0.075,0.214,0.269
0.219,0.3,0.549,0.41,0.46,0.075,0.214,0.269
0.219,0.3,0.549,0.41,0.46,0.075,0.214,0.269
0.218,0.3,0.548,0.41,0.459,0.075,0.214,0.269
0.218,0.3,0.548,0.41,0.459,0.075,0.214,0.269
0.218,0.3,0.548,0.41,0.459,0.075,0.214,0.269
0.218,0.3,0.548,0.41,0.459,0.075,0.214,0.269
0.218,0.3,0.548,0.41,0.459,0.075,0.214,0.269
0.218,0.3,0.548,0.41,0.459,0.075,0.214,0.268
0.218,0.3,0.548,0.409,0.459,0.075,0.214,0.268
0.218,0.3,0.547,0.409,0.459,0.075,0.214,0.268
0.218,0.3,0.548,0.409,0.458,0.075,0.214,0.268
0.218,0.3,0.547,0.409,0.458,0.075,0.213,0.268
0.218,0.3,0.547,0.409,0.458,0.075,0.213,0.268
0.218,0.3,0.547,0.409,0.458,0.075,0.213,0.268
0.218,0.299,0.547,0.409,0.458,0.075,0.213,0.268
0.218,0.299,0.547,0.409,0.458,0.075,0.213,0.268
0.218,0.299,0.547,0.409,0.458,0.075,0.213,0.268
0.218,0.299,0.547,0.409,0.458,0.075,0.213,0.268
0.217,0.299,0.547,0.409,0.458,0.075,0.213,0.268
0.217,0.299,0.546,0.408,0.458,0.075,0.213,0.268
0.217,0.299,0.546,0.408,0.457,0.075,0.213,0.268
0.217,0.299,0.546,0.408,0.457,0.075,0.213,0.268
0.217,0.299,0.546,0.408,0.457,0.075,0.213,0.268
0.217,0.299,0.546,0.408,0.457,0.075,0.213,0.268
0.217,0.298,0.546,0.408,0.457,0.075,0.213,0.268
0.217,0.299,0.546,0.408,0.457,0.075,0.213,0.268
0.217,0.299,0.545,0.408,0.457,0.075,0.213,0.268
0.217,0.298,0.545,0.408,0.457,0.075,0.213,0.267
0.217,0.298,0.545,0.408,0.456,0.075,0.213,0.267
0.217,0.298,0.545,0.407,0.456,0.075,0.213,0.267
0.217,0.298,0.545,0.407,0.456,0.075,0.213,0.267
0.217,0.298,0.545,0.407,0.456,0.075,0.213,0.267
0.217,0.298,0.545,0.407,0.456,0.075,0.213,0.267
0.217,0.298,0.544,0.407,0.456,0.075,0.213,0.267
0.217,0.298,0.544,0.407,0.456,0.075,0.213,0.267
0.217,0.298,0.544,0.406,0.456,0.075,0.213,0.267
0.216,0.298,0.544,0.406,0.455,0.075,0.213,0.267
0.216,0.298,0.544,0.406,0.455,0.074,0.213,0.267
0.216,0.298,0.544,0.406,0.455,0.074,0.212,0.267
0.216,0.298,0.544,0.406,0.455,0.074,0.213,0.267
0.216,0.298,0.544,0.406,0.455,0.074,0.213,0.267
0.216,0.298,0.543,0.406,0.455,0.075,0.213,0.267
0.216,0.298,0.543,0.406,0.455,0.074,0.213,0.267
0.216,0.298,0.543,0.406,0.454,0.074,0.213,0.266
0.216,0.298,0.543,0.405,0.455,0.074,0.212,0.266
0.216,0.297,0.543,0.405,0.454,0.074,0.212,0.266
0.216,0.297,0.543,0.405,0.454,0.075,0.212,0.266
0.216,0.297,0.543,0.405,0.454,0.074,0.213,0.266
0.216,0.297,0.543,0.405,0.454,0.074,0.212,0.266
0.216,0.297,0.543,0.405,0.454,0.075,0.212,0.266
0.216,0.297,0.542,0.405,0.454,0.074,0.212,0.266
0.216,0.297,0.542,0.405,0.454,0.074,0.212,0.266
0.216,0.297,0.542,0.405,0.454,0.074,0.212,0.266
0.215,0.297,0.542,0.404,0.453,0.074,0.212,0.266
0.215,0.297,0.542,0.404,0.453,0.074,0.212,0.266
0.215,0.297,0.542,0.404,0.453,0.074,0.212,0.266
0.215,0.296,0.542,0.404,0.453,0.074,0.212,0.265
0.215,0.297,0.541,0.404,0.453,0.074,0.212,0.266
0.215,0.297,0.541,0.404,0.453,0.074,0.212,0.265
0.215,0.296,0.541,0.404,0.453,0.074,0.212,0.265
0.215,0.296,0.541,0.404,0.453,0.074,0.212,0.265
0.215,0.296,0.541,0.404,0.453,0.074,0.212,0.265
0.215,0.296,0.541,0.404,0.452,0.074,0.212,0.265
0.215,0.296,0.541,0.403,0.453,0.074,0.212,0.265
0.215,0.296,0.541,0.403,0.452,0.074,0.212,0.265
0.215,0.296,0.541,0.403,0.452,0.074,0.212,0.265
0.215,0.296,0.54,0.403,0.452,0.074,0.212,0.265
0.215,0.296,0.54,0.403,0.452,0.074,0.212,0.265
0.215,0.296,0.54,0.403,0.452,0.074,0.212,0.265
0.215,0.295,0.54,0.403,0.452,0.074,0.211,0.265
0.214,0.295,0.54,0.403,0.452,0.074,0.212,0.265
0.214,0.295,0.54,0.403,0.452,0.074,0.212,0.265
0.214,0.295,0.54,0.403,0.451,0.074,0.212,0.265
0.214,0.295,0.54,0.402,0.451,0.074,0.211,0.265
0.214,0.295,0.539,0.403,0.451,0.074,0.212,0.264
0.214,0.295,0.539,0.402,0.451,0.074,0.211,0.265
0.214,0.295,0.539,0.402,0.451,0.074,0.212,0.264
0.214,0.295,0.539,0.402,0.451,0.074,0.211,0.264
0.214,0.296,0.539,0.402,0.451,0.074,0.211,0.264
0.214,0.295,0.539,0.402,0.451,0.074,0.212,0.264
0.214,0.295,0.539,0.402,0.45,0.074,0.211,0.264
0.214,0.295,0.538,0.402,0.45,0.074,0.211,0.264
0.214,0.295,0.538,0.402,0.45,0.074,0.211,0.264
0.214,0.295,0.538,0.401,0.45,0.074,0.211,0.264
0.214,0.295,0.538,0.401,0.45,0.074,0.211,0.264
0.214,0.295,0.538,0.401,0.45,0.074,0.211,0.264
0.214,0.295,0.538,0.401,0.45,0.074,0.211,0.264
0.213,0.295,0.538,0.401,0.449,0.074,0.211,0.264
0.214,0.295,0.538,0.401,0.449,0.074,0.211,0.264
0.213,0.295,0.537,0.401,0.449,0.074,0.211,0.264
0.213,0.295,0.537,0.401,0.449,0.074,0.211,0.264
0.213,0.295,0.537,0.4,0.449,0.074,0.211,0.264
0.213,0.295,0.537,0.4,0.449,0.074,0.211,0.263
0.213,0.295,0.537,0.4,0.449,0.074,0.211,0.263
0.213,0.295,0.537,0.4,0.449,0.074,0.211,0.263
0.213,0.294,0.537,0.4,0.448,0.074,0.211,0.263
0.213,0.294,0.536,0.4,0.448,0.074,0.211,0.263
0.213,0.294,0.536,0.4,0.448,0.074,0.211,0.263
0.213,0.294,0.536,0.4,0.448,0.074,0.211,0.263
0.213,0.294,0.536,0.399,0.448,0.074,0.211,0.263
0.213,0.294,0.536,0.399,0.448,0.074,0.211,0.263
0.213,0.294,0.536,0.399,0.448,0.074,0.211,0.263
0.213,0.294,0.536,0.399,0.448,0.074,0.211,0.263
0.213,0.294,0.536,0.399,0.448,0.074,0.21,0.263
0.213,0.294,0.535,0.399,0.448,0.074,0.211,0.263
0.213,0.294,0.535,0.399,0.448,0.074,0.211,0.263
0.212,0.294,0.535,0.399,0.448,0.074,0.211,0.263
0.212,0.294,0.535,0.399,0.448,0.074,0.211,0.263
0.212,0.294,0.535,0.399,0.447,0.074,0.21,0.263
0.212,0.294,0.535,0.398,0.447,0.074,0.211,0.263
0.212,0.294,0.535,0.399,0.447,0.074,0.211,0.263
0.212,0.294,0.535,0.398,0.447,0.074,0.21,0.263
0.212,0.294,0.535,0.398,0.447,0.074,0.21,0.262
0.212,0.294,0.534,0.398,0.447,0.074,0.21,0.263
0.212,0.294,0.534,0.398,0.447,0.074,0.21,0.263
0.212,0.294,0.534,0.398,0.447,0.074,0.21,0.262
0.212,0.294,0.534,0.398,0.447,0.074,0.21,0.262
0.212,0.293,0.534,0.398,0.447,0.074,0.21,0.262
0.212,0.293,0.534,0.398,0.447,0.074,0.21,0.262
0.212,0.293,0.534,0.398,0.446,0.074,0.21,0.262
0.212,0.293,0.534,0.397,0.446,0.074,0.21,0.262
0.212,0.293,0.533,0.397,0.446,0.074,0.21,0.262
0.211,0.293,0.533,0.397,0.446,0.074,0.21,0.262
0.212,0.293,0.533,0.397,0.446,0.074,0.21,0.262
0.211,0.293,0.533,0.397,0.446,0.074,0.21,0.262
0.211,0.293,0.533,0.397,0.446,0.074,0.21,0.262
0.211,0.293,0.533,0.397,0.446,0.074,0.21,0.262
0.211,0.293,0.533,0.397,0.446,0.074,0.21,0.262
0.211,0.293,0.532,0.397,0.445,0.074,0.21,0.262
0.211,0.293,0.532,0.396,0.445,0.074,0.21,0.261
0.211,0.293,0.532,0.396,0.445,0.074,0.21,0.261
0.211,0.293,0.532,0.396,0.445,0.074,0.21,0.261
0.211,0.293,0.532,0.396,0.445,0.074,0.21,0.262
0.211,0.293,0.532,0.396,0.445,0.074,0.21,0.262
0.211,0.292,0.532,0.396,0.445,0.074,0.21,0.261
0.211,0.292,0.531,0.396,0.445,0.074,0.21,0.261
0.211,0.292,0.531,0.396,0.445,0.074,0.21,0.261
0.211,0.292,0.531,0.396,0.445,0.074,0.21,0.261
0.21,0.292,0.531,0.396,0.444,0.074,0.21,0.261
0.211,0.292,0.531,0.395,0.444,0.074,0.21,0.261
0.21,0.292,0.531,0.395,0.444,0.074,0.209,0.261
0.21,0.292,0.531,0.395,0.444,0.074,0.21,0.261
0.21,0.292,0.531,0.395,0.444,0.074,0.21,0.261
0.21,0.292,0.531,0.395,0.444,0.074,0.209,0.261
0.21,0.292,0.53,0.395,0.444,0.074,0.21,0.261
0.21,0.292,0.53,0.395,0.444,0.074,0.209,0.261
0.21,0.292,0.53,0.395,0.444,0.074,0.209,0.261
0.21,0.292,0.53,0.395,0.444,0.074,0.209,0.261
0.21,0.292,0.53,0.394,0.444,0.074,0.209,0.261
0.21,0.292,0.53,0.394,0.443,0.074,0.209,0.261
0.21,0.292,0.529,0.394,0.443,0.074,0.209,0.261
0.21,0.291,0.529,0.394,0.443,0.074,0.209,0.26
0.21,0.292,0.529,0.394,0.443,0.074,0.209,0.26
0.21,0.292,0.529,0.394,0.443,0.074,0.209,0.26
0.21,0.291,0.529,0.394,0.443,0.074,0.209,0.26
0.21,0.291,0.529,0.394,0.443,0.074,0.209,0.26
0.21,0.291,0.529,0.394,0.443,0.074,0.209,0.26
0.21,0.291,0.529,0.394,0.443,0.074,0.209,0.26
0.209,0.291,0.529,0.394,0.443,0.074,0.209,0.26
0.209,0.291,0.528,0.394,0.443,0.074,0.209,0.26
0.209,0.291,0.528,0.393,0.443,0.074,0.209,0.26
0.209,0.291,0.528,0.393,0.442,0.074,0.209,0.26
0.209,0.291,0.528,0.393,0.442,0.074,0.209,0.26
0.209,0.291,0.528,0.393,0.442,0.074,0.209,0.26
0.209,0.291,0.528,0.393,0.442,0.074,0.209,0.26
0.209,0.291,0.528,0.393,0.442,0.074,0.209,0.26
0.209,0.291,0.528,0.393,0.442,0.074,0.209,0.26
0.209,0.291,0.527,0.393,0.442,0.073,0.209,0.26
0.209,0.291,0.527,0.393,0.442,0.074,0.209,0.259
0.209,0.291,0.527,0.392,0.442,0.074,0.209,0.259
0.209,0.29,0.527,0.393,0.442,0.073,0.209,0.259
0.209,0.291,0.527,0.392,0.441,0.074,0.209,0.259
0.208,0.29,0.527,0.392,0.441,0.073,0.209,0.259
0.208,0.29,0.527,0.392,0.441,0.074,0.209,0.259
0.209,0.29,0.527,0.392,0.441,0.073,0.209,0.259
0.208,0.29,0.526,0.392,0.441,0.074,0.209,0.259
0.208,0.29,0.526,0.392,0.441,0.073,0.208,0.259
0.208,0.29,0.526,0.392,0.441,0.073,0.209,0.259
0.208,0.29,0.526,0.392,0.441,0.074,0.208,0.259
0.208,0.29,0.526,0.392,0.44,0.074,0.208,0.259
0.208,0.291,0.526,0.391,0.44,0.074,0.208,0.259
0.208,0.29,0.526,0.391,0.44,0.073,0.208,0.259
0.208,0.29,0.526,0.391,0.44,0.074,0.208,0.259
0.208,0.29,0.525,0.391,0.44,0.073,0.208,0.259
0.208,0.29,0.525,0.391,0.44,0.074,0.209,0.259
0.208,0.29,0.525,0.391,0.44,0.074,0.208,0.259
0.208,0.29,0.525,0.391,0.44,0.073,0.208,0.258
0.208,0.29,0.525,0.391,0.44,0.074,0.208,0.258
0.208,0.29,0.525,0.391,0.44,0.074,0.208,0.258
0.208,0.29,0.525,0.39,0.439,0.074,0.208,0.258
0.208,0.29,0.525,0.39,0.439,0.073,0.208,0.258
0.208,0.29,0.524,0.39,0.439,0.073,0.208,0.258
0.208,0.29,0.524,0.39,0.439,0.073,0.208,0.258
0.208,0.29,0.524,0.39,0.439,0.073,0.208,0.258
0.207,0.29,0.524,0.39,0.439,0.073,0.208,0.258
0.207,0.29,0.524,0.39,0.439,0.074,0.208,0.258
0.207,0.29,0.524,0.39,0.439,0.073,0.208,0.258
0.207,0.29,0.524,0.39,0.439,0.073,0.208,0.258
0.207,0.29,0.524,0.39,0.439,0.073,0.208,0.258
0.207,0.29,0.523,0.389,0.439,0.073,0.208,0.258
0.207,0.29,0.523,0.389,0.439,0.073,0.208,0.258
0.207,0.289,0.523,0.389,0.438,0.073,0.208,0.258
0.207,0.29,0.523,0.389,0.439,0.073,0.208,0.258
0.207,0.29,0.523,0.389,0.438,0.073,0.208,0.258
0.207,0.289,0.523,0.389,0.438,0.073,0.208,0.258
0.207,0.289,0.523,0.389,0.438,0.074,0.208,0.258
0.207,0.289,0.523,0.389,0.438,0.073,0.208,0.258
0.207,0.289,0.522,0.388,0.438,0.073,0.208,0.258
0.207,0.289,0.523,0.388,0.438,0.073,0.208,0.258
0.207,0.289,0.522,0.388,0.438,0.073,0.208,0.257
0.207,0.289,0.522,0.388,0.438,0.073,0.208,0.257
0.207,0.289,0.522,0.388,0.438,0.073,0.208,0.257
0.206,0.289,0.522,0.388,0.438,0.073,0.207,0.257
0.206,0.289,0.522,0.388,0.437,0.073,0.208,0.257
0.206,0.289,0.522,0.388,0.438,0.073,0.207,0.257
0.206,0.289,0.522,0.388,0.437,0.073,0.208,0.257
0.206,0.289,0.522,0.388,0.437,0.073,0.208,0.257
0.206,0.289,0.521,0.388,0.437,0.073,0.208,0.257
0.206,0.289,0.521,0.387,0.437,0.073,0.208,0.257
0.206,0.289,0.521,0.387,0.437,0.073,0.207,0.257
0.206,0.289,0.521,0.387,0.437,0.073,0.207,0.257
0.206,0.289,0.521,0.387,0.437,0.073,0.207,0.257
0.206,0.289,0.521,0.387,0.437,0.073,0.207,0.257
0.206,0.289,0.52,0.387,0.437,0.073,0.207,0.257
0.206,0.288,0.52,0.387,0.437,0.073,0.207,0.257
0.206,0.288,0.52,0.387,0.436,0.073,0.207,0.257
0.206,0.289,0.52,0.387,0.436,0.073,0.207,0.256
0.205,0.289,0.52,0.387,0.436,0.073,0.207,0.257
0.206,0.288,0.52,0.387,0.436,0.073,0.207,0.256
0.206,0.288,0.52,0.387,0.436,0.073,0.207,0.256
0.206,0.288,0.52,0.386,0.436,0.073,0.207,0.256
0.206,0.288,0.519,0.386,0.436,0.073,0.207,0.256
0.205,0.288,0.519,0.386,0.436,0.073,0.207,0.256
0.205,0.288,0.519,0.386,0.436,0.073,0.207,0.256
0.205,0.288,0.519,0.386,0.436,0.073,0.207,0.256
0.205,0.288,0.519,0.386,0.436,0.073,0.207,0.256
0.205,0.288,0.519,0.386,0.436,0.073,0.207,0.256
0.205,0.288,0.519,0.386,0.436,0.073,0.207,0.256
0.205,0.288,0.519,0.386,0.436,0.073,0.207,0.256
0.205,0.288,0.519,0.386,0.436,0.073,0.207,0.256
0.205,0.287,0.518,0.386,0.436,0.073,0.207,0.256
0.205,0.287,0.518,0.386,0.436,0.073,0.207,0.256
0.205,0.287,0.518,0.386,0.436,0.073,0.207,0.256
0.205,0.287,0.518,0.386,0.436,0.073,0.207,0.256
0.205,0.287,0.518,0.386,0.436,0.073,0.207,0.256
0.205,0.287,0.518,0.386,0.436,0.073,0.207,0.256
0.205,0.287,0.518,0.386,0.435,0.073,0.207,0.256
0.205,0.287,0.518,0.386,0.435,0.073,0.207,0.256
0.205,0.287,0.518,0.386,0.435,0.073,0.207,0.256
0.205,0.287,0.518,0.386,0.435,0.073,0.207,0.256
0.204,0.287,0.517,0.386,0.435,0.073,0.207,0.255
0.205,0.287,0.517,0.385,0.435,0.073,0.207,0.255
0.204,0.287,0.517,0.385,0.435,0.073,0.207,0.255
0.204,0.287,0.517,0.385,0.435,0.073,0.206,0.255
0.204,0.287,0.517,0.385,0.435,0.073,0.207,0.255
0.204,0.287,0.517,0.385,0.435,0.073,0.206,0.255
0.204,0.287,0.517,0.385,0.434,0.073,0.207,0.255
0.204,0.286,0.516,0.385,0.434,0.073,0.207,0.255
0.204,0.286,0.516,0.385,0.434,0.073,0.206,0.255
0.204,0.286,0.516,0.385,0.434,0.073,0.206,0.255
0.204,0.286,0.516,0.385,0.434,0.073,0.207,0.255
0.204,0.286,0.516,0.385,0.434,0.073,0.207,0.255
0.204,0.286,0.516,0.384,0.434,0.073,0.206,0.255
0.204,0.286,0.516,0.384,0.434,0.073,0.206,0.255
0.204,0.286,0.516,0.384,0.434,0.073,0.206,0.255
0.204,0.286,0.515,0.384,0.433,0.073,0.206,0.255
0.204,0.286,0.515,0.384,0.433,0.073,0.206,0.255
0.204,0.286,0.515,0.384,0.433,0.073,0.206,0.254
0.203,0.286,0.515,0.384,0.433,0.073,0.206,0.254
0.204,0.286,0.515,0.384,0.433,0.073,0.206,0.254
0.203,0.286,0.515,0.384,0.433,0.073,0.206,0.254
0.204,0.286,0.515,0.384,0.433,0.073,0.206,0.254
0.203,0.286,0.515,0.384,0.433,0.073,0.206,0.254
0.203,0.286,0.515,0.384,0.433,0.073,0.206,0.254
0.203,0.286,0.514,0.384,0.433,0.073,0.206,0.254
0.203,0.286,0.514,0.384,0.433,0.073,0.206,0.254
0.203,0.286,0.514,0.384,0.433,0.073,0.206,0.254
0.203,0.286,0.514,0.383,0.433,0.073,0.206,0.254
0.203,0.286,0.514,0.383,0.432,0.073,0.206,0.254
0.203,0.285,0.514,0.383,0.432,0.073,0.206,0.254
0.203,0.286,0.514,0.383,0.432,0.073,0.206,0.254
0.203,0.285,0.514,0.383,0.432,0.073,0.206,0.254
0.203,0.285,0.514,0.383,0.432,0.073,0.206,0.254
0.203,0.285,0.513,0.383,0.432,0.073,0.206,0.254
0.203,0.285,0.513,0.383,0.432,0.073,0.206,0.254
0.203,0.285,0.513,0.383,0.432,0.073,0.206,0.254
0.203,0.285,0.513,0.383,0.432,0.073,0.206,0.254
0.203,0.285,0.513,0.383,0.431,0.073,0.206,0.253
0.202,0.285,0.513,0.383,0.432,0.073,0.206,0.254
0.203,0.285,0.513,0.383,0.431,0.073,0.206,0.253
0.202,0.285,0.512,0.382,0.431,0.073,0.206,0.253
0.202,0.285,0.513,0.382,0.431,0.073,0.205,0.253
0.202,0.285,0.512,0.382,0.431,0.073,0.206,0.253
0.202,0.285,0.512,0.382,0.431,0.073,0.206,0.253
0.202,0.284,0.512,0.382,0.431,0.073,0.206,0.253
0.202,0.284,0.512,0.382,0.431,0.073,0.206,0.253
0.202,0.284,0.512,0.382,0.431,0.073,0.205,0.253
0.202,0.284,0.512,0.382,0.431,0.073,0.205,0.253
0.202,0.284,0.512,0.382,0.431,0.073,0.206,0.253
0.202,0.284,0.512,0.382,0.431,0.073,0.205,0.253
0.202,0.284,0.512,0.382,0.431,0.073,0.205,0.253
0.202,0.284,0.511,0.382,0.431,0.073,0.205,0.253
0.202,0.284,0.511,0.382,0.43,0.073,0.205,0.253
0.202,0.284,0.511,0.382,0.43,0.073,0.205,0.253
0.202,0.284,0.511,0.382,0.43,0.073,0.205,0.253
0.202,0.284,0.511,0.382,0.43,0.073,0.205,0.253
0.202,0.284,0.511,0.382,0.43,0.073,0.205,0.253
0.202,0.283,0.511,0.382,0.43,0.073,0.205,0.253
0.202,0.284,0.511,0.381,0.43,0.073,0.205,0.252
0.202,0.284,0.511,0.381,0.43,0.073,0.205,0.252
0.202,0.284,0.51,0.381,0.43,0.073,0.205,0.252
0.201,0.283,0.51,0.381,0.43,0.073,0.205,0.252
0.201,0.283,0.51,0.381,0.43,0.073,0.205,0.252
0.201,0.283,0.51,0.381,0.429,0.073,0.205,0.252
0.201,0.283,0.51,0.381,0.429,0.073,0.205,0.252
0.201,0.283,0.51,0.381,0.429,0.073,0.205,0.252
0.201,0.283,0.51,0.381,0.429,0.073,0.205,0.252
0.201,0.284,0.509,0.381,0.429,0.073,0.205,0.252
0.201,0.283,0.51,0.381,0.429,0.073,0.205,0.252
0.201,0.283,0.509,0.381,0.429,0.073,0.205,0.252
0.201,0.283,0.509,0.381,0.429,0.073,0.205,0.252
0.201,0.284,0.509,0.38,0.429,0.073,0.205,0.252
0.201,0.283,0.509,0.38,0.429,0.073,0.205,0.252
0.201,0.283,0.509,0.38,0.428,0.073,0.205,0.252
0.201,0.283,0.509,0.38,0.428,0.073,0.205,0.252
0.201,0.283,0.509,0.38,0.428,0.073,0.205,0.251
0.201,0.284,0.509,0.38,0.428,0.073,0.205,0.252
0.201,0.283,0.509,0.38,0.428,0.073,0.205,0.251
0.201,0.283,0.508,0.38,0.428,0.073,0.205,0.251
0.2,0.283,0.508,0.379,0.428,0.073,0.205,0.251
0.201,0.283,0.508,0.379,0.428,0.073,0.205,0.251
0.201,0.283,0.508,0.379,0.427,0.073,0.205,0.251
0.201,0.283,0.508,0.379,0.427,0.073,0.205,0.251
0.2,0.283,0.508,0.379,0.427,0.073,0.204,0.251
0.2,0.283,0.508,0.379,0.427,0.073,0.204,0.251
0.2,0.283,0.507,0.379,0.427,0.073,0.204,0.251
0.2,0.283,0.507,0.379,0.427,0.073,0.204,0.251
0.2,0.283,0.507,0.379,0.427,0.073,0.204,0.251
0.2,0.283,0.507,0.379,0.427,0.073,0.204,0.251
0.2,0.283,0.507,0.379,0.427,0.073,0.204,0.251
0.2,0.283,0.507,0.378,0.427,0.073,0.204,0.251
0.2,0.283,0.507,0.378,0.427,0.073,0.204,0.251
0.2,0.283,0.507,0.378,0.426,0.073,0.204,0.251
0.2,0.283,0.507,0.378,0.426,0.073,0.204,0.251
0.2,0.283,0.507,0.378,0.426,0.073,0.204,0.251
0.2,0.283,0.506,0.378,0.426,0.073,0.204,0.251
0.2,0.283,0.506,0.378,0.426,0.073,0.204,0.251
0.2,0.283,0.506,0.378,0.426,0.073,0.204,0.251
0.2,0.283,0.506,0.377,0.426,0.073,0.204,0.251
0.2,0.283,0.506,0.377,0.426,0.073,0.204,0.251
0.2,0.283,0.506,0.377,0.426,0.073,0.204,0.251
0.2,0.283,0.506,0.377,0.426,0.073,0.204,0.25
0.2,0.282,0.506,0.377,0.426,0.073,0.204,0.251
0.199,0.283,0.506,0.377,0.426,0.073,0.204,0.25
0.2,0.283,0.505,0.377,0.426,0.073,0.204,0.25
0.199,0.282,0.505,0.377,0.426,0.073,0.204,0.25
0.199,0.282,0.505,0.377,0.425,0.073,0.204,0.25
0.199,0.283,0.505,0.377,0.425,0.072,0.204,0.25
0.199,0.282,0.505,0.376,0.425,0.073,0.204,0.25
0.199,0.282,0.505,0.376,0.425,0.073,0.204,0.25
0.199,0.282,0.505,0.376,0.425,0.073,0.204,0.25
0.199,0.282,0.505,0.376,0.425,0.073,0.204,0.25
0.199,0.282,0.504,0.376,0.425,0.073,0.204,0.25
0.199,0.282,0.504,0.376,0.425,0.073,0.204,0.25
0.199,0.282,0.504,0.376,0.425,0.073,0.204,0.25
0.199,0.282,0.504,0.376,0.425,0.073,0.204,0.25
0.199,0.282,0.504,0.376,0.425,0.073,0.204,0.25
0.199,0.282,0.504,0.376,0.425,0.073,0.204,0.25
0.199,0.282,0.504,0.375,0.425,0.073,0.204,0.25
0.199,0.282,0.504,0.375,0.425,0.072,0.204,0.25
0.199,0.282,0.504,0.375,0.424,0.073,0.204,0.25
0.199,0.282,0.503,0.375,0.425,0.072,0.204,0.25
0.199,0.282,0.503,0.375,0.424,0.073,0.204,0.25
0.199,0.282,0.503,0.375,0.424,0.073,0.203,0.25
0.199,0.282,0.503,0.375,0.424,0.073,0.204,0.25
0.198,0.282,0.503,0.375,0.424,0.073,0.203,0.25
0.199,0.281,0.503,0.375,0.424,0.073,0.203,0.25
0.198,0.281,0.503,0.375,0.424,0.073,0.203,0.25
0.199,0.281,0.503,0.374,0.424,0.072,0.203,0.25
0.198,0.281,0.503,0.374,0.424,0.073,0.203,0.25
0.198,0.281,0.503,0.374,0.424,0.073,0.203,0.25
0.198,0.281,0.502,0.374,0.424,0.073,0.203,0.25
0.198,0.281,0.502,0.374,0.424,0.073,0.203,0.25
0.198,0.281,0.502,0.374,0.424,0.072,0.203,0.249
0.198,0.281,0.502,0.374,0.423,0.073,0.203,0.25
0.198,0.281,0.502,0.374,0.423,0.073,0.203,0.249
0.198,0.281,0.502,0.374,0.423,0.073,0.203,0.249
0.198,0.281,0.502,0.374,0.423,0.073,0.203,0.249
0.198,0.281,0.501,0.374,0.423,0.072,0.203,0.249
0.198,0.281,0.501,0.374,0.423,0.073,0.203,0.249
0.198,0.281,0.501,0.374,0.423,0.073,0.203,0.249
0.198,0.281,0.501,0.373,0.423,0.072,0.203,0.249
0.198,0.281,0.501,0.373,0.423,0.073,0.203,0.249
0.198,0.281,0.501,0.373,0.423,0.073,0.203,0.249
0.198,0.281,0.501,0.373,0.423,0.072,0.203,0.249
0.198,0.281,0.501,0.373,0.423,0.072,0.203,0.249
0.198,0.281,0.501,0.373,0.423,0.072,0.203,0.249
0.198,0.281,0.5,0.373,0.423,0.072,0.203,0.249
0.198,0.28,0.5,0.373,0.422,0.073,0.203,0.249
0.197,0.28,0.5,0.373,0.422,0.072,0.203,0.249
0.197,0.28,0.5,0.373,0.422,0.073,0.203,0.249
0.197,0.28,0.5,0.373,0.422,0.072,0.203,0.249
0.197,0.28,0.5,0.373,0.422,0.073,0.203,0.249
0.197,0.28,0.5,0.373,0.422,0.072,0.203,0.249
0.197,0.28,0.5,0.373,0.422,0.072,0.203,0.249
0.197,0.28,0.5,0.372,0.422,0.072,0.203,0.249
0.197,0.28,0.5,0.372,0.422,0.072,0.203,0.249
0.197,0.28,0.499,0.372,0.422,0.072,0.203,0.249
0.197,0.28,0.499,0.372,0.422,0.072,0.203,0.248
0.197,0.28,0.499,0.372,0.421,0.072,0.203,0.249
0.197,0.28,0.499,0.372,0.422,0.072,0.203,0.248
0.197,0.28,0.499,0.372,0.421,0.073,0.203,0.248
0.197,0.28,0.499,0.372,0.421,0.072,0.203,0.248
0.197,0.28,0.499,0.372,0.421,0.073,0.203,0.248
0.197,0.28,0.499,0.372,0.421,0.072,0.202,0.248
0.197,0.28,0.498,0.372,0.421,0.072,0.202,0.248
0.197,0.28,0.498,0.371,0.421,0.072,0.202,0.248
0.197,0.28,0.498,0.372,0.421,0.073,0.203,0.248
0.197,0.28,0.498,0.371,0.421,0.072,0.202,0.248
0.197,0.279,0.498,0.371,0.421,0.073,0.202,0.248
0.197,0.279,0.498,0.371,0.421,0.072,0.202,0.248
0.197,0.279,0.498,0.371,0.421,0.073,0.202,0.248
0.197,0.279,0.498,0.371,0.421,0.072,0.202,0.248
0.196,0.279,0.498,0.371,0.421,0.072,0.202,0.248
0.196,0.279,0.497,0.371,0.421,0.072,0.202,0.248
0.197,0.279,0.498,0.371,0.421,0.072,0.202,0.248
0.196,0.279,0.497,0.371,0.421,0.072,0.202,0.248
0.196,0.279,0.497,0.371,0.42,0.072,0.202,0.248
0.196,0.279,0.497,0.371,0.42,0.072,0.202,0.248
0.196,0.279,0.497,0.371,0.42,0.073,0.202,0.248
0.196,0.279,0.497,0.371,0.42,0.072,0.202,0.248
0.196,0.279,0.497,0.371,0.42,0.072,0.202,0.248
0.196,0.279,0.497,0.371,0.42,0.073,0.202,0.248
0.196,0.279,0.497,0.371,0.42,0.072,0.202,0.247
0.196,0.279,0.497,0.37,0.42,0.072,0.202,0.247
0.196,0.279,0.497,0.37,0.42,0.072,0.202,0.247
0.196,0.279,0.496,0.371,0.42,0.072,0.202,0.247
0.196,0.279,0.496,0.37,0.42,0.072,0.202,0.247
0.196,0.279,0.496,0.37,0.42,0.072,0.202,0.247
0.196,0.279,0.496,0.37,0.42,0.072,0.202,0.247
0.196,0.279,0.496,0.37,0.42,0.072,0.202,0.247
0.196,0.278,0.496,0.37,0.42,0.072,0.202,0.247
0.196,0.278,0.496,0.37,0.42,0.072,0.202,0.247
0.196,0.278,0.496,0.37,0.419,0.072,0.202,0.247
0.196,0.278,0.496,0.37,0.419,0.072,0.202,0.247
0.195,0.278,0.495,0.37,0.419,0.072,0.202,0.247
0.196,0.278,0.495,0.37,0.419,0.072,0.202,0.247
0.195,0.278,0.495,0.37,0.419,0.072,0.202,0.247
0.196,0.278,0.495,0.37,0.419,0.072,0.202,0.247
0.195,0.278,0.495,0.37,0.419,0.072,0.202,0.247
0.195,0.278,0.495,0.37,0.419,0.072,0.202,0.247
0.195,0.278,0.495,0.37,0.419,0.072,0.202,0.247
0.195,0.278,0.495,0.37,0.419,0.072,0.202,0.247
0.195,0.278,0.495,0.37,0.419,0.072,0.202,0.247
0.195,0.278,0.495,0.37,0.419,0.072,0.202,0.247
0.195,0.278,0.495,0.37,0.419,0.072,0.202,0.247
0.195,0.278,0.495,0.37,0.419,0.072,0.201,0.247
0.195,0.278,0.494,0.37,0.419,0.072,0.201,0.247
0.195,0.278,0.494,0.37,0.418,0.072,0.201,0.247
0.195,0.278,0.494,0.37,0.418,0.072,0.201,0.246
0.195,0.278,0.494,0.37,0.418,0.072,0.201,0.246
0.195,0.278,0.494,0.37,0.418,0.072,0.201,0.246
0.195,0.278,0.494,0.369,0.418,0.072,0.201,0.246
0.195,0.278,0.494,0.369,0.418,0.072,0.201,0.246
0.195,0.278,0.494,0.369,0.418,0.072,0.201,0.246
0.195,0.278,0.493,0.369,0.418,0.072,0.201,0.246
0.195,0.278,0.493,0.369,0.418,0.072,0.201,0.246
0.195,0.278,0.493,0.369,0.417,0.072,0.201,0.246
0.195,0.278,0.493,0.369,0.417,0.072,0.201,0.246
0.195,0.278,0.493,0.369,0.417,0.072,0.201,0.246
0.195,0.278,0.493,0.369,0.417,0.072,0.201,0.246
0.195,0.278,0.493,0.369,0.417,0.072,0.201,0.246
0.195,0.277,0.493,0.369,0.417,0.072,0.201,0.246
0.195,0.277,0.493,0.368,0.417,0.072,0.201,0.246
0.194,0.277,0.493,0.368,0.417,0.072,0.201,0.246
0.194,0.277,0.493,0.368,0.417,0.072,0.201,0.246
0.194,0.277,0.492,0.368,0.417,0.072,0.201,0.246
0.194,0.277,0.492,0.368,0.417,0.072,0.201,0.246
0.194,0.277,0.492,0.368,0.417,0.072,0.201,0.246
0.194,0.277,0.492,0.368,0.417,0.072,0.201,0.246
0.194,0.277,0.492,0.368,0.416,0.072,0.201,0.246
0.194,0.277,0.492,0.368,0.417,0.072,0.201,0.246
0.194,0.277,0.492,0.368,0.416,0.072,0.201,0.246
0.194,0.277,0.492,0.368,0.416,0.072,0.201,0.246
0.194,0.277,0.492,0.367,0.416,0.072,0.201,0.246
0.194,0.277,0.492,0.368,0.416,0.072,0.201,0.246
0.194,0.277,0.492,0.367,0.416,0.072,0.201,0.245
0.194,0.277,0.491,0.367,0.416,0.072,0.201,0.245
0.194,0.277,0.491,0.367,0.416,0.072,0.201,0.246
0.194,0.277,0.491,0.367,0.416,0.072,0.201,0.245
0.194,0.277,0.491,0.367,0.416,0.072,0.201,0.245
0.194,0.277,0.491,0.367,0.416,0.072,0.201,0.246
0.194,0.277,0.491,0.367,0.416,0.072,0.201,0.246
0.194,0.277,0.491,0.367,0.416,0.072,0.201,0.245
0.194,0.277,0.491,0.367,0.416,0.072,0.201,0.245
0.194,0.277,0.491,0.367,0.416,0.072,0.201,0.245
0.194,0.277,0.491,0.367,0.416,0.072,0.201,0.245
0.194,0.277,0.49,0.367,0.416,0.072,0.201,0.245
0.193,0.277,0.49,0.367,0.415,0.072,0.201,0.245
0.193,0.277,0.49,0.366,0.415,0.072,0.2,0.245
0.193,0.277,0.49,0.366,0.415,0.072,0.2,0.245
0.193,0.277,0.49,0.366,0.415,0.072,0.2,0.245
0.193,0.277,0.49,0.366,0.415,0.072,0.201,0.245
0.193,0.277,0.49,0.366,0.415,0.072,0.2,0.245
0.193,0.277,0.49,0.366,0.415,0.072,0.2,0.245
0.193,0.277,0.49,0.366,0.415,0.072,0.2,0.245
0.193,0.277,0.49,0.366,0.415,0.072,0.2,0.245
0.193,0.277,0.489,0.366,0.415,0.072,0.2,0.245
0.193,0.277,0.489,0.366,0.415,0.072,0.2,0.245
0.193,0.277,0.489,0.366,0.415,0.072,0.2,0.245
0.193,0.277,0.489,0.366,0.415,0.072,0.2,0.245
0.193,0.276,0.489,0.365,0.415,0.072,0.2,0.245
0.193,0.276,0.489,0.365,0.414,0.072,0.2,0.245
0.193,0.276,0.489,0.365,0.414,0.072,0.2,0.245
0.193,0.276,0.489,0.365,0.414,0.072,0.2,0.244
0.193,0.276,0.489,0.365,0.414,0.072,0.2,0.245
0.193,0.276,0.488,0.365,0.414,0.072,0.2,0.244
0.193,0.276,0.488,0.365,0.414,0.072,0.2,0.244
0.193,0.276,0.488,0.365,0.414,0.072,0.2,0.244
0.193,0.276,0.488,0.365,0.414,0.072,0.2,0.244
0.192,0.276,0.488,0.365,0.414,0.072,0.2,0.244
0.193,0.276,0.488,0.365,0.414,0.072,0.2,0.244
0.193,0.276,0.488,0.365,0.414,0.072,0.2,0.244
0.193,0.276,0.488,0.365,0.414,0.072,0.2,0.244
0.192,0.276,0.488,0.365,0.414,0.072,0.2,0.244
0.193,0.276,0.487,0.365,0.413,0.072,0.2,0.244
0.192,0.276,0.487,0.365,0.414,0.072,0.2,0.244
0.192,0.276,0.487,0.364,0.413,0.072,0.2,0.244
0.192,0.276,0.487,0.365,0.413,0.072,0.2,0.244
0.192,0.276,0.487,0.364,0.413,0.072,0.2,0.244
0.192,0.276,0.487,0.364,0.413,0.072,0.2,0.244
0.192,0.275,0.487,0.364,0.413,0.072,0.2,0.244
0.192,0.276,0.487,0.364,0.413,0.072,0.2,0.244
0.192,0.276,0.487,0.364,0.413,0.072,0.2,0.244
0.192,0.275,0.487,0.364,0.413,0.072,0.2,0.244
0.192,0.275,0.487,0.364,0.413,0.072,0.2,0.244
0.192,0.276,0.486,0.364,0.413,0.072,0.2,0.244
0.192,0.276,0.486,0.364,0.413,0.072,0.2,0.244
0.192,0.275,0.486,0.364,0.413,0.072,0.2,0.244
0.192,0.276,0.486,0.364,0.412,0.072,0.2,0.244
0.192,0.276,0.486,0.364,0.413,0.072,0.2,0.243
0.192,0.275,0.486,0.364,0.413,0.072,0.2,0.244
0.192,0.276,0.486,0.363,0.412,0.072,0.199,0.244
0.192,0.275,0.486,0.364,0.412,0.072,0.199,0.243
0.192,0.275,0.486,0.363,0.412,0.072,0.199,0.244
0.192,0.275,0.486,0.363,0.412,0.072,0.199,0.243
0.192,0.275,0.486,0.363,0.412,0.072,0.2,0.243
0.192,0.275,0.485,0.363,0.412,0.072,0.199,0.243
0.191,0.275,0.486,0.363,0.412,0.072,0.199,0.243
0.191,0.275,0.485,0.363,0.412,0.072,0.2,0.243
0.191,0.275,0.485,0.363,0.412,0.072,0.199,0.243
0.191,0.275,0.485,0.363,0.412,0.072,0.199,0.243
0.191,0.275,0.485,0.363,0.412,0.072,0.199,0.243
0.191,0.275,0.485,0.363,0.412,0.072,0.199,0.243
0.191,0.275,0.485,0.363,0.412,0.072,0.199,0.243
0.191,0.275,0.485,0.363,0.412,0.072,0.199,0.243
0.191,0.275,0.484,0.362,0.412,0.072,0.199,0.243
0.191,0.275,0.484,0.363,0.411,0.072,0.199,0.243
0.191,0.275,0.484,0.362,0.411,0.072,0.199,0.243
0.191,0.275,0.484,0.362,0.411,0.072,0.199,0.243
0.191,0.275,0.484,0.362,0.411,0.072,0.199,0.243
0.191,0.275,0.484,0.362,0.411,0.072,0.199,0.243
0.191,0.275,0.484,0.362,0.411,0.072,0.199,0.243
0.191,0.275,0.484,0.362,0.411,0.072,0.199,0.243
0.191,0.275,0.484,0.362,0.411,0.072,0.199,0.243
0.191,0.275,0.484,0.362,0.411,0.072,0.199,0.243
0.191,0.275,0.484,0.362,0.411,0.072,0.199,0.243
0.191,0.275,0.484,0.362,0.411,0.072,0.199,0.243
0.191,0.275,0.483,0.362,0.411,0.072,0.199,0.243
0.191,0.275,0.483,0.362,0.411,0.072,0.199,0.243
0.191,0.275,0.483,0.362,0.411,0.072,0.199,0.243
0.191,0.275,0.483,0.362,0.411,0.072,0.199,0.243
0.191,0.275,0.483,0.362,0.411,0.072,0.199,0.243
0.191,0.275,0.483,0.361,0.411,0.072,0.199,0.243
0.191,0.275,0.483,0.362,0.411,0.072,0.199,0.243
0.191,0.275,0.483,0.361,0.411,0.072,0.199,0.242
0.19,0.275,0.483,0.361,0.411,0.072,0.199,0.243
0.191,0.275,0.483,0.361,0.41,0.072,0.199,0.243
0.19,0.275,0.483,0.361,0.411,0.072,0.199,0.243
0.19,0.275,0.482,0.361,0.41,0.072,0.199,0.243
0.19,0.275,0.482,0.361,0.41,0.072,0.199,0.242
0.19,0.275,0.482,0.361,0.41,0.072,0.199,0.243
0.19,0.275,0.482,0.361,0.41,0.072,0.199,0.242
0.19,0.275,0.482,0.361,0.41,0.072,0.199,0.242
0.19,0.275,0.482,0.361,0.41,0.072,0.199,0.242
0.19,0.275,0.482,0.361,0.41,0.072,0.199,0.242
0.19,0.275,0.482,0.361,0.41,0.072,0.199,0.242
0.19,0.275,0.482,0.361,0.41,0.072,0.199,0.242
0.19,0.275,0.482,0.361,0.41,0.072,0.199,0.242
0.19,0.275,0.481,0.361,0.41,0.072,0.199,0.242
0.19,0.275,0.482,0.361,0.41,0.072,0.199,0.242
0.19,0.274,0.481,0.36,0.41,0.072,0.198,0.242
0.19,0.274,0.481,0.36,0.41,0.072,0.199,0.242
0.19,0.274,0.481,0.361,0.41,0.072,0.198,0.242
0.19,0.274,0.481,0.36,0.41,0.072,0.199,0.242
0.19,0.274,0.481,0.36,0.41,0.072,0.198,0.242
0.19,0.274,0.481,0.36,0.409,0.072,0.198,0.242
0.19,0.274,0.481,0.36,0.409,0.072,0.198,0.242
0.19,0.275,0.481,0.36,0.409,0.072,0.198,0.242
0.19,0.274,0.481,0.36,0.409,0.072,0.198,0.242
0.19,0.274,0.481,0.36,0.409,0.072,0.198,0.242
0.189,0.274,0.48,0.36,0.409,0.072,0.198,0.242
0.19,0.274,0.48,0.36,0.409,0.072,0.198,0.242
0.19,0.274,0.48,0.36,0.409,0.072,0.198,0.242
0.189,0.274,0.48,0.36,0.409,0.072,0.198,0.242
0.189,0.274,0.48,0.36,0.409,0.072,0.198,0.242
0.189,0.274,0.48,0.36,0.409,0.072,0.198,0.242
0.189,0.274,0.48,0.36,0.409,0.072,0.198,0.241
0.189,0.274,0.48,0.36,0.409,0.072,0.198,0.241
0.189,0.274,0.48,0.36,0.409,0.072,0.198,0.241
0.189,0.274,0.48,0.36,0.409,0.072,0.198,0.241
0.189,0.274,0.48,0.36,0.408,0.072,0.198,0.242
0.189,0.274,0.479,0.36,0.408,0.072,0.198,0.241
0.189,0.274,0.479,0.36,0.408,0.072,0.198,0.241
0.189,0.274,0.479,0.359,0.409,0.072,0.198,0.241
0.189,0.274,0.479,0.359,0.408,0.072,0.198,0.241
0.189,0.274,0.479,0.359,0.408,0.072,0.198,0.241
0.189,0.274,0.479,0.359,0.408,0.072,0.198,0.241
0.189,0.274,0.479,0.359,0.408,0.072,0.198,0.241
0.189,0.274,0.479,0.359,0.408,0.072,0.198,0.241
0.189,0.274,0.479,0.359,0.408,0.072,0.198,0.241
0.189,0.274,0.479,0.359,0.408,0.072,0.198,0.241
0.189,0.274,0.478,0.359,0.408,0.072,0.198,0.241
0.189,0.274,0.478,0.359,0.408,0.072,0.198,0.241
0.189,0.274,0.478,0.359,0.408,0.072,0.198,0.241
0.189,0.274,0.478,0.359,0.408,0.072,0.198,0.241
0.189,0.274,0.478,0.359,0.408,0.072,0.198,0.241
0.189,0.274,0.478,0.359,0.407,0.072,0.198,0.241
0.189,0.274,0.478,0.358,0.407,0.072,0.198,0.241
0.189,0.274,0.478,0.358,0.407,0.072,0.198,0.241
0.189,0.273,0.478,0.358,0.407,0.072,0.198,0.241
0.189,0.273,0.478,0.358,0.407,0.072,0.198,0.241
0.189,0.274,0.478,0.358,0.407,0.072,0.198,0.241
0.188,0.273,0.477,0.358,0.407,0.072,0.198,0.241
0.188,0.273,0.477,0.358,0.407,0.072,0.198,0.241
0.188,0.273,0.477,0.358,0.407,0.072,0.198,0.241
0.188,0.273,0.477,0.358,0.407,0.072,0.198,0.241
0.188,0.273,0.477,0.358,0.407,0.072,0.197,0.241
0.188,0.273,0.477,0.358,0.407,0.072,0.198,0.241
0.188,0.273,0.477,0.358,0.407,0.072,0.198,0.24
0.188,0.273,0.477,0.358,0.407,0.072,0.198,0.24
0.188,0.273,0.477,0.358,0.407,0.072,0.197,0.24
0.188,0.273,0.477,0.358,0.407,0.072,0.197,0.24
0.188,0.273,0.476,0.358,0.407,0.072,0.197,0.24
0.188,0.273,0.476,0.358,0.407,0.072,0.197,0.24
0.188,0.273,0.476,0.357,0.406,0.072,0.197,0.24
0.188,0.273,0.476,0.357,0.406,0.072,0.197,0.24
0.188,0.273,0.476,0.357,0.406,0.072,0.197,0.24
0.188,0.273,0.476,0.357,0.406,0.072,0.197,0.24
0.188,0.273,0.476,0.357,0.406,0.072,0.197,0.24
0.188,0.273,0.476,0.357,0.406,0.072,0.197,0.24
0.188,0.273,0.476,0.357,0.406,0.072,0.197,0.24
0.188,0.273,0.476,0.357,0.406,0.072,0.197,0.24
0.188,0.273,0.476,0.357,0.406,0.072,0.197,0.24
0.188,0.272,0.476,0.357,0.406,0.072,0.197,0.24
0.188,0.273,0.475,0.357,0.406,0.072,0.197,0.24
0.188,0.272,0.475,0.357,0.406,0.072,0.197,0.24
0.188,0.273,0.475,0.357,0.406,0.072,0.197,0.24
0.188,0.272,0.475,0.357,0.406,0.072,0.197,0.24
0.187,0.272,0.475,0.357,0.406,0.072,0.197,0.24
0.188,0.272,0.475,0.357,0.405,0.072,0.197,0.24
0.187,0.272,0.475,0.357,0.406,0.072,0.197,0.24
0.187,0.272,0.475,0.357,0.405,0.072,0.197,0.24
0.188,0.272,0.475,0.356,0.405,0.072,0.197,0.24
0.187,0.272,0.475,0.356,0.405,0.072,0.197,0.24
0.187,0.272,0.475,0.356,0.405,0.072,0.197,0.24
0.187,0.272,0.475,0.356,0.405,0.072,0.197,0.239
0.187,0.272,0.474,0.356,0.405,0.072,0.197,0.239
0.187,0.272,0.474,0.356,0.405,0.072,0.197,0.239
0.187,0.272,0.474,0.356,0.405,0.072,0.197,0.239
0.187,0.272,0.474,0.356,0.405,0.072,0.197,0.239
0.187,0.272,0.474,0.356,0.405,0.072,0.197,0.239
0.187,0.272,0.474,0.356,0.405,0.072,0.197,0.239
0.187,0.272,0.474,0.356,0.405,0.072,0.197,0.239
0.187,0.272,0.474,0.356,0.405,0.072,0.197,0.239
0.187,0.272,0.474,0.356,0.405,0.072,0.197,0.239
0.187,0.272,0.474,0.356,0.404,0.072,0.197,0.239
0.187,0.272,0.474,0.355,0.404,0.072,0.197,0.239
0.187,0.272,0.473,0.355,0.404,0.072,0.197,0.239
0.187,0.272,0.473,0.355,0.404,0.072,0.197,0.239
0.187,0.272,0.473,0.355,0.404,0.072,0.197,0.239
0.187,0.272,0.473,0.355,0.404,0.072,0.197,0.239
0.187,0.272,0.473,0.355,0.404,0.072,0.197,0.239
0.187,0.272,0.473,0.355,0.404,0.072,0.197,0.239
0.187,0.272,0.473,0.355,0.404,0.072,0.197,0.239
0.187,0.272,0.473,0.355,0.404,0.071,0.197,0.239
0.187,0.272,0.473,0.355,0.404,0.071,0.197,0.239
0.187,0.272,0.473,0.355,0.404,0.072,0.197,0.239
0.187,0.272,0.472,0.355,0.404,0.072,0.196,0.239
0.187,0.272,0.472,0.355,0.404,0.072,0.197,0.239
0.186,0.272,0.472,0.355,0.404,0.071,0.196,0.239
0.187,0.272,0.472,0.355,0.404,0.072,0.197,0.239
0.187,0.272,0.472,0.355,0.404,0.072,0.196,0.239
0.186,0.272,0.472,0.355,0.404,0.072,0.196,0.239
0.186,0.271,0.472,0.355,0.404,0.072,0.197,0.239
0.186,0.271,0.472,0.354,0.404,0.071,0.196,0.239
0.186,0.271,0.472,0.355,0.404,0.072,0.196,0.239
0.186,0.271,0.472,0.355,0.404,0.072,0.196,0.239
0.186,0.271,0.472,0.354,0.404,0.072,0.197,0.239
0.186,0.271,0.472,0.354,0.404,0.071,0.196,0.239
0.186,0.271,0.471,0.354,0.404,0.071,0.196,0.238
0.186,0.271,0.471,0.354,0.404,0.072,0.196,0.238
0.186,0.271,0.471,0.354,0.403,0.072,0.196,0.239
0.186,0.271,0.471,0.354,0.403,0.072,0.196,0.238
0.186,0.271,0.471,0.354,0.403,0.071,0.196,0.238
0.186,0.271,0.471,0.354,0.403,0.071,0.196,0.238
0.186,0.271,0.471,0.354,0.403,0.072,0.196,0.238
0.186,0.271,0.471,0.354,0.403,0.072,0.196,0.238
0.186,0.271,0.471,0.354,0.403,0.071,0.196,0.238
0.186,0.271,0.471,0.354,0.403,0.072,0.196,0.238
0.186,0.271,0.471,0.354,0.403,0.072,0.196,0.238
0.186,0.271,0.471,0.354,0.403,0.072,0.196,0.238
0.186,0.271,0.471,0.354,0.403,0.071,0.196,0.238
0.186,0.271,0.47,0.354,0.403,0.071,0.196,0.238
0.186,0.271,0.47,0.354,0.403,0.071,0.196,0.238
0.186,0.271,0.47,0.354,0.403,0.071,0.196,0.238
0.186,0.271,0.47,0.354,0.403,0.071,0.196,0.238
0.186,0.271,0.47,0.354,0.402,0.071,0.196,0.238
0.186,0.271,0.47,0.354,0.402,0.071,0.196,0.238
0.186,0.271,0.47,0.354,0.402,0.071,0.196,0.238
0.186,0.271,0.47,0.354,0.402,0.071,0.196,0.238
0.185,0.271,0.47,0.353,0.402,0.071,0.196,0.238
0.185,0.271,0.47,0.353,0.402,0.072,0.196,0.238
0.185,0.271,0.47,0.353,0.402,0.071,0.196,0.238
0.185,0.271,0.469,0.353,0.402,0.071,0.196,0.238
0.185,0.271,0.469,0.353,0.402,0.071,0.196,0.238
0.185,0.271,0.469,0.353,0.402,0.072,0.196,0.238
0.185,0.271,0.469,0.353,0.402,0.071,0.196,0.238
0.185,0.271,0.469,0.353,0.402,0.072,0.196,0.238
0.185,0.271,0.469,0.353,0.402,0.071,0.196,0.238
0.185,0.27,0.469,0.353,0.402,0.071,0.196,0.238
0.185,0.27,0.469,0.353,0.402,0.072,0.196,0.238
0.185,0.27,0.469,0.353,0.402,0.071,0.196,0.238
0.185,0.27,0.469,0.353,0.402,0.072,0.196,0.237
0.185,0.27,0.468,0.353,0.401,0.071,0.196,0.237
0.185,0.27,0.469,0.353,0.401,0.072,0.196,0.237
0.185,0.27,0.468,0.353,0.401,0.071,0.196,0.237
0.185,0.27,0.468,0.353,0.401,0.071,0.196,0.237
0.185,0.27,0.468,0.353,0.401,0.071,0.196,0.237
0.185,0.27,0.468,0.353,0.401,0.071,0.195,0.237
0.185,0.27,0.468,0.352,0.401,0.071,0.195,0.237
0.185,0.27,0.468,0.353,0.401,0.071,0.196,0.237
0.185,0.27,0.468,0.352,0.401,0.072,0.196,0.237
0.185,0.27,0.468,0.352,0.401,0.071,0.195,0.237
0.185,0.27,0.468,0.353,0.401,0.072,0.196,0.237
0.185,0.27,0.468,0.352,0.401,0.071,0.196,0.237
0.185,0.27,0.468,0.352,0.401,0.072,0.195,0.237
0.185,0.27,0.467,0.352,0.401,0.071,0.195,0.237
0.185,0.27,0.468,0.352,0.401,0.071,0.195,0.237
0.184,0.27,0.467,0.352,0.401,0.071,0.195,0.237
0.184,0.27,0.467,0.352,0.4,0.071,0.195,0.237
0.184,0.27,0.467,0.352,0.4,0.071,0.195,0.237
0.185,0.27,0.467,0.352,0.4,0.071,0.195,0.237
0.184,0.27,0.467,0.352,0.4,0.071,0.195,0.237
0.184,0.27,0.467,0.352,0.4,0.071,0.195,0.237
0.184,0.27,0.467,0.352,0.4,0.071,0.195,0.236
0.184,0.27,0.467,0.352,0.4,0.071,0.195,0.236
0.184,0.269,0.467,0.352,0.4,0.071,0.195,0.236
0.184,0.269,0.467,0.352,0.4,0.071,0.195,0.236
0.184,0.27,0.466,0.352,0.4,0.071,0.195,0.236
0.184,0.269,0.466,0.352,0.4,0.071,0.195,0.236
0.184,0.269,0.466,0.352,0.4,0.071,0.195,0.236
0.184,0.269,0.466,0.352,0.4,0.071,0.195,0.237
0.184,0.269,0.466,0.352,0.4,0.071,0.195,0.236
0.184,0.269,0.466,0.352,0.4,0.071,0.195,0.236
0.184,0.269,0.466,0.351,0.4,0.071,0.195,0.236
0.184,0.269,0.466,0.351,0.4,0.071,0.195,0.236
0.184,0.269,0.466,0.351,0.4,0.071,0.195,0.236
0.184,0.269,0.466,0.351,0.4,0.071,0.195,0.236
0.184,0.269,0.466,0.351,0.4,0.071,0.195,0.236
0.184,0.269,0.465,0.351,0.4,0.071,0.195,0.236
0.184,0.269,0.465,0.351,0.399,0.071,0.195,0.236
0.184,0.269,0.465,0.351,0.399,0.071,0.195,0.236
0.184,0.269,0.465,0.351,0.399,0.071,0.195,0.236
0.184,0.269,0.465,0.351,0.399,0.071,0.195,0.236
0.184,0.269,0.465,0.351,0.399,0.071,0.195,0.236
0.183,0.269,0.465,0.351,0.399,0.071,0.195,0.236
0.184,0.269,0.465,0.351,0.399,0.071,0.195,0.236
0.184,0.269,0.465,0.351,0.399,0.071,0.195,0.236
0.184,0.269,0.465,0.351,0.399,0.071,0.195,0.236
0.183,0.268,0.465,0.351,0.399,0.071,0.195,0.236
0.184,0.269,0.464,0.351,0.399,0.071,0.195,0.236
0.183,0.269,0.464,0.351,0.399,0.071,0.195,0.236
0.183,0.269,0.464,0.351,0.399,0.071,0.195,0.236
0.183,0.268,0.464,0.35,0.399,0.071,0.195,0.236
0.183,0.269,0.464,0.35,0.399,0.071,0.195,0.236
0.183,0.268,0.464,0.35,0.398,0.071,0.195,0.236
0.183,0.269,0.464,0.351,0.398,0.071,0.195,0.236
0.183,0.269,0.464,0.35,0.398,0.071,0.194,0.236
0.183,0.269,0.464,0.35,0.398,0.071,0.195,0.236
0.183,0.269,0.464,0.35,0.398,0.071,0.195,0.236
0.183,0.268,0.464,0.35,0.398,0.071,0.195,0.236
0.183,0.268,0.464,0.35,0.398,0.071,0.194,0.236
0.183,0.269,0.464,0.35,0.398,0.071,0.195,0.236
0.183,0.268,0.464,0.35,0.398,0.071,0.195,0.236
0.183,0.269,0.463,0.35,0.398,0.071,0.195,0.235
0.183,0.268,0.463,0.35,0.398,0.071,0.195,0.236
0.183,0.269,0.463,0.35,0.398,0.071,0.194,0.236
0.183,0.269,0.463,0.35,0.398,0.071,0.194,0.236
0.183,0.268,0.463,0.35,0.398,0.071,0.194,0.236
0.183,0.268,0.463,0.35,0.398,0.071,0.194,0.235
0.183,0.269,0.463,0.35,0.398,0.071,0.194,0.235
0.183,0.269,0.463,0.35,0.398,0.071,0.194,0.235
0.183,0.269,0.463,0.35,0.398,0.071,0.194,0.235
0.183,0.269,0.463,0.35,0.398,0.071,0.194,0.235
0.183,0.269,0.463,0.35,0.398,0.071,0.194,0.235
0.183,0.269,0.463,0.35,0.398,0.071,0.194,0.235
0.183,0.269,0.463,0.35,0.398,0.071,0.194,0.235
0.183,0.269,0.463,0.35,0.398,0.071,0.194,0.235
0.183,0.269,0.463,0.35,0.398,0.071,0.194,0.235
0.183,0.269,0.463,0.35,0.398,0.071,0.194,0.235
0.183,0.269,0.463,0.35,0.398,0.071,0.194,0.235
0.183,0.269,0.463,0.35,0.398,0.071,0.194,0.235
0.183,0.269,0.463,0.35,0.398,0.071,0.194,0.235
0.183,0.269,0.463,0.35,0.398,0.071,0.194,0.235
0.183,0.269,0.463,0.35,0.398,0.071,0.194,0.235
0.183,0.269,0.463,0.35,0.398,0.071,0.194,0.235
0.183,0.269,0.463,0.35,0.398,0.071,0.194,0.235
0.183,0.269,0.463,0.35,0.398,0.071,0.194,0.235
0.183,0.269,0.463,0.35,0.398,0.071,0.194,0.235
0.183,0.269,0.463,0.35,0.398,0.071,0.194,0.235
0.183,0.269,0.463,0.35,0.398,0.071,0.194,0.235
0.183,0.269,0.463,0.35,0.398,0.071,0.194,0.235
0.183,0.269,0.463,0.35,0.398,0.071,0.194,0.235
0.183,0.269,0.463,0.35,0.398,0.071,0.194,0.235
0.183,0.269,0.463,0.35,0.398,0.071,0.194,0.235
0.183,0.269,0.463,0.35,0.398,0.071,0.194,0.235
0.183,0.269,0.463,0.35,0.398,0.071,0.194,0.235
0.183,0.269,0.463,0.35,0.398,0.071,0.194,0.235
0.183,0.269,0.463,0.35,0.398,0.071,0.194,0.235
0.183,0.269,0.463,0.35,0.398,0.071,0.194,0.235
0.183,0.269,0.463,0.35,0.398,0.071,0.194,0.235
0.183,0.269,0.463,0.35,0.398,0.071,0.194,0.235
0.183,0.269,0.463,0.35,0.398,0.071,0.194,0.235
0.183,0.269,0.463,0.35,0.398,0.071,0.194,0.235
0.183,0.269,0.463,0.35,0.398,0.071,0.194,0.235
0.183,0.269,0.463,0.35,0.398,0.071,0.194,0.235
0.183,0.269,0.463,0.35,0.398,0.071,0.194,0.235
0.183,0.269,0.463,0.35,0.398,0.071,0.194,0.235
0.183,0.269,0.463,0.35,0.398,0.071,0.194,0.235
0.183,0.269,0.463,0.35,0.398,0.071,0.194,0.235
0.183,0.269,0.463,0.35,0.398,0.071,0.194,0.235
0.183,0.269,0.463,0.35,0.398,0.071,0.194,0.235
0.183,0.269,0.463,0.35,0.398,0.071,0.194,0.235
0.183,0.269,0.463,0.35,0.398,0.071,0.194,0.235
0.183,0.269,0.463,0.35,0.398,0.071,0.194,0.235
0.183,0.269,0.463,0.35,0.398,0.071,0.194,0.235
0.183,0.269,0.463,0.35,0.398,0.071,0.194,0.235
0.183,0.269,0.463,0.35,0.398,0.071,0.194,0.235
0.183,0.269,0.463,0.35,0.398,0.071,0.194,0.235
0.183,0.269,0.463,0.35,0.398,0.071,0.194,0.235
0.183,0.269,0.463,0.35,0.398,0.071,0.194,0.235
0.183,0.269,0.463,0.35,0.398,0.071,0.194,0.235
0.183,0.269,0.463,0.35,0.398,0.071,0.194,0.235
0.183,0.269,0.463,0.35,0.398,0.071,0.194,0.235
0.183,0.269,0.463,0.35,0.398,0.071,0.194,0.235
0.183,0.269,0.463,0.35,0.398,0.071,0.194,0.235
0.183,0.269,0.463,0.35,0.398,0.071,0.194,0.235
0.183,0.269,0.463,0.35,0.398,0.071,0.194,0.235
0.183,0.269,0.463,0.35,0.398,0.071,0.194,0.235
0.183,0.269,0.463,0.35,0.398,0.071,0.194,0.235
0.183,0.269,0.463,0.35,0.398,0.071,0.194,0.235
0.183,0.269,0.463,0.35,0.398,0.071,0.194,0.235
0.183,0.269,0.463,0.35,0.398,0.071,0.194,0.235
0.183,0.269,0.463,0.35,0.398,0.071,0.194,0.235
0.183,0.269,0.463,0.35,0.398,0.071,0.194,0.235
0.183,0.269,0.463,0.35,0.398,0.071,0.194,0.235
0.183,0.269,0.463,0.35,0.398,0.071,0.194,0.235
0.183,0.269,0.463,0.35,0.398,0.071,0.194,0.235
0.183,0.269,0.463,0.35,0.398,0.071,0.194,0.235
0.183,0.269,0.463,0.35,0.398,0.071,0.194,0.235
0.183,0.269,0.463,0.35,0.398,0.071,0.194,0.235
0.183,0.269,0.463,0.35,0.398,0.071,0.194,0.235
0.183,0.269,0.463,0.35,0.398,0.071,0.194,0.235
0.183,0.269,0.463,0.35,0.398,0.071,0.194,0.235
0.183,0.269,0.463,0.35,0.398,0.071,0.194,0.235
0.183,0.269,0.463,0.35,0.398,0.071,0.194,0.235
0.183,0.269,0.463,0.35,0.398,0.071,0.194,0.235
0.183,0.269,0.463,0.35,0.398,0.071,0.194,0.235
0.183,0.269,0.463,0.35,0.398,0.071,0.194,0.235
0.183,0.269,0.463,0.35,0.398,0.071,0.194,0.235
0.183,0.269,0.463,0.35,0.398,0.071,0.194,0.235
0.183,0.269,0.463,0.35,0.398,0.071,0.194,0.235
0.183,0.269,0.463,0.35,0.398,0.071,0.194,0.235
0.183,0.269,0.463,0.35,0.398,0.071,0.194,0.235
0.183,0.269,0.463,0.35,0.398,0.071,0.194,0.235
0.183,0.269,0.463,0.35,0.398,0.071,0.194,0.235
0.183,0.269,0.463,0.35,0.398,0.071,0.194,0.235
0.183,0.269,0.463,0.35,0.398,0.071,0.194,0.235
0.183,0.269,0.463,0.35,0.398,0.071,0.194,0.235
0.183,0.269,0.463,0.35,0.398,0.071,0.194,0.235
0.183,0.269,0.463,0.35,0.398,0.071,0.194,0.235
0.183,0.269,0.463,0.35,0.398,0.071,0.194,0.235
0.183,0.269,0.463,0.35,0.398,0.071,0.194,0.235
0.183,0.269,0.463,0.35,0.398,0.071,0.194,0.235
0.183,0.269,0.463,0.35,0.398,0.071,0.194,0.235
0.183,0.269,0.463,0.35,0.398,0.071,0.194,0.235
0.183,0.269,0.463,0.35,0.398,0.071,0.194,0.235
0.183,0.269,0.463,0.35,0.398,0.071,0.194,0.235
0.183,0.269,0.463,0.35,0.398,0.071,0.194,0.235
0.183,0.269,0.463,0.35,0.398,0.071,0.194,0.235
0.183,0.269,0.463,0.35,0.398,0.071,0.194,0.235
0.183,0.269,0.463,0.35,0.398,0.071,0.194,0.235
0.183,0.269,0.463,0.35,0.398,0.071,0.194,0.235
0.183,0.269,0.463,0.35,0.398,0.071,0.194,0.235
0.183,0.269,0.463,0.35,0.398,0.071,0.194,0.235
0.183,0.269,0.463,0.35,0.398,0.071,0.194,0.235
0.183,0.269,0.463,0.35,0.398,0.071,0.194,0.235
0.183,0.269,0.463,0.35,0.398,0.071,0.194,0.235
0.183,0.269,0.463,0.35,0.398,0.071,0.194,0.235
0.183,0.269,0.463,0.35,0.398,0.071,0.194,0.235
0.183,0.269,0.463,0.35,0.398,0.071,0.194,0.235
0.183,0.269,0.463,0.35,0.398,0.071,0.194,0.235
0.183,0.269,0.463,0.35,0.398,0.071,0.194,0.235
0.183,0.269,0.463,0.35,0.398,0.071,0.194,0.235
0.183,0.269,0.463,0.35,0.398,0.071,0.194,0.235
0.183,0.269,0.463,0.35,0.398,0.071,0.194,0.235
0.183,0.269,0.463,0.35,0.398,0.071,0.194,0.235
0.183,0.269,0.463,0.35,0.398,0.071,0.194,0.235
0.183,0.269,0.463,0.35,0.398,0.071,0.194,0.235
0.183,0.269,0.463,0.35,0.398,0.071,0.194,0.235
0.183,0.269,0.463,0.35,0.398,0.071,0.194,0.235
0.183,0.269,0.463,0.35,0.398,0.071,0.194,0.235
0.183,0.269,0.463,0.35,0.398,0.071,0.194,0.235
0.183,0.269,0.463,0.35,0.398,0.071,0.194,0.235
0.183,0.269,0.463,0.35,0.398,0.071,0.194,0.235
0.183,0.269,0.463,0.35,0.398,0.071,0.194,0.235
0.183,0.269,0.463,0.35,0.398,0.071,0.194,0.235
0.183,0.269,0.463,0.35,0.398,0.071,0.194,0.235
0.183,0.269,0.463,0.35,0.398,0.071,0.194,0.235
0.183,0.269,0.463,0.35,0.398,0.071,0.194,0.235
0.183,0.269,0.463,0.35,0.398,0.071,0.194,0.235
0.183,0.269,0.463,0.35,0.398,0.071,0.194,0.235
0.183,0.269,0.463,0.35,0.398,0.071,0.194,0.235
0.183,0.269,0.463,0.35,0.398,0.071,0.194,0.235
0.183,0.269,0.463,0.35,0.398,0.071,0.194,0.235
0.183,0.269,0.463,0.35,0.398,0.071,0.194,0.235
0.183,0.269,0.463,0.35,0.398,0.071,0.194,0.235
0.183,0.269,0.463,0.35,0.398,0.071,0.194,0.235
0.183,0.269,0.463,0.35,0.398,0.071,0.194,0.235
0.183,0.269,0.463,0.35,0.398,0.071,0.194,0.235
0.183,0.269,0.463,0.35,0.398,0.071,0.194,0.235
0.183,0.269,0.463,0.35,0.398,0.071,0.194,0.235
0.183,0.269,0.463,0.35,0.398,0.071,0.194,0.235
0.183,0.269,0.463,0.35,0.398,0.071,0.194,0.235
0.183,0.269,0.463,0.35,0.398,0.071,0.194,0.235
0.183,0.269,0.463,0.35,0.398,0.071,0.194,0.235
0.183,0.269,0.463,0.35,0.398,0.071,0.194,0.235
0.183,0.269,0.463,0.35,0.398,0.071,0.194,0.235
0.183,0.269,0.463,0.35,0.398,0.071,0.194,0.235
0.183,0.269,0.463,0.35,0.398,0.071,0.194,0.235
0.183,0.269,0.463,0.35,0.398,0.071,0.194,0.235
0.183,0.269,0.463,0.35,0.398,0.071,0.194,0.235
0.183,0.269,0.463,0.35,0.398,0.071,0.194,0.235
0.183,0.269,0.463,0.35,0.398,0.071,0.194,0.235
0.183,0.269,0.463,0.35,0.398,0.071,0.194,0.235
0.183,0.269,0.463,0.35,0.398,0.071,0.194,0.235
0.183,0.269,0.463,0.35,0.398,0.071,0.194,0.235
0.183,0.269,0.463,0.35,0.398,0.071,0.194,0.235
0.183,0.269,0.463,0.35,0.398,0.071,0.194,0.235
0.183,0.269,0.463,0.35,0.398,0.071,0.194,0.235
0.183,0.269,0.463,0.35,0.398,0.071,0.194,0.235
0.183,0.269,0.463,0.35,0.398,0.071,0.194,0.235
0.183,0.269,0.463,0.35,0.398,0.071,0.194,0.235
0.183,0.269,0.463,0.35,0.398,0.071,0.194,0.235
0.183,0.269,0.463,0.35,0.398,0.071,0.194,0.235
0.183,0.269,0.463,0.35,0.398,0.071,0.194,0.235
0.183,0.269,0.463,0.35,0.398,0.071,0.194,0.235
0.183,0.269,0.463,0.35,0.398,0.071,0.194,0.235
0.183,0.269,0.463,0.35,0.398,0.071,0.194,0.235
0.183,0.269,0.463,0.35,0.398,0.071,0.194,0.235
0.183,0.269,0.463,0.35,0.398,0.071,0.194,0.235
0.183,0.269,0.463,0.35,0.398,0.071,0.194,0.235
0.183,0.269,0.463,0.35,0.398,0.071,0.194,0.235
0.183,0.269,0.463,0.35,0.398,0.071,0.194,0.235
0.183,0.269,0.463,0.35,0.398,0.071,0.194,0.235
0.183,0.269,0.463,0.35,0.398,0.071,0.194,0.235
0.183,0.269,0.463,0.35,0.398,0.071,0.194,0.235
0.183,0.269,0.463,0.35,0.398,0.071,0.194,0.235
0.183,0.269,0.463,0.35,0.398,0.071,0.194,0.235
0.183,0.269,0.463,0.35,0.398,0.071,0.194,0.235
0.183,0.269,0.463,0.35,0.398,0.071,0.194,0.235
0.183,0.269,0.463,0.35,0.398,0.071,0.194,0.235
0.183,0.269,0.463,0.35,0.398,0.071,0.194,0.235
0.183,0.269,0.463,0.35,0.398,0.071,0.194,0.235
0.183,0.269,0.463,0.35,0.398,0.071,0.194,0.235
0.183,0.269,0.463,0.35,0.398,0.071,0.194,0.235
0.183,0.269,0.463,0.35,0.398,0.071,0.194,0.235
0.183,0.269,0.463,0.35,0.398,0.071,0.194,0.235
0.183,0.269,0.463,0.35,0.398,0.071,0.194,0.235
0.183,0.269,0.463,0.35,0.398,0.071,0.194,0.235
0.183,0.269,0.463,0.35,0.398,0.071,0.194,0.235
0.183,0.269,0.463,0.35,0.398,0.071,0.194,0.235
0.183,0.269,0.463,0.35,0.398,0.071,0.194,0.235
0.183,0.269,0.463,0.35,0.398,0.071,0.194,0.235
0.183,0.269,0.463,0.35,0.398,0.071,0.194,0.235
0.183,0.269,0.463,0.35,0.398,0.071,0.194,0.235
0.183,0.269,0.463,0.35,0.398,0.071,0.194,0.235
0.183,0.269,0.463,0.35,0.398,0.071,0.194,0.235
0.183,0.269,0.463,0.35,0.398,0.071,0.194,0.235
0.183,0.269,0.463,0.35,0.398,0.071,0.194,0.235
0.183,0.269,0.463,0.35,0.398,0.071,0.194,0.235
0.183,0.269,0.463,0.35,0.398,0.071,0.194,0.235
0.183,0.269,0.463,0.35,0.398,0.071,0.194,0.235
0.183,0.269,0.463,0.35,0.398,0.071,0.194,0.235
0.183,0.269,0.463,0.35,0.398,0.071,0.194,0.235
0.183,0.269,0.463,0.35,0.398,0.071,0.194,0.235
0.183,0.269,0.463,0.35,0.398,0.071,0.194,0.235
0.183,0.269,0.463,0.35,0.398,0.071,0.194,0.235
0.183,0.269,0.463,0.35,0.398,0.071,0.194,0.235
0.183,0.269,0.463,0.35,0.398,0.071,0.194,0.235
0.183,0.269,0.463,0.35,0.398,0.071,0.194,0.235
0.183,0.269,0.463,0.35,0.398,0.071,0.194,0.235
0.183,0.269,0.463,0.35,0.398,0.071,0.194,0.235
0.183,0.269,0.463,0.35,0.398,0.071,0.194,0.235
0.183,0.269,0.463,0.35,0.398,0.071,0.194,0.235
0.183,0.269,0.463,0.35,0.398,0.071,0.194,0.235
0.183,0.269,0.463,0.35,0.398,0.071,0.194,0.235
0.183,0.269,0.463,0.35,0.398,0.071,0.194,0.235
0.183,0.269,0.463,0.35,0.398,0.071,0.194,0.235
0.183,0.269,0.463,0.35,0.398,0.071,0.194,0.235
0.183,0.269,0.463,0.35,0.398,0.071,0.194,0.235
0.183,0.269,0.463,0.35,0.398,0.071,0.194,0.235
0.183,0.269,0.463,0.35,0.398,0.071,0.194,0.235
0.183,0.269,0.463,0.35,0.398,0.071,0.194,0.235
0.183,0.269,0.463,0.35,0.398,0.071,0.194,0.235
0.183,0.269,0.463,0.35,0.398,0.071,0.194,0.235
0.183,0.269,0.463,0.35,0.398,0.071,0.194,0.235
0.183,0.269,0.463,0.35,0.398,0.071,0.194,0.235
0.183,0.269,0.463,0.35,0.398,0.071,0.194,0.235
0.183,0.269,0.463,0.35,0.398,0.071,0.194,0.235
0.183,0.269,0.463,0.35,0.398,0.071,0.194,0.235
0.183,0.269,0.463,0.35,0.398,0.071,0.194,0.235
0.183,0.269,0.463,0.35,0.398,0.071,0.194,0.235
0.183,0.269,0.463,0.35,0.398,0.071,0.194,0.235
0.183,0.269,0.463,0.35,0.398,0.071,0.194,0.235
0.183,0.269,0.463,0.35,0.398,0.071,0.194,0.235
0.183,0.269,0.463,0.35,0.398,0.071,0.194,0.235
0.183,0.269,0.463,0.35,0.398,0.071,0.194,0.235
0.183,0.269,0.463,0.35,0.398,0.071,0.194,0.235
0.183,0.269,0.463,0.35,0.398,0.071,0.194,0.235
0.183,0.269,0.463,0.35,0.398,0.071,0.194,0.235
0.183,0.269,0.463,0.35,0.398,0.071,0.194,0.235
0.183,0.269,0.463,0.35,0.398,0.071,0.194,0.235
0.183,0.269,0.463,0.35,0.398,0.071,0.194,0.235
0.183,0.269,0.463,0.35,0.398,0.071,0.194,0.235
0.183,0.269,0.463,0.35,0.398,0.071,0.194,0.235
0.183,0.269,0.463,0.35,0.398,0.071,0.194,0.235
0.183,0.269,0.463,0.35,0.398,0.071,0.194,0.235
0.183,0.269,0.463,0.35,0.398,0.071,0.194,0.235
0.183,0.269,0.463,0.35,0.398,0.071,0.194,0.235
0.183,0.269,0.463,0.35,0.398,0.071,0.194,0.235
0.183,0.269,0.463,0.35,0.398,0.071,0.194,0.235
0.183,0.269,0.463,0.35,0.398,0.071,0.194,0.235
0.183,0.269,0.463,0.35,0.398,0.071,0.194,0.235
0.183,0.269,0.463,0.35,0.398,0.071,0.194,0.235
0.183,0.269,0.463,0.35,0.398,0.071,0.194,0.235
0.183,0.269,0.463,0.35,0.398,0.071,0.194,0.235
0.183,0.269,0.463,0.35,0.398,0.071,0.194,0.235
0.183,0.269,0.463,0.35,0.398,0.071,0.194,0.235
0.183,0.269,0.463,0.35,0.398,0.071,0.194,0.235
0.183,0.269,0.463,0.35,0.398,0.071,0.194,0.235
0.183,0.269,0.463,0.35,0.398,0.071,0.194,0.235
0.183,0.269,0.463,0.35,0.398,0.071,0.194,0.235
0.183,0.269,0.463,0.35,0.398,0.071,0.194,0.235
0.183,0.269,0.463,0.35,0.398,0.071,0.194,0.235
0.183,0.269,0.463,0.35,0.398,0.071,0.194,0.235
0.183,0.269,0.463,0.35,0.398,0.071,0.194,0.235
0.183,0.269,0.463,0.35,0.398,0.071,0.194,0.235
0.183,0.269,0.463,0.35,0.398,0.071,0.194,0.235
0.183,0.269,0.463,0.35,0.398,0.071,0.194,0.235
0.183,0.269,0.463,0.35,0.398,0.071,0.194,0.235
0.183,0.269,0.463,0.35,0.398,0.071,0.194,0.235
0.183,0.269,0.463,0.35,0.398,0.071,0.194,0.235
0.183,0.269,0.463,0.35,0.398,0.071,0.194,0.235
0.183,0.269,0.463,0.35,0.398,0.071,0.194,0.235
0.183,0.269,0.463,0.35,0.398,0.071,0.194,0.235
0.183,0.269,0.463,0.35,0.398,0.071,0.194,0.235
0.183,0.269,0.463,0.35,0.398,0.071,0.194,0.235
0.183,0.269,0.463,0.35,0.398,0.071,0.194,0.235
0.183,0.269,0.463,0.35,0.398,0.071,0.194,0.235
0.183,0.269,0.463,0.35,0.398,0.071,0.194,0.235
0.183,0.269,0.463,0.35,0.398,0.071,0.194,0.235
0.183,0.269,0.463,0.35,0.398,0.071,0.194,0.235
0.183,0.269,0.463,0.35,0.398,0.071,0.194,0.235
0.183,0.269,0.463,0.35,0.398,0.071,0.194,0.235
0.183,0.269,0.463,0.35,0.398,0.071,0.194,0.235
0.183,0.269,0.463,0.35,0.398,0.071,0.194,0.235
0.183,0.269,0.463,0.35,0.398,0.071,0.194,0.235
0.183,0.269,0.463,0.35,0.398,0.071,0.194,0.235
0.183,0.269,0.463,0.35,0.398,0.071,0.194,0.235
0.183,0.269,0.463,0.35,0.398,0.071,0.194,0.235
0.183,0.269,0.463,0.35,0.398,0.071,0.194,0.235
0.183,0.269,0.463,0.35,0.398,0.071,0.194,0.235
0.183,0.269,0.463,0.35,0.398,0.071,0.194,0.235
0.183,0.269,0.463,0.35,0.398,0.071,0.194,0.235
0.183,0.269,0.463,0.35,0.398,0.071,0.194,0.235
0.183,0.269,0.463,0.35,0.398,0.071,0.194,0.235
0.183,0.269,0.463,0.35,0.398,0.071,0.194,0.235
0.183,0.269,0.463,0.35,0.398,0.071,0.194,0.235
0.183,0.269,0.463,0.35,0.398,0.071,0.194,0.235
0.183,0.269,0.463,0.35,0.398,0.071,0.194,0.235
0.183,0.269,0.463,0.35,0.398,0.071,0.194,0.235
0.183,0.269,0.463,0.35,0.398,0.071,0.194,0.235
0.183,0.269,0.463,0.35,0.398,0.071,0.194,0.235
0.183,0.269,0.463,0.35,0.398,0.071,0.194,0.235
0.183,0.269,0.463,0.35,0.398,0.071,0.194,0.235
0.183,0.269,0.463,0.35,0.398,0.071,0.194,0.235
0.183,0.269,0.463,0.35,0.398,0.071,0.194,0.235
0.183,0.269,0.463,0.35,0.398,0.071,0.194,0.235
0.183,0.269,0.463,0.35,0.398,0.071,0.194,0.235
0.183,0.269,0.463,0.35,0.398,0.071,0.194,0.235
0.183,0.269,0.463,0.35,0.398,0.071,0.194,0.235
0.183,0.269,0.463,0.35,0.398,0.071,0.194,0.235
0.183,0.269,0.463,0.35,0.398,0.071,0.194,0.235
0.183,0.269,0.463,0.35,0.398,0.071,0.194,0.235
0.183,0.269,0.463,0.35,0.398,0.071,0.194,0.235
0.183,0.269,0.463,0.35,0.398,0.071,0.194,0.235
0.183,0.269,0.463,0.35,0.398,0.071,0.194,0.235
0.183,0.269,0.463,0.35,0.398,0.071,0.194,0.235
0.183,0.269,0.463,0.35,0.398,0.071,0.194,0.235
0.183,0.269,0.463,0.35,0.398,0.071,0.194,0.235
0.183,0.269,0.463,0.35,0.398,0.071,0.194,0.235
0.183,0.269,0.463,0.35,0.398,0.071,0.194,0.235
0.183,0.269,0.463,0.35,0.398,0.071,0.194,0.235
0.183,0.269,0.463,0.35,0.398,0.071,0.194,0.235
0.183,0.269,0.463,0.35,0.398,0.071,0.194,0.235
0.183,0.269,0.463,0.35,0.398,0.071,0.194,0.235
0.183,0.269,0.463,0.35,0.398,0.071,0.194,0.235
0.183,0.269,0.463,0.35,0.398,0.071,0.194,0.235
0.183,0.269,0.463,0.35,0.398,0.071,0.194,0.235
0.183,0.269,0.463,0.35,0.398,0.071,0.194,0.235
0.183,0.269,0.463,0.35,0.398,0.071,0.194,0.235
0.183,0.269,0.463,0.35,0.398,0.071,0.194,0.235
0.183,0.269,0.463,0.35,0.398,0.071,0.194,0.235
0.183,0.269,0.463,0.35,0.398,0.071,0.194,0.235
0.183,0.269,0.463,0.35,0.398,0.071,0.194,0.235
0.183,0.269,0.463,0.35,0.398,0.071,0.194,0.235
0.183,0.269,0.463,0.35,0.398,0.071,0.194,0.235
0.183,0.269,0.463,0.35,0.398,0.071,0.194,0.235
0.183,0.269,0.463,0.35,0.398,0.071,0.194,0.235
0.183,0.269,0.463,0.35,0.398,0.071,0.194,0.235
0.183,0.269,0.463,0.35,0.398,0.071,0.194,0.235
0.183,0.269,0.463,0.35,0.398,0.071,0.194,0.235
0.183,0.269,0.463,0.35,0.398,0.071,0.194,0.235
0.183,0.269,0.463,0.35,0.398,0.071,0.194,0.235
0.183,0.269,0.463,0.35,0.398,0.071,0.194,0.235
0.183,0.269,0.463,0.35,0.398,0.071,0.194,0.235
0.183,0.269,0.463,0.35,0.398,0.071,0.194,0.235
0.183,0.269,0.463,0.35,0.398,0.071,0.194,0.235
0.183,0.269,0.463,0.35,0.398,0.071,0.194,0.235
0.183,0.269,0.463,0.35,0.398,0.071,0.194,0.235
0.183,0.269,0.463,0.35,0.398,0.071,0.194,0.235
0.183,0.269,0.463,0.35,0.398,0.071,0.194,0.235
0.183,0.269,0.463,0.35,0.398,0.071,0.194,0.235
0.183,0.269,0.463,0.35,0.398,0.071,0.194,0.235
0.183,0.269,0.463,0.35,0.398,0.071,0.194,0.235
0.183,0.269,0.463,0.35,0.398,0.071,0.194,0.235
0.183,0.269,0.463,0.35,0.398,0.071,0.194,0.235
0.183,0.269,0.463,0.35,0.398,0.071,0.194,0.235
0.183,0.269,0.463,0.35,0.398,0.071,0.194,0.235
0.183,0.269,0.463,0.35,0.398,0.071,0.194,0.235
0.183,0.269,0.463,0.35,0.398,0.071,0.194,0.235
0.183,0.269,0.463,0.35,0.398,0.071,0.194,0.235
0.183,0.269,0.463,0.35,0.398,0.071,0.194,0.235
0.183,0.269,0.463,0.35,0.398,0.071,0.194,0.235
0.183,0.269,0.463,0.35,0.398,0.071,0.194,0.235
0.183,0.269,0.463,0.35,0.398,0.071,0.194,0.235
0.183,0.269,0.463,0.35,0.398,0.071,0.194,0.235
0.183,0.269,0.463,0.35,0.398,0.071,0.194,0.235
0.183,0.269,0.463,0.35,0.398,0.071,0.194,0.235
0.183,0.269,0.463,0.35,0.398,0.071,0.194,0.235
0.183,0.269,0.463,0.35,0.398,0.071,0.194,0.235
0.183,0.269,0.463,0.35,0.398,0.071,0.194,0.235
0.183,0.269,0.463,0.35,0.398,0.071,0.194,0.235
0.183,0.269,0.463,0.35,0.398,0.071,0.194,0.235
0.183,0.269,0.463,0.35,0.398,0.071,0.194,0.235
0.183,0.269,0.463,0.35,0.398,0.071,0.194,0.235
0.183,0.269,0.463,0.35,0.398,0.071,0.194,0.235
0.183,0.269,0.463,0.35,0.398,0.071,0.194,0.235
0.183,0.269,0.463,0.35,0.398,0.071,0.194,0.235
0.183,0.269,0.463,0.35,0.398,0.071,0.194,0.235
0.183,0.269,0.463,0.35,0.398,0.071,0.194,0.235
0.183,0.269,0.463,0.35,0.398,0.071,0.194,0.235
0.183,0.269,0.463,0.35,0.398,0.071,0.194,0.235
0.183,0.269,0.463,0.35,0.398,0.071,0.194,0.235
0.183,0.269,0.463,0.35,0.398,0.071,0.194,0.235
0.183,0.269,0.463,0.35,0.398,0.071,0.194,0.235
0.183,0.269,0.463,0.35,0.398,0.071,0.194,0.235
0.183,0.269,0.463,0.35,0.398,0.071,0.194,0.235
0.183,0.269,0.463,0.35,0.398,0.071,0.194,0.235
0.183,0.269,0.463,0.35,0.398,0.071,0.194,0.235
0.183,0.269,0.463,0.35,0.398,0.071,0.194,0.235
0.183,0.269,0.463,0.35,0.398,0.071,0.194,0.235
0.183,0.269,0.463,0.35,0.398,0.071,0.194,0.235
0.183,0.269,0.463,0.35,0.398,0.071,0.194,0.235
0.183,0.269,0.463,0.35,0.398,0.071,0.194,0.235
0.183,0.269,0.463,0.35,0.398,0.071,0.194,0.235
0.183,0.269,0.463,0.35,0.398,0.071,0.194,0.235
0.183,0.269,0.463,0.35,0.398,0.071,0.194,0.235
0.183,0.269,0.463,0.35,0.398,0.071,0.194,0.235
0.183,0.269,0.463,0.35,0.398,0.071,0.194,0.235
0.183,0.269,0.463,0.35,0.398,0.071,0.194,0.235
0.183,0.269,0.463,0.35,0.398,0.071,0.194,0.235
0.183,0.269,0.463,0.35,0.398,0.071,0.194,0.235
0.183,0.269,0.463,0.35,0.398,0.071,0.194,0.235
0.183,0.269,0.463,0.35,0.398,0.071,0.194,0.235
0.183,0.269,0.463,0.35,0.398,0.071,0.194,0.235
0.183,0.269,0.463,0.35,0.398,0.071,0.194,0.235
0.183,0.269,0.463,0.35,0.398,0.071,0.194,0.235
0.183,0.269,0.463,0.35,0.398,0.071,0.194,0.235
0.183,0.269,0.463,0.35,0.398,0.071,0.194,0.235
0.183,0.269,0.463,0.35,0.398,0.071,0.194,0.235
0.183,0.269,0.463,0.35,0.398,0.071,0.194,0.235
0.183,0.269,0.463,0.35,0.398,0.071,0.194,0.235
0.183,0.269,0.463,0.35,0.398,0.071,0.194,0.235
0.183,0.269,0.463,0.35,0.398,0.071,0.194,0.235
0.183,0.269,0.463,0.35,0.398,0.071,0.194,0.235
0.183,0.269,0.463,0.35,0.398,0.071,0.194,0.235
0.183,0.269,0.463,0.35,0.398,0.071,0.194,0.235
0.183,0.269,0.463,0.35,0.398,0.071,0.194,0.235
0.183,0.269,0.463,0.35,0.398,0.071,0.194,0.235
0.183,0.269,0.463,0.35,0.398,0.071,0.194,0.235
0.183,0.269,0.463,0.35,0.398,0.071,0.194,0.235
0.183,0.269,0.463,0.35,0.398,0.071,0.194,0.235
0.183,0.269,0.463,0.35,0.398,0.071,0.194,0.235
0.183,0.269,0.463,0.35,0.398,0.071,0.194,0.235
0.183,0.269,0.463,0.35,0.398,0.071,0.194,0.235
0.183,0.269,0.463,0.35,0.398,0.071,0.194,0.235
0.183,0.269,0.463,0.35,0.398,0.071,0.194,0.235
0.183,0.269,0.463,0.35,0.398,0.071,0.194,0.235
0.183,0.269,0.463,0.35,0.398,0.071,0.194,0.235
0.183,0.269,0.463,0.35,0.398,0.071,0.194,0.235
0.183,0.269,0.463,0.35,0.398,0.071,0.194,0.235
0.183,0.269,0.463,0.35,0.398,0.071,0.194,0.235
0.183,0.269,0.463,0.35,0.398,0.071,0.194,0.235
0.183,0.269,0.463,0.35,0.398,0.071,0.194,0.235
0.183,0.269,0.463,0.35,0.398,0.071,0.194,0.235
0.183,0.269,0.463,0.35,0.398,0.071,0.194,0.235
0.183,0.269,0.463,0.35,0.398,0.071,0.194,0.235
0.183,0.269,0.463,0.35,0.398,0.071,0.194,0.235
0.183,0.269,0.463,0.35,0.398,0.071,0.194,0.235
0.183,0.269,0.463,0.35,0.398,0.071,0.194,0.235
0.183,0.269,0.463,0.35,0.398,0.071,0.194,0.235
0.183,0.269,0.463,0.35,0.398,0.071,0.194,0.235
0.183,0.269,0.463,0.35,0.398,0.071,0.194,0.235
0.183,0.269,0.463,0.35,0.398,0.071,0.194,0.235
0.183,0.269,0.463,0.35,0.398,0.071,0.194,0.235
0.183,0.269,0.463,0.35,0.398,0.071,0.194,0.235
0.183,0.269,0.463,0.35,0.398,0.071,0.194,0.235
0.183,0.269,0.463,0.35,0.398,0.071,0.194,0.235
0.183,0.269,0.463,0.35,0.398,0.071,0.194,0.235
0.183,0.269,0.463,0.35,0.398,0.071,0.194,0.235
0.183,0.269,0.463,0.35,0.398,0.071,0.194,0.235
0.183,0.269,0.463,0.35,0.398,0.071,0.194,0.235
0.183,0.269,0.463,0.35,0.398,0.071,0.194,0.235
0.183,0.269,0.463,0.35,0.398,0.071,0.194,0.235
0.183,0.269,0.463,0.35,0.398,0.071,0.194,0.235
0.183,0.269,0.463,0.35,0.398,0.071,0.194,0.235
0.183,0.269,0.463,0.35,0.398,0.071,0.194,0.235
0.183,0.269,0.463,0.35,0.398,0.071,0.194,0.235
0.183,0.269,0.463,0.35,0.398,0.071,0.194,0.235
0.183,0.269,0.463,0.35,0.398,0.071,0.194,0.235
0.183,0.269,0.463,0.35,0.398,0.071,0.194,0.235
0.183,0.269,0.463,0.35,0.398,0.071,0.194,0.235
0.183,0.269,0.463,0.35,0.398,0.071,0.194,0.235
0.183,0.269,0.463,0.35,0.398,0.071,0.194,0.235
0.183,0.269,0.463,0.35,0.398,0.071,0.194,0.235
0.183,0.269,0.463,0.35,0.398,0.071,0.194,0.235
0.183,0.269,0.463,0.35,0.398,0.071,0.194,0.235
0.183,0.269,0.463,0.35,0.398,0.071,0.194,0.235
0.183,0.269,0.463,0.35,0.398,0.071,0.194,0.235
0.183,0.269,0.463,0.35,0.398,0.071,0.194,0.235
0.183,0.269,0.463,0.35,0.398,0.071,0.194,0.235
0.183,0.269,0.463,0.35,0.398,0.071,0.194,0.235
0.183,0.269,0.463,0.35,0.398,0.071,0.194,0.235
0.183,0.269,0.463,0.35,0.398,0.071,0.194,0.235
0.183,0.269,0.463,0.35,0.398,0.071,0.194,0.235
0.183,0.269,0.463,0.35,0.398,0.071,0.194,0.235
0.183,0.269,0.463,0.35,0.398,0.071,0.194,0.235
0.183,0.269,0.463,0.35,0.398,0.071,0.194,0.235
0.183,0.269,0.463,0.35,0.398,0.071,0.194,0.235
0.183,0.269,0.463,0.35,0.398,0.071,0.194,0.235
0.183,0.269,0.463,0.35,0.398,0.071,0.194,0.235
0.183,0.269,0.463,0.35,0.398,0.071,0.194,0.235
0.183,0.269,0.463,0.35,0.398,0.071,0.194,0.235
0.183,0.269,0.463,0.35,0.398,0.071,0.194,0.235
0.183,0.269,0.463,0.35,0.398,0.071,0.194,0.235
0.183,0.269,0.463,0.35,0.398,0.071,0.194,0.235
0.183,0.269,0.463,0.35,0.398,0.071,0.194,0.235
0.183,0.269,0.463,0.35,0.398,0.071,0.194,0.235
0.183,0.269,0.463,0.35,0.398,0.071,0.194,0.235
0.183,0.269,0.463,0.35,0.398,0.071,0.194,0.235
0.183,0.269,0.463,0.35,0.398,0.071,0.194,0.235
0.183,0.269,0.463,0.35,0.398,0.071,0.194,0.235
0.183,0.269,0.463,0.35,0.398,0.071,0.194,0.235
0.183,0.269,0.463,0.35,0.398,0.071,0.194,0.235
0.183,0.269,0.463,0.35,0.398,0.071,0.194,0.235
0.183,0.269,0.463,0.35,0.398,0.071,0.194,0.235
0.183,0.269,0.463,0.35,0.398,0.071,0.194,0.235
0.183,0.269,0.463,0.35,0.398,0.071,0.194,0.235
0.183,0.269,0.463,0.35,0.398,0.071,0.194,0.235
0.183,0.269,0.463,0.35,0.398,0.071,0.194,0.235
0.183,0.269,0.463,0.35,0.398,0.071,0.194,0.235
0.183,0.269,0.463,0.35,0.398,0.071,0.194,0.235
0.183,0.269,0.463,0.35,0.398,0.071,0.194,0.235
0.183,0.269,0.463,0.35,0.398,0.071,0.194,0.235
0.183,0.269,0.463,0.35,0.398,0.071,0.194,0.235
0.183,0.269,0.463,0.35,0.398,0.071,0.194,0.235
0.183,0.269,0.463,0.35,0.398,0.071,0.194,0.235
0.183,0.269,0.463,0.35,0.398,0.071,0.194,0.235
0.183,0.269,0.463,0.35,0.398,0.071,0.194,0.235
0.183,0.269,0.463,0.35,0.398,0.071,0.194,0.235
0.183,0.269,0.463,0.35,0.398,0.071,0.194,0.235
0.183,0.269,0.463,0.35,0.398,0.071,0.194,0.235
0.183,0.269,0.463,0.35,0.398,0.071,0.194,0.235
0.183,0.269,0.463,0.35,0.398,0.071,0.194,0.235
0.183,0.269,0.463,0.35,0.398,0.071,0.194,0.235
0.183,0.269,0.463,0.35,0.398,0.071,0.194,0.235
0.183,0.269,0.463,0.35,0.398,0.071,0.194,0.235
0.183,0.269,0.463,0.35,0.398,0.071,0.194,0.235
0.183,0.269,0.463,0.35,0.398,0.071,0.194,0.235
0.183,0.269,0.463,0.35,0.398,0.071,0.194,0.235
0.183,0.269,0.463,0.35,0.398,0.071,0.194,0.235
0.183,0.269,0.463,0.35,0.398,0.071,0.194,0.235
0.183,0.269,0.463,0.35,0.398,0.071,0.194,0.235
0.183,0.269,0.463,0.35,0.398,0.071,0.194,0.235
0.183,0.269,0.463,0.35,0.398,0.071,0.194,0.235
0.183,0.269,0.463,0.35,0.398,0.071,0.194,0.235
0.183,0.269,0.463,0.35,0.398,0.071,0.194,0.235
0.183,0.269,0.463,0.35,0.398,0.071,0.194,0.235
0.183,0.269,0.463,0.35,0.398,0.071,0.194,0.235
0.183,0.269,0.463,0.35,0.398,0.071,0.194,0.235
0.183,0.269,0.463,0.35,0.398,0.071,0.194,0.235
0.183,0.269,0.463,0.35,0.398,0.071,0.194,0.235
0.183,0.269,0.463,0.35,0.398,0.071,0.194,0.235
0.183,0.269,0.463,0.35,0.398,0.071,0.194,0.235
0.183,0.269,0.463,0.35,0.398,0.071,0.194,0.235
0.183,0.269,0.463,0.35,0.398,0.071,0.194,0.235
0.183,0.269,0.463,0.35,0.398,0.071,0.194,0.235
0.183,0.269,0.463,0.35,0.398,0.071,0.194,0.235
0.183,0.269,0.463,0.35,0.398,0.071,0.194,0.235
0.183,0.269,0.463,0.35,0.398,0.071,0.194,0.235
0.183,0.269,0.463,0.35,0.398,0.071,0.194,0.235
0.183,0.269,0.463,0.35,0.398,0.071,0.194,0.235
0.183,0.269,0.463,0.35,0.398,0.071,0.194,0.235
0.183,0.269,0.463,0.35,0.398,0.071,0.194,0.235
0.183,0.269,0.463,0.35,0.398,0.071,0.194,0.235
0.183,0.269,0.463,0.35,0.398,0.071,0.194,0.235
0.183,0.269,0.463,0.35,0.398,0.071,0.194,0.235
0.183,0.269,0.463,0.35,0.398,0.071,0.194,0.235
0.183,0.269,0.463,0.35,0.398,0.071,0.194,0.235
0.183,0.269,0.463,0.35,0.398,0.071,0.194,0.235
0.183,0.269,0.463,0.35,0.398,0.071,0.194,0.235
0.183,0.269,0.463,0.35,0.398,0.071,0.194,0.235
0.183,0.269,0.463,0.35,0.398,0.071,0.194,0.235
0.183,0.269,0.463,0.35,0.398,0.071,0.194,0.235
0.183,0.269,0.463,0.35,0.398,0.071,0.194,0.235
0.183,0.269,0.463,0.35,0.398,0.071,0.194,0.235
0.183,0.269,0.463,0.35,0.398,0.071,0.194,0.235
0.183,0.269,0.463,0.35,0.398,0.071,0.194,0.235
0.183,0.269,0.463,0.35,0.398,0.071,0.194,0.235
0.183,0.269,0.463,0.35,0.398,0.071,0.194,0.235
0.183,0.269,0.463,0.35,0.398,0.071,0.194,0.235
0.183,0.269,0.463,0.35,0.398,0.071,0.194,0.235
0.183,0.269,0.463,0.35,0.398,0.071,0.194,0.235
0.183,0.269,0.463,0.35,0.398,0.071,0.194,0.235
0.183,0.269,0.463,0.35,0.398,0.071,0.194,0.235
0.183,0.269,0.463,0.35,0.398,0.071,0.194,0.235
0.183,0.269,0.463,0.35,0.398,0.071,0.194,0.235
0.183,0.269,0.463,0.35,0.398,0.071,0.194,0.235
0.183,0.269,0.463,0.35,0.398,0.071,0.194,0.235
0.183,0.269,0.463,0.35,0.398,0.071,0.194,0.235
0.183,0.269,0.463,0.35,0.398,0.071,0.194,0.235
0.183,0.269,0.463,0.35,0.398,0.071,0.194,0.235
0.183,0.269,0.463,0.35,0.398,0.071,0.194,0.235
0.183,0.269,0.463,0.35,0.398,0.071,0.194,0.235
0.183,0.269,0.463,0.35,0.398,0.071,0.194,0.235
0.183,0.269,0.463,0.35,0.398,0.071,0.194,0.235
0.183,0.269,0.463,0.35,0.398,0.071,0.194,0.235
0.183,0.269,0.463,0.35,0.398,0.071,0.194,0.235
0.183,0.269,0.463,0.35,0.398,0.071,0.194,0.235
0.183,0.269,0.463,0.35,0.398,0.071,0.194,0.235
0.183,0.269,0.463,0.35,0.398,0.071,0.194,0.235
0.183,0.269,0.463,0.35,0.398,0.071,0.194,0.235
0.183,0.269,0.463,0.35,0.398,0.071,0.194,0.235
0.183,0.269,0.463,0.35,0.398,0.071,0.194,0.235
0.183,0.269,0.463,0.35,0.398,0.071,0.194,0.235
0.183,0.269,0.463,0.35,0.398,0.071,0.194,0.235
0.183,0.269,0.463,0.35,0.398,0.071,0.194,0.235
0.183,0.269,0.463,0.35,0.398,0.071,0.194,0.235
0.183,0.269,0.463,0.35,0.398,0.071,0.194,0.235
0.183,0.269,0.463,0.35,0.398,0.071,0.194,0.235
0.183,0.269,0.463,0.35,0.398,0.071,0.194,0.235
0.183,0.269,0.463,0.35,0.398,0.071,0.194,0.235
0.183,0.269,0.463,0.35,0.398,0.071,0.194,0.235
0.183,0.269,0.463,0.35,0.398,0.071,0.194,0.235
0.183,0.269,0.463,0.35,0.398,0.071,0.194,0.235
0.183,0.269,0.463,0.35,0.398,0.071,0.194,0.235
0.183,0.269,0.463,0.35,0.398,0.071,0.194,0.235
0.183,0.269,0.463,0.35,0.398,0.071,0.194,0.235
0.183,0.269,0.463,0.35,0.398,0.071,0.194,0.235
0.183,0.269,0.463,0.35,0.398,0.071,0.194,0.235
0.183,0.269,0.463,0.35,0.398,0.071,0.194,0.235
0.183,0.269,0.463,0.35,0.398,0.071,0.194,0.235
0.183,0.269,0.463,0.35,0.398,0.071,0.194,0.235
0.183,0.269,0.463,0.35,0.398,0.071,0.194,0.235
0.183,0.269,0.463,0.35,0.398,0.071,0.194,0.235
0.183,0.269,0.463,0.35,0.398,0.071,0.194,0.235
0.183,0.269,0.463,0.35,0.398,0.071,0.194,0.235
0.183,0.269,0.463,0.35,0.398,0.071,0.194,0.235
0.183,0.269,0.463,0.35,0.398,0.071,0.194,0.235
0.183,0.269,0.463,0.35,0.398,0.071,0.194,0.235
0.183,0.269,0.463,0.35,0.398,0.071,0.194,0.235
0.183,0.269,0.463,0.35,0.398,0.071,0.194,0.235
0.183,0.269,0.463,0.35,0.398,0.071,0.194,0.235
0.183,0.269,0.463,0.35,0.398,0.071,0.194,0.235
0.183,0.269,0.463,0.35,0.398,0.071,0.194,0.235
0.183,0.269,0.463,0.35,0.398,0.071,0.194,0.235
0.183,0.269,0.463,0.35,0.398,0.071,0.194,0.235
0.183,0.269,0.463,0.35,0.398,0.071,0.194,0.235
0.183,0.269,0.463,0.35,0.398,0.071,0.194,0.235
0.183,0.269,0.463,0.35,0.398,0.071,0.194,0.235
0.183,0.269,0.463,0.35,0.398,0.071,0.194,0.235
0.183,0.269,0.463,0.35,0.398,0.071,0.194,0.235
0.183,0.269,0.463,0.35,0.398,0.071,0.194,0.235
0.183,0.269,0.463,0.35,0.398,0.071,0.194,0.235
0.183,0.269,0.463,0.35,0.398,0.071,0.194,0.235
0.183,0.269,0.463,0.35,0.398,0.071,0.194,0.235
0.183,0.269,0.463,0.35,0.398,0.071,0.194,0.235
0.183,0.269,0.463,0.35,0.398,0.071,0.194,0.235
0.183,0.269,0.463,0.35,0.398,0.071,0.194,0.235
0.183,0.269,0.463,0.35,0.398,0.071,0.194,0.235
0.183,0.269,0.463,0.35,0.398,0.071,0.194,0.235
0.183,0.269,0.463,0.35,0.398,0.071,0.194,0.235
0.183,0.269,0.463,0.35,0.398,0.071,0.194,0.235
0.183,0.269,0.463,0.35,0.398,0.071,0.194,0.235
0.183,0.269,0.463,0.35,0.398,0.071,0.194,0.235
0.183,0.269,0.463,0.35,0.398,0.071,0.194,0.235
0.183,0.269,0.463,0.35,0.398,0.071,0.194,0.235
0.183,0.269,0.463,0.35,0.398,0.071,0.194,0.235
0.183,0.269,0.463,0.35,0.398,0.071,0.194,0.235
0.183,0.269,0.463,0.35,0.398,0.071,0.194,0.235
0.183,0.269,0.463,0.35,0.398,0.071,0.194,0.235
0.183,0.269,0.463,0.35,0.398,0.071,0.194,0.235
0.183,0.269,0.463,0.35,0.398,0.071,0.194,0.235
0.183,0.269,0.463,0.35,0.398,0.071,0.194,0.235
0.183,0.269,0.463,0.35,0.398,0.071,0.194,0.235
0.183,0.269,0.463,0.35,0.398,0.071,0.194,0.235
0.183,0.269,0.463,0.35,0.398,0.071,0.194,0.235
0.183,0.269,0.463,0.35,0.398,0.071,0.194,0.235
0.183,0.269,0.463,0.35,0.398,0.071,0.194,0.235
0.183,0.269,0.463,0.35,0.398,0.071,0.194,0.235
0.183,0.269,0.463,0.35,0.398,0.071,0.194,0.235
0.183,0.269,0.463,0.35,0.398,0.071,0.194,0.235
0.183,0.269,0.463,0.35,0.398,0.071,0.194,0.235
0.183,0.269,0.463,0.35,0.398,0.071,0.194,0.235
0.183,0.269,0.463,0.35,0.398,0.071,0.194,0.235
0.183,0.269,0.463,0.35,0.398,0.071,0.194,0.235
0.183,0.269,0.463,0.35,0.398,0.071,0.194,0.235
0.183,0.269,0.463,0.35,0.398,0.071,0.194,0.235
0.183,0.269,0.463,0.35,0.398,0.071,0.194,0.235
0.183,0.269,0.463,0.35,0.398,0.071,0.194,0.235
0.183,0.269,0.463,0.35,0.398,0.071,0.194,0.235
0.183,0.269,0.463,0.35,0.398,0.071,0.194,0.235
0.183,0.269,0.463,0.35,0.398,0.071,0.194,0.235
0.183,0.269,0.463,0.35,0.398,0.071,0.194,0.235
0.183,0.269,0.463,0.35,0.398,0.071,0.194,0.235
0.183,0.269,0.463,0.35,0.398,0.071,0.194,0.235
0.183,0.269,0.463,0.35,0.398,0.071,0.194,0.235
0.183,0.269,0.463,0.35,0.398,0.071,0.194,0.235
0.183,0.269,0.463,0.35,0.398,0.071,0.194,0.235
0.183,0.269,0.463,0.35,0.398,0.071,0.194,0.235
0.183,0.269,0.463,0.35,0.398,0.071,0.194,0.235
0.183,0.269,0.463,0.35,0.398,0.071,0.194,0.235
0.183,0.269,0.463,0.35,0.398,0.071,0.194,0.235
0.183,0.269,0.463,0.35,0.398,0.071,0.194,0.235
0.183,0.269,0.463,0.35,0.398,0.071,0.194,0.235
0.183,0.269,0.463,0.35,0.398,0.071,0.194,0.235
0.183,0.269,0.463,0.35,0.398,0.071,0.194,0.235
0.183,0.269,0.463,0.35,0.398,0.071,0.194,0.235
0.183,0.269,0.463,0.35,0.398,0.071,0.194,0.235
0.183,0.269,0.463,0.35,0.398,0.071,0.194,0.235
0.183,0.269,0.463,0.35,0.398,0.071,0.194,0.235
0.183,0.269,0.463,0.35,0.398,0.071,0.194,0.235
0.183,0.269,0.463,0.35,0.398,0.071,0.194,0.235
0.183,0.269,0.463,0.35,0.398,0.071,0.194,0.235
0.183,0.269,0.463,0.35,0.398,0.071,0.194,0.235
0.183,0.269,0.463,0.35,0.398,0.071,0.194,0.235
0.183,0.269,0.463,0.35,0.398,0.071,0.194,0.235
0.183,0.269,0.463,0.35,0.398,0.071,0.194,0.235
0.183,0.269,0.463,0.35,0.398,0.071,0.194,0.235
0.183,0.269,0.463,0.35,0.398,0.071,0.194,0.235
0.183,0.269,0.463,0.35,0.398,0.071,0.194,0.235
0.183,0.269,0.463,0.35,0.398,0.071,0.194,0.235
0.183,0.269,0.463,0.35,0.398,0.071,0.194,0.235
0.183,0.269,0.463,0.35,0.398,0.071,0.194,0.235
0.183,0.269,0.463,0.35,0.398,0.071,0.194,0.235
0.183,0.269,0.463,0.35,0.398,0.071,0.194,0.235
0.183,0.269,0.463,0.35,0.398,0.071,0.194,0.235
0.183,0.269,0.463,0.35,0.398,0.071,0.194,0.235
0.183,0.269,0.463,0.35,0.398,0.071,0.194,0.235
0.183,0.269,0.463,0.35,0.398,0.071,0.194,0.235
0.183,0.269,0.463,0.35,0.398,0.071,0.194,0.235
0.183,0.269,0.463,0.35,0.398,0.071,0.194,0.235
0.183,0.269,0.463,0.35,0.398,0.071,0.194,0.235
0.183,0.269,0.463,0.35,0.398,0.071,0.194,0.235
0.183,0.269,0.463,0.35,0.398,0.071,0.194,0.235
0.183,0.269,0.463,0.35,0.398,0.071,0.194,0.235
0.183,0.269,0.463,0.35,0.398,0.071,0.194,0.235
0.183,0.269,0.463,0.35,0.398,0.071,0.194,0.235
0.183,0.269,0.463,0.35,0.398,0.071,0.194,0.235
0.183,0.269,0.463,0.35,0.398,0.071,0.194,0.235
0.183,0.269,0.463,0.35,0.398,0.071,0.194,0.235
0.183,0.269,0.463,0.35,0.398,0.071,0.194,0.235
0.183,0.269,0.463,0.35,0.398,0.071,0.194,0.235
0.183,0.269,0.463,0.35,0.398,0.071,0.194,0.235
0.183,0.269,0.463,0.35,0.398,0.071,0.194,0.235
0.183,0.269,0.463,0.35,0.398,0.071,0.194,0.235
0.183,0.269,0.463,0.35,0.398,0.071,0.194,0.235
0.183,0.269,0.463,0.35,0.398,0.071,0.194,0.235
0.183,0.269,0.463,0.35,0.398,0.071,0.194,0.235
0.183,0.269,0.463,0.35,0.398,0.071,0.194,0.235
0.183,0.269,0.463,0.35,0.398,0.071,0.194,0.235
0.183,0.269,0.463,0.35,0.398,0.071,0.194,0.235
0.183,0.269,0.463,0.35,0.398,0.071,0.194,0.235
0.183,0.269,0.463,0.35,0.398,0.071,0.194,0.235
0.183,0.269,0.463,0.35,0.398,0.071,0.194,0.235
0.183,0.269,0.463,0.35,0.398,0.071,0.194,0.235
0.183,0.269,0.463,0.35,0.398,0.071,0.194,0.235
0.183,0.269,0.463,0.35,0.398,0.071,0.194,0.235
0.183,0.269,0.463,0.35,0.398,0.071,0.194,0.235
0.183,0.269,0.463,0.35,0.398,0.071,0.194,0.235
0.183,0.269,0.463,0.35,0.398,0.071,0.194,0.235
0.183,0.269,0.463,0.35,0.398,0.071,0.194,0.235
0.183,0.269,0.463,0.35,0.398,0.071,0.194,0.235
0.183,0.269,0.463,0.35,0.398,0.071,0.194,0.235
0.183,0.269,0.463,0.35,0.398,0.071,0.194,0.235
0.183,0.269,0.463,0.35,0.398,0.071,0.194,0.235
0.183,0.269,0.463,0.35,0.398,0.071,0.194,0.235
0.183,0.269,0.463,0.35,0.398,0.071,0.194,0.235
0.183,0.269,0.463,0.35,0.398,0.071,0.194,0.235
0.183,0.269,0.463,0.35,0.398,0.071,0.194,0.235
0.183,0.269,0.463,0.35,0.398,0.071,0.194,0.235
0.183,0.269,0.463,0.35,0.398,0.071,0.194,0.235
0.183,0.269,0.463,0.35,0.398,0.071,0.194,0.235
0.183,0.269,0.463,0.35,0.398,0.071,0.194,0.235
0.183,0.269,0.463,0.35,0.398,0.071,0.194,0.235
0.183,0.269,0.463,0.35,0.398,0.071,0.194,0.235
0.183,0.269,0.463,0.35,0.398,0.071,0.194,0.235
0.183,0.269,0.463,0.35,0.398,0.071,0.194,0.235
0.183,0.269,0.463,0.35,0.398,0.071,0.194,0.235
0.183,0.269,0.463,0.35,0.398,0.071,0.194,0.235
0.183,0.269,0.463,0.35,0.398,0.071,0.194,0.235
0.183,0.269,0.463,0.35,0.398,0.071,0.194,0.235
0.183,0.269,0.463,0.35,0.398,0.071,0.194,0.235
0.183,0.269,0.463,0.35,0.398,0.071,0.194,0.235
0.183,0.269,0.463,0.35,0.398,0.071,0.194,0.235
0.183,0.269,0.463,0.35,0.398,0.071,0.194,0.235
0.183,0.269,0.463,0.35,0.398,0.071,0.194,0.235
0.183,0.269,0.463,0.35,0.398,0.071,0.194,0.235
0.183,0.269,0.463,0.35,0.398,0.071,0.194,0.235
0.183,0.269,0.463,0.35,0.398,0.071,0.194,0.235
0.183,0.269,0.463,0.35,0.398,0.071,0.194,0.235
0.183,0.269,0.463,0.35,0.398,0.071,0.194,0.235
0.183,0.269,0.463,0.35,0.398,0.071,0.194,0.235
0.183,0.269,0.463,0.35,0.398,0.071,0.194,0.235
0.183,0.269,0.463,0.35,0.398,0.071,0.194,0.235
0.183,0.269,0.463,0.35,0.398,0.071,0.194,0.235
0.183,0.269,0.463,0.35,0.398,0.071,0.194,0.235
0.183,0.269,0.463,0.35,0.398,0.071,0.194,0.235
0.183,0.269,0.463,0.35,0.398,0.071,0.194,0.235
0.183,0.269,0.463,0.35,0.398,0.071,0.194,0.235
0.183,0.269,0.463,0.35,0.398,0.071,0.194,0.235
0.183,0.269,0.463,0.35,0.398,0.071,0.194,0.235
0.183,0.269,0.463,0.35,0.398,0.071,0.194,0.235
0.183,0.269,0.463,0.35,0.398,0.071,0.194,0.235
0.183,0.269,0.463,0.35,0.398,0.071,0.194,0.235
0.183,0.269,0.463,0.35,0.398,0.071,0.194,0.235
0.183,0.269,0.463,0.35,0.398,0.071,0.194,0.235
0.183,0.269,0.463,0.35,0.398,0.071,0.194,0.235
0.183,0.269,0.463,0.35,0.398,0.071,0.194,0.235
0.183,0.269,0.463,0.35,0.398,0.071,0.194,0.235
0.183,0.269,0.463,0.35,0.398,0.071,0.194,0.235
0.183,0.269,0.463,0.35,0.398,0.071,0.194,0.235
0.183,0.269,0.463,0.35,0.398,0.071,0.194,0.235
0.183,0.269,0.463,0.35,0.398,0.071,0.194,0.235
0.183,0.269,0.463,0.35,0.398,0.071,0.194,0.235
0.183,0.269,0.463,0.35,0.398,0.071,0.194,0.235
0.183,0.269,0.463,0.35,0.398,0.071,0.194,0.235
0.183,0.269,0.463,0.35,0.398,0.071,0.194,0.235
0.183,0.269,0.463,0.35,0.398,0.071,0.194,0.235
0.183,0.269,0.463,0.35,0.398,0.071,0.194,0.235
0.183,0.269,0.463,0.35,0.398,0.071,0.194,0.235
0.183,0.269,0.463,0.35,0.398,0.071,0.194,0.235
0.183,0.269,0.463,0.35,0.398,0.071,0.194,0.235
0.183,0.269,0.463,0.35,0.398,0.071,0.194,0.235
0.183,0.269,0.463,0.35,0.398,0.071,0.194,0.235
0.183,0.269,0.463,0.35,0.398,0.071,0.194,0.235
0.183,0.269,0.463,0.35,0.398,0.071,0.194,0.235
0.183,0.269,0.463,0.35,0.398,0.071,0.194,0.235
0.183,0.269,0.463,0.35,0.398,0.071,0.194,0.235
0.183,0.269,0.463,0.35,0.398,0.071,0.194,0.235
0.183,0.269,0.463,0.35,0.398,0.071,0.194,0.235
0.183,0.269,0.463,0.35,0.398,0.071,0.194,0.235
0.183,0.269,0.463,0.35,0.398,0.071,0.194,0.235
0.183,0.269,0.463,0.35,0.398,0.071,0.194,0.235
0.183,0.269,0.463,0.35,0.398,0.071,0.194,0.235
0.183,0.269,0.463,0.35,0.398,0.071,0.194,0.235
0.183,0.269,0.463,0.35,0.398,0.071,0.194,0.235
0.183,0.269,0.463,0.35,0.398,0.071,0.194,0.235
0.183,0.269,0.463,0.35,0.398,0.071,0.194,0.235
0.183,0.269,0.463,0.35,0.398,0.071,0.194,0.235
0.183,0.269,0.463,0.35,0.398,0.071,0.194,0.235
0.183,0.269,0.463,0.35,0.398,0.071,0.194,0.235
0.183,0.269,0.463,0.35,0.398,0.071,0.194,0.235
0.183,0.269,0.463,0.35,0.398,0.071,0.194,0.235
0.183,0.269,0.463,0.35,0.398,0.071,0.194,0.235
0.183,0.269,0.463,0.35,0.398,0.071,0.194,0.235
0.183,0.269,0.463,0.35,0.398,0.071,0.194,0.235
0.183,0.269,0.463,0.35,0.398,0.071,0.194,0.235
0.183,0.269,0.463,0.35,0.398,0.071,0.194,0.235
0.183,0.269,0.463,0.35,0.398,0.071,0.194,0.235
0.183,0.269,0.463,0.35,0.398,0.071,0.194,0.235
0.183,0.269,0.463,0.35,0.398,0.071,0.194,0.235
0.183,0.269,0.463,0.35,0.398,0.071,0.194,0.235
0.183,0.269,0.463,0.35,0.398,0.071,0.194,0.235
0.183,0.269,0.463,0.35,0.398,0.071,0.194,0.235
0.183,0.269,0.463,0.35,0.398,0.071,0.194,0.235
0.183,0.269,0.463,0.35,0.398,0.071,0.194,0.235
0.183,0.269,0.463,0.35,0.398,0.071,0.194,0.235
0.183,0.269,0.463,0.35,0.398,0.071,0.194,0.235
0.183,0.269,0.463,0.35,0.398,0.071,0.194,0.235
0.183,0.269,0.463,0.35,0.398,0.071,0.194,0.235
0.183,0.269,0.463,0.35,0.398,0.071,0.194,0.235
0.183,0.269,0.463,0.35,0.398,0.071,0.194,0.235
0.183,0.269,0.463,0.35,0.398,0.071,0.194,0.235
0.183,0.269,0.463,0.35,0.398,0.071,0.194,0.235
0.183,0.269,0.463,0.35,0.398,0.071,0.194,0.235
0.183,0.269,0.463,0.35,0.398,0.071,0.194,0.235
0.183,0.269,0.463,0.35,0.398,0.071,0.194,0.235
0.183,0.269,0.463,0.35,0.398,0.071,0.194,0.235
0.183,0.269,0.463,0.35,0.398,0.071,0.194,0.235
0.183,0.269,0.463,0.35,0.398,0.071,0.194,0.235
0.183,0.269,0.463,0.35,0.398,0.071,0.194,0.235
0.183,0.269,0.463,0.35,0.398,0.071,0.194,0.235
0.183,0.269,0.463,0.35,0.398,0.071,0.194,0.235
0.183,0.269,0.463,0.35,0.398,0.071,0.194,0.235
0.183,0.269,0.463,0.35,0.398,0.071,0.194,0.235
0.183,0.269,0.463,0.35,0.398,0.071,0.194,0.235
0.183,0.269,0.463,0.35,0.398,0.071,0.194,0.235
0.183,0.269,0.463,0.35,0.398,0.071,0.194,0.235
0.183,0.269,0.463,0.35,0.398,0.071,0.194,0.235
0.183,0.269,0.463,0.35,0.398,0.071,0.194,0.235
0.183,0.269,0.463,0.35,0.398,0.071,0.194,0.235
0.183,0.269,0.463,0.35,0.398,0.071,0.194,0.235
0.183,0.269,0.463,0.35,0.398,0.071,0.194,0.235
0.183,0.269,0.463,0.35,0.398,0.071,0.194,0.235
0.183,0.269,0.463,0.35,0.398,0.071,0.194,0.235
0.183,0.269,0.463,0.35,0.398,0.071,0.194,0.235
0.183,0.269,0.463,0.35,0.398,0.071,0.194,0.235
0.183,0.269,0.463,0.35,0.398,0.071,0.194,0.235
0.183,0.269,0.463,0.35,0.398,0.071,0.194,0.235
0.183,0.269,0.463,0.35,0.398,0.071,0.194,0.235
0.183,0.269,0.463,0.35,0.398,0.071,0.194,0.235
0.183,0.269,0.463,0.35,0.398,0.071,0.194,0.235
0.183,0.269,0.463,0.35,0.398,0.071,0.194,0.235
0.183,0.269,0.463,0.35,0.398,0.071,0.194,0.235
0.183,0.269,0.463,0.35,0.398,0.071,0.194,0.235
0.183,0.269,0.463,0.35,0.398,0.071,0.194,0.235
0.183,0.269,0.463,0.35,0.398,0.071,0.194,0.235
0.183,0.269,0.463,0.35,0.398,0.071,0.194,0.235
0.183,0.269,0.463,0.35,0.398,0.071,0.194,0.235
0.183,0.269,0.463,0.35,0.398,0.071,0.194,0.235
0.183,0.269,0.463,0.35,0.398,0.071,0.194,0.235
0.183,0.269,0.463,0.35,0.398,0.071,0.194,0.235
0.183,0.269,0.463,0.35,0.398,0.071,0.194,0.235
0.183,0.269,0.463,0.35,0.398,0.071,0.194,0.235
0.183,0.269,0.463,0.35,0.398,0.071,0.194,0.235
0.183,0.269,0.463,0.35,0.398,0.071,0.194,0.235
0.183,0.269,0.463,0.35,0.398,0.071,0.194,0.235
0.183,0.269,0.463,0.35,0.398,0.071,0.194,0.235
0.183,0.269,0.463,0.35,0.398,0.071,0.194,0.235
0.183,0.269,0.463,0.35,0.398,0.071,0.194,0.235
0.183,0.269,0.463,0.35,0.398,0.071,0.194,0.235
0.183,0.269,0.463,0.35,0.398,0.071,0.194,0.235
0.183,0.269,0.463,0.35,0.398,0.071,0.194,0.235
0.183,0.269,0.463,0.35,0.398,0.071,0.194,0.235
0.183,0.269,0.463,0.35,0.398,0.071,0.194,0.235
0.183,0.269,0.463,0.35,0.398,0.071,0.194,0.235
0.183,0.269,0.463,0.35,0.398,0.071,0.194,0.235
0.183,0.269,0.463,0.35,0.398,0.071,0.194,0.235
0.183,0.269,0.463,0.35,0.398,0.071,0.194,0.235
0.183,0.269,0.463,0.35,0.398,0.071,0.194,0.235
0.183,0.269,0.463,0.35,0.398,0.071,0.194,0.235
0.183,0.269,0.463,0.35,0.398,0.071,0.194,0.235
0.183,0.269,0.463,0.35,0.398,0.071,0.194,0.235
0.183,0.269,0.463,0.35,0.398,0.071,0.194,0.235
0.183,0.269,0.463,0.35,0.398,0.071,0.194,0.235
0.183,0.269,0.463,0.35,0.398,0.071,0.194,0.235
0.183,0.269,0.463,0.35,0.398,0.071,0.194,0.235
0.183,0.269,0.463,0.35,0.398,0.071,0.194,0.235
0.183,0.269,0.463,0.35,0.398,0.071,0.194,0.235
0.183,0.269,0.463,0.35,0.398,0.071,0.194,0.235
0.183,0.269,0.463,0.35,0.398,0.071,0.194,0.235
0.183,0.269,0.463,0.35,0.398,0.071,0.194,0.235
0.183,0.269,0.463,0.35,0.398,0.071,0.194,0.235
0.183,0.269,0.463,0.35,0.398,0.071,0.194,0.235
0.183,0.269,0.463,0.35,0.398,0.071,0.194,0.235
0.183,0.269,0.463,0.35,0.398,0.071,0.194,0.235
0.183,0.269,0.463,0.35,0.398,0.071,0.194,0.235
0.183,0.269,0.463,0.35,0.398,0.071,0.194,0.235
0.183,0.269,0.463,0.35,0.398,0.071,0.194,0.235
0.183,0.269,0.463,0.35,0.398,0.071,0.194,0.235
0.183,0.269,0.463,0.35,0.398,0.071,0.194,0.235
0.183,0.269,0.463,0.35,0.398,0.071,0.194,0.235
0.183,0.269,0.463,0.35,0.398,0.071,0.194,0.235
0.183,0.269,0.463,0.35,0.398,0.071,0.194,0.235
0.183,0.269,0.463,0.35,0.398,0.071,0.194,0.235
0.183,0.269,0.463,0.35,0.398,0.071,0.194,0.235
0.183,0.269,0.463,0.35,0.398,0.071,0.194,0.235
0.183,0.269,0.463,0.35,0.398,0.071,0.194,0.235
