S1_D1302,S2_D1302,S3_D1302,S4_D1302,S5_D1302,S6_D1302,S7_D1302,S8_D1302
0.204,0.364,0.51,0.483,0.564,0.062,0.197,0.296
0.205,0.364,0.51,0.484,0.564,0.062,0.197,0.296
0.204,0.364,0.51,0.484,0.564,0.062,0.197,0.296
0.204,0.364,0.51,0.483,0.564,0.062,0.197,0.296
0.205,0.364,0.51,0.483,0.564,0.062,0.197,0.296
0.204,0.364,0.51,0.483,0.564,0.062,0.196,0.296
0.204,0.364,0.51,0.483,0.564,0.062,0.197,0.296
0.204,0.364,0.51,0.483,0.564,0.062,0.197,0.296
0.204,0.364,0.51,0.483,0.564,0.062,0.196,0.296
0.204,0.364,0.51,0.483,0.564,0.062,0.196,0.296
0.204,0.364,0.509,0.483,0.564,0.062,0.196,0.296
0.204,0.364,0.509,0.483,0.564,0.062,0.197,0.296
0.204,0.364,0.51,0.483,0.564,0.062,0.196,0.296
0.205,0.364,0.509,0.483,0.564,0.062,0.196,0.296
0.204,0.364,0.509,0.483,0.564,0.062,0.196,0.296
0.204,0.364,0.509,0.483,0.564,0.062,0.196,0.296
0.204,0.364,0.509,0.483,0.564,0.062,0.196,0.296
0.204,0.364,0.509,0.483,0.564,0.062,0.197,0.296
0.204,0.364,0.509,0.483,0.564,0.062,0.196,0.296
0.204,0.364,0.509,0.483,0.564,0.062,0.196,0.296
0.204,0.364,0.509,0.483,0.564,0.062,0.196,0.296
0.204,0.364,0.509,0.483,0.564,0.062,0.196,0.296
0.204,0.364,0.509,0.483,0.564,0.062,0.196,0.296
0.204,0.364,0.509,0.483,0.564,0.062,0.196,0.296
0.204,0.364,0.509,0.483,0.564,0.062,0.196,0.296
0.205,0.364,0.509,0.483,0.564,0.062,0.196,0.296
0.205,0.364,0.509,0.483,0.564,0.062,0.196,0.296
0.204,0.364,0.509,0.483,0.564,0.062,0.196,0.296
0.204,0.364,0.509,0.483,0.564,0.062,0.196,0.296
0.204,0.364,0.509,0.483,0.564,0.062,0.196,0.296
0.205,0.364,0.509,0.483,0.564,0.062,0.196,0.296
0.204,0.364,0.509,0.483,0.564,0.062,0.196,0.296
0.205,0.364,0.509,0.483,0.564,0.062,0.196,0.296
0.204,0.364,0.509,0.483,0.564,0.062,0.196,0.296
0.204,0.364,0.509,0.483,0.564,0.062,0.196,0.296
0.204,0.364,0.509,0.483,0.564,0.062,0.196,0.295
0.204,0.364,0.509,0.483,0.564,0.062,0.196,0.296
0.205,0.364,0.509,0.483,0.564,0.062,0.196,0.295
0.204,0.364,0.509,0.483,0.564,0.062,0.196,0.296
0.204,0.364,0.509,0.483,0.564,0.062,0.196,0.295
0.204,0.364,0.509,0.483,0.564,0.062,0.196,0.296
0.204,0.364,0.509,0.483,0.564,0.062,0.196,0.296
0.204,0.364,0.509,0.483,0.564,0.062,0.196,0.295
0.205,0.364,0.509,0.482,0.564,0.062,0.196,0.295
0.204,0.364,0.508,0.483,0.564,0.062,0.196,0.295
0.205,0.364,0.508,0.482,0.564,0.062,0.196,0.295
0.204,0.364,0.508,0.482,0.564,0.062,0.196,0.295
0.204,0.364,0.508,0.483,0.564,0.062,0.196,0.295
0.204,0.364,0.508,0.483,0.564,0.062,0.196,0.295
0.204,0.364,0.508,0.483,0.563,0.062,0.196,0.295
0.204,0.364,0.508,0.482,0.564,0.062,0.196,0.296
0.204,0.364,0.508,0.483,0.564,0.062,0.196,0.295
0.204,0.363,0.508,0.482,0.564,0.062,0.196,0.295
0.204,0.364,0.508,0.482,0.564,0.062,0.196,0.295
0.204,0.363,0.508,0.482,0.564,0.062,0.196,0.295
0.204,0.364,0.508,0.482,0.564,0.062,0.196,0.295
0.204,0.364,0.508,0.482,0.564,0.062,0.196,0.295
0.204,0.364,0.508,0.482,0.564,0.062,0.196,0.295
0.204,0.364,0.508,0.482,0.563,0.062,0.196,0.295
0.204,0.364,0.508,0.482,0.564,0.062,0.196,0.295
0.204,0.364,0.508,0.482,0.563,0.062,0.196,0.295
0.204,0.364,0.508,0.482,0.563,0.062,0.196,0.295
0.204,0.364,0.508,0.482,0.563,0.062,0.196,0.295
0.204,0.364,0.508,0.482,0.563,0.062,0.196,0.295
0.204,0.364,0.508,0.482,0.563,0.062,0.196,0.295
0.204,0.364,0.508,0.482,0.563,0.062,0.196,0.295
0.204,0.364,0.508,0.482,0.563,0.062,0.196,0.295
0.204,0.364,0.508,0.482,0.563,0.062,0.196,0.295
0.204,0.364,0.508,0.482,0.563,0.062,0.196,0.295
0.204,0.364,0.508,0.482,0.563,0.062,0.196,0.295
0.204,0.363,0.507,0.482,0.563,0.062,0.196,0.295
0.204,0.364,0.508,0.482,0.563,0.062,0.196,0.295
0.204,0.363,0.507,0.482,0.563,0.062,0.196,0.295
0.204,0.363,0.507,0.482,0.563,0.062,0.196,0.295
0.204,0.363,0.507,0.482,0.563,0.062,0.196,0.295
0.204,0.363,0.507,0.482,0.563,0.062,0.196,0.295
0.204,0.363,0.507,0.482,0.563,0.062,0.196,0.295
0.204,0.363,0.507,0.482,0.563,0.062,0.196,0.295
0.204,0.363,0.507,0.482,0.563,0.062,0.196,0.295
0.204,0.363,0.507,0.482,0.563,0.062,0.196,0.295
0.204,0.363,0.507,0.482,0.563,0.062,0.196,0.295
0.204,0.363,0.507,0.482,0.563,0.062,0.196,0.295
0.204,0.363,0.507,0.482,0.563,0.062,0.196,0.295
0.204,0.363,0.507,0.482,0.563,0.062,0.195,0.295
0.204,0.363,0.507,0.482,0.563,0.062,0.195,0.295
0.204,0.363,0.507,0.482,0.563,0.062,0.195,0.295
0.204,0.363,0.507,0.482,0.563,0.062,0.195,0.295
0.204,0.363,0.507,0.482,0.563,0.062,0.195,0.295
0.204,0.363,0.507,0.482,0.563,0.062,0.195,0.295
0.204,0.363,0.507,0.482,0.563,0.062,0.195,0.295
0.204,0.363,0.507,0.482,0.563,0.062,0.195,0.295
0.204,0.363,0.507,0.482,0.563,0.062,0.195,0.295
0.204,0.363,0.507,0.482,0.563,0.062,0.195,0.295
0.204,0.363,0.507,0.481,0.563,0.062,0.195,0.295
0.204,0.363,0.507,0.482,0.563,0.062,0.195,0.295
0.204,0.362,0.507,0.482,0.563,0.062,0.195,0.295
0.204,0.362,0.506,0.482,0.563,0.062,0.195,0.295
0.204,0.362,0.507,0.482,0.563,0.062,0.195,0.295
0.204,0.363,0.506,0.481,0.563,0.062,0.195,0.295
0.204,0.362,0.506,0.481,0.563,0.062,0.195,0.295
0.204,0.362,0.506,0.481,0.563,0.062,0.195,0.295
0.204,0.362,0.506,0.481,0.563,0.062,0.195,0.295
0.204,0.362,0.506,0.481,0.563,0.062,0.195,0.295
0.204,0.362,0.506,0.481,0.563,0.062,0.195,0.295
0.204,0.362,0.506,0.481,0.563,0.062,0.195,0.295
0.204,0.362,0.506,0.481,0.563,0.062,0.195,0.295
0.204,0.362,0.506,0.481,0.563,0.062,0.195,0.295
0.204,0.362,0.506,0.481,0.563,0.062,0.195,0.295
0.204,0.362,0.506,0.481,0.563,0.062,0.195,0.294
0.204,0.362,0.506,0.481,0.563,0.062,0.195,0.295
0.204,0.362,0.506,0.481,0.563,0.062,0.195,0.294
0.204,0.362,0.506,0.481,0.562,0.062,0.195,0.294
0.204,0.362,0.506,0.481,0.563,0.062,0.195,0.295
0.204,0.362,0.506,0.481,0.562,0.062,0.195,0.294
0.204,0.362,0.506,0.481,0.562,0.062,0.195,0.294
0.204,0.362,0.505,0.481,0.562,0.062,0.195,0.294
0.204,0.362,0.505,0.481,0.562,0.062,0.195,0.294
0.204,0.362,0.505,0.481,0.562,0.062,0.195,0.294
0.204,0.362,0.505,0.481,0.562,0.062,0.195,0.294
0.204,0.362,0.505,0.481,0.562,0.062,0.195,0.294
0.204,0.362,0.505,0.481,0.562,0.062,0.195,0.294
0.204,0.362,0.505,0.481,0.562,0.062,0.195,0.294
0.204,0.362,0.505,0.481,0.562,0.062,0.195,0.294
0.204,0.362,0.505,0.481,0.562,0.062,0.195,0.294
0.204,0.362,0.505,0.481,0.562,0.062,0.195,0.294
0.204,0.362,0.505,0.481,0.562,0.062,0.195,0.294
0.204,0.362,0.505,0.48,0.562,0.062,0.195,0.294
0.204,0.362,0.505,0.481,0.562,0.062,0.195,0.294
0.204,0.362,0.505,0.481,0.562,0.062,0.195,0.294
0.204,0.362,0.505,0.481,0.562,0.062,0.195,0.294
0.204,0.362,0.505,0.48,0.562,0.062,0.195,0.294
0.204,0.362,0.505,0.48,0.562,0.062,0.195,0.294
0.204,0.362,0.505,0.48,0.562,0.062,0.195,0.294
0.204,0.362,0.505,0.48,0.562,0.062,0.194,0.294
0.204,0.362,0.505,0.48,0.562,0.062,0.195,0.294
0.204,0.362,0.505,0.481,0.562,0.062,0.195,0.294
0.204,0.362,0.504,0.481,0.562,0.062,0.194,0.294
0.204,0.362,0.504,0.481,0.562,0.062,0.194,0.294
0.204,0.362,0.504,0.481,0.562,0.062,0.195,0.294
0.204,0.362,0.504,0.481,0.562,0.062,0.194,0.294
0.204,0.362,0.504,0.481,0.562,0.062,0.194,0.294
0.204,0.362,0.504,0.481,0.562,0.062,0.195,0.294
0.204,0.362,0.504,0.481,0.562,0.062,0.195,0.294
0.204,0.362,0.504,0.481,0.562,0.062,0.194,0.294
0.204,0.362,0.504,0.481,0.562,0.062,0.194,0.294
0.204,0.362,0.504,0.481,0.562,0.062,0.195,0.295
0.204,0.362,0.504,0.481,0.562,0.062,0.194,0.294
0.204,0.362,0.504,0.481,0.562,0.062,0.194,0.294
0.204,0.362,0.504,0.481,0.562,0.062,0.195,0.295
0.204,0.362,0.504,0.481,0.562,0.062,0.194,0.295
0.204,0.362,0.504,0.481,0.562,0.062,0.194,0.294
0.204,0.362,0.504,0.481,0.562,0.062,0.194,0.294
0.204,0.362,0.504,0.481,0.562,0.062,0.194,0.295
0.204,0.362,0.504,0.481,0.562,0.062,0.194,0.295
0.204,0.362,0.504,0.481,0.562,0.062,0.194,0.295
0.204,0.362,0.504,0.482,0.563,0.062,0.194,0.295
0.204,0.362,0.504,0.482,0.562,0.062,0.194,0.295
0.204,0.362,0.504,0.482,0.563,0.062,0.194,0.295
0.204,0.362,0.504,0.483,0.563,0.062,0.194,0.295
0.204,0.362,0.504,0.483,0.563,0.062,0.194,0.295
0.204,0.363,0.504,0.483,0.563,0.062,0.194,0.296
0.204,0.363,0.504,0.484,0.563,0.062,0.194,0.296
0.204,0.363,0.504,0.484,0.563,0.062,0.194,0.296
0.204,0.363,0.504,0.485,0.563,0.062,0.194,0.296
0.204,0.363,0.504,0.485,0.563,0.062,0.194,0.297
0.204,0.363,0.504,0.486,0.564,0.062,0.194,0.297
0.204,0.364,0.504,0.486,0.564,0.062,0.194,0.298
0.204,0.364,0.504,0.487,0.564,0.062,0.194,0.298
0.204,0.364,0.504,0.487,0.564,0.062,0.194,0.299
0.204,0.364,0.504,0.488,0.565,0.062,0.194,0.299
0.204,0.365,0.504,0.489,0.565,0.062,0.194,0.3
0.204,0.365,0.504,0.489,0.565,0.062,0.194,0.3
0.204,0.365,0.504,0.49,0.565,0.062,0.194,0.301
0.204,0.365,0.504,0.49,0.566,0.062,0.194,0.301
0.204,0.366,0.504,0.491,0.566,0.062,0.194,0.302
0.204,0.366,0.504,0.492,0.566,0.062,0.194,0.303
0.204,0.366,0.504,0.492,0.566,0.062,0.194,0.304
0.204,0.367,0.504,0.493,0.567,0.062,0.194,0.304
0.204,0.367,0.504,0.493,0.567,0.062,0.194,0.305
0.204,0.368,0.504,0.494,0.567,0.062,0.194,0.305
0.204,0.368,0.504,0.495,0.568,0.062,0.194,0.306
0.204,0.368,0.504,0.495,0.568,0.062,0.194,0.307
0.204,0.369,0.504,0.496,0.568,0.062,0.194,0.307
0.204,0.369,0.504,0.497,0.568,0.062,0.194,0.308
0.204,0.37,0.504,0.497,0.569,0.062,0.194,0.309
0.204,0.37,0.504,0.498,0.569,0.062,0.194,0.309
0.204,0.371,0.504,0.499,0.569,0.062,0.194,0.309
0.204,0.371,0.504,0.499,0.57,0.062,0.194,0.31
0.204,0.371,0.504,0.5,0.57,0.062,0.194,0.311
0.204,0.372,0.504,0.5,0.57,0.062,0.194,0.311
0.204,0.372,0.504,0.501,0.57,0.062,0.194,0.312
0.205,0.373,0.504,0.502,0.571,0.062,0.194,0.312
0.205,0.373,0.504,0.502,0.571,0.062,0.194,0.313
0.205,0.374,0.504,0.503,0.571,0.062,0.194,0.314
0.205,0.374,0.504,0.504,0.572,0.062,0.194,0.314
0.205,0.375,0.504,0.504,0.572,0.062,0.194,0.315
0.205,0.375,0.504,0.505,0.572,0.062,0.194,0.315
0.205,0.376,0.504,0.506,0.573,0.062,0.194,0.316
0.205,0.376,0.504,0.506,0.573,0.062,0.194,0.316
0.205,0.377,0.504,0.507,0.573,0.062,0.194,0.317
0.205,0.377,0.504,0.508,0.574,0.062,0.194,0.317
0.205,0.378,0.504,0.508,0.574,0.062,0.194,0.318
0.205,0.378,0.504,0.509,0.574,0.062,0.194,0.318
0.205,0.378,0.504,0.51,0.575,0.062,0.194,0.319
0.205,0.379,0.504,0.51,0.575,0.062,0.194,0.319
0.205,0.38,0.504,0.511,0.575,0.062,0.194,0.32
0.205,0.38,0.504,0.512,0.576,0.062,0.194,0.32
0.205,0.38,0.504,0.512,0.576,0.062,0.194,0.321
0.205,0.381,0.504,0.513,0.577,0.062,0.194,0.321
0.205,0.381,0.504,0.514,0.577,0.062,0.194,0.322
0.205,0.382,0.504,0.514,0.577,0.062,0.194,0.322
0.205,0.382,0.504,0.515,0.578,0.062,0.194,0.323
0.206,0.383,0.504,0.516,0.578,0.062,0.194,0.323
0.206,0.383,0.504,0.516,0.578,0.062,0.194,0.324
0.206,0.384,0.504,0.517,0.579,0.062,0.194,0.324
0.206,0.384,0.504,0.518,0.579,0.062,0.194,0.325
0.206,0.385,0.504,0.518,0.579,0.062,0.194,0.325
0.206,0.385,0.504,0.519,0.58,0.062,0.194,0.326
0.206,0.386,0.504,0.52,0.58,0.062,0.194,0.326
0.206,0.386,0.504,0.52,0.581,0.062,0.194,0.326
0.206,0.387,0.504,0.521,0.581,0.062,0.194,0.327
0.206,0.387,0.504,0.522,0.581,0.062,0.194,0.328
0.206,0.388,0.504,0.522,0.582,0.062,0.194,0.328
0.206,0.388,0.504,0.523,0.582,0.062,0.194,0.329
0.206,0.388,0.504,0.524,0.583,0.062,0.194,0.329
0.206,0.389,0.505,0.524,0.583,0.062,0.194,0.33
0.206,0.389,0.505,0.525,0.583,0.062,0.194,0.33
0.206,0.39,0.505,0.526,0.584,0.062,0.194,0.331
0.206,0.39,0.505,0.527,0.584,0.062,0.194,0.331
0.206,0.391,0.505,0.527,0.585,0.062,0.194,0.332
0.207,0.391,0.505,0.528,0.585,0.062,0.194,0.332
0.207,0.392,0.505,0.529,0.585,0.062,0.194,0.332
0.207,0.392,0.505,0.529,0.586,0.062,0.194,0.333
0.207,0.393,0.505,0.53,0.586,0.062,0.194,0.334
0.207,0.393,0.505,0.531,0.587,0.062,0.194,0.334
0.207,0.394,0.505,0.531,0.587,0.062,0.194,0.335
0.207,0.394,0.505,0.532,0.587,0.062,0.194,0.335
0.207,0.395,0.505,0.532,0.588,0.062,0.194,0.336
0.207,0.395,0.505,0.533,0.588,0.062,0.194,0.336
0.207,0.395,0.505,0.534,0.589,0.062,0.194,0.337
0.207,0.396,0.505,0.534,0.589,0.062,0.194,0.337
0.207,0.396,0.505,0.535,0.59,0.062,0.194,0.338
0.207,0.397,0.505,0.536,0.59,0.062,0.194,0.338
0.207,0.397,0.505,0.537,0.59,0.062,0.194,0.339
0.208,0.398,0.505,0.538,0.591,0.062,0.194,0.339
0.207,0.398,0.505,0.538,0.591,0.062,0.194,0.34
0.208,0.399,0.506,0.539,0.592,0.062,0.194,0.34
0.208,0.399,0.505,0.539,0.592,0.062,0.194,0.341
0.208,0.4,0.506,0.54,0.593,0.062,0.194,0.341
0.208,0.4,0.506,0.541,0.593,0.062,0.194,0.342
0.208,0.401,0.506,0.542,0.594,0.062,0.194,0.342
0.208,0.401,0.506,0.542,0.594,0.062,0.194,0.343
0.208,0.401,0.506,0.543,0.595,0.062,0.194,0.343
0.208,0.402,0.506,0.544,0.595,0.062,0.194,0.344
0.208,0.403,0.506,0.545,0.595,0.062,0.194,0.344
0.208,0.403,0.506,0.545,0.596,0.062,0.194,0.345
0.208,0.403,0.506,0.546,0.596,0.062,0.194,0.345
0.208,0.404,0.506,0.547,0.597,0.062,0.194,0.346
0.208,0.404,0.506,0.547,0.597,0.062,0.194,0.347
0.209,0.405,0.506,0.548,0.598,0.062,0.194,0.347
0.209,0.405,0.507,0.549,0.598,0.062,0.194,0.347
0.209,0.406,0.507,0.549,0.599,0.062,0.194,0.348
0.209,0.406,0.507,0.55,0.599,0.063,0.194,0.348
0.209,0.407,0.507,0.551,0.6,0.063,0.194,0.349
0.209,0.407,0.507,0.552,0.6,0.062,0.194,0.349
0.209,0.408,0.507,0.552,0.601,0.062,0.194,0.35
0.209,0.408,0.507,0.553,0.601,0.062,0.194,0.351
0.209,0.409,0.507,0.554,0.602,0.062,0.194,0.351
0.209,0.409,0.507,0.554,0.602,0.062,0.194,0.351
0.209,0.41,0.507,0.555,0.603,0.062,0.194,0.352
0.209,0.41,0.507,0.556,0.603,0.062,0.194,0.352
0.209,0.411,0.508,0.557,0.604,0.063,0.194,0.353
0.21,0.411,0.508,0.557,0.604,0.063,0.194,0.354
0.21,0.412,0.508,0.558,0.605,0.063,0.194,0.354
0.21,0.412,0.508,0.559,0.605,0.062,0.194,0.354
0.21,0.413,0.508,0.559,0.606,0.063,0.194,0.355
0.21,0.414,0.508,0.56,0.606,0.063,0.194,0.355
0.21,0.414,0.508,0.561,0.606,0.063,0.194,0.356
0.21,0.415,0.508,0.562,0.607,0.063,0.194,0.356
0.21,0.415,0.508,0.562,0.607,0.063,0.194,0.357
0.21,0.416,0.509,0.563,0.608,0.063,0.194,0.357
0.21,0.416,0.509,0.564,0.608,0.063,0.194,0.358
0.21,0.417,0.509,0.564,0.609,0.063,0.194,0.358
0.21,0.417,0.509,0.565,0.609,0.063,0.194,0.359
0.211,0.418,0.509,0.566,0.61,0.063,0.194,0.359
0.211,0.419,0.509,0.566,0.61,0.063,0.194,0.36
0.211,0.419,0.509,0.567,0.611,0.063,0.194,0.36
0.211,0.42,0.509,0.568,0.611,0.063,0.194,0.361
0.211,0.42,0.509,0.568,0.612,0.063,0.194,0.361
0.211,0.421,0.51,0.569,0.612,0.063,0.194,0.361
0.211,0.422,0.51,0.57,0.613,0.063,0.194,0.362
0.211,0.422,0.51,0.57,0.613,0.063,0.194,0.362
0.211,0.423,0.51,0.571,0.613,0.063,0.194,0.363
0.211,0.423,0.51,0.572,0.614,0.063,0.194,0.363
0.212,0.424,0.51,0.573,0.614,0.063,0.194,0.363
0.211,0.425,0.51,0.573,0.615,0.063,0.194,0.364
0.212,0.425,0.51,0.574,0.615,0.063,0.194,0.364
0.212,0.426,0.511,0.575,0.616,0.063,0.194,0.365
0.212,0.427,0.511,0.575,0.616,0.063,0.194,0.365
0.212,0.427,0.511,0.576,0.616,0.063,0.194,0.365
0.212,0.428,0.511,0.576,0.617,0.063,0.194,0.366
0.212,0.429,0.511,0.577,0.617,0.063,0.194,0.366
0.212,0.429,0.511,0.578,0.618,0.063,0.194,0.367
0.212,0.43,0.511,0.578,0.618,0.063,0.194,0.367
0.212,0.431,0.511,0.579,0.619,0.063,0.194,0.368
0.212,0.431,0.512,0.58,0.619,0.063,0.194,0.368
0.212,0.432,0.512,0.58,0.62,0.063,0.194,0.368
0.212,0.433,0.512,0.581,0.62,0.063,0.194,0.369
0.212,0.434,0.512,0.582,0.62,0.063,0.194,0.369
0.212,0.434,0.512,0.582,0.621,0.063,0.194,0.37
0.212,0.435,0.512,0.583,0.621,0.063,0.194,0.37
0.213,0.436,0.513,0.583,0.622,0.063,0.194,0.37
0.213,0.436,0.513,0.584,0.622,0.063,0.194,0.371
0.213,0.437,0.513,0.585,0.622,0.063,0.194,0.371
0.213,0.438,0.513,0.586,0.623,0.063,0.194,0.371
0.213,0.439,0.513,0.586,0.623,0.063,0.194,0.372
0.213,0.44,0.513,0.587,0.624,0.063,0.194,0.372
0.213,0.44,0.513,0.588,0.624,0.063,0.194,0.373
0.213,0.441,0.514,0.588,0.625,0.063,0.194,0.373
0.213,0.442,0.514,0.589,0.625,0.063,0.194,0.374
0.214,0.443,0.514,0.59,0.626,0.063,0.194,0.374
0.213,0.443,0.514,0.59,0.626,0.063,0.194,0.374
0.214,0.444,0.514,0.591,0.626,0.063,0.194,0.375
0.214,0.445,0.514,0.592,0.627,0.063,0.194,0.375
0.214,0.446,0.514,0.592,0.627,0.063,0.194,0.376
0.214,0.447,0.515,0.593,0.628,0.063,0.194,0.376
0.214,0.447,0.515,0.594,0.628,0.063,0.194,0.376
0.214,0.448,0.515,0.594,0.629,0.064,0.194,0.377
0.214,0.449,0.515,0.595,0.629,0.064,0.194,0.377
0.214,0.45,0.515,0.596,0.63,0.063,0.194,0.378
0.214,0.451,0.515,0.596,0.63,0.064,0.194,0.378
0.214,0.452,0.515,0.597,0.63,0.064,0.194,0.378
0.214,0.452,0.516,0.598,0.631,0.064,0.194,0.379
0.215,0.453,0.516,0.599,0.631,0.064,0.194,0.379
0.215,0.454,0.516,0.599,0.632,0.064,0.194,0.379
0.215,0.455,0.516,0.6,0.632,0.064,0.194,0.38
0.215,0.456,0.516,0.6,0.633,0.064,0.194,0.38
0.215,0.457,0.517,0.601,0.633,0.064,0.194,0.381
0.215,0.457,0.517,0.602,0.634,0.064,0.194,0.381
0.215,0.458,0.517,0.602,0.634,0.064,0.194,0.381
0.215,0.459,0.517,0.603,0.634,0.064,0.194,0.382
0.215,0.46,0.517,0.604,0.635,0.064,0.194,0.382
0.215,0.461,0.517,0.604,0.635,0.064,0.194,0.382
0.215,0.462,0.517,0.605,0.636,0.064,0.194,0.383
0.216,0.462,0.518,0.606,0.636,0.064,0.194,0.383
0.216,0.463,0.518,0.607,0.637,0.064,0.194,0.383
0.216,0.464,0.518,0.607,0.637,0.064,0.194,0.384
0.216,0.465,0.518,0.608,0.637,0.064,0.194,0.384
0.216,0.466,0.518,0.609,0.638,0.064,0.194,0.384
0.216,0.466,0.518,0.609,0.638,0.064,0.194,0.385
0.216,0.467,0.519,0.61,0.639,0.064,0.194,0.385
0.216,0.468,0.519,0.611,0.639,0.064,0.194,0.386
0.216,0.469,0.519,0.611,0.639,0.064,0.194,0.386
0.216,0.47,0.519,0.612,0.64,0.064,0.194,0.386
0.216,0.471,0.519,0.613,0.64,0.064,0.194,0.386
0.217,0.472,0.519,0.613,0.641,0.064,0.194,0.387
0.217,0.472,0.52,0.614,0.641,0.064,0.194,0.387
0.217,0.473,0.52,0.615,0.642,0.064,0.194,0.388
0.217,0.474,0.52,0.615,0.642,0.064,0.194,0.388
0.217,0.475,0.52,0.616,0.642,0.064,0.194,0.388
0.217,0.476,0.52,0.617,0.643,0.064,0.194,0.389
0.217,0.477,0.521,0.618,0.643,0.064,0.194,0.389
0.217,0.477,0.521,0.618,0.644,0.064,0.194,0.389
0.217,0.478,0.521,0.619,0.644,0.064,0.194,0.39
0.217,0.479,0.521,0.62,0.645,0.064,0.194,0.39
0.218,0.48,0.521,0.62,0.645,0.064,0.194,0.391
0.218,0.481,0.521,0.621,0.646,0.064,0.194,0.391
0.218,0.482,0.522,0.622,0.646,0.064,0.194,0.391
0.218,0.482,0.522,0.623,0.647,0.064,0.194,0.392
0.218,0.483,0.522,0.623,0.647,0.064,0.194,0.392
0.218,0.484,0.522,0.624,0.647,0.064,0.194,0.392
0.218,0.485,0.522,0.624,0.648,0.064,0.194,0.392
0.218,0.486,0.522,0.625,0.649,0.065,0.194,0.393
0.218,0.486,0.523,0.626,0.649,0.064,0.194,0.393
0.218,0.487,0.523,0.627,0.649,0.065,0.194,0.394
0.218,0.488,0.523,0.627,0.65,0.064,0.194,0.394
0.219,0.489,0.523,0.628,0.65,0.065,0.194,0.394
0.219,0.49,0.524,0.629,0.651,0.065,0.194,0.395
0.219,0.491,0.524,0.629,0.651,0.065,0.194,0.395
0.219,0.491,0.524,0.63,0.651,0.065,0.194,0.395
0.219,0.492,0.524,0.631,0.652,0.065,0.194,0.395
0.219,0.493,0.524,0.631,0.652,0.065,0.194,0.396
0.219,0.494,0.524,0.632,0.653,0.065,0.194,0.396
0.219,0.495,0.524,0.633,0.653,0.065,0.194,0.397
0.219,0.496,0.525,0.633,0.654,0.065,0.194,0.397
0.22,0.496,0.525,0.634,0.654,0.065,0.194,0.397
0.22,0.497,0.525,0.635,0.655,0.065,0.194,0.398
0.22,0.498,0.525,0.636,0.655,0.065,0.194,0.398
0.22,0.499,0.526,0.636,0.655,0.065,0.194,0.398
0.22,0.5,0.526,0.637,0.656,0.065,0.194,0.399
0.22,0.5,0.526,0.638,0.656,0.065,0.194,0.399
0.22,0.501,0.526,0.639,0.657,0.065,0.194,0.399
0.22,0.502,0.526,0.64,0.658,0.065,0.194,0.4
0.22,0.504,0.527,0.642,0.658,0.065,0.194,0.4
0.22,0.506,0.527,0.645,0.659,0.065,0.194,0.4
0.221,0.51,0.527,0.648,0.66,0.065,0.194,0.4
0.221,0.515,0.528,0.651,0.66,0.065,0.194,0.4
0.221,0.522,0.528,0.654,0.662,0.065,0.194,0.401
0.221,0.53,0.529,0.658,0.663,0.065,0.194,0.401
0.221,0.539,0.529,0.661,0.664,0.065,0.194,0.401
0.221,0.548,0.529,0.665,0.666,0.065,0.194,0.401
0.221,0.557,0.53,0.668,0.668,0.066,0.194,0.403
0.222,0.566,0.53,0.672,0.669,0.066,0.195,0.404
0.222,0.574,0.531,0.675,0.671,0.066,0.195,0.407
0.222,0.582,0.531,0.678,0.673,0.066,0.195,0.409
0.222,0.59,0.532,0.681,0.675,0.066,0.195,0.412
0.223,0.599,0.532,0.684,0.677,0.066,0.195,0.415
0.223,0.607,0.532,0.687,0.679,0.066,0.195,0.419
0.223,0.614,0.533,0.689,0.681,0.067,0.195,0.422
0.223,0.622,0.533,0.692,0.683,0.067,0.196,0.425
0.224,0.629,0.533,0.695,0.685,0.067,0.196,0.427
0.224,0.636,0.534,0.697,0.687,0.067,0.196,0.43
0.224,0.642,0.534,0.7,0.689,0.067,0.196,0.433
0.224,0.649,0.535,0.703,0.69,0.067,0.196,0.436
0.225,0.655,0.535,0.706,0.692,0.067,0.196,0.439
0.225,0.66,0.535,0.708,0.694,0.068,0.197,0.442
0.225,0.666,0.536,0.711,0.697,0.068,0.197,0.444
0.225,0.671,0.536,0.714,0.699,0.068,0.197,0.447
0.226,0.676,0.537,0.717,0.701,0.068,0.197,0.45
0.226,0.682,0.537,0.72,0.703,0.068,0.197,0.452
0.226,0.687,0.537,0.723,0.706,0.068,0.197,0.455
0.226,0.693,0.538,0.726,0.708,0.069,0.197,0.458
0.227,0.698,0.538,0.729,0.711,0.069,0.198,0.461
0.227,0.703,0.539,0.732,0.713,0.069,0.198,0.463
0.227,0.708,0.539,0.735,0.716,0.069,0.198,0.466
0.228,0.714,0.54,0.738,0.718,0.069,0.198,0.469
0.228,0.719,0.54,0.741,0.72,0.07,0.198,0.471
0.228,0.725,0.541,0.744,0.722,0.07,0.199,0.474
0.228,0.732,0.542,0.747,0.724,0.07,0.199,0.476
0.229,0.739,0.542,0.75,0.726,0.07,0.199,0.479
0.229,0.745,0.543,0.753,0.728,0.07,0.199,0.481
0.229,0.752,0.543,0.756,0.73,0.07,0.2,0.484
0.23,0.758,0.543,0.759,0.733,0.071,0.2,0.486
0.23,0.764,0.544,0.761,0.735,0.071,0.2,0.489
0.23,0.77,0.545,0.764,0.737,0.071,0.2,0.491
0.231,0.776,0.545,0.767,0.739,0.071,0.2,0.494
0.231,0.782,0.546,0.77,0.741,0.071,0.201,0.496
0.231,0.789,0.546,0.773,0.743,0.072,0.201,0.499
0.232,0.795,0.547,0.775,0.745,0.072,0.201,0.501
0.232,0.802,0.548,0.778,0.747,0.072,0.201,0.504
0.232,0.808,0.548,0.781,0.749,0.072,0.201,0.507
0.233,0.814,0.549,0.784,0.751,0.072,0.201,0.509
0.233,0.821,0.549,0.786,0.753,0.072,0.202,0.511
0.233,0.827,0.55,0.789,0.755,0.073,0.202,0.514
0.234,0.833,0.551,0.792,0.757,0.073,0.202,0.516
0.234,0.839,0.551,0.795,0.759,0.073,0.202,0.518
0.234,0.844,0.552,0.797,0.761,0.073,0.202,0.521
0.235,0.85,0.552,0.8,0.763,0.073,0.203,0.523
0.235,0.856,0.553,0.802,0.764,0.074,0.203,0.525
0.235,0.862,0.553,0.804,0.766,0.074,0.203,0.527
0.236,0.868,0.554,0.806,0.768,0.074,0.203,0.529
0.236,0.874,0.555,0.808,0.769,0.074,0.203,0.531
0.237,0.879,0.555,0.81,0.771,0.074,0.204,0.532
0.237,0.885,0.556,0.811,0.772,0.075,0.204,0.534
0.237,0.89,0.556,0.813,0.774,0.075,0.204,0.536
0.237,0.895,0.557,0.814,0.775,0.075,0.204,0.537
0.238,0.9,0.557,0.816,0.777,0.075,0.204,0.539
0.238,0.905,0.558,0.817,0.778,0.075,0.205,0.54
0.239,0.909,0.559,0.818,0.779,0.076,0.205,0.541
0.239,0.914,0.559,0.819,0.781,0.076,0.205,0.542
0.239,0.918,0.56,0.821,0.782,0.076,0.205,0.544
0.24,0.922,0.56,0.822,0.783,0.076,0.205,0.545
0.24,0.926,0.561,0.823,0.785,0.076,0.206,0.546
0.241,0.93,0.561,0.824,0.786,0.077,0.206,0.547
0.241,0.934,0.562,0.825,0.787,0.077,0.206,0.548
0.241,0.937,0.562,0.826,0.789,0.077,0.206,0.549
0.242,0.94,0.563,0.827,0.79,0.077,0.206,0.55
0.242,0.944,0.564,0.828,0.791,0.077,0.207,0.55
0.242,0.947,0.564,0.829,0.792,0.078,0.207,0.551
0.243,0.95,0.565,0.83,0.793,0.078,0.207,0.552
0.243,0.953,0.565,0.831,0.795,0.078,0.207,0.553
0.243,0.955,0.566,0.832,0.796,0.078,0.207,0.554
0.244,0.958,0.566,0.833,0.797,0.078,0.208,0.554
0.244,0.96,0.567,0.834,0.798,0.078,0.208,0.555
0.244,0.963,0.567,0.835,0.799,0.079,0.208,0.555
0.245,0.965,0.568,0.836,0.8,0.079,0.208,0.556
0.245,0.968,0.568,0.837,0.802,0.079,0.208,0.557
0.246,0.97,0.569,0.837,0.802,0.079,0.208,0.557
0.246,0.972,0.569,0.838,0.804,0.079,0.209,0.558
0.247,0.974,0.57,0.839,0.805,0.079,0.209,0.558
0.247,0.976,0.57,0.84,0.806,0.08,0.209,0.559
0.247,0.978,0.571,0.841,0.807,0.08,0.209,0.559
0.248,0.979,0.572,0.842,0.808,0.08,0.209,0.559
0.248,0.981,0.572,0.842,0.809,0.08,0.21,0.56
0.248,0.983,0.572,0.843,0.81,0.08,0.209,0.56
0.248,0.984,0.573,0.844,0.811,0.08,0.21,0.561
0.249,0.986,0.574,0.845,0.812,0.081,0.21,0.561
0.249,0.988,0.574,0.845,0.813,0.081,0.21,0.561
0.25,0.989,0.575,0.846,0.814,0.081,0.21,0.562
0.25,0.991,0.575,0.847,0.815,0.081,0.21,0.562
0.251,0.992,0.576,0.848,0.816,0.081,0.211,0.563
0.251,0.993,0.576,0.848,0.817,0.081,0.211,0.563
0.251,0.994,0.577,0.849,0.818,0.082,0.211,0.563
0.252,0.996,0.577,0.85,0.819,0.082,0.211,0.563
0.252,0.997,0.578,0.85,0.82,0.082,0.211,0.564
0.252,0.998,0.578,0.851,0.82,0.082,0.211,0.564
0.253,0.999,0.579,0.852,0.821,0.082,0.212,0.564
0.253,1.0,0.579,0.853,0.822,0.083,0.212,0.565
0.254,1.001,0.58,0.853,0.823,0.083,0.212,0.565
0.254,1.002,0.58,0.854,0.824,0.083,0.212,0.565
0.255,1.003,0.581,0.855,0.825,0.083,0.212,0.565
0.255,1.004,0.581,0.855,0.826,0.083,0.212,0.566
0.255,1.005,0.582,0.856,0.827,0.083,0.212,0.566
0.255,1.006,0.582,0.857,0.828,0.084,0.213,0.566
0.256,1.007,0.583,0.857,0.829,0.084,0.213,0.567
0.256,1.008,0.584,0.858,0.83,0.084,0.213,0.567
0.257,1.009,0.584,0.859,0.831,0.084,0.213,0.567
0.257,1.01,0.585,0.859,0.832,0.084,0.213,0.568
0.257,1.011,0.585,0.86,0.833,0.084,0.213,0.568
0.258,1.011,0.586,0.861,0.834,0.085,0.214,0.568
0.258,1.012,0.586,0.861,0.835,0.085,0.214,0.568
0.259,1.013,0.587,0.862,0.836,0.085,0.214,0.569
0.259,1.013,0.588,0.863,0.837,0.085,0.214,0.569
0.259,1.014,0.588,0.863,0.838,0.085,0.214,0.569
0.26,1.015,0.589,0.864,0.839,0.085,0.214,0.569
0.26,1.015,0.589,0.865,0.84,0.086,0.215,0.569
0.261,1.016,0.59,0.866,0.841,0.086,0.215,0.57
0.261,1.016,0.59,0.866,0.842,0.086,0.215,0.57
0.261,1.017,0.591,0.867,0.843,0.086,0.215,0.57
0.262,1.017,0.591,0.867,0.843,0.086,0.215,0.57
0.262,1.018,0.592,0.868,0.844,0.086,0.215,0.571
0.262,1.019,0.593,0.869,0.845,0.086,0.216,0.571
0.263,1.02,0.593,0.869,0.846,0.087,0.216,0.571
0.263,1.021,0.594,0.87,0.847,0.087,0.216,0.571
0.264,1.022,0.594,0.87,0.848,0.087,0.216,0.572
0.264,1.023,0.595,0.871,0.849,0.087,0.216,0.572
0.264,1.024,0.595,0.871,0.851,0.087,0.216,0.572
0.265,1.025,0.596,0.871,0.852,0.088,0.216,0.573
0.265,1.026,0.597,0.872,0.853,0.088,0.216,0.573
0.266,1.027,0.597,0.873,0.854,0.088,0.217,0.574
0.266,1.028,0.598,0.873,0.855,0.088,0.217,0.574
0.266,1.029,0.598,0.874,0.857,0.088,0.217,0.574
0.267,1.03,0.599,0.874,0.858,0.088,0.217,0.574
0.267,1.032,0.6,0.875,0.859,0.088,0.217,0.574
0.267,1.033,0.6,0.876,0.861,0.089,0.217,0.575
0.268,1.033,0.601,0.876,0.862,0.089,0.217,0.575
0.268,1.034,0.601,0.877,0.863,0.089,0.218,0.575
0.269,1.035,0.602,0.877,0.864,0.089,0.218,0.575
0.269,1.036,0.602,0.879,0.866,0.089,0.218,0.575
0.27,1.037,0.603,0.879,0.867,0.09,0.218,0.575
0.27,1.038,0.604,0.88,0.868,0.09,0.218,0.575
0.27,1.039,0.605,0.881,0.87,0.09,0.218,0.576
0.271,1.04,0.605,0.881,0.871,0.09,0.218,0.576
0.271,1.041,0.606,0.882,0.872,0.09,0.219,0.576
0.271,1.042,0.606,0.883,0.873,0.09,0.219,0.576
0.272,1.043,0.607,0.884,0.874,0.091,0.219,0.576
0.272,1.044,0.608,0.885,0.876,0.091,0.219,0.576
0.273,1.045,0.608,0.885,0.877,0.091,0.219,0.577
0.273,1.046,0.609,0.886,0.878,0.091,0.219,0.577
0.273,1.047,0.609,0.887,0.879,0.091,0.219,0.577
0.274,1.048,0.61,0.888,0.881,0.091,0.219,0.577
0.274,1.049,0.611,0.889,0.882,0.092,0.219,0.578
0.275,1.05,0.611,0.89,0.883,0.092,0.22,0.578
0.275,1.051,0.612,0.892,0.884,0.092,0.22,0.578
0.275,1.051,0.613,0.893,0.886,0.092,0.22,0.579
0.276,1.053,0.614,0.894,0.887,0.092,0.22,0.579
0.276,1.053,0.614,0.895,0.888,0.093,0.22,0.58
0.277,1.054,0.615,0.896,0.889,0.093,0.22,0.58
0.277,1.055,0.616,0.897,0.89,0.093,0.22,0.581
0.277,1.056,0.616,0.899,0.892,0.093,0.22,0.581
0.278,1.057,0.617,0.9,0.893,0.093,0.22,0.581
0.278,1.058,0.617,0.901,0.894,0.093,0.22,0.582
0.279,1.059,0.618,0.903,0.895,0.093,0.221,0.582
0.279,1.06,0.619,0.904,0.896,0.094,0.221,0.582
0.279,1.061,0.619,0.906,0.897,0.093,0.221,0.583
0.28,1.062,0.62,0.907,0.898,0.094,0.221,0.583
0.28,1.062,0.621,0.909,0.899,0.094,0.221,0.583
0.281,1.063,0.622,0.91,0.9,0.094,0.221,0.583
0.281,1.064,0.622,0.912,0.901,0.094,0.221,0.583
0.281,1.065,0.623,0.913,0.903,0.094,0.221,0.583
0.282,1.066,0.624,0.915,0.904,0.094,0.221,0.583
0.282,1.067,0.624,0.916,0.904,0.095,0.222,0.584
0.283,1.068,0.625,0.918,0.905,0.095,0.222,0.583
0.283,1.068,0.626,0.92,0.907,0.095,0.222,0.584
0.284,1.069,0.626,0.921,0.908,0.095,0.222,0.584
0.284,1.07,0.627,0.923,0.908,0.095,0.222,0.584
0.284,1.071,0.628,0.924,0.91,0.095,0.222,0.584
0.285,1.072,0.628,0.925,0.911,0.095,0.222,0.584
0.285,1.072,0.629,0.926,0.911,0.096,0.222,0.584
0.285,1.073,0.63,0.928,0.912,0.096,0.222,0.584
0.286,1.074,0.63,0.929,0.913,0.096,0.222,0.584
0.286,1.075,0.631,0.93,0.914,0.096,0.222,0.584
0.287,1.075,0.632,0.932,0.915,0.096,0.223,0.585
0.287,1.076,0.632,0.933,0.916,0.097,0.223,0.585
0.288,1.077,0.633,0.934,0.917,0.097,0.223,0.585
0.288,1.078,0.634,0.935,0.918,0.097,0.223,0.585
0.288,1.078,0.634,0.937,0.919,0.097,0.223,0.585
0.289,1.079,0.635,0.938,0.919,0.097,0.223,0.585
0.289,1.08,0.636,0.939,0.92,0.097,0.223,0.585
0.29,1.081,0.636,0.94,0.921,0.097,0.223,0.585
0.29,1.081,0.637,0.941,0.922,0.098,0.224,0.585
0.29,1.082,0.638,0.942,0.923,0.098,0.223,0.586
0.291,1.083,0.638,0.943,0.924,0.098,0.223,0.585
0.291,1.083,0.639,0.945,0.924,0.098,0.224,0.585
0.292,1.084,0.64,0.946,0.925,0.098,0.224,0.585
0.292,1.085,0.64,0.947,0.926,0.098,0.224,0.585
0.293,1.085,0.641,0.948,0.927,0.098,0.224,0.585
0.293,1.086,0.641,0.949,0.928,0.099,0.224,0.585
0.293,1.086,0.642,0.95,0.929,0.099,0.224,0.585
0.294,1.086,0.643,0.951,0.93,0.099,0.224,0.585
0.294,1.087,0.644,0.953,0.931,0.099,0.224,0.586
0.295,1.087,0.644,0.954,0.932,0.099,0.225,0.586
0.295,1.087,0.645,0.956,0.933,0.099,0.225,0.587
0.296,1.088,0.645,0.958,0.934,0.099,0.225,0.588
0.296,1.089,0.646,0.959,0.935,0.1,0.225,0.589
0.297,1.09,0.646,0.961,0.936,0.1,0.225,0.59
0.297,1.091,0.647,0.963,0.937,0.1,0.225,0.591
0.297,1.093,0.648,0.965,0.938,0.1,0.225,0.593
0.298,1.094,0.649,0.967,0.94,0.1,0.226,0.595
0.298,1.096,0.649,0.969,0.941,0.1,0.225,0.597
0.298,1.097,0.65,0.971,0.943,0.101,0.226,0.599
0.299,1.098,0.65,0.973,0.944,0.101,0.226,0.601
0.299,1.099,0.651,0.975,0.945,0.101,0.226,0.603
0.3,1.101,0.652,0.976,0.946,0.101,0.226,0.605
0.3,1.102,0.652,0.978,0.948,0.101,0.226,0.607
0.301,1.103,0.653,0.98,0.949,0.101,0.226,0.609
0.301,1.104,0.654,0.981,0.95,0.102,0.227,0.61
0.301,1.105,0.654,0.982,0.951,0.102,0.227,0.612
0.302,1.106,0.655,0.983,0.952,0.102,0.227,0.613
0.302,1.107,0.656,0.984,0.954,0.102,0.227,0.614
0.303,1.107,0.656,0.986,0.952,0.102,0.226,0.613
0.303,1.109,0.658,0.988,0.957,0.102,0.227,0.616
0.303,1.108,0.658,0.989,0.958,0.103,0.228,0.617
0.302,1.104,0.656,0.986,0.956,0.103,0.227,0.616
0.303,1.103,0.656,0.986,0.955,0.102,0.227,0.615
0.304,1.105,0.657,0.988,0.957,0.103,0.227,0.616
0.305,1.107,0.659,0.99,0.959,0.103,0.227,0.618
0.306,1.11,0.661,0.994,0.963,0.103,0.228,0.62
0.306,1.11,0.661,0.995,0.964,0.104,0.228,0.622
0.305,1.105,0.66,0.992,0.961,0.104,0.228,0.62
0.305,1.105,0.66,0.991,0.961,0.103,0.227,0.619
0.306,1.106,0.661,0.993,0.963,0.104,0.228,0.619
0.307,1.109,0.662,0.996,0.965,0.104,0.228,0.621
0.308,1.112,0.665,1.0,0.969,0.104,0.229,0.623
0.308,1.112,0.666,1.001,0.97,0.105,0.229,0.624
0.307,1.107,0.663,0.997,0.967,0.104,0.229,0.623
0.307,1.107,0.663,0.997,0.966,0.104,0.228,0.621
0.308,1.108,0.664,0.999,0.968,0.105,0.228,0.622
0.309,1.11,0.666,1.001,0.97,0.105,0.229,0.623
0.31,1.114,0.669,1.005,0.974,0.105,0.23,0.625
0.31,1.113,0.669,1.006,0.975,0.106,0.23,0.627
0.309,1.109,0.667,1.002,0.972,0.105,0.229,0.625
0.31,1.108,0.667,1.002,0.971,0.105,0.229,0.623
0.31,1.11,0.668,1.004,0.973,0.105,0.229,0.624
0.311,1.112,0.67,1.006,0.975,0.106,0.229,0.625
0.313,1.115,0.672,1.01,0.979,0.106,0.23,0.627
0.312,1.115,0.673,1.011,0.98,0.106,0.231,0.629
0.312,1.111,0.671,1.007,0.977,0.106,0.23,0.627
0.312,1.11,0.67,1.006,0.976,0.106,0.23,0.626
0.313,1.111,0.672,1.008,0.977,0.106,0.23,0.627
0.314,1.113,0.673,1.01,0.979,0.107,0.23,0.628
0.315,1.117,0.676,1.014,0.983,0.107,0.231,0.63
0.315,1.117,0.676,1.015,0.984,0.107,0.231,0.631
0.314,1.112,0.674,1.012,0.981,0.107,0.231,0.63
0.314,1.111,0.674,1.01,0.98,0.107,0.23,0.628
0.315,1.113,0.675,1.012,0.982,0.107,0.23,0.629
0.316,1.115,0.676,1.014,0.983,0.107,0.231,0.63
0.317,1.119,0.679,1.018,0.987,0.108,0.232,0.632
0.317,1.118,0.68,1.019,0.989,0.108,0.232,0.633
0.316,1.114,0.677,1.016,0.986,0.108,0.232,0.631
0.316,1.113,0.677,1.014,0.984,0.108,0.231,0.63
0.317,1.114,0.678,1.016,0.986,0.108,0.231,0.63
0.318,1.116,0.68,1.018,0.987,0.108,0.232,0.631
0.319,1.12,0.682,1.021,0.991,0.109,0.232,0.633
0.319,1.119,0.683,1.023,0.992,0.109,0.233,0.634
0.318,1.115,0.681,1.019,0.989,0.109,0.232,0.633
0.318,1.114,0.68,1.017,0.988,0.108,0.232,0.63
0.319,1.115,0.681,1.019,0.989,0.109,0.232,0.631
0.32,1.116,0.683,1.021,0.991,0.109,0.232,0.632
0.321,1.12,0.686,1.024,0.994,0.109,0.233,0.633
0.321,1.12,0.686,1.026,0.996,0.11,0.234,0.635
0.32,1.115,0.684,1.022,0.993,0.109,0.233,0.634
0.32,1.114,0.683,1.02,0.991,0.109,0.232,0.631
0.321,1.115,0.685,1.022,0.992,0.109,0.233,0.632
0.322,1.117,0.686,1.024,0.994,0.11,0.233,0.632
0.323,1.12,0.689,1.027,0.998,0.11,0.234,0.634
0.323,1.12,0.689,1.028,0.999,0.11,0.234,0.635
0.323,1.116,0.687,1.025,0.996,0.11,0.233,0.634
0.322,1.114,0.686,1.023,0.994,0.11,0.233,0.632
0.323,1.116,0.688,1.025,0.996,0.11,0.233,0.632
0.324,1.117,0.689,1.026,0.997,0.11,0.234,0.635
0.325,1.12,0.691,1.03,1.001,0.111,0.234,0.635
0.325,1.12,0.692,1.03,1.001,0.111,0.234,0.635
0.326,1.12,0.692,1.03,1.002,0.111,0.234,0.635
0.326,1.12,0.693,1.031,1.002,0.111,0.234,0.635
0.327,1.12,0.693,1.032,1.003,0.111,0.235,0.635
0.327,1.12,0.694,1.032,1.004,0.111,0.235,0.635
0.327,1.12,0.694,1.032,1.004,0.111,0.235,0.635
0.328,1.12,0.695,1.033,1.005,0.112,0.235,0.635
0.328,1.12,0.695,1.033,1.005,0.112,0.235,0.635
0.328,1.12,0.696,1.033,1.006,0.112,0.235,0.635
0.328,1.12,0.696,1.034,1.006,0.112,0.235,0.635
0.329,1.12,0.697,1.035,1.007,0.112,0.235,0.635
0.329,1.12,0.697,1.035,1.007,0.112,0.235,0.635
0.329,1.12,0.698,1.036,1.008,0.112,0.236,0.635
0.33,1.12,0.698,1.036,1.008,0.112,0.236,0.635
0.33,1.12,0.699,1.036,1.009,0.112,0.236,0.635
0.331,1.12,0.699,1.037,1.009,0.113,0.236,0.635
0.331,1.12,0.7,1.037,1.01,0.113,0.236,0.635
0.331,1.12,0.7,1.038,1.01,0.113,0.236,0.635
0.332,1.12,0.701,1.038,1.011,0.113,0.236,0.635
0.332,1.12,0.701,1.038,1.011,0.113,0.236,0.635
0.332,1.12,0.702,1.039,1.011,0.113,0.236,0.635
0.333,1.119,0.702,1.039,1.012,0.113,0.236,0.635
0.333,1.119,0.703,1.039,1.012,0.113,0.236,0.635
0.333,1.119,0.703,1.04,1.013,0.113,0.236,0.635
0.334,1.119,0.704,1.04,1.013,0.114,0.237,0.635
0.334,1.119,0.704,1.041,1.014,0.114,0.237,0.635
0.334,1.119,0.705,1.041,1.014,0.114,0.237,0.635
0.335,1.119,0.705,1.041,1.015,0.114,0.237,0.635
0.335,1.119,0.706,1.042,1.015,0.114,0.237,0.635
0.335,1.118,0.706,1.042,1.015,0.114,0.237,0.635
0.336,1.118,0.707,1.042,1.016,0.114,0.237,0.635
0.336,1.118,0.707,1.043,1.016,0.114,0.237,0.635
0.336,1.118,0.708,1.043,1.017,0.114,0.237,0.635
0.337,1.118,0.708,1.043,1.017,0.115,0.237,0.635
0.337,1.118,0.709,1.043,1.018,0.115,0.237,0.635
0.337,1.118,0.709,1.043,1.018,0.115,0.238,0.635
0.338,1.118,0.71,1.044,1.018,0.115,0.238,0.635
0.338,1.117,0.71,1.044,1.019,0.115,0.238,0.635
0.338,1.117,0.711,1.044,1.019,0.115,0.238,0.635
0.338,1.117,0.711,1.045,1.02,0.115,0.238,0.636
0.339,1.116,0.712,1.045,1.021,0.115,0.238,0.636
0.339,1.116,0.712,1.046,1.021,0.116,0.238,0.636
0.34,1.116,0.713,1.046,1.022,0.115,0.238,0.636
0.34,1.115,0.713,1.047,1.022,0.116,0.238,0.636
0.34,1.115,0.714,1.048,1.023,0.116,0.238,0.637
0.341,1.115,0.714,1.048,1.024,0.116,0.238,0.637
0.341,1.115,0.715,1.049,1.024,0.116,0.238,0.637
0.341,1.115,0.715,1.05,1.025,0.116,0.238,0.637
0.341,1.115,0.716,1.051,1.025,0.116,0.238,0.637
0.342,1.115,0.716,1.052,1.026,0.116,0.238,0.637
0.342,1.115,0.717,1.052,1.026,0.116,0.238,0.637
0.343,1.114,0.717,1.053,1.027,0.116,0.238,0.637
0.343,1.115,0.718,1.054,1.027,0.116,0.239,0.637
0.343,1.114,0.718,1.055,1.028,0.117,0.238,0.637
0.344,1.114,0.718,1.056,1.029,0.117,0.239,0.637
0.344,1.114,0.719,1.057,1.029,0.117,0.239,0.637
0.344,1.114,0.719,1.058,1.029,0.117,0.239,0.637
0.345,1.114,0.72,1.058,1.03,0.117,0.239,0.637
0.345,1.114,0.721,1.059,1.03,0.117,0.239,0.637
0.345,1.114,0.721,1.06,1.03,0.117,0.239,0.638
0.345,1.114,0.721,1.061,1.031,0.117,0.239,0.638
0.346,1.114,0.722,1.061,1.031,0.117,0.239,0.638
0.346,1.112,0.721,1.061,1.03,0.117,0.239,0.638
0.346,1.112,0.721,1.06,1.029,0.117,0.238,0.637
0.347,1.115,0.723,1.062,1.031,0.117,0.239,0.638
0.348,1.117,0.725,1.065,1.034,0.118,0.239,0.64
0.348,1.117,0.725,1.065,1.034,0.118,0.239,0.64
0.348,1.117,0.725,1.066,1.034,0.118,0.239,0.64
0.347,1.115,0.724,1.065,1.033,0.118,0.239,0.639
0.348,1.115,0.724,1.065,1.032,0.117,0.239,0.639
0.349,1.117,0.726,1.068,1.034,0.118,0.239,0.64
0.35,1.119,0.728,1.072,1.037,0.118,0.24,0.643
0.35,1.12,0.728,1.073,1.038,0.118,0.24,0.644
0.35,1.121,0.728,1.076,1.038,0.118,0.24,0.646
0.35,1.121,0.727,1.078,1.037,0.118,0.239,0.648
0.35,1.123,0.727,1.081,1.038,0.118,0.239,0.65
0.351,1.129,0.729,1.088,1.041,0.118,0.24,0.654
0.352,1.134,0.731,1.095,1.045,0.119,0.24,0.66
0.352,1.14,0.732,1.099,1.047,0.119,0.241,0.665
0.352,1.144,0.732,1.103,1.049,0.119,0.241,0.669
0.352,1.148,0.731,1.105,1.051,0.119,0.241,0.674
0.352,1.152,0.731,1.108,1.052,0.119,0.24,0.677
0.354,1.16,0.733,1.115,1.057,0.12,0.241,0.683
0.355,1.168,0.735,1.121,1.062,0.12,0.242,0.69
0.355,1.173,0.736,1.124,1.066,0.121,0.242,0.695
0.355,1.18,0.736,1.127,1.069,0.121,0.242,0.7
0.355,1.184,0.736,1.129,1.071,0.121,0.242,0.704
0.356,1.19,0.736,1.132,1.073,0.121,0.241,0.708
0.357,1.199,0.738,1.138,1.078,0.122,0.242,0.714
0.358,1.208,0.74,1.143,1.085,0.122,0.243,0.721
0.359,1.216,0.741,1.147,1.088,0.122,0.243,0.726
0.359,1.223,0.741,1.15,1.092,0.123,0.243,0.73
0.359,1.228,0.741,1.152,1.094,0.123,0.243,0.734
0.359,1.234,0.741,1.154,1.097,0.123,0.243,0.738
0.361,1.245,0.743,1.16,1.102,0.124,0.243,0.743
0.362,1.254,0.745,1.165,1.109,0.124,0.244,0.749
0.362,1.261,0.746,1.168,1.112,0.125,0.244,0.754
0.363,1.269,0.747,1.17,1.116,0.125,0.244,0.758
0.363,1.274,0.747,1.173,1.119,0.125,0.244,0.761
0.364,1.281,0.747,1.175,1.122,0.126,0.244,0.764
0.365,1.291,0.749,1.18,1.127,0.126,0.244,0.769
0.366,1.3,0.751,1.186,1.134,0.127,0.245,0.775
0.367,1.307,0.752,1.189,1.137,0.127,0.246,0.779
0.367,1.313,0.753,1.192,1.141,0.128,0.246,0.783
0.368,1.318,0.753,1.193,1.143,0.128,0.246,0.786
0.368,1.325,0.753,1.194,1.145,0.128,0.245,0.789
0.369,1.334,0.755,1.198,1.151,0.129,0.246,0.793
0.371,1.343,0.758,1.204,1.158,0.13,0.247,0.799
0.372,1.349,0.759,1.208,1.161,0.13,0.247,0.803
0.372,1.356,0.759,1.211,1.165,0.13,0.247,0.806
0.372,1.36,0.759,1.212,1.168,0.131,0.247,0.809
0.373,1.366,0.76,1.214,1.17,0.131,0.247,0.811
0.374,1.375,0.762,1.219,1.175,0.132,0.247,0.816
0.376,1.385,0.764,1.224,1.182,0.133,0.248,0.821
0.377,1.39,0.765,1.226,1.185,0.133,0.249,0.825
0.377,1.396,0.766,1.23,1.189,0.134,0.249,0.829
0.377,1.4,0.766,1.232,1.191,0.134,0.249,0.832
0.378,1.405,0.766,1.234,1.193,0.134,0.248,0.833
0.38,1.414,0.769,1.238,1.199,0.135,0.249,0.837
0.381,1.423,0.771,1.244,1.205,0.136,0.25,0.843
0.382,1.429,0.772,1.247,1.209,0.136,0.25,0.847
0.383,1.434,0.773,1.249,1.212,0.137,0.25,0.85
0.383,1.438,0.773,1.252,1.215,0.137,0.25,0.853
0.384,1.445,0.775,1.255,1.219,0.138,0.251,0.857
0.385,1.451,0.776,1.259,1.223,0.138,0.251,0.86
0.386,1.457,0.778,1.262,1.227,0.139,0.251,0.864
0.387,1.463,0.779,1.266,1.231,0.139,0.252,0.867
0.388,1.469,0.78,1.269,1.234,0.14,0.252,0.87
0.389,1.474,0.781,1.272,1.238,0.141,0.252,0.874
0.39,1.48,0.782,1.275,1.242,0.141,0.252,0.877
0.391,1.485,0.783,1.278,1.245,0.142,0.253,0.88
0.392,1.49,0.785,1.28,1.249,0.142,0.253,0.884
0.393,1.496,0.786,1.283,1.252,0.143,0.253,0.887
0.394,1.501,0.787,1.287,1.256,0.143,0.253,0.89
0.395,1.506,0.788,1.29,1.26,0.144,0.253,0.894
0.396,1.511,0.79,1.294,1.263,0.145,0.254,0.897
0.397,1.516,0.791,1.297,1.267,0.145,0.254,0.9
0.398,1.521,0.792,1.3,1.27,0.146,0.254,0.903
0.399,1.525,0.793,1.304,1.273,0.146,0.255,0.906
0.4,1.53,0.794,1.307,1.277,0.147,0.255,0.909
0.401,1.535,0.795,1.311,1.28,0.148,0.255,0.912
0.402,1.539,0.797,1.314,1.283,0.148,0.255,0.915
0.403,1.544,0.798,1.317,1.287,0.149,0.256,0.918
0.404,1.548,0.799,1.32,1.29,0.149,0.256,0.921
0.405,1.553,0.8,1.323,1.293,0.15,0.256,0.924
0.406,1.557,0.801,1.327,1.296,0.151,0.256,0.927
0.407,1.561,0.802,1.33,1.3,0.151,0.257,0.93
0.408,1.566,0.804,1.333,1.303,0.152,0.257,0.933
0.409,1.57,0.805,1.336,1.306,0.152,0.257,0.936
0.41,1.574,0.806,1.34,1.309,0.153,0.257,0.939
0.41,1.578,0.807,1.343,1.312,0.154,0.258,0.942
0.411,1.582,0.809,1.346,1.316,0.154,0.258,0.944
0.412,1.586,0.81,1.35,1.319,0.155,0.258,0.947
0.414,1.59,0.811,1.353,1.322,0.155,0.259,0.95
0.414,1.594,0.812,1.356,1.325,0.156,0.259,0.953
0.415,1.597,0.813,1.359,1.328,0.157,0.259,0.956
0.416,1.601,0.814,1.362,1.331,0.158,0.259,0.959
0.417,1.604,0.816,1.365,1.334,0.158,0.259,0.962
0.418,1.608,0.817,1.368,1.337,0.159,0.26,0.965
0.419,1.611,0.818,1.371,1.34,0.159,0.26,0.967
0.42,1.615,0.819,1.374,1.343,0.16,0.26,0.97
0.421,1.618,0.821,1.376,1.346,0.16,0.261,0.973
0.422,1.621,0.822,1.379,1.349,0.161,0.261,0.976
0.423,1.625,0.823,1.382,1.352,0.162,0.261,0.978
0.424,1.628,0.824,1.385,1.355,0.162,0.261,0.981
0.425,1.631,0.825,1.388,1.358,0.163,0.262,0.984
0.426,1.634,0.826,1.39,1.36,0.164,0.262,0.986
0.427,1.637,0.828,1.393,1.363,0.164,0.262,0.989
0.428,1.64,0.829,1.396,1.366,0.165,0.262,0.992
0.429,1.643,0.83,1.399,1.369,0.166,0.263,0.994
0.43,1.646,0.831,1.401,1.372,0.166,0.263,0.997
0.431,1.649,0.832,1.404,1.374,0.167,0.263,0.999
0.432,1.652,0.833,1.407,1.377,0.167,0.263,1.002
0.433,1.655,0.834,1.409,1.38,0.168,0.264,1.005
0.434,1.658,0.836,1.412,1.383,0.169,0.264,1.007
0.435,1.661,0.837,1.415,1.385,0.169,0.264,1.01
0.436,1.663,0.838,1.417,1.388,0.17,0.265,1.012
0.437,1.666,0.839,1.42,1.391,0.171,0.265,1.015
0.438,1.669,0.84,1.423,1.393,0.171,0.265,1.017
0.439,1.672,0.841,1.426,1.396,0.172,0.265,1.02
0.44,1.674,0.843,1.428,1.399,0.173,0.266,1.023
0.441,1.677,0.844,1.431,1.401,0.173,0.266,1.025
0.442,1.68,0.845,1.433,1.404,0.174,0.266,1.027
0.443,1.683,0.846,1.436,1.406,0.175,0.266,1.03
0.444,1.685,0.847,1.439,1.409,0.175,0.267,1.033
0.445,1.688,0.849,1.441,1.412,0.176,0.267,1.035
0.448,1.696,0.853,1.449,1.419,0.177,0.268,1.041
0.447,1.694,0.852,1.448,1.419,0.178,0.268,1.043
0.446,1.688,0.849,1.444,1.415,0.177,0.267,1.041
0.446,1.687,0.848,1.442,1.413,0.177,0.266,1.039
0.449,1.696,0.851,1.449,1.419,0.178,0.267,1.042
0.452,1.706,0.857,1.458,1.428,0.18,0.268,1.05
0.454,1.711,0.859,1.464,1.435,0.181,0.27,1.056
0.454,1.709,0.859,1.464,1.435,0.182,0.269,1.058
0.452,1.703,0.856,1.46,1.431,0.182,0.269,1.056
0.453,1.702,0.854,1.458,1.428,0.181,0.268,1.054
0.455,1.71,0.858,1.464,1.433,0.182,0.268,1.057
0.458,1.721,0.864,1.474,1.443,0.184,0.27,1.065
0.46,1.725,0.866,1.479,1.45,0.185,0.271,1.071
0.46,1.723,0.866,1.479,1.45,0.186,0.271,1.073
0.459,1.717,0.863,1.474,1.446,0.185,0.27,1.071
0.458,1.715,0.861,1.472,1.443,0.185,0.269,1.069
0.461,1.723,0.865,1.478,1.448,0.186,0.27,1.072
0.464,1.734,0.87,1.488,1.458,0.188,0.271,1.079
0.466,1.739,0.873,1.494,1.464,0.189,0.273,1.086
0.466,1.736,0.872,1.494,1.464,0.19,0.273,1.088
0.464,1.731,0.869,1.489,1.46,0.189,0.272,1.086
0.464,1.729,0.868,1.487,1.457,0.189,0.271,1.084
0.467,1.736,0.871,1.493,1.462,0.19,0.271,1.086
0.471,1.747,0.877,1.502,1.472,0.192,0.273,1.094
0.472,1.752,0.88,1.508,1.478,0.193,0.274,1.1
0.472,1.75,0.879,1.508,1.478,0.194,0.274,1.102
0.47,1.744,0.876,1.504,1.474,0.194,0.273,1.1
0.47,1.741,0.875,1.501,1.471,0.194,0.272,1.098
0.473,1.748,0.878,1.506,1.476,0.194,0.273,1.1
0.476,1.759,0.884,1.517,1.486,0.196,0.274,1.107
0.478,1.764,0.886,1.522,1.492,0.197,0.276,1.114
0.478,1.762,0.885,1.522,1.492,0.198,0.276,1.116
0.476,1.755,0.883,1.518,1.488,0.198,0.275,1.114
0.476,1.753,0.881,1.515,1.485,0.198,0.274,1.112
0.479,1.76,0.885,1.52,1.489,0.199,0.274,1.114
0.483,1.771,0.89,1.53,1.499,0.2,0.276,1.121
0.484,1.776,0.893,1.537,1.506,0.202,0.277,1.128
0.484,1.773,0.892,1.536,1.506,0.202,0.277,1.13
0.482,1.767,0.889,1.532,1.502,0.202,0.276,1.128
0.482,1.764,0.888,1.529,1.498,0.202,0.275,1.125
0.485,1.771,0.891,1.534,1.502,0.203,0.275,1.127
0.488,1.782,0.897,1.544,1.513,0.204,0.277,1.135
0.49,1.787,0.9,1.55,1.519,0.206,0.279,1.142
0.49,1.784,0.899,1.55,1.519,0.206,0.278,1.144
0.488,1.778,0.896,1.545,1.515,0.206,0.278,1.141
0.488,1.775,0.894,1.542,1.511,0.206,0.277,1.139
0.491,1.781,0.897,1.547,1.515,0.207,0.277,1.14
0.494,1.792,0.903,1.557,1.525,0.209,0.279,1.148
0.496,1.797,0.906,1.563,1.532,0.21,0.28,1.155
0.496,1.794,0.905,1.563,1.532,0.21,0.28,1.156
0.495,1.787,0.902,1.558,1.528,0.21,0.279,1.154
0.494,1.784,0.9,1.555,1.524,0.21,0.278,1.151
0.497,1.79,0.904,1.559,1.528,0.211,0.279,1.153
0.5,1.8,0.909,1.569,1.537,0.213,0.28,1.16
0.502,1.805,0.912,1.575,1.544,0.214,0.281,1.167
0.502,1.803,0.912,1.575,1.545,0.214,0.281,1.169
0.501,1.796,0.909,1.57,1.54,0.214,0.28,1.166
0.5,1.792,0.906,1.566,1.536,0.214,0.28,1.163
0.503,1.798,0.91,1.571,1.539,0.215,0.28,1.164
0.506,1.808,0.915,1.581,1.549,0.216,0.282,1.171
0.508,1.813,0.915,1.582,1.551,0.217,0.282,1.175
0.507,1.809,0.917,1.584,1.553,0.218,0.282,1.176
0.508,1.81,0.918,1.586,1.554,0.219,0.282,1.178
0.509,1.812,0.919,1.587,1.557,0.219,0.282,1.18
0.51,1.812,0.92,1.589,1.559,0.22,0.283,1.182
0.511,1.814,0.921,1.591,1.56,0.22,0.283,1.183
0.512,1.815,0.922,1.593,1.562,0.221,0.283,1.185
0.513,1.816,0.923,1.594,1.564,0.222,0.284,1.186
0.514,1.818,0.924,1.596,1.566,0.222,0.284,1.188
0.515,1.819,0.925,1.598,1.568,0.223,0.284,1.19
0.516,1.82,0.926,1.6,1.569,0.224,0.284,1.191
0.517,1.821,0.927,1.601,1.571,0.224,0.284,1.193
0.518,1.822,0.928,1.603,1.573,0.225,0.285,1.194
0.519,1.823,0.929,1.604,1.575,0.225,0.285,1.196
0.52,1.825,0.93,1.606,1.576,0.226,0.285,1.197
0.521,1.826,0.931,1.607,1.578,0.227,0.285,1.199
0.522,1.827,0.932,1.609,1.58,0.228,0.286,1.2
0.523,1.828,0.933,1.61,1.582,0.228,0.286,1.201
0.524,1.829,0.934,1.611,1.583,0.229,0.286,1.203
0.525,1.83,0.935,1.613,1.585,0.229,0.286,1.204
0.526,1.831,0.936,1.614,1.586,0.23,0.286,1.205
0.527,1.832,0.937,1.615,1.588,0.23,0.287,1.206
0.528,1.833,0.938,1.616,1.589,0.231,0.287,1.207
0.529,1.834,0.939,1.618,1.591,0.232,0.287,1.208
0.53,1.835,0.94,1.619,1.593,0.233,0.287,1.21
0.531,1.837,0.941,1.62,1.594,0.233,0.288,1.21
0.532,1.837,0.942,1.621,1.596,0.234,0.288,1.211
0.533,1.838,0.943,1.622,1.597,0.234,0.288,1.211
0.534,1.838,0.944,1.623,1.598,0.235,0.288,1.212
0.535,1.838,0.945,1.624,1.6,0.236,0.288,1.212
0.536,1.838,0.946,1.625,1.601,0.236,0.289,1.213
0.537,1.837,0.947,1.626,1.603,0.237,0.289,1.213
0.538,1.836,0.948,1.627,1.604,0.237,0.289,1.213
0.539,1.834,0.949,1.628,1.606,0.238,0.289,1.213
0.54,1.832,0.95,1.629,1.607,0.239,0.289,1.212
0.54,1.829,0.951,1.629,1.609,0.239,0.29,1.212
0.541,1.826,0.952,1.63,1.61,0.24,0.29,1.211
0.542,1.822,0.953,1.63,1.611,0.241,0.29,1.211
0.543,1.819,0.953,1.63,1.612,0.241,0.29,1.21
0.544,1.815,0.954,1.63,1.614,0.242,0.29,1.21
0.545,1.812,0.955,1.629,1.615,0.242,0.29,1.209
0.546,1.808,0.955,1.629,1.615,0.242,0.291,1.209
0.547,1.805,0.956,1.628,1.616,0.243,0.291,1.208
0.547,1.801,0.956,1.627,1.616,0.243,0.291,1.208
0.548,1.798,0.957,1.626,1.616,0.244,0.291,1.207
0.549,1.795,0.958,1.625,1.617,0.244,0.291,1.207
0.55,1.791,0.958,1.625,1.617,0.244,0.291,1.206
0.551,1.788,0.959,1.624,1.617,0.245,0.291,1.206
0.551,1.786,0.959,1.623,1.617,0.245,0.291,1.205
0.552,1.783,0.96,1.622,1.617,0.245,0.292,1.204
0.553,1.781,0.961,1.622,1.617,0.246,0.292,1.203
0.554,1.777,0.961,1.621,1.617,0.246,0.292,1.202
0.555,1.773,0.962,1.62,1.617,0.246,0.292,1.201
0.555,1.769,0.962,1.62,1.618,0.247,0.292,1.2
0.556,1.765,0.963,1.619,1.618,0.247,0.293,1.199
0.557,1.762,0.964,1.619,1.618,0.247,0.293,1.198
0.558,1.757,0.964,1.618,1.618,0.247,0.293,1.197
0.559,1.754,0.964,1.617,1.617,0.248,0.293,1.196
0.559,1.75,0.965,1.616,1.617,0.248,0.293,1.195
0.56,1.746,0.965,1.615,1.616,0.248,0.293,1.194
0.561,1.743,0.966,1.613,1.616,0.248,0.293,1.193
0.561,1.739,0.966,1.612,1.615,0.248,0.293,1.192
0.562,1.736,0.967,1.611,1.614,0.248,0.293,1.191
0.563,1.732,0.967,1.61,1.614,0.248,0.293,1.187
0.562,1.725,0.965,1.605,1.609,0.248,0.293,1.186
0.563,1.722,0.966,1.605,1.609,0.248,0.293,1.185
0.564,1.719,0.966,1.604,1.608,0.248,0.293,1.184
0.565,1.716,0.967,1.603,1.608,0.248,0.293,1.184
0.565,1.713,0.967,1.602,1.607,0.248,0.293,1.183
0.566,1.711,0.968,1.601,1.607,0.249,0.294,1.182
0.567,1.709,0.968,1.601,1.606,0.249,0.294,1.181
0.568,1.707,0.968,1.6,1.606,0.249,0.294,1.18
0.568,1.704,0.969,1.599,1.605,0.249,0.294,1.178
0.569,1.701,0.969,1.599,1.605,0.249,0.294,1.177
0.57,1.698,0.97,1.598,1.604,0.249,0.294,1.176
0.57,1.695,0.97,1.598,1.604,0.249,0.294,1.175
0.571,1.691,0.97,1.598,1.604,0.249,0.294,1.173
0.572,1.687,0.971,1.598,1.604,0.249,0.294,1.172
0.572,1.684,0.971,1.597,1.603,0.249,0.294,1.171
0.573,1.68,0.972,1.596,1.603,0.249,0.294,1.169
0.573,1.677,0.972,1.595,1.602,0.25,0.294,1.168
0.574,1.673,0.972,1.594,1.6,0.249,0.294,1.167
0.575,1.669,0.973,1.593,1.599,0.25,0.294,1.165
0.576,1.666,0.973,1.592,1.598,0.25,0.294,1.164
0.576,1.662,0.973,1.591,1.597,0.249,0.295,1.163
0.577,1.659,0.973,1.589,1.595,0.25,0.295,1.161
0.578,1.655,0.974,1.588,1.594,0.249,0.295,1.16
0.578,1.652,0.974,1.587,1.593,0.249,0.295,1.158
0.579,1.649,0.974,1.586,1.592,0.249,0.295,1.157
0.579,1.646,0.975,1.585,1.591,0.249,0.295,1.156
0.58,1.642,0.975,1.584,1.59,0.249,0.295,1.154
0.581,1.639,0.975,1.583,1.589,0.249,0.295,1.153
0.581,1.636,0.976,1.582,1.587,0.249,0.295,1.152
0.582,1.633,0.976,1.581,1.587,0.249,0.295,1.15
0.583,1.63,0.976,1.58,1.585,0.249,0.295,1.149
0.583,1.628,0.976,1.579,1.584,0.249,0.295,1.147
0.584,1.625,0.977,1.579,1.583,0.249,0.295,1.146
0.584,1.622,0.977,1.578,1.582,0.249,0.295,1.145
0.585,1.62,0.977,1.577,1.581,0.249,0.295,1.143
0.586,1.617,0.978,1.576,1.58,0.249,0.295,1.142
0.587,1.615,0.978,1.576,1.579,0.249,0.295,1.141
0.587,1.613,0.979,1.575,1.577,0.249,0.295,1.139
0.588,1.612,0.979,1.574,1.577,0.249,0.296,1.138
0.588,1.61,0.979,1.574,1.576,0.249,0.295,1.137
0.589,1.609,0.98,1.574,1.575,0.248,0.296,1.136
0.59,1.607,0.98,1.573,1.574,0.248,0.295,1.135
0.59,1.606,0.98,1.573,1.573,0.248,0.296,1.134
0.591,1.605,0.981,1.572,1.572,0.248,0.296,1.133
0.592,1.604,0.981,1.572,1.571,0.248,0.296,1.132
0.592,1.602,0.981,1.572,1.57,0.248,0.296,1.131
0.593,1.601,0.982,1.571,1.57,0.248,0.296,1.129
0.594,1.6,0.982,1.571,1.569,0.248,0.296,1.128
0.594,1.599,0.983,1.571,1.568,0.248,0.296,1.127
0.595,1.597,0.983,1.57,1.568,0.247,0.296,1.126
0.596,1.596,0.983,1.57,1.567,0.248,0.296,1.125
0.596,1.594,0.984,1.569,1.566,0.248,0.296,1.124
0.597,1.593,0.984,1.569,1.566,0.247,0.296,1.124
0.597,1.591,0.984,1.569,1.565,0.247,0.296,1.123
0.598,1.59,0.985,1.569,1.565,0.247,0.296,1.123
0.599,1.589,0.985,1.569,1.564,0.247,0.296,1.123
0.599,1.588,0.985,1.57,1.564,0.247,0.296,1.124
0.6,1.588,0.986,1.571,1.563,0.247,0.296,1.124
0.6,1.588,0.986,1.572,1.563,0.247,0.296,1.125
0.601,1.589,0.987,1.574,1.563,0.247,0.296,1.127
0.601,1.591,0.987,1.576,1.563,0.247,0.297,1.13
0.601,1.593,0.988,1.579,1.563,0.247,0.297,1.132
0.602,1.595,0.988,1.582,1.564,0.247,0.297,1.135
0.602,1.598,0.989,1.585,1.565,0.247,0.297,1.139
0.603,1.601,0.99,1.586,1.565,0.247,0.297,1.143
0.603,1.604,0.99,1.587,1.567,0.247,0.297,1.147
0.604,1.607,0.99,1.589,1.568,0.247,0.297,1.151
0.604,1.61,0.991,1.59,1.57,0.247,0.298,1.156
0.605,1.613,0.992,1.592,1.572,0.248,0.298,1.16
0.605,1.616,0.992,1.594,1.574,0.248,0.298,1.164
0.606,1.62,0.993,1.595,1.577,0.248,0.298,1.169
0.607,1.624,0.994,1.595,1.579,0.248,0.298,1.173
0.607,1.628,0.994,1.597,1.581,0.248,0.298,1.177
0.607,1.632,0.995,1.598,1.584,0.249,0.298,1.181
0.608,1.636,0.996,1.598,1.586,0.249,0.298,1.184
0.609,1.64,0.996,1.601,1.589,0.249,0.298,1.188
0.609,1.645,0.997,1.605,1.591,0.25,0.299,1.191
0.61,1.649,0.998,1.607,1.594,0.25,0.299,1.195
0.611,1.653,0.998,1.608,1.597,0.25,0.299,1.198
0.611,1.658,0.999,1.61,1.6,0.251,0.299,1.201
0.612,1.662,1.0,1.612,1.602,0.251,0.299,1.205
0.613,1.667,1.001,1.614,1.605,0.252,0.3,1.208
0.613,1.672,1.001,1.616,1.608,0.252,0.299,1.211
0.614,1.676,1.002,1.618,1.61,0.253,0.3,1.214
0.615,1.681,1.003,1.62,1.613,0.253,0.3,1.217
0.616,1.685,1.004,1.622,1.616,0.254,0.3,1.22
0.616,1.69,1.005,1.626,1.618,0.254,0.3,1.223
0.617,1.695,1.006,1.628,1.621,0.255,0.3,1.226
0.618,1.699,1.007,1.629,1.624,0.255,0.301,1.229
0.619,1.704,1.007,1.629,1.627,0.256,0.301,1.232
0.62,1.708,1.008,1.631,1.629,0.257,0.301,1.235
0.62,1.713,1.009,1.633,1.632,0.257,0.301,1.237
0.621,1.717,1.01,1.634,1.635,0.258,0.301,1.24
0.622,1.721,1.011,1.636,1.637,0.258,0.302,1.243
0.623,1.725,1.012,1.636,1.639,0.259,0.302,1.245
0.624,1.729,1.012,1.638,1.642,0.26,0.302,1.248
0.625,1.733,1.013,1.641,1.644,0.26,0.302,1.25
0.625,1.736,1.014,1.644,1.647,0.261,0.302,1.253
0.626,1.741,1.015,1.647,1.649,0.261,0.302,1.255
0.627,1.744,1.016,1.649,1.652,0.262,0.303,1.258
0.628,1.748,1.017,1.649,1.654,0.263,0.303,1.26
0.629,1.752,1.018,1.651,1.656,0.263,0.303,1.262
0.63,1.756,1.019,1.654,1.658,0.264,0.303,1.265
0.631,1.759,1.02,1.657,1.661,0.265,0.303,1.267
0.631,1.762,1.021,1.658,1.663,0.265,0.303,1.269
0.632,1.766,1.022,1.66,1.665,0.266,0.304,1.271
0.633,1.769,1.022,1.663,1.667,0.267,0.304,1.273
0.634,1.772,1.024,1.666,1.67,0.267,0.304,1.276
0.635,1.775,1.024,1.669,1.672,0.268,0.304,1.278
0.636,1.777,1.025,1.671,1.674,0.269,0.304,1.28
0.637,1.78,1.026,1.672,1.676,0.27,0.305,1.282
0.638,1.783,1.027,1.673,1.678,0.27,0.305,1.284
0.639,1.786,1.028,1.673,1.68,0.271,0.305,1.286
0.64,1.789,1.029,1.674,1.682,0.271,0.305,1.288
0.641,1.792,1.03,1.675,1.684,0.272,0.305,1.29
0.642,1.794,1.031,1.676,1.686,0.273,0.306,1.292
0.642,1.797,1.032,1.675,1.688,0.274,0.306,1.295
0.643,1.8,1.033,1.678,1.69,0.274,0.306,1.297
0.644,1.802,1.034,1.679,1.692,0.275,0.306,1.299
0.645,1.805,1.035,1.677,1.694,0.276,0.306,1.301
0.646,1.808,1.035,1.679,1.696,0.276,0.306,1.303
0.647,1.81,1.036,1.681,1.698,0.277,0.306,1.305
0.648,1.813,1.037,1.685,1.7,0.278,0.307,1.307
0.648,1.815,1.038,1.687,1.702,0.278,0.307,1.309
0.649,1.818,1.039,1.688,1.704,0.279,0.307,1.311
0.65,1.821,1.04,1.689,1.705,0.28,0.307,1.313
0.651,1.823,1.041,1.691,1.707,0.281,0.307,1.315
0.652,1.826,1.042,1.696,1.71,0.281,0.308,1.317
0.653,1.828,1.043,1.698,1.712,0.282,0.308,1.319
0.654,1.83,1.043,1.7,1.713,0.283,0.308,1.321
0.655,1.832,1.045,1.702,1.715,0.283,0.308,1.323
0.656,1.835,1.045,1.705,1.717,0.284,0.308,1.325
0.657,1.837,1.047,1.708,1.719,0.285,0.308,1.327
0.658,1.839,1.047,1.71,1.721,0.285,0.309,1.329
0.659,1.841,1.048,1.713,1.723,0.286,0.309,1.331
0.66,1.842,1.049,1.715,1.724,0.287,0.309,1.333
0.661,1.845,1.05,1.718,1.726,0.288,0.309,1.335
0.662,1.847,1.051,1.72,1.728,0.288,0.309,1.336
0.663,1.849,1.052,1.721,1.73,0.289,0.309,1.338
0.664,1.851,1.053,1.723,1.731,0.29,0.31,1.34
0.664,1.852,1.054,1.725,1.733,0.29,0.31,1.342
0.665,1.854,1.054,1.727,1.735,0.291,0.31,1.344
0.666,1.856,1.055,1.73,1.737,0.292,0.31,1.345
0.667,1.858,1.056,1.732,1.738,0.292,0.31,1.347
0.668,1.859,1.057,1.734,1.74,0.293,0.311,1.349
0.669,1.861,1.058,1.736,1.741,0.294,0.311,1.351
0.67,1.863,1.059,1.738,1.743,0.294,0.311,1.353
0.671,1.864,1.06,1.74,1.745,0.295,0.311,1.354
0.672,1.866,1.061,1.742,1.746,0.296,0.311,1.356
0.673,1.867,1.062,1.744,1.748,0.297,0.311,1.358
0.674,1.869,1.063,1.746,1.75,0.297,0.312,1.359
0.675,1.87,1.064,1.747,1.751,0.298,0.312,1.361
0.676,1.872,1.065,1.749,1.753,0.298,0.312,1.363
0.677,1.873,1.065,1.748,1.754,0.299,0.312,1.365
0.678,1.875,1.066,1.747,1.756,0.3,0.312,1.366
0.679,1.876,1.067,1.747,1.757,0.3,0.313,1.368
0.68,1.878,1.068,1.749,1.759,0.301,0.313,1.37
0.681,1.879,1.069,1.751,1.76,0.302,0.313,1.371
0.682,1.88,1.07,1.754,1.761,0.302,0.313,1.373
0.682,1.881,1.071,1.757,1.763,0.303,0.313,1.375
0.683,1.883,1.071,1.759,1.764,0.304,0.314,1.376
0.684,1.884,1.072,1.761,1.766,0.304,0.314,1.378
0.685,1.885,1.073,1.763,1.767,0.305,0.314,1.379
0.686,1.887,1.074,1.765,1.769,0.306,0.314,1.381
0.687,1.888,1.075,1.767,1.77,0.306,0.314,1.383
0.688,1.889,1.076,1.768,1.772,0.307,0.314,1.385
0.689,1.89,1.077,1.77,1.773,0.308,0.315,1.386
0.69,1.892,1.078,1.771,1.775,0.308,0.315,1.388
0.691,1.893,1.078,1.773,1.776,0.309,0.315,1.39
0.692,1.894,1.079,1.775,1.778,0.31,0.315,1.391
0.693,1.896,1.08,1.777,1.779,0.31,0.316,1.393
0.694,1.897,1.081,1.778,1.78,0.311,0.316,1.395
0.695,1.898,1.082,1.78,1.782,0.312,0.316,1.396
0.696,1.899,1.083,1.782,1.783,0.312,0.316,1.398
0.697,1.9,1.084,1.784,1.785,0.313,0.316,1.4
0.698,1.901,1.085,1.785,1.786,0.314,0.316,1.401
0.699,1.902,1.086,1.787,1.788,0.314,0.317,1.403
0.7,1.903,1.086,1.788,1.789,0.315,0.317,1.404
0.701,1.905,1.087,1.79,1.79,0.316,0.317,1.406
0.702,1.906,1.088,1.792,1.792,0.316,0.317,1.408
0.703,1.907,1.089,1.793,1.793,0.317,0.317,1.409
0.704,1.908,1.09,1.795,1.795,0.318,0.318,1.411
0.705,1.909,1.091,1.797,1.796,0.318,0.318,1.413
0.706,1.91,1.092,1.799,1.798,0.319,0.318,1.414
0.707,1.911,1.092,1.8,1.799,0.32,0.318,1.416
0.708,1.912,1.093,1.802,1.8,0.32,0.318,1.418
0.708,1.913,1.094,1.803,1.802,0.321,0.319,1.419
0.709,1.914,1.095,1.805,1.803,0.321,0.319,1.421
0.711,1.915,1.096,1.806,1.804,0.322,0.319,1.422
0.711,1.916,1.097,1.808,1.806,0.323,0.319,1.424
0.712,1.917,1.098,1.809,1.807,0.323,0.319,1.425
0.713,1.918,1.099,1.811,1.808,0.324,0.32,1.427
0.714,1.919,1.099,1.812,1.81,0.325,0.32,1.429
0.715,1.92,1.1,1.814,1.811,0.325,0.32,1.43
0.716,1.92,1.101,1.815,1.812,0.326,0.32,1.431
0.717,1.921,1.102,1.817,1.813,0.326,0.32,1.433
0.718,1.922,1.103,1.818,1.815,0.327,0.321,1.434
0.719,1.923,1.103,1.82,1.816,0.328,0.321,1.436
0.72,1.923,1.105,1.821,1.817,0.328,0.321,1.437
0.721,1.924,1.105,1.822,1.818,0.329,0.321,1.439
0.722,1.925,1.106,1.824,1.82,0.329,0.321,1.44
0.723,1.926,1.107,1.825,1.821,0.33,0.321,1.442
0.723,1.927,1.108,1.827,1.822,0.331,0.322,1.443
0.725,1.927,1.109,1.828,1.823,0.331,0.322,1.444
0.726,1.928,1.11,1.829,1.824,0.332,0.322,1.446
0.726,1.929,1.11,1.83,1.826,0.332,0.322,1.447
0.727,1.929,1.111,1.832,1.827,0.333,0.322,1.448
0.728,1.93,1.112,1.833,1.828,0.333,0.323,1.45
0.729,1.931,1.113,1.834,1.829,0.334,0.323,1.451
0.73,1.931,1.114,1.835,1.83,0.334,0.323,1.452
0.731,1.931,1.115,1.837,1.831,0.335,0.323,1.453
0.732,1.932,1.115,1.838,1.832,0.335,0.323,1.455
0.733,1.933,1.116,1.839,1.833,0.336,0.324,1.456
0.734,1.933,1.117,1.84,1.834,0.336,0.324,1.457
0.735,1.934,1.118,1.841,1.836,0.337,0.324,1.458
0.736,1.934,1.119,1.843,1.837,0.337,0.324,1.459
0.737,1.935,1.12,1.844,1.838,0.338,0.324,1.461
0.738,1.935,1.121,1.845,1.839,0.338,0.325,1.462
0.739,1.936,1.121,1.846,1.84,0.339,0.325,1.463
0.74,1.936,1.122,1.847,1.841,0.339,0.325,1.464
0.741,1.937,1.123,1.848,1.842,0.34,0.325,1.465
0.742,1.937,1.124,1.849,1.842,0.34,0.325,1.466
0.742,1.938,1.125,1.85,1.844,0.341,0.325,1.467
0.743,1.938,1.125,1.851,1.845,0.341,0.325,1.468
0.744,1.939,1.126,1.852,1.846,0.342,0.326,1.469
0.745,1.939,1.127,1.853,1.847,0.342,0.326,1.47
0.746,1.94,1.128,1.854,1.848,0.342,0.326,1.471
0.747,1.94,1.129,1.854,1.848,0.343,0.326,1.472
0.748,1.94,1.13,1.855,1.849,0.343,0.326,1.473
0.749,1.941,1.13,1.856,1.85,0.344,0.327,1.474
0.75,1.941,1.131,1.857,1.851,0.344,0.327,1.475
0.751,1.942,1.132,1.858,1.852,0.345,0.327,1.476
0.752,1.942,1.133,1.859,1.853,0.345,0.327,1.477
0.753,1.943,1.134,1.86,1.854,0.346,0.327,1.478
0.754,1.943,1.134,1.86,1.855,0.346,0.327,1.479
0.755,1.943,1.135,1.861,1.856,0.347,0.328,1.479
0.756,1.944,1.136,1.862,1.857,0.347,0.328,1.48
0.757,1.944,1.137,1.863,1.857,0.347,0.328,1.481
0.757,1.945,1.138,1.863,1.858,0.348,0.328,1.482
0.758,1.945,1.138,1.864,1.859,0.348,0.328,1.482
0.759,1.945,1.139,1.865,1.86,0.348,0.329,1.483
0.76,1.945,1.14,1.865,1.86,0.349,0.329,1.484
0.761,1.946,1.141,1.866,1.861,0.349,0.329,1.484
0.762,1.946,1.142,1.866,1.862,0.35,0.329,1.485
0.763,1.947,1.142,1.867,1.863,0.35,0.329,1.486
0.764,1.947,1.143,1.868,1.864,0.351,0.329,1.487
0.765,1.948,1.144,1.869,1.864,0.351,0.33,1.487
0.766,1.948,1.145,1.87,1.865,0.352,0.33,1.488
0.767,1.948,1.146,1.87,1.866,0.352,0.33,1.489
0.768,1.948,1.146,1.871,1.867,0.352,0.33,1.489
0.769,1.949,1.147,1.871,1.867,0.353,0.33,1.49
0.769,1.949,1.148,1.871,1.868,0.353,0.33,1.491
0.77,1.95,1.149,1.872,1.869,0.354,0.331,1.491
0.771,1.95,1.15,1.873,1.87,0.354,0.331,1.492
0.772,1.95,1.15,1.873,1.87,0.354,0.331,1.492
0.773,1.95,1.151,1.874,1.871,0.355,0.331,1.492
0.774,1.951,1.152,1.874,1.872,0.355,0.331,1.493
0.775,1.951,1.153,1.875,1.872,0.356,0.331,1.494
0.776,1.951,1.153,1.875,1.873,0.356,0.332,1.494
0.777,1.952,1.154,1.876,1.874,0.356,0.332,1.494
0.778,1.952,1.155,1.876,1.874,0.357,0.332,1.495
0.779,1.952,1.156,1.877,1.875,0.357,0.332,1.495
0.78,1.953,1.157,1.877,1.876,0.358,0.332,1.496
0.781,1.953,1.158,1.877,1.876,0.358,0.332,1.496
0.782,1.953,1.158,1.878,1.877,0.358,0.333,1.496
0.783,1.953,1.159,1.878,1.877,0.359,0.333,1.496
0.784,1.954,1.16,1.879,1.878,0.359,0.333,1.496
0.785,1.954,1.161,1.879,1.879,0.359,0.333,1.497
0.785,1.954,1.162,1.879,1.879,0.36,0.333,1.497
0.786,1.954,1.162,1.879,1.88,0.36,0.333,1.497
0.787,1.955,1.163,1.879,1.88,0.36,0.334,1.497
0.788,1.955,1.164,1.88,1.881,0.361,0.334,1.497
0.789,1.955,1.164,1.88,1.881,0.361,0.334,1.497
0.79,1.955,1.165,1.88,1.882,0.362,0.334,1.497
0.791,1.955,1.166,1.88,1.882,0.362,0.334,1.497
0.792,1.956,1.167,1.88,1.883,0.362,0.334,1.497
0.793,1.956,1.167,1.881,1.883,0.363,0.335,1.497
0.794,1.956,1.168,1.881,1.883,0.363,0.335,1.497
0.795,1.957,1.169,1.881,1.884,0.363,0.335,1.497
0.795,1.957,1.17,1.881,1.884,0.363,0.335,1.496
0.796,1.957,1.17,1.881,1.885,0.364,0.335,1.496
0.797,1.957,1.171,1.881,1.885,0.364,0.335,1.496
0.798,1.957,1.172,1.881,1.885,0.365,0.336,1.496
0.799,1.958,1.173,1.881,1.886,0.365,0.336,1.496
0.8,1.958,1.174,1.881,1.886,0.365,0.336,1.495
0.801,1.958,1.174,1.881,1.886,0.365,0.336,1.495
0.802,1.959,1.175,1.881,1.887,0.366,0.336,1.495
0.802,1.959,1.175,1.882,1.887,0.366,0.336,1.495
0.803,1.959,1.176,1.882,1.887,0.366,0.336,1.495
0.804,1.959,1.177,1.881,1.888,0.367,0.337,1.494
0.805,1.96,1.178,1.882,1.888,0.367,0.337,1.494
0.806,1.959,1.179,1.881,1.888,0.367,0.337,1.493
0.807,1.96,1.179,1.881,1.888,0.367,0.337,1.493
0.808,1.96,1.18,1.881,1.889,0.368,0.337,1.493
0.808,1.96,1.18,1.882,1.889,0.368,0.337,1.492
0.809,1.96,1.181,1.881,1.889,0.368,0.337,1.492
0.81,1.96,1.182,1.881,1.889,0.369,0.338,1.492
0.811,1.961,1.183,1.881,1.889,0.369,0.338,1.491
0.812,1.961,1.183,1.881,1.89,0.369,0.338,1.491
0.813,1.961,1.184,1.881,1.89,0.369,0.338,1.491
0.814,1.961,1.185,1.881,1.89,0.37,0.338,1.49
0.815,1.961,1.185,1.881,1.89,0.37,0.338,1.49
0.815,1.962,1.186,1.881,1.89,0.37,0.338,1.489
0.816,1.962,1.187,1.88,1.891,0.37,0.339,1.489
0.817,1.962,1.188,1.881,1.891,0.371,0.339,1.489
0.818,1.962,1.188,1.88,1.891,0.371,0.339,1.488
0.819,1.962,1.189,1.88,1.891,0.371,0.339,1.487
0.82,1.962,1.19,1.88,1.891,0.371,0.339,1.487
0.821,1.962,1.19,1.88,1.891,0.371,0.339,1.486
0.821,1.962,1.191,1.879,1.891,0.372,0.34,1.486
0.822,1.962,1.192,1.879,1.891,0.372,0.34,1.485
0.823,1.962,1.192,1.879,1.892,0.372,0.34,1.485
0.824,1.962,1.193,1.879,1.892,0.372,0.34,1.484
0.825,1.962,1.194,1.879,1.892,0.373,0.34,1.483
0.825,1.962,1.194,1.879,1.892,0.373,0.34,1.483
0.826,1.962,1.195,1.878,1.892,0.373,0.34,1.482
0.827,1.962,1.196,1.878,1.892,0.373,0.34,1.482
0.828,1.962,1.196,1.878,1.892,0.373,0.341,1.481
0.829,1.962,1.197,1.878,1.892,0.374,0.341,1.481
0.83,1.962,1.197,1.877,1.892,0.374,0.341,1.48
0.831,1.962,1.198,1.877,1.892,0.374,0.341,1.479
0.831,1.962,1.199,1.877,1.892,0.374,0.341,1.479
0.832,1.962,1.199,1.877,1.892,0.374,0.341,1.478
0.833,1.962,1.2,1.876,1.892,0.375,0.342,1.478
0.834,1.962,1.201,1.876,1.892,0.375,0.342,1.477
0.835,1.962,1.201,1.876,1.892,0.375,0.342,1.476
0.836,1.962,1.202,1.876,1.892,0.375,0.342,1.476
0.837,1.962,1.203,1.876,1.892,0.375,0.342,1.475
0.838,1.962,1.203,1.875,1.892,0.376,0.342,1.474
0.838,1.961,1.204,1.875,1.892,0.376,0.342,1.473
0.839,1.961,1.205,1.875,1.892,0.376,0.342,1.473
0.84,1.961,1.205,1.875,1.892,0.376,0.343,1.472
0.841,1.961,1.206,1.874,1.892,0.376,0.343,1.472
0.842,1.961,1.207,1.874,1.892,0.376,0.343,1.471
0.843,1.961,1.207,1.874,1.892,0.376,0.343,1.47
0.843,1.961,1.208,1.873,1.892,0.377,0.343,1.469
0.844,1.961,1.209,1.873,1.892,0.377,0.343,1.468
0.845,1.961,1.209,1.873,1.891,0.377,0.344,1.468
0.846,1.961,1.21,1.873,1.892,0.377,0.344,1.467
0.847,1.96,1.211,1.873,1.892,0.377,0.344,1.466
0.848,1.96,1.211,1.872,1.891,0.377,0.344,1.465
0.848,1.96,1.212,1.872,1.891,0.378,0.344,1.465
0.849,1.96,1.213,1.872,1.891,0.378,0.344,1.464
0.85,1.96,1.213,1.871,1.891,0.378,0.344,1.463
0.851,1.96,1.214,1.871,1.891,0.378,0.344,1.462
0.852,1.959,1.215,1.871,1.891,0.378,0.344,1.462
0.852,1.959,1.215,1.871,1.891,0.378,0.345,1.461
0.853,1.959,1.216,1.87,1.891,0.379,0.345,1.46
0.854,1.959,1.216,1.87,1.89,0.379,0.345,1.459
0.855,1.959,1.217,1.87,1.89,0.379,0.345,1.459
0.856,1.959,1.218,1.869,1.89,0.379,0.345,1.457
0.857,1.958,1.218,1.869,1.891,0.379,0.345,1.457
0.858,1.958,1.219,1.869,1.89,0.379,0.346,1.456
0.858,1.958,1.22,1.869,1.89,0.379,0.346,1.455
0.859,1.958,1.22,1.868,1.89,0.379,0.346,1.454
0.86,1.958,1.221,1.868,1.89,0.379,0.346,1.454
0.861,1.957,1.222,1.868,1.89,0.38,0.346,1.452
0.862,1.957,1.222,1.868,1.89,0.38,0.346,1.452
0.863,1.957,1.223,1.867,1.889,0.38,0.346,1.451
0.863,1.956,1.223,1.867,1.889,0.38,0.346,1.45
0.864,1.956,1.224,1.867,1.889,0.38,0.346,1.449
0.865,1.956,1.225,1.866,1.889,0.38,0.347,1.448
0.866,1.955,1.225,1.866,1.889,0.38,0.347,1.447
0.866,1.955,1.226,1.866,1.889,0.38,0.347,1.446
0.867,1.955,1.227,1.865,1.888,0.38,0.347,1.446
0.868,1.954,1.227,1.865,1.888,0.381,0.347,1.445
0.869,1.954,1.228,1.865,1.888,0.381,0.347,1.444
0.869,1.954,1.228,1.864,1.888,0.381,0.347,1.443
0.87,1.953,1.229,1.864,1.888,0.381,0.347,1.442
0.871,1.953,1.23,1.863,1.887,0.381,0.347,1.441
0.872,1.953,1.23,1.863,1.887,0.381,0.348,1.44
0.873,1.952,1.231,1.863,1.887,0.381,0.348,1.439
0.873,1.952,1.231,1.863,1.887,0.381,0.348,1.439
0.874,1.952,1.232,1.862,1.886,0.381,0.348,1.437
0.875,1.951,1.233,1.862,1.886,0.381,0.348,1.437
0.876,1.951,1.233,1.861,1.886,0.381,0.348,1.436
0.877,1.95,1.234,1.861,1.886,0.381,0.348,1.435
0.877,1.95,1.234,1.861,1.885,0.381,0.348,1.434
0.878,1.95,1.235,1.86,1.885,0.381,0.349,1.433
0.879,1.949,1.235,1.86,1.885,0.381,0.349,1.432
0.88,1.949,1.236,1.86,1.885,0.381,0.349,1.431
0.88,1.948,1.237,1.859,1.884,0.381,0.349,1.43
0.881,1.948,1.237,1.859,1.884,0.381,0.349,1.429
0.882,1.947,1.238,1.858,1.884,0.381,0.349,1.428
0.882,1.947,1.238,1.858,1.883,0.381,0.349,1.427
0.883,1.946,1.239,1.858,1.883,0.381,0.349,1.426
0.884,1.945,1.239,1.857,1.883,0.381,0.349,1.425
0.884,1.945,1.24,1.857,1.882,0.381,0.349,1.424
0.885,1.944,1.241,1.856,1.882,0.381,0.35,1.423
0.886,1.944,1.241,1.856,1.882,0.381,0.35,1.422
0.886,1.943,1.242,1.856,1.881,0.381,0.35,1.421
0.887,1.942,1.242,1.855,1.881,0.381,0.35,1.42
0.888,1.942,1.243,1.855,1.881,0.381,0.35,1.419
0.889,1.941,1.243,1.854,1.88,0.381,0.35,1.418
0.889,1.941,1.244,1.854,1.88,0.381,0.35,1.417
0.89,1.94,1.244,1.853,1.88,0.381,0.35,1.416
0.89,1.94,1.245,1.853,1.879,0.381,0.35,1.415
0.891,1.939,1.245,1.853,1.879,0.381,0.35,1.414
0.892,1.938,1.246,1.853,1.879,0.381,0.351,1.413
0.893,1.938,1.247,1.852,1.878,0.381,0.351,1.412
0.893,1.937,1.247,1.852,1.878,0.381,0.351,1.411
0.894,1.936,1.247,1.851,1.878,0.381,0.351,1.41
0.895,1.935,1.248,1.851,1.877,0.381,0.351,1.409
0.895,1.935,1.249,1.85,1.877,0.381,0.351,1.408
0.896,1.934,1.249,1.85,1.876,0.381,0.351,1.407
0.897,1.933,1.25,1.849,1.876,0.381,0.351,1.406
0.897,1.932,1.25,1.849,1.875,0.381,0.351,1.405
0.898,1.931,1.251,1.848,1.875,0.381,0.351,1.403
0.898,1.93,1.251,1.848,1.874,0.381,0.351,1.403
0.899,1.93,1.252,1.847,1.874,0.381,0.351,1.401
0.9,1.929,1.252,1.847,1.873,0.38,0.351,1.4
0.9,1.928,1.253,1.846,1.873,0.381,0.351,1.399
0.901,1.927,1.253,1.846,1.873,0.38,0.352,1.398
0.902,1.927,1.253,1.845,1.872,0.38,0.351,1.397
0.902,1.926,1.254,1.845,1.872,0.38,0.352,1.396
0.903,1.925,1.255,1.845,1.871,0.38,0.352,1.395
0.903,1.924,1.255,1.844,1.871,0.38,0.352,1.394
0.904,1.923,1.256,1.844,1.871,0.38,0.352,1.393
0.905,1.923,1.256,1.843,1.87,0.38,0.352,1.392
0.905,1.922,1.257,1.843,1.87,0.38,0.352,1.391
0.906,1.921,1.257,1.843,1.869,0.38,0.352,1.391
0.907,1.92,1.258,1.842,1.869,0.38,0.352,1.389
0.907,1.919,1.258,1.842,1.869,0.38,0.352,1.388
0.908,1.918,1.259,1.841,1.868,0.379,0.352,1.387
0.908,1.917,1.259,1.841,1.868,0.379,0.352,1.386
0.909,1.916,1.259,1.841,1.867,0.379,0.352,1.385
0.91,1.915,1.26,1.84,1.867,0.379,0.352,1.384
0.91,1.915,1.26,1.84,1.866,0.379,0.353,1.383
0.911,1.914,1.261,1.84,1.866,0.379,0.353,1.382
0.911,1.912,1.261,1.839,1.865,0.379,0.353,1.381
0.912,1.912,1.262,1.838,1.865,0.379,0.353,1.38
0.912,1.911,1.262,1.838,1.864,0.379,0.353,1.379
0.913,1.91,1.263,1.838,1.864,0.379,0.353,1.378
0.914,1.909,1.263,1.837,1.863,0.379,0.353,1.377
0.914,1.908,1.263,1.837,1.863,0.378,0.353,1.376
0.915,1.907,1.264,1.836,1.862,0.378,0.353,1.375
0.915,1.906,1.265,1.836,1.862,0.378,0.353,1.374
0.916,1.905,1.265,1.835,1.861,0.378,0.353,1.373
0.917,1.904,1.265,1.835,1.861,0.378,0.353,1.371
0.917,1.903,1.266,1.834,1.861,0.378,0.353,1.371
0.917,1.902,1.266,1.834,1.86,0.378,0.353,1.369
0.918,1.901,1.267,1.834,1.86,0.378,0.353,1.369
0.919,1.9,1.268,1.833,1.859,0.377,0.353,1.368
0.919,1.899,1.268,1.833,1.859,0.377,0.353,1.366
0.92,1.898,1.268,1.832,1.858,0.377,0.354,1.366
0.921,1.897,1.269,1.832,1.858,0.377,0.354,1.365
0.921,1.896,1.269,1.831,1.857,0.377,0.354,1.363
0.922,1.895,1.27,1.831,1.857,0.377,0.354,1.362
0.922,1.894,1.271,1.831,1.856,0.377,0.354,1.362
0.923,1.893,1.271,1.83,1.856,0.377,0.354,1.361
0.923,1.892,1.271,1.83,1.855,0.377,0.354,1.359
0.924,1.891,1.272,1.829,1.855,0.376,0.354,1.358
0.924,1.89,1.272,1.829,1.854,0.376,0.354,1.357
0.925,1.888,1.273,1.828,1.854,0.376,0.354,1.356
0.925,1.887,1.273,1.828,1.853,0.376,0.354,1.355
0.926,1.886,1.274,1.828,1.853,0.376,0.354,1.354
0.927,1.885,1.274,1.827,1.852,0.375,0.354,1.353
0.927,1.884,1.275,1.827,1.852,0.376,0.354,1.353
0.928,1.883,1.275,1.826,1.852,0.375,0.354,1.351
0.928,1.882,1.276,1.826,1.851,0.375,0.355,1.35
0.929,1.881,1.276,1.826,1.851,0.375,0.355,1.349
0.929,1.88,1.277,1.825,1.85,0.375,0.355,1.348
0.93,1.879,1.277,1.825,1.85,0.374,0.355,1.347
0.93,1.878,1.278,1.824,1.849,0.374,0.355,1.346
0.931,1.876,1.278,1.824,1.849,0.374,0.355,1.346
0.931,1.876,1.278,1.823,1.848,0.374,0.355,1.344
0.932,1.874,1.279,1.823,1.848,0.374,0.355,1.343
0.932,1.873,1.279,1.822,1.847,0.374,0.355,1.342
0.933,1.872,1.28,1.822,1.847,0.374,0.355,1.341
0.933,1.871,1.28,1.822,1.846,0.373,0.355,1.34
0.934,1.87,1.281,1.821,1.846,0.373,0.355,1.339
0.934,1.868,1.281,1.821,1.845,0.373,0.355,1.338
0.935,1.867,1.282,1.82,1.845,0.373,0.355,1.337
0.935,1.866,1.282,1.82,1.844,0.373,0.355,1.336
0.936,1.865,1.283,1.82,1.843,0.372,0.355,1.335
0.936,1.864,1.283,1.819,1.843,0.372,0.356,1.334
0.936,1.862,1.284,1.818,1.842,0.372,0.356,1.333
0.937,1.861,1.284,1.818,1.842,0.372,0.356,1.332
0.938,1.86,1.284,1.818,1.841,0.371,0.356,1.331
0.938,1.858,1.285,1.817,1.841,0.371,0.356,1.33
0.938,1.857,1.285,1.817,1.84,0.371,0.356,1.329
0.939,1.856,1.286,1.816,1.839,0.371,0.356,1.328
0.939,1.855,1.286,1.816,1.839,0.371,0.356,1.327
0.94,1.854,1.287,1.816,1.839,0.37,0.356,1.326
0.94,1.853,1.287,1.815,1.838,0.37,0.356,1.325
0.94,1.851,1.287,1.815,1.837,0.37,0.356,1.324
0.941,1.85,1.288,1.814,1.837,0.37,0.356,1.323
0.941,1.848,1.288,1.814,1.836,0.369,0.356,1.322
0.942,1.847,1.289,1.813,1.836,0.369,0.356,1.321
0.942,1.846,1.289,1.813,1.835,0.369,0.356,1.32
0.943,1.845,1.289,1.813,1.834,0.369,0.356,1.319
0.943,1.843,1.29,1.812,1.834,0.368,0.356,1.318
0.943,1.842,1.29,1.811,1.833,0.368,0.356,1.317
0.944,1.84,1.291,1.811,1.833,0.368,0.356,1.316
0.944,1.839,1.291,1.81,1.832,0.368,0.356,1.315
0.945,1.838,1.292,1.81,1.832,0.367,0.356,1.318
0.947,1.841,1.295,1.814,1.835,0.368,0.357,1.316
0.948,1.839,1.295,1.813,1.835,0.368,0.357,1.315
0.948,1.838,1.296,1.813,1.834,0.368,0.357,1.314
0.948,1.837,1.296,1.813,1.833,0.367,0.357,1.313
0.949,1.836,1.297,1.812,1.833,0.367,0.357,1.312
0.949,1.834,1.297,1.812,1.833,0.367,0.357,1.312
0.949,1.833,1.297,1.811,1.832,0.366,0.358,1.311
0.95,1.831,1.298,1.811,1.831,0.366,0.358,1.309
0.95,1.83,1.298,1.81,1.831,0.366,0.357,1.308
0.951,1.829,1.299,1.81,1.83,0.366,0.358,1.308
0.951,1.827,1.299,1.809,1.83,0.365,0.358,1.307
0.951,1.826,1.299,1.809,1.829,0.365,0.358,1.306
0.952,1.825,1.3,1.809,1.829,0.365,0.358,1.305
0.952,1.823,1.3,1.808,1.828,0.365,0.358,1.304
0.953,1.822,1.301,1.808,1.827,0.364,0.358,1.303
0.953,1.821,1.301,1.807,1.827,0.364,0.358,1.302
0.953,1.819,1.301,1.807,1.826,0.364,0.358,1.301
0.954,1.818,1.302,1.806,1.826,0.364,0.358,1.3
0.954,1.816,1.302,1.806,1.825,0.363,0.358,1.299
0.954,1.815,1.303,1.806,1.825,0.363,0.358,1.298
0.955,1.814,1.303,1.805,1.824,0.363,0.358,1.297
0.955,1.812,1.303,1.805,1.823,0.363,0.358,1.297
0.955,1.811,1.304,1.804,1.823,0.362,0.358,1.295
0.956,1.81,1.304,1.804,1.822,0.362,0.358,1.295
0.956,1.808,1.305,1.803,1.822,0.362,0.358,1.294
0.956,1.807,1.305,1.803,1.821,0.361,0.358,1.293
0.957,1.806,1.305,1.802,1.821,0.361,0.358,1.292
0.957,1.804,1.306,1.802,1.82,0.361,0.358,1.291
0.957,1.803,1.306,1.801,1.819,0.36,0.358,1.29
0.958,1.801,1.307,1.801,1.819,0.36,0.358,1.289
0.958,1.8,1.307,1.801,1.818,0.36,0.358,1.288
0.958,1.799,1.308,1.8,1.818,0.36,0.358,1.287
0.958,1.797,1.308,1.8,1.817,0.359,0.358,1.286
0.959,1.796,1.308,1.799,1.816,0.359,0.358,1.286
0.959,1.795,1.309,1.799,1.816,0.359,0.358,1.285
0.96,1.793,1.309,1.798,1.815,0.358,0.359,1.284
0.96,1.792,1.309,1.798,1.815,0.358,0.359,1.283
0.96,1.79,1.31,1.798,1.814,0.358,0.359,1.282
0.96,1.789,1.31,1.797,1.813,0.358,0.359,1.281
0.961,1.787,1.311,1.797,1.813,0.357,0.359,1.28
0.961,1.786,1.311,1.796,1.813,0.357,0.359,1.279
0.961,1.785,1.311,1.796,1.812,0.357,0.359,1.278
0.962,1.783,1.312,1.796,1.811,0.356,0.359,1.277
0.962,1.782,1.312,1.795,1.811,0.356,0.359,1.276
0.962,1.781,1.313,1.795,1.81,0.356,0.359,1.276
0.963,1.779,1.313,1.795,1.81,0.355,0.359,1.275
0.963,1.778,1.313,1.794,1.809,0.355,0.359,1.274
0.963,1.776,1.314,1.793,1.808,0.355,0.359,1.273
0.963,1.775,1.314,1.793,1.808,0.355,0.359,1.272
0.964,1.774,1.315,1.793,1.807,0.354,0.359,1.271
0.964,1.773,1.315,1.792,1.806,0.354,0.359,1.27
0.964,1.771,1.315,1.792,1.806,0.354,0.359,1.269
0.964,1.77,1.316,1.791,1.805,0.353,0.359,1.269
0.965,1.768,1.316,1.791,1.805,0.353,0.359,1.268
0.965,1.767,1.316,1.791,1.804,0.353,0.359,1.267
0.965,1.766,1.317,1.79,1.804,0.352,0.359,1.266
0.965,1.764,1.317,1.79,1.803,0.352,0.359,1.265
0.966,1.763,1.318,1.79,1.803,0.352,0.359,1.264
0.966,1.761,1.318,1.789,1.802,0.352,0.359,1.264
0.966,1.76,1.318,1.789,1.802,0.351,0.359,1.263
0.966,1.759,1.319,1.783,1.797,0.35,0.359,1.259
0.964,1.753,1.316,1.784,1.796,0.35,0.359,1.258
0.965,1.752,1.317,1.784,1.796,0.35,0.359,1.257
0.965,1.751,1.317,1.783,1.795,0.349,0.359,1.256
0.965,1.749,1.317,1.783,1.794,0.349,0.359,1.255
0.965,1.748,1.318,1.782,1.794,0.349,0.359,1.254
0.965,1.747,1.318,1.782,1.793,0.348,0.359,1.254
0.966,1.745,1.318,1.782,1.793,0.348,0.359,1.253
0.966,1.744,1.319,1.781,1.792,0.348,0.359,1.252
0.966,1.743,1.319,1.781,1.792,0.347,0.359,1.251
0.966,1.741,1.32,1.78,1.791,0.347,0.359,1.25
0.966,1.74,1.32,1.78,1.791,0.347,0.359,1.25
0.967,1.739,1.32,1.78,1.79,0.346,0.359,1.249
0.967,1.738,1.321,1.779,1.789,0.346,0.359,1.248
0.967,1.736,1.321,1.778,1.788,0.346,0.359,1.247
0.967,1.735,1.321,1.778,1.788,0.345,0.359,1.246
0.967,1.733,1.322,1.778,1.787,0.345,0.359,1.245
0.967,1.732,1.322,1.777,1.787,0.345,0.359,1.244
0.967,1.731,1.322,1.777,1.786,0.344,0.359,1.243
0.968,1.729,1.323,1.776,1.786,0.344,0.359,1.243
0.968,1.728,1.323,1.776,1.785,0.344,0.359,1.242
0.968,1.726,1.323,1.775,1.784,0.343,0.359,1.241
0.968,1.725,1.324,1.775,1.784,0.343,0.359,1.24
0.968,1.723,1.324,1.775,1.783,0.342,0.359,1.239
0.968,1.722,1.324,1.774,1.782,0.342,0.359,1.238
0.968,1.721,1.325,1.774,1.782,0.342,0.359,1.237
0.968,1.72,1.325,1.773,1.781,0.341,0.359,1.236
0.969,1.718,1.325,1.773,1.781,0.341,0.359,1.235
0.969,1.717,1.325,1.772,1.78,0.341,0.359,1.234
0.969,1.715,1.326,1.772,1.779,0.34,0.359,1.234
0.969,1.714,1.326,1.771,1.778,0.34,0.359,1.233
0.969,1.712,1.326,1.771,1.778,0.34,0.359,1.232
0.969,1.711,1.326,1.771,1.777,0.339,0.359,1.231
0.969,1.71,1.327,1.77,1.777,0.339,0.359,1.23
0.969,1.708,1.327,1.77,1.776,0.339,0.359,1.229
0.969,1.707,1.328,1.769,1.775,0.338,0.359,1.228
0.97,1.706,1.328,1.769,1.775,0.338,0.359,1.228
0.97,1.704,1.328,1.768,1.774,0.338,0.359,1.227
0.97,1.703,1.328,1.768,1.774,0.337,0.359,1.226
0.97,1.701,1.329,1.767,1.773,0.337,0.359,1.225
0.97,1.7,1.329,1.767,1.773,0.336,0.359,1.224
0.97,1.699,1.329,1.767,1.772,0.336,0.359,1.224
0.97,1.697,1.33,1.767,1.771,0.336,0.359,1.223
0.97,1.696,1.33,1.766,1.771,0.335,0.359,1.222
0.97,1.695,1.331,1.766,1.77,0.335,0.359,1.221
0.971,1.693,1.331,1.765,1.769,0.335,0.359,1.22
0.97,1.692,1.331,1.765,1.769,0.334,0.359,1.219
0.97,1.691,1.331,1.764,1.768,0.334,0.359,1.219
0.971,1.689,1.332,1.764,1.768,0.334,0.359,1.218
0.971,1.688,1.332,1.763,1.767,0.333,0.359,1.217
0.971,1.687,1.332,1.763,1.766,0.333,0.359,1.216
0.971,1.685,1.333,1.763,1.766,0.333,0.359,1.216
0.971,1.684,1.333,1.762,1.765,0.332,0.359,1.215
0.971,1.683,1.333,1.762,1.765,0.332,0.359,1.214
0.971,1.681,1.334,1.761,1.764,0.332,0.359,1.213
0.971,1.68,1.334,1.761,1.764,0.331,0.359,1.212
0.971,1.679,1.334,1.761,1.763,0.331,0.359,1.212
0.971,1.677,1.335,1.76,1.762,0.33,0.359,1.211
0.971,1.676,1.335,1.76,1.761,0.33,0.359,1.21
0.971,1.675,1.335,1.759,1.761,0.33,0.359,1.209
0.971,1.674,1.335,1.759,1.76,0.329,0.359,1.208
0.971,1.672,1.336,1.759,1.76,0.329,0.359,1.207
0.971,1.671,1.336,1.758,1.759,0.329,0.359,1.207
0.972,1.669,1.336,1.758,1.759,0.328,0.359,1.212
0.974,1.672,1.34,1.761,1.762,0.329,0.36,1.208
0.974,1.671,1.34,1.761,1.761,0.328,0.36,1.207
0.974,1.669,1.34,1.761,1.761,0.328,0.36,1.206
0.974,1.668,1.341,1.76,1.76,0.328,0.36,1.206
0.974,1.667,1.341,1.76,1.76,0.327,0.36,1.205
0.974,1.666,1.341,1.76,1.759,0.327,0.36,1.204
0.974,1.664,1.342,1.759,1.759,0.327,0.36,1.203
0.974,1.663,1.342,1.759,1.758,0.326,0.36,1.203
0.974,1.662,1.342,1.758,1.757,0.326,0.36,1.202
0.974,1.66,1.342,1.758,1.756,0.326,0.36,1.201
0.974,1.659,1.343,1.757,1.756,0.325,0.36,1.2
0.974,1.658,1.343,1.757,1.755,0.325,0.36,1.199
0.974,1.656,1.343,1.757,1.755,0.325,0.36,1.198
0.974,1.655,1.344,1.756,1.754,0.324,0.36,1.198
0.974,1.654,1.344,1.756,1.754,0.324,0.36,1.197
0.974,1.652,1.344,1.756,1.753,0.323,0.36,1.196
0.975,1.651,1.345,1.755,1.752,0.323,0.36,1.196
0.975,1.65,1.345,1.755,1.752,0.323,0.36,1.195
0.975,1.649,1.345,1.754,1.751,0.323,0.36,1.194
0.975,1.647,1.346,1.754,1.751,0.322,0.36,1.194
0.975,1.646,1.346,1.754,1.75,0.322,0.36,1.193
0.975,1.645,1.347,1.753,1.75,0.321,0.36,1.192
0.975,1.644,1.347,1.753,1.749,0.321,0.36,1.191
0.975,1.642,1.347,1.753,1.749,0.321,0.36,1.191
0.975,1.641,1.347,1.752,1.748,0.32,0.36,1.19
0.975,1.64,1.348,1.752,1.747,0.32,0.36,1.189
0.975,1.639,1.348,1.752,1.747,0.32,0.36,1.188
0.975,1.638,1.348,1.751,1.746,0.32,0.36,1.188
0.975,1.636,1.349,1.751,1.746,0.319,0.36,1.187
0.975,1.635,1.349,1.751,1.745,0.319,0.361,1.187
0.975,1.634,1.349,1.75,1.745,0.318,0.361,1.186
0.975,1.633,1.349,1.75,1.744,0.318,0.36,1.185
0.975,1.631,1.35,1.75,1.744,0.318,0.361,1.185
0.975,1.63,1.35,1.749,1.743,0.317,0.361,1.184
0.975,1.629,1.35,1.749,1.743,0.317,0.361,1.183
0.975,1.627,1.351,1.748,1.742,0.317,0.361,1.182
0.975,1.626,1.351,1.748,1.741,0.316,0.36,1.182
0.975,1.625,1.351,1.748,1.741,0.316,0.361,1.181
0.975,1.624,1.352,1.747,1.74,0.316,0.36,1.18
0.975,1.623,1.352,1.747,1.74,0.315,0.361,1.18
0.975,1.622,1.352,1.747,1.739,0.315,0.361,1.179
0.974,1.62,1.353,1.746,1.739,0.315,0.361,1.178
0.975,1.619,1.353,1.746,1.738,0.314,0.361,1.178
0.975,1.618,1.353,1.746,1.738,0.314,0.361,1.177
0.974,1.617,1.354,1.745,1.737,0.314,0.361,1.176
0.974,1.615,1.354,1.745,1.736,0.313,0.361,1.176
0.974,1.614,1.354,1.745,1.735,0.313,0.361,1.175
0.974,1.613,1.354,1.744,1.735,0.313,0.361,1.174
0.974,1.612,1.355,1.744,1.734,0.312,0.361,1.173
0.974,1.611,1.355,1.743,1.734,0.312,0.361,1.173
0.974,1.609,1.355,1.743,1.733,0.312,0.361,1.172
0.974,1.608,1.356,1.743,1.733,0.311,0.361,1.171
0.974,1.607,1.356,1.742,1.732,0.311,0.361,1.17
0.974,1.606,1.356,1.742,1.732,0.311,0.361,1.17
0.974,1.605,1.356,1.741,1.731,0.31,0.361,1.169
0.974,1.604,1.357,1.741,1.73,0.31,0.361,1.168
0.974,1.602,1.357,1.741,1.73,0.309,0.36,1.168
0.974,1.601,1.357,1.741,1.729,0.309,0.361,1.167
0.973,1.6,1.358,1.74,1.729,0.309,0.361,1.166
0.973,1.599,1.358,1.74,1.728,0.309,0.361,1.166
0.974,1.598,1.358,1.731,1.724,0.308,0.36,1.162
0.971,1.593,1.355,1.735,1.723,0.307,0.36,1.162
0.971,1.592,1.356,1.735,1.723,0.307,0.36,1.161
0.971,1.591,1.356,1.734,1.722,0.306,0.36,1.16
0.971,1.589,1.356,1.734,1.721,0.306,0.36,1.159
0.971,1.588,1.356,1.733,1.721,0.306,0.36,1.159
0.971,1.587,1.356,1.733,1.72,0.305,0.36,1.158
0.97,1.586,1.357,1.732,1.719,0.305,0.36,1.157
0.97,1.585,1.357,1.732,1.719,0.305,0.36,1.156
0.97,1.583,1.357,1.732,1.718,0.304,0.36,1.156
0.97,1.582,1.358,1.731,1.718,0.304,0.36,1.155
0.97,1.581,1.358,1.731,1.717,0.304,0.36,1.154
0.97,1.58,1.358,1.73,1.716,0.303,0.36,1.154
0.97,1.579,1.358,1.73,1.716,0.303,0.36,1.153
0.97,1.577,1.358,1.729,1.715,0.302,0.36,1.152
0.969,1.576,1.359,1.729,1.715,0.302,0.36,1.152
0.969,1.575,1.359,1.729,1.714,0.302,0.36,1.151
0.969,1.574,1.359,1.728,1.713,0.301,0.36,1.15
0.969,1.573,1.359,1.728,1.713,0.301,0.36,1.15
0.969,1.572,1.359,1.728,1.712,0.301,0.36,1.149
0.969,1.571,1.36,1.727,1.711,0.3,0.36,1.148
0.969,1.57,1.36,1.727,1.711,0.3,0.36,1.147
0.969,1.568,1.36,1.726,1.71,0.3,0.36,1.147
0.968,1.567,1.361,1.726,1.71,0.299,0.36,1.146
0.968,1.566,1.361,1.726,1.709,0.299,0.36,1.145
0.968,1.565,1.361,1.726,1.709,0.299,0.359,1.145
0.968,1.564,1.361,1.725,1.708,0.298,0.36,1.144
0.968,1.563,1.361,1.725,1.707,0.298,0.36,1.143
0.968,1.562,1.362,1.724,1.707,0.298,0.359,1.143
0.968,1.56,1.362,1.724,1.706,0.297,0.359,1.142
0.967,1.559,1.362,1.724,1.706,0.297,0.359,1.142
0.967,1.558,1.363,1.723,1.705,0.297,0.359,1.141
0.967,1.557,1.363,1.723,1.705,0.296,0.359,1.14
0.967,1.556,1.363,1.723,1.704,0.296,0.359,1.14
0.967,1.555,1.363,1.722,1.704,0.295,0.359,1.139
0.967,1.554,1.364,1.722,1.703,0.295,0.359,1.138
0.967,1.553,1.364,1.722,1.703,0.295,0.359,1.138
0.966,1.551,1.364,1.721,1.702,0.295,0.359,1.137
0.966,1.551,1.364,1.721,1.701,0.294,0.359,1.136
0.966,1.549,1.364,1.721,1.701,0.294,0.359,1.136
0.966,1.549,1.365,1.72,1.7,0.294,0.359,1.135
0.966,1.547,1.365,1.72,1.7,0.293,0.359,1.134
0.966,1.546,1.365,1.719,1.699,0.293,0.359,1.134
0.965,1.545,1.365,1.719,1.699,0.292,0.359,1.133
0.965,1.544,1.365,1.719,1.698,0.292,0.359,1.132
0.965,1.543,1.366,1.718,1.697,0.292,0.359,1.132
0.965,1.542,1.366,1.718,1.697,0.291,0.359,1.131
0.965,1.541,1.366,1.717,1.696,0.291,0.359,1.13
0.964,1.54,1.366,1.717,1.695,0.291,0.359,1.13
0.964,1.538,1.366,1.717,1.695,0.29,0.359,1.129
0.964,1.538,1.367,1.716,1.694,0.29,0.359,1.128
0.964,1.536,1.367,1.716,1.694,0.29,0.359,1.128
0.964,1.535,1.367,1.716,1.693,0.289,0.359,1.127
0.963,1.534,1.367,1.715,1.693,0.289,0.359,1.126
0.963,1.533,1.367,1.715,1.692,0.289,0.359,1.126
0.963,1.532,1.368,1.715,1.691,0.288,0.359,1.125
0.963,1.531,1.368,1.714,1.691,0.288,0.359,1.124
0.963,1.53,1.368,1.714,1.69,0.288,0.359,1.124
0.962,1.529,1.368,1.713,1.69,0.287,0.359,1.123
0.962,1.528,1.368,1.713,1.689,0.287,0.359,1.122
0.962,1.527,1.369,1.713,1.689,0.287,0.359,1.122
0.962,1.526,1.369,1.712,1.688,0.286,0.359,1.121
0.962,1.525,1.369,1.712,1.687,0.286,0.359,1.12
0.961,1.524,1.369,1.711,1.687,0.286,0.359,1.126
0.963,1.526,1.372,1.715,1.69,0.286,0.359,1.122
0.963,1.525,1.372,1.715,1.69,0.285,0.359,1.121
0.963,1.524,1.373,1.714,1.689,0.285,0.36,1.12
0.963,1.523,1.373,1.714,1.688,0.285,0.359,1.12
0.962,1.522,1.373,1.713,1.688,0.285,0.359,1.119
0.962,1.521,1.373,1.713,1.687,0.284,0.359,1.119
0.962,1.52,1.374,1.713,1.687,0.284,0.359,1.118
0.962,1.519,1.374,1.712,1.686,0.284,0.359,1.117
0.961,1.517,1.374,1.712,1.685,0.283,0.359,1.116
0.961,1.516,1.374,1.711,1.685,0.283,0.359,1.116
0.961,1.515,1.374,1.711,1.684,0.283,0.359,1.115
0.961,1.514,1.375,1.711,1.684,0.283,0.359,1.115
0.961,1.513,1.375,1.711,1.683,0.282,0.359,1.114
0.961,1.512,1.375,1.71,1.683,0.282,0.359,1.114
0.96,1.511,1.375,1.71,1.682,0.282,0.359,1.113
0.96,1.51,1.375,1.71,1.682,0.281,0.359,1.112
0.96,1.509,1.376,1.709,1.681,0.281,0.359,1.112
0.96,1.508,1.376,1.709,1.681,0.281,0.359,1.111
0.96,1.507,1.376,1.709,1.68,0.28,0.359,1.11
0.96,1.506,1.376,1.708,1.679,0.28,0.359,1.11
0.959,1.506,1.377,1.708,1.679,0.28,0.359,1.11
0.959,1.504,1.377,1.707,1.678,0.279,0.359,1.109
0.959,1.503,1.377,1.707,1.678,0.279,0.359,1.108
0.959,1.502,1.377,1.707,1.677,0.279,0.359,1.108
0.958,1.501,1.378,1.707,1.677,0.278,0.359,1.107
0.958,1.5,1.378,1.706,1.676,0.278,0.359,1.106
0.958,1.499,1.378,1.706,1.676,0.278,0.359,1.106
0.958,1.498,1.378,1.705,1.675,0.278,0.359,1.105
0.958,1.497,1.378,1.705,1.675,0.277,0.359,1.104
0.958,1.496,1.378,1.705,1.674,0.277,0.359,1.104
0.957,1.495,1.379,1.705,1.674,0.277,0.359,1.104
0.957,1.494,1.379,1.704,1.673,0.276,0.359,1.103
0.957,1.493,1.379,1.704,1.673,0.276,0.359,1.102
0.957,1.492,1.379,1.703,1.672,0.276,0.359,1.102
0.956,1.491,1.38,1.703,1.671,0.276,0.359,1.101
0.956,1.49,1.38,1.703,1.671,0.275,0.359,1.1
0.956,1.489,1.38,1.702,1.671,0.275,0.359,1.1
0.956,1.488,1.38,1.702,1.67,0.275,0.359,1.099
0.956,1.487,1.381,1.702,1.669,0.274,0.359,1.099
0.955,1.486,1.381,1.701,1.669,0.274,0.359,1.098
0.955,1.485,1.381,1.701,1.668,0.274,0.359,1.098
0.955,1.484,1.381,1.701,1.668,0.273,0.359,1.097
0.955,1.483,1.381,1.7,1.667,0.273,0.359,1.097
0.954,1.482,1.382,1.7,1.667,0.273,0.359,1.096
0.954,1.481,1.382,1.7,1.666,0.273,0.359,1.095
0.954,1.48,1.382,1.699,1.666,0.272,0.359,1.095
0.954,1.48,1.382,1.699,1.665,0.272,0.359,1.094
0.954,1.479,1.383,1.699,1.665,0.272,0.359,1.094
0.954,1.477,1.383,1.698,1.664,0.271,0.359,1.093
0.953,1.477,1.383,1.698,1.664,0.271,0.359,1.093
0.953,1.475,1.383,1.698,1.663,0.271,0.359,1.092
0.953,1.475,1.383,1.697,1.662,0.271,0.359,1.092
0.953,1.474,1.384,1.697,1.662,0.27,0.359,1.091
0.952,1.473,1.384,1.697,1.662,0.27,0.359,1.09
0.952,1.472,1.384,1.696,1.661,0.27,0.359,1.09
0.952,1.471,1.385,1.696,1.661,0.269,0.359,1.089
0.952,1.47,1.385,1.696,1.66,0.269,0.359,1.089
0.952,1.469,1.385,1.696,1.659,0.269,0.359,1.088
0.951,1.468,1.385,1.695,1.659,0.269,0.359,1.088
0.951,1.467,1.386,1.695,1.659,0.268,0.359,1.087
0.951,1.466,1.386,1.683,1.654,0.267,0.358,1.084
0.949,1.462,1.383,1.69,1.654,0.267,0.358,1.084
0.948,1.46,1.383,1.69,1.653,0.267,0.358,1.083
0.948,1.46,1.383,1.69,1.653,0.266,0.358,1.083
0.948,1.459,1.383,1.689,1.652,0.266,0.358,1.082
0.948,1.458,1.383,1.689,1.652,0.266,0.358,1.082
0.947,1.457,1.384,1.688,1.651,0.266,0.358,1.081
0.947,1.456,1.384,1.688,1.651,0.265,0.358,1.08
0.947,1.455,1.384,1.688,1.65,0.265,0.358,1.08
0.946,1.454,1.384,1.687,1.649,0.265,0.358,1.079
0.946,1.453,1.384,1.687,1.649,0.264,0.358,1.079
0.946,1.452,1.384,1.687,1.649,0.264,0.358,1.078
0.946,1.451,1.385,1.686,1.648,0.264,0.358,1.078
0.946,1.45,1.385,1.686,1.647,0.263,0.358,1.077
0.945,1.449,1.385,1.686,1.647,0.263,0.358,1.077
0.945,1.448,1.385,1.685,1.646,0.263,0.358,1.076
0.945,1.447,1.386,1.685,1.646,0.263,0.358,1.076
0.944,1.446,1.386,1.685,1.645,0.262,0.358,1.075
0.944,1.445,1.386,1.684,1.645,0.262,0.358,1.074
0.944,1.444,1.386,1.684,1.644,0.262,0.358,1.074
0.944,1.443,1.386,1.683,1.643,0.261,0.358,1.073
0.943,1.442,1.386,1.683,1.643,0.261,0.358,1.073
0.943,1.441,1.387,1.683,1.642,0.261,0.358,1.072
0.943,1.44,1.387,1.682,1.642,0.26,0.358,1.072
0.943,1.439,1.387,1.682,1.641,0.26,0.358,1.071
0.942,1.439,1.387,1.682,1.641,0.26,0.358,1.071
0.942,1.438,1.387,1.681,1.64,0.26,0.358,1.07
0.942,1.437,1.388,1.681,1.64,0.259,0.358,1.07
0.941,1.436,1.388,1.681,1.639,0.259,0.358,1.069
0.941,1.435,1.388,1.68,1.638,0.259,0.358,1.069
0.941,1.434,1.388,1.68,1.638,0.258,0.358,1.068
0.94,1.433,1.388,1.68,1.637,0.258,0.358,1.067
0.94,1.432,1.388,1.679,1.637,0.258,0.358,1.067
0.94,1.431,1.388,1.679,1.636,0.257,0.358,1.066
0.939,1.43,1.388,1.678,1.636,0.257,0.358,1.066
0.939,1.429,1.389,1.678,1.635,0.257,0.358,1.066
0.939,1.428,1.389,1.677,1.634,0.257,0.358,1.065
0.939,1.427,1.389,1.677,1.634,0.256,0.357,1.064
0.938,1.427,1.389,1.677,1.633,0.256,0.357,1.063
0.938,1.425,1.389,1.676,1.633,0.256,0.358,1.063
0.938,1.424,1.389,1.676,1.632,0.255,0.358,1.062
0.937,1.424,1.389,1.675,1.632,0.255,0.357,1.062
0.937,1.423,1.389,1.675,1.631,0.255,0.358,1.061
0.937,1.422,1.389,1.675,1.631,0.255,0.357,1.061
0.936,1.421,1.39,1.674,1.63,0.254,0.357,1.06
0.936,1.42,1.39,1.674,1.629,0.254,0.357,1.06
0.936,1.419,1.39,1.674,1.628,0.253,0.357,1.059
0.936,1.418,1.39,1.673,1.628,0.253,0.357,1.059
0.935,1.417,1.39,1.673,1.628,0.253,0.357,1.058
0.935,1.416,1.39,1.672,1.627,0.253,0.357,1.058
0.934,1.415,1.39,1.672,1.627,0.253,0.357,1.057
0.934,1.414,1.39,1.672,1.626,0.252,0.357,1.057
0.934,1.413,1.391,1.671,1.625,0.252,0.357,1.056
0.934,1.413,1.391,1.671,1.625,0.252,0.357,1.055
0.933,1.412,1.391,1.671,1.624,0.251,0.357,1.055
0.933,1.411,1.391,1.67,1.624,0.251,0.357,1.055
0.933,1.41,1.391,1.67,1.623,0.251,0.357,1.054
0.932,1.409,1.391,1.67,1.623,0.251,0.357,1.053
0.932,1.408,1.391,1.669,1.622,0.25,0.357,1.053
0.932,1.407,1.392,1.669,1.622,0.25,0.357,1.052
0.931,1.406,1.392,1.668,1.621,0.25,0.357,1.052
0.931,1.405,1.392,1.668,1.621,0.25,0.357,1.051
0.931,1.404,1.392,1.668,1.62,0.249,0.357,1.051
0.931,1.404,1.392,1.667,1.62,0.249,0.357,1.05
0.934,1.408,1.397,1.672,1.624,0.249,0.358,1.052
0.934,1.407,1.398,1.674,1.626,0.249,0.358,1.054
0.933,1.405,1.397,1.672,1.624,0.249,0.358,1.053
0.93,1.402,1.395,1.669,1.621,0.248,0.358,1.051
0.927,1.397,1.391,1.664,1.615,0.247,0.357,1.048
0.929,1.398,1.392,1.664,1.615,0.247,0.356,1.046
0.932,1.403,1.398,1.67,1.62,0.248,0.358,1.049
0.932,1.402,1.399,1.672,1.623,0.248,0.358,1.051
0.931,1.4,1.398,1.67,1.621,0.247,0.358,1.05
0.929,1.397,1.396,1.668,1.618,0.247,0.358,1.049
0.926,1.391,1.392,1.661,1.613,0.246,0.357,1.045
0.927,1.393,1.393,1.662,1.611,0.245,0.356,1.043
0.93,1.397,1.399,1.668,1.617,0.246,0.358,1.046
0.93,1.397,1.4,1.67,1.62,0.246,0.358,1.048
0.929,1.395,1.399,1.668,1.618,0.246,0.358,1.047
0.927,1.392,1.397,1.665,1.615,0.245,0.358,1.046
0.924,1.386,1.393,1.66,1.61,0.244,0.357,1.042
0.925,1.387,1.394,1.66,1.609,0.244,0.356,1.04
0.929,1.392,1.4,1.666,1.614,0.245,0.358,1.043
0.929,1.392,1.401,1.668,1.617,0.245,0.358,1.046
0.928,1.39,1.4,1.666,1.615,0.244,0.358,1.045
0.926,1.387,1.398,1.664,1.613,0.244,0.358,1.043
0.923,1.382,1.394,1.658,1.607,0.243,0.357,1.04
0.924,1.382,1.395,1.658,1.606,0.242,0.356,1.037
0.927,1.387,1.401,1.664,1.611,0.243,0.357,1.04
0.927,1.387,1.402,1.666,1.614,0.243,0.358,1.043
0.926,1.385,1.401,1.664,1.612,0.243,0.358,1.042
0.924,1.382,1.399,1.662,1.61,0.242,0.358,1.04
0.921,1.377,1.395,1.656,1.604,0.241,0.357,1.037
0.922,1.377,1.396,1.656,1.603,0.241,0.356,1.035
0.925,1.382,1.402,1.662,1.608,0.241,0.357,1.038
0.925,1.382,1.403,1.665,1.611,0.242,0.358,1.04
0.924,1.38,1.402,1.663,1.609,0.241,0.358,1.039
0.922,1.377,1.4,1.66,1.607,0.241,0.358,1.038
0.919,1.371,1.396,1.654,1.601,0.24,0.357,1.034
0.92,1.372,1.397,1.654,1.6,0.239,0.356,1.032
0.924,1.377,1.403,1.66,1.605,0.24,0.357,1.035
0.924,1.377,1.405,1.663,1.608,0.24,0.358,1.038
0.923,1.375,1.403,1.661,1.606,0.24,0.358,1.037
0.921,1.372,1.401,1.658,1.604,0.239,0.358,1.035
0.917,1.367,1.397,1.653,1.599,0.238,0.357,1.032
0.919,1.367,1.398,1.652,1.597,0.238,0.356,1.029
0.922,1.372,1.403,1.658,1.603,0.238,0.357,1.032
0.922,1.372,1.405,1.661,1.606,0.239,0.358,1.035
0.921,1.371,1.404,1.659,1.604,0.238,0.358,1.034
0.919,1.367,1.403,1.656,1.601,0.238,0.358,1.033
0.916,1.362,1.398,1.651,1.596,0.237,0.357,1.029
0.917,1.362,1.399,1.65,1.594,0.236,0.356,1.027
0.92,1.367,1.404,1.656,1.6,0.237,0.357,1.029
0.92,1.368,1.406,1.659,1.603,0.237,0.358,1.032
0.919,1.365,1.405,1.657,1.601,0.237,0.358,1.031
0.917,1.363,1.403,1.655,1.598,0.236,0.358,1.03
0.914,1.357,1.399,1.649,1.593,0.235,0.356,1.027
0.915,1.358,1.4,1.648,1.591,0.235,0.356,1.024
0.918,1.362,1.405,1.654,1.596,0.236,0.357,1.027
0.918,1.363,1.407,1.657,1.6,0.236,0.358,1.03
0.918,1.361,1.406,1.655,1.598,0.235,0.358,1.029
0.915,1.358,1.404,1.653,1.596,0.235,0.358,1.027
0.912,1.353,1.4,1.647,1.59,0.234,0.357,1.024
0.913,1.353,1.4,1.646,1.588,0.233,0.356,1.022
0.916,1.357,1.406,1.652,1.589,0.233,0.357,1.023
0.913,1.352,1.402,1.648,1.589,0.233,0.357,1.023
0.912,1.352,1.402,1.647,1.589,0.233,0.357,1.022
0.912,1.351,1.402,1.647,1.589,0.233,0.357,1.022
0.912,1.35,1.402,1.647,1.588,0.232,0.357,1.022
0.911,1.349,1.403,1.647,1.588,0.232,0.357,1.021
0.911,1.349,1.403,1.646,1.587,0.232,0.356,1.021
0.911,1.348,1.403,1.646,1.587,0.232,0.357,1.02
0.911,1.347,1.403,1.646,1.586,0.232,0.357,1.02
0.91,1.346,1.403,1.645,1.586,0.231,0.357,1.019
0.91,1.345,1.403,1.645,1.585,0.231,0.356,1.019
0.909,1.344,1.403,1.644,1.585,0.231,0.357,1.018
0.909,1.344,1.403,1.644,1.584,0.23,0.356,1.018
0.909,1.343,1.403,1.644,1.584,0.23,0.356,1.017
0.908,1.342,1.403,1.643,1.583,0.23,0.356,1.017
0.908,1.341,1.403,1.643,1.583,0.23,0.356,1.017
0.908,1.341,1.404,1.643,1.582,0.23,0.356,1.016
0.907,1.34,1.404,1.642,1.582,0.229,0.356,1.016
0.907,1.339,1.404,1.642,1.581,0.229,0.356,1.015
0.907,1.338,1.404,1.642,1.581,0.229,0.356,1.015
0.906,1.337,1.404,1.642,1.58,0.229,0.356,1.014
0.906,1.337,1.404,1.641,1.58,0.228,0.356,1.014
0.906,1.336,1.404,1.641,1.579,0.228,0.356,1.013
0.905,1.335,1.404,1.641,1.579,0.228,0.356,1.013
0.905,1.335,1.404,1.64,1.578,0.228,0.356,1.013
0.905,1.334,1.405,1.64,1.578,0.228,0.356,1.012
0.904,1.333,1.405,1.64,1.578,0.227,0.356,1.012
0.904,1.332,1.405,1.639,1.577,0.227,0.356,1.011
0.904,1.332,1.405,1.639,1.576,0.227,0.356,1.011
0.903,1.331,1.405,1.638,1.576,0.227,0.356,1.01
0.903,1.33,1.405,1.638,1.575,0.226,0.356,1.01
0.903,1.33,1.405,1.638,1.575,0.226,0.356,1.01
0.902,1.329,1.405,1.638,1.575,0.226,0.356,1.009
0.902,1.328,1.405,1.637,1.574,0.225,0.356,1.009
0.902,1.327,1.405,1.637,1.573,0.225,0.356,1.008
0.901,1.327,1.405,1.637,1.573,0.225,0.356,1.008
0.901,1.326,1.406,1.637,1.573,0.225,0.356,1.008
0.901,1.325,1.406,1.636,1.572,0.225,0.356,1.007
0.9,1.325,1.406,1.636,1.572,0.224,0.356,1.007
0.9,1.324,1.406,1.636,1.571,0.224,0.356,1.007
0.899,1.323,1.406,1.635,1.571,0.224,0.356,1.006
0.899,1.322,1.406,1.635,1.571,0.224,0.356,1.005
0.899,1.322,1.406,1.635,1.57,0.223,0.356,1.005
0.898,1.321,1.406,1.634,1.57,0.223,0.356,1.005
0.898,1.32,1.406,1.634,1.569,0.223,0.355,1.004
0.898,1.32,1.406,1.634,1.568,0.223,0.356,1.004
0.897,1.319,1.406,1.633,1.568,0.222,0.355,1.004
0.897,1.318,1.406,1.633,1.567,0.222,0.355,1.003
0.896,1.317,1.406,1.633,1.567,0.222,0.355,1.003
0.896,1.317,1.406,1.632,1.566,0.222,0.355,1.002
0.896,1.316,1.406,1.632,1.566,0.222,0.355,1.002
0.895,1.316,1.406,1.632,1.565,0.221,0.355,1.001
0.895,1.315,1.407,1.632,1.565,0.221,0.355,1.001
0.895,1.314,1.407,1.631,1.564,0.221,0.355,1.0
0.894,1.313,1.407,1.631,1.564,0.22,0.355,1.0
0.894,1.313,1.407,1.63,1.564,0.22,0.355,0.999
0.894,1.312,1.407,1.63,1.563,0.22,0.355,0.999
0.893,1.312,1.407,1.63,1.563,0.22,0.355,0.999
0.893,1.311,1.407,1.63,1.562,0.22,0.355,0.998
0.892,1.31,1.407,1.629,1.562,0.219,0.355,0.998
0.892,1.309,1.407,1.629,1.562,0.219,0.355,0.997
0.892,1.309,1.407,1.629,1.561,0.219,0.355,0.997
0.892,1.308,1.407,1.629,1.561,0.219,0.355,0.997
0.891,1.308,1.407,1.628,1.56,0.219,0.355,0.996
0.888,1.303,1.404,1.624,1.557,0.218,0.354,0.995
0.888,1.302,1.403,1.622,1.554,0.217,0.354,0.992
0.892,1.308,1.409,1.629,1.559,0.218,0.354,0.994
0.894,1.312,1.414,1.635,1.566,0.219,0.356,0.999
0.894,1.311,1.415,1.636,1.567,0.219,0.357,1.0
0.89,1.306,1.41,1.63,1.562,0.218,0.356,0.997
0.886,1.299,1.404,1.623,1.554,0.217,0.354,0.993
0.885,1.298,1.403,1.62,1.551,0.216,0.353,0.989
0.89,1.303,1.409,1.627,1.556,0.217,0.354,0.991
0.892,1.308,1.415,1.633,1.563,0.217,0.356,0.996
0.891,1.307,1.415,1.634,1.564,0.217,0.356,0.997
0.888,1.301,1.411,1.628,1.559,0.217,0.356,0.995
0.883,1.295,1.404,1.621,1.551,0.216,0.354,0.99
0.883,1.294,1.403,1.618,1.548,0.215,0.353,0.987
0.887,1.299,1.409,1.624,1.553,0.215,0.354,0.989
0.89,1.303,1.415,1.631,1.56,0.216,0.356,0.993
0.889,1.302,1.416,1.632,1.561,0.216,0.356,0.995
0.886,1.297,1.411,1.626,1.556,0.215,0.355,0.992
0.882,1.291,1.405,1.619,1.549,0.214,0.354,0.988
0.881,1.289,1.403,1.616,1.545,0.213,0.353,0.984
0.885,1.295,1.41,1.622,1.55,0.214,0.354,0.986
0.888,1.299,1.416,1.629,1.557,0.215,0.356,0.991
0.887,1.298,1.416,1.63,1.558,0.215,0.356,0.992
0.884,1.294,1.412,1.625,1.554,0.214,0.356,0.99
0.88,1.287,1.406,1.618,1.546,0.213,0.354,0.986
0.879,1.285,1.404,1.614,1.542,0.212,0.353,0.982
0.883,1.291,1.41,1.62,1.547,0.213,0.354,0.984
0.886,1.295,1.416,1.627,1.554,0.214,0.356,0.989
0.885,1.295,1.417,1.629,1.556,0.214,0.356,0.99
0.882,1.29,1.412,1.624,1.551,0.213,0.355,0.988
0.878,1.283,1.406,1.616,1.544,0.212,0.354,0.984
0.877,1.281,1.404,1.613,1.54,0.211,0.353,0.98
0.881,1.286,1.411,1.619,1.545,0.211,0.353,0.981
0.884,1.291,1.417,1.626,1.552,0.213,0.355,0.986
0.883,1.291,1.417,1.626,1.553,0.213,0.356,0.988
0.88,1.286,1.413,1.622,1.549,0.212,0.355,0.986
0.876,1.279,1.407,1.615,1.542,0.211,0.354,0.981
0.875,1.278,1.405,1.611,1.537,0.21,0.352,0.978
0.879,1.282,1.411,1.616,1.542,0.21,0.353,0.979
0.882,1.287,1.417,1.624,1.549,0.211,0.355,0.984
0.881,1.286,1.418,1.625,1.55,0.211,0.356,0.986
0.878,1.281,1.413,1.62,1.546,0.21,0.355,0.984
0.874,1.275,1.407,1.613,1.539,0.209,0.354,0.979
0.873,1.273,1.405,1.609,1.534,0.209,0.353,0.976
0.877,1.278,1.411,1.615,1.539,0.209,0.353,0.977
0.88,1.283,1.417,1.622,1.546,0.21,0.355,0.982
0.879,1.282,1.418,1.623,1.548,0.21,0.356,0.984
0.876,1.278,1.414,1.619,1.544,0.209,0.355,0.982
0.872,1.272,1.408,1.611,1.536,0.208,0.354,0.978
0.871,1.27,1.406,1.608,1.532,0.208,0.352,0.974
0.875,1.274,1.411,1.613,1.536,0.208,0.353,0.975
0.878,1.279,1.417,1.62,1.543,0.209,0.355,0.98
0.877,1.279,1.418,1.622,1.545,0.209,0.356,0.982
0.874,1.274,1.415,1.617,1.541,0.208,0.355,0.98
0.87,1.268,1.409,1.61,1.534,0.207,0.353,0.976
0.869,1.265,1.406,1.606,1.53,0.206,0.352,0.972
0.873,1.27,1.411,1.611,1.534,0.207,0.353,0.973
0.876,1.275,1.418,1.618,1.541,0.207,0.355,0.977
0.875,1.275,1.419,1.62,1.542,0.208,0.355,0.98
0.872,1.27,1.415,1.615,1.539,0.207,0.355,0.978
0.868,1.264,1.409,1.608,1.532,0.206,0.353,0.973
0.87,1.266,1.411,1.61,1.533,0.206,0.353,0.973
0.87,1.265,1.411,1.61,1.532,0.206,0.353,0.973
0.869,1.265,1.411,1.609,1.532,0.205,0.353,0.972
0.869,1.264,1.412,1.609,1.531,0.205,0.353,0.972
0.868,1.263,1.412,1.609,1.531,0.205,0.353,0.972
0.868,1.263,1.412,1.609,1.53,0.205,0.353,0.971
0.868,1.262,1.412,1.608,1.53,0.205,0.353,0.971
0.867,1.262,1.411,1.608,1.53,0.205,0.353,0.971
0.867,1.261,1.412,1.608,1.529,0.204,0.353,0.97
0.867,1.26,1.412,1.607,1.529,0.204,0.353,0.97
0.866,1.26,1.411,1.607,1.528,0.204,0.353,0.969
0.866,1.259,1.412,1.607,1.528,0.204,0.353,0.969
0.865,1.258,1.412,1.607,1.528,0.204,0.353,0.969
0.865,1.258,1.412,1.606,1.527,0.203,0.353,0.969
0.865,1.257,1.412,1.606,1.527,0.203,0.353,0.968
0.864,1.257,1.412,1.606,1.526,0.203,0.353,0.968
0.864,1.256,1.412,1.605,1.526,0.203,0.353,0.967
0.864,1.255,1.412,1.605,1.525,0.203,0.353,0.967
0.863,1.255,1.412,1.605,1.525,0.202,0.353,0.967
0.863,1.254,1.412,1.605,1.525,0.202,0.353,0.966
0.863,1.253,1.412,1.604,1.524,0.202,0.353,0.966
0.862,1.253,1.412,1.604,1.524,0.202,0.353,0.966
0.862,1.253,1.412,1.604,1.524,0.202,0.353,0.966
0.862,1.252,1.412,1.604,1.523,0.202,0.353,0.965
0.861,1.251,1.412,1.604,1.522,0.201,0.353,0.965
0.861,1.251,1.412,1.603,1.522,0.201,0.353,0.964
0.861,1.25,1.412,1.603,1.522,0.201,0.353,0.964
0.86,1.25,1.413,1.603,1.522,0.201,0.353,0.964
0.86,1.249,1.412,1.602,1.521,0.201,0.353,0.963
0.86,1.249,1.413,1.602,1.521,0.201,0.353,0.963
0.859,1.248,1.413,1.602,1.52,0.2,0.353,0.963
0.859,1.247,1.413,1.601,1.52,0.2,0.353,0.962
0.859,1.247,1.413,1.602,1.52,0.2,0.352,0.962
0.858,1.246,1.413,1.601,1.519,0.2,0.352,0.962
0.858,1.246,1.413,1.601,1.519,0.199,0.353,0.962
0.858,1.245,1.413,1.601,1.518,0.199,0.353,0.961
0.857,1.245,1.413,1.601,1.518,0.199,0.352,0.961
0.857,1.244,1.413,1.6,1.518,0.199,0.352,0.961
0.857,1.244,1.413,1.6,1.517,0.199,0.352,0.96
0.856,1.243,1.413,1.6,1.517,0.199,0.352,0.96
0.856,1.242,1.413,1.599,1.516,0.198,0.352,0.96
0.856,1.242,1.413,1.599,1.516,0.198,0.352,0.959
0.855,1.241,1.413,1.599,1.515,0.198,0.352,0.959
0.855,1.241,1.413,1.598,1.515,0.198,0.352,0.958
0.854,1.24,1.413,1.598,1.515,0.198,0.352,0.958
0.854,1.239,1.413,1.598,1.514,0.197,0.352,0.957
0.853,1.239,1.413,1.597,1.513,0.197,0.352,0.957
0.853,1.238,1.413,1.597,1.513,0.197,0.352,0.957
0.853,1.237,1.413,1.597,1.512,0.197,0.352,0.956
0.853,1.237,1.413,1.596,1.512,0.197,0.352,0.956
0.852,1.236,1.413,1.596,1.512,0.197,0.352,0.956
0.852,1.236,1.413,1.596,1.511,0.196,0.352,0.956
0.851,1.235,1.413,1.596,1.511,0.196,0.352,0.955
0.851,1.235,1.413,1.595,1.511,0.196,0.352,0.955
0.851,1.234,1.413,1.595,1.51,0.196,0.352,0.954
0.85,1.234,1.413,1.595,1.51,0.196,0.352,0.954
0.85,1.233,1.413,1.594,1.509,0.196,0.352,0.954
0.85,1.233,1.413,1.594,1.509,0.195,0.352,0.953
0.849,1.232,1.413,1.594,1.509,0.195,0.352,0.953
0.849,1.232,1.413,1.594,1.508,0.195,0.352,0.953
0.849,1.231,1.413,1.594,1.508,0.195,0.352,0.952
0.848,1.23,1.413,1.593,1.508,0.195,0.351,0.952
0.848,1.23,1.413,1.593,1.507,0.194,0.351,0.952
0.851,1.235,1.42,1.601,1.515,0.195,0.353,0.956
0.85,1.233,1.418,1.598,1.512,0.195,0.353,0.955
0.846,1.228,1.414,1.593,1.508,0.194,0.352,0.953
0.844,1.224,1.409,1.587,1.501,0.193,0.35,0.948
0.846,1.227,1.413,1.59,1.503,0.193,0.35,0.948
0.85,1.232,1.419,1.598,1.51,0.194,0.352,0.952
0.849,1.232,1.42,1.599,1.512,0.194,0.353,0.954
0.848,1.23,1.418,1.597,1.51,0.194,0.353,0.953
0.844,1.225,1.414,1.592,1.505,0.193,0.352,0.951
0.842,1.221,1.409,1.585,1.499,0.192,0.35,0.946
0.844,1.224,1.412,1.588,1.5,0.192,0.35,0.946
0.848,1.229,1.419,1.596,1.508,0.193,0.352,0.95
0.848,1.229,1.42,1.598,1.51,0.193,0.353,0.952
0.846,1.227,1.419,1.596,1.508,0.193,0.352,0.951
0.842,1.222,1.414,1.59,1.503,0.192,0.351,0.949
0.84,1.218,1.409,1.584,1.497,0.191,0.35,0.945
0.842,1.221,1.412,1.587,1.498,0.191,0.35,0.944
0.846,1.226,1.419,1.595,1.505,0.192,0.352,0.948
0.845,1.226,1.421,1.596,1.508,0.192,0.353,0.95
0.844,1.224,1.418,1.593,1.505,0.192,0.352,0.949
0.84,1.218,1.414,1.588,1.5,0.191,0.351,0.946
0.837,1.214,1.408,1.582,1.494,0.19,0.35,0.942
0.84,1.217,1.412,1.584,1.495,0.19,0.35,0.941
0.843,1.222,1.419,1.592,1.502,0.191,0.351,0.945
0.843,1.223,1.42,1.594,1.505,0.192,0.352,0.948
0.842,1.22,1.418,1.592,1.503,0.191,0.352,0.947
0.838,1.216,1.414,1.587,1.498,0.19,0.351,0.945
0.835,1.211,1.409,1.581,1.492,0.19,0.35,0.941
0.838,1.214,1.412,1.583,1.493,0.19,0.35,0.939
0.842,1.22,1.419,1.591,1.5,0.19,0.351,0.944
0.842,1.22,1.421,1.593,1.503,0.191,0.352,0.947
0.84,1.218,1.419,1.591,1.501,0.19,0.352,0.946
0.837,1.213,1.415,1.586,1.497,0.19,0.351,0.943
0.834,1.209,1.41,1.58,1.49,0.189,0.35,0.939
0.836,1.211,1.412,1.582,1.491,0.189,0.349,0.938
0.84,1.217,1.42,1.59,1.498,0.19,0.351,0.942
0.84,1.217,1.422,1.592,1.501,0.19,0.352,0.945
0.838,1.215,1.42,1.59,1.499,0.19,0.352,0.944
0.835,1.211,1.415,1.585,1.495,0.189,0.351,0.942
0.832,1.206,1.41,1.579,1.488,0.188,0.35,0.938
0.835,1.208,1.413,1.581,1.489,0.188,0.35,0.936
0.838,1.214,1.42,1.589,1.497,0.189,0.351,0.941
0.839,1.215,1.422,1.591,1.5,0.189,0.353,0.944
0.837,1.213,1.421,1.589,1.498,0.189,0.352,0.943
0.834,1.208,1.416,1.585,1.494,0.188,0.351,0.941
0.831,1.203,1.411,1.578,1.487,0.188,0.35,0.936
0.833,1.206,1.414,1.58,1.488,0.187,0.35,0.935
0.837,1.212,1.421,1.588,1.495,0.188,0.352,0.939
0.837,1.212,1.423,1.591,1.498,0.189,0.353,0.942
0.836,1.21,1.422,1.589,1.496,0.189,0.353,0.941
0.833,1.206,1.417,1.584,1.492,0.188,0.352,0.939
0.83,1.201,1.412,1.577,1.486,0.187,0.35,0.935
0.832,1.204,1.414,1.579,1.486,0.187,0.35,0.934
0.836,1.209,1.422,1.587,1.494,0.188,0.352,0.938
0.836,1.21,1.425,1.59,1.497,0.188,0.353,0.941
0.835,1.208,1.423,1.588,1.495,0.188,0.353,0.94
0.832,1.204,1.418,1.583,1.491,0.187,0.352,0.938
0.829,1.199,1.413,1.577,1.484,0.186,0.35,0.934
0.831,1.201,1.416,1.578,1.484,0.186,0.35,0.932
0.835,1.207,1.423,1.586,1.492,0.187,0.352,0.937
0.835,1.208,1.426,1.589,1.485,0.187,0.351,0.935
0.831,1.201,1.419,1.581,1.488,0.187,0.351,0.935
0.831,1.201,1.419,1.581,1.487,0.186,0.351,0.935
0.83,1.201,1.419,1.581,1.487,0.186,0.351,0.934
0.83,1.2,1.419,1.581,1.487,0.186,0.352,0.934
0.83,1.2,1.419,1.58,1.487,0.186,0.352,0.934
0.83,1.2,1.42,1.58,1.486,0.186,0.351,0.934
0.83,1.199,1.42,1.58,1.486,0.186,0.352,0.934
0.829,1.199,1.42,1.58,1.486,0.186,0.352,0.934
0.829,1.198,1.42,1.58,1.486,0.186,0.352,0.933
0.829,1.198,1.42,1.58,1.485,0.186,0.352,0.933
0.829,1.198,1.42,1.579,1.485,0.185,0.352,0.933
0.829,1.197,1.421,1.58,1.485,0.185,0.352,0.933
0.828,1.197,1.421,1.579,1.485,0.185,0.352,0.933
0.828,1.196,1.421,1.579,1.484,0.185,0.352,0.932
0.828,1.196,1.422,1.579,1.484,0.185,0.352,0.932
0.828,1.196,1.421,1.579,1.484,0.185,0.352,0.932
0.827,1.195,1.422,1.579,1.483,0.185,0.352,0.932
0.827,1.195,1.422,1.579,1.483,0.185,0.352,0.931
0.827,1.195,1.422,1.578,1.483,0.185,0.352,0.931
0.827,1.194,1.422,1.578,1.483,0.185,0.352,0.931
0.827,1.194,1.422,1.578,1.482,0.184,0.352,0.931
0.826,1.193,1.422,1.578,1.482,0.184,0.352,0.93
0.826,1.193,1.423,1.578,1.482,0.184,0.352,0.93
0.826,1.193,1.423,1.578,1.482,0.184,0.352,0.93
0.826,1.192,1.423,1.577,1.481,0.184,0.352,0.93
0.825,1.192,1.423,1.577,1.481,0.184,0.352,0.93
0.825,1.191,1.423,1.577,1.481,0.184,0.352,0.929
0.825,1.191,1.424,1.577,1.48,0.184,0.352,0.929
0.825,1.191,1.424,1.577,1.48,0.184,0.352,0.929
0.825,1.191,1.424,1.577,1.48,0.184,0.352,0.929
0.824,1.19,1.424,1.577,1.48,0.183,0.352,0.928
0.824,1.19,1.424,1.576,1.48,0.183,0.352,0.928
0.824,1.189,1.425,1.576,1.479,0.183,0.353,0.928
0.824,1.189,1.425,1.576,1.479,0.183,0.352,0.928
0.824,1.189,1.425,1.576,1.479,0.183,0.352,0.928
0.823,1.188,1.425,1.576,1.479,0.183,0.353,0.927
0.823,1.188,1.425,1.576,1.478,0.183,0.352,0.927
0.823,1.187,1.425,1.575,1.478,0.183,0.352,0.927
0.822,1.187,1.425,1.575,1.478,0.183,0.352,0.926
0.822,1.187,1.425,1.575,1.477,0.183,0.352,0.926
0.822,1.186,1.426,1.575,1.477,0.182,0.352,0.926
0.822,1.186,1.426,1.575,1.477,0.182,0.353,0.926
0.822,1.186,1.426,1.575,1.477,0.182,0.353,0.926
0.821,1.185,1.426,1.574,1.476,0.182,0.353,0.925
0.821,1.185,1.426,1.574,1.476,0.182,0.353,0.925
0.821,1.185,1.426,1.574,1.476,0.182,0.353,0.925
0.821,1.184,1.427,1.574,1.475,0.182,0.353,0.924
0.82,1.184,1.427,1.574,1.475,0.182,0.353,0.924
0.82,1.184,1.427,1.573,1.475,0.182,0.353,0.924
0.82,1.183,1.427,1.573,1.475,0.181,0.353,0.924
0.82,1.183,1.427,1.573,1.474,0.181,0.353,0.924
0.819,1.182,1.427,1.573,1.474,0.181,0.353,0.923
0.819,1.182,1.428,1.573,1.474,0.181,0.353,0.923
0.819,1.182,1.428,1.573,1.473,0.181,0.353,0.923
0.819,1.181,1.428,1.572,1.473,0.181,0.353,0.923
0.819,1.181,1.428,1.573,1.473,0.181,0.353,0.922
0.818,1.181,1.428,1.572,1.473,0.181,0.353,0.922
0.818,1.18,1.428,1.572,1.472,0.181,0.353,0.922
0.818,1.18,1.428,1.572,1.472,0.18,0.353,0.922
0.818,1.18,1.429,1.572,1.472,0.18,0.353,0.921
0.817,1.179,1.429,1.572,1.471,0.18,0.353,0.921
0.817,1.179,1.429,1.572,1.471,0.18,0.353,0.921
0.817,1.179,1.429,1.571,1.471,0.18,0.353,0.921
0.82,1.181,1.432,1.575,1.474,0.18,0.354,0.923
0.818,1.181,1.433,1.575,1.474,0.18,0.354,0.922
0.818,1.18,1.433,1.575,1.474,0.18,0.354,0.922
0.818,1.18,1.433,1.574,1.473,0.18,0.354,0.922
0.818,1.179,1.433,1.574,1.473,0.18,0.354,0.922
0.818,1.179,1.433,1.574,1.473,0.18,0.354,0.921
0.817,1.179,1.433,1.574,1.472,0.18,0.354,0.921
0.817,1.179,1.434,1.574,1.472,0.18,0.354,0.921
0.817,1.178,1.434,1.573,1.472,0.18,0.354,0.921
0.816,1.178,1.434,1.573,1.472,0.179,0.354,0.92
0.816,1.177,1.434,1.573,1.471,0.179,0.354,0.92
0.816,1.177,1.434,1.573,1.471,0.179,0.354,0.92
0.816,1.177,1.434,1.573,1.471,0.179,0.354,0.92
0.816,1.176,1.434,1.573,1.47,0.179,0.354,0.919
0.816,1.176,1.434,1.572,1.47,0.179,0.354,0.919
0.815,1.176,1.434,1.572,1.47,0.179,0.354,0.919
0.815,1.175,1.435,1.572,1.47,0.179,0.354,0.919
0.815,1.175,1.435,1.572,1.469,0.179,0.354,0.919
0.814,1.175,1.435,1.572,1.469,0.179,0.354,0.918
0.814,1.174,1.435,1.572,1.469,0.178,0.354,0.918
0.814,1.174,1.435,1.571,1.469,0.178,0.354,0.918
0.814,1.174,1.436,1.571,1.468,0.178,0.354,0.918
0.814,1.174,1.435,1.571,1.468,0.178,0.354,0.917
0.813,1.173,1.436,1.571,1.468,0.178,0.354,0.917
0.813,1.173,1.436,1.571,1.467,0.178,0.354,0.917
0.813,1.173,1.436,1.571,1.467,0.178,0.354,0.917
0.813,1.172,1.436,1.571,1.467,0.178,0.354,0.917
0.813,1.172,1.436,1.571,1.467,0.178,0.354,0.916
0.812,1.172,1.437,1.57,1.467,0.178,0.354,0.916
0.812,1.172,1.437,1.57,1.466,0.178,0.354,0.916
0.812,1.171,1.437,1.57,1.466,0.178,0.354,0.916
0.812,1.171,1.437,1.57,1.466,0.177,0.354,0.916
0.812,1.171,1.437,1.57,1.466,0.177,0.355,0.915
0.811,1.17,1.437,1.57,1.465,0.177,0.355,0.915
0.811,1.17,1.437,1.57,1.465,0.177,0.355,0.915
0.811,1.169,1.438,1.569,1.465,0.177,0.355,0.914
0.81,1.169,1.438,1.569,1.464,0.177,0.355,0.914
0.81,1.169,1.438,1.569,1.464,0.177,0.355,0.914
0.81,1.168,1.438,1.569,1.464,0.177,0.355,0.914
0.81,1.168,1.438,1.569,1.464,0.177,0.355,0.914
0.81,1.168,1.438,1.569,1.463,0.176,0.355,0.913
0.81,1.168,1.438,1.569,1.463,0.176,0.355,0.913
0.809,1.167,1.438,1.568,1.463,0.176,0.355,0.913
0.809,1.167,1.439,1.568,1.462,0.176,0.355,0.913
0.809,1.167,1.439,1.568,1.462,0.176,0.355,0.913
0.809,1.166,1.439,1.568,1.462,0.176,0.355,0.912
0.808,1.166,1.439,1.568,1.462,0.176,0.355,0.912
0.808,1.166,1.439,1.567,1.461,0.176,0.355,0.912
0.808,1.165,1.439,1.567,1.461,0.176,0.355,0.912
0.808,1.165,1.439,1.567,1.461,0.176,0.355,0.911
0.807,1.165,1.44,1.567,1.461,0.175,0.355,0.911
0.807,1.165,1.44,1.567,1.46,0.175,0.355,0.911
0.807,1.164,1.44,1.567,1.46,0.176,0.355,0.91
0.807,1.164,1.44,1.567,1.46,0.175,0.355,0.91
0.806,1.164,1.44,1.567,1.459,0.175,0.355,0.91
0.806,1.163,1.44,1.566,1.459,0.175,0.355,0.91
0.806,1.163,1.44,1.566,1.459,0.175,0.355,0.91
0.806,1.163,1.44,1.566,1.459,0.175,0.355,0.909
0.806,1.162,1.441,1.566,1.458,0.175,0.355,0.909
0.805,1.162,1.441,1.566,1.458,0.175,0.355,0.909
0.805,1.162,1.441,1.565,1.458,0.175,0.355,0.908
0.805,1.162,1.441,1.565,1.458,0.174,0.355,0.908
0.805,1.161,1.441,1.565,1.457,0.174,0.355,0.908
0.804,1.161,1.441,1.565,1.457,0.174,0.355,0.908
0.804,1.161,1.441,1.565,1.457,0.174,0.355,0.907
0.804,1.16,1.441,1.565,1.457,0.174,0.355,0.907
0.804,1.16,1.442,1.565,1.456,0.174,0.355,0.907
0.804,1.16,1.442,1.564,1.456,0.174,0.355,0.907
0.803,1.159,1.442,1.564,1.456,0.174,0.355,0.907
0.803,1.159,1.442,1.564,1.455,0.174,0.355,0.906
0.803,1.159,1.442,1.564,1.455,0.174,0.355,0.906
0.803,1.159,1.442,1.564,1.455,0.174,0.355,0.906
0.802,1.158,1.442,1.563,1.455,0.173,0.355,0.906
0.802,1.158,1.443,1.563,1.454,0.174,0.355,0.906
0.802,1.158,1.442,1.563,1.454,0.173,0.355,0.905
0.802,1.157,1.443,1.563,1.454,0.173,0.355,0.905
0.801,1.157,1.443,1.563,1.453,0.173,0.355,0.905
0.801,1.157,1.443,1.563,1.453,0.173,0.355,0.904
0.801,1.157,1.443,1.562,1.453,0.173,0.355,0.904
0.801,1.157,1.443,1.562,1.452,0.173,0.355,0.904
0.801,1.156,1.443,1.562,1.452,0.173,0.355,0.904
0.8,1.156,1.443,1.562,1.452,0.172,0.355,0.903
0.8,1.156,1.443,1.562,1.452,0.173,0.355,0.903
0.8,1.155,1.444,1.562,1.451,0.172,0.355,0.903
0.799,1.155,1.444,1.562,1.451,0.172,0.355,0.903
0.799,1.155,1.444,1.561,1.451,0.172,0.355,0.903
0.799,1.154,1.444,1.561,1.45,0.172,0.355,0.902
0.799,1.154,1.444,1.561,1.45,0.172,0.356,0.902
0.799,1.154,1.444,1.561,1.45,0.172,0.355,0.902
0.798,1.154,1.444,1.561,1.45,0.172,0.356,0.902
0.798,1.153,1.444,1.56,1.449,0.172,0.355,0.901
0.798,1.153,1.444,1.56,1.449,0.172,0.356,0.901
0.798,1.153,1.445,1.56,1.449,0.172,0.355,0.901
0.797,1.152,1.445,1.56,1.448,0.171,0.355,0.901
0.797,1.152,1.445,1.56,1.448,0.171,0.356,0.9
0.797,1.152,1.445,1.559,1.448,0.171,0.356,0.9
0.797,1.152,1.445,1.559,1.448,0.171,0.355,0.9
0.796,1.151,1.445,1.559,1.447,0.171,0.355,0.9
0.796,1.151,1.445,1.559,1.447,0.171,0.356,0.899
0.796,1.151,1.445,1.558,1.447,0.171,0.356,0.899
0.796,1.151,1.445,1.558,1.446,0.171,0.355,0.899
0.796,1.15,1.445,1.558,1.446,0.171,0.356,0.899
0.795,1.15,1.445,1.558,1.445,0.171,0.356,0.898
0.795,1.15,1.445,1.558,1.445,0.171,0.356,0.898
0.795,1.149,1.446,1.557,1.445,0.171,0.356,0.898
0.795,1.149,1.446,1.557,1.445,0.17,0.356,0.897
0.794,1.149,1.446,1.557,1.444,0.17,0.356,0.897
0.794,1.148,1.446,1.557,1.444,0.17,0.356,0.897
0.794,1.148,1.446,1.557,1.444,0.17,0.356,0.896
0.793,1.148,1.446,1.556,1.443,0.17,0.356,0.896
0.793,1.147,1.446,1.556,1.443,0.17,0.355,0.896
0.793,1.147,1.446,1.556,1.443,0.17,0.356,0.896
0.793,1.147,1.446,1.556,1.442,0.17,0.356,0.896
0.793,1.147,1.446,1.556,1.442,0.17,0.356,0.895
0.792,1.147,1.447,1.555,1.442,0.17,0.356,0.896
0.792,1.146,1.446,1.555,1.442,0.17,0.356,0.895
0.792,1.146,1.447,1.555,1.441,0.169,0.356,0.895
0.792,1.146,1.447,1.554,1.441,0.169,0.356,0.894
0.791,1.145,1.446,1.554,1.44,0.169,0.356,0.894
0.791,1.145,1.446,1.554,1.44,0.169,0.355,0.894
0.791,1.144,1.446,1.554,1.44,0.169,0.355,0.894
0.791,1.144,1.446,1.553,1.439,0.169,0.356,0.893
0.79,1.144,1.446,1.553,1.439,0.169,0.356,0.893
0.79,1.143,1.446,1.553,1.439,0.169,0.356,0.893
0.79,1.143,1.446,1.552,1.438,0.169,0.356,0.893
0.79,1.142,1.447,1.552,1.438,0.169,0.356,0.893
0.79,1.141,1.446,1.55,1.438,0.169,0.356,0.893
0.789,1.14,1.446,1.55,1.438,0.168,0.356,0.894
0.789,1.139,1.446,1.548,1.438,0.168,0.356,0.894
0.789,1.137,1.446,1.547,1.438,0.168,0.356,0.895
0.789,1.135,1.446,1.547,1.438,0.168,0.356,0.895
0.789,1.132,1.446,1.545,1.437,0.168,0.356,0.895
0.788,1.129,1.446,1.544,1.437,0.168,0.356,0.896
0.788,1.127,1.446,1.543,1.437,0.168,0.356,0.897
0.788,1.123,1.446,1.541,1.437,0.168,0.356,0.897
0.787,1.12,1.445,1.54,1.437,0.168,0.356,0.898
0.787,1.117,1.445,1.539,1.437,0.168,0.356,0.898
0.787,1.114,1.445,1.537,1.437,0.168,0.356,0.899
0.787,1.11,1.445,1.536,1.436,0.167,0.356,0.899
0.786,1.106,1.445,1.535,1.436,0.167,0.356,0.899
0.786,1.102,1.444,1.533,1.436,0.167,0.356,0.899
0.786,1.099,1.444,1.532,1.436,0.167,0.356,0.899
0.785,1.095,1.444,1.531,1.436,0.167,0.356,0.899
0.785,1.092,1.443,1.529,1.436,0.167,0.356,0.899
0.784,1.088,1.443,1.528,1.436,0.167,0.356,0.899
0.784,1.084,1.443,1.526,1.436,0.167,0.356,0.899
0.784,1.08,1.443,1.525,1.436,0.167,0.356,0.899
0.783,1.077,1.442,1.524,1.436,0.167,0.356,0.898
0.783,1.073,1.442,1.522,1.436,0.167,0.356,0.898
0.782,1.069,1.442,1.52,1.436,0.167,0.356,0.898
0.782,1.065,1.441,1.519,1.436,0.166,0.356,0.897
0.781,1.062,1.441,1.518,1.436,0.166,0.356,0.897
0.781,1.058,1.441,1.516,1.436,0.166,0.356,0.897
0.781,1.054,1.44,1.515,1.436,0.166,0.356,0.896
0.78,1.051,1.44,1.513,1.436,0.166,0.356,0.896
0.78,1.047,1.44,1.512,1.436,0.166,0.356,0.895
0.779,1.044,1.44,1.511,1.436,0.166,0.356,0.895
0.779,1.04,1.439,1.509,1.436,0.166,0.356,0.894
0.778,1.036,1.439,1.508,1.435,0.166,0.356,0.894
0.778,1.033,1.439,1.506,1.435,0.166,0.356,0.894
0.777,1.029,1.438,1.505,1.435,0.165,0.356,0.893
0.776,1.026,1.438,1.503,1.435,0.165,0.356,0.893
0.776,1.022,1.438,1.502,1.435,0.165,0.356,0.892
0.775,1.018,1.437,1.5,1.435,0.165,0.356,0.892
0.775,1.015,1.437,1.499,1.434,0.165,0.356,0.891
0.774,1.011,1.436,1.497,1.434,0.165,0.356,0.89
0.773,1.008,1.436,1.496,1.434,0.165,0.356,0.89
0.773,1.005,1.435,1.494,1.433,0.165,0.356,0.889
0.772,1.002,1.435,1.493,1.433,0.164,0.356,0.889
0.772,0.999,1.435,1.491,1.432,0.164,0.356,0.888
0.771,0.995,1.434,1.49,1.432,0.164,0.356,0.888
0.77,0.992,1.434,1.488,1.432,0.164,0.356,0.887
0.77,0.989,1.433,1.487,1.431,0.164,0.356,0.886
0.769,0.987,1.433,1.485,1.431,0.164,0.356,0.886
0.768,0.983,1.433,1.483,1.43,0.164,0.356,0.885
0.768,0.981,1.432,1.482,1.43,0.163,0.356,0.884
0.767,0.978,1.432,1.48,1.429,0.163,0.356,0.884
0.766,0.975,1.431,1.479,1.429,0.163,0.355,0.883
0.766,0.972,1.431,1.477,1.428,0.163,0.355,0.882
0.765,0.969,1.43,1.475,1.427,0.163,0.355,0.882
0.764,0.966,1.43,1.474,1.427,0.163,0.355,0.882
0.764,0.963,1.429,1.472,1.427,0.162,0.355,0.881
0.763,0.96,1.428,1.471,1.426,0.162,0.355,0.88
0.762,0.957,1.428,1.469,1.425,0.162,0.355,0.88
0.761,0.955,1.428,1.468,1.425,0.162,0.355,0.879
0.761,0.952,1.427,1.466,1.424,0.162,0.355,0.878
0.76,0.949,1.427,1.464,1.424,0.162,0.355,0.878
0.759,0.946,1.426,1.463,1.423,0.161,0.355,0.877
0.758,0.943,1.426,1.461,1.422,0.161,0.355,0.876
0.758,0.94,1.425,1.46,1.421,0.161,0.355,0.876
0.757,0.937,1.424,1.458,1.421,0.161,0.355,0.875
0.756,0.935,1.424,1.457,1.42,0.161,0.355,0.874
0.755,0.932,1.423,1.455,1.419,0.161,0.355,0.873
0.755,0.929,1.423,1.454,1.419,0.16,0.355,0.873
0.754,0.927,1.422,1.452,1.418,0.16,0.355,0.872
0.753,0.924,1.422,1.451,1.417,0.16,0.354,0.871
0.752,0.922,1.421,1.45,1.416,0.16,0.355,0.87
0.751,0.92,1.421,1.448,1.416,0.16,0.354,0.869
0.751,0.918,1.42,1.446,1.415,0.16,0.355,0.869
0.75,0.915,1.42,1.445,1.414,0.159,0.354,0.868
0.749,0.913,1.419,1.443,1.413,0.159,0.354,0.867
0.749,0.911,1.418,1.441,1.412,0.159,0.354,0.866
0.748,0.909,1.418,1.44,1.411,0.159,0.354,0.865
0.747,0.907,1.417,1.438,1.411,0.159,0.354,0.865
0.746,0.904,1.417,1.437,1.41,0.159,0.354,0.864
0.745,0.902,1.416,1.435,1.409,0.158,0.354,0.863
0.745,0.9,1.416,1.434,1.408,0.158,0.354,0.862
0.744,0.898,1.415,1.432,1.408,0.158,0.354,0.862
0.743,0.896,1.414,1.431,1.407,0.158,0.354,0.861
0.742,0.893,1.414,1.429,1.406,0.158,0.354,0.86
0.741,0.891,1.413,1.427,1.405,0.157,0.354,0.859
0.74,0.889,1.412,1.426,1.404,0.157,0.354,0.858
0.74,0.887,1.412,1.424,1.403,0.157,0.354,0.857
0.739,0.885,1.411,1.422,1.402,0.157,0.354,0.857
0.738,0.883,1.411,1.421,1.401,0.157,0.354,0.856
0.737,0.881,1.41,1.42,1.4,0.156,0.354,0.855
0.736,0.879,1.41,1.418,1.4,0.156,0.353,0.854
0.736,0.877,1.409,1.416,1.399,0.156,0.354,0.854
0.735,0.875,1.409,1.415,1.398,0.156,0.354,0.853
0.734,0.873,1.408,1.413,1.397,0.156,0.353,0.852
0.733,0.871,1.407,1.412,1.396,0.156,0.353,0.851
0.732,0.868,1.407,1.41,1.395,0.155,0.353,0.851
0.732,0.866,1.406,1.409,1.395,0.155,0.353,0.85
0.731,0.864,1.406,1.408,1.394,0.155,0.353,0.849
0.73,0.862,1.405,1.406,1.393,0.155,0.353,0.848
0.729,0.86,1.405,1.405,1.392,0.154,0.353,0.847
0.729,0.858,1.404,1.403,1.391,0.154,0.353,0.847
0.728,0.856,1.404,1.402,1.39,0.154,0.353,0.846
0.727,0.854,1.403,1.4,1.39,0.154,0.353,0.845
0.726,0.853,1.402,1.399,1.389,0.154,0.353,0.844
0.725,0.851,1.402,1.398,1.388,0.154,0.353,0.843
0.724,0.849,1.401,1.396,1.387,0.153,0.353,0.843
0.724,0.847,1.401,1.395,1.386,0.153,0.353,0.842
0.723,0.845,1.4,1.394,1.385,0.153,0.353,0.841
0.722,0.843,1.399,1.392,1.384,0.153,0.353,0.84
0.721,0.841,1.399,1.391,1.383,0.152,0.353,0.839
0.72,0.84,1.398,1.389,1.382,0.152,0.353,0.838
0.719,0.838,1.397,1.388,1.381,0.152,0.352,0.838
0.718,0.836,1.397,1.387,1.38,0.152,0.353,0.837
0.718,0.834,1.396,1.385,1.379,0.152,0.352,0.836
0.717,0.832,1.395,1.384,1.378,0.151,0.352,0.835
0.716,0.831,1.395,1.382,1.378,0.151,0.352,0.834
0.715,0.829,1.394,1.381,1.377,0.151,0.352,0.834
0.714,0.827,1.394,1.379,1.376,0.151,0.352,0.833
0.714,0.825,1.393,1.378,1.375,0.15,0.352,0.832
0.713,0.824,1.392,1.376,1.374,0.15,0.352,0.831
0.712,0.822,1.392,1.375,1.373,0.15,0.352,0.83
0.711,0.82,1.391,1.374,1.372,0.15,0.352,0.83
0.71,0.819,1.39,1.372,1.371,0.15,0.352,0.829
0.709,0.817,1.39,1.371,1.37,0.149,0.352,0.828
0.709,0.815,1.389,1.369,1.369,0.149,0.352,0.827
0.708,0.813,1.388,1.368,1.368,0.149,0.352,0.826
0.707,0.812,1.387,1.367,1.367,0.149,0.352,0.825
0.706,0.81,1.387,1.365,1.366,0.149,0.352,0.825
0.705,0.808,1.386,1.363,1.365,0.148,0.352,0.824
0.704,0.807,1.386,1.362,1.364,0.148,0.352,0.823
0.703,0.805,1.385,1.36,1.363,0.148,0.352,0.822
0.703,0.803,1.384,1.359,1.362,0.148,0.351,0.821
0.702,0.802,1.384,1.357,1.361,0.148,0.351,0.82
0.701,0.8,1.383,1.356,1.36,0.147,0.351,0.819
0.7,0.799,1.382,1.354,1.359,0.147,0.351,0.818
0.699,0.797,1.382,1.353,1.358,0.147,0.351,0.818
0.698,0.796,1.381,1.351,1.358,0.147,0.351,0.817
0.698,0.794,1.381,1.35,1.357,0.146,0.351,0.816
0.697,0.793,1.38,1.348,1.356,0.146,0.351,0.815
0.696,0.792,1.379,1.347,1.355,0.146,0.351,0.814
0.695,0.791,1.379,1.346,1.354,0.146,0.351,0.814
0.694,0.789,1.378,1.344,1.353,0.146,0.351,0.813
0.693,0.788,1.377,1.343,1.352,0.145,0.351,0.812
0.693,0.787,1.377,1.341,1.351,0.145,0.351,0.811
0.692,0.786,1.376,1.34,1.35,0.145,0.351,0.81
0.691,0.784,1.375,1.339,1.349,0.145,0.351,0.81
0.69,0.783,1.375,1.337,1.348,0.145,0.351,0.808
0.689,0.782,1.374,1.336,1.347,0.144,0.351,0.808
0.689,0.781,1.374,1.335,1.346,0.144,0.351,0.807
0.688,0.779,1.373,1.333,1.345,0.144,0.35,0.806
0.687,0.778,1.372,1.332,1.344,0.144,0.35,0.805
0.686,0.777,1.372,1.33,1.343,0.143,0.35,0.804
0.685,0.775,1.371,1.329,1.343,0.143,0.35,0.804
0.684,0.774,1.37,1.327,1.342,0.143,0.35,0.803
0.683,0.772,1.37,1.326,1.341,0.143,0.35,0.802
0.683,0.771,1.369,1.325,1.34,0.143,0.35,0.801
0.682,0.77,1.369,1.323,1.339,0.142,0.35,0.801
0.681,0.769,1.368,1.322,1.338,0.142,0.35,0.8
0.68,0.767,1.367,1.321,1.337,0.142,0.35,0.799
0.68,0.766,1.366,1.319,1.336,0.142,0.35,0.798
0.679,0.765,1.366,1.318,1.334,0.141,0.35,0.797
0.678,0.764,1.365,1.316,1.334,0.141,0.35,0.797
0.677,0.763,1.364,1.315,1.333,0.141,0.35,0.796
0.676,0.762,1.364,1.314,1.332,0.141,0.35,0.795
0.675,0.76,1.363,1.312,1.33,0.141,0.35,0.794
0.675,0.759,1.363,1.311,1.33,0.14,0.35,0.793
0.674,0.758,1.362,1.31,1.329,0.14,0.349,0.792
0.673,0.757,1.361,1.308,1.328,0.14,0.349,0.792
0.672,0.756,1.361,1.307,1.327,0.14,0.349,0.791
0.671,0.754,1.36,1.306,1.326,0.139,0.349,0.79
0.671,0.753,1.359,1.304,1.325,0.139,0.349,0.789
0.67,0.752,1.359,1.303,1.324,0.139,0.349,0.789
0.669,0.751,1.358,1.301,1.323,0.139,0.349,0.788
0.668,0.75,1.357,1.3,1.322,0.139,0.349,0.787
0.667,0.748,1.357,1.299,1.321,0.138,0.349,0.786
0.666,0.747,1.356,1.297,1.32,0.138,0.349,0.785
0.666,0.746,1.355,1.296,1.319,0.138,0.349,0.785
0.665,0.745,1.354,1.295,1.318,0.138,0.349,0.784
0.664,0.744,1.354,1.293,1.317,0.138,0.349,0.783
0.663,0.743,1.353,1.292,1.316,0.137,0.349,0.782
0.662,0.741,1.353,1.291,1.315,0.137,0.348,0.781
0.661,0.74,1.352,1.29,1.314,0.137,0.349,0.781
0.661,0.739,1.351,1.289,1.313,0.137,0.348,0.78
0.66,0.738,1.35,1.287,1.312,0.137,0.348,0.779
0.659,0.737,1.349,1.286,1.311,0.136,0.348,0.778
0.658,0.736,1.349,1.285,1.31,0.136,0.348,0.777
0.658,0.735,1.348,1.284,1.309,0.136,0.348,0.777
0.657,0.734,1.347,1.282,1.308,0.136,0.348,0.776
0.656,0.732,1.346,1.281,1.307,0.136,0.348,0.775
0.655,0.731,1.346,1.28,1.307,0.135,0.348,0.774
0.654,0.73,1.345,1.279,1.306,0.135,0.348,0.774
0.654,0.729,1.345,1.277,1.305,0.135,0.348,0.772
0.653,0.728,1.344,1.276,1.304,0.135,0.348,0.772
0.652,0.727,1.343,1.275,1.303,0.134,0.348,0.771
0.651,0.726,1.343,1.274,1.302,0.134,0.347,0.77
0.65,0.725,1.342,1.273,1.301,0.134,0.347,0.77
0.65,0.724,1.341,1.271,1.3,0.134,0.348,0.769
0.649,0.723,1.341,1.27,1.299,0.134,0.348,0.768
0.648,0.722,1.34,1.269,1.298,0.133,0.347,0.767
0.647,0.721,1.339,1.268,1.297,0.133,0.347,0.766
0.646,0.72,1.338,1.267,1.296,0.133,0.347,0.766
0.646,0.719,1.338,1.266,1.295,0.133,0.347,0.765
0.645,0.717,1.337,1.264,1.294,0.133,0.347,0.764
0.644,0.717,1.336,1.263,1.293,0.132,0.347,0.763
0.643,0.716,1.336,1.262,1.292,0.132,0.347,0.762
0.642,0.714,1.335,1.261,1.292,0.132,0.347,0.762
0.642,0.714,1.334,1.26,1.291,0.132,0.347,0.761
0.641,0.713,1.333,1.259,1.29,0.132,0.347,0.76
0.64,0.712,1.333,1.257,1.289,0.131,0.347,0.759
0.639,0.711,1.332,1.256,1.288,0.131,0.346,0.758
0.639,0.71,1.332,1.255,1.287,0.131,0.346,0.758
0.638,0.709,1.331,1.254,1.286,0.131,0.346,0.757
0.637,0.708,1.33,1.253,1.285,0.131,0.346,0.756
0.636,0.707,1.329,1.252,1.284,0.13,0.346,0.755
0.636,0.706,1.329,1.251,1.283,0.13,0.346,0.755
0.635,0.705,1.328,1.25,1.282,0.13,0.346,0.754
0.634,0.704,1.327,1.248,1.282,0.13,0.346,0.753
0.633,0.703,1.327,1.247,1.281,0.13,0.346,0.752
0.633,0.702,1.326,1.246,1.28,0.13,0.346,0.752
0.632,0.701,1.325,1.245,1.279,0.129,0.346,0.751
0.631,0.7,1.324,1.244,1.278,0.129,0.346,0.75
0.63,0.699,1.324,1.243,1.277,0.129,0.346,0.75
0.629,0.698,1.323,1.242,1.276,0.129,0.346,0.749
0.629,0.697,1.322,1.24,1.275,0.128,0.345,0.748
0.628,0.696,1.322,1.239,1.274,0.128,0.345,0.747
0.627,0.696,1.321,1.238,1.273,0.128,0.345,0.746
0.627,0.695,1.32,1.237,1.272,0.128,0.345,0.745
0.626,0.694,1.32,1.235,1.272,0.128,0.345,0.745
0.625,0.694,1.319,1.234,1.271,0.127,0.345,0.744
0.624,0.693,1.318,1.233,1.27,0.127,0.345,0.743
0.624,0.692,1.318,1.232,1.269,0.127,0.345,0.742
0.623,0.691,1.317,1.231,1.268,0.127,0.345,0.742
0.622,0.69,1.316,1.229,1.267,0.127,0.345,0.741
0.621,0.689,1.316,1.228,1.266,0.127,0.345,0.74
0.62,0.689,1.315,1.227,1.265,0.126,0.344,0.739
0.62,0.688,1.314,1.225,1.264,0.126,0.344,0.739
0.619,0.687,1.314,1.224,1.263,0.126,0.344,0.738
0.618,0.687,1.313,1.223,1.262,0.126,0.344,0.737
0.618,0.686,1.312,1.222,1.261,0.126,0.344,0.737
0.617,0.685,1.312,1.221,1.26,0.126,0.344,0.736
0.616,0.685,1.311,1.22,1.259,0.125,0.344,0.735
0.615,0.684,1.31,1.218,1.258,0.125,0.344,0.734
0.615,0.684,1.31,1.217,1.258,0.125,0.344,0.734
0.614,0.683,1.309,1.216,1.256,0.125,0.344,0.733
0.613,0.682,1.308,1.215,1.255,0.125,0.344,0.732
0.612,0.682,1.307,1.214,1.254,0.124,0.344,0.732
0.612,0.681,1.306,1.213,1.253,0.124,0.344,0.731
0.611,0.68,1.306,1.211,1.253,0.124,0.344,0.73
0.61,0.679,1.305,1.21,1.252,0.124,0.344,0.73
0.61,0.678,1.304,1.209,1.251,0.124,0.344,0.729
0.609,0.678,1.304,1.208,1.25,0.124,0.343,0.729
0.608,0.677,1.303,1.207,1.249,0.123,0.343,0.728
0.608,0.676,1.302,1.206,1.248,0.123,0.343,0.727
0.607,0.675,1.302,1.205,1.247,0.123,0.343,0.726
0.606,0.675,1.301,1.204,1.247,0.123,0.343,0.726
0.606,0.674,1.3,1.203,1.246,0.123,0.343,0.725
0.605,0.673,1.299,1.202,1.245,0.123,0.343,0.724
0.604,0.672,1.299,1.2,1.244,0.122,0.343,0.724
0.603,0.672,1.298,1.199,1.243,0.122,0.343,0.723
0.603,0.671,1.297,1.198,1.242,0.122,0.343,0.722
0.602,0.671,1.297,1.197,1.241,0.122,0.343,0.722
0.602,0.67,1.296,1.196,1.24,0.122,0.343,0.721
0.601,0.669,1.295,1.195,1.239,0.121,0.343,0.72
0.6,0.669,1.295,1.194,1.238,0.121,0.342,0.72
0.599,0.668,1.294,1.193,1.238,0.121,0.342,0.719
0.599,0.667,1.293,1.192,1.237,0.121,0.342,0.718
0.598,0.666,1.293,1.191,1.236,0.121,0.342,0.718
0.597,0.666,1.292,1.19,1.235,0.121,0.342,0.717
0.597,0.665,1.291,1.189,1.234,0.121,0.342,0.717
0.596,0.664,1.291,1.188,1.233,0.12,0.342,0.716
0.596,0.664,1.29,1.187,1.232,0.12,0.342,0.715
0.595,0.663,1.289,1.186,1.231,0.12,0.342,0.715
0.594,0.662,1.288,1.185,1.23,0.12,0.342,0.714
0.594,0.661,1.288,1.184,1.229,0.12,0.342,0.713
0.593,0.661,1.287,1.183,1.229,0.12,0.342,0.713
0.592,0.66,1.286,1.182,1.228,0.119,0.342,0.712
0.591,0.66,1.285,1.181,1.227,0.119,0.341,0.711
0.591,0.659,1.285,1.18,1.226,0.119,0.341,0.711
0.59,0.658,1.284,1.179,1.225,0.119,0.341,0.71
0.59,0.658,1.283,1.178,1.224,0.119,0.341,0.71
0.589,0.657,1.283,1.177,1.223,0.119,0.341,0.709
0.588,0.656,1.282,1.176,1.222,0.119,0.341,0.708
0.588,0.655,1.282,1.175,1.221,0.118,0.341,0.707
0.587,0.655,1.281,1.174,1.221,0.118,0.341,0.707
0.587,0.654,1.28,1.173,1.22,0.118,0.341,0.706
0.586,0.654,1.28,1.172,1.219,0.118,0.341,0.706
0.585,0.653,1.279,1.171,1.218,0.118,0.341,0.705
0.584,0.652,1.278,1.17,1.217,0.118,0.341,0.704
0.584,0.651,1.277,1.169,1.216,0.117,0.341,0.704
0.583,0.651,1.277,1.168,1.215,0.117,0.341,0.703
0.583,0.65,1.276,1.167,1.215,0.117,0.34,0.703
0.582,0.65,1.275,1.166,1.214,0.117,0.34,0.702
0.581,0.649,1.275,1.165,1.213,0.117,0.34,0.701
0.581,0.648,1.274,1.164,1.212,0.117,0.34,0.701
0.58,0.647,1.273,1.163,1.211,0.116,0.34,0.7
0.579,0.647,1.273,1.162,1.21,0.116,0.34,0.7
0.579,0.646,1.272,1.161,1.21,0.116,0.34,0.699
0.578,0.646,1.271,1.16,1.209,0.116,0.34,0.698
0.578,0.645,1.271,1.16,1.208,0.116,0.34,0.698
0.577,0.645,1.27,1.159,1.207,0.116,0.34,0.697
0.576,0.644,1.269,1.158,1.206,0.116,0.34,0.696
0.576,0.644,1.269,1.157,1.205,0.116,0.34,0.696
0.575,0.643,1.268,1.156,1.204,0.115,0.34,0.695
0.574,0.643,1.267,1.155,1.204,0.115,0.339,0.694
0.574,0.642,1.267,1.154,1.203,0.115,0.34,0.694
0.573,0.642,1.266,1.153,1.202,0.115,0.339,0.693
0.573,0.641,1.266,1.152,1.201,0.115,0.339,0.693
0.572,0.641,1.265,1.151,1.2,0.115,0.339,0.692
0.572,0.64,1.264,1.15,1.199,0.114,0.339,0.691
0.571,0.64,1.264,1.149,1.199,0.115,0.339,0.691
0.57,0.639,1.263,1.149,1.198,0.114,0.339,0.69
0.57,0.639,1.262,1.148,1.197,0.114,0.339,0.689
0.569,0.639,1.262,1.147,1.196,0.114,0.339,0.689
0.569,0.638,1.261,1.146,1.195,0.114,0.339,0.688
0.568,0.637,1.26,1.145,1.194,0.114,0.339,0.688
0.567,0.637,1.26,1.144,1.194,0.114,0.339,0.687
0.567,0.636,1.259,1.143,1.193,0.113,0.339,0.687
0.566,0.636,1.258,1.142,1.192,0.113,0.339,0.686
0.566,0.636,1.257,1.141,1.191,0.113,0.339,0.686
0.565,0.635,1.257,1.141,1.191,0.113,0.338,0.685
0.564,0.634,1.256,1.14,1.19,0.113,0.338,0.684
0.564,0.634,1.255,1.139,1.189,0.113,0.338,0.684
0.563,0.633,1.255,1.138,1.188,0.113,0.338,0.683
0.563,0.633,1.254,1.137,1.187,0.112,0.338,0.683
0.562,0.632,1.254,1.137,1.186,0.112,0.338,0.682
0.561,0.632,1.253,1.136,1.186,0.112,0.338,0.682
0.561,0.631,1.252,1.135,1.185,0.112,0.338,0.681
0.56,0.631,1.252,1.134,1.184,0.112,0.338,0.68
0.56,0.63,1.251,1.133,1.183,0.112,0.338,0.68
0.559,0.63,1.25,1.133,1.183,0.112,0.338,0.679
0.559,0.629,1.25,1.132,1.182,0.112,0.338,0.679
0.558,0.629,1.249,1.131,1.181,0.111,0.338,0.678
0.558,0.628,1.248,1.13,1.18,0.111,0.337,0.677
0.557,0.628,1.248,1.13,1.18,0.111,0.337,0.677
0.556,0.627,1.247,1.129,1.179,0.111,0.337,0.676
0.556,0.627,1.247,1.128,1.178,0.111,0.337,0.676
0.555,0.626,1.246,1.127,1.177,0.111,0.337,0.675
0.555,0.626,1.245,1.126,1.176,0.111,0.337,0.675
0.554,0.626,1.245,1.126,1.175,0.11,0.337,0.674
0.554,0.625,1.244,1.125,1.175,0.11,0.337,0.673
0.553,0.625,1.243,1.124,1.174,0.11,0.337,0.673
0.553,0.624,1.243,1.123,1.173,0.11,0.337,0.672
0.552,0.624,1.242,1.122,1.173,0.11,0.337,0.672
0.552,0.624,1.241,1.121,1.172,0.11,0.337,0.671
0.551,0.623,1.241,1.121,1.171,0.11,0.337,0.671
0.55,0.623,1.24,1.12,1.17,0.11,0.337,0.67
0.55,0.622,1.24,1.119,1.17,0.11,0.337,0.669
0.549,0.622,1.239,1.118,1.169,0.11,0.337,0.669
0.549,0.622,1.238,1.118,1.168,0.109,0.336,0.668
0.548,0.621,1.238,1.117,1.167,0.109,0.336,0.668
0.548,0.621,1.237,1.116,1.166,0.109,0.336,0.667
0.547,0.62,1.237,1.115,1.166,0.109,0.336,0.667
0.547,0.619,1.236,1.114,1.165,0.109,0.336,0.666
0.546,0.619,1.235,1.113,1.164,0.109,0.336,0.665
0.546,0.619,1.235,1.112,1.163,0.109,0.336,0.665
0.545,0.618,1.234,1.112,1.163,0.108,0.336,0.664
0.545,0.618,1.234,1.111,1.162,0.108,0.336,0.664
0.544,0.618,1.233,1.11,1.161,0.108,0.336,0.663
0.544,0.617,1.232,1.109,1.16,0.108,0.336,0.663
0.543,0.617,1.232,1.108,1.16,0.108,0.336,0.662
0.542,0.616,1.231,1.108,1.159,0.108,0.335,0.662
0.542,0.616,1.23,1.107,1.158,0.108,0.335,0.661
0.541,0.615,1.23,1.106,1.157,0.107,0.335,0.661
0.541,0.615,1.229,1.105,1.156,0.107,0.335,0.66
0.54,0.614,1.228,1.104,1.156,0.107,0.335,0.659
0.54,0.614,1.228,1.103,1.155,0.107,0.335,0.659
0.539,0.613,1.227,1.102,1.154,0.107,0.335,0.658
0.539,0.613,1.226,1.102,1.153,0.107,0.335,0.658
0.538,0.613,1.226,1.101,1.153,0.107,0.335,0.657
0.538,0.612,1.225,1.1,1.152,0.107,0.335,0.657
0.537,0.612,1.225,1.099,1.151,0.107,0.335,0.656
0.537,0.611,1.224,1.098,1.15,0.107,0.334,0.655
0.536,0.611,1.223,1.097,1.149,0.106,0.335,0.655
0.536,0.61,1.223,1.097,1.149,0.106,0.335,0.654
0.535,0.61,1.222,1.096,1.148,0.106,0.335,0.654
0.535,0.609,1.221,1.095,1.147,0.106,0.334,0.653
0.534,0.609,1.221,1.094,1.146,0.106,0.334,0.653
0.534,0.608,1.22,1.093,1.145,0.106,0.334,0.652
0.533,0.608,1.22,1.092,1.145,0.106,0.334,0.651
0.533,0.607,1.219,1.092,1.144,0.106,0.334,0.651
0.532,0.607,1.218,1.091,1.143,0.106,0.334,0.65
0.532,0.607,1.218,1.09,1.143,0.105,0.334,0.65
0.531,0.606,1.217,1.089,1.142,0.105,0.334,0.65
0.53,0.605,1.216,1.089,1.141,0.105,0.334,0.649
0.53,0.605,1.216,1.088,1.14,0.105,0.334,0.649
0.529,0.605,1.215,1.087,1.139,0.105,0.334,0.648
0.529,0.604,1.215,1.086,1.139,0.105,0.333,0.648
0.528,0.604,1.214,1.085,1.138,0.105,0.333,0.647
0.528,0.603,1.213,1.084,1.137,0.105,0.333,0.646
0.527,0.603,1.212,1.083,1.137,0.105,0.333,0.646
0.527,0.602,1.212,1.083,1.136,0.104,0.333,0.645
0.526,0.602,1.211,1.082,1.135,0.104,0.333,0.645
0.526,0.601,1.21,1.081,1.134,0.104,0.333,0.644
0.526,0.601,1.21,1.08,1.134,0.104,0.333,0.644
0.525,0.6,1.209,1.079,1.133,0.104,0.333,0.643
0.524,0.6,1.208,1.078,1.132,0.104,0.333,0.643
0.524,0.599,1.208,1.078,1.131,0.104,0.333,0.643
0.523,0.599,1.207,1.077,1.131,0.104,0.332,0.642
0.523,0.599,1.206,1.076,1.13,0.104,0.332,0.641
0.522,0.599,1.206,1.075,1.129,0.103,0.332,0.641
0.522,0.598,1.205,1.074,1.128,0.103,0.332,0.641
0.521,0.598,1.204,1.073,1.128,0.103,0.332,0.64
0.521,0.597,1.204,1.073,1.127,0.103,0.332,0.64
0.521,0.597,1.203,1.072,1.126,0.103,0.332,0.639
0.52,0.596,1.203,1.071,1.125,0.103,0.332,0.639
0.52,0.596,1.202,1.07,1.125,0.103,0.332,0.638
0.519,0.596,1.201,1.069,1.124,0.103,0.332,0.638
0.519,0.595,1.201,1.068,1.123,0.103,0.332,0.637
0.518,0.595,1.2,1.068,1.123,0.102,0.332,0.637
0.518,0.594,1.2,1.067,1.122,0.102,0.332,0.636
0.517,0.594,1.199,1.066,1.121,0.102,0.331,0.636
0.517,0.593,1.198,1.065,1.121,0.102,0.331,0.636
0.516,0.593,1.198,1.065,1.12,0.102,0.331,0.635
0.516,0.592,1.197,1.064,1.119,0.102,0.331,0.635
0.515,0.592,1.196,1.063,1.119,0.102,0.331,0.634
0.515,0.592,1.196,1.063,1.118,0.102,0.331,0.634
0.515,0.591,1.195,1.062,1.117,0.102,0.331,0.633
0.514,0.591,1.194,1.061,1.116,0.102,0.331,0.633
0.513,0.59,1.194,1.06,1.116,0.102,0.331,0.632
0.513,0.59,1.194,1.059,1.115,0.101,0.331,0.632
0.513,0.59,1.193,1.059,1.115,0.101,0.331,0.631
0.512,0.589,1.192,1.058,1.114,0.101,0.331,0.631
0.512,0.589,1.192,1.057,1.113,0.101,0.331,0.63
0.511,0.589,1.191,1.056,1.113,0.101,0.331,0.63
0.511,0.588,1.19,1.056,1.112,0.101,0.331,0.629
0.51,0.588,1.19,1.055,1.111,0.101,0.331,0.629
0.51,0.588,1.189,1.054,1.111,0.101,0.33,0.628
0.509,0.587,1.189,1.053,1.11,0.101,0.33,0.628
0.509,0.587,1.188,1.053,1.109,0.1,0.33,0.628
0.509,0.586,1.187,1.052,1.109,0.1,0.33,0.627
0.508,0.586,1.187,1.051,1.108,0.1,0.33,0.627
0.508,0.586,1.186,1.051,1.107,0.1,0.33,0.626
0.507,0.585,1.185,1.05,1.107,0.1,0.33,0.626
0.507,0.585,1.185,1.049,1.106,0.1,0.33,0.625
0.506,0.585,1.184,1.048,1.105,0.1,0.33,0.625
0.506,0.584,1.184,1.048,1.105,0.1,0.33,0.624
0.505,0.584,1.183,1.047,1.104,0.1,0.329,0.624
0.505,0.584,1.182,1.046,1.103,0.1,0.329,0.623
0.504,0.583,1.182,1.045,1.103,0.1,0.329,0.623
0.504,0.583,1.181,1.044,1.102,0.1,0.329,0.623
0.503,0.583,1.181,1.044,1.101,0.099,0.329,0.622
0.503,0.583,1.18,1.043,1.101,0.099,0.329,0.622
0.502,0.582,1.179,1.042,1.1,0.099,0.329,0.621
0.502,0.582,1.179,1.041,1.099,0.099,0.329,0.621
0.502,0.582,1.178,1.041,1.099,0.099,0.329,0.62
0.501,0.581,1.178,1.04,1.098,0.099,0.329,0.62
0.501,0.581,1.177,1.039,1.098,0.099,0.329,0.62
0.5,0.581,1.176,1.039,1.097,0.099,0.329,0.619
0.5,0.58,1.176,1.038,1.096,0.099,0.329,0.619
0.5,0.58,1.175,1.037,1.096,0.099,0.328,0.618
0.499,0.579,1.174,1.037,1.095,0.099,0.328,0.618
0.499,0.579,1.174,1.036,1.094,0.099,0.328,0.617
0.498,0.579,1.173,1.035,1.094,0.099,0.328,0.617
0.498,0.578,1.173,1.034,1.093,0.098,0.328,0.617
0.497,0.578,1.172,1.034,1.093,0.098,0.328,0.616
0.497,0.578,1.172,1.033,1.092,0.098,0.328,0.616
0.497,0.577,1.171,1.032,1.091,0.098,0.328,0.615
0.496,0.577,1.17,1.032,1.091,0.098,0.328,0.615
0.496,0.577,1.17,1.031,1.09,0.098,0.328,0.614
0.495,0.577,1.169,1.03,1.089,0.098,0.328,0.614
0.495,0.576,1.169,1.03,1.089,0.098,0.328,0.613
0.495,0.576,1.168,1.029,1.088,0.098,0.328,0.613
0.494,0.575,1.167,1.029,1.088,0.098,0.327,0.612
0.494,0.575,1.167,1.028,1.087,0.098,0.328,0.612
0.493,0.575,1.166,1.027,1.086,0.098,0.327,0.612
0.493,0.575,1.166,1.027,1.086,0.097,0.327,0.611
0.492,0.575,1.165,1.026,1.085,0.097,0.327,0.611
0.492,0.575,1.164,1.026,1.084,0.097,0.327,0.61
0.492,0.574,1.164,1.025,1.084,0.097,0.327,0.61
0.491,0.574,1.163,1.024,1.083,0.097,0.327,0.609
0.491,0.574,1.163,1.024,1.083,0.097,0.327,0.609
0.49,0.573,1.162,1.023,1.082,0.097,0.327,0.609
0.49,0.573,1.161,1.023,1.082,0.097,0.327,0.608
0.49,0.573,1.161,1.022,1.081,0.097,0.327,0.608
0.489,0.572,1.16,1.022,1.08,0.097,0.327,0.607
0.489,0.572,1.16,1.021,1.08,0.097,0.327,0.607
0.488,0.572,1.159,1.02,1.079,0.096,0.326,0.606
0.488,0.571,1.159,1.02,1.078,0.096,0.326,0.606
0.488,0.571,1.158,1.019,1.078,0.096,0.326,0.606
0.487,0.571,1.157,1.019,1.077,0.096,0.326,0.605
0.487,0.57,1.157,1.018,1.077,0.096,0.326,0.605
0.486,0.57,1.156,1.018,1.076,0.096,0.326,0.604
0.486,0.57,1.156,1.017,1.075,0.096,0.326,0.604
0.486,0.569,1.155,1.017,1.075,0.096,0.326,0.604
0.485,0.569,1.155,1.016,1.074,0.096,0.326,0.603
0.485,0.569,1.154,1.015,1.074,0.096,0.326,0.603
0.484,0.569,1.153,1.015,1.073,0.096,0.326,0.602
0.484,0.568,1.152,1.014,1.072,0.096,0.326,0.602
0.484,0.568,1.152,1.014,1.072,0.096,0.326,0.602
0.483,0.568,1.152,1.013,1.071,0.095,0.326,0.601
0.483,0.568,1.151,1.012,1.071,0.095,0.325,0.601
0.483,0.567,1.15,1.012,1.07,0.095,0.325,0.601
0.482,0.567,1.15,1.011,1.069,0.095,0.325,0.6
0.482,0.567,1.149,1.011,1.069,0.095,0.325,0.6
0.481,0.566,1.149,1.01,1.068,0.095,0.325,0.599
0.481,0.566,1.148,1.009,1.068,0.095,0.325,0.599
0.481,0.566,1.147,1.009,1.067,0.095,0.325,0.599
0.48,0.565,1.147,1.008,1.067,0.095,0.325,0.599
0.48,0.565,1.146,1.007,1.066,0.095,0.325,0.598
0.479,0.564,1.146,1.007,1.065,0.095,0.325,0.598
0.479,0.564,1.145,1.006,1.065,0.095,0.324,0.597
0.479,0.564,1.145,1.006,1.064,0.095,0.324,0.597
0.478,0.563,1.144,1.005,1.064,0.095,0.324,0.597
0.478,0.563,1.143,1.004,1.063,0.095,0.324,0.596
0.478,0.563,1.143,1.004,1.062,0.094,0.324,0.596
0.477,0.562,1.142,1.003,1.062,0.094,0.324,0.595
0.477,0.562,1.142,1.003,1.062,0.094,0.324,0.595
0.476,0.562,1.141,1.002,1.061,0.094,0.324,0.595
0.476,0.561,1.141,1.002,1.06,0.094,0.324,0.594
0.476,0.561,1.14,1.001,1.06,0.094,0.324,0.594
0.475,0.561,1.14,1.0,1.059,0.094,0.324,0.594
0.475,0.56,1.139,1.0,1.059,0.094,0.324,0.593
0.474,0.56,1.138,0.999,1.058,0.094,0.324,0.593
0.474,0.56,1.138,0.999,1.057,0.094,0.324,0.592
0.474,0.559,1.137,0.998,1.057,0.094,0.324,0.592
0.473,0.559,1.137,0.997,1.056,0.094,0.323,0.592
0.473,0.559,1.136,0.997,1.056,0.094,0.323,0.591
0.473,0.559,1.135,0.997,1.055,0.093,0.323,0.591
0.472,0.558,1.135,0.996,1.054,0.094,0.323,0.59
0.472,0.558,1.135,0.995,1.054,0.093,0.323,0.59
0.472,0.558,1.134,0.995,1.053,0.093,0.323,0.59
0.471,0.558,1.133,0.994,1.053,0.093,0.323,0.589
0.471,0.557,1.133,0.994,1.052,0.093,0.323,0.589
0.471,0.557,1.132,0.993,1.052,0.093,0.323,0.588
0.47,0.557,1.132,0.993,1.051,0.093,0.323,0.588
0.47,0.557,1.131,0.992,1.051,0.093,0.323,0.588
0.47,0.556,1.131,0.992,1.05,0.093,0.323,0.587
0.469,0.556,1.13,0.991,1.05,0.093,0.323,0.587
0.469,0.556,1.13,0.991,1.049,0.093,0.323,0.587
0.469,0.556,1.129,0.99,1.049,0.093,0.323,0.587
0.468,0.555,1.129,0.989,1.048,0.093,0.322,0.586
0.468,0.555,1.128,0.989,1.047,0.093,0.322,0.586
0.467,0.555,1.127,0.988,1.047,0.092,0.322,0.586
0.467,0.555,1.127,0.988,1.046,0.092,0.322,0.585
0.467,0.554,1.126,0.987,1.046,0.092,0.322,0.585
0.466,0.554,1.126,0.986,1.045,0.092,0.322,0.584
0.466,0.554,1.125,0.986,1.044,0.092,0.322,0.584
0.466,0.554,1.124,0.985,1.044,0.092,0.322,0.584
0.465,0.553,1.124,0.985,1.043,0.092,0.322,0.583
0.465,0.553,1.123,0.984,1.043,0.092,0.322,0.583
0.465,0.553,1.123,0.984,1.042,0.092,0.322,0.583
0.464,0.552,1.122,0.983,1.042,0.092,0.322,0.582
0.464,0.552,1.122,0.982,1.041,0.092,0.321,0.582
0.464,0.552,1.121,0.982,1.041,0.092,0.321,0.581
0.463,0.551,1.121,0.981,1.04,0.092,0.321,0.581
0.463,0.551,1.12,0.981,1.04,0.092,0.321,0.581
0.463,0.551,1.12,0.98,1.039,0.092,0.321,0.58
0.462,0.551,1.119,0.979,1.039,0.092,0.321,0.58
0.462,0.55,1.118,0.979,1.038,0.092,0.321,0.58
0.462,0.55,1.118,0.978,1.038,0.091,0.321,0.579
0.461,0.55,1.117,0.978,1.037,0.091,0.321,0.579
0.461,0.55,1.117,0.977,1.037,0.091,0.321,0.579
0.461,0.549,1.117,0.977,1.036,0.091,0.321,0.578
0.46,0.549,1.116,0.976,1.036,0.091,0.321,0.578
0.46,0.549,1.115,0.976,1.035,0.091,0.321,0.578
0.46,0.549,1.115,0.975,1.035,0.091,0.321,0.577
0.459,0.548,1.114,0.975,1.034,0.091,0.32,0.577
0.459,0.548,1.114,0.974,1.034,0.091,0.32,0.577
0.459,0.548,1.113,0.974,1.033,0.091,0.32,0.576
0.458,0.548,1.113,0.973,1.033,0.091,0.32,0.576
0.458,0.548,1.112,0.973,1.032,0.091,0.32,0.576
0.458,0.547,1.112,0.972,1.032,0.091,0.32,0.575
0.457,0.547,1.111,0.971,1.031,0.091,0.32,0.575
0.457,0.547,1.111,0.971,1.031,0.091,0.32,0.575
0.457,0.547,1.11,0.97,1.03,0.09,0.32,0.574
0.456,0.547,1.11,0.97,1.029,0.091,0.32,0.574
0.456,0.546,1.109,0.969,1.029,0.09,0.32,0.574
0.456,0.546,1.109,0.968,1.029,0.09,0.32,0.573
0.455,0.546,1.108,0.968,1.028,0.09,0.32,0.573
0.455,0.546,1.108,0.967,1.028,0.09,0.32,0.573
0.455,0.545,1.107,0.967,1.027,0.09,0.32,0.572
0.455,0.545,1.107,0.966,1.027,0.09,0.319,0.572
0.454,0.545,1.106,0.966,1.026,0.09,0.319,0.572
0.454,0.545,1.106,0.965,1.025,0.09,0.319,0.571
0.454,0.545,1.105,0.965,1.025,0.09,0.319,0.571
0.453,0.544,1.105,0.964,1.025,0.09,0.319,0.571
0.453,0.544,1.104,0.964,1.024,0.09,0.319,0.57
0.453,0.544,1.104,0.963,1.024,0.09,0.319,0.57
0.452,0.544,1.103,0.963,1.023,0.09,0.319,0.57
0.452,0.544,1.103,0.962,1.023,0.09,0.319,0.57
0.452,0.544,1.102,0.962,1.022,0.09,0.319,0.569
0.451,0.543,1.102,0.961,1.022,0.09,0.319,0.569
0.451,0.543,1.101,0.961,1.021,0.09,0.319,0.568
0.451,0.543,1.101,0.96,1.021,0.089,0.319,0.568
0.45,0.543,1.1,0.96,1.02,0.09,0.318,0.568
0.45,0.543,1.099,0.959,1.02,0.089,0.318,0.567
0.45,0.542,1.099,0.959,1.019,0.089,0.318,0.567
0.45,0.542,1.099,0.958,1.019,0.089,0.318,0.567
0.449,0.542,1.098,0.958,1.018,0.089,0.318,0.567
0.449,0.542,1.098,0.957,1.018,0.089,0.318,0.566
0.449,0.542,1.097,0.956,1.017,0.089,0.318,0.566
0.448,0.542,1.097,0.956,1.017,0.089,0.318,0.566
0.448,0.542,1.096,0.956,1.016,0.089,0.318,0.565
0.448,0.541,1.095,0.955,1.016,0.089,0.318,0.565
0.447,0.541,1.095,0.955,1.015,0.089,0.318,0.565
0.447,0.541,1.094,0.954,1.015,0.089,0.318,0.564
0.447,0.541,1.094,0.954,1.015,0.089,0.318,0.564
0.446,0.541,1.094,0.953,1.014,0.089,0.318,0.564
0.446,0.541,1.093,0.953,1.014,0.089,0.317,0.563
0.446,0.541,1.092,0.952,1.013,0.089,0.317,0.563
0.446,0.54,1.092,0.952,1.012,0.089,0.317,0.563
0.445,0.54,1.091,0.951,1.012,0.089,0.317,0.562
0.445,0.54,1.091,0.951,1.011,0.089,0.317,0.562
0.445,0.54,1.09,0.951,1.011,0.088,0.317,0.562
0.444,0.54,1.09,0.95,1.01,0.089,0.317,0.561
0.444,0.539,1.089,0.95,1.01,0.089,0.317,0.561
0.444,0.539,1.089,0.949,1.01,0.088,0.317,0.561
0.443,0.539,1.088,0.949,1.009,0.088,0.317,0.56
0.443,0.539,1.088,0.948,1.008,0.088,0.317,0.56
0.443,0.538,1.087,0.948,1.008,0.088,0.317,0.56
0.443,0.538,1.087,0.947,1.008,0.088,0.317,0.56
0.442,0.538,1.086,0.947,1.007,0.088,0.316,0.559
0.442,0.538,1.086,0.946,1.007,0.088,0.316,0.559
0.442,0.537,1.085,0.946,1.006,0.088,0.316,0.559
0.442,0.537,1.085,0.945,1.006,0.088,0.316,0.559
0.441,0.537,1.084,0.945,1.005,0.088,0.316,0.558
0.441,0.537,1.084,0.944,1.005,0.088,0.316,0.558
0.441,0.536,1.084,0.944,1.004,0.088,0.316,0.558
0.44,0.536,1.083,0.943,1.004,0.088,0.316,0.557
0.44,0.536,1.082,0.943,1.003,0.088,0.316,0.557
0.44,0.536,1.082,0.943,1.003,0.088,0.316,0.557
0.439,0.535,1.082,0.942,1.003,0.088,0.316,0.556
0.439,0.535,1.081,0.942,1.002,0.088,0.316,0.556
0.439,0.535,1.081,0.941,1.002,0.088,0.316,0.556
0.438,0.535,1.08,0.941,1.001,0.088,0.316,0.556
0.438,0.534,1.079,0.941,1.001,0.088,0.316,0.555
0.438,0.534,1.079,0.94,1.0,0.087,0.315,0.555
0.438,0.534,1.079,0.94,1.0,0.087,0.315,0.555
0.437,0.534,1.078,0.939,0.999,0.087,0.316,0.554
0.437,0.534,1.078,0.939,0.999,0.087,0.315,0.554
0.437,0.533,1.077,0.938,0.999,0.087,0.315,0.554
0.437,0.533,1.077,0.938,0.998,0.087,0.315,0.553
0.436,0.533,1.076,0.937,0.998,0.087,0.315,0.553
0.436,0.533,1.076,0.937,0.997,0.087,0.315,0.553
0.436,0.532,1.075,0.936,0.997,0.087,0.315,0.552
0.436,0.532,1.075,0.936,0.996,0.087,0.315,0.552
0.435,0.532,1.074,0.935,0.996,0.087,0.315,0.552
0.435,0.531,1.074,0.935,0.995,0.087,0.315,0.551
0.435,0.531,1.073,0.934,0.995,0.087,0.315,0.551
0.434,0.531,1.073,0.934,0.994,0.087,0.315,0.551
0.434,0.531,1.072,0.933,0.994,0.087,0.315,0.551
0.434,0.53,1.072,0.933,0.994,0.087,0.314,0.551
0.433,0.53,1.072,0.932,0.993,0.087,0.315,0.55
0.433,0.53,1.071,0.932,0.993,0.087,0.314,0.55
0.433,0.53,1.071,0.931,0.992,0.087,0.314,0.55
0.433,0.53,1.07,0.931,0.992,0.087,0.314,0.549
0.432,0.529,1.07,0.93,0.991,0.087,0.314,0.549
0.432,0.529,1.069,0.93,0.991,0.087,0.314,0.549
0.432,0.529,1.069,0.93,0.99,0.086,0.314,0.548
0.432,0.529,1.068,0.929,0.99,0.086,0.314,0.548
0.431,0.529,1.068,0.928,0.99,0.086,0.314,0.548
0.431,0.528,1.068,0.928,0.989,0.086,0.314,0.548
0.431,0.528,1.067,0.927,0.989,0.086,0.314,0.547
0.431,0.528,1.066,0.927,0.988,0.086,0.314,0.547
0.43,0.528,1.066,0.926,0.988,0.086,0.314,0.547
0.43,0.528,1.066,0.926,0.988,0.086,0.313,0.546
0.43,0.528,1.065,0.925,0.987,0.086,0.314,0.546
0.43,0.528,1.065,0.925,0.987,0.086,0.314,0.546
0.429,0.528,1.064,0.925,0.986,0.086,0.313,0.545
0.429,0.527,1.064,0.924,0.986,0.086,0.313,0.545
0.429,0.527,1.063,0.923,0.985,0.086,0.313,0.545
0.428,0.527,1.063,0.923,0.985,0.086,0.313,0.545
0.428,0.527,1.062,0.922,0.984,0.086,0.313,0.544
0.428,0.527,1.062,0.922,0.984,0.086,0.313,0.544
0.428,0.526,1.061,0.921,0.983,0.086,0.313,0.544
0.427,0.526,1.061,0.921,0.983,0.086,0.313,0.543
0.427,0.526,1.06,0.921,0.983,0.086,0.313,0.543
0.427,0.526,1.06,0.92,0.982,0.086,0.313,0.543
0.427,0.526,1.059,0.92,0.982,0.086,0.313,0.543
0.427,0.525,1.059,0.919,0.981,0.086,0.313,0.542
0.426,0.525,1.059,0.919,0.981,0.086,0.313,0.542
0.426,0.525,1.058,0.918,0.981,0.086,0.313,0.542
0.426,0.525,1.058,0.918,0.98,0.085,0.313,0.542
0.425,0.525,1.057,0.917,0.98,0.086,0.312,0.541
0.425,0.525,1.057,0.917,0.979,0.085,0.312,0.541
0.425,0.524,1.056,0.917,0.979,0.085,0.313,0.541
0.425,0.524,1.056,0.916,0.978,0.085,0.312,0.54
0.424,0.524,1.056,0.916,0.978,0.085,0.312,0.54
0.424,0.524,1.055,0.915,0.977,0.085,0.312,0.54
0.424,0.524,1.055,0.915,0.977,0.085,0.312,0.54
0.424,0.523,1.054,0.915,0.977,0.085,0.312,0.539
0.423,0.523,1.054,0.914,0.976,0.085,0.312,0.539
0.423,0.523,1.053,0.914,0.976,0.085,0.312,0.539
0.423,0.523,1.053,0.913,0.975,0.085,0.312,0.539
0.423,0.523,1.052,0.913,0.975,0.085,0.312,0.538
0.422,0.523,1.052,0.912,0.975,0.085,0.312,0.538
0.422,0.522,1.051,0.912,0.974,0.085,0.312,0.538
0.422,0.522,1.051,0.911,0.974,0.085,0.312,0.537
0.422,0.522,1.05,0.911,0.973,0.085,0.311,0.537
0.421,0.522,1.05,0.91,0.973,0.085,0.311,0.537
0.421,0.521,1.049,0.91,0.973,0.085,0.311,0.537
0.421,0.521,1.049,0.909,0.972,0.085,0.311,0.536
0.421,0.521,1.048,0.909,0.972,0.085,0.311,0.536
0.42,0.521,1.048,0.909,0.971,0.085,0.311,0.536
0.42,0.521,1.048,0.908,0.971,0.085,0.311,0.535
0.42,0.52,1.047,0.908,0.97,0.085,0.311,0.535
0.42,0.52,1.047,0.907,0.97,0.084,0.311,0.535
0.419,0.52,1.046,0.907,0.969,0.085,0.311,0.535
0.419,0.52,1.046,0.906,0.969,0.084,0.311,0.534
0.419,0.52,1.045,0.906,0.969,0.085,0.311,0.534
0.419,0.52,1.045,0.906,0.968,0.084,0.311,0.534
0.418,0.519,1.044,0.905,0.968,0.084,0.31,0.533
0.418,0.519,1.044,0.904,0.967,0.085,0.31,0.533
0.418,0.519,1.043,0.904,0.967,0.084,0.311,0.533
0.418,0.519,1.043,0.904,0.967,0.084,0.31,0.533
0.417,0.519,1.042,0.903,0.966,0.084,0.31,0.532
0.417,0.518,1.042,0.903,0.966,0.084,0.31,0.532
0.417,0.518,1.042,0.903,0.965,0.084,0.31,0.532
0.417,0.518,1.041,0.902,0.965,0.084,0.31,0.531
0.416,0.518,1.041,0.902,0.965,0.084,0.31,0.531
0.416,0.518,1.04,0.901,0.964,0.084,0.31,0.531
0.416,0.518,1.04,0.901,0.964,0.084,0.31,0.531
0.416,0.518,1.039,0.901,0.964,0.084,0.31,0.531
0.415,0.518,1.039,0.9,0.963,0.084,0.31,0.53
0.415,0.517,1.039,0.9,0.963,0.084,0.31,0.53
0.415,0.517,1.038,0.899,0.962,0.084,0.31,0.53
0.415,0.517,1.038,0.899,0.962,0.084,0.31,0.529
0.414,0.517,1.037,0.899,0.962,0.084,0.31,0.529
0.414,0.517,1.037,0.898,0.961,0.084,0.309,0.529
0.414,0.517,1.036,0.898,0.961,0.084,0.309,0.529
0.414,0.517,1.036,0.897,0.96,0.084,0.309,0.528
0.414,0.517,1.035,0.897,0.96,0.084,0.31,0.528
0.413,0.516,1.035,0.897,0.96,0.084,0.309,0.528
0.413,0.516,1.035,0.896,0.959,0.084,0.309,0.528
0.413,0.516,1.034,0.896,0.959,0.084,0.309,0.527
0.413,0.516,1.034,0.896,0.958,0.084,0.309,0.527
0.412,0.516,1.033,0.895,0.958,0.084,0.309,0.527
0.412,0.516,1.033,0.895,0.958,0.084,0.309,0.527
0.412,0.516,1.033,0.894,0.957,0.083,0.309,0.526
0.412,0.516,1.032,0.894,0.957,0.083,0.309,0.526
0.411,0.515,1.032,0.894,0.956,0.083,0.309,0.526
0.411,0.515,1.031,0.893,0.956,0.083,0.309,0.526
0.411,0.515,1.031,0.893,0.956,0.083,0.309,0.525
0.411,0.515,1.031,0.893,0.955,0.083,0.309,0.525
0.41,0.515,1.03,0.892,0.955,0.083,0.308,0.525
0.41,0.514,1.03,0.892,0.954,0.083,0.308,0.525
0.41,0.514,1.029,0.891,0.954,0.083,0.308,0.524
0.41,0.514,1.029,0.891,0.954,0.083,0.308,0.524
0.41,0.514,1.028,0.891,0.953,0.083,0.308,0.524
0.409,0.513,1.028,0.89,0.953,0.083,0.308,0.524
0.409,0.513,1.027,0.89,0.953,0.083,0.308,0.523
0.409,0.513,1.027,0.89,0.952,0.083,0.308,0.523
0.409,0.513,1.027,0.889,0.952,0.083,0.308,0.523
0.409,0.512,1.026,0.889,0.951,0.083,0.308,0.523
0.408,0.512,1.026,0.888,0.951,0.083,0.308,0.522
0.408,0.512,1.025,0.888,0.951,0.083,0.308,0.522
0.408,0.512,1.025,0.888,0.95,0.083,0.308,0.522
0.407,0.512,1.024,0.887,0.95,0.083,0.308,0.521
0.407,0.512,1.024,0.887,0.95,0.083,0.308,0.521
0.407,0.511,1.023,0.886,0.949,0.083,0.307,0.521
0.407,0.511,1.023,0.886,0.949,0.083,0.307,0.521
0.407,0.511,1.023,0.886,0.948,0.083,0.308,0.52
0.406,0.511,1.022,0.885,0.948,0.083,0.307,0.52
0.406,0.51,1.022,0.885,0.947,0.083,0.307,0.52
0.406,0.51,1.021,0.884,0.947,0.083,0.307,0.52
0.406,0.51,1.021,0.884,0.947,0.083,0.307,0.519
0.405,0.51,1.02,0.884,0.946,0.082,0.307,0.519
0.405,0.51,1.02,0.883,0.946,0.083,0.307,0.519
0.405,0.509,1.019,0.883,0.945,0.082,0.307,0.519
0.405,0.509,1.019,0.882,0.945,0.082,0.307,0.519
0.405,0.509,1.019,0.882,0.945,0.082,0.307,0.518
0.404,0.509,1.018,0.881,0.944,0.082,0.307,0.518
0.404,0.508,1.018,0.881,0.944,0.082,0.307,0.518
0.404,0.508,1.018,0.881,0.944,0.082,0.306,0.518
0.404,0.508,1.017,0.88,0.943,0.082,0.307,0.517
0.403,0.508,1.017,0.88,0.943,0.082,0.306,0.517
0.403,0.508,1.016,0.88,0.942,0.082,0.306,0.517
0.403,0.507,1.016,0.879,0.942,0.082,0.306,0.517
0.403,0.507,1.015,0.879,0.942,0.082,0.306,0.516
0.403,0.507,1.015,0.878,0.941,0.082,0.306,0.516
0.402,0.507,1.014,0.878,0.941,0.082,0.306,0.516
0.402,0.507,1.014,0.878,0.94,0.082,0.306,0.516
0.402,0.507,1.013,0.877,0.94,0.082,0.306,0.515
0.402,0.507,1.013,0.877,0.94,0.082,0.306,0.515
0.401,0.506,1.013,0.876,0.939,0.082,0.306,0.515
0.401,0.506,1.012,0.876,0.939,0.082,0.306,0.515
0.401,0.506,1.012,0.876,0.939,0.082,0.306,0.514
0.401,0.506,1.011,0.875,0.938,0.082,0.306,0.514
0.401,0.506,1.011,0.875,0.938,0.082,0.306,0.514
0.4,0.505,1.011,0.874,0.938,0.082,0.306,0.514
0.4,0.505,1.01,0.874,0.937,0.082,0.305,0.514
0.4,0.505,1.01,0.874,0.937,0.082,0.305,0.513
0.4,0.505,1.009,0.873,0.936,0.082,0.305,0.513
0.4,0.505,1.009,0.873,0.936,0.082,0.305,0.513
0.399,0.505,1.008,0.873,0.936,0.082,0.305,0.513
0.399,0.504,1.008,0.872,0.935,0.082,0.305,0.513
0.399,0.505,1.008,0.872,0.935,0.082,0.305,0.512
0.399,0.504,1.007,0.871,0.935,0.082,0.305,0.512
0.399,0.504,1.007,0.871,0.934,0.081,0.305,0.512
0.398,0.504,1.007,0.871,0.934,0.082,0.305,0.512
0.398,0.504,1.006,0.87,0.934,0.082,0.305,0.511
0.398,0.504,1.006,0.87,0.933,0.081,0.305,0.511
0.398,0.503,1.005,0.87,0.933,0.082,0.305,0.511
0.397,0.503,1.005,0.869,0.933,0.081,0.304,0.511
0.397,0.503,1.005,0.869,0.932,0.081,0.305,0.511
0.397,0.503,1.004,0.869,0.932,0.081,0.305,0.51
0.397,0.503,1.004,0.868,0.932,0.081,0.304,0.51
0.397,0.503,1.003,0.868,0.931,0.081,0.304,0.51
0.396,0.503,1.003,0.868,0.931,0.081,0.304,0.51
0.396,0.503,1.002,0.867,0.931,0.081,0.304,0.51
0.396,0.503,1.002,0.867,0.93,0.081,0.304,0.509
0.396,0.503,1.002,0.866,0.93,0.081,0.304,0.509
0.396,0.503,1.001,0.866,0.93,0.081,0.304,0.509
0.395,0.502,1.001,0.866,0.929,0.081,0.304,0.509
0.395,0.502,1.0,0.865,0.929,0.081,0.304,0.508
0.395,0.502,1.0,0.865,0.929,0.081,0.304,0.508
0.395,0.502,0.999,0.864,0.928,0.081,0.304,0.508
0.395,0.501,0.999,0.864,0.928,0.081,0.304,0.508
0.394,0.501,0.999,0.864,0.928,0.081,0.304,0.507
0.394,0.501,0.998,0.864,0.927,0.081,0.303,0.507
0.394,0.501,0.998,0.863,0.927,0.081,0.304,0.507
0.394,0.501,0.997,0.863,0.927,0.081,0.303,0.507
0.393,0.5,0.997,0.862,0.926,0.081,0.303,0.507
0.393,0.5,0.997,0.862,0.926,0.081,0.303,0.506
0.393,0.5,0.996,0.862,0.925,0.081,0.303,0.506
0.393,0.5,0.996,0.861,0.925,0.081,0.303,0.506
0.393,0.5,0.995,0.861,0.925,0.081,0.303,0.506
0.393,0.5,0.995,0.861,0.924,0.081,0.303,0.505
0.392,0.5,0.995,0.861,0.924,0.081,0.303,0.505
0.392,0.499,0.994,0.86,0.924,0.081,0.303,0.505
0.392,0.499,0.994,0.86,0.923,0.081,0.303,0.505
0.392,0.499,0.993,0.859,0.923,0.081,0.303,0.505
0.391,0.499,0.993,0.859,0.923,0.081,0.303,0.505
0.391,0.499,0.992,0.859,0.922,0.08,0.303,0.504
0.391,0.499,0.992,0.858,0.922,0.08,0.302,0.504
0.391,0.498,0.991,0.858,0.922,0.08,0.302,0.504
0.391,0.498,0.991,0.858,0.921,0.08,0.302,0.504
0.391,0.498,0.991,0.857,0.921,0.08,0.302,0.503
0.39,0.498,0.991,0.857,0.92,0.08,0.302,0.503
0.39,0.498,0.99,0.856,0.92,0.08,0.302,0.503
0.39,0.498,0.99,0.856,0.92,0.08,0.302,0.503
0.39,0.498,0.989,0.856,0.92,0.08,0.302,0.503
0.39,0.497,0.989,0.856,0.919,0.08,0.302,0.502
0.389,0.497,0.988,0.855,0.919,0.08,0.302,0.502
0.389,0.497,0.988,0.855,0.919,0.08,0.302,0.502
0.389,0.497,0.988,0.855,0.918,0.08,0.302,0.502
0.389,0.497,0.987,0.854,0.918,0.08,0.302,0.501
0.388,0.497,0.987,0.854,0.918,0.08,0.302,0.501
0.388,0.497,0.986,0.854,0.917,0.08,0.302,0.501
0.388,0.496,0.986,0.854,0.917,0.08,0.302,0.501
0.388,0.496,0.986,0.853,0.917,0.08,0.301,0.501
0.388,0.496,0.985,0.853,0.916,0.08,0.301,0.5
0.388,0.496,0.985,0.852,0.916,0.08,0.301,0.5
0.387,0.496,0.984,0.852,0.915,0.08,0.301,0.5
0.387,0.496,0.984,0.852,0.915,0.08,0.301,0.5
0.387,0.496,0.983,0.851,0.915,0.08,0.301,0.5
0.387,0.495,0.983,0.851,0.915,0.08,0.301,0.499
0.386,0.495,0.983,0.85,0.914,0.08,0.301,0.499
0.386,0.495,0.982,0.85,0.914,0.08,0.301,0.499
0.386,0.495,0.982,0.85,0.914,0.08,0.301,0.499
0.386,0.495,0.982,0.849,0.913,0.08,0.301,0.499
0.386,0.495,0.981,0.849,0.913,0.08,0.301,0.498
0.386,0.494,0.981,0.849,0.913,0.08,0.301,0.498
0.385,0.495,0.98,0.849,0.912,0.08,0.301,0.498
0.385,0.494,0.98,0.848,0.912,0.08,0.3,0.498
0.385,0.494,0.98,0.848,0.912,0.08,0.301,0.497
0.385,0.494,0.979,0.848,0.911,0.079,0.3,0.497
0.385,0.494,0.979,0.847,0.911,0.079,0.3,0.497
0.385,0.494,0.978,0.847,0.911,0.08,0.3,0.497
0.384,0.493,0.978,0.847,0.91,0.08,0.3,0.497
0.384,0.493,0.978,0.846,0.91,0.079,0.3,0.496
0.384,0.493,0.977,0.846,0.91,0.08,0.3,0.496
0.384,0.493,0.977,0.846,0.909,0.08,0.3,0.496
0.384,0.493,0.977,0.845,0.909,0.079,0.3,0.496
0.383,0.493,0.976,0.845,0.909,0.079,0.3,0.496
0.383,0.493,0.976,0.845,0.908,0.079,0.3,0.496
0.383,0.493,0.975,0.844,0.908,0.079,0.3,0.495
0.383,0.493,0.975,0.844,0.908,0.079,0.3,0.495
0.383,0.493,0.975,0.843,0.907,0.079,0.3,0.495
0.383,0.493,0.974,0.843,0.907,0.079,0.3,0.494
0.382,0.492,0.974,0.843,0.907,0.079,0.3,0.494
0.382,0.492,0.974,0.842,0.907,0.079,0.3,0.494
0.382,0.492,0.973,0.842,0.906,0.079,0.3,0.494
0.382,0.492,0.973,0.842,0.906,0.079,0.299,0.494
0.382,0.492,0.972,0.841,0.906,0.079,0.299,0.494
0.381,0.492,0.972,0.841,0.905,0.079,0.299,0.493
0.381,0.491,0.972,0.841,0.905,0.079,0.299,0.493
0.381,0.491,0.971,0.84,0.905,0.079,0.299,0.493
0.381,0.491,0.971,0.84,0.904,0.079,0.299,0.493
0.381,0.491,0.97,0.84,0.904,0.079,0.299,0.493
0.38,0.491,0.97,0.839,0.904,0.079,0.299,0.492
0.38,0.491,0.97,0.839,0.903,0.079,0.299,0.492
0.38,0.491,0.969,0.839,0.903,0.079,0.299,0.492
0.38,0.49,0.969,0.838,0.903,0.079,0.299,0.492
0.38,0.49,0.969,0.838,0.902,0.079,0.299,0.492
0.38,0.49,0.968,0.838,0.902,0.079,0.299,0.491
0.379,0.49,0.968,0.837,0.902,0.079,0.299,0.491
0.379,0.489,0.967,0.837,0.902,0.079,0.299,0.491
0.379,0.489,0.967,0.837,0.901,0.079,0.299,0.491
0.379,0.489,0.967,0.836,0.901,0.079,0.298,0.491
0.379,0.489,0.966,0.836,0.901,0.079,0.298,0.491
0.379,0.489,0.966,0.836,0.9,0.079,0.298,0.49
0.378,0.489,0.966,0.835,0.9,0.079,0.298,0.49
0.378,0.489,0.965,0.835,0.9,0.079,0.298,0.49
0.378,0.488,0.965,0.835,0.899,0.079,0.298,0.49
0.378,0.488,0.965,0.834,0.899,0.078,0.298,0.49
0.378,0.488,0.964,0.834,0.899,0.079,0.298,0.489
0.378,0.488,0.964,0.833,0.898,0.079,0.298,0.489
0.378,0.488,0.963,0.833,0.898,0.079,0.298,0.489
0.377,0.488,0.963,0.833,0.898,0.079,0.298,0.489
0.377,0.488,0.963,0.832,0.898,0.079,0.298,0.489
0.377,0.487,0.962,0.832,0.897,0.079,0.298,0.489
0.377,0.487,0.962,0.832,0.897,0.078,0.298,0.488
0.377,0.487,0.962,0.831,0.897,0.079,0.298,0.488
0.376,0.487,0.961,0.831,0.896,0.078,0.298,0.488
0.376,0.487,0.961,0.831,0.896,0.078,0.298,0.488
0.376,0.486,0.961,0.83,0.896,0.079,0.298,0.488
0.376,0.486,0.96,0.83,0.896,0.078,0.297,0.487
0.376,0.486,0.96,0.83,0.895,0.078,0.297,0.487
0.376,0.486,0.959,0.83,0.895,0.078,0.297,0.487
0.375,0.486,0.959,0.829,0.895,0.078,0.297,0.487
0.375,0.486,0.959,0.829,0.894,0.078,0.297,0.487
0.375,0.485,0.958,0.829,0.894,0.078,0.297,0.487
0.375,0.485,0.958,0.828,0.894,0.078,0.297,0.486
0.375,0.485,0.958,0.828,0.894,0.078,0.297,0.486
0.375,0.485,0.957,0.828,0.893,0.078,0.297,0.486
0.375,0.485,0.957,0.827,0.893,0.078,0.297,0.486
0.374,0.485,0.957,0.827,0.893,0.078,0.297,0.485
0.374,0.485,0.956,0.827,0.893,0.078,0.297,0.485
0.374,0.484,0.956,0.826,0.892,0.078,0.297,0.485
0.374,0.484,0.956,0.826,0.892,0.078,0.297,0.485
0.374,0.484,0.955,0.826,0.892,0.078,0.297,0.485
0.373,0.484,0.955,0.826,0.892,0.078,0.297,0.485
0.373,0.484,0.955,0.825,0.891,0.078,0.297,0.484
0.373,0.484,0.954,0.825,0.891,0.078,0.296,0.484
0.373,0.484,0.954,0.825,0.891,0.078,0.296,0.484
0.373,0.484,0.954,0.824,0.89,0.078,0.296,0.484
0.373,0.484,0.953,0.824,0.89,0.078,0.296,0.484
0.372,0.484,0.953,0.824,0.89,0.078,0.296,0.483
0.372,0.484,0.953,0.823,0.89,0.078,0.296,0.483
0.372,0.484,0.952,0.823,0.889,0.078,0.296,0.483
0.372,0.483,0.952,0.823,0.889,0.078,0.296,0.483
0.372,0.483,0.952,0.823,0.889,0.078,0.296,0.483
0.372,0.483,0.951,0.822,0.888,0.078,0.296,0.483
0.371,0.483,0.951,0.822,0.888,0.078,0.296,0.482
0.371,0.483,0.951,0.822,0.888,0.078,0.296,0.482
0.371,0.483,0.95,0.821,0.888,0.078,0.296,0.482
0.371,0.482,0.95,0.821,0.887,0.078,0.296,0.482
0.371,0.482,0.95,0.821,0.887,0.078,0.296,0.482
0.371,0.482,0.949,0.821,0.887,0.078,0.296,0.481
0.37,0.482,0.949,0.82,0.886,0.078,0.295,0.481
0.37,0.482,0.948,0.82,0.886,0.078,0.295,0.481
0.37,0.481,0.948,0.82,0.886,0.078,0.296,0.481
0.37,0.481,0.948,0.819,0.886,0.078,0.295,0.481
0.37,0.481,0.947,0.819,0.885,0.078,0.295,0.48
0.37,0.481,0.947,0.819,0.885,0.078,0.295,0.48
0.37,0.481,0.947,0.819,0.885,0.077,0.295,0.48
0.369,0.481,0.946,0.818,0.885,0.078,0.295,0.48
0.369,0.481,0.946,0.818,0.884,0.078,0.295,0.48
0.369,0.481,0.946,0.818,0.884,0.078,0.295,0.479
0.369,0.48,0.945,0.818,0.884,0.078,0.295,0.479
0.369,0.48,0.945,0.817,0.884,0.077,0.295,0.479
0.368,0.48,0.945,0.817,0.883,0.077,0.295,0.479
0.368,0.48,0.944,0.816,0.883,0.078,0.295,0.479
0.368,0.48,0.944,0.816,0.883,0.077,0.295,0.479
0.368,0.48,0.944,0.816,0.882,0.078,0.295,0.479
0.368,0.48,0.943,0.816,0.882,0.077,0.295,0.478
0.368,0.48,0.943,0.816,0.882,0.077,0.295,0.478
0.368,0.48,0.943,0.815,0.881,0.077,0.295,0.478
0.367,0.48,0.942,0.815,0.881,0.077,0.294,0.478
0.367,0.48,0.942,0.815,0.881,0.077,0.294,0.478
0.367,0.479,0.942,0.815,0.881,0.077,0.294,0.477
0.367,0.479,0.941,0.814,0.88,0.077,0.294,0.477
0.367,0.479,0.941,0.814,0.88,0.077,0.294,0.477
0.367,0.479,0.941,0.814,0.88,0.077,0.294,0.477
0.366,0.479,0.94,0.814,0.879,0.077,0.294,0.477
0.366,0.479,0.94,0.813,0.879,0.077,0.294,0.476
0.366,0.479,0.94,0.813,0.879,0.077,0.294,0.476
0.366,0.478,0.939,0.813,0.879,0.077,0.294,0.476
0.366,0.478,0.939,0.812,0.878,0.077,0.294,0.476
0.366,0.478,0.939,0.812,0.878,0.077,0.294,0.476
0.366,0.478,0.938,0.812,0.878,0.077,0.294,0.476
0.365,0.478,0.938,0.812,0.878,0.077,0.294,0.475
0.365,0.478,0.938,0.811,0.877,0.077,0.294,0.475
0.365,0.478,0.937,0.811,0.877,0.077,0.294,0.475
0.365,0.477,0.937,0.811,0.877,0.077,0.293,0.475
0.365,0.477,0.937,0.81,0.876,0.077,0.293,0.475
0.364,0.477,0.936,0.81,0.876,0.077,0.293,0.475
0.364,0.477,0.936,0.81,0.876,0.077,0.293,0.474
0.364,0.476,0.936,0.809,0.876,0.077,0.293,0.474
0.364,0.476,0.935,0.809,0.875,0.077,0.293,0.474
0.364,0.476,0.935,0.809,0.875,0.077,0.293,0.474
0.364,0.476,0.935,0.809,0.875,0.077,0.293,0.474
0.364,0.476,0.934,0.808,0.875,0.077,0.293,0.474
0.363,0.475,0.934,0.808,0.874,0.077,0.293,0.473
0.363,0.475,0.933,0.808,0.874,0.077,0.293,0.473
0.363,0.475,0.933,0.808,0.874,0.077,0.293,0.473
0.363,0.475,0.933,0.807,0.873,0.077,0.293,0.473
0.363,0.475,0.932,0.807,0.873,0.077,0.293,0.473
0.363,0.474,0.932,0.807,0.873,0.077,0.292,0.473
0.362,0.474,0.932,0.806,0.873,0.077,0.292,0.472
0.362,0.474,0.931,0.806,0.872,0.077,0.292,0.472
0.362,0.474,0.931,0.806,0.872,0.077,0.292,0.472
0.362,0.474,0.931,0.806,0.872,0.077,0.292,0.472
0.362,0.474,0.93,0.805,0.871,0.077,0.292,0.472
0.362,0.474,0.93,0.805,0.871,0.077,0.292,0.472
0.361,0.474,0.93,0.805,0.871,0.077,0.292,0.471
0.361,0.474,0.929,0.804,0.871,0.077,0.292,0.471
0.361,0.474,0.929,0.804,0.87,0.077,0.292,0.471
0.361,0.473,0.928,0.804,0.87,0.076,0.292,0.471
0.361,0.473,0.928,0.804,0.87,0.077,0.292,0.471
0.361,0.473,0.928,0.803,0.869,0.076,0.292,0.47
0.361,0.473,0.927,0.803,0.869,0.076,0.292,0.47
0.36,0.473,0.927,0.803,0.869,0.077,0.292,0.47
0.36,0.473,0.927,0.803,0.869,0.076,0.291,0.47
0.36,0.473,0.926,0.802,0.868,0.077,0.292,0.47
0.36,0.473,0.926,0.802,0.868,0.076,0.291,0.47
0.36,0.473,0.926,0.802,0.868,0.076,0.291,0.469
0.36,0.473,0.925,0.802,0.868,0.076,0.291,0.469
0.359,0.472,0.925,0.801,0.867,0.076,0.291,0.469
0.359,0.472,0.925,0.801,0.867,0.076,0.291,0.469
0.359,0.472,0.924,0.801,0.867,0.076,0.291,0.469
0.359,0.472,0.924,0.801,0.866,0.076,0.291,0.468
0.359,0.472,0.924,0.801,0.866,0.076,0.291,0.468
0.359,0.472,0.923,0.8,0.866,0.076,0.291,0.468
0.359,0.472,0.923,0.8,0.866,0.076,0.291,0.468
0.358,0.471,0.923,0.8,0.866,0.076,0.291,0.468
0.358,0.471,0.922,0.8,0.865,0.076,0.291,0.467
0.358,0.471,0.922,0.799,0.865,0.076,0.291,0.467
0.358,0.471,0.922,0.799,0.865,0.076,0.291,0.467
0.358,0.471,0.921,0.799,0.864,0.076,0.291,0.467
0.358,0.47,0.921,0.799,0.864,0.076,0.291,0.467
0.358,0.471,0.921,0.798,0.864,0.076,0.291,0.467
0.357,0.47,0.92,0.798,0.863,0.076,0.29,0.466
0.357,0.47,0.92,0.798,0.863,0.076,0.29,0.466
0.357,0.47,0.919,0.797,0.863,0.076,0.29,0.466
0.357,0.47,0.919,0.797,0.863,0.076,0.29,0.466
0.357,0.47,0.919,0.797,0.862,0.076,0.29,0.466
0.357,0.47,0.918,0.797,0.862,0.076,0.29,0.466
0.357,0.469,0.918,0.796,0.862,0.076,0.29,0.465
0.356,0.469,0.918,0.796,0.861,0.076,0.29,0.465
0.356,0.469,0.917,0.796,0.861,0.076,0.29,0.465
0.356,0.469,0.917,0.795,0.861,0.076,0.29,0.465
0.356,0.469,0.917,0.795,0.861,0.076,0.29,0.465
0.356,0.469,0.916,0.795,0.86,0.076,0.29,0.465
0.356,0.469,0.916,0.795,0.86,0.076,0.29,0.465
0.355,0.469,0.916,0.794,0.86,0.076,0.29,0.464
0.355,0.469,0.915,0.794,0.86,0.076,0.289,0.464
0.355,0.468,0.915,0.793,0.859,0.076,0.289,0.464
0.355,0.468,0.915,0.793,0.859,0.076,0.289,0.464
0.355,0.468,0.915,0.793,0.859,0.076,0.289,0.464
0.355,0.468,0.914,0.793,0.859,0.076,0.289,0.464
0.354,0.468,0.914,0.792,0.858,0.076,0.289,0.463
0.354,0.468,0.914,0.792,0.858,0.076,0.289,0.463
0.354,0.468,0.913,0.792,0.858,0.076,0.289,0.463
0.354,0.468,0.913,0.791,0.858,0.076,0.289,0.463
0.354,0.468,0.913,0.791,0.857,0.076,0.289,0.463
0.354,0.467,0.912,0.791,0.857,0.076,0.289,0.463
0.354,0.467,0.912,0.79,0.857,0.076,0.289,0.462
0.354,0.467,0.912,0.79,0.857,0.075,0.289,0.462
0.353,0.467,0.911,0.79,0.856,0.076,0.289,0.462
0.353,0.467,0.911,0.789,0.856,0.076,0.289,0.462
0.353,0.467,0.91,0.789,0.856,0.076,0.289,0.462
0.353,0.467,0.91,0.789,0.856,0.076,0.289,0.462
0.353,0.466,0.91,0.789,0.855,0.075,0.288,0.462
0.352,0.466,0.909,0.788,0.855,0.076,0.288,0.461
0.352,0.466,0.909,0.788,0.855,0.075,0.288,0.461
0.352,0.466,0.908,0.788,0.854,0.075,0.288,0.461
0.352,0.466,0.908,0.787,0.854,0.075,0.288,0.461
0.352,0.466,0.908,0.787,0.854,0.075,0.288,0.461
0.352,0.465,0.908,0.787,0.854,0.075,0.288,0.461
0.352,0.465,0.907,0.787,0.853,0.075,0.288,0.46
0.351,0.465,0.907,0.786,0.853,0.075,0.288,0.46
0.352,0.465,0.907,0.786,0.853,0.075,0.288,0.46
0.351,0.465,0.906,0.786,0.853,0.075,0.288,0.46
0.351,0.465,0.906,0.785,0.852,0.075,0.288,0.46
0.351,0.465,0.905,0.785,0.852,0.075,0.288,0.459
0.351,0.465,0.905,0.785,0.852,0.075,0.288,0.459
0.351,0.464,0.905,0.784,0.852,0.075,0.288,0.459
0.351,0.464,0.904,0.784,0.851,0.075,0.288,0.459
0.35,0.464,0.904,0.784,0.851,0.075,0.288,0.459
0.35,0.464,0.904,0.784,0.851,0.075,0.287,0.459
0.35,0.464,0.904,0.783,0.851,0.075,0.287,0.459
0.35,0.464,0.903,0.783,0.85,0.075,0.287,0.458
0.35,0.463,0.903,0.783,0.85,0.075,0.287,0.458
0.35,0.463,0.903,0.782,0.85,0.075,0.287,0.458
0.35,0.463,0.902,0.782,0.85,0.075,0.287,0.458
0.35,0.463,0.902,0.782,0.849,0.075,0.287,0.458
0.349,0.463,0.902,0.782,0.849,0.075,0.287,0.458
0.349,0.463,0.901,0.781,0.849,0.075,0.287,0.457
0.349,0.463,0.901,0.781,0.849,0.075,0.287,0.457
0.349,0.463,0.901,0.781,0.849,0.075,0.287,0.457
0.349,0.463,0.9,0.781,0.848,0.075,0.287,0.457
0.349,0.463,0.9,0.78,0.848,0.075,0.287,0.457
0.348,0.462,0.9,0.78,0.848,0.075,0.287,0.456
0.348,0.462,0.899,0.78,0.848,0.075,0.286,0.456
0.348,0.462,0.899,0.78,0.847,0.075,0.287,0.456
0.348,0.462,0.899,0.779,0.847,0.075,0.286,0.456
0.348,0.462,0.899,0.779,0.847,0.075,0.286,0.456
0.348,0.462,0.898,0.779,0.847,0.075,0.286,0.456
0.348,0.462,0.898,0.779,0.846,0.075,0.286,0.456
0.348,0.462,0.898,0.779,0.846,0.075,0.286,0.456
0.347,0.462,0.897,0.778,0.846,0.075,0.286,0.455
0.347,0.462,0.897,0.778,0.846,0.075,0.286,0.455
0.347,0.462,0.897,0.778,0.845,0.075,0.286,0.455
0.347,0.461,0.896,0.778,0.845,0.075,0.286,0.455
0.347,0.461,0.896,0.777,0.845,0.075,0.286,0.455
0.347,0.461,0.896,0.777,0.845,0.075,0.286,0.455
0.347,0.461,0.896,0.777,0.844,0.075,0.286,0.454
0.347,0.461,0.895,0.776,0.844,0.075,0.286,0.454
0.346,0.461,0.895,0.776,0.844,0.075,0.286,0.454
0.346,0.461,0.895,0.776,0.844,0.075,0.286,0.454
0.346,0.461,0.894,0.776,0.843,0.075,0.286,0.454
0.346,0.461,0.894,0.776,0.843,0.075,0.285,0.454
0.346,0.461,0.894,0.775,0.843,0.075,0.286,0.453
0.346,0.461,0.893,0.775,0.842,0.075,0.285,0.453
0.345,0.461,0.893,0.775,0.842,0.075,0.285,0.453
0.345,0.461,0.892,0.774,0.842,0.075,0.285,0.453
0.345,0.46,0.892,0.774,0.842,0.074,0.285,0.453
0.345,0.46,0.892,0.774,0.841,0.074,0.285,0.452
0.345,0.46,0.892,0.774,0.841,0.074,0.285,0.452
0.345,0.46,0.891,0.774,0.841,0.074,0.285,0.452
0.345,0.46,0.891,0.773,0.841,0.074,0.285,0.452
0.344,0.46,0.891,0.773,0.84,0.074,0.285,0.452
0.344,0.46,0.89,0.773,0.84,0.074,0.285,0.452
0.344,0.459,0.89,0.773,0.84,0.074,0.285,0.452
0.344,0.459,0.89,0.773,0.84,0.074,0.285,0.451
0.344,0.459,0.889,0.772,0.839,0.074,0.285,0.451
0.344,0.459,0.889,0.772,0.839,0.074,0.284,0.451
0.343,0.459,0.889,0.772,0.839,0.074,0.284,0.451
0.343,0.459,0.888,0.772,0.839,0.074,0.284,0.451
0.343,0.459,0.888,0.771,0.838,0.074,0.284,0.451
0.343,0.459,0.888,0.771,0.838,0.074,0.284,0.45
0.343,0.459,0.887,0.771,0.838,0.074,0.284,0.45
0.343,0.459,0.887,0.771,0.838,0.074,0.284,0.45
0.343,0.459,0.887,0.771,0.838,0.074,0.284,0.45
0.343,0.459,0.886,0.77,0.837,0.074,0.284,0.45
0.342,0.458,0.886,0.77,0.837,0.074,0.284,0.45
0.342,0.458,0.886,0.77,0.837,0.074,0.284,0.45
0.342,0.458,0.886,0.77,0.837,0.074,0.284,0.449
0.342,0.458,0.885,0.769,0.836,0.074,0.284,0.449
0.342,0.458,0.885,0.769,0.836,0.074,0.284,0.449
0.342,0.458,0.884,0.769,0.836,0.074,0.283,0.449
0.342,0.458,0.884,0.769,0.836,0.074,0.283,0.449
0.342,0.458,0.884,0.768,0.836,0.074,0.283,0.449
0.342,0.458,0.883,0.768,0.835,0.074,0.283,0.449
0.341,0.457,0.883,0.768,0.835,0.074,0.283,0.449
0.341,0.457,0.883,0.768,0.835,0.074,0.283,0.448
0.341,0.457,0.883,0.767,0.834,0.074,0.283,0.448
0.341,0.457,0.882,0.767,0.834,0.074,0.283,0.448
0.341,0.457,0.882,0.767,0.834,0.074,0.283,0.448
0.34,0.457,0.882,0.767,0.834,0.074,0.283,0.448
0.341,0.457,0.881,0.767,0.834,0.074,0.283,0.448
0.34,0.456,0.881,0.766,0.833,0.074,0.283,0.447
0.34,0.456,0.881,0.766,0.833,0.074,0.283,0.447
0.34,0.456,0.88,0.765,0.833,0.074,0.283,0.447
0.34,0.456,0.88,0.765,0.833,0.074,0.283,0.447
0.34,0.456,0.88,0.765,0.832,0.074,0.283,0.447
0.34,0.456,0.879,0.764,0.832,0.074,0.282,0.447
0.339,0.456,0.879,0.764,0.832,0.074,0.282,0.447
0.339,0.456,0.879,0.764,0.832,0.074,0.282,0.447
0.339,0.456,0.878,0.764,0.831,0.074,0.282,0.447
0.339,0.456,0.878,0.764,0.831,0.074,0.282,0.446
0.339,0.456,0.878,0.763,0.831,0.074,0.282,0.446
0.339,0.456,0.877,0.763,0.831,0.074,0.282,0.446
0.339,0.455,0.877,0.763,0.83,0.074,0.282,0.446
0.339,0.455,0.877,0.762,0.83,0.074,0.282,0.446
0.338,0.455,0.876,0.762,0.83,0.074,0.282,0.445
0.338,0.455,0.876,0.762,0.83,0.074,0.282,0.445
0.338,0.455,0.876,0.762,0.829,0.074,0.282,0.445
0.338,0.455,0.875,0.761,0.829,0.073,0.282,0.445
0.338,0.455,0.875,0.761,0.829,0.074,0.281,0.445
0.338,0.454,0.875,0.761,0.829,0.074,0.281,0.445
0.338,0.454,0.874,0.761,0.829,0.073,0.282,0.444
0.337,0.454,0.874,0.76,0.828,0.073,0.281,0.444
0.337,0.454,0.874,0.76,0.828,0.073,0.281,0.444
0.337,0.454,0.873,0.76,0.828,0.074,0.281,0.444
0.337,0.454,0.873,0.759,0.828,0.073,0.281,0.444
0.337,0.454,0.873,0.759,0.827,0.073,0.281,0.444
0.337,0.454,0.872,0.759,0.827,0.073,0.281,0.443
0.337,0.454,0.872,0.759,0.827,0.073,0.281,0.443
0.336,0.454,0.872,0.759,0.827,0.073,0.281,0.443
0.336,0.454,0.871,0.758,0.827,0.073,0.281,0.443
0.336,0.454,0.871,0.758,0.826,0.073,0.281,0.443
0.336,0.453,0.871,0.758,0.826,0.073,0.281,0.443
0.336,0.453,0.871,0.757,0.826,0.073,0.281,0.443
0.336,0.453,0.87,0.757,0.826,0.073,0.281,0.443
0.336,0.453,0.87,0.757,0.826,0.073,0.281,0.442
0.336,0.453,0.869,0.757,0.825,0.073,0.28,0.442
0.335,0.453,0.869,0.757,0.825,0.073,0.28,0.442
0.335,0.453,0.869,0.756,0.825,0.073,0.28,0.442
0.335,0.452,0.868,0.756,0.824,0.073,0.28,0.442
0.335,0.452,0.868,0.756,0.824,0.073,0.28,0.442
0.335,0.452,0.868,0.755,0.824,0.073,0.28,0.441
0.335,0.452,0.867,0.755,0.823,0.073,0.28,0.441
0.335,0.452,0.867,0.755,0.823,0.073,0.28,0.441
0.334,0.452,0.866,0.754,0.823,0.073,0.28,0.441
0.334,0.452,0.866,0.754,0.823,0.073,0.28,0.441
0.334,0.451,0.866,0.754,0.822,0.073,0.28,0.441
0.334,0.451,0.865,0.754,0.822,0.073,0.28,0.441
0.334,0.451,0.865,0.754,0.822,0.073,0.279,0.44
0.334,0.451,0.865,0.754,0.822,0.073,0.279,0.44
0.334,0.451,0.865,0.753,0.821,0.073,0.279,0.44
0.333,0.451,0.864,0.753,0.821,0.073,0.279,0.44
0.333,0.451,0.864,0.753,0.821,0.073,0.279,0.44
0.333,0.451,0.864,0.753,0.821,0.073,0.279,0.44
0.333,0.451,0.863,0.753,0.821,0.073,0.279,0.44
0.333,0.45,0.863,0.753,0.82,0.073,0.279,0.439
0.333,0.45,0.863,0.753,0.82,0.073,0.279,0.439
0.333,0.45,0.862,0.752,0.82,0.073,0.279,0.439
0.333,0.45,0.862,0.752,0.82,0.073,0.279,0.439
0.332,0.45,0.862,0.752,0.82,0.073,0.279,0.439
0.332,0.45,0.862,0.752,0.82,0.073,0.279,0.439
0.332,0.45,0.861,0.752,0.819,0.073,0.279,0.439
0.332,0.45,0.861,0.751,0.819,0.073,0.279,0.438
0.332,0.449,0.86,0.751,0.819,0.073,0.278,0.438
0.332,0.449,0.86,0.751,0.818,0.073,0.279,0.438
0.332,0.449,0.86,0.751,0.818,0.073,0.278,0.438
0.332,0.449,0.86,0.751,0.818,0.073,0.278,0.438
0.331,0.449,0.859,0.75,0.818,0.073,0.278,0.438
0.331,0.449,0.859,0.75,0.818,0.073,0.278,0.437
0.331,0.448,0.859,0.75,0.817,0.073,0.278,0.437
0.331,0.448,0.858,0.749,0.817,0.073,0.278,0.437
0.331,0.448,0.858,0.75,0.817,0.073,0.278,0.437
0.331,0.448,0.858,0.749,0.817,0.073,0.278,0.437
0.331,0.448,0.858,0.749,0.817,0.073,0.278,0.437
0.331,0.448,0.857,0.749,0.816,0.073,0.278,0.436
0.331,0.448,0.857,0.748,0.816,0.073,0.278,0.436
0.33,0.447,0.857,0.748,0.816,0.073,0.278,0.436
0.33,0.447,0.856,0.748,0.816,0.073,0.278,0.436
0.33,0.447,0.856,0.748,0.816,0.073,0.278,0.436
0.33,0.447,0.856,0.748,0.815,0.073,0.277,0.436
0.33,0.447,0.855,0.747,0.815,0.073,0.278,0.436
0.33,0.447,0.855,0.747,0.815,0.073,0.277,0.436
0.33,0.447,0.855,0.747,0.814,0.073,0.277,0.435
0.33,0.447,0.855,0.747,0.814,0.072,0.277,0.435
0.329,0.446,0.854,0.747,0.814,0.072,0.277,0.435
0.329,0.446,0.854,0.747,0.814,0.072,0.277,0.435
0.329,0.446,0.854,0.746,0.814,0.072,0.277,0.435
0.329,0.446,0.853,0.746,0.813,0.073,0.277,0.435
0.329,0.446,0.853,0.746,0.813,0.073,0.277,0.435
0.329,0.446,0.853,0.746,0.813,0.072,0.277,0.434
0.329,0.446,0.852,0.745,0.813,0.073,0.277,0.434
0.329,0.446,0.852,0.745,0.813,0.072,0.277,0.434
0.329,0.446,0.852,0.745,0.813,0.072,0.277,0.434
0.328,0.446,0.852,0.745,0.812,0.072,0.277,0.434
0.328,0.446,0.851,0.744,0.812,0.072,0.277,0.434
0.328,0.446,0.851,0.744,0.812,0.072,0.277,0.434
0.328,0.446,0.851,0.744,0.812,0.073,0.276,0.434
0.328,0.446,0.851,0.744,0.812,0.072,0.277,0.434
0.328,0.445,0.85,0.744,0.811,0.072,0.277,0.433
0.328,0.445,0.85,0.744,0.811,0.072,0.276,0.433
0.328,0.445,0.85,0.743,0.811,0.072,0.276,0.433
0.328,0.445,0.849,0.743,0.811,0.072,0.276,0.433
0.327,0.445,0.849,0.743,0.811,0.072,0.276,0.433
0.327,0.445,0.849,0.743,0.81,0.072,0.276,0.433
0.327,0.445,0.849,0.743,0.81,0.072,0.276,0.433
0.327,0.445,0.849,0.742,0.81,0.072,0.276,0.433
0.327,0.445,0.848,0.742,0.81,0.072,0.276,0.433
0.327,0.445,0.848,0.742,0.81,0.072,0.276,0.433
0.327,0.445,0.848,0.742,0.81,0.072,0.276,0.432
0.327,0.445,0.848,0.741,0.809,0.072,0.276,0.432
0.327,0.445,0.847,0.741,0.809,0.072,0.276,0.432
0.327,0.445,0.847,0.741,0.809,0.072,0.276,0.432
0.327,0.445,0.847,0.741,0.809,0.072,0.276,0.432
0.326,0.445,0.847,0.741,0.809,0.072,0.276,0.432
0.326,0.445,0.846,0.74,0.809,0.072,0.276,0.432
0.326,0.445,0.846,0.74,0.808,0.072,0.276,0.432
0.326,0.445,0.846,0.74,0.808,0.072,0.276,0.432
0.326,0.445,0.846,0.74,0.808,0.072,0.276,0.431
0.326,0.445,0.845,0.74,0.808,0.072,0.275,0.431
0.326,0.445,0.845,0.74,0.808,0.072,0.275,0.431
0.326,0.445,0.845,0.74,0.808,0.072,0.275,0.431
0.326,0.445,0.845,0.739,0.807,0.072,0.275,0.431
0.326,0.445,0.845,0.739,0.807,0.072,0.275,0.431
0.325,0.445,0.844,0.739,0.807,0.072,0.275,0.431
0.325,0.444,0.844,0.739,0.807,0.072,0.275,0.431
0.325,0.444,0.844,0.739,0.807,0.072,0.275,0.431
0.325,0.444,0.844,0.738,0.807,0.072,0.275,0.431
0.325,0.444,0.843,0.738,0.806,0.072,0.275,0.43
0.325,0.444,0.843,0.738,0.806,0.072,0.275,0.43
0.325,0.444,0.843,0.738,0.806,0.072,0.275,0.43
0.325,0.444,0.843,0.738,0.806,0.072,0.275,0.43
0.325,0.444,0.842,0.737,0.805,0.072,0.275,0.43
0.325,0.444,0.842,0.737,0.805,0.072,0.275,0.43
0.325,0.444,0.842,0.737,0.805,0.072,0.275,0.43
0.324,0.444,0.842,0.737,0.805,0.072,0.275,0.43
0.324,0.444,0.841,0.737,0.805,0.072,0.275,0.43
0.324,0.444,0.841,0.737,0.805,0.072,0.275,0.43
0.324,0.444,0.841,0.737,0.805,0.072,0.275,0.43
0.324,0.444,0.841,0.737,0.804,0.072,0.275,0.429
0.324,0.444,0.84,0.736,0.804,0.072,0.275,0.429
0.324,0.443,0.84,0.736,0.804,0.072,0.275,0.429
0.324,0.443,0.84,0.736,0.804,0.072,0.274,0.429
0.324,0.443,0.84,0.736,0.804,0.072,0.274,0.429
0.324,0.443,0.839,0.736,0.804,0.072,0.274,0.429
0.324,0.443,0.839,0.736,0.803,0.072,0.274,0.429
0.324,0.443,0.839,0.735,0.803,0.072,0.274,0.428
0.323,0.443,0.839,0.735,0.803,0.072,0.274,0.428
0.323,0.443,0.838,0.735,0.803,0.072,0.274,0.428
0.323,0.443,0.838,0.735,0.803,0.072,0.274,0.428
0.323,0.443,0.838,0.735,0.803,0.072,0.274,0.428
0.323,0.443,0.838,0.734,0.802,0.072,0.274,0.428
0.323,0.443,0.838,0.734,0.802,0.072,0.274,0.428
0.323,0.443,0.837,0.734,0.802,0.072,0.274,0.428
0.322,0.443,0.837,0.734,0.802,0.072,0.274,0.428
0.323,0.443,0.837,0.734,0.802,0.072,0.274,0.427
0.323,0.443,0.837,0.733,0.802,0.072,0.274,0.427
0.323,0.443,0.836,0.733,0.801,0.072,0.274,0.427
0.322,0.443,0.836,0.733,0.801,0.072,0.274,0.427
0.322,0.442,0.836,0.733,0.801,0.072,0.274,0.427
0.322,0.442,0.836,0.733,0.801,0.072,0.274,0.427
0.322,0.442,0.836,0.733,0.801,0.072,0.274,0.427
0.322,0.442,0.835,0.732,0.801,0.072,0.274,0.427
0.322,0.442,0.835,0.732,0.8,0.072,0.274,0.427
0.322,0.442,0.835,0.732,0.8,0.072,0.273,0.427
0.322,0.442,0.835,0.732,0.8,0.072,0.274,0.426
0.322,0.442,0.834,0.732,0.8,0.072,0.273,0.426
0.321,0.442,0.834,0.731,0.8,0.072,0.273,0.426
0.321,0.442,0.834,0.731,0.799,0.072,0.273,0.426
0.321,0.442,0.834,0.731,0.799,0.072,0.273,0.426
0.321,0.442,0.833,0.731,0.799,0.072,0.273,0.426
0.321,0.442,0.833,0.731,0.799,0.072,0.273,0.426
0.321,0.442,0.833,0.73,0.799,0.072,0.273,0.426
0.321,0.442,0.833,0.73,0.799,0.072,0.273,0.426
0.321,0.442,0.832,0.73,0.798,0.072,0.273,0.426
0.321,0.442,0.832,0.73,0.798,0.072,0.273,0.426
0.321,0.441,0.832,0.729,0.798,0.072,0.273,0.425
0.321,0.441,0.832,0.729,0.798,0.072,0.273,0.425
0.32,0.441,0.832,0.729,0.798,0.072,0.273,0.425
0.32,0.441,0.831,0.729,0.798,0.072,0.273,0.425
0.32,0.441,0.831,0.729,0.797,0.072,0.273,0.425
0.32,0.441,0.831,0.729,0.797,0.072,0.273,0.425
0.32,0.441,0.831,0.729,0.797,0.072,0.273,0.425
0.32,0.441,0.83,0.728,0.797,0.072,0.273,0.425
0.32,0.441,0.83,0.728,0.797,0.072,0.272,0.425
0.32,0.44,0.83,0.728,0.797,0.072,0.273,0.424
0.32,0.44,0.83,0.728,0.796,0.072,0.272,0.424
0.32,0.44,0.829,0.727,0.796,0.072,0.273,0.424
0.319,0.44,0.829,0.727,0.796,0.072,0.272,0.424
0.32,0.44,0.829,0.727,0.796,0.072,0.272,0.424
0.319,0.44,0.829,0.727,0.796,0.072,0.272,0.424
0.319,0.44,0.828,0.727,0.796,0.072,0.272,0.424
0.319,0.44,0.828,0.727,0.796,0.072,0.272,0.424
0.319,0.44,0.828,0.726,0.795,0.071,0.272,0.424
0.319,0.44,0.828,0.726,0.795,0.072,0.272,0.424
0.319,0.439,0.827,0.726,0.795,0.072,0.272,0.423
0.319,0.439,0.827,0.726,0.795,0.072,0.272,0.423
0.319,0.439,0.827,0.726,0.795,0.072,0.272,0.423
0.319,0.439,0.827,0.725,0.795,0.071,0.272,0.423
0.318,0.439,0.826,0.725,0.794,0.071,0.272,0.423
0.318,0.439,0.826,0.725,0.794,0.072,0.272,0.423
0.318,0.439,0.826,0.725,0.794,0.071,0.272,0.423
0.318,0.439,0.826,0.725,0.794,0.071,0.272,0.423
0.318,0.439,0.825,0.725,0.794,0.071,0.272,0.423
0.318,0.439,0.825,0.724,0.794,0.071,0.272,0.422
0.318,0.438,0.825,0.724,0.793,0.071,0.271,0.422
0.318,0.439,0.825,0.724,0.793,0.071,0.272,0.422
0.318,0.438,0.825,0.724,0.793,0.071,0.272,0.422
0.318,0.438,0.824,0.723,0.793,0.071,0.271,0.422
0.317,0.438,0.824,0.723,0.793,0.071,0.271,0.422
0.317,0.438,0.824,0.723,0.792,0.071,0.271,0.422
0.317,0.438,0.824,0.723,0.792,0.071,0.271,0.422
0.317,0.438,0.823,0.723,0.792,0.071,0.271,0.422
0.317,0.438,0.823,0.722,0.792,0.071,0.271,0.422
0.317,0.437,0.823,0.722,0.792,0.071,0.271,0.421
0.317,0.437,0.823,0.722,0.792,0.071,0.271,0.421
0.317,0.437,0.822,0.722,0.791,0.071,0.271,0.421
0.317,0.437,0.822,0.721,0.791,0.071,0.271,0.421
0.317,0.437,0.822,0.722,0.791,0.071,0.271,0.421
0.317,0.437,0.821,0.721,0.791,0.071,0.271,0.421
0.316,0.437,0.821,0.721,0.791,0.071,0.271,0.421
0.316,0.437,0.821,0.721,0.79,0.071,0.271,0.421
0.316,0.436,0.821,0.721,0.79,0.071,0.271,0.421
0.316,0.436,0.82,0.72,0.79,0.071,0.271,0.42
0.316,0.436,0.82,0.72,0.79,0.071,0.271,0.42
0.316,0.436,0.82,0.72,0.79,0.071,0.271,0.42
0.316,0.436,0.82,0.72,0.79,0.071,0.27,0.42
0.316,0.436,0.819,0.72,0.789,0.071,0.271,0.42
0.316,0.436,0.819,0.72,0.789,0.071,0.27,0.42
0.316,0.436,0.819,0.72,0.789,0.071,0.27,0.42
0.315,0.436,0.819,0.719,0.789,0.071,0.27,0.42
0.315,0.436,0.818,0.719,0.789,0.071,0.27,0.419
0.315,0.436,0.818,0.719,0.789,0.071,0.27,0.419
0.315,0.435,0.818,0.719,0.788,0.071,0.27,0.419
0.315,0.435,0.818,0.718,0.788,0.071,0.27,0.419
0.315,0.435,0.817,0.718,0.788,0.071,0.27,0.419
0.315,0.435,0.817,0.718,0.788,0.071,0.27,0.419
0.315,0.435,0.817,0.718,0.788,0.071,0.27,0.419
0.315,0.435,0.817,0.718,0.787,0.071,0.27,0.419
0.315,0.435,0.816,0.718,0.787,0.071,0.27,0.419
0.314,0.435,0.816,0.718,0.787,0.071,0.27,0.418
0.314,0.434,0.816,0.717,0.787,0.071,0.27,0.418
0.314,0.434,0.816,0.717,0.787,0.071,0.27,0.418
0.314,0.434,0.816,0.717,0.787,0.071,0.27,0.418
0.314,0.434,0.815,0.717,0.786,0.071,0.269,0.418
0.314,0.434,0.815,0.717,0.786,0.071,0.269,0.418
0.314,0.434,0.815,0.717,0.786,0.071,0.269,0.418
0.314,0.434,0.815,0.716,0.786,0.071,0.269,0.418
0.314,0.434,0.814,0.716,0.785,0.071,0.269,0.417
0.314,0.434,0.814,0.716,0.785,0.071,0.269,0.418
0.314,0.433,0.814,0.716,0.785,0.071,0.269,0.417
0.313,0.433,0.813,0.716,0.785,0.071,0.269,0.417
0.313,0.433,0.813,0.716,0.785,0.071,0.269,0.417
0.313,0.433,0.813,0.715,0.785,0.071,0.269,0.417
0.313,0.433,0.813,0.715,0.784,0.071,0.269,0.417
0.313,0.433,0.812,0.715,0.784,0.071,0.269,0.417
0.313,0.433,0.812,0.715,0.784,0.071,0.269,0.417
0.313,0.433,0.812,0.714,0.784,0.071,0.269,0.417
0.313,0.432,0.812,0.714,0.784,0.071,0.269,0.416
0.313,0.432,0.812,0.714,0.784,0.071,0.269,0.416
0.313,0.432,0.811,0.714,0.783,0.071,0.269,0.416
0.313,0.432,0.811,0.714,0.783,0.071,0.269,0.416
0.313,0.432,0.811,0.714,0.783,0.071,0.268,0.416
0.313,0.432,0.811,0.713,0.783,0.071,0.269,0.416
0.312,0.432,0.81,0.713,0.783,0.071,0.269,0.416
0.312,0.432,0.81,0.713,0.783,0.071,0.268,0.416
0.312,0.432,0.81,0.713,0.782,0.071,0.268,0.415
0.312,0.432,0.81,0.713,0.782,0.071,0.268,0.415
0.312,0.432,0.809,0.712,0.782,0.071,0.268,0.415
0.312,0.431,0.809,0.712,0.782,0.071,0.268,0.415
0.312,0.431,0.809,0.712,0.782,0.071,0.268,0.415
0.312,0.431,0.809,0.712,0.781,0.071,0.268,0.415
0.312,0.431,0.809,0.712,0.781,0.071,0.268,0.415
0.312,0.431,0.808,0.712,0.781,0.071,0.268,0.414
0.311,0.431,0.808,0.712,0.781,0.071,0.268,0.414
0.312,0.431,0.808,0.711,0.781,0.071,0.268,0.414
0.311,0.431,0.808,0.711,0.781,0.071,0.268,0.414
0.311,0.431,0.807,0.711,0.78,0.071,0.268,0.414
0.311,0.431,0.807,0.711,0.78,0.071,0.268,0.414
0.311,0.431,0.807,0.71,0.78,0.071,0.268,0.413
0.311,0.431,0.807,0.71,0.78,0.071,0.268,0.413
0.311,0.431,0.806,0.71,0.78,0.071,0.268,0.413
0.311,0.43,0.806,0.71,0.779,0.071,0.268,0.413
0.311,0.431,0.806,0.71,0.779,0.071,0.268,0.413
0.311,0.431,0.806,0.71,0.779,0.071,0.268,0.413
0.31,0.43,0.806,0.709,0.779,0.071,0.267,0.412
0.31,0.43,0.805,0.709,0.779,0.07,0.268,0.412
0.31,0.43,0.805,0.709,0.778,0.071,0.268,0.412
0.31,0.43,0.805,0.709,0.778,0.071,0.267,0.412
0.31,0.43,0.805,0.709,0.778,0.071,0.267,0.412
0.31,0.43,0.804,0.709,0.778,0.071,0.267,0.412
0.31,0.43,0.804,0.708,0.777,0.071,0.267,0.412
0.31,0.43,0.804,0.708,0.777,0.071,0.267,0.412
0.31,0.43,0.804,0.708,0.777,0.071,0.267,0.412
0.31,0.43,0.804,0.708,0.777,0.071,0.267,0.412
0.31,0.43,0.803,0.708,0.777,0.071,0.267,0.411
0.31,0.43,0.803,0.708,0.777,0.071,0.267,0.411
0.31,0.43,0.803,0.708,0.777,0.071,0.267,0.411
0.31,0.43,0.803,0.707,0.776,0.071,0.267,0.411
0.31,0.43,0.802,0.707,0.776,0.07,0.267,0.411
0.309,0.43,0.802,0.707,0.776,0.07,0.267,0.411
0.309,0.429,0.802,0.707,0.776,0.07,0.267,0.411
0.309,0.429,0.802,0.707,0.776,0.07,0.267,0.411
0.309,0.429,0.802,0.707,0.776,0.07,0.267,0.411
0.309,0.429,0.801,0.707,0.775,0.07,0.267,0.411
0.309,0.429,0.801,0.706,0.775,0.07,0.266,0.411
0.309,0.428,0.801,0.706,0.775,0.07,0.266,0.411
0.309,0.428,0.801,0.706,0.775,0.07,0.266,0.411
0.309,0.428,0.8,0.706,0.775,0.07,0.266,0.411
0.308,0.428,0.8,0.706,0.774,0.07,0.266,0.411
0.308,0.428,0.8,0.706,0.774,0.07,0.266,0.411
0.308,0.428,0.8,0.706,0.774,0.07,0.266,0.411
0.308,0.428,0.8,0.706,0.774,0.07,0.266,0.41
0.308,0.428,0.799,0.705,0.774,0.07,0.266,0.41
0.308,0.428,0.799,0.705,0.774,0.07,0.266,0.41
0.308,0.428,0.799,0.705,0.773,0.07,0.266,0.41
0.308,0.428,0.799,0.705,0.773,0.07,0.266,0.41
0.308,0.428,0.798,0.705,0.773,0.07,0.266,0.41
0.308,0.428,0.798,0.705,0.773,0.07,0.266,0.41
0.308,0.427,0.798,0.704,0.773,0.07,0.266,0.41
0.308,0.427,0.798,0.704,0.773,0.07,0.266,0.41
0.308,0.427,0.797,0.704,0.773,0.07,0.266,0.41
0.307,0.427,0.797,0.704,0.773,0.07,0.266,0.41
0.307,0.427,0.797,0.704,0.772,0.07,0.266,0.409
0.307,0.427,0.797,0.704,0.772,0.07,0.266,0.409
0.307,0.427,0.797,0.704,0.772,0.07,0.266,0.409
0.307,0.427,0.796,0.703,0.772,0.07,0.266,0.409
0.307,0.427,0.796,0.703,0.772,0.07,0.265,0.409
0.307,0.426,0.796,0.703,0.772,0.07,0.265,0.409
0.307,0.426,0.796,0.703,0.772,0.07,0.265,0.409
0.307,0.426,0.795,0.703,0.771,0.07,0.265,0.409
0.307,0.426,0.795,0.702,0.771,0.07,0.265,0.408
0.307,0.426,0.795,0.702,0.771,0.07,0.265,0.408
0.306,0.426,0.795,0.702,0.771,0.07,0.265,0.408
0.306,0.426,0.795,0.702,0.771,0.07,0.265,0.408
0.306,0.426,0.794,0.702,0.771,0.07,0.265,0.408
0.306,0.426,0.794,0.702,0.77,0.07,0.265,0.408
0.306,0.426,0.794,0.702,0.77,0.07,0.265,0.408
0.306,0.426,0.794,0.701,0.77,0.07,0.265,0.408
0.306,0.426,0.793,0.701,0.77,0.07,0.265,0.408
0.306,0.426,0.793,0.701,0.77,0.07,0.265,0.407
0.306,0.426,0.793,0.701,0.77,0.07,0.265,0.407
0.306,0.426,0.793,0.701,0.77,0.07,0.265,0.407
0.306,0.426,0.792,0.701,0.77,0.07,0.265,0.407
0.305,0.426,0.792,0.701,0.769,0.07,0.265,0.407
0.305,0.426,0.792,0.701,0.769,0.07,0.265,0.407
0.305,0.426,0.792,0.701,0.769,0.07,0.264,0.407
0.305,0.426,0.792,0.7,0.769,0.07,0.265,0.407
0.305,0.426,0.791,0.7,0.769,0.07,0.264,0.407
0.305,0.426,0.791,0.7,0.769,0.07,0.264,0.407
0.305,0.425,0.791,0.7,0.768,0.07,0.264,0.407
0.305,0.425,0.791,0.7,0.768,0.07,0.264,0.407
0.305,0.425,0.79,0.7,0.768,0.07,0.264,0.407
0.305,0.425,0.79,0.7,0.768,0.07,0.264,0.407
0.305,0.425,0.79,0.7,0.768,0.07,0.264,0.407
0.305,0.425,0.79,0.699,0.768,0.07,0.264,0.407
0.304,0.425,0.79,0.699,0.768,0.07,0.264,0.406
0.304,0.425,0.789,0.699,0.768,0.07,0.264,0.406
0.304,0.425,0.789,0.699,0.768,0.07,0.264,0.406
0.304,0.425,0.789,0.699,0.767,0.07,0.264,0.406
0.304,0.425,0.789,0.699,0.767,0.07,0.264,0.406
0.304,0.425,0.789,0.699,0.767,0.07,0.264,0.406
0.304,0.425,0.788,0.699,0.767,0.07,0.264,0.406
0.304,0.425,0.788,0.698,0.767,0.07,0.263,0.406
0.304,0.424,0.788,0.698,0.767,0.07,0.264,0.406
0.304,0.424,0.788,0.698,0.766,0.07,0.263,0.406
0.304,0.424,0.787,0.698,0.766,0.07,0.264,0.406
0.304,0.424,0.787,0.698,0.766,0.07,0.263,0.406
0.304,0.424,0.787,0.698,0.766,0.07,0.263,0.406
0.303,0.424,0.787,0.697,0.766,0.07,0.263,0.406
0.303,0.424,0.786,0.697,0.766,0.07,0.263,0.406
0.303,0.424,0.786,0.697,0.766,0.07,0.263,0.406
0.303,0.424,0.786,0.697,0.765,0.07,0.263,0.405
0.303,0.424,0.786,0.697,0.765,0.07,0.263,0.405
0.303,0.423,0.785,0.696,0.765,0.07,0.263,0.405
0.303,0.423,0.785,0.696,0.765,0.07,0.263,0.405
0.303,0.423,0.785,0.696,0.765,0.07,0.263,0.405
0.303,0.423,0.785,0.696,0.764,0.07,0.263,0.405
0.303,0.423,0.784,0.696,0.764,0.069,0.263,0.405
0.302,0.423,0.784,0.695,0.764,0.07,0.263,0.405
0.302,0.423,0.784,0.695,0.764,0.07,0.263,0.404
0.302,0.423,0.784,0.695,0.764,0.07,0.263,0.404
0.302,0.423,0.784,0.695,0.764,0.07,0.262,0.404
0.302,0.423,0.783,0.695,0.764,0.07,0.263,0.404
0.302,0.422,0.783,0.695,0.763,0.07,0.262,0.404
0.302,0.422,0.783,0.694,0.763,0.069,0.263,0.404
0.302,0.422,0.783,0.694,0.763,0.069,0.262,0.404
0.302,0.422,0.782,0.694,0.763,0.069,0.262,0.404
0.302,0.422,0.782,0.694,0.763,0.07,0.262,0.404
0.302,0.422,0.782,0.694,0.762,0.069,0.262,0.403
0.302,0.422,0.782,0.694,0.762,0.069,0.262,0.403
0.301,0.422,0.782,0.694,0.762,0.07,0.262,0.403
0.301,0.422,0.781,0.693,0.762,0.07,0.262,0.403
0.301,0.422,0.781,0.693,0.762,0.069,0.262,0.403
0.301,0.422,0.781,0.693,0.762,0.069,0.262,0.403
0.301,0.422,0.781,0.693,0.762,0.069,0.262,0.403
0.301,0.422,0.78,0.693,0.762,0.069,0.262,0.403
0.301,0.422,0.78,0.693,0.761,0.069,0.262,0.403
0.301,0.421,0.78,0.693,0.761,0.069,0.262,0.403
0.301,0.421,0.779,0.693,0.761,0.069,0.262,0.403
0.301,0.421,0.779,0.693,0.761,0.069,0.262,0.403
0.301,0.421,0.779,0.692,0.761,0.069,0.261,0.402
0.3,0.421,0.779,0.692,0.76,0.069,0.261,0.402
0.3,0.421,0.778,0.692,0.76,0.069,0.261,0.402
0.3,0.421,0.778,0.692,0.76,0.069,0.261,0.402
0.3,0.42,0.778,0.691,0.76,0.069,0.261,0.402
0.3,0.42,0.778,0.691,0.76,0.069,0.261,0.402
0.3,0.42,0.778,0.691,0.76,0.069,0.261,0.402
0.3,0.42,0.777,0.69,0.759,0.069,0.261,0.402
0.3,0.42,0.777,0.69,0.759,0.069,0.261,0.401
0.299,0.42,0.777,0.69,0.759,0.069,0.261,0.401
0.299,0.42,0.776,0.69,0.759,0.069,0.261,0.401
0.299,0.42,0.776,0.69,0.758,0.069,0.261,0.401
0.299,0.42,0.776,0.69,0.758,0.069,0.261,0.401
0.299,0.42,0.775,0.689,0.758,0.069,0.261,0.401
0.299,0.42,0.775,0.689,0.757,0.069,0.26,0.4
0.299,0.42,0.775,0.689,0.757,0.069,0.26,0.4
0.299,0.42,0.775,0.688,0.757,0.069,0.26,0.4
0.299,0.42,0.774,0.688,0.756,0.069,0.26,0.4
0.299,0.42,0.774,0.688,0.756,0.069,0.26,0.4
0.299,0.419,0.774,0.687,0.756,0.069,0.26,0.4
0.298,0.419,0.773,0.687,0.755,0.069,0.26,0.399
0.298,0.419,0.773,0.686,0.755,0.069,0.26,0.399
0.298,0.419,0.773,0.686,0.755,0.069,0.26,0.399
0.298,0.418,0.773,0.685,0.755,0.069,0.26,0.399
0.298,0.418,0.772,0.685,0.754,0.069,0.26,0.399
0.298,0.418,0.772,0.685,0.754,0.069,0.26,0.399
0.298,0.418,0.772,0.684,0.754,0.069,0.26,0.398
0.298,0.418,0.772,0.684,0.754,0.069,0.26,0.398
0.298,0.417,0.771,0.684,0.753,0.069,0.26,0.398
0.297,0.417,0.771,0.684,0.753,0.069,0.26,0.398
0.297,0.417,0.771,0.683,0.753,0.069,0.26,0.398
0.297,0.417,0.77,0.683,0.753,0.069,0.26,0.398
0.297,0.416,0.77,0.683,0.752,0.069,0.26,0.398
0.297,0.416,0.77,0.682,0.752,0.069,0.26,0.397
0.297,0.416,0.77,0.682,0.752,0.069,0.26,0.397
0.297,0.415,0.77,0.681,0.752,0.069,0.259,0.397
0.297,0.415,0.769,0.681,0.751,0.069,0.259,0.397
0.297,0.415,0.769,0.681,0.751,0.069,0.259,0.397
0.297,0.414,0.769,0.68,0.751,0.069,0.259,0.396
0.297,0.414,0.769,0.68,0.75,0.069,0.259,0.396
0.296,0.414,0.768,0.68,0.75,0.069,0.259,0.396
0.296,0.414,0.768,0.679,0.75,0.069,0.259,0.396
0.296,0.413,0.768,0.679,0.749,0.069,0.259,0.396
0.296,0.413,0.768,0.678,0.749,0.069,0.259,0.396
0.296,0.413,0.767,0.678,0.749,0.069,0.259,0.395
0.296,0.413,0.767,0.678,0.748,0.069,0.259,0.395
0.296,0.412,0.767,0.678,0.748,0.069,0.259,0.395
0.296,0.412,0.767,0.677,0.748,0.069,0.259,0.395
0.296,0.412,0.767,0.677,0.747,0.069,0.259,0.395
0.296,0.411,0.766,0.676,0.747,0.069,0.259,0.394
0.296,0.411,0.766,0.676,0.747,0.069,0.259,0.394
0.296,0.411,0.766,0.676,0.746,0.069,0.259,0.394
0.296,0.41,0.766,0.675,0.746,0.069,0.259,0.394
0.295,0.41,0.765,0.675,0.746,0.069,0.259,0.394
0.295,0.41,0.765,0.675,0.746,0.069,0.259,0.394
0.295,0.41,0.765,0.674,0.745,0.069,0.259,0.393
0.295,0.409,0.765,0.674,0.745,0.069,0.258,0.393
0.295,0.409,0.765,0.674,0.745,0.069,0.259,0.393
0.295,0.409,0.764,0.673,0.744,0.069,0.259,0.393
0.295,0.408,0.764,0.673,0.744,0.068,0.259,0.393
0.294,0.408,0.764,0.673,0.744,0.068,0.259,0.392
0.294,0.408,0.764,0.672,0.743,0.069,0.259,0.392
0.295,0.408,0.764,0.672,0.743,0.068,0.258,0.392
0.294,0.407,0.763,0.672,0.743,0.068,0.258,0.392
0.294,0.407,0.763,0.671,0.742,0.068,0.258,0.391
0.294,0.407,0.763,0.671,0.742,0.068,0.258,0.391
0.294,0.406,0.763,0.671,0.742,0.068,0.258,0.391
0.294,0.406,0.762,0.67,0.741,0.069,0.258,0.391
0.294,0.406,0.762,0.67,0.741,0.068,0.258,0.391
0.294,0.406,0.762,0.67,0.741,0.068,0.258,0.39
0.293,0.405,0.761,0.669,0.74,0.068,0.258,0.39
0.293,0.405,0.761,0.669,0.74,0.068,0.258,0.39
0.293,0.405,0.761,0.668,0.74,0.068,0.258,0.39
0.293,0.404,0.761,0.668,0.739,0.068,0.258,0.389
0.293,0.404,0.76,0.668,0.739,0.068,0.258,0.389
0.293,0.404,0.76,0.667,0.739,0.068,0.258,0.389
0.293,0.403,0.76,0.667,0.739,0.068,0.258,0.389
0.293,0.403,0.76,0.667,0.738,0.068,0.258,0.389
0.293,0.403,0.76,0.666,0.738,0.068,0.258,0.388
0.293,0.403,0.759,0.666,0.738,0.068,0.258,0.388
0.293,0.403,0.759,0.666,0.737,0.068,0.258,0.388
0.292,0.402,0.759,0.666,0.737,0.068,0.258,0.388
0.292,0.402,0.758,0.665,0.737,0.068,0.258,0.388
0.293,0.402,0.759,0.665,0.737,0.068,0.258,0.388
0.292,0.402,0.758,0.665,0.736,0.068,0.258,0.387
0.292,0.402,0.758,0.665,0.736,0.068,0.258,0.387
0.292,0.401,0.758,0.664,0.736,0.068,0.258,0.387
0.292,0.401,0.758,0.664,0.735,0.068,0.258,0.387
0.292,0.401,0.757,0.664,0.735,0.068,0.257,0.387
0.292,0.401,0.757,0.663,0.735,0.068,0.257,0.387
0.292,0.4,0.757,0.663,0.735,0.068,0.257,0.386
0.292,0.4,0.757,0.663,0.734,0.068,0.257,0.386
0.291,0.4,0.757,0.662,0.734,0.068,0.257,0.386
0.291,0.4,0.756,0.662,0.734,0.068,0.257,0.386
0.291,0.4,0.756,0.662,0.734,0.068,0.257,0.386
0.291,0.399,0.756,0.662,0.733,0.068,0.257,0.386
0.291,0.399,0.756,0.661,0.733,0.068,0.257,0.386
0.291,0.399,0.755,0.661,0.732,0.068,0.257,0.385
0.291,0.399,0.755,0.66,0.732,0.068,0.257,0.385
0.291,0.398,0.755,0.66,0.732,0.068,0.257,0.385
