S1_S0302,S2_S0302,S3_S0302,S4_S0302,S5_S0302,S6_S0302,S7_S0302,S8_S0302
0.363,0.628,0.97,0.853,0.725,0.095,0.323,0.448
0.363,0.628,0.97,0.852,0.725,0.095,0.322,0.448
0.363,0.628,0.969,0.852,0.725,0.095,0.322,0.448
0.363,0.628,0.969,0.853,0.725,0.095,0.322,0.448
0.363,0.628,0.969,0.852,0.725,0.095,0.322,0.448
0.363,0.628,0.969,0.852,0.725,0.095,0.322,0.448
0.363,0.628,0.969,0.852,0.725,0.095,0.322,0.448
0.363,0.628,0.969,0.852,0.725,0.095,0.322,0.448
0.363,0.628,0.969,0.852,0.725,0.094,0.322,0.448
0.363,0.628,0.969,0.852,0.725,0.094,0.322,0.448
0.363,0.628,0.969,0.852,0.725,0.095,0.322,0.448
0.363,0.628,0.969,0.852,0.724,0.095,0.322,0.448
0.363,0.628,0.969,0.852,0.725,0.095,0.322,0.448
0.363,0.628,0.969,0.852,0.724,0.095,0.322,0.448
0.363,0.628,0.969,0.852,0.724,0.095,0.322,0.448
0.363,0.628,0.969,0.852,0.724,0.095,0.322,0.448
0.363,0.628,0.968,0.852,0.725,0.095,0.322,0.448
0.363,0.628,0.968,0.852,0.724,0.095,0.322,0.448
0.363,0.628,0.968,0.852,0.724,0.095,0.322,0.448
0.362,0.628,0.968,0.852,0.724,0.095,0.322,0.448
0.363,0.628,0.968,0.852,0.724,0.095,0.322,0.447
0.362,0.628,0.968,0.852,0.724,0.094,0.322,0.448
0.363,0.628,0.968,0.852,0.725,0.095,0.322,0.448
0.363,0.628,0.968,0.852,0.724,0.095,0.322,0.447
0.362,0.628,0.968,0.852,0.724,0.095,0.322,0.447
0.362,0.628,0.968,0.852,0.724,0.095,0.322,0.447
0.362,0.627,0.968,0.852,0.724,0.095,0.322,0.447
0.362,0.628,0.968,0.852,0.724,0.095,0.322,0.447
0.362,0.628,0.968,0.852,0.724,0.095,0.322,0.447
0.362,0.627,0.968,0.852,0.724,0.095,0.322,0.447
0.362,0.627,0.967,0.852,0.724,0.095,0.322,0.447
0.362,0.627,0.968,0.852,0.724,0.095,0.322,0.447
0.362,0.627,0.967,0.852,0.724,0.095,0.322,0.447
0.362,0.627,0.967,0.852,0.724,0.095,0.322,0.447
0.362,0.627,0.967,0.852,0.724,0.095,0.322,0.447
0.362,0.627,0.967,0.852,0.724,0.095,0.322,0.447
0.362,0.627,0.967,0.852,0.724,0.094,0.322,0.447
0.362,0.627,0.967,0.852,0.724,0.095,0.322,0.447
0.362,0.627,0.967,0.852,0.724,0.095,0.322,0.447
0.362,0.627,0.967,0.852,0.724,0.095,0.322,0.447
0.362,0.627,0.967,0.852,0.724,0.094,0.322,0.447
0.362,0.627,0.967,0.852,0.724,0.095,0.322,0.447
0.362,0.627,0.967,0.852,0.724,0.095,0.322,0.447
0.362,0.627,0.967,0.852,0.724,0.094,0.322,0.447
0.362,0.627,0.967,0.852,0.724,0.095,0.322,0.447
0.362,0.627,0.967,0.852,0.724,0.095,0.322,0.447
0.362,0.627,0.966,0.852,0.724,0.095,0.322,0.447
0.362,0.627,0.966,0.852,0.724,0.094,0.322,0.447
0.362,0.627,0.966,0.852,0.724,0.094,0.322,0.447
0.362,0.627,0.966,0.852,0.724,0.094,0.321,0.447
0.362,0.627,0.966,0.852,0.724,0.095,0.322,0.447
0.362,0.627,0.966,0.852,0.724,0.094,0.321,0.447
0.362,0.627,0.966,0.852,0.724,0.094,0.321,0.447
0.362,0.627,0.966,0.852,0.724,0.095,0.321,0.447
0.362,0.627,0.966,0.852,0.724,0.094,0.321,0.447
0.362,0.627,0.966,0.851,0.724,0.095,0.321,0.447
0.362,0.627,0.966,0.852,0.724,0.094,0.321,0.447
0.362,0.627,0.966,0.851,0.724,0.094,0.321,0.447
0.362,0.627,0.966,0.851,0.724,0.094,0.321,0.447
0.362,0.627,0.966,0.852,0.724,0.094,0.321,0.447
0.362,0.627,0.966,0.851,0.724,0.094,0.321,0.446
0.362,0.627,0.966,0.852,0.724,0.095,0.321,0.446
0.362,0.627,0.966,0.851,0.724,0.095,0.321,0.446
0.362,0.627,0.965,0.851,0.724,0.094,0.321,0.447
0.362,0.627,0.965,0.851,0.724,0.094,0.321,0.447
0.362,0.627,0.965,0.851,0.724,0.095,0.321,0.446
0.361,0.627,0.965,0.851,0.724,0.095,0.321,0.446
0.361,0.627,0.965,0.851,0.724,0.095,0.321,0.446
0.362,0.627,0.965,0.851,0.724,0.094,0.321,0.446
0.361,0.627,0.965,0.851,0.724,0.094,0.321,0.446
0.361,0.627,0.965,0.851,0.724,0.095,0.321,0.446
0.361,0.627,0.965,0.851,0.724,0.094,0.321,0.446
0.361,0.626,0.965,0.851,0.724,0.094,0.321,0.446
0.361,0.626,0.965,0.851,0.724,0.094,0.321,0.446
0.361,0.627,0.965,0.851,0.724,0.095,0.321,0.446
0.361,0.626,0.965,0.851,0.724,0.095,0.321,0.446
0.361,0.627,0.965,0.851,0.724,0.094,0.321,0.446
0.361,0.626,0.964,0.851,0.724,0.094,0.321,0.446
0.361,0.626,0.964,0.851,0.724,0.094,0.321,0.446
0.361,0.626,0.964,0.851,0.724,0.094,0.321,0.446
0.361,0.626,0.964,0.851,0.724,0.094,0.321,0.446
0.361,0.626,0.964,0.851,0.724,0.094,0.321,0.446
0.361,0.626,0.964,0.851,0.724,0.094,0.321,0.446
0.361,0.626,0.964,0.851,0.724,0.094,0.321,0.446
0.361,0.626,0.964,0.85,0.724,0.094,0.321,0.446
0.361,0.626,0.964,0.85,0.724,0.095,0.321,0.446
0.361,0.626,0.964,0.85,0.724,0.094,0.321,0.446
0.361,0.626,0.964,0.85,0.724,0.094,0.321,0.446
0.361,0.626,0.964,0.85,0.724,0.095,0.321,0.446
0.361,0.626,0.964,0.85,0.724,0.095,0.321,0.446
0.361,0.626,0.964,0.85,0.723,0.094,0.321,0.446
0.361,0.626,0.964,0.85,0.724,0.094,0.321,0.446
0.361,0.626,0.964,0.85,0.724,0.094,0.321,0.446
0.361,0.626,0.963,0.849,0.723,0.094,0.321,0.446
0.361,0.626,0.963,0.849,0.723,0.095,0.321,0.446
0.361,0.626,0.963,0.849,0.723,0.094,0.321,0.446
0.361,0.625,0.963,0.849,0.723,0.094,0.321,0.446
0.361,0.625,0.963,0.849,0.723,0.094,0.321,0.446
0.361,0.625,0.963,0.849,0.723,0.094,0.321,0.446
0.361,0.625,0.963,0.849,0.723,0.094,0.321,0.446
0.361,0.625,0.963,0.849,0.723,0.094,0.321,0.446
0.361,0.625,0.963,0.849,0.723,0.094,0.32,0.446
0.361,0.625,0.963,0.849,0.723,0.094,0.321,0.446
0.361,0.625,0.963,0.849,0.723,0.094,0.32,0.446
0.361,0.625,0.963,0.849,0.723,0.094,0.32,0.446
0.361,0.625,0.962,0.849,0.723,0.094,0.32,0.446
0.361,0.625,0.962,0.849,0.723,0.094,0.32,0.446
0.36,0.625,0.962,0.849,0.723,0.094,0.32,0.446
0.36,0.625,0.962,0.849,0.723,0.094,0.32,0.446
0.36,0.625,0.962,0.85,0.723,0.094,0.32,0.445
0.36,0.625,0.962,0.85,0.723,0.094,0.32,0.445
0.36,0.625,0.962,0.85,0.724,0.094,0.32,0.446
0.36,0.626,0.962,0.85,0.724,0.094,0.32,0.446
0.36,0.629,0.962,0.851,0.724,0.094,0.32,0.447
0.36,0.634,0.963,0.854,0.726,0.094,0.32,0.448
0.36,0.64,0.963,0.857,0.728,0.095,0.32,0.449
0.36,0.646,0.964,0.861,0.731,0.094,0.32,0.451
0.36,0.651,0.965,0.865,0.734,0.094,0.32,0.452
0.36,0.656,0.965,0.864,0.737,0.094,0.32,0.453
0.36,0.662,0.966,0.862,0.741,0.095,0.32,0.454
0.36,0.666,0.966,0.866,0.744,0.095,0.32,0.455
0.36,0.67,0.966,0.873,0.747,0.095,0.32,0.457
0.359,0.675,0.967,0.887,0.751,0.095,0.321,0.46
0.359,0.683,0.967,0.907,0.756,0.095,0.321,0.474
0.359,0.704,0.969,0.923,0.768,0.095,0.322,0.497
0.36,0.739,0.97,0.937,0.784,0.096,0.323,0.52
0.361,0.787,0.972,0.95,0.804,0.097,0.324,0.54
0.362,0.841,0.974,0.961,0.825,0.099,0.325,0.556
0.364,0.893,0.977,0.972,0.847,0.1,0.325,0.571
0.366,0.939,0.979,0.983,0.867,0.101,0.326,0.583
0.367,0.983,0.982,0.993,0.883,0.102,0.326,0.595
0.369,1.026,0.985,1.0,0.897,0.103,0.327,0.606
0.37,1.064,0.988,1.01,0.911,0.104,0.328,0.616
0.371,1.099,0.99,1.017,0.924,0.105,0.328,0.624
0.372,1.13,0.993,1.022,0.934,0.106,0.328,0.633
0.373,1.157,0.996,1.03,0.945,0.107,0.329,0.639
0.374,1.181,0.998,1.036,0.954,0.108,0.329,0.647
0.375,1.201,1.001,1.04,0.962,0.109,0.329,0.654
0.376,1.22,1.004,1.046,0.971,0.11,0.329,0.659
0.377,1.238,1.006,1.05,0.979,0.11,0.329,0.665
0.377,1.254,1.008,1.051,0.986,0.111,0.33,0.671
0.378,1.269,1.01,1.055,0.993,0.112,0.33,0.676
0.378,1.283,1.013,1.06,0.999,0.112,0.329,0.681
0.379,1.296,1.015,1.063,1.006,0.113,0.33,0.686
0.379,1.308,1.017,1.063,1.012,0.114,0.33,0.691
0.38,1.319,1.019,1.073,1.019,0.115,0.329,0.695
0.38,1.33,1.021,1.071,1.026,0.115,0.33,0.699
0.381,1.341,1.023,1.081,1.029,0.116,0.329,0.703
0.381,1.351,1.025,1.077,1.036,0.116,0.329,0.707
0.382,1.362,1.027,1.083,1.041,0.117,0.329,0.711
0.382,1.369,1.029,1.083,1.046,0.117,0.329,0.716
0.382,1.379,1.031,1.087,1.051,0.118,0.329,0.719
0.383,1.387,1.033,1.086,1.057,0.119,0.329,0.723
0.383,1.395,1.035,1.089,1.061,0.119,0.329,0.727
0.384,1.402,1.036,1.093,1.066,0.12,0.329,0.73
0.384,1.41,1.038,1.093,1.072,0.12,0.328,0.734
0.384,1.417,1.04,1.098,1.075,0.121,0.329,0.738
0.385,1.424,1.041,1.098,1.08,0.122,0.328,0.739
0.385,1.431,1.043,1.102,1.085,0.122,0.328,0.743
0.385,1.437,1.045,1.105,1.089,0.123,0.328,0.746
0.386,1.443,1.046,1.104,1.093,0.123,0.328,0.75
0.386,1.45,1.048,1.108,1.098,0.124,0.327,0.753
0.387,1.455,1.049,1.108,1.101,0.124,0.327,0.755
0.387,1.461,1.051,1.112,1.106,0.125,0.327,0.758
0.387,1.467,1.053,1.113,1.11,0.126,0.327,0.761
0.387,1.472,1.054,1.114,1.114,0.126,0.327,0.764
0.388,1.477,1.056,1.114,1.117,0.127,0.327,0.767
0.388,1.482,1.057,1.122,1.122,0.127,0.326,0.77
0.388,1.486,1.059,1.124,1.126,0.128,0.326,0.773
0.389,1.492,1.061,1.121,1.129,0.128,0.326,0.775
0.389,1.496,1.062,1.123,1.132,0.129,0.326,0.778
0.389,1.502,1.064,1.123,1.136,0.129,0.326,0.781
0.389,1.506,1.065,1.128,1.141,0.13,0.326,0.784
0.39,1.51,1.067,1.131,1.144,0.131,0.325,0.787
0.39,1.514,1.069,1.134,1.149,0.131,0.325,0.788
0.39,1.518,1.07,1.134,1.153,0.132,0.325,0.791
0.391,1.522,1.072,1.134,1.155,0.132,0.325,0.795
0.391,1.526,1.074,1.143,1.159,0.133,0.324,0.797
0.392,1.529,1.075,1.148,1.163,0.133,0.324,0.8
0.392,1.534,1.077,1.149,1.168,0.134,0.324,0.804
0.393,1.538,1.078,1.156,1.172,0.135,0.325,0.807
0.394,1.542,1.08,1.162,1.176,0.135,0.325,0.809
0.394,1.546,1.082,1.173,1.179,0.136,0.325,0.812
0.395,1.549,1.083,1.18,1.183,0.137,0.325,0.815
0.396,1.552,1.085,1.186,1.187,0.138,0.325,0.818
0.397,1.554,1.087,1.191,1.191,0.138,0.326,0.821
0.398,1.557,1.089,1.196,1.194,0.139,0.326,0.824
0.399,1.559,1.091,1.201,1.198,0.14,0.326,0.826
0.4,1.561,1.092,1.205,1.201,0.14,0.327,0.829
0.4,1.563,1.094,1.21,1.205,0.141,0.327,0.832
0.401,1.565,1.096,1.214,1.208,0.142,0.327,0.835
0.402,1.567,1.098,1.218,1.211,0.142,0.328,0.838
0.403,1.569,1.1,1.223,1.215,0.143,0.328,0.841
0.404,1.571,1.101,1.227,1.218,0.144,0.328,0.844
0.405,1.573,1.103,1.231,1.221,0.144,0.329,0.847
0.406,1.575,1.105,1.235,1.225,0.145,0.329,0.849
0.407,1.577,1.107,1.24,1.228,0.146,0.33,0.852
0.408,1.578,1.109,1.244,1.231,0.147,0.33,0.855
0.409,1.58,1.11,1.247,1.235,0.147,0.331,0.858
0.41,1.582,1.112,1.252,1.238,0.148,0.331,0.861
0.411,1.584,1.114,1.256,1.241,0.149,0.331,0.863
0.412,1.585,1.116,1.259,1.244,0.149,0.332,0.866
0.413,1.587,1.117,1.263,1.247,0.15,0.332,0.869
0.414,1.588,1.119,1.267,1.251,0.15,0.333,0.872
0.415,1.59,1.121,1.271,1.254,0.151,0.333,0.875
0.416,1.592,1.123,1.274,1.257,0.152,0.333,0.878
0.417,1.593,1.125,1.278,1.26,0.153,0.334,0.88
0.418,1.595,1.126,1.281,1.263,0.153,0.334,0.883
0.419,1.596,1.128,1.285,1.265,0.154,0.335,0.885
0.42,1.598,1.13,1.288,1.268,0.155,0.335,0.888
0.421,1.599,1.132,1.291,1.271,0.155,0.336,0.891
0.422,1.601,1.133,1.294,1.274,0.156,0.336,0.893
0.423,1.602,1.135,1.297,1.276,0.157,0.336,0.896
0.424,1.604,1.137,1.3,1.279,0.157,0.337,0.898
0.425,1.605,1.138,1.303,1.281,0.158,0.337,0.901
0.426,1.606,1.14,1.306,1.284,0.159,0.338,0.903
0.427,1.608,1.142,1.309,1.286,0.16,0.338,0.906
0.428,1.609,1.143,1.312,1.288,0.16,0.339,0.908
0.429,1.611,1.145,1.314,1.291,0.161,0.339,0.911
0.43,1.612,1.147,1.317,1.293,0.162,0.339,0.913
0.431,1.614,1.149,1.32,1.295,0.162,0.34,0.915
0.432,1.615,1.15,1.322,1.298,0.163,0.34,0.917
0.433,1.616,1.152,1.325,1.299,0.164,0.341,0.919
0.434,1.618,1.153,1.327,1.302,0.164,0.341,0.922
0.435,1.619,1.155,1.33,1.304,0.165,0.342,0.924
0.436,1.62,1.157,1.332,1.305,0.166,0.342,0.926
0.437,1.622,1.159,1.335,1.307,0.166,0.342,0.928
0.438,1.623,1.16,1.337,1.309,0.167,0.343,0.93
0.44,1.624,1.162,1.339,1.311,0.168,0.343,0.932
0.44,1.626,1.163,1.341,1.313,0.168,0.344,0.934
0.442,1.627,1.165,1.344,1.314,0.169,0.344,0.936
0.443,1.628,1.167,1.346,1.316,0.17,0.344,0.937
0.444,1.629,1.168,1.348,1.317,0.17,0.345,0.939
0.445,1.631,1.17,1.35,1.319,0.171,0.345,0.941
0.446,1.632,1.171,1.352,1.321,0.172,0.346,0.943
0.447,1.633,1.173,1.354,1.322,0.172,0.346,0.945
0.448,1.634,1.174,1.356,1.324,0.173,0.346,0.947
0.449,1.635,1.176,1.358,1.325,0.174,0.347,0.948
0.45,1.636,1.178,1.36,1.326,0.174,0.347,0.95
0.451,1.638,1.179,1.362,1.328,0.175,0.348,0.952
0.452,1.639,1.181,1.364,1.329,0.176,0.348,0.953
0.453,1.64,1.182,1.366,1.33,0.176,0.348,0.955
0.454,1.641,1.184,1.367,1.331,0.177,0.349,0.956
0.455,1.642,1.185,1.369,1.333,0.178,0.349,0.958
0.456,1.643,1.187,1.371,1.334,0.178,0.35,0.959
0.457,1.644,1.188,1.373,1.335,0.179,0.35,0.961
0.459,1.645,1.19,1.374,1.336,0.18,0.351,0.963
0.459,1.646,1.191,1.376,1.337,0.18,0.351,0.964
0.461,1.647,1.193,1.378,1.338,0.181,0.351,0.965
0.461,1.647,1.194,1.38,1.339,0.182,0.352,0.967
0.462,1.648,1.196,1.381,1.34,0.183,0.352,0.968
0.464,1.649,1.197,1.383,1.341,0.183,0.353,0.969
0.465,1.65,1.198,1.385,1.341,0.184,0.353,0.971
0.466,1.651,1.2,1.386,1.343,0.184,0.353,0.972
0.467,1.651,1.202,1.388,1.343,0.185,0.354,0.973
0.468,1.652,1.203,1.389,1.344,0.186,0.354,0.974
0.469,1.653,1.204,1.391,1.345,0.186,0.355,0.976
0.47,1.654,1.206,1.392,1.346,0.187,0.355,0.977
0.471,1.654,1.207,1.394,1.346,0.188,0.355,0.978
0.472,1.655,1.209,1.395,1.347,0.188,0.356,0.979
0.473,1.656,1.21,1.397,1.348,0.189,0.356,0.98
0.474,1.656,1.212,1.398,1.348,0.19,0.356,0.981
0.475,1.657,1.213,1.4,1.349,0.19,0.357,0.982
0.476,1.657,1.214,1.401,1.35,0.191,0.357,0.983
0.477,1.658,1.216,1.402,1.35,0.192,0.358,0.984
0.478,1.658,1.217,1.404,1.351,0.192,0.358,0.986
0.479,1.659,1.218,1.405,1.351,0.193,0.358,0.986
0.48,1.659,1.22,1.407,1.352,0.193,0.359,0.987
0.481,1.659,1.221,1.408,1.353,0.194,0.359,0.988
0.482,1.66,1.222,1.409,1.353,0.195,0.359,0.989
0.483,1.66,1.224,1.41,1.354,0.195,0.36,0.99
0.485,1.66,1.225,1.411,1.354,0.196,0.36,0.991
0.485,1.66,1.226,1.413,1.355,0.197,0.361,0.992
0.487,1.661,1.228,1.414,1.355,0.197,0.361,0.993
0.488,1.661,1.229,1.415,1.355,0.198,0.361,0.994
0.489,1.661,1.23,1.416,1.355,0.199,0.362,0.995
0.489,1.661,1.232,1.417,1.356,0.199,0.362,0.996
0.491,1.661,1.233,1.418,1.356,0.2,0.362,0.996
0.492,1.661,1.234,1.419,1.356,0.201,0.363,0.997
0.493,1.661,1.236,1.421,1.357,0.201,0.363,0.998
0.494,1.661,1.237,1.422,1.357,0.202,0.363,0.999
0.495,1.661,1.238,1.422,1.357,0.202,0.364,0.999
0.496,1.66,1.239,1.424,1.358,0.203,0.364,1.0
0.497,1.66,1.24,1.425,1.358,0.203,0.364,1.001
0.498,1.66,1.242,1.426,1.358,0.204,0.365,1.001
0.499,1.66,1.243,1.427,1.358,0.205,0.365,1.002
0.5,1.659,1.244,1.428,1.358,0.205,0.365,1.003
0.501,1.659,1.245,1.429,1.359,0.206,0.366,1.003
0.502,1.659,1.247,1.429,1.359,0.206,0.366,1.004
0.503,1.658,1.248,1.43,1.359,0.207,0.366,1.004
0.504,1.658,1.249,1.431,1.359,0.208,0.367,1.005
0.505,1.657,1.25,1.432,1.359,0.208,0.367,1.006
0.506,1.657,1.251,1.433,1.359,0.209,0.367,1.006
0.507,1.656,1.252,1.434,1.359,0.209,0.368,1.007
0.508,1.655,1.253,1.435,1.359,0.21,0.368,1.007
0.509,1.655,1.255,1.436,1.359,0.211,0.369,1.008
0.51,1.654,1.256,1.437,1.359,0.211,0.369,1.008
0.511,1.653,1.257,1.437,1.359,0.212,0.369,1.008
0.512,1.653,1.258,1.438,1.359,0.212,0.37,1.009
0.513,1.652,1.259,1.439,1.359,0.213,0.37,1.009
0.514,1.651,1.26,1.44,1.359,0.213,0.37,1.01
0.515,1.65,1.261,1.441,1.359,0.214,0.37,1.01
0.516,1.649,1.263,1.441,1.359,0.215,0.371,1.011
0.517,1.648,1.264,1.442,1.359,0.215,0.371,1.011
0.518,1.648,1.265,1.443,1.359,0.215,0.371,1.011
0.519,1.647,1.266,1.444,1.359,0.216,0.372,1.011
0.52,1.646,1.267,1.444,1.359,0.217,0.372,1.012
0.521,1.645,1.268,1.445,1.359,0.217,0.372,1.012
0.522,1.644,1.269,1.446,1.359,0.218,0.373,1.012
0.522,1.643,1.27,1.446,1.359,0.218,0.373,1.013
0.524,1.641,1.271,1.447,1.359,0.219,0.373,1.013
0.525,1.64,1.272,1.448,1.358,0.219,0.374,1.013
0.525,1.639,1.273,1.448,1.358,0.22,0.374,1.013
0.526,1.638,1.274,1.449,1.358,0.22,0.374,1.014
0.527,1.637,1.275,1.449,1.358,0.221,0.375,1.014
0.528,1.635,1.276,1.45,1.358,0.221,0.375,1.014
0.529,1.634,1.277,1.451,1.358,0.222,0.375,1.014
0.53,1.633,1.278,1.451,1.357,0.222,0.375,1.014
0.531,1.631,1.279,1.452,1.357,0.223,0.376,1.014
0.531,1.626,1.278,1.449,1.354,0.223,0.375,1.012
0.532,1.626,1.279,1.45,1.354,0.223,0.375,1.012
0.533,1.624,1.279,1.45,1.353,0.224,0.376,1.012
0.533,1.622,1.28,1.451,1.353,0.224,0.376,1.012
0.535,1.621,1.281,1.451,1.353,0.225,0.376,1.013
0.535,1.62,1.282,1.452,1.353,0.225,0.376,1.013
0.536,1.618,1.283,1.452,1.353,0.225,0.377,1.013
0.537,1.616,1.284,1.453,1.352,0.226,0.377,1.013
0.538,1.615,1.285,1.453,1.352,0.226,0.377,1.013
0.539,1.613,1.286,1.453,1.351,0.227,0.377,1.013
0.54,1.612,1.287,1.454,1.351,0.227,0.378,1.013
0.54,1.61,1.288,1.454,1.351,0.228,0.378,1.013
0.542,1.608,1.289,1.455,1.351,0.228,0.378,1.013
0.543,1.607,1.29,1.455,1.35,0.229,0.378,1.012
0.543,1.605,1.29,1.455,1.35,0.229,0.379,1.012
0.544,1.603,1.291,1.456,1.349,0.229,0.379,1.012
0.545,1.601,1.292,1.456,1.349,0.23,0.379,1.012
0.546,1.6,1.293,1.456,1.348,0.23,0.379,1.012
0.547,1.598,1.294,1.457,1.348,0.23,0.38,1.012
0.548,1.596,1.295,1.457,1.348,0.231,0.38,1.012
0.548,1.594,1.296,1.457,1.347,0.231,0.38,1.011
0.549,1.593,1.296,1.457,1.347,0.232,0.38,1.012
0.55,1.59,1.297,1.458,1.347,0.232,0.381,1.011
0.551,1.589,1.298,1.458,1.346,0.232,0.381,1.011
0.552,1.587,1.299,1.458,1.346,0.233,0.381,1.011
0.552,1.585,1.3,1.459,1.345,0.233,0.381,1.01
0.553,1.583,1.3,1.459,1.345,0.234,0.382,1.01
0.554,1.581,1.301,1.459,1.345,0.234,0.382,1.01
0.555,1.579,1.302,1.459,1.344,0.234,0.382,1.01
0.556,1.577,1.303,1.46,1.343,0.234,0.382,1.01
0.557,1.575,1.303,1.46,1.343,0.235,0.383,1.009
0.558,1.573,1.304,1.46,1.343,0.235,0.383,1.009
0.558,1.571,1.305,1.46,1.342,0.235,0.383,1.008
0.559,1.569,1.306,1.46,1.342,0.236,0.383,1.008
0.56,1.567,1.306,1.46,1.341,0.236,0.383,1.008
0.561,1.565,1.307,1.461,1.341,0.236,0.383,1.007
0.562,1.563,1.308,1.461,1.34,0.237,0.384,1.007
0.562,1.561,1.309,1.461,1.34,0.237,0.384,1.007
0.563,1.559,1.309,1.461,1.339,0.237,0.384,1.006
0.564,1.556,1.31,1.461,1.339,0.238,0.384,1.006
0.564,1.554,1.311,1.461,1.338,0.238,0.384,1.006
0.565,1.552,1.311,1.461,1.338,0.238,0.385,1.005
0.566,1.55,1.312,1.461,1.337,0.238,0.385,1.005
0.567,1.548,1.313,1.461,1.337,0.239,0.385,1.004
0.568,1.546,1.314,1.461,1.336,0.239,0.385,1.004
0.568,1.543,1.314,1.461,1.335,0.239,0.386,1.003
0.569,1.541,1.315,1.461,1.335,0.239,0.386,1.003
0.57,1.539,1.316,1.462,1.334,0.24,0.386,1.003
0.571,1.537,1.316,1.462,1.334,0.24,0.386,1.002
0.571,1.535,1.317,1.462,1.333,0.24,0.386,1.002
0.572,1.533,1.318,1.462,1.333,0.24,0.386,1.001
0.573,1.53,1.318,1.462,1.332,0.24,0.387,1.001
0.573,1.528,1.319,1.462,1.332,0.241,0.387,1.0
0.574,1.526,1.32,1.462,1.331,0.241,0.387,1.0
0.575,1.524,1.32,1.462,1.33,0.241,0.387,0.999
0.576,1.522,1.321,1.462,1.33,0.241,0.387,0.999
0.576,1.519,1.322,1.462,1.329,0.241,0.387,0.998
0.577,1.517,1.322,1.462,1.328,0.242,0.388,0.998
0.578,1.515,1.323,1.462,1.328,0.242,0.388,0.998
0.578,1.513,1.323,1.462,1.327,0.242,0.388,0.997
0.579,1.51,1.324,1.462,1.326,0.243,0.389,0.998
0.581,1.511,1.327,1.465,1.329,0.243,0.389,0.998
0.582,1.509,1.328,1.464,1.328,0.243,0.389,0.997
0.582,1.507,1.328,1.464,1.327,0.243,0.39,0.997
0.583,1.505,1.329,1.464,1.327,0.243,0.39,0.996
0.584,1.502,1.33,1.464,1.326,0.244,0.39,0.996
0.584,1.5,1.33,1.464,1.326,0.244,0.39,0.995
0.585,1.498,1.331,1.464,1.325,0.244,0.39,0.995
0.586,1.496,1.331,1.464,1.324,0.244,0.39,0.994
0.586,1.494,1.332,1.464,1.324,0.244,0.391,0.994
0.587,1.492,1.333,1.464,1.323,0.244,0.391,0.993
0.588,1.489,1.333,1.464,1.322,0.245,0.391,0.993
0.588,1.487,1.334,1.464,1.322,0.244,0.391,0.992
0.589,1.485,1.335,1.464,1.321,0.245,0.391,0.992
0.59,1.483,1.335,1.463,1.321,0.245,0.391,0.991
0.59,1.48,1.336,1.463,1.32,0.245,0.392,0.99
0.591,1.478,1.336,1.463,1.319,0.245,0.392,0.99
0.592,1.476,1.337,1.463,1.318,0.245,0.392,0.989
0.592,1.474,1.337,1.463,1.318,0.245,0.392,0.989
0.593,1.472,1.338,1.463,1.317,0.245,0.392,0.988
0.594,1.469,1.339,1.462,1.316,0.245,0.392,0.988
0.594,1.467,1.339,1.462,1.316,0.245,0.392,0.987
0.595,1.465,1.339,1.462,1.315,0.245,0.393,0.986
0.595,1.463,1.34,1.462,1.314,0.246,0.393,0.986
0.596,1.46,1.341,1.462,1.314,0.246,0.393,0.985
0.597,1.458,1.341,1.462,1.313,0.245,0.393,0.984
0.597,1.456,1.341,1.462,1.312,0.246,0.393,0.984
0.598,1.454,1.342,1.461,1.312,0.246,0.393,0.983
0.598,1.451,1.343,1.461,1.311,0.246,0.394,0.983
0.599,1.449,1.343,1.461,1.31,0.246,0.394,0.982
0.6,1.447,1.344,1.46,1.309,0.245,0.394,0.981
0.6,1.445,1.344,1.46,1.309,0.246,0.394,0.981
0.601,1.442,1.344,1.46,1.308,0.246,0.394,0.98
0.601,1.44,1.345,1.46,1.307,0.246,0.394,0.979
0.602,1.438,1.345,1.46,1.307,0.246,0.394,0.979
0.602,1.436,1.346,1.459,1.306,0.246,0.395,0.978
0.603,1.433,1.346,1.459,1.305,0.246,0.395,0.977
0.604,1.431,1.347,1.459,1.304,0.246,0.395,0.977
0.604,1.429,1.347,1.459,1.304,0.246,0.395,0.976
0.605,1.427,1.348,1.458,1.303,0.246,0.395,0.976
0.605,1.424,1.348,1.458,1.302,0.246,0.395,0.975
0.606,1.422,1.349,1.458,1.301,0.246,0.395,0.974
0.606,1.42,1.349,1.457,1.301,0.246,0.396,0.974
0.607,1.418,1.35,1.457,1.3,0.246,0.396,0.973
0.607,1.416,1.35,1.457,1.299,0.246,0.396,0.972
0.608,1.414,1.35,1.456,1.298,0.245,0.396,0.971
0.609,1.411,1.351,1.456,1.297,0.246,0.396,0.971
0.609,1.409,1.351,1.456,1.297,0.245,0.396,0.97
0.61,1.407,1.352,1.455,1.296,0.245,0.396,0.97
0.61,1.405,1.352,1.455,1.295,0.245,0.396,0.969
0.611,1.403,1.353,1.455,1.294,0.245,0.396,0.968
0.611,1.401,1.353,1.454,1.293,0.245,0.397,0.967
0.612,1.398,1.354,1.454,1.293,0.245,0.397,0.967
0.612,1.396,1.354,1.454,1.292,0.245,0.397,0.966
0.613,1.394,1.354,1.453,1.291,0.245,0.397,0.965
0.613,1.392,1.355,1.453,1.29,0.245,0.397,0.964
0.614,1.39,1.355,1.453,1.29,0.245,0.397,0.964
0.614,1.388,1.356,1.452,1.289,0.245,0.397,0.963
0.615,1.386,1.356,1.452,1.288,0.244,0.397,0.963
0.615,1.383,1.356,1.452,1.287,0.245,0.397,0.962
0.615,1.381,1.357,1.451,1.287,0.244,0.397,0.961
0.616,1.379,1.357,1.451,1.286,0.244,0.398,0.96
0.616,1.377,1.357,1.451,1.285,0.244,0.398,0.96
0.617,1.375,1.358,1.45,1.284,0.244,0.398,0.959
0.617,1.373,1.358,1.449,1.283,0.244,0.398,0.958
0.618,1.371,1.359,1.449,1.282,0.244,0.398,0.957
0.618,1.368,1.359,1.449,1.282,0.244,0.398,0.957
0.619,1.367,1.359,1.449,1.281,0.244,0.398,0.956
0.619,1.364,1.36,1.448,1.28,0.243,0.398,0.955
0.62,1.362,1.36,1.448,1.279,0.243,0.399,0.955
0.62,1.36,1.36,1.447,1.279,0.243,0.399,0.954
0.621,1.358,1.361,1.447,1.278,0.243,0.399,0.953
0.621,1.356,1.361,1.447,1.277,0.243,0.399,0.952
0.621,1.354,1.361,1.446,1.276,0.243,0.399,0.952
0.622,1.352,1.362,1.446,1.276,0.242,0.399,0.951
0.622,1.35,1.362,1.445,1.274,0.242,0.399,0.95
0.623,1.348,1.362,1.445,1.274,0.242,0.399,0.95
0.623,1.346,1.363,1.444,1.273,0.242,0.399,0.949
0.623,1.344,1.363,1.444,1.272,0.242,0.399,0.948
0.624,1.342,1.363,1.443,1.271,0.241,0.399,0.947
0.624,1.34,1.364,1.443,1.271,0.241,0.4,0.946
0.625,1.338,1.364,1.443,1.27,0.241,0.4,0.946
0.625,1.336,1.364,1.442,1.269,0.241,0.4,0.945
0.625,1.334,1.365,1.442,1.268,0.241,0.4,0.944
0.626,1.332,1.365,1.441,1.267,0.241,0.4,0.944
0.626,1.33,1.365,1.441,1.267,0.24,0.4,0.943
0.627,1.328,1.365,1.44,1.266,0.24,0.4,0.942
0.627,1.326,1.366,1.44,1.265,0.24,0.4,0.941
0.627,1.324,1.366,1.439,1.264,0.24,0.4,0.941
0.628,1.322,1.366,1.439,1.263,0.24,0.4,0.94
0.628,1.32,1.367,1.438,1.263,0.239,0.401,0.939
0.628,1.318,1.367,1.438,1.262,0.239,0.401,0.939
0.629,1.316,1.367,1.438,1.261,0.239,0.401,0.938
0.629,1.314,1.367,1.437,1.26,0.239,0.401,0.937
0.63,1.312,1.368,1.436,1.259,0.239,0.401,0.936
0.63,1.31,1.368,1.436,1.259,0.238,0.401,0.936
0.63,1.309,1.368,1.435,1.258,0.238,0.401,0.935
0.631,1.306,1.369,1.435,1.257,0.238,0.401,0.934
0.631,1.305,1.369,1.434,1.256,0.238,0.401,0.933
0.631,1.303,1.369,1.434,1.255,0.238,0.401,0.932
0.631,1.301,1.369,1.433,1.255,0.237,0.401,0.932
0.632,1.299,1.369,1.433,1.254,0.237,0.401,0.931
0.632,1.297,1.37,1.432,1.253,0.237,0.402,0.93
0.632,1.295,1.37,1.432,1.252,0.237,0.402,0.93
0.633,1.293,1.37,1.431,1.251,0.236,0.402,0.929
0.633,1.291,1.371,1.431,1.251,0.236,0.402,0.928
0.633,1.289,1.371,1.43,1.25,0.236,0.402,0.927
0.634,1.287,1.371,1.43,1.249,0.236,0.402,0.927
0.634,1.286,1.371,1.429,1.248,0.235,0.402,0.926
0.634,1.284,1.371,1.428,1.247,0.235,0.402,0.925
0.634,1.282,1.372,1.428,1.246,0.235,0.402,0.924
0.635,1.28,1.372,1.427,1.245,0.235,0.402,0.924
0.635,1.278,1.372,1.427,1.245,0.234,0.402,0.923
0.635,1.276,1.372,1.426,1.244,0.234,0.402,0.922
0.636,1.274,1.373,1.426,1.243,0.234,0.402,0.921
0.636,1.273,1.373,1.425,1.242,0.234,0.402,0.921
0.636,1.271,1.373,1.425,1.241,0.233,0.402,0.92
0.636,1.269,1.373,1.424,1.241,0.233,0.403,0.919
0.637,1.267,1.373,1.423,1.24,0.233,0.402,0.918
0.637,1.265,1.374,1.423,1.239,0.233,0.403,0.918
0.637,1.264,1.374,1.422,1.238,0.232,0.403,0.917
0.638,1.262,1.374,1.422,1.237,0.232,0.403,0.916
0.638,1.26,1.374,1.421,1.236,0.232,0.403,0.915
0.638,1.258,1.374,1.42,1.235,0.231,0.403,0.915
0.638,1.256,1.374,1.42,1.235,0.231,0.403,0.914
0.638,1.255,1.374,1.419,1.234,0.231,0.403,0.913
0.639,1.253,1.375,1.419,1.233,0.231,0.403,0.912
0.639,1.251,1.375,1.418,1.232,0.23,0.403,0.912
0.639,1.249,1.375,1.418,1.231,0.23,0.403,0.911
0.639,1.248,1.375,1.417,1.23,0.23,0.403,0.91
0.64,1.246,1.375,1.416,1.23,0.23,0.403,0.909
0.64,1.244,1.376,1.416,1.229,0.229,0.403,0.908
0.64,1.242,1.376,1.415,1.228,0.229,0.403,0.908
0.64,1.241,1.376,1.415,1.227,0.229,0.403,0.907
0.64,1.239,1.376,1.414,1.226,0.228,0.403,0.906
0.64,1.237,1.376,1.413,1.226,0.228,0.403,0.906
0.641,1.235,1.376,1.413,1.225,0.228,0.403,0.905
0.641,1.234,1.376,1.412,1.224,0.228,0.403,0.904
0.641,1.232,1.377,1.411,1.223,0.227,0.403,0.903
0.641,1.23,1.377,1.411,1.222,0.227,0.404,0.902
0.642,1.229,1.377,1.41,1.221,0.227,0.404,0.902
0.642,1.227,1.377,1.409,1.221,0.226,0.404,0.901
0.642,1.225,1.377,1.409,1.22,0.226,0.404,0.9
0.642,1.224,1.377,1.408,1.219,0.226,0.404,0.9
0.642,1.222,1.377,1.408,1.218,0.225,0.404,0.899
0.643,1.22,1.378,1.407,1.217,0.225,0.404,0.898
0.643,1.219,1.378,1.406,1.217,0.225,0.404,0.897
0.643,1.217,1.378,1.406,1.216,0.225,0.404,0.897
0.643,1.215,1.378,1.405,1.215,0.224,0.404,0.896
0.643,1.214,1.378,1.404,1.214,0.224,0.404,0.895
0.643,1.212,1.378,1.404,1.213,0.224,0.404,0.894
0.644,1.21,1.378,1.403,1.212,0.223,0.404,0.894
0.644,1.209,1.378,1.403,1.212,0.223,0.404,0.893
0.644,1.207,1.378,1.402,1.211,0.223,0.404,0.892
0.644,1.205,1.379,1.401,1.21,0.222,0.404,0.891
0.644,1.204,1.379,1.401,1.209,0.222,0.404,0.891
0.644,1.202,1.379,1.4,1.208,0.222,0.404,0.89
0.644,1.201,1.379,1.399,1.208,0.222,0.404,0.889
0.645,1.199,1.379,1.399,1.207,0.221,0.404,0.889
0.645,1.197,1.379,1.398,1.206,0.221,0.404,0.888
0.645,1.196,1.379,1.397,1.205,0.221,0.404,0.887
0.645,1.194,1.379,1.397,1.204,0.22,0.404,0.886
0.645,1.193,1.379,1.396,1.204,0.22,0.404,0.886
0.645,1.191,1.38,1.395,1.203,0.22,0.404,0.885
0.645,1.19,1.38,1.395,1.202,0.22,0.404,0.884
0.645,1.188,1.38,1.394,1.201,0.219,0.404,0.883
0.646,1.186,1.379,1.394,1.201,0.219,0.405,0.883
0.646,1.185,1.38,1.393,1.2,0.218,0.404,0.882
0.646,1.183,1.38,1.392,1.199,0.218,0.405,0.881
0.646,1.182,1.38,1.392,1.198,0.218,0.405,0.88
0.646,1.18,1.38,1.391,1.197,0.217,0.405,0.88
0.646,1.179,1.38,1.39,1.197,0.217,0.405,0.879
0.646,1.177,1.38,1.39,1.196,0.217,0.405,0.878
0.646,1.175,1.38,1.389,1.195,0.217,0.405,0.878
0.646,1.174,1.38,1.388,1.194,0.216,0.405,0.877
0.646,1.172,1.38,1.388,1.194,0.216,0.405,0.876
0.646,1.171,1.38,1.387,1.193,0.216,0.405,0.875
0.647,1.169,1.38,1.387,1.192,0.215,0.405,0.875
0.647,1.168,1.38,1.386,1.191,0.215,0.405,0.874
0.647,1.166,1.38,1.385,1.191,0.215,0.405,0.873
0.647,1.165,1.38,1.385,1.19,0.215,0.405,0.872
0.647,1.163,1.38,1.384,1.189,0.214,0.405,0.872
0.647,1.162,1.38,1.383,1.188,0.214,0.405,0.871
0.647,1.16,1.381,1.383,1.187,0.213,0.405,0.87
0.647,1.159,1.381,1.382,1.187,0.213,0.405,0.87
0.647,1.158,1.381,1.381,1.186,0.213,0.405,0.869
0.647,1.156,1.381,1.381,1.185,0.213,0.405,0.868
0.647,1.154,1.381,1.38,1.184,0.212,0.405,0.867
0.648,1.153,1.381,1.379,1.183,0.212,0.405,0.867
0.648,1.151,1.381,1.378,1.183,0.212,0.405,0.866
0.648,1.15,1.381,1.378,1.182,0.211,0.405,0.866
0.648,1.149,1.381,1.377,1.181,0.211,0.405,0.865
0.648,1.147,1.381,1.377,1.18,0.211,0.405,0.864
0.648,1.146,1.381,1.376,1.18,0.21,0.405,0.863
0.648,1.144,1.381,1.375,1.179,0.21,0.405,0.863
0.648,1.143,1.381,1.375,1.178,0.21,0.405,0.862
0.648,1.141,1.381,1.374,1.177,0.21,0.405,0.861
0.648,1.14,1.381,1.373,1.177,0.209,0.405,0.86
0.648,1.139,1.381,1.373,1.176,0.209,0.405,0.86
0.648,1.137,1.381,1.372,1.175,0.209,0.405,0.859
0.648,1.136,1.381,1.371,1.174,0.208,0.405,0.858
0.648,1.134,1.381,1.371,1.174,0.208,0.405,0.858
0.648,1.133,1.381,1.37,1.173,0.208,0.405,0.857
0.648,1.131,1.381,1.369,1.172,0.207,0.405,0.856
0.648,1.13,1.381,1.369,1.171,0.207,0.405,0.856
0.648,1.129,1.381,1.368,1.171,0.207,0.405,0.855
0.648,1.127,1.381,1.367,1.17,0.207,0.405,0.854
0.648,1.126,1.381,1.367,1.169,0.206,0.405,0.854
0.648,1.125,1.381,1.366,1.168,0.206,0.405,0.853
0.648,1.123,1.381,1.365,1.167,0.206,0.405,0.852
0.648,1.122,1.381,1.365,1.167,0.205,0.405,0.851
0.648,1.121,1.381,1.364,1.166,0.205,0.405,0.851
0.648,1.119,1.381,1.363,1.165,0.205,0.405,0.85
0.648,1.118,1.381,1.362,1.164,0.204,0.405,0.849
0.648,1.117,1.381,1.362,1.164,0.204,0.405,0.849
0.648,1.115,1.381,1.361,1.163,0.204,0.406,0.848
0.648,1.114,1.381,1.36,1.162,0.204,0.405,0.847
0.648,1.113,1.381,1.36,1.162,0.203,0.405,0.846
0.648,1.111,1.38,1.359,1.161,0.203,0.405,0.846
0.648,1.11,1.381,1.358,1.16,0.203,0.405,0.845
0.648,1.109,1.381,1.357,1.159,0.202,0.405,0.844
0.648,1.107,1.381,1.357,1.159,0.202,0.405,0.844
0.648,1.106,1.38,1.356,1.158,0.202,0.405,0.843
0.648,1.105,1.38,1.355,1.157,0.201,0.405,0.842
0.648,1.103,1.38,1.355,1.156,0.201,0.405,0.842
0.648,1.102,1.38,1.354,1.155,0.201,0.405,0.841
0.648,1.101,1.38,1.353,1.155,0.201,0.406,0.84
0.648,1.1,1.38,1.353,1.154,0.2,0.405,0.84
0.648,1.098,1.38,1.352,1.153,0.2,0.406,0.839
0.648,1.097,1.38,1.351,1.153,0.2,0.405,0.838
0.648,1.096,1.38,1.351,1.152,0.199,0.406,0.838
0.648,1.094,1.38,1.35,1.151,0.199,0.405,0.837
0.648,1.093,1.38,1.349,1.15,0.199,0.406,0.836
0.647,1.092,1.38,1.349,1.15,0.198,0.405,0.836
0.647,1.091,1.38,1.348,1.149,0.198,0.406,0.835
0.647,1.089,1.38,1.347,1.148,0.198,0.405,0.834
0.647,1.088,1.38,1.347,1.148,0.198,0.405,0.833
0.647,1.087,1.38,1.346,1.147,0.197,0.405,0.833
0.647,1.086,1.38,1.345,1.146,0.197,0.405,0.832
0.647,1.084,1.38,1.345,1.145,0.197,0.405,0.832
0.647,1.083,1.379,1.344,1.145,0.197,0.406,0.831
0.647,1.082,1.38,1.343,1.144,0.196,0.405,0.83
0.647,1.081,1.38,1.343,1.143,0.196,0.406,0.83
0.647,1.08,1.379,1.342,1.143,0.196,0.405,0.829
0.647,1.078,1.379,1.341,1.142,0.195,0.406,0.828
0.647,1.077,1.379,1.341,1.141,0.195,0.406,0.827
0.647,1.076,1.379,1.34,1.14,0.195,0.406,0.827
0.647,1.075,1.379,1.339,1.14,0.195,0.406,0.826
0.647,1.074,1.379,1.339,1.139,0.194,0.406,0.825
0.646,1.072,1.379,1.338,1.138,0.194,0.406,0.825
0.646,1.071,1.379,1.337,1.138,0.194,0.406,0.824
0.646,1.07,1.379,1.336,1.137,0.193,0.406,0.824
0.646,1.069,1.379,1.336,1.136,0.193,0.406,0.823
0.646,1.068,1.379,1.335,1.136,0.193,0.406,0.822
0.646,1.066,1.379,1.334,1.135,0.192,0.405,0.822
0.646,1.065,1.378,1.334,1.134,0.192,0.405,0.821
0.646,1.064,1.378,1.333,1.133,0.192,0.406,0.82
0.646,1.063,1.378,1.332,1.133,0.192,0.406,0.82
0.646,1.062,1.378,1.332,1.132,0.191,0.405,0.819
0.646,1.061,1.378,1.331,1.131,0.191,0.405,0.818
0.646,1.06,1.378,1.33,1.131,0.191,0.406,0.818
0.645,1.058,1.378,1.33,1.13,0.191,0.405,0.817
0.645,1.057,1.378,1.329,1.129,0.19,0.405,0.816
0.645,1.056,1.378,1.328,1.128,0.19,0.405,0.816
0.645,1.055,1.377,1.328,1.128,0.19,0.405,0.815
0.645,1.054,1.377,1.327,1.127,0.19,0.405,0.815
0.645,1.053,1.377,1.326,1.126,0.189,0.405,0.814
0.645,1.052,1.377,1.325,1.126,0.189,0.405,0.813
0.644,1.051,1.377,1.325,1.125,0.189,0.405,0.813
0.644,1.049,1.377,1.324,1.124,0.188,0.405,0.812
0.644,1.048,1.377,1.323,1.123,0.188,0.405,0.811
0.644,1.047,1.377,1.323,1.123,0.188,0.405,0.811
0.644,1.046,1.377,1.322,1.122,0.188,0.405,0.81
0.644,1.045,1.377,1.321,1.122,0.187,0.405,0.809
0.644,1.044,1.376,1.321,1.121,0.187,0.405,0.809
0.644,1.043,1.376,1.32,1.12,0.187,0.405,0.808
0.644,1.042,1.376,1.319,1.119,0.187,0.405,0.808
0.644,1.041,1.376,1.319,1.119,0.186,0.405,0.807
0.643,1.04,1.376,1.318,1.118,0.186,0.405,0.806
0.643,1.039,1.376,1.317,1.117,0.186,0.405,0.806
0.643,1.037,1.376,1.317,1.117,0.186,0.405,0.805
0.643,1.036,1.375,1.316,1.116,0.185,0.405,0.804
0.643,1.035,1.375,1.315,1.115,0.185,0.405,0.804
0.643,1.034,1.375,1.314,1.115,0.185,0.405,0.803
0.643,1.033,1.375,1.314,1.114,0.185,0.405,0.803
0.642,1.032,1.375,1.313,1.113,0.184,0.405,0.802
0.642,1.031,1.375,1.312,1.113,0.184,0.405,0.801
0.642,1.03,1.375,1.312,1.112,0.184,0.405,0.801
0.642,1.029,1.375,1.311,1.111,0.183,0.405,0.8
0.642,1.028,1.374,1.311,1.111,0.183,0.405,0.799
0.642,1.027,1.374,1.31,1.11,0.183,0.405,0.799
0.641,1.026,1.374,1.309,1.109,0.183,0.405,0.798
0.641,1.025,1.374,1.308,1.108,0.183,0.405,0.798
0.641,1.024,1.374,1.308,1.108,0.182,0.405,0.797
0.641,1.023,1.374,1.307,1.107,0.182,0.405,0.797
0.641,1.022,1.374,1.306,1.107,0.182,0.405,0.796
0.641,1.021,1.373,1.306,1.106,0.182,0.405,0.795
0.64,1.02,1.373,1.305,1.105,0.181,0.405,0.795
0.64,1.019,1.373,1.304,1.105,0.181,0.405,0.794
0.64,1.018,1.373,1.304,1.104,0.181,0.405,0.793
0.64,1.017,1.373,1.303,1.103,0.181,0.405,0.793
0.64,1.016,1.373,1.302,1.103,0.18,0.405,0.792
0.64,1.015,1.373,1.302,1.102,0.18,0.405,0.792
0.64,1.014,1.373,1.301,1.101,0.18,0.405,0.791
0.64,1.013,1.372,1.301,1.101,0.18,0.405,0.79
0.639,1.012,1.372,1.3,1.1,0.179,0.405,0.79
0.639,1.011,1.372,1.299,1.099,0.179,0.405,0.789
0.639,1.01,1.372,1.299,1.099,0.179,0.405,0.789
0.639,1.009,1.372,1.298,1.098,0.179,0.405,0.788
0.639,1.008,1.372,1.297,1.098,0.178,0.405,0.788
0.638,1.007,1.372,1.297,1.097,0.178,0.405,0.787
0.638,1.006,1.371,1.296,1.096,0.178,0.405,0.786
0.638,1.005,1.371,1.295,1.096,0.178,0.405,0.786
0.638,1.004,1.371,1.295,1.095,0.177,0.405,0.785
0.638,1.003,1.371,1.294,1.094,0.177,0.405,0.785
0.638,1.002,1.371,1.293,1.094,0.177,0.405,0.784
0.637,1.001,1.371,1.293,1.093,0.177,0.405,0.784
0.637,1.0,1.37,1.292,1.092,0.177,0.405,0.783
0.637,0.999,1.37,1.292,1.092,0.176,0.405,0.782
0.637,0.998,1.37,1.291,1.091,0.176,0.405,0.782
0.637,0.997,1.37,1.29,1.091,0.176,0.405,0.781
0.636,0.996,1.37,1.289,1.09,0.176,0.405,0.781
0.636,0.996,1.37,1.289,1.089,0.175,0.405,0.78
0.636,0.995,1.369,1.288,1.089,0.175,0.404,0.78
0.636,0.994,1.369,1.288,1.088,0.175,0.405,0.779
0.636,0.993,1.369,1.287,1.087,0.175,0.405,0.778
0.636,0.992,1.369,1.286,1.087,0.175,0.404,0.778
0.635,0.991,1.369,1.286,1.086,0.174,0.405,0.777
0.635,0.99,1.369,1.285,1.085,0.174,0.404,0.777
0.635,0.989,1.368,1.284,1.085,0.174,0.404,0.776
0.635,0.988,1.368,1.284,1.084,0.174,0.404,0.775
0.635,0.987,1.368,1.283,1.084,0.173,0.404,0.775
0.634,0.987,1.368,1.282,1.083,0.173,0.404,0.775
0.634,0.986,1.368,1.282,1.082,0.173,0.404,0.774
0.634,0.985,1.367,1.281,1.082,0.173,0.404,0.773
0.634,0.984,1.367,1.281,1.081,0.172,0.404,0.773
0.634,0.983,1.367,1.28,1.081,0.172,0.404,0.772
0.633,0.982,1.367,1.279,1.08,0.172,0.404,0.772
0.633,0.981,1.367,1.279,1.079,0.172,0.404,0.771
0.633,0.981,1.366,1.278,1.079,0.172,0.404,0.771
0.633,0.979,1.367,1.277,1.078,0.171,0.404,0.77
0.633,0.979,1.366,1.277,1.078,0.171,0.404,0.769
0.632,0.978,1.366,1.276,1.077,0.171,0.404,0.769
0.632,0.977,1.366,1.275,1.076,0.171,0.404,0.769
0.632,0.976,1.366,1.275,1.076,0.17,0.404,0.768
0.632,0.975,1.366,1.274,1.075,0.17,0.404,0.767
0.632,0.974,1.365,1.273,1.075,0.17,0.404,0.767
0.631,0.974,1.365,1.273,1.074,0.17,0.404,0.766
0.631,0.973,1.365,1.272,1.073,0.17,0.404,0.766
0.631,0.972,1.365,1.272,1.073,0.17,0.404,0.765
0.631,0.971,1.365,1.271,1.072,0.169,0.404,0.765
0.631,0.97,1.364,1.27,1.071,0.169,0.404,0.764
0.63,0.969,1.364,1.27,1.071,0.169,0.404,0.764
0.63,0.969,1.364,1.269,1.07,0.169,0.404,0.763
0.63,0.968,1.364,1.268,1.07,0.168,0.404,0.762
0.63,0.967,1.364,1.268,1.069,0.168,0.404,0.762
0.629,0.966,1.363,1.267,1.069,0.168,0.404,0.761
0.629,0.965,1.363,1.266,1.068,0.168,0.404,0.761
0.629,0.964,1.363,1.266,1.067,0.168,0.404,0.76
0.629,0.963,1.363,1.265,1.067,0.167,0.404,0.76
0.629,0.963,1.362,1.264,1.066,0.167,0.404,0.759
0.628,0.962,1.362,1.264,1.065,0.167,0.403,0.759
0.628,0.961,1.362,1.263,1.065,0.167,0.403,0.758
0.628,0.96,1.362,1.262,1.064,0.167,0.403,0.758
0.628,0.959,1.362,1.262,1.064,0.166,0.403,0.757
0.627,0.959,1.362,1.261,1.063,0.166,0.403,0.757
0.627,0.958,1.361,1.261,1.063,0.166,0.403,0.756
0.627,0.957,1.361,1.26,1.062,0.166,0.403,0.755
0.627,0.956,1.361,1.259,1.061,0.166,0.403,0.755
0.626,0.955,1.361,1.259,1.061,0.165,0.403,0.754
0.626,0.955,1.36,1.258,1.06,0.165,0.403,0.754
0.626,0.954,1.36,1.258,1.06,0.165,0.403,0.753
0.626,0.953,1.36,1.257,1.059,0.165,0.403,0.753
0.626,0.952,1.36,1.256,1.059,0.165,0.403,0.752
0.625,0.952,1.36,1.256,1.058,0.165,0.403,0.752
0.625,0.951,1.359,1.255,1.057,0.164,0.403,0.751
0.625,0.95,1.359,1.254,1.057,0.164,0.403,0.751
0.625,0.949,1.359,1.254,1.056,0.164,0.403,0.75
0.624,0.949,1.359,1.253,1.056,0.164,0.403,0.75
0.624,0.948,1.359,1.253,1.055,0.163,0.403,0.749
0.624,0.947,1.358,1.252,1.055,0.163,0.403,0.749
0.624,0.946,1.358,1.251,1.054,0.163,0.403,0.748
0.623,0.945,1.358,1.251,1.053,0.163,0.403,0.748
0.623,0.945,1.358,1.25,1.053,0.163,0.403,0.747
0.623,0.944,1.358,1.25,1.053,0.163,0.403,0.747
0.623,0.943,1.357,1.249,1.052,0.162,0.403,0.746
0.623,0.943,1.357,1.248,1.051,0.162,0.403,0.746
0.622,0.942,1.357,1.248,1.051,0.162,0.403,0.745
0.622,0.941,1.357,1.247,1.05,0.162,0.403,0.745
0.622,0.941,1.357,1.247,1.05,0.162,0.403,0.744
0.621,0.94,1.356,1.246,1.049,0.161,0.403,0.744
0.621,0.939,1.356,1.245,1.049,0.161,0.403,0.743
0.621,0.938,1.356,1.245,1.048,0.161,0.403,0.743
0.621,0.938,1.356,1.244,1.048,0.161,0.403,0.742
0.621,0.937,1.356,1.244,1.047,0.161,0.403,0.742
0.62,0.936,1.355,1.243,1.047,0.16,0.403,0.741
0.62,0.935,1.355,1.242,1.046,0.16,0.403,0.741
0.62,0.935,1.355,1.242,1.046,0.16,0.402,0.74
0.62,0.934,1.354,1.241,1.045,0.16,0.402,0.74
0.619,0.933,1.354,1.241,1.045,0.16,0.402,0.739
0.619,0.933,1.354,1.24,1.044,0.16,0.402,0.739
0.619,0.932,1.354,1.239,1.044,0.16,0.402,0.738
0.619,0.931,1.354,1.239,1.043,0.159,0.402,0.738
0.618,0.931,1.354,1.238,1.042,0.159,0.402,0.737
0.618,0.93,1.353,1.238,1.042,0.159,0.402,0.737
0.618,0.929,1.353,1.237,1.042,0.159,0.402,0.736
0.618,0.929,1.353,1.236,1.041,0.159,0.402,0.736
0.617,0.928,1.353,1.236,1.04,0.158,0.402,0.735
0.617,0.927,1.352,1.235,1.04,0.158,0.402,0.735
0.617,0.926,1.352,1.235,1.039,0.158,0.402,0.734
0.617,0.926,1.352,1.234,1.039,0.158,0.402,0.734
0.616,0.925,1.352,1.233,1.038,0.158,0.402,0.734
0.616,0.924,1.351,1.233,1.038,0.158,0.402,0.733
0.616,0.924,1.351,1.232,1.037,0.157,0.402,0.733
0.616,0.923,1.351,1.232,1.037,0.157,0.402,0.732
0.615,0.922,1.351,1.232,1.036,0.157,0.402,0.732
0.615,0.922,1.351,1.231,1.036,0.157,0.402,0.731
0.615,0.921,1.35,1.23,1.035,0.157,0.402,0.731
0.615,0.92,1.35,1.23,1.035,0.157,0.402,0.73
0.615,0.92,1.35,1.229,1.034,0.156,0.402,0.73
0.614,0.919,1.349,1.229,1.034,0.156,0.402,0.729
0.614,0.918,1.349,1.228,1.033,0.156,0.402,0.729
0.614,0.918,1.349,1.228,1.033,0.156,0.402,0.728
0.613,0.917,1.349,1.227,1.032,0.156,0.402,0.728
0.613,0.916,1.349,1.226,1.032,0.156,0.402,0.727
0.613,0.916,1.349,1.226,1.031,0.156,0.402,0.727
0.613,0.915,1.348,1.225,1.031,0.155,0.402,0.726
0.613,0.914,1.348,1.225,1.03,0.155,0.402,0.726
0.612,0.914,1.348,1.224,1.03,0.155,0.402,0.725
0.612,0.913,1.347,1.223,1.029,0.155,0.402,0.725
0.612,0.913,1.347,1.223,1.029,0.155,0.401,0.725
0.611,0.912,1.347,1.222,1.028,0.154,0.402,0.724
0.611,0.911,1.347,1.222,1.028,0.154,0.401,0.723
0.611,0.911,1.347,1.221,1.027,0.154,0.401,0.723
0.611,0.91,1.347,1.221,1.027,0.154,0.401,0.723
0.61,0.909,1.346,1.22,1.027,0.154,0.401,0.722
0.61,0.909,1.346,1.219,1.026,0.154,0.401,0.722
0.61,0.908,1.346,1.219,1.026,0.154,0.401,0.721
0.61,0.908,1.346,1.218,1.025,0.154,0.401,0.721
0.609,0.907,1.345,1.218,1.025,0.153,0.401,0.72
0.609,0.906,1.345,1.217,1.024,0.153,0.401,0.72
0.609,0.906,1.345,1.217,1.024,0.153,0.401,0.719
0.609,0.905,1.345,1.216,1.023,0.153,0.401,0.719
0.608,0.904,1.344,1.215,1.023,0.153,0.401,0.718
0.608,0.904,1.344,1.215,1.022,0.153,0.401,0.718
0.608,0.903,1.344,1.214,1.022,0.152,0.401,0.717
0.608,0.903,1.344,1.214,1.021,0.152,0.401,0.717
0.607,0.902,1.343,1.213,1.021,0.152,0.401,0.717
0.607,0.901,1.343,1.213,1.02,0.152,0.401,0.716
0.607,0.901,1.343,1.212,1.02,0.152,0.401,0.716
0.607,0.9,1.343,1.212,1.019,0.152,0.401,0.715
0.606,0.9,1.342,1.211,1.019,0.151,0.401,0.715
0.606,0.899,1.342,1.211,1.018,0.151,0.401,0.714
0.606,0.898,1.342,1.21,1.018,0.151,0.401,0.714
0.606,0.898,1.342,1.209,1.017,0.151,0.401,0.713
0.605,0.897,1.341,1.209,1.017,0.151,0.401,0.713
0.605,0.897,1.341,1.208,1.017,0.151,0.401,0.713
0.605,0.896,1.341,1.208,1.016,0.151,0.401,0.712
0.604,0.895,1.341,1.207,1.016,0.151,0.4,0.712
0.604,0.895,1.34,1.207,1.015,0.15,0.401,0.711
0.604,0.894,1.34,1.206,1.015,0.15,0.401,0.711
0.604,0.894,1.34,1.206,1.014,0.15,0.4,0.71
0.603,0.893,1.34,1.205,1.014,0.15,0.4,0.71
0.603,0.892,1.339,1.204,1.013,0.15,0.4,0.709
0.603,0.892,1.339,1.204,1.013,0.15,0.4,0.709
0.603,0.891,1.339,1.203,1.012,0.15,0.4,0.708
0.602,0.89,1.339,1.203,1.012,0.149,0.4,0.708
0.602,0.89,1.338,1.202,1.012,0.149,0.4,0.708
0.602,0.889,1.338,1.201,1.011,0.149,0.4,0.707
0.602,0.889,1.338,1.201,1.011,0.149,0.4,0.707
0.601,0.888,1.338,1.2,1.01,0.149,0.4,0.706
0.601,0.888,1.337,1.2,1.01,0.149,0.4,0.706
0.601,0.887,1.337,1.199,1.009,0.148,0.4,0.706
0.6,0.886,1.337,1.199,1.009,0.148,0.4,0.705
0.6,0.886,1.337,1.198,1.008,0.148,0.4,0.705
0.6,0.885,1.336,1.198,1.008,0.148,0.4,0.704
0.6,0.885,1.336,1.197,1.007,0.148,0.4,0.704
0.599,0.884,1.336,1.196,1.007,0.148,0.4,0.703
0.599,0.884,1.335,1.196,1.006,0.148,0.4,0.703
0.599,0.883,1.335,1.195,1.006,0.148,0.4,0.702
0.598,0.883,1.335,1.195,1.005,0.147,0.4,0.702
0.598,0.882,1.335,1.194,1.005,0.147,0.4,0.702
0.598,0.881,1.334,1.194,1.005,0.147,0.4,0.701
0.598,0.881,1.334,1.193,1.004,0.147,0.399,0.701
0.597,0.88,1.334,1.192,1.004,0.147,0.399,0.7
0.597,0.88,1.334,1.192,1.003,0.147,0.399,0.7
0.597,0.879,1.334,1.191,1.003,0.147,0.399,0.7
0.597,0.879,1.333,1.191,1.002,0.147,0.399,0.699
0.597,0.878,1.333,1.19,1.002,0.147,0.399,0.699
0.596,0.878,1.333,1.19,1.002,0.146,0.399,0.699
0.596,0.877,1.332,1.19,1.001,0.146,0.399,0.698
0.596,0.877,1.332,1.189,1.001,0.146,0.399,0.698
0.595,0.876,1.332,1.188,1.0,0.146,0.399,0.697
0.595,0.876,1.332,1.188,1.0,0.146,0.399,0.697
0.595,0.875,1.331,1.188,1.0,0.146,0.399,0.696
0.595,0.875,1.331,1.187,0.999,0.146,0.399,0.696
0.594,0.874,1.331,1.186,0.999,0.145,0.399,0.696
0.594,0.874,1.331,1.186,0.998,0.145,0.399,0.695
0.594,0.873,1.33,1.185,0.998,0.145,0.399,0.695
0.594,0.873,1.33,1.185,0.997,0.145,0.399,0.694
0.593,0.872,1.33,1.184,0.997,0.145,0.399,0.694
0.593,0.872,1.33,1.184,0.996,0.145,0.399,0.694
0.593,0.871,1.329,1.183,0.996,0.145,0.399,0.693
0.592,0.87,1.329,1.183,0.995,0.145,0.399,0.693
0.592,0.87,1.329,1.182,0.995,0.144,0.398,0.692
0.592,0.869,1.328,1.181,0.994,0.144,0.399,0.692
0.591,0.869,1.328,1.181,0.994,0.144,0.398,0.691
0.591,0.868,1.328,1.18,0.993,0.144,0.398,0.691
0.591,0.868,1.327,1.18,0.993,0.144,0.398,0.691
0.591,0.867,1.327,1.179,0.993,0.144,0.398,0.69
0.59,0.867,1.327,1.179,0.992,0.144,0.398,0.69
0.59,0.866,1.327,1.178,0.992,0.143,0.398,0.69
0.59,0.866,1.326,1.178,0.991,0.143,0.398,0.689
0.59,0.865,1.326,1.177,0.991,0.143,0.398,0.689
0.589,0.865,1.326,1.177,0.99,0.143,0.398,0.688
0.589,0.864,1.326,1.176,0.99,0.143,0.398,0.688
0.589,0.864,1.325,1.176,0.99,0.143,0.398,0.688
0.589,0.863,1.325,1.175,0.989,0.143,0.398,0.687
0.588,0.863,1.325,1.175,0.989,0.143,0.398,0.687
0.588,0.862,1.325,1.174,0.989,0.143,0.398,0.687
0.588,0.862,1.324,1.174,0.988,0.142,0.398,0.686
0.587,0.861,1.324,1.173,0.988,0.142,0.398,0.686
0.587,0.861,1.324,1.173,0.987,0.142,0.398,0.685
0.587,0.86,1.323,1.172,0.987,0.142,0.398,0.685
0.587,0.86,1.323,1.172,0.986,0.142,0.398,0.685
0.586,0.86,1.323,1.171,0.986,0.142,0.398,0.684
0.586,0.859,1.323,1.171,0.986,0.142,0.398,0.684
0.586,0.859,1.323,1.17,0.985,0.142,0.398,0.684
0.586,0.858,1.322,1.17,0.985,0.142,0.398,0.683
0.585,0.858,1.322,1.169,0.985,0.142,0.398,0.683
0.585,0.857,1.322,1.169,0.984,0.141,0.398,0.683
0.585,0.857,1.322,1.168,0.984,0.141,0.398,0.682
0.585,0.856,1.321,1.168,0.983,0.141,0.398,0.682
0.584,0.856,1.321,1.167,0.983,0.141,0.397,0.681
0.584,0.855,1.321,1.167,0.982,0.141,0.397,0.681
0.584,0.855,1.321,1.166,0.982,0.141,0.397,0.681
0.584,0.854,1.32,1.166,0.982,0.141,0.397,0.68
0.583,0.854,1.32,1.165,0.981,0.141,0.397,0.68
0.583,0.854,1.32,1.165,0.981,0.14,0.397,0.68
0.583,0.853,1.32,1.164,0.98,0.14,0.397,0.679
0.582,0.853,1.319,1.164,0.98,0.14,0.397,0.679
0.582,0.852,1.319,1.163,0.979,0.14,0.397,0.678
0.582,0.852,1.319,1.163,0.979,0.14,0.397,0.678
0.582,0.851,1.318,1.162,0.979,0.14,0.397,0.678
0.582,0.851,1.318,1.162,0.978,0.14,0.397,0.677
0.581,0.85,1.318,1.161,0.978,0.14,0.397,0.677
0.581,0.85,1.318,1.161,0.977,0.14,0.397,0.677
0.581,0.849,1.317,1.16,0.977,0.139,0.397,0.676
0.58,0.849,1.317,1.16,0.977,0.139,0.397,0.676
0.58,0.849,1.317,1.16,0.976,0.139,0.397,0.676
0.58,0.848,1.317,1.159,0.976,0.139,0.397,0.675
0.58,0.848,1.316,1.159,0.975,0.139,0.397,0.675
0.579,0.847,1.316,1.158,0.975,0.139,0.397,0.674
0.579,0.847,1.316,1.158,0.974,0.139,0.397,0.674
0.579,0.846,1.316,1.157,0.974,0.139,0.397,0.674
0.578,0.846,1.315,1.157,0.974,0.139,0.396,0.673
0.578,0.845,1.315,1.156,0.973,0.139,0.396,0.673
0.578,0.845,1.315,1.156,0.973,0.139,0.396,0.673
0.578,0.845,1.314,1.155,0.973,0.138,0.396,0.672
0.577,0.844,1.314,1.155,0.972,0.138,0.396,0.672
0.577,0.844,1.314,1.155,0.972,0.138,0.396,0.671
0.577,0.843,1.314,1.154,0.971,0.138,0.396,0.671
0.577,0.843,1.313,1.153,0.971,0.138,0.396,0.671
0.576,0.842,1.313,1.153,0.971,0.138,0.396,0.67
0.576,0.842,1.313,1.152,0.97,0.138,0.396,0.67
0.576,0.842,1.312,1.152,0.97,0.138,0.396,0.67
0.576,0.841,1.312,1.152,0.969,0.138,0.396,0.669
0.575,0.841,1.311,1.151,0.969,0.137,0.396,0.669
0.575,0.84,1.311,1.15,0.969,0.137,0.396,0.669
0.575,0.84,1.311,1.15,0.968,0.137,0.396,0.668
0.574,0.839,1.311,1.15,0.968,0.137,0.396,0.668
0.574,0.839,1.311,1.149,0.968,0.137,0.396,0.668
0.574,0.839,1.31,1.149,0.967,0.137,0.396,0.667
0.574,0.838,1.31,1.148,0.967,0.137,0.396,0.667
0.573,0.837,1.31,1.147,0.966,0.137,0.396,0.666
0.573,0.837,1.309,1.147,0.966,0.137,0.395,0.666
0.573,0.837,1.309,1.147,0.966,0.137,0.395,0.666
0.572,0.836,1.309,1.146,0.965,0.136,0.395,0.665
0.572,0.836,1.309,1.146,0.965,0.136,0.395,0.665
0.572,0.835,1.308,1.145,0.964,0.136,0.395,0.665
0.572,0.835,1.308,1.145,0.964,0.136,0.395,0.664
0.571,0.834,1.308,1.144,0.964,0.136,0.395,0.664
0.571,0.834,1.307,1.144,0.963,0.136,0.395,0.664
0.571,0.834,1.307,1.143,0.963,0.136,0.395,0.663
0.571,0.833,1.307,1.143,0.962,0.136,0.395,0.663
0.57,0.833,1.306,1.142,0.962,0.136,0.395,0.663
0.57,0.833,1.306,1.142,0.962,0.136,0.395,0.662
0.57,0.832,1.306,1.141,0.961,0.135,0.395,0.662
0.57,0.832,1.305,1.141,0.961,0.135,0.395,0.662
0.569,0.831,1.305,1.141,0.961,0.135,0.395,0.661
0.569,0.831,1.305,1.14,0.96,0.135,0.395,0.661
0.569,0.83,1.305,1.14,0.96,0.135,0.395,0.661
0.569,0.83,1.305,1.139,0.959,0.135,0.395,0.66
0.568,0.83,1.304,1.139,0.959,0.135,0.395,0.66
0.568,0.829,1.304,1.138,0.959,0.135,0.395,0.659
0.568,0.829,1.304,1.138,0.958,0.135,0.395,0.659
0.568,0.829,1.304,1.137,0.958,0.135,0.395,0.659
0.567,0.828,1.303,1.137,0.958,0.135,0.395,0.659
0.567,0.828,1.303,1.137,0.957,0.134,0.394,0.658
0.567,0.827,1.303,1.136,0.957,0.134,0.394,0.658
0.566,0.827,1.303,1.136,0.957,0.134,0.394,0.658
0.566,0.827,1.302,1.135,0.956,0.134,0.394,0.657
0.566,0.826,1.302,1.135,0.956,0.134,0.394,0.657
0.566,0.826,1.302,1.134,0.955,0.134,0.394,0.657
0.565,0.825,1.301,1.134,0.955,0.134,0.394,0.656
0.565,0.825,1.301,1.133,0.955,0.134,0.394,0.656
0.565,0.825,1.301,1.133,0.954,0.134,0.394,0.656
0.565,0.824,1.301,1.132,0.954,0.134,0.394,0.655
0.564,0.824,1.3,1.132,0.954,0.134,0.394,0.655
0.564,0.823,1.3,1.132,0.953,0.133,0.394,0.655
0.564,0.823,1.3,1.131,0.953,0.133,0.394,0.654
0.563,0.822,1.299,1.131,0.953,0.133,0.394,0.654
0.563,0.822,1.299,1.13,0.952,0.133,0.394,0.654
0.563,0.822,1.299,1.13,0.952,0.133,0.394,0.653
0.563,0.821,1.299,1.129,0.952,0.133,0.394,0.653
0.563,0.821,1.298,1.129,0.951,0.133,0.394,0.653
0.562,0.821,1.298,1.128,0.951,0.133,0.394,0.653
0.562,0.82,1.298,1.128,0.95,0.133,0.394,0.652
0.562,0.82,1.297,1.127,0.95,0.133,0.394,0.652
0.561,0.819,1.297,1.127,0.95,0.133,0.394,0.651
0.561,0.819,1.297,1.127,0.949,0.133,0.394,0.651
0.561,0.819,1.297,1.126,0.949,0.132,0.393,0.651
0.561,0.818,1.296,1.126,0.948,0.132,0.393,0.65
0.56,0.818,1.296,1.125,0.948,0.132,0.393,0.65
0.56,0.817,1.296,1.125,0.948,0.132,0.393,0.65
0.56,0.817,1.295,1.124,0.947,0.132,0.393,0.649
0.56,0.817,1.295,1.124,0.947,0.132,0.393,0.649
0.559,0.816,1.295,1.123,0.947,0.132,0.393,0.649
0.559,0.816,1.295,1.123,0.946,0.132,0.393,0.649
0.559,0.816,1.295,1.123,0.946,0.132,0.393,0.648
0.559,0.815,1.295,1.122,0.946,0.132,0.393,0.648
0.558,0.815,1.294,1.122,0.945,0.132,0.393,0.648
0.558,0.815,1.294,1.122,0.945,0.131,0.393,0.648
0.558,0.814,1.294,1.121,0.945,0.132,0.393,0.647
0.558,0.814,1.293,1.121,0.945,0.131,0.393,0.647
0.557,0.813,1.293,1.12,0.944,0.131,0.393,0.647
0.557,0.813,1.293,1.12,0.944,0.131,0.393,0.646
0.557,0.813,1.292,1.119,0.943,0.131,0.393,0.646
0.557,0.813,1.292,1.119,0.943,0.131,0.393,0.646
0.556,0.812,1.292,1.119,0.943,0.131,0.393,0.645
0.556,0.812,1.292,1.118,0.942,0.131,0.393,0.645
0.556,0.811,1.291,1.118,0.942,0.131,0.393,0.645
0.555,0.811,1.291,1.117,0.942,0.131,0.393,0.644
0.555,0.811,1.291,1.117,0.941,0.131,0.393,0.644
0.555,0.81,1.291,1.116,0.941,0.131,0.393,0.644
0.555,0.81,1.29,1.116,0.941,0.13,0.393,0.643
0.554,0.81,1.29,1.116,0.94,0.131,0.392,0.643
0.554,0.809,1.29,1.115,0.94,0.13,0.392,0.643
0.554,0.809,1.289,1.115,0.94,0.13,0.392,0.643
0.554,0.809,1.289,1.114,0.939,0.13,0.392,0.642
0.553,0.808,1.289,1.114,0.939,0.13,0.392,0.642
0.553,0.808,1.289,1.114,0.939,0.13,0.392,0.642
0.553,0.807,1.288,1.113,0.938,0.13,0.392,0.641
0.553,0.807,1.288,1.113,0.938,0.13,0.392,0.641
0.552,0.807,1.288,1.112,0.937,0.13,0.392,0.641
0.552,0.806,1.287,1.112,0.937,0.13,0.392,0.641
0.552,0.806,1.287,1.111,0.937,0.13,0.392,0.64
0.551,0.805,1.286,1.111,0.936,0.129,0.392,0.64
0.551,0.805,1.286,1.11,0.936,0.129,0.392,0.639
0.551,0.805,1.285,1.11,0.935,0.129,0.391,0.639
0.551,0.804,1.285,1.109,0.935,0.129,0.391,0.639
0.55,0.804,1.285,1.109,0.935,0.129,0.391,0.638
0.55,0.804,1.285,1.108,0.934,0.129,0.391,0.638
0.55,0.803,1.284,1.108,0.934,0.129,0.391,0.638
0.549,0.803,1.284,1.107,0.934,0.129,0.391,0.637
0.549,0.802,1.284,1.107,0.933,0.129,0.391,0.637
0.549,0.802,1.284,1.107,0.933,0.129,0.391,0.637
0.549,0.802,1.283,1.106,0.933,0.129,0.391,0.636
0.548,0.801,1.283,1.106,0.932,0.129,0.391,0.636
0.548,0.801,1.283,1.105,0.932,0.128,0.391,0.636
0.548,0.801,1.283,1.105,0.932,0.129,0.391,0.636
0.548,0.8,1.282,1.105,0.931,0.128,0.391,0.635
0.548,0.8,1.282,1.104,0.931,0.128,0.391,0.635
0.547,0.8,1.282,1.104,0.931,0.128,0.391,0.635
0.547,0.799,1.281,1.103,0.93,0.128,0.391,0.634
0.547,0.799,1.281,1.103,0.93,0.128,0.391,0.634
0.547,0.799,1.281,1.102,0.93,0.128,0.391,0.634
0.546,0.798,1.28,1.102,0.929,0.128,0.391,0.634
0.546,0.798,1.28,1.102,0.929,0.128,0.391,0.633
0.546,0.798,1.28,1.101,0.929,0.128,0.391,0.633
0.546,0.797,1.28,1.101,0.928,0.128,0.391,0.633
0.545,0.797,1.279,1.1,0.928,0.128,0.39,0.632
0.545,0.797,1.279,1.1,0.928,0.128,0.391,0.632
0.545,0.796,1.279,1.1,0.927,0.127,0.39,0.632
0.545,0.796,1.278,1.099,0.927,0.127,0.39,0.632
0.544,0.796,1.278,1.099,0.927,0.127,0.39,0.631
0.544,0.795,1.278,1.099,0.926,0.127,0.39,0.631
0.544,0.795,1.278,1.098,0.926,0.127,0.39,0.631
0.544,0.795,1.278,1.098,0.926,0.127,0.39,0.63
0.543,0.794,1.277,1.097,0.925,0.127,0.39,0.63
0.543,0.794,1.277,1.097,0.925,0.127,0.39,0.63
0.543,0.794,1.276,1.096,0.925,0.127,0.39,0.629
0.542,0.793,1.276,1.096,0.925,0.127,0.39,0.629
0.542,0.793,1.276,1.096,0.924,0.127,0.39,0.629
0.542,0.793,1.276,1.095,0.924,0.127,0.39,0.629
0.542,0.792,1.276,1.095,0.924,0.127,0.39,0.628
0.542,0.792,1.275,1.095,0.923,0.127,0.39,0.628
0.541,0.792,1.275,1.094,0.923,0.127,0.39,0.628
0.541,0.792,1.275,1.094,0.923,0.126,0.39,0.627
0.541,0.791,1.275,1.094,0.922,0.126,0.39,0.627
0.54,0.791,1.274,1.093,0.922,0.126,0.39,0.627
0.54,0.791,1.274,1.093,0.922,0.126,0.39,0.627
0.54,0.79,1.274,1.092,0.921,0.126,0.39,0.626
0.54,0.79,1.274,1.092,0.921,0.126,0.39,0.626
0.54,0.79,1.273,1.091,0.921,0.126,0.389,0.626
0.539,0.789,1.273,1.091,0.92,0.126,0.389,0.626
0.539,0.789,1.273,1.091,0.92,0.126,0.39,0.625
0.539,0.789,1.272,1.09,0.92,0.126,0.389,0.625
0.539,0.788,1.272,1.09,0.92,0.126,0.389,0.625
0.538,0.788,1.272,1.09,0.919,0.126,0.389,0.624
0.538,0.788,1.271,1.089,0.919,0.126,0.389,0.624
0.538,0.788,1.271,1.089,0.919,0.126,0.389,0.624
0.538,0.787,1.271,1.088,0.918,0.126,0.389,0.624
0.537,0.787,1.271,1.088,0.918,0.125,0.389,0.623
0.537,0.787,1.27,1.088,0.918,0.125,0.389,0.623
0.537,0.786,1.27,1.087,0.917,0.125,0.389,0.623
0.537,0.786,1.27,1.087,0.917,0.125,0.389,0.623
0.536,0.786,1.269,1.087,0.917,0.125,0.389,0.622
0.536,0.785,1.269,1.086,0.916,0.125,0.389,0.622
0.536,0.785,1.269,1.086,0.916,0.125,0.389,0.622
0.536,0.785,1.269,1.085,0.916,0.125,0.389,0.621
0.536,0.785,1.268,1.085,0.916,0.125,0.389,0.621
0.535,0.784,1.268,1.085,0.915,0.125,0.388,0.621
0.535,0.784,1.268,1.084,0.915,0.125,0.388,0.621
0.535,0.784,1.267,1.084,0.915,0.125,0.388,0.62
0.534,0.783,1.267,1.084,0.914,0.125,0.388,0.62
0.534,0.783,1.267,1.083,0.914,0.125,0.388,0.62
0.534,0.783,1.266,1.083,0.914,0.124,0.388,0.619
0.534,0.782,1.266,1.082,0.913,0.124,0.388,0.619
0.534,0.782,1.266,1.082,0.913,0.124,0.388,0.619
0.533,0.782,1.266,1.082,0.913,0.124,0.388,0.618
0.533,0.781,1.265,1.081,0.912,0.124,0.388,0.618
0.533,0.781,1.265,1.081,0.912,0.124,0.388,0.618
0.532,0.781,1.265,1.081,0.912,0.124,0.388,0.618
0.532,0.78,1.265,1.08,0.912,0.124,0.388,0.618
0.532,0.78,1.264,1.08,0.911,0.124,0.388,0.617
0.532,0.78,1.264,1.08,0.911,0.124,0.388,0.617
0.532,0.78,1.264,1.079,0.911,0.124,0.388,0.617
0.531,0.779,1.263,1.079,0.91,0.124,0.388,0.616
0.531,0.779,1.263,1.078,0.91,0.124,0.388,0.616
0.531,0.779,1.263,1.078,0.91,0.124,0.388,0.616
0.531,0.778,1.262,1.078,0.909,0.124,0.388,0.616
0.53,0.778,1.262,1.077,0.909,0.123,0.387,0.615
0.53,0.778,1.262,1.077,0.909,0.124,0.387,0.615
0.53,0.778,1.262,1.076,0.909,0.123,0.387,0.615
0.53,0.777,1.261,1.076,0.909,0.123,0.387,0.615
0.53,0.777,1.261,1.076,0.908,0.123,0.387,0.614
0.529,0.777,1.261,1.075,0.908,0.123,0.387,0.614
0.529,0.777,1.26,1.075,0.907,0.123,0.387,0.614
0.529,0.776,1.26,1.075,0.907,0.123,0.387,0.614
0.529,0.776,1.26,1.075,0.907,0.123,0.387,0.613
0.528,0.776,1.26,1.074,0.907,0.123,0.387,0.613
0.528,0.775,1.26,1.074,0.906,0.123,0.387,0.613
0.528,0.775,1.259,1.073,0.906,0.123,0.387,0.613
0.528,0.775,1.259,1.073,0.906,0.123,0.387,0.612
0.527,0.775,1.259,1.072,0.906,0.123,0.387,0.612
0.527,0.774,1.258,1.072,0.905,0.123,0.387,0.612
0.527,0.774,1.258,1.072,0.905,0.123,0.387,0.612
0.527,0.774,1.258,1.071,0.905,0.122,0.387,0.611
0.527,0.773,1.258,1.071,0.904,0.123,0.387,0.611
0.526,0.773,1.257,1.071,0.904,0.122,0.387,0.611
0.526,0.773,1.257,1.07,0.904,0.122,0.387,0.611
0.526,0.773,1.257,1.07,0.903,0.122,0.386,0.61
0.525,0.772,1.256,1.07,0.903,0.122,0.387,0.61
0.525,0.772,1.256,1.069,0.903,0.122,0.386,0.61
0.525,0.772,1.256,1.069,0.903,0.122,0.386,0.61
0.525,0.771,1.255,1.068,0.902,0.122,0.386,0.609
0.525,0.771,1.255,1.068,0.902,0.122,0.386,0.609
0.524,0.771,1.255,1.068,0.902,0.122,0.386,0.609
0.524,0.771,1.255,1.067,0.902,0.122,0.386,0.609
0.524,0.77,1.254,1.067,0.901,0.122,0.386,0.608
0.524,0.77,1.254,1.067,0.901,0.122,0.386,0.608
0.523,0.77,1.254,1.067,0.901,0.122,0.386,0.608
0.523,0.77,1.254,1.066,0.9,0.122,0.386,0.608
0.523,0.769,1.253,1.066,0.9,0.122,0.386,0.607
0.523,0.769,1.253,1.066,0.9,0.122,0.386,0.607
0.523,0.769,1.253,1.065,0.9,0.121,0.386,0.607
0.522,0.769,1.253,1.065,0.899,0.121,0.386,0.607
0.522,0.768,1.252,1.065,0.899,0.121,0.386,0.606
0.522,0.768,1.252,1.064,0.899,0.121,0.386,0.606
0.522,0.768,1.252,1.064,0.899,0.121,0.386,0.606
0.522,0.767,1.251,1.063,0.898,0.121,0.385,0.606
0.521,0.767,1.251,1.063,0.898,0.121,0.385,0.606
0.521,0.767,1.251,1.063,0.898,0.121,0.385,0.605
0.521,0.767,1.251,1.063,0.897,0.121,0.385,0.605
0.52,0.767,1.25,1.062,0.897,0.121,0.385,0.605
0.52,0.766,1.25,1.062,0.897,0.121,0.385,0.604
0.52,0.766,1.25,1.061,0.897,0.121,0.385,0.604
0.52,0.766,1.249,1.061,0.896,0.121,0.385,0.604
0.52,0.766,1.249,1.061,0.896,0.121,0.385,0.604
0.519,0.765,1.249,1.061,0.896,0.121,0.385,0.604
0.519,0.765,1.249,1.06,0.896,0.121,0.385,0.603
0.519,0.765,1.248,1.06,0.895,0.121,0.385,0.603
0.519,0.765,1.248,1.06,0.895,0.121,0.385,0.603
0.519,0.764,1.248,1.059,0.895,0.121,0.385,0.603
0.518,0.764,1.248,1.059,0.895,0.12,0.385,0.602
0.518,0.764,1.247,1.059,0.894,0.12,0.385,0.602
0.518,0.764,1.247,1.058,0.894,0.12,0.385,0.602
0.518,0.763,1.247,1.058,0.894,0.12,0.385,0.602
0.517,0.763,1.246,1.058,0.894,0.12,0.385,0.601
0.517,0.763,1.246,1.057,0.893,0.12,0.385,0.601
0.517,0.763,1.246,1.057,0.893,0.12,0.385,0.601
0.517,0.762,1.246,1.057,0.893,0.12,0.385,0.601
0.516,0.762,1.245,1.056,0.892,0.12,0.384,0.601
0.516,0.762,1.245,1.056,0.892,0.12,0.384,0.6
0.516,0.762,1.245,1.055,0.892,0.12,0.384,0.6
0.516,0.761,1.244,1.055,0.891,0.12,0.384,0.6
0.516,0.761,1.244,1.055,0.891,0.12,0.384,0.599
0.515,0.761,1.244,1.054,0.891,0.12,0.384,0.599
0.515,0.76,1.243,1.054,0.891,0.12,0.384,0.599
0.515,0.76,1.243,1.054,0.89,0.12,0.384,0.599
0.515,0.76,1.243,1.053,0.89,0.119,0.384,0.598
0.515,0.76,1.243,1.053,0.89,0.12,0.384,0.598
0.514,0.759,1.242,1.053,0.889,0.12,0.384,0.598
0.514,0.759,1.242,1.052,0.889,0.119,0.384,0.598
0.514,0.759,1.242,1.052,0.889,0.119,0.384,0.598
0.514,0.759,1.241,1.052,0.889,0.119,0.384,0.598
0.513,0.758,1.241,1.051,0.888,0.119,0.384,0.597
0.513,0.758,1.241,1.051,0.888,0.119,0.384,0.597
0.513,0.758,1.241,1.051,0.888,0.119,0.384,0.597
0.513,0.758,1.24,1.05,0.888,0.119,0.384,0.597
0.512,0.758,1.24,1.05,0.888,0.119,0.383,0.596
0.512,0.757,1.24,1.05,0.887,0.119,0.383,0.596
0.512,0.757,1.24,1.05,0.887,0.119,0.383,0.596
0.512,0.757,1.239,1.049,0.887,0.119,0.383,0.596
0.512,0.757,1.239,1.049,0.886,0.119,0.383,0.595
0.511,0.756,1.239,1.049,0.886,0.119,0.383,0.595
0.511,0.756,1.239,1.048,0.886,0.119,0.383,0.595
0.511,0.756,1.238,1.048,0.886,0.119,0.383,0.595
0.511,0.756,1.238,1.048,0.885,0.119,0.383,0.595
0.511,0.755,1.238,1.048,0.885,0.119,0.383,0.594
0.51,0.755,1.237,1.047,0.885,0.119,0.383,0.594
0.51,0.755,1.237,1.047,0.885,0.119,0.383,0.594
0.51,0.755,1.237,1.046,0.884,0.118,0.383,0.594
0.51,0.755,1.237,1.046,0.884,0.119,0.383,0.593
0.51,0.754,1.236,1.046,0.884,0.118,0.383,0.593
0.509,0.754,1.236,1.046,0.884,0.118,0.383,0.593
0.509,0.754,1.236,1.045,0.884,0.118,0.383,0.593
0.509,0.754,1.236,1.045,0.883,0.118,0.383,0.593
0.509,0.753,1.235,1.045,0.883,0.118,0.383,0.592
0.508,0.753,1.235,1.044,0.883,0.118,0.383,0.592
0.508,0.753,1.235,1.044,0.882,0.118,0.382,0.592
0.508,0.753,1.235,1.044,0.882,0.118,0.383,0.592
0.508,0.753,1.234,1.043,0.882,0.118,0.382,0.592
0.508,0.752,1.234,1.043,0.882,0.118,0.382,0.591
0.507,0.752,1.234,1.043,0.882,0.118,0.382,0.591
0.507,0.752,1.234,1.042,0.881,0.118,0.382,0.591
0.507,0.752,1.233,1.042,0.881,0.118,0.382,0.591
0.507,0.751,1.233,1.042,0.881,0.118,0.382,0.59
0.507,0.751,1.233,1.042,0.881,0.118,0.382,0.59
0.507,0.751,1.233,1.041,0.881,0.118,0.382,0.59
0.506,0.751,1.232,1.041,0.88,0.118,0.382,0.59
0.506,0.751,1.232,1.041,0.88,0.118,0.382,0.59
0.506,0.75,1.232,1.04,0.88,0.117,0.382,0.589
0.506,0.75,1.232,1.04,0.879,0.118,0.382,0.589
0.506,0.75,1.231,1.04,0.879,0.118,0.382,0.589
0.505,0.75,1.231,1.039,0.879,0.117,0.382,0.589
0.505,0.749,1.231,1.039,0.879,0.118,0.382,0.589
0.505,0.749,1.23,1.039,0.878,0.117,0.382,0.588
0.505,0.749,1.23,1.039,0.878,0.117,0.382,0.588
0.504,0.749,1.23,1.038,0.878,0.117,0.382,0.588
0.504,0.748,1.23,1.038,0.878,0.117,0.382,0.588
0.504,0.748,1.229,1.038,0.877,0.117,0.381,0.587
0.504,0.748,1.229,1.037,0.877,0.117,0.381,0.587
0.504,0.748,1.229,1.037,0.877,0.117,0.381,0.587
0.503,0.747,1.228,1.037,0.877,0.117,0.381,0.587
0.503,0.747,1.228,1.037,0.876,0.117,0.381,0.587
0.503,0.747,1.228,1.036,0.876,0.117,0.381,0.586
0.503,0.747,1.227,1.036,0.876,0.117,0.381,0.586
0.503,0.746,1.227,1.035,0.876,0.117,0.381,0.586
0.502,0.746,1.227,1.035,0.875,0.117,0.381,0.586
0.502,0.746,1.226,1.035,0.875,0.117,0.381,0.585
0.502,0.746,1.226,1.034,0.875,0.117,0.381,0.585
0.502,0.746,1.226,1.034,0.875,0.117,0.381,0.585
0.502,0.745,1.226,1.034,0.875,0.117,0.381,0.585
0.501,0.745,1.225,1.033,0.874,0.117,0.381,0.585
0.501,0.745,1.225,1.033,0.874,0.116,0.381,0.584
0.501,0.745,1.225,1.033,0.873,0.116,0.38,0.584
0.501,0.744,1.225,1.033,0.873,0.116,0.381,0.584
0.501,0.744,1.224,1.032,0.873,0.116,0.381,0.584
0.5,0.744,1.224,1.032,0.873,0.116,0.38,0.583
0.5,0.744,1.224,1.032,0.873,0.116,0.38,0.583
0.5,0.744,1.224,1.031,0.873,0.116,0.38,0.583
0.5,0.744,1.223,1.031,0.872,0.116,0.38,0.583
0.499,0.743,1.223,1.031,0.872,0.116,0.38,0.583
0.499,0.743,1.223,1.031,0.872,0.116,0.38,0.582
0.499,0.743,1.222,1.03,0.872,0.116,0.38,0.582
0.499,0.743,1.222,1.03,0.871,0.116,0.38,0.582
0.499,0.743,1.222,1.03,0.871,0.116,0.38,0.582
0.499,0.742,1.222,1.029,0.871,0.116,0.38,0.582
0.498,0.742,1.222,1.029,0.871,0.116,0.38,0.582
0.498,0.742,1.221,1.029,0.87,0.116,0.38,0.582
0.498,0.742,1.221,1.028,0.87,0.116,0.38,0.581
0.498,0.742,1.221,1.028,0.87,0.116,0.38,0.581
0.498,0.741,1.221,1.028,0.87,0.116,0.38,0.581
0.497,0.741,1.22,1.028,0.869,0.116,0.38,0.581
0.497,0.741,1.22,1.027,0.869,0.116,0.38,0.58
0.497,0.741,1.22,1.027,0.869,0.116,0.38,0.58
0.497,0.741,1.219,1.027,0.869,0.116,0.38,0.58
0.496,0.74,1.219,1.027,0.869,0.116,0.38,0.58
0.496,0.74,1.219,1.026,0.868,0.115,0.379,0.58
0.496,0.74,1.219,1.026,0.868,0.116,0.38,0.579
0.496,0.74,1.219,1.026,0.868,0.115,0.379,0.579
0.496,0.74,1.218,1.025,0.868,0.115,0.379,0.579
0.496,0.739,1.218,1.025,0.867,0.115,0.379,0.579
0.495,0.739,1.218,1.025,0.867,0.115,0.379,0.578
0.495,0.739,1.217,1.024,0.867,0.115,0.379,0.578
0.495,0.739,1.217,1.024,0.867,0.115,0.379,0.578
0.495,0.738,1.217,1.024,0.866,0.115,0.379,0.578
0.495,0.738,1.216,1.023,0.866,0.115,0.379,0.578
0.494,0.738,1.216,1.023,0.866,0.115,0.379,0.578
0.494,0.738,1.216,1.023,0.866,0.115,0.379,0.577
0.494,0.737,1.215,1.023,0.866,0.115,0.379,0.577
0.494,0.737,1.215,1.022,0.865,0.115,0.379,0.577
0.493,0.737,1.215,1.022,0.865,0.115,0.379,0.577
0.493,0.737,1.214,1.021,0.865,0.115,0.379,0.576
0.493,0.737,1.214,1.021,0.865,0.115,0.379,0.576
0.493,0.736,1.214,1.021,0.864,0.115,0.379,0.576
0.493,0.736,1.214,1.021,0.864,0.115,0.378,0.576
0.492,0.736,1.213,1.02,0.864,0.115,0.378,0.576
0.492,0.736,1.213,1.02,0.863,0.115,0.378,0.575
0.492,0.736,1.213,1.02,0.863,0.115,0.378,0.575
0.492,0.735,1.212,1.019,0.863,0.114,0.378,0.575
0.491,0.735,1.212,1.019,0.863,0.114,0.378,0.575
0.491,0.735,1.212,1.019,0.862,0.114,0.378,0.574
0.491,0.735,1.211,1.019,0.862,0.114,0.378,0.574
0.491,0.734,1.211,1.018,0.862,0.114,0.378,0.574
0.491,0.734,1.211,1.018,0.861,0.114,0.378,0.574
0.491,0.734,1.21,1.017,0.861,0.114,0.378,0.574
0.49,0.734,1.21,1.017,0.861,0.114,0.378,0.573
0.49,0.733,1.21,1.017,0.861,0.114,0.378,0.573
0.49,0.733,1.209,1.017,0.86,0.114,0.378,0.573
0.49,0.733,1.209,1.016,0.86,0.114,0.378,0.573
0.489,0.733,1.209,1.016,0.86,0.114,0.378,0.573
0.489,0.733,1.209,1.016,0.86,0.114,0.377,0.573
0.489,0.732,1.209,1.016,0.86,0.114,0.377,0.572
0.489,0.732,1.209,1.016,0.86,0.114,0.377,0.572
0.489,0.732,1.208,1.015,0.859,0.114,0.377,0.572
0.489,0.732,1.208,1.015,0.859,0.114,0.377,0.572
0.488,0.732,1.207,1.014,0.859,0.114,0.377,0.572
0.488,0.732,1.207,1.014,0.859,0.114,0.377,0.571
0.488,0.731,1.207,1.014,0.858,0.114,0.377,0.571
0.488,0.731,1.207,1.014,0.858,0.114,0.377,0.571
0.488,0.731,1.207,1.014,0.858,0.114,0.377,0.571
0.488,0.731,1.206,1.013,0.858,0.114,0.377,0.571
0.487,0.731,1.206,1.013,0.858,0.113,0.377,0.57
0.487,0.73,1.206,1.013,0.857,0.114,0.377,0.57
0.487,0.73,1.206,1.012,0.857,0.114,0.377,0.57
0.487,0.73,1.205,1.013,0.857,0.114,0.377,0.57
0.487,0.73,1.205,1.012,0.857,0.114,0.377,0.57
0.486,0.73,1.205,1.012,0.857,0.113,0.377,0.57
0.486,0.73,1.204,1.012,0.857,0.113,0.377,0.569
0.486,0.729,1.204,1.011,0.856,0.113,0.377,0.569
0.486,0.729,1.204,1.011,0.856,0.113,0.376,0.569
0.486,0.729,1.204,1.011,0.856,0.113,0.377,0.569
0.485,0.729,1.203,1.01,0.856,0.113,0.376,0.569
0.485,0.729,1.203,1.01,0.855,0.113,0.376,0.569
0.485,0.729,1.203,1.01,0.855,0.113,0.376,0.568
0.485,0.728,1.203,1.01,0.855,0.113,0.376,0.568
0.485,0.728,1.202,1.009,0.855,0.113,0.376,0.568
0.485,0.728,1.202,1.009,0.854,0.113,0.376,0.568
0.484,0.728,1.202,1.009,0.854,0.113,0.376,0.567
0.484,0.728,1.202,1.009,0.854,0.113,0.376,0.567
0.484,0.728,1.201,1.009,0.854,0.113,0.376,0.567
0.484,0.727,1.201,1.008,0.853,0.113,0.376,0.567
0.484,0.727,1.201,1.008,0.853,0.113,0.376,0.567
0.483,0.727,1.201,1.008,0.853,0.113,0.376,0.567
0.483,0.727,1.201,1.008,0.853,0.113,0.376,0.566
0.483,0.727,1.2,1.007,0.853,0.113,0.376,0.566
0.483,0.726,1.2,1.007,0.852,0.113,0.376,0.566
0.483,0.726,1.199,1.007,0.852,0.113,0.376,0.566
0.483,0.726,1.199,1.006,0.852,0.112,0.376,0.566
0.482,0.726,1.199,1.006,0.852,0.113,0.376,0.566
0.482,0.725,1.199,1.006,0.852,0.112,0.375,0.565
0.482,0.725,1.199,1.006,0.852,0.112,0.375,0.565
0.482,0.725,1.198,1.005,0.851,0.112,0.375,0.565
0.482,0.725,1.198,1.005,0.851,0.112,0.375,0.565
0.482,0.725,1.198,1.005,0.851,0.112,0.375,0.565
0.481,0.725,1.198,1.005,0.851,0.112,0.375,0.564
0.481,0.725,1.197,1.005,0.851,0.112,0.375,0.564
0.481,0.725,1.197,1.004,0.85,0.112,0.375,0.564
0.481,0.724,1.197,1.004,0.85,0.112,0.375,0.564
0.481,0.724,1.197,1.004,0.85,0.112,0.375,0.564
0.481,0.724,1.196,1.004,0.85,0.112,0.375,0.564
0.48,0.724,1.196,1.004,0.85,0.112,0.375,0.564
0.48,0.724,1.196,1.003,0.85,0.112,0.375,0.563
0.48,0.724,1.196,1.003,0.849,0.112,0.375,0.563
0.48,0.723,1.196,1.003,0.849,0.112,0.375,0.563
0.48,0.723,1.195,1.002,0.849,0.112,0.375,0.563
0.479,0.723,1.195,1.002,0.849,0.112,0.375,0.563
0.479,0.723,1.195,1.002,0.848,0.112,0.375,0.562
0.479,0.723,1.195,1.002,0.848,0.112,0.375,0.562
0.479,0.722,1.194,1.002,0.848,0.112,0.374,0.562
0.479,0.722,1.194,1.001,0.848,0.112,0.375,0.562
0.479,0.722,1.194,1.001,0.848,0.112,0.374,0.562
0.478,0.722,1.193,1.001,0.848,0.112,0.374,0.562
0.478,0.722,1.193,1.0,0.847,0.112,0.374,0.561
0.478,0.722,1.193,1.0,0.847,0.112,0.374,0.561
0.478,0.722,1.193,1.0,0.847,0.112,0.374,0.561
0.478,0.721,1.192,1.0,0.847,0.112,0.374,0.561
0.477,0.721,1.192,1.0,0.846,0.112,0.374,0.561
0.477,0.721,1.192,0.999,0.846,0.112,0.374,0.561
0.477,0.721,1.192,0.999,0.846,0.112,0.374,0.56
0.477,0.721,1.191,0.999,0.846,0.111,0.374,0.56
0.477,0.721,1.191,0.999,0.846,0.112,0.374,0.56
0.477,0.72,1.191,0.999,0.846,0.111,0.374,0.56
0.476,0.72,1.191,0.998,0.846,0.111,0.374,0.56
0.476,0.72,1.19,0.998,0.845,0.111,0.374,0.56
0.476,0.72,1.19,0.998,0.845,0.111,0.374,0.559
0.476,0.72,1.19,0.998,0.845,0.111,0.374,0.559
0.476,0.72,1.19,0.997,0.845,0.111,0.374,0.559
0.476,0.719,1.189,0.997,0.844,0.111,0.374,0.559
0.476,0.719,1.189,0.997,0.844,0.111,0.374,0.559
0.475,0.719,1.189,0.997,0.844,0.111,0.373,0.559
0.475,0.719,1.189,0.996,0.844,0.111,0.373,0.558
0.475,0.719,1.188,0.996,0.844,0.111,0.373,0.558
0.475,0.718,1.188,0.996,0.844,0.111,0.373,0.558
0.475,0.718,1.188,0.996,0.843,0.111,0.373,0.558
0.475,0.718,1.188,0.996,0.843,0.111,0.373,0.558
0.474,0.718,1.187,0.995,0.843,0.111,0.373,0.557
0.474,0.718,1.187,0.995,0.843,0.111,0.373,0.557
0.474,0.718,1.187,0.995,0.843,0.111,0.373,0.557
0.474,0.718,1.187,0.995,0.842,0.111,0.373,0.557
0.474,0.718,1.186,0.994,0.842,0.111,0.373,0.557
0.474,0.717,1.186,0.994,0.842,0.111,0.373,0.557
0.473,0.717,1.186,0.994,0.842,0.111,0.373,0.557
0.473,0.717,1.186,0.994,0.842,0.111,0.373,0.557
0.473,0.717,1.186,0.994,0.842,0.111,0.373,0.556
0.473,0.717,1.186,0.993,0.842,0.111,0.373,0.556
0.473,0.717,1.185,0.993,0.841,0.111,0.373,0.556
0.473,0.717,1.185,0.993,0.841,0.111,0.373,0.556
0.472,0.716,1.185,0.993,0.841,0.111,0.372,0.556
0.472,0.716,1.184,0.992,0.841,0.111,0.373,0.556
0.472,0.716,1.184,0.992,0.841,0.111,0.373,0.556
0.472,0.716,1.184,0.992,0.84,0.111,0.372,0.555
0.472,0.716,1.184,0.992,0.84,0.11,0.373,0.555
0.472,0.716,1.184,0.992,0.84,0.111,0.372,0.555
0.472,0.716,1.183,0.992,0.84,0.111,0.372,0.555
0.471,0.715,1.183,0.991,0.84,0.11,0.372,0.555
0.471,0.715,1.183,0.991,0.84,0.11,0.372,0.554
0.471,0.715,1.183,0.991,0.84,0.11,0.372,0.554
0.471,0.715,1.182,0.991,0.839,0.11,0.372,0.554
0.471,0.715,1.182,0.99,0.839,0.11,0.372,0.554
0.47,0.715,1.182,0.99,0.839,0.11,0.372,0.554
0.47,0.714,1.182,0.99,0.839,0.11,0.372,0.554
0.47,0.714,1.181,0.99,0.839,0.11,0.372,0.554
0.47,0.714,1.181,0.989,0.838,0.11,0.372,0.554
0.47,0.714,1.181,0.989,0.838,0.11,0.372,0.553
0.47,0.714,1.181,0.989,0.838,0.11,0.372,0.553
0.469,0.714,1.18,0.989,0.838,0.11,0.372,0.553
0.469,0.714,1.18,0.989,0.838,0.11,0.372,0.553
0.469,0.713,1.18,0.988,0.838,0.11,0.372,0.553
0.469,0.713,1.18,0.988,0.837,0.11,0.372,0.552
0.469,0.713,1.18,0.988,0.837,0.11,0.372,0.552
0.469,0.713,1.179,0.988,0.837,0.11,0.372,0.552
0.469,0.713,1.179,0.988,0.837,0.11,0.371,0.552
0.468,0.713,1.179,0.987,0.836,0.11,0.371,0.552
0.468,0.712,1.178,0.987,0.836,0.11,0.371,0.552
0.468,0.712,1.178,0.987,0.836,0.11,0.371,0.552
0.468,0.712,1.178,0.986,0.836,0.11,0.371,0.551
0.468,0.712,1.178,0.986,0.836,0.11,0.371,0.551
0.468,0.712,1.177,0.986,0.836,0.11,0.371,0.551
0.468,0.712,1.177,0.986,0.836,0.11,0.371,0.551
0.467,0.712,1.177,0.986,0.836,0.11,0.371,0.551
0.467,0.712,1.177,0.986,0.835,0.11,0.371,0.551
0.467,0.711,1.177,0.985,0.835,0.11,0.371,0.551
0.467,0.711,1.176,0.985,0.835,0.109,0.371,0.55
0.466,0.711,1.176,0.985,0.835,0.11,0.371,0.55
0.467,0.711,1.176,0.984,0.834,0.109,0.371,0.55
0.466,0.711,1.175,0.984,0.834,0.11,0.371,0.55
0.466,0.71,1.175,0.984,0.834,0.109,0.371,0.55
0.466,0.71,1.175,0.984,0.834,0.109,0.371,0.549
0.466,0.71,1.175,0.984,0.834,0.109,0.37,0.549
0.466,0.71,1.175,0.983,0.834,0.109,0.371,0.549
0.466,0.71,1.174,0.983,0.833,0.109,0.37,0.549
0.465,0.71,1.174,0.983,0.833,0.109,0.371,0.549
0.465,0.71,1.174,0.983,0.833,0.109,0.371,0.549
0.465,0.71,1.174,0.983,0.833,0.109,0.37,0.549
0.465,0.709,1.173,0.982,0.833,0.109,0.37,0.548
0.465,0.709,1.173,0.982,0.833,0.109,0.37,0.548
0.464,0.709,1.173,0.982,0.832,0.109,0.37,0.548
0.464,0.709,1.172,0.982,0.832,0.109,0.37,0.548
0.464,0.709,1.172,0.982,0.832,0.109,0.37,0.548
0.464,0.709,1.172,0.981,0.832,0.109,0.37,0.548
0.464,0.708,1.172,0.981,0.832,0.109,0.37,0.548
0.464,0.708,1.172,0.981,0.831,0.109,0.37,0.547
0.464,0.708,1.171,0.981,0.831,0.109,0.37,0.547
0.464,0.708,1.171,0.98,0.831,0.109,0.37,0.547
0.463,0.708,1.171,0.98,0.831,0.109,0.37,0.547
0.463,0.708,1.171,0.98,0.831,0.109,0.37,0.547
0.463,0.708,1.17,0.98,0.831,0.109,0.37,0.547
0.463,0.708,1.17,0.98,0.831,0.109,0.37,0.546
0.463,0.707,1.17,0.98,0.83,0.109,0.37,0.546
0.463,0.707,1.17,0.979,0.83,0.109,0.37,0.546
0.462,0.707,1.17,0.979,0.83,0.109,0.37,0.546
0.462,0.707,1.169,0.979,0.83,0.109,0.37,0.546
0.462,0.707,1.169,0.979,0.83,0.109,0.37,0.546
0.462,0.707,1.169,0.979,0.83,0.109,0.369,0.546
0.462,0.707,1.169,0.978,0.829,0.109,0.369,0.545
0.462,0.707,1.168,0.978,0.829,0.109,0.369,0.545
0.462,0.706,1.168,0.978,0.829,0.109,0.369,0.545
0.462,0.706,1.168,0.978,0.829,0.109,0.369,0.545
0.461,0.706,1.168,0.978,0.829,0.109,0.369,0.545
0.461,0.706,1.168,0.978,0.829,0.109,0.369,0.545
0.461,0.706,1.168,0.977,0.829,0.108,0.369,0.545
0.461,0.706,1.167,0.977,0.829,0.108,0.369,0.545
0.461,0.706,1.167,0.977,0.828,0.108,0.369,0.545
0.461,0.705,1.167,0.977,0.828,0.108,0.369,0.544
0.46,0.705,1.167,0.977,0.828,0.109,0.369,0.544
0.46,0.705,1.167,0.976,0.828,0.108,0.369,0.544
0.46,0.705,1.166,0.976,0.828,0.108,0.369,0.544
0.46,0.705,1.166,0.976,0.828,0.108,0.369,0.544
0.46,0.705,1.166,0.976,0.827,0.108,0.369,0.544
0.46,0.705,1.166,0.976,0.827,0.108,0.369,0.543
0.46,0.704,1.165,0.975,0.827,0.108,0.369,0.543
0.46,0.704,1.165,0.975,0.827,0.108,0.369,0.543
0.459,0.704,1.164,0.975,0.826,0.108,0.369,0.543
0.459,0.704,1.164,0.975,0.826,0.108,0.368,0.543
0.459,0.704,1.164,0.975,0.826,0.108,0.369,0.543
0.459,0.704,1.164,0.974,0.826,0.108,0.369,0.543
0.459,0.704,1.164,0.974,0.826,0.108,0.368,0.542
0.459,0.703,1.163,0.974,0.826,0.108,0.368,0.542
0.458,0.703,1.163,0.974,0.826,0.108,0.368,0.542
0.458,0.703,1.163,0.973,0.825,0.108,0.368,0.542
0.458,0.703,1.163,0.973,0.825,0.108,0.368,0.542
0.458,0.703,1.162,0.973,0.825,0.108,0.368,0.542
0.458,0.703,1.162,0.973,0.825,0.108,0.368,0.542
0.458,0.703,1.162,0.973,0.825,0.108,0.368,0.541
0.458,0.703,1.162,0.973,0.825,0.108,0.368,0.541
0.457,0.702,1.162,0.972,0.825,0.108,0.368,0.541
0.457,0.702,1.162,0.972,0.825,0.108,0.368,0.541
0.457,0.702,1.161,0.972,0.825,0.108,0.368,0.541
0.457,0.702,1.161,0.972,0.825,0.108,0.368,0.541
0.457,0.702,1.161,0.972,0.824,0.108,0.368,0.541
0.457,0.702,1.161,0.972,0.824,0.108,0.368,0.541
0.457,0.702,1.161,0.972,0.824,0.108,0.368,0.54
0.457,0.702,1.16,0.971,0.824,0.108,0.368,0.54
0.456,0.702,1.16,0.971,0.824,0.108,0.368,0.54
0.456,0.701,1.16,0.971,0.824,0.108,0.368,0.54
0.456,0.701,1.16,0.971,0.824,0.108,0.367,0.54
0.456,0.701,1.159,0.971,0.823,0.108,0.368,0.54
0.456,0.701,1.159,0.97,0.823,0.108,0.367,0.54
0.456,0.701,1.159,0.97,0.823,0.107,0.367,0.54
0.456,0.701,1.159,0.97,0.823,0.107,0.367,0.54
0.455,0.701,1.158,0.97,0.823,0.107,0.367,0.539
0.455,0.7,1.158,0.969,0.822,0.107,0.367,0.539
0.455,0.7,1.158,0.969,0.822,0.107,0.367,0.539
0.455,0.7,1.158,0.969,0.822,0.107,0.367,0.539
0.455,0.7,1.157,0.969,0.822,0.108,0.367,0.539
0.455,0.7,1.157,0.969,0.822,0.107,0.367,0.538
0.454,0.7,1.157,0.969,0.822,0.107,0.367,0.538
0.454,0.7,1.157,0.969,0.822,0.107,0.367,0.538
0.454,0.7,1.156,0.968,0.821,0.107,0.367,0.538
0.454,0.699,1.156,0.968,0.821,0.107,0.367,0.538
0.454,0.699,1.156,0.968,0.821,0.107,0.367,0.538
0.454,0.699,1.156,0.967,0.821,0.107,0.367,0.538
0.454,0.699,1.156,0.967,0.821,0.107,0.367,0.537
0.453,0.699,1.155,0.967,0.82,0.107,0.367,0.537
0.453,0.699,1.155,0.967,0.821,0.107,0.367,0.537
0.453,0.699,1.155,0.967,0.82,0.107,0.366,0.537
0.453,0.698,1.155,0.967,0.82,0.107,0.367,0.537
0.453,0.698,1.155,0.967,0.82,0.107,0.366,0.537
0.453,0.698,1.154,0.966,0.82,0.107,0.367,0.537
0.453,0.698,1.154,0.966,0.82,0.107,0.366,0.537
0.452,0.698,1.154,0.966,0.82,0.107,0.366,0.536
0.452,0.698,1.154,0.966,0.819,0.107,0.366,0.536
0.452,0.698,1.153,0.966,0.819,0.107,0.366,0.536
0.452,0.698,1.153,0.966,0.819,0.107,0.366,0.536
0.452,0.698,1.153,0.965,0.819,0.107,0.366,0.536
0.452,0.697,1.153,0.965,0.819,0.107,0.366,0.536
0.452,0.697,1.153,0.965,0.819,0.107,0.366,0.536
0.452,0.697,1.152,0.965,0.819,0.107,0.366,0.536
0.451,0.697,1.152,0.965,0.818,0.107,0.366,0.536
0.451,0.697,1.152,0.964,0.818,0.107,0.366,0.535
0.451,0.697,1.152,0.964,0.818,0.107,0.366,0.535
0.451,0.697,1.151,0.964,0.818,0.107,0.366,0.535
0.451,0.697,1.151,0.964,0.818,0.107,0.366,0.535
0.451,0.697,1.151,0.964,0.818,0.107,0.366,0.535
0.45,0.696,1.151,0.963,0.817,0.107,0.366,0.535
0.45,0.696,1.15,0.963,0.817,0.107,0.366,0.535
0.45,0.696,1.15,0.963,0.817,0.107,0.366,0.535
0.45,0.696,1.15,0.963,0.817,0.107,0.366,0.534
0.45,0.696,1.15,0.963,0.817,0.107,0.366,0.534
0.45,0.696,1.149,0.963,0.817,0.106,0.365,0.534
0.45,0.696,1.149,0.962,0.816,0.106,0.365,0.534
0.45,0.695,1.149,0.962,0.816,0.106,0.365,0.534
0.449,0.695,1.149,0.962,0.816,0.106,0.365,0.534
0.449,0.695,1.149,0.962,0.816,0.106,0.365,0.534
0.449,0.695,1.148,0.962,0.816,0.107,0.365,0.533
0.449,0.695,1.148,0.961,0.816,0.106,0.365,0.533
0.449,0.695,1.148,0.961,0.816,0.106,0.365,0.533
0.449,0.695,1.148,0.961,0.815,0.106,0.365,0.533
0.449,0.695,1.148,0.961,0.815,0.106,0.365,0.533
0.449,0.694,1.147,0.961,0.815,0.106,0.365,0.533
0.448,0.694,1.147,0.961,0.815,0.106,0.365,0.533
0.448,0.694,1.147,0.96,0.815,0.106,0.365,0.533
0.448,0.694,1.147,0.96,0.815,0.106,0.365,0.532
0.448,0.694,1.146,0.96,0.815,0.106,0.365,0.532
0.448,0.694,1.146,0.96,0.815,0.106,0.365,0.532
0.448,0.694,1.146,0.96,0.814,0.106,0.365,0.532
0.448,0.694,1.146,0.959,0.814,0.106,0.365,0.532
0.447,0.694,1.145,0.959,0.814,0.106,0.365,0.532
0.447,0.693,1.145,0.959,0.814,0.106,0.365,0.532
0.447,0.693,1.145,0.959,0.814,0.106,0.365,0.532
0.447,0.693,1.145,0.959,0.814,0.106,0.364,0.532
0.447,0.693,1.145,0.959,0.814,0.106,0.364,0.531
0.447,0.693,1.145,0.958,0.813,0.106,0.364,0.531
0.447,0.693,1.144,0.958,0.813,0.106,0.364,0.531
0.447,0.693,1.144,0.958,0.813,0.106,0.364,0.531
0.446,0.693,1.144,0.958,0.813,0.106,0.364,0.531
0.446,0.693,1.144,0.958,0.813,0.106,0.364,0.531
0.446,0.692,1.143,0.957,0.813,0.106,0.364,0.531
0.446,0.692,1.143,0.957,0.813,0.106,0.364,0.53
0.446,0.692,1.143,0.957,0.813,0.106,0.364,0.53
0.446,0.692,1.143,0.957,0.812,0.106,0.364,0.53
0.446,0.692,1.143,0.957,0.812,0.106,0.364,0.53
0.446,0.692,1.143,0.957,0.812,0.106,0.364,0.53
0.445,0.692,1.142,0.956,0.812,0.106,0.364,0.53
0.445,0.692,1.142,0.956,0.812,0.106,0.364,0.53
0.445,0.692,1.142,0.956,0.811,0.106,0.364,0.529
0.445,0.691,1.141,0.956,0.811,0.106,0.364,0.529
0.445,0.691,1.141,0.956,0.811,0.106,0.364,0.529
0.445,0.691,1.141,0.956,0.811,0.106,0.364,0.529
0.445,0.691,1.141,0.955,0.811,0.106,0.363,0.529
0.444,0.691,1.141,0.955,0.811,0.106,0.364,0.529
0.444,0.691,1.14,0.955,0.811,0.106,0.363,0.529
0.444,0.691,1.14,0.955,0.811,0.106,0.363,0.529
0.444,0.691,1.14,0.955,0.81,0.105,0.363,0.529
0.444,0.691,1.14,0.954,0.81,0.106,0.363,0.529
0.444,0.69,1.139,0.954,0.81,0.106,0.363,0.528
0.444,0.69,1.139,0.954,0.81,0.105,0.363,0.528
0.444,0.69,1.139,0.954,0.81,0.106,0.363,0.528
0.443,0.69,1.139,0.954,0.81,0.105,0.363,0.528
0.443,0.69,1.139,0.954,0.81,0.105,0.363,0.528
0.443,0.69,1.139,0.953,0.81,0.106,0.363,0.528
0.443,0.69,1.138,0.953,0.809,0.105,0.363,0.528
0.443,0.69,1.138,0.953,0.809,0.105,0.363,0.528
0.443,0.69,1.138,0.953,0.809,0.105,0.363,0.527
0.443,0.69,1.138,0.953,0.809,0.105,0.363,0.527
0.443,0.689,1.138,0.953,0.809,0.105,0.363,0.527
0.442,0.689,1.137,0.953,0.809,0.105,0.363,0.527
0.442,0.689,1.137,0.953,0.809,0.105,0.363,0.527
0.442,0.689,1.137,0.952,0.808,0.105,0.363,0.527
0.442,0.689,1.137,0.952,0.808,0.105,0.363,0.527
0.442,0.689,1.136,0.952,0.808,0.105,0.363,0.527
0.442,0.689,1.136,0.952,0.808,0.105,0.363,0.526
0.442,0.689,1.136,0.951,0.808,0.105,0.363,0.526
0.442,0.689,1.136,0.951,0.808,0.105,0.363,0.526
0.441,0.688,1.135,0.951,0.808,0.105,0.362,0.526
0.441,0.688,1.135,0.951,0.808,0.105,0.362,0.526
0.441,0.688,1.135,0.951,0.808,0.105,0.362,0.526
0.441,0.688,1.135,0.951,0.807,0.105,0.362,0.526
0.441,0.688,1.135,0.951,0.807,0.105,0.362,0.525
0.441,0.688,1.134,0.95,0.807,0.105,0.362,0.526
0.441,0.688,1.134,0.95,0.807,0.105,0.362,0.525
0.441,0.688,1.134,0.95,0.807,0.105,0.362,0.525
0.44,0.688,1.134,0.95,0.807,0.105,0.362,0.525
0.44,0.688,1.134,0.95,0.807,0.105,0.362,0.525
0.44,0.687,1.133,0.95,0.806,0.105,0.362,0.525
0.44,0.687,1.133,0.95,0.806,0.105,0.362,0.525
0.44,0.687,1.133,0.949,0.806,0.105,0.362,0.525
0.44,0.687,1.133,0.949,0.806,0.105,0.362,0.525
0.44,0.687,1.133,0.949,0.806,0.105,0.362,0.524
0.44,0.687,1.132,0.949,0.806,0.105,0.362,0.524
0.44,0.687,1.132,0.949,0.806,0.105,0.362,0.524
0.439,0.687,1.132,0.949,0.805,0.105,0.362,0.524
0.439,0.687,1.132,0.948,0.805,0.105,0.361,0.524
0.439,0.687,1.131,0.948,0.805,0.105,0.361,0.524
0.439,0.686,1.131,0.948,0.805,0.105,0.362,0.524
0.439,0.686,1.131,0.948,0.805,0.105,0.361,0.524
0.439,0.686,1.131,0.948,0.805,0.105,0.361,0.524
0.439,0.686,1.131,0.948,0.805,0.105,0.362,0.523
0.439,0.686,1.13,0.948,0.805,0.105,0.361,0.523
0.438,0.686,1.13,0.947,0.805,0.105,0.361,0.523
0.438,0.686,1.13,0.947,0.804,0.105,0.361,0.523
0.438,0.686,1.13,0.947,0.804,0.105,0.361,0.523
0.438,0.686,1.13,0.947,0.804,0.105,0.361,0.523
0.438,0.686,1.129,0.947,0.804,0.105,0.361,0.523
0.438,0.685,1.129,0.946,0.804,0.105,0.361,0.523
0.438,0.685,1.129,0.946,0.804,0.105,0.361,0.523
0.438,0.685,1.129,0.946,0.804,0.104,0.361,0.522
0.438,0.685,1.129,0.946,0.803,0.104,0.361,0.522
0.437,0.685,1.129,0.946,0.803,0.104,0.361,0.522
0.437,0.685,1.128,0.946,0.803,0.104,0.361,0.522
0.437,0.685,1.128,0.946,0.803,0.104,0.361,0.522
0.437,0.685,1.128,0.946,0.803,0.104,0.361,0.522
0.437,0.685,1.128,0.945,0.803,0.104,0.361,0.522
0.437,0.684,1.127,0.945,0.803,0.104,0.361,0.522
0.437,0.685,1.127,0.945,0.803,0.104,0.361,0.522
0.437,0.684,1.127,0.945,0.803,0.104,0.361,0.522
0.436,0.684,1.127,0.945,0.802,0.104,0.361,0.521
0.436,0.684,1.127,0.944,0.802,0.104,0.361,0.521
0.436,0.684,1.127,0.945,0.802,0.104,0.361,0.521
0.436,0.684,1.126,0.944,0.802,0.104,0.36,0.521
0.436,0.684,1.126,0.944,0.802,0.104,0.36,0.521
0.436,0.684,1.126,0.944,0.802,0.104,0.36,0.521
0.436,0.684,1.126,0.944,0.802,0.104,0.36,0.521
0.436,0.683,1.126,0.944,0.802,0.104,0.36,0.521
0.435,0.683,1.125,0.943,0.802,0.104,0.36,0.521
0.435,0.683,1.125,0.943,0.801,0.104,0.36,0.52
0.435,0.683,1.125,0.943,0.801,0.104,0.36,0.52
0.435,0.683,1.125,0.943,0.801,0.104,0.36,0.52
0.435,0.683,1.124,0.943,0.801,0.104,0.36,0.52
0.435,0.683,1.124,0.943,0.801,0.104,0.36,0.52
0.435,0.683,1.124,0.943,0.801,0.104,0.36,0.52
0.435,0.683,1.124,0.942,0.801,0.104,0.36,0.52
0.435,0.683,1.124,0.942,0.8,0.104,0.36,0.52
0.434,0.682,1.123,0.942,0.8,0.104,0.36,0.519
0.434,0.682,1.123,0.942,0.8,0.104,0.36,0.519
0.434,0.682,1.123,0.942,0.8,0.104,0.36,0.519
0.434,0.682,1.123,0.942,0.8,0.104,0.36,0.519
0.434,0.682,1.123,0.941,0.8,0.104,0.359,0.519
0.434,0.682,1.122,0.941,0.8,0.104,0.36,0.519
0.434,0.682,1.122,0.941,0.8,0.104,0.36,0.519
0.434,0.682,1.122,0.941,0.8,0.104,0.36,0.519
0.433,0.682,1.122,0.941,0.799,0.104,0.359,0.519
0.433,0.682,1.122,0.941,0.799,0.104,0.359,0.518
0.433,0.681,1.121,0.941,0.799,0.104,0.359,0.518
0.433,0.681,1.121,0.94,0.799,0.104,0.359,0.518
0.433,0.681,1.121,0.94,0.799,0.104,0.359,0.518
0.433,0.681,1.121,0.94,0.799,0.104,0.359,0.518
0.433,0.681,1.121,0.94,0.798,0.104,0.359,0.518
0.433,0.681,1.12,0.94,0.799,0.104,0.359,0.518
0.433,0.681,1.12,0.94,0.798,0.104,0.359,0.518
0.433,0.681,1.12,0.939,0.798,0.104,0.359,0.518
0.432,0.681,1.12,0.939,0.798,0.104,0.359,0.517
0.432,0.681,1.12,0.939,0.798,0.104,0.359,0.517
0.432,0.681,1.119,0.939,0.798,0.104,0.359,0.517
0.432,0.681,1.119,0.939,0.798,0.104,0.359,0.517
0.432,0.68,1.119,0.939,0.798,0.103,0.359,0.517
0.432,0.68,1.119,0.939,0.797,0.104,0.359,0.517
0.432,0.68,1.118,0.939,0.797,0.103,0.359,0.517
0.432,0.68,1.118,0.938,0.797,0.103,0.359,0.517
0.431,0.68,1.118,0.938,0.797,0.104,0.359,0.517
0.431,0.68,1.118,0.938,0.797,0.103,0.359,0.516
0.431,0.68,1.118,0.938,0.797,0.103,0.359,0.516
0.431,0.68,1.118,0.938,0.797,0.104,0.359,0.516
0.431,0.68,1.117,0.938,0.797,0.104,0.359,0.516
0.431,0.679,1.117,0.938,0.797,0.104,0.358,0.516
0.431,0.68,1.117,0.937,0.797,0.104,0.359,0.516
0.431,0.679,1.117,0.937,0.796,0.103,0.358,0.516
0.431,0.679,1.117,0.937,0.796,0.103,0.358,0.516
0.43,0.679,1.116,0.937,0.796,0.103,0.358,0.516
0.43,0.679,1.116,0.937,0.796,0.103,0.358,0.516
0.43,0.679,1.116,0.937,0.796,0.103,0.358,0.515
0.43,0.679,1.116,0.937,0.796,0.103,0.358,0.515
0.43,0.679,1.116,0.936,0.796,0.103,0.358,0.515
0.43,0.679,1.116,0.936,0.796,0.103,0.358,0.515
0.43,0.679,1.115,0.936,0.796,0.103,0.358,0.515
0.43,0.679,1.115,0.936,0.795,0.103,0.358,0.515
0.43,0.679,1.115,0.936,0.795,0.103,0.358,0.515
0.43,0.678,1.115,0.936,0.795,0.103,0.358,0.515
0.429,0.678,1.114,0.936,0.795,0.103,0.358,0.515
0.429,0.678,1.114,0.936,0.795,0.103,0.358,0.515
0.429,0.678,1.114,0.935,0.795,0.103,0.358,0.514
0.429,0.678,1.114,0.935,0.795,0.103,0.358,0.514
0.429,0.678,1.114,0.935,0.795,0.103,0.358,0.514
0.429,0.678,1.113,0.935,0.795,0.103,0.358,0.514
0.429,0.678,1.113,0.935,0.795,0.103,0.358,0.514
0.429,0.678,1.113,0.935,0.794,0.103,0.358,0.514
0.429,0.678,1.113,0.935,0.794,0.103,0.358,0.514
0.428,0.678,1.113,0.934,0.794,0.103,0.357,0.514
0.428,0.678,1.113,0.934,0.794,0.103,0.357,0.514
0.428,0.677,1.112,0.934,0.794,0.103,0.357,0.514
0.428,0.677,1.112,0.934,0.794,0.103,0.357,0.513
0.428,0.677,1.112,0.934,0.794,0.103,0.357,0.513
0.428,0.677,1.112,0.934,0.793,0.103,0.357,0.513
0.428,0.677,1.112,0.934,0.794,0.103,0.357,0.513
0.428,0.677,1.111,0.934,0.793,0.103,0.357,0.513
0.428,0.677,1.111,0.933,0.793,0.103,0.357,0.513
0.428,0.677,1.111,0.933,0.793,0.103,0.357,0.513
0.428,0.677,1.111,0.933,0.793,0.103,0.357,0.513
0.428,0.677,1.111,0.933,0.793,0.103,0.357,0.513
0.427,0.676,1.111,0.933,0.793,0.103,0.357,0.513
0.427,0.677,1.11,0.933,0.793,0.103,0.357,0.513
0.427,0.676,1.11,0.932,0.793,0.103,0.357,0.512
0.427,0.676,1.11,0.933,0.792,0.103,0.357,0.512
0.427,0.676,1.11,0.932,0.792,0.103,0.357,0.512
0.427,0.676,1.109,0.932,0.792,0.103,0.357,0.512
0.427,0.676,1.109,0.932,0.792,0.103,0.357,0.512
0.426,0.676,1.109,0.932,0.792,0.103,0.357,0.512
0.426,0.676,1.109,0.932,0.792,0.103,0.357,0.512
0.426,0.676,1.109,0.931,0.792,0.103,0.357,0.512
0.426,0.676,1.109,0.931,0.792,0.103,0.357,0.512
0.426,0.676,1.108,0.931,0.792,0.103,0.356,0.511
0.426,0.675,1.108,0.931,0.791,0.103,0.356,0.512
0.426,0.675,1.108,0.931,0.791,0.103,0.356,0.511
0.426,0.675,1.108,0.931,0.791,0.103,0.356,0.511
0.426,0.675,1.108,0.931,0.791,0.103,0.356,0.511
0.426,0.675,1.107,0.931,0.791,0.103,0.356,0.511
0.426,0.675,1.107,0.931,0.791,0.103,0.356,0.511
0.425,0.675,1.107,0.931,0.791,0.103,0.356,0.511
0.425,0.675,1.107,0.93,0.791,0.102,0.356,0.511
0.425,0.675,1.107,0.93,0.79,0.103,0.356,0.511
0.425,0.675,1.107,0.93,0.79,0.102,0.356,0.511
0.425,0.675,1.106,0.93,0.79,0.103,0.356,0.511
0.425,0.675,1.106,0.93,0.79,0.102,0.356,0.51
0.425,0.674,1.106,0.93,0.79,0.102,0.356,0.51
0.425,0.674,1.106,0.929,0.79,0.102,0.356,0.51
0.425,0.674,1.106,0.929,0.79,0.102,0.356,0.51
0.424,0.674,1.105,0.929,0.79,0.102,0.356,0.51
0.424,0.674,1.105,0.929,0.789,0.102,0.356,0.51
0.424,0.674,1.105,0.929,0.789,0.102,0.356,0.51
0.424,0.674,1.105,0.929,0.789,0.102,0.356,0.51
0.424,0.674,1.105,0.929,0.789,0.102,0.356,0.51
0.424,0.674,1.104,0.928,0.789,0.102,0.356,0.509
0.424,0.674,1.104,0.928,0.789,0.102,0.356,0.509
0.424,0.674,1.104,0.928,0.789,0.102,0.355,0.509
0.424,0.674,1.104,0.928,0.789,0.102,0.356,0.509
0.423,0.673,1.104,0.928,0.789,0.102,0.355,0.509
0.423,0.673,1.103,0.928,0.789,0.102,0.355,0.509
0.423,0.673,1.103,0.928,0.788,0.102,0.355,0.509
0.423,0.673,1.103,0.928,0.788,0.102,0.355,0.509
0.423,0.673,1.103,0.927,0.788,0.102,0.355,0.509
0.423,0.673,1.103,0.927,0.788,0.102,0.355,0.508
0.423,0.673,1.103,0.927,0.788,0.102,0.355,0.508
0.423,0.673,1.102,0.927,0.788,0.102,0.355,0.508
0.423,0.673,1.102,0.927,0.788,0.102,0.355,0.508
0.423,0.673,1.102,0.927,0.788,0.102,0.355,0.508
0.423,0.673,1.102,0.927,0.788,0.102,0.355,0.508
0.422,0.673,1.101,0.927,0.787,0.102,0.355,0.508
0.422,0.673,1.101,0.927,0.787,0.102,0.355,0.508
0.422,0.672,1.101,0.926,0.787,0.102,0.355,0.508
0.422,0.672,1.101,0.926,0.787,0.102,0.355,0.508
0.422,0.672,1.101,0.926,0.787,0.102,0.355,0.508
0.422,0.672,1.101,0.926,0.787,0.102,0.355,0.507
0.422,0.672,1.1,0.926,0.787,0.102,0.355,0.507
0.422,0.672,1.1,0.926,0.787,0.102,0.355,0.507
0.422,0.672,1.1,0.925,0.787,0.102,0.355,0.507
0.422,0.672,1.1,0.926,0.787,0.102,0.355,0.507
0.421,0.672,1.1,0.925,0.786,0.102,0.355,0.507
0.421,0.672,1.099,0.925,0.786,0.102,0.355,0.507
0.421,0.672,1.099,0.925,0.786,0.102,0.355,0.507
0.421,0.672,1.099,0.925,0.786,0.102,0.354,0.507
0.421,0.672,1.099,0.925,0.786,0.102,0.354,0.507
0.421,0.671,1.099,0.925,0.786,0.102,0.354,0.506
0.421,0.671,1.099,0.925,0.786,0.102,0.354,0.506
0.421,0.671,1.099,0.925,0.786,0.102,0.354,0.506
0.421,0.671,1.098,0.925,0.786,0.102,0.354,0.506
0.421,0.671,1.098,0.925,0.786,0.102,0.354,0.506
0.42,0.671,1.098,0.924,0.786,0.102,0.354,0.506
0.421,0.671,1.098,0.924,0.785,0.102,0.354,0.506
0.42,0.671,1.098,0.924,0.786,0.102,0.354,0.506
0.42,0.671,1.097,0.924,0.785,0.102,0.354,0.506
0.42,0.671,1.097,0.924,0.785,0.102,0.354,0.506
0.42,0.671,1.097,0.924,0.785,0.102,0.354,0.506
0.42,0.671,1.097,0.924,0.785,0.102,0.354,0.505
0.42,0.671,1.097,0.924,0.785,0.102,0.354,0.505
0.42,0.671,1.097,0.923,0.785,0.102,0.354,0.505
0.42,0.671,1.096,0.923,0.785,0.102,0.354,0.505
0.42,0.67,1.096,0.923,0.785,0.102,0.354,0.505
0.419,0.67,1.096,0.923,0.785,0.102,0.354,0.505
0.419,0.67,1.096,0.923,0.784,0.102,0.354,0.505
0.419,0.67,1.096,0.923,0.784,0.102,0.354,0.505
0.419,0.67,1.095,0.923,0.784,0.102,0.354,0.505
0.419,0.67,1.095,0.923,0.784,0.101,0.353,0.505
0.419,0.67,1.095,0.922,0.784,0.102,0.354,0.505
0.419,0.67,1.095,0.922,0.784,0.101,0.354,0.505
0.419,0.67,1.095,0.922,0.784,0.101,0.353,0.504
0.419,0.67,1.095,0.922,0.784,0.101,0.353,0.504
0.419,0.67,1.094,0.922,0.784,0.101,0.353,0.504
0.419,0.67,1.094,0.922,0.784,0.101,0.353,0.504
0.418,0.67,1.094,0.922,0.784,0.102,0.353,0.504
0.418,0.67,1.094,0.922,0.783,0.101,0.353,0.504
0.418,0.669,1.094,0.922,0.783,0.101,0.353,0.504
0.418,0.669,1.094,0.921,0.783,0.101,0.353,0.504
0.418,0.669,1.093,0.922,0.783,0.102,0.353,0.504
0.418,0.669,1.093,0.921,0.783,0.101,0.353,0.504
0.418,0.669,1.093,0.921,0.783,0.101,0.353,0.504
0.418,0.669,1.093,0.921,0.783,0.101,0.353,0.504
0.418,0.669,1.093,0.921,0.783,0.101,0.353,0.503
0.418,0.669,1.093,0.921,0.783,0.101,0.353,0.503
0.418,0.669,1.092,0.921,0.783,0.101,0.353,0.503
0.417,0.669,1.092,0.921,0.782,0.101,0.353,0.503
0.417,0.669,1.092,0.921,0.782,0.101,0.353,0.503
0.417,0.669,1.092,0.921,0.782,0.101,0.353,0.503
0.417,0.669,1.092,0.92,0.782,0.101,0.353,0.503
0.417,0.669,1.092,0.92,0.782,0.101,0.353,0.503
0.417,0.669,1.091,0.921,0.782,0.101,0.353,0.503
0.417,0.668,1.091,0.92,0.782,0.101,0.353,0.502
0.417,0.668,1.091,0.92,0.782,0.101,0.353,0.502
0.417,0.668,1.091,0.92,0.782,0.101,0.353,0.502
0.417,0.668,1.091,0.92,0.782,0.101,0.352,0.502
0.417,0.668,1.09,0.92,0.782,0.101,0.352,0.502
0.417,0.668,1.09,0.92,0.782,0.101,0.352,0.502
0.416,0.668,1.09,0.92,0.782,0.101,0.352,0.502
0.416,0.668,1.09,0.92,0.781,0.101,0.352,0.502
0.416,0.668,1.09,0.92,0.781,0.101,0.352,0.502
0.416,0.668,1.09,0.919,0.781,0.101,0.352,0.502
0.416,0.668,1.09,0.919,0.781,0.101,0.352,0.502
0.416,0.668,1.089,0.919,0.781,0.101,0.352,0.502
0.416,0.668,1.089,0.919,0.781,0.101,0.352,0.501
0.416,0.668,1.089,0.919,0.781,0.101,0.352,0.501
0.416,0.668,1.089,0.919,0.781,0.101,0.352,0.501
0.415,0.667,1.089,0.919,0.781,0.101,0.352,0.501
0.415,0.667,1.088,0.919,0.781,0.101,0.352,0.501
0.415,0.667,1.088,0.918,0.781,0.101,0.352,0.501
0.415,0.667,1.088,0.918,0.78,0.101,0.352,0.501
0.415,0.667,1.088,0.918,0.78,0.101,0.352,0.501
0.415,0.667,1.088,0.918,0.78,0.101,0.352,0.501
0.415,0.667,1.088,0.918,0.78,0.101,0.352,0.501
0.415,0.667,1.087,0.918,0.78,0.101,0.352,0.501
0.415,0.667,1.087,0.918,0.78,0.101,0.352,0.501
0.415,0.667,1.087,0.918,0.78,0.101,0.352,0.501
0.415,0.667,1.087,0.918,0.78,0.101,0.352,0.5
0.415,0.667,1.087,0.918,0.78,0.101,0.352,0.5
0.415,0.667,1.087,0.918,0.779,0.101,0.352,0.5
0.414,0.667,1.086,0.917,0.779,0.101,0.351,0.5
0.414,0.667,1.086,0.917,0.779,0.101,0.352,0.5
0.414,0.667,1.086,0.917,0.779,0.101,0.351,0.5
0.414,0.666,1.086,0.917,0.779,0.101,0.351,0.5
0.414,0.666,1.086,0.917,0.779,0.101,0.351,0.5
0.414,0.666,1.085,0.917,0.779,0.101,0.351,0.5
0.414,0.667,1.085,0.917,0.779,0.101,0.351,0.5
0.414,0.666,1.085,0.917,0.779,0.101,0.351,0.5
0.414,0.666,1.085,0.917,0.779,0.101,0.351,0.5
0.413,0.666,1.085,0.917,0.778,0.101,0.351,0.5
0.413,0.666,1.085,0.917,0.778,0.101,0.351,0.5
0.413,0.666,1.085,0.917,0.778,0.101,0.351,0.5
0.413,0.666,1.084,0.916,0.778,0.101,0.351,0.499
0.413,0.666,1.084,0.916,0.778,0.101,0.351,0.499
0.413,0.666,1.084,0.916,0.778,0.101,0.351,0.499
0.413,0.666,1.084,0.916,0.778,0.101,0.351,0.499
0.413,0.666,1.084,0.916,0.778,0.1,0.351,0.499
0.413,0.666,1.083,0.916,0.778,0.1,0.351,0.499
0.413,0.666,1.083,0.916,0.777,0.101,0.351,0.499
0.413,0.666,1.083,0.916,0.777,0.101,0.351,0.499
0.413,0.666,1.083,0.916,0.777,0.101,0.351,0.499
0.412,0.666,1.083,0.916,0.777,0.101,0.35,0.499
0.412,0.666,1.083,0.915,0.777,0.101,0.351,0.499
0.412,0.666,1.082,0.915,0.777,0.1,0.351,0.498
0.412,0.665,1.082,0.915,0.777,0.1,0.35,0.498
0.412,0.665,1.082,0.915,0.777,0.1,0.351,0.498
0.412,0.665,1.082,0.915,0.777,0.1,0.35,0.498
0.412,0.665,1.082,0.915,0.777,0.1,0.35,0.498
0.412,0.665,1.082,0.915,0.777,0.1,0.35,0.498
0.412,0.665,1.081,0.915,0.776,0.1,0.35,0.498
0.412,0.665,1.081,0.915,0.776,0.1,0.35,0.498
0.412,0.665,1.081,0.915,0.776,0.1,0.35,0.498
0.411,0.665,1.081,0.915,0.776,0.1,0.35,0.498
0.411,0.665,1.081,0.915,0.776,0.1,0.35,0.498
0.411,0.665,1.081,0.914,0.776,0.1,0.35,0.498
0.411,0.665,1.08,0.914,0.776,0.1,0.35,0.498
0.411,0.665,1.08,0.914,0.776,0.1,0.35,0.497
0.411,0.665,1.08,0.914,0.776,0.1,0.35,0.497
0.411,0.665,1.08,0.914,0.776,0.1,0.35,0.497
0.411,0.665,1.08,0.914,0.775,0.1,0.35,0.497
0.411,0.664,1.08,0.914,0.776,0.1,0.35,0.497
0.411,0.664,1.08,0.914,0.775,0.1,0.35,0.497
0.411,0.664,1.079,0.914,0.775,0.1,0.35,0.497
0.411,0.664,1.079,0.914,0.775,0.1,0.35,0.497
0.411,0.664,1.079,0.913,0.775,0.1,0.35,0.497
0.41,0.664,1.079,0.913,0.775,0.1,0.35,0.497
0.41,0.664,1.079,0.913,0.775,0.1,0.35,0.497
0.41,0.664,1.078,0.913,0.775,0.1,0.35,0.497
0.41,0.664,1.078,0.913,0.775,0.1,0.349,0.496
0.41,0.664,1.078,0.913,0.774,0.1,0.35,0.496
0.41,0.664,1.078,0.913,0.774,0.1,0.349,0.496
0.41,0.664,1.078,0.913,0.774,0.1,0.349,0.496
0.41,0.664,1.078,0.913,0.774,0.1,0.349,0.496
0.41,0.664,1.078,0.912,0.774,0.1,0.349,0.496
0.41,0.664,1.077,0.913,0.774,0.1,0.349,0.496
0.41,0.664,1.077,0.912,0.774,0.1,0.349,0.496
0.41,0.664,1.077,0.912,0.774,0.1,0.349,0.496
0.409,0.663,1.077,0.912,0.774,0.1,0.349,0.496
0.409,0.663,1.077,0.912,0.774,0.1,0.349,0.496
0.409,0.663,1.077,0.912,0.774,0.1,0.349,0.496
0.409,0.663,1.076,0.912,0.773,0.1,0.349,0.496
0.409,0.663,1.076,0.912,0.773,0.1,0.349,0.495
0.409,0.663,1.076,0.912,0.773,0.1,0.349,0.495
0.409,0.663,1.076,0.912,0.773,0.1,0.349,0.495
0.409,0.663,1.076,0.912,0.773,0.1,0.349,0.495
0.409,0.663,1.076,0.911,0.773,0.1,0.349,0.495
0.409,0.663,1.075,0.911,0.773,0.1,0.349,0.495
0.409,0.663,1.075,0.911,0.773,0.1,0.349,0.495
0.408,0.663,1.075,0.911,0.773,0.1,0.349,0.495
0.408,0.663,1.075,0.911,0.773,0.1,0.349,0.495
0.408,0.663,1.075,0.911,0.772,0.1,0.349,0.495
0.408,0.663,1.074,0.911,0.772,0.1,0.348,0.495
0.408,0.663,1.074,0.911,0.772,0.1,0.349,0.495
0.408,0.663,1.074,0.911,0.772,0.1,0.349,0.494
0.408,0.662,1.074,0.911,0.772,0.1,0.348,0.494
0.408,0.662,1.074,0.91,0.772,0.1,0.348,0.494
0.408,0.662,1.074,0.91,0.772,0.1,0.348,0.494
0.408,0.662,1.074,0.91,0.772,0.1,0.349,0.494
0.408,0.662,1.074,0.91,0.772,0.1,0.348,0.494
0.408,0.662,1.073,0.91,0.772,0.1,0.348,0.494
0.407,0.662,1.073,0.91,0.772,0.1,0.348,0.494
0.407,0.662,1.073,0.91,0.771,0.1,0.348,0.494
0.407,0.662,1.073,0.91,0.771,0.1,0.348,0.494
0.407,0.662,1.073,0.91,0.771,0.1,0.348,0.494
0.407,0.662,1.073,0.91,0.771,0.1,0.348,0.494
0.407,0.662,1.072,0.91,0.771,0.1,0.348,0.494
0.407,0.662,1.072,0.909,0.771,0.1,0.348,0.494
0.407,0.662,1.072,0.909,0.771,0.1,0.348,0.493
0.407,0.662,1.072,0.909,0.771,0.1,0.348,0.493
0.407,0.661,1.072,0.909,0.771,0.1,0.348,0.493
0.407,0.661,1.072,0.909,0.771,0.1,0.348,0.493
0.407,0.661,1.071,0.909,0.77,0.1,0.348,0.493
0.407,0.661,1.071,0.909,0.77,0.1,0.348,0.493
0.407,0.661,1.071,0.909,0.77,0.1,0.348,0.493
0.407,0.661,1.071,0.909,0.77,0.1,0.348,0.493
0.407,0.661,1.071,0.909,0.77,0.1,0.348,0.493
0.407,0.661,1.071,0.909,0.77,0.1,0.348,0.493
0.407,0.661,1.071,0.909,0.77,0.1,0.348,0.493
0.407,0.661,1.071,0.909,0.77,0.1,0.348,0.493
0.407,0.661,1.071,0.909,0.77,0.1,0.348,0.493
0.407,0.661,1.071,0.909,0.77,0.1,0.348,0.493
0.407,0.661,1.071,0.909,0.77,0.1,0.348,0.493
0.407,0.661,1.071,0.909,0.77,0.1,0.348,0.493
0.407,0.661,1.071,0.909,0.77,0.1,0.348,0.493
0.407,0.661,1.071,0.909,0.77,0.1,0.348,0.493
0.407,0.661,1.071,0.909,0.77,0.1,0.348,0.493
0.407,0.661,1.071,0.909,0.77,0.1,0.348,0.493
0.407,0.661,1.071,0.909,0.77,0.1,0.348,0.493
0.407,0.661,1.071,0.909,0.77,0.1,0.348,0.493
0.407,0.661,1.071,0.909,0.77,0.1,0.348,0.493
0.407,0.661,1.071,0.909,0.77,0.1,0.348,0.493
0.407,0.661,1.071,0.909,0.77,0.1,0.348,0.493
0.407,0.661,1.071,0.909,0.77,0.1,0.348,0.493
0.407,0.661,1.071,0.909,0.77,0.1,0.348,0.493
0.407,0.661,1.071,0.909,0.77,0.1,0.348,0.493
0.407,0.661,1.071,0.909,0.77,0.1,0.348,0.493
0.407,0.661,1.071,0.909,0.77,0.1,0.348,0.493
0.407,0.661,1.071,0.909,0.77,0.1,0.348,0.493
0.407,0.661,1.071,0.909,0.77,0.1,0.348,0.493
0.407,0.661,1.071,0.909,0.77,0.1,0.348,0.493
0.407,0.661,1.071,0.909,0.77,0.1,0.348,0.493
0.407,0.661,1.071,0.909,0.77,0.1,0.348,0.493
0.407,0.661,1.071,0.909,0.77,0.1,0.348,0.493
0.407,0.661,1.071,0.909,0.77,0.1,0.348,0.493
0.407,0.661,1.071,0.909,0.77,0.1,0.348,0.493
0.407,0.661,1.071,0.909,0.77,0.1,0.348,0.493
0.407,0.661,1.071,0.909,0.77,0.1,0.348,0.493
0.407,0.661,1.071,0.909,0.77,0.1,0.348,0.493
0.407,0.661,1.071,0.909,0.77,0.1,0.348,0.493
0.407,0.661,1.071,0.909,0.77,0.1,0.348,0.493
0.407,0.661,1.071,0.909,0.77,0.1,0.348,0.493
0.407,0.661,1.071,0.909,0.77,0.1,0.348,0.493
0.407,0.661,1.071,0.909,0.77,0.1,0.348,0.493
0.407,0.661,1.071,0.909,0.77,0.1,0.348,0.493
0.407,0.661,1.071,0.909,0.77,0.1,0.348,0.493
0.407,0.661,1.071,0.909,0.77,0.1,0.348,0.493
0.407,0.661,1.071,0.909,0.77,0.1,0.348,0.493
0.407,0.661,1.071,0.909,0.77,0.1,0.348,0.493
0.407,0.661,1.071,0.909,0.77,0.1,0.348,0.493
0.407,0.661,1.071,0.909,0.77,0.1,0.348,0.493
0.407,0.661,1.071,0.909,0.77,0.1,0.348,0.493
0.407,0.661,1.071,0.909,0.77,0.1,0.348,0.493
0.407,0.661,1.071,0.909,0.77,0.1,0.348,0.493
0.407,0.661,1.071,0.909,0.77,0.1,0.348,0.493
0.407,0.661,1.071,0.909,0.77,0.1,0.348,0.493
0.407,0.661,1.071,0.909,0.77,0.1,0.348,0.493
0.407,0.661,1.071,0.909,0.77,0.1,0.348,0.493
0.407,0.661,1.071,0.909,0.77,0.1,0.348,0.493
0.407,0.661,1.071,0.909,0.77,0.1,0.348,0.493
0.407,0.661,1.071,0.909,0.77,0.1,0.348,0.493
0.407,0.661,1.071,0.909,0.77,0.1,0.348,0.493
0.407,0.661,1.071,0.909,0.77,0.1,0.348,0.493
0.407,0.661,1.071,0.909,0.77,0.1,0.348,0.493
0.407,0.661,1.071,0.909,0.77,0.1,0.348,0.493
0.407,0.661,1.071,0.909,0.77,0.1,0.348,0.493
0.407,0.661,1.071,0.909,0.77,0.1,0.348,0.493
0.407,0.661,1.071,0.909,0.77,0.1,0.348,0.493
0.407,0.661,1.071,0.909,0.77,0.1,0.348,0.493
0.407,0.661,1.071,0.909,0.77,0.1,0.348,0.493
0.407,0.661,1.071,0.909,0.77,0.1,0.348,0.493
0.407,0.661,1.071,0.909,0.77,0.1,0.348,0.493
0.407,0.661,1.071,0.909,0.77,0.1,0.348,0.493
0.407,0.661,1.071,0.909,0.77,0.1,0.348,0.493
0.407,0.661,1.071,0.909,0.77,0.1,0.348,0.493
0.407,0.661,1.071,0.909,0.77,0.1,0.348,0.493
0.407,0.661,1.071,0.909,0.77,0.1,0.348,0.493
0.407,0.661,1.071,0.909,0.77,0.1,0.348,0.493
0.407,0.661,1.071,0.909,0.77,0.1,0.348,0.493
0.407,0.661,1.071,0.909,0.77,0.1,0.348,0.493
0.407,0.661,1.071,0.909,0.77,0.1,0.348,0.493
0.407,0.661,1.071,0.909,0.77,0.1,0.348,0.493
0.407,0.661,1.071,0.909,0.77,0.1,0.348,0.493
0.407,0.661,1.071,0.909,0.77,0.1,0.348,0.493
0.407,0.661,1.071,0.909,0.77,0.1,0.348,0.493
0.407,0.661,1.071,0.909,0.77,0.1,0.348,0.493
0.407,0.661,1.071,0.909,0.77,0.1,0.348,0.493
0.407,0.661,1.071,0.909,0.77,0.1,0.348,0.493
0.407,0.661,1.071,0.909,0.77,0.1,0.348,0.493
0.407,0.661,1.071,0.909,0.77,0.1,0.348,0.493
0.407,0.661,1.071,0.909,0.77,0.1,0.348,0.493
0.407,0.661,1.071,0.909,0.77,0.1,0.348,0.493
0.407,0.661,1.071,0.909,0.77,0.1,0.348,0.493
0.407,0.661,1.071,0.909,0.77,0.1,0.348,0.493
0.407,0.661,1.071,0.909,0.77,0.1,0.348,0.493
0.407,0.661,1.071,0.909,0.77,0.1,0.348,0.493
0.407,0.661,1.071,0.909,0.77,0.1,0.348,0.493
0.407,0.661,1.071,0.909,0.77,0.1,0.348,0.493
0.407,0.661,1.071,0.909,0.77,0.1,0.348,0.493
0.407,0.661,1.071,0.909,0.77,0.1,0.348,0.493
0.407,0.661,1.071,0.909,0.77,0.1,0.348,0.493
0.407,0.661,1.071,0.909,0.77,0.1,0.348,0.493
0.407,0.661,1.071,0.909,0.77,0.1,0.348,0.493
0.407,0.661,1.071,0.909,0.77,0.1,0.348,0.493
0.407,0.661,1.071,0.909,0.77,0.1,0.348,0.493
0.407,0.661,1.071,0.909,0.77,0.1,0.348,0.493
0.407,0.661,1.071,0.909,0.77,0.1,0.348,0.493
0.407,0.661,1.071,0.909,0.77,0.1,0.348,0.493
0.407,0.661,1.071,0.909,0.77,0.1,0.348,0.493
0.407,0.661,1.071,0.909,0.77,0.1,0.348,0.493
0.407,0.661,1.071,0.909,0.77,0.1,0.348,0.493
0.407,0.661,1.071,0.909,0.77,0.1,0.348,0.493
0.407,0.661,1.071,0.909,0.77,0.1,0.348,0.493
0.407,0.661,1.071,0.909,0.77,0.1,0.348,0.493
0.407,0.661,1.071,0.909,0.77,0.1,0.348,0.493
0.407,0.661,1.071,0.909,0.77,0.1,0.348,0.493
0.407,0.661,1.071,0.909,0.77,0.1,0.348,0.493
0.407,0.661,1.071,0.909,0.77,0.1,0.348,0.493
0.407,0.661,1.071,0.909,0.77,0.1,0.348,0.493
0.407,0.661,1.071,0.909,0.77,0.1,0.348,0.493
0.407,0.661,1.071,0.909,0.77,0.1,0.348,0.493
0.407,0.661,1.071,0.909,0.77,0.1,0.348,0.493
0.407,0.661,1.071,0.909,0.77,0.1,0.348,0.493
0.407,0.661,1.071,0.909,0.77,0.1,0.348,0.493
0.407,0.661,1.071,0.909,0.77,0.1,0.348,0.493
0.407,0.661,1.071,0.909,0.77,0.1,0.348,0.493
0.407,0.661,1.071,0.909,0.77,0.1,0.348,0.493
0.407,0.661,1.071,0.909,0.77,0.1,0.348,0.493
0.407,0.661,1.071,0.909,0.77,0.1,0.348,0.493
0.407,0.661,1.071,0.909,0.77,0.1,0.348,0.493
0.407,0.661,1.071,0.909,0.77,0.1,0.348,0.493
0.407,0.661,1.071,0.909,0.77,0.1,0.348,0.493
0.407,0.661,1.071,0.909,0.77,0.1,0.348,0.493
0.407,0.661,1.071,0.909,0.77,0.1,0.348,0.493
0.407,0.661,1.071,0.909,0.77,0.1,0.348,0.493
0.407,0.661,1.071,0.909,0.77,0.1,0.348,0.493
0.407,0.661,1.071,0.909,0.77,0.1,0.348,0.493
0.407,0.661,1.071,0.909,0.77,0.1,0.348,0.493
0.407,0.661,1.071,0.909,0.77,0.1,0.348,0.493
0.407,0.661,1.071,0.909,0.77,0.1,0.348,0.493
0.407,0.661,1.071,0.909,0.77,0.1,0.348,0.493
0.407,0.661,1.071,0.909,0.77,0.1,0.348,0.493
0.407,0.661,1.071,0.909,0.77,0.1,0.348,0.493
0.407,0.661,1.071,0.909,0.77,0.1,0.348,0.493
0.407,0.661,1.071,0.909,0.77,0.1,0.348,0.493
0.407,0.661,1.071,0.909,0.77,0.1,0.348,0.493
0.407,0.661,1.071,0.909,0.77,0.1,0.348,0.493
0.407,0.661,1.071,0.909,0.77,0.1,0.348,0.493
0.407,0.661,1.071,0.909,0.77,0.1,0.348,0.493
0.407,0.661,1.071,0.909,0.77,0.1,0.348,0.493
0.407,0.661,1.071,0.909,0.77,0.1,0.348,0.493
0.407,0.661,1.071,0.909,0.77,0.1,0.348,0.493
0.407,0.661,1.071,0.909,0.77,0.1,0.348,0.493
0.407,0.661,1.071,0.909,0.77,0.1,0.348,0.493
0.407,0.661,1.071,0.909,0.77,0.1,0.348,0.493
0.407,0.661,1.071,0.909,0.77,0.1,0.348,0.493
0.407,0.661,1.071,0.909,0.77,0.1,0.348,0.493
0.407,0.661,1.071,0.909,0.77,0.1,0.348,0.493
0.407,0.661,1.071,0.909,0.77,0.1,0.348,0.493
0.407,0.661,1.071,0.909,0.77,0.1,0.348,0.493
0.407,0.661,1.071,0.909,0.77,0.1,0.348,0.493
0.407,0.661,1.071,0.909,0.77,0.1,0.348,0.493
0.407,0.661,1.071,0.909,0.77,0.1,0.348,0.493
0.407,0.661,1.071,0.909,0.77,0.1,0.348,0.493
0.407,0.661,1.071,0.909,0.77,0.1,0.348,0.493
0.407,0.661,1.071,0.909,0.77,0.1,0.348,0.493
0.407,0.661,1.071,0.909,0.77,0.1,0.348,0.493
0.407,0.661,1.071,0.909,0.77,0.1,0.348,0.493
0.407,0.661,1.071,0.909,0.77,0.1,0.348,0.493
0.407,0.661,1.071,0.909,0.77,0.1,0.348,0.493
0.407,0.661,1.071,0.909,0.77,0.1,0.348,0.493
0.407,0.661,1.071,0.909,0.77,0.1,0.348,0.493
0.407,0.661,1.071,0.909,0.77,0.1,0.348,0.493
0.407,0.661,1.071,0.909,0.77,0.1,0.348,0.493
0.407,0.661,1.071,0.909,0.77,0.1,0.348,0.493
0.407,0.661,1.071,0.909,0.77,0.1,0.348,0.493
0.407,0.661,1.071,0.909,0.77,0.1,0.348,0.493
0.407,0.661,1.071,0.909,0.77,0.1,0.348,0.493
0.407,0.661,1.071,0.909,0.77,0.1,0.348,0.493
0.407,0.661,1.071,0.909,0.77,0.1,0.348,0.493
0.407,0.661,1.071,0.909,0.77,0.1,0.348,0.493
0.407,0.661,1.071,0.909,0.77,0.1,0.348,0.493
0.407,0.661,1.071,0.909,0.77,0.1,0.348,0.493
0.407,0.661,1.071,0.909,0.77,0.1,0.348,0.493
0.407,0.661,1.071,0.909,0.77,0.1,0.348,0.493
0.407,0.661,1.071,0.909,0.77,0.1,0.348,0.493
0.407,0.661,1.071,0.909,0.77,0.1,0.348,0.493
0.407,0.661,1.071,0.909,0.77,0.1,0.348,0.493
0.407,0.661,1.071,0.909,0.77,0.1,0.348,0.493
0.407,0.661,1.071,0.909,0.77,0.1,0.348,0.493
0.407,0.661,1.071,0.909,0.77,0.1,0.348,0.493
0.407,0.661,1.071,0.909,0.77,0.1,0.348,0.493
0.407,0.661,1.071,0.909,0.77,0.1,0.348,0.493
0.407,0.661,1.071,0.909,0.77,0.1,0.348,0.493
0.407,0.661,1.071,0.909,0.77,0.1,0.348,0.493
0.407,0.661,1.071,0.909,0.77,0.1,0.348,0.493
0.407,0.661,1.071,0.909,0.77,0.1,0.348,0.493
0.407,0.661,1.071,0.909,0.77,0.1,0.348,0.493
0.407,0.661,1.071,0.909,0.77,0.1,0.348,0.493
0.407,0.661,1.071,0.909,0.77,0.1,0.348,0.493
0.407,0.661,1.071,0.909,0.77,0.1,0.348,0.493
0.407,0.661,1.071,0.909,0.77,0.1,0.348,0.493
0.407,0.661,1.071,0.909,0.77,0.1,0.348,0.493
0.407,0.661,1.071,0.909,0.77,0.1,0.348,0.493
0.407,0.661,1.071,0.909,0.77,0.1,0.348,0.493
0.407,0.661,1.071,0.909,0.77,0.1,0.348,0.493
0.407,0.661,1.071,0.909,0.77,0.1,0.348,0.493
0.407,0.661,1.071,0.909,0.77,0.1,0.348,0.493
0.407,0.661,1.071,0.909,0.77,0.1,0.348,0.493
0.407,0.661,1.071,0.909,0.77,0.1,0.348,0.493
0.407,0.661,1.071,0.909,0.77,0.1,0.348,0.493
0.407,0.661,1.071,0.909,0.77,0.1,0.348,0.493
0.407,0.661,1.071,0.909,0.77,0.1,0.348,0.493
0.407,0.661,1.071,0.909,0.77,0.1,0.348,0.493
0.407,0.661,1.071,0.909,0.77,0.1,0.348,0.493
0.407,0.661,1.071,0.909,0.77,0.1,0.348,0.493
0.407,0.661,1.071,0.909,0.77,0.1,0.348,0.493
0.407,0.661,1.071,0.909,0.77,0.1,0.348,0.493
0.407,0.661,1.071,0.909,0.77,0.1,0.348,0.493
0.407,0.661,1.071,0.909,0.77,0.1,0.348,0.493
0.407,0.661,1.071,0.909,0.77,0.1,0.348,0.493
0.407,0.661,1.071,0.909,0.77,0.1,0.348,0.493
0.407,0.661,1.071,0.909,0.77,0.1,0.348,0.493
0.407,0.661,1.071,0.909,0.77,0.1,0.348,0.493
0.407,0.661,1.071,0.909,0.77,0.1,0.348,0.493
0.407,0.661,1.071,0.909,0.77,0.1,0.348,0.493
0.407,0.661,1.071,0.909,0.77,0.1,0.348,0.493
0.407,0.661,1.071,0.909,0.77,0.1,0.348,0.493
0.407,0.661,1.071,0.909,0.77,0.1,0.348,0.493
0.407,0.661,1.071,0.909,0.77,0.1,0.348,0.493
0.407,0.661,1.071,0.909,0.77,0.1,0.348,0.493
0.407,0.661,1.071,0.909,0.77,0.1,0.348,0.493
0.407,0.661,1.071,0.909,0.77,0.1,0.348,0.493
0.407,0.661,1.071,0.909,0.77,0.1,0.348,0.493
0.407,0.661,1.071,0.909,0.77,0.1,0.348,0.493
0.407,0.661,1.071,0.909,0.77,0.1,0.348,0.493
0.407,0.661,1.071,0.909,0.77,0.1,0.348,0.493
0.407,0.661,1.071,0.909,0.77,0.1,0.348,0.493
0.407,0.661,1.071,0.909,0.77,0.1,0.348,0.493
0.407,0.661,1.071,0.909,0.77,0.1,0.348,0.493
0.407,0.661,1.071,0.909,0.77,0.1,0.348,0.493
0.407,0.661,1.071,0.909,0.77,0.1,0.348,0.493
0.407,0.661,1.071,0.909,0.77,0.1,0.348,0.493
0.407,0.661,1.071,0.909,0.77,0.1,0.348,0.493
0.407,0.661,1.071,0.909,0.77,0.1,0.348,0.493
0.407,0.661,1.071,0.909,0.77,0.1,0.348,0.493
0.407,0.661,1.071,0.909,0.77,0.1,0.348,0.493
0.407,0.661,1.071,0.909,0.77,0.1,0.348,0.493
0.407,0.661,1.071,0.909,0.77,0.1,0.348,0.493
0.407,0.661,1.071,0.909,0.77,0.1,0.348,0.493
0.407,0.661,1.071,0.909,0.77,0.1,0.348,0.493
0.407,0.661,1.071,0.909,0.77,0.1,0.348,0.493
0.407,0.661,1.071,0.909,0.77,0.1,0.348,0.493
0.407,0.661,1.071,0.909,0.77,0.1,0.348,0.493
0.407,0.661,1.071,0.909,0.77,0.1,0.348,0.493
0.407,0.661,1.071,0.909,0.77,0.1,0.348,0.493
0.407,0.661,1.071,0.909,0.77,0.1,0.348,0.493
0.407,0.661,1.071,0.909,0.77,0.1,0.348,0.493
0.407,0.661,1.071,0.909,0.77,0.1,0.348,0.493
0.407,0.661,1.071,0.909,0.77,0.1,0.348,0.493
0.407,0.661,1.071,0.909,0.77,0.1,0.348,0.493
0.407,0.661,1.071,0.909,0.77,0.1,0.348,0.493
0.407,0.661,1.071,0.909,0.77,0.1,0.348,0.493
0.407,0.661,1.071,0.909,0.77,0.1,0.348,0.493
0.407,0.661,1.071,0.909,0.77,0.1,0.348,0.493
0.407,0.661,1.071,0.909,0.77,0.1,0.348,0.493
0.407,0.661,1.071,0.909,0.77,0.1,0.348,0.493
0.407,0.661,1.071,0.909,0.77,0.1,0.348,0.493
0.407,0.661,1.071,0.909,0.77,0.1,0.348,0.493
0.407,0.661,1.071,0.909,0.77,0.1,0.348,0.493
0.407,0.661,1.071,0.909,0.77,0.1,0.348,0.493
0.407,0.661,1.071,0.909,0.77,0.1,0.348,0.493
0.407,0.661,1.071,0.909,0.77,0.1,0.348,0.493
0.407,0.661,1.071,0.909,0.77,0.1,0.348,0.493
0.407,0.661,1.071,0.909,0.77,0.1,0.348,0.493
0.407,0.661,1.071,0.909,0.77,0.1,0.348,0.493
0.407,0.661,1.071,0.909,0.77,0.1,0.348,0.493
0.407,0.661,1.071,0.909,0.77,0.1,0.348,0.493
0.407,0.661,1.071,0.909,0.77,0.1,0.348,0.493
0.407,0.661,1.071,0.909,0.77,0.1,0.348,0.493
0.407,0.661,1.071,0.909,0.77,0.1,0.348,0.493
0.407,0.661,1.071,0.909,0.77,0.1,0.348,0.493
0.407,0.661,1.071,0.909,0.77,0.1,0.348,0.493
0.407,0.661,1.071,0.909,0.77,0.1,0.348,0.493
0.407,0.661,1.071,0.909,0.77,0.1,0.348,0.493
0.407,0.661,1.071,0.909,0.77,0.1,0.348,0.493
0.407,0.661,1.071,0.909,0.77,0.1,0.348,0.493
0.407,0.661,1.071,0.909,0.77,0.1,0.348,0.493
0.407,0.661,1.071,0.909,0.77,0.1,0.348,0.493
0.407,0.661,1.071,0.909,0.77,0.1,0.348,0.493
0.407,0.661,1.071,0.909,0.77,0.1,0.348,0.493
0.407,0.661,1.071,0.909,0.77,0.1,0.348,0.493
0.407,0.661,1.071,0.909,0.77,0.1,0.348,0.493
0.407,0.661,1.071,0.909,0.77,0.1,0.348,0.493
0.407,0.661,1.071,0.909,0.77,0.1,0.348,0.493
0.407,0.661,1.071,0.909,0.77,0.1,0.348,0.493
0.407,0.661,1.071,0.909,0.77,0.1,0.348,0.493
0.407,0.661,1.071,0.909,0.77,0.1,0.348,0.493
0.407,0.661,1.071,0.909,0.77,0.1,0.348,0.493
0.407,0.661,1.071,0.909,0.77,0.1,0.348,0.493
0.407,0.661,1.071,0.909,0.77,0.1,0.348,0.493
0.407,0.661,1.071,0.909,0.77,0.1,0.348,0.493
0.407,0.661,1.071,0.909,0.77,0.1,0.348,0.493
0.407,0.661,1.071,0.909,0.77,0.1,0.348,0.493
0.407,0.661,1.071,0.909,0.77,0.1,0.348,0.493
0.407,0.661,1.071,0.909,0.77,0.1,0.348,0.493
0.407,0.661,1.071,0.909,0.77,0.1,0.348,0.493
0.407,0.661,1.071,0.909,0.77,0.1,0.348,0.493
0.407,0.661,1.071,0.909,0.77,0.1,0.348,0.493
0.407,0.661,1.071,0.909,0.77,0.1,0.348,0.493
0.407,0.661,1.071,0.909,0.77,0.1,0.348,0.493
0.407,0.661,1.071,0.909,0.77,0.1,0.348,0.493
0.407,0.661,1.071,0.909,0.77,0.1,0.348,0.493
0.407,0.661,1.071,0.909,0.77,0.1,0.348,0.493
0.407,0.661,1.071,0.909,0.77,0.1,0.348,0.493
0.407,0.661,1.071,0.909,0.77,0.1,0.348,0.493
0.407,0.661,1.071,0.909,0.77,0.1,0.348,0.493
0.407,0.661,1.071,0.909,0.77,0.1,0.348,0.493
0.407,0.661,1.071,0.909,0.77,0.1,0.348,0.493
0.407,0.661,1.071,0.909,0.77,0.1,0.348,0.493
0.407,0.661,1.071,0.909,0.77,0.1,0.348,0.493
0.407,0.661,1.071,0.909,0.77,0.1,0.348,0.493
0.407,0.661,1.071,0.909,0.77,0.1,0.348,0.493
0.407,0.661,1.071,0.909,0.77,0.1,0.348,0.493
0.407,0.661,1.071,0.909,0.77,0.1,0.348,0.493
0.407,0.661,1.071,0.909,0.77,0.1,0.348,0.493
0.407,0.661,1.071,0.909,0.77,0.1,0.348,0.493
0.407,0.661,1.071,0.909,0.77,0.1,0.348,0.493
0.407,0.661,1.071,0.909,0.77,0.1,0.348,0.493
0.407,0.661,1.071,0.909,0.77,0.1,0.348,0.493
0.407,0.661,1.071,0.909,0.77,0.1,0.348,0.493
0.407,0.661,1.071,0.909,0.77,0.1,0.348,0.493
0.407,0.661,1.071,0.909,0.77,0.1,0.348,0.493
0.407,0.661,1.071,0.909,0.77,0.1,0.348,0.493
0.407,0.661,1.071,0.909,0.77,0.1,0.348,0.493
0.407,0.661,1.071,0.909,0.77,0.1,0.348,0.493
0.407,0.661,1.071,0.909,0.77,0.1,0.348,0.493
0.407,0.661,1.071,0.909,0.77,0.1,0.348,0.493
0.407,0.661,1.071,0.909,0.77,0.1,0.348,0.493
0.407,0.661,1.071,0.909,0.77,0.1,0.348,0.493
0.407,0.661,1.071,0.909,0.77,0.1,0.348,0.493
0.407,0.661,1.071,0.909,0.77,0.1,0.348,0.493
0.407,0.661,1.071,0.909,0.77,0.1,0.348,0.493
0.407,0.661,1.071,0.909,0.77,0.1,0.348,0.493
0.407,0.661,1.071,0.909,0.77,0.1,0.348,0.493
0.407,0.661,1.071,0.909,0.77,0.1,0.348,0.493
0.407,0.661,1.071,0.909,0.77,0.1,0.348,0.493
0.407,0.661,1.071,0.909,0.77,0.1,0.348,0.493
0.407,0.661,1.071,0.909,0.77,0.1,0.348,0.493
0.407,0.661,1.071,0.909,0.77,0.1,0.348,0.493
0.407,0.661,1.071,0.909,0.77,0.1,0.348,0.493
0.407,0.661,1.071,0.909,0.77,0.1,0.348,0.493
0.407,0.661,1.071,0.909,0.77,0.1,0.348,0.493
0.407,0.661,1.071,0.909,0.77,0.1,0.348,0.493
0.407,0.661,1.071,0.909,0.77,0.1,0.348,0.493
0.407,0.661,1.071,0.909,0.77,0.1,0.348,0.493
0.407,0.661,1.071,0.909,0.77,0.1,0.348,0.493
0.407,0.661,1.071,0.909,0.77,0.1,0.348,0.493
0.407,0.661,1.071,0.909,0.77,0.1,0.348,0.493
0.407,0.661,1.071,0.909,0.77,0.1,0.348,0.493
0.407,0.661,1.071,0.909,0.77,0.1,0.348,0.493
0.407,0.661,1.071,0.909,0.77,0.1,0.348,0.493
0.407,0.661,1.071,0.909,0.77,0.1,0.348,0.493
0.407,0.661,1.071,0.909,0.77,0.1,0.348,0.493
0.407,0.661,1.071,0.909,0.77,0.1,0.348,0.493
0.407,0.661,1.071,0.909,0.77,0.1,0.348,0.493
0.407,0.661,1.071,0.909,0.77,0.1,0.348,0.493
0.407,0.661,1.071,0.909,0.77,0.1,0.348,0.493
0.407,0.661,1.071,0.909,0.77,0.1,0.348,0.493
0.407,0.661,1.071,0.909,0.77,0.1,0.348,0.493
0.407,0.661,1.071,0.909,0.77,0.1,0.348,0.493
0.407,0.661,1.071,0.909,0.77,0.1,0.348,0.493
0.407,0.661,1.071,0.909,0.77,0.1,0.348,0.493
0.407,0.661,1.071,0.909,0.77,0.1,0.348,0.493
0.407,0.661,1.071,0.909,0.77,0.1,0.348,0.493
0.407,0.661,1.071,0.909,0.77,0.1,0.348,0.493
0.407,0.661,1.071,0.909,0.77,0.1,0.348,0.493
0.407,0.661,1.071,0.909,0.77,0.1,0.348,0.493
0.407,0.661,1.071,0.909,0.77,0.1,0.348,0.493
0.407,0.661,1.071,0.909,0.77,0.1,0.348,0.493
0.407,0.661,1.071,0.909,0.77,0.1,0.348,0.493
0.407,0.661,1.071,0.909,0.77,0.1,0.348,0.493
0.407,0.661,1.071,0.909,0.77,0.1,0.348,0.493
0.407,0.661,1.071,0.909,0.77,0.1,0.348,0.493
0.407,0.661,1.071,0.909,0.77,0.1,0.348,0.493
0.407,0.661,1.071,0.909,0.77,0.1,0.348,0.493
0.407,0.661,1.071,0.909,0.77,0.1,0.348,0.493
0.407,0.661,1.071,0.909,0.77,0.1,0.348,0.493
0.407,0.661,1.071,0.909,0.77,0.1,0.348,0.493
0.407,0.661,1.071,0.909,0.77,0.1,0.348,0.493
0.407,0.661,1.071,0.909,0.77,0.1,0.348,0.493
0.407,0.661,1.071,0.909,0.77,0.1,0.348,0.493
0.407,0.661,1.071,0.909,0.77,0.1,0.348,0.493
0.407,0.661,1.071,0.909,0.77,0.1,0.348,0.493
0.407,0.661,1.071,0.909,0.77,0.1,0.348,0.493
0.407,0.661,1.071,0.909,0.77,0.1,0.348,0.493
0.407,0.661,1.071,0.909,0.77,0.1,0.348,0.493
0.407,0.661,1.071,0.909,0.77,0.1,0.348,0.493
0.407,0.661,1.071,0.909,0.77,0.1,0.348,0.493
0.407,0.661,1.071,0.909,0.77,0.1,0.348,0.493
0.407,0.661,1.071,0.909,0.77,0.1,0.348,0.493
0.407,0.661,1.071,0.909,0.77,0.1,0.348,0.493
0.407,0.661,1.071,0.909,0.77,0.1,0.348,0.493
0.407,0.661,1.071,0.909,0.77,0.1,0.348,0.493
0.407,0.661,1.071,0.909,0.77,0.1,0.348,0.493
0.407,0.661,1.071,0.909,0.77,0.1,0.348,0.493
0.407,0.661,1.071,0.909,0.77,0.1,0.348,0.493
0.407,0.661,1.071,0.909,0.77,0.1,0.348,0.493
0.407,0.661,1.071,0.909,0.77,0.1,0.348,0.493
0.407,0.661,1.071,0.909,0.77,0.1,0.348,0.493
0.407,0.661,1.071,0.909,0.77,0.1,0.348,0.493
0.407,0.661,1.071,0.909,0.77,0.1,0.348,0.493
0.407,0.661,1.071,0.909,0.77,0.1,0.348,0.493
0.407,0.661,1.071,0.909,0.77,0.1,0.348,0.493
0.407,0.661,1.071,0.909,0.77,0.1,0.348,0.493
0.407,0.661,1.071,0.909,0.77,0.1,0.348,0.493
0.407,0.661,1.071,0.909,0.77,0.1,0.348,0.493
0.407,0.661,1.071,0.909,0.77,0.1,0.348,0.493
0.407,0.661,1.071,0.909,0.77,0.1,0.348,0.493
0.407,0.661,1.071,0.909,0.77,0.1,0.348,0.493
0.407,0.661,1.071,0.909,0.77,0.1,0.348,0.493
0.407,0.661,1.071,0.909,0.77,0.1,0.348,0.493
0.407,0.661,1.071,0.909,0.77,0.1,0.348,0.493
0.407,0.661,1.071,0.909,0.77,0.1,0.348,0.493
0.407,0.661,1.071,0.909,0.77,0.1,0.348,0.493
0.407,0.661,1.071,0.909,0.77,0.1,0.348,0.493
0.407,0.661,1.071,0.909,0.77,0.1,0.348,0.493
0.407,0.661,1.071,0.909,0.77,0.1,0.348,0.493
0.407,0.661,1.071,0.909,0.77,0.1,0.348,0.493
0.407,0.661,1.071,0.909,0.77,0.1,0.348,0.493
0.407,0.661,1.071,0.909,0.77,0.1,0.348,0.493
0.407,0.661,1.071,0.909,0.77,0.1,0.348,0.493
0.407,0.661,1.071,0.909,0.77,0.1,0.348,0.493
0.407,0.661,1.071,0.909,0.77,0.1,0.348,0.493
0.407,0.661,1.071,0.909,0.77,0.1,0.348,0.493
0.407,0.661,1.071,0.909,0.77,0.1,0.348,0.493
0.407,0.661,1.071,0.909,0.77,0.1,0.348,0.493
0.407,0.661,1.071,0.909,0.77,0.1,0.348,0.493
0.407,0.661,1.071,0.909,0.77,0.1,0.348,0.493
0.407,0.661,1.071,0.909,0.77,0.1,0.348,0.493
0.407,0.661,1.071,0.909,0.77,0.1,0.348,0.493
0.407,0.661,1.071,0.909,0.77,0.1,0.348,0.493
0.407,0.661,1.071,0.909,0.77,0.1,0.348,0.493
0.407,0.661,1.071,0.909,0.77,0.1,0.348,0.493
0.407,0.661,1.071,0.909,0.77,0.1,0.348,0.493
0.407,0.661,1.071,0.909,0.77,0.1,0.348,0.493
0.407,0.661,1.071,0.909,0.77,0.1,0.348,0.493
0.407,0.661,1.071,0.909,0.77,0.1,0.348,0.493
0.407,0.661,1.071,0.909,0.77,0.1,0.348,0.493
0.407,0.661,1.071,0.909,0.77,0.1,0.348,0.493
0.407,0.661,1.071,0.909,0.77,0.1,0.348,0.493
0.407,0.661,1.071,0.909,0.77,0.1,0.348,0.493
0.407,0.661,1.071,0.909,0.77,0.1,0.348,0.493
0.407,0.661,1.071,0.909,0.77,0.1,0.348,0.493
0.407,0.661,1.071,0.909,0.77,0.1,0.348,0.493
0.407,0.661,1.071,0.909,0.77,0.1,0.348,0.493
0.407,0.661,1.071,0.909,0.77,0.1,0.348,0.493
0.407,0.661,1.071,0.909,0.77,0.1,0.348,0.493
0.407,0.661,1.071,0.909,0.77,0.1,0.348,0.493
0.407,0.661,1.071,0.909,0.77,0.1,0.348,0.493
0.407,0.661,1.071,0.909,0.77,0.1,0.348,0.493
0.407,0.661,1.071,0.909,0.77,0.1,0.348,0.493
0.407,0.661,1.071,0.909,0.77,0.1,0.348,0.493
0.407,0.661,1.071,0.909,0.77,0.1,0.348,0.493
0.407,0.661,1.071,0.909,0.77,0.1,0.348,0.493
0.407,0.661,1.071,0.909,0.77,0.1,0.348,0.493
0.407,0.661,1.071,0.909,0.77,0.1,0.348,0.493
0.407,0.661,1.071,0.909,0.77,0.1,0.348,0.493
0.407,0.661,1.071,0.909,0.77,0.1,0.348,0.493
0.407,0.661,1.071,0.909,0.77,0.1,0.348,0.493
0.407,0.661,1.071,0.909,0.77,0.1,0.348,0.493
0.407,0.661,1.071,0.909,0.77,0.1,0.348,0.493
0.407,0.661,1.071,0.909,0.77,0.1,0.348,0.493
0.407,0.661,1.071,0.909,0.77,0.1,0.348,0.493
0.407,0.661,1.071,0.909,0.77,0.1,0.348,0.493
0.407,0.661,1.071,0.909,0.77,0.1,0.348,0.493
0.407,0.661,1.071,0.909,0.77,0.1,0.348,0.493
0.407,0.661,1.071,0.909,0.77,0.1,0.348,0.493
0.407,0.661,1.071,0.909,0.77,0.1,0.348,0.493
0.407,0.661,1.071,0.909,0.77,0.1,0.348,0.493
0.407,0.661,1.071,0.909,0.77,0.1,0.348,0.493
0.407,0.661,1.071,0.909,0.77,0.1,0.348,0.493
0.407,0.661,1.071,0.909,0.77,0.1,0.348,0.493
0.407,0.661,1.071,0.909,0.77,0.1,0.348,0.493
0.407,0.661,1.071,0.909,0.77,0.1,0.348,0.493
0.407,0.661,1.071,0.909,0.77,0.1,0.348,0.493
0.407,0.661,1.071,0.909,0.77,0.1,0.348,0.493
0.407,0.661,1.071,0.909,0.77,0.1,0.348,0.493
0.407,0.661,1.071,0.909,0.77,0.1,0.348,0.493
0.407,0.661,1.071,0.909,0.77,0.1,0.348,0.493
0.407,0.661,1.071,0.909,0.77,0.1,0.348,0.493
0.407,0.661,1.071,0.909,0.77,0.1,0.348,0.493
0.407,0.661,1.071,0.909,0.77,0.1,0.348,0.493
0.407,0.661,1.071,0.909,0.77,0.1,0.348,0.493
0.407,0.661,1.071,0.909,0.77,0.1,0.348,0.493
0.407,0.661,1.071,0.909,0.77,0.1,0.348,0.493
0.407,0.661,1.071,0.909,0.77,0.1,0.348,0.493
0.407,0.661,1.071,0.909,0.77,0.1,0.348,0.493
0.407,0.661,1.071,0.909,0.77,0.1,0.348,0.493
0.407,0.661,1.071,0.909,0.77,0.1,0.348,0.493
0.407,0.661,1.071,0.909,0.77,0.1,0.348,0.493
0.407,0.661,1.071,0.909,0.77,0.1,0.348,0.493
0.407,0.661,1.071,0.909,0.77,0.1,0.348,0.493
0.407,0.661,1.071,0.909,0.77,0.1,0.348,0.493
0.407,0.661,1.071,0.909,0.77,0.1,0.348,0.493
0.407,0.661,1.071,0.909,0.77,0.1,0.348,0.493
0.407,0.661,1.071,0.909,0.77,0.1,0.348,0.493
0.407,0.661,1.071,0.909,0.77,0.1,0.348,0.493
0.407,0.661,1.071,0.909,0.77,0.1,0.348,0.493
0.407,0.661,1.071,0.909,0.77,0.1,0.348,0.493
0.407,0.661,1.071,0.909,0.77,0.1,0.348,0.493
0.407,0.661,1.071,0.909,0.77,0.1,0.348,0.493
0.407,0.661,1.071,0.909,0.77,0.1,0.348,0.493
0.407,0.661,1.071,0.909,0.77,0.1,0.348,0.493
0.407,0.661,1.071,0.909,0.77,0.1,0.348,0.493
0.407,0.661,1.071,0.909,0.77,0.1,0.348,0.493
0.407,0.661,1.071,0.909,0.77,0.1,0.348,0.493
0.407,0.661,1.071,0.909,0.77,0.1,0.348,0.493
0.407,0.661,1.071,0.909,0.77,0.1,0.348,0.493
0.407,0.661,1.071,0.909,0.77,0.1,0.348,0.493
0.407,0.661,1.071,0.909,0.77,0.1,0.348,0.493
0.407,0.661,1.071,0.909,0.77,0.1,0.348,0.493
0.407,0.661,1.071,0.909,0.77,0.1,0.348,0.493
0.407,0.661,1.071,0.909,0.77,0.1,0.348,0.493
0.407,0.661,1.071,0.909,0.77,0.1,0.348,0.493
0.407,0.661,1.071,0.909,0.77,0.1,0.348,0.493
0.407,0.661,1.071,0.909,0.77,0.1,0.348,0.493
0.407,0.661,1.071,0.909,0.77,0.1,0.348,0.493
0.407,0.661,1.071,0.909,0.77,0.1,0.348,0.493
0.407,0.661,1.071,0.909,0.77,0.1,0.348,0.493
0.407,0.661,1.071,0.909,0.77,0.1,0.348,0.493
0.407,0.661,1.071,0.909,0.77,0.1,0.348,0.493
0.407,0.661,1.071,0.909,0.77,0.1,0.348,0.493
0.407,0.661,1.071,0.909,0.77,0.1,0.348,0.493
0.407,0.661,1.071,0.909,0.77,0.1,0.348,0.493
0.407,0.661,1.071,0.909,0.77,0.1,0.348,0.493
0.407,0.661,1.071,0.909,0.77,0.1,0.348,0.493
0.407,0.661,1.071,0.909,0.77,0.1,0.348,0.493
0.407,0.661,1.071,0.909,0.77,0.1,0.348,0.493
0.407,0.661,1.071,0.909,0.77,0.1,0.348,0.493
0.407,0.661,1.071,0.909,0.77,0.1,0.348,0.493
0.407,0.661,1.071,0.909,0.77,0.1,0.348,0.493
0.407,0.661,1.071,0.909,0.77,0.1,0.348,0.493
0.407,0.661,1.071,0.909,0.77,0.1,0.348,0.493
0.407,0.661,1.071,0.909,0.77,0.1,0.348,0.493
0.407,0.661,1.071,0.909,0.77,0.1,0.348,0.493
0.407,0.661,1.071,0.909,0.77,0.1,0.348,0.493
0.407,0.661,1.071,0.909,0.77,0.1,0.348,0.493
0.407,0.661,1.071,0.909,0.77,0.1,0.348,0.493
0.407,0.661,1.071,0.909,0.77,0.1,0.348,0.493
0.407,0.661,1.071,0.909,0.77,0.1,0.348,0.493
0.407,0.661,1.071,0.909,0.77,0.1,0.348,0.493
0.407,0.661,1.071,0.909,0.77,0.1,0.348,0.493
0.407,0.661,1.071,0.909,0.77,0.1,0.348,0.493
0.407,0.661,1.071,0.909,0.77,0.1,0.348,0.493
0.407,0.661,1.071,0.909,0.77,0.1,0.348,0.493
0.407,0.661,1.071,0.909,0.77,0.1,0.348,0.493
0.407,0.661,1.071,0.909,0.77,0.1,0.348,0.493
0.407,0.661,1.071,0.909,0.77,0.1,0.348,0.493
0.407,0.661,1.071,0.909,0.77,0.1,0.348,0.493
0.407,0.661,1.071,0.909,0.77,0.1,0.348,0.493
0.407,0.661,1.071,0.909,0.77,0.1,0.348,0.493
0.407,0.661,1.071,0.909,0.77,0.1,0.348,0.493
0.407,0.661,1.071,0.909,0.77,0.1,0.348,0.493
0.407,0.661,1.071,0.909,0.77,0.1,0.348,0.493
0.407,0.661,1.071,0.909,0.77,0.1,0.348,0.493
0.407,0.661,1.071,0.909,0.77,0.1,0.348,0.493
0.407,0.661,1.071,0.909,0.77,0.1,0.348,0.493
0.407,0.661,1.071,0.909,0.77,0.1,0.348,0.493
0.407,0.661,1.071,0.909,0.77,0.1,0.348,0.493
0.407,0.661,1.071,0.909,0.77,0.1,0.348,0.493
0.407,0.661,1.071,0.909,0.77,0.1,0.348,0.493
0.407,0.661,1.071,0.909,0.77,0.1,0.348,0.493
0.407,0.661,1.071,0.909,0.77,0.1,0.348,0.493
0.407,0.661,1.071,0.909,0.77,0.1,0.348,0.493
0.407,0.661,1.071,0.909,0.77,0.1,0.348,0.493
0.407,0.661,1.071,0.909,0.77,0.1,0.348,0.493
0.407,0.661,1.071,0.909,0.77,0.1,0.348,0.493
0.407,0.661,1.071,0.909,0.77,0.1,0.348,0.493
0.407,0.661,1.071,0.909,0.77,0.1,0.348,0.493
0.407,0.661,1.071,0.909,0.77,0.1,0.348,0.493
0.407,0.661,1.071,0.909,0.77,0.1,0.348,0.493
0.407,0.661,1.071,0.909,0.77,0.1,0.348,0.493
0.407,0.661,1.071,0.909,0.77,0.1,0.348,0.493
0.407,0.661,1.071,0.909,0.77,0.1,0.348,0.493
0.407,0.661,1.071,0.909,0.77,0.1,0.348,0.493
0.407,0.661,1.071,0.909,0.77,0.1,0.348,0.493
0.407,0.661,1.071,0.909,0.77,0.1,0.348,0.493
0.407,0.661,1.071,0.909,0.77,0.1,0.348,0.493
0.407,0.661,1.071,0.909,0.77,0.1,0.348,0.493
0.407,0.661,1.071,0.909,0.77,0.1,0.348,0.493
0.407,0.661,1.071,0.909,0.77,0.1,0.348,0.493
0.407,0.661,1.071,0.909,0.77,0.1,0.348,0.493
0.407,0.661,1.071,0.909,0.77,0.1,0.348,0.493
0.407,0.661,1.071,0.909,0.77,0.1,0.348,0.493
0.407,0.661,1.071,0.909,0.77,0.1,0.348,0.493
0.407,0.661,1.071,0.909,0.77,0.1,0.348,0.493
0.407,0.661,1.071,0.909,0.77,0.1,0.348,0.493
0.407,0.661,1.071,0.909,0.77,0.1,0.348,0.493
0.407,0.661,1.071,0.909,0.77,0.1,0.348,0.493
0.407,0.661,1.071,0.909,0.77,0.1,0.348,0.493
0.407,0.661,1.071,0.909,0.77,0.1,0.348,0.493
0.407,0.661,1.071,0.909,0.77,0.1,0.348,0.493
0.407,0.661,1.071,0.909,0.77,0.1,0.348,0.493
0.407,0.661,1.071,0.909,0.77,0.1,0.348,0.493
0.407,0.661,1.071,0.909,0.77,0.1,0.348,0.493
0.407,0.661,1.071,0.909,0.77,0.1,0.348,0.493
0.407,0.661,1.071,0.909,0.77,0.1,0.348,0.493
0.407,0.661,1.071,0.909,0.77,0.1,0.348,0.493
0.407,0.661,1.071,0.909,0.77,0.1,0.348,0.493
0.407,0.661,1.071,0.909,0.77,0.1,0.348,0.493
0.407,0.661,1.071,0.909,0.77,0.1,0.348,0.493
0.407,0.661,1.071,0.909,0.77,0.1,0.348,0.493
0.407,0.661,1.071,0.909,0.77,0.1,0.348,0.493
0.407,0.661,1.071,0.909,0.77,0.1,0.348,0.493
0.407,0.661,1.071,0.909,0.77,0.1,0.348,0.493
0.407,0.661,1.071,0.909,0.77,0.1,0.348,0.493
0.407,0.661,1.071,0.909,0.77,0.1,0.348,0.493
0.407,0.661,1.071,0.909,0.77,0.1,0.348,0.493
0.407,0.661,1.071,0.909,0.77,0.1,0.348,0.493
0.407,0.661,1.071,0.909,0.77,0.1,0.348,0.493
0.407,0.661,1.071,0.909,0.77,0.1,0.348,0.493
0.407,0.661,1.071,0.909,0.77,0.1,0.348,0.493
0.407,0.661,1.071,0.909,0.77,0.1,0.348,0.493
0.407,0.661,1.071,0.909,0.77,0.1,0.348,0.493
0.407,0.661,1.071,0.909,0.77,0.1,0.348,0.493
0.407,0.661,1.071,0.909,0.77,0.1,0.348,0.493
0.407,0.661,1.071,0.909,0.77,0.1,0.348,0.493
0.407,0.661,1.071,0.909,0.77,0.1,0.348,0.493
0.407,0.661,1.071,0.909,0.77,0.1,0.348,0.493
0.407,0.661,1.071,0.909,0.77,0.1,0.348,0.493
0.407,0.661,1.071,0.909,0.77,0.1,0.348,0.493
0.407,0.661,1.071,0.909,0.77,0.1,0.348,0.493
0.407,0.661,1.071,0.909,0.77,0.1,0.348,0.493
0.407,0.661,1.071,0.909,0.77,0.1,0.348,0.493
0.407,0.661,1.071,0.909,0.77,0.1,0.348,0.493
0.407,0.661,1.071,0.909,0.77,0.1,0.348,0.493
0.407,0.661,1.071,0.909,0.77,0.1,0.348,0.493
0.407,0.661,1.071,0.909,0.77,0.1,0.348,0.493
0.407,0.661,1.071,0.909,0.77,0.1,0.348,0.493
0.407,0.661,1.071,0.909,0.77,0.1,0.348,0.493
0.407,0.661,1.071,0.909,0.77,0.1,0.348,0.493
0.407,0.661,1.071,0.909,0.77,0.1,0.348,0.493
0.407,0.661,1.071,0.909,0.77,0.1,0.348,0.493
0.407,0.661,1.071,0.909,0.77,0.1,0.348,0.493
0.407,0.661,1.071,0.909,0.77,0.1,0.348,0.493
0.407,0.661,1.071,0.909,0.77,0.1,0.348,0.493
0.407,0.661,1.071,0.909,0.77,0.1,0.348,0.493
0.407,0.661,1.071,0.909,0.77,0.1,0.348,0.493
0.407,0.661,1.071,0.909,0.77,0.1,0.348,0.493
0.407,0.661,1.071,0.909,0.77,0.1,0.348,0.493
0.407,0.661,1.071,0.909,0.77,0.1,0.348,0.493
0.407,0.661,1.071,0.909,0.77,0.1,0.348,0.493
0.407,0.661,1.071,0.909,0.77,0.1,0.348,0.493
0.407,0.661,1.071,0.909,0.77,0.1,0.348,0.493
0.407,0.661,1.071,0.909,0.77,0.1,0.348,0.493
0.407,0.661,1.071,0.909,0.77,0.1,0.348,0.493
0.407,0.661,1.071,0.909,0.77,0.1,0.348,0.493
0.407,0.661,1.071,0.909,0.77,0.1,0.348,0.493
0.407,0.661,1.071,0.909,0.77,0.1,0.348,0.493
0.407,0.661,1.071,0.909,0.77,0.1,0.348,0.493
0.407,0.661,1.071,0.909,0.77,0.1,0.348,0.493
0.407,0.661,1.071,0.909,0.77,0.1,0.348,0.493
0.407,0.661,1.071,0.909,0.77,0.1,0.348,0.493
0.407,0.661,1.071,0.909,0.77,0.1,0.348,0.493
0.407,0.661,1.071,0.909,0.77,0.1,0.348,0.493
0.407,0.661,1.071,0.909,0.77,0.1,0.348,0.493
0.407,0.661,1.071,0.909,0.77,0.1,0.348,0.493
0.407,0.661,1.071,0.909,0.77,0.1,0.348,0.493
0.407,0.661,1.071,0.909,0.77,0.1,0.348,0.493
0.407,0.661,1.071,0.909,0.77,0.1,0.348,0.493
0.407,0.661,1.071,0.909,0.77,0.1,0.348,0.493
0.407,0.661,1.071,0.909,0.77,0.1,0.348,0.493
0.407,0.661,1.071,0.909,0.77,0.1,0.348,0.493
0.407,0.661,1.071,0.909,0.77,0.1,0.348,0.493
0.407,0.661,1.071,0.909,0.77,0.1,0.348,0.493
0.407,0.661,1.071,0.909,0.77,0.1,0.348,0.493
0.407,0.661,1.071,0.909,0.77,0.1,0.348,0.493
0.407,0.661,1.071,0.909,0.77,0.1,0.348,0.493
0.407,0.661,1.071,0.909,0.77,0.1,0.348,0.493
0.407,0.661,1.071,0.909,0.77,0.1,0.348,0.493
0.407,0.661,1.071,0.909,0.77,0.1,0.348,0.493
0.407,0.661,1.071,0.909,0.77,0.1,0.348,0.493
0.407,0.661,1.071,0.909,0.77,0.1,0.348,0.493
0.407,0.661,1.071,0.909,0.77,0.1,0.348,0.493
0.407,0.661,1.071,0.909,0.77,0.1,0.348,0.493
0.407,0.661,1.071,0.909,0.77,0.1,0.348,0.493
0.407,0.661,1.071,0.909,0.77,0.1,0.348,0.493
0.407,0.661,1.071,0.909,0.77,0.1,0.348,0.493
0.407,0.661,1.071,0.909,0.77,0.1,0.348,0.493
0.407,0.661,1.071,0.909,0.77,0.1,0.348,0.493
0.407,0.661,1.071,0.909,0.77,0.1,0.348,0.493
0.407,0.661,1.071,0.909,0.77,0.1,0.348,0.493
0.407,0.661,1.071,0.909,0.77,0.1,0.348,0.493
0.407,0.661,1.071,0.909,0.77,0.1,0.348,0.493
0.407,0.661,1.071,0.909,0.77,0.1,0.348,0.493
0.407,0.661,1.071,0.909,0.77,0.1,0.348,0.493
0.407,0.661,1.071,0.909,0.77,0.1,0.348,0.493
0.407,0.661,1.071,0.909,0.77,0.1,0.348,0.493
0.407,0.661,1.071,0.909,0.77,0.1,0.348,0.493
0.407,0.661,1.071,0.909,0.77,0.1,0.348,0.493
0.407,0.661,1.071,0.909,0.77,0.1,0.348,0.493
0.407,0.661,1.071,0.909,0.77,0.1,0.348,0.493
0.407,0.661,1.071,0.909,0.77,0.1,0.348,0.493
0.407,0.661,1.071,0.909,0.77,0.1,0.348,0.493
0.407,0.661,1.071,0.909,0.77,0.1,0.348,0.493
0.407,0.661,1.071,0.909,0.77,0.1,0.348,0.493
0.407,0.661,1.071,0.909,0.77,0.1,0.348,0.493
0.407,0.661,1.071,0.909,0.77,0.1,0.348,0.493
0.407,0.661,1.071,0.909,0.77,0.1,0.348,0.493
0.407,0.661,1.071,0.909,0.77,0.1,0.348,0.493
0.407,0.661,1.071,0.909,0.77,0.1,0.348,0.493
0.407,0.661,1.071,0.909,0.77,0.1,0.348,0.493
0.407,0.661,1.071,0.909,0.77,0.1,0.348,0.493
0.407,0.661,1.071,0.909,0.77,0.1,0.348,0.493
0.407,0.661,1.071,0.909,0.77,0.1,0.348,0.493
0.407,0.661,1.071,0.909,0.77,0.1,0.348,0.493
0.407,0.661,1.071,0.909,0.77,0.1,0.348,0.493
0.407,0.661,1.071,0.909,0.77,0.1,0.348,0.493
0.407,0.661,1.071,0.909,0.77,0.1,0.348,0.493
0.407,0.661,1.071,0.909,0.77,0.1,0.348,0.493
0.407,0.661,1.071,0.909,0.77,0.1,0.348,0.493
0.407,0.661,1.071,0.909,0.77,0.1,0.348,0.493
0.407,0.661,1.071,0.909,0.77,0.1,0.348,0.493
0.407,0.661,1.071,0.909,0.77,0.1,0.348,0.493
0.407,0.661,1.071,0.909,0.77,0.1,0.348,0.493
0.407,0.661,1.071,0.909,0.77,0.1,0.348,0.493
0.407,0.661,1.071,0.909,0.77,0.1,0.348,0.493
0.407,0.661,1.071,0.909,0.77,0.1,0.348,0.493
0.407,0.661,1.071,0.909,0.77,0.1,0.348,0.493
0.407,0.661,1.071,0.909,0.77,0.1,0.348,0.493
0.407,0.661,1.071,0.909,0.77,0.1,0.348,0.493
0.407,0.661,1.071,0.909,0.77,0.1,0.348,0.493
0.407,0.661,1.071,0.909,0.77,0.1,0.348,0.493
0.407,0.661,1.071,0.909,0.77,0.1,0.348,0.493
0.407,0.661,1.071,0.909,0.77,0.1,0.348,0.493
0.407,0.661,1.071,0.909,0.77,0.1,0.348,0.493
0.407,0.661,1.071,0.909,0.77,0.1,0.348,0.493
0.407,0.661,1.071,0.909,0.77,0.1,0.348,0.493
0.407,0.661,1.071,0.909,0.77,0.1,0.348,0.493
0.407,0.661,1.071,0.909,0.77,0.1,0.348,0.493
0.407,0.661,1.071,0.909,0.77,0.1,0.348,0.493
0.407,0.661,1.071,0.909,0.77,0.1,0.348,0.493
0.407,0.661,1.071,0.909,0.77,0.1,0.348,0.493
0.407,0.661,1.071,0.909,0.77,0.1,0.348,0.493
0.407,0.661,1.071,0.909,0.77,0.1,0.348,0.493
0.407,0.661,1.071,0.909,0.77,0.1,0.348,0.493
0.407,0.661,1.071,0.909,0.77,0.1,0.348,0.493
0.407,0.661,1.071,0.909,0.77,0.1,0.348,0.493
0.407,0.661,1.071,0.909,0.77,0.1,0.348,0.493
0.407,0.661,1.071,0.909,0.77,0.1,0.348,0.493
0.407,0.661,1.071,0.909,0.77,0.1,0.348,0.493
0.407,0.661,1.071,0.909,0.77,0.1,0.348,0.493
0.407,0.661,1.071,0.909,0.77,0.1,0.348,0.493
0.407,0.661,1.071,0.909,0.77,0.1,0.348,0.493
0.407,0.661,1.071,0.909,0.77,0.1,0.348,0.493
0.407,0.661,1.071,0.909,0.77,0.1,0.348,0.493
0.407,0.661,1.071,0.909,0.77,0.1,0.348,0.493
0.407,0.661,1.071,0.909,0.77,0.1,0.348,0.493
0.407,0.661,1.071,0.909,0.77,0.1,0.348,0.493
0.407,0.661,1.071,0.909,0.77,0.1,0.348,0.493
0.407,0.661,1.071,0.909,0.77,0.1,0.348,0.493
0.407,0.661,1.071,0.909,0.77,0.1,0.348,0.493
0.407,0.661,1.071,0.909,0.77,0.1,0.348,0.493
0.407,0.661,1.071,0.909,0.77,0.1,0.348,0.493
0.407,0.661,1.071,0.909,0.77,0.1,0.348,0.493
0.407,0.661,1.071,0.909,0.77,0.1,0.348,0.493
0.407,0.661,1.071,0.909,0.77,0.1,0.348,0.493
0.407,0.661,1.071,0.909,0.77,0.1,0.348,0.493
0.407,0.661,1.071,0.909,0.77,0.1,0.348,0.493
0.407,0.661,1.071,0.909,0.77,0.1,0.348,0.493
0.407,0.661,1.071,0.909,0.77,0.1,0.348,0.493
0.407,0.661,1.071,0.909,0.77,0.1,0.348,0.493
0.407,0.661,1.071,0.909,0.77,0.1,0.348,0.493
0.407,0.661,1.071,0.909,0.77,0.1,0.348,0.493
0.407,0.661,1.071,0.909,0.77,0.1,0.348,0.493
0.407,0.661,1.071,0.909,0.77,0.1,0.348,0.493
0.407,0.661,1.071,0.909,0.77,0.1,0.348,0.493
0.407,0.661,1.071,0.909,0.77,0.1,0.348,0.493
0.407,0.661,1.071,0.909,0.77,0.1,0.348,0.493
0.407,0.661,1.071,0.909,0.77,0.1,0.348,0.493
0.407,0.661,1.071,0.909,0.77,0.1,0.348,0.493
0.407,0.661,1.071,0.909,0.77,0.1,0.348,0.493
0.407,0.661,1.071,0.909,0.77,0.1,0.348,0.493
0.407,0.661,1.071,0.909,0.77,0.1,0.348,0.493
0.407,0.661,1.071,0.909,0.77,0.1,0.348,0.493
0.407,0.661,1.071,0.909,0.77,0.1,0.348,0.493
0.407,0.661,1.071,0.909,0.77,0.1,0.348,0.493
0.407,0.661,1.071,0.909,0.77,0.1,0.348,0.493
0.407,0.661,1.071,0.909,0.77,0.1,0.348,0.493
0.407,0.661,1.071,0.909,0.77,0.1,0.348,0.493
0.407,0.661,1.071,0.909,0.77,0.1,0.348,0.493
0.407,0.661,1.071,0.909,0.77,0.1,0.348,0.493
0.407,0.661,1.071,0.909,0.77,0.1,0.348,0.493
0.407,0.661,1.071,0.909,0.77,0.1,0.348,0.493
0.407,0.661,1.071,0.909,0.77,0.1,0.348,0.493
0.407,0.661,1.071,0.909,0.77,0.1,0.348,0.493
0.407,0.661,1.071,0.909,0.77,0.1,0.348,0.493
0.407,0.661,1.071,0.909,0.77,0.1,0.348,0.493
0.407,0.661,1.071,0.909,0.77,0.1,0.348,0.493
0.407,0.661,1.071,0.909,0.77,0.1,0.348,0.493
0.407,0.661,1.071,0.909,0.77,0.1,0.348,0.493
0.407,0.661,1.071,0.909,0.77,0.1,0.348,0.493
0.407,0.661,1.071,0.909,0.77,0.1,0.348,0.493
0.407,0.661,1.071,0.909,0.77,0.1,0.348,0.493
0.407,0.661,1.071,0.909,0.77,0.1,0.348,0.493
0.407,0.661,1.071,0.909,0.77,0.1,0.348,0.493
0.407,0.661,1.071,0.909,0.77,0.1,0.348,0.493
0.407,0.661,1.071,0.909,0.77,0.1,0.348,0.493
0.407,0.661,1.071,0.909,0.77,0.1,0.348,0.493
0.407,0.661,1.071,0.909,0.77,0.1,0.348,0.493
0.407,0.661,1.071,0.909,0.77,0.1,0.348,0.493
0.407,0.661,1.071,0.909,0.77,0.1,0.348,0.493
0.407,0.661,1.071,0.909,0.77,0.1,0.348,0.493
0.407,0.661,1.071,0.909,0.77,0.1,0.348,0.493
0.407,0.661,1.071,0.909,0.77,0.1,0.348,0.493
0.407,0.661,1.071,0.909,0.77,0.1,0.348,0.493
0.407,0.661,1.071,0.909,0.77,0.1,0.348,0.493
0.407,0.661,1.071,0.909,0.77,0.1,0.348,0.493
0.407,0.661,1.071,0.909,0.77,0.1,0.348,0.493
0.407,0.661,1.071,0.909,0.77,0.1,0.348,0.493
0.407,0.661,1.071,0.909,0.77,0.1,0.348,0.493
0.407,0.661,1.071,0.909,0.77,0.1,0.348,0.493
0.407,0.661,1.071,0.909,0.77,0.1,0.348,0.493
0.407,0.661,1.071,0.909,0.77,0.1,0.348,0.493
0.407,0.661,1.071,0.909,0.77,0.1,0.348,0.493
0.407,0.661,1.071,0.909,0.77,0.1,0.348,0.493
0.407,0.661,1.071,0.909,0.77,0.1,0.348,0.493
0.407,0.661,1.071,0.909,0.77,0.1,0.348,0.493
0.407,0.661,1.071,0.909,0.77,0.1,0.348,0.493
0.407,0.661,1.071,0.909,0.77,0.1,0.348,0.493
0.407,0.661,1.071,0.909,0.77,0.1,0.348,0.493
0.407,0.661,1.071,0.909,0.77,0.1,0.348,0.493
0.407,0.661,1.071,0.909,0.77,0.1,0.348,0.493
0.407,0.661,1.071,0.909,0.77,0.1,0.348,0.493
0.407,0.661,1.071,0.909,0.77,0.1,0.348,0.493
0.407,0.661,1.071,0.909,0.77,0.1,0.348,0.493
0.407,0.661,1.071,0.909,0.77,0.1,0.348,0.493
0.407,0.661,1.071,0.909,0.77,0.1,0.348,0.493
0.407,0.661,1.071,0.909,0.77,0.1,0.348,0.493
0.407,0.661,1.071,0.909,0.77,0.1,0.348,0.493
0.407,0.661,1.071,0.909,0.77,0.1,0.348,0.493
0.407,0.661,1.071,0.909,0.77,0.1,0.348,0.493
0.407,0.661,1.071,0.909,0.77,0.1,0.348,0.493
0.407,0.661,1.071,0.909,0.77,0.1,0.348,0.493
0.407,0.661,1.071,0.909,0.77,0.1,0.348,0.493
0.407,0.661,1.071,0.909,0.77,0.1,0.348,0.493
0.407,0.661,1.071,0.909,0.77,0.1,0.348,0.493
0.407,0.661,1.071,0.909,0.77,0.1,0.348,0.493
0.407,0.661,1.071,0.909,0.77,0.1,0.348,0.493
0.407,0.661,1.071,0.909,0.77,0.1,0.348,0.493
0.407,0.661,1.071,0.909,0.77,0.1,0.348,0.493
0.407,0.661,1.071,0.909,0.77,0.1,0.348,0.493
0.407,0.661,1.071,0.909,0.77,0.1,0.348,0.493
0.407,0.661,1.071,0.909,0.77,0.1,0.348,0.493
0.407,0.661,1.071,0.909,0.77,0.1,0.348,0.493
0.407,0.661,1.071,0.909,0.77,0.1,0.348,0.493
0.407,0.661,1.071,0.909,0.77,0.1,0.348,0.493
0.407,0.661,1.071,0.909,0.77,0.1,0.348,0.493
0.407,0.661,1.071,0.909,0.77,0.1,0.348,0.493
0.407,0.661,1.071,0.909,0.77,0.1,0.348,0.493
0.407,0.661,1.071,0.909,0.77,0.1,0.348,0.493
0.407,0.661,1.071,0.909,0.77,0.1,0.348,0.493
0.407,0.661,1.071,0.909,0.77,0.1,0.348,0.493
0.407,0.661,1.071,0.909,0.77,0.1,0.348,0.493
0.407,0.661,1.071,0.909,0.77,0.1,0.348,0.493
0.407,0.661,1.071,0.909,0.77,0.1,0.348,0.493
0.407,0.661,1.071,0.909,0.77,0.1,0.348,0.493
0.407,0.661,1.071,0.909,0.77,0.1,0.348,0.493
0.407,0.661,1.071,0.909,0.77,0.1,0.348,0.493
0.407,0.661,1.071,0.909,0.77,0.1,0.348,0.493
0.407,0.661,1.071,0.909,0.77,0.1,0.348,0.493
0.407,0.661,1.071,0.909,0.77,0.1,0.348,0.493
0.407,0.661,1.071,0.909,0.77,0.1,0.348,0.493
0.407,0.661,1.071,0.909,0.77,0.1,0.348,0.493
0.407,0.661,1.071,0.909,0.77,0.1,0.348,0.493
0.407,0.661,1.071,0.909,0.77,0.1,0.348,0.493
0.407,0.661,1.071,0.909,0.77,0.1,0.348,0.493
0.407,0.661,1.071,0.909,0.77,0.1,0.348,0.493
0.407,0.661,1.071,0.909,0.77,0.1,0.348,0.493
0.407,0.661,1.071,0.909,0.77,0.1,0.348,0.493
0.407,0.661,1.071,0.909,0.77,0.1,0.348,0.493
0.407,0.661,1.071,0.909,0.77,0.1,0.348,0.493
0.407,0.661,1.071,0.909,0.77,0.1,0.348,0.493
0.407,0.661,1.071,0.909,0.77,0.1,0.348,0.493
0.407,0.661,1.071,0.909,0.77,0.1,0.348,0.493
0.407,0.661,1.071,0.909,0.77,0.1,0.348,0.493
0.407,0.661,1.071,0.909,0.77,0.1,0.348,0.493
0.407,0.661,1.071,0.909,0.77,0.1,0.348,0.493
0.407,0.661,1.071,0.909,0.77,0.1,0.348,0.493
0.407,0.661,1.071,0.909,0.77,0.1,0.348,0.493
0.407,0.661,1.071,0.909,0.77,0.1,0.348,0.493
0.407,0.661,1.071,0.909,0.77,0.1,0.348,0.493
0.407,0.661,1.071,0.909,0.77,0.1,0.348,0.493
0.407,0.661,1.071,0.909,0.77,0.1,0.348,0.493
0.407,0.661,1.071,0.909,0.77,0.1,0.348,0.493
0.407,0.661,1.071,0.909,0.77,0.1,0.348,0.493
0.407,0.661,1.071,0.909,0.77,0.1,0.348,0.493
0.407,0.661,1.071,0.909,0.77,0.1,0.348,0.493
0.407,0.661,1.071,0.909,0.77,0.1,0.348,0.493
0.407,0.661,1.071,0.909,0.77,0.1,0.348,0.493
0.407,0.661,1.071,0.909,0.77,0.1,0.348,0.493
0.407,0.661,1.071,0.909,0.77,0.1,0.348,0.493
0.407,0.661,1.071,0.909,0.77,0.1,0.348,0.493
0.407,0.661,1.071,0.909,0.77,0.1,0.348,0.493
0.407,0.661,1.071,0.909,0.77,0.1,0.348,0.493
0.407,0.661,1.071,0.909,0.77,0.1,0.348,0.493
0.407,0.661,1.071,0.909,0.77,0.1,0.348,0.493
0.407,0.661,1.071,0.909,0.77,0.1,0.348,0.493
0.407,0.661,1.071,0.909,0.77,0.1,0.348,0.493
0.407,0.661,1.071,0.909,0.77,0.1,0.348,0.493
0.407,0.661,1.071,0.909,0.77,0.1,0.348,0.493
0.407,0.661,1.071,0.909,0.77,0.1,0.348,0.493
0.407,0.661,1.071,0.909,0.77,0.1,0.348,0.493
0.407,0.661,1.071,0.909,0.77,0.1,0.348,0.493
0.407,0.661,1.071,0.909,0.77,0.1,0.348,0.493
0.407,0.661,1.071,0.909,0.77,0.1,0.348,0.493
0.407,0.661,1.071,0.909,0.77,0.1,0.348,0.493
0.407,0.661,1.071,0.909,0.77,0.1,0.348,0.493
0.407,0.661,1.071,0.909,0.77,0.1,0.348,0.493
0.407,0.661,1.071,0.909,0.77,0.1,0.348,0.493
0.407,0.661,1.071,0.909,0.77,0.1,0.348,0.493
0.407,0.661,1.071,0.909,0.77,0.1,0.348,0.493
0.407,0.661,1.071,0.909,0.77,0.1,0.348,0.493
0.407,0.661,1.071,0.909,0.77,0.1,0.348,0.493
0.407,0.661,1.071,0.909,0.77,0.1,0.348,0.493
0.407,0.661,1.071,0.909,0.77,0.1,0.348,0.493
0.407,0.661,1.071,0.909,0.77,0.1,0.348,0.493
0.407,0.661,1.071,0.909,0.77,0.1,0.348,0.493
0.407,0.661,1.071,0.909,0.77,0.1,0.348,0.493
0.407,0.661,1.071,0.909,0.77,0.1,0.348,0.493
0.407,0.661,1.071,0.909,0.77,0.1,0.348,0.493
0.407,0.661,1.071,0.909,0.77,0.1,0.348,0.493
0.407,0.661,1.071,0.909,0.77,0.1,0.348,0.493
0.407,0.661,1.071,0.909,0.77,0.1,0.348,0.493
0.407,0.661,1.071,0.909,0.77,0.1,0.348,0.493
0.407,0.661,1.071,0.909,0.77,0.1,0.348,0.493
0.407,0.661,1.071,0.909,0.77,0.1,0.348,0.493
0.407,0.661,1.071,0.909,0.77,0.1,0.348,0.493
0.407,0.661,1.071,0.909,0.77,0.1,0.348,0.493
0.407,0.661,1.071,0.909,0.77,0.1,0.348,0.493
0.407,0.661,1.071,0.909,0.77,0.1,0.348,0.493
0.407,0.661,1.071,0.909,0.77,0.1,0.348,0.493
0.407,0.661,1.071,0.909,0.77,0.1,0.348,0.493
0.407,0.661,1.071,0.909,0.77,0.1,0.348,0.493
0.407,0.661,1.071,0.909,0.77,0.1,0.348,0.493
0.407,0.661,1.071,0.909,0.77,0.1,0.348,0.493
0.407,0.661,1.071,0.909,0.77,0.1,0.348,0.493
0.407,0.661,1.071,0.909,0.77,0.1,0.348,0.493
0.407,0.661,1.071,0.909,0.77,0.1,0.348,0.493
0.407,0.661,1.071,0.909,0.77,0.1,0.348,0.493
0.407,0.661,1.071,0.909,0.77,0.1,0.348,0.493
0.407,0.661,1.071,0.909,0.77,0.1,0.348,0.493
0.407,0.661,1.071,0.909,0.77,0.1,0.348,0.493
0.407,0.661,1.071,0.909,0.77,0.1,0.348,0.493
0.407,0.661,1.071,0.909,0.77,0.1,0.348,0.493
0.407,0.661,1.071,0.909,0.77,0.1,0.348,0.493
0.407,0.661,1.071,0.909,0.77,0.1,0.348,0.493
0.407,0.661,1.071,0.909,0.77,0.1,0.348,0.493
0.407,0.661,1.071,0.909,0.77,0.1,0.348,0.493
0.407,0.661,1.071,0.909,0.77,0.1,0.348,0.493
0.407,0.661,1.071,0.909,0.77,0.1,0.348,0.493
0.407,0.661,1.071,0.909,0.77,0.1,0.348,0.493
0.407,0.661,1.071,0.909,0.77,0.1,0.348,0.493
0.407,0.661,1.071,0.909,0.77,0.1,0.348,0.493
0.407,0.661,1.071,0.909,0.77,0.1,0.348,0.493
0.407,0.661,1.071,0.909,0.77,0.1,0.348,0.493
0.407,0.661,1.071,0.909,0.77,0.1,0.348,0.493
0.407,0.661,1.071,0.909,0.77,0.1,0.348,0.493
0.407,0.661,1.071,0.909,0.77,0.1,0.348,0.493
0.407,0.661,1.071,0.909,0.77,0.1,0.348,0.493
0.407,0.661,1.071,0.909,0.77,0.1,0.348,0.493
0.407,0.661,1.071,0.909,0.77,0.1,0.348,0.493
0.407,0.661,1.071,0.909,0.77,0.1,0.348,0.493
0.407,0.661,1.071,0.909,0.77,0.1,0.348,0.493
0.407,0.661,1.071,0.909,0.77,0.1,0.348,0.493
0.407,0.661,1.071,0.909,0.77,0.1,0.348,0.493
0.407,0.661,1.071,0.909,0.77,0.1,0.348,0.493
0.407,0.661,1.071,0.909,0.77,0.1,0.348,0.493
0.407,0.661,1.071,0.909,0.77,0.1,0.348,0.493
0.407,0.661,1.071,0.909,0.77,0.1,0.348,0.493
0.407,0.661,1.071,0.909,0.77,0.1,0.348,0.493
0.407,0.661,1.071,0.909,0.77,0.1,0.348,0.493
0.407,0.661,1.071,0.909,0.77,0.1,0.348,0.493
0.407,0.661,1.071,0.909,0.77,0.1,0.348,0.493
0.407,0.661,1.071,0.909,0.77,0.1,0.348,0.493
0.407,0.661,1.071,0.909,0.77,0.1,0.348,0.493
0.407,0.661,1.071,0.909,0.77,0.1,0.348,0.493
0.407,0.661,1.071,0.909,0.77,0.1,0.348,0.493
0.407,0.661,1.071,0.909,0.77,0.1,0.348,0.493
0.407,0.661,1.071,0.909,0.77,0.1,0.348,0.493
0.407,0.661,1.071,0.909,0.77,0.1,0.348,0.493
0.407,0.661,1.071,0.909,0.77,0.1,0.348,0.493
0.407,0.661,1.071,0.909,0.77,0.1,0.348,0.493
0.407,0.661,1.071,0.909,0.77,0.1,0.348,0.493
0.407,0.661,1.071,0.909,0.77,0.1,0.348,0.493
0.407,0.661,1.071,0.909,0.77,0.1,0.348,0.493
0.407,0.661,1.071,0.909,0.77,0.1,0.348,0.493
0.407,0.661,1.071,0.909,0.77,0.1,0.348,0.493
0.407,0.661,1.071,0.909,0.77,0.1,0.348,0.493
0.407,0.661,1.071,0.909,0.77,0.1,0.348,0.493
0.407,0.661,1.071,0.909,0.77,0.1,0.348,0.493
0.407,0.661,1.071,0.909,0.77,0.1,0.348,0.493
0.407,0.661,1.071,0.909,0.77,0.1,0.348,0.493
0.407,0.661,1.071,0.909,0.77,0.1,0.348,0.493
0.407,0.661,1.071,0.909,0.77,0.1,0.348,0.493
0.407,0.661,1.071,0.909,0.77,0.1,0.348,0.493
0.407,0.661,1.071,0.909,0.77,0.1,0.348,0.493
0.407,0.661,1.071,0.909,0.77,0.1,0.348,0.493
0.407,0.661,1.071,0.909,0.77,0.1,0.348,0.493
0.407,0.661,1.071,0.909,0.77,0.1,0.348,0.493
0.407,0.661,1.071,0.909,0.77,0.1,0.348,0.493
0.407,0.661,1.071,0.909,0.77,0.1,0.348,0.493
0.407,0.661,1.071,0.909,0.77,0.1,0.348,0.493
0.407,0.661,1.071,0.909,0.77,0.1,0.348,0.493
0.407,0.661,1.071,0.909,0.77,0.1,0.348,0.493
0.407,0.661,1.071,0.909,0.77,0.1,0.348,0.493
0.407,0.661,1.071,0.909,0.77,0.1,0.348,0.493
0.407,0.661,1.071,0.909,0.77,0.1,0.348,0.493
0.407,0.661,1.071,0.909,0.77,0.1,0.348,0.493
0.407,0.661,1.071,0.909,0.77,0.1,0.348,0.493
0.407,0.661,1.071,0.909,0.77,0.1,0.348,0.493
0.407,0.661,1.071,0.909,0.77,0.1,0.348,0.493
0.407,0.661,1.071,0.909,0.77,0.1,0.348,0.493
0.407,0.661,1.071,0.909,0.77,0.1,0.348,0.493
0.407,0.661,1.071,0.909,0.77,0.1,0.348,0.493
0.407,0.661,1.071,0.909,0.77,0.1,0.348,0.493
0.407,0.661,1.071,0.909,0.77,0.1,0.348,0.493
0.407,0.661,1.071,0.909,0.77,0.1,0.348,0.493
0.407,0.661,1.071,0.909,0.77,0.1,0.348,0.493
0.407,0.661,1.071,0.909,0.77,0.1,0.348,0.493
0.407,0.661,1.071,0.909,0.77,0.1,0.348,0.493
0.407,0.661,1.071,0.909,0.77,0.1,0.348,0.493
0.407,0.661,1.071,0.909,0.77,0.1,0.348,0.493
0.407,0.661,1.071,0.909,0.77,0.1,0.348,0.493
0.407,0.661,1.071,0.909,0.77,0.1,0.348,0.493
0.407,0.661,1.071,0.909,0.77,0.1,0.348,0.493
0.407,0.661,1.071,0.909,0.77,0.1,0.348,0.493
0.407,0.661,1.071,0.909,0.77,0.1,0.348,0.493
0.407,0.661,1.071,0.909,0.77,0.1,0.348,0.493
0.407,0.661,1.071,0.909,0.77,0.1,0.348,0.493
0.407,0.661,1.071,0.909,0.77,0.1,0.348,0.493
0.407,0.661,1.071,0.909,0.77,0.1,0.348,0.493
0.407,0.661,1.071,0.909,0.77,0.1,0.348,0.493
0.407,0.661,1.071,0.909,0.77,0.1,0.348,0.493
0.407,0.661,1.071,0.909,0.77,0.1,0.348,0.493
0.407,0.661,1.071,0.909,0.77,0.1,0.348,0.493
0.407,0.661,1.071,0.909,0.77,0.1,0.348,0.493
0.407,0.661,1.071,0.909,0.77,0.1,0.348,0.493
0.407,0.661,1.071,0.909,0.77,0.1,0.348,0.493
0.407,0.661,1.071,0.909,0.77,0.1,0.348,0.493
0.407,0.661,1.071,0.909,0.77,0.1,0.348,0.493
0.407,0.661,1.071,0.909,0.77,0.1,0.348,0.493
0.407,0.661,1.071,0.909,0.77,0.1,0.348,0.493
0.407,0.661,1.071,0.909,0.77,0.1,0.348,0.493
0.407,0.661,1.071,0.909,0.77,0.1,0.348,0.493
0.407,0.661,1.071,0.909,0.77,0.1,0.348,0.493
0.407,0.661,1.071,0.909,0.77,0.1,0.348,0.493
0.407,0.661,1.071,0.909,0.77,0.1,0.348,0.493
0.407,0.661,1.071,0.909,0.77,0.1,0.348,0.493
0.407,0.661,1.071,0.909,0.77,0.1,0.348,0.493
0.407,0.661,1.071,0.909,0.77,0.1,0.348,0.493
0.407,0.661,1.071,0.909,0.77,0.1,0.348,0.493
0.407,0.661,1.071,0.909,0.77,0.1,0.348,0.493
0.407,0.661,1.071,0.909,0.77,0.1,0.348,0.493
0.407,0.661,1.071,0.909,0.77,0.1,0.348,0.493
0.407,0.661,1.071,0.909,0.77,0.1,0.348,0.493
0.407,0.661,1.071,0.909,0.77,0.1,0.348,0.493
0.407,0.661,1.071,0.909,0.77,0.1,0.348,0.493
0.407,0.661,1.071,0.909,0.77,0.1,0.348,0.493
0.407,0.661,1.071,0.909,0.77,0.1,0.348,0.493
0.407,0.661,1.071,0.909,0.77,0.1,0.348,0.493
0.407,0.661,1.071,0.909,0.77,0.1,0.348,0.493
0.407,0.661,1.071,0.909,0.77,0.1,0.348,0.493
0.407,0.661,1.071,0.909,0.77,0.1,0.348,0.493
0.407,0.661,1.071,0.909,0.77,0.1,0.348,0.493
0.407,0.661,1.071,0.909,0.77,0.1,0.348,0.493
0.407,0.661,1.071,0.909,0.77,0.1,0.348,0.493
0.407,0.661,1.071,0.909,0.77,0.1,0.348,0.493
0.407,0.661,1.071,0.909,0.77,0.1,0.348,0.493
0.407,0.661,1.071,0.909,0.77,0.1,0.348,0.493
0.407,0.661,1.071,0.909,0.77,0.1,0.348,0.493
0.407,0.661,1.071,0.909,0.77,0.1,0.348,0.493
0.407,0.661,1.071,0.909,0.77,0.1,0.348,0.493
0.407,0.661,1.071,0.909,0.77,0.1,0.348,0.493
0.407,0.661,1.071,0.909,0.77,0.1,0.348,0.493
0.407,0.661,1.071,0.909,0.77,0.1,0.348,0.493
0.407,0.661,1.071,0.909,0.77,0.1,0.348,0.493
0.407,0.661,1.071,0.909,0.77,0.1,0.348,0.493
0.407,0.661,1.071,0.909,0.77,0.1,0.348,0.493
0.407,0.661,1.071,0.909,0.77,0.1,0.348,0.493
0.407,0.661,1.071,0.909,0.77,0.1,0.348,0.493
0.407,0.661,1.071,0.909,0.77,0.1,0.348,0.493
0.407,0.661,1.071,0.909,0.77,0.1,0.348,0.493
0.407,0.661,1.071,0.909,0.77,0.1,0.348,0.493
0.407,0.661,1.071,0.909,0.77,0.1,0.348,0.493
0.407,0.661,1.071,0.909,0.77,0.1,0.348,0.493
0.407,0.661,1.071,0.909,0.77,0.1,0.348,0.493
0.407,0.661,1.071,0.909,0.77,0.1,0.348,0.493
0.407,0.661,1.071,0.909,0.77,0.1,0.348,0.493
0.407,0.661,1.071,0.909,0.77,0.1,0.348,0.493
0.407,0.661,1.071,0.909,0.77,0.1,0.348,0.493
0.407,0.661,1.071,0.909,0.77,0.1,0.348,0.493
0.407,0.661,1.071,0.909,0.77,0.1,0.348,0.493
0.407,0.661,1.071,0.909,0.77,0.1,0.348,0.493
0.407,0.661,1.071,0.909,0.77,0.1,0.348,0.493
0.407,0.661,1.071,0.909,0.77,0.1,0.348,0.493
0.407,0.661,1.071,0.909,0.77,0.1,0.348,0.493
0.407,0.661,1.071,0.909,0.77,0.1,0.348,0.493
0.407,0.661,1.071,0.909,0.77,0.1,0.348,0.493
0.407,0.661,1.071,0.909,0.77,0.1,0.348,0.493
0.407,0.661,1.071,0.909,0.77,0.1,0.348,0.493
0.407,0.661,1.071,0.909,0.77,0.1,0.348,0.493
0.407,0.661,1.071,0.909,0.77,0.1,0.348,0.493
0.407,0.661,1.071,0.909,0.77,0.1,0.348,0.493
0.407,0.661,1.071,0.909,0.77,0.1,0.348,0.493
0.407,0.661,1.071,0.909,0.77,0.1,0.348,0.493
0.407,0.661,1.071,0.909,0.77,0.1,0.348,0.493
0.407,0.661,1.071,0.909,0.77,0.1,0.348,0.493
0.407,0.661,1.071,0.909,0.77,0.1,0.348,0.493
0.407,0.661,1.071,0.909,0.77,0.1,0.348,0.493
0.407,0.661,1.071,0.909,0.77,0.1,0.348,0.493
0.407,0.661,1.071,0.909,0.77,0.1,0.348,0.493
0.407,0.661,1.071,0.909,0.77,0.1,0.348,0.493
0.407,0.661,1.071,0.909,0.77,0.1,0.348,0.493
0.407,0.661,1.071,0.909,0.77,0.1,0.348,0.493
0.407,0.661,1.071,0.909,0.77,0.1,0.348,0.493
0.407,0.661,1.071,0.909,0.77,0.1,0.348,0.493
0.407,0.661,1.071,0.909,0.77,0.1,0.348,0.493
0.407,0.661,1.071,0.909,0.77,0.1,0.348,0.493
0.407,0.661,1.071,0.909,0.77,0.1,0.348,0.493
0.407,0.661,1.071,0.909,0.77,0.1,0.348,0.493
0.407,0.661,1.071,0.909,0.77,0.1,0.348,0.493
0.407,0.661,1.071,0.909,0.77,0.1,0.348,0.493
0.407,0.661,1.071,0.909,0.77,0.1,0.348,0.493
0.407,0.661,1.071,0.909,0.77,0.1,0.348,0.493
0.407,0.661,1.071,0.909,0.77,0.1,0.348,0.493
0.407,0.661,1.071,0.909,0.77,0.1,0.348,0.493
0.407,0.661,1.071,0.909,0.77,0.1,0.348,0.493
0.407,0.661,1.071,0.909,0.77,0.1,0.348,0.493
0.407,0.661,1.071,0.909,0.77,0.1,0.348,0.493
0.407,0.661,1.071,0.909,0.77,0.1,0.348,0.493
0.407,0.661,1.071,0.909,0.77,0.1,0.348,0.493
0.407,0.661,1.071,0.909,0.77,0.1,0.348,0.493
0.407,0.661,1.071,0.909,0.77,0.1,0.348,0.493
0.407,0.661,1.071,0.909,0.77,0.1,0.348,0.493
0.407,0.661,1.071,0.909,0.77,0.1,0.348,0.493
0.407,0.661,1.071,0.909,0.77,0.1,0.348,0.493
0.407,0.661,1.071,0.909,0.77,0.1,0.348,0.493
0.407,0.661,1.071,0.909,0.77,0.1,0.348,0.493
0.407,0.661,1.071,0.909,0.77,0.1,0.348,0.493
0.407,0.661,1.071,0.909,0.77,0.1,0.348,0.493
0.407,0.661,1.071,0.909,0.77,0.1,0.348,0.493
0.407,0.661,1.071,0.909,0.77,0.1,0.348,0.493
0.407,0.661,1.071,0.909,0.77,0.1,0.348,0.493
0.407,0.661,1.071,0.909,0.77,0.1,0.348,0.493
0.407,0.661,1.071,0.909,0.77,0.1,0.348,0.493
0.407,0.661,1.071,0.909,0.77,0.1,0.348,0.493
0.407,0.661,1.071,0.909,0.77,0.1,0.348,0.493
0.407,0.661,1.071,0.909,0.77,0.1,0.348,0.493
0.407,0.661,1.071,0.909,0.77,0.1,0.348,0.493
0.407,0.661,1.071,0.909,0.77,0.1,0.348,0.493
0.407,0.661,1.071,0.909,0.77,0.1,0.348,0.493
0.407,0.661,1.071,0.909,0.77,0.1,0.348,0.493
0.407,0.661,1.071,0.909,0.77,0.1,0.348,0.493
0.407,0.661,1.071,0.909,0.77,0.1,0.348,0.493
0.407,0.661,1.071,0.909,0.77,0.1,0.348,0.493
0.407,0.661,1.071,0.909,0.77,0.1,0.348,0.493
0.407,0.661,1.071,0.909,0.77,0.1,0.348,0.493
0.407,0.661,1.071,0.909,0.77,0.1,0.348,0.493
0.407,0.661,1.071,0.909,0.77,0.1,0.348,0.493
0.407,0.661,1.071,0.909,0.77,0.1,0.348,0.493
0.407,0.661,1.071,0.909,0.77,0.1,0.348,0.493
0.407,0.661,1.071,0.909,0.77,0.1,0.348,0.493
0.407,0.661,1.071,0.909,0.77,0.1,0.348,0.493
0.407,0.661,1.071,0.909,0.77,0.1,0.348,0.493
0.407,0.661,1.071,0.909,0.77,0.1,0.348,0.493
0.407,0.661,1.071,0.909,0.77,0.1,0.348,0.493
0.407,0.661,1.071,0.909,0.77,0.1,0.348,0.493
0.407,0.661,1.071,0.909,0.77,0.1,0.348,0.493
0.407,0.661,1.071,0.909,0.77,0.1,0.348,0.493
0.407,0.661,1.071,0.909,0.77,0.1,0.348,0.493
0.407,0.661,1.071,0.909,0.77,0.1,0.348,0.493
0.407,0.661,1.071,0.909,0.77,0.1,0.348,0.493
0.407,0.661,1.071,0.909,0.77,0.1,0.348,0.493
0.407,0.661,1.071,0.909,0.77,0.1,0.348,0.493
0.407,0.661,1.071,0.909,0.77,0.1,0.348,0.493
0.407,0.661,1.071,0.909,0.77,0.1,0.348,0.493
0.407,0.661,1.071,0.909,0.77,0.1,0.348,0.493
0.407,0.661,1.071,0.909,0.77,0.1,0.348,0.493
0.407,0.661,1.071,0.909,0.77,0.1,0.348,0.493
0.407,0.661,1.071,0.909,0.77,0.1,0.348,0.493
0.407,0.661,1.071,0.909,0.77,0.1,0.348,0.493
0.407,0.661,1.071,0.909,0.77,0.1,0.348,0.493
0.407,0.661,1.071,0.909,0.77,0.1,0.348,0.493
0.407,0.661,1.071,0.909,0.77,0.1,0.348,0.493
0.407,0.661,1.071,0.909,0.77,0.1,0.348,0.493
0.407,0.661,1.071,0.909,0.77,0.1,0.348,0.493
0.407,0.661,1.071,0.909,0.77,0.1,0.348,0.493
0.407,0.661,1.071,0.909,0.77,0.1,0.348,0.493
0.407,0.661,1.071,0.909,0.77,0.1,0.348,0.493
0.407,0.661,1.071,0.909,0.77,0.1,0.348,0.493
0.407,0.661,1.071,0.909,0.77,0.1,0.348,0.493
0.407,0.661,1.071,0.909,0.77,0.1,0.348,0.493
0.407,0.661,1.071,0.909,0.77,0.1,0.348,0.493
0.407,0.661,1.071,0.909,0.77,0.1,0.348,0.493
0.407,0.661,1.071,0.909,0.77,0.1,0.348,0.493
0.407,0.661,1.071,0.909,0.77,0.1,0.348,0.493
0.407,0.661,1.071,0.909,0.77,0.1,0.348,0.493
0.407,0.661,1.071,0.909,0.77,0.1,0.348,0.493
0.407,0.661,1.071,0.909,0.77,0.1,0.348,0.493
0.407,0.661,1.071,0.909,0.77,0.1,0.348,0.493
0.407,0.661,1.071,0.909,0.77,0.1,0.348,0.493
0.407,0.661,1.071,0.909,0.77,0.1,0.348,0.493
0.407,0.661,1.071,0.909,0.77,0.1,0.348,0.493
0.407,0.661,1.071,0.909,0.77,0.1,0.348,0.493
0.407,0.661,1.071,0.909,0.77,0.1,0.348,0.493
0.407,0.661,1.071,0.909,0.77,0.1,0.348,0.493
0.407,0.661,1.071,0.909,0.77,0.1,0.348,0.493
0.407,0.661,1.071,0.909,0.77,0.1,0.348,0.493
0.407,0.661,1.071,0.909,0.77,0.1,0.348,0.493
0.407,0.661,1.071,0.909,0.77,0.1,0.348,0.493
0.407,0.661,1.071,0.909,0.77,0.1,0.348,0.493
0.407,0.661,1.071,0.909,0.77,0.1,0.348,0.493
0.407,0.661,1.071,0.909,0.77,0.1,0.348,0.493
0.407,0.661,1.071,0.909,0.77,0.1,0.348,0.493
0.407,0.661,1.071,0.909,0.77,0.1,0.348,0.493
0.407,0.661,1.071,0.909,0.77,0.1,0.348,0.493
0.407,0.661,1.071,0.909,0.77,0.1,0.348,0.493
0.407,0.661,1.071,0.909,0.77,0.1,0.348,0.493
0.407,0.661,1.071,0.909,0.77,0.1,0.348,0.493
0.407,0.661,1.071,0.909,0.77,0.1,0.348,0.493
0.407,0.661,1.071,0.909,0.77,0.1,0.348,0.493
0.407,0.661,1.071,0.909,0.77,0.1,0.348,0.493
0.407,0.661,1.071,0.909,0.77,0.1,0.348,0.493
0.407,0.661,1.071,0.909,0.77,0.1,0.348,0.493
0.407,0.661,1.071,0.909,0.77,0.1,0.348,0.493
0.407,0.661,1.071,0.909,0.77,0.1,0.348,0.493
0.407,0.661,1.071,0.909,0.77,0.1,0.348,0.493
0.407,0.661,1.071,0.909,0.77,0.1,0.348,0.493
0.407,0.661,1.071,0.909,0.77,0.1,0.348,0.493
0.407,0.661,1.071,0.909,0.77,0.1,0.348,0.493
0.407,0.661,1.071,0.909,0.77,0.1,0.348,0.493
0.407,0.661,1.071,0.909,0.77,0.1,0.348,0.493
0.407,0.661,1.071,0.909,0.77,0.1,0.348,0.493
0.407,0.661,1.071,0.909,0.77,0.1,0.348,0.493
0.407,0.661,1.071,0.909,0.77,0.1,0.348,0.493
0.407,0.661,1.071,0.909,0.77,0.1,0.348,0.493
0.407,0.661,1.071,0.909,0.77,0.1,0.348,0.493
0.407,0.661,1.071,0.909,0.77,0.1,0.348,0.493
0.407,0.661,1.071,0.909,0.77,0.1,0.348,0.493
0.407,0.661,1.071,0.909,0.77,0.1,0.348,0.493
0.407,0.661,1.071,0.909,0.77,0.1,0.348,0.493
0.407,0.661,1.071,0.909,0.77,0.1,0.348,0.493
0.407,0.661,1.071,0.909,0.77,0.1,0.348,0.493
0.407,0.661,1.071,0.909,0.77,0.1,0.348,0.493
0.407,0.661,1.071,0.909,0.77,0.1,0.348,0.493
0.407,0.661,1.071,0.909,0.77,0.1,0.348,0.493
0.407,0.661,1.071,0.909,0.77,0.1,0.348,0.493
0.407,0.661,1.071,0.909,0.77,0.1,0.348,0.493
0.407,0.661,1.071,0.909,0.77,0.1,0.348,0.493
0.407,0.661,1.071,0.909,0.77,0.1,0.348,0.493
0.407,0.661,1.071,0.909,0.77,0.1,0.348,0.493
0.407,0.661,1.071,0.909,0.77,0.1,0.348,0.493
0.407,0.661,1.071,0.909,0.77,0.1,0.348,0.493
0.407,0.661,1.071,0.909,0.77,0.1,0.348,0.493
0.407,0.661,1.071,0.909,0.77,0.1,0.348,0.493
0.407,0.661,1.071,0.909,0.77,0.1,0.348,0.493
0.407,0.661,1.071,0.909,0.77,0.1,0.348,0.493
0.407,0.661,1.071,0.909,0.77,0.1,0.348,0.493
0.407,0.661,1.071,0.909,0.77,0.1,0.348,0.493
0.407,0.661,1.071,0.909,0.77,0.1,0.348,0.493
0.407,0.661,1.071,0.909,0.77,0.1,0.348,0.493
0.407,0.661,1.071,0.909,0.77,0.1,0.348,0.493
0.407,0.661,1.071,0.909,0.77,0.1,0.348,0.493
0.407,0.661,1.071,0.909,0.77,0.1,0.348,0.493
0.407,0.661,1.071,0.909,0.77,0.1,0.348,0.493
0.407,0.661,1.071,0.909,0.77,0.1,0.348,0.493
0.407,0.661,1.071,0.909,0.77,0.1,0.348,0.493
0.407,0.661,1.071,0.909,0.77,0.1,0.348,0.493
0.407,0.661,1.071,0.909,0.77,0.1,0.348,0.493
0.407,0.661,1.071,0.909,0.77,0.1,0.348,0.493
0.407,0.661,1.071,0.909,0.77,0.1,0.348,0.493
0.407,0.661,1.071,0.909,0.77,0.1,0.348,0.493
0.407,0.661,1.071,0.909,0.77,0.1,0.348,0.493
0.407,0.661,1.071,0.909,0.77,0.1,0.348,0.493
0.407,0.661,1.071,0.909,0.77,0.1,0.348,0.493
0.407,0.661,1.071,0.909,0.77,0.1,0.348,0.493
0.407,0.661,1.071,0.909,0.77,0.1,0.348,0.493
0.407,0.661,1.071,0.909,0.77,0.1,0.348,0.493
0.407,0.661,1.071,0.909,0.77,0.1,0.348,0.493
0.407,0.661,1.071,0.909,0.77,0.1,0.348,0.493
0.407,0.661,1.071,0.909,0.77,0.1,0.348,0.493
0.407,0.661,1.071,0.909,0.77,0.1,0.348,0.493
0.407,0.661,1.071,0.909,0.77,0.1,0.348,0.493
0.407,0.661,1.071,0.909,0.77,0.1,0.348,0.493
0.407,0.661,1.071,0.909,0.77,0.1,0.348,0.493
0.407,0.661,1.071,0.909,0.77,0.1,0.348,0.493
0.407,0.661,1.071,0.909,0.77,0.1,0.348,0.493
0.407,0.661,1.071,0.909,0.77,0.1,0.348,0.493
0.407,0.661,1.071,0.909,0.77,0.1,0.348,0.493
0.407,0.661,1.071,0.909,0.77,0.1,0.348,0.493
0.407,0.661,1.071,0.909,0.77,0.1,0.348,0.493
0.407,0.661,1.071,0.909,0.77,0.1,0.348,0.493
0.407,0.661,1.071,0.909,0.77,0.1,0.348,0.493
0.407,0.661,1.071,0.909,0.77,0.1,0.348,0.493
0.407,0.661,1.071,0.909,0.77,0.1,0.348,0.493
0.407,0.661,1.071,0.909,0.77,0.1,0.348,0.493
0.407,0.661,1.071,0.909,0.77,0.1,0.348,0.493
0.407,0.661,1.071,0.909,0.77,0.1,0.348,0.493
0.407,0.661,1.071,0.909,0.77,0.1,0.348,0.493
0.407,0.661,1.071,0.909,0.77,0.1,0.348,0.493
0.407,0.661,1.071,0.909,0.77,0.1,0.348,0.493
0.407,0.661,1.071,0.909,0.77,0.1,0.348,0.493
0.407,0.661,1.071,0.909,0.77,0.1,0.348,0.493
0.407,0.661,1.071,0.909,0.77,0.1,0.348,0.493
0.407,0.661,1.071,0.909,0.77,0.1,0.348,0.493
0.407,0.661,1.071,0.909,0.77,0.1,0.348,0.493
0.407,0.661,1.071,0.909,0.77,0.1,0.348,0.493
0.407,0.661,1.071,0.909,0.77,0.1,0.348,0.493
0.407,0.661,1.071,0.909,0.77,0.1,0.348,0.493
0.407,0.661,1.071,0.909,0.77,0.1,0.348,0.493
0.407,0.661,1.071,0.909,0.77,0.1,0.348,0.493
0.407,0.661,1.071,0.909,0.77,0.1,0.348,0.493
0.407,0.661,1.071,0.909,0.77,0.1,0.348,0.493
0.407,0.661,1.071,0.909,0.77,0.1,0.348,0.493
0.407,0.661,1.071,0.909,0.77,0.1,0.348,0.493
0.407,0.661,1.071,0.909,0.77,0.1,0.348,0.493
0.407,0.661,1.071,0.909,0.77,0.1,0.348,0.493
0.407,0.661,1.071,0.909,0.77,0.1,0.348,0.493
0.407,0.661,1.071,0.909,0.77,0.1,0.348,0.493
0.407,0.661,1.071,0.909,0.77,0.1,0.348,0.493
0.407,0.661,1.071,0.909,0.77,0.1,0.348,0.493
0.407,0.661,1.071,0.909,0.77,0.1,0.348,0.493
0.407,0.661,1.071,0.909,0.77,0.1,0.348,0.493
0.407,0.661,1.071,0.909,0.77,0.1,0.348,0.493
0.407,0.661,1.071,0.909,0.77,0.1,0.348,0.493
0.407,0.661,1.071,0.909,0.77,0.1,0.348,0.493
0.407,0.661,1.071,0.909,0.77,0.1,0.348,0.493
0.407,0.661,1.071,0.909,0.77,0.1,0.348,0.493
0.407,0.661,1.071,0.909,0.77,0.1,0.348,0.493
0.407,0.661,1.071,0.909,0.77,0.1,0.348,0.493
0.407,0.661,1.071,0.909,0.77,0.1,0.348,0.493
0.407,0.661,1.071,0.909,0.77,0.1,0.348,0.493
0.407,0.661,1.071,0.909,0.77,0.1,0.348,0.493
0.407,0.661,1.071,0.909,0.77,0.1,0.348,0.493
0.407,0.661,1.071,0.909,0.77,0.1,0.348,0.493
0.407,0.661,1.071,0.909,0.77,0.1,0.348,0.493
0.407,0.661,1.071,0.909,0.77,0.1,0.348,0.493
0.407,0.661,1.071,0.909,0.77,0.1,0.348,0.493
0.407,0.661,1.071,0.909,0.77,0.1,0.348,0.493
0.407,0.661,1.071,0.909,0.77,0.1,0.348,0.493
0.407,0.661,1.071,0.909,0.77,0.1,0.348,0.493
0.407,0.661,1.071,0.909,0.77,0.1,0.348,0.493
0.407,0.661,1.071,0.909,0.77,0.1,0.348,0.493
0.407,0.661,1.071,0.909,0.77,0.1,0.348,0.493
0.407,0.661,1.071,0.909,0.77,0.1,0.348,0.493
0.407,0.661,1.071,0.909,0.77,0.1,0.348,0.493
0.407,0.661,1.071,0.909,0.77,0.1,0.348,0.493
0.407,0.661,1.071,0.909,0.77,0.1,0.348,0.493
0.407,0.661,1.071,0.909,0.77,0.1,0.348,0.493
0.407,0.661,1.071,0.909,0.77,0.1,0.348,0.493
0.407,0.661,1.071,0.909,0.77,0.1,0.348,0.493
0.407,0.661,1.071,0.909,0.77,0.1,0.348,0.493
0.407,0.661,1.071,0.909,0.77,0.1,0.348,0.493
0.407,0.661,1.071,0.909,0.77,0.1,0.348,0.493
0.407,0.661,1.071,0.909,0.77,0.1,0.348,0.493
0.407,0.661,1.071,0.909,0.77,0.1,0.348,0.493
0.407,0.661,1.071,0.909,0.77,0.1,0.348,0.493
0.407,0.661,1.071,0.909,0.77,0.1,0.348,0.493
0.407,0.661,1.071,0.909,0.77,0.1,0.348,0.493
0.407,0.661,1.071,0.909,0.77,0.1,0.348,0.493
0.407,0.661,1.071,0.909,0.77,0.1,0.348,0.493
0.407,0.661,1.071,0.909,0.77,0.1,0.348,0.493
0.407,0.661,1.071,0.909,0.77,0.1,0.348,0.493
0.407,0.661,1.071,0.909,0.77,0.1,0.348,0.493
0.407,0.661,1.071,0.909,0.77,0.1,0.348,0.493
0.407,0.661,1.071,0.909,0.77,0.1,0.348,0.493
0.407,0.661,1.071,0.909,0.77,0.1,0.348,0.493
0.407,0.661,1.071,0.909,0.77,0.1,0.348,0.493
0.407,0.661,1.071,0.909,0.77,0.1,0.348,0.493
0.407,0.661,1.071,0.909,0.77,0.1,0.348,0.493
0.407,0.661,1.071,0.909,0.77,0.1,0.348,0.493
0.407,0.661,1.071,0.909,0.77,0.1,0.348,0.493
0.407,0.661,1.071,0.909,0.77,0.1,0.348,0.493
0.407,0.661,1.071,0.909,0.77,0.1,0.348,0.493
0.407,0.661,1.071,0.909,0.77,0.1,0.348,0.493
0.407,0.661,1.071,0.909,0.77,0.1,0.348,0.493
0.407,0.661,1.071,0.909,0.77,0.1,0.348,0.493
0.407,0.661,1.071,0.909,0.77,0.1,0.348,0.493
0.407,0.661,1.071,0.909,0.77,0.1,0.348,0.493
0.407,0.661,1.071,0.909,0.77,0.1,0.348,0.493
0.407,0.661,1.071,0.909,0.77,0.1,0.348,0.493
0.407,0.661,1.071,0.909,0.77,0.1,0.348,0.493
0.407,0.661,1.071,0.909,0.77,0.1,0.348,0.493
0.407,0.661,1.071,0.909,0.77,0.1,0.348,0.493
0.407,0.661,1.071,0.909,0.77,0.1,0.348,0.493
0.407,0.661,1.071,0.909,0.77,0.1,0.348,0.493
0.407,0.661,1.071,0.909,0.77,0.1,0.348,0.493
0.407,0.661,1.071,0.909,0.77,0.1,0.348,0.493
0.407,0.661,1.071,0.909,0.77,0.1,0.348,0.493
0.407,0.661,1.071,0.909,0.77,0.1,0.348,0.493
0.407,0.661,1.071,0.909,0.77,0.1,0.348,0.493
0.407,0.661,1.071,0.909,0.77,0.1,0.348,0.493
0.407,0.661,1.071,0.909,0.77,0.1,0.348,0.493
0.407,0.661,1.071,0.909,0.77,0.1,0.348,0.493
0.407,0.661,1.071,0.909,0.77,0.1,0.348,0.493
0.407,0.661,1.071,0.909,0.77,0.1,0.348,0.493
0.407,0.661,1.071,0.909,0.77,0.1,0.348,0.493
0.407,0.661,1.071,0.909,0.77,0.1,0.348,0.493
0.407,0.661,1.071,0.909,0.77,0.1,0.348,0.493
0.407,0.661,1.071,0.909,0.77,0.1,0.348,0.493
0.407,0.661,1.071,0.909,0.77,0.1,0.348,0.493
0.407,0.661,1.071,0.909,0.77,0.1,0.348,0.493
0.407,0.661,1.071,0.909,0.77,0.1,0.348,0.493
0.407,0.661,1.071,0.909,0.77,0.1,0.348,0.493
0.407,0.661,1.071,0.909,0.77,0.1,0.348,0.493
0.407,0.661,1.071,0.909,0.77,0.1,0.348,0.493
0.407,0.661,1.071,0.909,0.77,0.1,0.348,0.493
0.407,0.661,1.071,0.909,0.77,0.1,0.348,0.493
0.407,0.661,1.071,0.909,0.77,0.1,0.348,0.493
0.407,0.661,1.071,0.909,0.77,0.1,0.348,0.493
0.407,0.661,1.071,0.909,0.77,0.1,0.348,0.493
0.407,0.661,1.071,0.909,0.77,0.1,0.348,0.493
0.407,0.661,1.071,0.909,0.77,0.1,0.348,0.493
0.407,0.661,1.071,0.909,0.77,0.1,0.348,0.493
0.407,0.661,1.071,0.909,0.77,0.1,0.348,0.493
0.407,0.661,1.071,0.909,0.77,0.1,0.348,0.493
0.407,0.661,1.071,0.909,0.77,0.1,0.348,0.493
0.407,0.661,1.071,0.909,0.77,0.1,0.348,0.493
0.407,0.661,1.071,0.909,0.77,0.1,0.348,0.493
0.407,0.661,1.071,0.909,0.77,0.1,0.348,0.493
0.407,0.661,1.071,0.909,0.77,0.1,0.348,0.493
0.407,0.661,1.071,0.909,0.77,0.1,0.348,0.493
0.407,0.661,1.071,0.909,0.77,0.1,0.348,0.493
0.407,0.661,1.071,0.909,0.77,0.1,0.348,0.493
0.407,0.661,1.071,0.909,0.77,0.1,0.348,0.493
0.407,0.661,1.071,0.909,0.77,0.1,0.348,0.493
0.407,0.661,1.071,0.909,0.77,0.1,0.348,0.493
0.407,0.661,1.071,0.909,0.77,0.1,0.348,0.493
0.407,0.661,1.071,0.909,0.77,0.1,0.348,0.493
0.407,0.661,1.071,0.909,0.77,0.1,0.348,0.493
0.407,0.661,1.071,0.909,0.77,0.1,0.348,0.493
0.407,0.661,1.071,0.909,0.77,0.1,0.348,0.493
0.407,0.661,1.071,0.909,0.77,0.1,0.348,0.493
0.407,0.661,1.071,0.909,0.77,0.1,0.348,0.493
0.407,0.661,1.071,0.909,0.77,0.1,0.348,0.493
0.407,0.661,1.071,0.909,0.77,0.1,0.348,0.493
0.407,0.661,1.071,0.909,0.77,0.1,0.348,0.493
0.407,0.661,1.071,0.909,0.77,0.1,0.348,0.493
0.407,0.661,1.071,0.909,0.77,0.1,0.348,0.493
0.407,0.661,1.071,0.909,0.77,0.1,0.348,0.493
0.407,0.661,1.071,0.909,0.77,0.1,0.348,0.493
0.407,0.661,1.071,0.909,0.77,0.1,0.348,0.493
0.407,0.661,1.071,0.909,0.77,0.1,0.348,0.493
0.407,0.661,1.071,0.909,0.77,0.1,0.348,0.493
0.407,0.661,1.071,0.909,0.77,0.1,0.348,0.493
0.407,0.661,1.071,0.909,0.77,0.1,0.348,0.493
0.407,0.661,1.071,0.909,0.77,0.1,0.348,0.493
0.407,0.661,1.071,0.909,0.77,0.1,0.348,0.493
0.407,0.661,1.071,0.909,0.77,0.1,0.348,0.493
0.407,0.661,1.071,0.909,0.77,0.1,0.348,0.493
0.407,0.661,1.071,0.909,0.77,0.1,0.348,0.493
0.407,0.661,1.071,0.909,0.77,0.1,0.348,0.493
0.407,0.661,1.071,0.909,0.77,0.1,0.348,0.493
0.407,0.661,1.071,0.909,0.77,0.1,0.348,0.493
0.407,0.661,1.071,0.909,0.77,0.1,0.348,0.493
0.407,0.661,1.071,0.909,0.77,0.1,0.348,0.493
0.407,0.661,1.071,0.909,0.77,0.1,0.348,0.493
0.407,0.661,1.071,0.909,0.77,0.1,0.348,0.493
0.407,0.661,1.071,0.909,0.77,0.1,0.348,0.493
0.407,0.661,1.071,0.909,0.77,0.1,0.348,0.493
0.407,0.661,1.071,0.909,0.77,0.1,0.348,0.493
0.407,0.661,1.071,0.909,0.77,0.1,0.348,0.493
0.407,0.661,1.071,0.909,0.77,0.1,0.348,0.493
0.407,0.661,1.071,0.909,0.77,0.1,0.348,0.493
0.407,0.661,1.071,0.909,0.77,0.1,0.348,0.493
0.407,0.661,1.071,0.909,0.77,0.1,0.348,0.493
0.407,0.661,1.071,0.909,0.77,0.1,0.348,0.493
0.407,0.661,1.071,0.909,0.77,0.1,0.348,0.493
0.407,0.661,1.071,0.909,0.77,0.1,0.348,0.493
0.407,0.661,1.071,0.909,0.77,0.1,0.348,0.493
0.407,0.661,1.071,0.909,0.77,0.1,0.348,0.493
0.407,0.661,1.071,0.909,0.77,0.1,0.348,0.493
0.407,0.661,1.071,0.909,0.77,0.1,0.348,0.493
0.407,0.661,1.071,0.909,0.77,0.1,0.348,0.493
0.407,0.661,1.071,0.909,0.77,0.1,0.348,0.493
0.407,0.661,1.071,0.909,0.77,0.1,0.348,0.493
0.407,0.661,1.071,0.909,0.77,0.1,0.348,0.493
0.407,0.661,1.071,0.909,0.77,0.1,0.348,0.493
0.407,0.661,1.071,0.909,0.77,0.1,0.348,0.493
0.407,0.661,1.071,0.909,0.77,0.1,0.348,0.493
0.407,0.661,1.071,0.909,0.77,0.1,0.348,0.493
0.407,0.661,1.071,0.909,0.77,0.1,0.348,0.493
0.407,0.661,1.071,0.909,0.77,0.1,0.348,0.493
0.407,0.661,1.071,0.909,0.77,0.1,0.348,0.493
0.407,0.661,1.071,0.909,0.77,0.1,0.348,0.493
0.407,0.661,1.071,0.909,0.77,0.1,0.348,0.493
0.407,0.661,1.071,0.909,0.77,0.1,0.348,0.493
0.407,0.661,1.071,0.909,0.77,0.1,0.348,0.493
0.407,0.661,1.071,0.909,0.77,0.1,0.348,0.493
0.407,0.661,1.071,0.909,0.77,0.1,0.348,0.493
0.407,0.661,1.071,0.909,0.77,0.1,0.348,0.493
0.407,0.661,1.071,0.909,0.77,0.1,0.348,0.493
0.407,0.661,1.071,0.909,0.77,0.1,0.348,0.493
0.407,0.661,1.071,0.909,0.77,0.1,0.348,0.493
0.407,0.661,1.071,0.909,0.77,0.1,0.348,0.493
0.407,0.661,1.071,0.909,0.77,0.1,0.348,0.493
0.407,0.661,1.071,0.909,0.77,0.1,0.348,0.493
0.407,0.661,1.071,0.909,0.77,0.1,0.348,0.493
0.407,0.661,1.071,0.909,0.77,0.1,0.348,0.493
0.407,0.661,1.071,0.909,0.77,0.1,0.348,0.493
0.407,0.661,1.071,0.909,0.77,0.1,0.348,0.493
0.407,0.661,1.071,0.909,0.77,0.1,0.348,0.493
0.407,0.661,1.071,0.909,0.77,0.1,0.348,0.493
0.407,0.661,1.071,0.909,0.77,0.1,0.348,0.493
0.407,0.661,1.071,0.909,0.77,0.1,0.348,0.493
0.407,0.661,1.071,0.909,0.77,0.1,0.348,0.493
0.407,0.661,1.071,0.909,0.77,0.1,0.348,0.493
0.407,0.661,1.071,0.909,0.77,0.1,0.348,0.493
0.407,0.661,1.071,0.909,0.77,0.1,0.348,0.493
0.407,0.661,1.071,0.909,0.77,0.1,0.348,0.493
0.407,0.661,1.071,0.909,0.77,0.1,0.348,0.493
0.407,0.661,1.071,0.909,0.77,0.1,0.348,0.493
0.407,0.661,1.071,0.909,0.77,0.1,0.348,0.493
0.407,0.661,1.071,0.909,0.77,0.1,0.348,0.493
0.407,0.661,1.071,0.909,0.77,0.1,0.348,0.493
0.407,0.661,1.071,0.909,0.77,0.1,0.348,0.493
0.407,0.661,1.071,0.909,0.77,0.1,0.348,0.493
0.407,0.661,1.071,0.909,0.77,0.1,0.348,0.493
0.407,0.661,1.071,0.909,0.77,0.1,0.348,0.493
0.407,0.661,1.071,0.909,0.77,0.1,0.348,0.493
0.407,0.661,1.071,0.909,0.77,0.1,0.348,0.493
0.407,0.661,1.071,0.909,0.77,0.1,0.348,0.493
0.407,0.661,1.071,0.909,0.77,0.1,0.348,0.493
0.407,0.661,1.071,0.909,0.77,0.1,0.348,0.493
0.407,0.661,1.071,0.909,0.77,0.1,0.348,0.493
0.407,0.661,1.071,0.909,0.77,0.1,0.348,0.493
0.407,0.661,1.071,0.909,0.77,0.1,0.348,0.493
0.407,0.661,1.071,0.909,0.77,0.1,0.348,0.493
0.407,0.661,1.071,0.909,0.77,0.1,0.348,0.493
0.407,0.661,1.071,0.909,0.77,0.1,0.348,0.493
0.407,0.661,1.071,0.909,0.77,0.1,0.348,0.493
0.407,0.661,1.071,0.909,0.77,0.1,0.348,0.493
0.407,0.661,1.071,0.909,0.77,0.1,0.348,0.493
0.407,0.661,1.071,0.909,0.77,0.1,0.348,0.493
0.407,0.661,1.071,0.909,0.77,0.1,0.348,0.493
0.407,0.661,1.071,0.909,0.77,0.1,0.348,0.493
0.407,0.661,1.071,0.909,0.77,0.1,0.348,0.493
0.407,0.661,1.071,0.909,0.77,0.1,0.348,0.493
0.407,0.661,1.071,0.909,0.77,0.1,0.348,0.493
0.407,0.661,1.071,0.909,0.77,0.1,0.348,0.493
0.407,0.661,1.071,0.909,0.77,0.1,0.348,0.493
0.407,0.661,1.071,0.909,0.77,0.1,0.348,0.493
0.407,0.661,1.071,0.909,0.77,0.1,0.348,0.493
0.407,0.661,1.071,0.909,0.77,0.1,0.348,0.493
0.407,0.661,1.071,0.909,0.77,0.1,0.348,0.493
0.407,0.661,1.071,0.909,0.77,0.1,0.348,0.493
0.407,0.661,1.071,0.909,0.77,0.1,0.348,0.493
0.407,0.661,1.071,0.909,0.77,0.1,0.348,0.493
0.407,0.661,1.071,0.909,0.77,0.1,0.348,0.493
0.407,0.661,1.071,0.909,0.77,0.1,0.348,0.493
0.407,0.661,1.071,0.909,0.77,0.1,0.348,0.493
0.407,0.661,1.071,0.909,0.77,0.1,0.348,0.493
0.407,0.661,1.071,0.909,0.77,0.1,0.348,0.493
0.407,0.661,1.071,0.909,0.77,0.1,0.348,0.493
0.407,0.661,1.071,0.909,0.77,0.1,0.348,0.493
0.407,0.661,1.071,0.909,0.77,0.1,0.348,0.493
0.407,0.661,1.071,0.909,0.77,0.1,0.348,0.493
0.407,0.661,1.071,0.909,0.77,0.1,0.348,0.493
0.407,0.661,1.071,0.909,0.77,0.1,0.348,0.493
0.407,0.661,1.071,0.909,0.77,0.1,0.348,0.493
0.407,0.661,1.071,0.909,0.77,0.1,0.348,0.493
0.407,0.661,1.071,0.909,0.77,0.1,0.348,0.493
0.407,0.661,1.071,0.909,0.77,0.1,0.348,0.493
0.407,0.661,1.071,0.909,0.77,0.1,0.348,0.493
0.407,0.661,1.071,0.909,0.77,0.1,0.348,0.493
0.407,0.661,1.071,0.909,0.77,0.1,0.348,0.493
0.407,0.661,1.071,0.909,0.77,0.1,0.348,0.493
0.407,0.661,1.071,0.909,0.77,0.1,0.348,0.493
0.407,0.661,1.071,0.909,0.77,0.1,0.348,0.493
0.407,0.661,1.071,0.909,0.77,0.1,0.348,0.493
0.407,0.661,1.071,0.909,0.77,0.1,0.348,0.493
0.407,0.661,1.071,0.909,0.77,0.1,0.348,0.493
0.407,0.661,1.071,0.909,0.77,0.1,0.348,0.493
0.407,0.661,1.071,0.909,0.77,0.1,0.348,0.493
0.407,0.661,1.071,0.909,0.77,0.1,0.348,0.493
0.407,0.661,1.071,0.909,0.77,0.1,0.348,0.493
0.407,0.661,1.071,0.909,0.77,0.1,0.348,0.493
0.407,0.661,1.071,0.909,0.77,0.1,0.348,0.493
0.407,0.661,1.071,0.909,0.77,0.1,0.348,0.493
0.407,0.661,1.071,0.909,0.77,0.1,0.348,0.493
0.407,0.661,1.071,0.909,0.77,0.1,0.348,0.493
0.407,0.661,1.071,0.909,0.77,0.1,0.348,0.493
0.407,0.661,1.071,0.909,0.77,0.1,0.348,0.493
0.407,0.661,1.071,0.909,0.77,0.1,0.348,0.493
0.407,0.661,1.071,0.909,0.77,0.1,0.348,0.493
0.407,0.661,1.071,0.909,0.77,0.1,0.348,0.493
0.407,0.661,1.071,0.909,0.77,0.1,0.348,0.493
0.407,0.661,1.071,0.909,0.77,0.1,0.348,0.493
0.407,0.661,1.071,0.909,0.77,0.1,0.348,0.493
0.407,0.661,1.071,0.909,0.77,0.1,0.348,0.493
0.407,0.661,1.071,0.909,0.77,0.1,0.348,0.493
0.407,0.661,1.071,0.909,0.77,0.1,0.348,0.493
0.407,0.661,1.071,0.909,0.77,0.1,0.348,0.493
0.407,0.661,1.071,0.909,0.77,0.1,0.348,0.493
0.407,0.661,1.071,0.909,0.77,0.1,0.348,0.493
0.407,0.661,1.071,0.909,0.77,0.1,0.348,0.493
0.407,0.661,1.071,0.909,0.77,0.1,0.348,0.493
0.407,0.661,1.071,0.909,0.77,0.1,0.348,0.493
0.407,0.661,1.071,0.909,0.77,0.1,0.348,0.493
0.407,0.661,1.071,0.909,0.77,0.1,0.348,0.493
0.407,0.661,1.071,0.909,0.77,0.1,0.348,0.493
0.407,0.661,1.071,0.909,0.77,0.1,0.348,0.493
0.407,0.661,1.071,0.909,0.77,0.1,0.348,0.493
0.407,0.661,1.071,0.909,0.77,0.1,0.348,0.493
0.407,0.661,1.071,0.909,0.77,0.1,0.348,0.493
0.407,0.661,1.071,0.909,0.77,0.1,0.348,0.493
0.407,0.661,1.071,0.909,0.77,0.1,0.348,0.493
0.407,0.661,1.071,0.909,0.77,0.1,0.348,0.493
0.407,0.661,1.071,0.909,0.77,0.1,0.348,0.493
0.407,0.661,1.071,0.909,0.77,0.1,0.348,0.493
0.407,0.661,1.071,0.909,0.77,0.1,0.348,0.493
0.407,0.661,1.071,0.909,0.77,0.1,0.348,0.493
0.407,0.661,1.071,0.909,0.77,0.1,0.348,0.493
0.407,0.661,1.071,0.909,0.77,0.1,0.348,0.493
0.407,0.661,1.071,0.909,0.77,0.1,0.348,0.493
0.407,0.661,1.071,0.909,0.77,0.1,0.348,0.493
0.407,0.661,1.071,0.909,0.77,0.1,0.348,0.493
0.407,0.661,1.071,0.909,0.77,0.1,0.348,0.493
0.407,0.661,1.071,0.909,0.77,0.1,0.348,0.493
0.407,0.661,1.071,0.909,0.77,0.1,0.348,0.493
0.407,0.661,1.071,0.909,0.77,0.1,0.348,0.493
0.407,0.661,1.071,0.909,0.77,0.1,0.348,0.493
0.407,0.661,1.071,0.909,0.77,0.1,0.348,0.493
0.407,0.661,1.071,0.909,0.77,0.1,0.348,0.493
0.407,0.661,1.071,0.909,0.77,0.1,0.348,0.493
0.407,0.661,1.071,0.909,0.77,0.1,0.348,0.493
0.407,0.661,1.071,0.909,0.77,0.1,0.348,0.493
0.407,0.661,1.071,0.909,0.77,0.1,0.348,0.493
0.407,0.661,1.071,0.909,0.77,0.1,0.348,0.493
0.407,0.661,1.071,0.909,0.77,0.1,0.348,0.493
0.407,0.661,1.071,0.909,0.77,0.1,0.348,0.493
0.407,0.661,1.071,0.909,0.77,0.1,0.348,0.493
0.407,0.661,1.071,0.909,0.77,0.1,0.348,0.493
0.407,0.661,1.071,0.909,0.77,0.1,0.348,0.493
0.407,0.661,1.071,0.909,0.77,0.1,0.348,0.493
0.407,0.661,1.071,0.909,0.77,0.1,0.348,0.493
0.407,0.661,1.071,0.909,0.77,0.1,0.348,0.493
0.407,0.661,1.071,0.909,0.77,0.1,0.348,0.493
0.407,0.661,1.071,0.909,0.77,0.1,0.348,0.493
0.407,0.661,1.071,0.909,0.77,0.1,0.348,0.493
0.407,0.661,1.071,0.909,0.77,0.1,0.348,0.493
0.407,0.661,1.071,0.909,0.77,0.1,0.348,0.493
0.407,0.661,1.071,0.909,0.77,0.1,0.348,0.493
0.407,0.661,1.071,0.909,0.77,0.1,0.348,0.493
0.407,0.661,1.071,0.909,0.77,0.1,0.348,0.493
0.407,0.661,1.071,0.909,0.77,0.1,0.348,0.493
0.407,0.661,1.071,0.909,0.77,0.1,0.348,0.493
0.407,0.661,1.071,0.909,0.77,0.1,0.348,0.493
0.407,0.661,1.071,0.909,0.77,0.1,0.348,0.493
0.407,0.661,1.071,0.909,0.77,0.1,0.348,0.493
0.407,0.661,1.071,0.909,0.77,0.1,0.348,0.493
0.407,0.661,1.071,0.909,0.77,0.1,0.348,0.493
0.407,0.661,1.071,0.909,0.77,0.1,0.348,0.493
0.407,0.661,1.071,0.909,0.77,0.1,0.348,0.493
0.407,0.661,1.071,0.909,0.77,0.1,0.348,0.493
0.407,0.661,1.071,0.909,0.77,0.1,0.348,0.493
0.407,0.661,1.071,0.909,0.77,0.1,0.348,0.493
0.407,0.661,1.071,0.909,0.77,0.1,0.348,0.493
0.407,0.661,1.071,0.909,0.77,0.1,0.348,0.493
0.407,0.661,1.071,0.909,0.77,0.1,0.348,0.493
0.407,0.661,1.071,0.909,0.77,0.1,0.348,0.493
0.407,0.661,1.071,0.909,0.77,0.1,0.348,0.493
0.407,0.661,1.071,0.909,0.77,0.1,0.348,0.493
0.407,0.661,1.071,0.909,0.77,0.1,0.348,0.493
0.407,0.661,1.071,0.909,0.77,0.1,0.348,0.493
0.407,0.661,1.071,0.909,0.77,0.1,0.348,0.493
0.407,0.661,1.071,0.909,0.77,0.1,0.348,0.493
0.407,0.661,1.071,0.909,0.77,0.1,0.348,0.493
0.407,0.661,1.071,0.909,0.77,0.1,0.348,0.493
0.407,0.661,1.071,0.909,0.77,0.1,0.348,0.493
0.407,0.661,1.071,0.909,0.77,0.1,0.348,0.493
0.407,0.661,1.071,0.909,0.77,0.1,0.348,0.493
0.407,0.661,1.071,0.909,0.77,0.1,0.348,0.493
0.407,0.661,1.071,0.909,0.77,0.1,0.348,0.493
0.407,0.661,1.071,0.909,0.77,0.1,0.348,0.493
0.407,0.661,1.071,0.909,0.77,0.1,0.348,0.493
0.407,0.661,1.071,0.909,0.77,0.1,0.348,0.493
0.407,0.661,1.071,0.909,0.77,0.1,0.348,0.493
0.407,0.661,1.071,0.909,0.77,0.1,0.348,0.493
0.407,0.661,1.071,0.909,0.77,0.1,0.348,0.493
0.407,0.661,1.071,0.909,0.77,0.1,0.348,0.493
0.407,0.661,1.071,0.909,0.77,0.1,0.348,0.493
0.407,0.661,1.071,0.909,0.77,0.1,0.348,0.493
0.407,0.661,1.071,0.909,0.77,0.1,0.348,0.493
0.407,0.661,1.071,0.909,0.77,0.1,0.348,0.493
0.407,0.661,1.071,0.909,0.77,0.1,0.348,0.493
0.407,0.661,1.071,0.909,0.77,0.1,0.348,0.493
0.407,0.661,1.071,0.909,0.77,0.1,0.348,0.493
0.407,0.661,1.071,0.909,0.77,0.1,0.348,0.493
0.407,0.661,1.071,0.909,0.77,0.1,0.348,0.493
0.407,0.661,1.071,0.909,0.77,0.1,0.348,0.493
0.407,0.661,1.071,0.909,0.77,0.1,0.348,0.493
0.407,0.661,1.071,0.909,0.77,0.1,0.348,0.493
0.407,0.661,1.071,0.909,0.77,0.1,0.348,0.493
0.407,0.661,1.071,0.909,0.77,0.1,0.348,0.493
0.407,0.661,1.071,0.909,0.77,0.1,0.348,0.493
0.407,0.661,1.071,0.909,0.77,0.1,0.348,0.493
0.407,0.661,1.071,0.909,0.77,0.1,0.348,0.493
0.407,0.661,1.071,0.909,0.77,0.1,0.348,0.493
0.407,0.661,1.071,0.909,0.77,0.1,0.348,0.493
0.407,0.661,1.071,0.909,0.77,0.1,0.348,0.493
0.407,0.661,1.071,0.909,0.77,0.1,0.348,0.493
0.407,0.661,1.071,0.909,0.77,0.1,0.348,0.493
0.407,0.661,1.071,0.909,0.77,0.1,0.348,0.493
0.407,0.661,1.071,0.909,0.77,0.1,0.348,0.493
0.407,0.661,1.071,0.909,0.77,0.1,0.348,0.493
0.407,0.661,1.071,0.909,0.77,0.1,0.348,0.493
0.407,0.661,1.071,0.909,0.77,0.1,0.348,0.493
0.407,0.661,1.071,0.909,0.77,0.1,0.348,0.493
0.407,0.661,1.071,0.909,0.77,0.1,0.348,0.493
0.407,0.661,1.071,0.909,0.77,0.1,0.348,0.493
0.407,0.661,1.071,0.909,0.77,0.1,0.348,0.493
0.407,0.661,1.071,0.909,0.77,0.1,0.348,0.493
0.407,0.661,1.071,0.909,0.77,0.1,0.348,0.493
0.407,0.661,1.071,0.909,0.77,0.1,0.348,0.493
0.407,0.661,1.071,0.909,0.77,0.1,0.348,0.493
0.407,0.661,1.071,0.909,0.77,0.1,0.348,0.493
0.407,0.661,1.071,0.909,0.77,0.1,0.348,0.493
0.407,0.661,1.071,0.909,0.77,0.1,0.348,0.493
0.407,0.661,1.071,0.909,0.77,0.1,0.348,0.493
0.407,0.661,1.071,0.909,0.77,0.1,0.348,0.493
0.407,0.661,1.071,0.909,0.77,0.1,0.348,0.493
0.407,0.661,1.071,0.909,0.77,0.1,0.348,0.493
0.407,0.661,1.071,0.909,0.77,0.1,0.348,0.493
0.407,0.661,1.071,0.909,0.77,0.1,0.348,0.493
0.407,0.661,1.071,0.909,0.77,0.1,0.348,0.493
0.407,0.661,1.071,0.909,0.77,0.1,0.348,0.493
0.407,0.661,1.071,0.909,0.77,0.1,0.348,0.493
0.407,0.661,1.071,0.909,0.77,0.1,0.348,0.493
0.407,0.661,1.071,0.909,0.77,0.1,0.348,0.493
0.407,0.661,1.071,0.909,0.77,0.1,0.348,0.493
0.407,0.661,1.071,0.909,0.77,0.1,0.348,0.493
0.407,0.661,1.071,0.909,0.77,0.1,0.348,0.493
0.407,0.661,1.071,0.909,0.77,0.1,0.348,0.493
0.407,0.661,1.071,0.909,0.77,0.1,0.348,0.493
0.407,0.661,1.071,0.909,0.77,0.1,0.348,0.493
0.407,0.661,1.071,0.909,0.77,0.1,0.348,0.493
0.407,0.661,1.071,0.909,0.77,0.1,0.348,0.493
0.407,0.661,1.071,0.909,0.77,0.1,0.348,0.493
0.407,0.661,1.071,0.909,0.77,0.1,0.348,0.493
0.407,0.661,1.071,0.909,0.77,0.1,0.348,0.493
0.407,0.661,1.071,0.909,0.77,0.1,0.348,0.493
0.407,0.661,1.071,0.909,0.77,0.1,0.348,0.493
0.407,0.661,1.071,0.909,0.77,0.1,0.348,0.493
0.407,0.661,1.071,0.909,0.77,0.1,0.348,0.493
0.407,0.661,1.071,0.909,0.77,0.1,0.348,0.493
0.407,0.661,1.071,0.909,0.77,0.1,0.348,0.493
0.407,0.661,1.071,0.909,0.77,0.1,0.348,0.493
0.407,0.661,1.071,0.909,0.77,0.1,0.348,0.493
0.407,0.661,1.071,0.909,0.77,0.1,0.348,0.493
0.407,0.661,1.071,0.909,0.77,0.1,0.348,0.493
0.407,0.661,1.071,0.909,0.77,0.1,0.348,0.493
0.407,0.661,1.071,0.909,0.77,0.1,0.348,0.493
0.407,0.661,1.071,0.909,0.77,0.1,0.348,0.493
0.407,0.661,1.071,0.909,0.77,0.1,0.348,0.493
0.407,0.661,1.071,0.909,0.77,0.1,0.348,0.493
0.407,0.661,1.071,0.909,0.77,0.1,0.348,0.493
0.407,0.661,1.071,0.909,0.77,0.1,0.348,0.493
0.407,0.661,1.071,0.909,0.77,0.1,0.348,0.493
0.407,0.661,1.071,0.909,0.77,0.1,0.348,0.493
0.407,0.661,1.071,0.909,0.77,0.1,0.348,0.493
0.407,0.661,1.071,0.909,0.77,0.1,0.348,0.493
0.407,0.661,1.071,0.909,0.77,0.1,0.348,0.493
0.407,0.661,1.071,0.909,0.77,0.1,0.348,0.493
0.407,0.661,1.071,0.909,0.77,0.1,0.348,0.493
0.407,0.661,1.071,0.909,0.77,0.1,0.348,0.493
0.407,0.661,1.071,0.909,0.77,0.1,0.348,0.493
0.407,0.661,1.071,0.909,0.77,0.1,0.348,0.493
0.407,0.661,1.071,0.909,0.77,0.1,0.348,0.493
0.407,0.661,1.071,0.909,0.77,0.1,0.348,0.493
0.407,0.661,1.071,0.909,0.77,0.1,0.348,0.493
0.407,0.661,1.071,0.909,0.77,0.1,0.348,0.493
0.407,0.661,1.071,0.909,0.77,0.1,0.348,0.493
0.407,0.661,1.071,0.909,0.77,0.1,0.348,0.493
0.407,0.661,1.071,0.909,0.77,0.1,0.348,0.493
0.407,0.661,1.071,0.909,0.77,0.1,0.348,0.493
0.407,0.661,1.071,0.909,0.77,0.1,0.348,0.493
0.407,0.661,1.071,0.909,0.77,0.1,0.348,0.493
0.407,0.661,1.071,0.909,0.77,0.1,0.348,0.493
0.407,0.661,1.071,0.909,0.77,0.1,0.348,0.493
0.407,0.661,1.071,0.909,0.77,0.1,0.348,0.493
0.407,0.661,1.071,0.909,0.77,0.1,0.348,0.493
0.407,0.661,1.071,0.909,0.77,0.1,0.348,0.493
0.407,0.661,1.071,0.909,0.77,0.1,0.348,0.493
0.407,0.661,1.071,0.909,0.77,0.1,0.348,0.493
0.407,0.661,1.071,0.909,0.77,0.1,0.348,0.493
0.407,0.661,1.071,0.909,0.77,0.1,0.348,0.493
0.407,0.661,1.071,0.909,0.77,0.1,0.348,0.493
0.407,0.661,1.071,0.909,0.77,0.1,0.348,0.493
0.407,0.661,1.071,0.909,0.77,0.1,0.348,0.493
0.407,0.661,1.071,0.909,0.77,0.1,0.348,0.493
0.407,0.661,1.071,0.909,0.77,0.1,0.348,0.493
0.407,0.661,1.071,0.909,0.77,0.1,0.348,0.493
0.407,0.661,1.071,0.909,0.77,0.1,0.348,0.493
0.407,0.661,1.071,0.909,0.77,0.1,0.348,0.493
0.407,0.661,1.071,0.909,0.77,0.1,0.348,0.493
0.407,0.661,1.071,0.909,0.77,0.1,0.348,0.493
0.407,0.661,1.071,0.909,0.77,0.1,0.348,0.493
0.407,0.661,1.071,0.909,0.77,0.1,0.348,0.493
0.407,0.661,1.071,0.909,0.77,0.1,0.348,0.493
0.407,0.661,1.071,0.909,0.77,0.1,0.348,0.493
0.407,0.661,1.071,0.909,0.77,0.1,0.348,0.493
0.407,0.661,1.071,0.909,0.77,0.1,0.348,0.493
0.407,0.661,1.071,0.909,0.77,0.1,0.348,0.493
0.407,0.661,1.071,0.909,0.77,0.1,0.348,0.493
0.407,0.661,1.071,0.909,0.77,0.1,0.348,0.493
0.407,0.661,1.071,0.909,0.77,0.1,0.348,0.493
0.407,0.661,1.071,0.909,0.77,0.1,0.348,0.493
0.407,0.661,1.071,0.909,0.77,0.1,0.348,0.493
0.407,0.661,1.071,0.909,0.77,0.1,0.348,0.493
0.407,0.661,1.071,0.909,0.77,0.1,0.348,0.493
0.407,0.661,1.071,0.909,0.77,0.1,0.348,0.493
0.407,0.661,1.071,0.909,0.77,0.1,0.348,0.493
0.407,0.661,1.071,0.909,0.77,0.1,0.348,0.493
0.407,0.661,1.071,0.909,0.77,0.1,0.348,0.493
0.407,0.661,1.071,0.909,0.77,0.1,0.348,0.493
0.407,0.661,1.071,0.909,0.77,0.1,0.348,0.493
0.407,0.661,1.071,0.909,0.77,0.1,0.348,0.493
0.407,0.661,1.071,0.909,0.77,0.1,0.348,0.493
0.407,0.661,1.071,0.909,0.77,0.1,0.348,0.493
0.407,0.661,1.071,0.909,0.77,0.1,0.348,0.493
0.407,0.661,1.071,0.909,0.77,0.1,0.348,0.493
0.407,0.661,1.071,0.909,0.77,0.1,0.348,0.493
0.407,0.661,1.071,0.909,0.77,0.1,0.348,0.493
0.407,0.661,1.071,0.909,0.77,0.1,0.348,0.493
0.407,0.661,1.071,0.909,0.77,0.1,0.348,0.493
0.407,0.661,1.071,0.909,0.77,0.1,0.348,0.493
0.407,0.661,1.071,0.909,0.77,0.1,0.348,0.493
0.407,0.661,1.071,0.909,0.77,0.1,0.348,0.493
0.407,0.661,1.071,0.909,0.77,0.1,0.348,0.493
0.407,0.661,1.071,0.909,0.77,0.1,0.348,0.493
0.407,0.661,1.071,0.909,0.77,0.1,0.348,0.493
0.407,0.661,1.071,0.909,0.77,0.1,0.348,0.493
0.407,0.661,1.071,0.909,0.77,0.1,0.348,0.493
0.407,0.661,1.071,0.909,0.77,0.1,0.348,0.493
0.407,0.661,1.071,0.909,0.77,0.1,0.348,0.493
0.407,0.661,1.071,0.909,0.77,0.1,0.348,0.493
0.407,0.661,1.071,0.909,0.77,0.1,0.348,0.493
0.407,0.661,1.071,0.909,0.77,0.1,0.348,0.493
0.407,0.661,1.071,0.909,0.77,0.1,0.348,0.493
0.407,0.661,1.071,0.909,0.77,0.1,0.348,0.493
0.407,0.661,1.071,0.909,0.77,0.1,0.348,0.493
0.407,0.661,1.071,0.909,0.77,0.1,0.348,0.493
0.407,0.661,1.071,0.909,0.77,0.1,0.348,0.493
0.407,0.661,1.071,0.909,0.77,0.1,0.348,0.493
0.407,0.661,1.071,0.909,0.77,0.1,0.348,0.493
0.407,0.661,1.071,0.909,0.77,0.1,0.348,0.493
0.407,0.661,1.071,0.909,0.77,0.1,0.348,0.493
0.407,0.661,1.071,0.909,0.77,0.1,0.348,0.493
0.407,0.661,1.071,0.909,0.77,0.1,0.348,0.493
0.407,0.661,1.071,0.909,0.77,0.1,0.348,0.493
0.407,0.661,1.071,0.909,0.77,0.1,0.348,0.493
0.407,0.661,1.071,0.909,0.77,0.1,0.348,0.493
0.407,0.661,1.071,0.909,0.77,0.1,0.348,0.493
0.407,0.661,1.071,0.909,0.77,0.1,0.348,0.493
0.407,0.661,1.071,0.909,0.77,0.1,0.348,0.493
0.407,0.661,1.071,0.909,0.77,0.1,0.348,0.493
0.407,0.661,1.071,0.909,0.77,0.1,0.348,0.493
0.407,0.661,1.071,0.909,0.77,0.1,0.348,0.493
0.407,0.661,1.071,0.909,0.77,0.1,0.348,0.493
0.407,0.661,1.071,0.909,0.77,0.1,0.348,0.493
0.407,0.661,1.071,0.909,0.77,0.1,0.348,0.493
0.407,0.661,1.071,0.909,0.77,0.1,0.348,0.493
0.407,0.661,1.071,0.909,0.77,0.1,0.348,0.493
0.407,0.661,1.071,0.909,0.77,0.1,0.348,0.493
0.407,0.661,1.071,0.909,0.77,0.1,0.348,0.493
0.407,0.661,1.071,0.909,0.77,0.1,0.348,0.493
0.407,0.661,1.071,0.909,0.77,0.1,0.348,0.493
0.407,0.661,1.071,0.909,0.77,0.1,0.348,0.493
0.407,0.661,1.071,0.909,0.77,0.1,0.348,0.493
0.407,0.661,1.071,0.909,0.77,0.1,0.348,0.493
0.407,0.661,1.071,0.909,0.77,0.1,0.348,0.493
0.407,0.661,1.071,0.909,0.77,0.1,0.348,0.493
0.407,0.661,1.071,0.909,0.77,0.1,0.348,0.493
0.407,0.661,1.071,0.909,0.77,0.1,0.348,0.493
0.407,0.661,1.071,0.909,0.77,0.1,0.348,0.493
0.407,0.661,1.071,0.909,0.77,0.1,0.348,0.493
0.407,0.661,1.071,0.909,0.77,0.1,0.348,0.493
0.407,0.661,1.071,0.909,0.77,0.1,0.348,0.493
0.407,0.661,1.071,0.909,0.77,0.1,0.348,0.493
0.407,0.661,1.071,0.909,0.77,0.1,0.348,0.493
0.407,0.661,1.071,0.909,0.77,0.1,0.348,0.493
0.407,0.661,1.071,0.909,0.77,0.1,0.348,0.493
0.407,0.661,1.071,0.909,0.77,0.1,0.348,0.493
0.407,0.661,1.071,0.909,0.77,0.1,0.348,0.493
0.407,0.661,1.071,0.909,0.77,0.1,0.348,0.493
0.407,0.661,1.071,0.909,0.77,0.1,0.348,0.493
0.407,0.661,1.071,0.909,0.77,0.1,0.348,0.493
0.407,0.661,1.071,0.909,0.77,0.1,0.348,0.493
0.407,0.661,1.071,0.909,0.77,0.1,0.348,0.493
0.407,0.661,1.071,0.909,0.77,0.1,0.348,0.493
0.407,0.661,1.071,0.909,0.77,0.1,0.348,0.493
0.407,0.661,1.071,0.909,0.77,0.1,0.348,0.493
0.407,0.661,1.071,0.909,0.77,0.1,0.348,0.493
0.407,0.661,1.071,0.909,0.77,0.1,0.348,0.493
0.407,0.661,1.071,0.909,0.77,0.1,0.348,0.493
0.407,0.661,1.071,0.909,0.77,0.1,0.348,0.493
0.407,0.661,1.071,0.909,0.77,0.1,0.348,0.493
0.407,0.661,1.071,0.909,0.77,0.1,0.348,0.493
0.407,0.661,1.071,0.909,0.77,0.1,0.348,0.493
0.407,0.661,1.071,0.909,0.77,0.1,0.348,0.493
0.407,0.661,1.071,0.909,0.77,0.1,0.348,0.493
0.407,0.661,1.071,0.909,0.77,0.1,0.348,0.493
0.407,0.661,1.071,0.909,0.77,0.1,0.348,0.493
0.407,0.661,1.071,0.909,0.77,0.1,0.348,0.493
0.407,0.661,1.071,0.909,0.77,0.1,0.348,0.493
0.407,0.661,1.071,0.909,0.77,0.1,0.348,0.493
0.407,0.661,1.071,0.909,0.77,0.1,0.348,0.493
0.407,0.661,1.071,0.909,0.77,0.1,0.348,0.493
0.407,0.661,1.071,0.909,0.77,0.1,0.348,0.493
0.407,0.661,1.071,0.909,0.77,0.1,0.348,0.493
0.407,0.661,1.071,0.909,0.77,0.1,0.348,0.493
0.407,0.661,1.071,0.909,0.77,0.1,0.348,0.493
0.407,0.661,1.071,0.909,0.77,0.1,0.348,0.493
0.407,0.661,1.071,0.909,0.77,0.1,0.348,0.493
0.407,0.661,1.071,0.909,0.77,0.1,0.348,0.493
0.407,0.661,1.071,0.909,0.77,0.1,0.348,0.493
0.407,0.661,1.071,0.909,0.77,0.1,0.348,0.493
0.407,0.661,1.071,0.909,0.77,0.1,0.348,0.493
0.407,0.661,1.071,0.909,0.77,0.1,0.348,0.493
0.407,0.661,1.071,0.909,0.77,0.1,0.348,0.493
0.407,0.661,1.071,0.909,0.77,0.1,0.348,0.493
0.407,0.661,1.071,0.909,0.77,0.1,0.348,0.493
0.407,0.661,1.071,0.909,0.77,0.1,0.348,0.493
0.407,0.661,1.071,0.909,0.77,0.1,0.348,0.493
0.407,0.661,1.071,0.909,0.77,0.1,0.348,0.493
0.407,0.661,1.071,0.909,0.77,0.1,0.348,0.493
0.407,0.661,1.071,0.909,0.77,0.1,0.348,0.493
0.407,0.661,1.071,0.909,0.77,0.1,0.348,0.493
0.407,0.661,1.071,0.909,0.77,0.1,0.348,0.493
0.407,0.661,1.071,0.909,0.77,0.1,0.348,0.493
0.407,0.661,1.071,0.909,0.77,0.1,0.348,0.493
0.407,0.661,1.071,0.909,0.77,0.1,0.348,0.493
0.407,0.661,1.071,0.909,0.77,0.1,0.348,0.493
0.407,0.661,1.071,0.909,0.77,0.1,0.348,0.493
0.407,0.661,1.071,0.909,0.77,0.1,0.348,0.493
0.407,0.661,1.071,0.909,0.77,0.1,0.348,0.493
0.407,0.661,1.071,0.909,0.77,0.1,0.348,0.493
0.407,0.661,1.071,0.909,0.77,0.1,0.348,0.493
0.407,0.661,1.071,0.909,0.77,0.1,0.348,0.493
0.407,0.661,1.071,0.909,0.77,0.1,0.348,0.493
0.407,0.661,1.071,0.909,0.77,0.1,0.348,0.493
0.407,0.661,1.071,0.909,0.77,0.1,0.348,0.493
0.407,0.661,1.071,0.909,0.77,0.1,0.348,0.493
0.407,0.661,1.071,0.909,0.77,0.1,0.348,0.493
0.407,0.661,1.071,0.909,0.77,0.1,0.348,0.493
0.407,0.661,1.071,0.909,0.77,0.1,0.348,0.493
0.407,0.661,1.071,0.909,0.77,0.1,0.348,0.493
0.407,0.661,1.071,0.909,0.77,0.1,0.348,0.493
0.407,0.661,1.071,0.909,0.77,0.1,0.348,0.493
0.407,0.661,1.071,0.909,0.77,0.1,0.348,0.493
0.407,0.661,1.071,0.909,0.77,0.1,0.348,0.493
0.407,0.661,1.071,0.909,0.77,0.1,0.348,0.493
0.407,0.661,1.071,0.909,0.77,0.1,0.348,0.493
0.407,0.661,1.071,0.909,0.77,0.1,0.348,0.493
0.407,0.661,1.071,0.909,0.77,0.1,0.348,0.493
0.407,0.661,1.071,0.909,0.77,0.1,0.348,0.493
0.407,0.661,1.071,0.909,0.77,0.1,0.348,0.493
0.407,0.661,1.071,0.909,0.77,0.1,0.348,0.493
0.407,0.661,1.071,0.909,0.77,0.1,0.348,0.493
0.407,0.661,1.071,0.909,0.77,0.1,0.348,0.493
0.407,0.661,1.071,0.909,0.77,0.1,0.348,0.493
0.407,0.661,1.071,0.909,0.77,0.1,0.348,0.493
0.407,0.661,1.071,0.909,0.77,0.1,0.348,0.493
0.407,0.661,1.071,0.909,0.77,0.1,0.348,0.493
0.407,0.661,1.071,0.909,0.77,0.1,0.348,0.493
0.407,0.661,1.071,0.909,0.77,0.1,0.348,0.493
0.407,0.661,1.071,0.909,0.77,0.1,0.348,0.493
0.407,0.661,1.071,0.909,0.77,0.1,0.348,0.493
0.407,0.661,1.071,0.909,0.77,0.1,0.348,0.493
0.407,0.661,1.071,0.909,0.77,0.1,0.348,0.493
0.407,0.661,1.071,0.909,0.77,0.1,0.348,0.493
0.407,0.661,1.071,0.909,0.77,0.1,0.348,0.493
0.407,0.661,1.071,0.909,0.77,0.1,0.348,0.493
0.407,0.661,1.071,0.909,0.77,0.1,0.348,0.493
0.407,0.661,1.071,0.909,0.77,0.1,0.348,0.493
0.407,0.661,1.071,0.909,0.77,0.1,0.348,0.493
0.407,0.661,1.071,0.909,0.77,0.1,0.348,0.493
0.407,0.661,1.071,0.909,0.77,0.1,0.348,0.493
0.407,0.661,1.071,0.909,0.77,0.1,0.348,0.493
0.407,0.661,1.071,0.909,0.77,0.1,0.348,0.493
0.407,0.661,1.071,0.909,0.77,0.1,0.348,0.493
0.407,0.661,1.071,0.909,0.77,0.1,0.348,0.493
0.407,0.661,1.071,0.909,0.77,0.1,0.348,0.493
0.407,0.661,1.071,0.909,0.77,0.1,0.348,0.493
0.407,0.661,1.071,0.909,0.77,0.1,0.348,0.493
0.407,0.661,1.071,0.909,0.77,0.1,0.348,0.493
0.407,0.661,1.071,0.909,0.77,0.1,0.348,0.493
0.407,0.661,1.071,0.909,0.77,0.1,0.348,0.493
0.407,0.661,1.071,0.909,0.77,0.1,0.348,0.493
0.407,0.661,1.071,0.909,0.77,0.1,0.348,0.493
0.407,0.661,1.071,0.909,0.77,0.1,0.348,0.493
0.407,0.661,1.071,0.909,0.77,0.1,0.348,0.493
0.407,0.661,1.071,0.909,0.77,0.1,0.348,0.493
0.407,0.661,1.071,0.909,0.77,0.1,0.348,0.493
0.407,0.661,1.071,0.909,0.77,0.1,0.348,0.493
0.407,0.661,1.071,0.909,0.77,0.1,0.348,0.493
0.407,0.661,1.071,0.909,0.77,0.1,0.348,0.493
0.407,0.661,1.071,0.909,0.77,0.1,0.348,0.493
0.407,0.661,1.071,0.909,0.77,0.1,0.348,0.493
0.407,0.661,1.071,0.909,0.77,0.1,0.348,0.493
0.407,0.661,1.071,0.909,0.77,0.1,0.348,0.493
0.407,0.661,1.071,0.909,0.77,0.1,0.348,0.493
0.407,0.661,1.071,0.909,0.77,0.1,0.348,0.493
0.407,0.661,1.071,0.909,0.77,0.1,0.348,0.493
0.407,0.661,1.071,0.909,0.77,0.1,0.348,0.493
0.407,0.661,1.071,0.909,0.77,0.1,0.348,0.493
0.407,0.661,1.071,0.909,0.77,0.1,0.348,0.493
0.407,0.661,1.071,0.909,0.77,0.1,0.348,0.493
0.407,0.661,1.071,0.909,0.77,0.1,0.348,0.493
0.407,0.661,1.071,0.909,0.77,0.1,0.348,0.493
0.407,0.661,1.071,0.909,0.77,0.1,0.348,0.493
0.407,0.661,1.071,0.909,0.77,0.1,0.348,0.493
