S1_S0202,S2_S0202,S3_S0202,S4_S0202,S5_S0202,S6_S0202,S7_S0202,S8_S0202
0.346,0.63,0.915,0.807,0.687,0.089,0.31,0.411
0.346,0.63,0.915,0.807,0.686,0.089,0.31,0.411
0.346,0.63,0.915,0.807,0.686,0.089,0.31,0.411
0.346,0.63,0.915,0.807,0.686,0.089,0.31,0.411
0.346,0.63,0.915,0.807,0.686,0.089,0.31,0.411
0.346,0.63,0.915,0.807,0.686,0.089,0.31,0.411
0.346,0.63,0.915,0.807,0.686,0.089,0.31,0.411
0.346,0.63,0.915,0.807,0.687,0.089,0.31,0.411
0.346,0.63,0.915,0.807,0.686,0.089,0.31,0.411
0.346,0.63,0.915,0.807,0.687,0.089,0.31,0.411
0.346,0.63,0.915,0.807,0.687,0.089,0.31,0.411
0.346,0.63,0.915,0.807,0.687,0.089,0.31,0.411
0.346,0.63,0.915,0.807,0.687,0.09,0.31,0.411
0.346,0.63,0.915,0.807,0.686,0.089,0.31,0.411
0.346,0.63,0.915,0.807,0.686,0.089,0.31,0.411
0.346,0.63,0.915,0.807,0.687,0.089,0.31,0.411
0.346,0.63,0.915,0.807,0.687,0.089,0.31,0.411
0.346,0.629,0.915,0.807,0.687,0.089,0.31,0.411
0.346,0.63,0.915,0.807,0.687,0.089,0.31,0.411
0.346,0.63,0.915,0.807,0.686,0.089,0.31,0.411
0.346,0.63,0.915,0.807,0.687,0.09,0.31,0.411
0.346,0.63,0.915,0.807,0.687,0.089,0.31,0.41
0.346,0.629,0.915,0.807,0.686,0.089,0.31,0.411
0.346,0.629,0.915,0.807,0.686,0.089,0.31,0.411
0.346,0.629,0.915,0.807,0.686,0.089,0.31,0.411
0.346,0.629,0.915,0.807,0.687,0.089,0.31,0.41
0.346,0.629,0.915,0.807,0.687,0.089,0.31,0.411
0.346,0.63,0.915,0.807,0.687,0.089,0.31,0.411
0.346,0.629,0.915,0.807,0.687,0.089,0.31,0.41
0.346,0.629,0.915,0.807,0.686,0.089,0.31,0.41
0.346,0.629,0.915,0.807,0.686,0.089,0.31,0.41
0.345,0.629,0.915,0.807,0.686,0.089,0.31,0.41
0.346,0.629,0.915,0.807,0.687,0.089,0.31,0.41
0.346,0.629,0.915,0.807,0.687,0.089,0.31,0.41
0.346,0.629,0.915,0.807,0.686,0.089,0.31,0.41
0.346,0.629,0.915,0.807,0.686,0.089,0.31,0.41
0.346,0.629,0.915,0.807,0.687,0.089,0.31,0.41
0.346,0.629,0.915,0.807,0.686,0.089,0.31,0.41
0.345,0.629,0.915,0.807,0.686,0.089,0.31,0.41
0.345,0.629,0.915,0.807,0.686,0.089,0.31,0.41
0.345,0.629,0.915,0.807,0.686,0.089,0.31,0.41
0.345,0.629,0.914,0.806,0.686,0.089,0.31,0.41
0.345,0.629,0.915,0.806,0.686,0.089,0.31,0.41
0.345,0.629,0.914,0.807,0.686,0.089,0.31,0.41
0.345,0.629,0.915,0.806,0.686,0.089,0.31,0.41
0.345,0.629,0.915,0.806,0.686,0.089,0.31,0.41
0.345,0.629,0.914,0.806,0.686,0.089,0.31,0.41
0.345,0.629,0.915,0.806,0.686,0.089,0.31,0.41
0.345,0.629,0.915,0.806,0.686,0.089,0.31,0.41
0.345,0.629,0.914,0.806,0.686,0.089,0.31,0.41
0.345,0.629,0.915,0.806,0.686,0.089,0.31,0.41
0.345,0.629,0.914,0.806,0.686,0.089,0.31,0.41
0.345,0.629,0.914,0.806,0.686,0.09,0.31,0.41
0.345,0.629,0.914,0.806,0.686,0.089,0.31,0.41
0.345,0.629,0.914,0.806,0.686,0.089,0.31,0.41
0.345,0.629,0.914,0.806,0.686,0.089,0.31,0.41
0.345,0.629,0.914,0.806,0.686,0.089,0.31,0.41
0.345,0.629,0.914,0.806,0.686,0.089,0.31,0.41
0.345,0.629,0.914,0.807,0.686,0.089,0.31,0.41
0.345,0.629,0.914,0.807,0.686,0.089,0.31,0.41
0.345,0.629,0.914,0.806,0.686,0.089,0.31,0.41
0.345,0.629,0.914,0.806,0.686,0.089,0.31,0.41
0.345,0.629,0.914,0.806,0.686,0.089,0.31,0.41
0.345,0.629,0.914,0.807,0.686,0.089,0.31,0.41
0.345,0.629,0.914,0.807,0.686,0.089,0.31,0.41
0.345,0.629,0.914,0.806,0.686,0.089,0.31,0.41
0.345,0.629,0.914,0.806,0.686,0.089,0.31,0.41
0.345,0.629,0.914,0.806,0.686,0.089,0.31,0.41
0.345,0.629,0.914,0.807,0.686,0.089,0.31,0.41
0.345,0.629,0.914,0.806,0.686,0.089,0.31,0.41
0.345,0.629,0.914,0.806,0.686,0.089,0.31,0.41
0.345,0.629,0.914,0.807,0.686,0.089,0.31,0.41
0.345,0.629,0.914,0.806,0.686,0.089,0.31,0.41
0.345,0.629,0.914,0.806,0.686,0.089,0.31,0.41
0.345,0.629,0.914,0.806,0.686,0.089,0.31,0.41
0.345,0.629,0.914,0.806,0.686,0.089,0.31,0.41
0.345,0.629,0.914,0.806,0.686,0.089,0.31,0.41
0.345,0.629,0.914,0.806,0.686,0.089,0.31,0.41
0.345,0.629,0.914,0.806,0.686,0.089,0.31,0.41
0.345,0.629,0.914,0.806,0.686,0.089,0.31,0.41
0.345,0.629,0.914,0.806,0.686,0.089,0.309,0.41
0.345,0.629,0.914,0.806,0.686,0.089,0.309,0.41
0.345,0.629,0.914,0.806,0.686,0.089,0.31,0.41
0.345,0.629,0.914,0.806,0.686,0.089,0.31,0.41
0.345,0.629,0.914,0.806,0.686,0.089,0.31,0.41
0.345,0.629,0.914,0.806,0.686,0.089,0.31,0.41
0.345,0.629,0.914,0.806,0.686,0.089,0.31,0.41
0.345,0.629,0.914,0.806,0.686,0.089,0.31,0.41
0.345,0.629,0.914,0.806,0.686,0.09,0.31,0.41
0.345,0.629,0.914,0.806,0.686,0.089,0.31,0.41
0.345,0.629,0.914,0.806,0.686,0.089,0.31,0.41
0.345,0.629,0.914,0.806,0.686,0.089,0.309,0.41
0.345,0.629,0.914,0.806,0.686,0.089,0.31,0.41
0.345,0.629,0.914,0.806,0.686,0.089,0.309,0.41
0.345,0.629,0.914,0.806,0.686,0.089,0.309,0.41
0.345,0.629,0.913,0.806,0.686,0.089,0.309,0.41
0.345,0.629,0.913,0.806,0.686,0.089,0.309,0.41
0.345,0.628,0.913,0.806,0.686,0.089,0.309,0.41
0.345,0.628,0.913,0.806,0.685,0.089,0.309,0.41
0.345,0.628,0.913,0.806,0.686,0.089,0.309,0.41
0.345,0.628,0.913,0.806,0.686,0.089,0.309,0.41
0.345,0.628,0.913,0.806,0.686,0.089,0.309,0.41
0.345,0.628,0.913,0.806,0.686,0.089,0.31,0.41
0.345,0.628,0.913,0.806,0.686,0.089,0.309,0.41
0.345,0.628,0.913,0.806,0.686,0.089,0.31,0.41
0.345,0.628,0.913,0.806,0.685,0.089,0.309,0.41
0.345,0.628,0.913,0.806,0.686,0.089,0.309,0.41
0.345,0.628,0.913,0.806,0.686,0.089,0.309,0.41
0.345,0.628,0.913,0.806,0.685,0.089,0.31,0.41
0.345,0.628,0.913,0.806,0.685,0.089,0.309,0.41
0.345,0.628,0.913,0.805,0.685,0.089,0.309,0.41
0.345,0.628,0.913,0.805,0.685,0.089,0.309,0.41
0.345,0.628,0.913,0.805,0.685,0.089,0.309,0.41
0.345,0.628,0.913,0.805,0.685,0.089,0.309,0.41
0.345,0.628,0.913,0.805,0.685,0.089,0.309,0.41
0.345,0.628,0.913,0.805,0.685,0.089,0.309,0.41
0.345,0.628,0.913,0.805,0.685,0.089,0.309,0.41
0.345,0.628,0.913,0.805,0.685,0.089,0.309,0.41
0.345,0.628,0.913,0.805,0.685,0.089,0.309,0.41
0.345,0.628,0.913,0.805,0.685,0.089,0.309,0.409
0.345,0.628,0.912,0.805,0.685,0.089,0.309,0.41
0.345,0.628,0.913,0.805,0.685,0.089,0.309,0.41
0.345,0.628,0.912,0.805,0.685,0.089,0.309,0.409
0.345,0.628,0.912,0.805,0.685,0.089,0.309,0.409
0.345,0.628,0.912,0.805,0.685,0.089,0.309,0.409
0.345,0.628,0.912,0.805,0.685,0.089,0.309,0.409
0.345,0.628,0.913,0.805,0.685,0.089,0.309,0.409
0.345,0.628,0.912,0.805,0.685,0.089,0.309,0.409
0.345,0.628,0.912,0.805,0.685,0.089,0.309,0.409
0.345,0.628,0.912,0.805,0.685,0.089,0.309,0.409
0.345,0.628,0.912,0.805,0.685,0.089,0.309,0.409
0.345,0.628,0.912,0.805,0.685,0.089,0.309,0.409
0.345,0.628,0.912,0.805,0.685,0.089,0.309,0.409
0.345,0.628,0.912,0.805,0.685,0.089,0.309,0.409
0.345,0.628,0.912,0.805,0.685,0.089,0.309,0.409
0.345,0.628,0.912,0.805,0.685,0.089,0.309,0.409
0.345,0.628,0.912,0.805,0.685,0.089,0.309,0.409
0.345,0.628,0.912,0.805,0.685,0.089,0.309,0.409
0.345,0.628,0.912,0.805,0.685,0.089,0.309,0.409
0.345,0.628,0.912,0.805,0.685,0.089,0.309,0.409
0.345,0.628,0.912,0.805,0.685,0.089,0.309,0.409
0.344,0.628,0.912,0.805,0.685,0.089,0.309,0.409
0.345,0.628,0.912,0.805,0.685,0.089,0.309,0.409
0.345,0.628,0.912,0.805,0.685,0.089,0.309,0.409
0.345,0.628,0.912,0.805,0.685,0.089,0.309,0.409
0.345,0.628,0.912,0.805,0.685,0.089,0.309,0.409
0.345,0.628,0.912,0.805,0.685,0.089,0.309,0.409
0.344,0.628,0.912,0.805,0.685,0.089,0.309,0.409
0.345,0.628,0.912,0.805,0.685,0.089,0.309,0.409
0.345,0.628,0.912,0.805,0.685,0.089,0.309,0.409
0.344,0.628,0.912,0.805,0.685,0.089,0.309,0.409
0.344,0.628,0.912,0.805,0.685,0.089,0.309,0.409
0.345,0.628,0.912,0.805,0.685,0.089,0.309,0.409
0.345,0.628,0.912,0.805,0.685,0.089,0.309,0.409
0.345,0.628,0.912,0.805,0.685,0.089,0.309,0.409
0.345,0.628,0.912,0.805,0.685,0.089,0.309,0.409
0.344,0.628,0.912,0.805,0.685,0.089,0.309,0.409
0.345,0.628,0.912,0.805,0.685,0.089,0.309,0.409
0.344,0.628,0.912,0.805,0.685,0.089,0.309,0.409
0.345,0.627,0.912,0.805,0.685,0.089,0.309,0.409
0.345,0.628,0.912,0.805,0.685,0.089,0.309,0.409
0.344,0.628,0.912,0.805,0.685,0.089,0.309,0.409
0.344,0.627,0.911,0.805,0.685,0.089,0.309,0.409
0.345,0.627,0.912,0.805,0.685,0.089,0.309,0.409
0.344,0.627,0.912,0.805,0.685,0.089,0.309,0.409
0.344,0.627,0.911,0.805,0.685,0.089,0.309,0.409
0.344,0.627,0.912,0.805,0.684,0.089,0.309,0.409
0.344,0.627,0.912,0.805,0.685,0.089,0.309,0.409
0.344,0.628,0.912,0.805,0.685,0.089,0.309,0.409
0.344,0.627,0.911,0.805,0.685,0.089,0.309,0.409
0.344,0.627,0.911,0.805,0.685,0.089,0.309,0.409
0.344,0.627,0.911,0.805,0.684,0.089,0.308,0.409
0.344,0.627,0.911,0.805,0.684,0.089,0.309,0.409
0.344,0.627,0.911,0.805,0.684,0.089,0.309,0.409
0.344,0.627,0.911,0.805,0.684,0.089,0.309,0.409
0.344,0.627,0.911,0.805,0.684,0.089,0.309,0.409
0.344,0.627,0.911,0.805,0.684,0.089,0.309,0.409
0.344,0.627,0.911,0.805,0.684,0.089,0.308,0.409
0.344,0.627,0.911,0.805,0.684,0.089,0.308,0.409
0.344,0.627,0.911,0.805,0.684,0.089,0.308,0.409
0.344,0.627,0.911,0.805,0.685,0.089,0.309,0.409
0.344,0.627,0.911,0.805,0.685,0.089,0.309,0.409
0.344,0.627,0.911,0.805,0.685,0.089,0.308,0.409
0.344,0.627,0.911,0.805,0.685,0.089,0.308,0.409
0.344,0.627,0.911,0.805,0.685,0.089,0.309,0.409
0.344,0.626,0.911,0.805,0.685,0.089,0.308,0.409
0.344,0.627,0.911,0.807,0.685,0.089,0.309,0.409
0.344,0.631,0.911,0.81,0.685,0.089,0.309,0.41
0.345,0.639,0.912,0.815,0.686,0.089,0.309,0.41
0.344,0.648,0.912,0.822,0.687,0.089,0.309,0.412
0.345,0.661,0.914,0.829,0.688,0.089,0.309,0.415
0.345,0.677,0.915,0.838,0.69,0.089,0.309,0.42
0.345,0.695,0.916,0.848,0.694,0.09,0.31,0.428
0.345,0.713,0.917,0.858,0.699,0.09,0.31,0.437
0.345,0.732,0.918,0.868,0.707,0.09,0.311,0.448
0.346,0.75,0.919,0.878,0.716,0.09,0.311,0.459
0.346,0.768,0.921,0.89,0.727,0.091,0.312,0.471
0.347,0.788,0.923,0.903,0.739,0.091,0.312,0.484
0.348,0.808,0.924,0.914,0.752,0.092,0.313,0.496
0.348,0.828,0.926,0.925,0.764,0.092,0.314,0.508
0.35,0.848,0.928,0.936,0.776,0.093,0.314,0.518
0.351,0.868,0.93,0.946,0.789,0.094,0.315,0.528
0.352,0.889,0.931,0.955,0.8,0.094,0.316,0.537
0.353,0.909,0.933,0.963,0.811,0.095,0.316,0.546
0.354,0.928,0.935,0.971,0.822,0.096,0.317,0.554
0.355,0.946,0.937,0.979,0.832,0.097,0.318,0.562
0.356,0.963,0.939,0.986,0.842,0.097,0.319,0.569
0.358,0.979,0.941,0.994,0.851,0.098,0.319,0.577
0.359,0.996,0.943,1.002,0.861,0.099,0.32,0.583
0.36,1.014,0.946,1.01,0.87,0.099,0.32,0.59
0.362,1.03,0.948,1.018,0.879,0.1,0.321,0.596
0.363,1.047,0.95,1.025,0.888,0.101,0.322,0.603
0.364,1.062,0.952,1.032,0.897,0.102,0.322,0.609
0.365,1.077,0.954,1.038,0.905,0.102,0.323,0.615
0.367,1.09,0.957,1.045,0.913,0.103,0.323,0.621
0.368,1.104,0.959,1.052,0.921,0.104,0.324,0.626
0.369,1.117,0.961,1.059,0.928,0.105,0.325,0.632
0.37,1.129,0.964,1.066,0.936,0.105,0.325,0.637
0.372,1.142,0.966,1.073,0.943,0.106,0.326,0.642
0.373,1.154,0.968,1.079,0.95,0.107,0.327,0.648
0.374,1.166,0.97,1.085,0.957,0.108,0.327,0.653
0.376,1.177,0.972,1.092,0.964,0.108,0.328,0.658
0.377,1.189,0.975,1.098,0.971,0.109,0.329,0.663
0.378,1.2,0.977,1.104,0.977,0.11,0.329,0.668
0.38,1.211,0.979,1.111,0.984,0.111,0.33,0.672
0.381,1.222,0.982,1.117,0.991,0.111,0.33,0.677
0.382,1.233,0.984,1.123,0.997,0.112,0.331,0.682
0.383,1.243,0.986,1.129,1.004,0.113,0.332,0.687
0.385,1.253,0.989,1.135,1.01,0.114,0.332,0.691
0.386,1.262,0.991,1.141,1.016,0.114,0.333,0.696
0.387,1.272,0.993,1.147,1.022,0.115,0.334,0.7
0.389,1.281,0.996,1.153,1.028,0.116,0.334,0.704
0.39,1.29,0.998,1.159,1.034,0.117,0.335,0.709
0.391,1.299,1.0,1.164,1.04,0.117,0.335,0.713
0.393,1.308,1.003,1.17,1.046,0.118,0.336,0.717
0.394,1.316,1.005,1.175,1.051,0.119,0.337,0.722
0.395,1.324,1.007,1.18,1.057,0.12,0.337,0.726
0.397,1.331,1.01,1.186,1.063,0.12,0.338,0.73
0.398,1.339,1.012,1.191,1.068,0.121,0.339,0.734
0.399,1.346,1.014,1.197,1.074,0.122,0.339,0.738
0.401,1.354,1.017,1.202,1.079,0.123,0.34,0.742
0.402,1.361,1.019,1.207,1.084,0.124,0.34,0.746
0.403,1.368,1.021,1.212,1.09,0.124,0.341,0.75
0.405,1.375,1.024,1.217,1.095,0.125,0.342,0.753
0.406,1.382,1.026,1.222,1.1,0.126,0.342,0.757
0.407,1.388,1.028,1.227,1.105,0.127,0.343,0.761
0.409,1.394,1.03,1.232,1.11,0.127,0.343,0.765
0.41,1.4,1.033,1.237,1.115,0.128,0.344,0.768
0.411,1.405,1.035,1.241,1.12,0.129,0.344,0.772
0.412,1.411,1.037,1.247,1.125,0.13,0.345,0.775
0.413,1.416,1.039,1.251,1.129,0.13,0.345,0.779
0.415,1.421,1.042,1.255,1.134,0.131,0.346,0.782
0.416,1.426,1.044,1.26,1.139,0.132,0.347,0.786
0.417,1.431,1.046,1.264,1.143,0.132,0.347,0.789
0.418,1.436,1.048,1.268,1.147,0.133,0.348,0.792
0.42,1.441,1.05,1.272,1.152,0.134,0.348,0.795
0.421,1.445,1.052,1.276,1.156,0.135,0.349,0.798
0.422,1.449,1.055,1.28,1.16,0.135,0.349,0.8
0.423,1.454,1.057,1.283,1.164,0.136,0.35,0.803
0.424,1.458,1.059,1.286,1.167,0.137,0.351,0.806
0.426,1.462,1.061,1.29,1.171,0.138,0.351,0.808
0.427,1.466,1.063,1.292,1.174,0.138,0.352,0.811
0.428,1.47,1.065,1.295,1.178,0.139,0.352,0.813
0.429,1.474,1.067,1.298,1.181,0.14,0.353,0.816
0.43,1.478,1.07,1.3,1.185,0.14,0.353,0.818
0.432,1.482,1.072,1.302,1.187,0.141,0.354,0.82
0.433,1.485,1.074,1.304,1.19,0.142,0.354,0.822
0.434,1.489,1.076,1.306,1.193,0.143,0.355,0.824
0.435,1.493,1.078,1.308,1.196,0.143,0.355,0.826
0.436,1.496,1.08,1.31,1.198,0.144,0.356,0.828
0.437,1.499,1.082,1.311,1.201,0.145,0.356,0.829
0.439,1.503,1.084,1.312,1.203,0.146,0.357,0.831
0.44,1.506,1.086,1.313,1.205,0.146,0.357,0.832
0.441,1.509,1.088,1.314,1.207,0.147,0.358,0.834
0.442,1.512,1.09,1.315,1.208,0.148,0.359,0.835
0.443,1.515,1.092,1.315,1.21,0.148,0.359,0.837
0.444,1.518,1.094,1.316,1.212,0.149,0.359,0.838
0.445,1.521,1.096,1.316,1.213,0.15,0.36,0.839
0.446,1.524,1.098,1.317,1.215,0.15,0.361,0.84
0.448,1.527,1.1,1.317,1.216,0.151,0.361,0.841
0.449,1.529,1.101,1.317,1.217,0.152,0.361,0.843
0.45,1.532,1.103,1.317,1.218,0.152,0.362,0.844
0.451,1.535,1.105,1.318,1.219,0.153,0.363,0.845
0.452,1.537,1.107,1.318,1.22,0.154,0.363,0.845
0.453,1.54,1.109,1.318,1.221,0.154,0.364,0.847
0.454,1.542,1.11,1.317,1.222,0.155,0.364,0.847
0.455,1.544,1.112,1.317,1.222,0.156,0.364,0.848
0.456,1.546,1.114,1.316,1.223,0.156,0.365,0.849
0.457,1.548,1.116,1.316,1.223,0.157,0.365,0.85
0.459,1.55,1.117,1.316,1.224,0.158,0.366,0.85
0.46,1.552,1.119,1.315,1.224,0.158,0.366,0.851
0.461,1.553,1.121,1.315,1.225,0.159,0.367,0.852
0.462,1.555,1.122,1.314,1.225,0.16,0.367,0.852
0.463,1.557,1.124,1.314,1.225,0.16,0.368,0.853
0.464,1.558,1.126,1.313,1.225,0.161,0.368,0.853
0.465,1.56,1.127,1.313,1.225,0.162,0.369,0.854
0.466,1.561,1.129,1.312,1.225,0.162,0.369,0.854
0.467,1.563,1.131,1.311,1.225,0.163,0.37,0.855
0.468,1.564,1.132,1.31,1.225,0.163,0.37,0.855
0.469,1.565,1.134,1.31,1.225,0.164,0.371,0.855
0.47,1.566,1.135,1.309,1.225,0.164,0.371,0.856
0.471,1.567,1.137,1.308,1.224,0.165,0.371,0.856
0.472,1.569,1.138,1.307,1.224,0.166,0.372,0.856
0.474,1.569,1.14,1.306,1.224,0.166,0.372,0.856
0.474,1.571,1.141,1.305,1.223,0.167,0.373,0.856
0.476,1.571,1.143,1.304,1.223,0.167,0.373,0.857
0.477,1.572,1.144,1.303,1.222,0.168,0.374,0.857
0.478,1.573,1.145,1.302,1.222,0.168,0.374,0.857
0.479,1.574,1.147,1.301,1.222,0.169,0.375,0.858
0.48,1.573,1.148,1.301,1.221,0.17,0.375,0.859
0.481,1.572,1.15,1.302,1.221,0.17,0.375,0.86
0.482,1.571,1.151,1.304,1.221,0.171,0.376,0.861
0.484,1.571,1.153,1.306,1.221,0.171,0.376,0.863
0.485,1.571,1.154,1.309,1.222,0.172,0.377,0.864
0.486,1.572,1.156,1.312,1.223,0.172,0.377,0.867
0.487,1.573,1.157,1.315,1.224,0.173,0.377,0.869
0.488,1.574,1.159,1.319,1.226,0.173,0.378,0.871
0.49,1.575,1.16,1.322,1.228,0.174,0.378,0.874
0.491,1.575,1.161,1.326,1.231,0.174,0.379,0.876
0.492,1.576,1.163,1.33,1.233,0.175,0.379,0.879
0.493,1.578,1.164,1.333,1.236,0.176,0.379,0.882
0.494,1.579,1.166,1.337,1.239,0.176,0.38,0.885
0.495,1.58,1.167,1.341,1.242,0.177,0.38,0.888
0.496,1.582,1.168,1.345,1.246,0.178,0.38,0.891
0.498,1.583,1.17,1.349,1.249,0.178,0.381,0.894
0.499,1.585,1.171,1.353,1.252,0.178,0.381,0.897
0.5,1.587,1.173,1.357,1.256,0.179,0.382,0.9
0.501,1.589,1.174,1.361,1.26,0.18,0.382,0.903
0.502,1.59,1.176,1.365,1.264,0.181,0.383,0.907
0.503,1.592,1.178,1.368,1.267,0.181,0.383,0.91
0.504,1.594,1.179,1.372,1.271,0.182,0.383,0.913
0.505,1.596,1.181,1.376,1.275,0.182,0.384,0.917
0.507,1.598,1.182,1.38,1.279,0.183,0.384,0.92
0.508,1.602,1.185,1.385,1.283,0.184,0.385,0.924
0.509,1.604,1.186,1.389,1.287,0.184,0.385,0.927
0.51,1.607,1.188,1.393,1.291,0.185,0.386,0.93
0.512,1.609,1.189,1.397,1.295,0.186,0.386,0.933
0.513,1.612,1.191,1.401,1.299,0.187,0.386,0.937
0.514,1.615,1.193,1.405,1.303,0.187,0.387,0.94
0.515,1.617,1.194,1.408,1.307,0.188,0.387,0.943
0.516,1.62,1.196,1.412,1.311,0.189,0.388,0.947
0.518,1.623,1.198,1.416,1.315,0.189,0.388,0.95
0.519,1.626,1.199,1.42,1.319,0.19,0.389,0.953
0.52,1.628,1.201,1.423,1.322,0.191,0.389,0.956
0.522,1.631,1.203,1.427,1.326,0.192,0.389,0.96
0.523,1.634,1.204,1.431,1.33,0.192,0.39,0.963
0.524,1.637,1.206,1.434,1.334,0.193,0.39,0.966
0.525,1.64,1.208,1.438,1.338,0.194,0.391,0.969
0.527,1.643,1.21,1.442,1.336,0.194,0.39,0.97
0.527,1.643,1.209,1.443,1.343,0.195,0.391,0.973
0.528,1.645,1.211,1.446,1.346,0.196,0.391,0.976
0.529,1.649,1.212,1.45,1.35,0.196,0.392,0.979
0.531,1.652,1.214,1.453,1.354,0.197,0.392,0.982
0.532,1.655,1.216,1.457,1.358,0.198,0.393,0.985
0.533,1.658,1.217,1.46,1.361,0.199,0.393,0.988
0.534,1.661,1.219,1.464,1.365,0.2,0.393,0.991
0.536,1.664,1.221,1.468,1.369,0.2,0.394,0.994
0.537,1.667,1.223,1.471,1.372,0.201,0.394,0.997
0.538,1.67,1.225,1.475,1.376,0.202,0.395,1.0
0.54,1.673,1.226,1.478,1.379,0.203,0.395,1.003
0.541,1.676,1.228,1.482,1.383,0.204,0.395,1.006
0.542,1.679,1.23,1.485,1.386,0.204,0.396,1.008
0.543,1.681,1.232,1.488,1.39,0.205,0.396,1.011
0.545,1.684,1.233,1.491,1.393,0.206,0.397,1.014
0.546,1.686,1.235,1.495,1.396,0.207,0.397,1.017
0.547,1.689,1.237,1.499,1.399,0.207,0.398,1.019
0.549,1.691,1.238,1.501,1.401,0.208,0.398,1.022
0.549,1.693,1.24,1.504,1.404,0.209,0.399,1.024
0.551,1.695,1.242,1.507,1.41,0.21,0.399,1.027
0.554,1.697,1.244,1.51,1.411,0.211,0.399,1.029
0.553,1.699,1.246,1.513,1.414,0.211,0.4,1.032
0.555,1.701,1.247,1.516,1.416,0.212,0.4,1.034
0.554,1.703,1.248,1.518,1.419,0.213,0.401,1.036
0.556,1.704,1.25,1.52,1.424,0.214,0.401,1.038
0.556,1.706,1.252,1.523,1.426,0.214,0.401,1.04
0.561,1.707,1.253,1.526,1.428,0.215,0.402,1.042
0.562,1.709,1.255,1.528,1.431,0.216,0.402,1.044
0.561,1.711,1.257,1.53,1.434,0.217,0.403,1.046
0.563,1.712,1.259,1.533,1.435,0.217,0.403,1.048
0.564,1.714,1.26,1.534,1.438,0.218,0.403,1.05
0.564,1.715,1.262,1.537,1.441,0.219,0.404,1.052
0.566,1.717,1.263,1.538,1.442,0.219,0.404,1.053
0.568,1.718,1.265,1.54,1.444,0.22,0.404,1.054
0.568,1.719,1.267,1.541,1.446,0.221,0.405,1.056
0.569,1.72,1.268,1.542,1.448,0.221,0.405,1.057
0.571,1.722,1.27,1.543,1.45,0.223,0.406,1.059
0.572,1.723,1.271,1.545,1.452,0.223,0.406,1.06
0.573,1.724,1.273,1.545,1.453,0.224,0.407,1.061
0.574,1.726,1.275,1.546,1.455,0.224,0.407,1.062
0.575,1.727,1.277,1.547,1.456,0.225,0.407,1.063
0.576,1.728,1.278,1.547,1.458,0.226,0.408,1.064
0.578,1.729,1.28,1.548,1.458,0.226,0.408,1.065
0.578,1.73,1.281,1.548,1.459,0.228,0.408,1.066
0.58,1.731,1.283,1.548,1.46,0.228,0.409,1.066
0.581,1.732,1.284,1.548,1.461,0.229,0.409,1.067
0.581,1.733,1.286,1.548,1.462,0.229,0.409,1.068
0.583,1.734,1.287,1.547,1.462,0.231,0.41,1.068
0.584,1.735,1.289,1.547,1.462,0.231,0.41,1.069
0.585,1.736,1.29,1.547,1.462,0.231,0.411,1.069
0.587,1.737,1.292,1.546,1.463,0.233,0.411,1.069
0.587,1.737,1.294,1.546,1.463,0.233,0.411,1.07
0.589,1.738,1.295,1.545,1.463,0.234,0.412,1.07
0.59,1.739,1.297,1.544,1.463,0.235,0.412,1.07
0.59,1.74,1.298,1.543,1.463,0.235,0.412,1.07
0.592,1.74,1.299,1.542,1.463,0.235,0.413,1.071
0.593,1.741,1.301,1.542,1.463,0.236,0.413,1.071
0.594,1.742,1.302,1.541,1.463,0.237,0.414,1.071
0.595,1.742,1.304,1.54,1.462,0.237,0.414,1.071
0.596,1.742,1.305,1.539,1.462,0.238,0.414,1.071
0.599,1.747,1.309,1.541,1.464,0.239,0.415,1.073
0.599,1.747,1.31,1.539,1.464,0.24,0.416,1.073
0.601,1.747,1.312,1.538,1.463,0.24,0.416,1.073
0.602,1.747,1.313,1.537,1.463,0.241,0.417,1.073
0.603,1.748,1.315,1.536,1.462,0.241,0.417,1.072
0.604,1.748,1.316,1.534,1.461,0.242,0.417,1.072
0.605,1.748,1.317,1.533,1.461,0.243,0.418,1.072
0.606,1.748,1.319,1.532,1.46,0.243,0.418,1.072
0.607,1.749,1.32,1.531,1.459,0.244,0.418,1.071
0.608,1.748,1.321,1.529,1.458,0.244,0.419,1.071
0.609,1.748,1.323,1.527,1.457,0.245,0.419,1.071
0.61,1.748,1.324,1.526,1.456,0.246,0.419,1.07
0.611,1.747,1.325,1.524,1.455,0.246,0.42,1.07
0.612,1.748,1.326,1.523,1.454,0.247,0.42,1.07
0.613,1.747,1.327,1.521,1.453,0.247,0.42,1.07
0.614,1.747,1.329,1.52,1.452,0.248,0.421,1.069
0.615,1.746,1.33,1.518,1.45,0.248,0.421,1.069
0.616,1.745,1.331,1.517,1.449,0.249,0.421,1.068
0.617,1.745,1.332,1.515,1.448,0.249,0.422,1.068
0.618,1.744,1.333,1.513,1.447,0.25,0.422,1.068
0.619,1.743,1.334,1.512,1.446,0.25,0.423,1.067
0.62,1.742,1.336,1.51,1.444,0.25,0.423,1.067
0.621,1.741,1.336,1.509,1.443,0.251,0.423,1.066
0.623,1.74,1.338,1.507,1.442,0.251,0.423,1.066
0.624,1.739,1.339,1.505,1.44,0.252,0.424,1.065
0.624,1.738,1.34,1.504,1.439,0.252,0.424,1.065
0.626,1.737,1.341,1.502,1.437,0.253,0.425,1.064
0.627,1.735,1.342,1.5,1.436,0.253,0.425,1.064
0.628,1.734,1.343,1.499,1.434,0.253,0.425,1.063
0.628,1.733,1.344,1.497,1.433,0.254,0.425,1.063
0.629,1.731,1.345,1.495,1.431,0.254,0.426,1.062
0.63,1.73,1.346,1.494,1.43,0.255,0.426,1.062
0.631,1.728,1.347,1.492,1.429,0.255,0.426,1.061
0.632,1.726,1.348,1.491,1.427,0.255,0.427,1.06
0.633,1.724,1.349,1.489,1.425,0.256,0.427,1.06
0.634,1.722,1.35,1.487,1.424,0.256,0.427,1.059
0.635,1.72,1.351,1.485,1.422,0.256,0.428,1.059
0.636,1.718,1.352,1.484,1.421,0.257,0.428,1.058
0.637,1.715,1.352,1.482,1.419,0.257,0.428,1.058
0.638,1.712,1.353,1.48,1.417,0.257,0.428,1.058
0.639,1.708,1.354,1.479,1.416,0.257,0.429,1.058
0.64,1.705,1.355,1.479,1.414,0.258,0.429,1.058
0.641,1.702,1.355,1.481,1.413,0.258,0.429,1.058
0.642,1.7,1.357,1.482,1.413,0.258,0.43,1.059
0.644,1.699,1.358,1.484,1.412,0.259,0.43,1.059
0.645,1.697,1.359,1.486,1.412,0.259,0.43,1.06
0.646,1.696,1.36,1.489,1.412,0.259,0.43,1.062
0.647,1.696,1.361,1.492,1.412,0.259,0.43,1.063
0.648,1.696,1.362,1.495,1.413,0.26,0.431,1.065
0.649,1.696,1.363,1.497,1.415,0.26,0.431,1.067
0.65,1.696,1.364,1.5,1.417,0.261,0.431,1.07
0.651,1.696,1.365,1.503,1.419,0.261,0.432,1.072
0.652,1.696,1.366,1.506,1.422,0.261,0.432,1.074
0.653,1.697,1.367,1.509,1.425,0.262,0.432,1.077
0.654,1.697,1.368,1.512,1.428,0.262,0.433,1.08
0.655,1.698,1.369,1.515,1.43,0.263,0.433,1.082
0.655,1.698,1.37,1.518,1.434,0.263,0.433,1.086
0.657,1.699,1.371,1.521,1.436,0.264,0.434,1.088
0.658,1.7,1.373,1.524,1.439,0.264,0.434,1.091
0.659,1.702,1.374,1.527,1.442,0.265,0.434,1.094
0.66,1.703,1.375,1.53,1.446,0.265,0.435,1.097
0.661,1.705,1.377,1.534,1.449,0.266,0.435,1.1
0.662,1.706,1.378,1.537,1.452,0.266,0.435,1.103
0.663,1.708,1.379,1.54,1.45,0.266,0.435,1.103
0.663,1.706,1.377,1.54,1.455,0.266,0.435,1.106
0.664,1.707,1.379,1.543,1.458,0.266,0.435,1.108
0.665,1.709,1.38,1.546,1.461,0.268,0.436,1.111
0.666,1.711,1.381,1.549,1.464,0.268,0.436,1.114
0.667,1.714,1.383,1.552,1.467,0.268,0.436,1.117
0.668,1.716,1.384,1.555,1.47,0.269,0.437,1.12
0.67,1.717,1.385,1.558,1.473,0.27,0.437,1.122
0.67,1.718,1.386,1.561,1.477,0.27,0.437,1.125
0.672,1.722,1.388,1.564,1.48,0.271,0.438,1.128
0.673,1.722,1.389,1.567,1.483,0.271,0.438,1.131
0.674,1.725,1.391,1.57,1.486,0.271,0.438,1.133
0.675,1.726,1.392,1.573,1.49,0.272,0.439,1.136
0.677,1.731,1.394,1.577,1.493,0.273,0.439,1.139
0.678,1.733,1.395,1.579,1.496,0.275,0.439,1.141
0.679,1.735,1.396,1.582,1.499,0.275,0.44,1.144
0.68,1.737,1.398,1.585,1.502,0.275,0.44,1.146
0.681,1.738,1.399,1.588,1.505,0.276,0.44,1.149
0.682,1.743,1.401,1.591,1.507,0.278,0.441,1.151
0.683,1.743,1.402,1.593,1.51,0.278,0.441,1.153
0.685,1.745,1.403,1.596,1.513,0.279,0.441,1.156
0.686,1.747,1.405,1.599,1.516,0.28,0.442,1.158
0.687,1.751,1.406,1.601,1.518,0.279,0.442,1.16
0.688,1.753,1.408,1.604,1.521,0.28,0.442,1.163
0.69,1.754,1.409,1.606,1.524,0.282,0.443,1.165
0.691,1.757,1.41,1.609,1.526,0.282,0.443,1.167
0.692,1.761,1.412,1.612,1.529,0.283,0.443,1.17
0.693,1.762,1.414,1.615,1.532,0.283,0.444,1.172
0.694,1.762,1.415,1.617,1.534,0.285,0.444,1.174
0.696,1.764,1.416,1.62,1.537,0.284,0.444,1.176
0.696,1.767,1.418,1.622,1.54,0.286,0.445,1.178
0.698,1.768,1.42,1.624,1.542,0.286,0.445,1.18
0.699,1.769,1.421,1.627,1.545,0.287,0.446,1.183
0.7,1.772,1.422,1.629,1.547,0.288,0.446,1.184
0.701,1.774,1.423,1.632,1.549,0.288,0.446,1.186
0.702,1.776,1.425,1.634,1.552,0.289,0.446,1.188
0.703,1.776,1.426,1.636,1.554,0.29,0.447,1.19
0.704,1.777,1.428,1.638,1.557,0.291,0.447,1.192
0.706,1.779,1.429,1.641,1.559,0.291,0.448,1.194
0.707,1.779,1.431,1.643,1.561,0.293,0.448,1.196
0.708,1.782,1.432,1.645,1.563,0.292,0.448,1.198
0.709,1.783,1.433,1.647,1.565,0.293,0.449,1.199
0.71,1.785,1.435,1.649,1.567,0.294,0.449,1.201
0.711,1.785,1.436,1.651,1.569,0.294,0.449,1.202
0.712,1.787,1.437,1.652,1.571,0.296,0.45,1.204
0.714,1.787,1.439,1.654,1.573,0.297,0.45,1.205
0.714,1.787,1.44,1.655,1.575,0.296,0.45,1.207
0.716,1.788,1.442,1.657,1.577,0.298,0.45,1.208
0.717,1.79,1.443,1.658,1.578,0.299,0.451,1.209
0.718,1.79,1.444,1.659,1.58,0.299,0.451,1.21
0.719,1.792,1.446,1.66,1.581,0.3,0.451,1.212
0.72,1.793,1.447,1.661,1.582,0.3,0.452,1.212
0.721,1.793,1.448,1.662,1.583,0.301,0.452,1.213
0.722,1.793,1.449,1.662,1.585,0.301,0.453,1.214
0.723,1.795,1.451,1.663,1.585,0.303,0.453,1.215
0.724,1.795,1.452,1.663,1.586,0.303,0.453,1.216
0.725,1.796,1.453,1.664,1.587,0.303,0.453,1.216
0.726,1.797,1.455,1.664,1.588,0.304,0.454,1.217
0.727,1.797,1.456,1.664,1.589,0.305,0.454,1.217
0.728,1.798,1.457,1.664,1.589,0.305,0.454,1.218
0.729,1.798,1.458,1.663,1.59,0.306,0.455,1.218
0.732,1.803,1.463,1.667,1.593,0.307,0.456,1.221
0.733,1.803,1.464,1.666,1.593,0.308,0.456,1.221
0.733,1.804,1.465,1.666,1.594,0.308,0.457,1.221
0.735,1.805,1.467,1.666,1.594,0.309,0.457,1.221
0.736,1.805,1.468,1.665,1.594,0.309,0.457,1.221
0.737,1.806,1.47,1.664,1.594,0.31,0.458,1.221
0.738,1.806,1.471,1.664,1.594,0.311,0.458,1.221
0.739,1.807,1.472,1.663,1.594,0.311,0.458,1.221
0.74,1.807,1.474,1.662,1.593,0.312,0.459,1.221
0.741,1.808,1.475,1.661,1.592,0.312,0.459,1.22
0.742,1.808,1.476,1.66,1.592,0.313,0.459,1.22
0.743,1.809,1.477,1.659,1.592,0.314,0.459,1.22
0.744,1.809,1.478,1.658,1.591,0.314,0.46,1.22
0.745,1.81,1.48,1.656,1.59,0.314,0.46,1.219
0.746,1.81,1.481,1.655,1.59,0.315,0.46,1.219
0.747,1.81,1.482,1.654,1.589,0.316,0.461,1.218
0.748,1.81,1.483,1.652,1.588,0.316,0.461,1.218
0.749,1.811,1.484,1.651,1.587,0.317,0.461,1.217
0.75,1.811,1.485,1.65,1.586,0.317,0.461,1.216
0.751,1.811,1.486,1.648,1.585,0.318,0.462,1.216
0.752,1.811,1.488,1.646,1.584,0.318,0.462,1.215
0.753,1.812,1.489,1.645,1.583,0.319,0.463,1.214
0.754,1.812,1.49,1.643,1.582,0.319,0.463,1.214
0.755,1.812,1.491,1.642,1.58,0.319,0.463,1.213
0.756,1.812,1.492,1.64,1.579,0.32,0.464,1.212
0.757,1.812,1.493,1.638,1.578,0.32,0.464,1.211
0.758,1.812,1.494,1.637,1.576,0.321,0.464,1.21
0.758,1.811,1.495,1.635,1.575,0.321,0.464,1.209
0.76,1.811,1.496,1.633,1.574,0.322,0.465,1.209
0.76,1.811,1.497,1.631,1.572,0.322,0.465,1.208
0.761,1.81,1.498,1.629,1.571,0.322,0.465,1.207
0.762,1.81,1.499,1.628,1.569,0.323,0.465,1.206
0.763,1.809,1.5,1.626,1.568,0.323,0.466,1.205
0.764,1.809,1.501,1.624,1.566,0.323,0.466,1.205
0.765,1.808,1.502,1.622,1.564,0.323,0.466,1.204
0.766,1.807,1.503,1.62,1.563,0.324,0.467,1.203
0.767,1.806,1.504,1.618,1.561,0.324,0.467,1.202
0.768,1.805,1.505,1.616,1.559,0.324,0.467,1.201
0.769,1.804,1.506,1.614,1.557,0.325,0.468,1.2
0.77,1.803,1.506,1.612,1.556,0.325,0.468,1.199
0.77,1.802,1.508,1.61,1.554,0.325,0.468,1.198
0.771,1.801,1.508,1.607,1.552,0.325,0.468,1.197
0.772,1.799,1.509,1.606,1.55,0.325,0.469,1.197
0.773,1.797,1.51,1.604,1.548,0.326,0.469,1.196
0.774,1.796,1.511,1.602,1.547,0.326,0.469,1.195
0.775,1.794,1.511,1.6,1.545,0.326,0.469,1.194
0.776,1.792,1.512,1.598,1.543,0.326,0.47,1.193
0.777,1.79,1.513,1.596,1.541,0.326,0.47,1.192
0.777,1.789,1.514,1.594,1.539,0.326,0.47,1.191
0.778,1.787,1.515,1.592,1.537,0.326,0.47,1.19
0.779,1.784,1.515,1.59,1.535,0.327,0.471,1.189
0.78,1.782,1.516,1.588,1.533,0.327,0.471,1.188
0.781,1.78,1.517,1.586,1.531,0.327,0.471,1.187
0.782,1.778,1.517,1.584,1.53,0.327,0.471,1.186
0.782,1.776,1.518,1.582,1.527,0.327,0.472,1.185
0.783,1.773,1.519,1.58,1.526,0.327,0.472,1.183
0.784,1.771,1.519,1.578,1.523,0.327,0.472,1.183
0.785,1.768,1.52,1.576,1.521,0.327,0.473,1.181
0.785,1.766,1.521,1.574,1.519,0.327,0.473,1.18
0.786,1.763,1.521,1.572,1.517,0.327,0.473,1.179
0.787,1.76,1.522,1.57,1.515,0.327,0.473,1.179
0.788,1.757,1.522,1.568,1.513,0.327,0.473,1.177
0.788,1.755,1.523,1.566,1.511,0.326,0.474,1.177
0.789,1.752,1.524,1.564,1.509,0.325,0.472,1.17
0.788,1.743,1.519,1.556,1.501,0.325,0.472,1.169
0.791,1.746,1.524,1.559,1.504,0.326,0.473,1.171
0.794,1.748,1.529,1.562,1.507,0.327,0.475,1.174
0.793,1.741,1.528,1.559,1.504,0.326,0.476,1.174
0.79,1.731,1.522,1.55,1.496,0.325,0.474,1.169
0.789,1.724,1.519,1.544,1.489,0.324,0.473,1.164
0.791,1.724,1.521,1.544,1.488,0.324,0.473,1.162
0.795,1.727,1.527,1.547,1.491,0.325,0.475,1.164
0.798,1.728,1.532,1.55,1.494,0.325,0.477,1.167
0.797,1.722,1.531,1.547,1.491,0.325,0.477,1.167
0.794,1.711,1.525,1.538,1.484,0.324,0.476,1.162
0.793,1.704,1.522,1.533,1.477,0.322,0.474,1.157
0.795,1.704,1.524,1.532,1.476,0.322,0.474,1.155
0.799,1.706,1.529,1.535,1.478,0.323,0.476,1.157
0.801,1.707,1.534,1.538,1.481,0.324,0.478,1.16
0.8,1.701,1.533,1.535,1.479,0.323,0.478,1.16
0.797,1.69,1.527,1.527,1.471,0.322,0.477,1.155
0.797,1.683,1.524,1.521,1.465,0.32,0.475,1.15
0.799,1.681,1.526,1.52,1.463,0.32,0.475,1.148
0.802,1.683,1.531,1.523,1.466,0.321,0.477,1.149
0.805,1.684,1.536,1.526,1.469,0.322,0.479,1.152
0.804,1.678,1.535,1.523,1.467,0.321,0.479,1.153
0.801,1.667,1.53,1.515,1.459,0.32,0.477,1.148
0.8,1.66,1.526,1.509,1.453,0.318,0.476,1.142
0.802,1.658,1.527,1.508,1.451,0.318,0.476,1.14
0.805,1.659,1.532,1.511,1.453,0.318,0.478,1.142
0.807,1.66,1.538,1.514,1.456,0.319,0.479,1.144
0.807,1.655,1.537,1.512,1.455,0.319,0.48,1.145
0.804,1.644,1.531,1.504,1.447,0.317,0.479,1.14
0.803,1.635,1.527,1.498,1.44,0.316,0.477,1.135
0.804,1.633,1.529,1.496,1.439,0.315,0.477,1.132
0.807,1.634,1.534,1.499,1.441,0.315,0.478,1.134
0.81,1.635,1.539,1.503,1.444,0.316,0.48,1.137
0.81,1.63,1.539,1.501,1.442,0.316,0.481,1.137
0.806,1.619,1.533,1.493,1.435,0.314,0.479,1.132
0.805,1.61,1.528,1.486,1.428,0.312,0.477,1.127
0.806,1.608,1.53,1.485,1.426,0.312,0.477,1.124
0.809,1.609,1.535,1.488,1.428,0.312,0.479,1.126
0.812,1.61,1.54,1.491,1.431,0.313,0.481,1.128
0.812,1.605,1.54,1.489,1.43,0.312,0.481,1.129
0.808,1.594,1.534,1.482,1.423,0.31,0.48,1.125
0.807,1.585,1.529,1.475,1.416,0.309,0.478,1.118
0.808,1.583,1.531,1.474,1.414,0.308,0.478,1.116
0.812,1.584,1.535,1.476,1.416,0.309,0.479,1.117
0.814,1.584,1.541,1.479,1.419,0.309,0.481,1.12
0.814,1.58,1.541,1.478,1.418,0.309,0.482,1.121
0.81,1.569,1.534,1.47,1.411,0.307,0.48,1.116
0.808,1.56,1.53,1.464,1.404,0.305,0.479,1.111
0.81,1.557,1.531,1.462,1.402,0.305,0.478,1.108
0.813,1.558,1.536,1.465,1.404,0.305,0.48,1.109
0.816,1.559,1.541,1.468,1.407,0.305,0.482,1.111
0.815,1.555,1.542,1.467,1.407,0.305,0.482,1.112
0.812,1.544,1.536,1.46,1.4,0.303,0.481,1.108
0.81,1.535,1.531,1.453,1.393,0.301,0.479,1.102
0.811,1.532,1.531,1.451,1.391,0.301,0.479,1.099
0.814,1.533,1.536,1.453,1.392,0.301,0.48,1.1
0.817,1.534,1.541,1.457,1.395,0.301,0.482,1.102
0.816,1.529,1.542,1.456,1.395,0.301,0.483,1.103
0.813,1.519,1.535,1.449,1.388,0.299,0.481,1.099
0.811,1.511,1.531,1.442,1.381,0.298,0.48,1.094
0.812,1.514,1.538,1.447,1.385,0.298,0.481,1.096
0.815,1.51,1.538,1.445,1.383,0.297,0.482,1.095
0.815,1.506,1.538,1.444,1.382,0.297,0.482,1.093
0.815,1.501,1.538,1.442,1.38,0.296,0.482,1.091
0.816,1.497,1.538,1.44,1.378,0.295,0.482,1.09
0.816,1.493,1.538,1.438,1.376,0.294,0.482,1.089
0.816,1.489,1.538,1.436,1.374,0.294,0.482,1.087
0.816,1.485,1.538,1.435,1.372,0.293,0.482,1.086
0.816,1.481,1.538,1.433,1.37,0.292,0.482,1.084
0.816,1.477,1.538,1.431,1.368,0.292,0.482,1.083
0.816,1.473,1.538,1.429,1.366,0.291,0.482,1.081
0.816,1.469,1.538,1.428,1.365,0.29,0.482,1.08
0.816,1.466,1.538,1.426,1.363,0.289,0.482,1.078
0.816,1.461,1.538,1.424,1.361,0.289,0.482,1.077
0.816,1.457,1.538,1.423,1.359,0.288,0.482,1.075
0.816,1.454,1.538,1.421,1.357,0.287,0.482,1.074
0.816,1.45,1.538,1.419,1.355,0.287,0.482,1.072
0.816,1.446,1.538,1.418,1.353,0.286,0.482,1.071
0.816,1.442,1.538,1.416,1.352,0.285,0.482,1.069
0.816,1.438,1.537,1.415,1.35,0.284,0.482,1.068
0.816,1.434,1.538,1.413,1.348,0.284,0.482,1.066
0.816,1.431,1.537,1.411,1.346,0.283,0.482,1.065
0.816,1.427,1.537,1.409,1.345,0.282,0.482,1.063
0.816,1.423,1.537,1.408,1.343,0.282,0.482,1.062
0.816,1.419,1.537,1.406,1.341,0.281,0.482,1.06
0.816,1.416,1.537,1.404,1.339,0.28,0.482,1.059
0.816,1.412,1.537,1.403,1.338,0.279,0.482,1.058
0.816,1.408,1.536,1.401,1.336,0.279,0.482,1.056
0.816,1.405,1.536,1.399,1.334,0.278,0.482,1.055
0.815,1.401,1.536,1.398,1.332,0.277,0.482,1.053
0.815,1.397,1.536,1.396,1.33,0.276,0.482,1.052
0.815,1.394,1.536,1.395,1.329,0.276,0.482,1.05
0.815,1.39,1.536,1.393,1.327,0.275,0.482,1.049
0.815,1.386,1.536,1.391,1.325,0.274,0.482,1.047
0.815,1.383,1.535,1.39,1.323,0.273,0.482,1.046
0.814,1.379,1.535,1.388,1.322,0.272,0.482,1.044
0.814,1.376,1.535,1.386,1.32,0.272,0.482,1.043
0.814,1.372,1.535,1.385,1.318,0.271,0.482,1.041
0.814,1.369,1.535,1.383,1.316,0.27,0.482,1.04
0.814,1.365,1.534,1.382,1.315,0.269,0.482,1.038
0.814,1.362,1.534,1.38,1.313,0.269,0.482,1.037
0.813,1.358,1.534,1.379,1.312,0.268,0.482,1.035
0.813,1.355,1.534,1.377,1.31,0.267,0.482,1.034
0.813,1.351,1.534,1.375,1.308,0.267,0.482,1.032
0.813,1.348,1.533,1.374,1.306,0.266,0.482,1.03
0.812,1.344,1.533,1.372,1.305,0.265,0.482,1.029
0.812,1.341,1.533,1.371,1.303,0.264,0.482,1.028
0.812,1.338,1.533,1.369,1.301,0.263,0.482,1.026
0.812,1.335,1.533,1.368,1.3,0.263,0.482,1.024
0.811,1.331,1.533,1.366,1.298,0.262,0.482,1.023
0.811,1.328,1.532,1.365,1.296,0.261,0.482,1.022
0.811,1.325,1.532,1.363,1.295,0.261,0.482,1.02
0.811,1.321,1.532,1.362,1.293,0.26,0.482,1.018
0.81,1.318,1.531,1.36,1.292,0.259,0.482,1.017
0.81,1.315,1.531,1.359,1.29,0.258,0.482,1.016
0.81,1.312,1.531,1.357,1.288,0.258,0.482,1.014
0.81,1.309,1.531,1.356,1.287,0.257,0.481,1.013
0.809,1.306,1.531,1.355,1.285,0.256,0.481,1.011
0.809,1.302,1.53,1.353,1.284,0.256,0.481,1.009
0.808,1.299,1.53,1.352,1.282,0.255,0.481,1.008
0.808,1.296,1.53,1.35,1.28,0.254,0.481,1.006
0.808,1.293,1.53,1.349,1.279,0.253,0.481,1.005
0.808,1.29,1.529,1.347,1.277,0.253,0.481,1.004
0.807,1.287,1.529,1.346,1.276,0.252,0.482,1.004
0.806,1.284,1.529,1.345,1.275,0.251,0.482,1.002
0.803,1.276,1.522,1.338,1.268,0.25,0.479,0.996
0.802,1.272,1.52,1.335,1.264,0.249,0.478,0.992
0.804,1.272,1.523,1.336,1.265,0.248,0.479,0.992
0.807,1.274,1.529,1.34,1.268,0.249,0.481,0.994
0.807,1.273,1.531,1.341,1.27,0.248,0.482,0.995
0.804,1.266,1.527,1.337,1.265,0.247,0.481,0.993
0.8,1.258,1.521,1.33,1.259,0.246,0.479,0.988
0.8,1.254,1.519,1.327,1.255,0.244,0.478,0.984
0.801,1.255,1.522,1.328,1.256,0.244,0.479,0.983
0.804,1.256,1.527,1.332,1.259,0.244,0.48,0.985
0.805,1.256,1.53,1.333,1.26,0.244,0.482,0.987
0.801,1.249,1.526,1.329,1.257,0.243,0.481,0.985
0.798,1.242,1.519,1.322,1.25,0.241,0.479,0.98
0.797,1.238,1.517,1.319,1.246,0.24,0.478,0.975
0.799,1.238,1.52,1.32,1.246,0.24,0.478,0.974
0.801,1.24,1.525,1.323,1.249,0.24,0.48,0.976
0.802,1.239,1.528,1.325,1.251,0.24,0.481,0.978
0.799,1.233,1.524,1.321,1.248,0.239,0.481,0.976
0.795,1.226,1.517,1.314,1.241,0.237,0.479,0.971
0.794,1.222,1.515,1.31,1.237,0.236,0.477,0.967
0.796,1.222,1.518,1.312,1.237,0.236,0.478,0.966
0.798,1.224,1.523,1.315,1.241,0.236,0.479,0.968
0.799,1.224,1.526,1.317,1.242,0.236,0.481,0.969
0.796,1.218,1.522,1.313,1.239,0.235,0.48,0.968
0.793,1.211,1.515,1.306,1.233,0.233,0.478,0.963
0.791,1.206,1.513,1.303,1.229,0.232,0.477,0.958
0.793,1.207,1.515,1.304,1.229,0.232,0.477,0.957
0.795,1.208,1.52,1.307,1.232,0.232,0.479,0.959
0.796,1.208,1.524,1.309,1.234,0.232,0.48,0.961
0.793,1.203,1.52,1.306,1.231,0.231,0.48,0.96
0.789,1.196,1.514,1.299,1.224,0.23,0.478,0.954
0.788,1.191,1.51,1.295,1.22,0.229,0.476,0.95
0.789,1.192,1.513,1.296,1.22,0.228,0.477,0.949
0.792,1.193,1.518,1.299,1.223,0.228,0.478,0.951
0.793,1.194,1.521,1.302,1.225,0.229,0.479,0.953
0.79,1.189,1.518,1.298,1.223,0.227,0.479,0.951
0.786,1.181,1.511,1.291,1.216,0.226,0.477,0.946
0.785,1.177,1.508,1.287,1.212,0.225,0.476,0.942
0.786,1.177,1.51,1.288,1.212,0.224,0.476,0.941
0.789,1.179,1.515,1.292,1.215,0.225,0.477,0.942
0.79,1.18,1.519,1.294,1.217,0.225,0.479,0.944
0.787,1.175,1.516,1.291,1.215,0.224,0.479,0.943
0.783,1.167,1.509,1.284,1.208,0.222,0.477,0.938
0.781,1.163,1.506,1.28,1.204,0.221,0.475,0.934
0.783,1.163,1.508,1.281,1.204,0.221,0.475,0.933
0.785,1.165,1.513,1.284,1.206,0.221,0.477,0.934
0.786,1.166,1.517,1.286,1.209,0.221,0.478,0.936
0.783,1.161,1.514,1.284,1.207,0.22,0.478,0.935
0.779,1.154,1.507,1.278,1.2,0.219,0.476,0.93
0.778,1.15,1.504,1.273,1.196,0.218,0.475,0.926
0.779,1.15,1.506,1.273,1.196,0.217,0.475,0.925
0.781,1.151,1.51,1.276,1.198,0.217,0.476,0.926
0.782,1.152,1.514,1.279,1.201,0.218,0.478,0.928
0.78,1.148,1.512,1.277,1.199,0.217,0.478,0.928
0.776,1.141,1.505,1.27,1.192,0.216,0.476,0.923
0.774,1.137,1.501,1.266,1.188,0.214,0.474,0.919
0.775,1.136,1.503,1.266,1.188,0.214,0.474,0.917
0.778,1.138,1.508,1.269,1.19,0.214,0.475,0.918
0.779,1.139,1.511,1.272,1.193,0.214,0.477,0.92
0.777,1.137,1.507,1.267,1.189,0.213,0.476,0.918
0.775,1.132,1.507,1.266,1.187,0.213,0.476,0.916
0.775,1.13,1.506,1.265,1.186,0.212,0.476,0.915
0.774,1.128,1.506,1.264,1.185,0.212,0.476,0.914
0.773,1.126,1.505,1.263,1.183,0.211,0.475,0.912
0.773,1.124,1.505,1.262,1.182,0.21,0.476,0.911
0.772,1.122,1.505,1.26,1.181,0.21,0.475,0.91
0.772,1.12,1.504,1.259,1.179,0.21,0.475,0.909
0.771,1.118,1.504,1.258,1.178,0.209,0.475,0.908
0.77,1.116,1.503,1.257,1.177,0.208,0.475,0.906
0.77,1.114,1.503,1.256,1.176,0.208,0.475,0.905
0.769,1.112,1.502,1.255,1.175,0.207,0.475,0.904
0.769,1.11,1.502,1.254,1.173,0.207,0.475,0.903
0.768,1.108,1.502,1.253,1.172,0.206,0.475,0.902
0.767,1.106,1.501,1.252,1.171,0.206,0.474,0.9
0.767,1.104,1.501,1.25,1.17,0.205,0.474,0.899
0.766,1.102,1.5,1.249,1.168,0.205,0.474,0.898
0.765,1.1,1.5,1.248,1.167,0.204,0.474,0.897
0.765,1.098,1.5,1.247,1.166,0.204,0.474,0.895
0.764,1.097,1.499,1.246,1.165,0.203,0.474,0.894
0.763,1.095,1.499,1.245,1.164,0.203,0.474,0.893
0.763,1.093,1.498,1.244,1.162,0.202,0.474,0.892
0.762,1.091,1.498,1.243,1.161,0.202,0.474,0.891
0.761,1.089,1.497,1.242,1.16,0.201,0.474,0.89
0.761,1.088,1.497,1.241,1.159,0.201,0.473,0.888
0.76,1.086,1.497,1.24,1.158,0.2,0.473,0.887
0.759,1.084,1.496,1.238,1.157,0.2,0.473,0.886
0.759,1.082,1.496,1.237,1.155,0.199,0.473,0.885
0.758,1.081,1.495,1.236,1.154,0.199,0.473,0.884
0.758,1.079,1.495,1.235,1.153,0.198,0.473,0.882
0.757,1.077,1.495,1.234,1.152,0.198,0.473,0.881
0.756,1.076,1.494,1.233,1.151,0.197,0.473,0.88
0.755,1.074,1.494,1.232,1.15,0.197,0.473,0.879
0.755,1.072,1.493,1.231,1.148,0.197,0.473,0.878
0.754,1.07,1.493,1.23,1.147,0.196,0.472,0.877
0.754,1.069,1.492,1.229,1.146,0.196,0.472,0.876
0.753,1.067,1.492,1.228,1.145,0.195,0.472,0.875
0.752,1.065,1.491,1.227,1.144,0.195,0.472,0.874
0.751,1.063,1.491,1.226,1.142,0.194,0.472,0.872
0.751,1.062,1.49,1.225,1.141,0.194,0.472,0.871
0.75,1.06,1.49,1.224,1.14,0.193,0.472,0.87
0.749,1.058,1.489,1.223,1.139,0.193,0.472,0.869
0.749,1.057,1.489,1.222,1.138,0.192,0.471,0.868
0.748,1.055,1.488,1.221,1.137,0.192,0.471,0.867
0.747,1.054,1.488,1.219,1.136,0.192,0.471,0.866
0.747,1.052,1.488,1.219,1.135,0.191,0.471,0.865
0.746,1.051,1.487,1.218,1.134,0.191,0.471,0.863
0.745,1.049,1.487,1.217,1.133,0.19,0.471,0.862
0.745,1.047,1.486,1.216,1.131,0.19,0.471,0.861
0.744,1.046,1.486,1.215,1.13,0.189,0.471,0.86
0.743,1.044,1.485,1.214,1.129,0.189,0.471,0.859
0.743,1.042,1.485,1.213,1.128,0.189,0.47,0.858
0.742,1.041,1.484,1.212,1.127,0.188,0.47,0.857
0.741,1.039,1.484,1.211,1.126,0.188,0.47,0.856
0.741,1.038,1.483,1.209,1.125,0.187,0.47,0.855
0.74,1.036,1.483,1.208,1.124,0.187,0.47,0.854
0.739,1.035,1.482,1.207,1.123,0.187,0.47,0.853
0.739,1.033,1.482,1.207,1.122,0.186,0.47,0.852
0.738,1.032,1.481,1.205,1.12,0.186,0.47,0.851
0.737,1.03,1.481,1.205,1.119,0.185,0.469,0.85
0.737,1.029,1.48,1.204,1.118,0.185,0.469,0.849
0.736,1.027,1.48,1.203,1.118,0.185,0.469,0.848
0.735,1.026,1.479,1.201,1.116,0.184,0.469,0.846
0.734,1.024,1.479,1.201,1.115,0.184,0.469,0.845
0.734,1.023,1.478,1.2,1.114,0.183,0.469,0.844
0.733,1.021,1.478,1.199,1.113,0.183,0.469,0.843
0.733,1.02,1.478,1.198,1.112,0.183,0.469,0.842
0.732,1.019,1.477,1.197,1.111,0.182,0.469,0.841
0.731,1.017,1.477,1.196,1.11,0.182,0.468,0.84
0.73,1.016,1.476,1.195,1.109,0.181,0.468,0.839
0.73,1.015,1.476,1.194,1.108,0.181,0.468,0.838
0.729,1.013,1.475,1.193,1.107,0.181,0.468,0.837
0.728,1.012,1.475,1.192,1.106,0.18,0.468,0.836
0.728,1.01,1.474,1.191,1.105,0.18,0.468,0.835
0.727,1.009,1.474,1.19,1.104,0.18,0.468,0.834
0.726,1.007,1.473,1.189,1.103,0.179,0.468,0.833
0.725,1.006,1.472,1.189,1.102,0.179,0.467,0.832
0.725,1.005,1.472,1.188,1.101,0.178,0.467,0.831
0.724,1.003,1.472,1.187,1.1,0.178,0.467,0.83
0.723,1.002,1.471,1.186,1.099,0.178,0.467,0.829
0.723,1.0,1.47,1.185,1.098,0.177,0.467,0.828
0.722,0.999,1.47,1.184,1.097,0.177,0.467,0.827
0.721,0.998,1.47,1.183,1.096,0.177,0.467,0.826
0.721,0.997,1.469,1.182,1.095,0.176,0.467,0.825
0.72,0.995,1.469,1.181,1.094,0.176,0.466,0.824
0.719,0.994,1.468,1.18,1.093,0.175,0.466,0.823
0.719,0.993,1.468,1.179,1.092,0.175,0.466,0.822
0.718,0.992,1.467,1.179,1.091,0.175,0.466,0.821
0.717,0.99,1.467,1.177,1.09,0.175,0.466,0.82
0.717,0.989,1.466,1.177,1.089,0.174,0.466,0.819
0.716,0.988,1.466,1.176,1.088,0.174,0.466,0.818
0.715,0.986,1.465,1.175,1.087,0.173,0.466,0.817
0.715,0.985,1.465,1.174,1.086,0.173,0.466,0.817
0.714,0.984,1.464,1.173,1.085,0.173,0.465,0.816
0.713,0.983,1.464,1.172,1.084,0.172,0.465,0.815
0.712,0.981,1.463,1.171,1.083,0.172,0.465,0.814
0.712,0.98,1.462,1.171,1.082,0.172,0.465,0.813
0.711,0.979,1.462,1.17,1.081,0.171,0.465,0.812
0.711,0.978,1.462,1.169,1.08,0.171,0.465,0.811
0.71,0.977,1.461,1.168,1.079,0.171,0.465,0.81
0.709,0.975,1.461,1.167,1.078,0.17,0.465,0.809
0.708,0.974,1.46,1.166,1.077,0.17,0.464,0.808
0.708,0.973,1.46,1.165,1.077,0.17,0.464,0.807
0.707,0.972,1.459,1.165,1.076,0.169,0.464,0.807
0.706,0.971,1.459,1.164,1.075,0.169,0.464,0.806
0.706,0.97,1.458,1.163,1.074,0.169,0.464,0.805
0.705,0.968,1.458,1.162,1.073,0.168,0.464,0.804
0.704,0.967,1.457,1.161,1.072,0.168,0.464,0.803
0.704,0.966,1.457,1.16,1.071,0.168,0.464,0.802
0.703,0.965,1.456,1.16,1.07,0.167,0.463,0.801
0.702,0.964,1.456,1.159,1.069,0.167,0.463,0.8
0.702,0.963,1.455,1.158,1.068,0.167,0.463,0.799
0.701,0.961,1.455,1.157,1.068,0.167,0.463,0.798
0.7,0.96,1.454,1.156,1.067,0.166,0.463,0.798
0.7,0.959,1.454,1.155,1.066,0.166,0.463,0.797
0.699,0.958,1.453,1.155,1.065,0.166,0.463,0.796
0.698,0.957,1.452,1.154,1.064,0.165,0.463,0.795
0.698,0.956,1.452,1.153,1.063,0.165,0.463,0.794
0.697,0.955,1.451,1.152,1.062,0.165,0.462,0.793
0.696,0.954,1.451,1.151,1.061,0.164,0.462,0.792
0.696,0.953,1.45,1.151,1.06,0.164,0.462,0.791
0.695,0.952,1.45,1.15,1.06,0.164,0.462,0.791
0.694,0.951,1.449,1.149,1.059,0.164,0.462,0.79
0.694,0.95,1.449,1.148,1.058,0.163,0.462,0.789
0.693,0.948,1.448,1.148,1.057,0.163,0.462,0.788
0.692,0.947,1.448,1.147,1.056,0.163,0.462,0.787
0.692,0.946,1.447,1.146,1.055,0.163,0.461,0.786
0.691,0.945,1.447,1.145,1.054,0.162,0.461,0.785
0.69,0.944,1.446,1.144,1.054,0.162,0.461,0.785
0.69,0.943,1.446,1.144,1.053,0.162,0.461,0.784
0.689,0.942,1.445,1.143,1.052,0.161,0.461,0.783
0.688,0.941,1.445,1.142,1.051,0.161,0.461,0.782
0.688,0.94,1.444,1.141,1.05,0.161,0.461,0.781
0.687,0.939,1.444,1.141,1.049,0.161,0.46,0.78
0.686,0.938,1.443,1.14,1.048,0.16,0.46,0.78
0.686,0.937,1.443,1.139,1.048,0.16,0.46,0.779
0.685,0.936,1.442,1.138,1.047,0.16,0.46,0.778
0.684,0.935,1.442,1.137,1.046,0.159,0.46,0.777
0.684,0.934,1.441,1.137,1.045,0.159,0.46,0.776
0.683,0.933,1.441,1.136,1.044,0.159,0.46,0.776
0.682,0.932,1.441,1.135,1.044,0.159,0.46,0.775
0.682,0.931,1.44,1.134,1.043,0.159,0.46,0.774
0.681,0.93,1.439,1.134,1.042,0.158,0.459,0.773
0.681,0.93,1.439,1.133,1.041,0.158,0.459,0.773
0.68,0.928,1.438,1.132,1.04,0.158,0.459,0.772
0.679,0.928,1.438,1.131,1.04,0.157,0.459,0.771
0.679,0.927,1.437,1.131,1.039,0.157,0.459,0.77
0.678,0.925,1.437,1.13,1.038,0.157,0.459,0.769
0.677,0.925,1.436,1.129,1.037,0.157,0.459,0.768
0.677,0.924,1.436,1.129,1.036,0.156,0.458,0.768
0.676,0.923,1.435,1.128,1.035,0.156,0.458,0.767
0.675,0.922,1.434,1.127,1.035,0.156,0.458,0.766
0.674,0.921,1.434,1.126,1.034,0.156,0.458,0.765
0.674,0.92,1.433,1.126,1.033,0.155,0.458,0.765
0.673,0.919,1.433,1.125,1.032,0.155,0.458,0.764
0.673,0.918,1.433,1.124,1.031,0.155,0.458,0.763
0.672,0.917,1.432,1.123,1.031,0.155,0.458,0.762
0.671,0.916,1.432,1.123,1.03,0.154,0.458,0.761
0.671,0.915,1.431,1.122,1.029,0.154,0.458,0.761
0.67,0.914,1.43,1.121,1.028,0.154,0.457,0.76
0.669,0.914,1.43,1.121,1.028,0.154,0.457,0.759
0.669,0.913,1.429,1.12,1.027,0.153,0.457,0.758
0.668,0.912,1.429,1.119,1.026,0.153,0.457,0.758
0.668,0.911,1.428,1.118,1.025,0.153,0.457,0.757
0.667,0.91,1.428,1.118,1.024,0.153,0.457,0.756
0.666,0.91,1.427,1.117,1.024,0.152,0.457,0.755
0.666,0.909,1.427,1.116,1.023,0.152,0.456,0.755
0.665,0.908,1.426,1.116,1.022,0.152,0.456,0.754
0.664,0.907,1.426,1.115,1.021,0.152,0.456,0.753
0.664,0.906,1.425,1.114,1.021,0.151,0.456,0.752
0.663,0.905,1.425,1.114,1.02,0.151,0.456,0.752
0.663,0.904,1.424,1.113,1.019,0.151,0.456,0.751
0.662,0.904,1.424,1.112,1.018,0.151,0.456,0.75
0.661,0.903,1.423,1.112,1.018,0.151,0.455,0.749
0.661,0.902,1.423,1.111,1.017,0.151,0.455,0.749
0.66,0.901,1.422,1.11,1.016,0.15,0.455,0.748
0.66,0.9,1.422,1.11,1.015,0.15,0.455,0.747
0.659,0.899,1.421,1.109,1.015,0.15,0.455,0.747
0.658,0.899,1.421,1.108,1.014,0.15,0.455,0.746
0.658,0.898,1.42,1.108,1.013,0.149,0.455,0.745
0.657,0.897,1.42,1.107,1.012,0.149,0.454,0.744
0.656,0.896,1.419,1.106,1.012,0.149,0.454,0.744
0.656,0.895,1.419,1.106,1.011,0.149,0.454,0.743
0.655,0.895,1.418,1.105,1.01,0.149,0.454,0.742
0.655,0.894,1.418,1.104,1.009,0.148,0.454,0.741
0.654,0.893,1.417,1.104,1.009,0.148,0.454,0.741
0.653,0.892,1.417,1.103,1.008,0.148,0.454,0.74
0.653,0.891,1.416,1.102,1.007,0.147,0.454,0.739
0.652,0.891,1.416,1.102,1.007,0.147,0.454,0.739
0.652,0.89,1.415,1.101,1.006,0.147,0.454,0.738
0.651,0.889,1.414,1.1,1.005,0.147,0.453,0.737
0.65,0.888,1.414,1.1,1.004,0.147,0.453,0.737
0.65,0.888,1.414,1.099,1.004,0.147,0.453,0.736
0.649,0.887,1.413,1.099,1.003,0.146,0.453,0.735
0.649,0.886,1.412,1.098,1.002,0.146,0.453,0.735
0.648,0.885,1.412,1.097,1.002,0.146,0.453,0.734
0.647,0.885,1.412,1.097,1.001,0.146,0.453,0.733
0.647,0.884,1.411,1.096,1.0,0.146,0.453,0.733
0.646,0.883,1.41,1.096,1.0,0.145,0.452,0.732
0.646,0.883,1.41,1.095,0.999,0.145,0.452,0.731
0.645,0.882,1.41,1.094,0.998,0.145,0.452,0.731
0.644,0.881,1.409,1.094,0.997,0.145,0.452,0.73
0.644,0.88,1.409,1.093,0.997,0.145,0.452,0.729
0.643,0.88,1.408,1.092,0.996,0.144,0.452,0.728
0.643,0.879,1.408,1.092,0.995,0.144,0.452,0.728
0.642,0.878,1.407,1.091,0.995,0.144,0.451,0.727
0.642,0.878,1.406,1.091,0.994,0.144,0.451,0.726
0.641,0.877,1.406,1.09,0.994,0.144,0.451,0.726
0.64,0.876,1.406,1.089,0.993,0.143,0.451,0.725
0.64,0.876,1.405,1.089,0.993,0.143,0.451,0.724
0.639,0.875,1.405,1.088,0.992,0.143,0.451,0.724
0.639,0.874,1.404,1.087,0.991,0.143,0.451,0.723
0.638,0.874,1.404,1.087,0.99,0.143,0.451,0.722
0.637,0.873,1.403,1.086,0.99,0.143,0.45,0.722
0.637,0.872,1.403,1.086,0.989,0.142,0.451,0.721
0.636,0.871,1.402,1.085,0.988,0.142,0.45,0.721
0.636,0.871,1.402,1.085,0.988,0.142,0.45,0.72
0.635,0.87,1.401,1.084,0.987,0.142,0.45,0.719
0.635,0.869,1.401,1.083,0.987,0.142,0.45,0.719
0.634,0.869,1.4,1.083,0.986,0.142,0.45,0.718
0.634,0.868,1.4,1.082,0.985,0.141,0.45,0.717
0.633,0.867,1.399,1.081,0.985,0.141,0.45,0.717
0.632,0.867,1.398,1.081,0.984,0.141,0.45,0.716
0.632,0.866,1.398,1.08,0.984,0.141,0.449,0.716
0.631,0.866,1.397,1.08,0.983,0.141,0.449,0.715
0.631,0.865,1.397,1.079,0.982,0.14,0.449,0.714
0.63,0.864,1.397,1.078,0.982,0.14,0.449,0.714
0.63,0.863,1.396,1.078,0.981,0.14,0.449,0.713
0.629,0.863,1.396,1.077,0.98,0.14,0.449,0.712
0.628,0.862,1.395,1.077,0.98,0.14,0.449,0.712
0.628,0.861,1.395,1.076,0.979,0.14,0.449,0.711
0.627,0.861,1.394,1.075,0.978,0.139,0.448,0.711
0.627,0.86,1.394,1.075,0.978,0.139,0.448,0.71
0.626,0.86,1.393,1.074,0.977,0.139,0.448,0.709
0.626,0.859,1.393,1.074,0.977,0.139,0.448,0.709
0.625,0.858,1.392,1.073,0.976,0.139,0.448,0.708
0.625,0.858,1.392,1.073,0.976,0.139,0.448,0.708
0.624,0.857,1.391,1.072,0.975,0.139,0.448,0.707
0.624,0.856,1.39,1.071,0.974,0.138,0.448,0.706
0.623,0.856,1.39,1.071,0.974,0.138,0.447,0.706
0.623,0.855,1.39,1.07,0.973,0.138,0.447,0.705
0.622,0.854,1.389,1.07,0.972,0.138,0.447,0.705
0.621,0.854,1.389,1.069,0.972,0.138,0.447,0.704
0.621,0.853,1.388,1.068,0.972,0.138,0.447,0.703
0.62,0.852,1.388,1.068,0.971,0.137,0.447,0.703
0.62,0.852,1.387,1.067,0.97,0.137,0.447,0.702
0.619,0.851,1.387,1.067,0.97,0.137,0.447,0.702
0.619,0.851,1.386,1.066,0.969,0.137,0.446,0.701
0.618,0.85,1.386,1.066,0.969,0.137,0.446,0.7
0.618,0.85,1.385,1.065,0.968,0.137,0.446,0.7
0.617,0.849,1.385,1.065,0.967,0.136,0.446,0.699
0.617,0.848,1.384,1.064,0.967,0.136,0.446,0.699
0.616,0.848,1.383,1.063,0.966,0.136,0.446,0.698
0.616,0.847,1.383,1.063,0.965,0.136,0.446,0.698
0.615,0.847,1.382,1.063,0.965,0.136,0.446,0.697
0.615,0.846,1.382,1.062,0.964,0.136,0.445,0.697
0.614,0.846,1.382,1.062,0.964,0.135,0.445,0.696
0.614,0.845,1.381,1.061,0.963,0.136,0.445,0.696
0.613,0.845,1.381,1.061,0.963,0.135,0.445,0.695
0.613,0.844,1.38,1.06,0.962,0.135,0.445,0.694
0.612,0.844,1.38,1.06,0.961,0.135,0.445,0.694
0.611,0.843,1.379,1.059,0.961,0.135,0.445,0.693
0.611,0.842,1.379,1.059,0.96,0.135,0.445,0.693
0.611,0.842,1.378,1.058,0.96,0.135,0.444,0.692
0.61,0.841,1.378,1.058,0.959,0.134,0.445,0.691
0.61,0.841,1.377,1.057,0.959,0.134,0.444,0.691
0.609,0.84,1.377,1.057,0.958,0.134,0.444,0.691
0.608,0.84,1.376,1.056,0.957,0.134,0.444,0.69
0.608,0.839,1.376,1.056,0.957,0.134,0.444,0.689
0.607,0.839,1.375,1.055,0.956,0.134,0.444,0.689
0.607,0.838,1.375,1.055,0.956,0.133,0.444,0.688
0.606,0.838,1.374,1.054,0.955,0.133,0.444,0.688
0.606,0.837,1.374,1.054,0.955,0.133,0.444,0.687
0.605,0.837,1.373,1.054,0.954,0.133,0.443,0.686
0.605,0.836,1.373,1.053,0.954,0.133,0.443,0.686
0.604,0.836,1.372,1.053,0.953,0.133,0.443,0.685
0.604,0.836,1.372,1.052,0.953,0.133,0.443,0.685
0.603,0.835,1.371,1.052,0.952,0.133,0.443,0.684
0.603,0.835,1.371,1.051,0.952,0.132,0.443,0.684
0.602,0.834,1.37,1.051,0.951,0.132,0.443,0.683
0.602,0.834,1.37,1.05,0.951,0.132,0.443,0.683
0.601,0.833,1.37,1.05,0.95,0.132,0.442,0.682
0.601,0.833,1.369,1.05,0.949,0.132,0.442,0.681
0.6,0.832,1.368,1.049,0.949,0.132,0.442,0.681
0.6,0.832,1.368,1.049,0.949,0.132,0.442,0.681
0.599,0.831,1.368,1.048,0.948,0.132,0.442,0.68
0.599,0.831,1.367,1.048,0.947,0.131,0.442,0.679
0.598,0.83,1.367,1.047,0.947,0.131,0.442,0.679
0.598,0.83,1.366,1.047,0.946,0.131,0.442,0.678
0.597,0.829,1.366,1.046,0.946,0.131,0.441,0.678
0.597,0.829,1.365,1.046,0.945,0.131,0.441,0.677
0.596,0.828,1.365,1.045,0.945,0.131,0.441,0.677
0.596,0.828,1.364,1.045,0.944,0.131,0.441,0.676
0.595,0.827,1.364,1.044,0.944,0.131,0.441,0.676
0.595,0.827,1.363,1.044,0.943,0.13,0.441,0.675
0.595,0.826,1.363,1.044,0.942,0.13,0.441,0.675
0.594,0.826,1.362,1.043,0.942,0.13,0.441,0.674
0.594,0.825,1.362,1.043,0.941,0.13,0.44,0.674
0.593,0.825,1.361,1.042,0.94,0.13,0.44,0.674
0.593,0.824,1.361,1.042,0.94,0.13,0.44,0.673
0.592,0.823,1.361,1.041,0.94,0.13,0.44,0.672
0.592,0.823,1.36,1.041,0.939,0.13,0.44,0.672
0.591,0.823,1.36,1.041,0.938,0.129,0.44,0.672
0.591,0.822,1.359,1.04,0.938,0.129,0.44,0.671
0.591,0.822,1.359,1.04,0.937,0.129,0.44,0.671
0.59,0.821,1.358,1.039,0.937,0.129,0.44,0.67
0.59,0.821,1.358,1.039,0.936,0.129,0.439,0.669
0.589,0.82,1.357,1.039,0.936,0.129,0.439,0.669
0.589,0.82,1.357,1.038,0.935,0.129,0.439,0.669
0.588,0.819,1.356,1.038,0.935,0.129,0.439,0.668
0.588,0.819,1.356,1.037,0.934,0.128,0.439,0.668
0.587,0.818,1.355,1.037,0.934,0.128,0.439,0.667
0.587,0.818,1.355,1.036,0.933,0.128,0.439,0.667
0.586,0.818,1.355,1.036,0.933,0.128,0.439,0.666
0.586,0.817,1.354,1.035,0.932,0.128,0.439,0.666
0.586,0.817,1.354,1.035,0.932,0.128,0.438,0.666
0.585,0.816,1.353,1.035,0.931,0.128,0.438,0.665
0.585,0.816,1.353,1.034,0.931,0.128,0.438,0.664
0.584,0.816,1.352,1.034,0.93,0.127,0.438,0.664
0.584,0.815,1.352,1.033,0.93,0.127,0.438,0.664
0.583,0.815,1.352,1.033,0.929,0.127,0.438,0.663
0.583,0.814,1.351,1.032,0.929,0.127,0.438,0.663
0.582,0.814,1.351,1.032,0.928,0.127,0.438,0.662
0.582,0.813,1.35,1.032,0.928,0.127,0.437,0.662
0.581,0.813,1.35,1.031,0.927,0.127,0.437,0.661
0.581,0.813,1.349,1.03,0.927,0.127,0.437,0.661
0.581,0.812,1.348,1.03,0.926,0.127,0.437,0.66
0.58,0.812,1.348,1.03,0.926,0.126,0.437,0.66
0.58,0.811,1.348,1.029,0.925,0.127,0.437,0.659
0.579,0.811,1.347,1.029,0.925,0.126,0.437,0.659
0.579,0.81,1.347,1.028,0.924,0.126,0.437,0.659
0.578,0.81,1.346,1.028,0.924,0.126,0.437,0.658
0.578,0.81,1.346,1.027,0.923,0.126,0.436,0.658
0.577,0.809,1.345,1.027,0.923,0.126,0.436,0.657
0.577,0.809,1.345,1.027,0.922,0.126,0.436,0.657
0.577,0.808,1.345,1.026,0.922,0.126,0.436,0.656
0.576,0.808,1.344,1.026,0.922,0.126,0.436,0.656
0.576,0.808,1.344,1.025,0.921,0.125,0.436,0.656
0.575,0.807,1.343,1.025,0.921,0.125,0.436,0.655
0.575,0.807,1.343,1.025,0.92,0.125,0.436,0.655
0.574,0.806,1.342,1.024,0.92,0.125,0.436,0.654
0.574,0.806,1.342,1.024,0.919,0.125,0.436,0.654
0.573,0.805,1.341,1.023,0.919,0.125,0.435,0.653
0.573,0.805,1.341,1.023,0.918,0.125,0.435,0.653
0.573,0.804,1.34,1.022,0.918,0.125,0.435,0.653
0.572,0.804,1.34,1.022,0.917,0.125,0.435,0.652
0.572,0.803,1.34,1.021,0.917,0.125,0.435,0.652
0.571,0.803,1.339,1.021,0.917,0.124,0.435,0.651
0.571,0.803,1.339,1.02,0.916,0.124,0.435,0.651
0.57,0.802,1.338,1.02,0.916,0.124,0.435,0.65
0.57,0.802,1.338,1.02,0.915,0.124,0.435,0.65
0.57,0.801,1.337,1.019,0.915,0.124,0.434,0.649
0.569,0.801,1.337,1.019,0.914,0.124,0.434,0.649
0.569,0.8,1.337,1.018,0.914,0.124,0.434,0.649
0.568,0.8,1.336,1.018,0.913,0.124,0.434,0.648
0.568,0.799,1.336,1.017,0.913,0.124,0.434,0.648
0.568,0.799,1.335,1.017,0.912,0.124,0.434,0.647
0.567,0.799,1.335,1.016,0.912,0.123,0.434,0.647
0.567,0.798,1.334,1.016,0.911,0.123,0.434,0.647
0.566,0.798,1.334,1.016,0.911,0.123,0.434,0.646
0.566,0.797,1.333,1.015,0.911,0.123,0.433,0.646
0.565,0.797,1.333,1.015,0.91,0.123,0.433,0.645
0.565,0.796,1.332,1.014,0.91,0.123,0.433,0.645
0.565,0.796,1.332,1.014,0.909,0.123,0.433,0.644
0.564,0.796,1.332,1.013,0.909,0.123,0.433,0.644
0.564,0.795,1.331,1.013,0.908,0.123,0.433,0.644
0.563,0.795,1.331,1.013,0.908,0.123,0.433,0.643
0.563,0.794,1.33,1.012,0.907,0.122,0.433,0.643
0.563,0.794,1.33,1.012,0.907,0.122,0.433,0.642
0.562,0.794,1.329,1.011,0.906,0.122,0.432,0.642
0.562,0.793,1.329,1.011,0.906,0.122,0.432,0.642
0.561,0.793,1.328,1.011,0.906,0.122,0.432,0.641
0.561,0.792,1.328,1.01,0.905,0.122,0.432,0.641
0.561,0.792,1.328,1.01,0.905,0.122,0.432,0.64
0.56,0.792,1.327,1.009,0.904,0.122,0.432,0.64
0.56,0.791,1.327,1.009,0.904,0.122,0.432,0.64
0.56,0.791,1.326,1.009,0.904,0.122,0.432,0.639
0.559,0.79,1.326,1.008,0.903,0.122,0.432,0.639
0.559,0.79,1.325,1.008,0.903,0.122,0.431,0.638
0.558,0.79,1.325,1.007,0.902,0.121,0.431,0.638
0.558,0.789,1.325,1.007,0.902,0.121,0.431,0.637
0.557,0.789,1.324,1.007,0.902,0.121,0.431,0.637
0.557,0.788,1.324,1.006,0.901,0.121,0.431,0.637
0.557,0.788,1.323,1.006,0.901,0.121,0.431,0.636
0.556,0.788,1.323,1.005,0.9,0.121,0.431,0.636
0.556,0.787,1.322,1.005,0.9,0.121,0.431,0.635
0.555,0.787,1.322,1.004,0.899,0.121,0.431,0.635
0.555,0.786,1.321,1.004,0.899,0.121,0.43,0.634
0.555,0.786,1.321,1.003,0.898,0.121,0.43,0.634
0.554,0.785,1.321,1.003,0.898,0.121,0.43,0.634
0.554,0.785,1.32,1.002,0.897,0.12,0.43,0.633
0.554,0.784,1.319,1.002,0.897,0.12,0.43,0.633
0.553,0.784,1.319,1.001,0.896,0.12,0.43,0.633
0.553,0.783,1.319,1.001,0.896,0.12,0.43,0.632
0.552,0.783,1.318,1.0,0.895,0.12,0.43,0.632
0.552,0.783,1.318,1.0,0.895,0.12,0.43,0.631
0.552,0.782,1.317,0.999,0.895,0.12,0.43,0.631
0.551,0.782,1.317,0.999,0.894,0.12,0.43,0.631
0.551,0.781,1.317,0.999,0.894,0.12,0.429,0.63
0.55,0.781,1.316,0.998,0.893,0.12,0.429,0.63
0.55,0.78,1.316,0.997,0.893,0.12,0.429,0.63
0.55,0.78,1.315,0.997,0.892,0.119,0.429,0.629
0.549,0.779,1.315,0.996,0.892,0.119,0.429,0.629
0.549,0.779,1.314,0.996,0.891,0.119,0.429,0.628
0.549,0.779,1.314,0.995,0.891,0.119,0.429,0.628
0.548,0.778,1.313,0.995,0.891,0.119,0.429,0.628
0.548,0.778,1.313,0.995,0.89,0.119,0.429,0.627
0.547,0.777,1.313,0.994,0.89,0.119,0.428,0.627
0.547,0.777,1.312,0.993,0.889,0.119,0.428,0.627
0.547,0.776,1.312,0.993,0.889,0.119,0.428,0.626
0.547,0.776,1.311,0.993,0.889,0.119,0.428,0.626
0.546,0.775,1.311,0.992,0.888,0.119,0.428,0.626
0.546,0.775,1.31,0.992,0.887,0.118,0.428,0.625
0.546,0.775,1.31,0.991,0.887,0.118,0.428,0.625
0.545,0.774,1.309,0.991,0.887,0.118,0.428,0.624
0.545,0.774,1.309,0.99,0.887,0.118,0.428,0.624
0.544,0.773,1.309,0.99,0.886,0.118,0.427,0.624
0.544,0.773,1.308,0.99,0.886,0.118,0.427,0.623
0.544,0.772,1.308,0.989,0.886,0.118,0.427,0.623
0.543,0.772,1.307,0.989,0.885,0.118,0.427,0.623
0.543,0.772,1.307,0.988,0.885,0.118,0.427,0.622
0.543,0.771,1.306,0.988,0.884,0.118,0.427,0.622
0.542,0.771,1.306,0.987,0.884,0.118,0.427,0.622
0.542,0.77,1.305,0.987,0.883,0.117,0.427,0.621
0.541,0.77,1.305,0.987,0.883,0.117,0.427,0.621
0.541,0.77,1.305,0.986,0.883,0.117,0.427,0.621
0.541,0.769,1.304,0.986,0.882,0.117,0.426,0.62
0.54,0.769,1.304,0.986,0.882,0.117,0.426,0.62
0.54,0.768,1.303,0.985,0.882,0.117,0.426,0.619
0.54,0.768,1.303,0.985,0.881,0.117,0.426,0.619
0.539,0.768,1.302,0.985,0.881,0.117,0.426,0.619
0.539,0.767,1.302,0.984,0.881,0.117,0.426,0.618
0.539,0.767,1.301,0.984,0.88,0.117,0.426,0.618
0.538,0.766,1.301,0.984,0.88,0.117,0.426,0.617
0.538,0.766,1.301,0.983,0.88,0.117,0.426,0.617
0.537,0.766,1.3,0.983,0.879,0.117,0.425,0.617
0.537,0.765,1.3,0.983,0.879,0.117,0.425,0.617
0.537,0.765,1.299,0.983,0.879,0.117,0.425,0.616
0.536,0.765,1.299,0.982,0.878,0.117,0.425,0.616
0.536,0.764,1.298,0.982,0.878,0.116,0.425,0.616
0.536,0.764,1.298,0.981,0.878,0.116,0.425,0.615
0.536,0.764,1.298,0.981,0.877,0.116,0.425,0.615
0.535,0.763,1.297,0.981,0.877,0.116,0.425,0.614
0.535,0.763,1.297,0.981,0.877,0.116,0.425,0.614
0.534,0.763,1.296,0.98,0.876,0.116,0.425,0.614
0.534,0.763,1.296,0.98,0.876,0.116,0.425,0.613
0.534,0.762,1.295,0.98,0.876,0.116,0.424,0.613
0.533,0.762,1.295,0.979,0.875,0.116,0.424,0.613
0.533,0.762,1.295,0.979,0.875,0.116,0.424,0.613
0.533,0.761,1.294,0.979,0.875,0.116,0.424,0.612
0.532,0.761,1.294,0.978,0.875,0.115,0.424,0.612
0.532,0.761,1.293,0.978,0.874,0.115,0.424,0.612
0.532,0.76,1.293,0.977,0.874,0.115,0.424,0.611
0.531,0.76,1.292,0.977,0.874,0.115,0.424,0.611
0.531,0.759,1.292,0.976,0.873,0.115,0.424,0.611
0.531,0.759,1.291,0.976,0.873,0.115,0.424,0.611
0.53,0.758,1.291,0.976,0.873,0.115,0.423,0.61
0.53,0.758,1.291,0.975,0.872,0.115,0.423,0.61
0.53,0.758,1.29,0.975,0.872,0.115,0.423,0.61
0.53,0.757,1.29,0.975,0.872,0.115,0.423,0.609
0.529,0.757,1.289,0.974,0.871,0.115,0.423,0.609
0.529,0.757,1.289,0.974,0.871,0.115,0.423,0.609
0.529,0.757,1.289,0.974,0.871,0.115,0.423,0.608
0.528,0.756,1.288,0.973,0.871,0.115,0.423,0.608
0.528,0.756,1.287,0.973,0.87,0.115,0.423,0.608
0.527,0.756,1.287,0.973,0.87,0.115,0.423,0.607
0.527,0.755,1.287,0.972,0.87,0.114,0.422,0.607
0.527,0.755,1.286,0.972,0.87,0.114,0.422,0.607
0.526,0.755,1.286,0.972,0.869,0.115,0.422,0.606
0.526,0.754,1.285,0.971,0.869,0.114,0.422,0.606
0.526,0.754,1.285,0.971,0.869,0.114,0.422,0.606
0.526,0.754,1.285,0.971,0.869,0.114,0.422,0.605
0.525,0.754,1.284,0.97,0.869,0.114,0.422,0.605
0.525,0.753,1.284,0.97,0.868,0.114,0.422,0.605
0.524,0.753,1.283,0.97,0.868,0.114,0.422,0.604
0.524,0.753,1.283,0.969,0.868,0.114,0.422,0.604
0.524,0.752,1.283,0.969,0.867,0.114,0.422,0.604
0.524,0.752,1.282,0.969,0.867,0.114,0.422,0.603
0.523,0.752,1.282,0.969,0.867,0.114,0.421,0.603
0.523,0.751,1.281,0.968,0.867,0.114,0.421,0.603
0.523,0.751,1.281,0.968,0.866,0.114,0.421,0.602
0.522,0.751,1.281,0.968,0.866,0.114,0.421,0.602
0.522,0.751,1.28,0.967,0.866,0.114,0.421,0.602
0.522,0.75,1.28,0.967,0.866,0.114,0.421,0.601
0.522,0.75,1.279,0.967,0.865,0.113,0.421,0.601
0.521,0.75,1.279,0.966,0.865,0.113,0.421,0.601
0.521,0.749,1.279,0.966,0.865,0.113,0.421,0.601
0.521,0.749,1.278,0.966,0.865,0.113,0.42,0.6
0.52,0.749,1.278,0.965,0.864,0.113,0.42,0.6
0.52,0.749,1.277,0.965,0.864,0.113,0.42,0.6
0.52,0.748,1.277,0.965,0.864,0.113,0.42,0.599
0.519,0.748,1.276,0.964,0.864,0.113,0.42,0.599
0.519,0.748,1.276,0.964,0.864,0.113,0.42,0.599
0.519,0.748,1.275,0.964,0.863,0.113,0.42,0.598
0.518,0.747,1.275,0.964,0.863,0.113,0.42,0.598
0.518,0.747,1.275,0.963,0.863,0.113,0.42,0.598
0.518,0.747,1.274,0.963,0.862,0.113,0.42,0.597
0.517,0.747,1.274,0.963,0.862,0.113,0.42,0.597
0.517,0.746,1.274,0.963,0.862,0.113,0.42,0.597
0.517,0.746,1.273,0.962,0.862,0.113,0.419,0.597
0.517,0.746,1.273,0.962,0.861,0.113,0.419,0.596
0.516,0.745,1.272,0.962,0.861,0.112,0.419,0.596
0.516,0.745,1.272,0.961,0.861,0.112,0.419,0.596
0.516,0.745,1.272,0.961,0.861,0.112,0.419,0.595
0.515,0.745,1.271,0.961,0.86,0.112,0.419,0.595
0.515,0.744,1.271,0.961,0.86,0.112,0.419,0.595
0.515,0.744,1.271,0.96,0.86,0.112,0.419,0.595
0.515,0.744,1.27,0.96,0.859,0.112,0.419,0.594
0.514,0.744,1.27,0.96,0.859,0.112,0.419,0.594
0.514,0.744,1.269,0.96,0.859,0.112,0.419,0.594
0.514,0.743,1.269,0.959,0.858,0.112,0.419,0.594
0.513,0.743,1.268,0.959,0.858,0.112,0.418,0.593
0.513,0.743,1.268,0.959,0.858,0.112,0.418,0.593
0.513,0.743,1.268,0.958,0.858,0.112,0.418,0.593
0.513,0.742,1.267,0.958,0.857,0.112,0.418,0.592
0.512,0.742,1.267,0.958,0.857,0.112,0.418,0.592
0.512,0.742,1.267,0.957,0.857,0.112,0.418,0.592
0.512,0.742,1.266,0.957,0.857,0.112,0.418,0.592
0.511,0.742,1.266,0.957,0.856,0.112,0.418,0.591
0.511,0.741,1.265,0.957,0.856,0.112,0.418,0.591
0.511,0.741,1.265,0.956,0.856,0.112,0.418,0.591
0.511,0.741,1.265,0.956,0.856,0.112,0.418,0.591
0.51,0.741,1.264,0.956,0.855,0.111,0.418,0.59
0.51,0.74,1.264,0.956,0.855,0.111,0.417,0.59
0.51,0.74,1.264,0.955,0.855,0.111,0.417,0.59
0.509,0.74,1.263,0.955,0.855,0.111,0.417,0.589
0.509,0.74,1.263,0.955,0.854,0.111,0.417,0.589
0.509,0.74,1.262,0.954,0.854,0.111,0.417,0.589
0.509,0.74,1.262,0.954,0.854,0.111,0.417,0.589
0.508,0.739,1.262,0.954,0.854,0.111,0.417,0.588
0.508,0.739,1.261,0.954,0.853,0.111,0.417,0.588
0.508,0.739,1.261,0.953,0.853,0.111,0.417,0.588
0.508,0.739,1.26,0.953,0.853,0.111,0.417,0.588
0.507,0.738,1.26,0.953,0.853,0.111,0.416,0.587
0.507,0.738,1.26,0.953,0.852,0.111,0.416,0.587
0.507,0.738,1.259,0.952,0.852,0.111,0.416,0.587
0.507,0.738,1.259,0.952,0.852,0.111,0.416,0.587
0.506,0.738,1.259,0.952,0.852,0.111,0.416,0.586
0.506,0.738,1.258,0.952,0.851,0.111,0.416,0.586
0.506,0.737,1.258,0.951,0.851,0.111,0.416,0.586
0.505,0.737,1.258,0.951,0.851,0.111,0.416,0.585
0.505,0.737,1.257,0.951,0.851,0.111,0.416,0.585
0.505,0.737,1.257,0.951,0.85,0.111,0.416,0.585
0.505,0.737,1.256,0.95,0.85,0.11,0.416,0.585
0.504,0.736,1.256,0.95,0.85,0.11,0.415,0.584
0.504,0.736,1.255,0.95,0.849,0.11,0.415,0.584
0.504,0.736,1.255,0.95,0.849,0.11,0.415,0.584
0.503,0.736,1.255,0.949,0.849,0.11,0.415,0.584
0.503,0.735,1.254,0.949,0.849,0.11,0.415,0.583
0.503,0.735,1.254,0.949,0.848,0.11,0.415,0.583
0.503,0.735,1.254,0.949,0.848,0.11,0.415,0.583
0.502,0.735,1.253,0.948,0.848,0.11,0.415,0.583
0.502,0.735,1.253,0.948,0.848,0.11,0.415,0.582
0.502,0.735,1.253,0.948,0.847,0.11,0.415,0.582
0.502,0.734,1.252,0.948,0.847,0.11,0.415,0.582
0.501,0.734,1.252,0.948,0.847,0.11,0.415,0.582
0.501,0.734,1.252,0.947,0.847,0.11,0.414,0.581
0.501,0.734,1.251,0.947,0.846,0.11,0.414,0.581
0.501,0.734,1.251,0.947,0.846,0.11,0.414,0.581
0.5,0.734,1.251,0.946,0.846,0.11,0.414,0.581
0.5,0.733,1.25,0.946,0.846,0.11,0.414,0.58
0.5,0.733,1.25,0.946,0.846,0.11,0.414,0.58
0.5,0.733,1.25,0.946,0.845,0.11,0.414,0.58
0.499,0.733,1.249,0.946,0.845,0.11,0.414,0.58
0.499,0.733,1.249,0.945,0.845,0.11,0.414,0.579
0.499,0.732,1.248,0.945,0.844,0.11,0.414,0.579
0.498,0.732,1.248,0.945,0.844,0.109,0.414,0.579
0.498,0.732,1.248,0.945,0.844,0.109,0.414,0.579
0.498,0.732,1.247,0.944,0.844,0.109,0.413,0.578
0.498,0.732,1.247,0.944,0.844,0.109,0.413,0.578
0.498,0.731,1.247,0.944,0.843,0.109,0.413,0.578
0.497,0.732,1.246,0.944,0.843,0.109,0.413,0.578
0.497,0.731,1.246,0.944,0.843,0.109,0.413,0.577
0.497,0.731,1.246,0.943,0.843,0.109,0.413,0.577
0.497,0.731,1.245,0.943,0.843,0.109,0.413,0.577
0.496,0.731,1.245,0.943,0.842,0.109,0.413,0.577
0.496,0.731,1.244,0.943,0.842,0.109,0.413,0.577
0.496,0.731,1.244,0.942,0.842,0.109,0.413,0.576
0.496,0.73,1.244,0.942,0.842,0.109,0.412,0.576
0.495,0.73,1.243,0.942,0.841,0.109,0.412,0.576
0.495,0.73,1.243,0.942,0.841,0.109,0.412,0.576
0.495,0.73,1.243,0.941,0.841,0.109,0.412,0.575
0.495,0.73,1.242,0.941,0.841,0.109,0.412,0.575
0.494,0.73,1.242,0.941,0.84,0.109,0.412,0.575
0.494,0.729,1.242,0.941,0.84,0.109,0.412,0.575
0.494,0.729,1.241,0.941,0.84,0.109,0.412,0.575
0.494,0.729,1.241,0.94,0.84,0.109,0.412,0.574
0.493,0.729,1.241,0.94,0.84,0.109,0.412,0.574
0.493,0.729,1.24,0.94,0.839,0.109,0.412,0.574
0.493,0.728,1.24,0.94,0.839,0.109,0.412,0.574
0.493,0.728,1.24,0.939,0.839,0.108,0.412,0.573
0.493,0.728,1.239,0.939,0.839,0.108,0.411,0.573
0.492,0.728,1.239,0.939,0.839,0.108,0.412,0.573
0.492,0.728,1.239,0.939,0.838,0.108,0.411,0.573
0.492,0.728,1.238,0.939,0.838,0.108,0.411,0.572
0.492,0.727,1.238,0.938,0.838,0.108,0.411,0.572
0.491,0.727,1.238,0.938,0.838,0.108,0.411,0.572
0.491,0.727,1.237,0.938,0.838,0.108,0.411,0.572
0.491,0.727,1.237,0.938,0.837,0.108,0.411,0.571
0.491,0.727,1.237,0.938,0.837,0.108,0.411,0.571
0.49,0.727,1.236,0.937,0.837,0.108,0.411,0.571
0.49,0.727,1.236,0.937,0.837,0.108,0.411,0.571
0.49,0.726,1.236,0.937,0.836,0.108,0.411,0.571
0.49,0.726,1.235,0.937,0.836,0.108,0.411,0.57
0.49,0.726,1.235,0.937,0.836,0.108,0.411,0.57
0.489,0.726,1.235,0.936,0.836,0.108,0.411,0.57
0.489,0.726,1.234,0.936,0.836,0.108,0.41,0.57
0.489,0.726,1.234,0.936,0.835,0.108,0.41,0.57
0.489,0.725,1.234,0.936,0.835,0.108,0.41,0.569
0.488,0.725,1.233,0.935,0.835,0.108,0.41,0.569
0.488,0.725,1.233,0.935,0.835,0.108,0.41,0.569
0.488,0.725,1.233,0.935,0.835,0.108,0.41,0.569
0.488,0.725,1.232,0.935,0.834,0.108,0.41,0.568
0.488,0.725,1.232,0.934,0.834,0.108,0.41,0.568
0.487,0.724,1.232,0.934,0.834,0.108,0.41,0.568
0.487,0.724,1.231,0.934,0.834,0.108,0.41,0.568
0.487,0.724,1.231,0.934,0.833,0.108,0.41,0.568
0.487,0.724,1.231,0.934,0.833,0.108,0.409,0.567
0.486,0.724,1.23,0.933,0.833,0.107,0.409,0.567
0.486,0.724,1.23,0.933,0.833,0.108,0.409,0.567
0.486,0.723,1.23,0.933,0.833,0.107,0.409,0.567
0.486,0.723,1.229,0.933,0.832,0.107,0.409,0.567
0.485,0.723,1.229,0.932,0.832,0.107,0.409,0.566
0.485,0.723,1.229,0.932,0.832,0.107,0.409,0.566
0.485,0.723,1.228,0.932,0.832,0.107,0.409,0.566
0.485,0.723,1.228,0.932,0.832,0.107,0.409,0.566
0.484,0.723,1.228,0.932,0.831,0.107,0.409,0.565
0.484,0.723,1.227,0.931,0.831,0.107,0.409,0.565
0.484,0.722,1.227,0.931,0.831,0.107,0.409,0.565
0.484,0.722,1.227,0.931,0.831,0.107,0.409,0.565
0.484,0.722,1.227,0.931,0.831,0.107,0.409,0.565
0.483,0.722,1.226,0.93,0.83,0.107,0.409,0.565
0.483,0.722,1.226,0.931,0.83,0.107,0.408,0.564
0.483,0.722,1.226,0.93,0.83,0.107,0.408,0.564
0.483,0.722,1.225,0.93,0.83,0.107,0.408,0.564
0.483,0.721,1.225,0.93,0.83,0.107,0.408,0.564
0.482,0.721,1.225,0.93,0.829,0.107,0.408,0.563
0.482,0.721,1.224,0.929,0.829,0.107,0.408,0.563
0.482,0.721,1.224,0.929,0.829,0.107,0.408,0.563
0.482,0.721,1.224,0.929,0.829,0.107,0.408,0.563
0.482,0.721,1.223,0.929,0.829,0.107,0.408,0.563
0.481,0.721,1.223,0.929,0.828,0.107,0.408,0.562
0.481,0.72,1.223,0.928,0.828,0.107,0.408,0.562
0.481,0.72,1.223,0.928,0.828,0.107,0.408,0.562
0.481,0.72,1.222,0.928,0.828,0.107,0.407,0.562
0.481,0.72,1.222,0.928,0.828,0.107,0.407,0.562
0.48,0.72,1.221,0.928,0.827,0.107,0.407,0.561
0.48,0.72,1.221,0.928,0.827,0.107,0.407,0.561
0.48,0.72,1.221,0.927,0.827,0.106,0.407,0.561
0.48,0.719,1.221,0.927,0.827,0.107,0.407,0.561
0.48,0.719,1.22,0.927,0.827,0.107,0.407,0.561
0.48,0.719,1.22,0.927,0.826,0.107,0.407,0.56
0.479,0.719,1.22,0.926,0.826,0.106,0.407,0.56
0.479,0.719,1.219,0.926,0.826,0.106,0.407,0.56
0.479,0.719,1.219,0.926,0.826,0.106,0.407,0.56
0.479,0.718,1.219,0.926,0.826,0.106,0.407,0.56
0.478,0.719,1.218,0.926,0.825,0.106,0.407,0.559
0.478,0.718,1.218,0.926,0.825,0.106,0.406,0.559
0.478,0.718,1.218,0.925,0.825,0.106,0.407,0.559
0.478,0.718,1.217,0.925,0.825,0.106,0.406,0.559
0.478,0.718,1.217,0.925,0.825,0.106,0.406,0.558
0.477,0.718,1.217,0.925,0.824,0.106,0.406,0.559
0.477,0.718,1.216,0.925,0.824,0.106,0.406,0.558
0.477,0.717,1.216,0.924,0.824,0.106,0.406,0.558
0.477,0.717,1.216,0.924,0.824,0.106,0.406,0.558
0.477,0.717,1.216,0.924,0.824,0.106,0.406,0.558
0.476,0.717,1.215,0.924,0.823,0.106,0.406,0.557
0.476,0.717,1.215,0.923,0.823,0.106,0.406,0.557
0.476,0.717,1.215,0.923,0.823,0.106,0.406,0.557
0.476,0.717,1.215,0.923,0.823,0.106,0.406,0.557
0.476,0.716,1.214,0.923,0.823,0.106,0.406,0.557
0.475,0.716,1.214,0.923,0.823,0.106,0.405,0.556
0.475,0.716,1.214,0.923,0.823,0.106,0.406,0.556
0.475,0.716,1.213,0.922,0.822,0.106,0.405,0.556
0.475,0.716,1.213,0.922,0.822,0.106,0.405,0.556
0.475,0.716,1.213,0.922,0.822,0.106,0.405,0.556
0.474,0.716,1.212,0.922,0.822,0.106,0.405,0.556
0.474,0.716,1.212,0.922,0.822,0.106,0.405,0.555
0.474,0.716,1.212,0.922,0.821,0.106,0.405,0.555
0.474,0.715,1.211,0.921,0.821,0.106,0.405,0.555
0.474,0.715,1.211,0.921,0.821,0.106,0.405,0.555
0.474,0.715,1.211,0.921,0.821,0.106,0.405,0.555
0.473,0.715,1.211,0.921,0.821,0.106,0.405,0.555
0.473,0.715,1.21,0.92,0.82,0.106,0.405,0.554
0.473,0.715,1.21,0.92,0.82,0.106,0.405,0.554
0.473,0.714,1.21,0.92,0.82,0.106,0.404,0.554
0.473,0.714,1.209,0.92,0.82,0.105,0.405,0.554
0.472,0.714,1.209,0.92,0.82,0.105,0.404,0.553
0.472,0.714,1.209,0.92,0.82,0.105,0.404,0.553
0.472,0.714,1.208,0.919,0.819,0.105,0.404,0.553
0.472,0.714,1.208,0.919,0.819,0.105,0.404,0.553
0.472,0.714,1.208,0.919,0.819,0.105,0.404,0.553
0.472,0.713,1.208,0.919,0.819,0.105,0.404,0.553
0.471,0.713,1.207,0.919,0.818,0.105,0.404,0.552
0.471,0.713,1.207,0.918,0.818,0.105,0.404,0.552
0.471,0.713,1.207,0.918,0.818,0.105,0.404,0.552
0.471,0.713,1.206,0.918,0.818,0.105,0.404,0.552
0.47,0.713,1.206,0.918,0.818,0.105,0.404,0.552
0.47,0.713,1.206,0.918,0.818,0.105,0.404,0.551
0.47,0.713,1.206,0.918,0.818,0.105,0.404,0.551
0.47,0.713,1.205,0.917,0.817,0.105,0.404,0.551
0.47,0.712,1.205,0.917,0.817,0.105,0.403,0.551
0.47,0.712,1.205,0.917,0.817,0.105,0.403,0.551
0.47,0.712,1.204,0.917,0.817,0.105,0.403,0.55
0.469,0.712,1.204,0.917,0.817,0.105,0.403,0.55
0.469,0.712,1.204,0.916,0.817,0.105,0.403,0.55
0.469,0.712,1.204,0.916,0.816,0.105,0.403,0.55
0.469,0.712,1.203,0.916,0.816,0.105,0.403,0.55
0.469,0.712,1.203,0.916,0.816,0.105,0.403,0.55
0.468,0.711,1.203,0.916,0.816,0.105,0.403,0.549
0.468,0.711,1.203,0.916,0.816,0.105,0.403,0.549
0.468,0.711,1.202,0.916,0.816,0.105,0.403,0.549
0.468,0.711,1.202,0.915,0.815,0.105,0.403,0.549
0.468,0.711,1.202,0.915,0.815,0.105,0.403,0.549
0.467,0.711,1.202,0.915,0.815,0.105,0.403,0.549
0.467,0.711,1.201,0.915,0.815,0.105,0.402,0.548
0.467,0.71,1.201,0.914,0.815,0.105,0.402,0.548
0.467,0.71,1.2,0.914,0.814,0.105,0.402,0.548
0.467,0.71,1.2,0.914,0.814,0.105,0.402,0.548
0.467,0.71,1.2,0.914,0.814,0.105,0.402,0.548
0.466,0.71,1.2,0.914,0.814,0.105,0.402,0.547
0.466,0.71,1.2,0.914,0.814,0.105,0.402,0.547
0.466,0.709,1.199,0.913,0.813,0.105,0.402,0.547
0.466,0.709,1.199,0.913,0.813,0.105,0.402,0.547
0.466,0.709,1.198,0.913,0.813,0.105,0.402,0.547
0.466,0.709,1.198,0.913,0.813,0.104,0.402,0.547
0.465,0.709,1.198,0.913,0.813,0.104,0.402,0.546
0.465,0.709,1.198,0.913,0.812,0.104,0.402,0.546
0.465,0.709,1.197,0.913,0.812,0.104,0.402,0.546
0.465,0.709,1.197,0.912,0.812,0.104,0.402,0.546
0.465,0.709,1.197,0.912,0.812,0.104,0.402,0.546
0.465,0.708,1.197,0.912,0.812,0.105,0.402,0.546
0.464,0.708,1.197,0.912,0.812,0.104,0.401,0.545
0.464,0.708,1.196,0.912,0.812,0.104,0.401,0.545
0.464,0.708,1.196,0.911,0.812,0.104,0.401,0.545
0.464,0.708,1.196,0.912,0.811,0.104,0.401,0.545
0.464,0.708,1.195,0.911,0.811,0.104,0.401,0.545
0.464,0.708,1.195,0.911,0.811,0.104,0.401,0.544
0.464,0.708,1.195,0.911,0.811,0.104,0.401,0.544
0.463,0.708,1.195,0.911,0.811,0.104,0.401,0.544
0.463,0.707,1.194,0.91,0.811,0.104,0.401,0.544
0.463,0.707,1.194,0.91,0.81,0.104,0.401,0.544
0.463,0.707,1.193,0.91,0.81,0.104,0.401,0.544
0.463,0.707,1.193,0.91,0.81,0.104,0.401,0.544
0.463,0.707,1.193,0.91,0.81,0.104,0.401,0.543
0.462,0.707,1.193,0.91,0.81,0.104,0.401,0.543
0.462,0.707,1.192,0.909,0.81,0.104,0.4,0.543
0.462,0.707,1.192,0.909,0.809,0.104,0.4,0.543
0.462,0.706,1.192,0.909,0.809,0.104,0.4,0.543
0.462,0.706,1.192,0.909,0.809,0.104,0.4,0.542
0.462,0.706,1.191,0.909,0.809,0.104,0.4,0.542
0.461,0.706,1.191,0.909,0.809,0.104,0.4,0.542
0.461,0.706,1.191,0.908,0.809,0.104,0.4,0.542
0.461,0.706,1.191,0.908,0.808,0.104,0.4,0.542
0.461,0.706,1.19,0.908,0.808,0.104,0.4,0.542
0.461,0.705,1.19,0.908,0.808,0.104,0.4,0.541
0.46,0.705,1.19,0.908,0.808,0.104,0.4,0.541
0.46,0.705,1.189,0.908,0.808,0.104,0.4,0.541
0.46,0.705,1.189,0.907,0.808,0.104,0.4,0.541
0.46,0.705,1.189,0.907,0.807,0.104,0.4,0.541
0.46,0.705,1.189,0.907,0.807,0.104,0.4,0.541
0.46,0.705,1.188,0.907,0.807,0.104,0.399,0.54
0.46,0.705,1.188,0.907,0.807,0.104,0.399,0.54
0.459,0.705,1.188,0.907,0.807,0.104,0.4,0.54
0.459,0.704,1.188,0.907,0.807,0.104,0.399,0.54
0.459,0.704,1.187,0.906,0.806,0.103,0.399,0.54
0.459,0.704,1.187,0.906,0.807,0.104,0.399,0.54
0.459,0.704,1.187,0.906,0.806,0.103,0.399,0.539
0.459,0.704,1.187,0.906,0.806,0.103,0.399,0.539
0.458,0.704,1.186,0.905,0.806,0.103,0.399,0.539
0.458,0.704,1.186,0.906,0.806,0.103,0.399,0.539
0.458,0.704,1.186,0.905,0.806,0.103,0.399,0.539
0.458,0.704,1.186,0.905,0.805,0.104,0.399,0.539
0.458,0.703,1.185,0.905,0.805,0.103,0.399,0.539
0.458,0.703,1.185,0.905,0.805,0.103,0.399,0.538
0.458,0.703,1.185,0.905,0.805,0.103,0.399,0.538
0.457,0.703,1.184,0.904,0.805,0.103,0.398,0.538
0.457,0.703,1.184,0.904,0.805,0.103,0.398,0.538
0.457,0.703,1.184,0.904,0.805,0.103,0.398,0.538
0.457,0.703,1.184,0.904,0.804,0.103,0.398,0.538
0.457,0.702,1.183,0.904,0.804,0.103,0.398,0.537
0.457,0.702,1.183,0.904,0.804,0.103,0.398,0.537
0.456,0.702,1.183,0.903,0.804,0.103,0.398,0.537
0.456,0.702,1.183,0.903,0.804,0.103,0.398,0.537
0.456,0.702,1.182,0.903,0.803,0.103,0.398,0.537
0.456,0.702,1.182,0.903,0.803,0.103,0.398,0.537
0.456,0.702,1.182,0.903,0.803,0.103,0.398,0.536
0.456,0.702,1.182,0.903,0.803,0.103,0.398,0.536
0.455,0.702,1.181,0.903,0.803,0.103,0.398,0.536
0.455,0.702,1.181,0.902,0.803,0.103,0.398,0.536
0.455,0.701,1.181,0.902,0.803,0.103,0.398,0.536
0.455,0.701,1.181,0.902,0.802,0.103,0.398,0.535
0.455,0.701,1.18,0.902,0.802,0.103,0.397,0.535
0.455,0.701,1.18,0.902,0.802,0.103,0.397,0.535
0.455,0.701,1.18,0.902,0.802,0.103,0.397,0.535
0.454,0.701,1.179,0.901,0.802,0.103,0.397,0.535
0.454,0.701,1.179,0.901,0.802,0.103,0.397,0.535
0.454,0.701,1.179,0.901,0.801,0.103,0.397,0.535
0.454,0.7,1.179,0.901,0.801,0.103,0.397,0.534
0.454,0.7,1.178,0.901,0.801,0.103,0.397,0.534
0.454,0.7,1.178,0.901,0.801,0.103,0.397,0.534
0.453,0.7,1.178,0.9,0.801,0.103,0.397,0.534
0.453,0.7,1.178,0.9,0.801,0.103,0.397,0.534
0.453,0.7,1.177,0.9,0.801,0.103,0.397,0.534
0.453,0.7,1.177,0.9,0.8,0.103,0.397,0.533
0.453,0.7,1.177,0.9,0.8,0.103,0.397,0.533
0.453,0.699,1.177,0.9,0.8,0.103,0.397,0.533
0.453,0.699,1.176,0.9,0.8,0.103,0.397,0.533
0.453,0.699,1.176,0.899,0.8,0.103,0.396,0.533
0.452,0.699,1.176,0.899,0.8,0.103,0.396,0.533
0.452,0.699,1.176,0.899,0.8,0.103,0.396,0.533
0.452,0.699,1.175,0.899,0.799,0.103,0.396,0.532
0.452,0.699,1.175,0.899,0.799,0.103,0.396,0.532
0.452,0.699,1.175,0.899,0.799,0.103,0.396,0.532
0.452,0.699,1.175,0.899,0.799,0.103,0.396,0.532
0.452,0.698,1.174,0.898,0.799,0.102,0.396,0.532
0.451,0.698,1.174,0.898,0.799,0.103,0.396,0.532
0.451,0.698,1.174,0.898,0.798,0.103,0.396,0.531
0.451,0.698,1.174,0.898,0.798,0.102,0.396,0.531
0.451,0.698,1.173,0.898,0.798,0.102,0.396,0.531
0.451,0.698,1.173,0.898,0.798,0.102,0.396,0.531
0.451,0.698,1.173,0.897,0.798,0.102,0.396,0.531
0.451,0.698,1.173,0.897,0.798,0.102,0.396,0.531
0.45,0.698,1.172,0.897,0.798,0.102,0.396,0.531
0.45,0.698,1.172,0.897,0.797,0.102,0.395,0.53
0.45,0.697,1.172,0.897,0.797,0.102,0.395,0.53
0.45,0.697,1.172,0.897,0.797,0.102,0.395,0.53
0.45,0.697,1.171,0.896,0.797,0.102,0.395,0.53
0.45,0.697,1.171,0.896,0.797,0.102,0.395,0.53
0.449,0.697,1.171,0.896,0.797,0.102,0.395,0.53
0.449,0.697,1.171,0.896,0.797,0.102,0.395,0.53
0.449,0.697,1.17,0.896,0.796,0.102,0.395,0.529
0.449,0.697,1.17,0.896,0.796,0.102,0.395,0.529
0.449,0.696,1.17,0.896,0.796,0.102,0.395,0.529
0.449,0.696,1.17,0.896,0.796,0.102,0.395,0.529
0.449,0.696,1.169,0.895,0.796,0.102,0.395,0.529
0.449,0.696,1.169,0.895,0.796,0.102,0.395,0.529
0.448,0.696,1.169,0.895,0.796,0.102,0.395,0.528
0.448,0.696,1.169,0.895,0.795,0.102,0.395,0.528
0.448,0.696,1.169,0.895,0.795,0.102,0.395,0.528
0.448,0.696,1.168,0.895,0.795,0.102,0.395,0.528
0.448,0.696,1.168,0.895,0.795,0.102,0.394,0.528
0.448,0.696,1.168,0.894,0.795,0.102,0.394,0.528
0.448,0.696,1.167,0.894,0.795,0.102,0.394,0.528
0.448,0.695,1.167,0.894,0.795,0.102,0.394,0.527
0.447,0.695,1.167,0.894,0.794,0.102,0.394,0.527
0.447,0.695,1.167,0.894,0.794,0.102,0.394,0.527
0.447,0.695,1.166,0.894,0.794,0.102,0.394,0.527
0.447,0.695,1.166,0.894,0.794,0.102,0.394,0.527
0.447,0.695,1.166,0.893,0.794,0.102,0.394,0.527
0.446,0.695,1.166,0.893,0.794,0.102,0.394,0.527
0.446,0.695,1.166,0.893,0.794,0.102,0.394,0.527
0.446,0.695,1.165,0.893,0.794,0.102,0.394,0.526
0.446,0.695,1.165,0.893,0.793,0.102,0.394,0.526
0.446,0.694,1.165,0.893,0.793,0.102,0.394,0.526
0.446,0.694,1.164,0.892,0.793,0.102,0.394,0.526
0.446,0.694,1.164,0.892,0.793,0.102,0.394,0.526
0.446,0.694,1.164,0.892,0.793,0.102,0.393,0.526
0.446,0.694,1.164,0.892,0.793,0.102,0.393,0.525
0.445,0.694,1.164,0.892,0.793,0.102,0.393,0.525
0.445,0.694,1.163,0.892,0.792,0.102,0.393,0.525
0.445,0.694,1.163,0.892,0.792,0.101,0.393,0.525
0.445,0.693,1.163,0.892,0.792,0.102,0.393,0.525
0.445,0.694,1.163,0.891,0.792,0.102,0.393,0.525
0.445,0.693,1.162,0.891,0.792,0.102,0.393,0.525
0.445,0.693,1.162,0.891,0.792,0.102,0.393,0.524
0.444,0.693,1.162,0.891,0.791,0.101,0.393,0.524
0.444,0.693,1.162,0.891,0.791,0.102,0.393,0.524
0.444,0.693,1.161,0.891,0.791,0.102,0.393,0.524
0.444,0.693,1.161,0.891,0.791,0.101,0.393,0.524
0.444,0.693,1.161,0.891,0.791,0.101,0.393,0.524
0.444,0.693,1.161,0.89,0.791,0.101,0.393,0.524
0.444,0.693,1.16,0.89,0.791,0.101,0.393,0.523
0.443,0.692,1.16,0.89,0.79,0.102,0.392,0.523
0.443,0.692,1.16,0.89,0.79,0.101,0.392,0.523
0.443,0.692,1.16,0.89,0.79,0.101,0.392,0.523
0.443,0.692,1.159,0.89,0.79,0.101,0.392,0.523
0.443,0.692,1.159,0.889,0.79,0.101,0.392,0.523
0.443,0.692,1.159,0.889,0.79,0.101,0.392,0.523
0.443,0.692,1.159,0.889,0.79,0.101,0.392,0.522
0.443,0.692,1.158,0.889,0.789,0.101,0.392,0.522
0.443,0.691,1.158,0.889,0.789,0.101,0.392,0.522
0.442,0.691,1.158,0.889,0.789,0.101,0.392,0.522
0.442,0.691,1.158,0.888,0.789,0.101,0.392,0.522
0.442,0.691,1.157,0.888,0.789,0.101,0.392,0.522
0.442,0.691,1.157,0.888,0.789,0.101,0.392,0.522
0.442,0.691,1.157,0.888,0.788,0.101,0.392,0.521
0.442,0.691,1.157,0.888,0.788,0.101,0.392,0.521
0.442,0.691,1.156,0.888,0.788,0.101,0.392,0.521
0.441,0.691,1.156,0.888,0.788,0.101,0.392,0.521
0.441,0.691,1.156,0.887,0.788,0.101,0.391,0.521
0.441,0.69,1.156,0.888,0.788,0.101,0.391,0.521
0.441,0.69,1.155,0.887,0.788,0.101,0.391,0.521
0.441,0.69,1.155,0.887,0.788,0.101,0.391,0.521
0.441,0.69,1.155,0.887,0.788,0.101,0.391,0.52
0.441,0.69,1.155,0.887,0.787,0.101,0.391,0.52
0.44,0.69,1.155,0.887,0.787,0.101,0.391,0.52
0.44,0.69,1.154,0.887,0.787,0.101,0.391,0.52
0.44,0.69,1.154,0.887,0.787,0.101,0.391,0.52
0.44,0.69,1.154,0.887,0.787,0.101,0.391,0.52
0.44,0.69,1.154,0.886,0.787,0.101,0.391,0.52
0.44,0.69,1.153,0.886,0.787,0.101,0.391,0.52
0.44,0.69,1.153,0.886,0.786,0.101,0.391,0.519
0.44,0.689,1.153,0.886,0.786,0.101,0.391,0.519
0.44,0.689,1.153,0.886,0.786,0.101,0.391,0.519
0.439,0.689,1.153,0.886,0.786,0.101,0.391,0.519
0.439,0.689,1.152,0.886,0.786,0.101,0.39,0.519
0.439,0.689,1.152,0.885,0.786,0.101,0.391,0.519
0.439,0.689,1.152,0.885,0.786,0.101,0.39,0.519
0.439,0.689,1.152,0.885,0.786,0.101,0.39,0.518
0.439,0.689,1.151,0.885,0.785,0.101,0.39,0.518
0.439,0.689,1.151,0.885,0.785,0.101,0.39,0.518
0.439,0.688,1.151,0.885,0.785,0.101,0.39,0.518
0.438,0.688,1.151,0.885,0.785,0.101,0.39,0.518
0.438,0.688,1.15,0.885,0.785,0.101,0.39,0.518
0.438,0.688,1.15,0.884,0.785,0.101,0.39,0.518
0.438,0.688,1.15,0.884,0.785,0.101,0.39,0.517
0.438,0.688,1.15,0.884,0.784,0.101,0.39,0.517
0.438,0.688,1.15,0.884,0.784,0.101,0.39,0.517
0.438,0.688,1.149,0.884,0.784,0.101,0.39,0.517
0.438,0.688,1.149,0.884,0.784,0.101,0.39,0.517
0.437,0.688,1.149,0.884,0.784,0.101,0.39,0.517
0.437,0.687,1.149,0.884,0.784,0.101,0.39,0.517
0.437,0.687,1.148,0.883,0.784,0.101,0.39,0.516
0.437,0.687,1.148,0.883,0.783,0.101,0.39,0.516
0.437,0.687,1.148,0.883,0.783,0.101,0.389,0.516
0.437,0.687,1.148,0.883,0.783,0.101,0.389,0.516
0.437,0.687,1.147,0.883,0.783,0.101,0.389,0.516
0.437,0.687,1.147,0.883,0.783,0.1,0.389,0.516
0.436,0.687,1.147,0.883,0.783,0.101,0.389,0.516
0.436,0.687,1.147,0.883,0.783,0.1,0.389,0.516
0.436,0.687,1.147,0.882,0.783,0.101,0.389,0.515
0.436,0.687,1.146,0.882,0.782,0.101,0.389,0.515
0.436,0.686,1.146,0.882,0.782,0.1,0.389,0.515
0.436,0.686,1.146,0.882,0.782,0.1,0.389,0.515
0.436,0.686,1.146,0.882,0.782,0.1,0.389,0.515
0.436,0.686,1.146,0.882,0.782,0.1,0.389,0.515
0.436,0.686,1.145,0.882,0.782,0.1,0.389,0.515
0.435,0.686,1.145,0.882,0.782,0.1,0.389,0.515
0.435,0.686,1.145,0.881,0.782,0.1,0.389,0.514
0.435,0.686,1.145,0.881,0.781,0.1,0.389,0.514
0.435,0.686,1.144,0.881,0.781,0.1,0.389,0.514
0.435,0.686,1.144,0.881,0.781,0.1,0.389,0.514
0.435,0.686,1.144,0.881,0.781,0.1,0.389,0.514
0.435,0.686,1.144,0.881,0.781,0.1,0.388,0.514
0.435,0.685,1.144,0.881,0.781,0.1,0.388,0.514
0.434,0.685,1.143,0.881,0.781,0.1,0.388,0.514
0.435,0.685,1.143,0.881,0.781,0.1,0.388,0.514
0.434,0.685,1.143,0.88,0.781,0.1,0.388,0.513
0.434,0.685,1.143,0.88,0.78,0.1,0.388,0.513
0.434,0.685,1.142,0.88,0.78,0.1,0.388,0.513
0.434,0.685,1.142,0.88,0.78,0.1,0.388,0.513
0.434,0.685,1.142,0.88,0.78,0.1,0.388,0.513
0.434,0.685,1.142,0.88,0.78,0.1,0.388,0.513
0.434,0.685,1.142,0.88,0.78,0.1,0.388,0.513
0.433,0.685,1.141,0.88,0.78,0.1,0.388,0.512
0.433,0.685,1.141,0.88,0.779,0.1,0.388,0.512
0.433,0.684,1.141,0.879,0.779,0.1,0.388,0.512
0.433,0.684,1.141,0.879,0.779,0.1,0.388,0.512
0.433,0.684,1.14,0.879,0.779,0.1,0.388,0.512
0.433,0.684,1.14,0.879,0.779,0.1,0.388,0.512
0.433,0.684,1.14,0.879,0.779,0.1,0.387,0.512
0.433,0.684,1.14,0.879,0.779,0.1,0.387,0.512
0.433,0.684,1.139,0.879,0.779,0.1,0.387,0.512
0.432,0.684,1.139,0.879,0.778,0.1,0.387,0.511
0.432,0.684,1.139,0.879,0.778,0.1,0.387,0.511
0.432,0.684,1.139,0.878,0.778,0.1,0.387,0.511
0.432,0.683,1.138,0.878,0.778,0.1,0.387,0.511
0.432,0.683,1.138,0.878,0.778,0.1,0.387,0.511
0.432,0.683,1.138,0.878,0.778,0.1,0.387,0.511
0.432,0.683,1.138,0.878,0.778,0.1,0.387,0.511
0.432,0.683,1.137,0.878,0.778,0.1,0.387,0.51
0.431,0.683,1.137,0.878,0.778,0.1,0.387,0.51
0.431,0.683,1.137,0.878,0.777,0.1,0.387,0.51
0.431,0.683,1.137,0.877,0.777,0.1,0.387,0.51
0.431,0.683,1.137,0.877,0.777,0.1,0.387,0.51
0.431,0.683,1.137,0.877,0.777,0.1,0.386,0.51
0.431,0.683,1.136,0.877,0.777,0.1,0.386,0.51
0.431,0.683,1.136,0.877,0.777,0.1,0.387,0.51
0.431,0.683,1.136,0.877,0.777,0.1,0.386,0.51
0.431,0.682,1.136,0.877,0.777,0.1,0.386,0.509
0.43,0.682,1.135,0.877,0.777,0.1,0.386,0.509
0.43,0.682,1.135,0.876,0.777,0.1,0.386,0.509
0.43,0.682,1.135,0.876,0.776,0.1,0.386,0.509
0.43,0.682,1.135,0.876,0.776,0.1,0.386,0.509
0.43,0.682,1.134,0.876,0.776,0.1,0.386,0.509
0.43,0.682,1.134,0.876,0.776,0.1,0.386,0.509
0.43,0.682,1.134,0.876,0.776,0.1,0.386,0.509
0.43,0.682,1.134,0.876,0.776,0.1,0.386,0.509
0.43,0.682,1.134,0.876,0.776,0.1,0.386,0.508
0.429,0.682,1.134,0.876,0.776,0.1,0.386,0.508
0.429,0.682,1.133,0.876,0.776,0.099,0.386,0.508
0.429,0.682,1.133,0.875,0.775,0.099,0.386,0.508
0.429,0.682,1.133,0.875,0.775,0.1,0.386,0.508
0.429,0.682,1.133,0.875,0.775,0.1,0.386,0.508
0.429,0.681,1.132,0.875,0.775,0.099,0.385,0.508
0.429,0.681,1.132,0.875,0.775,0.099,0.385,0.508
0.429,0.681,1.132,0.875,0.775,0.099,0.385,0.507
0.429,0.681,1.132,0.875,0.775,0.099,0.385,0.507
0.428,0.681,1.132,0.875,0.775,0.099,0.385,0.507
0.428,0.681,1.132,0.874,0.774,0.099,0.385,0.507
0.428,0.681,1.131,0.875,0.774,0.099,0.385,0.507
0.428,0.681,1.131,0.874,0.774,0.099,0.385,0.507
0.428,0.681,1.131,0.874,0.774,0.099,0.385,0.507
0.428,0.681,1.131,0.874,0.774,0.099,0.385,0.507
0.428,0.681,1.13,0.874,0.774,0.099,0.385,0.506
0.428,0.681,1.13,0.874,0.774,0.099,0.385,0.506
0.428,0.681,1.13,0.874,0.774,0.099,0.385,0.506
0.428,0.68,1.13,0.874,0.774,0.099,0.385,0.506
0.427,0.68,1.129,0.874,0.773,0.099,0.385,0.506
0.427,0.68,1.129,0.874,0.773,0.099,0.385,0.506
0.427,0.68,1.129,0.874,0.773,0.099,0.385,0.506
0.427,0.68,1.129,0.873,0.773,0.099,0.385,0.506
0.427,0.68,1.129,0.873,0.773,0.099,0.385,0.506
0.427,0.68,1.129,0.873,0.773,0.099,0.384,0.506
0.427,0.68,1.128,0.873,0.773,0.099,0.385,0.505
0.427,0.68,1.128,0.873,0.773,0.099,0.384,0.505
0.427,0.68,1.128,0.873,0.773,0.099,0.384,0.505
0.427,0.68,1.128,0.873,0.772,0.099,0.384,0.505
0.426,0.68,1.127,0.873,0.772,0.099,0.384,0.505
0.426,0.68,1.127,0.872,0.772,0.099,0.384,0.505
0.426,0.679,1.127,0.872,0.772,0.099,0.384,0.505
0.426,0.679,1.127,0.872,0.772,0.099,0.384,0.505
0.426,0.679,1.127,0.872,0.772,0.099,0.384,0.505
0.426,0.679,1.126,0.872,0.772,0.099,0.384,0.504
0.426,0.679,1.126,0.872,0.772,0.099,0.384,0.504
0.426,0.679,1.126,0.872,0.772,0.099,0.384,0.504
0.426,0.679,1.126,0.872,0.772,0.099,0.384,0.504
0.426,0.679,1.126,0.872,0.772,0.099,0.384,0.504
0.425,0.679,1.126,0.871,0.771,0.099,0.384,0.504
0.425,0.679,1.125,0.872,0.771,0.099,0.384,0.504
0.425,0.679,1.125,0.871,0.771,0.099,0.384,0.504
0.425,0.679,1.125,0.871,0.771,0.099,0.384,0.504
0.425,0.679,1.125,0.871,0.771,0.099,0.383,0.504
0.425,0.679,1.125,0.871,0.771,0.099,0.383,0.503
0.425,0.678,1.124,0.871,0.771,0.099,0.383,0.503
0.425,0.679,1.124,0.871,0.77,0.099,0.383,0.503
0.424,0.678,1.124,0.871,0.771,0.099,0.383,0.503
0.425,0.678,1.124,0.871,0.77,0.099,0.383,0.503
0.424,0.678,1.124,0.871,0.77,0.099,0.383,0.503
0.424,0.678,1.123,0.87,0.77,0.099,0.383,0.503
0.424,0.678,1.123,0.87,0.77,0.099,0.383,0.503
0.424,0.678,1.123,0.87,0.77,0.099,0.383,0.502
0.424,0.678,1.123,0.87,0.77,0.099,0.383,0.502
0.424,0.678,1.122,0.87,0.77,0.099,0.383,0.502
0.424,0.678,1.122,0.87,0.77,0.099,0.383,0.502
0.424,0.678,1.122,0.87,0.769,0.099,0.383,0.502
0.424,0.677,1.122,0.869,0.769,0.099,0.383,0.502
0.423,0.677,1.121,0.869,0.769,0.099,0.383,0.502
0.423,0.677,1.121,0.869,0.769,0.099,0.383,0.502
0.423,0.677,1.121,0.869,0.769,0.099,0.383,0.502
0.423,0.677,1.121,0.869,0.769,0.099,0.382,0.502
0.423,0.677,1.121,0.869,0.769,0.099,0.382,0.501
0.423,0.677,1.12,0.869,0.769,0.099,0.382,0.501
0.423,0.677,1.12,0.869,0.769,0.099,0.382,0.501
0.423,0.677,1.12,0.869,0.768,0.099,0.382,0.501
0.423,0.677,1.12,0.868,0.768,0.099,0.382,0.501
0.423,0.677,1.12,0.869,0.768,0.099,0.382,0.501
0.423,0.677,1.12,0.868,0.768,0.099,0.382,0.501
0.422,0.677,1.12,0.868,0.768,0.099,0.382,0.501
0.422,0.677,1.119,0.868,0.768,0.099,0.382,0.501
0.422,0.676,1.119,0.868,0.768,0.099,0.382,0.501
0.422,0.676,1.119,0.868,0.768,0.099,0.382,0.501
0.422,0.676,1.119,0.868,0.768,0.099,0.382,0.501
0.422,0.676,1.118,0.868,0.768,0.099,0.382,0.5
0.422,0.676,1.118,0.868,0.767,0.099,0.382,0.5
0.422,0.676,1.118,0.868,0.767,0.098,0.382,0.5
0.422,0.676,1.118,0.867,0.767,0.098,0.382,0.5
0.421,0.676,1.118,0.867,0.767,0.099,0.382,0.5
0.421,0.676,1.117,0.867,0.767,0.098,0.382,0.5
0.421,0.676,1.117,0.867,0.767,0.098,0.381,0.5
0.421,0.676,1.117,0.867,0.767,0.099,0.382,0.5
0.421,0.676,1.117,0.867,0.767,0.098,0.381,0.499
0.421,0.676,1.117,0.867,0.767,0.099,0.381,0.499
0.421,0.676,1.116,0.867,0.767,0.098,0.381,0.499
0.421,0.675,1.116,0.867,0.766,0.098,0.381,0.499
0.421,0.675,1.116,0.867,0.766,0.099,0.381,0.499
0.421,0.676,1.116,0.867,0.766,0.098,0.381,0.499
0.421,0.675,1.116,0.866,0.766,0.098,0.381,0.499
0.421,0.675,1.116,0.866,0.766,0.098,0.381,0.499
0.42,0.675,1.115,0.866,0.766,0.098,0.381,0.499
0.42,0.675,1.115,0.866,0.766,0.098,0.381,0.499
0.42,0.675,1.115,0.866,0.766,0.098,0.381,0.499
0.42,0.675,1.115,0.866,0.766,0.098,0.381,0.498
0.42,0.675,1.115,0.866,0.766,0.098,0.381,0.498
0.42,0.675,1.114,0.866,0.765,0.098,0.381,0.498
0.42,0.675,1.114,0.866,0.766,0.098,0.381,0.498
0.42,0.675,1.114,0.866,0.765,0.098,0.381,0.498
0.42,0.675,1.114,0.866,0.765,0.098,0.381,0.498
0.42,0.675,1.114,0.866,0.765,0.098,0.381,0.498
0.419,0.675,1.114,0.865,0.765,0.098,0.381,0.498
0.419,0.675,1.113,0.865,0.765,0.098,0.381,0.498
0.419,0.674,1.113,0.865,0.765,0.098,0.38,0.498
0.419,0.674,1.113,0.865,0.765,0.098,0.38,0.497
0.419,0.674,1.113,0.865,0.765,0.098,0.38,0.497
0.419,0.674,1.112,0.865,0.764,0.098,0.38,0.497
0.419,0.674,1.112,0.865,0.765,0.098,0.38,0.497
0.419,0.674,1.112,0.865,0.764,0.098,0.38,0.497
0.419,0.674,1.112,0.865,0.764,0.098,0.38,0.497
0.419,0.674,1.112,0.865,0.764,0.098,0.38,0.497
0.419,0.674,1.112,0.865,0.764,0.098,0.38,0.497
0.418,0.674,1.111,0.864,0.764,0.098,0.38,0.497
0.419,0.674,1.111,0.864,0.764,0.098,0.38,0.497
0.418,0.674,1.111,0.864,0.764,0.098,0.38,0.497
0.418,0.674,1.111,0.864,0.764,0.098,0.38,0.496
0.418,0.673,1.111,0.864,0.764,0.098,0.38,0.496
0.418,0.673,1.11,0.864,0.764,0.098,0.38,0.496
0.418,0.673,1.11,0.864,0.763,0.098,0.38,0.496
0.418,0.673,1.11,0.864,0.763,0.098,0.38,0.496
0.418,0.673,1.11,0.864,0.763,0.098,0.379,0.496
0.418,0.673,1.109,0.864,0.763,0.098,0.379,0.496
0.417,0.673,1.11,0.863,0.763,0.098,0.379,0.496
0.418,0.673,1.109,0.864,0.763,0.098,0.379,0.495
0.417,0.673,1.109,0.863,0.763,0.098,0.379,0.496
0.417,0.673,1.109,0.863,0.763,0.098,0.379,0.495
0.417,0.673,1.109,0.863,0.763,0.098,0.379,0.495
0.417,0.673,1.108,0.863,0.763,0.098,0.379,0.495
0.417,0.673,1.108,0.863,0.762,0.098,0.379,0.495
0.417,0.673,1.108,0.863,0.762,0.098,0.379,0.495
0.417,0.673,1.108,0.863,0.762,0.098,0.379,0.495
0.417,0.672,1.108,0.863,0.762,0.098,0.379,0.495
0.417,0.672,1.108,0.863,0.762,0.098,0.379,0.495
0.417,0.672,1.107,0.863,0.762,0.098,0.379,0.495
0.416,0.672,1.107,0.862,0.762,0.098,0.379,0.495
0.416,0.672,1.107,0.862,0.762,0.098,0.379,0.494
0.416,0.672,1.107,0.862,0.762,0.098,0.379,0.494
0.416,0.672,1.106,0.862,0.762,0.098,0.379,0.494
0.416,0.672,1.106,0.862,0.762,0.098,0.379,0.494
0.416,0.672,1.106,0.862,0.761,0.098,0.378,0.494
0.416,0.672,1.106,0.862,0.761,0.098,0.378,0.494
0.416,0.672,1.106,0.862,0.761,0.098,0.378,0.494
0.416,0.672,1.106,0.862,0.761,0.098,0.378,0.494
0.416,0.672,1.105,0.862,0.761,0.098,0.378,0.494
0.416,0.672,1.105,0.862,0.761,0.098,0.378,0.493
0.415,0.672,1.105,0.861,0.761,0.098,0.378,0.493
0.415,0.671,1.105,0.861,0.761,0.098,0.378,0.493
0.415,0.671,1.105,0.861,0.761,0.098,0.378,0.493
0.415,0.671,1.104,0.861,0.76,0.098,0.378,0.493
0.415,0.671,1.104,0.861,0.76,0.098,0.378,0.493
0.415,0.671,1.104,0.861,0.76,0.098,0.378,0.493
0.415,0.671,1.104,0.861,0.76,0.098,0.378,0.493
0.415,0.671,1.104,0.861,0.76,0.098,0.378,0.493
0.415,0.671,1.103,0.861,0.76,0.098,0.378,0.493
0.415,0.671,1.103,0.86,0.76,0.098,0.378,0.492
0.415,0.671,1.103,0.86,0.76,0.098,0.378,0.492
0.414,0.671,1.103,0.86,0.76,0.098,0.378,0.492
0.414,0.671,1.103,0.86,0.76,0.097,0.378,0.492
0.414,0.671,1.103,0.86,0.76,0.098,0.378,0.492
0.414,0.671,1.102,0.86,0.759,0.098,0.377,0.492
0.414,0.671,1.102,0.86,0.76,0.098,0.377,0.492
0.414,0.671,1.102,0.86,0.759,0.098,0.377,0.492
0.414,0.671,1.102,0.86,0.759,0.098,0.377,0.492
0.414,0.67,1.102,0.86,0.759,0.098,0.377,0.492
0.414,0.67,1.102,0.86,0.759,0.098,0.377,0.492
0.414,0.67,1.101,0.86,0.759,0.098,0.377,0.492
0.414,0.67,1.101,0.86,0.759,0.098,0.377,0.491
0.414,0.67,1.101,0.859,0.759,0.098,0.377,0.491
0.413,0.67,1.101,0.859,0.759,0.097,0.377,0.491
0.413,0.67,1.101,0.859,0.759,0.098,0.377,0.491
0.413,0.67,1.1,0.859,0.759,0.098,0.377,0.491
0.413,0.67,1.1,0.859,0.758,0.097,0.377,0.491
0.413,0.67,1.1,0.859,0.758,0.097,0.377,0.491
0.413,0.67,1.1,0.859,0.758,0.097,0.377,0.491
0.413,0.67,1.099,0.859,0.758,0.097,0.377,0.491
0.413,0.67,1.099,0.859,0.758,0.097,0.377,0.49
0.413,0.669,1.099,0.859,0.758,0.098,0.377,0.49
0.413,0.67,1.099,0.859,0.758,0.097,0.376,0.49
0.412,0.67,1.099,0.858,0.758,0.097,0.376,0.49
0.413,0.669,1.099,0.858,0.758,0.097,0.377,0.49
0.413,0.669,1.099,0.858,0.758,0.097,0.377,0.49
0.412,0.669,1.098,0.858,0.758,0.097,0.376,0.49
0.412,0.669,1.098,0.858,0.758,0.097,0.376,0.49
0.412,0.669,1.098,0.858,0.757,0.097,0.376,0.49
0.412,0.669,1.098,0.858,0.757,0.097,0.376,0.49
0.412,0.669,1.098,0.858,0.757,0.097,0.376,0.49
0.412,0.669,1.097,0.858,0.757,0.097,0.376,0.49
0.412,0.669,1.097,0.858,0.757,0.097,0.376,0.489
0.412,0.669,1.097,0.858,0.757,0.097,0.376,0.489
0.412,0.669,1.097,0.858,0.757,0.097,0.376,0.489
0.412,0.669,1.097,0.858,0.757,0.097,0.376,0.489
0.412,0.669,1.097,0.857,0.757,0.097,0.376,0.489
0.411,0.669,1.096,0.857,0.757,0.097,0.376,0.489
0.411,0.669,1.096,0.857,0.757,0.097,0.376,0.489
0.411,0.669,1.096,0.857,0.756,0.097,0.376,0.489
0.411,0.669,1.096,0.857,0.756,0.097,0.376,0.489
0.411,0.668,1.096,0.857,0.756,0.097,0.376,0.489
0.411,0.669,1.096,0.857,0.756,0.097,0.375,0.489
0.411,0.668,1.095,0.857,0.756,0.097,0.376,0.488
0.411,0.668,1.095,0.857,0.756,0.097,0.375,0.488
0.411,0.668,1.095,0.857,0.756,0.097,0.375,0.488
0.411,0.668,1.095,0.857,0.756,0.097,0.375,0.488
0.411,0.668,1.094,0.856,0.756,0.097,0.375,0.488
0.411,0.668,1.094,0.856,0.756,0.097,0.375,0.488
0.411,0.668,1.094,0.856,0.756,0.097,0.375,0.488
0.41,0.668,1.094,0.856,0.756,0.097,0.375,0.488
0.41,0.668,1.094,0.856,0.756,0.097,0.375,0.488
0.41,0.668,1.094,0.856,0.755,0.097,0.375,0.488
0.41,0.668,1.093,0.856,0.755,0.097,0.375,0.488
0.41,0.668,1.093,0.856,0.755,0.097,0.375,0.487
0.41,0.668,1.093,0.856,0.755,0.097,0.375,0.487
0.41,0.668,1.093,0.856,0.755,0.097,0.375,0.487
0.41,0.667,1.093,0.856,0.755,0.097,0.375,0.487
0.41,0.667,1.093,0.856,0.755,0.097,0.375,0.487
0.41,0.667,1.092,0.856,0.755,0.097,0.375,0.487
0.41,0.667,1.092,0.856,0.755,0.097,0.375,0.487
0.41,0.667,1.092,0.855,0.755,0.097,0.375,0.487
0.409,0.667,1.092,0.855,0.755,0.097,0.375,0.487
0.409,0.667,1.092,0.855,0.754,0.097,0.375,0.487
0.409,0.667,1.091,0.855,0.754,0.097,0.374,0.487
0.409,0.667,1.091,0.855,0.754,0.097,0.374,0.487
0.409,0.667,1.091,0.855,0.754,0.097,0.375,0.486
0.409,0.667,1.091,0.855,0.754,0.097,0.374,0.486
0.409,0.667,1.091,0.855,0.754,0.097,0.374,0.486
0.409,0.667,1.091,0.855,0.754,0.097,0.374,0.486
0.409,0.667,1.09,0.855,0.754,0.097,0.374,0.486
0.409,0.667,1.09,0.855,0.754,0.097,0.374,0.486
0.409,0.667,1.09,0.855,0.754,0.097,0.374,0.486
0.409,0.667,1.09,0.854,0.754,0.097,0.374,0.486
0.408,0.666,1.09,0.854,0.754,0.097,0.374,0.486
0.408,0.666,1.089,0.854,0.753,0.097,0.374,0.486
0.408,0.666,1.089,0.854,0.753,0.097,0.374,0.485
0.408,0.666,1.089,0.854,0.753,0.097,0.374,0.485
0.408,0.666,1.089,0.854,0.753,0.097,0.374,0.485
0.408,0.666,1.088,0.854,0.753,0.097,0.374,0.485
0.408,0.666,1.089,0.854,0.753,0.097,0.374,0.485
0.408,0.666,1.088,0.854,0.753,0.097,0.374,0.485
0.408,0.666,1.088,0.854,0.753,0.097,0.374,0.485
0.408,0.666,1.088,0.854,0.753,0.097,0.374,0.485
0.408,0.666,1.088,0.854,0.753,0.097,0.374,0.485
0.408,0.666,1.088,0.854,0.753,0.097,0.374,0.485
0.407,0.666,1.088,0.853,0.753,0.097,0.374,0.485
0.408,0.666,1.087,0.853,0.753,0.097,0.374,0.485
0.407,0.666,1.087,0.853,0.752,0.097,0.374,0.484
0.407,0.666,1.087,0.853,0.752,0.097,0.373,0.485
0.407,0.666,1.087,0.853,0.752,0.097,0.373,0.484
0.407,0.665,1.087,0.853,0.752,0.097,0.373,0.484
0.407,0.665,1.086,0.853,0.752,0.097,0.373,0.484
0.407,0.665,1.086,0.853,0.752,0.097,0.373,0.484
0.407,0.665,1.086,0.853,0.752,0.097,0.373,0.484
0.407,0.665,1.086,0.853,0.752,0.097,0.373,0.484
0.407,0.665,1.086,0.853,0.752,0.097,0.373,0.484
0.407,0.665,1.086,0.853,0.752,0.097,0.373,0.484
0.407,0.665,1.086,0.853,0.752,0.097,0.373,0.484
0.407,0.665,1.085,0.853,0.752,0.097,0.373,0.484
0.406,0.665,1.085,0.852,0.752,0.097,0.373,0.484
0.406,0.665,1.085,0.852,0.751,0.097,0.373,0.483
0.406,0.665,1.085,0.852,0.751,0.096,0.373,0.483
0.406,0.665,1.085,0.852,0.751,0.097,0.373,0.483
0.406,0.665,1.084,0.852,0.751,0.097,0.373,0.483
0.406,0.665,1.084,0.852,0.751,0.097,0.373,0.483
0.406,0.665,1.084,0.852,0.751,0.097,0.373,0.483
0.406,0.665,1.084,0.852,0.751,0.097,0.373,0.483
0.406,0.665,1.084,0.852,0.751,0.097,0.373,0.483
0.406,0.664,1.083,0.852,0.751,0.097,0.373,0.483
0.406,0.665,1.083,0.852,0.751,0.096,0.372,0.483
0.406,0.665,1.083,0.852,0.751,0.096,0.372,0.483
0.405,0.664,1.083,0.852,0.75,0.096,0.372,0.482
0.405,0.664,1.083,0.851,0.75,0.097,0.372,0.482
0.405,0.664,1.083,0.851,0.75,0.097,0.372,0.482
0.405,0.664,1.083,0.852,0.75,0.097,0.372,0.482
0.405,0.664,1.083,0.851,0.75,0.097,0.372,0.482
0.405,0.664,1.082,0.851,0.75,0.097,0.372,0.482
0.405,0.664,1.082,0.851,0.75,0.097,0.372,0.482
0.405,0.664,1.082,0.851,0.75,0.097,0.372,0.482
0.405,0.664,1.082,0.851,0.75,0.096,0.372,0.482
0.405,0.664,1.082,0.851,0.75,0.096,0.372,0.482
0.405,0.664,1.081,0.851,0.75,0.096,0.372,0.482
0.405,0.664,1.081,0.851,0.75,0.097,0.372,0.482
0.405,0.664,1.081,0.851,0.75,0.096,0.372,0.482
0.405,0.664,1.081,0.851,0.75,0.096,0.372,0.481
0.404,0.664,1.081,0.851,0.75,0.096,0.372,0.481
0.404,0.664,1.081,0.85,0.749,0.096,0.372,0.481
0.404,0.664,1.08,0.85,0.749,0.096,0.372,0.481
0.404,0.663,1.08,0.851,0.749,0.096,0.372,0.481
0.404,0.663,1.08,0.85,0.749,0.096,0.372,0.481
0.404,0.663,1.08,0.85,0.749,0.096,0.372,0.481
0.404,0.663,1.08,0.85,0.749,0.096,0.372,0.481
0.404,0.663,1.08,0.85,0.749,0.096,0.371,0.481
0.404,0.663,1.079,0.85,0.749,0.096,0.371,0.481
0.404,0.663,1.079,0.85,0.749,0.096,0.371,0.481
0.404,0.663,1.079,0.85,0.749,0.096,0.371,0.48
0.404,0.663,1.079,0.85,0.749,0.096,0.371,0.48
0.403,0.663,1.079,0.85,0.749,0.096,0.371,0.48
0.403,0.663,1.079,0.85,0.749,0.096,0.371,0.48
0.403,0.663,1.078,0.85,0.749,0.096,0.371,0.48
0.403,0.663,1.078,0.85,0.748,0.096,0.371,0.48
0.403,0.663,1.078,0.85,0.748,0.096,0.371,0.48
0.403,0.663,1.078,0.85,0.748,0.096,0.371,0.48
0.403,0.663,1.078,0.85,0.748,0.096,0.371,0.48
0.403,0.663,1.078,0.849,0.748,0.096,0.371,0.48
0.403,0.663,1.078,0.849,0.748,0.096,0.371,0.48
0.403,0.663,1.078,0.849,0.748,0.096,0.371,0.48
0.403,0.663,1.077,0.849,0.748,0.096,0.371,0.479
0.403,0.663,1.077,0.849,0.748,0.096,0.371,0.48
0.403,0.662,1.077,0.849,0.748,0.096,0.371,0.479
0.402,0.662,1.077,0.849,0.748,0.096,0.371,0.479
0.403,0.662,1.077,0.849,0.748,0.096,0.371,0.479
0.402,0.662,1.076,0.849,0.747,0.096,0.371,0.479
0.402,0.662,1.076,0.849,0.747,0.096,0.37,0.479
0.402,0.662,1.076,0.849,0.747,0.096,0.37,0.479
0.402,0.662,1.076,0.849,0.747,0.096,0.37,0.479
0.402,0.662,1.076,0.849,0.747,0.096,0.37,0.479
0.402,0.662,1.076,0.848,0.747,0.096,0.37,0.479
0.402,0.662,1.075,0.848,0.747,0.096,0.37,0.479
0.402,0.662,1.075,0.848,0.747,0.096,0.37,0.479
0.402,0.662,1.075,0.848,0.747,0.096,0.37,0.479
0.402,0.662,1.075,0.848,0.747,0.096,0.37,0.478
0.402,0.662,1.075,0.848,0.747,0.096,0.37,0.478
0.402,0.662,1.075,0.848,0.747,0.096,0.37,0.478
0.402,0.662,1.074,0.848,0.747,0.096,0.37,0.478
0.402,0.662,1.074,0.848,0.747,0.096,0.37,0.478
0.401,0.662,1.074,0.848,0.747,0.096,0.37,0.478
0.401,0.661,1.074,0.848,0.747,0.096,0.37,0.478
0.401,0.661,1.074,0.848,0.746,0.096,0.37,0.478
0.401,0.661,1.074,0.848,0.746,0.096,0.37,0.478
0.401,0.661,1.074,0.848,0.746,0.096,0.37,0.478
0.401,0.661,1.073,0.848,0.746,0.096,0.37,0.478
0.401,0.661,1.073,0.847,0.746,0.096,0.37,0.478
0.401,0.661,1.073,0.848,0.746,0.096,0.369,0.478
0.401,0.661,1.073,0.847,0.746,0.096,0.369,0.477
0.401,0.661,1.073,0.847,0.746,0.096,0.369,0.478
0.401,0.661,1.073,0.847,0.746,0.096,0.369,0.477
0.401,0.661,1.072,0.847,0.746,0.096,0.369,0.477
0.401,0.661,1.072,0.847,0.746,0.096,0.369,0.477
0.4,0.661,1.072,0.847,0.746,0.096,0.369,0.477
0.4,0.661,1.072,0.847,0.746,0.096,0.369,0.477
0.4,0.661,1.072,0.847,0.746,0.096,0.369,0.477
0.4,0.661,1.072,0.847,0.745,0.096,0.369,0.477
0.4,0.661,1.072,0.847,0.745,0.096,0.369,0.477
0.4,0.661,1.071,0.847,0.745,0.096,0.369,0.477
0.4,0.661,1.071,0.847,0.745,0.096,0.369,0.477
0.4,0.661,1.071,0.846,0.745,0.096,0.369,0.477
0.4,0.661,1.071,0.847,0.745,0.096,0.369,0.477
0.4,0.66,1.071,0.846,0.745,0.096,0.369,0.476
0.4,0.66,1.071,0.846,0.745,0.096,0.369,0.477
0.4,0.66,1.07,0.846,0.745,0.096,0.369,0.476
0.4,0.66,1.07,0.846,0.745,0.096,0.369,0.476
0.4,0.66,1.07,0.846,0.745,0.096,0.369,0.476
0.4,0.66,1.07,0.846,0.745,0.096,0.369,0.476
0.399,0.66,1.07,0.846,0.745,0.096,0.369,0.476
0.399,0.66,1.07,0.846,0.745,0.096,0.369,0.476
0.399,0.66,1.069,0.846,0.744,0.096,0.368,0.476
0.399,0.66,1.069,0.846,0.744,0.096,0.368,0.476
0.399,0.66,1.069,0.846,0.744,0.096,0.368,0.476
0.399,0.66,1.069,0.846,0.744,0.096,0.368,0.476
0.399,0.66,1.069,0.846,0.744,0.096,0.368,0.476
0.399,0.66,1.069,0.845,0.744,0.096,0.368,0.476
0.399,0.66,1.069,0.845,0.744,0.096,0.368,0.476
0.399,0.66,1.068,0.845,0.744,0.096,0.368,0.475
0.399,0.66,1.068,0.845,0.744,0.096,0.368,0.475
0.399,0.66,1.068,0.845,0.744,0.096,0.368,0.475
0.399,0.66,1.068,0.845,0.744,0.096,0.368,0.475
0.399,0.659,1.068,0.845,0.744,0.096,0.368,0.475
0.399,0.66,1.068,0.845,0.744,0.096,0.368,0.475
0.398,0.659,1.067,0.845,0.744,0.096,0.368,0.475
0.398,0.659,1.067,0.845,0.744,0.096,0.368,0.475
0.398,0.659,1.067,0.845,0.744,0.096,0.368,0.475
0.398,0.659,1.067,0.845,0.743,0.096,0.368,0.475
0.398,0.659,1.067,0.845,0.743,0.096,0.368,0.475
0.398,0.659,1.067,0.845,0.743,0.096,0.368,0.475
0.398,0.659,1.067,0.845,0.743,0.096,0.368,0.475
0.398,0.659,1.066,0.845,0.743,0.095,0.368,0.475
0.398,0.659,1.066,0.844,0.743,0.096,0.368,0.474
0.398,0.659,1.066,0.844,0.743,0.096,0.367,0.474
0.398,0.659,1.066,0.844,0.743,0.096,0.368,0.474
0.398,0.659,1.066,0.844,0.743,0.096,0.367,0.474
0.398,0.659,1.066,0.844,0.743,0.096,0.368,0.474
0.398,0.659,1.066,0.844,0.743,0.096,0.367,0.474
0.398,0.659,1.065,0.844,0.743,0.096,0.367,0.474
0.397,0.659,1.065,0.844,0.743,0.095,0.367,0.474
0.397,0.659,1.065,0.844,0.743,0.095,0.367,0.474
0.397,0.659,1.065,0.844,0.742,0.096,0.367,0.474
0.397,0.659,1.065,0.844,0.743,0.096,0.367,0.474
0.397,0.658,1.065,0.844,0.742,0.096,0.367,0.474
0.397,0.659,1.064,0.844,0.742,0.096,0.367,0.474
0.397,0.658,1.064,0.844,0.742,0.095,0.367,0.474
0.397,0.658,1.064,0.843,0.742,0.096,0.367,0.473
0.397,0.658,1.064,0.844,0.742,0.095,0.367,0.474
0.397,0.658,1.064,0.843,0.742,0.095,0.367,0.473
0.397,0.658,1.064,0.843,0.742,0.095,0.367,0.473
0.397,0.658,1.063,0.843,0.742,0.096,0.367,0.473
0.397,0.658,1.063,0.843,0.742,0.095,0.367,0.473
0.397,0.658,1.063,0.843,0.742,0.095,0.367,0.473
0.397,0.658,1.063,0.843,0.742,0.095,0.367,0.473
0.397,0.658,1.063,0.843,0.742,0.095,0.367,0.473
0.397,0.658,1.063,0.843,0.742,0.095,0.366,0.473
0.396,0.658,1.063,0.843,0.742,0.095,0.367,0.473
0.396,0.658,1.063,0.843,0.742,0.095,0.366,0.473
0.396,0.658,1.062,0.843,0.742,0.095,0.366,0.473
0.396,0.658,1.062,0.843,0.741,0.096,0.366,0.473
0.396,0.658,1.062,0.843,0.741,0.095,0.366,0.472
0.396,0.658,1.062,0.843,0.741,0.095,0.366,0.473
0.396,0.658,1.062,0.843,0.741,0.095,0.366,0.472
0.396,0.658,1.062,0.843,0.741,0.095,0.366,0.472
0.396,0.658,1.061,0.843,0.741,0.095,0.366,0.472
0.396,0.658,1.061,0.842,0.741,0.095,0.366,0.472
0.396,0.658,1.061,0.842,0.741,0.095,0.366,0.472
0.396,0.658,1.061,0.842,0.741,0.095,0.366,0.472
0.396,0.657,1.061,0.842,0.741,0.095,0.366,0.472
0.396,0.657,1.061,0.842,0.741,0.095,0.366,0.472
0.396,0.657,1.061,0.842,0.741,0.095,0.366,0.472
0.396,0.657,1.061,0.842,0.741,0.095,0.366,0.472
0.395,0.657,1.06,0.842,0.741,0.095,0.366,0.472
0.395,0.657,1.06,0.842,0.741,0.095,0.366,0.472
0.395,0.657,1.06,0.842,0.74,0.095,0.366,0.472
0.395,0.657,1.06,0.842,0.741,0.095,0.366,0.472
0.395,0.657,1.06,0.842,0.74,0.095,0.366,0.472
0.395,0.657,1.06,0.842,0.74,0.095,0.366,0.471
0.395,0.657,1.06,0.842,0.74,0.095,0.366,0.471
0.395,0.657,1.059,0.842,0.74,0.095,0.365,0.471
0.395,0.657,1.059,0.842,0.74,0.095,0.366,0.471
0.395,0.657,1.059,0.842,0.74,0.095,0.365,0.471
0.395,0.657,1.059,0.842,0.74,0.095,0.365,0.471
0.395,0.657,1.059,0.841,0.74,0.095,0.365,0.471
0.395,0.657,1.059,0.841,0.74,0.095,0.365,0.471
0.395,0.657,1.059,0.841,0.74,0.095,0.365,0.471
0.395,0.657,1.058,0.841,0.74,0.095,0.365,0.471
0.395,0.656,1.058,0.841,0.74,0.095,0.365,0.471
0.394,0.657,1.058,0.841,0.74,0.095,0.365,0.471
0.394,0.656,1.058,0.841,0.74,0.095,0.365,0.471
0.394,0.656,1.058,0.841,0.74,0.095,0.365,0.471
0.394,0.656,1.057,0.841,0.74,0.095,0.365,0.471
0.394,0.656,1.057,0.841,0.74,0.095,0.365,0.47
0.394,0.656,1.057,0.841,0.74,0.095,0.365,0.47
0.394,0.656,1.057,0.841,0.739,0.095,0.365,0.47
0.394,0.656,1.057,0.841,0.739,0.095,0.365,0.47
0.394,0.656,1.057,0.841,0.739,0.095,0.365,0.47
0.394,0.656,1.057,0.841,0.739,0.095,0.365,0.47
0.394,0.656,1.057,0.84,0.739,0.095,0.365,0.47
0.394,0.656,1.056,0.841,0.739,0.095,0.365,0.47
0.394,0.656,1.056,0.84,0.739,0.095,0.365,0.47
0.394,0.656,1.056,0.84,0.739,0.095,0.365,0.47
0.394,0.656,1.056,0.84,0.739,0.095,0.365,0.47
0.393,0.656,1.056,0.84,0.739,0.095,0.365,0.47
0.394,0.656,1.056,0.84,0.739,0.095,0.364,0.47
0.393,0.656,1.056,0.84,0.739,0.095,0.364,0.469
0.393,0.656,1.055,0.84,0.739,0.095,0.364,0.47
0.393,0.656,1.055,0.84,0.739,0.095,0.364,0.469
0.393,0.656,1.055,0.84,0.739,0.095,0.364,0.469
0.393,0.656,1.055,0.84,0.739,0.095,0.364,0.469
0.393,0.655,1.055,0.84,0.738,0.095,0.364,0.469
0.393,0.655,1.055,0.84,0.738,0.095,0.364,0.469
0.393,0.656,1.054,0.84,0.738,0.095,0.364,0.469
0.393,0.656,1.054,0.84,0.738,0.095,0.364,0.469
0.393,0.655,1.054,0.84,0.738,0.095,0.364,0.469
0.393,0.655,1.054,0.84,0.738,0.095,0.364,0.469
0.393,0.655,1.054,0.84,0.738,0.095,0.364,0.469
0.393,0.655,1.054,0.84,0.738,0.095,0.364,0.469
0.393,0.655,1.054,0.839,0.738,0.095,0.364,0.469
0.392,0.655,1.054,0.839,0.738,0.095,0.364,0.469
0.393,0.655,1.053,0.839,0.738,0.095,0.364,0.469
0.393,0.655,1.053,0.839,0.738,0.095,0.364,0.468
0.392,0.655,1.053,0.839,0.738,0.095,0.364,0.468
0.392,0.655,1.053,0.839,0.738,0.095,0.363,0.468
0.392,0.655,1.053,0.839,0.738,0.095,0.364,0.468
0.392,0.655,1.053,0.839,0.738,0.095,0.364,0.468
0.392,0.655,1.052,0.839,0.737,0.095,0.363,0.468
0.392,0.655,1.052,0.839,0.737,0.095,0.363,0.468
0.392,0.655,1.052,0.839,0.737,0.095,0.363,0.468
0.392,0.655,1.052,0.839,0.737,0.095,0.363,0.468
0.392,0.655,1.052,0.839,0.737,0.095,0.363,0.468
0.392,0.655,1.052,0.839,0.737,0.095,0.363,0.468
0.392,0.655,1.052,0.839,0.737,0.095,0.363,0.468
0.392,0.654,1.051,0.839,0.737,0.095,0.363,0.468
0.392,0.654,1.051,0.839,0.737,0.095,0.363,0.468
0.392,0.654,1.051,0.839,0.737,0.095,0.363,0.468
0.392,0.654,1.051,0.838,0.737,0.095,0.363,0.468
0.391,0.654,1.051,0.839,0.737,0.095,0.363,0.467
0.392,0.654,1.051,0.838,0.737,0.095,0.363,0.467
0.392,0.654,1.051,0.838,0.737,0.095,0.363,0.467
0.392,0.654,1.051,0.838,0.737,0.095,0.363,0.467
0.392,0.654,1.051,0.838,0.737,0.095,0.363,0.467
0.392,0.654,1.051,0.838,0.737,0.095,0.363,0.467
0.392,0.654,1.051,0.838,0.737,0.095,0.363,0.467
0.392,0.654,1.051,0.838,0.737,0.095,0.363,0.467
0.392,0.654,1.051,0.838,0.737,0.095,0.363,0.467
0.392,0.654,1.051,0.838,0.737,0.095,0.363,0.467
0.392,0.654,1.051,0.838,0.737,0.095,0.363,0.467
0.392,0.654,1.051,0.838,0.737,0.095,0.363,0.467
0.392,0.654,1.051,0.838,0.737,0.095,0.363,0.467
0.392,0.654,1.051,0.838,0.737,0.095,0.363,0.467
0.392,0.654,1.051,0.838,0.737,0.095,0.363,0.467
0.392,0.654,1.051,0.838,0.737,0.095,0.363,0.467
0.392,0.654,1.051,0.838,0.737,0.095,0.363,0.467
0.392,0.654,1.051,0.838,0.737,0.095,0.363,0.467
0.392,0.654,1.051,0.838,0.737,0.095,0.363,0.467
0.392,0.654,1.051,0.838,0.737,0.095,0.363,0.467
0.392,0.654,1.051,0.838,0.737,0.095,0.363,0.467
0.392,0.654,1.051,0.838,0.737,0.095,0.363,0.467
0.392,0.654,1.051,0.838,0.737,0.095,0.363,0.467
0.392,0.654,1.051,0.838,0.737,0.095,0.363,0.467
0.392,0.654,1.051,0.838,0.737,0.095,0.363,0.467
0.392,0.654,1.051,0.838,0.737,0.095,0.363,0.467
0.392,0.654,1.051,0.838,0.737,0.095,0.363,0.467
0.392,0.654,1.051,0.838,0.737,0.095,0.363,0.467
0.392,0.654,1.051,0.838,0.737,0.095,0.363,0.467
0.392,0.654,1.051,0.838,0.737,0.095,0.363,0.467
0.392,0.654,1.051,0.838,0.737,0.095,0.363,0.467
0.392,0.654,1.051,0.838,0.737,0.095,0.363,0.467
0.392,0.654,1.051,0.838,0.737,0.095,0.363,0.467
0.392,0.654,1.051,0.838,0.737,0.095,0.363,0.467
0.392,0.654,1.051,0.838,0.737,0.095,0.363,0.467
0.392,0.654,1.051,0.838,0.737,0.095,0.363,0.467
0.392,0.654,1.051,0.838,0.737,0.095,0.363,0.467
0.392,0.654,1.051,0.838,0.737,0.095,0.363,0.467
0.392,0.654,1.051,0.838,0.737,0.095,0.363,0.467
0.392,0.654,1.051,0.838,0.737,0.095,0.363,0.467
0.392,0.654,1.051,0.838,0.737,0.095,0.363,0.467
0.392,0.654,1.051,0.838,0.737,0.095,0.363,0.467
0.392,0.654,1.051,0.838,0.737,0.095,0.363,0.467
0.392,0.654,1.051,0.838,0.737,0.095,0.363,0.467
0.392,0.654,1.051,0.838,0.737,0.095,0.363,0.467
0.392,0.654,1.051,0.838,0.737,0.095,0.363,0.467
0.392,0.654,1.051,0.838,0.737,0.095,0.363,0.467
0.392,0.654,1.051,0.838,0.737,0.095,0.363,0.467
0.392,0.654,1.051,0.838,0.737,0.095,0.363,0.467
0.392,0.654,1.051,0.838,0.737,0.095,0.363,0.467
0.392,0.654,1.051,0.838,0.737,0.095,0.363,0.467
0.392,0.654,1.051,0.838,0.737,0.095,0.363,0.467
0.392,0.654,1.051,0.838,0.737,0.095,0.363,0.467
0.392,0.654,1.051,0.838,0.737,0.095,0.363,0.467
0.392,0.654,1.051,0.838,0.737,0.095,0.363,0.467
0.392,0.654,1.051,0.838,0.737,0.095,0.363,0.467
0.392,0.654,1.051,0.838,0.737,0.095,0.363,0.467
0.392,0.654,1.051,0.838,0.737,0.095,0.363,0.467
0.392,0.654,1.051,0.838,0.737,0.095,0.363,0.467
0.392,0.654,1.051,0.838,0.737,0.095,0.363,0.467
0.392,0.654,1.051,0.838,0.737,0.095,0.363,0.467
0.392,0.654,1.051,0.838,0.737,0.095,0.363,0.467
0.392,0.654,1.051,0.838,0.737,0.095,0.363,0.467
0.392,0.654,1.051,0.838,0.737,0.095,0.363,0.467
0.392,0.654,1.051,0.838,0.737,0.095,0.363,0.467
0.392,0.654,1.051,0.838,0.737,0.095,0.363,0.467
0.392,0.654,1.051,0.838,0.737,0.095,0.363,0.467
0.392,0.654,1.051,0.838,0.737,0.095,0.363,0.467
0.392,0.654,1.051,0.838,0.737,0.095,0.363,0.467
0.392,0.654,1.051,0.838,0.737,0.095,0.363,0.467
0.392,0.654,1.051,0.838,0.737,0.095,0.363,0.467
0.392,0.654,1.051,0.838,0.737,0.095,0.363,0.467
0.392,0.654,1.051,0.838,0.737,0.095,0.363,0.467
0.392,0.654,1.051,0.838,0.737,0.095,0.363,0.467
0.392,0.654,1.051,0.838,0.737,0.095,0.363,0.467
0.392,0.654,1.051,0.838,0.737,0.095,0.363,0.467
0.392,0.654,1.051,0.838,0.737,0.095,0.363,0.467
0.392,0.654,1.051,0.838,0.737,0.095,0.363,0.467
0.392,0.654,1.051,0.838,0.737,0.095,0.363,0.467
0.392,0.654,1.051,0.838,0.737,0.095,0.363,0.467
0.392,0.654,1.051,0.838,0.737,0.095,0.363,0.467
0.392,0.654,1.051,0.838,0.737,0.095,0.363,0.467
0.392,0.654,1.051,0.838,0.737,0.095,0.363,0.467
0.392,0.654,1.051,0.838,0.737,0.095,0.363,0.467
0.392,0.654,1.051,0.838,0.737,0.095,0.363,0.467
0.392,0.654,1.051,0.838,0.737,0.095,0.363,0.467
0.392,0.654,1.051,0.838,0.737,0.095,0.363,0.467
0.392,0.654,1.051,0.838,0.737,0.095,0.363,0.467
0.392,0.654,1.051,0.838,0.737,0.095,0.363,0.467
0.392,0.654,1.051,0.838,0.737,0.095,0.363,0.467
0.392,0.654,1.051,0.838,0.737,0.095,0.363,0.467
0.392,0.654,1.051,0.838,0.737,0.095,0.363,0.467
0.392,0.654,1.051,0.838,0.737,0.095,0.363,0.467
0.392,0.654,1.051,0.838,0.737,0.095,0.363,0.467
0.392,0.654,1.051,0.838,0.737,0.095,0.363,0.467
0.392,0.654,1.051,0.838,0.737,0.095,0.363,0.467
0.392,0.654,1.051,0.838,0.737,0.095,0.363,0.467
0.392,0.654,1.051,0.838,0.737,0.095,0.363,0.467
0.392,0.654,1.051,0.838,0.737,0.095,0.363,0.467
0.392,0.654,1.051,0.838,0.737,0.095,0.363,0.467
0.392,0.654,1.051,0.838,0.737,0.095,0.363,0.467
0.392,0.654,1.051,0.838,0.737,0.095,0.363,0.467
0.392,0.654,1.051,0.838,0.737,0.095,0.363,0.467
0.392,0.654,1.051,0.838,0.737,0.095,0.363,0.467
0.392,0.654,1.051,0.838,0.737,0.095,0.363,0.467
0.392,0.654,1.051,0.838,0.737,0.095,0.363,0.467
0.392,0.654,1.051,0.838,0.737,0.095,0.363,0.467
0.392,0.654,1.051,0.838,0.737,0.095,0.363,0.467
0.392,0.654,1.051,0.838,0.737,0.095,0.363,0.467
0.392,0.654,1.051,0.838,0.737,0.095,0.363,0.467
0.392,0.654,1.051,0.838,0.737,0.095,0.363,0.467
0.392,0.654,1.051,0.838,0.737,0.095,0.363,0.467
0.392,0.654,1.051,0.838,0.737,0.095,0.363,0.467
0.392,0.654,1.051,0.838,0.737,0.095,0.363,0.467
0.392,0.654,1.051,0.838,0.737,0.095,0.363,0.467
0.392,0.654,1.051,0.838,0.737,0.095,0.363,0.467
0.392,0.654,1.051,0.838,0.737,0.095,0.363,0.467
0.392,0.654,1.051,0.838,0.737,0.095,0.363,0.467
0.392,0.654,1.051,0.838,0.737,0.095,0.363,0.467
0.392,0.654,1.051,0.838,0.737,0.095,0.363,0.467
0.392,0.654,1.051,0.838,0.737,0.095,0.363,0.467
0.392,0.654,1.051,0.838,0.737,0.095,0.363,0.467
0.392,0.654,1.051,0.838,0.737,0.095,0.363,0.467
0.392,0.654,1.051,0.838,0.737,0.095,0.363,0.467
0.392,0.654,1.051,0.838,0.737,0.095,0.363,0.467
0.392,0.654,1.051,0.838,0.737,0.095,0.363,0.467
0.392,0.654,1.051,0.838,0.737,0.095,0.363,0.467
0.392,0.654,1.051,0.838,0.737,0.095,0.363,0.467
0.392,0.654,1.051,0.838,0.737,0.095,0.363,0.467
0.392,0.654,1.051,0.838,0.737,0.095,0.363,0.467
0.392,0.654,1.051,0.838,0.737,0.095,0.363,0.467
0.392,0.654,1.051,0.838,0.737,0.095,0.363,0.467
0.392,0.654,1.051,0.838,0.737,0.095,0.363,0.467
0.392,0.654,1.051,0.838,0.737,0.095,0.363,0.467
0.392,0.654,1.051,0.838,0.737,0.095,0.363,0.467
0.392,0.654,1.051,0.838,0.737,0.095,0.363,0.467
0.392,0.654,1.051,0.838,0.737,0.095,0.363,0.467
0.392,0.654,1.051,0.838,0.737,0.095,0.363,0.467
0.392,0.654,1.051,0.838,0.737,0.095,0.363,0.467
0.392,0.654,1.051,0.838,0.737,0.095,0.363,0.467
0.392,0.654,1.051,0.838,0.737,0.095,0.363,0.467
0.392,0.654,1.051,0.838,0.737,0.095,0.363,0.467
0.392,0.654,1.051,0.838,0.737,0.095,0.363,0.467
0.392,0.654,1.051,0.838,0.737,0.095,0.363,0.467
0.392,0.654,1.051,0.838,0.737,0.095,0.363,0.467
0.392,0.654,1.051,0.838,0.737,0.095,0.363,0.467
0.392,0.654,1.051,0.838,0.737,0.095,0.363,0.467
0.392,0.654,1.051,0.838,0.737,0.095,0.363,0.467
0.392,0.654,1.051,0.838,0.737,0.095,0.363,0.467
0.392,0.654,1.051,0.838,0.737,0.095,0.363,0.467
0.392,0.654,1.051,0.838,0.737,0.095,0.363,0.467
0.392,0.654,1.051,0.838,0.737,0.095,0.363,0.467
0.392,0.654,1.051,0.838,0.737,0.095,0.363,0.467
0.392,0.654,1.051,0.838,0.737,0.095,0.363,0.467
0.392,0.654,1.051,0.838,0.737,0.095,0.363,0.467
0.392,0.654,1.051,0.838,0.737,0.095,0.363,0.467
0.392,0.654,1.051,0.838,0.737,0.095,0.363,0.467
0.392,0.654,1.051,0.838,0.737,0.095,0.363,0.467
0.392,0.654,1.051,0.838,0.737,0.095,0.363,0.467
0.392,0.654,1.051,0.838,0.737,0.095,0.363,0.467
0.392,0.654,1.051,0.838,0.737,0.095,0.363,0.467
0.392,0.654,1.051,0.838,0.737,0.095,0.363,0.467
0.392,0.654,1.051,0.838,0.737,0.095,0.363,0.467
0.392,0.654,1.051,0.838,0.737,0.095,0.363,0.467
0.392,0.654,1.051,0.838,0.737,0.095,0.363,0.467
0.392,0.654,1.051,0.838,0.737,0.095,0.363,0.467
0.392,0.654,1.051,0.838,0.737,0.095,0.363,0.467
0.392,0.654,1.051,0.838,0.737,0.095,0.363,0.467
0.392,0.654,1.051,0.838,0.737,0.095,0.363,0.467
0.392,0.654,1.051,0.838,0.737,0.095,0.363,0.467
0.392,0.654,1.051,0.838,0.737,0.095,0.363,0.467
0.392,0.654,1.051,0.838,0.737,0.095,0.363,0.467
0.392,0.654,1.051,0.838,0.737,0.095,0.363,0.467
0.392,0.654,1.051,0.838,0.737,0.095,0.363,0.467
0.392,0.654,1.051,0.838,0.737,0.095,0.363,0.467
0.392,0.654,1.051,0.838,0.737,0.095,0.363,0.467
0.392,0.654,1.051,0.838,0.737,0.095,0.363,0.467
0.392,0.654,1.051,0.838,0.737,0.095,0.363,0.467
0.392,0.654,1.051,0.838,0.737,0.095,0.363,0.467
0.392,0.654,1.051,0.838,0.737,0.095,0.363,0.467
0.392,0.654,1.051,0.838,0.737,0.095,0.363,0.467
0.392,0.654,1.051,0.838,0.737,0.095,0.363,0.467
0.392,0.654,1.051,0.838,0.737,0.095,0.363,0.467
0.392,0.654,1.051,0.838,0.737,0.095,0.363,0.467
0.392,0.654,1.051,0.838,0.737,0.095,0.363,0.467
0.392,0.654,1.051,0.838,0.737,0.095,0.363,0.467
0.392,0.654,1.051,0.838,0.737,0.095,0.363,0.467
0.392,0.654,1.051,0.838,0.737,0.095,0.363,0.467
0.392,0.654,1.051,0.838,0.737,0.095,0.363,0.467
0.392,0.654,1.051,0.838,0.737,0.095,0.363,0.467
0.392,0.654,1.051,0.838,0.737,0.095,0.363,0.467
0.392,0.654,1.051,0.838,0.737,0.095,0.363,0.467
0.392,0.654,1.051,0.838,0.737,0.095,0.363,0.467
0.392,0.654,1.051,0.838,0.737,0.095,0.363,0.467
0.392,0.654,1.051,0.838,0.737,0.095,0.363,0.467
0.392,0.654,1.051,0.838,0.737,0.095,0.363,0.467
0.392,0.654,1.051,0.838,0.737,0.095,0.363,0.467
0.392,0.654,1.051,0.838,0.737,0.095,0.363,0.467
0.392,0.654,1.051,0.838,0.737,0.095,0.363,0.467
0.392,0.654,1.051,0.838,0.737,0.095,0.363,0.467
0.392,0.654,1.051,0.838,0.737,0.095,0.363,0.467
0.392,0.654,1.051,0.838,0.737,0.095,0.363,0.467
0.392,0.654,1.051,0.838,0.737,0.095,0.363,0.467
0.392,0.654,1.051,0.838,0.737,0.095,0.363,0.467
0.392,0.654,1.051,0.838,0.737,0.095,0.363,0.467
0.392,0.654,1.051,0.838,0.737,0.095,0.363,0.467
0.392,0.654,1.051,0.838,0.737,0.095,0.363,0.467
0.392,0.654,1.051,0.838,0.737,0.095,0.363,0.467
0.392,0.654,1.051,0.838,0.737,0.095,0.363,0.467
0.392,0.654,1.051,0.838,0.737,0.095,0.363,0.467
0.392,0.654,1.051,0.838,0.737,0.095,0.363,0.467
0.392,0.654,1.051,0.838,0.737,0.095,0.363,0.467
0.392,0.654,1.051,0.838,0.737,0.095,0.363,0.467
0.392,0.654,1.051,0.838,0.737,0.095,0.363,0.467
0.392,0.654,1.051,0.838,0.737,0.095,0.363,0.467
0.392,0.654,1.051,0.838,0.737,0.095,0.363,0.467
0.392,0.654,1.051,0.838,0.737,0.095,0.363,0.467
0.392,0.654,1.051,0.838,0.737,0.095,0.363,0.467
0.392,0.654,1.051,0.838,0.737,0.095,0.363,0.467
0.392,0.654,1.051,0.838,0.737,0.095,0.363,0.467
0.392,0.654,1.051,0.838,0.737,0.095,0.363,0.467
0.392,0.654,1.051,0.838,0.737,0.095,0.363,0.467
0.392,0.654,1.051,0.838,0.737,0.095,0.363,0.467
0.392,0.654,1.051,0.838,0.737,0.095,0.363,0.467
0.392,0.654,1.051,0.838,0.737,0.095,0.363,0.467
0.392,0.654,1.051,0.838,0.737,0.095,0.363,0.467
0.392,0.654,1.051,0.838,0.737,0.095,0.363,0.467
0.392,0.654,1.051,0.838,0.737,0.095,0.363,0.467
0.392,0.654,1.051,0.838,0.737,0.095,0.363,0.467
0.392,0.654,1.051,0.838,0.737,0.095,0.363,0.467
0.392,0.654,1.051,0.838,0.737,0.095,0.363,0.467
0.392,0.654,1.051,0.838,0.737,0.095,0.363,0.467
0.392,0.654,1.051,0.838,0.737,0.095,0.363,0.467
0.392,0.654,1.051,0.838,0.737,0.095,0.363,0.467
0.392,0.654,1.051,0.838,0.737,0.095,0.363,0.467
0.392,0.654,1.051,0.838,0.737,0.095,0.363,0.467
0.392,0.654,1.051,0.838,0.737,0.095,0.363,0.467
0.392,0.654,1.051,0.838,0.737,0.095,0.363,0.467
0.392,0.654,1.051,0.838,0.737,0.095,0.363,0.467
0.392,0.654,1.051,0.838,0.737,0.095,0.363,0.467
0.392,0.654,1.051,0.838,0.737,0.095,0.363,0.467
0.392,0.654,1.051,0.838,0.737,0.095,0.363,0.467
0.392,0.654,1.051,0.838,0.737,0.095,0.363,0.467
0.392,0.654,1.051,0.838,0.737,0.095,0.363,0.467
0.392,0.654,1.051,0.838,0.737,0.095,0.363,0.467
0.392,0.654,1.051,0.838,0.737,0.095,0.363,0.467
0.392,0.654,1.051,0.838,0.737,0.095,0.363,0.467
0.392,0.654,1.051,0.838,0.737,0.095,0.363,0.467
0.392,0.654,1.051,0.838,0.737,0.095,0.363,0.467
0.392,0.654,1.051,0.838,0.737,0.095,0.363,0.467
0.392,0.654,1.051,0.838,0.737,0.095,0.363,0.467
0.392,0.654,1.051,0.838,0.737,0.095,0.363,0.467
0.392,0.654,1.051,0.838,0.737,0.095,0.363,0.467
0.392,0.654,1.051,0.838,0.737,0.095,0.363,0.467
0.392,0.654,1.051,0.838,0.737,0.095,0.363,0.467
0.392,0.654,1.051,0.838,0.737,0.095,0.363,0.467
0.392,0.654,1.051,0.838,0.737,0.095,0.363,0.467
0.392,0.654,1.051,0.838,0.737,0.095,0.363,0.467
0.392,0.654,1.051,0.838,0.737,0.095,0.363,0.467
0.392,0.654,1.051,0.838,0.737,0.095,0.363,0.467
0.392,0.654,1.051,0.838,0.737,0.095,0.363,0.467
0.392,0.654,1.051,0.838,0.737,0.095,0.363,0.467
0.392,0.654,1.051,0.838,0.737,0.095,0.363,0.467
0.392,0.654,1.051,0.838,0.737,0.095,0.363,0.467
0.392,0.654,1.051,0.838,0.737,0.095,0.363,0.467
0.392,0.654,1.051,0.838,0.737,0.095,0.363,0.467
0.392,0.654,1.051,0.838,0.737,0.095,0.363,0.467
0.392,0.654,1.051,0.838,0.737,0.095,0.363,0.467
0.392,0.654,1.051,0.838,0.737,0.095,0.363,0.467
0.392,0.654,1.051,0.838,0.737,0.095,0.363,0.467
0.392,0.654,1.051,0.838,0.737,0.095,0.363,0.467
0.392,0.654,1.051,0.838,0.737,0.095,0.363,0.467
0.392,0.654,1.051,0.838,0.737,0.095,0.363,0.467
0.392,0.654,1.051,0.838,0.737,0.095,0.363,0.467
0.392,0.654,1.051,0.838,0.737,0.095,0.363,0.467
0.392,0.654,1.051,0.838,0.737,0.095,0.363,0.467
0.392,0.654,1.051,0.838,0.737,0.095,0.363,0.467
0.392,0.654,1.051,0.838,0.737,0.095,0.363,0.467
0.392,0.654,1.051,0.838,0.737,0.095,0.363,0.467
0.392,0.654,1.051,0.838,0.737,0.095,0.363,0.467
0.392,0.654,1.051,0.838,0.737,0.095,0.363,0.467
0.392,0.654,1.051,0.838,0.737,0.095,0.363,0.467
0.392,0.654,1.051,0.838,0.737,0.095,0.363,0.467
0.392,0.654,1.051,0.838,0.737,0.095,0.363,0.467
0.392,0.654,1.051,0.838,0.737,0.095,0.363,0.467
0.392,0.654,1.051,0.838,0.737,0.095,0.363,0.467
0.392,0.654,1.051,0.838,0.737,0.095,0.363,0.467
0.392,0.654,1.051,0.838,0.737,0.095,0.363,0.467
0.392,0.654,1.051,0.838,0.737,0.095,0.363,0.467
0.392,0.654,1.051,0.838,0.737,0.095,0.363,0.467
0.392,0.654,1.051,0.838,0.737,0.095,0.363,0.467
0.392,0.654,1.051,0.838,0.737,0.095,0.363,0.467
0.392,0.654,1.051,0.838,0.737,0.095,0.363,0.467
0.392,0.654,1.051,0.838,0.737,0.095,0.363,0.467
0.392,0.654,1.051,0.838,0.737,0.095,0.363,0.467
0.392,0.654,1.051,0.838,0.737,0.095,0.363,0.467
0.392,0.654,1.051,0.838,0.737,0.095,0.363,0.467
0.392,0.654,1.051,0.838,0.737,0.095,0.363,0.467
0.392,0.654,1.051,0.838,0.737,0.095,0.363,0.467
0.392,0.654,1.051,0.838,0.737,0.095,0.363,0.467
0.392,0.654,1.051,0.838,0.737,0.095,0.363,0.467
0.392,0.654,1.051,0.838,0.737,0.095,0.363,0.467
0.392,0.654,1.051,0.838,0.737,0.095,0.363,0.467
0.392,0.654,1.051,0.838,0.737,0.095,0.363,0.467
0.392,0.654,1.051,0.838,0.737,0.095,0.363,0.467
0.392,0.654,1.051,0.838,0.737,0.095,0.363,0.467
0.392,0.654,1.051,0.838,0.737,0.095,0.363,0.467
0.392,0.654,1.051,0.838,0.737,0.095,0.363,0.467
0.392,0.654,1.051,0.838,0.737,0.095,0.363,0.467
0.392,0.654,1.051,0.838,0.737,0.095,0.363,0.467
0.392,0.654,1.051,0.838,0.737,0.095,0.363,0.467
0.392,0.654,1.051,0.838,0.737,0.095,0.363,0.467
0.392,0.654,1.051,0.838,0.737,0.095,0.363,0.467
0.392,0.654,1.051,0.838,0.737,0.095,0.363,0.467
0.392,0.654,1.051,0.838,0.737,0.095,0.363,0.467
0.392,0.654,1.051,0.838,0.737,0.095,0.363,0.467
0.392,0.654,1.051,0.838,0.737,0.095,0.363,0.467
0.392,0.654,1.051,0.838,0.737,0.095,0.363,0.467
0.392,0.654,1.051,0.838,0.737,0.095,0.363,0.467
0.392,0.654,1.051,0.838,0.737,0.095,0.363,0.467
0.392,0.654,1.051,0.838,0.737,0.095,0.363,0.467
0.392,0.654,1.051,0.838,0.737,0.095,0.363,0.467
0.392,0.654,1.051,0.838,0.737,0.095,0.363,0.467
0.392,0.654,1.051,0.838,0.737,0.095,0.363,0.467
0.392,0.654,1.051,0.838,0.737,0.095,0.363,0.467
0.392,0.654,1.051,0.838,0.737,0.095,0.363,0.467
0.392,0.654,1.051,0.838,0.737,0.095,0.363,0.467
0.392,0.654,1.051,0.838,0.737,0.095,0.363,0.467
0.392,0.654,1.051,0.838,0.737,0.095,0.363,0.467
0.392,0.654,1.051,0.838,0.737,0.095,0.363,0.467
0.392,0.654,1.051,0.838,0.737,0.095,0.363,0.467
0.392,0.654,1.051,0.838,0.737,0.095,0.363,0.467
0.392,0.654,1.051,0.838,0.737,0.095,0.363,0.467
0.392,0.654,1.051,0.838,0.737,0.095,0.363,0.467
0.392,0.654,1.051,0.838,0.737,0.095,0.363,0.467
0.392,0.654,1.051,0.838,0.737,0.095,0.363,0.467
0.392,0.654,1.051,0.838,0.737,0.095,0.363,0.467
0.392,0.654,1.051,0.838,0.737,0.095,0.363,0.467
0.392,0.654,1.051,0.838,0.737,0.095,0.363,0.467
0.392,0.654,1.051,0.838,0.737,0.095,0.363,0.467
0.392,0.654,1.051,0.838,0.737,0.095,0.363,0.467
0.392,0.654,1.051,0.838,0.737,0.095,0.363,0.467
0.392,0.654,1.051,0.838,0.737,0.095,0.363,0.467
0.392,0.654,1.051,0.838,0.737,0.095,0.363,0.467
0.392,0.654,1.051,0.838,0.737,0.095,0.363,0.467
0.392,0.654,1.051,0.838,0.737,0.095,0.363,0.467
0.392,0.654,1.051,0.838,0.737,0.095,0.363,0.467
0.392,0.654,1.051,0.838,0.737,0.095,0.363,0.467
0.392,0.654,1.051,0.838,0.737,0.095,0.363,0.467
0.392,0.654,1.051,0.838,0.737,0.095,0.363,0.467
0.392,0.654,1.051,0.838,0.737,0.095,0.363,0.467
0.392,0.654,1.051,0.838,0.737,0.095,0.363,0.467
0.392,0.654,1.051,0.838,0.737,0.095,0.363,0.467
0.392,0.654,1.051,0.838,0.737,0.095,0.363,0.467
0.392,0.654,1.051,0.838,0.737,0.095,0.363,0.467
0.392,0.654,1.051,0.838,0.737,0.095,0.363,0.467
0.392,0.654,1.051,0.838,0.737,0.095,0.363,0.467
0.392,0.654,1.051,0.838,0.737,0.095,0.363,0.467
0.392,0.654,1.051,0.838,0.737,0.095,0.363,0.467
0.392,0.654,1.051,0.838,0.737,0.095,0.363,0.467
0.392,0.654,1.051,0.838,0.737,0.095,0.363,0.467
0.392,0.654,1.051,0.838,0.737,0.095,0.363,0.467
0.392,0.654,1.051,0.838,0.737,0.095,0.363,0.467
0.392,0.654,1.051,0.838,0.737,0.095,0.363,0.467
0.392,0.654,1.051,0.838,0.737,0.095,0.363,0.467
0.392,0.654,1.051,0.838,0.737,0.095,0.363,0.467
0.392,0.654,1.051,0.838,0.737,0.095,0.363,0.467
0.392,0.654,1.051,0.838,0.737,0.095,0.363,0.467
0.392,0.654,1.051,0.838,0.737,0.095,0.363,0.467
0.392,0.654,1.051,0.838,0.737,0.095,0.363,0.467
0.392,0.654,1.051,0.838,0.737,0.095,0.363,0.467
0.392,0.654,1.051,0.838,0.737,0.095,0.363,0.467
0.392,0.654,1.051,0.838,0.737,0.095,0.363,0.467
0.392,0.654,1.051,0.838,0.737,0.095,0.363,0.467
0.392,0.654,1.051,0.838,0.737,0.095,0.363,0.467
0.392,0.654,1.051,0.838,0.737,0.095,0.363,0.467
0.392,0.654,1.051,0.838,0.737,0.095,0.363,0.467
0.392,0.654,1.051,0.838,0.737,0.095,0.363,0.467
0.392,0.654,1.051,0.838,0.737,0.095,0.363,0.467
0.392,0.654,1.051,0.838,0.737,0.095,0.363,0.467
0.392,0.654,1.051,0.838,0.737,0.095,0.363,0.467
0.392,0.654,1.051,0.838,0.737,0.095,0.363,0.467
0.392,0.654,1.051,0.838,0.737,0.095,0.363,0.467
0.392,0.654,1.051,0.838,0.737,0.095,0.363,0.467
0.392,0.654,1.051,0.838,0.737,0.095,0.363,0.467
0.392,0.654,1.051,0.838,0.737,0.095,0.363,0.467
0.392,0.654,1.051,0.838,0.737,0.095,0.363,0.467
0.392,0.654,1.051,0.838,0.737,0.095,0.363,0.467
0.392,0.654,1.051,0.838,0.737,0.095,0.363,0.467
0.392,0.654,1.051,0.838,0.737,0.095,0.363,0.467
0.392,0.654,1.051,0.838,0.737,0.095,0.363,0.467
0.392,0.654,1.051,0.838,0.737,0.095,0.363,0.467
0.392,0.654,1.051,0.838,0.737,0.095,0.363,0.467
0.392,0.654,1.051,0.838,0.737,0.095,0.363,0.467
0.392,0.654,1.051,0.838,0.737,0.095,0.363,0.467
0.392,0.654,1.051,0.838,0.737,0.095,0.363,0.467
0.392,0.654,1.051,0.838,0.737,0.095,0.363,0.467
0.392,0.654,1.051,0.838,0.737,0.095,0.363,0.467
0.392,0.654,1.051,0.838,0.737,0.095,0.363,0.467
0.392,0.654,1.051,0.838,0.737,0.095,0.363,0.467
0.392,0.654,1.051,0.838,0.737,0.095,0.363,0.467
0.392,0.654,1.051,0.838,0.737,0.095,0.363,0.467
0.392,0.654,1.051,0.838,0.737,0.095,0.363,0.467
0.392,0.654,1.051,0.838,0.737,0.095,0.363,0.467
0.392,0.654,1.051,0.838,0.737,0.095,0.363,0.467
0.392,0.654,1.051,0.838,0.737,0.095,0.363,0.467
0.392,0.654,1.051,0.838,0.737,0.095,0.363,0.467
0.392,0.654,1.051,0.838,0.737,0.095,0.363,0.467
0.392,0.654,1.051,0.838,0.737,0.095,0.363,0.467
0.392,0.654,1.051,0.838,0.737,0.095,0.363,0.467
0.392,0.654,1.051,0.838,0.737,0.095,0.363,0.467
0.392,0.654,1.051,0.838,0.737,0.095,0.363,0.467
0.392,0.654,1.051,0.838,0.737,0.095,0.363,0.467
0.392,0.654,1.051,0.838,0.737,0.095,0.363,0.467
0.392,0.654,1.051,0.838,0.737,0.095,0.363,0.467
0.392,0.654,1.051,0.838,0.737,0.095,0.363,0.467
0.392,0.654,1.051,0.838,0.737,0.095,0.363,0.467
0.392,0.654,1.051,0.838,0.737,0.095,0.363,0.467
0.392,0.654,1.051,0.838,0.737,0.095,0.363,0.467
0.392,0.654,1.051,0.838,0.737,0.095,0.363,0.467
0.392,0.654,1.051,0.838,0.737,0.095,0.363,0.467
0.392,0.654,1.051,0.838,0.737,0.095,0.363,0.467
0.392,0.654,1.051,0.838,0.737,0.095,0.363,0.467
0.392,0.654,1.051,0.838,0.737,0.095,0.363,0.467
0.392,0.654,1.051,0.838,0.737,0.095,0.363,0.467
0.392,0.654,1.051,0.838,0.737,0.095,0.363,0.467
0.392,0.654,1.051,0.838,0.737,0.095,0.363,0.467
0.392,0.654,1.051,0.838,0.737,0.095,0.363,0.467
0.392,0.654,1.051,0.838,0.737,0.095,0.363,0.467
0.392,0.654,1.051,0.838,0.737,0.095,0.363,0.467
0.392,0.654,1.051,0.838,0.737,0.095,0.363,0.467
0.392,0.654,1.051,0.838,0.737,0.095,0.363,0.467
0.392,0.654,1.051,0.838,0.737,0.095,0.363,0.467
0.392,0.654,1.051,0.838,0.737,0.095,0.363,0.467
0.392,0.654,1.051,0.838,0.737,0.095,0.363,0.467
0.392,0.654,1.051,0.838,0.737,0.095,0.363,0.467
0.392,0.654,1.051,0.838,0.737,0.095,0.363,0.467
0.392,0.654,1.051,0.838,0.737,0.095,0.363,0.467
0.392,0.654,1.051,0.838,0.737,0.095,0.363,0.467
0.392,0.654,1.051,0.838,0.737,0.095,0.363,0.467
0.392,0.654,1.051,0.838,0.737,0.095,0.363,0.467
0.392,0.654,1.051,0.838,0.737,0.095,0.363,0.467
0.392,0.654,1.051,0.838,0.737,0.095,0.363,0.467
0.392,0.654,1.051,0.838,0.737,0.095,0.363,0.467
0.392,0.654,1.051,0.838,0.737,0.095,0.363,0.467
0.392,0.654,1.051,0.838,0.737,0.095,0.363,0.467
0.392,0.654,1.051,0.838,0.737,0.095,0.363,0.467
0.392,0.654,1.051,0.838,0.737,0.095,0.363,0.467
0.392,0.654,1.051,0.838,0.737,0.095,0.363,0.467
0.392,0.654,1.051,0.838,0.737,0.095,0.363,0.467
0.392,0.654,1.051,0.838,0.737,0.095,0.363,0.467
0.392,0.654,1.051,0.838,0.737,0.095,0.363,0.467
0.392,0.654,1.051,0.838,0.737,0.095,0.363,0.467
0.392,0.654,1.051,0.838,0.737,0.095,0.363,0.467
0.392,0.654,1.051,0.838,0.737,0.095,0.363,0.467
0.392,0.654,1.051,0.838,0.737,0.095,0.363,0.467
0.392,0.654,1.051,0.838,0.737,0.095,0.363,0.467
0.392,0.654,1.051,0.838,0.737,0.095,0.363,0.467
0.392,0.654,1.051,0.838,0.737,0.095,0.363,0.467
0.392,0.654,1.051,0.838,0.737,0.095,0.363,0.467
0.392,0.654,1.051,0.838,0.737,0.095,0.363,0.467
0.392,0.654,1.051,0.838,0.737,0.095,0.363,0.467
0.392,0.654,1.051,0.838,0.737,0.095,0.363,0.467
0.392,0.654,1.051,0.838,0.737,0.095,0.363,0.467
0.392,0.654,1.051,0.838,0.737,0.095,0.363,0.467
0.392,0.654,1.051,0.838,0.737,0.095,0.363,0.467
0.392,0.654,1.051,0.838,0.737,0.095,0.363,0.467
0.392,0.654,1.051,0.838,0.737,0.095,0.363,0.467
0.392,0.654,1.051,0.838,0.737,0.095,0.363,0.467
0.392,0.654,1.051,0.838,0.737,0.095,0.363,0.467
0.392,0.654,1.051,0.838,0.737,0.095,0.363,0.467
0.392,0.654,1.051,0.838,0.737,0.095,0.363,0.467
0.392,0.654,1.051,0.838,0.737,0.095,0.363,0.467
0.392,0.654,1.051,0.838,0.737,0.095,0.363,0.467
0.392,0.654,1.051,0.838,0.737,0.095,0.363,0.467
0.392,0.654,1.051,0.838,0.737,0.095,0.363,0.467
0.392,0.654,1.051,0.838,0.737,0.095,0.363,0.467
0.392,0.654,1.051,0.838,0.737,0.095,0.363,0.467
0.392,0.654,1.051,0.838,0.737,0.095,0.363,0.467
0.392,0.654,1.051,0.838,0.737,0.095,0.363,0.467
0.392,0.654,1.051,0.838,0.737,0.095,0.363,0.467
0.392,0.654,1.051,0.838,0.737,0.095,0.363,0.467
0.392,0.654,1.051,0.838,0.737,0.095,0.363,0.467
0.392,0.654,1.051,0.838,0.737,0.095,0.363,0.467
0.392,0.654,1.051,0.838,0.737,0.095,0.363,0.467
0.392,0.654,1.051,0.838,0.737,0.095,0.363,0.467
0.392,0.654,1.051,0.838,0.737,0.095,0.363,0.467
0.392,0.654,1.051,0.838,0.737,0.095,0.363,0.467
0.392,0.654,1.051,0.838,0.737,0.095,0.363,0.467
0.392,0.654,1.051,0.838,0.737,0.095,0.363,0.467
0.392,0.654,1.051,0.838,0.737,0.095,0.363,0.467
0.392,0.654,1.051,0.838,0.737,0.095,0.363,0.467
0.392,0.654,1.051,0.838,0.737,0.095,0.363,0.467
0.392,0.654,1.051,0.838,0.737,0.095,0.363,0.467
0.392,0.654,1.051,0.838,0.737,0.095,0.363,0.467
0.392,0.654,1.051,0.838,0.737,0.095,0.363,0.467
0.392,0.654,1.051,0.838,0.737,0.095,0.363,0.467
0.392,0.654,1.051,0.838,0.737,0.095,0.363,0.467
0.392,0.654,1.051,0.838,0.737,0.095,0.363,0.467
0.392,0.654,1.051,0.838,0.737,0.095,0.363,0.467
0.392,0.654,1.051,0.838,0.737,0.095,0.363,0.467
0.392,0.654,1.051,0.838,0.737,0.095,0.363,0.467
0.392,0.654,1.051,0.838,0.737,0.095,0.363,0.467
0.392,0.654,1.051,0.838,0.737,0.095,0.363,0.467
0.392,0.654,1.051,0.838,0.737,0.095,0.363,0.467
0.392,0.654,1.051,0.838,0.737,0.095,0.363,0.467
0.392,0.654,1.051,0.838,0.737,0.095,0.363,0.467
0.392,0.654,1.051,0.838,0.737,0.095,0.363,0.467
0.392,0.654,1.051,0.838,0.737,0.095,0.363,0.467
0.392,0.654,1.051,0.838,0.737,0.095,0.363,0.467
0.392,0.654,1.051,0.838,0.737,0.095,0.363,0.467
0.392,0.654,1.051,0.838,0.737,0.095,0.363,0.467
0.392,0.654,1.051,0.838,0.737,0.095,0.363,0.467
0.392,0.654,1.051,0.838,0.737,0.095,0.363,0.467
0.392,0.654,1.051,0.838,0.737,0.095,0.363,0.467
0.392,0.654,1.051,0.838,0.737,0.095,0.363,0.467
0.392,0.654,1.051,0.838,0.737,0.095,0.363,0.467
0.392,0.654,1.051,0.838,0.737,0.095,0.363,0.467
0.392,0.654,1.051,0.838,0.737,0.095,0.363,0.467
0.392,0.654,1.051,0.838,0.737,0.095,0.363,0.467
0.392,0.654,1.051,0.838,0.737,0.095,0.363,0.467
0.392,0.654,1.051,0.838,0.737,0.095,0.363,0.467
0.392,0.654,1.051,0.838,0.737,0.095,0.363,0.467
0.392,0.654,1.051,0.838,0.737,0.095,0.363,0.467
0.392,0.654,1.051,0.838,0.737,0.095,0.363,0.467
0.392,0.654,1.051,0.838,0.737,0.095,0.363,0.467
0.392,0.654,1.051,0.838,0.737,0.095,0.363,0.467
0.392,0.654,1.051,0.838,0.737,0.095,0.363,0.467
0.392,0.654,1.051,0.838,0.737,0.095,0.363,0.467
0.392,0.654,1.051,0.838,0.737,0.095,0.363,0.467
0.392,0.654,1.051,0.838,0.737,0.095,0.363,0.467
0.392,0.654,1.051,0.838,0.737,0.095,0.363,0.467
0.392,0.654,1.051,0.838,0.737,0.095,0.363,0.467
0.392,0.654,1.051,0.838,0.737,0.095,0.363,0.467
0.392,0.654,1.051,0.838,0.737,0.095,0.363,0.467
0.392,0.654,1.051,0.838,0.737,0.095,0.363,0.467
0.392,0.654,1.051,0.838,0.737,0.095,0.363,0.467
0.392,0.654,1.051,0.838,0.737,0.095,0.363,0.467
0.392,0.654,1.051,0.838,0.737,0.095,0.363,0.467
0.392,0.654,1.051,0.838,0.737,0.095,0.363,0.467
0.392,0.654,1.051,0.838,0.737,0.095,0.363,0.467
0.392,0.654,1.051,0.838,0.737,0.095,0.363,0.467
0.392,0.654,1.051,0.838,0.737,0.095,0.363,0.467
0.392,0.654,1.051,0.838,0.737,0.095,0.363,0.467
0.392,0.654,1.051,0.838,0.737,0.095,0.363,0.467
0.392,0.654,1.051,0.838,0.737,0.095,0.363,0.467
0.392,0.654,1.051,0.838,0.737,0.095,0.363,0.467
0.392,0.654,1.051,0.838,0.737,0.095,0.363,0.467
0.392,0.654,1.051,0.838,0.737,0.095,0.363,0.467
0.392,0.654,1.051,0.838,0.737,0.095,0.363,0.467
0.392,0.654,1.051,0.838,0.737,0.095,0.363,0.467
0.392,0.654,1.051,0.838,0.737,0.095,0.363,0.467
0.392,0.654,1.051,0.838,0.737,0.095,0.363,0.467
0.392,0.654,1.051,0.838,0.737,0.095,0.363,0.467
0.392,0.654,1.051,0.838,0.737,0.095,0.363,0.467
0.392,0.654,1.051,0.838,0.737,0.095,0.363,0.467
0.392,0.654,1.051,0.838,0.737,0.095,0.363,0.467
0.392,0.654,1.051,0.838,0.737,0.095,0.363,0.467
0.392,0.654,1.051,0.838,0.737,0.095,0.363,0.467
0.392,0.654,1.051,0.838,0.737,0.095,0.363,0.467
0.392,0.654,1.051,0.838,0.737,0.095,0.363,0.467
0.392,0.654,1.051,0.838,0.737,0.095,0.363,0.467
0.392,0.654,1.051,0.838,0.737,0.095,0.363,0.467
0.392,0.654,1.051,0.838,0.737,0.095,0.363,0.467
0.392,0.654,1.051,0.838,0.737,0.095,0.363,0.467
0.392,0.654,1.051,0.838,0.737,0.095,0.363,0.467
0.392,0.654,1.051,0.838,0.737,0.095,0.363,0.467
0.392,0.654,1.051,0.838,0.737,0.095,0.363,0.467
0.392,0.654,1.051,0.838,0.737,0.095,0.363,0.467
0.392,0.654,1.051,0.838,0.737,0.095,0.363,0.467
0.392,0.654,1.051,0.838,0.737,0.095,0.363,0.467
0.392,0.654,1.051,0.838,0.737,0.095,0.363,0.467
0.392,0.654,1.051,0.838,0.737,0.095,0.363,0.467
0.392,0.654,1.051,0.838,0.737,0.095,0.363,0.467
0.392,0.654,1.051,0.838,0.737,0.095,0.363,0.467
0.392,0.654,1.051,0.838,0.737,0.095,0.363,0.467
0.392,0.654,1.051,0.838,0.737,0.095,0.363,0.467
0.392,0.654,1.051,0.838,0.737,0.095,0.363,0.467
0.392,0.654,1.051,0.838,0.737,0.095,0.363,0.467
0.392,0.654,1.051,0.838,0.737,0.095,0.363,0.467
0.392,0.654,1.051,0.838,0.737,0.095,0.363,0.467
0.392,0.654,1.051,0.838,0.737,0.095,0.363,0.467
0.392,0.654,1.051,0.838,0.737,0.095,0.363,0.467
0.392,0.654,1.051,0.838,0.737,0.095,0.363,0.467
0.392,0.654,1.051,0.838,0.737,0.095,0.363,0.467
0.392,0.654,1.051,0.838,0.737,0.095,0.363,0.467
0.392,0.654,1.051,0.838,0.737,0.095,0.363,0.467
0.392,0.654,1.051,0.838,0.737,0.095,0.363,0.467
0.392,0.654,1.051,0.838,0.737,0.095,0.363,0.467
0.392,0.654,1.051,0.838,0.737,0.095,0.363,0.467
0.392,0.654,1.051,0.838,0.737,0.095,0.363,0.467
0.392,0.654,1.051,0.838,0.737,0.095,0.363,0.467
0.392,0.654,1.051,0.838,0.737,0.095,0.363,0.467
0.392,0.654,1.051,0.838,0.737,0.095,0.363,0.467
0.392,0.654,1.051,0.838,0.737,0.095,0.363,0.467
0.392,0.654,1.051,0.838,0.737,0.095,0.363,0.467
0.392,0.654,1.051,0.838,0.737,0.095,0.363,0.467
0.392,0.654,1.051,0.838,0.737,0.095,0.363,0.467
0.392,0.654,1.051,0.838,0.737,0.095,0.363,0.467
0.392,0.654,1.051,0.838,0.737,0.095,0.363,0.467
0.392,0.654,1.051,0.838,0.737,0.095,0.363,0.467
0.392,0.654,1.051,0.838,0.737,0.095,0.363,0.467
0.392,0.654,1.051,0.838,0.737,0.095,0.363,0.467
0.392,0.654,1.051,0.838,0.737,0.095,0.363,0.467
0.392,0.654,1.051,0.838,0.737,0.095,0.363,0.467
0.392,0.654,1.051,0.838,0.737,0.095,0.363,0.467
0.392,0.654,1.051,0.838,0.737,0.095,0.363,0.467
0.392,0.654,1.051,0.838,0.737,0.095,0.363,0.467
0.392,0.654,1.051,0.838,0.737,0.095,0.363,0.467
0.392,0.654,1.051,0.838,0.737,0.095,0.363,0.467
0.392,0.654,1.051,0.838,0.737,0.095,0.363,0.467
0.392,0.654,1.051,0.838,0.737,0.095,0.363,0.467
0.392,0.654,1.051,0.838,0.737,0.095,0.363,0.467
0.392,0.654,1.051,0.838,0.737,0.095,0.363,0.467
0.392,0.654,1.051,0.838,0.737,0.095,0.363,0.467
0.392,0.654,1.051,0.838,0.737,0.095,0.363,0.467
0.392,0.654,1.051,0.838,0.737,0.095,0.363,0.467
0.392,0.654,1.051,0.838,0.737,0.095,0.363,0.467
0.392,0.654,1.051,0.838,0.737,0.095,0.363,0.467
0.392,0.654,1.051,0.838,0.737,0.095,0.363,0.467
0.392,0.654,1.051,0.838,0.737,0.095,0.363,0.467
0.392,0.654,1.051,0.838,0.737,0.095,0.363,0.467
0.392,0.654,1.051,0.838,0.737,0.095,0.363,0.467
0.392,0.654,1.051,0.838,0.737,0.095,0.363,0.467
0.392,0.654,1.051,0.838,0.737,0.095,0.363,0.467
0.392,0.654,1.051,0.838,0.737,0.095,0.363,0.467
0.392,0.654,1.051,0.838,0.737,0.095,0.363,0.467
0.392,0.654,1.051,0.838,0.737,0.095,0.363,0.467
0.392,0.654,1.051,0.838,0.737,0.095,0.363,0.467
0.392,0.654,1.051,0.838,0.737,0.095,0.363,0.467
0.392,0.654,1.051,0.838,0.737,0.095,0.363,0.467
0.392,0.654,1.051,0.838,0.737,0.095,0.363,0.467
0.392,0.654,1.051,0.838,0.737,0.095,0.363,0.467
0.392,0.654,1.051,0.838,0.737,0.095,0.363,0.467
0.392,0.654,1.051,0.838,0.737,0.095,0.363,0.467
0.392,0.654,1.051,0.838,0.737,0.095,0.363,0.467
0.392,0.654,1.051,0.838,0.737,0.095,0.363,0.467
0.392,0.654,1.051,0.838,0.737,0.095,0.363,0.467
0.392,0.654,1.051,0.838,0.737,0.095,0.363,0.467
0.392,0.654,1.051,0.838,0.737,0.095,0.363,0.467
0.392,0.654,1.051,0.838,0.737,0.095,0.363,0.467
0.392,0.654,1.051,0.838,0.737,0.095,0.363,0.467
0.392,0.654,1.051,0.838,0.737,0.095,0.363,0.467
0.392,0.654,1.051,0.838,0.737,0.095,0.363,0.467
0.392,0.654,1.051,0.838,0.737,0.095,0.363,0.467
0.392,0.654,1.051,0.838,0.737,0.095,0.363,0.467
0.392,0.654,1.051,0.838,0.737,0.095,0.363,0.467
0.392,0.654,1.051,0.838,0.737,0.095,0.363,0.467
0.392,0.654,1.051,0.838,0.737,0.095,0.363,0.467
0.392,0.654,1.051,0.838,0.737,0.095,0.363,0.467
0.392,0.654,1.051,0.838,0.737,0.095,0.363,0.467
0.392,0.654,1.051,0.838,0.737,0.095,0.363,0.467
0.392,0.654,1.051,0.838,0.737,0.095,0.363,0.467
0.392,0.654,1.051,0.838,0.737,0.095,0.363,0.467
0.392,0.654,1.051,0.838,0.737,0.095,0.363,0.467
0.392,0.654,1.051,0.838,0.737,0.095,0.363,0.467
0.392,0.654,1.051,0.838,0.737,0.095,0.363,0.467
0.392,0.654,1.051,0.838,0.737,0.095,0.363,0.467
0.392,0.654,1.051,0.838,0.737,0.095,0.363,0.467
0.392,0.654,1.051,0.838,0.737,0.095,0.363,0.467
0.392,0.654,1.051,0.838,0.737,0.095,0.363,0.467
0.392,0.654,1.051,0.838,0.737,0.095,0.363,0.467
0.392,0.654,1.051,0.838,0.737,0.095,0.363,0.467
0.392,0.654,1.051,0.838,0.737,0.095,0.363,0.467
0.392,0.654,1.051,0.838,0.737,0.095,0.363,0.467
0.392,0.654,1.051,0.838,0.737,0.095,0.363,0.467
0.392,0.654,1.051,0.838,0.737,0.095,0.363,0.467
0.392,0.654,1.051,0.838,0.737,0.095,0.363,0.467
0.392,0.654,1.051,0.838,0.737,0.095,0.363,0.467
0.392,0.654,1.051,0.838,0.737,0.095,0.363,0.467
0.392,0.654,1.051,0.838,0.737,0.095,0.363,0.467
0.392,0.654,1.051,0.838,0.737,0.095,0.363,0.467
0.392,0.654,1.051,0.838,0.737,0.095,0.363,0.467
0.392,0.654,1.051,0.838,0.737,0.095,0.363,0.467
0.392,0.654,1.051,0.838,0.737,0.095,0.363,0.467
0.392,0.654,1.051,0.838,0.737,0.095,0.363,0.467
0.392,0.654,1.051,0.838,0.737,0.095,0.363,0.467
0.392,0.654,1.051,0.838,0.737,0.095,0.363,0.467
0.392,0.654,1.051,0.838,0.737,0.095,0.363,0.467
0.392,0.654,1.051,0.838,0.737,0.095,0.363,0.467
0.392,0.654,1.051,0.838,0.737,0.095,0.363,0.467
0.392,0.654,1.051,0.838,0.737,0.095,0.363,0.467
0.392,0.654,1.051,0.838,0.737,0.095,0.363,0.467
0.392,0.654,1.051,0.838,0.737,0.095,0.363,0.467
0.392,0.654,1.051,0.838,0.737,0.095,0.363,0.467
0.392,0.654,1.051,0.838,0.737,0.095,0.363,0.467
0.392,0.654,1.051,0.838,0.737,0.095,0.363,0.467
0.392,0.654,1.051,0.838,0.737,0.095,0.363,0.467
0.392,0.654,1.051,0.838,0.737,0.095,0.363,0.467
0.392,0.654,1.051,0.838,0.737,0.095,0.363,0.467
0.392,0.654,1.051,0.838,0.737,0.095,0.363,0.467
0.392,0.654,1.051,0.838,0.737,0.095,0.363,0.467
0.392,0.654,1.051,0.838,0.737,0.095,0.363,0.467
0.392,0.654,1.051,0.838,0.737,0.095,0.363,0.467
0.392,0.654,1.051,0.838,0.737,0.095,0.363,0.467
0.392,0.654,1.051,0.838,0.737,0.095,0.363,0.467
0.392,0.654,1.051,0.838,0.737,0.095,0.363,0.467
0.392,0.654,1.051,0.838,0.737,0.095,0.363,0.467
0.392,0.654,1.051,0.838,0.737,0.095,0.363,0.467
0.392,0.654,1.051,0.838,0.737,0.095,0.363,0.467
0.392,0.654,1.051,0.838,0.737,0.095,0.363,0.467
0.392,0.654,1.051,0.838,0.737,0.095,0.363,0.467
0.392,0.654,1.051,0.838,0.737,0.095,0.363,0.467
0.392,0.654,1.051,0.838,0.737,0.095,0.363,0.467
0.392,0.654,1.051,0.838,0.737,0.095,0.363,0.467
0.392,0.654,1.051,0.838,0.737,0.095,0.363,0.467
0.392,0.654,1.051,0.838,0.737,0.095,0.363,0.467
0.392,0.654,1.051,0.838,0.737,0.095,0.363,0.467
0.392,0.654,1.051,0.838,0.737,0.095,0.363,0.467
0.392,0.654,1.051,0.838,0.737,0.095,0.363,0.467
0.392,0.654,1.051,0.838,0.737,0.095,0.363,0.467
0.392,0.654,1.051,0.838,0.737,0.095,0.363,0.467
0.392,0.654,1.051,0.838,0.737,0.095,0.363,0.467
0.392,0.654,1.051,0.838,0.737,0.095,0.363,0.467
0.392,0.654,1.051,0.838,0.737,0.095,0.363,0.467
0.392,0.654,1.051,0.838,0.737,0.095,0.363,0.467
0.392,0.654,1.051,0.838,0.737,0.095,0.363,0.467
0.392,0.654,1.051,0.838,0.737,0.095,0.363,0.467
0.392,0.654,1.051,0.838,0.737,0.095,0.363,0.467
0.392,0.654,1.051,0.838,0.737,0.095,0.363,0.467
0.392,0.654,1.051,0.838,0.737,0.095,0.363,0.467
0.392,0.654,1.051,0.838,0.737,0.095,0.363,0.467
0.392,0.654,1.051,0.838,0.737,0.095,0.363,0.467
0.392,0.654,1.051,0.838,0.737,0.095,0.363,0.467
0.392,0.654,1.051,0.838,0.737,0.095,0.363,0.467
0.392,0.654,1.051,0.838,0.737,0.095,0.363,0.467
0.392,0.654,1.051,0.838,0.737,0.095,0.363,0.467
0.392,0.654,1.051,0.838,0.737,0.095,0.363,0.467
0.392,0.654,1.051,0.838,0.737,0.095,0.363,0.467
0.392,0.654,1.051,0.838,0.737,0.095,0.363,0.467
0.392,0.654,1.051,0.838,0.737,0.095,0.363,0.467
0.392,0.654,1.051,0.838,0.737,0.095,0.363,0.467
0.392,0.654,1.051,0.838,0.737,0.095,0.363,0.467
0.392,0.654,1.051,0.838,0.737,0.095,0.363,0.467
0.392,0.654,1.051,0.838,0.737,0.095,0.363,0.467
0.392,0.654,1.051,0.838,0.737,0.095,0.363,0.467
0.392,0.654,1.051,0.838,0.737,0.095,0.363,0.467
0.392,0.654,1.051,0.838,0.737,0.095,0.363,0.467
0.392,0.654,1.051,0.838,0.737,0.095,0.363,0.467
0.392,0.654,1.051,0.838,0.737,0.095,0.363,0.467
0.392,0.654,1.051,0.838,0.737,0.095,0.363,0.467
0.392,0.654,1.051,0.838,0.737,0.095,0.363,0.467
0.392,0.654,1.051,0.838,0.737,0.095,0.363,0.467
0.392,0.654,1.051,0.838,0.737,0.095,0.363,0.467
0.392,0.654,1.051,0.838,0.737,0.095,0.363,0.467
0.392,0.654,1.051,0.838,0.737,0.095,0.363,0.467
0.392,0.654,1.051,0.838,0.737,0.095,0.363,0.467
0.392,0.654,1.051,0.838,0.737,0.095,0.363,0.467
0.392,0.654,1.051,0.838,0.737,0.095,0.363,0.467
0.392,0.654,1.051,0.838,0.737,0.095,0.363,0.467
0.392,0.654,1.051,0.838,0.737,0.095,0.363,0.467
0.392,0.654,1.051,0.838,0.737,0.095,0.363,0.467
0.392,0.654,1.051,0.838,0.737,0.095,0.363,0.467
0.392,0.654,1.051,0.838,0.737,0.095,0.363,0.467
0.392,0.654,1.051,0.838,0.737,0.095,0.363,0.467
0.392,0.654,1.051,0.838,0.737,0.095,0.363,0.467
0.392,0.654,1.051,0.838,0.737,0.095,0.363,0.467
0.392,0.654,1.051,0.838,0.737,0.095,0.363,0.467
0.392,0.654,1.051,0.838,0.737,0.095,0.363,0.467
0.392,0.654,1.051,0.838,0.737,0.095,0.363,0.467
0.392,0.654,1.051,0.838,0.737,0.095,0.363,0.467
0.392,0.654,1.051,0.838,0.737,0.095,0.363,0.467
0.392,0.654,1.051,0.838,0.737,0.095,0.363,0.467
0.392,0.654,1.051,0.838,0.737,0.095,0.363,0.467
0.392,0.654,1.051,0.838,0.737,0.095,0.363,0.467
0.392,0.654,1.051,0.838,0.737,0.095,0.363,0.467
0.392,0.654,1.051,0.838,0.737,0.095,0.363,0.467
0.392,0.654,1.051,0.838,0.737,0.095,0.363,0.467
0.392,0.654,1.051,0.838,0.737,0.095,0.363,0.467
0.392,0.654,1.051,0.838,0.737,0.095,0.363,0.467
0.392,0.654,1.051,0.838,0.737,0.095,0.363,0.467
0.392,0.654,1.051,0.838,0.737,0.095,0.363,0.467
0.392,0.654,1.051,0.838,0.737,0.095,0.363,0.467
0.392,0.654,1.051,0.838,0.737,0.095,0.363,0.467
0.392,0.654,1.051,0.838,0.737,0.095,0.363,0.467
0.392,0.654,1.051,0.838,0.737,0.095,0.363,0.467
0.392,0.654,1.051,0.838,0.737,0.095,0.363,0.467
0.392,0.654,1.051,0.838,0.737,0.095,0.363,0.467
0.392,0.654,1.051,0.838,0.737,0.095,0.363,0.467
0.392,0.654,1.051,0.838,0.737,0.095,0.363,0.467
0.392,0.654,1.051,0.838,0.737,0.095,0.363,0.467
0.392,0.654,1.051,0.838,0.737,0.095,0.363,0.467
0.392,0.654,1.051,0.838,0.737,0.095,0.363,0.467
0.392,0.654,1.051,0.838,0.737,0.095,0.363,0.467
0.392,0.654,1.051,0.838,0.737,0.095,0.363,0.467
0.392,0.654,1.051,0.838,0.737,0.095,0.363,0.467
0.392,0.654,1.051,0.838,0.737,0.095,0.363,0.467
0.392,0.654,1.051,0.838,0.737,0.095,0.363,0.467
0.392,0.654,1.051,0.838,0.737,0.095,0.363,0.467
0.392,0.654,1.051,0.838,0.737,0.095,0.363,0.467
0.392,0.654,1.051,0.838,0.737,0.095,0.363,0.467
0.392,0.654,1.051,0.838,0.737,0.095,0.363,0.467
0.392,0.654,1.051,0.838,0.737,0.095,0.363,0.467
0.392,0.654,1.051,0.838,0.737,0.095,0.363,0.467
0.392,0.654,1.051,0.838,0.737,0.095,0.363,0.467
0.392,0.654,1.051,0.838,0.737,0.095,0.363,0.467
0.392,0.654,1.051,0.838,0.737,0.095,0.363,0.467
0.392,0.654,1.051,0.838,0.737,0.095,0.363,0.467
0.392,0.654,1.051,0.838,0.737,0.095,0.363,0.467
0.392,0.654,1.051,0.838,0.737,0.095,0.363,0.467
0.392,0.654,1.051,0.838,0.737,0.095,0.363,0.467
0.392,0.654,1.051,0.838,0.737,0.095,0.363,0.467
0.392,0.654,1.051,0.838,0.737,0.095,0.363,0.467
0.392,0.654,1.051,0.838,0.737,0.095,0.363,0.467
0.392,0.654,1.051,0.838,0.737,0.095,0.363,0.467
0.392,0.654,1.051,0.838,0.737,0.095,0.363,0.467
0.392,0.654,1.051,0.838,0.737,0.095,0.363,0.467
0.392,0.654,1.051,0.838,0.737,0.095,0.363,0.467
0.392,0.654,1.051,0.838,0.737,0.095,0.363,0.467
0.392,0.654,1.051,0.838,0.737,0.095,0.363,0.467
0.392,0.654,1.051,0.838,0.737,0.095,0.363,0.467
0.392,0.654,1.051,0.838,0.737,0.095,0.363,0.467
0.392,0.654,1.051,0.838,0.737,0.095,0.363,0.467
0.392,0.654,1.051,0.838,0.737,0.095,0.363,0.467
0.392,0.654,1.051,0.838,0.737,0.095,0.363,0.467
0.392,0.654,1.051,0.838,0.737,0.095,0.363,0.467
0.392,0.654,1.051,0.838,0.737,0.095,0.363,0.467
0.392,0.654,1.051,0.838,0.737,0.095,0.363,0.467
0.392,0.654,1.051,0.838,0.737,0.095,0.363,0.467
0.392,0.654,1.051,0.838,0.737,0.095,0.363,0.467
0.392,0.654,1.051,0.838,0.737,0.095,0.363,0.467
0.392,0.654,1.051,0.838,0.737,0.095,0.363,0.467
0.392,0.654,1.051,0.838,0.737,0.095,0.363,0.467
0.392,0.654,1.051,0.838,0.737,0.095,0.363,0.467
0.392,0.654,1.051,0.838,0.737,0.095,0.363,0.467
0.392,0.654,1.051,0.838,0.737,0.095,0.363,0.467
0.392,0.654,1.051,0.838,0.737,0.095,0.363,0.467
0.392,0.654,1.051,0.838,0.737,0.095,0.363,0.467
0.392,0.654,1.051,0.838,0.737,0.095,0.363,0.467
0.392,0.654,1.051,0.838,0.737,0.095,0.363,0.467
0.392,0.654,1.051,0.838,0.737,0.095,0.363,0.467
0.392,0.654,1.051,0.838,0.737,0.095,0.363,0.467
0.392,0.654,1.051,0.838,0.737,0.095,0.363,0.467
0.392,0.654,1.051,0.838,0.737,0.095,0.363,0.467
0.392,0.654,1.051,0.838,0.737,0.095,0.363,0.467
0.392,0.654,1.051,0.838,0.737,0.095,0.363,0.467
0.392,0.654,1.051,0.838,0.737,0.095,0.363,0.467
0.392,0.654,1.051,0.838,0.737,0.095,0.363,0.467
0.392,0.654,1.051,0.838,0.737,0.095,0.363,0.467
0.392,0.654,1.051,0.838,0.737,0.095,0.363,0.467
0.392,0.654,1.051,0.838,0.737,0.095,0.363,0.467
0.392,0.654,1.051,0.838,0.737,0.095,0.363,0.467
0.392,0.654,1.051,0.838,0.737,0.095,0.363,0.467
0.392,0.654,1.051,0.838,0.737,0.095,0.363,0.467
0.392,0.654,1.051,0.838,0.737,0.095,0.363,0.467
0.392,0.654,1.051,0.838,0.737,0.095,0.363,0.467
0.392,0.654,1.051,0.838,0.737,0.095,0.363,0.467
0.392,0.654,1.051,0.838,0.737,0.095,0.363,0.467
0.392,0.654,1.051,0.838,0.737,0.095,0.363,0.467
0.392,0.654,1.051,0.838,0.737,0.095,0.363,0.467
0.392,0.654,1.051,0.838,0.737,0.095,0.363,0.467
0.392,0.654,1.051,0.838,0.737,0.095,0.363,0.467
0.392,0.654,1.051,0.838,0.737,0.095,0.363,0.467
0.392,0.654,1.051,0.838,0.737,0.095,0.363,0.467
0.392,0.654,1.051,0.838,0.737,0.095,0.363,0.467
0.392,0.654,1.051,0.838,0.737,0.095,0.363,0.467
0.392,0.654,1.051,0.838,0.737,0.095,0.363,0.467
0.392,0.654,1.051,0.838,0.737,0.095,0.363,0.467
0.392,0.654,1.051,0.838,0.737,0.095,0.363,0.467
0.392,0.654,1.051,0.838,0.737,0.095,0.363,0.467
0.392,0.654,1.051,0.838,0.737,0.095,0.363,0.467
0.392,0.654,1.051,0.838,0.737,0.095,0.363,0.467
0.392,0.654,1.051,0.838,0.737,0.095,0.363,0.467
0.392,0.654,1.051,0.838,0.737,0.095,0.363,0.467
0.392,0.654,1.051,0.838,0.737,0.095,0.363,0.467
0.392,0.654,1.051,0.838,0.737,0.095,0.363,0.467
0.392,0.654,1.051,0.838,0.737,0.095,0.363,0.467
0.392,0.654,1.051,0.838,0.737,0.095,0.363,0.467
0.392,0.654,1.051,0.838,0.737,0.095,0.363,0.467
0.392,0.654,1.051,0.838,0.737,0.095,0.363,0.467
0.392,0.654,1.051,0.838,0.737,0.095,0.363,0.467
0.392,0.654,1.051,0.838,0.737,0.095,0.363,0.467
0.392,0.654,1.051,0.838,0.737,0.095,0.363,0.467
0.392,0.654,1.051,0.838,0.737,0.095,0.363,0.467
0.392,0.654,1.051,0.838,0.737,0.095,0.363,0.467
0.392,0.654,1.051,0.838,0.737,0.095,0.363,0.467
0.392,0.654,1.051,0.838,0.737,0.095,0.363,0.467
0.392,0.654,1.051,0.838,0.737,0.095,0.363,0.467
0.392,0.654,1.051,0.838,0.737,0.095,0.363,0.467
0.392,0.654,1.051,0.838,0.737,0.095,0.363,0.467
0.392,0.654,1.051,0.838,0.737,0.095,0.363,0.467
0.392,0.654,1.051,0.838,0.737,0.095,0.363,0.467
0.392,0.654,1.051,0.838,0.737,0.095,0.363,0.467
0.392,0.654,1.051,0.838,0.737,0.095,0.363,0.467
0.392,0.654,1.051,0.838,0.737,0.095,0.363,0.467
0.392,0.654,1.051,0.838,0.737,0.095,0.363,0.467
0.392,0.654,1.051,0.838,0.737,0.095,0.363,0.467
0.392,0.654,1.051,0.838,0.737,0.095,0.363,0.467
0.392,0.654,1.051,0.838,0.737,0.095,0.363,0.467
0.392,0.654,1.051,0.838,0.737,0.095,0.363,0.467
0.392,0.654,1.051,0.838,0.737,0.095,0.363,0.467
0.392,0.654,1.051,0.838,0.737,0.095,0.363,0.467
0.392,0.654,1.051,0.838,0.737,0.095,0.363,0.467
0.392,0.654,1.051,0.838,0.737,0.095,0.363,0.467
0.392,0.654,1.051,0.838,0.737,0.095,0.363,0.467
0.392,0.654,1.051,0.838,0.737,0.095,0.363,0.467
0.392,0.654,1.051,0.838,0.737,0.095,0.363,0.467
0.392,0.654,1.051,0.838,0.737,0.095,0.363,0.467
0.392,0.654,1.051,0.838,0.737,0.095,0.363,0.467
0.392,0.654,1.051,0.838,0.737,0.095,0.363,0.467
0.392,0.654,1.051,0.838,0.737,0.095,0.363,0.467
0.392,0.654,1.051,0.838,0.737,0.095,0.363,0.467
0.392,0.654,1.051,0.838,0.737,0.095,0.363,0.467
0.392,0.654,1.051,0.838,0.737,0.095,0.363,0.467
0.392,0.654,1.051,0.838,0.737,0.095,0.363,0.467
0.392,0.654,1.051,0.838,0.737,0.095,0.363,0.467
0.392,0.654,1.051,0.838,0.737,0.095,0.363,0.467
0.392,0.654,1.051,0.838,0.737,0.095,0.363,0.467
0.392,0.654,1.051,0.838,0.737,0.095,0.363,0.467
0.392,0.654,1.051,0.838,0.737,0.095,0.363,0.467
0.392,0.654,1.051,0.838,0.737,0.095,0.363,0.467
0.392,0.654,1.051,0.838,0.737,0.095,0.363,0.467
0.392,0.654,1.051,0.838,0.737,0.095,0.363,0.467
0.392,0.654,1.051,0.838,0.737,0.095,0.363,0.467
0.392,0.654,1.051,0.838,0.737,0.095,0.363,0.467
0.392,0.654,1.051,0.838,0.737,0.095,0.363,0.467
0.392,0.654,1.051,0.838,0.737,0.095,0.363,0.467
0.392,0.654,1.051,0.838,0.737,0.095,0.363,0.467
0.392,0.654,1.051,0.838,0.737,0.095,0.363,0.467
0.392,0.654,1.051,0.838,0.737,0.095,0.363,0.467
0.392,0.654,1.051,0.838,0.737,0.095,0.363,0.467
0.392,0.654,1.051,0.838,0.737,0.095,0.363,0.467
0.392,0.654,1.051,0.838,0.737,0.095,0.363,0.467
0.392,0.654,1.051,0.838,0.737,0.095,0.363,0.467
0.392,0.654,1.051,0.838,0.737,0.095,0.363,0.467
0.392,0.654,1.051,0.838,0.737,0.095,0.363,0.467
0.392,0.654,1.051,0.838,0.737,0.095,0.363,0.467
0.392,0.654,1.051,0.838,0.737,0.095,0.363,0.467
0.392,0.654,1.051,0.838,0.737,0.095,0.363,0.467
0.392,0.654,1.051,0.838,0.737,0.095,0.363,0.467
0.392,0.654,1.051,0.838,0.737,0.095,0.363,0.467
0.392,0.654,1.051,0.838,0.737,0.095,0.363,0.467
0.392,0.654,1.051,0.838,0.737,0.095,0.363,0.467
0.392,0.654,1.051,0.838,0.737,0.095,0.363,0.467
0.392,0.654,1.051,0.838,0.737,0.095,0.363,0.467
0.392,0.654,1.051,0.838,0.737,0.095,0.363,0.467
0.392,0.654,1.051,0.838,0.737,0.095,0.363,0.467
0.392,0.654,1.051,0.838,0.737,0.095,0.363,0.467
0.392,0.654,1.051,0.838,0.737,0.095,0.363,0.467
0.392,0.654,1.051,0.838,0.737,0.095,0.363,0.467
0.392,0.654,1.051,0.838,0.737,0.095,0.363,0.467
0.392,0.654,1.051,0.838,0.737,0.095,0.363,0.467
0.392,0.654,1.051,0.838,0.737,0.095,0.363,0.467
0.392,0.654,1.051,0.838,0.737,0.095,0.363,0.467
0.392,0.654,1.051,0.838,0.737,0.095,0.363,0.467
0.392,0.654,1.051,0.838,0.737,0.095,0.363,0.467
0.392,0.654,1.051,0.838,0.737,0.095,0.363,0.467
0.392,0.654,1.051,0.838,0.737,0.095,0.363,0.467
0.392,0.654,1.051,0.838,0.737,0.095,0.363,0.467
0.392,0.654,1.051,0.838,0.737,0.095,0.363,0.467
0.392,0.654,1.051,0.838,0.737,0.095,0.363,0.467
0.392,0.654,1.051,0.838,0.737,0.095,0.363,0.467
0.392,0.654,1.051,0.838,0.737,0.095,0.363,0.467
0.392,0.654,1.051,0.838,0.737,0.095,0.363,0.467
0.392,0.654,1.051,0.838,0.737,0.095,0.363,0.467
0.392,0.654,1.051,0.838,0.737,0.095,0.363,0.467
0.392,0.654,1.051,0.838,0.737,0.095,0.363,0.467
0.392,0.654,1.051,0.838,0.737,0.095,0.363,0.467
0.392,0.654,1.051,0.838,0.737,0.095,0.363,0.467
0.392,0.654,1.051,0.838,0.737,0.095,0.363,0.467
0.392,0.654,1.051,0.838,0.737,0.095,0.363,0.467
0.392,0.654,1.051,0.838,0.737,0.095,0.363,0.467
0.392,0.654,1.051,0.838,0.737,0.095,0.363,0.467
0.392,0.654,1.051,0.838,0.737,0.095,0.363,0.467
0.392,0.654,1.051,0.838,0.737,0.095,0.363,0.467
0.392,0.654,1.051,0.838,0.737,0.095,0.363,0.467
0.392,0.654,1.051,0.838,0.737,0.095,0.363,0.467
0.392,0.654,1.051,0.838,0.737,0.095,0.363,0.467
0.392,0.654,1.051,0.838,0.737,0.095,0.363,0.467
0.392,0.654,1.051,0.838,0.737,0.095,0.363,0.467
0.392,0.654,1.051,0.838,0.737,0.095,0.363,0.467
0.392,0.654,1.051,0.838,0.737,0.095,0.363,0.467
0.392,0.654,1.051,0.838,0.737,0.095,0.363,0.467
0.392,0.654,1.051,0.838,0.737,0.095,0.363,0.467
0.392,0.654,1.051,0.838,0.737,0.095,0.363,0.467
0.392,0.654,1.051,0.838,0.737,0.095,0.363,0.467
0.392,0.654,1.051,0.838,0.737,0.095,0.363,0.467
0.392,0.654,1.051,0.838,0.737,0.095,0.363,0.467
0.392,0.654,1.051,0.838,0.737,0.095,0.363,0.467
0.392,0.654,1.051,0.838,0.737,0.095,0.363,0.467
0.392,0.654,1.051,0.838,0.737,0.095,0.363,0.467
0.392,0.654,1.051,0.838,0.737,0.095,0.363,0.467
0.392,0.654,1.051,0.838,0.737,0.095,0.363,0.467
0.392,0.654,1.051,0.838,0.737,0.095,0.363,0.467
0.392,0.654,1.051,0.838,0.737,0.095,0.363,0.467
0.392,0.654,1.051,0.838,0.737,0.095,0.363,0.467
0.392,0.654,1.051,0.838,0.737,0.095,0.363,0.467
0.392,0.654,1.051,0.838,0.737,0.095,0.363,0.467
0.392,0.654,1.051,0.838,0.737,0.095,0.363,0.467
0.392,0.654,1.051,0.838,0.737,0.095,0.363,0.467
0.392,0.654,1.051,0.838,0.737,0.095,0.363,0.467
0.392,0.654,1.051,0.838,0.737,0.095,0.363,0.467
0.392,0.654,1.051,0.838,0.737,0.095,0.363,0.467
0.392,0.654,1.051,0.838,0.737,0.095,0.363,0.467
0.392,0.654,1.051,0.838,0.737,0.095,0.363,0.467
0.392,0.654,1.051,0.838,0.737,0.095,0.363,0.467
0.392,0.654,1.051,0.838,0.737,0.095,0.363,0.467
0.392,0.654,1.051,0.838,0.737,0.095,0.363,0.467
0.392,0.654,1.051,0.838,0.737,0.095,0.363,0.467
0.392,0.654,1.051,0.838,0.737,0.095,0.363,0.467
0.392,0.654,1.051,0.838,0.737,0.095,0.363,0.467
0.392,0.654,1.051,0.838,0.737,0.095,0.363,0.467
0.392,0.654,1.051,0.838,0.737,0.095,0.363,0.467
0.392,0.654,1.051,0.838,0.737,0.095,0.363,0.467
0.392,0.654,1.051,0.838,0.737,0.095,0.363,0.467
0.392,0.654,1.051,0.838,0.737,0.095,0.363,0.467
0.392,0.654,1.051,0.838,0.737,0.095,0.363,0.467
0.392,0.654,1.051,0.838,0.737,0.095,0.363,0.467
0.392,0.654,1.051,0.838,0.737,0.095,0.363,0.467
0.392,0.654,1.051,0.838,0.737,0.095,0.363,0.467
0.392,0.654,1.051,0.838,0.737,0.095,0.363,0.467
0.392,0.654,1.051,0.838,0.737,0.095,0.363,0.467
0.392,0.654,1.051,0.838,0.737,0.095,0.363,0.467
0.392,0.654,1.051,0.838,0.737,0.095,0.363,0.467
0.392,0.654,1.051,0.838,0.737,0.095,0.363,0.467
0.392,0.654,1.051,0.838,0.737,0.095,0.363,0.467
0.392,0.654,1.051,0.838,0.737,0.095,0.363,0.467
0.392,0.654,1.051,0.838,0.737,0.095,0.363,0.467
0.392,0.654,1.051,0.838,0.737,0.095,0.363,0.467
0.392,0.654,1.051,0.838,0.737,0.095,0.363,0.467
0.392,0.654,1.051,0.838,0.737,0.095,0.363,0.467
0.392,0.654,1.051,0.838,0.737,0.095,0.363,0.467
0.392,0.654,1.051,0.838,0.737,0.095,0.363,0.467
0.392,0.654,1.051,0.838,0.737,0.095,0.363,0.467
0.392,0.654,1.051,0.838,0.737,0.095,0.363,0.467
0.392,0.654,1.051,0.838,0.737,0.095,0.363,0.467
0.392,0.654,1.051,0.838,0.737,0.095,0.363,0.467
0.392,0.654,1.051,0.838,0.737,0.095,0.363,0.467
0.392,0.654,1.051,0.838,0.737,0.095,0.363,0.467
0.392,0.654,1.051,0.838,0.737,0.095,0.363,0.467
0.392,0.654,1.051,0.838,0.737,0.095,0.363,0.467
0.392,0.654,1.051,0.838,0.737,0.095,0.363,0.467
0.392,0.654,1.051,0.838,0.737,0.095,0.363,0.467
0.392,0.654,1.051,0.838,0.737,0.095,0.363,0.467
0.392,0.654,1.051,0.838,0.737,0.095,0.363,0.467
0.392,0.654,1.051,0.838,0.737,0.095,0.363,0.467
0.392,0.654,1.051,0.838,0.737,0.095,0.363,0.467
0.392,0.654,1.051,0.838,0.737,0.095,0.363,0.467
0.392,0.654,1.051,0.838,0.737,0.095,0.363,0.467
0.392,0.654,1.051,0.838,0.737,0.095,0.363,0.467
0.392,0.654,1.051,0.838,0.737,0.095,0.363,0.467
0.392,0.654,1.051,0.838,0.737,0.095,0.363,0.467
0.392,0.654,1.051,0.838,0.737,0.095,0.363,0.467
0.392,0.654,1.051,0.838,0.737,0.095,0.363,0.467
0.392,0.654,1.051,0.838,0.737,0.095,0.363,0.467
0.392,0.654,1.051,0.838,0.737,0.095,0.363,0.467
0.392,0.654,1.051,0.838,0.737,0.095,0.363,0.467
0.392,0.654,1.051,0.838,0.737,0.095,0.363,0.467
0.392,0.654,1.051,0.838,0.737,0.095,0.363,0.467
0.392,0.654,1.051,0.838,0.737,0.095,0.363,0.467
0.392,0.654,1.051,0.838,0.737,0.095,0.363,0.467
0.392,0.654,1.051,0.838,0.737,0.095,0.363,0.467
0.392,0.654,1.051,0.838,0.737,0.095,0.363,0.467
0.392,0.654,1.051,0.838,0.737,0.095,0.363,0.467
0.392,0.654,1.051,0.838,0.737,0.095,0.363,0.467
0.392,0.654,1.051,0.838,0.737,0.095,0.363,0.467
0.392,0.654,1.051,0.838,0.737,0.095,0.363,0.467
0.392,0.654,1.051,0.838,0.737,0.095,0.363,0.467
0.392,0.654,1.051,0.838,0.737,0.095,0.363,0.467
0.392,0.654,1.051,0.838,0.737,0.095,0.363,0.467
0.392,0.654,1.051,0.838,0.737,0.095,0.363,0.467
0.392,0.654,1.051,0.838,0.737,0.095,0.363,0.467
0.392,0.654,1.051,0.838,0.737,0.095,0.363,0.467
0.392,0.654,1.051,0.838,0.737,0.095,0.363,0.467
0.392,0.654,1.051,0.838,0.737,0.095,0.363,0.467
0.392,0.654,1.051,0.838,0.737,0.095,0.363,0.467
0.392,0.654,1.051,0.838,0.737,0.095,0.363,0.467
0.392,0.654,1.051,0.838,0.737,0.095,0.363,0.467
0.392,0.654,1.051,0.838,0.737,0.095,0.363,0.467
0.392,0.654,1.051,0.838,0.737,0.095,0.363,0.467
0.392,0.654,1.051,0.838,0.737,0.095,0.363,0.467
0.392,0.654,1.051,0.838,0.737,0.095,0.363,0.467
0.392,0.654,1.051,0.838,0.737,0.095,0.363,0.467
0.392,0.654,1.051,0.838,0.737,0.095,0.363,0.467
0.392,0.654,1.051,0.838,0.737,0.095,0.363,0.467
0.392,0.654,1.051,0.838,0.737,0.095,0.363,0.467
0.392,0.654,1.051,0.838,0.737,0.095,0.363,0.467
0.392,0.654,1.051,0.838,0.737,0.095,0.363,0.467
0.392,0.654,1.051,0.838,0.737,0.095,0.363,0.467
0.392,0.654,1.051,0.838,0.737,0.095,0.363,0.467
0.392,0.654,1.051,0.838,0.737,0.095,0.363,0.467
0.392,0.654,1.051,0.838,0.737,0.095,0.363,0.467
0.392,0.654,1.051,0.838,0.737,0.095,0.363,0.467
0.392,0.654,1.051,0.838,0.737,0.095,0.363,0.467
0.392,0.654,1.051,0.838,0.737,0.095,0.363,0.467
0.392,0.654,1.051,0.838,0.737,0.095,0.363,0.467
0.392,0.654,1.051,0.838,0.737,0.095,0.363,0.467
0.392,0.654,1.051,0.838,0.737,0.095,0.363,0.467
0.392,0.654,1.051,0.838,0.737,0.095,0.363,0.467
0.392,0.654,1.051,0.838,0.737,0.095,0.363,0.467
0.392,0.654,1.051,0.838,0.737,0.095,0.363,0.467
0.392,0.654,1.051,0.838,0.737,0.095,0.363,0.467
0.392,0.654,1.051,0.838,0.737,0.095,0.363,0.467
0.392,0.654,1.051,0.838,0.737,0.095,0.363,0.467
0.392,0.654,1.051,0.838,0.737,0.095,0.363,0.467
0.392,0.654,1.051,0.838,0.737,0.095,0.363,0.467
0.392,0.654,1.051,0.838,0.737,0.095,0.363,0.467
0.392,0.654,1.051,0.838,0.737,0.095,0.363,0.467
0.392,0.654,1.051,0.838,0.737,0.095,0.363,0.467
0.392,0.654,1.051,0.838,0.737,0.095,0.363,0.467
0.392,0.654,1.051,0.838,0.737,0.095,0.363,0.467
0.392,0.654,1.051,0.838,0.737,0.095,0.363,0.467
0.392,0.654,1.051,0.838,0.737,0.095,0.363,0.467
0.392,0.654,1.051,0.838,0.737,0.095,0.363,0.467
0.392,0.654,1.051,0.838,0.737,0.095,0.363,0.467
0.392,0.654,1.051,0.838,0.737,0.095,0.363,0.467
0.392,0.654,1.051,0.838,0.737,0.095,0.363,0.467
0.392,0.654,1.051,0.838,0.737,0.095,0.363,0.467
0.392,0.654,1.051,0.838,0.737,0.095,0.363,0.467
0.392,0.654,1.051,0.838,0.737,0.095,0.363,0.467
0.392,0.654,1.051,0.838,0.737,0.095,0.363,0.467
0.392,0.654,1.051,0.838,0.737,0.095,0.363,0.467
0.392,0.654,1.051,0.838,0.737,0.095,0.363,0.467
0.392,0.654,1.051,0.838,0.737,0.095,0.363,0.467
0.392,0.654,1.051,0.838,0.737,0.095,0.363,0.467
0.392,0.654,1.051,0.838,0.737,0.095,0.363,0.467
0.392,0.654,1.051,0.838,0.737,0.095,0.363,0.467
0.392,0.654,1.051,0.838,0.737,0.095,0.363,0.467
0.392,0.654,1.051,0.838,0.737,0.095,0.363,0.467
0.392,0.654,1.051,0.838,0.737,0.095,0.363,0.467
0.392,0.654,1.051,0.838,0.737,0.095,0.363,0.467
0.392,0.654,1.051,0.838,0.737,0.095,0.363,0.467
0.392,0.654,1.051,0.838,0.737,0.095,0.363,0.467
0.392,0.654,1.051,0.838,0.737,0.095,0.363,0.467
0.392,0.654,1.051,0.838,0.737,0.095,0.363,0.467
0.392,0.654,1.051,0.838,0.737,0.095,0.363,0.467
0.392,0.654,1.051,0.838,0.737,0.095,0.363,0.467
0.392,0.654,1.051,0.838,0.737,0.095,0.363,0.467
0.392,0.654,1.051,0.838,0.737,0.095,0.363,0.467
0.392,0.654,1.051,0.838,0.737,0.095,0.363,0.467
0.392,0.654,1.051,0.838,0.737,0.095,0.363,0.467
0.392,0.654,1.051,0.838,0.737,0.095,0.363,0.467
0.392,0.654,1.051,0.838,0.737,0.095,0.363,0.467
0.392,0.654,1.051,0.838,0.737,0.095,0.363,0.467
0.392,0.654,1.051,0.838,0.737,0.095,0.363,0.467
0.392,0.654,1.051,0.838,0.737,0.095,0.363,0.467
0.392,0.654,1.051,0.838,0.737,0.095,0.363,0.467
0.392,0.654,1.051,0.838,0.737,0.095,0.363,0.467
0.392,0.654,1.051,0.838,0.737,0.095,0.363,0.467
0.392,0.654,1.051,0.838,0.737,0.095,0.363,0.467
0.392,0.654,1.051,0.838,0.737,0.095,0.363,0.467
0.392,0.654,1.051,0.838,0.737,0.095,0.363,0.467
0.392,0.654,1.051,0.838,0.737,0.095,0.363,0.467
0.392,0.654,1.051,0.838,0.737,0.095,0.363,0.467
0.392,0.654,1.051,0.838,0.737,0.095,0.363,0.467
0.392,0.654,1.051,0.838,0.737,0.095,0.363,0.467
0.392,0.654,1.051,0.838,0.737,0.095,0.363,0.467
0.392,0.654,1.051,0.838,0.737,0.095,0.363,0.467
0.392,0.654,1.051,0.838,0.737,0.095,0.363,0.467
0.392,0.654,1.051,0.838,0.737,0.095,0.363,0.467
0.392,0.654,1.051,0.838,0.737,0.095,0.363,0.467
0.392,0.654,1.051,0.838,0.737,0.095,0.363,0.467
0.392,0.654,1.051,0.838,0.737,0.095,0.363,0.467
0.392,0.654,1.051,0.838,0.737,0.095,0.363,0.467
0.392,0.654,1.051,0.838,0.737,0.095,0.363,0.467
0.392,0.654,1.051,0.838,0.737,0.095,0.363,0.467
0.392,0.654,1.051,0.838,0.737,0.095,0.363,0.467
0.392,0.654,1.051,0.838,0.737,0.095,0.363,0.467
0.392,0.654,1.051,0.838,0.737,0.095,0.363,0.467
0.392,0.654,1.051,0.838,0.737,0.095,0.363,0.467
0.392,0.654,1.051,0.838,0.737,0.095,0.363,0.467
0.392,0.654,1.051,0.838,0.737,0.095,0.363,0.467
0.392,0.654,1.051,0.838,0.737,0.095,0.363,0.467
0.392,0.654,1.051,0.838,0.737,0.095,0.363,0.467
0.392,0.654,1.051,0.838,0.737,0.095,0.363,0.467
0.392,0.654,1.051,0.838,0.737,0.095,0.363,0.467
0.392,0.654,1.051,0.838,0.737,0.095,0.363,0.467
0.392,0.654,1.051,0.838,0.737,0.095,0.363,0.467
0.392,0.654,1.051,0.838,0.737,0.095,0.363,0.467
0.392,0.654,1.051,0.838,0.737,0.095,0.363,0.467
0.392,0.654,1.051,0.838,0.737,0.095,0.363,0.467
0.392,0.654,1.051,0.838,0.737,0.095,0.363,0.467
0.392,0.654,1.051,0.838,0.737,0.095,0.363,0.467
0.392,0.654,1.051,0.838,0.737,0.095,0.363,0.467
0.392,0.654,1.051,0.838,0.737,0.095,0.363,0.467
0.392,0.654,1.051,0.838,0.737,0.095,0.363,0.467
0.392,0.654,1.051,0.838,0.737,0.095,0.363,0.467
0.392,0.654,1.051,0.838,0.737,0.095,0.363,0.467
0.392,0.654,1.051,0.838,0.737,0.095,0.363,0.467
0.392,0.654,1.051,0.838,0.737,0.095,0.363,0.467
0.392,0.654,1.051,0.838,0.737,0.095,0.363,0.467
0.392,0.654,1.051,0.838,0.737,0.095,0.363,0.467
0.392,0.654,1.051,0.838,0.737,0.095,0.363,0.467
0.392,0.654,1.051,0.838,0.737,0.095,0.363,0.467
0.392,0.654,1.051,0.838,0.737,0.095,0.363,0.467
0.392,0.654,1.051,0.838,0.737,0.095,0.363,0.467
0.392,0.654,1.051,0.838,0.737,0.095,0.363,0.467
0.392,0.654,1.051,0.838,0.737,0.095,0.363,0.467
0.392,0.654,1.051,0.838,0.737,0.095,0.363,0.467
0.392,0.654,1.051,0.838,0.737,0.095,0.363,0.467
0.392,0.654,1.051,0.838,0.737,0.095,0.363,0.467
0.392,0.654,1.051,0.838,0.737,0.095,0.363,0.467
0.392,0.654,1.051,0.838,0.737,0.095,0.363,0.467
0.392,0.654,1.051,0.838,0.737,0.095,0.363,0.467
0.392,0.654,1.051,0.838,0.737,0.095,0.363,0.467
0.392,0.654,1.051,0.838,0.737,0.095,0.363,0.467
0.392,0.654,1.051,0.838,0.737,0.095,0.363,0.467
0.392,0.654,1.051,0.838,0.737,0.095,0.363,0.467
0.392,0.654,1.051,0.838,0.737,0.095,0.363,0.467
0.392,0.654,1.051,0.838,0.737,0.095,0.363,0.467
0.392,0.654,1.051,0.838,0.737,0.095,0.363,0.467
0.392,0.654,1.051,0.838,0.737,0.095,0.363,0.467
0.392,0.654,1.051,0.838,0.737,0.095,0.363,0.467
0.392,0.654,1.051,0.838,0.737,0.095,0.363,0.467
0.392,0.654,1.051,0.838,0.737,0.095,0.363,0.467
0.392,0.654,1.051,0.838,0.737,0.095,0.363,0.467
0.392,0.654,1.051,0.838,0.737,0.095,0.363,0.467
0.392,0.654,1.051,0.838,0.737,0.095,0.363,0.467
0.392,0.654,1.051,0.838,0.737,0.095,0.363,0.467
0.392,0.654,1.051,0.838,0.737,0.095,0.363,0.467
0.392,0.654,1.051,0.838,0.737,0.095,0.363,0.467
0.392,0.654,1.051,0.838,0.737,0.095,0.363,0.467
0.392,0.654,1.051,0.838,0.737,0.095,0.363,0.467
0.392,0.654,1.051,0.838,0.737,0.095,0.363,0.467
0.392,0.654,1.051,0.838,0.737,0.095,0.363,0.467
0.392,0.654,1.051,0.838,0.737,0.095,0.363,0.467
0.392,0.654,1.051,0.838,0.737,0.095,0.363,0.467
0.392,0.654,1.051,0.838,0.737,0.095,0.363,0.467
0.392,0.654,1.051,0.838,0.737,0.095,0.363,0.467
0.392,0.654,1.051,0.838,0.737,0.095,0.363,0.467
0.392,0.654,1.051,0.838,0.737,0.095,0.363,0.467
0.392,0.654,1.051,0.838,0.737,0.095,0.363,0.467
0.392,0.654,1.051,0.838,0.737,0.095,0.363,0.467
0.392,0.654,1.051,0.838,0.737,0.095,0.363,0.467
0.392,0.654,1.051,0.838,0.737,0.095,0.363,0.467
0.392,0.654,1.051,0.838,0.737,0.095,0.363,0.467
0.392,0.654,1.051,0.838,0.737,0.095,0.363,0.467
0.392,0.654,1.051,0.838,0.737,0.095,0.363,0.467
0.392,0.654,1.051,0.838,0.737,0.095,0.363,0.467
0.392,0.654,1.051,0.838,0.737,0.095,0.363,0.467
0.392,0.654,1.051,0.838,0.737,0.095,0.363,0.467
0.392,0.654,1.051,0.838,0.737,0.095,0.363,0.467
0.392,0.654,1.051,0.838,0.737,0.095,0.363,0.467
0.392,0.654,1.051,0.838,0.737,0.095,0.363,0.467
0.392,0.654,1.051,0.838,0.737,0.095,0.363,0.467
0.392,0.654,1.051,0.838,0.737,0.095,0.363,0.467
0.392,0.654,1.051,0.838,0.737,0.095,0.363,0.467
0.392,0.654,1.051,0.838,0.737,0.095,0.363,0.467
0.392,0.654,1.051,0.838,0.737,0.095,0.363,0.467
0.392,0.654,1.051,0.838,0.737,0.095,0.363,0.467
0.392,0.654,1.051,0.838,0.737,0.095,0.363,0.467
0.392,0.654,1.051,0.838,0.737,0.095,0.363,0.467
0.392,0.654,1.051,0.838,0.737,0.095,0.363,0.467
0.392,0.654,1.051,0.838,0.737,0.095,0.363,0.467
0.392,0.654,1.051,0.838,0.737,0.095,0.363,0.467
0.392,0.654,1.051,0.838,0.737,0.095,0.363,0.467
0.392,0.654,1.051,0.838,0.737,0.095,0.363,0.467
0.392,0.654,1.051,0.838,0.737,0.095,0.363,0.467
0.392,0.654,1.051,0.838,0.737,0.095,0.363,0.467
0.392,0.654,1.051,0.838,0.737,0.095,0.363,0.467
0.392,0.654,1.051,0.838,0.737,0.095,0.363,0.467
0.392,0.654,1.051,0.838,0.737,0.095,0.363,0.467
0.392,0.654,1.051,0.838,0.737,0.095,0.363,0.467
0.392,0.654,1.051,0.838,0.737,0.095,0.363,0.467
0.392,0.654,1.051,0.838,0.737,0.095,0.363,0.467
0.392,0.654,1.051,0.838,0.737,0.095,0.363,0.467
0.392,0.654,1.051,0.838,0.737,0.095,0.363,0.467
0.392,0.654,1.051,0.838,0.737,0.095,0.363,0.467
0.392,0.654,1.051,0.838,0.737,0.095,0.363,0.467
0.392,0.654,1.051,0.838,0.737,0.095,0.363,0.467
0.392,0.654,1.051,0.838,0.737,0.095,0.363,0.467
0.392,0.654,1.051,0.838,0.737,0.095,0.363,0.467
0.392,0.654,1.051,0.838,0.737,0.095,0.363,0.467
0.392,0.654,1.051,0.838,0.737,0.095,0.363,0.467
0.392,0.654,1.051,0.838,0.737,0.095,0.363,0.467
0.392,0.654,1.051,0.838,0.737,0.095,0.363,0.467
0.392,0.654,1.051,0.838,0.737,0.095,0.363,0.467
0.392,0.654,1.051,0.838,0.737,0.095,0.363,0.467
0.392,0.654,1.051,0.838,0.737,0.095,0.363,0.467
0.392,0.654,1.051,0.838,0.737,0.095,0.363,0.467
0.392,0.654,1.051,0.838,0.737,0.095,0.363,0.467
0.392,0.654,1.051,0.838,0.737,0.095,0.363,0.467
0.392,0.654,1.051,0.838,0.737,0.095,0.363,0.467
0.392,0.654,1.051,0.838,0.737,0.095,0.363,0.467
0.392,0.654,1.051,0.838,0.737,0.095,0.363,0.467
0.392,0.654,1.051,0.838,0.737,0.095,0.363,0.467
0.392,0.654,1.051,0.838,0.737,0.095,0.363,0.467
0.392,0.654,1.051,0.838,0.737,0.095,0.363,0.467
0.392,0.654,1.051,0.838,0.737,0.095,0.363,0.467
0.392,0.654,1.051,0.838,0.737,0.095,0.363,0.467
0.392,0.654,1.051,0.838,0.737,0.095,0.363,0.467
0.392,0.654,1.051,0.838,0.737,0.095,0.363,0.467
0.392,0.654,1.051,0.838,0.737,0.095,0.363,0.467
0.392,0.654,1.051,0.838,0.737,0.095,0.363,0.467
0.392,0.654,1.051,0.838,0.737,0.095,0.363,0.467
0.392,0.654,1.051,0.838,0.737,0.095,0.363,0.467
0.392,0.654,1.051,0.838,0.737,0.095,0.363,0.467
0.392,0.654,1.051,0.838,0.737,0.095,0.363,0.467
0.392,0.654,1.051,0.838,0.737,0.095,0.363,0.467
0.392,0.654,1.051,0.838,0.737,0.095,0.363,0.467
0.392,0.654,1.051,0.838,0.737,0.095,0.363,0.467
0.392,0.654,1.051,0.838,0.737,0.095,0.363,0.467
0.392,0.654,1.051,0.838,0.737,0.095,0.363,0.467
0.392,0.654,1.051,0.838,0.737,0.095,0.363,0.467
0.392,0.654,1.051,0.838,0.737,0.095,0.363,0.467
0.392,0.654,1.051,0.838,0.737,0.095,0.363,0.467
0.392,0.654,1.051,0.838,0.737,0.095,0.363,0.467
0.392,0.654,1.051,0.838,0.737,0.095,0.363,0.467
0.392,0.654,1.051,0.838,0.737,0.095,0.363,0.467
0.392,0.654,1.051,0.838,0.737,0.095,0.363,0.467
0.392,0.654,1.051,0.838,0.737,0.095,0.363,0.467
0.392,0.654,1.051,0.838,0.737,0.095,0.363,0.467
0.392,0.654,1.051,0.838,0.737,0.095,0.363,0.467
0.392,0.654,1.051,0.838,0.737,0.095,0.363,0.467
0.392,0.654,1.051,0.838,0.737,0.095,0.363,0.467
0.392,0.654,1.051,0.838,0.737,0.095,0.363,0.467
0.392,0.654,1.051,0.838,0.737,0.095,0.363,0.467
0.392,0.654,1.051,0.838,0.737,0.095,0.363,0.467
0.392,0.654,1.051,0.838,0.737,0.095,0.363,0.467
0.392,0.654,1.051,0.838,0.737,0.095,0.363,0.467
0.392,0.654,1.051,0.838,0.737,0.095,0.363,0.467
0.392,0.654,1.051,0.838,0.737,0.095,0.363,0.467
0.392,0.654,1.051,0.838,0.737,0.095,0.363,0.467
0.392,0.654,1.051,0.838,0.737,0.095,0.363,0.467
0.392,0.654,1.051,0.838,0.737,0.095,0.363,0.467
0.392,0.654,1.051,0.838,0.737,0.095,0.363,0.467
0.392,0.654,1.051,0.838,0.737,0.095,0.363,0.467
0.392,0.654,1.051,0.838,0.737,0.095,0.363,0.467
0.392,0.654,1.051,0.838,0.737,0.095,0.363,0.467
0.392,0.654,1.051,0.838,0.737,0.095,0.363,0.467
0.392,0.654,1.051,0.838,0.737,0.095,0.363,0.467
0.392,0.654,1.051,0.838,0.737,0.095,0.363,0.467
0.392,0.654,1.051,0.838,0.737,0.095,0.363,0.467
0.392,0.654,1.051,0.838,0.737,0.095,0.363,0.467
0.392,0.654,1.051,0.838,0.737,0.095,0.363,0.467
0.392,0.654,1.051,0.838,0.737,0.095,0.363,0.467
0.392,0.654,1.051,0.838,0.737,0.095,0.363,0.467
0.392,0.654,1.051,0.838,0.737,0.095,0.363,0.467
0.392,0.654,1.051,0.838,0.737,0.095,0.363,0.467
0.392,0.654,1.051,0.838,0.737,0.095,0.363,0.467
0.392,0.654,1.051,0.838,0.737,0.095,0.363,0.467
0.392,0.654,1.051,0.838,0.737,0.095,0.363,0.467
0.392,0.654,1.051,0.838,0.737,0.095,0.363,0.467
0.392,0.654,1.051,0.838,0.737,0.095,0.363,0.467
0.392,0.654,1.051,0.838,0.737,0.095,0.363,0.467
0.392,0.654,1.051,0.838,0.737,0.095,0.363,0.467
0.392,0.654,1.051,0.838,0.737,0.095,0.363,0.467
0.392,0.654,1.051,0.838,0.737,0.095,0.363,0.467
0.392,0.654,1.051,0.838,0.737,0.095,0.363,0.467
0.392,0.654,1.051,0.838,0.737,0.095,0.363,0.467
0.392,0.654,1.051,0.838,0.737,0.095,0.363,0.467
0.392,0.654,1.051,0.838,0.737,0.095,0.363,0.467
0.392,0.654,1.051,0.838,0.737,0.095,0.363,0.467
0.392,0.654,1.051,0.838,0.737,0.095,0.363,0.467
0.392,0.654,1.051,0.838,0.737,0.095,0.363,0.467
0.392,0.654,1.051,0.838,0.737,0.095,0.363,0.467
0.392,0.654,1.051,0.838,0.737,0.095,0.363,0.467
0.392,0.654,1.051,0.838,0.737,0.095,0.363,0.467
0.392,0.654,1.051,0.838,0.737,0.095,0.363,0.467
0.392,0.654,1.051,0.838,0.737,0.095,0.363,0.467
0.392,0.654,1.051,0.838,0.737,0.095,0.363,0.467
0.392,0.654,1.051,0.838,0.737,0.095,0.363,0.467
0.392,0.654,1.051,0.838,0.737,0.095,0.363,0.467
0.392,0.654,1.051,0.838,0.737,0.095,0.363,0.467
0.392,0.654,1.051,0.838,0.737,0.095,0.363,0.467
0.392,0.654,1.051,0.838,0.737,0.095,0.363,0.467
0.392,0.654,1.051,0.838,0.737,0.095,0.363,0.467
0.392,0.654,1.051,0.838,0.737,0.095,0.363,0.467
0.392,0.654,1.051,0.838,0.737,0.095,0.363,0.467
0.392,0.654,1.051,0.838,0.737,0.095,0.363,0.467
0.392,0.654,1.051,0.838,0.737,0.095,0.363,0.467
0.392,0.654,1.051,0.838,0.737,0.095,0.363,0.467
0.392,0.654,1.051,0.838,0.737,0.095,0.363,0.467
0.392,0.654,1.051,0.838,0.737,0.095,0.363,0.467
0.392,0.654,1.051,0.838,0.737,0.095,0.363,0.467
0.392,0.654,1.051,0.838,0.737,0.095,0.363,0.467
0.392,0.654,1.051,0.838,0.737,0.095,0.363,0.467
0.392,0.654,1.051,0.838,0.737,0.095,0.363,0.467
0.392,0.654,1.051,0.838,0.737,0.095,0.363,0.467
0.392,0.654,1.051,0.838,0.737,0.095,0.363,0.467
0.392,0.654,1.051,0.838,0.737,0.095,0.363,0.467
0.392,0.654,1.051,0.838,0.737,0.095,0.363,0.467
0.392,0.654,1.051,0.838,0.737,0.095,0.363,0.467
0.392,0.654,1.051,0.838,0.737,0.095,0.363,0.467
0.392,0.654,1.051,0.838,0.737,0.095,0.363,0.467
0.392,0.654,1.051,0.838,0.737,0.095,0.363,0.467
0.392,0.654,1.051,0.838,0.737,0.095,0.363,0.467
0.392,0.654,1.051,0.838,0.737,0.095,0.363,0.467
0.392,0.654,1.051,0.838,0.737,0.095,0.363,0.467
0.392,0.654,1.051,0.838,0.737,0.095,0.363,0.467
0.392,0.654,1.051,0.838,0.737,0.095,0.363,0.467
0.392,0.654,1.051,0.838,0.737,0.095,0.363,0.467
0.392,0.654,1.051,0.838,0.737,0.095,0.363,0.467
0.392,0.654,1.051,0.838,0.737,0.095,0.363,0.467
0.392,0.654,1.051,0.838,0.737,0.095,0.363,0.467
0.392,0.654,1.051,0.838,0.737,0.095,0.363,0.467
0.392,0.654,1.051,0.838,0.737,0.095,0.363,0.467
0.392,0.654,1.051,0.838,0.737,0.095,0.363,0.467
0.392,0.654,1.051,0.838,0.737,0.095,0.363,0.467
0.392,0.654,1.051,0.838,0.737,0.095,0.363,0.467
0.392,0.654,1.051,0.838,0.737,0.095,0.363,0.467
0.392,0.654,1.051,0.838,0.737,0.095,0.363,0.467
0.392,0.654,1.051,0.838,0.737,0.095,0.363,0.467
0.392,0.654,1.051,0.838,0.737,0.095,0.363,0.467
0.392,0.654,1.051,0.838,0.737,0.095,0.363,0.467
0.392,0.654,1.051,0.838,0.737,0.095,0.363,0.467
0.392,0.654,1.051,0.838,0.737,0.095,0.363,0.467
0.392,0.654,1.051,0.838,0.737,0.095,0.363,0.467
0.392,0.654,1.051,0.838,0.737,0.095,0.363,0.467
0.392,0.654,1.051,0.838,0.737,0.095,0.363,0.467
0.392,0.654,1.051,0.838,0.737,0.095,0.363,0.467
0.392,0.654,1.051,0.838,0.737,0.095,0.363,0.467
0.392,0.654,1.051,0.838,0.737,0.095,0.363,0.467
0.392,0.654,1.051,0.838,0.737,0.095,0.363,0.467
0.392,0.654,1.051,0.838,0.737,0.095,0.363,0.467
0.392,0.654,1.051,0.838,0.737,0.095,0.363,0.467
0.392,0.654,1.051,0.838,0.737,0.095,0.363,0.467
0.392,0.654,1.051,0.838,0.737,0.095,0.363,0.467
0.392,0.654,1.051,0.838,0.737,0.095,0.363,0.467
0.392,0.654,1.051,0.838,0.737,0.095,0.363,0.467
0.392,0.654,1.051,0.838,0.737,0.095,0.363,0.467
0.392,0.654,1.051,0.838,0.737,0.095,0.363,0.467
0.392,0.654,1.051,0.838,0.737,0.095,0.363,0.467
0.392,0.654,1.051,0.838,0.737,0.095,0.363,0.467
0.392,0.654,1.051,0.838,0.737,0.095,0.363,0.467
0.392,0.654,1.051,0.838,0.737,0.095,0.363,0.467
0.392,0.654,1.051,0.838,0.737,0.095,0.363,0.467
0.392,0.654,1.051,0.838,0.737,0.095,0.363,0.467
0.392,0.654,1.051,0.838,0.737,0.095,0.363,0.467
0.392,0.654,1.051,0.838,0.737,0.095,0.363,0.467
0.392,0.654,1.051,0.838,0.737,0.095,0.363,0.467
0.392,0.654,1.051,0.838,0.737,0.095,0.363,0.467
0.392,0.654,1.051,0.838,0.737,0.095,0.363,0.467
0.392,0.654,1.051,0.838,0.737,0.095,0.363,0.467
0.392,0.654,1.051,0.838,0.737,0.095,0.363,0.467
0.392,0.654,1.051,0.838,0.737,0.095,0.363,0.467
0.392,0.654,1.051,0.838,0.737,0.095,0.363,0.467
0.392,0.654,1.051,0.838,0.737,0.095,0.363,0.467
0.392,0.654,1.051,0.838,0.737,0.095,0.363,0.467
0.392,0.654,1.051,0.838,0.737,0.095,0.363,0.467
0.392,0.654,1.051,0.838,0.737,0.095,0.363,0.467
0.392,0.654,1.051,0.838,0.737,0.095,0.363,0.467
0.392,0.654,1.051,0.838,0.737,0.095,0.363,0.467
0.392,0.654,1.051,0.838,0.737,0.095,0.363,0.467
0.392,0.654,1.051,0.838,0.737,0.095,0.363,0.467
0.392,0.654,1.051,0.838,0.737,0.095,0.363,0.467
0.392,0.654,1.051,0.838,0.737,0.095,0.363,0.467
0.392,0.654,1.051,0.838,0.737,0.095,0.363,0.467
0.392,0.654,1.051,0.838,0.737,0.095,0.363,0.467
0.392,0.654,1.051,0.838,0.737,0.095,0.363,0.467
0.392,0.654,1.051,0.838,0.737,0.095,0.363,0.467
0.392,0.654,1.051,0.838,0.737,0.095,0.363,0.467
0.392,0.654,1.051,0.838,0.737,0.095,0.363,0.467
0.392,0.654,1.051,0.838,0.737,0.095,0.363,0.467
0.392,0.654,1.051,0.838,0.737,0.095,0.363,0.467
0.392,0.654,1.051,0.838,0.737,0.095,0.363,0.467
0.392,0.654,1.051,0.838,0.737,0.095,0.363,0.467
0.392,0.654,1.051,0.838,0.737,0.095,0.363,0.467
0.392,0.654,1.051,0.838,0.737,0.095,0.363,0.467
0.392,0.654,1.051,0.838,0.737,0.095,0.363,0.467
0.392,0.654,1.051,0.838,0.737,0.095,0.363,0.467
0.392,0.654,1.051,0.838,0.737,0.095,0.363,0.467
0.392,0.654,1.051,0.838,0.737,0.095,0.363,0.467
0.392,0.654,1.051,0.838,0.737,0.095,0.363,0.467
0.392,0.654,1.051,0.838,0.737,0.095,0.363,0.467
0.392,0.654,1.051,0.838,0.737,0.095,0.363,0.467
0.392,0.654,1.051,0.838,0.737,0.095,0.363,0.467
0.392,0.654,1.051,0.838,0.737,0.095,0.363,0.467
0.392,0.654,1.051,0.838,0.737,0.095,0.363,0.467
0.392,0.654,1.051,0.838,0.737,0.095,0.363,0.467
0.392,0.654,1.051,0.838,0.737,0.095,0.363,0.467
0.392,0.654,1.051,0.838,0.737,0.095,0.363,0.467
0.392,0.654,1.051,0.838,0.737,0.095,0.363,0.467
0.392,0.654,1.051,0.838,0.737,0.095,0.363,0.467
0.392,0.654,1.051,0.838,0.737,0.095,0.363,0.467
0.392,0.654,1.051,0.838,0.737,0.095,0.363,0.467
0.392,0.654,1.051,0.838,0.737,0.095,0.363,0.467
0.392,0.654,1.051,0.838,0.737,0.095,0.363,0.467
0.392,0.654,1.051,0.838,0.737,0.095,0.363,0.467
0.392,0.654,1.051,0.838,0.737,0.095,0.363,0.467
0.392,0.654,1.051,0.838,0.737,0.095,0.363,0.467
0.392,0.654,1.051,0.838,0.737,0.095,0.363,0.467
0.392,0.654,1.051,0.838,0.737,0.095,0.363,0.467
0.392,0.654,1.051,0.838,0.737,0.095,0.363,0.467
0.392,0.654,1.051,0.838,0.737,0.095,0.363,0.467
0.392,0.654,1.051,0.838,0.737,0.095,0.363,0.467
0.392,0.654,1.051,0.838,0.737,0.095,0.363,0.467
0.392,0.654,1.051,0.838,0.737,0.095,0.363,0.467
0.392,0.654,1.051,0.838,0.737,0.095,0.363,0.467
0.392,0.654,1.051,0.838,0.737,0.095,0.363,0.467
0.392,0.654,1.051,0.838,0.737,0.095,0.363,0.467
0.392,0.654,1.051,0.838,0.737,0.095,0.363,0.467
0.392,0.654,1.051,0.838,0.737,0.095,0.363,0.467
0.392,0.654,1.051,0.838,0.737,0.095,0.363,0.467
0.392,0.654,1.051,0.838,0.737,0.095,0.363,0.467
0.392,0.654,1.051,0.838,0.737,0.095,0.363,0.467
0.392,0.654,1.051,0.838,0.737,0.095,0.363,0.467
0.392,0.654,1.051,0.838,0.737,0.095,0.363,0.467
0.392,0.654,1.051,0.838,0.737,0.095,0.363,0.467
0.392,0.654,1.051,0.838,0.737,0.095,0.363,0.467
0.392,0.654,1.051,0.838,0.737,0.095,0.363,0.467
0.392,0.654,1.051,0.838,0.737,0.095,0.363,0.467
0.392,0.654,1.051,0.838,0.737,0.095,0.363,0.467
0.392,0.654,1.051,0.838,0.737,0.095,0.363,0.467
0.392,0.654,1.051,0.838,0.737,0.095,0.363,0.467
0.392,0.654,1.051,0.838,0.737,0.095,0.363,0.467
0.392,0.654,1.051,0.838,0.737,0.095,0.363,0.467
0.392,0.654,1.051,0.838,0.737,0.095,0.363,0.467
0.392,0.654,1.051,0.838,0.737,0.095,0.363,0.467
0.392,0.654,1.051,0.838,0.737,0.095,0.363,0.467
0.392,0.654,1.051,0.838,0.737,0.095,0.363,0.467
0.392,0.654,1.051,0.838,0.737,0.095,0.363,0.467
0.392,0.654,1.051,0.838,0.737,0.095,0.363,0.467
0.392,0.654,1.051,0.838,0.737,0.095,0.363,0.467
0.392,0.654,1.051,0.838,0.737,0.095,0.363,0.467
0.392,0.654,1.051,0.838,0.737,0.095,0.363,0.467
0.392,0.654,1.051,0.838,0.737,0.095,0.363,0.467
0.392,0.654,1.051,0.838,0.737,0.095,0.363,0.467
0.392,0.654,1.051,0.838,0.737,0.095,0.363,0.467
0.392,0.654,1.051,0.838,0.737,0.095,0.363,0.467
0.392,0.654,1.051,0.838,0.737,0.095,0.363,0.467
0.392,0.654,1.051,0.838,0.737,0.095,0.363,0.467
0.392,0.654,1.051,0.838,0.737,0.095,0.363,0.467
0.392,0.654,1.051,0.838,0.737,0.095,0.363,0.467
0.392,0.654,1.051,0.838,0.737,0.095,0.363,0.467
0.392,0.654,1.051,0.838,0.737,0.095,0.363,0.467
0.392,0.654,1.051,0.838,0.737,0.095,0.363,0.467
0.392,0.654,1.051,0.838,0.737,0.095,0.363,0.467
0.392,0.654,1.051,0.838,0.737,0.095,0.363,0.467
0.392,0.654,1.051,0.838,0.737,0.095,0.363,0.467
0.392,0.654,1.051,0.838,0.737,0.095,0.363,0.467
0.392,0.654,1.051,0.838,0.737,0.095,0.363,0.467
0.392,0.654,1.051,0.838,0.737,0.095,0.363,0.467
0.392,0.654,1.051,0.838,0.737,0.095,0.363,0.467
0.392,0.654,1.051,0.838,0.737,0.095,0.363,0.467
0.392,0.654,1.051,0.838,0.737,0.095,0.363,0.467
0.392,0.654,1.051,0.838,0.737,0.095,0.363,0.467
0.392,0.654,1.051,0.838,0.737,0.095,0.363,0.467
0.392,0.654,1.051,0.838,0.737,0.095,0.363,0.467
0.392,0.654,1.051,0.838,0.737,0.095,0.363,0.467
0.392,0.654,1.051,0.838,0.737,0.095,0.363,0.467
0.392,0.654,1.051,0.838,0.737,0.095,0.363,0.467
0.392,0.654,1.051,0.838,0.737,0.095,0.363,0.467
0.392,0.654,1.051,0.838,0.737,0.095,0.363,0.467
0.392,0.654,1.051,0.838,0.737,0.095,0.363,0.467
0.392,0.654,1.051,0.838,0.737,0.095,0.363,0.467
0.392,0.654,1.051,0.838,0.737,0.095,0.363,0.467
0.392,0.654,1.051,0.838,0.737,0.095,0.363,0.467
0.392,0.654,1.051,0.838,0.737,0.095,0.363,0.467
0.392,0.654,1.051,0.838,0.737,0.095,0.363,0.467
0.392,0.654,1.051,0.838,0.737,0.095,0.363,0.467
0.392,0.654,1.051,0.838,0.737,0.095,0.363,0.467
0.392,0.654,1.051,0.838,0.737,0.095,0.363,0.467
0.392,0.654,1.051,0.838,0.737,0.095,0.363,0.467
0.392,0.654,1.051,0.838,0.737,0.095,0.363,0.467
0.392,0.654,1.051,0.838,0.737,0.095,0.363,0.467
0.392,0.654,1.051,0.838,0.737,0.095,0.363,0.467
0.392,0.654,1.051,0.838,0.737,0.095,0.363,0.467
0.392,0.654,1.051,0.838,0.737,0.095,0.363,0.467
0.392,0.654,1.051,0.838,0.737,0.095,0.363,0.467
0.392,0.654,1.051,0.838,0.737,0.095,0.363,0.467
0.392,0.654,1.051,0.838,0.737,0.095,0.363,0.467
0.392,0.654,1.051,0.838,0.737,0.095,0.363,0.467
0.392,0.654,1.051,0.838,0.737,0.095,0.363,0.467
0.392,0.654,1.051,0.838,0.737,0.095,0.363,0.467
0.392,0.654,1.051,0.838,0.737,0.095,0.363,0.467
0.392,0.654,1.051,0.838,0.737,0.095,0.363,0.467
0.392,0.654,1.051,0.838,0.737,0.095,0.363,0.467
0.392,0.654,1.051,0.838,0.737,0.095,0.363,0.467
0.392,0.654,1.051,0.838,0.737,0.095,0.363,0.467
0.392,0.654,1.051,0.838,0.737,0.095,0.363,0.467
0.392,0.654,1.051,0.838,0.737,0.095,0.363,0.467
0.392,0.654,1.051,0.838,0.737,0.095,0.363,0.467
0.392,0.654,1.051,0.838,0.737,0.095,0.363,0.467
0.392,0.654,1.051,0.838,0.737,0.095,0.363,0.467
0.392,0.654,1.051,0.838,0.737,0.095,0.363,0.467
0.392,0.654,1.051,0.838,0.737,0.095,0.363,0.467
0.392,0.654,1.051,0.838,0.737,0.095,0.363,0.467
0.392,0.654,1.051,0.838,0.737,0.095,0.363,0.467
0.392,0.654,1.051,0.838,0.737,0.095,0.363,0.467
0.392,0.654,1.051,0.838,0.737,0.095,0.363,0.467
0.392,0.654,1.051,0.838,0.737,0.095,0.363,0.467
0.392,0.654,1.051,0.838,0.737,0.095,0.363,0.467
0.392,0.654,1.051,0.838,0.737,0.095,0.363,0.467
0.392,0.654,1.051,0.838,0.737,0.095,0.363,0.467
0.392,0.654,1.051,0.838,0.737,0.095,0.363,0.467
0.392,0.654,1.051,0.838,0.737,0.095,0.363,0.467
0.392,0.654,1.051,0.838,0.737,0.095,0.363,0.467
0.392,0.654,1.051,0.838,0.737,0.095,0.363,0.467
0.392,0.654,1.051,0.838,0.737,0.095,0.363,0.467
0.392,0.654,1.051,0.838,0.737,0.095,0.363,0.467
0.392,0.654,1.051,0.838,0.737,0.095,0.363,0.467
0.392,0.654,1.051,0.838,0.737,0.095,0.363,0.467
0.392,0.654,1.051,0.838,0.737,0.095,0.363,0.467
0.392,0.654,1.051,0.838,0.737,0.095,0.363,0.467
0.392,0.654,1.051,0.838,0.737,0.095,0.363,0.467
0.392,0.654,1.051,0.838,0.737,0.095,0.363,0.467
0.392,0.654,1.051,0.838,0.737,0.095,0.363,0.467
0.392,0.654,1.051,0.838,0.737,0.095,0.363,0.467
0.392,0.654,1.051,0.838,0.737,0.095,0.363,0.467
0.392,0.654,1.051,0.838,0.737,0.095,0.363,0.467
0.392,0.654,1.051,0.838,0.737,0.095,0.363,0.467
0.392,0.654,1.051,0.838,0.737,0.095,0.363,0.467
0.392,0.654,1.051,0.838,0.737,0.095,0.363,0.467
0.392,0.654,1.051,0.838,0.737,0.095,0.363,0.467
0.392,0.654,1.051,0.838,0.737,0.095,0.363,0.467
0.392,0.654,1.051,0.838,0.737,0.095,0.363,0.467
0.392,0.654,1.051,0.838,0.737,0.095,0.363,0.467
0.392,0.654,1.051,0.838,0.737,0.095,0.363,0.467
0.392,0.654,1.051,0.838,0.737,0.095,0.363,0.467
0.392,0.654,1.051,0.838,0.737,0.095,0.363,0.467
0.392,0.654,1.051,0.838,0.737,0.095,0.363,0.467
0.392,0.654,1.051,0.838,0.737,0.095,0.363,0.467
0.392,0.654,1.051,0.838,0.737,0.095,0.363,0.467
0.392,0.654,1.051,0.838,0.737,0.095,0.363,0.467
0.392,0.654,1.051,0.838,0.737,0.095,0.363,0.467
0.392,0.654,1.051,0.838,0.737,0.095,0.363,0.467
0.392,0.654,1.051,0.838,0.737,0.095,0.363,0.467
0.392,0.654,1.051,0.838,0.737,0.095,0.363,0.467
0.392,0.654,1.051,0.838,0.737,0.095,0.363,0.467
0.392,0.654,1.051,0.838,0.737,0.095,0.363,0.467
0.392,0.654,1.051,0.838,0.737,0.095,0.363,0.467
0.392,0.654,1.051,0.838,0.737,0.095,0.363,0.467
0.392,0.654,1.051,0.838,0.737,0.095,0.363,0.467
0.392,0.654,1.051,0.838,0.737,0.095,0.363,0.467
0.392,0.654,1.051,0.838,0.737,0.095,0.363,0.467
0.392,0.654,1.051,0.838,0.737,0.095,0.363,0.467
0.392,0.654,1.051,0.838,0.737,0.095,0.363,0.467
0.392,0.654,1.051,0.838,0.737,0.095,0.363,0.467
0.392,0.654,1.051,0.838,0.737,0.095,0.363,0.467
0.392,0.654,1.051,0.838,0.737,0.095,0.363,0.467
0.392,0.654,1.051,0.838,0.737,0.095,0.363,0.467
0.392,0.654,1.051,0.838,0.737,0.095,0.363,0.467
0.392,0.654,1.051,0.838,0.737,0.095,0.363,0.467
0.392,0.654,1.051,0.838,0.737,0.095,0.363,0.467
0.392,0.654,1.051,0.838,0.737,0.095,0.363,0.467
0.392,0.654,1.051,0.838,0.737,0.095,0.363,0.467
0.392,0.654,1.051,0.838,0.737,0.095,0.363,0.467
0.392,0.654,1.051,0.838,0.737,0.095,0.363,0.467
0.392,0.654,1.051,0.838,0.737,0.095,0.363,0.467
0.392,0.654,1.051,0.838,0.737,0.095,0.363,0.467
0.392,0.654,1.051,0.838,0.737,0.095,0.363,0.467
0.392,0.654,1.051,0.838,0.737,0.095,0.363,0.467
0.392,0.654,1.051,0.838,0.737,0.095,0.363,0.467
0.392,0.654,1.051,0.838,0.737,0.095,0.363,0.467
0.392,0.654,1.051,0.838,0.737,0.095,0.363,0.467
0.392,0.654,1.051,0.838,0.737,0.095,0.363,0.467
0.392,0.654,1.051,0.838,0.737,0.095,0.363,0.467
0.392,0.654,1.051,0.838,0.737,0.095,0.363,0.467
0.392,0.654,1.051,0.838,0.737,0.095,0.363,0.467
0.392,0.654,1.051,0.838,0.737,0.095,0.363,0.467
0.392,0.654,1.051,0.838,0.737,0.095,0.363,0.467
0.392,0.654,1.051,0.838,0.737,0.095,0.363,0.467
0.392,0.654,1.051,0.838,0.737,0.095,0.363,0.467
0.392,0.654,1.051,0.838,0.737,0.095,0.363,0.467
0.392,0.654,1.051,0.838,0.737,0.095,0.363,0.467
0.392,0.654,1.051,0.838,0.737,0.095,0.363,0.467
0.392,0.654,1.051,0.838,0.737,0.095,0.363,0.467
0.392,0.654,1.051,0.838,0.737,0.095,0.363,0.467
0.392,0.654,1.051,0.838,0.737,0.095,0.363,0.467
0.392,0.654,1.051,0.838,0.737,0.095,0.363,0.467
0.392,0.654,1.051,0.838,0.737,0.095,0.363,0.467
0.392,0.654,1.051,0.838,0.737,0.095,0.363,0.467
0.392,0.654,1.051,0.838,0.737,0.095,0.363,0.467
0.392,0.654,1.051,0.838,0.737,0.095,0.363,0.467
0.392,0.654,1.051,0.838,0.737,0.095,0.363,0.467
0.392,0.654,1.051,0.838,0.737,0.095,0.363,0.467
0.392,0.654,1.051,0.838,0.737,0.095,0.363,0.467
0.392,0.654,1.051,0.838,0.737,0.095,0.363,0.467
0.392,0.654,1.051,0.838,0.737,0.095,0.363,0.467
0.392,0.654,1.051,0.838,0.737,0.095,0.363,0.467
0.392,0.654,1.051,0.838,0.737,0.095,0.363,0.467
0.392,0.654,1.051,0.838,0.737,0.095,0.363,0.467
0.392,0.654,1.051,0.838,0.737,0.095,0.363,0.467
0.392,0.654,1.051,0.838,0.737,0.095,0.363,0.467
0.392,0.654,1.051,0.838,0.737,0.095,0.363,0.467
0.392,0.654,1.051,0.838,0.737,0.095,0.363,0.467
0.392,0.654,1.051,0.838,0.737,0.095,0.363,0.467
0.392,0.654,1.051,0.838,0.737,0.095,0.363,0.467
0.392,0.654,1.051,0.838,0.737,0.095,0.363,0.467
0.392,0.654,1.051,0.838,0.737,0.095,0.363,0.467
0.392,0.654,1.051,0.838,0.737,0.095,0.363,0.467
0.392,0.654,1.051,0.838,0.737,0.095,0.363,0.467
0.392,0.654,1.051,0.838,0.737,0.095,0.363,0.467
0.392,0.654,1.051,0.838,0.737,0.095,0.363,0.467
0.392,0.654,1.051,0.838,0.737,0.095,0.363,0.467
0.392,0.654,1.051,0.838,0.737,0.095,0.363,0.467
0.392,0.654,1.051,0.838,0.737,0.095,0.363,0.467
0.392,0.654,1.051,0.838,0.737,0.095,0.363,0.467
0.392,0.654,1.051,0.838,0.737,0.095,0.363,0.467
0.392,0.654,1.051,0.838,0.737,0.095,0.363,0.467
0.392,0.654,1.051,0.838,0.737,0.095,0.363,0.467
0.392,0.654,1.051,0.838,0.737,0.095,0.363,0.467
0.392,0.654,1.051,0.838,0.737,0.095,0.363,0.467
0.392,0.654,1.051,0.838,0.737,0.095,0.363,0.467
0.392,0.654,1.051,0.838,0.737,0.095,0.363,0.467
0.392,0.654,1.051,0.838,0.737,0.095,0.363,0.467
0.392,0.654,1.051,0.838,0.737,0.095,0.363,0.467
0.392,0.654,1.051,0.838,0.737,0.095,0.363,0.467
0.392,0.654,1.051,0.838,0.737,0.095,0.363,0.467
0.392,0.654,1.051,0.838,0.737,0.095,0.363,0.467
0.392,0.654,1.051,0.838,0.737,0.095,0.363,0.467
0.392,0.654,1.051,0.838,0.737,0.095,0.363,0.467
0.392,0.654,1.051,0.838,0.737,0.095,0.363,0.467
0.392,0.654,1.051,0.838,0.737,0.095,0.363,0.467
0.392,0.654,1.051,0.838,0.737,0.095,0.363,0.467
0.392,0.654,1.051,0.838,0.737,0.095,0.363,0.467
0.392,0.654,1.051,0.838,0.737,0.095,0.363,0.467
0.392,0.654,1.051,0.838,0.737,0.095,0.363,0.467
0.392,0.654,1.051,0.838,0.737,0.095,0.363,0.467
0.392,0.654,1.051,0.838,0.737,0.095,0.363,0.467
0.392,0.654,1.051,0.838,0.737,0.095,0.363,0.467
0.392,0.654,1.051,0.838,0.737,0.095,0.363,0.467
0.392,0.654,1.051,0.838,0.737,0.095,0.363,0.467
0.392,0.654,1.051,0.838,0.737,0.095,0.363,0.467
0.392,0.654,1.051,0.838,0.737,0.095,0.363,0.467
0.392,0.654,1.051,0.838,0.737,0.095,0.363,0.467
0.392,0.654,1.051,0.838,0.737,0.095,0.363,0.467
0.392,0.654,1.051,0.838,0.737,0.095,0.363,0.467
0.392,0.654,1.051,0.838,0.737,0.095,0.363,0.467
0.392,0.654,1.051,0.838,0.737,0.095,0.363,0.467
0.392,0.654,1.051,0.838,0.737,0.095,0.363,0.467
0.392,0.654,1.051,0.838,0.737,0.095,0.363,0.467
0.392,0.654,1.051,0.838,0.737,0.095,0.363,0.467
0.392,0.654,1.051,0.838,0.737,0.095,0.363,0.467
0.392,0.654,1.051,0.838,0.737,0.095,0.363,0.467
0.392,0.654,1.051,0.838,0.737,0.095,0.363,0.467
0.392,0.654,1.051,0.838,0.737,0.095,0.363,0.467
0.392,0.654,1.051,0.838,0.737,0.095,0.363,0.467
0.392,0.654,1.051,0.838,0.737,0.095,0.363,0.467
0.392,0.654,1.051,0.838,0.737,0.095,0.363,0.467
0.392,0.654,1.051,0.838,0.737,0.095,0.363,0.467
0.392,0.654,1.051,0.838,0.737,0.095,0.363,0.467
0.392,0.654,1.051,0.838,0.737,0.095,0.363,0.467
0.392,0.654,1.051,0.838,0.737,0.095,0.363,0.467
0.392,0.654,1.051,0.838,0.737,0.095,0.363,0.467
0.392,0.654,1.051,0.838,0.737,0.095,0.363,0.467
0.392,0.654,1.051,0.838,0.737,0.095,0.363,0.467
0.392,0.654,1.051,0.838,0.737,0.095,0.363,0.467
0.392,0.654,1.051,0.838,0.737,0.095,0.363,0.467
0.392,0.654,1.051,0.838,0.737,0.095,0.363,0.467
0.392,0.654,1.051,0.838,0.737,0.095,0.363,0.467
0.392,0.654,1.051,0.838,0.737,0.095,0.363,0.467
0.392,0.654,1.051,0.838,0.737,0.095,0.363,0.467
0.392,0.654,1.051,0.838,0.737,0.095,0.363,0.467
0.392,0.654,1.051,0.838,0.737,0.095,0.363,0.467
0.392,0.654,1.051,0.838,0.737,0.095,0.363,0.467
0.392,0.654,1.051,0.838,0.737,0.095,0.363,0.467
0.392,0.654,1.051,0.838,0.737,0.095,0.363,0.467
0.392,0.654,1.051,0.838,0.737,0.095,0.363,0.467
0.392,0.654,1.051,0.838,0.737,0.095,0.363,0.467
0.392,0.654,1.051,0.838,0.737,0.095,0.363,0.467
0.392,0.654,1.051,0.838,0.737,0.095,0.363,0.467
0.392,0.654,1.051,0.838,0.737,0.095,0.363,0.467
0.392,0.654,1.051,0.838,0.737,0.095,0.363,0.467
0.392,0.654,1.051,0.838,0.737,0.095,0.363,0.467
0.392,0.654,1.051,0.838,0.737,0.095,0.363,0.467
0.392,0.654,1.051,0.838,0.737,0.095,0.363,0.467
0.392,0.654,1.051,0.838,0.737,0.095,0.363,0.467
0.392,0.654,1.051,0.838,0.737,0.095,0.363,0.467
0.392,0.654,1.051,0.838,0.737,0.095,0.363,0.467
0.392,0.654,1.051,0.838,0.737,0.095,0.363,0.467
