S1_S0402,S2_S0402,S3_S0402,S4_S0402,S5_S0402,S6_S0402,S7_S0402,S8_S0402
0.351,0.633,0.944,0.853,0.709,0.092,0.313,0.434
0.351,0.633,0.944,0.853,0.709,0.092,0.313,0.434
0.351,0.633,0.944,0.853,0.709,0.092,0.313,0.434
0.351,0.633,0.944,0.853,0.709,0.092,0.313,0.434
0.351,0.633,0.944,0.853,0.709,0.092,0.313,0.434
0.351,0.633,0.944,0.853,0.709,0.092,0.313,0.434
0.351,0.633,0.943,0.853,0.709,0.092,0.313,0.434
0.351,0.633,0.943,0.853,0.709,0.092,0.313,0.434
0.351,0.633,0.943,0.853,0.709,0.092,0.312,0.434
0.351,0.633,0.943,0.853,0.709,0.092,0.313,0.434
0.351,0.633,0.943,0.853,0.709,0.092,0.313,0.434
0.351,0.633,0.943,0.853,0.709,0.092,0.313,0.433
0.351,0.633,0.943,0.853,0.709,0.092,0.313,0.434
0.351,0.633,0.943,0.853,0.709,0.092,0.312,0.433
0.351,0.633,0.943,0.853,0.709,0.092,0.313,0.433
0.351,0.633,0.943,0.853,0.709,0.092,0.312,0.434
0.351,0.633,0.943,0.853,0.709,0.092,0.313,0.434
0.351,0.633,0.943,0.853,0.709,0.092,0.312,0.433
0.351,0.633,0.943,0.852,0.709,0.092,0.313,0.433
0.351,0.633,0.943,0.852,0.709,0.092,0.312,0.433
0.351,0.633,0.943,0.852,0.709,0.092,0.312,0.433
0.351,0.633,0.942,0.852,0.709,0.092,0.313,0.433
0.351,0.633,0.942,0.852,0.709,0.092,0.312,0.433
0.351,0.633,0.942,0.852,0.709,0.092,0.312,0.433
0.351,0.633,0.942,0.852,0.709,0.092,0.312,0.433
0.351,0.632,0.942,0.852,0.709,0.092,0.312,0.433
0.351,0.633,0.942,0.852,0.709,0.092,0.312,0.433
0.351,0.633,0.942,0.852,0.709,0.092,0.312,0.433
0.351,0.633,0.942,0.852,0.709,0.092,0.312,0.433
0.351,0.633,0.942,0.852,0.709,0.092,0.312,0.433
0.351,0.632,0.942,0.852,0.709,0.092,0.312,0.433
0.351,0.632,0.942,0.852,0.709,0.092,0.312,0.433
0.351,0.633,0.942,0.852,0.709,0.092,0.312,0.433
0.351,0.633,0.942,0.852,0.709,0.092,0.312,0.433
0.35,0.632,0.941,0.852,0.709,0.092,0.312,0.433
0.351,0.632,0.941,0.852,0.709,0.092,0.312,0.433
0.35,0.632,0.941,0.852,0.709,0.092,0.312,0.433
0.35,0.632,0.941,0.852,0.709,0.092,0.312,0.433
0.35,0.632,0.941,0.852,0.709,0.092,0.312,0.433
0.35,0.632,0.941,0.852,0.709,0.092,0.312,0.433
0.35,0.632,0.941,0.852,0.709,0.092,0.312,0.433
0.35,0.632,0.941,0.852,0.709,0.092,0.312,0.433
0.35,0.632,0.941,0.852,0.709,0.092,0.312,0.433
0.35,0.632,0.941,0.852,0.709,0.092,0.312,0.433
0.35,0.632,0.941,0.851,0.709,0.092,0.312,0.433
0.35,0.632,0.941,0.851,0.709,0.092,0.312,0.433
0.35,0.632,0.941,0.851,0.709,0.092,0.312,0.433
0.35,0.632,0.941,0.851,0.709,0.092,0.312,0.433
0.35,0.632,0.941,0.851,0.709,0.092,0.312,0.433
0.35,0.632,0.94,0.851,0.709,0.092,0.312,0.433
0.35,0.632,0.94,0.851,0.709,0.092,0.312,0.433
0.35,0.632,0.94,0.851,0.709,0.092,0.312,0.433
0.35,0.632,0.94,0.851,0.709,0.092,0.312,0.433
0.35,0.632,0.94,0.851,0.709,0.092,0.312,0.433
0.35,0.632,0.94,0.851,0.709,0.092,0.312,0.433
0.35,0.632,0.94,0.851,0.709,0.092,0.312,0.433
0.35,0.632,0.94,0.851,0.709,0.092,0.312,0.433
0.35,0.632,0.94,0.851,0.709,0.092,0.312,0.433
0.35,0.632,0.94,0.851,0.709,0.092,0.312,0.432
0.35,0.632,0.94,0.851,0.709,0.092,0.312,0.432
0.35,0.632,0.94,0.851,0.709,0.092,0.312,0.432
0.35,0.632,0.94,0.851,0.709,0.092,0.312,0.432
0.35,0.632,0.94,0.851,0.709,0.092,0.312,0.432
0.35,0.632,0.939,0.851,0.709,0.092,0.311,0.432
0.35,0.632,0.939,0.851,0.709,0.092,0.312,0.432
0.35,0.632,0.94,0.85,0.709,0.092,0.311,0.432
0.35,0.632,0.939,0.851,0.709,0.092,0.312,0.432
0.35,0.632,0.939,0.85,0.709,0.092,0.312,0.432
0.35,0.632,0.939,0.85,0.709,0.092,0.312,0.432
0.35,0.632,0.939,0.85,0.709,0.092,0.311,0.432
0.35,0.632,0.939,0.85,0.709,0.092,0.312,0.432
0.35,0.632,0.939,0.85,0.709,0.092,0.311,0.432
0.35,0.632,0.939,0.85,0.709,0.092,0.311,0.432
0.35,0.632,0.939,0.85,0.709,0.092,0.311,0.432
0.35,0.632,0.939,0.85,0.709,0.092,0.311,0.432
0.35,0.632,0.939,0.85,0.709,0.092,0.311,0.432
0.349,0.631,0.939,0.85,0.709,0.092,0.311,0.432
0.35,0.632,0.939,0.85,0.709,0.092,0.311,0.432
0.349,0.631,0.939,0.85,0.709,0.092,0.311,0.432
0.349,0.631,0.938,0.85,0.709,0.092,0.311,0.432
0.349,0.631,0.938,0.85,0.709,0.092,0.311,0.432
0.349,0.631,0.938,0.85,0.709,0.092,0.312,0.432
0.349,0.631,0.938,0.85,0.709,0.092,0.311,0.432
0.349,0.631,0.938,0.85,0.709,0.092,0.311,0.432
0.349,0.631,0.938,0.85,0.709,0.092,0.311,0.432
0.349,0.631,0.938,0.849,0.709,0.092,0.311,0.432
0.349,0.631,0.938,0.849,0.709,0.092,0.311,0.432
0.349,0.631,0.938,0.849,0.709,0.092,0.311,0.432
0.349,0.631,0.938,0.85,0.709,0.092,0.311,0.432
0.349,0.631,0.938,0.849,0.709,0.092,0.311,0.432
0.349,0.631,0.938,0.849,0.709,0.092,0.311,0.432
0.349,0.631,0.938,0.849,0.709,0.092,0.311,0.432
0.349,0.631,0.938,0.849,0.709,0.092,0.311,0.432
0.349,0.631,0.938,0.849,0.709,0.092,0.311,0.432
0.349,0.631,0.938,0.849,0.709,0.092,0.311,0.432
0.349,0.631,0.938,0.849,0.709,0.092,0.311,0.432
0.349,0.631,0.938,0.849,0.709,0.092,0.311,0.432
0.349,0.631,0.937,0.849,0.709,0.092,0.311,0.432
0.349,0.631,0.937,0.849,0.709,0.092,0.311,0.432
0.349,0.631,0.937,0.849,0.709,0.092,0.311,0.432
0.349,0.631,0.937,0.849,0.709,0.092,0.311,0.432
0.349,0.631,0.937,0.849,0.709,0.092,0.311,0.432
0.349,0.631,0.937,0.848,0.709,0.092,0.311,0.432
0.349,0.631,0.937,0.849,0.709,0.092,0.311,0.432
0.349,0.631,0.937,0.848,0.709,0.092,0.311,0.432
0.349,0.631,0.937,0.848,0.709,0.092,0.311,0.432
0.349,0.631,0.937,0.848,0.709,0.092,0.311,0.432
0.349,0.631,0.937,0.848,0.709,0.092,0.311,0.432
0.349,0.63,0.937,0.848,0.709,0.092,0.311,0.432
0.349,0.63,0.937,0.848,0.709,0.092,0.311,0.432
0.349,0.63,0.937,0.848,0.709,0.092,0.311,0.432
0.349,0.63,0.936,0.848,0.709,0.092,0.311,0.432
0.349,0.63,0.936,0.848,0.709,0.092,0.311,0.432
0.349,0.63,0.936,0.848,0.709,0.092,0.311,0.432
0.349,0.63,0.936,0.848,0.709,0.092,0.311,0.432
0.349,0.63,0.936,0.848,0.709,0.092,0.311,0.432
0.349,0.63,0.936,0.848,0.709,0.092,0.311,0.432
0.349,0.63,0.936,0.848,0.709,0.092,0.311,0.432
0.349,0.63,0.936,0.848,0.709,0.092,0.311,0.432
0.349,0.63,0.936,0.848,0.709,0.092,0.311,0.432
0.349,0.63,0.936,0.848,0.709,0.092,0.311,0.432
0.349,0.63,0.936,0.848,0.709,0.092,0.311,0.432
0.349,0.63,0.935,0.848,0.709,0.092,0.311,0.432
0.349,0.63,0.936,0.847,0.709,0.092,0.311,0.432
0.349,0.63,0.936,0.847,0.709,0.092,0.311,0.432
0.349,0.63,0.935,0.847,0.709,0.092,0.311,0.432
0.349,0.63,0.935,0.847,0.709,0.092,0.31,0.432
0.348,0.63,0.935,0.847,0.709,0.092,0.311,0.431
0.348,0.63,0.935,0.847,0.709,0.092,0.311,0.432
0.349,0.63,0.935,0.847,0.708,0.092,0.311,0.432
0.348,0.63,0.935,0.847,0.708,0.092,0.311,0.432
0.348,0.63,0.935,0.847,0.708,0.092,0.311,0.432
0.348,0.63,0.935,0.847,0.708,0.092,0.311,0.431
0.348,0.63,0.935,0.847,0.708,0.092,0.31,0.431
0.348,0.629,0.935,0.847,0.708,0.092,0.311,0.431
0.348,0.629,0.935,0.847,0.709,0.092,0.31,0.431
0.348,0.629,0.935,0.847,0.708,0.092,0.31,0.431
0.348,0.629,0.935,0.847,0.708,0.092,0.31,0.431
0.348,0.63,0.934,0.847,0.708,0.092,0.31,0.431
0.348,0.629,0.934,0.847,0.709,0.092,0.31,0.431
0.348,0.629,0.934,0.847,0.708,0.092,0.31,0.431
0.348,0.63,0.934,0.847,0.709,0.092,0.31,0.431
0.348,0.629,0.934,0.847,0.709,0.092,0.31,0.431
0.348,0.63,0.934,0.848,0.709,0.092,0.31,0.431
0.348,0.629,0.934,0.848,0.709,0.092,0.31,0.431
0.348,0.629,0.934,0.848,0.709,0.092,0.31,0.431
0.348,0.63,0.934,0.848,0.709,0.092,0.31,0.431
0.348,0.63,0.934,0.848,0.71,0.092,0.31,0.431
0.348,0.63,0.934,0.848,0.71,0.092,0.31,0.432
0.348,0.631,0.934,0.848,0.71,0.092,0.31,0.432
0.348,0.632,0.934,0.848,0.71,0.092,0.31,0.432
0.348,0.634,0.934,0.847,0.71,0.092,0.31,0.433
0.348,0.636,0.934,0.846,0.71,0.092,0.31,0.433
0.348,0.637,0.934,0.849,0.71,0.092,0.31,0.434
0.348,0.638,0.934,0.856,0.71,0.092,0.31,0.435
0.348,0.642,0.934,0.878,0.711,0.092,0.31,0.438
0.347,0.649,0.935,0.903,0.716,0.092,0.311,0.45
0.347,0.667,0.936,0.915,0.728,0.092,0.312,0.473
0.348,0.706,0.938,0.929,0.746,0.093,0.313,0.495
0.349,0.757,0.941,0.943,0.769,0.094,0.313,0.515
0.351,0.803,0.943,0.959,0.794,0.095,0.315,0.533
0.352,0.853,0.946,0.97,0.817,0.096,0.315,0.551
0.354,0.91,0.949,0.983,0.838,0.097,0.316,0.565
0.355,0.965,0.952,0.99,0.858,0.099,0.317,0.578
0.357,1.016,0.955,1.0,0.875,0.1,0.317,0.589
0.358,1.058,0.958,1.006,0.89,0.101,0.318,0.599
0.359,1.097,0.961,1.015,0.903,0.102,0.318,0.608
0.361,1.131,0.964,1.018,0.916,0.103,0.318,0.617
0.361,1.162,0.967,1.025,0.927,0.104,0.319,0.624
0.362,1.189,0.97,1.031,0.937,0.105,0.319,0.631
0.363,1.212,0.972,1.035,0.946,0.106,0.319,0.638
0.364,1.233,0.975,1.038,0.956,0.106,0.32,0.645
0.364,1.253,0.977,1.043,0.964,0.107,0.319,0.651
0.365,1.272,0.979,1.047,0.972,0.108,0.319,0.656
0.365,1.289,0.982,1.051,0.978,0.109,0.319,0.662
0.366,1.305,0.984,1.056,0.985,0.109,0.32,0.667
0.366,1.319,0.986,1.058,0.991,0.11,0.319,0.672
0.367,1.334,0.988,1.059,1.0,0.11,0.319,0.676
0.367,1.346,0.99,1.066,1.006,0.111,0.319,0.681
0.367,1.357,0.992,1.065,1.012,0.112,0.319,0.685
0.368,1.369,0.994,1.07,1.018,0.112,0.319,0.69
0.368,1.379,0.995,1.07,1.022,0.113,0.319,0.693
0.368,1.389,0.997,1.073,1.027,0.114,0.319,0.697
0.368,1.399,0.998,1.072,1.032,0.114,0.318,0.701
0.369,1.408,1.0,1.078,1.037,0.115,0.318,0.705
0.369,1.417,1.002,1.075,1.042,0.115,0.318,0.709
0.369,1.424,1.003,1.078,1.046,0.116,0.317,0.712
0.369,1.434,1.004,1.08,1.05,0.116,0.317,0.716
0.369,1.44,1.006,1.079,1.054,0.117,0.317,0.719
0.369,1.448,1.007,1.083,1.059,0.117,0.317,0.722
0.369,1.455,1.009,1.087,1.063,0.118,0.316,0.725
0.369,1.462,1.01,1.086,1.068,0.118,0.316,0.729
0.37,1.468,1.011,1.087,1.073,0.119,0.315,0.731
0.37,1.475,1.013,1.087,1.077,0.119,0.315,0.733
0.37,1.481,1.014,1.086,1.081,0.119,0.315,0.737
0.37,1.486,1.015,1.086,1.084,0.12,0.315,0.74
0.37,1.492,1.016,1.089,1.089,0.12,0.314,0.743
0.37,1.497,1.017,1.09,1.091,0.121,0.314,0.746
0.37,1.502,1.018,1.092,1.095,0.121,0.313,0.748
0.37,1.508,1.019,1.093,1.099,0.121,0.313,0.75
0.37,1.513,1.02,1.095,1.104,0.122,0.312,0.753
0.37,1.518,1.021,1.097,1.106,0.123,0.312,0.755
0.37,1.522,1.022,1.096,1.109,0.123,0.311,0.757
0.37,1.526,1.024,1.097,1.114,0.123,0.311,0.76
0.37,1.531,1.025,1.1,1.116,0.124,0.31,0.762
0.37,1.536,1.026,1.107,1.121,0.124,0.31,0.764
0.37,1.539,1.027,1.101,1.122,0.124,0.309,0.767
0.37,1.543,1.028,1.1,1.126,0.125,0.309,0.771
0.37,1.547,1.028,1.104,1.128,0.125,0.309,0.773
0.37,1.55,1.03,1.102,1.13,0.125,0.308,0.775
0.37,1.554,1.03,1.105,1.135,0.126,0.308,0.777
0.37,1.558,1.031,1.102,1.138,0.126,0.307,0.78
0.369,1.561,1.032,1.104,1.139,0.127,0.307,0.782
0.369,1.565,1.034,1.104,1.143,0.127,0.307,0.784
0.369,1.569,1.035,1.108,1.147,0.127,0.306,0.786
0.37,1.572,1.036,1.106,1.151,0.128,0.306,0.789
0.37,1.575,1.037,1.11,1.153,0.128,0.305,0.79
0.37,1.579,1.038,1.109,1.157,0.128,0.305,0.794
0.37,1.582,1.039,1.113,1.159,0.129,0.305,0.796
0.37,1.585,1.04,1.114,1.163,0.129,0.305,0.799
0.37,1.588,1.041,1.121,1.166,0.13,0.305,0.802
0.371,1.591,1.043,1.127,1.17,0.131,0.305,0.804
0.371,1.595,1.044,1.129,1.174,0.131,0.305,0.807
0.372,1.598,1.045,1.138,1.178,0.132,0.305,0.81
0.373,1.601,1.047,1.149,1.181,0.132,0.305,0.813
0.373,1.603,1.048,1.156,1.185,0.133,0.305,0.816
0.374,1.606,1.05,1.162,1.188,0.134,0.305,0.818
0.375,1.607,1.052,1.168,1.192,0.134,0.305,0.821
0.376,1.609,1.053,1.172,1.195,0.135,0.306,0.823
0.377,1.611,1.055,1.177,1.198,0.135,0.306,0.826
0.377,1.613,1.057,1.182,1.201,0.136,0.306,0.829
0.378,1.614,1.058,1.186,1.205,0.137,0.307,0.831
0.379,1.616,1.06,1.191,1.208,0.137,0.307,0.834
0.38,1.617,1.061,1.195,1.211,0.138,0.308,0.837
0.38,1.618,1.063,1.199,1.214,0.139,0.308,0.84
0.381,1.62,1.065,1.204,1.217,0.139,0.308,0.842
0.382,1.621,1.067,1.208,1.22,0.14,0.308,0.845
0.383,1.623,1.068,1.212,1.224,0.14,0.309,0.848
0.384,1.624,1.07,1.217,1.227,0.141,0.309,0.851
0.385,1.626,1.072,1.221,1.23,0.142,0.31,0.853
0.386,1.627,1.074,1.225,1.233,0.142,0.31,0.856
0.387,1.628,1.075,1.229,1.237,0.143,0.311,0.859
0.388,1.63,1.077,1.233,1.24,0.144,0.311,0.862
0.389,1.631,1.079,1.237,1.243,0.144,0.311,0.865
0.39,1.632,1.08,1.241,1.246,0.145,0.312,0.867
0.39,1.633,1.082,1.245,1.249,0.145,0.312,0.87
0.391,1.635,1.084,1.249,1.252,0.146,0.313,0.873
0.392,1.636,1.085,1.252,1.254,0.147,0.313,0.875
0.393,1.637,1.087,1.256,1.257,0.147,0.313,0.878
0.394,1.638,1.089,1.259,1.26,0.148,0.314,0.88
0.395,1.639,1.09,1.263,1.263,0.149,0.314,0.883
0.396,1.641,1.092,1.266,1.266,0.149,0.315,0.886
0.397,1.642,1.094,1.27,1.268,0.15,0.315,0.888
0.398,1.643,1.095,1.273,1.271,0.151,0.316,0.891
0.399,1.644,1.097,1.277,1.274,0.151,0.316,0.894
0.4,1.645,1.099,1.28,1.277,0.152,0.316,0.896
0.401,1.647,1.101,1.284,1.279,0.153,0.317,0.899
0.402,1.648,1.102,1.287,1.282,0.153,0.317,0.901
0.403,1.649,1.104,1.29,1.284,0.154,0.318,0.903
0.404,1.651,1.106,1.293,1.286,0.155,0.318,0.906
0.405,1.651,1.107,1.296,1.289,0.155,0.319,0.908
0.406,1.653,1.109,1.299,1.291,0.156,0.319,0.911
0.407,1.654,1.111,1.302,1.293,0.156,0.319,0.913
0.408,1.655,1.112,1.305,1.296,0.157,0.32,0.915
0.409,1.656,1.114,1.308,1.298,0.158,0.32,0.917
0.41,1.658,1.116,1.311,1.3,0.159,0.321,0.92
0.411,1.659,1.117,1.314,1.302,0.159,0.321,0.922
0.412,1.66,1.119,1.316,1.304,0.16,0.321,0.924
0.413,1.661,1.12,1.319,1.306,0.16,0.322,0.926
0.413,1.662,1.122,1.322,1.308,0.161,0.322,0.928
0.415,1.663,1.124,1.324,1.31,0.162,0.323,0.93
0.416,1.664,1.125,1.327,1.312,0.163,0.323,0.933
0.416,1.665,1.127,1.33,1.314,0.163,0.324,0.935
0.417,1.667,1.128,1.332,1.316,0.164,0.324,0.937
0.418,1.668,1.13,1.335,1.318,0.164,0.324,0.939
0.419,1.669,1.132,1.337,1.32,0.165,0.325,0.941
0.42,1.67,1.133,1.34,1.321,0.166,0.325,0.943
0.421,1.671,1.135,1.342,1.323,0.166,0.326,0.944
0.423,1.672,1.136,1.344,1.325,0.167,0.326,0.946
0.423,1.673,1.138,1.347,1.326,0.168,0.326,0.948
0.424,1.674,1.139,1.349,1.328,0.168,0.327,0.95
0.425,1.675,1.141,1.351,1.329,0.169,0.327,0.952
0.426,1.676,1.143,1.354,1.331,0.17,0.328,0.954
0.427,1.677,1.144,1.356,1.332,0.17,0.328,0.955
0.429,1.678,1.146,1.358,1.334,0.171,0.328,0.957
0.429,1.679,1.147,1.36,1.335,0.171,0.329,0.959
0.431,1.68,1.149,1.363,1.337,0.172,0.329,0.961
0.432,1.681,1.15,1.365,1.339,0.173,0.33,0.963
0.433,1.682,1.152,1.367,1.34,0.173,0.33,0.964
0.434,1.683,1.153,1.369,1.341,0.174,0.331,0.966
0.435,1.684,1.155,1.371,1.342,0.175,0.331,0.967
0.436,1.684,1.156,1.374,1.344,0.175,0.331,0.969
0.437,1.685,1.158,1.376,1.345,0.176,0.332,0.971
0.438,1.686,1.159,1.378,1.346,0.177,0.332,0.972
0.439,1.687,1.161,1.38,1.348,0.177,0.332,0.973
0.44,1.688,1.162,1.382,1.349,0.178,0.333,0.975
0.441,1.689,1.164,1.384,1.35,0.179,0.333,0.976
0.442,1.689,1.165,1.386,1.351,0.179,0.334,0.978
0.443,1.69,1.167,1.388,1.352,0.18,0.334,0.979
0.444,1.691,1.168,1.39,1.353,0.181,0.334,0.98
0.445,1.692,1.17,1.392,1.355,0.181,0.335,0.982
0.446,1.692,1.171,1.393,1.356,0.182,0.335,0.983
0.447,1.693,1.172,1.396,1.357,0.182,0.336,0.984
0.448,1.693,1.173,1.397,1.358,0.183,0.336,0.985
0.449,1.694,1.175,1.399,1.359,0.184,0.336,0.987
0.45,1.695,1.177,1.401,1.36,0.184,0.337,0.988
0.451,1.695,1.178,1.403,1.361,0.185,0.337,0.989
0.452,1.696,1.179,1.404,1.362,0.186,0.338,0.99
0.453,1.696,1.181,1.406,1.363,0.186,0.338,0.991
0.454,1.697,1.182,1.408,1.364,0.187,0.338,0.992
0.455,1.697,1.184,1.409,1.364,0.188,0.339,0.994
0.456,1.698,1.185,1.411,1.365,0.188,0.339,0.994
0.457,1.698,1.186,1.413,1.366,0.189,0.339,0.996
0.458,1.698,1.187,1.414,1.367,0.189,0.34,0.997
0.459,1.698,1.189,1.416,1.368,0.19,0.34,0.998
0.46,1.699,1.19,1.417,1.368,0.191,0.341,0.999
0.461,1.699,1.192,1.419,1.369,0.191,0.341,1.0
0.462,1.699,1.193,1.421,1.37,0.192,0.341,1.001
0.463,1.699,1.194,1.422,1.37,0.193,0.342,1.002
0.464,1.699,1.196,1.424,1.371,0.193,0.342,1.003
0.465,1.699,1.197,1.425,1.372,0.194,0.343,1.003
0.466,1.7,1.198,1.427,1.372,0.195,0.343,1.004
0.467,1.7,1.199,1.428,1.373,0.195,0.343,1.005
0.468,1.699,1.201,1.43,1.374,0.196,0.343,1.006
0.469,1.7,1.202,1.431,1.374,0.197,0.344,1.007
0.47,1.699,1.204,1.433,1.375,0.197,0.344,1.008
0.471,1.699,1.205,1.434,1.375,0.198,0.345,1.009
0.472,1.699,1.206,1.435,1.376,0.198,0.345,1.01
0.473,1.699,1.207,1.437,1.377,0.199,0.345,1.01
0.474,1.699,1.208,1.438,1.377,0.199,0.346,1.011
0.475,1.698,1.21,1.439,1.377,0.2,0.346,1.012
0.476,1.698,1.211,1.441,1.378,0.201,0.346,1.012
0.477,1.698,1.212,1.442,1.378,0.201,0.347,1.013
0.478,1.697,1.214,1.443,1.379,0.202,0.347,1.014
0.479,1.697,1.215,1.444,1.379,0.203,0.347,1.015
0.48,1.697,1.216,1.446,1.38,0.203,0.348,1.015
0.481,1.696,1.217,1.447,1.38,0.204,0.348,1.016
0.482,1.696,1.218,1.448,1.38,0.204,0.349,1.017
0.483,1.695,1.219,1.449,1.381,0.205,0.349,1.017
0.484,1.695,1.221,1.45,1.381,0.205,0.349,1.018
0.485,1.694,1.222,1.452,1.381,0.206,0.35,1.019
0.486,1.694,1.223,1.453,1.381,0.207,0.35,1.019
0.487,1.693,1.224,1.454,1.382,0.207,0.35,1.02
0.488,1.692,1.225,1.455,1.382,0.208,0.35,1.02
0.489,1.692,1.227,1.456,1.382,0.209,0.351,1.021
0.49,1.691,1.228,1.457,1.383,0.209,0.351,1.022
0.491,1.69,1.229,1.458,1.383,0.21,0.352,1.022
0.492,1.69,1.23,1.459,1.383,0.21,0.352,1.022
0.493,1.688,1.231,1.46,1.383,0.211,0.352,1.023
0.494,1.688,1.233,1.462,1.384,0.211,0.353,1.023
0.495,1.687,1.233,1.463,1.384,0.212,0.353,1.024
0.496,1.686,1.235,1.463,1.384,0.212,0.353,1.024
0.497,1.685,1.236,1.464,1.384,0.213,0.354,1.025
0.498,1.684,1.237,1.465,1.384,0.214,0.354,1.025
0.498,1.683,1.238,1.466,1.384,0.214,0.354,1.025
0.5,1.682,1.239,1.467,1.384,0.215,0.355,1.026
0.5,1.681,1.24,1.468,1.384,0.215,0.355,1.026
0.501,1.68,1.241,1.469,1.384,0.216,0.355,1.026
0.502,1.679,1.242,1.47,1.385,0.216,0.356,1.027
0.503,1.678,1.243,1.471,1.385,0.217,0.356,1.027
0.504,1.677,1.245,1.471,1.385,0.217,0.356,1.027
0.505,1.676,1.246,1.472,1.385,0.218,0.356,1.027
0.506,1.675,1.247,1.473,1.385,0.218,0.357,1.028
0.507,1.673,1.248,1.474,1.385,0.219,0.357,1.028
0.508,1.672,1.249,1.475,1.385,0.219,0.357,1.028
0.509,1.671,1.25,1.476,1.385,0.22,0.358,1.028
0.51,1.669,1.251,1.476,1.385,0.219,0.357,1.026
0.51,1.664,1.249,1.474,1.382,0.221,0.358,1.027
0.511,1.663,1.25,1.475,1.382,0.221,0.358,1.027
0.512,1.662,1.251,1.475,1.382,0.221,0.358,1.027
0.512,1.66,1.252,1.476,1.382,0.222,0.358,1.027
0.513,1.659,1.253,1.477,1.382,0.223,0.359,1.027
0.514,1.658,1.254,1.477,1.382,0.223,0.359,1.027
0.515,1.656,1.255,1.478,1.381,0.223,0.359,1.027
0.516,1.655,1.256,1.479,1.381,0.224,0.36,1.027
0.517,1.653,1.257,1.479,1.381,0.225,0.36,1.027
0.518,1.652,1.258,1.48,1.381,0.225,0.36,1.028
0.519,1.65,1.259,1.481,1.381,0.225,0.36,1.028
0.52,1.649,1.26,1.481,1.381,0.226,0.361,1.028
0.52,1.647,1.261,1.482,1.381,0.226,0.361,1.028
0.521,1.646,1.262,1.482,1.381,0.227,0.361,1.028
0.522,1.644,1.263,1.483,1.381,0.227,0.362,1.028
0.523,1.642,1.263,1.483,1.38,0.228,0.362,1.028
0.524,1.641,1.265,1.484,1.38,0.228,0.362,1.027
0.525,1.639,1.265,1.485,1.38,0.228,0.362,1.027
0.526,1.638,1.266,1.485,1.38,0.229,0.363,1.027
0.526,1.636,1.267,1.486,1.38,0.23,0.363,1.027
0.527,1.634,1.268,1.486,1.38,0.23,0.363,1.027
0.528,1.633,1.269,1.487,1.379,0.23,0.363,1.027
0.529,1.631,1.27,1.487,1.379,0.231,0.364,1.027
0.53,1.629,1.271,1.487,1.379,0.231,0.364,1.027
0.531,1.627,1.272,1.488,1.379,0.232,0.364,1.027
0.532,1.626,1.273,1.489,1.379,0.232,0.364,1.027
0.532,1.624,1.273,1.489,1.378,0.232,0.365,1.027
0.533,1.622,1.274,1.49,1.378,0.233,0.365,1.026
0.534,1.62,1.275,1.49,1.378,0.233,0.365,1.026
0.535,1.619,1.276,1.49,1.378,0.234,0.365,1.026
0.536,1.617,1.277,1.491,1.377,0.234,0.366,1.026
0.537,1.615,1.278,1.491,1.377,0.234,0.366,1.026
0.537,1.613,1.278,1.491,1.377,0.235,0.366,1.026
0.538,1.612,1.279,1.492,1.376,0.235,0.366,1.025
0.539,1.61,1.28,1.493,1.376,0.235,0.367,1.025
0.54,1.607,1.281,1.493,1.375,0.236,0.367,1.025
0.541,1.606,1.282,1.493,1.375,0.236,0.367,1.025
0.542,1.604,1.282,1.494,1.375,0.236,0.367,1.024
0.542,1.602,1.283,1.494,1.375,0.237,0.367,1.024
0.543,1.6,1.284,1.494,1.374,0.237,0.368,1.024
0.544,1.599,1.285,1.495,1.374,0.238,0.368,1.024
0.545,1.597,1.286,1.495,1.374,0.238,0.368,1.023
0.546,1.595,1.286,1.495,1.373,0.238,0.368,1.023
0.546,1.593,1.287,1.496,1.373,0.238,0.369,1.023
0.547,1.591,1.288,1.496,1.373,0.239,0.369,1.023
0.548,1.589,1.289,1.496,1.373,0.239,0.369,1.022
0.549,1.587,1.289,1.497,1.372,0.239,0.369,1.022
0.55,1.586,1.29,1.497,1.372,0.24,0.369,1.022
0.55,1.584,1.291,1.497,1.372,0.24,0.37,1.021
0.551,1.582,1.291,1.497,1.371,0.24,0.37,1.021
0.552,1.58,1.292,1.498,1.371,0.24,0.37,1.02
0.552,1.578,1.293,1.498,1.371,0.241,0.37,1.02
0.553,1.576,1.294,1.499,1.371,0.241,0.371,1.02
0.554,1.574,1.295,1.499,1.37,0.241,0.371,1.019
0.555,1.572,1.295,1.499,1.37,0.242,0.371,1.019
0.556,1.57,1.296,1.499,1.37,0.242,0.371,1.018
0.556,1.568,1.297,1.499,1.369,0.242,0.371,1.018
0.557,1.566,1.297,1.499,1.368,0.242,0.372,1.018
0.558,1.564,1.298,1.5,1.368,0.243,0.372,1.017
0.559,1.562,1.299,1.5,1.368,0.243,0.372,1.017
0.56,1.567,1.302,1.503,1.37,0.244,0.373,1.019
0.561,1.561,1.303,1.503,1.37,0.244,0.373,1.018
0.562,1.559,1.303,1.503,1.369,0.244,0.373,1.018
0.563,1.557,1.304,1.503,1.369,0.244,0.374,1.017
0.563,1.554,1.305,1.504,1.368,0.245,0.374,1.017
0.564,1.552,1.305,1.504,1.368,0.245,0.374,1.017
0.565,1.55,1.306,1.504,1.367,0.245,0.374,1.016
0.566,1.548,1.307,1.504,1.367,0.245,0.374,1.016
0.566,1.546,1.308,1.504,1.366,0.245,0.375,1.015
0.567,1.544,1.308,1.504,1.366,0.246,0.375,1.015
0.568,1.542,1.309,1.504,1.365,0.246,0.375,1.014
0.568,1.54,1.31,1.504,1.365,0.246,0.375,1.014
0.569,1.538,1.31,1.504,1.364,0.246,0.375,1.013
0.57,1.535,1.311,1.504,1.364,0.247,0.376,1.013
0.57,1.533,1.312,1.504,1.363,0.247,0.376,1.013
0.571,1.531,1.312,1.504,1.363,0.247,0.376,1.012
0.572,1.529,1.313,1.504,1.362,0.247,0.376,1.012
0.573,1.527,1.313,1.504,1.362,0.247,0.376,1.011
0.573,1.525,1.314,1.504,1.361,0.247,0.377,1.011
0.574,1.522,1.315,1.504,1.36,0.248,0.377,1.01
0.575,1.52,1.316,1.504,1.36,0.248,0.377,1.01
0.575,1.518,1.316,1.504,1.359,0.248,0.377,1.009
0.576,1.516,1.317,1.504,1.359,0.248,0.377,1.008
0.577,1.514,1.317,1.504,1.358,0.248,0.378,1.008
0.577,1.512,1.318,1.504,1.357,0.248,0.378,1.008
0.578,1.509,1.318,1.504,1.357,0.248,0.378,1.007
0.579,1.507,1.319,1.504,1.356,0.249,0.378,1.006
0.579,1.505,1.32,1.504,1.356,0.249,0.378,1.006
0.58,1.503,1.32,1.504,1.355,0.249,0.378,1.006
0.581,1.501,1.321,1.504,1.354,0.249,0.379,1.005
0.581,1.499,1.322,1.504,1.354,0.249,0.379,1.005
0.582,1.497,1.322,1.503,1.353,0.249,0.379,1.004
0.583,1.495,1.323,1.503,1.353,0.249,0.379,1.003
0.583,1.492,1.323,1.504,1.352,0.249,0.379,1.003
0.584,1.49,1.324,1.504,1.351,0.249,0.379,1.003
0.584,1.488,1.324,1.503,1.351,0.249,0.38,1.002
0.585,1.486,1.325,1.503,1.35,0.249,0.38,1.001
0.586,1.484,1.326,1.503,1.35,0.25,0.38,1.001
0.586,1.482,1.327,1.503,1.349,0.25,0.38,1.0
0.587,1.48,1.327,1.503,1.348,0.25,0.38,1.0
0.588,1.478,1.327,1.502,1.348,0.25,0.381,0.999
0.588,1.476,1.328,1.502,1.347,0.25,0.381,0.999
0.589,1.474,1.329,1.502,1.346,0.25,0.381,0.998
0.589,1.471,1.329,1.502,1.346,0.25,0.381,0.998
0.59,1.469,1.33,1.502,1.345,0.25,0.381,0.997
0.591,1.467,1.33,1.502,1.344,0.25,0.381,0.997
0.591,1.465,1.331,1.501,1.344,0.25,0.382,0.996
0.592,1.463,1.331,1.501,1.343,0.25,0.382,0.995
0.592,1.461,1.332,1.501,1.342,0.25,0.382,0.995
0.593,1.459,1.332,1.501,1.342,0.25,0.382,0.994
0.593,1.457,1.333,1.501,1.341,0.25,0.382,0.994
0.594,1.454,1.333,1.5,1.341,0.25,0.382,0.993
0.594,1.452,1.334,1.5,1.34,0.25,0.382,0.992
0.595,1.45,1.334,1.5,1.339,0.25,0.383,0.992
0.596,1.448,1.335,1.5,1.339,0.25,0.383,0.991
0.596,1.446,1.335,1.5,1.338,0.25,0.383,0.99
0.597,1.444,1.336,1.5,1.337,0.25,0.383,0.99
0.597,1.442,1.336,1.499,1.337,0.25,0.383,0.99
0.598,1.44,1.337,1.499,1.336,0.25,0.383,0.989
0.599,1.438,1.337,1.499,1.335,0.25,0.383,0.988
0.599,1.436,1.338,1.499,1.335,0.25,0.384,0.987
0.6,1.433,1.338,1.498,1.334,0.25,0.384,0.987
0.6,1.431,1.339,1.498,1.333,0.25,0.384,0.986
0.601,1.429,1.339,1.498,1.333,0.25,0.384,0.986
0.601,1.427,1.339,1.498,1.332,0.25,0.384,0.985
0.602,1.425,1.34,1.497,1.332,0.25,0.384,0.985
0.602,1.423,1.34,1.497,1.331,0.25,0.385,0.984
0.603,1.421,1.341,1.497,1.33,0.25,0.385,0.983
0.603,1.419,1.342,1.497,1.329,0.25,0.385,0.983
0.604,1.417,1.342,1.496,1.329,0.249,0.385,0.982
0.604,1.415,1.342,1.496,1.328,0.249,0.385,0.981
0.605,1.413,1.343,1.496,1.327,0.249,0.385,0.98
0.605,1.411,1.343,1.495,1.326,0.249,0.385,0.98
0.606,1.409,1.343,1.495,1.326,0.249,0.386,0.979
0.606,1.407,1.344,1.495,1.325,0.249,0.386,0.979
0.607,1.405,1.344,1.494,1.325,0.249,0.386,0.978
0.607,1.403,1.345,1.494,1.324,0.249,0.386,0.977
0.608,1.401,1.345,1.494,1.323,0.249,0.386,0.977
0.608,1.399,1.346,1.494,1.323,0.249,0.386,0.976
0.609,1.397,1.346,1.494,1.322,0.249,0.386,0.975
0.609,1.395,1.347,1.493,1.321,0.249,0.386,0.975
0.61,1.393,1.347,1.493,1.321,0.248,0.386,0.974
0.61,1.391,1.347,1.493,1.32,0.248,0.387,0.973
0.611,1.389,1.348,1.493,1.319,0.248,0.387,0.973
0.611,1.388,1.348,1.492,1.319,0.248,0.387,0.972
0.612,1.386,1.349,1.492,1.318,0.248,0.387,0.971
0.612,1.384,1.349,1.492,1.318,0.248,0.387,0.971
0.612,1.382,1.349,1.491,1.317,0.248,0.387,0.97
0.613,1.38,1.35,1.491,1.316,0.247,0.387,0.969
0.613,1.378,1.35,1.491,1.316,0.247,0.388,0.969
0.614,1.376,1.35,1.491,1.315,0.247,0.388,0.968
0.614,1.375,1.351,1.49,1.314,0.247,0.388,0.968
0.615,1.373,1.351,1.49,1.314,0.247,0.388,0.967
0.615,1.371,1.352,1.49,1.313,0.247,0.388,0.966
0.616,1.369,1.352,1.489,1.312,0.246,0.388,0.966
0.616,1.367,1.352,1.489,1.312,0.246,0.388,0.965
0.616,1.365,1.353,1.488,1.311,0.246,0.388,0.965
0.617,1.364,1.353,1.488,1.31,0.246,0.388,0.964
0.617,1.362,1.353,1.488,1.31,0.246,0.389,0.964
0.618,1.36,1.354,1.488,1.309,0.246,0.389,0.963
0.618,1.358,1.354,1.487,1.309,0.246,0.389,0.963
0.619,1.357,1.354,1.487,1.308,0.245,0.389,0.962
0.619,1.355,1.355,1.486,1.307,0.245,0.389,0.961
0.62,1.353,1.355,1.486,1.306,0.245,0.389,0.961
0.62,1.351,1.356,1.486,1.306,0.245,0.389,0.96
0.62,1.35,1.356,1.485,1.305,0.245,0.389,0.959
0.621,1.348,1.356,1.485,1.304,0.244,0.389,0.959
0.621,1.346,1.357,1.484,1.304,0.244,0.39,0.958
0.621,1.344,1.357,1.484,1.303,0.244,0.39,0.958
0.622,1.342,1.357,1.483,1.302,0.244,0.39,0.957
0.622,1.341,1.358,1.483,1.302,0.244,0.39,0.956
0.623,1.339,1.358,1.482,1.301,0.244,0.39,0.956
0.623,1.337,1.358,1.482,1.3,0.243,0.39,0.955
0.623,1.335,1.359,1.482,1.299,0.243,0.39,0.954
0.624,1.334,1.359,1.481,1.299,0.243,0.39,0.954
0.624,1.332,1.359,1.481,1.298,0.243,0.39,0.953
0.624,1.33,1.359,1.48,1.297,0.243,0.391,0.953
0.625,1.329,1.36,1.48,1.297,0.242,0.391,0.952
0.625,1.327,1.36,1.479,1.296,0.242,0.391,0.951
0.626,1.325,1.36,1.479,1.295,0.242,0.391,0.951
0.626,1.324,1.361,1.478,1.294,0.242,0.391,0.95
0.626,1.322,1.361,1.478,1.293,0.241,0.391,0.95
0.627,1.32,1.361,1.478,1.293,0.241,0.391,0.949
0.627,1.318,1.362,1.477,1.292,0.241,0.391,0.948
0.627,1.317,1.362,1.477,1.291,0.241,0.391,0.948
0.627,1.315,1.362,1.476,1.29,0.241,0.391,0.947
0.628,1.314,1.362,1.476,1.29,0.24,0.392,0.946
0.628,1.312,1.363,1.475,1.289,0.24,0.392,0.946
0.629,1.31,1.363,1.475,1.288,0.24,0.392,0.945
0.629,1.309,1.363,1.474,1.287,0.24,0.392,0.944
0.629,1.307,1.364,1.474,1.287,0.239,0.392,0.944
0.63,1.305,1.364,1.474,1.286,0.239,0.392,0.943
0.63,1.304,1.364,1.473,1.285,0.239,0.392,0.942
0.63,1.302,1.364,1.473,1.284,0.239,0.392,0.942
0.63,1.3,1.365,1.472,1.284,0.239,0.392,0.941
0.631,1.299,1.365,1.472,1.283,0.238,0.392,0.941
0.631,1.297,1.365,1.471,1.282,0.238,0.392,0.94
0.631,1.296,1.365,1.471,1.281,0.238,0.393,0.939
0.632,1.294,1.366,1.47,1.281,0.237,0.393,0.938
0.632,1.293,1.366,1.47,1.28,0.237,0.393,0.938
0.632,1.291,1.366,1.469,1.279,0.237,0.393,0.937
0.633,1.289,1.366,1.469,1.278,0.237,0.393,0.937
0.633,1.288,1.367,1.468,1.278,0.237,0.393,0.936
0.633,1.286,1.367,1.468,1.277,0.236,0.393,0.935
0.633,1.285,1.367,1.467,1.276,0.236,0.393,0.934
0.634,1.283,1.367,1.467,1.276,0.236,0.393,0.934
0.634,1.282,1.368,1.466,1.275,0.235,0.393,0.933
0.634,1.28,1.368,1.466,1.274,0.235,0.393,0.932
0.634,1.278,1.368,1.465,1.273,0.235,0.393,0.932
0.635,1.277,1.368,1.465,1.272,0.235,0.393,0.931
0.635,1.275,1.368,1.464,1.271,0.234,0.393,0.93
0.635,1.274,1.369,1.463,1.271,0.234,0.394,0.93
0.635,1.272,1.369,1.463,1.27,0.234,0.394,0.929
0.636,1.271,1.369,1.462,1.269,0.233,0.394,0.929
0.636,1.269,1.369,1.462,1.268,0.233,0.394,0.928
0.636,1.268,1.37,1.461,1.267,0.233,0.394,0.927
0.636,1.266,1.37,1.461,1.267,0.233,0.394,0.927
0.637,1.264,1.37,1.46,1.266,0.232,0.394,0.926
0.637,1.263,1.37,1.46,1.265,0.232,0.394,0.925
0.637,1.261,1.37,1.459,1.264,0.232,0.394,0.925
0.637,1.26,1.371,1.459,1.264,0.232,0.394,0.924
0.638,1.259,1.371,1.458,1.263,0.231,0.394,0.923
0.638,1.257,1.371,1.458,1.262,0.231,0.394,0.923
0.638,1.255,1.371,1.457,1.261,0.231,0.394,0.922
0.638,1.254,1.371,1.456,1.261,0.23,0.394,0.921
0.639,1.253,1.372,1.456,1.26,0.23,0.395,0.921
0.639,1.251,1.372,1.456,1.259,0.23,0.395,0.92
0.639,1.25,1.372,1.455,1.259,0.23,0.395,0.919
0.639,1.248,1.372,1.454,1.258,0.229,0.395,0.919
0.64,1.247,1.372,1.454,1.257,0.229,0.395,0.918
0.64,1.245,1.373,1.453,1.257,0.229,0.395,0.918
0.64,1.244,1.373,1.453,1.256,0.229,0.395,0.917
0.64,1.243,1.373,1.452,1.255,0.228,0.395,0.916
0.64,1.241,1.373,1.452,1.254,0.228,0.395,0.916
0.641,1.24,1.373,1.451,1.254,0.228,0.395,0.915
0.641,1.238,1.374,1.45,1.253,0.227,0.395,0.914
0.641,1.237,1.374,1.45,1.252,0.227,0.395,0.914
0.641,1.235,1.374,1.449,1.252,0.227,0.395,0.913
0.641,1.234,1.374,1.448,1.251,0.227,0.395,0.913
0.642,1.232,1.374,1.448,1.25,0.226,0.395,0.912
0.642,1.231,1.374,1.448,1.25,0.226,0.395,0.911
0.642,1.229,1.374,1.447,1.249,0.226,0.396,0.911
0.642,1.228,1.375,1.446,1.248,0.225,0.395,0.91
0.642,1.226,1.375,1.446,1.247,0.225,0.396,0.909
0.642,1.225,1.375,1.445,1.247,0.225,0.396,0.909
0.643,1.224,1.375,1.444,1.246,0.224,0.396,0.908
0.643,1.222,1.375,1.444,1.245,0.224,0.396,0.907
0.643,1.221,1.375,1.443,1.244,0.224,0.396,0.906
0.643,1.219,1.375,1.443,1.244,0.224,0.396,0.906
0.643,1.218,1.376,1.442,1.243,0.223,0.396,0.905
0.643,1.217,1.376,1.442,1.243,0.223,0.396,0.904
0.644,1.215,1.376,1.441,1.242,0.223,0.396,0.904
0.644,1.214,1.376,1.441,1.241,0.222,0.396,0.903
0.644,1.212,1.376,1.44,1.24,0.222,0.396,0.903
0.644,1.211,1.376,1.439,1.24,0.222,0.396,0.902
0.644,1.21,1.376,1.439,1.239,0.222,0.396,0.901
0.644,1.208,1.376,1.438,1.238,0.221,0.396,0.901
0.645,1.207,1.377,1.438,1.237,0.221,0.396,0.9
0.645,1.205,1.377,1.437,1.237,0.221,0.396,0.899
0.645,1.204,1.377,1.437,1.236,0.22,0.396,0.899
0.645,1.203,1.377,1.436,1.235,0.22,0.397,0.898
0.645,1.201,1.377,1.435,1.235,0.22,0.397,0.897
0.645,1.2,1.377,1.435,1.234,0.219,0.397,0.897
0.645,1.199,1.377,1.434,1.233,0.219,0.396,0.896
0.646,1.197,1.378,1.434,1.232,0.219,0.397,0.895
0.646,1.196,1.378,1.433,1.232,0.219,0.397,0.895
0.646,1.195,1.378,1.432,1.231,0.218,0.397,0.894
0.646,1.193,1.378,1.432,1.231,0.218,0.397,0.893
0.646,1.192,1.378,1.431,1.23,0.218,0.397,0.893
0.646,1.19,1.378,1.43,1.229,0.217,0.397,0.892
0.646,1.189,1.378,1.43,1.228,0.217,0.397,0.891
0.646,1.188,1.378,1.429,1.227,0.217,0.397,0.891
0.647,1.186,1.378,1.428,1.227,0.217,0.397,0.89
0.647,1.185,1.378,1.427,1.226,0.216,0.397,0.889
0.647,1.184,1.379,1.427,1.225,0.216,0.397,0.889
0.647,1.182,1.379,1.426,1.224,0.216,0.397,0.888
0.647,1.181,1.379,1.425,1.223,0.215,0.397,0.888
0.647,1.18,1.379,1.425,1.223,0.215,0.397,0.887
0.647,1.178,1.379,1.424,1.222,0.215,0.397,0.886
0.647,1.177,1.379,1.423,1.221,0.215,0.397,0.886
0.647,1.175,1.379,1.422,1.22,0.214,0.397,0.885
0.647,1.174,1.379,1.422,1.22,0.214,0.397,0.884
0.648,1.172,1.379,1.421,1.219,0.214,0.397,0.884
0.648,1.171,1.379,1.42,1.218,0.213,0.397,0.883
0.648,1.17,1.379,1.42,1.217,0.213,0.398,0.882
0.648,1.168,1.379,1.419,1.217,0.213,0.397,0.881
0.648,1.167,1.379,1.418,1.216,0.212,0.397,0.881
0.648,1.166,1.379,1.418,1.215,0.212,0.397,0.88
0.648,1.165,1.379,1.417,1.214,0.212,0.397,0.879
0.648,1.163,1.379,1.416,1.213,0.212,0.398,0.879
0.648,1.162,1.379,1.416,1.213,0.211,0.397,0.878
0.648,1.161,1.379,1.415,1.212,0.211,0.397,0.877
0.648,1.16,1.379,1.415,1.211,0.211,0.398,0.877
0.648,1.158,1.38,1.414,1.21,0.211,0.398,0.876
0.648,1.157,1.38,1.413,1.21,0.21,0.398,0.875
0.648,1.156,1.38,1.413,1.209,0.21,0.398,0.875
0.648,1.154,1.38,1.412,1.208,0.21,0.398,0.874
0.649,1.153,1.38,1.412,1.208,0.209,0.398,0.873
0.649,1.152,1.38,1.411,1.207,0.209,0.398,0.872
0.649,1.151,1.38,1.41,1.206,0.209,0.398,0.871
0.649,1.149,1.38,1.41,1.206,0.208,0.398,0.871
0.649,1.148,1.38,1.409,1.205,0.208,0.398,0.87
0.649,1.147,1.38,1.409,1.204,0.208,0.398,0.869
0.649,1.146,1.38,1.408,1.204,0.208,0.398,0.869
0.649,1.144,1.38,1.408,1.203,0.207,0.398,0.868
0.649,1.143,1.38,1.407,1.202,0.207,0.398,0.867
0.649,1.142,1.38,1.406,1.202,0.207,0.398,0.867
0.649,1.14,1.38,1.405,1.201,0.207,0.398,0.866
0.649,1.139,1.38,1.405,1.2,0.206,0.398,0.865
0.649,1.138,1.38,1.404,1.2,0.206,0.398,0.864
0.649,1.136,1.38,1.403,1.199,0.205,0.398,0.864
0.649,1.135,1.38,1.403,1.198,0.205,0.398,0.863
0.649,1.134,1.38,1.402,1.198,0.205,0.398,0.862
0.649,1.132,1.38,1.401,1.197,0.205,0.398,0.862
0.649,1.131,1.38,1.401,1.197,0.205,0.398,0.861
0.649,1.13,1.38,1.4,1.196,0.204,0.398,0.861
0.649,1.129,1.38,1.399,1.195,0.204,0.398,0.86
0.649,1.128,1.38,1.399,1.195,0.203,0.398,0.859
0.649,1.126,1.38,1.398,1.194,0.203,0.398,0.859
0.649,1.125,1.38,1.397,1.193,0.203,0.398,0.858
0.649,1.124,1.38,1.397,1.192,0.203,0.398,0.858
0.649,1.122,1.38,1.396,1.192,0.202,0.398,0.857
0.649,1.121,1.38,1.395,1.191,0.202,0.398,0.856
0.649,1.12,1.38,1.395,1.19,0.202,0.398,0.856
0.649,1.119,1.38,1.394,1.19,0.202,0.398,0.855
0.649,1.117,1.38,1.393,1.189,0.201,0.398,0.854
0.649,1.116,1.38,1.392,1.188,0.201,0.398,0.853
0.649,1.115,1.38,1.391,1.188,0.201,0.399,0.853
0.649,1.113,1.38,1.391,1.187,0.2,0.399,0.852
0.649,1.112,1.38,1.39,1.186,0.2,0.399,0.852
0.649,1.111,1.38,1.389,1.185,0.2,0.398,0.851
0.649,1.11,1.38,1.389,1.185,0.2,0.399,0.85
0.649,1.109,1.38,1.388,1.184,0.199,0.399,0.85
0.649,1.107,1.38,1.387,1.183,0.199,0.399,0.849
0.649,1.107,1.38,1.387,1.183,0.199,0.399,0.848
0.649,1.105,1.38,1.386,1.182,0.199,0.399,0.848
0.649,1.105,1.38,1.386,1.182,0.198,0.399,0.847
0.649,1.103,1.38,1.385,1.181,0.198,0.399,0.846
0.649,1.102,1.38,1.384,1.18,0.198,0.399,0.846
0.649,1.101,1.38,1.384,1.18,0.197,0.399,0.845
0.649,1.1,1.38,1.383,1.179,0.197,0.399,0.844
0.649,1.099,1.38,1.383,1.179,0.197,0.399,0.843
0.649,1.098,1.38,1.382,1.178,0.197,0.399,0.843
0.649,1.097,1.38,1.381,1.178,0.196,0.399,0.842
0.649,1.096,1.38,1.381,1.177,0.196,0.399,0.841
0.649,1.095,1.38,1.38,1.177,0.196,0.399,0.841
0.649,1.094,1.38,1.379,1.176,0.196,0.399,0.84
0.649,1.092,1.379,1.379,1.175,0.195,0.399,0.84
0.649,1.091,1.379,1.378,1.175,0.195,0.399,0.839
0.648,1.09,1.379,1.377,1.174,0.195,0.399,0.838
0.648,1.089,1.379,1.377,1.174,0.195,0.399,0.837
0.648,1.088,1.379,1.376,1.173,0.194,0.399,0.837
0.648,1.087,1.379,1.376,1.173,0.194,0.399,0.836
0.648,1.086,1.379,1.375,1.172,0.194,0.399,0.835
0.648,1.085,1.379,1.375,1.172,0.193,0.399,0.835
0.648,1.084,1.379,1.374,1.171,0.193,0.399,0.834
0.648,1.083,1.379,1.373,1.171,0.193,0.399,0.834
0.648,1.082,1.379,1.373,1.17,0.193,0.399,0.833
0.648,1.081,1.379,1.372,1.169,0.192,0.399,0.833
0.648,1.08,1.379,1.372,1.169,0.192,0.399,0.832
0.648,1.078,1.379,1.371,1.168,0.192,0.399,0.831
0.648,1.077,1.379,1.37,1.167,0.192,0.399,0.831
0.648,1.076,1.379,1.37,1.167,0.192,0.399,0.83
0.648,1.075,1.379,1.369,1.166,0.191,0.399,0.83
0.648,1.074,1.379,1.368,1.166,0.191,0.399,0.829
0.647,1.074,1.378,1.368,1.165,0.191,0.399,0.828
0.647,1.072,1.379,1.367,1.164,0.191,0.399,0.828
0.647,1.071,1.378,1.366,1.164,0.19,0.399,0.827
0.647,1.07,1.378,1.365,1.163,0.19,0.399,0.826
0.647,1.069,1.378,1.365,1.163,0.19,0.399,0.826
0.647,1.068,1.378,1.364,1.162,0.19,0.399,0.825
0.647,1.067,1.378,1.363,1.161,0.189,0.399,0.825
0.647,1.066,1.378,1.363,1.161,0.189,0.399,0.824
0.647,1.065,1.378,1.362,1.16,0.189,0.399,0.823
0.647,1.064,1.378,1.361,1.159,0.189,0.399,0.823
0.647,1.063,1.378,1.36,1.159,0.188,0.399,0.822
0.647,1.062,1.378,1.36,1.158,0.188,0.399,0.822
0.646,1.061,1.377,1.359,1.157,0.188,0.399,0.821
0.646,1.06,1.377,1.358,1.157,0.188,0.399,0.82
0.646,1.059,1.377,1.357,1.156,0.187,0.399,0.82
0.646,1.058,1.377,1.357,1.156,0.187,0.399,0.819
0.646,1.057,1.377,1.356,1.155,0.187,0.399,0.819
0.646,1.056,1.377,1.355,1.155,0.187,0.399,0.819
0.646,1.055,1.377,1.355,1.154,0.186,0.399,0.818
0.646,1.054,1.377,1.354,1.153,0.186,0.399,0.817
0.645,1.054,1.377,1.354,1.152,0.186,0.399,0.817
0.645,1.052,1.377,1.352,1.152,0.186,0.399,0.816
0.645,1.052,1.376,1.352,1.151,0.185,0.399,0.816
0.645,1.051,1.376,1.351,1.151,0.185,0.399,0.815
0.645,1.05,1.376,1.351,1.15,0.185,0.399,0.814
0.645,1.049,1.376,1.35,1.149,0.185,0.399,0.814
0.645,1.048,1.376,1.349,1.149,0.185,0.399,0.813
0.645,1.047,1.376,1.349,1.148,0.184,0.399,0.813
0.645,1.046,1.376,1.348,1.148,0.184,0.399,0.812
0.644,1.045,1.376,1.347,1.147,0.184,0.399,0.812
0.644,1.045,1.376,1.347,1.146,0.184,0.399,0.812
0.644,1.044,1.376,1.346,1.146,0.184,0.399,0.811
0.644,1.043,1.376,1.346,1.145,0.183,0.399,0.81
0.644,1.042,1.376,1.345,1.145,0.183,0.399,0.81
0.644,1.041,1.376,1.344,1.144,0.183,0.399,0.809
0.644,1.04,1.376,1.344,1.143,0.183,0.399,0.809
0.644,1.04,1.376,1.343,1.143,0.182,0.399,0.808
0.644,1.039,1.375,1.342,1.142,0.182,0.399,0.808
0.644,1.038,1.375,1.342,1.142,0.182,0.399,0.807
0.643,1.037,1.375,1.341,1.141,0.182,0.399,0.807
0.643,1.036,1.375,1.34,1.14,0.182,0.399,0.806
0.643,1.035,1.375,1.34,1.14,0.181,0.399,0.806
0.643,1.035,1.375,1.339,1.139,0.181,0.399,0.805
0.643,1.034,1.375,1.338,1.138,0.181,0.399,0.804
0.643,1.033,1.375,1.338,1.138,0.181,0.399,0.804
0.643,1.032,1.375,1.337,1.137,0.181,0.399,0.804
0.643,1.031,1.375,1.336,1.137,0.18,0.399,0.803
0.642,1.031,1.375,1.336,1.136,0.18,0.399,0.803
0.642,1.03,1.374,1.335,1.135,0.18,0.399,0.802
0.642,1.029,1.375,1.334,1.135,0.18,0.399,0.802
0.642,1.028,1.374,1.334,1.134,0.179,0.399,0.801
0.642,1.027,1.374,1.333,1.134,0.179,0.399,0.8
0.642,1.026,1.374,1.333,1.133,0.179,0.399,0.8
0.642,1.026,1.374,1.332,1.132,0.179,0.399,0.799
0.641,1.025,1.374,1.331,1.132,0.178,0.399,0.799
0.641,1.024,1.374,1.331,1.131,0.178,0.399,0.798
0.641,1.023,1.374,1.33,1.131,0.178,0.399,0.798
0.641,1.023,1.374,1.33,1.13,0.178,0.399,0.797
0.641,1.022,1.373,1.329,1.129,0.178,0.399,0.797
0.641,1.021,1.373,1.328,1.129,0.177,0.399,0.796
0.641,1.02,1.373,1.328,1.128,0.177,0.399,0.796
0.64,1.02,1.373,1.327,1.128,0.177,0.399,0.795
0.64,1.019,1.373,1.326,1.127,0.177,0.399,0.795
0.64,1.018,1.373,1.326,1.127,0.177,0.399,0.794
0.64,1.017,1.373,1.325,1.126,0.177,0.399,0.794
0.64,1.017,1.373,1.324,1.125,0.176,0.399,0.793
0.64,1.016,1.373,1.324,1.125,0.176,0.399,0.793
0.64,1.015,1.372,1.323,1.124,0.176,0.399,0.792
0.64,1.015,1.372,1.323,1.124,0.176,0.399,0.792
0.639,1.014,1.372,1.322,1.123,0.175,0.399,0.791
0.639,1.013,1.372,1.321,1.123,0.175,0.399,0.791
0.639,1.012,1.372,1.321,1.122,0.175,0.399,0.79
0.639,1.012,1.372,1.32,1.122,0.175,0.399,0.79
0.639,1.011,1.372,1.32,1.121,0.175,0.399,0.789
0.639,1.01,1.372,1.319,1.12,0.175,0.399,0.789
0.638,1.009,1.372,1.318,1.12,0.174,0.399,0.788
0.638,1.009,1.371,1.318,1.119,0.174,0.399,0.788
0.638,1.008,1.371,1.317,1.119,0.174,0.399,0.787
0.638,1.007,1.371,1.316,1.118,0.174,0.399,0.787
0.638,1.006,1.371,1.316,1.118,0.173,0.399,0.786
0.638,1.006,1.371,1.315,1.117,0.173,0.399,0.786
0.637,1.005,1.371,1.314,1.116,0.173,0.399,0.785
0.637,1.004,1.371,1.314,1.116,0.173,0.399,0.785
0.637,1.003,1.371,1.313,1.115,0.173,0.399,0.784
0.637,1.003,1.37,1.313,1.115,0.173,0.399,0.784
0.637,1.002,1.37,1.312,1.114,0.172,0.399,0.783
0.637,1.001,1.37,1.311,1.114,0.172,0.399,0.783
0.637,1.001,1.37,1.311,1.113,0.172,0.399,0.782
0.636,1.0,1.37,1.31,1.112,0.172,0.399,0.782
0.636,0.999,1.37,1.309,1.112,0.172,0.399,0.782
0.636,0.998,1.37,1.309,1.111,0.171,0.399,0.781
0.636,0.998,1.369,1.308,1.111,0.171,0.399,0.781
0.636,0.997,1.369,1.307,1.11,0.171,0.399,0.78
0.636,0.996,1.369,1.307,1.11,0.171,0.399,0.78
0.635,0.995,1.369,1.306,1.109,0.171,0.399,0.779
0.635,0.995,1.369,1.306,1.108,0.171,0.399,0.779
0.635,0.994,1.369,1.305,1.108,0.17,0.399,0.778
0.635,0.993,1.369,1.305,1.107,0.17,0.399,0.778
0.635,0.993,1.369,1.304,1.107,0.17,0.399,0.777
0.634,0.992,1.369,1.303,1.107,0.17,0.399,0.777
0.634,0.991,1.368,1.303,1.106,0.17,0.399,0.776
0.634,0.991,1.368,1.302,1.105,0.169,0.399,0.776
0.634,0.99,1.368,1.301,1.105,0.169,0.399,0.775
0.634,0.989,1.368,1.301,1.104,0.169,0.399,0.775
0.634,0.989,1.368,1.3,1.104,0.169,0.399,0.774
0.633,0.988,1.368,1.3,1.103,0.169,0.399,0.774
0.633,0.987,1.368,1.299,1.103,0.168,0.399,0.773
0.633,0.986,1.367,1.299,1.102,0.168,0.399,0.773
0.633,0.986,1.367,1.298,1.102,0.168,0.399,0.772
0.633,0.985,1.367,1.297,1.101,0.168,0.399,0.772
0.633,0.984,1.367,1.297,1.101,0.168,0.399,0.772
0.632,0.984,1.367,1.296,1.1,0.168,0.399,0.771
0.632,0.983,1.367,1.296,1.1,0.168,0.399,0.771
0.632,0.983,1.366,1.295,1.099,0.167,0.399,0.77
0.632,0.982,1.366,1.295,1.098,0.167,0.399,0.77
0.632,0.981,1.366,1.294,1.098,0.167,0.399,0.769
0.631,0.98,1.366,1.293,1.097,0.167,0.399,0.769
0.631,0.98,1.366,1.292,1.097,0.167,0.399,0.768
0.631,0.979,1.366,1.292,1.096,0.166,0.399,0.768
0.631,0.978,1.366,1.291,1.096,0.166,0.399,0.767
0.631,0.978,1.366,1.291,1.095,0.166,0.399,0.767
0.631,0.977,1.365,1.29,1.095,0.166,0.399,0.766
0.63,0.977,1.365,1.29,1.094,0.166,0.399,0.766
0.63,0.976,1.365,1.289,1.094,0.166,0.399,0.766
0.63,0.975,1.365,1.288,1.093,0.165,0.399,0.765
0.63,0.974,1.365,1.288,1.093,0.165,0.399,0.765
0.63,0.974,1.365,1.287,1.092,0.165,0.399,0.764
0.629,0.973,1.364,1.287,1.092,0.165,0.399,0.764
0.629,0.972,1.364,1.286,1.091,0.165,0.399,0.763
0.629,0.972,1.364,1.285,1.09,0.164,0.399,0.763
0.629,0.971,1.364,1.285,1.09,0.164,0.399,0.762
0.629,0.971,1.364,1.284,1.09,0.164,0.399,0.762
0.629,0.97,1.363,1.284,1.089,0.164,0.399,0.761
0.628,0.969,1.363,1.283,1.088,0.164,0.399,0.761
0.628,0.968,1.363,1.282,1.088,0.164,0.399,0.76
0.628,0.968,1.363,1.282,1.087,0.164,0.399,0.76
0.628,0.967,1.363,1.281,1.087,0.163,0.399,0.76
0.627,0.967,1.363,1.281,1.086,0.163,0.399,0.759
0.627,0.966,1.363,1.28,1.086,0.163,0.399,0.759
0.627,0.965,1.362,1.279,1.085,0.163,0.399,0.758
0.627,0.965,1.362,1.279,1.085,0.163,0.399,0.758
0.627,0.964,1.362,1.278,1.084,0.163,0.399,0.757
0.626,0.963,1.362,1.278,1.084,0.162,0.399,0.757
0.626,0.963,1.362,1.277,1.083,0.162,0.399,0.756
0.626,0.962,1.361,1.277,1.083,0.162,0.399,0.756
0.626,0.962,1.361,1.276,1.082,0.162,0.399,0.755
0.626,0.961,1.361,1.275,1.082,0.162,0.399,0.755
0.626,0.96,1.361,1.275,1.081,0.162,0.399,0.755
0.625,0.96,1.361,1.274,1.081,0.161,0.399,0.754
0.625,0.959,1.361,1.274,1.08,0.161,0.399,0.754
0.625,0.958,1.36,1.273,1.08,0.161,0.399,0.753
0.625,0.958,1.36,1.273,1.079,0.161,0.399,0.753
0.624,0.957,1.36,1.272,1.079,0.161,0.399,0.752
0.624,0.957,1.36,1.271,1.078,0.161,0.399,0.752
0.624,0.956,1.36,1.271,1.078,0.16,0.399,0.752
0.624,0.955,1.36,1.27,1.077,0.16,0.399,0.751
0.624,0.955,1.36,1.269,1.077,0.16,0.399,0.751
0.624,0.954,1.359,1.269,1.076,0.16,0.399,0.75
0.623,0.953,1.359,1.268,1.076,0.16,0.399,0.75
0.623,0.953,1.359,1.268,1.075,0.16,0.399,0.749
0.623,0.952,1.359,1.267,1.075,0.16,0.398,0.749
0.623,0.952,1.358,1.266,1.074,0.16,0.399,0.748
0.622,0.951,1.358,1.266,1.074,0.159,0.398,0.748
0.622,0.95,1.358,1.265,1.073,0.159,0.398,0.748
0.622,0.95,1.358,1.265,1.073,0.159,0.398,0.747
0.622,0.949,1.358,1.264,1.072,0.159,0.398,0.747
0.621,0.949,1.358,1.264,1.072,0.159,0.399,0.746
0.621,0.948,1.357,1.263,1.071,0.159,0.399,0.746
0.621,0.947,1.357,1.263,1.071,0.158,0.398,0.745
0.621,0.947,1.357,1.262,1.07,0.158,0.398,0.745
0.621,0.946,1.357,1.262,1.07,0.158,0.398,0.744
0.62,0.946,1.357,1.261,1.069,0.158,0.398,0.744
0.62,0.945,1.357,1.26,1.069,0.158,0.398,0.744
0.62,0.945,1.356,1.26,1.068,0.158,0.398,0.743
0.62,0.944,1.356,1.259,1.068,0.157,0.398,0.743
0.62,0.943,1.356,1.259,1.067,0.157,0.398,0.742
0.619,0.943,1.356,1.258,1.067,0.157,0.398,0.742
0.619,0.942,1.356,1.257,1.066,0.157,0.398,0.741
0.619,0.942,1.355,1.257,1.066,0.157,0.398,0.741
0.619,0.941,1.355,1.256,1.065,0.157,0.398,0.741
0.618,0.94,1.355,1.256,1.065,0.157,0.398,0.74
0.618,0.94,1.355,1.255,1.065,0.156,0.398,0.74
0.618,0.939,1.355,1.255,1.064,0.156,0.398,0.739
0.618,0.939,1.354,1.254,1.064,0.156,0.398,0.739
0.618,0.938,1.354,1.254,1.063,0.156,0.398,0.738
0.618,0.938,1.354,1.253,1.062,0.156,0.398,0.738
0.617,0.937,1.354,1.252,1.062,0.156,0.398,0.738
0.617,0.936,1.354,1.252,1.062,0.156,0.398,0.737
0.617,0.936,1.353,1.251,1.061,0.156,0.398,0.737
0.617,0.935,1.353,1.25,1.061,0.155,0.398,0.736
0.616,0.935,1.353,1.25,1.06,0.155,0.398,0.736
0.616,0.934,1.353,1.249,1.06,0.155,0.398,0.735
0.616,0.934,1.353,1.249,1.059,0.155,0.398,0.735
0.616,0.933,1.353,1.248,1.059,0.155,0.398,0.735
0.616,0.933,1.352,1.248,1.058,0.155,0.398,0.734
0.616,0.932,1.352,1.247,1.058,0.155,0.398,0.734
0.615,0.931,1.352,1.247,1.057,0.154,0.398,0.733
0.615,0.931,1.352,1.246,1.057,0.154,0.398,0.733
0.615,0.93,1.352,1.246,1.057,0.154,0.398,0.733
0.615,0.93,1.351,1.245,1.056,0.154,0.398,0.732
0.614,0.929,1.351,1.245,1.056,0.154,0.398,0.732
0.614,0.929,1.351,1.244,1.055,0.154,0.398,0.731
0.614,0.928,1.351,1.243,1.054,0.154,0.398,0.731
0.614,0.928,1.351,1.243,1.054,0.153,0.398,0.73
0.613,0.927,1.351,1.242,1.054,0.153,0.398,0.73
0.613,0.927,1.35,1.242,1.053,0.153,0.398,0.73
0.613,0.926,1.35,1.241,1.053,0.153,0.398,0.729
0.613,0.926,1.35,1.241,1.052,0.153,0.398,0.729
0.613,0.925,1.35,1.24,1.052,0.153,0.398,0.729
0.612,0.924,1.349,1.24,1.051,0.153,0.398,0.728
0.612,0.924,1.349,1.239,1.051,0.153,0.398,0.728
0.612,0.923,1.349,1.239,1.05,0.152,0.398,0.727
0.612,0.923,1.349,1.238,1.05,0.152,0.398,0.727
0.612,0.922,1.349,1.237,1.05,0.152,0.398,0.726
0.611,0.922,1.348,1.237,1.049,0.152,0.398,0.726
0.611,0.921,1.348,1.236,1.049,0.152,0.398,0.726
0.611,0.921,1.348,1.236,1.048,0.152,0.398,0.725
0.611,0.92,1.348,1.235,1.048,0.152,0.398,0.725
0.61,0.92,1.348,1.235,1.047,0.152,0.397,0.725
0.61,0.919,1.347,1.234,1.047,0.151,0.398,0.724
0.61,0.919,1.347,1.234,1.046,0.151,0.398,0.724
0.61,0.918,1.347,1.233,1.046,0.151,0.398,0.723
0.61,0.918,1.347,1.233,1.046,0.151,0.398,0.723
0.609,0.917,1.347,1.232,1.045,0.151,0.398,0.723
0.609,0.917,1.346,1.232,1.045,0.151,0.398,0.722
0.609,0.916,1.346,1.231,1.044,0.151,0.397,0.722
0.609,0.916,1.346,1.23,1.044,0.151,0.397,0.721
0.608,0.915,1.346,1.23,1.043,0.15,0.397,0.721
0.608,0.914,1.346,1.229,1.043,0.15,0.397,0.72
0.608,0.914,1.345,1.229,1.042,0.15,0.397,0.72
0.608,0.913,1.345,1.228,1.042,0.15,0.397,0.72
0.607,0.913,1.345,1.228,1.041,0.15,0.397,0.719
0.607,0.912,1.344,1.227,1.041,0.15,0.397,0.719
0.607,0.912,1.344,1.227,1.041,0.15,0.397,0.719
0.607,0.911,1.344,1.226,1.04,0.15,0.397,0.718
0.606,0.911,1.344,1.226,1.04,0.15,0.397,0.718
0.606,0.911,1.344,1.225,1.039,0.149,0.397,0.717
0.606,0.91,1.343,1.225,1.039,0.149,0.397,0.717
0.606,0.909,1.343,1.224,1.038,0.149,0.397,0.717
0.605,0.909,1.343,1.223,1.038,0.149,0.397,0.716
0.605,0.908,1.343,1.223,1.037,0.149,0.397,0.716
0.605,0.908,1.343,1.222,1.037,0.149,0.397,0.715
0.605,0.907,1.342,1.222,1.036,0.149,0.397,0.715
0.604,0.907,1.342,1.221,1.036,0.149,0.397,0.715
0.604,0.907,1.342,1.221,1.036,0.148,0.397,0.714
0.604,0.906,1.342,1.22,1.035,0.148,0.397,0.714
0.604,0.906,1.342,1.22,1.035,0.148,0.397,0.713
0.604,0.905,1.341,1.219,1.034,0.148,0.397,0.713
0.603,0.905,1.341,1.219,1.034,0.148,0.397,0.713
0.603,0.904,1.341,1.218,1.034,0.148,0.397,0.712
0.603,0.904,1.341,1.218,1.033,0.148,0.397,0.712
0.603,0.903,1.341,1.217,1.033,0.148,0.397,0.712
0.602,0.903,1.34,1.216,1.032,0.147,0.397,0.711
0.602,0.902,1.34,1.216,1.032,0.147,0.397,0.711
0.602,0.902,1.34,1.216,1.031,0.147,0.397,0.71
0.602,0.901,1.34,1.215,1.031,0.147,0.397,0.71
0.602,0.901,1.339,1.215,1.031,0.147,0.397,0.71
0.601,0.9,1.339,1.214,1.03,0.147,0.397,0.709
0.601,0.9,1.339,1.214,1.03,0.147,0.397,0.709
0.601,0.899,1.339,1.213,1.029,0.147,0.397,0.709
0.601,0.899,1.339,1.212,1.029,0.146,0.397,0.708
0.6,0.898,1.338,1.212,1.028,0.146,0.397,0.708
0.6,0.898,1.338,1.212,1.028,0.146,0.397,0.707
0.6,0.897,1.338,1.211,1.028,0.146,0.397,0.707
0.6,0.897,1.338,1.21,1.027,0.146,0.397,0.707
0.599,0.897,1.338,1.21,1.027,0.146,0.397,0.706
0.599,0.896,1.337,1.21,1.026,0.146,0.397,0.706
0.599,0.896,1.337,1.209,1.026,0.146,0.397,0.706
0.599,0.895,1.337,1.208,1.025,0.146,0.397,0.705
0.599,0.895,1.337,1.208,1.025,0.145,0.396,0.705
0.598,0.894,1.337,1.207,1.025,0.145,0.397,0.704
0.598,0.894,1.336,1.207,1.024,0.145,0.396,0.704
0.598,0.893,1.336,1.207,1.024,0.145,0.396,0.704
0.598,0.893,1.336,1.206,1.023,0.145,0.396,0.703
0.597,0.892,1.335,1.206,1.023,0.145,0.396,0.703
0.597,0.892,1.335,1.205,1.023,0.145,0.396,0.703
0.597,0.891,1.335,1.205,1.022,0.145,0.396,0.702
0.597,0.891,1.335,1.204,1.022,0.145,0.397,0.702
0.596,0.891,1.334,1.203,1.021,0.145,0.396,0.701
0.596,0.89,1.334,1.203,1.021,0.144,0.396,0.701
0.596,0.89,1.334,1.202,1.02,0.144,0.396,0.701
0.596,0.889,1.334,1.202,1.02,0.144,0.396,0.7
0.595,0.889,1.333,1.201,1.02,0.144,0.396,0.7
0.595,0.888,1.333,1.201,1.019,0.144,0.396,0.7
0.595,0.888,1.333,1.2,1.019,0.144,0.396,0.699
0.595,0.887,1.333,1.2,1.018,0.144,0.396,0.699
0.594,0.887,1.333,1.199,1.018,0.144,0.396,0.699
0.594,0.887,1.333,1.199,1.018,0.144,0.396,0.698
0.594,0.886,1.332,1.199,1.017,0.143,0.396,0.698
0.594,0.886,1.332,1.198,1.017,0.143,0.396,0.697
0.593,0.885,1.332,1.197,1.016,0.143,0.396,0.697
0.593,0.885,1.332,1.197,1.016,0.143,0.396,0.697
0.593,0.884,1.331,1.196,1.016,0.143,0.396,0.696
0.593,0.884,1.331,1.196,1.015,0.143,0.396,0.696
0.593,0.883,1.331,1.196,1.015,0.143,0.396,0.696
0.592,0.883,1.331,1.195,1.014,0.143,0.396,0.695
0.592,0.883,1.331,1.194,1.014,0.143,0.396,0.695
0.592,0.882,1.33,1.194,1.014,0.143,0.396,0.695
0.592,0.882,1.33,1.194,1.013,0.142,0.396,0.694
0.591,0.881,1.33,1.193,1.013,0.142,0.396,0.694
0.591,0.881,1.329,1.193,1.012,0.142,0.396,0.694
0.591,0.881,1.329,1.192,1.012,0.142,0.396,0.693
0.591,0.88,1.329,1.192,1.012,0.142,0.396,0.693
0.59,0.88,1.329,1.191,1.011,0.142,0.396,0.693
0.59,0.879,1.329,1.191,1.011,0.142,0.396,0.692
0.59,0.879,1.328,1.19,1.011,0.142,0.396,0.692
0.59,0.878,1.328,1.19,1.01,0.142,0.396,0.692
0.589,0.878,1.328,1.189,1.009,0.141,0.396,0.691
0.589,0.878,1.328,1.189,1.009,0.141,0.396,0.691
0.589,0.877,1.327,1.188,1.009,0.141,0.396,0.691
0.589,0.877,1.327,1.188,1.008,0.141,0.395,0.69
0.588,0.876,1.327,1.187,1.008,0.141,0.396,0.69
0.588,0.876,1.327,1.187,1.007,0.141,0.395,0.689
0.588,0.875,1.326,1.186,1.007,0.141,0.395,0.689
0.588,0.875,1.326,1.186,1.007,0.141,0.395,0.689
0.587,0.875,1.326,1.185,1.006,0.141,0.395,0.688
0.587,0.874,1.326,1.185,1.006,0.141,0.395,0.688
0.587,0.874,1.325,1.184,1.005,0.141,0.395,0.688
0.587,0.873,1.325,1.184,1.005,0.14,0.395,0.687
0.586,0.873,1.325,1.183,1.005,0.14,0.395,0.687
0.586,0.872,1.325,1.183,1.004,0.14,0.395,0.687
0.586,0.872,1.325,1.182,1.004,0.14,0.395,0.687
0.586,0.872,1.324,1.182,1.004,0.14,0.395,0.686
0.586,0.871,1.324,1.182,1.003,0.14,0.395,0.686
0.585,0.871,1.324,1.181,1.003,0.14,0.395,0.685
0.585,0.87,1.324,1.181,1.002,0.14,0.395,0.685
0.585,0.87,1.323,1.18,1.002,0.14,0.395,0.685
0.585,0.87,1.323,1.18,1.002,0.14,0.395,0.684
0.584,0.869,1.323,1.179,1.001,0.139,0.395,0.684
0.584,0.869,1.323,1.179,1.001,0.14,0.395,0.684
0.584,0.869,1.323,1.178,1.001,0.139,0.395,0.683
0.584,0.868,1.322,1.178,1.0,0.139,0.395,0.683
0.583,0.868,1.322,1.178,1.0,0.139,0.395,0.683
0.583,0.867,1.322,1.177,1.0,0.139,0.395,0.683
0.583,0.867,1.322,1.177,0.999,0.139,0.395,0.682
0.583,0.867,1.321,1.176,0.999,0.139,0.395,0.682
0.583,0.866,1.321,1.176,0.998,0.139,0.395,0.682
0.582,0.866,1.321,1.175,0.998,0.139,0.395,0.681
0.582,0.865,1.321,1.175,0.998,0.139,0.395,0.681
0.582,0.865,1.32,1.174,0.997,0.139,0.395,0.681
0.582,0.865,1.32,1.174,0.997,0.139,0.395,0.68
0.581,0.864,1.32,1.173,0.997,0.138,0.395,0.68
0.581,0.864,1.32,1.173,0.996,0.138,0.395,0.68
0.581,0.864,1.32,1.172,0.996,0.138,0.395,0.679
0.581,0.863,1.319,1.172,0.995,0.138,0.395,0.679
0.58,0.863,1.319,1.172,0.995,0.138,0.395,0.679
0.58,0.862,1.319,1.171,0.995,0.138,0.395,0.678
0.58,0.862,1.319,1.171,0.994,0.138,0.394,0.678
0.58,0.862,1.318,1.17,0.994,0.138,0.394,0.678
0.58,0.861,1.318,1.17,0.994,0.138,0.394,0.677
0.579,0.861,1.318,1.169,0.993,0.138,0.394,0.677
0.579,0.861,1.318,1.169,0.993,0.138,0.394,0.677
0.579,0.86,1.317,1.169,0.992,0.137,0.394,0.676
0.579,0.86,1.317,1.168,0.992,0.137,0.394,0.676
0.578,0.859,1.317,1.168,0.992,0.137,0.394,0.676
0.578,0.859,1.317,1.167,0.991,0.137,0.394,0.676
0.578,0.859,1.317,1.167,0.991,0.137,0.394,0.675
0.578,0.858,1.316,1.166,0.991,0.137,0.394,0.675
0.577,0.858,1.316,1.166,0.99,0.137,0.394,0.675
0.577,0.858,1.316,1.165,0.99,0.137,0.394,0.674
0.577,0.857,1.316,1.165,0.99,0.137,0.394,0.674
0.577,0.857,1.315,1.165,0.989,0.137,0.394,0.674
0.576,0.857,1.315,1.164,0.989,0.137,0.394,0.673
0.576,0.856,1.315,1.164,0.988,0.136,0.394,0.673
0.576,0.856,1.315,1.163,0.988,0.136,0.394,0.673
0.576,0.855,1.314,1.163,0.988,0.136,0.394,0.672
0.575,0.855,1.314,1.162,0.987,0.136,0.394,0.672
0.575,0.854,1.314,1.162,0.987,0.136,0.394,0.672
0.575,0.854,1.314,1.162,0.987,0.136,0.394,0.671
0.575,0.854,1.313,1.161,0.986,0.136,0.394,0.671
0.575,0.854,1.313,1.161,0.986,0.136,0.394,0.671
0.574,0.853,1.313,1.16,0.986,0.136,0.394,0.671
0.574,0.853,1.313,1.16,0.985,0.136,0.394,0.67
0.574,0.852,1.312,1.16,0.985,0.136,0.394,0.67
0.574,0.852,1.312,1.159,0.985,0.136,0.394,0.67
0.573,0.852,1.312,1.159,0.984,0.135,0.394,0.669
0.573,0.851,1.312,1.158,0.984,0.135,0.394,0.669
0.573,0.851,1.312,1.158,0.984,0.135,0.394,0.669
0.573,0.85,1.312,1.157,0.983,0.135,0.394,0.668
0.573,0.85,1.311,1.157,0.983,0.135,0.394,0.668
0.572,0.85,1.311,1.157,0.983,0.135,0.393,0.668
0.572,0.85,1.311,1.156,0.982,0.135,0.394,0.668
0.572,0.849,1.31,1.156,0.982,0.135,0.393,0.667
0.572,0.849,1.31,1.155,0.981,0.135,0.393,0.667
0.571,0.849,1.31,1.155,0.981,0.135,0.393,0.667
0.571,0.848,1.31,1.154,0.981,0.135,0.393,0.666
0.571,0.848,1.309,1.154,0.981,0.135,0.393,0.666
0.571,0.848,1.309,1.153,0.98,0.135,0.393,0.666
0.57,0.847,1.309,1.153,0.98,0.135,0.393,0.665
0.57,0.847,1.309,1.153,0.979,0.134,0.393,0.665
0.57,0.847,1.309,1.152,0.979,0.134,0.393,0.665
0.57,0.846,1.308,1.152,0.979,0.134,0.393,0.664
0.569,0.846,1.308,1.151,0.978,0.134,0.393,0.664
0.569,0.845,1.308,1.151,0.978,0.134,0.393,0.664
0.569,0.845,1.308,1.151,0.978,0.134,0.393,0.663
0.569,0.845,1.307,1.15,0.977,0.134,0.393,0.663
0.569,0.844,1.307,1.15,0.977,0.134,0.393,0.663
0.568,0.844,1.307,1.149,0.977,0.134,0.393,0.663
0.568,0.844,1.307,1.149,0.976,0.134,0.393,0.662
0.568,0.844,1.306,1.148,0.976,0.134,0.393,0.662
0.568,0.843,1.306,1.148,0.976,0.134,0.393,0.662
0.567,0.843,1.306,1.148,0.975,0.134,0.393,0.661
0.567,0.843,1.306,1.147,0.975,0.133,0.393,0.661
0.567,0.842,1.305,1.147,0.975,0.133,0.393,0.661
0.567,0.842,1.305,1.146,0.974,0.133,0.393,0.661
0.566,0.842,1.305,1.146,0.974,0.133,0.393,0.66
0.566,0.841,1.305,1.146,0.974,0.133,0.393,0.66
0.566,0.841,1.305,1.145,0.973,0.133,0.393,0.66
0.566,0.841,1.304,1.145,0.973,0.133,0.393,0.659
0.566,0.84,1.304,1.144,0.973,0.133,0.393,0.659
0.565,0.84,1.304,1.144,0.972,0.133,0.393,0.659
0.565,0.84,1.303,1.144,0.972,0.133,0.393,0.659
0.565,0.839,1.303,1.143,0.972,0.133,0.393,0.658
0.565,0.839,1.303,1.143,0.971,0.133,0.393,0.658
0.564,0.839,1.303,1.142,0.971,0.133,0.392,0.658
0.564,0.838,1.303,1.142,0.971,0.133,0.392,0.657
0.564,0.838,1.302,1.142,0.97,0.132,0.392,0.657
0.564,0.838,1.302,1.141,0.97,0.132,0.392,0.657
0.563,0.837,1.302,1.141,0.969,0.132,0.392,0.656
0.563,0.837,1.302,1.14,0.969,0.132,0.392,0.656
0.563,0.837,1.301,1.14,0.969,0.132,0.392,0.656
0.563,0.836,1.301,1.14,0.969,0.132,0.392,0.656
0.563,0.836,1.301,1.139,0.968,0.132,0.392,0.655
0.562,0.836,1.301,1.139,0.968,0.132,0.392,0.655
0.562,0.836,1.301,1.138,0.968,0.132,0.392,0.655
0.562,0.835,1.3,1.138,0.967,0.132,0.392,0.654
0.562,0.835,1.3,1.138,0.967,0.132,0.392,0.654
0.561,0.835,1.3,1.137,0.966,0.132,0.392,0.654
0.561,0.834,1.299,1.137,0.966,0.132,0.392,0.654
0.561,0.834,1.299,1.136,0.966,0.131,0.392,0.653
0.561,0.834,1.299,1.136,0.966,0.131,0.392,0.653
0.561,0.833,1.299,1.135,0.965,0.131,0.392,0.653
0.56,0.833,1.299,1.135,0.965,0.131,0.392,0.652
0.56,0.833,1.298,1.135,0.965,0.131,0.392,0.652
0.56,0.832,1.298,1.134,0.964,0.131,0.392,0.652
0.56,0.832,1.298,1.134,0.964,0.131,0.392,0.652
0.559,0.832,1.297,1.133,0.964,0.131,0.392,0.651
0.559,0.831,1.297,1.133,0.963,0.131,0.392,0.651
0.559,0.831,1.297,1.133,0.963,0.131,0.392,0.651
0.559,0.831,1.297,1.132,0.963,0.131,0.392,0.651
0.558,0.83,1.296,1.132,0.962,0.131,0.392,0.65
0.558,0.83,1.296,1.131,0.962,0.131,0.391,0.65
0.558,0.83,1.296,1.131,0.962,0.13,0.392,0.65
0.558,0.83,1.296,1.131,0.961,0.131,0.391,0.649
0.558,0.829,1.296,1.13,0.961,0.13,0.391,0.649
0.557,0.829,1.295,1.13,0.961,0.13,0.391,0.649
0.557,0.829,1.295,1.13,0.96,0.13,0.391,0.648
0.557,0.828,1.295,1.129,0.96,0.13,0.391,0.648
0.557,0.828,1.295,1.129,0.96,0.13,0.391,0.648
0.556,0.828,1.294,1.128,0.959,0.13,0.391,0.648
0.556,0.828,1.294,1.128,0.959,0.13,0.391,0.647
0.556,0.827,1.294,1.128,0.959,0.13,0.391,0.647
0.556,0.827,1.293,1.127,0.958,0.13,0.391,0.647
0.556,0.827,1.293,1.127,0.958,0.13,0.391,0.647
0.555,0.826,1.293,1.126,0.958,0.13,0.391,0.646
0.555,0.826,1.293,1.126,0.958,0.13,0.391,0.646
0.555,0.826,1.293,1.126,0.957,0.13,0.391,0.646
0.555,0.825,1.292,1.125,0.957,0.13,0.391,0.646
0.554,0.825,1.292,1.125,0.957,0.129,0.391,0.645
0.554,0.825,1.292,1.125,0.956,0.129,0.391,0.645
0.554,0.824,1.291,1.124,0.956,0.129,0.391,0.645
0.554,0.824,1.291,1.124,0.956,0.129,0.391,0.644
0.553,0.824,1.291,1.123,0.955,0.129,0.391,0.644
0.553,0.824,1.291,1.123,0.955,0.129,0.391,0.644
0.553,0.823,1.29,1.123,0.955,0.129,0.391,0.644
0.553,0.823,1.29,1.122,0.955,0.129,0.391,0.643
0.553,0.823,1.29,1.122,0.954,0.129,0.391,0.643
0.552,0.822,1.29,1.122,0.954,0.129,0.391,0.643
0.552,0.822,1.289,1.121,0.954,0.129,0.391,0.642
0.552,0.822,1.289,1.121,0.953,0.129,0.391,0.642
0.552,0.822,1.289,1.12,0.953,0.129,0.391,0.642
0.552,0.821,1.289,1.12,0.953,0.129,0.391,0.642
0.551,0.821,1.289,1.12,0.952,0.128,0.391,0.642
0.551,0.821,1.288,1.119,0.952,0.129,0.391,0.641
0.551,0.821,1.288,1.119,0.952,0.129,0.391,0.641
0.551,0.82,1.288,1.119,0.951,0.128,0.391,0.641
0.55,0.82,1.288,1.118,0.951,0.128,0.391,0.64
0.55,0.82,1.287,1.118,0.951,0.128,0.391,0.64
0.55,0.819,1.287,1.117,0.951,0.128,0.39,0.64
0.55,0.819,1.287,1.117,0.95,0.128,0.39,0.64
0.55,0.819,1.287,1.117,0.95,0.128,0.39,0.639
0.549,0.819,1.286,1.116,0.95,0.128,0.39,0.639
0.549,0.818,1.286,1.116,0.949,0.128,0.39,0.639
0.549,0.818,1.286,1.115,0.949,0.128,0.39,0.639
0.549,0.818,1.286,1.115,0.949,0.128,0.39,0.638
0.548,0.818,1.285,1.115,0.949,0.128,0.39,0.638
0.548,0.817,1.285,1.114,0.948,0.128,0.39,0.638
0.548,0.817,1.285,1.114,0.948,0.128,0.39,0.638
0.548,0.817,1.285,1.114,0.947,0.128,0.39,0.637
0.548,0.816,1.285,1.113,0.947,0.128,0.39,0.637
0.547,0.816,1.284,1.113,0.947,0.128,0.39,0.637
0.547,0.816,1.284,1.113,0.947,0.127,0.39,0.636
0.547,0.816,1.284,1.112,0.946,0.127,0.39,0.636
0.547,0.815,1.283,1.112,0.946,0.127,0.39,0.636
0.546,0.815,1.283,1.111,0.946,0.127,0.39,0.636
0.546,0.815,1.283,1.111,0.945,0.127,0.39,0.635
0.546,0.814,1.283,1.111,0.945,0.127,0.39,0.635
0.546,0.814,1.282,1.11,0.945,0.127,0.39,0.635
0.546,0.814,1.282,1.11,0.945,0.127,0.39,0.635
0.545,0.814,1.282,1.109,0.944,0.127,0.39,0.635
0.545,0.813,1.282,1.109,0.944,0.127,0.39,0.634
0.545,0.813,1.282,1.109,0.944,0.127,0.39,0.634
0.545,0.813,1.281,1.108,0.943,0.127,0.39,0.634
0.544,0.813,1.281,1.108,0.943,0.127,0.39,0.633
0.544,0.812,1.281,1.108,0.943,0.127,0.39,0.633
0.544,0.812,1.281,1.107,0.943,0.127,0.39,0.633
0.544,0.812,1.28,1.107,0.942,0.126,0.39,0.633
0.544,0.811,1.28,1.106,0.942,0.127,0.39,0.632
0.543,0.811,1.28,1.106,0.942,0.126,0.39,0.632
0.543,0.811,1.28,1.106,0.941,0.126,0.39,0.632
0.543,0.81,1.279,1.105,0.941,0.126,0.389,0.632
0.543,0.81,1.279,1.105,0.941,0.126,0.39,0.631
0.543,0.81,1.279,1.105,0.94,0.126,0.389,0.631
0.542,0.81,1.279,1.104,0.94,0.126,0.389,0.631
0.542,0.809,1.279,1.104,0.94,0.126,0.389,0.631
0.542,0.809,1.278,1.104,0.94,0.126,0.389,0.631
0.542,0.809,1.278,1.103,0.939,0.126,0.389,0.63
0.542,0.809,1.278,1.103,0.939,0.126,0.389,0.63
0.541,0.809,1.277,1.103,0.939,0.126,0.389,0.63
0.541,0.808,1.277,1.102,0.939,0.126,0.389,0.629
0.541,0.808,1.277,1.102,0.938,0.126,0.389,0.629
0.541,0.808,1.277,1.102,0.938,0.126,0.389,0.629
0.54,0.807,1.277,1.101,0.938,0.126,0.389,0.629
0.54,0.807,1.276,1.101,0.937,0.125,0.389,0.628
0.54,0.807,1.276,1.1,0.937,0.126,0.389,0.628
0.54,0.807,1.276,1.1,0.937,0.125,0.389,0.628
0.54,0.806,1.276,1.1,0.936,0.125,0.389,0.628
0.539,0.806,1.275,1.099,0.936,0.125,0.389,0.627
0.539,0.806,1.275,1.099,0.936,0.125,0.389,0.627
0.539,0.806,1.275,1.099,0.936,0.125,0.389,0.627
0.539,0.805,1.275,1.098,0.935,0.125,0.389,0.627
0.539,0.805,1.274,1.098,0.935,0.125,0.389,0.626
0.538,0.805,1.274,1.098,0.935,0.125,0.389,0.626
0.538,0.804,1.274,1.097,0.935,0.125,0.389,0.626
0.538,0.804,1.274,1.097,0.934,0.125,0.389,0.626
0.538,0.804,1.274,1.096,0.934,0.125,0.389,0.626
0.537,0.804,1.273,1.096,0.934,0.125,0.389,0.625
0.537,0.804,1.273,1.096,0.933,0.125,0.389,0.625
0.537,0.803,1.273,1.096,0.933,0.125,0.388,0.625
0.537,0.803,1.272,1.095,0.933,0.125,0.388,0.624
0.537,0.803,1.272,1.095,0.933,0.125,0.388,0.624
0.536,0.802,1.272,1.094,0.932,0.125,0.388,0.624
0.536,0.802,1.272,1.094,0.932,0.124,0.388,0.624
0.536,0.802,1.272,1.094,0.932,0.125,0.388,0.624
0.536,0.802,1.271,1.093,0.931,0.124,0.388,0.623
0.536,0.801,1.271,1.093,0.931,0.124,0.388,0.623
0.535,0.801,1.271,1.093,0.931,0.124,0.388,0.623
0.535,0.801,1.271,1.092,0.931,0.124,0.388,0.623
0.535,0.801,1.27,1.092,0.93,0.124,0.388,0.622
0.535,0.8,1.27,1.092,0.93,0.124,0.388,0.622
0.534,0.8,1.27,1.091,0.93,0.124,0.388,0.622
0.534,0.8,1.27,1.091,0.93,0.124,0.388,0.622
0.534,0.8,1.269,1.091,0.929,0.124,0.388,0.621
0.534,0.799,1.269,1.091,0.929,0.124,0.388,0.621
0.534,0.799,1.269,1.09,0.929,0.124,0.388,0.621
0.534,0.799,1.269,1.09,0.928,0.124,0.388,0.621
0.533,0.799,1.269,1.089,0.928,0.124,0.388,0.62
0.533,0.798,1.268,1.089,0.928,0.124,0.388,0.62
0.533,0.798,1.268,1.088,0.928,0.124,0.388,0.62
0.533,0.798,1.268,1.088,0.927,0.124,0.388,0.62
0.533,0.798,1.267,1.088,0.927,0.123,0.388,0.62
0.532,0.798,1.267,1.088,0.927,0.123,0.388,0.619
0.532,0.797,1.267,1.087,0.927,0.124,0.388,0.619
0.532,0.797,1.267,1.087,0.926,0.123,0.388,0.619
0.532,0.797,1.266,1.087,0.926,0.123,0.388,0.619
0.531,0.797,1.266,1.086,0.926,0.124,0.387,0.618
0.531,0.796,1.266,1.086,0.926,0.123,0.387,0.618
0.531,0.796,1.266,1.086,0.925,0.123,0.388,0.618
0.531,0.796,1.265,1.085,0.925,0.123,0.387,0.618
0.531,0.795,1.265,1.085,0.925,0.123,0.387,0.617
0.53,0.795,1.265,1.085,0.925,0.123,0.387,0.617
0.53,0.795,1.265,1.084,0.924,0.123,0.387,0.617
0.53,0.795,1.264,1.084,0.924,0.123,0.387,0.617
0.53,0.794,1.264,1.084,0.924,0.123,0.387,0.617
0.53,0.794,1.264,1.083,0.923,0.123,0.387,0.616
0.53,0.794,1.264,1.083,0.923,0.123,0.387,0.616
0.529,0.794,1.264,1.083,0.923,0.123,0.387,0.616
0.529,0.794,1.263,1.082,0.923,0.123,0.387,0.616
0.529,0.793,1.263,1.082,0.923,0.123,0.387,0.615
0.529,0.793,1.263,1.082,0.922,0.123,0.387,0.615
0.529,0.793,1.263,1.081,0.922,0.122,0.387,0.615
0.528,0.793,1.262,1.081,0.922,0.123,0.387,0.615
0.528,0.792,1.262,1.081,0.921,0.122,0.387,0.615
0.528,0.792,1.262,1.08,0.921,0.122,0.387,0.614
0.528,0.792,1.262,1.08,0.921,0.123,0.387,0.614
0.528,0.792,1.261,1.08,0.921,0.122,0.387,0.614
0.527,0.791,1.261,1.079,0.92,0.122,0.387,0.614
0.527,0.791,1.261,1.079,0.92,0.122,0.387,0.613
0.527,0.791,1.261,1.079,0.92,0.122,0.387,0.613
0.527,0.791,1.26,1.079,0.92,0.122,0.387,0.613
0.526,0.791,1.26,1.078,0.919,0.122,0.387,0.613
0.526,0.79,1.26,1.078,0.919,0.122,0.387,0.612
0.526,0.79,1.26,1.078,0.919,0.122,0.387,0.612
0.526,0.79,1.259,1.077,0.918,0.122,0.386,0.612
0.526,0.79,1.259,1.077,0.918,0.122,0.386,0.612
0.525,0.789,1.259,1.076,0.918,0.122,0.386,0.611
0.525,0.789,1.259,1.076,0.918,0.122,0.386,0.611
0.525,0.789,1.258,1.076,0.917,0.122,0.386,0.611
0.525,0.789,1.258,1.075,0.917,0.122,0.386,0.611
0.525,0.788,1.258,1.075,0.917,0.122,0.386,0.611
0.525,0.788,1.258,1.075,0.917,0.122,0.386,0.61
0.524,0.788,1.258,1.075,0.917,0.122,0.386,0.61
0.524,0.788,1.257,1.074,0.916,0.122,0.386,0.61
0.524,0.787,1.257,1.074,0.916,0.121,0.386,0.61
0.524,0.787,1.257,1.074,0.916,0.122,0.386,0.61
0.523,0.787,1.257,1.073,0.916,0.121,0.386,0.609
0.523,0.787,1.256,1.073,0.915,0.121,0.386,0.609
0.523,0.786,1.256,1.073,0.915,0.121,0.386,0.609
0.523,0.786,1.256,1.072,0.915,0.121,0.386,0.609
0.523,0.786,1.256,1.072,0.915,0.121,0.386,0.608
0.523,0.786,1.255,1.072,0.914,0.121,0.386,0.608
0.522,0.785,1.255,1.072,0.914,0.121,0.386,0.608
0.522,0.785,1.255,1.071,0.914,0.121,0.386,0.608
0.522,0.785,1.255,1.071,0.913,0.121,0.386,0.608
0.522,0.785,1.254,1.071,0.913,0.121,0.386,0.607
0.522,0.785,1.254,1.07,0.913,0.121,0.386,0.607
0.521,0.784,1.254,1.07,0.913,0.121,0.386,0.607
0.521,0.784,1.254,1.07,0.913,0.121,0.386,0.607
0.521,0.784,1.253,1.069,0.912,0.121,0.385,0.607
0.521,0.784,1.253,1.069,0.912,0.121,0.385,0.606
0.521,0.783,1.253,1.069,0.912,0.121,0.385,0.606
0.52,0.783,1.253,1.069,0.911,0.121,0.385,0.606
0.52,0.783,1.252,1.068,0.911,0.121,0.385,0.606
0.52,0.783,1.252,1.068,0.911,0.121,0.385,0.605
0.52,0.783,1.252,1.067,0.911,0.121,0.385,0.605
0.52,0.782,1.252,1.067,0.911,0.12,0.385,0.605
0.519,0.782,1.252,1.067,0.91,0.12,0.385,0.605
0.519,0.782,1.251,1.067,0.91,0.12,0.385,0.605
0.519,0.782,1.251,1.066,0.91,0.12,0.385,0.604
0.519,0.782,1.251,1.066,0.91,0.12,0.385,0.604
0.519,0.781,1.25,1.066,0.909,0.12,0.385,0.604
0.518,0.781,1.25,1.065,0.909,0.12,0.385,0.604
0.518,0.781,1.25,1.065,0.909,0.12,0.385,0.604
0.518,0.781,1.25,1.065,0.909,0.12,0.385,0.603
0.518,0.78,1.25,1.064,0.908,0.12,0.385,0.603
0.518,0.78,1.249,1.064,0.908,0.12,0.385,0.603
0.517,0.78,1.249,1.064,0.908,0.12,0.385,0.603
0.517,0.78,1.249,1.063,0.908,0.12,0.385,0.603
0.517,0.78,1.249,1.063,0.907,0.12,0.385,0.603
0.517,0.779,1.248,1.063,0.907,0.12,0.385,0.602
0.517,0.779,1.248,1.063,0.907,0.12,0.385,0.602
0.516,0.779,1.248,1.062,0.907,0.12,0.385,0.602
0.516,0.779,1.247,1.062,0.906,0.12,0.385,0.601
0.516,0.779,1.247,1.062,0.906,0.12,0.385,0.601
0.516,0.778,1.247,1.061,0.906,0.12,0.385,0.601
0.516,0.778,1.247,1.061,0.906,0.12,0.384,0.601
0.516,0.778,1.247,1.061,0.905,0.119,0.384,0.601
0.515,0.778,1.246,1.06,0.905,0.12,0.384,0.601
0.515,0.777,1.246,1.06,0.905,0.12,0.384,0.6
0.515,0.777,1.246,1.06,0.905,0.12,0.384,0.6
0.515,0.777,1.246,1.059,0.904,0.119,0.384,0.6
0.515,0.777,1.245,1.06,0.904,0.119,0.384,0.6
0.514,0.777,1.245,1.059,0.904,0.119,0.384,0.599
0.514,0.776,1.245,1.059,0.904,0.119,0.384,0.599
0.514,0.776,1.245,1.058,0.904,0.119,0.384,0.599
0.514,0.776,1.245,1.058,0.903,0.119,0.384,0.599
0.514,0.776,1.244,1.058,0.903,0.119,0.384,0.599
0.513,0.775,1.244,1.058,0.903,0.119,0.384,0.598
0.513,0.775,1.244,1.057,0.903,0.119,0.384,0.598
0.513,0.775,1.244,1.057,0.902,0.119,0.384,0.598
0.513,0.775,1.243,1.057,0.902,0.119,0.384,0.598
0.513,0.775,1.243,1.056,0.902,0.119,0.384,0.598
0.512,0.775,1.243,1.056,0.902,0.119,0.384,0.597
0.512,0.774,1.243,1.056,0.901,0.119,0.384,0.597
0.512,0.774,1.242,1.056,0.901,0.119,0.384,0.597
0.512,0.774,1.242,1.055,0.901,0.119,0.384,0.597
0.512,0.774,1.242,1.055,0.901,0.119,0.384,0.597
0.512,0.774,1.242,1.055,0.901,0.119,0.384,0.596
0.511,0.773,1.241,1.054,0.9,0.119,0.384,0.596
0.511,0.773,1.241,1.054,0.9,0.119,0.383,0.596
0.511,0.773,1.241,1.054,0.9,0.119,0.383,0.596
0.511,0.773,1.241,1.054,0.9,0.119,0.383,0.596
0.511,0.773,1.24,1.053,0.899,0.119,0.383,0.595
0.511,0.772,1.24,1.053,0.899,0.118,0.383,0.595
0.51,0.772,1.24,1.053,0.899,0.118,0.383,0.595
0.51,0.772,1.24,1.052,0.899,0.118,0.383,0.595
0.51,0.772,1.24,1.052,0.898,0.118,0.383,0.595
0.51,0.772,1.239,1.052,0.898,0.118,0.383,0.594
0.51,0.771,1.239,1.051,0.898,0.118,0.383,0.594
0.509,0.771,1.239,1.051,0.898,0.118,0.383,0.594
0.509,0.771,1.239,1.051,0.898,0.118,0.383,0.594
0.509,0.771,1.238,1.051,0.897,0.118,0.383,0.594
0.509,0.771,1.238,1.051,0.897,0.118,0.383,0.593
0.509,0.77,1.238,1.05,0.897,0.118,0.383,0.593
0.508,0.77,1.238,1.05,0.897,0.118,0.383,0.593
0.508,0.77,1.238,1.05,0.896,0.118,0.383,0.593
0.508,0.77,1.237,1.049,0.896,0.118,0.383,0.593
0.508,0.769,1.237,1.049,0.896,0.118,0.383,0.592
0.508,0.769,1.237,1.049,0.896,0.118,0.383,0.592
0.508,0.769,1.236,1.048,0.896,0.118,0.383,0.592
0.507,0.769,1.236,1.048,0.896,0.118,0.383,0.592
0.507,0.769,1.236,1.048,0.895,0.118,0.383,0.592
0.507,0.769,1.236,1.048,0.895,0.118,0.383,0.591
0.507,0.768,1.235,1.047,0.895,0.118,0.383,0.591
0.507,0.768,1.235,1.047,0.894,0.118,0.383,0.591
0.506,0.768,1.235,1.047,0.894,0.118,0.382,0.591
0.506,0.768,1.235,1.047,0.894,0.118,0.382,0.591
0.506,0.768,1.235,1.046,0.894,0.118,0.382,0.59
0.506,0.767,1.234,1.046,0.894,0.117,0.382,0.59
0.506,0.767,1.234,1.046,0.893,0.117,0.382,0.59
0.506,0.767,1.234,1.045,0.893,0.118,0.382,0.59
0.505,0.767,1.233,1.045,0.893,0.117,0.382,0.59
0.505,0.767,1.233,1.045,0.893,0.117,0.382,0.59
0.505,0.766,1.233,1.045,0.893,0.117,0.382,0.589
0.505,0.766,1.233,1.044,0.892,0.118,0.382,0.589
0.505,0.766,1.233,1.044,0.892,0.117,0.382,0.589
0.505,0.766,1.232,1.044,0.892,0.117,0.382,0.589
0.504,0.766,1.232,1.044,0.892,0.117,0.382,0.589
0.504,0.766,1.232,1.043,0.891,0.117,0.382,0.588
0.504,0.765,1.232,1.043,0.891,0.117,0.382,0.588
0.504,0.765,1.232,1.043,0.891,0.117,0.382,0.588
0.504,0.765,1.231,1.043,0.891,0.117,0.382,0.588
0.503,0.765,1.231,1.042,0.891,0.117,0.382,0.588
0.503,0.765,1.231,1.042,0.89,0.117,0.382,0.588
0.503,0.764,1.231,1.042,0.89,0.117,0.382,0.587
0.503,0.764,1.23,1.042,0.89,0.117,0.382,0.587
0.503,0.764,1.23,1.041,0.89,0.117,0.382,0.587
0.503,0.764,1.23,1.041,0.89,0.117,0.382,0.587
0.503,0.764,1.23,1.041,0.889,0.117,0.382,0.587
0.502,0.764,1.23,1.041,0.889,0.117,0.381,0.586
0.502,0.764,1.229,1.04,0.889,0.117,0.382,0.586
0.502,0.763,1.229,1.04,0.889,0.117,0.382,0.586
0.502,0.763,1.229,1.04,0.889,0.117,0.381,0.586
0.502,0.763,1.229,1.04,0.888,0.117,0.381,0.586
0.502,0.763,1.228,1.039,0.888,0.117,0.382,0.586
0.501,0.763,1.228,1.039,0.888,0.117,0.381,0.585
0.501,0.762,1.228,1.039,0.888,0.117,0.381,0.585
0.501,0.762,1.228,1.039,0.888,0.116,0.381,0.585
0.501,0.762,1.227,1.038,0.887,0.116,0.381,0.585
0.501,0.762,1.227,1.038,0.887,0.116,0.381,0.585
0.5,0.762,1.227,1.038,0.887,0.116,0.381,0.584
0.5,0.761,1.227,1.038,0.887,0.116,0.381,0.584
0.5,0.761,1.227,1.037,0.887,0.116,0.381,0.584
0.5,0.761,1.226,1.037,0.886,0.116,0.381,0.584
0.5,0.761,1.226,1.037,0.886,0.116,0.381,0.584
0.499,0.761,1.226,1.037,0.886,0.116,0.381,0.584
0.499,0.761,1.226,1.036,0.886,0.116,0.381,0.583
0.499,0.761,1.225,1.036,0.885,0.116,0.381,0.583
0.499,0.76,1.225,1.036,0.885,0.116,0.381,0.583
0.499,0.76,1.225,1.036,0.885,0.116,0.381,0.583
0.499,0.76,1.225,1.035,0.885,0.116,0.381,0.583
0.498,0.76,1.224,1.035,0.885,0.116,0.381,0.582
0.498,0.76,1.224,1.035,0.884,0.116,0.381,0.582
0.498,0.759,1.224,1.034,0.884,0.116,0.38,0.582
0.498,0.759,1.224,1.034,0.884,0.116,0.381,0.582
0.498,0.759,1.224,1.034,0.884,0.116,0.38,0.582
0.498,0.759,1.223,1.034,0.884,0.116,0.38,0.581
0.497,0.759,1.223,1.033,0.883,0.116,0.381,0.581
0.497,0.758,1.223,1.033,0.883,0.116,0.38,0.581
0.497,0.758,1.222,1.033,0.883,0.116,0.38,0.581
0.497,0.758,1.222,1.033,0.883,0.116,0.38,0.581
0.497,0.758,1.222,1.033,0.882,0.116,0.38,0.581
0.497,0.758,1.222,1.032,0.882,0.115,0.38,0.58
0.496,0.758,1.222,1.032,0.882,0.116,0.38,0.58
0.496,0.757,1.221,1.032,0.882,0.116,0.38,0.58
0.496,0.757,1.221,1.032,0.882,0.116,0.38,0.58
0.496,0.757,1.221,1.031,0.881,0.116,0.38,0.58
0.496,0.757,1.221,1.031,0.881,0.116,0.38,0.58
0.496,0.757,1.221,1.031,0.881,0.115,0.38,0.58
0.495,0.757,1.22,1.03,0.881,0.115,0.38,0.579
0.495,0.756,1.22,1.03,0.881,0.115,0.38,0.579
0.495,0.756,1.22,1.03,0.88,0.115,0.38,0.579
0.495,0.756,1.22,1.03,0.88,0.115,0.38,0.579
0.495,0.756,1.219,1.03,0.88,0.115,0.38,0.579
0.495,0.756,1.219,1.029,0.88,0.115,0.38,0.578
0.495,0.756,1.219,1.029,0.88,0.115,0.38,0.578
0.494,0.755,1.219,1.029,0.879,0.115,0.38,0.578
0.494,0.755,1.219,1.029,0.879,0.115,0.38,0.578
0.494,0.755,1.218,1.028,0.879,0.115,0.38,0.578
0.494,0.755,1.218,1.028,0.879,0.115,0.38,0.577
0.494,0.755,1.218,1.028,0.879,0.115,0.379,0.577
0.493,0.755,1.218,1.028,0.878,0.115,0.379,0.577
0.493,0.754,1.217,1.027,0.878,0.115,0.379,0.577
0.493,0.754,1.217,1.027,0.878,0.115,0.379,0.577
0.493,0.754,1.217,1.027,0.878,0.115,0.379,0.577
0.493,0.754,1.217,1.026,0.877,0.115,0.379,0.576
0.493,0.754,1.217,1.026,0.877,0.115,0.379,0.576
0.493,0.754,1.216,1.026,0.877,0.115,0.379,0.576
0.492,0.754,1.216,1.026,0.877,0.115,0.379,0.576
0.492,0.753,1.216,1.026,0.877,0.115,0.379,0.576
0.492,0.753,1.216,1.025,0.877,0.115,0.379,0.576
0.492,0.753,1.216,1.025,0.876,0.115,0.379,0.575
0.492,0.753,1.215,1.025,0.876,0.115,0.379,0.575
0.491,0.753,1.215,1.024,0.876,0.115,0.379,0.575
0.491,0.753,1.215,1.024,0.876,0.115,0.379,0.575
0.491,0.752,1.214,1.024,0.876,0.115,0.379,0.575
0.491,0.752,1.214,1.024,0.875,0.115,0.379,0.574
0.491,0.752,1.214,1.024,0.875,0.114,0.379,0.574
0.491,0.752,1.214,1.023,0.875,0.115,0.379,0.574
0.491,0.752,1.214,1.023,0.875,0.114,0.379,0.574
0.49,0.752,1.213,1.023,0.875,0.114,0.379,0.574
0.49,0.751,1.213,1.023,0.875,0.114,0.379,0.574
0.49,0.751,1.213,1.023,0.874,0.114,0.379,0.573
0.49,0.751,1.213,1.022,0.874,0.114,0.379,0.573
0.49,0.751,1.213,1.022,0.874,0.114,0.379,0.573
0.49,0.751,1.212,1.022,0.874,0.114,0.379,0.573
0.49,0.751,1.212,1.022,0.873,0.114,0.379,0.573
0.489,0.751,1.212,1.021,0.873,0.114,0.378,0.573
0.489,0.75,1.211,1.021,0.873,0.114,0.378,0.573
0.489,0.75,1.211,1.021,0.873,0.114,0.378,0.572
0.489,0.75,1.211,1.021,0.873,0.114,0.378,0.572
0.489,0.75,1.211,1.021,0.873,0.114,0.378,0.572
0.488,0.75,1.211,1.02,0.872,0.114,0.378,0.572
0.488,0.749,1.21,1.02,0.872,0.114,0.378,0.572
0.488,0.749,1.21,1.02,0.872,0.114,0.378,0.572
0.488,0.749,1.21,1.019,0.872,0.114,0.378,0.571
0.488,0.749,1.21,1.019,0.871,0.114,0.378,0.571
0.488,0.749,1.21,1.019,0.871,0.114,0.378,0.571
0.487,0.749,1.209,1.019,0.871,0.114,0.378,0.571
0.487,0.749,1.209,1.019,0.871,0.114,0.378,0.571
0.487,0.748,1.209,1.018,0.871,0.114,0.378,0.571
0.487,0.748,1.209,1.018,0.871,0.114,0.378,0.57
0.487,0.748,1.208,1.018,0.87,0.114,0.378,0.57
0.487,0.748,1.208,1.017,0.87,0.114,0.378,0.57
0.486,0.748,1.208,1.017,0.87,0.114,0.378,0.57
0.486,0.748,1.208,1.017,0.87,0.114,0.378,0.57
0.486,0.748,1.207,1.017,0.87,0.114,0.378,0.57
0.486,0.747,1.207,1.017,0.869,0.114,0.378,0.569
0.486,0.747,1.207,1.016,0.869,0.114,0.378,0.569
0.486,0.747,1.207,1.016,0.869,0.113,0.378,0.569
0.486,0.747,1.207,1.016,0.869,0.113,0.378,0.569
0.485,0.747,1.206,1.016,0.869,0.113,0.378,0.569
0.485,0.746,1.206,1.015,0.869,0.113,0.377,0.569
0.485,0.746,1.206,1.015,0.868,0.113,0.377,0.568
0.485,0.746,1.206,1.015,0.868,0.113,0.377,0.568
0.485,0.746,1.206,1.015,0.868,0.113,0.377,0.568
0.485,0.746,1.205,1.015,0.868,0.113,0.377,0.568
0.484,0.746,1.205,1.014,0.868,0.113,0.377,0.568
0.484,0.746,1.205,1.014,0.867,0.113,0.377,0.568
0.484,0.746,1.205,1.014,0.867,0.113,0.377,0.567
0.484,0.745,1.204,1.014,0.867,0.113,0.377,0.567
0.484,0.745,1.204,1.013,0.867,0.113,0.377,0.567
0.484,0.745,1.204,1.013,0.867,0.113,0.377,0.567
0.483,0.745,1.204,1.013,0.866,0.113,0.377,0.567
0.483,0.745,1.203,1.013,0.866,0.113,0.377,0.567
0.483,0.745,1.203,1.013,0.866,0.113,0.377,0.567
0.483,0.744,1.203,1.012,0.866,0.113,0.377,0.566
0.483,0.744,1.203,1.012,0.866,0.113,0.377,0.566
0.483,0.744,1.203,1.012,0.866,0.113,0.377,0.566
0.483,0.744,1.202,1.012,0.865,0.113,0.377,0.566
0.483,0.744,1.202,1.011,0.865,0.113,0.377,0.566
0.482,0.744,1.202,1.011,0.865,0.113,0.377,0.565
0.482,0.744,1.202,1.011,0.865,0.113,0.377,0.565
0.482,0.743,1.202,1.011,0.865,0.113,0.377,0.565
0.482,0.743,1.201,1.01,0.864,0.113,0.377,0.565
0.482,0.743,1.201,1.01,0.864,0.113,0.377,0.565
0.482,0.743,1.201,1.01,0.864,0.113,0.377,0.565
0.481,0.743,1.201,1.01,0.864,0.113,0.377,0.565
0.481,0.743,1.2,1.01,0.864,0.113,0.376,0.564
0.481,0.742,1.2,1.009,0.864,0.113,0.376,0.564
0.481,0.742,1.2,1.009,0.863,0.113,0.376,0.564
0.481,0.742,1.2,1.009,0.863,0.113,0.376,0.564
0.481,0.742,1.2,1.009,0.863,0.113,0.376,0.564
0.481,0.742,1.199,1.008,0.863,0.113,0.376,0.564
0.48,0.742,1.199,1.008,0.863,0.112,0.376,0.564
0.48,0.742,1.199,1.008,0.863,0.112,0.376,0.563
0.48,0.741,1.199,1.008,0.862,0.112,0.376,0.563
0.48,0.741,1.199,1.007,0.862,0.112,0.376,0.563
0.48,0.741,1.198,1.007,0.862,0.112,0.376,0.563
0.48,0.741,1.198,1.007,0.862,0.112,0.376,0.563
0.479,0.741,1.198,1.007,0.862,0.112,0.376,0.563
0.479,0.741,1.198,1.007,0.861,0.112,0.376,0.562
0.479,0.741,1.197,1.006,0.861,0.112,0.376,0.562
0.479,0.74,1.197,1.006,0.861,0.112,0.376,0.562
0.479,0.74,1.197,1.006,0.861,0.112,0.376,0.562
0.479,0.74,1.197,1.006,0.861,0.112,0.376,0.562
0.479,0.74,1.197,1.006,0.861,0.112,0.376,0.562
0.478,0.74,1.196,1.005,0.86,0.112,0.376,0.562
0.478,0.74,1.196,1.005,0.86,0.112,0.376,0.561
0.478,0.74,1.196,1.005,0.86,0.112,0.376,0.561
0.478,0.739,1.196,1.005,0.86,0.112,0.376,0.561
0.478,0.739,1.195,1.005,0.86,0.112,0.376,0.561
0.478,0.739,1.195,1.004,0.86,0.112,0.375,0.561
0.478,0.739,1.195,1.004,0.86,0.112,0.375,0.561
0.478,0.739,1.195,1.004,0.859,0.112,0.376,0.56
0.477,0.739,1.195,1.004,0.859,0.112,0.376,0.56
0.477,0.739,1.194,1.003,0.859,0.112,0.375,0.56
0.477,0.738,1.194,1.003,0.859,0.112,0.375,0.56
0.477,0.738,1.194,1.003,0.859,0.112,0.375,0.56
0.477,0.738,1.194,1.003,0.859,0.112,0.375,0.56
0.477,0.738,1.194,1.003,0.858,0.112,0.375,0.559
0.476,0.738,1.193,1.002,0.858,0.112,0.375,0.559
0.476,0.738,1.193,1.002,0.858,0.112,0.375,0.559
0.476,0.738,1.193,1.002,0.858,0.112,0.375,0.559
0.476,0.737,1.193,1.002,0.858,0.112,0.375,0.559
0.476,0.737,1.192,1.002,0.858,0.112,0.375,0.559
0.476,0.737,1.192,1.001,0.857,0.112,0.375,0.559
0.476,0.737,1.192,1.001,0.857,0.112,0.375,0.558
0.475,0.737,1.192,1.001,0.857,0.111,0.375,0.558
0.475,0.737,1.192,1.001,0.857,0.111,0.375,0.558
0.475,0.737,1.191,1.0,0.857,0.112,0.375,0.558
0.475,0.736,1.191,1.0,0.857,0.112,0.375,0.558
0.475,0.736,1.191,1.0,0.856,0.112,0.375,0.558
0.475,0.736,1.191,1.0,0.856,0.111,0.375,0.558
0.475,0.736,1.19,1.0,0.856,0.111,0.375,0.557
0.474,0.736,1.19,0.999,0.856,0.111,0.375,0.557
0.474,0.736,1.19,0.999,0.856,0.111,0.374,0.557
0.474,0.735,1.19,0.999,0.855,0.111,0.374,0.557
0.474,0.735,1.189,0.999,0.855,0.111,0.374,0.557
0.474,0.735,1.189,0.999,0.855,0.111,0.374,0.557
0.474,0.735,1.189,0.998,0.855,0.111,0.374,0.557
0.474,0.735,1.189,0.998,0.855,0.111,0.374,0.556
0.473,0.735,1.189,0.998,0.855,0.111,0.374,0.556
0.473,0.735,1.189,0.998,0.854,0.111,0.374,0.556
0.473,0.735,1.188,0.998,0.854,0.111,0.374,0.556
0.473,0.734,1.188,0.997,0.854,0.111,0.374,0.556
0.473,0.734,1.188,0.997,0.854,0.111,0.374,0.556
0.473,0.734,1.188,0.997,0.854,0.111,0.374,0.556
0.473,0.734,1.188,0.997,0.854,0.111,0.374,0.555
0.472,0.734,1.187,0.997,0.854,0.111,0.374,0.555
0.472,0.734,1.187,0.997,0.853,0.111,0.374,0.555
0.472,0.734,1.187,0.996,0.853,0.111,0.374,0.555
0.472,0.733,1.187,0.996,0.853,0.111,0.374,0.555
0.472,0.733,1.186,0.996,0.853,0.111,0.374,0.555
0.472,0.733,1.186,0.996,0.853,0.111,0.374,0.555
0.472,0.733,1.186,0.996,0.853,0.111,0.374,0.554
0.471,0.733,1.186,0.995,0.852,0.111,0.374,0.554
0.471,0.733,1.185,0.995,0.852,0.111,0.374,0.554
0.471,0.733,1.185,0.995,0.852,0.111,0.374,0.554
0.471,0.733,1.185,0.995,0.852,0.111,0.374,0.554
0.471,0.732,1.185,0.994,0.852,0.111,0.374,0.554
0.471,0.732,1.185,0.994,0.852,0.111,0.374,0.554
0.471,0.732,1.185,0.994,0.851,0.111,0.373,0.553
0.47,0.732,1.184,0.994,0.851,0.111,0.373,0.553
0.47,0.732,1.184,0.994,0.851,0.111,0.373,0.553
0.47,0.732,1.184,0.993,0.851,0.111,0.373,0.553
0.47,0.732,1.184,0.993,0.851,0.111,0.373,0.553
0.47,0.732,1.183,0.993,0.851,0.111,0.373,0.553
0.47,0.731,1.183,0.993,0.85,0.11,0.373,0.552
0.47,0.731,1.183,0.993,0.85,0.111,0.373,0.552
0.469,0.731,1.183,0.992,0.85,0.111,0.373,0.552
0.469,0.731,1.183,0.992,0.85,0.11,0.373,0.552
0.469,0.731,1.182,0.992,0.85,0.11,0.373,0.552
0.469,0.731,1.182,0.992,0.85,0.11,0.373,0.552
0.469,0.73,1.182,0.992,0.85,0.11,0.373,0.552
0.469,0.73,1.182,0.991,0.849,0.11,0.373,0.552
0.469,0.73,1.182,0.991,0.849,0.11,0.373,0.551
0.469,0.73,1.181,0.991,0.849,0.11,0.373,0.551
0.468,0.73,1.181,0.991,0.849,0.11,0.373,0.551
0.468,0.73,1.181,0.991,0.849,0.11,0.373,0.551
0.468,0.73,1.181,0.99,0.849,0.11,0.373,0.551
0.468,0.73,1.181,0.99,0.849,0.11,0.373,0.551
0.468,0.73,1.18,0.99,0.848,0.11,0.373,0.551
0.468,0.729,1.18,0.99,0.848,0.11,0.373,0.55
0.468,0.729,1.18,0.99,0.848,0.11,0.373,0.55
0.467,0.729,1.18,0.99,0.848,0.11,0.373,0.55
0.467,0.729,1.18,0.989,0.848,0.11,0.373,0.55
0.467,0.729,1.179,0.989,0.847,0.11,0.372,0.55
0.467,0.729,1.179,0.989,0.847,0.11,0.373,0.55
0.467,0.729,1.179,0.989,0.847,0.11,0.373,0.55
0.467,0.728,1.179,0.989,0.847,0.11,0.372,0.549
0.467,0.728,1.178,0.988,0.847,0.11,0.372,0.549
0.467,0.728,1.178,0.988,0.847,0.11,0.372,0.549
0.466,0.728,1.178,0.988,0.847,0.11,0.372,0.549
0.466,0.728,1.178,0.988,0.847,0.11,0.372,0.549
0.466,0.728,1.178,0.987,0.846,0.11,0.372,0.549
0.466,0.728,1.177,0.987,0.846,0.11,0.372,0.549
0.466,0.728,1.177,0.987,0.846,0.11,0.372,0.548
0.466,0.728,1.177,0.987,0.846,0.11,0.372,0.548
0.466,0.727,1.177,0.987,0.846,0.11,0.372,0.548
0.465,0.727,1.177,0.987,0.846,0.11,0.372,0.548
0.465,0.727,1.176,0.986,0.845,0.11,0.372,0.548
0.465,0.727,1.176,0.986,0.845,0.11,0.372,0.548
0.465,0.727,1.176,0.986,0.845,0.11,0.372,0.548
0.465,0.727,1.176,0.986,0.845,0.11,0.372,0.547
0.465,0.727,1.176,0.985,0.845,0.11,0.372,0.547
0.465,0.726,1.175,0.985,0.845,0.11,0.372,0.547
0.464,0.726,1.175,0.985,0.844,0.11,0.372,0.547
0.464,0.726,1.175,0.985,0.844,0.11,0.372,0.547
0.464,0.726,1.175,0.985,0.844,0.11,0.372,0.547
0.464,0.726,1.175,0.985,0.844,0.11,0.372,0.547
0.464,0.726,1.175,0.985,0.844,0.11,0.372,0.547
0.464,0.726,1.175,0.985,0.844,0.11,0.372,0.547
0.464,0.726,1.175,0.985,0.844,0.11,0.372,0.547
0.464,0.726,1.175,0.985,0.844,0.11,0.372,0.547
0.464,0.726,1.175,0.985,0.844,0.11,0.372,0.547
0.464,0.726,1.175,0.985,0.844,0.11,0.372,0.547
0.464,0.726,1.175,0.985,0.844,0.11,0.372,0.547
0.464,0.726,1.175,0.985,0.844,0.11,0.372,0.547
0.464,0.726,1.175,0.985,0.844,0.11,0.372,0.547
0.464,0.726,1.175,0.985,0.844,0.11,0.372,0.547
0.464,0.726,1.175,0.985,0.844,0.11,0.372,0.547
0.464,0.726,1.175,0.985,0.844,0.11,0.372,0.547
0.464,0.726,1.175,0.985,0.844,0.11,0.372,0.547
0.464,0.726,1.175,0.985,0.844,0.11,0.372,0.547
0.464,0.726,1.175,0.985,0.844,0.11,0.372,0.547
0.464,0.726,1.175,0.985,0.844,0.11,0.372,0.547
0.464,0.726,1.175,0.985,0.844,0.11,0.372,0.547
0.464,0.726,1.175,0.985,0.844,0.11,0.372,0.547
0.464,0.726,1.175,0.985,0.844,0.11,0.372,0.547
0.464,0.726,1.175,0.985,0.844,0.11,0.372,0.547
0.464,0.726,1.175,0.985,0.844,0.11,0.372,0.547
0.464,0.726,1.175,0.985,0.844,0.11,0.372,0.547
0.464,0.726,1.175,0.985,0.844,0.11,0.372,0.547
0.464,0.726,1.175,0.985,0.844,0.11,0.372,0.547
0.464,0.726,1.175,0.985,0.844,0.11,0.372,0.547
0.464,0.726,1.175,0.985,0.844,0.11,0.372,0.547
0.464,0.726,1.175,0.985,0.844,0.11,0.372,0.547
0.464,0.726,1.175,0.985,0.844,0.11,0.372,0.547
0.464,0.726,1.175,0.985,0.844,0.11,0.372,0.547
0.464,0.726,1.175,0.985,0.844,0.11,0.372,0.547
0.464,0.726,1.175,0.985,0.844,0.11,0.372,0.547
0.464,0.726,1.175,0.985,0.844,0.11,0.372,0.547
0.464,0.726,1.175,0.985,0.844,0.11,0.372,0.547
0.464,0.726,1.175,0.985,0.844,0.11,0.372,0.547
0.464,0.726,1.175,0.985,0.844,0.11,0.372,0.547
0.464,0.726,1.175,0.985,0.844,0.11,0.372,0.547
0.464,0.726,1.175,0.985,0.844,0.11,0.372,0.547
0.464,0.726,1.175,0.985,0.844,0.11,0.372,0.547
0.464,0.726,1.175,0.985,0.844,0.11,0.372,0.547
0.464,0.726,1.175,0.985,0.844,0.11,0.372,0.547
0.464,0.726,1.175,0.985,0.844,0.11,0.372,0.547
0.464,0.726,1.175,0.985,0.844,0.11,0.372,0.547
0.464,0.726,1.175,0.985,0.844,0.11,0.372,0.547
0.464,0.726,1.175,0.985,0.844,0.11,0.372,0.547
0.464,0.726,1.175,0.985,0.844,0.11,0.372,0.547
0.464,0.726,1.175,0.985,0.844,0.11,0.372,0.547
0.464,0.726,1.175,0.985,0.844,0.11,0.372,0.547
0.464,0.726,1.175,0.985,0.844,0.11,0.372,0.547
0.464,0.726,1.175,0.985,0.844,0.11,0.372,0.547
0.464,0.726,1.175,0.985,0.844,0.11,0.372,0.547
0.464,0.726,1.175,0.985,0.844,0.11,0.372,0.547
0.464,0.726,1.175,0.985,0.844,0.11,0.372,0.547
0.464,0.726,1.175,0.985,0.844,0.11,0.372,0.547
0.464,0.726,1.175,0.985,0.844,0.11,0.372,0.547
0.464,0.726,1.175,0.985,0.844,0.11,0.372,0.547
0.464,0.726,1.175,0.985,0.844,0.11,0.372,0.547
0.464,0.726,1.175,0.985,0.844,0.11,0.372,0.547
0.464,0.726,1.175,0.985,0.844,0.11,0.372,0.547
0.464,0.726,1.175,0.985,0.844,0.11,0.372,0.547
0.464,0.726,1.175,0.985,0.844,0.11,0.372,0.547
0.464,0.726,1.175,0.985,0.844,0.11,0.372,0.547
0.464,0.726,1.175,0.985,0.844,0.11,0.372,0.547
0.464,0.726,1.175,0.985,0.844,0.11,0.372,0.547
0.464,0.726,1.175,0.985,0.844,0.11,0.372,0.547
0.464,0.726,1.175,0.985,0.844,0.11,0.372,0.547
0.464,0.726,1.175,0.985,0.844,0.11,0.372,0.547
0.464,0.726,1.175,0.985,0.844,0.11,0.372,0.547
0.464,0.726,1.175,0.985,0.844,0.11,0.372,0.547
0.464,0.726,1.175,0.985,0.844,0.11,0.372,0.547
0.464,0.726,1.175,0.985,0.844,0.11,0.372,0.547
0.464,0.726,1.175,0.985,0.844,0.11,0.372,0.547
0.464,0.726,1.175,0.985,0.844,0.11,0.372,0.547
0.464,0.726,1.175,0.985,0.844,0.11,0.372,0.547
0.464,0.726,1.175,0.985,0.844,0.11,0.372,0.547
0.464,0.726,1.175,0.985,0.844,0.11,0.372,0.547
0.464,0.726,1.175,0.985,0.844,0.11,0.372,0.547
0.464,0.726,1.175,0.985,0.844,0.11,0.372,0.547
0.464,0.726,1.175,0.985,0.844,0.11,0.372,0.547
0.464,0.726,1.175,0.985,0.844,0.11,0.372,0.547
0.464,0.726,1.175,0.985,0.844,0.11,0.372,0.547
0.464,0.726,1.175,0.985,0.844,0.11,0.372,0.547
0.464,0.726,1.175,0.985,0.844,0.11,0.372,0.547
0.464,0.726,1.175,0.985,0.844,0.11,0.372,0.547
0.464,0.726,1.175,0.985,0.844,0.11,0.372,0.547
0.464,0.726,1.175,0.985,0.844,0.11,0.372,0.547
0.464,0.726,1.175,0.985,0.844,0.11,0.372,0.547
0.464,0.726,1.175,0.985,0.844,0.11,0.372,0.547
0.464,0.726,1.175,0.985,0.844,0.11,0.372,0.547
0.464,0.726,1.175,0.985,0.844,0.11,0.372,0.547
0.464,0.726,1.175,0.985,0.844,0.11,0.372,0.547
0.464,0.726,1.175,0.985,0.844,0.11,0.372,0.547
0.464,0.726,1.175,0.985,0.844,0.11,0.372,0.547
0.464,0.726,1.175,0.985,0.844,0.11,0.372,0.547
0.464,0.726,1.175,0.985,0.844,0.11,0.372,0.547
0.464,0.726,1.175,0.985,0.844,0.11,0.372,0.547
0.464,0.726,1.175,0.985,0.844,0.11,0.372,0.547
0.464,0.726,1.175,0.985,0.844,0.11,0.372,0.547
0.464,0.726,1.175,0.985,0.844,0.11,0.372,0.547
0.464,0.726,1.175,0.985,0.844,0.11,0.372,0.547
0.464,0.726,1.175,0.985,0.844,0.11,0.372,0.547
0.464,0.726,1.175,0.985,0.844,0.11,0.372,0.547
0.464,0.726,1.175,0.985,0.844,0.11,0.372,0.547
0.464,0.726,1.175,0.985,0.844,0.11,0.372,0.547
0.464,0.726,1.175,0.985,0.844,0.11,0.372,0.547
0.464,0.726,1.175,0.985,0.844,0.11,0.372,0.547
0.464,0.726,1.175,0.985,0.844,0.11,0.372,0.547
0.464,0.726,1.175,0.985,0.844,0.11,0.372,0.547
0.464,0.726,1.175,0.985,0.844,0.11,0.372,0.547
0.464,0.726,1.175,0.985,0.844,0.11,0.372,0.547
0.464,0.726,1.175,0.985,0.844,0.11,0.372,0.547
0.464,0.726,1.175,0.985,0.844,0.11,0.372,0.547
0.464,0.726,1.175,0.985,0.844,0.11,0.372,0.547
0.464,0.726,1.175,0.985,0.844,0.11,0.372,0.547
0.464,0.726,1.175,0.985,0.844,0.11,0.372,0.547
0.464,0.726,1.175,0.985,0.844,0.11,0.372,0.547
0.464,0.726,1.175,0.985,0.844,0.11,0.372,0.547
0.464,0.726,1.175,0.985,0.844,0.11,0.372,0.547
0.464,0.726,1.175,0.985,0.844,0.11,0.372,0.547
0.464,0.726,1.175,0.985,0.844,0.11,0.372,0.547
0.464,0.726,1.175,0.985,0.844,0.11,0.372,0.547
0.464,0.726,1.175,0.985,0.844,0.11,0.372,0.547
0.464,0.726,1.175,0.985,0.844,0.11,0.372,0.547
0.464,0.726,1.175,0.985,0.844,0.11,0.372,0.547
0.464,0.726,1.175,0.985,0.844,0.11,0.372,0.547
0.464,0.726,1.175,0.985,0.844,0.11,0.372,0.547
0.464,0.726,1.175,0.985,0.844,0.11,0.372,0.547
0.464,0.726,1.175,0.985,0.844,0.11,0.372,0.547
0.464,0.726,1.175,0.985,0.844,0.11,0.372,0.547
0.464,0.726,1.175,0.985,0.844,0.11,0.372,0.547
0.464,0.726,1.175,0.985,0.844,0.11,0.372,0.547
0.464,0.726,1.175,0.985,0.844,0.11,0.372,0.547
0.464,0.726,1.175,0.985,0.844,0.11,0.372,0.547
0.464,0.726,1.175,0.985,0.844,0.11,0.372,0.547
0.464,0.726,1.175,0.985,0.844,0.11,0.372,0.547
0.464,0.726,1.175,0.985,0.844,0.11,0.372,0.547
0.464,0.726,1.175,0.985,0.844,0.11,0.372,0.547
0.464,0.726,1.175,0.985,0.844,0.11,0.372,0.547
0.464,0.726,1.175,0.985,0.844,0.11,0.372,0.547
0.464,0.726,1.175,0.985,0.844,0.11,0.372,0.547
0.464,0.726,1.175,0.985,0.844,0.11,0.372,0.547
0.464,0.726,1.175,0.985,0.844,0.11,0.372,0.547
0.464,0.726,1.175,0.985,0.844,0.11,0.372,0.547
0.464,0.726,1.175,0.985,0.844,0.11,0.372,0.547
0.464,0.726,1.175,0.985,0.844,0.11,0.372,0.547
0.464,0.726,1.175,0.985,0.844,0.11,0.372,0.547
0.464,0.726,1.175,0.985,0.844,0.11,0.372,0.547
0.464,0.726,1.175,0.985,0.844,0.11,0.372,0.547
0.464,0.726,1.175,0.985,0.844,0.11,0.372,0.547
0.464,0.726,1.175,0.985,0.844,0.11,0.372,0.547
0.464,0.726,1.175,0.985,0.844,0.11,0.372,0.547
0.464,0.726,1.175,0.985,0.844,0.11,0.372,0.547
0.464,0.726,1.175,0.985,0.844,0.11,0.372,0.547
0.464,0.726,1.175,0.985,0.844,0.11,0.372,0.547
0.464,0.726,1.175,0.985,0.844,0.11,0.372,0.547
0.464,0.726,1.175,0.985,0.844,0.11,0.372,0.547
0.464,0.726,1.175,0.985,0.844,0.11,0.372,0.547
0.464,0.726,1.175,0.985,0.844,0.11,0.372,0.547
0.464,0.726,1.175,0.985,0.844,0.11,0.372,0.547
0.464,0.726,1.175,0.985,0.844,0.11,0.372,0.547
0.464,0.726,1.175,0.985,0.844,0.11,0.372,0.547
0.464,0.726,1.175,0.985,0.844,0.11,0.372,0.547
0.464,0.726,1.175,0.985,0.844,0.11,0.372,0.547
0.464,0.726,1.175,0.985,0.844,0.11,0.372,0.547
0.464,0.726,1.175,0.985,0.844,0.11,0.372,0.547
0.464,0.726,1.175,0.985,0.844,0.11,0.372,0.547
0.464,0.726,1.175,0.985,0.844,0.11,0.372,0.547
0.464,0.726,1.175,0.985,0.844,0.11,0.372,0.547
0.464,0.726,1.175,0.985,0.844,0.11,0.372,0.547
0.464,0.726,1.175,0.985,0.844,0.11,0.372,0.547
0.464,0.726,1.175,0.985,0.844,0.11,0.372,0.547
0.464,0.726,1.175,0.985,0.844,0.11,0.372,0.547
0.464,0.726,1.175,0.985,0.844,0.11,0.372,0.547
0.464,0.726,1.175,0.985,0.844,0.11,0.372,0.547
0.464,0.726,1.175,0.985,0.844,0.11,0.372,0.547
0.464,0.726,1.175,0.985,0.844,0.11,0.372,0.547
0.464,0.726,1.175,0.985,0.844,0.11,0.372,0.547
0.464,0.726,1.175,0.985,0.844,0.11,0.372,0.547
0.464,0.726,1.175,0.985,0.844,0.11,0.372,0.547
0.464,0.726,1.175,0.985,0.844,0.11,0.372,0.547
0.464,0.726,1.175,0.985,0.844,0.11,0.372,0.547
0.464,0.726,1.175,0.985,0.844,0.11,0.372,0.547
0.464,0.726,1.175,0.985,0.844,0.11,0.372,0.547
0.464,0.726,1.175,0.985,0.844,0.11,0.372,0.547
0.464,0.726,1.175,0.985,0.844,0.11,0.372,0.547
0.464,0.726,1.175,0.985,0.844,0.11,0.372,0.547
0.464,0.726,1.175,0.985,0.844,0.11,0.372,0.547
0.464,0.726,1.175,0.985,0.844,0.11,0.372,0.547
0.464,0.726,1.175,0.985,0.844,0.11,0.372,0.547
0.464,0.726,1.175,0.985,0.844,0.11,0.372,0.547
0.464,0.726,1.175,0.985,0.844,0.11,0.372,0.547
0.464,0.726,1.175,0.985,0.844,0.11,0.372,0.547
0.464,0.726,1.175,0.985,0.844,0.11,0.372,0.547
0.464,0.726,1.175,0.985,0.844,0.11,0.372,0.547
0.464,0.726,1.175,0.985,0.844,0.11,0.372,0.547
0.464,0.726,1.175,0.985,0.844,0.11,0.372,0.547
0.464,0.726,1.175,0.985,0.844,0.11,0.372,0.547
0.464,0.726,1.175,0.985,0.844,0.11,0.372,0.547
0.464,0.726,1.175,0.985,0.844,0.11,0.372,0.547
0.464,0.726,1.175,0.985,0.844,0.11,0.372,0.547
0.464,0.726,1.175,0.985,0.844,0.11,0.372,0.547
0.464,0.726,1.175,0.985,0.844,0.11,0.372,0.547
0.464,0.726,1.175,0.985,0.844,0.11,0.372,0.547
0.464,0.726,1.175,0.985,0.844,0.11,0.372,0.547
0.464,0.726,1.175,0.985,0.844,0.11,0.372,0.547
0.464,0.726,1.175,0.985,0.844,0.11,0.372,0.547
0.464,0.726,1.175,0.985,0.844,0.11,0.372,0.547
0.464,0.726,1.175,0.985,0.844,0.11,0.372,0.547
0.464,0.726,1.175,0.985,0.844,0.11,0.372,0.547
0.464,0.726,1.175,0.985,0.844,0.11,0.372,0.547
0.464,0.726,1.175,0.985,0.844,0.11,0.372,0.547
0.464,0.726,1.175,0.985,0.844,0.11,0.372,0.547
0.464,0.726,1.175,0.985,0.844,0.11,0.372,0.547
0.464,0.726,1.175,0.985,0.844,0.11,0.372,0.547
0.464,0.726,1.175,0.985,0.844,0.11,0.372,0.547
0.464,0.726,1.175,0.985,0.844,0.11,0.372,0.547
0.464,0.726,1.175,0.985,0.844,0.11,0.372,0.547
0.464,0.726,1.175,0.985,0.844,0.11,0.372,0.547
0.464,0.726,1.175,0.985,0.844,0.11,0.372,0.547
0.464,0.726,1.175,0.985,0.844,0.11,0.372,0.547
0.464,0.726,1.175,0.985,0.844,0.11,0.372,0.547
0.464,0.726,1.175,0.985,0.844,0.11,0.372,0.547
0.464,0.726,1.175,0.985,0.844,0.11,0.372,0.547
0.464,0.726,1.175,0.985,0.844,0.11,0.372,0.547
0.464,0.726,1.175,0.985,0.844,0.11,0.372,0.547
0.464,0.726,1.175,0.985,0.844,0.11,0.372,0.547
0.464,0.726,1.175,0.985,0.844,0.11,0.372,0.547
0.464,0.726,1.175,0.985,0.844,0.11,0.372,0.547
0.464,0.726,1.175,0.985,0.844,0.11,0.372,0.547
0.464,0.726,1.175,0.985,0.844,0.11,0.372,0.547
0.464,0.726,1.175,0.985,0.844,0.11,0.372,0.547
0.464,0.726,1.175,0.985,0.844,0.11,0.372,0.547
0.464,0.726,1.175,0.985,0.844,0.11,0.372,0.547
0.464,0.726,1.175,0.985,0.844,0.11,0.372,0.547
0.464,0.726,1.175,0.985,0.844,0.11,0.372,0.547
0.464,0.726,1.175,0.985,0.844,0.11,0.372,0.547
0.464,0.726,1.175,0.985,0.844,0.11,0.372,0.547
0.464,0.726,1.175,0.985,0.844,0.11,0.372,0.547
0.464,0.726,1.175,0.985,0.844,0.11,0.372,0.547
0.464,0.726,1.175,0.985,0.844,0.11,0.372,0.547
0.464,0.726,1.175,0.985,0.844,0.11,0.372,0.547
0.464,0.726,1.175,0.985,0.844,0.11,0.372,0.547
0.464,0.726,1.175,0.985,0.844,0.11,0.372,0.547
0.464,0.726,1.175,0.985,0.844,0.11,0.372,0.547
0.464,0.726,1.175,0.985,0.844,0.11,0.372,0.547
0.464,0.726,1.175,0.985,0.844,0.11,0.372,0.547
0.464,0.726,1.175,0.985,0.844,0.11,0.372,0.547
0.464,0.726,1.175,0.985,0.844,0.11,0.372,0.547
0.464,0.726,1.175,0.985,0.844,0.11,0.372,0.547
0.464,0.726,1.175,0.985,0.844,0.11,0.372,0.547
0.464,0.726,1.175,0.985,0.844,0.11,0.372,0.547
0.464,0.726,1.175,0.985,0.844,0.11,0.372,0.547
0.464,0.726,1.175,0.985,0.844,0.11,0.372,0.547
0.464,0.726,1.175,0.985,0.844,0.11,0.372,0.547
0.464,0.726,1.175,0.985,0.844,0.11,0.372,0.547
0.464,0.726,1.175,0.985,0.844,0.11,0.372,0.547
0.464,0.726,1.175,0.985,0.844,0.11,0.372,0.547
0.464,0.726,1.175,0.985,0.844,0.11,0.372,0.547
0.464,0.726,1.175,0.985,0.844,0.11,0.372,0.547
0.464,0.726,1.175,0.985,0.844,0.11,0.372,0.547
0.464,0.726,1.175,0.985,0.844,0.11,0.372,0.547
0.464,0.726,1.175,0.985,0.844,0.11,0.372,0.547
0.464,0.726,1.175,0.985,0.844,0.11,0.372,0.547
0.464,0.726,1.175,0.985,0.844,0.11,0.372,0.547
0.464,0.726,1.175,0.985,0.844,0.11,0.372,0.547
0.464,0.726,1.175,0.985,0.844,0.11,0.372,0.547
0.464,0.726,1.175,0.985,0.844,0.11,0.372,0.547
0.464,0.726,1.175,0.985,0.844,0.11,0.372,0.547
0.464,0.726,1.175,0.985,0.844,0.11,0.372,0.547
0.464,0.726,1.175,0.985,0.844,0.11,0.372,0.547
0.464,0.726,1.175,0.985,0.844,0.11,0.372,0.547
0.464,0.726,1.175,0.985,0.844,0.11,0.372,0.547
0.464,0.726,1.175,0.985,0.844,0.11,0.372,0.547
0.464,0.726,1.175,0.985,0.844,0.11,0.372,0.547
0.464,0.726,1.175,0.985,0.844,0.11,0.372,0.547
0.464,0.726,1.175,0.985,0.844,0.11,0.372,0.547
0.464,0.726,1.175,0.985,0.844,0.11,0.372,0.547
0.464,0.726,1.175,0.985,0.844,0.11,0.372,0.547
0.464,0.726,1.175,0.985,0.844,0.11,0.372,0.547
0.464,0.726,1.175,0.985,0.844,0.11,0.372,0.547
0.464,0.726,1.175,0.985,0.844,0.11,0.372,0.547
0.464,0.726,1.175,0.985,0.844,0.11,0.372,0.547
0.464,0.726,1.175,0.985,0.844,0.11,0.372,0.547
0.464,0.726,1.175,0.985,0.844,0.11,0.372,0.547
0.464,0.726,1.175,0.985,0.844,0.11,0.372,0.547
0.464,0.726,1.175,0.985,0.844,0.11,0.372,0.547
0.464,0.726,1.175,0.985,0.844,0.11,0.372,0.547
0.464,0.726,1.175,0.985,0.844,0.11,0.372,0.547
0.464,0.726,1.175,0.985,0.844,0.11,0.372,0.547
0.464,0.726,1.175,0.985,0.844,0.11,0.372,0.547
0.464,0.726,1.175,0.985,0.844,0.11,0.372,0.547
0.464,0.726,1.175,0.985,0.844,0.11,0.372,0.547
0.464,0.726,1.175,0.985,0.844,0.11,0.372,0.547
0.464,0.726,1.175,0.985,0.844,0.11,0.372,0.547
0.464,0.726,1.175,0.985,0.844,0.11,0.372,0.547
0.464,0.726,1.175,0.985,0.844,0.11,0.372,0.547
0.464,0.726,1.175,0.985,0.844,0.11,0.372,0.547
0.464,0.726,1.175,0.985,0.844,0.11,0.372,0.547
0.464,0.726,1.175,0.985,0.844,0.11,0.372,0.547
0.464,0.726,1.175,0.985,0.844,0.11,0.372,0.547
0.464,0.726,1.175,0.985,0.844,0.11,0.372,0.547
0.464,0.726,1.175,0.985,0.844,0.11,0.372,0.547
0.464,0.726,1.175,0.985,0.844,0.11,0.372,0.547
0.464,0.726,1.175,0.985,0.844,0.11,0.372,0.547
0.464,0.726,1.175,0.985,0.844,0.11,0.372,0.547
0.464,0.726,1.175,0.985,0.844,0.11,0.372,0.547
0.464,0.726,1.175,0.985,0.844,0.11,0.372,0.547
0.464,0.726,1.175,0.985,0.844,0.11,0.372,0.547
0.464,0.726,1.175,0.985,0.844,0.11,0.372,0.547
0.464,0.726,1.175,0.985,0.844,0.11,0.372,0.547
0.464,0.726,1.175,0.985,0.844,0.11,0.372,0.547
0.464,0.726,1.175,0.985,0.844,0.11,0.372,0.547
0.464,0.726,1.175,0.985,0.844,0.11,0.372,0.547
0.464,0.726,1.175,0.985,0.844,0.11,0.372,0.547
0.464,0.726,1.175,0.985,0.844,0.11,0.372,0.547
0.464,0.726,1.175,0.985,0.844,0.11,0.372,0.547
0.464,0.726,1.175,0.985,0.844,0.11,0.372,0.547
0.464,0.726,1.175,0.985,0.844,0.11,0.372,0.547
0.464,0.726,1.175,0.985,0.844,0.11,0.372,0.547
0.464,0.726,1.175,0.985,0.844,0.11,0.372,0.547
0.464,0.726,1.175,0.985,0.844,0.11,0.372,0.547
0.464,0.726,1.175,0.985,0.844,0.11,0.372,0.547
0.464,0.726,1.175,0.985,0.844,0.11,0.372,0.547
0.464,0.726,1.175,0.985,0.844,0.11,0.372,0.547
0.464,0.726,1.175,0.985,0.844,0.11,0.372,0.547
0.464,0.726,1.175,0.985,0.844,0.11,0.372,0.547
0.464,0.726,1.175,0.985,0.844,0.11,0.372,0.547
0.464,0.726,1.175,0.985,0.844,0.11,0.372,0.547
0.464,0.726,1.175,0.985,0.844,0.11,0.372,0.547
0.464,0.726,1.175,0.985,0.844,0.11,0.372,0.547
0.464,0.726,1.175,0.985,0.844,0.11,0.372,0.547
0.464,0.726,1.175,0.985,0.844,0.11,0.372,0.547
0.464,0.726,1.175,0.985,0.844,0.11,0.372,0.547
0.464,0.726,1.175,0.985,0.844,0.11,0.372,0.547
0.464,0.726,1.175,0.985,0.844,0.11,0.372,0.547
0.464,0.726,1.175,0.985,0.844,0.11,0.372,0.547
0.464,0.726,1.175,0.985,0.844,0.11,0.372,0.547
0.464,0.726,1.175,0.985,0.844,0.11,0.372,0.547
0.464,0.726,1.175,0.985,0.844,0.11,0.372,0.547
0.464,0.726,1.175,0.985,0.844,0.11,0.372,0.547
0.464,0.726,1.175,0.985,0.844,0.11,0.372,0.547
0.464,0.726,1.175,0.985,0.844,0.11,0.372,0.547
0.464,0.726,1.175,0.985,0.844,0.11,0.372,0.547
0.464,0.726,1.175,0.985,0.844,0.11,0.372,0.547
0.464,0.726,1.175,0.985,0.844,0.11,0.372,0.547
0.464,0.726,1.175,0.985,0.844,0.11,0.372,0.547
0.464,0.726,1.175,0.985,0.844,0.11,0.372,0.547
0.464,0.726,1.175,0.985,0.844,0.11,0.372,0.547
0.464,0.726,1.175,0.985,0.844,0.11,0.372,0.547
0.464,0.726,1.175,0.985,0.844,0.11,0.372,0.547
0.464,0.726,1.175,0.985,0.844,0.11,0.372,0.547
0.464,0.726,1.175,0.985,0.844,0.11,0.372,0.547
0.464,0.726,1.175,0.985,0.844,0.11,0.372,0.547
0.464,0.726,1.175,0.985,0.844,0.11,0.372,0.547
0.464,0.726,1.175,0.985,0.844,0.11,0.372,0.547
0.464,0.726,1.175,0.985,0.844,0.11,0.372,0.547
0.464,0.726,1.175,0.985,0.844,0.11,0.372,0.547
0.464,0.726,1.175,0.985,0.844,0.11,0.372,0.547
0.464,0.726,1.175,0.985,0.844,0.11,0.372,0.547
0.464,0.726,1.175,0.985,0.844,0.11,0.372,0.547
0.464,0.726,1.175,0.985,0.844,0.11,0.372,0.547
0.464,0.726,1.175,0.985,0.844,0.11,0.372,0.547
0.464,0.726,1.175,0.985,0.844,0.11,0.372,0.547
0.464,0.726,1.175,0.985,0.844,0.11,0.372,0.547
0.464,0.726,1.175,0.985,0.844,0.11,0.372,0.547
0.464,0.726,1.175,0.985,0.844,0.11,0.372,0.547
0.464,0.726,1.175,0.985,0.844,0.11,0.372,0.547
0.464,0.726,1.175,0.985,0.844,0.11,0.372,0.547
0.464,0.726,1.175,0.985,0.844,0.11,0.372,0.547
0.464,0.726,1.175,0.985,0.844,0.11,0.372,0.547
0.464,0.726,1.175,0.985,0.844,0.11,0.372,0.547
0.464,0.726,1.175,0.985,0.844,0.11,0.372,0.547
0.464,0.726,1.175,0.985,0.844,0.11,0.372,0.547
0.464,0.726,1.175,0.985,0.844,0.11,0.372,0.547
0.464,0.726,1.175,0.985,0.844,0.11,0.372,0.547
0.464,0.726,1.175,0.985,0.844,0.11,0.372,0.547
0.464,0.726,1.175,0.985,0.844,0.11,0.372,0.547
0.464,0.726,1.175,0.985,0.844,0.11,0.372,0.547
0.464,0.726,1.175,0.985,0.844,0.11,0.372,0.547
0.464,0.726,1.175,0.985,0.844,0.11,0.372,0.547
0.464,0.726,1.175,0.985,0.844,0.11,0.372,0.547
0.464,0.726,1.175,0.985,0.844,0.11,0.372,0.547
0.464,0.726,1.175,0.985,0.844,0.11,0.372,0.547
0.464,0.726,1.175,0.985,0.844,0.11,0.372,0.547
0.464,0.726,1.175,0.985,0.844,0.11,0.372,0.547
0.464,0.726,1.175,0.985,0.844,0.11,0.372,0.547
0.464,0.726,1.175,0.985,0.844,0.11,0.372,0.547
0.464,0.726,1.175,0.985,0.844,0.11,0.372,0.547
0.464,0.726,1.175,0.985,0.844,0.11,0.372,0.547
0.464,0.726,1.175,0.985,0.844,0.11,0.372,0.547
0.464,0.726,1.175,0.985,0.844,0.11,0.372,0.547
0.464,0.726,1.175,0.985,0.844,0.11,0.372,0.547
0.464,0.726,1.175,0.985,0.844,0.11,0.372,0.547
0.464,0.726,1.175,0.985,0.844,0.11,0.372,0.547
0.464,0.726,1.175,0.985,0.844,0.11,0.372,0.547
0.464,0.726,1.175,0.985,0.844,0.11,0.372,0.547
0.464,0.726,1.175,0.985,0.844,0.11,0.372,0.547
0.464,0.726,1.175,0.985,0.844,0.11,0.372,0.547
0.464,0.726,1.175,0.985,0.844,0.11,0.372,0.547
0.464,0.726,1.175,0.985,0.844,0.11,0.372,0.547
0.464,0.726,1.175,0.985,0.844,0.11,0.372,0.547
0.464,0.726,1.175,0.985,0.844,0.11,0.372,0.547
0.464,0.726,1.175,0.985,0.844,0.11,0.372,0.547
0.464,0.726,1.175,0.985,0.844,0.11,0.372,0.547
0.464,0.726,1.175,0.985,0.844,0.11,0.372,0.547
0.464,0.726,1.175,0.985,0.844,0.11,0.372,0.547
0.464,0.726,1.175,0.985,0.844,0.11,0.372,0.547
0.464,0.726,1.175,0.985,0.844,0.11,0.372,0.547
0.464,0.726,1.175,0.985,0.844,0.11,0.372,0.547
0.464,0.726,1.175,0.985,0.844,0.11,0.372,0.547
0.464,0.726,1.175,0.985,0.844,0.11,0.372,0.547
0.464,0.726,1.175,0.985,0.844,0.11,0.372,0.547
0.464,0.726,1.175,0.985,0.844,0.11,0.372,0.547
0.464,0.726,1.175,0.985,0.844,0.11,0.372,0.547
0.464,0.726,1.175,0.985,0.844,0.11,0.372,0.547
0.464,0.726,1.175,0.985,0.844,0.11,0.372,0.547
0.464,0.726,1.175,0.985,0.844,0.11,0.372,0.547
0.464,0.726,1.175,0.985,0.844,0.11,0.372,0.547
0.464,0.726,1.175,0.985,0.844,0.11,0.372,0.547
0.464,0.726,1.175,0.985,0.844,0.11,0.372,0.547
0.464,0.726,1.175,0.985,0.844,0.11,0.372,0.547
0.464,0.726,1.175,0.985,0.844,0.11,0.372,0.547
0.464,0.726,1.175,0.985,0.844,0.11,0.372,0.547
0.464,0.726,1.175,0.985,0.844,0.11,0.372,0.547
0.464,0.726,1.175,0.985,0.844,0.11,0.372,0.547
0.464,0.726,1.175,0.985,0.844,0.11,0.372,0.547
0.464,0.726,1.175,0.985,0.844,0.11,0.372,0.547
0.464,0.726,1.175,0.985,0.844,0.11,0.372,0.547
0.464,0.726,1.175,0.985,0.844,0.11,0.372,0.547
0.464,0.726,1.175,0.985,0.844,0.11,0.372,0.547
0.464,0.726,1.175,0.985,0.844,0.11,0.372,0.547
0.464,0.726,1.175,0.985,0.844,0.11,0.372,0.547
0.464,0.726,1.175,0.985,0.844,0.11,0.372,0.547
0.464,0.726,1.175,0.985,0.844,0.11,0.372,0.547
0.464,0.726,1.175,0.985,0.844,0.11,0.372,0.547
0.464,0.726,1.175,0.985,0.844,0.11,0.372,0.547
0.464,0.726,1.175,0.985,0.844,0.11,0.372,0.547
0.464,0.726,1.175,0.985,0.844,0.11,0.372,0.547
0.464,0.726,1.175,0.985,0.844,0.11,0.372,0.547
0.464,0.726,1.175,0.985,0.844,0.11,0.372,0.547
0.464,0.726,1.175,0.985,0.844,0.11,0.372,0.547
0.464,0.726,1.175,0.985,0.844,0.11,0.372,0.547
0.464,0.726,1.175,0.985,0.844,0.11,0.372,0.547
0.464,0.726,1.175,0.985,0.844,0.11,0.372,0.547
0.464,0.726,1.175,0.985,0.844,0.11,0.372,0.547
0.464,0.726,1.175,0.985,0.844,0.11,0.372,0.547
0.464,0.726,1.175,0.985,0.844,0.11,0.372,0.547
0.464,0.726,1.175,0.985,0.844,0.11,0.372,0.547
0.464,0.726,1.175,0.985,0.844,0.11,0.372,0.547
0.464,0.726,1.175,0.985,0.844,0.11,0.372,0.547
0.464,0.726,1.175,0.985,0.844,0.11,0.372,0.547
0.464,0.726,1.175,0.985,0.844,0.11,0.372,0.547
0.464,0.726,1.175,0.985,0.844,0.11,0.372,0.547
0.464,0.726,1.175,0.985,0.844,0.11,0.372,0.547
0.464,0.726,1.175,0.985,0.844,0.11,0.372,0.547
0.464,0.726,1.175,0.985,0.844,0.11,0.372,0.547
0.464,0.726,1.175,0.985,0.844,0.11,0.372,0.547
0.464,0.726,1.175,0.985,0.844,0.11,0.372,0.547
0.464,0.726,1.175,0.985,0.844,0.11,0.372,0.547
0.464,0.726,1.175,0.985,0.844,0.11,0.372,0.547
0.464,0.726,1.175,0.985,0.844,0.11,0.372,0.547
0.464,0.726,1.175,0.985,0.844,0.11,0.372,0.547
0.464,0.726,1.175,0.985,0.844,0.11,0.372,0.547
0.464,0.726,1.175,0.985,0.844,0.11,0.372,0.547
0.464,0.726,1.175,0.985,0.844,0.11,0.372,0.547
0.464,0.726,1.175,0.985,0.844,0.11,0.372,0.547
0.464,0.726,1.175,0.985,0.844,0.11,0.372,0.547
0.464,0.726,1.175,0.985,0.844,0.11,0.372,0.547
0.464,0.726,1.175,0.985,0.844,0.11,0.372,0.547
0.464,0.726,1.175,0.985,0.844,0.11,0.372,0.547
0.464,0.726,1.175,0.985,0.844,0.11,0.372,0.547
0.464,0.726,1.175,0.985,0.844,0.11,0.372,0.547
0.464,0.726,1.175,0.985,0.844,0.11,0.372,0.547
0.464,0.726,1.175,0.985,0.844,0.11,0.372,0.547
0.464,0.726,1.175,0.985,0.844,0.11,0.372,0.547
0.464,0.726,1.175,0.985,0.844,0.11,0.372,0.547
0.464,0.726,1.175,0.985,0.844,0.11,0.372,0.547
0.464,0.726,1.175,0.985,0.844,0.11,0.372,0.547
0.464,0.726,1.175,0.985,0.844,0.11,0.372,0.547
0.464,0.726,1.175,0.985,0.844,0.11,0.372,0.547
0.464,0.726,1.175,0.985,0.844,0.11,0.372,0.547
0.464,0.726,1.175,0.985,0.844,0.11,0.372,0.547
0.464,0.726,1.175,0.985,0.844,0.11,0.372,0.547
0.464,0.726,1.175,0.985,0.844,0.11,0.372,0.547
0.464,0.726,1.175,0.985,0.844,0.11,0.372,0.547
0.464,0.726,1.175,0.985,0.844,0.11,0.372,0.547
0.464,0.726,1.175,0.985,0.844,0.11,0.372,0.547
0.464,0.726,1.175,0.985,0.844,0.11,0.372,0.547
0.464,0.726,1.175,0.985,0.844,0.11,0.372,0.547
0.464,0.726,1.175,0.985,0.844,0.11,0.372,0.547
0.464,0.726,1.175,0.985,0.844,0.11,0.372,0.547
0.464,0.726,1.175,0.985,0.844,0.11,0.372,0.547
0.464,0.726,1.175,0.985,0.844,0.11,0.372,0.547
0.464,0.726,1.175,0.985,0.844,0.11,0.372,0.547
0.464,0.726,1.175,0.985,0.844,0.11,0.372,0.547
0.464,0.726,1.175,0.985,0.844,0.11,0.372,0.547
0.464,0.726,1.175,0.985,0.844,0.11,0.372,0.547
0.464,0.726,1.175,0.985,0.844,0.11,0.372,0.547
0.464,0.726,1.175,0.985,0.844,0.11,0.372,0.547
0.464,0.726,1.175,0.985,0.844,0.11,0.372,0.547
0.464,0.726,1.175,0.985,0.844,0.11,0.372,0.547
0.464,0.726,1.175,0.985,0.844,0.11,0.372,0.547
0.464,0.726,1.175,0.985,0.844,0.11,0.372,0.547
0.464,0.726,1.175,0.985,0.844,0.11,0.372,0.547
0.464,0.726,1.175,0.985,0.844,0.11,0.372,0.547
0.464,0.726,1.175,0.985,0.844,0.11,0.372,0.547
0.464,0.726,1.175,0.985,0.844,0.11,0.372,0.547
0.464,0.726,1.175,0.985,0.844,0.11,0.372,0.547
0.464,0.726,1.175,0.985,0.844,0.11,0.372,0.547
0.464,0.726,1.175,0.985,0.844,0.11,0.372,0.547
0.464,0.726,1.175,0.985,0.844,0.11,0.372,0.547
0.464,0.726,1.175,0.985,0.844,0.11,0.372,0.547
0.464,0.726,1.175,0.985,0.844,0.11,0.372,0.547
0.464,0.726,1.175,0.985,0.844,0.11,0.372,0.547
0.464,0.726,1.175,0.985,0.844,0.11,0.372,0.547
0.464,0.726,1.175,0.985,0.844,0.11,0.372,0.547
0.464,0.726,1.175,0.985,0.844,0.11,0.372,0.547
0.464,0.726,1.175,0.985,0.844,0.11,0.372,0.547
0.464,0.726,1.175,0.985,0.844,0.11,0.372,0.547
0.464,0.726,1.175,0.985,0.844,0.11,0.372,0.547
0.464,0.726,1.175,0.985,0.844,0.11,0.372,0.547
0.464,0.726,1.175,0.985,0.844,0.11,0.372,0.547
0.464,0.726,1.175,0.985,0.844,0.11,0.372,0.547
0.464,0.726,1.175,0.985,0.844,0.11,0.372,0.547
0.464,0.726,1.175,0.985,0.844,0.11,0.372,0.547
0.464,0.726,1.175,0.985,0.844,0.11,0.372,0.547
0.464,0.726,1.175,0.985,0.844,0.11,0.372,0.547
0.464,0.726,1.175,0.985,0.844,0.11,0.372,0.547
0.464,0.726,1.175,0.985,0.844,0.11,0.372,0.547
0.464,0.726,1.175,0.985,0.844,0.11,0.372,0.547
0.464,0.726,1.175,0.985,0.844,0.11,0.372,0.547
0.464,0.726,1.175,0.985,0.844,0.11,0.372,0.547
0.464,0.726,1.175,0.985,0.844,0.11,0.372,0.547
0.464,0.726,1.175,0.985,0.844,0.11,0.372,0.547
0.464,0.726,1.175,0.985,0.844,0.11,0.372,0.547
0.464,0.726,1.175,0.985,0.844,0.11,0.372,0.547
0.464,0.726,1.175,0.985,0.844,0.11,0.372,0.547
0.464,0.726,1.175,0.985,0.844,0.11,0.372,0.547
0.464,0.726,1.175,0.985,0.844,0.11,0.372,0.547
0.464,0.726,1.175,0.985,0.844,0.11,0.372,0.547
0.464,0.726,1.175,0.985,0.844,0.11,0.372,0.547
0.464,0.726,1.175,0.985,0.844,0.11,0.372,0.547
0.464,0.726,1.175,0.985,0.844,0.11,0.372,0.547
0.464,0.726,1.175,0.985,0.844,0.11,0.372,0.547
0.464,0.726,1.175,0.985,0.844,0.11,0.372,0.547
0.464,0.726,1.175,0.985,0.844,0.11,0.372,0.547
0.464,0.726,1.175,0.985,0.844,0.11,0.372,0.547
0.464,0.726,1.175,0.985,0.844,0.11,0.372,0.547
0.464,0.726,1.175,0.985,0.844,0.11,0.372,0.547
0.464,0.726,1.175,0.985,0.844,0.11,0.372,0.547
0.464,0.726,1.175,0.985,0.844,0.11,0.372,0.547
0.464,0.726,1.175,0.985,0.844,0.11,0.372,0.547
0.464,0.726,1.175,0.985,0.844,0.11,0.372,0.547
0.464,0.726,1.175,0.985,0.844,0.11,0.372,0.547
0.464,0.726,1.175,0.985,0.844,0.11,0.372,0.547
0.464,0.726,1.175,0.985,0.844,0.11,0.372,0.547
0.464,0.726,1.175,0.985,0.844,0.11,0.372,0.547
0.464,0.726,1.175,0.985,0.844,0.11,0.372,0.547
0.464,0.726,1.175,0.985,0.844,0.11,0.372,0.547
0.464,0.726,1.175,0.985,0.844,0.11,0.372,0.547
0.464,0.726,1.175,0.985,0.844,0.11,0.372,0.547
0.464,0.726,1.175,0.985,0.844,0.11,0.372,0.547
0.464,0.726,1.175,0.985,0.844,0.11,0.372,0.547
0.464,0.726,1.175,0.985,0.844,0.11,0.372,0.547
0.464,0.726,1.175,0.985,0.844,0.11,0.372,0.547
0.464,0.726,1.175,0.985,0.844,0.11,0.372,0.547
0.464,0.726,1.175,0.985,0.844,0.11,0.372,0.547
0.464,0.726,1.175,0.985,0.844,0.11,0.372,0.547
0.464,0.726,1.175,0.985,0.844,0.11,0.372,0.547
0.464,0.726,1.175,0.985,0.844,0.11,0.372,0.547
0.464,0.726,1.175,0.985,0.844,0.11,0.372,0.547
0.464,0.726,1.175,0.985,0.844,0.11,0.372,0.547
0.464,0.726,1.175,0.985,0.844,0.11,0.372,0.547
0.464,0.726,1.175,0.985,0.844,0.11,0.372,0.547
0.464,0.726,1.175,0.985,0.844,0.11,0.372,0.547
0.464,0.726,1.175,0.985,0.844,0.11,0.372,0.547
0.464,0.726,1.175,0.985,0.844,0.11,0.372,0.547
0.464,0.726,1.175,0.985,0.844,0.11,0.372,0.547
0.464,0.726,1.175,0.985,0.844,0.11,0.372,0.547
0.464,0.726,1.175,0.985,0.844,0.11,0.372,0.547
0.464,0.726,1.175,0.985,0.844,0.11,0.372,0.547
0.464,0.726,1.175,0.985,0.844,0.11,0.372,0.547
0.464,0.726,1.175,0.985,0.844,0.11,0.372,0.547
0.464,0.726,1.175,0.985,0.844,0.11,0.372,0.547
0.464,0.726,1.175,0.985,0.844,0.11,0.372,0.547
0.464,0.726,1.175,0.985,0.844,0.11,0.372,0.547
0.464,0.726,1.175,0.985,0.844,0.11,0.372,0.547
0.464,0.726,1.175,0.985,0.844,0.11,0.372,0.547
0.464,0.726,1.175,0.985,0.844,0.11,0.372,0.547
0.464,0.726,1.175,0.985,0.844,0.11,0.372,0.547
0.464,0.726,1.175,0.985,0.844,0.11,0.372,0.547
0.464,0.726,1.175,0.985,0.844,0.11,0.372,0.547
0.464,0.726,1.175,0.985,0.844,0.11,0.372,0.547
0.464,0.726,1.175,0.985,0.844,0.11,0.372,0.547
0.464,0.726,1.175,0.985,0.844,0.11,0.372,0.547
0.464,0.726,1.175,0.985,0.844,0.11,0.372,0.547
0.464,0.726,1.175,0.985,0.844,0.11,0.372,0.547
0.464,0.726,1.175,0.985,0.844,0.11,0.372,0.547
0.464,0.726,1.175,0.985,0.844,0.11,0.372,0.547
0.464,0.726,1.175,0.985,0.844,0.11,0.372,0.547
0.464,0.726,1.175,0.985,0.844,0.11,0.372,0.547
0.464,0.726,1.175,0.985,0.844,0.11,0.372,0.547
0.464,0.726,1.175,0.985,0.844,0.11,0.372,0.547
0.464,0.726,1.175,0.985,0.844,0.11,0.372,0.547
0.464,0.726,1.175,0.985,0.844,0.11,0.372,0.547
0.464,0.726,1.175,0.985,0.844,0.11,0.372,0.547
0.464,0.726,1.175,0.985,0.844,0.11,0.372,0.547
0.464,0.726,1.175,0.985,0.844,0.11,0.372,0.547
0.464,0.726,1.175,0.985,0.844,0.11,0.372,0.547
0.464,0.726,1.175,0.985,0.844,0.11,0.372,0.547
0.464,0.726,1.175,0.985,0.844,0.11,0.372,0.547
0.464,0.726,1.175,0.985,0.844,0.11,0.372,0.547
0.464,0.726,1.175,0.985,0.844,0.11,0.372,0.547
0.464,0.726,1.175,0.985,0.844,0.11,0.372,0.547
0.464,0.726,1.175,0.985,0.844,0.11,0.372,0.547
0.464,0.726,1.175,0.985,0.844,0.11,0.372,0.547
0.464,0.726,1.175,0.985,0.844,0.11,0.372,0.547
0.464,0.726,1.175,0.985,0.844,0.11,0.372,0.547
0.464,0.726,1.175,0.985,0.844,0.11,0.372,0.547
0.464,0.726,1.175,0.985,0.844,0.11,0.372,0.547
0.464,0.726,1.175,0.985,0.844,0.11,0.372,0.547
0.464,0.726,1.175,0.985,0.844,0.11,0.372,0.547
0.464,0.726,1.175,0.985,0.844,0.11,0.372,0.547
0.464,0.726,1.175,0.985,0.844,0.11,0.372,0.547
0.464,0.726,1.175,0.985,0.844,0.11,0.372,0.547
0.464,0.726,1.175,0.985,0.844,0.11,0.372,0.547
0.464,0.726,1.175,0.985,0.844,0.11,0.372,0.547
0.464,0.726,1.175,0.985,0.844,0.11,0.372,0.547
0.464,0.726,1.175,0.985,0.844,0.11,0.372,0.547
0.464,0.726,1.175,0.985,0.844,0.11,0.372,0.547
0.464,0.726,1.175,0.985,0.844,0.11,0.372,0.547
0.464,0.726,1.175,0.985,0.844,0.11,0.372,0.547
0.464,0.726,1.175,0.985,0.844,0.11,0.372,0.547
0.464,0.726,1.175,0.985,0.844,0.11,0.372,0.547
0.464,0.726,1.175,0.985,0.844,0.11,0.372,0.547
0.464,0.726,1.175,0.985,0.844,0.11,0.372,0.547
0.464,0.726,1.175,0.985,0.844,0.11,0.372,0.547
0.464,0.726,1.175,0.985,0.844,0.11,0.372,0.547
0.464,0.726,1.175,0.985,0.844,0.11,0.372,0.547
0.464,0.726,1.175,0.985,0.844,0.11,0.372,0.547
0.464,0.726,1.175,0.985,0.844,0.11,0.372,0.547
0.464,0.726,1.175,0.985,0.844,0.11,0.372,0.547
0.464,0.726,1.175,0.985,0.844,0.11,0.372,0.547
0.464,0.726,1.175,0.985,0.844,0.11,0.372,0.547
0.464,0.726,1.175,0.985,0.844,0.11,0.372,0.547
0.464,0.726,1.175,0.985,0.844,0.11,0.372,0.547
0.464,0.726,1.175,0.985,0.844,0.11,0.372,0.547
0.464,0.726,1.175,0.985,0.844,0.11,0.372,0.547
0.464,0.726,1.175,0.985,0.844,0.11,0.372,0.547
0.464,0.726,1.175,0.985,0.844,0.11,0.372,0.547
0.464,0.726,1.175,0.985,0.844,0.11,0.372,0.547
0.464,0.726,1.175,0.985,0.844,0.11,0.372,0.547
0.464,0.726,1.175,0.985,0.844,0.11,0.372,0.547
0.464,0.726,1.175,0.985,0.844,0.11,0.372,0.547
0.464,0.726,1.175,0.985,0.844,0.11,0.372,0.547
0.464,0.726,1.175,0.985,0.844,0.11,0.372,0.547
0.464,0.726,1.175,0.985,0.844,0.11,0.372,0.547
0.464,0.726,1.175,0.985,0.844,0.11,0.372,0.547
0.464,0.726,1.175,0.985,0.844,0.11,0.372,0.547
0.464,0.726,1.175,0.985,0.844,0.11,0.372,0.547
0.464,0.726,1.175,0.985,0.844,0.11,0.372,0.547
0.464,0.726,1.175,0.985,0.844,0.11,0.372,0.547
0.464,0.726,1.175,0.985,0.844,0.11,0.372,0.547
0.464,0.726,1.175,0.985,0.844,0.11,0.372,0.547
0.464,0.726,1.175,0.985,0.844,0.11,0.372,0.547
0.464,0.726,1.175,0.985,0.844,0.11,0.372,0.547
0.464,0.726,1.175,0.985,0.844,0.11,0.372,0.547
0.464,0.726,1.175,0.985,0.844,0.11,0.372,0.547
0.464,0.726,1.175,0.985,0.844,0.11,0.372,0.547
0.464,0.726,1.175,0.985,0.844,0.11,0.372,0.547
0.464,0.726,1.175,0.985,0.844,0.11,0.372,0.547
0.464,0.726,1.175,0.985,0.844,0.11,0.372,0.547
0.464,0.726,1.175,0.985,0.844,0.11,0.372,0.547
0.464,0.726,1.175,0.985,0.844,0.11,0.372,0.547
0.464,0.726,1.175,0.985,0.844,0.11,0.372,0.547
0.464,0.726,1.175,0.985,0.844,0.11,0.372,0.547
0.464,0.726,1.175,0.985,0.844,0.11,0.372,0.547
0.464,0.726,1.175,0.985,0.844,0.11,0.372,0.547
0.464,0.726,1.175,0.985,0.844,0.11,0.372,0.547
0.464,0.726,1.175,0.985,0.844,0.11,0.372,0.547
0.464,0.726,1.175,0.985,0.844,0.11,0.372,0.547
0.464,0.726,1.175,0.985,0.844,0.11,0.372,0.547
0.464,0.726,1.175,0.985,0.844,0.11,0.372,0.547
0.464,0.726,1.175,0.985,0.844,0.11,0.372,0.547
0.464,0.726,1.175,0.985,0.844,0.11,0.372,0.547
0.464,0.726,1.175,0.985,0.844,0.11,0.372,0.547
0.464,0.726,1.175,0.985,0.844,0.11,0.372,0.547
0.464,0.726,1.175,0.985,0.844,0.11,0.372,0.547
0.464,0.726,1.175,0.985,0.844,0.11,0.372,0.547
0.464,0.726,1.175,0.985,0.844,0.11,0.372,0.547
0.464,0.726,1.175,0.985,0.844,0.11,0.372,0.547
0.464,0.726,1.175,0.985,0.844,0.11,0.372,0.547
0.464,0.726,1.175,0.985,0.844,0.11,0.372,0.547
0.464,0.726,1.175,0.985,0.844,0.11,0.372,0.547
0.464,0.726,1.175,0.985,0.844,0.11,0.372,0.547
0.464,0.726,1.175,0.985,0.844,0.11,0.372,0.547
0.464,0.726,1.175,0.985,0.844,0.11,0.372,0.547
0.464,0.726,1.175,0.985,0.844,0.11,0.372,0.547
0.464,0.726,1.175,0.985,0.844,0.11,0.372,0.547
0.464,0.726,1.175,0.985,0.844,0.11,0.372,0.547
0.464,0.726,1.175,0.985,0.844,0.11,0.372,0.547
0.464,0.726,1.175,0.985,0.844,0.11,0.372,0.547
0.464,0.726,1.175,0.985,0.844,0.11,0.372,0.547
0.464,0.726,1.175,0.985,0.844,0.11,0.372,0.547
0.464,0.726,1.175,0.985,0.844,0.11,0.372,0.547
0.464,0.726,1.175,0.985,0.844,0.11,0.372,0.547
0.464,0.726,1.175,0.985,0.844,0.11,0.372,0.547
0.464,0.726,1.175,0.985,0.844,0.11,0.372,0.547
0.464,0.726,1.175,0.985,0.844,0.11,0.372,0.547
0.464,0.726,1.175,0.985,0.844,0.11,0.372,0.547
0.464,0.726,1.175,0.985,0.844,0.11,0.372,0.547
0.464,0.726,1.175,0.985,0.844,0.11,0.372,0.547
0.464,0.726,1.175,0.985,0.844,0.11,0.372,0.547
0.464,0.726,1.175,0.985,0.844,0.11,0.372,0.547
0.464,0.726,1.175,0.985,0.844,0.11,0.372,0.547
0.464,0.726,1.175,0.985,0.844,0.11,0.372,0.547
0.464,0.726,1.175,0.985,0.844,0.11,0.372,0.547
0.464,0.726,1.175,0.985,0.844,0.11,0.372,0.547
0.464,0.726,1.175,0.985,0.844,0.11,0.372,0.547
0.464,0.726,1.175,0.985,0.844,0.11,0.372,0.547
0.464,0.726,1.175,0.985,0.844,0.11,0.372,0.547
0.464,0.726,1.175,0.985,0.844,0.11,0.372,0.547
0.464,0.726,1.175,0.985,0.844,0.11,0.372,0.547
0.464,0.726,1.175,0.985,0.844,0.11,0.372,0.547
0.464,0.726,1.175,0.985,0.844,0.11,0.372,0.547
0.464,0.726,1.175,0.985,0.844,0.11,0.372,0.547
0.464,0.726,1.175,0.985,0.844,0.11,0.372,0.547
0.464,0.726,1.175,0.985,0.844,0.11,0.372,0.547
0.464,0.726,1.175,0.985,0.844,0.11,0.372,0.547
0.464,0.726,1.175,0.985,0.844,0.11,0.372,0.547
0.464,0.726,1.175,0.985,0.844,0.11,0.372,0.547
0.464,0.726,1.175,0.985,0.844,0.11,0.372,0.547
0.464,0.726,1.175,0.985,0.844,0.11,0.372,0.547
0.464,0.726,1.175,0.985,0.844,0.11,0.372,0.547
0.464,0.726,1.175,0.985,0.844,0.11,0.372,0.547
0.464,0.726,1.175,0.985,0.844,0.11,0.372,0.547
0.464,0.726,1.175,0.985,0.844,0.11,0.372,0.547
0.464,0.726,1.175,0.985,0.844,0.11,0.372,0.547
0.464,0.726,1.175,0.985,0.844,0.11,0.372,0.547
0.464,0.726,1.175,0.985,0.844,0.11,0.372,0.547
0.464,0.726,1.175,0.985,0.844,0.11,0.372,0.547
0.464,0.726,1.175,0.985,0.844,0.11,0.372,0.547
0.464,0.726,1.175,0.985,0.844,0.11,0.372,0.547
0.464,0.726,1.175,0.985,0.844,0.11,0.372,0.547
0.464,0.726,1.175,0.985,0.844,0.11,0.372,0.547
0.464,0.726,1.175,0.985,0.844,0.11,0.372,0.547
0.464,0.726,1.175,0.985,0.844,0.11,0.372,0.547
0.464,0.726,1.175,0.985,0.844,0.11,0.372,0.547
0.464,0.726,1.175,0.985,0.844,0.11,0.372,0.547
0.464,0.726,1.175,0.985,0.844,0.11,0.372,0.547
0.464,0.726,1.175,0.985,0.844,0.11,0.372,0.547
0.464,0.726,1.175,0.985,0.844,0.11,0.372,0.547
0.464,0.726,1.175,0.985,0.844,0.11,0.372,0.547
0.464,0.726,1.175,0.985,0.844,0.11,0.372,0.547
0.464,0.726,1.175,0.985,0.844,0.11,0.372,0.547
0.464,0.726,1.175,0.985,0.844,0.11,0.372,0.547
0.464,0.726,1.175,0.985,0.844,0.11,0.372,0.547
0.464,0.726,1.175,0.985,0.844,0.11,0.372,0.547
0.464,0.726,1.175,0.985,0.844,0.11,0.372,0.547
0.464,0.726,1.175,0.985,0.844,0.11,0.372,0.547
0.464,0.726,1.175,0.985,0.844,0.11,0.372,0.547
0.464,0.726,1.175,0.985,0.844,0.11,0.372,0.547
0.464,0.726,1.175,0.985,0.844,0.11,0.372,0.547
0.464,0.726,1.175,0.985,0.844,0.11,0.372,0.547
0.464,0.726,1.175,0.985,0.844,0.11,0.372,0.547
0.464,0.726,1.175,0.985,0.844,0.11,0.372,0.547
0.464,0.726,1.175,0.985,0.844,0.11,0.372,0.547
0.464,0.726,1.175,0.985,0.844,0.11,0.372,0.547
0.464,0.726,1.175,0.985,0.844,0.11,0.372,0.547
0.464,0.726,1.175,0.985,0.844,0.11,0.372,0.547
0.464,0.726,1.175,0.985,0.844,0.11,0.372,0.547
0.464,0.726,1.175,0.985,0.844,0.11,0.372,0.547
0.464,0.726,1.175,0.985,0.844,0.11,0.372,0.547
0.464,0.726,1.175,0.985,0.844,0.11,0.372,0.547
0.464,0.726,1.175,0.985,0.844,0.11,0.372,0.547
0.464,0.726,1.175,0.985,0.844,0.11,0.372,0.547
0.464,0.726,1.175,0.985,0.844,0.11,0.372,0.547
0.464,0.726,1.175,0.985,0.844,0.11,0.372,0.547
0.464,0.726,1.175,0.985,0.844,0.11,0.372,0.547
0.464,0.726,1.175,0.985,0.844,0.11,0.372,0.547
0.464,0.726,1.175,0.985,0.844,0.11,0.372,0.547
0.464,0.726,1.175,0.985,0.844,0.11,0.372,0.547
0.464,0.726,1.175,0.985,0.844,0.11,0.372,0.547
0.464,0.726,1.175,0.985,0.844,0.11,0.372,0.547
0.464,0.726,1.175,0.985,0.844,0.11,0.372,0.547
0.464,0.726,1.175,0.985,0.844,0.11,0.372,0.547
0.464,0.726,1.175,0.985,0.844,0.11,0.372,0.547
0.464,0.726,1.175,0.985,0.844,0.11,0.372,0.547
0.464,0.726,1.175,0.985,0.844,0.11,0.372,0.547
0.464,0.726,1.175,0.985,0.844,0.11,0.372,0.547
0.464,0.726,1.175,0.985,0.844,0.11,0.372,0.547
0.464,0.726,1.175,0.985,0.844,0.11,0.372,0.547
0.464,0.726,1.175,0.985,0.844,0.11,0.372,0.547
0.464,0.726,1.175,0.985,0.844,0.11,0.372,0.547
0.464,0.726,1.175,0.985,0.844,0.11,0.372,0.547
0.464,0.726,1.175,0.985,0.844,0.11,0.372,0.547
0.464,0.726,1.175,0.985,0.844,0.11,0.372,0.547
0.464,0.726,1.175,0.985,0.844,0.11,0.372,0.547
0.464,0.726,1.175,0.985,0.844,0.11,0.372,0.547
0.464,0.726,1.175,0.985,0.844,0.11,0.372,0.547
0.464,0.726,1.175,0.985,0.844,0.11,0.372,0.547
0.464,0.726,1.175,0.985,0.844,0.11,0.372,0.547
0.464,0.726,1.175,0.985,0.844,0.11,0.372,0.547
0.464,0.726,1.175,0.985,0.844,0.11,0.372,0.547
0.464,0.726,1.175,0.985,0.844,0.11,0.372,0.547
0.464,0.726,1.175,0.985,0.844,0.11,0.372,0.547
0.464,0.726,1.175,0.985,0.844,0.11,0.372,0.547
0.464,0.726,1.175,0.985,0.844,0.11,0.372,0.547
0.464,0.726,1.175,0.985,0.844,0.11,0.372,0.547
0.464,0.726,1.175,0.985,0.844,0.11,0.372,0.547
0.464,0.726,1.175,0.985,0.844,0.11,0.372,0.547
0.464,0.726,1.175,0.985,0.844,0.11,0.372,0.547
0.464,0.726,1.175,0.985,0.844,0.11,0.372,0.547
0.464,0.726,1.175,0.985,0.844,0.11,0.372,0.547
0.464,0.726,1.175,0.985,0.844,0.11,0.372,0.547
0.464,0.726,1.175,0.985,0.844,0.11,0.372,0.547
0.464,0.726,1.175,0.985,0.844,0.11,0.372,0.547
0.464,0.726,1.175,0.985,0.844,0.11,0.372,0.547
0.464,0.726,1.175,0.985,0.844,0.11,0.372,0.547
0.464,0.726,1.175,0.985,0.844,0.11,0.372,0.547
0.464,0.726,1.175,0.985,0.844,0.11,0.372,0.547
0.464,0.726,1.175,0.985,0.844,0.11,0.372,0.547
0.464,0.726,1.175,0.985,0.844,0.11,0.372,0.547
0.464,0.726,1.175,0.985,0.844,0.11,0.372,0.547
0.464,0.726,1.175,0.985,0.844,0.11,0.372,0.547
0.464,0.726,1.175,0.985,0.844,0.11,0.372,0.547
0.464,0.726,1.175,0.985,0.844,0.11,0.372,0.547
0.464,0.726,1.175,0.985,0.844,0.11,0.372,0.547
0.464,0.726,1.175,0.985,0.844,0.11,0.372,0.547
0.464,0.726,1.175,0.985,0.844,0.11,0.372,0.547
0.464,0.726,1.175,0.985,0.844,0.11,0.372,0.547
0.464,0.726,1.175,0.985,0.844,0.11,0.372,0.547
0.464,0.726,1.175,0.985,0.844,0.11,0.372,0.547
0.464,0.726,1.175,0.985,0.844,0.11,0.372,0.547
0.464,0.726,1.175,0.985,0.844,0.11,0.372,0.547
0.464,0.726,1.175,0.985,0.844,0.11,0.372,0.547
0.464,0.726,1.175,0.985,0.844,0.11,0.372,0.547
0.464,0.726,1.175,0.985,0.844,0.11,0.372,0.547
0.464,0.726,1.175,0.985,0.844,0.11,0.372,0.547
0.464,0.726,1.175,0.985,0.844,0.11,0.372,0.547
0.464,0.726,1.175,0.985,0.844,0.11,0.372,0.547
0.464,0.726,1.175,0.985,0.844,0.11,0.372,0.547
0.464,0.726,1.175,0.985,0.844,0.11,0.372,0.547
0.464,0.726,1.175,0.985,0.844,0.11,0.372,0.547
0.464,0.726,1.175,0.985,0.844,0.11,0.372,0.547
0.464,0.726,1.175,0.985,0.844,0.11,0.372,0.547
0.464,0.726,1.175,0.985,0.844,0.11,0.372,0.547
0.464,0.726,1.175,0.985,0.844,0.11,0.372,0.547
0.464,0.726,1.175,0.985,0.844,0.11,0.372,0.547
0.464,0.726,1.175,0.985,0.844,0.11,0.372,0.547
0.464,0.726,1.175,0.985,0.844,0.11,0.372,0.547
0.464,0.726,1.175,0.985,0.844,0.11,0.372,0.547
0.464,0.726,1.175,0.985,0.844,0.11,0.372,0.547
0.464,0.726,1.175,0.985,0.844,0.11,0.372,0.547
0.464,0.726,1.175,0.985,0.844,0.11,0.372,0.547
0.464,0.726,1.175,0.985,0.844,0.11,0.372,0.547
0.464,0.726,1.175,0.985,0.844,0.11,0.372,0.547
0.464,0.726,1.175,0.985,0.844,0.11,0.372,0.547
0.464,0.726,1.175,0.985,0.844,0.11,0.372,0.547
0.464,0.726,1.175,0.985,0.844,0.11,0.372,0.547
0.464,0.726,1.175,0.985,0.844,0.11,0.372,0.547
0.464,0.726,1.175,0.985,0.844,0.11,0.372,0.547
0.464,0.726,1.175,0.985,0.844,0.11,0.372,0.547
0.464,0.726,1.175,0.985,0.844,0.11,0.372,0.547
0.464,0.726,1.175,0.985,0.844,0.11,0.372,0.547
0.464,0.726,1.175,0.985,0.844,0.11,0.372,0.547
0.464,0.726,1.175,0.985,0.844,0.11,0.372,0.547
0.464,0.726,1.175,0.985,0.844,0.11,0.372,0.547
0.464,0.726,1.175,0.985,0.844,0.11,0.372,0.547
0.464,0.726,1.175,0.985,0.844,0.11,0.372,0.547
0.464,0.726,1.175,0.985,0.844,0.11,0.372,0.547
0.464,0.726,1.175,0.985,0.844,0.11,0.372,0.547
0.464,0.726,1.175,0.985,0.844,0.11,0.372,0.547
0.464,0.726,1.175,0.985,0.844,0.11,0.372,0.547
0.464,0.726,1.175,0.985,0.844,0.11,0.372,0.547
0.464,0.726,1.175,0.985,0.844,0.11,0.372,0.547
0.464,0.726,1.175,0.985,0.844,0.11,0.372,0.547
0.464,0.726,1.175,0.985,0.844,0.11,0.372,0.547
0.464,0.726,1.175,0.985,0.844,0.11,0.372,0.547
0.464,0.726,1.175,0.985,0.844,0.11,0.372,0.547
0.464,0.726,1.175,0.985,0.844,0.11,0.372,0.547
0.464,0.726,1.175,0.985,0.844,0.11,0.372,0.547
0.464,0.726,1.175,0.985,0.844,0.11,0.372,0.547
0.464,0.726,1.175,0.985,0.844,0.11,0.372,0.547
0.464,0.726,1.175,0.985,0.844,0.11,0.372,0.547
0.464,0.726,1.175,0.985,0.844,0.11,0.372,0.547
0.464,0.726,1.175,0.985,0.844,0.11,0.372,0.547
0.464,0.726,1.175,0.985,0.844,0.11,0.372,0.547
0.464,0.726,1.175,0.985,0.844,0.11,0.372,0.547
0.464,0.726,1.175,0.985,0.844,0.11,0.372,0.547
0.464,0.726,1.175,0.985,0.844,0.11,0.372,0.547
0.464,0.726,1.175,0.985,0.844,0.11,0.372,0.547
0.464,0.726,1.175,0.985,0.844,0.11,0.372,0.547
0.464,0.726,1.175,0.985,0.844,0.11,0.372,0.547
0.464,0.726,1.175,0.985,0.844,0.11,0.372,0.547
0.464,0.726,1.175,0.985,0.844,0.11,0.372,0.547
0.464,0.726,1.175,0.985,0.844,0.11,0.372,0.547
0.464,0.726,1.175,0.985,0.844,0.11,0.372,0.547
0.464,0.726,1.175,0.985,0.844,0.11,0.372,0.547
0.464,0.726,1.175,0.985,0.844,0.11,0.372,0.547
0.464,0.726,1.175,0.985,0.844,0.11,0.372,0.547
0.464,0.726,1.175,0.985,0.844,0.11,0.372,0.547
0.464,0.726,1.175,0.985,0.844,0.11,0.372,0.547
0.464,0.726,1.175,0.985,0.844,0.11,0.372,0.547
0.464,0.726,1.175,0.985,0.844,0.11,0.372,0.547
0.464,0.726,1.175,0.985,0.844,0.11,0.372,0.547
0.464,0.726,1.175,0.985,0.844,0.11,0.372,0.547
0.464,0.726,1.175,0.985,0.844,0.11,0.372,0.547
0.464,0.726,1.175,0.985,0.844,0.11,0.372,0.547
0.464,0.726,1.175,0.985,0.844,0.11,0.372,0.547
0.464,0.726,1.175,0.985,0.844,0.11,0.372,0.547
0.464,0.726,1.175,0.985,0.844,0.11,0.372,0.547
0.464,0.726,1.175,0.985,0.844,0.11,0.372,0.547
0.464,0.726,1.175,0.985,0.844,0.11,0.372,0.547
0.464,0.726,1.175,0.985,0.844,0.11,0.372,0.547
0.464,0.726,1.175,0.985,0.844,0.11,0.372,0.547
0.464,0.726,1.175,0.985,0.844,0.11,0.372,0.547
0.464,0.726,1.175,0.985,0.844,0.11,0.372,0.547
0.464,0.726,1.175,0.985,0.844,0.11,0.372,0.547
0.464,0.726,1.175,0.985,0.844,0.11,0.372,0.547
0.464,0.726,1.175,0.985,0.844,0.11,0.372,0.547
0.464,0.726,1.175,0.985,0.844,0.11,0.372,0.547
0.464,0.726,1.175,0.985,0.844,0.11,0.372,0.547
0.464,0.726,1.175,0.985,0.844,0.11,0.372,0.547
0.464,0.726,1.175,0.985,0.844,0.11,0.372,0.547
0.464,0.726,1.175,0.985,0.844,0.11,0.372,0.547
0.464,0.726,1.175,0.985,0.844,0.11,0.372,0.547
0.464,0.726,1.175,0.985,0.844,0.11,0.372,0.547
0.464,0.726,1.175,0.985,0.844,0.11,0.372,0.547
0.464,0.726,1.175,0.985,0.844,0.11,0.372,0.547
0.464,0.726,1.175,0.985,0.844,0.11,0.372,0.547
0.464,0.726,1.175,0.985,0.844,0.11,0.372,0.547
0.464,0.726,1.175,0.985,0.844,0.11,0.372,0.547
0.464,0.726,1.175,0.985,0.844,0.11,0.372,0.547
0.464,0.726,1.175,0.985,0.844,0.11,0.372,0.547
0.464,0.726,1.175,0.985,0.844,0.11,0.372,0.547
0.464,0.726,1.175,0.985,0.844,0.11,0.372,0.547
0.464,0.726,1.175,0.985,0.844,0.11,0.372,0.547
0.464,0.726,1.175,0.985,0.844,0.11,0.372,0.547
0.464,0.726,1.175,0.985,0.844,0.11,0.372,0.547
0.464,0.726,1.175,0.985,0.844,0.11,0.372,0.547
0.464,0.726,1.175,0.985,0.844,0.11,0.372,0.547
0.464,0.726,1.175,0.985,0.844,0.11,0.372,0.547
0.464,0.726,1.175,0.985,0.844,0.11,0.372,0.547
0.464,0.726,1.175,0.985,0.844,0.11,0.372,0.547
0.464,0.726,1.175,0.985,0.844,0.11,0.372,0.547
0.464,0.726,1.175,0.985,0.844,0.11,0.372,0.547
0.464,0.726,1.175,0.985,0.844,0.11,0.372,0.547
0.464,0.726,1.175,0.985,0.844,0.11,0.372,0.547
0.464,0.726,1.175,0.985,0.844,0.11,0.372,0.547
0.464,0.726,1.175,0.985,0.844,0.11,0.372,0.547
0.464,0.726,1.175,0.985,0.844,0.11,0.372,0.547
0.464,0.726,1.175,0.985,0.844,0.11,0.372,0.547
0.464,0.726,1.175,0.985,0.844,0.11,0.372,0.547
0.464,0.726,1.175,0.985,0.844,0.11,0.372,0.547
0.464,0.726,1.175,0.985,0.844,0.11,0.372,0.547
0.464,0.726,1.175,0.985,0.844,0.11,0.372,0.547
0.464,0.726,1.175,0.985,0.844,0.11,0.372,0.547
0.464,0.726,1.175,0.985,0.844,0.11,0.372,0.547
0.464,0.726,1.175,0.985,0.844,0.11,0.372,0.547
0.464,0.726,1.175,0.985,0.844,0.11,0.372,0.547
0.464,0.726,1.175,0.985,0.844,0.11,0.372,0.547
0.464,0.726,1.175,0.985,0.844,0.11,0.372,0.547
0.464,0.726,1.175,0.985,0.844,0.11,0.372,0.547
0.464,0.726,1.175,0.985,0.844,0.11,0.372,0.547
0.464,0.726,1.175,0.985,0.844,0.11,0.372,0.547
0.464,0.726,1.175,0.985,0.844,0.11,0.372,0.547
0.464,0.726,1.175,0.985,0.844,0.11,0.372,0.547
0.464,0.726,1.175,0.985,0.844,0.11,0.372,0.547
0.464,0.726,1.175,0.985,0.844,0.11,0.372,0.547
0.464,0.726,1.175,0.985,0.844,0.11,0.372,0.547
0.464,0.726,1.175,0.985,0.844,0.11,0.372,0.547
0.464,0.726,1.175,0.985,0.844,0.11,0.372,0.547
0.464,0.726,1.175,0.985,0.844,0.11,0.372,0.547
0.464,0.726,1.175,0.985,0.844,0.11,0.372,0.547
0.464,0.726,1.175,0.985,0.844,0.11,0.372,0.547
0.464,0.726,1.175,0.985,0.844,0.11,0.372,0.547
0.464,0.726,1.175,0.985,0.844,0.11,0.372,0.547
0.464,0.726,1.175,0.985,0.844,0.11,0.372,0.547
0.464,0.726,1.175,0.985,0.844,0.11,0.372,0.547
0.464,0.726,1.175,0.985,0.844,0.11,0.372,0.547
0.464,0.726,1.175,0.985,0.844,0.11,0.372,0.547
0.464,0.726,1.175,0.985,0.844,0.11,0.372,0.547
0.464,0.726,1.175,0.985,0.844,0.11,0.372,0.547
0.464,0.726,1.175,0.985,0.844,0.11,0.372,0.547
0.464,0.726,1.175,0.985,0.844,0.11,0.372,0.547
0.464,0.726,1.175,0.985,0.844,0.11,0.372,0.547
0.464,0.726,1.175,0.985,0.844,0.11,0.372,0.547
0.464,0.726,1.175,0.985,0.844,0.11,0.372,0.547
0.464,0.726,1.175,0.985,0.844,0.11,0.372,0.547
0.464,0.726,1.175,0.985,0.844,0.11,0.372,0.547
0.464,0.726,1.175,0.985,0.844,0.11,0.372,0.547
0.464,0.726,1.175,0.985,0.844,0.11,0.372,0.547
0.464,0.726,1.175,0.985,0.844,0.11,0.372,0.547
0.464,0.726,1.175,0.985,0.844,0.11,0.372,0.547
0.464,0.726,1.175,0.985,0.844,0.11,0.372,0.547
0.464,0.726,1.175,0.985,0.844,0.11,0.372,0.547
0.464,0.726,1.175,0.985,0.844,0.11,0.372,0.547
0.464,0.726,1.175,0.985,0.844,0.11,0.372,0.547
0.464,0.726,1.175,0.985,0.844,0.11,0.372,0.547
0.464,0.726,1.175,0.985,0.844,0.11,0.372,0.547
0.464,0.726,1.175,0.985,0.844,0.11,0.372,0.547
0.464,0.726,1.175,0.985,0.844,0.11,0.372,0.547
0.464,0.726,1.175,0.985,0.844,0.11,0.372,0.547
0.464,0.726,1.175,0.985,0.844,0.11,0.372,0.547
0.464,0.726,1.175,0.985,0.844,0.11,0.372,0.547
0.464,0.726,1.175,0.985,0.844,0.11,0.372,0.547
0.464,0.726,1.175,0.985,0.844,0.11,0.372,0.547
0.464,0.726,1.175,0.985,0.844,0.11,0.372,0.547
0.464,0.726,1.175,0.985,0.844,0.11,0.372,0.547
0.464,0.726,1.175,0.985,0.844,0.11,0.372,0.547
0.464,0.726,1.175,0.985,0.844,0.11,0.372,0.547
0.464,0.726,1.175,0.985,0.844,0.11,0.372,0.547
0.464,0.726,1.175,0.985,0.844,0.11,0.372,0.547
0.464,0.726,1.175,0.985,0.844,0.11,0.372,0.547
0.464,0.726,1.175,0.985,0.844,0.11,0.372,0.547
0.464,0.726,1.175,0.985,0.844,0.11,0.372,0.547
0.464,0.726,1.175,0.985,0.844,0.11,0.372,0.547
0.464,0.726,1.175,0.985,0.844,0.11,0.372,0.547
0.464,0.726,1.175,0.985,0.844,0.11,0.372,0.547
0.464,0.726,1.175,0.985,0.844,0.11,0.372,0.547
0.464,0.726,1.175,0.985,0.844,0.11,0.372,0.547
0.464,0.726,1.175,0.985,0.844,0.11,0.372,0.547
0.464,0.726,1.175,0.985,0.844,0.11,0.372,0.547
0.464,0.726,1.175,0.985,0.844,0.11,0.372,0.547
0.464,0.726,1.175,0.985,0.844,0.11,0.372,0.547
0.464,0.726,1.175,0.985,0.844,0.11,0.372,0.547
0.464,0.726,1.175,0.985,0.844,0.11,0.372,0.547
0.464,0.726,1.175,0.985,0.844,0.11,0.372,0.547
0.464,0.726,1.175,0.985,0.844,0.11,0.372,0.547
0.464,0.726,1.175,0.985,0.844,0.11,0.372,0.547
0.464,0.726,1.175,0.985,0.844,0.11,0.372,0.547
0.464,0.726,1.175,0.985,0.844,0.11,0.372,0.547
0.464,0.726,1.175,0.985,0.844,0.11,0.372,0.547
0.464,0.726,1.175,0.985,0.844,0.11,0.372,0.547
0.464,0.726,1.175,0.985,0.844,0.11,0.372,0.547
0.464,0.726,1.175,0.985,0.844,0.11,0.372,0.547
0.464,0.726,1.175,0.985,0.844,0.11,0.372,0.547
0.464,0.726,1.175,0.985,0.844,0.11,0.372,0.547
0.464,0.726,1.175,0.985,0.844,0.11,0.372,0.547
0.464,0.726,1.175,0.985,0.844,0.11,0.372,0.547
0.464,0.726,1.175,0.985,0.844,0.11,0.372,0.547
0.464,0.726,1.175,0.985,0.844,0.11,0.372,0.547
0.464,0.726,1.175,0.985,0.844,0.11,0.372,0.547
0.464,0.726,1.175,0.985,0.844,0.11,0.372,0.547
0.464,0.726,1.175,0.985,0.844,0.11,0.372,0.547
0.464,0.726,1.175,0.985,0.844,0.11,0.372,0.547
0.464,0.726,1.175,0.985,0.844,0.11,0.372,0.547
0.464,0.726,1.175,0.985,0.844,0.11,0.372,0.547
0.464,0.726,1.175,0.985,0.844,0.11,0.372,0.547
0.464,0.726,1.175,0.985,0.844,0.11,0.372,0.547
0.464,0.726,1.175,0.985,0.844,0.11,0.372,0.547
0.464,0.726,1.175,0.985,0.844,0.11,0.372,0.547
0.464,0.726,1.175,0.985,0.844,0.11,0.372,0.547
0.464,0.726,1.175,0.985,0.844,0.11,0.372,0.547
0.464,0.726,1.175,0.985,0.844,0.11,0.372,0.547
0.464,0.726,1.175,0.985,0.844,0.11,0.372,0.547
0.464,0.726,1.175,0.985,0.844,0.11,0.372,0.547
0.464,0.726,1.175,0.985,0.844,0.11,0.372,0.547
0.464,0.726,1.175,0.985,0.844,0.11,0.372,0.547
0.464,0.726,1.175,0.985,0.844,0.11,0.372,0.547
0.464,0.726,1.175,0.985,0.844,0.11,0.372,0.547
0.464,0.726,1.175,0.985,0.844,0.11,0.372,0.547
0.464,0.726,1.175,0.985,0.844,0.11,0.372,0.547
0.464,0.726,1.175,0.985,0.844,0.11,0.372,0.547
0.464,0.726,1.175,0.985,0.844,0.11,0.372,0.547
0.464,0.726,1.175,0.985,0.844,0.11,0.372,0.547
0.464,0.726,1.175,0.985,0.844,0.11,0.372,0.547
0.464,0.726,1.175,0.985,0.844,0.11,0.372,0.547
0.464,0.726,1.175,0.985,0.844,0.11,0.372,0.547
0.464,0.726,1.175,0.985,0.844,0.11,0.372,0.547
0.464,0.726,1.175,0.985,0.844,0.11,0.372,0.547
0.464,0.726,1.175,0.985,0.844,0.11,0.372,0.547
0.464,0.726,1.175,0.985,0.844,0.11,0.372,0.547
0.464,0.726,1.175,0.985,0.844,0.11,0.372,0.547
0.464,0.726,1.175,0.985,0.844,0.11,0.372,0.547
0.464,0.726,1.175,0.985,0.844,0.11,0.372,0.547
0.464,0.726,1.175,0.985,0.844,0.11,0.372,0.547
0.464,0.726,1.175,0.985,0.844,0.11,0.372,0.547
0.464,0.726,1.175,0.985,0.844,0.11,0.372,0.547
0.464,0.726,1.175,0.985,0.844,0.11,0.372,0.547
0.464,0.726,1.175,0.985,0.844,0.11,0.372,0.547
0.464,0.726,1.175,0.985,0.844,0.11,0.372,0.547
0.464,0.726,1.175,0.985,0.844,0.11,0.372,0.547
0.464,0.726,1.175,0.985,0.844,0.11,0.372,0.547
0.464,0.726,1.175,0.985,0.844,0.11,0.372,0.547
0.464,0.726,1.175,0.985,0.844,0.11,0.372,0.547
0.464,0.726,1.175,0.985,0.844,0.11,0.372,0.547
0.464,0.726,1.175,0.985,0.844,0.11,0.372,0.547
0.464,0.726,1.175,0.985,0.844,0.11,0.372,0.547
0.464,0.726,1.175,0.985,0.844,0.11,0.372,0.547
0.464,0.726,1.175,0.985,0.844,0.11,0.372,0.547
0.464,0.726,1.175,0.985,0.844,0.11,0.372,0.547
0.464,0.726,1.175,0.985,0.844,0.11,0.372,0.547
0.464,0.726,1.175,0.985,0.844,0.11,0.372,0.547
0.464,0.726,1.175,0.985,0.844,0.11,0.372,0.547
0.464,0.726,1.175,0.985,0.844,0.11,0.372,0.547
0.464,0.726,1.175,0.985,0.844,0.11,0.372,0.547
0.464,0.726,1.175,0.985,0.844,0.11,0.372,0.547
0.464,0.726,1.175,0.985,0.844,0.11,0.372,0.547
0.464,0.726,1.175,0.985,0.844,0.11,0.372,0.547
0.464,0.726,1.175,0.985,0.844,0.11,0.372,0.547
0.464,0.726,1.175,0.985,0.844,0.11,0.372,0.547
0.464,0.726,1.175,0.985,0.844,0.11,0.372,0.547
0.464,0.726,1.175,0.985,0.844,0.11,0.372,0.547
0.464,0.726,1.175,0.985,0.844,0.11,0.372,0.547
0.464,0.726,1.175,0.985,0.844,0.11,0.372,0.547
0.464,0.726,1.175,0.985,0.844,0.11,0.372,0.547
0.464,0.726,1.175,0.985,0.844,0.11,0.372,0.547
0.464,0.726,1.175,0.985,0.844,0.11,0.372,0.547
0.464,0.726,1.175,0.985,0.844,0.11,0.372,0.547
0.464,0.726,1.175,0.985,0.844,0.11,0.372,0.547
0.464,0.726,1.175,0.985,0.844,0.11,0.372,0.547
0.464,0.726,1.175,0.985,0.844,0.11,0.372,0.547
0.464,0.726,1.175,0.985,0.844,0.11,0.372,0.547
0.464,0.726,1.175,0.985,0.844,0.11,0.372,0.547
0.464,0.726,1.175,0.985,0.844,0.11,0.372,0.547
0.464,0.726,1.175,0.985,0.844,0.11,0.372,0.547
0.464,0.726,1.175,0.985,0.844,0.11,0.372,0.547
0.464,0.726,1.175,0.985,0.844,0.11,0.372,0.547
0.464,0.726,1.175,0.985,0.844,0.11,0.372,0.547
0.464,0.726,1.175,0.985,0.844,0.11,0.372,0.547
0.464,0.726,1.175,0.985,0.844,0.11,0.372,0.547
0.464,0.726,1.175,0.985,0.844,0.11,0.372,0.547
0.464,0.726,1.175,0.985,0.844,0.11,0.372,0.547
0.464,0.726,1.175,0.985,0.844,0.11,0.372,0.547
0.464,0.726,1.175,0.985,0.844,0.11,0.372,0.547
0.464,0.726,1.175,0.985,0.844,0.11,0.372,0.547
0.464,0.726,1.175,0.985,0.844,0.11,0.372,0.547
0.464,0.726,1.175,0.985,0.844,0.11,0.372,0.547
0.464,0.726,1.175,0.985,0.844,0.11,0.372,0.547
0.464,0.726,1.175,0.985,0.844,0.11,0.372,0.547
0.464,0.726,1.175,0.985,0.844,0.11,0.372,0.547
0.464,0.726,1.175,0.985,0.844,0.11,0.372,0.547
0.464,0.726,1.175,0.985,0.844,0.11,0.372,0.547
0.464,0.726,1.175,0.985,0.844,0.11,0.372,0.547
0.464,0.726,1.175,0.985,0.844,0.11,0.372,0.547
0.464,0.726,1.175,0.985,0.844,0.11,0.372,0.547
0.464,0.726,1.175,0.985,0.844,0.11,0.372,0.547
0.464,0.726,1.175,0.985,0.844,0.11,0.372,0.547
0.464,0.726,1.175,0.985,0.844,0.11,0.372,0.547
0.464,0.726,1.175,0.985,0.844,0.11,0.372,0.547
0.464,0.726,1.175,0.985,0.844,0.11,0.372,0.547
0.464,0.726,1.175,0.985,0.844,0.11,0.372,0.547
0.464,0.726,1.175,0.985,0.844,0.11,0.372,0.547
0.464,0.726,1.175,0.985,0.844,0.11,0.372,0.547
0.464,0.726,1.175,0.985,0.844,0.11,0.372,0.547
0.464,0.726,1.175,0.985,0.844,0.11,0.372,0.547
0.464,0.726,1.175,0.985,0.844,0.11,0.372,0.547
0.464,0.726,1.175,0.985,0.844,0.11,0.372,0.547
0.464,0.726,1.175,0.985,0.844,0.11,0.372,0.547
0.464,0.726,1.175,0.985,0.844,0.11,0.372,0.547
0.464,0.726,1.175,0.985,0.844,0.11,0.372,0.547
0.464,0.726,1.175,0.985,0.844,0.11,0.372,0.547
0.464,0.726,1.175,0.985,0.844,0.11,0.372,0.547
0.464,0.726,1.175,0.985,0.844,0.11,0.372,0.547
0.464,0.726,1.175,0.985,0.844,0.11,0.372,0.547
0.464,0.726,1.175,0.985,0.844,0.11,0.372,0.547
0.464,0.726,1.175,0.985,0.844,0.11,0.372,0.547
0.464,0.726,1.175,0.985,0.844,0.11,0.372,0.547
0.464,0.726,1.175,0.985,0.844,0.11,0.372,0.547
0.464,0.726,1.175,0.985,0.844,0.11,0.372,0.547
0.464,0.726,1.175,0.985,0.844,0.11,0.372,0.547
0.464,0.726,1.175,0.985,0.844,0.11,0.372,0.547
0.464,0.726,1.175,0.985,0.844,0.11,0.372,0.547
0.464,0.726,1.175,0.985,0.844,0.11,0.372,0.547
0.464,0.726,1.175,0.985,0.844,0.11,0.372,0.547
0.464,0.726,1.175,0.985,0.844,0.11,0.372,0.547
0.464,0.726,1.175,0.985,0.844,0.11,0.372,0.547
0.464,0.726,1.175,0.985,0.844,0.11,0.372,0.547
0.464,0.726,1.175,0.985,0.844,0.11,0.372,0.547
0.464,0.726,1.175,0.985,0.844,0.11,0.372,0.547
0.464,0.726,1.175,0.985,0.844,0.11,0.372,0.547
0.464,0.726,1.175,0.985,0.844,0.11,0.372,0.547
0.464,0.726,1.175,0.985,0.844,0.11,0.372,0.547
0.464,0.726,1.175,0.985,0.844,0.11,0.372,0.547
0.464,0.726,1.175,0.985,0.844,0.11,0.372,0.547
0.464,0.726,1.175,0.985,0.844,0.11,0.372,0.547
0.464,0.726,1.175,0.985,0.844,0.11,0.372,0.547
0.464,0.726,1.175,0.985,0.844,0.11,0.372,0.547
0.464,0.726,1.175,0.985,0.844,0.11,0.372,0.547
0.464,0.726,1.175,0.985,0.844,0.11,0.372,0.547
0.464,0.726,1.175,0.985,0.844,0.11,0.372,0.547
0.464,0.726,1.175,0.985,0.844,0.11,0.372,0.547
0.464,0.726,1.175,0.985,0.844,0.11,0.372,0.547
0.464,0.726,1.175,0.985,0.844,0.11,0.372,0.547
0.464,0.726,1.175,0.985,0.844,0.11,0.372,0.547
0.464,0.726,1.175,0.985,0.844,0.11,0.372,0.547
0.464,0.726,1.175,0.985,0.844,0.11,0.372,0.547
0.464,0.726,1.175,0.985,0.844,0.11,0.372,0.547
0.464,0.726,1.175,0.985,0.844,0.11,0.372,0.547
0.464,0.726,1.175,0.985,0.844,0.11,0.372,0.547
0.464,0.726,1.175,0.985,0.844,0.11,0.372,0.547
0.464,0.726,1.175,0.985,0.844,0.11,0.372,0.547
0.464,0.726,1.175,0.985,0.844,0.11,0.372,0.547
0.464,0.726,1.175,0.985,0.844,0.11,0.372,0.547
0.464,0.726,1.175,0.985,0.844,0.11,0.372,0.547
0.464,0.726,1.175,0.985,0.844,0.11,0.372,0.547
0.464,0.726,1.175,0.985,0.844,0.11,0.372,0.547
0.464,0.726,1.175,0.985,0.844,0.11,0.372,0.547
0.464,0.726,1.175,0.985,0.844,0.11,0.372,0.547
0.464,0.726,1.175,0.985,0.844,0.11,0.372,0.547
0.464,0.726,1.175,0.985,0.844,0.11,0.372,0.547
0.464,0.726,1.175,0.985,0.844,0.11,0.372,0.547
0.464,0.726,1.175,0.985,0.844,0.11,0.372,0.547
0.464,0.726,1.175,0.985,0.844,0.11,0.372,0.547
0.464,0.726,1.175,0.985,0.844,0.11,0.372,0.547
0.464,0.726,1.175,0.985,0.844,0.11,0.372,0.547
0.464,0.726,1.175,0.985,0.844,0.11,0.372,0.547
0.464,0.726,1.175,0.985,0.844,0.11,0.372,0.547
0.464,0.726,1.175,0.985,0.844,0.11,0.372,0.547
0.464,0.726,1.175,0.985,0.844,0.11,0.372,0.547
0.464,0.726,1.175,0.985,0.844,0.11,0.372,0.547
0.464,0.726,1.175,0.985,0.844,0.11,0.372,0.547
0.464,0.726,1.175,0.985,0.844,0.11,0.372,0.547
0.464,0.726,1.175,0.985,0.844,0.11,0.372,0.547
0.464,0.726,1.175,0.985,0.844,0.11,0.372,0.547
0.464,0.726,1.175,0.985,0.844,0.11,0.372,0.547
0.464,0.726,1.175,0.985,0.844,0.11,0.372,0.547
0.464,0.726,1.175,0.985,0.844,0.11,0.372,0.547
0.464,0.726,1.175,0.985,0.844,0.11,0.372,0.547
0.464,0.726,1.175,0.985,0.844,0.11,0.372,0.547
0.464,0.726,1.175,0.985,0.844,0.11,0.372,0.547
0.464,0.726,1.175,0.985,0.844,0.11,0.372,0.547
0.464,0.726,1.175,0.985,0.844,0.11,0.372,0.547
0.464,0.726,1.175,0.985,0.844,0.11,0.372,0.547
0.464,0.726,1.175,0.985,0.844,0.11,0.372,0.547
0.464,0.726,1.175,0.985,0.844,0.11,0.372,0.547
0.464,0.726,1.175,0.985,0.844,0.11,0.372,0.547
0.464,0.726,1.175,0.985,0.844,0.11,0.372,0.547
0.464,0.726,1.175,0.985,0.844,0.11,0.372,0.547
0.464,0.726,1.175,0.985,0.844,0.11,0.372,0.547
0.464,0.726,1.175,0.985,0.844,0.11,0.372,0.547
0.464,0.726,1.175,0.985,0.844,0.11,0.372,0.547
0.464,0.726,1.175,0.985,0.844,0.11,0.372,0.547
0.464,0.726,1.175,0.985,0.844,0.11,0.372,0.547
0.464,0.726,1.175,0.985,0.844,0.11,0.372,0.547
0.464,0.726,1.175,0.985,0.844,0.11,0.372,0.547
0.464,0.726,1.175,0.985,0.844,0.11,0.372,0.547
0.464,0.726,1.175,0.985,0.844,0.11,0.372,0.547
0.464,0.726,1.175,0.985,0.844,0.11,0.372,0.547
0.464,0.726,1.175,0.985,0.844,0.11,0.372,0.547
0.464,0.726,1.175,0.985,0.844,0.11,0.372,0.547
0.464,0.726,1.175,0.985,0.844,0.11,0.372,0.547
0.464,0.726,1.175,0.985,0.844,0.11,0.372,0.547
0.464,0.726,1.175,0.985,0.844,0.11,0.372,0.547
0.464,0.726,1.175,0.985,0.844,0.11,0.372,0.547
0.464,0.726,1.175,0.985,0.844,0.11,0.372,0.547
0.464,0.726,1.175,0.985,0.844,0.11,0.372,0.547
0.464,0.726,1.175,0.985,0.844,0.11,0.372,0.547
0.464,0.726,1.175,0.985,0.844,0.11,0.372,0.547
0.464,0.726,1.175,0.985,0.844,0.11,0.372,0.547
0.464,0.726,1.175,0.985,0.844,0.11,0.372,0.547
0.464,0.726,1.175,0.985,0.844,0.11,0.372,0.547
0.464,0.726,1.175,0.985,0.844,0.11,0.372,0.547
0.464,0.726,1.175,0.985,0.844,0.11,0.372,0.547
0.464,0.726,1.175,0.985,0.844,0.11,0.372,0.547
0.464,0.726,1.175,0.985,0.844,0.11,0.372,0.547
0.464,0.726,1.175,0.985,0.844,0.11,0.372,0.547
0.464,0.726,1.175,0.985,0.844,0.11,0.372,0.547
0.464,0.726,1.175,0.985,0.844,0.11,0.372,0.547
0.464,0.726,1.175,0.985,0.844,0.11,0.372,0.547
0.464,0.726,1.175,0.985,0.844,0.11,0.372,0.547
0.464,0.726,1.175,0.985,0.844,0.11,0.372,0.547
0.464,0.726,1.175,0.985,0.844,0.11,0.372,0.547
0.464,0.726,1.175,0.985,0.844,0.11,0.372,0.547
0.464,0.726,1.175,0.985,0.844,0.11,0.372,0.547
0.464,0.726,1.175,0.985,0.844,0.11,0.372,0.547
0.464,0.726,1.175,0.985,0.844,0.11,0.372,0.547
0.464,0.726,1.175,0.985,0.844,0.11,0.372,0.547
0.464,0.726,1.175,0.985,0.844,0.11,0.372,0.547
0.464,0.726,1.175,0.985,0.844,0.11,0.372,0.547
0.464,0.726,1.175,0.985,0.844,0.11,0.372,0.547
0.464,0.726,1.175,0.985,0.844,0.11,0.372,0.547
0.464,0.726,1.175,0.985,0.844,0.11,0.372,0.547
0.464,0.726,1.175,0.985,0.844,0.11,0.372,0.547
0.464,0.726,1.175,0.985,0.844,0.11,0.372,0.547
0.464,0.726,1.175,0.985,0.844,0.11,0.372,0.547
0.464,0.726,1.175,0.985,0.844,0.11,0.372,0.547
0.464,0.726,1.175,0.985,0.844,0.11,0.372,0.547
0.464,0.726,1.175,0.985,0.844,0.11,0.372,0.547
0.464,0.726,1.175,0.985,0.844,0.11,0.372,0.547
0.464,0.726,1.175,0.985,0.844,0.11,0.372,0.547
0.464,0.726,1.175,0.985,0.844,0.11,0.372,0.547
0.464,0.726,1.175,0.985,0.844,0.11,0.372,0.547
0.464,0.726,1.175,0.985,0.844,0.11,0.372,0.547
0.464,0.726,1.175,0.985,0.844,0.11,0.372,0.547
0.464,0.726,1.175,0.985,0.844,0.11,0.372,0.547
0.464,0.726,1.175,0.985,0.844,0.11,0.372,0.547
0.464,0.726,1.175,0.985,0.844,0.11,0.372,0.547
0.464,0.726,1.175,0.985,0.844,0.11,0.372,0.547
0.464,0.726,1.175,0.985,0.844,0.11,0.372,0.547
0.464,0.726,1.175,0.985,0.844,0.11,0.372,0.547
0.464,0.726,1.175,0.985,0.844,0.11,0.372,0.547
0.464,0.726,1.175,0.985,0.844,0.11,0.372,0.547
0.464,0.726,1.175,0.985,0.844,0.11,0.372,0.547
0.464,0.726,1.175,0.985,0.844,0.11,0.372,0.547
0.464,0.726,1.175,0.985,0.844,0.11,0.372,0.547
0.464,0.726,1.175,0.985,0.844,0.11,0.372,0.547
0.464,0.726,1.175,0.985,0.844,0.11,0.372,0.547
0.464,0.726,1.175,0.985,0.844,0.11,0.372,0.547
0.464,0.726,1.175,0.985,0.844,0.11,0.372,0.547
0.464,0.726,1.175,0.985,0.844,0.11,0.372,0.547
0.464,0.726,1.175,0.985,0.844,0.11,0.372,0.547
0.464,0.726,1.175,0.985,0.844,0.11,0.372,0.547
0.464,0.726,1.175,0.985,0.844,0.11,0.372,0.547
0.464,0.726,1.175,0.985,0.844,0.11,0.372,0.547
0.464,0.726,1.175,0.985,0.844,0.11,0.372,0.547
0.464,0.726,1.175,0.985,0.844,0.11,0.372,0.547
0.464,0.726,1.175,0.985,0.844,0.11,0.372,0.547
0.464,0.726,1.175,0.985,0.844,0.11,0.372,0.547
0.464,0.726,1.175,0.985,0.844,0.11,0.372,0.547
0.464,0.726,1.175,0.985,0.844,0.11,0.372,0.547
0.464,0.726,1.175,0.985,0.844,0.11,0.372,0.547
0.464,0.726,1.175,0.985,0.844,0.11,0.372,0.547
0.464,0.726,1.175,0.985,0.844,0.11,0.372,0.547
0.464,0.726,1.175,0.985,0.844,0.11,0.372,0.547
0.464,0.726,1.175,0.985,0.844,0.11,0.372,0.547
0.464,0.726,1.175,0.985,0.844,0.11,0.372,0.547
0.464,0.726,1.175,0.985,0.844,0.11,0.372,0.547
0.464,0.726,1.175,0.985,0.844,0.11,0.372,0.547
0.464,0.726,1.175,0.985,0.844,0.11,0.372,0.547
0.464,0.726,1.175,0.985,0.844,0.11,0.372,0.547
0.464,0.726,1.175,0.985,0.844,0.11,0.372,0.547
0.464,0.726,1.175,0.985,0.844,0.11,0.372,0.547
0.464,0.726,1.175,0.985,0.844,0.11,0.372,0.547
0.464,0.726,1.175,0.985,0.844,0.11,0.372,0.547
0.464,0.726,1.175,0.985,0.844,0.11,0.372,0.547
0.464,0.726,1.175,0.985,0.844,0.11,0.372,0.547
0.464,0.726,1.175,0.985,0.844,0.11,0.372,0.547
0.464,0.726,1.175,0.985,0.844,0.11,0.372,0.547
0.464,0.726,1.175,0.985,0.844,0.11,0.372,0.547
0.464,0.726,1.175,0.985,0.844,0.11,0.372,0.547
0.464,0.726,1.175,0.985,0.844,0.11,0.372,0.547
0.464,0.726,1.175,0.985,0.844,0.11,0.372,0.547
0.464,0.726,1.175,0.985,0.844,0.11,0.372,0.547
0.464,0.726,1.175,0.985,0.844,0.11,0.372,0.547
0.464,0.726,1.175,0.985,0.844,0.11,0.372,0.547
0.464,0.726,1.175,0.985,0.844,0.11,0.372,0.547
0.464,0.726,1.175,0.985,0.844,0.11,0.372,0.547
0.464,0.726,1.175,0.985,0.844,0.11,0.372,0.547
0.464,0.726,1.175,0.985,0.844,0.11,0.372,0.547
0.464,0.726,1.175,0.985,0.844,0.11,0.372,0.547
0.464,0.726,1.175,0.985,0.844,0.11,0.372,0.547
0.464,0.726,1.175,0.985,0.844,0.11,0.372,0.547
0.464,0.726,1.175,0.985,0.844,0.11,0.372,0.547
0.464,0.726,1.175,0.985,0.844,0.11,0.372,0.547
0.464,0.726,1.175,0.985,0.844,0.11,0.372,0.547
0.464,0.726,1.175,0.985,0.844,0.11,0.372,0.547
0.464,0.726,1.175,0.985,0.844,0.11,0.372,0.547
0.464,0.726,1.175,0.985,0.844,0.11,0.372,0.547
0.464,0.726,1.175,0.985,0.844,0.11,0.372,0.547
0.464,0.726,1.175,0.985,0.844,0.11,0.372,0.547
0.464,0.726,1.175,0.985,0.844,0.11,0.372,0.547
0.464,0.726,1.175,0.985,0.844,0.11,0.372,0.547
0.464,0.726,1.175,0.985,0.844,0.11,0.372,0.547
0.464,0.726,1.175,0.985,0.844,0.11,0.372,0.547
0.464,0.726,1.175,0.985,0.844,0.11,0.372,0.547
0.464,0.726,1.175,0.985,0.844,0.11,0.372,0.547
0.464,0.726,1.175,0.985,0.844,0.11,0.372,0.547
0.464,0.726,1.175,0.985,0.844,0.11,0.372,0.547
0.464,0.726,1.175,0.985,0.844,0.11,0.372,0.547
0.464,0.726,1.175,0.985,0.844,0.11,0.372,0.547
0.464,0.726,1.175,0.985,0.844,0.11,0.372,0.547
0.464,0.726,1.175,0.985,0.844,0.11,0.372,0.547
0.464,0.726,1.175,0.985,0.844,0.11,0.372,0.547
0.464,0.726,1.175,0.985,0.844,0.11,0.372,0.547
0.464,0.726,1.175,0.985,0.844,0.11,0.372,0.547
0.464,0.726,1.175,0.985,0.844,0.11,0.372,0.547
0.464,0.726,1.175,0.985,0.844,0.11,0.372,0.547
0.464,0.726,1.175,0.985,0.844,0.11,0.372,0.547
0.464,0.726,1.175,0.985,0.844,0.11,0.372,0.547
0.464,0.726,1.175,0.985,0.844,0.11,0.372,0.547
0.464,0.726,1.175,0.985,0.844,0.11,0.372,0.547
0.464,0.726,1.175,0.985,0.844,0.11,0.372,0.547
0.464,0.726,1.175,0.985,0.844,0.11,0.372,0.547
0.464,0.726,1.175,0.985,0.844,0.11,0.372,0.547
0.464,0.726,1.175,0.985,0.844,0.11,0.372,0.547
0.464,0.726,1.175,0.985,0.844,0.11,0.372,0.547
0.464,0.726,1.175,0.985,0.844,0.11,0.372,0.547
0.464,0.726,1.175,0.985,0.844,0.11,0.372,0.547
0.464,0.726,1.175,0.985,0.844,0.11,0.372,0.547
0.464,0.726,1.175,0.985,0.844,0.11,0.372,0.547
0.464,0.726,1.175,0.985,0.844,0.11,0.372,0.547
0.464,0.726,1.175,0.985,0.844,0.11,0.372,0.547
0.464,0.726,1.175,0.985,0.844,0.11,0.372,0.547
0.464,0.726,1.175,0.985,0.844,0.11,0.372,0.547
0.464,0.726,1.175,0.985,0.844,0.11,0.372,0.547
0.464,0.726,1.175,0.985,0.844,0.11,0.372,0.547
0.464,0.726,1.175,0.985,0.844,0.11,0.372,0.547
0.464,0.726,1.175,0.985,0.844,0.11,0.372,0.547
0.464,0.726,1.175,0.985,0.844,0.11,0.372,0.547
0.464,0.726,1.175,0.985,0.844,0.11,0.372,0.547
0.464,0.726,1.175,0.985,0.844,0.11,0.372,0.547
0.464,0.726,1.175,0.985,0.844,0.11,0.372,0.547
0.464,0.726,1.175,0.985,0.844,0.11,0.372,0.547
0.464,0.726,1.175,0.985,0.844,0.11,0.372,0.547
0.464,0.726,1.175,0.985,0.844,0.11,0.372,0.547
0.464,0.726,1.175,0.985,0.844,0.11,0.372,0.547
0.464,0.726,1.175,0.985,0.844,0.11,0.372,0.547
0.464,0.726,1.175,0.985,0.844,0.11,0.372,0.547
0.464,0.726,1.175,0.985,0.844,0.11,0.372,0.547
0.464,0.726,1.175,0.985,0.844,0.11,0.372,0.547
0.464,0.726,1.175,0.985,0.844,0.11,0.372,0.547
0.464,0.726,1.175,0.985,0.844,0.11,0.372,0.547
0.464,0.726,1.175,0.985,0.844,0.11,0.372,0.547
0.464,0.726,1.175,0.985,0.844,0.11,0.372,0.547
0.464,0.726,1.175,0.985,0.844,0.11,0.372,0.547
0.464,0.726,1.175,0.985,0.844,0.11,0.372,0.547
0.464,0.726,1.175,0.985,0.844,0.11,0.372,0.547
0.464,0.726,1.175,0.985,0.844,0.11,0.372,0.547
0.464,0.726,1.175,0.985,0.844,0.11,0.372,0.547
0.464,0.726,1.175,0.985,0.844,0.11,0.372,0.547
0.464,0.726,1.175,0.985,0.844,0.11,0.372,0.547
0.464,0.726,1.175,0.985,0.844,0.11,0.372,0.547
0.464,0.726,1.175,0.985,0.844,0.11,0.372,0.547
0.464,0.726,1.175,0.985,0.844,0.11,0.372,0.547
0.464,0.726,1.175,0.985,0.844,0.11,0.372,0.547
0.464,0.726,1.175,0.985,0.844,0.11,0.372,0.547
0.464,0.726,1.175,0.985,0.844,0.11,0.372,0.547
0.464,0.726,1.175,0.985,0.844,0.11,0.372,0.547
0.464,0.726,1.175,0.985,0.844,0.11,0.372,0.547
0.464,0.726,1.175,0.985,0.844,0.11,0.372,0.547
0.464,0.726,1.175,0.985,0.844,0.11,0.372,0.547
0.464,0.726,1.175,0.985,0.844,0.11,0.372,0.547
0.464,0.726,1.175,0.985,0.844,0.11,0.372,0.547
0.464,0.726,1.175,0.985,0.844,0.11,0.372,0.547
0.464,0.726,1.175,0.985,0.844,0.11,0.372,0.547
0.464,0.726,1.175,0.985,0.844,0.11,0.372,0.547
0.464,0.726,1.175,0.985,0.844,0.11,0.372,0.547
0.464,0.726,1.175,0.985,0.844,0.11,0.372,0.547
0.464,0.726,1.175,0.985,0.844,0.11,0.372,0.547
0.464,0.726,1.175,0.985,0.844,0.11,0.372,0.547
0.464,0.726,1.175,0.985,0.844,0.11,0.372,0.547
0.464,0.726,1.175,0.985,0.844,0.11,0.372,0.547
0.464,0.726,1.175,0.985,0.844,0.11,0.372,0.547
0.464,0.726,1.175,0.985,0.844,0.11,0.372,0.547
0.464,0.726,1.175,0.985,0.844,0.11,0.372,0.547
0.464,0.726,1.175,0.985,0.844,0.11,0.372,0.547
0.464,0.726,1.175,0.985,0.844,0.11,0.372,0.547
0.464,0.726,1.175,0.985,0.844,0.11,0.372,0.547
0.464,0.726,1.175,0.985,0.844,0.11,0.372,0.547
0.464,0.726,1.175,0.985,0.844,0.11,0.372,0.547
0.464,0.726,1.175,0.985,0.844,0.11,0.372,0.547
0.464,0.726,1.175,0.985,0.844,0.11,0.372,0.547
0.464,0.726,1.175,0.985,0.844,0.11,0.372,0.547
0.464,0.726,1.175,0.985,0.844,0.11,0.372,0.547
0.464,0.726,1.175,0.985,0.844,0.11,0.372,0.547
0.464,0.726,1.175,0.985,0.844,0.11,0.372,0.547
0.464,0.726,1.175,0.985,0.844,0.11,0.372,0.547
0.464,0.726,1.175,0.985,0.844,0.11,0.372,0.547
0.464,0.726,1.175,0.985,0.844,0.11,0.372,0.547
0.464,0.726,1.175,0.985,0.844,0.11,0.372,0.547
0.464,0.726,1.175,0.985,0.844,0.11,0.372,0.547
0.464,0.726,1.175,0.985,0.844,0.11,0.372,0.547
0.464,0.726,1.175,0.985,0.844,0.11,0.372,0.547
0.464,0.726,1.175,0.985,0.844,0.11,0.372,0.547
0.464,0.726,1.175,0.985,0.844,0.11,0.372,0.547
0.464,0.726,1.175,0.985,0.844,0.11,0.372,0.547
0.464,0.726,1.175,0.985,0.844,0.11,0.372,0.547
0.464,0.726,1.175,0.985,0.844,0.11,0.372,0.547
0.464,0.726,1.175,0.985,0.844,0.11,0.372,0.547
0.464,0.726,1.175,0.985,0.844,0.11,0.372,0.547
0.464,0.726,1.175,0.985,0.844,0.11,0.372,0.547
0.464,0.726,1.175,0.985,0.844,0.11,0.372,0.547
0.464,0.726,1.175,0.985,0.844,0.11,0.372,0.547
0.464,0.726,1.175,0.985,0.844,0.11,0.372,0.547
0.464,0.726,1.175,0.985,0.844,0.11,0.372,0.547
0.464,0.726,1.175,0.985,0.844,0.11,0.372,0.547
0.464,0.726,1.175,0.985,0.844,0.11,0.372,0.547
0.464,0.726,1.175,0.985,0.844,0.11,0.372,0.547
0.464,0.726,1.175,0.985,0.844,0.11,0.372,0.547
0.464,0.726,1.175,0.985,0.844,0.11,0.372,0.547
0.464,0.726,1.175,0.985,0.844,0.11,0.372,0.547
0.464,0.726,1.175,0.985,0.844,0.11,0.372,0.547
0.464,0.726,1.175,0.985,0.844,0.11,0.372,0.547
0.464,0.726,1.175,0.985,0.844,0.11,0.372,0.547
0.464,0.726,1.175,0.985,0.844,0.11,0.372,0.547
0.464,0.726,1.175,0.985,0.844,0.11,0.372,0.547
0.464,0.726,1.175,0.985,0.844,0.11,0.372,0.547
0.464,0.726,1.175,0.985,0.844,0.11,0.372,0.547
0.464,0.726,1.175,0.985,0.844,0.11,0.372,0.547
0.464,0.726,1.175,0.985,0.844,0.11,0.372,0.547
0.464,0.726,1.175,0.985,0.844,0.11,0.372,0.547
0.464,0.726,1.175,0.985,0.844,0.11,0.372,0.547
0.464,0.726,1.175,0.985,0.844,0.11,0.372,0.547
0.464,0.726,1.175,0.985,0.844,0.11,0.372,0.547
0.464,0.726,1.175,0.985,0.844,0.11,0.372,0.547
0.464,0.726,1.175,0.985,0.844,0.11,0.372,0.547
0.464,0.726,1.175,0.985,0.844,0.11,0.372,0.547
0.464,0.726,1.175,0.985,0.844,0.11,0.372,0.547
0.464,0.726,1.175,0.985,0.844,0.11,0.372,0.547
0.464,0.726,1.175,0.985,0.844,0.11,0.372,0.547
0.464,0.726,1.175,0.985,0.844,0.11,0.372,0.547
0.464,0.726,1.175,0.985,0.844,0.11,0.372,0.547
0.464,0.726,1.175,0.985,0.844,0.11,0.372,0.547
0.464,0.726,1.175,0.985,0.844,0.11,0.372,0.547
0.464,0.726,1.175,0.985,0.844,0.11,0.372,0.547
0.464,0.726,1.175,0.985,0.844,0.11,0.372,0.547
0.464,0.726,1.175,0.985,0.844,0.11,0.372,0.547
0.464,0.726,1.175,0.985,0.844,0.11,0.372,0.547
0.464,0.726,1.175,0.985,0.844,0.11,0.372,0.547
0.464,0.726,1.175,0.985,0.844,0.11,0.372,0.547
0.464,0.726,1.175,0.985,0.844,0.11,0.372,0.547
0.464,0.726,1.175,0.985,0.844,0.11,0.372,0.547
0.464,0.726,1.175,0.985,0.844,0.11,0.372,0.547
0.464,0.726,1.175,0.985,0.844,0.11,0.372,0.547
0.464,0.726,1.175,0.985,0.844,0.11,0.372,0.547
0.464,0.726,1.175,0.985,0.844,0.11,0.372,0.547
0.464,0.726,1.175,0.985,0.844,0.11,0.372,0.547
0.464,0.726,1.175,0.985,0.844,0.11,0.372,0.547
0.464,0.726,1.175,0.985,0.844,0.11,0.372,0.547
0.464,0.726,1.175,0.985,0.844,0.11,0.372,0.547
0.464,0.726,1.175,0.985,0.844,0.11,0.372,0.547
0.464,0.726,1.175,0.985,0.844,0.11,0.372,0.547
0.464,0.726,1.175,0.985,0.844,0.11,0.372,0.547
0.464,0.726,1.175,0.985,0.844,0.11,0.372,0.547
0.464,0.726,1.175,0.985,0.844,0.11,0.372,0.547
0.464,0.726,1.175,0.985,0.844,0.11,0.372,0.547
0.464,0.726,1.175,0.985,0.844,0.11,0.372,0.547
0.464,0.726,1.175,0.985,0.844,0.11,0.372,0.547
0.464,0.726,1.175,0.985,0.844,0.11,0.372,0.547
0.464,0.726,1.175,0.985,0.844,0.11,0.372,0.547
0.464,0.726,1.175,0.985,0.844,0.11,0.372,0.547
0.464,0.726,1.175,0.985,0.844,0.11,0.372,0.547
0.464,0.726,1.175,0.985,0.844,0.11,0.372,0.547
0.464,0.726,1.175,0.985,0.844,0.11,0.372,0.547
0.464,0.726,1.175,0.985,0.844,0.11,0.372,0.547
0.464,0.726,1.175,0.985,0.844,0.11,0.372,0.547
0.464,0.726,1.175,0.985,0.844,0.11,0.372,0.547
0.464,0.726,1.175,0.985,0.844,0.11,0.372,0.547
0.464,0.726,1.175,0.985,0.844,0.11,0.372,0.547
0.464,0.726,1.175,0.985,0.844,0.11,0.372,0.547
0.464,0.726,1.175,0.985,0.844,0.11,0.372,0.547
0.464,0.726,1.175,0.985,0.844,0.11,0.372,0.547
0.464,0.726,1.175,0.985,0.844,0.11,0.372,0.547
0.464,0.726,1.175,0.985,0.844,0.11,0.372,0.547
0.464,0.726,1.175,0.985,0.844,0.11,0.372,0.547
0.464,0.726,1.175,0.985,0.844,0.11,0.372,0.547
0.464,0.726,1.175,0.985,0.844,0.11,0.372,0.547
0.464,0.726,1.175,0.985,0.844,0.11,0.372,0.547
0.464,0.726,1.175,0.985,0.844,0.11,0.372,0.547
0.464,0.726,1.175,0.985,0.844,0.11,0.372,0.547
0.464,0.726,1.175,0.985,0.844,0.11,0.372,0.547
0.464,0.726,1.175,0.985,0.844,0.11,0.372,0.547
0.464,0.726,1.175,0.985,0.844,0.11,0.372,0.547
0.464,0.726,1.175,0.985,0.844,0.11,0.372,0.547
0.464,0.726,1.175,0.985,0.844,0.11,0.372,0.547
0.464,0.726,1.175,0.985,0.844,0.11,0.372,0.547
0.464,0.726,1.175,0.985,0.844,0.11,0.372,0.547
0.464,0.726,1.175,0.985,0.844,0.11,0.372,0.547
0.464,0.726,1.175,0.985,0.844,0.11,0.372,0.547
0.464,0.726,1.175,0.985,0.844,0.11,0.372,0.547
0.464,0.726,1.175,0.985,0.844,0.11,0.372,0.547
0.464,0.726,1.175,0.985,0.844,0.11,0.372,0.547
0.464,0.726,1.175,0.985,0.844,0.11,0.372,0.547
0.464,0.726,1.175,0.985,0.844,0.11,0.372,0.547
0.464,0.726,1.175,0.985,0.844,0.11,0.372,0.547
0.464,0.726,1.175,0.985,0.844,0.11,0.372,0.547
0.464,0.726,1.175,0.985,0.844,0.11,0.372,0.547
0.464,0.726,1.175,0.985,0.844,0.11,0.372,0.547
0.464,0.726,1.175,0.985,0.844,0.11,0.372,0.547
0.464,0.726,1.175,0.985,0.844,0.11,0.372,0.547
0.464,0.726,1.175,0.985,0.844,0.11,0.372,0.547
0.464,0.726,1.175,0.985,0.844,0.11,0.372,0.547
0.464,0.726,1.175,0.985,0.844,0.11,0.372,0.547
0.464,0.726,1.175,0.985,0.844,0.11,0.372,0.547
0.464,0.726,1.175,0.985,0.844,0.11,0.372,0.547
0.464,0.726,1.175,0.985,0.844,0.11,0.372,0.547
0.464,0.726,1.175,0.985,0.844,0.11,0.372,0.547
0.464,0.726,1.175,0.985,0.844,0.11,0.372,0.547
0.464,0.726,1.175,0.985,0.844,0.11,0.372,0.547
0.464,0.726,1.175,0.985,0.844,0.11,0.372,0.547
0.464,0.726,1.175,0.985,0.844,0.11,0.372,0.547
0.464,0.726,1.175,0.985,0.844,0.11,0.372,0.547
0.464,0.726,1.175,0.985,0.844,0.11,0.372,0.547
0.464,0.726,1.175,0.985,0.844,0.11,0.372,0.547
0.464,0.726,1.175,0.985,0.844,0.11,0.372,0.547
0.464,0.726,1.175,0.985,0.844,0.11,0.372,0.547
0.464,0.726,1.175,0.985,0.844,0.11,0.372,0.547
0.464,0.726,1.175,0.985,0.844,0.11,0.372,0.547
0.464,0.726,1.175,0.985,0.844,0.11,0.372,0.547
0.464,0.726,1.175,0.985,0.844,0.11,0.372,0.547
0.464,0.726,1.175,0.985,0.844,0.11,0.372,0.547
0.464,0.726,1.175,0.985,0.844,0.11,0.372,0.547
0.464,0.726,1.175,0.985,0.844,0.11,0.372,0.547
0.464,0.726,1.175,0.985,0.844,0.11,0.372,0.547
0.464,0.726,1.175,0.985,0.844,0.11,0.372,0.547
0.464,0.726,1.175,0.985,0.844,0.11,0.372,0.547
0.464,0.726,1.175,0.985,0.844,0.11,0.372,0.547
0.464,0.726,1.175,0.985,0.844,0.11,0.372,0.547
0.464,0.726,1.175,0.985,0.844,0.11,0.372,0.547
0.464,0.726,1.175,0.985,0.844,0.11,0.372,0.547
0.464,0.726,1.175,0.985,0.844,0.11,0.372,0.547
0.464,0.726,1.175,0.985,0.844,0.11,0.372,0.547
0.464,0.726,1.175,0.985,0.844,0.11,0.372,0.547
0.464,0.726,1.175,0.985,0.844,0.11,0.372,0.547
0.464,0.726,1.175,0.985,0.844,0.11,0.372,0.547
0.464,0.726,1.175,0.985,0.844,0.11,0.372,0.547
0.464,0.726,1.175,0.985,0.844,0.11,0.372,0.547
0.464,0.726,1.175,0.985,0.844,0.11,0.372,0.547
0.464,0.726,1.175,0.985,0.844,0.11,0.372,0.547
0.464,0.726,1.175,0.985,0.844,0.11,0.372,0.547
0.464,0.726,1.175,0.985,0.844,0.11,0.372,0.547
0.464,0.726,1.175,0.985,0.844,0.11,0.372,0.547
0.464,0.726,1.175,0.985,0.844,0.11,0.372,0.547
0.464,0.726,1.175,0.985,0.844,0.11,0.372,0.547
0.464,0.726,1.175,0.985,0.844,0.11,0.372,0.547
0.464,0.726,1.175,0.985,0.844,0.11,0.372,0.547
0.464,0.726,1.175,0.985,0.844,0.11,0.372,0.547
0.464,0.726,1.175,0.985,0.844,0.11,0.372,0.547
0.464,0.726,1.175,0.985,0.844,0.11,0.372,0.547
0.464,0.726,1.175,0.985,0.844,0.11,0.372,0.547
0.464,0.726,1.175,0.985,0.844,0.11,0.372,0.547
0.464,0.726,1.175,0.985,0.844,0.11,0.372,0.547
0.464,0.726,1.175,0.985,0.844,0.11,0.372,0.547
0.464,0.726,1.175,0.985,0.844,0.11,0.372,0.547
0.464,0.726,1.175,0.985,0.844,0.11,0.372,0.547
0.464,0.726,1.175,0.985,0.844,0.11,0.372,0.547
0.464,0.726,1.175,0.985,0.844,0.11,0.372,0.547
0.464,0.726,1.175,0.985,0.844,0.11,0.372,0.547
0.464,0.726,1.175,0.985,0.844,0.11,0.372,0.547
0.464,0.726,1.175,0.985,0.844,0.11,0.372,0.547
0.464,0.726,1.175,0.985,0.844,0.11,0.372,0.547
0.464,0.726,1.175,0.985,0.844,0.11,0.372,0.547
0.464,0.726,1.175,0.985,0.844,0.11,0.372,0.547
0.464,0.726,1.175,0.985,0.844,0.11,0.372,0.547
0.464,0.726,1.175,0.985,0.844,0.11,0.372,0.547
0.464,0.726,1.175,0.985,0.844,0.11,0.372,0.547
0.464,0.726,1.175,0.985,0.844,0.11,0.372,0.547
0.464,0.726,1.175,0.985,0.844,0.11,0.372,0.547
0.464,0.726,1.175,0.985,0.844,0.11,0.372,0.547
0.464,0.726,1.175,0.985,0.844,0.11,0.372,0.547
0.464,0.726,1.175,0.985,0.844,0.11,0.372,0.547
0.464,0.726,1.175,0.985,0.844,0.11,0.372,0.547
0.464,0.726,1.175,0.985,0.844,0.11,0.372,0.547
0.464,0.726,1.175,0.985,0.844,0.11,0.372,0.547
0.464,0.726,1.175,0.985,0.844,0.11,0.372,0.547
0.464,0.726,1.175,0.985,0.844,0.11,0.372,0.547
0.464,0.726,1.175,0.985,0.844,0.11,0.372,0.547
0.464,0.726,1.175,0.985,0.844,0.11,0.372,0.547
0.464,0.726,1.175,0.985,0.844,0.11,0.372,0.547
0.464,0.726,1.175,0.985,0.844,0.11,0.372,0.547
0.464,0.726,1.175,0.985,0.844,0.11,0.372,0.547
0.464,0.726,1.175,0.985,0.844,0.11,0.372,0.547
0.464,0.726,1.175,0.985,0.844,0.11,0.372,0.547
0.464,0.726,1.175,0.985,0.844,0.11,0.372,0.547
0.464,0.726,1.175,0.985,0.844,0.11,0.372,0.547
0.464,0.726,1.175,0.985,0.844,0.11,0.372,0.547
0.464,0.726,1.175,0.985,0.844,0.11,0.372,0.547
0.464,0.726,1.175,0.985,0.844,0.11,0.372,0.547
0.464,0.726,1.175,0.985,0.844,0.11,0.372,0.547
0.464,0.726,1.175,0.985,0.844,0.11,0.372,0.547
0.464,0.726,1.175,0.985,0.844,0.11,0.372,0.547
0.464,0.726,1.175,0.985,0.844,0.11,0.372,0.547
0.464,0.726,1.175,0.985,0.844,0.11,0.372,0.547
0.464,0.726,1.175,0.985,0.844,0.11,0.372,0.547
0.464,0.726,1.175,0.985,0.844,0.11,0.372,0.547
0.464,0.726,1.175,0.985,0.844,0.11,0.372,0.547
0.464,0.726,1.175,0.985,0.844,0.11,0.372,0.547
0.464,0.726,1.175,0.985,0.844,0.11,0.372,0.547
0.464,0.726,1.175,0.985,0.844,0.11,0.372,0.547
0.464,0.726,1.175,0.985,0.844,0.11,0.372,0.547
0.464,0.726,1.175,0.985,0.844,0.11,0.372,0.547
0.464,0.726,1.175,0.985,0.844,0.11,0.372,0.547
0.464,0.726,1.175,0.985,0.844,0.11,0.372,0.547
0.464,0.726,1.175,0.985,0.844,0.11,0.372,0.547
0.464,0.726,1.175,0.985,0.844,0.11,0.372,0.547
0.464,0.726,1.175,0.985,0.844,0.11,0.372,0.547
0.464,0.726,1.175,0.985,0.844,0.11,0.372,0.547
0.464,0.726,1.175,0.985,0.844,0.11,0.372,0.547
0.464,0.726,1.175,0.985,0.844,0.11,0.372,0.547
0.464,0.726,1.175,0.985,0.844,0.11,0.372,0.547
0.464,0.726,1.175,0.985,0.844,0.11,0.372,0.547
0.464,0.726,1.175,0.985,0.844,0.11,0.372,0.547
0.464,0.726,1.175,0.985,0.844,0.11,0.372,0.547
0.464,0.726,1.175,0.985,0.844,0.11,0.372,0.547
0.464,0.726,1.175,0.985,0.844,0.11,0.372,0.547
0.464,0.726,1.175,0.985,0.844,0.11,0.372,0.547
0.464,0.726,1.175,0.985,0.844,0.11,0.372,0.547
0.464,0.726,1.175,0.985,0.844,0.11,0.372,0.547
0.464,0.726,1.175,0.985,0.844,0.11,0.372,0.547
0.464,0.726,1.175,0.985,0.844,0.11,0.372,0.547
0.464,0.726,1.175,0.985,0.844,0.11,0.372,0.547
0.464,0.726,1.175,0.985,0.844,0.11,0.372,0.547
0.464,0.726,1.175,0.985,0.844,0.11,0.372,0.547
0.464,0.726,1.175,0.985,0.844,0.11,0.372,0.547
0.464,0.726,1.175,0.985,0.844,0.11,0.372,0.547
0.464,0.726,1.175,0.985,0.844,0.11,0.372,0.547
0.464,0.726,1.175,0.985,0.844,0.11,0.372,0.547
0.464,0.726,1.175,0.985,0.844,0.11,0.372,0.547
0.464,0.726,1.175,0.985,0.844,0.11,0.372,0.547
0.464,0.726,1.175,0.985,0.844,0.11,0.372,0.547
0.464,0.726,1.175,0.985,0.844,0.11,0.372,0.547
0.464,0.726,1.175,0.985,0.844,0.11,0.372,0.547
0.464,0.726,1.175,0.985,0.844,0.11,0.372,0.547
0.464,0.726,1.175,0.985,0.844,0.11,0.372,0.547
0.464,0.726,1.175,0.985,0.844,0.11,0.372,0.547
0.464,0.726,1.175,0.985,0.844,0.11,0.372,0.547
0.464,0.726,1.175,0.985,0.844,0.11,0.372,0.547
0.464,0.726,1.175,0.985,0.844,0.11,0.372,0.547
0.464,0.726,1.175,0.985,0.844,0.11,0.372,0.547
0.464,0.726,1.175,0.985,0.844,0.11,0.372,0.547
0.464,0.726,1.175,0.985,0.844,0.11,0.372,0.547
0.464,0.726,1.175,0.985,0.844,0.11,0.372,0.547
0.464,0.726,1.175,0.985,0.844,0.11,0.372,0.547
0.464,0.726,1.175,0.985,0.844,0.11,0.372,0.547
0.464,0.726,1.175,0.985,0.844,0.11,0.372,0.547
0.464,0.726,1.175,0.985,0.844,0.11,0.372,0.547
0.464,0.726,1.175,0.985,0.844,0.11,0.372,0.547
0.464,0.726,1.175,0.985,0.844,0.11,0.372,0.547
0.464,0.726,1.175,0.985,0.844,0.11,0.372,0.547
0.464,0.726,1.175,0.985,0.844,0.11,0.372,0.547
0.464,0.726,1.175,0.985,0.844,0.11,0.372,0.547
0.464,0.726,1.175,0.985,0.844,0.11,0.372,0.547
0.464,0.726,1.175,0.985,0.844,0.11,0.372,0.547
0.464,0.726,1.175,0.985,0.844,0.11,0.372,0.547
0.464,0.726,1.175,0.985,0.844,0.11,0.372,0.547
0.464,0.726,1.175,0.985,0.844,0.11,0.372,0.547
0.464,0.726,1.175,0.985,0.844,0.11,0.372,0.547
0.464,0.726,1.175,0.985,0.844,0.11,0.372,0.547
0.464,0.726,1.175,0.985,0.844,0.11,0.372,0.547
0.464,0.726,1.175,0.985,0.844,0.11,0.372,0.547
0.464,0.726,1.175,0.985,0.844,0.11,0.372,0.547
0.464,0.726,1.175,0.985,0.844,0.11,0.372,0.547
0.464,0.726,1.175,0.985,0.844,0.11,0.372,0.547
0.464,0.726,1.175,0.985,0.844,0.11,0.372,0.547
0.464,0.726,1.175,0.985,0.844,0.11,0.372,0.547
0.464,0.726,1.175,0.985,0.844,0.11,0.372,0.547
0.464,0.726,1.175,0.985,0.844,0.11,0.372,0.547
0.464,0.726,1.175,0.985,0.844,0.11,0.372,0.547
0.464,0.726,1.175,0.985,0.844,0.11,0.372,0.547
0.464,0.726,1.175,0.985,0.844,0.11,0.372,0.547
0.464,0.726,1.175,0.985,0.844,0.11,0.372,0.547
0.464,0.726,1.175,0.985,0.844,0.11,0.372,0.547
0.464,0.726,1.175,0.985,0.844,0.11,0.372,0.547
0.464,0.726,1.175,0.985,0.844,0.11,0.372,0.547
0.464,0.726,1.175,0.985,0.844,0.11,0.372,0.547
0.464,0.726,1.175,0.985,0.844,0.11,0.372,0.547
0.464,0.726,1.175,0.985,0.844,0.11,0.372,0.547
0.464,0.726,1.175,0.985,0.844,0.11,0.372,0.547
0.464,0.726,1.175,0.985,0.844,0.11,0.372,0.547
0.464,0.726,1.175,0.985,0.844,0.11,0.372,0.547
0.464,0.726,1.175,0.985,0.844,0.11,0.372,0.547
0.464,0.726,1.175,0.985,0.844,0.11,0.372,0.547
0.464,0.726,1.175,0.985,0.844,0.11,0.372,0.547
0.464,0.726,1.175,0.985,0.844,0.11,0.372,0.547
0.464,0.726,1.175,0.985,0.844,0.11,0.372,0.547
0.464,0.726,1.175,0.985,0.844,0.11,0.372,0.547
0.464,0.726,1.175,0.985,0.844,0.11,0.372,0.547
0.464,0.726,1.175,0.985,0.844,0.11,0.372,0.547
0.464,0.726,1.175,0.985,0.844,0.11,0.372,0.547
0.464,0.726,1.175,0.985,0.844,0.11,0.372,0.547
0.464,0.726,1.175,0.985,0.844,0.11,0.372,0.547
0.464,0.726,1.175,0.985,0.844,0.11,0.372,0.547
0.464,0.726,1.175,0.985,0.844,0.11,0.372,0.547
0.464,0.726,1.175,0.985,0.844,0.11,0.372,0.547
0.464,0.726,1.175,0.985,0.844,0.11,0.372,0.547
0.464,0.726,1.175,0.985,0.844,0.11,0.372,0.547
0.464,0.726,1.175,0.985,0.844,0.11,0.372,0.547
0.464,0.726,1.175,0.985,0.844,0.11,0.372,0.547
0.464,0.726,1.175,0.985,0.844,0.11,0.372,0.547
0.464,0.726,1.175,0.985,0.844,0.11,0.372,0.547
0.464,0.726,1.175,0.985,0.844,0.11,0.372,0.547
0.464,0.726,1.175,0.985,0.844,0.11,0.372,0.547
0.464,0.726,1.175,0.985,0.844,0.11,0.372,0.547
0.464,0.726,1.175,0.985,0.844,0.11,0.372,0.547
0.464,0.726,1.175,0.985,0.844,0.11,0.372,0.547
0.464,0.726,1.175,0.985,0.844,0.11,0.372,0.547
0.464,0.726,1.175,0.985,0.844,0.11,0.372,0.547
0.464,0.726,1.175,0.985,0.844,0.11,0.372,0.547
0.464,0.726,1.175,0.985,0.844,0.11,0.372,0.547
0.464,0.726,1.175,0.985,0.844,0.11,0.372,0.547
0.464,0.726,1.175,0.985,0.844,0.11,0.372,0.547
0.464,0.726,1.175,0.985,0.844,0.11,0.372,0.547
0.464,0.726,1.175,0.985,0.844,0.11,0.372,0.547
0.464,0.726,1.175,0.985,0.844,0.11,0.372,0.547
0.464,0.726,1.175,0.985,0.844,0.11,0.372,0.547
0.464,0.726,1.175,0.985,0.844,0.11,0.372,0.547
0.464,0.726,1.175,0.985,0.844,0.11,0.372,0.547
0.464,0.726,1.175,0.985,0.844,0.11,0.372,0.547
0.464,0.726,1.175,0.985,0.844,0.11,0.372,0.547
0.464,0.726,1.175,0.985,0.844,0.11,0.372,0.547
0.464,0.726,1.175,0.985,0.844,0.11,0.372,0.547
0.464,0.726,1.175,0.985,0.844,0.11,0.372,0.547
0.464,0.726,1.175,0.985,0.844,0.11,0.372,0.547
0.464,0.726,1.175,0.985,0.844,0.11,0.372,0.547
0.464,0.726,1.175,0.985,0.844,0.11,0.372,0.547
0.464,0.726,1.175,0.985,0.844,0.11,0.372,0.547
0.464,0.726,1.175,0.985,0.844,0.11,0.372,0.547
0.464,0.726,1.175,0.985,0.844,0.11,0.372,0.547
0.464,0.726,1.175,0.985,0.844,0.11,0.372,0.547
0.464,0.726,1.175,0.985,0.844,0.11,0.372,0.547
0.464,0.726,1.175,0.985,0.844,0.11,0.372,0.547
0.464,0.726,1.175,0.985,0.844,0.11,0.372,0.547
0.464,0.726,1.175,0.985,0.844,0.11,0.372,0.547
0.464,0.726,1.175,0.985,0.844,0.11,0.372,0.547
0.464,0.726,1.175,0.985,0.844,0.11,0.372,0.547
0.464,0.726,1.175,0.985,0.844,0.11,0.372,0.547
0.464,0.726,1.175,0.985,0.844,0.11,0.372,0.547
0.464,0.726,1.175,0.985,0.844,0.11,0.372,0.547
0.464,0.726,1.175,0.985,0.844,0.11,0.372,0.547
0.464,0.726,1.175,0.985,0.844,0.11,0.372,0.547
0.464,0.726,1.175,0.985,0.844,0.11,0.372,0.547
0.464,0.726,1.175,0.985,0.844,0.11,0.372,0.547
0.464,0.726,1.175,0.985,0.844,0.11,0.372,0.547
0.464,0.726,1.175,0.985,0.844,0.11,0.372,0.547
0.464,0.726,1.175,0.985,0.844,0.11,0.372,0.547
0.464,0.726,1.175,0.985,0.844,0.11,0.372,0.547
0.464,0.726,1.175,0.985,0.844,0.11,0.372,0.547
0.464,0.726,1.175,0.985,0.844,0.11,0.372,0.547
0.464,0.726,1.175,0.985,0.844,0.11,0.372,0.547
0.464,0.726,1.175,0.985,0.844,0.11,0.372,0.547
0.464,0.726,1.175,0.985,0.844,0.11,0.372,0.547
0.464,0.726,1.175,0.985,0.844,0.11,0.372,0.547
0.464,0.726,1.175,0.985,0.844,0.11,0.372,0.547
0.464,0.726,1.175,0.985,0.844,0.11,0.372,0.547
0.464,0.726,1.175,0.985,0.844,0.11,0.372,0.547
0.464,0.726,1.175,0.985,0.844,0.11,0.372,0.547
0.464,0.726,1.175,0.985,0.844,0.11,0.372,0.547
0.464,0.726,1.175,0.985,0.844,0.11,0.372,0.547
0.464,0.726,1.175,0.985,0.844,0.11,0.372,0.547
0.464,0.726,1.175,0.985,0.844,0.11,0.372,0.547
0.464,0.726,1.175,0.985,0.844,0.11,0.372,0.547
0.464,0.726,1.175,0.985,0.844,0.11,0.372,0.547
0.464,0.726,1.175,0.985,0.844,0.11,0.372,0.547
0.464,0.726,1.175,0.985,0.844,0.11,0.372,0.547
0.464,0.726,1.175,0.985,0.844,0.11,0.372,0.547
0.464,0.726,1.175,0.985,0.844,0.11,0.372,0.547
0.464,0.726,1.175,0.985,0.844,0.11,0.372,0.547
0.464,0.726,1.175,0.985,0.844,0.11,0.372,0.547
0.464,0.726,1.175,0.985,0.844,0.11,0.372,0.547
0.464,0.726,1.175,0.985,0.844,0.11,0.372,0.547
0.464,0.726,1.175,0.985,0.844,0.11,0.372,0.547
0.464,0.726,1.175,0.985,0.844,0.11,0.372,0.547
0.464,0.726,1.175,0.985,0.844,0.11,0.372,0.547
0.464,0.726,1.175,0.985,0.844,0.11,0.372,0.547
0.464,0.726,1.175,0.985,0.844,0.11,0.372,0.547
0.464,0.726,1.175,0.985,0.844,0.11,0.372,0.547
0.464,0.726,1.175,0.985,0.844,0.11,0.372,0.547
0.464,0.726,1.175,0.985,0.844,0.11,0.372,0.547
0.464,0.726,1.175,0.985,0.844,0.11,0.372,0.547
0.464,0.726,1.175,0.985,0.844,0.11,0.372,0.547
0.464,0.726,1.175,0.985,0.844,0.11,0.372,0.547
0.464,0.726,1.175,0.985,0.844,0.11,0.372,0.547
0.464,0.726,1.175,0.985,0.844,0.11,0.372,0.547
0.464,0.726,1.175,0.985,0.844,0.11,0.372,0.547
0.464,0.726,1.175,0.985,0.844,0.11,0.372,0.547
0.464,0.726,1.175,0.985,0.844,0.11,0.372,0.547
0.464,0.726,1.175,0.985,0.844,0.11,0.372,0.547
0.464,0.726,1.175,0.985,0.844,0.11,0.372,0.547
0.464,0.726,1.175,0.985,0.844,0.11,0.372,0.547
0.464,0.726,1.175,0.985,0.844,0.11,0.372,0.547
0.464,0.726,1.175,0.985,0.844,0.11,0.372,0.547
0.464,0.726,1.175,0.985,0.844,0.11,0.372,0.547
0.464,0.726,1.175,0.985,0.844,0.11,0.372,0.547
0.464,0.726,1.175,0.985,0.844,0.11,0.372,0.547
0.464,0.726,1.175,0.985,0.844,0.11,0.372,0.547
0.464,0.726,1.175,0.985,0.844,0.11,0.372,0.547
0.464,0.726,1.175,0.985,0.844,0.11,0.372,0.547
0.464,0.726,1.175,0.985,0.844,0.11,0.372,0.547
0.464,0.726,1.175,0.985,0.844,0.11,0.372,0.547
0.464,0.726,1.175,0.985,0.844,0.11,0.372,0.547
0.464,0.726,1.175,0.985,0.844,0.11,0.372,0.547
0.464,0.726,1.175,0.985,0.844,0.11,0.372,0.547
0.464,0.726,1.175,0.985,0.844,0.11,0.372,0.547
0.464,0.726,1.175,0.985,0.844,0.11,0.372,0.547
0.464,0.726,1.175,0.985,0.844,0.11,0.372,0.547
0.464,0.726,1.175,0.985,0.844,0.11,0.372,0.547
0.464,0.726,1.175,0.985,0.844,0.11,0.372,0.547
0.464,0.726,1.175,0.985,0.844,0.11,0.372,0.547
0.464,0.726,1.175,0.985,0.844,0.11,0.372,0.547
0.464,0.726,1.175,0.985,0.844,0.11,0.372,0.547
0.464,0.726,1.175,0.985,0.844,0.11,0.372,0.547
0.464,0.726,1.175,0.985,0.844,0.11,0.372,0.547
0.464,0.726,1.175,0.985,0.844,0.11,0.372,0.547
0.464,0.726,1.175,0.985,0.844,0.11,0.372,0.547
0.464,0.726,1.175,0.985,0.844,0.11,0.372,0.547
0.464,0.726,1.175,0.985,0.844,0.11,0.372,0.547
0.464,0.726,1.175,0.985,0.844,0.11,0.372,0.547
0.464,0.726,1.175,0.985,0.844,0.11,0.372,0.547
0.464,0.726,1.175,0.985,0.844,0.11,0.372,0.547
0.464,0.726,1.175,0.985,0.844,0.11,0.372,0.547
0.464,0.726,1.175,0.985,0.844,0.11,0.372,0.547
0.464,0.726,1.175,0.985,0.844,0.11,0.372,0.547
0.464,0.726,1.175,0.985,0.844,0.11,0.372,0.547
0.464,0.726,1.175,0.985,0.844,0.11,0.372,0.547
0.464,0.726,1.175,0.985,0.844,0.11,0.372,0.547
0.464,0.726,1.175,0.985,0.844,0.11,0.372,0.547
0.464,0.726,1.175,0.985,0.844,0.11,0.372,0.547
0.464,0.726,1.175,0.985,0.844,0.11,0.372,0.547
0.464,0.726,1.175,0.985,0.844,0.11,0.372,0.547
0.464,0.726,1.175,0.985,0.844,0.11,0.372,0.547
0.464,0.726,1.175,0.985,0.844,0.11,0.372,0.547
0.464,0.726,1.175,0.985,0.844,0.11,0.372,0.547
0.464,0.726,1.175,0.985,0.844,0.11,0.372,0.547
0.464,0.726,1.175,0.985,0.844,0.11,0.372,0.547
0.464,0.726,1.175,0.985,0.844,0.11,0.372,0.547
0.464,0.726,1.175,0.985,0.844,0.11,0.372,0.547
0.464,0.726,1.175,0.985,0.844,0.11,0.372,0.547
0.464,0.726,1.175,0.985,0.844,0.11,0.372,0.547
0.464,0.726,1.175,0.985,0.844,0.11,0.372,0.547
0.464,0.726,1.175,0.985,0.844,0.11,0.372,0.547
0.464,0.726,1.175,0.985,0.844,0.11,0.372,0.547
0.464,0.726,1.175,0.985,0.844,0.11,0.372,0.547
0.464,0.726,1.175,0.985,0.844,0.11,0.372,0.547
0.464,0.726,1.175,0.985,0.844,0.11,0.372,0.547
0.464,0.726,1.175,0.985,0.844,0.11,0.372,0.547
0.464,0.726,1.175,0.985,0.844,0.11,0.372,0.547
0.464,0.726,1.175,0.985,0.844,0.11,0.372,0.547
0.464,0.726,1.175,0.985,0.844,0.11,0.372,0.547
0.464,0.726,1.175,0.985,0.844,0.11,0.372,0.547
0.464,0.726,1.175,0.985,0.844,0.11,0.372,0.547
0.464,0.726,1.175,0.985,0.844,0.11,0.372,0.547
0.464,0.726,1.175,0.985,0.844,0.11,0.372,0.547
0.464,0.726,1.175,0.985,0.844,0.11,0.372,0.547
0.464,0.726,1.175,0.985,0.844,0.11,0.372,0.547
0.464,0.726,1.175,0.985,0.844,0.11,0.372,0.547
0.464,0.726,1.175,0.985,0.844,0.11,0.372,0.547
0.464,0.726,1.175,0.985,0.844,0.11,0.372,0.547
0.464,0.726,1.175,0.985,0.844,0.11,0.372,0.547
0.464,0.726,1.175,0.985,0.844,0.11,0.372,0.547
0.464,0.726,1.175,0.985,0.844,0.11,0.372,0.547
0.464,0.726,1.175,0.985,0.844,0.11,0.372,0.547
0.464,0.726,1.175,0.985,0.844,0.11,0.372,0.547
0.464,0.726,1.175,0.985,0.844,0.11,0.372,0.547
0.464,0.726,1.175,0.985,0.844,0.11,0.372,0.547
0.464,0.726,1.175,0.985,0.844,0.11,0.372,0.547
0.464,0.726,1.175,0.985,0.844,0.11,0.372,0.547
0.464,0.726,1.175,0.985,0.844,0.11,0.372,0.547
0.464,0.726,1.175,0.985,0.844,0.11,0.372,0.547
0.464,0.726,1.175,0.985,0.844,0.11,0.372,0.547
0.464,0.726,1.175,0.985,0.844,0.11,0.372,0.547
0.464,0.726,1.175,0.985,0.844,0.11,0.372,0.547
0.464,0.726,1.175,0.985,0.844,0.11,0.372,0.547
0.464,0.726,1.175,0.985,0.844,0.11,0.372,0.547
0.464,0.726,1.175,0.985,0.844,0.11,0.372,0.547
0.464,0.726,1.175,0.985,0.844,0.11,0.372,0.547
0.464,0.726,1.175,0.985,0.844,0.11,0.372,0.547
0.464,0.726,1.175,0.985,0.844,0.11,0.372,0.547
0.464,0.726,1.175,0.985,0.844,0.11,0.372,0.547
0.464,0.726,1.175,0.985,0.844,0.11,0.372,0.547
0.464,0.726,1.175,0.985,0.844,0.11,0.372,0.547
0.464,0.726,1.175,0.985,0.844,0.11,0.372,0.547
0.464,0.726,1.175,0.985,0.844,0.11,0.372,0.547
0.464,0.726,1.175,0.985,0.844,0.11,0.372,0.547
0.464,0.726,1.175,0.985,0.844,0.11,0.372,0.547
0.464,0.726,1.175,0.985,0.844,0.11,0.372,0.547
0.464,0.726,1.175,0.985,0.844,0.11,0.372,0.547
0.464,0.726,1.175,0.985,0.844,0.11,0.372,0.547
0.464,0.726,1.175,0.985,0.844,0.11,0.372,0.547
0.464,0.726,1.175,0.985,0.844,0.11,0.372,0.547
0.464,0.726,1.175,0.985,0.844,0.11,0.372,0.547
0.464,0.726,1.175,0.985,0.844,0.11,0.372,0.547
0.464,0.726,1.175,0.985,0.844,0.11,0.372,0.547
0.464,0.726,1.175,0.985,0.844,0.11,0.372,0.547
0.464,0.726,1.175,0.985,0.844,0.11,0.372,0.547
0.464,0.726,1.175,0.985,0.844,0.11,0.372,0.547
0.464,0.726,1.175,0.985,0.844,0.11,0.372,0.547
0.464,0.726,1.175,0.985,0.844,0.11,0.372,0.547
0.464,0.726,1.175,0.985,0.844,0.11,0.372,0.547
0.464,0.726,1.175,0.985,0.844,0.11,0.372,0.547
0.464,0.726,1.175,0.985,0.844,0.11,0.372,0.547
0.464,0.726,1.175,0.985,0.844,0.11,0.372,0.547
0.464,0.726,1.175,0.985,0.844,0.11,0.372,0.547
0.464,0.726,1.175,0.985,0.844,0.11,0.372,0.547
0.464,0.726,1.175,0.985,0.844,0.11,0.372,0.547
0.464,0.726,1.175,0.985,0.844,0.11,0.372,0.547
0.464,0.726,1.175,0.985,0.844,0.11,0.372,0.547
0.464,0.726,1.175,0.985,0.844,0.11,0.372,0.547
0.464,0.726,1.175,0.985,0.844,0.11,0.372,0.547
0.464,0.726,1.175,0.985,0.844,0.11,0.372,0.547
0.464,0.726,1.175,0.985,0.844,0.11,0.372,0.547
0.464,0.726,1.175,0.985,0.844,0.11,0.372,0.547
0.464,0.726,1.175,0.985,0.844,0.11,0.372,0.547
0.464,0.726,1.175,0.985,0.844,0.11,0.372,0.547
0.464,0.726,1.175,0.985,0.844,0.11,0.372,0.547
0.464,0.726,1.175,0.985,0.844,0.11,0.372,0.547
0.464,0.726,1.175,0.985,0.844,0.11,0.372,0.547
0.464,0.726,1.175,0.985,0.844,0.11,0.372,0.547
0.464,0.726,1.175,0.985,0.844,0.11,0.372,0.547
0.464,0.726,1.175,0.985,0.844,0.11,0.372,0.547
0.464,0.726,1.175,0.985,0.844,0.11,0.372,0.547
0.464,0.726,1.175,0.985,0.844,0.11,0.372,0.547
0.464,0.726,1.175,0.985,0.844,0.11,0.372,0.547
0.464,0.726,1.175,0.985,0.844,0.11,0.372,0.547
0.464,0.726,1.175,0.985,0.844,0.11,0.372,0.547
0.464,0.726,1.175,0.985,0.844,0.11,0.372,0.547
0.464,0.726,1.175,0.985,0.844,0.11,0.372,0.547
0.464,0.726,1.175,0.985,0.844,0.11,0.372,0.547
0.464,0.726,1.175,0.985,0.844,0.11,0.372,0.547
0.464,0.726,1.175,0.985,0.844,0.11,0.372,0.547
0.464,0.726,1.175,0.985,0.844,0.11,0.372,0.547
0.464,0.726,1.175,0.985,0.844,0.11,0.372,0.547
0.464,0.726,1.175,0.985,0.844,0.11,0.372,0.547
0.464,0.726,1.175,0.985,0.844,0.11,0.372,0.547
0.464,0.726,1.175,0.985,0.844,0.11,0.372,0.547
0.464,0.726,1.175,0.985,0.844,0.11,0.372,0.547
0.464,0.726,1.175,0.985,0.844,0.11,0.372,0.547
0.464,0.726,1.175,0.985,0.844,0.11,0.372,0.547
0.464,0.726,1.175,0.985,0.844,0.11,0.372,0.547
0.464,0.726,1.175,0.985,0.844,0.11,0.372,0.547
0.464,0.726,1.175,0.985,0.844,0.11,0.372,0.547
0.464,0.726,1.175,0.985,0.844,0.11,0.372,0.547
0.464,0.726,1.175,0.985,0.844,0.11,0.372,0.547
0.464,0.726,1.175,0.985,0.844,0.11,0.372,0.547
0.464,0.726,1.175,0.985,0.844,0.11,0.372,0.547
0.464,0.726,1.175,0.985,0.844,0.11,0.372,0.547
0.464,0.726,1.175,0.985,0.844,0.11,0.372,0.547
0.464,0.726,1.175,0.985,0.844,0.11,0.372,0.547
0.464,0.726,1.175,0.985,0.844,0.11,0.372,0.547
0.464,0.726,1.175,0.985,0.844,0.11,0.372,0.547
0.464,0.726,1.175,0.985,0.844,0.11,0.372,0.547
0.464,0.726,1.175,0.985,0.844,0.11,0.372,0.547
0.464,0.726,1.175,0.985,0.844,0.11,0.372,0.547
0.464,0.726,1.175,0.985,0.844,0.11,0.372,0.547
0.464,0.726,1.175,0.985,0.844,0.11,0.372,0.547
0.464,0.726,1.175,0.985,0.844,0.11,0.372,0.547
0.464,0.726,1.175,0.985,0.844,0.11,0.372,0.547
0.464,0.726,1.175,0.985,0.844,0.11,0.372,0.547
0.464,0.726,1.175,0.985,0.844,0.11,0.372,0.547
0.464,0.726,1.175,0.985,0.844,0.11,0.372,0.547
0.464,0.726,1.175,0.985,0.844,0.11,0.372,0.547
0.464,0.726,1.175,0.985,0.844,0.11,0.372,0.547
0.464,0.726,1.175,0.985,0.844,0.11,0.372,0.547
0.464,0.726,1.175,0.985,0.844,0.11,0.372,0.547
0.464,0.726,1.175,0.985,0.844,0.11,0.372,0.547
0.464,0.726,1.175,0.985,0.844,0.11,0.372,0.547
0.464,0.726,1.175,0.985,0.844,0.11,0.372,0.547
0.464,0.726,1.175,0.985,0.844,0.11,0.372,0.547
0.464,0.726,1.175,0.985,0.844,0.11,0.372,0.547
0.464,0.726,1.175,0.985,0.844,0.11,0.372,0.547
0.464,0.726,1.175,0.985,0.844,0.11,0.372,0.547
0.464,0.726,1.175,0.985,0.844,0.11,0.372,0.547
0.464,0.726,1.175,0.985,0.844,0.11,0.372,0.547
0.464,0.726,1.175,0.985,0.844,0.11,0.372,0.547
0.464,0.726,1.175,0.985,0.844,0.11,0.372,0.547
0.464,0.726,1.175,0.985,0.844,0.11,0.372,0.547
0.464,0.726,1.175,0.985,0.844,0.11,0.372,0.547
0.464,0.726,1.175,0.985,0.844,0.11,0.372,0.547
0.464,0.726,1.175,0.985,0.844,0.11,0.372,0.547
0.464,0.726,1.175,0.985,0.844,0.11,0.372,0.547
0.464,0.726,1.175,0.985,0.844,0.11,0.372,0.547
0.464,0.726,1.175,0.985,0.844,0.11,0.372,0.547
0.464,0.726,1.175,0.985,0.844,0.11,0.372,0.547
0.464,0.726,1.175,0.985,0.844,0.11,0.372,0.547
0.464,0.726,1.175,0.985,0.844,0.11,0.372,0.547
0.464,0.726,1.175,0.985,0.844,0.11,0.372,0.547
0.464,0.726,1.175,0.985,0.844,0.11,0.372,0.547
0.464,0.726,1.175,0.985,0.844,0.11,0.372,0.547
0.464,0.726,1.175,0.985,0.844,0.11,0.372,0.547
0.464,0.726,1.175,0.985,0.844,0.11,0.372,0.547
0.464,0.726,1.175,0.985,0.844,0.11,0.372,0.547
0.464,0.726,1.175,0.985,0.844,0.11,0.372,0.547
0.464,0.726,1.175,0.985,0.844,0.11,0.372,0.547
0.464,0.726,1.175,0.985,0.844,0.11,0.372,0.547
0.464,0.726,1.175,0.985,0.844,0.11,0.372,0.547
0.464,0.726,1.175,0.985,0.844,0.11,0.372,0.547
0.464,0.726,1.175,0.985,0.844,0.11,0.372,0.547
0.464,0.726,1.175,0.985,0.844,0.11,0.372,0.547
0.464,0.726,1.175,0.985,0.844,0.11,0.372,0.547
0.464,0.726,1.175,0.985,0.844,0.11,0.372,0.547
0.464,0.726,1.175,0.985,0.844,0.11,0.372,0.547
0.464,0.726,1.175,0.985,0.844,0.11,0.372,0.547
0.464,0.726,1.175,0.985,0.844,0.11,0.372,0.547
0.464,0.726,1.175,0.985,0.844,0.11,0.372,0.547
0.464,0.726,1.175,0.985,0.844,0.11,0.372,0.547
0.464,0.726,1.175,0.985,0.844,0.11,0.372,0.547
0.464,0.726,1.175,0.985,0.844,0.11,0.372,0.547
0.464,0.726,1.175,0.985,0.844,0.11,0.372,0.547
0.464,0.726,1.175,0.985,0.844,0.11,0.372,0.547
0.464,0.726,1.175,0.985,0.844,0.11,0.372,0.547
0.464,0.726,1.175,0.985,0.844,0.11,0.372,0.547
0.464,0.726,1.175,0.985,0.844,0.11,0.372,0.547
0.464,0.726,1.175,0.985,0.844,0.11,0.372,0.547
0.464,0.726,1.175,0.985,0.844,0.11,0.372,0.547
0.464,0.726,1.175,0.985,0.844,0.11,0.372,0.547
0.464,0.726,1.175,0.985,0.844,0.11,0.372,0.547
0.464,0.726,1.175,0.985,0.844,0.11,0.372,0.547
0.464,0.726,1.175,0.985,0.844,0.11,0.372,0.547
0.464,0.726,1.175,0.985,0.844,0.11,0.372,0.547
0.464,0.726,1.175,0.985,0.844,0.11,0.372,0.547
0.464,0.726,1.175,0.985,0.844,0.11,0.372,0.547
0.464,0.726,1.175,0.985,0.844,0.11,0.372,0.547
0.464,0.726,1.175,0.985,0.844,0.11,0.372,0.547
0.464,0.726,1.175,0.985,0.844,0.11,0.372,0.547
0.464,0.726,1.175,0.985,0.844,0.11,0.372,0.547
0.464,0.726,1.175,0.985,0.844,0.11,0.372,0.547
0.464,0.726,1.175,0.985,0.844,0.11,0.372,0.547
0.464,0.726,1.175,0.985,0.844,0.11,0.372,0.547
0.464,0.726,1.175,0.985,0.844,0.11,0.372,0.547
0.464,0.726,1.175,0.985,0.844,0.11,0.372,0.547
0.464,0.726,1.175,0.985,0.844,0.11,0.372,0.547
0.464,0.726,1.175,0.985,0.844,0.11,0.372,0.547
0.464,0.726,1.175,0.985,0.844,0.11,0.372,0.547
0.464,0.726,1.175,0.985,0.844,0.11,0.372,0.547
0.464,0.726,1.175,0.985,0.844,0.11,0.372,0.547
0.464,0.726,1.175,0.985,0.844,0.11,0.372,0.547
0.464,0.726,1.175,0.985,0.844,0.11,0.372,0.547
0.464,0.726,1.175,0.985,0.844,0.11,0.372,0.547
0.464,0.726,1.175,0.985,0.844,0.11,0.372,0.547
0.464,0.726,1.175,0.985,0.844,0.11,0.372,0.547
0.464,0.726,1.175,0.985,0.844,0.11,0.372,0.547
0.464,0.726,1.175,0.985,0.844,0.11,0.372,0.547
0.464,0.726,1.175,0.985,0.844,0.11,0.372,0.547
0.464,0.726,1.175,0.985,0.844,0.11,0.372,0.547
0.464,0.726,1.175,0.985,0.844,0.11,0.372,0.547
0.464,0.726,1.175,0.985,0.844,0.11,0.372,0.547
0.464,0.726,1.175,0.985,0.844,0.11,0.372,0.547
0.464,0.726,1.175,0.985,0.844,0.11,0.372,0.547
0.464,0.726,1.175,0.985,0.844,0.11,0.372,0.547
0.464,0.726,1.175,0.985,0.844,0.11,0.372,0.547
0.464,0.726,1.175,0.985,0.844,0.11,0.372,0.547
0.464,0.726,1.175,0.985,0.844,0.11,0.372,0.547
0.464,0.726,1.175,0.985,0.844,0.11,0.372,0.547
0.464,0.726,1.175,0.985,0.844,0.11,0.372,0.547
0.464,0.726,1.175,0.985,0.844,0.11,0.372,0.547
0.464,0.726,1.175,0.985,0.844,0.11,0.372,0.547
0.464,0.726,1.175,0.985,0.844,0.11,0.372,0.547
0.464,0.726,1.175,0.985,0.844,0.11,0.372,0.547
0.464,0.726,1.175,0.985,0.844,0.11,0.372,0.547
0.464,0.726,1.175,0.985,0.844,0.11,0.372,0.547
0.464,0.726,1.175,0.985,0.844,0.11,0.372,0.547
0.464,0.726,1.175,0.985,0.844,0.11,0.372,0.547
0.464,0.726,1.175,0.985,0.844,0.11,0.372,0.547
0.464,0.726,1.175,0.985,0.844,0.11,0.372,0.547
0.464,0.726,1.175,0.985,0.844,0.11,0.372,0.547
0.464,0.726,1.175,0.985,0.844,0.11,0.372,0.547
0.464,0.726,1.175,0.985,0.844,0.11,0.372,0.547
0.464,0.726,1.175,0.985,0.844,0.11,0.372,0.547
0.464,0.726,1.175,0.985,0.844,0.11,0.372,0.547
0.464,0.726,1.175,0.985,0.844,0.11,0.372,0.547
0.464,0.726,1.175,0.985,0.844,0.11,0.372,0.547
0.464,0.726,1.175,0.985,0.844,0.11,0.372,0.547
0.464,0.726,1.175,0.985,0.844,0.11,0.372,0.547
0.464,0.726,1.175,0.985,0.844,0.11,0.372,0.547
0.464,0.726,1.175,0.985,0.844,0.11,0.372,0.547
0.464,0.726,1.175,0.985,0.844,0.11,0.372,0.547
0.464,0.726,1.175,0.985,0.844,0.11,0.372,0.547
0.464,0.726,1.175,0.985,0.844,0.11,0.372,0.547
0.464,0.726,1.175,0.985,0.844,0.11,0.372,0.547
0.464,0.726,1.175,0.985,0.844,0.11,0.372,0.547
0.464,0.726,1.175,0.985,0.844,0.11,0.372,0.547
0.464,0.726,1.175,0.985,0.844,0.11,0.372,0.547
0.464,0.726,1.175,0.985,0.844,0.11,0.372,0.547
0.464,0.726,1.175,0.985,0.844,0.11,0.372,0.547
0.464,0.726,1.175,0.985,0.844,0.11,0.372,0.547
0.464,0.726,1.175,0.985,0.844,0.11,0.372,0.547
0.464,0.726,1.175,0.985,0.844,0.11,0.372,0.547
0.464,0.726,1.175,0.985,0.844,0.11,0.372,0.547
0.464,0.726,1.175,0.985,0.844,0.11,0.372,0.547
0.464,0.726,1.175,0.985,0.844,0.11,0.372,0.547
0.464,0.726,1.175,0.985,0.844,0.11,0.372,0.547
0.464,0.726,1.175,0.985,0.844,0.11,0.372,0.547
0.464,0.726,1.175,0.985,0.844,0.11,0.372,0.547
0.464,0.726,1.175,0.985,0.844,0.11,0.372,0.547
0.464,0.726,1.175,0.985,0.844,0.11,0.372,0.547
0.464,0.726,1.175,0.985,0.844,0.11,0.372,0.547
0.464,0.726,1.175,0.985,0.844,0.11,0.372,0.547
0.464,0.726,1.175,0.985,0.844,0.11,0.372,0.547
0.464,0.726,1.175,0.985,0.844,0.11,0.372,0.547
0.464,0.726,1.175,0.985,0.844,0.11,0.372,0.547
0.464,0.726,1.175,0.985,0.844,0.11,0.372,0.547
0.464,0.726,1.175,0.985,0.844,0.11,0.372,0.547
0.464,0.726,1.175,0.985,0.844,0.11,0.372,0.547
0.464,0.726,1.175,0.985,0.844,0.11,0.372,0.547
0.464,0.726,1.175,0.985,0.844,0.11,0.372,0.547
0.464,0.726,1.175,0.985,0.844,0.11,0.372,0.547
0.464,0.726,1.175,0.985,0.844,0.11,0.372,0.547
0.464,0.726,1.175,0.985,0.844,0.11,0.372,0.547
0.464,0.726,1.175,0.985,0.844,0.11,0.372,0.547
0.464,0.726,1.175,0.985,0.844,0.11,0.372,0.547
0.464,0.726,1.175,0.985,0.844,0.11,0.372,0.547
0.464,0.726,1.175,0.985,0.844,0.11,0.372,0.547
0.464,0.726,1.175,0.985,0.844,0.11,0.372,0.547
0.464,0.726,1.175,0.985,0.844,0.11,0.372,0.547
0.464,0.726,1.175,0.985,0.844,0.11,0.372,0.547
0.464,0.726,1.175,0.985,0.844,0.11,0.372,0.547
0.464,0.726,1.175,0.985,0.844,0.11,0.372,0.547
0.464,0.726,1.175,0.985,0.844,0.11,0.372,0.547
0.464,0.726,1.175,0.985,0.844,0.11,0.372,0.547
0.464,0.726,1.175,0.985,0.844,0.11,0.372,0.547
0.464,0.726,1.175,0.985,0.844,0.11,0.372,0.547
0.464,0.726,1.175,0.985,0.844,0.11,0.372,0.547
0.464,0.726,1.175,0.985,0.844,0.11,0.372,0.547
0.464,0.726,1.175,0.985,0.844,0.11,0.372,0.547
0.464,0.726,1.175,0.985,0.844,0.11,0.372,0.547
0.464,0.726,1.175,0.985,0.844,0.11,0.372,0.547
0.464,0.726,1.175,0.985,0.844,0.11,0.372,0.547
0.464,0.726,1.175,0.985,0.844,0.11,0.372,0.547
0.464,0.726,1.175,0.985,0.844,0.11,0.372,0.547
0.464,0.726,1.175,0.985,0.844,0.11,0.372,0.547
0.464,0.726,1.175,0.985,0.844,0.11,0.372,0.547
0.464,0.726,1.175,0.985,0.844,0.11,0.372,0.547
0.464,0.726,1.175,0.985,0.844,0.11,0.372,0.547
0.464,0.726,1.175,0.985,0.844,0.11,0.372,0.547
0.464,0.726,1.175,0.985,0.844,0.11,0.372,0.547
0.464,0.726,1.175,0.985,0.844,0.11,0.372,0.547
0.464,0.726,1.175,0.985,0.844,0.11,0.372,0.547
0.464,0.726,1.175,0.985,0.844,0.11,0.372,0.547
0.464,0.726,1.175,0.985,0.844,0.11,0.372,0.547
0.464,0.726,1.175,0.985,0.844,0.11,0.372,0.547
0.464,0.726,1.175,0.985,0.844,0.11,0.372,0.547
0.464,0.726,1.175,0.985,0.844,0.11,0.372,0.547
0.464,0.726,1.175,0.985,0.844,0.11,0.372,0.547
0.464,0.726,1.175,0.985,0.844,0.11,0.372,0.547
0.464,0.726,1.175,0.985,0.844,0.11,0.372,0.547
0.464,0.726,1.175,0.985,0.844,0.11,0.372,0.547
0.464,0.726,1.175,0.985,0.844,0.11,0.372,0.547
0.464,0.726,1.175,0.985,0.844,0.11,0.372,0.547
0.464,0.726,1.175,0.985,0.844,0.11,0.372,0.547
0.464,0.726,1.175,0.985,0.844,0.11,0.372,0.547
0.464,0.726,1.175,0.985,0.844,0.11,0.372,0.547
0.464,0.726,1.175,0.985,0.844,0.11,0.372,0.547
0.464,0.726,1.175,0.985,0.844,0.11,0.372,0.547
0.464,0.726,1.175,0.985,0.844,0.11,0.372,0.547
0.464,0.726,1.175,0.985,0.844,0.11,0.372,0.547
0.464,0.726,1.175,0.985,0.844,0.11,0.372,0.547
0.464,0.726,1.175,0.985,0.844,0.11,0.372,0.547
0.464,0.726,1.175,0.985,0.844,0.11,0.372,0.547
0.464,0.726,1.175,0.985,0.844,0.11,0.372,0.547
0.464,0.726,1.175,0.985,0.844,0.11,0.372,0.547
0.464,0.726,1.175,0.985,0.844,0.11,0.372,0.547
0.464,0.726,1.175,0.985,0.844,0.11,0.372,0.547
0.464,0.726,1.175,0.985,0.844,0.11,0.372,0.547
0.464,0.726,1.175,0.985,0.844,0.11,0.372,0.547
0.464,0.726,1.175,0.985,0.844,0.11,0.372,0.547
0.464,0.726,1.175,0.985,0.844,0.11,0.372,0.547
0.464,0.726,1.175,0.985,0.844,0.11,0.372,0.547
0.464,0.726,1.175,0.985,0.844,0.11,0.372,0.547
0.464,0.726,1.175,0.985,0.844,0.11,0.372,0.547
0.464,0.726,1.175,0.985,0.844,0.11,0.372,0.547
0.464,0.726,1.175,0.985,0.844,0.11,0.372,0.547
0.464,0.726,1.175,0.985,0.844,0.11,0.372,0.547
0.464,0.726,1.175,0.985,0.844,0.11,0.372,0.547
0.464,0.726,1.175,0.985,0.844,0.11,0.372,0.547
0.464,0.726,1.175,0.985,0.844,0.11,0.372,0.547
0.464,0.726,1.175,0.985,0.844,0.11,0.372,0.547
0.464,0.726,1.175,0.985,0.844,0.11,0.372,0.547
0.464,0.726,1.175,0.985,0.844,0.11,0.372,0.547
0.464,0.726,1.175,0.985,0.844,0.11,0.372,0.547
0.464,0.726,1.175,0.985,0.844,0.11,0.372,0.547
0.464,0.726,1.175,0.985,0.844,0.11,0.372,0.547
0.464,0.726,1.175,0.985,0.844,0.11,0.372,0.547
0.464,0.726,1.175,0.985,0.844,0.11,0.372,0.547
0.464,0.726,1.175,0.985,0.844,0.11,0.372,0.547
0.464,0.726,1.175,0.985,0.844,0.11,0.372,0.547
0.464,0.726,1.175,0.985,0.844,0.11,0.372,0.547
0.464,0.726,1.175,0.985,0.844,0.11,0.372,0.547
0.464,0.726,1.175,0.985,0.844,0.11,0.372,0.547
0.464,0.726,1.175,0.985,0.844,0.11,0.372,0.547
0.464,0.726,1.175,0.985,0.844,0.11,0.372,0.547
0.464,0.726,1.175,0.985,0.844,0.11,0.372,0.547
0.464,0.726,1.175,0.985,0.844,0.11,0.372,0.547
0.464,0.726,1.175,0.985,0.844,0.11,0.372,0.547
0.464,0.726,1.175,0.985,0.844,0.11,0.372,0.547
0.464,0.726,1.175,0.985,0.844,0.11,0.372,0.547
0.464,0.726,1.175,0.985,0.844,0.11,0.372,0.547
0.464,0.726,1.175,0.985,0.844,0.11,0.372,0.547
0.464,0.726,1.175,0.985,0.844,0.11,0.372,0.547
0.464,0.726,1.175,0.985,0.844,0.11,0.372,0.547
0.464,0.726,1.175,0.985,0.844,0.11,0.372,0.547
0.464,0.726,1.175,0.985,0.844,0.11,0.372,0.547
0.464,0.726,1.175,0.985,0.844,0.11,0.372,0.547
0.464,0.726,1.175,0.985,0.844,0.11,0.372,0.547
0.464,0.726,1.175,0.985,0.844,0.11,0.372,0.547
0.464,0.726,1.175,0.985,0.844,0.11,0.372,0.547
0.464,0.726,1.175,0.985,0.844,0.11,0.372,0.547
0.464,0.726,1.175,0.985,0.844,0.11,0.372,0.547
0.464,0.726,1.175,0.985,0.844,0.11,0.372,0.547
0.464,0.726,1.175,0.985,0.844,0.11,0.372,0.547
0.464,0.726,1.175,0.985,0.844,0.11,0.372,0.547
0.464,0.726,1.175,0.985,0.844,0.11,0.372,0.547
0.464,0.726,1.175,0.985,0.844,0.11,0.372,0.547
0.464,0.726,1.175,0.985,0.844,0.11,0.372,0.547
0.464,0.726,1.175,0.985,0.844,0.11,0.372,0.547
0.464,0.726,1.175,0.985,0.844,0.11,0.372,0.547
0.464,0.726,1.175,0.985,0.844,0.11,0.372,0.547
0.464,0.726,1.175,0.985,0.844,0.11,0.372,0.547
0.464,0.726,1.175,0.985,0.844,0.11,0.372,0.547
0.464,0.726,1.175,0.985,0.844,0.11,0.372,0.547
0.464,0.726,1.175,0.985,0.844,0.11,0.372,0.547
0.464,0.726,1.175,0.985,0.844,0.11,0.372,0.547
0.464,0.726,1.175,0.985,0.844,0.11,0.372,0.547
0.464,0.726,1.175,0.985,0.844,0.11,0.372,0.547
0.464,0.726,1.175,0.985,0.844,0.11,0.372,0.547
0.464,0.726,1.175,0.985,0.844,0.11,0.372,0.547
0.464,0.726,1.175,0.985,0.844,0.11,0.372,0.547
0.464,0.726,1.175,0.985,0.844,0.11,0.372,0.547
0.464,0.726,1.175,0.985,0.844,0.11,0.372,0.547
0.464,0.726,1.175,0.985,0.844,0.11,0.372,0.547
0.464,0.726,1.175,0.985,0.844,0.11,0.372,0.547
0.464,0.726,1.175,0.985,0.844,0.11,0.372,0.547
0.464,0.726,1.175,0.985,0.844,0.11,0.372,0.547
0.464,0.726,1.175,0.985,0.844,0.11,0.372,0.547
0.464,0.726,1.175,0.985,0.844,0.11,0.372,0.547
0.464,0.726,1.175,0.985,0.844,0.11,0.372,0.547
0.464,0.726,1.175,0.985,0.844,0.11,0.372,0.547
